1900,'20260910',553,,235364,11,,,1,104,,235365,11,,,1,65,,235366,11,,,1,25,,235367,11,,,1,55,,235368,11,,,1,17,,235369,11,,,1,20,,235370,11,,,1,20,,235371,11,,,1,60,,235372,11,,,1,20,,235373,11,,,1,66,,235374,11,,,1,30,,235375,11,,,1,80,,235376,11,,,1,95,,235377,11,,,1,95,,235378,11,,,1,100,,235379,11,,,1,105,,235380,11,,,1,40,,235381,11,,,1,65,,235382,11,,,1,24,,235383,11,,,1,20,,235384,11,,,1,55,,235385,11,,,1,15,,235386,11,,,1,15,,235387,11,,,1,56,,235388,11,,,1,15,,235389,11,,,1,19,,235390,11,,,1,15,,235391,11,,,1,55,,235392,11,,,1,16,,235393,11,,,1,90,,235394,11,,,1,97,,235395,11,,,1,95,,235396,11,,,1,100,,235397,11,,,1,156,,235398,11,,,1
1900,'20260911',553,,235399,11,,,1,104,,235400,11,,,1,65,,235401,11,,,1,25,,235402,11,,,1,55,,235403,11,,,1,17,,235404,11,,,1,20,,235405,11,,,1,20,,235406,11,,,1,60,,235407,11,,,1,20,,235408,11,,,1,66,,235409,11,,,1,30,,235410,11,,,1,80,,235411,11,,,1,95,,235412,11,,,1,95,,235413,11,,,1,100,,235414,11,,,1,105,,235415,11,,,1,40,,235416,11,,,1,65,,235417,11,,,1,24,,235418,11,,,1,20,,235419,11,,,1,55,,235420,11,,,1,15,,235421,11,,,1,15,,235422,11,,,1,56,,235423,11,,,1,15,,235424,11,,,1,19,,235425,11,,,1,15,,235426,11,,,1,55,,235427,11,,,1,16,,235428,11,,,1,90,,235429,11,,,1,97,,235430,11,,,1,95,,235431,11,,,1,100,,235432,11,,,1,156,,235433,11,,,1
1900,'20260912',658,,235434,11,,,1,100,,235435,11,,,1,100,,235436,11,,,1,148,,235437,11,,,1,99,,235438,11,,,1,105,,235439,11,,,1,105,,235440,11,,,1,100,,235441,11,,,1,100,,235442,11,,,1,30,,235443,11,,,1,70,,235444,11,,,1,30,,235445,11,,,1,70,,235446,11,,,1,30,,235447,11,,,1,70,,235448,11,,,1,30,,235449,11,,,1,70,,235450,11,,,1,30,,235451,11,,,1,65,,235452,11,,,1,100,,235453,11,,,1,95,,235454,11,,,1,96,,235455,11,,,1,57,,235456,11,,,1
1900,'20260913',658,,235457,11,,,1,100,,235458,11,,,1,100,,235459,11,,,1,148,,235460,11,,,1,99,,235461,11,,,1,105,,235462,11,,,1,105,,235463,11,,,1,100,,235464,11,,,1,100,,235465,11,,,1,30,,235466,11,,,1,70,,235467,11,,,1,30,,235468,11,,,1,70,,235469,11,,,1,30,,235470,11,,,1,70,,235471,11,,,1,30,,235472,11,,,1,70,,235473,11,,,1,30,,235474,11,,,1,65,,235475,11,,,1,100,,235476,11,,,1,95,,235477,11,,,1,96,,235478,11,,,1,57,,235479,11,,,1
1900,'20260914',553,,235480,11,,,1,104,,235481,11,,,1,65,,235482,11,,,1,25,,235483,11,,,1,55,,235484,11,,,1,17,,235485,11,,,1,20,,235486,11,,,1,20,,235487,11,,,1,60,,235488,11,,,1,20,,235489,11,,,1,66,,235490,11,,,1,30,,235491,11,,,1,80,,235492,11,,,1,95,,235493,11,,,1,95,,235494,11,,,1,100,,235495,11,,,1,105,,235496,11,,,1,40,,235497,11,,,1,65,,235498,11,,,1,24,,235499,11,,,1,20,,235500,11,,,1,55,,235501,11,,,1,15,,235502,11,,,1,15,,235503,11,,,1,56,,235504,11,,,1,15,,235505,11,,,1,19,,235506,11,,,1,15,,235507,11,,,1,55,,235508,11,,,1,16,,235509,11,,,1,90,,235510,11,,,1,97,,235511,11,,,1,95,,235512,11,,,1,100,,235513,11,,,1,156,,235514,11,,,1
1900,'20260915',553,,235515,11,,,1,104,,235516,11,,,1,65,,235517,11,,,1,25,,235518,11,,,1,55,,235519,11,,,1,17,,235520,11,,,1,20,,235521,11,,,1,20,,235522,11,,,1,60,,235523,11,,,1,20,,235524,11,,,1,66,,235525,11,,,1,30,,235526,11,,,1,80,,235527,11,,,1,95,,235528,11,,,1,95,,235529,11,,,1,100,,235530,11,,,1,105,,235531,11,,,1,40,,235532,11,,,1,65,,235533,11,,,1,24,,235534,11,,,1,20,,235535,11,,,1,55,,235536,11,,,1,15,,235537,11,,,1,15,,235538,11,,,1,56,,235539,11,,,1,15,,235540,11,,,1,19,,235541,11,,,1,15,,235542,11,,,1,55,,235543,11,,,1,16,,235544,11,,,1,90,,235545,11,,,1,97,,235546,11,,,1,95,,235547,11,,,1,100,,235548,11,,,1,156,,235549,11,,,1
1900,'20260916',553,,235550,11,,,1,104,,235551,11,,,1,65,,235552,11,,,1,25,,235553,11,,,1,55,,235554,11,,,1,17,,235555,11,,,1,20,,235556,11,,,1,20,,235557,11,,,1,60,,235558,11,,,1,20,,235559,11,,,1,66,,235560,11,,,1,30,,235561,11,,,1,80,,235562,11,,,1,95,,235563,11,,,1,95,,235564,11,,,1,100,,235565,11,,,1,105,,235566,11,,,1,40,,235567,11,,,1,65,,235568,11,,,1,24,,235569,11,,,1,20,,235570,11,,,1,55,,235571,11,,,1,15,,235572,11,,,1,15,,235573,11,,,1,56,,235574,11,,,1,15,,235575,11,,,1,19,,235576,11,,,1,15,,235577,11,,,1,55,,235578,11,,,1,16,,235579,11,,,1,90,,235580,11,,,1,97,,235581,11,,,1,95,,235582,11,,,1,100,,235583,11,,,1,156,,235584,11,,,1
1900,'20260917',553,,235585,11,,,1,104,,235586,11,,,1,65,,235587,11,,,1,25,,235588,11,,,1,55,,235589,11,,,1,17,,235590,11,,,1,20,,235591,11,,,1,20,,235592,11,,,1,60,,235593,11,,,1,20,,235594,11,,,1,66,,235595,11,,,1,30,,235596,11,,,1,80,,235597,11,,,1,95,,235598,11,,,1,95,,235599,11,,,1,100,,235600,11,,,1,105,,235601,11,,,1,40,,235602,11,,,1,65,,235603,11,,,1,24,,235604,11,,,1,20,,235605,11,,,1,55,,235606,11,,,1,15,,235607,11,,,1,15,,235608,11,,,1,56,,235609,11,,,1,15,,235610,11,,,1,19,,235611,11,,,1,15,,235612,11,,,1,55,,235613,11,,,1,16,,235614,11,,,1,90,,235615,11,,,1,97,,235616,11,,,1,95,,235617,11,,,1,100,,235618,11,,,1,156,,235619,11,,,1
1900,'20260918',553,,235620,11,,,1,104,,235621,11,,,1,65,,235622,11,,,1,25,,235623,11,,,1,55,,235624,11,,,1,17,,235625,11,,,1,20,,235626,11,,,1,20,,235627,11,,,1,60,,235628,11,,,1,20,,235629,11,,,1,66,,235630,11,,,1,30,,235631,11,,,1,80,,235632,11,,,1,95,,235633,11,,,1,95,,235634,11,,,1,100,,235635,11,,,1,105,,235636,11,,,1,40,,235637,11,,,1,65,,235638,11,,,1,24,,235639,11,,,1,20,,235640,11,,,1,55,,235641,11,,,1,15,,235642,11,,,1,15,,235643,11,,,1,56,,235644,11,,,1,15,,235645,11,,,1,19,,235646,11,,,1,15,,235647,11,,,1,55,,235648,11,,,1,16,,235649,11,,,1,90,,235650,11,,,1,97,,235651,11,,,1,95,,235652,11,,,1,100,,235653,11,,,1,156,,235654,11,,,1
1900,'20260919',658,,235655,11,,,1,100,,235656,11,,,1,100,,235657,11,,,1,148,,235658,11,,,1,99,,235659,11,,,1,105,,235660,11,,,1,105,,235661,11,,,1,100,,235662,11,,,1,100,,235663,11,,,1,30,,235664,11,,,1,70,,235665,11,,,1,30,,235666,11,,,1,70,,235667,11,,,1,30,,235668,11,,,1,70,,235669,11,,,1,30,,235670,11,,,1,70,,235671,11,,,1,30,,235672,11,,,1,65,,235673,11,,,1,100,,235674,11,,,1,95,,235675,11,,,1,96,,235676,11,,,1,57,,235677,11,,,1
1900,'20260920',658,,235678,11,,,1,100,,235679,11,,,1,100,,235680,11,,,1,148,,235681,11,,,1,99,,235682,11,,,1,105,,235683,11,,,1,105,,235684,11,,,1,100,,235685,11,,,1,100,,235686,11,,,1,30,,235687,11,,,1,70,,235688,11,,,1,30,,235689,11,,,1,70,,235690,11,,,1,30,,235691,11,,,1,70,,235692,11,,,1,30,,235693,11,,,1,70,,235694,11,,,1,30,,235695,11,,,1,65,,235696,11,,,1,100,,235697,11,,,1,95,,235698,11,,,1,96,,235699,11,,,1,57,,235700,11,,,1
1900,'20260921',553,,235701,11,,,1,104,,235702,11,,,1,65,,235703,11,,,1,25,,235704,11,,,1,55,,235705,11,,,1,17,,235706,11,,,1,20,,235707,11,,,1,20,,235708,11,,,1,60,,235709,11,,,1,20,,235710,11,,,1,66,,235711,11,,,1,30,,235712,11,,,1,80,,235713,11,,,1,95,,235714,11,,,1,95,,235715,11,,,1,100,,235716,11,,,1,105,,235717,11,,,1,40,,235718,11,,,1,65,,235719,11,,,1,24,,235720,11,,,1,20,,235721,11,,,1,55,,235722,11,,,1,15,,235723,11,,,1,15,,235724,11,,,1,56,,235725,11,,,1,15,,235726,11,,,1,19,,235727,11,,,1,15,,235728,11,,,1,55,,235729,11,,,1,16,,235730,11,,,1,90,,235731,11,,,1,97,,235732,11,,,1,95,,235733,11,,,1,100,,235734,11,,,1,156,,235735,11,,,1
1900,'20260922',553,,235736,11,,,1,104,,235737,11,,,1,65,,235738,11,,,1,25,,235739,11,,,1,55,,235740,11,,,1,17,,235741,11,,,1,20,,235742,11,,,1,20,,235743,11,,,1,60,,235744,11,,,1,20,,235745,11,,,1,66,,235746,11,,,1,30,,235747,11,,,1,80,,235748,11,,,1,95,,235749,11,,,1,95,,235750,11,,,1,100,,235751,11,,,1,105,,235752,11,,,1,40,,235753,11,,,1,65,,235754,11,,,1,24,,235755,11,,,1,20,,235756,11,,,1,55,,235757,11,,,1,15,,235758,11,,,1,15,,235759,11,,,1,56,,235760,11,,,1,15,,235761,11,,,1,19,,235762,11,,,1,15,,235763,11,,,1,55,,235764,11,,,1,16,,235765,11,,,1,90,,235766,11,,,1,97,,235767,11,,,1,95,,235768,11,,,1,100,,235769,11,,,1,156,,235770,11,,,1
1900,'20260923',553,,235771,11,,,1,104,,235772,11,,,1,65,,235773,11,,,1,25,,235774,11,,,1,55,,235775,11,,,1,17,,235776,11,,,1,20,,235777,11,,,1,20,,235778,11,,,1,60,,235779,11,,,1,20,,235780,11,,,1,66,,235781,11,,,1,30,,235782,11,,,1,80,,235783,11,,,1,95,,235784,11,,,1,95,,235785,11,,,1,100,,235786,11,,,1,105,,235787,11,,,1,40,,235788,11,,,1,65,,235789,11,,,1,24,,235790,11,,,1,20,,235791,11,,,1,55,,235792,11,,,1,15,,235793,11,,,1,15,,235794,11,,,1,56,,235795,11,,,1,15,,235796,11,,,1,19,,235797,11,,,1,15,,235798,11,,,1,55,,235799,11,,,1,16,,235800,11,,,1,90,,235801,11,,,1,97,,235802,11,,,1,95,,235803,11,,,1,100,,235804,11,,,1,156,,235805,11,,,1
1900,'20260924',553,,235806,11,,,1,104,,235807,11,,,1,65,,235808,11,,,1,25,,235809,11,,,1,55,,235810,11,,,1,17,,235811,11,,,1,20,,235812,11,,,1,20,,235813,11,,,1,60,,235814,11,,,1,20,,235815,11,,,1,66,,235816,11,,,1,30,,235817,11,,,1,80,,235818,11,,,1,95,,235819,11,,,1,95,,235820,11,,,1,100,,235821,11,,,1,105,,235822,11,,,1,40,,235823,11,,,1,65,,235824,11,,,1,24,,235825,11,,,1,20,,235826,11,,,1,55,,235827,11,,,1,15,,235828,11,,,1,15,,235829,11,,,1,56,,235830,11,,,1,15,,235831,11,,,1,19,,235832,11,,,1,15,,235833,11,,,1,55,,235834,11,,,1,16,,235835,11,,,1,90,,235836,11,,,1,97,,235837,11,,,1,95,,235838,11,,,1,100,,235839,11,,,1,156,,235840,11,,,1
1900,'20260925',553,,235841,11,,,1,104,,235842,11,,,1,65,,235843,11,,,1,25,,235844,11,,,1,55,,235845,11,,,1,17,,235846,11,,,1,20,,235847,11,,,1,20,,235848,11,,,1,60,,235849,11,,,1,20,,235850,11,,,1,66,,235851,11,,,1,30,,235852,11,,,1,80,,235853,11,,,1,95,,235854,11,,,1,95,,235855,11,,,1,100,,235856,11,,,1,105,,235857,11,,,1,40,,235858,11,,,1,65,,235859,11,,,1,24,,235860,11,,,1,20,,235861,11,,,1,55,,235862,11,,,1,15,,235863,11,,,1,15,,235864,11,,,1,56,,235865,11,,,1,15,,235866,11,,,1,19,,235867,11,,,1,15,,235868,11,,,1,55,,235869,11,,,1,16,,235870,11,,,1,90,,235871,11,,,1,97,,235872,11,,,1,95,,235873,11,,,1,100,,235874,11,,,1,156,,235875,11,,,1
1900,'20260926',658,,235876,11,,,1,100,,235877,11,,,1,100,,235878,11,,,1,148,,235879,11,,,1,99,,235880,11,,,1,105,,235881,11,,,1,105,,235882,11,,,1,100,,235883,11,,,1,100,,235884,11,,,1,30,,235885,11,,,1,70,,235886,11,,,1,30,,235887,11,,,1,70,,235888,11,,,1,30,,235889,11,,,1,70,,235890,11,,,1,30,,235891,11,,,1,70,,235892,11,,,1,30,,235893,11,,,1,65,,235894,11,,,1,100,,235895,11,,,1,95,,235896,11,,,1,96,,235897,11,,,1,57,,235898,11,,,1
1900,'20260927',658,,235899,11,,,1,100,,235900,11,,,1,100,,235901,11,,,1,148,,235902,11,,,1,99,,235903,11,,,1,105,,235904,11,,,1,105,,235905,11,,,1,100,,235906,11,,,1,100,,235907,11,,,1,30,,235908,11,,,1,70,,235909,11,,,1,30,,235910,11,,,1,70,,235911,11,,,1,30,,235912,11,,,1,70,,235913,11,,,1,30,,235914,11,,,1,70,,235915,11,,,1,30,,235916,11,,,1,65,,235917,11,,,1,100,,235918,11,,,1,95,,235919,11,,,1,96,,235920,11,,,1,57,,235921,11,,,1
1900,'20260928',553,,235922,11,,,1,104,,235923,11,,,1,65,,235924,11,,,1,25,,235925,11,,,1,55,,235926,11,,,1,17,,235927,11,,,1,20,,235928,11,,,1,20,,235929,11,,,1,60,,235930,11,,,1,20,,235931,11,,,1,66,,235932,11,,,1,30,,235933,11,,,1,80,,235934,11,,,1,95,,235935,11,,,1,95,,235936,11,,,1,100,,235937,11,,,1,105,,235938,11,,,1,40,,235939,11,,,1,65,,235940,11,,,1,24,,235941,11,,,1,20,,235942,11,,,1,55,,235943,11,,,1,15,,235944,11,,,1,15,,235945,11,,,1,56,,235946,11,,,1,15,,235947,11,,,1,19,,235948,11,,,1,15,,235949,11,,,1,55,,235950,11,,,1,16,,235951,11,,,1,90,,235952,11,,,1,97,,235953,11,,,1,95,,235954,11,,,1,100,,235955,11,,,1,156,,235956,11,,,1
1900,'20260929',553,,235957,11,,,1,104,,235958,11,,,1,65,,235959,11,,,1,25,,235960,11,,,1,55,,235961,11,,,1,17,,235962,11,,,1,20,,235963,11,,,1,20,,235964,11,,,1,60,,235965,11,,,1,20,,235966,11,,,1,66,,235967,11,,,1,30,,235968,11,,,1,80,,235969,11,,,1,95,,235970,11,,,1,95,,235971,11,,,1,100,,235972,11,,,1,105,,235973,11,,,1,40,,235974,11,,,1,65,,235975,11,,,1,24,,235976,11,,,1,20,,235977,11,,,1,55,,235978,11,,,1,15,,235979,11,,,1,15,,235980,11,,,1,56,,235981,11,,,1,15,,235982,11,,,1,19,,235983,11,,,1,15,,235984,11,,,1,55,,235985,11,,,1,16,,235986,11,,,1,90,,235987,11,,,1,97,,235988,11,,,1,95,,235989,11,,,1,100,,235990,11,,,1,156,,235991,11,,,1
1900,'20260930',553,,235992,11,,,1,104,,235993,11,,,1,65,,235994,11,,,1,25,,235995,11,,,1,55,,235996,11,,,1,17,,235997,11,,,1,20,,235998,11,,,1,20,,235999,11,,,1,60,,236000,11,,,1,20,,236001,11,,,1,66,,236002,11,,,1,30,,236003,11,,,1,80,,236004,11,,,1,95,,236005,11,,,1,95,,236006,11,,,1,100,,236007,11,,,1,105,,236008,11,,,1,40,,236009,11,,,1,65,,236010,11,,,1,24,,236011,11,,,1,20,,236012,11,,,1,55,,236013,11,,,1,15,,236014,11,,,1,15,,236015,11,,,1,56,,236016,11,,,1,15,,236017,11,,,1,19,,236018,11,,,1,15,,236019,11,,,1,55,,236020,11,,,1,16,,236021,11,,,1,90,,236022,11,,,1,97,,236023,11,,,1,95,,236024,11,,,1,100,,236025,11,,,1,156,,236026,11,,,1
1900,'20261001',553,,236027,11,,,1,104,,236028,11,,,1,65,,236029,11,,,1,25,,236030,11,,,1,55,,236031,11,,,1,17,,236032,11,,,1,20,,236033,11,,,1,20,,236034,11,,,1,60,,236035,11,,,1,20,,236036,11,,,1,66,,236037,11,,,1,30,,236038,11,,,1,80,,236039,11,,,1,95,,236040,11,,,1,95,,236041,11,,,1,100,,236042,11,,,1,105,,236043,11,,,1,40,,236044,11,,,1,65,,236045,11,,,1,24,,236046,11,,,1,20,,236047,11,,,1,55,,236048,11,,,1,15,,236049,11,,,1,15,,236050,11,,,1,56,,236051,11,,,1,15,,236052,11,,,1,19,,236053,11,,,1,15,,236054,11,,,1,55,,236055,11,,,1,16,,236056,11,,,1,90,,236057,11,,,1,97,,236058,11,,,1,95,,236059,11,,,1,100,,236060,11,,,1,156,,236061,11,,,1
1900,'20261002',553,,236062,11,,,1,104,,236063,11,,,1,65,,236064,11,,,1,25,,236065,11,,,1,55,,236066,11,,,1,17,,236067,11,,,1,20,,236068,11,,,1,20,,236069,11,,,1,60,,236070,11,,,1,20,,236071,11,,,1,66,,236072,11,,,1,30,,236073,11,,,1,80,,236074,11,,,1,95,,236075,11,,,1,95,,236076,11,,,1,100,,236077,11,,,1,105,,236078,11,,,1,40,,236079,11,,,1,65,,236080,11,,,1,24,,236081,11,,,1,20,,236082,11,,,1,55,,236083,11,,,1,15,,236084,11,,,1,15,,236085,11,,,1,56,,236086,11,,,1,15,,236087,11,,,1,19,,236088,11,,,1,15,,236089,11,,,1,55,,236090,11,,,1,16,,236091,11,,,1,90,,236092,11,,,1,97,,236093,11,,,1,95,,236094,11,,,1,100,,236095,11,,,1,156,,236096,11,,,1
1900,'20261003',658,,236097,11,,,1,100,,236098,11,,,1,100,,236099,11,,,1,148,,236100,11,,,1,99,,236101,11,,,1,105,,236102,11,,,1,105,,236103,11,,,1,100,,236104,11,,,1,100,,236105,11,,,1,30,,236106,11,,,1,70,,236107,11,,,1,30,,236108,11,,,1,70,,236109,11,,,1,30,,236110,11,,,1,70,,236111,11,,,1,30,,236112,11,,,1,70,,236113,11,,,1,30,,236114,11,,,1,65,,236115,11,,,1,100,,236116,11,,,1,95,,236117,11,,,1,96,,236118,11,,,1,57,,236119,11,,,1
1900,'20261004',658,,236120,11,,,1,100,,236121,11,,,1,100,,236122,11,,,1,148,,236123,11,,,1,99,,236124,11,,,1,105,,236125,11,,,1,105,,236126,11,,,1,100,,236127,11,,,1,100,,236128,11,,,1,30,,236129,11,,,1,70,,236130,11,,,1,30,,236131,11,,,1,70,,236132,11,,,1,30,,236133,11,,,1,70,,236134,11,,,1,30,,236135,11,,,1,70,,236136,11,,,1,30,,236137,11,,,1,65,,236138,11,,,1,100,,236139,11,,,1,95,,236140,11,,,1,96,,236141,11,,,1,57,,236142,11,,,1
1900,'20261005',553,,236143,11,,,1,104,,236144,11,,,1,65,,236145,11,,,1,25,,236146,11,,,1,55,,236147,11,,,1,17,,236148,11,,,1,20,,236149,11,,,1,20,,236150,11,,,1,60,,236151,11,,,1,20,,236152,11,,,1,66,,236153,11,,,1,30,,236154,11,,,1,80,,236155,11,,,1,95,,236156,11,,,1,95,,236157,11,,,1,100,,236158,11,,,1,105,,236159,11,,,1,40,,236160,11,,,1,65,,236161,11,,,1,24,,236162,11,,,1,20,,236163,11,,,1,55,,236164,11,,,1,15,,236165,11,,,1,15,,236166,11,,,1,56,,236167,11,,,1,15,,236168,11,,,1,19,,236169,11,,,1,15,,236170,11,,,1,55,,236171,11,,,1,16,,236172,11,,,1,90,,236173,11,,,1,97,,236174,11,,,1,95,,236175,11,,,1,100,,236176,11,,,1,156,,236177,11,,,1
1900,'20261006',553,,236178,11,,,1,104,,236179,11,,,1,65,,236180,11,,,1,25,,236181,11,,,1,55,,236182,11,,,1,17,,236183,11,,,1,20,,236184,11,,,1,20,,236185,11,,,1,60,,236186,11,,,1,20,,236187,11,,,1,66,,236188,11,,,1,30,,236189,11,,,1,80,,236190,11,,,1,95,,236191,11,,,1,95,,236192,11,,,1,100,,236193,11,,,1,105,,236194,11,,,1,40,,236195,11,,,1,65,,236196,11,,,1,24,,236197,11,,,1,20,,236198,11,,,1,55,,236199,11,,,1,15,,236200,11,,,1,15,,236201,11,,,1,56,,236202,11,,,1,15,,236203,11,,,1,19,,236204,11,,,1,15,,236205,11,,,1,55,,236206,11,,,1,16,,236207,11,,,1,90,,236208,11,,,1,97,,236209,11,,,1,95,,236210,11,,,1,100,,236211,11,,,1,156,,236212,11,,,1
1900,'20261007',553,,236213,11,,,1,104,,236214,11,,,1,65,,236215,11,,,1,25,,236216,11,,,1,55,,236217,11,,,1,17,,236218,11,,,1,20,,236219,11,,,1,20,,236220,11,,,1,60,,236221,11,,,1,20,,236222,11,,,1,66,,236223,11,,,1,30,,236224,11,,,1,80,,236225,11,,,1,95,,236226,11,,,1,95,,236227,11,,,1,100,,236228,11,,,1,105,,236229,11,,,1,40,,236230,11,,,1,65,,236231,11,,,1,24,,236232,11,,,1,20,,236233,11,,,1,55,,236234,11,,,1,15,,236235,11,,,1,15,,236236,11,,,1,56,,236237,11,,,1,15,,236238,11,,,1,19,,236239,11,,,1,15,,236240,11,,,1,55,,236241,11,,,1,16,,236242,11,,,1,90,,236243,11,,,1,97,,236244,11,,,1,95,,236245,11,,,1,100,,236246,11,,,1,156,,236247,11,,,1
1900,'20261008',553,,236248,11,,,1,104,,236249,11,,,1,65,,236250,11,,,1,25,,236251,11,,,1,55,,236252,11,,,1,17,,236253,11,,,1,20,,236254,11,,,1,20,,236255,11,,,1,60,,236256,11,,,1,20,,236257,11,,,1,66,,236258,11,,,1,30,,236259,11,,,1,80,,236260,11,,,1,95,,236261,11,,,1,95,,236262,11,,,1,100,,236263,11,,,1,105,,236264,11,,,1,40,,236265,11,,,1,65,,236266,11,,,1,24,,236267,11,,,1,20,,236268,11,,,1,55,,236269,11,,,1,15,,236270,11,,,1,15,,236271,11,,,1,56,,236272,11,,,1,15,,236273,11,,,1,19,,236274,11,,,1,15,,236275,11,,,1,55,,236276,11,,,1,16,,236277,11,,,1,90,,236278,11,,,1,97,,236279,11,,,1,95,,236280,11,,,1,100,,236281,11,,,1,156,,236282,11,,,1
1900,'20261009',553,,236283,11,,,1,104,,236284,11,,,1,65,,236285,11,,,1,25,,236286,11,,,1,55,,236287,11,,,1,17,,236288,11,,,1,20,,236289,11,,,1,20,,236290,11,,,1,60,,236291,11,,,1,20,,236292,11,,,1,66,,236293,11,,,1,30,,236294,11,,,1,80,,236295,11,,,1,95,,236296,11,,,1,95,,236297,11,,,1,100,,236298,11,,,1,105,,236299,11,,,1,40,,236300,11,,,1,65,,236301,11,,,1,24,,236302,11,,,1,20,,236303,11,,,1,55,,236304,11,,,1,15,,236305,11,,,1,15,,236306,11,,,1,56,,236307,11,,,1,15,,236308,11,,,1,19,,236309,11,,,1,15,,236310,11,,,1,55,,236311,11,,,1,16,,236312,11,,,1,90,,236313,11,,,1,97,,236314,11,,,1,95,,236315,11,,,1,100,,236316,11,,,1,156,,236317,11,,,1
1900,'20261010',658,,236318,11,,,1,100,,236319,11,,,1,100,,236320,11,,,1,148,,236321,11,,,1,99,,236322,11,,,1,105,,236323,11,,,1,105,,236324,11,,,1,100,,236325,11,,,1,100,,236326,11,,,1,30,,236327,11,,,1,70,,236328,11,,,1,30,,236329,11,,,1,70,,236330,11,,,1,30,,236331,11,,,1,70,,236332,11,,,1,30,,236333,11,,,1,70,,236334,11,,,1,30,,236335,11,,,1,65,,236336,11,,,1,100,,236337,11,,,1,95,,236338,11,,,1,96,,236339,11,,,1,57,,236340,11,,,1
1900,'20261011',658,,236341,11,,,1,100,,236342,11,,,1,100,,236343,11,,,1,148,,236344,11,,,1,99,,236345,11,,,1,105,,236346,11,,,1,105,,236347,11,,,1,100,,236348,11,,,1,100,,236349,11,,,1,30,,236350,11,,,1,70,,236351,11,,,1,30,,236352,11,,,1,70,,236353,11,,,1,30,,236354,11,,,1,70,,236355,11,,,1,30,,236356,11,,,1,70,,236357,11,,,1,30,,236358,11,,,1,65,,236359,11,,,1,100,,236360,11,,,1,95,,236361,11,,,1,96,,236362,11,,,1,57,,236363,11,,,1
1900,'20261012',658,,236364,11,,,1,100,,236365,11,,,1,100,,236366,11,,,1,148,,236367,11,,,1,99,,236368,11,,,1,105,,236369,11,,,1,105,,236370,11,,,1,100,,236371,11,,,1,100,,236372,11,,,1,30,,236373,11,,,1,70,,236374,11,,,1,30,,236375,11,,,1,70,,236376,11,,,1,30,,236377,11,,,1,70,,236378,11,,,1,30,,236379,11,,,1,70,,236380,11,,,1,30,,236381,11,,,1,65,,236382,11,,,1,100,,236383,11,,,1,95,,236384,11,,,1,96,,236385,11,,,1,57,,236386,11,,,1
1900,'20261013',553,,236387,11,,,1,104,,236388,11,,,1,65,,236389,11,,,1,25,,236390,11,,,1,55,,236391,11,,,1,17,,236392,11,,,1,20,,236393,11,,,1,20,,236394,11,,,1,60,,236395,11,,,1,20,,236396,11,,,1,66,,236397,11,,,1,30,,236398,11,,,1,80,,236399,11,,,1,95,,236400,11,,,1,95,,236401,11,,,1,100,,236402,11,,,1,105,,236403,11,,,1,40,,236404,11,,,1,65,,236405,11,,,1,24,,236406,11,,,1,20,,236407,11,,,1,55,,236408,11,,,1,15,,236409,11,,,1,15,,236410,11,,,1,56,,236411,11,,,1,15,,236412,11,,,1,19,,236413,11,,,1,15,,236414,11,,,1,55,,236415,11,,,1,16,,236416,11,,,1,90,,236417,11,,,1,97,,236418,11,,,1,95,,236419,11,,,1,100,,236420,11,,,1,156,,236421,11,,,1
1900,'20261014',553,,236422,11,,,1,104,,236423,11,,,1,65,,236424,11,,,1,25,,236425,11,,,1,55,,236426,11,,,1,17,,236427,11,,,1,20,,236428,11,,,1,20,,236429,11,,,1,60,,236430,11,,,1,20,,236431,11,,,1,66,,236432,11,,,1,30,,236433,11,,,1,80,,236434,11,,,1,95,,236435,11,,,1,95,,236436,11,,,1,100,,236437,11,,,1,105,,236438,11,,,1,40,,236439,11,,,1,65,,236440,11,,,1,24,,236441,11,,,1,20,,236442,11,,,1,55,,236443,11,,,1,15,,236444,11,,,1,15,,236445,11,,,1,56,,236446,11,,,1,15,,236447,11,,,1,19,,236448,11,,,1,15,,236449,11,,,1,55,,236450,11,,,1,16,,236451,11,,,1,90,,236452,11,,,1,97,,236453,11,,,1,95,,236454,11,,,1,100,,236455,11,,,1,156,,236456,11,,,1
1900,'20261015',553,,236457,11,,,1,104,,236458,11,,,1,65,,236459,11,,,1,25,,236460,11,,,1,55,,236461,11,,,1,17,,236462,11,,,1,20,,236463,11,,,1,20,,236464,11,,,1,60,,236465,11,,,1,20,,236466,11,,,1,66,,236467,11,,,1,30,,236468,11,,,1,80,,236469,11,,,1,95,,236470,11,,,1,95,,236471,11,,,1,100,,236472,11,,,1,105,,236473,11,,,1,40,,236474,11,,,1,65,,236475,11,,,1,24,,236476,11,,,1,20,,236477,11,,,1,55,,236478,11,,,1,15,,236479,11,,,1,15,,236480,11,,,1,56,,236481,11,,,1,15,,236482,11,,,1,19,,236483,11,,,1,15,,236484,11,,,1,55,,236485,11,,,1,16,,236486,11,,,1,90,,236487,11,,,1,97,,236488,11,,,1,95,,236489,11,,,1,100,,236490,11,,,1,156,,236491,11,,,1
1900,'20261016',553,,236492,11,,,1,104,,236493,11,,,1,65,,236494,11,,,1,25,,236495,11,,,1,55,,236496,11,,,1,17,,236497,11,,,1,20,,236498,11,,,1,20,,236499,11,,,1,60,,236500,11,,,1,20,,236501,11,,,1,66,,236502,11,,,1,30,,236503,11,,,1,80,,236504,11,,,1,95,,236505,11,,,1,95,,236506,11,,,1,100,,236507,11,,,1,105,,236508,11,,,1,40,,236509,11,,,1,65,,236510,11,,,1,24,,236511,11,,,1,20,,236512,11,,,1,55,,236513,11,,,1,15,,236514,11,,,1,15,,236515,11,,,1,56,,236516,11,,,1,15,,236517,11,,,1,19,,236518,11,,,1,15,,236519,11,,,1,55,,236520,11,,,1,16,,236521,11,,,1,90,,236522,11,,,1,97,,236523,11,,,1,95,,236524,11,,,1,100,,236525,11,,,1,156,,236526,11,,,1
1900,'20261017',658,,236527,11,,,1,100,,236528,11,,,1,100,,236529,11,,,1,148,,236530,11,,,1,99,,236531,11,,,1,105,,236532,11,,,1,105,,236533,11,,,1,100,,236534,11,,,1,100,,236535,11,,,1,30,,236536,11,,,1,70,,236537,11,,,1,30,,236538,11,,,1,70,,236539,11,,,1,30,,236540,11,,,1,70,,236541,11,,,1,30,,236542,11,,,1,70,,236543,11,,,1,30,,236544,11,,,1,65,,236545,11,,,1,100,,236546,11,,,1,95,,236547,11,,,1,96,,236548,11,,,1,57,,236549,11,,,1
1900,'20261018',658,,236550,11,,,1,100,,236551,11,,,1,100,,236552,11,,,1,148,,236553,11,,,1,99,,236554,11,,,1,105,,236555,11,,,1,105,,236556,11,,,1,100,,236557,11,,,1,100,,236558,11,,,1,30,,236559,11,,,1,70,,236560,11,,,1,30,,236561,11,,,1,70,,236562,11,,,1,30,,236563,11,,,1,70,,236564,11,,,1,30,,236565,11,,,1,70,,236566,11,,,1,30,,236567,11,,,1,65,,236568,11,,,1,100,,236569,11,,,1,95,,236570,11,,,1,96,,236571,11,,,1,57,,236572,11,,,1
1900,'20261019',553,,236573,11,,,1,104,,236574,11,,,1,65,,236575,11,,,1,25,,236576,11,,,1,55,,236577,11,,,1,17,,236578,11,,,1,20,,236579,11,,,1,20,,236580,11,,,1,60,,236581,11,,,1,20,,236582,11,,,1,66,,236583,11,,,1,30,,236584,11,,,1,80,,236585,11,,,1,95,,236586,11,,,1,95,,236587,11,,,1,100,,236588,11,,,1,105,,236589,11,,,1,40,,236590,11,,,1,65,,236591,11,,,1,24,,236592,11,,,1,20,,236593,11,,,1,55,,236594,11,,,1,15,,236595,11,,,1,15,,236596,11,,,1,56,,236597,11,,,1,15,,236598,11,,,1,19,,236599,11,,,1,15,,236600,11,,,1,55,,236601,11,,,1,16,,236602,11,,,1,90,,236603,11,,,1,97,,236604,11,,,1,95,,236605,11,,,1,100,,236606,11,,,1,156,,236607,11,,,1
1900,'20261020',553,,236608,11,,,1,104,,236609,11,,,1,65,,236610,11,,,1,25,,236611,11,,,1,55,,236612,11,,,1,17,,236613,11,,,1,20,,236614,11,,,1,20,,236615,11,,,1,60,,236616,11,,,1,20,,236617,11,,,1,66,,236618,11,,,1,30,,236619,11,,,1,80,,236620,11,,,1,95,,236621,11,,,1,95,,236622,11,,,1,100,,236623,11,,,1,105,,236624,11,,,1,40,,236625,11,,,1,65,,236626,11,,,1,24,,236627,11,,,1,20,,236628,11,,,1,55,,236629,11,,,1,15,,236630,11,,,1,15,,236631,11,,,1,56,,236632,11,,,1,15,,236633,11,,,1,19,,236634,11,,,1,15,,236635,11,,,1,55,,236636,11,,,1,16,,236637,11,,,1,90,,236638,11,,,1,97,,236639,11,,,1,95,,236640,11,,,1,100,,236641,11,,,1,156,,236642,11,,,1
1900,'20261021',553,,236643,11,,,1,104,,236644,11,,,1,65,,236645,11,,,1,25,,236646,11,,,1,55,,236647,11,,,1,17,,236648,11,,,1,20,,236649,11,,,1,20,,236650,11,,,1,60,,236651,11,,,1,20,,236652,11,,,1,66,,236653,11,,,1,30,,236654,11,,,1,80,,236655,11,,,1,95,,236656,11,,,1,95,,236657,11,,,1,100,,236658,11,,,1,105,,236659,11,,,1,40,,236660,11,,,1,65,,236661,11,,,1,24,,236662,11,,,1,20,,236663,11,,,1,55,,236664,11,,,1,15,,236665,11,,,1,15,,236666,11,,,1,56,,236667,11,,,1,15,,236668,11,,,1,19,,236669,11,,,1,15,,236670,11,,,1,55,,236671,11,,,1,16,,236672,11,,,1,90,,236673,11,,,1,97,,236674,11,,,1,95,,236675,11,,,1,100,,236676,11,,,1,156,,236677,11,,,1
1900,'20261022',553,,236678,11,,,1,104,,236679,11,,,1,65,,236680,11,,,1,25,,236681,11,,,1,55,,236682,11,,,1,17,,236683,11,,,1,20,,236684,11,,,1,20,,236685,11,,,1,60,,236686,11,,,1,20,,236687,11,,,1,66,,236688,11,,,1,30,,236689,11,,,1,80,,236690,11,,,1,95,,236691,11,,,1,95,,236692,11,,,1,100,,236693,11,,,1,105,,236694,11,,,1,40,,236695,11,,,1,65,,236696,11,,,1,24,,236697,11,,,1,20,,236698,11,,,1,55,,236699,11,,,1,15,,236700,11,,,1,15,,236701,11,,,1,56,,236702,11,,,1,15,,236703,11,,,1,19,,236704,11,,,1,15,,236705,11,,,1,55,,236706,11,,,1,16,,236707,11,,,1,90,,236708,11,,,1,97,,236709,11,,,1,95,,236710,11,,,1,100,,236711,11,,,1,156,,236712,11,,,1
1900,'20261023',553,,236713,11,,,1,104,,236714,11,,,1,65,,236715,11,,,1,25,,236716,11,,,1,55,,236717,11,,,1,17,,236718,11,,,1,20,,236719,11,,,1,20,,236720,11,,,1,60,,236721,11,,,1,20,,236722,11,,,1,66,,236723,11,,,1,30,,236724,11,,,1,80,,236725,11,,,1,95,,236726,11,,,1,95,,236727,11,,,1,100,,236728,11,,,1,105,,236729,11,,,1,40,,236730,11,,,1,65,,236731,11,,,1,24,,236732,11,,,1,20,,236733,11,,,1,55,,236734,11,,,1,15,,236735,11,,,1,15,,236736,11,,,1,56,,236737,11,,,1,15,,236738,11,,,1,19,,236739,11,,,1,15,,236740,11,,,1,55,,236741,11,,,1,16,,236742,11,,,1,90,,236743,11,,,1,97,,236744,11,,,1,95,,236745,11,,,1,100,,236746,11,,,1,156,,236747,11,,,1
1900,'20261024',658,,236748,11,,,1,100,,236749,11,,,1,100,,236750,11,,,1,148,,236751,11,,,1,99,,236752,11,,,1,105,,236753,11,,,1,105,,236754,11,,,1,100,,236755,11,,,1,100,,236756,11,,,1,30,,236757,11,,,1,70,,236758,11,,,1,30,,236759,11,,,1,70,,236760,11,,,1,30,,236761,11,,,1,70,,236762,11,,,1,30,,236763,11,,,1,70,,236764,11,,,1,30,,236765,11,,,1,65,,236766,11,,,1,100,,236767,11,,,1,95,,236768,11,,,1,96,,236769,11,,,1,57,,236770,11,,,1
1900,'20261025',658,,236771,11,,,1,100,,236772,11,,,1,100,,236773,11,,,1,148,,236774,11,,,1,99,,236775,11,,,1,105,,236776,11,,,1,105,,236777,11,,,1,100,,236778,11,,,1,100,,236779,11,,,1,30,,236780,11,,,1,70,,236781,11,,,1,30,,236782,11,,,1,70,,236783,11,,,1,30,,236784,11,,,1,70,,236785,11,,,1,30,,236786,11,,,1,70,,236787,11,,,1,30,,236788,11,,,1,65,,236789,11,,,1,100,,236790,11,,,1,95,,236791,11,,,1,96,,236792,11,,,1,57,,236793,11,,,1
1900,'20261026',553,,236794,11,,,1,104,,236795,11,,,1,65,,236796,11,,,1,25,,236797,11,,,1,55,,236798,11,,,1,17,,236799,11,,,1,20,,236800,11,,,1,20,,236801,11,,,1,60,,236802,11,,,1,20,,236803,11,,,1,66,,236804,11,,,1,30,,236805,11,,,1,80,,236806,11,,,1,95,,236807,11,,,1,95,,236808,11,,,1,100,,236809,11,,,1,105,,236810,11,,,1,40,,236811,11,,,1,65,,236812,11,,,1,24,,236813,11,,,1,20,,236814,11,,,1,55,,236815,11,,,1,15,,236816,11,,,1,15,,236817,11,,,1,56,,236818,11,,,1,15,,236819,11,,,1,19,,236820,11,,,1,15,,236821,11,,,1,55,,236822,11,,,1,16,,236823,11,,,1,90,,236824,11,,,1,97,,236825,11,,,1,95,,236826,11,,,1,100,,236827,11,,,1,156,,236828,11,,,1
1900,'20261027',553,,236829,11,,,1,104,,236830,11,,,1,65,,236831,11,,,1,25,,236832,11,,,1,55,,236833,11,,,1,17,,236834,11,,,1,20,,236835,11,,,1,20,,236836,11,,,1,60,,236837,11,,,1,20,,236838,11,,,1,66,,236839,11,,,1,30,,236840,11,,,1,80,,236841,11,,,1,95,,236842,11,,,1,95,,236843,11,,,1,100,,236844,11,,,1,105,,236845,11,,,1,40,,236846,11,,,1,65,,236847,11,,,1,24,,236848,11,,,1,20,,236849,11,,,1,55,,236850,11,,,1,15,,236851,11,,,1,15,,236852,11,,,1,56,,236853,11,,,1,15,,236854,11,,,1,19,,236855,11,,,1,15,,236856,11,,,1,55,,236857,11,,,1,16,,236858,11,,,1,90,,236859,11,,,1,97,,236860,11,,,1,95,,236861,11,,,1,100,,236862,11,,,1,156,,236863,11,,,1
1900,'20261028',553,,236864,11,,,1,104,,236865,11,,,1,65,,236866,11,,,1,25,,236867,11,,,1,55,,236868,11,,,1,17,,236869,11,,,1,20,,236870,11,,,1,20,,236871,11,,,1,60,,236872,11,,,1,20,,236873,11,,,1,66,,236874,11,,,1,30,,236875,11,,,1,80,,236876,11,,,1,95,,236877,11,,,1,95,,236878,11,,,1,100,,236879,11,,,1,105,,236880,11,,,1,40,,236881,11,,,1,65,,236882,11,,,1,24,,236883,11,,,1,20,,236884,11,,,1,55,,236885,11,,,1,15,,236886,11,,,1,15,,236887,11,,,1,56,,236888,11,,,1,15,,236889,11,,,1,19,,236890,11,,,1,15,,236891,11,,,1,55,,236892,11,,,1,16,,236893,11,,,1,90,,236894,11,,,1,97,,236895,11,,,1,95,,236896,11,,,1,100,,236897,11,,,1,156,,236898,11,,,1
1900,'20261029',553,,236899,11,,,1,104,,236900,11,,,1,65,,236901,11,,,1,25,,236902,11,,,1,55,,236903,11,,,1,17,,236904,11,,,1,20,,236905,11,,,1,20,,236906,11,,,1,60,,236907,11,,,1,20,,236908,11,,,1,66,,236909,11,,,1,30,,236910,11,,,1,80,,236911,11,,,1,95,,236912,11,,,1,95,,236913,11,,,1,100,,236914,11,,,1,105,,236915,11,,,1,40,,236916,11,,,1,65,,236917,11,,,1,24,,236918,11,,,1,20,,236919,11,,,1,55,,236920,11,,,1,15,,236921,11,,,1,15,,236922,11,,,1,56,,236923,11,,,1,15,,236924,11,,,1,19,,236925,11,,,1,15,,236926,11,,,1,55,,236927,11,,,1,16,,236928,11,,,1,90,,236929,11,,,1,97,,236930,11,,,1,95,,236931,11,,,1,100,,236932,11,,,1,156,,236933,11,,,1
1900,'20261030',553,,236934,11,,,1,104,,236935,11,,,1,65,,236936,11,,,1,25,,236937,11,,,1,55,,236938,11,,,1,17,,236939,11,,,1,20,,236940,11,,,1,20,,236941,11,,,1,60,,236942,11,,,1,20,,236943,11,,,1,66,,236944,11,,,1,30,,236945,11,,,1,80,,236946,11,,,1,95,,236947,11,,,1,95,,236948,11,,,1,100,,236949,11,,,1,105,,236950,11,,,1,40,,236951,11,,,1,65,,236952,11,,,1,24,,236953,11,,,1,20,,236954,11,,,1,55,,236955,11,,,1,15,,236956,11,,,1,15,,236957,11,,,1,56,,236958,11,,,1,15,,236959,11,,,1,19,,236960,11,,,1,15,,236961,11,,,1,55,,236962,11,,,1,16,,236963,11,,,1,90,,236964,11,,,1,97,,236965,11,,,1,95,,236966,11,,,1,100,,236967,11,,,1,156,,236968,11,,,1
1900,'20261031',658,,236969,11,,,1,100,,236970,11,,,1,100,,236971,11,,,1,148,,236972,11,,,1,99,,236973,11,,,1,105,,236974,11,,,1,105,,236975,11,,,1,100,,236976,11,,,1,100,,236977,11,,,1,30,,236978,11,,,1,70,,236979,11,,,1,30,,236980,11,,,1,70,,236981,11,,,1,30,,236982,11,,,1,70,,236983,11,,,1,30,,236984,11,,,1,70,,236985,11,,,1,30,,236986,11,,,1,65,,236987,11,,,1,100,,236988,11,,,1,95,,236989,11,,,1,96,,236990,11,,,1,57,,236991,11,,,1
1900,'20261101',658,,236992,11,,,1,100,,236993,11,,,1,100,,236994,11,,,1,148,,236995,11,,,1,99,,236996,11,,,1,105,,236997,11,,,1,105,,236998,11,,,1,100,,236999,11,,,1,100,,237000,11,,,1,30,,237001,11,,,1,70,,237002,11,,,1,30,,237003,11,,,1,70,,237004,11,,,1,30,,237005,11,,,1,70,,237006,11,,,1,30,,237007,11,,,1,70,,237008,11,,,1,30,,237009,11,,,1,65,,237010,11,,,1,100,,237011,11,,,1,95,,237012,11,,,1,96,,237013,11,,,1,57,,237014,11,,,1
1900,'20261102',553,,237015,11,,,1,104,,237016,11,,,1,65,,237017,11,,,1,25,,237018,11,,,1,55,,237019,11,,,1,17,,237020,11,,,1,20,,237021,11,,,1,20,,237022,11,,,1,60,,237023,11,,,1,20,,237024,11,,,1,66,,237025,11,,,1,30,,237026,11,,,1,80,,237027,11,,,1,95,,237028,11,,,1,95,,237029,11,,,1,100,,237030,11,,,1,105,,237031,11,,,1,40,,237032,11,,,1,65,,237033,11,,,1,24,,237034,11,,,1,20,,237035,11,,,1,55,,237036,11,,,1,15,,237037,11,,,1,15,,237038,11,,,1,56,,237039,11,,,1,15,,237040,11,,,1,19,,237041,11,,,1,15,,237042,11,,,1,55,,237043,11,,,1,16,,237044,11,,,1,90,,237045,11,,,1,97,,237046,11,,,1,95,,237047,11,,,1,100,,237048,11,,,1,156,,237049,11,,,1
1900,'20261103',553,,237050,11,,,1,104,,237051,11,,,1,65,,237052,11,,,1,25,,237053,11,,,1,55,,237054,11,,,1,17,,237055,11,,,1,20,,237056,11,,,1,20,,237057,11,,,1,60,,237058,11,,,1,20,,237059,11,,,1,66,,237060,11,,,1,30,,237061,11,,,1,80,,237062,11,,,1,95,,237063,11,,,1,95,,237064,11,,,1,100,,237065,11,,,1,105,,237066,11,,,1,40,,237067,11,,,1,65,,237068,11,,,1,24,,237069,11,,,1,20,,237070,11,,,1,55,,237071,11,,,1,15,,237072,11,,,1,15,,237073,11,,,1,56,,237074,11,,,1,15,,237075,11,,,1,19,,237076,11,,,1,15,,237077,11,,,1,55,,237078,11,,,1,16,,237079,11,,,1,90,,237080,11,,,1,97,,237081,11,,,1,95,,237082,11,,,1,100,,237083,11,,,1,156,,237084,11,,,1
1900,'20261104',553,,237085,11,,,1,104,,237086,11,,,1,65,,237087,11,,,1,25,,237088,11,,,1,55,,237089,11,,,1,17,,237090,11,,,1,20,,237091,11,,,1,20,,237092,11,,,1,60,,237093,11,,,1,20,,237094,11,,,1,66,,237095,11,,,1,30,,237096,11,,,1,80,,237097,11,,,1,95,,237098,11,,,1,95,,237099,11,,,1,100,,237100,11,,,1,105,,237101,11,,,1,40,,237102,11,,,1,65,,237103,11,,,1,24,,237104,11,,,1,20,,237105,11,,,1,55,,237106,11,,,1,15,,237107,11,,,1,15,,237108,11,,,1,56,,237109,11,,,1,15,,237110,11,,,1,19,,237111,11,,,1,15,,237112,11,,,1,55,,237113,11,,,1,16,,237114,11,,,1,90,,237115,11,,,1,97,,237116,11,,,1,95,,237117,11,,,1,100,,237118,11,,,1,156,,237119,11,,,1
1900,'20261105',553,,237120,11,,,1,104,,237121,11,,,1,65,,237122,11,,,1,25,,237123,11,,,1,55,,237124,11,,,1,17,,237125,11,,,1,20,,237126,11,,,1,20,,237127,11,,,1,60,,237128,11,,,1,20,,237129,11,,,1,66,,237130,11,,,1,30,,237131,11,,,1,80,,237132,11,,,1,95,,237133,11,,,1,95,,237134,11,,,1,100,,237135,11,,,1,105,,237136,11,,,1,40,,237137,11,,,1,65,,237138,11,,,1,24,,237139,11,,,1,20,,237140,11,,,1,55,,237141,11,,,1,15,,237142,11,,,1,15,,237143,11,,,1,56,,237144,11,,,1,15,,237145,11,,,1,19,,237146,11,,,1,15,,237147,11,,,1,55,,237148,11,,,1,16,,237149,11,,,1,90,,237150,11,,,1,97,,237151,11,,,1,95,,237152,11,,,1,100,,237153,11,,,1,156,,237154,11,,,1
1900,'20261106',553,,237155,11,,,1,104,,237156,11,,,1,65,,237157,11,,,1,25,,237158,11,,,1,55,,237159,11,,,1,17,,237160,11,,,1,20,,237161,11,,,1,20,,237162,11,,,1,60,,237163,11,,,1,20,,237164,11,,,1,66,,237165,11,,,1,30,,237166,11,,,1,80,,237167,11,,,1,95,,237168,11,,,1,95,,237169,11,,,1,100,,237170,11,,,1,105,,237171,11,,,1,40,,237172,11,,,1,65,,237173,11,,,1,24,,237174,11,,,1,20,,237175,11,,,1,55,,237176,11,,,1,15,,237177,11,,,1,15,,237178,11,,,1,56,,237179,11,,,1,15,,237180,11,,,1,19,,237181,11,,,1,15,,237182,11,,,1,55,,237183,11,,,1,16,,237184,11,,,1,90,,237185,11,,,1,97,,237186,11,,,1,95,,237187,11,,,1,100,,237188,11,,,1,156,,237189,11,,,1
1900,'20261107',658,,237190,11,,,1,100,,237191,11,,,1,100,,237192,11,,,1,148,,237193,11,,,1,99,,237194,11,,,1,105,,237195,11,,,1,105,,237196,11,,,1,100,,237197,11,,,1,100,,237198,11,,,1,30,,237199,11,,,1,70,,237200,11,,,1,30,,237201,11,,,1,70,,237202,11,,,1,30,,237203,11,,,1,70,,237204,11,,,1,30,,237205,11,,,1,70,,237206,11,,,1,30,,237207,11,,,1,65,,237208,11,,,1,100,,237209,11,,,1,95,,237210,11,,,1,96,,237211,11,,,1,57,,237212,11,,,1
1900,'20261108',658,,237213,11,,,1,100,,237214,11,,,1,100,,237215,11,,,1,148,,237216,11,,,1,99,,237217,11,,,1,105,,237218,11,,,1,105,,237219,11,,,1,100,,237220,11,,,1,100,,237221,11,,,1,30,,237222,11,,,1,70,,237223,11,,,1,30,,237224,11,,,1,70,,237225,11,,,1,30,,237226,11,,,1,70,,237227,11,,,1,30,,237228,11,,,1,70,,237229,11,,,1,30,,237230,11,,,1,65,,237231,11,,,1,100,,237232,11,,,1,95,,237233,11,,,1,96,,237234,11,,,1,57,,237235,11,,,1
1900,'20261109',553,,237236,11,,,1,104,,237237,11,,,1,65,,237238,11,,,1,25,,237239,11,,,1,55,,237240,11,,,1,17,,237241,11,,,1,20,,237242,11,,,1,20,,237243,11,,,1,60,,237244,11,,,1,20,,237245,11,,,1,66,,237246,11,,,1,30,,237247,11,,,1,80,,237248,11,,,1,95,,237249,11,,,1,95,,237250,11,,,1,100,,237251,11,,,1,105,,237252,11,,,1,40,,237253,11,,,1,65,,237254,11,,,1,24,,237255,11,,,1,20,,237256,11,,,1,55,,237257,11,,,1,15,,237258,11,,,1,15,,237259,11,,,1,56,,237260,11,,,1,15,,237261,11,,,1,19,,237262,11,,,1,15,,237263,11,,,1,55,,237264,11,,,1,16,,237265,11,,,1,90,,237266,11,,,1,97,,237267,11,,,1,95,,237268,11,,,1,100,,237269,11,,,1,156,,237270,11,,,1
1900,'20261110',553,,237271,11,,,1,104,,237272,11,,,1,65,,237273,11,,,1,25,,237274,11,,,1,55,,237275,11,,,1,17,,237276,11,,,1,20,,237277,11,,,1,20,,237278,11,,,1,60,,237279,11,,,1,20,,237280,11,,,1,66,,237281,11,,,1,30,,237282,11,,,1,80,,237283,11,,,1,95,,237284,11,,,1,95,,237285,11,,,1,100,,237286,11,,,1,105,,237287,11,,,1,40,,237288,11,,,1,65,,237289,11,,,1,24,,237290,11,,,1,20,,237291,11,,,1,55,,237292,11,,,1,15,,237293,11,,,1,15,,237294,11,,,1,56,,237295,11,,,1,15,,237296,11,,,1,19,,237297,11,,,1,15,,237298,11,,,1,55,,237299,11,,,1,16,,237300,11,,,1,90,,237301,11,,,1,97,,237302,11,,,1,95,,237303,11,,,1,100,,237304,11,,,1,156,,237305,11,,,1
1900,'20261111',553,,237306,11,,,1,104,,237307,11,,,1,65,,237308,11,,,1,25,,237309,11,,,1,55,,237310,11,,,1,17,,237311,11,,,1,20,,237312,11,,,1,20,,237313,11,,,1,60,,237314,11,,,1,20,,237315,11,,,1,66,,237316,11,,,1,30,,237317,11,,,1,80,,237318,11,,,1,95,,237319,11,,,1,95,,237320,11,,,1,100,,237321,11,,,1,105,,237322,11,,,1,40,,237323,11,,,1,65,,237324,11,,,1,24,,237325,11,,,1,20,,237326,11,,,1,55,,237327,11,,,1,15,,237328,11,,,1,15,,237329,11,,,1,56,,237330,11,,,1,15,,237331,11,,,1,19,,237332,11,,,1,15,,237333,11,,,1,55,,237334,11,,,1,16,,237335,11,,,1,90,,237336,11,,,1,97,,237337,11,,,1,95,,237338,11,,,1,100,,237339,11,,,1,156,,237340,11,,,1
1900,'20261112',553,,237341,11,,,1,104,,237342,11,,,1,65,,237343,11,,,1,25,,237344,11,,,1,55,,237345,11,,,1,17,,237346,11,,,1,20,,237347,11,,,1,20,,237348,11,,,1,60,,237349,11,,,1,20,,237350,11,,,1,66,,237351,11,,,1,30,,237352,11,,,1,80,,237353,11,,,1,95,,237354,11,,,1,95,,237355,11,,,1,100,,237356,11,,,1,105,,237357,11,,,1,40,,237358,11,,,1,65,,237359,11,,,1,24,,237360,11,,,1,20,,237361,11,,,1,55,,237362,11,,,1,15,,237363,11,,,1,15,,237364,11,,,1,56,,237365,11,,,1,15,,237366,11,,,1,19,,237367,11,,,1,15,,237368,11,,,1,55,,237369,11,,,1,16,,237370,11,,,1,90,,237371,11,,,1,97,,237372,11,,,1,95,,237373,11,,,1,100,,237374,11,,,1,156,,237375,11,,,1
1900,'20261113',553,,237376,11,,,1,104,,237377,11,,,1,65,,237378,11,,,1,25,,237379,11,,,1,55,,237380,11,,,1,17,,237381,11,,,1,20,,237382,11,,,1,20,,237383,11,,,1,60,,237384,11,,,1,20,,237385,11,,,1,66,,237386,11,,,1,30,,237387,11,,,1,80,,237388,11,,,1,95,,237389,11,,,1,95,,237390,11,,,1,100,,237391,11,,,1,105,,237392,11,,,1,40,,237393,11,,,1,65,,237394,11,,,1,24,,237395,11,,,1,20,,237396,11,,,1,55,,237397,11,,,1,15,,237398,11,,,1,15,,237399,11,,,1,56,,237400,11,,,1,15,,237401,11,,,1,19,,237402,11,,,1,15,,237403,11,,,1,55,,237404,11,,,1,16,,237405,11,,,1,90,,237406,11,,,1,97,,237407,11,,,1,95,,237408,11,,,1,100,,237409,11,,,1,156,,237410,11,,,1
1900,'20261114',658,,237411,11,,,1,100,,237412,11,,,1,100,,237413,11,,,1,148,,237414,11,,,1,99,,237415,11,,,1,105,,237416,11,,,1,105,,237417,11,,,1,100,,237418,11,,,1,100,,237419,11,,,1,30,,237420,11,,,1,70,,237421,11,,,1,30,,237422,11,,,1,70,,237423,11,,,1,30,,237424,11,,,1,70,,237425,11,,,1,30,,237426,11,,,1,70,,237427,11,,,1,30,,237428,11,,,1,65,,237429,11,,,1,100,,237430,11,,,1,95,,237431,11,,,1,96,,237432,11,,,1,57,,237433,11,,,1
1900,'20261115',658,,237434,11,,,1,100,,237435,11,,,1,100,,237436,11,,,1,148,,237437,11,,,1,99,,237438,11,,,1,105,,237439,11,,,1,105,,237440,11,,,1,100,,237441,11,,,1,100,,237442,11,,,1,30,,237443,11,,,1,70,,237444,11,,,1,30,,237445,11,,,1,70,,237446,11,,,1,30,,237447,11,,,1,70,,237448,11,,,1,30,,237449,11,,,1,70,,237450,11,,,1,30,,237451,11,,,1,65,,237452,11,,,1,100,,237453,11,,,1,95,,237454,11,,,1,96,,237455,11,,,1,57,,237456,11,,,1
1900,'20261116',553,,237457,11,,,1,104,,237458,11,,,1,65,,237459,11,,,1,25,,237460,11,,,1,55,,237461,11,,,1,17,,237462,11,,,1,20,,237463,11,,,1,20,,237464,11,,,1,60,,237465,11,,,1,20,,237466,11,,,1,66,,237467,11,,,1,30,,237468,11,,,1,80,,237469,11,,,1,95,,237470,11,,,1,95,,237471,11,,,1,100,,237472,11,,,1,105,,237473,11,,,1,40,,237474,11,,,1,65,,237475,11,,,1,24,,237476,11,,,1,20,,237477,11,,,1,55,,237478,11,,,1,15,,237479,11,,,1,15,,237480,11,,,1,56,,237481,11,,,1,15,,237482,11,,,1,19,,237483,11,,,1,15,,237484,11,,,1,55,,237485,11,,,1,16,,237486,11,,,1,90,,237487,11,,,1,97,,237488,11,,,1,95,,237489,11,,,1,100,,237490,11,,,1,156,,237491,11,,,1
1900,'20261117',553,,237492,11,,,1,104,,237493,11,,,1,65,,237494,11,,,1,25,,237495,11,,,1,55,,237496,11,,,1,17,,237497,11,,,1,20,,237498,11,,,1,20,,237499,11,,,1,60,,237500,11,,,1,20,,237501,11,,,1,66,,237502,11,,,1,30,,237503,11,,,1,80,,237504,11,,,1,95,,237505,11,,,1,95,,237506,11,,,1,100,,237507,11,,,1,105,,237508,11,,,1,40,,237509,11,,,1,65,,237510,11,,,1,24,,237511,11,,,1,20,,237512,11,,,1,55,,237513,11,,,1,15,,237514,11,,,1,15,,237515,11,,,1,56,,237516,11,,,1,15,,237517,11,,,1,19,,237518,11,,,1,15,,237519,11,,,1,55,,237520,11,,,1,16,,237521,11,,,1,90,,237522,11,,,1,97,,237523,11,,,1,95,,237524,11,,,1,100,,237525,11,,,1,156,,237526,11,,,1
1900,'20261118',553,,237527,11,,,1,104,,237528,11,,,1,65,,237529,11,,,1,25,,237530,11,,,1,55,,237531,11,,,1,17,,237532,11,,,1,20,,237533,11,,,1,20,,237534,11,,,1,60,,237535,11,,,1,20,,237536,11,,,1,66,,237537,11,,,1,30,,237538,11,,,1,80,,237539,11,,,1,95,,237540,11,,,1,95,,237541,11,,,1,100,,237542,11,,,1,105,,237543,11,,,1,40,,237544,11,,,1,65,,237545,11,,,1,24,,237546,11,,,1,20,,237547,11,,,1,55,,237548,11,,,1,15,,237549,11,,,1,15,,237550,11,,,1,56,,237551,11,,,1,15,,237552,11,,,1,19,,237553,11,,,1,15,,237554,11,,,1,55,,237555,11,,,1,16,,237556,11,,,1,90,,237557,11,,,1,97,,237558,11,,,1,95,,237559,11,,,1,100,,237560,11,,,1,156,,237561,11,,,1
1900,'20261119',553,,237562,11,,,1,104,,237563,11,,,1,65,,237564,11,,,1,25,,237565,11,,,1,55,,237566,11,,,1,17,,237567,11,,,1,20,,237568,11,,,1,20,,237569,11,,,1,60,,237570,11,,,1,20,,237571,11,,,1,66,,237572,11,,,1,30,,237573,11,,,1,80,,237574,11,,,1,95,,237575,11,,,1,95,,237576,11,,,1,100,,237577,11,,,1,105,,237578,11,,,1,40,,237579,11,,,1,65,,237580,11,,,1,24,,237581,11,,,1,20,,237582,11,,,1,55,,237583,11,,,1,15,,237584,11,,,1,15,,237585,11,,,1,56,,237586,11,,,1,15,,237587,11,,,1,19,,237588,11,,,1,15,,237589,11,,,1,55,,237590,11,,,1,16,,237591,11,,,1,90,,237592,11,,,1,97,,237593,11,,,1,95,,237594,11,,,1,100,,237595,11,,,1,156,,237596,11,,,1
1900,'20261120',553,,237597,11,,,1,104,,237598,11,,,1,65,,237599,11,,,1,25,,237600,11,,,1,55,,237601,11,,,1,17,,237602,11,,,1,20,,237603,11,,,1,20,,237604,11,,,1,60,,237605,11,,,1,20,,237606,11,,,1,66,,237607,11,,,1,30,,237608,11,,,1,80,,237609,11,,,1,95,,237610,11,,,1,95,,237611,11,,,1,100,,237612,11,,,1,105,,237613,11,,,1,40,,237614,11,,,1,65,,237615,11,,,1,24,,237616,11,,,1,20,,237617,11,,,1,55,,237618,11,,,1,15,,237619,11,,,1,15,,237620,11,,,1,56,,237621,11,,,1,15,,237622,11,,,1,19,,237623,11,,,1,15,,237624,11,,,1,55,,237625,11,,,1,16,,237626,11,,,1,90,,237627,11,,,1,97,,237628,11,,,1,95,,237629,11,,,1,100,,237630,11,,,1,156,,237631,11,,,1
1900,'20261121',658,,237632,11,,,1,100,,237633,11,,,1,100,,237634,11,,,1,148,,237635,11,,,1,99,,237636,11,,,1,105,,237637,11,,,1,105,,237638,11,,,1,100,,237639,11,,,1,100,,237640,11,,,1,30,,237641,11,,,1,70,,237642,11,,,1,30,,237643,11,,,1,70,,237644,11,,,1,30,,237645,11,,,1,70,,237646,11,,,1,30,,237647,11,,,1,70,,237648,11,,,1,30,,237649,11,,,1,65,,237650,11,,,1,100,,237651,11,,,1,95,,237652,11,,,1,96,,237653,11,,,1,57,,237654,11,,,1
1900,'20261122',658,,237655,11,,,1,100,,237656,11,,,1,100,,237657,11,,,1,148,,237658,11,,,1,99,,237659,11,,,1,105,,237660,11,,,1,105,,237661,11,,,1,100,,237662,11,,,1,100,,237663,11,,,1,30,,237664,11,,,1,70,,237665,11,,,1,30,,237666,11,,,1,70,,237667,11,,,1,30,,237668,11,,,1,70,,237669,11,,,1,30,,237670,11,,,1,70,,237671,11,,,1,30,,237672,11,,,1,65,,237673,11,,,1,100,,237674,11,,,1,95,,237675,11,,,1,96,,237676,11,,,1,57,,237677,11,,,1
1900,'20261123',553,,237678,11,,,1,104,,237679,11,,,1,65,,237680,11,,,1,25,,237681,11,,,1,55,,237682,11,,,1,17,,237683,11,,,1,20,,237684,11,,,1,20,,237685,11,,,1,60,,237686,11,,,1,20,,237687,11,,,1,66,,237688,11,,,1,30,,237689,11,,,1,80,,237690,11,,,1,95,,237691,11,,,1,95,,237692,11,,,1,100,,237693,11,,,1,105,,237694,11,,,1,40,,237695,11,,,1,65,,237696,11,,,1,24,,237697,11,,,1,20,,237698,11,,,1,55,,237699,11,,,1,15,,237700,11,,,1,15,,237701,11,,,1,56,,237702,11,,,1,15,,237703,11,,,1,19,,237704,11,,,1,15,,237705,11,,,1,55,,237706,11,,,1,16,,237707,11,,,1,90,,237708,11,,,1,97,,237709,11,,,1,95,,237710,11,,,1,100,,237711,11,,,1,156,,237712,11,,,1
1900,'20261124',553,,237713,11,,,1,104,,237714,11,,,1,65,,237715,11,,,1,25,,237716,11,,,1,55,,237717,11,,,1,17,,237718,11,,,1,20,,237719,11,,,1,20,,237720,11,,,1,60,,237721,11,,,1,20,,237722,11,,,1,66,,237723,11,,,1,30,,237724,11,,,1,80,,237725,11,,,1,95,,237726,11,,,1,95,,237727,11,,,1,100,,237728,11,,,1,105,,237729,11,,,1,40,,237730,11,,,1,65,,237731,11,,,1,24,,237732,11,,,1,20,,237733,11,,,1,55,,237734,11,,,1,15,,237735,11,,,1,15,,237736,11,,,1,56,,237737,11,,,1,15,,237738,11,,,1,19,,237739,11,,,1,15,,237740,11,,,1,55,,237741,11,,,1,16,,237742,11,,,1,90,,237743,11,,,1,97,,237744,11,,,1,95,,237745,11,,,1,100,,237746,11,,,1,156,,237747,11,,,1
1900,'20261125',553,,237748,11,,,1,104,,237749,11,,,1,65,,237750,11,,,1,25,,237751,11,,,1,55,,237752,11,,,1,17,,237753,11,,,1,20,,237754,11,,,1,20,,237755,11,,,1,60,,237756,11,,,1,20,,237757,11,,,1,66,,237758,11,,,1,30,,237759,11,,,1,80,,237760,11,,,1,95,,237761,11,,,1,95,,237762,11,,,1,100,,237763,11,,,1,105,,237764,11,,,1,40,,237765,11,,,1,65,,237766,11,,,1,24,,237767,11,,,1,20,,237768,11,,,1,55,,237769,11,,,1,15,,237770,11,,,1,15,,237771,11,,,1,56,,237772,11,,,1,15,,237773,11,,,1,19,,237774,11,,,1,15,,237775,11,,,1,55,,237776,11,,,1,16,,237777,11,,,1,90,,237778,11,,,1,97,,237779,11,,,1,95,,237780,11,,,1,100,,237781,11,,,1,156,,237782,11,,,1
1900,'20261126',553,,237783,11,,,1,104,,237784,11,,,1,65,,237785,11,,,1,25,,237786,11,,,1,55,,237787,11,,,1,17,,237788,11,,,1,20,,237789,11,,,1,20,,237790,11,,,1,60,,237791,11,,,1,20,,237792,11,,,1,66,,237793,11,,,1,30,,237794,11,,,1,80,,237795,11,,,1,95,,237796,11,,,1,95,,237797,11,,,1,100,,237798,11,,,1,105,,237799,11,,,1,40,,237800,11,,,1,65,,237801,11,,,1,24,,237802,11,,,1,20,,237803,11,,,1,55,,237804,11,,,1,15,,237805,11,,,1,15,,237806,11,,,1,56,,237807,11,,,1,15,,237808,11,,,1,19,,237809,11,,,1,15,,237810,11,,,1,55,,237811,11,,,1,16,,237812,11,,,1,90,,237813,11,,,1,97,,237814,11,,,1,95,,237815,11,,,1,100,,237816,11,,,1,156,,237817,11,,,1
1900,'20261127',553,,237818,11,,,1,104,,237819,11,,,1,65,,237820,11,,,1,25,,237821,11,,,1,55,,237822,11,,,1,17,,237823,11,,,1,20,,237824,11,,,1,20,,237825,11,,,1,60,,237826,11,,,1,20,,237827,11,,,1,66,,237828,11,,,1,30,,237829,11,,,1,80,,237830,11,,,1,95,,237831,11,,,1,95,,237832,11,,,1,100,,237833,11,,,1,105,,237834,11,,,1,40,,237835,11,,,1,65,,237836,11,,,1,24,,237837,11,,,1,20,,237838,11,,,1,55,,237839,11,,,1,15,,237840,11,,,1,15,,237841,11,,,1,56,,237842,11,,,1,15,,237843,11,,,1,19,,237844,11,,,1,15,,237845,11,,,1,55,,237846,11,,,1,16,,237847,11,,,1,90,,237848,11,,,1,97,,237849,11,,,1,95,,237850,11,,,1,100,,237851,11,,,1,156,,237852,11,,,1
2700,'20260910',613,,254534,37,0,7 6,1,30,,254535,37,0,7 6,1,69,,254536,38,0,57 6,1,25,,254537,38,0,57 6,1,20,,254538,38,0,57 6,1,72,,254539,38,0,57 6,1,25,,254540,38,0,57 6,1,75,,254541,38,0,57 6,1,30,,254542,37,0,7 6,1,91,,254543,37,0,7 6,1,100,,254544,37,0,7 6,1,100,,254545,15,0,5 6,1,105,,254546,15,0,5 6,1,145,,254547,15,0,5 6,1,109,,254548,16,0,34 6,1,25,,254549,38,0,57 6,1,75,,254550,38,0,57 6,1,30,,254551,38,0,57 6,1,20,,254552,16,0,34 6,1,55,,254553,38,0,57 6,1,10,,254554,16,0,34 6,1,20,,254555,38,0,57 6,1,70,,254556,38,0,57 6,1,41,,254557,37,0,7 6,1,97,,254558,15,0,5 6,1,100,,254559,15,0,5 6,1,196,,254560,15,0,5 6,1
2700,'20260911',613,,254561,37,0,7 6,1,30,,254562,37,0,7 6,1,69,,254563,38,0,57 6,1,25,,254564,38,0,57 6,1,20,,254565,38,0,57 6,1,72,,254566,38,0,57 6,1,25,,254567,38,0,57 6,1,75,,254568,38,0,57 6,1,30,,254569,37,0,7 6,1,91,,254570,37,0,7 6,1,100,,254571,37,0,7 6,1,100,,254572,15,0,5 6,1,105,,254573,15,0,5 6,1,145,,254574,15,0,5 6,1,109,,254575,16,0,34 6,1,25,,254576,38,0,57 6,1,75,,254577,38,0,57 6,1,30,,254578,38,0,57 6,1,20,,254579,16,0,34 6,1,55,,254580,38,0,57 6,1,10,,254581,16,0,34 6,1,20,,254582,38,0,57 6,1,70,,254583,38,0,57 6,1,41,,254584,37,0,7 6,1,97,,254585,15,0,5 6,1,100,,254586,15,0,5 6,1,196,,254587,15,0,5 6,1
2700,'20260912',638,,254588,37,0,7 6,1,105,,254589,15,0,5 6,1,100,,254590,15,0,5 6,1,103,,254591,15,0,5 6,1,104,,254592,15,0,5 6,1,105,,254593,15,0,5 6,1,145,,254594,15,0,5 6,1,100,,254595,15,0,5 6,1,100,,254596,15,0,5 6,1,105,,254597,15,0,5 6,1,100,,254598,15,0,5 6,1,100,,254599,15,0,5 6,1,95,,254600,15,0,5 6,1,100,,254601,15,0,5 6,1,55,,254602,15,0,5 6,1,95,,254603,15,0,5 6,1,193,,254604,15,0,5 6,1
2700,'20260913',638,,254605,37,0,7 6,1,105,,254606,15,0,5 6,1,100,,254607,15,0,5 6,1,103,,254608,15,0,5 6,1,104,,254609,15,0,5 6,1,105,,254610,15,0,5 6,1,145,,254611,15,0,5 6,1,100,,254612,15,0,5 6,1,100,,254613,15,0,5 6,1,105,,254614,15,0,5 6,1,100,,254615,15,0,5 6,1,100,,254616,15,0,5 6,1,95,,254617,15,0,5 6,1,100,,254618,15,0,5 6,1,55,,254619,15,0,5 6,1,95,,254620,15,0,5 6,1,193,,254621,15,0,5 6,1
2700,'20260914',613,,254622,37,0,7 6,1,30,,254623,37,0,7 6,1,69,,254624,38,0,57 6,1,25,,254625,38,0,57 6,1,20,,254626,38,0,57 6,1,72,,254627,38,0,57 6,1,25,,254628,38,0,57 6,1,75,,254629,38,0,57 6,1,30,,254630,37,0,7 6,1,91,,254631,37,0,7 6,1,100,,254632,37,0,7 6,1,100,,254633,15,0,5 6,1,105,,254634,15,0,5 6,1,145,,254635,15,0,5 6,1,109,,254636,16,0,34 6,1,25,,254637,38,0,57 6,1,75,,254638,38,0,57 6,1,30,,254639,38,0,57 6,1,20,,254640,16,0,34 6,1,55,,254641,38,0,57 6,1,10,,254642,16,0,34 6,1,20,,254643,38,0,57 6,1,70,,254644,38,0,57 6,1,41,,254645,37,0,7 6,1,97,,254646,15,0,5 6,1,100,,254647,15,0,5 6,1,196,,254648,15,0,5 6,1
2700,'20260915',613,,254649,37,0,7 6,1,30,,254650,37,0,7 6,1,69,,254651,38,0,57 6,1,25,,254652,38,0,57 6,1,20,,254653,38,0,57 6,1,72,,254654,38,0,57 6,1,25,,254655,38,0,57 6,1,75,,254656,38,0,57 6,1,30,,254657,37,0,7 6,1,91,,254658,37,0,7 6,1,100,,254659,37,0,7 6,1,100,,254660,15,0,5 6,1,105,,254661,15,0,5 6,1,145,,254662,15,0,5 6,1,109,,254663,16,0,34 6,1,25,,254664,38,0,57 6,1,75,,254665,38,0,57 6,1,30,,254666,38,0,57 6,1,20,,254667,16,0,34 6,1,55,,254668,38,0,57 6,1,10,,254669,16,0,34 6,1,20,,254670,38,0,57 6,1,70,,254671,38,0,57 6,1,41,,254672,37,0,7 6,1,97,,254673,15,0,5 6,1,100,,254674,15,0,5 6,1,196,,254675,15,0,5 6,1
2700,'20260916',613,,254676,37,0,7 6,1,30,,254677,37,0,7 6,1,69,,254678,38,0,57 6,1,25,,254679,38,0,57 6,1,20,,254680,38,0,57 6,1,72,,254681,38,0,57 6,1,25,,254682,38,0,57 6,1,75,,254683,38,0,57 6,1,30,,254684,37,0,7 6,1,91,,254685,37,0,7 6,1,100,,254686,37,0,7 6,1,100,,254687,15,0,5 6,1,105,,254688,15,0,5 6,1,145,,254689,15,0,5 6,1,109,,254690,16,0,34 6,1,25,,254691,38,0,57 6,1,75,,254692,38,0,57 6,1,30,,254693,38,0,57 6,1,20,,254694,16,0,34 6,1,55,,254695,38,0,57 6,1,10,,254696,16,0,34 6,1,20,,254697,38,0,57 6,1,70,,254698,38,0,57 6,1,41,,254699,37,0,7 6,1,97,,254700,15,0,5 6,1,100,,254701,15,0,5 6,1,196,,254702,15,0,5 6,1
2700,'20260917',613,,254703,37,0,7 6,1,30,,254704,37,0,7 6,1,69,,254705,38,0,57 6,1,25,,254706,38,0,57 6,1,20,,254707,38,0,57 6,1,72,,254708,38,0,57 6,1,25,,254709,38,0,57 6,1,75,,254710,38,0,57 6,1,30,,254711,37,0,7 6,1,91,,254712,37,0,7 6,1,100,,254713,37,0,7 6,1,100,,254714,15,0,5 6,1,105,,254715,15,0,5 6,1,145,,254716,15,0,5 6,1,109,,254717,16,0,34 6,1,25,,254718,38,0,57 6,1,75,,254719,38,0,57 6,1,30,,254720,38,0,57 6,1,20,,254721,16,0,34 6,1,55,,254722,38,0,57 6,1,10,,254723,16,0,34 6,1,20,,254724,38,0,57 6,1,70,,254725,38,0,57 6,1,41,,254726,37,0,7 6,1,97,,254727,15,0,5 6,1,100,,254728,15,0,5 6,1,196,,254729,15,0,5 6,1
2700,'20260918',613,,254730,37,0,7 6,1,30,,254731,37,0,7 6,1,69,,254732,38,0,57 6,1,25,,254733,38,0,57 6,1,20,,254734,38,0,57 6,1,72,,254735,38,0,57 6,1,25,,254736,38,0,57 6,1,75,,254737,38,0,57 6,1,30,,254738,37,0,7 6,1,91,,254739,37,0,7 6,1,100,,254740,37,0,7 6,1,100,,254741,15,0,5 6,1,105,,254742,15,0,5 6,1,145,,254743,15,0,5 6,1,109,,254744,16,0,34 6,1,25,,254745,38,0,57 6,1,75,,254746,38,0,57 6,1,30,,254747,38,0,57 6,1,20,,254748,16,0,34 6,1,55,,254749,38,0,57 6,1,10,,254750,16,0,34 6,1,20,,254751,38,0,57 6,1,70,,254752,38,0,57 6,1,41,,254753,37,0,7 6,1,97,,254754,15,0,5 6,1,100,,254755,15,0,5 6,1,196,,254756,15,0,5 6,1
2700,'20260919',638,,254757,37,0,7 6,1,105,,254758,15,0,5 6,1,100,,254759,15,0,5 6,1,103,,254760,15,0,5 6,1,104,,254761,15,0,5 6,1,105,,254762,15,0,5 6,1,145,,254763,15,0,5 6,1,100,,254764,15,0,5 6,1,100,,254765,15,0,5 6,1,105,,254766,15,0,5 6,1,100,,254767,15,0,5 6,1,100,,254768,15,0,5 6,1,95,,254769,15,0,5 6,1,100,,254770,15,0,5 6,1,55,,254771,15,0,5 6,1,95,,254772,15,0,5 6,1,193,,254773,15,0,5 6,1
2700,'20260920',638,,254774,37,0,7 6,1,105,,254775,15,0,5 6,1,100,,254776,15,0,5 6,1,103,,254777,15,0,5 6,1,104,,254778,15,0,5 6,1,105,,254779,15,0,5 6,1,145,,254780,15,0,5 6,1,100,,254781,15,0,5 6,1,100,,254782,15,0,5 6,1,105,,254783,15,0,5 6,1,100,,254784,15,0,5 6,1,100,,254785,15,0,5 6,1,95,,254786,15,0,5 6,1,100,,254787,15,0,5 6,1,55,,254788,15,0,5 6,1,95,,254789,15,0,5 6,1,193,,254790,15,0,5 6,1
2700,'20260921',613,,254791,37,0,7 6,1,30,,254792,37,0,7 6,1,69,,254793,38,0,57 6,1,25,,254794,38,0,57 6,1,20,,254795,38,0,57 6,1,72,,254796,38,0,57 6,1,25,,254797,38,0,57 6,1,75,,254798,38,0,57 6,1,30,,254799,37,0,7 6,1,91,,254800,37,0,7 6,1,100,,254801,37,0,7 6,1,100,,254802,15,0,5 6,1,105,,254803,15,0,5 6,1,145,,254804,15,0,5 6,1,109,,254805,16,0,34 6,1,25,,254806,38,0,57 6,1,75,,254807,38,0,57 6,1,30,,254808,38,0,57 6,1,20,,254809,16,0,34 6,1,55,,254810,38,0,57 6,1,10,,254811,16,0,34 6,1,20,,254812,38,0,57 6,1,70,,254813,38,0,57 6,1,41,,254814,37,0,7 6,1,97,,254815,15,0,5 6,1,100,,254816,15,0,5 6,1,196,,254817,15,0,5 6,1
2700,'20260922',613,,254818,37,0,7 6,1,30,,254819,37,0,7 6,1,69,,254820,38,0,57 6,1,25,,254821,38,0,57 6,1,20,,254822,38,0,57 6,1,72,,254823,38,0,57 6,1,25,,254824,38,0,57 6,1,75,,254825,38,0,57 6,1,30,,254826,37,0,7 6,1,91,,254827,37,0,7 6,1,100,,254828,37,0,7 6,1,100,,254829,15,0,5 6,1,105,,254830,15,0,5 6,1,145,,254831,15,0,5 6,1,109,,254832,16,0,34 6,1,25,,254833,38,0,57 6,1,75,,254834,38,0,57 6,1,30,,254835,38,0,57 6,1,20,,254836,16,0,34 6,1,55,,254837,38,0,57 6,1,10,,254838,16,0,34 6,1,20,,254839,38,0,57 6,1,70,,254840,38,0,57 6,1,41,,254841,37,0,7 6,1,97,,254842,15,0,5 6,1,100,,254843,15,0,5 6,1,196,,254844,15,0,5 6,1
2700,'20260923',613,,254845,37,0,7 6,1,30,,254846,37,0,7 6,1,69,,254847,38,0,57 6,1,25,,254848,38,0,57 6,1,20,,254849,38,0,57 6,1,72,,254850,38,0,57 6,1,25,,254851,38,0,57 6,1,75,,254852,38,0,57 6,1,30,,254853,37,0,7 6,1,91,,254854,37,0,7 6,1,100,,254855,37,0,7 6,1,100,,254856,15,0,5 6,1,105,,254857,15,0,5 6,1,145,,254858,15,0,5 6,1,109,,254859,16,0,34 6,1,25,,254860,38,0,57 6,1,75,,254861,38,0,57 6,1,30,,254862,38,0,57 6,1,20,,254863,16,0,34 6,1,55,,254864,38,0,57 6,1,10,,254865,16,0,34 6,1,20,,254866,38,0,57 6,1,70,,254867,38,0,57 6,1,41,,254868,37,0,7 6,1,97,,254869,15,0,5 6,1,100,,254870,15,0,5 6,1,196,,254871,15,0,5 6,1
2700,'20260924',613,,254872,37,0,7 6,1,30,,254873,37,0,7 6,1,69,,254874,38,0,57 6,1,25,,254875,38,0,57 6,1,20,,254876,38,0,57 6,1,72,,254877,38,0,57 6,1,25,,254878,38,0,57 6,1,75,,254879,38,0,57 6,1,30,,254880,37,0,7 6,1,91,,254881,37,0,7 6,1,100,,254882,37,0,7 6,1,100,,254883,15,0,5 6,1,105,,254884,15,0,5 6,1,145,,254885,15,0,5 6,1,109,,254886,16,0,34 6,1,25,,254887,38,0,57 6,1,75,,254888,38,0,57 6,1,30,,254889,38,0,57 6,1,20,,254890,16,0,34 6,1,55,,254891,38,0,57 6,1,10,,254892,16,0,34 6,1,20,,254893,38,0,57 6,1,70,,254894,38,0,57 6,1,41,,254895,37,0,7 6,1,97,,254896,15,0,5 6,1,100,,254897,15,0,5 6,1,196,,254898,15,0,5 6,1
2700,'20260925',613,,254899,37,0,7 6,1,30,,254900,37,0,7 6,1,69,,254901,38,0,57 6,1,25,,254902,38,0,57 6,1,20,,254903,38,0,57 6,1,72,,254904,38,0,57 6,1,25,,254905,38,0,57 6,1,75,,254906,38,0,57 6,1,30,,254907,37,0,7 6,1,91,,254908,37,0,7 6,1,100,,254909,37,0,7 6,1,100,,254910,15,0,5 6,1,105,,254911,15,0,5 6,1,145,,254912,15,0,5 6,1,109,,254913,16,0,34 6,1,25,,254914,38,0,57 6,1,75,,254915,38,0,57 6,1,30,,254916,38,0,57 6,1,20,,254917,16,0,34 6,1,55,,254918,38,0,57 6,1,10,,254919,16,0,34 6,1,20,,254920,38,0,57 6,1,70,,254921,38,0,57 6,1,41,,254922,37,0,7 6,1,97,,254923,15,0,5 6,1,100,,254924,15,0,5 6,1,196,,254925,15,0,5 6,1
2700,'20260926',638,,254926,37,0,7 6,1,105,,254927,15,0,5 6,1,100,,254928,15,0,5 6,1,103,,254929,15,0,5 6,1,104,,254930,15,0,5 6,1,105,,254931,15,0,5 6,1,145,,254932,15,0,5 6,1,100,,254933,15,0,5 6,1,100,,254934,15,0,5 6,1,105,,254935,15,0,5 6,1,100,,254936,15,0,5 6,1,100,,254937,15,0,5 6,1,95,,254938,15,0,5 6,1,100,,254939,15,0,5 6,1,55,,254940,15,0,5 6,1,95,,254941,15,0,5 6,1,193,,254942,15,0,5 6,1
2700,'20260927',638,,254943,37,0,7 6,1,105,,254944,15,0,5 6,1,100,,254945,15,0,5 6,1,103,,254946,15,0,5 6,1,104,,254947,15,0,5 6,1,105,,254948,15,0,5 6,1,145,,254949,15,0,5 6,1,100,,254950,15,0,5 6,1,100,,254951,15,0,5 6,1,105,,254952,15,0,5 6,1,100,,254953,15,0,5 6,1,100,,254954,15,0,5 6,1,95,,254955,15,0,5 6,1,100,,254956,15,0,5 6,1,55,,254957,15,0,5 6,1,95,,254958,15,0,5 6,1,193,,254959,15,0,5 6,1
2700,'20260928',613,,254960,37,0,7 6,1,30,,254961,37,0,7 6,1,69,,254962,38,0,57 6,1,25,,254963,38,0,57 6,1,20,,254964,38,0,57 6,1,72,,254965,38,0,57 6,1,25,,254966,38,0,57 6,1,75,,254967,38,0,57 6,1,30,,254968,37,0,7 6,1,91,,254969,37,0,7 6,1,100,,254970,37,0,7 6,1,100,,254971,15,0,5 6,1,105,,254972,15,0,5 6,1,145,,254973,15,0,5 6,1,109,,254974,16,0,34 6,1,25,,254975,38,0,57 6,1,75,,254976,38,0,57 6,1,30,,254977,38,0,57 6,1,20,,254978,16,0,34 6,1,55,,254979,38,0,57 6,1,10,,254980,16,0,34 6,1,20,,254981,38,0,57 6,1,70,,254982,38,0,57 6,1,41,,254983,37,0,7 6,1,97,,254984,15,0,5 6,1,100,,254985,15,0,5 6,1,196,,254986,15,0,5 6,1
2700,'20260929',613,,254987,37,0,7 6,1,30,,254988,37,0,7 6,1,69,,254989,38,0,57 6,1,25,,254990,38,0,57 6,1,20,,254991,38,0,57 6,1,72,,254992,38,0,57 6,1,25,,254993,38,0,57 6,1,75,,254994,38,0,57 6,1,30,,254995,37,0,7 6,1,91,,254996,37,0,7 6,1,100,,254997,37,0,7 6,1,100,,254998,15,0,5 6,1,105,,254999,15,0,5 6,1,145,,255000,15,0,5 6,1,109,,255001,16,0,34 6,1,25,,255002,38,0,57 6,1,75,,255003,38,0,57 6,1,30,,255004,38,0,57 6,1,20,,255005,16,0,34 6,1,55,,255006,38,0,57 6,1,10,,255007,16,0,34 6,1,20,,255008,38,0,57 6,1,70,,255009,38,0,57 6,1,41,,255010,37,0,7 6,1,97,,255011,15,0,5 6,1,100,,255012,15,0,5 6,1,196,,255013,15,0,5 6,1
2700,'20260930',613,,255014,37,0,7 6,1,30,,255015,37,0,7 6,1,69,,255016,38,0,57 6,1,25,,255017,38,0,57 6,1,20,,255018,38,0,57 6,1,72,,255019,38,0,57 6,1,25,,255020,38,0,57 6,1,75,,255021,38,0,57 6,1,30,,255022,37,0,7 6,1,91,,255023,37,0,7 6,1,100,,255024,37,0,7 6,1,100,,255025,15,0,5 6,1,105,,255026,15,0,5 6,1,145,,255027,15,0,5 6,1,109,,255028,16,0,34 6,1,25,,255029,38,0,57 6,1,75,,255030,38,0,57 6,1,30,,255031,38,0,57 6,1,20,,255032,16,0,34 6,1,55,,255033,38,0,57 6,1,10,,255034,16,0,34 6,1,20,,255035,38,0,57 6,1,70,,255036,38,0,57 6,1,41,,255037,37,0,7 6,1,97,,255038,15,0,5 6,1,100,,255039,15,0,5 6,1,196,,255040,15,0,5 6,1
2700,'20261001',613,,255041,37,0,7 6,1,30,,255042,37,0,7 6,1,69,,255043,38,0,57 6,1,25,,255044,38,0,57 6,1,20,,255045,38,0,57 6,1,72,,255046,38,0,57 6,1,25,,255047,38,0,57 6,1,75,,255048,38,0,57 6,1,30,,255049,37,0,7 6,1,91,,255050,37,0,7 6,1,100,,255051,37,0,7 6,1,100,,255052,15,0,5 6,1,105,,255053,15,0,5 6,1,145,,255054,15,0,5 6,1,109,,255055,16,0,34 6,1,25,,255056,38,0,57 6,1,75,,255057,38,0,57 6,1,30,,255058,38,0,57 6,1,20,,255059,16,0,34 6,1,55,,255060,38,0,57 6,1,10,,255061,16,0,34 6,1,20,,255062,38,0,57 6,1,70,,255063,38,0,57 6,1,41,,255064,37,0,7 6,1,97,,255065,15,0,5 6,1,100,,255066,15,0,5 6,1,196,,255067,15,0,5 6,1
2700,'20261002',613,,255068,37,0,7 6,1,30,,255069,37,0,7 6,1,69,,255070,38,0,57 6,1,25,,255071,38,0,57 6,1,20,,255072,38,0,57 6,1,72,,255073,38,0,57 6,1,25,,255074,38,0,57 6,1,75,,255075,38,0,57 6,1,30,,255076,37,0,7 6,1,91,,255077,37,0,7 6,1,100,,255078,37,0,7 6,1,100,,255079,15,0,5 6,1,105,,255080,15,0,5 6,1,145,,255081,15,0,5 6,1,109,,255082,16,0,34 6,1,25,,255083,38,0,57 6,1,75,,255084,38,0,57 6,1,30,,255085,38,0,57 6,1,20,,255086,16,0,34 6,1,55,,255087,38,0,57 6,1,10,,255088,16,0,34 6,1,20,,255089,38,0,57 6,1,70,,255090,38,0,57 6,1,41,,255091,37,0,7 6,1,97,,255092,15,0,5 6,1,100,,255093,15,0,5 6,1,196,,255094,15,0,5 6,1
2700,'20261003',638,,255095,37,0,7 6,1,105,,255096,15,0,5 6,1,100,,255097,15,0,5 6,1,103,,255098,15,0,5 6,1,104,,255099,15,0,5 6,1,105,,255100,15,0,5 6,1,145,,255101,15,0,5 6,1,100,,255102,15,0,5 6,1,100,,255103,15,0,5 6,1,105,,255104,15,0,5 6,1,100,,255105,15,0,5 6,1,100,,255106,15,0,5 6,1,95,,255107,15,0,5 6,1,100,,255108,15,0,5 6,1,55,,255109,15,0,5 6,1,95,,255110,15,0,5 6,1,193,,255111,15,0,5 6,1
2700,'20261004',638,,255112,37,0,7 6,1,105,,255113,15,0,5 6,1,100,,255114,15,0,5 6,1,103,,255115,15,0,5 6,1,104,,255116,15,0,5 6,1,105,,255117,15,0,5 6,1,145,,255118,15,0,5 6,1,100,,255119,15,0,5 6,1,100,,255120,15,0,5 6,1,105,,255121,15,0,5 6,1,100,,255122,15,0,5 6,1,100,,255123,15,0,5 6,1,95,,255124,15,0,5 6,1,100,,255125,15,0,5 6,1,55,,255126,15,0,5 6,1,95,,255127,15,0,5 6,1,193,,255128,15,0,5 6,1
2700,'20261005',613,,255129,37,0,7 6,1,30,,255130,37,0,7 6,1,69,,255131,38,0,57 6,1,25,,255132,38,0,57 6,1,20,,255133,38,0,57 6,1,72,,255134,38,0,57 6,1,25,,255135,38,0,57 6,1,75,,255136,38,0,57 6,1,30,,255137,37,0,7 6,1,91,,255138,37,0,7 6,1,100,,255139,37,0,7 6,1,100,,255140,15,0,5 6,1,105,,255141,15,0,5 6,1,145,,255142,15,0,5 6,1,109,,255143,16,0,34 6,1,25,,255144,38,0,57 6,1,75,,255145,38,0,57 6,1,30,,255146,38,0,57 6,1,20,,255147,16,0,34 6,1,55,,255148,38,0,57 6,1,10,,255149,16,0,34 6,1,20,,255150,38,0,57 6,1,70,,255151,38,0,57 6,1,41,,255152,37,0,7 6,1,97,,255153,15,0,5 6,1,100,,255154,15,0,5 6,1,196,,255155,15,0,5 6,1
2700,'20261006',613,,255156,37,0,7 6,1,30,,255157,37,0,7 6,1,69,,255158,38,0,57 6,1,25,,255159,38,0,57 6,1,20,,255160,38,0,57 6,1,72,,255161,38,0,57 6,1,25,,255162,38,0,57 6,1,75,,255163,38,0,57 6,1,30,,255164,37,0,7 6,1,91,,255165,37,0,7 6,1,100,,255166,37,0,7 6,1,100,,255167,15,0,5 6,1,105,,255168,15,0,5 6,1,145,,255169,15,0,5 6,1,109,,255170,16,0,34 6,1,25,,255171,38,0,57 6,1,75,,255172,38,0,57 6,1,30,,255173,38,0,57 6,1,20,,255174,16,0,34 6,1,55,,255175,38,0,57 6,1,10,,255176,16,0,34 6,1,20,,255177,38,0,57 6,1,70,,255178,38,0,57 6,1,41,,255179,37,0,7 6,1,97,,255180,15,0,5 6,1,100,,255181,15,0,5 6,1,196,,255182,15,0,5 6,1
2700,'20261007',613,,255183,37,0,7 6,1,30,,255184,37,0,7 6,1,69,,255185,38,0,57 6,1,25,,255186,38,0,57 6,1,20,,255187,38,0,57 6,1,72,,255188,38,0,57 6,1,25,,255189,38,0,57 6,1,75,,255190,38,0,57 6,1,30,,255191,37,0,7 6,1,91,,255192,37,0,7 6,1,100,,255193,37,0,7 6,1,100,,255194,15,0,5 6,1,105,,255195,15,0,5 6,1,145,,255196,15,0,5 6,1,109,,255197,16,0,34 6,1,25,,255198,38,0,57 6,1,75,,255199,38,0,57 6,1,30,,255200,38,0,57 6,1,20,,255201,16,0,34 6,1,55,,255202,38,0,57 6,1,10,,255203,16,0,34 6,1,20,,255204,38,0,57 6,1,70,,255205,38,0,57 6,1,41,,255206,37,0,7 6,1,97,,255207,15,0,5 6,1,100,,255208,15,0,5 6,1,196,,255209,15,0,5 6,1
2700,'20261008',613,,255210,37,0,7 6,1,30,,255211,37,0,7 6,1,69,,255212,38,0,57 6,1,25,,255213,38,0,57 6,1,20,,255214,38,0,57 6,1,72,,255215,38,0,57 6,1,25,,255216,38,0,57 6,1,75,,255217,38,0,57 6,1,30,,255218,37,0,7 6,1,91,,255219,37,0,7 6,1,100,,255220,37,0,7 6,1,100,,255221,15,0,5 6,1,105,,255222,15,0,5 6,1,145,,255223,15,0,5 6,1,109,,255224,16,0,34 6,1,25,,255225,38,0,57 6,1,75,,255226,38,0,57 6,1,30,,255227,38,0,57 6,1,20,,255228,16,0,34 6,1,55,,255229,38,0,57 6,1,10,,255230,16,0,34 6,1,20,,255231,38,0,57 6,1,70,,255232,38,0,57 6,1,41,,255233,37,0,7 6,1,97,,255234,15,0,5 6,1,100,,255235,15,0,5 6,1,196,,255236,15,0,5 6,1
2700,'20261009',613,,255237,37,0,7 6,1,30,,255238,37,0,7 6,1,69,,255239,38,0,57 6,1,25,,255240,38,0,57 6,1,20,,255241,38,0,57 6,1,72,,255242,38,0,57 6,1,25,,255243,38,0,57 6,1,75,,255244,38,0,57 6,1,30,,255245,37,0,7 6,1,91,,255246,37,0,7 6,1,100,,255247,37,0,7 6,1,100,,255248,15,0,5 6,1,105,,255249,15,0,5 6,1,145,,255250,15,0,5 6,1,109,,255251,16,0,34 6,1,25,,255252,38,0,57 6,1,75,,255253,38,0,57 6,1,30,,255254,38,0,57 6,1,20,,255255,16,0,34 6,1,55,,255256,38,0,57 6,1,10,,255257,16,0,34 6,1,20,,255258,38,0,57 6,1,70,,255259,38,0,57 6,1,41,,255260,37,0,7 6,1,97,,255261,15,0,5 6,1,100,,255262,15,0,5 6,1,196,,255263,15,0,5 6,1
2700,'20261010',638,,255264,37,0,7 6,1,105,,255265,15,0,5 6,1,100,,255266,15,0,5 6,1,103,,255267,15,0,5 6,1,104,,255268,15,0,5 6,1,105,,255269,15,0,5 6,1,145,,255270,15,0,5 6,1,100,,255271,15,0,5 6,1,100,,255272,15,0,5 6,1,105,,255273,15,0,5 6,1,100,,255274,15,0,5 6,1,100,,255275,15,0,5 6,1,95,,255276,15,0,5 6,1,100,,255277,15,0,5 6,1,55,,255278,15,0,5 6,1,95,,255279,15,0,5 6,1,193,,255280,15,0,5 6,1
2700,'20261011',638,,255281,37,0,7 6,1,105,,255282,15,0,5 6,1,100,,255283,15,0,5 6,1,103,,255284,15,0,5 6,1,104,,255285,15,0,5 6,1,105,,255286,15,0,5 6,1,145,,255287,15,0,5 6,1,100,,255288,15,0,5 6,1,100,,255289,15,0,5 6,1,105,,255290,15,0,5 6,1,100,,255291,15,0,5 6,1,100,,255292,15,0,5 6,1,95,,255293,15,0,5 6,1,100,,255294,15,0,5 6,1,55,,255295,15,0,5 6,1,95,,255296,15,0,5 6,1,193,,255297,15,0,5 6,1
2700,'20261012',638,,255298,37,0,7 6,1,105,,255299,15,0,5 6,1,100,,255300,15,0,5 6,1,103,,255301,15,0,5 6,1,104,,255302,15,0,5 6,1,105,,255303,15,0,5 6,1,145,,255304,15,0,5 6,1,100,,255305,15,0,5 6,1,100,,255306,15,0,5 6,1,105,,255307,15,0,5 6,1,100,,255308,15,0,5 6,1,100,,255309,15,0,5 6,1,95,,255310,15,0,5 6,1,100,,255311,15,0,5 6,1,55,,255312,15,0,5 6,1,95,,255313,15,0,5 6,1,193,,255314,15,0,5 6,1
2700,'20261013',613,,255315,37,0,7 6,1,30,,255316,37,0,7 6,1,69,,255317,38,0,57 6,1,25,,255318,38,0,57 6,1,20,,255319,38,0,57 6,1,72,,255320,38,0,57 6,1,25,,255321,38,0,57 6,1,75,,255322,38,0,57 6,1,30,,255323,37,0,7 6,1,91,,255324,37,0,7 6,1,100,,255325,37,0,7 6,1,100,,255326,15,0,5 6,1,105,,255327,15,0,5 6,1,145,,255328,15,0,5 6,1,109,,255329,16,0,34 6,1,25,,255330,38,0,57 6,1,75,,255331,38,0,57 6,1,30,,255332,38,0,57 6,1,20,,255333,16,0,34 6,1,55,,255334,38,0,57 6,1,10,,255335,16,0,34 6,1,20,,255336,38,0,57 6,1,70,,255337,38,0,57 6,1,41,,255338,37,0,7 6,1,97,,255339,15,0,5 6,1,100,,255340,15,0,5 6,1,196,,255341,15,0,5 6,1
2700,'20261014',613,,255342,37,0,7 6,1,30,,255343,37,0,7 6,1,69,,255344,38,0,57 6,1,25,,255345,38,0,57 6,1,20,,255346,38,0,57 6,1,72,,255347,38,0,57 6,1,25,,255348,38,0,57 6,1,75,,255349,38,0,57 6,1,30,,255350,37,0,7 6,1,91,,255351,37,0,7 6,1,100,,255352,37,0,7 6,1,100,,255353,15,0,5 6,1,105,,255354,15,0,5 6,1,145,,255355,15,0,5 6,1,109,,255356,16,0,34 6,1,25,,255357,38,0,57 6,1,75,,255358,38,0,57 6,1,30,,255359,38,0,57 6,1,20,,255360,16,0,34 6,1,55,,255361,38,0,57 6,1,10,,255362,16,0,34 6,1,20,,255363,38,0,57 6,1,70,,255364,38,0,57 6,1,41,,255365,37,0,7 6,1,97,,255366,15,0,5 6,1,100,,255367,15,0,5 6,1,196,,255368,15,0,5 6,1
2700,'20261015',613,,255369,37,0,7 6,1,30,,255370,37,0,7 6,1,69,,255371,38,0,57 6,1,25,,255372,38,0,57 6,1,20,,255373,38,0,57 6,1,72,,255374,38,0,57 6,1,25,,255375,38,0,57 6,1,75,,255376,38,0,57 6,1,30,,255377,37,0,7 6,1,91,,255378,37,0,7 6,1,100,,255379,37,0,7 6,1,100,,255380,15,0,5 6,1,105,,255381,15,0,5 6,1,145,,255382,15,0,5 6,1,109,,255383,16,0,34 6,1,25,,255384,38,0,57 6,1,75,,255385,38,0,57 6,1,30,,255386,38,0,57 6,1,20,,255387,16,0,34 6,1,55,,255388,38,0,57 6,1,10,,255389,16,0,34 6,1,20,,255390,38,0,57 6,1,70,,255391,38,0,57 6,1,41,,255392,37,0,7 6,1,97,,255393,15,0,5 6,1,100,,255394,15,0,5 6,1,196,,255395,15,0,5 6,1
2700,'20261016',613,,255396,37,0,7 6,1,30,,255397,37,0,7 6,1,69,,255398,38,0,57 6,1,25,,255399,38,0,57 6,1,20,,255400,38,0,57 6,1,72,,255401,38,0,57 6,1,25,,255402,38,0,57 6,1,75,,255403,38,0,57 6,1,30,,255404,37,0,7 6,1,91,,255405,37,0,7 6,1,100,,255406,37,0,7 6,1,100,,255407,15,0,5 6,1,105,,255408,15,0,5 6,1,145,,255409,15,0,5 6,1,109,,255410,16,0,34 6,1,25,,255411,38,0,57 6,1,75,,255412,38,0,57 6,1,30,,255413,38,0,57 6,1,20,,255414,16,0,34 6,1,55,,255415,38,0,57 6,1,10,,255416,16,0,34 6,1,20,,255417,38,0,57 6,1,70,,255418,38,0,57 6,1,41,,255419,37,0,7 6,1,97,,255420,15,0,5 6,1,100,,255421,15,0,5 6,1,196,,255422,15,0,5 6,1
2700,'20261017',638,,255423,37,0,7 6,1,105,,255424,15,0,5 6,1,100,,255425,15,0,5 6,1,103,,255426,15,0,5 6,1,104,,255427,15,0,5 6,1,105,,255428,15,0,5 6,1,145,,255429,15,0,5 6,1,100,,255430,15,0,5 6,1,100,,255431,15,0,5 6,1,105,,255432,15,0,5 6,1,100,,255433,15,0,5 6,1,100,,255434,15,0,5 6,1,95,,255435,15,0,5 6,1,100,,255436,15,0,5 6,1,55,,255437,15,0,5 6,1,95,,255438,15,0,5 6,1,193,,255439,15,0,5 6,1
2700,'20261018',638,,255440,37,0,7 6,1,105,,255441,15,0,5 6,1,100,,255442,15,0,5 6,1,103,,255443,15,0,5 6,1,104,,255444,15,0,5 6,1,105,,255445,15,0,5 6,1,145,,255446,15,0,5 6,1,100,,255447,15,0,5 6,1,100,,255448,15,0,5 6,1,105,,255449,15,0,5 6,1,100,,255450,15,0,5 6,1,100,,255451,15,0,5 6,1,95,,255452,15,0,5 6,1,100,,255453,15,0,5 6,1,55,,255454,15,0,5 6,1,95,,255455,15,0,5 6,1,193,,255456,15,0,5 6,1
2700,'20261019',613,,255457,37,0,7 6,1,30,,255458,37,0,7 6,1,69,,255459,38,0,57 6,1,25,,255460,38,0,57 6,1,20,,255461,38,0,57 6,1,72,,255462,38,0,57 6,1,25,,255463,38,0,57 6,1,75,,255464,38,0,57 6,1,30,,255465,37,0,7 6,1,91,,255466,37,0,7 6,1,100,,255467,37,0,7 6,1,100,,255468,15,0,5 6,1,105,,255469,15,0,5 6,1,145,,255470,15,0,5 6,1,109,,255471,16,0,34 6,1,25,,255472,38,0,57 6,1,75,,255473,38,0,57 6,1,30,,255474,38,0,57 6,1,20,,255475,16,0,34 6,1,55,,255476,38,0,57 6,1,10,,255477,16,0,34 6,1,20,,255478,38,0,57 6,1,70,,255479,38,0,57 6,1,41,,255480,37,0,7 6,1,97,,255481,15,0,5 6,1,100,,255482,15,0,5 6,1,196,,255483,15,0,5 6,1
2700,'20261020',613,,255484,37,0,7 6,1,30,,255485,37,0,7 6,1,69,,255486,38,0,57 6,1,25,,255487,38,0,57 6,1,20,,255488,38,0,57 6,1,72,,255489,38,0,57 6,1,25,,255490,38,0,57 6,1,75,,255491,38,0,57 6,1,30,,255492,37,0,7 6,1,91,,255493,37,0,7 6,1,100,,255494,37,0,7 6,1,100,,255495,15,0,5 6,1,105,,255496,15,0,5 6,1,145,,255497,15,0,5 6,1,109,,255498,16,0,34 6,1,25,,255499,38,0,57 6,1,75,,255500,38,0,57 6,1,30,,255501,38,0,57 6,1,20,,255502,16,0,34 6,1,55,,255503,38,0,57 6,1,10,,255504,16,0,34 6,1,20,,255505,38,0,57 6,1,70,,255506,38,0,57 6,1,41,,255507,37,0,7 6,1,97,,255508,15,0,5 6,1,100,,255509,15,0,5 6,1,196,,255510,15,0,5 6,1
2700,'20261021',613,,255511,37,0,7 6,1,30,,255512,37,0,7 6,1,69,,255513,38,0,57 6,1,25,,255514,38,0,57 6,1,20,,255515,38,0,57 6,1,72,,255516,38,0,57 6,1,25,,255517,38,0,57 6,1,75,,255518,38,0,57 6,1,30,,255519,37,0,7 6,1,91,,255520,37,0,7 6,1,100,,255521,37,0,7 6,1,100,,255522,15,0,5 6,1,105,,255523,15,0,5 6,1,145,,255524,15,0,5 6,1,109,,255525,16,0,34 6,1,25,,255526,38,0,57 6,1,75,,255527,38,0,57 6,1,30,,255528,38,0,57 6,1,20,,255529,16,0,34 6,1,55,,255530,38,0,57 6,1,10,,255531,16,0,34 6,1,20,,255532,38,0,57 6,1,70,,255533,38,0,57 6,1,41,,255534,37,0,7 6,1,97,,255535,15,0,5 6,1,100,,255536,15,0,5 6,1,196,,255537,15,0,5 6,1
2700,'20261022',613,,255538,37,0,7 6,1,30,,255539,37,0,7 6,1,69,,255540,38,0,57 6,1,25,,255541,38,0,57 6,1,20,,255542,38,0,57 6,1,72,,255543,38,0,57 6,1,25,,255544,38,0,57 6,1,75,,255545,38,0,57 6,1,30,,255546,37,0,7 6,1,91,,255547,37,0,7 6,1,100,,255548,37,0,7 6,1,100,,255549,15,0,5 6,1,105,,255550,15,0,5 6,1,145,,255551,15,0,5 6,1,109,,255552,16,0,34 6,1,25,,255553,38,0,57 6,1,75,,255554,38,0,57 6,1,30,,255555,38,0,57 6,1,20,,255556,16,0,34 6,1,55,,255557,38,0,57 6,1,10,,255558,16,0,34 6,1,20,,255559,38,0,57 6,1,70,,255560,38,0,57 6,1,41,,255561,37,0,7 6,1,97,,255562,15,0,5 6,1,100,,255563,15,0,5 6,1,196,,255564,15,0,5 6,1
2700,'20261023',613,,255565,37,0,7 6,1,30,,255566,37,0,7 6,1,69,,255567,38,0,57 6,1,25,,255568,38,0,57 6,1,20,,255569,38,0,57 6,1,72,,255570,38,0,57 6,1,25,,255571,38,0,57 6,1,75,,255572,38,0,57 6,1,30,,255573,37,0,7 6,1,91,,255574,37,0,7 6,1,100,,255575,37,0,7 6,1,100,,255576,15,0,5 6,1,105,,255577,15,0,5 6,1,145,,255578,15,0,5 6,1,109,,255579,16,0,34 6,1,25,,255580,38,0,57 6,1,75,,255581,38,0,57 6,1,30,,255582,38,0,57 6,1,20,,255583,16,0,34 6,1,55,,255584,38,0,57 6,1,10,,255585,16,0,34 6,1,20,,255586,38,0,57 6,1,70,,255587,38,0,57 6,1,41,,255588,37,0,7 6,1,97,,255589,15,0,5 6,1,100,,255590,15,0,5 6,1,196,,255591,15,0,5 6,1
2700,'20261024',638,,255592,37,0,7 6,1,105,,255593,15,0,5 6,1,100,,255594,15,0,5 6,1,103,,255595,15,0,5 6,1,104,,255596,15,0,5 6,1,105,,255597,15,0,5 6,1,145,,255598,15,0,5 6,1,100,,255599,15,0,5 6,1,100,,255600,15,0,5 6,1,105,,255601,15,0,5 6,1,100,,255602,15,0,5 6,1,100,,255603,15,0,5 6,1,95,,255604,15,0,5 6,1,100,,255605,15,0,5 6,1,55,,255606,15,0,5 6,1,95,,255607,15,0,5 6,1,193,,255608,15,0,5 6,1
2700,'20261025',638,,255609,37,0,7 6,1,105,,255610,15,0,5 6,1,100,,255611,15,0,5 6,1,103,,255612,15,0,5 6,1,104,,255613,15,0,5 6,1,105,,255614,15,0,5 6,1,145,,255615,15,0,5 6,1,100,,255616,15,0,5 6,1,100,,255617,15,0,5 6,1,105,,255618,15,0,5 6,1,100,,255619,15,0,5 6,1,100,,255620,15,0,5 6,1,95,,255621,15,0,5 6,1,100,,255622,15,0,5 6,1,55,,255623,15,0,5 6,1,95,,255624,15,0,5 6,1,193,,255625,15,0,5 6,1
2700,'20261026',613,,255626,37,0,7 6,1,30,,255627,37,0,7 6,1,69,,255628,38,0,57 6,1,25,,255629,38,0,57 6,1,20,,255630,38,0,57 6,1,72,,255631,38,0,57 6,1,25,,255632,38,0,57 6,1,75,,255633,38,0,57 6,1,30,,255634,37,0,7 6,1,91,,255635,37,0,7 6,1,100,,255636,37,0,7 6,1,100,,255637,15,0,5 6,1,105,,255638,15,0,5 6,1,145,,255639,15,0,5 6,1,109,,255640,16,0,34 6,1,25,,255641,38,0,57 6,1,75,,255642,38,0,57 6,1,30,,255643,38,0,57 6,1,20,,255644,16,0,34 6,1,55,,255645,38,0,57 6,1,10,,255646,16,0,34 6,1,20,,255647,38,0,57 6,1,70,,255648,38,0,57 6,1,41,,255649,37,0,7 6,1,97,,255650,15,0,5 6,1,100,,255651,15,0,5 6,1,196,,255652,15,0,5 6,1
2700,'20261027',613,,255653,37,0,7 6,1,30,,255654,37,0,7 6,1,69,,255655,38,0,57 6,1,25,,255656,38,0,57 6,1,20,,255657,38,0,57 6,1,72,,255658,38,0,57 6,1,25,,255659,38,0,57 6,1,75,,255660,38,0,57 6,1,30,,255661,37,0,7 6,1,91,,255662,37,0,7 6,1,100,,255663,37,0,7 6,1,100,,255664,15,0,5 6,1,105,,255665,15,0,5 6,1,145,,255666,15,0,5 6,1,109,,255667,16,0,34 6,1,25,,255668,38,0,57 6,1,75,,255669,38,0,57 6,1,30,,255670,38,0,57 6,1,20,,255671,16,0,34 6,1,55,,255672,38,0,57 6,1,10,,255673,16,0,34 6,1,20,,255674,38,0,57 6,1,70,,255675,38,0,57 6,1,41,,255676,37,0,7 6,1,97,,255677,15,0,5 6,1,100,,255678,15,0,5 6,1,196,,255679,15,0,5 6,1
2700,'20261028',613,,255680,37,0,7 6,1,30,,255681,37,0,7 6,1,69,,255682,38,0,57 6,1,25,,255683,38,0,57 6,1,20,,255684,38,0,57 6,1,72,,255685,38,0,57 6,1,25,,255686,38,0,57 6,1,75,,255687,38,0,57 6,1,30,,255688,37,0,7 6,1,91,,255689,37,0,7 6,1,100,,255690,37,0,7 6,1,100,,255691,15,0,5 6,1,105,,255692,15,0,5 6,1,145,,255693,15,0,5 6,1,109,,255694,16,0,34 6,1,25,,255695,38,0,57 6,1,75,,255696,38,0,57 6,1,30,,255697,38,0,57 6,1,20,,255698,16,0,34 6,1,55,,255699,38,0,57 6,1,10,,255700,16,0,34 6,1,20,,255701,38,0,57 6,1,70,,255702,38,0,57 6,1,41,,255703,37,0,7 6,1,97,,255704,15,0,5 6,1,100,,255705,15,0,5 6,1,196,,255706,15,0,5 6,1
2700,'20261029',613,,255707,37,0,7 6,1,30,,255708,37,0,7 6,1,69,,255709,38,0,57 6,1,25,,255710,38,0,57 6,1,20,,255711,38,0,57 6,1,72,,255712,38,0,57 6,1,25,,255713,38,0,57 6,1,75,,255714,38,0,57 6,1,30,,255715,37,0,7 6,1,91,,255716,37,0,7 6,1,100,,255717,37,0,7 6,1,100,,255718,15,0,5 6,1,105,,255719,15,0,5 6,1,145,,255720,15,0,5 6,1,109,,255721,16,0,34 6,1,25,,255722,38,0,57 6,1,75,,255723,38,0,57 6,1,30,,255724,38,0,57 6,1,20,,255725,16,0,34 6,1,55,,255726,38,0,57 6,1,10,,255727,16,0,34 6,1,20,,255728,38,0,57 6,1,70,,255729,38,0,57 6,1,41,,255730,37,0,7 6,1,97,,255731,15,0,5 6,1,100,,255732,15,0,5 6,1,196,,255733,15,0,5 6,1
2700,'20261030',613,,255734,37,0,7 6,1,30,,255735,37,0,7 6,1,69,,255736,38,0,57 6,1,25,,255737,38,0,57 6,1,20,,255738,38,0,57 6,1,72,,255739,38,0,57 6,1,25,,255740,38,0,57 6,1,75,,255741,38,0,57 6,1,30,,255742,37,0,7 6,1,91,,255743,37,0,7 6,1,100,,255744,37,0,7 6,1,100,,255745,15,0,5 6,1,105,,255746,15,0,5 6,1,145,,255747,15,0,5 6,1,109,,255748,16,0,34 6,1,25,,255749,38,0,57 6,1,75,,255750,38,0,57 6,1,30,,255751,38,0,57 6,1,20,,255752,16,0,34 6,1,55,,255753,38,0,57 6,1,10,,255754,16,0,34 6,1,20,,255755,38,0,57 6,1,70,,255756,38,0,57 6,1,41,,255757,37,0,7 6,1,97,,255758,15,0,5 6,1,100,,255759,15,0,5 6,1,196,,255760,15,0,5 6,1
2700,'20261031',638,,255761,37,0,7 6,1,105,,255762,15,0,5 6,1,100,,255763,15,0,5 6,1,103,,255764,15,0,5 6,1,104,,255765,15,0,5 6,1,105,,255766,15,0,5 6,1,145,,255767,15,0,5 6,1,100,,255768,15,0,5 6,1,100,,255769,15,0,5 6,1,105,,255770,15,0,5 6,1,100,,255771,15,0,5 6,1,100,,255772,15,0,5 6,1,95,,255773,15,0,5 6,1,100,,255774,15,0,5 6,1,55,,255775,15,0,5 6,1,95,,255776,15,0,5 6,1,193,,255777,15,0,5 6,1
2700,'20261101',638,,255778,37,0,7 6,1,105,,255779,15,0,5 6,1,100,,255780,15,0,5 6,1,103,,255781,15,0,5 6,1,104,,255782,15,0,5 6,1,105,,255783,15,0,5 6,1,145,,255784,15,0,5 6,1,100,,255785,15,0,5 6,1,100,,255786,15,0,5 6,1,105,,255787,15,0,5 6,1,100,,255788,15,0,5 6,1,100,,255789,15,0,5 6,1,95,,255790,15,0,5 6,1,100,,255791,15,0,5 6,1,55,,255792,15,0,5 6,1,95,,255793,15,0,5 6,1,193,,255794,15,0,5 6,1
2700,'20261102',613,,255795,37,0,7 6,1,30,,255796,37,0,7 6,1,69,,255797,38,0,57 6,1,25,,255798,38,0,57 6,1,20,,255799,38,0,57 6,1,72,,255800,38,0,57 6,1,25,,255801,38,0,57 6,1,75,,255802,38,0,57 6,1,30,,255803,37,0,7 6,1,91,,255804,37,0,7 6,1,100,,255805,37,0,7 6,1,100,,255806,15,0,5 6,1,105,,255807,15,0,5 6,1,145,,255808,15,0,5 6,1,109,,255809,16,0,34 6,1,25,,255810,38,0,57 6,1,75,,255811,38,0,57 6,1,30,,255812,38,0,57 6,1,20,,255813,16,0,34 6,1,55,,255814,38,0,57 6,1,10,,255815,16,0,34 6,1,20,,255816,38,0,57 6,1,70,,255817,38,0,57 6,1,41,,255818,37,0,7 6,1,97,,255819,15,0,5 6,1,100,,255820,15,0,5 6,1,196,,255821,15,0,5 6,1
2700,'20261103',613,,255822,37,0,7 6,1,30,,255823,37,0,7 6,1,69,,255824,38,0,57 6,1,25,,255825,38,0,57 6,1,20,,255826,38,0,57 6,1,72,,255827,38,0,57 6,1,25,,255828,38,0,57 6,1,75,,255829,38,0,57 6,1,30,,255830,37,0,7 6,1,91,,255831,37,0,7 6,1,100,,255832,37,0,7 6,1,100,,255833,15,0,5 6,1,105,,255834,15,0,5 6,1,145,,255835,15,0,5 6,1,109,,255836,16,0,34 6,1,25,,255837,38,0,57 6,1,75,,255838,38,0,57 6,1,30,,255839,38,0,57 6,1,20,,255840,16,0,34 6,1,55,,255841,38,0,57 6,1,10,,255842,16,0,34 6,1,20,,255843,38,0,57 6,1,70,,255844,38,0,57 6,1,41,,255845,37,0,7 6,1,97,,255846,15,0,5 6,1,100,,255847,15,0,5 6,1,196,,255848,15,0,5 6,1
2700,'20261104',613,,255849,37,0,7 6,1,30,,255850,37,0,7 6,1,69,,255851,38,0,57 6,1,25,,255852,38,0,57 6,1,20,,255853,38,0,57 6,1,72,,255854,38,0,57 6,1,25,,255855,38,0,57 6,1,75,,255856,38,0,57 6,1,30,,255857,37,0,7 6,1,91,,255858,37,0,7 6,1,100,,255859,37,0,7 6,1,100,,255860,15,0,5 6,1,105,,255861,15,0,5 6,1,145,,255862,15,0,5 6,1,109,,255863,16,0,34 6,1,25,,255864,38,0,57 6,1,75,,255865,38,0,57 6,1,30,,255866,38,0,57 6,1,20,,255867,16,0,34 6,1,55,,255868,38,0,57 6,1,10,,255869,16,0,34 6,1,20,,255870,38,0,57 6,1,70,,255871,38,0,57 6,1,41,,255872,37,0,7 6,1,97,,255873,15,0,5 6,1,100,,255874,15,0,5 6,1,196,,255875,15,0,5 6,1
2700,'20261105',613,,255876,37,0,7 6,1,30,,255877,37,0,7 6,1,69,,255878,38,0,57 6,1,25,,255879,38,0,57 6,1,20,,255880,38,0,57 6,1,72,,255881,38,0,57 6,1,25,,255882,38,0,57 6,1,75,,255883,38,0,57 6,1,30,,255884,37,0,7 6,1,91,,255885,37,0,7 6,1,100,,255886,37,0,7 6,1,100,,255887,15,0,5 6,1,105,,255888,15,0,5 6,1,145,,255889,15,0,5 6,1,109,,255890,16,0,34 6,1,25,,255891,38,0,57 6,1,75,,255892,38,0,57 6,1,30,,255893,38,0,57 6,1,20,,255894,16,0,34 6,1,55,,255895,38,0,57 6,1,10,,255896,16,0,34 6,1,20,,255897,38,0,57 6,1,70,,255898,38,0,57 6,1,41,,255899,37,0,7 6,1,97,,255900,15,0,5 6,1,100,,255901,15,0,5 6,1,196,,255902,15,0,5 6,1
2700,'20261106',613,,255903,37,0,7 6,1,30,,255904,37,0,7 6,1,69,,255905,38,0,57 6,1,25,,255906,38,0,57 6,1,20,,255907,38,0,57 6,1,72,,255908,38,0,57 6,1,25,,255909,38,0,57 6,1,75,,255910,38,0,57 6,1,30,,255911,37,0,7 6,1,91,,255912,37,0,7 6,1,100,,255913,37,0,7 6,1,100,,255914,15,0,5 6,1,105,,255915,15,0,5 6,1,145,,255916,15,0,5 6,1,109,,255917,16,0,34 6,1,25,,255918,38,0,57 6,1,75,,255919,38,0,57 6,1,30,,255920,38,0,57 6,1,20,,255921,16,0,34 6,1,55,,255922,38,0,57 6,1,10,,255923,16,0,34 6,1,20,,255924,38,0,57 6,1,70,,255925,38,0,57 6,1,41,,255926,37,0,7 6,1,97,,255927,15,0,5 6,1,100,,255928,15,0,5 6,1,196,,255929,15,0,5 6,1
2700,'20261107',638,,255930,37,0,7 6,1,105,,255931,15,0,5 6,1,100,,255932,15,0,5 6,1,103,,255933,15,0,5 6,1,104,,255934,15,0,5 6,1,105,,255935,15,0,5 6,1,145,,255936,15,0,5 6,1,100,,255937,15,0,5 6,1,100,,255938,15,0,5 6,1,105,,255939,15,0,5 6,1,100,,255940,15,0,5 6,1,100,,255941,15,0,5 6,1,95,,255942,15,0,5 6,1,100,,255943,15,0,5 6,1,55,,255944,15,0,5 6,1,95,,255945,15,0,5 6,1,193,,255946,15,0,5 6,1
2700,'20261108',638,,255947,37,0,7 6,1,105,,255948,15,0,5 6,1,100,,255949,15,0,5 6,1,103,,255950,15,0,5 6,1,104,,255951,15,0,5 6,1,105,,255952,15,0,5 6,1,145,,255953,15,0,5 6,1,100,,255954,15,0,5 6,1,100,,255955,15,0,5 6,1,105,,255956,15,0,5 6,1,100,,255957,15,0,5 6,1,100,,255958,15,0,5 6,1,95,,255959,15,0,5 6,1,100,,255960,15,0,5 6,1,55,,255961,15,0,5 6,1,95,,255962,15,0,5 6,1,193,,255963,15,0,5 6,1
2700,'20261109',613,,255964,37,0,7 6,1,30,,255965,37,0,7 6,1,69,,255966,38,0,57 6,1,25,,255967,38,0,57 6,1,20,,255968,38,0,57 6,1,72,,255969,38,0,57 6,1,25,,255970,38,0,57 6,1,75,,255971,38,0,57 6,1,30,,255972,37,0,7 6,1,91,,255973,37,0,7 6,1,100,,255974,37,0,7 6,1,100,,255975,15,0,5 6,1,105,,255976,15,0,5 6,1,145,,255977,15,0,5 6,1,109,,255978,16,0,34 6,1,25,,255979,38,0,57 6,1,75,,255980,38,0,57 6,1,30,,255981,38,0,57 6,1,20,,255982,16,0,34 6,1,55,,255983,38,0,57 6,1,10,,255984,16,0,34 6,1,20,,255985,38,0,57 6,1,70,,255986,38,0,57 6,1,41,,255987,37,0,7 6,1,97,,255988,15,0,5 6,1,100,,255989,15,0,5 6,1,196,,255990,15,0,5 6,1
2700,'20261110',613,,255991,37,0,7 6,1,30,,255992,37,0,7 6,1,69,,255993,38,0,57 6,1,25,,255994,38,0,57 6,1,20,,255995,38,0,57 6,1,72,,255996,38,0,57 6,1,25,,255997,38,0,57 6,1,75,,255998,38,0,57 6,1,30,,255999,37,0,7 6,1,91,,256000,37,0,7 6,1,100,,256001,37,0,7 6,1,100,,256002,15,0,5 6,1,105,,256003,15,0,5 6,1,145,,256004,15,0,5 6,1,109,,256005,16,0,34 6,1,25,,256006,38,0,57 6,1,75,,256007,38,0,57 6,1,30,,256008,38,0,57 6,1,20,,256009,16,0,34 6,1,55,,256010,38,0,57 6,1,10,,256011,16,0,34 6,1,20,,256012,38,0,57 6,1,70,,256013,38,0,57 6,1,41,,256014,37,0,7 6,1,97,,256015,15,0,5 6,1,100,,256016,15,0,5 6,1,196,,256017,15,0,5 6,1
2700,'20261111',613,,256018,37,0,7 6,1,30,,256019,37,0,7 6,1,69,,256020,38,0,57 6,1,25,,256021,38,0,57 6,1,20,,256022,38,0,57 6,1,72,,256023,38,0,57 6,1,25,,256024,38,0,57 6,1,75,,256025,38,0,57 6,1,30,,256026,37,0,7 6,1,91,,256027,37,0,7 6,1,100,,256028,37,0,7 6,1,100,,256029,15,0,5 6,1,105,,256030,15,0,5 6,1,145,,256031,15,0,5 6,1,109,,256032,16,0,34 6,1,25,,256033,38,0,57 6,1,75,,256034,38,0,57 6,1,30,,256035,38,0,57 6,1,20,,256036,16,0,34 6,1,55,,256037,38,0,57 6,1,10,,256038,16,0,34 6,1,20,,256039,38,0,57 6,1,70,,256040,38,0,57 6,1,41,,256041,37,0,7 6,1,97,,256042,15,0,5 6,1,100,,256043,15,0,5 6,1,196,,256044,15,0,5 6,1
2700,'20261112',613,,256045,37,0,7 6,1,30,,256046,37,0,7 6,1,69,,256047,38,0,57 6,1,25,,256048,38,0,57 6,1,20,,256049,38,0,57 6,1,72,,256050,38,0,57 6,1,25,,256051,38,0,57 6,1,75,,256052,38,0,57 6,1,30,,256053,37,0,7 6,1,91,,256054,37,0,7 6,1,100,,256055,37,0,7 6,1,100,,256056,15,0,5 6,1,105,,256057,15,0,5 6,1,145,,256058,15,0,5 6,1,109,,256059,16,0,34 6,1,25,,256060,38,0,57 6,1,75,,256061,38,0,57 6,1,30,,256062,38,0,57 6,1,20,,256063,16,0,34 6,1,55,,256064,38,0,57 6,1,10,,256065,16,0,34 6,1,20,,256066,38,0,57 6,1,70,,256067,38,0,57 6,1,41,,256068,37,0,7 6,1,97,,256069,15,0,5 6,1,100,,256070,15,0,5 6,1,196,,256071,15,0,5 6,1
2700,'20261113',613,,256072,37,0,7 6,1,30,,256073,37,0,7 6,1,69,,256074,38,0,57 6,1,25,,256075,38,0,57 6,1,20,,256076,38,0,57 6,1,72,,256077,38,0,57 6,1,25,,256078,38,0,57 6,1,75,,256079,38,0,57 6,1,30,,256080,37,0,7 6,1,91,,256081,37,0,7 6,1,100,,256082,37,0,7 6,1,100,,256083,15,0,5 6,1,105,,256084,15,0,5 6,1,145,,256085,15,0,5 6,1,109,,256086,16,0,34 6,1,25,,256087,38,0,57 6,1,75,,256088,38,0,57 6,1,30,,256089,38,0,57 6,1,20,,256090,16,0,34 6,1,55,,256091,38,0,57 6,1,10,,256092,16,0,34 6,1,20,,256093,38,0,57 6,1,70,,256094,38,0,57 6,1,41,,256095,37,0,7 6,1,97,,256096,15,0,5 6,1,100,,256097,15,0,5 6,1,196,,256098,15,0,5 6,1
2700,'20261114',638,,256099,37,0,7 6,1,105,,256100,15,0,5 6,1,100,,256101,15,0,5 6,1,103,,256102,15,0,5 6,1,104,,256103,15,0,5 6,1,105,,256104,15,0,5 6,1,145,,256105,15,0,5 6,1,100,,256106,15,0,5 6,1,100,,256107,15,0,5 6,1,105,,256108,15,0,5 6,1,100,,256109,15,0,5 6,1,100,,256110,15,0,5 6,1,95,,256111,15,0,5 6,1,100,,256112,15,0,5 6,1,55,,256113,15,0,5 6,1,95,,256114,15,0,5 6,1,193,,256115,15,0,5 6,1
2700,'20261115',638,,256116,37,0,7 6,1,105,,256117,15,0,5 6,1,100,,256118,15,0,5 6,1,103,,256119,15,0,5 6,1,104,,256120,15,0,5 6,1,105,,256121,15,0,5 6,1,145,,256122,15,0,5 6,1,100,,256123,15,0,5 6,1,100,,256124,15,0,5 6,1,105,,256125,15,0,5 6,1,100,,256126,15,0,5 6,1,100,,256127,15,0,5 6,1,95,,256128,15,0,5 6,1,100,,256129,15,0,5 6,1,55,,256130,15,0,5 6,1,95,,256131,15,0,5 6,1,193,,256132,15,0,5 6,1
2700,'20261116',613,,256133,37,0,7 6,1,30,,256134,37,0,7 6,1,69,,256135,38,0,57 6,1,25,,256136,38,0,57 6,1,20,,256137,38,0,57 6,1,72,,256138,38,0,57 6,1,25,,256139,38,0,57 6,1,75,,256140,38,0,57 6,1,30,,256141,37,0,7 6,1,91,,256142,37,0,7 6,1,100,,256143,37,0,7 6,1,100,,256144,15,0,5 6,1,105,,256145,15,0,5 6,1,145,,256146,15,0,5 6,1,109,,256147,16,0,34 6,1,25,,256148,38,0,57 6,1,75,,256149,38,0,57 6,1,30,,256150,38,0,57 6,1,20,,256151,16,0,34 6,1,55,,256152,38,0,57 6,1,10,,256153,16,0,34 6,1,20,,256154,38,0,57 6,1,70,,256155,38,0,57 6,1,41,,256156,37,0,7 6,1,97,,256157,15,0,5 6,1,100,,256158,15,0,5 6,1,196,,256159,15,0,5 6,1
2700,'20261117',613,,256160,37,0,7 6,1,30,,256161,37,0,7 6,1,69,,256162,38,0,57 6,1,25,,256163,38,0,57 6,1,20,,256164,38,0,57 6,1,72,,256165,38,0,57 6,1,25,,256166,38,0,57 6,1,75,,256167,38,0,57 6,1,30,,256168,37,0,7 6,1,91,,256169,37,0,7 6,1,100,,256170,37,0,7 6,1,100,,256171,15,0,5 6,1,105,,256172,15,0,5 6,1,145,,256173,15,0,5 6,1,109,,256174,16,0,34 6,1,25,,256175,38,0,57 6,1,75,,256176,38,0,57 6,1,30,,256177,38,0,57 6,1,20,,256178,16,0,34 6,1,55,,256179,38,0,57 6,1,10,,256180,16,0,34 6,1,20,,256181,38,0,57 6,1,70,,256182,38,0,57 6,1,41,,256183,37,0,7 6,1,97,,256184,15,0,5 6,1,100,,256185,15,0,5 6,1,196,,256186,15,0,5 6,1
2700,'20261118',613,,256187,37,0,7 6,1,30,,256188,37,0,7 6,1,69,,256189,38,0,57 6,1,25,,256190,38,0,57 6,1,20,,256191,38,0,57 6,1,72,,256192,38,0,57 6,1,25,,256193,38,0,57 6,1,75,,256194,38,0,57 6,1,30,,256195,37,0,7 6,1,91,,256196,37,0,7 6,1,100,,256197,37,0,7 6,1,100,,256198,15,0,5 6,1,105,,256199,15,0,5 6,1,145,,256200,15,0,5 6,1,109,,256201,16,0,34 6,1,25,,256202,38,0,57 6,1,75,,256203,38,0,57 6,1,30,,256204,38,0,57 6,1,20,,256205,16,0,34 6,1,55,,256206,38,0,57 6,1,10,,256207,16,0,34 6,1,20,,256208,38,0,57 6,1,70,,256209,38,0,57 6,1,41,,256210,37,0,7 6,1,97,,256211,15,0,5 6,1,100,,256212,15,0,5 6,1,196,,256213,15,0,5 6,1
2700,'20261119',613,,256214,37,0,7 6,1,30,,256215,37,0,7 6,1,69,,256216,38,0,57 6,1,25,,256217,38,0,57 6,1,20,,256218,38,0,57 6,1,72,,256219,38,0,57 6,1,25,,256220,38,0,57 6,1,75,,256221,38,0,57 6,1,30,,256222,37,0,7 6,1,91,,256223,37,0,7 6,1,100,,256224,37,0,7 6,1,100,,256225,15,0,5 6,1,105,,256226,15,0,5 6,1,145,,256227,15,0,5 6,1,109,,256228,16,0,34 6,1,25,,256229,38,0,57 6,1,75,,256230,38,0,57 6,1,30,,256231,38,0,57 6,1,20,,256232,16,0,34 6,1,55,,256233,38,0,57 6,1,10,,256234,16,0,34 6,1,20,,256235,38,0,57 6,1,70,,256236,38,0,57 6,1,41,,256237,37,0,7 6,1,97,,256238,15,0,5 6,1,100,,256239,15,0,5 6,1,196,,256240,15,0,5 6,1
2700,'20261120',613,,256241,37,0,7 6,1,30,,256242,37,0,7 6,1,69,,256243,38,0,57 6,1,25,,256244,38,0,57 6,1,20,,256245,38,0,57 6,1,72,,256246,38,0,57 6,1,25,,256247,38,0,57 6,1,75,,256248,38,0,57 6,1,30,,256249,37,0,7 6,1,91,,256250,37,0,7 6,1,100,,256251,37,0,7 6,1,100,,256252,15,0,5 6,1,105,,256253,15,0,5 6,1,145,,256254,15,0,5 6,1,109,,256255,16,0,34 6,1,25,,256256,38,0,57 6,1,75,,256257,38,0,57 6,1,30,,256258,38,0,57 6,1,20,,256259,16,0,34 6,1,55,,256260,38,0,57 6,1,10,,256261,16,0,34 6,1,20,,256262,38,0,57 6,1,70,,256263,38,0,57 6,1,41,,256264,37,0,7 6,1,97,,256265,15,0,5 6,1,100,,256266,15,0,5 6,1,196,,256267,15,0,5 6,1
2700,'20261121',638,,256268,37,0,7 6,1,105,,256269,15,0,5 6,1,100,,256270,15,0,5 6,1,103,,256271,15,0,5 6,1,104,,256272,15,0,5 6,1,105,,256273,15,0,5 6,1,145,,256274,15,0,5 6,1,100,,256275,15,0,5 6,1,100,,256276,15,0,5 6,1,105,,256277,15,0,5 6,1,100,,256278,15,0,5 6,1,100,,256279,15,0,5 6,1,95,,256280,15,0,5 6,1,100,,256281,15,0,5 6,1,55,,256282,15,0,5 6,1,95,,256283,15,0,5 6,1,193,,256284,15,0,5 6,1
2700,'20261122',638,,256285,37,0,7 6,1,105,,256286,15,0,5 6,1,100,,256287,15,0,5 6,1,103,,256288,15,0,5 6,1,104,,256289,15,0,5 6,1,105,,256290,15,0,5 6,1,145,,256291,15,0,5 6,1,100,,256292,15,0,5 6,1,100,,256293,15,0,5 6,1,105,,256294,15,0,5 6,1,100,,256295,15,0,5 6,1,100,,256296,15,0,5 6,1,95,,256297,15,0,5 6,1,100,,256298,15,0,5 6,1,55,,256299,15,0,5 6,1,95,,256300,15,0,5 6,1,193,,256301,15,0,5 6,1
2700,'20261123',613,,256302,37,0,7 6,1,30,,256303,37,0,7 6,1,69,,256304,38,0,57 6,1,25,,256305,38,0,57 6,1,20,,256306,38,0,57 6,1,72,,256307,38,0,57 6,1,25,,256308,38,0,57 6,1,75,,256309,38,0,57 6,1,30,,256310,37,0,7 6,1,91,,256311,37,0,7 6,1,100,,256312,37,0,7 6,1,100,,256313,15,0,5 6,1,105,,256314,15,0,5 6,1,145,,256315,15,0,5 6,1,109,,256316,16,0,34 6,1,25,,256317,38,0,57 6,1,75,,256318,38,0,57 6,1,30,,256319,38,0,57 6,1,20,,256320,16,0,34 6,1,55,,256321,38,0,57 6,1,10,,256322,16,0,34 6,1,20,,256323,38,0,57 6,1,70,,256324,38,0,57 6,1,41,,256325,37,0,7 6,1,97,,256326,15,0,5 6,1,100,,256327,15,0,5 6,1,196,,256328,15,0,5 6,1
2700,'20261124',613,,256329,37,0,7 6,1,30,,256330,37,0,7 6,1,69,,256331,38,0,57 6,1,25,,256332,38,0,57 6,1,20,,256333,38,0,57 6,1,72,,256334,38,0,57 6,1,25,,256335,38,0,57 6,1,75,,256336,38,0,57 6,1,30,,256337,37,0,7 6,1,91,,256338,37,0,7 6,1,100,,256339,37,0,7 6,1,100,,256340,15,0,5 6,1,105,,256341,15,0,5 6,1,145,,256342,15,0,5 6,1,109,,256343,16,0,34 6,1,25,,256344,38,0,57 6,1,75,,256345,38,0,57 6,1,30,,256346,38,0,57 6,1,20,,256347,16,0,34 6,1,55,,256348,38,0,57 6,1,10,,256349,16,0,34 6,1,20,,256350,38,0,57 6,1,70,,256351,38,0,57 6,1,41,,256352,37,0,7 6,1,97,,256353,15,0,5 6,1,100,,256354,15,0,5 6,1,196,,256355,15,0,5 6,1
2700,'20261125',613,,256356,37,0,7 6,1,30,,256357,37,0,7 6,1,69,,256358,38,0,57 6,1,25,,256359,38,0,57 6,1,20,,256360,38,0,57 6,1,72,,256361,38,0,57 6,1,25,,256362,38,0,57 6,1,75,,256363,38,0,57 6,1,30,,256364,37,0,7 6,1,91,,256365,37,0,7 6,1,100,,256366,37,0,7 6,1,100,,256367,15,0,5 6,1,105,,256368,15,0,5 6,1,145,,256369,15,0,5 6,1,109,,256370,16,0,34 6,1,25,,256371,38,0,57 6,1,75,,256372,38,0,57 6,1,30,,256373,38,0,57 6,1,20,,256374,16,0,34 6,1,55,,256375,38,0,57 6,1,10,,256376,16,0,34 6,1,20,,256377,38,0,57 6,1,70,,256378,38,0,57 6,1,41,,256379,37,0,7 6,1,97,,256380,15,0,5 6,1,100,,256381,15,0,5 6,1,196,,256382,15,0,5 6,1
2700,'20261126',613,,256383,37,0,7 6,1,30,,256384,37,0,7 6,1,69,,256385,38,0,57 6,1,25,,256386,38,0,57 6,1,20,,256387,38,0,57 6,1,72,,256388,38,0,57 6,1,25,,256389,38,0,57 6,1,75,,256390,38,0,57 6,1,30,,256391,37,0,7 6,1,91,,256392,37,0,7 6,1,100,,256393,37,0,7 6,1,100,,256394,15,0,5 6,1,105,,256395,15,0,5 6,1,145,,256396,15,0,5 6,1,109,,256397,16,0,34 6,1,25,,256398,38,0,57 6,1,75,,256399,38,0,57 6,1,30,,256400,38,0,57 6,1,20,,256401,16,0,34 6,1,55,,256402,38,0,57 6,1,10,,256403,16,0,34 6,1,20,,256404,38,0,57 6,1,70,,256405,38,0,57 6,1,41,,256406,37,0,7 6,1,97,,256407,15,0,5 6,1,100,,256408,15,0,5 6,1,196,,256409,15,0,5 6,1
2700,'20261127',613,,256410,37,0,7 6,1,30,,256411,37,0,7 6,1,69,,256412,38,0,57 6,1,25,,256413,38,0,57 6,1,20,,256414,38,0,57 6,1,72,,256415,38,0,57 6,1,25,,256416,38,0,57 6,1,75,,256417,38,0,57 6,1,30,,256418,37,0,7 6,1,91,,256419,37,0,7 6,1,100,,256420,37,0,7 6,1,100,,256421,15,0,5 6,1,105,,256422,15,0,5 6,1,145,,256423,15,0,5 6,1,109,,256424,16,0,34 6,1,25,,256425,38,0,57 6,1,75,,256426,38,0,57 6,1,30,,256427,38,0,57 6,1,20,,256428,16,0,34 6,1,55,,256429,38,0,57 6,1,10,,256430,16,0,34 6,1,20,,256431,38,0,57 6,1,70,,256432,38,0,57 6,1,41,,256433,37,0,7 6,1,97,,256434,15,0,5 6,1,100,,256435,15,0,5 6,1,196,,256436,15,0,5 6,1
6701,'20260910',712,,314889,12,,,1,37,,314890,12,,,1,80,,314891,12,,,1,80,,314892,12,,,1
6701,'20260911',712,,314893,12,,,1,37,,314894,12,,,1,80,,314895,12,,,1,80,,314896,12,,,1
6701,'20260914',712,,314897,12,,,1,37,,314898,12,,,1,80,,314899,12,,,1,80,,314900,12,,,1
6701,'20260915',712,,314901,12,,,1,37,,314902,12,,,1,80,,314903,12,,,1,80,,314904,12,,,1
6701,'20260916',712,,314905,12,,,1,37,,314906,12,,,1,80,,314907,12,,,1,80,,314908,12,,,1
6701,'20260917',712,,314909,12,,,1,37,,314910,12,,,1,80,,314911,12,,,1,80,,314912,12,,,1
6701,'20260918',712,,314913,12,,,1,37,,314914,12,,,1,80,,314915,12,,,1,80,,314916,12,,,1
6701,'20260921',712,,314917,12,,,1,37,,314918,12,,,1,80,,314919,12,,,1,80,,314920,12,,,1
6701,'20260922',712,,314921,12,,,1,37,,314922,12,,,1,80,,314923,12,,,1,80,,314924,12,,,1
6701,'20260923',712,,314925,12,,,1,37,,314926,12,,,1,80,,314927,12,,,1,80,,314928,12,,,1
6701,'20260924',712,,314929,12,,,1,37,,314930,12,,,1,80,,314931,12,,,1,80,,314932,12,,,1
6701,'20260925',712,,314933,12,,,1,37,,314934,12,,,1,80,,314935,12,,,1,80,,314936,12,,,1
6701,'20260928',712,,314937,12,,,1,37,,314938,12,,,1,80,,314939,12,,,1,80,,314940,12,,,1
6701,'20260929',712,,314941,12,,,1,37,,314942,12,,,1,80,,314943,12,,,1,80,,314944,12,,,1
6701,'20260930',712,,314945,12,,,1,37,,314946,12,,,1,80,,314947,12,,,1,80,,314948,12,,,1
6701,'20261001',712,,314949,12,,,1,37,,314950,12,,,1,80,,314951,12,,,1,80,,314952,12,,,1
6701,'20261002',712,,314953,12,,,1,37,,314954,12,,,1,80,,314955,12,,,1,80,,314956,12,,,1
6701,'20261005',712,,314957,12,,,1,37,,314958,12,,,1,80,,314959,12,,,1,80,,314960,12,,,1
6701,'20261006',712,,314961,12,,,1,37,,314962,12,,,1,80,,314963,12,,,1,80,,314964,12,,,1
6701,'20261007',712,,314965,12,,,1,37,,314966,12,,,1,80,,314967,12,,,1,80,,314968,12,,,1
6701,'20261008',712,,314969,12,,,1,37,,314970,12,,,1,80,,314971,12,,,1,80,,314972,12,,,1
6701,'20261009',712,,314973,12,,,1,37,,314974,12,,,1,80,,314975,12,,,1,80,,314976,12,,,1
6701,'20261013',712,,314977,12,,,1,37,,314978,12,,,1,80,,314979,12,,,1,80,,314980,12,,,1
6701,'20261014',712,,314981,12,,,1,37,,314982,12,,,1,80,,314983,12,,,1,80,,314984,12,,,1
6701,'20261015',712,,314985,12,,,1,37,,314986,12,,,1,80,,314987,12,,,1,80,,314988,12,,,1
6701,'20261016',712,,314989,12,,,1,37,,314990,12,,,1,80,,314991,12,,,1,80,,314992,12,,,1
6701,'20261019',712,,314993,12,,,1,37,,314994,12,,,1,80,,314995,12,,,1,80,,314996,12,,,1
6701,'20261020',712,,314997,12,,,1,37,,314998,12,,,1,80,,314999,12,,,1,80,,315000,12,,,1
6701,'20261021',712,,315001,12,,,1,37,,315002,12,,,1,80,,315003,12,,,1,80,,315004,12,,,1
6701,'20261022',712,,315005,12,,,1,37,,315006,12,,,1,80,,315007,12,,,1,80,,315008,12,,,1
6701,'20261023',712,,315009,12,,,1,37,,315010,12,,,1,80,,315011,12,,,1,80,,315012,12,,,1
6701,'20261026',712,,315013,12,,,1,37,,315014,12,,,1,80,,315015,12,,,1,80,,315016,12,,,1
6701,'20261027',712,,315017,12,,,1,37,,315018,12,,,1,80,,315019,12,,,1,80,,315020,12,,,1
6701,'20261028',712,,315021,12,,,1,37,,315022,12,,,1,80,,315023,12,,,1,80,,315024,12,,,1
6701,'20261029',712,,315025,12,,,1,37,,315026,12,,,1,80,,315027,12,,,1,80,,315028,12,,,1
6701,'20261030',712,,315029,12,,,1,37,,315030,12,,,1,80,,315031,12,,,1,80,,315032,12,,,1
6701,'20261102',712,,315033,12,,,1,37,,315034,12,,,1,80,,315035,12,,,1,80,,315036,12,,,1
6701,'20261103',712,,315037,12,,,1,37,,315038,12,,,1,80,,315039,12,,,1,80,,315040,12,,,1
6701,'20261104',712,,315041,12,,,1,37,,315042,12,,,1,80,,315043,12,,,1,80,,315044,12,,,1
6701,'20261105',712,,315045,12,,,1,37,,315046,12,,,1,80,,315047,12,,,1,80,,315048,12,,,1
6701,'20261106',712,,315049,12,,,1,37,,315050,12,,,1,80,,315051,12,,,1,80,,315052,12,,,1
6701,'20261109',712,,315053,12,,,1,37,,315054,12,,,1,80,,315055,12,,,1,80,,315056,12,,,1
6701,'20261110',712,,315057,12,,,1,37,,315058,12,,,1,80,,315059,12,,,1,80,,315060,12,,,1
6701,'20261111',712,,315061,12,,,1,37,,315062,12,,,1,80,,315063,12,,,1,80,,315064,12,,,1
6701,'20261112',712,,315065,12,,,1,37,,315066,12,,,1,80,,315067,12,,,1,80,,315068,12,,,1
6701,'20261113',712,,315069,12,,,1,37,,315070,12,,,1,80,,315071,12,,,1,80,,315072,12,,,1
6701,'20261116',712,,315073,12,,,1,37,,315074,12,,,1,80,,315075,12,,,1,80,,315076,12,,,1
6701,'20261117',712,,315077,12,,,1,37,,315078,12,,,1,80,,315079,12,,,1,80,,315080,12,,,1
6701,'20261118',712,,315081,12,,,1,37,,315082,12,,,1,80,,315083,12,,,1,80,,315084,12,,,1
6701,'20261119',712,,315085,12,,,1,37,,315086,12,,,1,80,,315087,12,,,1,80,,315088,12,,,1
6701,'20261120',712,,315089,12,,,1,37,,315090,12,,,1,80,,315091,12,,,1,80,,315092,12,,,1
6701,'20261123',712,,315093,12,,,1,37,,315094,12,,,1,80,,315095,12,,,1,80,,315096,12,,,1
6701,'20261124',712,,315097,12,,,1,37,,315098,12,,,1,80,,315099,12,,,1,80,,315100,12,,,1
6701,'20261125',712,,315101,12,,,1,37,,315102,12,,,1,80,,315103,12,,,1,80,,315104,12,,,1
6701,'20261126',712,,315105,12,,,1,37,,315106,12,,,1,80,,315107,12,,,1,80,,315108,12,,,1
6701,'20261127',712,,315109,12,,,1,37,,315110,12,,,1,80,,315111,12,,,1,80,,315112,12,,,1
9601,'20260910',553,,331293,10,0,5 6,1,85,,331294,10,0,5 6,1,78,,331295,10,0,5 6,1,30,,331296,10,0,5 6,1,63,,331297,10,0,5 6,1,15,,331298,10,0,5 6,1,82,,331299,10,0,5 6,1,40,,331300,10,0,5 6,1,190,,331301,10,0,5 6,1,202,,331302,10,0,5 6,1,200,,331303,10,0,5 6,1,200,,331304,10,0,5 6,1,100,,331305,10,0,5 6,1,193,,331306,10,0,5 6,1
9601,'20260911',553,,331307,10,0,5 6,1,85,,331308,10,0,5 6,1,78,,331309,10,0,5 6,1,30,,331310,10,0,5 6,1,78,,331311,10,0,5 6,1,82,,331312,10,0,5 6,1,40,,331313,10,0,5 6,1,190,,331314,10,0,5 6,1,202,,331315,10,0,5 6,1,200,,331316,10,0,5 6,1,200,,331317,10,0,5 6,1,100,,331318,10,0,5 6,1,193,,331319,10,0,5 6,1
9601,'20260912',723,,331320,10,0,5 6,1,200,,331321,10,0,5 6,1,208,,331322,10,0,5 6,1,105,,331323,10,0,5 6,1,105,,331324,10,0,5 6,1,100,,331325,10,0,5 6,1,100,,331326,10,0,5 6,1,102,,331327,10,0,5 6,1,100,,331328,10,0,5 6,1,198,,331329,10,0,5 6,1,190,,331330,10,0,5 6,1
9601,'20260913',723,,331331,10,0,5 6,1,200,,331332,10,0,5 6,1,208,,331333,10,0,5 6,1,105,,331334,10,0,5 6,1,105,,331335,10,0,5 6,1,100,,331336,10,0,5 6,1,100,,331337,10,0,5 6,1,102,,331338,10,0,5 6,1,100,,331339,10,0,5 6,1,198,,331340,10,0,5 6,1,190,,331341,10,0,5 6,1
9601,'20260914',553,,331342,10,0,5 6,1,85,,331343,10,0,5 6,1,78,,331344,10,0,5 6,1,30,,331345,10,0,5 6,1,63,,331346,10,0,5 6,1,15,,331347,10,0,5 6,1,82,,331348,10,0,5 6,1,40,,331349,10,0,5 6,1,190,,331350,10,0,5 6,1,202,,331351,10,0,5 6,1,200,,331352,10,0,5 6,1,200,,331353,10,0,5 6,1,100,,331354,10,0,5 6,1,193,,331355,10,0,5 6,1
9601,'20260915',553,,331356,10,0,5 6,1,85,,331357,10,0,5 6,1,78,,331358,10,0,5 6,1,30,,331359,10,0,5 6,1,63,,331360,10,0,5 6,1,15,,331361,10,0,5 6,1,82,,331362,10,0,5 6,1,40,,331363,10,0,5 6,1,190,,331364,10,0,5 6,1,202,,331365,10,0,5 6,1,200,,331366,10,0,5 6,1,200,,331367,10,0,5 6,1,100,,331368,10,0,5 6,1,193,,331369,10,0,5 6,1
9601,'20260916',553,,331370,10,0,5 6,1,85,,331371,10,0,5 6,1,78,,331372,10,0,5 6,1,30,,331373,10,0,5 6,1,63,,331374,10,0,5 6,1,15,,331375,10,0,5 6,1,82,,331376,10,0,5 6,1,40,,331377,10,0,5 6,1,190,,331378,10,0,5 6,1,202,,331379,10,0,5 6,1,200,,331380,10,0,5 6,1,200,,331381,10,0,5 6,1,100,,331382,10,0,5 6,1,193,,331383,10,0,5 6,1
9601,'20260917',553,,331384,10,0,5 6,1,85,,331385,10,0,5 6,1,78,,331386,10,0,5 6,1,30,,331387,10,0,5 6,1,63,,331388,10,0,5 6,1,15,,331389,10,0,5 6,1,82,,331390,10,0,5 6,1,40,,331391,10,0,5 6,1,190,,331392,10,0,5 6,1,202,,331393,10,0,5 6,1,200,,331394,10,0,5 6,1,200,,331395,10,0,5 6,1,100,,331396,10,0,5 6,1,193,,331397,10,0,5 6,1
9601,'20260918',553,,331398,10,0,5 6,1,85,,331399,10,0,5 6,1,78,,331400,10,0,5 6,1,30,,331401,10,0,5 6,1,78,,331402,10,0,5 6,1,82,,331403,10,0,5 6,1,40,,331404,10,0,5 6,1,190,,331405,10,0,5 6,1,202,,331406,10,0,5 6,1,200,,331407,10,0,5 6,1,200,,331408,10,0,5 6,1,100,,331409,10,0,5 6,1,193,,331410,10,0,5 6,1
9601,'20260919',723,,331411,10,0,5 6,1,200,,331412,10,0,5 6,1,208,,331413,10,0,5 6,1,105,,331414,10,0,5 6,1,105,,331415,10,0,5 6,1,100,,331416,10,0,5 6,1,100,,331417,10,0,5 6,1,102,,331418,10,0,5 6,1,100,,331419,10,0,5 6,1,198,,331420,10,0,5 6,1,190,,331421,10,0,5 6,1
9601,'20260920',723,,331422,10,0,5 6,1,200,,331423,10,0,5 6,1,208,,331424,10,0,5 6,1,105,,331425,10,0,5 6,1,105,,331426,10,0,5 6,1,100,,331427,10,0,5 6,1,100,,331428,10,0,5 6,1,102,,331429,10,0,5 6,1,100,,331430,10,0,5 6,1,198,,331431,10,0,5 6,1,190,,331432,10,0,5 6,1
9601,'20260921',553,,331433,10,0,5 6,1,85,,331434,10,0,5 6,1,78,,331435,10,0,5 6,1,30,,331436,10,0,5 6,1,63,,331437,10,0,5 6,1,15,,331438,10,0,5 6,1,82,,331439,10,0,5 6,1,40,,331440,10,0,5 6,1,190,,331441,10,0,5 6,1,202,,331442,10,0,5 6,1,200,,331443,10,0,5 6,1,200,,331444,10,0,5 6,1,100,,331445,10,0,5 6,1,193,,331446,10,0,5 6,1
9601,'20260922',553,,331447,10,0,5 6,1,85,,331448,10,0,5 6,1,78,,331449,10,0,5 6,1,30,,331450,10,0,5 6,1,63,,331451,10,0,5 6,1,15,,331452,10,0,5 6,1,82,,331453,10,0,5 6,1,40,,331454,10,0,5 6,1,190,,331455,10,0,5 6,1,202,,331456,10,0,5 6,1,200,,331457,10,0,5 6,1,200,,331458,10,0,5 6,1,100,,331459,10,0,5 6,1,193,,331460,10,0,5 6,1
9601,'20260923',553,,331461,10,0,5 6,1,85,,331462,10,0,5 6,1,78,,331463,10,0,5 6,1,30,,331464,10,0,5 6,1,63,,331465,10,0,5 6,1,15,,331466,10,0,5 6,1,82,,331467,10,0,5 6,1,40,,331468,10,0,5 6,1,190,,331469,10,0,5 6,1,202,,331470,10,0,5 6,1,200,,331471,10,0,5 6,1,200,,331472,10,0,5 6,1,100,,331473,10,0,5 6,1,193,,331474,10,0,5 6,1
9601,'20260924',553,,331475,10,0,5 6,1,85,,331476,10,0,5 6,1,78,,331477,10,0,5 6,1,30,,331478,10,0,5 6,1,63,,331479,10,0,5 6,1,15,,331480,10,0,5 6,1,82,,331481,10,0,5 6,1,40,,331482,10,0,5 6,1,190,,331483,10,0,5 6,1,202,,331484,10,0,5 6,1,200,,331485,10,0,5 6,1,200,,331486,10,0,5 6,1,100,,331487,10,0,5 6,1,193,,331488,10,0,5 6,1
9601,'20260925',553,,331489,10,0,5 6,1,85,,331490,10,0,5 6,1,78,,331491,10,0,5 6,1,30,,331492,10,0,5 6,1,78,,331493,10,0,5 6,1,82,,331494,10,0,5 6,1,40,,331495,10,0,5 6,1,190,,331496,10,0,5 6,1,202,,331497,10,0,5 6,1,200,,331498,10,0,5 6,1,200,,331499,10,0,5 6,1,100,,331500,10,0,5 6,1,193,,331501,10,0,5 6,1
9601,'20260926',723,,331502,10,0,5 6,1,200,,331503,10,0,5 6,1,208,,331504,10,0,5 6,1,105,,331505,10,0,5 6,1,105,,331506,10,0,5 6,1,100,,331507,10,0,5 6,1,100,,331508,10,0,5 6,1,102,,331509,10,0,5 6,1,100,,331510,10,0,5 6,1,198,,331511,10,0,5 6,1,190,,331512,10,0,5 6,1
9601,'20260927',723,,331513,10,0,5 6,1,200,,331514,10,0,5 6,1,208,,331515,10,0,5 6,1,105,,331516,10,0,5 6,1,105,,331517,10,0,5 6,1,100,,331518,10,0,5 6,1,100,,331519,10,0,5 6,1,102,,331520,10,0,5 6,1,100,,331521,10,0,5 6,1,198,,331522,10,0,5 6,1,190,,331523,10,0,5 6,1
9601,'20260928',553,,331524,10,0,5 6,1,85,,331525,10,0,5 6,1,78,,331526,10,0,5 6,1,30,,331527,10,0,5 6,1,63,,331528,10,0,5 6,1,15,,331529,10,0,5 6,1,82,,331530,10,0,5 6,1,40,,331531,10,0,5 6,1,190,,331532,10,0,5 6,1,202,,331533,10,0,5 6,1,200,,331534,10,0,5 6,1,200,,331535,10,0,5 6,1,100,,331536,10,0,5 6,1,193,,331537,10,0,5 6,1
9601,'20260929',553,,331538,10,0,5 6,1,85,,331539,10,0,5 6,1,78,,331540,10,0,5 6,1,30,,331541,10,0,5 6,1,63,,331542,10,0,5 6,1,15,,331543,10,0,5 6,1,82,,331544,10,0,5 6,1,40,,331545,10,0,5 6,1,190,,331546,10,0,5 6,1,202,,331547,10,0,5 6,1,200,,331548,10,0,5 6,1,200,,331549,10,0,5 6,1,100,,331550,10,0,5 6,1,193,,331551,10,0,5 6,1
9601,'20260930',553,,331552,10,0,5 6,1,85,,331553,10,0,5 6,1,78,,331554,10,0,5 6,1,30,,331555,10,0,5 6,1,63,,331556,10,0,5 6,1,15,,331557,10,0,5 6,1,82,,331558,10,0,5 6,1,40,,331559,10,0,5 6,1,190,,331560,10,0,5 6,1,202,,331561,10,0,5 6,1,200,,331562,10,0,5 6,1,200,,331563,10,0,5 6,1,100,,331564,10,0,5 6,1,193,,331565,10,0,5 6,1
9601,'20261001',553,,331566,10,0,5 6,1,85,,331567,10,0,5 6,1,78,,331568,10,0,5 6,1,30,,331569,10,0,5 6,1,63,,331570,10,0,5 6,1,15,,331571,10,0,5 6,1,82,,331572,10,0,5 6,1,40,,331573,10,0,5 6,1,190,,331574,10,0,5 6,1,202,,331575,10,0,5 6,1,200,,331576,10,0,5 6,1,200,,331577,10,0,5 6,1,100,,331578,10,0,5 6,1,193,,331579,10,0,5 6,1
9601,'20261002',553,,331580,10,0,5 6,1,85,,331581,10,0,5 6,1,78,,331582,10,0,5 6,1,30,,331583,10,0,5 6,1,78,,331584,10,0,5 6,1,82,,331585,10,0,5 6,1,40,,331586,10,0,5 6,1,190,,331587,10,0,5 6,1,202,,331588,10,0,5 6,1,200,,331589,10,0,5 6,1,200,,331590,10,0,5 6,1,100,,331591,10,0,5 6,1,193,,331592,10,0,5 6,1
9601,'20261003',723,,331593,10,0,5 6,1,200,,331594,10,0,5 6,1,208,,331595,10,0,5 6,1,105,,331596,10,0,5 6,1,105,,331597,10,0,5 6,1,100,,331598,10,0,5 6,1,100,,331599,10,0,5 6,1,102,,331600,10,0,5 6,1,100,,331601,10,0,5 6,1,198,,331602,10,0,5 6,1,190,,331603,10,0,5 6,1
9601,'20261004',723,,331604,10,0,5 6,1,200,,331605,10,0,5 6,1,208,,331606,10,0,5 6,1,105,,331607,10,0,5 6,1,105,,331608,10,0,5 6,1,100,,331609,10,0,5 6,1,100,,331610,10,0,5 6,1,102,,331611,10,0,5 6,1,100,,331612,10,0,5 6,1,198,,331613,10,0,5 6,1,190,,331614,10,0,5 6,1
9601,'20261005',553,,331615,10,0,5 6,1,85,,331616,10,0,5 6,1,78,,331617,10,0,5 6,1,30,,331618,10,0,5 6,1,63,,331619,10,0,5 6,1,15,,331620,10,0,5 6,1,82,,331621,10,0,5 6,1,40,,331622,10,0,5 6,1,190,,331623,10,0,5 6,1,202,,331624,10,0,5 6,1,200,,331625,10,0,5 6,1,200,,331626,10,0,5 6,1,100,,331627,10,0,5 6,1,193,,331628,10,0,5 6,1
9601,'20261006',553,,331629,10,0,5 6,1,85,,331630,10,0,5 6,1,78,,331631,10,0,5 6,1,30,,331632,10,0,5 6,1,63,,331633,10,0,5 6,1,15,,331634,10,0,5 6,1,82,,331635,10,0,5 6,1,40,,331636,10,0,5 6,1,190,,331637,10,0,5 6,1,202,,331638,10,0,5 6,1,200,,331639,10,0,5 6,1,200,,331640,10,0,5 6,1,100,,331641,10,0,5 6,1,193,,331642,10,0,5 6,1
9601,'20261007',553,,331643,10,0,5 6,1,85,,331644,10,0,5 6,1,78,,331645,10,0,5 6,1,30,,331646,10,0,5 6,1,63,,331647,10,0,5 6,1,15,,331648,10,0,5 6,1,82,,331649,10,0,5 6,1,40,,331650,10,0,5 6,1,190,,331651,10,0,5 6,1,202,,331652,10,0,5 6,1,200,,331653,10,0,5 6,1,200,,331654,10,0,5 6,1,100,,331655,10,0,5 6,1,193,,331656,10,0,5 6,1
9601,'20261008',553,,331657,10,0,5 6,1,85,,331658,10,0,5 6,1,78,,331659,10,0,5 6,1,30,,331660,10,0,5 6,1,63,,331661,10,0,5 6,1,15,,331662,10,0,5 6,1,82,,331663,10,0,5 6,1,40,,331664,10,0,5 6,1,190,,331665,10,0,5 6,1,202,,331666,10,0,5 6,1,200,,331667,10,0,5 6,1,200,,331668,10,0,5 6,1,100,,331669,10,0,5 6,1,193,,331670,10,0,5 6,1
9601,'20261009',553,,331671,10,0,5 6,1,85,,331672,10,0,5 6,1,78,,331673,10,0,5 6,1,30,,331674,10,0,5 6,1,78,,331675,10,0,5 6,1,82,,331676,10,0,5 6,1,40,,331677,10,0,5 6,1,190,,331678,10,0,5 6,1,202,,331679,10,0,5 6,1,200,,331680,10,0,5 6,1,200,,331681,10,0,5 6,1,100,,331682,10,0,5 6,1,193,,331683,10,0,5 6,1
9601,'20261010',723,,331684,10,0,5 6,1,200,,331685,10,0,5 6,1,208,,331686,10,0,5 6,1,105,,331687,10,0,5 6,1,105,,331688,10,0,5 6,1,100,,331689,10,0,5 6,1,100,,331690,10,0,5 6,1,102,,331691,10,0,5 6,1,100,,331692,10,0,5 6,1,198,,331693,10,0,5 6,1,190,,331694,10,0,5 6,1
9601,'20261011',723,,331695,10,0,5 6,1,200,,331696,10,0,5 6,1,208,,331697,10,0,5 6,1,105,,331698,10,0,5 6,1,105,,331699,10,0,5 6,1,100,,331700,10,0,5 6,1,100,,331701,10,0,5 6,1,102,,331702,10,0,5 6,1,100,,331703,10,0,5 6,1,198,,331704,10,0,5 6,1,190,,331705,10,0,5 6,1
9601,'20261012',723,,331706,10,0,5 6,1,200,,331707,10,0,5 6,1,208,,331708,10,0,5 6,1,105,,331709,10,0,5 6,1,105,,331710,10,0,5 6,1,100,,331711,10,0,5 6,1,100,,331712,10,0,5 6,1,102,,331713,10,0,5 6,1,100,,331714,10,0,5 6,1,198,,331715,10,0,5 6,1,190,,331716,10,0,5 6,1
9601,'20261013',553,,331717,10,0,5 6,1,85,,331718,10,0,5 6,1,78,,331719,10,0,5 6,1,30,,331720,10,0,5 6,1,63,,331721,10,0,5 6,1,15,,331722,10,0,5 6,1,82,,331723,10,0,5 6,1,40,,331724,10,0,5 6,1,190,,331725,10,0,5 6,1,202,,331726,10,0,5 6,1,200,,331727,10,0,5 6,1,200,,331728,10,0,5 6,1,100,,331729,10,0,5 6,1,193,,331730,10,0,5 6,1
9601,'20261014',553,,331731,10,0,5 6,1,85,,331732,10,0,5 6,1,78,,331733,10,0,5 6,1,30,,331734,10,0,5 6,1,63,,331735,10,0,5 6,1,15,,331736,10,0,5 6,1,82,,331737,10,0,5 6,1,40,,331738,10,0,5 6,1,190,,331739,10,0,5 6,1,202,,331740,10,0,5 6,1,200,,331741,10,0,5 6,1,200,,331742,10,0,5 6,1,100,,331743,10,0,5 6,1,193,,331744,10,0,5 6,1
9601,'20261015',553,,331745,10,0,5 6,1,85,,331746,10,0,5 6,1,78,,331747,10,0,5 6,1,30,,331748,10,0,5 6,1,63,,331749,10,0,5 6,1,15,,331750,10,0,5 6,1,82,,331751,10,0,5 6,1,40,,331752,10,0,5 6,1,190,,331753,10,0,5 6,1,202,,331754,10,0,5 6,1,200,,331755,10,0,5 6,1,200,,331756,10,0,5 6,1,100,,331757,10,0,5 6,1,193,,331758,10,0,5 6,1
9601,'20261016',553,,331759,10,0,5 6,1,85,,331760,10,0,5 6,1,78,,331761,10,0,5 6,1,30,,331762,10,0,5 6,1,78,,331763,10,0,5 6,1,82,,331764,10,0,5 6,1,40,,331765,10,0,5 6,1,190,,331766,10,0,5 6,1,202,,331767,10,0,5 6,1,200,,331768,10,0,5 6,1,200,,331769,10,0,5 6,1,100,,331770,10,0,5 6,1,193,,331771,10,0,5 6,1
9601,'20261017',723,,331772,10,0,5 6,1,200,,331773,10,0,5 6,1,208,,331774,10,0,5 6,1,105,,331775,10,0,5 6,1,105,,331776,10,0,5 6,1,100,,331777,10,0,5 6,1,100,,331778,10,0,5 6,1,102,,331779,10,0,5 6,1,100,,331780,10,0,5 6,1,198,,331781,10,0,5 6,1,190,,331782,10,0,5 6,1
9601,'20261018',723,,331783,10,0,5 6,1,200,,331784,10,0,5 6,1,208,,331785,10,0,5 6,1,105,,331786,10,0,5 6,1,105,,331787,10,0,5 6,1,100,,331788,10,0,5 6,1,100,,331789,10,0,5 6,1,102,,331790,10,0,5 6,1,100,,331791,10,0,5 6,1,198,,331792,10,0,5 6,1,190,,331793,10,0,5 6,1
9601,'20261019',553,,331794,10,0,5 6,1,85,,331795,10,0,5 6,1,78,,331796,10,0,5 6,1,30,,331797,10,0,5 6,1,63,,331798,10,0,5 6,1,15,,331799,10,0,5 6,1,82,,331800,10,0,5 6,1,40,,331801,10,0,5 6,1,190,,331802,10,0,5 6,1,202,,331803,10,0,5 6,1,200,,331804,10,0,5 6,1,200,,331805,10,0,5 6,1,100,,331806,10,0,5 6,1,193,,331807,10,0,5 6,1
9601,'20261020',553,,331808,10,0,5 6,1,85,,331809,10,0,5 6,1,78,,331810,10,0,5 6,1,30,,331811,10,0,5 6,1,63,,331812,10,0,5 6,1,15,,331813,10,0,5 6,1,82,,331814,10,0,5 6,1,40,,331815,10,0,5 6,1,190,,331816,10,0,5 6,1,202,,331817,10,0,5 6,1,200,,331818,10,0,5 6,1,200,,331819,10,0,5 6,1,100,,331820,10,0,5 6,1,193,,331821,10,0,5 6,1
9601,'20261021',553,,331822,10,0,5 6,1,85,,331823,10,0,5 6,1,78,,331824,10,0,5 6,1,30,,331825,10,0,5 6,1,63,,331826,10,0,5 6,1,15,,331827,10,0,5 6,1,82,,331828,10,0,5 6,1,40,,331829,10,0,5 6,1,190,,331830,10,0,5 6,1,202,,331831,10,0,5 6,1,200,,331832,10,0,5 6,1,200,,331833,10,0,5 6,1,100,,331834,10,0,5 6,1,193,,331835,10,0,5 6,1
9601,'20261022',553,,331836,10,0,5 6,1,85,,331837,10,0,5 6,1,78,,331838,10,0,5 6,1,30,,331839,10,0,5 6,1,63,,331840,10,0,5 6,1,15,,331841,10,0,5 6,1,82,,331842,10,0,5 6,1,40,,331843,10,0,5 6,1,190,,331844,10,0,5 6,1,202,,331845,10,0,5 6,1,200,,331846,10,0,5 6,1,200,,331847,10,0,5 6,1,100,,331848,10,0,5 6,1,193,,331849,10,0,5 6,1
9601,'20261023',553,,331850,10,0,5 6,1,85,,331851,10,0,5 6,1,78,,331852,10,0,5 6,1,30,,331853,10,0,5 6,1,78,,331854,10,0,5 6,1,82,,331855,10,0,5 6,1,40,,331856,10,0,5 6,1,190,,331857,10,0,5 6,1,202,,331858,10,0,5 6,1,200,,331859,10,0,5 6,1,200,,331860,10,0,5 6,1,100,,331861,10,0,5 6,1,193,,331862,10,0,5 6,1
9601,'20261024',723,,331863,10,0,5 6,1,200,,331864,10,0,5 6,1,208,,331865,10,0,5 6,1,105,,331866,10,0,5 6,1,105,,331867,10,0,5 6,1,100,,331868,10,0,5 6,1,100,,331869,10,0,5 6,1,102,,331870,10,0,5 6,1,100,,331871,10,0,5 6,1,198,,331872,10,0,5 6,1,190,,331873,10,0,5 6,1
9601,'20261025',723,,331874,10,0,5 6,1,200,,331875,10,0,5 6,1,208,,331876,10,0,5 6,1,105,,331877,10,0,5 6,1,105,,331878,10,0,5 6,1,100,,331879,10,0,5 6,1,100,,331880,10,0,5 6,1,102,,331881,10,0,5 6,1,100,,331882,10,0,5 6,1,198,,331883,10,0,5 6,1,190,,331884,10,0,5 6,1
9601,'20261026',553,,331885,10,0,5 6,1,85,,331886,10,0,5 6,1,78,,331887,10,0,5 6,1,30,,331888,10,0,5 6,1,63,,331889,10,0,5 6,1,15,,331890,10,0,5 6,1,82,,331891,10,0,5 6,1,40,,331892,10,0,5 6,1,190,,331893,10,0,5 6,1,202,,331894,10,0,5 6,1,200,,331895,10,0,5 6,1,200,,331896,10,0,5 6,1,100,,331897,10,0,5 6,1,193,,331898,10,0,5 6,1
9601,'20261027',553,,331899,10,0,5 6,1,85,,331900,10,0,5 6,1,78,,331901,10,0,5 6,1,30,,331902,10,0,5 6,1,63,,331903,10,0,5 6,1,15,,331904,10,0,5 6,1,82,,331905,10,0,5 6,1,40,,331906,10,0,5 6,1,190,,331907,10,0,5 6,1,202,,331908,10,0,5 6,1,200,,331909,10,0,5 6,1,200,,331910,10,0,5 6,1,100,,331911,10,0,5 6,1,193,,331912,10,0,5 6,1
9601,'20261028',553,,331913,10,0,5 6,1,85,,331914,10,0,5 6,1,78,,331915,10,0,5 6,1,30,,331916,10,0,5 6,1,63,,331917,10,0,5 6,1,15,,331918,10,0,5 6,1,82,,331919,10,0,5 6,1,40,,331920,10,0,5 6,1,190,,331921,10,0,5 6,1,202,,331922,10,0,5 6,1,200,,331923,10,0,5 6,1,200,,331924,10,0,5 6,1,100,,331925,10,0,5 6,1,193,,331926,10,0,5 6,1
9601,'20261029',553,,331927,10,0,5 6,1,85,,331928,10,0,5 6,1,78,,331929,10,0,5 6,1,30,,331930,10,0,5 6,1,63,,331931,10,0,5 6,1,15,,331932,10,0,5 6,1,82,,331933,10,0,5 6,1,40,,331934,10,0,5 6,1,190,,331935,10,0,5 6,1,202,,331936,10,0,5 6,1,200,,331937,10,0,5 6,1,200,,331938,10,0,5 6,1,100,,331939,10,0,5 6,1,193,,331940,10,0,5 6,1
9601,'20261030',553,,331941,10,0,5 6,1,85,,331942,10,0,5 6,1,78,,331943,10,0,5 6,1,30,,331944,10,0,5 6,1,78,,331945,10,0,5 6,1,82,,331946,10,0,5 6,1,40,,331947,10,0,5 6,1,190,,331948,10,0,5 6,1,202,,331949,10,0,5 6,1,200,,331950,10,0,5 6,1,200,,331951,10,0,5 6,1,100,,331952,10,0,5 6,1,193,,331953,10,0,5 6,1
9601,'20261031',723,,331954,10,0,5 6,1,200,,331955,10,0,5 6,1,208,,331956,10,0,5 6,1,105,,331957,10,0,5 6,1,105,,331958,10,0,5 6,1,100,,331959,10,0,5 6,1,100,,331960,10,0,5 6,1,102,,331961,10,0,5 6,1,100,,331962,10,0,5 6,1,198,,331963,10,0,5 6,1,190,,331964,10,0,5 6,1
9601,'20261101',723,,331965,10,0,5 6,1,200,,331966,10,0,5 6,1,208,,331967,10,0,5 6,1,105,,331968,10,0,5 6,1,105,,331969,10,0,5 6,1,100,,331970,10,0,5 6,1,100,,331971,10,0,5 6,1,102,,331972,10,0,5 6,1,100,,331973,10,0,5 6,1,198,,331974,10,0,5 6,1,190,,331975,10,0,5 6,1
9601,'20261102',553,,331976,10,0,5 6,1,85,,331977,10,0,5 6,1,78,,331978,10,0,5 6,1,30,,331979,10,0,5 6,1,63,,331980,10,0,5 6,1,15,,331981,10,0,5 6,1,82,,331982,10,0,5 6,1,40,,331983,10,0,5 6,1,190,,331984,10,0,5 6,1,202,,331985,10,0,5 6,1,200,,331986,10,0,5 6,1,200,,331987,10,0,5 6,1,100,,331988,10,0,5 6,1,193,,331989,10,0,5 6,1
9601,'20261103',553,,331990,10,0,5 6,1,85,,331991,10,0,5 6,1,78,,331992,10,0,5 6,1,30,,331993,10,0,5 6,1,63,,331994,10,0,5 6,1,15,,331995,10,0,5 6,1,82,,331996,10,0,5 6,1,40,,331997,10,0,5 6,1,190,,331998,10,0,5 6,1,202,,331999,10,0,5 6,1,200,,332000,10,0,5 6,1,200,,332001,10,0,5 6,1,100,,332002,10,0,5 6,1,193,,332003,10,0,5 6,1
9601,'20261104',553,,332004,10,0,5 6,1,85,,332005,10,0,5 6,1,78,,332006,10,0,5 6,1,30,,332007,10,0,5 6,1,63,,332008,10,0,5 6,1,15,,332009,10,0,5 6,1,82,,332010,10,0,5 6,1,40,,332011,10,0,5 6,1,190,,332012,10,0,5 6,1,202,,332013,10,0,5 6,1,200,,332014,10,0,5 6,1,200,,332015,10,0,5 6,1,100,,332016,10,0,5 6,1,193,,332017,10,0,5 6,1
9601,'20261105',553,,332018,10,0,5 6,1,85,,332019,10,0,5 6,1,78,,332020,10,0,5 6,1,30,,332021,10,0,5 6,1,63,,332022,10,0,5 6,1,15,,332023,10,0,5 6,1,82,,332024,10,0,5 6,1,40,,332025,10,0,5 6,1,190,,332026,10,0,5 6,1,202,,332027,10,0,5 6,1,200,,332028,10,0,5 6,1,200,,332029,10,0,5 6,1,100,,332030,10,0,5 6,1,193,,332031,10,0,5 6,1
9601,'20261106',553,,332032,10,0,5 6,1,85,,332033,10,0,5 6,1,78,,332034,10,0,5 6,1,30,,332035,10,0,5 6,1,78,,332036,10,0,5 6,1,82,,332037,10,0,5 6,1,40,,332038,10,0,5 6,1,190,,332039,10,0,5 6,1,202,,332040,10,0,5 6,1,200,,332041,10,0,5 6,1,200,,332042,10,0,5 6,1,100,,332043,10,0,5 6,1,193,,332044,10,0,5 6,1
9601,'20261107',723,,332045,10,0,5 6,1,200,,332046,10,0,5 6,1,208,,332047,10,0,5 6,1,105,,332048,10,0,5 6,1,105,,332049,10,0,5 6,1,100,,332050,10,0,5 6,1,100,,332051,10,0,5 6,1,102,,332052,10,0,5 6,1,100,,332053,10,0,5 6,1,198,,332054,10,0,5 6,1,190,,332055,10,0,5 6,1
9601,'20261108',723,,332056,10,0,5 6,1,200,,332057,10,0,5 6,1,208,,332058,10,0,5 6,1,105,,332059,10,0,5 6,1,105,,332060,10,0,5 6,1,100,,332061,10,0,5 6,1,100,,332062,10,0,5 6,1,102,,332063,10,0,5 6,1,100,,332064,10,0,5 6,1,198,,332065,10,0,5 6,1,190,,332066,10,0,5 6,1
9601,'20261109',553,,332067,10,0,5 6,1,85,,332068,10,0,5 6,1,78,,332069,10,0,5 6,1,30,,332070,10,0,5 6,1,63,,332071,10,0,5 6,1,15,,332072,10,0,5 6,1,82,,332073,10,0,5 6,1,40,,332074,10,0,5 6,1,190,,332075,10,0,5 6,1,202,,332076,10,0,5 6,1,200,,332077,10,0,5 6,1,200,,332078,10,0,5 6,1,100,,332079,10,0,5 6,1,193,,332080,10,0,5 6,1
9601,'20261110',553,,332081,10,0,5 6,1,85,,332082,10,0,5 6,1,78,,332083,10,0,5 6,1,30,,332084,10,0,5 6,1,63,,332085,10,0,5 6,1,15,,332086,10,0,5 6,1,82,,332087,10,0,5 6,1,40,,332088,10,0,5 6,1,190,,332089,10,0,5 6,1,202,,332090,10,0,5 6,1,200,,332091,10,0,5 6,1,200,,332092,10,0,5 6,1,100,,332093,10,0,5 6,1,193,,332094,10,0,5 6,1
9601,'20261111',553,,332095,10,0,5 6,1,85,,332096,10,0,5 6,1,78,,332097,10,0,5 6,1,30,,332098,10,0,5 6,1,63,,332099,10,0,5 6,1,15,,332100,10,0,5 6,1,82,,332101,10,0,5 6,1,40,,332102,10,0,5 6,1,190,,332103,10,0,5 6,1,202,,332104,10,0,5 6,1,200,,332105,10,0,5 6,1,200,,332106,10,0,5 6,1,100,,332107,10,0,5 6,1,193,,332108,10,0,5 6,1
9601,'20261112',553,,332109,10,0,5 6,1,85,,332110,10,0,5 6,1,78,,332111,10,0,5 6,1,30,,332112,10,0,5 6,1,63,,332113,10,0,5 6,1,15,,332114,10,0,5 6,1,82,,332115,10,0,5 6,1,40,,332116,10,0,5 6,1,190,,332117,10,0,5 6,1,202,,332118,10,0,5 6,1,200,,332119,10,0,5 6,1,200,,332120,10,0,5 6,1,100,,332121,10,0,5 6,1,193,,332122,10,0,5 6,1
9601,'20261113',553,,332123,10,0,5 6,1,85,,332124,10,0,5 6,1,78,,332125,10,0,5 6,1,30,,332126,10,0,5 6,1,78,,332127,10,0,5 6,1,82,,332128,10,0,5 6,1,40,,332129,10,0,5 6,1,190,,332130,10,0,5 6,1,202,,332131,10,0,5 6,1,200,,332132,10,0,5 6,1,200,,332133,10,0,5 6,1,100,,332134,10,0,5 6,1,193,,332135,10,0,5 6,1
9601,'20261114',723,,332136,10,0,5 6,1,200,,332137,10,0,5 6,1,208,,332138,10,0,5 6,1,105,,332139,10,0,5 6,1,105,,332140,10,0,5 6,1,100,,332141,10,0,5 6,1,100,,332142,10,0,5 6,1,102,,332143,10,0,5 6,1,100,,332144,10,0,5 6,1,198,,332145,10,0,5 6,1,190,,332146,10,0,5 6,1
9601,'20261115',723,,332147,10,0,5 6,1,200,,332148,10,0,5 6,1,208,,332149,10,0,5 6,1,105,,332150,10,0,5 6,1,105,,332151,10,0,5 6,1,100,,332152,10,0,5 6,1,100,,332153,10,0,5 6,1,102,,332154,10,0,5 6,1,100,,332155,10,0,5 6,1,198,,332156,10,0,5 6,1,190,,332157,10,0,5 6,1
9601,'20261116',553,,332158,10,0,5 6,1,85,,332159,10,0,5 6,1,78,,332160,10,0,5 6,1,30,,332161,10,0,5 6,1,63,,332162,10,0,5 6,1,15,,332163,10,0,5 6,1,82,,332164,10,0,5 6,1,40,,332165,10,0,5 6,1,190,,332166,10,0,5 6,1,202,,332167,10,0,5 6,1,200,,332168,10,0,5 6,1,200,,332169,10,0,5 6,1,100,,332170,10,0,5 6,1,193,,332171,10,0,5 6,1
9601,'20261117',553,,332172,10,0,5 6,1,85,,332173,10,0,5 6,1,78,,332174,10,0,5 6,1,30,,332175,10,0,5 6,1,63,,332176,10,0,5 6,1,15,,332177,10,0,5 6,1,82,,332178,10,0,5 6,1,40,,332179,10,0,5 6,1,190,,332180,10,0,5 6,1,202,,332181,10,0,5 6,1,200,,332182,10,0,5 6,1,200,,332183,10,0,5 6,1,100,,332184,10,0,5 6,1,193,,332185,10,0,5 6,1
9601,'20261118',553,,332186,10,0,5 6,1,85,,332187,10,0,5 6,1,78,,332188,10,0,5 6,1,30,,332189,10,0,5 6,1,63,,332190,10,0,5 6,1,15,,332191,10,0,5 6,1,82,,332192,10,0,5 6,1,40,,332193,10,0,5 6,1,190,,332194,10,0,5 6,1,202,,332195,10,0,5 6,1,200,,332196,10,0,5 6,1,200,,332197,10,0,5 6,1,100,,332198,10,0,5 6,1,193,,332199,10,0,5 6,1
9601,'20261119',553,,332200,10,0,5 6,1,85,,332201,10,0,5 6,1,78,,332202,10,0,5 6,1,30,,332203,10,0,5 6,1,63,,332204,10,0,5 6,1,15,,332205,10,0,5 6,1,82,,332206,10,0,5 6,1,40,,332207,10,0,5 6,1,190,,332208,10,0,5 6,1,202,,332209,10,0,5 6,1,200,,332210,10,0,5 6,1,200,,332211,10,0,5 6,1,100,,332212,10,0,5 6,1,193,,332213,10,0,5 6,1
9601,'20261120',553,,332214,10,0,5 6,1,85,,332215,10,0,5 6,1,78,,332216,10,0,5 6,1,30,,332217,10,0,5 6,1,78,,332218,10,0,5 6,1,82,,332219,10,0,5 6,1,40,,332220,10,0,5 6,1,190,,332221,10,0,5 6,1,202,,332222,10,0,5 6,1,200,,332223,10,0,5 6,1,200,,332224,10,0,5 6,1,100,,332225,10,0,5 6,1,193,,332226,10,0,5 6,1
9601,'20261121',723,,332227,10,0,5 6,1,200,,332228,10,0,5 6,1,208,,332229,10,0,5 6,1,105,,332230,10,0,5 6,1,105,,332231,10,0,5 6,1,100,,332232,10,0,5 6,1,100,,332233,10,0,5 6,1,102,,332234,10,0,5 6,1,100,,332235,10,0,5 6,1,198,,332236,10,0,5 6,1,190,,332237,10,0,5 6,1
9601,'20261122',723,,332238,10,0,5 6,1,200,,332239,10,0,5 6,1,208,,332240,10,0,5 6,1,105,,332241,10,0,5 6,1,105,,332242,10,0,5 6,1,100,,332243,10,0,5 6,1,100,,332244,10,0,5 6,1,102,,332245,10,0,5 6,1,100,,332246,10,0,5 6,1,198,,332247,10,0,5 6,1,190,,332248,10,0,5 6,1
9601,'20261123',553,,332249,10,0,5 6,1,85,,332250,10,0,5 6,1,78,,332251,10,0,5 6,1,30,,332252,10,0,5 6,1,63,,332253,10,0,5 6,1,15,,332254,10,0,5 6,1,82,,332255,10,0,5 6,1,40,,332256,10,0,5 6,1,190,,332257,10,0,5 6,1,202,,332258,10,0,5 6,1,200,,332259,10,0,5 6,1,200,,332260,10,0,5 6,1,100,,332261,10,0,5 6,1,193,,332262,10,0,5 6,1
9601,'20261124',553,,332263,10,0,5 6,1,85,,332264,10,0,5 6,1,78,,332265,10,0,5 6,1,30,,332266,10,0,5 6,1,63,,332267,10,0,5 6,1,15,,332268,10,0,5 6,1,82,,332269,10,0,5 6,1,40,,332270,10,0,5 6,1,190,,332271,10,0,5 6,1,202,,332272,10,0,5 6,1,200,,332273,10,0,5 6,1,200,,332274,10,0,5 6,1,100,,332275,10,0,5 6,1,193,,332276,10,0,5 6,1
9601,'20261125',553,,332277,10,0,5 6,1,85,,332278,10,0,5 6,1,78,,332279,10,0,5 6,1,30,,332280,10,0,5 6,1,63,,332281,10,0,5 6,1,15,,332282,10,0,5 6,1,82,,332283,10,0,5 6,1,40,,332284,10,0,5 6,1,190,,332285,10,0,5 6,1,202,,332286,10,0,5 6,1,200,,332287,10,0,5 6,1,200,,332288,10,0,5 6,1,100,,332289,10,0,5 6,1,193,,332290,10,0,5 6,1
9601,'20261126',553,,332291,10,0,5 6,1,85,,332292,10,0,5 6,1,78,,332293,10,0,5 6,1,30,,332294,10,0,5 6,1,63,,332295,10,0,5 6,1,15,,332296,10,0,5 6,1,82,,332297,10,0,5 6,1,40,,332298,10,0,5 6,1,190,,332299,10,0,5 6,1,202,,332300,10,0,5 6,1,200,,332301,10,0,5 6,1,200,,332302,10,0,5 6,1,100,,332303,10,0,5 6,1,193,,332304,10,0,5 6,1
9601,'20261127',553,,332305,10,0,5 6,1,85,,332306,10,0,5 6,1,78,,332307,10,0,5 6,1,30,,332308,10,0,5 6,1,78,,332309,10,0,5 6,1,82,,332310,10,0,5 6,1,40,,332311,10,0,5 6,1,190,,332312,10,0,5 6,1,202,,332313,10,0,5 6,1,200,,332314,10,0,5 6,1,200,,332315,10,0,5 6,1,100,,332316,10,0,5 6,1,193,,332317,10,0,5 6,1
