1900,'20260910',552,,235364,9,,,1,104,,235365,9,,,1,65,,235366,9,,,1,25,,235367,9,,,1,55,,235368,9,,,1,16,,235369,9,,,1,20,,235370,9,,,1,20,,235371,9,,,1,60,,235372,9,,,1,20,,235373,9,,,1,66,,235374,9,,,1,30,,235375,9,,,1,80,,235376,9,,,1,95,,235377,9,,,1,95,,235378,9,,,1,100,,235379,9,,,1,105,,235380,9,,,1,40,,235381,9,,,1,65,,235382,9,,,1,24,,235383,9,,,1,20,,235384,9,,,1,55,,235385,9,,,1,15,,235386,9,,,1,15,,235387,9,,,1,15,,235388,9,,,1,55,,235389,9,,,1,20,,235390,9,,,1,15,,235391,9,,,1,55,,235392,9,,,1,16,,235393,9,,,1,90,,235394,9,,,1,98,,235395,9,,,1,95,,235396,9,,,1,100,,235397,9,,,1,156,,235398,9,,,1
1900,'20260911',552,,235399,9,,,1,104,,235400,9,,,1,65,,235401,9,,,1,25,,235402,9,,,1,55,,235403,9,,,1,16,,235404,9,,,1,20,,235405,9,,,1,20,,235406,9,,,1,60,,235407,9,,,1,20,,235408,9,,,1,66,,235409,9,,,1,30,,235410,9,,,1,80,,235411,9,,,1,95,,235412,9,,,1,95,,235413,9,,,1,100,,235414,9,,,1,105,,235415,9,,,1,40,,235416,9,,,1,65,,235417,9,,,1,24,,235418,9,,,1,20,,235419,9,,,1,55,,235420,9,,,1,15,,235421,9,,,1,15,,235422,9,,,1,15,,235423,9,,,1,55,,235424,9,,,1,20,,235425,9,,,1,15,,235426,9,,,1,55,,235427,9,,,1,16,,235428,9,,,1,90,,235429,9,,,1,98,,235430,9,,,1,95,,235431,9,,,1,100,,235432,9,,,1,156,,235433,9,,,1
1900,'20260912',657,,235434,9,,,1,100,,235435,9,,,1,100,,235436,9,,,1,147,,235437,9,,,1,99,,235438,9,,,1,105,,235439,9,,,1,105,,235440,9,,,1,100,,235441,9,,,1,100,,235442,9,,,1,30,,235443,9,,,1,70,,235444,9,,,1,30,,235445,9,,,1,70,,235446,9,,,1,30,,235447,9,,,1,70,,235448,9,,,1,30,,235449,9,,,1,70,,235450,9,,,1,30,,235451,9,,,1,65,,235452,9,,,1,100,,235453,9,,,1,95,,235454,9,,,1,56,,235455,9,,,1,98,,235456,9,,,1
1900,'20260913',657,,235457,9,,,1,100,,235458,9,,,1,100,,235459,9,,,1,147,,235460,9,,,1,99,,235461,9,,,1,105,,235462,9,,,1,105,,235463,9,,,1,100,,235464,9,,,1,100,,235465,9,,,1,30,,235466,9,,,1,70,,235467,9,,,1,30,,235468,9,,,1,70,,235469,9,,,1,30,,235470,9,,,1,70,,235471,9,,,1,30,,235472,9,,,1,70,,235473,9,,,1,30,,235474,9,,,1,65,,235475,9,,,1,100,,235476,9,,,1,95,,235477,9,,,1,56,,235478,9,,,1,98,,235479,9,,,1
1900,'20260914',552,,235480,9,,,1,104,,235481,9,,,1,65,,235482,9,,,1,25,,235483,9,,,1,55,,235484,9,,,1,16,,235485,9,,,1,20,,235486,9,,,1,20,,235487,9,,,1,60,,235488,9,,,1,20,,235489,9,,,1,66,,235490,9,,,1,30,,235491,9,,,1,80,,235492,9,,,1,95,,235493,9,,,1,95,,235494,9,,,1,100,,235495,9,,,1,105,,235496,9,,,1,40,,235497,9,,,1,65,,235498,9,,,1,24,,235499,9,,,1,20,,235500,9,,,1,55,,235501,9,,,1,15,,235502,9,,,1,15,,235503,9,,,1,15,,235504,9,,,1,55,,235505,9,,,1,20,,235506,9,,,1,15,,235507,9,,,1,55,,235508,9,,,1,16,,235509,9,,,1,90,,235510,9,,,1,98,,235511,9,,,1,95,,235512,9,,,1,100,,235513,9,,,1,156,,235514,9,,,1
1900,'20260915',552,,235515,9,,,1,104,,235516,9,,,1,65,,235517,9,,,1,25,,235518,9,,,1,55,,235519,9,,,1,16,,235520,9,,,1,20,,235521,9,,,1,20,,235522,9,,,1,60,,235523,9,,,1,20,,235524,9,,,1,66,,235525,9,,,1,30,,235526,9,,,1,80,,235527,9,,,1,95,,235528,9,,,1,95,,235529,9,,,1,100,,235530,9,,,1,105,,235531,9,,,1,40,,235532,9,,,1,65,,235533,9,,,1,24,,235534,9,,,1,20,,235535,9,,,1,55,,235536,9,,,1,15,,235537,9,,,1,15,,235538,9,,,1,15,,235539,9,,,1,55,,235540,9,,,1,20,,235541,9,,,1,15,,235542,9,,,1,55,,235543,9,,,1,16,,235544,9,,,1,90,,235545,9,,,1,98,,235546,9,,,1,95,,235547,9,,,1,100,,235548,9,,,1,156,,235549,9,,,1
1900,'20260916',552,,235550,9,,,1,104,,235551,9,,,1,65,,235552,9,,,1,25,,235553,9,,,1,55,,235554,9,,,1,16,,235555,9,,,1,20,,235556,9,,,1,20,,235557,9,,,1,60,,235558,9,,,1,20,,235559,9,,,1,66,,235560,9,,,1,30,,235561,9,,,1,80,,235562,9,,,1,95,,235563,9,,,1,95,,235564,9,,,1,100,,235565,9,,,1,105,,235566,9,,,1,40,,235567,9,,,1,65,,235568,9,,,1,24,,235569,9,,,1,20,,235570,9,,,1,55,,235571,9,,,1,15,,235572,9,,,1,15,,235573,9,,,1,15,,235574,9,,,1,55,,235575,9,,,1,20,,235576,9,,,1,15,,235577,9,,,1,55,,235578,9,,,1,16,,235579,9,,,1,90,,235580,9,,,1,98,,235581,9,,,1,95,,235582,9,,,1,100,,235583,9,,,1,156,,235584,9,,,1
1900,'20260917',552,,235585,9,,,1,104,,235586,9,,,1,65,,235587,9,,,1,25,,235588,9,,,1,55,,235589,9,,,1,16,,235590,9,,,1,20,,235591,9,,,1,20,,235592,9,,,1,60,,235593,9,,,1,20,,235594,9,,,1,66,,235595,9,,,1,30,,235596,9,,,1,80,,235597,9,,,1,95,,235598,9,,,1,95,,235599,9,,,1,100,,235600,9,,,1,105,,235601,9,,,1,40,,235602,9,,,1,65,,235603,9,,,1,24,,235604,9,,,1,20,,235605,9,,,1,55,,235606,9,,,1,15,,235607,9,,,1,15,,235608,9,,,1,15,,235609,9,,,1,55,,235610,9,,,1,20,,235611,9,,,1,15,,235612,9,,,1,55,,235613,9,,,1,16,,235614,9,,,1,90,,235615,9,,,1,98,,235616,9,,,1,95,,235617,9,,,1,100,,235618,9,,,1,156,,235619,9,,,1
1900,'20260918',552,,235620,9,,,1,104,,235621,9,,,1,65,,235622,9,,,1,25,,235623,9,,,1,55,,235624,9,,,1,16,,235625,9,,,1,20,,235626,9,,,1,20,,235627,9,,,1,60,,235628,9,,,1,20,,235629,9,,,1,66,,235630,9,,,1,30,,235631,9,,,1,80,,235632,9,,,1,95,,235633,9,,,1,95,,235634,9,,,1,100,,235635,9,,,1,105,,235636,9,,,1,40,,235637,9,,,1,65,,235638,9,,,1,24,,235639,9,,,1,20,,235640,9,,,1,55,,235641,9,,,1,15,,235642,9,,,1,15,,235643,9,,,1,15,,235644,9,,,1,55,,235645,9,,,1,20,,235646,9,,,1,15,,235647,9,,,1,55,,235648,9,,,1,16,,235649,9,,,1,90,,235650,9,,,1,98,,235651,9,,,1,95,,235652,9,,,1,100,,235653,9,,,1,156,,235654,9,,,1
1900,'20260919',657,,235655,9,,,1,100,,235656,9,,,1,100,,235657,9,,,1,147,,235658,9,,,1,99,,235659,9,,,1,105,,235660,9,,,1,105,,235661,9,,,1,100,,235662,9,,,1,100,,235663,9,,,1,30,,235664,9,,,1,70,,235665,9,,,1,30,,235666,9,,,1,70,,235667,9,,,1,30,,235668,9,,,1,70,,235669,9,,,1,30,,235670,9,,,1,70,,235671,9,,,1,30,,235672,9,,,1,65,,235673,9,,,1,100,,235674,9,,,1,95,,235675,9,,,1,56,,235676,9,,,1,98,,235677,9,,,1
1900,'20260920',657,,235678,9,,,1,100,,235679,9,,,1,100,,235680,9,,,1,147,,235681,9,,,1,99,,235682,9,,,1,105,,235683,9,,,1,105,,235684,9,,,1,100,,235685,9,,,1,100,,235686,9,,,1,30,,235687,9,,,1,70,,235688,9,,,1,30,,235689,9,,,1,70,,235690,9,,,1,30,,235691,9,,,1,70,,235692,9,,,1,30,,235693,9,,,1,70,,235694,9,,,1,30,,235695,9,,,1,65,,235696,9,,,1,100,,235697,9,,,1,95,,235698,9,,,1,56,,235699,9,,,1,98,,235700,9,,,1
1900,'20260921',552,,235701,9,,,1,104,,235702,9,,,1,65,,235703,9,,,1,25,,235704,9,,,1,55,,235705,9,,,1,16,,235706,9,,,1,20,,235707,9,,,1,20,,235708,9,,,1,60,,235709,9,,,1,20,,235710,9,,,1,66,,235711,9,,,1,30,,235712,9,,,1,80,,235713,9,,,1,95,,235714,9,,,1,95,,235715,9,,,1,100,,235716,9,,,1,105,,235717,9,,,1,40,,235718,9,,,1,65,,235719,9,,,1,24,,235720,9,,,1,20,,235721,9,,,1,55,,235722,9,,,1,15,,235723,9,,,1,15,,235724,9,,,1,15,,235725,9,,,1,55,,235726,9,,,1,20,,235727,9,,,1,15,,235728,9,,,1,55,,235729,9,,,1,16,,235730,9,,,1,90,,235731,9,,,1,98,,235732,9,,,1,95,,235733,9,,,1,100,,235734,9,,,1,156,,235735,9,,,1
1900,'20260922',552,,235736,9,,,1,104,,235737,9,,,1,65,,235738,9,,,1,25,,235739,9,,,1,55,,235740,9,,,1,16,,235741,9,,,1,20,,235742,9,,,1,20,,235743,9,,,1,60,,235744,9,,,1,20,,235745,9,,,1,66,,235746,9,,,1,30,,235747,9,,,1,80,,235748,9,,,1,95,,235749,9,,,1,95,,235750,9,,,1,100,,235751,9,,,1,105,,235752,9,,,1,40,,235753,9,,,1,65,,235754,9,,,1,24,,235755,9,,,1,20,,235756,9,,,1,55,,235757,9,,,1,15,,235758,9,,,1,15,,235759,9,,,1,15,,235760,9,,,1,55,,235761,9,,,1,20,,235762,9,,,1,15,,235763,9,,,1,55,,235764,9,,,1,16,,235765,9,,,1,90,,235766,9,,,1,98,,235767,9,,,1,95,,235768,9,,,1,100,,235769,9,,,1,156,,235770,9,,,1
1900,'20260923',552,,235771,9,,,1,104,,235772,9,,,1,65,,235773,9,,,1,25,,235774,9,,,1,55,,235775,9,,,1,16,,235776,9,,,1,20,,235777,9,,,1,20,,235778,9,,,1,60,,235779,9,,,1,20,,235780,9,,,1,66,,235781,9,,,1,30,,235782,9,,,1,80,,235783,9,,,1,95,,235784,9,,,1,95,,235785,9,,,1,100,,235786,9,,,1,105,,235787,9,,,1,40,,235788,9,,,1,65,,235789,9,,,1,24,,235790,9,,,1,20,,235791,9,,,1,55,,235792,9,,,1,15,,235793,9,,,1,15,,235794,9,,,1,15,,235795,9,,,1,55,,235796,9,,,1,20,,235797,9,,,1,15,,235798,9,,,1,55,,235799,9,,,1,16,,235800,9,,,1,90,,235801,9,,,1,98,,235802,9,,,1,95,,235803,9,,,1,100,,235804,9,,,1,156,,235805,9,,,1
1900,'20260924',552,,235806,9,,,1,104,,235807,9,,,1,65,,235808,9,,,1,25,,235809,9,,,1,55,,235810,9,,,1,16,,235811,9,,,1,20,,235812,9,,,1,20,,235813,9,,,1,60,,235814,9,,,1,20,,235815,9,,,1,66,,235816,9,,,1,30,,235817,9,,,1,80,,235818,9,,,1,95,,235819,9,,,1,95,,235820,9,,,1,100,,235821,9,,,1,105,,235822,9,,,1,40,,235823,9,,,1,65,,235824,9,,,1,24,,235825,9,,,1,20,,235826,9,,,1,55,,235827,9,,,1,15,,235828,9,,,1,15,,235829,9,,,1,15,,235830,9,,,1,55,,235831,9,,,1,20,,235832,9,,,1,15,,235833,9,,,1,55,,235834,9,,,1,16,,235835,9,,,1,90,,235836,9,,,1,98,,235837,9,,,1,95,,235838,9,,,1,100,,235839,9,,,1,156,,235840,9,,,1
1900,'20260925',552,,235841,9,,,1,104,,235842,9,,,1,65,,235843,9,,,1,25,,235844,9,,,1,55,,235845,9,,,1,16,,235846,9,,,1,20,,235847,9,,,1,20,,235848,9,,,1,60,,235849,9,,,1,20,,235850,9,,,1,66,,235851,9,,,1,30,,235852,9,,,1,80,,235853,9,,,1,95,,235854,9,,,1,95,,235855,9,,,1,100,,235856,9,,,1,105,,235857,9,,,1,40,,235858,9,,,1,65,,235859,9,,,1,24,,235860,9,,,1,20,,235861,9,,,1,55,,235862,9,,,1,15,,235863,9,,,1,15,,235864,9,,,1,15,,235865,9,,,1,55,,235866,9,,,1,20,,235867,9,,,1,15,,235868,9,,,1,55,,235869,9,,,1,16,,235870,9,,,1,90,,235871,9,,,1,98,,235872,9,,,1,95,,235873,9,,,1,100,,235874,9,,,1,156,,235875,9,,,1
1900,'20260926',657,,235876,9,,,1,100,,235877,9,,,1,100,,235878,9,,,1,147,,235879,9,,,1,99,,235880,9,,,1,105,,235881,9,,,1,105,,235882,9,,,1,100,,235883,9,,,1,100,,235884,9,,,1,30,,235885,9,,,1,70,,235886,9,,,1,30,,235887,9,,,1,70,,235888,9,,,1,30,,235889,9,,,1,70,,235890,9,,,1,30,,235891,9,,,1,70,,235892,9,,,1,30,,235893,9,,,1,65,,235894,9,,,1,100,,235895,9,,,1,95,,235896,9,,,1,56,,235897,9,,,1,98,,235898,9,,,1
1900,'20260927',657,,235899,9,,,1,100,,235900,9,,,1,100,,235901,9,,,1,147,,235902,9,,,1,99,,235903,9,,,1,105,,235904,9,,,1,105,,235905,9,,,1,100,,235906,9,,,1,100,,235907,9,,,1,30,,235908,9,,,1,70,,235909,9,,,1,30,,235910,9,,,1,70,,235911,9,,,1,30,,235912,9,,,1,70,,235913,9,,,1,30,,235914,9,,,1,70,,235915,9,,,1,30,,235916,9,,,1,65,,235917,9,,,1,100,,235918,9,,,1,95,,235919,9,,,1,56,,235920,9,,,1,98,,235921,9,,,1
1900,'20260928',552,,235922,9,,,1,104,,235923,9,,,1,65,,235924,9,,,1,25,,235925,9,,,1,55,,235926,9,,,1,16,,235927,9,,,1,20,,235928,9,,,1,20,,235929,9,,,1,60,,235930,9,,,1,20,,235931,9,,,1,66,,235932,9,,,1,30,,235933,9,,,1,80,,235934,9,,,1,95,,235935,9,,,1,95,,235936,9,,,1,100,,235937,9,,,1,105,,235938,9,,,1,40,,235939,9,,,1,65,,235940,9,,,1,24,,235941,9,,,1,20,,235942,9,,,1,55,,235943,9,,,1,15,,235944,9,,,1,15,,235945,9,,,1,15,,235946,9,,,1,55,,235947,9,,,1,20,,235948,9,,,1,15,,235949,9,,,1,55,,235950,9,,,1,16,,235951,9,,,1,90,,235952,9,,,1,98,,235953,9,,,1,95,,235954,9,,,1,100,,235955,9,,,1,156,,235956,9,,,1
1900,'20260929',552,,235957,9,,,1,104,,235958,9,,,1,65,,235959,9,,,1,25,,235960,9,,,1,55,,235961,9,,,1,16,,235962,9,,,1,20,,235963,9,,,1,20,,235964,9,,,1,60,,235965,9,,,1,20,,235966,9,,,1,66,,235967,9,,,1,30,,235968,9,,,1,80,,235969,9,,,1,95,,235970,9,,,1,95,,235971,9,,,1,100,,235972,9,,,1,105,,235973,9,,,1,40,,235974,9,,,1,65,,235975,9,,,1,24,,235976,9,,,1,20,,235977,9,,,1,55,,235978,9,,,1,15,,235979,9,,,1,15,,235980,9,,,1,15,,235981,9,,,1,55,,235982,9,,,1,20,,235983,9,,,1,15,,235984,9,,,1,55,,235985,9,,,1,16,,235986,9,,,1,90,,235987,9,,,1,98,,235988,9,,,1,95,,235989,9,,,1,100,,235990,9,,,1,156,,235991,9,,,1
1900,'20260930',552,,235992,9,,,1,104,,235993,9,,,1,65,,235994,9,,,1,25,,235995,9,,,1,55,,235996,9,,,1,16,,235997,9,,,1,20,,235998,9,,,1,20,,235999,9,,,1,60,,236000,9,,,1,20,,236001,9,,,1,66,,236002,9,,,1,30,,236003,9,,,1,80,,236004,9,,,1,95,,236005,9,,,1,95,,236006,9,,,1,100,,236007,9,,,1,105,,236008,9,,,1,40,,236009,9,,,1,65,,236010,9,,,1,24,,236011,9,,,1,20,,236012,9,,,1,55,,236013,9,,,1,15,,236014,9,,,1,15,,236015,9,,,1,15,,236016,9,,,1,55,,236017,9,,,1,20,,236018,9,,,1,15,,236019,9,,,1,55,,236020,9,,,1,16,,236021,9,,,1,90,,236022,9,,,1,98,,236023,9,,,1,95,,236024,9,,,1,100,,236025,9,,,1,156,,236026,9,,,1
1900,'20261001',552,,236027,9,,,1,104,,236028,9,,,1,65,,236029,9,,,1,25,,236030,9,,,1,55,,236031,9,,,1,16,,236032,9,,,1,20,,236033,9,,,1,20,,236034,9,,,1,60,,236035,9,,,1,20,,236036,9,,,1,66,,236037,9,,,1,30,,236038,9,,,1,80,,236039,9,,,1,95,,236040,9,,,1,95,,236041,9,,,1,100,,236042,9,,,1,105,,236043,9,,,1,40,,236044,9,,,1,65,,236045,9,,,1,24,,236046,9,,,1,20,,236047,9,,,1,55,,236048,9,,,1,15,,236049,9,,,1,15,,236050,9,,,1,15,,236051,9,,,1,55,,236052,9,,,1,20,,236053,9,,,1,15,,236054,9,,,1,55,,236055,9,,,1,16,,236056,9,,,1,90,,236057,9,,,1,98,,236058,9,,,1,95,,236059,9,,,1,100,,236060,9,,,1,156,,236061,9,,,1
1900,'20261002',552,,236062,9,,,1,104,,236063,9,,,1,65,,236064,9,,,1,25,,236065,9,,,1,55,,236066,9,,,1,16,,236067,9,,,1,20,,236068,9,,,1,20,,236069,9,,,1,60,,236070,9,,,1,20,,236071,9,,,1,66,,236072,9,,,1,30,,236073,9,,,1,80,,236074,9,,,1,95,,236075,9,,,1,95,,236076,9,,,1,100,,236077,9,,,1,105,,236078,9,,,1,40,,236079,9,,,1,65,,236080,9,,,1,24,,236081,9,,,1,20,,236082,9,,,1,55,,236083,9,,,1,15,,236084,9,,,1,15,,236085,9,,,1,15,,236086,9,,,1,55,,236087,9,,,1,20,,236088,9,,,1,15,,236089,9,,,1,55,,236090,9,,,1,16,,236091,9,,,1,90,,236092,9,,,1,98,,236093,9,,,1,95,,236094,9,,,1,100,,236095,9,,,1,156,,236096,9,,,1
1900,'20261003',657,,236097,9,,,1,100,,236098,9,,,1,100,,236099,9,,,1,147,,236100,9,,,1,99,,236101,9,,,1,105,,236102,9,,,1,105,,236103,9,,,1,100,,236104,9,,,1,100,,236105,9,,,1,30,,236106,9,,,1,70,,236107,9,,,1,30,,236108,9,,,1,70,,236109,9,,,1,30,,236110,9,,,1,70,,236111,9,,,1,30,,236112,9,,,1,70,,236113,9,,,1,30,,236114,9,,,1,65,,236115,9,,,1,100,,236116,9,,,1,95,,236117,9,,,1,56,,236118,9,,,1,98,,236119,9,,,1
1900,'20261004',657,,236120,9,,,1,100,,236121,9,,,1,100,,236122,9,,,1,147,,236123,9,,,1,99,,236124,9,,,1,105,,236125,9,,,1,105,,236126,9,,,1,100,,236127,9,,,1,100,,236128,9,,,1,30,,236129,9,,,1,70,,236130,9,,,1,30,,236131,9,,,1,70,,236132,9,,,1,30,,236133,9,,,1,70,,236134,9,,,1,30,,236135,9,,,1,70,,236136,9,,,1,30,,236137,9,,,1,65,,236138,9,,,1,100,,236139,9,,,1,95,,236140,9,,,1,56,,236141,9,,,1,98,,236142,9,,,1
1900,'20261005',552,,236143,9,,,1,104,,236144,9,,,1,65,,236145,9,,,1,25,,236146,9,,,1,55,,236147,9,,,1,16,,236148,9,,,1,20,,236149,9,,,1,20,,236150,9,,,1,60,,236151,9,,,1,20,,236152,9,,,1,66,,236153,9,,,1,30,,236154,9,,,1,80,,236155,9,,,1,95,,236156,9,,,1,95,,236157,9,,,1,100,,236158,9,,,1,105,,236159,9,,,1,40,,236160,9,,,1,65,,236161,9,,,1,24,,236162,9,,,1,20,,236163,9,,,1,55,,236164,9,,,1,15,,236165,9,,,1,15,,236166,9,,,1,15,,236167,9,,,1,55,,236168,9,,,1,20,,236169,9,,,1,15,,236170,9,,,1,55,,236171,9,,,1,16,,236172,9,,,1,90,,236173,9,,,1,98,,236174,9,,,1,95,,236175,9,,,1,100,,236176,9,,,1,156,,236177,9,,,1
1900,'20261006',552,,236178,9,,,1,104,,236179,9,,,1,65,,236180,9,,,1,25,,236181,9,,,1,55,,236182,9,,,1,16,,236183,9,,,1,20,,236184,9,,,1,20,,236185,9,,,1,60,,236186,9,,,1,20,,236187,9,,,1,66,,236188,9,,,1,30,,236189,9,,,1,80,,236190,9,,,1,95,,236191,9,,,1,95,,236192,9,,,1,100,,236193,9,,,1,105,,236194,9,,,1,40,,236195,9,,,1,65,,236196,9,,,1,24,,236197,9,,,1,20,,236198,9,,,1,55,,236199,9,,,1,15,,236200,9,,,1,15,,236201,9,,,1,15,,236202,9,,,1,55,,236203,9,,,1,20,,236204,9,,,1,15,,236205,9,,,1,55,,236206,9,,,1,16,,236207,9,,,1,90,,236208,9,,,1,98,,236209,9,,,1,95,,236210,9,,,1,100,,236211,9,,,1,156,,236212,9,,,1
1900,'20261007',552,,236213,9,,,1,104,,236214,9,,,1,65,,236215,9,,,1,25,,236216,9,,,1,55,,236217,9,,,1,16,,236218,9,,,1,20,,236219,9,,,1,20,,236220,9,,,1,60,,236221,9,,,1,20,,236222,9,,,1,66,,236223,9,,,1,30,,236224,9,,,1,80,,236225,9,,,1,95,,236226,9,,,1,95,,236227,9,,,1,100,,236228,9,,,1,105,,236229,9,,,1,40,,236230,9,,,1,65,,236231,9,,,1,24,,236232,9,,,1,20,,236233,9,,,1,55,,236234,9,,,1,15,,236235,9,,,1,15,,236236,9,,,1,15,,236237,9,,,1,55,,236238,9,,,1,20,,236239,9,,,1,15,,236240,9,,,1,55,,236241,9,,,1,16,,236242,9,,,1,90,,236243,9,,,1,98,,236244,9,,,1,95,,236245,9,,,1,100,,236246,9,,,1,156,,236247,9,,,1
1900,'20261008',552,,236248,9,,,1,104,,236249,9,,,1,65,,236250,9,,,1,25,,236251,9,,,1,55,,236252,9,,,1,16,,236253,9,,,1,20,,236254,9,,,1,20,,236255,9,,,1,60,,236256,9,,,1,20,,236257,9,,,1,66,,236258,9,,,1,30,,236259,9,,,1,80,,236260,9,,,1,95,,236261,9,,,1,95,,236262,9,,,1,100,,236263,9,,,1,105,,236264,9,,,1,40,,236265,9,,,1,65,,236266,9,,,1,24,,236267,9,,,1,20,,236268,9,,,1,55,,236269,9,,,1,15,,236270,9,,,1,15,,236271,9,,,1,15,,236272,9,,,1,55,,236273,9,,,1,20,,236274,9,,,1,15,,236275,9,,,1,55,,236276,9,,,1,16,,236277,9,,,1,90,,236278,9,,,1,98,,236279,9,,,1,95,,236280,9,,,1,100,,236281,9,,,1,156,,236282,9,,,1
1900,'20261009',552,,236283,9,,,1,104,,236284,9,,,1,65,,236285,9,,,1,25,,236286,9,,,1,55,,236287,9,,,1,16,,236288,9,,,1,20,,236289,9,,,1,20,,236290,9,,,1,60,,236291,9,,,1,20,,236292,9,,,1,66,,236293,9,,,1,30,,236294,9,,,1,80,,236295,9,,,1,95,,236296,9,,,1,95,,236297,9,,,1,100,,236298,9,,,1,105,,236299,9,,,1,40,,236300,9,,,1,65,,236301,9,,,1,24,,236302,9,,,1,20,,236303,9,,,1,55,,236304,9,,,1,15,,236305,9,,,1,15,,236306,9,,,1,15,,236307,9,,,1,55,,236308,9,,,1,20,,236309,9,,,1,15,,236310,9,,,1,55,,236311,9,,,1,16,,236312,9,,,1,90,,236313,9,,,1,98,,236314,9,,,1,95,,236315,9,,,1,100,,236316,9,,,1,156,,236317,9,,,1
1900,'20261010',657,,236318,9,,,1,100,,236319,9,,,1,100,,236320,9,,,1,147,,236321,9,,,1,99,,236322,9,,,1,105,,236323,9,,,1,105,,236324,9,,,1,100,,236325,9,,,1,100,,236326,9,,,1,30,,236327,9,,,1,70,,236328,9,,,1,30,,236329,9,,,1,70,,236330,9,,,1,30,,236331,9,,,1,70,,236332,9,,,1,30,,236333,9,,,1,70,,236334,9,,,1,30,,236335,9,,,1,65,,236336,9,,,1,100,,236337,9,,,1,95,,236338,9,,,1,56,,236339,9,,,1,98,,236340,9,,,1
1900,'20261011',657,,236341,9,,,1,100,,236342,9,,,1,100,,236343,9,,,1,147,,236344,9,,,1,99,,236345,9,,,1,105,,236346,9,,,1,105,,236347,9,,,1,100,,236348,9,,,1,100,,236349,9,,,1,30,,236350,9,,,1,70,,236351,9,,,1,30,,236352,9,,,1,70,,236353,9,,,1,30,,236354,9,,,1,70,,236355,9,,,1,30,,236356,9,,,1,70,,236357,9,,,1,30,,236358,9,,,1,65,,236359,9,,,1,100,,236360,9,,,1,95,,236361,9,,,1,56,,236362,9,,,1,98,,236363,9,,,1
1900,'20261012',657,,236364,9,,,1,100,,236365,9,,,1,100,,236366,9,,,1,147,,236367,9,,,1,99,,236368,9,,,1,105,,236369,9,,,1,105,,236370,9,,,1,100,,236371,9,,,1,100,,236372,9,,,1,30,,236373,9,,,1,70,,236374,9,,,1,30,,236375,9,,,1,70,,236376,9,,,1,30,,236377,9,,,1,70,,236378,9,,,1,30,,236379,9,,,1,70,,236380,9,,,1,30,,236381,9,,,1,65,,236382,9,,,1,100,,236383,9,,,1,95,,236384,9,,,1,56,,236385,9,,,1,98,,236386,9,,,1
1900,'20261013',552,,236387,9,,,1,104,,236388,9,,,1,65,,236389,9,,,1,25,,236390,9,,,1,55,,236391,9,,,1,16,,236392,9,,,1,20,,236393,9,,,1,20,,236394,9,,,1,60,,236395,9,,,1,20,,236396,9,,,1,66,,236397,9,,,1,30,,236398,9,,,1,80,,236399,9,,,1,95,,236400,9,,,1,95,,236401,9,,,1,100,,236402,9,,,1,105,,236403,9,,,1,40,,236404,9,,,1,65,,236405,9,,,1,24,,236406,9,,,1,20,,236407,9,,,1,55,,236408,9,,,1,15,,236409,9,,,1,15,,236410,9,,,1,15,,236411,9,,,1,55,,236412,9,,,1,20,,236413,9,,,1,15,,236414,9,,,1,55,,236415,9,,,1,16,,236416,9,,,1,90,,236417,9,,,1,98,,236418,9,,,1,95,,236419,9,,,1,100,,236420,9,,,1,156,,236421,9,,,1
1900,'20261014',552,,236422,9,,,1,104,,236423,9,,,1,65,,236424,9,,,1,25,,236425,9,,,1,55,,236426,9,,,1,16,,236427,9,,,1,20,,236428,9,,,1,20,,236429,9,,,1,60,,236430,9,,,1,20,,236431,9,,,1,66,,236432,9,,,1,30,,236433,9,,,1,80,,236434,9,,,1,95,,236435,9,,,1,95,,236436,9,,,1,100,,236437,9,,,1,105,,236438,9,,,1,40,,236439,9,,,1,65,,236440,9,,,1,24,,236441,9,,,1,20,,236442,9,,,1,55,,236443,9,,,1,15,,236444,9,,,1,15,,236445,9,,,1,15,,236446,9,,,1,55,,236447,9,,,1,20,,236448,9,,,1,15,,236449,9,,,1,55,,236450,9,,,1,16,,236451,9,,,1,90,,236452,9,,,1,98,,236453,9,,,1,95,,236454,9,,,1,100,,236455,9,,,1,156,,236456,9,,,1
1900,'20261015',552,,236457,9,,,1,104,,236458,9,,,1,65,,236459,9,,,1,25,,236460,9,,,1,55,,236461,9,,,1,16,,236462,9,,,1,20,,236463,9,,,1,20,,236464,9,,,1,60,,236465,9,,,1,20,,236466,9,,,1,66,,236467,9,,,1,30,,236468,9,,,1,80,,236469,9,,,1,95,,236470,9,,,1,95,,236471,9,,,1,100,,236472,9,,,1,105,,236473,9,,,1,40,,236474,9,,,1,65,,236475,9,,,1,24,,236476,9,,,1,20,,236477,9,,,1,55,,236478,9,,,1,15,,236479,9,,,1,15,,236480,9,,,1,15,,236481,9,,,1,55,,236482,9,,,1,20,,236483,9,,,1,15,,236484,9,,,1,55,,236485,9,,,1,16,,236486,9,,,1,90,,236487,9,,,1,98,,236488,9,,,1,95,,236489,9,,,1,100,,236490,9,,,1,156,,236491,9,,,1
1900,'20261016',552,,236492,9,,,1,104,,236493,9,,,1,65,,236494,9,,,1,25,,236495,9,,,1,55,,236496,9,,,1,16,,236497,9,,,1,20,,236498,9,,,1,20,,236499,9,,,1,60,,236500,9,,,1,20,,236501,9,,,1,66,,236502,9,,,1,30,,236503,9,,,1,80,,236504,9,,,1,95,,236505,9,,,1,95,,236506,9,,,1,100,,236507,9,,,1,105,,236508,9,,,1,40,,236509,9,,,1,65,,236510,9,,,1,24,,236511,9,,,1,20,,236512,9,,,1,55,,236513,9,,,1,15,,236514,9,,,1,15,,236515,9,,,1,15,,236516,9,,,1,55,,236517,9,,,1,20,,236518,9,,,1,15,,236519,9,,,1,55,,236520,9,,,1,16,,236521,9,,,1,90,,236522,9,,,1,98,,236523,9,,,1,95,,236524,9,,,1,100,,236525,9,,,1,156,,236526,9,,,1
1900,'20261017',657,,236527,9,,,1,100,,236528,9,,,1,100,,236529,9,,,1,147,,236530,9,,,1,99,,236531,9,,,1,105,,236532,9,,,1,105,,236533,9,,,1,100,,236534,9,,,1,100,,236535,9,,,1,30,,236536,9,,,1,70,,236537,9,,,1,30,,236538,9,,,1,70,,236539,9,,,1,30,,236540,9,,,1,70,,236541,9,,,1,30,,236542,9,,,1,70,,236543,9,,,1,30,,236544,9,,,1,65,,236545,9,,,1,100,,236546,9,,,1,95,,236547,9,,,1,56,,236548,9,,,1,98,,236549,9,,,1
1900,'20261018',657,,236550,9,,,1,100,,236551,9,,,1,100,,236552,9,,,1,147,,236553,9,,,1,99,,236554,9,,,1,105,,236555,9,,,1,105,,236556,9,,,1,100,,236557,9,,,1,100,,236558,9,,,1,30,,236559,9,,,1,70,,236560,9,,,1,30,,236561,9,,,1,70,,236562,9,,,1,30,,236563,9,,,1,70,,236564,9,,,1,30,,236565,9,,,1,70,,236566,9,,,1,30,,236567,9,,,1,65,,236568,9,,,1,100,,236569,9,,,1,95,,236570,9,,,1,56,,236571,9,,,1,98,,236572,9,,,1
1900,'20261019',552,,236573,9,,,1,104,,236574,9,,,1,65,,236575,9,,,1,25,,236576,9,,,1,55,,236577,9,,,1,16,,236578,9,,,1,20,,236579,9,,,1,20,,236580,9,,,1,60,,236581,9,,,1,20,,236582,9,,,1,66,,236583,9,,,1,30,,236584,9,,,1,80,,236585,9,,,1,95,,236586,9,,,1,95,,236587,9,,,1,100,,236588,9,,,1,105,,236589,9,,,1,40,,236590,9,,,1,65,,236591,9,,,1,24,,236592,9,,,1,20,,236593,9,,,1,55,,236594,9,,,1,15,,236595,9,,,1,15,,236596,9,,,1,15,,236597,9,,,1,55,,236598,9,,,1,20,,236599,9,,,1,15,,236600,9,,,1,55,,236601,9,,,1,16,,236602,9,,,1,90,,236603,9,,,1,98,,236604,9,,,1,95,,236605,9,,,1,100,,236606,9,,,1,156,,236607,9,,,1
1900,'20261020',552,,236608,9,,,1,104,,236609,9,,,1,65,,236610,9,,,1,25,,236611,9,,,1,55,,236612,9,,,1,16,,236613,9,,,1,20,,236614,9,,,1,20,,236615,9,,,1,60,,236616,9,,,1,20,,236617,9,,,1,66,,236618,9,,,1,30,,236619,9,,,1,80,,236620,9,,,1,95,,236621,9,,,1,95,,236622,9,,,1,100,,236623,9,,,1,105,,236624,9,,,1,40,,236625,9,,,1,65,,236626,9,,,1,24,,236627,9,,,1,20,,236628,9,,,1,55,,236629,9,,,1,15,,236630,9,,,1,15,,236631,9,,,1,15,,236632,9,,,1,55,,236633,9,,,1,20,,236634,9,,,1,15,,236635,9,,,1,55,,236636,9,,,1,16,,236637,9,,,1,90,,236638,9,,,1,98,,236639,9,,,1,95,,236640,9,,,1,100,,236641,9,,,1,156,,236642,9,,,1
1900,'20261021',552,,236643,9,,,1,104,,236644,9,,,1,65,,236645,9,,,1,25,,236646,9,,,1,55,,236647,9,,,1,16,,236648,9,,,1,20,,236649,9,,,1,20,,236650,9,,,1,60,,236651,9,,,1,20,,236652,9,,,1,66,,236653,9,,,1,30,,236654,9,,,1,80,,236655,9,,,1,95,,236656,9,,,1,95,,236657,9,,,1,100,,236658,9,,,1,105,,236659,9,,,1,40,,236660,9,,,1,65,,236661,9,,,1,24,,236662,9,,,1,20,,236663,9,,,1,55,,236664,9,,,1,15,,236665,9,,,1,15,,236666,9,,,1,15,,236667,9,,,1,55,,236668,9,,,1,20,,236669,9,,,1,15,,236670,9,,,1,55,,236671,9,,,1,16,,236672,9,,,1,90,,236673,9,,,1,98,,236674,9,,,1,95,,236675,9,,,1,100,,236676,9,,,1,156,,236677,9,,,1
1900,'20261022',552,,236678,9,,,1,104,,236679,9,,,1,65,,236680,9,,,1,25,,236681,9,,,1,55,,236682,9,,,1,16,,236683,9,,,1,20,,236684,9,,,1,20,,236685,9,,,1,60,,236686,9,,,1,20,,236687,9,,,1,66,,236688,9,,,1,30,,236689,9,,,1,80,,236690,9,,,1,95,,236691,9,,,1,95,,236692,9,,,1,100,,236693,9,,,1,105,,236694,9,,,1,40,,236695,9,,,1,65,,236696,9,,,1,24,,236697,9,,,1,20,,236698,9,,,1,55,,236699,9,,,1,15,,236700,9,,,1,15,,236701,9,,,1,15,,236702,9,,,1,55,,236703,9,,,1,20,,236704,9,,,1,15,,236705,9,,,1,55,,236706,9,,,1,16,,236707,9,,,1,90,,236708,9,,,1,98,,236709,9,,,1,95,,236710,9,,,1,100,,236711,9,,,1,156,,236712,9,,,1
1900,'20261023',552,,236713,9,,,1,104,,236714,9,,,1,65,,236715,9,,,1,25,,236716,9,,,1,55,,236717,9,,,1,16,,236718,9,,,1,20,,236719,9,,,1,20,,236720,9,,,1,60,,236721,9,,,1,20,,236722,9,,,1,66,,236723,9,,,1,30,,236724,9,,,1,80,,236725,9,,,1,95,,236726,9,,,1,95,,236727,9,,,1,100,,236728,9,,,1,105,,236729,9,,,1,40,,236730,9,,,1,65,,236731,9,,,1,24,,236732,9,,,1,20,,236733,9,,,1,55,,236734,9,,,1,15,,236735,9,,,1,15,,236736,9,,,1,15,,236737,9,,,1,55,,236738,9,,,1,20,,236739,9,,,1,15,,236740,9,,,1,55,,236741,9,,,1,16,,236742,9,,,1,90,,236743,9,,,1,98,,236744,9,,,1,95,,236745,9,,,1,100,,236746,9,,,1,156,,236747,9,,,1
1900,'20261024',657,,236748,9,,,1,100,,236749,9,,,1,100,,236750,9,,,1,147,,236751,9,,,1,99,,236752,9,,,1,105,,236753,9,,,1,105,,236754,9,,,1,100,,236755,9,,,1,100,,236756,9,,,1,30,,236757,9,,,1,70,,236758,9,,,1,30,,236759,9,,,1,70,,236760,9,,,1,30,,236761,9,,,1,70,,236762,9,,,1,30,,236763,9,,,1,70,,236764,9,,,1,30,,236765,9,,,1,65,,236766,9,,,1,100,,236767,9,,,1,95,,236768,9,,,1,56,,236769,9,,,1,98,,236770,9,,,1
1900,'20261025',657,,236771,9,,,1,100,,236772,9,,,1,100,,236773,9,,,1,147,,236774,9,,,1,99,,236775,9,,,1,105,,236776,9,,,1,105,,236777,9,,,1,100,,236778,9,,,1,100,,236779,9,,,1,30,,236780,9,,,1,70,,236781,9,,,1,30,,236782,9,,,1,70,,236783,9,,,1,30,,236784,9,,,1,70,,236785,9,,,1,30,,236786,9,,,1,70,,236787,9,,,1,30,,236788,9,,,1,65,,236789,9,,,1,100,,236790,9,,,1,95,,236791,9,,,1,56,,236792,9,,,1,98,,236793,9,,,1
1900,'20261026',552,,236794,9,,,1,104,,236795,9,,,1,65,,236796,9,,,1,25,,236797,9,,,1,55,,236798,9,,,1,16,,236799,9,,,1,20,,236800,9,,,1,20,,236801,9,,,1,60,,236802,9,,,1,20,,236803,9,,,1,66,,236804,9,,,1,30,,236805,9,,,1,80,,236806,9,,,1,95,,236807,9,,,1,95,,236808,9,,,1,100,,236809,9,,,1,105,,236810,9,,,1,40,,236811,9,,,1,65,,236812,9,,,1,24,,236813,9,,,1,20,,236814,9,,,1,55,,236815,9,,,1,15,,236816,9,,,1,15,,236817,9,,,1,15,,236818,9,,,1,55,,236819,9,,,1,20,,236820,9,,,1,15,,236821,9,,,1,55,,236822,9,,,1,16,,236823,9,,,1,90,,236824,9,,,1,98,,236825,9,,,1,95,,236826,9,,,1,100,,236827,9,,,1,156,,236828,9,,,1
1900,'20261027',552,,236829,9,,,1,104,,236830,9,,,1,65,,236831,9,,,1,25,,236832,9,,,1,55,,236833,9,,,1,16,,236834,9,,,1,20,,236835,9,,,1,20,,236836,9,,,1,60,,236837,9,,,1,20,,236838,9,,,1,66,,236839,9,,,1,30,,236840,9,,,1,80,,236841,9,,,1,95,,236842,9,,,1,95,,236843,9,,,1,100,,236844,9,,,1,105,,236845,9,,,1,40,,236846,9,,,1,65,,236847,9,,,1,24,,236848,9,,,1,20,,236849,9,,,1,55,,236850,9,,,1,15,,236851,9,,,1,15,,236852,9,,,1,15,,236853,9,,,1,55,,236854,9,,,1,20,,236855,9,,,1,15,,236856,9,,,1,55,,236857,9,,,1,16,,236858,9,,,1,90,,236859,9,,,1,98,,236860,9,,,1,95,,236861,9,,,1,100,,236862,9,,,1,156,,236863,9,,,1
1900,'20261028',552,,236864,9,,,1,104,,236865,9,,,1,65,,236866,9,,,1,25,,236867,9,,,1,55,,236868,9,,,1,16,,236869,9,,,1,20,,236870,9,,,1,20,,236871,9,,,1,60,,236872,9,,,1,20,,236873,9,,,1,66,,236874,9,,,1,30,,236875,9,,,1,80,,236876,9,,,1,95,,236877,9,,,1,95,,236878,9,,,1,100,,236879,9,,,1,105,,236880,9,,,1,40,,236881,9,,,1,65,,236882,9,,,1,24,,236883,9,,,1,20,,236884,9,,,1,55,,236885,9,,,1,15,,236886,9,,,1,15,,236887,9,,,1,15,,236888,9,,,1,55,,236889,9,,,1,20,,236890,9,,,1,15,,236891,9,,,1,55,,236892,9,,,1,16,,236893,9,,,1,90,,236894,9,,,1,98,,236895,9,,,1,95,,236896,9,,,1,100,,236897,9,,,1,156,,236898,9,,,1
1900,'20261029',552,,236899,9,,,1,104,,236900,9,,,1,65,,236901,9,,,1,25,,236902,9,,,1,55,,236903,9,,,1,16,,236904,9,,,1,20,,236905,9,,,1,20,,236906,9,,,1,60,,236907,9,,,1,20,,236908,9,,,1,66,,236909,9,,,1,30,,236910,9,,,1,80,,236911,9,,,1,95,,236912,9,,,1,95,,236913,9,,,1,100,,236914,9,,,1,105,,236915,9,,,1,40,,236916,9,,,1,65,,236917,9,,,1,24,,236918,9,,,1,20,,236919,9,,,1,55,,236920,9,,,1,15,,236921,9,,,1,15,,236922,9,,,1,15,,236923,9,,,1,55,,236924,9,,,1,20,,236925,9,,,1,15,,236926,9,,,1,55,,236927,9,,,1,16,,236928,9,,,1,90,,236929,9,,,1,98,,236930,9,,,1,95,,236931,9,,,1,100,,236932,9,,,1,156,,236933,9,,,1
1900,'20261030',552,,236934,9,,,1,104,,236935,9,,,1,65,,236936,9,,,1,25,,236937,9,,,1,55,,236938,9,,,1,16,,236939,9,,,1,20,,236940,9,,,1,20,,236941,9,,,1,60,,236942,9,,,1,20,,236943,9,,,1,66,,236944,9,,,1,30,,236945,9,,,1,80,,236946,9,,,1,95,,236947,9,,,1,95,,236948,9,,,1,100,,236949,9,,,1,105,,236950,9,,,1,40,,236951,9,,,1,65,,236952,9,,,1,24,,236953,9,,,1,20,,236954,9,,,1,55,,236955,9,,,1,15,,236956,9,,,1,15,,236957,9,,,1,15,,236958,9,,,1,55,,236959,9,,,1,20,,236960,9,,,1,15,,236961,9,,,1,55,,236962,9,,,1,16,,236963,9,,,1,90,,236964,9,,,1,98,,236965,9,,,1,95,,236966,9,,,1,100,,236967,9,,,1,156,,236968,9,,,1
1900,'20261031',657,,236969,9,,,1,100,,236970,9,,,1,100,,236971,9,,,1,147,,236972,9,,,1,99,,236973,9,,,1,105,,236974,9,,,1,105,,236975,9,,,1,100,,236976,9,,,1,100,,236977,9,,,1,30,,236978,9,,,1,70,,236979,9,,,1,30,,236980,9,,,1,70,,236981,9,,,1,30,,236982,9,,,1,70,,236983,9,,,1,30,,236984,9,,,1,70,,236985,9,,,1,30,,236986,9,,,1,65,,236987,9,,,1,100,,236988,9,,,1,95,,236989,9,,,1,56,,236990,9,,,1,98,,236991,9,,,1
1900,'20261101',657,,236992,9,,,1,100,,236993,9,,,1,100,,236994,9,,,1,147,,236995,9,,,1,99,,236996,9,,,1,105,,236997,9,,,1,105,,236998,9,,,1,100,,236999,9,,,1,100,,237000,9,,,1,30,,237001,9,,,1,70,,237002,9,,,1,30,,237003,9,,,1,70,,237004,9,,,1,30,,237005,9,,,1,70,,237006,9,,,1,30,,237007,9,,,1,70,,237008,9,,,1,30,,237009,9,,,1,65,,237010,9,,,1,100,,237011,9,,,1,95,,237012,9,,,1,56,,237013,9,,,1,98,,237014,9,,,1
1900,'20261102',552,,237015,9,,,1,104,,237016,9,,,1,65,,237017,9,,,1,25,,237018,9,,,1,55,,237019,9,,,1,16,,237020,9,,,1,20,,237021,9,,,1,20,,237022,9,,,1,60,,237023,9,,,1,20,,237024,9,,,1,66,,237025,9,,,1,30,,237026,9,,,1,80,,237027,9,,,1,95,,237028,9,,,1,95,,237029,9,,,1,100,,237030,9,,,1,105,,237031,9,,,1,40,,237032,9,,,1,65,,237033,9,,,1,24,,237034,9,,,1,20,,237035,9,,,1,55,,237036,9,,,1,15,,237037,9,,,1,15,,237038,9,,,1,15,,237039,9,,,1,55,,237040,9,,,1,20,,237041,9,,,1,15,,237042,9,,,1,55,,237043,9,,,1,16,,237044,9,,,1,90,,237045,9,,,1,98,,237046,9,,,1,95,,237047,9,,,1,100,,237048,9,,,1,156,,237049,9,,,1
1900,'20261103',552,,237050,9,,,1,104,,237051,9,,,1,65,,237052,9,,,1,25,,237053,9,,,1,55,,237054,9,,,1,16,,237055,9,,,1,20,,237056,9,,,1,20,,237057,9,,,1,60,,237058,9,,,1,20,,237059,9,,,1,66,,237060,9,,,1,30,,237061,9,,,1,80,,237062,9,,,1,95,,237063,9,,,1,95,,237064,9,,,1,100,,237065,9,,,1,105,,237066,9,,,1,40,,237067,9,,,1,65,,237068,9,,,1,24,,237069,9,,,1,20,,237070,9,,,1,55,,237071,9,,,1,15,,237072,9,,,1,15,,237073,9,,,1,15,,237074,9,,,1,55,,237075,9,,,1,20,,237076,9,,,1,15,,237077,9,,,1,55,,237078,9,,,1,16,,237079,9,,,1,90,,237080,9,,,1,98,,237081,9,,,1,95,,237082,9,,,1,100,,237083,9,,,1,156,,237084,9,,,1
1900,'20261104',552,,237085,9,,,1,104,,237086,9,,,1,65,,237087,9,,,1,25,,237088,9,,,1,55,,237089,9,,,1,16,,237090,9,,,1,20,,237091,9,,,1,20,,237092,9,,,1,60,,237093,9,,,1,20,,237094,9,,,1,66,,237095,9,,,1,30,,237096,9,,,1,80,,237097,9,,,1,95,,237098,9,,,1,95,,237099,9,,,1,100,,237100,9,,,1,105,,237101,9,,,1,40,,237102,9,,,1,65,,237103,9,,,1,24,,237104,9,,,1,20,,237105,9,,,1,55,,237106,9,,,1,15,,237107,9,,,1,15,,237108,9,,,1,15,,237109,9,,,1,55,,237110,9,,,1,20,,237111,9,,,1,15,,237112,9,,,1,55,,237113,9,,,1,16,,237114,9,,,1,90,,237115,9,,,1,98,,237116,9,,,1,95,,237117,9,,,1,100,,237118,9,,,1,156,,237119,9,,,1
1900,'20261105',552,,237120,9,,,1,104,,237121,9,,,1,65,,237122,9,,,1,25,,237123,9,,,1,55,,237124,9,,,1,16,,237125,9,,,1,20,,237126,9,,,1,20,,237127,9,,,1,60,,237128,9,,,1,20,,237129,9,,,1,66,,237130,9,,,1,30,,237131,9,,,1,80,,237132,9,,,1,95,,237133,9,,,1,95,,237134,9,,,1,100,,237135,9,,,1,105,,237136,9,,,1,40,,237137,9,,,1,65,,237138,9,,,1,24,,237139,9,,,1,20,,237140,9,,,1,55,,237141,9,,,1,15,,237142,9,,,1,15,,237143,9,,,1,15,,237144,9,,,1,55,,237145,9,,,1,20,,237146,9,,,1,15,,237147,9,,,1,55,,237148,9,,,1,16,,237149,9,,,1,90,,237150,9,,,1,98,,237151,9,,,1,95,,237152,9,,,1,100,,237153,9,,,1,156,,237154,9,,,1
1900,'20261106',552,,237155,9,,,1,104,,237156,9,,,1,65,,237157,9,,,1,25,,237158,9,,,1,55,,237159,9,,,1,16,,237160,9,,,1,20,,237161,9,,,1,20,,237162,9,,,1,60,,237163,9,,,1,20,,237164,9,,,1,66,,237165,9,,,1,30,,237166,9,,,1,80,,237167,9,,,1,95,,237168,9,,,1,95,,237169,9,,,1,100,,237170,9,,,1,105,,237171,9,,,1,40,,237172,9,,,1,65,,237173,9,,,1,24,,237174,9,,,1,20,,237175,9,,,1,55,,237176,9,,,1,15,,237177,9,,,1,15,,237178,9,,,1,15,,237179,9,,,1,55,,237180,9,,,1,20,,237181,9,,,1,15,,237182,9,,,1,55,,237183,9,,,1,16,,237184,9,,,1,90,,237185,9,,,1,98,,237186,9,,,1,95,,237187,9,,,1,100,,237188,9,,,1,156,,237189,9,,,1
1900,'20261107',657,,237190,9,,,1,100,,237191,9,,,1,100,,237192,9,,,1,147,,237193,9,,,1,99,,237194,9,,,1,105,,237195,9,,,1,105,,237196,9,,,1,100,,237197,9,,,1,100,,237198,9,,,1,30,,237199,9,,,1,70,,237200,9,,,1,30,,237201,9,,,1,70,,237202,9,,,1,30,,237203,9,,,1,70,,237204,9,,,1,30,,237205,9,,,1,70,,237206,9,,,1,30,,237207,9,,,1,65,,237208,9,,,1,100,,237209,9,,,1,95,,237210,9,,,1,56,,237211,9,,,1,98,,237212,9,,,1
1900,'20261108',657,,237213,9,,,1,100,,237214,9,,,1,100,,237215,9,,,1,147,,237216,9,,,1,99,,237217,9,,,1,105,,237218,9,,,1,105,,237219,9,,,1,100,,237220,9,,,1,100,,237221,9,,,1,30,,237222,9,,,1,70,,237223,9,,,1,30,,237224,9,,,1,70,,237225,9,,,1,30,,237226,9,,,1,70,,237227,9,,,1,30,,237228,9,,,1,70,,237229,9,,,1,30,,237230,9,,,1,65,,237231,9,,,1,100,,237232,9,,,1,95,,237233,9,,,1,56,,237234,9,,,1,98,,237235,9,,,1
1900,'20261109',552,,237236,9,,,1,104,,237237,9,,,1,65,,237238,9,,,1,25,,237239,9,,,1,55,,237240,9,,,1,16,,237241,9,,,1,20,,237242,9,,,1,20,,237243,9,,,1,60,,237244,9,,,1,20,,237245,9,,,1,66,,237246,9,,,1,30,,237247,9,,,1,80,,237248,9,,,1,95,,237249,9,,,1,95,,237250,9,,,1,100,,237251,9,,,1,105,,237252,9,,,1,40,,237253,9,,,1,65,,237254,9,,,1,24,,237255,9,,,1,20,,237256,9,,,1,55,,237257,9,,,1,15,,237258,9,,,1,15,,237259,9,,,1,15,,237260,9,,,1,55,,237261,9,,,1,20,,237262,9,,,1,15,,237263,9,,,1,55,,237264,9,,,1,16,,237265,9,,,1,90,,237266,9,,,1,98,,237267,9,,,1,95,,237268,9,,,1,100,,237269,9,,,1,156,,237270,9,,,1
1900,'20261110',552,,237271,9,,,1,104,,237272,9,,,1,65,,237273,9,,,1,25,,237274,9,,,1,55,,237275,9,,,1,16,,237276,9,,,1,20,,237277,9,,,1,20,,237278,9,,,1,60,,237279,9,,,1,20,,237280,9,,,1,66,,237281,9,,,1,30,,237282,9,,,1,80,,237283,9,,,1,95,,237284,9,,,1,95,,237285,9,,,1,100,,237286,9,,,1,105,,237287,9,,,1,40,,237288,9,,,1,65,,237289,9,,,1,24,,237290,9,,,1,20,,237291,9,,,1,55,,237292,9,,,1,15,,237293,9,,,1,15,,237294,9,,,1,15,,237295,9,,,1,55,,237296,9,,,1,20,,237297,9,,,1,15,,237298,9,,,1,55,,237299,9,,,1,16,,237300,9,,,1,90,,237301,9,,,1,98,,237302,9,,,1,95,,237303,9,,,1,100,,237304,9,,,1,156,,237305,9,,,1
1900,'20261111',552,,237306,9,,,1,104,,237307,9,,,1,65,,237308,9,,,1,25,,237309,9,,,1,55,,237310,9,,,1,16,,237311,9,,,1,20,,237312,9,,,1,20,,237313,9,,,1,60,,237314,9,,,1,20,,237315,9,,,1,66,,237316,9,,,1,30,,237317,9,,,1,80,,237318,9,,,1,95,,237319,9,,,1,95,,237320,9,,,1,100,,237321,9,,,1,105,,237322,9,,,1,40,,237323,9,,,1,65,,237324,9,,,1,24,,237325,9,,,1,20,,237326,9,,,1,55,,237327,9,,,1,15,,237328,9,,,1,15,,237329,9,,,1,15,,237330,9,,,1,55,,237331,9,,,1,20,,237332,9,,,1,15,,237333,9,,,1,55,,237334,9,,,1,16,,237335,9,,,1,90,,237336,9,,,1,98,,237337,9,,,1,95,,237338,9,,,1,100,,237339,9,,,1,156,,237340,9,,,1
1900,'20261112',552,,237341,9,,,1,104,,237342,9,,,1,65,,237343,9,,,1,25,,237344,9,,,1,55,,237345,9,,,1,16,,237346,9,,,1,20,,237347,9,,,1,20,,237348,9,,,1,60,,237349,9,,,1,20,,237350,9,,,1,66,,237351,9,,,1,30,,237352,9,,,1,80,,237353,9,,,1,95,,237354,9,,,1,95,,237355,9,,,1,100,,237356,9,,,1,105,,237357,9,,,1,40,,237358,9,,,1,65,,237359,9,,,1,24,,237360,9,,,1,20,,237361,9,,,1,55,,237362,9,,,1,15,,237363,9,,,1,15,,237364,9,,,1,15,,237365,9,,,1,55,,237366,9,,,1,20,,237367,9,,,1,15,,237368,9,,,1,55,,237369,9,,,1,16,,237370,9,,,1,90,,237371,9,,,1,98,,237372,9,,,1,95,,237373,9,,,1,100,,237374,9,,,1,156,,237375,9,,,1
1900,'20261113',552,,237376,9,,,1,104,,237377,9,,,1,65,,237378,9,,,1,25,,237379,9,,,1,55,,237380,9,,,1,16,,237381,9,,,1,20,,237382,9,,,1,20,,237383,9,,,1,60,,237384,9,,,1,20,,237385,9,,,1,66,,237386,9,,,1,30,,237387,9,,,1,80,,237388,9,,,1,95,,237389,9,,,1,95,,237390,9,,,1,100,,237391,9,,,1,105,,237392,9,,,1,40,,237393,9,,,1,65,,237394,9,,,1,24,,237395,9,,,1,20,,237396,9,,,1,55,,237397,9,,,1,15,,237398,9,,,1,15,,237399,9,,,1,15,,237400,9,,,1,55,,237401,9,,,1,20,,237402,9,,,1,15,,237403,9,,,1,55,,237404,9,,,1,16,,237405,9,,,1,90,,237406,9,,,1,98,,237407,9,,,1,95,,237408,9,,,1,100,,237409,9,,,1,156,,237410,9,,,1
1900,'20261114',657,,237411,9,,,1,100,,237412,9,,,1,100,,237413,9,,,1,147,,237414,9,,,1,99,,237415,9,,,1,105,,237416,9,,,1,105,,237417,9,,,1,100,,237418,9,,,1,100,,237419,9,,,1,30,,237420,9,,,1,70,,237421,9,,,1,30,,237422,9,,,1,70,,237423,9,,,1,30,,237424,9,,,1,70,,237425,9,,,1,30,,237426,9,,,1,70,,237427,9,,,1,30,,237428,9,,,1,65,,237429,9,,,1,100,,237430,9,,,1,95,,237431,9,,,1,56,,237432,9,,,1,98,,237433,9,,,1
1900,'20261115',657,,237434,9,,,1,100,,237435,9,,,1,100,,237436,9,,,1,147,,237437,9,,,1,99,,237438,9,,,1,105,,237439,9,,,1,105,,237440,9,,,1,100,,237441,9,,,1,100,,237442,9,,,1,30,,237443,9,,,1,70,,237444,9,,,1,30,,237445,9,,,1,70,,237446,9,,,1,30,,237447,9,,,1,70,,237448,9,,,1,30,,237449,9,,,1,70,,237450,9,,,1,30,,237451,9,,,1,65,,237452,9,,,1,100,,237453,9,,,1,95,,237454,9,,,1,56,,237455,9,,,1,98,,237456,9,,,1
1900,'20261116',552,,237457,9,,,1,104,,237458,9,,,1,65,,237459,9,,,1,25,,237460,9,,,1,55,,237461,9,,,1,16,,237462,9,,,1,20,,237463,9,,,1,20,,237464,9,,,1,60,,237465,9,,,1,20,,237466,9,,,1,66,,237467,9,,,1,30,,237468,9,,,1,80,,237469,9,,,1,95,,237470,9,,,1,95,,237471,9,,,1,100,,237472,9,,,1,105,,237473,9,,,1,40,,237474,9,,,1,65,,237475,9,,,1,24,,237476,9,,,1,20,,237477,9,,,1,55,,237478,9,,,1,15,,237479,9,,,1,15,,237480,9,,,1,15,,237481,9,,,1,55,,237482,9,,,1,20,,237483,9,,,1,15,,237484,9,,,1,55,,237485,9,,,1,16,,237486,9,,,1,90,,237487,9,,,1,98,,237488,9,,,1,95,,237489,9,,,1,100,,237490,9,,,1,156,,237491,9,,,1
1900,'20261117',552,,237492,9,,,1,104,,237493,9,,,1,65,,237494,9,,,1,25,,237495,9,,,1,55,,237496,9,,,1,16,,237497,9,,,1,20,,237498,9,,,1,20,,237499,9,,,1,60,,237500,9,,,1,20,,237501,9,,,1,66,,237502,9,,,1,30,,237503,9,,,1,80,,237504,9,,,1,95,,237505,9,,,1,95,,237506,9,,,1,100,,237507,9,,,1,105,,237508,9,,,1,40,,237509,9,,,1,65,,237510,9,,,1,24,,237511,9,,,1,20,,237512,9,,,1,55,,237513,9,,,1,15,,237514,9,,,1,15,,237515,9,,,1,15,,237516,9,,,1,55,,237517,9,,,1,20,,237518,9,,,1,15,,237519,9,,,1,55,,237520,9,,,1,16,,237521,9,,,1,90,,237522,9,,,1,98,,237523,9,,,1,95,,237524,9,,,1,100,,237525,9,,,1,156,,237526,9,,,1
1900,'20261118',552,,237527,9,,,1,104,,237528,9,,,1,65,,237529,9,,,1,25,,237530,9,,,1,55,,237531,9,,,1,16,,237532,9,,,1,20,,237533,9,,,1,20,,237534,9,,,1,60,,237535,9,,,1,20,,237536,9,,,1,66,,237537,9,,,1,30,,237538,9,,,1,80,,237539,9,,,1,95,,237540,9,,,1,95,,237541,9,,,1,100,,237542,9,,,1,105,,237543,9,,,1,40,,237544,9,,,1,65,,237545,9,,,1,24,,237546,9,,,1,20,,237547,9,,,1,55,,237548,9,,,1,15,,237549,9,,,1,15,,237550,9,,,1,15,,237551,9,,,1,55,,237552,9,,,1,20,,237553,9,,,1,15,,237554,9,,,1,55,,237555,9,,,1,16,,237556,9,,,1,90,,237557,9,,,1,98,,237558,9,,,1,95,,237559,9,,,1,100,,237560,9,,,1,156,,237561,9,,,1
1900,'20261119',552,,237562,9,,,1,104,,237563,9,,,1,65,,237564,9,,,1,25,,237565,9,,,1,55,,237566,9,,,1,16,,237567,9,,,1,20,,237568,9,,,1,20,,237569,9,,,1,60,,237570,9,,,1,20,,237571,9,,,1,66,,237572,9,,,1,30,,237573,9,,,1,80,,237574,9,,,1,95,,237575,9,,,1,95,,237576,9,,,1,100,,237577,9,,,1,105,,237578,9,,,1,40,,237579,9,,,1,65,,237580,9,,,1,24,,237581,9,,,1,20,,237582,9,,,1,55,,237583,9,,,1,15,,237584,9,,,1,15,,237585,9,,,1,15,,237586,9,,,1,55,,237587,9,,,1,20,,237588,9,,,1,15,,237589,9,,,1,55,,237590,9,,,1,16,,237591,9,,,1,90,,237592,9,,,1,98,,237593,9,,,1,95,,237594,9,,,1,100,,237595,9,,,1,156,,237596,9,,,1
1900,'20261120',552,,237597,9,,,1,104,,237598,9,,,1,65,,237599,9,,,1,25,,237600,9,,,1,55,,237601,9,,,1,16,,237602,9,,,1,20,,237603,9,,,1,20,,237604,9,,,1,60,,237605,9,,,1,20,,237606,9,,,1,66,,237607,9,,,1,30,,237608,9,,,1,80,,237609,9,,,1,95,,237610,9,,,1,95,,237611,9,,,1,100,,237612,9,,,1,105,,237613,9,,,1,40,,237614,9,,,1,65,,237615,9,,,1,24,,237616,9,,,1,20,,237617,9,,,1,55,,237618,9,,,1,15,,237619,9,,,1,15,,237620,9,,,1,15,,237621,9,,,1,55,,237622,9,,,1,20,,237623,9,,,1,15,,237624,9,,,1,55,,237625,9,,,1,16,,237626,9,,,1,90,,237627,9,,,1,98,,237628,9,,,1,95,,237629,9,,,1,100,,237630,9,,,1,156,,237631,9,,,1
1900,'20261121',657,,237632,9,,,1,100,,237633,9,,,1,100,,237634,9,,,1,147,,237635,9,,,1,99,,237636,9,,,1,105,,237637,9,,,1,105,,237638,9,,,1,100,,237639,9,,,1,100,,237640,9,,,1,30,,237641,9,,,1,70,,237642,9,,,1,30,,237643,9,,,1,70,,237644,9,,,1,30,,237645,9,,,1,70,,237646,9,,,1,30,,237647,9,,,1,70,,237648,9,,,1,30,,237649,9,,,1,65,,237650,9,,,1,100,,237651,9,,,1,95,,237652,9,,,1,56,,237653,9,,,1,98,,237654,9,,,1
1900,'20261122',657,,237655,9,,,1,100,,237656,9,,,1,100,,237657,9,,,1,147,,237658,9,,,1,99,,237659,9,,,1,105,,237660,9,,,1,105,,237661,9,,,1,100,,237662,9,,,1,100,,237663,9,,,1,30,,237664,9,,,1,70,,237665,9,,,1,30,,237666,9,,,1,70,,237667,9,,,1,30,,237668,9,,,1,70,,237669,9,,,1,30,,237670,9,,,1,70,,237671,9,,,1,30,,237672,9,,,1,65,,237673,9,,,1,100,,237674,9,,,1,95,,237675,9,,,1,56,,237676,9,,,1,98,,237677,9,,,1
1900,'20261123',552,,237678,9,,,1,104,,237679,9,,,1,65,,237680,9,,,1,25,,237681,9,,,1,55,,237682,9,,,1,16,,237683,9,,,1,20,,237684,9,,,1,20,,237685,9,,,1,60,,237686,9,,,1,20,,237687,9,,,1,66,,237688,9,,,1,30,,237689,9,,,1,80,,237690,9,,,1,95,,237691,9,,,1,95,,237692,9,,,1,100,,237693,9,,,1,105,,237694,9,,,1,40,,237695,9,,,1,65,,237696,9,,,1,24,,237697,9,,,1,20,,237698,9,,,1,55,,237699,9,,,1,15,,237700,9,,,1,15,,237701,9,,,1,15,,237702,9,,,1,55,,237703,9,,,1,20,,237704,9,,,1,15,,237705,9,,,1,55,,237706,9,,,1,16,,237707,9,,,1,90,,237708,9,,,1,98,,237709,9,,,1,95,,237710,9,,,1,100,,237711,9,,,1,156,,237712,9,,,1
1900,'20261124',552,,237713,9,,,1,104,,237714,9,,,1,65,,237715,9,,,1,25,,237716,9,,,1,55,,237717,9,,,1,16,,237718,9,,,1,20,,237719,9,,,1,20,,237720,9,,,1,60,,237721,9,,,1,20,,237722,9,,,1,66,,237723,9,,,1,30,,237724,9,,,1,80,,237725,9,,,1,95,,237726,9,,,1,95,,237727,9,,,1,100,,237728,9,,,1,105,,237729,9,,,1,40,,237730,9,,,1,65,,237731,9,,,1,24,,237732,9,,,1,20,,237733,9,,,1,55,,237734,9,,,1,15,,237735,9,,,1,15,,237736,9,,,1,15,,237737,9,,,1,55,,237738,9,,,1,20,,237739,9,,,1,15,,237740,9,,,1,55,,237741,9,,,1,16,,237742,9,,,1,90,,237743,9,,,1,98,,237744,9,,,1,95,,237745,9,,,1,100,,237746,9,,,1,156,,237747,9,,,1
1900,'20261125',552,,237748,9,,,1,104,,237749,9,,,1,65,,237750,9,,,1,25,,237751,9,,,1,55,,237752,9,,,1,16,,237753,9,,,1,20,,237754,9,,,1,20,,237755,9,,,1,60,,237756,9,,,1,20,,237757,9,,,1,66,,237758,9,,,1,30,,237759,9,,,1,80,,237760,9,,,1,95,,237761,9,,,1,95,,237762,9,,,1,100,,237763,9,,,1,105,,237764,9,,,1,40,,237765,9,,,1,65,,237766,9,,,1,24,,237767,9,,,1,20,,237768,9,,,1,55,,237769,9,,,1,15,,237770,9,,,1,15,,237771,9,,,1,15,,237772,9,,,1,55,,237773,9,,,1,20,,237774,9,,,1,15,,237775,9,,,1,55,,237776,9,,,1,16,,237777,9,,,1,90,,237778,9,,,1,98,,237779,9,,,1,95,,237780,9,,,1,100,,237781,9,,,1,156,,237782,9,,,1
1900,'20261126',552,,237783,9,,,1,104,,237784,9,,,1,65,,237785,9,,,1,25,,237786,9,,,1,55,,237787,9,,,1,16,,237788,9,,,1,20,,237789,9,,,1,20,,237790,9,,,1,60,,237791,9,,,1,20,,237792,9,,,1,66,,237793,9,,,1,30,,237794,9,,,1,80,,237795,9,,,1,95,,237796,9,,,1,95,,237797,9,,,1,100,,237798,9,,,1,105,,237799,9,,,1,40,,237800,9,,,1,65,,237801,9,,,1,24,,237802,9,,,1,20,,237803,9,,,1,55,,237804,9,,,1,15,,237805,9,,,1,15,,237806,9,,,1,15,,237807,9,,,1,55,,237808,9,,,1,20,,237809,9,,,1,15,,237810,9,,,1,55,,237811,9,,,1,16,,237812,9,,,1,90,,237813,9,,,1,98,,237814,9,,,1,95,,237815,9,,,1,100,,237816,9,,,1,156,,237817,9,,,1
1900,'20261127',552,,237818,9,,,1,104,,237819,9,,,1,65,,237820,9,,,1,25,,237821,9,,,1,55,,237822,9,,,1,16,,237823,9,,,1,20,,237824,9,,,1,20,,237825,9,,,1,60,,237826,9,,,1,20,,237827,9,,,1,66,,237828,9,,,1,30,,237829,9,,,1,80,,237830,9,,,1,95,,237831,9,,,1,95,,237832,9,,,1,100,,237833,9,,,1,105,,237834,9,,,1,40,,237835,9,,,1,65,,237836,9,,,1,24,,237837,9,,,1,20,,237838,9,,,1,55,,237839,9,,,1,15,,237840,9,,,1,15,,237841,9,,,1,15,,237842,9,,,1,55,,237843,9,,,1,20,,237844,9,,,1,15,,237845,9,,,1,55,,237846,9,,,1,16,,237847,9,,,1,90,,237848,9,,,1,98,,237849,9,,,1,95,,237850,9,,,1,100,,237851,9,,,1,156,,237852,9,,,1
2700,'20260910',612,,254534,35,0,7 6,1,30,,254535,35,0,7 6,1,69,,254536,36,0,57 6,1,25,,254537,36,0,57 6,1,20,,254538,36,0,57 6,1,71,,254539,36,0,57 6,1,25,,254540,36,0,57 6,1,75,,254541,36,0,57 6,1,30,,254542,35,0,7 6,1,91,,254543,35,0,7 6,1,100,,254544,35,0,7 6,1,100,,254545,13,0,5 6,1,105,,254546,13,0,5 6,1,105,,254547,13,0,5 6,1,149,,254548,14,0,34 6,1,25,,254549,36,0,57 6,1,75,,254550,36,0,57 6,1,30,,254551,36,0,57 6,1,20,,254552,14,0,34 6,1,55,,254553,36,0,57 6,1,10,,254554,14,0,34 6,1,20,,254555,36,0,57 6,1,70,,254556,36,0,57 6,1,41,,254557,35,0,7 6,1,98,,254558,13,0,5 6,1,100,,254559,13,0,5 6,1,196,,254560,13,0,5 6,1
2700,'20260911',612,,254561,35,0,7 6,1,30,,254562,35,0,7 6,1,69,,254563,36,0,57 6,1,25,,254564,36,0,57 6,1,20,,254565,36,0,57 6,1,71,,254566,36,0,57 6,1,25,,254567,36,0,57 6,1,75,,254568,36,0,57 6,1,30,,254569,35,0,7 6,1,91,,254570,35,0,7 6,1,100,,254571,35,0,7 6,1,100,,254572,13,0,5 6,1,105,,254573,13,0,5 6,1,105,,254574,13,0,5 6,1,149,,254575,14,0,34 6,1,25,,254576,36,0,57 6,1,75,,254577,36,0,57 6,1,30,,254578,36,0,57 6,1,20,,254579,14,0,34 6,1,55,,254580,36,0,57 6,1,10,,254581,14,0,34 6,1,20,,254582,36,0,57 6,1,70,,254583,36,0,57 6,1,41,,254584,35,0,7 6,1,98,,254585,13,0,5 6,1,100,,254586,13,0,5 6,1,196,,254587,13,0,5 6,1
2700,'20260912',637,,254588,35,0,7 6,1,105,,254589,13,0,5 6,1,100,,254590,13,0,5 6,1,102,,254591,13,0,5 6,1,104,,254592,13,0,5 6,1,105,,254593,13,0,5 6,1,105,,254594,13,0,5 6,1,100,,254595,13,0,5 6,1,100,,254596,13,0,5 6,1,145,,254597,13,0,5 6,1,100,,254598,13,0,5 6,1,100,,254599,13,0,5 6,1,55,,254600,13,0,5 6,1,100,,254601,13,0,5 6,1,95,,254602,13,0,5 6,1,95,,254603,13,0,5 6,1,194,,254604,13,0,5 6,1
2700,'20260913',637,,254605,35,0,7 6,1,105,,254606,13,0,5 6,1,100,,254607,13,0,5 6,1,102,,254608,13,0,5 6,1,104,,254609,13,0,5 6,1,105,,254610,13,0,5 6,1,105,,254611,13,0,5 6,1,100,,254612,13,0,5 6,1,100,,254613,13,0,5 6,1,145,,254614,13,0,5 6,1,100,,254615,13,0,5 6,1,100,,254616,13,0,5 6,1,55,,254617,13,0,5 6,1,100,,254618,13,0,5 6,1,95,,254619,13,0,5 6,1,95,,254620,13,0,5 6,1,194,,254621,13,0,5 6,1
2700,'20260914',612,,254622,35,0,7 6,1,30,,254623,35,0,7 6,1,69,,254624,36,0,57 6,1,25,,254625,36,0,57 6,1,20,,254626,36,0,57 6,1,71,,254627,36,0,57 6,1,25,,254628,36,0,57 6,1,75,,254629,36,0,57 6,1,30,,254630,35,0,7 6,1,91,,254631,35,0,7 6,1,100,,254632,35,0,7 6,1,100,,254633,13,0,5 6,1,105,,254634,13,0,5 6,1,105,,254635,13,0,5 6,1,149,,254636,14,0,34 6,1,25,,254637,36,0,57 6,1,75,,254638,36,0,57 6,1,30,,254639,36,0,57 6,1,20,,254640,14,0,34 6,1,55,,254641,36,0,57 6,1,10,,254642,14,0,34 6,1,20,,254643,36,0,57 6,1,70,,254644,36,0,57 6,1,41,,254645,35,0,7 6,1,98,,254646,13,0,5 6,1,100,,254647,13,0,5 6,1,196,,254648,13,0,5 6,1
2700,'20260915',612,,254649,35,0,7 6,1,30,,254650,35,0,7 6,1,69,,254651,36,0,57 6,1,25,,254652,36,0,57 6,1,20,,254653,36,0,57 6,1,71,,254654,36,0,57 6,1,25,,254655,36,0,57 6,1,75,,254656,36,0,57 6,1,30,,254657,35,0,7 6,1,91,,254658,35,0,7 6,1,100,,254659,35,0,7 6,1,100,,254660,13,0,5 6,1,105,,254661,13,0,5 6,1,105,,254662,13,0,5 6,1,149,,254663,14,0,34 6,1,25,,254664,36,0,57 6,1,75,,254665,36,0,57 6,1,30,,254666,36,0,57 6,1,20,,254667,14,0,34 6,1,55,,254668,36,0,57 6,1,10,,254669,14,0,34 6,1,20,,254670,36,0,57 6,1,70,,254671,36,0,57 6,1,41,,254672,35,0,7 6,1,98,,254673,13,0,5 6,1,100,,254674,13,0,5 6,1,196,,254675,13,0,5 6,1
2700,'20260916',612,,254676,35,0,7 6,1,30,,254677,35,0,7 6,1,69,,254678,36,0,57 6,1,25,,254679,36,0,57 6,1,20,,254680,36,0,57 6,1,71,,254681,36,0,57 6,1,25,,254682,36,0,57 6,1,75,,254683,36,0,57 6,1,30,,254684,35,0,7 6,1,91,,254685,35,0,7 6,1,100,,254686,35,0,7 6,1,100,,254687,13,0,5 6,1,105,,254688,13,0,5 6,1,105,,254689,13,0,5 6,1,149,,254690,14,0,34 6,1,25,,254691,36,0,57 6,1,75,,254692,36,0,57 6,1,30,,254693,36,0,57 6,1,20,,254694,14,0,34 6,1,55,,254695,36,0,57 6,1,10,,254696,14,0,34 6,1,20,,254697,36,0,57 6,1,70,,254698,36,0,57 6,1,41,,254699,35,0,7 6,1,98,,254700,13,0,5 6,1,100,,254701,13,0,5 6,1,196,,254702,13,0,5 6,1
2700,'20260917',612,,254703,35,0,7 6,1,30,,254704,35,0,7 6,1,69,,254705,36,0,57 6,1,25,,254706,36,0,57 6,1,20,,254707,36,0,57 6,1,71,,254708,36,0,57 6,1,25,,254709,36,0,57 6,1,75,,254710,36,0,57 6,1,30,,254711,35,0,7 6,1,91,,254712,35,0,7 6,1,100,,254713,35,0,7 6,1,100,,254714,13,0,5 6,1,105,,254715,13,0,5 6,1,105,,254716,13,0,5 6,1,149,,254717,14,0,34 6,1,25,,254718,36,0,57 6,1,75,,254719,36,0,57 6,1,30,,254720,36,0,57 6,1,20,,254721,14,0,34 6,1,55,,254722,36,0,57 6,1,10,,254723,14,0,34 6,1,20,,254724,36,0,57 6,1,70,,254725,36,0,57 6,1,41,,254726,35,0,7 6,1,98,,254727,13,0,5 6,1,100,,254728,13,0,5 6,1,196,,254729,13,0,5 6,1
2700,'20260918',612,,254730,35,0,7 6,1,30,,254731,35,0,7 6,1,69,,254732,36,0,57 6,1,25,,254733,36,0,57 6,1,20,,254734,36,0,57 6,1,71,,254735,36,0,57 6,1,25,,254736,36,0,57 6,1,75,,254737,36,0,57 6,1,30,,254738,35,0,7 6,1,91,,254739,35,0,7 6,1,100,,254740,35,0,7 6,1,100,,254741,13,0,5 6,1,105,,254742,13,0,5 6,1,105,,254743,13,0,5 6,1,149,,254744,14,0,34 6,1,25,,254745,36,0,57 6,1,75,,254746,36,0,57 6,1,30,,254747,36,0,57 6,1,20,,254748,14,0,34 6,1,55,,254749,36,0,57 6,1,10,,254750,14,0,34 6,1,20,,254751,36,0,57 6,1,70,,254752,36,0,57 6,1,41,,254753,35,0,7 6,1,98,,254754,13,0,5 6,1,100,,254755,13,0,5 6,1,196,,254756,13,0,5 6,1
2700,'20260919',637,,254757,35,0,7 6,1,105,,254758,13,0,5 6,1,100,,254759,13,0,5 6,1,102,,254760,13,0,5 6,1,104,,254761,13,0,5 6,1,105,,254762,13,0,5 6,1,105,,254763,13,0,5 6,1,100,,254764,13,0,5 6,1,100,,254765,13,0,5 6,1,145,,254766,13,0,5 6,1,100,,254767,13,0,5 6,1,100,,254768,13,0,5 6,1,55,,254769,13,0,5 6,1,100,,254770,13,0,5 6,1,95,,254771,13,0,5 6,1,95,,254772,13,0,5 6,1,194,,254773,13,0,5 6,1
2700,'20260920',637,,254774,35,0,7 6,1,105,,254775,13,0,5 6,1,100,,254776,13,0,5 6,1,102,,254777,13,0,5 6,1,104,,254778,13,0,5 6,1,105,,254779,13,0,5 6,1,105,,254780,13,0,5 6,1,100,,254781,13,0,5 6,1,100,,254782,13,0,5 6,1,145,,254783,13,0,5 6,1,100,,254784,13,0,5 6,1,100,,254785,13,0,5 6,1,55,,254786,13,0,5 6,1,100,,254787,13,0,5 6,1,95,,254788,13,0,5 6,1,95,,254789,13,0,5 6,1,194,,254790,13,0,5 6,1
2700,'20260921',612,,254791,35,0,7 6,1,30,,254792,35,0,7 6,1,69,,254793,36,0,57 6,1,25,,254794,36,0,57 6,1,20,,254795,36,0,57 6,1,71,,254796,36,0,57 6,1,25,,254797,36,0,57 6,1,75,,254798,36,0,57 6,1,30,,254799,35,0,7 6,1,91,,254800,35,0,7 6,1,100,,254801,35,0,7 6,1,100,,254802,13,0,5 6,1,105,,254803,13,0,5 6,1,105,,254804,13,0,5 6,1,149,,254805,14,0,34 6,1,25,,254806,36,0,57 6,1,75,,254807,36,0,57 6,1,30,,254808,36,0,57 6,1,20,,254809,14,0,34 6,1,55,,254810,36,0,57 6,1,10,,254811,14,0,34 6,1,20,,254812,36,0,57 6,1,70,,254813,36,0,57 6,1,41,,254814,35,0,7 6,1,98,,254815,13,0,5 6,1,100,,254816,13,0,5 6,1,196,,254817,13,0,5 6,1
2700,'20260922',612,,254818,35,0,7 6,1,30,,254819,35,0,7 6,1,69,,254820,36,0,57 6,1,25,,254821,36,0,57 6,1,20,,254822,36,0,57 6,1,71,,254823,36,0,57 6,1,25,,254824,36,0,57 6,1,75,,254825,36,0,57 6,1,30,,254826,35,0,7 6,1,91,,254827,35,0,7 6,1,100,,254828,35,0,7 6,1,100,,254829,13,0,5 6,1,105,,254830,13,0,5 6,1,105,,254831,13,0,5 6,1,149,,254832,14,0,34 6,1,25,,254833,36,0,57 6,1,75,,254834,36,0,57 6,1,30,,254835,36,0,57 6,1,20,,254836,14,0,34 6,1,55,,254837,36,0,57 6,1,10,,254838,14,0,34 6,1,20,,254839,36,0,57 6,1,70,,254840,36,0,57 6,1,41,,254841,35,0,7 6,1,98,,254842,13,0,5 6,1,100,,254843,13,0,5 6,1,196,,254844,13,0,5 6,1
2700,'20260923',612,,254845,35,0,7 6,1,30,,254846,35,0,7 6,1,69,,254847,36,0,57 6,1,25,,254848,36,0,57 6,1,20,,254849,36,0,57 6,1,71,,254850,36,0,57 6,1,25,,254851,36,0,57 6,1,75,,254852,36,0,57 6,1,30,,254853,35,0,7 6,1,91,,254854,35,0,7 6,1,100,,254855,35,0,7 6,1,100,,254856,13,0,5 6,1,105,,254857,13,0,5 6,1,105,,254858,13,0,5 6,1,149,,254859,14,0,34 6,1,25,,254860,36,0,57 6,1,75,,254861,36,0,57 6,1,30,,254862,36,0,57 6,1,20,,254863,14,0,34 6,1,55,,254864,36,0,57 6,1,10,,254865,14,0,34 6,1,20,,254866,36,0,57 6,1,70,,254867,36,0,57 6,1,41,,254868,35,0,7 6,1,98,,254869,13,0,5 6,1,100,,254870,13,0,5 6,1,196,,254871,13,0,5 6,1
2700,'20260924',612,,254872,35,0,7 6,1,30,,254873,35,0,7 6,1,69,,254874,36,0,57 6,1,25,,254875,36,0,57 6,1,20,,254876,36,0,57 6,1,71,,254877,36,0,57 6,1,25,,254878,36,0,57 6,1,75,,254879,36,0,57 6,1,30,,254880,35,0,7 6,1,91,,254881,35,0,7 6,1,100,,254882,35,0,7 6,1,100,,254883,13,0,5 6,1,105,,254884,13,0,5 6,1,105,,254885,13,0,5 6,1,149,,254886,14,0,34 6,1,25,,254887,36,0,57 6,1,75,,254888,36,0,57 6,1,30,,254889,36,0,57 6,1,20,,254890,14,0,34 6,1,55,,254891,36,0,57 6,1,10,,254892,14,0,34 6,1,20,,254893,36,0,57 6,1,70,,254894,36,0,57 6,1,41,,254895,35,0,7 6,1,98,,254896,13,0,5 6,1,100,,254897,13,0,5 6,1,196,,254898,13,0,5 6,1
2700,'20260925',612,,254899,35,0,7 6,1,30,,254900,35,0,7 6,1,69,,254901,36,0,57 6,1,25,,254902,36,0,57 6,1,20,,254903,36,0,57 6,1,71,,254904,36,0,57 6,1,25,,254905,36,0,57 6,1,75,,254906,36,0,57 6,1,30,,254907,35,0,7 6,1,91,,254908,35,0,7 6,1,100,,254909,35,0,7 6,1,100,,254910,13,0,5 6,1,105,,254911,13,0,5 6,1,105,,254912,13,0,5 6,1,149,,254913,14,0,34 6,1,25,,254914,36,0,57 6,1,75,,254915,36,0,57 6,1,30,,254916,36,0,57 6,1,20,,254917,14,0,34 6,1,55,,254918,36,0,57 6,1,10,,254919,14,0,34 6,1,20,,254920,36,0,57 6,1,70,,254921,36,0,57 6,1,41,,254922,35,0,7 6,1,98,,254923,13,0,5 6,1,100,,254924,13,0,5 6,1,196,,254925,13,0,5 6,1
2700,'20260926',637,,254926,35,0,7 6,1,105,,254927,13,0,5 6,1,100,,254928,13,0,5 6,1,102,,254929,13,0,5 6,1,104,,254930,13,0,5 6,1,105,,254931,13,0,5 6,1,105,,254932,13,0,5 6,1,100,,254933,13,0,5 6,1,100,,254934,13,0,5 6,1,145,,254935,13,0,5 6,1,100,,254936,13,0,5 6,1,100,,254937,13,0,5 6,1,55,,254938,13,0,5 6,1,100,,254939,13,0,5 6,1,95,,254940,13,0,5 6,1,95,,254941,13,0,5 6,1,194,,254942,13,0,5 6,1
2700,'20260927',637,,254943,35,0,7 6,1,105,,254944,13,0,5 6,1,100,,254945,13,0,5 6,1,102,,254946,13,0,5 6,1,104,,254947,13,0,5 6,1,105,,254948,13,0,5 6,1,105,,254949,13,0,5 6,1,100,,254950,13,0,5 6,1,100,,254951,13,0,5 6,1,145,,254952,13,0,5 6,1,100,,254953,13,0,5 6,1,100,,254954,13,0,5 6,1,55,,254955,13,0,5 6,1,100,,254956,13,0,5 6,1,95,,254957,13,0,5 6,1,95,,254958,13,0,5 6,1,194,,254959,13,0,5 6,1
2700,'20260928',612,,254960,35,0,7 6,1,30,,254961,35,0,7 6,1,69,,254962,36,0,57 6,1,25,,254963,36,0,57 6,1,20,,254964,36,0,57 6,1,71,,254965,36,0,57 6,1,25,,254966,36,0,57 6,1,75,,254967,36,0,57 6,1,30,,254968,35,0,7 6,1,91,,254969,35,0,7 6,1,100,,254970,35,0,7 6,1,100,,254971,13,0,5 6,1,105,,254972,13,0,5 6,1,105,,254973,13,0,5 6,1,149,,254974,14,0,34 6,1,25,,254975,36,0,57 6,1,75,,254976,36,0,57 6,1,30,,254977,36,0,57 6,1,20,,254978,14,0,34 6,1,55,,254979,36,0,57 6,1,10,,254980,14,0,34 6,1,20,,254981,36,0,57 6,1,70,,254982,36,0,57 6,1,41,,254983,35,0,7 6,1,98,,254984,13,0,5 6,1,100,,254985,13,0,5 6,1,196,,254986,13,0,5 6,1
2700,'20260929',612,,254987,35,0,7 6,1,30,,254988,35,0,7 6,1,69,,254989,36,0,57 6,1,25,,254990,36,0,57 6,1,20,,254991,36,0,57 6,1,71,,254992,36,0,57 6,1,25,,254993,36,0,57 6,1,75,,254994,36,0,57 6,1,30,,254995,35,0,7 6,1,91,,254996,35,0,7 6,1,100,,254997,35,0,7 6,1,100,,254998,13,0,5 6,1,105,,254999,13,0,5 6,1,105,,255000,13,0,5 6,1,149,,255001,14,0,34 6,1,25,,255002,36,0,57 6,1,75,,255003,36,0,57 6,1,30,,255004,36,0,57 6,1,20,,255005,14,0,34 6,1,55,,255006,36,0,57 6,1,10,,255007,14,0,34 6,1,20,,255008,36,0,57 6,1,70,,255009,36,0,57 6,1,41,,255010,35,0,7 6,1,98,,255011,13,0,5 6,1,100,,255012,13,0,5 6,1,196,,255013,13,0,5 6,1
2700,'20260930',612,,255014,35,0,7 6,1,30,,255015,35,0,7 6,1,69,,255016,36,0,57 6,1,25,,255017,36,0,57 6,1,20,,255018,36,0,57 6,1,71,,255019,36,0,57 6,1,25,,255020,36,0,57 6,1,75,,255021,36,0,57 6,1,30,,255022,35,0,7 6,1,91,,255023,35,0,7 6,1,100,,255024,35,0,7 6,1,100,,255025,13,0,5 6,1,105,,255026,13,0,5 6,1,105,,255027,13,0,5 6,1,149,,255028,14,0,34 6,1,25,,255029,36,0,57 6,1,75,,255030,36,0,57 6,1,30,,255031,36,0,57 6,1,20,,255032,14,0,34 6,1,55,,255033,36,0,57 6,1,10,,255034,14,0,34 6,1,20,,255035,36,0,57 6,1,70,,255036,36,0,57 6,1,41,,255037,35,0,7 6,1,98,,255038,13,0,5 6,1,100,,255039,13,0,5 6,1,196,,255040,13,0,5 6,1
2700,'20261001',612,,255041,35,0,7 6,1,30,,255042,35,0,7 6,1,69,,255043,36,0,57 6,1,25,,255044,36,0,57 6,1,20,,255045,36,0,57 6,1,71,,255046,36,0,57 6,1,25,,255047,36,0,57 6,1,75,,255048,36,0,57 6,1,30,,255049,35,0,7 6,1,91,,255050,35,0,7 6,1,100,,255051,35,0,7 6,1,100,,255052,13,0,5 6,1,105,,255053,13,0,5 6,1,105,,255054,13,0,5 6,1,149,,255055,14,0,34 6,1,25,,255056,36,0,57 6,1,75,,255057,36,0,57 6,1,30,,255058,36,0,57 6,1,20,,255059,14,0,34 6,1,55,,255060,36,0,57 6,1,10,,255061,14,0,34 6,1,20,,255062,36,0,57 6,1,70,,255063,36,0,57 6,1,41,,255064,35,0,7 6,1,98,,255065,13,0,5 6,1,100,,255066,13,0,5 6,1,196,,255067,13,0,5 6,1
2700,'20261002',612,,255068,35,0,7 6,1,30,,255069,35,0,7 6,1,69,,255070,36,0,57 6,1,25,,255071,36,0,57 6,1,20,,255072,36,0,57 6,1,71,,255073,36,0,57 6,1,25,,255074,36,0,57 6,1,75,,255075,36,0,57 6,1,30,,255076,35,0,7 6,1,91,,255077,35,0,7 6,1,100,,255078,35,0,7 6,1,100,,255079,13,0,5 6,1,105,,255080,13,0,5 6,1,105,,255081,13,0,5 6,1,149,,255082,14,0,34 6,1,25,,255083,36,0,57 6,1,75,,255084,36,0,57 6,1,30,,255085,36,0,57 6,1,20,,255086,14,0,34 6,1,55,,255087,36,0,57 6,1,10,,255088,14,0,34 6,1,20,,255089,36,0,57 6,1,70,,255090,36,0,57 6,1,41,,255091,35,0,7 6,1,98,,255092,13,0,5 6,1,100,,255093,13,0,5 6,1,196,,255094,13,0,5 6,1
2700,'20261003',637,,255095,35,0,7 6,1,105,,255096,13,0,5 6,1,100,,255097,13,0,5 6,1,102,,255098,13,0,5 6,1,104,,255099,13,0,5 6,1,105,,255100,13,0,5 6,1,105,,255101,13,0,5 6,1,100,,255102,13,0,5 6,1,100,,255103,13,0,5 6,1,145,,255104,13,0,5 6,1,100,,255105,13,0,5 6,1,100,,255106,13,0,5 6,1,55,,255107,13,0,5 6,1,100,,255108,13,0,5 6,1,95,,255109,13,0,5 6,1,95,,255110,13,0,5 6,1,194,,255111,13,0,5 6,1
2700,'20261004',637,,255112,35,0,7 6,1,105,,255113,13,0,5 6,1,100,,255114,13,0,5 6,1,102,,255115,13,0,5 6,1,104,,255116,13,0,5 6,1,105,,255117,13,0,5 6,1,105,,255118,13,0,5 6,1,100,,255119,13,0,5 6,1,100,,255120,13,0,5 6,1,145,,255121,13,0,5 6,1,100,,255122,13,0,5 6,1,100,,255123,13,0,5 6,1,55,,255124,13,0,5 6,1,100,,255125,13,0,5 6,1,95,,255126,13,0,5 6,1,95,,255127,13,0,5 6,1,194,,255128,13,0,5 6,1
2700,'20261005',612,,255129,35,0,7 6,1,30,,255130,35,0,7 6,1,69,,255131,36,0,57 6,1,25,,255132,36,0,57 6,1,20,,255133,36,0,57 6,1,71,,255134,36,0,57 6,1,25,,255135,36,0,57 6,1,75,,255136,36,0,57 6,1,30,,255137,35,0,7 6,1,91,,255138,35,0,7 6,1,100,,255139,35,0,7 6,1,100,,255140,13,0,5 6,1,105,,255141,13,0,5 6,1,105,,255142,13,0,5 6,1,149,,255143,14,0,34 6,1,25,,255144,36,0,57 6,1,75,,255145,36,0,57 6,1,30,,255146,36,0,57 6,1,20,,255147,14,0,34 6,1,55,,255148,36,0,57 6,1,10,,255149,14,0,34 6,1,20,,255150,36,0,57 6,1,70,,255151,36,0,57 6,1,41,,255152,35,0,7 6,1,98,,255153,13,0,5 6,1,100,,255154,13,0,5 6,1,196,,255155,13,0,5 6,1
2700,'20261006',612,,255156,35,0,7 6,1,30,,255157,35,0,7 6,1,69,,255158,36,0,57 6,1,25,,255159,36,0,57 6,1,20,,255160,36,0,57 6,1,71,,255161,36,0,57 6,1,25,,255162,36,0,57 6,1,75,,255163,36,0,57 6,1,30,,255164,35,0,7 6,1,91,,255165,35,0,7 6,1,100,,255166,35,0,7 6,1,100,,255167,13,0,5 6,1,105,,255168,13,0,5 6,1,105,,255169,13,0,5 6,1,149,,255170,14,0,34 6,1,25,,255171,36,0,57 6,1,75,,255172,36,0,57 6,1,30,,255173,36,0,57 6,1,20,,255174,14,0,34 6,1,55,,255175,36,0,57 6,1,10,,255176,14,0,34 6,1,20,,255177,36,0,57 6,1,70,,255178,36,0,57 6,1,41,,255179,35,0,7 6,1,98,,255180,13,0,5 6,1,100,,255181,13,0,5 6,1,196,,255182,13,0,5 6,1
2700,'20261007',612,,255183,35,0,7 6,1,30,,255184,35,0,7 6,1,69,,255185,36,0,57 6,1,25,,255186,36,0,57 6,1,20,,255187,36,0,57 6,1,71,,255188,36,0,57 6,1,25,,255189,36,0,57 6,1,75,,255190,36,0,57 6,1,30,,255191,35,0,7 6,1,91,,255192,35,0,7 6,1,100,,255193,35,0,7 6,1,100,,255194,13,0,5 6,1,105,,255195,13,0,5 6,1,105,,255196,13,0,5 6,1,149,,255197,14,0,34 6,1,25,,255198,36,0,57 6,1,75,,255199,36,0,57 6,1,30,,255200,36,0,57 6,1,20,,255201,14,0,34 6,1,55,,255202,36,0,57 6,1,10,,255203,14,0,34 6,1,20,,255204,36,0,57 6,1,70,,255205,36,0,57 6,1,41,,255206,35,0,7 6,1,98,,255207,13,0,5 6,1,100,,255208,13,0,5 6,1,196,,255209,13,0,5 6,1
2700,'20261008',612,,255210,35,0,7 6,1,30,,255211,35,0,7 6,1,69,,255212,36,0,57 6,1,25,,255213,36,0,57 6,1,20,,255214,36,0,57 6,1,71,,255215,36,0,57 6,1,25,,255216,36,0,57 6,1,75,,255217,36,0,57 6,1,30,,255218,35,0,7 6,1,91,,255219,35,0,7 6,1,100,,255220,35,0,7 6,1,100,,255221,13,0,5 6,1,105,,255222,13,0,5 6,1,105,,255223,13,0,5 6,1,149,,255224,14,0,34 6,1,25,,255225,36,0,57 6,1,75,,255226,36,0,57 6,1,30,,255227,36,0,57 6,1,20,,255228,14,0,34 6,1,55,,255229,36,0,57 6,1,10,,255230,14,0,34 6,1,20,,255231,36,0,57 6,1,70,,255232,36,0,57 6,1,41,,255233,35,0,7 6,1,98,,255234,13,0,5 6,1,100,,255235,13,0,5 6,1,196,,255236,13,0,5 6,1
2700,'20261009',612,,255237,35,0,7 6,1,30,,255238,35,0,7 6,1,69,,255239,36,0,57 6,1,25,,255240,36,0,57 6,1,20,,255241,36,0,57 6,1,71,,255242,36,0,57 6,1,25,,255243,36,0,57 6,1,75,,255244,36,0,57 6,1,30,,255245,35,0,7 6,1,91,,255246,35,0,7 6,1,100,,255247,35,0,7 6,1,100,,255248,13,0,5 6,1,105,,255249,13,0,5 6,1,105,,255250,13,0,5 6,1,149,,255251,14,0,34 6,1,25,,255252,36,0,57 6,1,75,,255253,36,0,57 6,1,30,,255254,36,0,57 6,1,20,,255255,14,0,34 6,1,55,,255256,36,0,57 6,1,10,,255257,14,0,34 6,1,20,,255258,36,0,57 6,1,70,,255259,36,0,57 6,1,41,,255260,35,0,7 6,1,98,,255261,13,0,5 6,1,100,,255262,13,0,5 6,1,196,,255263,13,0,5 6,1
2700,'20261010',637,,255264,35,0,7 6,1,105,,255265,13,0,5 6,1,100,,255266,13,0,5 6,1,102,,255267,13,0,5 6,1,104,,255268,13,0,5 6,1,105,,255269,13,0,5 6,1,105,,255270,13,0,5 6,1,100,,255271,13,0,5 6,1,100,,255272,13,0,5 6,1,145,,255273,13,0,5 6,1,100,,255274,13,0,5 6,1,100,,255275,13,0,5 6,1,55,,255276,13,0,5 6,1,100,,255277,13,0,5 6,1,95,,255278,13,0,5 6,1,95,,255279,13,0,5 6,1,194,,255280,13,0,5 6,1
2700,'20261011',637,,255281,35,0,7 6,1,105,,255282,13,0,5 6,1,100,,255283,13,0,5 6,1,102,,255284,13,0,5 6,1,104,,255285,13,0,5 6,1,105,,255286,13,0,5 6,1,105,,255287,13,0,5 6,1,100,,255288,13,0,5 6,1,100,,255289,13,0,5 6,1,145,,255290,13,0,5 6,1,100,,255291,13,0,5 6,1,100,,255292,13,0,5 6,1,55,,255293,13,0,5 6,1,100,,255294,13,0,5 6,1,95,,255295,13,0,5 6,1,95,,255296,13,0,5 6,1,194,,255297,13,0,5 6,1
2700,'20261012',637,,255298,35,0,7 6,1,105,,255299,13,0,5 6,1,100,,255300,13,0,5 6,1,102,,255301,13,0,5 6,1,104,,255302,13,0,5 6,1,105,,255303,13,0,5 6,1,105,,255304,13,0,5 6,1,100,,255305,13,0,5 6,1,100,,255306,13,0,5 6,1,145,,255307,13,0,5 6,1,100,,255308,13,0,5 6,1,100,,255309,13,0,5 6,1,55,,255310,13,0,5 6,1,100,,255311,13,0,5 6,1,95,,255312,13,0,5 6,1,95,,255313,13,0,5 6,1,194,,255314,13,0,5 6,1
2700,'20261013',612,,255315,35,0,7 6,1,30,,255316,35,0,7 6,1,69,,255317,36,0,57 6,1,25,,255318,36,0,57 6,1,20,,255319,36,0,57 6,1,71,,255320,36,0,57 6,1,25,,255321,36,0,57 6,1,75,,255322,36,0,57 6,1,30,,255323,35,0,7 6,1,91,,255324,35,0,7 6,1,100,,255325,35,0,7 6,1,100,,255326,13,0,5 6,1,105,,255327,13,0,5 6,1,105,,255328,13,0,5 6,1,149,,255329,14,0,34 6,1,25,,255330,36,0,57 6,1,75,,255331,36,0,57 6,1,30,,255332,36,0,57 6,1,20,,255333,14,0,34 6,1,55,,255334,36,0,57 6,1,10,,255335,14,0,34 6,1,20,,255336,36,0,57 6,1,70,,255337,36,0,57 6,1,41,,255338,35,0,7 6,1,98,,255339,13,0,5 6,1,100,,255340,13,0,5 6,1,196,,255341,13,0,5 6,1
2700,'20261014',612,,255342,35,0,7 6,1,30,,255343,35,0,7 6,1,69,,255344,36,0,57 6,1,25,,255345,36,0,57 6,1,20,,255346,36,0,57 6,1,71,,255347,36,0,57 6,1,25,,255348,36,0,57 6,1,75,,255349,36,0,57 6,1,30,,255350,35,0,7 6,1,91,,255351,35,0,7 6,1,100,,255352,35,0,7 6,1,100,,255353,13,0,5 6,1,105,,255354,13,0,5 6,1,105,,255355,13,0,5 6,1,149,,255356,14,0,34 6,1,25,,255357,36,0,57 6,1,75,,255358,36,0,57 6,1,30,,255359,36,0,57 6,1,20,,255360,14,0,34 6,1,55,,255361,36,0,57 6,1,10,,255362,14,0,34 6,1,20,,255363,36,0,57 6,1,70,,255364,36,0,57 6,1,41,,255365,35,0,7 6,1,98,,255366,13,0,5 6,1,100,,255367,13,0,5 6,1,196,,255368,13,0,5 6,1
2700,'20261015',612,,255369,35,0,7 6,1,30,,255370,35,0,7 6,1,69,,255371,36,0,57 6,1,25,,255372,36,0,57 6,1,20,,255373,36,0,57 6,1,71,,255374,36,0,57 6,1,25,,255375,36,0,57 6,1,75,,255376,36,0,57 6,1,30,,255377,35,0,7 6,1,91,,255378,35,0,7 6,1,100,,255379,35,0,7 6,1,100,,255380,13,0,5 6,1,105,,255381,13,0,5 6,1,105,,255382,13,0,5 6,1,149,,255383,14,0,34 6,1,25,,255384,36,0,57 6,1,75,,255385,36,0,57 6,1,30,,255386,36,0,57 6,1,20,,255387,14,0,34 6,1,55,,255388,36,0,57 6,1,10,,255389,14,0,34 6,1,20,,255390,36,0,57 6,1,70,,255391,36,0,57 6,1,41,,255392,35,0,7 6,1,98,,255393,13,0,5 6,1,100,,255394,13,0,5 6,1,196,,255395,13,0,5 6,1
2700,'20261016',612,,255396,35,0,7 6,1,30,,255397,35,0,7 6,1,69,,255398,36,0,57 6,1,25,,255399,36,0,57 6,1,20,,255400,36,0,57 6,1,71,,255401,36,0,57 6,1,25,,255402,36,0,57 6,1,75,,255403,36,0,57 6,1,30,,255404,35,0,7 6,1,91,,255405,35,0,7 6,1,100,,255406,35,0,7 6,1,100,,255407,13,0,5 6,1,105,,255408,13,0,5 6,1,105,,255409,13,0,5 6,1,149,,255410,14,0,34 6,1,25,,255411,36,0,57 6,1,75,,255412,36,0,57 6,1,30,,255413,36,0,57 6,1,20,,255414,14,0,34 6,1,55,,255415,36,0,57 6,1,10,,255416,14,0,34 6,1,20,,255417,36,0,57 6,1,70,,255418,36,0,57 6,1,41,,255419,35,0,7 6,1,98,,255420,13,0,5 6,1,100,,255421,13,0,5 6,1,196,,255422,13,0,5 6,1
2700,'20261017',637,,255423,35,0,7 6,1,105,,255424,13,0,5 6,1,100,,255425,13,0,5 6,1,102,,255426,13,0,5 6,1,104,,255427,13,0,5 6,1,105,,255428,13,0,5 6,1,105,,255429,13,0,5 6,1,100,,255430,13,0,5 6,1,100,,255431,13,0,5 6,1,145,,255432,13,0,5 6,1,100,,255433,13,0,5 6,1,100,,255434,13,0,5 6,1,55,,255435,13,0,5 6,1,100,,255436,13,0,5 6,1,95,,255437,13,0,5 6,1,95,,255438,13,0,5 6,1,194,,255439,13,0,5 6,1
2700,'20261018',637,,255440,35,0,7 6,1,105,,255441,13,0,5 6,1,100,,255442,13,0,5 6,1,102,,255443,13,0,5 6,1,104,,255444,13,0,5 6,1,105,,255445,13,0,5 6,1,105,,255446,13,0,5 6,1,100,,255447,13,0,5 6,1,100,,255448,13,0,5 6,1,145,,255449,13,0,5 6,1,100,,255450,13,0,5 6,1,100,,255451,13,0,5 6,1,55,,255452,13,0,5 6,1,100,,255453,13,0,5 6,1,95,,255454,13,0,5 6,1,95,,255455,13,0,5 6,1,194,,255456,13,0,5 6,1
2700,'20261019',612,,255457,35,0,7 6,1,30,,255458,35,0,7 6,1,69,,255459,36,0,57 6,1,25,,255460,36,0,57 6,1,20,,255461,36,0,57 6,1,71,,255462,36,0,57 6,1,25,,255463,36,0,57 6,1,75,,255464,36,0,57 6,1,30,,255465,35,0,7 6,1,91,,255466,35,0,7 6,1,100,,255467,35,0,7 6,1,100,,255468,13,0,5 6,1,105,,255469,13,0,5 6,1,105,,255470,13,0,5 6,1,149,,255471,14,0,34 6,1,25,,255472,36,0,57 6,1,75,,255473,36,0,57 6,1,30,,255474,36,0,57 6,1,20,,255475,14,0,34 6,1,55,,255476,36,0,57 6,1,10,,255477,14,0,34 6,1,20,,255478,36,0,57 6,1,70,,255479,36,0,57 6,1,41,,255480,35,0,7 6,1,98,,255481,13,0,5 6,1,100,,255482,13,0,5 6,1,196,,255483,13,0,5 6,1
2700,'20261020',612,,255484,35,0,7 6,1,30,,255485,35,0,7 6,1,69,,255486,36,0,57 6,1,25,,255487,36,0,57 6,1,20,,255488,36,0,57 6,1,71,,255489,36,0,57 6,1,25,,255490,36,0,57 6,1,75,,255491,36,0,57 6,1,30,,255492,35,0,7 6,1,91,,255493,35,0,7 6,1,100,,255494,35,0,7 6,1,100,,255495,13,0,5 6,1,105,,255496,13,0,5 6,1,105,,255497,13,0,5 6,1,149,,255498,14,0,34 6,1,25,,255499,36,0,57 6,1,75,,255500,36,0,57 6,1,30,,255501,36,0,57 6,1,20,,255502,14,0,34 6,1,55,,255503,36,0,57 6,1,10,,255504,14,0,34 6,1,20,,255505,36,0,57 6,1,70,,255506,36,0,57 6,1,41,,255507,35,0,7 6,1,98,,255508,13,0,5 6,1,100,,255509,13,0,5 6,1,196,,255510,13,0,5 6,1
2700,'20261021',612,,255511,35,0,7 6,1,30,,255512,35,0,7 6,1,69,,255513,36,0,57 6,1,25,,255514,36,0,57 6,1,20,,255515,36,0,57 6,1,71,,255516,36,0,57 6,1,25,,255517,36,0,57 6,1,75,,255518,36,0,57 6,1,30,,255519,35,0,7 6,1,91,,255520,35,0,7 6,1,100,,255521,35,0,7 6,1,100,,255522,13,0,5 6,1,105,,255523,13,0,5 6,1,105,,255524,13,0,5 6,1,149,,255525,14,0,34 6,1,25,,255526,36,0,57 6,1,75,,255527,36,0,57 6,1,30,,255528,36,0,57 6,1,20,,255529,14,0,34 6,1,55,,255530,36,0,57 6,1,10,,255531,14,0,34 6,1,20,,255532,36,0,57 6,1,70,,255533,36,0,57 6,1,41,,255534,35,0,7 6,1,98,,255535,13,0,5 6,1,100,,255536,13,0,5 6,1,196,,255537,13,0,5 6,1
2700,'20261022',612,,255538,35,0,7 6,1,30,,255539,35,0,7 6,1,69,,255540,36,0,57 6,1,25,,255541,36,0,57 6,1,20,,255542,36,0,57 6,1,71,,255543,36,0,57 6,1,25,,255544,36,0,57 6,1,75,,255545,36,0,57 6,1,30,,255546,35,0,7 6,1,91,,255547,35,0,7 6,1,100,,255548,35,0,7 6,1,100,,255549,13,0,5 6,1,105,,255550,13,0,5 6,1,105,,255551,13,0,5 6,1,149,,255552,14,0,34 6,1,25,,255553,36,0,57 6,1,75,,255554,36,0,57 6,1,30,,255555,36,0,57 6,1,20,,255556,14,0,34 6,1,55,,255557,36,0,57 6,1,10,,255558,14,0,34 6,1,20,,255559,36,0,57 6,1,70,,255560,36,0,57 6,1,41,,255561,35,0,7 6,1,98,,255562,13,0,5 6,1,100,,255563,13,0,5 6,1,196,,255564,13,0,5 6,1
2700,'20261023',612,,255565,35,0,7 6,1,30,,255566,35,0,7 6,1,69,,255567,36,0,57 6,1,25,,255568,36,0,57 6,1,20,,255569,36,0,57 6,1,71,,255570,36,0,57 6,1,25,,255571,36,0,57 6,1,75,,255572,36,0,57 6,1,30,,255573,35,0,7 6,1,91,,255574,35,0,7 6,1,100,,255575,35,0,7 6,1,100,,255576,13,0,5 6,1,105,,255577,13,0,5 6,1,105,,255578,13,0,5 6,1,149,,255579,14,0,34 6,1,25,,255580,36,0,57 6,1,75,,255581,36,0,57 6,1,30,,255582,36,0,57 6,1,20,,255583,14,0,34 6,1,55,,255584,36,0,57 6,1,10,,255585,14,0,34 6,1,20,,255586,36,0,57 6,1,70,,255587,36,0,57 6,1,41,,255588,35,0,7 6,1,98,,255589,13,0,5 6,1,100,,255590,13,0,5 6,1,196,,255591,13,0,5 6,1
2700,'20261024',637,,255592,35,0,7 6,1,105,,255593,13,0,5 6,1,100,,255594,13,0,5 6,1,102,,255595,13,0,5 6,1,104,,255596,13,0,5 6,1,105,,255597,13,0,5 6,1,105,,255598,13,0,5 6,1,100,,255599,13,0,5 6,1,100,,255600,13,0,5 6,1,145,,255601,13,0,5 6,1,100,,255602,13,0,5 6,1,100,,255603,13,0,5 6,1,55,,255604,13,0,5 6,1,100,,255605,13,0,5 6,1,95,,255606,13,0,5 6,1,95,,255607,13,0,5 6,1,194,,255608,13,0,5 6,1
2700,'20261025',637,,255609,35,0,7 6,1,105,,255610,13,0,5 6,1,100,,255611,13,0,5 6,1,102,,255612,13,0,5 6,1,104,,255613,13,0,5 6,1,105,,255614,13,0,5 6,1,105,,255615,13,0,5 6,1,100,,255616,13,0,5 6,1,100,,255617,13,0,5 6,1,145,,255618,13,0,5 6,1,100,,255619,13,0,5 6,1,100,,255620,13,0,5 6,1,55,,255621,13,0,5 6,1,100,,255622,13,0,5 6,1,95,,255623,13,0,5 6,1,95,,255624,13,0,5 6,1,194,,255625,13,0,5 6,1
2700,'20261026',612,,255626,35,0,7 6,1,30,,255627,35,0,7 6,1,69,,255628,36,0,57 6,1,25,,255629,36,0,57 6,1,20,,255630,36,0,57 6,1,71,,255631,36,0,57 6,1,25,,255632,36,0,57 6,1,75,,255633,36,0,57 6,1,30,,255634,35,0,7 6,1,91,,255635,35,0,7 6,1,100,,255636,35,0,7 6,1,100,,255637,13,0,5 6,1,105,,255638,13,0,5 6,1,105,,255639,13,0,5 6,1,149,,255640,14,0,34 6,1,25,,255641,36,0,57 6,1,75,,255642,36,0,57 6,1,30,,255643,36,0,57 6,1,20,,255644,14,0,34 6,1,55,,255645,36,0,57 6,1,10,,255646,14,0,34 6,1,20,,255647,36,0,57 6,1,70,,255648,36,0,57 6,1,41,,255649,35,0,7 6,1,98,,255650,13,0,5 6,1,100,,255651,13,0,5 6,1,196,,255652,13,0,5 6,1
2700,'20261027',612,,255653,35,0,7 6,1,30,,255654,35,0,7 6,1,69,,255655,36,0,57 6,1,25,,255656,36,0,57 6,1,20,,255657,36,0,57 6,1,71,,255658,36,0,57 6,1,25,,255659,36,0,57 6,1,75,,255660,36,0,57 6,1,30,,255661,35,0,7 6,1,91,,255662,35,0,7 6,1,100,,255663,35,0,7 6,1,100,,255664,13,0,5 6,1,105,,255665,13,0,5 6,1,105,,255666,13,0,5 6,1,149,,255667,14,0,34 6,1,25,,255668,36,0,57 6,1,75,,255669,36,0,57 6,1,30,,255670,36,0,57 6,1,20,,255671,14,0,34 6,1,55,,255672,36,0,57 6,1,10,,255673,14,0,34 6,1,20,,255674,36,0,57 6,1,70,,255675,36,0,57 6,1,41,,255676,35,0,7 6,1,98,,255677,13,0,5 6,1,100,,255678,13,0,5 6,1,196,,255679,13,0,5 6,1
2700,'20261028',612,,255680,35,0,7 6,1,30,,255681,35,0,7 6,1,69,,255682,36,0,57 6,1,25,,255683,36,0,57 6,1,20,,255684,36,0,57 6,1,71,,255685,36,0,57 6,1,25,,255686,36,0,57 6,1,75,,255687,36,0,57 6,1,30,,255688,35,0,7 6,1,91,,255689,35,0,7 6,1,100,,255690,35,0,7 6,1,100,,255691,13,0,5 6,1,105,,255692,13,0,5 6,1,105,,255693,13,0,5 6,1,149,,255694,14,0,34 6,1,25,,255695,36,0,57 6,1,75,,255696,36,0,57 6,1,30,,255697,36,0,57 6,1,20,,255698,14,0,34 6,1,55,,255699,36,0,57 6,1,10,,255700,14,0,34 6,1,20,,255701,36,0,57 6,1,70,,255702,36,0,57 6,1,41,,255703,35,0,7 6,1,98,,255704,13,0,5 6,1,100,,255705,13,0,5 6,1,196,,255706,13,0,5 6,1
2700,'20261029',612,,255707,35,0,7 6,1,30,,255708,35,0,7 6,1,69,,255709,36,0,57 6,1,25,,255710,36,0,57 6,1,20,,255711,36,0,57 6,1,71,,255712,36,0,57 6,1,25,,255713,36,0,57 6,1,75,,255714,36,0,57 6,1,30,,255715,35,0,7 6,1,91,,255716,35,0,7 6,1,100,,255717,35,0,7 6,1,100,,255718,13,0,5 6,1,105,,255719,13,0,5 6,1,105,,255720,13,0,5 6,1,149,,255721,14,0,34 6,1,25,,255722,36,0,57 6,1,75,,255723,36,0,57 6,1,30,,255724,36,0,57 6,1,20,,255725,14,0,34 6,1,55,,255726,36,0,57 6,1,10,,255727,14,0,34 6,1,20,,255728,36,0,57 6,1,70,,255729,36,0,57 6,1,41,,255730,35,0,7 6,1,98,,255731,13,0,5 6,1,100,,255732,13,0,5 6,1,196,,255733,13,0,5 6,1
2700,'20261030',612,,255734,35,0,7 6,1,30,,255735,35,0,7 6,1,69,,255736,36,0,57 6,1,25,,255737,36,0,57 6,1,20,,255738,36,0,57 6,1,71,,255739,36,0,57 6,1,25,,255740,36,0,57 6,1,75,,255741,36,0,57 6,1,30,,255742,35,0,7 6,1,91,,255743,35,0,7 6,1,100,,255744,35,0,7 6,1,100,,255745,13,0,5 6,1,105,,255746,13,0,5 6,1,105,,255747,13,0,5 6,1,149,,255748,14,0,34 6,1,25,,255749,36,0,57 6,1,75,,255750,36,0,57 6,1,30,,255751,36,0,57 6,1,20,,255752,14,0,34 6,1,55,,255753,36,0,57 6,1,10,,255754,14,0,34 6,1,20,,255755,36,0,57 6,1,70,,255756,36,0,57 6,1,41,,255757,35,0,7 6,1,98,,255758,13,0,5 6,1,100,,255759,13,0,5 6,1,196,,255760,13,0,5 6,1
2700,'20261031',637,,255761,35,0,7 6,1,105,,255762,13,0,5 6,1,100,,255763,13,0,5 6,1,102,,255764,13,0,5 6,1,104,,255765,13,0,5 6,1,105,,255766,13,0,5 6,1,105,,255767,13,0,5 6,1,100,,255768,13,0,5 6,1,100,,255769,13,0,5 6,1,145,,255770,13,0,5 6,1,100,,255771,13,0,5 6,1,100,,255772,13,0,5 6,1,55,,255773,13,0,5 6,1,100,,255774,13,0,5 6,1,95,,255775,13,0,5 6,1,95,,255776,13,0,5 6,1,194,,255777,13,0,5 6,1
2700,'20261101',637,,255778,35,0,7 6,1,105,,255779,13,0,5 6,1,100,,255780,13,0,5 6,1,102,,255781,13,0,5 6,1,104,,255782,13,0,5 6,1,105,,255783,13,0,5 6,1,105,,255784,13,0,5 6,1,100,,255785,13,0,5 6,1,100,,255786,13,0,5 6,1,145,,255787,13,0,5 6,1,100,,255788,13,0,5 6,1,100,,255789,13,0,5 6,1,55,,255790,13,0,5 6,1,100,,255791,13,0,5 6,1,95,,255792,13,0,5 6,1,95,,255793,13,0,5 6,1,194,,255794,13,0,5 6,1
2700,'20261102',612,,255795,35,0,7 6,1,30,,255796,35,0,7 6,1,69,,255797,36,0,57 6,1,25,,255798,36,0,57 6,1,20,,255799,36,0,57 6,1,71,,255800,36,0,57 6,1,25,,255801,36,0,57 6,1,75,,255802,36,0,57 6,1,30,,255803,35,0,7 6,1,91,,255804,35,0,7 6,1,100,,255805,35,0,7 6,1,100,,255806,13,0,5 6,1,105,,255807,13,0,5 6,1,105,,255808,13,0,5 6,1,149,,255809,14,0,34 6,1,25,,255810,36,0,57 6,1,75,,255811,36,0,57 6,1,30,,255812,36,0,57 6,1,20,,255813,14,0,34 6,1,55,,255814,36,0,57 6,1,10,,255815,14,0,34 6,1,20,,255816,36,0,57 6,1,70,,255817,36,0,57 6,1,41,,255818,35,0,7 6,1,98,,255819,13,0,5 6,1,100,,255820,13,0,5 6,1,196,,255821,13,0,5 6,1
2700,'20261103',612,,255822,35,0,7 6,1,30,,255823,35,0,7 6,1,69,,255824,36,0,57 6,1,25,,255825,36,0,57 6,1,20,,255826,36,0,57 6,1,71,,255827,36,0,57 6,1,25,,255828,36,0,57 6,1,75,,255829,36,0,57 6,1,30,,255830,35,0,7 6,1,91,,255831,35,0,7 6,1,100,,255832,35,0,7 6,1,100,,255833,13,0,5 6,1,105,,255834,13,0,5 6,1,105,,255835,13,0,5 6,1,149,,255836,14,0,34 6,1,25,,255837,36,0,57 6,1,75,,255838,36,0,57 6,1,30,,255839,36,0,57 6,1,20,,255840,14,0,34 6,1,55,,255841,36,0,57 6,1,10,,255842,14,0,34 6,1,20,,255843,36,0,57 6,1,70,,255844,36,0,57 6,1,41,,255845,35,0,7 6,1,98,,255846,13,0,5 6,1,100,,255847,13,0,5 6,1,196,,255848,13,0,5 6,1
2700,'20261104',612,,255849,35,0,7 6,1,30,,255850,35,0,7 6,1,69,,255851,36,0,57 6,1,25,,255852,36,0,57 6,1,20,,255853,36,0,57 6,1,71,,255854,36,0,57 6,1,25,,255855,36,0,57 6,1,75,,255856,36,0,57 6,1,30,,255857,35,0,7 6,1,91,,255858,35,0,7 6,1,100,,255859,35,0,7 6,1,100,,255860,13,0,5 6,1,105,,255861,13,0,5 6,1,105,,255862,13,0,5 6,1,149,,255863,14,0,34 6,1,25,,255864,36,0,57 6,1,75,,255865,36,0,57 6,1,30,,255866,36,0,57 6,1,20,,255867,14,0,34 6,1,55,,255868,36,0,57 6,1,10,,255869,14,0,34 6,1,20,,255870,36,0,57 6,1,70,,255871,36,0,57 6,1,41,,255872,35,0,7 6,1,98,,255873,13,0,5 6,1,100,,255874,13,0,5 6,1,196,,255875,13,0,5 6,1
2700,'20261105',612,,255876,35,0,7 6,1,30,,255877,35,0,7 6,1,69,,255878,36,0,57 6,1,25,,255879,36,0,57 6,1,20,,255880,36,0,57 6,1,71,,255881,36,0,57 6,1,25,,255882,36,0,57 6,1,75,,255883,36,0,57 6,1,30,,255884,35,0,7 6,1,91,,255885,35,0,7 6,1,100,,255886,35,0,7 6,1,100,,255887,13,0,5 6,1,105,,255888,13,0,5 6,1,105,,255889,13,0,5 6,1,149,,255890,14,0,34 6,1,25,,255891,36,0,57 6,1,75,,255892,36,0,57 6,1,30,,255893,36,0,57 6,1,20,,255894,14,0,34 6,1,55,,255895,36,0,57 6,1,10,,255896,14,0,34 6,1,20,,255897,36,0,57 6,1,70,,255898,36,0,57 6,1,41,,255899,35,0,7 6,1,98,,255900,13,0,5 6,1,100,,255901,13,0,5 6,1,196,,255902,13,0,5 6,1
2700,'20261106',612,,255903,35,0,7 6,1,30,,255904,35,0,7 6,1,69,,255905,36,0,57 6,1,25,,255906,36,0,57 6,1,20,,255907,36,0,57 6,1,71,,255908,36,0,57 6,1,25,,255909,36,0,57 6,1,75,,255910,36,0,57 6,1,30,,255911,35,0,7 6,1,91,,255912,35,0,7 6,1,100,,255913,35,0,7 6,1,100,,255914,13,0,5 6,1,105,,255915,13,0,5 6,1,105,,255916,13,0,5 6,1,149,,255917,14,0,34 6,1,25,,255918,36,0,57 6,1,75,,255919,36,0,57 6,1,30,,255920,36,0,57 6,1,20,,255921,14,0,34 6,1,55,,255922,36,0,57 6,1,10,,255923,14,0,34 6,1,20,,255924,36,0,57 6,1,70,,255925,36,0,57 6,1,41,,255926,35,0,7 6,1,98,,255927,13,0,5 6,1,100,,255928,13,0,5 6,1,196,,255929,13,0,5 6,1
2700,'20261107',637,,255930,35,0,7 6,1,105,,255931,13,0,5 6,1,100,,255932,13,0,5 6,1,102,,255933,13,0,5 6,1,104,,255934,13,0,5 6,1,105,,255935,13,0,5 6,1,105,,255936,13,0,5 6,1,100,,255937,13,0,5 6,1,100,,255938,13,0,5 6,1,145,,255939,13,0,5 6,1,100,,255940,13,0,5 6,1,100,,255941,13,0,5 6,1,55,,255942,13,0,5 6,1,100,,255943,13,0,5 6,1,95,,255944,13,0,5 6,1,95,,255945,13,0,5 6,1,194,,255946,13,0,5 6,1
2700,'20261108',637,,255947,35,0,7 6,1,105,,255948,13,0,5 6,1,100,,255949,13,0,5 6,1,102,,255950,13,0,5 6,1,104,,255951,13,0,5 6,1,105,,255952,13,0,5 6,1,105,,255953,13,0,5 6,1,100,,255954,13,0,5 6,1,100,,255955,13,0,5 6,1,145,,255956,13,0,5 6,1,100,,255957,13,0,5 6,1,100,,255958,13,0,5 6,1,55,,255959,13,0,5 6,1,100,,255960,13,0,5 6,1,95,,255961,13,0,5 6,1,95,,255962,13,0,5 6,1,194,,255963,13,0,5 6,1
2700,'20261109',612,,255964,35,0,7 6,1,30,,255965,35,0,7 6,1,69,,255966,36,0,57 6,1,25,,255967,36,0,57 6,1,20,,255968,36,0,57 6,1,71,,255969,36,0,57 6,1,25,,255970,36,0,57 6,1,75,,255971,36,0,57 6,1,30,,255972,35,0,7 6,1,91,,255973,35,0,7 6,1,100,,255974,35,0,7 6,1,100,,255975,13,0,5 6,1,105,,255976,13,0,5 6,1,105,,255977,13,0,5 6,1,149,,255978,14,0,34 6,1,25,,255979,36,0,57 6,1,75,,255980,36,0,57 6,1,30,,255981,36,0,57 6,1,20,,255982,14,0,34 6,1,55,,255983,36,0,57 6,1,10,,255984,14,0,34 6,1,20,,255985,36,0,57 6,1,70,,255986,36,0,57 6,1,41,,255987,35,0,7 6,1,98,,255988,13,0,5 6,1,100,,255989,13,0,5 6,1,196,,255990,13,0,5 6,1
2700,'20261110',612,,255991,35,0,7 6,1,30,,255992,35,0,7 6,1,69,,255993,36,0,57 6,1,25,,255994,36,0,57 6,1,20,,255995,36,0,57 6,1,71,,255996,36,0,57 6,1,25,,255997,36,0,57 6,1,75,,255998,36,0,57 6,1,30,,255999,35,0,7 6,1,91,,256000,35,0,7 6,1,100,,256001,35,0,7 6,1,100,,256002,13,0,5 6,1,105,,256003,13,0,5 6,1,105,,256004,13,0,5 6,1,149,,256005,14,0,34 6,1,25,,256006,36,0,57 6,1,75,,256007,36,0,57 6,1,30,,256008,36,0,57 6,1,20,,256009,14,0,34 6,1,55,,256010,36,0,57 6,1,10,,256011,14,0,34 6,1,20,,256012,36,0,57 6,1,70,,256013,36,0,57 6,1,41,,256014,35,0,7 6,1,98,,256015,13,0,5 6,1,100,,256016,13,0,5 6,1,196,,256017,13,0,5 6,1
2700,'20261111',612,,256018,35,0,7 6,1,30,,256019,35,0,7 6,1,69,,256020,36,0,57 6,1,25,,256021,36,0,57 6,1,20,,256022,36,0,57 6,1,71,,256023,36,0,57 6,1,25,,256024,36,0,57 6,1,75,,256025,36,0,57 6,1,30,,256026,35,0,7 6,1,91,,256027,35,0,7 6,1,100,,256028,35,0,7 6,1,100,,256029,13,0,5 6,1,105,,256030,13,0,5 6,1,105,,256031,13,0,5 6,1,149,,256032,14,0,34 6,1,25,,256033,36,0,57 6,1,75,,256034,36,0,57 6,1,30,,256035,36,0,57 6,1,20,,256036,14,0,34 6,1,55,,256037,36,0,57 6,1,10,,256038,14,0,34 6,1,20,,256039,36,0,57 6,1,70,,256040,36,0,57 6,1,41,,256041,35,0,7 6,1,98,,256042,13,0,5 6,1,100,,256043,13,0,5 6,1,196,,256044,13,0,5 6,1
2700,'20261112',612,,256045,35,0,7 6,1,30,,256046,35,0,7 6,1,69,,256047,36,0,57 6,1,25,,256048,36,0,57 6,1,20,,256049,36,0,57 6,1,71,,256050,36,0,57 6,1,25,,256051,36,0,57 6,1,75,,256052,36,0,57 6,1,30,,256053,35,0,7 6,1,91,,256054,35,0,7 6,1,100,,256055,35,0,7 6,1,100,,256056,13,0,5 6,1,105,,256057,13,0,5 6,1,105,,256058,13,0,5 6,1,149,,256059,14,0,34 6,1,25,,256060,36,0,57 6,1,75,,256061,36,0,57 6,1,30,,256062,36,0,57 6,1,20,,256063,14,0,34 6,1,55,,256064,36,0,57 6,1,10,,256065,14,0,34 6,1,20,,256066,36,0,57 6,1,70,,256067,36,0,57 6,1,41,,256068,35,0,7 6,1,98,,256069,13,0,5 6,1,100,,256070,13,0,5 6,1,196,,256071,13,0,5 6,1
2700,'20261113',612,,256072,35,0,7 6,1,30,,256073,35,0,7 6,1,69,,256074,36,0,57 6,1,25,,256075,36,0,57 6,1,20,,256076,36,0,57 6,1,71,,256077,36,0,57 6,1,25,,256078,36,0,57 6,1,75,,256079,36,0,57 6,1,30,,256080,35,0,7 6,1,91,,256081,35,0,7 6,1,100,,256082,35,0,7 6,1,100,,256083,13,0,5 6,1,105,,256084,13,0,5 6,1,105,,256085,13,0,5 6,1,149,,256086,14,0,34 6,1,25,,256087,36,0,57 6,1,75,,256088,36,0,57 6,1,30,,256089,36,0,57 6,1,20,,256090,14,0,34 6,1,55,,256091,36,0,57 6,1,10,,256092,14,0,34 6,1,20,,256093,36,0,57 6,1,70,,256094,36,0,57 6,1,41,,256095,35,0,7 6,1,98,,256096,13,0,5 6,1,100,,256097,13,0,5 6,1,196,,256098,13,0,5 6,1
2700,'20261114',637,,256099,35,0,7 6,1,105,,256100,13,0,5 6,1,100,,256101,13,0,5 6,1,102,,256102,13,0,5 6,1,104,,256103,13,0,5 6,1,105,,256104,13,0,5 6,1,105,,256105,13,0,5 6,1,100,,256106,13,0,5 6,1,100,,256107,13,0,5 6,1,145,,256108,13,0,5 6,1,100,,256109,13,0,5 6,1,100,,256110,13,0,5 6,1,55,,256111,13,0,5 6,1,100,,256112,13,0,5 6,1,95,,256113,13,0,5 6,1,95,,256114,13,0,5 6,1,194,,256115,13,0,5 6,1
2700,'20261115',637,,256116,35,0,7 6,1,105,,256117,13,0,5 6,1,100,,256118,13,0,5 6,1,102,,256119,13,0,5 6,1,104,,256120,13,0,5 6,1,105,,256121,13,0,5 6,1,105,,256122,13,0,5 6,1,100,,256123,13,0,5 6,1,100,,256124,13,0,5 6,1,145,,256125,13,0,5 6,1,100,,256126,13,0,5 6,1,100,,256127,13,0,5 6,1,55,,256128,13,0,5 6,1,100,,256129,13,0,5 6,1,95,,256130,13,0,5 6,1,95,,256131,13,0,5 6,1,194,,256132,13,0,5 6,1
2700,'20261116',612,,256133,35,0,7 6,1,30,,256134,35,0,7 6,1,69,,256135,36,0,57 6,1,25,,256136,36,0,57 6,1,20,,256137,36,0,57 6,1,71,,256138,36,0,57 6,1,25,,256139,36,0,57 6,1,75,,256140,36,0,57 6,1,30,,256141,35,0,7 6,1,91,,256142,35,0,7 6,1,100,,256143,35,0,7 6,1,100,,256144,13,0,5 6,1,105,,256145,13,0,5 6,1,105,,256146,13,0,5 6,1,149,,256147,14,0,34 6,1,25,,256148,36,0,57 6,1,75,,256149,36,0,57 6,1,30,,256150,36,0,57 6,1,20,,256151,14,0,34 6,1,55,,256152,36,0,57 6,1,10,,256153,14,0,34 6,1,20,,256154,36,0,57 6,1,70,,256155,36,0,57 6,1,41,,256156,35,0,7 6,1,98,,256157,13,0,5 6,1,100,,256158,13,0,5 6,1,196,,256159,13,0,5 6,1
2700,'20261117',612,,256160,35,0,7 6,1,30,,256161,35,0,7 6,1,69,,256162,36,0,57 6,1,25,,256163,36,0,57 6,1,20,,256164,36,0,57 6,1,71,,256165,36,0,57 6,1,25,,256166,36,0,57 6,1,75,,256167,36,0,57 6,1,30,,256168,35,0,7 6,1,91,,256169,35,0,7 6,1,100,,256170,35,0,7 6,1,100,,256171,13,0,5 6,1,105,,256172,13,0,5 6,1,105,,256173,13,0,5 6,1,149,,256174,14,0,34 6,1,25,,256175,36,0,57 6,1,75,,256176,36,0,57 6,1,30,,256177,36,0,57 6,1,20,,256178,14,0,34 6,1,55,,256179,36,0,57 6,1,10,,256180,14,0,34 6,1,20,,256181,36,0,57 6,1,70,,256182,36,0,57 6,1,41,,256183,35,0,7 6,1,98,,256184,13,0,5 6,1,100,,256185,13,0,5 6,1,196,,256186,13,0,5 6,1
2700,'20261118',612,,256187,35,0,7 6,1,30,,256188,35,0,7 6,1,69,,256189,36,0,57 6,1,25,,256190,36,0,57 6,1,20,,256191,36,0,57 6,1,71,,256192,36,0,57 6,1,25,,256193,36,0,57 6,1,75,,256194,36,0,57 6,1,30,,256195,35,0,7 6,1,91,,256196,35,0,7 6,1,100,,256197,35,0,7 6,1,100,,256198,13,0,5 6,1,105,,256199,13,0,5 6,1,105,,256200,13,0,5 6,1,149,,256201,14,0,34 6,1,25,,256202,36,0,57 6,1,75,,256203,36,0,57 6,1,30,,256204,36,0,57 6,1,20,,256205,14,0,34 6,1,55,,256206,36,0,57 6,1,10,,256207,14,0,34 6,1,20,,256208,36,0,57 6,1,70,,256209,36,0,57 6,1,41,,256210,35,0,7 6,1,98,,256211,13,0,5 6,1,100,,256212,13,0,5 6,1,196,,256213,13,0,5 6,1
2700,'20261119',612,,256214,35,0,7 6,1,30,,256215,35,0,7 6,1,69,,256216,36,0,57 6,1,25,,256217,36,0,57 6,1,20,,256218,36,0,57 6,1,71,,256219,36,0,57 6,1,25,,256220,36,0,57 6,1,75,,256221,36,0,57 6,1,30,,256222,35,0,7 6,1,91,,256223,35,0,7 6,1,100,,256224,35,0,7 6,1,100,,256225,13,0,5 6,1,105,,256226,13,0,5 6,1,105,,256227,13,0,5 6,1,149,,256228,14,0,34 6,1,25,,256229,36,0,57 6,1,75,,256230,36,0,57 6,1,30,,256231,36,0,57 6,1,20,,256232,14,0,34 6,1,55,,256233,36,0,57 6,1,10,,256234,14,0,34 6,1,20,,256235,36,0,57 6,1,70,,256236,36,0,57 6,1,41,,256237,35,0,7 6,1,98,,256238,13,0,5 6,1,100,,256239,13,0,5 6,1,196,,256240,13,0,5 6,1
2700,'20261120',612,,256241,35,0,7 6,1,30,,256242,35,0,7 6,1,69,,256243,36,0,57 6,1,25,,256244,36,0,57 6,1,20,,256245,36,0,57 6,1,71,,256246,36,0,57 6,1,25,,256247,36,0,57 6,1,75,,256248,36,0,57 6,1,30,,256249,35,0,7 6,1,91,,256250,35,0,7 6,1,100,,256251,35,0,7 6,1,100,,256252,13,0,5 6,1,105,,256253,13,0,5 6,1,105,,256254,13,0,5 6,1,149,,256255,14,0,34 6,1,25,,256256,36,0,57 6,1,75,,256257,36,0,57 6,1,30,,256258,36,0,57 6,1,20,,256259,14,0,34 6,1,55,,256260,36,0,57 6,1,10,,256261,14,0,34 6,1,20,,256262,36,0,57 6,1,70,,256263,36,0,57 6,1,41,,256264,35,0,7 6,1,98,,256265,13,0,5 6,1,100,,256266,13,0,5 6,1,196,,256267,13,0,5 6,1
2700,'20261121',637,,256268,35,0,7 6,1,105,,256269,13,0,5 6,1,100,,256270,13,0,5 6,1,102,,256271,13,0,5 6,1,104,,256272,13,0,5 6,1,105,,256273,13,0,5 6,1,105,,256274,13,0,5 6,1,100,,256275,13,0,5 6,1,100,,256276,13,0,5 6,1,145,,256277,13,0,5 6,1,100,,256278,13,0,5 6,1,100,,256279,13,0,5 6,1,55,,256280,13,0,5 6,1,100,,256281,13,0,5 6,1,95,,256282,13,0,5 6,1,95,,256283,13,0,5 6,1,194,,256284,13,0,5 6,1
2700,'20261122',637,,256285,35,0,7 6,1,105,,256286,13,0,5 6,1,100,,256287,13,0,5 6,1,102,,256288,13,0,5 6,1,104,,256289,13,0,5 6,1,105,,256290,13,0,5 6,1,105,,256291,13,0,5 6,1,100,,256292,13,0,5 6,1,100,,256293,13,0,5 6,1,145,,256294,13,0,5 6,1,100,,256295,13,0,5 6,1,100,,256296,13,0,5 6,1,55,,256297,13,0,5 6,1,100,,256298,13,0,5 6,1,95,,256299,13,0,5 6,1,95,,256300,13,0,5 6,1,194,,256301,13,0,5 6,1
2700,'20261123',612,,256302,35,0,7 6,1,30,,256303,35,0,7 6,1,69,,256304,36,0,57 6,1,25,,256305,36,0,57 6,1,20,,256306,36,0,57 6,1,71,,256307,36,0,57 6,1,25,,256308,36,0,57 6,1,75,,256309,36,0,57 6,1,30,,256310,35,0,7 6,1,91,,256311,35,0,7 6,1,100,,256312,35,0,7 6,1,100,,256313,13,0,5 6,1,105,,256314,13,0,5 6,1,105,,256315,13,0,5 6,1,149,,256316,14,0,34 6,1,25,,256317,36,0,57 6,1,75,,256318,36,0,57 6,1,30,,256319,36,0,57 6,1,20,,256320,14,0,34 6,1,55,,256321,36,0,57 6,1,10,,256322,14,0,34 6,1,20,,256323,36,0,57 6,1,70,,256324,36,0,57 6,1,41,,256325,35,0,7 6,1,98,,256326,13,0,5 6,1,100,,256327,13,0,5 6,1,196,,256328,13,0,5 6,1
2700,'20261124',612,,256329,35,0,7 6,1,30,,256330,35,0,7 6,1,69,,256331,36,0,57 6,1,25,,256332,36,0,57 6,1,20,,256333,36,0,57 6,1,71,,256334,36,0,57 6,1,25,,256335,36,0,57 6,1,75,,256336,36,0,57 6,1,30,,256337,35,0,7 6,1,91,,256338,35,0,7 6,1,100,,256339,35,0,7 6,1,100,,256340,13,0,5 6,1,105,,256341,13,0,5 6,1,105,,256342,13,0,5 6,1,149,,256343,14,0,34 6,1,25,,256344,36,0,57 6,1,75,,256345,36,0,57 6,1,30,,256346,36,0,57 6,1,20,,256347,14,0,34 6,1,55,,256348,36,0,57 6,1,10,,256349,14,0,34 6,1,20,,256350,36,0,57 6,1,70,,256351,36,0,57 6,1,41,,256352,35,0,7 6,1,98,,256353,13,0,5 6,1,100,,256354,13,0,5 6,1,196,,256355,13,0,5 6,1
2700,'20261125',612,,256356,35,0,7 6,1,30,,256357,35,0,7 6,1,69,,256358,36,0,57 6,1,25,,256359,36,0,57 6,1,20,,256360,36,0,57 6,1,71,,256361,36,0,57 6,1,25,,256362,36,0,57 6,1,75,,256363,36,0,57 6,1,30,,256364,35,0,7 6,1,91,,256365,35,0,7 6,1,100,,256366,35,0,7 6,1,100,,256367,13,0,5 6,1,105,,256368,13,0,5 6,1,105,,256369,13,0,5 6,1,149,,256370,14,0,34 6,1,25,,256371,36,0,57 6,1,75,,256372,36,0,57 6,1,30,,256373,36,0,57 6,1,20,,256374,14,0,34 6,1,55,,256375,36,0,57 6,1,10,,256376,14,0,34 6,1,20,,256377,36,0,57 6,1,70,,256378,36,0,57 6,1,41,,256379,35,0,7 6,1,98,,256380,13,0,5 6,1,100,,256381,13,0,5 6,1,196,,256382,13,0,5 6,1
2700,'20261126',612,,256383,35,0,7 6,1,30,,256384,35,0,7 6,1,69,,256385,36,0,57 6,1,25,,256386,36,0,57 6,1,20,,256387,36,0,57 6,1,71,,256388,36,0,57 6,1,25,,256389,36,0,57 6,1,75,,256390,36,0,57 6,1,30,,256391,35,0,7 6,1,91,,256392,35,0,7 6,1,100,,256393,35,0,7 6,1,100,,256394,13,0,5 6,1,105,,256395,13,0,5 6,1,105,,256396,13,0,5 6,1,149,,256397,14,0,34 6,1,25,,256398,36,0,57 6,1,75,,256399,36,0,57 6,1,30,,256400,36,0,57 6,1,20,,256401,14,0,34 6,1,55,,256402,36,0,57 6,1,10,,256403,14,0,34 6,1,20,,256404,36,0,57 6,1,70,,256405,36,0,57 6,1,41,,256406,35,0,7 6,1,98,,256407,13,0,5 6,1,100,,256408,13,0,5 6,1,196,,256409,13,0,5 6,1
2700,'20261127',612,,256410,35,0,7 6,1,30,,256411,35,0,7 6,1,69,,256412,36,0,57 6,1,25,,256413,36,0,57 6,1,20,,256414,36,0,57 6,1,71,,256415,36,0,57 6,1,25,,256416,36,0,57 6,1,75,,256417,36,0,57 6,1,30,,256418,35,0,7 6,1,91,,256419,35,0,7 6,1,100,,256420,35,0,7 6,1,100,,256421,13,0,5 6,1,105,,256422,13,0,5 6,1,105,,256423,13,0,5 6,1,149,,256424,14,0,34 6,1,25,,256425,36,0,57 6,1,75,,256426,36,0,57 6,1,30,,256427,36,0,57 6,1,20,,256428,14,0,34 6,1,55,,256429,36,0,57 6,1,10,,256430,14,0,34 6,1,20,,256431,36,0,57 6,1,70,,256432,36,0,57 6,1,41,,256433,35,0,7 6,1,98,,256434,13,0,5 6,1,100,,256435,13,0,5 6,1,196,,256436,13,0,5 6,1
6701,'20260910',711,,314889,10,,,1,36,,314890,10,,,1,80,,314891,10,,,1,80,,314892,10,,,1
6701,'20260911',711,,314893,10,,,1,36,,314894,10,,,1,80,,314895,10,,,1,80,,314896,10,,,1
6701,'20260914',711,,314897,10,,,1,36,,314898,10,,,1,80,,314899,10,,,1,80,,314900,10,,,1
6701,'20260915',711,,314901,10,,,1,36,,314902,10,,,1,80,,314903,10,,,1,80,,314904,10,,,1
6701,'20260916',711,,314905,10,,,1,36,,314906,10,,,1,80,,314907,10,,,1,80,,314908,10,,,1
6701,'20260917',711,,314909,10,,,1,36,,314910,10,,,1,80,,314911,10,,,1,80,,314912,10,,,1
6701,'20260918',711,,314913,10,,,1,36,,314914,10,,,1,80,,314915,10,,,1,80,,314916,10,,,1
6701,'20260921',711,,314917,10,,,1,36,,314918,10,,,1,80,,314919,10,,,1,80,,314920,10,,,1
6701,'20260922',711,,314921,10,,,1,36,,314922,10,,,1,80,,314923,10,,,1,80,,314924,10,,,1
6701,'20260923',711,,314925,10,,,1,36,,314926,10,,,1,80,,314927,10,,,1,80,,314928,10,,,1
6701,'20260924',711,,314929,10,,,1,36,,314930,10,,,1,80,,314931,10,,,1,80,,314932,10,,,1
6701,'20260925',711,,314933,10,,,1,36,,314934,10,,,1,80,,314935,10,,,1,80,,314936,10,,,1
6701,'20260928',711,,314937,10,,,1,36,,314938,10,,,1,80,,314939,10,,,1,80,,314940,10,,,1
6701,'20260929',711,,314941,10,,,1,36,,314942,10,,,1,80,,314943,10,,,1,80,,314944,10,,,1
6701,'20260930',711,,314945,10,,,1,36,,314946,10,,,1,80,,314947,10,,,1,80,,314948,10,,,1
6701,'20261001',711,,314949,10,,,1,36,,314950,10,,,1,80,,314951,10,,,1,80,,314952,10,,,1
6701,'20261002',711,,314953,10,,,1,36,,314954,10,,,1,80,,314955,10,,,1,80,,314956,10,,,1
6701,'20261005',711,,314957,10,,,1,36,,314958,10,,,1,80,,314959,10,,,1,80,,314960,10,,,1
6701,'20261006',711,,314961,10,,,1,36,,314962,10,,,1,80,,314963,10,,,1,80,,314964,10,,,1
6701,'20261007',711,,314965,10,,,1,36,,314966,10,,,1,80,,314967,10,,,1,80,,314968,10,,,1
6701,'20261008',711,,314969,10,,,1,36,,314970,10,,,1,80,,314971,10,,,1,80,,314972,10,,,1
6701,'20261009',711,,314973,10,,,1,36,,314974,10,,,1,80,,314975,10,,,1,80,,314976,10,,,1
6701,'20261013',711,,314977,10,,,1,36,,314978,10,,,1,80,,314979,10,,,1,80,,314980,10,,,1
6701,'20261014',711,,314981,10,,,1,36,,314982,10,,,1,80,,314983,10,,,1,80,,314984,10,,,1
6701,'20261015',711,,314985,10,,,1,36,,314986,10,,,1,80,,314987,10,,,1,80,,314988,10,,,1
6701,'20261016',711,,314989,10,,,1,36,,314990,10,,,1,80,,314991,10,,,1,80,,314992,10,,,1
6701,'20261019',711,,314993,10,,,1,36,,314994,10,,,1,80,,314995,10,,,1,80,,314996,10,,,1
6701,'20261020',711,,314997,10,,,1,36,,314998,10,,,1,80,,314999,10,,,1,80,,315000,10,,,1
6701,'20261021',711,,315001,10,,,1,36,,315002,10,,,1,80,,315003,10,,,1,80,,315004,10,,,1
6701,'20261022',711,,315005,10,,,1,36,,315006,10,,,1,80,,315007,10,,,1,80,,315008,10,,,1
6701,'20261023',711,,315009,10,,,1,36,,315010,10,,,1,80,,315011,10,,,1,80,,315012,10,,,1
6701,'20261026',711,,315013,10,,,1,36,,315014,10,,,1,80,,315015,10,,,1,80,,315016,10,,,1
6701,'20261027',711,,315017,10,,,1,36,,315018,10,,,1,80,,315019,10,,,1,80,,315020,10,,,1
6701,'20261028',711,,315021,10,,,1,36,,315022,10,,,1,80,,315023,10,,,1,80,,315024,10,,,1
6701,'20261029',711,,315025,10,,,1,36,,315026,10,,,1,80,,315027,10,,,1,80,,315028,10,,,1
6701,'20261030',711,,315029,10,,,1,36,,315030,10,,,1,80,,315031,10,,,1,80,,315032,10,,,1
6701,'20261102',711,,315033,10,,,1,36,,315034,10,,,1,80,,315035,10,,,1,80,,315036,10,,,1
6701,'20261103',711,,315037,10,,,1,36,,315038,10,,,1,80,,315039,10,,,1,80,,315040,10,,,1
6701,'20261104',711,,315041,10,,,1,36,,315042,10,,,1,80,,315043,10,,,1,80,,315044,10,,,1
6701,'20261105',711,,315045,10,,,1,36,,315046,10,,,1,80,,315047,10,,,1,80,,315048,10,,,1
6701,'20261106',711,,315049,10,,,1,36,,315050,10,,,1,80,,315051,10,,,1,80,,315052,10,,,1
6701,'20261109',711,,315053,10,,,1,36,,315054,10,,,1,80,,315055,10,,,1,80,,315056,10,,,1
6701,'20261110',711,,315057,10,,,1,36,,315058,10,,,1,80,,315059,10,,,1,80,,315060,10,,,1
6701,'20261111',711,,315061,10,,,1,36,,315062,10,,,1,80,,315063,10,,,1,80,,315064,10,,,1
6701,'20261112',711,,315065,10,,,1,36,,315066,10,,,1,80,,315067,10,,,1,80,,315068,10,,,1
6701,'20261113',711,,315069,10,,,1,36,,315070,10,,,1,80,,315071,10,,,1,80,,315072,10,,,1
6701,'20261116',711,,315073,10,,,1,36,,315074,10,,,1,80,,315075,10,,,1,80,,315076,10,,,1
6701,'20261117',711,,315077,10,,,1,36,,315078,10,,,1,80,,315079,10,,,1,80,,315080,10,,,1
6701,'20261118',711,,315081,10,,,1,36,,315082,10,,,1,80,,315083,10,,,1,80,,315084,10,,,1
6701,'20261119',711,,315085,10,,,1,36,,315086,10,,,1,80,,315087,10,,,1,80,,315088,10,,,1
6701,'20261120',711,,315089,10,,,1,36,,315090,10,,,1,80,,315091,10,,,1,80,,315092,10,,,1
6701,'20261123',711,,315093,10,,,1,36,,315094,10,,,1,80,,315095,10,,,1,80,,315096,10,,,1
6701,'20261124',711,,315097,10,,,1,36,,315098,10,,,1,80,,315099,10,,,1,80,,315100,10,,,1
6701,'20261125',711,,315101,10,,,1,36,,315102,10,,,1,80,,315103,10,,,1,80,,315104,10,,,1
6701,'20261126',711,,315105,10,,,1,36,,315106,10,,,1,80,,315107,10,,,1,80,,315108,10,,,1
6701,'20261127',711,,315109,10,,,1,36,,315110,10,,,1,80,,315111,10,,,1,80,,315112,10,,,1
9601,'20260910',552,,331293,8,0,5 6,1,85,,331294,8,0,5 6,1,77,,331295,8,0,5 6,1,30,,331296,8,0,5 6,1,63,,331297,8,0,5 6,1,15,,331298,8,0,5 6,1,82,,331299,8,0,5 6,1,40,,331300,8,0,5 6,1,190,,331301,8,0,5 6,1,202,,331302,8,0,5 6,1,200,,331303,8,0,5 6,1,200,,331304,8,0,5 6,1,100,,331305,8,0,5 6,1,193,,331306,8,0,5 6,1
9601,'20260911',552,,331307,8,0,5 6,1,85,,331308,8,0,5 6,1,77,,331309,8,0,5 6,1,30,,331310,8,0,5 6,1,78,,331311,8,0,5 6,1,82,,331312,8,0,5 6,1,40,,331313,8,0,5 6,1,190,,331314,8,0,5 6,1,202,,331315,8,0,5 6,1,200,,331316,8,0,5 6,1,200,,331317,8,0,5 6,1,100,,331318,8,0,5 6,1,193,,331319,8,0,5 6,1
9601,'20260912',722,,331320,8,0,5 6,1,200,,331321,8,0,5 6,1,207,,331322,8,0,5 6,1,105,,331323,8,0,5 6,1,105,,331324,8,0,5 6,1,100,,331325,8,0,5 6,1,100,,331326,8,0,5 6,1,102,,331327,8,0,5 6,1,100,,331328,8,0,5 6,1,198,,331329,8,0,5 6,1,190,,331330,8,0,5 6,1
9601,'20260913',722,,331331,8,0,5 6,1,200,,331332,8,0,5 6,1,207,,331333,8,0,5 6,1,105,,331334,8,0,5 6,1,105,,331335,8,0,5 6,1,100,,331336,8,0,5 6,1,100,,331337,8,0,5 6,1,102,,331338,8,0,5 6,1,100,,331339,8,0,5 6,1,198,,331340,8,0,5 6,1,190,,331341,8,0,5 6,1
9601,'20260914',552,,331342,8,0,5 6,1,85,,331343,8,0,5 6,1,77,,331344,8,0,5 6,1,30,,331345,8,0,5 6,1,63,,331346,8,0,5 6,1,15,,331347,8,0,5 6,1,82,,331348,8,0,5 6,1,40,,331349,8,0,5 6,1,190,,331350,8,0,5 6,1,202,,331351,8,0,5 6,1,200,,331352,8,0,5 6,1,200,,331353,8,0,5 6,1,100,,331354,8,0,5 6,1,193,,331355,8,0,5 6,1
9601,'20260915',552,,331356,8,0,5 6,1,85,,331357,8,0,5 6,1,77,,331358,8,0,5 6,1,30,,331359,8,0,5 6,1,63,,331360,8,0,5 6,1,15,,331361,8,0,5 6,1,82,,331362,8,0,5 6,1,40,,331363,8,0,5 6,1,190,,331364,8,0,5 6,1,202,,331365,8,0,5 6,1,200,,331366,8,0,5 6,1,200,,331367,8,0,5 6,1,100,,331368,8,0,5 6,1,193,,331369,8,0,5 6,1
9601,'20260916',552,,331370,8,0,5 6,1,85,,331371,8,0,5 6,1,77,,331372,8,0,5 6,1,30,,331373,8,0,5 6,1,63,,331374,8,0,5 6,1,15,,331375,8,0,5 6,1,82,,331376,8,0,5 6,1,40,,331377,8,0,5 6,1,190,,331378,8,0,5 6,1,202,,331379,8,0,5 6,1,200,,331380,8,0,5 6,1,200,,331381,8,0,5 6,1,100,,331382,8,0,5 6,1,193,,331383,8,0,5 6,1
9601,'20260917',552,,331384,8,0,5 6,1,85,,331385,8,0,5 6,1,77,,331386,8,0,5 6,1,30,,331387,8,0,5 6,1,63,,331388,8,0,5 6,1,15,,331389,8,0,5 6,1,82,,331390,8,0,5 6,1,40,,331391,8,0,5 6,1,190,,331392,8,0,5 6,1,202,,331393,8,0,5 6,1,200,,331394,8,0,5 6,1,200,,331395,8,0,5 6,1,100,,331396,8,0,5 6,1,193,,331397,8,0,5 6,1
9601,'20260918',552,,331398,8,0,5 6,1,85,,331399,8,0,5 6,1,77,,331400,8,0,5 6,1,30,,331401,8,0,5 6,1,78,,331402,8,0,5 6,1,82,,331403,8,0,5 6,1,40,,331404,8,0,5 6,1,190,,331405,8,0,5 6,1,202,,331406,8,0,5 6,1,200,,331407,8,0,5 6,1,200,,331408,8,0,5 6,1,100,,331409,8,0,5 6,1,193,,331410,8,0,5 6,1
9601,'20260919',722,,331411,8,0,5 6,1,200,,331412,8,0,5 6,1,207,,331413,8,0,5 6,1,105,,331414,8,0,5 6,1,105,,331415,8,0,5 6,1,100,,331416,8,0,5 6,1,100,,331417,8,0,5 6,1,102,,331418,8,0,5 6,1,100,,331419,8,0,5 6,1,198,,331420,8,0,5 6,1,190,,331421,8,0,5 6,1
9601,'20260920',722,,331422,8,0,5 6,1,200,,331423,8,0,5 6,1,207,,331424,8,0,5 6,1,105,,331425,8,0,5 6,1,105,,331426,8,0,5 6,1,100,,331427,8,0,5 6,1,100,,331428,8,0,5 6,1,102,,331429,8,0,5 6,1,100,,331430,8,0,5 6,1,198,,331431,8,0,5 6,1,190,,331432,8,0,5 6,1
9601,'20260921',552,,331433,8,0,5 6,1,85,,331434,8,0,5 6,1,77,,331435,8,0,5 6,1,30,,331436,8,0,5 6,1,63,,331437,8,0,5 6,1,15,,331438,8,0,5 6,1,82,,331439,8,0,5 6,1,40,,331440,8,0,5 6,1,190,,331441,8,0,5 6,1,202,,331442,8,0,5 6,1,200,,331443,8,0,5 6,1,200,,331444,8,0,5 6,1,100,,331445,8,0,5 6,1,193,,331446,8,0,5 6,1
9601,'20260922',552,,331447,8,0,5 6,1,85,,331448,8,0,5 6,1,77,,331449,8,0,5 6,1,30,,331450,8,0,5 6,1,63,,331451,8,0,5 6,1,15,,331452,8,0,5 6,1,82,,331453,8,0,5 6,1,40,,331454,8,0,5 6,1,190,,331455,8,0,5 6,1,202,,331456,8,0,5 6,1,200,,331457,8,0,5 6,1,200,,331458,8,0,5 6,1,100,,331459,8,0,5 6,1,193,,331460,8,0,5 6,1
9601,'20260923',552,,331461,8,0,5 6,1,85,,331462,8,0,5 6,1,77,,331463,8,0,5 6,1,30,,331464,8,0,5 6,1,63,,331465,8,0,5 6,1,15,,331466,8,0,5 6,1,82,,331467,8,0,5 6,1,40,,331468,8,0,5 6,1,190,,331469,8,0,5 6,1,202,,331470,8,0,5 6,1,200,,331471,8,0,5 6,1,200,,331472,8,0,5 6,1,100,,331473,8,0,5 6,1,193,,331474,8,0,5 6,1
9601,'20260924',552,,331475,8,0,5 6,1,85,,331476,8,0,5 6,1,77,,331477,8,0,5 6,1,30,,331478,8,0,5 6,1,63,,331479,8,0,5 6,1,15,,331480,8,0,5 6,1,82,,331481,8,0,5 6,1,40,,331482,8,0,5 6,1,190,,331483,8,0,5 6,1,202,,331484,8,0,5 6,1,200,,331485,8,0,5 6,1,200,,331486,8,0,5 6,1,100,,331487,8,0,5 6,1,193,,331488,8,0,5 6,1
9601,'20260925',552,,331489,8,0,5 6,1,85,,331490,8,0,5 6,1,77,,331491,8,0,5 6,1,30,,331492,8,0,5 6,1,78,,331493,8,0,5 6,1,82,,331494,8,0,5 6,1,40,,331495,8,0,5 6,1,190,,331496,8,0,5 6,1,202,,331497,8,0,5 6,1,200,,331498,8,0,5 6,1,200,,331499,8,0,5 6,1,100,,331500,8,0,5 6,1,193,,331501,8,0,5 6,1
9601,'20260926',722,,331502,8,0,5 6,1,200,,331503,8,0,5 6,1,207,,331504,8,0,5 6,1,105,,331505,8,0,5 6,1,105,,331506,8,0,5 6,1,100,,331507,8,0,5 6,1,100,,331508,8,0,5 6,1,102,,331509,8,0,5 6,1,100,,331510,8,0,5 6,1,198,,331511,8,0,5 6,1,190,,331512,8,0,5 6,1
9601,'20260927',722,,331513,8,0,5 6,1,200,,331514,8,0,5 6,1,207,,331515,8,0,5 6,1,105,,331516,8,0,5 6,1,105,,331517,8,0,5 6,1,100,,331518,8,0,5 6,1,100,,331519,8,0,5 6,1,102,,331520,8,0,5 6,1,100,,331521,8,0,5 6,1,198,,331522,8,0,5 6,1,190,,331523,8,0,5 6,1
9601,'20260928',552,,331524,8,0,5 6,1,85,,331525,8,0,5 6,1,77,,331526,8,0,5 6,1,30,,331527,8,0,5 6,1,63,,331528,8,0,5 6,1,15,,331529,8,0,5 6,1,82,,331530,8,0,5 6,1,40,,331531,8,0,5 6,1,190,,331532,8,0,5 6,1,202,,331533,8,0,5 6,1,200,,331534,8,0,5 6,1,200,,331535,8,0,5 6,1,100,,331536,8,0,5 6,1,193,,331537,8,0,5 6,1
9601,'20260929',552,,331538,8,0,5 6,1,85,,331539,8,0,5 6,1,77,,331540,8,0,5 6,1,30,,331541,8,0,5 6,1,63,,331542,8,0,5 6,1,15,,331543,8,0,5 6,1,82,,331544,8,0,5 6,1,40,,331545,8,0,5 6,1,190,,331546,8,0,5 6,1,202,,331547,8,0,5 6,1,200,,331548,8,0,5 6,1,200,,331549,8,0,5 6,1,100,,331550,8,0,5 6,1,193,,331551,8,0,5 6,1
9601,'20260930',552,,331552,8,0,5 6,1,85,,331553,8,0,5 6,1,77,,331554,8,0,5 6,1,30,,331555,8,0,5 6,1,63,,331556,8,0,5 6,1,15,,331557,8,0,5 6,1,82,,331558,8,0,5 6,1,40,,331559,8,0,5 6,1,190,,331560,8,0,5 6,1,202,,331561,8,0,5 6,1,200,,331562,8,0,5 6,1,200,,331563,8,0,5 6,1,100,,331564,8,0,5 6,1,193,,331565,8,0,5 6,1
9601,'20261001',552,,331566,8,0,5 6,1,85,,331567,8,0,5 6,1,77,,331568,8,0,5 6,1,30,,331569,8,0,5 6,1,63,,331570,8,0,5 6,1,15,,331571,8,0,5 6,1,82,,331572,8,0,5 6,1,40,,331573,8,0,5 6,1,190,,331574,8,0,5 6,1,202,,331575,8,0,5 6,1,200,,331576,8,0,5 6,1,200,,331577,8,0,5 6,1,100,,331578,8,0,5 6,1,193,,331579,8,0,5 6,1
9601,'20261002',552,,331580,8,0,5 6,1,85,,331581,8,0,5 6,1,77,,331582,8,0,5 6,1,30,,331583,8,0,5 6,1,78,,331584,8,0,5 6,1,82,,331585,8,0,5 6,1,40,,331586,8,0,5 6,1,190,,331587,8,0,5 6,1,202,,331588,8,0,5 6,1,200,,331589,8,0,5 6,1,200,,331590,8,0,5 6,1,100,,331591,8,0,5 6,1,193,,331592,8,0,5 6,1
9601,'20261003',722,,331593,8,0,5 6,1,200,,331594,8,0,5 6,1,207,,331595,8,0,5 6,1,105,,331596,8,0,5 6,1,105,,331597,8,0,5 6,1,100,,331598,8,0,5 6,1,100,,331599,8,0,5 6,1,102,,331600,8,0,5 6,1,100,,331601,8,0,5 6,1,198,,331602,8,0,5 6,1,190,,331603,8,0,5 6,1
9601,'20261004',722,,331604,8,0,5 6,1,200,,331605,8,0,5 6,1,207,,331606,8,0,5 6,1,105,,331607,8,0,5 6,1,105,,331608,8,0,5 6,1,100,,331609,8,0,5 6,1,100,,331610,8,0,5 6,1,102,,331611,8,0,5 6,1,100,,331612,8,0,5 6,1,198,,331613,8,0,5 6,1,190,,331614,8,0,5 6,1
9601,'20261005',552,,331615,8,0,5 6,1,85,,331616,8,0,5 6,1,77,,331617,8,0,5 6,1,30,,331618,8,0,5 6,1,63,,331619,8,0,5 6,1,15,,331620,8,0,5 6,1,82,,331621,8,0,5 6,1,40,,331622,8,0,5 6,1,190,,331623,8,0,5 6,1,202,,331624,8,0,5 6,1,200,,331625,8,0,5 6,1,200,,331626,8,0,5 6,1,100,,331627,8,0,5 6,1,193,,331628,8,0,5 6,1
9601,'20261006',552,,331629,8,0,5 6,1,85,,331630,8,0,5 6,1,77,,331631,8,0,5 6,1,30,,331632,8,0,5 6,1,63,,331633,8,0,5 6,1,15,,331634,8,0,5 6,1,82,,331635,8,0,5 6,1,40,,331636,8,0,5 6,1,190,,331637,8,0,5 6,1,202,,331638,8,0,5 6,1,200,,331639,8,0,5 6,1,200,,331640,8,0,5 6,1,100,,331641,8,0,5 6,1,193,,331642,8,0,5 6,1
9601,'20261007',552,,331643,8,0,5 6,1,85,,331644,8,0,5 6,1,77,,331645,8,0,5 6,1,30,,331646,8,0,5 6,1,63,,331647,8,0,5 6,1,15,,331648,8,0,5 6,1,82,,331649,8,0,5 6,1,40,,331650,8,0,5 6,1,190,,331651,8,0,5 6,1,202,,331652,8,0,5 6,1,200,,331653,8,0,5 6,1,200,,331654,8,0,5 6,1,100,,331655,8,0,5 6,1,193,,331656,8,0,5 6,1
9601,'20261008',552,,331657,8,0,5 6,1,85,,331658,8,0,5 6,1,77,,331659,8,0,5 6,1,30,,331660,8,0,5 6,1,63,,331661,8,0,5 6,1,15,,331662,8,0,5 6,1,82,,331663,8,0,5 6,1,40,,331664,8,0,5 6,1,190,,331665,8,0,5 6,1,202,,331666,8,0,5 6,1,200,,331667,8,0,5 6,1,200,,331668,8,0,5 6,1,100,,331669,8,0,5 6,1,193,,331670,8,0,5 6,1
9601,'20261009',552,,331671,8,0,5 6,1,85,,331672,8,0,5 6,1,77,,331673,8,0,5 6,1,30,,331674,8,0,5 6,1,78,,331675,8,0,5 6,1,82,,331676,8,0,5 6,1,40,,331677,8,0,5 6,1,190,,331678,8,0,5 6,1,202,,331679,8,0,5 6,1,200,,331680,8,0,5 6,1,200,,331681,8,0,5 6,1,100,,331682,8,0,5 6,1,193,,331683,8,0,5 6,1
9601,'20261010',722,,331684,8,0,5 6,1,200,,331685,8,0,5 6,1,207,,331686,8,0,5 6,1,105,,331687,8,0,5 6,1,105,,331688,8,0,5 6,1,100,,331689,8,0,5 6,1,100,,331690,8,0,5 6,1,102,,331691,8,0,5 6,1,100,,331692,8,0,5 6,1,198,,331693,8,0,5 6,1,190,,331694,8,0,5 6,1
9601,'20261011',722,,331695,8,0,5 6,1,200,,331696,8,0,5 6,1,207,,331697,8,0,5 6,1,105,,331698,8,0,5 6,1,105,,331699,8,0,5 6,1,100,,331700,8,0,5 6,1,100,,331701,8,0,5 6,1,102,,331702,8,0,5 6,1,100,,331703,8,0,5 6,1,198,,331704,8,0,5 6,1,190,,331705,8,0,5 6,1
9601,'20261012',722,,331706,8,0,5 6,1,200,,331707,8,0,5 6,1,207,,331708,8,0,5 6,1,105,,331709,8,0,5 6,1,105,,331710,8,0,5 6,1,100,,331711,8,0,5 6,1,100,,331712,8,0,5 6,1,102,,331713,8,0,5 6,1,100,,331714,8,0,5 6,1,198,,331715,8,0,5 6,1,190,,331716,8,0,5 6,1
9601,'20261013',552,,331717,8,0,5 6,1,85,,331718,8,0,5 6,1,77,,331719,8,0,5 6,1,30,,331720,8,0,5 6,1,63,,331721,8,0,5 6,1,15,,331722,8,0,5 6,1,82,,331723,8,0,5 6,1,40,,331724,8,0,5 6,1,190,,331725,8,0,5 6,1,202,,331726,8,0,5 6,1,200,,331727,8,0,5 6,1,200,,331728,8,0,5 6,1,100,,331729,8,0,5 6,1,193,,331730,8,0,5 6,1
9601,'20261014',552,,331731,8,0,5 6,1,85,,331732,8,0,5 6,1,77,,331733,8,0,5 6,1,30,,331734,8,0,5 6,1,63,,331735,8,0,5 6,1,15,,331736,8,0,5 6,1,82,,331737,8,0,5 6,1,40,,331738,8,0,5 6,1,190,,331739,8,0,5 6,1,202,,331740,8,0,5 6,1,200,,331741,8,0,5 6,1,200,,331742,8,0,5 6,1,100,,331743,8,0,5 6,1,193,,331744,8,0,5 6,1
9601,'20261015',552,,331745,8,0,5 6,1,85,,331746,8,0,5 6,1,77,,331747,8,0,5 6,1,30,,331748,8,0,5 6,1,63,,331749,8,0,5 6,1,15,,331750,8,0,5 6,1,82,,331751,8,0,5 6,1,40,,331752,8,0,5 6,1,190,,331753,8,0,5 6,1,202,,331754,8,0,5 6,1,200,,331755,8,0,5 6,1,200,,331756,8,0,5 6,1,100,,331757,8,0,5 6,1,193,,331758,8,0,5 6,1
9601,'20261016',552,,331759,8,0,5 6,1,85,,331760,8,0,5 6,1,77,,331761,8,0,5 6,1,30,,331762,8,0,5 6,1,78,,331763,8,0,5 6,1,82,,331764,8,0,5 6,1,40,,331765,8,0,5 6,1,190,,331766,8,0,5 6,1,202,,331767,8,0,5 6,1,200,,331768,8,0,5 6,1,200,,331769,8,0,5 6,1,100,,331770,8,0,5 6,1,193,,331771,8,0,5 6,1
9601,'20261017',722,,331772,8,0,5 6,1,200,,331773,8,0,5 6,1,207,,331774,8,0,5 6,1,105,,331775,8,0,5 6,1,105,,331776,8,0,5 6,1,100,,331777,8,0,5 6,1,100,,331778,8,0,5 6,1,102,,331779,8,0,5 6,1,100,,331780,8,0,5 6,1,198,,331781,8,0,5 6,1,190,,331782,8,0,5 6,1
9601,'20261018',722,,331783,8,0,5 6,1,200,,331784,8,0,5 6,1,207,,331785,8,0,5 6,1,105,,331786,8,0,5 6,1,105,,331787,8,0,5 6,1,100,,331788,8,0,5 6,1,100,,331789,8,0,5 6,1,102,,331790,8,0,5 6,1,100,,331791,8,0,5 6,1,198,,331792,8,0,5 6,1,190,,331793,8,0,5 6,1
9601,'20261019',552,,331794,8,0,5 6,1,85,,331795,8,0,5 6,1,77,,331796,8,0,5 6,1,30,,331797,8,0,5 6,1,63,,331798,8,0,5 6,1,15,,331799,8,0,5 6,1,82,,331800,8,0,5 6,1,40,,331801,8,0,5 6,1,190,,331802,8,0,5 6,1,202,,331803,8,0,5 6,1,200,,331804,8,0,5 6,1,200,,331805,8,0,5 6,1,100,,331806,8,0,5 6,1,193,,331807,8,0,5 6,1
9601,'20261020',552,,331808,8,0,5 6,1,85,,331809,8,0,5 6,1,77,,331810,8,0,5 6,1,30,,331811,8,0,5 6,1,63,,331812,8,0,5 6,1,15,,331813,8,0,5 6,1,82,,331814,8,0,5 6,1,40,,331815,8,0,5 6,1,190,,331816,8,0,5 6,1,202,,331817,8,0,5 6,1,200,,331818,8,0,5 6,1,200,,331819,8,0,5 6,1,100,,331820,8,0,5 6,1,193,,331821,8,0,5 6,1
9601,'20261021',552,,331822,8,0,5 6,1,85,,331823,8,0,5 6,1,77,,331824,8,0,5 6,1,30,,331825,8,0,5 6,1,63,,331826,8,0,5 6,1,15,,331827,8,0,5 6,1,82,,331828,8,0,5 6,1,40,,331829,8,0,5 6,1,190,,331830,8,0,5 6,1,202,,331831,8,0,5 6,1,200,,331832,8,0,5 6,1,200,,331833,8,0,5 6,1,100,,331834,8,0,5 6,1,193,,331835,8,0,5 6,1
9601,'20261022',552,,331836,8,0,5 6,1,85,,331837,8,0,5 6,1,77,,331838,8,0,5 6,1,30,,331839,8,0,5 6,1,63,,331840,8,0,5 6,1,15,,331841,8,0,5 6,1,82,,331842,8,0,5 6,1,40,,331843,8,0,5 6,1,190,,331844,8,0,5 6,1,202,,331845,8,0,5 6,1,200,,331846,8,0,5 6,1,200,,331847,8,0,5 6,1,100,,331848,8,0,5 6,1,193,,331849,8,0,5 6,1
9601,'20261023',552,,331850,8,0,5 6,1,85,,331851,8,0,5 6,1,77,,331852,8,0,5 6,1,30,,331853,8,0,5 6,1,78,,331854,8,0,5 6,1,82,,331855,8,0,5 6,1,40,,331856,8,0,5 6,1,190,,331857,8,0,5 6,1,202,,331858,8,0,5 6,1,200,,331859,8,0,5 6,1,200,,331860,8,0,5 6,1,100,,331861,8,0,5 6,1,193,,331862,8,0,5 6,1
9601,'20261024',722,,331863,8,0,5 6,1,200,,331864,8,0,5 6,1,207,,331865,8,0,5 6,1,105,,331866,8,0,5 6,1,105,,331867,8,0,5 6,1,100,,331868,8,0,5 6,1,100,,331869,8,0,5 6,1,102,,331870,8,0,5 6,1,100,,331871,8,0,5 6,1,198,,331872,8,0,5 6,1,190,,331873,8,0,5 6,1
9601,'20261025',722,,331874,8,0,5 6,1,200,,331875,8,0,5 6,1,207,,331876,8,0,5 6,1,105,,331877,8,0,5 6,1,105,,331878,8,0,5 6,1,100,,331879,8,0,5 6,1,100,,331880,8,0,5 6,1,102,,331881,8,0,5 6,1,100,,331882,8,0,5 6,1,198,,331883,8,0,5 6,1,190,,331884,8,0,5 6,1
9601,'20261026',552,,331885,8,0,5 6,1,85,,331886,8,0,5 6,1,77,,331887,8,0,5 6,1,30,,331888,8,0,5 6,1,63,,331889,8,0,5 6,1,15,,331890,8,0,5 6,1,82,,331891,8,0,5 6,1,40,,331892,8,0,5 6,1,190,,331893,8,0,5 6,1,202,,331894,8,0,5 6,1,200,,331895,8,0,5 6,1,200,,331896,8,0,5 6,1,100,,331897,8,0,5 6,1,193,,331898,8,0,5 6,1
9601,'20261027',552,,331899,8,0,5 6,1,85,,331900,8,0,5 6,1,77,,331901,8,0,5 6,1,30,,331902,8,0,5 6,1,63,,331903,8,0,5 6,1,15,,331904,8,0,5 6,1,82,,331905,8,0,5 6,1,40,,331906,8,0,5 6,1,190,,331907,8,0,5 6,1,202,,331908,8,0,5 6,1,200,,331909,8,0,5 6,1,200,,331910,8,0,5 6,1,100,,331911,8,0,5 6,1,193,,331912,8,0,5 6,1
9601,'20261028',552,,331913,8,0,5 6,1,85,,331914,8,0,5 6,1,77,,331915,8,0,5 6,1,30,,331916,8,0,5 6,1,63,,331917,8,0,5 6,1,15,,331918,8,0,5 6,1,82,,331919,8,0,5 6,1,40,,331920,8,0,5 6,1,190,,331921,8,0,5 6,1,202,,331922,8,0,5 6,1,200,,331923,8,0,5 6,1,200,,331924,8,0,5 6,1,100,,331925,8,0,5 6,1,193,,331926,8,0,5 6,1
9601,'20261029',552,,331927,8,0,5 6,1,85,,331928,8,0,5 6,1,77,,331929,8,0,5 6,1,30,,331930,8,0,5 6,1,63,,331931,8,0,5 6,1,15,,331932,8,0,5 6,1,82,,331933,8,0,5 6,1,40,,331934,8,0,5 6,1,190,,331935,8,0,5 6,1,202,,331936,8,0,5 6,1,200,,331937,8,0,5 6,1,200,,331938,8,0,5 6,1,100,,331939,8,0,5 6,1,193,,331940,8,0,5 6,1
9601,'20261030',552,,331941,8,0,5 6,1,85,,331942,8,0,5 6,1,77,,331943,8,0,5 6,1,30,,331944,8,0,5 6,1,78,,331945,8,0,5 6,1,82,,331946,8,0,5 6,1,40,,331947,8,0,5 6,1,190,,331948,8,0,5 6,1,202,,331949,8,0,5 6,1,200,,331950,8,0,5 6,1,200,,331951,8,0,5 6,1,100,,331952,8,0,5 6,1,193,,331953,8,0,5 6,1
9601,'20261031',722,,331954,8,0,5 6,1,200,,331955,8,0,5 6,1,207,,331956,8,0,5 6,1,105,,331957,8,0,5 6,1,105,,331958,8,0,5 6,1,100,,331959,8,0,5 6,1,100,,331960,8,0,5 6,1,102,,331961,8,0,5 6,1,100,,331962,8,0,5 6,1,198,,331963,8,0,5 6,1,190,,331964,8,0,5 6,1
9601,'20261101',722,,331965,8,0,5 6,1,200,,331966,8,0,5 6,1,207,,331967,8,0,5 6,1,105,,331968,8,0,5 6,1,105,,331969,8,0,5 6,1,100,,331970,8,0,5 6,1,100,,331971,8,0,5 6,1,102,,331972,8,0,5 6,1,100,,331973,8,0,5 6,1,198,,331974,8,0,5 6,1,190,,331975,8,0,5 6,1
9601,'20261102',552,,331976,8,0,5 6,1,85,,331977,8,0,5 6,1,77,,331978,8,0,5 6,1,30,,331979,8,0,5 6,1,63,,331980,8,0,5 6,1,15,,331981,8,0,5 6,1,82,,331982,8,0,5 6,1,40,,331983,8,0,5 6,1,190,,331984,8,0,5 6,1,202,,331985,8,0,5 6,1,200,,331986,8,0,5 6,1,200,,331987,8,0,5 6,1,100,,331988,8,0,5 6,1,193,,331989,8,0,5 6,1
9601,'20261103',552,,331990,8,0,5 6,1,85,,331991,8,0,5 6,1,77,,331992,8,0,5 6,1,30,,331993,8,0,5 6,1,63,,331994,8,0,5 6,1,15,,331995,8,0,5 6,1,82,,331996,8,0,5 6,1,40,,331997,8,0,5 6,1,190,,331998,8,0,5 6,1,202,,331999,8,0,5 6,1,200,,332000,8,0,5 6,1,200,,332001,8,0,5 6,1,100,,332002,8,0,5 6,1,193,,332003,8,0,5 6,1
9601,'20261104',552,,332004,8,0,5 6,1,85,,332005,8,0,5 6,1,77,,332006,8,0,5 6,1,30,,332007,8,0,5 6,1,63,,332008,8,0,5 6,1,15,,332009,8,0,5 6,1,82,,332010,8,0,5 6,1,40,,332011,8,0,5 6,1,190,,332012,8,0,5 6,1,202,,332013,8,0,5 6,1,200,,332014,8,0,5 6,1,200,,332015,8,0,5 6,1,100,,332016,8,0,5 6,1,193,,332017,8,0,5 6,1
9601,'20261105',552,,332018,8,0,5 6,1,85,,332019,8,0,5 6,1,77,,332020,8,0,5 6,1,30,,332021,8,0,5 6,1,63,,332022,8,0,5 6,1,15,,332023,8,0,5 6,1,82,,332024,8,0,5 6,1,40,,332025,8,0,5 6,1,190,,332026,8,0,5 6,1,202,,332027,8,0,5 6,1,200,,332028,8,0,5 6,1,200,,332029,8,0,5 6,1,100,,332030,8,0,5 6,1,193,,332031,8,0,5 6,1
9601,'20261106',552,,332032,8,0,5 6,1,85,,332033,8,0,5 6,1,77,,332034,8,0,5 6,1,30,,332035,8,0,5 6,1,78,,332036,8,0,5 6,1,82,,332037,8,0,5 6,1,40,,332038,8,0,5 6,1,190,,332039,8,0,5 6,1,202,,332040,8,0,5 6,1,200,,332041,8,0,5 6,1,200,,332042,8,0,5 6,1,100,,332043,8,0,5 6,1,193,,332044,8,0,5 6,1
9601,'20261107',722,,332045,8,0,5 6,1,200,,332046,8,0,5 6,1,207,,332047,8,0,5 6,1,105,,332048,8,0,5 6,1,105,,332049,8,0,5 6,1,100,,332050,8,0,5 6,1,100,,332051,8,0,5 6,1,102,,332052,8,0,5 6,1,100,,332053,8,0,5 6,1,198,,332054,8,0,5 6,1,190,,332055,8,0,5 6,1
9601,'20261108',722,,332056,8,0,5 6,1,200,,332057,8,0,5 6,1,207,,332058,8,0,5 6,1,105,,332059,8,0,5 6,1,105,,332060,8,0,5 6,1,100,,332061,8,0,5 6,1,100,,332062,8,0,5 6,1,102,,332063,8,0,5 6,1,100,,332064,8,0,5 6,1,198,,332065,8,0,5 6,1,190,,332066,8,0,5 6,1
9601,'20261109',552,,332067,8,0,5 6,1,85,,332068,8,0,5 6,1,77,,332069,8,0,5 6,1,30,,332070,8,0,5 6,1,63,,332071,8,0,5 6,1,15,,332072,8,0,5 6,1,82,,332073,8,0,5 6,1,40,,332074,8,0,5 6,1,190,,332075,8,0,5 6,1,202,,332076,8,0,5 6,1,200,,332077,8,0,5 6,1,200,,332078,8,0,5 6,1,100,,332079,8,0,5 6,1,193,,332080,8,0,5 6,1
9601,'20261110',552,,332081,8,0,5 6,1,85,,332082,8,0,5 6,1,77,,332083,8,0,5 6,1,30,,332084,8,0,5 6,1,63,,332085,8,0,5 6,1,15,,332086,8,0,5 6,1,82,,332087,8,0,5 6,1,40,,332088,8,0,5 6,1,190,,332089,8,0,5 6,1,202,,332090,8,0,5 6,1,200,,332091,8,0,5 6,1,200,,332092,8,0,5 6,1,100,,332093,8,0,5 6,1,193,,332094,8,0,5 6,1
9601,'20261111',552,,332095,8,0,5 6,1,85,,332096,8,0,5 6,1,77,,332097,8,0,5 6,1,30,,332098,8,0,5 6,1,63,,332099,8,0,5 6,1,15,,332100,8,0,5 6,1,82,,332101,8,0,5 6,1,40,,332102,8,0,5 6,1,190,,332103,8,0,5 6,1,202,,332104,8,0,5 6,1,200,,332105,8,0,5 6,1,200,,332106,8,0,5 6,1,100,,332107,8,0,5 6,1,193,,332108,8,0,5 6,1
9601,'20261112',552,,332109,8,0,5 6,1,85,,332110,8,0,5 6,1,77,,332111,8,0,5 6,1,30,,332112,8,0,5 6,1,63,,332113,8,0,5 6,1,15,,332114,8,0,5 6,1,82,,332115,8,0,5 6,1,40,,332116,8,0,5 6,1,190,,332117,8,0,5 6,1,202,,332118,8,0,5 6,1,200,,332119,8,0,5 6,1,200,,332120,8,0,5 6,1,100,,332121,8,0,5 6,1,193,,332122,8,0,5 6,1
9601,'20261113',552,,332123,8,0,5 6,1,85,,332124,8,0,5 6,1,77,,332125,8,0,5 6,1,30,,332126,8,0,5 6,1,78,,332127,8,0,5 6,1,82,,332128,8,0,5 6,1,40,,332129,8,0,5 6,1,190,,332130,8,0,5 6,1,202,,332131,8,0,5 6,1,200,,332132,8,0,5 6,1,200,,332133,8,0,5 6,1,100,,332134,8,0,5 6,1,193,,332135,8,0,5 6,1
9601,'20261114',722,,332136,8,0,5 6,1,200,,332137,8,0,5 6,1,207,,332138,8,0,5 6,1,105,,332139,8,0,5 6,1,105,,332140,8,0,5 6,1,100,,332141,8,0,5 6,1,100,,332142,8,0,5 6,1,102,,332143,8,0,5 6,1,100,,332144,8,0,5 6,1,198,,332145,8,0,5 6,1,190,,332146,8,0,5 6,1
9601,'20261115',722,,332147,8,0,5 6,1,200,,332148,8,0,5 6,1,207,,332149,8,0,5 6,1,105,,332150,8,0,5 6,1,105,,332151,8,0,5 6,1,100,,332152,8,0,5 6,1,100,,332153,8,0,5 6,1,102,,332154,8,0,5 6,1,100,,332155,8,0,5 6,1,198,,332156,8,0,5 6,1,190,,332157,8,0,5 6,1
9601,'20261116',552,,332158,8,0,5 6,1,85,,332159,8,0,5 6,1,77,,332160,8,0,5 6,1,30,,332161,8,0,5 6,1,63,,332162,8,0,5 6,1,15,,332163,8,0,5 6,1,82,,332164,8,0,5 6,1,40,,332165,8,0,5 6,1,190,,332166,8,0,5 6,1,202,,332167,8,0,5 6,1,200,,332168,8,0,5 6,1,200,,332169,8,0,5 6,1,100,,332170,8,0,5 6,1,193,,332171,8,0,5 6,1
9601,'20261117',552,,332172,8,0,5 6,1,85,,332173,8,0,5 6,1,77,,332174,8,0,5 6,1,30,,332175,8,0,5 6,1,63,,332176,8,0,5 6,1,15,,332177,8,0,5 6,1,82,,332178,8,0,5 6,1,40,,332179,8,0,5 6,1,190,,332180,8,0,5 6,1,202,,332181,8,0,5 6,1,200,,332182,8,0,5 6,1,200,,332183,8,0,5 6,1,100,,332184,8,0,5 6,1,193,,332185,8,0,5 6,1
9601,'20261118',552,,332186,8,0,5 6,1,85,,332187,8,0,5 6,1,77,,332188,8,0,5 6,1,30,,332189,8,0,5 6,1,63,,332190,8,0,5 6,1,15,,332191,8,0,5 6,1,82,,332192,8,0,5 6,1,40,,332193,8,0,5 6,1,190,,332194,8,0,5 6,1,202,,332195,8,0,5 6,1,200,,332196,8,0,5 6,1,200,,332197,8,0,5 6,1,100,,332198,8,0,5 6,1,193,,332199,8,0,5 6,1
9601,'20261119',552,,332200,8,0,5 6,1,85,,332201,8,0,5 6,1,77,,332202,8,0,5 6,1,30,,332203,8,0,5 6,1,63,,332204,8,0,5 6,1,15,,332205,8,0,5 6,1,82,,332206,8,0,5 6,1,40,,332207,8,0,5 6,1,190,,332208,8,0,5 6,1,202,,332209,8,0,5 6,1,200,,332210,8,0,5 6,1,200,,332211,8,0,5 6,1,100,,332212,8,0,5 6,1,193,,332213,8,0,5 6,1
9601,'20261120',552,,332214,8,0,5 6,1,85,,332215,8,0,5 6,1,77,,332216,8,0,5 6,1,30,,332217,8,0,5 6,1,78,,332218,8,0,5 6,1,82,,332219,8,0,5 6,1,40,,332220,8,0,5 6,1,190,,332221,8,0,5 6,1,202,,332222,8,0,5 6,1,200,,332223,8,0,5 6,1,200,,332224,8,0,5 6,1,100,,332225,8,0,5 6,1,193,,332226,8,0,5 6,1
9601,'20261121',722,,332227,8,0,5 6,1,200,,332228,8,0,5 6,1,207,,332229,8,0,5 6,1,105,,332230,8,0,5 6,1,105,,332231,8,0,5 6,1,100,,332232,8,0,5 6,1,100,,332233,8,0,5 6,1,102,,332234,8,0,5 6,1,100,,332235,8,0,5 6,1,198,,332236,8,0,5 6,1,190,,332237,8,0,5 6,1
9601,'20261122',722,,332238,8,0,5 6,1,200,,332239,8,0,5 6,1,207,,332240,8,0,5 6,1,105,,332241,8,0,5 6,1,105,,332242,8,0,5 6,1,100,,332243,8,0,5 6,1,100,,332244,8,0,5 6,1,102,,332245,8,0,5 6,1,100,,332246,8,0,5 6,1,198,,332247,8,0,5 6,1,190,,332248,8,0,5 6,1
9601,'20261123',552,,332249,8,0,5 6,1,85,,332250,8,0,5 6,1,77,,332251,8,0,5 6,1,30,,332252,8,0,5 6,1,63,,332253,8,0,5 6,1,15,,332254,8,0,5 6,1,82,,332255,8,0,5 6,1,40,,332256,8,0,5 6,1,190,,332257,8,0,5 6,1,202,,332258,8,0,5 6,1,200,,332259,8,0,5 6,1,200,,332260,8,0,5 6,1,100,,332261,8,0,5 6,1,193,,332262,8,0,5 6,1
9601,'20261124',552,,332263,8,0,5 6,1,85,,332264,8,0,5 6,1,77,,332265,8,0,5 6,1,30,,332266,8,0,5 6,1,63,,332267,8,0,5 6,1,15,,332268,8,0,5 6,1,82,,332269,8,0,5 6,1,40,,332270,8,0,5 6,1,190,,332271,8,0,5 6,1,202,,332272,8,0,5 6,1,200,,332273,8,0,5 6,1,200,,332274,8,0,5 6,1,100,,332275,8,0,5 6,1,193,,332276,8,0,5 6,1
9601,'20261125',552,,332277,8,0,5 6,1,85,,332278,8,0,5 6,1,77,,332279,8,0,5 6,1,30,,332280,8,0,5 6,1,63,,332281,8,0,5 6,1,15,,332282,8,0,5 6,1,82,,332283,8,0,5 6,1,40,,332284,8,0,5 6,1,190,,332285,8,0,5 6,1,202,,332286,8,0,5 6,1,200,,332287,8,0,5 6,1,200,,332288,8,0,5 6,1,100,,332289,8,0,5 6,1,193,,332290,8,0,5 6,1
9601,'20261126',552,,332291,8,0,5 6,1,85,,332292,8,0,5 6,1,77,,332293,8,0,5 6,1,30,,332294,8,0,5 6,1,63,,332295,8,0,5 6,1,15,,332296,8,0,5 6,1,82,,332297,8,0,5 6,1,40,,332298,8,0,5 6,1,190,,332299,8,0,5 6,1,202,,332300,8,0,5 6,1,200,,332301,8,0,5 6,1,200,,332302,8,0,5 6,1,100,,332303,8,0,5 6,1,193,,332304,8,0,5 6,1
9601,'20261127',552,,332305,8,0,5 6,1,85,,332306,8,0,5 6,1,77,,332307,8,0,5 6,1,30,,332308,8,0,5 6,1,78,,332309,8,0,5 6,1,82,,332310,8,0,5 6,1,40,,332311,8,0,5 6,1,190,,332312,8,0,5 6,1,202,,332313,8,0,5 6,1,200,,332314,8,0,5 6,1,200,,332315,8,0,5 6,1,100,,332316,8,0,5 6,1,193,,332317,8,0,5 6,1
