4100,'20260921',736,,288514,31,,,1,5,,288515,14,0,7 58 9,1,63,,288516,31,,,1,3,,288517,14,0,7 58 9,1,10,,288519,14,0,7 58 9,1,17,,288521,14,0,7 58 9,1,15,,288520,31,,,1,5,,288523,14,0,7 58 9,1,5,,288524,14,0,7 58 9,1,65,,288525,31,,,1,10,,288530,14,0,7 58 9,1,25,,288531,31,,,1,43,,288534,14,0,7 58 9,1,22,,288535,31,,,1,8,,288538,14,0,7 58 9,1,9,,288540,14,0,7 58 9,1,15,,288541,14,0,7 58 9,1,65,,288544,14,0,7 58 9,1,25,,288545,31,,,1,5,,288547,14,0,7 58 9,1,63,,288548,31,,,1,5,,288550,14,0,7 58 9,1,20,,288552,14,0,7 58 9,1,75,,288553,31,,,1,30,,288555,31,,,1,65,,288557,31,,,1,35,,288560,31,,,1,73,,288563,31,,,1,30,,288565,31,,,1,70,,288567,31,,,1,30,,288569,31,,,1,90,,288571,31,,,1,70,,288573,31,,,1,30,,288575,31,,,1,65,,288577,31,,,1,35,,288579,31,,,1,92,,288583,31,,,1,22,,288585,31,,,1,95,,288588,31,,,1,160,,288590,31,,,1,100,,288591,31,,,1,96,,288592,31,,,1
4100,'20260922',736,,288593,31,,,1,5,,288594,14,0,7 58 9,1,63,,288595,31,,,1,3,,288596,14,0,7 58 9,1,10,,288598,14,0,7 58 9,1,17,,288600,14,0,7 58 9,1,15,,288599,31,,,1,5,,288602,14,0,7 58 9,1,5,,288603,14,0,7 58 9,1,65,,288604,31,,,1,10,,288609,14,0,7 58 9,1,25,,288610,31,,,1,43,,288613,14,0,7 58 9,1,22,,288614,31,,,1,8,,288617,14,0,7 58 9,1,9,,288619,14,0,7 58 9,1,15,,288620,14,0,7 58 9,1,65,,288623,14,0,7 58 9,1,25,,288624,31,,,1,5,,288626,14,0,7 58 9,1,63,,288627,31,,,1,5,,288629,14,0,7 58 9,1,20,,288631,14,0,7 58 9,1,75,,288632,31,,,1,30,,288634,31,,,1,65,,288636,31,,,1,35,,288639,31,,,1,73,,288642,31,,,1,30,,288644,31,,,1,70,,288646,31,,,1,30,,288648,31,,,1,90,,288650,31,,,1,70,,288652,31,,,1,30,,288654,31,,,1,65,,288656,31,,,1,35,,288658,31,,,1,92,,288662,31,,,1,22,,288664,31,,,1,95,,288667,31,,,1,160,,288669,31,,,1,100,,288670,31,,,1,96,,288671,31,,,1
4100,'20260923',736,,288672,31,,,1,5,,288673,14,0,7 58 9,1,63,,288674,31,,,1,3,,288675,14,0,7 58 9,1,10,,288677,14,0,7 58 9,1,17,,288679,14,0,7 58 9,1,15,,288678,31,,,1,5,,288681,14,0,7 58 9,1,5,,288682,14,0,7 58 9,1,65,,288683,31,,,1,10,,288688,14,0,7 58 9,1,25,,288689,31,,,1,43,,288692,14,0,7 58 9,1,22,,288693,31,,,1,8,,288696,14,0,7 58 9,1,9,,288698,14,0,7 58 9,1,15,,288699,14,0,7 58 9,1,65,,288702,14,0,7 58 9,1,25,,288703,31,,,1,5,,288705,14,0,7 58 9,1,63,,288706,31,,,1,5,,288708,14,0,7 58 9,1,20,,288710,14,0,7 58 9,1,75,,288711,31,,,1,30,,288713,31,,,1,65,,288715,31,,,1,35,,288718,31,,,1,73,,288721,31,,,1,30,,288723,31,,,1,70,,288725,31,,,1,30,,288727,31,,,1,90,,288729,31,,,1,70,,288731,31,,,1,30,,288733,31,,,1,65,,288735,31,,,1,35,,288737,31,,,1,92,,288741,31,,,1,22,,288743,31,,,1,95,,288746,31,,,1,160,,288748,31,,,1,100,,288749,31,,,1,96,,288750,31,,,1
4100,'20260924',736,,288751,31,,,1,5,,288752,14,0,7 58 9,1,63,,288753,31,,,1,3,,288754,14,0,7 58 9,1,10,,288756,14,0,7 58 9,1,17,,288758,14,0,7 58 9,1,15,,288757,31,,,1,5,,288760,14,0,7 58 9,1,5,,288761,14,0,7 58 9,1,65,,288762,31,,,1,10,,288767,14,0,7 58 9,1,25,,288768,31,,,1,43,,288771,14,0,7 58 9,1,22,,288772,31,,,1,8,,288775,14,0,7 58 9,1,9,,288777,14,0,7 58 9,1,15,,288778,14,0,7 58 9,1,65,,288781,14,0,7 58 9,1,25,,288782,31,,,1,5,,288784,14,0,7 58 9,1,63,,288785,31,,,1,5,,288787,14,0,7 58 9,1,20,,288789,14,0,7 58 9,1,75,,288790,31,,,1,30,,288792,31,,,1,65,,288794,31,,,1,35,,288797,31,,,1,73,,288800,31,,,1,30,,288802,31,,,1,70,,288804,31,,,1,30,,288806,31,,,1,90,,288808,31,,,1,70,,288810,31,,,1,30,,288812,31,,,1,65,,288814,31,,,1,35,,288816,31,,,1,92,,288820,31,,,1,22,,288822,31,,,1,95,,288825,31,,,1,160,,288827,31,,,1,100,,288828,31,,,1,96,,288829,31,,,1
4100,'20260925',736,,288830,31,,,1,5,,288831,14,0,7 58 9,1,63,,288832,31,,,1,3,,288833,14,0,7 58 9,1,10,,288835,14,0,7 58 9,1,17,,288837,14,0,7 58 9,1,15,,288836,31,,,1,5,,288839,14,0,7 58 9,1,5,,288840,14,0,7 58 9,1,65,,288841,31,,,1,10,,288846,14,0,7 58 9,1,25,,288847,31,,,1,43,,288850,14,0,7 58 9,1,22,,288851,31,,,1,8,,288854,14,0,7 58 9,1,9,,288856,14,0,7 58 9,1,15,,288857,14,0,7 58 9,1,65,,288860,14,0,7 58 9,1,25,,288861,31,,,1,5,,288863,14,0,7 58 9,1,63,,288864,31,,,1,5,,288866,14,0,7 58 9,1,20,,288868,14,0,7 58 9,1,75,,288869,31,,,1,30,,288871,31,,,1,65,,288873,31,,,1,35,,288876,31,,,1,73,,288879,31,,,1,30,,288881,31,,,1,70,,288883,31,,,1,30,,288885,31,,,1,90,,288887,31,,,1,70,,288889,31,,,1,30,,288891,31,,,1,65,,288893,31,,,1,35,,288895,31,,,1,92,,288899,31,,,1,22,,288901,31,,,1,95,,288904,31,,,1,160,,288906,31,,,1,100,,288907,31,,,1,96,,288908,31,,,1
4100,'20260928',736,,288909,31,,,1,5,,288910,14,0,7 58 9,1,63,,288911,31,,,1,3,,288912,14,0,7 58 9,1,10,,288914,14,0,7 58 9,1,17,,288916,14,0,7 58 9,1,15,,288915,31,,,1,5,,288918,14,0,7 58 9,1,5,,288919,14,0,7 58 9,1,65,,288920,31,,,1,10,,288925,14,0,7 58 9,1,25,,288926,31,,,1,43,,288929,14,0,7 58 9,1,22,,288930,31,,,1,8,,288933,14,0,7 58 9,1,9,,288935,14,0,7 58 9,1,15,,288936,14,0,7 58 9,1,65,,288939,14,0,7 58 9,1,25,,288940,31,,,1,5,,288942,14,0,7 58 9,1,63,,288943,31,,,1,5,,288945,14,0,7 58 9,1,20,,288947,14,0,7 58 9,1,75,,288948,31,,,1,30,,288950,31,,,1,65,,288952,31,,,1,35,,288955,31,,,1,73,,288958,31,,,1,30,,288960,31,,,1,70,,288962,31,,,1,30,,288964,31,,,1,90,,288966,31,,,1,70,,288968,31,,,1,30,,288970,31,,,1,65,,288972,31,,,1,35,,288974,31,,,1,92,,288978,31,,,1,22,,288980,31,,,1,95,,288983,31,,,1,160,,288985,31,,,1,100,,288986,31,,,1,96,,288987,31,,,1
4100,'20260929',736,,288988,31,,,1,5,,288989,14,0,7 58 9,1,63,,288990,31,,,1,3,,288991,14,0,7 58 9,1,10,,288993,14,0,7 58 9,1,17,,288995,14,0,7 58 9,1,15,,288994,31,,,1,5,,288997,14,0,7 58 9,1,5,,288998,14,0,7 58 9,1,65,,288999,31,,,1,10,,289004,14,0,7 58 9,1,25,,289005,31,,,1,43,,289008,14,0,7 58 9,1,22,,289009,31,,,1,8,,289012,14,0,7 58 9,1,9,,289014,14,0,7 58 9,1,15,,289015,14,0,7 58 9,1,65,,289018,14,0,7 58 9,1,25,,289019,31,,,1,5,,289021,14,0,7 58 9,1,63,,289022,31,,,1,5,,289024,14,0,7 58 9,1,20,,289026,14,0,7 58 9,1,75,,289027,31,,,1,30,,289029,31,,,1,65,,289031,31,,,1,35,,289034,31,,,1,73,,289037,31,,,1,30,,289039,31,,,1,70,,289041,31,,,1,30,,289043,31,,,1,90,,289045,31,,,1,70,,289047,31,,,1,30,,289049,31,,,1,65,,289051,31,,,1,35,,289053,31,,,1,92,,289057,31,,,1,22,,289059,31,,,1,95,,289062,31,,,1,160,,289064,31,,,1,100,,289065,31,,,1,96,,289066,31,,,1
4100,'20260930',736,,289067,31,,,1,5,,289068,14,0,7 58 9,1,63,,289069,31,,,1,3,,289070,14,0,7 58 9,1,10,,289072,14,0,7 58 9,1,17,,289074,14,0,7 58 9,1,15,,289073,31,,,1,5,,289076,14,0,7 58 9,1,5,,289077,14,0,7 58 9,1,65,,289078,31,,,1,10,,289083,14,0,7 58 9,1,25,,289084,31,,,1,43,,289087,14,0,7 58 9,1,22,,289088,31,,,1,8,,289091,14,0,7 58 9,1,9,,289093,14,0,7 58 9,1,15,,289094,14,0,7 58 9,1,65,,289097,14,0,7 58 9,1,25,,289098,31,,,1,5,,289100,14,0,7 58 9,1,63,,289101,31,,,1,5,,289103,14,0,7 58 9,1,20,,289105,14,0,7 58 9,1,75,,289106,31,,,1,30,,289108,31,,,1,65,,289110,31,,,1,35,,289113,31,,,1,73,,289116,31,,,1,30,,289118,31,,,1,70,,289120,31,,,1,30,,289122,31,,,1,90,,289124,31,,,1,70,,289126,31,,,1,30,,289128,31,,,1,65,,289130,31,,,1,35,,289132,31,,,1,92,,289136,31,,,1,22,,289138,31,,,1,95,,289141,31,,,1,160,,289143,31,,,1,100,,289144,31,,,1,96,,289145,31,,,1
4100,'20261001',736,,289146,31,,,1,5,,289147,14,0,7 58 9,1,63,,289148,31,,,1,3,,289149,14,0,7 58 9,1,10,,289151,14,0,7 58 9,1,17,,289153,14,0,7 58 9,1,15,,289152,31,,,1,5,,289155,14,0,7 58 9,1,5,,289156,14,0,7 58 9,1,65,,289157,31,,,1,10,,289162,14,0,7 58 9,1,25,,289163,31,,,1,43,,289166,14,0,7 58 9,1,22,,289167,31,,,1,8,,289170,14,0,7 58 9,1,9,,289172,14,0,7 58 9,1,15,,289173,14,0,7 58 9,1,65,,289176,14,0,7 58 9,1,25,,289177,31,,,1,5,,289179,14,0,7 58 9,1,63,,289180,31,,,1,5,,289182,14,0,7 58 9,1,20,,289184,14,0,7 58 9,1,75,,289185,31,,,1,30,,289187,31,,,1,65,,289189,31,,,1,35,,289192,31,,,1,73,,289195,31,,,1,30,,289197,31,,,1,70,,289199,31,,,1,30,,289201,31,,,1,90,,289203,31,,,1,70,,289205,31,,,1,30,,289207,31,,,1,65,,289209,31,,,1,35,,289211,31,,,1,92,,289215,31,,,1,22,,289217,31,,,1,95,,289220,31,,,1,160,,289222,31,,,1,100,,289223,31,,,1,96,,289224,31,,,1
4100,'20261002',736,,289225,31,,,1,5,,289226,14,0,7 58 9,1,63,,289227,31,,,1,3,,289228,14,0,7 58 9,1,10,,289230,14,0,7 58 9,1,17,,289232,14,0,7 58 9,1,15,,289231,31,,,1,5,,289234,14,0,7 58 9,1,5,,289235,14,0,7 58 9,1,65,,289236,31,,,1,10,,289241,14,0,7 58 9,1,25,,289242,31,,,1,43,,289245,14,0,7 58 9,1,22,,289246,31,,,1,8,,289249,14,0,7 58 9,1,9,,289251,14,0,7 58 9,1,15,,289252,14,0,7 58 9,1,65,,289255,14,0,7 58 9,1,25,,289256,31,,,1,5,,289258,14,0,7 58 9,1,63,,289259,31,,,1,5,,289261,14,0,7 58 9,1,20,,289263,14,0,7 58 9,1,75,,289264,31,,,1,30,,289266,31,,,1,65,,289268,31,,,1,35,,289271,31,,,1,73,,289274,31,,,1,30,,289276,31,,,1,70,,289278,31,,,1,30,,289280,31,,,1,90,,289282,31,,,1,70,,289284,31,,,1,30,,289286,31,,,1,65,,289288,31,,,1,35,,289290,31,,,1,92,,289294,31,,,1,22,,289296,31,,,1,95,,289299,31,,,1,160,,289301,31,,,1,100,,289302,31,,,1,96,,289303,31,,,1
4100,'20261005',736,,289304,31,,,1,5,,289305,14,0,7 58 9,1,63,,289306,31,,,1,3,,289307,14,0,7 58 9,1,10,,289309,14,0,7 58 9,1,17,,289311,14,0,7 58 9,1,15,,289310,31,,,1,5,,289313,14,0,7 58 9,1,5,,289314,14,0,7 58 9,1,65,,289315,31,,,1,10,,289320,14,0,7 58 9,1,25,,289321,31,,,1,43,,289324,14,0,7 58 9,1,22,,289325,31,,,1,8,,289328,14,0,7 58 9,1,9,,289330,14,0,7 58 9,1,15,,289331,14,0,7 58 9,1,65,,289334,14,0,7 58 9,1,25,,289335,31,,,1,5,,289337,14,0,7 58 9,1,63,,289338,31,,,1,5,,289340,14,0,7 58 9,1,20,,289342,14,0,7 58 9,1,75,,289343,31,,,1,30,,289345,31,,,1,65,,289347,31,,,1,35,,289350,31,,,1,73,,289353,31,,,1,30,,289355,31,,,1,70,,289357,31,,,1,30,,289359,31,,,1,90,,289361,31,,,1,70,,289363,31,,,1,30,,289365,31,,,1,65,,289367,31,,,1,35,,289369,31,,,1,92,,289373,31,,,1,22,,289375,31,,,1,95,,289378,31,,,1,160,,289380,31,,,1,100,,289381,31,,,1,96,,289382,31,,,1
4100,'20261006',736,,289383,31,,,1,5,,289384,14,0,7 58 9,1,63,,289385,31,,,1,3,,289386,14,0,7 58 9,1,10,,289388,14,0,7 58 9,1,17,,289390,14,0,7 58 9,1,15,,289389,31,,,1,5,,289392,14,0,7 58 9,1,5,,289393,14,0,7 58 9,1,65,,289394,31,,,1,10,,289399,14,0,7 58 9,1,25,,289400,31,,,1,43,,289403,14,0,7 58 9,1,22,,289404,31,,,1,8,,289407,14,0,7 58 9,1,9,,289409,14,0,7 58 9,1,15,,289410,14,0,7 58 9,1,65,,289413,14,0,7 58 9,1,25,,289414,31,,,1,5,,289416,14,0,7 58 9,1,63,,289417,31,,,1,5,,289419,14,0,7 58 9,1,20,,289421,14,0,7 58 9,1,75,,289422,31,,,1,30,,289424,31,,,1,65,,289426,31,,,1,35,,289429,31,,,1,73,,289432,31,,,1,30,,289434,31,,,1,70,,289436,31,,,1,30,,289438,31,,,1,90,,289440,31,,,1,70,,289442,31,,,1,30,,289444,31,,,1,65,,289446,31,,,1,35,,289448,31,,,1,92,,289452,31,,,1,22,,289454,31,,,1,95,,289457,31,,,1,160,,289459,31,,,1,100,,289460,31,,,1,96,,289461,31,,,1
4100,'20261007',736,,289462,31,,,1,5,,289463,14,0,7 58 9,1,63,,289464,31,,,1,3,,289465,14,0,7 58 9,1,10,,289467,14,0,7 58 9,1,17,,289469,14,0,7 58 9,1,15,,289468,31,,,1,5,,289471,14,0,7 58 9,1,5,,289472,14,0,7 58 9,1,65,,289473,31,,,1,10,,289478,14,0,7 58 9,1,25,,289479,31,,,1,43,,289482,14,0,7 58 9,1,22,,289483,31,,,1,8,,289486,14,0,7 58 9,1,9,,289488,14,0,7 58 9,1,15,,289489,14,0,7 58 9,1,65,,289492,14,0,7 58 9,1,25,,289493,31,,,1,5,,289495,14,0,7 58 9,1,63,,289496,31,,,1,5,,289498,14,0,7 58 9,1,20,,289500,14,0,7 58 9,1,75,,289501,31,,,1,30,,289503,31,,,1,65,,289505,31,,,1,35,,289508,31,,,1,73,,289511,31,,,1,30,,289513,31,,,1,70,,289515,31,,,1,30,,289517,31,,,1,90,,289519,31,,,1,70,,289521,31,,,1,30,,289523,31,,,1,65,,289525,31,,,1,35,,289527,31,,,1,92,,289531,31,,,1,22,,289533,31,,,1,95,,289536,31,,,1,160,,289538,31,,,1,100,,289539,31,,,1,96,,289540,31,,,1
4100,'20261008',736,,289541,31,,,1,5,,289542,14,0,7 58 9,1,63,,289543,31,,,1,3,,289544,14,0,7 58 9,1,10,,289546,14,0,7 58 9,1,17,,289548,14,0,7 58 9,1,15,,289547,31,,,1,5,,289550,14,0,7 58 9,1,5,,289551,14,0,7 58 9,1,65,,289552,31,,,1,10,,289557,14,0,7 58 9,1,25,,289558,31,,,1,43,,289561,14,0,7 58 9,1,22,,289562,31,,,1,8,,289565,14,0,7 58 9,1,9,,289567,14,0,7 58 9,1,15,,289568,14,0,7 58 9,1,65,,289571,14,0,7 58 9,1,25,,289572,31,,,1,5,,289574,14,0,7 58 9,1,63,,289575,31,,,1,5,,289577,14,0,7 58 9,1,20,,289579,14,0,7 58 9,1,75,,289580,31,,,1,30,,289582,31,,,1,65,,289584,31,,,1,35,,289587,31,,,1,73,,289590,31,,,1,30,,289592,31,,,1,70,,289594,31,,,1,30,,289596,31,,,1,90,,289598,31,,,1,70,,289600,31,,,1,30,,289602,31,,,1,65,,289604,31,,,1,35,,289606,31,,,1,92,,289610,31,,,1,22,,289612,31,,,1,95,,289615,31,,,1,160,,289617,31,,,1,100,,289618,31,,,1,96,,289619,31,,,1
4100,'20261009',736,,289620,31,,,1,5,,289621,14,0,7 58 9,1,63,,289622,31,,,1,3,,289623,14,0,7 58 9,1,10,,289625,14,0,7 58 9,1,17,,289627,14,0,7 58 9,1,15,,289626,31,,,1,5,,289629,14,0,7 58 9,1,5,,289630,14,0,7 58 9,1,65,,289631,31,,,1,10,,289636,14,0,7 58 9,1,25,,289637,31,,,1,43,,289640,14,0,7 58 9,1,22,,289641,31,,,1,8,,289644,14,0,7 58 9,1,9,,289646,14,0,7 58 9,1,15,,289647,14,0,7 58 9,1,65,,289650,14,0,7 58 9,1,25,,289651,31,,,1,5,,289653,14,0,7 58 9,1,63,,289654,31,,,1,5,,289656,14,0,7 58 9,1,20,,289658,14,0,7 58 9,1,75,,289659,31,,,1,30,,289661,31,,,1,65,,289663,31,,,1,35,,289666,31,,,1,73,,289669,31,,,1,30,,289671,31,,,1,70,,289673,31,,,1,30,,289675,31,,,1,90,,289677,31,,,1,70,,289679,31,,,1,30,,289681,31,,,1,65,,289683,31,,,1,35,,289685,31,,,1,92,,289689,31,,,1,22,,289691,31,,,1,95,,289694,31,,,1,160,,289696,31,,,1,100,,289697,31,,,1,96,,289698,31,,,1
4100,'20261013',736,,289699,31,,,1,5,,289700,14,0,7 58 9,1,63,,289701,31,,,1,3,,289702,14,0,7 58 9,1,10,,289704,14,0,7 58 9,1,17,,289706,14,0,7 58 9,1,15,,289705,31,,,1,5,,289708,14,0,7 58 9,1,5,,289709,14,0,7 58 9,1,65,,289710,31,,,1,10,,289715,14,0,7 58 9,1,25,,289716,31,,,1,43,,289719,14,0,7 58 9,1,22,,289720,31,,,1,8,,289723,14,0,7 58 9,1,9,,289725,14,0,7 58 9,1,15,,289726,14,0,7 58 9,1,65,,289729,14,0,7 58 9,1,25,,289730,31,,,1,5,,289732,14,0,7 58 9,1,63,,289733,31,,,1,5,,289735,14,0,7 58 9,1,20,,289737,14,0,7 58 9,1,75,,289738,31,,,1,30,,289740,31,,,1,65,,289742,31,,,1,35,,289745,31,,,1,73,,289748,31,,,1,30,,289750,31,,,1,70,,289752,31,,,1,30,,289754,31,,,1,90,,289756,31,,,1,70,,289758,31,,,1,30,,289760,31,,,1,65,,289762,31,,,1,35,,289764,31,,,1,92,,289768,31,,,1,22,,289770,31,,,1,95,,289773,31,,,1,160,,289775,31,,,1,100,,289776,31,,,1,96,,289777,31,,,1
4100,'20261014',736,,289778,31,,,1,5,,289779,14,0,7 58 9,1,63,,289780,31,,,1,3,,289781,14,0,7 58 9,1,10,,289783,14,0,7 58 9,1,17,,289785,14,0,7 58 9,1,15,,289784,31,,,1,5,,289787,14,0,7 58 9,1,5,,289788,14,0,7 58 9,1,65,,289789,31,,,1,10,,289794,14,0,7 58 9,1,25,,289795,31,,,1,43,,289798,14,0,7 58 9,1,22,,289799,31,,,1,8,,289802,14,0,7 58 9,1,9,,289804,14,0,7 58 9,1,15,,289805,14,0,7 58 9,1,65,,289808,14,0,7 58 9,1,25,,289809,31,,,1,5,,289811,14,0,7 58 9,1,63,,289812,31,,,1,5,,289814,14,0,7 58 9,1,20,,289816,14,0,7 58 9,1,75,,289817,31,,,1,30,,289819,31,,,1,65,,289821,31,,,1,35,,289824,31,,,1,73,,289827,31,,,1,30,,289829,31,,,1,70,,289831,31,,,1,30,,289833,31,,,1,90,,289835,31,,,1,70,,289837,31,,,1,30,,289839,31,,,1,65,,289841,31,,,1,35,,289843,31,,,1,92,,289847,31,,,1,22,,289849,31,,,1,95,,289852,31,,,1,160,,289854,31,,,1,100,,289855,31,,,1,96,,289856,31,,,1
4100,'20261015',736,,289857,31,,,1,5,,289858,14,0,7 58 9,1,63,,289859,31,,,1,3,,289860,14,0,7 58 9,1,10,,289862,14,0,7 58 9,1,17,,289864,14,0,7 58 9,1,15,,289863,31,,,1,5,,289866,14,0,7 58 9,1,5,,289867,14,0,7 58 9,1,65,,289868,31,,,1,10,,289873,14,0,7 58 9,1,25,,289874,31,,,1,43,,289877,14,0,7 58 9,1,22,,289878,31,,,1,8,,289881,14,0,7 58 9,1,9,,289883,14,0,7 58 9,1,15,,289884,14,0,7 58 9,1,65,,289887,14,0,7 58 9,1,25,,289888,31,,,1,5,,289890,14,0,7 58 9,1,63,,289891,31,,,1,5,,289893,14,0,7 58 9,1,20,,289895,14,0,7 58 9,1,75,,289896,31,,,1,30,,289898,31,,,1,65,,289900,31,,,1,35,,289903,31,,,1,73,,289906,31,,,1,30,,289908,31,,,1,70,,289910,31,,,1,30,,289912,31,,,1,90,,289914,31,,,1,70,,289916,31,,,1,30,,289918,31,,,1,65,,289920,31,,,1,35,,289922,31,,,1,92,,289926,31,,,1,22,,289928,31,,,1,95,,289931,31,,,1,160,,289933,31,,,1,100,,289934,31,,,1,96,,289935,31,,,1
4100,'20261016',736,,289936,31,,,1,5,,289937,14,0,7 58 9,1,63,,289938,31,,,1,3,,289939,14,0,7 58 9,1,10,,289941,14,0,7 58 9,1,17,,289943,14,0,7 58 9,1,15,,289942,31,,,1,5,,289945,14,0,7 58 9,1,5,,289946,14,0,7 58 9,1,65,,289947,31,,,1,10,,289952,14,0,7 58 9,1,25,,289953,31,,,1,43,,289956,14,0,7 58 9,1,22,,289957,31,,,1,8,,289960,14,0,7 58 9,1,9,,289962,14,0,7 58 9,1,15,,289963,14,0,7 58 9,1,65,,289966,14,0,7 58 9,1,25,,289967,31,,,1,5,,289969,14,0,7 58 9,1,63,,289970,31,,,1,5,,289972,14,0,7 58 9,1,20,,289974,14,0,7 58 9,1,75,,289975,31,,,1,30,,289977,31,,,1,65,,289979,31,,,1,35,,289982,31,,,1,73,,289985,31,,,1,30,,289987,31,,,1,70,,289989,31,,,1,30,,289991,31,,,1,90,,289993,31,,,1,70,,289995,31,,,1,30,,289997,31,,,1,65,,289999,31,,,1,35,,290001,31,,,1,92,,290005,31,,,1,22,,290007,31,,,1,95,,290010,31,,,1,160,,290012,31,,,1,100,,290013,31,,,1,96,,290014,31,,,1
4100,'20261019',736,,290015,31,,,1,5,,290016,14,0,7 58 9,1,63,,290017,31,,,1,3,,290018,14,0,7 58 9,1,10,,290020,14,0,7 58 9,1,17,,290022,14,0,7 58 9,1,15,,290021,31,,,1,5,,290024,14,0,7 58 9,1,5,,290025,14,0,7 58 9,1,65,,290026,31,,,1,10,,290031,14,0,7 58 9,1,25,,290032,31,,,1,43,,290035,14,0,7 58 9,1,22,,290036,31,,,1,8,,290039,14,0,7 58 9,1,9,,290041,14,0,7 58 9,1,15,,290042,14,0,7 58 9,1,65,,290045,14,0,7 58 9,1,25,,290046,31,,,1,5,,290048,14,0,7 58 9,1,63,,290049,31,,,1,5,,290051,14,0,7 58 9,1,20,,290053,14,0,7 58 9,1,75,,290054,31,,,1,30,,290056,31,,,1,65,,290058,31,,,1,35,,290061,31,,,1,73,,290064,31,,,1,30,,290066,31,,,1,70,,290068,31,,,1,30,,290070,31,,,1,90,,290072,31,,,1,70,,290074,31,,,1,30,,290076,31,,,1,65,,290078,31,,,1,35,,290080,31,,,1,92,,290084,31,,,1,22,,290086,31,,,1,95,,290089,31,,,1,160,,290091,31,,,1,100,,290092,31,,,1,96,,290093,31,,,1
4100,'20261020',736,,290094,31,,,1,5,,290095,14,0,7 58 9,1,63,,290096,31,,,1,3,,290097,14,0,7 58 9,1,10,,290099,14,0,7 58 9,1,17,,290101,14,0,7 58 9,1,15,,290100,31,,,1,5,,290103,14,0,7 58 9,1,5,,290104,14,0,7 58 9,1,65,,290105,31,,,1,10,,290110,14,0,7 58 9,1,25,,290111,31,,,1,43,,290114,14,0,7 58 9,1,22,,290115,31,,,1,8,,290118,14,0,7 58 9,1,9,,290120,14,0,7 58 9,1,15,,290121,14,0,7 58 9,1,65,,290124,14,0,7 58 9,1,25,,290125,31,,,1,5,,290127,14,0,7 58 9,1,63,,290128,31,,,1,5,,290130,14,0,7 58 9,1,20,,290132,14,0,7 58 9,1,75,,290133,31,,,1,30,,290135,31,,,1,65,,290137,31,,,1,35,,290140,31,,,1,73,,290143,31,,,1,30,,290145,31,,,1,70,,290147,31,,,1,30,,290149,31,,,1,90,,290151,31,,,1,70,,290153,31,,,1,30,,290155,31,,,1,65,,290157,31,,,1,35,,290159,31,,,1,92,,290163,31,,,1,22,,290165,31,,,1,95,,290168,31,,,1,160,,290170,31,,,1,100,,290171,31,,,1,96,,290172,31,,,1
4100,'20261021',736,,290173,31,,,1,5,,290174,14,0,7 58 9,1,63,,290175,31,,,1,3,,290176,14,0,7 58 9,1,10,,290178,14,0,7 58 9,1,17,,290180,14,0,7 58 9,1,15,,290179,31,,,1,5,,290182,14,0,7 58 9,1,5,,290183,14,0,7 58 9,1,65,,290184,31,,,1,10,,290189,14,0,7 58 9,1,25,,290190,31,,,1,43,,290193,14,0,7 58 9,1,22,,290194,31,,,1,8,,290197,14,0,7 58 9,1,9,,290199,14,0,7 58 9,1,15,,290200,14,0,7 58 9,1,65,,290203,14,0,7 58 9,1,25,,290204,31,,,1,5,,290206,14,0,7 58 9,1,63,,290207,31,,,1,5,,290209,14,0,7 58 9,1,20,,290211,14,0,7 58 9,1,75,,290212,31,,,1,30,,290214,31,,,1,65,,290216,31,,,1,35,,290219,31,,,1,73,,290222,31,,,1,30,,290224,31,,,1,70,,290226,31,,,1,30,,290228,31,,,1,90,,290230,31,,,1,70,,290232,31,,,1,30,,290234,31,,,1,65,,290236,31,,,1,35,,290238,31,,,1,92,,290242,31,,,1,22,,290244,31,,,1,95,,290247,31,,,1,160,,290249,31,,,1,100,,290250,31,,,1,96,,290251,31,,,1
4100,'20261022',736,,290252,31,,,1,5,,290253,14,0,7 58 9,1,63,,290254,31,,,1,3,,290255,14,0,7 58 9,1,10,,290257,14,0,7 58 9,1,17,,290259,14,0,7 58 9,1,15,,290258,31,,,1,5,,290261,14,0,7 58 9,1,5,,290262,14,0,7 58 9,1,65,,290263,31,,,1,10,,290268,14,0,7 58 9,1,25,,290269,31,,,1,43,,290272,14,0,7 58 9,1,22,,290273,31,,,1,8,,290276,14,0,7 58 9,1,9,,290278,14,0,7 58 9,1,15,,290279,14,0,7 58 9,1,65,,290282,14,0,7 58 9,1,25,,290283,31,,,1,5,,290285,14,0,7 58 9,1,63,,290286,31,,,1,5,,290288,14,0,7 58 9,1,20,,290290,14,0,7 58 9,1,75,,290291,31,,,1,30,,290293,31,,,1,65,,290295,31,,,1,35,,290298,31,,,1,73,,290301,31,,,1,30,,290303,31,,,1,70,,290305,31,,,1,30,,290307,31,,,1,90,,290309,31,,,1,70,,290311,31,,,1,30,,290313,31,,,1,65,,290315,31,,,1,35,,290317,31,,,1,92,,290321,31,,,1,22,,290323,31,,,1,95,,290326,31,,,1,160,,290328,31,,,1,100,,290329,31,,,1,96,,290330,31,,,1
4100,'20261023',736,,290331,31,,,1,5,,290332,14,0,7 58 9,1,63,,290333,31,,,1,3,,290334,14,0,7 58 9,1,10,,290336,14,0,7 58 9,1,17,,290338,14,0,7 58 9,1,15,,290337,31,,,1,5,,290340,14,0,7 58 9,1,5,,290341,14,0,7 58 9,1,65,,290342,31,,,1,10,,290347,14,0,7 58 9,1,25,,290348,31,,,1,43,,290351,14,0,7 58 9,1,22,,290352,31,,,1,8,,290355,14,0,7 58 9,1,9,,290357,14,0,7 58 9,1,15,,290358,14,0,7 58 9,1,65,,290361,14,0,7 58 9,1,25,,290362,31,,,1,5,,290364,14,0,7 58 9,1,63,,290365,31,,,1,5,,290367,14,0,7 58 9,1,20,,290369,14,0,7 58 9,1,75,,290370,31,,,1,30,,290372,31,,,1,65,,290374,31,,,1,35,,290377,31,,,1,73,,290380,31,,,1,30,,290382,31,,,1,70,,290384,31,,,1,30,,290386,31,,,1,90,,290388,31,,,1,70,,290390,31,,,1,30,,290392,31,,,1,65,,290394,31,,,1,35,,290396,31,,,1,92,,290400,31,,,1,22,,290402,31,,,1,95,,290405,31,,,1,160,,290407,31,,,1,100,,290408,31,,,1,96,,290409,31,,,1
4100,'20261026',736,,290410,31,,,1,5,,290411,14,0,7 58 9,1,63,,290412,31,,,1,3,,290413,14,0,7 58 9,1,10,,290415,14,0,7 58 9,1,17,,290417,14,0,7 58 9,1,15,,290416,31,,,1,5,,290419,14,0,7 58 9,1,5,,290420,14,0,7 58 9,1,65,,290421,31,,,1,10,,290426,14,0,7 58 9,1,25,,290427,31,,,1,43,,290430,14,0,7 58 9,1,22,,290431,31,,,1,8,,290434,14,0,7 58 9,1,9,,290436,14,0,7 58 9,1,15,,290437,14,0,7 58 9,1,65,,290440,14,0,7 58 9,1,25,,290441,31,,,1,5,,290443,14,0,7 58 9,1,63,,290444,31,,,1,5,,290446,14,0,7 58 9,1,20,,290448,14,0,7 58 9,1,75,,290449,31,,,1,30,,290451,31,,,1,65,,290453,31,,,1,35,,290456,31,,,1,73,,290459,31,,,1,30,,290461,31,,,1,70,,290463,31,,,1,30,,290465,31,,,1,90,,290467,31,,,1,70,,290469,31,,,1,30,,290471,31,,,1,65,,290473,31,,,1,35,,290475,31,,,1,92,,290479,31,,,1,22,,290481,31,,,1,95,,290484,31,,,1,160,,290486,31,,,1,100,,290487,31,,,1,96,,290488,31,,,1
4100,'20261027',736,,290489,31,,,1,5,,290490,14,0,7 58 9,1,63,,290491,31,,,1,3,,290492,14,0,7 58 9,1,10,,290494,14,0,7 58 9,1,17,,290496,14,0,7 58 9,1,15,,290495,31,,,1,5,,290498,14,0,7 58 9,1,5,,290499,14,0,7 58 9,1,65,,290500,31,,,1,10,,290505,14,0,7 58 9,1,25,,290506,31,,,1,43,,290509,14,0,7 58 9,1,22,,290510,31,,,1,8,,290513,14,0,7 58 9,1,9,,290515,14,0,7 58 9,1,15,,290516,14,0,7 58 9,1,65,,290519,14,0,7 58 9,1,25,,290520,31,,,1,5,,290522,14,0,7 58 9,1,63,,290523,31,,,1,5,,290525,14,0,7 58 9,1,20,,290527,14,0,7 58 9,1,75,,290528,31,,,1,30,,290530,31,,,1,65,,290532,31,,,1,35,,290535,31,,,1,73,,290538,31,,,1,30,,290540,31,,,1,70,,290542,31,,,1,30,,290544,31,,,1,90,,290546,31,,,1,70,,290548,31,,,1,30,,290550,31,,,1,65,,290552,31,,,1,35,,290554,31,,,1,92,,290558,31,,,1,22,,290560,31,,,1,95,,290563,31,,,1,160,,290565,31,,,1,100,,290566,31,,,1,96,,290567,31,,,1
4100,'20261028',736,,290568,31,,,1,5,,290569,14,0,7 58 9,1,63,,290570,31,,,1,3,,290571,14,0,7 58 9,1,10,,290573,14,0,7 58 9,1,17,,290575,14,0,7 58 9,1,15,,290574,31,,,1,5,,290577,14,0,7 58 9,1,5,,290578,14,0,7 58 9,1,65,,290579,31,,,1,10,,290584,14,0,7 58 9,1,25,,290585,31,,,1,43,,290588,14,0,7 58 9,1,22,,290589,31,,,1,8,,290592,14,0,7 58 9,1,9,,290594,14,0,7 58 9,1,15,,290595,14,0,7 58 9,1,65,,290598,14,0,7 58 9,1,25,,290599,31,,,1,5,,290601,14,0,7 58 9,1,63,,290602,31,,,1,5,,290604,14,0,7 58 9,1,20,,290606,14,0,7 58 9,1,75,,290607,31,,,1,30,,290609,31,,,1,65,,290611,31,,,1,35,,290614,31,,,1,73,,290617,31,,,1,30,,290619,31,,,1,70,,290621,31,,,1,30,,290623,31,,,1,90,,290625,31,,,1,70,,290627,31,,,1,30,,290629,31,,,1,65,,290631,31,,,1,35,,290633,31,,,1,92,,290637,31,,,1,22,,290639,31,,,1,95,,290642,31,,,1,160,,290644,31,,,1,100,,290645,31,,,1,96,,290646,31,,,1
4100,'20261029',736,,290647,31,,,1,5,,290648,14,0,7 58 9,1,63,,290649,31,,,1,3,,290650,14,0,7 58 9,1,10,,290652,14,0,7 58 9,1,17,,290654,14,0,7 58 9,1,15,,290653,31,,,1,5,,290656,14,0,7 58 9,1,5,,290657,14,0,7 58 9,1,65,,290658,31,,,1,10,,290663,14,0,7 58 9,1,25,,290664,31,,,1,43,,290667,14,0,7 58 9,1,22,,290668,31,,,1,8,,290671,14,0,7 58 9,1,9,,290673,14,0,7 58 9,1,15,,290674,14,0,7 58 9,1,65,,290677,14,0,7 58 9,1,25,,290678,31,,,1,5,,290680,14,0,7 58 9,1,63,,290681,31,,,1,5,,290683,14,0,7 58 9,1,20,,290685,14,0,7 58 9,1,75,,290686,31,,,1,30,,290688,31,,,1,65,,290690,31,,,1,35,,290693,31,,,1,73,,290696,31,,,1,30,,290698,31,,,1,70,,290700,31,,,1,30,,290702,31,,,1,90,,290704,31,,,1,70,,290706,31,,,1,30,,290708,31,,,1,65,,290710,31,,,1,35,,290712,31,,,1,92,,290716,31,,,1,22,,290718,31,,,1,95,,290721,31,,,1,160,,290723,31,,,1,100,,290724,31,,,1,96,,290725,31,,,1
4100,'20261030',736,,290726,31,,,1,5,,290727,14,0,7 58 9,1,63,,290728,31,,,1,3,,290729,14,0,7 58 9,1,10,,290731,14,0,7 58 9,1,17,,290733,14,0,7 58 9,1,15,,290732,31,,,1,5,,290735,14,0,7 58 9,1,5,,290736,14,0,7 58 9,1,65,,290737,31,,,1,10,,290742,14,0,7 58 9,1,25,,290743,31,,,1,43,,290746,14,0,7 58 9,1,22,,290747,31,,,1,8,,290750,14,0,7 58 9,1,9,,290752,14,0,7 58 9,1,15,,290753,14,0,7 58 9,1,65,,290756,14,0,7 58 9,1,25,,290757,31,,,1,5,,290759,14,0,7 58 9,1,63,,290760,31,,,1,5,,290762,14,0,7 58 9,1,20,,290764,14,0,7 58 9,1,75,,290765,31,,,1,30,,290767,31,,,1,65,,290769,31,,,1,35,,290772,31,,,1,73,,290775,31,,,1,30,,290777,31,,,1,70,,290779,31,,,1,30,,290781,31,,,1,90,,290783,31,,,1,70,,290785,31,,,1,30,,290787,31,,,1,65,,290789,31,,,1,35,,290791,31,,,1,92,,290795,31,,,1,22,,290797,31,,,1,95,,290800,31,,,1,160,,290802,31,,,1,100,,290803,31,,,1,96,,290804,31,,,1
4100,'20261102',736,,290805,31,,,1,5,,290806,14,0,7 58 9,1,63,,290807,31,,,1,3,,290808,14,0,7 58 9,1,10,,290810,14,0,7 58 9,1,17,,290812,14,0,7 58 9,1,15,,290811,31,,,1,5,,290814,14,0,7 58 9,1,5,,290815,14,0,7 58 9,1,65,,290816,31,,,1,10,,290821,14,0,7 58 9,1,25,,290822,31,,,1,43,,290825,14,0,7 58 9,1,22,,290826,31,,,1,8,,290829,14,0,7 58 9,1,9,,290831,14,0,7 58 9,1,15,,290832,14,0,7 58 9,1,65,,290835,14,0,7 58 9,1,25,,290836,31,,,1,5,,290838,14,0,7 58 9,1,63,,290839,31,,,1,5,,290841,14,0,7 58 9,1,20,,290843,14,0,7 58 9,1,75,,290844,31,,,1,30,,290846,31,,,1,65,,290848,31,,,1,35,,290851,31,,,1,73,,290854,31,,,1,30,,290856,31,,,1,70,,290858,31,,,1,30,,290860,31,,,1,90,,290862,31,,,1,70,,290864,31,,,1,30,,290866,31,,,1,65,,290868,31,,,1,35,,290870,31,,,1,92,,290874,31,,,1,22,,290876,31,,,1,95,,290879,31,,,1,160,,290881,31,,,1,100,,290882,31,,,1,96,,290883,31,,,1
4100,'20261103',736,,290884,31,,,1,5,,290885,14,0,7 58 9,1,63,,290886,31,,,1,3,,290887,14,0,7 58 9,1,10,,290889,14,0,7 58 9,1,17,,290891,14,0,7 58 9,1,15,,290890,31,,,1,5,,290893,14,0,7 58 9,1,5,,290894,14,0,7 58 9,1,65,,290895,31,,,1,10,,290900,14,0,7 58 9,1,25,,290901,31,,,1,43,,290904,14,0,7 58 9,1,22,,290905,31,,,1,8,,290908,14,0,7 58 9,1,9,,290910,14,0,7 58 9,1,15,,290911,14,0,7 58 9,1,65,,290914,14,0,7 58 9,1,25,,290915,31,,,1,5,,290917,14,0,7 58 9,1,63,,290918,31,,,1,5,,290920,14,0,7 58 9,1,20,,290922,14,0,7 58 9,1,75,,290923,31,,,1,30,,290925,31,,,1,65,,290927,31,,,1,35,,290930,31,,,1,73,,290933,31,,,1,30,,290935,31,,,1,70,,290937,31,,,1,30,,290939,31,,,1,90,,290941,31,,,1,70,,290943,31,,,1,30,,290945,31,,,1,65,,290947,31,,,1,35,,290949,31,,,1,92,,290953,31,,,1,22,,290955,31,,,1,95,,290958,31,,,1,160,,290960,31,,,1,100,,290961,31,,,1,96,,290962,31,,,1
4100,'20261104',736,,290963,31,,,1,5,,290964,14,0,7 58 9,1,63,,290965,31,,,1,3,,290966,14,0,7 58 9,1,10,,290968,14,0,7 58 9,1,17,,290970,14,0,7 58 9,1,15,,290969,31,,,1,5,,290972,14,0,7 58 9,1,5,,290973,14,0,7 58 9,1,65,,290974,31,,,1,10,,290979,14,0,7 58 9,1,25,,290980,31,,,1,43,,290983,14,0,7 58 9,1,22,,290984,31,,,1,8,,290987,14,0,7 58 9,1,9,,290989,14,0,7 58 9,1,15,,290990,14,0,7 58 9,1,65,,290993,14,0,7 58 9,1,25,,290994,31,,,1,5,,290996,14,0,7 58 9,1,63,,290997,31,,,1,5,,290999,14,0,7 58 9,1,20,,291001,14,0,7 58 9,1,75,,291002,31,,,1,30,,291004,31,,,1,65,,291006,31,,,1,35,,291009,31,,,1,73,,291012,31,,,1,30,,291014,31,,,1,70,,291016,31,,,1,30,,291018,31,,,1,90,,291020,31,,,1,70,,291022,31,,,1,30,,291024,31,,,1,65,,291026,31,,,1,35,,291028,31,,,1,92,,291032,31,,,1,22,,291034,31,,,1,95,,291037,31,,,1,160,,291039,31,,,1,100,,291040,31,,,1,96,,291041,31,,,1
4100,'20261105',736,,291042,31,,,1,5,,291043,14,0,7 58 9,1,63,,291044,31,,,1,3,,291045,14,0,7 58 9,1,10,,291047,14,0,7 58 9,1,17,,291049,14,0,7 58 9,1,15,,291048,31,,,1,5,,291051,14,0,7 58 9,1,5,,291052,14,0,7 58 9,1,65,,291053,31,,,1,10,,291058,14,0,7 58 9,1,25,,291059,31,,,1,43,,291062,14,0,7 58 9,1,22,,291063,31,,,1,8,,291066,14,0,7 58 9,1,9,,291068,14,0,7 58 9,1,15,,291069,14,0,7 58 9,1,65,,291072,14,0,7 58 9,1,25,,291073,31,,,1,5,,291075,14,0,7 58 9,1,63,,291076,31,,,1,5,,291078,14,0,7 58 9,1,20,,291080,14,0,7 58 9,1,75,,291081,31,,,1,30,,291083,31,,,1,65,,291085,31,,,1,35,,291088,31,,,1,73,,291091,31,,,1,30,,291093,31,,,1,70,,291095,31,,,1,30,,291097,31,,,1,90,,291099,31,,,1,70,,291101,31,,,1,30,,291103,31,,,1,65,,291105,31,,,1,35,,291107,31,,,1,92,,291111,31,,,1,22,,291113,31,,,1,95,,291116,31,,,1,160,,291118,31,,,1,100,,291119,31,,,1,96,,291120,31,,,1
4100,'20261106',736,,291121,31,,,1,5,,291122,14,0,7 58 9,1,63,,291123,31,,,1,3,,291124,14,0,7 58 9,1,10,,291126,14,0,7 58 9,1,17,,291128,14,0,7 58 9,1,15,,291127,31,,,1,5,,291130,14,0,7 58 9,1,5,,291131,14,0,7 58 9,1,65,,291132,31,,,1,10,,291137,14,0,7 58 9,1,25,,291138,31,,,1,43,,291141,14,0,7 58 9,1,22,,291142,31,,,1,8,,291145,14,0,7 58 9,1,9,,291147,14,0,7 58 9,1,15,,291148,14,0,7 58 9,1,65,,291151,14,0,7 58 9,1,25,,291152,31,,,1,5,,291154,14,0,7 58 9,1,63,,291155,31,,,1,5,,291157,14,0,7 58 9,1,20,,291159,14,0,7 58 9,1,75,,291160,31,,,1,30,,291162,31,,,1,65,,291164,31,,,1,35,,291167,31,,,1,73,,291170,31,,,1,30,,291172,31,,,1,70,,291174,31,,,1,30,,291176,31,,,1,90,,291178,31,,,1,70,,291180,31,,,1,30,,291182,31,,,1,65,,291184,31,,,1,35,,291186,31,,,1,92,,291190,31,,,1,22,,291192,31,,,1,95,,291195,31,,,1,160,,291197,31,,,1,100,,291198,31,,,1,96,,291199,31,,,1
4100,'20261109',736,,291200,31,,,1,5,,291201,14,0,7 58 9,1,63,,291202,31,,,1,3,,291203,14,0,7 58 9,1,10,,291205,14,0,7 58 9,1,17,,291207,14,0,7 58 9,1,15,,291206,31,,,1,5,,291209,14,0,7 58 9,1,5,,291210,14,0,7 58 9,1,65,,291211,31,,,1,10,,291216,14,0,7 58 9,1,25,,291217,31,,,1,43,,291220,14,0,7 58 9,1,22,,291221,31,,,1,8,,291224,14,0,7 58 9,1,9,,291226,14,0,7 58 9,1,15,,291227,14,0,7 58 9,1,65,,291230,14,0,7 58 9,1,25,,291231,31,,,1,5,,291233,14,0,7 58 9,1,63,,291234,31,,,1,5,,291236,14,0,7 58 9,1,20,,291238,14,0,7 58 9,1,75,,291239,31,,,1,30,,291241,31,,,1,65,,291243,31,,,1,35,,291246,31,,,1,73,,291249,31,,,1,30,,291251,31,,,1,70,,291253,31,,,1,30,,291255,31,,,1,90,,291257,31,,,1,70,,291259,31,,,1,30,,291261,31,,,1,65,,291263,31,,,1,35,,291265,31,,,1,92,,291269,31,,,1,22,,291271,31,,,1,95,,291274,31,,,1,160,,291276,31,,,1,100,,291277,31,,,1,96,,291278,31,,,1
4100,'20261110',736,,291279,31,,,1,5,,291280,14,0,7 58 9,1,63,,291281,31,,,1,3,,291282,14,0,7 58 9,1,10,,291284,14,0,7 58 9,1,17,,291286,14,0,7 58 9,1,15,,291285,31,,,1,5,,291288,14,0,7 58 9,1,5,,291289,14,0,7 58 9,1,65,,291290,31,,,1,10,,291295,14,0,7 58 9,1,25,,291296,31,,,1,43,,291299,14,0,7 58 9,1,22,,291300,31,,,1,8,,291303,14,0,7 58 9,1,9,,291305,14,0,7 58 9,1,15,,291306,14,0,7 58 9,1,65,,291309,14,0,7 58 9,1,25,,291310,31,,,1,5,,291312,14,0,7 58 9,1,63,,291313,31,,,1,5,,291315,14,0,7 58 9,1,20,,291317,14,0,7 58 9,1,75,,291318,31,,,1,30,,291320,31,,,1,65,,291322,31,,,1,35,,291325,31,,,1,73,,291328,31,,,1,30,,291330,31,,,1,70,,291332,31,,,1,30,,291334,31,,,1,90,,291336,31,,,1,70,,291338,31,,,1,30,,291340,31,,,1,65,,291342,31,,,1,35,,291344,31,,,1,92,,291348,31,,,1,22,,291350,31,,,1,95,,291353,31,,,1,160,,291355,31,,,1,100,,291356,31,,,1,96,,291357,31,,,1
4100,'20261111',736,,291358,31,,,1,5,,291359,14,0,7 58 9,1,63,,291360,31,,,1,3,,291361,14,0,7 58 9,1,10,,291363,14,0,7 58 9,1,17,,291365,14,0,7 58 9,1,15,,291364,31,,,1,5,,291367,14,0,7 58 9,1,5,,291368,14,0,7 58 9,1,65,,291369,31,,,1,10,,291374,14,0,7 58 9,1,25,,291375,31,,,1,43,,291378,14,0,7 58 9,1,22,,291379,31,,,1,8,,291382,14,0,7 58 9,1,9,,291384,14,0,7 58 9,1,15,,291385,14,0,7 58 9,1,65,,291388,14,0,7 58 9,1,25,,291389,31,,,1,5,,291391,14,0,7 58 9,1,63,,291392,31,,,1,5,,291394,14,0,7 58 9,1,20,,291396,14,0,7 58 9,1,75,,291397,31,,,1,30,,291399,31,,,1,65,,291401,31,,,1,35,,291404,31,,,1,73,,291407,31,,,1,30,,291409,31,,,1,70,,291411,31,,,1,30,,291413,31,,,1,90,,291415,31,,,1,70,,291417,31,,,1,30,,291419,31,,,1,65,,291421,31,,,1,35,,291423,31,,,1,92,,291427,31,,,1,22,,291429,31,,,1,95,,291432,31,,,1,160,,291434,31,,,1,100,,291435,31,,,1,96,,291436,31,,,1
4100,'20261112',736,,291437,31,,,1,5,,291438,14,0,7 58 9,1,63,,291439,31,,,1,3,,291440,14,0,7 58 9,1,10,,291442,14,0,7 58 9,1,17,,291444,14,0,7 58 9,1,15,,291443,31,,,1,5,,291446,14,0,7 58 9,1,5,,291447,14,0,7 58 9,1,65,,291448,31,,,1,10,,291453,14,0,7 58 9,1,25,,291454,31,,,1,43,,291457,14,0,7 58 9,1,22,,291458,31,,,1,8,,291461,14,0,7 58 9,1,9,,291463,14,0,7 58 9,1,15,,291464,14,0,7 58 9,1,65,,291467,14,0,7 58 9,1,25,,291468,31,,,1,5,,291470,14,0,7 58 9,1,63,,291471,31,,,1,5,,291473,14,0,7 58 9,1,20,,291475,14,0,7 58 9,1,75,,291476,31,,,1,30,,291478,31,,,1,65,,291480,31,,,1,35,,291483,31,,,1,73,,291486,31,,,1,30,,291488,31,,,1,70,,291490,31,,,1,30,,291492,31,,,1,90,,291494,31,,,1,70,,291496,31,,,1,30,,291498,31,,,1,65,,291500,31,,,1,35,,291502,31,,,1,92,,291506,31,,,1,22,,291508,31,,,1,95,,291511,31,,,1,160,,291513,31,,,1,100,,291514,31,,,1,96,,291515,31,,,1
4100,'20261113',736,,291516,31,,,1,5,,291517,14,0,7 58 9,1,63,,291518,31,,,1,3,,291519,14,0,7 58 9,1,10,,291521,14,0,7 58 9,1,17,,291523,14,0,7 58 9,1,15,,291522,31,,,1,5,,291525,14,0,7 58 9,1,5,,291526,14,0,7 58 9,1,65,,291527,31,,,1,10,,291532,14,0,7 58 9,1,25,,291533,31,,,1,43,,291536,14,0,7 58 9,1,22,,291537,31,,,1,8,,291540,14,0,7 58 9,1,9,,291542,14,0,7 58 9,1,15,,291543,14,0,7 58 9,1,65,,291546,14,0,7 58 9,1,25,,291547,31,,,1,5,,291549,14,0,7 58 9,1,63,,291550,31,,,1,5,,291552,14,0,7 58 9,1,20,,291554,14,0,7 58 9,1,75,,291555,31,,,1,30,,291557,31,,,1,65,,291559,31,,,1,35,,291562,31,,,1,73,,291565,31,,,1,30,,291567,31,,,1,70,,291569,31,,,1,30,,291571,31,,,1,90,,291573,31,,,1,70,,291575,31,,,1,30,,291577,31,,,1,65,,291579,31,,,1,35,,291581,31,,,1,92,,291585,31,,,1,22,,291587,31,,,1,95,,291590,31,,,1,160,,291592,31,,,1,100,,291593,31,,,1,96,,291594,31,,,1
4100,'20261116',736,,291595,31,,,1,5,,291596,14,0,7 58 9,1,63,,291597,31,,,1,3,,291598,14,0,7 58 9,1,10,,291600,14,0,7 58 9,1,17,,291602,14,0,7 58 9,1,15,,291601,31,,,1,5,,291604,14,0,7 58 9,1,5,,291605,14,0,7 58 9,1,65,,291606,31,,,1,10,,291611,14,0,7 58 9,1,25,,291612,31,,,1,43,,291615,14,0,7 58 9,1,22,,291616,31,,,1,8,,291619,14,0,7 58 9,1,9,,291621,14,0,7 58 9,1,15,,291622,14,0,7 58 9,1,65,,291625,14,0,7 58 9,1,25,,291626,31,,,1,5,,291628,14,0,7 58 9,1,63,,291629,31,,,1,5,,291631,14,0,7 58 9,1,20,,291633,14,0,7 58 9,1,75,,291634,31,,,1,30,,291636,31,,,1,65,,291638,31,,,1,35,,291641,31,,,1,73,,291644,31,,,1,30,,291646,31,,,1,70,,291648,31,,,1,30,,291650,31,,,1,90,,291652,31,,,1,70,,291654,31,,,1,30,,291656,31,,,1,65,,291658,31,,,1,35,,291660,31,,,1,92,,291664,31,,,1,22,,291666,31,,,1,95,,291669,31,,,1,160,,291671,31,,,1,100,,291672,31,,,1,96,,291673,31,,,1
4100,'20261117',736,,291674,31,,,1,5,,291675,14,0,7 58 9,1,63,,291676,31,,,1,3,,291677,14,0,7 58 9,1,10,,291679,14,0,7 58 9,1,17,,291681,14,0,7 58 9,1,15,,291680,31,,,1,5,,291683,14,0,7 58 9,1,5,,291684,14,0,7 58 9,1,65,,291685,31,,,1,10,,291690,14,0,7 58 9,1,25,,291691,31,,,1,43,,291694,14,0,7 58 9,1,22,,291695,31,,,1,8,,291698,14,0,7 58 9,1,9,,291700,14,0,7 58 9,1,15,,291701,14,0,7 58 9,1,65,,291704,14,0,7 58 9,1,25,,291705,31,,,1,5,,291707,14,0,7 58 9,1,63,,291708,31,,,1,5,,291710,14,0,7 58 9,1,20,,291712,14,0,7 58 9,1,75,,291713,31,,,1,30,,291715,31,,,1,65,,291717,31,,,1,35,,291720,31,,,1,73,,291723,31,,,1,30,,291725,31,,,1,70,,291727,31,,,1,30,,291729,31,,,1,90,,291731,31,,,1,70,,291733,31,,,1,30,,291735,31,,,1,65,,291737,31,,,1,35,,291739,31,,,1,92,,291743,31,,,1,22,,291745,31,,,1,95,,291748,31,,,1,160,,291750,31,,,1,100,,291751,31,,,1,96,,291752,31,,,1
4100,'20261118',736,,291753,31,,,1,5,,291754,14,0,7 58 9,1,63,,291755,31,,,1,3,,291756,14,0,7 58 9,1,10,,291758,14,0,7 58 9,1,17,,291760,14,0,7 58 9,1,15,,291759,31,,,1,5,,291762,14,0,7 58 9,1,5,,291763,14,0,7 58 9,1,65,,291764,31,,,1,10,,291769,14,0,7 58 9,1,25,,291770,31,,,1,43,,291773,14,0,7 58 9,1,22,,291774,31,,,1,8,,291777,14,0,7 58 9,1,9,,291779,14,0,7 58 9,1,15,,291780,14,0,7 58 9,1,65,,291783,14,0,7 58 9,1,25,,291784,31,,,1,5,,291786,14,0,7 58 9,1,63,,291787,31,,,1,5,,291789,14,0,7 58 9,1,20,,291791,14,0,7 58 9,1,75,,291792,31,,,1,30,,291794,31,,,1,65,,291796,31,,,1,35,,291799,31,,,1,73,,291802,31,,,1,30,,291804,31,,,1,70,,291806,31,,,1,30,,291808,31,,,1,90,,291810,31,,,1,70,,291812,31,,,1,30,,291814,31,,,1,65,,291816,31,,,1,35,,291818,31,,,1,92,,291822,31,,,1,22,,291824,31,,,1,95,,291827,31,,,1,160,,291829,31,,,1,100,,291830,31,,,1,96,,291831,31,,,1
4100,'20261119',736,,291832,31,,,1,5,,291833,14,0,7 58 9,1,63,,291834,31,,,1,3,,291835,14,0,7 58 9,1,10,,291837,14,0,7 58 9,1,17,,291839,14,0,7 58 9,1,15,,291838,31,,,1,5,,291841,14,0,7 58 9,1,5,,291842,14,0,7 58 9,1,65,,291843,31,,,1,10,,291848,14,0,7 58 9,1,25,,291849,31,,,1,43,,291852,14,0,7 58 9,1,22,,291853,31,,,1,8,,291856,14,0,7 58 9,1,9,,291858,14,0,7 58 9,1,15,,291859,14,0,7 58 9,1,65,,291862,14,0,7 58 9,1,25,,291863,31,,,1,5,,291865,14,0,7 58 9,1,63,,291866,31,,,1,5,,291868,14,0,7 58 9,1,20,,291870,14,0,7 58 9,1,75,,291871,31,,,1,30,,291873,31,,,1,65,,291875,31,,,1,35,,291878,31,,,1,73,,291881,31,,,1,30,,291883,31,,,1,70,,291885,31,,,1,30,,291887,31,,,1,90,,291889,31,,,1,70,,291891,31,,,1,30,,291893,31,,,1,65,,291895,31,,,1,35,,291897,31,,,1,92,,291901,31,,,1,22,,291903,31,,,1,95,,291906,31,,,1,160,,291908,31,,,1,100,,291909,31,,,1,96,,291910,31,,,1
4100,'20261120',736,,291911,31,,,1,5,,291912,14,0,7 58 9,1,63,,291913,31,,,1,3,,291914,14,0,7 58 9,1,10,,291916,14,0,7 58 9,1,17,,291918,14,0,7 58 9,1,15,,291917,31,,,1,5,,291920,14,0,7 58 9,1,5,,291921,14,0,7 58 9,1,65,,291922,31,,,1,10,,291927,14,0,7 58 9,1,25,,291928,31,,,1,43,,291931,14,0,7 58 9,1,22,,291932,31,,,1,8,,291935,14,0,7 58 9,1,9,,291937,14,0,7 58 9,1,15,,291938,14,0,7 58 9,1,65,,291941,14,0,7 58 9,1,25,,291942,31,,,1,5,,291944,14,0,7 58 9,1,63,,291945,31,,,1,5,,291947,14,0,7 58 9,1,20,,291949,14,0,7 58 9,1,75,,291950,31,,,1,30,,291952,31,,,1,65,,291954,31,,,1,35,,291957,31,,,1,73,,291960,31,,,1,30,,291962,31,,,1,70,,291964,31,,,1,30,,291966,31,,,1,90,,291968,31,,,1,70,,291970,31,,,1,30,,291972,31,,,1,65,,291974,31,,,1,35,,291976,31,,,1,92,,291980,31,,,1,22,,291982,31,,,1,95,,291985,31,,,1,160,,291987,31,,,1,100,,291988,31,,,1,96,,291989,31,,,1
4100,'20261123',736,,291990,31,,,1,5,,291991,14,0,7 58 9,1,63,,291992,31,,,1,3,,291993,14,0,7 58 9,1,10,,291995,14,0,7 58 9,1,17,,291997,14,0,7 58 9,1,15,,291996,31,,,1,5,,291999,14,0,7 58 9,1,5,,292000,14,0,7 58 9,1,65,,292001,31,,,1,10,,292006,14,0,7 58 9,1,25,,292007,31,,,1,43,,292010,14,0,7 58 9,1,22,,292011,31,,,1,8,,292014,14,0,7 58 9,1,9,,292016,14,0,7 58 9,1,15,,292017,14,0,7 58 9,1,65,,292020,14,0,7 58 9,1,25,,292021,31,,,1,5,,292023,14,0,7 58 9,1,63,,292024,31,,,1,5,,292026,14,0,7 58 9,1,20,,292028,14,0,7 58 9,1,75,,292029,31,,,1,30,,292031,31,,,1,65,,292033,31,,,1,35,,292036,31,,,1,73,,292039,31,,,1,30,,292041,31,,,1,70,,292043,31,,,1,30,,292045,31,,,1,90,,292047,31,,,1,70,,292049,31,,,1,30,,292051,31,,,1,65,,292053,31,,,1,35,,292055,31,,,1,92,,292059,31,,,1,22,,292061,31,,,1,95,,292064,31,,,1,160,,292066,31,,,1,100,,292067,31,,,1,96,,292068,31,,,1
4100,'20261124',736,,292069,31,,,1,5,,292070,14,0,7 58 9,1,63,,292071,31,,,1,3,,292072,14,0,7 58 9,1,10,,292074,14,0,7 58 9,1,17,,292076,14,0,7 58 9,1,15,,292075,31,,,1,5,,292078,14,0,7 58 9,1,5,,292079,14,0,7 58 9,1,65,,292080,31,,,1,10,,292085,14,0,7 58 9,1,25,,292086,31,,,1,43,,292089,14,0,7 58 9,1,22,,292090,31,,,1,8,,292093,14,0,7 58 9,1,9,,292095,14,0,7 58 9,1,15,,292096,14,0,7 58 9,1,65,,292099,14,0,7 58 9,1,25,,292100,31,,,1,5,,292102,14,0,7 58 9,1,63,,292103,31,,,1,5,,292105,14,0,7 58 9,1,20,,292107,14,0,7 58 9,1,75,,292108,31,,,1,30,,292110,31,,,1,65,,292112,31,,,1,35,,292115,31,,,1,73,,292118,31,,,1,30,,292120,31,,,1,70,,292122,31,,,1,30,,292124,31,,,1,90,,292126,31,,,1,70,,292128,31,,,1,30,,292130,31,,,1,65,,292132,31,,,1,35,,292134,31,,,1,92,,292138,31,,,1,22,,292140,31,,,1,95,,292143,31,,,1,160,,292145,31,,,1,100,,292146,31,,,1,96,,292147,31,,,1
4100,'20261125',736,,292148,31,,,1,5,,292149,14,0,7 58 9,1,63,,292150,31,,,1,3,,292151,14,0,7 58 9,1,10,,292153,14,0,7 58 9,1,17,,292155,14,0,7 58 9,1,15,,292154,31,,,1,5,,292157,14,0,7 58 9,1,5,,292158,14,0,7 58 9,1,65,,292159,31,,,1,10,,292164,14,0,7 58 9,1,25,,292165,31,,,1,43,,292168,14,0,7 58 9,1,22,,292169,31,,,1,8,,292172,14,0,7 58 9,1,9,,292174,14,0,7 58 9,1,15,,292175,14,0,7 58 9,1,65,,292178,14,0,7 58 9,1,25,,292179,31,,,1,5,,292181,14,0,7 58 9,1,63,,292182,31,,,1,5,,292184,14,0,7 58 9,1,20,,292186,14,0,7 58 9,1,75,,292187,31,,,1,30,,292189,31,,,1,65,,292191,31,,,1,35,,292194,31,,,1,73,,292197,31,,,1,30,,292199,31,,,1,70,,292201,31,,,1,30,,292203,31,,,1,90,,292205,31,,,1,70,,292207,31,,,1,30,,292209,31,,,1,65,,292211,31,,,1,35,,292213,31,,,1,92,,292217,31,,,1,22,,292219,31,,,1,95,,292222,31,,,1,160,,292224,31,,,1,100,,292225,31,,,1,96,,292226,31,,,1
4100,'20261126',736,,292227,31,,,1,5,,292228,14,0,7 58 9,1,63,,292229,31,,,1,3,,292230,14,0,7 58 9,1,10,,292232,14,0,7 58 9,1,17,,292234,14,0,7 58 9,1,15,,292233,31,,,1,5,,292236,14,0,7 58 9,1,5,,292237,14,0,7 58 9,1,65,,292238,31,,,1,10,,292243,14,0,7 58 9,1,25,,292244,31,,,1,43,,292247,14,0,7 58 9,1,22,,292248,31,,,1,8,,292251,14,0,7 58 9,1,9,,292253,14,0,7 58 9,1,15,,292254,14,0,7 58 9,1,65,,292257,14,0,7 58 9,1,25,,292258,31,,,1,5,,292260,14,0,7 58 9,1,63,,292261,31,,,1,5,,292263,14,0,7 58 9,1,20,,292265,14,0,7 58 9,1,75,,292266,31,,,1,30,,292268,31,,,1,65,,292270,31,,,1,35,,292273,31,,,1,73,,292276,31,,,1,30,,292278,31,,,1,70,,292280,31,,,1,30,,292282,31,,,1,90,,292284,31,,,1,70,,292286,31,,,1,30,,292288,31,,,1,65,,292290,31,,,1,35,,292292,31,,,1,92,,292296,31,,,1,22,,292298,31,,,1,95,,292301,31,,,1,160,,292303,31,,,1,100,,292304,31,,,1,96,,292305,31,,,1
4100,'20261127',736,,292306,31,,,1,5,,292307,14,0,7 58 9,1,63,,292308,31,,,1,3,,292309,14,0,7 58 9,1,10,,292311,14,0,7 58 9,1,17,,292313,14,0,7 58 9,1,15,,292312,31,,,1,5,,292315,14,0,7 58 9,1,5,,292316,14,0,7 58 9,1,65,,292317,31,,,1,10,,292322,14,0,7 58 9,1,25,,292323,31,,,1,43,,292326,14,0,7 58 9,1,22,,292327,31,,,1,8,,292330,14,0,7 58 9,1,9,,292332,14,0,7 58 9,1,15,,292333,14,0,7 58 9,1,65,,292336,14,0,7 58 9,1,25,,292337,31,,,1,5,,292339,14,0,7 58 9,1,63,,292340,31,,,1,5,,292342,14,0,7 58 9,1,20,,292344,14,0,7 58 9,1,75,,292345,31,,,1,30,,292347,31,,,1,65,,292349,31,,,1,35,,292352,31,,,1,73,,292355,31,,,1,30,,292357,31,,,1,70,,292359,31,,,1,30,,292361,31,,,1,90,,292363,31,,,1,70,,292365,31,,,1,30,,292367,31,,,1,65,,292369,31,,,1,35,,292371,31,,,1,92,,292375,31,,,1,22,,292377,31,,,1,95,,292380,31,,,1,160,,292382,31,,,1,100,,292383,31,,,1,96,,292384,31,,,1
9200,'20260921',531,,323341,9,0,102 12 9,1,209,,323342,9,0,102 12 9,1,103,,323343,9,0,102 12 9,1,90,,323344,9,0,102 12 9,1,97,,323345,9,0,102 12 9,1,105,,323346,9,0,102 12 9,1,100,,323347,9,0,102 12 9,1,95,,323348,9,0,102 12 9,1,105,,323349,9,0,102 12 9,1,104,,323350,9,0,102 12 9,1,87,,323352,9,0,7 19 1 20 21 22,1,13,,323351,9,0,102 12 9,1,86,,323354,9,0,7 19 1 20 21 22,1,20,,323353,9,0,102 12 9,1,80,,323355,9,0,7 19 1 20 21 22,1,20,,323356,9,0,102 12 9,1,78,,323357,9,0,7 19 1 20 21 22,1,21,,323358,9,0,102 12 9,1,86,,323359,9,0,102 12 9,1,102,,323360,9,0,102 12 9,1,100,,323361,9,0,102 12 9,1,100,,323362,9,0,102 12 9,1,199,,323363,9,0,102 12 9,1
9200,'20260922',531,,323364,9,0,102 12 9,1,209,,323365,9,0,102 12 9,1,103,,323366,9,0,102 12 9,1,90,,323367,9,0,102 12 9,1,97,,323368,9,0,102 12 9,1,105,,323369,9,0,102 12 9,1,100,,323370,9,0,102 12 9,1,95,,323371,9,0,102 12 9,1,105,,323372,9,0,102 12 9,1,104,,323373,9,0,102 12 9,1,87,,323375,9,0,7 19 1 20 21 22,1,13,,323374,9,0,102 12 9,1,86,,323377,9,0,7 19 1 20 21 22,1,20,,323376,9,0,102 12 9,1,80,,323378,9,0,7 19 1 20 21 22,1,20,,323379,9,0,102 12 9,1,78,,323380,9,0,7 19 1 20 21 22,1,21,,323381,9,0,102 12 9,1,86,,323382,9,0,102 12 9,1,102,,323383,9,0,102 12 9,1,100,,323384,9,0,102 12 9,1,100,,323385,9,0,102 12 9,1,199,,323386,9,0,102 12 9,1
9200,'20260923',531,,323387,9,0,102 12 9,1,209,,323388,9,0,102 12 9,1,103,,323389,9,0,102 12 9,1,90,,323390,9,0,102 12 9,1,97,,323391,9,0,102 12 9,1,105,,323392,9,0,102 12 9,1,100,,323393,9,0,102 12 9,1,95,,323394,9,0,102 12 9,1,105,,323395,9,0,102 12 9,1,104,,323396,9,0,102 12 9,1,87,,323398,9,0,7 19 1 20 21 22,1,13,,323397,9,0,102 12 9,1,86,,323400,9,0,7 19 1 20 21 22,1,20,,323399,9,0,102 12 9,1,80,,323401,9,0,7 19 1 20 21 22,1,20,,323402,9,0,102 12 9,1,78,,323403,9,0,7 19 1 20 21 22,1,21,,323404,9,0,102 12 9,1,86,,323405,9,0,102 12 9,1,102,,323406,9,0,102 12 9,1,100,,323407,9,0,102 12 9,1,100,,323408,9,0,102 12 9,1,199,,323409,9,0,102 12 9,1
9200,'20260924',531,,323410,9,0,102 12 9,1,209,,323411,9,0,102 12 9,1,103,,323412,9,0,102 12 9,1,90,,323413,9,0,102 12 9,1,97,,323414,9,0,102 12 9,1,105,,323415,9,0,102 12 9,1,100,,323416,9,0,102 12 9,1,95,,323417,9,0,102 12 9,1,105,,323418,9,0,102 12 9,1,104,,323419,9,0,102 12 9,1,87,,323421,9,0,7 19 1 20 21 22,1,13,,323420,9,0,102 12 9,1,86,,323423,9,0,7 19 1 20 21 22,1,20,,323422,9,0,102 12 9,1,80,,323424,9,0,7 19 1 20 21 22,1,20,,323425,9,0,102 12 9,1,78,,323426,9,0,7 19 1 20 21 22,1,21,,323427,9,0,102 12 9,1,86,,323428,9,0,102 12 9,1,102,,323429,9,0,102 12 9,1,100,,323430,9,0,102 12 9,1,100,,323431,9,0,102 12 9,1,199,,323432,9,0,102 12 9,1
9200,'20260925',531,,323433,9,0,102 12 9,1,209,,323434,9,0,102 12 9,1,103,,323435,9,0,102 12 9,1,90,,323436,9,0,102 12 9,1,97,,323437,9,0,102 12 9,1,105,,323438,9,0,102 12 9,1,100,,323439,9,0,102 12 9,1,95,,323440,9,0,102 12 9,1,105,,323441,9,0,102 12 9,1,104,,323442,9,0,102 12 9,1,87,,323444,9,0,7 19 1 20 21 22,1,13,,323443,9,0,102 12 9,1,86,,323446,9,0,7 19 1 20 21 22,1,20,,323445,9,0,102 12 9,1,80,,323447,9,0,7 19 1 20 21 22,1,20,,323448,9,0,102 12 9,1,78,,323449,9,0,7 19 1 20 21 22,1,21,,323450,9,0,102 12 9,1,86,,323451,9,0,102 12 9,1,102,,323452,9,0,102 12 9,1,100,,323453,9,0,102 12 9,1,100,,323454,9,0,102 12 9,1,199,,323455,9,0,102 12 9,1
9200,'20260926',736,,323456,9,0,102 12 9,1,101,,323457,9,0,102 12 9,1,105,,323458,9,0,102 12 9,1,98,,323459,9,0,102 12 9,1,100,,323460,9,0,102 12 9,1,100,,323461,9,0,102 12 9,1,100,,323462,9,0,102 12 9,1,103,,323463,9,0,102 12 9,1,100,,323464,9,0,102 12 9,1,100,,323465,9,0,102 12 9,1,105,,323466,9,0,102 12 9,1,97,,323467,9,0,102 12 9,1,100,,323468,9,0,102 12 9,1,98,,323469,9,0,102 12 9,1,99,,323470,9,0,102 12 9,1,100,,323471,9,0,102 12 9,1,99,,323472,9,0,102 12 9,1,200,,323473,9,0,102 12 9,1
9200,'20260927',736,,323474,9,0,102 12 9,1,101,,323475,9,0,102 12 9,1,105,,323476,9,0,102 12 9,1,98,,323477,9,0,102 12 9,1,100,,323478,9,0,102 12 9,1,100,,323479,9,0,102 12 9,1,100,,323480,9,0,102 12 9,1,103,,323481,9,0,102 12 9,1,100,,323482,9,0,102 12 9,1,100,,323483,9,0,102 12 9,1,105,,323484,9,0,102 12 9,1,97,,323485,9,0,102 12 9,1,100,,323486,9,0,102 12 9,1,98,,323487,9,0,102 12 9,1,99,,323488,9,0,102 12 9,1,100,,323489,9,0,102 12 9,1,99,,323490,9,0,102 12 9,1,200,,323491,9,0,102 12 9,1
9200,'20260928',531,,323492,9,0,102 12 9,1,209,,323493,9,0,102 12 9,1,103,,323494,9,0,102 12 9,1,90,,323495,9,0,102 12 9,1,97,,323496,9,0,102 12 9,1,105,,323497,9,0,102 12 9,1,100,,323498,9,0,102 12 9,1,95,,323499,9,0,102 12 9,1,105,,323500,9,0,102 12 9,1,104,,323501,9,0,102 12 9,1,87,,323503,9,0,7 19 1 20 21 22,1,13,,323502,9,0,102 12 9,1,86,,323505,9,0,7 19 1 20 21 22,1,20,,323504,9,0,102 12 9,1,80,,323506,9,0,7 19 1 20 21 22,1,20,,323507,9,0,102 12 9,1,78,,323508,9,0,7 19 1 20 21 22,1,21,,323509,9,0,102 12 9,1,86,,323510,9,0,102 12 9,1,102,,323511,9,0,102 12 9,1,100,,323512,9,0,102 12 9,1,100,,323513,9,0,102 12 9,1,199,,323514,9,0,102 12 9,1
9200,'20260929',531,,323515,9,0,102 12 9,1,209,,323516,9,0,102 12 9,1,103,,323517,9,0,102 12 9,1,90,,323518,9,0,102 12 9,1,97,,323519,9,0,102 12 9,1,105,,323520,9,0,102 12 9,1,100,,323521,9,0,102 12 9,1,95,,323522,9,0,102 12 9,1,105,,323523,9,0,102 12 9,1,104,,323524,9,0,102 12 9,1,87,,323526,9,0,7 19 1 20 21 22,1,13,,323525,9,0,102 12 9,1,86,,323528,9,0,7 19 1 20 21 22,1,20,,323527,9,0,102 12 9,1,80,,323529,9,0,7 19 1 20 21 22,1,20,,323530,9,0,102 12 9,1,78,,323531,9,0,7 19 1 20 21 22,1,21,,323532,9,0,102 12 9,1,86,,323533,9,0,102 12 9,1,102,,323534,9,0,102 12 9,1,100,,323535,9,0,102 12 9,1,100,,323536,9,0,102 12 9,1,199,,323537,9,0,102 12 9,1
9200,'20260930',531,,323538,9,0,102 12 9,1,209,,323539,9,0,102 12 9,1,103,,323540,9,0,102 12 9,1,90,,323541,9,0,102 12 9,1,97,,323542,9,0,102 12 9,1,105,,323543,9,0,102 12 9,1,100,,323544,9,0,102 12 9,1,95,,323545,9,0,102 12 9,1,105,,323546,9,0,102 12 9,1,104,,323547,9,0,102 12 9,1,87,,323549,9,0,7 19 1 20 21 22,1,13,,323548,9,0,102 12 9,1,86,,323551,9,0,7 19 1 20 21 22,1,20,,323550,9,0,102 12 9,1,80,,323552,9,0,7 19 1 20 21 22,1,20,,323553,9,0,102 12 9,1,78,,323554,9,0,7 19 1 20 21 22,1,21,,323555,9,0,102 12 9,1,86,,323556,9,0,102 12 9,1,102,,323557,9,0,102 12 9,1,100,,323558,9,0,102 12 9,1,100,,323559,9,0,102 12 9,1,199,,323560,9,0,102 12 9,1
9200,'20261001',531,,323561,9,0,102 12 9,1,209,,323562,9,0,102 12 9,1,103,,323563,9,0,102 12 9,1,90,,323564,9,0,102 12 9,1,97,,323565,9,0,102 12 9,1,105,,323566,9,0,102 12 9,1,100,,323567,9,0,102 12 9,1,95,,323568,9,0,102 12 9,1,105,,323569,9,0,102 12 9,1,104,,323570,9,0,102 12 9,1,87,,323572,9,0,7 19 1 20 21 22,1,13,,323571,9,0,102 12 9,1,86,,323574,9,0,7 19 1 20 21 22,1,20,,323573,9,0,102 12 9,1,80,,323575,9,0,7 19 1 20 21 22,1,20,,323576,9,0,102 12 9,1,78,,323577,9,0,7 19 1 20 21 22,1,21,,323578,9,0,102 12 9,1,86,,323579,9,0,102 12 9,1,102,,323580,9,0,102 12 9,1,100,,323581,9,0,102 12 9,1,100,,323582,9,0,102 12 9,1,199,,323583,9,0,102 12 9,1
9200,'20261002',531,,323584,9,0,102 12 9,1,209,,323585,9,0,102 12 9,1,103,,323586,9,0,102 12 9,1,90,,323587,9,0,102 12 9,1,97,,323588,9,0,102 12 9,1,105,,323589,9,0,102 12 9,1,100,,323590,9,0,102 12 9,1,95,,323591,9,0,102 12 9,1,105,,323592,9,0,102 12 9,1,104,,323593,9,0,102 12 9,1,87,,323595,9,0,7 19 1 20 21 22,1,13,,323594,9,0,102 12 9,1,86,,323597,9,0,7 19 1 20 21 22,1,20,,323596,9,0,102 12 9,1,80,,323598,9,0,7 19 1 20 21 22,1,20,,323599,9,0,102 12 9,1,78,,323600,9,0,7 19 1 20 21 22,1,21,,323601,9,0,102 12 9,1,86,,323602,9,0,102 12 9,1,102,,323603,9,0,102 12 9,1,100,,323604,9,0,102 12 9,1,100,,323605,9,0,102 12 9,1,199,,323606,9,0,102 12 9,1
9200,'20261003',736,,323607,9,0,102 12 9,1,101,,323608,9,0,102 12 9,1,105,,323609,9,0,102 12 9,1,98,,323610,9,0,102 12 9,1,100,,323611,9,0,102 12 9,1,100,,323612,9,0,102 12 9,1,100,,323613,9,0,102 12 9,1,103,,323614,9,0,102 12 9,1,100,,323615,9,0,102 12 9,1,100,,323616,9,0,102 12 9,1,105,,323617,9,0,102 12 9,1,97,,323618,9,0,102 12 9,1,100,,323619,9,0,102 12 9,1,98,,323620,9,0,102 12 9,1,99,,323621,9,0,102 12 9,1,100,,323622,9,0,102 12 9,1,99,,323623,9,0,102 12 9,1,200,,323624,9,0,102 12 9,1
9200,'20261004',736,,323625,9,0,102 12 9,1,101,,323626,9,0,102 12 9,1,105,,323627,9,0,102 12 9,1,98,,323628,9,0,102 12 9,1,100,,323629,9,0,102 12 9,1,100,,323630,9,0,102 12 9,1,100,,323631,9,0,102 12 9,1,103,,323632,9,0,102 12 9,1,100,,323633,9,0,102 12 9,1,100,,323634,9,0,102 12 9,1,105,,323635,9,0,102 12 9,1,97,,323636,9,0,102 12 9,1,100,,323637,9,0,102 12 9,1,98,,323638,9,0,102 12 9,1,99,,323639,9,0,102 12 9,1,100,,323640,9,0,102 12 9,1,99,,323641,9,0,102 12 9,1,200,,323642,9,0,102 12 9,1
9200,'20261005',531,,323643,9,0,102 12 9,1,209,,323644,9,0,102 12 9,1,103,,323645,9,0,102 12 9,1,90,,323646,9,0,102 12 9,1,97,,323647,9,0,102 12 9,1,105,,323648,9,0,102 12 9,1,100,,323649,9,0,102 12 9,1,95,,323650,9,0,102 12 9,1,105,,323651,9,0,102 12 9,1,104,,323652,9,0,102 12 9,1,87,,323654,9,0,7 19 1 20 21 22,1,13,,323653,9,0,102 12 9,1,86,,323656,9,0,7 19 1 20 21 22,1,20,,323655,9,0,102 12 9,1,80,,323657,9,0,7 19 1 20 21 22,1,20,,323658,9,0,102 12 9,1,78,,323659,9,0,7 19 1 20 21 22,1,21,,323660,9,0,102 12 9,1,86,,323661,9,0,102 12 9,1,102,,323662,9,0,102 12 9,1,100,,323663,9,0,102 12 9,1,100,,323664,9,0,102 12 9,1,199,,323665,9,0,102 12 9,1
9200,'20261006',531,,323666,9,0,102 12 9,1,209,,323667,9,0,102 12 9,1,103,,323668,9,0,102 12 9,1,90,,323669,9,0,102 12 9,1,97,,323670,9,0,102 12 9,1,105,,323671,9,0,102 12 9,1,100,,323672,9,0,102 12 9,1,95,,323673,9,0,102 12 9,1,105,,323674,9,0,102 12 9,1,104,,323675,9,0,102 12 9,1,87,,323677,9,0,7 19 1 20 21 22,1,13,,323676,9,0,102 12 9,1,86,,323679,9,0,7 19 1 20 21 22,1,20,,323678,9,0,102 12 9,1,80,,323680,9,0,7 19 1 20 21 22,1,20,,323681,9,0,102 12 9,1,78,,323682,9,0,7 19 1 20 21 22,1,21,,323683,9,0,102 12 9,1,86,,323684,9,0,102 12 9,1,102,,323685,9,0,102 12 9,1,100,,323686,9,0,102 12 9,1,100,,323687,9,0,102 12 9,1,199,,323688,9,0,102 12 9,1
9200,'20261007',531,,323689,9,0,102 12 9,1,209,,323690,9,0,102 12 9,1,103,,323691,9,0,102 12 9,1,90,,323692,9,0,102 12 9,1,97,,323693,9,0,102 12 9,1,105,,323694,9,0,102 12 9,1,100,,323695,9,0,102 12 9,1,95,,323696,9,0,102 12 9,1,105,,323697,9,0,102 12 9,1,104,,323698,9,0,102 12 9,1,87,,323700,9,0,7 19 1 20 21 22,1,13,,323699,9,0,102 12 9,1,86,,323702,9,0,7 19 1 20 21 22,1,20,,323701,9,0,102 12 9,1,80,,323703,9,0,7 19 1 20 21 22,1,20,,323704,9,0,102 12 9,1,78,,323705,9,0,7 19 1 20 21 22,1,21,,323706,9,0,102 12 9,1,86,,323707,9,0,102 12 9,1,102,,323708,9,0,102 12 9,1,100,,323709,9,0,102 12 9,1,100,,323710,9,0,102 12 9,1,199,,323711,9,0,102 12 9,1
9200,'20261008',531,,323712,9,0,102 12 9,1,209,,323713,9,0,102 12 9,1,103,,323714,9,0,102 12 9,1,90,,323715,9,0,102 12 9,1,97,,323716,9,0,102 12 9,1,105,,323717,9,0,102 12 9,1,100,,323718,9,0,102 12 9,1,95,,323719,9,0,102 12 9,1,105,,323720,9,0,102 12 9,1,104,,323721,9,0,102 12 9,1,87,,323723,9,0,7 19 1 20 21 22,1,13,,323722,9,0,102 12 9,1,86,,323725,9,0,7 19 1 20 21 22,1,20,,323724,9,0,102 12 9,1,80,,323726,9,0,7 19 1 20 21 22,1,20,,323727,9,0,102 12 9,1,78,,323728,9,0,7 19 1 20 21 22,1,21,,323729,9,0,102 12 9,1,86,,323730,9,0,102 12 9,1,102,,323731,9,0,102 12 9,1,100,,323732,9,0,102 12 9,1,100,,323733,9,0,102 12 9,1,199,,323734,9,0,102 12 9,1
9200,'20261009',531,,323735,9,0,102 12 9,1,209,,323736,9,0,102 12 9,1,103,,323737,9,0,102 12 9,1,90,,323738,9,0,102 12 9,1,97,,323739,9,0,102 12 9,1,105,,323740,9,0,102 12 9,1,100,,323741,9,0,102 12 9,1,95,,323742,9,0,102 12 9,1,105,,323743,9,0,102 12 9,1,104,,323744,9,0,102 12 9,1,87,,323746,9,0,7 19 1 20 21 22,1,13,,323745,9,0,102 12 9,1,86,,323748,9,0,7 19 1 20 21 22,1,20,,323747,9,0,102 12 9,1,80,,323749,9,0,7 19 1 20 21 22,1,20,,323750,9,0,102 12 9,1,78,,323751,9,0,7 19 1 20 21 22,1,21,,323752,9,0,102 12 9,1,86,,323753,9,0,102 12 9,1,102,,323754,9,0,102 12 9,1,100,,323755,9,0,102 12 9,1,100,,323756,9,0,102 12 9,1,199,,323757,9,0,102 12 9,1
9200,'20261010',736,,323758,9,0,102 12 9,1,101,,323759,9,0,102 12 9,1,105,,323760,9,0,102 12 9,1,98,,323761,9,0,102 12 9,1,100,,323762,9,0,102 12 9,1,100,,323763,9,0,102 12 9,1,100,,323764,9,0,102 12 9,1,103,,323765,9,0,102 12 9,1,100,,323766,9,0,102 12 9,1,100,,323767,9,0,102 12 9,1,105,,323768,9,0,102 12 9,1,97,,323769,9,0,102 12 9,1,100,,323770,9,0,102 12 9,1,98,,323771,9,0,102 12 9,1,99,,323772,9,0,102 12 9,1,100,,323773,9,0,102 12 9,1,99,,323774,9,0,102 12 9,1,200,,323775,9,0,102 12 9,1
9200,'20261011',736,,323776,9,0,102 12 9,1,101,,323777,9,0,102 12 9,1,105,,323778,9,0,102 12 9,1,98,,323779,9,0,102 12 9,1,100,,323780,9,0,102 12 9,1,100,,323781,9,0,102 12 9,1,100,,323782,9,0,102 12 9,1,103,,323783,9,0,102 12 9,1,100,,323784,9,0,102 12 9,1,100,,323785,9,0,102 12 9,1,105,,323786,9,0,102 12 9,1,97,,323787,9,0,102 12 9,1,100,,323788,9,0,102 12 9,1,98,,323789,9,0,102 12 9,1,99,,323790,9,0,102 12 9,1,100,,323791,9,0,102 12 9,1,99,,323792,9,0,102 12 9,1,200,,323793,9,0,102 12 9,1
9200,'20261012',736,,323794,9,0,102 12 9,1,101,,323795,9,0,102 12 9,1,105,,323796,9,0,102 12 9,1,98,,323797,9,0,102 12 9,1,100,,323798,9,0,102 12 9,1,100,,323799,9,0,102 12 9,1,100,,323800,9,0,102 12 9,1,103,,323801,9,0,102 12 9,1,100,,323802,9,0,102 12 9,1,100,,323803,9,0,102 12 9,1,105,,323804,9,0,102 12 9,1,97,,323805,9,0,102 12 9,1,100,,323806,9,0,102 12 9,1,98,,323807,9,0,102 12 9,1,99,,323808,9,0,102 12 9,1,100,,323809,9,0,102 12 9,1,99,,323810,9,0,102 12 9,1,200,,323811,9,0,102 12 9,1
9200,'20261013',531,,323812,9,0,102 12 9,1,209,,323813,9,0,102 12 9,1,103,,323814,9,0,102 12 9,1,90,,323815,9,0,102 12 9,1,97,,323816,9,0,102 12 9,1,105,,323817,9,0,102 12 9,1,100,,323818,9,0,102 12 9,1,95,,323819,9,0,102 12 9,1,105,,323820,9,0,102 12 9,1,104,,323821,9,0,102 12 9,1,87,,323823,9,0,7 19 1 20 21 22,1,13,,323822,9,0,102 12 9,1,86,,323825,9,0,7 19 1 20 21 22,1,20,,323824,9,0,102 12 9,1,80,,323826,9,0,7 19 1 20 21 22,1,20,,323827,9,0,102 12 9,1,78,,323828,9,0,7 19 1 20 21 22,1,21,,323829,9,0,102 12 9,1,86,,323830,9,0,102 12 9,1,102,,323831,9,0,102 12 9,1,100,,323832,9,0,102 12 9,1,100,,323833,9,0,102 12 9,1,199,,323834,9,0,102 12 9,1
9200,'20261014',531,,323835,9,0,102 12 9,1,209,,323836,9,0,102 12 9,1,103,,323837,9,0,102 12 9,1,90,,323838,9,0,102 12 9,1,97,,323839,9,0,102 12 9,1,105,,323840,9,0,102 12 9,1,100,,323841,9,0,102 12 9,1,95,,323842,9,0,102 12 9,1,105,,323843,9,0,102 12 9,1,104,,323844,9,0,102 12 9,1,87,,323846,9,0,7 19 1 20 21 22,1,13,,323845,9,0,102 12 9,1,86,,323848,9,0,7 19 1 20 21 22,1,20,,323847,9,0,102 12 9,1,80,,323849,9,0,7 19 1 20 21 22,1,20,,323850,9,0,102 12 9,1,78,,323851,9,0,7 19 1 20 21 22,1,21,,323852,9,0,102 12 9,1,86,,323853,9,0,102 12 9,1,102,,323854,9,0,102 12 9,1,100,,323855,9,0,102 12 9,1,100,,323856,9,0,102 12 9,1,199,,323857,9,0,102 12 9,1
9200,'20261015',531,,323858,9,0,102 12 9,1,209,,323859,9,0,102 12 9,1,103,,323860,9,0,102 12 9,1,90,,323861,9,0,102 12 9,1,97,,323862,9,0,102 12 9,1,105,,323863,9,0,102 12 9,1,100,,323864,9,0,102 12 9,1,95,,323865,9,0,102 12 9,1,105,,323866,9,0,102 12 9,1,104,,323867,9,0,102 12 9,1,87,,323869,9,0,7 19 1 20 21 22,1,13,,323868,9,0,102 12 9,1,86,,323871,9,0,7 19 1 20 21 22,1,20,,323870,9,0,102 12 9,1,80,,323872,9,0,7 19 1 20 21 22,1,20,,323873,9,0,102 12 9,1,78,,323874,9,0,7 19 1 20 21 22,1,21,,323875,9,0,102 12 9,1,86,,323876,9,0,102 12 9,1,102,,323877,9,0,102 12 9,1,100,,323878,9,0,102 12 9,1,100,,323879,9,0,102 12 9,1,199,,323880,9,0,102 12 9,1
9200,'20261016',531,,323881,9,0,102 12 9,1,209,,323882,9,0,102 12 9,1,103,,323883,9,0,102 12 9,1,90,,323884,9,0,102 12 9,1,97,,323885,9,0,102 12 9,1,105,,323886,9,0,102 12 9,1,100,,323887,9,0,102 12 9,1,95,,323888,9,0,102 12 9,1,105,,323889,9,0,102 12 9,1,104,,323890,9,0,102 12 9,1,87,,323892,9,0,7 19 1 20 21 22,1,13,,323891,9,0,102 12 9,1,86,,323894,9,0,7 19 1 20 21 22,1,20,,323893,9,0,102 12 9,1,80,,323895,9,0,7 19 1 20 21 22,1,20,,323896,9,0,102 12 9,1,78,,323897,9,0,7 19 1 20 21 22,1,21,,323898,9,0,102 12 9,1,86,,323899,9,0,102 12 9,1,102,,323900,9,0,102 12 9,1,100,,323901,9,0,102 12 9,1,100,,323902,9,0,102 12 9,1,199,,323903,9,0,102 12 9,1
9200,'20261017',736,,323904,9,0,102 12 9,1,101,,323905,9,0,102 12 9,1,105,,323906,9,0,102 12 9,1,98,,323907,9,0,102 12 9,1,100,,323908,9,0,102 12 9,1,100,,323909,9,0,102 12 9,1,100,,323910,9,0,102 12 9,1,103,,323911,9,0,102 12 9,1,100,,323912,9,0,102 12 9,1,100,,323913,9,0,102 12 9,1,105,,323914,9,0,102 12 9,1,97,,323915,9,0,102 12 9,1,100,,323916,9,0,102 12 9,1,98,,323917,9,0,102 12 9,1,99,,323918,9,0,102 12 9,1,100,,323919,9,0,102 12 9,1,99,,323920,9,0,102 12 9,1,200,,323921,9,0,102 12 9,1
9200,'20261018',736,,323922,9,0,102 12 9,1,101,,323923,9,0,102 12 9,1,105,,323924,9,0,102 12 9,1,98,,323925,9,0,102 12 9,1,100,,323926,9,0,102 12 9,1,100,,323927,9,0,102 12 9,1,100,,323928,9,0,102 12 9,1,103,,323929,9,0,102 12 9,1,100,,323930,9,0,102 12 9,1,100,,323931,9,0,102 12 9,1,105,,323932,9,0,102 12 9,1,97,,323933,9,0,102 12 9,1,100,,323934,9,0,102 12 9,1,98,,323935,9,0,102 12 9,1,99,,323936,9,0,102 12 9,1,100,,323937,9,0,102 12 9,1,99,,323938,9,0,102 12 9,1,200,,323939,9,0,102 12 9,1
9200,'20261019',531,,323940,9,0,102 12 9,1,209,,323941,9,0,102 12 9,1,103,,323942,9,0,102 12 9,1,90,,323943,9,0,102 12 9,1,97,,323944,9,0,102 12 9,1,105,,323945,9,0,102 12 9,1,100,,323946,9,0,102 12 9,1,95,,323947,9,0,102 12 9,1,105,,323948,9,0,102 12 9,1,104,,323949,9,0,102 12 9,1,87,,323951,9,0,7 19 1 20 21 22,1,13,,323950,9,0,102 12 9,1,86,,323953,9,0,7 19 1 20 21 22,1,20,,323952,9,0,102 12 9,1,80,,323954,9,0,7 19 1 20 21 22,1,20,,323955,9,0,102 12 9,1,78,,323956,9,0,7 19 1 20 21 22,1,21,,323957,9,0,102 12 9,1,86,,323958,9,0,102 12 9,1,102,,323959,9,0,102 12 9,1,100,,323960,9,0,102 12 9,1,100,,323961,9,0,102 12 9,1,199,,323962,9,0,102 12 9,1
9200,'20261020',531,,323963,9,0,102 12 9,1,209,,323964,9,0,102 12 9,1,103,,323965,9,0,102 12 9,1,90,,323966,9,0,102 12 9,1,97,,323967,9,0,102 12 9,1,105,,323968,9,0,102 12 9,1,100,,323969,9,0,102 12 9,1,95,,323970,9,0,102 12 9,1,105,,323971,9,0,102 12 9,1,104,,323972,9,0,102 12 9,1,87,,323974,9,0,7 19 1 20 21 22,1,13,,323973,9,0,102 12 9,1,86,,323976,9,0,7 19 1 20 21 22,1,20,,323975,9,0,102 12 9,1,80,,323977,9,0,7 19 1 20 21 22,1,20,,323978,9,0,102 12 9,1,78,,323979,9,0,7 19 1 20 21 22,1,21,,323980,9,0,102 12 9,1,86,,323981,9,0,102 12 9,1,102,,323982,9,0,102 12 9,1,100,,323983,9,0,102 12 9,1,100,,323984,9,0,102 12 9,1,199,,323985,9,0,102 12 9,1
9200,'20261021',531,,323986,9,0,102 12 9,1,209,,323987,9,0,102 12 9,1,103,,323988,9,0,102 12 9,1,90,,323989,9,0,102 12 9,1,97,,323990,9,0,102 12 9,1,105,,323991,9,0,102 12 9,1,100,,323992,9,0,102 12 9,1,95,,323993,9,0,102 12 9,1,105,,323994,9,0,102 12 9,1,104,,323995,9,0,102 12 9,1,87,,323997,9,0,7 19 1 20 21 22,1,13,,323996,9,0,102 12 9,1,86,,323999,9,0,7 19 1 20 21 22,1,20,,323998,9,0,102 12 9,1,80,,324000,9,0,7 19 1 20 21 22,1,20,,324001,9,0,102 12 9,1,78,,324002,9,0,7 19 1 20 21 22,1,21,,324003,9,0,102 12 9,1,86,,324004,9,0,102 12 9,1,102,,324005,9,0,102 12 9,1,100,,324006,9,0,102 12 9,1,100,,324007,9,0,102 12 9,1,199,,324008,9,0,102 12 9,1
9200,'20261022',531,,324009,9,0,102 12 9,1,209,,324010,9,0,102 12 9,1,103,,324011,9,0,102 12 9,1,90,,324012,9,0,102 12 9,1,97,,324013,9,0,102 12 9,1,105,,324014,9,0,102 12 9,1,100,,324015,9,0,102 12 9,1,95,,324016,9,0,102 12 9,1,105,,324017,9,0,102 12 9,1,104,,324018,9,0,102 12 9,1,87,,324020,9,0,7 19 1 20 21 22,1,13,,324019,9,0,102 12 9,1,86,,324022,9,0,7 19 1 20 21 22,1,20,,324021,9,0,102 12 9,1,80,,324023,9,0,7 19 1 20 21 22,1,20,,324024,9,0,102 12 9,1,78,,324025,9,0,7 19 1 20 21 22,1,21,,324026,9,0,102 12 9,1,86,,324027,9,0,102 12 9,1,102,,324028,9,0,102 12 9,1,100,,324029,9,0,102 12 9,1,100,,324030,9,0,102 12 9,1,199,,324031,9,0,102 12 9,1
9200,'20261023',531,,324032,9,0,102 12 9,1,209,,324033,9,0,102 12 9,1,103,,324034,9,0,102 12 9,1,90,,324035,9,0,102 12 9,1,97,,324036,9,0,102 12 9,1,105,,324037,9,0,102 12 9,1,100,,324038,9,0,102 12 9,1,95,,324039,9,0,102 12 9,1,105,,324040,9,0,102 12 9,1,104,,324041,9,0,102 12 9,1,87,,324043,9,0,7 19 1 20 21 22,1,13,,324042,9,0,102 12 9,1,86,,324045,9,0,7 19 1 20 21 22,1,20,,324044,9,0,102 12 9,1,80,,324046,9,0,7 19 1 20 21 22,1,20,,324047,9,0,102 12 9,1,78,,324048,9,0,7 19 1 20 21 22,1,21,,324049,9,0,102 12 9,1,86,,324050,9,0,102 12 9,1,102,,324051,9,0,102 12 9,1,100,,324052,9,0,102 12 9,1,100,,324053,9,0,102 12 9,1,199,,324054,9,0,102 12 9,1
9200,'20261024',736,,324055,9,0,102 12 9,1,101,,324056,9,0,102 12 9,1,105,,324057,9,0,102 12 9,1,98,,324058,9,0,102 12 9,1,100,,324059,9,0,102 12 9,1,100,,324060,9,0,102 12 9,1,100,,324061,9,0,102 12 9,1,103,,324062,9,0,102 12 9,1,100,,324063,9,0,102 12 9,1,100,,324064,9,0,102 12 9,1,105,,324065,9,0,102 12 9,1,97,,324066,9,0,102 12 9,1,100,,324067,9,0,102 12 9,1,98,,324068,9,0,102 12 9,1,99,,324069,9,0,102 12 9,1,100,,324070,9,0,102 12 9,1,99,,324071,9,0,102 12 9,1,200,,324072,9,0,102 12 9,1
9200,'20261025',736,,324073,9,0,102 12 9,1,101,,324074,9,0,102 12 9,1,105,,324075,9,0,102 12 9,1,98,,324076,9,0,102 12 9,1,100,,324077,9,0,102 12 9,1,100,,324078,9,0,102 12 9,1,100,,324079,9,0,102 12 9,1,103,,324080,9,0,102 12 9,1,100,,324081,9,0,102 12 9,1,100,,324082,9,0,102 12 9,1,105,,324083,9,0,102 12 9,1,97,,324084,9,0,102 12 9,1,100,,324085,9,0,102 12 9,1,98,,324086,9,0,102 12 9,1,99,,324087,9,0,102 12 9,1,100,,324088,9,0,102 12 9,1,99,,324089,9,0,102 12 9,1,200,,324090,9,0,102 12 9,1
9200,'20261026',531,,324091,9,0,102 12 9,1,209,,324092,9,0,102 12 9,1,103,,324093,9,0,102 12 9,1,90,,324094,9,0,102 12 9,1,97,,324095,9,0,102 12 9,1,105,,324096,9,0,102 12 9,1,100,,324097,9,0,102 12 9,1,95,,324098,9,0,102 12 9,1,105,,324099,9,0,102 12 9,1,104,,324100,9,0,102 12 9,1,87,,324102,9,0,7 19 1 20 21 22,1,13,,324101,9,0,102 12 9,1,86,,324104,9,0,7 19 1 20 21 22,1,20,,324103,9,0,102 12 9,1,80,,324105,9,0,7 19 1 20 21 22,1,20,,324106,9,0,102 12 9,1,78,,324107,9,0,7 19 1 20 21 22,1,21,,324108,9,0,102 12 9,1,86,,324109,9,0,102 12 9,1,102,,324110,9,0,102 12 9,1,100,,324111,9,0,102 12 9,1,100,,324112,9,0,102 12 9,1,199,,324113,9,0,102 12 9,1
9200,'20261027',531,,324114,9,0,102 12 9,1,209,,324115,9,0,102 12 9,1,103,,324116,9,0,102 12 9,1,90,,324117,9,0,102 12 9,1,97,,324118,9,0,102 12 9,1,105,,324119,9,0,102 12 9,1,100,,324120,9,0,102 12 9,1,95,,324121,9,0,102 12 9,1,105,,324122,9,0,102 12 9,1,104,,324123,9,0,102 12 9,1,87,,324125,9,0,7 19 1 20 21 22,1,13,,324124,9,0,102 12 9,1,86,,324127,9,0,7 19 1 20 21 22,1,20,,324126,9,0,102 12 9,1,80,,324128,9,0,7 19 1 20 21 22,1,20,,324129,9,0,102 12 9,1,78,,324130,9,0,7 19 1 20 21 22,1,21,,324131,9,0,102 12 9,1,86,,324132,9,0,102 12 9,1,102,,324133,9,0,102 12 9,1,100,,324134,9,0,102 12 9,1,100,,324135,9,0,102 12 9,1,199,,324136,9,0,102 12 9,1
9200,'20261028',531,,324137,9,0,102 12 9,1,209,,324138,9,0,102 12 9,1,103,,324139,9,0,102 12 9,1,90,,324140,9,0,102 12 9,1,97,,324141,9,0,102 12 9,1,105,,324142,9,0,102 12 9,1,100,,324143,9,0,102 12 9,1,95,,324144,9,0,102 12 9,1,105,,324145,9,0,102 12 9,1,104,,324146,9,0,102 12 9,1,87,,324148,9,0,7 19 1 20 21 22,1,13,,324147,9,0,102 12 9,1,86,,324150,9,0,7 19 1 20 21 22,1,20,,324149,9,0,102 12 9,1,80,,324151,9,0,7 19 1 20 21 22,1,20,,324152,9,0,102 12 9,1,78,,324153,9,0,7 19 1 20 21 22,1,21,,324154,9,0,102 12 9,1,86,,324155,9,0,102 12 9,1,102,,324156,9,0,102 12 9,1,100,,324157,9,0,102 12 9,1,100,,324158,9,0,102 12 9,1,199,,324159,9,0,102 12 9,1
9200,'20261029',531,,324160,9,0,102 12 9,1,209,,324161,9,0,102 12 9,1,103,,324162,9,0,102 12 9,1,90,,324163,9,0,102 12 9,1,97,,324164,9,0,102 12 9,1,105,,324165,9,0,102 12 9,1,100,,324166,9,0,102 12 9,1,95,,324167,9,0,102 12 9,1,105,,324168,9,0,102 12 9,1,104,,324169,9,0,102 12 9,1,87,,324171,9,0,7 19 1 20 21 22,1,13,,324170,9,0,102 12 9,1,86,,324173,9,0,7 19 1 20 21 22,1,20,,324172,9,0,102 12 9,1,80,,324174,9,0,7 19 1 20 21 22,1,20,,324175,9,0,102 12 9,1,78,,324176,9,0,7 19 1 20 21 22,1,21,,324177,9,0,102 12 9,1,86,,324178,9,0,102 12 9,1,102,,324179,9,0,102 12 9,1,100,,324180,9,0,102 12 9,1,100,,324181,9,0,102 12 9,1,199,,324182,9,0,102 12 9,1
9200,'20261030',531,,324183,9,0,102 12 9,1,209,,324184,9,0,102 12 9,1,103,,324185,9,0,102 12 9,1,90,,324186,9,0,102 12 9,1,97,,324187,9,0,102 12 9,1,105,,324188,9,0,102 12 9,1,100,,324189,9,0,102 12 9,1,95,,324190,9,0,102 12 9,1,105,,324191,9,0,102 12 9,1,104,,324192,9,0,102 12 9,1,87,,324194,9,0,7 19 1 20 21 22,1,13,,324193,9,0,102 12 9,1,86,,324196,9,0,7 19 1 20 21 22,1,20,,324195,9,0,102 12 9,1,80,,324197,9,0,7 19 1 20 21 22,1,20,,324198,9,0,102 12 9,1,78,,324199,9,0,7 19 1 20 21 22,1,21,,324200,9,0,102 12 9,1,86,,324201,9,0,102 12 9,1,102,,324202,9,0,102 12 9,1,100,,324203,9,0,102 12 9,1,100,,324204,9,0,102 12 9,1,199,,324205,9,0,102 12 9,1
9200,'20261031',736,,324206,9,0,102 12 9,1,101,,324207,9,0,102 12 9,1,105,,324208,9,0,102 12 9,1,98,,324209,9,0,102 12 9,1,100,,324210,9,0,102 12 9,1,100,,324211,9,0,102 12 9,1,100,,324212,9,0,102 12 9,1,103,,324213,9,0,102 12 9,1,100,,324214,9,0,102 12 9,1,100,,324215,9,0,102 12 9,1,105,,324216,9,0,102 12 9,1,97,,324217,9,0,102 12 9,1,100,,324218,9,0,102 12 9,1,98,,324219,9,0,102 12 9,1,99,,324220,9,0,102 12 9,1,100,,324221,9,0,102 12 9,1,99,,324222,9,0,102 12 9,1,200,,324223,9,0,102 12 9,1
9200,'20261101',736,,324224,9,0,102 12 9,1,101,,324225,9,0,102 12 9,1,105,,324226,9,0,102 12 9,1,98,,324227,9,0,102 12 9,1,100,,324228,9,0,102 12 9,1,100,,324229,9,0,102 12 9,1,100,,324230,9,0,102 12 9,1,103,,324231,9,0,102 12 9,1,100,,324232,9,0,102 12 9,1,100,,324233,9,0,102 12 9,1,105,,324234,9,0,102 12 9,1,97,,324235,9,0,102 12 9,1,100,,324236,9,0,102 12 9,1,98,,324237,9,0,102 12 9,1,99,,324238,9,0,102 12 9,1,100,,324239,9,0,102 12 9,1,99,,324240,9,0,102 12 9,1,200,,324241,9,0,102 12 9,1
9200,'20261102',531,,324242,9,0,102 12 9,1,209,,324243,9,0,102 12 9,1,103,,324244,9,0,102 12 9,1,90,,324245,9,0,102 12 9,1,97,,324246,9,0,102 12 9,1,105,,324247,9,0,102 12 9,1,100,,324248,9,0,102 12 9,1,95,,324249,9,0,102 12 9,1,105,,324250,9,0,102 12 9,1,104,,324251,9,0,102 12 9,1,87,,324253,9,0,7 19 1 20 21 22,1,13,,324252,9,0,102 12 9,1,86,,324255,9,0,7 19 1 20 21 22,1,20,,324254,9,0,102 12 9,1,80,,324256,9,0,7 19 1 20 21 22,1,20,,324257,9,0,102 12 9,1,78,,324258,9,0,7 19 1 20 21 22,1,21,,324259,9,0,102 12 9,1,86,,324260,9,0,102 12 9,1,102,,324261,9,0,102 12 9,1,100,,324262,9,0,102 12 9,1,100,,324263,9,0,102 12 9,1,199,,324264,9,0,102 12 9,1
9200,'20261103',531,,324265,9,0,102 12 9,1,209,,324266,9,0,102 12 9,1,103,,324267,9,0,102 12 9,1,90,,324268,9,0,102 12 9,1,97,,324269,9,0,102 12 9,1,105,,324270,9,0,102 12 9,1,100,,324271,9,0,102 12 9,1,95,,324272,9,0,102 12 9,1,105,,324273,9,0,102 12 9,1,104,,324274,9,0,102 12 9,1,87,,324276,9,0,7 19 1 20 21 22,1,13,,324275,9,0,102 12 9,1,86,,324278,9,0,7 19 1 20 21 22,1,20,,324277,9,0,102 12 9,1,80,,324279,9,0,7 19 1 20 21 22,1,20,,324280,9,0,102 12 9,1,78,,324281,9,0,7 19 1 20 21 22,1,21,,324282,9,0,102 12 9,1,86,,324283,9,0,102 12 9,1,102,,324284,9,0,102 12 9,1,100,,324285,9,0,102 12 9,1,100,,324286,9,0,102 12 9,1,199,,324287,9,0,102 12 9,1
9200,'20261104',531,,324288,9,0,102 12 9,1,209,,324289,9,0,102 12 9,1,103,,324290,9,0,102 12 9,1,90,,324291,9,0,102 12 9,1,97,,324292,9,0,102 12 9,1,105,,324293,9,0,102 12 9,1,100,,324294,9,0,102 12 9,1,95,,324295,9,0,102 12 9,1,105,,324296,9,0,102 12 9,1,104,,324297,9,0,102 12 9,1,87,,324299,9,0,7 19 1 20 21 22,1,13,,324298,9,0,102 12 9,1,86,,324301,9,0,7 19 1 20 21 22,1,20,,324300,9,0,102 12 9,1,80,,324302,9,0,7 19 1 20 21 22,1,20,,324303,9,0,102 12 9,1,78,,324304,9,0,7 19 1 20 21 22,1,21,,324305,9,0,102 12 9,1,86,,324306,9,0,102 12 9,1,102,,324307,9,0,102 12 9,1,100,,324308,9,0,102 12 9,1,100,,324309,9,0,102 12 9,1,199,,324310,9,0,102 12 9,1
9200,'20261105',531,,324311,9,0,102 12 9,1,209,,324312,9,0,102 12 9,1,103,,324313,9,0,102 12 9,1,90,,324314,9,0,102 12 9,1,97,,324315,9,0,102 12 9,1,105,,324316,9,0,102 12 9,1,100,,324317,9,0,102 12 9,1,95,,324318,9,0,102 12 9,1,105,,324319,9,0,102 12 9,1,104,,324320,9,0,102 12 9,1,87,,324322,9,0,7 19 1 20 21 22,1,13,,324321,9,0,102 12 9,1,86,,324324,9,0,7 19 1 20 21 22,1,20,,324323,9,0,102 12 9,1,80,,324325,9,0,7 19 1 20 21 22,1,20,,324326,9,0,102 12 9,1,78,,324327,9,0,7 19 1 20 21 22,1,21,,324328,9,0,102 12 9,1,86,,324329,9,0,102 12 9,1,102,,324330,9,0,102 12 9,1,100,,324331,9,0,102 12 9,1,100,,324332,9,0,102 12 9,1,199,,324333,9,0,102 12 9,1
9200,'20261106',531,,324334,9,0,102 12 9,1,209,,324335,9,0,102 12 9,1,103,,324336,9,0,102 12 9,1,90,,324337,9,0,102 12 9,1,97,,324338,9,0,102 12 9,1,105,,324339,9,0,102 12 9,1,100,,324340,9,0,102 12 9,1,95,,324341,9,0,102 12 9,1,105,,324342,9,0,102 12 9,1,104,,324343,9,0,102 12 9,1,87,,324345,9,0,7 19 1 20 21 22,1,13,,324344,9,0,102 12 9,1,86,,324347,9,0,7 19 1 20 21 22,1,20,,324346,9,0,102 12 9,1,80,,324348,9,0,7 19 1 20 21 22,1,20,,324349,9,0,102 12 9,1,78,,324350,9,0,7 19 1 20 21 22,1,21,,324351,9,0,102 12 9,1,86,,324352,9,0,102 12 9,1,102,,324353,9,0,102 12 9,1,100,,324354,9,0,102 12 9,1,100,,324355,9,0,102 12 9,1,199,,324356,9,0,102 12 9,1
9200,'20261107',736,,324357,9,0,102 12 9,1,101,,324358,9,0,102 12 9,1,105,,324359,9,0,102 12 9,1,98,,324360,9,0,102 12 9,1,100,,324361,9,0,102 12 9,1,100,,324362,9,0,102 12 9,1,100,,324363,9,0,102 12 9,1,103,,324364,9,0,102 12 9,1,100,,324365,9,0,102 12 9,1,100,,324366,9,0,102 12 9,1,105,,324367,9,0,102 12 9,1,97,,324368,9,0,102 12 9,1,100,,324369,9,0,102 12 9,1,98,,324370,9,0,102 12 9,1,99,,324371,9,0,102 12 9,1,100,,324372,9,0,102 12 9,1,99,,324373,9,0,102 12 9,1,200,,324374,9,0,102 12 9,1
9200,'20261108',736,,324375,9,0,102 12 9,1,101,,324376,9,0,102 12 9,1,105,,324377,9,0,102 12 9,1,98,,324378,9,0,102 12 9,1,100,,324379,9,0,102 12 9,1,100,,324380,9,0,102 12 9,1,100,,324381,9,0,102 12 9,1,103,,324382,9,0,102 12 9,1,100,,324383,9,0,102 12 9,1,100,,324384,9,0,102 12 9,1,105,,324385,9,0,102 12 9,1,97,,324386,9,0,102 12 9,1,100,,324387,9,0,102 12 9,1,98,,324388,9,0,102 12 9,1,99,,324389,9,0,102 12 9,1,100,,324390,9,0,102 12 9,1,99,,324391,9,0,102 12 9,1,200,,324392,9,0,102 12 9,1
9200,'20261109',531,,324393,9,0,102 12 9,1,209,,324394,9,0,102 12 9,1,103,,324395,9,0,102 12 9,1,90,,324396,9,0,102 12 9,1,97,,324397,9,0,102 12 9,1,105,,324398,9,0,102 12 9,1,100,,324399,9,0,102 12 9,1,95,,324400,9,0,102 12 9,1,105,,324401,9,0,102 12 9,1,104,,324402,9,0,102 12 9,1,87,,324404,9,0,7 19 1 20 21 22,1,13,,324403,9,0,102 12 9,1,86,,324406,9,0,7 19 1 20 21 22,1,20,,324405,9,0,102 12 9,1,80,,324407,9,0,7 19 1 20 21 22,1,20,,324408,9,0,102 12 9,1,78,,324409,9,0,7 19 1 20 21 22,1,21,,324410,9,0,102 12 9,1,86,,324411,9,0,102 12 9,1,102,,324412,9,0,102 12 9,1,100,,324413,9,0,102 12 9,1,100,,324414,9,0,102 12 9,1,199,,324415,9,0,102 12 9,1
9200,'20261110',531,,324416,9,0,102 12 9,1,209,,324417,9,0,102 12 9,1,103,,324418,9,0,102 12 9,1,90,,324419,9,0,102 12 9,1,97,,324420,9,0,102 12 9,1,105,,324421,9,0,102 12 9,1,100,,324422,9,0,102 12 9,1,95,,324423,9,0,102 12 9,1,105,,324424,9,0,102 12 9,1,104,,324425,9,0,102 12 9,1,87,,324427,9,0,7 19 1 20 21 22,1,13,,324426,9,0,102 12 9,1,86,,324429,9,0,7 19 1 20 21 22,1,20,,324428,9,0,102 12 9,1,80,,324430,9,0,7 19 1 20 21 22,1,20,,324431,9,0,102 12 9,1,78,,324432,9,0,7 19 1 20 21 22,1,21,,324433,9,0,102 12 9,1,86,,324434,9,0,102 12 9,1,102,,324435,9,0,102 12 9,1,100,,324436,9,0,102 12 9,1,100,,324437,9,0,102 12 9,1,199,,324438,9,0,102 12 9,1
9200,'20261111',531,,324439,9,0,102 12 9,1,209,,324440,9,0,102 12 9,1,103,,324441,9,0,102 12 9,1,90,,324442,9,0,102 12 9,1,97,,324443,9,0,102 12 9,1,105,,324444,9,0,102 12 9,1,100,,324445,9,0,102 12 9,1,95,,324446,9,0,102 12 9,1,105,,324447,9,0,102 12 9,1,104,,324448,9,0,102 12 9,1,87,,324450,9,0,7 19 1 20 21 22,1,13,,324449,9,0,102 12 9,1,86,,324452,9,0,7 19 1 20 21 22,1,20,,324451,9,0,102 12 9,1,80,,324453,9,0,7 19 1 20 21 22,1,20,,324454,9,0,102 12 9,1,78,,324455,9,0,7 19 1 20 21 22,1,21,,324456,9,0,102 12 9,1,86,,324457,9,0,102 12 9,1,102,,324458,9,0,102 12 9,1,100,,324459,9,0,102 12 9,1,100,,324460,9,0,102 12 9,1,199,,324461,9,0,102 12 9,1
9200,'20261112',531,,324462,9,0,102 12 9,1,209,,324463,9,0,102 12 9,1,103,,324464,9,0,102 12 9,1,90,,324465,9,0,102 12 9,1,97,,324466,9,0,102 12 9,1,105,,324467,9,0,102 12 9,1,100,,324468,9,0,102 12 9,1,95,,324469,9,0,102 12 9,1,105,,324470,9,0,102 12 9,1,104,,324471,9,0,102 12 9,1,87,,324473,9,0,7 19 1 20 21 22,1,13,,324472,9,0,102 12 9,1,86,,324475,9,0,7 19 1 20 21 22,1,20,,324474,9,0,102 12 9,1,80,,324476,9,0,7 19 1 20 21 22,1,20,,324477,9,0,102 12 9,1,78,,324478,9,0,7 19 1 20 21 22,1,21,,324479,9,0,102 12 9,1,86,,324480,9,0,102 12 9,1,102,,324481,9,0,102 12 9,1,100,,324482,9,0,102 12 9,1,100,,324483,9,0,102 12 9,1,199,,324484,9,0,102 12 9,1
9200,'20261113',531,,324485,9,0,102 12 9,1,209,,324486,9,0,102 12 9,1,103,,324487,9,0,102 12 9,1,90,,324488,9,0,102 12 9,1,97,,324489,9,0,102 12 9,1,105,,324490,9,0,102 12 9,1,100,,324491,9,0,102 12 9,1,95,,324492,9,0,102 12 9,1,105,,324493,9,0,102 12 9,1,104,,324494,9,0,102 12 9,1,87,,324496,9,0,7 19 1 20 21 22,1,13,,324495,9,0,102 12 9,1,86,,324498,9,0,7 19 1 20 21 22,1,20,,324497,9,0,102 12 9,1,80,,324499,9,0,7 19 1 20 21 22,1,20,,324500,9,0,102 12 9,1,78,,324501,9,0,7 19 1 20 21 22,1,21,,324502,9,0,102 12 9,1,86,,324503,9,0,102 12 9,1,102,,324504,9,0,102 12 9,1,100,,324505,9,0,102 12 9,1,100,,324506,9,0,102 12 9,1,199,,324507,9,0,102 12 9,1
9200,'20261114',736,,324508,9,0,102 12 9,1,101,,324509,9,0,102 12 9,1,105,,324510,9,0,102 12 9,1,98,,324511,9,0,102 12 9,1,100,,324512,9,0,102 12 9,1,100,,324513,9,0,102 12 9,1,100,,324514,9,0,102 12 9,1,103,,324515,9,0,102 12 9,1,100,,324516,9,0,102 12 9,1,100,,324517,9,0,102 12 9,1,105,,324518,9,0,102 12 9,1,97,,324519,9,0,102 12 9,1,100,,324520,9,0,102 12 9,1,98,,324521,9,0,102 12 9,1,99,,324522,9,0,102 12 9,1,100,,324523,9,0,102 12 9,1,99,,324524,9,0,102 12 9,1,200,,324525,9,0,102 12 9,1
9200,'20261115',736,,324526,9,0,102 12 9,1,101,,324527,9,0,102 12 9,1,105,,324528,9,0,102 12 9,1,98,,324529,9,0,102 12 9,1,100,,324530,9,0,102 12 9,1,100,,324531,9,0,102 12 9,1,100,,324532,9,0,102 12 9,1,103,,324533,9,0,102 12 9,1,100,,324534,9,0,102 12 9,1,100,,324535,9,0,102 12 9,1,105,,324536,9,0,102 12 9,1,97,,324537,9,0,102 12 9,1,100,,324538,9,0,102 12 9,1,98,,324539,9,0,102 12 9,1,99,,324540,9,0,102 12 9,1,100,,324541,9,0,102 12 9,1,99,,324542,9,0,102 12 9,1,200,,324543,9,0,102 12 9,1
9200,'20261116',531,,324544,9,0,102 12 9,1,209,,324545,9,0,102 12 9,1,103,,324546,9,0,102 12 9,1,90,,324547,9,0,102 12 9,1,97,,324548,9,0,102 12 9,1,105,,324549,9,0,102 12 9,1,100,,324550,9,0,102 12 9,1,95,,324551,9,0,102 12 9,1,105,,324552,9,0,102 12 9,1,104,,324553,9,0,102 12 9,1,87,,324555,9,0,7 19 1 20 21 22,1,13,,324554,9,0,102 12 9,1,86,,324557,9,0,7 19 1 20 21 22,1,20,,324556,9,0,102 12 9,1,80,,324558,9,0,7 19 1 20 21 22,1,20,,324559,9,0,102 12 9,1,78,,324560,9,0,7 19 1 20 21 22,1,21,,324561,9,0,102 12 9,1,86,,324562,9,0,102 12 9,1,102,,324563,9,0,102 12 9,1,100,,324564,9,0,102 12 9,1,100,,324565,9,0,102 12 9,1,199,,324566,9,0,102 12 9,1
9200,'20261117',531,,324567,9,0,102 12 9,1,209,,324568,9,0,102 12 9,1,103,,324569,9,0,102 12 9,1,90,,324570,9,0,102 12 9,1,97,,324571,9,0,102 12 9,1,105,,324572,9,0,102 12 9,1,100,,324573,9,0,102 12 9,1,95,,324574,9,0,102 12 9,1,105,,324575,9,0,102 12 9,1,104,,324576,9,0,102 12 9,1,87,,324578,9,0,7 19 1 20 21 22,1,13,,324577,9,0,102 12 9,1,86,,324580,9,0,7 19 1 20 21 22,1,20,,324579,9,0,102 12 9,1,80,,324581,9,0,7 19 1 20 21 22,1,20,,324582,9,0,102 12 9,1,78,,324583,9,0,7 19 1 20 21 22,1,21,,324584,9,0,102 12 9,1,86,,324585,9,0,102 12 9,1,102,,324586,9,0,102 12 9,1,100,,324587,9,0,102 12 9,1,100,,324588,9,0,102 12 9,1,199,,324589,9,0,102 12 9,1
9200,'20261118',531,,324590,9,0,102 12 9,1,209,,324591,9,0,102 12 9,1,103,,324592,9,0,102 12 9,1,90,,324593,9,0,102 12 9,1,97,,324594,9,0,102 12 9,1,105,,324595,9,0,102 12 9,1,100,,324596,9,0,102 12 9,1,95,,324597,9,0,102 12 9,1,105,,324598,9,0,102 12 9,1,104,,324599,9,0,102 12 9,1,87,,324601,9,0,7 19 1 20 21 22,1,13,,324600,9,0,102 12 9,1,86,,324603,9,0,7 19 1 20 21 22,1,20,,324602,9,0,102 12 9,1,80,,324604,9,0,7 19 1 20 21 22,1,20,,324605,9,0,102 12 9,1,78,,324606,9,0,7 19 1 20 21 22,1,21,,324607,9,0,102 12 9,1,86,,324608,9,0,102 12 9,1,102,,324609,9,0,102 12 9,1,100,,324610,9,0,102 12 9,1,100,,324611,9,0,102 12 9,1,199,,324612,9,0,102 12 9,1
9200,'20261119',531,,324613,9,0,102 12 9,1,209,,324614,9,0,102 12 9,1,103,,324615,9,0,102 12 9,1,90,,324616,9,0,102 12 9,1,97,,324617,9,0,102 12 9,1,105,,324618,9,0,102 12 9,1,100,,324619,9,0,102 12 9,1,95,,324620,9,0,102 12 9,1,105,,324621,9,0,102 12 9,1,104,,324622,9,0,102 12 9,1,87,,324624,9,0,7 19 1 20 21 22,1,13,,324623,9,0,102 12 9,1,86,,324626,9,0,7 19 1 20 21 22,1,20,,324625,9,0,102 12 9,1,80,,324627,9,0,7 19 1 20 21 22,1,20,,324628,9,0,102 12 9,1,78,,324629,9,0,7 19 1 20 21 22,1,21,,324630,9,0,102 12 9,1,86,,324631,9,0,102 12 9,1,102,,324632,9,0,102 12 9,1,100,,324633,9,0,102 12 9,1,100,,324634,9,0,102 12 9,1,199,,324635,9,0,102 12 9,1
9200,'20261120',531,,324636,9,0,102 12 9,1,209,,324637,9,0,102 12 9,1,103,,324638,9,0,102 12 9,1,90,,324639,9,0,102 12 9,1,97,,324640,9,0,102 12 9,1,105,,324641,9,0,102 12 9,1,100,,324642,9,0,102 12 9,1,95,,324643,9,0,102 12 9,1,105,,324644,9,0,102 12 9,1,104,,324645,9,0,102 12 9,1,87,,324647,9,0,7 19 1 20 21 22,1,13,,324646,9,0,102 12 9,1,86,,324649,9,0,7 19 1 20 21 22,1,20,,324648,9,0,102 12 9,1,80,,324650,9,0,7 19 1 20 21 22,1,20,,324651,9,0,102 12 9,1,78,,324652,9,0,7 19 1 20 21 22,1,21,,324653,9,0,102 12 9,1,86,,324654,9,0,102 12 9,1,102,,324655,9,0,102 12 9,1,100,,324656,9,0,102 12 9,1,100,,324657,9,0,102 12 9,1,199,,324658,9,0,102 12 9,1
9200,'20261121',736,,324659,9,0,102 12 9,1,101,,324660,9,0,102 12 9,1,105,,324661,9,0,102 12 9,1,98,,324662,9,0,102 12 9,1,100,,324663,9,0,102 12 9,1,100,,324664,9,0,102 12 9,1,100,,324665,9,0,102 12 9,1,103,,324666,9,0,102 12 9,1,100,,324667,9,0,102 12 9,1,100,,324668,9,0,102 12 9,1,105,,324669,9,0,102 12 9,1,97,,324670,9,0,102 12 9,1,100,,324671,9,0,102 12 9,1,98,,324672,9,0,102 12 9,1,99,,324673,9,0,102 12 9,1,100,,324674,9,0,102 12 9,1,99,,324675,9,0,102 12 9,1,200,,324676,9,0,102 12 9,1
9200,'20261122',736,,324677,9,0,102 12 9,1,101,,324678,9,0,102 12 9,1,105,,324679,9,0,102 12 9,1,98,,324680,9,0,102 12 9,1,100,,324681,9,0,102 12 9,1,100,,324682,9,0,102 12 9,1,100,,324683,9,0,102 12 9,1,103,,324684,9,0,102 12 9,1,100,,324685,9,0,102 12 9,1,100,,324686,9,0,102 12 9,1,105,,324687,9,0,102 12 9,1,97,,324688,9,0,102 12 9,1,100,,324689,9,0,102 12 9,1,98,,324690,9,0,102 12 9,1,99,,324691,9,0,102 12 9,1,100,,324692,9,0,102 12 9,1,99,,324693,9,0,102 12 9,1,200,,324694,9,0,102 12 9,1
9200,'20261123',531,,324695,9,0,102 12 9,1,209,,324696,9,0,102 12 9,1,103,,324697,9,0,102 12 9,1,90,,324698,9,0,102 12 9,1,97,,324699,9,0,102 12 9,1,105,,324700,9,0,102 12 9,1,100,,324701,9,0,102 12 9,1,95,,324702,9,0,102 12 9,1,105,,324703,9,0,102 12 9,1,104,,324704,9,0,102 12 9,1,87,,324706,9,0,7 19 1 20 21 22,1,13,,324705,9,0,102 12 9,1,86,,324708,9,0,7 19 1 20 21 22,1,20,,324707,9,0,102 12 9,1,80,,324709,9,0,7 19 1 20 21 22,1,20,,324710,9,0,102 12 9,1,78,,324711,9,0,7 19 1 20 21 22,1,21,,324712,9,0,102 12 9,1,86,,324713,9,0,102 12 9,1,102,,324714,9,0,102 12 9,1,100,,324715,9,0,102 12 9,1,100,,324716,9,0,102 12 9,1,199,,324717,9,0,102 12 9,1
9200,'20261124',531,,324718,9,0,102 12 9,1,209,,324719,9,0,102 12 9,1,103,,324720,9,0,102 12 9,1,90,,324721,9,0,102 12 9,1,97,,324722,9,0,102 12 9,1,105,,324723,9,0,102 12 9,1,100,,324724,9,0,102 12 9,1,95,,324725,9,0,102 12 9,1,105,,324726,9,0,102 12 9,1,104,,324727,9,0,102 12 9,1,87,,324729,9,0,7 19 1 20 21 22,1,13,,324728,9,0,102 12 9,1,86,,324731,9,0,7 19 1 20 21 22,1,20,,324730,9,0,102 12 9,1,80,,324732,9,0,7 19 1 20 21 22,1,20,,324733,9,0,102 12 9,1,78,,324734,9,0,7 19 1 20 21 22,1,21,,324735,9,0,102 12 9,1,86,,324736,9,0,102 12 9,1,102,,324737,9,0,102 12 9,1,100,,324738,9,0,102 12 9,1,100,,324739,9,0,102 12 9,1,199,,324740,9,0,102 12 9,1
9200,'20261125',531,,324741,9,0,102 12 9,1,209,,324742,9,0,102 12 9,1,103,,324743,9,0,102 12 9,1,90,,324744,9,0,102 12 9,1,97,,324745,9,0,102 12 9,1,105,,324746,9,0,102 12 9,1,100,,324747,9,0,102 12 9,1,95,,324748,9,0,102 12 9,1,105,,324749,9,0,102 12 9,1,104,,324750,9,0,102 12 9,1,87,,324752,9,0,7 19 1 20 21 22,1,13,,324751,9,0,102 12 9,1,86,,324754,9,0,7 19 1 20 21 22,1,20,,324753,9,0,102 12 9,1,80,,324755,9,0,7 19 1 20 21 22,1,20,,324756,9,0,102 12 9,1,78,,324757,9,0,7 19 1 20 21 22,1,21,,324758,9,0,102 12 9,1,86,,324759,9,0,102 12 9,1,102,,324760,9,0,102 12 9,1,100,,324761,9,0,102 12 9,1,100,,324762,9,0,102 12 9,1,199,,324763,9,0,102 12 9,1
9200,'20261126',531,,324764,9,0,102 12 9,1,209,,324765,9,0,102 12 9,1,103,,324766,9,0,102 12 9,1,90,,324767,9,0,102 12 9,1,97,,324768,9,0,102 12 9,1,105,,324769,9,0,102 12 9,1,100,,324770,9,0,102 12 9,1,95,,324771,9,0,102 12 9,1,105,,324772,9,0,102 12 9,1,104,,324773,9,0,102 12 9,1,87,,324775,9,0,7 19 1 20 21 22,1,13,,324774,9,0,102 12 9,1,86,,324777,9,0,7 19 1 20 21 22,1,20,,324776,9,0,102 12 9,1,80,,324778,9,0,7 19 1 20 21 22,1,20,,324779,9,0,102 12 9,1,78,,324780,9,0,7 19 1 20 21 22,1,21,,324781,9,0,102 12 9,1,86,,324782,9,0,102 12 9,1,102,,324783,9,0,102 12 9,1,100,,324784,9,0,102 12 9,1,100,,324785,9,0,102 12 9,1,199,,324786,9,0,102 12 9,1
9200,'20261127',531,,324787,9,0,102 12 9,1,209,,324788,9,0,102 12 9,1,103,,324789,9,0,102 12 9,1,90,,324790,9,0,102 12 9,1,97,,324791,9,0,102 12 9,1,105,,324792,9,0,102 12 9,1,100,,324793,9,0,102 12 9,1,95,,324794,9,0,102 12 9,1,105,,324795,9,0,102 12 9,1,104,,324796,9,0,102 12 9,1,87,,324798,9,0,7 19 1 20 21 22,1,13,,324797,9,0,102 12 9,1,86,,324800,9,0,7 19 1 20 21 22,1,20,,324799,9,0,102 12 9,1,80,,324801,9,0,7 19 1 20 21 22,1,20,,324802,9,0,102 12 9,1,78,,324803,9,0,7 19 1 20 21 22,1,21,,324804,9,0,102 12 9,1,86,,324805,9,0,102 12 9,1,102,,324806,9,0,102 12 9,1,100,,324807,9,0,102 12 9,1,100,,324808,9,0,102 12 9,1,199,,324809,9,0,102 12 9,1
9400,'20260921',435,,326855,13,,,1,194,,326856,13,,,1,273,,326857,13,,,1,210,,326858,13,,,1,200,,326859,13,,,1,100,,326860,13,,,1,100,,326861,13,,,1,104,,326862,13,,,1,35,,326863,13,,,1,70,,326864,13,,,1,34,,326865,13,,,1,75,,326866,13,,,1,81,,326867,13,,,1,101,,326868,13,,,1,100,,326869,13,,,1,32,,326870,13,,,1,100,,326871,13,,,1,100,,326872,13,,,1,100,,326873,13,,,1,192,,326874,13,,,1
9400,'20260922',435,,326875,13,,,1,194,,326876,13,,,1,273,,326877,13,,,1,210,,326878,13,,,1,200,,326879,13,,,1,100,,326880,13,,,1,100,,326881,13,,,1,104,,326882,13,,,1,35,,326883,13,,,1,70,,326884,13,,,1,34,,326885,13,,,1,75,,326886,13,,,1,81,,326887,13,,,1,101,,326888,13,,,1,100,,326889,13,,,1,32,,326890,13,,,1,100,,326891,13,,,1,100,,326892,13,,,1,100,,326893,13,,,1,192,,326894,13,,,1
9400,'20260923',435,,326895,13,,,1,194,,326896,13,,,1,273,,326897,13,,,1,210,,326898,13,,,1,200,,326899,13,,,1,100,,326900,13,,,1,100,,326901,13,,,1,104,,326902,13,,,1,35,,326903,13,,,1,70,,326904,13,,,1,34,,326905,13,,,1,75,,326906,13,,,1,81,,326907,13,,,1,101,,326908,13,,,1,100,,326909,13,,,1,32,,326910,13,,,1,100,,326911,13,,,1,100,,326912,13,,,1,100,,326913,13,,,1,192,,326914,13,,,1
9400,'20260924',435,,326915,13,,,1,194,,326916,13,,,1,273,,326917,13,,,1,210,,326918,13,,,1,200,,326919,13,,,1,100,,326920,13,,,1,100,,326921,13,,,1,104,,326922,13,,,1,35,,326923,13,,,1,70,,326924,13,,,1,34,,326925,13,,,1,75,,326926,13,,,1,81,,326927,13,,,1,101,,326928,13,,,1,100,,326929,13,,,1,32,,326930,13,,,1,100,,326931,13,,,1,100,,326932,13,,,1,100,,326933,13,,,1,192,,326934,13,,,1
9400,'20260925',435,,326935,13,,,1,194,,326936,13,,,1,273,,326937,13,,,1,210,,326938,13,,,1,200,,326939,13,,,1,100,,326940,13,,,1,100,,326941,13,,,1,104,,326942,13,,,1,35,,326943,13,,,1,70,,326944,13,,,1,34,,326945,13,,,1,75,,326946,13,,,1,81,,326947,13,,,1,101,,326948,13,,,1,100,,326949,13,,,1,32,,326950,13,,,1,100,,326951,13,,,1,100,,326952,13,,,1,100,,326953,13,,,1,192,,326954,13,,,1
9400,'20260926',439,,326955,13,,,1,200,,326956,13,,,1,100,,326957,13,,,1,103,,326958,13,,,1,99,,326959,13,,,1,100,,326960,13,,,1,110,,326961,13,,,1,158,,326962,13,,,1,100,,326963,13,,,1,100,,326964,13,,,1,100,,326965,13,,,1,100,,326966,13,,,1,100,,326967,13,,,1,100,,326968,13,,,1,100,,326969,13,,,1,98,,326970,13,,,1,100,,326971,13,,,1,37,,326972,13,,,1,100,,326973,13,,,1,100,,326974,13,,,1,195,,326975,13,,,1
9400,'20260927',439,,326976,13,,,1,200,,326977,13,,,1,100,,326978,13,,,1,103,,326979,13,,,1,99,,326980,13,,,1,100,,326981,13,,,1,110,,326982,13,,,1,158,,326983,13,,,1,100,,326984,13,,,1,100,,326985,13,,,1,100,,326986,13,,,1,100,,326987,13,,,1,100,,326988,13,,,1,100,,326989,13,,,1,100,,326990,13,,,1,98,,326991,13,,,1,100,,326992,13,,,1,37,,326993,13,,,1,100,,326994,13,,,1,100,,326995,13,,,1,195,,326996,13,,,1
9400,'20260928',435,,326997,13,,,1,194,,326998,13,,,1,273,,326999,13,,,1,210,,327000,13,,,1,200,,327001,13,,,1,100,,327002,13,,,1,100,,327003,13,,,1,104,,327004,13,,,1,35,,327005,13,,,1,70,,327006,13,,,1,34,,327007,13,,,1,75,,327008,13,,,1,81,,327009,13,,,1,101,,327010,13,,,1,100,,327011,13,,,1,32,,327012,13,,,1,100,,327013,13,,,1,100,,327014,13,,,1,100,,327015,13,,,1,192,,327016,13,,,1
9400,'20260929',435,,327017,13,,,1,194,,327018,13,,,1,273,,327019,13,,,1,210,,327020,13,,,1,200,,327021,13,,,1,100,,327022,13,,,1,100,,327023,13,,,1,104,,327024,13,,,1,35,,327025,13,,,1,70,,327026,13,,,1,34,,327027,13,,,1,75,,327028,13,,,1,81,,327029,13,,,1,101,,327030,13,,,1,100,,327031,13,,,1,32,,327032,13,,,1,100,,327033,13,,,1,100,,327034,13,,,1,100,,327035,13,,,1,192,,327036,13,,,1
9400,'20260930',435,,327037,13,,,1,194,,327038,13,,,1,273,,327039,13,,,1,210,,327040,13,,,1,200,,327041,13,,,1,100,,327042,13,,,1,100,,327043,13,,,1,104,,327044,13,,,1,35,,327045,13,,,1,70,,327046,13,,,1,34,,327047,13,,,1,75,,327048,13,,,1,81,,327049,13,,,1,101,,327050,13,,,1,100,,327051,13,,,1,32,,327052,13,,,1,100,,327053,13,,,1,100,,327054,13,,,1,100,,327055,13,,,1,192,,327056,13,,,1
9400,'20261001',435,,327057,13,,,1,194,,327058,13,,,1,273,,327059,13,,,1,210,,327060,13,,,1,200,,327061,13,,,1,100,,327062,13,,,1,100,,327063,13,,,1,104,,327064,13,,,1,35,,327065,13,,,1,70,,327066,13,,,1,34,,327067,13,,,1,75,,327068,13,,,1,81,,327069,13,,,1,101,,327070,13,,,1,100,,327071,13,,,1,32,,327072,13,,,1,100,,327073,13,,,1,100,,327074,13,,,1,100,,327075,13,,,1,192,,327076,13,,,1
9400,'20261002',435,,327077,13,,,1,194,,327078,13,,,1,273,,327079,13,,,1,210,,327080,13,,,1,200,,327081,13,,,1,100,,327082,13,,,1,100,,327083,13,,,1,104,,327084,13,,,1,35,,327085,13,,,1,70,,327086,13,,,1,34,,327087,13,,,1,75,,327088,13,,,1,81,,327089,13,,,1,101,,327090,13,,,1,100,,327091,13,,,1,32,,327092,13,,,1,100,,327093,13,,,1,100,,327094,13,,,1,100,,327095,13,,,1,192,,327096,13,,,1
9400,'20261003',439,,327097,13,,,1,200,,327098,13,,,1,100,,327099,13,,,1,103,,327100,13,,,1,99,,327101,13,,,1,100,,327102,13,,,1,110,,327103,13,,,1,158,,327104,13,,,1,100,,327105,13,,,1,100,,327106,13,,,1,100,,327107,13,,,1,100,,327108,13,,,1,100,,327109,13,,,1,100,,327110,13,,,1,100,,327111,13,,,1,98,,327112,13,,,1,100,,327113,13,,,1,37,,327114,13,,,1,100,,327115,13,,,1,100,,327116,13,,,1,195,,327117,13,,,1
9400,'20261004',439,,327118,13,,,1,200,,327119,13,,,1,100,,327120,13,,,1,103,,327121,13,,,1,99,,327122,13,,,1,100,,327123,13,,,1,110,,327124,13,,,1,158,,327125,13,,,1,100,,327126,13,,,1,100,,327127,13,,,1,100,,327128,13,,,1,100,,327129,13,,,1,100,,327130,13,,,1,100,,327131,13,,,1,100,,327132,13,,,1,98,,327133,13,,,1,100,,327134,13,,,1,37,,327135,13,,,1,100,,327136,13,,,1,100,,327137,13,,,1,195,,327138,13,,,1
9400,'20261005',435,,327139,13,,,1,194,,327140,13,,,1,273,,327141,13,,,1,210,,327142,13,,,1,200,,327143,13,,,1,100,,327144,13,,,1,100,,327145,13,,,1,104,,327146,13,,,1,35,,327147,13,,,1,70,,327148,13,,,1,34,,327149,13,,,1,75,,327150,13,,,1,81,,327151,13,,,1,101,,327152,13,,,1,100,,327153,13,,,1,32,,327154,13,,,1,100,,327155,13,,,1,100,,327156,13,,,1,100,,327157,13,,,1,192,,327158,13,,,1
9400,'20261006',435,,327159,13,,,1,194,,327160,13,,,1,273,,327161,13,,,1,210,,327162,13,,,1,200,,327163,13,,,1,100,,327164,13,,,1,100,,327165,13,,,1,104,,327166,13,,,1,35,,327167,13,,,1,70,,327168,13,,,1,34,,327169,13,,,1,75,,327170,13,,,1,81,,327171,13,,,1,101,,327172,13,,,1,100,,327173,13,,,1,32,,327174,13,,,1,100,,327175,13,,,1,100,,327176,13,,,1,100,,327177,13,,,1,192,,327178,13,,,1
9400,'20261007',435,,327179,13,,,1,194,,327180,13,,,1,273,,327181,13,,,1,210,,327182,13,,,1,200,,327183,13,,,1,100,,327184,13,,,1,100,,327185,13,,,1,104,,327186,13,,,1,35,,327187,13,,,1,70,,327188,13,,,1,34,,327189,13,,,1,75,,327190,13,,,1,81,,327191,13,,,1,101,,327192,13,,,1,100,,327193,13,,,1,32,,327194,13,,,1,100,,327195,13,,,1,100,,327196,13,,,1,100,,327197,13,,,1,192,,327198,13,,,1
9400,'20261008',435,,327199,13,,,1,194,,327200,13,,,1,273,,327201,13,,,1,210,,327202,13,,,1,200,,327203,13,,,1,100,,327204,13,,,1,100,,327205,13,,,1,104,,327206,13,,,1,35,,327207,13,,,1,70,,327208,13,,,1,34,,327209,13,,,1,75,,327210,13,,,1,81,,327211,13,,,1,101,,327212,13,,,1,100,,327213,13,,,1,32,,327214,13,,,1,100,,327215,13,,,1,100,,327216,13,,,1,100,,327217,13,,,1,192,,327218,13,,,1
9400,'20261009',435,,327219,13,,,1,194,,327220,13,,,1,273,,327221,13,,,1,210,,327222,13,,,1,200,,327223,13,,,1,100,,327224,13,,,1,100,,327225,13,,,1,104,,327226,13,,,1,35,,327227,13,,,1,70,,327228,13,,,1,34,,327229,13,,,1,75,,327230,13,,,1,81,,327231,13,,,1,101,,327232,13,,,1,100,,327233,13,,,1,32,,327234,13,,,1,100,,327235,13,,,1,100,,327236,13,,,1,100,,327237,13,,,1,192,,327238,13,,,1
9400,'20261010',439,,327239,13,,,1,200,,327240,13,,,1,100,,327241,13,,,1,103,,327242,13,,,1,99,,327243,13,,,1,100,,327244,13,,,1,110,,327245,13,,,1,158,,327246,13,,,1,100,,327247,13,,,1,100,,327248,13,,,1,100,,327249,13,,,1,100,,327250,13,,,1,100,,327251,13,,,1,100,,327252,13,,,1,100,,327253,13,,,1,98,,327254,13,,,1,100,,327255,13,,,1,37,,327256,13,,,1,100,,327257,13,,,1,100,,327258,13,,,1,195,,327259,13,,,1
9400,'20261011',439,,327260,13,,,1,200,,327261,13,,,1,100,,327262,13,,,1,103,,327263,13,,,1,99,,327264,13,,,1,100,,327265,13,,,1,110,,327266,13,,,1,158,,327267,13,,,1,100,,327268,13,,,1,100,,327269,13,,,1,100,,327270,13,,,1,100,,327271,13,,,1,100,,327272,13,,,1,100,,327273,13,,,1,100,,327274,13,,,1,98,,327275,13,,,1,100,,327276,13,,,1,37,,327277,13,,,1,100,,327278,13,,,1,100,,327279,13,,,1,195,,327280,13,,,1
9400,'20261012',439,,327281,13,,,1,200,,327282,13,,,1,100,,327283,13,,,1,103,,327284,13,,,1,99,,327285,13,,,1,100,,327286,13,,,1,110,,327287,13,,,1,158,,327288,13,,,1,100,,327289,13,,,1,100,,327290,13,,,1,100,,327291,13,,,1,100,,327292,13,,,1,100,,327293,13,,,1,100,,327294,13,,,1,100,,327295,13,,,1,98,,327296,13,,,1,100,,327297,13,,,1,37,,327298,13,,,1,100,,327299,13,,,1,100,,327300,13,,,1,195,,327301,13,,,1
9400,'20261013',435,,327302,13,,,1,194,,327303,13,,,1,273,,327304,13,,,1,210,,327305,13,,,1,200,,327306,13,,,1,100,,327307,13,,,1,100,,327308,13,,,1,104,,327309,13,,,1,35,,327310,13,,,1,70,,327311,13,,,1,34,,327312,13,,,1,75,,327313,13,,,1,81,,327314,13,,,1,101,,327315,13,,,1,100,,327316,13,,,1,32,,327317,13,,,1,100,,327318,13,,,1,100,,327319,13,,,1,100,,327320,13,,,1,192,,327321,13,,,1
9400,'20261014',435,,327322,13,,,1,194,,327323,13,,,1,273,,327324,13,,,1,210,,327325,13,,,1,200,,327326,13,,,1,100,,327327,13,,,1,100,,327328,13,,,1,104,,327329,13,,,1,35,,327330,13,,,1,70,,327331,13,,,1,34,,327332,13,,,1,75,,327333,13,,,1,81,,327334,13,,,1,101,,327335,13,,,1,100,,327336,13,,,1,32,,327337,13,,,1,100,,327338,13,,,1,100,,327339,13,,,1,100,,327340,13,,,1,192,,327341,13,,,1
9400,'20261015',435,,327342,13,,,1,194,,327343,13,,,1,273,,327344,13,,,1,210,,327345,13,,,1,200,,327346,13,,,1,100,,327347,13,,,1,100,,327348,13,,,1,104,,327349,13,,,1,35,,327350,13,,,1,70,,327351,13,,,1,34,,327352,13,,,1,75,,327353,13,,,1,81,,327354,13,,,1,101,,327355,13,,,1,100,,327356,13,,,1,32,,327357,13,,,1,100,,327358,13,,,1,100,,327359,13,,,1,100,,327360,13,,,1,192,,327361,13,,,1
9400,'20261016',435,,327362,13,,,1,194,,327363,13,,,1,273,,327364,13,,,1,210,,327365,13,,,1,200,,327366,13,,,1,100,,327367,13,,,1,100,,327368,13,,,1,104,,327369,13,,,1,35,,327370,13,,,1,70,,327371,13,,,1,34,,327372,13,,,1,75,,327373,13,,,1,81,,327374,13,,,1,101,,327375,13,,,1,100,,327376,13,,,1,32,,327377,13,,,1,100,,327378,13,,,1,100,,327379,13,,,1,100,,327380,13,,,1,192,,327381,13,,,1
9400,'20261017',439,,327382,13,,,1,200,,327383,13,,,1,100,,327384,13,,,1,103,,327385,13,,,1,99,,327386,13,,,1,100,,327387,13,,,1,110,,327388,13,,,1,158,,327389,13,,,1,100,,327390,13,,,1,100,,327391,13,,,1,100,,327392,13,,,1,100,,327393,13,,,1,100,,327394,13,,,1,100,,327395,13,,,1,100,,327396,13,,,1,98,,327397,13,,,1,100,,327398,13,,,1,37,,327399,13,,,1,100,,327400,13,,,1,100,,327401,13,,,1,195,,327402,13,,,1
9400,'20261018',439,,327403,13,,,1,200,,327404,13,,,1,100,,327405,13,,,1,103,,327406,13,,,1,99,,327407,13,,,1,100,,327408,13,,,1,110,,327409,13,,,1,158,,327410,13,,,1,100,,327411,13,,,1,100,,327412,13,,,1,100,,327413,13,,,1,100,,327414,13,,,1,100,,327415,13,,,1,100,,327416,13,,,1,100,,327417,13,,,1,98,,327418,13,,,1,100,,327419,13,,,1,37,,327420,13,,,1,100,,327421,13,,,1,100,,327422,13,,,1,195,,327423,13,,,1
9400,'20261019',435,,327424,13,,,1,194,,327425,13,,,1,273,,327426,13,,,1,210,,327427,13,,,1,200,,327428,13,,,1,100,,327429,13,,,1,100,,327430,13,,,1,104,,327431,13,,,1,35,,327432,13,,,1,70,,327433,13,,,1,34,,327434,13,,,1,75,,327435,13,,,1,81,,327436,13,,,1,101,,327437,13,,,1,100,,327438,13,,,1,32,,327439,13,,,1,100,,327440,13,,,1,100,,327441,13,,,1,100,,327442,13,,,1,192,,327443,13,,,1
9400,'20261020',435,,327444,13,,,1,194,,327445,13,,,1,273,,327446,13,,,1,210,,327447,13,,,1,200,,327448,13,,,1,100,,327449,13,,,1,100,,327450,13,,,1,104,,327451,13,,,1,35,,327452,13,,,1,70,,327453,13,,,1,34,,327454,13,,,1,75,,327455,13,,,1,81,,327456,13,,,1,101,,327457,13,,,1,100,,327458,13,,,1,32,,327459,13,,,1,100,,327460,13,,,1,100,,327461,13,,,1,100,,327462,13,,,1,192,,327463,13,,,1
9400,'20261021',435,,327464,13,,,1,194,,327465,13,,,1,273,,327466,13,,,1,210,,327467,13,,,1,200,,327468,13,,,1,100,,327469,13,,,1,100,,327470,13,,,1,104,,327471,13,,,1,35,,327472,13,,,1,70,,327473,13,,,1,34,,327474,13,,,1,75,,327475,13,,,1,81,,327476,13,,,1,101,,327477,13,,,1,100,,327478,13,,,1,32,,327479,13,,,1,100,,327480,13,,,1,100,,327481,13,,,1,100,,327482,13,,,1,192,,327483,13,,,1
9400,'20261022',435,,327484,13,,,1,194,,327485,13,,,1,273,,327486,13,,,1,210,,327487,13,,,1,200,,327488,13,,,1,100,,327489,13,,,1,100,,327490,13,,,1,104,,327491,13,,,1,35,,327492,13,,,1,70,,327493,13,,,1,34,,327494,13,,,1,75,,327495,13,,,1,81,,327496,13,,,1,101,,327497,13,,,1,100,,327498,13,,,1,32,,327499,13,,,1,100,,327500,13,,,1,100,,327501,13,,,1,100,,327502,13,,,1,192,,327503,13,,,1
9400,'20261023',435,,327504,13,,,1,194,,327505,13,,,1,273,,327506,13,,,1,210,,327507,13,,,1,200,,327508,13,,,1,100,,327509,13,,,1,100,,327510,13,,,1,104,,327511,13,,,1,35,,327512,13,,,1,70,,327513,13,,,1,34,,327514,13,,,1,75,,327515,13,,,1,81,,327516,13,,,1,101,,327517,13,,,1,100,,327518,13,,,1,32,,327519,13,,,1,100,,327520,13,,,1,100,,327521,13,,,1,100,,327522,13,,,1,192,,327523,13,,,1
9400,'20261024',439,,327524,13,,,1,200,,327525,13,,,1,100,,327526,13,,,1,103,,327527,13,,,1,99,,327528,13,,,1,100,,327529,13,,,1,110,,327530,13,,,1,158,,327531,13,,,1,100,,327532,13,,,1,100,,327533,13,,,1,100,,327534,13,,,1,100,,327535,13,,,1,100,,327536,13,,,1,100,,327537,13,,,1,100,,327538,13,,,1,98,,327539,13,,,1,100,,327540,13,,,1,37,,327541,13,,,1,100,,327542,13,,,1,100,,327543,13,,,1,195,,327544,13,,,1
9400,'20261025',439,,327545,13,,,1,200,,327546,13,,,1,100,,327547,13,,,1,103,,327548,13,,,1,99,,327549,13,,,1,100,,327550,13,,,1,110,,327551,13,,,1,158,,327552,13,,,1,100,,327553,13,,,1,100,,327554,13,,,1,100,,327555,13,,,1,100,,327556,13,,,1,100,,327557,13,,,1,100,,327558,13,,,1,100,,327559,13,,,1,98,,327560,13,,,1,100,,327561,13,,,1,37,,327562,13,,,1,100,,327563,13,,,1,100,,327564,13,,,1,195,,327565,13,,,1
9400,'20261026',435,,327566,13,,,1,194,,327567,13,,,1,273,,327568,13,,,1,210,,327569,13,,,1,200,,327570,13,,,1,100,,327571,13,,,1,100,,327572,13,,,1,104,,327573,13,,,1,35,,327574,13,,,1,70,,327575,13,,,1,34,,327576,13,,,1,75,,327577,13,,,1,81,,327578,13,,,1,101,,327579,13,,,1,100,,327580,13,,,1,32,,327581,13,,,1,100,,327582,13,,,1,100,,327583,13,,,1,100,,327584,13,,,1,192,,327585,13,,,1
9400,'20261027',435,,327586,13,,,1,194,,327587,13,,,1,273,,327588,13,,,1,210,,327589,13,,,1,200,,327590,13,,,1,100,,327591,13,,,1,100,,327592,13,,,1,104,,327593,13,,,1,35,,327594,13,,,1,70,,327595,13,,,1,34,,327596,13,,,1,75,,327597,13,,,1,81,,327598,13,,,1,101,,327599,13,,,1,100,,327600,13,,,1,32,,327601,13,,,1,100,,327602,13,,,1,100,,327603,13,,,1,100,,327604,13,,,1,192,,327605,13,,,1
9400,'20261028',435,,327606,13,,,1,194,,327607,13,,,1,273,,327608,13,,,1,210,,327609,13,,,1,200,,327610,13,,,1,100,,327611,13,,,1,100,,327612,13,,,1,104,,327613,13,,,1,35,,327614,13,,,1,70,,327615,13,,,1,34,,327616,13,,,1,75,,327617,13,,,1,81,,327618,13,,,1,101,,327619,13,,,1,100,,327620,13,,,1,32,,327621,13,,,1,100,,327622,13,,,1,100,,327623,13,,,1,100,,327624,13,,,1,192,,327625,13,,,1
9400,'20261029',435,,327626,13,,,1,194,,327627,13,,,1,273,,327628,13,,,1,210,,327629,13,,,1,200,,327630,13,,,1,100,,327631,13,,,1,100,,327632,13,,,1,104,,327633,13,,,1,35,,327634,13,,,1,70,,327635,13,,,1,34,,327636,13,,,1,75,,327637,13,,,1,81,,327638,13,,,1,101,,327639,13,,,1,100,,327640,13,,,1,32,,327641,13,,,1,100,,327642,13,,,1,100,,327643,13,,,1,100,,327644,13,,,1,192,,327645,13,,,1
9400,'20261030',435,,327646,13,,,1,194,,327647,13,,,1,273,,327648,13,,,1,210,,327649,13,,,1,200,,327650,13,,,1,100,,327651,13,,,1,100,,327652,13,,,1,104,,327653,13,,,1,35,,327654,13,,,1,70,,327655,13,,,1,34,,327656,13,,,1,75,,327657,13,,,1,81,,327658,13,,,1,101,,327659,13,,,1,100,,327660,13,,,1,32,,327661,13,,,1,100,,327662,13,,,1,100,,327663,13,,,1,100,,327664,13,,,1,192,,327665,13,,,1
9400,'20261031',439,,327666,13,,,1,200,,327667,13,,,1,100,,327668,13,,,1,103,,327669,13,,,1,99,,327670,13,,,1,100,,327671,13,,,1,110,,327672,13,,,1,158,,327673,13,,,1,100,,327674,13,,,1,100,,327675,13,,,1,100,,327676,13,,,1,100,,327677,13,,,1,100,,327678,13,,,1,100,,327679,13,,,1,100,,327680,13,,,1,98,,327681,13,,,1,100,,327682,13,,,1,37,,327683,13,,,1,100,,327684,13,,,1,100,,327685,13,,,1,195,,327686,13,,,1
9400,'20261101',439,,327687,13,,,1,200,,327688,13,,,1,100,,327689,13,,,1,103,,327690,13,,,1,99,,327691,13,,,1,100,,327692,13,,,1,110,,327693,13,,,1,158,,327694,13,,,1,100,,327695,13,,,1,100,,327696,13,,,1,100,,327697,13,,,1,100,,327698,13,,,1,100,,327699,13,,,1,100,,327700,13,,,1,100,,327701,13,,,1,98,,327702,13,,,1,100,,327703,13,,,1,37,,327704,13,,,1,100,,327705,13,,,1,100,,327706,13,,,1,195,,327707,13,,,1
9400,'20261102',435,,327708,13,,,1,194,,327709,13,,,1,273,,327710,13,,,1,210,,327711,13,,,1,200,,327712,13,,,1,100,,327713,13,,,1,100,,327714,13,,,1,104,,327715,13,,,1,35,,327716,13,,,1,70,,327717,13,,,1,34,,327718,13,,,1,75,,327719,13,,,1,81,,327720,13,,,1,101,,327721,13,,,1,100,,327722,13,,,1,32,,327723,13,,,1,100,,327724,13,,,1,100,,327725,13,,,1,100,,327726,13,,,1,192,,327727,13,,,1
9400,'20261103',435,,327728,13,,,1,194,,327729,13,,,1,273,,327730,13,,,1,210,,327731,13,,,1,200,,327732,13,,,1,100,,327733,13,,,1,100,,327734,13,,,1,104,,327735,13,,,1,35,,327736,13,,,1,70,,327737,13,,,1,34,,327738,13,,,1,75,,327739,13,,,1,81,,327740,13,,,1,101,,327741,13,,,1,100,,327742,13,,,1,32,,327743,13,,,1,100,,327744,13,,,1,100,,327745,13,,,1,100,,327746,13,,,1,192,,327747,13,,,1
9400,'20261104',435,,327748,13,,,1,194,,327749,13,,,1,273,,327750,13,,,1,210,,327751,13,,,1,200,,327752,13,,,1,100,,327753,13,,,1,100,,327754,13,,,1,104,,327755,13,,,1,35,,327756,13,,,1,70,,327757,13,,,1,34,,327758,13,,,1,75,,327759,13,,,1,81,,327760,13,,,1,101,,327761,13,,,1,100,,327762,13,,,1,32,,327763,13,,,1,100,,327764,13,,,1,100,,327765,13,,,1,100,,327766,13,,,1,192,,327767,13,,,1
9400,'20261105',435,,327768,13,,,1,194,,327769,13,,,1,273,,327770,13,,,1,210,,327771,13,,,1,200,,327772,13,,,1,100,,327773,13,,,1,100,,327774,13,,,1,104,,327775,13,,,1,35,,327776,13,,,1,70,,327777,13,,,1,34,,327778,13,,,1,75,,327779,13,,,1,81,,327780,13,,,1,101,,327781,13,,,1,100,,327782,13,,,1,32,,327783,13,,,1,100,,327784,13,,,1,100,,327785,13,,,1,100,,327786,13,,,1,192,,327787,13,,,1
9400,'20261106',435,,327788,13,,,1,194,,327789,13,,,1,273,,327790,13,,,1,210,,327791,13,,,1,200,,327792,13,,,1,100,,327793,13,,,1,100,,327794,13,,,1,104,,327795,13,,,1,35,,327796,13,,,1,70,,327797,13,,,1,34,,327798,13,,,1,75,,327799,13,,,1,81,,327800,13,,,1,101,,327801,13,,,1,100,,327802,13,,,1,32,,327803,13,,,1,100,,327804,13,,,1,100,,327805,13,,,1,100,,327806,13,,,1,192,,327807,13,,,1
9400,'20261107',439,,327808,13,,,1,200,,327809,13,,,1,100,,327810,13,,,1,103,,327811,13,,,1,99,,327812,13,,,1,100,,327813,13,,,1,110,,327814,13,,,1,158,,327815,13,,,1,100,,327816,13,,,1,100,,327817,13,,,1,100,,327818,13,,,1,100,,327819,13,,,1,100,,327820,13,,,1,100,,327821,13,,,1,100,,327822,13,,,1,98,,327823,13,,,1,100,,327824,13,,,1,37,,327825,13,,,1,100,,327826,13,,,1,100,,327827,13,,,1,195,,327828,13,,,1
9400,'20261108',439,,327829,13,,,1,200,,327830,13,,,1,100,,327831,13,,,1,103,,327832,13,,,1,99,,327833,13,,,1,100,,327834,13,,,1,110,,327835,13,,,1,158,,327836,13,,,1,100,,327837,13,,,1,100,,327838,13,,,1,100,,327839,13,,,1,100,,327840,13,,,1,100,,327841,13,,,1,100,,327842,13,,,1,100,,327843,13,,,1,98,,327844,13,,,1,100,,327845,13,,,1,37,,327846,13,,,1,100,,327847,13,,,1,100,,327848,13,,,1,195,,327849,13,,,1
9400,'20261109',435,,327850,13,,,1,194,,327851,13,,,1,273,,327852,13,,,1,210,,327853,13,,,1,200,,327854,13,,,1,100,,327855,13,,,1,100,,327856,13,,,1,104,,327857,13,,,1,35,,327858,13,,,1,70,,327859,13,,,1,34,,327860,13,,,1,75,,327861,13,,,1,81,,327862,13,,,1,101,,327863,13,,,1,100,,327864,13,,,1,32,,327865,13,,,1,100,,327866,13,,,1,100,,327867,13,,,1,100,,327868,13,,,1,192,,327869,13,,,1
9400,'20261110',435,,327870,13,,,1,194,,327871,13,,,1,273,,327872,13,,,1,210,,327873,13,,,1,200,,327874,13,,,1,100,,327875,13,,,1,100,,327876,13,,,1,104,,327877,13,,,1,35,,327878,13,,,1,70,,327879,13,,,1,34,,327880,13,,,1,75,,327881,13,,,1,81,,327882,13,,,1,101,,327883,13,,,1,100,,327884,13,,,1,32,,327885,13,,,1,100,,327886,13,,,1,100,,327887,13,,,1,100,,327888,13,,,1,192,,327889,13,,,1
9400,'20261111',435,,327890,13,,,1,194,,327891,13,,,1,273,,327892,13,,,1,210,,327893,13,,,1,200,,327894,13,,,1,100,,327895,13,,,1,100,,327896,13,,,1,104,,327897,13,,,1,35,,327898,13,,,1,70,,327899,13,,,1,34,,327900,13,,,1,75,,327901,13,,,1,81,,327902,13,,,1,101,,327903,13,,,1,100,,327904,13,,,1,32,,327905,13,,,1,100,,327906,13,,,1,100,,327907,13,,,1,100,,327908,13,,,1,192,,327909,13,,,1
9400,'20261112',435,,327910,13,,,1,194,,327911,13,,,1,273,,327912,13,,,1,210,,327913,13,,,1,200,,327914,13,,,1,100,,327915,13,,,1,100,,327916,13,,,1,104,,327917,13,,,1,35,,327918,13,,,1,70,,327919,13,,,1,34,,327920,13,,,1,75,,327921,13,,,1,81,,327922,13,,,1,101,,327923,13,,,1,100,,327924,13,,,1,32,,327925,13,,,1,100,,327926,13,,,1,100,,327927,13,,,1,100,,327928,13,,,1,192,,327929,13,,,1
9400,'20261113',435,,327930,13,,,1,194,,327931,13,,,1,273,,327932,13,,,1,210,,327933,13,,,1,200,,327934,13,,,1,100,,327935,13,,,1,100,,327936,13,,,1,104,,327937,13,,,1,35,,327938,13,,,1,70,,327939,13,,,1,34,,327940,13,,,1,75,,327941,13,,,1,81,,327942,13,,,1,101,,327943,13,,,1,100,,327944,13,,,1,32,,327945,13,,,1,100,,327946,13,,,1,100,,327947,13,,,1,100,,327948,13,,,1,192,,327949,13,,,1
9400,'20261114',439,,327950,13,,,1,200,,327951,13,,,1,100,,327952,13,,,1,103,,327953,13,,,1,99,,327954,13,,,1,100,,327955,13,,,1,110,,327956,13,,,1,158,,327957,13,,,1,100,,327958,13,,,1,100,,327959,13,,,1,100,,327960,13,,,1,100,,327961,13,,,1,100,,327962,13,,,1,100,,327963,13,,,1,100,,327964,13,,,1,98,,327965,13,,,1,100,,327966,13,,,1,37,,327967,13,,,1,100,,327968,13,,,1,100,,327969,13,,,1,195,,327970,13,,,1
9400,'20261115',439,,327971,13,,,1,200,,327972,13,,,1,100,,327973,13,,,1,103,,327974,13,,,1,99,,327975,13,,,1,100,,327976,13,,,1,110,,327977,13,,,1,158,,327978,13,,,1,100,,327979,13,,,1,100,,327980,13,,,1,100,,327981,13,,,1,100,,327982,13,,,1,100,,327983,13,,,1,100,,327984,13,,,1,100,,327985,13,,,1,98,,327986,13,,,1,100,,327987,13,,,1,37,,327988,13,,,1,100,,327989,13,,,1,100,,327990,13,,,1,195,,327991,13,,,1
9400,'20261116',435,,327992,13,,,1,194,,327993,13,,,1,273,,327994,13,,,1,210,,327995,13,,,1,200,,327996,13,,,1,100,,327997,13,,,1,100,,327998,13,,,1,104,,327999,13,,,1,35,,328000,13,,,1,70,,328001,13,,,1,34,,328002,13,,,1,75,,328003,13,,,1,81,,328004,13,,,1,101,,328005,13,,,1,100,,328006,13,,,1,32,,328007,13,,,1,100,,328008,13,,,1,100,,328009,13,,,1,100,,328010,13,,,1,192,,328011,13,,,1
9400,'20261117',435,,328012,13,,,1,194,,328013,13,,,1,273,,328014,13,,,1,210,,328015,13,,,1,200,,328016,13,,,1,100,,328017,13,,,1,100,,328018,13,,,1,104,,328019,13,,,1,35,,328020,13,,,1,70,,328021,13,,,1,34,,328022,13,,,1,75,,328023,13,,,1,81,,328024,13,,,1,101,,328025,13,,,1,100,,328026,13,,,1,32,,328027,13,,,1,100,,328028,13,,,1,100,,328029,13,,,1,100,,328030,13,,,1,192,,328031,13,,,1
9400,'20261118',435,,328032,13,,,1,194,,328033,13,,,1,273,,328034,13,,,1,210,,328035,13,,,1,200,,328036,13,,,1,100,,328037,13,,,1,100,,328038,13,,,1,104,,328039,13,,,1,35,,328040,13,,,1,70,,328041,13,,,1,34,,328042,13,,,1,75,,328043,13,,,1,81,,328044,13,,,1,101,,328045,13,,,1,100,,328046,13,,,1,32,,328047,13,,,1,100,,328048,13,,,1,100,,328049,13,,,1,100,,328050,13,,,1,192,,328051,13,,,1
9400,'20261119',435,,328052,13,,,1,194,,328053,13,,,1,273,,328054,13,,,1,210,,328055,13,,,1,200,,328056,13,,,1,100,,328057,13,,,1,100,,328058,13,,,1,104,,328059,13,,,1,35,,328060,13,,,1,70,,328061,13,,,1,34,,328062,13,,,1,75,,328063,13,,,1,81,,328064,13,,,1,101,,328065,13,,,1,100,,328066,13,,,1,32,,328067,13,,,1,100,,328068,13,,,1,100,,328069,13,,,1,100,,328070,13,,,1,192,,328071,13,,,1
9400,'20261120',435,,328072,13,,,1,194,,328073,13,,,1,273,,328074,13,,,1,210,,328075,13,,,1,200,,328076,13,,,1,100,,328077,13,,,1,100,,328078,13,,,1,104,,328079,13,,,1,35,,328080,13,,,1,70,,328081,13,,,1,34,,328082,13,,,1,75,,328083,13,,,1,81,,328084,13,,,1,101,,328085,13,,,1,100,,328086,13,,,1,32,,328087,13,,,1,100,,328088,13,,,1,100,,328089,13,,,1,100,,328090,13,,,1,192,,328091,13,,,1
9400,'20261121',439,,328092,13,,,1,200,,328093,13,,,1,100,,328094,13,,,1,103,,328095,13,,,1,99,,328096,13,,,1,100,,328097,13,,,1,110,,328098,13,,,1,158,,328099,13,,,1,100,,328100,13,,,1,100,,328101,13,,,1,100,,328102,13,,,1,100,,328103,13,,,1,100,,328104,13,,,1,100,,328105,13,,,1,100,,328106,13,,,1,98,,328107,13,,,1,100,,328108,13,,,1,37,,328109,13,,,1,100,,328110,13,,,1,100,,328111,13,,,1,195,,328112,13,,,1
9400,'20261122',439,,328113,13,,,1,200,,328114,13,,,1,100,,328115,13,,,1,103,,328116,13,,,1,99,,328117,13,,,1,100,,328118,13,,,1,110,,328119,13,,,1,158,,328120,13,,,1,100,,328121,13,,,1,100,,328122,13,,,1,100,,328123,13,,,1,100,,328124,13,,,1,100,,328125,13,,,1,100,,328126,13,,,1,100,,328127,13,,,1,98,,328128,13,,,1,100,,328129,13,,,1,37,,328130,13,,,1,100,,328131,13,,,1,100,,328132,13,,,1,195,,328133,13,,,1
9400,'20261123',435,,328134,13,,,1,194,,328135,13,,,1,273,,328136,13,,,1,210,,328137,13,,,1,200,,328138,13,,,1,100,,328139,13,,,1,100,,328140,13,,,1,104,,328141,13,,,1,35,,328142,13,,,1,70,,328143,13,,,1,34,,328144,13,,,1,75,,328145,13,,,1,81,,328146,13,,,1,101,,328147,13,,,1,100,,328148,13,,,1,32,,328149,13,,,1,100,,328150,13,,,1,100,,328151,13,,,1,100,,328152,13,,,1,192,,328153,13,,,1
9400,'20261124',435,,328154,13,,,1,194,,328155,13,,,1,273,,328156,13,,,1,210,,328157,13,,,1,200,,328158,13,,,1,100,,328159,13,,,1,100,,328160,13,,,1,104,,328161,13,,,1,35,,328162,13,,,1,70,,328163,13,,,1,34,,328164,13,,,1,75,,328165,13,,,1,81,,328166,13,,,1,101,,328167,13,,,1,100,,328168,13,,,1,32,,328169,13,,,1,100,,328170,13,,,1,100,,328171,13,,,1,100,,328172,13,,,1,192,,328173,13,,,1
9400,'20261125',435,,328174,13,,,1,194,,328175,13,,,1,273,,328176,13,,,1,210,,328177,13,,,1,200,,328178,13,,,1,100,,328179,13,,,1,100,,328180,13,,,1,104,,328181,13,,,1,35,,328182,13,,,1,70,,328183,13,,,1,34,,328184,13,,,1,75,,328185,13,,,1,81,,328186,13,,,1,101,,328187,13,,,1,100,,328188,13,,,1,32,,328189,13,,,1,100,,328190,13,,,1,100,,328191,13,,,1,100,,328192,13,,,1,192,,328193,13,,,1
9400,'20261126',435,,328194,13,,,1,194,,328195,13,,,1,273,,328196,13,,,1,210,,328197,13,,,1,200,,328198,13,,,1,100,,328199,13,,,1,100,,328200,13,,,1,104,,328201,13,,,1,35,,328202,13,,,1,70,,328203,13,,,1,34,,328204,13,,,1,75,,328205,13,,,1,81,,328206,13,,,1,101,,328207,13,,,1,100,,328208,13,,,1,32,,328209,13,,,1,100,,328210,13,,,1,100,,328211,13,,,1,100,,328212,13,,,1,192,,328213,13,,,1
9400,'20261127',435,,328214,13,,,1,194,,328215,13,,,1,273,,328216,13,,,1,210,,328217,13,,,1,200,,328218,13,,,1,100,,328219,13,,,1,100,,328220,13,,,1,104,,328221,13,,,1,35,,328222,13,,,1,70,,328223,13,,,1,34,,328224,13,,,1,75,,328225,13,,,1,81,,328226,13,,,1,101,,328227,13,,,1,100,,328228,13,,,1,32,,328229,13,,,1,100,,328230,13,,,1,100,,328231,13,,,1,100,,328232,13,,,1,192,,328233,13,,,1
