4101,'20260917',505,,292840,4,,,1,95,,292842,4,,,1,25,,292843,4,,,1,75,,292845,4,,,1,30,,292846,4,,,1,70,,292847,4,,,1,30,,292848,4,,,1,75,,292849,4,,,1,35,,292850,4,,,1,75,,292851,4,,,1,35,,292852,4,,,1,70,,292854,4,,,1,5,,292853,4,0,7 40 41,1,25,,292856,4,,,1,5,,292855,4,0,7 40 41,1,65,,292857,4,0,7 40 41,1,20,,292860,4,,,1,5,,292859,4,0,7 40 41,1,55,,292862,4,,,1,10,,292861,4,0,7 40 41,1,25,,292863,4,0,7 40 41,1,15,,292866,4,,,1,55,,292865,4,0,7 40 41,1,25,,292868,4,0,7 40 41,1,25,,292870,4,0,7 40 41,1,45,,292872,4,,,1,30,,292875,4,,,1,15,,292873,4,0,7 40 41,1,65,,292880,4,,,1,10,,292879,4,0,7 40 41,1,20,,292884,4,,,1,10,,292883,4,0,7 40 41,1,60,,292887,4,,,1,10,,292886,4,0,7 40 41,1,25,,292890,4,,,1,5,,292889,4,0,7 40 41,1,75,,292893,4,,,1,10,,292892,4,0,7 40 41,1,70,,292894,4,0,7 40 41,1,5,,292895,4,,,1,15,,292896,4,0,7 40 41,1,10,,292897,4,,,1,65,,292899,4,,,1,5,,292898,4,0,7 40 41,1,20,,292901,4,,,1,10,,292900,4,0,7 40 41,1,75,,292902,4,0,7 40 41,1,15,,292903,4,,,1,90,,292904,4,,,1
4101,'20260918',505,,292905,4,,,1,95,,292907,4,,,1,25,,292908,4,,,1,75,,292910,4,,,1,30,,292911,4,,,1,70,,292912,4,,,1,30,,292913,4,,,1,75,,292914,4,,,1,35,,292915,4,,,1,75,,292916,4,,,1,35,,292917,4,,,1,70,,292919,4,,,1,5,,292918,4,0,7 40 41,1,25,,292921,4,,,1,5,,292920,4,0,7 40 41,1,65,,292922,4,0,7 40 41,1,20,,292925,4,,,1,5,,292924,4,0,7 40 41,1,55,,292927,4,,,1,10,,292926,4,0,7 40 41,1,25,,292928,4,0,7 40 41,1,15,,292931,4,,,1,55,,292930,4,0,7 40 41,1,25,,292933,4,0,7 40 41,1,25,,292935,4,0,7 40 41,1,45,,292937,4,,,1,30,,292940,4,,,1,15,,292938,4,0,7 40 41,1,65,,292945,4,,,1,10,,292944,4,0,7 40 41,1,20,,292949,4,,,1,10,,292948,4,0,7 40 41,1,60,,292952,4,,,1,10,,292951,4,0,7 40 41,1,25,,292955,4,,,1,5,,292954,4,0,7 40 41,1,75,,292958,4,,,1,10,,292957,4,0,7 40 41,1,70,,292959,4,0,7 40 41,1,5,,292960,4,,,1,15,,292961,4,0,7 40 41,1,10,,292962,4,,,1,65,,292964,4,,,1,5,,292963,4,0,7 40 41,1,20,,292966,4,,,1,10,,292965,4,0,7 40 41,1,75,,292967,4,0,7 40 41,1,15,,292968,4,,,1,90,,292969,4,,,1
4101,'20260921',505,,292970,4,,,1,95,,292972,4,,,1,25,,292973,4,,,1,75,,292975,4,,,1,30,,292976,4,,,1,70,,292977,4,,,1,30,,292978,4,,,1,75,,292979,4,,,1,35,,292980,4,,,1,75,,292981,4,,,1,35,,292982,4,,,1,70,,292984,4,,,1,5,,292983,4,0,7 40 41,1,25,,292986,4,,,1,5,,292985,4,0,7 40 41,1,65,,292987,4,0,7 40 41,1,20,,292990,4,,,1,5,,292989,4,0,7 40 41,1,55,,292992,4,,,1,10,,292991,4,0,7 40 41,1,25,,292993,4,0,7 40 41,1,15,,292996,4,,,1,55,,292995,4,0,7 40 41,1,25,,292998,4,0,7 40 41,1,25,,293000,4,0,7 40 41,1,45,,293002,4,,,1,30,,293005,4,,,1,15,,293003,4,0,7 40 41,1,65,,293010,4,,,1,10,,293009,4,0,7 40 41,1,20,,293014,4,,,1,10,,293013,4,0,7 40 41,1,60,,293017,4,,,1,10,,293016,4,0,7 40 41,1,25,,293020,4,,,1,5,,293019,4,0,7 40 41,1,75,,293023,4,,,1,10,,293022,4,0,7 40 41,1,70,,293024,4,0,7 40 41,1,5,,293025,4,,,1,15,,293026,4,0,7 40 41,1,10,,293027,4,,,1,65,,293029,4,,,1,5,,293028,4,0,7 40 41,1,20,,293031,4,,,1,10,,293030,4,0,7 40 41,1,75,,293032,4,0,7 40 41,1,15,,293033,4,,,1,90,,293034,4,,,1
4101,'20260922',505,,293035,4,,,1,95,,293037,4,,,1,25,,293038,4,,,1,75,,293040,4,,,1,30,,293041,4,,,1,70,,293042,4,,,1,30,,293043,4,,,1,75,,293044,4,,,1,35,,293045,4,,,1,75,,293046,4,,,1,35,,293047,4,,,1,70,,293049,4,,,1,5,,293048,4,0,7 40 41,1,25,,293051,4,,,1,5,,293050,4,0,7 40 41,1,65,,293052,4,0,7 40 41,1,20,,293055,4,,,1,5,,293054,4,0,7 40 41,1,55,,293057,4,,,1,10,,293056,4,0,7 40 41,1,25,,293058,4,0,7 40 41,1,15,,293061,4,,,1,55,,293060,4,0,7 40 41,1,25,,293063,4,0,7 40 41,1,25,,293065,4,0,7 40 41,1,45,,293067,4,,,1,30,,293070,4,,,1,15,,293068,4,0,7 40 41,1,65,,293075,4,,,1,10,,293074,4,0,7 40 41,1,20,,293079,4,,,1,10,,293078,4,0,7 40 41,1,60,,293082,4,,,1,10,,293081,4,0,7 40 41,1,25,,293085,4,,,1,5,,293084,4,0,7 40 41,1,75,,293088,4,,,1,10,,293087,4,0,7 40 41,1,70,,293089,4,0,7 40 41,1,5,,293090,4,,,1,15,,293091,4,0,7 40 41,1,10,,293092,4,,,1,65,,293094,4,,,1,5,,293093,4,0,7 40 41,1,20,,293096,4,,,1,10,,293095,4,0,7 40 41,1,75,,293097,4,0,7 40 41,1,15,,293098,4,,,1,90,,293099,4,,,1
4101,'20260923',505,,293100,4,,,1,95,,293102,4,,,1,25,,293103,4,,,1,75,,293105,4,,,1,30,,293106,4,,,1,70,,293107,4,,,1,30,,293108,4,,,1,75,,293109,4,,,1,35,,293110,4,,,1,75,,293111,4,,,1,35,,293112,4,,,1,70,,293114,4,,,1,5,,293113,4,0,7 40 41,1,25,,293116,4,,,1,5,,293115,4,0,7 40 41,1,65,,293117,4,0,7 40 41,1,20,,293120,4,,,1,5,,293119,4,0,7 40 41,1,55,,293122,4,,,1,10,,293121,4,0,7 40 41,1,25,,293123,4,0,7 40 41,1,15,,293126,4,,,1,55,,293125,4,0,7 40 41,1,25,,293128,4,0,7 40 41,1,25,,293130,4,0,7 40 41,1,45,,293132,4,,,1,30,,293135,4,,,1,15,,293133,4,0,7 40 41,1,65,,293140,4,,,1,10,,293139,4,0,7 40 41,1,20,,293144,4,,,1,10,,293143,4,0,7 40 41,1,60,,293147,4,,,1,10,,293146,4,0,7 40 41,1,25,,293150,4,,,1,5,,293149,4,0,7 40 41,1,75,,293153,4,,,1,10,,293152,4,0,7 40 41,1,70,,293154,4,0,7 40 41,1,5,,293155,4,,,1,15,,293156,4,0,7 40 41,1,10,,293157,4,,,1,65,,293159,4,,,1,5,,293158,4,0,7 40 41,1,20,,293161,4,,,1,10,,293160,4,0,7 40 41,1,75,,293162,4,0,7 40 41,1,15,,293163,4,,,1,90,,293164,4,,,1
4101,'20260924',505,,293165,4,,,1,95,,293167,4,,,1,25,,293168,4,,,1,75,,293170,4,,,1,30,,293171,4,,,1,70,,293172,4,,,1,30,,293173,4,,,1,75,,293174,4,,,1,35,,293175,4,,,1,75,,293176,4,,,1,35,,293177,4,,,1,70,,293179,4,,,1,5,,293178,4,0,7 40 41,1,25,,293181,4,,,1,5,,293180,4,0,7 40 41,1,65,,293182,4,0,7 40 41,1,20,,293185,4,,,1,5,,293184,4,0,7 40 41,1,55,,293187,4,,,1,10,,293186,4,0,7 40 41,1,25,,293188,4,0,7 40 41,1,15,,293191,4,,,1,55,,293190,4,0,7 40 41,1,25,,293193,4,0,7 40 41,1,25,,293195,4,0,7 40 41,1,45,,293197,4,,,1,30,,293200,4,,,1,15,,293198,4,0,7 40 41,1,65,,293205,4,,,1,10,,293204,4,0,7 40 41,1,20,,293209,4,,,1,10,,293208,4,0,7 40 41,1,60,,293212,4,,,1,10,,293211,4,0,7 40 41,1,25,,293215,4,,,1,5,,293214,4,0,7 40 41,1,75,,293218,4,,,1,10,,293217,4,0,7 40 41,1,70,,293219,4,0,7 40 41,1,5,,293220,4,,,1,15,,293221,4,0,7 40 41,1,10,,293222,4,,,1,65,,293224,4,,,1,5,,293223,4,0,7 40 41,1,20,,293226,4,,,1,10,,293225,4,0,7 40 41,1,75,,293227,4,0,7 40 41,1,15,,293228,4,,,1,90,,293229,4,,,1
4101,'20260925',505,,293230,4,,,1,95,,293232,4,,,1,25,,293233,4,,,1,75,,293235,4,,,1,30,,293236,4,,,1,70,,293237,4,,,1,30,,293238,4,,,1,75,,293239,4,,,1,35,,293240,4,,,1,75,,293241,4,,,1,35,,293242,4,,,1,70,,293244,4,,,1,5,,293243,4,0,7 40 41,1,25,,293246,4,,,1,5,,293245,4,0,7 40 41,1,65,,293247,4,0,7 40 41,1,20,,293250,4,,,1,5,,293249,4,0,7 40 41,1,55,,293252,4,,,1,10,,293251,4,0,7 40 41,1,25,,293253,4,0,7 40 41,1,15,,293256,4,,,1,55,,293255,4,0,7 40 41,1,25,,293258,4,0,7 40 41,1,25,,293260,4,0,7 40 41,1,45,,293262,4,,,1,30,,293265,4,,,1,15,,293263,4,0,7 40 41,1,65,,293270,4,,,1,10,,293269,4,0,7 40 41,1,20,,293274,4,,,1,10,,293273,4,0,7 40 41,1,60,,293277,4,,,1,10,,293276,4,0,7 40 41,1,25,,293280,4,,,1,5,,293279,4,0,7 40 41,1,75,,293283,4,,,1,10,,293282,4,0,7 40 41,1,70,,293284,4,0,7 40 41,1,5,,293285,4,,,1,15,,293286,4,0,7 40 41,1,10,,293287,4,,,1,65,,293289,4,,,1,5,,293288,4,0,7 40 41,1,20,,293291,4,,,1,10,,293290,4,0,7 40 41,1,75,,293292,4,0,7 40 41,1,15,,293293,4,,,1,90,,293294,4,,,1
4101,'20260928',505,,293295,4,,,1,95,,293297,4,,,1,25,,293298,4,,,1,75,,293300,4,,,1,30,,293301,4,,,1,70,,293302,4,,,1,30,,293303,4,,,1,75,,293304,4,,,1,35,,293305,4,,,1,75,,293306,4,,,1,35,,293307,4,,,1,70,,293309,4,,,1,5,,293308,4,0,7 40 41,1,25,,293311,4,,,1,5,,293310,4,0,7 40 41,1,65,,293312,4,0,7 40 41,1,20,,293315,4,,,1,5,,293314,4,0,7 40 41,1,55,,293317,4,,,1,10,,293316,4,0,7 40 41,1,25,,293318,4,0,7 40 41,1,15,,293321,4,,,1,55,,293320,4,0,7 40 41,1,25,,293323,4,0,7 40 41,1,25,,293325,4,0,7 40 41,1,45,,293327,4,,,1,30,,293330,4,,,1,15,,293328,4,0,7 40 41,1,65,,293335,4,,,1,10,,293334,4,0,7 40 41,1,20,,293339,4,,,1,10,,293338,4,0,7 40 41,1,60,,293342,4,,,1,10,,293341,4,0,7 40 41,1,25,,293345,4,,,1,5,,293344,4,0,7 40 41,1,75,,293348,4,,,1,10,,293347,4,0,7 40 41,1,70,,293349,4,0,7 40 41,1,5,,293350,4,,,1,15,,293351,4,0,7 40 41,1,10,,293352,4,,,1,65,,293354,4,,,1,5,,293353,4,0,7 40 41,1,20,,293356,4,,,1,10,,293355,4,0,7 40 41,1,75,,293357,4,0,7 40 41,1,15,,293358,4,,,1,90,,293359,4,,,1
4101,'20260929',505,,293360,4,,,1,95,,293362,4,,,1,25,,293363,4,,,1,75,,293365,4,,,1,30,,293366,4,,,1,70,,293367,4,,,1,30,,293368,4,,,1,75,,293369,4,,,1,35,,293370,4,,,1,75,,293371,4,,,1,35,,293372,4,,,1,70,,293374,4,,,1,5,,293373,4,0,7 40 41,1,25,,293376,4,,,1,5,,293375,4,0,7 40 41,1,65,,293377,4,0,7 40 41,1,20,,293380,4,,,1,5,,293379,4,0,7 40 41,1,55,,293382,4,,,1,10,,293381,4,0,7 40 41,1,25,,293383,4,0,7 40 41,1,15,,293386,4,,,1,55,,293385,4,0,7 40 41,1,25,,293388,4,0,7 40 41,1,25,,293390,4,0,7 40 41,1,45,,293392,4,,,1,30,,293395,4,,,1,15,,293393,4,0,7 40 41,1,65,,293400,4,,,1,10,,293399,4,0,7 40 41,1,20,,293404,4,,,1,10,,293403,4,0,7 40 41,1,60,,293407,4,,,1,10,,293406,4,0,7 40 41,1,25,,293410,4,,,1,5,,293409,4,0,7 40 41,1,75,,293413,4,,,1,10,,293412,4,0,7 40 41,1,70,,293414,4,0,7 40 41,1,5,,293415,4,,,1,15,,293416,4,0,7 40 41,1,10,,293417,4,,,1,65,,293419,4,,,1,5,,293418,4,0,7 40 41,1,20,,293421,4,,,1,10,,293420,4,0,7 40 41,1,75,,293422,4,0,7 40 41,1,15,,293423,4,,,1,90,,293424,4,,,1
4101,'20260930',505,,293425,4,,,1,95,,293427,4,,,1,25,,293428,4,,,1,75,,293430,4,,,1,30,,293431,4,,,1,70,,293432,4,,,1,30,,293433,4,,,1,75,,293434,4,,,1,35,,293435,4,,,1,75,,293436,4,,,1,35,,293437,4,,,1,70,,293439,4,,,1,5,,293438,4,0,7 40 41,1,25,,293441,4,,,1,5,,293440,4,0,7 40 41,1,65,,293442,4,0,7 40 41,1,20,,293445,4,,,1,5,,293444,4,0,7 40 41,1,55,,293447,4,,,1,10,,293446,4,0,7 40 41,1,25,,293448,4,0,7 40 41,1,15,,293451,4,,,1,55,,293450,4,0,7 40 41,1,25,,293453,4,0,7 40 41,1,25,,293455,4,0,7 40 41,1,45,,293457,4,,,1,30,,293460,4,,,1,15,,293458,4,0,7 40 41,1,65,,293465,4,,,1,10,,293464,4,0,7 40 41,1,20,,293469,4,,,1,10,,293468,4,0,7 40 41,1,60,,293472,4,,,1,10,,293471,4,0,7 40 41,1,25,,293475,4,,,1,5,,293474,4,0,7 40 41,1,75,,293478,4,,,1,10,,293477,4,0,7 40 41,1,70,,293479,4,0,7 40 41,1,5,,293480,4,,,1,15,,293481,4,0,7 40 41,1,10,,293482,4,,,1,65,,293484,4,,,1,5,,293483,4,0,7 40 41,1,20,,293486,4,,,1,10,,293485,4,0,7 40 41,1,75,,293487,4,0,7 40 41,1,15,,293488,4,,,1,90,,293489,4,,,1
4101,'20261001',505,,293490,4,,,1,95,,293492,4,,,1,25,,293493,4,,,1,75,,293495,4,,,1,30,,293496,4,,,1,70,,293497,4,,,1,30,,293498,4,,,1,75,,293499,4,,,1,35,,293500,4,,,1,75,,293501,4,,,1,35,,293502,4,,,1,70,,293504,4,,,1,5,,293503,4,0,7 40 41,1,25,,293506,4,,,1,5,,293505,4,0,7 40 41,1,65,,293507,4,0,7 40 41,1,20,,293510,4,,,1,5,,293509,4,0,7 40 41,1,55,,293512,4,,,1,10,,293511,4,0,7 40 41,1,25,,293513,4,0,7 40 41,1,15,,293516,4,,,1,55,,293515,4,0,7 40 41,1,25,,293518,4,0,7 40 41,1,25,,293520,4,0,7 40 41,1,45,,293522,4,,,1,30,,293525,4,,,1,15,,293523,4,0,7 40 41,1,65,,293530,4,,,1,10,,293529,4,0,7 40 41,1,20,,293534,4,,,1,10,,293533,4,0,7 40 41,1,60,,293537,4,,,1,10,,293536,4,0,7 40 41,1,25,,293540,4,,,1,5,,293539,4,0,7 40 41,1,75,,293543,4,,,1,10,,293542,4,0,7 40 41,1,70,,293544,4,0,7 40 41,1,5,,293545,4,,,1,15,,293546,4,0,7 40 41,1,10,,293547,4,,,1,65,,293549,4,,,1,5,,293548,4,0,7 40 41,1,20,,293551,4,,,1,10,,293550,4,0,7 40 41,1,75,,293552,4,0,7 40 41,1,15,,293553,4,,,1,90,,293554,4,,,1
4101,'20261002',505,,293555,4,,,1,95,,293557,4,,,1,25,,293558,4,,,1,75,,293560,4,,,1,30,,293561,4,,,1,70,,293562,4,,,1,30,,293563,4,,,1,75,,293564,4,,,1,35,,293565,4,,,1,75,,293566,4,,,1,35,,293567,4,,,1,70,,293569,4,,,1,5,,293568,4,0,7 40 41,1,25,,293571,4,,,1,5,,293570,4,0,7 40 41,1,65,,293572,4,0,7 40 41,1,20,,293575,4,,,1,5,,293574,4,0,7 40 41,1,55,,293577,4,,,1,10,,293576,4,0,7 40 41,1,25,,293578,4,0,7 40 41,1,15,,293581,4,,,1,55,,293580,4,0,7 40 41,1,25,,293583,4,0,7 40 41,1,25,,293585,4,0,7 40 41,1,45,,293587,4,,,1,30,,293590,4,,,1,15,,293588,4,0,7 40 41,1,65,,293595,4,,,1,10,,293594,4,0,7 40 41,1,20,,293599,4,,,1,10,,293598,4,0,7 40 41,1,60,,293602,4,,,1,10,,293601,4,0,7 40 41,1,25,,293605,4,,,1,5,,293604,4,0,7 40 41,1,75,,293608,4,,,1,10,,293607,4,0,7 40 41,1,70,,293609,4,0,7 40 41,1,5,,293610,4,,,1,15,,293611,4,0,7 40 41,1,10,,293612,4,,,1,65,,293614,4,,,1,5,,293613,4,0,7 40 41,1,20,,293616,4,,,1,10,,293615,4,0,7 40 41,1,75,,293617,4,0,7 40 41,1,15,,293618,4,,,1,90,,293619,4,,,1
4101,'20261005',505,,293620,4,,,1,95,,293622,4,,,1,25,,293623,4,,,1,75,,293625,4,,,1,30,,293626,4,,,1,70,,293627,4,,,1,30,,293628,4,,,1,75,,293629,4,,,1,35,,293630,4,,,1,75,,293631,4,,,1,35,,293632,4,,,1,70,,293634,4,,,1,5,,293633,4,0,7 40 41,1,25,,293636,4,,,1,5,,293635,4,0,7 40 41,1,65,,293637,4,0,7 40 41,1,20,,293640,4,,,1,5,,293639,4,0,7 40 41,1,55,,293642,4,,,1,10,,293641,4,0,7 40 41,1,25,,293643,4,0,7 40 41,1,15,,293646,4,,,1,55,,293645,4,0,7 40 41,1,25,,293648,4,0,7 40 41,1,25,,293650,4,0,7 40 41,1,45,,293652,4,,,1,30,,293655,4,,,1,15,,293653,4,0,7 40 41,1,65,,293660,4,,,1,10,,293659,4,0,7 40 41,1,20,,293664,4,,,1,10,,293663,4,0,7 40 41,1,60,,293667,4,,,1,10,,293666,4,0,7 40 41,1,25,,293670,4,,,1,5,,293669,4,0,7 40 41,1,75,,293673,4,,,1,10,,293672,4,0,7 40 41,1,70,,293674,4,0,7 40 41,1,5,,293675,4,,,1,15,,293676,4,0,7 40 41,1,10,,293677,4,,,1,65,,293679,4,,,1,5,,293678,4,0,7 40 41,1,20,,293681,4,,,1,10,,293680,4,0,7 40 41,1,75,,293682,4,0,7 40 41,1,15,,293683,4,,,1,90,,293684,4,,,1
4101,'20261006',505,,293685,4,,,1,95,,293687,4,,,1,25,,293688,4,,,1,75,,293690,4,,,1,30,,293691,4,,,1,70,,293692,4,,,1,30,,293693,4,,,1,75,,293694,4,,,1,35,,293695,4,,,1,75,,293696,4,,,1,35,,293697,4,,,1,70,,293699,4,,,1,5,,293698,4,0,7 40 41,1,25,,293701,4,,,1,5,,293700,4,0,7 40 41,1,65,,293702,4,0,7 40 41,1,20,,293705,4,,,1,5,,293704,4,0,7 40 41,1,55,,293707,4,,,1,10,,293706,4,0,7 40 41,1,25,,293708,4,0,7 40 41,1,15,,293711,4,,,1,55,,293710,4,0,7 40 41,1,25,,293713,4,0,7 40 41,1,25,,293715,4,0,7 40 41,1,45,,293717,4,,,1,30,,293720,4,,,1,15,,293718,4,0,7 40 41,1,65,,293725,4,,,1,10,,293724,4,0,7 40 41,1,20,,293729,4,,,1,10,,293728,4,0,7 40 41,1,60,,293732,4,,,1,10,,293731,4,0,7 40 41,1,25,,293735,4,,,1,5,,293734,4,0,7 40 41,1,75,,293738,4,,,1,10,,293737,4,0,7 40 41,1,70,,293739,4,0,7 40 41,1,5,,293740,4,,,1,15,,293741,4,0,7 40 41,1,10,,293742,4,,,1,65,,293744,4,,,1,5,,293743,4,0,7 40 41,1,20,,293746,4,,,1,10,,293745,4,0,7 40 41,1,75,,293747,4,0,7 40 41,1,15,,293748,4,,,1,90,,293749,4,,,1
4101,'20261007',505,,293750,4,,,1,95,,293752,4,,,1,25,,293753,4,,,1,75,,293755,4,,,1,30,,293756,4,,,1,70,,293757,4,,,1,30,,293758,4,,,1,75,,293759,4,,,1,35,,293760,4,,,1,75,,293761,4,,,1,35,,293762,4,,,1,70,,293764,4,,,1,5,,293763,4,0,7 40 41,1,25,,293766,4,,,1,5,,293765,4,0,7 40 41,1,65,,293767,4,0,7 40 41,1,20,,293770,4,,,1,5,,293769,4,0,7 40 41,1,55,,293772,4,,,1,10,,293771,4,0,7 40 41,1,25,,293773,4,0,7 40 41,1,15,,293776,4,,,1,55,,293775,4,0,7 40 41,1,25,,293778,4,0,7 40 41,1,25,,293780,4,0,7 40 41,1,45,,293782,4,,,1,30,,293785,4,,,1,15,,293783,4,0,7 40 41,1,65,,293790,4,,,1,10,,293789,4,0,7 40 41,1,20,,293794,4,,,1,10,,293793,4,0,7 40 41,1,60,,293797,4,,,1,10,,293796,4,0,7 40 41,1,25,,293800,4,,,1,5,,293799,4,0,7 40 41,1,75,,293803,4,,,1,10,,293802,4,0,7 40 41,1,70,,293804,4,0,7 40 41,1,5,,293805,4,,,1,15,,293806,4,0,7 40 41,1,10,,293807,4,,,1,65,,293809,4,,,1,5,,293808,4,0,7 40 41,1,20,,293811,4,,,1,10,,293810,4,0,7 40 41,1,75,,293812,4,0,7 40 41,1,15,,293813,4,,,1,90,,293814,4,,,1
4101,'20261008',505,,293815,4,,,1,95,,293817,4,,,1,25,,293818,4,,,1,75,,293820,4,,,1,30,,293821,4,,,1,70,,293822,4,,,1,30,,293823,4,,,1,75,,293824,4,,,1,35,,293825,4,,,1,75,,293826,4,,,1,35,,293827,4,,,1,70,,293829,4,,,1,5,,293828,4,0,7 40 41,1,25,,293831,4,,,1,5,,293830,4,0,7 40 41,1,65,,293832,4,0,7 40 41,1,20,,293835,4,,,1,5,,293834,4,0,7 40 41,1,55,,293837,4,,,1,10,,293836,4,0,7 40 41,1,25,,293838,4,0,7 40 41,1,15,,293841,4,,,1,55,,293840,4,0,7 40 41,1,25,,293843,4,0,7 40 41,1,25,,293845,4,0,7 40 41,1,45,,293847,4,,,1,30,,293850,4,,,1,15,,293848,4,0,7 40 41,1,65,,293855,4,,,1,10,,293854,4,0,7 40 41,1,20,,293859,4,,,1,10,,293858,4,0,7 40 41,1,60,,293862,4,,,1,10,,293861,4,0,7 40 41,1,25,,293865,4,,,1,5,,293864,4,0,7 40 41,1,75,,293868,4,,,1,10,,293867,4,0,7 40 41,1,70,,293869,4,0,7 40 41,1,5,,293870,4,,,1,15,,293871,4,0,7 40 41,1,10,,293872,4,,,1,65,,293874,4,,,1,5,,293873,4,0,7 40 41,1,20,,293876,4,,,1,10,,293875,4,0,7 40 41,1,75,,293877,4,0,7 40 41,1,15,,293878,4,,,1,90,,293879,4,,,1
4101,'20261009',505,,293880,4,,,1,95,,293882,4,,,1,25,,293883,4,,,1,75,,293885,4,,,1,30,,293886,4,,,1,70,,293887,4,,,1,30,,293888,4,,,1,75,,293889,4,,,1,35,,293890,4,,,1,75,,293891,4,,,1,35,,293892,4,,,1,70,,293894,4,,,1,5,,293893,4,0,7 40 41,1,25,,293896,4,,,1,5,,293895,4,0,7 40 41,1,65,,293897,4,0,7 40 41,1,20,,293900,4,,,1,5,,293899,4,0,7 40 41,1,55,,293902,4,,,1,10,,293901,4,0,7 40 41,1,25,,293903,4,0,7 40 41,1,15,,293906,4,,,1,55,,293905,4,0,7 40 41,1,25,,293908,4,0,7 40 41,1,25,,293910,4,0,7 40 41,1,45,,293912,4,,,1,30,,293915,4,,,1,15,,293913,4,0,7 40 41,1,65,,293920,4,,,1,10,,293919,4,0,7 40 41,1,20,,293924,4,,,1,10,,293923,4,0,7 40 41,1,60,,293927,4,,,1,10,,293926,4,0,7 40 41,1,25,,293930,4,,,1,5,,293929,4,0,7 40 41,1,75,,293933,4,,,1,10,,293932,4,0,7 40 41,1,70,,293934,4,0,7 40 41,1,5,,293935,4,,,1,15,,293936,4,0,7 40 41,1,10,,293937,4,,,1,65,,293939,4,,,1,5,,293938,4,0,7 40 41,1,20,,293941,4,,,1,10,,293940,4,0,7 40 41,1,75,,293942,4,0,7 40 41,1,15,,293943,4,,,1,90,,293944,4,,,1
4101,'20261013',505,,293945,4,,,1,95,,293947,4,,,1,25,,293948,4,,,1,75,,293950,4,,,1,30,,293951,4,,,1,70,,293952,4,,,1,30,,293953,4,,,1,75,,293954,4,,,1,35,,293955,4,,,1,75,,293956,4,,,1,35,,293957,4,,,1,70,,293959,4,,,1,5,,293958,4,0,7 40 41,1,25,,293961,4,,,1,5,,293960,4,0,7 40 41,1,65,,293962,4,0,7 40 41,1,20,,293965,4,,,1,5,,293964,4,0,7 40 41,1,55,,293967,4,,,1,10,,293966,4,0,7 40 41,1,25,,293968,4,0,7 40 41,1,15,,293971,4,,,1,55,,293970,4,0,7 40 41,1,25,,293973,4,0,7 40 41,1,25,,293975,4,0,7 40 41,1,45,,293977,4,,,1,30,,293980,4,,,1,15,,293978,4,0,7 40 41,1,65,,293985,4,,,1,10,,293984,4,0,7 40 41,1,20,,293989,4,,,1,10,,293988,4,0,7 40 41,1,60,,293992,4,,,1,10,,293991,4,0,7 40 41,1,25,,293995,4,,,1,5,,293994,4,0,7 40 41,1,75,,293998,4,,,1,10,,293997,4,0,7 40 41,1,70,,293999,4,0,7 40 41,1,5,,294000,4,,,1,15,,294001,4,0,7 40 41,1,10,,294002,4,,,1,65,,294004,4,,,1,5,,294003,4,0,7 40 41,1,20,,294006,4,,,1,10,,294005,4,0,7 40 41,1,75,,294007,4,0,7 40 41,1,15,,294008,4,,,1,90,,294009,4,,,1
4101,'20261014',505,,294010,4,,,1,95,,294012,4,,,1,25,,294013,4,,,1,75,,294015,4,,,1,30,,294016,4,,,1,70,,294017,4,,,1,30,,294018,4,,,1,75,,294019,4,,,1,35,,294020,4,,,1,75,,294021,4,,,1,35,,294022,4,,,1,70,,294024,4,,,1,5,,294023,4,0,7 40 41,1,25,,294026,4,,,1,5,,294025,4,0,7 40 41,1,65,,294027,4,0,7 40 41,1,20,,294030,4,,,1,5,,294029,4,0,7 40 41,1,55,,294032,4,,,1,10,,294031,4,0,7 40 41,1,25,,294033,4,0,7 40 41,1,15,,294036,4,,,1,55,,294035,4,0,7 40 41,1,25,,294038,4,0,7 40 41,1,25,,294040,4,0,7 40 41,1,45,,294042,4,,,1,30,,294045,4,,,1,15,,294043,4,0,7 40 41,1,65,,294050,4,,,1,10,,294049,4,0,7 40 41,1,20,,294054,4,,,1,10,,294053,4,0,7 40 41,1,60,,294057,4,,,1,10,,294056,4,0,7 40 41,1,25,,294060,4,,,1,5,,294059,4,0,7 40 41,1,75,,294063,4,,,1,10,,294062,4,0,7 40 41,1,70,,294064,4,0,7 40 41,1,5,,294065,4,,,1,15,,294066,4,0,7 40 41,1,10,,294067,4,,,1,65,,294069,4,,,1,5,,294068,4,0,7 40 41,1,20,,294071,4,,,1,10,,294070,4,0,7 40 41,1,75,,294072,4,0,7 40 41,1,15,,294073,4,,,1,90,,294074,4,,,1
4101,'20261015',505,,294075,4,,,1,95,,294077,4,,,1,25,,294078,4,,,1,75,,294080,4,,,1,30,,294081,4,,,1,70,,294082,4,,,1,30,,294083,4,,,1,75,,294084,4,,,1,35,,294085,4,,,1,75,,294086,4,,,1,35,,294087,4,,,1,70,,294089,4,,,1,5,,294088,4,0,7 40 41,1,25,,294091,4,,,1,5,,294090,4,0,7 40 41,1,65,,294092,4,0,7 40 41,1,20,,294095,4,,,1,5,,294094,4,0,7 40 41,1,55,,294097,4,,,1,10,,294096,4,0,7 40 41,1,25,,294098,4,0,7 40 41,1,15,,294101,4,,,1,55,,294100,4,0,7 40 41,1,25,,294103,4,0,7 40 41,1,25,,294105,4,0,7 40 41,1,45,,294107,4,,,1,30,,294110,4,,,1,15,,294108,4,0,7 40 41,1,65,,294115,4,,,1,10,,294114,4,0,7 40 41,1,20,,294119,4,,,1,10,,294118,4,0,7 40 41,1,60,,294122,4,,,1,10,,294121,4,0,7 40 41,1,25,,294125,4,,,1,5,,294124,4,0,7 40 41,1,75,,294128,4,,,1,10,,294127,4,0,7 40 41,1,70,,294129,4,0,7 40 41,1,5,,294130,4,,,1,15,,294131,4,0,7 40 41,1,10,,294132,4,,,1,65,,294134,4,,,1,5,,294133,4,0,7 40 41,1,20,,294136,4,,,1,10,,294135,4,0,7 40 41,1,75,,294137,4,0,7 40 41,1,15,,294138,4,,,1,90,,294139,4,,,1
4101,'20261016',505,,294140,4,,,1,95,,294142,4,,,1,25,,294143,4,,,1,75,,294145,4,,,1,30,,294146,4,,,1,70,,294147,4,,,1,30,,294148,4,,,1,75,,294149,4,,,1,35,,294150,4,,,1,75,,294151,4,,,1,35,,294152,4,,,1,70,,294154,4,,,1,5,,294153,4,0,7 40 41,1,25,,294156,4,,,1,5,,294155,4,0,7 40 41,1,65,,294157,4,0,7 40 41,1,20,,294160,4,,,1,5,,294159,4,0,7 40 41,1,55,,294162,4,,,1,10,,294161,4,0,7 40 41,1,25,,294163,4,0,7 40 41,1,15,,294166,4,,,1,55,,294165,4,0,7 40 41,1,25,,294168,4,0,7 40 41,1,25,,294170,4,0,7 40 41,1,45,,294172,4,,,1,30,,294175,4,,,1,15,,294173,4,0,7 40 41,1,65,,294180,4,,,1,10,,294179,4,0,7 40 41,1,20,,294184,4,,,1,10,,294183,4,0,7 40 41,1,60,,294187,4,,,1,10,,294186,4,0,7 40 41,1,25,,294190,4,,,1,5,,294189,4,0,7 40 41,1,75,,294193,4,,,1,10,,294192,4,0,7 40 41,1,70,,294194,4,0,7 40 41,1,5,,294195,4,,,1,15,,294196,4,0,7 40 41,1,10,,294197,4,,,1,65,,294199,4,,,1,5,,294198,4,0,7 40 41,1,20,,294201,4,,,1,10,,294200,4,0,7 40 41,1,75,,294202,4,0,7 40 41,1,15,,294203,4,,,1,90,,294204,4,,,1
4101,'20261019',505,,294205,4,,,1,95,,294207,4,,,1,25,,294208,4,,,1,75,,294210,4,,,1,30,,294211,4,,,1,70,,294212,4,,,1,30,,294213,4,,,1,75,,294214,4,,,1,35,,294215,4,,,1,75,,294216,4,,,1,35,,294217,4,,,1,70,,294219,4,,,1,5,,294218,4,0,7 40 41,1,25,,294221,4,,,1,5,,294220,4,0,7 40 41,1,65,,294222,4,0,7 40 41,1,20,,294225,4,,,1,5,,294224,4,0,7 40 41,1,55,,294227,4,,,1,10,,294226,4,0,7 40 41,1,25,,294228,4,0,7 40 41,1,15,,294231,4,,,1,55,,294230,4,0,7 40 41,1,25,,294233,4,0,7 40 41,1,25,,294235,4,0,7 40 41,1,45,,294237,4,,,1,30,,294240,4,,,1,15,,294238,4,0,7 40 41,1,65,,294245,4,,,1,10,,294244,4,0,7 40 41,1,20,,294249,4,,,1,10,,294248,4,0,7 40 41,1,60,,294252,4,,,1,10,,294251,4,0,7 40 41,1,25,,294255,4,,,1,5,,294254,4,0,7 40 41,1,75,,294258,4,,,1,10,,294257,4,0,7 40 41,1,70,,294259,4,0,7 40 41,1,5,,294260,4,,,1,15,,294261,4,0,7 40 41,1,10,,294262,4,,,1,65,,294264,4,,,1,5,,294263,4,0,7 40 41,1,20,,294266,4,,,1,10,,294265,4,0,7 40 41,1,75,,294267,4,0,7 40 41,1,15,,294268,4,,,1,90,,294269,4,,,1
4101,'20261020',505,,294270,4,,,1,95,,294272,4,,,1,25,,294273,4,,,1,75,,294275,4,,,1,30,,294276,4,,,1,70,,294277,4,,,1,30,,294278,4,,,1,75,,294279,4,,,1,35,,294280,4,,,1,75,,294281,4,,,1,35,,294282,4,,,1,70,,294284,4,,,1,5,,294283,4,0,7 40 41,1,25,,294286,4,,,1,5,,294285,4,0,7 40 41,1,65,,294287,4,0,7 40 41,1,20,,294290,4,,,1,5,,294289,4,0,7 40 41,1,55,,294292,4,,,1,10,,294291,4,0,7 40 41,1,25,,294293,4,0,7 40 41,1,15,,294296,4,,,1,55,,294295,4,0,7 40 41,1,25,,294298,4,0,7 40 41,1,25,,294300,4,0,7 40 41,1,45,,294302,4,,,1,30,,294305,4,,,1,15,,294303,4,0,7 40 41,1,65,,294310,4,,,1,10,,294309,4,0,7 40 41,1,20,,294314,4,,,1,10,,294313,4,0,7 40 41,1,60,,294317,4,,,1,10,,294316,4,0,7 40 41,1,25,,294320,4,,,1,5,,294319,4,0,7 40 41,1,75,,294323,4,,,1,10,,294322,4,0,7 40 41,1,70,,294324,4,0,7 40 41,1,5,,294325,4,,,1,15,,294326,4,0,7 40 41,1,10,,294327,4,,,1,65,,294329,4,,,1,5,,294328,4,0,7 40 41,1,20,,294331,4,,,1,10,,294330,4,0,7 40 41,1,75,,294332,4,0,7 40 41,1,15,,294333,4,,,1,90,,294334,4,,,1
4101,'20261021',505,,294335,4,,,1,95,,294337,4,,,1,25,,294338,4,,,1,75,,294340,4,,,1,30,,294341,4,,,1,70,,294342,4,,,1,30,,294343,4,,,1,75,,294344,4,,,1,35,,294345,4,,,1,75,,294346,4,,,1,35,,294347,4,,,1,70,,294349,4,,,1,5,,294348,4,0,7 40 41,1,25,,294351,4,,,1,5,,294350,4,0,7 40 41,1,65,,294352,4,0,7 40 41,1,20,,294355,4,,,1,5,,294354,4,0,7 40 41,1,55,,294357,4,,,1,10,,294356,4,0,7 40 41,1,25,,294358,4,0,7 40 41,1,15,,294361,4,,,1,55,,294360,4,0,7 40 41,1,25,,294363,4,0,7 40 41,1,25,,294365,4,0,7 40 41,1,45,,294367,4,,,1,30,,294370,4,,,1,15,,294368,4,0,7 40 41,1,65,,294375,4,,,1,10,,294374,4,0,7 40 41,1,20,,294379,4,,,1,10,,294378,4,0,7 40 41,1,60,,294382,4,,,1,10,,294381,4,0,7 40 41,1,25,,294385,4,,,1,5,,294384,4,0,7 40 41,1,75,,294388,4,,,1,10,,294387,4,0,7 40 41,1,70,,294389,4,0,7 40 41,1,5,,294390,4,,,1,15,,294391,4,0,7 40 41,1,10,,294392,4,,,1,65,,294394,4,,,1,5,,294393,4,0,7 40 41,1,20,,294396,4,,,1,10,,294395,4,0,7 40 41,1,75,,294397,4,0,7 40 41,1,15,,294398,4,,,1,90,,294399,4,,,1
4101,'20261022',505,,294400,4,,,1,95,,294402,4,,,1,25,,294403,4,,,1,75,,294405,4,,,1,30,,294406,4,,,1,70,,294407,4,,,1,30,,294408,4,,,1,75,,294409,4,,,1,35,,294410,4,,,1,75,,294411,4,,,1,35,,294412,4,,,1,70,,294414,4,,,1,5,,294413,4,0,7 40 41,1,25,,294416,4,,,1,5,,294415,4,0,7 40 41,1,65,,294417,4,0,7 40 41,1,20,,294420,4,,,1,5,,294419,4,0,7 40 41,1,55,,294422,4,,,1,10,,294421,4,0,7 40 41,1,25,,294423,4,0,7 40 41,1,15,,294426,4,,,1,55,,294425,4,0,7 40 41,1,25,,294428,4,0,7 40 41,1,25,,294430,4,0,7 40 41,1,45,,294432,4,,,1,30,,294435,4,,,1,15,,294433,4,0,7 40 41,1,65,,294440,4,,,1,10,,294439,4,0,7 40 41,1,20,,294444,4,,,1,10,,294443,4,0,7 40 41,1,60,,294447,4,,,1,10,,294446,4,0,7 40 41,1,25,,294450,4,,,1,5,,294449,4,0,7 40 41,1,75,,294453,4,,,1,10,,294452,4,0,7 40 41,1,70,,294454,4,0,7 40 41,1,5,,294455,4,,,1,15,,294456,4,0,7 40 41,1,10,,294457,4,,,1,65,,294459,4,,,1,5,,294458,4,0,7 40 41,1,20,,294461,4,,,1,10,,294460,4,0,7 40 41,1,75,,294462,4,0,7 40 41,1,15,,294463,4,,,1,90,,294464,4,,,1
4101,'20261023',505,,294465,4,,,1,95,,294467,4,,,1,25,,294468,4,,,1,75,,294470,4,,,1,30,,294471,4,,,1,70,,294472,4,,,1,30,,294473,4,,,1,75,,294474,4,,,1,35,,294475,4,,,1,75,,294476,4,,,1,35,,294477,4,,,1,70,,294479,4,,,1,5,,294478,4,0,7 40 41,1,25,,294481,4,,,1,5,,294480,4,0,7 40 41,1,65,,294482,4,0,7 40 41,1,20,,294485,4,,,1,5,,294484,4,0,7 40 41,1,55,,294487,4,,,1,10,,294486,4,0,7 40 41,1,25,,294488,4,0,7 40 41,1,15,,294491,4,,,1,55,,294490,4,0,7 40 41,1,25,,294493,4,0,7 40 41,1,25,,294495,4,0,7 40 41,1,45,,294497,4,,,1,30,,294500,4,,,1,15,,294498,4,0,7 40 41,1,65,,294505,4,,,1,10,,294504,4,0,7 40 41,1,20,,294509,4,,,1,10,,294508,4,0,7 40 41,1,60,,294512,4,,,1,10,,294511,4,0,7 40 41,1,25,,294515,4,,,1,5,,294514,4,0,7 40 41,1,75,,294518,4,,,1,10,,294517,4,0,7 40 41,1,70,,294519,4,0,7 40 41,1,5,,294520,4,,,1,15,,294521,4,0,7 40 41,1,10,,294522,4,,,1,65,,294524,4,,,1,5,,294523,4,0,7 40 41,1,20,,294526,4,,,1,10,,294525,4,0,7 40 41,1,75,,294527,4,0,7 40 41,1,15,,294528,4,,,1,90,,294529,4,,,1
4101,'20261026',505,,294530,4,,,1,95,,294532,4,,,1,25,,294533,4,,,1,75,,294535,4,,,1,30,,294536,4,,,1,70,,294537,4,,,1,30,,294538,4,,,1,75,,294539,4,,,1,35,,294540,4,,,1,75,,294541,4,,,1,35,,294542,4,,,1,70,,294544,4,,,1,5,,294543,4,0,7 40 41,1,25,,294546,4,,,1,5,,294545,4,0,7 40 41,1,65,,294547,4,0,7 40 41,1,20,,294550,4,,,1,5,,294549,4,0,7 40 41,1,55,,294552,4,,,1,10,,294551,4,0,7 40 41,1,25,,294553,4,0,7 40 41,1,15,,294556,4,,,1,55,,294555,4,0,7 40 41,1,25,,294558,4,0,7 40 41,1,25,,294560,4,0,7 40 41,1,45,,294562,4,,,1,30,,294565,4,,,1,15,,294563,4,0,7 40 41,1,65,,294570,4,,,1,10,,294569,4,0,7 40 41,1,20,,294574,4,,,1,10,,294573,4,0,7 40 41,1,60,,294577,4,,,1,10,,294576,4,0,7 40 41,1,25,,294580,4,,,1,5,,294579,4,0,7 40 41,1,75,,294583,4,,,1,10,,294582,4,0,7 40 41,1,70,,294584,4,0,7 40 41,1,5,,294585,4,,,1,15,,294586,4,0,7 40 41,1,10,,294587,4,,,1,65,,294589,4,,,1,5,,294588,4,0,7 40 41,1,20,,294591,4,,,1,10,,294590,4,0,7 40 41,1,75,,294592,4,0,7 40 41,1,15,,294593,4,,,1,90,,294594,4,,,1
4101,'20261027',505,,294595,4,,,1,95,,294597,4,,,1,25,,294598,4,,,1,75,,294600,4,,,1,30,,294601,4,,,1,70,,294602,4,,,1,30,,294603,4,,,1,75,,294604,4,,,1,35,,294605,4,,,1,75,,294606,4,,,1,35,,294607,4,,,1,70,,294609,4,,,1,5,,294608,4,0,7 40 41,1,25,,294611,4,,,1,5,,294610,4,0,7 40 41,1,65,,294612,4,0,7 40 41,1,20,,294615,4,,,1,5,,294614,4,0,7 40 41,1,55,,294617,4,,,1,10,,294616,4,0,7 40 41,1,25,,294618,4,0,7 40 41,1,15,,294621,4,,,1,55,,294620,4,0,7 40 41,1,25,,294623,4,0,7 40 41,1,25,,294625,4,0,7 40 41,1,45,,294627,4,,,1,30,,294630,4,,,1,15,,294628,4,0,7 40 41,1,65,,294635,4,,,1,10,,294634,4,0,7 40 41,1,20,,294639,4,,,1,10,,294638,4,0,7 40 41,1,60,,294642,4,,,1,10,,294641,4,0,7 40 41,1,25,,294645,4,,,1,5,,294644,4,0,7 40 41,1,75,,294648,4,,,1,10,,294647,4,0,7 40 41,1,70,,294649,4,0,7 40 41,1,5,,294650,4,,,1,15,,294651,4,0,7 40 41,1,10,,294652,4,,,1,65,,294654,4,,,1,5,,294653,4,0,7 40 41,1,20,,294656,4,,,1,10,,294655,4,0,7 40 41,1,75,,294657,4,0,7 40 41,1,15,,294658,4,,,1,90,,294659,4,,,1
4101,'20261028',505,,294660,4,,,1,95,,294662,4,,,1,25,,294663,4,,,1,75,,294665,4,,,1,30,,294666,4,,,1,70,,294667,4,,,1,30,,294668,4,,,1,75,,294669,4,,,1,35,,294670,4,,,1,75,,294671,4,,,1,35,,294672,4,,,1,70,,294674,4,,,1,5,,294673,4,0,7 40 41,1,25,,294676,4,,,1,5,,294675,4,0,7 40 41,1,65,,294677,4,0,7 40 41,1,20,,294680,4,,,1,5,,294679,4,0,7 40 41,1,55,,294682,4,,,1,10,,294681,4,0,7 40 41,1,25,,294683,4,0,7 40 41,1,15,,294686,4,,,1,55,,294685,4,0,7 40 41,1,25,,294688,4,0,7 40 41,1,25,,294690,4,0,7 40 41,1,45,,294692,4,,,1,30,,294695,4,,,1,15,,294693,4,0,7 40 41,1,65,,294700,4,,,1,10,,294699,4,0,7 40 41,1,20,,294704,4,,,1,10,,294703,4,0,7 40 41,1,60,,294707,4,,,1,10,,294706,4,0,7 40 41,1,25,,294710,4,,,1,5,,294709,4,0,7 40 41,1,75,,294713,4,,,1,10,,294712,4,0,7 40 41,1,70,,294714,4,0,7 40 41,1,5,,294715,4,,,1,15,,294716,4,0,7 40 41,1,10,,294717,4,,,1,65,,294719,4,,,1,5,,294718,4,0,7 40 41,1,20,,294721,4,,,1,10,,294720,4,0,7 40 41,1,75,,294722,4,0,7 40 41,1,15,,294723,4,,,1,90,,294724,4,,,1
4101,'20261029',505,,294725,4,,,1,95,,294727,4,,,1,25,,294728,4,,,1,75,,294730,4,,,1,30,,294731,4,,,1,70,,294732,4,,,1,30,,294733,4,,,1,75,,294734,4,,,1,35,,294735,4,,,1,75,,294736,4,,,1,35,,294737,4,,,1,70,,294739,4,,,1,5,,294738,4,0,7 40 41,1,25,,294741,4,,,1,5,,294740,4,0,7 40 41,1,65,,294742,4,0,7 40 41,1,20,,294745,4,,,1,5,,294744,4,0,7 40 41,1,55,,294747,4,,,1,10,,294746,4,0,7 40 41,1,25,,294748,4,0,7 40 41,1,15,,294751,4,,,1,55,,294750,4,0,7 40 41,1,25,,294753,4,0,7 40 41,1,25,,294755,4,0,7 40 41,1,45,,294757,4,,,1,30,,294760,4,,,1,15,,294758,4,0,7 40 41,1,65,,294765,4,,,1,10,,294764,4,0,7 40 41,1,20,,294769,4,,,1,10,,294768,4,0,7 40 41,1,60,,294772,4,,,1,10,,294771,4,0,7 40 41,1,25,,294775,4,,,1,5,,294774,4,0,7 40 41,1,75,,294778,4,,,1,10,,294777,4,0,7 40 41,1,70,,294779,4,0,7 40 41,1,5,,294780,4,,,1,15,,294781,4,0,7 40 41,1,10,,294782,4,,,1,65,,294784,4,,,1,5,,294783,4,0,7 40 41,1,20,,294786,4,,,1,10,,294785,4,0,7 40 41,1,75,,294787,4,0,7 40 41,1,15,,294788,4,,,1,90,,294789,4,,,1
4101,'20261030',505,,294790,4,,,1,95,,294792,4,,,1,25,,294793,4,,,1,75,,294795,4,,,1,30,,294796,4,,,1,70,,294797,4,,,1,30,,294798,4,,,1,75,,294799,4,,,1,35,,294800,4,,,1,75,,294801,4,,,1,35,,294802,4,,,1,70,,294804,4,,,1,5,,294803,4,0,7 40 41,1,25,,294806,4,,,1,5,,294805,4,0,7 40 41,1,65,,294807,4,0,7 40 41,1,20,,294810,4,,,1,5,,294809,4,0,7 40 41,1,55,,294812,4,,,1,10,,294811,4,0,7 40 41,1,25,,294813,4,0,7 40 41,1,15,,294816,4,,,1,55,,294815,4,0,7 40 41,1,25,,294818,4,0,7 40 41,1,25,,294820,4,0,7 40 41,1,45,,294822,4,,,1,30,,294825,4,,,1,15,,294823,4,0,7 40 41,1,65,,294830,4,,,1,10,,294829,4,0,7 40 41,1,20,,294834,4,,,1,10,,294833,4,0,7 40 41,1,60,,294837,4,,,1,10,,294836,4,0,7 40 41,1,25,,294840,4,,,1,5,,294839,4,0,7 40 41,1,75,,294843,4,,,1,10,,294842,4,0,7 40 41,1,70,,294844,4,0,7 40 41,1,5,,294845,4,,,1,15,,294846,4,0,7 40 41,1,10,,294847,4,,,1,65,,294849,4,,,1,5,,294848,4,0,7 40 41,1,20,,294851,4,,,1,10,,294850,4,0,7 40 41,1,75,,294852,4,0,7 40 41,1,15,,294853,4,,,1,90,,294854,4,,,1
4101,'20261102',505,,294855,4,,,1,95,,294857,4,,,1,25,,294858,4,,,1,75,,294860,4,,,1,30,,294861,4,,,1,70,,294862,4,,,1,30,,294863,4,,,1,75,,294864,4,,,1,35,,294865,4,,,1,75,,294866,4,,,1,35,,294867,4,,,1,70,,294869,4,,,1,5,,294868,4,0,7 40 41,1,25,,294871,4,,,1,5,,294870,4,0,7 40 41,1,65,,294872,4,0,7 40 41,1,20,,294875,4,,,1,5,,294874,4,0,7 40 41,1,55,,294877,4,,,1,10,,294876,4,0,7 40 41,1,25,,294878,4,0,7 40 41,1,15,,294881,4,,,1,55,,294880,4,0,7 40 41,1,25,,294883,4,0,7 40 41,1,25,,294885,4,0,7 40 41,1,45,,294887,4,,,1,30,,294890,4,,,1,15,,294888,4,0,7 40 41,1,65,,294895,4,,,1,10,,294894,4,0,7 40 41,1,20,,294899,4,,,1,10,,294898,4,0,7 40 41,1,60,,294902,4,,,1,10,,294901,4,0,7 40 41,1,25,,294905,4,,,1,5,,294904,4,0,7 40 41,1,75,,294908,4,,,1,10,,294907,4,0,7 40 41,1,70,,294909,4,0,7 40 41,1,5,,294910,4,,,1,15,,294911,4,0,7 40 41,1,10,,294912,4,,,1,65,,294914,4,,,1,5,,294913,4,0,7 40 41,1,20,,294916,4,,,1,10,,294915,4,0,7 40 41,1,75,,294917,4,0,7 40 41,1,15,,294918,4,,,1,90,,294919,4,,,1
4101,'20261103',505,,294920,4,,,1,95,,294922,4,,,1,25,,294923,4,,,1,75,,294925,4,,,1,30,,294926,4,,,1,70,,294927,4,,,1,30,,294928,4,,,1,75,,294929,4,,,1,35,,294930,4,,,1,75,,294931,4,,,1,35,,294932,4,,,1,70,,294934,4,,,1,5,,294933,4,0,7 40 41,1,25,,294936,4,,,1,5,,294935,4,0,7 40 41,1,65,,294937,4,0,7 40 41,1,20,,294940,4,,,1,5,,294939,4,0,7 40 41,1,55,,294942,4,,,1,10,,294941,4,0,7 40 41,1,25,,294943,4,0,7 40 41,1,15,,294946,4,,,1,55,,294945,4,0,7 40 41,1,25,,294948,4,0,7 40 41,1,25,,294950,4,0,7 40 41,1,45,,294952,4,,,1,30,,294955,4,,,1,15,,294953,4,0,7 40 41,1,65,,294960,4,,,1,10,,294959,4,0,7 40 41,1,20,,294964,4,,,1,10,,294963,4,0,7 40 41,1,60,,294967,4,,,1,10,,294966,4,0,7 40 41,1,25,,294970,4,,,1,5,,294969,4,0,7 40 41,1,75,,294973,4,,,1,10,,294972,4,0,7 40 41,1,70,,294974,4,0,7 40 41,1,5,,294975,4,,,1,15,,294976,4,0,7 40 41,1,10,,294977,4,,,1,65,,294979,4,,,1,5,,294978,4,0,7 40 41,1,20,,294981,4,,,1,10,,294980,4,0,7 40 41,1,75,,294982,4,0,7 40 41,1,15,,294983,4,,,1,90,,294984,4,,,1
4101,'20261104',505,,294985,4,,,1,95,,294987,4,,,1,25,,294988,4,,,1,75,,294990,4,,,1,30,,294991,4,,,1,70,,294992,4,,,1,30,,294993,4,,,1,75,,294994,4,,,1,35,,294995,4,,,1,75,,294996,4,,,1,35,,294997,4,,,1,70,,294999,4,,,1,5,,294998,4,0,7 40 41,1,25,,295001,4,,,1,5,,295000,4,0,7 40 41,1,65,,295002,4,0,7 40 41,1,20,,295005,4,,,1,5,,295004,4,0,7 40 41,1,55,,295007,4,,,1,10,,295006,4,0,7 40 41,1,25,,295008,4,0,7 40 41,1,15,,295011,4,,,1,55,,295010,4,0,7 40 41,1,25,,295013,4,0,7 40 41,1,25,,295015,4,0,7 40 41,1,45,,295017,4,,,1,30,,295020,4,,,1,15,,295018,4,0,7 40 41,1,65,,295025,4,,,1,10,,295024,4,0,7 40 41,1,20,,295029,4,,,1,10,,295028,4,0,7 40 41,1,60,,295032,4,,,1,10,,295031,4,0,7 40 41,1,25,,295035,4,,,1,5,,295034,4,0,7 40 41,1,75,,295038,4,,,1,10,,295037,4,0,7 40 41,1,70,,295039,4,0,7 40 41,1,5,,295040,4,,,1,15,,295041,4,0,7 40 41,1,10,,295042,4,,,1,65,,295044,4,,,1,5,,295043,4,0,7 40 41,1,20,,295046,4,,,1,10,,295045,4,0,7 40 41,1,75,,295047,4,0,7 40 41,1,15,,295048,4,,,1,90,,295049,4,,,1
4101,'20261105',505,,295050,4,,,1,95,,295052,4,,,1,25,,295053,4,,,1,75,,295055,4,,,1,30,,295056,4,,,1,70,,295057,4,,,1,30,,295058,4,,,1,75,,295059,4,,,1,35,,295060,4,,,1,75,,295061,4,,,1,35,,295062,4,,,1,70,,295064,4,,,1,5,,295063,4,0,7 40 41,1,25,,295066,4,,,1,5,,295065,4,0,7 40 41,1,65,,295067,4,0,7 40 41,1,20,,295070,4,,,1,5,,295069,4,0,7 40 41,1,55,,295072,4,,,1,10,,295071,4,0,7 40 41,1,25,,295073,4,0,7 40 41,1,15,,295076,4,,,1,55,,295075,4,0,7 40 41,1,25,,295078,4,0,7 40 41,1,25,,295080,4,0,7 40 41,1,45,,295082,4,,,1,30,,295085,4,,,1,15,,295083,4,0,7 40 41,1,65,,295090,4,,,1,10,,295089,4,0,7 40 41,1,20,,295094,4,,,1,10,,295093,4,0,7 40 41,1,60,,295097,4,,,1,10,,295096,4,0,7 40 41,1,25,,295100,4,,,1,5,,295099,4,0,7 40 41,1,75,,295103,4,,,1,10,,295102,4,0,7 40 41,1,70,,295104,4,0,7 40 41,1,5,,295105,4,,,1,15,,295106,4,0,7 40 41,1,10,,295107,4,,,1,65,,295109,4,,,1,5,,295108,4,0,7 40 41,1,20,,295111,4,,,1,10,,295110,4,0,7 40 41,1,75,,295112,4,0,7 40 41,1,15,,295113,4,,,1,90,,295114,4,,,1
4101,'20261106',505,,295115,4,,,1,95,,295117,4,,,1,25,,295118,4,,,1,75,,295120,4,,,1,30,,295121,4,,,1,70,,295122,4,,,1,30,,295123,4,,,1,75,,295124,4,,,1,35,,295125,4,,,1,75,,295126,4,,,1,35,,295127,4,,,1,70,,295129,4,,,1,5,,295128,4,0,7 40 41,1,25,,295131,4,,,1,5,,295130,4,0,7 40 41,1,65,,295132,4,0,7 40 41,1,20,,295135,4,,,1,5,,295134,4,0,7 40 41,1,55,,295137,4,,,1,10,,295136,4,0,7 40 41,1,25,,295138,4,0,7 40 41,1,15,,295141,4,,,1,55,,295140,4,0,7 40 41,1,25,,295143,4,0,7 40 41,1,25,,295145,4,0,7 40 41,1,45,,295147,4,,,1,30,,295150,4,,,1,15,,295148,4,0,7 40 41,1,65,,295155,4,,,1,10,,295154,4,0,7 40 41,1,20,,295159,4,,,1,10,,295158,4,0,7 40 41,1,60,,295162,4,,,1,10,,295161,4,0,7 40 41,1,25,,295165,4,,,1,5,,295164,4,0,7 40 41,1,75,,295168,4,,,1,10,,295167,4,0,7 40 41,1,70,,295169,4,0,7 40 41,1,5,,295170,4,,,1,15,,295171,4,0,7 40 41,1,10,,295172,4,,,1,65,,295174,4,,,1,5,,295173,4,0,7 40 41,1,20,,295176,4,,,1,10,,295175,4,0,7 40 41,1,75,,295177,4,0,7 40 41,1,15,,295178,4,,,1,90,,295179,4,,,1
4101,'20261109',505,,295180,4,,,1,95,,295182,4,,,1,25,,295183,4,,,1,75,,295185,4,,,1,30,,295186,4,,,1,70,,295187,4,,,1,30,,295188,4,,,1,75,,295189,4,,,1,35,,295190,4,,,1,75,,295191,4,,,1,35,,295192,4,,,1,70,,295194,4,,,1,5,,295193,4,0,7 40 41,1,25,,295196,4,,,1,5,,295195,4,0,7 40 41,1,65,,295197,4,0,7 40 41,1,20,,295200,4,,,1,5,,295199,4,0,7 40 41,1,55,,295202,4,,,1,10,,295201,4,0,7 40 41,1,25,,295203,4,0,7 40 41,1,15,,295206,4,,,1,55,,295205,4,0,7 40 41,1,25,,295208,4,0,7 40 41,1,25,,295210,4,0,7 40 41,1,45,,295212,4,,,1,30,,295215,4,,,1,15,,295213,4,0,7 40 41,1,65,,295220,4,,,1,10,,295219,4,0,7 40 41,1,20,,295224,4,,,1,10,,295223,4,0,7 40 41,1,60,,295227,4,,,1,10,,295226,4,0,7 40 41,1,25,,295230,4,,,1,5,,295229,4,0,7 40 41,1,75,,295233,4,,,1,10,,295232,4,0,7 40 41,1,70,,295234,4,0,7 40 41,1,5,,295235,4,,,1,15,,295236,4,0,7 40 41,1,10,,295237,4,,,1,65,,295239,4,,,1,5,,295238,4,0,7 40 41,1,20,,295241,4,,,1,10,,295240,4,0,7 40 41,1,75,,295242,4,0,7 40 41,1,15,,295243,4,,,1,90,,295244,4,,,1
4101,'20261110',505,,295245,4,,,1,95,,295247,4,,,1,25,,295248,4,,,1,75,,295250,4,,,1,30,,295251,4,,,1,70,,295252,4,,,1,30,,295253,4,,,1,75,,295254,4,,,1,35,,295255,4,,,1,75,,295256,4,,,1,35,,295257,4,,,1,70,,295259,4,,,1,5,,295258,4,0,7 40 41,1,25,,295261,4,,,1,5,,295260,4,0,7 40 41,1,65,,295262,4,0,7 40 41,1,20,,295265,4,,,1,5,,295264,4,0,7 40 41,1,55,,295267,4,,,1,10,,295266,4,0,7 40 41,1,25,,295268,4,0,7 40 41,1,15,,295271,4,,,1,55,,295270,4,0,7 40 41,1,25,,295273,4,0,7 40 41,1,25,,295275,4,0,7 40 41,1,45,,295277,4,,,1,30,,295280,4,,,1,15,,295278,4,0,7 40 41,1,65,,295285,4,,,1,10,,295284,4,0,7 40 41,1,20,,295289,4,,,1,10,,295288,4,0,7 40 41,1,60,,295292,4,,,1,10,,295291,4,0,7 40 41,1,25,,295295,4,,,1,5,,295294,4,0,7 40 41,1,75,,295298,4,,,1,10,,295297,4,0,7 40 41,1,70,,295299,4,0,7 40 41,1,5,,295300,4,,,1,15,,295301,4,0,7 40 41,1,10,,295302,4,,,1,65,,295304,4,,,1,5,,295303,4,0,7 40 41,1,20,,295306,4,,,1,10,,295305,4,0,7 40 41,1,75,,295307,4,0,7 40 41,1,15,,295308,4,,,1,90,,295309,4,,,1
4101,'20261111',505,,295310,4,,,1,95,,295312,4,,,1,25,,295313,4,,,1,75,,295315,4,,,1,30,,295316,4,,,1,70,,295317,4,,,1,30,,295318,4,,,1,75,,295319,4,,,1,35,,295320,4,,,1,75,,295321,4,,,1,35,,295322,4,,,1,70,,295324,4,,,1,5,,295323,4,0,7 40 41,1,25,,295326,4,,,1,5,,295325,4,0,7 40 41,1,65,,295327,4,0,7 40 41,1,20,,295330,4,,,1,5,,295329,4,0,7 40 41,1,55,,295332,4,,,1,10,,295331,4,0,7 40 41,1,25,,295333,4,0,7 40 41,1,15,,295336,4,,,1,55,,295335,4,0,7 40 41,1,25,,295338,4,0,7 40 41,1,25,,295340,4,0,7 40 41,1,45,,295342,4,,,1,30,,295345,4,,,1,15,,295343,4,0,7 40 41,1,65,,295350,4,,,1,10,,295349,4,0,7 40 41,1,20,,295354,4,,,1,10,,295353,4,0,7 40 41,1,60,,295357,4,,,1,10,,295356,4,0,7 40 41,1,25,,295360,4,,,1,5,,295359,4,0,7 40 41,1,75,,295363,4,,,1,10,,295362,4,0,7 40 41,1,70,,295364,4,0,7 40 41,1,5,,295365,4,,,1,15,,295366,4,0,7 40 41,1,10,,295367,4,,,1,65,,295369,4,,,1,5,,295368,4,0,7 40 41,1,20,,295371,4,,,1,10,,295370,4,0,7 40 41,1,75,,295372,4,0,7 40 41,1,15,,295373,4,,,1,90,,295374,4,,,1
4101,'20261112',505,,295375,4,,,1,95,,295377,4,,,1,25,,295378,4,,,1,75,,295380,4,,,1,30,,295381,4,,,1,70,,295382,4,,,1,30,,295383,4,,,1,75,,295384,4,,,1,35,,295385,4,,,1,75,,295386,4,,,1,35,,295387,4,,,1,70,,295389,4,,,1,5,,295388,4,0,7 40 41,1,25,,295391,4,,,1,5,,295390,4,0,7 40 41,1,65,,295392,4,0,7 40 41,1,20,,295395,4,,,1,5,,295394,4,0,7 40 41,1,55,,295397,4,,,1,10,,295396,4,0,7 40 41,1,25,,295398,4,0,7 40 41,1,15,,295401,4,,,1,55,,295400,4,0,7 40 41,1,25,,295403,4,0,7 40 41,1,25,,295405,4,0,7 40 41,1,45,,295407,4,,,1,30,,295410,4,,,1,15,,295408,4,0,7 40 41,1,65,,295415,4,,,1,10,,295414,4,0,7 40 41,1,20,,295419,4,,,1,10,,295418,4,0,7 40 41,1,60,,295422,4,,,1,10,,295421,4,0,7 40 41,1,25,,295425,4,,,1,5,,295424,4,0,7 40 41,1,75,,295428,4,,,1,10,,295427,4,0,7 40 41,1,70,,295429,4,0,7 40 41,1,5,,295430,4,,,1,15,,295431,4,0,7 40 41,1,10,,295432,4,,,1,65,,295434,4,,,1,5,,295433,4,0,7 40 41,1,20,,295436,4,,,1,10,,295435,4,0,7 40 41,1,75,,295437,4,0,7 40 41,1,15,,295438,4,,,1,90,,295439,4,,,1
4101,'20261113',505,,295440,4,,,1,95,,295442,4,,,1,25,,295443,4,,,1,75,,295445,4,,,1,30,,295446,4,,,1,70,,295447,4,,,1,30,,295448,4,,,1,75,,295449,4,,,1,35,,295450,4,,,1,75,,295451,4,,,1,35,,295452,4,,,1,70,,295454,4,,,1,5,,295453,4,0,7 40 41,1,25,,295456,4,,,1,5,,295455,4,0,7 40 41,1,65,,295457,4,0,7 40 41,1,20,,295460,4,,,1,5,,295459,4,0,7 40 41,1,55,,295462,4,,,1,10,,295461,4,0,7 40 41,1,25,,295463,4,0,7 40 41,1,15,,295466,4,,,1,55,,295465,4,0,7 40 41,1,25,,295468,4,0,7 40 41,1,25,,295470,4,0,7 40 41,1,45,,295472,4,,,1,30,,295475,4,,,1,15,,295473,4,0,7 40 41,1,65,,295480,4,,,1,10,,295479,4,0,7 40 41,1,20,,295484,4,,,1,10,,295483,4,0,7 40 41,1,60,,295487,4,,,1,10,,295486,4,0,7 40 41,1,25,,295490,4,,,1,5,,295489,4,0,7 40 41,1,75,,295493,4,,,1,10,,295492,4,0,7 40 41,1,70,,295494,4,0,7 40 41,1,5,,295495,4,,,1,15,,295496,4,0,7 40 41,1,10,,295497,4,,,1,65,,295499,4,,,1,5,,295498,4,0,7 40 41,1,20,,295501,4,,,1,10,,295500,4,0,7 40 41,1,75,,295502,4,0,7 40 41,1,15,,295503,4,,,1,90,,295504,4,,,1
4101,'20261116',505,,295505,4,,,1,95,,295507,4,,,1,25,,295508,4,,,1,75,,295510,4,,,1,30,,295511,4,,,1,70,,295512,4,,,1,30,,295513,4,,,1,75,,295514,4,,,1,35,,295515,4,,,1,75,,295516,4,,,1,35,,295517,4,,,1,70,,295519,4,,,1,5,,295518,4,0,7 40 41,1,25,,295521,4,,,1,5,,295520,4,0,7 40 41,1,65,,295522,4,0,7 40 41,1,20,,295525,4,,,1,5,,295524,4,0,7 40 41,1,55,,295527,4,,,1,10,,295526,4,0,7 40 41,1,25,,295528,4,0,7 40 41,1,15,,295531,4,,,1,55,,295530,4,0,7 40 41,1,25,,295533,4,0,7 40 41,1,25,,295535,4,0,7 40 41,1,45,,295537,4,,,1,30,,295540,4,,,1,15,,295538,4,0,7 40 41,1,65,,295545,4,,,1,10,,295544,4,0,7 40 41,1,20,,295549,4,,,1,10,,295548,4,0,7 40 41,1,60,,295552,4,,,1,10,,295551,4,0,7 40 41,1,25,,295555,4,,,1,5,,295554,4,0,7 40 41,1,75,,295558,4,,,1,10,,295557,4,0,7 40 41,1,70,,295559,4,0,7 40 41,1,5,,295560,4,,,1,15,,295561,4,0,7 40 41,1,10,,295562,4,,,1,65,,295564,4,,,1,5,,295563,4,0,7 40 41,1,20,,295566,4,,,1,10,,295565,4,0,7 40 41,1,75,,295567,4,0,7 40 41,1,15,,295568,4,,,1,90,,295569,4,,,1
4101,'20261117',505,,295570,4,,,1,95,,295572,4,,,1,25,,295573,4,,,1,75,,295575,4,,,1,30,,295576,4,,,1,70,,295577,4,,,1,30,,295578,4,,,1,75,,295579,4,,,1,35,,295580,4,,,1,75,,295581,4,,,1,35,,295582,4,,,1,70,,295584,4,,,1,5,,295583,4,0,7 40 41,1,25,,295586,4,,,1,5,,295585,4,0,7 40 41,1,65,,295587,4,0,7 40 41,1,20,,295590,4,,,1,5,,295589,4,0,7 40 41,1,55,,295592,4,,,1,10,,295591,4,0,7 40 41,1,25,,295593,4,0,7 40 41,1,15,,295596,4,,,1,55,,295595,4,0,7 40 41,1,25,,295598,4,0,7 40 41,1,25,,295600,4,0,7 40 41,1,45,,295602,4,,,1,30,,295605,4,,,1,15,,295603,4,0,7 40 41,1,65,,295610,4,,,1,10,,295609,4,0,7 40 41,1,20,,295614,4,,,1,10,,295613,4,0,7 40 41,1,60,,295617,4,,,1,10,,295616,4,0,7 40 41,1,25,,295620,4,,,1,5,,295619,4,0,7 40 41,1,75,,295623,4,,,1,10,,295622,4,0,7 40 41,1,70,,295624,4,0,7 40 41,1,5,,295625,4,,,1,15,,295626,4,0,7 40 41,1,10,,295627,4,,,1,65,,295629,4,,,1,5,,295628,4,0,7 40 41,1,20,,295631,4,,,1,10,,295630,4,0,7 40 41,1,75,,295632,4,0,7 40 41,1,15,,295633,4,,,1,90,,295634,4,,,1
4101,'20261118',505,,295635,4,,,1,95,,295637,4,,,1,25,,295638,4,,,1,75,,295640,4,,,1,30,,295641,4,,,1,70,,295642,4,,,1,30,,295643,4,,,1,75,,295644,4,,,1,35,,295645,4,,,1,75,,295646,4,,,1,35,,295647,4,,,1,70,,295649,4,,,1,5,,295648,4,0,7 40 41,1,25,,295651,4,,,1,5,,295650,4,0,7 40 41,1,65,,295652,4,0,7 40 41,1,20,,295655,4,,,1,5,,295654,4,0,7 40 41,1,55,,295657,4,,,1,10,,295656,4,0,7 40 41,1,25,,295658,4,0,7 40 41,1,15,,295661,4,,,1,55,,295660,4,0,7 40 41,1,25,,295663,4,0,7 40 41,1,25,,295665,4,0,7 40 41,1,45,,295667,4,,,1,30,,295670,4,,,1,15,,295668,4,0,7 40 41,1,65,,295675,4,,,1,10,,295674,4,0,7 40 41,1,20,,295679,4,,,1,10,,295678,4,0,7 40 41,1,60,,295682,4,,,1,10,,295681,4,0,7 40 41,1,25,,295685,4,,,1,5,,295684,4,0,7 40 41,1,75,,295688,4,,,1,10,,295687,4,0,7 40 41,1,70,,295689,4,0,7 40 41,1,5,,295690,4,,,1,15,,295691,4,0,7 40 41,1,10,,295692,4,,,1,65,,295694,4,,,1,5,,295693,4,0,7 40 41,1,20,,295696,4,,,1,10,,295695,4,0,7 40 41,1,75,,295697,4,0,7 40 41,1,15,,295698,4,,,1,90,,295699,4,,,1
4101,'20261119',505,,295700,4,,,1,95,,295702,4,,,1,25,,295703,4,,,1,75,,295705,4,,,1,30,,295706,4,,,1,70,,295707,4,,,1,30,,295708,4,,,1,75,,295709,4,,,1,35,,295710,4,,,1,75,,295711,4,,,1,35,,295712,4,,,1,70,,295714,4,,,1,5,,295713,4,0,7 40 41,1,25,,295716,4,,,1,5,,295715,4,0,7 40 41,1,65,,295717,4,0,7 40 41,1,20,,295720,4,,,1,5,,295719,4,0,7 40 41,1,55,,295722,4,,,1,10,,295721,4,0,7 40 41,1,25,,295723,4,0,7 40 41,1,15,,295726,4,,,1,55,,295725,4,0,7 40 41,1,25,,295728,4,0,7 40 41,1,25,,295730,4,0,7 40 41,1,45,,295732,4,,,1,30,,295735,4,,,1,15,,295733,4,0,7 40 41,1,65,,295740,4,,,1,10,,295739,4,0,7 40 41,1,20,,295744,4,,,1,10,,295743,4,0,7 40 41,1,60,,295747,4,,,1,10,,295746,4,0,7 40 41,1,25,,295750,4,,,1,5,,295749,4,0,7 40 41,1,75,,295753,4,,,1,10,,295752,4,0,7 40 41,1,70,,295754,4,0,7 40 41,1,5,,295755,4,,,1,15,,295756,4,0,7 40 41,1,10,,295757,4,,,1,65,,295759,4,,,1,5,,295758,4,0,7 40 41,1,20,,295761,4,,,1,10,,295760,4,0,7 40 41,1,75,,295762,4,0,7 40 41,1,15,,295763,4,,,1,90,,295764,4,,,1
4101,'20261120',505,,295765,4,,,1,95,,295767,4,,,1,25,,295768,4,,,1,75,,295770,4,,,1,30,,295771,4,,,1,70,,295772,4,,,1,30,,295773,4,,,1,75,,295774,4,,,1,35,,295775,4,,,1,75,,295776,4,,,1,35,,295777,4,,,1,70,,295779,4,,,1,5,,295778,4,0,7 40 41,1,25,,295781,4,,,1,5,,295780,4,0,7 40 41,1,65,,295782,4,0,7 40 41,1,20,,295785,4,,,1,5,,295784,4,0,7 40 41,1,55,,295787,4,,,1,10,,295786,4,0,7 40 41,1,25,,295788,4,0,7 40 41,1,15,,295791,4,,,1,55,,295790,4,0,7 40 41,1,25,,295793,4,0,7 40 41,1,25,,295795,4,0,7 40 41,1,45,,295797,4,,,1,30,,295800,4,,,1,15,,295798,4,0,7 40 41,1,65,,295805,4,,,1,10,,295804,4,0,7 40 41,1,20,,295809,4,,,1,10,,295808,4,0,7 40 41,1,60,,295812,4,,,1,10,,295811,4,0,7 40 41,1,25,,295815,4,,,1,5,,295814,4,0,7 40 41,1,75,,295818,4,,,1,10,,295817,4,0,7 40 41,1,70,,295819,4,0,7 40 41,1,5,,295820,4,,,1,15,,295821,4,0,7 40 41,1,10,,295822,4,,,1,65,,295824,4,,,1,5,,295823,4,0,7 40 41,1,20,,295826,4,,,1,10,,295825,4,0,7 40 41,1,75,,295827,4,0,7 40 41,1,15,,295828,4,,,1,90,,295829,4,,,1
4101,'20261123',505,,295830,4,,,1,95,,295832,4,,,1,25,,295833,4,,,1,75,,295835,4,,,1,30,,295836,4,,,1,70,,295837,4,,,1,30,,295838,4,,,1,75,,295839,4,,,1,35,,295840,4,,,1,75,,295841,4,,,1,35,,295842,4,,,1,70,,295844,4,,,1,5,,295843,4,0,7 40 41,1,25,,295846,4,,,1,5,,295845,4,0,7 40 41,1,65,,295847,4,0,7 40 41,1,20,,295850,4,,,1,5,,295849,4,0,7 40 41,1,55,,295852,4,,,1,10,,295851,4,0,7 40 41,1,25,,295853,4,0,7 40 41,1,15,,295856,4,,,1,55,,295855,4,0,7 40 41,1,25,,295858,4,0,7 40 41,1,25,,295860,4,0,7 40 41,1,45,,295862,4,,,1,30,,295865,4,,,1,15,,295863,4,0,7 40 41,1,65,,295870,4,,,1,10,,295869,4,0,7 40 41,1,20,,295874,4,,,1,10,,295873,4,0,7 40 41,1,60,,295877,4,,,1,10,,295876,4,0,7 40 41,1,25,,295880,4,,,1,5,,295879,4,0,7 40 41,1,75,,295883,4,,,1,10,,295882,4,0,7 40 41,1,70,,295884,4,0,7 40 41,1,5,,295885,4,,,1,15,,295886,4,0,7 40 41,1,10,,295887,4,,,1,65,,295889,4,,,1,5,,295888,4,0,7 40 41,1,20,,295891,4,,,1,10,,295890,4,0,7 40 41,1,75,,295892,4,0,7 40 41,1,15,,295893,4,,,1,90,,295894,4,,,1
4101,'20261124',505,,295895,4,,,1,95,,295897,4,,,1,25,,295898,4,,,1,75,,295900,4,,,1,30,,295901,4,,,1,70,,295902,4,,,1,30,,295903,4,,,1,75,,295904,4,,,1,35,,295905,4,,,1,75,,295906,4,,,1,35,,295907,4,,,1,70,,295909,4,,,1,5,,295908,4,0,7 40 41,1,25,,295911,4,,,1,5,,295910,4,0,7 40 41,1,65,,295912,4,0,7 40 41,1,20,,295915,4,,,1,5,,295914,4,0,7 40 41,1,55,,295917,4,,,1,10,,295916,4,0,7 40 41,1,25,,295918,4,0,7 40 41,1,15,,295921,4,,,1,55,,295920,4,0,7 40 41,1,25,,295923,4,0,7 40 41,1,25,,295925,4,0,7 40 41,1,45,,295927,4,,,1,30,,295930,4,,,1,15,,295928,4,0,7 40 41,1,65,,295935,4,,,1,10,,295934,4,0,7 40 41,1,20,,295939,4,,,1,10,,295938,4,0,7 40 41,1,60,,295942,4,,,1,10,,295941,4,0,7 40 41,1,25,,295945,4,,,1,5,,295944,4,0,7 40 41,1,75,,295948,4,,,1,10,,295947,4,0,7 40 41,1,70,,295949,4,0,7 40 41,1,5,,295950,4,,,1,15,,295951,4,0,7 40 41,1,10,,295952,4,,,1,65,,295954,4,,,1,5,,295953,4,0,7 40 41,1,20,,295956,4,,,1,10,,295955,4,0,7 40 41,1,75,,295957,4,0,7 40 41,1,15,,295958,4,,,1,90,,295959,4,,,1
4101,'20261125',505,,295960,4,,,1,95,,295962,4,,,1,25,,295963,4,,,1,75,,295965,4,,,1,30,,295966,4,,,1,70,,295967,4,,,1,30,,295968,4,,,1,75,,295969,4,,,1,35,,295970,4,,,1,75,,295971,4,,,1,35,,295972,4,,,1,70,,295974,4,,,1,5,,295973,4,0,7 40 41,1,25,,295976,4,,,1,5,,295975,4,0,7 40 41,1,65,,295977,4,0,7 40 41,1,20,,295980,4,,,1,5,,295979,4,0,7 40 41,1,55,,295982,4,,,1,10,,295981,4,0,7 40 41,1,25,,295983,4,0,7 40 41,1,15,,295986,4,,,1,55,,295985,4,0,7 40 41,1,25,,295988,4,0,7 40 41,1,25,,295990,4,0,7 40 41,1,45,,295992,4,,,1,30,,295995,4,,,1,15,,295993,4,0,7 40 41,1,65,,296000,4,,,1,10,,295999,4,0,7 40 41,1,20,,296004,4,,,1,10,,296003,4,0,7 40 41,1,60,,296007,4,,,1,10,,296006,4,0,7 40 41,1,25,,296010,4,,,1,5,,296009,4,0,7 40 41,1,75,,296013,4,,,1,10,,296012,4,0,7 40 41,1,70,,296014,4,0,7 40 41,1,5,,296015,4,,,1,15,,296016,4,0,7 40 41,1,10,,296017,4,,,1,65,,296019,4,,,1,5,,296018,4,0,7 40 41,1,20,,296021,4,,,1,10,,296020,4,0,7 40 41,1,75,,296022,4,0,7 40 41,1,15,,296023,4,,,1,90,,296024,4,,,1
4101,'20261126',505,,296025,4,,,1,95,,296027,4,,,1,25,,296028,4,,,1,75,,296030,4,,,1,30,,296031,4,,,1,70,,296032,4,,,1,30,,296033,4,,,1,75,,296034,4,,,1,35,,296035,4,,,1,75,,296036,4,,,1,35,,296037,4,,,1,70,,296039,4,,,1,5,,296038,4,0,7 40 41,1,25,,296041,4,,,1,5,,296040,4,0,7 40 41,1,65,,296042,4,0,7 40 41,1,20,,296045,4,,,1,5,,296044,4,0,7 40 41,1,55,,296047,4,,,1,10,,296046,4,0,7 40 41,1,25,,296048,4,0,7 40 41,1,15,,296051,4,,,1,55,,296050,4,0,7 40 41,1,25,,296053,4,0,7 40 41,1,25,,296055,4,0,7 40 41,1,45,,296057,4,,,1,30,,296060,4,,,1,15,,296058,4,0,7 40 41,1,65,,296065,4,,,1,10,,296064,4,0,7 40 41,1,20,,296069,4,,,1,10,,296068,4,0,7 40 41,1,60,,296072,4,,,1,10,,296071,4,0,7 40 41,1,25,,296075,4,,,1,5,,296074,4,0,7 40 41,1,75,,296078,4,,,1,10,,296077,4,0,7 40 41,1,70,,296079,4,0,7 40 41,1,5,,296080,4,,,1,15,,296081,4,0,7 40 41,1,10,,296082,4,,,1,65,,296084,4,,,1,5,,296083,4,0,7 40 41,1,20,,296086,4,,,1,10,,296085,4,0,7 40 41,1,75,,296087,4,0,7 40 41,1,15,,296088,4,,,1,90,,296089,4,,,1
4101,'20261127',505,,296090,4,,,1,95,,296092,4,,,1,25,,296093,4,,,1,75,,296095,4,,,1,30,,296096,4,,,1,70,,296097,4,,,1,30,,296098,4,,,1,75,,296099,4,,,1,35,,296100,4,,,1,75,,296101,4,,,1,35,,296102,4,,,1,70,,296104,4,,,1,5,,296103,4,0,7 40 41,1,25,,296106,4,,,1,5,,296105,4,0,7 40 41,1,65,,296107,4,0,7 40 41,1,20,,296110,4,,,1,5,,296109,4,0,7 40 41,1,55,,296112,4,,,1,10,,296111,4,0,7 40 41,1,25,,296113,4,0,7 40 41,1,15,,296116,4,,,1,55,,296115,4,0,7 40 41,1,25,,296118,4,0,7 40 41,1,25,,296120,4,0,7 40 41,1,45,,296122,4,,,1,30,,296125,4,,,1,15,,296123,4,0,7 40 41,1,65,,296130,4,,,1,10,,296129,4,0,7 40 41,1,20,,296134,4,,,1,10,,296133,4,0,7 40 41,1,60,,296137,4,,,1,10,,296136,4,0,7 40 41,1,25,,296140,4,,,1,5,,296139,4,0,7 40 41,1,75,,296143,4,,,1,10,,296142,4,0,7 40 41,1,70,,296144,4,0,7 40 41,1,5,,296145,4,,,1,15,,296146,4,0,7 40 41,1,10,,296147,4,,,1,65,,296149,4,,,1,5,,296148,4,0,7 40 41,1,20,,296151,4,,,1,10,,296150,4,0,7 40 41,1,75,,296152,4,0,7 40 41,1,15,,296153,4,,,1,90,,296154,4,,,1
9201,'20260917',441,,325049,20,,,1,66,,325050,20,,,1,41,,325052,9,0,7 23,1,56,,325051,20,,,1,31,,325053,9,0,7 23,1,24,,325054,20,,,1,82,,325056,9,0,7 23,1,61,,325055,20,,,1,100,,325057,20,,,1,100,,325058,20,,,1,100,,325059,20,,,1,100,,325060,20,,,1,105,,325061,20,,,1,100,,325062,20,,,1,100,,325063,20,,,1,100,,325064,20,,,1,100,,325065,20,,,1,100,,325066,20,,,1,105,,325067,20,,,1,200,,325068,20,,,1,199,,325069,20,,,1,205,,325070,20,,,1
9201,'20260918',441,,325071,20,,,1,66,,325072,20,,,1,41,,325074,9,0,7 23,1,56,,325073,20,,,1,31,,325075,9,0,7 23,1,24,,325076,20,,,1,82,,325078,9,0,7 23,1,61,,325077,20,,,1,100,,325079,20,,,1,100,,325080,20,,,1,100,,325081,20,,,1,100,,325082,20,,,1,105,,325083,20,,,1,100,,325084,20,,,1,100,,325085,20,,,1,100,,325086,20,,,1,100,,325087,20,,,1,100,,325088,20,,,1,105,,325089,20,,,1,200,,325090,20,,,1,199,,325091,20,,,1,205,,325092,20,,,1
9201,'20260919',557,,325093,20,,,1,100,,325094,20,,,1,102,,325095,20,,,1,95,,325096,20,,,1,99,,325097,20,,,1,95,,325098,20,,,1,96,,325099,20,,,1,100,,325100,20,,,1,100,,325101,20,,,1,100,,325102,20,,,1,105,,325103,20,,,1,105,,325104,20,,,1,99,,325105,20,,,1,100,,325106,20,,,1,147,,325107,20,,,1,205,,325108,20,,,1,153,,325109,20,,,1
9201,'20260920',557,,325110,20,,,1,100,,325111,20,,,1,102,,325112,20,,,1,95,,325113,20,,,1,99,,325114,20,,,1,95,,325115,20,,,1,96,,325116,20,,,1,100,,325117,20,,,1,100,,325118,20,,,1,100,,325119,20,,,1,105,,325120,20,,,1,105,,325121,20,,,1,99,,325122,20,,,1,100,,325123,20,,,1,147,,325124,20,,,1,205,,325125,20,,,1,153,,325126,20,,,1
9201,'20260921',441,,325127,20,,,1,66,,325128,20,,,1,41,,325130,9,0,7 23,1,56,,325129,20,,,1,31,,325131,9,0,7 23,1,24,,325132,20,,,1,82,,325134,9,0,7 23,1,61,,325133,20,,,1,100,,325135,20,,,1,100,,325136,20,,,1,100,,325137,20,,,1,100,,325138,20,,,1,105,,325139,20,,,1,100,,325140,20,,,1,100,,325141,20,,,1,100,,325142,20,,,1,100,,325143,20,,,1,100,,325144,20,,,1,105,,325145,20,,,1,200,,325146,20,,,1,199,,325147,20,,,1,205,,325148,20,,,1
9201,'20260922',441,,325149,20,,,1,66,,325150,20,,,1,41,,325152,9,0,7 23,1,56,,325151,20,,,1,31,,325153,9,0,7 23,1,24,,325154,20,,,1,82,,325156,9,0,7 23,1,61,,325155,20,,,1,100,,325157,20,,,1,100,,325158,20,,,1,100,,325159,20,,,1,100,,325160,20,,,1,105,,325161,20,,,1,100,,325162,20,,,1,100,,325163,20,,,1,100,,325164,20,,,1,100,,325165,20,,,1,100,,325166,20,,,1,105,,325167,20,,,1,200,,325168,20,,,1,199,,325169,20,,,1,205,,325170,20,,,1
9201,'20260923',441,,325171,20,,,1,66,,325172,20,,,1,41,,325174,9,0,7 23,1,56,,325173,20,,,1,31,,325175,9,0,7 23,1,24,,325176,20,,,1,82,,325178,9,0,7 23,1,61,,325177,20,,,1,100,,325179,20,,,1,100,,325180,20,,,1,100,,325181,20,,,1,100,,325182,20,,,1,105,,325183,20,,,1,100,,325184,20,,,1,100,,325185,20,,,1,100,,325186,20,,,1,100,,325187,20,,,1,100,,325188,20,,,1,105,,325189,20,,,1,200,,325190,20,,,1,199,,325191,20,,,1,205,,325192,20,,,1
9201,'20260924',441,,325193,20,,,1,66,,325194,20,,,1,41,,325196,9,0,7 23,1,56,,325195,20,,,1,31,,325197,9,0,7 23,1,24,,325198,20,,,1,82,,325200,9,0,7 23,1,61,,325199,20,,,1,100,,325201,20,,,1,100,,325202,20,,,1,100,,325203,20,,,1,100,,325204,20,,,1,105,,325205,20,,,1,100,,325206,20,,,1,100,,325207,20,,,1,100,,325208,20,,,1,100,,325209,20,,,1,100,,325210,20,,,1,105,,325211,20,,,1,200,,325212,20,,,1,199,,325213,20,,,1,205,,325214,20,,,1
9201,'20260925',441,,325215,20,,,1,66,,325216,20,,,1,41,,325218,9,0,7 23,1,56,,325217,20,,,1,31,,325219,9,0,7 23,1,24,,325220,20,,,1,82,,325222,9,0,7 23,1,61,,325221,20,,,1,100,,325223,20,,,1,100,,325224,20,,,1,100,,325225,20,,,1,100,,325226,20,,,1,105,,325227,20,,,1,100,,325228,20,,,1,100,,325229,20,,,1,100,,325230,20,,,1,100,,325231,20,,,1,100,,325232,20,,,1,105,,325233,20,,,1,200,,325234,20,,,1,199,,325235,20,,,1,205,,325236,20,,,1
9201,'20260926',557,,325237,20,,,1,100,,325238,20,,,1,102,,325239,20,,,1,95,,325240,20,,,1,99,,325241,20,,,1,95,,325242,20,,,1,96,,325243,20,,,1,100,,325244,20,,,1,100,,325245,20,,,1,100,,325246,20,,,1,105,,325247,20,,,1,105,,325248,20,,,1,99,,325249,20,,,1,100,,325250,20,,,1,147,,325251,20,,,1,205,,325252,20,,,1,153,,325253,20,,,1
9201,'20260927',557,,325254,20,,,1,100,,325255,20,,,1,102,,325256,20,,,1,95,,325257,20,,,1,99,,325258,20,,,1,95,,325259,20,,,1,96,,325260,20,,,1,100,,325261,20,,,1,100,,325262,20,,,1,100,,325263,20,,,1,105,,325264,20,,,1,105,,325265,20,,,1,99,,325266,20,,,1,100,,325267,20,,,1,147,,325268,20,,,1,205,,325269,20,,,1,153,,325270,20,,,1
9201,'20260928',441,,325271,20,,,1,66,,325272,20,,,1,41,,325274,9,0,7 23,1,56,,325273,20,,,1,31,,325275,9,0,7 23,1,24,,325276,20,,,1,82,,325278,9,0,7 23,1,61,,325277,20,,,1,100,,325279,20,,,1,100,,325280,20,,,1,100,,325281,20,,,1,100,,325282,20,,,1,105,,325283,20,,,1,100,,325284,20,,,1,100,,325285,20,,,1,100,,325286,20,,,1,100,,325287,20,,,1,100,,325288,20,,,1,105,,325289,20,,,1,200,,325290,20,,,1,199,,325291,20,,,1,205,,325292,20,,,1
9201,'20260929',441,,325293,20,,,1,66,,325294,20,,,1,41,,325296,9,0,7 23,1,56,,325295,20,,,1,31,,325297,9,0,7 23,1,24,,325298,20,,,1,82,,325300,9,0,7 23,1,61,,325299,20,,,1,100,,325301,20,,,1,100,,325302,20,,,1,100,,325303,20,,,1,100,,325304,20,,,1,105,,325305,20,,,1,100,,325306,20,,,1,100,,325307,20,,,1,100,,325308,20,,,1,100,,325309,20,,,1,100,,325310,20,,,1,105,,325311,20,,,1,200,,325312,20,,,1,199,,325313,20,,,1,205,,325314,20,,,1
9201,'20260930',441,,325315,20,,,1,66,,325316,20,,,1,41,,325318,9,0,7 23,1,56,,325317,20,,,1,31,,325319,9,0,7 23,1,24,,325320,20,,,1,82,,325322,9,0,7 23,1,61,,325321,20,,,1,100,,325323,20,,,1,100,,325324,20,,,1,100,,325325,20,,,1,100,,325326,20,,,1,105,,325327,20,,,1,100,,325328,20,,,1,100,,325329,20,,,1,100,,325330,20,,,1,100,,325331,20,,,1,100,,325332,20,,,1,105,,325333,20,,,1,200,,325334,20,,,1,199,,325335,20,,,1,205,,325336,20,,,1
9201,'20261001',441,,325337,20,,,1,66,,325338,20,,,1,41,,325340,9,0,7 23,1,56,,325339,20,,,1,31,,325341,9,0,7 23,1,24,,325342,20,,,1,82,,325344,9,0,7 23,1,61,,325343,20,,,1,100,,325345,20,,,1,100,,325346,20,,,1,100,,325347,20,,,1,100,,325348,20,,,1,105,,325349,20,,,1,100,,325350,20,,,1,100,,325351,20,,,1,100,,325352,20,,,1,100,,325353,20,,,1,100,,325354,20,,,1,105,,325355,20,,,1,200,,325356,20,,,1,199,,325357,20,,,1,205,,325358,20,,,1
9201,'20261002',441,,325359,20,,,1,66,,325360,20,,,1,41,,325362,9,0,7 23,1,56,,325361,20,,,1,31,,325363,9,0,7 23,1,24,,325364,20,,,1,82,,325366,9,0,7 23,1,61,,325365,20,,,1,100,,325367,20,,,1,100,,325368,20,,,1,100,,325369,20,,,1,100,,325370,20,,,1,105,,325371,20,,,1,100,,325372,20,,,1,100,,325373,20,,,1,100,,325374,20,,,1,100,,325375,20,,,1,100,,325376,20,,,1,105,,325377,20,,,1,200,,325378,20,,,1,199,,325379,20,,,1,205,,325380,20,,,1
9201,'20261003',557,,325381,20,,,1,100,,325382,20,,,1,102,,325383,20,,,1,95,,325384,20,,,1,99,,325385,20,,,1,95,,325386,20,,,1,96,,325387,20,,,1,100,,325388,20,,,1,100,,325389,20,,,1,100,,325390,20,,,1,105,,325391,20,,,1,105,,325392,20,,,1,99,,325393,20,,,1,100,,325394,20,,,1,147,,325395,20,,,1,205,,325396,20,,,1,153,,325397,20,,,1
9201,'20261004',557,,325398,20,,,1,100,,325399,20,,,1,102,,325400,20,,,1,95,,325401,20,,,1,99,,325402,20,,,1,95,,325403,20,,,1,96,,325404,20,,,1,100,,325405,20,,,1,100,,325406,20,,,1,100,,325407,20,,,1,105,,325408,20,,,1,105,,325409,20,,,1,99,,325410,20,,,1,100,,325411,20,,,1,147,,325412,20,,,1,205,,325413,20,,,1,153,,325414,20,,,1
9201,'20261005',441,,325415,20,,,1,66,,325416,20,,,1,41,,325418,9,0,7 23,1,56,,325417,20,,,1,31,,325419,9,0,7 23,1,24,,325420,20,,,1,82,,325422,9,0,7 23,1,61,,325421,20,,,1,100,,325423,20,,,1,100,,325424,20,,,1,100,,325425,20,,,1,100,,325426,20,,,1,105,,325427,20,,,1,100,,325428,20,,,1,100,,325429,20,,,1,100,,325430,20,,,1,100,,325431,20,,,1,100,,325432,20,,,1,105,,325433,20,,,1,200,,325434,20,,,1,199,,325435,20,,,1,205,,325436,20,,,1
9201,'20261006',441,,325437,20,,,1,66,,325438,20,,,1,41,,325440,9,0,7 23,1,56,,325439,20,,,1,31,,325441,9,0,7 23,1,24,,325442,20,,,1,82,,325444,9,0,7 23,1,61,,325443,20,,,1,100,,325445,20,,,1,100,,325446,20,,,1,100,,325447,20,,,1,100,,325448,20,,,1,105,,325449,20,,,1,100,,325450,20,,,1,100,,325451,20,,,1,100,,325452,20,,,1,100,,325453,20,,,1,100,,325454,20,,,1,105,,325455,20,,,1,200,,325456,20,,,1,199,,325457,20,,,1,205,,325458,20,,,1
9201,'20261007',441,,325459,20,,,1,66,,325460,20,,,1,41,,325462,9,0,7 23,1,56,,325461,20,,,1,31,,325463,9,0,7 23,1,24,,325464,20,,,1,82,,325466,9,0,7 23,1,61,,325465,20,,,1,100,,325467,20,,,1,100,,325468,20,,,1,100,,325469,20,,,1,100,,325470,20,,,1,105,,325471,20,,,1,100,,325472,20,,,1,100,,325473,20,,,1,100,,325474,20,,,1,100,,325475,20,,,1,100,,325476,20,,,1,105,,325477,20,,,1,200,,325478,20,,,1,199,,325479,20,,,1,205,,325480,20,,,1
9201,'20261008',441,,325481,20,,,1,66,,325482,20,,,1,41,,325484,9,0,7 23,1,56,,325483,20,,,1,31,,325485,9,0,7 23,1,24,,325486,20,,,1,82,,325488,9,0,7 23,1,61,,325487,20,,,1,100,,325489,20,,,1,100,,325490,20,,,1,100,,325491,20,,,1,100,,325492,20,,,1,105,,325493,20,,,1,100,,325494,20,,,1,100,,325495,20,,,1,100,,325496,20,,,1,100,,325497,20,,,1,100,,325498,20,,,1,105,,325499,20,,,1,200,,325500,20,,,1,199,,325501,20,,,1,205,,325502,20,,,1
9201,'20261009',441,,325503,20,,,1,66,,325504,20,,,1,41,,325506,9,0,7 23,1,56,,325505,20,,,1,31,,325507,9,0,7 23,1,24,,325508,20,,,1,82,,325510,9,0,7 23,1,61,,325509,20,,,1,100,,325511,20,,,1,100,,325512,20,,,1,100,,325513,20,,,1,100,,325514,20,,,1,105,,325515,20,,,1,100,,325516,20,,,1,100,,325517,20,,,1,100,,325518,20,,,1,100,,325519,20,,,1,100,,325520,20,,,1,105,,325521,20,,,1,200,,325522,20,,,1,199,,325523,20,,,1,205,,325524,20,,,1
9201,'20261010',557,,325525,20,,,1,100,,325526,20,,,1,102,,325527,20,,,1,95,,325528,20,,,1,99,,325529,20,,,1,95,,325530,20,,,1,96,,325531,20,,,1,100,,325532,20,,,1,100,,325533,20,,,1,100,,325534,20,,,1,105,,325535,20,,,1,105,,325536,20,,,1,99,,325537,20,,,1,100,,325538,20,,,1,147,,325539,20,,,1,205,,325540,20,,,1,153,,325541,20,,,1
9201,'20261011',557,,325542,20,,,1,100,,325543,20,,,1,102,,325544,20,,,1,95,,325545,20,,,1,99,,325546,20,,,1,95,,325547,20,,,1,96,,325548,20,,,1,100,,325549,20,,,1,100,,325550,20,,,1,100,,325551,20,,,1,105,,325552,20,,,1,105,,325553,20,,,1,99,,325554,20,,,1,100,,325555,20,,,1,147,,325556,20,,,1,205,,325557,20,,,1,153,,325558,20,,,1
9201,'20261012',557,,325559,20,,,1,100,,325560,20,,,1,102,,325561,20,,,1,95,,325562,20,,,1,99,,325563,20,,,1,95,,325564,20,,,1,96,,325565,20,,,1,100,,325566,20,,,1,100,,325567,20,,,1,100,,325568,20,,,1,105,,325569,20,,,1,105,,325570,20,,,1,99,,325571,20,,,1,100,,325572,20,,,1,147,,325573,20,,,1,205,,325574,20,,,1,153,,325575,20,,,1
9201,'20261013',441,,325576,20,,,1,66,,325577,20,,,1,41,,325579,9,0,7 23,1,56,,325578,20,,,1,31,,325580,9,0,7 23,1,24,,325581,20,,,1,82,,325583,9,0,7 23,1,61,,325582,20,,,1,100,,325584,20,,,1,100,,325585,20,,,1,100,,325586,20,,,1,100,,325587,20,,,1,105,,325588,20,,,1,100,,325589,20,,,1,100,,325590,20,,,1,100,,325591,20,,,1,100,,325592,20,,,1,100,,325593,20,,,1,105,,325594,20,,,1,200,,325595,20,,,1,199,,325596,20,,,1,205,,325597,20,,,1
9201,'20261014',441,,325598,20,,,1,66,,325599,20,,,1,41,,325601,9,0,7 23,1,56,,325600,20,,,1,31,,325602,9,0,7 23,1,24,,325603,20,,,1,82,,325605,9,0,7 23,1,61,,325604,20,,,1,100,,325606,20,,,1,100,,325607,20,,,1,100,,325608,20,,,1,100,,325609,20,,,1,105,,325610,20,,,1,100,,325611,20,,,1,100,,325612,20,,,1,100,,325613,20,,,1,100,,325614,20,,,1,100,,325615,20,,,1,105,,325616,20,,,1,200,,325617,20,,,1,199,,325618,20,,,1,205,,325619,20,,,1
9201,'20261015',441,,325620,20,,,1,66,,325621,20,,,1,41,,325623,9,0,7 23,1,56,,325622,20,,,1,31,,325624,9,0,7 23,1,24,,325625,20,,,1,82,,325627,9,0,7 23,1,61,,325626,20,,,1,100,,325628,20,,,1,100,,325629,20,,,1,100,,325630,20,,,1,100,,325631,20,,,1,105,,325632,20,,,1,100,,325633,20,,,1,100,,325634,20,,,1,100,,325635,20,,,1,100,,325636,20,,,1,100,,325637,20,,,1,105,,325638,20,,,1,200,,325639,20,,,1,199,,325640,20,,,1,205,,325641,20,,,1
9201,'20261016',441,,325642,20,,,1,66,,325643,20,,,1,41,,325645,9,0,7 23,1,56,,325644,20,,,1,31,,325646,9,0,7 23,1,24,,325647,20,,,1,82,,325649,9,0,7 23,1,61,,325648,20,,,1,100,,325650,20,,,1,100,,325651,20,,,1,100,,325652,20,,,1,100,,325653,20,,,1,105,,325654,20,,,1,100,,325655,20,,,1,100,,325656,20,,,1,100,,325657,20,,,1,100,,325658,20,,,1,100,,325659,20,,,1,105,,325660,20,,,1,200,,325661,20,,,1,199,,325662,20,,,1,205,,325663,20,,,1
9201,'20261017',557,,325664,20,,,1,100,,325665,20,,,1,102,,325666,20,,,1,95,,325667,20,,,1,99,,325668,20,,,1,95,,325669,20,,,1,96,,325670,20,,,1,100,,325671,20,,,1,100,,325672,20,,,1,100,,325673,20,,,1,105,,325674,20,,,1,105,,325675,20,,,1,99,,325676,20,,,1,100,,325677,20,,,1,147,,325678,20,,,1,205,,325679,20,,,1,153,,325680,20,,,1
9201,'20261018',557,,325681,20,,,1,100,,325682,20,,,1,102,,325683,20,,,1,95,,325684,20,,,1,99,,325685,20,,,1,95,,325686,20,,,1,96,,325687,20,,,1,100,,325688,20,,,1,100,,325689,20,,,1,100,,325690,20,,,1,105,,325691,20,,,1,105,,325692,20,,,1,99,,325693,20,,,1,100,,325694,20,,,1,147,,325695,20,,,1,205,,325696,20,,,1,153,,325697,20,,,1
9201,'20261019',441,,325698,20,,,1,66,,325699,20,,,1,41,,325701,9,0,7 23,1,56,,325700,20,,,1,31,,325702,9,0,7 23,1,24,,325703,20,,,1,82,,325705,9,0,7 23,1,61,,325704,20,,,1,100,,325706,20,,,1,100,,325707,20,,,1,100,,325708,20,,,1,100,,325709,20,,,1,105,,325710,20,,,1,100,,325711,20,,,1,100,,325712,20,,,1,100,,325713,20,,,1,100,,325714,20,,,1,100,,325715,20,,,1,105,,325716,20,,,1,200,,325717,20,,,1,199,,325718,20,,,1,205,,325719,20,,,1
9201,'20261020',441,,325720,20,,,1,66,,325721,20,,,1,41,,325723,9,0,7 23,1,56,,325722,20,,,1,31,,325724,9,0,7 23,1,24,,325725,20,,,1,82,,325727,9,0,7 23,1,61,,325726,20,,,1,100,,325728,20,,,1,100,,325729,20,,,1,100,,325730,20,,,1,100,,325731,20,,,1,105,,325732,20,,,1,100,,325733,20,,,1,100,,325734,20,,,1,100,,325735,20,,,1,100,,325736,20,,,1,100,,325737,20,,,1,105,,325738,20,,,1,200,,325739,20,,,1,199,,325740,20,,,1,205,,325741,20,,,1
9201,'20261021',441,,325742,20,,,1,66,,325743,20,,,1,41,,325745,9,0,7 23,1,56,,325744,20,,,1,31,,325746,9,0,7 23,1,24,,325747,20,,,1,82,,325749,9,0,7 23,1,61,,325748,20,,,1,100,,325750,20,,,1,100,,325751,20,,,1,100,,325752,20,,,1,100,,325753,20,,,1,105,,325754,20,,,1,100,,325755,20,,,1,100,,325756,20,,,1,100,,325757,20,,,1,100,,325758,20,,,1,100,,325759,20,,,1,105,,325760,20,,,1,200,,325761,20,,,1,199,,325762,20,,,1,205,,325763,20,,,1
9201,'20261022',441,,325764,20,,,1,66,,325765,20,,,1,41,,325767,9,0,7 23,1,56,,325766,20,,,1,31,,325768,9,0,7 23,1,24,,325769,20,,,1,82,,325771,9,0,7 23,1,61,,325770,20,,,1,100,,325772,20,,,1,100,,325773,20,,,1,100,,325774,20,,,1,100,,325775,20,,,1,105,,325776,20,,,1,100,,325777,20,,,1,100,,325778,20,,,1,100,,325779,20,,,1,100,,325780,20,,,1,100,,325781,20,,,1,105,,325782,20,,,1,200,,325783,20,,,1,199,,325784,20,,,1,205,,325785,20,,,1
9201,'20261023',441,,325786,20,,,1,66,,325787,20,,,1,41,,325789,9,0,7 23,1,56,,325788,20,,,1,31,,325790,9,0,7 23,1,24,,325791,20,,,1,82,,325793,9,0,7 23,1,61,,325792,20,,,1,100,,325794,20,,,1,100,,325795,20,,,1,100,,325796,20,,,1,100,,325797,20,,,1,105,,325798,20,,,1,100,,325799,20,,,1,100,,325800,20,,,1,100,,325801,20,,,1,100,,325802,20,,,1,100,,325803,20,,,1,105,,325804,20,,,1,200,,325805,20,,,1,199,,325806,20,,,1,205,,325807,20,,,1
9201,'20261024',557,,325808,20,,,1,100,,325809,20,,,1,102,,325810,20,,,1,95,,325811,20,,,1,99,,325812,20,,,1,95,,325813,20,,,1,96,,325814,20,,,1,100,,325815,20,,,1,100,,325816,20,,,1,100,,325817,20,,,1,105,,325818,20,,,1,105,,325819,20,,,1,99,,325820,20,,,1,100,,325821,20,,,1,147,,325822,20,,,1,205,,325823,20,,,1,153,,325824,20,,,1
9201,'20261025',557,,325825,20,,,1,100,,325826,20,,,1,102,,325827,20,,,1,95,,325828,20,,,1,99,,325829,20,,,1,95,,325830,20,,,1,96,,325831,20,,,1,100,,325832,20,,,1,100,,325833,20,,,1,100,,325834,20,,,1,105,,325835,20,,,1,105,,325836,20,,,1,99,,325837,20,,,1,100,,325838,20,,,1,147,,325839,20,,,1,205,,325840,20,,,1,153,,325841,20,,,1
9201,'20261026',441,,325842,20,,,1,66,,325843,20,,,1,41,,325845,9,0,7 23,1,56,,325844,20,,,1,31,,325846,9,0,7 23,1,24,,325847,20,,,1,82,,325849,9,0,7 23,1,61,,325848,20,,,1,100,,325850,20,,,1,100,,325851,20,,,1,100,,325852,20,,,1,100,,325853,20,,,1,105,,325854,20,,,1,100,,325855,20,,,1,100,,325856,20,,,1,100,,325857,20,,,1,100,,325858,20,,,1,100,,325859,20,,,1,105,,325860,20,,,1,200,,325861,20,,,1,199,,325862,20,,,1,205,,325863,20,,,1
9201,'20261027',441,,325864,20,,,1,66,,325865,20,,,1,41,,325867,9,0,7 23,1,56,,325866,20,,,1,31,,325868,9,0,7 23,1,24,,325869,20,,,1,82,,325871,9,0,7 23,1,61,,325870,20,,,1,100,,325872,20,,,1,100,,325873,20,,,1,100,,325874,20,,,1,100,,325875,20,,,1,105,,325876,20,,,1,100,,325877,20,,,1,100,,325878,20,,,1,100,,325879,20,,,1,100,,325880,20,,,1,100,,325881,20,,,1,105,,325882,20,,,1,200,,325883,20,,,1,199,,325884,20,,,1,205,,325885,20,,,1
9201,'20261028',441,,325886,20,,,1,66,,325887,20,,,1,41,,325889,9,0,7 23,1,56,,325888,20,,,1,31,,325890,9,0,7 23,1,24,,325891,20,,,1,82,,325893,9,0,7 23,1,61,,325892,20,,,1,100,,325894,20,,,1,100,,325895,20,,,1,100,,325896,20,,,1,100,,325897,20,,,1,105,,325898,20,,,1,100,,325899,20,,,1,100,,325900,20,,,1,100,,325901,20,,,1,100,,325902,20,,,1,100,,325903,20,,,1,105,,325904,20,,,1,200,,325905,20,,,1,199,,325906,20,,,1,205,,325907,20,,,1
9201,'20261029',441,,325908,20,,,1,66,,325909,20,,,1,41,,325911,9,0,7 23,1,56,,325910,20,,,1,31,,325912,9,0,7 23,1,24,,325913,20,,,1,82,,325915,9,0,7 23,1,61,,325914,20,,,1,100,,325916,20,,,1,100,,325917,20,,,1,100,,325918,20,,,1,100,,325919,20,,,1,105,,325920,20,,,1,100,,325921,20,,,1,100,,325922,20,,,1,100,,325923,20,,,1,100,,325924,20,,,1,100,,325925,20,,,1,105,,325926,20,,,1,200,,325927,20,,,1,199,,325928,20,,,1,205,,325929,20,,,1
9201,'20261030',441,,325930,20,,,1,66,,325931,20,,,1,41,,325933,9,0,7 23,1,56,,325932,20,,,1,31,,325934,9,0,7 23,1,24,,325935,20,,,1,82,,325937,9,0,7 23,1,61,,325936,20,,,1,100,,325938,20,,,1,100,,325939,20,,,1,100,,325940,20,,,1,100,,325941,20,,,1,105,,325942,20,,,1,100,,325943,20,,,1,100,,325944,20,,,1,100,,325945,20,,,1,100,,325946,20,,,1,100,,325947,20,,,1,105,,325948,20,,,1,200,,325949,20,,,1,199,,325950,20,,,1,205,,325951,20,,,1
9201,'20261031',557,,325952,20,,,1,100,,325953,20,,,1,102,,325954,20,,,1,95,,325955,20,,,1,99,,325956,20,,,1,95,,325957,20,,,1,96,,325958,20,,,1,100,,325959,20,,,1,100,,325960,20,,,1,100,,325961,20,,,1,105,,325962,20,,,1,105,,325963,20,,,1,99,,325964,20,,,1,100,,325965,20,,,1,147,,325966,20,,,1,205,,325967,20,,,1,153,,325968,20,,,1
9201,'20261101',557,,325969,20,,,1,100,,325970,20,,,1,102,,325971,20,,,1,95,,325972,20,,,1,99,,325973,20,,,1,95,,325974,20,,,1,96,,325975,20,,,1,100,,325976,20,,,1,100,,325977,20,,,1,100,,325978,20,,,1,105,,325979,20,,,1,105,,325980,20,,,1,99,,325981,20,,,1,100,,325982,20,,,1,147,,325983,20,,,1,205,,325984,20,,,1,153,,325985,20,,,1
9201,'20261102',441,,325986,20,,,1,66,,325987,20,,,1,41,,325989,9,0,7 23,1,56,,325988,20,,,1,31,,325990,9,0,7 23,1,24,,325991,20,,,1,82,,325993,9,0,7 23,1,61,,325992,20,,,1,100,,325994,20,,,1,100,,325995,20,,,1,100,,325996,20,,,1,100,,325997,20,,,1,105,,325998,20,,,1,100,,325999,20,,,1,100,,326000,20,,,1,100,,326001,20,,,1,100,,326002,20,,,1,100,,326003,20,,,1,105,,326004,20,,,1,200,,326005,20,,,1,199,,326006,20,,,1,205,,326007,20,,,1
9201,'20261103',441,,326008,20,,,1,66,,326009,20,,,1,41,,326011,9,0,7 23,1,56,,326010,20,,,1,31,,326012,9,0,7 23,1,24,,326013,20,,,1,82,,326015,9,0,7 23,1,61,,326014,20,,,1,100,,326016,20,,,1,100,,326017,20,,,1,100,,326018,20,,,1,100,,326019,20,,,1,105,,326020,20,,,1,100,,326021,20,,,1,100,,326022,20,,,1,100,,326023,20,,,1,100,,326024,20,,,1,100,,326025,20,,,1,105,,326026,20,,,1,200,,326027,20,,,1,199,,326028,20,,,1,205,,326029,20,,,1
9201,'20261104',441,,326030,20,,,1,66,,326031,20,,,1,41,,326033,9,0,7 23,1,56,,326032,20,,,1,31,,326034,9,0,7 23,1,24,,326035,20,,,1,82,,326037,9,0,7 23,1,61,,326036,20,,,1,100,,326038,20,,,1,100,,326039,20,,,1,100,,326040,20,,,1,100,,326041,20,,,1,105,,326042,20,,,1,100,,326043,20,,,1,100,,326044,20,,,1,100,,326045,20,,,1,100,,326046,20,,,1,100,,326047,20,,,1,105,,326048,20,,,1,200,,326049,20,,,1,199,,326050,20,,,1,205,,326051,20,,,1
9201,'20261105',441,,326052,20,,,1,66,,326053,20,,,1,41,,326055,9,0,7 23,1,56,,326054,20,,,1,31,,326056,9,0,7 23,1,24,,326057,20,,,1,82,,326059,9,0,7 23,1,61,,326058,20,,,1,100,,326060,20,,,1,100,,326061,20,,,1,100,,326062,20,,,1,100,,326063,20,,,1,105,,326064,20,,,1,100,,326065,20,,,1,100,,326066,20,,,1,100,,326067,20,,,1,100,,326068,20,,,1,100,,326069,20,,,1,105,,326070,20,,,1,200,,326071,20,,,1,199,,326072,20,,,1,205,,326073,20,,,1
9201,'20261106',441,,326074,20,,,1,66,,326075,20,,,1,41,,326077,9,0,7 23,1,56,,326076,20,,,1,31,,326078,9,0,7 23,1,24,,326079,20,,,1,82,,326081,9,0,7 23,1,61,,326080,20,,,1,100,,326082,20,,,1,100,,326083,20,,,1,100,,326084,20,,,1,100,,326085,20,,,1,105,,326086,20,,,1,100,,326087,20,,,1,100,,326088,20,,,1,100,,326089,20,,,1,100,,326090,20,,,1,100,,326091,20,,,1,105,,326092,20,,,1,200,,326093,20,,,1,199,,326094,20,,,1,205,,326095,20,,,1
9201,'20261107',557,,326096,20,,,1,100,,326097,20,,,1,102,,326098,20,,,1,95,,326099,20,,,1,99,,326100,20,,,1,95,,326101,20,,,1,96,,326102,20,,,1,100,,326103,20,,,1,100,,326104,20,,,1,100,,326105,20,,,1,105,,326106,20,,,1,105,,326107,20,,,1,99,,326108,20,,,1,100,,326109,20,,,1,147,,326110,20,,,1,205,,326111,20,,,1,153,,326112,20,,,1
9201,'20261108',557,,326113,20,,,1,100,,326114,20,,,1,102,,326115,20,,,1,95,,326116,20,,,1,99,,326117,20,,,1,95,,326118,20,,,1,96,,326119,20,,,1,100,,326120,20,,,1,100,,326121,20,,,1,100,,326122,20,,,1,105,,326123,20,,,1,105,,326124,20,,,1,99,,326125,20,,,1,100,,326126,20,,,1,147,,326127,20,,,1,205,,326128,20,,,1,153,,326129,20,,,1
9201,'20261109',441,,326130,20,,,1,66,,326131,20,,,1,41,,326133,9,0,7 23,1,56,,326132,20,,,1,31,,326134,9,0,7 23,1,24,,326135,20,,,1,82,,326137,9,0,7 23,1,61,,326136,20,,,1,100,,326138,20,,,1,100,,326139,20,,,1,100,,326140,20,,,1,100,,326141,20,,,1,105,,326142,20,,,1,100,,326143,20,,,1,100,,326144,20,,,1,100,,326145,20,,,1,100,,326146,20,,,1,100,,326147,20,,,1,105,,326148,20,,,1,200,,326149,20,,,1,199,,326150,20,,,1,205,,326151,20,,,1
9201,'20261110',441,,326152,20,,,1,66,,326153,20,,,1,41,,326155,9,0,7 23,1,56,,326154,20,,,1,31,,326156,9,0,7 23,1,24,,326157,20,,,1,82,,326159,9,0,7 23,1,61,,326158,20,,,1,100,,326160,20,,,1,100,,326161,20,,,1,100,,326162,20,,,1,100,,326163,20,,,1,105,,326164,20,,,1,100,,326165,20,,,1,100,,326166,20,,,1,100,,326167,20,,,1,100,,326168,20,,,1,100,,326169,20,,,1,105,,326170,20,,,1,200,,326171,20,,,1,199,,326172,20,,,1,205,,326173,20,,,1
9201,'20261111',441,,326174,20,,,1,66,,326175,20,,,1,41,,326177,9,0,7 23,1,56,,326176,20,,,1,31,,326178,9,0,7 23,1,24,,326179,20,,,1,82,,326181,9,0,7 23,1,61,,326180,20,,,1,100,,326182,20,,,1,100,,326183,20,,,1,100,,326184,20,,,1,100,,326185,20,,,1,105,,326186,20,,,1,100,,326187,20,,,1,100,,326188,20,,,1,100,,326189,20,,,1,100,,326190,20,,,1,100,,326191,20,,,1,105,,326192,20,,,1,200,,326193,20,,,1,199,,326194,20,,,1,205,,326195,20,,,1
9201,'20261112',441,,326196,20,,,1,66,,326197,20,,,1,41,,326199,9,0,7 23,1,56,,326198,20,,,1,31,,326200,9,0,7 23,1,24,,326201,20,,,1,82,,326203,9,0,7 23,1,61,,326202,20,,,1,100,,326204,20,,,1,100,,326205,20,,,1,100,,326206,20,,,1,100,,326207,20,,,1,105,,326208,20,,,1,100,,326209,20,,,1,100,,326210,20,,,1,100,,326211,20,,,1,100,,326212,20,,,1,100,,326213,20,,,1,105,,326214,20,,,1,200,,326215,20,,,1,199,,326216,20,,,1,205,,326217,20,,,1
9201,'20261113',441,,326218,20,,,1,66,,326219,20,,,1,41,,326221,9,0,7 23,1,56,,326220,20,,,1,31,,326222,9,0,7 23,1,24,,326223,20,,,1,82,,326225,9,0,7 23,1,61,,326224,20,,,1,100,,326226,20,,,1,100,,326227,20,,,1,100,,326228,20,,,1,100,,326229,20,,,1,105,,326230,20,,,1,100,,326231,20,,,1,100,,326232,20,,,1,100,,326233,20,,,1,100,,326234,20,,,1,100,,326235,20,,,1,105,,326236,20,,,1,200,,326237,20,,,1,199,,326238,20,,,1,205,,326239,20,,,1
9201,'20261114',557,,326240,20,,,1,100,,326241,20,,,1,102,,326242,20,,,1,95,,326243,20,,,1,99,,326244,20,,,1,95,,326245,20,,,1,96,,326246,20,,,1,100,,326247,20,,,1,100,,326248,20,,,1,100,,326249,20,,,1,105,,326250,20,,,1,105,,326251,20,,,1,99,,326252,20,,,1,100,,326253,20,,,1,147,,326254,20,,,1,205,,326255,20,,,1,153,,326256,20,,,1
9201,'20261115',557,,326257,20,,,1,100,,326258,20,,,1,102,,326259,20,,,1,95,,326260,20,,,1,99,,326261,20,,,1,95,,326262,20,,,1,96,,326263,20,,,1,100,,326264,20,,,1,100,,326265,20,,,1,100,,326266,20,,,1,105,,326267,20,,,1,105,,326268,20,,,1,99,,326269,20,,,1,100,,326270,20,,,1,147,,326271,20,,,1,205,,326272,20,,,1,153,,326273,20,,,1
9201,'20261116',441,,326274,20,,,1,66,,326275,20,,,1,41,,326277,9,0,7 23,1,56,,326276,20,,,1,31,,326278,9,0,7 23,1,24,,326279,20,,,1,82,,326281,9,0,7 23,1,61,,326280,20,,,1,100,,326282,20,,,1,100,,326283,20,,,1,100,,326284,20,,,1,100,,326285,20,,,1,105,,326286,20,,,1,100,,326287,20,,,1,100,,326288,20,,,1,100,,326289,20,,,1,100,,326290,20,,,1,100,,326291,20,,,1,105,,326292,20,,,1,200,,326293,20,,,1,199,,326294,20,,,1,205,,326295,20,,,1
9201,'20261117',441,,326296,20,,,1,66,,326297,20,,,1,41,,326299,9,0,7 23,1,56,,326298,20,,,1,31,,326300,9,0,7 23,1,24,,326301,20,,,1,82,,326303,9,0,7 23,1,61,,326302,20,,,1,100,,326304,20,,,1,100,,326305,20,,,1,100,,326306,20,,,1,100,,326307,20,,,1,105,,326308,20,,,1,100,,326309,20,,,1,100,,326310,20,,,1,100,,326311,20,,,1,100,,326312,20,,,1,100,,326313,20,,,1,105,,326314,20,,,1,200,,326315,20,,,1,199,,326316,20,,,1,205,,326317,20,,,1
9201,'20261118',441,,326318,20,,,1,66,,326319,20,,,1,41,,326321,9,0,7 23,1,56,,326320,20,,,1,31,,326322,9,0,7 23,1,24,,326323,20,,,1,82,,326325,9,0,7 23,1,61,,326324,20,,,1,100,,326326,20,,,1,100,,326327,20,,,1,100,,326328,20,,,1,100,,326329,20,,,1,105,,326330,20,,,1,100,,326331,20,,,1,100,,326332,20,,,1,100,,326333,20,,,1,100,,326334,20,,,1,100,,326335,20,,,1,105,,326336,20,,,1,200,,326337,20,,,1,199,,326338,20,,,1,205,,326339,20,,,1
9201,'20261119',441,,326340,20,,,1,66,,326341,20,,,1,41,,326343,9,0,7 23,1,56,,326342,20,,,1,31,,326344,9,0,7 23,1,24,,326345,20,,,1,82,,326347,9,0,7 23,1,61,,326346,20,,,1,100,,326348,20,,,1,100,,326349,20,,,1,100,,326350,20,,,1,100,,326351,20,,,1,105,,326352,20,,,1,100,,326353,20,,,1,100,,326354,20,,,1,100,,326355,20,,,1,100,,326356,20,,,1,100,,326357,20,,,1,105,,326358,20,,,1,200,,326359,20,,,1,199,,326360,20,,,1,205,,326361,20,,,1
9201,'20261120',441,,326362,20,,,1,66,,326363,20,,,1,41,,326365,9,0,7 23,1,56,,326364,20,,,1,31,,326366,9,0,7 23,1,24,,326367,20,,,1,82,,326369,9,0,7 23,1,61,,326368,20,,,1,100,,326370,20,,,1,100,,326371,20,,,1,100,,326372,20,,,1,100,,326373,20,,,1,105,,326374,20,,,1,100,,326375,20,,,1,100,,326376,20,,,1,100,,326377,20,,,1,100,,326378,20,,,1,100,,326379,20,,,1,105,,326380,20,,,1,200,,326381,20,,,1,199,,326382,20,,,1,205,,326383,20,,,1
9201,'20261121',557,,326384,20,,,1,100,,326385,20,,,1,102,,326386,20,,,1,95,,326387,20,,,1,99,,326388,20,,,1,95,,326389,20,,,1,96,,326390,20,,,1,100,,326391,20,,,1,100,,326392,20,,,1,100,,326393,20,,,1,105,,326394,20,,,1,105,,326395,20,,,1,99,,326396,20,,,1,100,,326397,20,,,1,147,,326398,20,,,1,205,,326399,20,,,1,153,,326400,20,,,1
9201,'20261122',557,,326401,20,,,1,100,,326402,20,,,1,102,,326403,20,,,1,95,,326404,20,,,1,99,,326405,20,,,1,95,,326406,20,,,1,96,,326407,20,,,1,100,,326408,20,,,1,100,,326409,20,,,1,100,,326410,20,,,1,105,,326411,20,,,1,105,,326412,20,,,1,99,,326413,20,,,1,100,,326414,20,,,1,147,,326415,20,,,1,205,,326416,20,,,1,153,,326417,20,,,1
9201,'20261123',441,,326418,20,,,1,66,,326419,20,,,1,41,,326421,9,0,7 23,1,56,,326420,20,,,1,31,,326422,9,0,7 23,1,24,,326423,20,,,1,82,,326425,9,0,7 23,1,61,,326424,20,,,1,100,,326426,20,,,1,100,,326427,20,,,1,100,,326428,20,,,1,100,,326429,20,,,1,105,,326430,20,,,1,100,,326431,20,,,1,100,,326432,20,,,1,100,,326433,20,,,1,100,,326434,20,,,1,100,,326435,20,,,1,105,,326436,20,,,1,200,,326437,20,,,1,199,,326438,20,,,1,205,,326439,20,,,1
9201,'20261124',441,,326440,20,,,1,66,,326441,20,,,1,41,,326443,9,0,7 23,1,56,,326442,20,,,1,31,,326444,9,0,7 23,1,24,,326445,20,,,1,82,,326447,9,0,7 23,1,61,,326446,20,,,1,100,,326448,20,,,1,100,,326449,20,,,1,100,,326450,20,,,1,100,,326451,20,,,1,105,,326452,20,,,1,100,,326453,20,,,1,100,,326454,20,,,1,100,,326455,20,,,1,100,,326456,20,,,1,100,,326457,20,,,1,105,,326458,20,,,1,200,,326459,20,,,1,199,,326460,20,,,1,205,,326461,20,,,1
9201,'20261125',441,,326462,20,,,1,66,,326463,20,,,1,41,,326465,9,0,7 23,1,56,,326464,20,,,1,31,,326466,9,0,7 23,1,24,,326467,20,,,1,82,,326469,9,0,7 23,1,61,,326468,20,,,1,100,,326470,20,,,1,100,,326471,20,,,1,100,,326472,20,,,1,100,,326473,20,,,1,105,,326474,20,,,1,100,,326475,20,,,1,100,,326476,20,,,1,100,,326477,20,,,1,100,,326478,20,,,1,100,,326479,20,,,1,105,,326480,20,,,1,200,,326481,20,,,1,199,,326482,20,,,1,205,,326483,20,,,1
9201,'20261126',441,,326484,20,,,1,66,,326485,20,,,1,41,,326487,9,0,7 23,1,56,,326486,20,,,1,31,,326488,9,0,7 23,1,24,,326489,20,,,1,82,,326491,9,0,7 23,1,61,,326490,20,,,1,100,,326492,20,,,1,100,,326493,20,,,1,100,,326494,20,,,1,100,,326495,20,,,1,105,,326496,20,,,1,100,,326497,20,,,1,100,,326498,20,,,1,100,,326499,20,,,1,100,,326500,20,,,1,100,,326501,20,,,1,105,,326502,20,,,1,200,,326503,20,,,1,199,,326504,20,,,1,205,,326505,20,,,1
9201,'20261127',441,,326506,20,,,1,66,,326507,20,,,1,41,,326509,9,0,7 23,1,56,,326508,20,,,1,31,,326510,9,0,7 23,1,24,,326511,20,,,1,82,,326513,9,0,7 23,1,61,,326512,20,,,1,100,,326514,20,,,1,100,,326515,20,,,1,100,,326516,20,,,1,100,,326517,20,,,1,105,,326518,20,,,1,100,,326519,20,,,1,100,,326520,20,,,1,100,,326521,20,,,1,100,,326522,20,,,1,100,,326523,20,,,1,105,,326524,20,,,1,200,,326525,20,,,1,199,,326526,20,,,1,205,,326527,20,,,1
9401,'20260917',435,,328488,4,,,1,100,,328489,4,,,1,75,,328490,4,,,1,30,,328491,4,,,1,95,,328492,4,,,1,105,,328493,4,,,1,100,,328494,4,,,1,100,,328495,4,,,1,100,,328496,4,,,1,100,,328497,4,,,1,100,,328498,4,,,1,100,,328499,4,,,1,100,,328500,4,,,1,100,,328501,4,,,1,100,,328502,4,,,1,100,,328503,4,,,1,105,,328504,4,,,1,95,,328505,4,,,1,100,,328506,4,,,1,100,,328507,4,,,1,195,,328508,4,,,1,200,,328509,4,,,1
9401,'20260918',435,,328510,4,,,1,100,,328511,4,,,1,75,,328512,4,,,1,30,,328513,4,,,1,95,,328514,4,,,1,105,,328515,4,,,1,100,,328516,4,,,1,100,,328517,4,,,1,100,,328518,4,,,1,100,,328519,4,,,1,100,,328520,4,,,1,100,,328521,4,,,1,100,,328522,4,,,1,100,,328523,4,,,1,100,,328524,4,,,1,100,,328525,4,,,1,105,,328526,4,,,1,95,,328527,4,,,1,100,,328528,4,,,1,100,,328529,4,,,1,195,,328530,4,,,1,200,,328531,4,,,1
9401,'20260919',430,,328532,4,,,1,100,,328533,4,,,1,110,,328534,4,,,1,100,,328535,4,,,1,100,,328536,4,,,1,100,,328537,4,,,1,100,,328538,4,,,1,100,,328539,4,,,1,100,,328540,4,,,1,100,,328541,4,,,1,100,,328542,4,,,1,100,,328543,4,,,1,100,,328544,4,,,1,100,,328545,4,,,1,100,,328546,4,,,1,100,,328547,4,,,1,100,,328548,4,,,1,200,,328549,4,,,1,190,,328550,4,,,1,200,,328551,4,,,1
9401,'20260920',430,,328552,4,,,1,100,,328553,4,,,1,110,,328554,4,,,1,100,,328555,4,,,1,100,,328556,4,,,1,100,,328557,4,,,1,100,,328558,4,,,1,100,,328559,4,,,1,100,,328560,4,,,1,100,,328561,4,,,1,100,,328562,4,,,1,100,,328563,4,,,1,100,,328564,4,,,1,100,,328565,4,,,1,100,,328566,4,,,1,100,,328567,4,,,1,100,,328568,4,,,1,200,,328569,4,,,1,190,,328570,4,,,1,200,,328571,4,,,1
9401,'20260921',435,,328572,4,,,1,100,,328573,4,,,1,75,,328574,4,,,1,30,,328575,4,,,1,95,,328576,4,,,1,105,,328577,4,,,1,100,,328578,4,,,1,100,,328579,4,,,1,100,,328580,4,,,1,100,,328581,4,,,1,100,,328582,4,,,1,100,,328583,4,,,1,100,,328584,4,,,1,100,,328585,4,,,1,100,,328586,4,,,1,100,,328587,4,,,1,105,,328588,4,,,1,95,,328589,4,,,1,100,,328590,4,,,1,100,,328591,4,,,1,195,,328592,4,,,1,200,,328593,4,,,1
9401,'20260922',435,,328594,4,,,1,100,,328595,4,,,1,75,,328596,4,,,1,30,,328597,4,,,1,95,,328598,4,,,1,105,,328599,4,,,1,100,,328600,4,,,1,100,,328601,4,,,1,100,,328602,4,,,1,100,,328603,4,,,1,100,,328604,4,,,1,100,,328605,4,,,1,100,,328606,4,,,1,100,,328607,4,,,1,100,,328608,4,,,1,100,,328609,4,,,1,105,,328610,4,,,1,95,,328611,4,,,1,100,,328612,4,,,1,100,,328613,4,,,1,195,,328614,4,,,1,200,,328615,4,,,1
9401,'20260923',435,,328616,4,,,1,100,,328617,4,,,1,75,,328618,4,,,1,30,,328619,4,,,1,95,,328620,4,,,1,105,,328621,4,,,1,100,,328622,4,,,1,100,,328623,4,,,1,100,,328624,4,,,1,100,,328625,4,,,1,100,,328626,4,,,1,100,,328627,4,,,1,100,,328628,4,,,1,100,,328629,4,,,1,100,,328630,4,,,1,100,,328631,4,,,1,105,,328632,4,,,1,95,,328633,4,,,1,100,,328634,4,,,1,100,,328635,4,,,1,195,,328636,4,,,1,200,,328637,4,,,1
9401,'20260924',435,,328638,4,,,1,100,,328639,4,,,1,75,,328640,4,,,1,30,,328641,4,,,1,95,,328642,4,,,1,105,,328643,4,,,1,100,,328644,4,,,1,100,,328645,4,,,1,100,,328646,4,,,1,100,,328647,4,,,1,100,,328648,4,,,1,100,,328649,4,,,1,100,,328650,4,,,1,100,,328651,4,,,1,100,,328652,4,,,1,100,,328653,4,,,1,105,,328654,4,,,1,95,,328655,4,,,1,100,,328656,4,,,1,100,,328657,4,,,1,195,,328658,4,,,1,200,,328659,4,,,1
9401,'20260925',435,,328660,4,,,1,100,,328661,4,,,1,75,,328662,4,,,1,30,,328663,4,,,1,95,,328664,4,,,1,105,,328665,4,,,1,100,,328666,4,,,1,100,,328667,4,,,1,100,,328668,4,,,1,100,,328669,4,,,1,100,,328670,4,,,1,100,,328671,4,,,1,100,,328672,4,,,1,100,,328673,4,,,1,100,,328674,4,,,1,100,,328675,4,,,1,105,,328676,4,,,1,95,,328677,4,,,1,100,,328678,4,,,1,100,,328679,4,,,1,195,,328680,4,,,1,200,,328681,4,,,1
9401,'20260926',430,,328682,4,,,1,100,,328683,4,,,1,110,,328684,4,,,1,100,,328685,4,,,1,100,,328686,4,,,1,100,,328687,4,,,1,100,,328688,4,,,1,100,,328689,4,,,1,100,,328690,4,,,1,100,,328691,4,,,1,100,,328692,4,,,1,100,,328693,4,,,1,100,,328694,4,,,1,100,,328695,4,,,1,100,,328696,4,,,1,100,,328697,4,,,1,100,,328698,4,,,1,200,,328699,4,,,1,190,,328700,4,,,1,200,,328701,4,,,1
9401,'20260927',430,,328702,4,,,1,100,,328703,4,,,1,110,,328704,4,,,1,100,,328705,4,,,1,100,,328706,4,,,1,100,,328707,4,,,1,100,,328708,4,,,1,100,,328709,4,,,1,100,,328710,4,,,1,100,,328711,4,,,1,100,,328712,4,,,1,100,,328713,4,,,1,100,,328714,4,,,1,100,,328715,4,,,1,100,,328716,4,,,1,100,,328717,4,,,1,100,,328718,4,,,1,200,,328719,4,,,1,190,,328720,4,,,1,200,,328721,4,,,1
9401,'20260928',435,,328722,4,,,1,100,,328723,4,,,1,75,,328724,4,,,1,30,,328725,4,,,1,95,,328726,4,,,1,105,,328727,4,,,1,100,,328728,4,,,1,100,,328729,4,,,1,100,,328730,4,,,1,100,,328731,4,,,1,100,,328732,4,,,1,100,,328733,4,,,1,100,,328734,4,,,1,100,,328735,4,,,1,100,,328736,4,,,1,100,,328737,4,,,1,105,,328738,4,,,1,95,,328739,4,,,1,100,,328740,4,,,1,100,,328741,4,,,1,195,,328742,4,,,1,200,,328743,4,,,1
9401,'20260929',435,,328744,4,,,1,100,,328745,4,,,1,75,,328746,4,,,1,30,,328747,4,,,1,95,,328748,4,,,1,105,,328749,4,,,1,100,,328750,4,,,1,100,,328751,4,,,1,100,,328752,4,,,1,100,,328753,4,,,1,100,,328754,4,,,1,100,,328755,4,,,1,100,,328756,4,,,1,100,,328757,4,,,1,100,,328758,4,,,1,100,,328759,4,,,1,105,,328760,4,,,1,95,,328761,4,,,1,100,,328762,4,,,1,100,,328763,4,,,1,195,,328764,4,,,1,200,,328765,4,,,1
9401,'20260930',435,,328766,4,,,1,100,,328767,4,,,1,75,,328768,4,,,1,30,,328769,4,,,1,95,,328770,4,,,1,105,,328771,4,,,1,100,,328772,4,,,1,100,,328773,4,,,1,100,,328774,4,,,1,100,,328775,4,,,1,100,,328776,4,,,1,100,,328777,4,,,1,100,,328778,4,,,1,100,,328779,4,,,1,100,,328780,4,,,1,100,,328781,4,,,1,105,,328782,4,,,1,95,,328783,4,,,1,100,,328784,4,,,1,100,,328785,4,,,1,195,,328786,4,,,1,200,,328787,4,,,1
9401,'20261001',435,,328788,4,,,1,100,,328789,4,,,1,75,,328790,4,,,1,30,,328791,4,,,1,95,,328792,4,,,1,105,,328793,4,,,1,100,,328794,4,,,1,100,,328795,4,,,1,100,,328796,4,,,1,100,,328797,4,,,1,100,,328798,4,,,1,100,,328799,4,,,1,100,,328800,4,,,1,100,,328801,4,,,1,100,,328802,4,,,1,100,,328803,4,,,1,105,,328804,4,,,1,95,,328805,4,,,1,100,,328806,4,,,1,100,,328807,4,,,1,195,,328808,4,,,1,200,,328809,4,,,1
9401,'20261002',435,,328810,4,,,1,100,,328811,4,,,1,75,,328812,4,,,1,30,,328813,4,,,1,95,,328814,4,,,1,105,,328815,4,,,1,100,,328816,4,,,1,100,,328817,4,,,1,100,,328818,4,,,1,100,,328819,4,,,1,100,,328820,4,,,1,100,,328821,4,,,1,100,,328822,4,,,1,100,,328823,4,,,1,100,,328824,4,,,1,100,,328825,4,,,1,105,,328826,4,,,1,95,,328827,4,,,1,100,,328828,4,,,1,100,,328829,4,,,1,195,,328830,4,,,1,200,,328831,4,,,1
9401,'20261003',430,,328832,4,,,1,100,,328833,4,,,1,110,,328834,4,,,1,100,,328835,4,,,1,100,,328836,4,,,1,100,,328837,4,,,1,100,,328838,4,,,1,100,,328839,4,,,1,100,,328840,4,,,1,100,,328841,4,,,1,100,,328842,4,,,1,100,,328843,4,,,1,100,,328844,4,,,1,100,,328845,4,,,1,100,,328846,4,,,1,100,,328847,4,,,1,100,,328848,4,,,1,200,,328849,4,,,1,190,,328850,4,,,1,200,,328851,4,,,1
9401,'20261004',430,,328852,4,,,1,100,,328853,4,,,1,110,,328854,4,,,1,100,,328855,4,,,1,100,,328856,4,,,1,100,,328857,4,,,1,100,,328858,4,,,1,100,,328859,4,,,1,100,,328860,4,,,1,100,,328861,4,,,1,100,,328862,4,,,1,100,,328863,4,,,1,100,,328864,4,,,1,100,,328865,4,,,1,100,,328866,4,,,1,100,,328867,4,,,1,100,,328868,4,,,1,200,,328869,4,,,1,190,,328870,4,,,1,200,,328871,4,,,1
9401,'20261005',435,,328872,4,,,1,100,,328873,4,,,1,75,,328874,4,,,1,30,,328875,4,,,1,95,,328876,4,,,1,105,,328877,4,,,1,100,,328878,4,,,1,100,,328879,4,,,1,100,,328880,4,,,1,100,,328881,4,,,1,100,,328882,4,,,1,100,,328883,4,,,1,100,,328884,4,,,1,100,,328885,4,,,1,100,,328886,4,,,1,100,,328887,4,,,1,105,,328888,4,,,1,95,,328889,4,,,1,100,,328890,4,,,1,100,,328891,4,,,1,195,,328892,4,,,1,200,,328893,4,,,1
9401,'20261006',435,,328894,4,,,1,100,,328895,4,,,1,75,,328896,4,,,1,30,,328897,4,,,1,95,,328898,4,,,1,105,,328899,4,,,1,100,,328900,4,,,1,100,,328901,4,,,1,100,,328902,4,,,1,100,,328903,4,,,1,100,,328904,4,,,1,100,,328905,4,,,1,100,,328906,4,,,1,100,,328907,4,,,1,100,,328908,4,,,1,100,,328909,4,,,1,105,,328910,4,,,1,95,,328911,4,,,1,100,,328912,4,,,1,100,,328913,4,,,1,195,,328914,4,,,1,200,,328915,4,,,1
9401,'20261007',435,,328916,4,,,1,100,,328917,4,,,1,75,,328918,4,,,1,30,,328919,4,,,1,95,,328920,4,,,1,105,,328921,4,,,1,100,,328922,4,,,1,100,,328923,4,,,1,100,,328924,4,,,1,100,,328925,4,,,1,100,,328926,4,,,1,100,,328927,4,,,1,100,,328928,4,,,1,100,,328929,4,,,1,100,,328930,4,,,1,100,,328931,4,,,1,105,,328932,4,,,1,95,,328933,4,,,1,100,,328934,4,,,1,100,,328935,4,,,1,195,,328936,4,,,1,200,,328937,4,,,1
9401,'20261008',435,,328938,4,,,1,100,,328939,4,,,1,75,,328940,4,,,1,30,,328941,4,,,1,95,,328942,4,,,1,105,,328943,4,,,1,100,,328944,4,,,1,100,,328945,4,,,1,100,,328946,4,,,1,100,,328947,4,,,1,100,,328948,4,,,1,100,,328949,4,,,1,100,,328950,4,,,1,100,,328951,4,,,1,100,,328952,4,,,1,100,,328953,4,,,1,105,,328954,4,,,1,95,,328955,4,,,1,100,,328956,4,,,1,100,,328957,4,,,1,195,,328958,4,,,1,200,,328959,4,,,1
9401,'20261009',435,,328960,4,,,1,100,,328961,4,,,1,75,,328962,4,,,1,30,,328963,4,,,1,95,,328964,4,,,1,105,,328965,4,,,1,100,,328966,4,,,1,100,,328967,4,,,1,100,,328968,4,,,1,100,,328969,4,,,1,100,,328970,4,,,1,100,,328971,4,,,1,100,,328972,4,,,1,100,,328973,4,,,1,100,,328974,4,,,1,100,,328975,4,,,1,105,,328976,4,,,1,95,,328977,4,,,1,100,,328978,4,,,1,100,,328979,4,,,1,195,,328980,4,,,1,200,,328981,4,,,1
9401,'20261010',430,,328982,4,,,1,100,,328983,4,,,1,110,,328984,4,,,1,100,,328985,4,,,1,100,,328986,4,,,1,100,,328987,4,,,1,100,,328988,4,,,1,100,,328989,4,,,1,100,,328990,4,,,1,100,,328991,4,,,1,100,,328992,4,,,1,100,,328993,4,,,1,100,,328994,4,,,1,100,,328995,4,,,1,100,,328996,4,,,1,100,,328997,4,,,1,100,,328998,4,,,1,200,,328999,4,,,1,190,,329000,4,,,1,200,,329001,4,,,1
9401,'20261011',430,,329002,4,,,1,100,,329003,4,,,1,110,,329004,4,,,1,100,,329005,4,,,1,100,,329006,4,,,1,100,,329007,4,,,1,100,,329008,4,,,1,100,,329009,4,,,1,100,,329010,4,,,1,100,,329011,4,,,1,100,,329012,4,,,1,100,,329013,4,,,1,100,,329014,4,,,1,100,,329015,4,,,1,100,,329016,4,,,1,100,,329017,4,,,1,100,,329018,4,,,1,200,,329019,4,,,1,190,,329020,4,,,1,200,,329021,4,,,1
9401,'20261012',430,,329022,4,,,1,100,,329023,4,,,1,110,,329024,4,,,1,100,,329025,4,,,1,100,,329026,4,,,1,100,,329027,4,,,1,100,,329028,4,,,1,100,,329029,4,,,1,100,,329030,4,,,1,100,,329031,4,,,1,100,,329032,4,,,1,100,,329033,4,,,1,100,,329034,4,,,1,100,,329035,4,,,1,100,,329036,4,,,1,100,,329037,4,,,1,100,,329038,4,,,1,200,,329039,4,,,1,190,,329040,4,,,1,200,,329041,4,,,1
9401,'20261013',435,,329042,4,,,1,100,,329043,4,,,1,75,,329044,4,,,1,30,,329045,4,,,1,95,,329046,4,,,1,105,,329047,4,,,1,100,,329048,4,,,1,100,,329049,4,,,1,100,,329050,4,,,1,100,,329051,4,,,1,100,,329052,4,,,1,100,,329053,4,,,1,100,,329054,4,,,1,100,,329055,4,,,1,100,,329056,4,,,1,100,,329057,4,,,1,105,,329058,4,,,1,95,,329059,4,,,1,100,,329060,4,,,1,100,,329061,4,,,1,195,,329062,4,,,1,200,,329063,4,,,1
9401,'20261014',435,,329064,4,,,1,100,,329065,4,,,1,75,,329066,4,,,1,30,,329067,4,,,1,95,,329068,4,,,1,105,,329069,4,,,1,100,,329070,4,,,1,100,,329071,4,,,1,100,,329072,4,,,1,100,,329073,4,,,1,100,,329074,4,,,1,100,,329075,4,,,1,100,,329076,4,,,1,100,,329077,4,,,1,100,,329078,4,,,1,100,,329079,4,,,1,105,,329080,4,,,1,95,,329081,4,,,1,100,,329082,4,,,1,100,,329083,4,,,1,195,,329084,4,,,1,200,,329085,4,,,1
9401,'20261015',435,,329086,4,,,1,100,,329087,4,,,1,75,,329088,4,,,1,30,,329089,4,,,1,95,,329090,4,,,1,105,,329091,4,,,1,100,,329092,4,,,1,100,,329093,4,,,1,100,,329094,4,,,1,100,,329095,4,,,1,100,,329096,4,,,1,100,,329097,4,,,1,100,,329098,4,,,1,100,,329099,4,,,1,100,,329100,4,,,1,100,,329101,4,,,1,105,,329102,4,,,1,95,,329103,4,,,1,100,,329104,4,,,1,100,,329105,4,,,1,195,,329106,4,,,1,200,,329107,4,,,1
9401,'20261016',435,,329108,4,,,1,100,,329109,4,,,1,75,,329110,4,,,1,30,,329111,4,,,1,95,,329112,4,,,1,105,,329113,4,,,1,100,,329114,4,,,1,100,,329115,4,,,1,100,,329116,4,,,1,100,,329117,4,,,1,100,,329118,4,,,1,100,,329119,4,,,1,100,,329120,4,,,1,100,,329121,4,,,1,100,,329122,4,,,1,100,,329123,4,,,1,105,,329124,4,,,1,95,,329125,4,,,1,100,,329126,4,,,1,100,,329127,4,,,1,195,,329128,4,,,1,200,,329129,4,,,1
9401,'20261017',430,,329130,4,,,1,100,,329131,4,,,1,110,,329132,4,,,1,100,,329133,4,,,1,100,,329134,4,,,1,100,,329135,4,,,1,100,,329136,4,,,1,100,,329137,4,,,1,100,,329138,4,,,1,100,,329139,4,,,1,100,,329140,4,,,1,100,,329141,4,,,1,100,,329142,4,,,1,100,,329143,4,,,1,100,,329144,4,,,1,100,,329145,4,,,1,100,,329146,4,,,1,200,,329147,4,,,1,190,,329148,4,,,1,200,,329149,4,,,1
9401,'20261018',430,,329150,4,,,1,100,,329151,4,,,1,110,,329152,4,,,1,100,,329153,4,,,1,100,,329154,4,,,1,100,,329155,4,,,1,100,,329156,4,,,1,100,,329157,4,,,1,100,,329158,4,,,1,100,,329159,4,,,1,100,,329160,4,,,1,100,,329161,4,,,1,100,,329162,4,,,1,100,,329163,4,,,1,100,,329164,4,,,1,100,,329165,4,,,1,100,,329166,4,,,1,200,,329167,4,,,1,190,,329168,4,,,1,200,,329169,4,,,1
9401,'20261019',435,,329170,4,,,1,100,,329171,4,,,1,75,,329172,4,,,1,30,,329173,4,,,1,95,,329174,4,,,1,105,,329175,4,,,1,100,,329176,4,,,1,100,,329177,4,,,1,100,,329178,4,,,1,100,,329179,4,,,1,100,,329180,4,,,1,100,,329181,4,,,1,100,,329182,4,,,1,100,,329183,4,,,1,100,,329184,4,,,1,100,,329185,4,,,1,105,,329186,4,,,1,95,,329187,4,,,1,100,,329188,4,,,1,100,,329189,4,,,1,195,,329190,4,,,1,200,,329191,4,,,1
9401,'20261020',435,,329192,4,,,1,100,,329193,4,,,1,75,,329194,4,,,1,30,,329195,4,,,1,95,,329196,4,,,1,105,,329197,4,,,1,100,,329198,4,,,1,100,,329199,4,,,1,100,,329200,4,,,1,100,,329201,4,,,1,100,,329202,4,,,1,100,,329203,4,,,1,100,,329204,4,,,1,100,,329205,4,,,1,100,,329206,4,,,1,100,,329207,4,,,1,105,,329208,4,,,1,95,,329209,4,,,1,100,,329210,4,,,1,100,,329211,4,,,1,195,,329212,4,,,1,200,,329213,4,,,1
9401,'20261021',435,,329214,4,,,1,100,,329215,4,,,1,75,,329216,4,,,1,30,,329217,4,,,1,95,,329218,4,,,1,105,,329219,4,,,1,100,,329220,4,,,1,100,,329221,4,,,1,100,,329222,4,,,1,100,,329223,4,,,1,100,,329224,4,,,1,100,,329225,4,,,1,100,,329226,4,,,1,100,,329227,4,,,1,100,,329228,4,,,1,100,,329229,4,,,1,105,,329230,4,,,1,95,,329231,4,,,1,100,,329232,4,,,1,100,,329233,4,,,1,195,,329234,4,,,1,200,,329235,4,,,1
9401,'20261022',435,,329236,4,,,1,100,,329237,4,,,1,75,,329238,4,,,1,30,,329239,4,,,1,95,,329240,4,,,1,105,,329241,4,,,1,100,,329242,4,,,1,100,,329243,4,,,1,100,,329244,4,,,1,100,,329245,4,,,1,100,,329246,4,,,1,100,,329247,4,,,1,100,,329248,4,,,1,100,,329249,4,,,1,100,,329250,4,,,1,100,,329251,4,,,1,105,,329252,4,,,1,95,,329253,4,,,1,100,,329254,4,,,1,100,,329255,4,,,1,195,,329256,4,,,1,200,,329257,4,,,1
9401,'20261023',435,,329258,4,,,1,100,,329259,4,,,1,75,,329260,4,,,1,30,,329261,4,,,1,95,,329262,4,,,1,105,,329263,4,,,1,100,,329264,4,,,1,100,,329265,4,,,1,100,,329266,4,,,1,100,,329267,4,,,1,100,,329268,4,,,1,100,,329269,4,,,1,100,,329270,4,,,1,100,,329271,4,,,1,100,,329272,4,,,1,100,,329273,4,,,1,105,,329274,4,,,1,95,,329275,4,,,1,100,,329276,4,,,1,100,,329277,4,,,1,195,,329278,4,,,1,200,,329279,4,,,1
9401,'20261024',430,,329280,4,,,1,100,,329281,4,,,1,110,,329282,4,,,1,100,,329283,4,,,1,100,,329284,4,,,1,100,,329285,4,,,1,100,,329286,4,,,1,100,,329287,4,,,1,100,,329288,4,,,1,100,,329289,4,,,1,100,,329290,4,,,1,100,,329291,4,,,1,100,,329292,4,,,1,100,,329293,4,,,1,100,,329294,4,,,1,100,,329295,4,,,1,100,,329296,4,,,1,200,,329297,4,,,1,190,,329298,4,,,1,200,,329299,4,,,1
9401,'20261025',430,,329300,4,,,1,100,,329301,4,,,1,110,,329302,4,,,1,100,,329303,4,,,1,100,,329304,4,,,1,100,,329305,4,,,1,100,,329306,4,,,1,100,,329307,4,,,1,100,,329308,4,,,1,100,,329309,4,,,1,100,,329310,4,,,1,100,,329311,4,,,1,100,,329312,4,,,1,100,,329313,4,,,1,100,,329314,4,,,1,100,,329315,4,,,1,100,,329316,4,,,1,200,,329317,4,,,1,190,,329318,4,,,1,200,,329319,4,,,1
9401,'20261026',435,,329320,4,,,1,100,,329321,4,,,1,75,,329322,4,,,1,30,,329323,4,,,1,95,,329324,4,,,1,105,,329325,4,,,1,100,,329326,4,,,1,100,,329327,4,,,1,100,,329328,4,,,1,100,,329329,4,,,1,100,,329330,4,,,1,100,,329331,4,,,1,100,,329332,4,,,1,100,,329333,4,,,1,100,,329334,4,,,1,100,,329335,4,,,1,105,,329336,4,,,1,95,,329337,4,,,1,100,,329338,4,,,1,100,,329339,4,,,1,195,,329340,4,,,1,200,,329341,4,,,1
9401,'20261027',435,,329342,4,,,1,100,,329343,4,,,1,75,,329344,4,,,1,30,,329345,4,,,1,95,,329346,4,,,1,105,,329347,4,,,1,100,,329348,4,,,1,100,,329349,4,,,1,100,,329350,4,,,1,100,,329351,4,,,1,100,,329352,4,,,1,100,,329353,4,,,1,100,,329354,4,,,1,100,,329355,4,,,1,100,,329356,4,,,1,100,,329357,4,,,1,105,,329358,4,,,1,95,,329359,4,,,1,100,,329360,4,,,1,100,,329361,4,,,1,195,,329362,4,,,1,200,,329363,4,,,1
9401,'20261028',435,,329364,4,,,1,100,,329365,4,,,1,75,,329366,4,,,1,30,,329367,4,,,1,95,,329368,4,,,1,105,,329369,4,,,1,100,,329370,4,,,1,100,,329371,4,,,1,100,,329372,4,,,1,100,,329373,4,,,1,100,,329374,4,,,1,100,,329375,4,,,1,100,,329376,4,,,1,100,,329377,4,,,1,100,,329378,4,,,1,100,,329379,4,,,1,105,,329380,4,,,1,95,,329381,4,,,1,100,,329382,4,,,1,100,,329383,4,,,1,195,,329384,4,,,1,200,,329385,4,,,1
9401,'20261029',435,,329386,4,,,1,100,,329387,4,,,1,75,,329388,4,,,1,30,,329389,4,,,1,95,,329390,4,,,1,105,,329391,4,,,1,100,,329392,4,,,1,100,,329393,4,,,1,100,,329394,4,,,1,100,,329395,4,,,1,100,,329396,4,,,1,100,,329397,4,,,1,100,,329398,4,,,1,100,,329399,4,,,1,100,,329400,4,,,1,100,,329401,4,,,1,105,,329402,4,,,1,95,,329403,4,,,1,100,,329404,4,,,1,100,,329405,4,,,1,195,,329406,4,,,1,200,,329407,4,,,1
9401,'20261030',435,,329408,4,,,1,100,,329409,4,,,1,75,,329410,4,,,1,30,,329411,4,,,1,95,,329412,4,,,1,105,,329413,4,,,1,100,,329414,4,,,1,100,,329415,4,,,1,100,,329416,4,,,1,100,,329417,4,,,1,100,,329418,4,,,1,100,,329419,4,,,1,100,,329420,4,,,1,100,,329421,4,,,1,100,,329422,4,,,1,100,,329423,4,,,1,105,,329424,4,,,1,95,,329425,4,,,1,100,,329426,4,,,1,100,,329427,4,,,1,195,,329428,4,,,1,200,,329429,4,,,1
9401,'20261031',430,,329430,4,,,1,100,,329431,4,,,1,110,,329432,4,,,1,100,,329433,4,,,1,100,,329434,4,,,1,100,,329435,4,,,1,100,,329436,4,,,1,100,,329437,4,,,1,100,,329438,4,,,1,100,,329439,4,,,1,100,,329440,4,,,1,100,,329441,4,,,1,100,,329442,4,,,1,100,,329443,4,,,1,100,,329444,4,,,1,100,,329445,4,,,1,100,,329446,4,,,1,200,,329447,4,,,1,190,,329448,4,,,1,200,,329449,4,,,1
9401,'20261101',430,,329450,4,,,1,100,,329451,4,,,1,110,,329452,4,,,1,100,,329453,4,,,1,100,,329454,4,,,1,100,,329455,4,,,1,100,,329456,4,,,1,100,,329457,4,,,1,100,,329458,4,,,1,100,,329459,4,,,1,100,,329460,4,,,1,100,,329461,4,,,1,100,,329462,4,,,1,100,,329463,4,,,1,100,,329464,4,,,1,100,,329465,4,,,1,100,,329466,4,,,1,200,,329467,4,,,1,190,,329468,4,,,1,200,,329469,4,,,1
9401,'20261102',435,,329470,4,,,1,100,,329471,4,,,1,75,,329472,4,,,1,30,,329473,4,,,1,95,,329474,4,,,1,105,,329475,4,,,1,100,,329476,4,,,1,100,,329477,4,,,1,100,,329478,4,,,1,100,,329479,4,,,1,100,,329480,4,,,1,100,,329481,4,,,1,100,,329482,4,,,1,100,,329483,4,,,1,100,,329484,4,,,1,100,,329485,4,,,1,105,,329486,4,,,1,95,,329487,4,,,1,100,,329488,4,,,1,100,,329489,4,,,1,195,,329490,4,,,1,200,,329491,4,,,1
9401,'20261103',435,,329492,4,,,1,100,,329493,4,,,1,75,,329494,4,,,1,30,,329495,4,,,1,95,,329496,4,,,1,105,,329497,4,,,1,100,,329498,4,,,1,100,,329499,4,,,1,100,,329500,4,,,1,100,,329501,4,,,1,100,,329502,4,,,1,100,,329503,4,,,1,100,,329504,4,,,1,100,,329505,4,,,1,100,,329506,4,,,1,100,,329507,4,,,1,105,,329508,4,,,1,95,,329509,4,,,1,100,,329510,4,,,1,100,,329511,4,,,1,195,,329512,4,,,1,200,,329513,4,,,1
9401,'20261104',435,,329514,4,,,1,100,,329515,4,,,1,75,,329516,4,,,1,30,,329517,4,,,1,95,,329518,4,,,1,105,,329519,4,,,1,100,,329520,4,,,1,100,,329521,4,,,1,100,,329522,4,,,1,100,,329523,4,,,1,100,,329524,4,,,1,100,,329525,4,,,1,100,,329526,4,,,1,100,,329527,4,,,1,100,,329528,4,,,1,100,,329529,4,,,1,105,,329530,4,,,1,95,,329531,4,,,1,100,,329532,4,,,1,100,,329533,4,,,1,195,,329534,4,,,1,200,,329535,4,,,1
9401,'20261105',435,,329536,4,,,1,100,,329537,4,,,1,75,,329538,4,,,1,30,,329539,4,,,1,95,,329540,4,,,1,105,,329541,4,,,1,100,,329542,4,,,1,100,,329543,4,,,1,100,,329544,4,,,1,100,,329545,4,,,1,100,,329546,4,,,1,100,,329547,4,,,1,100,,329548,4,,,1,100,,329549,4,,,1,100,,329550,4,,,1,100,,329551,4,,,1,105,,329552,4,,,1,95,,329553,4,,,1,100,,329554,4,,,1,100,,329555,4,,,1,195,,329556,4,,,1,200,,329557,4,,,1
9401,'20261106',435,,329558,4,,,1,100,,329559,4,,,1,75,,329560,4,,,1,30,,329561,4,,,1,95,,329562,4,,,1,105,,329563,4,,,1,100,,329564,4,,,1,100,,329565,4,,,1,100,,329566,4,,,1,100,,329567,4,,,1,100,,329568,4,,,1,100,,329569,4,,,1,100,,329570,4,,,1,100,,329571,4,,,1,100,,329572,4,,,1,100,,329573,4,,,1,105,,329574,4,,,1,95,,329575,4,,,1,100,,329576,4,,,1,100,,329577,4,,,1,195,,329578,4,,,1,200,,329579,4,,,1
9401,'20261107',430,,329580,4,,,1,100,,329581,4,,,1,110,,329582,4,,,1,100,,329583,4,,,1,100,,329584,4,,,1,100,,329585,4,,,1,100,,329586,4,,,1,100,,329587,4,,,1,100,,329588,4,,,1,100,,329589,4,,,1,100,,329590,4,,,1,100,,329591,4,,,1,100,,329592,4,,,1,100,,329593,4,,,1,100,,329594,4,,,1,100,,329595,4,,,1,100,,329596,4,,,1,200,,329597,4,,,1,190,,329598,4,,,1,200,,329599,4,,,1
9401,'20261108',430,,329600,4,,,1,100,,329601,4,,,1,110,,329602,4,,,1,100,,329603,4,,,1,100,,329604,4,,,1,100,,329605,4,,,1,100,,329606,4,,,1,100,,329607,4,,,1,100,,329608,4,,,1,100,,329609,4,,,1,100,,329610,4,,,1,100,,329611,4,,,1,100,,329612,4,,,1,100,,329613,4,,,1,100,,329614,4,,,1,100,,329615,4,,,1,100,,329616,4,,,1,200,,329617,4,,,1,190,,329618,4,,,1,200,,329619,4,,,1
9401,'20261109',435,,329620,4,,,1,100,,329621,4,,,1,75,,329622,4,,,1,30,,329623,4,,,1,95,,329624,4,,,1,105,,329625,4,,,1,100,,329626,4,,,1,100,,329627,4,,,1,100,,329628,4,,,1,100,,329629,4,,,1,100,,329630,4,,,1,100,,329631,4,,,1,100,,329632,4,,,1,100,,329633,4,,,1,100,,329634,4,,,1,100,,329635,4,,,1,105,,329636,4,,,1,95,,329637,4,,,1,100,,329638,4,,,1,100,,329639,4,,,1,195,,329640,4,,,1,200,,329641,4,,,1
9401,'20261110',435,,329642,4,,,1,100,,329643,4,,,1,75,,329644,4,,,1,30,,329645,4,,,1,95,,329646,4,,,1,105,,329647,4,,,1,100,,329648,4,,,1,100,,329649,4,,,1,100,,329650,4,,,1,100,,329651,4,,,1,100,,329652,4,,,1,100,,329653,4,,,1,100,,329654,4,,,1,100,,329655,4,,,1,100,,329656,4,,,1,100,,329657,4,,,1,105,,329658,4,,,1,95,,329659,4,,,1,100,,329660,4,,,1,100,,329661,4,,,1,195,,329662,4,,,1,200,,329663,4,,,1
9401,'20261111',435,,329664,4,,,1,100,,329665,4,,,1,75,,329666,4,,,1,30,,329667,4,,,1,95,,329668,4,,,1,105,,329669,4,,,1,100,,329670,4,,,1,100,,329671,4,,,1,100,,329672,4,,,1,100,,329673,4,,,1,100,,329674,4,,,1,100,,329675,4,,,1,100,,329676,4,,,1,100,,329677,4,,,1,100,,329678,4,,,1,100,,329679,4,,,1,105,,329680,4,,,1,95,,329681,4,,,1,100,,329682,4,,,1,100,,329683,4,,,1,195,,329684,4,,,1,200,,329685,4,,,1
9401,'20261112',435,,329686,4,,,1,100,,329687,4,,,1,75,,329688,4,,,1,30,,329689,4,,,1,95,,329690,4,,,1,105,,329691,4,,,1,100,,329692,4,,,1,100,,329693,4,,,1,100,,329694,4,,,1,100,,329695,4,,,1,100,,329696,4,,,1,100,,329697,4,,,1,100,,329698,4,,,1,100,,329699,4,,,1,100,,329700,4,,,1,100,,329701,4,,,1,105,,329702,4,,,1,95,,329703,4,,,1,100,,329704,4,,,1,100,,329705,4,,,1,195,,329706,4,,,1,200,,329707,4,,,1
9401,'20261113',435,,329708,4,,,1,100,,329709,4,,,1,75,,329710,4,,,1,30,,329711,4,,,1,95,,329712,4,,,1,105,,329713,4,,,1,100,,329714,4,,,1,100,,329715,4,,,1,100,,329716,4,,,1,100,,329717,4,,,1,100,,329718,4,,,1,100,,329719,4,,,1,100,,329720,4,,,1,100,,329721,4,,,1,100,,329722,4,,,1,100,,329723,4,,,1,105,,329724,4,,,1,95,,329725,4,,,1,100,,329726,4,,,1,100,,329727,4,,,1,195,,329728,4,,,1,200,,329729,4,,,1
9401,'20261114',430,,329730,4,,,1,100,,329731,4,,,1,110,,329732,4,,,1,100,,329733,4,,,1,100,,329734,4,,,1,100,,329735,4,,,1,100,,329736,4,,,1,100,,329737,4,,,1,100,,329738,4,,,1,100,,329739,4,,,1,100,,329740,4,,,1,100,,329741,4,,,1,100,,329742,4,,,1,100,,329743,4,,,1,100,,329744,4,,,1,100,,329745,4,,,1,100,,329746,4,,,1,200,,329747,4,,,1,190,,329748,4,,,1,200,,329749,4,,,1
9401,'20261115',430,,329750,4,,,1,100,,329751,4,,,1,110,,329752,4,,,1,100,,329753,4,,,1,100,,329754,4,,,1,100,,329755,4,,,1,100,,329756,4,,,1,100,,329757,4,,,1,100,,329758,4,,,1,100,,329759,4,,,1,100,,329760,4,,,1,100,,329761,4,,,1,100,,329762,4,,,1,100,,329763,4,,,1,100,,329764,4,,,1,100,,329765,4,,,1,100,,329766,4,,,1,200,,329767,4,,,1,190,,329768,4,,,1,200,,329769,4,,,1
9401,'20261116',435,,329770,4,,,1,100,,329771,4,,,1,75,,329772,4,,,1,30,,329773,4,,,1,95,,329774,4,,,1,105,,329775,4,,,1,100,,329776,4,,,1,100,,329777,4,,,1,100,,329778,4,,,1,100,,329779,4,,,1,100,,329780,4,,,1,100,,329781,4,,,1,100,,329782,4,,,1,100,,329783,4,,,1,100,,329784,4,,,1,100,,329785,4,,,1,105,,329786,4,,,1,95,,329787,4,,,1,100,,329788,4,,,1,100,,329789,4,,,1,195,,329790,4,,,1,200,,329791,4,,,1
9401,'20261117',435,,329792,4,,,1,100,,329793,4,,,1,75,,329794,4,,,1,30,,329795,4,,,1,95,,329796,4,,,1,105,,329797,4,,,1,100,,329798,4,,,1,100,,329799,4,,,1,100,,329800,4,,,1,100,,329801,4,,,1,100,,329802,4,,,1,100,,329803,4,,,1,100,,329804,4,,,1,100,,329805,4,,,1,100,,329806,4,,,1,100,,329807,4,,,1,105,,329808,4,,,1,95,,329809,4,,,1,100,,329810,4,,,1,100,,329811,4,,,1,195,,329812,4,,,1,200,,329813,4,,,1
9401,'20261118',435,,329814,4,,,1,100,,329815,4,,,1,75,,329816,4,,,1,30,,329817,4,,,1,95,,329818,4,,,1,105,,329819,4,,,1,100,,329820,4,,,1,100,,329821,4,,,1,100,,329822,4,,,1,100,,329823,4,,,1,100,,329824,4,,,1,100,,329825,4,,,1,100,,329826,4,,,1,100,,329827,4,,,1,100,,329828,4,,,1,100,,329829,4,,,1,105,,329830,4,,,1,95,,329831,4,,,1,100,,329832,4,,,1,100,,329833,4,,,1,195,,329834,4,,,1,200,,329835,4,,,1
9401,'20261119',435,,329836,4,,,1,100,,329837,4,,,1,75,,329838,4,,,1,30,,329839,4,,,1,95,,329840,4,,,1,105,,329841,4,,,1,100,,329842,4,,,1,100,,329843,4,,,1,100,,329844,4,,,1,100,,329845,4,,,1,100,,329846,4,,,1,100,,329847,4,,,1,100,,329848,4,,,1,100,,329849,4,,,1,100,,329850,4,,,1,100,,329851,4,,,1,105,,329852,4,,,1,95,,329853,4,,,1,100,,329854,4,,,1,100,,329855,4,,,1,195,,329856,4,,,1,200,,329857,4,,,1
9401,'20261120',435,,329858,4,,,1,100,,329859,4,,,1,75,,329860,4,,,1,30,,329861,4,,,1,95,,329862,4,,,1,105,,329863,4,,,1,100,,329864,4,,,1,100,,329865,4,,,1,100,,329866,4,,,1,100,,329867,4,,,1,100,,329868,4,,,1,100,,329869,4,,,1,100,,329870,4,,,1,100,,329871,4,,,1,100,,329872,4,,,1,100,,329873,4,,,1,105,,329874,4,,,1,95,,329875,4,,,1,100,,329876,4,,,1,100,,329877,4,,,1,195,,329878,4,,,1,200,,329879,4,,,1
9401,'20261121',430,,329880,4,,,1,100,,329881,4,,,1,110,,329882,4,,,1,100,,329883,4,,,1,100,,329884,4,,,1,100,,329885,4,,,1,100,,329886,4,,,1,100,,329887,4,,,1,100,,329888,4,,,1,100,,329889,4,,,1,100,,329890,4,,,1,100,,329891,4,,,1,100,,329892,4,,,1,100,,329893,4,,,1,100,,329894,4,,,1,100,,329895,4,,,1,100,,329896,4,,,1,200,,329897,4,,,1,190,,329898,4,,,1,200,,329899,4,,,1
9401,'20261122',430,,329900,4,,,1,100,,329901,4,,,1,110,,329902,4,,,1,100,,329903,4,,,1,100,,329904,4,,,1,100,,329905,4,,,1,100,,329906,4,,,1,100,,329907,4,,,1,100,,329908,4,,,1,100,,329909,4,,,1,100,,329910,4,,,1,100,,329911,4,,,1,100,,329912,4,,,1,100,,329913,4,,,1,100,,329914,4,,,1,100,,329915,4,,,1,100,,329916,4,,,1,200,,329917,4,,,1,190,,329918,4,,,1,200,,329919,4,,,1
9401,'20261123',435,,329920,4,,,1,100,,329921,4,,,1,75,,329922,4,,,1,30,,329923,4,,,1,95,,329924,4,,,1,105,,329925,4,,,1,100,,329926,4,,,1,100,,329927,4,,,1,100,,329928,4,,,1,100,,329929,4,,,1,100,,329930,4,,,1,100,,329931,4,,,1,100,,329932,4,,,1,100,,329933,4,,,1,100,,329934,4,,,1,100,,329935,4,,,1,105,,329936,4,,,1,95,,329937,4,,,1,100,,329938,4,,,1,100,,329939,4,,,1,195,,329940,4,,,1,200,,329941,4,,,1
9401,'20261124',435,,329942,4,,,1,100,,329943,4,,,1,75,,329944,4,,,1,30,,329945,4,,,1,95,,329946,4,,,1,105,,329947,4,,,1,100,,329948,4,,,1,100,,329949,4,,,1,100,,329950,4,,,1,100,,329951,4,,,1,100,,329952,4,,,1,100,,329953,4,,,1,100,,329954,4,,,1,100,,329955,4,,,1,100,,329956,4,,,1,100,,329957,4,,,1,105,,329958,4,,,1,95,,329959,4,,,1,100,,329960,4,,,1,100,,329961,4,,,1,195,,329962,4,,,1,200,,329963,4,,,1
9401,'20261125',435,,329964,4,,,1,100,,329965,4,,,1,75,,329966,4,,,1,30,,329967,4,,,1,95,,329968,4,,,1,105,,329969,4,,,1,100,,329970,4,,,1,100,,329971,4,,,1,100,,329972,4,,,1,100,,329973,4,,,1,100,,329974,4,,,1,100,,329975,4,,,1,100,,329976,4,,,1,100,,329977,4,,,1,100,,329978,4,,,1,100,,329979,4,,,1,105,,329980,4,,,1,95,,329981,4,,,1,100,,329982,4,,,1,100,,329983,4,,,1,195,,329984,4,,,1,200,,329985,4,,,1
9401,'20261126',435,,329986,4,,,1,100,,329987,4,,,1,75,,329988,4,,,1,30,,329989,4,,,1,95,,329990,4,,,1,105,,329991,4,,,1,100,,329992,4,,,1,100,,329993,4,,,1,100,,329994,4,,,1,100,,329995,4,,,1,100,,329996,4,,,1,100,,329997,4,,,1,100,,329998,4,,,1,100,,329999,4,,,1,100,,330000,4,,,1,100,,330001,4,,,1,105,,330002,4,,,1,95,,330003,4,,,1,100,,330004,4,,,1,100,,330005,4,,,1,195,,330006,4,,,1,200,,330007,4,,,1
9401,'20261127',435,,330008,4,,,1,100,,330009,4,,,1,75,,330010,4,,,1,30,,330011,4,,,1,95,,330012,4,,,1,105,,330013,4,,,1,100,,330014,4,,,1,100,,330015,4,,,1,100,,330016,4,,,1,100,,330017,4,,,1,100,,330018,4,,,1,100,,330019,4,,,1,100,,330020,4,,,1,100,,330021,4,,,1,100,,330022,4,,,1,100,,330023,4,,,1,105,,330024,4,,,1,95,,330025,4,,,1,100,,330026,4,,,1,100,,330027,4,,,1,195,,330028,4,,,1,200,,330029,4,,,1
