4100,'20260831',723,,188257,27,,,1,5,,188258,10,0,7 58 9,1,22,,188259,27,,,1,3,,188260,10,0,7 58 9,1,50,,188262,10,0,7 58 9,1,20,,188264,10,0,7 58 9,1,10,,188263,27,,,1,5,,188266,10,0,7 58 9,1,70,,188267,27,,,1,10,,188271,10,0,7 58 9,1,25,,188272,27,,,1,3,,188274,10,0,7 58 9,1,64,,188275,27,,,1,8,,188277,10,0,7 58 9,1,20,,188279,10,0,7 58 9,1,5,,188278,27,,,1,60,,188280,27,,,1,5,,188281,10,0,7 58 9,1,25,,188282,27,,,1,5,,188283,10,0,7 58 9,1,62,,188284,27,,,1,5,,188285,10,0,7 58 9,1,20,,188287,10,0,7 58 9,1,75,,188288,27,,,1,30,,188290,27,,,1,25,,188292,27,,,1,73,,188294,27,,,1,73,,188296,27,,,1,30,,188298,27,,,1,70,,188300,27,,,1,30,,188302,27,,,1,80,,188305,27,,,1,40,,188307,27,,,1,65,,188309,27,,,1,25,,188311,27,,,1,75,,188313,27,,,1,97,,188317,27,,,1,25,,188318,27,,,1,95,,188320,27,,,1,120,,188322,27,,,1,100,,188323,27,,,1,98,,188324,27,,,1
4100,'20260901',723,,188325,27,,,1,5,,188326,10,0,7 58 9,1,22,,188327,27,,,1,3,,188328,10,0,7 58 9,1,50,,188330,10,0,7 58 9,1,20,,188332,10,0,7 58 9,1,10,,188331,27,,,1,5,,188334,10,0,7 58 9,1,70,,188335,27,,,1,10,,188339,10,0,7 58 9,1,25,,188340,27,,,1,3,,188342,10,0,7 58 9,1,64,,188343,27,,,1,8,,188345,10,0,7 58 9,1,20,,188347,10,0,7 58 9,1,5,,188346,27,,,1,60,,188348,27,,,1,5,,188349,10,0,7 58 9,1,25,,188350,27,,,1,5,,188351,10,0,7 58 9,1,62,,188352,27,,,1,5,,188353,10,0,7 58 9,1,20,,188355,10,0,7 58 9,1,75,,188356,27,,,1,30,,188358,27,,,1,25,,188360,27,,,1,73,,188362,27,,,1,73,,188364,27,,,1,30,,188366,27,,,1,70,,188368,27,,,1,30,,188370,27,,,1,80,,188373,27,,,1,40,,188375,27,,,1,65,,188377,27,,,1,25,,188379,27,,,1,75,,188381,27,,,1,97,,188385,27,,,1,25,,188386,27,,,1,95,,188388,27,,,1,120,,188390,27,,,1,100,,188391,27,,,1,98,,188392,27,,,1
4100,'20260902',723,,188393,27,,,1,5,,188394,10,0,7 58 9,1,22,,188395,27,,,1,3,,188396,10,0,7 58 9,1,50,,188398,10,0,7 58 9,1,20,,188400,10,0,7 58 9,1,10,,188399,27,,,1,5,,188402,10,0,7 58 9,1,70,,188403,27,,,1,10,,188407,10,0,7 58 9,1,25,,188408,27,,,1,3,,188410,10,0,7 58 9,1,64,,188411,27,,,1,8,,188413,10,0,7 58 9,1,20,,188415,10,0,7 58 9,1,5,,188414,27,,,1,60,,188416,27,,,1,5,,188417,10,0,7 58 9,1,25,,188418,27,,,1,5,,188419,10,0,7 58 9,1,62,,188420,27,,,1,5,,188421,10,0,7 58 9,1,20,,188423,10,0,7 58 9,1,75,,188424,27,,,1,30,,188426,27,,,1,25,,188428,27,,,1,73,,188430,27,,,1,73,,188432,27,,,1,30,,188434,27,,,1,70,,188436,27,,,1,30,,188438,27,,,1,80,,188441,27,,,1,40,,188443,27,,,1,65,,188445,27,,,1,25,,188447,27,,,1,75,,188449,27,,,1,97,,188453,27,,,1,25,,188454,27,,,1,95,,188456,27,,,1,120,,188458,27,,,1,100,,188459,27,,,1,98,,188460,27,,,1
4100,'20260903',723,,188461,27,,,1,5,,188462,10,0,7 58 9,1,22,,188463,27,,,1,3,,188464,10,0,7 58 9,1,50,,188466,10,0,7 58 9,1,20,,188468,10,0,7 58 9,1,10,,188467,27,,,1,5,,188470,10,0,7 58 9,1,70,,188471,27,,,1,10,,188475,10,0,7 58 9,1,25,,188476,27,,,1,3,,188478,10,0,7 58 9,1,64,,188479,27,,,1,8,,188481,10,0,7 58 9,1,20,,188483,10,0,7 58 9,1,5,,188482,27,,,1,60,,188484,27,,,1,5,,188485,10,0,7 58 9,1,25,,188486,27,,,1,5,,188487,10,0,7 58 9,1,62,,188488,27,,,1,5,,188489,10,0,7 58 9,1,20,,188491,10,0,7 58 9,1,75,,188492,27,,,1,30,,188494,27,,,1,25,,188496,27,,,1,73,,188498,27,,,1,73,,188500,27,,,1,30,,188502,27,,,1,70,,188504,27,,,1,30,,188506,27,,,1,80,,188509,27,,,1,40,,188511,27,,,1,65,,188513,27,,,1,25,,188515,27,,,1,75,,188517,27,,,1,97,,188521,27,,,1,25,,188522,27,,,1,95,,188524,27,,,1,120,,188526,27,,,1,100,,188527,27,,,1,98,,188528,27,,,1
4100,'20260904',723,,188529,27,,,1,5,,188530,10,0,7 58 9,1,22,,188531,27,,,1,3,,188532,10,0,7 58 9,1,50,,188534,10,0,7 58 9,1,20,,188536,10,0,7 58 9,1,10,,188535,27,,,1,5,,188538,10,0,7 58 9,1,70,,188539,27,,,1,10,,188543,10,0,7 58 9,1,25,,188544,27,,,1,3,,188546,10,0,7 58 9,1,64,,188547,27,,,1,8,,188549,10,0,7 58 9,1,20,,188551,10,0,7 58 9,1,5,,188550,27,,,1,60,,188552,27,,,1,5,,188553,10,0,7 58 9,1,25,,188554,27,,,1,5,,188555,10,0,7 58 9,1,62,,188556,27,,,1,5,,188557,10,0,7 58 9,1,20,,188559,10,0,7 58 9,1,75,,188560,27,,,1,30,,188562,27,,,1,25,,188564,27,,,1,73,,188566,27,,,1,73,,188568,27,,,1,30,,188570,27,,,1,70,,188572,27,,,1,30,,188574,27,,,1,80,,188577,27,,,1,40,,188579,27,,,1,65,,188581,27,,,1,25,,188583,27,,,1,75,,188585,27,,,1,97,,188589,27,,,1,25,,188590,27,,,1,95,,188592,27,,,1,120,,188594,27,,,1,100,,188595,27,,,1,98,,188596,27,,,1
4100,'20260908',723,,287803,27,,,1,5,,287804,10,0,7 58 9,1,22,,287805,27,,,1,3,,287806,10,0,7 58 9,1,50,,287808,10,0,7 58 9,1,15,,287810,10,0,7 58 9,1,15,,287809,27,,,1,5,,287812,10,0,7 58 9,1,5,,287813,10,0,7 58 9,1,65,,287814,27,,,1,10,,287819,10,0,7 58 9,1,25,,287820,27,,,1,3,,287823,10,0,7 58 9,1,64,,287824,27,,,1,8,,287827,10,0,7 58 9,1,10,,287829,10,0,7 58 9,1,15,,287830,10,0,7 58 9,1,65,,287833,10,0,7 58 9,1,25,,287834,27,,,1,5,,287836,10,0,7 58 9,1,62,,287837,27,,,1,5,,287839,10,0,7 58 9,1,20,,287841,10,0,7 58 9,1,75,,287842,27,,,1,30,,287844,27,,,1,25,,287846,27,,,1,73,,287849,27,,,1,73,,287852,27,,,1,30,,287854,27,,,1,70,,287856,27,,,1,30,,287858,27,,,1,90,,287860,27,,,1,30,,287862,27,,,1,70,,287864,27,,,1,25,,287866,27,,,1,75,,287868,27,,,1,92,,287872,27,,,1,25,,287874,27,,,1,95,,287877,27,,,1,120,,287879,27,,,1,100,,287880,27,,,1,98,,287881,27,,,1
4100,'20260909',723,,287882,27,,,1,5,,287883,10,0,7 58 9,1,22,,287884,27,,,1,3,,287885,10,0,7 58 9,1,50,,287887,10,0,7 58 9,1,15,,287889,10,0,7 58 9,1,15,,287888,27,,,1,5,,287891,10,0,7 58 9,1,5,,287892,10,0,7 58 9,1,65,,287893,27,,,1,10,,287898,10,0,7 58 9,1,25,,287899,27,,,1,3,,287902,10,0,7 58 9,1,64,,287903,27,,,1,8,,287906,10,0,7 58 9,1,10,,287908,10,0,7 58 9,1,15,,287909,10,0,7 58 9,1,65,,287912,10,0,7 58 9,1,25,,287913,27,,,1,5,,287915,10,0,7 58 9,1,62,,287916,27,,,1,5,,287918,10,0,7 58 9,1,20,,287920,10,0,7 58 9,1,75,,287921,27,,,1,30,,287923,27,,,1,25,,287925,27,,,1,73,,287928,27,,,1,73,,287931,27,,,1,30,,287933,27,,,1,70,,287935,27,,,1,30,,287937,27,,,1,90,,287939,27,,,1,30,,287941,27,,,1,70,,287943,27,,,1,25,,287945,27,,,1,75,,287947,27,,,1,92,,287951,27,,,1,25,,287953,27,,,1,95,,287956,27,,,1,120,,287958,27,,,1,100,,287959,27,,,1,98,,287960,27,,,1
4100,'20260910',723,,287961,27,,,1,5,,287962,10,0,7 58 9,1,22,,287963,27,,,1,3,,287964,10,0,7 58 9,1,50,,287966,10,0,7 58 9,1,15,,287968,10,0,7 58 9,1,15,,287967,27,,,1,5,,287970,10,0,7 58 9,1,5,,287971,10,0,7 58 9,1,65,,287972,27,,,1,10,,287977,10,0,7 58 9,1,25,,287978,27,,,1,3,,287981,10,0,7 58 9,1,64,,287982,27,,,1,8,,287985,10,0,7 58 9,1,10,,287987,10,0,7 58 9,1,15,,287988,10,0,7 58 9,1,65,,287991,10,0,7 58 9,1,25,,287992,27,,,1,5,,287994,10,0,7 58 9,1,62,,287995,27,,,1,5,,287997,10,0,7 58 9,1,20,,287999,10,0,7 58 9,1,75,,288000,27,,,1,30,,288002,27,,,1,25,,288004,27,,,1,73,,288007,27,,,1,73,,288010,27,,,1,30,,288012,27,,,1,70,,288014,27,,,1,30,,288016,27,,,1,90,,288018,27,,,1,30,,288020,27,,,1,70,,288022,27,,,1,25,,288024,27,,,1,75,,288026,27,,,1,92,,288030,27,,,1,25,,288032,27,,,1,95,,288035,27,,,1,120,,288037,27,,,1,100,,288038,27,,,1,98,,288039,27,,,1
4100,'20260911',723,,288040,27,,,1,5,,288041,10,0,7 58 9,1,22,,288042,27,,,1,3,,288043,10,0,7 58 9,1,50,,288045,10,0,7 58 9,1,15,,288047,10,0,7 58 9,1,15,,288046,27,,,1,5,,288049,10,0,7 58 9,1,5,,288050,10,0,7 58 9,1,65,,288051,27,,,1,10,,288056,10,0,7 58 9,1,25,,288057,27,,,1,3,,288060,10,0,7 58 9,1,64,,288061,27,,,1,8,,288064,10,0,7 58 9,1,10,,288066,10,0,7 58 9,1,15,,288067,10,0,7 58 9,1,65,,288070,10,0,7 58 9,1,25,,288071,27,,,1,5,,288073,10,0,7 58 9,1,62,,288074,27,,,1,5,,288076,10,0,7 58 9,1,20,,288078,10,0,7 58 9,1,75,,288079,27,,,1,30,,288081,27,,,1,25,,288083,27,,,1,73,,288086,27,,,1,73,,288089,27,,,1,30,,288091,27,,,1,70,,288093,27,,,1,30,,288095,27,,,1,90,,288097,27,,,1,30,,288099,27,,,1,70,,288101,27,,,1,25,,288103,27,,,1,75,,288105,27,,,1,92,,288109,27,,,1,25,,288111,27,,,1,95,,288114,27,,,1,120,,288116,27,,,1,100,,288117,27,,,1,98,,288118,27,,,1
4100,'20260914',723,,288119,27,,,1,5,,288120,10,0,7 58 9,1,22,,288121,27,,,1,3,,288122,10,0,7 58 9,1,50,,288124,10,0,7 58 9,1,15,,288126,10,0,7 58 9,1,15,,288125,27,,,1,5,,288128,10,0,7 58 9,1,5,,288129,10,0,7 58 9,1,65,,288130,27,,,1,10,,288135,10,0,7 58 9,1,25,,288136,27,,,1,3,,288139,10,0,7 58 9,1,64,,288140,27,,,1,8,,288143,10,0,7 58 9,1,10,,288145,10,0,7 58 9,1,15,,288146,10,0,7 58 9,1,65,,288149,10,0,7 58 9,1,25,,288150,27,,,1,5,,288152,10,0,7 58 9,1,62,,288153,27,,,1,5,,288155,10,0,7 58 9,1,20,,288157,10,0,7 58 9,1,75,,288158,27,,,1,30,,288160,27,,,1,25,,288162,27,,,1,73,,288165,27,,,1,73,,288168,27,,,1,30,,288170,27,,,1,70,,288172,27,,,1,30,,288174,27,,,1,90,,288176,27,,,1,30,,288178,27,,,1,70,,288180,27,,,1,25,,288182,27,,,1,75,,288184,27,,,1,92,,288188,27,,,1,25,,288190,27,,,1,95,,288193,27,,,1,120,,288195,27,,,1,100,,288196,27,,,1,98,,288197,27,,,1
4100,'20260915',723,,288198,27,,,1,5,,288199,10,0,7 58 9,1,22,,288200,27,,,1,3,,288201,10,0,7 58 9,1,50,,288203,10,0,7 58 9,1,15,,288205,10,0,7 58 9,1,15,,288204,27,,,1,5,,288207,10,0,7 58 9,1,5,,288208,10,0,7 58 9,1,65,,288209,27,,,1,10,,288214,10,0,7 58 9,1,25,,288215,27,,,1,3,,288218,10,0,7 58 9,1,64,,288219,27,,,1,8,,288222,10,0,7 58 9,1,10,,288224,10,0,7 58 9,1,15,,288225,10,0,7 58 9,1,65,,288228,10,0,7 58 9,1,25,,288229,27,,,1,5,,288231,10,0,7 58 9,1,62,,288232,27,,,1,5,,288234,10,0,7 58 9,1,20,,288236,10,0,7 58 9,1,75,,288237,27,,,1,30,,288239,27,,,1,25,,288241,27,,,1,73,,288244,27,,,1,73,,288247,27,,,1,30,,288249,27,,,1,70,,288251,27,,,1,30,,288253,27,,,1,90,,288255,27,,,1,30,,288257,27,,,1,70,,288259,27,,,1,25,,288261,27,,,1,75,,288263,27,,,1,92,,288267,27,,,1,25,,288269,27,,,1,95,,288272,27,,,1,120,,288274,27,,,1,100,,288275,27,,,1,98,,288276,27,,,1
4100,'20260916',723,,288277,27,,,1,5,,288278,10,0,7 58 9,1,22,,288279,27,,,1,3,,288280,10,0,7 58 9,1,50,,288282,10,0,7 58 9,1,15,,288284,10,0,7 58 9,1,15,,288283,27,,,1,5,,288286,10,0,7 58 9,1,5,,288287,10,0,7 58 9,1,65,,288288,27,,,1,10,,288293,10,0,7 58 9,1,25,,288294,27,,,1,3,,288297,10,0,7 58 9,1,64,,288298,27,,,1,8,,288301,10,0,7 58 9,1,10,,288303,10,0,7 58 9,1,15,,288304,10,0,7 58 9,1,65,,288307,10,0,7 58 9,1,25,,288308,27,,,1,5,,288310,10,0,7 58 9,1,62,,288311,27,,,1,5,,288313,10,0,7 58 9,1,20,,288315,10,0,7 58 9,1,75,,288316,27,,,1,30,,288318,27,,,1,25,,288320,27,,,1,73,,288323,27,,,1,73,,288326,27,,,1,30,,288328,27,,,1,70,,288330,27,,,1,30,,288332,27,,,1,90,,288334,27,,,1,30,,288336,27,,,1,70,,288338,27,,,1,25,,288340,27,,,1,75,,288342,27,,,1,92,,288346,27,,,1,25,,288348,27,,,1,95,,288351,27,,,1,120,,288353,27,,,1,100,,288354,27,,,1,98,,288355,27,,,1
4100,'20260917',723,,288356,27,,,1,5,,288357,10,0,7 58 9,1,22,,288358,27,,,1,3,,288359,10,0,7 58 9,1,50,,288361,10,0,7 58 9,1,15,,288363,10,0,7 58 9,1,15,,288362,27,,,1,5,,288365,10,0,7 58 9,1,5,,288366,10,0,7 58 9,1,65,,288367,27,,,1,10,,288372,10,0,7 58 9,1,25,,288373,27,,,1,3,,288376,10,0,7 58 9,1,64,,288377,27,,,1,8,,288380,10,0,7 58 9,1,10,,288382,10,0,7 58 9,1,15,,288383,10,0,7 58 9,1,65,,288386,10,0,7 58 9,1,25,,288387,27,,,1,5,,288389,10,0,7 58 9,1,62,,288390,27,,,1,5,,288392,10,0,7 58 9,1,20,,288394,10,0,7 58 9,1,75,,288395,27,,,1,30,,288397,27,,,1,25,,288399,27,,,1,73,,288402,27,,,1,73,,288405,27,,,1,30,,288407,27,,,1,70,,288409,27,,,1,30,,288411,27,,,1,90,,288413,27,,,1,30,,288415,27,,,1,70,,288417,27,,,1,25,,288419,27,,,1,75,,288421,27,,,1,92,,288425,27,,,1,25,,288427,27,,,1,95,,288430,27,,,1,120,,288432,27,,,1,100,,288433,27,,,1,98,,288434,27,,,1
4100,'20260918',723,,288435,27,,,1,5,,288436,10,0,7 58 9,1,22,,288437,27,,,1,3,,288438,10,0,7 58 9,1,50,,288440,10,0,7 58 9,1,15,,288442,10,0,7 58 9,1,15,,288441,27,,,1,5,,288444,10,0,7 58 9,1,5,,288445,10,0,7 58 9,1,65,,288446,27,,,1,10,,288451,10,0,7 58 9,1,25,,288452,27,,,1,3,,288455,10,0,7 58 9,1,64,,288456,27,,,1,8,,288459,10,0,7 58 9,1,10,,288461,10,0,7 58 9,1,15,,288462,10,0,7 58 9,1,65,,288465,10,0,7 58 9,1,25,,288466,27,,,1,5,,288468,10,0,7 58 9,1,62,,288469,27,,,1,5,,288471,10,0,7 58 9,1,20,,288473,10,0,7 58 9,1,75,,288474,27,,,1,30,,288476,27,,,1,25,,288478,27,,,1,73,,288481,27,,,1,73,,288484,27,,,1,30,,288486,27,,,1,70,,288488,27,,,1,30,,288490,27,,,1,90,,288492,27,,,1,30,,288494,27,,,1,70,,288496,27,,,1,25,,288498,27,,,1,75,,288500,27,,,1,92,,288504,27,,,1,25,,288506,27,,,1,95,,288509,27,,,1,120,,288511,27,,,1,100,,288512,27,,,1,98,,288513,27,,,1
4100,'20260921',723,,288514,27,,,1,5,,288515,10,0,7 58 9,1,22,,288516,27,,,1,3,,288517,10,0,7 58 9,1,50,,288519,10,0,7 58 9,1,15,,288521,10,0,7 58 9,1,15,,288520,27,,,1,5,,288523,10,0,7 58 9,1,5,,288524,10,0,7 58 9,1,65,,288525,27,,,1,10,,288530,10,0,7 58 9,1,25,,288531,27,,,1,3,,288534,10,0,7 58 9,1,64,,288535,27,,,1,8,,288538,10,0,7 58 9,1,10,,288540,10,0,7 58 9,1,15,,288541,10,0,7 58 9,1,65,,288544,10,0,7 58 9,1,25,,288545,27,,,1,5,,288547,10,0,7 58 9,1,62,,288548,27,,,1,5,,288550,10,0,7 58 9,1,20,,288552,10,0,7 58 9,1,75,,288553,27,,,1,30,,288555,27,,,1,25,,288557,27,,,1,73,,288560,27,,,1,73,,288563,27,,,1,30,,288565,27,,,1,70,,288567,27,,,1,30,,288569,27,,,1,90,,288571,27,,,1,30,,288573,27,,,1,70,,288575,27,,,1,25,,288577,27,,,1,75,,288579,27,,,1,92,,288583,27,,,1,25,,288585,27,,,1,95,,288588,27,,,1,120,,288590,27,,,1,100,,288591,27,,,1,98,,288592,27,,,1
4100,'20260922',723,,288593,27,,,1,5,,288594,10,0,7 58 9,1,22,,288595,27,,,1,3,,288596,10,0,7 58 9,1,50,,288598,10,0,7 58 9,1,15,,288600,10,0,7 58 9,1,15,,288599,27,,,1,5,,288602,10,0,7 58 9,1,5,,288603,10,0,7 58 9,1,65,,288604,27,,,1,10,,288609,10,0,7 58 9,1,25,,288610,27,,,1,3,,288613,10,0,7 58 9,1,64,,288614,27,,,1,8,,288617,10,0,7 58 9,1,10,,288619,10,0,7 58 9,1,15,,288620,10,0,7 58 9,1,65,,288623,10,0,7 58 9,1,25,,288624,27,,,1,5,,288626,10,0,7 58 9,1,62,,288627,27,,,1,5,,288629,10,0,7 58 9,1,20,,288631,10,0,7 58 9,1,75,,288632,27,,,1,30,,288634,27,,,1,25,,288636,27,,,1,73,,288639,27,,,1,73,,288642,27,,,1,30,,288644,27,,,1,70,,288646,27,,,1,30,,288648,27,,,1,90,,288650,27,,,1,30,,288652,27,,,1,70,,288654,27,,,1,25,,288656,27,,,1,75,,288658,27,,,1,92,,288662,27,,,1,25,,288664,27,,,1,95,,288667,27,,,1,120,,288669,27,,,1,100,,288670,27,,,1,98,,288671,27,,,1
4100,'20260923',723,,288672,27,,,1,5,,288673,10,0,7 58 9,1,22,,288674,27,,,1,3,,288675,10,0,7 58 9,1,50,,288677,10,0,7 58 9,1,15,,288679,10,0,7 58 9,1,15,,288678,27,,,1,5,,288681,10,0,7 58 9,1,5,,288682,10,0,7 58 9,1,65,,288683,27,,,1,10,,288688,10,0,7 58 9,1,25,,288689,27,,,1,3,,288692,10,0,7 58 9,1,64,,288693,27,,,1,8,,288696,10,0,7 58 9,1,10,,288698,10,0,7 58 9,1,15,,288699,10,0,7 58 9,1,65,,288702,10,0,7 58 9,1,25,,288703,27,,,1,5,,288705,10,0,7 58 9,1,62,,288706,27,,,1,5,,288708,10,0,7 58 9,1,20,,288710,10,0,7 58 9,1,75,,288711,27,,,1,30,,288713,27,,,1,25,,288715,27,,,1,73,,288718,27,,,1,73,,288721,27,,,1,30,,288723,27,,,1,70,,288725,27,,,1,30,,288727,27,,,1,90,,288729,27,,,1,30,,288731,27,,,1,70,,288733,27,,,1,25,,288735,27,,,1,75,,288737,27,,,1,92,,288741,27,,,1,25,,288743,27,,,1,95,,288746,27,,,1,120,,288748,27,,,1,100,,288749,27,,,1,98,,288750,27,,,1
4100,'20260924',723,,288751,27,,,1,5,,288752,10,0,7 58 9,1,22,,288753,27,,,1,3,,288754,10,0,7 58 9,1,50,,288756,10,0,7 58 9,1,15,,288758,10,0,7 58 9,1,15,,288757,27,,,1,5,,288760,10,0,7 58 9,1,5,,288761,10,0,7 58 9,1,65,,288762,27,,,1,10,,288767,10,0,7 58 9,1,25,,288768,27,,,1,3,,288771,10,0,7 58 9,1,64,,288772,27,,,1,8,,288775,10,0,7 58 9,1,10,,288777,10,0,7 58 9,1,15,,288778,10,0,7 58 9,1,65,,288781,10,0,7 58 9,1,25,,288782,27,,,1,5,,288784,10,0,7 58 9,1,62,,288785,27,,,1,5,,288787,10,0,7 58 9,1,20,,288789,10,0,7 58 9,1,75,,288790,27,,,1,30,,288792,27,,,1,25,,288794,27,,,1,73,,288797,27,,,1,73,,288800,27,,,1,30,,288802,27,,,1,70,,288804,27,,,1,30,,288806,27,,,1,90,,288808,27,,,1,30,,288810,27,,,1,70,,288812,27,,,1,25,,288814,27,,,1,75,,288816,27,,,1,92,,288820,27,,,1,25,,288822,27,,,1,95,,288825,27,,,1,120,,288827,27,,,1,100,,288828,27,,,1,98,,288829,27,,,1
4100,'20260925',723,,288830,27,,,1,5,,288831,10,0,7 58 9,1,22,,288832,27,,,1,3,,288833,10,0,7 58 9,1,50,,288835,10,0,7 58 9,1,15,,288837,10,0,7 58 9,1,15,,288836,27,,,1,5,,288839,10,0,7 58 9,1,5,,288840,10,0,7 58 9,1,65,,288841,27,,,1,10,,288846,10,0,7 58 9,1,25,,288847,27,,,1,3,,288850,10,0,7 58 9,1,64,,288851,27,,,1,8,,288854,10,0,7 58 9,1,10,,288856,10,0,7 58 9,1,15,,288857,10,0,7 58 9,1,65,,288860,10,0,7 58 9,1,25,,288861,27,,,1,5,,288863,10,0,7 58 9,1,62,,288864,27,,,1,5,,288866,10,0,7 58 9,1,20,,288868,10,0,7 58 9,1,75,,288869,27,,,1,30,,288871,27,,,1,25,,288873,27,,,1,73,,288876,27,,,1,73,,288879,27,,,1,30,,288881,27,,,1,70,,288883,27,,,1,30,,288885,27,,,1,90,,288887,27,,,1,30,,288889,27,,,1,70,,288891,27,,,1,25,,288893,27,,,1,75,,288895,27,,,1,92,,288899,27,,,1,25,,288901,27,,,1,95,,288904,27,,,1,120,,288906,27,,,1,100,,288907,27,,,1,98,,288908,27,,,1
4100,'20260928',723,,288909,27,,,1,5,,288910,10,0,7 58 9,1,22,,288911,27,,,1,3,,288912,10,0,7 58 9,1,50,,288914,10,0,7 58 9,1,15,,288916,10,0,7 58 9,1,15,,288915,27,,,1,5,,288918,10,0,7 58 9,1,5,,288919,10,0,7 58 9,1,65,,288920,27,,,1,10,,288925,10,0,7 58 9,1,25,,288926,27,,,1,3,,288929,10,0,7 58 9,1,64,,288930,27,,,1,8,,288933,10,0,7 58 9,1,10,,288935,10,0,7 58 9,1,15,,288936,10,0,7 58 9,1,65,,288939,10,0,7 58 9,1,25,,288940,27,,,1,5,,288942,10,0,7 58 9,1,62,,288943,27,,,1,5,,288945,10,0,7 58 9,1,20,,288947,10,0,7 58 9,1,75,,288948,27,,,1,30,,288950,27,,,1,25,,288952,27,,,1,73,,288955,27,,,1,73,,288958,27,,,1,30,,288960,27,,,1,70,,288962,27,,,1,30,,288964,27,,,1,90,,288966,27,,,1,30,,288968,27,,,1,70,,288970,27,,,1,25,,288972,27,,,1,75,,288974,27,,,1,92,,288978,27,,,1,25,,288980,27,,,1,95,,288983,27,,,1,120,,288985,27,,,1,100,,288986,27,,,1,98,,288987,27,,,1
4100,'20260929',723,,288988,27,,,1,5,,288989,10,0,7 58 9,1,22,,288990,27,,,1,3,,288991,10,0,7 58 9,1,50,,288993,10,0,7 58 9,1,15,,288995,10,0,7 58 9,1,15,,288994,27,,,1,5,,288997,10,0,7 58 9,1,5,,288998,10,0,7 58 9,1,65,,288999,27,,,1,10,,289004,10,0,7 58 9,1,25,,289005,27,,,1,3,,289008,10,0,7 58 9,1,64,,289009,27,,,1,8,,289012,10,0,7 58 9,1,10,,289014,10,0,7 58 9,1,15,,289015,10,0,7 58 9,1,65,,289018,10,0,7 58 9,1,25,,289019,27,,,1,5,,289021,10,0,7 58 9,1,62,,289022,27,,,1,5,,289024,10,0,7 58 9,1,20,,289026,10,0,7 58 9,1,75,,289027,27,,,1,30,,289029,27,,,1,25,,289031,27,,,1,73,,289034,27,,,1,73,,289037,27,,,1,30,,289039,27,,,1,70,,289041,27,,,1,30,,289043,27,,,1,90,,289045,27,,,1,30,,289047,27,,,1,70,,289049,27,,,1,25,,289051,27,,,1,75,,289053,27,,,1,92,,289057,27,,,1,25,,289059,27,,,1,95,,289062,27,,,1,120,,289064,27,,,1,100,,289065,27,,,1,98,,289066,27,,,1
4100,'20260930',723,,289067,27,,,1,5,,289068,10,0,7 58 9,1,22,,289069,27,,,1,3,,289070,10,0,7 58 9,1,50,,289072,10,0,7 58 9,1,15,,289074,10,0,7 58 9,1,15,,289073,27,,,1,5,,289076,10,0,7 58 9,1,5,,289077,10,0,7 58 9,1,65,,289078,27,,,1,10,,289083,10,0,7 58 9,1,25,,289084,27,,,1,3,,289087,10,0,7 58 9,1,64,,289088,27,,,1,8,,289091,10,0,7 58 9,1,10,,289093,10,0,7 58 9,1,15,,289094,10,0,7 58 9,1,65,,289097,10,0,7 58 9,1,25,,289098,27,,,1,5,,289100,10,0,7 58 9,1,62,,289101,27,,,1,5,,289103,10,0,7 58 9,1,20,,289105,10,0,7 58 9,1,75,,289106,27,,,1,30,,289108,27,,,1,25,,289110,27,,,1,73,,289113,27,,,1,73,,289116,27,,,1,30,,289118,27,,,1,70,,289120,27,,,1,30,,289122,27,,,1,90,,289124,27,,,1,30,,289126,27,,,1,70,,289128,27,,,1,25,,289130,27,,,1,75,,289132,27,,,1,92,,289136,27,,,1,25,,289138,27,,,1,95,,289141,27,,,1,120,,289143,27,,,1,100,,289144,27,,,1,98,,289145,27,,,1
4100,'20261001',723,,289146,27,,,1,5,,289147,10,0,7 58 9,1,22,,289148,27,,,1,3,,289149,10,0,7 58 9,1,50,,289151,10,0,7 58 9,1,15,,289153,10,0,7 58 9,1,15,,289152,27,,,1,5,,289155,10,0,7 58 9,1,5,,289156,10,0,7 58 9,1,65,,289157,27,,,1,10,,289162,10,0,7 58 9,1,25,,289163,27,,,1,3,,289166,10,0,7 58 9,1,64,,289167,27,,,1,8,,289170,10,0,7 58 9,1,10,,289172,10,0,7 58 9,1,15,,289173,10,0,7 58 9,1,65,,289176,10,0,7 58 9,1,25,,289177,27,,,1,5,,289179,10,0,7 58 9,1,62,,289180,27,,,1,5,,289182,10,0,7 58 9,1,20,,289184,10,0,7 58 9,1,75,,289185,27,,,1,30,,289187,27,,,1,25,,289189,27,,,1,73,,289192,27,,,1,73,,289195,27,,,1,30,,289197,27,,,1,70,,289199,27,,,1,30,,289201,27,,,1,90,,289203,27,,,1,30,,289205,27,,,1,70,,289207,27,,,1,25,,289209,27,,,1,75,,289211,27,,,1,92,,289215,27,,,1,25,,289217,27,,,1,95,,289220,27,,,1,120,,289222,27,,,1,100,,289223,27,,,1,98,,289224,27,,,1
4100,'20261002',723,,289225,27,,,1,5,,289226,10,0,7 58 9,1,22,,289227,27,,,1,3,,289228,10,0,7 58 9,1,50,,289230,10,0,7 58 9,1,15,,289232,10,0,7 58 9,1,15,,289231,27,,,1,5,,289234,10,0,7 58 9,1,5,,289235,10,0,7 58 9,1,65,,289236,27,,,1,10,,289241,10,0,7 58 9,1,25,,289242,27,,,1,3,,289245,10,0,7 58 9,1,64,,289246,27,,,1,8,,289249,10,0,7 58 9,1,10,,289251,10,0,7 58 9,1,15,,289252,10,0,7 58 9,1,65,,289255,10,0,7 58 9,1,25,,289256,27,,,1,5,,289258,10,0,7 58 9,1,62,,289259,27,,,1,5,,289261,10,0,7 58 9,1,20,,289263,10,0,7 58 9,1,75,,289264,27,,,1,30,,289266,27,,,1,25,,289268,27,,,1,73,,289271,27,,,1,73,,289274,27,,,1,30,,289276,27,,,1,70,,289278,27,,,1,30,,289280,27,,,1,90,,289282,27,,,1,30,,289284,27,,,1,70,,289286,27,,,1,25,,289288,27,,,1,75,,289290,27,,,1,92,,289294,27,,,1,25,,289296,27,,,1,95,,289299,27,,,1,120,,289301,27,,,1,100,,289302,27,,,1,98,,289303,27,,,1
4100,'20261005',723,,289304,27,,,1,5,,289305,10,0,7 58 9,1,22,,289306,27,,,1,3,,289307,10,0,7 58 9,1,50,,289309,10,0,7 58 9,1,15,,289311,10,0,7 58 9,1,15,,289310,27,,,1,5,,289313,10,0,7 58 9,1,5,,289314,10,0,7 58 9,1,65,,289315,27,,,1,10,,289320,10,0,7 58 9,1,25,,289321,27,,,1,3,,289324,10,0,7 58 9,1,64,,289325,27,,,1,8,,289328,10,0,7 58 9,1,10,,289330,10,0,7 58 9,1,15,,289331,10,0,7 58 9,1,65,,289334,10,0,7 58 9,1,25,,289335,27,,,1,5,,289337,10,0,7 58 9,1,62,,289338,27,,,1,5,,289340,10,0,7 58 9,1,20,,289342,10,0,7 58 9,1,75,,289343,27,,,1,30,,289345,27,,,1,25,,289347,27,,,1,73,,289350,27,,,1,73,,289353,27,,,1,30,,289355,27,,,1,70,,289357,27,,,1,30,,289359,27,,,1,90,,289361,27,,,1,30,,289363,27,,,1,70,,289365,27,,,1,25,,289367,27,,,1,75,,289369,27,,,1,92,,289373,27,,,1,25,,289375,27,,,1,95,,289378,27,,,1,120,,289380,27,,,1,100,,289381,27,,,1,98,,289382,27,,,1
4100,'20261006',723,,289383,27,,,1,5,,289384,10,0,7 58 9,1,22,,289385,27,,,1,3,,289386,10,0,7 58 9,1,50,,289388,10,0,7 58 9,1,15,,289390,10,0,7 58 9,1,15,,289389,27,,,1,5,,289392,10,0,7 58 9,1,5,,289393,10,0,7 58 9,1,65,,289394,27,,,1,10,,289399,10,0,7 58 9,1,25,,289400,27,,,1,3,,289403,10,0,7 58 9,1,64,,289404,27,,,1,8,,289407,10,0,7 58 9,1,10,,289409,10,0,7 58 9,1,15,,289410,10,0,7 58 9,1,65,,289413,10,0,7 58 9,1,25,,289414,27,,,1,5,,289416,10,0,7 58 9,1,62,,289417,27,,,1,5,,289419,10,0,7 58 9,1,20,,289421,10,0,7 58 9,1,75,,289422,27,,,1,30,,289424,27,,,1,25,,289426,27,,,1,73,,289429,27,,,1,73,,289432,27,,,1,30,,289434,27,,,1,70,,289436,27,,,1,30,,289438,27,,,1,90,,289440,27,,,1,30,,289442,27,,,1,70,,289444,27,,,1,25,,289446,27,,,1,75,,289448,27,,,1,92,,289452,27,,,1,25,,289454,27,,,1,95,,289457,27,,,1,120,,289459,27,,,1,100,,289460,27,,,1,98,,289461,27,,,1
4100,'20261007',723,,289462,27,,,1,5,,289463,10,0,7 58 9,1,22,,289464,27,,,1,3,,289465,10,0,7 58 9,1,50,,289467,10,0,7 58 9,1,15,,289469,10,0,7 58 9,1,15,,289468,27,,,1,5,,289471,10,0,7 58 9,1,5,,289472,10,0,7 58 9,1,65,,289473,27,,,1,10,,289478,10,0,7 58 9,1,25,,289479,27,,,1,3,,289482,10,0,7 58 9,1,64,,289483,27,,,1,8,,289486,10,0,7 58 9,1,10,,289488,10,0,7 58 9,1,15,,289489,10,0,7 58 9,1,65,,289492,10,0,7 58 9,1,25,,289493,27,,,1,5,,289495,10,0,7 58 9,1,62,,289496,27,,,1,5,,289498,10,0,7 58 9,1,20,,289500,10,0,7 58 9,1,75,,289501,27,,,1,30,,289503,27,,,1,25,,289505,27,,,1,73,,289508,27,,,1,73,,289511,27,,,1,30,,289513,27,,,1,70,,289515,27,,,1,30,,289517,27,,,1,90,,289519,27,,,1,30,,289521,27,,,1,70,,289523,27,,,1,25,,289525,27,,,1,75,,289527,27,,,1,92,,289531,27,,,1,25,,289533,27,,,1,95,,289536,27,,,1,120,,289538,27,,,1,100,,289539,27,,,1,98,,289540,27,,,1
4100,'20261008',723,,289541,27,,,1,5,,289542,10,0,7 58 9,1,22,,289543,27,,,1,3,,289544,10,0,7 58 9,1,50,,289546,10,0,7 58 9,1,15,,289548,10,0,7 58 9,1,15,,289547,27,,,1,5,,289550,10,0,7 58 9,1,5,,289551,10,0,7 58 9,1,65,,289552,27,,,1,10,,289557,10,0,7 58 9,1,25,,289558,27,,,1,3,,289561,10,0,7 58 9,1,64,,289562,27,,,1,8,,289565,10,0,7 58 9,1,10,,289567,10,0,7 58 9,1,15,,289568,10,0,7 58 9,1,65,,289571,10,0,7 58 9,1,25,,289572,27,,,1,5,,289574,10,0,7 58 9,1,62,,289575,27,,,1,5,,289577,10,0,7 58 9,1,20,,289579,10,0,7 58 9,1,75,,289580,27,,,1,30,,289582,27,,,1,25,,289584,27,,,1,73,,289587,27,,,1,73,,289590,27,,,1,30,,289592,27,,,1,70,,289594,27,,,1,30,,289596,27,,,1,90,,289598,27,,,1,30,,289600,27,,,1,70,,289602,27,,,1,25,,289604,27,,,1,75,,289606,27,,,1,92,,289610,27,,,1,25,,289612,27,,,1,95,,289615,27,,,1,120,,289617,27,,,1,100,,289618,27,,,1,98,,289619,27,,,1
4100,'20261009',723,,289620,27,,,1,5,,289621,10,0,7 58 9,1,22,,289622,27,,,1,3,,289623,10,0,7 58 9,1,50,,289625,10,0,7 58 9,1,15,,289627,10,0,7 58 9,1,15,,289626,27,,,1,5,,289629,10,0,7 58 9,1,5,,289630,10,0,7 58 9,1,65,,289631,27,,,1,10,,289636,10,0,7 58 9,1,25,,289637,27,,,1,3,,289640,10,0,7 58 9,1,64,,289641,27,,,1,8,,289644,10,0,7 58 9,1,10,,289646,10,0,7 58 9,1,15,,289647,10,0,7 58 9,1,65,,289650,10,0,7 58 9,1,25,,289651,27,,,1,5,,289653,10,0,7 58 9,1,62,,289654,27,,,1,5,,289656,10,0,7 58 9,1,20,,289658,10,0,7 58 9,1,75,,289659,27,,,1,30,,289661,27,,,1,25,,289663,27,,,1,73,,289666,27,,,1,73,,289669,27,,,1,30,,289671,27,,,1,70,,289673,27,,,1,30,,289675,27,,,1,90,,289677,27,,,1,30,,289679,27,,,1,70,,289681,27,,,1,25,,289683,27,,,1,75,,289685,27,,,1,92,,289689,27,,,1,25,,289691,27,,,1,95,,289694,27,,,1,120,,289696,27,,,1,100,,289697,27,,,1,98,,289698,27,,,1
4100,'20261013',723,,289699,27,,,1,5,,289700,10,0,7 58 9,1,22,,289701,27,,,1,3,,289702,10,0,7 58 9,1,50,,289704,10,0,7 58 9,1,15,,289706,10,0,7 58 9,1,15,,289705,27,,,1,5,,289708,10,0,7 58 9,1,5,,289709,10,0,7 58 9,1,65,,289710,27,,,1,10,,289715,10,0,7 58 9,1,25,,289716,27,,,1,3,,289719,10,0,7 58 9,1,64,,289720,27,,,1,8,,289723,10,0,7 58 9,1,10,,289725,10,0,7 58 9,1,15,,289726,10,0,7 58 9,1,65,,289729,10,0,7 58 9,1,25,,289730,27,,,1,5,,289732,10,0,7 58 9,1,62,,289733,27,,,1,5,,289735,10,0,7 58 9,1,20,,289737,10,0,7 58 9,1,75,,289738,27,,,1,30,,289740,27,,,1,25,,289742,27,,,1,73,,289745,27,,,1,73,,289748,27,,,1,30,,289750,27,,,1,70,,289752,27,,,1,30,,289754,27,,,1,90,,289756,27,,,1,30,,289758,27,,,1,70,,289760,27,,,1,25,,289762,27,,,1,75,,289764,27,,,1,92,,289768,27,,,1,25,,289770,27,,,1,95,,289773,27,,,1,120,,289775,27,,,1,100,,289776,27,,,1,98,,289777,27,,,1
4100,'20261014',723,,289778,27,,,1,5,,289779,10,0,7 58 9,1,22,,289780,27,,,1,3,,289781,10,0,7 58 9,1,50,,289783,10,0,7 58 9,1,15,,289785,10,0,7 58 9,1,15,,289784,27,,,1,5,,289787,10,0,7 58 9,1,5,,289788,10,0,7 58 9,1,65,,289789,27,,,1,10,,289794,10,0,7 58 9,1,25,,289795,27,,,1,3,,289798,10,0,7 58 9,1,64,,289799,27,,,1,8,,289802,10,0,7 58 9,1,10,,289804,10,0,7 58 9,1,15,,289805,10,0,7 58 9,1,65,,289808,10,0,7 58 9,1,25,,289809,27,,,1,5,,289811,10,0,7 58 9,1,62,,289812,27,,,1,5,,289814,10,0,7 58 9,1,20,,289816,10,0,7 58 9,1,75,,289817,27,,,1,30,,289819,27,,,1,25,,289821,27,,,1,73,,289824,27,,,1,73,,289827,27,,,1,30,,289829,27,,,1,70,,289831,27,,,1,30,,289833,27,,,1,90,,289835,27,,,1,30,,289837,27,,,1,70,,289839,27,,,1,25,,289841,27,,,1,75,,289843,27,,,1,92,,289847,27,,,1,25,,289849,27,,,1,95,,289852,27,,,1,120,,289854,27,,,1,100,,289855,27,,,1,98,,289856,27,,,1
4100,'20261015',723,,289857,27,,,1,5,,289858,10,0,7 58 9,1,22,,289859,27,,,1,3,,289860,10,0,7 58 9,1,50,,289862,10,0,7 58 9,1,15,,289864,10,0,7 58 9,1,15,,289863,27,,,1,5,,289866,10,0,7 58 9,1,5,,289867,10,0,7 58 9,1,65,,289868,27,,,1,10,,289873,10,0,7 58 9,1,25,,289874,27,,,1,3,,289877,10,0,7 58 9,1,64,,289878,27,,,1,8,,289881,10,0,7 58 9,1,10,,289883,10,0,7 58 9,1,15,,289884,10,0,7 58 9,1,65,,289887,10,0,7 58 9,1,25,,289888,27,,,1,5,,289890,10,0,7 58 9,1,62,,289891,27,,,1,5,,289893,10,0,7 58 9,1,20,,289895,10,0,7 58 9,1,75,,289896,27,,,1,30,,289898,27,,,1,25,,289900,27,,,1,73,,289903,27,,,1,73,,289906,27,,,1,30,,289908,27,,,1,70,,289910,27,,,1,30,,289912,27,,,1,90,,289914,27,,,1,30,,289916,27,,,1,70,,289918,27,,,1,25,,289920,27,,,1,75,,289922,27,,,1,92,,289926,27,,,1,25,,289928,27,,,1,95,,289931,27,,,1,120,,289933,27,,,1,100,,289934,27,,,1,98,,289935,27,,,1
4100,'20261016',723,,289936,27,,,1,5,,289937,10,0,7 58 9,1,22,,289938,27,,,1,3,,289939,10,0,7 58 9,1,50,,289941,10,0,7 58 9,1,15,,289943,10,0,7 58 9,1,15,,289942,27,,,1,5,,289945,10,0,7 58 9,1,5,,289946,10,0,7 58 9,1,65,,289947,27,,,1,10,,289952,10,0,7 58 9,1,25,,289953,27,,,1,3,,289956,10,0,7 58 9,1,64,,289957,27,,,1,8,,289960,10,0,7 58 9,1,10,,289962,10,0,7 58 9,1,15,,289963,10,0,7 58 9,1,65,,289966,10,0,7 58 9,1,25,,289967,27,,,1,5,,289969,10,0,7 58 9,1,62,,289970,27,,,1,5,,289972,10,0,7 58 9,1,20,,289974,10,0,7 58 9,1,75,,289975,27,,,1,30,,289977,27,,,1,25,,289979,27,,,1,73,,289982,27,,,1,73,,289985,27,,,1,30,,289987,27,,,1,70,,289989,27,,,1,30,,289991,27,,,1,90,,289993,27,,,1,30,,289995,27,,,1,70,,289997,27,,,1,25,,289999,27,,,1,75,,290001,27,,,1,92,,290005,27,,,1,25,,290007,27,,,1,95,,290010,27,,,1,120,,290012,27,,,1,100,,290013,27,,,1,98,,290014,27,,,1
4100,'20261019',723,,290015,27,,,1,5,,290016,10,0,7 58 9,1,22,,290017,27,,,1,3,,290018,10,0,7 58 9,1,50,,290020,10,0,7 58 9,1,15,,290022,10,0,7 58 9,1,15,,290021,27,,,1,5,,290024,10,0,7 58 9,1,5,,290025,10,0,7 58 9,1,65,,290026,27,,,1,10,,290031,10,0,7 58 9,1,25,,290032,27,,,1,3,,290035,10,0,7 58 9,1,64,,290036,27,,,1,8,,290039,10,0,7 58 9,1,10,,290041,10,0,7 58 9,1,15,,290042,10,0,7 58 9,1,65,,290045,10,0,7 58 9,1,25,,290046,27,,,1,5,,290048,10,0,7 58 9,1,62,,290049,27,,,1,5,,290051,10,0,7 58 9,1,20,,290053,10,0,7 58 9,1,75,,290054,27,,,1,30,,290056,27,,,1,25,,290058,27,,,1,73,,290061,27,,,1,73,,290064,27,,,1,30,,290066,27,,,1,70,,290068,27,,,1,30,,290070,27,,,1,90,,290072,27,,,1,30,,290074,27,,,1,70,,290076,27,,,1,25,,290078,27,,,1,75,,290080,27,,,1,92,,290084,27,,,1,25,,290086,27,,,1,95,,290089,27,,,1,120,,290091,27,,,1,100,,290092,27,,,1,98,,290093,27,,,1
4100,'20261020',723,,290094,27,,,1,5,,290095,10,0,7 58 9,1,22,,290096,27,,,1,3,,290097,10,0,7 58 9,1,50,,290099,10,0,7 58 9,1,15,,290101,10,0,7 58 9,1,15,,290100,27,,,1,5,,290103,10,0,7 58 9,1,5,,290104,10,0,7 58 9,1,65,,290105,27,,,1,10,,290110,10,0,7 58 9,1,25,,290111,27,,,1,3,,290114,10,0,7 58 9,1,64,,290115,27,,,1,8,,290118,10,0,7 58 9,1,10,,290120,10,0,7 58 9,1,15,,290121,10,0,7 58 9,1,65,,290124,10,0,7 58 9,1,25,,290125,27,,,1,5,,290127,10,0,7 58 9,1,62,,290128,27,,,1,5,,290130,10,0,7 58 9,1,20,,290132,10,0,7 58 9,1,75,,290133,27,,,1,30,,290135,27,,,1,25,,290137,27,,,1,73,,290140,27,,,1,73,,290143,27,,,1,30,,290145,27,,,1,70,,290147,27,,,1,30,,290149,27,,,1,90,,290151,27,,,1,30,,290153,27,,,1,70,,290155,27,,,1,25,,290157,27,,,1,75,,290159,27,,,1,92,,290163,27,,,1,25,,290165,27,,,1,95,,290168,27,,,1,120,,290170,27,,,1,100,,290171,27,,,1,98,,290172,27,,,1
4100,'20261021',723,,290173,27,,,1,5,,290174,10,0,7 58 9,1,22,,290175,27,,,1,3,,290176,10,0,7 58 9,1,50,,290178,10,0,7 58 9,1,15,,290180,10,0,7 58 9,1,15,,290179,27,,,1,5,,290182,10,0,7 58 9,1,5,,290183,10,0,7 58 9,1,65,,290184,27,,,1,10,,290189,10,0,7 58 9,1,25,,290190,27,,,1,3,,290193,10,0,7 58 9,1,64,,290194,27,,,1,8,,290197,10,0,7 58 9,1,10,,290199,10,0,7 58 9,1,15,,290200,10,0,7 58 9,1,65,,290203,10,0,7 58 9,1,25,,290204,27,,,1,5,,290206,10,0,7 58 9,1,62,,290207,27,,,1,5,,290209,10,0,7 58 9,1,20,,290211,10,0,7 58 9,1,75,,290212,27,,,1,30,,290214,27,,,1,25,,290216,27,,,1,73,,290219,27,,,1,73,,290222,27,,,1,30,,290224,27,,,1,70,,290226,27,,,1,30,,290228,27,,,1,90,,290230,27,,,1,30,,290232,27,,,1,70,,290234,27,,,1,25,,290236,27,,,1,75,,290238,27,,,1,92,,290242,27,,,1,25,,290244,27,,,1,95,,290247,27,,,1,120,,290249,27,,,1,100,,290250,27,,,1,98,,290251,27,,,1
4100,'20261022',723,,290252,27,,,1,5,,290253,10,0,7 58 9,1,22,,290254,27,,,1,3,,290255,10,0,7 58 9,1,50,,290257,10,0,7 58 9,1,15,,290259,10,0,7 58 9,1,15,,290258,27,,,1,5,,290261,10,0,7 58 9,1,5,,290262,10,0,7 58 9,1,65,,290263,27,,,1,10,,290268,10,0,7 58 9,1,25,,290269,27,,,1,3,,290272,10,0,7 58 9,1,64,,290273,27,,,1,8,,290276,10,0,7 58 9,1,10,,290278,10,0,7 58 9,1,15,,290279,10,0,7 58 9,1,65,,290282,10,0,7 58 9,1,25,,290283,27,,,1,5,,290285,10,0,7 58 9,1,62,,290286,27,,,1,5,,290288,10,0,7 58 9,1,20,,290290,10,0,7 58 9,1,75,,290291,27,,,1,30,,290293,27,,,1,25,,290295,27,,,1,73,,290298,27,,,1,73,,290301,27,,,1,30,,290303,27,,,1,70,,290305,27,,,1,30,,290307,27,,,1,90,,290309,27,,,1,30,,290311,27,,,1,70,,290313,27,,,1,25,,290315,27,,,1,75,,290317,27,,,1,92,,290321,27,,,1,25,,290323,27,,,1,95,,290326,27,,,1,120,,290328,27,,,1,100,,290329,27,,,1,98,,290330,27,,,1
4100,'20261023',723,,290331,27,,,1,5,,290332,10,0,7 58 9,1,22,,290333,27,,,1,3,,290334,10,0,7 58 9,1,50,,290336,10,0,7 58 9,1,15,,290338,10,0,7 58 9,1,15,,290337,27,,,1,5,,290340,10,0,7 58 9,1,5,,290341,10,0,7 58 9,1,65,,290342,27,,,1,10,,290347,10,0,7 58 9,1,25,,290348,27,,,1,3,,290351,10,0,7 58 9,1,64,,290352,27,,,1,8,,290355,10,0,7 58 9,1,10,,290357,10,0,7 58 9,1,15,,290358,10,0,7 58 9,1,65,,290361,10,0,7 58 9,1,25,,290362,27,,,1,5,,290364,10,0,7 58 9,1,62,,290365,27,,,1,5,,290367,10,0,7 58 9,1,20,,290369,10,0,7 58 9,1,75,,290370,27,,,1,30,,290372,27,,,1,25,,290374,27,,,1,73,,290377,27,,,1,73,,290380,27,,,1,30,,290382,27,,,1,70,,290384,27,,,1,30,,290386,27,,,1,90,,290388,27,,,1,30,,290390,27,,,1,70,,290392,27,,,1,25,,290394,27,,,1,75,,290396,27,,,1,92,,290400,27,,,1,25,,290402,27,,,1,95,,290405,27,,,1,120,,290407,27,,,1,100,,290408,27,,,1,98,,290409,27,,,1
4100,'20261026',723,,290410,27,,,1,5,,290411,10,0,7 58 9,1,22,,290412,27,,,1,3,,290413,10,0,7 58 9,1,50,,290415,10,0,7 58 9,1,15,,290417,10,0,7 58 9,1,15,,290416,27,,,1,5,,290419,10,0,7 58 9,1,5,,290420,10,0,7 58 9,1,65,,290421,27,,,1,10,,290426,10,0,7 58 9,1,25,,290427,27,,,1,3,,290430,10,0,7 58 9,1,64,,290431,27,,,1,8,,290434,10,0,7 58 9,1,10,,290436,10,0,7 58 9,1,15,,290437,10,0,7 58 9,1,65,,290440,10,0,7 58 9,1,25,,290441,27,,,1,5,,290443,10,0,7 58 9,1,62,,290444,27,,,1,5,,290446,10,0,7 58 9,1,20,,290448,10,0,7 58 9,1,75,,290449,27,,,1,30,,290451,27,,,1,25,,290453,27,,,1,73,,290456,27,,,1,73,,290459,27,,,1,30,,290461,27,,,1,70,,290463,27,,,1,30,,290465,27,,,1,90,,290467,27,,,1,30,,290469,27,,,1,70,,290471,27,,,1,25,,290473,27,,,1,75,,290475,27,,,1,92,,290479,27,,,1,25,,290481,27,,,1,95,,290484,27,,,1,120,,290486,27,,,1,100,,290487,27,,,1,98,,290488,27,,,1
4100,'20261027',723,,290489,27,,,1,5,,290490,10,0,7 58 9,1,22,,290491,27,,,1,3,,290492,10,0,7 58 9,1,50,,290494,10,0,7 58 9,1,15,,290496,10,0,7 58 9,1,15,,290495,27,,,1,5,,290498,10,0,7 58 9,1,5,,290499,10,0,7 58 9,1,65,,290500,27,,,1,10,,290505,10,0,7 58 9,1,25,,290506,27,,,1,3,,290509,10,0,7 58 9,1,64,,290510,27,,,1,8,,290513,10,0,7 58 9,1,10,,290515,10,0,7 58 9,1,15,,290516,10,0,7 58 9,1,65,,290519,10,0,7 58 9,1,25,,290520,27,,,1,5,,290522,10,0,7 58 9,1,62,,290523,27,,,1,5,,290525,10,0,7 58 9,1,20,,290527,10,0,7 58 9,1,75,,290528,27,,,1,30,,290530,27,,,1,25,,290532,27,,,1,73,,290535,27,,,1,73,,290538,27,,,1,30,,290540,27,,,1,70,,290542,27,,,1,30,,290544,27,,,1,90,,290546,27,,,1,30,,290548,27,,,1,70,,290550,27,,,1,25,,290552,27,,,1,75,,290554,27,,,1,92,,290558,27,,,1,25,,290560,27,,,1,95,,290563,27,,,1,120,,290565,27,,,1,100,,290566,27,,,1,98,,290567,27,,,1
4100,'20261028',723,,290568,27,,,1,5,,290569,10,0,7 58 9,1,22,,290570,27,,,1,3,,290571,10,0,7 58 9,1,50,,290573,10,0,7 58 9,1,15,,290575,10,0,7 58 9,1,15,,290574,27,,,1,5,,290577,10,0,7 58 9,1,5,,290578,10,0,7 58 9,1,65,,290579,27,,,1,10,,290584,10,0,7 58 9,1,25,,290585,27,,,1,3,,290588,10,0,7 58 9,1,64,,290589,27,,,1,8,,290592,10,0,7 58 9,1,10,,290594,10,0,7 58 9,1,15,,290595,10,0,7 58 9,1,65,,290598,10,0,7 58 9,1,25,,290599,27,,,1,5,,290601,10,0,7 58 9,1,62,,290602,27,,,1,5,,290604,10,0,7 58 9,1,20,,290606,10,0,7 58 9,1,75,,290607,27,,,1,30,,290609,27,,,1,25,,290611,27,,,1,73,,290614,27,,,1,73,,290617,27,,,1,30,,290619,27,,,1,70,,290621,27,,,1,30,,290623,27,,,1,90,,290625,27,,,1,30,,290627,27,,,1,70,,290629,27,,,1,25,,290631,27,,,1,75,,290633,27,,,1,92,,290637,27,,,1,25,,290639,27,,,1,95,,290642,27,,,1,120,,290644,27,,,1,100,,290645,27,,,1,98,,290646,27,,,1
4100,'20261029',723,,290647,27,,,1,5,,290648,10,0,7 58 9,1,22,,290649,27,,,1,3,,290650,10,0,7 58 9,1,50,,290652,10,0,7 58 9,1,15,,290654,10,0,7 58 9,1,15,,290653,27,,,1,5,,290656,10,0,7 58 9,1,5,,290657,10,0,7 58 9,1,65,,290658,27,,,1,10,,290663,10,0,7 58 9,1,25,,290664,27,,,1,3,,290667,10,0,7 58 9,1,64,,290668,27,,,1,8,,290671,10,0,7 58 9,1,10,,290673,10,0,7 58 9,1,15,,290674,10,0,7 58 9,1,65,,290677,10,0,7 58 9,1,25,,290678,27,,,1,5,,290680,10,0,7 58 9,1,62,,290681,27,,,1,5,,290683,10,0,7 58 9,1,20,,290685,10,0,7 58 9,1,75,,290686,27,,,1,30,,290688,27,,,1,25,,290690,27,,,1,73,,290693,27,,,1,73,,290696,27,,,1,30,,290698,27,,,1,70,,290700,27,,,1,30,,290702,27,,,1,90,,290704,27,,,1,30,,290706,27,,,1,70,,290708,27,,,1,25,,290710,27,,,1,75,,290712,27,,,1,92,,290716,27,,,1,25,,290718,27,,,1,95,,290721,27,,,1,120,,290723,27,,,1,100,,290724,27,,,1,98,,290725,27,,,1
4100,'20261030',723,,290726,27,,,1,5,,290727,10,0,7 58 9,1,22,,290728,27,,,1,3,,290729,10,0,7 58 9,1,50,,290731,10,0,7 58 9,1,15,,290733,10,0,7 58 9,1,15,,290732,27,,,1,5,,290735,10,0,7 58 9,1,5,,290736,10,0,7 58 9,1,65,,290737,27,,,1,10,,290742,10,0,7 58 9,1,25,,290743,27,,,1,3,,290746,10,0,7 58 9,1,64,,290747,27,,,1,8,,290750,10,0,7 58 9,1,10,,290752,10,0,7 58 9,1,15,,290753,10,0,7 58 9,1,65,,290756,10,0,7 58 9,1,25,,290757,27,,,1,5,,290759,10,0,7 58 9,1,62,,290760,27,,,1,5,,290762,10,0,7 58 9,1,20,,290764,10,0,7 58 9,1,75,,290765,27,,,1,30,,290767,27,,,1,25,,290769,27,,,1,73,,290772,27,,,1,73,,290775,27,,,1,30,,290777,27,,,1,70,,290779,27,,,1,30,,290781,27,,,1,90,,290783,27,,,1,30,,290785,27,,,1,70,,290787,27,,,1,25,,290789,27,,,1,75,,290791,27,,,1,92,,290795,27,,,1,25,,290797,27,,,1,95,,290800,27,,,1,120,,290802,27,,,1,100,,290803,27,,,1,98,,290804,27,,,1
4100,'20261102',723,,290805,27,,,1,5,,290806,10,0,7 58 9,1,22,,290807,27,,,1,3,,290808,10,0,7 58 9,1,50,,290810,10,0,7 58 9,1,15,,290812,10,0,7 58 9,1,15,,290811,27,,,1,5,,290814,10,0,7 58 9,1,5,,290815,10,0,7 58 9,1,65,,290816,27,,,1,10,,290821,10,0,7 58 9,1,25,,290822,27,,,1,3,,290825,10,0,7 58 9,1,64,,290826,27,,,1,8,,290829,10,0,7 58 9,1,10,,290831,10,0,7 58 9,1,15,,290832,10,0,7 58 9,1,65,,290835,10,0,7 58 9,1,25,,290836,27,,,1,5,,290838,10,0,7 58 9,1,62,,290839,27,,,1,5,,290841,10,0,7 58 9,1,20,,290843,10,0,7 58 9,1,75,,290844,27,,,1,30,,290846,27,,,1,25,,290848,27,,,1,73,,290851,27,,,1,73,,290854,27,,,1,30,,290856,27,,,1,70,,290858,27,,,1,30,,290860,27,,,1,90,,290862,27,,,1,30,,290864,27,,,1,70,,290866,27,,,1,25,,290868,27,,,1,75,,290870,27,,,1,92,,290874,27,,,1,25,,290876,27,,,1,95,,290879,27,,,1,120,,290881,27,,,1,100,,290882,27,,,1,98,,290883,27,,,1
4100,'20261103',723,,290884,27,,,1,5,,290885,10,0,7 58 9,1,22,,290886,27,,,1,3,,290887,10,0,7 58 9,1,50,,290889,10,0,7 58 9,1,15,,290891,10,0,7 58 9,1,15,,290890,27,,,1,5,,290893,10,0,7 58 9,1,5,,290894,10,0,7 58 9,1,65,,290895,27,,,1,10,,290900,10,0,7 58 9,1,25,,290901,27,,,1,3,,290904,10,0,7 58 9,1,64,,290905,27,,,1,8,,290908,10,0,7 58 9,1,10,,290910,10,0,7 58 9,1,15,,290911,10,0,7 58 9,1,65,,290914,10,0,7 58 9,1,25,,290915,27,,,1,5,,290917,10,0,7 58 9,1,62,,290918,27,,,1,5,,290920,10,0,7 58 9,1,20,,290922,10,0,7 58 9,1,75,,290923,27,,,1,30,,290925,27,,,1,25,,290927,27,,,1,73,,290930,27,,,1,73,,290933,27,,,1,30,,290935,27,,,1,70,,290937,27,,,1,30,,290939,27,,,1,90,,290941,27,,,1,30,,290943,27,,,1,70,,290945,27,,,1,25,,290947,27,,,1,75,,290949,27,,,1,92,,290953,27,,,1,25,,290955,27,,,1,95,,290958,27,,,1,120,,290960,27,,,1,100,,290961,27,,,1,98,,290962,27,,,1
4100,'20261104',723,,290963,27,,,1,5,,290964,10,0,7 58 9,1,22,,290965,27,,,1,3,,290966,10,0,7 58 9,1,50,,290968,10,0,7 58 9,1,15,,290970,10,0,7 58 9,1,15,,290969,27,,,1,5,,290972,10,0,7 58 9,1,5,,290973,10,0,7 58 9,1,65,,290974,27,,,1,10,,290979,10,0,7 58 9,1,25,,290980,27,,,1,3,,290983,10,0,7 58 9,1,64,,290984,27,,,1,8,,290987,10,0,7 58 9,1,10,,290989,10,0,7 58 9,1,15,,290990,10,0,7 58 9,1,65,,290993,10,0,7 58 9,1,25,,290994,27,,,1,5,,290996,10,0,7 58 9,1,62,,290997,27,,,1,5,,290999,10,0,7 58 9,1,20,,291001,10,0,7 58 9,1,75,,291002,27,,,1,30,,291004,27,,,1,25,,291006,27,,,1,73,,291009,27,,,1,73,,291012,27,,,1,30,,291014,27,,,1,70,,291016,27,,,1,30,,291018,27,,,1,90,,291020,27,,,1,30,,291022,27,,,1,70,,291024,27,,,1,25,,291026,27,,,1,75,,291028,27,,,1,92,,291032,27,,,1,25,,291034,27,,,1,95,,291037,27,,,1,120,,291039,27,,,1,100,,291040,27,,,1,98,,291041,27,,,1
4100,'20261105',723,,291042,27,,,1,5,,291043,10,0,7 58 9,1,22,,291044,27,,,1,3,,291045,10,0,7 58 9,1,50,,291047,10,0,7 58 9,1,15,,291049,10,0,7 58 9,1,15,,291048,27,,,1,5,,291051,10,0,7 58 9,1,5,,291052,10,0,7 58 9,1,65,,291053,27,,,1,10,,291058,10,0,7 58 9,1,25,,291059,27,,,1,3,,291062,10,0,7 58 9,1,64,,291063,27,,,1,8,,291066,10,0,7 58 9,1,10,,291068,10,0,7 58 9,1,15,,291069,10,0,7 58 9,1,65,,291072,10,0,7 58 9,1,25,,291073,27,,,1,5,,291075,10,0,7 58 9,1,62,,291076,27,,,1,5,,291078,10,0,7 58 9,1,20,,291080,10,0,7 58 9,1,75,,291081,27,,,1,30,,291083,27,,,1,25,,291085,27,,,1,73,,291088,27,,,1,73,,291091,27,,,1,30,,291093,27,,,1,70,,291095,27,,,1,30,,291097,27,,,1,90,,291099,27,,,1,30,,291101,27,,,1,70,,291103,27,,,1,25,,291105,27,,,1,75,,291107,27,,,1,92,,291111,27,,,1,25,,291113,27,,,1,95,,291116,27,,,1,120,,291118,27,,,1,100,,291119,27,,,1,98,,291120,27,,,1
4100,'20261106',723,,291121,27,,,1,5,,291122,10,0,7 58 9,1,22,,291123,27,,,1,3,,291124,10,0,7 58 9,1,50,,291126,10,0,7 58 9,1,15,,291128,10,0,7 58 9,1,15,,291127,27,,,1,5,,291130,10,0,7 58 9,1,5,,291131,10,0,7 58 9,1,65,,291132,27,,,1,10,,291137,10,0,7 58 9,1,25,,291138,27,,,1,3,,291141,10,0,7 58 9,1,64,,291142,27,,,1,8,,291145,10,0,7 58 9,1,10,,291147,10,0,7 58 9,1,15,,291148,10,0,7 58 9,1,65,,291151,10,0,7 58 9,1,25,,291152,27,,,1,5,,291154,10,0,7 58 9,1,62,,291155,27,,,1,5,,291157,10,0,7 58 9,1,20,,291159,10,0,7 58 9,1,75,,291160,27,,,1,30,,291162,27,,,1,25,,291164,27,,,1,73,,291167,27,,,1,73,,291170,27,,,1,30,,291172,27,,,1,70,,291174,27,,,1,30,,291176,27,,,1,90,,291178,27,,,1,30,,291180,27,,,1,70,,291182,27,,,1,25,,291184,27,,,1,75,,291186,27,,,1,92,,291190,27,,,1,25,,291192,27,,,1,95,,291195,27,,,1,120,,291197,27,,,1,100,,291198,27,,,1,98,,291199,27,,,1
4100,'20261109',723,,291200,27,,,1,5,,291201,10,0,7 58 9,1,22,,291202,27,,,1,3,,291203,10,0,7 58 9,1,50,,291205,10,0,7 58 9,1,15,,291207,10,0,7 58 9,1,15,,291206,27,,,1,5,,291209,10,0,7 58 9,1,5,,291210,10,0,7 58 9,1,65,,291211,27,,,1,10,,291216,10,0,7 58 9,1,25,,291217,27,,,1,3,,291220,10,0,7 58 9,1,64,,291221,27,,,1,8,,291224,10,0,7 58 9,1,10,,291226,10,0,7 58 9,1,15,,291227,10,0,7 58 9,1,65,,291230,10,0,7 58 9,1,25,,291231,27,,,1,5,,291233,10,0,7 58 9,1,62,,291234,27,,,1,5,,291236,10,0,7 58 9,1,20,,291238,10,0,7 58 9,1,75,,291239,27,,,1,30,,291241,27,,,1,25,,291243,27,,,1,73,,291246,27,,,1,73,,291249,27,,,1,30,,291251,27,,,1,70,,291253,27,,,1,30,,291255,27,,,1,90,,291257,27,,,1,30,,291259,27,,,1,70,,291261,27,,,1,25,,291263,27,,,1,75,,291265,27,,,1,92,,291269,27,,,1,25,,291271,27,,,1,95,,291274,27,,,1,120,,291276,27,,,1,100,,291277,27,,,1,98,,291278,27,,,1
4100,'20261110',723,,291279,27,,,1,5,,291280,10,0,7 58 9,1,22,,291281,27,,,1,3,,291282,10,0,7 58 9,1,50,,291284,10,0,7 58 9,1,15,,291286,10,0,7 58 9,1,15,,291285,27,,,1,5,,291288,10,0,7 58 9,1,5,,291289,10,0,7 58 9,1,65,,291290,27,,,1,10,,291295,10,0,7 58 9,1,25,,291296,27,,,1,3,,291299,10,0,7 58 9,1,64,,291300,27,,,1,8,,291303,10,0,7 58 9,1,10,,291305,10,0,7 58 9,1,15,,291306,10,0,7 58 9,1,65,,291309,10,0,7 58 9,1,25,,291310,27,,,1,5,,291312,10,0,7 58 9,1,62,,291313,27,,,1,5,,291315,10,0,7 58 9,1,20,,291317,10,0,7 58 9,1,75,,291318,27,,,1,30,,291320,27,,,1,25,,291322,27,,,1,73,,291325,27,,,1,73,,291328,27,,,1,30,,291330,27,,,1,70,,291332,27,,,1,30,,291334,27,,,1,90,,291336,27,,,1,30,,291338,27,,,1,70,,291340,27,,,1,25,,291342,27,,,1,75,,291344,27,,,1,92,,291348,27,,,1,25,,291350,27,,,1,95,,291353,27,,,1,120,,291355,27,,,1,100,,291356,27,,,1,98,,291357,27,,,1
4100,'20261111',723,,291358,27,,,1,5,,291359,10,0,7 58 9,1,22,,291360,27,,,1,3,,291361,10,0,7 58 9,1,50,,291363,10,0,7 58 9,1,15,,291365,10,0,7 58 9,1,15,,291364,27,,,1,5,,291367,10,0,7 58 9,1,5,,291368,10,0,7 58 9,1,65,,291369,27,,,1,10,,291374,10,0,7 58 9,1,25,,291375,27,,,1,3,,291378,10,0,7 58 9,1,64,,291379,27,,,1,8,,291382,10,0,7 58 9,1,10,,291384,10,0,7 58 9,1,15,,291385,10,0,7 58 9,1,65,,291388,10,0,7 58 9,1,25,,291389,27,,,1,5,,291391,10,0,7 58 9,1,62,,291392,27,,,1,5,,291394,10,0,7 58 9,1,20,,291396,10,0,7 58 9,1,75,,291397,27,,,1,30,,291399,27,,,1,25,,291401,27,,,1,73,,291404,27,,,1,73,,291407,27,,,1,30,,291409,27,,,1,70,,291411,27,,,1,30,,291413,27,,,1,90,,291415,27,,,1,30,,291417,27,,,1,70,,291419,27,,,1,25,,291421,27,,,1,75,,291423,27,,,1,92,,291427,27,,,1,25,,291429,27,,,1,95,,291432,27,,,1,120,,291434,27,,,1,100,,291435,27,,,1,98,,291436,27,,,1
4100,'20261112',723,,291437,27,,,1,5,,291438,10,0,7 58 9,1,22,,291439,27,,,1,3,,291440,10,0,7 58 9,1,50,,291442,10,0,7 58 9,1,15,,291444,10,0,7 58 9,1,15,,291443,27,,,1,5,,291446,10,0,7 58 9,1,5,,291447,10,0,7 58 9,1,65,,291448,27,,,1,10,,291453,10,0,7 58 9,1,25,,291454,27,,,1,3,,291457,10,0,7 58 9,1,64,,291458,27,,,1,8,,291461,10,0,7 58 9,1,10,,291463,10,0,7 58 9,1,15,,291464,10,0,7 58 9,1,65,,291467,10,0,7 58 9,1,25,,291468,27,,,1,5,,291470,10,0,7 58 9,1,62,,291471,27,,,1,5,,291473,10,0,7 58 9,1,20,,291475,10,0,7 58 9,1,75,,291476,27,,,1,30,,291478,27,,,1,25,,291480,27,,,1,73,,291483,27,,,1,73,,291486,27,,,1,30,,291488,27,,,1,70,,291490,27,,,1,30,,291492,27,,,1,90,,291494,27,,,1,30,,291496,27,,,1,70,,291498,27,,,1,25,,291500,27,,,1,75,,291502,27,,,1,92,,291506,27,,,1,25,,291508,27,,,1,95,,291511,27,,,1,120,,291513,27,,,1,100,,291514,27,,,1,98,,291515,27,,,1
4100,'20261113',723,,291516,27,,,1,5,,291517,10,0,7 58 9,1,22,,291518,27,,,1,3,,291519,10,0,7 58 9,1,50,,291521,10,0,7 58 9,1,15,,291523,10,0,7 58 9,1,15,,291522,27,,,1,5,,291525,10,0,7 58 9,1,5,,291526,10,0,7 58 9,1,65,,291527,27,,,1,10,,291532,10,0,7 58 9,1,25,,291533,27,,,1,3,,291536,10,0,7 58 9,1,64,,291537,27,,,1,8,,291540,10,0,7 58 9,1,10,,291542,10,0,7 58 9,1,15,,291543,10,0,7 58 9,1,65,,291546,10,0,7 58 9,1,25,,291547,27,,,1,5,,291549,10,0,7 58 9,1,62,,291550,27,,,1,5,,291552,10,0,7 58 9,1,20,,291554,10,0,7 58 9,1,75,,291555,27,,,1,30,,291557,27,,,1,25,,291559,27,,,1,73,,291562,27,,,1,73,,291565,27,,,1,30,,291567,27,,,1,70,,291569,27,,,1,30,,291571,27,,,1,90,,291573,27,,,1,30,,291575,27,,,1,70,,291577,27,,,1,25,,291579,27,,,1,75,,291581,27,,,1,92,,291585,27,,,1,25,,291587,27,,,1,95,,291590,27,,,1,120,,291592,27,,,1,100,,291593,27,,,1,98,,291594,27,,,1
4100,'20261116',723,,291595,27,,,1,5,,291596,10,0,7 58 9,1,22,,291597,27,,,1,3,,291598,10,0,7 58 9,1,50,,291600,10,0,7 58 9,1,15,,291602,10,0,7 58 9,1,15,,291601,27,,,1,5,,291604,10,0,7 58 9,1,5,,291605,10,0,7 58 9,1,65,,291606,27,,,1,10,,291611,10,0,7 58 9,1,25,,291612,27,,,1,3,,291615,10,0,7 58 9,1,64,,291616,27,,,1,8,,291619,10,0,7 58 9,1,10,,291621,10,0,7 58 9,1,15,,291622,10,0,7 58 9,1,65,,291625,10,0,7 58 9,1,25,,291626,27,,,1,5,,291628,10,0,7 58 9,1,62,,291629,27,,,1,5,,291631,10,0,7 58 9,1,20,,291633,10,0,7 58 9,1,75,,291634,27,,,1,30,,291636,27,,,1,25,,291638,27,,,1,73,,291641,27,,,1,73,,291644,27,,,1,30,,291646,27,,,1,70,,291648,27,,,1,30,,291650,27,,,1,90,,291652,27,,,1,30,,291654,27,,,1,70,,291656,27,,,1,25,,291658,27,,,1,75,,291660,27,,,1,92,,291664,27,,,1,25,,291666,27,,,1,95,,291669,27,,,1,120,,291671,27,,,1,100,,291672,27,,,1,98,,291673,27,,,1
4100,'20261117',723,,291674,27,,,1,5,,291675,10,0,7 58 9,1,22,,291676,27,,,1,3,,291677,10,0,7 58 9,1,50,,291679,10,0,7 58 9,1,15,,291681,10,0,7 58 9,1,15,,291680,27,,,1,5,,291683,10,0,7 58 9,1,5,,291684,10,0,7 58 9,1,65,,291685,27,,,1,10,,291690,10,0,7 58 9,1,25,,291691,27,,,1,3,,291694,10,0,7 58 9,1,64,,291695,27,,,1,8,,291698,10,0,7 58 9,1,10,,291700,10,0,7 58 9,1,15,,291701,10,0,7 58 9,1,65,,291704,10,0,7 58 9,1,25,,291705,27,,,1,5,,291707,10,0,7 58 9,1,62,,291708,27,,,1,5,,291710,10,0,7 58 9,1,20,,291712,10,0,7 58 9,1,75,,291713,27,,,1,30,,291715,27,,,1,25,,291717,27,,,1,73,,291720,27,,,1,73,,291723,27,,,1,30,,291725,27,,,1,70,,291727,27,,,1,30,,291729,27,,,1,90,,291731,27,,,1,30,,291733,27,,,1,70,,291735,27,,,1,25,,291737,27,,,1,75,,291739,27,,,1,92,,291743,27,,,1,25,,291745,27,,,1,95,,291748,27,,,1,120,,291750,27,,,1,100,,291751,27,,,1,98,,291752,27,,,1
4100,'20261118',723,,291753,27,,,1,5,,291754,10,0,7 58 9,1,22,,291755,27,,,1,3,,291756,10,0,7 58 9,1,50,,291758,10,0,7 58 9,1,15,,291760,10,0,7 58 9,1,15,,291759,27,,,1,5,,291762,10,0,7 58 9,1,5,,291763,10,0,7 58 9,1,65,,291764,27,,,1,10,,291769,10,0,7 58 9,1,25,,291770,27,,,1,3,,291773,10,0,7 58 9,1,64,,291774,27,,,1,8,,291777,10,0,7 58 9,1,10,,291779,10,0,7 58 9,1,15,,291780,10,0,7 58 9,1,65,,291783,10,0,7 58 9,1,25,,291784,27,,,1,5,,291786,10,0,7 58 9,1,62,,291787,27,,,1,5,,291789,10,0,7 58 9,1,20,,291791,10,0,7 58 9,1,75,,291792,27,,,1,30,,291794,27,,,1,25,,291796,27,,,1,73,,291799,27,,,1,73,,291802,27,,,1,30,,291804,27,,,1,70,,291806,27,,,1,30,,291808,27,,,1,90,,291810,27,,,1,30,,291812,27,,,1,70,,291814,27,,,1,25,,291816,27,,,1,75,,291818,27,,,1,92,,291822,27,,,1,25,,291824,27,,,1,95,,291827,27,,,1,120,,291829,27,,,1,100,,291830,27,,,1,98,,291831,27,,,1
4100,'20261119',723,,291832,27,,,1,5,,291833,10,0,7 58 9,1,22,,291834,27,,,1,3,,291835,10,0,7 58 9,1,50,,291837,10,0,7 58 9,1,15,,291839,10,0,7 58 9,1,15,,291838,27,,,1,5,,291841,10,0,7 58 9,1,5,,291842,10,0,7 58 9,1,65,,291843,27,,,1,10,,291848,10,0,7 58 9,1,25,,291849,27,,,1,3,,291852,10,0,7 58 9,1,64,,291853,27,,,1,8,,291856,10,0,7 58 9,1,10,,291858,10,0,7 58 9,1,15,,291859,10,0,7 58 9,1,65,,291862,10,0,7 58 9,1,25,,291863,27,,,1,5,,291865,10,0,7 58 9,1,62,,291866,27,,,1,5,,291868,10,0,7 58 9,1,20,,291870,10,0,7 58 9,1,75,,291871,27,,,1,30,,291873,27,,,1,25,,291875,27,,,1,73,,291878,27,,,1,73,,291881,27,,,1,30,,291883,27,,,1,70,,291885,27,,,1,30,,291887,27,,,1,90,,291889,27,,,1,30,,291891,27,,,1,70,,291893,27,,,1,25,,291895,27,,,1,75,,291897,27,,,1,92,,291901,27,,,1,25,,291903,27,,,1,95,,291906,27,,,1,120,,291908,27,,,1,100,,291909,27,,,1,98,,291910,27,,,1
4100,'20261120',723,,291911,27,,,1,5,,291912,10,0,7 58 9,1,22,,291913,27,,,1,3,,291914,10,0,7 58 9,1,50,,291916,10,0,7 58 9,1,15,,291918,10,0,7 58 9,1,15,,291917,27,,,1,5,,291920,10,0,7 58 9,1,5,,291921,10,0,7 58 9,1,65,,291922,27,,,1,10,,291927,10,0,7 58 9,1,25,,291928,27,,,1,3,,291931,10,0,7 58 9,1,64,,291932,27,,,1,8,,291935,10,0,7 58 9,1,10,,291937,10,0,7 58 9,1,15,,291938,10,0,7 58 9,1,65,,291941,10,0,7 58 9,1,25,,291942,27,,,1,5,,291944,10,0,7 58 9,1,62,,291945,27,,,1,5,,291947,10,0,7 58 9,1,20,,291949,10,0,7 58 9,1,75,,291950,27,,,1,30,,291952,27,,,1,25,,291954,27,,,1,73,,291957,27,,,1,73,,291960,27,,,1,30,,291962,27,,,1,70,,291964,27,,,1,30,,291966,27,,,1,90,,291968,27,,,1,30,,291970,27,,,1,70,,291972,27,,,1,25,,291974,27,,,1,75,,291976,27,,,1,92,,291980,27,,,1,25,,291982,27,,,1,95,,291985,27,,,1,120,,291987,27,,,1,100,,291988,27,,,1,98,,291989,27,,,1
4100,'20261123',723,,291990,27,,,1,5,,291991,10,0,7 58 9,1,22,,291992,27,,,1,3,,291993,10,0,7 58 9,1,50,,291995,10,0,7 58 9,1,15,,291997,10,0,7 58 9,1,15,,291996,27,,,1,5,,291999,10,0,7 58 9,1,5,,292000,10,0,7 58 9,1,65,,292001,27,,,1,10,,292006,10,0,7 58 9,1,25,,292007,27,,,1,3,,292010,10,0,7 58 9,1,64,,292011,27,,,1,8,,292014,10,0,7 58 9,1,10,,292016,10,0,7 58 9,1,15,,292017,10,0,7 58 9,1,65,,292020,10,0,7 58 9,1,25,,292021,27,,,1,5,,292023,10,0,7 58 9,1,62,,292024,27,,,1,5,,292026,10,0,7 58 9,1,20,,292028,10,0,7 58 9,1,75,,292029,27,,,1,30,,292031,27,,,1,25,,292033,27,,,1,73,,292036,27,,,1,73,,292039,27,,,1,30,,292041,27,,,1,70,,292043,27,,,1,30,,292045,27,,,1,90,,292047,27,,,1,30,,292049,27,,,1,70,,292051,27,,,1,25,,292053,27,,,1,75,,292055,27,,,1,92,,292059,27,,,1,25,,292061,27,,,1,95,,292064,27,,,1,120,,292066,27,,,1,100,,292067,27,,,1,98,,292068,27,,,1
4100,'20261124',723,,292069,27,,,1,5,,292070,10,0,7 58 9,1,22,,292071,27,,,1,3,,292072,10,0,7 58 9,1,50,,292074,10,0,7 58 9,1,15,,292076,10,0,7 58 9,1,15,,292075,27,,,1,5,,292078,10,0,7 58 9,1,5,,292079,10,0,7 58 9,1,65,,292080,27,,,1,10,,292085,10,0,7 58 9,1,25,,292086,27,,,1,3,,292089,10,0,7 58 9,1,64,,292090,27,,,1,8,,292093,10,0,7 58 9,1,10,,292095,10,0,7 58 9,1,15,,292096,10,0,7 58 9,1,65,,292099,10,0,7 58 9,1,25,,292100,27,,,1,5,,292102,10,0,7 58 9,1,62,,292103,27,,,1,5,,292105,10,0,7 58 9,1,20,,292107,10,0,7 58 9,1,75,,292108,27,,,1,30,,292110,27,,,1,25,,292112,27,,,1,73,,292115,27,,,1,73,,292118,27,,,1,30,,292120,27,,,1,70,,292122,27,,,1,30,,292124,27,,,1,90,,292126,27,,,1,30,,292128,27,,,1,70,,292130,27,,,1,25,,292132,27,,,1,75,,292134,27,,,1,92,,292138,27,,,1,25,,292140,27,,,1,95,,292143,27,,,1,120,,292145,27,,,1,100,,292146,27,,,1,98,,292147,27,,,1
4100,'20261125',723,,292148,27,,,1,5,,292149,10,0,7 58 9,1,22,,292150,27,,,1,3,,292151,10,0,7 58 9,1,50,,292153,10,0,7 58 9,1,15,,292155,10,0,7 58 9,1,15,,292154,27,,,1,5,,292157,10,0,7 58 9,1,5,,292158,10,0,7 58 9,1,65,,292159,27,,,1,10,,292164,10,0,7 58 9,1,25,,292165,27,,,1,3,,292168,10,0,7 58 9,1,64,,292169,27,,,1,8,,292172,10,0,7 58 9,1,10,,292174,10,0,7 58 9,1,15,,292175,10,0,7 58 9,1,65,,292178,10,0,7 58 9,1,25,,292179,27,,,1,5,,292181,10,0,7 58 9,1,62,,292182,27,,,1,5,,292184,10,0,7 58 9,1,20,,292186,10,0,7 58 9,1,75,,292187,27,,,1,30,,292189,27,,,1,25,,292191,27,,,1,73,,292194,27,,,1,73,,292197,27,,,1,30,,292199,27,,,1,70,,292201,27,,,1,30,,292203,27,,,1,90,,292205,27,,,1,30,,292207,27,,,1,70,,292209,27,,,1,25,,292211,27,,,1,75,,292213,27,,,1,92,,292217,27,,,1,25,,292219,27,,,1,95,,292222,27,,,1,120,,292224,27,,,1,100,,292225,27,,,1,98,,292226,27,,,1
4100,'20261126',723,,292227,27,,,1,5,,292228,10,0,7 58 9,1,22,,292229,27,,,1,3,,292230,10,0,7 58 9,1,50,,292232,10,0,7 58 9,1,15,,292234,10,0,7 58 9,1,15,,292233,27,,,1,5,,292236,10,0,7 58 9,1,5,,292237,10,0,7 58 9,1,65,,292238,27,,,1,10,,292243,10,0,7 58 9,1,25,,292244,27,,,1,3,,292247,10,0,7 58 9,1,64,,292248,27,,,1,8,,292251,10,0,7 58 9,1,10,,292253,10,0,7 58 9,1,15,,292254,10,0,7 58 9,1,65,,292257,10,0,7 58 9,1,25,,292258,27,,,1,5,,292260,10,0,7 58 9,1,62,,292261,27,,,1,5,,292263,10,0,7 58 9,1,20,,292265,10,0,7 58 9,1,75,,292266,27,,,1,30,,292268,27,,,1,25,,292270,27,,,1,73,,292273,27,,,1,73,,292276,27,,,1,30,,292278,27,,,1,70,,292280,27,,,1,30,,292282,27,,,1,90,,292284,27,,,1,30,,292286,27,,,1,70,,292288,27,,,1,25,,292290,27,,,1,75,,292292,27,,,1,92,,292296,27,,,1,25,,292298,27,,,1,95,,292301,27,,,1,120,,292303,27,,,1,100,,292304,27,,,1,98,,292305,27,,,1
4100,'20261127',723,,292306,27,,,1,5,,292307,10,0,7 58 9,1,22,,292308,27,,,1,3,,292309,10,0,7 58 9,1,50,,292311,10,0,7 58 9,1,15,,292313,10,0,7 58 9,1,15,,292312,27,,,1,5,,292315,10,0,7 58 9,1,5,,292316,10,0,7 58 9,1,65,,292317,27,,,1,10,,292322,10,0,7 58 9,1,25,,292323,27,,,1,3,,292326,10,0,7 58 9,1,64,,292327,27,,,1,8,,292330,10,0,7 58 9,1,10,,292332,10,0,7 58 9,1,15,,292333,10,0,7 58 9,1,65,,292336,10,0,7 58 9,1,25,,292337,27,,,1,5,,292339,10,0,7 58 9,1,62,,292340,27,,,1,5,,292342,10,0,7 58 9,1,20,,292344,10,0,7 58 9,1,75,,292345,27,,,1,30,,292347,27,,,1,25,,292349,27,,,1,73,,292352,27,,,1,73,,292355,27,,,1,30,,292357,27,,,1,70,,292359,27,,,1,30,,292361,27,,,1,90,,292363,27,,,1,30,,292365,27,,,1,70,,292367,27,,,1,25,,292369,27,,,1,75,,292371,27,,,1,92,,292375,27,,,1,25,,292377,27,,,1,95,,292380,27,,,1,120,,292382,27,,,1,100,,292383,27,,,1,98,,292384,27,,,1
4101,'20260831',516,,191565,6,,,1,95,,191567,6,,,1,25,,191568,6,,,1,77,,191569,6,,,1,30,,191570,6,,,1,70,,191571,6,,,1,30,,191572,6,,,1,73,,191573,6,,,1,35,,191574,6,,,1,75,,191575,6,,,1,75,,191576,6,,,1,30,,191578,6,,,1,5,,191577,6,0,7 40 41,1,65,,191580,6,,,1,5,,191579,6,0,7 40 41,1,25,,191581,6,0,7 40 41,1,20,,191584,6,,,1,5,,191583,6,0,7 40 41,1,55,,191585,6,,,1,25,,191586,6,0,7 40 41,1,72,,191589,6,,,1,8,,191588,6,0,7 40 41,1,31,,191591,6,0,7 40 41,1,66,,191595,6,,,1,5,,191594,6,0,7 40 41,1,25,,191598,6,,,1,10,,191596,6,0,7 40 41,1,53,,191600,2,0,57 40 41,1,12,,191602,6,,,1,8,,191601,6,0,7 40 41,1,10,,191604,2,0,57 40 41,1,20,,191606,6,,,1,45,,191605,6,0,7 40 41,1,5,,191607,2,0,57 40 41,1,20,,191609,6,,,1,5,,191608,6,0,7 40 41,1,25,,191611,6,,,1,45,,191610,6,0,7 40 41,1,35,,191613,6,,,1,3,,191612,6,0,7 40 41,1,77,,191615,6,,,1,3,,191614,6,0,7 40 41,1,18,,191616,6,,,1,70,,191617,6,,,1,30,,191618,6,,,1,100,,191619,6,,,1,90,,191620,6,,,1
4101,'20260901',516,,191621,6,,,1,95,,191623,6,,,1,25,,191624,6,,,1,77,,191625,6,,,1,30,,191626,6,,,1,70,,191627,6,,,1,30,,191628,6,,,1,73,,191629,6,,,1,35,,191630,6,,,1,75,,191631,6,,,1,75,,191632,6,,,1,30,,191634,6,,,1,5,,191633,6,0,7 40 41,1,65,,191636,6,,,1,5,,191635,6,0,7 40 41,1,25,,191637,6,0,7 40 41,1,20,,191640,6,,,1,5,,191639,6,0,7 40 41,1,55,,191641,6,,,1,25,,191642,6,0,7 40 41,1,72,,191645,6,,,1,8,,191644,6,0,7 40 41,1,31,,191647,6,0,7 40 41,1,66,,191651,6,,,1,5,,191650,6,0,7 40 41,1,25,,191654,6,,,1,10,,191652,6,0,7 40 41,1,53,,191656,2,0,57 40 41,1,12,,191658,6,,,1,8,,191657,6,0,7 40 41,1,10,,191660,2,0,57 40 41,1,20,,191662,6,,,1,45,,191661,6,0,7 40 41,1,5,,191663,2,0,57 40 41,1,20,,191665,6,,,1,5,,191664,6,0,7 40 41,1,25,,191667,6,,,1,45,,191666,6,0,7 40 41,1,35,,191669,6,,,1,3,,191668,6,0,7 40 41,1,77,,191671,6,,,1,3,,191670,6,0,7 40 41,1,18,,191672,6,,,1,70,,191673,6,,,1,30,,191674,6,,,1,100,,191675,6,,,1,90,,191676,6,,,1
4101,'20260902',516,,191677,6,,,1,95,,191679,6,,,1,25,,191680,6,,,1,77,,191681,6,,,1,30,,191682,6,,,1,70,,191683,6,,,1,30,,191684,6,,,1,73,,191685,6,,,1,35,,191686,6,,,1,75,,191687,6,,,1,75,,191688,6,,,1,30,,191690,6,,,1,5,,191689,6,0,7 40 41,1,65,,191692,6,,,1,5,,191691,6,0,7 40 41,1,25,,191693,6,0,7 40 41,1,20,,191696,6,,,1,5,,191695,6,0,7 40 41,1,55,,191697,6,,,1,25,,191698,6,0,7 40 41,1,72,,191701,6,,,1,8,,191700,6,0,7 40 41,1,31,,191703,6,0,7 40 41,1,66,,191707,6,,,1,5,,191706,6,0,7 40 41,1,25,,191710,6,,,1,10,,191708,6,0,7 40 41,1,53,,191712,2,0,57 40 41,1,12,,191714,6,,,1,8,,191713,6,0,7 40 41,1,10,,191716,2,0,57 40 41,1,20,,191718,6,,,1,45,,191717,6,0,7 40 41,1,5,,191719,2,0,57 40 41,1,20,,191721,6,,,1,5,,191720,6,0,7 40 41,1,25,,191723,6,,,1,45,,191722,6,0,7 40 41,1,35,,191725,6,,,1,3,,191724,6,0,7 40 41,1,77,,191727,6,,,1,3,,191726,6,0,7 40 41,1,18,,191728,6,,,1,70,,191729,6,,,1,30,,191730,6,,,1,100,,191731,6,,,1,90,,191732,6,,,1
4101,'20260903',516,,191733,6,,,1,95,,191735,6,,,1,25,,191736,6,,,1,77,,191737,6,,,1,30,,191738,6,,,1,70,,191739,6,,,1,30,,191740,6,,,1,73,,191741,6,,,1,35,,191742,6,,,1,75,,191743,6,,,1,75,,191744,6,,,1,30,,191746,6,,,1,5,,191745,6,0,7 40 41,1,65,,191748,6,,,1,5,,191747,6,0,7 40 41,1,25,,191749,6,0,7 40 41,1,20,,191752,6,,,1,5,,191751,6,0,7 40 41,1,55,,191753,6,,,1,25,,191754,6,0,7 40 41,1,72,,191757,6,,,1,8,,191756,6,0,7 40 41,1,31,,191759,6,0,7 40 41,1,66,,191763,6,,,1,5,,191762,6,0,7 40 41,1,25,,191766,6,,,1,10,,191764,6,0,7 40 41,1,53,,191768,2,0,57 40 41,1,12,,191770,6,,,1,8,,191769,6,0,7 40 41,1,10,,191772,2,0,57 40 41,1,20,,191774,6,,,1,45,,191773,6,0,7 40 41,1,5,,191775,2,0,57 40 41,1,20,,191777,6,,,1,5,,191776,6,0,7 40 41,1,25,,191779,6,,,1,45,,191778,6,0,7 40 41,1,35,,191781,6,,,1,3,,191780,6,0,7 40 41,1,77,,191783,6,,,1,3,,191782,6,0,7 40 41,1,18,,191784,6,,,1,70,,191785,6,,,1,30,,191786,6,,,1,100,,191787,6,,,1,90,,191788,6,,,1
4101,'20260904',516,,191789,6,,,1,95,,191791,6,,,1,25,,191792,6,,,1,77,,191793,6,,,1,30,,191794,6,,,1,70,,191795,6,,,1,30,,191796,6,,,1,73,,191797,6,,,1,35,,191798,6,,,1,75,,191799,6,,,1,75,,191800,6,,,1,30,,191802,6,,,1,5,,191801,6,0,7 40 41,1,65,,191804,6,,,1,5,,191803,6,0,7 40 41,1,25,,191805,6,0,7 40 41,1,20,,191808,6,,,1,5,,191807,6,0,7 40 41,1,55,,191809,6,,,1,25,,191810,6,0,7 40 41,1,72,,191813,6,,,1,8,,191812,6,0,7 40 41,1,31,,191815,6,0,7 40 41,1,66,,191819,6,,,1,5,,191818,6,0,7 40 41,1,25,,191822,6,,,1,10,,191820,6,0,7 40 41,1,53,,191824,2,0,57 40 41,1,12,,191826,6,,,1,8,,191825,6,0,7 40 41,1,10,,191828,2,0,57 40 41,1,20,,191830,6,,,1,45,,191829,6,0,7 40 41,1,5,,191831,2,0,57 40 41,1,20,,191833,6,,,1,5,,191832,6,0,7 40 41,1,25,,191835,6,,,1,45,,191834,6,0,7 40 41,1,35,,191837,6,,,1,3,,191836,6,0,7 40 41,1,77,,191839,6,,,1,3,,191838,6,0,7 40 41,1,18,,191840,6,,,1,70,,191841,6,,,1,30,,191842,6,,,1,100,,191843,6,,,1,90,,191844,6,,,1
4101,'20260908',516,,292385,6,,,1,95,,292387,6,,,1,25,,292388,6,,,1,77,,292390,6,,,1,30,,292391,6,,,1,70,,292392,6,,,1,30,,292393,6,,,1,73,,292394,6,,,1,35,,292395,6,,,1,75,,292396,6,,,1,75,,292397,6,,,1,30,,292399,6,,,1,5,,292398,6,0,7 40 41,1,65,,292401,6,,,1,5,,292400,6,0,7 40 41,1,25,,292402,6,0,7 40 41,1,20,,292405,6,,,1,5,,292404,6,0,7 40 41,1,55,,292407,6,,,1,10,,292406,6,0,7 40 41,1,25,,292408,6,0,7 40 41,1,57,,292411,6,,,1,13,,292410,6,0,7 40 41,1,26,,292413,6,0,7 40 41,1,66,,292415,6,0,7 40 41,1,5,,292417,6,,,1,30,,292420,6,,,1,15,,292418,6,0,7 40 41,1,48,,292422,2,0,57 40 41,1,17,,292425,6,,,1,13,,292424,6,0,7 40 41,1,5,,292427,2,0,57 40 41,1,15,,292429,6,,,1,50,,292428,6,0,7 40 41,1,5,,292430,2,0,57 40 41,1,15,,292432,6,,,1,10,,292431,6,0,7 40 41,1,65,,292435,6,,,1,5,,292434,6,0,7 40 41,1,35,,292438,6,,,1,8,,292437,6,0,7 40 41,1,70,,292439,6,0,7 40 41,1,7,,292440,6,,,1,11,,292441,6,0,7 40 41,1,10,,292442,6,,,1,65,,292444,6,,,1,5,,292443,6,0,7 40 41,1,20,,292446,6,,,1,10,,292445,6,0,7 40 41,1,75,,292447,6,0,7 40 41,1,15,,292448,6,,,1,90,,292449,6,,,1
4101,'20260909',516,,292450,6,,,1,95,,292452,6,,,1,25,,292453,6,,,1,77,,292455,6,,,1,30,,292456,6,,,1,70,,292457,6,,,1,30,,292458,6,,,1,73,,292459,6,,,1,35,,292460,6,,,1,75,,292461,6,,,1,75,,292462,6,,,1,30,,292464,6,,,1,5,,292463,6,0,7 40 41,1,65,,292466,6,,,1,5,,292465,6,0,7 40 41,1,25,,292467,6,0,7 40 41,1,20,,292470,6,,,1,5,,292469,6,0,7 40 41,1,55,,292472,6,,,1,10,,292471,6,0,7 40 41,1,25,,292473,6,0,7 40 41,1,57,,292476,6,,,1,13,,292475,6,0,7 40 41,1,26,,292478,6,0,7 40 41,1,66,,292480,6,0,7 40 41,1,5,,292482,6,,,1,30,,292485,6,,,1,15,,292483,6,0,7 40 41,1,48,,292487,2,0,57 40 41,1,17,,292490,6,,,1,13,,292489,6,0,7 40 41,1,5,,292492,2,0,57 40 41,1,15,,292494,6,,,1,50,,292493,6,0,7 40 41,1,5,,292495,2,0,57 40 41,1,15,,292497,6,,,1,10,,292496,6,0,7 40 41,1,65,,292500,6,,,1,5,,292499,6,0,7 40 41,1,35,,292503,6,,,1,8,,292502,6,0,7 40 41,1,70,,292504,6,0,7 40 41,1,7,,292505,6,,,1,11,,292506,6,0,7 40 41,1,10,,292507,6,,,1,65,,292509,6,,,1,5,,292508,6,0,7 40 41,1,20,,292511,6,,,1,10,,292510,6,0,7 40 41,1,75,,292512,6,0,7 40 41,1,15,,292513,6,,,1,90,,292514,6,,,1
4101,'20260910',516,,292515,6,,,1,95,,292517,6,,,1,25,,292518,6,,,1,77,,292520,6,,,1,30,,292521,6,,,1,70,,292522,6,,,1,30,,292523,6,,,1,73,,292524,6,,,1,35,,292525,6,,,1,75,,292526,6,,,1,75,,292527,6,,,1,30,,292529,6,,,1,5,,292528,6,0,7 40 41,1,65,,292531,6,,,1,5,,292530,6,0,7 40 41,1,25,,292532,6,0,7 40 41,1,20,,292535,6,,,1,5,,292534,6,0,7 40 41,1,55,,292537,6,,,1,10,,292536,6,0,7 40 41,1,25,,292538,6,0,7 40 41,1,57,,292541,6,,,1,13,,292540,6,0,7 40 41,1,26,,292543,6,0,7 40 41,1,66,,292545,6,0,7 40 41,1,5,,292547,6,,,1,30,,292550,6,,,1,15,,292548,6,0,7 40 41,1,48,,292552,2,0,57 40 41,1,17,,292555,6,,,1,13,,292554,6,0,7 40 41,1,5,,292557,2,0,57 40 41,1,15,,292559,6,,,1,50,,292558,6,0,7 40 41,1,5,,292560,2,0,57 40 41,1,15,,292562,6,,,1,10,,292561,6,0,7 40 41,1,65,,292565,6,,,1,5,,292564,6,0,7 40 41,1,35,,292568,6,,,1,8,,292567,6,0,7 40 41,1,70,,292569,6,0,7 40 41,1,7,,292570,6,,,1,11,,292571,6,0,7 40 41,1,10,,292572,6,,,1,65,,292574,6,,,1,5,,292573,6,0,7 40 41,1,20,,292576,6,,,1,10,,292575,6,0,7 40 41,1,75,,292577,6,0,7 40 41,1,15,,292578,6,,,1,90,,292579,6,,,1
4101,'20260911',516,,292580,6,,,1,95,,292582,6,,,1,25,,292583,6,,,1,77,,292585,6,,,1,30,,292586,6,,,1,70,,292587,6,,,1,30,,292588,6,,,1,73,,292589,6,,,1,35,,292590,6,,,1,75,,292591,6,,,1,75,,292592,6,,,1,30,,292594,6,,,1,5,,292593,6,0,7 40 41,1,65,,292596,6,,,1,5,,292595,6,0,7 40 41,1,25,,292597,6,0,7 40 41,1,20,,292600,6,,,1,5,,292599,6,0,7 40 41,1,55,,292602,6,,,1,10,,292601,6,0,7 40 41,1,25,,292603,6,0,7 40 41,1,57,,292606,6,,,1,13,,292605,6,0,7 40 41,1,26,,292608,6,0,7 40 41,1,66,,292610,6,0,7 40 41,1,5,,292612,6,,,1,30,,292615,6,,,1,15,,292613,6,0,7 40 41,1,48,,292617,2,0,57 40 41,1,17,,292620,6,,,1,13,,292619,6,0,7 40 41,1,5,,292622,2,0,57 40 41,1,15,,292624,6,,,1,50,,292623,6,0,7 40 41,1,5,,292625,2,0,57 40 41,1,15,,292627,6,,,1,10,,292626,6,0,7 40 41,1,65,,292630,6,,,1,5,,292629,6,0,7 40 41,1,35,,292633,6,,,1,8,,292632,6,0,7 40 41,1,70,,292634,6,0,7 40 41,1,7,,292635,6,,,1,11,,292636,6,0,7 40 41,1,10,,292637,6,,,1,65,,292639,6,,,1,5,,292638,6,0,7 40 41,1,20,,292641,6,,,1,10,,292640,6,0,7 40 41,1,75,,292642,6,0,7 40 41,1,15,,292643,6,,,1,90,,292644,6,,,1
4101,'20260914',516,,292645,6,,,1,95,,292647,6,,,1,25,,292648,6,,,1,77,,292650,6,,,1,30,,292651,6,,,1,70,,292652,6,,,1,30,,292653,6,,,1,73,,292654,6,,,1,35,,292655,6,,,1,75,,292656,6,,,1,75,,292657,6,,,1,30,,292659,6,,,1,5,,292658,6,0,7 40 41,1,65,,292661,6,,,1,5,,292660,6,0,7 40 41,1,25,,292662,6,0,7 40 41,1,20,,292665,6,,,1,5,,292664,6,0,7 40 41,1,55,,292667,6,,,1,10,,292666,6,0,7 40 41,1,25,,292668,6,0,7 40 41,1,57,,292671,6,,,1,13,,292670,6,0,7 40 41,1,26,,292673,6,0,7 40 41,1,66,,292675,6,0,7 40 41,1,5,,292677,6,,,1,30,,292680,6,,,1,15,,292678,6,0,7 40 41,1,48,,292682,2,0,57 40 41,1,17,,292685,6,,,1,13,,292684,6,0,7 40 41,1,5,,292687,2,0,57 40 41,1,15,,292689,6,,,1,50,,292688,6,0,7 40 41,1,5,,292690,2,0,57 40 41,1,15,,292692,6,,,1,10,,292691,6,0,7 40 41,1,65,,292695,6,,,1,5,,292694,6,0,7 40 41,1,35,,292698,6,,,1,8,,292697,6,0,7 40 41,1,70,,292699,6,0,7 40 41,1,7,,292700,6,,,1,11,,292701,6,0,7 40 41,1,10,,292702,6,,,1,65,,292704,6,,,1,5,,292703,6,0,7 40 41,1,20,,292706,6,,,1,10,,292705,6,0,7 40 41,1,75,,292707,6,0,7 40 41,1,15,,292708,6,,,1,90,,292709,6,,,1
4101,'20260915',516,,292710,6,,,1,95,,292712,6,,,1,25,,292713,6,,,1,77,,292715,6,,,1,30,,292716,6,,,1,70,,292717,6,,,1,30,,292718,6,,,1,73,,292719,6,,,1,35,,292720,6,,,1,75,,292721,6,,,1,75,,292722,6,,,1,30,,292724,6,,,1,5,,292723,6,0,7 40 41,1,65,,292726,6,,,1,5,,292725,6,0,7 40 41,1,25,,292727,6,0,7 40 41,1,20,,292730,6,,,1,5,,292729,6,0,7 40 41,1,55,,292732,6,,,1,10,,292731,6,0,7 40 41,1,25,,292733,6,0,7 40 41,1,57,,292736,6,,,1,13,,292735,6,0,7 40 41,1,26,,292738,6,0,7 40 41,1,66,,292740,6,0,7 40 41,1,5,,292742,6,,,1,30,,292745,6,,,1,15,,292743,6,0,7 40 41,1,48,,292747,2,0,57 40 41,1,17,,292750,6,,,1,13,,292749,6,0,7 40 41,1,5,,292752,2,0,57 40 41,1,15,,292754,6,,,1,50,,292753,6,0,7 40 41,1,5,,292755,2,0,57 40 41,1,15,,292757,6,,,1,10,,292756,6,0,7 40 41,1,65,,292760,6,,,1,5,,292759,6,0,7 40 41,1,35,,292763,6,,,1,8,,292762,6,0,7 40 41,1,70,,292764,6,0,7 40 41,1,7,,292765,6,,,1,11,,292766,6,0,7 40 41,1,10,,292767,6,,,1,65,,292769,6,,,1,5,,292768,6,0,7 40 41,1,20,,292771,6,,,1,10,,292770,6,0,7 40 41,1,75,,292772,6,0,7 40 41,1,15,,292773,6,,,1,90,,292774,6,,,1
4101,'20260916',516,,292775,6,,,1,95,,292777,6,,,1,25,,292778,6,,,1,77,,292780,6,,,1,30,,292781,6,,,1,70,,292782,6,,,1,30,,292783,6,,,1,73,,292784,6,,,1,35,,292785,6,,,1,75,,292786,6,,,1,75,,292787,6,,,1,30,,292789,6,,,1,5,,292788,6,0,7 40 41,1,65,,292791,6,,,1,5,,292790,6,0,7 40 41,1,25,,292792,6,0,7 40 41,1,20,,292795,6,,,1,5,,292794,6,0,7 40 41,1,55,,292797,6,,,1,10,,292796,6,0,7 40 41,1,25,,292798,6,0,7 40 41,1,57,,292801,6,,,1,13,,292800,6,0,7 40 41,1,26,,292803,6,0,7 40 41,1,66,,292805,6,0,7 40 41,1,5,,292807,6,,,1,30,,292810,6,,,1,15,,292808,6,0,7 40 41,1,48,,292812,2,0,57 40 41,1,17,,292815,6,,,1,13,,292814,6,0,7 40 41,1,5,,292817,2,0,57 40 41,1,15,,292819,6,,,1,50,,292818,6,0,7 40 41,1,5,,292820,2,0,57 40 41,1,15,,292822,6,,,1,10,,292821,6,0,7 40 41,1,65,,292825,6,,,1,5,,292824,6,0,7 40 41,1,35,,292828,6,,,1,8,,292827,6,0,7 40 41,1,70,,292829,6,0,7 40 41,1,7,,292830,6,,,1,11,,292831,6,0,7 40 41,1,10,,292832,6,,,1,65,,292834,6,,,1,5,,292833,6,0,7 40 41,1,20,,292836,6,,,1,10,,292835,6,0,7 40 41,1,75,,292837,6,0,7 40 41,1,15,,292838,6,,,1,90,,292839,6,,,1
4101,'20260917',516,,292840,6,,,1,95,,292842,6,,,1,25,,292843,6,,,1,77,,292845,6,,,1,30,,292846,6,,,1,70,,292847,6,,,1,30,,292848,6,,,1,73,,292849,6,,,1,35,,292850,6,,,1,75,,292851,6,,,1,75,,292852,6,,,1,30,,292854,6,,,1,5,,292853,6,0,7 40 41,1,65,,292856,6,,,1,5,,292855,6,0,7 40 41,1,25,,292857,6,0,7 40 41,1,20,,292860,6,,,1,5,,292859,6,0,7 40 41,1,55,,292862,6,,,1,10,,292861,6,0,7 40 41,1,25,,292863,6,0,7 40 41,1,57,,292866,6,,,1,13,,292865,6,0,7 40 41,1,26,,292868,6,0,7 40 41,1,66,,292870,6,0,7 40 41,1,5,,292872,6,,,1,30,,292875,6,,,1,15,,292873,6,0,7 40 41,1,48,,292877,2,0,57 40 41,1,17,,292880,6,,,1,13,,292879,6,0,7 40 41,1,5,,292882,2,0,57 40 41,1,15,,292884,6,,,1,50,,292883,6,0,7 40 41,1,5,,292885,2,0,57 40 41,1,15,,292887,6,,,1,10,,292886,6,0,7 40 41,1,65,,292890,6,,,1,5,,292889,6,0,7 40 41,1,35,,292893,6,,,1,8,,292892,6,0,7 40 41,1,70,,292894,6,0,7 40 41,1,7,,292895,6,,,1,11,,292896,6,0,7 40 41,1,10,,292897,6,,,1,65,,292899,6,,,1,5,,292898,6,0,7 40 41,1,20,,292901,6,,,1,10,,292900,6,0,7 40 41,1,75,,292902,6,0,7 40 41,1,15,,292903,6,,,1,90,,292904,6,,,1
4101,'20260918',516,,292905,6,,,1,95,,292907,6,,,1,25,,292908,6,,,1,77,,292910,6,,,1,30,,292911,6,,,1,70,,292912,6,,,1,30,,292913,6,,,1,73,,292914,6,,,1,35,,292915,6,,,1,75,,292916,6,,,1,75,,292917,6,,,1,30,,292919,6,,,1,5,,292918,6,0,7 40 41,1,65,,292921,6,,,1,5,,292920,6,0,7 40 41,1,25,,292922,6,0,7 40 41,1,20,,292925,6,,,1,5,,292924,6,0,7 40 41,1,55,,292927,6,,,1,10,,292926,6,0,7 40 41,1,25,,292928,6,0,7 40 41,1,57,,292931,6,,,1,13,,292930,6,0,7 40 41,1,26,,292933,6,0,7 40 41,1,66,,292935,6,0,7 40 41,1,5,,292937,6,,,1,30,,292940,6,,,1,15,,292938,6,0,7 40 41,1,48,,292942,2,0,57 40 41,1,17,,292945,6,,,1,13,,292944,6,0,7 40 41,1,5,,292947,2,0,57 40 41,1,15,,292949,6,,,1,50,,292948,6,0,7 40 41,1,5,,292950,2,0,57 40 41,1,15,,292952,6,,,1,10,,292951,6,0,7 40 41,1,65,,292955,6,,,1,5,,292954,6,0,7 40 41,1,35,,292958,6,,,1,8,,292957,6,0,7 40 41,1,70,,292959,6,0,7 40 41,1,7,,292960,6,,,1,11,,292961,6,0,7 40 41,1,10,,292962,6,,,1,65,,292964,6,,,1,5,,292963,6,0,7 40 41,1,20,,292966,6,,,1,10,,292965,6,0,7 40 41,1,75,,292967,6,0,7 40 41,1,15,,292968,6,,,1,90,,292969,6,,,1
4101,'20260921',516,,292970,6,,,1,95,,292972,6,,,1,25,,292973,6,,,1,77,,292975,6,,,1,30,,292976,6,,,1,70,,292977,6,,,1,30,,292978,6,,,1,73,,292979,6,,,1,35,,292980,6,,,1,75,,292981,6,,,1,75,,292982,6,,,1,30,,292984,6,,,1,5,,292983,6,0,7 40 41,1,65,,292986,6,,,1,5,,292985,6,0,7 40 41,1,25,,292987,6,0,7 40 41,1,20,,292990,6,,,1,5,,292989,6,0,7 40 41,1,55,,292992,6,,,1,10,,292991,6,0,7 40 41,1,25,,292993,6,0,7 40 41,1,57,,292996,6,,,1,13,,292995,6,0,7 40 41,1,26,,292998,6,0,7 40 41,1,66,,293000,6,0,7 40 41,1,5,,293002,6,,,1,30,,293005,6,,,1,15,,293003,6,0,7 40 41,1,48,,293007,2,0,57 40 41,1,17,,293010,6,,,1,13,,293009,6,0,7 40 41,1,5,,293012,2,0,57 40 41,1,15,,293014,6,,,1,50,,293013,6,0,7 40 41,1,5,,293015,2,0,57 40 41,1,15,,293017,6,,,1,10,,293016,6,0,7 40 41,1,65,,293020,6,,,1,5,,293019,6,0,7 40 41,1,35,,293023,6,,,1,8,,293022,6,0,7 40 41,1,70,,293024,6,0,7 40 41,1,7,,293025,6,,,1,11,,293026,6,0,7 40 41,1,10,,293027,6,,,1,65,,293029,6,,,1,5,,293028,6,0,7 40 41,1,20,,293031,6,,,1,10,,293030,6,0,7 40 41,1,75,,293032,6,0,7 40 41,1,15,,293033,6,,,1,90,,293034,6,,,1
4101,'20260922',516,,293035,6,,,1,95,,293037,6,,,1,25,,293038,6,,,1,77,,293040,6,,,1,30,,293041,6,,,1,70,,293042,6,,,1,30,,293043,6,,,1,73,,293044,6,,,1,35,,293045,6,,,1,75,,293046,6,,,1,75,,293047,6,,,1,30,,293049,6,,,1,5,,293048,6,0,7 40 41,1,65,,293051,6,,,1,5,,293050,6,0,7 40 41,1,25,,293052,6,0,7 40 41,1,20,,293055,6,,,1,5,,293054,6,0,7 40 41,1,55,,293057,6,,,1,10,,293056,6,0,7 40 41,1,25,,293058,6,0,7 40 41,1,57,,293061,6,,,1,13,,293060,6,0,7 40 41,1,26,,293063,6,0,7 40 41,1,66,,293065,6,0,7 40 41,1,5,,293067,6,,,1,30,,293070,6,,,1,15,,293068,6,0,7 40 41,1,48,,293072,2,0,57 40 41,1,17,,293075,6,,,1,13,,293074,6,0,7 40 41,1,5,,293077,2,0,57 40 41,1,15,,293079,6,,,1,50,,293078,6,0,7 40 41,1,5,,293080,2,0,57 40 41,1,15,,293082,6,,,1,10,,293081,6,0,7 40 41,1,65,,293085,6,,,1,5,,293084,6,0,7 40 41,1,35,,293088,6,,,1,8,,293087,6,0,7 40 41,1,70,,293089,6,0,7 40 41,1,7,,293090,6,,,1,11,,293091,6,0,7 40 41,1,10,,293092,6,,,1,65,,293094,6,,,1,5,,293093,6,0,7 40 41,1,20,,293096,6,,,1,10,,293095,6,0,7 40 41,1,75,,293097,6,0,7 40 41,1,15,,293098,6,,,1,90,,293099,6,,,1
4101,'20260923',516,,293100,6,,,1,95,,293102,6,,,1,25,,293103,6,,,1,77,,293105,6,,,1,30,,293106,6,,,1,70,,293107,6,,,1,30,,293108,6,,,1,73,,293109,6,,,1,35,,293110,6,,,1,75,,293111,6,,,1,75,,293112,6,,,1,30,,293114,6,,,1,5,,293113,6,0,7 40 41,1,65,,293116,6,,,1,5,,293115,6,0,7 40 41,1,25,,293117,6,0,7 40 41,1,20,,293120,6,,,1,5,,293119,6,0,7 40 41,1,55,,293122,6,,,1,10,,293121,6,0,7 40 41,1,25,,293123,6,0,7 40 41,1,57,,293126,6,,,1,13,,293125,6,0,7 40 41,1,26,,293128,6,0,7 40 41,1,66,,293130,6,0,7 40 41,1,5,,293132,6,,,1,30,,293135,6,,,1,15,,293133,6,0,7 40 41,1,48,,293137,2,0,57 40 41,1,17,,293140,6,,,1,13,,293139,6,0,7 40 41,1,5,,293142,2,0,57 40 41,1,15,,293144,6,,,1,50,,293143,6,0,7 40 41,1,5,,293145,2,0,57 40 41,1,15,,293147,6,,,1,10,,293146,6,0,7 40 41,1,65,,293150,6,,,1,5,,293149,6,0,7 40 41,1,35,,293153,6,,,1,8,,293152,6,0,7 40 41,1,70,,293154,6,0,7 40 41,1,7,,293155,6,,,1,11,,293156,6,0,7 40 41,1,10,,293157,6,,,1,65,,293159,6,,,1,5,,293158,6,0,7 40 41,1,20,,293161,6,,,1,10,,293160,6,0,7 40 41,1,75,,293162,6,0,7 40 41,1,15,,293163,6,,,1,90,,293164,6,,,1
4101,'20260924',516,,293165,6,,,1,95,,293167,6,,,1,25,,293168,6,,,1,77,,293170,6,,,1,30,,293171,6,,,1,70,,293172,6,,,1,30,,293173,6,,,1,73,,293174,6,,,1,35,,293175,6,,,1,75,,293176,6,,,1,75,,293177,6,,,1,30,,293179,6,,,1,5,,293178,6,0,7 40 41,1,65,,293181,6,,,1,5,,293180,6,0,7 40 41,1,25,,293182,6,0,7 40 41,1,20,,293185,6,,,1,5,,293184,6,0,7 40 41,1,55,,293187,6,,,1,10,,293186,6,0,7 40 41,1,25,,293188,6,0,7 40 41,1,57,,293191,6,,,1,13,,293190,6,0,7 40 41,1,26,,293193,6,0,7 40 41,1,66,,293195,6,0,7 40 41,1,5,,293197,6,,,1,30,,293200,6,,,1,15,,293198,6,0,7 40 41,1,48,,293202,2,0,57 40 41,1,17,,293205,6,,,1,13,,293204,6,0,7 40 41,1,5,,293207,2,0,57 40 41,1,15,,293209,6,,,1,50,,293208,6,0,7 40 41,1,5,,293210,2,0,57 40 41,1,15,,293212,6,,,1,10,,293211,6,0,7 40 41,1,65,,293215,6,,,1,5,,293214,6,0,7 40 41,1,35,,293218,6,,,1,8,,293217,6,0,7 40 41,1,70,,293219,6,0,7 40 41,1,7,,293220,6,,,1,11,,293221,6,0,7 40 41,1,10,,293222,6,,,1,65,,293224,6,,,1,5,,293223,6,0,7 40 41,1,20,,293226,6,,,1,10,,293225,6,0,7 40 41,1,75,,293227,6,0,7 40 41,1,15,,293228,6,,,1,90,,293229,6,,,1
4101,'20260925',516,,293230,6,,,1,95,,293232,6,,,1,25,,293233,6,,,1,77,,293235,6,,,1,30,,293236,6,,,1,70,,293237,6,,,1,30,,293238,6,,,1,73,,293239,6,,,1,35,,293240,6,,,1,75,,293241,6,,,1,75,,293242,6,,,1,30,,293244,6,,,1,5,,293243,6,0,7 40 41,1,65,,293246,6,,,1,5,,293245,6,0,7 40 41,1,25,,293247,6,0,7 40 41,1,20,,293250,6,,,1,5,,293249,6,0,7 40 41,1,55,,293252,6,,,1,10,,293251,6,0,7 40 41,1,25,,293253,6,0,7 40 41,1,57,,293256,6,,,1,13,,293255,6,0,7 40 41,1,26,,293258,6,0,7 40 41,1,66,,293260,6,0,7 40 41,1,5,,293262,6,,,1,30,,293265,6,,,1,15,,293263,6,0,7 40 41,1,48,,293267,2,0,57 40 41,1,17,,293270,6,,,1,13,,293269,6,0,7 40 41,1,5,,293272,2,0,57 40 41,1,15,,293274,6,,,1,50,,293273,6,0,7 40 41,1,5,,293275,2,0,57 40 41,1,15,,293277,6,,,1,10,,293276,6,0,7 40 41,1,65,,293280,6,,,1,5,,293279,6,0,7 40 41,1,35,,293283,6,,,1,8,,293282,6,0,7 40 41,1,70,,293284,6,0,7 40 41,1,7,,293285,6,,,1,11,,293286,6,0,7 40 41,1,10,,293287,6,,,1,65,,293289,6,,,1,5,,293288,6,0,7 40 41,1,20,,293291,6,,,1,10,,293290,6,0,7 40 41,1,75,,293292,6,0,7 40 41,1,15,,293293,6,,,1,90,,293294,6,,,1
4101,'20260928',516,,293295,6,,,1,95,,293297,6,,,1,25,,293298,6,,,1,77,,293300,6,,,1,30,,293301,6,,,1,70,,293302,6,,,1,30,,293303,6,,,1,73,,293304,6,,,1,35,,293305,6,,,1,75,,293306,6,,,1,75,,293307,6,,,1,30,,293309,6,,,1,5,,293308,6,0,7 40 41,1,65,,293311,6,,,1,5,,293310,6,0,7 40 41,1,25,,293312,6,0,7 40 41,1,20,,293315,6,,,1,5,,293314,6,0,7 40 41,1,55,,293317,6,,,1,10,,293316,6,0,7 40 41,1,25,,293318,6,0,7 40 41,1,57,,293321,6,,,1,13,,293320,6,0,7 40 41,1,26,,293323,6,0,7 40 41,1,66,,293325,6,0,7 40 41,1,5,,293327,6,,,1,30,,293330,6,,,1,15,,293328,6,0,7 40 41,1,48,,293332,2,0,57 40 41,1,17,,293335,6,,,1,13,,293334,6,0,7 40 41,1,5,,293337,2,0,57 40 41,1,15,,293339,6,,,1,50,,293338,6,0,7 40 41,1,5,,293340,2,0,57 40 41,1,15,,293342,6,,,1,10,,293341,6,0,7 40 41,1,65,,293345,6,,,1,5,,293344,6,0,7 40 41,1,35,,293348,6,,,1,8,,293347,6,0,7 40 41,1,70,,293349,6,0,7 40 41,1,7,,293350,6,,,1,11,,293351,6,0,7 40 41,1,10,,293352,6,,,1,65,,293354,6,,,1,5,,293353,6,0,7 40 41,1,20,,293356,6,,,1,10,,293355,6,0,7 40 41,1,75,,293357,6,0,7 40 41,1,15,,293358,6,,,1,90,,293359,6,,,1
4101,'20260929',516,,293360,6,,,1,95,,293362,6,,,1,25,,293363,6,,,1,77,,293365,6,,,1,30,,293366,6,,,1,70,,293367,6,,,1,30,,293368,6,,,1,73,,293369,6,,,1,35,,293370,6,,,1,75,,293371,6,,,1,75,,293372,6,,,1,30,,293374,6,,,1,5,,293373,6,0,7 40 41,1,65,,293376,6,,,1,5,,293375,6,0,7 40 41,1,25,,293377,6,0,7 40 41,1,20,,293380,6,,,1,5,,293379,6,0,7 40 41,1,55,,293382,6,,,1,10,,293381,6,0,7 40 41,1,25,,293383,6,0,7 40 41,1,57,,293386,6,,,1,13,,293385,6,0,7 40 41,1,26,,293388,6,0,7 40 41,1,66,,293390,6,0,7 40 41,1,5,,293392,6,,,1,30,,293395,6,,,1,15,,293393,6,0,7 40 41,1,48,,293397,2,0,57 40 41,1,17,,293400,6,,,1,13,,293399,6,0,7 40 41,1,5,,293402,2,0,57 40 41,1,15,,293404,6,,,1,50,,293403,6,0,7 40 41,1,5,,293405,2,0,57 40 41,1,15,,293407,6,,,1,10,,293406,6,0,7 40 41,1,65,,293410,6,,,1,5,,293409,6,0,7 40 41,1,35,,293413,6,,,1,8,,293412,6,0,7 40 41,1,70,,293414,6,0,7 40 41,1,7,,293415,6,,,1,11,,293416,6,0,7 40 41,1,10,,293417,6,,,1,65,,293419,6,,,1,5,,293418,6,0,7 40 41,1,20,,293421,6,,,1,10,,293420,6,0,7 40 41,1,75,,293422,6,0,7 40 41,1,15,,293423,6,,,1,90,,293424,6,,,1
4101,'20260930',516,,293425,6,,,1,95,,293427,6,,,1,25,,293428,6,,,1,77,,293430,6,,,1,30,,293431,6,,,1,70,,293432,6,,,1,30,,293433,6,,,1,73,,293434,6,,,1,35,,293435,6,,,1,75,,293436,6,,,1,75,,293437,6,,,1,30,,293439,6,,,1,5,,293438,6,0,7 40 41,1,65,,293441,6,,,1,5,,293440,6,0,7 40 41,1,25,,293442,6,0,7 40 41,1,20,,293445,6,,,1,5,,293444,6,0,7 40 41,1,55,,293447,6,,,1,10,,293446,6,0,7 40 41,1,25,,293448,6,0,7 40 41,1,57,,293451,6,,,1,13,,293450,6,0,7 40 41,1,26,,293453,6,0,7 40 41,1,66,,293455,6,0,7 40 41,1,5,,293457,6,,,1,30,,293460,6,,,1,15,,293458,6,0,7 40 41,1,48,,293462,2,0,57 40 41,1,17,,293465,6,,,1,13,,293464,6,0,7 40 41,1,5,,293467,2,0,57 40 41,1,15,,293469,6,,,1,50,,293468,6,0,7 40 41,1,5,,293470,2,0,57 40 41,1,15,,293472,6,,,1,10,,293471,6,0,7 40 41,1,65,,293475,6,,,1,5,,293474,6,0,7 40 41,1,35,,293478,6,,,1,8,,293477,6,0,7 40 41,1,70,,293479,6,0,7 40 41,1,7,,293480,6,,,1,11,,293481,6,0,7 40 41,1,10,,293482,6,,,1,65,,293484,6,,,1,5,,293483,6,0,7 40 41,1,20,,293486,6,,,1,10,,293485,6,0,7 40 41,1,75,,293487,6,0,7 40 41,1,15,,293488,6,,,1,90,,293489,6,,,1
4101,'20261001',516,,293490,6,,,1,95,,293492,6,,,1,25,,293493,6,,,1,77,,293495,6,,,1,30,,293496,6,,,1,70,,293497,6,,,1,30,,293498,6,,,1,73,,293499,6,,,1,35,,293500,6,,,1,75,,293501,6,,,1,75,,293502,6,,,1,30,,293504,6,,,1,5,,293503,6,0,7 40 41,1,65,,293506,6,,,1,5,,293505,6,0,7 40 41,1,25,,293507,6,0,7 40 41,1,20,,293510,6,,,1,5,,293509,6,0,7 40 41,1,55,,293512,6,,,1,10,,293511,6,0,7 40 41,1,25,,293513,6,0,7 40 41,1,57,,293516,6,,,1,13,,293515,6,0,7 40 41,1,26,,293518,6,0,7 40 41,1,66,,293520,6,0,7 40 41,1,5,,293522,6,,,1,30,,293525,6,,,1,15,,293523,6,0,7 40 41,1,48,,293527,2,0,57 40 41,1,17,,293530,6,,,1,13,,293529,6,0,7 40 41,1,5,,293532,2,0,57 40 41,1,15,,293534,6,,,1,50,,293533,6,0,7 40 41,1,5,,293535,2,0,57 40 41,1,15,,293537,6,,,1,10,,293536,6,0,7 40 41,1,65,,293540,6,,,1,5,,293539,6,0,7 40 41,1,35,,293543,6,,,1,8,,293542,6,0,7 40 41,1,70,,293544,6,0,7 40 41,1,7,,293545,6,,,1,11,,293546,6,0,7 40 41,1,10,,293547,6,,,1,65,,293549,6,,,1,5,,293548,6,0,7 40 41,1,20,,293551,6,,,1,10,,293550,6,0,7 40 41,1,75,,293552,6,0,7 40 41,1,15,,293553,6,,,1,90,,293554,6,,,1
4101,'20261002',516,,293555,6,,,1,95,,293557,6,,,1,25,,293558,6,,,1,77,,293560,6,,,1,30,,293561,6,,,1,70,,293562,6,,,1,30,,293563,6,,,1,73,,293564,6,,,1,35,,293565,6,,,1,75,,293566,6,,,1,75,,293567,6,,,1,30,,293569,6,,,1,5,,293568,6,0,7 40 41,1,65,,293571,6,,,1,5,,293570,6,0,7 40 41,1,25,,293572,6,0,7 40 41,1,20,,293575,6,,,1,5,,293574,6,0,7 40 41,1,55,,293577,6,,,1,10,,293576,6,0,7 40 41,1,25,,293578,6,0,7 40 41,1,57,,293581,6,,,1,13,,293580,6,0,7 40 41,1,26,,293583,6,0,7 40 41,1,66,,293585,6,0,7 40 41,1,5,,293587,6,,,1,30,,293590,6,,,1,15,,293588,6,0,7 40 41,1,48,,293592,2,0,57 40 41,1,17,,293595,6,,,1,13,,293594,6,0,7 40 41,1,5,,293597,2,0,57 40 41,1,15,,293599,6,,,1,50,,293598,6,0,7 40 41,1,5,,293600,2,0,57 40 41,1,15,,293602,6,,,1,10,,293601,6,0,7 40 41,1,65,,293605,6,,,1,5,,293604,6,0,7 40 41,1,35,,293608,6,,,1,8,,293607,6,0,7 40 41,1,70,,293609,6,0,7 40 41,1,7,,293610,6,,,1,11,,293611,6,0,7 40 41,1,10,,293612,6,,,1,65,,293614,6,,,1,5,,293613,6,0,7 40 41,1,20,,293616,6,,,1,10,,293615,6,0,7 40 41,1,75,,293617,6,0,7 40 41,1,15,,293618,6,,,1,90,,293619,6,,,1
4101,'20261005',516,,293620,6,,,1,95,,293622,6,,,1,25,,293623,6,,,1,77,,293625,6,,,1,30,,293626,6,,,1,70,,293627,6,,,1,30,,293628,6,,,1,73,,293629,6,,,1,35,,293630,6,,,1,75,,293631,6,,,1,75,,293632,6,,,1,30,,293634,6,,,1,5,,293633,6,0,7 40 41,1,65,,293636,6,,,1,5,,293635,6,0,7 40 41,1,25,,293637,6,0,7 40 41,1,20,,293640,6,,,1,5,,293639,6,0,7 40 41,1,55,,293642,6,,,1,10,,293641,6,0,7 40 41,1,25,,293643,6,0,7 40 41,1,57,,293646,6,,,1,13,,293645,6,0,7 40 41,1,26,,293648,6,0,7 40 41,1,66,,293650,6,0,7 40 41,1,5,,293652,6,,,1,30,,293655,6,,,1,15,,293653,6,0,7 40 41,1,48,,293657,2,0,57 40 41,1,17,,293660,6,,,1,13,,293659,6,0,7 40 41,1,5,,293662,2,0,57 40 41,1,15,,293664,6,,,1,50,,293663,6,0,7 40 41,1,5,,293665,2,0,57 40 41,1,15,,293667,6,,,1,10,,293666,6,0,7 40 41,1,65,,293670,6,,,1,5,,293669,6,0,7 40 41,1,35,,293673,6,,,1,8,,293672,6,0,7 40 41,1,70,,293674,6,0,7 40 41,1,7,,293675,6,,,1,11,,293676,6,0,7 40 41,1,10,,293677,6,,,1,65,,293679,6,,,1,5,,293678,6,0,7 40 41,1,20,,293681,6,,,1,10,,293680,6,0,7 40 41,1,75,,293682,6,0,7 40 41,1,15,,293683,6,,,1,90,,293684,6,,,1
4101,'20261006',516,,293685,6,,,1,95,,293687,6,,,1,25,,293688,6,,,1,77,,293690,6,,,1,30,,293691,6,,,1,70,,293692,6,,,1,30,,293693,6,,,1,73,,293694,6,,,1,35,,293695,6,,,1,75,,293696,6,,,1,75,,293697,6,,,1,30,,293699,6,,,1,5,,293698,6,0,7 40 41,1,65,,293701,6,,,1,5,,293700,6,0,7 40 41,1,25,,293702,6,0,7 40 41,1,20,,293705,6,,,1,5,,293704,6,0,7 40 41,1,55,,293707,6,,,1,10,,293706,6,0,7 40 41,1,25,,293708,6,0,7 40 41,1,57,,293711,6,,,1,13,,293710,6,0,7 40 41,1,26,,293713,6,0,7 40 41,1,66,,293715,6,0,7 40 41,1,5,,293717,6,,,1,30,,293720,6,,,1,15,,293718,6,0,7 40 41,1,48,,293722,2,0,57 40 41,1,17,,293725,6,,,1,13,,293724,6,0,7 40 41,1,5,,293727,2,0,57 40 41,1,15,,293729,6,,,1,50,,293728,6,0,7 40 41,1,5,,293730,2,0,57 40 41,1,15,,293732,6,,,1,10,,293731,6,0,7 40 41,1,65,,293735,6,,,1,5,,293734,6,0,7 40 41,1,35,,293738,6,,,1,8,,293737,6,0,7 40 41,1,70,,293739,6,0,7 40 41,1,7,,293740,6,,,1,11,,293741,6,0,7 40 41,1,10,,293742,6,,,1,65,,293744,6,,,1,5,,293743,6,0,7 40 41,1,20,,293746,6,,,1,10,,293745,6,0,7 40 41,1,75,,293747,6,0,7 40 41,1,15,,293748,6,,,1,90,,293749,6,,,1
4101,'20261007',516,,293750,6,,,1,95,,293752,6,,,1,25,,293753,6,,,1,77,,293755,6,,,1,30,,293756,6,,,1,70,,293757,6,,,1,30,,293758,6,,,1,73,,293759,6,,,1,35,,293760,6,,,1,75,,293761,6,,,1,75,,293762,6,,,1,30,,293764,6,,,1,5,,293763,6,0,7 40 41,1,65,,293766,6,,,1,5,,293765,6,0,7 40 41,1,25,,293767,6,0,7 40 41,1,20,,293770,6,,,1,5,,293769,6,0,7 40 41,1,55,,293772,6,,,1,10,,293771,6,0,7 40 41,1,25,,293773,6,0,7 40 41,1,57,,293776,6,,,1,13,,293775,6,0,7 40 41,1,26,,293778,6,0,7 40 41,1,66,,293780,6,0,7 40 41,1,5,,293782,6,,,1,30,,293785,6,,,1,15,,293783,6,0,7 40 41,1,48,,293787,2,0,57 40 41,1,17,,293790,6,,,1,13,,293789,6,0,7 40 41,1,5,,293792,2,0,57 40 41,1,15,,293794,6,,,1,50,,293793,6,0,7 40 41,1,5,,293795,2,0,57 40 41,1,15,,293797,6,,,1,10,,293796,6,0,7 40 41,1,65,,293800,6,,,1,5,,293799,6,0,7 40 41,1,35,,293803,6,,,1,8,,293802,6,0,7 40 41,1,70,,293804,6,0,7 40 41,1,7,,293805,6,,,1,11,,293806,6,0,7 40 41,1,10,,293807,6,,,1,65,,293809,6,,,1,5,,293808,6,0,7 40 41,1,20,,293811,6,,,1,10,,293810,6,0,7 40 41,1,75,,293812,6,0,7 40 41,1,15,,293813,6,,,1,90,,293814,6,,,1
4101,'20261008',516,,293815,6,,,1,95,,293817,6,,,1,25,,293818,6,,,1,77,,293820,6,,,1,30,,293821,6,,,1,70,,293822,6,,,1,30,,293823,6,,,1,73,,293824,6,,,1,35,,293825,6,,,1,75,,293826,6,,,1,75,,293827,6,,,1,30,,293829,6,,,1,5,,293828,6,0,7 40 41,1,65,,293831,6,,,1,5,,293830,6,0,7 40 41,1,25,,293832,6,0,7 40 41,1,20,,293835,6,,,1,5,,293834,6,0,7 40 41,1,55,,293837,6,,,1,10,,293836,6,0,7 40 41,1,25,,293838,6,0,7 40 41,1,57,,293841,6,,,1,13,,293840,6,0,7 40 41,1,26,,293843,6,0,7 40 41,1,66,,293845,6,0,7 40 41,1,5,,293847,6,,,1,30,,293850,6,,,1,15,,293848,6,0,7 40 41,1,48,,293852,2,0,57 40 41,1,17,,293855,6,,,1,13,,293854,6,0,7 40 41,1,5,,293857,2,0,57 40 41,1,15,,293859,6,,,1,50,,293858,6,0,7 40 41,1,5,,293860,2,0,57 40 41,1,15,,293862,6,,,1,10,,293861,6,0,7 40 41,1,65,,293865,6,,,1,5,,293864,6,0,7 40 41,1,35,,293868,6,,,1,8,,293867,6,0,7 40 41,1,70,,293869,6,0,7 40 41,1,7,,293870,6,,,1,11,,293871,6,0,7 40 41,1,10,,293872,6,,,1,65,,293874,6,,,1,5,,293873,6,0,7 40 41,1,20,,293876,6,,,1,10,,293875,6,0,7 40 41,1,75,,293877,6,0,7 40 41,1,15,,293878,6,,,1,90,,293879,6,,,1
4101,'20261009',516,,293880,6,,,1,95,,293882,6,,,1,25,,293883,6,,,1,77,,293885,6,,,1,30,,293886,6,,,1,70,,293887,6,,,1,30,,293888,6,,,1,73,,293889,6,,,1,35,,293890,6,,,1,75,,293891,6,,,1,75,,293892,6,,,1,30,,293894,6,,,1,5,,293893,6,0,7 40 41,1,65,,293896,6,,,1,5,,293895,6,0,7 40 41,1,25,,293897,6,0,7 40 41,1,20,,293900,6,,,1,5,,293899,6,0,7 40 41,1,55,,293902,6,,,1,10,,293901,6,0,7 40 41,1,25,,293903,6,0,7 40 41,1,57,,293906,6,,,1,13,,293905,6,0,7 40 41,1,26,,293908,6,0,7 40 41,1,66,,293910,6,0,7 40 41,1,5,,293912,6,,,1,30,,293915,6,,,1,15,,293913,6,0,7 40 41,1,48,,293917,2,0,57 40 41,1,17,,293920,6,,,1,13,,293919,6,0,7 40 41,1,5,,293922,2,0,57 40 41,1,15,,293924,6,,,1,50,,293923,6,0,7 40 41,1,5,,293925,2,0,57 40 41,1,15,,293927,6,,,1,10,,293926,6,0,7 40 41,1,65,,293930,6,,,1,5,,293929,6,0,7 40 41,1,35,,293933,6,,,1,8,,293932,6,0,7 40 41,1,70,,293934,6,0,7 40 41,1,7,,293935,6,,,1,11,,293936,6,0,7 40 41,1,10,,293937,6,,,1,65,,293939,6,,,1,5,,293938,6,0,7 40 41,1,20,,293941,6,,,1,10,,293940,6,0,7 40 41,1,75,,293942,6,0,7 40 41,1,15,,293943,6,,,1,90,,293944,6,,,1
4101,'20261013',516,,293945,6,,,1,95,,293947,6,,,1,25,,293948,6,,,1,77,,293950,6,,,1,30,,293951,6,,,1,70,,293952,6,,,1,30,,293953,6,,,1,73,,293954,6,,,1,35,,293955,6,,,1,75,,293956,6,,,1,75,,293957,6,,,1,30,,293959,6,,,1,5,,293958,6,0,7 40 41,1,65,,293961,6,,,1,5,,293960,6,0,7 40 41,1,25,,293962,6,0,7 40 41,1,20,,293965,6,,,1,5,,293964,6,0,7 40 41,1,55,,293967,6,,,1,10,,293966,6,0,7 40 41,1,25,,293968,6,0,7 40 41,1,57,,293971,6,,,1,13,,293970,6,0,7 40 41,1,26,,293973,6,0,7 40 41,1,66,,293975,6,0,7 40 41,1,5,,293977,6,,,1,30,,293980,6,,,1,15,,293978,6,0,7 40 41,1,48,,293982,2,0,57 40 41,1,17,,293985,6,,,1,13,,293984,6,0,7 40 41,1,5,,293987,2,0,57 40 41,1,15,,293989,6,,,1,50,,293988,6,0,7 40 41,1,5,,293990,2,0,57 40 41,1,15,,293992,6,,,1,10,,293991,6,0,7 40 41,1,65,,293995,6,,,1,5,,293994,6,0,7 40 41,1,35,,293998,6,,,1,8,,293997,6,0,7 40 41,1,70,,293999,6,0,7 40 41,1,7,,294000,6,,,1,11,,294001,6,0,7 40 41,1,10,,294002,6,,,1,65,,294004,6,,,1,5,,294003,6,0,7 40 41,1,20,,294006,6,,,1,10,,294005,6,0,7 40 41,1,75,,294007,6,0,7 40 41,1,15,,294008,6,,,1,90,,294009,6,,,1
4101,'20261014',516,,294010,6,,,1,95,,294012,6,,,1,25,,294013,6,,,1,77,,294015,6,,,1,30,,294016,6,,,1,70,,294017,6,,,1,30,,294018,6,,,1,73,,294019,6,,,1,35,,294020,6,,,1,75,,294021,6,,,1,75,,294022,6,,,1,30,,294024,6,,,1,5,,294023,6,0,7 40 41,1,65,,294026,6,,,1,5,,294025,6,0,7 40 41,1,25,,294027,6,0,7 40 41,1,20,,294030,6,,,1,5,,294029,6,0,7 40 41,1,55,,294032,6,,,1,10,,294031,6,0,7 40 41,1,25,,294033,6,0,7 40 41,1,57,,294036,6,,,1,13,,294035,6,0,7 40 41,1,26,,294038,6,0,7 40 41,1,66,,294040,6,0,7 40 41,1,5,,294042,6,,,1,30,,294045,6,,,1,15,,294043,6,0,7 40 41,1,48,,294047,2,0,57 40 41,1,17,,294050,6,,,1,13,,294049,6,0,7 40 41,1,5,,294052,2,0,57 40 41,1,15,,294054,6,,,1,50,,294053,6,0,7 40 41,1,5,,294055,2,0,57 40 41,1,15,,294057,6,,,1,10,,294056,6,0,7 40 41,1,65,,294060,6,,,1,5,,294059,6,0,7 40 41,1,35,,294063,6,,,1,8,,294062,6,0,7 40 41,1,70,,294064,6,0,7 40 41,1,7,,294065,6,,,1,11,,294066,6,0,7 40 41,1,10,,294067,6,,,1,65,,294069,6,,,1,5,,294068,6,0,7 40 41,1,20,,294071,6,,,1,10,,294070,6,0,7 40 41,1,75,,294072,6,0,7 40 41,1,15,,294073,6,,,1,90,,294074,6,,,1
4101,'20261015',516,,294075,6,,,1,95,,294077,6,,,1,25,,294078,6,,,1,77,,294080,6,,,1,30,,294081,6,,,1,70,,294082,6,,,1,30,,294083,6,,,1,73,,294084,6,,,1,35,,294085,6,,,1,75,,294086,6,,,1,75,,294087,6,,,1,30,,294089,6,,,1,5,,294088,6,0,7 40 41,1,65,,294091,6,,,1,5,,294090,6,0,7 40 41,1,25,,294092,6,0,7 40 41,1,20,,294095,6,,,1,5,,294094,6,0,7 40 41,1,55,,294097,6,,,1,10,,294096,6,0,7 40 41,1,25,,294098,6,0,7 40 41,1,57,,294101,6,,,1,13,,294100,6,0,7 40 41,1,26,,294103,6,0,7 40 41,1,66,,294105,6,0,7 40 41,1,5,,294107,6,,,1,30,,294110,6,,,1,15,,294108,6,0,7 40 41,1,48,,294112,2,0,57 40 41,1,17,,294115,6,,,1,13,,294114,6,0,7 40 41,1,5,,294117,2,0,57 40 41,1,15,,294119,6,,,1,50,,294118,6,0,7 40 41,1,5,,294120,2,0,57 40 41,1,15,,294122,6,,,1,10,,294121,6,0,7 40 41,1,65,,294125,6,,,1,5,,294124,6,0,7 40 41,1,35,,294128,6,,,1,8,,294127,6,0,7 40 41,1,70,,294129,6,0,7 40 41,1,7,,294130,6,,,1,11,,294131,6,0,7 40 41,1,10,,294132,6,,,1,65,,294134,6,,,1,5,,294133,6,0,7 40 41,1,20,,294136,6,,,1,10,,294135,6,0,7 40 41,1,75,,294137,6,0,7 40 41,1,15,,294138,6,,,1,90,,294139,6,,,1
4101,'20261016',516,,294140,6,,,1,95,,294142,6,,,1,25,,294143,6,,,1,77,,294145,6,,,1,30,,294146,6,,,1,70,,294147,6,,,1,30,,294148,6,,,1,73,,294149,6,,,1,35,,294150,6,,,1,75,,294151,6,,,1,75,,294152,6,,,1,30,,294154,6,,,1,5,,294153,6,0,7 40 41,1,65,,294156,6,,,1,5,,294155,6,0,7 40 41,1,25,,294157,6,0,7 40 41,1,20,,294160,6,,,1,5,,294159,6,0,7 40 41,1,55,,294162,6,,,1,10,,294161,6,0,7 40 41,1,25,,294163,6,0,7 40 41,1,57,,294166,6,,,1,13,,294165,6,0,7 40 41,1,26,,294168,6,0,7 40 41,1,66,,294170,6,0,7 40 41,1,5,,294172,6,,,1,30,,294175,6,,,1,15,,294173,6,0,7 40 41,1,48,,294177,2,0,57 40 41,1,17,,294180,6,,,1,13,,294179,6,0,7 40 41,1,5,,294182,2,0,57 40 41,1,15,,294184,6,,,1,50,,294183,6,0,7 40 41,1,5,,294185,2,0,57 40 41,1,15,,294187,6,,,1,10,,294186,6,0,7 40 41,1,65,,294190,6,,,1,5,,294189,6,0,7 40 41,1,35,,294193,6,,,1,8,,294192,6,0,7 40 41,1,70,,294194,6,0,7 40 41,1,7,,294195,6,,,1,11,,294196,6,0,7 40 41,1,10,,294197,6,,,1,65,,294199,6,,,1,5,,294198,6,0,7 40 41,1,20,,294201,6,,,1,10,,294200,6,0,7 40 41,1,75,,294202,6,0,7 40 41,1,15,,294203,6,,,1,90,,294204,6,,,1
4101,'20261019',516,,294205,6,,,1,95,,294207,6,,,1,25,,294208,6,,,1,77,,294210,6,,,1,30,,294211,6,,,1,70,,294212,6,,,1,30,,294213,6,,,1,73,,294214,6,,,1,35,,294215,6,,,1,75,,294216,6,,,1,75,,294217,6,,,1,30,,294219,6,,,1,5,,294218,6,0,7 40 41,1,65,,294221,6,,,1,5,,294220,6,0,7 40 41,1,25,,294222,6,0,7 40 41,1,20,,294225,6,,,1,5,,294224,6,0,7 40 41,1,55,,294227,6,,,1,10,,294226,6,0,7 40 41,1,25,,294228,6,0,7 40 41,1,57,,294231,6,,,1,13,,294230,6,0,7 40 41,1,26,,294233,6,0,7 40 41,1,66,,294235,6,0,7 40 41,1,5,,294237,6,,,1,30,,294240,6,,,1,15,,294238,6,0,7 40 41,1,48,,294242,2,0,57 40 41,1,17,,294245,6,,,1,13,,294244,6,0,7 40 41,1,5,,294247,2,0,57 40 41,1,15,,294249,6,,,1,50,,294248,6,0,7 40 41,1,5,,294250,2,0,57 40 41,1,15,,294252,6,,,1,10,,294251,6,0,7 40 41,1,65,,294255,6,,,1,5,,294254,6,0,7 40 41,1,35,,294258,6,,,1,8,,294257,6,0,7 40 41,1,70,,294259,6,0,7 40 41,1,7,,294260,6,,,1,11,,294261,6,0,7 40 41,1,10,,294262,6,,,1,65,,294264,6,,,1,5,,294263,6,0,7 40 41,1,20,,294266,6,,,1,10,,294265,6,0,7 40 41,1,75,,294267,6,0,7 40 41,1,15,,294268,6,,,1,90,,294269,6,,,1
4101,'20261020',516,,294270,6,,,1,95,,294272,6,,,1,25,,294273,6,,,1,77,,294275,6,,,1,30,,294276,6,,,1,70,,294277,6,,,1,30,,294278,6,,,1,73,,294279,6,,,1,35,,294280,6,,,1,75,,294281,6,,,1,75,,294282,6,,,1,30,,294284,6,,,1,5,,294283,6,0,7 40 41,1,65,,294286,6,,,1,5,,294285,6,0,7 40 41,1,25,,294287,6,0,7 40 41,1,20,,294290,6,,,1,5,,294289,6,0,7 40 41,1,55,,294292,6,,,1,10,,294291,6,0,7 40 41,1,25,,294293,6,0,7 40 41,1,57,,294296,6,,,1,13,,294295,6,0,7 40 41,1,26,,294298,6,0,7 40 41,1,66,,294300,6,0,7 40 41,1,5,,294302,6,,,1,30,,294305,6,,,1,15,,294303,6,0,7 40 41,1,48,,294307,2,0,57 40 41,1,17,,294310,6,,,1,13,,294309,6,0,7 40 41,1,5,,294312,2,0,57 40 41,1,15,,294314,6,,,1,50,,294313,6,0,7 40 41,1,5,,294315,2,0,57 40 41,1,15,,294317,6,,,1,10,,294316,6,0,7 40 41,1,65,,294320,6,,,1,5,,294319,6,0,7 40 41,1,35,,294323,6,,,1,8,,294322,6,0,7 40 41,1,70,,294324,6,0,7 40 41,1,7,,294325,6,,,1,11,,294326,6,0,7 40 41,1,10,,294327,6,,,1,65,,294329,6,,,1,5,,294328,6,0,7 40 41,1,20,,294331,6,,,1,10,,294330,6,0,7 40 41,1,75,,294332,6,0,7 40 41,1,15,,294333,6,,,1,90,,294334,6,,,1
4101,'20261021',516,,294335,6,,,1,95,,294337,6,,,1,25,,294338,6,,,1,77,,294340,6,,,1,30,,294341,6,,,1,70,,294342,6,,,1,30,,294343,6,,,1,73,,294344,6,,,1,35,,294345,6,,,1,75,,294346,6,,,1,75,,294347,6,,,1,30,,294349,6,,,1,5,,294348,6,0,7 40 41,1,65,,294351,6,,,1,5,,294350,6,0,7 40 41,1,25,,294352,6,0,7 40 41,1,20,,294355,6,,,1,5,,294354,6,0,7 40 41,1,55,,294357,6,,,1,10,,294356,6,0,7 40 41,1,25,,294358,6,0,7 40 41,1,57,,294361,6,,,1,13,,294360,6,0,7 40 41,1,26,,294363,6,0,7 40 41,1,66,,294365,6,0,7 40 41,1,5,,294367,6,,,1,30,,294370,6,,,1,15,,294368,6,0,7 40 41,1,48,,294372,2,0,57 40 41,1,17,,294375,6,,,1,13,,294374,6,0,7 40 41,1,5,,294377,2,0,57 40 41,1,15,,294379,6,,,1,50,,294378,6,0,7 40 41,1,5,,294380,2,0,57 40 41,1,15,,294382,6,,,1,10,,294381,6,0,7 40 41,1,65,,294385,6,,,1,5,,294384,6,0,7 40 41,1,35,,294388,6,,,1,8,,294387,6,0,7 40 41,1,70,,294389,6,0,7 40 41,1,7,,294390,6,,,1,11,,294391,6,0,7 40 41,1,10,,294392,6,,,1,65,,294394,6,,,1,5,,294393,6,0,7 40 41,1,20,,294396,6,,,1,10,,294395,6,0,7 40 41,1,75,,294397,6,0,7 40 41,1,15,,294398,6,,,1,90,,294399,6,,,1
4101,'20261022',516,,294400,6,,,1,95,,294402,6,,,1,25,,294403,6,,,1,77,,294405,6,,,1,30,,294406,6,,,1,70,,294407,6,,,1,30,,294408,6,,,1,73,,294409,6,,,1,35,,294410,6,,,1,75,,294411,6,,,1,75,,294412,6,,,1,30,,294414,6,,,1,5,,294413,6,0,7 40 41,1,65,,294416,6,,,1,5,,294415,6,0,7 40 41,1,25,,294417,6,0,7 40 41,1,20,,294420,6,,,1,5,,294419,6,0,7 40 41,1,55,,294422,6,,,1,10,,294421,6,0,7 40 41,1,25,,294423,6,0,7 40 41,1,57,,294426,6,,,1,13,,294425,6,0,7 40 41,1,26,,294428,6,0,7 40 41,1,66,,294430,6,0,7 40 41,1,5,,294432,6,,,1,30,,294435,6,,,1,15,,294433,6,0,7 40 41,1,48,,294437,2,0,57 40 41,1,17,,294440,6,,,1,13,,294439,6,0,7 40 41,1,5,,294442,2,0,57 40 41,1,15,,294444,6,,,1,50,,294443,6,0,7 40 41,1,5,,294445,2,0,57 40 41,1,15,,294447,6,,,1,10,,294446,6,0,7 40 41,1,65,,294450,6,,,1,5,,294449,6,0,7 40 41,1,35,,294453,6,,,1,8,,294452,6,0,7 40 41,1,70,,294454,6,0,7 40 41,1,7,,294455,6,,,1,11,,294456,6,0,7 40 41,1,10,,294457,6,,,1,65,,294459,6,,,1,5,,294458,6,0,7 40 41,1,20,,294461,6,,,1,10,,294460,6,0,7 40 41,1,75,,294462,6,0,7 40 41,1,15,,294463,6,,,1,90,,294464,6,,,1
4101,'20261023',516,,294465,6,,,1,95,,294467,6,,,1,25,,294468,6,,,1,77,,294470,6,,,1,30,,294471,6,,,1,70,,294472,6,,,1,30,,294473,6,,,1,73,,294474,6,,,1,35,,294475,6,,,1,75,,294476,6,,,1,75,,294477,6,,,1,30,,294479,6,,,1,5,,294478,6,0,7 40 41,1,65,,294481,6,,,1,5,,294480,6,0,7 40 41,1,25,,294482,6,0,7 40 41,1,20,,294485,6,,,1,5,,294484,6,0,7 40 41,1,55,,294487,6,,,1,10,,294486,6,0,7 40 41,1,25,,294488,6,0,7 40 41,1,57,,294491,6,,,1,13,,294490,6,0,7 40 41,1,26,,294493,6,0,7 40 41,1,66,,294495,6,0,7 40 41,1,5,,294497,6,,,1,30,,294500,6,,,1,15,,294498,6,0,7 40 41,1,48,,294502,2,0,57 40 41,1,17,,294505,6,,,1,13,,294504,6,0,7 40 41,1,5,,294507,2,0,57 40 41,1,15,,294509,6,,,1,50,,294508,6,0,7 40 41,1,5,,294510,2,0,57 40 41,1,15,,294512,6,,,1,10,,294511,6,0,7 40 41,1,65,,294515,6,,,1,5,,294514,6,0,7 40 41,1,35,,294518,6,,,1,8,,294517,6,0,7 40 41,1,70,,294519,6,0,7 40 41,1,7,,294520,6,,,1,11,,294521,6,0,7 40 41,1,10,,294522,6,,,1,65,,294524,6,,,1,5,,294523,6,0,7 40 41,1,20,,294526,6,,,1,10,,294525,6,0,7 40 41,1,75,,294527,6,0,7 40 41,1,15,,294528,6,,,1,90,,294529,6,,,1
4101,'20261026',516,,294530,6,,,1,95,,294532,6,,,1,25,,294533,6,,,1,77,,294535,6,,,1,30,,294536,6,,,1,70,,294537,6,,,1,30,,294538,6,,,1,73,,294539,6,,,1,35,,294540,6,,,1,75,,294541,6,,,1,75,,294542,6,,,1,30,,294544,6,,,1,5,,294543,6,0,7 40 41,1,65,,294546,6,,,1,5,,294545,6,0,7 40 41,1,25,,294547,6,0,7 40 41,1,20,,294550,6,,,1,5,,294549,6,0,7 40 41,1,55,,294552,6,,,1,10,,294551,6,0,7 40 41,1,25,,294553,6,0,7 40 41,1,57,,294556,6,,,1,13,,294555,6,0,7 40 41,1,26,,294558,6,0,7 40 41,1,66,,294560,6,0,7 40 41,1,5,,294562,6,,,1,30,,294565,6,,,1,15,,294563,6,0,7 40 41,1,48,,294567,2,0,57 40 41,1,17,,294570,6,,,1,13,,294569,6,0,7 40 41,1,5,,294572,2,0,57 40 41,1,15,,294574,6,,,1,50,,294573,6,0,7 40 41,1,5,,294575,2,0,57 40 41,1,15,,294577,6,,,1,10,,294576,6,0,7 40 41,1,65,,294580,6,,,1,5,,294579,6,0,7 40 41,1,35,,294583,6,,,1,8,,294582,6,0,7 40 41,1,70,,294584,6,0,7 40 41,1,7,,294585,6,,,1,11,,294586,6,0,7 40 41,1,10,,294587,6,,,1,65,,294589,6,,,1,5,,294588,6,0,7 40 41,1,20,,294591,6,,,1,10,,294590,6,0,7 40 41,1,75,,294592,6,0,7 40 41,1,15,,294593,6,,,1,90,,294594,6,,,1
4101,'20261027',516,,294595,6,,,1,95,,294597,6,,,1,25,,294598,6,,,1,77,,294600,6,,,1,30,,294601,6,,,1,70,,294602,6,,,1,30,,294603,6,,,1,73,,294604,6,,,1,35,,294605,6,,,1,75,,294606,6,,,1,75,,294607,6,,,1,30,,294609,6,,,1,5,,294608,6,0,7 40 41,1,65,,294611,6,,,1,5,,294610,6,0,7 40 41,1,25,,294612,6,0,7 40 41,1,20,,294615,6,,,1,5,,294614,6,0,7 40 41,1,55,,294617,6,,,1,10,,294616,6,0,7 40 41,1,25,,294618,6,0,7 40 41,1,57,,294621,6,,,1,13,,294620,6,0,7 40 41,1,26,,294623,6,0,7 40 41,1,66,,294625,6,0,7 40 41,1,5,,294627,6,,,1,30,,294630,6,,,1,15,,294628,6,0,7 40 41,1,48,,294632,2,0,57 40 41,1,17,,294635,6,,,1,13,,294634,6,0,7 40 41,1,5,,294637,2,0,57 40 41,1,15,,294639,6,,,1,50,,294638,6,0,7 40 41,1,5,,294640,2,0,57 40 41,1,15,,294642,6,,,1,10,,294641,6,0,7 40 41,1,65,,294645,6,,,1,5,,294644,6,0,7 40 41,1,35,,294648,6,,,1,8,,294647,6,0,7 40 41,1,70,,294649,6,0,7 40 41,1,7,,294650,6,,,1,11,,294651,6,0,7 40 41,1,10,,294652,6,,,1,65,,294654,6,,,1,5,,294653,6,0,7 40 41,1,20,,294656,6,,,1,10,,294655,6,0,7 40 41,1,75,,294657,6,0,7 40 41,1,15,,294658,6,,,1,90,,294659,6,,,1
4101,'20261028',516,,294660,6,,,1,95,,294662,6,,,1,25,,294663,6,,,1,77,,294665,6,,,1,30,,294666,6,,,1,70,,294667,6,,,1,30,,294668,6,,,1,73,,294669,6,,,1,35,,294670,6,,,1,75,,294671,6,,,1,75,,294672,6,,,1,30,,294674,6,,,1,5,,294673,6,0,7 40 41,1,65,,294676,6,,,1,5,,294675,6,0,7 40 41,1,25,,294677,6,0,7 40 41,1,20,,294680,6,,,1,5,,294679,6,0,7 40 41,1,55,,294682,6,,,1,10,,294681,6,0,7 40 41,1,25,,294683,6,0,7 40 41,1,57,,294686,6,,,1,13,,294685,6,0,7 40 41,1,26,,294688,6,0,7 40 41,1,66,,294690,6,0,7 40 41,1,5,,294692,6,,,1,30,,294695,6,,,1,15,,294693,6,0,7 40 41,1,48,,294697,2,0,57 40 41,1,17,,294700,6,,,1,13,,294699,6,0,7 40 41,1,5,,294702,2,0,57 40 41,1,15,,294704,6,,,1,50,,294703,6,0,7 40 41,1,5,,294705,2,0,57 40 41,1,15,,294707,6,,,1,10,,294706,6,0,7 40 41,1,65,,294710,6,,,1,5,,294709,6,0,7 40 41,1,35,,294713,6,,,1,8,,294712,6,0,7 40 41,1,70,,294714,6,0,7 40 41,1,7,,294715,6,,,1,11,,294716,6,0,7 40 41,1,10,,294717,6,,,1,65,,294719,6,,,1,5,,294718,6,0,7 40 41,1,20,,294721,6,,,1,10,,294720,6,0,7 40 41,1,75,,294722,6,0,7 40 41,1,15,,294723,6,,,1,90,,294724,6,,,1
4101,'20261029',516,,294725,6,,,1,95,,294727,6,,,1,25,,294728,6,,,1,77,,294730,6,,,1,30,,294731,6,,,1,70,,294732,6,,,1,30,,294733,6,,,1,73,,294734,6,,,1,35,,294735,6,,,1,75,,294736,6,,,1,75,,294737,6,,,1,30,,294739,6,,,1,5,,294738,6,0,7 40 41,1,65,,294741,6,,,1,5,,294740,6,0,7 40 41,1,25,,294742,6,0,7 40 41,1,20,,294745,6,,,1,5,,294744,6,0,7 40 41,1,55,,294747,6,,,1,10,,294746,6,0,7 40 41,1,25,,294748,6,0,7 40 41,1,57,,294751,6,,,1,13,,294750,6,0,7 40 41,1,26,,294753,6,0,7 40 41,1,66,,294755,6,0,7 40 41,1,5,,294757,6,,,1,30,,294760,6,,,1,15,,294758,6,0,7 40 41,1,48,,294762,2,0,57 40 41,1,17,,294765,6,,,1,13,,294764,6,0,7 40 41,1,5,,294767,2,0,57 40 41,1,15,,294769,6,,,1,50,,294768,6,0,7 40 41,1,5,,294770,2,0,57 40 41,1,15,,294772,6,,,1,10,,294771,6,0,7 40 41,1,65,,294775,6,,,1,5,,294774,6,0,7 40 41,1,35,,294778,6,,,1,8,,294777,6,0,7 40 41,1,70,,294779,6,0,7 40 41,1,7,,294780,6,,,1,11,,294781,6,0,7 40 41,1,10,,294782,6,,,1,65,,294784,6,,,1,5,,294783,6,0,7 40 41,1,20,,294786,6,,,1,10,,294785,6,0,7 40 41,1,75,,294787,6,0,7 40 41,1,15,,294788,6,,,1,90,,294789,6,,,1
4101,'20261030',516,,294790,6,,,1,95,,294792,6,,,1,25,,294793,6,,,1,77,,294795,6,,,1,30,,294796,6,,,1,70,,294797,6,,,1,30,,294798,6,,,1,73,,294799,6,,,1,35,,294800,6,,,1,75,,294801,6,,,1,75,,294802,6,,,1,30,,294804,6,,,1,5,,294803,6,0,7 40 41,1,65,,294806,6,,,1,5,,294805,6,0,7 40 41,1,25,,294807,6,0,7 40 41,1,20,,294810,6,,,1,5,,294809,6,0,7 40 41,1,55,,294812,6,,,1,10,,294811,6,0,7 40 41,1,25,,294813,6,0,7 40 41,1,57,,294816,6,,,1,13,,294815,6,0,7 40 41,1,26,,294818,6,0,7 40 41,1,66,,294820,6,0,7 40 41,1,5,,294822,6,,,1,30,,294825,6,,,1,15,,294823,6,0,7 40 41,1,48,,294827,2,0,57 40 41,1,17,,294830,6,,,1,13,,294829,6,0,7 40 41,1,5,,294832,2,0,57 40 41,1,15,,294834,6,,,1,50,,294833,6,0,7 40 41,1,5,,294835,2,0,57 40 41,1,15,,294837,6,,,1,10,,294836,6,0,7 40 41,1,65,,294840,6,,,1,5,,294839,6,0,7 40 41,1,35,,294843,6,,,1,8,,294842,6,0,7 40 41,1,70,,294844,6,0,7 40 41,1,7,,294845,6,,,1,11,,294846,6,0,7 40 41,1,10,,294847,6,,,1,65,,294849,6,,,1,5,,294848,6,0,7 40 41,1,20,,294851,6,,,1,10,,294850,6,0,7 40 41,1,75,,294852,6,0,7 40 41,1,15,,294853,6,,,1,90,,294854,6,,,1
4101,'20261102',516,,294855,6,,,1,95,,294857,6,,,1,25,,294858,6,,,1,77,,294860,6,,,1,30,,294861,6,,,1,70,,294862,6,,,1,30,,294863,6,,,1,73,,294864,6,,,1,35,,294865,6,,,1,75,,294866,6,,,1,75,,294867,6,,,1,30,,294869,6,,,1,5,,294868,6,0,7 40 41,1,65,,294871,6,,,1,5,,294870,6,0,7 40 41,1,25,,294872,6,0,7 40 41,1,20,,294875,6,,,1,5,,294874,6,0,7 40 41,1,55,,294877,6,,,1,10,,294876,6,0,7 40 41,1,25,,294878,6,0,7 40 41,1,57,,294881,6,,,1,13,,294880,6,0,7 40 41,1,26,,294883,6,0,7 40 41,1,66,,294885,6,0,7 40 41,1,5,,294887,6,,,1,30,,294890,6,,,1,15,,294888,6,0,7 40 41,1,48,,294892,2,0,57 40 41,1,17,,294895,6,,,1,13,,294894,6,0,7 40 41,1,5,,294897,2,0,57 40 41,1,15,,294899,6,,,1,50,,294898,6,0,7 40 41,1,5,,294900,2,0,57 40 41,1,15,,294902,6,,,1,10,,294901,6,0,7 40 41,1,65,,294905,6,,,1,5,,294904,6,0,7 40 41,1,35,,294908,6,,,1,8,,294907,6,0,7 40 41,1,70,,294909,6,0,7 40 41,1,7,,294910,6,,,1,11,,294911,6,0,7 40 41,1,10,,294912,6,,,1,65,,294914,6,,,1,5,,294913,6,0,7 40 41,1,20,,294916,6,,,1,10,,294915,6,0,7 40 41,1,75,,294917,6,0,7 40 41,1,15,,294918,6,,,1,90,,294919,6,,,1
4101,'20261103',516,,294920,6,,,1,95,,294922,6,,,1,25,,294923,6,,,1,77,,294925,6,,,1,30,,294926,6,,,1,70,,294927,6,,,1,30,,294928,6,,,1,73,,294929,6,,,1,35,,294930,6,,,1,75,,294931,6,,,1,75,,294932,6,,,1,30,,294934,6,,,1,5,,294933,6,0,7 40 41,1,65,,294936,6,,,1,5,,294935,6,0,7 40 41,1,25,,294937,6,0,7 40 41,1,20,,294940,6,,,1,5,,294939,6,0,7 40 41,1,55,,294942,6,,,1,10,,294941,6,0,7 40 41,1,25,,294943,6,0,7 40 41,1,57,,294946,6,,,1,13,,294945,6,0,7 40 41,1,26,,294948,6,0,7 40 41,1,66,,294950,6,0,7 40 41,1,5,,294952,6,,,1,30,,294955,6,,,1,15,,294953,6,0,7 40 41,1,48,,294957,2,0,57 40 41,1,17,,294960,6,,,1,13,,294959,6,0,7 40 41,1,5,,294962,2,0,57 40 41,1,15,,294964,6,,,1,50,,294963,6,0,7 40 41,1,5,,294965,2,0,57 40 41,1,15,,294967,6,,,1,10,,294966,6,0,7 40 41,1,65,,294970,6,,,1,5,,294969,6,0,7 40 41,1,35,,294973,6,,,1,8,,294972,6,0,7 40 41,1,70,,294974,6,0,7 40 41,1,7,,294975,6,,,1,11,,294976,6,0,7 40 41,1,10,,294977,6,,,1,65,,294979,6,,,1,5,,294978,6,0,7 40 41,1,20,,294981,6,,,1,10,,294980,6,0,7 40 41,1,75,,294982,6,0,7 40 41,1,15,,294983,6,,,1,90,,294984,6,,,1
4101,'20261104',516,,294985,6,,,1,95,,294987,6,,,1,25,,294988,6,,,1,77,,294990,6,,,1,30,,294991,6,,,1,70,,294992,6,,,1,30,,294993,6,,,1,73,,294994,6,,,1,35,,294995,6,,,1,75,,294996,6,,,1,75,,294997,6,,,1,30,,294999,6,,,1,5,,294998,6,0,7 40 41,1,65,,295001,6,,,1,5,,295000,6,0,7 40 41,1,25,,295002,6,0,7 40 41,1,20,,295005,6,,,1,5,,295004,6,0,7 40 41,1,55,,295007,6,,,1,10,,295006,6,0,7 40 41,1,25,,295008,6,0,7 40 41,1,57,,295011,6,,,1,13,,295010,6,0,7 40 41,1,26,,295013,6,0,7 40 41,1,66,,295015,6,0,7 40 41,1,5,,295017,6,,,1,30,,295020,6,,,1,15,,295018,6,0,7 40 41,1,48,,295022,2,0,57 40 41,1,17,,295025,6,,,1,13,,295024,6,0,7 40 41,1,5,,295027,2,0,57 40 41,1,15,,295029,6,,,1,50,,295028,6,0,7 40 41,1,5,,295030,2,0,57 40 41,1,15,,295032,6,,,1,10,,295031,6,0,7 40 41,1,65,,295035,6,,,1,5,,295034,6,0,7 40 41,1,35,,295038,6,,,1,8,,295037,6,0,7 40 41,1,70,,295039,6,0,7 40 41,1,7,,295040,6,,,1,11,,295041,6,0,7 40 41,1,10,,295042,6,,,1,65,,295044,6,,,1,5,,295043,6,0,7 40 41,1,20,,295046,6,,,1,10,,295045,6,0,7 40 41,1,75,,295047,6,0,7 40 41,1,15,,295048,6,,,1,90,,295049,6,,,1
4101,'20261105',516,,295050,6,,,1,95,,295052,6,,,1,25,,295053,6,,,1,77,,295055,6,,,1,30,,295056,6,,,1,70,,295057,6,,,1,30,,295058,6,,,1,73,,295059,6,,,1,35,,295060,6,,,1,75,,295061,6,,,1,75,,295062,6,,,1,30,,295064,6,,,1,5,,295063,6,0,7 40 41,1,65,,295066,6,,,1,5,,295065,6,0,7 40 41,1,25,,295067,6,0,7 40 41,1,20,,295070,6,,,1,5,,295069,6,0,7 40 41,1,55,,295072,6,,,1,10,,295071,6,0,7 40 41,1,25,,295073,6,0,7 40 41,1,57,,295076,6,,,1,13,,295075,6,0,7 40 41,1,26,,295078,6,0,7 40 41,1,66,,295080,6,0,7 40 41,1,5,,295082,6,,,1,30,,295085,6,,,1,15,,295083,6,0,7 40 41,1,48,,295087,2,0,57 40 41,1,17,,295090,6,,,1,13,,295089,6,0,7 40 41,1,5,,295092,2,0,57 40 41,1,15,,295094,6,,,1,50,,295093,6,0,7 40 41,1,5,,295095,2,0,57 40 41,1,15,,295097,6,,,1,10,,295096,6,0,7 40 41,1,65,,295100,6,,,1,5,,295099,6,0,7 40 41,1,35,,295103,6,,,1,8,,295102,6,0,7 40 41,1,70,,295104,6,0,7 40 41,1,7,,295105,6,,,1,11,,295106,6,0,7 40 41,1,10,,295107,6,,,1,65,,295109,6,,,1,5,,295108,6,0,7 40 41,1,20,,295111,6,,,1,10,,295110,6,0,7 40 41,1,75,,295112,6,0,7 40 41,1,15,,295113,6,,,1,90,,295114,6,,,1
4101,'20261106',516,,295115,6,,,1,95,,295117,6,,,1,25,,295118,6,,,1,77,,295120,6,,,1,30,,295121,6,,,1,70,,295122,6,,,1,30,,295123,6,,,1,73,,295124,6,,,1,35,,295125,6,,,1,75,,295126,6,,,1,75,,295127,6,,,1,30,,295129,6,,,1,5,,295128,6,0,7 40 41,1,65,,295131,6,,,1,5,,295130,6,0,7 40 41,1,25,,295132,6,0,7 40 41,1,20,,295135,6,,,1,5,,295134,6,0,7 40 41,1,55,,295137,6,,,1,10,,295136,6,0,7 40 41,1,25,,295138,6,0,7 40 41,1,57,,295141,6,,,1,13,,295140,6,0,7 40 41,1,26,,295143,6,0,7 40 41,1,66,,295145,6,0,7 40 41,1,5,,295147,6,,,1,30,,295150,6,,,1,15,,295148,6,0,7 40 41,1,48,,295152,2,0,57 40 41,1,17,,295155,6,,,1,13,,295154,6,0,7 40 41,1,5,,295157,2,0,57 40 41,1,15,,295159,6,,,1,50,,295158,6,0,7 40 41,1,5,,295160,2,0,57 40 41,1,15,,295162,6,,,1,10,,295161,6,0,7 40 41,1,65,,295165,6,,,1,5,,295164,6,0,7 40 41,1,35,,295168,6,,,1,8,,295167,6,0,7 40 41,1,70,,295169,6,0,7 40 41,1,7,,295170,6,,,1,11,,295171,6,0,7 40 41,1,10,,295172,6,,,1,65,,295174,6,,,1,5,,295173,6,0,7 40 41,1,20,,295176,6,,,1,10,,295175,6,0,7 40 41,1,75,,295177,6,0,7 40 41,1,15,,295178,6,,,1,90,,295179,6,,,1
4101,'20261109',516,,295180,6,,,1,95,,295182,6,,,1,25,,295183,6,,,1,77,,295185,6,,,1,30,,295186,6,,,1,70,,295187,6,,,1,30,,295188,6,,,1,73,,295189,6,,,1,35,,295190,6,,,1,75,,295191,6,,,1,75,,295192,6,,,1,30,,295194,6,,,1,5,,295193,6,0,7 40 41,1,65,,295196,6,,,1,5,,295195,6,0,7 40 41,1,25,,295197,6,0,7 40 41,1,20,,295200,6,,,1,5,,295199,6,0,7 40 41,1,55,,295202,6,,,1,10,,295201,6,0,7 40 41,1,25,,295203,6,0,7 40 41,1,57,,295206,6,,,1,13,,295205,6,0,7 40 41,1,26,,295208,6,0,7 40 41,1,66,,295210,6,0,7 40 41,1,5,,295212,6,,,1,30,,295215,6,,,1,15,,295213,6,0,7 40 41,1,48,,295217,2,0,57 40 41,1,17,,295220,6,,,1,13,,295219,6,0,7 40 41,1,5,,295222,2,0,57 40 41,1,15,,295224,6,,,1,50,,295223,6,0,7 40 41,1,5,,295225,2,0,57 40 41,1,15,,295227,6,,,1,10,,295226,6,0,7 40 41,1,65,,295230,6,,,1,5,,295229,6,0,7 40 41,1,35,,295233,6,,,1,8,,295232,6,0,7 40 41,1,70,,295234,6,0,7 40 41,1,7,,295235,6,,,1,11,,295236,6,0,7 40 41,1,10,,295237,6,,,1,65,,295239,6,,,1,5,,295238,6,0,7 40 41,1,20,,295241,6,,,1,10,,295240,6,0,7 40 41,1,75,,295242,6,0,7 40 41,1,15,,295243,6,,,1,90,,295244,6,,,1
4101,'20261110',516,,295245,6,,,1,95,,295247,6,,,1,25,,295248,6,,,1,77,,295250,6,,,1,30,,295251,6,,,1,70,,295252,6,,,1,30,,295253,6,,,1,73,,295254,6,,,1,35,,295255,6,,,1,75,,295256,6,,,1,75,,295257,6,,,1,30,,295259,6,,,1,5,,295258,6,0,7 40 41,1,65,,295261,6,,,1,5,,295260,6,0,7 40 41,1,25,,295262,6,0,7 40 41,1,20,,295265,6,,,1,5,,295264,6,0,7 40 41,1,55,,295267,6,,,1,10,,295266,6,0,7 40 41,1,25,,295268,6,0,7 40 41,1,57,,295271,6,,,1,13,,295270,6,0,7 40 41,1,26,,295273,6,0,7 40 41,1,66,,295275,6,0,7 40 41,1,5,,295277,6,,,1,30,,295280,6,,,1,15,,295278,6,0,7 40 41,1,48,,295282,2,0,57 40 41,1,17,,295285,6,,,1,13,,295284,6,0,7 40 41,1,5,,295287,2,0,57 40 41,1,15,,295289,6,,,1,50,,295288,6,0,7 40 41,1,5,,295290,2,0,57 40 41,1,15,,295292,6,,,1,10,,295291,6,0,7 40 41,1,65,,295295,6,,,1,5,,295294,6,0,7 40 41,1,35,,295298,6,,,1,8,,295297,6,0,7 40 41,1,70,,295299,6,0,7 40 41,1,7,,295300,6,,,1,11,,295301,6,0,7 40 41,1,10,,295302,6,,,1,65,,295304,6,,,1,5,,295303,6,0,7 40 41,1,20,,295306,6,,,1,10,,295305,6,0,7 40 41,1,75,,295307,6,0,7 40 41,1,15,,295308,6,,,1,90,,295309,6,,,1
4101,'20261111',516,,295310,6,,,1,95,,295312,6,,,1,25,,295313,6,,,1,77,,295315,6,,,1,30,,295316,6,,,1,70,,295317,6,,,1,30,,295318,6,,,1,73,,295319,6,,,1,35,,295320,6,,,1,75,,295321,6,,,1,75,,295322,6,,,1,30,,295324,6,,,1,5,,295323,6,0,7 40 41,1,65,,295326,6,,,1,5,,295325,6,0,7 40 41,1,25,,295327,6,0,7 40 41,1,20,,295330,6,,,1,5,,295329,6,0,7 40 41,1,55,,295332,6,,,1,10,,295331,6,0,7 40 41,1,25,,295333,6,0,7 40 41,1,57,,295336,6,,,1,13,,295335,6,0,7 40 41,1,26,,295338,6,0,7 40 41,1,66,,295340,6,0,7 40 41,1,5,,295342,6,,,1,30,,295345,6,,,1,15,,295343,6,0,7 40 41,1,48,,295347,2,0,57 40 41,1,17,,295350,6,,,1,13,,295349,6,0,7 40 41,1,5,,295352,2,0,57 40 41,1,15,,295354,6,,,1,50,,295353,6,0,7 40 41,1,5,,295355,2,0,57 40 41,1,15,,295357,6,,,1,10,,295356,6,0,7 40 41,1,65,,295360,6,,,1,5,,295359,6,0,7 40 41,1,35,,295363,6,,,1,8,,295362,6,0,7 40 41,1,70,,295364,6,0,7 40 41,1,7,,295365,6,,,1,11,,295366,6,0,7 40 41,1,10,,295367,6,,,1,65,,295369,6,,,1,5,,295368,6,0,7 40 41,1,20,,295371,6,,,1,10,,295370,6,0,7 40 41,1,75,,295372,6,0,7 40 41,1,15,,295373,6,,,1,90,,295374,6,,,1
4101,'20261112',516,,295375,6,,,1,95,,295377,6,,,1,25,,295378,6,,,1,77,,295380,6,,,1,30,,295381,6,,,1,70,,295382,6,,,1,30,,295383,6,,,1,73,,295384,6,,,1,35,,295385,6,,,1,75,,295386,6,,,1,75,,295387,6,,,1,30,,295389,6,,,1,5,,295388,6,0,7 40 41,1,65,,295391,6,,,1,5,,295390,6,0,7 40 41,1,25,,295392,6,0,7 40 41,1,20,,295395,6,,,1,5,,295394,6,0,7 40 41,1,55,,295397,6,,,1,10,,295396,6,0,7 40 41,1,25,,295398,6,0,7 40 41,1,57,,295401,6,,,1,13,,295400,6,0,7 40 41,1,26,,295403,6,0,7 40 41,1,66,,295405,6,0,7 40 41,1,5,,295407,6,,,1,30,,295410,6,,,1,15,,295408,6,0,7 40 41,1,48,,295412,2,0,57 40 41,1,17,,295415,6,,,1,13,,295414,6,0,7 40 41,1,5,,295417,2,0,57 40 41,1,15,,295419,6,,,1,50,,295418,6,0,7 40 41,1,5,,295420,2,0,57 40 41,1,15,,295422,6,,,1,10,,295421,6,0,7 40 41,1,65,,295425,6,,,1,5,,295424,6,0,7 40 41,1,35,,295428,6,,,1,8,,295427,6,0,7 40 41,1,70,,295429,6,0,7 40 41,1,7,,295430,6,,,1,11,,295431,6,0,7 40 41,1,10,,295432,6,,,1,65,,295434,6,,,1,5,,295433,6,0,7 40 41,1,20,,295436,6,,,1,10,,295435,6,0,7 40 41,1,75,,295437,6,0,7 40 41,1,15,,295438,6,,,1,90,,295439,6,,,1
4101,'20261113',516,,295440,6,,,1,95,,295442,6,,,1,25,,295443,6,,,1,77,,295445,6,,,1,30,,295446,6,,,1,70,,295447,6,,,1,30,,295448,6,,,1,73,,295449,6,,,1,35,,295450,6,,,1,75,,295451,6,,,1,75,,295452,6,,,1,30,,295454,6,,,1,5,,295453,6,0,7 40 41,1,65,,295456,6,,,1,5,,295455,6,0,7 40 41,1,25,,295457,6,0,7 40 41,1,20,,295460,6,,,1,5,,295459,6,0,7 40 41,1,55,,295462,6,,,1,10,,295461,6,0,7 40 41,1,25,,295463,6,0,7 40 41,1,57,,295466,6,,,1,13,,295465,6,0,7 40 41,1,26,,295468,6,0,7 40 41,1,66,,295470,6,0,7 40 41,1,5,,295472,6,,,1,30,,295475,6,,,1,15,,295473,6,0,7 40 41,1,48,,295477,2,0,57 40 41,1,17,,295480,6,,,1,13,,295479,6,0,7 40 41,1,5,,295482,2,0,57 40 41,1,15,,295484,6,,,1,50,,295483,6,0,7 40 41,1,5,,295485,2,0,57 40 41,1,15,,295487,6,,,1,10,,295486,6,0,7 40 41,1,65,,295490,6,,,1,5,,295489,6,0,7 40 41,1,35,,295493,6,,,1,8,,295492,6,0,7 40 41,1,70,,295494,6,0,7 40 41,1,7,,295495,6,,,1,11,,295496,6,0,7 40 41,1,10,,295497,6,,,1,65,,295499,6,,,1,5,,295498,6,0,7 40 41,1,20,,295501,6,,,1,10,,295500,6,0,7 40 41,1,75,,295502,6,0,7 40 41,1,15,,295503,6,,,1,90,,295504,6,,,1
4101,'20261116',516,,295505,6,,,1,95,,295507,6,,,1,25,,295508,6,,,1,77,,295510,6,,,1,30,,295511,6,,,1,70,,295512,6,,,1,30,,295513,6,,,1,73,,295514,6,,,1,35,,295515,6,,,1,75,,295516,6,,,1,75,,295517,6,,,1,30,,295519,6,,,1,5,,295518,6,0,7 40 41,1,65,,295521,6,,,1,5,,295520,6,0,7 40 41,1,25,,295522,6,0,7 40 41,1,20,,295525,6,,,1,5,,295524,6,0,7 40 41,1,55,,295527,6,,,1,10,,295526,6,0,7 40 41,1,25,,295528,6,0,7 40 41,1,57,,295531,6,,,1,13,,295530,6,0,7 40 41,1,26,,295533,6,0,7 40 41,1,66,,295535,6,0,7 40 41,1,5,,295537,6,,,1,30,,295540,6,,,1,15,,295538,6,0,7 40 41,1,48,,295542,2,0,57 40 41,1,17,,295545,6,,,1,13,,295544,6,0,7 40 41,1,5,,295547,2,0,57 40 41,1,15,,295549,6,,,1,50,,295548,6,0,7 40 41,1,5,,295550,2,0,57 40 41,1,15,,295552,6,,,1,10,,295551,6,0,7 40 41,1,65,,295555,6,,,1,5,,295554,6,0,7 40 41,1,35,,295558,6,,,1,8,,295557,6,0,7 40 41,1,70,,295559,6,0,7 40 41,1,7,,295560,6,,,1,11,,295561,6,0,7 40 41,1,10,,295562,6,,,1,65,,295564,6,,,1,5,,295563,6,0,7 40 41,1,20,,295566,6,,,1,10,,295565,6,0,7 40 41,1,75,,295567,6,0,7 40 41,1,15,,295568,6,,,1,90,,295569,6,,,1
4101,'20261117',516,,295570,6,,,1,95,,295572,6,,,1,25,,295573,6,,,1,77,,295575,6,,,1,30,,295576,6,,,1,70,,295577,6,,,1,30,,295578,6,,,1,73,,295579,6,,,1,35,,295580,6,,,1,75,,295581,6,,,1,75,,295582,6,,,1,30,,295584,6,,,1,5,,295583,6,0,7 40 41,1,65,,295586,6,,,1,5,,295585,6,0,7 40 41,1,25,,295587,6,0,7 40 41,1,20,,295590,6,,,1,5,,295589,6,0,7 40 41,1,55,,295592,6,,,1,10,,295591,6,0,7 40 41,1,25,,295593,6,0,7 40 41,1,57,,295596,6,,,1,13,,295595,6,0,7 40 41,1,26,,295598,6,0,7 40 41,1,66,,295600,6,0,7 40 41,1,5,,295602,6,,,1,30,,295605,6,,,1,15,,295603,6,0,7 40 41,1,48,,295607,2,0,57 40 41,1,17,,295610,6,,,1,13,,295609,6,0,7 40 41,1,5,,295612,2,0,57 40 41,1,15,,295614,6,,,1,50,,295613,6,0,7 40 41,1,5,,295615,2,0,57 40 41,1,15,,295617,6,,,1,10,,295616,6,0,7 40 41,1,65,,295620,6,,,1,5,,295619,6,0,7 40 41,1,35,,295623,6,,,1,8,,295622,6,0,7 40 41,1,70,,295624,6,0,7 40 41,1,7,,295625,6,,,1,11,,295626,6,0,7 40 41,1,10,,295627,6,,,1,65,,295629,6,,,1,5,,295628,6,0,7 40 41,1,20,,295631,6,,,1,10,,295630,6,0,7 40 41,1,75,,295632,6,0,7 40 41,1,15,,295633,6,,,1,90,,295634,6,,,1
4101,'20261118',516,,295635,6,,,1,95,,295637,6,,,1,25,,295638,6,,,1,77,,295640,6,,,1,30,,295641,6,,,1,70,,295642,6,,,1,30,,295643,6,,,1,73,,295644,6,,,1,35,,295645,6,,,1,75,,295646,6,,,1,75,,295647,6,,,1,30,,295649,6,,,1,5,,295648,6,0,7 40 41,1,65,,295651,6,,,1,5,,295650,6,0,7 40 41,1,25,,295652,6,0,7 40 41,1,20,,295655,6,,,1,5,,295654,6,0,7 40 41,1,55,,295657,6,,,1,10,,295656,6,0,7 40 41,1,25,,295658,6,0,7 40 41,1,57,,295661,6,,,1,13,,295660,6,0,7 40 41,1,26,,295663,6,0,7 40 41,1,66,,295665,6,0,7 40 41,1,5,,295667,6,,,1,30,,295670,6,,,1,15,,295668,6,0,7 40 41,1,48,,295672,2,0,57 40 41,1,17,,295675,6,,,1,13,,295674,6,0,7 40 41,1,5,,295677,2,0,57 40 41,1,15,,295679,6,,,1,50,,295678,6,0,7 40 41,1,5,,295680,2,0,57 40 41,1,15,,295682,6,,,1,10,,295681,6,0,7 40 41,1,65,,295685,6,,,1,5,,295684,6,0,7 40 41,1,35,,295688,6,,,1,8,,295687,6,0,7 40 41,1,70,,295689,6,0,7 40 41,1,7,,295690,6,,,1,11,,295691,6,0,7 40 41,1,10,,295692,6,,,1,65,,295694,6,,,1,5,,295693,6,0,7 40 41,1,20,,295696,6,,,1,10,,295695,6,0,7 40 41,1,75,,295697,6,0,7 40 41,1,15,,295698,6,,,1,90,,295699,6,,,1
4101,'20261119',516,,295700,6,,,1,95,,295702,6,,,1,25,,295703,6,,,1,77,,295705,6,,,1,30,,295706,6,,,1,70,,295707,6,,,1,30,,295708,6,,,1,73,,295709,6,,,1,35,,295710,6,,,1,75,,295711,6,,,1,75,,295712,6,,,1,30,,295714,6,,,1,5,,295713,6,0,7 40 41,1,65,,295716,6,,,1,5,,295715,6,0,7 40 41,1,25,,295717,6,0,7 40 41,1,20,,295720,6,,,1,5,,295719,6,0,7 40 41,1,55,,295722,6,,,1,10,,295721,6,0,7 40 41,1,25,,295723,6,0,7 40 41,1,57,,295726,6,,,1,13,,295725,6,0,7 40 41,1,26,,295728,6,0,7 40 41,1,66,,295730,6,0,7 40 41,1,5,,295732,6,,,1,30,,295735,6,,,1,15,,295733,6,0,7 40 41,1,48,,295737,2,0,57 40 41,1,17,,295740,6,,,1,13,,295739,6,0,7 40 41,1,5,,295742,2,0,57 40 41,1,15,,295744,6,,,1,50,,295743,6,0,7 40 41,1,5,,295745,2,0,57 40 41,1,15,,295747,6,,,1,10,,295746,6,0,7 40 41,1,65,,295750,6,,,1,5,,295749,6,0,7 40 41,1,35,,295753,6,,,1,8,,295752,6,0,7 40 41,1,70,,295754,6,0,7 40 41,1,7,,295755,6,,,1,11,,295756,6,0,7 40 41,1,10,,295757,6,,,1,65,,295759,6,,,1,5,,295758,6,0,7 40 41,1,20,,295761,6,,,1,10,,295760,6,0,7 40 41,1,75,,295762,6,0,7 40 41,1,15,,295763,6,,,1,90,,295764,6,,,1
4101,'20261120',516,,295765,6,,,1,95,,295767,6,,,1,25,,295768,6,,,1,77,,295770,6,,,1,30,,295771,6,,,1,70,,295772,6,,,1,30,,295773,6,,,1,73,,295774,6,,,1,35,,295775,6,,,1,75,,295776,6,,,1,75,,295777,6,,,1,30,,295779,6,,,1,5,,295778,6,0,7 40 41,1,65,,295781,6,,,1,5,,295780,6,0,7 40 41,1,25,,295782,6,0,7 40 41,1,20,,295785,6,,,1,5,,295784,6,0,7 40 41,1,55,,295787,6,,,1,10,,295786,6,0,7 40 41,1,25,,295788,6,0,7 40 41,1,57,,295791,6,,,1,13,,295790,6,0,7 40 41,1,26,,295793,6,0,7 40 41,1,66,,295795,6,0,7 40 41,1,5,,295797,6,,,1,30,,295800,6,,,1,15,,295798,6,0,7 40 41,1,48,,295802,2,0,57 40 41,1,17,,295805,6,,,1,13,,295804,6,0,7 40 41,1,5,,295807,2,0,57 40 41,1,15,,295809,6,,,1,50,,295808,6,0,7 40 41,1,5,,295810,2,0,57 40 41,1,15,,295812,6,,,1,10,,295811,6,0,7 40 41,1,65,,295815,6,,,1,5,,295814,6,0,7 40 41,1,35,,295818,6,,,1,8,,295817,6,0,7 40 41,1,70,,295819,6,0,7 40 41,1,7,,295820,6,,,1,11,,295821,6,0,7 40 41,1,10,,295822,6,,,1,65,,295824,6,,,1,5,,295823,6,0,7 40 41,1,20,,295826,6,,,1,10,,295825,6,0,7 40 41,1,75,,295827,6,0,7 40 41,1,15,,295828,6,,,1,90,,295829,6,,,1
4101,'20261123',516,,295830,6,,,1,95,,295832,6,,,1,25,,295833,6,,,1,77,,295835,6,,,1,30,,295836,6,,,1,70,,295837,6,,,1,30,,295838,6,,,1,73,,295839,6,,,1,35,,295840,6,,,1,75,,295841,6,,,1,75,,295842,6,,,1,30,,295844,6,,,1,5,,295843,6,0,7 40 41,1,65,,295846,6,,,1,5,,295845,6,0,7 40 41,1,25,,295847,6,0,7 40 41,1,20,,295850,6,,,1,5,,295849,6,0,7 40 41,1,55,,295852,6,,,1,10,,295851,6,0,7 40 41,1,25,,295853,6,0,7 40 41,1,57,,295856,6,,,1,13,,295855,6,0,7 40 41,1,26,,295858,6,0,7 40 41,1,66,,295860,6,0,7 40 41,1,5,,295862,6,,,1,30,,295865,6,,,1,15,,295863,6,0,7 40 41,1,48,,295867,2,0,57 40 41,1,17,,295870,6,,,1,13,,295869,6,0,7 40 41,1,5,,295872,2,0,57 40 41,1,15,,295874,6,,,1,50,,295873,6,0,7 40 41,1,5,,295875,2,0,57 40 41,1,15,,295877,6,,,1,10,,295876,6,0,7 40 41,1,65,,295880,6,,,1,5,,295879,6,0,7 40 41,1,35,,295883,6,,,1,8,,295882,6,0,7 40 41,1,70,,295884,6,0,7 40 41,1,7,,295885,6,,,1,11,,295886,6,0,7 40 41,1,10,,295887,6,,,1,65,,295889,6,,,1,5,,295888,6,0,7 40 41,1,20,,295891,6,,,1,10,,295890,6,0,7 40 41,1,75,,295892,6,0,7 40 41,1,15,,295893,6,,,1,90,,295894,6,,,1
4101,'20261124',516,,295895,6,,,1,95,,295897,6,,,1,25,,295898,6,,,1,77,,295900,6,,,1,30,,295901,6,,,1,70,,295902,6,,,1,30,,295903,6,,,1,73,,295904,6,,,1,35,,295905,6,,,1,75,,295906,6,,,1,75,,295907,6,,,1,30,,295909,6,,,1,5,,295908,6,0,7 40 41,1,65,,295911,6,,,1,5,,295910,6,0,7 40 41,1,25,,295912,6,0,7 40 41,1,20,,295915,6,,,1,5,,295914,6,0,7 40 41,1,55,,295917,6,,,1,10,,295916,6,0,7 40 41,1,25,,295918,6,0,7 40 41,1,57,,295921,6,,,1,13,,295920,6,0,7 40 41,1,26,,295923,6,0,7 40 41,1,66,,295925,6,0,7 40 41,1,5,,295927,6,,,1,30,,295930,6,,,1,15,,295928,6,0,7 40 41,1,48,,295932,2,0,57 40 41,1,17,,295935,6,,,1,13,,295934,6,0,7 40 41,1,5,,295937,2,0,57 40 41,1,15,,295939,6,,,1,50,,295938,6,0,7 40 41,1,5,,295940,2,0,57 40 41,1,15,,295942,6,,,1,10,,295941,6,0,7 40 41,1,65,,295945,6,,,1,5,,295944,6,0,7 40 41,1,35,,295948,6,,,1,8,,295947,6,0,7 40 41,1,70,,295949,6,0,7 40 41,1,7,,295950,6,,,1,11,,295951,6,0,7 40 41,1,10,,295952,6,,,1,65,,295954,6,,,1,5,,295953,6,0,7 40 41,1,20,,295956,6,,,1,10,,295955,6,0,7 40 41,1,75,,295957,6,0,7 40 41,1,15,,295958,6,,,1,90,,295959,6,,,1
4101,'20261125',516,,295960,6,,,1,95,,295962,6,,,1,25,,295963,6,,,1,77,,295965,6,,,1,30,,295966,6,,,1,70,,295967,6,,,1,30,,295968,6,,,1,73,,295969,6,,,1,35,,295970,6,,,1,75,,295971,6,,,1,75,,295972,6,,,1,30,,295974,6,,,1,5,,295973,6,0,7 40 41,1,65,,295976,6,,,1,5,,295975,6,0,7 40 41,1,25,,295977,6,0,7 40 41,1,20,,295980,6,,,1,5,,295979,6,0,7 40 41,1,55,,295982,6,,,1,10,,295981,6,0,7 40 41,1,25,,295983,6,0,7 40 41,1,57,,295986,6,,,1,13,,295985,6,0,7 40 41,1,26,,295988,6,0,7 40 41,1,66,,295990,6,0,7 40 41,1,5,,295992,6,,,1,30,,295995,6,,,1,15,,295993,6,0,7 40 41,1,48,,295997,2,0,57 40 41,1,17,,296000,6,,,1,13,,295999,6,0,7 40 41,1,5,,296002,2,0,57 40 41,1,15,,296004,6,,,1,50,,296003,6,0,7 40 41,1,5,,296005,2,0,57 40 41,1,15,,296007,6,,,1,10,,296006,6,0,7 40 41,1,65,,296010,6,,,1,5,,296009,6,0,7 40 41,1,35,,296013,6,,,1,8,,296012,6,0,7 40 41,1,70,,296014,6,0,7 40 41,1,7,,296015,6,,,1,11,,296016,6,0,7 40 41,1,10,,296017,6,,,1,65,,296019,6,,,1,5,,296018,6,0,7 40 41,1,20,,296021,6,,,1,10,,296020,6,0,7 40 41,1,75,,296022,6,0,7 40 41,1,15,,296023,6,,,1,90,,296024,6,,,1
4101,'20261126',516,,296025,6,,,1,95,,296027,6,,,1,25,,296028,6,,,1,77,,296030,6,,,1,30,,296031,6,,,1,70,,296032,6,,,1,30,,296033,6,,,1,73,,296034,6,,,1,35,,296035,6,,,1,75,,296036,6,,,1,75,,296037,6,,,1,30,,296039,6,,,1,5,,296038,6,0,7 40 41,1,65,,296041,6,,,1,5,,296040,6,0,7 40 41,1,25,,296042,6,0,7 40 41,1,20,,296045,6,,,1,5,,296044,6,0,7 40 41,1,55,,296047,6,,,1,10,,296046,6,0,7 40 41,1,25,,296048,6,0,7 40 41,1,57,,296051,6,,,1,13,,296050,6,0,7 40 41,1,26,,296053,6,0,7 40 41,1,66,,296055,6,0,7 40 41,1,5,,296057,6,,,1,30,,296060,6,,,1,15,,296058,6,0,7 40 41,1,48,,296062,2,0,57 40 41,1,17,,296065,6,,,1,13,,296064,6,0,7 40 41,1,5,,296067,2,0,57 40 41,1,15,,296069,6,,,1,50,,296068,6,0,7 40 41,1,5,,296070,2,0,57 40 41,1,15,,296072,6,,,1,10,,296071,6,0,7 40 41,1,65,,296075,6,,,1,5,,296074,6,0,7 40 41,1,35,,296078,6,,,1,8,,296077,6,0,7 40 41,1,70,,296079,6,0,7 40 41,1,7,,296080,6,,,1,11,,296081,6,0,7 40 41,1,10,,296082,6,,,1,65,,296084,6,,,1,5,,296083,6,0,7 40 41,1,20,,296086,6,,,1,10,,296085,6,0,7 40 41,1,75,,296087,6,0,7 40 41,1,15,,296088,6,,,1,90,,296089,6,,,1
4101,'20261127',516,,296090,6,,,1,95,,296092,6,,,1,25,,296093,6,,,1,77,,296095,6,,,1,30,,296096,6,,,1,70,,296097,6,,,1,30,,296098,6,,,1,73,,296099,6,,,1,35,,296100,6,,,1,75,,296101,6,,,1,75,,296102,6,,,1,30,,296104,6,,,1,5,,296103,6,0,7 40 41,1,65,,296106,6,,,1,5,,296105,6,0,7 40 41,1,25,,296107,6,0,7 40 41,1,20,,296110,6,,,1,5,,296109,6,0,7 40 41,1,55,,296112,6,,,1,10,,296111,6,0,7 40 41,1,25,,296113,6,0,7 40 41,1,57,,296116,6,,,1,13,,296115,6,0,7 40 41,1,26,,296118,6,0,7 40 41,1,66,,296120,6,0,7 40 41,1,5,,296122,6,,,1,30,,296125,6,,,1,15,,296123,6,0,7 40 41,1,48,,296127,2,0,57 40 41,1,17,,296130,6,,,1,13,,296129,6,0,7 40 41,1,5,,296132,2,0,57 40 41,1,15,,296134,6,,,1,50,,296133,6,0,7 40 41,1,5,,296135,2,0,57 40 41,1,15,,296137,6,,,1,10,,296136,6,0,7 40 41,1,65,,296140,6,,,1,5,,296139,6,0,7 40 41,1,35,,296143,6,,,1,8,,296142,6,0,7 40 41,1,70,,296144,6,0,7 40 41,1,7,,296145,6,,,1,11,,296146,6,0,7 40 41,1,10,,296147,6,,,1,65,,296149,6,,,1,5,,296148,6,0,7 40 41,1,20,,296151,6,,,1,10,,296150,6,0,7 40 41,1,75,,296152,6,0,7 40 41,1,15,,296153,6,,,1,90,,296154,6,,,1
