1800,'20260910',455,,233726,12,0,53 29 30,1,45,,233727,1,0,52 29 30,1,1805,,233728,8,0,16 29 30,1,100,,233729,8,0,16 29 30,1
1800,'20260911',455,,233730,12,0,53 29 30,1,45,,233731,1,0,52 29 30,1
1800,'20260912',510,,233732,12,0,5 29 30,1,97,,233733,15,0,68 29 30,1,28,,233734,15,0,68 29 30,1,65,,233735,15,0,68 29 30,1,30,,233736,15,0,7 29 30,1
1800,'20260913',510,,233744,12,0,5 29 30,1,97,,233745,15,0,68 29 30,1,28,,233746,15,0,68 29 30,1,65,,233747,15,0,68 29 30,1,30,,233748,15,0,7 29 30,1,1628,,233756,8,0,16 29 30,1
1800,'20260914',455,,233757,12,0,53 29 30,1,45,,233758,1,0,52 29 30,1,1805,,233759,8,0,16 29 30,1,100,,233760,8,0,16 29 30,1
1800,'20260915',455,,233761,12,0,53 29 30,1,45,,233762,1,0,52 29 30,1,1805,,233763,8,0,16 29 30,1,100,,233764,8,0,16 29 30,1
1800,'20260916',455,,233765,12,0,53 29 30,1,45,,233766,1,0,52 29 30,1,1805,,233767,8,0,16 29 30,1,100,,233768,8,0,16 29 30,1
1800,'20260917',455,,233769,12,0,53 29 30,1,45,,233770,1,0,52 29 30,1,1805,,233771,8,0,16 29 30,1,100,,233772,8,0,16 29 30,1
1800,'20260918',455,,233773,12,0,53 29 30,1,45,,233774,1,0,52 29 30,1
1800,'20260919',510,,233775,12,0,5 29 30,1,97,,233776,15,0,68 29 30,1,28,,233777,15,0,68 29 30,1,65,,233778,15,0,68 29 30,1,30,,233779,15,0,7 29 30,1
1800,'20260920',510,,233787,12,0,5 29 30,1,97,,233788,15,0,68 29 30,1,28,,233789,15,0,68 29 30,1,65,,233790,15,0,68 29 30,1,30,,233791,15,0,7 29 30,1,1628,,233799,8,0,16 29 30,1
1800,'20260921',455,,233800,12,0,53 29 30,1,45,,233801,1,0,52 29 30,1,1805,,233802,8,0,16 29 30,1,100,,233803,8,0,16 29 30,1
1800,'20260922',455,,233804,12,0,53 29 30,1,45,,233805,1,0,52 29 30,1,1805,,233806,8,0,16 29 30,1,100,,233807,8,0,16 29 30,1
1800,'20260923',455,,233808,12,0,53 29 30,1,45,,233809,1,0,52 29 30,1,1805,,233810,8,0,16 29 30,1,100,,233811,8,0,16 29 30,1
1800,'20260924',455,,233812,12,0,53 29 30,1,45,,233813,1,0,52 29 30,1,1805,,233814,8,0,16 29 30,1,100,,233815,8,0,16 29 30,1
1800,'20260925',455,,233816,12,0,53 29 30,1,45,,233817,1,0,52 29 30,1
1800,'20260926',510,,233818,12,0,5 29 30,1,97,,233819,15,0,68 29 30,1,28,,233820,15,0,68 29 30,1,65,,233821,15,0,68 29 30,1,30,,233822,15,0,7 29 30,1
1800,'20260927',510,,233830,12,0,5 29 30,1,97,,233831,15,0,68 29 30,1,28,,233832,15,0,68 29 30,1,65,,233833,15,0,68 29 30,1,30,,233834,15,0,7 29 30,1,1628,,233842,8,0,16 29 30,1
1800,'20260928',455,,233843,12,0,53 29 30,1,45,,233844,1,0,52 29 30,1,1805,,233845,8,0,16 29 30,1,100,,233846,8,0,16 29 30,1
1800,'20260929',455,,233847,12,0,53 29 30,1,45,,233848,1,0,52 29 30,1,1805,,233849,8,0,16 29 30,1,100,,233850,8,0,16 29 30,1
1800,'20260930',455,,233851,12,0,53 29 30,1,45,,233852,1,0,52 29 30,1,1805,,233853,8,0,16 29 30,1,100,,233854,8,0,16 29 30,1
1800,'20261001',455,,233855,12,0,53 29 30,1,45,,233856,1,0,52 29 30,1,1805,,233857,8,0,16 29 30,1,100,,233858,8,0,16 29 30,1
1800,'20261002',455,,233859,12,0,53 29 30,1,45,,233860,1,0,52 29 30,1
1800,'20261003',510,,233861,12,0,5 29 30,1,97,,233862,15,0,68 29 30,1,28,,233863,15,0,68 29 30,1,65,,233864,15,0,68 29 30,1,30,,233865,15,0,7 29 30,1
1800,'20261004',510,,233873,12,0,5 29 30,1,97,,233874,15,0,68 29 30,1,28,,233875,15,0,68 29 30,1,65,,233876,15,0,68 29 30,1,30,,233877,15,0,7 29 30,1,1628,,233885,8,0,16 29 30,1
1800,'20261005',455,,233886,12,0,53 29 30,1,45,,233887,1,0,52 29 30,1,1805,,233888,8,0,16 29 30,1,100,,233889,8,0,16 29 30,1
1800,'20261006',455,,233890,12,0,53 29 30,1,45,,233891,1,0,52 29 30,1,1805,,233892,8,0,16 29 30,1,100,,233893,8,0,16 29 30,1
1800,'20261007',455,,233894,12,0,53 29 30,1,45,,233895,1,0,52 29 30,1,1805,,233896,8,0,16 29 30,1,100,,233897,8,0,16 29 30,1
1800,'20261008',455,,233898,12,0,53 29 30,1,45,,233899,1,0,52 29 30,1,1805,,233900,8,0,16 29 30,1,100,,233901,8,0,16 29 30,1
1800,'20261009',455,,233902,12,0,53 29 30,1,45,,233903,1,0,52 29 30,1
1800,'20261010',510,,233904,12,0,5 29 30,1,97,,233905,15,0,68 29 30,1,28,,233906,15,0,68 29 30,1,65,,233907,15,0,68 29 30,1,30,,233908,15,0,7 29 30,1
1800,'20261011',510,,233916,12,0,5 29 30,1,97,,233917,15,0,68 29 30,1,28,,233918,15,0,68 29 30,1,65,,233919,15,0,68 29 30,1,30,,233920,15,0,7 29 30,1,1628,,233928,8,0,16 29 30,1
1800,'20261012',510,,233929,12,0,5 29 30,1,97,,233930,15,0,68 29 30,1,28,,233931,15,0,68 29 30,1,65,,233932,15,0,68 29 30,1,30,,233933,15,0,7 29 30,1
1800,'20261013',455,,233941,12,0,53 29 30,1,45,,233942,1,0,52 29 30,1,1805,,233943,8,0,16 29 30,1,100,,233944,8,0,16 29 30,1
1800,'20261014',455,,233945,12,0,53 29 30,1,45,,233946,1,0,52 29 30,1,1805,,233947,8,0,16 29 30,1,100,,233948,8,0,16 29 30,1
1800,'20261015',455,,233949,12,0,53 29 30,1,45,,233950,1,0,52 29 30,1,1805,,233951,8,0,16 29 30,1,100,,233952,8,0,16 29 30,1
1800,'20261016',455,,233953,12,0,53 29 30,1,45,,233954,1,0,52 29 30,1
1800,'20261017',510,,233955,12,0,5 29 30,1,97,,233956,15,0,68 29 30,1,28,,233957,15,0,68 29 30,1,65,,233958,15,0,68 29 30,1,30,,233959,15,0,7 29 30,1
1800,'20261018',510,,233967,12,0,5 29 30,1,97,,233968,15,0,68 29 30,1,28,,233969,15,0,68 29 30,1,65,,233970,15,0,68 29 30,1,30,,233971,15,0,7 29 30,1,1628,,233979,8,0,16 29 30,1
1800,'20261019',455,,233980,12,0,53 29 30,1,45,,233981,1,0,52 29 30,1,1805,,233982,8,0,16 29 30,1,100,,233983,8,0,16 29 30,1
1800,'20261020',455,,233984,12,0,53 29 30,1,45,,233985,1,0,52 29 30,1,1805,,233986,8,0,16 29 30,1,100,,233987,8,0,16 29 30,1
1800,'20261021',455,,233988,12,0,53 29 30,1,45,,233989,1,0,52 29 30,1,1805,,233990,8,0,16 29 30,1,100,,233991,8,0,16 29 30,1
1800,'20261022',455,,233992,12,0,53 29 30,1,45,,233993,1,0,52 29 30,1,1805,,233994,8,0,16 29 30,1,100,,233995,8,0,16 29 30,1
1800,'20261023',455,,233996,12,0,53 29 30,1,45,,233997,1,0,52 29 30,1
1800,'20261024',510,,233998,12,0,5 29 30,1,97,,233999,15,0,68 29 30,1,28,,234000,15,0,68 29 30,1,65,,234001,15,0,68 29 30,1,30,,234002,15,0,7 29 30,1
1800,'20261025',510,,234010,12,0,5 29 30,1,97,,234011,15,0,68 29 30,1,28,,234012,15,0,68 29 30,1,65,,234013,15,0,68 29 30,1,30,,234014,15,0,7 29 30,1,1628,,234022,8,0,16 29 30,1
1800,'20261026',455,,234023,12,0,53 29 30,1,45,,234024,1,0,52 29 30,1,1805,,234025,8,0,16 29 30,1,100,,234026,8,0,16 29 30,1
1800,'20261027',455,,234027,12,0,53 29 30,1,45,,234028,1,0,52 29 30,1,1805,,234029,8,0,16 29 30,1,100,,234030,8,0,16 29 30,1
1800,'20261028',455,,234031,12,0,53 29 30,1,45,,234032,1,0,52 29 30,1,1805,,234033,8,0,16 29 30,1,100,,234034,8,0,16 29 30,1
1800,'20261029',455,,234035,12,0,53 29 30,1,45,,234036,1,0,52 29 30,1,1805,,234037,8,0,16 29 30,1,100,,234038,8,0,16 29 30,1
1800,'20261030',455,,234039,12,0,53 29 30,1,45,,234040,1,0,52 29 30,1
1800,'20261031',510,,234041,12,0,5 29 30,1,97,,234042,15,0,68 29 30,1,28,,234043,15,0,68 29 30,1,65,,234044,15,0,68 29 30,1,30,,234045,15,0,7 29 30,1
1800,'20261101',510,,234053,12,0,5 29 30,1,97,,234054,15,0,68 29 30,1,28,,234055,15,0,68 29 30,1,65,,234056,15,0,68 29 30,1,30,,234057,15,0,7 29 30,1,1628,,234065,8,0,16 29 30,1
1800,'20261102',455,,234066,12,0,53 29 30,1,45,,234067,1,0,52 29 30,1,1805,,234068,8,0,16 29 30,1,100,,234069,8,0,16 29 30,1
1800,'20261103',455,,234070,12,0,53 29 30,1,45,,234071,1,0,52 29 30,1,1805,,234072,8,0,16 29 30,1,100,,234073,8,0,16 29 30,1
1800,'20261104',455,,234074,12,0,53 29 30,1,45,,234075,1,0,52 29 30,1,1805,,234076,8,0,16 29 30,1,100,,234077,8,0,16 29 30,1
1800,'20261105',455,,234078,12,0,53 29 30,1,45,,234079,1,0,52 29 30,1,1805,,234080,8,0,16 29 30,1,100,,234081,8,0,16 29 30,1
1800,'20261106',455,,234082,12,0,53 29 30,1,45,,234083,1,0,52 29 30,1
1800,'20261107',510,,234084,12,0,5 29 30,1,97,,234085,15,0,68 29 30,1,28,,234086,15,0,68 29 30,1,65,,234087,15,0,68 29 30,1,30,,234088,15,0,7 29 30,1
1800,'20261108',510,,234096,12,0,5 29 30,1,97,,234097,15,0,68 29 30,1,28,,234098,15,0,68 29 30,1,65,,234099,15,0,68 29 30,1,30,,234100,15,0,7 29 30,1,1628,,234108,8,0,16 29 30,1
1800,'20261109',455,,234109,12,0,53 29 30,1,45,,234110,1,0,52 29 30,1,1805,,234111,8,0,16 29 30,1,100,,234112,8,0,16 29 30,1
1800,'20261110',455,,234113,12,0,53 29 30,1,45,,234114,1,0,52 29 30,1,1805,,234115,8,0,16 29 30,1,100,,234116,8,0,16 29 30,1
1800,'20261111',455,,234117,12,0,53 29 30,1,45,,234118,1,0,52 29 30,1,1805,,234119,8,0,16 29 30,1,100,,234120,8,0,16 29 30,1
1800,'20261112',455,,234121,12,0,53 29 30,1,45,,234122,1,0,52 29 30,1,1805,,234123,8,0,16 29 30,1,100,,234124,8,0,16 29 30,1
1800,'20261113',455,,234125,12,0,53 29 30,1,45,,234126,1,0,52 29 30,1
1800,'20261114',510,,234127,12,0,5 29 30,1,97,,234128,15,0,68 29 30,1,28,,234129,15,0,68 29 30,1,65,,234130,15,0,68 29 30,1,30,,234131,15,0,7 29 30,1
1800,'20261115',510,,234139,12,0,5 29 30,1,97,,234140,15,0,68 29 30,1,28,,234141,15,0,68 29 30,1,65,,234142,15,0,68 29 30,1,30,,234143,15,0,7 29 30,1,1628,,234151,8,0,16 29 30,1
1800,'20261116',455,,234152,12,0,53 29 30,1,45,,234153,1,0,52 29 30,1,1805,,234154,8,0,16 29 30,1,100,,234155,8,0,16 29 30,1
1800,'20261117',455,,234156,12,0,53 29 30,1,45,,234157,1,0,52 29 30,1,1805,,234158,8,0,16 29 30,1,100,,234159,8,0,16 29 30,1
1800,'20261118',455,,234160,12,0,53 29 30,1,45,,234161,1,0,52 29 30,1,1805,,234162,8,0,16 29 30,1,100,,234163,8,0,16 29 30,1
1800,'20261119',455,,234164,12,0,53 29 30,1,45,,234165,1,0,52 29 30,1,1805,,234166,8,0,16 29 30,1,100,,234167,8,0,16 29 30,1
1800,'20261120',455,,234168,12,0,53 29 30,1,45,,234169,1,0,52 29 30,1
1800,'20261121',510,,234170,12,0,5 29 30,1,97,,234171,15,0,68 29 30,1,28,,234172,15,0,68 29 30,1,65,,234173,15,0,68 29 30,1,30,,234174,15,0,7 29 30,1
1800,'20261122',510,,234182,12,0,5 29 30,1,97,,234183,15,0,68 29 30,1,28,,234184,15,0,68 29 30,1,65,,234185,15,0,68 29 30,1,30,,234186,15,0,7 29 30,1,1628,,234194,8,0,16 29 30,1
1800,'20261123',455,,234195,12,0,53 29 30,1,45,,234196,1,0,52 29 30,1,1805,,234197,8,0,16 29 30,1,100,,234198,8,0,16 29 30,1
1800,'20261124',455,,234199,12,0,53 29 30,1,45,,234200,1,0,52 29 30,1,1805,,234201,8,0,16 29 30,1,100,,234202,8,0,16 29 30,1
1800,'20261125',455,,234203,12,0,53 29 30,1,45,,234204,1,0,52 29 30,1,1805,,234205,8,0,16 29 30,1,100,,234206,8,0,16 29 30,1
1800,'20261126',455,,234207,12,0,53 29 30,1,45,,234208,1,0,52 29 30,1,1805,,234209,8,0,16 29 30,1,100,,234210,8,0,16 29 30,1
1800,'20261127',455,,234211,12,0,53 29 30,1,45,,234212,1,0,52 29 30,1
1801,'20260910',611,,234285,4,0,31 38 9,1,1894,,234290,4,4,,1,5,,234291,2,0,57 38 9,1,40,,234293,4,0,68 71 72 9,1,167,,234294,4,0,31 38 9,1
1801,'20260911',611,,234295,4,0,31 38 9,1,1994,,234301,4,4,,1,5,,234302,2,0,57 38 9,1,107,,234303,4,0,31 38 9,1
1801,'20260912',728,,234304,4,0,68 71 72 9,1,75,,234305,4,0,68 71 72 9,1,30,,234306,4,0,68 71 72 9,1,14,,234307,2,0,7 71 72 9,1,73,,234308,4,4,,1,1690,,234318,4,4,,1,7,,234319,2,0,57 38 9,1,88,,234320,4,4,,1,5,,234321,2,0,57 38 9,1
1801,'20260913',728,,234322,4,0,68 71 72 9,1,75,,234323,4,0,68 71 72 9,1,30,,234324,4,0,68 71 72 9,1,14,,234325,2,0,7 71 72 9,1,73,,234326,4,4,,1,1632,,234336,4,0,68 71 72 9,1,160,,234337,4,0,31 38 9,1
1801,'20260914',611,,234338,4,0,31 38 9,1,1894,,234343,4,4,,1,5,,234344,2,0,57 38 9,1,40,,234346,4,0,68 71 72 9,1,167,,234347,4,0,31 38 9,1
1801,'20260915',611,,234348,4,0,31 38 9,1,1894,,234353,4,4,,1,5,,234354,2,0,57 38 9,1,40,,234356,4,0,68 71 72 9,1,167,,234357,4,0,31 38 9,1
1801,'20260916',611,,234358,4,0,31 38 9,1,1894,,234363,4,4,,1,5,,234364,2,0,57 38 9,1,40,,234366,4,0,68 71 72 9,1,167,,234367,4,0,31 38 9,1
1801,'20260917',611,,234368,4,0,31 38 9,1,1894,,234373,4,4,,1,5,,234374,2,0,57 38 9,1,40,,234376,4,0,68 71 72 9,1,167,,234377,4,0,31 38 9,1
1801,'20260918',611,,234378,4,0,31 38 9,1,1994,,234384,4,4,,1,5,,234385,2,0,57 38 9,1,107,,234386,4,0,31 38 9,1
1801,'20260919',728,,234387,4,0,68 71 72 9,1,75,,234388,4,0,68 71 72 9,1,30,,234389,4,0,68 71 72 9,1,14,,234390,2,0,7 71 72 9,1,73,,234391,4,4,,1,1690,,234401,4,4,,1,7,,234402,2,0,57 38 9,1,88,,234403,4,4,,1,5,,234404,2,0,57 38 9,1
1801,'20260920',728,,234405,4,0,68 71 72 9,1,75,,234406,4,0,68 71 72 9,1,30,,234407,4,0,68 71 72 9,1,14,,234408,2,0,7 71 72 9,1,73,,234409,4,4,,1,1632,,234419,4,0,68 71 72 9,1,160,,234420,4,0,31 38 9,1
1801,'20260921',611,,234421,4,0,31 38 9,1,1894,,234426,4,4,,1,5,,234427,2,0,57 38 9,1,40,,234429,4,0,68 71 72 9,1,167,,234430,4,0,31 38 9,1
1801,'20260922',611,,234431,4,0,31 38 9,1,1894,,234436,4,4,,1,5,,234437,2,0,57 38 9,1,40,,234439,4,0,68 71 72 9,1,167,,234440,4,0,31 38 9,1
1801,'20260923',611,,234441,4,0,31 38 9,1,1894,,234446,4,4,,1,5,,234447,2,0,57 38 9,1,40,,234449,4,0,68 71 72 9,1,167,,234450,4,0,31 38 9,1
1801,'20260924',611,,234451,4,0,31 38 9,1,1894,,234456,4,4,,1,5,,234457,2,0,57 38 9,1,40,,234459,4,0,68 71 72 9,1,167,,234460,4,0,31 38 9,1
1801,'20260925',611,,234461,4,0,31 38 9,1,1994,,234467,4,4,,1,5,,234468,2,0,57 38 9,1,107,,234469,4,0,31 38 9,1
1801,'20260926',728,,234470,4,0,68 71 72 9,1,75,,234471,4,0,68 71 72 9,1,30,,234472,4,0,68 71 72 9,1,14,,234473,2,0,7 71 72 9,1,73,,234474,4,4,,1,1690,,234484,4,4,,1,7,,234485,2,0,57 38 9,1,88,,234486,4,4,,1,5,,234487,2,0,57 38 9,1
1801,'20260927',728,,234488,4,0,68 71 72 9,1,75,,234489,4,0,68 71 72 9,1,30,,234490,4,0,68 71 72 9,1,14,,234491,2,0,7 71 72 9,1,73,,234492,4,4,,1,1632,,234502,4,0,68 71 72 9,1,160,,234503,4,0,31 38 9,1
1801,'20260928',611,,234504,4,0,31 38 9,1,1894,,234509,4,4,,1,5,,234510,2,0,57 38 9,1,40,,234512,4,0,68 71 72 9,1,167,,234513,4,0,31 38 9,1
1801,'20260929',611,,234514,4,0,31 38 9,1,1894,,234519,4,4,,1,5,,234520,2,0,57 38 9,1,40,,234522,4,0,68 71 72 9,1,167,,234523,4,0,31 38 9,1
1801,'20260930',611,,234524,4,0,31 38 9,1,1894,,234529,4,4,,1,5,,234530,2,0,57 38 9,1,40,,234532,4,0,68 71 72 9,1,167,,234533,4,0,31 38 9,1
1801,'20261001',611,,234534,4,0,31 38 9,1,1894,,234539,4,4,,1,5,,234540,2,0,57 38 9,1,40,,234542,4,0,68 71 72 9,1,167,,234543,4,0,31 38 9,1
1801,'20261002',611,,234544,4,0,31 38 9,1,1994,,234550,4,4,,1,5,,234551,2,0,57 38 9,1,107,,234552,4,0,31 38 9,1
1801,'20261003',728,,234553,4,0,68 71 72 9,1,75,,234554,4,0,68 71 72 9,1,30,,234555,4,0,68 71 72 9,1,14,,234556,2,0,7 71 72 9,1,73,,234557,4,4,,1,1690,,234567,4,4,,1,7,,234568,2,0,57 38 9,1,88,,234569,4,4,,1,5,,234570,2,0,57 38 9,1
1801,'20261004',728,,234571,4,0,68 71 72 9,1,75,,234572,4,0,68 71 72 9,1,30,,234573,4,0,68 71 72 9,1,14,,234574,2,0,7 71 72 9,1,73,,234575,4,4,,1,1632,,234585,4,0,68 71 72 9,1,160,,234586,4,0,31 38 9,1
1801,'20261005',611,,234587,4,0,31 38 9,1,1894,,234592,4,4,,1,5,,234593,2,0,57 38 9,1,40,,234595,4,0,68 71 72 9,1,167,,234596,4,0,31 38 9,1
1801,'20261006',611,,234597,4,0,31 38 9,1,1894,,234602,4,4,,1,5,,234603,2,0,57 38 9,1,40,,234605,4,0,68 71 72 9,1,167,,234606,4,0,31 38 9,1
1801,'20261007',611,,234607,4,0,31 38 9,1,1894,,234612,4,4,,1,5,,234613,2,0,57 38 9,1,40,,234615,4,0,68 71 72 9,1,167,,234616,4,0,31 38 9,1
1801,'20261008',611,,234617,4,0,31 38 9,1,1894,,234622,4,4,,1,5,,234623,2,0,57 38 9,1,40,,234625,4,0,68 71 72 9,1,167,,234626,4,0,31 38 9,1
1801,'20261009',611,,234627,4,0,31 38 9,1,1994,,234633,4,4,,1,5,,234634,2,0,57 38 9,1,107,,234635,4,0,31 38 9,1
1801,'20261010',728,,234636,4,0,68 71 72 9,1,75,,234637,4,0,68 71 72 9,1,30,,234638,4,0,68 71 72 9,1,14,,234639,2,0,7 71 72 9,1,73,,234640,4,4,,1,1690,,234650,4,4,,1,7,,234651,2,0,57 38 9,1,88,,234652,4,4,,1,5,,234653,2,0,57 38 9,1
1801,'20261011',728,,234654,4,0,68 71 72 9,1,75,,234655,4,0,68 71 72 9,1,30,,234656,4,0,68 71 72 9,1,14,,234657,2,0,7 71 72 9,1,73,,234658,4,4,,1,1632,,234668,4,0,68 71 72 9,1,160,,234669,4,0,31 38 9,1
1801,'20261012',728,,234670,4,0,68 71 72 9,1,75,,234671,4,0,68 71 72 9,1,30,,234672,4,0,68 71 72 9,1,14,,234673,2,0,7 71 72 9,1,73,,234674,4,4,,1,1690,,234684,4,4,,1,7,,234685,2,0,57 38 9,1,88,,234686,4,4,,1,5,,234687,2,0,57 38 9,1
1801,'20261013',611,,234688,4,0,31 38 9,1,1894,,234693,4,4,,1,5,,234694,2,0,57 38 9,1,40,,234696,4,0,68 71 72 9,1,167,,234697,4,0,31 38 9,1
1801,'20261014',611,,234698,4,0,31 38 9,1,1894,,234703,4,4,,1,5,,234704,2,0,57 38 9,1,40,,234706,4,0,68 71 72 9,1,167,,234707,4,0,31 38 9,1
1801,'20261015',611,,234708,4,0,31 38 9,1,1894,,234713,4,4,,1,5,,234714,2,0,57 38 9,1,40,,234716,4,0,68 71 72 9,1,167,,234717,4,0,31 38 9,1
1801,'20261016',611,,234718,4,0,31 38 9,1,1994,,234724,4,4,,1,5,,234725,2,0,57 38 9,1,107,,234726,4,0,31 38 9,1
1801,'20261017',728,,234727,4,0,68 71 72 9,1,75,,234728,4,0,68 71 72 9,1,30,,234729,4,0,68 71 72 9,1,14,,234730,2,0,7 71 72 9,1,73,,234731,4,4,,1,1690,,234741,4,4,,1,7,,234742,2,0,57 38 9,1,88,,234743,4,4,,1,5,,234744,2,0,57 38 9,1
1801,'20261018',728,,234745,4,0,68 71 72 9,1,75,,234746,4,0,68 71 72 9,1,30,,234747,4,0,68 71 72 9,1,14,,234748,2,0,7 71 72 9,1,73,,234749,4,4,,1,1632,,234759,4,0,68 71 72 9,1,160,,234760,4,0,31 38 9,1
1801,'20261019',611,,234761,4,0,31 38 9,1,1894,,234766,4,4,,1,5,,234767,2,0,57 38 9,1,40,,234769,4,0,68 71 72 9,1,167,,234770,4,0,31 38 9,1
1801,'20261020',611,,234771,4,0,31 38 9,1,1894,,234776,4,4,,1,5,,234777,2,0,57 38 9,1,40,,234779,4,0,68 71 72 9,1,167,,234780,4,0,31 38 9,1
1801,'20261021',611,,234781,4,0,31 38 9,1,1894,,234786,4,4,,1,5,,234787,2,0,57 38 9,1,40,,234789,4,0,68 71 72 9,1,167,,234790,4,0,31 38 9,1
1801,'20261022',611,,234791,4,0,31 38 9,1,1894,,234796,4,4,,1,5,,234797,2,0,57 38 9,1,40,,234799,4,0,68 71 72 9,1,167,,234800,4,0,31 38 9,1
1801,'20261023',611,,234801,4,0,31 38 9,1,1994,,234807,4,4,,1,5,,234808,2,0,57 38 9,1,107,,234809,4,0,31 38 9,1
1801,'20261024',728,,234810,4,0,68 71 72 9,1,75,,234811,4,0,68 71 72 9,1,30,,234812,4,0,68 71 72 9,1,14,,234813,2,0,7 71 72 9,1,73,,234814,4,4,,1,1690,,234824,4,4,,1,7,,234825,2,0,57 38 9,1,88,,234826,4,4,,1,5,,234827,2,0,57 38 9,1
1801,'20261025',728,,234828,4,0,68 71 72 9,1,75,,234829,4,0,68 71 72 9,1,30,,234830,4,0,68 71 72 9,1,14,,234831,2,0,7 71 72 9,1,73,,234832,4,4,,1,1632,,234842,4,0,68 71 72 9,1,160,,234843,4,0,31 38 9,1
1801,'20261026',611,,234844,4,0,31 38 9,1,1894,,234849,4,4,,1,5,,234850,2,0,57 38 9,1,40,,234852,4,0,68 71 72 9,1,167,,234853,4,0,31 38 9,1
1801,'20261027',611,,234854,4,0,31 38 9,1,1894,,234859,4,4,,1,5,,234860,2,0,57 38 9,1,40,,234862,4,0,68 71 72 9,1,167,,234863,4,0,31 38 9,1
1801,'20261028',611,,234864,4,0,31 38 9,1,1894,,234869,4,4,,1,5,,234870,2,0,57 38 9,1,40,,234872,4,0,68 71 72 9,1,167,,234873,4,0,31 38 9,1
1801,'20261029',611,,234874,4,0,31 38 9,1,1894,,234879,4,4,,1,5,,234880,2,0,57 38 9,1,40,,234882,4,0,68 71 72 9,1,167,,234883,4,0,31 38 9,1
1801,'20261030',611,,234884,4,0,31 38 9,1,1994,,234890,4,4,,1,5,,234891,2,0,57 38 9,1,107,,234892,4,0,31 38 9,1
1801,'20261031',728,,234893,4,0,68 71 72 9,1,75,,234894,4,0,68 71 72 9,1,30,,234895,4,0,68 71 72 9,1,14,,234896,2,0,7 71 72 9,1,73,,234897,4,4,,1,1690,,234907,4,4,,1,7,,234908,2,0,57 38 9,1,88,,234909,4,4,,1,5,,234910,2,0,57 38 9,1
1801,'20261101',728,,234911,4,0,68 71 72 9,1,75,,234912,4,0,68 71 72 9,1,30,,234913,4,0,68 71 72 9,1,14,,234914,2,0,7 71 72 9,1,73,,234915,4,4,,1,1632,,234925,4,0,68 71 72 9,1,160,,234926,4,0,31 38 9,1
1801,'20261102',611,,234927,4,0,31 38 9,1,1894,,234932,4,4,,1,5,,234933,2,0,57 38 9,1,40,,234935,4,0,68 71 72 9,1,167,,234936,4,0,31 38 9,1
1801,'20261103',611,,234937,4,0,31 38 9,1,1894,,234942,4,4,,1,5,,234943,2,0,57 38 9,1,40,,234945,4,0,68 71 72 9,1,167,,234946,4,0,31 38 9,1
1801,'20261104',611,,234947,4,0,31 38 9,1,1894,,234952,4,4,,1,5,,234953,2,0,57 38 9,1,40,,234955,4,0,68 71 72 9,1,167,,234956,4,0,31 38 9,1
1801,'20261105',611,,234957,4,0,31 38 9,1,1894,,234962,4,4,,1,5,,234963,2,0,57 38 9,1,40,,234965,4,0,68 71 72 9,1,167,,234966,4,0,31 38 9,1
1801,'20261106',611,,234967,4,0,31 38 9,1,1994,,234973,4,4,,1,5,,234974,2,0,57 38 9,1,107,,234975,4,0,31 38 9,1
1801,'20261107',728,,234976,4,0,68 71 72 9,1,75,,234977,4,0,68 71 72 9,1,30,,234978,4,0,68 71 72 9,1,14,,234979,2,0,7 71 72 9,1,73,,234980,4,4,,1,1690,,234990,4,4,,1,7,,234991,2,0,57 38 9,1,88,,234992,4,4,,1,5,,234993,2,0,57 38 9,1
1801,'20261108',728,,234994,4,0,68 71 72 9,1,75,,234995,4,0,68 71 72 9,1,30,,234996,4,0,68 71 72 9,1,14,,234997,2,0,7 71 72 9,1,73,,234998,4,4,,1,1632,,235008,4,0,68 71 72 9,1,160,,235009,4,0,31 38 9,1
1801,'20261109',611,,235010,4,0,31 38 9,1,1894,,235015,4,4,,1,5,,235016,2,0,57 38 9,1,40,,235018,4,0,68 71 72 9,1,167,,235019,4,0,31 38 9,1
1801,'20261110',611,,235020,4,0,31 38 9,1,1894,,235025,4,4,,1,5,,235026,2,0,57 38 9,1,40,,235028,4,0,68 71 72 9,1,167,,235029,4,0,31 38 9,1
1801,'20261111',611,,235030,4,0,31 38 9,1,1894,,235035,4,4,,1,5,,235036,2,0,57 38 9,1,40,,235038,4,0,68 71 72 9,1,167,,235039,4,0,31 38 9,1
1801,'20261112',611,,235040,4,0,31 38 9,1,1894,,235045,4,4,,1,5,,235046,2,0,57 38 9,1,40,,235048,4,0,68 71 72 9,1,167,,235049,4,0,31 38 9,1
1801,'20261113',611,,235050,4,0,31 38 9,1,1994,,235056,4,4,,1,5,,235057,2,0,57 38 9,1,107,,235058,4,0,31 38 9,1
1801,'20261114',728,,235059,4,0,68 71 72 9,1,75,,235060,4,0,68 71 72 9,1,30,,235061,4,0,68 71 72 9,1,14,,235062,2,0,7 71 72 9,1,73,,235063,4,4,,1,1690,,235073,4,4,,1,7,,235074,2,0,57 38 9,1,88,,235075,4,4,,1,5,,235076,2,0,57 38 9,1
1801,'20261115',728,,235077,4,0,68 71 72 9,1,75,,235078,4,0,68 71 72 9,1,30,,235079,4,0,68 71 72 9,1,14,,235080,2,0,7 71 72 9,1,73,,235081,4,4,,1,1632,,235091,4,0,68 71 72 9,1,160,,235092,4,0,31 38 9,1
1801,'20261116',611,,235093,4,0,31 38 9,1,1894,,235098,4,4,,1,5,,235099,2,0,57 38 9,1,40,,235101,4,0,68 71 72 9,1,167,,235102,4,0,31 38 9,1
1801,'20261117',611,,235103,4,0,31 38 9,1,1894,,235108,4,4,,1,5,,235109,2,0,57 38 9,1,40,,235111,4,0,68 71 72 9,1,167,,235112,4,0,31 38 9,1
1801,'20261118',611,,235113,4,0,31 38 9,1,1894,,235118,4,4,,1,5,,235119,2,0,57 38 9,1,40,,235121,4,0,68 71 72 9,1,167,,235122,4,0,31 38 9,1
1801,'20261119',611,,235123,4,0,31 38 9,1,1894,,235128,4,4,,1,5,,235129,2,0,57 38 9,1,40,,235131,4,0,68 71 72 9,1,167,,235132,4,0,31 38 9,1
1801,'20261120',611,,235133,4,0,31 38 9,1,1994,,235139,4,4,,1,5,,235140,2,0,57 38 9,1,107,,235141,4,0,31 38 9,1
1801,'20261121',728,,235142,4,0,68 71 72 9,1,75,,235143,4,0,68 71 72 9,1,30,,235144,4,0,68 71 72 9,1,14,,235145,2,0,7 71 72 9,1,73,,235146,4,4,,1,1690,,235156,4,4,,1,7,,235157,2,0,57 38 9,1,88,,235158,4,4,,1,5,,235159,2,0,57 38 9,1
1801,'20261122',728,,235160,4,0,68 71 72 9,1,75,,235161,4,0,68 71 72 9,1,30,,235162,4,0,68 71 72 9,1,14,,235163,2,0,7 71 72 9,1,73,,235164,4,4,,1,1632,,235174,4,0,68 71 72 9,1,160,,235175,4,0,31 38 9,1
1801,'20261123',611,,235176,4,0,31 38 9,1,1894,,235181,4,4,,1,5,,235182,2,0,57 38 9,1,40,,235184,4,0,68 71 72 9,1,167,,235185,4,0,31 38 9,1
1801,'20261124',611,,235186,4,0,31 38 9,1,1894,,235191,4,4,,1,5,,235192,2,0,57 38 9,1,40,,235194,4,0,68 71 72 9,1,167,,235195,4,0,31 38 9,1
1801,'20261125',611,,235196,4,0,31 38 9,1,1894,,235201,4,4,,1,5,,235202,2,0,57 38 9,1,40,,235204,4,0,68 71 72 9,1,167,,235205,4,0,31 38 9,1
1801,'20261126',611,,235206,4,0,31 38 9,1,1894,,235211,4,4,,1,5,,235212,2,0,57 38 9,1,40,,235214,4,0,68 71 72 9,1,167,,235215,4,0,31 38 9,1
1801,'20261127',611,,235216,4,0,31 38 9,1,1994,,235222,4,4,,1,5,,235223,2,0,57 38 9,1,107,,235224,4,0,31 38 9,1
2200,'20260910',808,,248051,1,,,1,100,,248052,1,,,1,201,,248053,1,,,1,200,,248054,1,,,1,197,,248055,1,,,1,195,,248056,1,,,1,209,,248057,1,,,1,200,,248058,1,,,1
2200,'20260911',808,,248059,1,,,1,100,,248060,1,,,1,201,,248061,1,,,1,200,,248062,1,,,1,197,,248063,1,,,1,195,,248064,1,,,1,209,,248065,1,,,1,200,,248066,1,,,1
2200,'20260914',808,,248067,1,,,1,100,,248068,1,,,1,201,,248069,1,,,1,200,,248070,1,,,1,197,,248071,1,,,1,195,,248072,1,,,1,209,,248073,1,,,1,200,,248074,1,,,1
2200,'20260915',808,,248075,1,,,1,100,,248076,1,,,1,201,,248077,1,,,1,200,,248078,1,,,1,197,,248079,1,,,1,195,,248080,1,,,1,209,,248081,1,,,1,200,,248082,1,,,1
2200,'20260916',808,,248083,1,,,1,100,,248084,1,,,1,201,,248085,1,,,1,200,,248086,1,,,1,197,,248087,1,,,1,195,,248088,1,,,1,209,,248089,1,,,1,200,,248090,1,,,1
2200,'20260917',808,,248091,1,,,1,100,,248092,1,,,1,201,,248093,1,,,1,200,,248094,1,,,1,197,,248095,1,,,1,195,,248096,1,,,1,209,,248097,1,,,1,200,,248098,1,,,1
2200,'20260918',808,,248099,1,,,1,100,,248100,1,,,1,201,,248101,1,,,1,200,,248102,1,,,1,197,,248103,1,,,1,195,,248104,1,,,1,209,,248105,1,,,1,200,,248106,1,,,1
2200,'20260921',808,,248107,1,,,1,100,,248108,1,,,1,201,,248109,1,,,1,200,,248110,1,,,1,197,,248111,1,,,1,195,,248112,1,,,1,209,,248113,1,,,1,200,,248114,1,,,1
2200,'20260922',808,,248115,1,,,1,100,,248116,1,,,1,201,,248117,1,,,1,200,,248118,1,,,1,197,,248119,1,,,1,195,,248120,1,,,1,209,,248121,1,,,1,200,,248122,1,,,1
2200,'20260923',808,,248123,1,,,1,100,,248124,1,,,1,201,,248125,1,,,1,200,,248126,1,,,1,197,,248127,1,,,1,195,,248128,1,,,1,209,,248129,1,,,1,200,,248130,1,,,1
2200,'20260924',808,,248131,1,,,1,100,,248132,1,,,1,201,,248133,1,,,1,200,,248134,1,,,1,197,,248135,1,,,1,195,,248136,1,,,1,209,,248137,1,,,1,200,,248138,1,,,1
2200,'20260925',808,,248139,1,,,1,100,,248140,1,,,1,201,,248141,1,,,1,200,,248142,1,,,1,197,,248143,1,,,1,195,,248144,1,,,1,209,,248145,1,,,1,200,,248146,1,,,1
2200,'20260928',808,,248147,1,,,1,100,,248148,1,,,1,201,,248149,1,,,1,200,,248150,1,,,1,197,,248151,1,,,1,195,,248152,1,,,1,209,,248153,1,,,1,200,,248154,1,,,1
2200,'20260929',808,,248155,1,,,1,100,,248156,1,,,1,201,,248157,1,,,1,200,,248158,1,,,1,197,,248159,1,,,1,195,,248160,1,,,1,209,,248161,1,,,1,200,,248162,1,,,1
2200,'20260930',808,,248163,1,,,1,100,,248164,1,,,1,201,,248165,1,,,1,200,,248166,1,,,1,197,,248167,1,,,1,195,,248168,1,,,1,209,,248169,1,,,1,200,,248170,1,,,1
2200,'20261001',808,,248171,1,,,1,100,,248172,1,,,1,201,,248173,1,,,1,200,,248174,1,,,1,197,,248175,1,,,1,195,,248176,1,,,1,209,,248177,1,,,1,200,,248178,1,,,1
2200,'20261002',808,,248179,1,,,1,100,,248180,1,,,1,201,,248181,1,,,1,200,,248182,1,,,1,197,,248183,1,,,1,195,,248184,1,,,1,209,,248185,1,,,1,200,,248186,1,,,1
2200,'20261005',808,,248187,1,,,1,100,,248188,1,,,1,201,,248189,1,,,1,200,,248190,1,,,1,197,,248191,1,,,1,195,,248192,1,,,1,209,,248193,1,,,1,200,,248194,1,,,1
2200,'20261006',808,,248195,1,,,1,100,,248196,1,,,1,201,,248197,1,,,1,200,,248198,1,,,1,197,,248199,1,,,1,195,,248200,1,,,1,209,,248201,1,,,1,200,,248202,1,,,1
2200,'20261007',808,,248203,1,,,1,100,,248204,1,,,1,201,,248205,1,,,1,200,,248206,1,,,1,197,,248207,1,,,1,195,,248208,1,,,1,209,,248209,1,,,1,200,,248210,1,,,1
2200,'20261008',808,,248211,1,,,1,100,,248212,1,,,1,201,,248213,1,,,1,200,,248214,1,,,1,197,,248215,1,,,1,195,,248216,1,,,1,209,,248217,1,,,1,200,,248218,1,,,1
2200,'20261009',808,,248219,1,,,1,100,,248220,1,,,1,201,,248221,1,,,1,200,,248222,1,,,1,197,,248223,1,,,1,195,,248224,1,,,1,209,,248225,1,,,1,200,,248226,1,,,1
2200,'20261013',808,,248227,1,,,1,100,,248228,1,,,1,201,,248229,1,,,1,200,,248230,1,,,1,197,,248231,1,,,1,195,,248232,1,,,1,209,,248233,1,,,1,200,,248234,1,,,1
2200,'20261014',808,,248235,1,,,1,100,,248236,1,,,1,201,,248237,1,,,1,200,,248238,1,,,1,197,,248239,1,,,1,195,,248240,1,,,1,209,,248241,1,,,1,200,,248242,1,,,1
2200,'20261015',808,,248243,1,,,1,100,,248244,1,,,1,201,,248245,1,,,1,200,,248246,1,,,1,197,,248247,1,,,1,195,,248248,1,,,1,209,,248249,1,,,1,200,,248250,1,,,1
2200,'20261016',808,,248251,1,,,1,100,,248252,1,,,1,201,,248253,1,,,1,200,,248254,1,,,1,197,,248255,1,,,1,195,,248256,1,,,1,209,,248257,1,,,1,200,,248258,1,,,1
2200,'20261019',808,,248259,1,,,1,100,,248260,1,,,1,201,,248261,1,,,1,200,,248262,1,,,1,197,,248263,1,,,1,195,,248264,1,,,1,209,,248265,1,,,1,200,,248266,1,,,1
2200,'20261020',808,,248267,1,,,1,100,,248268,1,,,1,201,,248269,1,,,1,200,,248270,1,,,1,197,,248271,1,,,1,195,,248272,1,,,1,209,,248273,1,,,1,200,,248274,1,,,1
2200,'20261021',808,,248275,1,,,1,100,,248276,1,,,1,201,,248277,1,,,1,200,,248278,1,,,1,197,,248279,1,,,1,195,,248280,1,,,1,209,,248281,1,,,1,200,,248282,1,,,1
2200,'20261022',808,,248283,1,,,1,100,,248284,1,,,1,201,,248285,1,,,1,200,,248286,1,,,1,197,,248287,1,,,1,195,,248288,1,,,1,209,,248289,1,,,1,200,,248290,1,,,1
2200,'20261023',808,,248291,1,,,1,100,,248292,1,,,1,201,,248293,1,,,1,200,,248294,1,,,1,197,,248295,1,,,1,195,,248296,1,,,1,209,,248297,1,,,1,200,,248298,1,,,1
2200,'20261026',808,,248299,1,,,1,100,,248300,1,,,1,201,,248301,1,,,1,200,,248302,1,,,1,197,,248303,1,,,1,195,,248304,1,,,1,209,,248305,1,,,1,200,,248306,1,,,1
2200,'20261027',808,,248307,1,,,1,100,,248308,1,,,1,201,,248309,1,,,1,200,,248310,1,,,1,197,,248311,1,,,1,195,,248312,1,,,1,209,,248313,1,,,1,200,,248314,1,,,1
2200,'20261028',808,,248315,1,,,1,100,,248316,1,,,1,201,,248317,1,,,1,200,,248318,1,,,1,197,,248319,1,,,1,195,,248320,1,,,1,209,,248321,1,,,1,200,,248322,1,,,1
2200,'20261029',808,,248323,1,,,1,100,,248324,1,,,1,201,,248325,1,,,1,200,,248326,1,,,1,197,,248327,1,,,1,195,,248328,1,,,1,209,,248329,1,,,1,200,,248330,1,,,1
2200,'20261030',808,,248331,1,,,1,100,,248332,1,,,1,201,,248333,1,,,1,200,,248334,1,,,1,197,,248335,1,,,1,195,,248336,1,,,1,209,,248337,1,,,1,200,,248338,1,,,1
2200,'20261102',808,,248339,1,,,1,100,,248340,1,,,1,201,,248341,1,,,1,200,,248342,1,,,1,197,,248343,1,,,1,195,,248344,1,,,1,209,,248345,1,,,1,200,,248346,1,,,1
2200,'20261103',808,,248347,1,,,1,100,,248348,1,,,1,201,,248349,1,,,1,200,,248350,1,,,1,197,,248351,1,,,1,195,,248352,1,,,1,209,,248353,1,,,1,200,,248354,1,,,1
2200,'20261104',808,,248355,1,,,1,100,,248356,1,,,1,201,,248357,1,,,1,200,,248358,1,,,1,197,,248359,1,,,1,195,,248360,1,,,1,209,,248361,1,,,1,200,,248362,1,,,1
2200,'20261105',808,,248363,1,,,1,100,,248364,1,,,1,201,,248365,1,,,1,200,,248366,1,,,1,197,,248367,1,,,1,195,,248368,1,,,1,209,,248369,1,,,1,200,,248370,1,,,1
2200,'20261106',808,,248371,1,,,1,100,,248372,1,,,1,201,,248373,1,,,1,200,,248374,1,,,1,197,,248375,1,,,1,195,,248376,1,,,1,209,,248377,1,,,1,200,,248378,1,,,1
2200,'20261109',808,,248379,1,,,1,100,,248380,1,,,1,201,,248381,1,,,1,200,,248382,1,,,1,197,,248383,1,,,1,195,,248384,1,,,1,209,,248385,1,,,1,200,,248386,1,,,1
2200,'20261110',808,,248387,1,,,1,100,,248388,1,,,1,201,,248389,1,,,1,200,,248390,1,,,1,197,,248391,1,,,1,195,,248392,1,,,1,209,,248393,1,,,1,200,,248394,1,,,1
2200,'20261111',808,,248395,1,,,1,100,,248396,1,,,1,201,,248397,1,,,1,200,,248398,1,,,1,197,,248399,1,,,1,195,,248400,1,,,1,209,,248401,1,,,1,200,,248402,1,,,1
2200,'20261112',808,,248403,1,,,1,100,,248404,1,,,1,201,,248405,1,,,1,200,,248406,1,,,1,197,,248407,1,,,1,195,,248408,1,,,1,209,,248409,1,,,1,200,,248410,1,,,1
2200,'20261113',808,,248411,1,,,1,100,,248412,1,,,1,201,,248413,1,,,1,200,,248414,1,,,1,197,,248415,1,,,1,195,,248416,1,,,1,209,,248417,1,,,1,200,,248418,1,,,1
2200,'20261116',808,,248419,1,,,1,100,,248420,1,,,1,201,,248421,1,,,1,200,,248422,1,,,1,197,,248423,1,,,1,195,,248424,1,,,1,209,,248425,1,,,1,200,,248426,1,,,1
2200,'20261117',808,,248427,1,,,1,100,,248428,1,,,1,201,,248429,1,,,1,200,,248430,1,,,1,197,,248431,1,,,1,195,,248432,1,,,1,209,,248433,1,,,1,200,,248434,1,,,1
2200,'20261118',808,,248435,1,,,1,100,,248436,1,,,1,201,,248437,1,,,1,200,,248438,1,,,1,197,,248439,1,,,1,195,,248440,1,,,1,209,,248441,1,,,1,200,,248442,1,,,1
2200,'20261119',808,,248443,1,,,1,100,,248444,1,,,1,201,,248445,1,,,1,200,,248446,1,,,1,197,,248447,1,,,1,195,,248448,1,,,1,209,,248449,1,,,1,200,,248450,1,,,1
2200,'20261120',808,,248451,1,,,1,100,,248452,1,,,1,201,,248453,1,,,1,200,,248454,1,,,1,197,,248455,1,,,1,195,,248456,1,,,1,209,,248457,1,,,1,200,,248458,1,,,1
2200,'20261123',808,,248459,1,,,1,100,,248460,1,,,1,201,,248461,1,,,1,200,,248462,1,,,1,197,,248463,1,,,1,195,,248464,1,,,1,209,,248465,1,,,1,200,,248466,1,,,1
2200,'20261124',808,,248467,1,,,1,100,,248468,1,,,1,201,,248469,1,,,1,200,,248470,1,,,1,197,,248471,1,,,1,195,,248472,1,,,1,209,,248473,1,,,1,200,,248474,1,,,1
2200,'20261125',808,,248475,1,,,1,100,,248476,1,,,1,201,,248477,1,,,1,200,,248478,1,,,1,197,,248479,1,,,1,195,,248480,1,,,1,209,,248481,1,,,1,200,,248482,1,,,1
2200,'20261126',808,,248483,1,,,1,100,,248484,1,,,1,201,,248485,1,,,1,200,,248486,1,,,1,197,,248487,1,,,1,195,,248488,1,,,1,209,,248489,1,,,1,200,,248490,1,,,1
2200,'20261127',808,,248491,1,,,1,100,,248492,1,,,1,201,,248493,1,,,1,200,,248494,1,,,1,197,,248495,1,,,1,195,,248496,1,,,1,209,,248497,1,,,1,200,,248498,1,,,1
2201,'20260910',749,,248515,23,4,,1,97,,248516,23,4,,1,200,,248517,23,4,,1,200,,248518,23,4,,1,200,,248519,23,4,,1,205,,248520,23,4,,1,200,,248521,23,4,,1,194,,248522,23,4,,1
2201,'20260911',749,,248523,23,4,,1,97,,248524,23,4,,1,200,,248525,23,4,,1,200,,248526,23,4,,1,200,,248527,23,4,,1,205,,248528,23,4,,1,200,,248529,23,4,,1,194,,248530,23,4,,1
2201,'20260914',749,,248531,23,4,,1,97,,248532,23,4,,1,200,,248533,23,4,,1,200,,248534,23,4,,1,200,,248535,23,4,,1,205,,248536,23,4,,1,200,,248537,23,4,,1,194,,248538,23,4,,1
2201,'20260915',749,,248539,23,4,,1,97,,248540,23,4,,1,200,,248541,23,4,,1,200,,248542,23,4,,1,200,,248543,23,4,,1,205,,248544,23,4,,1,200,,248545,23,4,,1,194,,248546,23,4,,1
2201,'20260916',749,,248547,23,4,,1,97,,248548,23,4,,1,200,,248549,23,4,,1,200,,248550,23,4,,1,200,,248551,23,4,,1,205,,248552,23,4,,1,200,,248553,23,4,,1,194,,248554,23,4,,1
2201,'20260917',749,,248555,23,4,,1,97,,248556,23,4,,1,200,,248557,23,4,,1,200,,248558,23,4,,1,200,,248559,23,4,,1,205,,248560,23,4,,1,200,,248561,23,4,,1,194,,248562,23,4,,1
2201,'20260918',749,,248563,23,4,,1,97,,248564,23,4,,1,200,,248565,23,4,,1,200,,248566,23,4,,1,200,,248567,23,4,,1,205,,248568,23,4,,1,200,,248569,23,4,,1,194,,248570,23,4,,1
2201,'20260921',749,,248571,23,4,,1,97,,248572,23,4,,1,200,,248573,23,4,,1,200,,248574,23,4,,1,200,,248575,23,4,,1,205,,248576,23,4,,1,200,,248577,23,4,,1,194,,248578,23,4,,1
2201,'20260922',749,,248579,23,4,,1,97,,248580,23,4,,1,200,,248581,23,4,,1,200,,248582,23,4,,1,200,,248583,23,4,,1,205,,248584,23,4,,1,200,,248585,23,4,,1,194,,248586,23,4,,1
2201,'20260923',749,,248587,23,4,,1,97,,248588,23,4,,1,200,,248589,23,4,,1,200,,248590,23,4,,1,200,,248591,23,4,,1,205,,248592,23,4,,1,200,,248593,23,4,,1,194,,248594,23,4,,1
2201,'20260924',749,,248595,23,4,,1,97,,248596,23,4,,1,200,,248597,23,4,,1,200,,248598,23,4,,1,200,,248599,23,4,,1,205,,248600,23,4,,1,200,,248601,23,4,,1,194,,248602,23,4,,1
2201,'20260925',749,,248603,23,4,,1,97,,248604,23,4,,1,200,,248605,23,4,,1,200,,248606,23,4,,1,200,,248607,23,4,,1,205,,248608,23,4,,1,200,,248609,23,4,,1,194,,248610,23,4,,1
2201,'20260928',749,,248611,23,4,,1,97,,248612,23,4,,1,200,,248613,23,4,,1,200,,248614,23,4,,1,200,,248615,23,4,,1,205,,248616,23,4,,1,200,,248617,23,4,,1,194,,248618,23,4,,1
2201,'20260929',749,,248619,23,4,,1,97,,248620,23,4,,1,200,,248621,23,4,,1,200,,248622,23,4,,1,200,,248623,23,4,,1,205,,248624,23,4,,1,200,,248625,23,4,,1,194,,248626,23,4,,1
2201,'20260930',749,,248627,23,4,,1,97,,248628,23,4,,1,200,,248629,23,4,,1,200,,248630,23,4,,1,200,,248631,23,4,,1,205,,248632,23,4,,1,200,,248633,23,4,,1,194,,248634,23,4,,1
2201,'20261001',749,,248635,23,4,,1,97,,248636,23,4,,1,200,,248637,23,4,,1,200,,248638,23,4,,1,200,,248639,23,4,,1,205,,248640,23,4,,1,200,,248641,23,4,,1,194,,248642,23,4,,1
2201,'20261002',749,,248643,23,4,,1,97,,248644,23,4,,1,200,,248645,23,4,,1,200,,248646,23,4,,1,200,,248647,23,4,,1,205,,248648,23,4,,1,200,,248649,23,4,,1,194,,248650,23,4,,1
2201,'20261005',749,,248651,23,4,,1,97,,248652,23,4,,1,200,,248653,23,4,,1,200,,248654,23,4,,1,200,,248655,23,4,,1,205,,248656,23,4,,1,200,,248657,23,4,,1,194,,248658,23,4,,1
2201,'20261006',749,,248659,23,4,,1,97,,248660,23,4,,1,200,,248661,23,4,,1,200,,248662,23,4,,1,200,,248663,23,4,,1,205,,248664,23,4,,1,200,,248665,23,4,,1,194,,248666,23,4,,1
2201,'20261007',749,,248667,23,4,,1,97,,248668,23,4,,1,200,,248669,23,4,,1,200,,248670,23,4,,1,200,,248671,23,4,,1,205,,248672,23,4,,1,200,,248673,23,4,,1,194,,248674,23,4,,1
2201,'20261008',749,,248675,23,4,,1,97,,248676,23,4,,1,200,,248677,23,4,,1,200,,248678,23,4,,1,200,,248679,23,4,,1,205,,248680,23,4,,1,200,,248681,23,4,,1,194,,248682,23,4,,1
2201,'20261009',749,,248683,23,4,,1,97,,248684,23,4,,1,200,,248685,23,4,,1,200,,248686,23,4,,1,200,,248687,23,4,,1,205,,248688,23,4,,1,200,,248689,23,4,,1,194,,248690,23,4,,1
2201,'20261013',749,,248691,23,4,,1,97,,248692,23,4,,1,200,,248693,23,4,,1,200,,248694,23,4,,1,200,,248695,23,4,,1,205,,248696,23,4,,1,200,,248697,23,4,,1,194,,248698,23,4,,1
2201,'20261014',749,,248699,23,4,,1,97,,248700,23,4,,1,200,,248701,23,4,,1,200,,248702,23,4,,1,200,,248703,23,4,,1,205,,248704,23,4,,1,200,,248705,23,4,,1,194,,248706,23,4,,1
2201,'20261015',749,,248707,23,4,,1,97,,248708,23,4,,1,200,,248709,23,4,,1,200,,248710,23,4,,1,200,,248711,23,4,,1,205,,248712,23,4,,1,200,,248713,23,4,,1,194,,248714,23,4,,1
2201,'20261016',749,,248715,23,4,,1,97,,248716,23,4,,1,200,,248717,23,4,,1,200,,248718,23,4,,1,200,,248719,23,4,,1,205,,248720,23,4,,1,200,,248721,23,4,,1,194,,248722,23,4,,1
2201,'20261019',749,,248723,23,4,,1,97,,248724,23,4,,1,200,,248725,23,4,,1,200,,248726,23,4,,1,200,,248727,23,4,,1,205,,248728,23,4,,1,200,,248729,23,4,,1,194,,248730,23,4,,1
2201,'20261020',749,,248731,23,4,,1,97,,248732,23,4,,1,200,,248733,23,4,,1,200,,248734,23,4,,1,200,,248735,23,4,,1,205,,248736,23,4,,1,200,,248737,23,4,,1,194,,248738,23,4,,1
2201,'20261021',749,,248739,23,4,,1,97,,248740,23,4,,1,200,,248741,23,4,,1,200,,248742,23,4,,1,200,,248743,23,4,,1,205,,248744,23,4,,1,200,,248745,23,4,,1,194,,248746,23,4,,1
2201,'20261022',749,,248747,23,4,,1,97,,248748,23,4,,1,200,,248749,23,4,,1,200,,248750,23,4,,1,200,,248751,23,4,,1,205,,248752,23,4,,1,200,,248753,23,4,,1,194,,248754,23,4,,1
2201,'20261023',749,,248755,23,4,,1,97,,248756,23,4,,1,200,,248757,23,4,,1,200,,248758,23,4,,1,200,,248759,23,4,,1,205,,248760,23,4,,1,200,,248761,23,4,,1,194,,248762,23,4,,1
2201,'20261026',749,,248763,23,4,,1,97,,248764,23,4,,1,200,,248765,23,4,,1,200,,248766,23,4,,1,200,,248767,23,4,,1,205,,248768,23,4,,1,200,,248769,23,4,,1,194,,248770,23,4,,1
2201,'20261027',749,,248771,23,4,,1,97,,248772,23,4,,1,200,,248773,23,4,,1,200,,248774,23,4,,1,200,,248775,23,4,,1,205,,248776,23,4,,1,200,,248777,23,4,,1,194,,248778,23,4,,1
2201,'20261028',749,,248779,23,4,,1,97,,248780,23,4,,1,200,,248781,23,4,,1,200,,248782,23,4,,1,200,,248783,23,4,,1,205,,248784,23,4,,1,200,,248785,23,4,,1,194,,248786,23,4,,1
2201,'20261029',749,,248787,23,4,,1,97,,248788,23,4,,1,200,,248789,23,4,,1,200,,248790,23,4,,1,200,,248791,23,4,,1,205,,248792,23,4,,1,200,,248793,23,4,,1,194,,248794,23,4,,1
2201,'20261030',749,,248795,23,4,,1,97,,248796,23,4,,1,200,,248797,23,4,,1,200,,248798,23,4,,1,200,,248799,23,4,,1,205,,248800,23,4,,1,200,,248801,23,4,,1,194,,248802,23,4,,1
2201,'20261102',749,,248803,23,4,,1,97,,248804,23,4,,1,200,,248805,23,4,,1,200,,248806,23,4,,1,200,,248807,23,4,,1,205,,248808,23,4,,1,200,,248809,23,4,,1,194,,248810,23,4,,1
2201,'20261103',749,,248811,23,4,,1,97,,248812,23,4,,1,200,,248813,23,4,,1,200,,248814,23,4,,1,200,,248815,23,4,,1,205,,248816,23,4,,1,200,,248817,23,4,,1,194,,248818,23,4,,1
2201,'20261104',749,,248819,23,4,,1,97,,248820,23,4,,1,200,,248821,23,4,,1,200,,248822,23,4,,1,200,,248823,23,4,,1,205,,248824,23,4,,1,200,,248825,23,4,,1,194,,248826,23,4,,1
2201,'20261105',749,,248827,23,4,,1,97,,248828,23,4,,1,200,,248829,23,4,,1,200,,248830,23,4,,1,200,,248831,23,4,,1,205,,248832,23,4,,1,200,,248833,23,4,,1,194,,248834,23,4,,1
2201,'20261106',749,,248835,23,4,,1,97,,248836,23,4,,1,200,,248837,23,4,,1,200,,248838,23,4,,1,200,,248839,23,4,,1,205,,248840,23,4,,1,200,,248841,23,4,,1,194,,248842,23,4,,1
2201,'20261109',749,,248843,23,4,,1,97,,248844,23,4,,1,200,,248845,23,4,,1,200,,248846,23,4,,1,200,,248847,23,4,,1,205,,248848,23,4,,1,200,,248849,23,4,,1,194,,248850,23,4,,1
2201,'20261110',749,,248851,23,4,,1,97,,248852,23,4,,1,200,,248853,23,4,,1,200,,248854,23,4,,1,200,,248855,23,4,,1,205,,248856,23,4,,1,200,,248857,23,4,,1,194,,248858,23,4,,1
2201,'20261111',749,,248859,23,4,,1,97,,248860,23,4,,1,200,,248861,23,4,,1,200,,248862,23,4,,1,200,,248863,23,4,,1,205,,248864,23,4,,1,200,,248865,23,4,,1,194,,248866,23,4,,1
2201,'20261112',749,,248867,23,4,,1,97,,248868,23,4,,1,200,,248869,23,4,,1,200,,248870,23,4,,1,200,,248871,23,4,,1,205,,248872,23,4,,1,200,,248873,23,4,,1,194,,248874,23,4,,1
2201,'20261113',749,,248875,23,4,,1,97,,248876,23,4,,1,200,,248877,23,4,,1,200,,248878,23,4,,1,200,,248879,23,4,,1,205,,248880,23,4,,1,200,,248881,23,4,,1,194,,248882,23,4,,1
2201,'20261116',749,,248883,23,4,,1,97,,248884,23,4,,1,200,,248885,23,4,,1,200,,248886,23,4,,1,200,,248887,23,4,,1,205,,248888,23,4,,1,200,,248889,23,4,,1,194,,248890,23,4,,1
2201,'20261117',749,,248891,23,4,,1,97,,248892,23,4,,1,200,,248893,23,4,,1,200,,248894,23,4,,1,200,,248895,23,4,,1,205,,248896,23,4,,1,200,,248897,23,4,,1,194,,248898,23,4,,1
2201,'20261118',749,,248899,23,4,,1,97,,248900,23,4,,1,200,,248901,23,4,,1,200,,248902,23,4,,1,200,,248903,23,4,,1,205,,248904,23,4,,1,200,,248905,23,4,,1,194,,248906,23,4,,1
2201,'20261119',749,,248907,23,4,,1,97,,248908,23,4,,1,200,,248909,23,4,,1,200,,248910,23,4,,1,200,,248911,23,4,,1,205,,248912,23,4,,1,200,,248913,23,4,,1,194,,248914,23,4,,1
2201,'20261120',749,,248915,23,4,,1,97,,248916,23,4,,1,200,,248917,23,4,,1,200,,248918,23,4,,1,200,,248919,23,4,,1,205,,248920,23,4,,1,200,,248921,23,4,,1,194,,248922,23,4,,1
2201,'20261123',749,,248923,23,4,,1,97,,248924,23,4,,1,200,,248925,23,4,,1,200,,248926,23,4,,1,200,,248927,23,4,,1,205,,248928,23,4,,1,200,,248929,23,4,,1,194,,248930,23,4,,1
2201,'20261124',749,,248931,23,4,,1,97,,248932,23,4,,1,200,,248933,23,4,,1,200,,248934,23,4,,1,200,,248935,23,4,,1,205,,248936,23,4,,1,200,,248937,23,4,,1,194,,248938,23,4,,1
2201,'20261125',749,,248939,23,4,,1,97,,248940,23,4,,1,200,,248941,23,4,,1,200,,248942,23,4,,1,200,,248943,23,4,,1,205,,248944,23,4,,1,200,,248945,23,4,,1,194,,248946,23,4,,1
2201,'20261126',749,,248947,23,4,,1,97,,248948,23,4,,1,200,,248949,23,4,,1,200,,248950,23,4,,1,200,,248951,23,4,,1,205,,248952,23,4,,1,200,,248953,23,4,,1,194,,248954,23,4,,1
2201,'20261127',749,,248955,23,4,,1,97,,248956,23,4,,1,200,,248957,23,4,,1,200,,248958,23,4,,1,200,,248959,23,4,,1,205,,248960,23,4,,1,200,,248961,23,4,,1,194,,248962,23,4,,1
5600,'20260910',505,,307319,1,0,102 12 9,1,40,,307321,1,0,102 12 9,1,65,,307323,1,0,102 12 9,1,30,,307324,1,0,102 12 9,1,70,,307326,1,0,102 12 9,1,30,,307327,1,0,102 12 9,1,70,,307329,1,0,102 12 9,1,35,,307330,1,0,102 12 9,1,70,,307331,1,0,102 12 9,1,30,,307332,1,0,102 12 9,1,70,,307333,1,0,102 12 9,1,35,,307334,1,0,102 12 9,1,65,,307335,1,0,102 12 9,1,30,,307336,1,0,102 12 9,1,70,,307337,1,0,102 12 9,1,30,,307338,1,0,102 12 9,1,70,,307339,1,0,102 12 9,1,30,,307340,1,0,102 12 9,1,70,,307341,1,0,102 12 9,1,30,,307342,1,0,102 12 9,1,65,,307343,1,0,102 12 9,1,35,,307344,1,0,102 12 9,1,55,,307345,1,0,31 42 9,1,15,,307346,1,0,102 12 9,1,30,,307347,1,0,102 12 9,1,60,,307348,1,0,31 42 9,1,10,,307349,1,0,102 12 9,1,30,,307350,1,0,102 12 9,1,55,,307351,1,0,5 20 39,1,20,,307352,1,0,102 12 9,1,20,,307353,1,0,102 12 9,1,70,,307354,1,0,102 12 9,1,40,,307355,1,0,102 12 9,1,100,,307356,1,0,102 12 9,1,100,,307357,1,0,102 12 9,1,100,,307358,1,0,102 12 9,1
5600,'20260911',505,,307359,1,0,102 12 9,1,40,,307361,1,0,102 12 9,1,65,,307363,1,0,102 12 9,1,30,,307364,1,0,102 12 9,1,70,,307366,1,0,102 12 9,1,30,,307367,1,0,102 12 9,1,70,,307369,1,0,102 12 9,1,35,,307370,1,0,102 12 9,1,70,,307371,1,0,102 12 9,1,30,,307372,1,0,102 12 9,1,70,,307373,1,0,102 12 9,1,35,,307374,1,0,102 12 9,1,65,,307375,1,0,102 12 9,1,30,,307376,1,0,102 12 9,1,70,,307377,1,0,102 12 9,1,30,,307378,1,0,102 12 9,1,70,,307379,1,0,102 12 9,1,30,,307380,1,0,102 12 9,1,70,,307381,1,0,102 12 9,1,30,,307382,1,0,102 12 9,1,65,,307383,1,0,102 12 9,1,35,,307384,1,0,102 12 9,1,55,,307385,1,0,31 42 9,1,15,,307386,1,0,102 12 9,1,30,,307387,1,0,102 12 9,1,60,,307388,1,0,31 42 9,1,10,,307389,1,0,102 12 9,1,30,,307390,1,0,102 12 9,1,55,,307391,1,0,5 20 39,1,20,,307392,1,0,102 12 9,1,20,,307393,1,0,102 12 9,1,70,,307394,1,0,102 12 9,1,40,,307395,1,0,102 12 9,1,100,,307396,1,0,102 12 9,1,100,,307397,1,0,102 12 9,1,100,,307398,1,0,102 12 9,1
5600,'20260914',505,,307399,1,0,102 12 9,1,40,,307401,1,0,102 12 9,1,65,,307403,1,0,102 12 9,1,30,,307404,1,0,102 12 9,1,70,,307406,1,0,102 12 9,1,30,,307407,1,0,102 12 9,1,70,,307409,1,0,102 12 9,1,35,,307410,1,0,102 12 9,1,70,,307411,1,0,102 12 9,1,30,,307412,1,0,102 12 9,1,70,,307413,1,0,102 12 9,1,35,,307414,1,0,102 12 9,1,65,,307415,1,0,102 12 9,1,30,,307416,1,0,102 12 9,1,70,,307417,1,0,102 12 9,1,30,,307418,1,0,102 12 9,1,70,,307419,1,0,102 12 9,1,30,,307420,1,0,102 12 9,1,70,,307421,1,0,102 12 9,1,30,,307422,1,0,102 12 9,1,65,,307423,1,0,102 12 9,1,35,,307424,1,0,102 12 9,1,55,,307425,1,0,31 42 9,1,15,,307426,1,0,102 12 9,1,30,,307427,1,0,102 12 9,1,60,,307428,1,0,31 42 9,1,10,,307429,1,0,102 12 9,1,30,,307430,1,0,102 12 9,1,55,,307431,1,0,5 20 39,1,20,,307432,1,0,102 12 9,1,20,,307433,1,0,102 12 9,1,70,,307434,1,0,102 12 9,1,40,,307435,1,0,102 12 9,1,100,,307436,1,0,102 12 9,1,100,,307437,1,0,102 12 9,1,100,,307438,1,0,102 12 9,1
5600,'20260915',505,,307439,1,0,102 12 9,1,40,,307441,1,0,102 12 9,1,65,,307443,1,0,102 12 9,1,30,,307444,1,0,102 12 9,1,70,,307446,1,0,102 12 9,1,30,,307447,1,0,102 12 9,1,70,,307449,1,0,102 12 9,1,35,,307450,1,0,102 12 9,1,70,,307451,1,0,102 12 9,1,30,,307452,1,0,102 12 9,1,70,,307453,1,0,102 12 9,1,35,,307454,1,0,102 12 9,1,65,,307455,1,0,102 12 9,1,30,,307456,1,0,102 12 9,1,70,,307457,1,0,102 12 9,1,30,,307458,1,0,102 12 9,1,70,,307459,1,0,102 12 9,1,30,,307460,1,0,102 12 9,1,70,,307461,1,0,102 12 9,1,30,,307462,1,0,102 12 9,1,65,,307463,1,0,102 12 9,1,35,,307464,1,0,102 12 9,1,55,,307465,1,0,31 42 9,1,15,,307466,1,0,102 12 9,1,30,,307467,1,0,102 12 9,1,60,,307468,1,0,31 42 9,1,10,,307469,1,0,102 12 9,1,30,,307470,1,0,102 12 9,1,55,,307471,1,0,5 20 39,1,20,,307472,1,0,102 12 9,1,20,,307473,1,0,102 12 9,1,70,,307474,1,0,102 12 9,1,40,,307475,1,0,102 12 9,1,100,,307476,1,0,102 12 9,1,100,,307477,1,0,102 12 9,1,100,,307478,1,0,102 12 9,1
5600,'20260916',505,,307479,1,0,102 12 9,1,40,,307481,1,0,102 12 9,1,65,,307483,1,0,102 12 9,1,30,,307484,1,0,102 12 9,1,70,,307486,1,0,102 12 9,1,30,,307487,1,0,102 12 9,1,70,,307489,1,0,102 12 9,1,35,,307490,1,0,102 12 9,1,70,,307491,1,0,102 12 9,1,30,,307492,1,0,102 12 9,1,70,,307493,1,0,102 12 9,1,35,,307494,1,0,102 12 9,1,65,,307495,1,0,102 12 9,1,30,,307496,1,0,102 12 9,1,70,,307497,1,0,102 12 9,1,30,,307498,1,0,102 12 9,1,70,,307499,1,0,102 12 9,1,30,,307500,1,0,102 12 9,1,70,,307501,1,0,102 12 9,1,30,,307502,1,0,102 12 9,1,65,,307503,1,0,102 12 9,1,35,,307504,1,0,102 12 9,1,55,,307505,1,0,31 42 9,1,15,,307506,1,0,102 12 9,1,30,,307507,1,0,102 12 9,1,60,,307508,1,0,31 42 9,1,10,,307509,1,0,102 12 9,1,30,,307510,1,0,102 12 9,1,55,,307511,1,0,5 20 39,1,20,,307512,1,0,102 12 9,1,20,,307513,1,0,102 12 9,1,70,,307514,1,0,102 12 9,1,40,,307515,1,0,102 12 9,1,100,,307516,1,0,102 12 9,1,100,,307517,1,0,102 12 9,1,100,,307518,1,0,102 12 9,1
5600,'20260917',505,,307519,1,0,102 12 9,1,40,,307521,1,0,102 12 9,1,65,,307523,1,0,102 12 9,1,30,,307524,1,0,102 12 9,1,70,,307526,1,0,102 12 9,1,30,,307527,1,0,102 12 9,1,70,,307529,1,0,102 12 9,1,35,,307530,1,0,102 12 9,1,70,,307531,1,0,102 12 9,1,30,,307532,1,0,102 12 9,1,70,,307533,1,0,102 12 9,1,35,,307534,1,0,102 12 9,1,65,,307535,1,0,102 12 9,1,30,,307536,1,0,102 12 9,1,70,,307537,1,0,102 12 9,1,30,,307538,1,0,102 12 9,1,70,,307539,1,0,102 12 9,1,30,,307540,1,0,102 12 9,1,70,,307541,1,0,102 12 9,1,30,,307542,1,0,102 12 9,1,65,,307543,1,0,102 12 9,1,35,,307544,1,0,102 12 9,1,55,,307545,1,0,31 42 9,1,15,,307546,1,0,102 12 9,1,30,,307547,1,0,102 12 9,1,60,,307548,1,0,31 42 9,1,10,,307549,1,0,102 12 9,1,30,,307550,1,0,102 12 9,1,55,,307551,1,0,5 20 39,1,20,,307552,1,0,102 12 9,1,20,,307553,1,0,102 12 9,1,70,,307554,1,0,102 12 9,1,40,,307555,1,0,102 12 9,1,100,,307556,1,0,102 12 9,1,100,,307557,1,0,102 12 9,1,100,,307558,1,0,102 12 9,1
5600,'20260918',505,,307559,1,0,102 12 9,1,40,,307561,1,0,102 12 9,1,65,,307563,1,0,102 12 9,1,30,,307564,1,0,102 12 9,1,70,,307566,1,0,102 12 9,1,30,,307567,1,0,102 12 9,1,70,,307569,1,0,102 12 9,1,35,,307570,1,0,102 12 9,1,70,,307571,1,0,102 12 9,1,30,,307572,1,0,102 12 9,1,70,,307573,1,0,102 12 9,1,35,,307574,1,0,102 12 9,1,65,,307575,1,0,102 12 9,1,30,,307576,1,0,102 12 9,1,70,,307577,1,0,102 12 9,1,30,,307578,1,0,102 12 9,1,70,,307579,1,0,102 12 9,1,30,,307580,1,0,102 12 9,1,70,,307581,1,0,102 12 9,1,30,,307582,1,0,102 12 9,1,65,,307583,1,0,102 12 9,1,35,,307584,1,0,102 12 9,1,55,,307585,1,0,31 42 9,1,15,,307586,1,0,102 12 9,1,30,,307587,1,0,102 12 9,1,60,,307588,1,0,31 42 9,1,10,,307589,1,0,102 12 9,1,30,,307590,1,0,102 12 9,1,55,,307591,1,0,5 20 39,1,20,,307592,1,0,102 12 9,1,20,,307593,1,0,102 12 9,1,70,,307594,1,0,102 12 9,1,40,,307595,1,0,102 12 9,1,100,,307596,1,0,102 12 9,1,100,,307597,1,0,102 12 9,1,100,,307598,1,0,102 12 9,1
5600,'20260921',505,,307599,1,0,102 12 9,1,40,,307601,1,0,102 12 9,1,65,,307603,1,0,102 12 9,1,30,,307604,1,0,102 12 9,1,70,,307606,1,0,102 12 9,1,30,,307607,1,0,102 12 9,1,70,,307609,1,0,102 12 9,1,35,,307610,1,0,102 12 9,1,70,,307611,1,0,102 12 9,1,30,,307612,1,0,102 12 9,1,70,,307613,1,0,102 12 9,1,35,,307614,1,0,102 12 9,1,65,,307615,1,0,102 12 9,1,30,,307616,1,0,102 12 9,1,70,,307617,1,0,102 12 9,1,30,,307618,1,0,102 12 9,1,70,,307619,1,0,102 12 9,1,30,,307620,1,0,102 12 9,1,70,,307621,1,0,102 12 9,1,30,,307622,1,0,102 12 9,1,65,,307623,1,0,102 12 9,1,35,,307624,1,0,102 12 9,1,55,,307625,1,0,31 42 9,1,15,,307626,1,0,102 12 9,1,30,,307627,1,0,102 12 9,1,60,,307628,1,0,31 42 9,1,10,,307629,1,0,102 12 9,1,30,,307630,1,0,102 12 9,1,55,,307631,1,0,5 20 39,1,20,,307632,1,0,102 12 9,1,20,,307633,1,0,102 12 9,1,70,,307634,1,0,102 12 9,1,40,,307635,1,0,102 12 9,1,100,,307636,1,0,102 12 9,1,100,,307637,1,0,102 12 9,1,100,,307638,1,0,102 12 9,1
5600,'20260922',505,,307639,1,0,102 12 9,1,40,,307641,1,0,102 12 9,1,65,,307643,1,0,102 12 9,1,30,,307644,1,0,102 12 9,1,70,,307646,1,0,102 12 9,1,30,,307647,1,0,102 12 9,1,70,,307649,1,0,102 12 9,1,35,,307650,1,0,102 12 9,1,70,,307651,1,0,102 12 9,1,30,,307652,1,0,102 12 9,1,70,,307653,1,0,102 12 9,1,35,,307654,1,0,102 12 9,1,65,,307655,1,0,102 12 9,1,30,,307656,1,0,102 12 9,1,70,,307657,1,0,102 12 9,1,30,,307658,1,0,102 12 9,1,70,,307659,1,0,102 12 9,1,30,,307660,1,0,102 12 9,1,70,,307661,1,0,102 12 9,1,30,,307662,1,0,102 12 9,1,65,,307663,1,0,102 12 9,1,35,,307664,1,0,102 12 9,1,55,,307665,1,0,31 42 9,1,15,,307666,1,0,102 12 9,1,30,,307667,1,0,102 12 9,1,60,,307668,1,0,31 42 9,1,10,,307669,1,0,102 12 9,1,30,,307670,1,0,102 12 9,1,55,,307671,1,0,5 20 39,1,20,,307672,1,0,102 12 9,1,20,,307673,1,0,102 12 9,1,70,,307674,1,0,102 12 9,1,40,,307675,1,0,102 12 9,1,100,,307676,1,0,102 12 9,1,100,,307677,1,0,102 12 9,1,100,,307678,1,0,102 12 9,1
5600,'20260923',505,,307679,1,0,102 12 9,1,40,,307681,1,0,102 12 9,1,65,,307683,1,0,102 12 9,1,30,,307684,1,0,102 12 9,1,70,,307686,1,0,102 12 9,1,30,,307687,1,0,102 12 9,1,70,,307689,1,0,102 12 9,1,35,,307690,1,0,102 12 9,1,70,,307691,1,0,102 12 9,1,30,,307692,1,0,102 12 9,1,70,,307693,1,0,102 12 9,1,35,,307694,1,0,102 12 9,1,65,,307695,1,0,102 12 9,1,30,,307696,1,0,102 12 9,1,70,,307697,1,0,102 12 9,1,30,,307698,1,0,102 12 9,1,70,,307699,1,0,102 12 9,1,30,,307700,1,0,102 12 9,1,70,,307701,1,0,102 12 9,1,30,,307702,1,0,102 12 9,1,65,,307703,1,0,102 12 9,1,35,,307704,1,0,102 12 9,1,55,,307705,1,0,31 42 9,1,15,,307706,1,0,102 12 9,1,30,,307707,1,0,102 12 9,1,60,,307708,1,0,31 42 9,1,10,,307709,1,0,102 12 9,1,30,,307710,1,0,102 12 9,1,55,,307711,1,0,5 20 39,1,20,,307712,1,0,102 12 9,1,20,,307713,1,0,102 12 9,1,70,,307714,1,0,102 12 9,1,40,,307715,1,0,102 12 9,1,100,,307716,1,0,102 12 9,1,100,,307717,1,0,102 12 9,1,100,,307718,1,0,102 12 9,1
5600,'20260924',505,,307719,1,0,102 12 9,1,40,,307721,1,0,102 12 9,1,65,,307723,1,0,102 12 9,1,30,,307724,1,0,102 12 9,1,70,,307726,1,0,102 12 9,1,30,,307727,1,0,102 12 9,1,70,,307729,1,0,102 12 9,1,35,,307730,1,0,102 12 9,1,70,,307731,1,0,102 12 9,1,30,,307732,1,0,102 12 9,1,70,,307733,1,0,102 12 9,1,35,,307734,1,0,102 12 9,1,65,,307735,1,0,102 12 9,1,30,,307736,1,0,102 12 9,1,70,,307737,1,0,102 12 9,1,30,,307738,1,0,102 12 9,1,70,,307739,1,0,102 12 9,1,30,,307740,1,0,102 12 9,1,70,,307741,1,0,102 12 9,1,30,,307742,1,0,102 12 9,1,65,,307743,1,0,102 12 9,1,35,,307744,1,0,102 12 9,1,55,,307745,1,0,31 42 9,1,15,,307746,1,0,102 12 9,1,30,,307747,1,0,102 12 9,1,60,,307748,1,0,31 42 9,1,10,,307749,1,0,102 12 9,1,30,,307750,1,0,102 12 9,1,55,,307751,1,0,5 20 39,1,20,,307752,1,0,102 12 9,1,20,,307753,1,0,102 12 9,1,70,,307754,1,0,102 12 9,1,40,,307755,1,0,102 12 9,1,100,,307756,1,0,102 12 9,1,100,,307757,1,0,102 12 9,1,100,,307758,1,0,102 12 9,1
5600,'20260925',505,,307759,1,0,102 12 9,1,40,,307761,1,0,102 12 9,1,65,,307763,1,0,102 12 9,1,30,,307764,1,0,102 12 9,1,70,,307766,1,0,102 12 9,1,30,,307767,1,0,102 12 9,1,70,,307769,1,0,102 12 9,1,35,,307770,1,0,102 12 9,1,70,,307771,1,0,102 12 9,1,30,,307772,1,0,102 12 9,1,70,,307773,1,0,102 12 9,1,35,,307774,1,0,102 12 9,1,65,,307775,1,0,102 12 9,1,30,,307776,1,0,102 12 9,1,70,,307777,1,0,102 12 9,1,30,,307778,1,0,102 12 9,1,70,,307779,1,0,102 12 9,1,30,,307780,1,0,102 12 9,1,70,,307781,1,0,102 12 9,1,30,,307782,1,0,102 12 9,1,65,,307783,1,0,102 12 9,1,35,,307784,1,0,102 12 9,1,55,,307785,1,0,31 42 9,1,15,,307786,1,0,102 12 9,1,30,,307787,1,0,102 12 9,1,60,,307788,1,0,31 42 9,1,10,,307789,1,0,102 12 9,1,30,,307790,1,0,102 12 9,1,55,,307791,1,0,5 20 39,1,20,,307792,1,0,102 12 9,1,20,,307793,1,0,102 12 9,1,70,,307794,1,0,102 12 9,1,40,,307795,1,0,102 12 9,1,100,,307796,1,0,102 12 9,1,100,,307797,1,0,102 12 9,1,100,,307798,1,0,102 12 9,1
5600,'20260928',505,,307799,1,0,102 12 9,1,40,,307801,1,0,102 12 9,1,65,,307803,1,0,102 12 9,1,30,,307804,1,0,102 12 9,1,70,,307806,1,0,102 12 9,1,30,,307807,1,0,102 12 9,1,70,,307809,1,0,102 12 9,1,35,,307810,1,0,102 12 9,1,70,,307811,1,0,102 12 9,1,30,,307812,1,0,102 12 9,1,70,,307813,1,0,102 12 9,1,35,,307814,1,0,102 12 9,1,65,,307815,1,0,102 12 9,1,30,,307816,1,0,102 12 9,1,70,,307817,1,0,102 12 9,1,30,,307818,1,0,102 12 9,1,70,,307819,1,0,102 12 9,1,30,,307820,1,0,102 12 9,1,70,,307821,1,0,102 12 9,1,30,,307822,1,0,102 12 9,1,65,,307823,1,0,102 12 9,1,35,,307824,1,0,102 12 9,1,55,,307825,1,0,31 42 9,1,15,,307826,1,0,102 12 9,1,30,,307827,1,0,102 12 9,1,60,,307828,1,0,31 42 9,1,10,,307829,1,0,102 12 9,1,30,,307830,1,0,102 12 9,1,55,,307831,1,0,5 20 39,1,20,,307832,1,0,102 12 9,1,20,,307833,1,0,102 12 9,1,70,,307834,1,0,102 12 9,1,40,,307835,1,0,102 12 9,1,100,,307836,1,0,102 12 9,1,100,,307837,1,0,102 12 9,1,100,,307838,1,0,102 12 9,1
5600,'20260929',505,,307839,1,0,102 12 9,1,40,,307841,1,0,102 12 9,1,65,,307843,1,0,102 12 9,1,30,,307844,1,0,102 12 9,1,70,,307846,1,0,102 12 9,1,30,,307847,1,0,102 12 9,1,70,,307849,1,0,102 12 9,1,35,,307850,1,0,102 12 9,1,70,,307851,1,0,102 12 9,1,30,,307852,1,0,102 12 9,1,70,,307853,1,0,102 12 9,1,35,,307854,1,0,102 12 9,1,65,,307855,1,0,102 12 9,1,30,,307856,1,0,102 12 9,1,70,,307857,1,0,102 12 9,1,30,,307858,1,0,102 12 9,1,70,,307859,1,0,102 12 9,1,30,,307860,1,0,102 12 9,1,70,,307861,1,0,102 12 9,1,30,,307862,1,0,102 12 9,1,65,,307863,1,0,102 12 9,1,35,,307864,1,0,102 12 9,1,55,,307865,1,0,31 42 9,1,15,,307866,1,0,102 12 9,1,30,,307867,1,0,102 12 9,1,60,,307868,1,0,31 42 9,1,10,,307869,1,0,102 12 9,1,30,,307870,1,0,102 12 9,1,55,,307871,1,0,5 20 39,1,20,,307872,1,0,102 12 9,1,20,,307873,1,0,102 12 9,1,70,,307874,1,0,102 12 9,1,40,,307875,1,0,102 12 9,1,100,,307876,1,0,102 12 9,1,100,,307877,1,0,102 12 9,1,100,,307878,1,0,102 12 9,1
5600,'20260930',505,,307879,1,0,102 12 9,1,40,,307881,1,0,102 12 9,1,65,,307883,1,0,102 12 9,1,30,,307884,1,0,102 12 9,1,70,,307886,1,0,102 12 9,1,30,,307887,1,0,102 12 9,1,70,,307889,1,0,102 12 9,1,35,,307890,1,0,102 12 9,1,70,,307891,1,0,102 12 9,1,30,,307892,1,0,102 12 9,1,70,,307893,1,0,102 12 9,1,35,,307894,1,0,102 12 9,1,65,,307895,1,0,102 12 9,1,30,,307896,1,0,102 12 9,1,70,,307897,1,0,102 12 9,1,30,,307898,1,0,102 12 9,1,70,,307899,1,0,102 12 9,1,30,,307900,1,0,102 12 9,1,70,,307901,1,0,102 12 9,1,30,,307902,1,0,102 12 9,1,65,,307903,1,0,102 12 9,1,35,,307904,1,0,102 12 9,1,55,,307905,1,0,31 42 9,1,15,,307906,1,0,102 12 9,1,30,,307907,1,0,102 12 9,1,60,,307908,1,0,31 42 9,1,10,,307909,1,0,102 12 9,1,30,,307910,1,0,102 12 9,1,55,,307911,1,0,5 20 39,1,20,,307912,1,0,102 12 9,1,20,,307913,1,0,102 12 9,1,70,,307914,1,0,102 12 9,1,40,,307915,1,0,102 12 9,1,100,,307916,1,0,102 12 9,1,100,,307917,1,0,102 12 9,1,100,,307918,1,0,102 12 9,1
5600,'20261001',505,,307919,1,0,102 12 9,1,40,,307921,1,0,102 12 9,1,65,,307923,1,0,102 12 9,1,30,,307924,1,0,102 12 9,1,70,,307926,1,0,102 12 9,1,30,,307927,1,0,102 12 9,1,70,,307929,1,0,102 12 9,1,35,,307930,1,0,102 12 9,1,70,,307931,1,0,102 12 9,1,30,,307932,1,0,102 12 9,1,70,,307933,1,0,102 12 9,1,35,,307934,1,0,102 12 9,1,65,,307935,1,0,102 12 9,1,30,,307936,1,0,102 12 9,1,70,,307937,1,0,102 12 9,1,30,,307938,1,0,102 12 9,1,70,,307939,1,0,102 12 9,1,30,,307940,1,0,102 12 9,1,70,,307941,1,0,102 12 9,1,30,,307942,1,0,102 12 9,1,65,,307943,1,0,102 12 9,1,35,,307944,1,0,102 12 9,1,55,,307945,1,0,31 42 9,1,15,,307946,1,0,102 12 9,1,30,,307947,1,0,102 12 9,1,60,,307948,1,0,31 42 9,1,10,,307949,1,0,102 12 9,1,30,,307950,1,0,102 12 9,1,55,,307951,1,0,5 20 39,1,20,,307952,1,0,102 12 9,1,20,,307953,1,0,102 12 9,1,70,,307954,1,0,102 12 9,1,40,,307955,1,0,102 12 9,1,100,,307956,1,0,102 12 9,1,100,,307957,1,0,102 12 9,1,100,,307958,1,0,102 12 9,1
5600,'20261002',505,,307959,1,0,102 12 9,1,40,,307961,1,0,102 12 9,1,65,,307963,1,0,102 12 9,1,30,,307964,1,0,102 12 9,1,70,,307966,1,0,102 12 9,1,30,,307967,1,0,102 12 9,1,70,,307969,1,0,102 12 9,1,35,,307970,1,0,102 12 9,1,70,,307971,1,0,102 12 9,1,30,,307972,1,0,102 12 9,1,70,,307973,1,0,102 12 9,1,35,,307974,1,0,102 12 9,1,65,,307975,1,0,102 12 9,1,30,,307976,1,0,102 12 9,1,70,,307977,1,0,102 12 9,1,30,,307978,1,0,102 12 9,1,70,,307979,1,0,102 12 9,1,30,,307980,1,0,102 12 9,1,70,,307981,1,0,102 12 9,1,30,,307982,1,0,102 12 9,1,65,,307983,1,0,102 12 9,1,35,,307984,1,0,102 12 9,1,55,,307985,1,0,31 42 9,1,15,,307986,1,0,102 12 9,1,30,,307987,1,0,102 12 9,1,60,,307988,1,0,31 42 9,1,10,,307989,1,0,102 12 9,1,30,,307990,1,0,102 12 9,1,55,,307991,1,0,5 20 39,1,20,,307992,1,0,102 12 9,1,20,,307993,1,0,102 12 9,1,70,,307994,1,0,102 12 9,1,40,,307995,1,0,102 12 9,1,100,,307996,1,0,102 12 9,1,100,,307997,1,0,102 12 9,1,100,,307998,1,0,102 12 9,1
5600,'20261005',505,,307999,1,0,102 12 9,1,40,,308001,1,0,102 12 9,1,65,,308003,1,0,102 12 9,1,30,,308004,1,0,102 12 9,1,70,,308006,1,0,102 12 9,1,30,,308007,1,0,102 12 9,1,70,,308009,1,0,102 12 9,1,35,,308010,1,0,102 12 9,1,70,,308011,1,0,102 12 9,1,30,,308012,1,0,102 12 9,1,70,,308013,1,0,102 12 9,1,35,,308014,1,0,102 12 9,1,65,,308015,1,0,102 12 9,1,30,,308016,1,0,102 12 9,1,70,,308017,1,0,102 12 9,1,30,,308018,1,0,102 12 9,1,70,,308019,1,0,102 12 9,1,30,,308020,1,0,102 12 9,1,70,,308021,1,0,102 12 9,1,30,,308022,1,0,102 12 9,1,65,,308023,1,0,102 12 9,1,35,,308024,1,0,102 12 9,1,55,,308025,1,0,31 42 9,1,15,,308026,1,0,102 12 9,1,30,,308027,1,0,102 12 9,1,60,,308028,1,0,31 42 9,1,10,,308029,1,0,102 12 9,1,30,,308030,1,0,102 12 9,1,55,,308031,1,0,5 20 39,1,20,,308032,1,0,102 12 9,1,20,,308033,1,0,102 12 9,1,70,,308034,1,0,102 12 9,1,40,,308035,1,0,102 12 9,1,100,,308036,1,0,102 12 9,1,100,,308037,1,0,102 12 9,1,100,,308038,1,0,102 12 9,1
5600,'20261006',505,,308039,1,0,102 12 9,1,40,,308041,1,0,102 12 9,1,65,,308043,1,0,102 12 9,1,30,,308044,1,0,102 12 9,1,70,,308046,1,0,102 12 9,1,30,,308047,1,0,102 12 9,1,70,,308049,1,0,102 12 9,1,35,,308050,1,0,102 12 9,1,70,,308051,1,0,102 12 9,1,30,,308052,1,0,102 12 9,1,70,,308053,1,0,102 12 9,1,35,,308054,1,0,102 12 9,1,65,,308055,1,0,102 12 9,1,30,,308056,1,0,102 12 9,1,70,,308057,1,0,102 12 9,1,30,,308058,1,0,102 12 9,1,70,,308059,1,0,102 12 9,1,30,,308060,1,0,102 12 9,1,70,,308061,1,0,102 12 9,1,30,,308062,1,0,102 12 9,1,65,,308063,1,0,102 12 9,1,35,,308064,1,0,102 12 9,1,55,,308065,1,0,31 42 9,1,15,,308066,1,0,102 12 9,1,30,,308067,1,0,102 12 9,1,60,,308068,1,0,31 42 9,1,10,,308069,1,0,102 12 9,1,30,,308070,1,0,102 12 9,1,55,,308071,1,0,5 20 39,1,20,,308072,1,0,102 12 9,1,20,,308073,1,0,102 12 9,1,70,,308074,1,0,102 12 9,1,40,,308075,1,0,102 12 9,1,100,,308076,1,0,102 12 9,1,100,,308077,1,0,102 12 9,1,100,,308078,1,0,102 12 9,1
5600,'20261007',505,,308079,1,0,102 12 9,1,40,,308081,1,0,102 12 9,1,65,,308083,1,0,102 12 9,1,30,,308084,1,0,102 12 9,1,70,,308086,1,0,102 12 9,1,30,,308087,1,0,102 12 9,1,70,,308089,1,0,102 12 9,1,35,,308090,1,0,102 12 9,1,70,,308091,1,0,102 12 9,1,30,,308092,1,0,102 12 9,1,70,,308093,1,0,102 12 9,1,35,,308094,1,0,102 12 9,1,65,,308095,1,0,102 12 9,1,30,,308096,1,0,102 12 9,1,70,,308097,1,0,102 12 9,1,30,,308098,1,0,102 12 9,1,70,,308099,1,0,102 12 9,1,30,,308100,1,0,102 12 9,1,70,,308101,1,0,102 12 9,1,30,,308102,1,0,102 12 9,1,65,,308103,1,0,102 12 9,1,35,,308104,1,0,102 12 9,1,55,,308105,1,0,31 42 9,1,15,,308106,1,0,102 12 9,1,30,,308107,1,0,102 12 9,1,60,,308108,1,0,31 42 9,1,10,,308109,1,0,102 12 9,1,30,,308110,1,0,102 12 9,1,55,,308111,1,0,5 20 39,1,20,,308112,1,0,102 12 9,1,20,,308113,1,0,102 12 9,1,70,,308114,1,0,102 12 9,1,40,,308115,1,0,102 12 9,1,100,,308116,1,0,102 12 9,1,100,,308117,1,0,102 12 9,1,100,,308118,1,0,102 12 9,1
5600,'20261008',505,,308119,1,0,102 12 9,1,40,,308121,1,0,102 12 9,1,65,,308123,1,0,102 12 9,1,30,,308124,1,0,102 12 9,1,70,,308126,1,0,102 12 9,1,30,,308127,1,0,102 12 9,1,70,,308129,1,0,102 12 9,1,35,,308130,1,0,102 12 9,1,70,,308131,1,0,102 12 9,1,30,,308132,1,0,102 12 9,1,70,,308133,1,0,102 12 9,1,35,,308134,1,0,102 12 9,1,65,,308135,1,0,102 12 9,1,30,,308136,1,0,102 12 9,1,70,,308137,1,0,102 12 9,1,30,,308138,1,0,102 12 9,1,70,,308139,1,0,102 12 9,1,30,,308140,1,0,102 12 9,1,70,,308141,1,0,102 12 9,1,30,,308142,1,0,102 12 9,1,65,,308143,1,0,102 12 9,1,35,,308144,1,0,102 12 9,1,55,,308145,1,0,31 42 9,1,15,,308146,1,0,102 12 9,1,30,,308147,1,0,102 12 9,1,60,,308148,1,0,31 42 9,1,10,,308149,1,0,102 12 9,1,30,,308150,1,0,102 12 9,1,55,,308151,1,0,5 20 39,1,20,,308152,1,0,102 12 9,1,20,,308153,1,0,102 12 9,1,70,,308154,1,0,102 12 9,1,40,,308155,1,0,102 12 9,1,100,,308156,1,0,102 12 9,1,100,,308157,1,0,102 12 9,1,100,,308158,1,0,102 12 9,1
5600,'20261009',505,,308159,1,0,102 12 9,1,40,,308161,1,0,102 12 9,1,65,,308163,1,0,102 12 9,1,30,,308164,1,0,102 12 9,1,70,,308166,1,0,102 12 9,1,30,,308167,1,0,102 12 9,1,70,,308169,1,0,102 12 9,1,35,,308170,1,0,102 12 9,1,70,,308171,1,0,102 12 9,1,30,,308172,1,0,102 12 9,1,70,,308173,1,0,102 12 9,1,35,,308174,1,0,102 12 9,1,65,,308175,1,0,102 12 9,1,30,,308176,1,0,102 12 9,1,70,,308177,1,0,102 12 9,1,30,,308178,1,0,102 12 9,1,70,,308179,1,0,102 12 9,1,30,,308180,1,0,102 12 9,1,70,,308181,1,0,102 12 9,1,30,,308182,1,0,102 12 9,1,65,,308183,1,0,102 12 9,1,35,,308184,1,0,102 12 9,1,55,,308185,1,0,31 42 9,1,15,,308186,1,0,102 12 9,1,30,,308187,1,0,102 12 9,1,60,,308188,1,0,31 42 9,1,10,,308189,1,0,102 12 9,1,30,,308190,1,0,102 12 9,1,55,,308191,1,0,5 20 39,1,20,,308192,1,0,102 12 9,1,20,,308193,1,0,102 12 9,1,70,,308194,1,0,102 12 9,1,40,,308195,1,0,102 12 9,1,100,,308196,1,0,102 12 9,1,100,,308197,1,0,102 12 9,1,100,,308198,1,0,102 12 9,1
5600,'20261013',505,,308199,1,0,102 12 9,1,40,,308201,1,0,102 12 9,1,65,,308203,1,0,102 12 9,1,30,,308204,1,0,102 12 9,1,70,,308206,1,0,102 12 9,1,30,,308207,1,0,102 12 9,1,70,,308209,1,0,102 12 9,1,35,,308210,1,0,102 12 9,1,70,,308211,1,0,102 12 9,1,30,,308212,1,0,102 12 9,1,70,,308213,1,0,102 12 9,1,35,,308214,1,0,102 12 9,1,65,,308215,1,0,102 12 9,1,30,,308216,1,0,102 12 9,1,70,,308217,1,0,102 12 9,1,30,,308218,1,0,102 12 9,1,70,,308219,1,0,102 12 9,1,30,,308220,1,0,102 12 9,1,70,,308221,1,0,102 12 9,1,30,,308222,1,0,102 12 9,1,65,,308223,1,0,102 12 9,1,35,,308224,1,0,102 12 9,1,55,,308225,1,0,31 42 9,1,15,,308226,1,0,102 12 9,1,30,,308227,1,0,102 12 9,1,60,,308228,1,0,31 42 9,1,10,,308229,1,0,102 12 9,1,30,,308230,1,0,102 12 9,1,55,,308231,1,0,5 20 39,1,20,,308232,1,0,102 12 9,1,20,,308233,1,0,102 12 9,1,70,,308234,1,0,102 12 9,1,40,,308235,1,0,102 12 9,1,100,,308236,1,0,102 12 9,1,100,,308237,1,0,102 12 9,1,100,,308238,1,0,102 12 9,1
5600,'20261014',505,,308239,1,0,102 12 9,1,40,,308241,1,0,102 12 9,1,65,,308243,1,0,102 12 9,1,30,,308244,1,0,102 12 9,1,70,,308246,1,0,102 12 9,1,30,,308247,1,0,102 12 9,1,70,,308249,1,0,102 12 9,1,35,,308250,1,0,102 12 9,1,70,,308251,1,0,102 12 9,1,30,,308252,1,0,102 12 9,1,70,,308253,1,0,102 12 9,1,35,,308254,1,0,102 12 9,1,65,,308255,1,0,102 12 9,1,30,,308256,1,0,102 12 9,1,70,,308257,1,0,102 12 9,1,30,,308258,1,0,102 12 9,1,70,,308259,1,0,102 12 9,1,30,,308260,1,0,102 12 9,1,70,,308261,1,0,102 12 9,1,30,,308262,1,0,102 12 9,1,65,,308263,1,0,102 12 9,1,35,,308264,1,0,102 12 9,1,55,,308265,1,0,31 42 9,1,15,,308266,1,0,102 12 9,1,30,,308267,1,0,102 12 9,1,60,,308268,1,0,31 42 9,1,10,,308269,1,0,102 12 9,1,30,,308270,1,0,102 12 9,1,55,,308271,1,0,5 20 39,1,20,,308272,1,0,102 12 9,1,20,,308273,1,0,102 12 9,1,70,,308274,1,0,102 12 9,1,40,,308275,1,0,102 12 9,1,100,,308276,1,0,102 12 9,1,100,,308277,1,0,102 12 9,1,100,,308278,1,0,102 12 9,1
5600,'20261015',505,,308279,1,0,102 12 9,1,40,,308281,1,0,102 12 9,1,65,,308283,1,0,102 12 9,1,30,,308284,1,0,102 12 9,1,70,,308286,1,0,102 12 9,1,30,,308287,1,0,102 12 9,1,70,,308289,1,0,102 12 9,1,35,,308290,1,0,102 12 9,1,70,,308291,1,0,102 12 9,1,30,,308292,1,0,102 12 9,1,70,,308293,1,0,102 12 9,1,35,,308294,1,0,102 12 9,1,65,,308295,1,0,102 12 9,1,30,,308296,1,0,102 12 9,1,70,,308297,1,0,102 12 9,1,30,,308298,1,0,102 12 9,1,70,,308299,1,0,102 12 9,1,30,,308300,1,0,102 12 9,1,70,,308301,1,0,102 12 9,1,30,,308302,1,0,102 12 9,1,65,,308303,1,0,102 12 9,1,35,,308304,1,0,102 12 9,1,55,,308305,1,0,31 42 9,1,15,,308306,1,0,102 12 9,1,30,,308307,1,0,102 12 9,1,60,,308308,1,0,31 42 9,1,10,,308309,1,0,102 12 9,1,30,,308310,1,0,102 12 9,1,55,,308311,1,0,5 20 39,1,20,,308312,1,0,102 12 9,1,20,,308313,1,0,102 12 9,1,70,,308314,1,0,102 12 9,1,40,,308315,1,0,102 12 9,1,100,,308316,1,0,102 12 9,1,100,,308317,1,0,102 12 9,1,100,,308318,1,0,102 12 9,1
5600,'20261016',505,,308319,1,0,102 12 9,1,40,,308321,1,0,102 12 9,1,65,,308323,1,0,102 12 9,1,30,,308324,1,0,102 12 9,1,70,,308326,1,0,102 12 9,1,30,,308327,1,0,102 12 9,1,70,,308329,1,0,102 12 9,1,35,,308330,1,0,102 12 9,1,70,,308331,1,0,102 12 9,1,30,,308332,1,0,102 12 9,1,70,,308333,1,0,102 12 9,1,35,,308334,1,0,102 12 9,1,65,,308335,1,0,102 12 9,1,30,,308336,1,0,102 12 9,1,70,,308337,1,0,102 12 9,1,30,,308338,1,0,102 12 9,1,70,,308339,1,0,102 12 9,1,30,,308340,1,0,102 12 9,1,70,,308341,1,0,102 12 9,1,30,,308342,1,0,102 12 9,1,65,,308343,1,0,102 12 9,1,35,,308344,1,0,102 12 9,1,55,,308345,1,0,31 42 9,1,15,,308346,1,0,102 12 9,1,30,,308347,1,0,102 12 9,1,60,,308348,1,0,31 42 9,1,10,,308349,1,0,102 12 9,1,30,,308350,1,0,102 12 9,1,55,,308351,1,0,5 20 39,1,20,,308352,1,0,102 12 9,1,20,,308353,1,0,102 12 9,1,70,,308354,1,0,102 12 9,1,40,,308355,1,0,102 12 9,1,100,,308356,1,0,102 12 9,1,100,,308357,1,0,102 12 9,1,100,,308358,1,0,102 12 9,1
5600,'20261019',505,,308359,1,0,102 12 9,1,40,,308361,1,0,102 12 9,1,65,,308363,1,0,102 12 9,1,30,,308364,1,0,102 12 9,1,70,,308366,1,0,102 12 9,1,30,,308367,1,0,102 12 9,1,70,,308369,1,0,102 12 9,1,35,,308370,1,0,102 12 9,1,70,,308371,1,0,102 12 9,1,30,,308372,1,0,102 12 9,1,70,,308373,1,0,102 12 9,1,35,,308374,1,0,102 12 9,1,65,,308375,1,0,102 12 9,1,30,,308376,1,0,102 12 9,1,70,,308377,1,0,102 12 9,1,30,,308378,1,0,102 12 9,1,70,,308379,1,0,102 12 9,1,30,,308380,1,0,102 12 9,1,70,,308381,1,0,102 12 9,1,30,,308382,1,0,102 12 9,1,65,,308383,1,0,102 12 9,1,35,,308384,1,0,102 12 9,1,55,,308385,1,0,31 42 9,1,15,,308386,1,0,102 12 9,1,30,,308387,1,0,102 12 9,1,60,,308388,1,0,31 42 9,1,10,,308389,1,0,102 12 9,1,30,,308390,1,0,102 12 9,1,55,,308391,1,0,5 20 39,1,20,,308392,1,0,102 12 9,1,20,,308393,1,0,102 12 9,1,70,,308394,1,0,102 12 9,1,40,,308395,1,0,102 12 9,1,100,,308396,1,0,102 12 9,1,100,,308397,1,0,102 12 9,1,100,,308398,1,0,102 12 9,1
5600,'20261020',505,,308399,1,0,102 12 9,1,40,,308401,1,0,102 12 9,1,65,,308403,1,0,102 12 9,1,30,,308404,1,0,102 12 9,1,70,,308406,1,0,102 12 9,1,30,,308407,1,0,102 12 9,1,70,,308409,1,0,102 12 9,1,35,,308410,1,0,102 12 9,1,70,,308411,1,0,102 12 9,1,30,,308412,1,0,102 12 9,1,70,,308413,1,0,102 12 9,1,35,,308414,1,0,102 12 9,1,65,,308415,1,0,102 12 9,1,30,,308416,1,0,102 12 9,1,70,,308417,1,0,102 12 9,1,30,,308418,1,0,102 12 9,1,70,,308419,1,0,102 12 9,1,30,,308420,1,0,102 12 9,1,70,,308421,1,0,102 12 9,1,30,,308422,1,0,102 12 9,1,65,,308423,1,0,102 12 9,1,35,,308424,1,0,102 12 9,1,55,,308425,1,0,31 42 9,1,15,,308426,1,0,102 12 9,1,30,,308427,1,0,102 12 9,1,60,,308428,1,0,31 42 9,1,10,,308429,1,0,102 12 9,1,30,,308430,1,0,102 12 9,1,55,,308431,1,0,5 20 39,1,20,,308432,1,0,102 12 9,1,20,,308433,1,0,102 12 9,1,70,,308434,1,0,102 12 9,1,40,,308435,1,0,102 12 9,1,100,,308436,1,0,102 12 9,1,100,,308437,1,0,102 12 9,1,100,,308438,1,0,102 12 9,1
5600,'20261021',505,,308439,1,0,102 12 9,1,40,,308441,1,0,102 12 9,1,65,,308443,1,0,102 12 9,1,30,,308444,1,0,102 12 9,1,70,,308446,1,0,102 12 9,1,30,,308447,1,0,102 12 9,1,70,,308449,1,0,102 12 9,1,35,,308450,1,0,102 12 9,1,70,,308451,1,0,102 12 9,1,30,,308452,1,0,102 12 9,1,70,,308453,1,0,102 12 9,1,35,,308454,1,0,102 12 9,1,65,,308455,1,0,102 12 9,1,30,,308456,1,0,102 12 9,1,70,,308457,1,0,102 12 9,1,30,,308458,1,0,102 12 9,1,70,,308459,1,0,102 12 9,1,30,,308460,1,0,102 12 9,1,70,,308461,1,0,102 12 9,1,30,,308462,1,0,102 12 9,1,65,,308463,1,0,102 12 9,1,35,,308464,1,0,102 12 9,1,55,,308465,1,0,31 42 9,1,15,,308466,1,0,102 12 9,1,30,,308467,1,0,102 12 9,1,60,,308468,1,0,31 42 9,1,10,,308469,1,0,102 12 9,1,30,,308470,1,0,102 12 9,1,55,,308471,1,0,5 20 39,1,20,,308472,1,0,102 12 9,1,20,,308473,1,0,102 12 9,1,70,,308474,1,0,102 12 9,1,40,,308475,1,0,102 12 9,1,100,,308476,1,0,102 12 9,1,100,,308477,1,0,102 12 9,1,100,,308478,1,0,102 12 9,1
5600,'20261022',505,,308479,1,0,102 12 9,1,40,,308481,1,0,102 12 9,1,65,,308483,1,0,102 12 9,1,30,,308484,1,0,102 12 9,1,70,,308486,1,0,102 12 9,1,30,,308487,1,0,102 12 9,1,70,,308489,1,0,102 12 9,1,35,,308490,1,0,102 12 9,1,70,,308491,1,0,102 12 9,1,30,,308492,1,0,102 12 9,1,70,,308493,1,0,102 12 9,1,35,,308494,1,0,102 12 9,1,65,,308495,1,0,102 12 9,1,30,,308496,1,0,102 12 9,1,70,,308497,1,0,102 12 9,1,30,,308498,1,0,102 12 9,1,70,,308499,1,0,102 12 9,1,30,,308500,1,0,102 12 9,1,70,,308501,1,0,102 12 9,1,30,,308502,1,0,102 12 9,1,65,,308503,1,0,102 12 9,1,35,,308504,1,0,102 12 9,1,55,,308505,1,0,31 42 9,1,15,,308506,1,0,102 12 9,1,30,,308507,1,0,102 12 9,1,60,,308508,1,0,31 42 9,1,10,,308509,1,0,102 12 9,1,30,,308510,1,0,102 12 9,1,55,,308511,1,0,5 20 39,1,20,,308512,1,0,102 12 9,1,20,,308513,1,0,102 12 9,1,70,,308514,1,0,102 12 9,1,40,,308515,1,0,102 12 9,1,100,,308516,1,0,102 12 9,1,100,,308517,1,0,102 12 9,1,100,,308518,1,0,102 12 9,1
5600,'20261023',505,,308519,1,0,102 12 9,1,40,,308521,1,0,102 12 9,1,65,,308523,1,0,102 12 9,1,30,,308524,1,0,102 12 9,1,70,,308526,1,0,102 12 9,1,30,,308527,1,0,102 12 9,1,70,,308529,1,0,102 12 9,1,35,,308530,1,0,102 12 9,1,70,,308531,1,0,102 12 9,1,30,,308532,1,0,102 12 9,1,70,,308533,1,0,102 12 9,1,35,,308534,1,0,102 12 9,1,65,,308535,1,0,102 12 9,1,30,,308536,1,0,102 12 9,1,70,,308537,1,0,102 12 9,1,30,,308538,1,0,102 12 9,1,70,,308539,1,0,102 12 9,1,30,,308540,1,0,102 12 9,1,70,,308541,1,0,102 12 9,1,30,,308542,1,0,102 12 9,1,65,,308543,1,0,102 12 9,1,35,,308544,1,0,102 12 9,1,55,,308545,1,0,31 42 9,1,15,,308546,1,0,102 12 9,1,30,,308547,1,0,102 12 9,1,60,,308548,1,0,31 42 9,1,10,,308549,1,0,102 12 9,1,30,,308550,1,0,102 12 9,1,55,,308551,1,0,5 20 39,1,20,,308552,1,0,102 12 9,1,20,,308553,1,0,102 12 9,1,70,,308554,1,0,102 12 9,1,40,,308555,1,0,102 12 9,1,100,,308556,1,0,102 12 9,1,100,,308557,1,0,102 12 9,1,100,,308558,1,0,102 12 9,1
5600,'20261026',505,,308559,1,0,102 12 9,1,40,,308561,1,0,102 12 9,1,65,,308563,1,0,102 12 9,1,30,,308564,1,0,102 12 9,1,70,,308566,1,0,102 12 9,1,30,,308567,1,0,102 12 9,1,70,,308569,1,0,102 12 9,1,35,,308570,1,0,102 12 9,1,70,,308571,1,0,102 12 9,1,30,,308572,1,0,102 12 9,1,70,,308573,1,0,102 12 9,1,35,,308574,1,0,102 12 9,1,65,,308575,1,0,102 12 9,1,30,,308576,1,0,102 12 9,1,70,,308577,1,0,102 12 9,1,30,,308578,1,0,102 12 9,1,70,,308579,1,0,102 12 9,1,30,,308580,1,0,102 12 9,1,70,,308581,1,0,102 12 9,1,30,,308582,1,0,102 12 9,1,65,,308583,1,0,102 12 9,1,35,,308584,1,0,102 12 9,1,55,,308585,1,0,31 42 9,1,15,,308586,1,0,102 12 9,1,30,,308587,1,0,102 12 9,1,60,,308588,1,0,31 42 9,1,10,,308589,1,0,102 12 9,1,30,,308590,1,0,102 12 9,1,55,,308591,1,0,5 20 39,1,20,,308592,1,0,102 12 9,1,20,,308593,1,0,102 12 9,1,70,,308594,1,0,102 12 9,1,40,,308595,1,0,102 12 9,1,100,,308596,1,0,102 12 9,1,100,,308597,1,0,102 12 9,1,100,,308598,1,0,102 12 9,1
5600,'20261027',505,,308599,1,0,102 12 9,1,40,,308601,1,0,102 12 9,1,65,,308603,1,0,102 12 9,1,30,,308604,1,0,102 12 9,1,70,,308606,1,0,102 12 9,1,30,,308607,1,0,102 12 9,1,70,,308609,1,0,102 12 9,1,35,,308610,1,0,102 12 9,1,70,,308611,1,0,102 12 9,1,30,,308612,1,0,102 12 9,1,70,,308613,1,0,102 12 9,1,35,,308614,1,0,102 12 9,1,65,,308615,1,0,102 12 9,1,30,,308616,1,0,102 12 9,1,70,,308617,1,0,102 12 9,1,30,,308618,1,0,102 12 9,1,70,,308619,1,0,102 12 9,1,30,,308620,1,0,102 12 9,1,70,,308621,1,0,102 12 9,1,30,,308622,1,0,102 12 9,1,65,,308623,1,0,102 12 9,1,35,,308624,1,0,102 12 9,1,55,,308625,1,0,31 42 9,1,15,,308626,1,0,102 12 9,1,30,,308627,1,0,102 12 9,1,60,,308628,1,0,31 42 9,1,10,,308629,1,0,102 12 9,1,30,,308630,1,0,102 12 9,1,55,,308631,1,0,5 20 39,1,20,,308632,1,0,102 12 9,1,20,,308633,1,0,102 12 9,1,70,,308634,1,0,102 12 9,1,40,,308635,1,0,102 12 9,1,100,,308636,1,0,102 12 9,1,100,,308637,1,0,102 12 9,1,100,,308638,1,0,102 12 9,1
5600,'20261028',505,,308639,1,0,102 12 9,1,40,,308641,1,0,102 12 9,1,65,,308643,1,0,102 12 9,1,30,,308644,1,0,102 12 9,1,70,,308646,1,0,102 12 9,1,30,,308647,1,0,102 12 9,1,70,,308649,1,0,102 12 9,1,35,,308650,1,0,102 12 9,1,70,,308651,1,0,102 12 9,1,30,,308652,1,0,102 12 9,1,70,,308653,1,0,102 12 9,1,35,,308654,1,0,102 12 9,1,65,,308655,1,0,102 12 9,1,30,,308656,1,0,102 12 9,1,70,,308657,1,0,102 12 9,1,30,,308658,1,0,102 12 9,1,70,,308659,1,0,102 12 9,1,30,,308660,1,0,102 12 9,1,70,,308661,1,0,102 12 9,1,30,,308662,1,0,102 12 9,1,65,,308663,1,0,102 12 9,1,35,,308664,1,0,102 12 9,1,55,,308665,1,0,31 42 9,1,15,,308666,1,0,102 12 9,1,30,,308667,1,0,102 12 9,1,60,,308668,1,0,31 42 9,1,10,,308669,1,0,102 12 9,1,30,,308670,1,0,102 12 9,1,55,,308671,1,0,5 20 39,1,20,,308672,1,0,102 12 9,1,20,,308673,1,0,102 12 9,1,70,,308674,1,0,102 12 9,1,40,,308675,1,0,102 12 9,1,100,,308676,1,0,102 12 9,1,100,,308677,1,0,102 12 9,1,100,,308678,1,0,102 12 9,1
5600,'20261029',505,,308679,1,0,102 12 9,1,40,,308681,1,0,102 12 9,1,65,,308683,1,0,102 12 9,1,30,,308684,1,0,102 12 9,1,70,,308686,1,0,102 12 9,1,30,,308687,1,0,102 12 9,1,70,,308689,1,0,102 12 9,1,35,,308690,1,0,102 12 9,1,70,,308691,1,0,102 12 9,1,30,,308692,1,0,102 12 9,1,70,,308693,1,0,102 12 9,1,35,,308694,1,0,102 12 9,1,65,,308695,1,0,102 12 9,1,30,,308696,1,0,102 12 9,1,70,,308697,1,0,102 12 9,1,30,,308698,1,0,102 12 9,1,70,,308699,1,0,102 12 9,1,30,,308700,1,0,102 12 9,1,70,,308701,1,0,102 12 9,1,30,,308702,1,0,102 12 9,1,65,,308703,1,0,102 12 9,1,35,,308704,1,0,102 12 9,1,55,,308705,1,0,31 42 9,1,15,,308706,1,0,102 12 9,1,30,,308707,1,0,102 12 9,1,60,,308708,1,0,31 42 9,1,10,,308709,1,0,102 12 9,1,30,,308710,1,0,102 12 9,1,55,,308711,1,0,5 20 39,1,20,,308712,1,0,102 12 9,1,20,,308713,1,0,102 12 9,1,70,,308714,1,0,102 12 9,1,40,,308715,1,0,102 12 9,1,100,,308716,1,0,102 12 9,1,100,,308717,1,0,102 12 9,1,100,,308718,1,0,102 12 9,1
5600,'20261030',505,,308719,1,0,102 12 9,1,40,,308721,1,0,102 12 9,1,65,,308723,1,0,102 12 9,1,30,,308724,1,0,102 12 9,1,70,,308726,1,0,102 12 9,1,30,,308727,1,0,102 12 9,1,70,,308729,1,0,102 12 9,1,35,,308730,1,0,102 12 9,1,70,,308731,1,0,102 12 9,1,30,,308732,1,0,102 12 9,1,70,,308733,1,0,102 12 9,1,35,,308734,1,0,102 12 9,1,65,,308735,1,0,102 12 9,1,30,,308736,1,0,102 12 9,1,70,,308737,1,0,102 12 9,1,30,,308738,1,0,102 12 9,1,70,,308739,1,0,102 12 9,1,30,,308740,1,0,102 12 9,1,70,,308741,1,0,102 12 9,1,30,,308742,1,0,102 12 9,1,65,,308743,1,0,102 12 9,1,35,,308744,1,0,102 12 9,1,55,,308745,1,0,31 42 9,1,15,,308746,1,0,102 12 9,1,30,,308747,1,0,102 12 9,1,60,,308748,1,0,31 42 9,1,10,,308749,1,0,102 12 9,1,30,,308750,1,0,102 12 9,1,55,,308751,1,0,5 20 39,1,20,,308752,1,0,102 12 9,1,20,,308753,1,0,102 12 9,1,70,,308754,1,0,102 12 9,1,40,,308755,1,0,102 12 9,1,100,,308756,1,0,102 12 9,1,100,,308757,1,0,102 12 9,1,100,,308758,1,0,102 12 9,1
5600,'20261102',505,,308759,1,0,102 12 9,1,40,,308761,1,0,102 12 9,1,65,,308763,1,0,102 12 9,1,30,,308764,1,0,102 12 9,1,70,,308766,1,0,102 12 9,1,30,,308767,1,0,102 12 9,1,70,,308769,1,0,102 12 9,1,35,,308770,1,0,102 12 9,1,70,,308771,1,0,102 12 9,1,30,,308772,1,0,102 12 9,1,70,,308773,1,0,102 12 9,1,35,,308774,1,0,102 12 9,1,65,,308775,1,0,102 12 9,1,30,,308776,1,0,102 12 9,1,70,,308777,1,0,102 12 9,1,30,,308778,1,0,102 12 9,1,70,,308779,1,0,102 12 9,1,30,,308780,1,0,102 12 9,1,70,,308781,1,0,102 12 9,1,30,,308782,1,0,102 12 9,1,65,,308783,1,0,102 12 9,1,35,,308784,1,0,102 12 9,1,55,,308785,1,0,31 42 9,1,15,,308786,1,0,102 12 9,1,30,,308787,1,0,102 12 9,1,60,,308788,1,0,31 42 9,1,10,,308789,1,0,102 12 9,1,30,,308790,1,0,102 12 9,1,55,,308791,1,0,5 20 39,1,20,,308792,1,0,102 12 9,1,20,,308793,1,0,102 12 9,1,70,,308794,1,0,102 12 9,1,40,,308795,1,0,102 12 9,1,100,,308796,1,0,102 12 9,1,100,,308797,1,0,102 12 9,1,100,,308798,1,0,102 12 9,1
5600,'20261103',505,,308799,1,0,102 12 9,1,40,,308801,1,0,102 12 9,1,65,,308803,1,0,102 12 9,1,30,,308804,1,0,102 12 9,1,70,,308806,1,0,102 12 9,1,30,,308807,1,0,102 12 9,1,70,,308809,1,0,102 12 9,1,35,,308810,1,0,102 12 9,1,70,,308811,1,0,102 12 9,1,30,,308812,1,0,102 12 9,1,70,,308813,1,0,102 12 9,1,35,,308814,1,0,102 12 9,1,65,,308815,1,0,102 12 9,1,30,,308816,1,0,102 12 9,1,70,,308817,1,0,102 12 9,1,30,,308818,1,0,102 12 9,1,70,,308819,1,0,102 12 9,1,30,,308820,1,0,102 12 9,1,70,,308821,1,0,102 12 9,1,30,,308822,1,0,102 12 9,1,65,,308823,1,0,102 12 9,1,35,,308824,1,0,102 12 9,1,55,,308825,1,0,31 42 9,1,15,,308826,1,0,102 12 9,1,30,,308827,1,0,102 12 9,1,60,,308828,1,0,31 42 9,1,10,,308829,1,0,102 12 9,1,30,,308830,1,0,102 12 9,1,55,,308831,1,0,5 20 39,1,20,,308832,1,0,102 12 9,1,20,,308833,1,0,102 12 9,1,70,,308834,1,0,102 12 9,1,40,,308835,1,0,102 12 9,1,100,,308836,1,0,102 12 9,1,100,,308837,1,0,102 12 9,1,100,,308838,1,0,102 12 9,1
5600,'20261104',505,,308839,1,0,102 12 9,1,40,,308841,1,0,102 12 9,1,65,,308843,1,0,102 12 9,1,30,,308844,1,0,102 12 9,1,70,,308846,1,0,102 12 9,1,30,,308847,1,0,102 12 9,1,70,,308849,1,0,102 12 9,1,35,,308850,1,0,102 12 9,1,70,,308851,1,0,102 12 9,1,30,,308852,1,0,102 12 9,1,70,,308853,1,0,102 12 9,1,35,,308854,1,0,102 12 9,1,65,,308855,1,0,102 12 9,1,30,,308856,1,0,102 12 9,1,70,,308857,1,0,102 12 9,1,30,,308858,1,0,102 12 9,1,70,,308859,1,0,102 12 9,1,30,,308860,1,0,102 12 9,1,70,,308861,1,0,102 12 9,1,30,,308862,1,0,102 12 9,1,65,,308863,1,0,102 12 9,1,35,,308864,1,0,102 12 9,1,55,,308865,1,0,31 42 9,1,15,,308866,1,0,102 12 9,1,30,,308867,1,0,102 12 9,1,60,,308868,1,0,31 42 9,1,10,,308869,1,0,102 12 9,1,30,,308870,1,0,102 12 9,1,55,,308871,1,0,5 20 39,1,20,,308872,1,0,102 12 9,1,20,,308873,1,0,102 12 9,1,70,,308874,1,0,102 12 9,1,40,,308875,1,0,102 12 9,1,100,,308876,1,0,102 12 9,1,100,,308877,1,0,102 12 9,1,100,,308878,1,0,102 12 9,1
5600,'20261105',505,,308879,1,0,102 12 9,1,40,,308881,1,0,102 12 9,1,65,,308883,1,0,102 12 9,1,30,,308884,1,0,102 12 9,1,70,,308886,1,0,102 12 9,1,30,,308887,1,0,102 12 9,1,70,,308889,1,0,102 12 9,1,35,,308890,1,0,102 12 9,1,70,,308891,1,0,102 12 9,1,30,,308892,1,0,102 12 9,1,70,,308893,1,0,102 12 9,1,35,,308894,1,0,102 12 9,1,65,,308895,1,0,102 12 9,1,30,,308896,1,0,102 12 9,1,70,,308897,1,0,102 12 9,1,30,,308898,1,0,102 12 9,1,70,,308899,1,0,102 12 9,1,30,,308900,1,0,102 12 9,1,70,,308901,1,0,102 12 9,1,30,,308902,1,0,102 12 9,1,65,,308903,1,0,102 12 9,1,35,,308904,1,0,102 12 9,1,55,,308905,1,0,31 42 9,1,15,,308906,1,0,102 12 9,1,30,,308907,1,0,102 12 9,1,60,,308908,1,0,31 42 9,1,10,,308909,1,0,102 12 9,1,30,,308910,1,0,102 12 9,1,55,,308911,1,0,5 20 39,1,20,,308912,1,0,102 12 9,1,20,,308913,1,0,102 12 9,1,70,,308914,1,0,102 12 9,1,40,,308915,1,0,102 12 9,1,100,,308916,1,0,102 12 9,1,100,,308917,1,0,102 12 9,1,100,,308918,1,0,102 12 9,1
5600,'20261106',505,,308919,1,0,102 12 9,1,40,,308921,1,0,102 12 9,1,65,,308923,1,0,102 12 9,1,30,,308924,1,0,102 12 9,1,70,,308926,1,0,102 12 9,1,30,,308927,1,0,102 12 9,1,70,,308929,1,0,102 12 9,1,35,,308930,1,0,102 12 9,1,70,,308931,1,0,102 12 9,1,30,,308932,1,0,102 12 9,1,70,,308933,1,0,102 12 9,1,35,,308934,1,0,102 12 9,1,65,,308935,1,0,102 12 9,1,30,,308936,1,0,102 12 9,1,70,,308937,1,0,102 12 9,1,30,,308938,1,0,102 12 9,1,70,,308939,1,0,102 12 9,1,30,,308940,1,0,102 12 9,1,70,,308941,1,0,102 12 9,1,30,,308942,1,0,102 12 9,1,65,,308943,1,0,102 12 9,1,35,,308944,1,0,102 12 9,1,55,,308945,1,0,31 42 9,1,15,,308946,1,0,102 12 9,1,30,,308947,1,0,102 12 9,1,60,,308948,1,0,31 42 9,1,10,,308949,1,0,102 12 9,1,30,,308950,1,0,102 12 9,1,55,,308951,1,0,5 20 39,1,20,,308952,1,0,102 12 9,1,20,,308953,1,0,102 12 9,1,70,,308954,1,0,102 12 9,1,40,,308955,1,0,102 12 9,1,100,,308956,1,0,102 12 9,1,100,,308957,1,0,102 12 9,1,100,,308958,1,0,102 12 9,1
5600,'20261109',505,,308959,1,0,102 12 9,1,40,,308961,1,0,102 12 9,1,65,,308963,1,0,102 12 9,1,30,,308964,1,0,102 12 9,1,70,,308966,1,0,102 12 9,1,30,,308967,1,0,102 12 9,1,70,,308969,1,0,102 12 9,1,35,,308970,1,0,102 12 9,1,70,,308971,1,0,102 12 9,1,30,,308972,1,0,102 12 9,1,70,,308973,1,0,102 12 9,1,35,,308974,1,0,102 12 9,1,65,,308975,1,0,102 12 9,1,30,,308976,1,0,102 12 9,1,70,,308977,1,0,102 12 9,1,30,,308978,1,0,102 12 9,1,70,,308979,1,0,102 12 9,1,30,,308980,1,0,102 12 9,1,70,,308981,1,0,102 12 9,1,30,,308982,1,0,102 12 9,1,65,,308983,1,0,102 12 9,1,35,,308984,1,0,102 12 9,1,55,,308985,1,0,31 42 9,1,15,,308986,1,0,102 12 9,1,30,,308987,1,0,102 12 9,1,60,,308988,1,0,31 42 9,1,10,,308989,1,0,102 12 9,1,30,,308990,1,0,102 12 9,1,55,,308991,1,0,5 20 39,1,20,,308992,1,0,102 12 9,1,20,,308993,1,0,102 12 9,1,70,,308994,1,0,102 12 9,1,40,,308995,1,0,102 12 9,1,100,,308996,1,0,102 12 9,1,100,,308997,1,0,102 12 9,1,100,,308998,1,0,102 12 9,1
5600,'20261110',505,,308999,1,0,102 12 9,1,40,,309001,1,0,102 12 9,1,65,,309003,1,0,102 12 9,1,30,,309004,1,0,102 12 9,1,70,,309006,1,0,102 12 9,1,30,,309007,1,0,102 12 9,1,70,,309009,1,0,102 12 9,1,35,,309010,1,0,102 12 9,1,70,,309011,1,0,102 12 9,1,30,,309012,1,0,102 12 9,1,70,,309013,1,0,102 12 9,1,35,,309014,1,0,102 12 9,1,65,,309015,1,0,102 12 9,1,30,,309016,1,0,102 12 9,1,70,,309017,1,0,102 12 9,1,30,,309018,1,0,102 12 9,1,70,,309019,1,0,102 12 9,1,30,,309020,1,0,102 12 9,1,70,,309021,1,0,102 12 9,1,30,,309022,1,0,102 12 9,1,65,,309023,1,0,102 12 9,1,35,,309024,1,0,102 12 9,1,55,,309025,1,0,31 42 9,1,15,,309026,1,0,102 12 9,1,30,,309027,1,0,102 12 9,1,60,,309028,1,0,31 42 9,1,10,,309029,1,0,102 12 9,1,30,,309030,1,0,102 12 9,1,55,,309031,1,0,5 20 39,1,20,,309032,1,0,102 12 9,1,20,,309033,1,0,102 12 9,1,70,,309034,1,0,102 12 9,1,40,,309035,1,0,102 12 9,1,100,,309036,1,0,102 12 9,1,100,,309037,1,0,102 12 9,1,100,,309038,1,0,102 12 9,1
5600,'20261111',505,,309039,1,0,102 12 9,1,40,,309041,1,0,102 12 9,1,65,,309043,1,0,102 12 9,1,30,,309044,1,0,102 12 9,1,70,,309046,1,0,102 12 9,1,30,,309047,1,0,102 12 9,1,70,,309049,1,0,102 12 9,1,35,,309050,1,0,102 12 9,1,70,,309051,1,0,102 12 9,1,30,,309052,1,0,102 12 9,1,70,,309053,1,0,102 12 9,1,35,,309054,1,0,102 12 9,1,65,,309055,1,0,102 12 9,1,30,,309056,1,0,102 12 9,1,70,,309057,1,0,102 12 9,1,30,,309058,1,0,102 12 9,1,70,,309059,1,0,102 12 9,1,30,,309060,1,0,102 12 9,1,70,,309061,1,0,102 12 9,1,30,,309062,1,0,102 12 9,1,65,,309063,1,0,102 12 9,1,35,,309064,1,0,102 12 9,1,55,,309065,1,0,31 42 9,1,15,,309066,1,0,102 12 9,1,30,,309067,1,0,102 12 9,1,60,,309068,1,0,31 42 9,1,10,,309069,1,0,102 12 9,1,30,,309070,1,0,102 12 9,1,55,,309071,1,0,5 20 39,1,20,,309072,1,0,102 12 9,1,20,,309073,1,0,102 12 9,1,70,,309074,1,0,102 12 9,1,40,,309075,1,0,102 12 9,1,100,,309076,1,0,102 12 9,1,100,,309077,1,0,102 12 9,1,100,,309078,1,0,102 12 9,1
5600,'20261112',505,,309079,1,0,102 12 9,1,40,,309081,1,0,102 12 9,1,65,,309083,1,0,102 12 9,1,30,,309084,1,0,102 12 9,1,70,,309086,1,0,102 12 9,1,30,,309087,1,0,102 12 9,1,70,,309089,1,0,102 12 9,1,35,,309090,1,0,102 12 9,1,70,,309091,1,0,102 12 9,1,30,,309092,1,0,102 12 9,1,70,,309093,1,0,102 12 9,1,35,,309094,1,0,102 12 9,1,65,,309095,1,0,102 12 9,1,30,,309096,1,0,102 12 9,1,70,,309097,1,0,102 12 9,1,30,,309098,1,0,102 12 9,1,70,,309099,1,0,102 12 9,1,30,,309100,1,0,102 12 9,1,70,,309101,1,0,102 12 9,1,30,,309102,1,0,102 12 9,1,65,,309103,1,0,102 12 9,1,35,,309104,1,0,102 12 9,1,55,,309105,1,0,31 42 9,1,15,,309106,1,0,102 12 9,1,30,,309107,1,0,102 12 9,1,60,,309108,1,0,31 42 9,1,10,,309109,1,0,102 12 9,1,30,,309110,1,0,102 12 9,1,55,,309111,1,0,5 20 39,1,20,,309112,1,0,102 12 9,1,20,,309113,1,0,102 12 9,1,70,,309114,1,0,102 12 9,1,40,,309115,1,0,102 12 9,1,100,,309116,1,0,102 12 9,1,100,,309117,1,0,102 12 9,1,100,,309118,1,0,102 12 9,1
5600,'20261113',505,,309119,1,0,102 12 9,1,40,,309121,1,0,102 12 9,1,65,,309123,1,0,102 12 9,1,30,,309124,1,0,102 12 9,1,70,,309126,1,0,102 12 9,1,30,,309127,1,0,102 12 9,1,70,,309129,1,0,102 12 9,1,35,,309130,1,0,102 12 9,1,70,,309131,1,0,102 12 9,1,30,,309132,1,0,102 12 9,1,70,,309133,1,0,102 12 9,1,35,,309134,1,0,102 12 9,1,65,,309135,1,0,102 12 9,1,30,,309136,1,0,102 12 9,1,70,,309137,1,0,102 12 9,1,30,,309138,1,0,102 12 9,1,70,,309139,1,0,102 12 9,1,30,,309140,1,0,102 12 9,1,70,,309141,1,0,102 12 9,1,30,,309142,1,0,102 12 9,1,65,,309143,1,0,102 12 9,1,35,,309144,1,0,102 12 9,1,55,,309145,1,0,31 42 9,1,15,,309146,1,0,102 12 9,1,30,,309147,1,0,102 12 9,1,60,,309148,1,0,31 42 9,1,10,,309149,1,0,102 12 9,1,30,,309150,1,0,102 12 9,1,55,,309151,1,0,5 20 39,1,20,,309152,1,0,102 12 9,1,20,,309153,1,0,102 12 9,1,70,,309154,1,0,102 12 9,1,40,,309155,1,0,102 12 9,1,100,,309156,1,0,102 12 9,1,100,,309157,1,0,102 12 9,1,100,,309158,1,0,102 12 9,1
5600,'20261116',505,,309159,1,0,102 12 9,1,40,,309161,1,0,102 12 9,1,65,,309163,1,0,102 12 9,1,30,,309164,1,0,102 12 9,1,70,,309166,1,0,102 12 9,1,30,,309167,1,0,102 12 9,1,70,,309169,1,0,102 12 9,1,35,,309170,1,0,102 12 9,1,70,,309171,1,0,102 12 9,1,30,,309172,1,0,102 12 9,1,70,,309173,1,0,102 12 9,1,35,,309174,1,0,102 12 9,1,65,,309175,1,0,102 12 9,1,30,,309176,1,0,102 12 9,1,70,,309177,1,0,102 12 9,1,30,,309178,1,0,102 12 9,1,70,,309179,1,0,102 12 9,1,30,,309180,1,0,102 12 9,1,70,,309181,1,0,102 12 9,1,30,,309182,1,0,102 12 9,1,65,,309183,1,0,102 12 9,1,35,,309184,1,0,102 12 9,1,55,,309185,1,0,31 42 9,1,15,,309186,1,0,102 12 9,1,30,,309187,1,0,102 12 9,1,60,,309188,1,0,31 42 9,1,10,,309189,1,0,102 12 9,1,30,,309190,1,0,102 12 9,1,55,,309191,1,0,5 20 39,1,20,,309192,1,0,102 12 9,1,20,,309193,1,0,102 12 9,1,70,,309194,1,0,102 12 9,1,40,,309195,1,0,102 12 9,1,100,,309196,1,0,102 12 9,1,100,,309197,1,0,102 12 9,1,100,,309198,1,0,102 12 9,1
5600,'20261117',505,,309199,1,0,102 12 9,1,40,,309201,1,0,102 12 9,1,65,,309203,1,0,102 12 9,1,30,,309204,1,0,102 12 9,1,70,,309206,1,0,102 12 9,1,30,,309207,1,0,102 12 9,1,70,,309209,1,0,102 12 9,1,35,,309210,1,0,102 12 9,1,70,,309211,1,0,102 12 9,1,30,,309212,1,0,102 12 9,1,70,,309213,1,0,102 12 9,1,35,,309214,1,0,102 12 9,1,65,,309215,1,0,102 12 9,1,30,,309216,1,0,102 12 9,1,70,,309217,1,0,102 12 9,1,30,,309218,1,0,102 12 9,1,70,,309219,1,0,102 12 9,1,30,,309220,1,0,102 12 9,1,70,,309221,1,0,102 12 9,1,30,,309222,1,0,102 12 9,1,65,,309223,1,0,102 12 9,1,35,,309224,1,0,102 12 9,1,55,,309225,1,0,31 42 9,1,15,,309226,1,0,102 12 9,1,30,,309227,1,0,102 12 9,1,60,,309228,1,0,31 42 9,1,10,,309229,1,0,102 12 9,1,30,,309230,1,0,102 12 9,1,55,,309231,1,0,5 20 39,1,20,,309232,1,0,102 12 9,1,20,,309233,1,0,102 12 9,1,70,,309234,1,0,102 12 9,1,40,,309235,1,0,102 12 9,1,100,,309236,1,0,102 12 9,1,100,,309237,1,0,102 12 9,1,100,,309238,1,0,102 12 9,1
5600,'20261118',505,,309239,1,0,102 12 9,1,40,,309241,1,0,102 12 9,1,65,,309243,1,0,102 12 9,1,30,,309244,1,0,102 12 9,1,70,,309246,1,0,102 12 9,1,30,,309247,1,0,102 12 9,1,70,,309249,1,0,102 12 9,1,35,,309250,1,0,102 12 9,1,70,,309251,1,0,102 12 9,1,30,,309252,1,0,102 12 9,1,70,,309253,1,0,102 12 9,1,35,,309254,1,0,102 12 9,1,65,,309255,1,0,102 12 9,1,30,,309256,1,0,102 12 9,1,70,,309257,1,0,102 12 9,1,30,,309258,1,0,102 12 9,1,70,,309259,1,0,102 12 9,1,30,,309260,1,0,102 12 9,1,70,,309261,1,0,102 12 9,1,30,,309262,1,0,102 12 9,1,65,,309263,1,0,102 12 9,1,35,,309264,1,0,102 12 9,1,55,,309265,1,0,31 42 9,1,15,,309266,1,0,102 12 9,1,30,,309267,1,0,102 12 9,1,60,,309268,1,0,31 42 9,1,10,,309269,1,0,102 12 9,1,30,,309270,1,0,102 12 9,1,55,,309271,1,0,5 20 39,1,20,,309272,1,0,102 12 9,1,20,,309273,1,0,102 12 9,1,70,,309274,1,0,102 12 9,1,40,,309275,1,0,102 12 9,1,100,,309276,1,0,102 12 9,1,100,,309277,1,0,102 12 9,1,100,,309278,1,0,102 12 9,1
5600,'20261119',505,,309279,1,0,102 12 9,1,40,,309281,1,0,102 12 9,1,65,,309283,1,0,102 12 9,1,30,,309284,1,0,102 12 9,1,70,,309286,1,0,102 12 9,1,30,,309287,1,0,102 12 9,1,70,,309289,1,0,102 12 9,1,35,,309290,1,0,102 12 9,1,70,,309291,1,0,102 12 9,1,30,,309292,1,0,102 12 9,1,70,,309293,1,0,102 12 9,1,35,,309294,1,0,102 12 9,1,65,,309295,1,0,102 12 9,1,30,,309296,1,0,102 12 9,1,70,,309297,1,0,102 12 9,1,30,,309298,1,0,102 12 9,1,70,,309299,1,0,102 12 9,1,30,,309300,1,0,102 12 9,1,70,,309301,1,0,102 12 9,1,30,,309302,1,0,102 12 9,1,65,,309303,1,0,102 12 9,1,35,,309304,1,0,102 12 9,1,55,,309305,1,0,31 42 9,1,15,,309306,1,0,102 12 9,1,30,,309307,1,0,102 12 9,1,60,,309308,1,0,31 42 9,1,10,,309309,1,0,102 12 9,1,30,,309310,1,0,102 12 9,1,55,,309311,1,0,5 20 39,1,20,,309312,1,0,102 12 9,1,20,,309313,1,0,102 12 9,1,70,,309314,1,0,102 12 9,1,40,,309315,1,0,102 12 9,1,100,,309316,1,0,102 12 9,1,100,,309317,1,0,102 12 9,1,100,,309318,1,0,102 12 9,1
5600,'20261120',505,,309319,1,0,102 12 9,1,40,,309321,1,0,102 12 9,1,65,,309323,1,0,102 12 9,1,30,,309324,1,0,102 12 9,1,70,,309326,1,0,102 12 9,1,30,,309327,1,0,102 12 9,1,70,,309329,1,0,102 12 9,1,35,,309330,1,0,102 12 9,1,70,,309331,1,0,102 12 9,1,30,,309332,1,0,102 12 9,1,70,,309333,1,0,102 12 9,1,35,,309334,1,0,102 12 9,1,65,,309335,1,0,102 12 9,1,30,,309336,1,0,102 12 9,1,70,,309337,1,0,102 12 9,1,30,,309338,1,0,102 12 9,1,70,,309339,1,0,102 12 9,1,30,,309340,1,0,102 12 9,1,70,,309341,1,0,102 12 9,1,30,,309342,1,0,102 12 9,1,65,,309343,1,0,102 12 9,1,35,,309344,1,0,102 12 9,1,55,,309345,1,0,31 42 9,1,15,,309346,1,0,102 12 9,1,30,,309347,1,0,102 12 9,1,60,,309348,1,0,31 42 9,1,10,,309349,1,0,102 12 9,1,30,,309350,1,0,102 12 9,1,55,,309351,1,0,5 20 39,1,20,,309352,1,0,102 12 9,1,20,,309353,1,0,102 12 9,1,70,,309354,1,0,102 12 9,1,40,,309355,1,0,102 12 9,1,100,,309356,1,0,102 12 9,1,100,,309357,1,0,102 12 9,1,100,,309358,1,0,102 12 9,1
5600,'20261123',505,,309359,1,0,102 12 9,1,40,,309361,1,0,102 12 9,1,65,,309363,1,0,102 12 9,1,30,,309364,1,0,102 12 9,1,70,,309366,1,0,102 12 9,1,30,,309367,1,0,102 12 9,1,70,,309369,1,0,102 12 9,1,35,,309370,1,0,102 12 9,1,70,,309371,1,0,102 12 9,1,30,,309372,1,0,102 12 9,1,70,,309373,1,0,102 12 9,1,35,,309374,1,0,102 12 9,1,65,,309375,1,0,102 12 9,1,30,,309376,1,0,102 12 9,1,70,,309377,1,0,102 12 9,1,30,,309378,1,0,102 12 9,1,70,,309379,1,0,102 12 9,1,30,,309380,1,0,102 12 9,1,70,,309381,1,0,102 12 9,1,30,,309382,1,0,102 12 9,1,65,,309383,1,0,102 12 9,1,35,,309384,1,0,102 12 9,1,55,,309385,1,0,31 42 9,1,15,,309386,1,0,102 12 9,1,30,,309387,1,0,102 12 9,1,60,,309388,1,0,31 42 9,1,10,,309389,1,0,102 12 9,1,30,,309390,1,0,102 12 9,1,55,,309391,1,0,5 20 39,1,20,,309392,1,0,102 12 9,1,20,,309393,1,0,102 12 9,1,70,,309394,1,0,102 12 9,1,40,,309395,1,0,102 12 9,1,100,,309396,1,0,102 12 9,1,100,,309397,1,0,102 12 9,1,100,,309398,1,0,102 12 9,1
5600,'20261124',505,,309399,1,0,102 12 9,1,40,,309401,1,0,102 12 9,1,65,,309403,1,0,102 12 9,1,30,,309404,1,0,102 12 9,1,70,,309406,1,0,102 12 9,1,30,,309407,1,0,102 12 9,1,70,,309409,1,0,102 12 9,1,35,,309410,1,0,102 12 9,1,70,,309411,1,0,102 12 9,1,30,,309412,1,0,102 12 9,1,70,,309413,1,0,102 12 9,1,35,,309414,1,0,102 12 9,1,65,,309415,1,0,102 12 9,1,30,,309416,1,0,102 12 9,1,70,,309417,1,0,102 12 9,1,30,,309418,1,0,102 12 9,1,70,,309419,1,0,102 12 9,1,30,,309420,1,0,102 12 9,1,70,,309421,1,0,102 12 9,1,30,,309422,1,0,102 12 9,1,65,,309423,1,0,102 12 9,1,35,,309424,1,0,102 12 9,1,55,,309425,1,0,31 42 9,1,15,,309426,1,0,102 12 9,1,30,,309427,1,0,102 12 9,1,60,,309428,1,0,31 42 9,1,10,,309429,1,0,102 12 9,1,30,,309430,1,0,102 12 9,1,55,,309431,1,0,5 20 39,1,20,,309432,1,0,102 12 9,1,20,,309433,1,0,102 12 9,1,70,,309434,1,0,102 12 9,1,40,,309435,1,0,102 12 9,1,100,,309436,1,0,102 12 9,1,100,,309437,1,0,102 12 9,1,100,,309438,1,0,102 12 9,1
5600,'20261125',505,,309439,1,0,102 12 9,1,40,,309441,1,0,102 12 9,1,65,,309443,1,0,102 12 9,1,30,,309444,1,0,102 12 9,1,70,,309446,1,0,102 12 9,1,30,,309447,1,0,102 12 9,1,70,,309449,1,0,102 12 9,1,35,,309450,1,0,102 12 9,1,70,,309451,1,0,102 12 9,1,30,,309452,1,0,102 12 9,1,70,,309453,1,0,102 12 9,1,35,,309454,1,0,102 12 9,1,65,,309455,1,0,102 12 9,1,30,,309456,1,0,102 12 9,1,70,,309457,1,0,102 12 9,1,30,,309458,1,0,102 12 9,1,70,,309459,1,0,102 12 9,1,30,,309460,1,0,102 12 9,1,70,,309461,1,0,102 12 9,1,30,,309462,1,0,102 12 9,1,65,,309463,1,0,102 12 9,1,35,,309464,1,0,102 12 9,1,55,,309465,1,0,31 42 9,1,15,,309466,1,0,102 12 9,1,30,,309467,1,0,102 12 9,1,60,,309468,1,0,31 42 9,1,10,,309469,1,0,102 12 9,1,30,,309470,1,0,102 12 9,1,55,,309471,1,0,5 20 39,1,20,,309472,1,0,102 12 9,1,20,,309473,1,0,102 12 9,1,70,,309474,1,0,102 12 9,1,40,,309475,1,0,102 12 9,1,100,,309476,1,0,102 12 9,1,100,,309477,1,0,102 12 9,1,100,,309478,1,0,102 12 9,1
5600,'20261126',505,,309479,1,0,102 12 9,1,40,,309481,1,0,102 12 9,1,65,,309483,1,0,102 12 9,1,30,,309484,1,0,102 12 9,1,70,,309486,1,0,102 12 9,1,30,,309487,1,0,102 12 9,1,70,,309489,1,0,102 12 9,1,35,,309490,1,0,102 12 9,1,70,,309491,1,0,102 12 9,1,30,,309492,1,0,102 12 9,1,70,,309493,1,0,102 12 9,1,35,,309494,1,0,102 12 9,1,65,,309495,1,0,102 12 9,1,30,,309496,1,0,102 12 9,1,70,,309497,1,0,102 12 9,1,30,,309498,1,0,102 12 9,1,70,,309499,1,0,102 12 9,1,30,,309500,1,0,102 12 9,1,70,,309501,1,0,102 12 9,1,30,,309502,1,0,102 12 9,1,65,,309503,1,0,102 12 9,1,35,,309504,1,0,102 12 9,1,55,,309505,1,0,31 42 9,1,15,,309506,1,0,102 12 9,1,30,,309507,1,0,102 12 9,1,60,,309508,1,0,31 42 9,1,10,,309509,1,0,102 12 9,1,30,,309510,1,0,102 12 9,1,55,,309511,1,0,5 20 39,1,20,,309512,1,0,102 12 9,1,20,,309513,1,0,102 12 9,1,70,,309514,1,0,102 12 9,1,40,,309515,1,0,102 12 9,1,100,,309516,1,0,102 12 9,1,100,,309517,1,0,102 12 9,1,100,,309518,1,0,102 12 9,1
5600,'20261127',505,,309519,1,0,102 12 9,1,40,,309521,1,0,102 12 9,1,65,,309523,1,0,102 12 9,1,30,,309524,1,0,102 12 9,1,70,,309526,1,0,102 12 9,1,30,,309527,1,0,102 12 9,1,70,,309529,1,0,102 12 9,1,35,,309530,1,0,102 12 9,1,70,,309531,1,0,102 12 9,1,30,,309532,1,0,102 12 9,1,70,,309533,1,0,102 12 9,1,35,,309534,1,0,102 12 9,1,65,,309535,1,0,102 12 9,1,30,,309536,1,0,102 12 9,1,70,,309537,1,0,102 12 9,1,30,,309538,1,0,102 12 9,1,70,,309539,1,0,102 12 9,1,30,,309540,1,0,102 12 9,1,70,,309541,1,0,102 12 9,1,30,,309542,1,0,102 12 9,1,65,,309543,1,0,102 12 9,1,35,,309544,1,0,102 12 9,1,55,,309545,1,0,31 42 9,1,15,,309546,1,0,102 12 9,1,30,,309547,1,0,102 12 9,1,60,,309548,1,0,31 42 9,1,10,,309549,1,0,102 12 9,1,30,,309550,1,0,102 12 9,1,55,,309551,1,0,5 20 39,1,20,,309552,1,0,102 12 9,1,20,,309553,1,0,102 12 9,1,70,,309554,1,0,102 12 9,1,40,,309555,1,0,102 12 9,1,100,,309556,1,0,102 12 9,1,100,,309557,1,0,102 12 9,1,100,,309558,1,0,102 12 9,1
5601,'20260910',625,,309639,32,4,,1,85,,309640,15,4,,1,20,,309641,32,4,,1,15,,309642,15,4,,1,60,,309643,32,4,,1,15,,309644,15,4,,1,15,,309645,32,4,,1,15,,309646,15,4,,1,55,,309647,32,4,,1,30,,309648,32,4,,1,75,,309649,32,4,,1,20,,309650,32,4,,1,70,,309651,32,4,,1,35,,309652,32,4,,1,70,,309653,32,4,,1,30,,309654,32,4,,1,70,,309655,32,4,,1,30,,309656,32,4,,1,70,,309657,32,4,,1,30,,309658,32,4,,1,70,,309659,32,4,,1,30,,309660,32,4,,1,70,,309661,32,4,,1,30,,309662,32,4,,1,85,,309664,32,4,,1,20,,309665,32,4,,1,75,,309666,32,4,,1,30,,309667,32,4,,1,70,,309669,32,4,,1,25,,309670,32,4,,1,65,,309672,32,4,,1,25,,309673,32,4,,1,70,,309674,32,4,,1,40,,309675,32,4,,1,100,,309676,32,4,,1,100,,309677,32,4,,1,200,,309678,32,4,,1
5601,'20260911',625,,309679,32,4,,1,85,,309680,15,4,,1,20,,309681,32,4,,1,15,,309682,15,4,,1,60,,309683,32,4,,1,15,,309684,15,4,,1,15,,309685,32,4,,1,15,,309686,15,4,,1,55,,309687,32,4,,1,30,,309688,32,4,,1,75,,309689,32,4,,1,20,,309690,32,4,,1,70,,309691,32,4,,1,35,,309692,32,4,,1,70,,309693,32,4,,1,30,,309694,32,4,,1,70,,309695,32,4,,1,30,,309696,32,4,,1,70,,309697,32,4,,1,30,,309698,32,4,,1,70,,309699,32,4,,1,30,,309700,32,4,,1,70,,309701,32,4,,1,30,,309702,32,4,,1,85,,309704,32,4,,1,20,,309705,32,4,,1,75,,309706,32,4,,1,30,,309707,32,4,,1,70,,309709,32,4,,1,25,,309710,32,4,,1,65,,309712,32,4,,1,25,,309713,32,4,,1,70,,309714,32,4,,1,40,,309715,32,4,,1,100,,309716,32,4,,1,100,,309717,32,4,,1,200,,309718,32,4,,1
5601,'20260914',625,,309719,32,4,,1,85,,309720,15,4,,1,20,,309721,32,4,,1,15,,309722,15,4,,1,60,,309723,32,4,,1,15,,309724,15,4,,1,15,,309725,32,4,,1,15,,309726,15,4,,1,55,,309727,32,4,,1,30,,309728,32,4,,1,75,,309729,32,4,,1,20,,309730,32,4,,1,70,,309731,32,4,,1,35,,309732,32,4,,1,70,,309733,32,4,,1,30,,309734,32,4,,1,70,,309735,32,4,,1,30,,309736,32,4,,1,70,,309737,32,4,,1,30,,309738,32,4,,1,70,,309739,32,4,,1,30,,309740,32,4,,1,70,,309741,32,4,,1,30,,309742,32,4,,1,85,,309744,32,4,,1,20,,309745,32,4,,1,75,,309746,32,4,,1,30,,309747,32,4,,1,70,,309749,32,4,,1,25,,309750,32,4,,1,65,,309752,32,4,,1,25,,309753,32,4,,1,70,,309754,32,4,,1,40,,309755,32,4,,1,100,,309756,32,4,,1,100,,309757,32,4,,1,200,,309758,32,4,,1
5601,'20260915',625,,309759,32,4,,1,85,,309760,15,4,,1,20,,309761,32,4,,1,15,,309762,15,4,,1,60,,309763,32,4,,1,15,,309764,15,4,,1,15,,309765,32,4,,1,15,,309766,15,4,,1,55,,309767,32,4,,1,30,,309768,32,4,,1,75,,309769,32,4,,1,20,,309770,32,4,,1,70,,309771,32,4,,1,35,,309772,32,4,,1,70,,309773,32,4,,1,30,,309774,32,4,,1,70,,309775,32,4,,1,30,,309776,32,4,,1,70,,309777,32,4,,1,30,,309778,32,4,,1,70,,309779,32,4,,1,30,,309780,32,4,,1,70,,309781,32,4,,1,30,,309782,32,4,,1,85,,309784,32,4,,1,20,,309785,32,4,,1,75,,309786,32,4,,1,30,,309787,32,4,,1,70,,309789,32,4,,1,25,,309790,32,4,,1,65,,309792,32,4,,1,25,,309793,32,4,,1,70,,309794,32,4,,1,40,,309795,32,4,,1,100,,309796,32,4,,1,100,,309797,32,4,,1,200,,309798,32,4,,1
5601,'20260916',625,,309799,32,4,,1,85,,309800,15,4,,1,20,,309801,32,4,,1,15,,309802,15,4,,1,60,,309803,32,4,,1,15,,309804,15,4,,1,15,,309805,32,4,,1,15,,309806,15,4,,1,55,,309807,32,4,,1,30,,309808,32,4,,1,75,,309809,32,4,,1,20,,309810,32,4,,1,70,,309811,32,4,,1,35,,309812,32,4,,1,70,,309813,32,4,,1,30,,309814,32,4,,1,70,,309815,32,4,,1,30,,309816,32,4,,1,70,,309817,32,4,,1,30,,309818,32,4,,1,70,,309819,32,4,,1,30,,309820,32,4,,1,70,,309821,32,4,,1,30,,309822,32,4,,1,85,,309824,32,4,,1,20,,309825,32,4,,1,75,,309826,32,4,,1,30,,309827,32,4,,1,70,,309829,32,4,,1,25,,309830,32,4,,1,65,,309832,32,4,,1,25,,309833,32,4,,1,70,,309834,32,4,,1,40,,309835,32,4,,1,100,,309836,32,4,,1,100,,309837,32,4,,1,200,,309838,32,4,,1
5601,'20260917',625,,309839,32,4,,1,85,,309840,15,4,,1,20,,309841,32,4,,1,15,,309842,15,4,,1,60,,309843,32,4,,1,15,,309844,15,4,,1,15,,309845,32,4,,1,15,,309846,15,4,,1,55,,309847,32,4,,1,30,,309848,32,4,,1,75,,309849,32,4,,1,20,,309850,32,4,,1,70,,309851,32,4,,1,35,,309852,32,4,,1,70,,309853,32,4,,1,30,,309854,32,4,,1,70,,309855,32,4,,1,30,,309856,32,4,,1,70,,309857,32,4,,1,30,,309858,32,4,,1,70,,309859,32,4,,1,30,,309860,32,4,,1,70,,309861,32,4,,1,30,,309862,32,4,,1,85,,309864,32,4,,1,20,,309865,32,4,,1,75,,309866,32,4,,1,30,,309867,32,4,,1,70,,309869,32,4,,1,25,,309870,32,4,,1,65,,309872,32,4,,1,25,,309873,32,4,,1,70,,309874,32,4,,1,40,,309875,32,4,,1,100,,309876,32,4,,1,100,,309877,32,4,,1,200,,309878,32,4,,1
5601,'20260918',625,,309879,32,4,,1,85,,309880,15,4,,1,20,,309881,32,4,,1,15,,309882,15,4,,1,60,,309883,32,4,,1,15,,309884,15,4,,1,15,,309885,32,4,,1,15,,309886,15,4,,1,55,,309887,32,4,,1,30,,309888,32,4,,1,75,,309889,32,4,,1,20,,309890,32,4,,1,70,,309891,32,4,,1,35,,309892,32,4,,1,70,,309893,32,4,,1,30,,309894,32,4,,1,70,,309895,32,4,,1,30,,309896,32,4,,1,70,,309897,32,4,,1,30,,309898,32,4,,1,70,,309899,32,4,,1,30,,309900,32,4,,1,70,,309901,32,4,,1,30,,309902,32,4,,1,85,,309904,32,4,,1,20,,309905,32,4,,1,75,,309906,32,4,,1,30,,309907,32,4,,1,70,,309909,32,4,,1,25,,309910,32,4,,1,65,,309912,32,4,,1,25,,309913,32,4,,1,70,,309914,32,4,,1,40,,309915,32,4,,1,100,,309916,32,4,,1,100,,309917,32,4,,1,200,,309918,32,4,,1
5601,'20260921',625,,309919,32,4,,1,85,,309920,15,4,,1,20,,309921,32,4,,1,15,,309922,15,4,,1,60,,309923,32,4,,1,15,,309924,15,4,,1,15,,309925,32,4,,1,15,,309926,15,4,,1,55,,309927,32,4,,1,30,,309928,32,4,,1,75,,309929,32,4,,1,20,,309930,32,4,,1,70,,309931,32,4,,1,35,,309932,32,4,,1,70,,309933,32,4,,1,30,,309934,32,4,,1,70,,309935,32,4,,1,30,,309936,32,4,,1,70,,309937,32,4,,1,30,,309938,32,4,,1,70,,309939,32,4,,1,30,,309940,32,4,,1,70,,309941,32,4,,1,30,,309942,32,4,,1,85,,309944,32,4,,1,20,,309945,32,4,,1,75,,309946,32,4,,1,30,,309947,32,4,,1,70,,309949,32,4,,1,25,,309950,32,4,,1,65,,309952,32,4,,1,25,,309953,32,4,,1,70,,309954,32,4,,1,40,,309955,32,4,,1,100,,309956,32,4,,1,100,,309957,32,4,,1,200,,309958,32,4,,1
5601,'20260922',625,,309959,32,4,,1,85,,309960,15,4,,1,20,,309961,32,4,,1,15,,309962,15,4,,1,60,,309963,32,4,,1,15,,309964,15,4,,1,15,,309965,32,4,,1,15,,309966,15,4,,1,55,,309967,32,4,,1,30,,309968,32,4,,1,75,,309969,32,4,,1,20,,309970,32,4,,1,70,,309971,32,4,,1,35,,309972,32,4,,1,70,,309973,32,4,,1,30,,309974,32,4,,1,70,,309975,32,4,,1,30,,309976,32,4,,1,70,,309977,32,4,,1,30,,309978,32,4,,1,70,,309979,32,4,,1,30,,309980,32,4,,1,70,,309981,32,4,,1,30,,309982,32,4,,1,85,,309984,32,4,,1,20,,309985,32,4,,1,75,,309986,32,4,,1,30,,309987,32,4,,1,70,,309989,32,4,,1,25,,309990,32,4,,1,65,,309992,32,4,,1,25,,309993,32,4,,1,70,,309994,32,4,,1,40,,309995,32,4,,1,100,,309996,32,4,,1,100,,309997,32,4,,1,200,,309998,32,4,,1
5601,'20260923',625,,309999,32,4,,1,85,,310000,15,4,,1,20,,310001,32,4,,1,15,,310002,15,4,,1,60,,310003,32,4,,1,15,,310004,15,4,,1,15,,310005,32,4,,1,15,,310006,15,4,,1,55,,310007,32,4,,1,30,,310008,32,4,,1,75,,310009,32,4,,1,20,,310010,32,4,,1,70,,310011,32,4,,1,35,,310012,32,4,,1,70,,310013,32,4,,1,30,,310014,32,4,,1,70,,310015,32,4,,1,30,,310016,32,4,,1,70,,310017,32,4,,1,30,,310018,32,4,,1,70,,310019,32,4,,1,30,,310020,32,4,,1,70,,310021,32,4,,1,30,,310022,32,4,,1,85,,310024,32,4,,1,20,,310025,32,4,,1,75,,310026,32,4,,1,30,,310027,32,4,,1,70,,310029,32,4,,1,25,,310030,32,4,,1,65,,310032,32,4,,1,25,,310033,32,4,,1,70,,310034,32,4,,1,40,,310035,32,4,,1,100,,310036,32,4,,1,100,,310037,32,4,,1,200,,310038,32,4,,1
5601,'20260924',625,,310039,32,4,,1,85,,310040,15,4,,1,20,,310041,32,4,,1,15,,310042,15,4,,1,60,,310043,32,4,,1,15,,310044,15,4,,1,15,,310045,32,4,,1,15,,310046,15,4,,1,55,,310047,32,4,,1,30,,310048,32,4,,1,75,,310049,32,4,,1,20,,310050,32,4,,1,70,,310051,32,4,,1,35,,310052,32,4,,1,70,,310053,32,4,,1,30,,310054,32,4,,1,70,,310055,32,4,,1,30,,310056,32,4,,1,70,,310057,32,4,,1,30,,310058,32,4,,1,70,,310059,32,4,,1,30,,310060,32,4,,1,70,,310061,32,4,,1,30,,310062,32,4,,1,85,,310064,32,4,,1,20,,310065,32,4,,1,75,,310066,32,4,,1,30,,310067,32,4,,1,70,,310069,32,4,,1,25,,310070,32,4,,1,65,,310072,32,4,,1,25,,310073,32,4,,1,70,,310074,32,4,,1,40,,310075,32,4,,1,100,,310076,32,4,,1,100,,310077,32,4,,1,200,,310078,32,4,,1
5601,'20260925',625,,310079,32,4,,1,85,,310080,15,4,,1,20,,310081,32,4,,1,15,,310082,15,4,,1,60,,310083,32,4,,1,15,,310084,15,4,,1,15,,310085,32,4,,1,15,,310086,15,4,,1,55,,310087,32,4,,1,30,,310088,32,4,,1,75,,310089,32,4,,1,20,,310090,32,4,,1,70,,310091,32,4,,1,35,,310092,32,4,,1,70,,310093,32,4,,1,30,,310094,32,4,,1,70,,310095,32,4,,1,30,,310096,32,4,,1,70,,310097,32,4,,1,30,,310098,32,4,,1,70,,310099,32,4,,1,30,,310100,32,4,,1,70,,310101,32,4,,1,30,,310102,32,4,,1,85,,310104,32,4,,1,20,,310105,32,4,,1,75,,310106,32,4,,1,30,,310107,32,4,,1,70,,310109,32,4,,1,25,,310110,32,4,,1,65,,310112,32,4,,1,25,,310113,32,4,,1,70,,310114,32,4,,1,40,,310115,32,4,,1,100,,310116,32,4,,1,100,,310117,32,4,,1,200,,310118,32,4,,1
5601,'20260928',625,,310119,32,4,,1,85,,310120,15,4,,1,20,,310121,32,4,,1,15,,310122,15,4,,1,60,,310123,32,4,,1,15,,310124,15,4,,1,15,,310125,32,4,,1,15,,310126,15,4,,1,55,,310127,32,4,,1,30,,310128,32,4,,1,75,,310129,32,4,,1,20,,310130,32,4,,1,70,,310131,32,4,,1,35,,310132,32,4,,1,70,,310133,32,4,,1,30,,310134,32,4,,1,70,,310135,32,4,,1,30,,310136,32,4,,1,70,,310137,32,4,,1,30,,310138,32,4,,1,70,,310139,32,4,,1,30,,310140,32,4,,1,70,,310141,32,4,,1,30,,310142,32,4,,1,85,,310144,32,4,,1,20,,310145,32,4,,1,75,,310146,32,4,,1,30,,310147,32,4,,1,70,,310149,32,4,,1,25,,310150,32,4,,1,65,,310152,32,4,,1,25,,310153,32,4,,1,70,,310154,32,4,,1,40,,310155,32,4,,1,100,,310156,32,4,,1,100,,310157,32,4,,1,200,,310158,32,4,,1
5601,'20260929',625,,310159,32,4,,1,85,,310160,15,4,,1,20,,310161,32,4,,1,15,,310162,15,4,,1,60,,310163,32,4,,1,15,,310164,15,4,,1,15,,310165,32,4,,1,15,,310166,15,4,,1,55,,310167,32,4,,1,30,,310168,32,4,,1,75,,310169,32,4,,1,20,,310170,32,4,,1,70,,310171,32,4,,1,35,,310172,32,4,,1,70,,310173,32,4,,1,30,,310174,32,4,,1,70,,310175,32,4,,1,30,,310176,32,4,,1,70,,310177,32,4,,1,30,,310178,32,4,,1,70,,310179,32,4,,1,30,,310180,32,4,,1,70,,310181,32,4,,1,30,,310182,32,4,,1,85,,310184,32,4,,1,20,,310185,32,4,,1,75,,310186,32,4,,1,30,,310187,32,4,,1,70,,310189,32,4,,1,25,,310190,32,4,,1,65,,310192,32,4,,1,25,,310193,32,4,,1,70,,310194,32,4,,1,40,,310195,32,4,,1,100,,310196,32,4,,1,100,,310197,32,4,,1,200,,310198,32,4,,1
5601,'20260930',625,,310199,32,4,,1,85,,310200,15,4,,1,20,,310201,32,4,,1,15,,310202,15,4,,1,60,,310203,32,4,,1,15,,310204,15,4,,1,15,,310205,32,4,,1,15,,310206,15,4,,1,55,,310207,32,4,,1,30,,310208,32,4,,1,75,,310209,32,4,,1,20,,310210,32,4,,1,70,,310211,32,4,,1,35,,310212,32,4,,1,70,,310213,32,4,,1,30,,310214,32,4,,1,70,,310215,32,4,,1,30,,310216,32,4,,1,70,,310217,32,4,,1,30,,310218,32,4,,1,70,,310219,32,4,,1,30,,310220,32,4,,1,70,,310221,32,4,,1,30,,310222,32,4,,1,85,,310224,32,4,,1,20,,310225,32,4,,1,75,,310226,32,4,,1,30,,310227,32,4,,1,70,,310229,32,4,,1,25,,310230,32,4,,1,65,,310232,32,4,,1,25,,310233,32,4,,1,70,,310234,32,4,,1,40,,310235,32,4,,1,100,,310236,32,4,,1,100,,310237,32,4,,1,200,,310238,32,4,,1
5601,'20261001',625,,310239,32,4,,1,85,,310240,15,4,,1,20,,310241,32,4,,1,15,,310242,15,4,,1,60,,310243,32,4,,1,15,,310244,15,4,,1,15,,310245,32,4,,1,15,,310246,15,4,,1,55,,310247,32,4,,1,30,,310248,32,4,,1,75,,310249,32,4,,1,20,,310250,32,4,,1,70,,310251,32,4,,1,35,,310252,32,4,,1,70,,310253,32,4,,1,30,,310254,32,4,,1,70,,310255,32,4,,1,30,,310256,32,4,,1,70,,310257,32,4,,1,30,,310258,32,4,,1,70,,310259,32,4,,1,30,,310260,32,4,,1,70,,310261,32,4,,1,30,,310262,32,4,,1,85,,310264,32,4,,1,20,,310265,32,4,,1,75,,310266,32,4,,1,30,,310267,32,4,,1,70,,310269,32,4,,1,25,,310270,32,4,,1,65,,310272,32,4,,1,25,,310273,32,4,,1,70,,310274,32,4,,1,40,,310275,32,4,,1,100,,310276,32,4,,1,100,,310277,32,4,,1,200,,310278,32,4,,1
5601,'20261002',625,,310279,32,4,,1,85,,310280,15,4,,1,20,,310281,32,4,,1,15,,310282,15,4,,1,60,,310283,32,4,,1,15,,310284,15,4,,1,15,,310285,32,4,,1,15,,310286,15,4,,1,55,,310287,32,4,,1,30,,310288,32,4,,1,75,,310289,32,4,,1,20,,310290,32,4,,1,70,,310291,32,4,,1,35,,310292,32,4,,1,70,,310293,32,4,,1,30,,310294,32,4,,1,70,,310295,32,4,,1,30,,310296,32,4,,1,70,,310297,32,4,,1,30,,310298,32,4,,1,70,,310299,32,4,,1,30,,310300,32,4,,1,70,,310301,32,4,,1,30,,310302,32,4,,1,85,,310304,32,4,,1,20,,310305,32,4,,1,75,,310306,32,4,,1,30,,310307,32,4,,1,70,,310309,32,4,,1,25,,310310,32,4,,1,65,,310312,32,4,,1,25,,310313,32,4,,1,70,,310314,32,4,,1,40,,310315,32,4,,1,100,,310316,32,4,,1,100,,310317,32,4,,1,200,,310318,32,4,,1
5601,'20261005',625,,310319,32,4,,1,85,,310320,15,4,,1,20,,310321,32,4,,1,15,,310322,15,4,,1,60,,310323,32,4,,1,15,,310324,15,4,,1,15,,310325,32,4,,1,15,,310326,15,4,,1,55,,310327,32,4,,1,30,,310328,32,4,,1,75,,310329,32,4,,1,20,,310330,32,4,,1,70,,310331,32,4,,1,35,,310332,32,4,,1,70,,310333,32,4,,1,30,,310334,32,4,,1,70,,310335,32,4,,1,30,,310336,32,4,,1,70,,310337,32,4,,1,30,,310338,32,4,,1,70,,310339,32,4,,1,30,,310340,32,4,,1,70,,310341,32,4,,1,30,,310342,32,4,,1,85,,310344,32,4,,1,20,,310345,32,4,,1,75,,310346,32,4,,1,30,,310347,32,4,,1,70,,310349,32,4,,1,25,,310350,32,4,,1,65,,310352,32,4,,1,25,,310353,32,4,,1,70,,310354,32,4,,1,40,,310355,32,4,,1,100,,310356,32,4,,1,100,,310357,32,4,,1,200,,310358,32,4,,1
5601,'20261006',625,,310359,32,4,,1,85,,310360,15,4,,1,20,,310361,32,4,,1,15,,310362,15,4,,1,60,,310363,32,4,,1,15,,310364,15,4,,1,15,,310365,32,4,,1,15,,310366,15,4,,1,55,,310367,32,4,,1,30,,310368,32,4,,1,75,,310369,32,4,,1,20,,310370,32,4,,1,70,,310371,32,4,,1,35,,310372,32,4,,1,70,,310373,32,4,,1,30,,310374,32,4,,1,70,,310375,32,4,,1,30,,310376,32,4,,1,70,,310377,32,4,,1,30,,310378,32,4,,1,70,,310379,32,4,,1,30,,310380,32,4,,1,70,,310381,32,4,,1,30,,310382,32,4,,1,85,,310384,32,4,,1,20,,310385,32,4,,1,75,,310386,32,4,,1,30,,310387,32,4,,1,70,,310389,32,4,,1,25,,310390,32,4,,1,65,,310392,32,4,,1,25,,310393,32,4,,1,70,,310394,32,4,,1,40,,310395,32,4,,1,100,,310396,32,4,,1,100,,310397,32,4,,1,200,,310398,32,4,,1
5601,'20261007',625,,310399,32,4,,1,85,,310400,15,4,,1,20,,310401,32,4,,1,15,,310402,15,4,,1,60,,310403,32,4,,1,15,,310404,15,4,,1,15,,310405,32,4,,1,15,,310406,15,4,,1,55,,310407,32,4,,1,30,,310408,32,4,,1,75,,310409,32,4,,1,20,,310410,32,4,,1,70,,310411,32,4,,1,35,,310412,32,4,,1,70,,310413,32,4,,1,30,,310414,32,4,,1,70,,310415,32,4,,1,30,,310416,32,4,,1,70,,310417,32,4,,1,30,,310418,32,4,,1,70,,310419,32,4,,1,30,,310420,32,4,,1,70,,310421,32,4,,1,30,,310422,32,4,,1,85,,310424,32,4,,1,20,,310425,32,4,,1,75,,310426,32,4,,1,30,,310427,32,4,,1,70,,310429,32,4,,1,25,,310430,32,4,,1,65,,310432,32,4,,1,25,,310433,32,4,,1,70,,310434,32,4,,1,40,,310435,32,4,,1,100,,310436,32,4,,1,100,,310437,32,4,,1,200,,310438,32,4,,1
5601,'20261008',625,,310439,32,4,,1,85,,310440,15,4,,1,20,,310441,32,4,,1,15,,310442,15,4,,1,60,,310443,32,4,,1,15,,310444,15,4,,1,15,,310445,32,4,,1,15,,310446,15,4,,1,55,,310447,32,4,,1,30,,310448,32,4,,1,75,,310449,32,4,,1,20,,310450,32,4,,1,70,,310451,32,4,,1,35,,310452,32,4,,1,70,,310453,32,4,,1,30,,310454,32,4,,1,70,,310455,32,4,,1,30,,310456,32,4,,1,70,,310457,32,4,,1,30,,310458,32,4,,1,70,,310459,32,4,,1,30,,310460,32,4,,1,70,,310461,32,4,,1,30,,310462,32,4,,1,85,,310464,32,4,,1,20,,310465,32,4,,1,75,,310466,32,4,,1,30,,310467,32,4,,1,70,,310469,32,4,,1,25,,310470,32,4,,1,65,,310472,32,4,,1,25,,310473,32,4,,1,70,,310474,32,4,,1,40,,310475,32,4,,1,100,,310476,32,4,,1,100,,310477,32,4,,1,200,,310478,32,4,,1
5601,'20261009',625,,310479,32,4,,1,85,,310480,15,4,,1,20,,310481,32,4,,1,15,,310482,15,4,,1,60,,310483,32,4,,1,15,,310484,15,4,,1,15,,310485,32,4,,1,15,,310486,15,4,,1,55,,310487,32,4,,1,30,,310488,32,4,,1,75,,310489,32,4,,1,20,,310490,32,4,,1,70,,310491,32,4,,1,35,,310492,32,4,,1,70,,310493,32,4,,1,30,,310494,32,4,,1,70,,310495,32,4,,1,30,,310496,32,4,,1,70,,310497,32,4,,1,30,,310498,32,4,,1,70,,310499,32,4,,1,30,,310500,32,4,,1,70,,310501,32,4,,1,30,,310502,32,4,,1,85,,310504,32,4,,1,20,,310505,32,4,,1,75,,310506,32,4,,1,30,,310507,32,4,,1,70,,310509,32,4,,1,25,,310510,32,4,,1,65,,310512,32,4,,1,25,,310513,32,4,,1,70,,310514,32,4,,1,40,,310515,32,4,,1,100,,310516,32,4,,1,100,,310517,32,4,,1,200,,310518,32,4,,1
5601,'20261013',625,,310519,32,4,,1,85,,310520,15,4,,1,20,,310521,32,4,,1,15,,310522,15,4,,1,60,,310523,32,4,,1,15,,310524,15,4,,1,15,,310525,32,4,,1,15,,310526,15,4,,1,55,,310527,32,4,,1,30,,310528,32,4,,1,75,,310529,32,4,,1,20,,310530,32,4,,1,70,,310531,32,4,,1,35,,310532,32,4,,1,70,,310533,32,4,,1,30,,310534,32,4,,1,70,,310535,32,4,,1,30,,310536,32,4,,1,70,,310537,32,4,,1,30,,310538,32,4,,1,70,,310539,32,4,,1,30,,310540,32,4,,1,70,,310541,32,4,,1,30,,310542,32,4,,1,85,,310544,32,4,,1,20,,310545,32,4,,1,75,,310546,32,4,,1,30,,310547,32,4,,1,70,,310549,32,4,,1,25,,310550,32,4,,1,65,,310552,32,4,,1,25,,310553,32,4,,1,70,,310554,32,4,,1,40,,310555,32,4,,1,100,,310556,32,4,,1,100,,310557,32,4,,1,200,,310558,32,4,,1
5601,'20261014',625,,310559,32,4,,1,85,,310560,15,4,,1,20,,310561,32,4,,1,15,,310562,15,4,,1,60,,310563,32,4,,1,15,,310564,15,4,,1,15,,310565,32,4,,1,15,,310566,15,4,,1,55,,310567,32,4,,1,30,,310568,32,4,,1,75,,310569,32,4,,1,20,,310570,32,4,,1,70,,310571,32,4,,1,35,,310572,32,4,,1,70,,310573,32,4,,1,30,,310574,32,4,,1,70,,310575,32,4,,1,30,,310576,32,4,,1,70,,310577,32,4,,1,30,,310578,32,4,,1,70,,310579,32,4,,1,30,,310580,32,4,,1,70,,310581,32,4,,1,30,,310582,32,4,,1,85,,310584,32,4,,1,20,,310585,32,4,,1,75,,310586,32,4,,1,30,,310587,32,4,,1,70,,310589,32,4,,1,25,,310590,32,4,,1,65,,310592,32,4,,1,25,,310593,32,4,,1,70,,310594,32,4,,1,40,,310595,32,4,,1,100,,310596,32,4,,1,100,,310597,32,4,,1,200,,310598,32,4,,1
5601,'20261015',625,,310599,32,4,,1,85,,310600,15,4,,1,20,,310601,32,4,,1,15,,310602,15,4,,1,60,,310603,32,4,,1,15,,310604,15,4,,1,15,,310605,32,4,,1,15,,310606,15,4,,1,55,,310607,32,4,,1,30,,310608,32,4,,1,75,,310609,32,4,,1,20,,310610,32,4,,1,70,,310611,32,4,,1,35,,310612,32,4,,1,70,,310613,32,4,,1,30,,310614,32,4,,1,70,,310615,32,4,,1,30,,310616,32,4,,1,70,,310617,32,4,,1,30,,310618,32,4,,1,70,,310619,32,4,,1,30,,310620,32,4,,1,70,,310621,32,4,,1,30,,310622,32,4,,1,85,,310624,32,4,,1,20,,310625,32,4,,1,75,,310626,32,4,,1,30,,310627,32,4,,1,70,,310629,32,4,,1,25,,310630,32,4,,1,65,,310632,32,4,,1,25,,310633,32,4,,1,70,,310634,32,4,,1,40,,310635,32,4,,1,100,,310636,32,4,,1,100,,310637,32,4,,1,200,,310638,32,4,,1
5601,'20261016',625,,310639,32,4,,1,85,,310640,15,4,,1,20,,310641,32,4,,1,15,,310642,15,4,,1,60,,310643,32,4,,1,15,,310644,15,4,,1,15,,310645,32,4,,1,15,,310646,15,4,,1,55,,310647,32,4,,1,30,,310648,32,4,,1,75,,310649,32,4,,1,20,,310650,32,4,,1,70,,310651,32,4,,1,35,,310652,32,4,,1,70,,310653,32,4,,1,30,,310654,32,4,,1,70,,310655,32,4,,1,30,,310656,32,4,,1,70,,310657,32,4,,1,30,,310658,32,4,,1,70,,310659,32,4,,1,30,,310660,32,4,,1,70,,310661,32,4,,1,30,,310662,32,4,,1,85,,310664,32,4,,1,20,,310665,32,4,,1,75,,310666,32,4,,1,30,,310667,32,4,,1,70,,310669,32,4,,1,25,,310670,32,4,,1,65,,310672,32,4,,1,25,,310673,32,4,,1,70,,310674,32,4,,1,40,,310675,32,4,,1,100,,310676,32,4,,1,100,,310677,32,4,,1,200,,310678,32,4,,1
5601,'20261019',625,,310679,32,4,,1,85,,310680,15,4,,1,20,,310681,32,4,,1,15,,310682,15,4,,1,60,,310683,32,4,,1,15,,310684,15,4,,1,15,,310685,32,4,,1,15,,310686,15,4,,1,55,,310687,32,4,,1,30,,310688,32,4,,1,75,,310689,32,4,,1,20,,310690,32,4,,1,70,,310691,32,4,,1,35,,310692,32,4,,1,70,,310693,32,4,,1,30,,310694,32,4,,1,70,,310695,32,4,,1,30,,310696,32,4,,1,70,,310697,32,4,,1,30,,310698,32,4,,1,70,,310699,32,4,,1,30,,310700,32,4,,1,70,,310701,32,4,,1,30,,310702,32,4,,1,85,,310704,32,4,,1,20,,310705,32,4,,1,75,,310706,32,4,,1,30,,310707,32,4,,1,70,,310709,32,4,,1,25,,310710,32,4,,1,65,,310712,32,4,,1,25,,310713,32,4,,1,70,,310714,32,4,,1,40,,310715,32,4,,1,100,,310716,32,4,,1,100,,310717,32,4,,1,200,,310718,32,4,,1
5601,'20261020',625,,310719,32,4,,1,85,,310720,15,4,,1,20,,310721,32,4,,1,15,,310722,15,4,,1,60,,310723,32,4,,1,15,,310724,15,4,,1,15,,310725,32,4,,1,15,,310726,15,4,,1,55,,310727,32,4,,1,30,,310728,32,4,,1,75,,310729,32,4,,1,20,,310730,32,4,,1,70,,310731,32,4,,1,35,,310732,32,4,,1,70,,310733,32,4,,1,30,,310734,32,4,,1,70,,310735,32,4,,1,30,,310736,32,4,,1,70,,310737,32,4,,1,30,,310738,32,4,,1,70,,310739,32,4,,1,30,,310740,32,4,,1,70,,310741,32,4,,1,30,,310742,32,4,,1,85,,310744,32,4,,1,20,,310745,32,4,,1,75,,310746,32,4,,1,30,,310747,32,4,,1,70,,310749,32,4,,1,25,,310750,32,4,,1,65,,310752,32,4,,1,25,,310753,32,4,,1,70,,310754,32,4,,1,40,,310755,32,4,,1,100,,310756,32,4,,1,100,,310757,32,4,,1,200,,310758,32,4,,1
5601,'20261021',625,,310759,32,4,,1,85,,310760,15,4,,1,20,,310761,32,4,,1,15,,310762,15,4,,1,60,,310763,32,4,,1,15,,310764,15,4,,1,15,,310765,32,4,,1,15,,310766,15,4,,1,55,,310767,32,4,,1,30,,310768,32,4,,1,75,,310769,32,4,,1,20,,310770,32,4,,1,70,,310771,32,4,,1,35,,310772,32,4,,1,70,,310773,32,4,,1,30,,310774,32,4,,1,70,,310775,32,4,,1,30,,310776,32,4,,1,70,,310777,32,4,,1,30,,310778,32,4,,1,70,,310779,32,4,,1,30,,310780,32,4,,1,70,,310781,32,4,,1,30,,310782,32,4,,1,85,,310784,32,4,,1,20,,310785,32,4,,1,75,,310786,32,4,,1,30,,310787,32,4,,1,70,,310789,32,4,,1,25,,310790,32,4,,1,65,,310792,32,4,,1,25,,310793,32,4,,1,70,,310794,32,4,,1,40,,310795,32,4,,1,100,,310796,32,4,,1,100,,310797,32,4,,1,200,,310798,32,4,,1
5601,'20261022',625,,310799,32,4,,1,85,,310800,15,4,,1,20,,310801,32,4,,1,15,,310802,15,4,,1,60,,310803,32,4,,1,15,,310804,15,4,,1,15,,310805,32,4,,1,15,,310806,15,4,,1,55,,310807,32,4,,1,30,,310808,32,4,,1,75,,310809,32,4,,1,20,,310810,32,4,,1,70,,310811,32,4,,1,35,,310812,32,4,,1,70,,310813,32,4,,1,30,,310814,32,4,,1,70,,310815,32,4,,1,30,,310816,32,4,,1,70,,310817,32,4,,1,30,,310818,32,4,,1,70,,310819,32,4,,1,30,,310820,32,4,,1,70,,310821,32,4,,1,30,,310822,32,4,,1,85,,310824,32,4,,1,20,,310825,32,4,,1,75,,310826,32,4,,1,30,,310827,32,4,,1,70,,310829,32,4,,1,25,,310830,32,4,,1,65,,310832,32,4,,1,25,,310833,32,4,,1,70,,310834,32,4,,1,40,,310835,32,4,,1,100,,310836,32,4,,1,100,,310837,32,4,,1,200,,310838,32,4,,1
5601,'20261023',625,,310839,32,4,,1,85,,310840,15,4,,1,20,,310841,32,4,,1,15,,310842,15,4,,1,60,,310843,32,4,,1,15,,310844,15,4,,1,15,,310845,32,4,,1,15,,310846,15,4,,1,55,,310847,32,4,,1,30,,310848,32,4,,1,75,,310849,32,4,,1,20,,310850,32,4,,1,70,,310851,32,4,,1,35,,310852,32,4,,1,70,,310853,32,4,,1,30,,310854,32,4,,1,70,,310855,32,4,,1,30,,310856,32,4,,1,70,,310857,32,4,,1,30,,310858,32,4,,1,70,,310859,32,4,,1,30,,310860,32,4,,1,70,,310861,32,4,,1,30,,310862,32,4,,1,85,,310864,32,4,,1,20,,310865,32,4,,1,75,,310866,32,4,,1,30,,310867,32,4,,1,70,,310869,32,4,,1,25,,310870,32,4,,1,65,,310872,32,4,,1,25,,310873,32,4,,1,70,,310874,32,4,,1,40,,310875,32,4,,1,100,,310876,32,4,,1,100,,310877,32,4,,1,200,,310878,32,4,,1
5601,'20261026',625,,310879,32,4,,1,85,,310880,15,4,,1,20,,310881,32,4,,1,15,,310882,15,4,,1,60,,310883,32,4,,1,15,,310884,15,4,,1,15,,310885,32,4,,1,15,,310886,15,4,,1,55,,310887,32,4,,1,30,,310888,32,4,,1,75,,310889,32,4,,1,20,,310890,32,4,,1,70,,310891,32,4,,1,35,,310892,32,4,,1,70,,310893,32,4,,1,30,,310894,32,4,,1,70,,310895,32,4,,1,30,,310896,32,4,,1,70,,310897,32,4,,1,30,,310898,32,4,,1,70,,310899,32,4,,1,30,,310900,32,4,,1,70,,310901,32,4,,1,30,,310902,32,4,,1,85,,310904,32,4,,1,20,,310905,32,4,,1,75,,310906,32,4,,1,30,,310907,32,4,,1,70,,310909,32,4,,1,25,,310910,32,4,,1,65,,310912,32,4,,1,25,,310913,32,4,,1,70,,310914,32,4,,1,40,,310915,32,4,,1,100,,310916,32,4,,1,100,,310917,32,4,,1,200,,310918,32,4,,1
5601,'20261027',625,,310919,32,4,,1,85,,310920,15,4,,1,20,,310921,32,4,,1,15,,310922,15,4,,1,60,,310923,32,4,,1,15,,310924,15,4,,1,15,,310925,32,4,,1,15,,310926,15,4,,1,55,,310927,32,4,,1,30,,310928,32,4,,1,75,,310929,32,4,,1,20,,310930,32,4,,1,70,,310931,32,4,,1,35,,310932,32,4,,1,70,,310933,32,4,,1,30,,310934,32,4,,1,70,,310935,32,4,,1,30,,310936,32,4,,1,70,,310937,32,4,,1,30,,310938,32,4,,1,70,,310939,32,4,,1,30,,310940,32,4,,1,70,,310941,32,4,,1,30,,310942,32,4,,1,85,,310944,32,4,,1,20,,310945,32,4,,1,75,,310946,32,4,,1,30,,310947,32,4,,1,70,,310949,32,4,,1,25,,310950,32,4,,1,65,,310952,32,4,,1,25,,310953,32,4,,1,70,,310954,32,4,,1,40,,310955,32,4,,1,100,,310956,32,4,,1,100,,310957,32,4,,1,200,,310958,32,4,,1
5601,'20261028',625,,310959,32,4,,1,85,,310960,15,4,,1,20,,310961,32,4,,1,15,,310962,15,4,,1,60,,310963,32,4,,1,15,,310964,15,4,,1,15,,310965,32,4,,1,15,,310966,15,4,,1,55,,310967,32,4,,1,30,,310968,32,4,,1,75,,310969,32,4,,1,20,,310970,32,4,,1,70,,310971,32,4,,1,35,,310972,32,4,,1,70,,310973,32,4,,1,30,,310974,32,4,,1,70,,310975,32,4,,1,30,,310976,32,4,,1,70,,310977,32,4,,1,30,,310978,32,4,,1,70,,310979,32,4,,1,30,,310980,32,4,,1,70,,310981,32,4,,1,30,,310982,32,4,,1,85,,310984,32,4,,1,20,,310985,32,4,,1,75,,310986,32,4,,1,30,,310987,32,4,,1,70,,310989,32,4,,1,25,,310990,32,4,,1,65,,310992,32,4,,1,25,,310993,32,4,,1,70,,310994,32,4,,1,40,,310995,32,4,,1,100,,310996,32,4,,1,100,,310997,32,4,,1,200,,310998,32,4,,1
5601,'20261029',625,,310999,32,4,,1,85,,311000,15,4,,1,20,,311001,32,4,,1,15,,311002,15,4,,1,60,,311003,32,4,,1,15,,311004,15,4,,1,15,,311005,32,4,,1,15,,311006,15,4,,1,55,,311007,32,4,,1,30,,311008,32,4,,1,75,,311009,32,4,,1,20,,311010,32,4,,1,70,,311011,32,4,,1,35,,311012,32,4,,1,70,,311013,32,4,,1,30,,311014,32,4,,1,70,,311015,32,4,,1,30,,311016,32,4,,1,70,,311017,32,4,,1,30,,311018,32,4,,1,70,,311019,32,4,,1,30,,311020,32,4,,1,70,,311021,32,4,,1,30,,311022,32,4,,1,85,,311024,32,4,,1,20,,311025,32,4,,1,75,,311026,32,4,,1,30,,311027,32,4,,1,70,,311029,32,4,,1,25,,311030,32,4,,1,65,,311032,32,4,,1,25,,311033,32,4,,1,70,,311034,32,4,,1,40,,311035,32,4,,1,100,,311036,32,4,,1,100,,311037,32,4,,1,200,,311038,32,4,,1
5601,'20261030',625,,311039,32,4,,1,85,,311040,15,4,,1,20,,311041,32,4,,1,15,,311042,15,4,,1,60,,311043,32,4,,1,15,,311044,15,4,,1,15,,311045,32,4,,1,15,,311046,15,4,,1,55,,311047,32,4,,1,30,,311048,32,4,,1,75,,311049,32,4,,1,20,,311050,32,4,,1,70,,311051,32,4,,1,35,,311052,32,4,,1,70,,311053,32,4,,1,30,,311054,32,4,,1,70,,311055,32,4,,1,30,,311056,32,4,,1,70,,311057,32,4,,1,30,,311058,32,4,,1,70,,311059,32,4,,1,30,,311060,32,4,,1,70,,311061,32,4,,1,30,,311062,32,4,,1,85,,311064,32,4,,1,20,,311065,32,4,,1,75,,311066,32,4,,1,30,,311067,32,4,,1,70,,311069,32,4,,1,25,,311070,32,4,,1,65,,311072,32,4,,1,25,,311073,32,4,,1,70,,311074,32,4,,1,40,,311075,32,4,,1,100,,311076,32,4,,1,100,,311077,32,4,,1,200,,311078,32,4,,1
5601,'20261102',625,,311079,32,4,,1,85,,311080,15,4,,1,20,,311081,32,4,,1,15,,311082,15,4,,1,60,,311083,32,4,,1,15,,311084,15,4,,1,15,,311085,32,4,,1,15,,311086,15,4,,1,55,,311087,32,4,,1,30,,311088,32,4,,1,75,,311089,32,4,,1,20,,311090,32,4,,1,70,,311091,32,4,,1,35,,311092,32,4,,1,70,,311093,32,4,,1,30,,311094,32,4,,1,70,,311095,32,4,,1,30,,311096,32,4,,1,70,,311097,32,4,,1,30,,311098,32,4,,1,70,,311099,32,4,,1,30,,311100,32,4,,1,70,,311101,32,4,,1,30,,311102,32,4,,1,85,,311104,32,4,,1,20,,311105,32,4,,1,75,,311106,32,4,,1,30,,311107,32,4,,1,70,,311109,32,4,,1,25,,311110,32,4,,1,65,,311112,32,4,,1,25,,311113,32,4,,1,70,,311114,32,4,,1,40,,311115,32,4,,1,100,,311116,32,4,,1,100,,311117,32,4,,1,200,,311118,32,4,,1
5601,'20261103',625,,311119,32,4,,1,85,,311120,15,4,,1,20,,311121,32,4,,1,15,,311122,15,4,,1,60,,311123,32,4,,1,15,,311124,15,4,,1,15,,311125,32,4,,1,15,,311126,15,4,,1,55,,311127,32,4,,1,30,,311128,32,4,,1,75,,311129,32,4,,1,20,,311130,32,4,,1,70,,311131,32,4,,1,35,,311132,32,4,,1,70,,311133,32,4,,1,30,,311134,32,4,,1,70,,311135,32,4,,1,30,,311136,32,4,,1,70,,311137,32,4,,1,30,,311138,32,4,,1,70,,311139,32,4,,1,30,,311140,32,4,,1,70,,311141,32,4,,1,30,,311142,32,4,,1,85,,311144,32,4,,1,20,,311145,32,4,,1,75,,311146,32,4,,1,30,,311147,32,4,,1,70,,311149,32,4,,1,25,,311150,32,4,,1,65,,311152,32,4,,1,25,,311153,32,4,,1,70,,311154,32,4,,1,40,,311155,32,4,,1,100,,311156,32,4,,1,100,,311157,32,4,,1,200,,311158,32,4,,1
5601,'20261104',625,,311159,32,4,,1,85,,311160,15,4,,1,20,,311161,32,4,,1,15,,311162,15,4,,1,60,,311163,32,4,,1,15,,311164,15,4,,1,15,,311165,32,4,,1,15,,311166,15,4,,1,55,,311167,32,4,,1,30,,311168,32,4,,1,75,,311169,32,4,,1,20,,311170,32,4,,1,70,,311171,32,4,,1,35,,311172,32,4,,1,70,,311173,32,4,,1,30,,311174,32,4,,1,70,,311175,32,4,,1,30,,311176,32,4,,1,70,,311177,32,4,,1,30,,311178,32,4,,1,70,,311179,32,4,,1,30,,311180,32,4,,1,70,,311181,32,4,,1,30,,311182,32,4,,1,85,,311184,32,4,,1,20,,311185,32,4,,1,75,,311186,32,4,,1,30,,311187,32,4,,1,70,,311189,32,4,,1,25,,311190,32,4,,1,65,,311192,32,4,,1,25,,311193,32,4,,1,70,,311194,32,4,,1,40,,311195,32,4,,1,100,,311196,32,4,,1,100,,311197,32,4,,1,200,,311198,32,4,,1
5601,'20261105',625,,311199,32,4,,1,85,,311200,15,4,,1,20,,311201,32,4,,1,15,,311202,15,4,,1,60,,311203,32,4,,1,15,,311204,15,4,,1,15,,311205,32,4,,1,15,,311206,15,4,,1,55,,311207,32,4,,1,30,,311208,32,4,,1,75,,311209,32,4,,1,20,,311210,32,4,,1,70,,311211,32,4,,1,35,,311212,32,4,,1,70,,311213,32,4,,1,30,,311214,32,4,,1,70,,311215,32,4,,1,30,,311216,32,4,,1,70,,311217,32,4,,1,30,,311218,32,4,,1,70,,311219,32,4,,1,30,,311220,32,4,,1,70,,311221,32,4,,1,30,,311222,32,4,,1,85,,311224,32,4,,1,20,,311225,32,4,,1,75,,311226,32,4,,1,30,,311227,32,4,,1,70,,311229,32,4,,1,25,,311230,32,4,,1,65,,311232,32,4,,1,25,,311233,32,4,,1,70,,311234,32,4,,1,40,,311235,32,4,,1,100,,311236,32,4,,1,100,,311237,32,4,,1,200,,311238,32,4,,1
5601,'20261106',625,,311239,32,4,,1,85,,311240,15,4,,1,20,,311241,32,4,,1,15,,311242,15,4,,1,60,,311243,32,4,,1,15,,311244,15,4,,1,15,,311245,32,4,,1,15,,311246,15,4,,1,55,,311247,32,4,,1,30,,311248,32,4,,1,75,,311249,32,4,,1,20,,311250,32,4,,1,70,,311251,32,4,,1,35,,311252,32,4,,1,70,,311253,32,4,,1,30,,311254,32,4,,1,70,,311255,32,4,,1,30,,311256,32,4,,1,70,,311257,32,4,,1,30,,311258,32,4,,1,70,,311259,32,4,,1,30,,311260,32,4,,1,70,,311261,32,4,,1,30,,311262,32,4,,1,85,,311264,32,4,,1,20,,311265,32,4,,1,75,,311266,32,4,,1,30,,311267,32,4,,1,70,,311269,32,4,,1,25,,311270,32,4,,1,65,,311272,32,4,,1,25,,311273,32,4,,1,70,,311274,32,4,,1,40,,311275,32,4,,1,100,,311276,32,4,,1,100,,311277,32,4,,1,200,,311278,32,4,,1
5601,'20261109',625,,311279,32,4,,1,85,,311280,15,4,,1,20,,311281,32,4,,1,15,,311282,15,4,,1,60,,311283,32,4,,1,15,,311284,15,4,,1,15,,311285,32,4,,1,15,,311286,15,4,,1,55,,311287,32,4,,1,30,,311288,32,4,,1,75,,311289,32,4,,1,20,,311290,32,4,,1,70,,311291,32,4,,1,35,,311292,32,4,,1,70,,311293,32,4,,1,30,,311294,32,4,,1,70,,311295,32,4,,1,30,,311296,32,4,,1,70,,311297,32,4,,1,30,,311298,32,4,,1,70,,311299,32,4,,1,30,,311300,32,4,,1,70,,311301,32,4,,1,30,,311302,32,4,,1,85,,311304,32,4,,1,20,,311305,32,4,,1,75,,311306,32,4,,1,30,,311307,32,4,,1,70,,311309,32,4,,1,25,,311310,32,4,,1,65,,311312,32,4,,1,25,,311313,32,4,,1,70,,311314,32,4,,1,40,,311315,32,4,,1,100,,311316,32,4,,1,100,,311317,32,4,,1,200,,311318,32,4,,1
5601,'20261110',625,,311319,32,4,,1,85,,311320,15,4,,1,20,,311321,32,4,,1,15,,311322,15,4,,1,60,,311323,32,4,,1,15,,311324,15,4,,1,15,,311325,32,4,,1,15,,311326,15,4,,1,55,,311327,32,4,,1,30,,311328,32,4,,1,75,,311329,32,4,,1,20,,311330,32,4,,1,70,,311331,32,4,,1,35,,311332,32,4,,1,70,,311333,32,4,,1,30,,311334,32,4,,1,70,,311335,32,4,,1,30,,311336,32,4,,1,70,,311337,32,4,,1,30,,311338,32,4,,1,70,,311339,32,4,,1,30,,311340,32,4,,1,70,,311341,32,4,,1,30,,311342,32,4,,1,85,,311344,32,4,,1,20,,311345,32,4,,1,75,,311346,32,4,,1,30,,311347,32,4,,1,70,,311349,32,4,,1,25,,311350,32,4,,1,65,,311352,32,4,,1,25,,311353,32,4,,1,70,,311354,32,4,,1,40,,311355,32,4,,1,100,,311356,32,4,,1,100,,311357,32,4,,1,200,,311358,32,4,,1
5601,'20261111',625,,311359,32,4,,1,85,,311360,15,4,,1,20,,311361,32,4,,1,15,,311362,15,4,,1,60,,311363,32,4,,1,15,,311364,15,4,,1,15,,311365,32,4,,1,15,,311366,15,4,,1,55,,311367,32,4,,1,30,,311368,32,4,,1,75,,311369,32,4,,1,20,,311370,32,4,,1,70,,311371,32,4,,1,35,,311372,32,4,,1,70,,311373,32,4,,1,30,,311374,32,4,,1,70,,311375,32,4,,1,30,,311376,32,4,,1,70,,311377,32,4,,1,30,,311378,32,4,,1,70,,311379,32,4,,1,30,,311380,32,4,,1,70,,311381,32,4,,1,30,,311382,32,4,,1,85,,311384,32,4,,1,20,,311385,32,4,,1,75,,311386,32,4,,1,30,,311387,32,4,,1,70,,311389,32,4,,1,25,,311390,32,4,,1,65,,311392,32,4,,1,25,,311393,32,4,,1,70,,311394,32,4,,1,40,,311395,32,4,,1,100,,311396,32,4,,1,100,,311397,32,4,,1,200,,311398,32,4,,1
5601,'20261112',625,,311399,32,4,,1,85,,311400,15,4,,1,20,,311401,32,4,,1,15,,311402,15,4,,1,60,,311403,32,4,,1,15,,311404,15,4,,1,15,,311405,32,4,,1,15,,311406,15,4,,1,55,,311407,32,4,,1,30,,311408,32,4,,1,75,,311409,32,4,,1,20,,311410,32,4,,1,70,,311411,32,4,,1,35,,311412,32,4,,1,70,,311413,32,4,,1,30,,311414,32,4,,1,70,,311415,32,4,,1,30,,311416,32,4,,1,70,,311417,32,4,,1,30,,311418,32,4,,1,70,,311419,32,4,,1,30,,311420,32,4,,1,70,,311421,32,4,,1,30,,311422,32,4,,1,85,,311424,32,4,,1,20,,311425,32,4,,1,75,,311426,32,4,,1,30,,311427,32,4,,1,70,,311429,32,4,,1,25,,311430,32,4,,1,65,,311432,32,4,,1,25,,311433,32,4,,1,70,,311434,32,4,,1,40,,311435,32,4,,1,100,,311436,32,4,,1,100,,311437,32,4,,1,200,,311438,32,4,,1
5601,'20261113',625,,311439,32,4,,1,85,,311440,15,4,,1,20,,311441,32,4,,1,15,,311442,15,4,,1,60,,311443,32,4,,1,15,,311444,15,4,,1,15,,311445,32,4,,1,15,,311446,15,4,,1,55,,311447,32,4,,1,30,,311448,32,4,,1,75,,311449,32,4,,1,20,,311450,32,4,,1,70,,311451,32,4,,1,35,,311452,32,4,,1,70,,311453,32,4,,1,30,,311454,32,4,,1,70,,311455,32,4,,1,30,,311456,32,4,,1,70,,311457,32,4,,1,30,,311458,32,4,,1,70,,311459,32,4,,1,30,,311460,32,4,,1,70,,311461,32,4,,1,30,,311462,32,4,,1,85,,311464,32,4,,1,20,,311465,32,4,,1,75,,311466,32,4,,1,30,,311467,32,4,,1,70,,311469,32,4,,1,25,,311470,32,4,,1,65,,311472,32,4,,1,25,,311473,32,4,,1,70,,311474,32,4,,1,40,,311475,32,4,,1,100,,311476,32,4,,1,100,,311477,32,4,,1,200,,311478,32,4,,1
5601,'20261116',625,,311479,32,4,,1,85,,311480,15,4,,1,20,,311481,32,4,,1,15,,311482,15,4,,1,60,,311483,32,4,,1,15,,311484,15,4,,1,15,,311485,32,4,,1,15,,311486,15,4,,1,55,,311487,32,4,,1,30,,311488,32,4,,1,75,,311489,32,4,,1,20,,311490,32,4,,1,70,,311491,32,4,,1,35,,311492,32,4,,1,70,,311493,32,4,,1,30,,311494,32,4,,1,70,,311495,32,4,,1,30,,311496,32,4,,1,70,,311497,32,4,,1,30,,311498,32,4,,1,70,,311499,32,4,,1,30,,311500,32,4,,1,70,,311501,32,4,,1,30,,311502,32,4,,1,85,,311504,32,4,,1,20,,311505,32,4,,1,75,,311506,32,4,,1,30,,311507,32,4,,1,70,,311509,32,4,,1,25,,311510,32,4,,1,65,,311512,32,4,,1,25,,311513,32,4,,1,70,,311514,32,4,,1,40,,311515,32,4,,1,100,,311516,32,4,,1,100,,311517,32,4,,1,200,,311518,32,4,,1
5601,'20261117',625,,311519,32,4,,1,85,,311520,15,4,,1,20,,311521,32,4,,1,15,,311522,15,4,,1,60,,311523,32,4,,1,15,,311524,15,4,,1,15,,311525,32,4,,1,15,,311526,15,4,,1,55,,311527,32,4,,1,30,,311528,32,4,,1,75,,311529,32,4,,1,20,,311530,32,4,,1,70,,311531,32,4,,1,35,,311532,32,4,,1,70,,311533,32,4,,1,30,,311534,32,4,,1,70,,311535,32,4,,1,30,,311536,32,4,,1,70,,311537,32,4,,1,30,,311538,32,4,,1,70,,311539,32,4,,1,30,,311540,32,4,,1,70,,311541,32,4,,1,30,,311542,32,4,,1,85,,311544,32,4,,1,20,,311545,32,4,,1,75,,311546,32,4,,1,30,,311547,32,4,,1,70,,311549,32,4,,1,25,,311550,32,4,,1,65,,311552,32,4,,1,25,,311553,32,4,,1,70,,311554,32,4,,1,40,,311555,32,4,,1,100,,311556,32,4,,1,100,,311557,32,4,,1,200,,311558,32,4,,1
5601,'20261118',625,,311559,32,4,,1,85,,311560,15,4,,1,20,,311561,32,4,,1,15,,311562,15,4,,1,60,,311563,32,4,,1,15,,311564,15,4,,1,15,,311565,32,4,,1,15,,311566,15,4,,1,55,,311567,32,4,,1,30,,311568,32,4,,1,75,,311569,32,4,,1,20,,311570,32,4,,1,70,,311571,32,4,,1,35,,311572,32,4,,1,70,,311573,32,4,,1,30,,311574,32,4,,1,70,,311575,32,4,,1,30,,311576,32,4,,1,70,,311577,32,4,,1,30,,311578,32,4,,1,70,,311579,32,4,,1,30,,311580,32,4,,1,70,,311581,32,4,,1,30,,311582,32,4,,1,85,,311584,32,4,,1,20,,311585,32,4,,1,75,,311586,32,4,,1,30,,311587,32,4,,1,70,,311589,32,4,,1,25,,311590,32,4,,1,65,,311592,32,4,,1,25,,311593,32,4,,1,70,,311594,32,4,,1,40,,311595,32,4,,1,100,,311596,32,4,,1,100,,311597,32,4,,1,200,,311598,32,4,,1
5601,'20261119',625,,311599,32,4,,1,85,,311600,15,4,,1,20,,311601,32,4,,1,15,,311602,15,4,,1,60,,311603,32,4,,1,15,,311604,15,4,,1,15,,311605,32,4,,1,15,,311606,15,4,,1,55,,311607,32,4,,1,30,,311608,32,4,,1,75,,311609,32,4,,1,20,,311610,32,4,,1,70,,311611,32,4,,1,35,,311612,32,4,,1,70,,311613,32,4,,1,30,,311614,32,4,,1,70,,311615,32,4,,1,30,,311616,32,4,,1,70,,311617,32,4,,1,30,,311618,32,4,,1,70,,311619,32,4,,1,30,,311620,32,4,,1,70,,311621,32,4,,1,30,,311622,32,4,,1,85,,311624,32,4,,1,20,,311625,32,4,,1,75,,311626,32,4,,1,30,,311627,32,4,,1,70,,311629,32,4,,1,25,,311630,32,4,,1,65,,311632,32,4,,1,25,,311633,32,4,,1,70,,311634,32,4,,1,40,,311635,32,4,,1,100,,311636,32,4,,1,100,,311637,32,4,,1,200,,311638,32,4,,1
5601,'20261120',625,,311639,32,4,,1,85,,311640,15,4,,1,20,,311641,32,4,,1,15,,311642,15,4,,1,60,,311643,32,4,,1,15,,311644,15,4,,1,15,,311645,32,4,,1,15,,311646,15,4,,1,55,,311647,32,4,,1,30,,311648,32,4,,1,75,,311649,32,4,,1,20,,311650,32,4,,1,70,,311651,32,4,,1,35,,311652,32,4,,1,70,,311653,32,4,,1,30,,311654,32,4,,1,70,,311655,32,4,,1,30,,311656,32,4,,1,70,,311657,32,4,,1,30,,311658,32,4,,1,70,,311659,32,4,,1,30,,311660,32,4,,1,70,,311661,32,4,,1,30,,311662,32,4,,1,85,,311664,32,4,,1,20,,311665,32,4,,1,75,,311666,32,4,,1,30,,311667,32,4,,1,70,,311669,32,4,,1,25,,311670,32,4,,1,65,,311672,32,4,,1,25,,311673,32,4,,1,70,,311674,32,4,,1,40,,311675,32,4,,1,100,,311676,32,4,,1,100,,311677,32,4,,1,200,,311678,32,4,,1
5601,'20261123',625,,311679,32,4,,1,85,,311680,15,4,,1,20,,311681,32,4,,1,15,,311682,15,4,,1,60,,311683,32,4,,1,15,,311684,15,4,,1,15,,311685,32,4,,1,15,,311686,15,4,,1,55,,311687,32,4,,1,30,,311688,32,4,,1,75,,311689,32,4,,1,20,,311690,32,4,,1,70,,311691,32,4,,1,35,,311692,32,4,,1,70,,311693,32,4,,1,30,,311694,32,4,,1,70,,311695,32,4,,1,30,,311696,32,4,,1,70,,311697,32,4,,1,30,,311698,32,4,,1,70,,311699,32,4,,1,30,,311700,32,4,,1,70,,311701,32,4,,1,30,,311702,32,4,,1,85,,311704,32,4,,1,20,,311705,32,4,,1,75,,311706,32,4,,1,30,,311707,32,4,,1,70,,311709,32,4,,1,25,,311710,32,4,,1,65,,311712,32,4,,1,25,,311713,32,4,,1,70,,311714,32,4,,1,40,,311715,32,4,,1,100,,311716,32,4,,1,100,,311717,32,4,,1,200,,311718,32,4,,1
5601,'20261124',625,,311719,32,4,,1,85,,311720,15,4,,1,20,,311721,32,4,,1,15,,311722,15,4,,1,60,,311723,32,4,,1,15,,311724,15,4,,1,15,,311725,32,4,,1,15,,311726,15,4,,1,55,,311727,32,4,,1,30,,311728,32,4,,1,75,,311729,32,4,,1,20,,311730,32,4,,1,70,,311731,32,4,,1,35,,311732,32,4,,1,70,,311733,32,4,,1,30,,311734,32,4,,1,70,,311735,32,4,,1,30,,311736,32,4,,1,70,,311737,32,4,,1,30,,311738,32,4,,1,70,,311739,32,4,,1,30,,311740,32,4,,1,70,,311741,32,4,,1,30,,311742,32,4,,1,85,,311744,32,4,,1,20,,311745,32,4,,1,75,,311746,32,4,,1,30,,311747,32,4,,1,70,,311749,32,4,,1,25,,311750,32,4,,1,65,,311752,32,4,,1,25,,311753,32,4,,1,70,,311754,32,4,,1,40,,311755,32,4,,1,100,,311756,32,4,,1,100,,311757,32,4,,1,200,,311758,32,4,,1
5601,'20261125',625,,311759,32,4,,1,85,,311760,15,4,,1,20,,311761,32,4,,1,15,,311762,15,4,,1,60,,311763,32,4,,1,15,,311764,15,4,,1,15,,311765,32,4,,1,15,,311766,15,4,,1,55,,311767,32,4,,1,30,,311768,32,4,,1,75,,311769,32,4,,1,20,,311770,32,4,,1,70,,311771,32,4,,1,35,,311772,32,4,,1,70,,311773,32,4,,1,30,,311774,32,4,,1,70,,311775,32,4,,1,30,,311776,32,4,,1,70,,311777,32,4,,1,30,,311778,32,4,,1,70,,311779,32,4,,1,30,,311780,32,4,,1,70,,311781,32,4,,1,30,,311782,32,4,,1,85,,311784,32,4,,1,20,,311785,32,4,,1,75,,311786,32,4,,1,30,,311787,32,4,,1,70,,311789,32,4,,1,25,,311790,32,4,,1,65,,311792,32,4,,1,25,,311793,32,4,,1,70,,311794,32,4,,1,40,,311795,32,4,,1,100,,311796,32,4,,1,100,,311797,32,4,,1,200,,311798,32,4,,1
5601,'20261126',625,,311799,32,4,,1,85,,311800,15,4,,1,20,,311801,32,4,,1,15,,311802,15,4,,1,60,,311803,32,4,,1,15,,311804,15,4,,1,15,,311805,32,4,,1,15,,311806,15,4,,1,55,,311807,32,4,,1,30,,311808,32,4,,1,75,,311809,32,4,,1,20,,311810,32,4,,1,70,,311811,32,4,,1,35,,311812,32,4,,1,70,,311813,32,4,,1,30,,311814,32,4,,1,70,,311815,32,4,,1,30,,311816,32,4,,1,70,,311817,32,4,,1,30,,311818,32,4,,1,70,,311819,32,4,,1,30,,311820,32,4,,1,70,,311821,32,4,,1,30,,311822,32,4,,1,85,,311824,32,4,,1,20,,311825,32,4,,1,75,,311826,32,4,,1,30,,311827,32,4,,1,70,,311829,32,4,,1,25,,311830,32,4,,1,65,,311832,32,4,,1,25,,311833,32,4,,1,70,,311834,32,4,,1,40,,311835,32,4,,1,100,,311836,32,4,,1,100,,311837,32,4,,1,200,,311838,32,4,,1
5601,'20261127',625,,311839,32,4,,1,85,,311840,15,4,,1,20,,311841,32,4,,1,15,,311842,15,4,,1,60,,311843,32,4,,1,15,,311844,15,4,,1,15,,311845,32,4,,1,15,,311846,15,4,,1,55,,311847,32,4,,1,30,,311848,32,4,,1,75,,311849,32,4,,1,20,,311850,32,4,,1,70,,311851,32,4,,1,35,,311852,32,4,,1,70,,311853,32,4,,1,30,,311854,32,4,,1,70,,311855,32,4,,1,30,,311856,32,4,,1,70,,311857,32,4,,1,30,,311858,32,4,,1,70,,311859,32,4,,1,30,,311860,32,4,,1,70,,311861,32,4,,1,30,,311862,32,4,,1,85,,311864,32,4,,1,20,,311865,32,4,,1,75,,311866,32,4,,1,30,,311867,32,4,,1,70,,311869,32,4,,1,25,,311870,32,4,,1,65,,311872,32,4,,1,25,,311873,32,4,,1,70,,311874,32,4,,1,40,,311875,32,4,,1,100,,311876,32,4,,1,100,,311877,32,4,,1,200,,311878,32,4,,1
