1900,'20260917',551,,235585,8,,,1,104,,235586,8,,,1,65,,235587,8,,,1,25,,235588,8,,,1,55,,235589,8,,,1,15,,235590,8,,,1,20,,235591,8,,,1,20,,235592,8,,,1,60,,235593,8,,,1,20,,235594,8,,,1,67,,235595,8,,,1,30,,235596,8,,,1,80,,235597,8,,,1,95,,235598,8,,,1,95,,235599,8,,,1,100,,235600,8,,,1,105,,235601,8,,,1,40,,235602,8,,,1,65,,235603,8,,,1,23,,235604,8,,,1,20,,235605,8,,,1,55,,235606,8,,,1,15,,235607,8,,,1,15,,235608,8,,,1,15,,235609,8,,,1,55,,235610,8,,,1,20,,235611,8,,,1,15,,235612,8,,,1,55,,235613,8,,,1,17,,235614,8,,,1,90,,235615,8,,,1,98,,235616,8,,,1,95,,235617,8,,,1,100,,235618,8,,,1,156,,235619,8,,,1
1900,'20260918',551,,235620,8,,,1,104,,235621,8,,,1,65,,235622,8,,,1,25,,235623,8,,,1,55,,235624,8,,,1,15,,235625,8,,,1,20,,235626,8,,,1,20,,235627,8,,,1,60,,235628,8,,,1,20,,235629,8,,,1,67,,235630,8,,,1,30,,235631,8,,,1,80,,235632,8,,,1,95,,235633,8,,,1,95,,235634,8,,,1,100,,235635,8,,,1,105,,235636,8,,,1,40,,235637,8,,,1,65,,235638,8,,,1,23,,235639,8,,,1,20,,235640,8,,,1,55,,235641,8,,,1,15,,235642,8,,,1,15,,235643,8,,,1,15,,235644,8,,,1,55,,235645,8,,,1,20,,235646,8,,,1,15,,235647,8,,,1,55,,235648,8,,,1,17,,235649,8,,,1,90,,235650,8,,,1,98,,235651,8,,,1,95,,235652,8,,,1,100,,235653,8,,,1,156,,235654,8,,,1
1900,'20260919',656,,235655,8,,,1,100,,235656,8,,,1,100,,235657,8,,,1,147,,235658,8,,,1,98,,235659,8,,,1,105,,235660,8,,,1,105,,235661,8,,,1,100,,235662,8,,,1,100,,235663,8,,,1,30,,235664,8,,,1,70,,235665,8,,,1,30,,235666,8,,,1,70,,235667,8,,,1,30,,235668,8,,,1,70,,235669,8,,,1,30,,235670,8,,,1,70,,235671,8,,,1,30,,235672,8,,,1,65,,235673,8,,,1,100,,235674,8,,,1,95,,235675,8,,,1,57,,235676,8,,,1,98,,235677,8,,,1
1900,'20260920',656,,235678,8,,,1,100,,235679,8,,,1,100,,235680,8,,,1,147,,235681,8,,,1,98,,235682,8,,,1,105,,235683,8,,,1,105,,235684,8,,,1,100,,235685,8,,,1,100,,235686,8,,,1,30,,235687,8,,,1,70,,235688,8,,,1,30,,235689,8,,,1,70,,235690,8,,,1,30,,235691,8,,,1,70,,235692,8,,,1,30,,235693,8,,,1,70,,235694,8,,,1,30,,235695,8,,,1,65,,235696,8,,,1,100,,235697,8,,,1,95,,235698,8,,,1,57,,235699,8,,,1,98,,235700,8,,,1
1900,'20260921',551,,235701,8,,,1,104,,235702,8,,,1,65,,235703,8,,,1,25,,235704,8,,,1,55,,235705,8,,,1,15,,235706,8,,,1,20,,235707,8,,,1,20,,235708,8,,,1,60,,235709,8,,,1,20,,235710,8,,,1,67,,235711,8,,,1,30,,235712,8,,,1,80,,235713,8,,,1,95,,235714,8,,,1,95,,235715,8,,,1,100,,235716,8,,,1,105,,235717,8,,,1,40,,235718,8,,,1,65,,235719,8,,,1,23,,235720,8,,,1,20,,235721,8,,,1,55,,235722,8,,,1,15,,235723,8,,,1,15,,235724,8,,,1,15,,235725,8,,,1,55,,235726,8,,,1,20,,235727,8,,,1,15,,235728,8,,,1,55,,235729,8,,,1,17,,235730,8,,,1,90,,235731,8,,,1,98,,235732,8,,,1,95,,235733,8,,,1,100,,235734,8,,,1,156,,235735,8,,,1
1900,'20260922',551,,235736,8,,,1,104,,235737,8,,,1,65,,235738,8,,,1,25,,235739,8,,,1,55,,235740,8,,,1,15,,235741,8,,,1,20,,235742,8,,,1,20,,235743,8,,,1,60,,235744,8,,,1,20,,235745,8,,,1,67,,235746,8,,,1,30,,235747,8,,,1,80,,235748,8,,,1,95,,235749,8,,,1,95,,235750,8,,,1,100,,235751,8,,,1,105,,235752,8,,,1,40,,235753,8,,,1,65,,235754,8,,,1,23,,235755,8,,,1,20,,235756,8,,,1,55,,235757,8,,,1,15,,235758,8,,,1,15,,235759,8,,,1,15,,235760,8,,,1,55,,235761,8,,,1,20,,235762,8,,,1,15,,235763,8,,,1,55,,235764,8,,,1,17,,235765,8,,,1,90,,235766,8,,,1,98,,235767,8,,,1,95,,235768,8,,,1,100,,235769,8,,,1,156,,235770,8,,,1
1900,'20260923',551,,235771,8,,,1,104,,235772,8,,,1,65,,235773,8,,,1,25,,235774,8,,,1,55,,235775,8,,,1,15,,235776,8,,,1,20,,235777,8,,,1,20,,235778,8,,,1,60,,235779,8,,,1,20,,235780,8,,,1,67,,235781,8,,,1,30,,235782,8,,,1,80,,235783,8,,,1,95,,235784,8,,,1,95,,235785,8,,,1,100,,235786,8,,,1,105,,235787,8,,,1,40,,235788,8,,,1,65,,235789,8,,,1,23,,235790,8,,,1,20,,235791,8,,,1,55,,235792,8,,,1,15,,235793,8,,,1,15,,235794,8,,,1,15,,235795,8,,,1,55,,235796,8,,,1,20,,235797,8,,,1,15,,235798,8,,,1,55,,235799,8,,,1,17,,235800,8,,,1,90,,235801,8,,,1,98,,235802,8,,,1,95,,235803,8,,,1,100,,235804,8,,,1,156,,235805,8,,,1
1900,'20260924',551,,235806,8,,,1,104,,235807,8,,,1,65,,235808,8,,,1,25,,235809,8,,,1,55,,235810,8,,,1,15,,235811,8,,,1,20,,235812,8,,,1,20,,235813,8,,,1,60,,235814,8,,,1,20,,235815,8,,,1,67,,235816,8,,,1,30,,235817,8,,,1,80,,235818,8,,,1,95,,235819,8,,,1,95,,235820,8,,,1,100,,235821,8,,,1,105,,235822,8,,,1,40,,235823,8,,,1,65,,235824,8,,,1,23,,235825,8,,,1,20,,235826,8,,,1,55,,235827,8,,,1,15,,235828,8,,,1,15,,235829,8,,,1,15,,235830,8,,,1,55,,235831,8,,,1,20,,235832,8,,,1,15,,235833,8,,,1,55,,235834,8,,,1,17,,235835,8,,,1,90,,235836,8,,,1,98,,235837,8,,,1,95,,235838,8,,,1,100,,235839,8,,,1,156,,235840,8,,,1
1900,'20260925',551,,235841,8,,,1,104,,235842,8,,,1,65,,235843,8,,,1,25,,235844,8,,,1,55,,235845,8,,,1,15,,235846,8,,,1,20,,235847,8,,,1,20,,235848,8,,,1,60,,235849,8,,,1,20,,235850,8,,,1,67,,235851,8,,,1,30,,235852,8,,,1,80,,235853,8,,,1,95,,235854,8,,,1,95,,235855,8,,,1,100,,235856,8,,,1,105,,235857,8,,,1,40,,235858,8,,,1,65,,235859,8,,,1,23,,235860,8,,,1,20,,235861,8,,,1,55,,235862,8,,,1,15,,235863,8,,,1,15,,235864,8,,,1,15,,235865,8,,,1,55,,235866,8,,,1,20,,235867,8,,,1,15,,235868,8,,,1,55,,235869,8,,,1,17,,235870,8,,,1,90,,235871,8,,,1,98,,235872,8,,,1,95,,235873,8,,,1,100,,235874,8,,,1,156,,235875,8,,,1
1900,'20260926',656,,235876,8,,,1,100,,235877,8,,,1,100,,235878,8,,,1,147,,235879,8,,,1,98,,235880,8,,,1,105,,235881,8,,,1,105,,235882,8,,,1,100,,235883,8,,,1,100,,235884,8,,,1,30,,235885,8,,,1,70,,235886,8,,,1,30,,235887,8,,,1,70,,235888,8,,,1,30,,235889,8,,,1,70,,235890,8,,,1,30,,235891,8,,,1,70,,235892,8,,,1,30,,235893,8,,,1,65,,235894,8,,,1,100,,235895,8,,,1,95,,235896,8,,,1,57,,235897,8,,,1,98,,235898,8,,,1
1900,'20260927',656,,235899,8,,,1,100,,235900,8,,,1,100,,235901,8,,,1,147,,235902,8,,,1,98,,235903,8,,,1,105,,235904,8,,,1,105,,235905,8,,,1,100,,235906,8,,,1,100,,235907,8,,,1,30,,235908,8,,,1,70,,235909,8,,,1,30,,235910,8,,,1,70,,235911,8,,,1,30,,235912,8,,,1,70,,235913,8,,,1,30,,235914,8,,,1,70,,235915,8,,,1,30,,235916,8,,,1,65,,235917,8,,,1,100,,235918,8,,,1,95,,235919,8,,,1,57,,235920,8,,,1,98,,235921,8,,,1
1900,'20260928',551,,235922,8,,,1,104,,235923,8,,,1,65,,235924,8,,,1,25,,235925,8,,,1,55,,235926,8,,,1,15,,235927,8,,,1,20,,235928,8,,,1,20,,235929,8,,,1,60,,235930,8,,,1,20,,235931,8,,,1,67,,235932,8,,,1,30,,235933,8,,,1,80,,235934,8,,,1,95,,235935,8,,,1,95,,235936,8,,,1,100,,235937,8,,,1,105,,235938,8,,,1,40,,235939,8,,,1,65,,235940,8,,,1,23,,235941,8,,,1,20,,235942,8,,,1,55,,235943,8,,,1,15,,235944,8,,,1,15,,235945,8,,,1,15,,235946,8,,,1,55,,235947,8,,,1,20,,235948,8,,,1,15,,235949,8,,,1,55,,235950,8,,,1,17,,235951,8,,,1,90,,235952,8,,,1,98,,235953,8,,,1,95,,235954,8,,,1,100,,235955,8,,,1,156,,235956,8,,,1
1900,'20260929',551,,235957,8,,,1,104,,235958,8,,,1,65,,235959,8,,,1,25,,235960,8,,,1,55,,235961,8,,,1,15,,235962,8,,,1,20,,235963,8,,,1,20,,235964,8,,,1,60,,235965,8,,,1,20,,235966,8,,,1,67,,235967,8,,,1,30,,235968,8,,,1,80,,235969,8,,,1,95,,235970,8,,,1,95,,235971,8,,,1,100,,235972,8,,,1,105,,235973,8,,,1,40,,235974,8,,,1,65,,235975,8,,,1,23,,235976,8,,,1,20,,235977,8,,,1,55,,235978,8,,,1,15,,235979,8,,,1,15,,235980,8,,,1,15,,235981,8,,,1,55,,235982,8,,,1,20,,235983,8,,,1,15,,235984,8,,,1,55,,235985,8,,,1,17,,235986,8,,,1,90,,235987,8,,,1,98,,235988,8,,,1,95,,235989,8,,,1,100,,235990,8,,,1,156,,235991,8,,,1
1900,'20260930',551,,235992,8,,,1,104,,235993,8,,,1,65,,235994,8,,,1,25,,235995,8,,,1,55,,235996,8,,,1,15,,235997,8,,,1,20,,235998,8,,,1,20,,235999,8,,,1,60,,236000,8,,,1,20,,236001,8,,,1,67,,236002,8,,,1,30,,236003,8,,,1,80,,236004,8,,,1,95,,236005,8,,,1,95,,236006,8,,,1,100,,236007,8,,,1,105,,236008,8,,,1,40,,236009,8,,,1,65,,236010,8,,,1,23,,236011,8,,,1,20,,236012,8,,,1,55,,236013,8,,,1,15,,236014,8,,,1,15,,236015,8,,,1,15,,236016,8,,,1,55,,236017,8,,,1,20,,236018,8,,,1,15,,236019,8,,,1,55,,236020,8,,,1,17,,236021,8,,,1,90,,236022,8,,,1,98,,236023,8,,,1,95,,236024,8,,,1,100,,236025,8,,,1,156,,236026,8,,,1
1900,'20261001',551,,236027,8,,,1,104,,236028,8,,,1,65,,236029,8,,,1,25,,236030,8,,,1,55,,236031,8,,,1,15,,236032,8,,,1,20,,236033,8,,,1,20,,236034,8,,,1,60,,236035,8,,,1,20,,236036,8,,,1,67,,236037,8,,,1,30,,236038,8,,,1,80,,236039,8,,,1,95,,236040,8,,,1,95,,236041,8,,,1,100,,236042,8,,,1,105,,236043,8,,,1,40,,236044,8,,,1,65,,236045,8,,,1,23,,236046,8,,,1,20,,236047,8,,,1,55,,236048,8,,,1,15,,236049,8,,,1,15,,236050,8,,,1,15,,236051,8,,,1,55,,236052,8,,,1,20,,236053,8,,,1,15,,236054,8,,,1,55,,236055,8,,,1,17,,236056,8,,,1,90,,236057,8,,,1,98,,236058,8,,,1,95,,236059,8,,,1,100,,236060,8,,,1,156,,236061,8,,,1
1900,'20261002',551,,236062,8,,,1,104,,236063,8,,,1,65,,236064,8,,,1,25,,236065,8,,,1,55,,236066,8,,,1,15,,236067,8,,,1,20,,236068,8,,,1,20,,236069,8,,,1,60,,236070,8,,,1,20,,236071,8,,,1,67,,236072,8,,,1,30,,236073,8,,,1,80,,236074,8,,,1,95,,236075,8,,,1,95,,236076,8,,,1,100,,236077,8,,,1,105,,236078,8,,,1,40,,236079,8,,,1,65,,236080,8,,,1,23,,236081,8,,,1,20,,236082,8,,,1,55,,236083,8,,,1,15,,236084,8,,,1,15,,236085,8,,,1,15,,236086,8,,,1,55,,236087,8,,,1,20,,236088,8,,,1,15,,236089,8,,,1,55,,236090,8,,,1,17,,236091,8,,,1,90,,236092,8,,,1,98,,236093,8,,,1,95,,236094,8,,,1,100,,236095,8,,,1,156,,236096,8,,,1
1900,'20261003',656,,236097,8,,,1,100,,236098,8,,,1,100,,236099,8,,,1,147,,236100,8,,,1,98,,236101,8,,,1,105,,236102,8,,,1,105,,236103,8,,,1,100,,236104,8,,,1,100,,236105,8,,,1,30,,236106,8,,,1,70,,236107,8,,,1,30,,236108,8,,,1,70,,236109,8,,,1,30,,236110,8,,,1,70,,236111,8,,,1,30,,236112,8,,,1,70,,236113,8,,,1,30,,236114,8,,,1,65,,236115,8,,,1,100,,236116,8,,,1,95,,236117,8,,,1,57,,236118,8,,,1,98,,236119,8,,,1
1900,'20261004',656,,236120,8,,,1,100,,236121,8,,,1,100,,236122,8,,,1,147,,236123,8,,,1,98,,236124,8,,,1,105,,236125,8,,,1,105,,236126,8,,,1,100,,236127,8,,,1,100,,236128,8,,,1,30,,236129,8,,,1,70,,236130,8,,,1,30,,236131,8,,,1,70,,236132,8,,,1,30,,236133,8,,,1,70,,236134,8,,,1,30,,236135,8,,,1,70,,236136,8,,,1,30,,236137,8,,,1,65,,236138,8,,,1,100,,236139,8,,,1,95,,236140,8,,,1,57,,236141,8,,,1,98,,236142,8,,,1
1900,'20261005',551,,236143,8,,,1,104,,236144,8,,,1,65,,236145,8,,,1,25,,236146,8,,,1,55,,236147,8,,,1,15,,236148,8,,,1,20,,236149,8,,,1,20,,236150,8,,,1,60,,236151,8,,,1,20,,236152,8,,,1,67,,236153,8,,,1,30,,236154,8,,,1,80,,236155,8,,,1,95,,236156,8,,,1,95,,236157,8,,,1,100,,236158,8,,,1,105,,236159,8,,,1,40,,236160,8,,,1,65,,236161,8,,,1,23,,236162,8,,,1,20,,236163,8,,,1,55,,236164,8,,,1,15,,236165,8,,,1,15,,236166,8,,,1,15,,236167,8,,,1,55,,236168,8,,,1,20,,236169,8,,,1,15,,236170,8,,,1,55,,236171,8,,,1,17,,236172,8,,,1,90,,236173,8,,,1,98,,236174,8,,,1,95,,236175,8,,,1,100,,236176,8,,,1,156,,236177,8,,,1
1900,'20261006',551,,236178,8,,,1,104,,236179,8,,,1,65,,236180,8,,,1,25,,236181,8,,,1,55,,236182,8,,,1,15,,236183,8,,,1,20,,236184,8,,,1,20,,236185,8,,,1,60,,236186,8,,,1,20,,236187,8,,,1,67,,236188,8,,,1,30,,236189,8,,,1,80,,236190,8,,,1,95,,236191,8,,,1,95,,236192,8,,,1,100,,236193,8,,,1,105,,236194,8,,,1,40,,236195,8,,,1,65,,236196,8,,,1,23,,236197,8,,,1,20,,236198,8,,,1,55,,236199,8,,,1,15,,236200,8,,,1,15,,236201,8,,,1,15,,236202,8,,,1,55,,236203,8,,,1,20,,236204,8,,,1,15,,236205,8,,,1,55,,236206,8,,,1,17,,236207,8,,,1,90,,236208,8,,,1,98,,236209,8,,,1,95,,236210,8,,,1,100,,236211,8,,,1,156,,236212,8,,,1
1900,'20261007',551,,236213,8,,,1,104,,236214,8,,,1,65,,236215,8,,,1,25,,236216,8,,,1,55,,236217,8,,,1,15,,236218,8,,,1,20,,236219,8,,,1,20,,236220,8,,,1,60,,236221,8,,,1,20,,236222,8,,,1,67,,236223,8,,,1,30,,236224,8,,,1,80,,236225,8,,,1,95,,236226,8,,,1,95,,236227,8,,,1,100,,236228,8,,,1,105,,236229,8,,,1,40,,236230,8,,,1,65,,236231,8,,,1,23,,236232,8,,,1,20,,236233,8,,,1,55,,236234,8,,,1,15,,236235,8,,,1,15,,236236,8,,,1,15,,236237,8,,,1,55,,236238,8,,,1,20,,236239,8,,,1,15,,236240,8,,,1,55,,236241,8,,,1,17,,236242,8,,,1,90,,236243,8,,,1,98,,236244,8,,,1,95,,236245,8,,,1,100,,236246,8,,,1,156,,236247,8,,,1
1900,'20261008',551,,236248,8,,,1,104,,236249,8,,,1,65,,236250,8,,,1,25,,236251,8,,,1,55,,236252,8,,,1,15,,236253,8,,,1,20,,236254,8,,,1,20,,236255,8,,,1,60,,236256,8,,,1,20,,236257,8,,,1,67,,236258,8,,,1,30,,236259,8,,,1,80,,236260,8,,,1,95,,236261,8,,,1,95,,236262,8,,,1,100,,236263,8,,,1,105,,236264,8,,,1,40,,236265,8,,,1,65,,236266,8,,,1,23,,236267,8,,,1,20,,236268,8,,,1,55,,236269,8,,,1,15,,236270,8,,,1,15,,236271,8,,,1,15,,236272,8,,,1,55,,236273,8,,,1,20,,236274,8,,,1,15,,236275,8,,,1,55,,236276,8,,,1,17,,236277,8,,,1,90,,236278,8,,,1,98,,236279,8,,,1,95,,236280,8,,,1,100,,236281,8,,,1,156,,236282,8,,,1
1900,'20261009',551,,236283,8,,,1,104,,236284,8,,,1,65,,236285,8,,,1,25,,236286,8,,,1,55,,236287,8,,,1,15,,236288,8,,,1,20,,236289,8,,,1,20,,236290,8,,,1,60,,236291,8,,,1,20,,236292,8,,,1,67,,236293,8,,,1,30,,236294,8,,,1,80,,236295,8,,,1,95,,236296,8,,,1,95,,236297,8,,,1,100,,236298,8,,,1,105,,236299,8,,,1,40,,236300,8,,,1,65,,236301,8,,,1,23,,236302,8,,,1,20,,236303,8,,,1,55,,236304,8,,,1,15,,236305,8,,,1,15,,236306,8,,,1,15,,236307,8,,,1,55,,236308,8,,,1,20,,236309,8,,,1,15,,236310,8,,,1,55,,236311,8,,,1,17,,236312,8,,,1,90,,236313,8,,,1,98,,236314,8,,,1,95,,236315,8,,,1,100,,236316,8,,,1,156,,236317,8,,,1
1900,'20261010',656,,236318,8,,,1,100,,236319,8,,,1,100,,236320,8,,,1,147,,236321,8,,,1,98,,236322,8,,,1,105,,236323,8,,,1,105,,236324,8,,,1,100,,236325,8,,,1,100,,236326,8,,,1,30,,236327,8,,,1,70,,236328,8,,,1,30,,236329,8,,,1,70,,236330,8,,,1,30,,236331,8,,,1,70,,236332,8,,,1,30,,236333,8,,,1,70,,236334,8,,,1,30,,236335,8,,,1,65,,236336,8,,,1,100,,236337,8,,,1,95,,236338,8,,,1,57,,236339,8,,,1,98,,236340,8,,,1
1900,'20261011',656,,236341,8,,,1,100,,236342,8,,,1,100,,236343,8,,,1,147,,236344,8,,,1,98,,236345,8,,,1,105,,236346,8,,,1,105,,236347,8,,,1,100,,236348,8,,,1,100,,236349,8,,,1,30,,236350,8,,,1,70,,236351,8,,,1,30,,236352,8,,,1,70,,236353,8,,,1,30,,236354,8,,,1,70,,236355,8,,,1,30,,236356,8,,,1,70,,236357,8,,,1,30,,236358,8,,,1,65,,236359,8,,,1,100,,236360,8,,,1,95,,236361,8,,,1,57,,236362,8,,,1,98,,236363,8,,,1
1900,'20261012',656,,236364,8,,,1,100,,236365,8,,,1,100,,236366,8,,,1,147,,236367,8,,,1,98,,236368,8,,,1,105,,236369,8,,,1,105,,236370,8,,,1,100,,236371,8,,,1,100,,236372,8,,,1,30,,236373,8,,,1,70,,236374,8,,,1,30,,236375,8,,,1,70,,236376,8,,,1,30,,236377,8,,,1,70,,236378,8,,,1,30,,236379,8,,,1,70,,236380,8,,,1,30,,236381,8,,,1,65,,236382,8,,,1,100,,236383,8,,,1,95,,236384,8,,,1,57,,236385,8,,,1,98,,236386,8,,,1
1900,'20261013',551,,236387,8,,,1,104,,236388,8,,,1,65,,236389,8,,,1,25,,236390,8,,,1,55,,236391,8,,,1,15,,236392,8,,,1,20,,236393,8,,,1,20,,236394,8,,,1,60,,236395,8,,,1,20,,236396,8,,,1,67,,236397,8,,,1,30,,236398,8,,,1,80,,236399,8,,,1,95,,236400,8,,,1,95,,236401,8,,,1,100,,236402,8,,,1,105,,236403,8,,,1,40,,236404,8,,,1,65,,236405,8,,,1,23,,236406,8,,,1,20,,236407,8,,,1,55,,236408,8,,,1,15,,236409,8,,,1,15,,236410,8,,,1,15,,236411,8,,,1,55,,236412,8,,,1,20,,236413,8,,,1,15,,236414,8,,,1,55,,236415,8,,,1,17,,236416,8,,,1,90,,236417,8,,,1,98,,236418,8,,,1,95,,236419,8,,,1,100,,236420,8,,,1,156,,236421,8,,,1
1900,'20261014',551,,236422,8,,,1,104,,236423,8,,,1,65,,236424,8,,,1,25,,236425,8,,,1,55,,236426,8,,,1,15,,236427,8,,,1,20,,236428,8,,,1,20,,236429,8,,,1,60,,236430,8,,,1,20,,236431,8,,,1,67,,236432,8,,,1,30,,236433,8,,,1,80,,236434,8,,,1,95,,236435,8,,,1,95,,236436,8,,,1,100,,236437,8,,,1,105,,236438,8,,,1,40,,236439,8,,,1,65,,236440,8,,,1,23,,236441,8,,,1,20,,236442,8,,,1,55,,236443,8,,,1,15,,236444,8,,,1,15,,236445,8,,,1,15,,236446,8,,,1,55,,236447,8,,,1,20,,236448,8,,,1,15,,236449,8,,,1,55,,236450,8,,,1,17,,236451,8,,,1,90,,236452,8,,,1,98,,236453,8,,,1,95,,236454,8,,,1,100,,236455,8,,,1,156,,236456,8,,,1
1900,'20261015',551,,236457,8,,,1,104,,236458,8,,,1,65,,236459,8,,,1,25,,236460,8,,,1,55,,236461,8,,,1,15,,236462,8,,,1,20,,236463,8,,,1,20,,236464,8,,,1,60,,236465,8,,,1,20,,236466,8,,,1,67,,236467,8,,,1,30,,236468,8,,,1,80,,236469,8,,,1,95,,236470,8,,,1,95,,236471,8,,,1,100,,236472,8,,,1,105,,236473,8,,,1,40,,236474,8,,,1,65,,236475,8,,,1,23,,236476,8,,,1,20,,236477,8,,,1,55,,236478,8,,,1,15,,236479,8,,,1,15,,236480,8,,,1,15,,236481,8,,,1,55,,236482,8,,,1,20,,236483,8,,,1,15,,236484,8,,,1,55,,236485,8,,,1,17,,236486,8,,,1,90,,236487,8,,,1,98,,236488,8,,,1,95,,236489,8,,,1,100,,236490,8,,,1,156,,236491,8,,,1
1900,'20261016',551,,236492,8,,,1,104,,236493,8,,,1,65,,236494,8,,,1,25,,236495,8,,,1,55,,236496,8,,,1,15,,236497,8,,,1,20,,236498,8,,,1,20,,236499,8,,,1,60,,236500,8,,,1,20,,236501,8,,,1,67,,236502,8,,,1,30,,236503,8,,,1,80,,236504,8,,,1,95,,236505,8,,,1,95,,236506,8,,,1,100,,236507,8,,,1,105,,236508,8,,,1,40,,236509,8,,,1,65,,236510,8,,,1,23,,236511,8,,,1,20,,236512,8,,,1,55,,236513,8,,,1,15,,236514,8,,,1,15,,236515,8,,,1,15,,236516,8,,,1,55,,236517,8,,,1,20,,236518,8,,,1,15,,236519,8,,,1,55,,236520,8,,,1,17,,236521,8,,,1,90,,236522,8,,,1,98,,236523,8,,,1,95,,236524,8,,,1,100,,236525,8,,,1,156,,236526,8,,,1
1900,'20261017',656,,236527,8,,,1,100,,236528,8,,,1,100,,236529,8,,,1,147,,236530,8,,,1,98,,236531,8,,,1,105,,236532,8,,,1,105,,236533,8,,,1,100,,236534,8,,,1,100,,236535,8,,,1,30,,236536,8,,,1,70,,236537,8,,,1,30,,236538,8,,,1,70,,236539,8,,,1,30,,236540,8,,,1,70,,236541,8,,,1,30,,236542,8,,,1,70,,236543,8,,,1,30,,236544,8,,,1,65,,236545,8,,,1,100,,236546,8,,,1,95,,236547,8,,,1,57,,236548,8,,,1,98,,236549,8,,,1
1900,'20261018',656,,236550,8,,,1,100,,236551,8,,,1,100,,236552,8,,,1,147,,236553,8,,,1,98,,236554,8,,,1,105,,236555,8,,,1,105,,236556,8,,,1,100,,236557,8,,,1,100,,236558,8,,,1,30,,236559,8,,,1,70,,236560,8,,,1,30,,236561,8,,,1,70,,236562,8,,,1,30,,236563,8,,,1,70,,236564,8,,,1,30,,236565,8,,,1,70,,236566,8,,,1,30,,236567,8,,,1,65,,236568,8,,,1,100,,236569,8,,,1,95,,236570,8,,,1,57,,236571,8,,,1,98,,236572,8,,,1
1900,'20261019',551,,236573,8,,,1,104,,236574,8,,,1,65,,236575,8,,,1,25,,236576,8,,,1,55,,236577,8,,,1,15,,236578,8,,,1,20,,236579,8,,,1,20,,236580,8,,,1,60,,236581,8,,,1,20,,236582,8,,,1,67,,236583,8,,,1,30,,236584,8,,,1,80,,236585,8,,,1,95,,236586,8,,,1,95,,236587,8,,,1,100,,236588,8,,,1,105,,236589,8,,,1,40,,236590,8,,,1,65,,236591,8,,,1,23,,236592,8,,,1,20,,236593,8,,,1,55,,236594,8,,,1,15,,236595,8,,,1,15,,236596,8,,,1,15,,236597,8,,,1,55,,236598,8,,,1,20,,236599,8,,,1,15,,236600,8,,,1,55,,236601,8,,,1,17,,236602,8,,,1,90,,236603,8,,,1,98,,236604,8,,,1,95,,236605,8,,,1,100,,236606,8,,,1,156,,236607,8,,,1
1900,'20261020',551,,236608,8,,,1,104,,236609,8,,,1,65,,236610,8,,,1,25,,236611,8,,,1,55,,236612,8,,,1,15,,236613,8,,,1,20,,236614,8,,,1,20,,236615,8,,,1,60,,236616,8,,,1,20,,236617,8,,,1,67,,236618,8,,,1,30,,236619,8,,,1,80,,236620,8,,,1,95,,236621,8,,,1,95,,236622,8,,,1,100,,236623,8,,,1,105,,236624,8,,,1,40,,236625,8,,,1,65,,236626,8,,,1,23,,236627,8,,,1,20,,236628,8,,,1,55,,236629,8,,,1,15,,236630,8,,,1,15,,236631,8,,,1,15,,236632,8,,,1,55,,236633,8,,,1,20,,236634,8,,,1,15,,236635,8,,,1,55,,236636,8,,,1,17,,236637,8,,,1,90,,236638,8,,,1,98,,236639,8,,,1,95,,236640,8,,,1,100,,236641,8,,,1,156,,236642,8,,,1
1900,'20261021',551,,236643,8,,,1,104,,236644,8,,,1,65,,236645,8,,,1,25,,236646,8,,,1,55,,236647,8,,,1,15,,236648,8,,,1,20,,236649,8,,,1,20,,236650,8,,,1,60,,236651,8,,,1,20,,236652,8,,,1,67,,236653,8,,,1,30,,236654,8,,,1,80,,236655,8,,,1,95,,236656,8,,,1,95,,236657,8,,,1,100,,236658,8,,,1,105,,236659,8,,,1,40,,236660,8,,,1,65,,236661,8,,,1,23,,236662,8,,,1,20,,236663,8,,,1,55,,236664,8,,,1,15,,236665,8,,,1,15,,236666,8,,,1,15,,236667,8,,,1,55,,236668,8,,,1,20,,236669,8,,,1,15,,236670,8,,,1,55,,236671,8,,,1,17,,236672,8,,,1,90,,236673,8,,,1,98,,236674,8,,,1,95,,236675,8,,,1,100,,236676,8,,,1,156,,236677,8,,,1
1900,'20261022',551,,236678,8,,,1,104,,236679,8,,,1,65,,236680,8,,,1,25,,236681,8,,,1,55,,236682,8,,,1,15,,236683,8,,,1,20,,236684,8,,,1,20,,236685,8,,,1,60,,236686,8,,,1,20,,236687,8,,,1,67,,236688,8,,,1,30,,236689,8,,,1,80,,236690,8,,,1,95,,236691,8,,,1,95,,236692,8,,,1,100,,236693,8,,,1,105,,236694,8,,,1,40,,236695,8,,,1,65,,236696,8,,,1,23,,236697,8,,,1,20,,236698,8,,,1,55,,236699,8,,,1,15,,236700,8,,,1,15,,236701,8,,,1,15,,236702,8,,,1,55,,236703,8,,,1,20,,236704,8,,,1,15,,236705,8,,,1,55,,236706,8,,,1,17,,236707,8,,,1,90,,236708,8,,,1,98,,236709,8,,,1,95,,236710,8,,,1,100,,236711,8,,,1,156,,236712,8,,,1
1900,'20261023',551,,236713,8,,,1,104,,236714,8,,,1,65,,236715,8,,,1,25,,236716,8,,,1,55,,236717,8,,,1,15,,236718,8,,,1,20,,236719,8,,,1,20,,236720,8,,,1,60,,236721,8,,,1,20,,236722,8,,,1,67,,236723,8,,,1,30,,236724,8,,,1,80,,236725,8,,,1,95,,236726,8,,,1,95,,236727,8,,,1,100,,236728,8,,,1,105,,236729,8,,,1,40,,236730,8,,,1,65,,236731,8,,,1,23,,236732,8,,,1,20,,236733,8,,,1,55,,236734,8,,,1,15,,236735,8,,,1,15,,236736,8,,,1,15,,236737,8,,,1,55,,236738,8,,,1,20,,236739,8,,,1,15,,236740,8,,,1,55,,236741,8,,,1,17,,236742,8,,,1,90,,236743,8,,,1,98,,236744,8,,,1,95,,236745,8,,,1,100,,236746,8,,,1,156,,236747,8,,,1
1900,'20261024',656,,236748,8,,,1,100,,236749,8,,,1,100,,236750,8,,,1,147,,236751,8,,,1,98,,236752,8,,,1,105,,236753,8,,,1,105,,236754,8,,,1,100,,236755,8,,,1,100,,236756,8,,,1,30,,236757,8,,,1,70,,236758,8,,,1,30,,236759,8,,,1,70,,236760,8,,,1,30,,236761,8,,,1,70,,236762,8,,,1,30,,236763,8,,,1,70,,236764,8,,,1,30,,236765,8,,,1,65,,236766,8,,,1,100,,236767,8,,,1,95,,236768,8,,,1,57,,236769,8,,,1,98,,236770,8,,,1
1900,'20261025',656,,236771,8,,,1,100,,236772,8,,,1,100,,236773,8,,,1,147,,236774,8,,,1,98,,236775,8,,,1,105,,236776,8,,,1,105,,236777,8,,,1,100,,236778,8,,,1,100,,236779,8,,,1,30,,236780,8,,,1,70,,236781,8,,,1,30,,236782,8,,,1,70,,236783,8,,,1,30,,236784,8,,,1,70,,236785,8,,,1,30,,236786,8,,,1,70,,236787,8,,,1,30,,236788,8,,,1,65,,236789,8,,,1,100,,236790,8,,,1,95,,236791,8,,,1,57,,236792,8,,,1,98,,236793,8,,,1
1900,'20261026',551,,236794,8,,,1,104,,236795,8,,,1,65,,236796,8,,,1,25,,236797,8,,,1,55,,236798,8,,,1,15,,236799,8,,,1,20,,236800,8,,,1,20,,236801,8,,,1,60,,236802,8,,,1,20,,236803,8,,,1,67,,236804,8,,,1,30,,236805,8,,,1,80,,236806,8,,,1,95,,236807,8,,,1,95,,236808,8,,,1,100,,236809,8,,,1,105,,236810,8,,,1,40,,236811,8,,,1,65,,236812,8,,,1,23,,236813,8,,,1,20,,236814,8,,,1,55,,236815,8,,,1,15,,236816,8,,,1,15,,236817,8,,,1,15,,236818,8,,,1,55,,236819,8,,,1,20,,236820,8,,,1,15,,236821,8,,,1,55,,236822,8,,,1,17,,236823,8,,,1,90,,236824,8,,,1,98,,236825,8,,,1,95,,236826,8,,,1,100,,236827,8,,,1,156,,236828,8,,,1
1900,'20261027',551,,236829,8,,,1,104,,236830,8,,,1,65,,236831,8,,,1,25,,236832,8,,,1,55,,236833,8,,,1,15,,236834,8,,,1,20,,236835,8,,,1,20,,236836,8,,,1,60,,236837,8,,,1,20,,236838,8,,,1,67,,236839,8,,,1,30,,236840,8,,,1,80,,236841,8,,,1,95,,236842,8,,,1,95,,236843,8,,,1,100,,236844,8,,,1,105,,236845,8,,,1,40,,236846,8,,,1,65,,236847,8,,,1,23,,236848,8,,,1,20,,236849,8,,,1,55,,236850,8,,,1,15,,236851,8,,,1,15,,236852,8,,,1,15,,236853,8,,,1,55,,236854,8,,,1,20,,236855,8,,,1,15,,236856,8,,,1,55,,236857,8,,,1,17,,236858,8,,,1,90,,236859,8,,,1,98,,236860,8,,,1,95,,236861,8,,,1,100,,236862,8,,,1,156,,236863,8,,,1
1900,'20261028',551,,236864,8,,,1,104,,236865,8,,,1,65,,236866,8,,,1,25,,236867,8,,,1,55,,236868,8,,,1,15,,236869,8,,,1,20,,236870,8,,,1,20,,236871,8,,,1,60,,236872,8,,,1,20,,236873,8,,,1,67,,236874,8,,,1,30,,236875,8,,,1,80,,236876,8,,,1,95,,236877,8,,,1,95,,236878,8,,,1,100,,236879,8,,,1,105,,236880,8,,,1,40,,236881,8,,,1,65,,236882,8,,,1,23,,236883,8,,,1,20,,236884,8,,,1,55,,236885,8,,,1,15,,236886,8,,,1,15,,236887,8,,,1,15,,236888,8,,,1,55,,236889,8,,,1,20,,236890,8,,,1,15,,236891,8,,,1,55,,236892,8,,,1,17,,236893,8,,,1,90,,236894,8,,,1,98,,236895,8,,,1,95,,236896,8,,,1,100,,236897,8,,,1,156,,236898,8,,,1
1900,'20261029',551,,236899,8,,,1,104,,236900,8,,,1,65,,236901,8,,,1,25,,236902,8,,,1,55,,236903,8,,,1,15,,236904,8,,,1,20,,236905,8,,,1,20,,236906,8,,,1,60,,236907,8,,,1,20,,236908,8,,,1,67,,236909,8,,,1,30,,236910,8,,,1,80,,236911,8,,,1,95,,236912,8,,,1,95,,236913,8,,,1,100,,236914,8,,,1,105,,236915,8,,,1,40,,236916,8,,,1,65,,236917,8,,,1,23,,236918,8,,,1,20,,236919,8,,,1,55,,236920,8,,,1,15,,236921,8,,,1,15,,236922,8,,,1,15,,236923,8,,,1,55,,236924,8,,,1,20,,236925,8,,,1,15,,236926,8,,,1,55,,236927,8,,,1,17,,236928,8,,,1,90,,236929,8,,,1,98,,236930,8,,,1,95,,236931,8,,,1,100,,236932,8,,,1,156,,236933,8,,,1
1900,'20261030',551,,236934,8,,,1,104,,236935,8,,,1,65,,236936,8,,,1,25,,236937,8,,,1,55,,236938,8,,,1,15,,236939,8,,,1,20,,236940,8,,,1,20,,236941,8,,,1,60,,236942,8,,,1,20,,236943,8,,,1,67,,236944,8,,,1,30,,236945,8,,,1,80,,236946,8,,,1,95,,236947,8,,,1,95,,236948,8,,,1,100,,236949,8,,,1,105,,236950,8,,,1,40,,236951,8,,,1,65,,236952,8,,,1,23,,236953,8,,,1,20,,236954,8,,,1,55,,236955,8,,,1,15,,236956,8,,,1,15,,236957,8,,,1,15,,236958,8,,,1,55,,236959,8,,,1,20,,236960,8,,,1,15,,236961,8,,,1,55,,236962,8,,,1,17,,236963,8,,,1,90,,236964,8,,,1,98,,236965,8,,,1,95,,236966,8,,,1,100,,236967,8,,,1,156,,236968,8,,,1
1900,'20261031',656,,236969,8,,,1,100,,236970,8,,,1,100,,236971,8,,,1,147,,236972,8,,,1,98,,236973,8,,,1,105,,236974,8,,,1,105,,236975,8,,,1,100,,236976,8,,,1,100,,236977,8,,,1,30,,236978,8,,,1,70,,236979,8,,,1,30,,236980,8,,,1,70,,236981,8,,,1,30,,236982,8,,,1,70,,236983,8,,,1,30,,236984,8,,,1,70,,236985,8,,,1,30,,236986,8,,,1,65,,236987,8,,,1,100,,236988,8,,,1,95,,236989,8,,,1,57,,236990,8,,,1,98,,236991,8,,,1
1900,'20261101',656,,236992,8,,,1,100,,236993,8,,,1,100,,236994,8,,,1,147,,236995,8,,,1,98,,236996,8,,,1,105,,236997,8,,,1,105,,236998,8,,,1,100,,236999,8,,,1,100,,237000,8,,,1,30,,237001,8,,,1,70,,237002,8,,,1,30,,237003,8,,,1,70,,237004,8,,,1,30,,237005,8,,,1,70,,237006,8,,,1,30,,237007,8,,,1,70,,237008,8,,,1,30,,237009,8,,,1,65,,237010,8,,,1,100,,237011,8,,,1,95,,237012,8,,,1,57,,237013,8,,,1,98,,237014,8,,,1
1900,'20261102',551,,237015,8,,,1,104,,237016,8,,,1,65,,237017,8,,,1,25,,237018,8,,,1,55,,237019,8,,,1,15,,237020,8,,,1,20,,237021,8,,,1,20,,237022,8,,,1,60,,237023,8,,,1,20,,237024,8,,,1,67,,237025,8,,,1,30,,237026,8,,,1,80,,237027,8,,,1,95,,237028,8,,,1,95,,237029,8,,,1,100,,237030,8,,,1,105,,237031,8,,,1,40,,237032,8,,,1,65,,237033,8,,,1,23,,237034,8,,,1,20,,237035,8,,,1,55,,237036,8,,,1,15,,237037,8,,,1,15,,237038,8,,,1,15,,237039,8,,,1,55,,237040,8,,,1,20,,237041,8,,,1,15,,237042,8,,,1,55,,237043,8,,,1,17,,237044,8,,,1,90,,237045,8,,,1,98,,237046,8,,,1,95,,237047,8,,,1,100,,237048,8,,,1,156,,237049,8,,,1
1900,'20261103',551,,237050,8,,,1,104,,237051,8,,,1,65,,237052,8,,,1,25,,237053,8,,,1,55,,237054,8,,,1,15,,237055,8,,,1,20,,237056,8,,,1,20,,237057,8,,,1,60,,237058,8,,,1,20,,237059,8,,,1,67,,237060,8,,,1,30,,237061,8,,,1,80,,237062,8,,,1,95,,237063,8,,,1,95,,237064,8,,,1,100,,237065,8,,,1,105,,237066,8,,,1,40,,237067,8,,,1,65,,237068,8,,,1,23,,237069,8,,,1,20,,237070,8,,,1,55,,237071,8,,,1,15,,237072,8,,,1,15,,237073,8,,,1,15,,237074,8,,,1,55,,237075,8,,,1,20,,237076,8,,,1,15,,237077,8,,,1,55,,237078,8,,,1,17,,237079,8,,,1,90,,237080,8,,,1,98,,237081,8,,,1,95,,237082,8,,,1,100,,237083,8,,,1,156,,237084,8,,,1
1900,'20261104',551,,237085,8,,,1,104,,237086,8,,,1,65,,237087,8,,,1,25,,237088,8,,,1,55,,237089,8,,,1,15,,237090,8,,,1,20,,237091,8,,,1,20,,237092,8,,,1,60,,237093,8,,,1,20,,237094,8,,,1,67,,237095,8,,,1,30,,237096,8,,,1,80,,237097,8,,,1,95,,237098,8,,,1,95,,237099,8,,,1,100,,237100,8,,,1,105,,237101,8,,,1,40,,237102,8,,,1,65,,237103,8,,,1,23,,237104,8,,,1,20,,237105,8,,,1,55,,237106,8,,,1,15,,237107,8,,,1,15,,237108,8,,,1,15,,237109,8,,,1,55,,237110,8,,,1,20,,237111,8,,,1,15,,237112,8,,,1,55,,237113,8,,,1,17,,237114,8,,,1,90,,237115,8,,,1,98,,237116,8,,,1,95,,237117,8,,,1,100,,237118,8,,,1,156,,237119,8,,,1
1900,'20261105',551,,237120,8,,,1,104,,237121,8,,,1,65,,237122,8,,,1,25,,237123,8,,,1,55,,237124,8,,,1,15,,237125,8,,,1,20,,237126,8,,,1,20,,237127,8,,,1,60,,237128,8,,,1,20,,237129,8,,,1,67,,237130,8,,,1,30,,237131,8,,,1,80,,237132,8,,,1,95,,237133,8,,,1,95,,237134,8,,,1,100,,237135,8,,,1,105,,237136,8,,,1,40,,237137,8,,,1,65,,237138,8,,,1,23,,237139,8,,,1,20,,237140,8,,,1,55,,237141,8,,,1,15,,237142,8,,,1,15,,237143,8,,,1,15,,237144,8,,,1,55,,237145,8,,,1,20,,237146,8,,,1,15,,237147,8,,,1,55,,237148,8,,,1,17,,237149,8,,,1,90,,237150,8,,,1,98,,237151,8,,,1,95,,237152,8,,,1,100,,237153,8,,,1,156,,237154,8,,,1
1900,'20261106',551,,237155,8,,,1,104,,237156,8,,,1,65,,237157,8,,,1,25,,237158,8,,,1,55,,237159,8,,,1,15,,237160,8,,,1,20,,237161,8,,,1,20,,237162,8,,,1,60,,237163,8,,,1,20,,237164,8,,,1,67,,237165,8,,,1,30,,237166,8,,,1,80,,237167,8,,,1,95,,237168,8,,,1,95,,237169,8,,,1,100,,237170,8,,,1,105,,237171,8,,,1,40,,237172,8,,,1,65,,237173,8,,,1,23,,237174,8,,,1,20,,237175,8,,,1,55,,237176,8,,,1,15,,237177,8,,,1,15,,237178,8,,,1,15,,237179,8,,,1,55,,237180,8,,,1,20,,237181,8,,,1,15,,237182,8,,,1,55,,237183,8,,,1,17,,237184,8,,,1,90,,237185,8,,,1,98,,237186,8,,,1,95,,237187,8,,,1,100,,237188,8,,,1,156,,237189,8,,,1
1900,'20261107',656,,237190,8,,,1,100,,237191,8,,,1,100,,237192,8,,,1,147,,237193,8,,,1,98,,237194,8,,,1,105,,237195,8,,,1,105,,237196,8,,,1,100,,237197,8,,,1,100,,237198,8,,,1,30,,237199,8,,,1,70,,237200,8,,,1,30,,237201,8,,,1,70,,237202,8,,,1,30,,237203,8,,,1,70,,237204,8,,,1,30,,237205,8,,,1,70,,237206,8,,,1,30,,237207,8,,,1,65,,237208,8,,,1,100,,237209,8,,,1,95,,237210,8,,,1,57,,237211,8,,,1,98,,237212,8,,,1
1900,'20261108',656,,237213,8,,,1,100,,237214,8,,,1,100,,237215,8,,,1,147,,237216,8,,,1,98,,237217,8,,,1,105,,237218,8,,,1,105,,237219,8,,,1,100,,237220,8,,,1,100,,237221,8,,,1,30,,237222,8,,,1,70,,237223,8,,,1,30,,237224,8,,,1,70,,237225,8,,,1,30,,237226,8,,,1,70,,237227,8,,,1,30,,237228,8,,,1,70,,237229,8,,,1,30,,237230,8,,,1,65,,237231,8,,,1,100,,237232,8,,,1,95,,237233,8,,,1,57,,237234,8,,,1,98,,237235,8,,,1
1900,'20261109',551,,237236,8,,,1,104,,237237,8,,,1,65,,237238,8,,,1,25,,237239,8,,,1,55,,237240,8,,,1,15,,237241,8,,,1,20,,237242,8,,,1,20,,237243,8,,,1,60,,237244,8,,,1,20,,237245,8,,,1,67,,237246,8,,,1,30,,237247,8,,,1,80,,237248,8,,,1,95,,237249,8,,,1,95,,237250,8,,,1,100,,237251,8,,,1,105,,237252,8,,,1,40,,237253,8,,,1,65,,237254,8,,,1,23,,237255,8,,,1,20,,237256,8,,,1,55,,237257,8,,,1,15,,237258,8,,,1,15,,237259,8,,,1,15,,237260,8,,,1,55,,237261,8,,,1,20,,237262,8,,,1,15,,237263,8,,,1,55,,237264,8,,,1,17,,237265,8,,,1,90,,237266,8,,,1,98,,237267,8,,,1,95,,237268,8,,,1,100,,237269,8,,,1,156,,237270,8,,,1
1900,'20261110',551,,237271,8,,,1,104,,237272,8,,,1,65,,237273,8,,,1,25,,237274,8,,,1,55,,237275,8,,,1,15,,237276,8,,,1,20,,237277,8,,,1,20,,237278,8,,,1,60,,237279,8,,,1,20,,237280,8,,,1,67,,237281,8,,,1,30,,237282,8,,,1,80,,237283,8,,,1,95,,237284,8,,,1,95,,237285,8,,,1,100,,237286,8,,,1,105,,237287,8,,,1,40,,237288,8,,,1,65,,237289,8,,,1,23,,237290,8,,,1,20,,237291,8,,,1,55,,237292,8,,,1,15,,237293,8,,,1,15,,237294,8,,,1,15,,237295,8,,,1,55,,237296,8,,,1,20,,237297,8,,,1,15,,237298,8,,,1,55,,237299,8,,,1,17,,237300,8,,,1,90,,237301,8,,,1,98,,237302,8,,,1,95,,237303,8,,,1,100,,237304,8,,,1,156,,237305,8,,,1
1900,'20261111',551,,237306,8,,,1,104,,237307,8,,,1,65,,237308,8,,,1,25,,237309,8,,,1,55,,237310,8,,,1,15,,237311,8,,,1,20,,237312,8,,,1,20,,237313,8,,,1,60,,237314,8,,,1,20,,237315,8,,,1,67,,237316,8,,,1,30,,237317,8,,,1,80,,237318,8,,,1,95,,237319,8,,,1,95,,237320,8,,,1,100,,237321,8,,,1,105,,237322,8,,,1,40,,237323,8,,,1,65,,237324,8,,,1,23,,237325,8,,,1,20,,237326,8,,,1,55,,237327,8,,,1,15,,237328,8,,,1,15,,237329,8,,,1,15,,237330,8,,,1,55,,237331,8,,,1,20,,237332,8,,,1,15,,237333,8,,,1,55,,237334,8,,,1,17,,237335,8,,,1,90,,237336,8,,,1,98,,237337,8,,,1,95,,237338,8,,,1,100,,237339,8,,,1,156,,237340,8,,,1
1900,'20261112',551,,237341,8,,,1,104,,237342,8,,,1,65,,237343,8,,,1,25,,237344,8,,,1,55,,237345,8,,,1,15,,237346,8,,,1,20,,237347,8,,,1,20,,237348,8,,,1,60,,237349,8,,,1,20,,237350,8,,,1,67,,237351,8,,,1,30,,237352,8,,,1,80,,237353,8,,,1,95,,237354,8,,,1,95,,237355,8,,,1,100,,237356,8,,,1,105,,237357,8,,,1,40,,237358,8,,,1,65,,237359,8,,,1,23,,237360,8,,,1,20,,237361,8,,,1,55,,237362,8,,,1,15,,237363,8,,,1,15,,237364,8,,,1,15,,237365,8,,,1,55,,237366,8,,,1,20,,237367,8,,,1,15,,237368,8,,,1,55,,237369,8,,,1,17,,237370,8,,,1,90,,237371,8,,,1,98,,237372,8,,,1,95,,237373,8,,,1,100,,237374,8,,,1,156,,237375,8,,,1
1900,'20261113',551,,237376,8,,,1,104,,237377,8,,,1,65,,237378,8,,,1,25,,237379,8,,,1,55,,237380,8,,,1,15,,237381,8,,,1,20,,237382,8,,,1,20,,237383,8,,,1,60,,237384,8,,,1,20,,237385,8,,,1,67,,237386,8,,,1,30,,237387,8,,,1,80,,237388,8,,,1,95,,237389,8,,,1,95,,237390,8,,,1,100,,237391,8,,,1,105,,237392,8,,,1,40,,237393,8,,,1,65,,237394,8,,,1,23,,237395,8,,,1,20,,237396,8,,,1,55,,237397,8,,,1,15,,237398,8,,,1,15,,237399,8,,,1,15,,237400,8,,,1,55,,237401,8,,,1,20,,237402,8,,,1,15,,237403,8,,,1,55,,237404,8,,,1,17,,237405,8,,,1,90,,237406,8,,,1,98,,237407,8,,,1,95,,237408,8,,,1,100,,237409,8,,,1,156,,237410,8,,,1
1900,'20261114',656,,237411,8,,,1,100,,237412,8,,,1,100,,237413,8,,,1,147,,237414,8,,,1,98,,237415,8,,,1,105,,237416,8,,,1,105,,237417,8,,,1,100,,237418,8,,,1,100,,237419,8,,,1,30,,237420,8,,,1,70,,237421,8,,,1,30,,237422,8,,,1,70,,237423,8,,,1,30,,237424,8,,,1,70,,237425,8,,,1,30,,237426,8,,,1,70,,237427,8,,,1,30,,237428,8,,,1,65,,237429,8,,,1,100,,237430,8,,,1,95,,237431,8,,,1,57,,237432,8,,,1,98,,237433,8,,,1
1900,'20261115',656,,237434,8,,,1,100,,237435,8,,,1,100,,237436,8,,,1,147,,237437,8,,,1,98,,237438,8,,,1,105,,237439,8,,,1,105,,237440,8,,,1,100,,237441,8,,,1,100,,237442,8,,,1,30,,237443,8,,,1,70,,237444,8,,,1,30,,237445,8,,,1,70,,237446,8,,,1,30,,237447,8,,,1,70,,237448,8,,,1,30,,237449,8,,,1,70,,237450,8,,,1,30,,237451,8,,,1,65,,237452,8,,,1,100,,237453,8,,,1,95,,237454,8,,,1,57,,237455,8,,,1,98,,237456,8,,,1
1900,'20261116',551,,237457,8,,,1,104,,237458,8,,,1,65,,237459,8,,,1,25,,237460,8,,,1,55,,237461,8,,,1,15,,237462,8,,,1,20,,237463,8,,,1,20,,237464,8,,,1,60,,237465,8,,,1,20,,237466,8,,,1,67,,237467,8,,,1,30,,237468,8,,,1,80,,237469,8,,,1,95,,237470,8,,,1,95,,237471,8,,,1,100,,237472,8,,,1,105,,237473,8,,,1,40,,237474,8,,,1,65,,237475,8,,,1,23,,237476,8,,,1,20,,237477,8,,,1,55,,237478,8,,,1,15,,237479,8,,,1,15,,237480,8,,,1,15,,237481,8,,,1,55,,237482,8,,,1,20,,237483,8,,,1,15,,237484,8,,,1,55,,237485,8,,,1,17,,237486,8,,,1,90,,237487,8,,,1,98,,237488,8,,,1,95,,237489,8,,,1,100,,237490,8,,,1,156,,237491,8,,,1
1900,'20261117',551,,237492,8,,,1,104,,237493,8,,,1,65,,237494,8,,,1,25,,237495,8,,,1,55,,237496,8,,,1,15,,237497,8,,,1,20,,237498,8,,,1,20,,237499,8,,,1,60,,237500,8,,,1,20,,237501,8,,,1,67,,237502,8,,,1,30,,237503,8,,,1,80,,237504,8,,,1,95,,237505,8,,,1,95,,237506,8,,,1,100,,237507,8,,,1,105,,237508,8,,,1,40,,237509,8,,,1,65,,237510,8,,,1,23,,237511,8,,,1,20,,237512,8,,,1,55,,237513,8,,,1,15,,237514,8,,,1,15,,237515,8,,,1,15,,237516,8,,,1,55,,237517,8,,,1,20,,237518,8,,,1,15,,237519,8,,,1,55,,237520,8,,,1,17,,237521,8,,,1,90,,237522,8,,,1,98,,237523,8,,,1,95,,237524,8,,,1,100,,237525,8,,,1,156,,237526,8,,,1
1900,'20261118',551,,237527,8,,,1,104,,237528,8,,,1,65,,237529,8,,,1,25,,237530,8,,,1,55,,237531,8,,,1,15,,237532,8,,,1,20,,237533,8,,,1,20,,237534,8,,,1,60,,237535,8,,,1,20,,237536,8,,,1,67,,237537,8,,,1,30,,237538,8,,,1,80,,237539,8,,,1,95,,237540,8,,,1,95,,237541,8,,,1,100,,237542,8,,,1,105,,237543,8,,,1,40,,237544,8,,,1,65,,237545,8,,,1,23,,237546,8,,,1,20,,237547,8,,,1,55,,237548,8,,,1,15,,237549,8,,,1,15,,237550,8,,,1,15,,237551,8,,,1,55,,237552,8,,,1,20,,237553,8,,,1,15,,237554,8,,,1,55,,237555,8,,,1,17,,237556,8,,,1,90,,237557,8,,,1,98,,237558,8,,,1,95,,237559,8,,,1,100,,237560,8,,,1,156,,237561,8,,,1
1900,'20261119',551,,237562,8,,,1,104,,237563,8,,,1,65,,237564,8,,,1,25,,237565,8,,,1,55,,237566,8,,,1,15,,237567,8,,,1,20,,237568,8,,,1,20,,237569,8,,,1,60,,237570,8,,,1,20,,237571,8,,,1,67,,237572,8,,,1,30,,237573,8,,,1,80,,237574,8,,,1,95,,237575,8,,,1,95,,237576,8,,,1,100,,237577,8,,,1,105,,237578,8,,,1,40,,237579,8,,,1,65,,237580,8,,,1,23,,237581,8,,,1,20,,237582,8,,,1,55,,237583,8,,,1,15,,237584,8,,,1,15,,237585,8,,,1,15,,237586,8,,,1,55,,237587,8,,,1,20,,237588,8,,,1,15,,237589,8,,,1,55,,237590,8,,,1,17,,237591,8,,,1,90,,237592,8,,,1,98,,237593,8,,,1,95,,237594,8,,,1,100,,237595,8,,,1,156,,237596,8,,,1
1900,'20261120',551,,237597,8,,,1,104,,237598,8,,,1,65,,237599,8,,,1,25,,237600,8,,,1,55,,237601,8,,,1,15,,237602,8,,,1,20,,237603,8,,,1,20,,237604,8,,,1,60,,237605,8,,,1,20,,237606,8,,,1,67,,237607,8,,,1,30,,237608,8,,,1,80,,237609,8,,,1,95,,237610,8,,,1,95,,237611,8,,,1,100,,237612,8,,,1,105,,237613,8,,,1,40,,237614,8,,,1,65,,237615,8,,,1,23,,237616,8,,,1,20,,237617,8,,,1,55,,237618,8,,,1,15,,237619,8,,,1,15,,237620,8,,,1,15,,237621,8,,,1,55,,237622,8,,,1,20,,237623,8,,,1,15,,237624,8,,,1,55,,237625,8,,,1,17,,237626,8,,,1,90,,237627,8,,,1,98,,237628,8,,,1,95,,237629,8,,,1,100,,237630,8,,,1,156,,237631,8,,,1
1900,'20261121',656,,237632,8,,,1,100,,237633,8,,,1,100,,237634,8,,,1,147,,237635,8,,,1,98,,237636,8,,,1,105,,237637,8,,,1,105,,237638,8,,,1,100,,237639,8,,,1,100,,237640,8,,,1,30,,237641,8,,,1,70,,237642,8,,,1,30,,237643,8,,,1,70,,237644,8,,,1,30,,237645,8,,,1,70,,237646,8,,,1,30,,237647,8,,,1,70,,237648,8,,,1,30,,237649,8,,,1,65,,237650,8,,,1,100,,237651,8,,,1,95,,237652,8,,,1,57,,237653,8,,,1,98,,237654,8,,,1
1900,'20261122',656,,237655,8,,,1,100,,237656,8,,,1,100,,237657,8,,,1,147,,237658,8,,,1,98,,237659,8,,,1,105,,237660,8,,,1,105,,237661,8,,,1,100,,237662,8,,,1,100,,237663,8,,,1,30,,237664,8,,,1,70,,237665,8,,,1,30,,237666,8,,,1,70,,237667,8,,,1,30,,237668,8,,,1,70,,237669,8,,,1,30,,237670,8,,,1,70,,237671,8,,,1,30,,237672,8,,,1,65,,237673,8,,,1,100,,237674,8,,,1,95,,237675,8,,,1,57,,237676,8,,,1,98,,237677,8,,,1
1900,'20261123',551,,237678,8,,,1,104,,237679,8,,,1,65,,237680,8,,,1,25,,237681,8,,,1,55,,237682,8,,,1,15,,237683,8,,,1,20,,237684,8,,,1,20,,237685,8,,,1,60,,237686,8,,,1,20,,237687,8,,,1,67,,237688,8,,,1,30,,237689,8,,,1,80,,237690,8,,,1,95,,237691,8,,,1,95,,237692,8,,,1,100,,237693,8,,,1,105,,237694,8,,,1,40,,237695,8,,,1,65,,237696,8,,,1,23,,237697,8,,,1,20,,237698,8,,,1,55,,237699,8,,,1,15,,237700,8,,,1,15,,237701,8,,,1,15,,237702,8,,,1,55,,237703,8,,,1,20,,237704,8,,,1,15,,237705,8,,,1,55,,237706,8,,,1,17,,237707,8,,,1,90,,237708,8,,,1,98,,237709,8,,,1,95,,237710,8,,,1,100,,237711,8,,,1,156,,237712,8,,,1
1900,'20261124',551,,237713,8,,,1,104,,237714,8,,,1,65,,237715,8,,,1,25,,237716,8,,,1,55,,237717,8,,,1,15,,237718,8,,,1,20,,237719,8,,,1,20,,237720,8,,,1,60,,237721,8,,,1,20,,237722,8,,,1,67,,237723,8,,,1,30,,237724,8,,,1,80,,237725,8,,,1,95,,237726,8,,,1,95,,237727,8,,,1,100,,237728,8,,,1,105,,237729,8,,,1,40,,237730,8,,,1,65,,237731,8,,,1,23,,237732,8,,,1,20,,237733,8,,,1,55,,237734,8,,,1,15,,237735,8,,,1,15,,237736,8,,,1,15,,237737,8,,,1,55,,237738,8,,,1,20,,237739,8,,,1,15,,237740,8,,,1,55,,237741,8,,,1,17,,237742,8,,,1,90,,237743,8,,,1,98,,237744,8,,,1,95,,237745,8,,,1,100,,237746,8,,,1,156,,237747,8,,,1
1900,'20261125',551,,237748,8,,,1,104,,237749,8,,,1,65,,237750,8,,,1,25,,237751,8,,,1,55,,237752,8,,,1,15,,237753,8,,,1,20,,237754,8,,,1,20,,237755,8,,,1,60,,237756,8,,,1,20,,237757,8,,,1,67,,237758,8,,,1,30,,237759,8,,,1,80,,237760,8,,,1,95,,237761,8,,,1,95,,237762,8,,,1,100,,237763,8,,,1,105,,237764,8,,,1,40,,237765,8,,,1,65,,237766,8,,,1,23,,237767,8,,,1,20,,237768,8,,,1,55,,237769,8,,,1,15,,237770,8,,,1,15,,237771,8,,,1,15,,237772,8,,,1,55,,237773,8,,,1,20,,237774,8,,,1,15,,237775,8,,,1,55,,237776,8,,,1,17,,237777,8,,,1,90,,237778,8,,,1,98,,237779,8,,,1,95,,237780,8,,,1,100,,237781,8,,,1,156,,237782,8,,,1
1900,'20261126',551,,237783,8,,,1,104,,237784,8,,,1,65,,237785,8,,,1,25,,237786,8,,,1,55,,237787,8,,,1,15,,237788,8,,,1,20,,237789,8,,,1,20,,237790,8,,,1,60,,237791,8,,,1,20,,237792,8,,,1,67,,237793,8,,,1,30,,237794,8,,,1,80,,237795,8,,,1,95,,237796,8,,,1,95,,237797,8,,,1,100,,237798,8,,,1,105,,237799,8,,,1,40,,237800,8,,,1,65,,237801,8,,,1,23,,237802,8,,,1,20,,237803,8,,,1,55,,237804,8,,,1,15,,237805,8,,,1,15,,237806,8,,,1,15,,237807,8,,,1,55,,237808,8,,,1,20,,237809,8,,,1,15,,237810,8,,,1,55,,237811,8,,,1,17,,237812,8,,,1,90,,237813,8,,,1,98,,237814,8,,,1,95,,237815,8,,,1,100,,237816,8,,,1,156,,237817,8,,,1
1900,'20261127',551,,237818,8,,,1,104,,237819,8,,,1,65,,237820,8,,,1,25,,237821,8,,,1,55,,237822,8,,,1,15,,237823,8,,,1,20,,237824,8,,,1,20,,237825,8,,,1,60,,237826,8,,,1,20,,237827,8,,,1,67,,237828,8,,,1,30,,237829,8,,,1,80,,237830,8,,,1,95,,237831,8,,,1,95,,237832,8,,,1,100,,237833,8,,,1,105,,237834,8,,,1,40,,237835,8,,,1,65,,237836,8,,,1,23,,237837,8,,,1,20,,237838,8,,,1,55,,237839,8,,,1,15,,237840,8,,,1,15,,237841,8,,,1,15,,237842,8,,,1,55,,237843,8,,,1,20,,237844,8,,,1,15,,237845,8,,,1,55,,237846,8,,,1,17,,237847,8,,,1,90,,237848,8,,,1,98,,237849,8,,,1,95,,237850,8,,,1,100,,237851,8,,,1,156,,237852,8,,,1
2700,'20260917',611,,254703,34,0,7 6,1,30,,254704,34,0,7 6,1,69,,254705,35,0,57 6,1,25,,254706,35,0,57 6,1,20,,254707,35,0,57 6,1,70,,254708,35,0,57 6,1,25,,254709,35,0,57 6,1,75,,254710,35,0,57 6,1,30,,254711,34,0,7 6,1,92,,254712,34,0,7 6,1,100,,254713,34,0,7 6,1,100,,254714,12,0,5 6,1,105,,254715,12,0,5 6,1,105,,254716,12,0,5 6,1,148,,254717,13,0,34 6,1,25,,254718,35,0,57 6,1,75,,254719,35,0,57 6,1,30,,254720,35,0,57 6,1,20,,254721,13,0,34 6,1,55,,254722,35,0,57 6,1,10,,254723,13,0,34 6,1,20,,254724,35,0,57 6,1,70,,254725,35,0,57 6,1,42,,254726,34,0,7 6,1,98,,254727,12,0,5 6,1,100,,254728,12,0,5 6,1,196,,254729,12,0,5 6,1
2700,'20260918',611,,254730,34,0,7 6,1,30,,254731,34,0,7 6,1,69,,254732,35,0,57 6,1,25,,254733,35,0,57 6,1,20,,254734,35,0,57 6,1,70,,254735,35,0,57 6,1,25,,254736,35,0,57 6,1,75,,254737,35,0,57 6,1,30,,254738,34,0,7 6,1,92,,254739,34,0,7 6,1,100,,254740,34,0,7 6,1,100,,254741,12,0,5 6,1,105,,254742,12,0,5 6,1,105,,254743,12,0,5 6,1,148,,254744,13,0,34 6,1,25,,254745,35,0,57 6,1,75,,254746,35,0,57 6,1,30,,254747,35,0,57 6,1,20,,254748,13,0,34 6,1,55,,254749,35,0,57 6,1,10,,254750,13,0,34 6,1,20,,254751,35,0,57 6,1,70,,254752,35,0,57 6,1,42,,254753,34,0,7 6,1,98,,254754,12,0,5 6,1,100,,254755,12,0,5 6,1,196,,254756,12,0,5 6,1
2700,'20260919',636,,254757,34,0,7 6,1,105,,254758,12,0,5 6,1,100,,254759,12,0,5 6,1,102,,254760,12,0,5 6,1,103,,254761,12,0,5 6,1,105,,254762,12,0,5 6,1,105,,254763,12,0,5 6,1,100,,254764,12,0,5 6,1,100,,254765,12,0,5 6,1,145,,254766,12,0,5 6,1,100,,254767,12,0,5 6,1,100,,254768,12,0,5 6,1,55,,254769,12,0,5 6,1,100,,254770,12,0,5 6,1,95,,254771,12,0,5 6,1,95,,254772,12,0,5 6,1,195,,254773,12,0,5 6,1
2700,'20260920',636,,254774,34,0,7 6,1,105,,254775,12,0,5 6,1,100,,254776,12,0,5 6,1,102,,254777,12,0,5 6,1,103,,254778,12,0,5 6,1,105,,254779,12,0,5 6,1,105,,254780,12,0,5 6,1,100,,254781,12,0,5 6,1,100,,254782,12,0,5 6,1,145,,254783,12,0,5 6,1,100,,254784,12,0,5 6,1,100,,254785,12,0,5 6,1,55,,254786,12,0,5 6,1,100,,254787,12,0,5 6,1,95,,254788,12,0,5 6,1,95,,254789,12,0,5 6,1,195,,254790,12,0,5 6,1
2700,'20260921',611,,254791,34,0,7 6,1,30,,254792,34,0,7 6,1,69,,254793,35,0,57 6,1,25,,254794,35,0,57 6,1,20,,254795,35,0,57 6,1,70,,254796,35,0,57 6,1,25,,254797,35,0,57 6,1,75,,254798,35,0,57 6,1,30,,254799,34,0,7 6,1,92,,254800,34,0,7 6,1,100,,254801,34,0,7 6,1,100,,254802,12,0,5 6,1,105,,254803,12,0,5 6,1,105,,254804,12,0,5 6,1,148,,254805,13,0,34 6,1,25,,254806,35,0,57 6,1,75,,254807,35,0,57 6,1,30,,254808,35,0,57 6,1,20,,254809,13,0,34 6,1,55,,254810,35,0,57 6,1,10,,254811,13,0,34 6,1,20,,254812,35,0,57 6,1,70,,254813,35,0,57 6,1,42,,254814,34,0,7 6,1,98,,254815,12,0,5 6,1,100,,254816,12,0,5 6,1,196,,254817,12,0,5 6,1
2700,'20260922',611,,254818,34,0,7 6,1,30,,254819,34,0,7 6,1,69,,254820,35,0,57 6,1,25,,254821,35,0,57 6,1,20,,254822,35,0,57 6,1,70,,254823,35,0,57 6,1,25,,254824,35,0,57 6,1,75,,254825,35,0,57 6,1,30,,254826,34,0,7 6,1,92,,254827,34,0,7 6,1,100,,254828,34,0,7 6,1,100,,254829,12,0,5 6,1,105,,254830,12,0,5 6,1,105,,254831,12,0,5 6,1,148,,254832,13,0,34 6,1,25,,254833,35,0,57 6,1,75,,254834,35,0,57 6,1,30,,254835,35,0,57 6,1,20,,254836,13,0,34 6,1,55,,254837,35,0,57 6,1,10,,254838,13,0,34 6,1,20,,254839,35,0,57 6,1,70,,254840,35,0,57 6,1,42,,254841,34,0,7 6,1,98,,254842,12,0,5 6,1,100,,254843,12,0,5 6,1,196,,254844,12,0,5 6,1
2700,'20260923',611,,254845,34,0,7 6,1,30,,254846,34,0,7 6,1,69,,254847,35,0,57 6,1,25,,254848,35,0,57 6,1,20,,254849,35,0,57 6,1,70,,254850,35,0,57 6,1,25,,254851,35,0,57 6,1,75,,254852,35,0,57 6,1,30,,254853,34,0,7 6,1,92,,254854,34,0,7 6,1,100,,254855,34,0,7 6,1,100,,254856,12,0,5 6,1,105,,254857,12,0,5 6,1,105,,254858,12,0,5 6,1,148,,254859,13,0,34 6,1,25,,254860,35,0,57 6,1,75,,254861,35,0,57 6,1,30,,254862,35,0,57 6,1,20,,254863,13,0,34 6,1,55,,254864,35,0,57 6,1,10,,254865,13,0,34 6,1,20,,254866,35,0,57 6,1,70,,254867,35,0,57 6,1,42,,254868,34,0,7 6,1,98,,254869,12,0,5 6,1,100,,254870,12,0,5 6,1,196,,254871,12,0,5 6,1
2700,'20260924',611,,254872,34,0,7 6,1,30,,254873,34,0,7 6,1,69,,254874,35,0,57 6,1,25,,254875,35,0,57 6,1,20,,254876,35,0,57 6,1,70,,254877,35,0,57 6,1,25,,254878,35,0,57 6,1,75,,254879,35,0,57 6,1,30,,254880,34,0,7 6,1,92,,254881,34,0,7 6,1,100,,254882,34,0,7 6,1,100,,254883,12,0,5 6,1,105,,254884,12,0,5 6,1,105,,254885,12,0,5 6,1,148,,254886,13,0,34 6,1,25,,254887,35,0,57 6,1,75,,254888,35,0,57 6,1,30,,254889,35,0,57 6,1,20,,254890,13,0,34 6,1,55,,254891,35,0,57 6,1,10,,254892,13,0,34 6,1,20,,254893,35,0,57 6,1,70,,254894,35,0,57 6,1,42,,254895,34,0,7 6,1,98,,254896,12,0,5 6,1,100,,254897,12,0,5 6,1,196,,254898,12,0,5 6,1
2700,'20260925',611,,254899,34,0,7 6,1,30,,254900,34,0,7 6,1,69,,254901,35,0,57 6,1,25,,254902,35,0,57 6,1,20,,254903,35,0,57 6,1,70,,254904,35,0,57 6,1,25,,254905,35,0,57 6,1,75,,254906,35,0,57 6,1,30,,254907,34,0,7 6,1,92,,254908,34,0,7 6,1,100,,254909,34,0,7 6,1,100,,254910,12,0,5 6,1,105,,254911,12,0,5 6,1,105,,254912,12,0,5 6,1,148,,254913,13,0,34 6,1,25,,254914,35,0,57 6,1,75,,254915,35,0,57 6,1,30,,254916,35,0,57 6,1,20,,254917,13,0,34 6,1,55,,254918,35,0,57 6,1,10,,254919,13,0,34 6,1,20,,254920,35,0,57 6,1,70,,254921,35,0,57 6,1,42,,254922,34,0,7 6,1,98,,254923,12,0,5 6,1,100,,254924,12,0,5 6,1,196,,254925,12,0,5 6,1
2700,'20260926',636,,254926,34,0,7 6,1,105,,254927,12,0,5 6,1,100,,254928,12,0,5 6,1,102,,254929,12,0,5 6,1,103,,254930,12,0,5 6,1,105,,254931,12,0,5 6,1,105,,254932,12,0,5 6,1,100,,254933,12,0,5 6,1,100,,254934,12,0,5 6,1,145,,254935,12,0,5 6,1,100,,254936,12,0,5 6,1,100,,254937,12,0,5 6,1,55,,254938,12,0,5 6,1,100,,254939,12,0,5 6,1,95,,254940,12,0,5 6,1,95,,254941,12,0,5 6,1,195,,254942,12,0,5 6,1
2700,'20260927',636,,254943,34,0,7 6,1,105,,254944,12,0,5 6,1,100,,254945,12,0,5 6,1,102,,254946,12,0,5 6,1,103,,254947,12,0,5 6,1,105,,254948,12,0,5 6,1,105,,254949,12,0,5 6,1,100,,254950,12,0,5 6,1,100,,254951,12,0,5 6,1,145,,254952,12,0,5 6,1,100,,254953,12,0,5 6,1,100,,254954,12,0,5 6,1,55,,254955,12,0,5 6,1,100,,254956,12,0,5 6,1,95,,254957,12,0,5 6,1,95,,254958,12,0,5 6,1,195,,254959,12,0,5 6,1
2700,'20260928',611,,254960,34,0,7 6,1,30,,254961,34,0,7 6,1,69,,254962,35,0,57 6,1,25,,254963,35,0,57 6,1,20,,254964,35,0,57 6,1,70,,254965,35,0,57 6,1,25,,254966,35,0,57 6,1,75,,254967,35,0,57 6,1,30,,254968,34,0,7 6,1,92,,254969,34,0,7 6,1,100,,254970,34,0,7 6,1,100,,254971,12,0,5 6,1,105,,254972,12,0,5 6,1,105,,254973,12,0,5 6,1,148,,254974,13,0,34 6,1,25,,254975,35,0,57 6,1,75,,254976,35,0,57 6,1,30,,254977,35,0,57 6,1,20,,254978,13,0,34 6,1,55,,254979,35,0,57 6,1,10,,254980,13,0,34 6,1,20,,254981,35,0,57 6,1,70,,254982,35,0,57 6,1,42,,254983,34,0,7 6,1,98,,254984,12,0,5 6,1,100,,254985,12,0,5 6,1,196,,254986,12,0,5 6,1
2700,'20260929',611,,254987,34,0,7 6,1,30,,254988,34,0,7 6,1,69,,254989,35,0,57 6,1,25,,254990,35,0,57 6,1,20,,254991,35,0,57 6,1,70,,254992,35,0,57 6,1,25,,254993,35,0,57 6,1,75,,254994,35,0,57 6,1,30,,254995,34,0,7 6,1,92,,254996,34,0,7 6,1,100,,254997,34,0,7 6,1,100,,254998,12,0,5 6,1,105,,254999,12,0,5 6,1,105,,255000,12,0,5 6,1,148,,255001,13,0,34 6,1,25,,255002,35,0,57 6,1,75,,255003,35,0,57 6,1,30,,255004,35,0,57 6,1,20,,255005,13,0,34 6,1,55,,255006,35,0,57 6,1,10,,255007,13,0,34 6,1,20,,255008,35,0,57 6,1,70,,255009,35,0,57 6,1,42,,255010,34,0,7 6,1,98,,255011,12,0,5 6,1,100,,255012,12,0,5 6,1,196,,255013,12,0,5 6,1
2700,'20260930',611,,255014,34,0,7 6,1,30,,255015,34,0,7 6,1,69,,255016,35,0,57 6,1,25,,255017,35,0,57 6,1,20,,255018,35,0,57 6,1,70,,255019,35,0,57 6,1,25,,255020,35,0,57 6,1,75,,255021,35,0,57 6,1,30,,255022,34,0,7 6,1,92,,255023,34,0,7 6,1,100,,255024,34,0,7 6,1,100,,255025,12,0,5 6,1,105,,255026,12,0,5 6,1,105,,255027,12,0,5 6,1,148,,255028,13,0,34 6,1,25,,255029,35,0,57 6,1,75,,255030,35,0,57 6,1,30,,255031,35,0,57 6,1,20,,255032,13,0,34 6,1,55,,255033,35,0,57 6,1,10,,255034,13,0,34 6,1,20,,255035,35,0,57 6,1,70,,255036,35,0,57 6,1,42,,255037,34,0,7 6,1,98,,255038,12,0,5 6,1,100,,255039,12,0,5 6,1,196,,255040,12,0,5 6,1
2700,'20261001',611,,255041,34,0,7 6,1,30,,255042,34,0,7 6,1,69,,255043,35,0,57 6,1,25,,255044,35,0,57 6,1,20,,255045,35,0,57 6,1,70,,255046,35,0,57 6,1,25,,255047,35,0,57 6,1,75,,255048,35,0,57 6,1,30,,255049,34,0,7 6,1,92,,255050,34,0,7 6,1,100,,255051,34,0,7 6,1,100,,255052,12,0,5 6,1,105,,255053,12,0,5 6,1,105,,255054,12,0,5 6,1,148,,255055,13,0,34 6,1,25,,255056,35,0,57 6,1,75,,255057,35,0,57 6,1,30,,255058,35,0,57 6,1,20,,255059,13,0,34 6,1,55,,255060,35,0,57 6,1,10,,255061,13,0,34 6,1,20,,255062,35,0,57 6,1,70,,255063,35,0,57 6,1,42,,255064,34,0,7 6,1,98,,255065,12,0,5 6,1,100,,255066,12,0,5 6,1,196,,255067,12,0,5 6,1
2700,'20261002',611,,255068,34,0,7 6,1,30,,255069,34,0,7 6,1,69,,255070,35,0,57 6,1,25,,255071,35,0,57 6,1,20,,255072,35,0,57 6,1,70,,255073,35,0,57 6,1,25,,255074,35,0,57 6,1,75,,255075,35,0,57 6,1,30,,255076,34,0,7 6,1,92,,255077,34,0,7 6,1,100,,255078,34,0,7 6,1,100,,255079,12,0,5 6,1,105,,255080,12,0,5 6,1,105,,255081,12,0,5 6,1,148,,255082,13,0,34 6,1,25,,255083,35,0,57 6,1,75,,255084,35,0,57 6,1,30,,255085,35,0,57 6,1,20,,255086,13,0,34 6,1,55,,255087,35,0,57 6,1,10,,255088,13,0,34 6,1,20,,255089,35,0,57 6,1,70,,255090,35,0,57 6,1,42,,255091,34,0,7 6,1,98,,255092,12,0,5 6,1,100,,255093,12,0,5 6,1,196,,255094,12,0,5 6,1
2700,'20261003',636,,255095,34,0,7 6,1,105,,255096,12,0,5 6,1,100,,255097,12,0,5 6,1,102,,255098,12,0,5 6,1,103,,255099,12,0,5 6,1,105,,255100,12,0,5 6,1,105,,255101,12,0,5 6,1,100,,255102,12,0,5 6,1,100,,255103,12,0,5 6,1,145,,255104,12,0,5 6,1,100,,255105,12,0,5 6,1,100,,255106,12,0,5 6,1,55,,255107,12,0,5 6,1,100,,255108,12,0,5 6,1,95,,255109,12,0,5 6,1,95,,255110,12,0,5 6,1,195,,255111,12,0,5 6,1
2700,'20261004',636,,255112,34,0,7 6,1,105,,255113,12,0,5 6,1,100,,255114,12,0,5 6,1,102,,255115,12,0,5 6,1,103,,255116,12,0,5 6,1,105,,255117,12,0,5 6,1,105,,255118,12,0,5 6,1,100,,255119,12,0,5 6,1,100,,255120,12,0,5 6,1,145,,255121,12,0,5 6,1,100,,255122,12,0,5 6,1,100,,255123,12,0,5 6,1,55,,255124,12,0,5 6,1,100,,255125,12,0,5 6,1,95,,255126,12,0,5 6,1,95,,255127,12,0,5 6,1,195,,255128,12,0,5 6,1
2700,'20261005',611,,255129,34,0,7 6,1,30,,255130,34,0,7 6,1,69,,255131,35,0,57 6,1,25,,255132,35,0,57 6,1,20,,255133,35,0,57 6,1,70,,255134,35,0,57 6,1,25,,255135,35,0,57 6,1,75,,255136,35,0,57 6,1,30,,255137,34,0,7 6,1,92,,255138,34,0,7 6,1,100,,255139,34,0,7 6,1,100,,255140,12,0,5 6,1,105,,255141,12,0,5 6,1,105,,255142,12,0,5 6,1,148,,255143,13,0,34 6,1,25,,255144,35,0,57 6,1,75,,255145,35,0,57 6,1,30,,255146,35,0,57 6,1,20,,255147,13,0,34 6,1,55,,255148,35,0,57 6,1,10,,255149,13,0,34 6,1,20,,255150,35,0,57 6,1,70,,255151,35,0,57 6,1,42,,255152,34,0,7 6,1,98,,255153,12,0,5 6,1,100,,255154,12,0,5 6,1,196,,255155,12,0,5 6,1
2700,'20261006',611,,255156,34,0,7 6,1,30,,255157,34,0,7 6,1,69,,255158,35,0,57 6,1,25,,255159,35,0,57 6,1,20,,255160,35,0,57 6,1,70,,255161,35,0,57 6,1,25,,255162,35,0,57 6,1,75,,255163,35,0,57 6,1,30,,255164,34,0,7 6,1,92,,255165,34,0,7 6,1,100,,255166,34,0,7 6,1,100,,255167,12,0,5 6,1,105,,255168,12,0,5 6,1,105,,255169,12,0,5 6,1,148,,255170,13,0,34 6,1,25,,255171,35,0,57 6,1,75,,255172,35,0,57 6,1,30,,255173,35,0,57 6,1,20,,255174,13,0,34 6,1,55,,255175,35,0,57 6,1,10,,255176,13,0,34 6,1,20,,255177,35,0,57 6,1,70,,255178,35,0,57 6,1,42,,255179,34,0,7 6,1,98,,255180,12,0,5 6,1,100,,255181,12,0,5 6,1,196,,255182,12,0,5 6,1
2700,'20261007',611,,255183,34,0,7 6,1,30,,255184,34,0,7 6,1,69,,255185,35,0,57 6,1,25,,255186,35,0,57 6,1,20,,255187,35,0,57 6,1,70,,255188,35,0,57 6,1,25,,255189,35,0,57 6,1,75,,255190,35,0,57 6,1,30,,255191,34,0,7 6,1,92,,255192,34,0,7 6,1,100,,255193,34,0,7 6,1,100,,255194,12,0,5 6,1,105,,255195,12,0,5 6,1,105,,255196,12,0,5 6,1,148,,255197,13,0,34 6,1,25,,255198,35,0,57 6,1,75,,255199,35,0,57 6,1,30,,255200,35,0,57 6,1,20,,255201,13,0,34 6,1,55,,255202,35,0,57 6,1,10,,255203,13,0,34 6,1,20,,255204,35,0,57 6,1,70,,255205,35,0,57 6,1,42,,255206,34,0,7 6,1,98,,255207,12,0,5 6,1,100,,255208,12,0,5 6,1,196,,255209,12,0,5 6,1
2700,'20261008',611,,255210,34,0,7 6,1,30,,255211,34,0,7 6,1,69,,255212,35,0,57 6,1,25,,255213,35,0,57 6,1,20,,255214,35,0,57 6,1,70,,255215,35,0,57 6,1,25,,255216,35,0,57 6,1,75,,255217,35,0,57 6,1,30,,255218,34,0,7 6,1,92,,255219,34,0,7 6,1,100,,255220,34,0,7 6,1,100,,255221,12,0,5 6,1,105,,255222,12,0,5 6,1,105,,255223,12,0,5 6,1,148,,255224,13,0,34 6,1,25,,255225,35,0,57 6,1,75,,255226,35,0,57 6,1,30,,255227,35,0,57 6,1,20,,255228,13,0,34 6,1,55,,255229,35,0,57 6,1,10,,255230,13,0,34 6,1,20,,255231,35,0,57 6,1,70,,255232,35,0,57 6,1,42,,255233,34,0,7 6,1,98,,255234,12,0,5 6,1,100,,255235,12,0,5 6,1,196,,255236,12,0,5 6,1
2700,'20261009',611,,255237,34,0,7 6,1,30,,255238,34,0,7 6,1,69,,255239,35,0,57 6,1,25,,255240,35,0,57 6,1,20,,255241,35,0,57 6,1,70,,255242,35,0,57 6,1,25,,255243,35,0,57 6,1,75,,255244,35,0,57 6,1,30,,255245,34,0,7 6,1,92,,255246,34,0,7 6,1,100,,255247,34,0,7 6,1,100,,255248,12,0,5 6,1,105,,255249,12,0,5 6,1,105,,255250,12,0,5 6,1,148,,255251,13,0,34 6,1,25,,255252,35,0,57 6,1,75,,255253,35,0,57 6,1,30,,255254,35,0,57 6,1,20,,255255,13,0,34 6,1,55,,255256,35,0,57 6,1,10,,255257,13,0,34 6,1,20,,255258,35,0,57 6,1,70,,255259,35,0,57 6,1,42,,255260,34,0,7 6,1,98,,255261,12,0,5 6,1,100,,255262,12,0,5 6,1,196,,255263,12,0,5 6,1
2700,'20261010',636,,255264,34,0,7 6,1,105,,255265,12,0,5 6,1,100,,255266,12,0,5 6,1,102,,255267,12,0,5 6,1,103,,255268,12,0,5 6,1,105,,255269,12,0,5 6,1,105,,255270,12,0,5 6,1,100,,255271,12,0,5 6,1,100,,255272,12,0,5 6,1,145,,255273,12,0,5 6,1,100,,255274,12,0,5 6,1,100,,255275,12,0,5 6,1,55,,255276,12,0,5 6,1,100,,255277,12,0,5 6,1,95,,255278,12,0,5 6,1,95,,255279,12,0,5 6,1,195,,255280,12,0,5 6,1
2700,'20261011',636,,255281,34,0,7 6,1,105,,255282,12,0,5 6,1,100,,255283,12,0,5 6,1,102,,255284,12,0,5 6,1,103,,255285,12,0,5 6,1,105,,255286,12,0,5 6,1,105,,255287,12,0,5 6,1,100,,255288,12,0,5 6,1,100,,255289,12,0,5 6,1,145,,255290,12,0,5 6,1,100,,255291,12,0,5 6,1,100,,255292,12,0,5 6,1,55,,255293,12,0,5 6,1,100,,255294,12,0,5 6,1,95,,255295,12,0,5 6,1,95,,255296,12,0,5 6,1,195,,255297,12,0,5 6,1
2700,'20261012',636,,255298,34,0,7 6,1,105,,255299,12,0,5 6,1,100,,255300,12,0,5 6,1,102,,255301,12,0,5 6,1,103,,255302,12,0,5 6,1,105,,255303,12,0,5 6,1,105,,255304,12,0,5 6,1,100,,255305,12,0,5 6,1,100,,255306,12,0,5 6,1,145,,255307,12,0,5 6,1,100,,255308,12,0,5 6,1,100,,255309,12,0,5 6,1,55,,255310,12,0,5 6,1,100,,255311,12,0,5 6,1,95,,255312,12,0,5 6,1,95,,255313,12,0,5 6,1,195,,255314,12,0,5 6,1
2700,'20261013',611,,255315,34,0,7 6,1,30,,255316,34,0,7 6,1,69,,255317,35,0,57 6,1,25,,255318,35,0,57 6,1,20,,255319,35,0,57 6,1,70,,255320,35,0,57 6,1,25,,255321,35,0,57 6,1,75,,255322,35,0,57 6,1,30,,255323,34,0,7 6,1,92,,255324,34,0,7 6,1,100,,255325,34,0,7 6,1,100,,255326,12,0,5 6,1,105,,255327,12,0,5 6,1,105,,255328,12,0,5 6,1,148,,255329,13,0,34 6,1,25,,255330,35,0,57 6,1,75,,255331,35,0,57 6,1,30,,255332,35,0,57 6,1,20,,255333,13,0,34 6,1,55,,255334,35,0,57 6,1,10,,255335,13,0,34 6,1,20,,255336,35,0,57 6,1,70,,255337,35,0,57 6,1,42,,255338,34,0,7 6,1,98,,255339,12,0,5 6,1,100,,255340,12,0,5 6,1,196,,255341,12,0,5 6,1
2700,'20261014',611,,255342,34,0,7 6,1,30,,255343,34,0,7 6,1,69,,255344,35,0,57 6,1,25,,255345,35,0,57 6,1,20,,255346,35,0,57 6,1,70,,255347,35,0,57 6,1,25,,255348,35,0,57 6,1,75,,255349,35,0,57 6,1,30,,255350,34,0,7 6,1,92,,255351,34,0,7 6,1,100,,255352,34,0,7 6,1,100,,255353,12,0,5 6,1,105,,255354,12,0,5 6,1,105,,255355,12,0,5 6,1,148,,255356,13,0,34 6,1,25,,255357,35,0,57 6,1,75,,255358,35,0,57 6,1,30,,255359,35,0,57 6,1,20,,255360,13,0,34 6,1,55,,255361,35,0,57 6,1,10,,255362,13,0,34 6,1,20,,255363,35,0,57 6,1,70,,255364,35,0,57 6,1,42,,255365,34,0,7 6,1,98,,255366,12,0,5 6,1,100,,255367,12,0,5 6,1,196,,255368,12,0,5 6,1
2700,'20261015',611,,255369,34,0,7 6,1,30,,255370,34,0,7 6,1,69,,255371,35,0,57 6,1,25,,255372,35,0,57 6,1,20,,255373,35,0,57 6,1,70,,255374,35,0,57 6,1,25,,255375,35,0,57 6,1,75,,255376,35,0,57 6,1,30,,255377,34,0,7 6,1,92,,255378,34,0,7 6,1,100,,255379,34,0,7 6,1,100,,255380,12,0,5 6,1,105,,255381,12,0,5 6,1,105,,255382,12,0,5 6,1,148,,255383,13,0,34 6,1,25,,255384,35,0,57 6,1,75,,255385,35,0,57 6,1,30,,255386,35,0,57 6,1,20,,255387,13,0,34 6,1,55,,255388,35,0,57 6,1,10,,255389,13,0,34 6,1,20,,255390,35,0,57 6,1,70,,255391,35,0,57 6,1,42,,255392,34,0,7 6,1,98,,255393,12,0,5 6,1,100,,255394,12,0,5 6,1,196,,255395,12,0,5 6,1
2700,'20261016',611,,255396,34,0,7 6,1,30,,255397,34,0,7 6,1,69,,255398,35,0,57 6,1,25,,255399,35,0,57 6,1,20,,255400,35,0,57 6,1,70,,255401,35,0,57 6,1,25,,255402,35,0,57 6,1,75,,255403,35,0,57 6,1,30,,255404,34,0,7 6,1,92,,255405,34,0,7 6,1,100,,255406,34,0,7 6,1,100,,255407,12,0,5 6,1,105,,255408,12,0,5 6,1,105,,255409,12,0,5 6,1,148,,255410,13,0,34 6,1,25,,255411,35,0,57 6,1,75,,255412,35,0,57 6,1,30,,255413,35,0,57 6,1,20,,255414,13,0,34 6,1,55,,255415,35,0,57 6,1,10,,255416,13,0,34 6,1,20,,255417,35,0,57 6,1,70,,255418,35,0,57 6,1,42,,255419,34,0,7 6,1,98,,255420,12,0,5 6,1,100,,255421,12,0,5 6,1,196,,255422,12,0,5 6,1
2700,'20261017',636,,255423,34,0,7 6,1,105,,255424,12,0,5 6,1,100,,255425,12,0,5 6,1,102,,255426,12,0,5 6,1,103,,255427,12,0,5 6,1,105,,255428,12,0,5 6,1,105,,255429,12,0,5 6,1,100,,255430,12,0,5 6,1,100,,255431,12,0,5 6,1,145,,255432,12,0,5 6,1,100,,255433,12,0,5 6,1,100,,255434,12,0,5 6,1,55,,255435,12,0,5 6,1,100,,255436,12,0,5 6,1,95,,255437,12,0,5 6,1,95,,255438,12,0,5 6,1,195,,255439,12,0,5 6,1
2700,'20261018',636,,255440,34,0,7 6,1,105,,255441,12,0,5 6,1,100,,255442,12,0,5 6,1,102,,255443,12,0,5 6,1,103,,255444,12,0,5 6,1,105,,255445,12,0,5 6,1,105,,255446,12,0,5 6,1,100,,255447,12,0,5 6,1,100,,255448,12,0,5 6,1,145,,255449,12,0,5 6,1,100,,255450,12,0,5 6,1,100,,255451,12,0,5 6,1,55,,255452,12,0,5 6,1,100,,255453,12,0,5 6,1,95,,255454,12,0,5 6,1,95,,255455,12,0,5 6,1,195,,255456,12,0,5 6,1
2700,'20261019',611,,255457,34,0,7 6,1,30,,255458,34,0,7 6,1,69,,255459,35,0,57 6,1,25,,255460,35,0,57 6,1,20,,255461,35,0,57 6,1,70,,255462,35,0,57 6,1,25,,255463,35,0,57 6,1,75,,255464,35,0,57 6,1,30,,255465,34,0,7 6,1,92,,255466,34,0,7 6,1,100,,255467,34,0,7 6,1,100,,255468,12,0,5 6,1,105,,255469,12,0,5 6,1,105,,255470,12,0,5 6,1,148,,255471,13,0,34 6,1,25,,255472,35,0,57 6,1,75,,255473,35,0,57 6,1,30,,255474,35,0,57 6,1,20,,255475,13,0,34 6,1,55,,255476,35,0,57 6,1,10,,255477,13,0,34 6,1,20,,255478,35,0,57 6,1,70,,255479,35,0,57 6,1,42,,255480,34,0,7 6,1,98,,255481,12,0,5 6,1,100,,255482,12,0,5 6,1,196,,255483,12,0,5 6,1
2700,'20261020',611,,255484,34,0,7 6,1,30,,255485,34,0,7 6,1,69,,255486,35,0,57 6,1,25,,255487,35,0,57 6,1,20,,255488,35,0,57 6,1,70,,255489,35,0,57 6,1,25,,255490,35,0,57 6,1,75,,255491,35,0,57 6,1,30,,255492,34,0,7 6,1,92,,255493,34,0,7 6,1,100,,255494,34,0,7 6,1,100,,255495,12,0,5 6,1,105,,255496,12,0,5 6,1,105,,255497,12,0,5 6,1,148,,255498,13,0,34 6,1,25,,255499,35,0,57 6,1,75,,255500,35,0,57 6,1,30,,255501,35,0,57 6,1,20,,255502,13,0,34 6,1,55,,255503,35,0,57 6,1,10,,255504,13,0,34 6,1,20,,255505,35,0,57 6,1,70,,255506,35,0,57 6,1,42,,255507,34,0,7 6,1,98,,255508,12,0,5 6,1,100,,255509,12,0,5 6,1,196,,255510,12,0,5 6,1
2700,'20261021',611,,255511,34,0,7 6,1,30,,255512,34,0,7 6,1,69,,255513,35,0,57 6,1,25,,255514,35,0,57 6,1,20,,255515,35,0,57 6,1,70,,255516,35,0,57 6,1,25,,255517,35,0,57 6,1,75,,255518,35,0,57 6,1,30,,255519,34,0,7 6,1,92,,255520,34,0,7 6,1,100,,255521,34,0,7 6,1,100,,255522,12,0,5 6,1,105,,255523,12,0,5 6,1,105,,255524,12,0,5 6,1,148,,255525,13,0,34 6,1,25,,255526,35,0,57 6,1,75,,255527,35,0,57 6,1,30,,255528,35,0,57 6,1,20,,255529,13,0,34 6,1,55,,255530,35,0,57 6,1,10,,255531,13,0,34 6,1,20,,255532,35,0,57 6,1,70,,255533,35,0,57 6,1,42,,255534,34,0,7 6,1,98,,255535,12,0,5 6,1,100,,255536,12,0,5 6,1,196,,255537,12,0,5 6,1
2700,'20261022',611,,255538,34,0,7 6,1,30,,255539,34,0,7 6,1,69,,255540,35,0,57 6,1,25,,255541,35,0,57 6,1,20,,255542,35,0,57 6,1,70,,255543,35,0,57 6,1,25,,255544,35,0,57 6,1,75,,255545,35,0,57 6,1,30,,255546,34,0,7 6,1,92,,255547,34,0,7 6,1,100,,255548,34,0,7 6,1,100,,255549,12,0,5 6,1,105,,255550,12,0,5 6,1,105,,255551,12,0,5 6,1,148,,255552,13,0,34 6,1,25,,255553,35,0,57 6,1,75,,255554,35,0,57 6,1,30,,255555,35,0,57 6,1,20,,255556,13,0,34 6,1,55,,255557,35,0,57 6,1,10,,255558,13,0,34 6,1,20,,255559,35,0,57 6,1,70,,255560,35,0,57 6,1,42,,255561,34,0,7 6,1,98,,255562,12,0,5 6,1,100,,255563,12,0,5 6,1,196,,255564,12,0,5 6,1
2700,'20261023',611,,255565,34,0,7 6,1,30,,255566,34,0,7 6,1,69,,255567,35,0,57 6,1,25,,255568,35,0,57 6,1,20,,255569,35,0,57 6,1,70,,255570,35,0,57 6,1,25,,255571,35,0,57 6,1,75,,255572,35,0,57 6,1,30,,255573,34,0,7 6,1,92,,255574,34,0,7 6,1,100,,255575,34,0,7 6,1,100,,255576,12,0,5 6,1,105,,255577,12,0,5 6,1,105,,255578,12,0,5 6,1,148,,255579,13,0,34 6,1,25,,255580,35,0,57 6,1,75,,255581,35,0,57 6,1,30,,255582,35,0,57 6,1,20,,255583,13,0,34 6,1,55,,255584,35,0,57 6,1,10,,255585,13,0,34 6,1,20,,255586,35,0,57 6,1,70,,255587,35,0,57 6,1,42,,255588,34,0,7 6,1,98,,255589,12,0,5 6,1,100,,255590,12,0,5 6,1,196,,255591,12,0,5 6,1
2700,'20261024',636,,255592,34,0,7 6,1,105,,255593,12,0,5 6,1,100,,255594,12,0,5 6,1,102,,255595,12,0,5 6,1,103,,255596,12,0,5 6,1,105,,255597,12,0,5 6,1,105,,255598,12,0,5 6,1,100,,255599,12,0,5 6,1,100,,255600,12,0,5 6,1,145,,255601,12,0,5 6,1,100,,255602,12,0,5 6,1,100,,255603,12,0,5 6,1,55,,255604,12,0,5 6,1,100,,255605,12,0,5 6,1,95,,255606,12,0,5 6,1,95,,255607,12,0,5 6,1,195,,255608,12,0,5 6,1
2700,'20261025',636,,255609,34,0,7 6,1,105,,255610,12,0,5 6,1,100,,255611,12,0,5 6,1,102,,255612,12,0,5 6,1,103,,255613,12,0,5 6,1,105,,255614,12,0,5 6,1,105,,255615,12,0,5 6,1,100,,255616,12,0,5 6,1,100,,255617,12,0,5 6,1,145,,255618,12,0,5 6,1,100,,255619,12,0,5 6,1,100,,255620,12,0,5 6,1,55,,255621,12,0,5 6,1,100,,255622,12,0,5 6,1,95,,255623,12,0,5 6,1,95,,255624,12,0,5 6,1,195,,255625,12,0,5 6,1
2700,'20261026',611,,255626,34,0,7 6,1,30,,255627,34,0,7 6,1,69,,255628,35,0,57 6,1,25,,255629,35,0,57 6,1,20,,255630,35,0,57 6,1,70,,255631,35,0,57 6,1,25,,255632,35,0,57 6,1,75,,255633,35,0,57 6,1,30,,255634,34,0,7 6,1,92,,255635,34,0,7 6,1,100,,255636,34,0,7 6,1,100,,255637,12,0,5 6,1,105,,255638,12,0,5 6,1,105,,255639,12,0,5 6,1,148,,255640,13,0,34 6,1,25,,255641,35,0,57 6,1,75,,255642,35,0,57 6,1,30,,255643,35,0,57 6,1,20,,255644,13,0,34 6,1,55,,255645,35,0,57 6,1,10,,255646,13,0,34 6,1,20,,255647,35,0,57 6,1,70,,255648,35,0,57 6,1,42,,255649,34,0,7 6,1,98,,255650,12,0,5 6,1,100,,255651,12,0,5 6,1,196,,255652,12,0,5 6,1
2700,'20261027',611,,255653,34,0,7 6,1,30,,255654,34,0,7 6,1,69,,255655,35,0,57 6,1,25,,255656,35,0,57 6,1,20,,255657,35,0,57 6,1,70,,255658,35,0,57 6,1,25,,255659,35,0,57 6,1,75,,255660,35,0,57 6,1,30,,255661,34,0,7 6,1,92,,255662,34,0,7 6,1,100,,255663,34,0,7 6,1,100,,255664,12,0,5 6,1,105,,255665,12,0,5 6,1,105,,255666,12,0,5 6,1,148,,255667,13,0,34 6,1,25,,255668,35,0,57 6,1,75,,255669,35,0,57 6,1,30,,255670,35,0,57 6,1,20,,255671,13,0,34 6,1,55,,255672,35,0,57 6,1,10,,255673,13,0,34 6,1,20,,255674,35,0,57 6,1,70,,255675,35,0,57 6,1,42,,255676,34,0,7 6,1,98,,255677,12,0,5 6,1,100,,255678,12,0,5 6,1,196,,255679,12,0,5 6,1
2700,'20261028',611,,255680,34,0,7 6,1,30,,255681,34,0,7 6,1,69,,255682,35,0,57 6,1,25,,255683,35,0,57 6,1,20,,255684,35,0,57 6,1,70,,255685,35,0,57 6,1,25,,255686,35,0,57 6,1,75,,255687,35,0,57 6,1,30,,255688,34,0,7 6,1,92,,255689,34,0,7 6,1,100,,255690,34,0,7 6,1,100,,255691,12,0,5 6,1,105,,255692,12,0,5 6,1,105,,255693,12,0,5 6,1,148,,255694,13,0,34 6,1,25,,255695,35,0,57 6,1,75,,255696,35,0,57 6,1,30,,255697,35,0,57 6,1,20,,255698,13,0,34 6,1,55,,255699,35,0,57 6,1,10,,255700,13,0,34 6,1,20,,255701,35,0,57 6,1,70,,255702,35,0,57 6,1,42,,255703,34,0,7 6,1,98,,255704,12,0,5 6,1,100,,255705,12,0,5 6,1,196,,255706,12,0,5 6,1
2700,'20261029',611,,255707,34,0,7 6,1,30,,255708,34,0,7 6,1,69,,255709,35,0,57 6,1,25,,255710,35,0,57 6,1,20,,255711,35,0,57 6,1,70,,255712,35,0,57 6,1,25,,255713,35,0,57 6,1,75,,255714,35,0,57 6,1,30,,255715,34,0,7 6,1,92,,255716,34,0,7 6,1,100,,255717,34,0,7 6,1,100,,255718,12,0,5 6,1,105,,255719,12,0,5 6,1,105,,255720,12,0,5 6,1,148,,255721,13,0,34 6,1,25,,255722,35,0,57 6,1,75,,255723,35,0,57 6,1,30,,255724,35,0,57 6,1,20,,255725,13,0,34 6,1,55,,255726,35,0,57 6,1,10,,255727,13,0,34 6,1,20,,255728,35,0,57 6,1,70,,255729,35,0,57 6,1,42,,255730,34,0,7 6,1,98,,255731,12,0,5 6,1,100,,255732,12,0,5 6,1,196,,255733,12,0,5 6,1
2700,'20261030',611,,255734,34,0,7 6,1,30,,255735,34,0,7 6,1,69,,255736,35,0,57 6,1,25,,255737,35,0,57 6,1,20,,255738,35,0,57 6,1,70,,255739,35,0,57 6,1,25,,255740,35,0,57 6,1,75,,255741,35,0,57 6,1,30,,255742,34,0,7 6,1,92,,255743,34,0,7 6,1,100,,255744,34,0,7 6,1,100,,255745,12,0,5 6,1,105,,255746,12,0,5 6,1,105,,255747,12,0,5 6,1,148,,255748,13,0,34 6,1,25,,255749,35,0,57 6,1,75,,255750,35,0,57 6,1,30,,255751,35,0,57 6,1,20,,255752,13,0,34 6,1,55,,255753,35,0,57 6,1,10,,255754,13,0,34 6,1,20,,255755,35,0,57 6,1,70,,255756,35,0,57 6,1,42,,255757,34,0,7 6,1,98,,255758,12,0,5 6,1,100,,255759,12,0,5 6,1,196,,255760,12,0,5 6,1
2700,'20261031',636,,255761,34,0,7 6,1,105,,255762,12,0,5 6,1,100,,255763,12,0,5 6,1,102,,255764,12,0,5 6,1,103,,255765,12,0,5 6,1,105,,255766,12,0,5 6,1,105,,255767,12,0,5 6,1,100,,255768,12,0,5 6,1,100,,255769,12,0,5 6,1,145,,255770,12,0,5 6,1,100,,255771,12,0,5 6,1,100,,255772,12,0,5 6,1,55,,255773,12,0,5 6,1,100,,255774,12,0,5 6,1,95,,255775,12,0,5 6,1,95,,255776,12,0,5 6,1,195,,255777,12,0,5 6,1
2700,'20261101',636,,255778,34,0,7 6,1,105,,255779,12,0,5 6,1,100,,255780,12,0,5 6,1,102,,255781,12,0,5 6,1,103,,255782,12,0,5 6,1,105,,255783,12,0,5 6,1,105,,255784,12,0,5 6,1,100,,255785,12,0,5 6,1,100,,255786,12,0,5 6,1,145,,255787,12,0,5 6,1,100,,255788,12,0,5 6,1,100,,255789,12,0,5 6,1,55,,255790,12,0,5 6,1,100,,255791,12,0,5 6,1,95,,255792,12,0,5 6,1,95,,255793,12,0,5 6,1,195,,255794,12,0,5 6,1
2700,'20261102',611,,255795,34,0,7 6,1,30,,255796,34,0,7 6,1,69,,255797,35,0,57 6,1,25,,255798,35,0,57 6,1,20,,255799,35,0,57 6,1,70,,255800,35,0,57 6,1,25,,255801,35,0,57 6,1,75,,255802,35,0,57 6,1,30,,255803,34,0,7 6,1,92,,255804,34,0,7 6,1,100,,255805,34,0,7 6,1,100,,255806,12,0,5 6,1,105,,255807,12,0,5 6,1,105,,255808,12,0,5 6,1,148,,255809,13,0,34 6,1,25,,255810,35,0,57 6,1,75,,255811,35,0,57 6,1,30,,255812,35,0,57 6,1,20,,255813,13,0,34 6,1,55,,255814,35,0,57 6,1,10,,255815,13,0,34 6,1,20,,255816,35,0,57 6,1,70,,255817,35,0,57 6,1,42,,255818,34,0,7 6,1,98,,255819,12,0,5 6,1,100,,255820,12,0,5 6,1,196,,255821,12,0,5 6,1
2700,'20261103',611,,255822,34,0,7 6,1,30,,255823,34,0,7 6,1,69,,255824,35,0,57 6,1,25,,255825,35,0,57 6,1,20,,255826,35,0,57 6,1,70,,255827,35,0,57 6,1,25,,255828,35,0,57 6,1,75,,255829,35,0,57 6,1,30,,255830,34,0,7 6,1,92,,255831,34,0,7 6,1,100,,255832,34,0,7 6,1,100,,255833,12,0,5 6,1,105,,255834,12,0,5 6,1,105,,255835,12,0,5 6,1,148,,255836,13,0,34 6,1,25,,255837,35,0,57 6,1,75,,255838,35,0,57 6,1,30,,255839,35,0,57 6,1,20,,255840,13,0,34 6,1,55,,255841,35,0,57 6,1,10,,255842,13,0,34 6,1,20,,255843,35,0,57 6,1,70,,255844,35,0,57 6,1,42,,255845,34,0,7 6,1,98,,255846,12,0,5 6,1,100,,255847,12,0,5 6,1,196,,255848,12,0,5 6,1
2700,'20261104',611,,255849,34,0,7 6,1,30,,255850,34,0,7 6,1,69,,255851,35,0,57 6,1,25,,255852,35,0,57 6,1,20,,255853,35,0,57 6,1,70,,255854,35,0,57 6,1,25,,255855,35,0,57 6,1,75,,255856,35,0,57 6,1,30,,255857,34,0,7 6,1,92,,255858,34,0,7 6,1,100,,255859,34,0,7 6,1,100,,255860,12,0,5 6,1,105,,255861,12,0,5 6,1,105,,255862,12,0,5 6,1,148,,255863,13,0,34 6,1,25,,255864,35,0,57 6,1,75,,255865,35,0,57 6,1,30,,255866,35,0,57 6,1,20,,255867,13,0,34 6,1,55,,255868,35,0,57 6,1,10,,255869,13,0,34 6,1,20,,255870,35,0,57 6,1,70,,255871,35,0,57 6,1,42,,255872,34,0,7 6,1,98,,255873,12,0,5 6,1,100,,255874,12,0,5 6,1,196,,255875,12,0,5 6,1
2700,'20261105',611,,255876,34,0,7 6,1,30,,255877,34,0,7 6,1,69,,255878,35,0,57 6,1,25,,255879,35,0,57 6,1,20,,255880,35,0,57 6,1,70,,255881,35,0,57 6,1,25,,255882,35,0,57 6,1,75,,255883,35,0,57 6,1,30,,255884,34,0,7 6,1,92,,255885,34,0,7 6,1,100,,255886,34,0,7 6,1,100,,255887,12,0,5 6,1,105,,255888,12,0,5 6,1,105,,255889,12,0,5 6,1,148,,255890,13,0,34 6,1,25,,255891,35,0,57 6,1,75,,255892,35,0,57 6,1,30,,255893,35,0,57 6,1,20,,255894,13,0,34 6,1,55,,255895,35,0,57 6,1,10,,255896,13,0,34 6,1,20,,255897,35,0,57 6,1,70,,255898,35,0,57 6,1,42,,255899,34,0,7 6,1,98,,255900,12,0,5 6,1,100,,255901,12,0,5 6,1,196,,255902,12,0,5 6,1
2700,'20261106',611,,255903,34,0,7 6,1,30,,255904,34,0,7 6,1,69,,255905,35,0,57 6,1,25,,255906,35,0,57 6,1,20,,255907,35,0,57 6,1,70,,255908,35,0,57 6,1,25,,255909,35,0,57 6,1,75,,255910,35,0,57 6,1,30,,255911,34,0,7 6,1,92,,255912,34,0,7 6,1,100,,255913,34,0,7 6,1,100,,255914,12,0,5 6,1,105,,255915,12,0,5 6,1,105,,255916,12,0,5 6,1,148,,255917,13,0,34 6,1,25,,255918,35,0,57 6,1,75,,255919,35,0,57 6,1,30,,255920,35,0,57 6,1,20,,255921,13,0,34 6,1,55,,255922,35,0,57 6,1,10,,255923,13,0,34 6,1,20,,255924,35,0,57 6,1,70,,255925,35,0,57 6,1,42,,255926,34,0,7 6,1,98,,255927,12,0,5 6,1,100,,255928,12,0,5 6,1,196,,255929,12,0,5 6,1
2700,'20261107',636,,255930,34,0,7 6,1,105,,255931,12,0,5 6,1,100,,255932,12,0,5 6,1,102,,255933,12,0,5 6,1,103,,255934,12,0,5 6,1,105,,255935,12,0,5 6,1,105,,255936,12,0,5 6,1,100,,255937,12,0,5 6,1,100,,255938,12,0,5 6,1,145,,255939,12,0,5 6,1,100,,255940,12,0,5 6,1,100,,255941,12,0,5 6,1,55,,255942,12,0,5 6,1,100,,255943,12,0,5 6,1,95,,255944,12,0,5 6,1,95,,255945,12,0,5 6,1,195,,255946,12,0,5 6,1
2700,'20261108',636,,255947,34,0,7 6,1,105,,255948,12,0,5 6,1,100,,255949,12,0,5 6,1,102,,255950,12,0,5 6,1,103,,255951,12,0,5 6,1,105,,255952,12,0,5 6,1,105,,255953,12,0,5 6,1,100,,255954,12,0,5 6,1,100,,255955,12,0,5 6,1,145,,255956,12,0,5 6,1,100,,255957,12,0,5 6,1,100,,255958,12,0,5 6,1,55,,255959,12,0,5 6,1,100,,255960,12,0,5 6,1,95,,255961,12,0,5 6,1,95,,255962,12,0,5 6,1,195,,255963,12,0,5 6,1
2700,'20261109',611,,255964,34,0,7 6,1,30,,255965,34,0,7 6,1,69,,255966,35,0,57 6,1,25,,255967,35,0,57 6,1,20,,255968,35,0,57 6,1,70,,255969,35,0,57 6,1,25,,255970,35,0,57 6,1,75,,255971,35,0,57 6,1,30,,255972,34,0,7 6,1,92,,255973,34,0,7 6,1,100,,255974,34,0,7 6,1,100,,255975,12,0,5 6,1,105,,255976,12,0,5 6,1,105,,255977,12,0,5 6,1,148,,255978,13,0,34 6,1,25,,255979,35,0,57 6,1,75,,255980,35,0,57 6,1,30,,255981,35,0,57 6,1,20,,255982,13,0,34 6,1,55,,255983,35,0,57 6,1,10,,255984,13,0,34 6,1,20,,255985,35,0,57 6,1,70,,255986,35,0,57 6,1,42,,255987,34,0,7 6,1,98,,255988,12,0,5 6,1,100,,255989,12,0,5 6,1,196,,255990,12,0,5 6,1
2700,'20261110',611,,255991,34,0,7 6,1,30,,255992,34,0,7 6,1,69,,255993,35,0,57 6,1,25,,255994,35,0,57 6,1,20,,255995,35,0,57 6,1,70,,255996,35,0,57 6,1,25,,255997,35,0,57 6,1,75,,255998,35,0,57 6,1,30,,255999,34,0,7 6,1,92,,256000,34,0,7 6,1,100,,256001,34,0,7 6,1,100,,256002,12,0,5 6,1,105,,256003,12,0,5 6,1,105,,256004,12,0,5 6,1,148,,256005,13,0,34 6,1,25,,256006,35,0,57 6,1,75,,256007,35,0,57 6,1,30,,256008,35,0,57 6,1,20,,256009,13,0,34 6,1,55,,256010,35,0,57 6,1,10,,256011,13,0,34 6,1,20,,256012,35,0,57 6,1,70,,256013,35,0,57 6,1,42,,256014,34,0,7 6,1,98,,256015,12,0,5 6,1,100,,256016,12,0,5 6,1,196,,256017,12,0,5 6,1
2700,'20261111',611,,256018,34,0,7 6,1,30,,256019,34,0,7 6,1,69,,256020,35,0,57 6,1,25,,256021,35,0,57 6,1,20,,256022,35,0,57 6,1,70,,256023,35,0,57 6,1,25,,256024,35,0,57 6,1,75,,256025,35,0,57 6,1,30,,256026,34,0,7 6,1,92,,256027,34,0,7 6,1,100,,256028,34,0,7 6,1,100,,256029,12,0,5 6,1,105,,256030,12,0,5 6,1,105,,256031,12,0,5 6,1,148,,256032,13,0,34 6,1,25,,256033,35,0,57 6,1,75,,256034,35,0,57 6,1,30,,256035,35,0,57 6,1,20,,256036,13,0,34 6,1,55,,256037,35,0,57 6,1,10,,256038,13,0,34 6,1,20,,256039,35,0,57 6,1,70,,256040,35,0,57 6,1,42,,256041,34,0,7 6,1,98,,256042,12,0,5 6,1,100,,256043,12,0,5 6,1,196,,256044,12,0,5 6,1
2700,'20261112',611,,256045,34,0,7 6,1,30,,256046,34,0,7 6,1,69,,256047,35,0,57 6,1,25,,256048,35,0,57 6,1,20,,256049,35,0,57 6,1,70,,256050,35,0,57 6,1,25,,256051,35,0,57 6,1,75,,256052,35,0,57 6,1,30,,256053,34,0,7 6,1,92,,256054,34,0,7 6,1,100,,256055,34,0,7 6,1,100,,256056,12,0,5 6,1,105,,256057,12,0,5 6,1,105,,256058,12,0,5 6,1,148,,256059,13,0,34 6,1,25,,256060,35,0,57 6,1,75,,256061,35,0,57 6,1,30,,256062,35,0,57 6,1,20,,256063,13,0,34 6,1,55,,256064,35,0,57 6,1,10,,256065,13,0,34 6,1,20,,256066,35,0,57 6,1,70,,256067,35,0,57 6,1,42,,256068,34,0,7 6,1,98,,256069,12,0,5 6,1,100,,256070,12,0,5 6,1,196,,256071,12,0,5 6,1
2700,'20261113',611,,256072,34,0,7 6,1,30,,256073,34,0,7 6,1,69,,256074,35,0,57 6,1,25,,256075,35,0,57 6,1,20,,256076,35,0,57 6,1,70,,256077,35,0,57 6,1,25,,256078,35,0,57 6,1,75,,256079,35,0,57 6,1,30,,256080,34,0,7 6,1,92,,256081,34,0,7 6,1,100,,256082,34,0,7 6,1,100,,256083,12,0,5 6,1,105,,256084,12,0,5 6,1,105,,256085,12,0,5 6,1,148,,256086,13,0,34 6,1,25,,256087,35,0,57 6,1,75,,256088,35,0,57 6,1,30,,256089,35,0,57 6,1,20,,256090,13,0,34 6,1,55,,256091,35,0,57 6,1,10,,256092,13,0,34 6,1,20,,256093,35,0,57 6,1,70,,256094,35,0,57 6,1,42,,256095,34,0,7 6,1,98,,256096,12,0,5 6,1,100,,256097,12,0,5 6,1,196,,256098,12,0,5 6,1
2700,'20261114',636,,256099,34,0,7 6,1,105,,256100,12,0,5 6,1,100,,256101,12,0,5 6,1,102,,256102,12,0,5 6,1,103,,256103,12,0,5 6,1,105,,256104,12,0,5 6,1,105,,256105,12,0,5 6,1,100,,256106,12,0,5 6,1,100,,256107,12,0,5 6,1,145,,256108,12,0,5 6,1,100,,256109,12,0,5 6,1,100,,256110,12,0,5 6,1,55,,256111,12,0,5 6,1,100,,256112,12,0,5 6,1,95,,256113,12,0,5 6,1,95,,256114,12,0,5 6,1,195,,256115,12,0,5 6,1
2700,'20261115',636,,256116,34,0,7 6,1,105,,256117,12,0,5 6,1,100,,256118,12,0,5 6,1,102,,256119,12,0,5 6,1,103,,256120,12,0,5 6,1,105,,256121,12,0,5 6,1,105,,256122,12,0,5 6,1,100,,256123,12,0,5 6,1,100,,256124,12,0,5 6,1,145,,256125,12,0,5 6,1,100,,256126,12,0,5 6,1,100,,256127,12,0,5 6,1,55,,256128,12,0,5 6,1,100,,256129,12,0,5 6,1,95,,256130,12,0,5 6,1,95,,256131,12,0,5 6,1,195,,256132,12,0,5 6,1
2700,'20261116',611,,256133,34,0,7 6,1,30,,256134,34,0,7 6,1,69,,256135,35,0,57 6,1,25,,256136,35,0,57 6,1,20,,256137,35,0,57 6,1,70,,256138,35,0,57 6,1,25,,256139,35,0,57 6,1,75,,256140,35,0,57 6,1,30,,256141,34,0,7 6,1,92,,256142,34,0,7 6,1,100,,256143,34,0,7 6,1,100,,256144,12,0,5 6,1,105,,256145,12,0,5 6,1,105,,256146,12,0,5 6,1,148,,256147,13,0,34 6,1,25,,256148,35,0,57 6,1,75,,256149,35,0,57 6,1,30,,256150,35,0,57 6,1,20,,256151,13,0,34 6,1,55,,256152,35,0,57 6,1,10,,256153,13,0,34 6,1,20,,256154,35,0,57 6,1,70,,256155,35,0,57 6,1,42,,256156,34,0,7 6,1,98,,256157,12,0,5 6,1,100,,256158,12,0,5 6,1,196,,256159,12,0,5 6,1
2700,'20261117',611,,256160,34,0,7 6,1,30,,256161,34,0,7 6,1,69,,256162,35,0,57 6,1,25,,256163,35,0,57 6,1,20,,256164,35,0,57 6,1,70,,256165,35,0,57 6,1,25,,256166,35,0,57 6,1,75,,256167,35,0,57 6,1,30,,256168,34,0,7 6,1,92,,256169,34,0,7 6,1,100,,256170,34,0,7 6,1,100,,256171,12,0,5 6,1,105,,256172,12,0,5 6,1,105,,256173,12,0,5 6,1,148,,256174,13,0,34 6,1,25,,256175,35,0,57 6,1,75,,256176,35,0,57 6,1,30,,256177,35,0,57 6,1,20,,256178,13,0,34 6,1,55,,256179,35,0,57 6,1,10,,256180,13,0,34 6,1,20,,256181,35,0,57 6,1,70,,256182,35,0,57 6,1,42,,256183,34,0,7 6,1,98,,256184,12,0,5 6,1,100,,256185,12,0,5 6,1,196,,256186,12,0,5 6,1
2700,'20261118',611,,256187,34,0,7 6,1,30,,256188,34,0,7 6,1,69,,256189,35,0,57 6,1,25,,256190,35,0,57 6,1,20,,256191,35,0,57 6,1,70,,256192,35,0,57 6,1,25,,256193,35,0,57 6,1,75,,256194,35,0,57 6,1,30,,256195,34,0,7 6,1,92,,256196,34,0,7 6,1,100,,256197,34,0,7 6,1,100,,256198,12,0,5 6,1,105,,256199,12,0,5 6,1,105,,256200,12,0,5 6,1,148,,256201,13,0,34 6,1,25,,256202,35,0,57 6,1,75,,256203,35,0,57 6,1,30,,256204,35,0,57 6,1,20,,256205,13,0,34 6,1,55,,256206,35,0,57 6,1,10,,256207,13,0,34 6,1,20,,256208,35,0,57 6,1,70,,256209,35,0,57 6,1,42,,256210,34,0,7 6,1,98,,256211,12,0,5 6,1,100,,256212,12,0,5 6,1,196,,256213,12,0,5 6,1
2700,'20261119',611,,256214,34,0,7 6,1,30,,256215,34,0,7 6,1,69,,256216,35,0,57 6,1,25,,256217,35,0,57 6,1,20,,256218,35,0,57 6,1,70,,256219,35,0,57 6,1,25,,256220,35,0,57 6,1,75,,256221,35,0,57 6,1,30,,256222,34,0,7 6,1,92,,256223,34,0,7 6,1,100,,256224,34,0,7 6,1,100,,256225,12,0,5 6,1,105,,256226,12,0,5 6,1,105,,256227,12,0,5 6,1,148,,256228,13,0,34 6,1,25,,256229,35,0,57 6,1,75,,256230,35,0,57 6,1,30,,256231,35,0,57 6,1,20,,256232,13,0,34 6,1,55,,256233,35,0,57 6,1,10,,256234,13,0,34 6,1,20,,256235,35,0,57 6,1,70,,256236,35,0,57 6,1,42,,256237,34,0,7 6,1,98,,256238,12,0,5 6,1,100,,256239,12,0,5 6,1,196,,256240,12,0,5 6,1
2700,'20261120',611,,256241,34,0,7 6,1,30,,256242,34,0,7 6,1,69,,256243,35,0,57 6,1,25,,256244,35,0,57 6,1,20,,256245,35,0,57 6,1,70,,256246,35,0,57 6,1,25,,256247,35,0,57 6,1,75,,256248,35,0,57 6,1,30,,256249,34,0,7 6,1,92,,256250,34,0,7 6,1,100,,256251,34,0,7 6,1,100,,256252,12,0,5 6,1,105,,256253,12,0,5 6,1,105,,256254,12,0,5 6,1,148,,256255,13,0,34 6,1,25,,256256,35,0,57 6,1,75,,256257,35,0,57 6,1,30,,256258,35,0,57 6,1,20,,256259,13,0,34 6,1,55,,256260,35,0,57 6,1,10,,256261,13,0,34 6,1,20,,256262,35,0,57 6,1,70,,256263,35,0,57 6,1,42,,256264,34,0,7 6,1,98,,256265,12,0,5 6,1,100,,256266,12,0,5 6,1,196,,256267,12,0,5 6,1
2700,'20261121',636,,256268,34,0,7 6,1,105,,256269,12,0,5 6,1,100,,256270,12,0,5 6,1,102,,256271,12,0,5 6,1,103,,256272,12,0,5 6,1,105,,256273,12,0,5 6,1,105,,256274,12,0,5 6,1,100,,256275,12,0,5 6,1,100,,256276,12,0,5 6,1,145,,256277,12,0,5 6,1,100,,256278,12,0,5 6,1,100,,256279,12,0,5 6,1,55,,256280,12,0,5 6,1,100,,256281,12,0,5 6,1,95,,256282,12,0,5 6,1,95,,256283,12,0,5 6,1,195,,256284,12,0,5 6,1
2700,'20261122',636,,256285,34,0,7 6,1,105,,256286,12,0,5 6,1,100,,256287,12,0,5 6,1,102,,256288,12,0,5 6,1,103,,256289,12,0,5 6,1,105,,256290,12,0,5 6,1,105,,256291,12,0,5 6,1,100,,256292,12,0,5 6,1,100,,256293,12,0,5 6,1,145,,256294,12,0,5 6,1,100,,256295,12,0,5 6,1,100,,256296,12,0,5 6,1,55,,256297,12,0,5 6,1,100,,256298,12,0,5 6,1,95,,256299,12,0,5 6,1,95,,256300,12,0,5 6,1,195,,256301,12,0,5 6,1
2700,'20261123',611,,256302,34,0,7 6,1,30,,256303,34,0,7 6,1,69,,256304,35,0,57 6,1,25,,256305,35,0,57 6,1,20,,256306,35,0,57 6,1,70,,256307,35,0,57 6,1,25,,256308,35,0,57 6,1,75,,256309,35,0,57 6,1,30,,256310,34,0,7 6,1,92,,256311,34,0,7 6,1,100,,256312,34,0,7 6,1,100,,256313,12,0,5 6,1,105,,256314,12,0,5 6,1,105,,256315,12,0,5 6,1,148,,256316,13,0,34 6,1,25,,256317,35,0,57 6,1,75,,256318,35,0,57 6,1,30,,256319,35,0,57 6,1,20,,256320,13,0,34 6,1,55,,256321,35,0,57 6,1,10,,256322,13,0,34 6,1,20,,256323,35,0,57 6,1,70,,256324,35,0,57 6,1,42,,256325,34,0,7 6,1,98,,256326,12,0,5 6,1,100,,256327,12,0,5 6,1,196,,256328,12,0,5 6,1
2700,'20261124',611,,256329,34,0,7 6,1,30,,256330,34,0,7 6,1,69,,256331,35,0,57 6,1,25,,256332,35,0,57 6,1,20,,256333,35,0,57 6,1,70,,256334,35,0,57 6,1,25,,256335,35,0,57 6,1,75,,256336,35,0,57 6,1,30,,256337,34,0,7 6,1,92,,256338,34,0,7 6,1,100,,256339,34,0,7 6,1,100,,256340,12,0,5 6,1,105,,256341,12,0,5 6,1,105,,256342,12,0,5 6,1,148,,256343,13,0,34 6,1,25,,256344,35,0,57 6,1,75,,256345,35,0,57 6,1,30,,256346,35,0,57 6,1,20,,256347,13,0,34 6,1,55,,256348,35,0,57 6,1,10,,256349,13,0,34 6,1,20,,256350,35,0,57 6,1,70,,256351,35,0,57 6,1,42,,256352,34,0,7 6,1,98,,256353,12,0,5 6,1,100,,256354,12,0,5 6,1,196,,256355,12,0,5 6,1
2700,'20261125',611,,256356,34,0,7 6,1,30,,256357,34,0,7 6,1,69,,256358,35,0,57 6,1,25,,256359,35,0,57 6,1,20,,256360,35,0,57 6,1,70,,256361,35,0,57 6,1,25,,256362,35,0,57 6,1,75,,256363,35,0,57 6,1,30,,256364,34,0,7 6,1,92,,256365,34,0,7 6,1,100,,256366,34,0,7 6,1,100,,256367,12,0,5 6,1,105,,256368,12,0,5 6,1,105,,256369,12,0,5 6,1,148,,256370,13,0,34 6,1,25,,256371,35,0,57 6,1,75,,256372,35,0,57 6,1,30,,256373,35,0,57 6,1,20,,256374,13,0,34 6,1,55,,256375,35,0,57 6,1,10,,256376,13,0,34 6,1,20,,256377,35,0,57 6,1,70,,256378,35,0,57 6,1,42,,256379,34,0,7 6,1,98,,256380,12,0,5 6,1,100,,256381,12,0,5 6,1,196,,256382,12,0,5 6,1
2700,'20261126',611,,256383,34,0,7 6,1,30,,256384,34,0,7 6,1,69,,256385,35,0,57 6,1,25,,256386,35,0,57 6,1,20,,256387,35,0,57 6,1,70,,256388,35,0,57 6,1,25,,256389,35,0,57 6,1,75,,256390,35,0,57 6,1,30,,256391,34,0,7 6,1,92,,256392,34,0,7 6,1,100,,256393,34,0,7 6,1,100,,256394,12,0,5 6,1,105,,256395,12,0,5 6,1,105,,256396,12,0,5 6,1,148,,256397,13,0,34 6,1,25,,256398,35,0,57 6,1,75,,256399,35,0,57 6,1,30,,256400,35,0,57 6,1,20,,256401,13,0,34 6,1,55,,256402,35,0,57 6,1,10,,256403,13,0,34 6,1,20,,256404,35,0,57 6,1,70,,256405,35,0,57 6,1,42,,256406,34,0,7 6,1,98,,256407,12,0,5 6,1,100,,256408,12,0,5 6,1,196,,256409,12,0,5 6,1
2700,'20261127',611,,256410,34,0,7 6,1,30,,256411,34,0,7 6,1,69,,256412,35,0,57 6,1,25,,256413,35,0,57 6,1,20,,256414,35,0,57 6,1,70,,256415,35,0,57 6,1,25,,256416,35,0,57 6,1,75,,256417,35,0,57 6,1,30,,256418,34,0,7 6,1,92,,256419,34,0,7 6,1,100,,256420,34,0,7 6,1,100,,256421,12,0,5 6,1,105,,256422,12,0,5 6,1,105,,256423,12,0,5 6,1,148,,256424,13,0,34 6,1,25,,256425,35,0,57 6,1,75,,256426,35,0,57 6,1,30,,256427,35,0,57 6,1,20,,256428,13,0,34 6,1,55,,256429,35,0,57 6,1,10,,256430,13,0,34 6,1,20,,256431,35,0,57 6,1,70,,256432,35,0,57 6,1,42,,256433,34,0,7 6,1,98,,256434,12,0,5 6,1,100,,256435,12,0,5 6,1,196,,256436,12,0,5 6,1
6701,'20260917',710,,314909,9,,,1,35,,314910,9,,,1,80,,314911,9,,,1,80,,314912,9,,,1
6701,'20260918',710,,314913,9,,,1,35,,314914,9,,,1,80,,314915,9,,,1,80,,314916,9,,,1
6701,'20260921',710,,314917,9,,,1,35,,314918,9,,,1,80,,314919,9,,,1,80,,314920,9,,,1
6701,'20260922',710,,314921,9,,,1,35,,314922,9,,,1,80,,314923,9,,,1,80,,314924,9,,,1
6701,'20260923',710,,314925,9,,,1,35,,314926,9,,,1,80,,314927,9,,,1,80,,314928,9,,,1
6701,'20260924',710,,314929,9,,,1,35,,314930,9,,,1,80,,314931,9,,,1,80,,314932,9,,,1
6701,'20260925',710,,314933,9,,,1,35,,314934,9,,,1,80,,314935,9,,,1,80,,314936,9,,,1
6701,'20260928',710,,314937,9,,,1,35,,314938,9,,,1,80,,314939,9,,,1,80,,314940,9,,,1
6701,'20260929',710,,314941,9,,,1,35,,314942,9,,,1,80,,314943,9,,,1,80,,314944,9,,,1
6701,'20260930',710,,314945,9,,,1,35,,314946,9,,,1,80,,314947,9,,,1,80,,314948,9,,,1
6701,'20261001',710,,314949,9,,,1,35,,314950,9,,,1,80,,314951,9,,,1,80,,314952,9,,,1
6701,'20261002',710,,314953,9,,,1,35,,314954,9,,,1,80,,314955,9,,,1,80,,314956,9,,,1
6701,'20261005',710,,314957,9,,,1,35,,314958,9,,,1,80,,314959,9,,,1,80,,314960,9,,,1
6701,'20261006',710,,314961,9,,,1,35,,314962,9,,,1,80,,314963,9,,,1,80,,314964,9,,,1
6701,'20261007',710,,314965,9,,,1,35,,314966,9,,,1,80,,314967,9,,,1,80,,314968,9,,,1
6701,'20261008',710,,314969,9,,,1,35,,314970,9,,,1,80,,314971,9,,,1,80,,314972,9,,,1
6701,'20261009',710,,314973,9,,,1,35,,314974,9,,,1,80,,314975,9,,,1,80,,314976,9,,,1
6701,'20261013',710,,314977,9,,,1,35,,314978,9,,,1,80,,314979,9,,,1,80,,314980,9,,,1
6701,'20261014',710,,314981,9,,,1,35,,314982,9,,,1,80,,314983,9,,,1,80,,314984,9,,,1
6701,'20261015',710,,314985,9,,,1,35,,314986,9,,,1,80,,314987,9,,,1,80,,314988,9,,,1
6701,'20261016',710,,314989,9,,,1,35,,314990,9,,,1,80,,314991,9,,,1,80,,314992,9,,,1
6701,'20261019',710,,314993,9,,,1,35,,314994,9,,,1,80,,314995,9,,,1,80,,314996,9,,,1
6701,'20261020',710,,314997,9,,,1,35,,314998,9,,,1,80,,314999,9,,,1,80,,315000,9,,,1
6701,'20261021',710,,315001,9,,,1,35,,315002,9,,,1,80,,315003,9,,,1,80,,315004,9,,,1
6701,'20261022',710,,315005,9,,,1,35,,315006,9,,,1,80,,315007,9,,,1,80,,315008,9,,,1
6701,'20261023',710,,315009,9,,,1,35,,315010,9,,,1,80,,315011,9,,,1,80,,315012,9,,,1
6701,'20261026',710,,315013,9,,,1,35,,315014,9,,,1,80,,315015,9,,,1,80,,315016,9,,,1
6701,'20261027',710,,315017,9,,,1,35,,315018,9,,,1,80,,315019,9,,,1,80,,315020,9,,,1
6701,'20261028',710,,315021,9,,,1,35,,315022,9,,,1,80,,315023,9,,,1,80,,315024,9,,,1
6701,'20261029',710,,315025,9,,,1,35,,315026,9,,,1,80,,315027,9,,,1,80,,315028,9,,,1
6701,'20261030',710,,315029,9,,,1,35,,315030,9,,,1,80,,315031,9,,,1,80,,315032,9,,,1
6701,'20261102',710,,315033,9,,,1,35,,315034,9,,,1,80,,315035,9,,,1,80,,315036,9,,,1
6701,'20261103',710,,315037,9,,,1,35,,315038,9,,,1,80,,315039,9,,,1,80,,315040,9,,,1
6701,'20261104',710,,315041,9,,,1,35,,315042,9,,,1,80,,315043,9,,,1,80,,315044,9,,,1
6701,'20261105',710,,315045,9,,,1,35,,315046,9,,,1,80,,315047,9,,,1,80,,315048,9,,,1
6701,'20261106',710,,315049,9,,,1,35,,315050,9,,,1,80,,315051,9,,,1,80,,315052,9,,,1
6701,'20261109',710,,315053,9,,,1,35,,315054,9,,,1,80,,315055,9,,,1,80,,315056,9,,,1
6701,'20261110',710,,315057,9,,,1,35,,315058,9,,,1,80,,315059,9,,,1,80,,315060,9,,,1
6701,'20261111',710,,315061,9,,,1,35,,315062,9,,,1,80,,315063,9,,,1,80,,315064,9,,,1
6701,'20261112',710,,315065,9,,,1,35,,315066,9,,,1,80,,315067,9,,,1,80,,315068,9,,,1
6701,'20261113',710,,315069,9,,,1,35,,315070,9,,,1,80,,315071,9,,,1,80,,315072,9,,,1
6701,'20261116',710,,315073,9,,,1,35,,315074,9,,,1,80,,315075,9,,,1,80,,315076,9,,,1
6701,'20261117',710,,315077,9,,,1,35,,315078,9,,,1,80,,315079,9,,,1,80,,315080,9,,,1
6701,'20261118',710,,315081,9,,,1,35,,315082,9,,,1,80,,315083,9,,,1,80,,315084,9,,,1
6701,'20261119',710,,315085,9,,,1,35,,315086,9,,,1,80,,315087,9,,,1,80,,315088,9,,,1
6701,'20261120',710,,315089,9,,,1,35,,315090,9,,,1,80,,315091,9,,,1,80,,315092,9,,,1
6701,'20261123',710,,315093,9,,,1,35,,315094,9,,,1,80,,315095,9,,,1,80,,315096,9,,,1
6701,'20261124',710,,315097,9,,,1,35,,315098,9,,,1,80,,315099,9,,,1,80,,315100,9,,,1
6701,'20261125',710,,315101,9,,,1,35,,315102,9,,,1,80,,315103,9,,,1,80,,315104,9,,,1
6701,'20261126',710,,315105,9,,,1,35,,315106,9,,,1,80,,315107,9,,,1,80,,315108,9,,,1
6701,'20261127',710,,315109,9,,,1,35,,315110,9,,,1,80,,315111,9,,,1,80,,315112,9,,,1
9601,'20260917',551,,331384,7,0,5 6,1,85,,331385,7,0,5 6,1,77,,331386,7,0,5 6,1,30,,331387,7,0,5 6,1,62,,331388,7,0,5 6,1,15,,331389,7,0,5 6,1,83,,331390,7,0,5 6,1,40,,331391,7,0,5 6,1,190,,331392,7,0,5 6,1,202,,331393,7,0,5 6,1,200,,331394,7,0,5 6,1,200,,331395,7,0,5 6,1,100,,331396,7,0,5 6,1,193,,331397,7,0,5 6,1
9601,'20260918',551,,331398,7,0,5 6,1,85,,331399,7,0,5 6,1,77,,331400,7,0,5 6,1,30,,331401,7,0,5 6,1,77,,331402,7,0,5 6,1,83,,331403,7,0,5 6,1,40,,331404,7,0,5 6,1,190,,331405,7,0,5 6,1,202,,331406,7,0,5 6,1,200,,331407,7,0,5 6,1,200,,331408,7,0,5 6,1,100,,331409,7,0,5 6,1,193,,331410,7,0,5 6,1
9601,'20260919',721,,331411,7,0,5 6,1,200,,331412,7,0,5 6,1,207,,331413,7,0,5 6,1,105,,331414,7,0,5 6,1,105,,331415,7,0,5 6,1,100,,331416,7,0,5 6,1,100,,331417,7,0,5 6,1,102,,331418,7,0,5 6,1,100,,331419,7,0,5 6,1,198,,331420,7,0,5 6,1,190,,331421,7,0,5 6,1
9601,'20260920',721,,331422,7,0,5 6,1,200,,331423,7,0,5 6,1,207,,331424,7,0,5 6,1,105,,331425,7,0,5 6,1,105,,331426,7,0,5 6,1,100,,331427,7,0,5 6,1,100,,331428,7,0,5 6,1,102,,331429,7,0,5 6,1,100,,331430,7,0,5 6,1,198,,331431,7,0,5 6,1,190,,331432,7,0,5 6,1
9601,'20260921',551,,331433,7,0,5 6,1,85,,331434,7,0,5 6,1,77,,331435,7,0,5 6,1,30,,331436,7,0,5 6,1,62,,331437,7,0,5 6,1,15,,331438,7,0,5 6,1,83,,331439,7,0,5 6,1,40,,331440,7,0,5 6,1,190,,331441,7,0,5 6,1,202,,331442,7,0,5 6,1,200,,331443,7,0,5 6,1,200,,331444,7,0,5 6,1,100,,331445,7,0,5 6,1,193,,331446,7,0,5 6,1
9601,'20260922',551,,331447,7,0,5 6,1,85,,331448,7,0,5 6,1,77,,331449,7,0,5 6,1,30,,331450,7,0,5 6,1,62,,331451,7,0,5 6,1,15,,331452,7,0,5 6,1,83,,331453,7,0,5 6,1,40,,331454,7,0,5 6,1,190,,331455,7,0,5 6,1,202,,331456,7,0,5 6,1,200,,331457,7,0,5 6,1,200,,331458,7,0,5 6,1,100,,331459,7,0,5 6,1,193,,331460,7,0,5 6,1
9601,'20260923',551,,331461,7,0,5 6,1,85,,331462,7,0,5 6,1,77,,331463,7,0,5 6,1,30,,331464,7,0,5 6,1,62,,331465,7,0,5 6,1,15,,331466,7,0,5 6,1,83,,331467,7,0,5 6,1,40,,331468,7,0,5 6,1,190,,331469,7,0,5 6,1,202,,331470,7,0,5 6,1,200,,331471,7,0,5 6,1,200,,331472,7,0,5 6,1,100,,331473,7,0,5 6,1,193,,331474,7,0,5 6,1
9601,'20260924',551,,331475,7,0,5 6,1,85,,331476,7,0,5 6,1,77,,331477,7,0,5 6,1,30,,331478,7,0,5 6,1,62,,331479,7,0,5 6,1,15,,331480,7,0,5 6,1,83,,331481,7,0,5 6,1,40,,331482,7,0,5 6,1,190,,331483,7,0,5 6,1,202,,331484,7,0,5 6,1,200,,331485,7,0,5 6,1,200,,331486,7,0,5 6,1,100,,331487,7,0,5 6,1,193,,331488,7,0,5 6,1
9601,'20260925',551,,331489,7,0,5 6,1,85,,331490,7,0,5 6,1,77,,331491,7,0,5 6,1,30,,331492,7,0,5 6,1,77,,331493,7,0,5 6,1,83,,331494,7,0,5 6,1,40,,331495,7,0,5 6,1,190,,331496,7,0,5 6,1,202,,331497,7,0,5 6,1,200,,331498,7,0,5 6,1,200,,331499,7,0,5 6,1,100,,331500,7,0,5 6,1,193,,331501,7,0,5 6,1
9601,'20260926',721,,331502,7,0,5 6,1,200,,331503,7,0,5 6,1,207,,331504,7,0,5 6,1,105,,331505,7,0,5 6,1,105,,331506,7,0,5 6,1,100,,331507,7,0,5 6,1,100,,331508,7,0,5 6,1,102,,331509,7,0,5 6,1,100,,331510,7,0,5 6,1,198,,331511,7,0,5 6,1,190,,331512,7,0,5 6,1
9601,'20260927',721,,331513,7,0,5 6,1,200,,331514,7,0,5 6,1,207,,331515,7,0,5 6,1,105,,331516,7,0,5 6,1,105,,331517,7,0,5 6,1,100,,331518,7,0,5 6,1,100,,331519,7,0,5 6,1,102,,331520,7,0,5 6,1,100,,331521,7,0,5 6,1,198,,331522,7,0,5 6,1,190,,331523,7,0,5 6,1
9601,'20260928',551,,331524,7,0,5 6,1,85,,331525,7,0,5 6,1,77,,331526,7,0,5 6,1,30,,331527,7,0,5 6,1,62,,331528,7,0,5 6,1,15,,331529,7,0,5 6,1,83,,331530,7,0,5 6,1,40,,331531,7,0,5 6,1,190,,331532,7,0,5 6,1,202,,331533,7,0,5 6,1,200,,331534,7,0,5 6,1,200,,331535,7,0,5 6,1,100,,331536,7,0,5 6,1,193,,331537,7,0,5 6,1
9601,'20260929',551,,331538,7,0,5 6,1,85,,331539,7,0,5 6,1,77,,331540,7,0,5 6,1,30,,331541,7,0,5 6,1,62,,331542,7,0,5 6,1,15,,331543,7,0,5 6,1,83,,331544,7,0,5 6,1,40,,331545,7,0,5 6,1,190,,331546,7,0,5 6,1,202,,331547,7,0,5 6,1,200,,331548,7,0,5 6,1,200,,331549,7,0,5 6,1,100,,331550,7,0,5 6,1,193,,331551,7,0,5 6,1
9601,'20260930',551,,331552,7,0,5 6,1,85,,331553,7,0,5 6,1,77,,331554,7,0,5 6,1,30,,331555,7,0,5 6,1,62,,331556,7,0,5 6,1,15,,331557,7,0,5 6,1,83,,331558,7,0,5 6,1,40,,331559,7,0,5 6,1,190,,331560,7,0,5 6,1,202,,331561,7,0,5 6,1,200,,331562,7,0,5 6,1,200,,331563,7,0,5 6,1,100,,331564,7,0,5 6,1,193,,331565,7,0,5 6,1
9601,'20261001',551,,331566,7,0,5 6,1,85,,331567,7,0,5 6,1,77,,331568,7,0,5 6,1,30,,331569,7,0,5 6,1,62,,331570,7,0,5 6,1,15,,331571,7,0,5 6,1,83,,331572,7,0,5 6,1,40,,331573,7,0,5 6,1,190,,331574,7,0,5 6,1,202,,331575,7,0,5 6,1,200,,331576,7,0,5 6,1,200,,331577,7,0,5 6,1,100,,331578,7,0,5 6,1,193,,331579,7,0,5 6,1
9601,'20261002',551,,331580,7,0,5 6,1,85,,331581,7,0,5 6,1,77,,331582,7,0,5 6,1,30,,331583,7,0,5 6,1,77,,331584,7,0,5 6,1,83,,331585,7,0,5 6,1,40,,331586,7,0,5 6,1,190,,331587,7,0,5 6,1,202,,331588,7,0,5 6,1,200,,331589,7,0,5 6,1,200,,331590,7,0,5 6,1,100,,331591,7,0,5 6,1,193,,331592,7,0,5 6,1
9601,'20261003',721,,331593,7,0,5 6,1,200,,331594,7,0,5 6,1,207,,331595,7,0,5 6,1,105,,331596,7,0,5 6,1,105,,331597,7,0,5 6,1,100,,331598,7,0,5 6,1,100,,331599,7,0,5 6,1,102,,331600,7,0,5 6,1,100,,331601,7,0,5 6,1,198,,331602,7,0,5 6,1,190,,331603,7,0,5 6,1
9601,'20261004',721,,331604,7,0,5 6,1,200,,331605,7,0,5 6,1,207,,331606,7,0,5 6,1,105,,331607,7,0,5 6,1,105,,331608,7,0,5 6,1,100,,331609,7,0,5 6,1,100,,331610,7,0,5 6,1,102,,331611,7,0,5 6,1,100,,331612,7,0,5 6,1,198,,331613,7,0,5 6,1,190,,331614,7,0,5 6,1
9601,'20261005',551,,331615,7,0,5 6,1,85,,331616,7,0,5 6,1,77,,331617,7,0,5 6,1,30,,331618,7,0,5 6,1,62,,331619,7,0,5 6,1,15,,331620,7,0,5 6,1,83,,331621,7,0,5 6,1,40,,331622,7,0,5 6,1,190,,331623,7,0,5 6,1,202,,331624,7,0,5 6,1,200,,331625,7,0,5 6,1,200,,331626,7,0,5 6,1,100,,331627,7,0,5 6,1,193,,331628,7,0,5 6,1
9601,'20261006',551,,331629,7,0,5 6,1,85,,331630,7,0,5 6,1,77,,331631,7,0,5 6,1,30,,331632,7,0,5 6,1,62,,331633,7,0,5 6,1,15,,331634,7,0,5 6,1,83,,331635,7,0,5 6,1,40,,331636,7,0,5 6,1,190,,331637,7,0,5 6,1,202,,331638,7,0,5 6,1,200,,331639,7,0,5 6,1,200,,331640,7,0,5 6,1,100,,331641,7,0,5 6,1,193,,331642,7,0,5 6,1
9601,'20261007',551,,331643,7,0,5 6,1,85,,331644,7,0,5 6,1,77,,331645,7,0,5 6,1,30,,331646,7,0,5 6,1,62,,331647,7,0,5 6,1,15,,331648,7,0,5 6,1,83,,331649,7,0,5 6,1,40,,331650,7,0,5 6,1,190,,331651,7,0,5 6,1,202,,331652,7,0,5 6,1,200,,331653,7,0,5 6,1,200,,331654,7,0,5 6,1,100,,331655,7,0,5 6,1,193,,331656,7,0,5 6,1
9601,'20261008',551,,331657,7,0,5 6,1,85,,331658,7,0,5 6,1,77,,331659,7,0,5 6,1,30,,331660,7,0,5 6,1,62,,331661,7,0,5 6,1,15,,331662,7,0,5 6,1,83,,331663,7,0,5 6,1,40,,331664,7,0,5 6,1,190,,331665,7,0,5 6,1,202,,331666,7,0,5 6,1,200,,331667,7,0,5 6,1,200,,331668,7,0,5 6,1,100,,331669,7,0,5 6,1,193,,331670,7,0,5 6,1
9601,'20261009',551,,331671,7,0,5 6,1,85,,331672,7,0,5 6,1,77,,331673,7,0,5 6,1,30,,331674,7,0,5 6,1,77,,331675,7,0,5 6,1,83,,331676,7,0,5 6,1,40,,331677,7,0,5 6,1,190,,331678,7,0,5 6,1,202,,331679,7,0,5 6,1,200,,331680,7,0,5 6,1,200,,331681,7,0,5 6,1,100,,331682,7,0,5 6,1,193,,331683,7,0,5 6,1
9601,'20261010',721,,331684,7,0,5 6,1,200,,331685,7,0,5 6,1,207,,331686,7,0,5 6,1,105,,331687,7,0,5 6,1,105,,331688,7,0,5 6,1,100,,331689,7,0,5 6,1,100,,331690,7,0,5 6,1,102,,331691,7,0,5 6,1,100,,331692,7,0,5 6,1,198,,331693,7,0,5 6,1,190,,331694,7,0,5 6,1
9601,'20261011',721,,331695,7,0,5 6,1,200,,331696,7,0,5 6,1,207,,331697,7,0,5 6,1,105,,331698,7,0,5 6,1,105,,331699,7,0,5 6,1,100,,331700,7,0,5 6,1,100,,331701,7,0,5 6,1,102,,331702,7,0,5 6,1,100,,331703,7,0,5 6,1,198,,331704,7,0,5 6,1,190,,331705,7,0,5 6,1
9601,'20261012',721,,331706,7,0,5 6,1,200,,331707,7,0,5 6,1,207,,331708,7,0,5 6,1,105,,331709,7,0,5 6,1,105,,331710,7,0,5 6,1,100,,331711,7,0,5 6,1,100,,331712,7,0,5 6,1,102,,331713,7,0,5 6,1,100,,331714,7,0,5 6,1,198,,331715,7,0,5 6,1,190,,331716,7,0,5 6,1
9601,'20261013',551,,331717,7,0,5 6,1,85,,331718,7,0,5 6,1,77,,331719,7,0,5 6,1,30,,331720,7,0,5 6,1,62,,331721,7,0,5 6,1,15,,331722,7,0,5 6,1,83,,331723,7,0,5 6,1,40,,331724,7,0,5 6,1,190,,331725,7,0,5 6,1,202,,331726,7,0,5 6,1,200,,331727,7,0,5 6,1,200,,331728,7,0,5 6,1,100,,331729,7,0,5 6,1,193,,331730,7,0,5 6,1
9601,'20261014',551,,331731,7,0,5 6,1,85,,331732,7,0,5 6,1,77,,331733,7,0,5 6,1,30,,331734,7,0,5 6,1,62,,331735,7,0,5 6,1,15,,331736,7,0,5 6,1,83,,331737,7,0,5 6,1,40,,331738,7,0,5 6,1,190,,331739,7,0,5 6,1,202,,331740,7,0,5 6,1,200,,331741,7,0,5 6,1,200,,331742,7,0,5 6,1,100,,331743,7,0,5 6,1,193,,331744,7,0,5 6,1
9601,'20261015',551,,331745,7,0,5 6,1,85,,331746,7,0,5 6,1,77,,331747,7,0,5 6,1,30,,331748,7,0,5 6,1,62,,331749,7,0,5 6,1,15,,331750,7,0,5 6,1,83,,331751,7,0,5 6,1,40,,331752,7,0,5 6,1,190,,331753,7,0,5 6,1,202,,331754,7,0,5 6,1,200,,331755,7,0,5 6,1,200,,331756,7,0,5 6,1,100,,331757,7,0,5 6,1,193,,331758,7,0,5 6,1
9601,'20261016',551,,331759,7,0,5 6,1,85,,331760,7,0,5 6,1,77,,331761,7,0,5 6,1,30,,331762,7,0,5 6,1,77,,331763,7,0,5 6,1,83,,331764,7,0,5 6,1,40,,331765,7,0,5 6,1,190,,331766,7,0,5 6,1,202,,331767,7,0,5 6,1,200,,331768,7,0,5 6,1,200,,331769,7,0,5 6,1,100,,331770,7,0,5 6,1,193,,331771,7,0,5 6,1
9601,'20261017',721,,331772,7,0,5 6,1,200,,331773,7,0,5 6,1,207,,331774,7,0,5 6,1,105,,331775,7,0,5 6,1,105,,331776,7,0,5 6,1,100,,331777,7,0,5 6,1,100,,331778,7,0,5 6,1,102,,331779,7,0,5 6,1,100,,331780,7,0,5 6,1,198,,331781,7,0,5 6,1,190,,331782,7,0,5 6,1
9601,'20261018',721,,331783,7,0,5 6,1,200,,331784,7,0,5 6,1,207,,331785,7,0,5 6,1,105,,331786,7,0,5 6,1,105,,331787,7,0,5 6,1,100,,331788,7,0,5 6,1,100,,331789,7,0,5 6,1,102,,331790,7,0,5 6,1,100,,331791,7,0,5 6,1,198,,331792,7,0,5 6,1,190,,331793,7,0,5 6,1
9601,'20261019',551,,331794,7,0,5 6,1,85,,331795,7,0,5 6,1,77,,331796,7,0,5 6,1,30,,331797,7,0,5 6,1,62,,331798,7,0,5 6,1,15,,331799,7,0,5 6,1,83,,331800,7,0,5 6,1,40,,331801,7,0,5 6,1,190,,331802,7,0,5 6,1,202,,331803,7,0,5 6,1,200,,331804,7,0,5 6,1,200,,331805,7,0,5 6,1,100,,331806,7,0,5 6,1,193,,331807,7,0,5 6,1
9601,'20261020',551,,331808,7,0,5 6,1,85,,331809,7,0,5 6,1,77,,331810,7,0,5 6,1,30,,331811,7,0,5 6,1,62,,331812,7,0,5 6,1,15,,331813,7,0,5 6,1,83,,331814,7,0,5 6,1,40,,331815,7,0,5 6,1,190,,331816,7,0,5 6,1,202,,331817,7,0,5 6,1,200,,331818,7,0,5 6,1,200,,331819,7,0,5 6,1,100,,331820,7,0,5 6,1,193,,331821,7,0,5 6,1
9601,'20261021',551,,331822,7,0,5 6,1,85,,331823,7,0,5 6,1,77,,331824,7,0,5 6,1,30,,331825,7,0,5 6,1,62,,331826,7,0,5 6,1,15,,331827,7,0,5 6,1,83,,331828,7,0,5 6,1,40,,331829,7,0,5 6,1,190,,331830,7,0,5 6,1,202,,331831,7,0,5 6,1,200,,331832,7,0,5 6,1,200,,331833,7,0,5 6,1,100,,331834,7,0,5 6,1,193,,331835,7,0,5 6,1
9601,'20261022',551,,331836,7,0,5 6,1,85,,331837,7,0,5 6,1,77,,331838,7,0,5 6,1,30,,331839,7,0,5 6,1,62,,331840,7,0,5 6,1,15,,331841,7,0,5 6,1,83,,331842,7,0,5 6,1,40,,331843,7,0,5 6,1,190,,331844,7,0,5 6,1,202,,331845,7,0,5 6,1,200,,331846,7,0,5 6,1,200,,331847,7,0,5 6,1,100,,331848,7,0,5 6,1,193,,331849,7,0,5 6,1
9601,'20261023',551,,331850,7,0,5 6,1,85,,331851,7,0,5 6,1,77,,331852,7,0,5 6,1,30,,331853,7,0,5 6,1,77,,331854,7,0,5 6,1,83,,331855,7,0,5 6,1,40,,331856,7,0,5 6,1,190,,331857,7,0,5 6,1,202,,331858,7,0,5 6,1,200,,331859,7,0,5 6,1,200,,331860,7,0,5 6,1,100,,331861,7,0,5 6,1,193,,331862,7,0,5 6,1
9601,'20261024',721,,331863,7,0,5 6,1,200,,331864,7,0,5 6,1,207,,331865,7,0,5 6,1,105,,331866,7,0,5 6,1,105,,331867,7,0,5 6,1,100,,331868,7,0,5 6,1,100,,331869,7,0,5 6,1,102,,331870,7,0,5 6,1,100,,331871,7,0,5 6,1,198,,331872,7,0,5 6,1,190,,331873,7,0,5 6,1
9601,'20261025',721,,331874,7,0,5 6,1,200,,331875,7,0,5 6,1,207,,331876,7,0,5 6,1,105,,331877,7,0,5 6,1,105,,331878,7,0,5 6,1,100,,331879,7,0,5 6,1,100,,331880,7,0,5 6,1,102,,331881,7,0,5 6,1,100,,331882,7,0,5 6,1,198,,331883,7,0,5 6,1,190,,331884,7,0,5 6,1
9601,'20261026',551,,331885,7,0,5 6,1,85,,331886,7,0,5 6,1,77,,331887,7,0,5 6,1,30,,331888,7,0,5 6,1,62,,331889,7,0,5 6,1,15,,331890,7,0,5 6,1,83,,331891,7,0,5 6,1,40,,331892,7,0,5 6,1,190,,331893,7,0,5 6,1,202,,331894,7,0,5 6,1,200,,331895,7,0,5 6,1,200,,331896,7,0,5 6,1,100,,331897,7,0,5 6,1,193,,331898,7,0,5 6,1
9601,'20261027',551,,331899,7,0,5 6,1,85,,331900,7,0,5 6,1,77,,331901,7,0,5 6,1,30,,331902,7,0,5 6,1,62,,331903,7,0,5 6,1,15,,331904,7,0,5 6,1,83,,331905,7,0,5 6,1,40,,331906,7,0,5 6,1,190,,331907,7,0,5 6,1,202,,331908,7,0,5 6,1,200,,331909,7,0,5 6,1,200,,331910,7,0,5 6,1,100,,331911,7,0,5 6,1,193,,331912,7,0,5 6,1
9601,'20261028',551,,331913,7,0,5 6,1,85,,331914,7,0,5 6,1,77,,331915,7,0,5 6,1,30,,331916,7,0,5 6,1,62,,331917,7,0,5 6,1,15,,331918,7,0,5 6,1,83,,331919,7,0,5 6,1,40,,331920,7,0,5 6,1,190,,331921,7,0,5 6,1,202,,331922,7,0,5 6,1,200,,331923,7,0,5 6,1,200,,331924,7,0,5 6,1,100,,331925,7,0,5 6,1,193,,331926,7,0,5 6,1
9601,'20261029',551,,331927,7,0,5 6,1,85,,331928,7,0,5 6,1,77,,331929,7,0,5 6,1,30,,331930,7,0,5 6,1,62,,331931,7,0,5 6,1,15,,331932,7,0,5 6,1,83,,331933,7,0,5 6,1,40,,331934,7,0,5 6,1,190,,331935,7,0,5 6,1,202,,331936,7,0,5 6,1,200,,331937,7,0,5 6,1,200,,331938,7,0,5 6,1,100,,331939,7,0,5 6,1,193,,331940,7,0,5 6,1
9601,'20261030',551,,331941,7,0,5 6,1,85,,331942,7,0,5 6,1,77,,331943,7,0,5 6,1,30,,331944,7,0,5 6,1,77,,331945,7,0,5 6,1,83,,331946,7,0,5 6,1,40,,331947,7,0,5 6,1,190,,331948,7,0,5 6,1,202,,331949,7,0,5 6,1,200,,331950,7,0,5 6,1,200,,331951,7,0,5 6,1,100,,331952,7,0,5 6,1,193,,331953,7,0,5 6,1
9601,'20261031',721,,331954,7,0,5 6,1,200,,331955,7,0,5 6,1,207,,331956,7,0,5 6,1,105,,331957,7,0,5 6,1,105,,331958,7,0,5 6,1,100,,331959,7,0,5 6,1,100,,331960,7,0,5 6,1,102,,331961,7,0,5 6,1,100,,331962,7,0,5 6,1,198,,331963,7,0,5 6,1,190,,331964,7,0,5 6,1
9601,'20261101',721,,331965,7,0,5 6,1,200,,331966,7,0,5 6,1,207,,331967,7,0,5 6,1,105,,331968,7,0,5 6,1,105,,331969,7,0,5 6,1,100,,331970,7,0,5 6,1,100,,331971,7,0,5 6,1,102,,331972,7,0,5 6,1,100,,331973,7,0,5 6,1,198,,331974,7,0,5 6,1,190,,331975,7,0,5 6,1
9601,'20261102',551,,331976,7,0,5 6,1,85,,331977,7,0,5 6,1,77,,331978,7,0,5 6,1,30,,331979,7,0,5 6,1,62,,331980,7,0,5 6,1,15,,331981,7,0,5 6,1,83,,331982,7,0,5 6,1,40,,331983,7,0,5 6,1,190,,331984,7,0,5 6,1,202,,331985,7,0,5 6,1,200,,331986,7,0,5 6,1,200,,331987,7,0,5 6,1,100,,331988,7,0,5 6,1,193,,331989,7,0,5 6,1
9601,'20261103',551,,331990,7,0,5 6,1,85,,331991,7,0,5 6,1,77,,331992,7,0,5 6,1,30,,331993,7,0,5 6,1,62,,331994,7,0,5 6,1,15,,331995,7,0,5 6,1,83,,331996,7,0,5 6,1,40,,331997,7,0,5 6,1,190,,331998,7,0,5 6,1,202,,331999,7,0,5 6,1,200,,332000,7,0,5 6,1,200,,332001,7,0,5 6,1,100,,332002,7,0,5 6,1,193,,332003,7,0,5 6,1
9601,'20261104',551,,332004,7,0,5 6,1,85,,332005,7,0,5 6,1,77,,332006,7,0,5 6,1,30,,332007,7,0,5 6,1,62,,332008,7,0,5 6,1,15,,332009,7,0,5 6,1,83,,332010,7,0,5 6,1,40,,332011,7,0,5 6,1,190,,332012,7,0,5 6,1,202,,332013,7,0,5 6,1,200,,332014,7,0,5 6,1,200,,332015,7,0,5 6,1,100,,332016,7,0,5 6,1,193,,332017,7,0,5 6,1
9601,'20261105',551,,332018,7,0,5 6,1,85,,332019,7,0,5 6,1,77,,332020,7,0,5 6,1,30,,332021,7,0,5 6,1,62,,332022,7,0,5 6,1,15,,332023,7,0,5 6,1,83,,332024,7,0,5 6,1,40,,332025,7,0,5 6,1,190,,332026,7,0,5 6,1,202,,332027,7,0,5 6,1,200,,332028,7,0,5 6,1,200,,332029,7,0,5 6,1,100,,332030,7,0,5 6,1,193,,332031,7,0,5 6,1
9601,'20261106',551,,332032,7,0,5 6,1,85,,332033,7,0,5 6,1,77,,332034,7,0,5 6,1,30,,332035,7,0,5 6,1,77,,332036,7,0,5 6,1,83,,332037,7,0,5 6,1,40,,332038,7,0,5 6,1,190,,332039,7,0,5 6,1,202,,332040,7,0,5 6,1,200,,332041,7,0,5 6,1,200,,332042,7,0,5 6,1,100,,332043,7,0,5 6,1,193,,332044,7,0,5 6,1
9601,'20261107',721,,332045,7,0,5 6,1,200,,332046,7,0,5 6,1,207,,332047,7,0,5 6,1,105,,332048,7,0,5 6,1,105,,332049,7,0,5 6,1,100,,332050,7,0,5 6,1,100,,332051,7,0,5 6,1,102,,332052,7,0,5 6,1,100,,332053,7,0,5 6,1,198,,332054,7,0,5 6,1,190,,332055,7,0,5 6,1
9601,'20261108',721,,332056,7,0,5 6,1,200,,332057,7,0,5 6,1,207,,332058,7,0,5 6,1,105,,332059,7,0,5 6,1,105,,332060,7,0,5 6,1,100,,332061,7,0,5 6,1,100,,332062,7,0,5 6,1,102,,332063,7,0,5 6,1,100,,332064,7,0,5 6,1,198,,332065,7,0,5 6,1,190,,332066,7,0,5 6,1
9601,'20261109',551,,332067,7,0,5 6,1,85,,332068,7,0,5 6,1,77,,332069,7,0,5 6,1,30,,332070,7,0,5 6,1,62,,332071,7,0,5 6,1,15,,332072,7,0,5 6,1,83,,332073,7,0,5 6,1,40,,332074,7,0,5 6,1,190,,332075,7,0,5 6,1,202,,332076,7,0,5 6,1,200,,332077,7,0,5 6,1,200,,332078,7,0,5 6,1,100,,332079,7,0,5 6,1,193,,332080,7,0,5 6,1
9601,'20261110',551,,332081,7,0,5 6,1,85,,332082,7,0,5 6,1,77,,332083,7,0,5 6,1,30,,332084,7,0,5 6,1,62,,332085,7,0,5 6,1,15,,332086,7,0,5 6,1,83,,332087,7,0,5 6,1,40,,332088,7,0,5 6,1,190,,332089,7,0,5 6,1,202,,332090,7,0,5 6,1,200,,332091,7,0,5 6,1,200,,332092,7,0,5 6,1,100,,332093,7,0,5 6,1,193,,332094,7,0,5 6,1
9601,'20261111',551,,332095,7,0,5 6,1,85,,332096,7,0,5 6,1,77,,332097,7,0,5 6,1,30,,332098,7,0,5 6,1,62,,332099,7,0,5 6,1,15,,332100,7,0,5 6,1,83,,332101,7,0,5 6,1,40,,332102,7,0,5 6,1,190,,332103,7,0,5 6,1,202,,332104,7,0,5 6,1,200,,332105,7,0,5 6,1,200,,332106,7,0,5 6,1,100,,332107,7,0,5 6,1,193,,332108,7,0,5 6,1
9601,'20261112',551,,332109,7,0,5 6,1,85,,332110,7,0,5 6,1,77,,332111,7,0,5 6,1,30,,332112,7,0,5 6,1,62,,332113,7,0,5 6,1,15,,332114,7,0,5 6,1,83,,332115,7,0,5 6,1,40,,332116,7,0,5 6,1,190,,332117,7,0,5 6,1,202,,332118,7,0,5 6,1,200,,332119,7,0,5 6,1,200,,332120,7,0,5 6,1,100,,332121,7,0,5 6,1,193,,332122,7,0,5 6,1
9601,'20261113',551,,332123,7,0,5 6,1,85,,332124,7,0,5 6,1,77,,332125,7,0,5 6,1,30,,332126,7,0,5 6,1,77,,332127,7,0,5 6,1,83,,332128,7,0,5 6,1,40,,332129,7,0,5 6,1,190,,332130,7,0,5 6,1,202,,332131,7,0,5 6,1,200,,332132,7,0,5 6,1,200,,332133,7,0,5 6,1,100,,332134,7,0,5 6,1,193,,332135,7,0,5 6,1
9601,'20261114',721,,332136,7,0,5 6,1,200,,332137,7,0,5 6,1,207,,332138,7,0,5 6,1,105,,332139,7,0,5 6,1,105,,332140,7,0,5 6,1,100,,332141,7,0,5 6,1,100,,332142,7,0,5 6,1,102,,332143,7,0,5 6,1,100,,332144,7,0,5 6,1,198,,332145,7,0,5 6,1,190,,332146,7,0,5 6,1
9601,'20261115',721,,332147,7,0,5 6,1,200,,332148,7,0,5 6,1,207,,332149,7,0,5 6,1,105,,332150,7,0,5 6,1,105,,332151,7,0,5 6,1,100,,332152,7,0,5 6,1,100,,332153,7,0,5 6,1,102,,332154,7,0,5 6,1,100,,332155,7,0,5 6,1,198,,332156,7,0,5 6,1,190,,332157,7,0,5 6,1
9601,'20261116',551,,332158,7,0,5 6,1,85,,332159,7,0,5 6,1,77,,332160,7,0,5 6,1,30,,332161,7,0,5 6,1,62,,332162,7,0,5 6,1,15,,332163,7,0,5 6,1,83,,332164,7,0,5 6,1,40,,332165,7,0,5 6,1,190,,332166,7,0,5 6,1,202,,332167,7,0,5 6,1,200,,332168,7,0,5 6,1,200,,332169,7,0,5 6,1,100,,332170,7,0,5 6,1,193,,332171,7,0,5 6,1
9601,'20261117',551,,332172,7,0,5 6,1,85,,332173,7,0,5 6,1,77,,332174,7,0,5 6,1,30,,332175,7,0,5 6,1,62,,332176,7,0,5 6,1,15,,332177,7,0,5 6,1,83,,332178,7,0,5 6,1,40,,332179,7,0,5 6,1,190,,332180,7,0,5 6,1,202,,332181,7,0,5 6,1,200,,332182,7,0,5 6,1,200,,332183,7,0,5 6,1,100,,332184,7,0,5 6,1,193,,332185,7,0,5 6,1
9601,'20261118',551,,332186,7,0,5 6,1,85,,332187,7,0,5 6,1,77,,332188,7,0,5 6,1,30,,332189,7,0,5 6,1,62,,332190,7,0,5 6,1,15,,332191,7,0,5 6,1,83,,332192,7,0,5 6,1,40,,332193,7,0,5 6,1,190,,332194,7,0,5 6,1,202,,332195,7,0,5 6,1,200,,332196,7,0,5 6,1,200,,332197,7,0,5 6,1,100,,332198,7,0,5 6,1,193,,332199,7,0,5 6,1
9601,'20261119',551,,332200,7,0,5 6,1,85,,332201,7,0,5 6,1,77,,332202,7,0,5 6,1,30,,332203,7,0,5 6,1,62,,332204,7,0,5 6,1,15,,332205,7,0,5 6,1,83,,332206,7,0,5 6,1,40,,332207,7,0,5 6,1,190,,332208,7,0,5 6,1,202,,332209,7,0,5 6,1,200,,332210,7,0,5 6,1,200,,332211,7,0,5 6,1,100,,332212,7,0,5 6,1,193,,332213,7,0,5 6,1
9601,'20261120',551,,332214,7,0,5 6,1,85,,332215,7,0,5 6,1,77,,332216,7,0,5 6,1,30,,332217,7,0,5 6,1,77,,332218,7,0,5 6,1,83,,332219,7,0,5 6,1,40,,332220,7,0,5 6,1,190,,332221,7,0,5 6,1,202,,332222,7,0,5 6,1,200,,332223,7,0,5 6,1,200,,332224,7,0,5 6,1,100,,332225,7,0,5 6,1,193,,332226,7,0,5 6,1
9601,'20261121',721,,332227,7,0,5 6,1,200,,332228,7,0,5 6,1,207,,332229,7,0,5 6,1,105,,332230,7,0,5 6,1,105,,332231,7,0,5 6,1,100,,332232,7,0,5 6,1,100,,332233,7,0,5 6,1,102,,332234,7,0,5 6,1,100,,332235,7,0,5 6,1,198,,332236,7,0,5 6,1,190,,332237,7,0,5 6,1
9601,'20261122',721,,332238,7,0,5 6,1,200,,332239,7,0,5 6,1,207,,332240,7,0,5 6,1,105,,332241,7,0,5 6,1,105,,332242,7,0,5 6,1,100,,332243,7,0,5 6,1,100,,332244,7,0,5 6,1,102,,332245,7,0,5 6,1,100,,332246,7,0,5 6,1,198,,332247,7,0,5 6,1,190,,332248,7,0,5 6,1
9601,'20261123',551,,332249,7,0,5 6,1,85,,332250,7,0,5 6,1,77,,332251,7,0,5 6,1,30,,332252,7,0,5 6,1,62,,332253,7,0,5 6,1,15,,332254,7,0,5 6,1,83,,332255,7,0,5 6,1,40,,332256,7,0,5 6,1,190,,332257,7,0,5 6,1,202,,332258,7,0,5 6,1,200,,332259,7,0,5 6,1,200,,332260,7,0,5 6,1,100,,332261,7,0,5 6,1,193,,332262,7,0,5 6,1
9601,'20261124',551,,332263,7,0,5 6,1,85,,332264,7,0,5 6,1,77,,332265,7,0,5 6,1,30,,332266,7,0,5 6,1,62,,332267,7,0,5 6,1,15,,332268,7,0,5 6,1,83,,332269,7,0,5 6,1,40,,332270,7,0,5 6,1,190,,332271,7,0,5 6,1,202,,332272,7,0,5 6,1,200,,332273,7,0,5 6,1,200,,332274,7,0,5 6,1,100,,332275,7,0,5 6,1,193,,332276,7,0,5 6,1
9601,'20261125',551,,332277,7,0,5 6,1,85,,332278,7,0,5 6,1,77,,332279,7,0,5 6,1,30,,332280,7,0,5 6,1,62,,332281,7,0,5 6,1,15,,332282,7,0,5 6,1,83,,332283,7,0,5 6,1,40,,332284,7,0,5 6,1,190,,332285,7,0,5 6,1,202,,332286,7,0,5 6,1,200,,332287,7,0,5 6,1,200,,332288,7,0,5 6,1,100,,332289,7,0,5 6,1,193,,332290,7,0,5 6,1
9601,'20261126',551,,332291,7,0,5 6,1,85,,332292,7,0,5 6,1,77,,332293,7,0,5 6,1,30,,332294,7,0,5 6,1,62,,332295,7,0,5 6,1,15,,332296,7,0,5 6,1,83,,332297,7,0,5 6,1,40,,332298,7,0,5 6,1,190,,332299,7,0,5 6,1,202,,332300,7,0,5 6,1,200,,332301,7,0,5 6,1,200,,332302,7,0,5 6,1,100,,332303,7,0,5 6,1,193,,332304,7,0,5 6,1
9601,'20261127',551,,332305,7,0,5 6,1,85,,332306,7,0,5 6,1,77,,332307,7,0,5 6,1,30,,332308,7,0,5 6,1,77,,332309,7,0,5 6,1,83,,332310,7,0,5 6,1,40,,332311,7,0,5 6,1,190,,332312,7,0,5 6,1,202,,332313,7,0,5 6,1,200,,332314,7,0,5 6,1,200,,332315,7,0,5 6,1,100,,332316,7,0,5 6,1,193,,332317,7,0,5 6,1
