4001,'20260910',351,,284050,2,0,31 38 9,1,100,,284051,2,0,31 38 9,1,100,,284053,2,0,31 38 9,1,105,,284058,2,0,37 38 9,1,95,,284061,2,0,37 38 9,1,100,,284064,2,0,37 38 9,1,75,,284065,2,0,31 38 9,1,100,,284067,2,0,31 38 9,1,90,,284069,2,0,31 38 9,1,215,,284074,2,0,31 38 9,1,125,,284079,2,0,31 38 9,1,95,,284083,2,0,37 38 9,1,100,,284087,2,0,37 38 9,1,95,,284091,2,0,37 38 9,1,175,,284094,2,0,37 38 9,1,230,,284097,2,0,31 38 9,1,200,,284099,2,0,31 38 9,1,200,,284100,2,0,31 38 9,1
4001,'20260911',351,,284101,2,0,31 38 9,1,100,,284102,2,0,31 38 9,1,100,,284104,2,0,31 38 9,1,105,,284109,2,0,37 38 9,1,95,,284112,2,0,37 38 9,1,100,,284115,2,0,37 38 9,1,75,,284116,2,0,31 38 9,1,100,,284118,2,0,31 38 9,1,90,,284120,2,0,31 38 9,1,215,,284125,2,0,31 38 9,1,125,,284130,2,0,31 38 9,1,95,,284134,2,0,37 38 9,1,100,,284138,2,0,37 38 9,1,95,,284142,2,0,37 38 9,1,175,,284145,2,0,37 38 9,1,230,,284148,2,0,31 38 9,1,200,,284150,2,0,31 38 9,1,200,,284151,2,0,31 38 9,1
4001,'20260912',351,,284152,2,0,31 38 9,1,200,,284153,2,0,31 38 9,1,200,,284156,2,0,31 38 9,1,100,,284158,2,0,31 38 9,1,100,,284160,2,0,31 38 9,1,100,,284162,2,0,31 38 9,1,100,,284164,2,0,31 38 9,1,100,,284166,2,0,31 38 9,1,200,,284171,2,0,31 38 9,1,200,,284177,2,0,31 38 9,1,100,,284180,2,0,31 38 9,1,200,,284185,2,0,31 38 9,1,200,,284187,2,0,31 38 9,1,200,,284189,2,0,31 38 9,1,200,,284190,2,0,31 38 9,1
4001,'20260913',351,,284191,2,0,31 38 9,1,200,,284192,2,0,31 38 9,1,200,,284195,2,0,31 38 9,1,100,,284197,2,0,31 38 9,1,100,,284199,2,0,31 38 9,1,100,,284201,2,0,31 38 9,1,100,,284203,2,0,31 38 9,1,100,,284205,2,0,31 38 9,1,200,,284210,2,0,31 38 9,1,200,,284216,2,0,31 38 9,1,100,,284219,2,0,31 38 9,1,200,,284224,2,0,31 38 9,1,200,,284226,2,0,31 38 9,1,200,,284228,2,0,31 38 9,1,200,,284229,2,0,31 38 9,1
4001,'20260914',351,,284230,2,0,31 38 9,1,100,,284231,2,0,31 38 9,1,100,,284233,2,0,31 38 9,1,105,,284238,2,0,37 38 9,1,95,,284241,2,0,37 38 9,1,100,,284244,2,0,37 38 9,1,75,,284245,2,0,31 38 9,1,100,,284247,2,0,31 38 9,1,90,,284249,2,0,31 38 9,1,215,,284254,2,0,31 38 9,1,125,,284259,2,0,31 38 9,1,95,,284263,2,0,37 38 9,1,100,,284267,2,0,37 38 9,1,95,,284271,2,0,37 38 9,1,175,,284274,2,0,37 38 9,1,230,,284277,2,0,31 38 9,1,200,,284279,2,0,31 38 9,1,200,,284280,2,0,31 38 9,1
4001,'20260915',351,,284281,2,0,31 38 9,1,100,,284282,2,0,31 38 9,1,100,,284284,2,0,31 38 9,1,105,,284289,2,0,37 38 9,1,95,,284292,2,0,37 38 9,1,100,,284295,2,0,37 38 9,1,75,,284296,2,0,31 38 9,1,100,,284298,2,0,31 38 9,1,90,,284300,2,0,31 38 9,1,215,,284305,2,0,31 38 9,1,125,,284310,2,0,31 38 9,1,95,,284314,2,0,37 38 9,1,100,,284318,2,0,37 38 9,1,95,,284322,2,0,37 38 9,1,175,,284325,2,0,37 38 9,1,230,,284328,2,0,31 38 9,1,200,,284330,2,0,31 38 9,1,200,,284331,2,0,31 38 9,1
4001,'20260916',351,,284332,2,0,31 38 9,1,100,,284333,2,0,31 38 9,1,100,,284335,2,0,31 38 9,1,105,,284340,2,0,37 38 9,1,95,,284343,2,0,37 38 9,1,100,,284346,2,0,37 38 9,1,75,,284347,2,0,31 38 9,1,100,,284349,2,0,31 38 9,1,90,,284351,2,0,31 38 9,1,215,,284356,2,0,31 38 9,1,125,,284361,2,0,31 38 9,1,95,,284365,2,0,37 38 9,1,100,,284369,2,0,37 38 9,1,95,,284373,2,0,37 38 9,1,175,,284376,2,0,37 38 9,1,230,,284379,2,0,31 38 9,1,200,,284381,2,0,31 38 9,1,200,,284382,2,0,31 38 9,1
4001,'20260917',351,,284383,2,0,31 38 9,1,100,,284384,2,0,31 38 9,1,100,,284386,2,0,31 38 9,1,105,,284391,2,0,37 38 9,1,95,,284394,2,0,37 38 9,1,100,,284397,2,0,37 38 9,1,75,,284398,2,0,31 38 9,1,100,,284400,2,0,31 38 9,1,90,,284402,2,0,31 38 9,1,215,,284407,2,0,31 38 9,1,125,,284412,2,0,31 38 9,1,95,,284416,2,0,37 38 9,1,100,,284420,2,0,37 38 9,1,95,,284424,2,0,37 38 9,1,175,,284427,2,0,37 38 9,1,230,,284430,2,0,31 38 9,1,200,,284432,2,0,31 38 9,1,200,,284433,2,0,31 38 9,1
4001,'20260918',351,,284434,2,0,31 38 9,1,100,,284435,2,0,31 38 9,1,100,,284437,2,0,31 38 9,1,105,,284442,2,0,37 38 9,1,95,,284445,2,0,37 38 9,1,100,,284448,2,0,37 38 9,1,75,,284449,2,0,31 38 9,1,100,,284451,2,0,31 38 9,1,90,,284453,2,0,31 38 9,1,215,,284458,2,0,31 38 9,1,125,,284463,2,0,31 38 9,1,95,,284467,2,0,37 38 9,1,100,,284471,2,0,37 38 9,1,95,,284475,2,0,37 38 9,1,175,,284478,2,0,37 38 9,1,230,,284481,2,0,31 38 9,1,200,,284483,2,0,31 38 9,1,200,,284484,2,0,31 38 9,1
4001,'20260919',351,,284485,2,0,31 38 9,1,200,,284486,2,0,31 38 9,1,200,,284489,2,0,31 38 9,1,100,,284491,2,0,31 38 9,1,100,,284493,2,0,31 38 9,1,100,,284495,2,0,31 38 9,1,100,,284497,2,0,31 38 9,1,100,,284499,2,0,31 38 9,1,200,,284504,2,0,31 38 9,1,200,,284510,2,0,31 38 9,1,100,,284513,2,0,31 38 9,1,200,,284518,2,0,31 38 9,1,200,,284520,2,0,31 38 9,1,200,,284522,2,0,31 38 9,1,200,,284523,2,0,31 38 9,1
4001,'20260920',351,,284524,2,0,31 38 9,1,200,,284525,2,0,31 38 9,1,200,,284528,2,0,31 38 9,1,100,,284530,2,0,31 38 9,1,100,,284532,2,0,31 38 9,1,100,,284534,2,0,31 38 9,1,100,,284536,2,0,31 38 9,1,100,,284538,2,0,31 38 9,1,200,,284543,2,0,31 38 9,1,200,,284549,2,0,31 38 9,1,100,,284552,2,0,31 38 9,1,200,,284557,2,0,31 38 9,1,200,,284559,2,0,31 38 9,1,200,,284561,2,0,31 38 9,1,200,,284562,2,0,31 38 9,1
4001,'20260921',351,,284563,2,0,31 38 9,1,100,,284564,2,0,31 38 9,1,100,,284566,2,0,31 38 9,1,105,,284571,2,0,37 38 9,1,95,,284574,2,0,37 38 9,1,100,,284577,2,0,37 38 9,1,75,,284578,2,0,31 38 9,1,100,,284580,2,0,31 38 9,1,90,,284582,2,0,31 38 9,1,215,,284587,2,0,31 38 9,1,125,,284592,2,0,31 38 9,1,95,,284596,2,0,37 38 9,1,100,,284600,2,0,37 38 9,1,95,,284604,2,0,37 38 9,1,175,,284607,2,0,37 38 9,1,230,,284610,2,0,31 38 9,1,200,,284612,2,0,31 38 9,1,200,,284613,2,0,31 38 9,1
4001,'20260922',351,,284614,2,0,31 38 9,1,100,,284615,2,0,31 38 9,1,100,,284617,2,0,31 38 9,1,105,,284622,2,0,37 38 9,1,95,,284625,2,0,37 38 9,1,100,,284628,2,0,37 38 9,1,75,,284629,2,0,31 38 9,1,100,,284631,2,0,31 38 9,1,90,,284633,2,0,31 38 9,1,215,,284638,2,0,31 38 9,1,125,,284643,2,0,31 38 9,1,95,,284647,2,0,37 38 9,1,100,,284651,2,0,37 38 9,1,95,,284655,2,0,37 38 9,1,175,,284658,2,0,37 38 9,1,230,,284661,2,0,31 38 9,1,200,,284663,2,0,31 38 9,1,200,,284664,2,0,31 38 9,1
4001,'20260923',351,,284665,2,0,31 38 9,1,100,,284666,2,0,31 38 9,1,100,,284668,2,0,31 38 9,1,105,,284673,2,0,37 38 9,1,95,,284676,2,0,37 38 9,1,100,,284679,2,0,37 38 9,1,75,,284680,2,0,31 38 9,1,100,,284682,2,0,31 38 9,1,90,,284684,2,0,31 38 9,1,215,,284689,2,0,31 38 9,1,125,,284694,2,0,31 38 9,1,95,,284698,2,0,37 38 9,1,100,,284702,2,0,37 38 9,1,95,,284706,2,0,37 38 9,1,175,,284709,2,0,37 38 9,1,230,,284712,2,0,31 38 9,1,200,,284714,2,0,31 38 9,1,200,,284715,2,0,31 38 9,1
4001,'20260924',351,,284716,2,0,31 38 9,1,100,,284717,2,0,31 38 9,1,100,,284719,2,0,31 38 9,1,105,,284724,2,0,37 38 9,1,95,,284727,2,0,37 38 9,1,100,,284730,2,0,37 38 9,1,75,,284731,2,0,31 38 9,1,100,,284733,2,0,31 38 9,1,90,,284735,2,0,31 38 9,1,215,,284740,2,0,31 38 9,1,125,,284745,2,0,31 38 9,1,95,,284749,2,0,37 38 9,1,100,,284753,2,0,37 38 9,1,95,,284757,2,0,37 38 9,1,175,,284760,2,0,37 38 9,1,230,,284763,2,0,31 38 9,1,200,,284765,2,0,31 38 9,1,200,,284766,2,0,31 38 9,1
4001,'20260925',351,,284767,2,0,31 38 9,1,100,,284768,2,0,31 38 9,1,100,,284770,2,0,31 38 9,1,105,,284775,2,0,37 38 9,1,95,,284778,2,0,37 38 9,1,100,,284781,2,0,37 38 9,1,75,,284782,2,0,31 38 9,1,100,,284784,2,0,31 38 9,1,90,,284786,2,0,31 38 9,1,215,,284791,2,0,31 38 9,1,125,,284796,2,0,31 38 9,1,95,,284800,2,0,37 38 9,1,100,,284804,2,0,37 38 9,1,95,,284808,2,0,37 38 9,1,175,,284811,2,0,37 38 9,1,230,,284814,2,0,31 38 9,1,200,,284816,2,0,31 38 9,1,200,,284817,2,0,31 38 9,1
4001,'20260926',351,,284818,2,0,31 38 9,1,200,,284819,2,0,31 38 9,1,200,,284822,2,0,31 38 9,1,100,,284824,2,0,31 38 9,1,100,,284826,2,0,31 38 9,1,100,,284828,2,0,31 38 9,1,100,,284830,2,0,31 38 9,1,100,,284832,2,0,31 38 9,1,200,,284837,2,0,31 38 9,1,200,,284843,2,0,31 38 9,1,100,,284846,2,0,31 38 9,1,200,,284851,2,0,31 38 9,1,200,,284853,2,0,31 38 9,1,200,,284855,2,0,31 38 9,1,200,,284856,2,0,31 38 9,1
4001,'20260927',351,,284857,2,0,31 38 9,1,200,,284858,2,0,31 38 9,1,200,,284861,2,0,31 38 9,1,100,,284863,2,0,31 38 9,1,100,,284865,2,0,31 38 9,1,100,,284867,2,0,31 38 9,1,100,,284869,2,0,31 38 9,1,100,,284871,2,0,31 38 9,1,200,,284876,2,0,31 38 9,1,200,,284882,2,0,31 38 9,1,100,,284885,2,0,31 38 9,1,200,,284890,2,0,31 38 9,1,200,,284892,2,0,31 38 9,1,200,,284894,2,0,31 38 9,1,200,,284895,2,0,31 38 9,1
4001,'20260928',351,,284896,2,0,31 38 9,1,100,,284897,2,0,31 38 9,1,100,,284899,2,0,31 38 9,1,105,,284904,2,0,37 38 9,1,95,,284907,2,0,37 38 9,1,100,,284910,2,0,37 38 9,1,75,,284911,2,0,31 38 9,1,100,,284913,2,0,31 38 9,1,90,,284915,2,0,31 38 9,1,215,,284920,2,0,31 38 9,1,125,,284925,2,0,31 38 9,1,95,,284929,2,0,37 38 9,1,100,,284933,2,0,37 38 9,1,95,,284937,2,0,37 38 9,1,175,,284940,2,0,37 38 9,1,230,,284943,2,0,31 38 9,1,200,,284945,2,0,31 38 9,1,200,,284946,2,0,31 38 9,1
4001,'20260929',351,,284947,2,0,31 38 9,1,100,,284948,2,0,31 38 9,1,100,,284950,2,0,31 38 9,1,105,,284955,2,0,37 38 9,1,95,,284958,2,0,37 38 9,1,100,,284961,2,0,37 38 9,1,75,,284962,2,0,31 38 9,1,100,,284964,2,0,31 38 9,1,90,,284966,2,0,31 38 9,1,215,,284971,2,0,31 38 9,1,125,,284976,2,0,31 38 9,1,95,,284980,2,0,37 38 9,1,100,,284984,2,0,37 38 9,1,95,,284988,2,0,37 38 9,1,175,,284991,2,0,37 38 9,1,230,,284994,2,0,31 38 9,1,200,,284996,2,0,31 38 9,1,200,,284997,2,0,31 38 9,1
4001,'20260930',351,,284998,2,0,31 38 9,1,100,,284999,2,0,31 38 9,1,100,,285001,2,0,31 38 9,1,105,,285006,2,0,37 38 9,1,95,,285009,2,0,37 38 9,1,100,,285012,2,0,37 38 9,1,75,,285013,2,0,31 38 9,1,100,,285015,2,0,31 38 9,1,90,,285017,2,0,31 38 9,1,215,,285022,2,0,31 38 9,1,125,,285027,2,0,31 38 9,1,95,,285031,2,0,37 38 9,1,100,,285035,2,0,37 38 9,1,95,,285039,2,0,37 38 9,1,175,,285042,2,0,37 38 9,1,230,,285045,2,0,31 38 9,1,200,,285047,2,0,31 38 9,1,200,,285048,2,0,31 38 9,1
4001,'20261001',351,,285049,2,0,31 38 9,1,100,,285050,2,0,31 38 9,1,100,,285052,2,0,31 38 9,1,105,,285057,2,0,37 38 9,1,95,,285060,2,0,37 38 9,1,100,,285063,2,0,37 38 9,1,75,,285064,2,0,31 38 9,1,100,,285066,2,0,31 38 9,1,90,,285068,2,0,31 38 9,1,215,,285073,2,0,31 38 9,1,125,,285078,2,0,31 38 9,1,95,,285082,2,0,37 38 9,1,100,,285086,2,0,37 38 9,1,95,,285090,2,0,37 38 9,1,175,,285093,2,0,37 38 9,1,230,,285096,2,0,31 38 9,1,200,,285098,2,0,31 38 9,1,200,,285099,2,0,31 38 9,1
4001,'20261002',351,,285100,2,0,31 38 9,1,100,,285101,2,0,31 38 9,1,100,,285103,2,0,31 38 9,1,105,,285108,2,0,37 38 9,1,95,,285111,2,0,37 38 9,1,100,,285114,2,0,37 38 9,1,75,,285115,2,0,31 38 9,1,100,,285117,2,0,31 38 9,1,90,,285119,2,0,31 38 9,1,215,,285124,2,0,31 38 9,1,125,,285129,2,0,31 38 9,1,95,,285133,2,0,37 38 9,1,100,,285137,2,0,37 38 9,1,95,,285141,2,0,37 38 9,1,175,,285144,2,0,37 38 9,1,230,,285147,2,0,31 38 9,1,200,,285149,2,0,31 38 9,1,200,,285150,2,0,31 38 9,1
4001,'20261003',351,,285151,2,0,31 38 9,1,200,,285152,2,0,31 38 9,1,200,,285155,2,0,31 38 9,1,100,,285157,2,0,31 38 9,1,100,,285159,2,0,31 38 9,1,100,,285161,2,0,31 38 9,1,100,,285163,2,0,31 38 9,1,100,,285165,2,0,31 38 9,1,200,,285170,2,0,31 38 9,1,200,,285176,2,0,31 38 9,1,100,,285179,2,0,31 38 9,1,200,,285184,2,0,31 38 9,1,200,,285186,2,0,31 38 9,1,200,,285188,2,0,31 38 9,1,200,,285189,2,0,31 38 9,1
4001,'20261004',351,,285190,2,0,31 38 9,1,200,,285191,2,0,31 38 9,1,200,,285194,2,0,31 38 9,1,100,,285196,2,0,31 38 9,1,100,,285198,2,0,31 38 9,1,100,,285200,2,0,31 38 9,1,100,,285202,2,0,31 38 9,1,100,,285204,2,0,31 38 9,1,200,,285209,2,0,31 38 9,1,200,,285215,2,0,31 38 9,1,100,,285218,2,0,31 38 9,1,200,,285223,2,0,31 38 9,1,200,,285225,2,0,31 38 9,1,200,,285227,2,0,31 38 9,1,200,,285228,2,0,31 38 9,1
4001,'20261005',351,,285229,2,0,31 38 9,1,100,,285230,2,0,31 38 9,1,100,,285232,2,0,31 38 9,1,105,,285237,2,0,37 38 9,1,95,,285240,2,0,37 38 9,1,100,,285243,2,0,37 38 9,1,75,,285244,2,0,31 38 9,1,100,,285246,2,0,31 38 9,1,90,,285248,2,0,31 38 9,1,215,,285253,2,0,31 38 9,1,125,,285258,2,0,31 38 9,1,95,,285262,2,0,37 38 9,1,100,,285266,2,0,37 38 9,1,95,,285270,2,0,37 38 9,1,175,,285273,2,0,37 38 9,1,230,,285276,2,0,31 38 9,1,200,,285278,2,0,31 38 9,1,200,,285279,2,0,31 38 9,1
4001,'20261006',351,,285280,2,0,31 38 9,1,100,,285281,2,0,31 38 9,1,100,,285283,2,0,31 38 9,1,105,,285288,2,0,37 38 9,1,95,,285291,2,0,37 38 9,1,100,,285294,2,0,37 38 9,1,75,,285295,2,0,31 38 9,1,100,,285297,2,0,31 38 9,1,90,,285299,2,0,31 38 9,1,215,,285304,2,0,31 38 9,1,125,,285309,2,0,31 38 9,1,95,,285313,2,0,37 38 9,1,100,,285317,2,0,37 38 9,1,95,,285321,2,0,37 38 9,1,175,,285324,2,0,37 38 9,1,230,,285327,2,0,31 38 9,1,200,,285329,2,0,31 38 9,1,200,,285330,2,0,31 38 9,1
4001,'20261007',351,,285331,2,0,31 38 9,1,100,,285332,2,0,31 38 9,1,100,,285334,2,0,31 38 9,1,105,,285339,2,0,37 38 9,1,95,,285342,2,0,37 38 9,1,100,,285345,2,0,37 38 9,1,75,,285346,2,0,31 38 9,1,100,,285348,2,0,31 38 9,1,90,,285350,2,0,31 38 9,1,215,,285355,2,0,31 38 9,1,125,,285360,2,0,31 38 9,1,95,,285364,2,0,37 38 9,1,100,,285368,2,0,37 38 9,1,95,,285372,2,0,37 38 9,1,175,,285375,2,0,37 38 9,1,230,,285378,2,0,31 38 9,1,200,,285380,2,0,31 38 9,1,200,,285381,2,0,31 38 9,1
4001,'20261008',351,,285382,2,0,31 38 9,1,100,,285383,2,0,31 38 9,1,100,,285385,2,0,31 38 9,1,105,,285390,2,0,37 38 9,1,95,,285393,2,0,37 38 9,1,100,,285396,2,0,37 38 9,1,75,,285397,2,0,31 38 9,1,100,,285399,2,0,31 38 9,1,90,,285401,2,0,31 38 9,1,215,,285406,2,0,31 38 9,1,125,,285411,2,0,31 38 9,1,95,,285415,2,0,37 38 9,1,100,,285419,2,0,37 38 9,1,95,,285423,2,0,37 38 9,1,175,,285426,2,0,37 38 9,1,230,,285429,2,0,31 38 9,1,200,,285431,2,0,31 38 9,1,200,,285432,2,0,31 38 9,1
4001,'20261009',351,,285433,2,0,31 38 9,1,100,,285434,2,0,31 38 9,1,100,,285436,2,0,31 38 9,1,105,,285441,2,0,37 38 9,1,95,,285444,2,0,37 38 9,1,100,,285447,2,0,37 38 9,1,75,,285448,2,0,31 38 9,1,100,,285450,2,0,31 38 9,1,90,,285452,2,0,31 38 9,1,215,,285457,2,0,31 38 9,1,125,,285462,2,0,31 38 9,1,95,,285466,2,0,37 38 9,1,100,,285470,2,0,37 38 9,1,95,,285474,2,0,37 38 9,1,175,,285477,2,0,37 38 9,1,230,,285480,2,0,31 38 9,1,200,,285482,2,0,31 38 9,1,200,,285483,2,0,31 38 9,1
4001,'20261010',351,,285484,2,0,31 38 9,1,200,,285485,2,0,31 38 9,1,200,,285488,2,0,31 38 9,1,100,,285490,2,0,31 38 9,1,100,,285492,2,0,31 38 9,1,100,,285494,2,0,31 38 9,1,100,,285496,2,0,31 38 9,1,100,,285498,2,0,31 38 9,1,200,,285503,2,0,31 38 9,1,200,,285509,2,0,31 38 9,1,100,,285512,2,0,31 38 9,1,200,,285517,2,0,31 38 9,1,200,,285519,2,0,31 38 9,1,200,,285521,2,0,31 38 9,1,200,,285522,2,0,31 38 9,1
4001,'20261011',351,,285523,2,0,31 38 9,1,200,,285524,2,0,31 38 9,1,200,,285527,2,0,31 38 9,1,100,,285529,2,0,31 38 9,1,100,,285531,2,0,31 38 9,1,100,,285533,2,0,31 38 9,1,100,,285535,2,0,31 38 9,1,100,,285537,2,0,31 38 9,1,200,,285542,2,0,31 38 9,1,200,,285548,2,0,31 38 9,1,100,,285551,2,0,31 38 9,1,200,,285556,2,0,31 38 9,1,200,,285558,2,0,31 38 9,1,200,,285560,2,0,31 38 9,1,200,,285561,2,0,31 38 9,1
4001,'20261012',351,,285562,2,0,31 38 9,1,200,,285563,2,0,31 38 9,1,200,,285566,2,0,31 38 9,1,100,,285568,2,0,31 38 9,1,100,,285570,2,0,31 38 9,1,100,,285572,2,0,31 38 9,1,100,,285574,2,0,31 38 9,1,100,,285576,2,0,31 38 9,1,200,,285581,2,0,31 38 9,1,200,,285587,2,0,31 38 9,1,100,,285590,2,0,31 38 9,1,200,,285595,2,0,31 38 9,1,200,,285597,2,0,31 38 9,1,200,,285599,2,0,31 38 9,1,200,,285600,2,0,31 38 9,1
4001,'20261013',351,,285601,2,0,31 38 9,1,100,,285602,2,0,31 38 9,1,100,,285604,2,0,31 38 9,1,105,,285609,2,0,37 38 9,1,95,,285612,2,0,37 38 9,1,100,,285615,2,0,37 38 9,1,75,,285616,2,0,31 38 9,1,100,,285618,2,0,31 38 9,1,90,,285620,2,0,31 38 9,1,215,,285625,2,0,31 38 9,1,125,,285630,2,0,31 38 9,1,95,,285634,2,0,37 38 9,1,100,,285638,2,0,37 38 9,1,95,,285642,2,0,37 38 9,1,175,,285645,2,0,37 38 9,1,230,,285648,2,0,31 38 9,1,200,,285650,2,0,31 38 9,1,200,,285651,2,0,31 38 9,1
4001,'20261014',351,,285652,2,0,31 38 9,1,100,,285653,2,0,31 38 9,1,100,,285655,2,0,31 38 9,1,105,,285660,2,0,37 38 9,1,95,,285663,2,0,37 38 9,1,100,,285666,2,0,37 38 9,1,75,,285667,2,0,31 38 9,1,100,,285669,2,0,31 38 9,1,90,,285671,2,0,31 38 9,1,215,,285676,2,0,31 38 9,1,125,,285681,2,0,31 38 9,1,95,,285685,2,0,37 38 9,1,100,,285689,2,0,37 38 9,1,95,,285693,2,0,37 38 9,1,175,,285696,2,0,37 38 9,1,230,,285699,2,0,31 38 9,1,200,,285701,2,0,31 38 9,1,200,,285702,2,0,31 38 9,1
4001,'20261015',351,,285703,2,0,31 38 9,1,100,,285704,2,0,31 38 9,1,100,,285706,2,0,31 38 9,1,105,,285711,2,0,37 38 9,1,95,,285714,2,0,37 38 9,1,100,,285717,2,0,37 38 9,1,75,,285718,2,0,31 38 9,1,100,,285720,2,0,31 38 9,1,90,,285722,2,0,31 38 9,1,215,,285727,2,0,31 38 9,1,125,,285732,2,0,31 38 9,1,95,,285736,2,0,37 38 9,1,100,,285740,2,0,37 38 9,1,95,,285744,2,0,37 38 9,1,175,,285747,2,0,37 38 9,1,230,,285750,2,0,31 38 9,1,200,,285752,2,0,31 38 9,1,200,,285753,2,0,31 38 9,1
4001,'20261016',351,,285754,2,0,31 38 9,1,100,,285755,2,0,31 38 9,1,100,,285757,2,0,31 38 9,1,105,,285762,2,0,37 38 9,1,95,,285765,2,0,37 38 9,1,100,,285768,2,0,37 38 9,1,75,,285769,2,0,31 38 9,1,100,,285771,2,0,31 38 9,1,90,,285773,2,0,31 38 9,1,215,,285778,2,0,31 38 9,1,125,,285783,2,0,31 38 9,1,95,,285787,2,0,37 38 9,1,100,,285791,2,0,37 38 9,1,95,,285795,2,0,37 38 9,1,175,,285798,2,0,37 38 9,1,230,,285801,2,0,31 38 9,1,200,,285803,2,0,31 38 9,1,200,,285804,2,0,31 38 9,1
4001,'20261017',351,,285805,2,0,31 38 9,1,200,,285806,2,0,31 38 9,1,200,,285809,2,0,31 38 9,1,100,,285811,2,0,31 38 9,1,100,,285813,2,0,31 38 9,1,100,,285815,2,0,31 38 9,1,100,,285817,2,0,31 38 9,1,100,,285819,2,0,31 38 9,1,200,,285824,2,0,31 38 9,1,200,,285830,2,0,31 38 9,1,100,,285833,2,0,31 38 9,1,200,,285838,2,0,31 38 9,1,200,,285840,2,0,31 38 9,1,200,,285842,2,0,31 38 9,1,200,,285843,2,0,31 38 9,1
4001,'20261018',351,,285844,2,0,31 38 9,1,200,,285845,2,0,31 38 9,1,200,,285848,2,0,31 38 9,1,100,,285850,2,0,31 38 9,1,100,,285852,2,0,31 38 9,1,100,,285854,2,0,31 38 9,1,100,,285856,2,0,31 38 9,1,100,,285858,2,0,31 38 9,1,200,,285863,2,0,31 38 9,1,200,,285869,2,0,31 38 9,1,100,,285872,2,0,31 38 9,1,200,,285877,2,0,31 38 9,1,200,,285879,2,0,31 38 9,1,200,,285881,2,0,31 38 9,1,200,,285882,2,0,31 38 9,1
4001,'20261019',351,,285883,2,0,31 38 9,1,100,,285884,2,0,31 38 9,1,100,,285886,2,0,31 38 9,1,105,,285891,2,0,37 38 9,1,95,,285894,2,0,37 38 9,1,100,,285897,2,0,37 38 9,1,75,,285898,2,0,31 38 9,1,100,,285900,2,0,31 38 9,1,90,,285902,2,0,31 38 9,1,215,,285907,2,0,31 38 9,1,125,,285912,2,0,31 38 9,1,95,,285916,2,0,37 38 9,1,100,,285920,2,0,37 38 9,1,95,,285924,2,0,37 38 9,1,175,,285927,2,0,37 38 9,1,230,,285930,2,0,31 38 9,1,200,,285932,2,0,31 38 9,1,200,,285933,2,0,31 38 9,1
4001,'20261020',351,,285934,2,0,31 38 9,1,100,,285935,2,0,31 38 9,1,100,,285937,2,0,31 38 9,1,105,,285942,2,0,37 38 9,1,95,,285945,2,0,37 38 9,1,100,,285948,2,0,37 38 9,1,75,,285949,2,0,31 38 9,1,100,,285951,2,0,31 38 9,1,90,,285953,2,0,31 38 9,1,215,,285958,2,0,31 38 9,1,125,,285963,2,0,31 38 9,1,95,,285967,2,0,37 38 9,1,100,,285971,2,0,37 38 9,1,95,,285975,2,0,37 38 9,1,175,,285978,2,0,37 38 9,1,230,,285981,2,0,31 38 9,1,200,,285983,2,0,31 38 9,1,200,,285984,2,0,31 38 9,1
4001,'20261021',351,,285985,2,0,31 38 9,1,100,,285986,2,0,31 38 9,1,100,,285988,2,0,31 38 9,1,105,,285993,2,0,37 38 9,1,95,,285996,2,0,37 38 9,1,100,,285999,2,0,37 38 9,1,75,,286000,2,0,31 38 9,1,100,,286002,2,0,31 38 9,1,90,,286004,2,0,31 38 9,1,215,,286009,2,0,31 38 9,1,125,,286014,2,0,31 38 9,1,95,,286018,2,0,37 38 9,1,100,,286022,2,0,37 38 9,1,95,,286026,2,0,37 38 9,1,175,,286029,2,0,37 38 9,1,230,,286032,2,0,31 38 9,1,200,,286034,2,0,31 38 9,1,200,,286035,2,0,31 38 9,1
4001,'20261022',351,,286036,2,0,31 38 9,1,100,,286037,2,0,31 38 9,1,100,,286039,2,0,31 38 9,1,105,,286044,2,0,37 38 9,1,95,,286047,2,0,37 38 9,1,100,,286050,2,0,37 38 9,1,75,,286051,2,0,31 38 9,1,100,,286053,2,0,31 38 9,1,90,,286055,2,0,31 38 9,1,215,,286060,2,0,31 38 9,1,125,,286065,2,0,31 38 9,1,95,,286069,2,0,37 38 9,1,100,,286073,2,0,37 38 9,1,95,,286077,2,0,37 38 9,1,175,,286080,2,0,37 38 9,1,230,,286083,2,0,31 38 9,1,200,,286085,2,0,31 38 9,1,200,,286086,2,0,31 38 9,1
4001,'20261023',351,,286087,2,0,31 38 9,1,100,,286088,2,0,31 38 9,1,100,,286090,2,0,31 38 9,1,105,,286095,2,0,37 38 9,1,95,,286098,2,0,37 38 9,1,100,,286101,2,0,37 38 9,1,75,,286102,2,0,31 38 9,1,100,,286104,2,0,31 38 9,1,90,,286106,2,0,31 38 9,1,215,,286111,2,0,31 38 9,1,125,,286116,2,0,31 38 9,1,95,,286120,2,0,37 38 9,1,100,,286124,2,0,37 38 9,1,95,,286128,2,0,37 38 9,1,175,,286131,2,0,37 38 9,1,230,,286134,2,0,31 38 9,1,200,,286136,2,0,31 38 9,1,200,,286137,2,0,31 38 9,1
4001,'20261024',351,,286138,2,0,31 38 9,1,200,,286139,2,0,31 38 9,1,200,,286142,2,0,31 38 9,1,100,,286144,2,0,31 38 9,1,100,,286146,2,0,31 38 9,1,100,,286148,2,0,31 38 9,1,100,,286150,2,0,31 38 9,1,100,,286152,2,0,31 38 9,1,200,,286157,2,0,31 38 9,1,200,,286163,2,0,31 38 9,1,100,,286166,2,0,31 38 9,1,200,,286171,2,0,31 38 9,1,200,,286173,2,0,31 38 9,1,200,,286175,2,0,31 38 9,1,200,,286176,2,0,31 38 9,1
4001,'20261025',351,,286177,2,0,31 38 9,1,200,,286178,2,0,31 38 9,1,200,,286181,2,0,31 38 9,1,100,,286183,2,0,31 38 9,1,100,,286185,2,0,31 38 9,1,100,,286187,2,0,31 38 9,1,100,,286189,2,0,31 38 9,1,100,,286191,2,0,31 38 9,1,200,,286196,2,0,31 38 9,1,200,,286202,2,0,31 38 9,1,100,,286205,2,0,31 38 9,1,200,,286210,2,0,31 38 9,1,200,,286212,2,0,31 38 9,1,200,,286214,2,0,31 38 9,1,200,,286215,2,0,31 38 9,1
4001,'20261026',351,,286216,2,0,31 38 9,1,100,,286217,2,0,31 38 9,1,100,,286219,2,0,31 38 9,1,105,,286224,2,0,37 38 9,1,95,,286227,2,0,37 38 9,1,100,,286230,2,0,37 38 9,1,75,,286231,2,0,31 38 9,1,100,,286233,2,0,31 38 9,1,90,,286235,2,0,31 38 9,1,215,,286240,2,0,31 38 9,1,125,,286245,2,0,31 38 9,1,95,,286249,2,0,37 38 9,1,100,,286253,2,0,37 38 9,1,95,,286257,2,0,37 38 9,1,175,,286260,2,0,37 38 9,1,230,,286263,2,0,31 38 9,1,200,,286265,2,0,31 38 9,1,200,,286266,2,0,31 38 9,1
4001,'20261027',351,,286267,2,0,31 38 9,1,100,,286268,2,0,31 38 9,1,100,,286270,2,0,31 38 9,1,105,,286275,2,0,37 38 9,1,95,,286278,2,0,37 38 9,1,100,,286281,2,0,37 38 9,1,75,,286282,2,0,31 38 9,1,100,,286284,2,0,31 38 9,1,90,,286286,2,0,31 38 9,1,215,,286291,2,0,31 38 9,1,125,,286296,2,0,31 38 9,1,95,,286300,2,0,37 38 9,1,100,,286304,2,0,37 38 9,1,95,,286308,2,0,37 38 9,1,175,,286311,2,0,37 38 9,1,230,,286314,2,0,31 38 9,1,200,,286316,2,0,31 38 9,1,200,,286317,2,0,31 38 9,1
4001,'20261028',351,,286318,2,0,31 38 9,1,100,,286319,2,0,31 38 9,1,100,,286321,2,0,31 38 9,1,105,,286326,2,0,37 38 9,1,95,,286329,2,0,37 38 9,1,100,,286332,2,0,37 38 9,1,75,,286333,2,0,31 38 9,1,100,,286335,2,0,31 38 9,1,90,,286337,2,0,31 38 9,1,215,,286342,2,0,31 38 9,1,125,,286347,2,0,31 38 9,1,95,,286351,2,0,37 38 9,1,100,,286355,2,0,37 38 9,1,95,,286359,2,0,37 38 9,1,175,,286362,2,0,37 38 9,1,230,,286365,2,0,31 38 9,1,200,,286367,2,0,31 38 9,1,200,,286368,2,0,31 38 9,1
4001,'20261029',351,,286369,2,0,31 38 9,1,100,,286370,2,0,31 38 9,1,100,,286372,2,0,31 38 9,1,105,,286377,2,0,37 38 9,1,95,,286380,2,0,37 38 9,1,100,,286383,2,0,37 38 9,1,75,,286384,2,0,31 38 9,1,100,,286386,2,0,31 38 9,1,90,,286388,2,0,31 38 9,1,215,,286393,2,0,31 38 9,1,125,,286398,2,0,31 38 9,1,95,,286402,2,0,37 38 9,1,100,,286406,2,0,37 38 9,1,95,,286410,2,0,37 38 9,1,175,,286413,2,0,37 38 9,1,230,,286416,2,0,31 38 9,1,200,,286418,2,0,31 38 9,1,200,,286419,2,0,31 38 9,1
4001,'20261030',351,,286420,2,0,31 38 9,1,100,,286421,2,0,31 38 9,1,100,,286423,2,0,31 38 9,1,105,,286428,2,0,37 38 9,1,95,,286431,2,0,37 38 9,1,100,,286434,2,0,37 38 9,1,75,,286435,2,0,31 38 9,1,100,,286437,2,0,31 38 9,1,90,,286439,2,0,31 38 9,1,215,,286444,2,0,31 38 9,1,125,,286449,2,0,31 38 9,1,95,,286453,2,0,37 38 9,1,100,,286457,2,0,37 38 9,1,95,,286461,2,0,37 38 9,1,175,,286464,2,0,37 38 9,1,230,,286467,2,0,31 38 9,1,200,,286469,2,0,31 38 9,1,200,,286470,2,0,31 38 9,1
4001,'20261031',351,,286471,2,0,31 38 9,1,200,,286472,2,0,31 38 9,1,200,,286475,2,0,31 38 9,1,100,,286477,2,0,31 38 9,1,100,,286479,2,0,31 38 9,1,100,,286481,2,0,31 38 9,1,100,,286483,2,0,31 38 9,1,100,,286485,2,0,31 38 9,1,200,,286490,2,0,31 38 9,1,200,,286496,2,0,31 38 9,1,100,,286499,2,0,31 38 9,1,200,,286504,2,0,31 38 9,1,200,,286506,2,0,31 38 9,1,200,,286508,2,0,31 38 9,1,200,,286509,2,0,31 38 9,1
4001,'20261101',351,,286510,2,0,31 38 9,1,200,,286511,2,0,31 38 9,1,200,,286514,2,0,31 38 9,1,100,,286516,2,0,31 38 9,1,100,,286518,2,0,31 38 9,1,100,,286520,2,0,31 38 9,1,100,,286522,2,0,31 38 9,1,100,,286524,2,0,31 38 9,1,200,,286529,2,0,31 38 9,1,200,,286535,2,0,31 38 9,1,100,,286538,2,0,31 38 9,1,200,,286543,2,0,31 38 9,1,200,,286545,2,0,31 38 9,1,200,,286547,2,0,31 38 9,1,200,,286548,2,0,31 38 9,1
4001,'20261102',351,,286549,2,0,31 38 9,1,100,,286550,2,0,31 38 9,1,100,,286552,2,0,31 38 9,1,105,,286557,2,0,37 38 9,1,95,,286560,2,0,37 38 9,1,100,,286563,2,0,37 38 9,1,75,,286564,2,0,31 38 9,1,100,,286566,2,0,31 38 9,1,90,,286568,2,0,31 38 9,1,215,,286573,2,0,31 38 9,1,125,,286578,2,0,31 38 9,1,95,,286582,2,0,37 38 9,1,100,,286586,2,0,37 38 9,1,95,,286590,2,0,37 38 9,1,175,,286593,2,0,37 38 9,1,230,,286596,2,0,31 38 9,1,200,,286598,2,0,31 38 9,1,200,,286599,2,0,31 38 9,1
4001,'20261103',351,,286600,2,0,31 38 9,1,100,,286601,2,0,31 38 9,1,100,,286603,2,0,31 38 9,1,105,,286608,2,0,37 38 9,1,95,,286611,2,0,37 38 9,1,100,,286614,2,0,37 38 9,1,75,,286615,2,0,31 38 9,1,100,,286617,2,0,31 38 9,1,90,,286619,2,0,31 38 9,1,215,,286624,2,0,31 38 9,1,125,,286629,2,0,31 38 9,1,95,,286633,2,0,37 38 9,1,100,,286637,2,0,37 38 9,1,95,,286641,2,0,37 38 9,1,175,,286644,2,0,37 38 9,1,230,,286647,2,0,31 38 9,1,200,,286649,2,0,31 38 9,1,200,,286650,2,0,31 38 9,1
4001,'20261104',351,,286651,2,0,31 38 9,1,100,,286652,2,0,31 38 9,1,100,,286654,2,0,31 38 9,1,105,,286659,2,0,37 38 9,1,95,,286662,2,0,37 38 9,1,100,,286665,2,0,37 38 9,1,75,,286666,2,0,31 38 9,1,100,,286668,2,0,31 38 9,1,90,,286670,2,0,31 38 9,1,215,,286675,2,0,31 38 9,1,125,,286680,2,0,31 38 9,1,95,,286684,2,0,37 38 9,1,100,,286688,2,0,37 38 9,1,95,,286692,2,0,37 38 9,1,175,,286695,2,0,37 38 9,1,230,,286698,2,0,31 38 9,1,200,,286700,2,0,31 38 9,1,200,,286701,2,0,31 38 9,1
4001,'20261105',351,,286702,2,0,31 38 9,1,100,,286703,2,0,31 38 9,1,100,,286705,2,0,31 38 9,1,105,,286710,2,0,37 38 9,1,95,,286713,2,0,37 38 9,1,100,,286716,2,0,37 38 9,1,75,,286717,2,0,31 38 9,1,100,,286719,2,0,31 38 9,1,90,,286721,2,0,31 38 9,1,215,,286726,2,0,31 38 9,1,125,,286731,2,0,31 38 9,1,95,,286735,2,0,37 38 9,1,100,,286739,2,0,37 38 9,1,95,,286743,2,0,37 38 9,1,175,,286746,2,0,37 38 9,1,230,,286749,2,0,31 38 9,1,200,,286751,2,0,31 38 9,1,200,,286752,2,0,31 38 9,1
4001,'20261106',351,,286753,2,0,31 38 9,1,100,,286754,2,0,31 38 9,1,100,,286756,2,0,31 38 9,1,105,,286761,2,0,37 38 9,1,95,,286764,2,0,37 38 9,1,100,,286767,2,0,37 38 9,1,75,,286768,2,0,31 38 9,1,100,,286770,2,0,31 38 9,1,90,,286772,2,0,31 38 9,1,215,,286777,2,0,31 38 9,1,125,,286782,2,0,31 38 9,1,95,,286786,2,0,37 38 9,1,100,,286790,2,0,37 38 9,1,95,,286794,2,0,37 38 9,1,175,,286797,2,0,37 38 9,1,230,,286800,2,0,31 38 9,1,200,,286802,2,0,31 38 9,1,200,,286803,2,0,31 38 9,1
4001,'20261107',351,,286804,2,0,31 38 9,1,200,,286805,2,0,31 38 9,1,200,,286808,2,0,31 38 9,1,100,,286810,2,0,31 38 9,1,100,,286812,2,0,31 38 9,1,100,,286814,2,0,31 38 9,1,100,,286816,2,0,31 38 9,1,100,,286818,2,0,31 38 9,1,200,,286823,2,0,31 38 9,1,200,,286829,2,0,31 38 9,1,100,,286832,2,0,31 38 9,1,200,,286837,2,0,31 38 9,1,200,,286839,2,0,31 38 9,1,200,,286841,2,0,31 38 9,1,200,,286842,2,0,31 38 9,1
4001,'20261108',351,,286843,2,0,31 38 9,1,200,,286844,2,0,31 38 9,1,200,,286847,2,0,31 38 9,1,100,,286849,2,0,31 38 9,1,100,,286851,2,0,31 38 9,1,100,,286853,2,0,31 38 9,1,100,,286855,2,0,31 38 9,1,100,,286857,2,0,31 38 9,1,200,,286862,2,0,31 38 9,1,200,,286868,2,0,31 38 9,1,100,,286871,2,0,31 38 9,1,200,,286876,2,0,31 38 9,1,200,,286878,2,0,31 38 9,1,200,,286880,2,0,31 38 9,1,200,,286881,2,0,31 38 9,1
4001,'20261109',351,,286882,2,0,31 38 9,1,100,,286883,2,0,31 38 9,1,100,,286885,2,0,31 38 9,1,105,,286890,2,0,37 38 9,1,95,,286893,2,0,37 38 9,1,100,,286896,2,0,37 38 9,1,75,,286897,2,0,31 38 9,1,100,,286899,2,0,31 38 9,1,90,,286901,2,0,31 38 9,1,215,,286906,2,0,31 38 9,1,125,,286911,2,0,31 38 9,1,95,,286915,2,0,37 38 9,1,100,,286919,2,0,37 38 9,1,95,,286923,2,0,37 38 9,1,175,,286926,2,0,37 38 9,1,230,,286929,2,0,31 38 9,1,200,,286931,2,0,31 38 9,1,200,,286932,2,0,31 38 9,1
4001,'20261110',351,,286933,2,0,31 38 9,1,100,,286934,2,0,31 38 9,1,100,,286936,2,0,31 38 9,1,105,,286941,2,0,37 38 9,1,95,,286944,2,0,37 38 9,1,100,,286947,2,0,37 38 9,1,75,,286948,2,0,31 38 9,1,100,,286950,2,0,31 38 9,1,90,,286952,2,0,31 38 9,1,215,,286957,2,0,31 38 9,1,125,,286962,2,0,31 38 9,1,95,,286966,2,0,37 38 9,1,100,,286970,2,0,37 38 9,1,95,,286974,2,0,37 38 9,1,175,,286977,2,0,37 38 9,1,230,,286980,2,0,31 38 9,1,200,,286982,2,0,31 38 9,1,200,,286983,2,0,31 38 9,1
4001,'20261111',351,,286984,2,0,31 38 9,1,100,,286985,2,0,31 38 9,1,100,,286987,2,0,31 38 9,1,105,,286992,2,0,37 38 9,1,95,,286995,2,0,37 38 9,1,100,,286998,2,0,37 38 9,1,75,,286999,2,0,31 38 9,1,100,,287001,2,0,31 38 9,1,90,,287003,2,0,31 38 9,1,215,,287008,2,0,31 38 9,1,125,,287013,2,0,31 38 9,1,95,,287017,2,0,37 38 9,1,100,,287021,2,0,37 38 9,1,95,,287025,2,0,37 38 9,1,175,,287028,2,0,37 38 9,1,230,,287031,2,0,31 38 9,1,200,,287033,2,0,31 38 9,1,200,,287034,2,0,31 38 9,1
4001,'20261112',351,,287035,2,0,31 38 9,1,100,,287036,2,0,31 38 9,1,100,,287038,2,0,31 38 9,1,105,,287043,2,0,37 38 9,1,95,,287046,2,0,37 38 9,1,100,,287049,2,0,37 38 9,1,75,,287050,2,0,31 38 9,1,100,,287052,2,0,31 38 9,1,90,,287054,2,0,31 38 9,1,215,,287059,2,0,31 38 9,1,125,,287064,2,0,31 38 9,1,95,,287068,2,0,37 38 9,1,100,,287072,2,0,37 38 9,1,95,,287076,2,0,37 38 9,1,175,,287079,2,0,37 38 9,1,230,,287082,2,0,31 38 9,1,200,,287084,2,0,31 38 9,1,200,,287085,2,0,31 38 9,1
4001,'20261113',351,,287086,2,0,31 38 9,1,100,,287087,2,0,31 38 9,1,100,,287089,2,0,31 38 9,1,105,,287094,2,0,37 38 9,1,95,,287097,2,0,37 38 9,1,100,,287100,2,0,37 38 9,1,75,,287101,2,0,31 38 9,1,100,,287103,2,0,31 38 9,1,90,,287105,2,0,31 38 9,1,215,,287110,2,0,31 38 9,1,125,,287115,2,0,31 38 9,1,95,,287119,2,0,37 38 9,1,100,,287123,2,0,37 38 9,1,95,,287127,2,0,37 38 9,1,175,,287130,2,0,37 38 9,1,230,,287133,2,0,31 38 9,1,200,,287135,2,0,31 38 9,1,200,,287136,2,0,31 38 9,1
4001,'20261114',351,,287137,2,0,31 38 9,1,200,,287138,2,0,31 38 9,1,200,,287141,2,0,31 38 9,1,100,,287143,2,0,31 38 9,1,100,,287145,2,0,31 38 9,1,100,,287147,2,0,31 38 9,1,100,,287149,2,0,31 38 9,1,100,,287151,2,0,31 38 9,1,200,,287156,2,0,31 38 9,1,200,,287162,2,0,31 38 9,1,100,,287165,2,0,31 38 9,1,200,,287170,2,0,31 38 9,1,200,,287172,2,0,31 38 9,1,200,,287174,2,0,31 38 9,1,200,,287175,2,0,31 38 9,1
4001,'20261115',351,,287176,2,0,31 38 9,1,200,,287177,2,0,31 38 9,1,200,,287180,2,0,31 38 9,1,100,,287182,2,0,31 38 9,1,100,,287184,2,0,31 38 9,1,100,,287186,2,0,31 38 9,1,100,,287188,2,0,31 38 9,1,100,,287190,2,0,31 38 9,1,200,,287195,2,0,31 38 9,1,200,,287201,2,0,31 38 9,1,100,,287204,2,0,31 38 9,1,200,,287209,2,0,31 38 9,1,200,,287211,2,0,31 38 9,1,200,,287213,2,0,31 38 9,1,200,,287214,2,0,31 38 9,1
4001,'20261116',351,,287215,2,0,31 38 9,1,100,,287216,2,0,31 38 9,1,100,,287218,2,0,31 38 9,1,105,,287223,2,0,37 38 9,1,95,,287226,2,0,37 38 9,1,100,,287229,2,0,37 38 9,1,75,,287230,2,0,31 38 9,1,100,,287232,2,0,31 38 9,1,90,,287234,2,0,31 38 9,1,215,,287239,2,0,31 38 9,1,125,,287244,2,0,31 38 9,1,95,,287248,2,0,37 38 9,1,100,,287252,2,0,37 38 9,1,95,,287256,2,0,37 38 9,1,175,,287259,2,0,37 38 9,1,230,,287262,2,0,31 38 9,1,200,,287264,2,0,31 38 9,1,200,,287265,2,0,31 38 9,1
4001,'20261117',351,,287266,2,0,31 38 9,1,100,,287267,2,0,31 38 9,1,100,,287269,2,0,31 38 9,1,105,,287274,2,0,37 38 9,1,95,,287277,2,0,37 38 9,1,100,,287280,2,0,37 38 9,1,75,,287281,2,0,31 38 9,1,100,,287283,2,0,31 38 9,1,90,,287285,2,0,31 38 9,1,215,,287290,2,0,31 38 9,1,125,,287295,2,0,31 38 9,1,95,,287299,2,0,37 38 9,1,100,,287303,2,0,37 38 9,1,95,,287307,2,0,37 38 9,1,175,,287310,2,0,37 38 9,1,230,,287313,2,0,31 38 9,1,200,,287315,2,0,31 38 9,1,200,,287316,2,0,31 38 9,1
4001,'20261118',351,,287317,2,0,31 38 9,1,100,,287318,2,0,31 38 9,1,100,,287320,2,0,31 38 9,1,105,,287325,2,0,37 38 9,1,95,,287328,2,0,37 38 9,1,100,,287331,2,0,37 38 9,1,75,,287332,2,0,31 38 9,1,100,,287334,2,0,31 38 9,1,90,,287336,2,0,31 38 9,1,215,,287341,2,0,31 38 9,1,125,,287346,2,0,31 38 9,1,95,,287350,2,0,37 38 9,1,100,,287354,2,0,37 38 9,1,95,,287358,2,0,37 38 9,1,175,,287361,2,0,37 38 9,1,230,,287364,2,0,31 38 9,1,200,,287366,2,0,31 38 9,1,200,,287367,2,0,31 38 9,1
4001,'20261119',351,,287368,2,0,31 38 9,1,100,,287369,2,0,31 38 9,1,100,,287371,2,0,31 38 9,1,105,,287376,2,0,37 38 9,1,95,,287379,2,0,37 38 9,1,100,,287382,2,0,37 38 9,1,75,,287383,2,0,31 38 9,1,100,,287385,2,0,31 38 9,1,90,,287387,2,0,31 38 9,1,215,,287392,2,0,31 38 9,1,125,,287397,2,0,31 38 9,1,95,,287401,2,0,37 38 9,1,100,,287405,2,0,37 38 9,1,95,,287409,2,0,37 38 9,1,175,,287412,2,0,37 38 9,1,230,,287415,2,0,31 38 9,1,200,,287417,2,0,31 38 9,1,200,,287418,2,0,31 38 9,1
4001,'20261120',351,,287419,2,0,31 38 9,1,100,,287420,2,0,31 38 9,1,100,,287422,2,0,31 38 9,1,105,,287427,2,0,37 38 9,1,95,,287430,2,0,37 38 9,1,100,,287433,2,0,37 38 9,1,75,,287434,2,0,31 38 9,1,100,,287436,2,0,31 38 9,1,90,,287438,2,0,31 38 9,1,215,,287443,2,0,31 38 9,1,125,,287448,2,0,31 38 9,1,95,,287452,2,0,37 38 9,1,100,,287456,2,0,37 38 9,1,95,,287460,2,0,37 38 9,1,175,,287463,2,0,37 38 9,1,230,,287466,2,0,31 38 9,1,200,,287468,2,0,31 38 9,1,200,,287469,2,0,31 38 9,1
4001,'20261121',351,,287470,2,0,31 38 9,1,200,,287471,2,0,31 38 9,1,200,,287474,2,0,31 38 9,1,100,,287476,2,0,31 38 9,1,100,,287478,2,0,31 38 9,1,100,,287480,2,0,31 38 9,1,100,,287482,2,0,31 38 9,1,100,,287484,2,0,31 38 9,1,200,,287489,2,0,31 38 9,1,200,,287495,2,0,31 38 9,1,100,,287498,2,0,31 38 9,1,200,,287503,2,0,31 38 9,1,200,,287505,2,0,31 38 9,1,200,,287507,2,0,31 38 9,1,200,,287508,2,0,31 38 9,1
4001,'20261122',351,,287509,2,0,31 38 9,1,200,,287510,2,0,31 38 9,1,200,,287513,2,0,31 38 9,1,100,,287515,2,0,31 38 9,1,100,,287517,2,0,31 38 9,1,100,,287519,2,0,31 38 9,1,100,,287521,2,0,31 38 9,1,100,,287523,2,0,31 38 9,1,200,,287528,2,0,31 38 9,1,200,,287534,2,0,31 38 9,1,100,,287537,2,0,31 38 9,1,200,,287542,2,0,31 38 9,1,200,,287544,2,0,31 38 9,1,200,,287546,2,0,31 38 9,1,200,,287547,2,0,31 38 9,1
4001,'20261123',351,,287548,2,0,31 38 9,1,100,,287549,2,0,31 38 9,1,100,,287551,2,0,31 38 9,1,105,,287556,2,0,37 38 9,1,95,,287559,2,0,37 38 9,1,100,,287562,2,0,37 38 9,1,75,,287563,2,0,31 38 9,1,100,,287565,2,0,31 38 9,1,90,,287567,2,0,31 38 9,1,215,,287572,2,0,31 38 9,1,125,,287577,2,0,31 38 9,1,95,,287581,2,0,37 38 9,1,100,,287585,2,0,37 38 9,1,95,,287589,2,0,37 38 9,1,175,,287592,2,0,37 38 9,1,230,,287595,2,0,31 38 9,1,200,,287597,2,0,31 38 9,1,200,,287598,2,0,31 38 9,1
4001,'20261124',351,,287599,2,0,31 38 9,1,100,,287600,2,0,31 38 9,1,100,,287602,2,0,31 38 9,1,105,,287607,2,0,37 38 9,1,95,,287610,2,0,37 38 9,1,100,,287613,2,0,37 38 9,1,75,,287614,2,0,31 38 9,1,100,,287616,2,0,31 38 9,1,90,,287618,2,0,31 38 9,1,215,,287623,2,0,31 38 9,1,125,,287628,2,0,31 38 9,1,95,,287632,2,0,37 38 9,1,100,,287636,2,0,37 38 9,1,95,,287640,2,0,37 38 9,1,175,,287643,2,0,37 38 9,1,230,,287646,2,0,31 38 9,1,200,,287648,2,0,31 38 9,1,200,,287649,2,0,31 38 9,1
4001,'20261125',351,,287650,2,0,31 38 9,1,100,,287651,2,0,31 38 9,1,100,,287653,2,0,31 38 9,1,105,,287658,2,0,37 38 9,1,95,,287661,2,0,37 38 9,1,100,,287664,2,0,37 38 9,1,75,,287665,2,0,31 38 9,1,100,,287667,2,0,31 38 9,1,90,,287669,2,0,31 38 9,1,215,,287674,2,0,31 38 9,1,125,,287679,2,0,31 38 9,1,95,,287683,2,0,37 38 9,1,100,,287687,2,0,37 38 9,1,95,,287691,2,0,37 38 9,1,175,,287694,2,0,37 38 9,1,230,,287697,2,0,31 38 9,1,200,,287699,2,0,31 38 9,1,200,,287700,2,0,31 38 9,1
4001,'20261126',351,,287701,2,0,31 38 9,1,100,,287702,2,0,31 38 9,1,100,,287704,2,0,31 38 9,1,105,,287709,2,0,37 38 9,1,95,,287712,2,0,37 38 9,1,100,,287715,2,0,37 38 9,1,75,,287716,2,0,31 38 9,1,100,,287718,2,0,31 38 9,1,90,,287720,2,0,31 38 9,1,215,,287725,2,0,31 38 9,1,125,,287730,2,0,31 38 9,1,95,,287734,2,0,37 38 9,1,100,,287738,2,0,37 38 9,1,95,,287742,2,0,37 38 9,1,175,,287745,2,0,37 38 9,1,230,,287748,2,0,31 38 9,1,200,,287750,2,0,31 38 9,1,200,,287751,2,0,31 38 9,1
4001,'20261127',351,,287752,2,0,31 38 9,1,100,,287753,2,0,31 38 9,1,100,,287755,2,0,31 38 9,1,105,,287760,2,0,37 38 9,1,95,,287763,2,0,37 38 9,1,100,,287766,2,0,37 38 9,1,75,,287767,2,0,31 38 9,1,100,,287769,2,0,31 38 9,1,90,,287771,2,0,31 38 9,1,215,,287776,2,0,31 38 9,1,125,,287781,2,0,31 38 9,1,95,,287785,2,0,37 38 9,1,100,,287789,2,0,37 38 9,1,95,,287793,2,0,37 38 9,1,175,,287796,2,0,37 38 9,1,230,,287799,2,0,31 38 9,1,200,,287801,2,0,31 38 9,1,200,,287802,2,0,31 38 9,1
5200,'20260910',711,,306260,7,0,7 11 12 9,1,110,,306261,7,0,7 11 12 9,1,912,,306262,7,0,7 11 12 9,1
5200,'20260911',711,,306263,7,0,7 11 12 9,1,110,,306264,7,0,7 11 12 9,1,912,,306265,7,0,7 11 12 9,1
5200,'20260912',851,,306266,7,0,102 12 9,1,200,,306267,7,0,102 12 9,1,200,,306268,7,0,102 12 9,1,100,,306269,7,0,102 12 9,1,100,,306270,7,0,102 12 9,1,100,,306271,7,0,102 12 9,1,100,,306272,7,0,102 12 9,1,100,,306273,7,0,102 12 9,1,100,,306274,7,0,102 12 9,1,100,,306275,7,0,102 12 9,1,99,,306276,7,0,102 12 9,1,100,,306277,7,0,102 12 9,1,200,,306278,7,0,102 12 9,1
5200,'20260913',851,,306279,7,0,102 12 9,1,200,,306280,7,0,102 12 9,1,200,,306281,7,0,102 12 9,1,100,,306282,7,0,102 12 9,1,100,,306283,7,0,102 12 9,1,100,,306284,7,0,102 12 9,1,100,,306285,7,0,102 12 9,1,100,,306286,7,0,102 12 9,1,100,,306287,7,0,102 12 9,1,100,,306288,7,0,102 12 9,1,99,,306289,7,0,102 12 9,1,100,,306290,7,0,102 12 9,1,200,,306291,7,0,102 12 9,1
5200,'20260914',711,,306292,7,0,7 11 12 9,1,110,,306293,7,0,7 11 12 9,1,912,,306294,7,0,7 11 12 9,1
5200,'20260915',711,,306295,7,0,7 11 12 9,1,110,,306296,7,0,7 11 12 9,1,912,,306297,7,0,7 11 12 9,1
5200,'20260916',711,,306298,7,0,7 11 12 9,1,110,,306299,7,0,7 11 12 9,1,912,,306300,7,0,7 11 12 9,1
5200,'20260917',711,,306301,7,0,7 11 12 9,1,110,,306302,7,0,7 11 12 9,1,912,,306303,7,0,7 11 12 9,1
5200,'20260918',711,,306304,7,0,7 11 12 9,1,110,,306305,7,0,7 11 12 9,1,912,,306306,7,0,7 11 12 9,1
5200,'20260919',851,,306307,7,0,102 12 9,1,200,,306308,7,0,102 12 9,1,200,,306309,7,0,102 12 9,1,100,,306310,7,0,102 12 9,1,100,,306311,7,0,102 12 9,1,100,,306312,7,0,102 12 9,1,100,,306313,7,0,102 12 9,1,100,,306314,7,0,102 12 9,1,100,,306315,7,0,102 12 9,1,100,,306316,7,0,102 12 9,1,99,,306317,7,0,102 12 9,1,100,,306318,7,0,102 12 9,1,200,,306319,7,0,102 12 9,1
5200,'20260920',851,,306320,7,0,102 12 9,1,200,,306321,7,0,102 12 9,1,200,,306322,7,0,102 12 9,1,100,,306323,7,0,102 12 9,1,100,,306324,7,0,102 12 9,1,100,,306325,7,0,102 12 9,1,100,,306326,7,0,102 12 9,1,100,,306327,7,0,102 12 9,1,100,,306328,7,0,102 12 9,1,100,,306329,7,0,102 12 9,1,99,,306330,7,0,102 12 9,1,100,,306331,7,0,102 12 9,1,200,,306332,7,0,102 12 9,1
5200,'20260921',711,,306333,7,0,7 11 12 9,1,110,,306334,7,0,7 11 12 9,1,912,,306335,7,0,7 11 12 9,1
5200,'20260922',711,,306336,7,0,7 11 12 9,1,110,,306337,7,0,7 11 12 9,1,912,,306338,7,0,7 11 12 9,1
5200,'20260923',711,,306339,7,0,7 11 12 9,1,110,,306340,7,0,7 11 12 9,1,912,,306341,7,0,7 11 12 9,1
5200,'20260924',711,,306342,7,0,7 11 12 9,1,110,,306343,7,0,7 11 12 9,1,912,,306344,7,0,7 11 12 9,1
5200,'20260925',711,,306345,7,0,7 11 12 9,1,110,,306346,7,0,7 11 12 9,1,912,,306347,7,0,7 11 12 9,1
5200,'20260926',851,,306348,7,0,102 12 9,1,200,,306349,7,0,102 12 9,1,200,,306350,7,0,102 12 9,1,100,,306351,7,0,102 12 9,1,100,,306352,7,0,102 12 9,1,100,,306353,7,0,102 12 9,1,100,,306354,7,0,102 12 9,1,100,,306355,7,0,102 12 9,1,100,,306356,7,0,102 12 9,1,100,,306357,7,0,102 12 9,1,99,,306358,7,0,102 12 9,1,100,,306359,7,0,102 12 9,1,200,,306360,7,0,102 12 9,1
5200,'20260927',851,,306361,7,0,102 12 9,1,200,,306362,7,0,102 12 9,1,200,,306363,7,0,102 12 9,1,100,,306364,7,0,102 12 9,1,100,,306365,7,0,102 12 9,1,100,,306366,7,0,102 12 9,1,100,,306367,7,0,102 12 9,1,100,,306368,7,0,102 12 9,1,100,,306369,7,0,102 12 9,1,100,,306370,7,0,102 12 9,1,99,,306371,7,0,102 12 9,1,100,,306372,7,0,102 12 9,1,200,,306373,7,0,102 12 9,1
5200,'20260928',711,,306374,7,0,7 11 12 9,1,110,,306375,7,0,7 11 12 9,1,912,,306376,7,0,7 11 12 9,1
5200,'20260929',711,,306377,7,0,7 11 12 9,1,110,,306378,7,0,7 11 12 9,1,912,,306379,7,0,7 11 12 9,1
5200,'20260930',711,,306380,7,0,7 11 12 9,1,110,,306381,7,0,7 11 12 9,1,912,,306382,7,0,7 11 12 9,1
5200,'20261001',711,,306383,7,0,7 11 12 9,1,110,,306384,7,0,7 11 12 9,1,912,,306385,7,0,7 11 12 9,1
5200,'20261002',711,,306386,7,0,7 11 12 9,1,110,,306387,7,0,7 11 12 9,1,912,,306388,7,0,7 11 12 9,1
5200,'20261003',851,,306389,7,0,102 12 9,1,200,,306390,7,0,102 12 9,1,200,,306391,7,0,102 12 9,1,100,,306392,7,0,102 12 9,1,100,,306393,7,0,102 12 9,1,100,,306394,7,0,102 12 9,1,100,,306395,7,0,102 12 9,1,100,,306396,7,0,102 12 9,1,100,,306397,7,0,102 12 9,1,100,,306398,7,0,102 12 9,1,99,,306399,7,0,102 12 9,1,100,,306400,7,0,102 12 9,1,200,,306401,7,0,102 12 9,1
5200,'20261004',851,,306402,7,0,102 12 9,1,200,,306403,7,0,102 12 9,1,200,,306404,7,0,102 12 9,1,100,,306405,7,0,102 12 9,1,100,,306406,7,0,102 12 9,1,100,,306407,7,0,102 12 9,1,100,,306408,7,0,102 12 9,1,100,,306409,7,0,102 12 9,1,100,,306410,7,0,102 12 9,1,100,,306411,7,0,102 12 9,1,99,,306412,7,0,102 12 9,1,100,,306413,7,0,102 12 9,1,200,,306414,7,0,102 12 9,1
5200,'20261005',711,,306415,7,0,7 11 12 9,1,110,,306416,7,0,7 11 12 9,1,912,,306417,7,0,7 11 12 9,1
5200,'20261006',711,,306418,7,0,7 11 12 9,1,110,,306419,7,0,7 11 12 9,1,912,,306420,7,0,7 11 12 9,1
5200,'20261007',711,,306421,7,0,7 11 12 9,1,110,,306422,7,0,7 11 12 9,1,912,,306423,7,0,7 11 12 9,1
5200,'20261008',711,,306424,7,0,7 11 12 9,1,110,,306425,7,0,7 11 12 9,1,912,,306426,7,0,7 11 12 9,1
5200,'20261009',711,,306427,7,0,7 11 12 9,1,110,,306428,7,0,7 11 12 9,1,912,,306429,7,0,7 11 12 9,1
5200,'20261010',851,,306430,7,0,102 12 9,1,200,,306431,7,0,102 12 9,1,200,,306432,7,0,102 12 9,1,100,,306433,7,0,102 12 9,1,100,,306434,7,0,102 12 9,1,100,,306435,7,0,102 12 9,1,100,,306436,7,0,102 12 9,1,100,,306437,7,0,102 12 9,1,100,,306438,7,0,102 12 9,1,100,,306439,7,0,102 12 9,1,99,,306440,7,0,102 12 9,1,100,,306441,7,0,102 12 9,1,200,,306442,7,0,102 12 9,1
5200,'20261011',851,,306443,7,0,102 12 9,1,200,,306444,7,0,102 12 9,1,200,,306445,7,0,102 12 9,1,100,,306446,7,0,102 12 9,1,100,,306447,7,0,102 12 9,1,100,,306448,7,0,102 12 9,1,100,,306449,7,0,102 12 9,1,100,,306450,7,0,102 12 9,1,100,,306451,7,0,102 12 9,1,100,,306452,7,0,102 12 9,1,99,,306453,7,0,102 12 9,1,100,,306454,7,0,102 12 9,1,200,,306455,7,0,102 12 9,1
5200,'20261012',851,,306456,7,0,102 12 9,1,200,,306457,7,0,102 12 9,1,200,,306458,7,0,102 12 9,1,100,,306459,7,0,102 12 9,1,100,,306460,7,0,102 12 9,1,100,,306461,7,0,102 12 9,1,100,,306462,7,0,102 12 9,1,100,,306463,7,0,102 12 9,1,100,,306464,7,0,102 12 9,1,100,,306465,7,0,102 12 9,1,99,,306466,7,0,102 12 9,1,100,,306467,7,0,102 12 9,1,200,,306468,7,0,102 12 9,1
5200,'20261013',711,,306469,7,0,7 11 12 9,1,110,,306470,7,0,7 11 12 9,1,912,,306471,7,0,7 11 12 9,1
5200,'20261014',711,,306472,7,0,7 11 12 9,1,110,,306473,7,0,7 11 12 9,1,912,,306474,7,0,7 11 12 9,1
5200,'20261015',711,,306475,7,0,7 11 12 9,1,110,,306476,7,0,7 11 12 9,1,912,,306477,7,0,7 11 12 9,1
5200,'20261016',711,,306478,7,0,7 11 12 9,1,110,,306479,7,0,7 11 12 9,1,912,,306480,7,0,7 11 12 9,1
5200,'20261017',851,,306481,7,0,102 12 9,1,200,,306482,7,0,102 12 9,1,200,,306483,7,0,102 12 9,1,100,,306484,7,0,102 12 9,1,100,,306485,7,0,102 12 9,1,100,,306486,7,0,102 12 9,1,100,,306487,7,0,102 12 9,1,100,,306488,7,0,102 12 9,1,100,,306489,7,0,102 12 9,1,100,,306490,7,0,102 12 9,1,99,,306491,7,0,102 12 9,1,100,,306492,7,0,102 12 9,1,200,,306493,7,0,102 12 9,1
5200,'20261018',851,,306494,7,0,102 12 9,1,200,,306495,7,0,102 12 9,1,200,,306496,7,0,102 12 9,1,100,,306497,7,0,102 12 9,1,100,,306498,7,0,102 12 9,1,100,,306499,7,0,102 12 9,1,100,,306500,7,0,102 12 9,1,100,,306501,7,0,102 12 9,1,100,,306502,7,0,102 12 9,1,100,,306503,7,0,102 12 9,1,99,,306504,7,0,102 12 9,1,100,,306505,7,0,102 12 9,1,200,,306506,7,0,102 12 9,1
5200,'20261019',711,,306507,7,0,7 11 12 9,1,110,,306508,7,0,7 11 12 9,1,912,,306509,7,0,7 11 12 9,1
5200,'20261020',711,,306510,7,0,7 11 12 9,1,110,,306511,7,0,7 11 12 9,1,912,,306512,7,0,7 11 12 9,1
5200,'20261021',711,,306513,7,0,7 11 12 9,1,110,,306514,7,0,7 11 12 9,1,912,,306515,7,0,7 11 12 9,1
5200,'20261022',711,,306516,7,0,7 11 12 9,1,110,,306517,7,0,7 11 12 9,1,912,,306518,7,0,7 11 12 9,1
5200,'20261023',711,,306519,7,0,7 11 12 9,1,110,,306520,7,0,7 11 12 9,1,912,,306521,7,0,7 11 12 9,1
5200,'20261024',851,,306522,7,0,102 12 9,1,200,,306523,7,0,102 12 9,1,200,,306524,7,0,102 12 9,1,100,,306525,7,0,102 12 9,1,100,,306526,7,0,102 12 9,1,100,,306527,7,0,102 12 9,1,100,,306528,7,0,102 12 9,1,100,,306529,7,0,102 12 9,1,100,,306530,7,0,102 12 9,1,100,,306531,7,0,102 12 9,1,99,,306532,7,0,102 12 9,1,100,,306533,7,0,102 12 9,1,200,,306534,7,0,102 12 9,1
5200,'20261025',851,,306535,7,0,102 12 9,1,200,,306536,7,0,102 12 9,1,200,,306537,7,0,102 12 9,1,100,,306538,7,0,102 12 9,1,100,,306539,7,0,102 12 9,1,100,,306540,7,0,102 12 9,1,100,,306541,7,0,102 12 9,1,100,,306542,7,0,102 12 9,1,100,,306543,7,0,102 12 9,1,100,,306544,7,0,102 12 9,1,99,,306545,7,0,102 12 9,1,100,,306546,7,0,102 12 9,1,200,,306547,7,0,102 12 9,1
5200,'20261026',711,,306548,7,0,7 11 12 9,1,110,,306549,7,0,7 11 12 9,1,912,,306550,7,0,7 11 12 9,1
5200,'20261027',711,,306551,7,0,7 11 12 9,1,110,,306552,7,0,7 11 12 9,1,912,,306553,7,0,7 11 12 9,1
5200,'20261028',711,,306554,7,0,7 11 12 9,1,110,,306555,7,0,7 11 12 9,1,912,,306556,7,0,7 11 12 9,1
5200,'20261029',711,,306557,7,0,7 11 12 9,1,110,,306558,7,0,7 11 12 9,1,912,,306559,7,0,7 11 12 9,1
5200,'20261030',711,,306560,7,0,7 11 12 9,1,110,,306561,7,0,7 11 12 9,1,912,,306562,7,0,7 11 12 9,1
5200,'20261031',851,,306563,7,0,102 12 9,1,200,,306564,7,0,102 12 9,1,200,,306565,7,0,102 12 9,1,100,,306566,7,0,102 12 9,1,100,,306567,7,0,102 12 9,1,100,,306568,7,0,102 12 9,1,100,,306569,7,0,102 12 9,1,100,,306570,7,0,102 12 9,1,100,,306571,7,0,102 12 9,1,100,,306572,7,0,102 12 9,1,99,,306573,7,0,102 12 9,1,100,,306574,7,0,102 12 9,1,200,,306575,7,0,102 12 9,1
5200,'20261101',851,,306576,7,0,102 12 9,1,200,,306577,7,0,102 12 9,1,200,,306578,7,0,102 12 9,1,100,,306579,7,0,102 12 9,1,100,,306580,7,0,102 12 9,1,100,,306581,7,0,102 12 9,1,100,,306582,7,0,102 12 9,1,100,,306583,7,0,102 12 9,1,100,,306584,7,0,102 12 9,1,100,,306585,7,0,102 12 9,1,99,,306586,7,0,102 12 9,1,100,,306587,7,0,102 12 9,1,200,,306588,7,0,102 12 9,1
5200,'20261102',711,,306589,7,0,7 11 12 9,1,110,,306590,7,0,7 11 12 9,1,912,,306591,7,0,7 11 12 9,1
5200,'20261103',711,,306592,7,0,7 11 12 9,1,110,,306593,7,0,7 11 12 9,1,912,,306594,7,0,7 11 12 9,1
5200,'20261104',711,,306595,7,0,7 11 12 9,1,110,,306596,7,0,7 11 12 9,1,912,,306597,7,0,7 11 12 9,1
5200,'20261105',711,,306598,7,0,7 11 12 9,1,110,,306599,7,0,7 11 12 9,1,912,,306600,7,0,7 11 12 9,1
5200,'20261106',711,,306601,7,0,7 11 12 9,1,110,,306602,7,0,7 11 12 9,1,912,,306603,7,0,7 11 12 9,1
5200,'20261107',851,,306604,7,0,102 12 9,1,200,,306605,7,0,102 12 9,1,200,,306606,7,0,102 12 9,1,100,,306607,7,0,102 12 9,1,100,,306608,7,0,102 12 9,1,100,,306609,7,0,102 12 9,1,100,,306610,7,0,102 12 9,1,100,,306611,7,0,102 12 9,1,100,,306612,7,0,102 12 9,1,100,,306613,7,0,102 12 9,1,99,,306614,7,0,102 12 9,1,100,,306615,7,0,102 12 9,1,200,,306616,7,0,102 12 9,1
5200,'20261108',851,,306617,7,0,102 12 9,1,200,,306618,7,0,102 12 9,1,200,,306619,7,0,102 12 9,1,100,,306620,7,0,102 12 9,1,100,,306621,7,0,102 12 9,1,100,,306622,7,0,102 12 9,1,100,,306623,7,0,102 12 9,1,100,,306624,7,0,102 12 9,1,100,,306625,7,0,102 12 9,1,100,,306626,7,0,102 12 9,1,99,,306627,7,0,102 12 9,1,100,,306628,7,0,102 12 9,1,200,,306629,7,0,102 12 9,1
5200,'20261109',711,,306630,7,0,7 11 12 9,1,110,,306631,7,0,7 11 12 9,1,912,,306632,7,0,7 11 12 9,1
5200,'20261110',711,,306633,7,0,7 11 12 9,1,110,,306634,7,0,7 11 12 9,1,912,,306635,7,0,7 11 12 9,1
5200,'20261111',711,,306636,7,0,7 11 12 9,1,110,,306637,7,0,7 11 12 9,1,912,,306638,7,0,7 11 12 9,1
5200,'20261112',711,,306639,7,0,7 11 12 9,1,110,,306640,7,0,7 11 12 9,1,912,,306641,7,0,7 11 12 9,1
5200,'20261113',711,,306642,7,0,7 11 12 9,1,110,,306643,7,0,7 11 12 9,1,912,,306644,7,0,7 11 12 9,1
5200,'20261114',851,,306645,7,0,102 12 9,1,200,,306646,7,0,102 12 9,1,200,,306647,7,0,102 12 9,1,100,,306648,7,0,102 12 9,1,100,,306649,7,0,102 12 9,1,100,,306650,7,0,102 12 9,1,100,,306651,7,0,102 12 9,1,100,,306652,7,0,102 12 9,1,100,,306653,7,0,102 12 9,1,100,,306654,7,0,102 12 9,1,99,,306655,7,0,102 12 9,1,100,,306656,7,0,102 12 9,1,200,,306657,7,0,102 12 9,1
5200,'20261115',851,,306658,7,0,102 12 9,1,200,,306659,7,0,102 12 9,1,200,,306660,7,0,102 12 9,1,100,,306661,7,0,102 12 9,1,100,,306662,7,0,102 12 9,1,100,,306663,7,0,102 12 9,1,100,,306664,7,0,102 12 9,1,100,,306665,7,0,102 12 9,1,100,,306666,7,0,102 12 9,1,100,,306667,7,0,102 12 9,1,99,,306668,7,0,102 12 9,1,100,,306669,7,0,102 12 9,1,200,,306670,7,0,102 12 9,1
5200,'20261116',711,,306671,7,0,7 11 12 9,1,110,,306672,7,0,7 11 12 9,1,912,,306673,7,0,7 11 12 9,1
5200,'20261117',711,,306674,7,0,7 11 12 9,1,110,,306675,7,0,7 11 12 9,1,912,,306676,7,0,7 11 12 9,1
5200,'20261118',711,,306677,7,0,7 11 12 9,1,110,,306678,7,0,7 11 12 9,1,912,,306679,7,0,7 11 12 9,1
5200,'20261119',711,,306680,7,0,7 11 12 9,1,110,,306681,7,0,7 11 12 9,1,912,,306682,7,0,7 11 12 9,1
5200,'20261120',711,,306683,7,0,7 11 12 9,1,110,,306684,7,0,7 11 12 9,1,912,,306685,7,0,7 11 12 9,1
5200,'20261121',851,,306686,7,0,102 12 9,1,200,,306687,7,0,102 12 9,1,200,,306688,7,0,102 12 9,1,100,,306689,7,0,102 12 9,1,100,,306690,7,0,102 12 9,1,100,,306691,7,0,102 12 9,1,100,,306692,7,0,102 12 9,1,100,,306693,7,0,102 12 9,1,100,,306694,7,0,102 12 9,1,100,,306695,7,0,102 12 9,1,99,,306696,7,0,102 12 9,1,100,,306697,7,0,102 12 9,1,200,,306698,7,0,102 12 9,1
5200,'20261122',851,,306699,7,0,102 12 9,1,200,,306700,7,0,102 12 9,1,200,,306701,7,0,102 12 9,1,100,,306702,7,0,102 12 9,1,100,,306703,7,0,102 12 9,1,100,,306704,7,0,102 12 9,1,100,,306705,7,0,102 12 9,1,100,,306706,7,0,102 12 9,1,100,,306707,7,0,102 12 9,1,100,,306708,7,0,102 12 9,1,99,,306709,7,0,102 12 9,1,100,,306710,7,0,102 12 9,1,200,,306711,7,0,102 12 9,1
5200,'20261123',711,,306712,7,0,7 11 12 9,1,110,,306713,7,0,7 11 12 9,1,912,,306714,7,0,7 11 12 9,1
5200,'20261124',711,,306715,7,0,7 11 12 9,1,110,,306716,7,0,7 11 12 9,1,912,,306717,7,0,7 11 12 9,1
5200,'20261125',711,,306718,7,0,7 11 12 9,1,110,,306719,7,0,7 11 12 9,1,912,,306720,7,0,7 11 12 9,1
5200,'20261126',711,,306721,7,0,7 11 12 9,1,110,,306722,7,0,7 11 12 9,1,912,,306723,7,0,7 11 12 9,1
5200,'20261127',711,,306724,7,0,7 11 12 9,1,110,,306725,7,0,7 11 12 9,1,912,,306726,7,0,7 11 12 9,1
5201,'20260910',725,,306772,12,0,7 20 39,1,30,,306773,12,0,7 20 39,1,70,,306774,12,0,7 20 39,1
5201,'20260911',725,,306775,12,0,7 20 39,1,30,,306776,12,0,7 20 39,1,70,,306777,12,0,7 20 39,1
5201,'20260912',730,,306778,14,,,1,200,,306779,14,,,1,200,,306780,14,,,1,100,,306781,14,,,1,100,,306782,14,,,1,100,,306783,14,,,1,100,,306784,14,,,1,100,,306785,14,,,1,100,,306786,14,,,1,100,,306787,14,,,1,100,,306788,14,,,1,100,,306789,14,,,1,200,,306790,14,,,1
5201,'20260913',730,,306791,14,,,1,200,,306792,14,,,1,200,,306793,14,,,1,100,,306794,14,,,1,100,,306795,14,,,1,100,,306796,14,,,1,100,,306797,14,,,1,100,,306798,14,,,1,100,,306799,14,,,1,100,,306800,14,,,1,100,,306801,14,,,1,100,,306802,14,,,1,200,,306803,14,,,1
5201,'20260914',725,,306804,12,0,7 20 39,1,30,,306805,12,0,7 20 39,1,70,,306806,12,0,7 20 39,1
5201,'20260915',725,,306807,12,0,7 20 39,1,30,,306808,12,0,7 20 39,1,70,,306809,12,0,7 20 39,1
5201,'20260916',725,,306810,12,0,7 20 39,1,30,,306811,12,0,7 20 39,1,70,,306812,12,0,7 20 39,1
5201,'20260917',725,,306813,12,0,7 20 39,1,30,,306814,12,0,7 20 39,1,70,,306815,12,0,7 20 39,1
5201,'20260918',725,,306816,12,0,7 20 39,1,30,,306817,12,0,7 20 39,1,70,,306818,12,0,7 20 39,1
5201,'20260919',730,,306819,14,,,1,200,,306820,14,,,1,200,,306821,14,,,1,100,,306822,14,,,1,100,,306823,14,,,1,100,,306824,14,,,1,100,,306825,14,,,1,100,,306826,14,,,1,100,,306827,14,,,1,100,,306828,14,,,1,100,,306829,14,,,1,100,,306830,14,,,1,200,,306831,14,,,1
5201,'20260920',730,,306832,14,,,1,200,,306833,14,,,1,200,,306834,14,,,1,100,,306835,14,,,1,100,,306836,14,,,1,100,,306837,14,,,1,100,,306838,14,,,1,100,,306839,14,,,1,100,,306840,14,,,1,100,,306841,14,,,1,100,,306842,14,,,1,100,,306843,14,,,1,200,,306844,14,,,1
5201,'20260921',725,,306845,12,0,7 20 39,1,30,,306846,12,0,7 20 39,1,70,,306847,12,0,7 20 39,1
5201,'20260922',725,,306848,12,0,7 20 39,1,30,,306849,12,0,7 20 39,1,70,,306850,12,0,7 20 39,1
5201,'20260923',725,,306851,12,0,7 20 39,1,30,,306852,12,0,7 20 39,1,70,,306853,12,0,7 20 39,1
5201,'20260924',725,,306854,12,0,7 20 39,1,30,,306855,12,0,7 20 39,1,70,,306856,12,0,7 20 39,1
5201,'20260925',725,,306857,12,0,7 20 39,1,30,,306858,12,0,7 20 39,1,70,,306859,12,0,7 20 39,1
5201,'20260926',730,,306860,14,,,1,200,,306861,14,,,1,200,,306862,14,,,1,100,,306863,14,,,1,100,,306864,14,,,1,100,,306865,14,,,1,100,,306866,14,,,1,100,,306867,14,,,1,100,,306868,14,,,1,100,,306869,14,,,1,100,,306870,14,,,1,100,,306871,14,,,1,200,,306872,14,,,1
5201,'20260927',730,,306873,14,,,1,200,,306874,14,,,1,200,,306875,14,,,1,100,,306876,14,,,1,100,,306877,14,,,1,100,,306878,14,,,1,100,,306879,14,,,1,100,,306880,14,,,1,100,,306881,14,,,1,100,,306882,14,,,1,100,,306883,14,,,1,100,,306884,14,,,1,200,,306885,14,,,1
5201,'20260928',725,,306886,12,0,7 20 39,1,30,,306887,12,0,7 20 39,1,70,,306888,12,0,7 20 39,1
5201,'20260929',725,,306889,12,0,7 20 39,1,30,,306890,12,0,7 20 39,1,70,,306891,12,0,7 20 39,1
5201,'20260930',725,,306892,12,0,7 20 39,1,30,,306893,12,0,7 20 39,1,70,,306894,12,0,7 20 39,1
5201,'20261001',725,,306895,12,0,7 20 39,1,30,,306896,12,0,7 20 39,1,70,,306897,12,0,7 20 39,1
5201,'20261002',725,,306898,12,0,7 20 39,1,30,,306899,12,0,7 20 39,1,70,,306900,12,0,7 20 39,1
5201,'20261003',730,,306901,14,,,1,200,,306902,14,,,1,200,,306903,14,,,1,100,,306904,14,,,1,100,,306905,14,,,1,100,,306906,14,,,1,100,,306907,14,,,1,100,,306908,14,,,1,100,,306909,14,,,1,100,,306910,14,,,1,100,,306911,14,,,1,100,,306912,14,,,1,200,,306913,14,,,1
5201,'20261004',730,,306914,14,,,1,200,,306915,14,,,1,200,,306916,14,,,1,100,,306917,14,,,1,100,,306918,14,,,1,100,,306919,14,,,1,100,,306920,14,,,1,100,,306921,14,,,1,100,,306922,14,,,1,100,,306923,14,,,1,100,,306924,14,,,1,100,,306925,14,,,1,200,,306926,14,,,1
5201,'20261005',725,,306927,12,0,7 20 39,1,30,,306928,12,0,7 20 39,1,70,,306929,12,0,7 20 39,1
5201,'20261006',725,,306930,12,0,7 20 39,1,30,,306931,12,0,7 20 39,1,70,,306932,12,0,7 20 39,1
5201,'20261007',725,,306933,12,0,7 20 39,1,30,,306934,12,0,7 20 39,1,70,,306935,12,0,7 20 39,1
5201,'20261008',725,,306936,12,0,7 20 39,1,30,,306937,12,0,7 20 39,1,70,,306938,12,0,7 20 39,1
5201,'20261009',725,,306939,12,0,7 20 39,1,30,,306940,12,0,7 20 39,1,70,,306941,12,0,7 20 39,1
5201,'20261010',730,,306942,14,,,1,200,,306943,14,,,1,200,,306944,14,,,1,100,,306945,14,,,1,100,,306946,14,,,1,100,,306947,14,,,1,100,,306948,14,,,1,100,,306949,14,,,1,100,,306950,14,,,1,100,,306951,14,,,1,100,,306952,14,,,1,100,,306953,14,,,1,200,,306954,14,,,1
5201,'20261011',730,,306955,14,,,1,200,,306956,14,,,1,200,,306957,14,,,1,100,,306958,14,,,1,100,,306959,14,,,1,100,,306960,14,,,1,100,,306961,14,,,1,100,,306962,14,,,1,100,,306963,14,,,1,100,,306964,14,,,1,100,,306965,14,,,1,100,,306966,14,,,1,200,,306967,14,,,1
5201,'20261012',730,,306968,14,,,1,200,,306969,14,,,1,200,,306970,14,,,1,100,,306971,14,,,1,100,,306972,14,,,1,100,,306973,14,,,1,100,,306974,14,,,1,100,,306975,14,,,1,100,,306976,14,,,1,100,,306977,14,,,1,100,,306978,14,,,1,100,,306979,14,,,1,200,,306980,14,,,1
5201,'20261013',725,,306981,12,0,7 20 39,1,30,,306982,12,0,7 20 39,1,70,,306983,12,0,7 20 39,1
5201,'20261014',725,,306984,12,0,7 20 39,1,30,,306985,12,0,7 20 39,1,70,,306986,12,0,7 20 39,1
5201,'20261015',725,,306987,12,0,7 20 39,1,30,,306988,12,0,7 20 39,1,70,,306989,12,0,7 20 39,1
5201,'20261016',725,,306990,12,0,7 20 39,1,30,,306991,12,0,7 20 39,1,70,,306992,12,0,7 20 39,1
5201,'20261017',730,,306993,14,,,1,200,,306994,14,,,1,200,,306995,14,,,1,100,,306996,14,,,1,100,,306997,14,,,1,100,,306998,14,,,1,100,,306999,14,,,1,100,,307000,14,,,1,100,,307001,14,,,1,100,,307002,14,,,1,100,,307003,14,,,1,100,,307004,14,,,1,200,,307005,14,,,1
5201,'20261018',730,,307006,14,,,1,200,,307007,14,,,1,200,,307008,14,,,1,100,,307009,14,,,1,100,,307010,14,,,1,100,,307011,14,,,1,100,,307012,14,,,1,100,,307013,14,,,1,100,,307014,14,,,1,100,,307015,14,,,1,100,,307016,14,,,1,100,,307017,14,,,1,200,,307018,14,,,1
5201,'20261019',725,,307019,12,0,7 20 39,1,30,,307020,12,0,7 20 39,1,70,,307021,12,0,7 20 39,1
5201,'20261020',725,,307022,12,0,7 20 39,1,30,,307023,12,0,7 20 39,1,70,,307024,12,0,7 20 39,1
5201,'20261021',725,,307025,12,0,7 20 39,1,30,,307026,12,0,7 20 39,1,70,,307027,12,0,7 20 39,1
5201,'20261022',725,,307028,12,0,7 20 39,1,30,,307029,12,0,7 20 39,1,70,,307030,12,0,7 20 39,1
5201,'20261023',725,,307031,12,0,7 20 39,1,30,,307032,12,0,7 20 39,1,70,,307033,12,0,7 20 39,1
5201,'20261024',730,,307034,14,,,1,200,,307035,14,,,1,200,,307036,14,,,1,100,,307037,14,,,1,100,,307038,14,,,1,100,,307039,14,,,1,100,,307040,14,,,1,100,,307041,14,,,1,100,,307042,14,,,1,100,,307043,14,,,1,100,,307044,14,,,1,100,,307045,14,,,1,200,,307046,14,,,1
5201,'20261025',730,,307047,14,,,1,200,,307048,14,,,1,200,,307049,14,,,1,100,,307050,14,,,1,100,,307051,14,,,1,100,,307052,14,,,1,100,,307053,14,,,1,100,,307054,14,,,1,100,,307055,14,,,1,100,,307056,14,,,1,100,,307057,14,,,1,100,,307058,14,,,1,200,,307059,14,,,1
5201,'20261026',725,,307060,12,0,7 20 39,1,30,,307061,12,0,7 20 39,1,70,,307062,12,0,7 20 39,1
5201,'20261027',725,,307063,12,0,7 20 39,1,30,,307064,12,0,7 20 39,1,70,,307065,12,0,7 20 39,1
5201,'20261028',725,,307066,12,0,7 20 39,1,30,,307067,12,0,7 20 39,1,70,,307068,12,0,7 20 39,1
5201,'20261029',725,,307069,12,0,7 20 39,1,30,,307070,12,0,7 20 39,1,70,,307071,12,0,7 20 39,1
5201,'20261030',725,,307072,12,0,7 20 39,1,30,,307073,12,0,7 20 39,1,70,,307074,12,0,7 20 39,1
5201,'20261031',730,,307075,14,,,1,200,,307076,14,,,1,200,,307077,14,,,1,100,,307078,14,,,1,100,,307079,14,,,1,100,,307080,14,,,1,100,,307081,14,,,1,100,,307082,14,,,1,100,,307083,14,,,1,100,,307084,14,,,1,100,,307085,14,,,1,100,,307086,14,,,1,200,,307087,14,,,1
5201,'20261101',730,,307088,14,,,1,200,,307089,14,,,1,200,,307090,14,,,1,100,,307091,14,,,1,100,,307092,14,,,1,100,,307093,14,,,1,100,,307094,14,,,1,100,,307095,14,,,1,100,,307096,14,,,1,100,,307097,14,,,1,100,,307098,14,,,1,100,,307099,14,,,1,200,,307100,14,,,1
5201,'20261102',725,,307101,12,0,7 20 39,1,30,,307102,12,0,7 20 39,1,70,,307103,12,0,7 20 39,1
5201,'20261103',725,,307104,12,0,7 20 39,1,30,,307105,12,0,7 20 39,1,70,,307106,12,0,7 20 39,1
5201,'20261104',725,,307107,12,0,7 20 39,1,30,,307108,12,0,7 20 39,1,70,,307109,12,0,7 20 39,1
5201,'20261105',725,,307110,12,0,7 20 39,1,30,,307111,12,0,7 20 39,1,70,,307112,12,0,7 20 39,1
5201,'20261106',725,,307113,12,0,7 20 39,1,30,,307114,12,0,7 20 39,1,70,,307115,12,0,7 20 39,1
5201,'20261107',730,,307116,14,,,1,200,,307117,14,,,1,200,,307118,14,,,1,100,,307119,14,,,1,100,,307120,14,,,1,100,,307121,14,,,1,100,,307122,14,,,1,100,,307123,14,,,1,100,,307124,14,,,1,100,,307125,14,,,1,100,,307126,14,,,1,100,,307127,14,,,1,200,,307128,14,,,1
5201,'20261108',730,,307129,14,,,1,200,,307130,14,,,1,200,,307131,14,,,1,100,,307132,14,,,1,100,,307133,14,,,1,100,,307134,14,,,1,100,,307135,14,,,1,100,,307136,14,,,1,100,,307137,14,,,1,100,,307138,14,,,1,100,,307139,14,,,1,100,,307140,14,,,1,200,,307141,14,,,1
5201,'20261109',725,,307142,12,0,7 20 39,1,30,,307143,12,0,7 20 39,1,70,,307144,12,0,7 20 39,1
5201,'20261110',725,,307145,12,0,7 20 39,1,30,,307146,12,0,7 20 39,1,70,,307147,12,0,7 20 39,1
5201,'20261111',725,,307148,12,0,7 20 39,1,30,,307149,12,0,7 20 39,1,70,,307150,12,0,7 20 39,1
5201,'20261112',725,,307151,12,0,7 20 39,1,30,,307152,12,0,7 20 39,1,70,,307153,12,0,7 20 39,1
5201,'20261113',725,,307154,12,0,7 20 39,1,30,,307155,12,0,7 20 39,1,70,,307156,12,0,7 20 39,1
5201,'20261114',730,,307157,14,,,1,200,,307158,14,,,1,200,,307159,14,,,1,100,,307160,14,,,1,100,,307161,14,,,1,100,,307162,14,,,1,100,,307163,14,,,1,100,,307164,14,,,1,100,,307165,14,,,1,100,,307166,14,,,1,100,,307167,14,,,1,100,,307168,14,,,1,200,,307169,14,,,1
5201,'20261115',730,,307170,14,,,1,200,,307171,14,,,1,200,,307172,14,,,1,100,,307173,14,,,1,100,,307174,14,,,1,100,,307175,14,,,1,100,,307176,14,,,1,100,,307177,14,,,1,100,,307178,14,,,1,100,,307179,14,,,1,100,,307180,14,,,1,100,,307181,14,,,1,200,,307182,14,,,1
5201,'20261116',725,,307183,12,0,7 20 39,1,30,,307184,12,0,7 20 39,1,70,,307185,12,0,7 20 39,1
5201,'20261117',725,,307186,12,0,7 20 39,1,30,,307187,12,0,7 20 39,1,70,,307188,12,0,7 20 39,1
5201,'20261118',725,,307189,12,0,7 20 39,1,30,,307190,12,0,7 20 39,1,70,,307191,12,0,7 20 39,1
5201,'20261119',725,,307192,12,0,7 20 39,1,30,,307193,12,0,7 20 39,1,70,,307194,12,0,7 20 39,1
5201,'20261120',725,,307195,12,0,7 20 39,1,30,,307196,12,0,7 20 39,1,70,,307197,12,0,7 20 39,1
5201,'20261121',730,,307198,14,,,1,200,,307199,14,,,1,200,,307200,14,,,1,100,,307201,14,,,1,100,,307202,14,,,1,100,,307203,14,,,1,100,,307204,14,,,1,100,,307205,14,,,1,100,,307206,14,,,1,100,,307207,14,,,1,100,,307208,14,,,1,100,,307209,14,,,1,200,,307210,14,,,1
5201,'20261122',730,,307211,14,,,1,200,,307212,14,,,1,200,,307213,14,,,1,100,,307214,14,,,1,100,,307215,14,,,1,100,,307216,14,,,1,100,,307217,14,,,1,100,,307218,14,,,1,100,,307219,14,,,1,100,,307220,14,,,1,100,,307221,14,,,1,100,,307222,14,,,1,200,,307223,14,,,1
5201,'20261123',725,,307224,12,0,7 20 39,1,30,,307225,12,0,7 20 39,1,70,,307226,12,0,7 20 39,1
5201,'20261124',725,,307227,12,0,7 20 39,1,30,,307228,12,0,7 20 39,1,70,,307229,12,0,7 20 39,1
5201,'20261125',725,,307230,12,0,7 20 39,1,30,,307231,12,0,7 20 39,1,70,,307232,12,0,7 20 39,1
5201,'20261126',725,,307233,12,0,7 20 39,1,30,,307234,12,0,7 20 39,1,70,,307235,12,0,7 20 39,1
5201,'20261127',725,,307236,12,0,7 20 39,1,30,,307237,12,0,7 20 39,1,70,,307238,12,0,7 20 39,1
5600,'20260910',646,,307319,21,0,102 12 9,1,11,,307320,6,0,7 11 12 9,1,69,,307321,21,0,102 12 9,1,6,,307322,6,0,7 11 12 9,1,69,,307323,21,0,102 12 9,1,35,,307324,21,0,102 12 9,1,4,,307325,6,0,7 11 12 9,1,63,,307326,21,0,102 12 9,1,30,,307327,21,0,102 12 9,1,4,,307328,6,0,7 11 12 9,1,66,,307329,21,0,102 12 9,1,30,,307330,21,0,102 12 9,1,70,,307331,21,0,102 12 9,1,30,,307332,21,0,102 12 9,1,70,,307333,21,0,102 12 9,1,35,,307334,21,0,102 12 9,1,65,,307335,21,0,102 12 9,1,33,,307336,21,0,102 12 9,1,70,,307337,21,0,102 12 9,1,30,,307338,21,0,102 12 9,1,71,,307339,21,0,102 12 9,1,34,,307340,21,0,102 12 9,1,70,,307341,21,0,102 12 9,1,30,,307342,21,0,102 12 9,1,69,,307343,21,0,102 12 9,1,35,,307344,21,0,102 12 9,1,76,,307346,21,0,102 12 9,1,25,,307347,21,0,102 12 9,1,70,,307349,21,0,102 12 9,1,28,,307350,21,0,102 12 9,1,72,,307352,21,0,102 12 9,1,15,,307353,21,0,102 12 9,1,25,,307354,21,0,102 12 9,1,80,,307355,21,0,102 12 9,1,100,,307356,21,0,102 12 9,1,100,,307357,21,0,102 12 9,1,100,,307358,21,0,102 12 9,1
5600,'20260911',646,,307359,21,0,102 12 9,1,11,,307360,6,0,7 11 12 9,1,69,,307361,21,0,102 12 9,1,6,,307362,6,0,7 11 12 9,1,69,,307363,21,0,102 12 9,1,35,,307364,21,0,102 12 9,1,4,,307365,6,0,7 11 12 9,1,63,,307366,21,0,102 12 9,1,30,,307367,21,0,102 12 9,1,4,,307368,6,0,7 11 12 9,1,66,,307369,21,0,102 12 9,1,30,,307370,21,0,102 12 9,1,70,,307371,21,0,102 12 9,1,30,,307372,21,0,102 12 9,1,70,,307373,21,0,102 12 9,1,35,,307374,21,0,102 12 9,1,65,,307375,21,0,102 12 9,1,33,,307376,21,0,102 12 9,1,70,,307377,21,0,102 12 9,1,30,,307378,21,0,102 12 9,1,71,,307379,21,0,102 12 9,1,34,,307380,21,0,102 12 9,1,70,,307381,21,0,102 12 9,1,30,,307382,21,0,102 12 9,1,69,,307383,21,0,102 12 9,1,35,,307384,21,0,102 12 9,1,76,,307386,21,0,102 12 9,1,25,,307387,21,0,102 12 9,1,70,,307389,21,0,102 12 9,1,28,,307390,21,0,102 12 9,1,72,,307392,21,0,102 12 9,1,15,,307393,21,0,102 12 9,1,25,,307394,21,0,102 12 9,1,80,,307395,21,0,102 12 9,1,100,,307396,21,0,102 12 9,1,100,,307397,21,0,102 12 9,1,100,,307398,21,0,102 12 9,1
5600,'20260914',646,,307399,21,0,102 12 9,1,11,,307400,6,0,7 11 12 9,1,69,,307401,21,0,102 12 9,1,6,,307402,6,0,7 11 12 9,1,69,,307403,21,0,102 12 9,1,35,,307404,21,0,102 12 9,1,4,,307405,6,0,7 11 12 9,1,63,,307406,21,0,102 12 9,1,30,,307407,21,0,102 12 9,1,4,,307408,6,0,7 11 12 9,1,66,,307409,21,0,102 12 9,1,30,,307410,21,0,102 12 9,1,70,,307411,21,0,102 12 9,1,30,,307412,21,0,102 12 9,1,70,,307413,21,0,102 12 9,1,35,,307414,21,0,102 12 9,1,65,,307415,21,0,102 12 9,1,33,,307416,21,0,102 12 9,1,70,,307417,21,0,102 12 9,1,30,,307418,21,0,102 12 9,1,71,,307419,21,0,102 12 9,1,34,,307420,21,0,102 12 9,1,70,,307421,21,0,102 12 9,1,30,,307422,21,0,102 12 9,1,69,,307423,21,0,102 12 9,1,35,,307424,21,0,102 12 9,1,76,,307426,21,0,102 12 9,1,25,,307427,21,0,102 12 9,1,70,,307429,21,0,102 12 9,1,28,,307430,21,0,102 12 9,1,72,,307432,21,0,102 12 9,1,15,,307433,21,0,102 12 9,1,25,,307434,21,0,102 12 9,1,80,,307435,21,0,102 12 9,1,100,,307436,21,0,102 12 9,1,100,,307437,21,0,102 12 9,1,100,,307438,21,0,102 12 9,1
5600,'20260915',646,,307439,21,0,102 12 9,1,11,,307440,6,0,7 11 12 9,1,69,,307441,21,0,102 12 9,1,6,,307442,6,0,7 11 12 9,1,69,,307443,21,0,102 12 9,1,35,,307444,21,0,102 12 9,1,4,,307445,6,0,7 11 12 9,1,63,,307446,21,0,102 12 9,1,30,,307447,21,0,102 12 9,1,4,,307448,6,0,7 11 12 9,1,66,,307449,21,0,102 12 9,1,30,,307450,21,0,102 12 9,1,70,,307451,21,0,102 12 9,1,30,,307452,21,0,102 12 9,1,70,,307453,21,0,102 12 9,1,35,,307454,21,0,102 12 9,1,65,,307455,21,0,102 12 9,1,33,,307456,21,0,102 12 9,1,70,,307457,21,0,102 12 9,1,30,,307458,21,0,102 12 9,1,71,,307459,21,0,102 12 9,1,34,,307460,21,0,102 12 9,1,70,,307461,21,0,102 12 9,1,30,,307462,21,0,102 12 9,1,69,,307463,21,0,102 12 9,1,35,,307464,21,0,102 12 9,1,76,,307466,21,0,102 12 9,1,25,,307467,21,0,102 12 9,1,70,,307469,21,0,102 12 9,1,28,,307470,21,0,102 12 9,1,72,,307472,21,0,102 12 9,1,15,,307473,21,0,102 12 9,1,25,,307474,21,0,102 12 9,1,80,,307475,21,0,102 12 9,1,100,,307476,21,0,102 12 9,1,100,,307477,21,0,102 12 9,1,100,,307478,21,0,102 12 9,1
5600,'20260916',646,,307479,21,0,102 12 9,1,11,,307480,6,0,7 11 12 9,1,69,,307481,21,0,102 12 9,1,6,,307482,6,0,7 11 12 9,1,69,,307483,21,0,102 12 9,1,35,,307484,21,0,102 12 9,1,4,,307485,6,0,7 11 12 9,1,63,,307486,21,0,102 12 9,1,30,,307487,21,0,102 12 9,1,4,,307488,6,0,7 11 12 9,1,66,,307489,21,0,102 12 9,1,30,,307490,21,0,102 12 9,1,70,,307491,21,0,102 12 9,1,30,,307492,21,0,102 12 9,1,70,,307493,21,0,102 12 9,1,35,,307494,21,0,102 12 9,1,65,,307495,21,0,102 12 9,1,33,,307496,21,0,102 12 9,1,70,,307497,21,0,102 12 9,1,30,,307498,21,0,102 12 9,1,71,,307499,21,0,102 12 9,1,34,,307500,21,0,102 12 9,1,70,,307501,21,0,102 12 9,1,30,,307502,21,0,102 12 9,1,69,,307503,21,0,102 12 9,1,35,,307504,21,0,102 12 9,1,76,,307506,21,0,102 12 9,1,25,,307507,21,0,102 12 9,1,70,,307509,21,0,102 12 9,1,28,,307510,21,0,102 12 9,1,72,,307512,21,0,102 12 9,1,15,,307513,21,0,102 12 9,1,25,,307514,21,0,102 12 9,1,80,,307515,21,0,102 12 9,1,100,,307516,21,0,102 12 9,1,100,,307517,21,0,102 12 9,1,100,,307518,21,0,102 12 9,1
5600,'20260917',646,,307519,21,0,102 12 9,1,11,,307520,6,0,7 11 12 9,1,69,,307521,21,0,102 12 9,1,6,,307522,6,0,7 11 12 9,1,69,,307523,21,0,102 12 9,1,35,,307524,21,0,102 12 9,1,4,,307525,6,0,7 11 12 9,1,63,,307526,21,0,102 12 9,1,30,,307527,21,0,102 12 9,1,4,,307528,6,0,7 11 12 9,1,66,,307529,21,0,102 12 9,1,30,,307530,21,0,102 12 9,1,70,,307531,21,0,102 12 9,1,30,,307532,21,0,102 12 9,1,70,,307533,21,0,102 12 9,1,35,,307534,21,0,102 12 9,1,65,,307535,21,0,102 12 9,1,33,,307536,21,0,102 12 9,1,70,,307537,21,0,102 12 9,1,30,,307538,21,0,102 12 9,1,71,,307539,21,0,102 12 9,1,34,,307540,21,0,102 12 9,1,70,,307541,21,0,102 12 9,1,30,,307542,21,0,102 12 9,1,69,,307543,21,0,102 12 9,1,35,,307544,21,0,102 12 9,1,76,,307546,21,0,102 12 9,1,25,,307547,21,0,102 12 9,1,70,,307549,21,0,102 12 9,1,28,,307550,21,0,102 12 9,1,72,,307552,21,0,102 12 9,1,15,,307553,21,0,102 12 9,1,25,,307554,21,0,102 12 9,1,80,,307555,21,0,102 12 9,1,100,,307556,21,0,102 12 9,1,100,,307557,21,0,102 12 9,1,100,,307558,21,0,102 12 9,1
5600,'20260918',646,,307559,21,0,102 12 9,1,11,,307560,6,0,7 11 12 9,1,69,,307561,21,0,102 12 9,1,6,,307562,6,0,7 11 12 9,1,69,,307563,21,0,102 12 9,1,35,,307564,21,0,102 12 9,1,4,,307565,6,0,7 11 12 9,1,63,,307566,21,0,102 12 9,1,30,,307567,21,0,102 12 9,1,4,,307568,6,0,7 11 12 9,1,66,,307569,21,0,102 12 9,1,30,,307570,21,0,102 12 9,1,70,,307571,21,0,102 12 9,1,30,,307572,21,0,102 12 9,1,70,,307573,21,0,102 12 9,1,35,,307574,21,0,102 12 9,1,65,,307575,21,0,102 12 9,1,33,,307576,21,0,102 12 9,1,70,,307577,21,0,102 12 9,1,30,,307578,21,0,102 12 9,1,71,,307579,21,0,102 12 9,1,34,,307580,21,0,102 12 9,1,70,,307581,21,0,102 12 9,1,30,,307582,21,0,102 12 9,1,69,,307583,21,0,102 12 9,1,35,,307584,21,0,102 12 9,1,76,,307586,21,0,102 12 9,1,25,,307587,21,0,102 12 9,1,70,,307589,21,0,102 12 9,1,28,,307590,21,0,102 12 9,1,72,,307592,21,0,102 12 9,1,15,,307593,21,0,102 12 9,1,25,,307594,21,0,102 12 9,1,80,,307595,21,0,102 12 9,1,100,,307596,21,0,102 12 9,1,100,,307597,21,0,102 12 9,1,100,,307598,21,0,102 12 9,1
5600,'20260921',646,,307599,21,0,102 12 9,1,11,,307600,6,0,7 11 12 9,1,69,,307601,21,0,102 12 9,1,6,,307602,6,0,7 11 12 9,1,69,,307603,21,0,102 12 9,1,35,,307604,21,0,102 12 9,1,4,,307605,6,0,7 11 12 9,1,63,,307606,21,0,102 12 9,1,30,,307607,21,0,102 12 9,1,4,,307608,6,0,7 11 12 9,1,66,,307609,21,0,102 12 9,1,30,,307610,21,0,102 12 9,1,70,,307611,21,0,102 12 9,1,30,,307612,21,0,102 12 9,1,70,,307613,21,0,102 12 9,1,35,,307614,21,0,102 12 9,1,65,,307615,21,0,102 12 9,1,33,,307616,21,0,102 12 9,1,70,,307617,21,0,102 12 9,1,30,,307618,21,0,102 12 9,1,71,,307619,21,0,102 12 9,1,34,,307620,21,0,102 12 9,1,70,,307621,21,0,102 12 9,1,30,,307622,21,0,102 12 9,1,69,,307623,21,0,102 12 9,1,35,,307624,21,0,102 12 9,1,76,,307626,21,0,102 12 9,1,25,,307627,21,0,102 12 9,1,70,,307629,21,0,102 12 9,1,28,,307630,21,0,102 12 9,1,72,,307632,21,0,102 12 9,1,15,,307633,21,0,102 12 9,1,25,,307634,21,0,102 12 9,1,80,,307635,21,0,102 12 9,1,100,,307636,21,0,102 12 9,1,100,,307637,21,0,102 12 9,1,100,,307638,21,0,102 12 9,1
5600,'20260922',646,,307639,21,0,102 12 9,1,11,,307640,6,0,7 11 12 9,1,69,,307641,21,0,102 12 9,1,6,,307642,6,0,7 11 12 9,1,69,,307643,21,0,102 12 9,1,35,,307644,21,0,102 12 9,1,4,,307645,6,0,7 11 12 9,1,63,,307646,21,0,102 12 9,1,30,,307647,21,0,102 12 9,1,4,,307648,6,0,7 11 12 9,1,66,,307649,21,0,102 12 9,1,30,,307650,21,0,102 12 9,1,70,,307651,21,0,102 12 9,1,30,,307652,21,0,102 12 9,1,70,,307653,21,0,102 12 9,1,35,,307654,21,0,102 12 9,1,65,,307655,21,0,102 12 9,1,33,,307656,21,0,102 12 9,1,70,,307657,21,0,102 12 9,1,30,,307658,21,0,102 12 9,1,71,,307659,21,0,102 12 9,1,34,,307660,21,0,102 12 9,1,70,,307661,21,0,102 12 9,1,30,,307662,21,0,102 12 9,1,69,,307663,21,0,102 12 9,1,35,,307664,21,0,102 12 9,1,76,,307666,21,0,102 12 9,1,25,,307667,21,0,102 12 9,1,70,,307669,21,0,102 12 9,1,28,,307670,21,0,102 12 9,1,72,,307672,21,0,102 12 9,1,15,,307673,21,0,102 12 9,1,25,,307674,21,0,102 12 9,1,80,,307675,21,0,102 12 9,1,100,,307676,21,0,102 12 9,1,100,,307677,21,0,102 12 9,1,100,,307678,21,0,102 12 9,1
5600,'20260923',646,,307679,21,0,102 12 9,1,11,,307680,6,0,7 11 12 9,1,69,,307681,21,0,102 12 9,1,6,,307682,6,0,7 11 12 9,1,69,,307683,21,0,102 12 9,1,35,,307684,21,0,102 12 9,1,4,,307685,6,0,7 11 12 9,1,63,,307686,21,0,102 12 9,1,30,,307687,21,0,102 12 9,1,4,,307688,6,0,7 11 12 9,1,66,,307689,21,0,102 12 9,1,30,,307690,21,0,102 12 9,1,70,,307691,21,0,102 12 9,1,30,,307692,21,0,102 12 9,1,70,,307693,21,0,102 12 9,1,35,,307694,21,0,102 12 9,1,65,,307695,21,0,102 12 9,1,33,,307696,21,0,102 12 9,1,70,,307697,21,0,102 12 9,1,30,,307698,21,0,102 12 9,1,71,,307699,21,0,102 12 9,1,34,,307700,21,0,102 12 9,1,70,,307701,21,0,102 12 9,1,30,,307702,21,0,102 12 9,1,69,,307703,21,0,102 12 9,1,35,,307704,21,0,102 12 9,1,76,,307706,21,0,102 12 9,1,25,,307707,21,0,102 12 9,1,70,,307709,21,0,102 12 9,1,28,,307710,21,0,102 12 9,1,72,,307712,21,0,102 12 9,1,15,,307713,21,0,102 12 9,1,25,,307714,21,0,102 12 9,1,80,,307715,21,0,102 12 9,1,100,,307716,21,0,102 12 9,1,100,,307717,21,0,102 12 9,1,100,,307718,21,0,102 12 9,1
5600,'20260924',646,,307719,21,0,102 12 9,1,11,,307720,6,0,7 11 12 9,1,69,,307721,21,0,102 12 9,1,6,,307722,6,0,7 11 12 9,1,69,,307723,21,0,102 12 9,1,35,,307724,21,0,102 12 9,1,4,,307725,6,0,7 11 12 9,1,63,,307726,21,0,102 12 9,1,30,,307727,21,0,102 12 9,1,4,,307728,6,0,7 11 12 9,1,66,,307729,21,0,102 12 9,1,30,,307730,21,0,102 12 9,1,70,,307731,21,0,102 12 9,1,30,,307732,21,0,102 12 9,1,70,,307733,21,0,102 12 9,1,35,,307734,21,0,102 12 9,1,65,,307735,21,0,102 12 9,1,33,,307736,21,0,102 12 9,1,70,,307737,21,0,102 12 9,1,30,,307738,21,0,102 12 9,1,71,,307739,21,0,102 12 9,1,34,,307740,21,0,102 12 9,1,70,,307741,21,0,102 12 9,1,30,,307742,21,0,102 12 9,1,69,,307743,21,0,102 12 9,1,35,,307744,21,0,102 12 9,1,76,,307746,21,0,102 12 9,1,25,,307747,21,0,102 12 9,1,70,,307749,21,0,102 12 9,1,28,,307750,21,0,102 12 9,1,72,,307752,21,0,102 12 9,1,15,,307753,21,0,102 12 9,1,25,,307754,21,0,102 12 9,1,80,,307755,21,0,102 12 9,1,100,,307756,21,0,102 12 9,1,100,,307757,21,0,102 12 9,1,100,,307758,21,0,102 12 9,1
5600,'20260925',646,,307759,21,0,102 12 9,1,11,,307760,6,0,7 11 12 9,1,69,,307761,21,0,102 12 9,1,6,,307762,6,0,7 11 12 9,1,69,,307763,21,0,102 12 9,1,35,,307764,21,0,102 12 9,1,4,,307765,6,0,7 11 12 9,1,63,,307766,21,0,102 12 9,1,30,,307767,21,0,102 12 9,1,4,,307768,6,0,7 11 12 9,1,66,,307769,21,0,102 12 9,1,30,,307770,21,0,102 12 9,1,70,,307771,21,0,102 12 9,1,30,,307772,21,0,102 12 9,1,70,,307773,21,0,102 12 9,1,35,,307774,21,0,102 12 9,1,65,,307775,21,0,102 12 9,1,33,,307776,21,0,102 12 9,1,70,,307777,21,0,102 12 9,1,30,,307778,21,0,102 12 9,1,71,,307779,21,0,102 12 9,1,34,,307780,21,0,102 12 9,1,70,,307781,21,0,102 12 9,1,30,,307782,21,0,102 12 9,1,69,,307783,21,0,102 12 9,1,35,,307784,21,0,102 12 9,1,76,,307786,21,0,102 12 9,1,25,,307787,21,0,102 12 9,1,70,,307789,21,0,102 12 9,1,28,,307790,21,0,102 12 9,1,72,,307792,21,0,102 12 9,1,15,,307793,21,0,102 12 9,1,25,,307794,21,0,102 12 9,1,80,,307795,21,0,102 12 9,1,100,,307796,21,0,102 12 9,1,100,,307797,21,0,102 12 9,1,100,,307798,21,0,102 12 9,1
5600,'20260928',646,,307799,21,0,102 12 9,1,11,,307800,6,0,7 11 12 9,1,69,,307801,21,0,102 12 9,1,6,,307802,6,0,7 11 12 9,1,69,,307803,21,0,102 12 9,1,35,,307804,21,0,102 12 9,1,4,,307805,6,0,7 11 12 9,1,63,,307806,21,0,102 12 9,1,30,,307807,21,0,102 12 9,1,4,,307808,6,0,7 11 12 9,1,66,,307809,21,0,102 12 9,1,30,,307810,21,0,102 12 9,1,70,,307811,21,0,102 12 9,1,30,,307812,21,0,102 12 9,1,70,,307813,21,0,102 12 9,1,35,,307814,21,0,102 12 9,1,65,,307815,21,0,102 12 9,1,33,,307816,21,0,102 12 9,1,70,,307817,21,0,102 12 9,1,30,,307818,21,0,102 12 9,1,71,,307819,21,0,102 12 9,1,34,,307820,21,0,102 12 9,1,70,,307821,21,0,102 12 9,1,30,,307822,21,0,102 12 9,1,69,,307823,21,0,102 12 9,1,35,,307824,21,0,102 12 9,1,76,,307826,21,0,102 12 9,1,25,,307827,21,0,102 12 9,1,70,,307829,21,0,102 12 9,1,28,,307830,21,0,102 12 9,1,72,,307832,21,0,102 12 9,1,15,,307833,21,0,102 12 9,1,25,,307834,21,0,102 12 9,1,80,,307835,21,0,102 12 9,1,100,,307836,21,0,102 12 9,1,100,,307837,21,0,102 12 9,1,100,,307838,21,0,102 12 9,1
5600,'20260929',646,,307839,21,0,102 12 9,1,11,,307840,6,0,7 11 12 9,1,69,,307841,21,0,102 12 9,1,6,,307842,6,0,7 11 12 9,1,69,,307843,21,0,102 12 9,1,35,,307844,21,0,102 12 9,1,4,,307845,6,0,7 11 12 9,1,63,,307846,21,0,102 12 9,1,30,,307847,21,0,102 12 9,1,4,,307848,6,0,7 11 12 9,1,66,,307849,21,0,102 12 9,1,30,,307850,21,0,102 12 9,1,70,,307851,21,0,102 12 9,1,30,,307852,21,0,102 12 9,1,70,,307853,21,0,102 12 9,1,35,,307854,21,0,102 12 9,1,65,,307855,21,0,102 12 9,1,33,,307856,21,0,102 12 9,1,70,,307857,21,0,102 12 9,1,30,,307858,21,0,102 12 9,1,71,,307859,21,0,102 12 9,1,34,,307860,21,0,102 12 9,1,70,,307861,21,0,102 12 9,1,30,,307862,21,0,102 12 9,1,69,,307863,21,0,102 12 9,1,35,,307864,21,0,102 12 9,1,76,,307866,21,0,102 12 9,1,25,,307867,21,0,102 12 9,1,70,,307869,21,0,102 12 9,1,28,,307870,21,0,102 12 9,1,72,,307872,21,0,102 12 9,1,15,,307873,21,0,102 12 9,1,25,,307874,21,0,102 12 9,1,80,,307875,21,0,102 12 9,1,100,,307876,21,0,102 12 9,1,100,,307877,21,0,102 12 9,1,100,,307878,21,0,102 12 9,1
5600,'20260930',646,,307879,21,0,102 12 9,1,11,,307880,6,0,7 11 12 9,1,69,,307881,21,0,102 12 9,1,6,,307882,6,0,7 11 12 9,1,69,,307883,21,0,102 12 9,1,35,,307884,21,0,102 12 9,1,4,,307885,6,0,7 11 12 9,1,63,,307886,21,0,102 12 9,1,30,,307887,21,0,102 12 9,1,4,,307888,6,0,7 11 12 9,1,66,,307889,21,0,102 12 9,1,30,,307890,21,0,102 12 9,1,70,,307891,21,0,102 12 9,1,30,,307892,21,0,102 12 9,1,70,,307893,21,0,102 12 9,1,35,,307894,21,0,102 12 9,1,65,,307895,21,0,102 12 9,1,33,,307896,21,0,102 12 9,1,70,,307897,21,0,102 12 9,1,30,,307898,21,0,102 12 9,1,71,,307899,21,0,102 12 9,1,34,,307900,21,0,102 12 9,1,70,,307901,21,0,102 12 9,1,30,,307902,21,0,102 12 9,1,69,,307903,21,0,102 12 9,1,35,,307904,21,0,102 12 9,1,76,,307906,21,0,102 12 9,1,25,,307907,21,0,102 12 9,1,70,,307909,21,0,102 12 9,1,28,,307910,21,0,102 12 9,1,72,,307912,21,0,102 12 9,1,15,,307913,21,0,102 12 9,1,25,,307914,21,0,102 12 9,1,80,,307915,21,0,102 12 9,1,100,,307916,21,0,102 12 9,1,100,,307917,21,0,102 12 9,1,100,,307918,21,0,102 12 9,1
5600,'20261001',646,,307919,21,0,102 12 9,1,11,,307920,6,0,7 11 12 9,1,69,,307921,21,0,102 12 9,1,6,,307922,6,0,7 11 12 9,1,69,,307923,21,0,102 12 9,1,35,,307924,21,0,102 12 9,1,4,,307925,6,0,7 11 12 9,1,63,,307926,21,0,102 12 9,1,30,,307927,21,0,102 12 9,1,4,,307928,6,0,7 11 12 9,1,66,,307929,21,0,102 12 9,1,30,,307930,21,0,102 12 9,1,70,,307931,21,0,102 12 9,1,30,,307932,21,0,102 12 9,1,70,,307933,21,0,102 12 9,1,35,,307934,21,0,102 12 9,1,65,,307935,21,0,102 12 9,1,33,,307936,21,0,102 12 9,1,70,,307937,21,0,102 12 9,1,30,,307938,21,0,102 12 9,1,71,,307939,21,0,102 12 9,1,34,,307940,21,0,102 12 9,1,70,,307941,21,0,102 12 9,1,30,,307942,21,0,102 12 9,1,69,,307943,21,0,102 12 9,1,35,,307944,21,0,102 12 9,1,76,,307946,21,0,102 12 9,1,25,,307947,21,0,102 12 9,1,70,,307949,21,0,102 12 9,1,28,,307950,21,0,102 12 9,1,72,,307952,21,0,102 12 9,1,15,,307953,21,0,102 12 9,1,25,,307954,21,0,102 12 9,1,80,,307955,21,0,102 12 9,1,100,,307956,21,0,102 12 9,1,100,,307957,21,0,102 12 9,1,100,,307958,21,0,102 12 9,1
5600,'20261002',646,,307959,21,0,102 12 9,1,11,,307960,6,0,7 11 12 9,1,69,,307961,21,0,102 12 9,1,6,,307962,6,0,7 11 12 9,1,69,,307963,21,0,102 12 9,1,35,,307964,21,0,102 12 9,1,4,,307965,6,0,7 11 12 9,1,63,,307966,21,0,102 12 9,1,30,,307967,21,0,102 12 9,1,4,,307968,6,0,7 11 12 9,1,66,,307969,21,0,102 12 9,1,30,,307970,21,0,102 12 9,1,70,,307971,21,0,102 12 9,1,30,,307972,21,0,102 12 9,1,70,,307973,21,0,102 12 9,1,35,,307974,21,0,102 12 9,1,65,,307975,21,0,102 12 9,1,33,,307976,21,0,102 12 9,1,70,,307977,21,0,102 12 9,1,30,,307978,21,0,102 12 9,1,71,,307979,21,0,102 12 9,1,34,,307980,21,0,102 12 9,1,70,,307981,21,0,102 12 9,1,30,,307982,21,0,102 12 9,1,69,,307983,21,0,102 12 9,1,35,,307984,21,0,102 12 9,1,76,,307986,21,0,102 12 9,1,25,,307987,21,0,102 12 9,1,70,,307989,21,0,102 12 9,1,28,,307990,21,0,102 12 9,1,72,,307992,21,0,102 12 9,1,15,,307993,21,0,102 12 9,1,25,,307994,21,0,102 12 9,1,80,,307995,21,0,102 12 9,1,100,,307996,21,0,102 12 9,1,100,,307997,21,0,102 12 9,1,100,,307998,21,0,102 12 9,1
5600,'20261005',646,,307999,21,0,102 12 9,1,11,,308000,6,0,7 11 12 9,1,69,,308001,21,0,102 12 9,1,6,,308002,6,0,7 11 12 9,1,69,,308003,21,0,102 12 9,1,35,,308004,21,0,102 12 9,1,4,,308005,6,0,7 11 12 9,1,63,,308006,21,0,102 12 9,1,30,,308007,21,0,102 12 9,1,4,,308008,6,0,7 11 12 9,1,66,,308009,21,0,102 12 9,1,30,,308010,21,0,102 12 9,1,70,,308011,21,0,102 12 9,1,30,,308012,21,0,102 12 9,1,70,,308013,21,0,102 12 9,1,35,,308014,21,0,102 12 9,1,65,,308015,21,0,102 12 9,1,33,,308016,21,0,102 12 9,1,70,,308017,21,0,102 12 9,1,30,,308018,21,0,102 12 9,1,71,,308019,21,0,102 12 9,1,34,,308020,21,0,102 12 9,1,70,,308021,21,0,102 12 9,1,30,,308022,21,0,102 12 9,1,69,,308023,21,0,102 12 9,1,35,,308024,21,0,102 12 9,1,76,,308026,21,0,102 12 9,1,25,,308027,21,0,102 12 9,1,70,,308029,21,0,102 12 9,1,28,,308030,21,0,102 12 9,1,72,,308032,21,0,102 12 9,1,15,,308033,21,0,102 12 9,1,25,,308034,21,0,102 12 9,1,80,,308035,21,0,102 12 9,1,100,,308036,21,0,102 12 9,1,100,,308037,21,0,102 12 9,1,100,,308038,21,0,102 12 9,1
5600,'20261006',646,,308039,21,0,102 12 9,1,11,,308040,6,0,7 11 12 9,1,69,,308041,21,0,102 12 9,1,6,,308042,6,0,7 11 12 9,1,69,,308043,21,0,102 12 9,1,35,,308044,21,0,102 12 9,1,4,,308045,6,0,7 11 12 9,1,63,,308046,21,0,102 12 9,1,30,,308047,21,0,102 12 9,1,4,,308048,6,0,7 11 12 9,1,66,,308049,21,0,102 12 9,1,30,,308050,21,0,102 12 9,1,70,,308051,21,0,102 12 9,1,30,,308052,21,0,102 12 9,1,70,,308053,21,0,102 12 9,1,35,,308054,21,0,102 12 9,1,65,,308055,21,0,102 12 9,1,33,,308056,21,0,102 12 9,1,70,,308057,21,0,102 12 9,1,30,,308058,21,0,102 12 9,1,71,,308059,21,0,102 12 9,1,34,,308060,21,0,102 12 9,1,70,,308061,21,0,102 12 9,1,30,,308062,21,0,102 12 9,1,69,,308063,21,0,102 12 9,1,35,,308064,21,0,102 12 9,1,76,,308066,21,0,102 12 9,1,25,,308067,21,0,102 12 9,1,70,,308069,21,0,102 12 9,1,28,,308070,21,0,102 12 9,1,72,,308072,21,0,102 12 9,1,15,,308073,21,0,102 12 9,1,25,,308074,21,0,102 12 9,1,80,,308075,21,0,102 12 9,1,100,,308076,21,0,102 12 9,1,100,,308077,21,0,102 12 9,1,100,,308078,21,0,102 12 9,1
5600,'20261007',646,,308079,21,0,102 12 9,1,11,,308080,6,0,7 11 12 9,1,69,,308081,21,0,102 12 9,1,6,,308082,6,0,7 11 12 9,1,69,,308083,21,0,102 12 9,1,35,,308084,21,0,102 12 9,1,4,,308085,6,0,7 11 12 9,1,63,,308086,21,0,102 12 9,1,30,,308087,21,0,102 12 9,1,4,,308088,6,0,7 11 12 9,1,66,,308089,21,0,102 12 9,1,30,,308090,21,0,102 12 9,1,70,,308091,21,0,102 12 9,1,30,,308092,21,0,102 12 9,1,70,,308093,21,0,102 12 9,1,35,,308094,21,0,102 12 9,1,65,,308095,21,0,102 12 9,1,33,,308096,21,0,102 12 9,1,70,,308097,21,0,102 12 9,1,30,,308098,21,0,102 12 9,1,71,,308099,21,0,102 12 9,1,34,,308100,21,0,102 12 9,1,70,,308101,21,0,102 12 9,1,30,,308102,21,0,102 12 9,1,69,,308103,21,0,102 12 9,1,35,,308104,21,0,102 12 9,1,76,,308106,21,0,102 12 9,1,25,,308107,21,0,102 12 9,1,70,,308109,21,0,102 12 9,1,28,,308110,21,0,102 12 9,1,72,,308112,21,0,102 12 9,1,15,,308113,21,0,102 12 9,1,25,,308114,21,0,102 12 9,1,80,,308115,21,0,102 12 9,1,100,,308116,21,0,102 12 9,1,100,,308117,21,0,102 12 9,1,100,,308118,21,0,102 12 9,1
5600,'20261008',646,,308119,21,0,102 12 9,1,11,,308120,6,0,7 11 12 9,1,69,,308121,21,0,102 12 9,1,6,,308122,6,0,7 11 12 9,1,69,,308123,21,0,102 12 9,1,35,,308124,21,0,102 12 9,1,4,,308125,6,0,7 11 12 9,1,63,,308126,21,0,102 12 9,1,30,,308127,21,0,102 12 9,1,4,,308128,6,0,7 11 12 9,1,66,,308129,21,0,102 12 9,1,30,,308130,21,0,102 12 9,1,70,,308131,21,0,102 12 9,1,30,,308132,21,0,102 12 9,1,70,,308133,21,0,102 12 9,1,35,,308134,21,0,102 12 9,1,65,,308135,21,0,102 12 9,1,33,,308136,21,0,102 12 9,1,70,,308137,21,0,102 12 9,1,30,,308138,21,0,102 12 9,1,71,,308139,21,0,102 12 9,1,34,,308140,21,0,102 12 9,1,70,,308141,21,0,102 12 9,1,30,,308142,21,0,102 12 9,1,69,,308143,21,0,102 12 9,1,35,,308144,21,0,102 12 9,1,76,,308146,21,0,102 12 9,1,25,,308147,21,0,102 12 9,1,70,,308149,21,0,102 12 9,1,28,,308150,21,0,102 12 9,1,72,,308152,21,0,102 12 9,1,15,,308153,21,0,102 12 9,1,25,,308154,21,0,102 12 9,1,80,,308155,21,0,102 12 9,1,100,,308156,21,0,102 12 9,1,100,,308157,21,0,102 12 9,1,100,,308158,21,0,102 12 9,1
5600,'20261009',646,,308159,21,0,102 12 9,1,11,,308160,6,0,7 11 12 9,1,69,,308161,21,0,102 12 9,1,6,,308162,6,0,7 11 12 9,1,69,,308163,21,0,102 12 9,1,35,,308164,21,0,102 12 9,1,4,,308165,6,0,7 11 12 9,1,63,,308166,21,0,102 12 9,1,30,,308167,21,0,102 12 9,1,4,,308168,6,0,7 11 12 9,1,66,,308169,21,0,102 12 9,1,30,,308170,21,0,102 12 9,1,70,,308171,21,0,102 12 9,1,30,,308172,21,0,102 12 9,1,70,,308173,21,0,102 12 9,1,35,,308174,21,0,102 12 9,1,65,,308175,21,0,102 12 9,1,33,,308176,21,0,102 12 9,1,70,,308177,21,0,102 12 9,1,30,,308178,21,0,102 12 9,1,71,,308179,21,0,102 12 9,1,34,,308180,21,0,102 12 9,1,70,,308181,21,0,102 12 9,1,30,,308182,21,0,102 12 9,1,69,,308183,21,0,102 12 9,1,35,,308184,21,0,102 12 9,1,76,,308186,21,0,102 12 9,1,25,,308187,21,0,102 12 9,1,70,,308189,21,0,102 12 9,1,28,,308190,21,0,102 12 9,1,72,,308192,21,0,102 12 9,1,15,,308193,21,0,102 12 9,1,25,,308194,21,0,102 12 9,1,80,,308195,21,0,102 12 9,1,100,,308196,21,0,102 12 9,1,100,,308197,21,0,102 12 9,1,100,,308198,21,0,102 12 9,1
5600,'20261013',646,,308199,21,0,102 12 9,1,11,,308200,6,0,7 11 12 9,1,69,,308201,21,0,102 12 9,1,6,,308202,6,0,7 11 12 9,1,69,,308203,21,0,102 12 9,1,35,,308204,21,0,102 12 9,1,4,,308205,6,0,7 11 12 9,1,63,,308206,21,0,102 12 9,1,30,,308207,21,0,102 12 9,1,4,,308208,6,0,7 11 12 9,1,66,,308209,21,0,102 12 9,1,30,,308210,21,0,102 12 9,1,70,,308211,21,0,102 12 9,1,30,,308212,21,0,102 12 9,1,70,,308213,21,0,102 12 9,1,35,,308214,21,0,102 12 9,1,65,,308215,21,0,102 12 9,1,33,,308216,21,0,102 12 9,1,70,,308217,21,0,102 12 9,1,30,,308218,21,0,102 12 9,1,71,,308219,21,0,102 12 9,1,34,,308220,21,0,102 12 9,1,70,,308221,21,0,102 12 9,1,30,,308222,21,0,102 12 9,1,69,,308223,21,0,102 12 9,1,35,,308224,21,0,102 12 9,1,76,,308226,21,0,102 12 9,1,25,,308227,21,0,102 12 9,1,70,,308229,21,0,102 12 9,1,28,,308230,21,0,102 12 9,1,72,,308232,21,0,102 12 9,1,15,,308233,21,0,102 12 9,1,25,,308234,21,0,102 12 9,1,80,,308235,21,0,102 12 9,1,100,,308236,21,0,102 12 9,1,100,,308237,21,0,102 12 9,1,100,,308238,21,0,102 12 9,1
5600,'20261014',646,,308239,21,0,102 12 9,1,11,,308240,6,0,7 11 12 9,1,69,,308241,21,0,102 12 9,1,6,,308242,6,0,7 11 12 9,1,69,,308243,21,0,102 12 9,1,35,,308244,21,0,102 12 9,1,4,,308245,6,0,7 11 12 9,1,63,,308246,21,0,102 12 9,1,30,,308247,21,0,102 12 9,1,4,,308248,6,0,7 11 12 9,1,66,,308249,21,0,102 12 9,1,30,,308250,21,0,102 12 9,1,70,,308251,21,0,102 12 9,1,30,,308252,21,0,102 12 9,1,70,,308253,21,0,102 12 9,1,35,,308254,21,0,102 12 9,1,65,,308255,21,0,102 12 9,1,33,,308256,21,0,102 12 9,1,70,,308257,21,0,102 12 9,1,30,,308258,21,0,102 12 9,1,71,,308259,21,0,102 12 9,1,34,,308260,21,0,102 12 9,1,70,,308261,21,0,102 12 9,1,30,,308262,21,0,102 12 9,1,69,,308263,21,0,102 12 9,1,35,,308264,21,0,102 12 9,1,76,,308266,21,0,102 12 9,1,25,,308267,21,0,102 12 9,1,70,,308269,21,0,102 12 9,1,28,,308270,21,0,102 12 9,1,72,,308272,21,0,102 12 9,1,15,,308273,21,0,102 12 9,1,25,,308274,21,0,102 12 9,1,80,,308275,21,0,102 12 9,1,100,,308276,21,0,102 12 9,1,100,,308277,21,0,102 12 9,1,100,,308278,21,0,102 12 9,1
5600,'20261015',646,,308279,21,0,102 12 9,1,11,,308280,6,0,7 11 12 9,1,69,,308281,21,0,102 12 9,1,6,,308282,6,0,7 11 12 9,1,69,,308283,21,0,102 12 9,1,35,,308284,21,0,102 12 9,1,4,,308285,6,0,7 11 12 9,1,63,,308286,21,0,102 12 9,1,30,,308287,21,0,102 12 9,1,4,,308288,6,0,7 11 12 9,1,66,,308289,21,0,102 12 9,1,30,,308290,21,0,102 12 9,1,70,,308291,21,0,102 12 9,1,30,,308292,21,0,102 12 9,1,70,,308293,21,0,102 12 9,1,35,,308294,21,0,102 12 9,1,65,,308295,21,0,102 12 9,1,33,,308296,21,0,102 12 9,1,70,,308297,21,0,102 12 9,1,30,,308298,21,0,102 12 9,1,71,,308299,21,0,102 12 9,1,34,,308300,21,0,102 12 9,1,70,,308301,21,0,102 12 9,1,30,,308302,21,0,102 12 9,1,69,,308303,21,0,102 12 9,1,35,,308304,21,0,102 12 9,1,76,,308306,21,0,102 12 9,1,25,,308307,21,0,102 12 9,1,70,,308309,21,0,102 12 9,1,28,,308310,21,0,102 12 9,1,72,,308312,21,0,102 12 9,1,15,,308313,21,0,102 12 9,1,25,,308314,21,0,102 12 9,1,80,,308315,21,0,102 12 9,1,100,,308316,21,0,102 12 9,1,100,,308317,21,0,102 12 9,1,100,,308318,21,0,102 12 9,1
5600,'20261016',646,,308319,21,0,102 12 9,1,11,,308320,6,0,7 11 12 9,1,69,,308321,21,0,102 12 9,1,6,,308322,6,0,7 11 12 9,1,69,,308323,21,0,102 12 9,1,35,,308324,21,0,102 12 9,1,4,,308325,6,0,7 11 12 9,1,63,,308326,21,0,102 12 9,1,30,,308327,21,0,102 12 9,1,4,,308328,6,0,7 11 12 9,1,66,,308329,21,0,102 12 9,1,30,,308330,21,0,102 12 9,1,70,,308331,21,0,102 12 9,1,30,,308332,21,0,102 12 9,1,70,,308333,21,0,102 12 9,1,35,,308334,21,0,102 12 9,1,65,,308335,21,0,102 12 9,1,33,,308336,21,0,102 12 9,1,70,,308337,21,0,102 12 9,1,30,,308338,21,0,102 12 9,1,71,,308339,21,0,102 12 9,1,34,,308340,21,0,102 12 9,1,70,,308341,21,0,102 12 9,1,30,,308342,21,0,102 12 9,1,69,,308343,21,0,102 12 9,1,35,,308344,21,0,102 12 9,1,76,,308346,21,0,102 12 9,1,25,,308347,21,0,102 12 9,1,70,,308349,21,0,102 12 9,1,28,,308350,21,0,102 12 9,1,72,,308352,21,0,102 12 9,1,15,,308353,21,0,102 12 9,1,25,,308354,21,0,102 12 9,1,80,,308355,21,0,102 12 9,1,100,,308356,21,0,102 12 9,1,100,,308357,21,0,102 12 9,1,100,,308358,21,0,102 12 9,1
5600,'20261019',646,,308359,21,0,102 12 9,1,11,,308360,6,0,7 11 12 9,1,69,,308361,21,0,102 12 9,1,6,,308362,6,0,7 11 12 9,1,69,,308363,21,0,102 12 9,1,35,,308364,21,0,102 12 9,1,4,,308365,6,0,7 11 12 9,1,63,,308366,21,0,102 12 9,1,30,,308367,21,0,102 12 9,1,4,,308368,6,0,7 11 12 9,1,66,,308369,21,0,102 12 9,1,30,,308370,21,0,102 12 9,1,70,,308371,21,0,102 12 9,1,30,,308372,21,0,102 12 9,1,70,,308373,21,0,102 12 9,1,35,,308374,21,0,102 12 9,1,65,,308375,21,0,102 12 9,1,33,,308376,21,0,102 12 9,1,70,,308377,21,0,102 12 9,1,30,,308378,21,0,102 12 9,1,71,,308379,21,0,102 12 9,1,34,,308380,21,0,102 12 9,1,70,,308381,21,0,102 12 9,1,30,,308382,21,0,102 12 9,1,69,,308383,21,0,102 12 9,1,35,,308384,21,0,102 12 9,1,76,,308386,21,0,102 12 9,1,25,,308387,21,0,102 12 9,1,70,,308389,21,0,102 12 9,1,28,,308390,21,0,102 12 9,1,72,,308392,21,0,102 12 9,1,15,,308393,21,0,102 12 9,1,25,,308394,21,0,102 12 9,1,80,,308395,21,0,102 12 9,1,100,,308396,21,0,102 12 9,1,100,,308397,21,0,102 12 9,1,100,,308398,21,0,102 12 9,1
5600,'20261020',646,,308399,21,0,102 12 9,1,11,,308400,6,0,7 11 12 9,1,69,,308401,21,0,102 12 9,1,6,,308402,6,0,7 11 12 9,1,69,,308403,21,0,102 12 9,1,35,,308404,21,0,102 12 9,1,4,,308405,6,0,7 11 12 9,1,63,,308406,21,0,102 12 9,1,30,,308407,21,0,102 12 9,1,4,,308408,6,0,7 11 12 9,1,66,,308409,21,0,102 12 9,1,30,,308410,21,0,102 12 9,1,70,,308411,21,0,102 12 9,1,30,,308412,21,0,102 12 9,1,70,,308413,21,0,102 12 9,1,35,,308414,21,0,102 12 9,1,65,,308415,21,0,102 12 9,1,33,,308416,21,0,102 12 9,1,70,,308417,21,0,102 12 9,1,30,,308418,21,0,102 12 9,1,71,,308419,21,0,102 12 9,1,34,,308420,21,0,102 12 9,1,70,,308421,21,0,102 12 9,1,30,,308422,21,0,102 12 9,1,69,,308423,21,0,102 12 9,1,35,,308424,21,0,102 12 9,1,76,,308426,21,0,102 12 9,1,25,,308427,21,0,102 12 9,1,70,,308429,21,0,102 12 9,1,28,,308430,21,0,102 12 9,1,72,,308432,21,0,102 12 9,1,15,,308433,21,0,102 12 9,1,25,,308434,21,0,102 12 9,1,80,,308435,21,0,102 12 9,1,100,,308436,21,0,102 12 9,1,100,,308437,21,0,102 12 9,1,100,,308438,21,0,102 12 9,1
5600,'20261021',646,,308439,21,0,102 12 9,1,11,,308440,6,0,7 11 12 9,1,69,,308441,21,0,102 12 9,1,6,,308442,6,0,7 11 12 9,1,69,,308443,21,0,102 12 9,1,35,,308444,21,0,102 12 9,1,4,,308445,6,0,7 11 12 9,1,63,,308446,21,0,102 12 9,1,30,,308447,21,0,102 12 9,1,4,,308448,6,0,7 11 12 9,1,66,,308449,21,0,102 12 9,1,30,,308450,21,0,102 12 9,1,70,,308451,21,0,102 12 9,1,30,,308452,21,0,102 12 9,1,70,,308453,21,0,102 12 9,1,35,,308454,21,0,102 12 9,1,65,,308455,21,0,102 12 9,1,33,,308456,21,0,102 12 9,1,70,,308457,21,0,102 12 9,1,30,,308458,21,0,102 12 9,1,71,,308459,21,0,102 12 9,1,34,,308460,21,0,102 12 9,1,70,,308461,21,0,102 12 9,1,30,,308462,21,0,102 12 9,1,69,,308463,21,0,102 12 9,1,35,,308464,21,0,102 12 9,1,76,,308466,21,0,102 12 9,1,25,,308467,21,0,102 12 9,1,70,,308469,21,0,102 12 9,1,28,,308470,21,0,102 12 9,1,72,,308472,21,0,102 12 9,1,15,,308473,21,0,102 12 9,1,25,,308474,21,0,102 12 9,1,80,,308475,21,0,102 12 9,1,100,,308476,21,0,102 12 9,1,100,,308477,21,0,102 12 9,1,100,,308478,21,0,102 12 9,1
5600,'20261022',646,,308479,21,0,102 12 9,1,11,,308480,6,0,7 11 12 9,1,69,,308481,21,0,102 12 9,1,6,,308482,6,0,7 11 12 9,1,69,,308483,21,0,102 12 9,1,35,,308484,21,0,102 12 9,1,4,,308485,6,0,7 11 12 9,1,63,,308486,21,0,102 12 9,1,30,,308487,21,0,102 12 9,1,4,,308488,6,0,7 11 12 9,1,66,,308489,21,0,102 12 9,1,30,,308490,21,0,102 12 9,1,70,,308491,21,0,102 12 9,1,30,,308492,21,0,102 12 9,1,70,,308493,21,0,102 12 9,1,35,,308494,21,0,102 12 9,1,65,,308495,21,0,102 12 9,1,33,,308496,21,0,102 12 9,1,70,,308497,21,0,102 12 9,1,30,,308498,21,0,102 12 9,1,71,,308499,21,0,102 12 9,1,34,,308500,21,0,102 12 9,1,70,,308501,21,0,102 12 9,1,30,,308502,21,0,102 12 9,1,69,,308503,21,0,102 12 9,1,35,,308504,21,0,102 12 9,1,76,,308506,21,0,102 12 9,1,25,,308507,21,0,102 12 9,1,70,,308509,21,0,102 12 9,1,28,,308510,21,0,102 12 9,1,72,,308512,21,0,102 12 9,1,15,,308513,21,0,102 12 9,1,25,,308514,21,0,102 12 9,1,80,,308515,21,0,102 12 9,1,100,,308516,21,0,102 12 9,1,100,,308517,21,0,102 12 9,1,100,,308518,21,0,102 12 9,1
5600,'20261023',646,,308519,21,0,102 12 9,1,11,,308520,6,0,7 11 12 9,1,69,,308521,21,0,102 12 9,1,6,,308522,6,0,7 11 12 9,1,69,,308523,21,0,102 12 9,1,35,,308524,21,0,102 12 9,1,4,,308525,6,0,7 11 12 9,1,63,,308526,21,0,102 12 9,1,30,,308527,21,0,102 12 9,1,4,,308528,6,0,7 11 12 9,1,66,,308529,21,0,102 12 9,1,30,,308530,21,0,102 12 9,1,70,,308531,21,0,102 12 9,1,30,,308532,21,0,102 12 9,1,70,,308533,21,0,102 12 9,1,35,,308534,21,0,102 12 9,1,65,,308535,21,0,102 12 9,1,33,,308536,21,0,102 12 9,1,70,,308537,21,0,102 12 9,1,30,,308538,21,0,102 12 9,1,71,,308539,21,0,102 12 9,1,34,,308540,21,0,102 12 9,1,70,,308541,21,0,102 12 9,1,30,,308542,21,0,102 12 9,1,69,,308543,21,0,102 12 9,1,35,,308544,21,0,102 12 9,1,76,,308546,21,0,102 12 9,1,25,,308547,21,0,102 12 9,1,70,,308549,21,0,102 12 9,1,28,,308550,21,0,102 12 9,1,72,,308552,21,0,102 12 9,1,15,,308553,21,0,102 12 9,1,25,,308554,21,0,102 12 9,1,80,,308555,21,0,102 12 9,1,100,,308556,21,0,102 12 9,1,100,,308557,21,0,102 12 9,1,100,,308558,21,0,102 12 9,1
5600,'20261026',646,,308559,21,0,102 12 9,1,11,,308560,6,0,7 11 12 9,1,69,,308561,21,0,102 12 9,1,6,,308562,6,0,7 11 12 9,1,69,,308563,21,0,102 12 9,1,35,,308564,21,0,102 12 9,1,4,,308565,6,0,7 11 12 9,1,63,,308566,21,0,102 12 9,1,30,,308567,21,0,102 12 9,1,4,,308568,6,0,7 11 12 9,1,66,,308569,21,0,102 12 9,1,30,,308570,21,0,102 12 9,1,70,,308571,21,0,102 12 9,1,30,,308572,21,0,102 12 9,1,70,,308573,21,0,102 12 9,1,35,,308574,21,0,102 12 9,1,65,,308575,21,0,102 12 9,1,33,,308576,21,0,102 12 9,1,70,,308577,21,0,102 12 9,1,30,,308578,21,0,102 12 9,1,71,,308579,21,0,102 12 9,1,34,,308580,21,0,102 12 9,1,70,,308581,21,0,102 12 9,1,30,,308582,21,0,102 12 9,1,69,,308583,21,0,102 12 9,1,35,,308584,21,0,102 12 9,1,76,,308586,21,0,102 12 9,1,25,,308587,21,0,102 12 9,1,70,,308589,21,0,102 12 9,1,28,,308590,21,0,102 12 9,1,72,,308592,21,0,102 12 9,1,15,,308593,21,0,102 12 9,1,25,,308594,21,0,102 12 9,1,80,,308595,21,0,102 12 9,1,100,,308596,21,0,102 12 9,1,100,,308597,21,0,102 12 9,1,100,,308598,21,0,102 12 9,1
5600,'20261027',646,,308599,21,0,102 12 9,1,11,,308600,6,0,7 11 12 9,1,69,,308601,21,0,102 12 9,1,6,,308602,6,0,7 11 12 9,1,69,,308603,21,0,102 12 9,1,35,,308604,21,0,102 12 9,1,4,,308605,6,0,7 11 12 9,1,63,,308606,21,0,102 12 9,1,30,,308607,21,0,102 12 9,1,4,,308608,6,0,7 11 12 9,1,66,,308609,21,0,102 12 9,1,30,,308610,21,0,102 12 9,1,70,,308611,21,0,102 12 9,1,30,,308612,21,0,102 12 9,1,70,,308613,21,0,102 12 9,1,35,,308614,21,0,102 12 9,1,65,,308615,21,0,102 12 9,1,33,,308616,21,0,102 12 9,1,70,,308617,21,0,102 12 9,1,30,,308618,21,0,102 12 9,1,71,,308619,21,0,102 12 9,1,34,,308620,21,0,102 12 9,1,70,,308621,21,0,102 12 9,1,30,,308622,21,0,102 12 9,1,69,,308623,21,0,102 12 9,1,35,,308624,21,0,102 12 9,1,76,,308626,21,0,102 12 9,1,25,,308627,21,0,102 12 9,1,70,,308629,21,0,102 12 9,1,28,,308630,21,0,102 12 9,1,72,,308632,21,0,102 12 9,1,15,,308633,21,0,102 12 9,1,25,,308634,21,0,102 12 9,1,80,,308635,21,0,102 12 9,1,100,,308636,21,0,102 12 9,1,100,,308637,21,0,102 12 9,1,100,,308638,21,0,102 12 9,1
5600,'20261028',646,,308639,21,0,102 12 9,1,11,,308640,6,0,7 11 12 9,1,69,,308641,21,0,102 12 9,1,6,,308642,6,0,7 11 12 9,1,69,,308643,21,0,102 12 9,1,35,,308644,21,0,102 12 9,1,4,,308645,6,0,7 11 12 9,1,63,,308646,21,0,102 12 9,1,30,,308647,21,0,102 12 9,1,4,,308648,6,0,7 11 12 9,1,66,,308649,21,0,102 12 9,1,30,,308650,21,0,102 12 9,1,70,,308651,21,0,102 12 9,1,30,,308652,21,0,102 12 9,1,70,,308653,21,0,102 12 9,1,35,,308654,21,0,102 12 9,1,65,,308655,21,0,102 12 9,1,33,,308656,21,0,102 12 9,1,70,,308657,21,0,102 12 9,1,30,,308658,21,0,102 12 9,1,71,,308659,21,0,102 12 9,1,34,,308660,21,0,102 12 9,1,70,,308661,21,0,102 12 9,1,30,,308662,21,0,102 12 9,1,69,,308663,21,0,102 12 9,1,35,,308664,21,0,102 12 9,1,76,,308666,21,0,102 12 9,1,25,,308667,21,0,102 12 9,1,70,,308669,21,0,102 12 9,1,28,,308670,21,0,102 12 9,1,72,,308672,21,0,102 12 9,1,15,,308673,21,0,102 12 9,1,25,,308674,21,0,102 12 9,1,80,,308675,21,0,102 12 9,1,100,,308676,21,0,102 12 9,1,100,,308677,21,0,102 12 9,1,100,,308678,21,0,102 12 9,1
5600,'20261029',646,,308679,21,0,102 12 9,1,11,,308680,6,0,7 11 12 9,1,69,,308681,21,0,102 12 9,1,6,,308682,6,0,7 11 12 9,1,69,,308683,21,0,102 12 9,1,35,,308684,21,0,102 12 9,1,4,,308685,6,0,7 11 12 9,1,63,,308686,21,0,102 12 9,1,30,,308687,21,0,102 12 9,1,4,,308688,6,0,7 11 12 9,1,66,,308689,21,0,102 12 9,1,30,,308690,21,0,102 12 9,1,70,,308691,21,0,102 12 9,1,30,,308692,21,0,102 12 9,1,70,,308693,21,0,102 12 9,1,35,,308694,21,0,102 12 9,1,65,,308695,21,0,102 12 9,1,33,,308696,21,0,102 12 9,1,70,,308697,21,0,102 12 9,1,30,,308698,21,0,102 12 9,1,71,,308699,21,0,102 12 9,1,34,,308700,21,0,102 12 9,1,70,,308701,21,0,102 12 9,1,30,,308702,21,0,102 12 9,1,69,,308703,21,0,102 12 9,1,35,,308704,21,0,102 12 9,1,76,,308706,21,0,102 12 9,1,25,,308707,21,0,102 12 9,1,70,,308709,21,0,102 12 9,1,28,,308710,21,0,102 12 9,1,72,,308712,21,0,102 12 9,1,15,,308713,21,0,102 12 9,1,25,,308714,21,0,102 12 9,1,80,,308715,21,0,102 12 9,1,100,,308716,21,0,102 12 9,1,100,,308717,21,0,102 12 9,1,100,,308718,21,0,102 12 9,1
5600,'20261030',646,,308719,21,0,102 12 9,1,11,,308720,6,0,7 11 12 9,1,69,,308721,21,0,102 12 9,1,6,,308722,6,0,7 11 12 9,1,69,,308723,21,0,102 12 9,1,35,,308724,21,0,102 12 9,1,4,,308725,6,0,7 11 12 9,1,63,,308726,21,0,102 12 9,1,30,,308727,21,0,102 12 9,1,4,,308728,6,0,7 11 12 9,1,66,,308729,21,0,102 12 9,1,30,,308730,21,0,102 12 9,1,70,,308731,21,0,102 12 9,1,30,,308732,21,0,102 12 9,1,70,,308733,21,0,102 12 9,1,35,,308734,21,0,102 12 9,1,65,,308735,21,0,102 12 9,1,33,,308736,21,0,102 12 9,1,70,,308737,21,0,102 12 9,1,30,,308738,21,0,102 12 9,1,71,,308739,21,0,102 12 9,1,34,,308740,21,0,102 12 9,1,70,,308741,21,0,102 12 9,1,30,,308742,21,0,102 12 9,1,69,,308743,21,0,102 12 9,1,35,,308744,21,0,102 12 9,1,76,,308746,21,0,102 12 9,1,25,,308747,21,0,102 12 9,1,70,,308749,21,0,102 12 9,1,28,,308750,21,0,102 12 9,1,72,,308752,21,0,102 12 9,1,15,,308753,21,0,102 12 9,1,25,,308754,21,0,102 12 9,1,80,,308755,21,0,102 12 9,1,100,,308756,21,0,102 12 9,1,100,,308757,21,0,102 12 9,1,100,,308758,21,0,102 12 9,1
5600,'20261102',646,,308759,21,0,102 12 9,1,11,,308760,6,0,7 11 12 9,1,69,,308761,21,0,102 12 9,1,6,,308762,6,0,7 11 12 9,1,69,,308763,21,0,102 12 9,1,35,,308764,21,0,102 12 9,1,4,,308765,6,0,7 11 12 9,1,63,,308766,21,0,102 12 9,1,30,,308767,21,0,102 12 9,1,4,,308768,6,0,7 11 12 9,1,66,,308769,21,0,102 12 9,1,30,,308770,21,0,102 12 9,1,70,,308771,21,0,102 12 9,1,30,,308772,21,0,102 12 9,1,70,,308773,21,0,102 12 9,1,35,,308774,21,0,102 12 9,1,65,,308775,21,0,102 12 9,1,33,,308776,21,0,102 12 9,1,70,,308777,21,0,102 12 9,1,30,,308778,21,0,102 12 9,1,71,,308779,21,0,102 12 9,1,34,,308780,21,0,102 12 9,1,70,,308781,21,0,102 12 9,1,30,,308782,21,0,102 12 9,1,69,,308783,21,0,102 12 9,1,35,,308784,21,0,102 12 9,1,76,,308786,21,0,102 12 9,1,25,,308787,21,0,102 12 9,1,70,,308789,21,0,102 12 9,1,28,,308790,21,0,102 12 9,1,72,,308792,21,0,102 12 9,1,15,,308793,21,0,102 12 9,1,25,,308794,21,0,102 12 9,1,80,,308795,21,0,102 12 9,1,100,,308796,21,0,102 12 9,1,100,,308797,21,0,102 12 9,1,100,,308798,21,0,102 12 9,1
5600,'20261103',646,,308799,21,0,102 12 9,1,11,,308800,6,0,7 11 12 9,1,69,,308801,21,0,102 12 9,1,6,,308802,6,0,7 11 12 9,1,69,,308803,21,0,102 12 9,1,35,,308804,21,0,102 12 9,1,4,,308805,6,0,7 11 12 9,1,63,,308806,21,0,102 12 9,1,30,,308807,21,0,102 12 9,1,4,,308808,6,0,7 11 12 9,1,66,,308809,21,0,102 12 9,1,30,,308810,21,0,102 12 9,1,70,,308811,21,0,102 12 9,1,30,,308812,21,0,102 12 9,1,70,,308813,21,0,102 12 9,1,35,,308814,21,0,102 12 9,1,65,,308815,21,0,102 12 9,1,33,,308816,21,0,102 12 9,1,70,,308817,21,0,102 12 9,1,30,,308818,21,0,102 12 9,1,71,,308819,21,0,102 12 9,1,34,,308820,21,0,102 12 9,1,70,,308821,21,0,102 12 9,1,30,,308822,21,0,102 12 9,1,69,,308823,21,0,102 12 9,1,35,,308824,21,0,102 12 9,1,76,,308826,21,0,102 12 9,1,25,,308827,21,0,102 12 9,1,70,,308829,21,0,102 12 9,1,28,,308830,21,0,102 12 9,1,72,,308832,21,0,102 12 9,1,15,,308833,21,0,102 12 9,1,25,,308834,21,0,102 12 9,1,80,,308835,21,0,102 12 9,1,100,,308836,21,0,102 12 9,1,100,,308837,21,0,102 12 9,1,100,,308838,21,0,102 12 9,1
5600,'20261104',646,,308839,21,0,102 12 9,1,11,,308840,6,0,7 11 12 9,1,69,,308841,21,0,102 12 9,1,6,,308842,6,0,7 11 12 9,1,69,,308843,21,0,102 12 9,1,35,,308844,21,0,102 12 9,1,4,,308845,6,0,7 11 12 9,1,63,,308846,21,0,102 12 9,1,30,,308847,21,0,102 12 9,1,4,,308848,6,0,7 11 12 9,1,66,,308849,21,0,102 12 9,1,30,,308850,21,0,102 12 9,1,70,,308851,21,0,102 12 9,1,30,,308852,21,0,102 12 9,1,70,,308853,21,0,102 12 9,1,35,,308854,21,0,102 12 9,1,65,,308855,21,0,102 12 9,1,33,,308856,21,0,102 12 9,1,70,,308857,21,0,102 12 9,1,30,,308858,21,0,102 12 9,1,71,,308859,21,0,102 12 9,1,34,,308860,21,0,102 12 9,1,70,,308861,21,0,102 12 9,1,30,,308862,21,0,102 12 9,1,69,,308863,21,0,102 12 9,1,35,,308864,21,0,102 12 9,1,76,,308866,21,0,102 12 9,1,25,,308867,21,0,102 12 9,1,70,,308869,21,0,102 12 9,1,28,,308870,21,0,102 12 9,1,72,,308872,21,0,102 12 9,1,15,,308873,21,0,102 12 9,1,25,,308874,21,0,102 12 9,1,80,,308875,21,0,102 12 9,1,100,,308876,21,0,102 12 9,1,100,,308877,21,0,102 12 9,1,100,,308878,21,0,102 12 9,1
5600,'20261105',646,,308879,21,0,102 12 9,1,11,,308880,6,0,7 11 12 9,1,69,,308881,21,0,102 12 9,1,6,,308882,6,0,7 11 12 9,1,69,,308883,21,0,102 12 9,1,35,,308884,21,0,102 12 9,1,4,,308885,6,0,7 11 12 9,1,63,,308886,21,0,102 12 9,1,30,,308887,21,0,102 12 9,1,4,,308888,6,0,7 11 12 9,1,66,,308889,21,0,102 12 9,1,30,,308890,21,0,102 12 9,1,70,,308891,21,0,102 12 9,1,30,,308892,21,0,102 12 9,1,70,,308893,21,0,102 12 9,1,35,,308894,21,0,102 12 9,1,65,,308895,21,0,102 12 9,1,33,,308896,21,0,102 12 9,1,70,,308897,21,0,102 12 9,1,30,,308898,21,0,102 12 9,1,71,,308899,21,0,102 12 9,1,34,,308900,21,0,102 12 9,1,70,,308901,21,0,102 12 9,1,30,,308902,21,0,102 12 9,1,69,,308903,21,0,102 12 9,1,35,,308904,21,0,102 12 9,1,76,,308906,21,0,102 12 9,1,25,,308907,21,0,102 12 9,1,70,,308909,21,0,102 12 9,1,28,,308910,21,0,102 12 9,1,72,,308912,21,0,102 12 9,1,15,,308913,21,0,102 12 9,1,25,,308914,21,0,102 12 9,1,80,,308915,21,0,102 12 9,1,100,,308916,21,0,102 12 9,1,100,,308917,21,0,102 12 9,1,100,,308918,21,0,102 12 9,1
5600,'20261106',646,,308919,21,0,102 12 9,1,11,,308920,6,0,7 11 12 9,1,69,,308921,21,0,102 12 9,1,6,,308922,6,0,7 11 12 9,1,69,,308923,21,0,102 12 9,1,35,,308924,21,0,102 12 9,1,4,,308925,6,0,7 11 12 9,1,63,,308926,21,0,102 12 9,1,30,,308927,21,0,102 12 9,1,4,,308928,6,0,7 11 12 9,1,66,,308929,21,0,102 12 9,1,30,,308930,21,0,102 12 9,1,70,,308931,21,0,102 12 9,1,30,,308932,21,0,102 12 9,1,70,,308933,21,0,102 12 9,1,35,,308934,21,0,102 12 9,1,65,,308935,21,0,102 12 9,1,33,,308936,21,0,102 12 9,1,70,,308937,21,0,102 12 9,1,30,,308938,21,0,102 12 9,1,71,,308939,21,0,102 12 9,1,34,,308940,21,0,102 12 9,1,70,,308941,21,0,102 12 9,1,30,,308942,21,0,102 12 9,1,69,,308943,21,0,102 12 9,1,35,,308944,21,0,102 12 9,1,76,,308946,21,0,102 12 9,1,25,,308947,21,0,102 12 9,1,70,,308949,21,0,102 12 9,1,28,,308950,21,0,102 12 9,1,72,,308952,21,0,102 12 9,1,15,,308953,21,0,102 12 9,1,25,,308954,21,0,102 12 9,1,80,,308955,21,0,102 12 9,1,100,,308956,21,0,102 12 9,1,100,,308957,21,0,102 12 9,1,100,,308958,21,0,102 12 9,1
5600,'20261109',646,,308959,21,0,102 12 9,1,11,,308960,6,0,7 11 12 9,1,69,,308961,21,0,102 12 9,1,6,,308962,6,0,7 11 12 9,1,69,,308963,21,0,102 12 9,1,35,,308964,21,0,102 12 9,1,4,,308965,6,0,7 11 12 9,1,63,,308966,21,0,102 12 9,1,30,,308967,21,0,102 12 9,1,4,,308968,6,0,7 11 12 9,1,66,,308969,21,0,102 12 9,1,30,,308970,21,0,102 12 9,1,70,,308971,21,0,102 12 9,1,30,,308972,21,0,102 12 9,1,70,,308973,21,0,102 12 9,1,35,,308974,21,0,102 12 9,1,65,,308975,21,0,102 12 9,1,33,,308976,21,0,102 12 9,1,70,,308977,21,0,102 12 9,1,30,,308978,21,0,102 12 9,1,71,,308979,21,0,102 12 9,1,34,,308980,21,0,102 12 9,1,70,,308981,21,0,102 12 9,1,30,,308982,21,0,102 12 9,1,69,,308983,21,0,102 12 9,1,35,,308984,21,0,102 12 9,1,76,,308986,21,0,102 12 9,1,25,,308987,21,0,102 12 9,1,70,,308989,21,0,102 12 9,1,28,,308990,21,0,102 12 9,1,72,,308992,21,0,102 12 9,1,15,,308993,21,0,102 12 9,1,25,,308994,21,0,102 12 9,1,80,,308995,21,0,102 12 9,1,100,,308996,21,0,102 12 9,1,100,,308997,21,0,102 12 9,1,100,,308998,21,0,102 12 9,1
5600,'20261110',646,,308999,21,0,102 12 9,1,11,,309000,6,0,7 11 12 9,1,69,,309001,21,0,102 12 9,1,6,,309002,6,0,7 11 12 9,1,69,,309003,21,0,102 12 9,1,35,,309004,21,0,102 12 9,1,4,,309005,6,0,7 11 12 9,1,63,,309006,21,0,102 12 9,1,30,,309007,21,0,102 12 9,1,4,,309008,6,0,7 11 12 9,1,66,,309009,21,0,102 12 9,1,30,,309010,21,0,102 12 9,1,70,,309011,21,0,102 12 9,1,30,,309012,21,0,102 12 9,1,70,,309013,21,0,102 12 9,1,35,,309014,21,0,102 12 9,1,65,,309015,21,0,102 12 9,1,33,,309016,21,0,102 12 9,1,70,,309017,21,0,102 12 9,1,30,,309018,21,0,102 12 9,1,71,,309019,21,0,102 12 9,1,34,,309020,21,0,102 12 9,1,70,,309021,21,0,102 12 9,1,30,,309022,21,0,102 12 9,1,69,,309023,21,0,102 12 9,1,35,,309024,21,0,102 12 9,1,76,,309026,21,0,102 12 9,1,25,,309027,21,0,102 12 9,1,70,,309029,21,0,102 12 9,1,28,,309030,21,0,102 12 9,1,72,,309032,21,0,102 12 9,1,15,,309033,21,0,102 12 9,1,25,,309034,21,0,102 12 9,1,80,,309035,21,0,102 12 9,1,100,,309036,21,0,102 12 9,1,100,,309037,21,0,102 12 9,1,100,,309038,21,0,102 12 9,1
5600,'20261111',646,,309039,21,0,102 12 9,1,11,,309040,6,0,7 11 12 9,1,69,,309041,21,0,102 12 9,1,6,,309042,6,0,7 11 12 9,1,69,,309043,21,0,102 12 9,1,35,,309044,21,0,102 12 9,1,4,,309045,6,0,7 11 12 9,1,63,,309046,21,0,102 12 9,1,30,,309047,21,0,102 12 9,1,4,,309048,6,0,7 11 12 9,1,66,,309049,21,0,102 12 9,1,30,,309050,21,0,102 12 9,1,70,,309051,21,0,102 12 9,1,30,,309052,21,0,102 12 9,1,70,,309053,21,0,102 12 9,1,35,,309054,21,0,102 12 9,1,65,,309055,21,0,102 12 9,1,33,,309056,21,0,102 12 9,1,70,,309057,21,0,102 12 9,1,30,,309058,21,0,102 12 9,1,71,,309059,21,0,102 12 9,1,34,,309060,21,0,102 12 9,1,70,,309061,21,0,102 12 9,1,30,,309062,21,0,102 12 9,1,69,,309063,21,0,102 12 9,1,35,,309064,21,0,102 12 9,1,76,,309066,21,0,102 12 9,1,25,,309067,21,0,102 12 9,1,70,,309069,21,0,102 12 9,1,28,,309070,21,0,102 12 9,1,72,,309072,21,0,102 12 9,1,15,,309073,21,0,102 12 9,1,25,,309074,21,0,102 12 9,1,80,,309075,21,0,102 12 9,1,100,,309076,21,0,102 12 9,1,100,,309077,21,0,102 12 9,1,100,,309078,21,0,102 12 9,1
5600,'20261112',646,,309079,21,0,102 12 9,1,11,,309080,6,0,7 11 12 9,1,69,,309081,21,0,102 12 9,1,6,,309082,6,0,7 11 12 9,1,69,,309083,21,0,102 12 9,1,35,,309084,21,0,102 12 9,1,4,,309085,6,0,7 11 12 9,1,63,,309086,21,0,102 12 9,1,30,,309087,21,0,102 12 9,1,4,,309088,6,0,7 11 12 9,1,66,,309089,21,0,102 12 9,1,30,,309090,21,0,102 12 9,1,70,,309091,21,0,102 12 9,1,30,,309092,21,0,102 12 9,1,70,,309093,21,0,102 12 9,1,35,,309094,21,0,102 12 9,1,65,,309095,21,0,102 12 9,1,33,,309096,21,0,102 12 9,1,70,,309097,21,0,102 12 9,1,30,,309098,21,0,102 12 9,1,71,,309099,21,0,102 12 9,1,34,,309100,21,0,102 12 9,1,70,,309101,21,0,102 12 9,1,30,,309102,21,0,102 12 9,1,69,,309103,21,0,102 12 9,1,35,,309104,21,0,102 12 9,1,76,,309106,21,0,102 12 9,1,25,,309107,21,0,102 12 9,1,70,,309109,21,0,102 12 9,1,28,,309110,21,0,102 12 9,1,72,,309112,21,0,102 12 9,1,15,,309113,21,0,102 12 9,1,25,,309114,21,0,102 12 9,1,80,,309115,21,0,102 12 9,1,100,,309116,21,0,102 12 9,1,100,,309117,21,0,102 12 9,1,100,,309118,21,0,102 12 9,1
5600,'20261113',646,,309119,21,0,102 12 9,1,11,,309120,6,0,7 11 12 9,1,69,,309121,21,0,102 12 9,1,6,,309122,6,0,7 11 12 9,1,69,,309123,21,0,102 12 9,1,35,,309124,21,0,102 12 9,1,4,,309125,6,0,7 11 12 9,1,63,,309126,21,0,102 12 9,1,30,,309127,21,0,102 12 9,1,4,,309128,6,0,7 11 12 9,1,66,,309129,21,0,102 12 9,1,30,,309130,21,0,102 12 9,1,70,,309131,21,0,102 12 9,1,30,,309132,21,0,102 12 9,1,70,,309133,21,0,102 12 9,1,35,,309134,21,0,102 12 9,1,65,,309135,21,0,102 12 9,1,33,,309136,21,0,102 12 9,1,70,,309137,21,0,102 12 9,1,30,,309138,21,0,102 12 9,1,71,,309139,21,0,102 12 9,1,34,,309140,21,0,102 12 9,1,70,,309141,21,0,102 12 9,1,30,,309142,21,0,102 12 9,1,69,,309143,21,0,102 12 9,1,35,,309144,21,0,102 12 9,1,76,,309146,21,0,102 12 9,1,25,,309147,21,0,102 12 9,1,70,,309149,21,0,102 12 9,1,28,,309150,21,0,102 12 9,1,72,,309152,21,0,102 12 9,1,15,,309153,21,0,102 12 9,1,25,,309154,21,0,102 12 9,1,80,,309155,21,0,102 12 9,1,100,,309156,21,0,102 12 9,1,100,,309157,21,0,102 12 9,1,100,,309158,21,0,102 12 9,1
5600,'20261116',646,,309159,21,0,102 12 9,1,11,,309160,6,0,7 11 12 9,1,69,,309161,21,0,102 12 9,1,6,,309162,6,0,7 11 12 9,1,69,,309163,21,0,102 12 9,1,35,,309164,21,0,102 12 9,1,4,,309165,6,0,7 11 12 9,1,63,,309166,21,0,102 12 9,1,30,,309167,21,0,102 12 9,1,4,,309168,6,0,7 11 12 9,1,66,,309169,21,0,102 12 9,1,30,,309170,21,0,102 12 9,1,70,,309171,21,0,102 12 9,1,30,,309172,21,0,102 12 9,1,70,,309173,21,0,102 12 9,1,35,,309174,21,0,102 12 9,1,65,,309175,21,0,102 12 9,1,33,,309176,21,0,102 12 9,1,70,,309177,21,0,102 12 9,1,30,,309178,21,0,102 12 9,1,71,,309179,21,0,102 12 9,1,34,,309180,21,0,102 12 9,1,70,,309181,21,0,102 12 9,1,30,,309182,21,0,102 12 9,1,69,,309183,21,0,102 12 9,1,35,,309184,21,0,102 12 9,1,76,,309186,21,0,102 12 9,1,25,,309187,21,0,102 12 9,1,70,,309189,21,0,102 12 9,1,28,,309190,21,0,102 12 9,1,72,,309192,21,0,102 12 9,1,15,,309193,21,0,102 12 9,1,25,,309194,21,0,102 12 9,1,80,,309195,21,0,102 12 9,1,100,,309196,21,0,102 12 9,1,100,,309197,21,0,102 12 9,1,100,,309198,21,0,102 12 9,1
5600,'20261117',646,,309199,21,0,102 12 9,1,11,,309200,6,0,7 11 12 9,1,69,,309201,21,0,102 12 9,1,6,,309202,6,0,7 11 12 9,1,69,,309203,21,0,102 12 9,1,35,,309204,21,0,102 12 9,1,4,,309205,6,0,7 11 12 9,1,63,,309206,21,0,102 12 9,1,30,,309207,21,0,102 12 9,1,4,,309208,6,0,7 11 12 9,1,66,,309209,21,0,102 12 9,1,30,,309210,21,0,102 12 9,1,70,,309211,21,0,102 12 9,1,30,,309212,21,0,102 12 9,1,70,,309213,21,0,102 12 9,1,35,,309214,21,0,102 12 9,1,65,,309215,21,0,102 12 9,1,33,,309216,21,0,102 12 9,1,70,,309217,21,0,102 12 9,1,30,,309218,21,0,102 12 9,1,71,,309219,21,0,102 12 9,1,34,,309220,21,0,102 12 9,1,70,,309221,21,0,102 12 9,1,30,,309222,21,0,102 12 9,1,69,,309223,21,0,102 12 9,1,35,,309224,21,0,102 12 9,1,76,,309226,21,0,102 12 9,1,25,,309227,21,0,102 12 9,1,70,,309229,21,0,102 12 9,1,28,,309230,21,0,102 12 9,1,72,,309232,21,0,102 12 9,1,15,,309233,21,0,102 12 9,1,25,,309234,21,0,102 12 9,1,80,,309235,21,0,102 12 9,1,100,,309236,21,0,102 12 9,1,100,,309237,21,0,102 12 9,1,100,,309238,21,0,102 12 9,1
5600,'20261118',646,,309239,21,0,102 12 9,1,11,,309240,6,0,7 11 12 9,1,69,,309241,21,0,102 12 9,1,6,,309242,6,0,7 11 12 9,1,69,,309243,21,0,102 12 9,1,35,,309244,21,0,102 12 9,1,4,,309245,6,0,7 11 12 9,1,63,,309246,21,0,102 12 9,1,30,,309247,21,0,102 12 9,1,4,,309248,6,0,7 11 12 9,1,66,,309249,21,0,102 12 9,1,30,,309250,21,0,102 12 9,1,70,,309251,21,0,102 12 9,1,30,,309252,21,0,102 12 9,1,70,,309253,21,0,102 12 9,1,35,,309254,21,0,102 12 9,1,65,,309255,21,0,102 12 9,1,33,,309256,21,0,102 12 9,1,70,,309257,21,0,102 12 9,1,30,,309258,21,0,102 12 9,1,71,,309259,21,0,102 12 9,1,34,,309260,21,0,102 12 9,1,70,,309261,21,0,102 12 9,1,30,,309262,21,0,102 12 9,1,69,,309263,21,0,102 12 9,1,35,,309264,21,0,102 12 9,1,76,,309266,21,0,102 12 9,1,25,,309267,21,0,102 12 9,1,70,,309269,21,0,102 12 9,1,28,,309270,21,0,102 12 9,1,72,,309272,21,0,102 12 9,1,15,,309273,21,0,102 12 9,1,25,,309274,21,0,102 12 9,1,80,,309275,21,0,102 12 9,1,100,,309276,21,0,102 12 9,1,100,,309277,21,0,102 12 9,1,100,,309278,21,0,102 12 9,1
5600,'20261119',646,,309279,21,0,102 12 9,1,11,,309280,6,0,7 11 12 9,1,69,,309281,21,0,102 12 9,1,6,,309282,6,0,7 11 12 9,1,69,,309283,21,0,102 12 9,1,35,,309284,21,0,102 12 9,1,4,,309285,6,0,7 11 12 9,1,63,,309286,21,0,102 12 9,1,30,,309287,21,0,102 12 9,1,4,,309288,6,0,7 11 12 9,1,66,,309289,21,0,102 12 9,1,30,,309290,21,0,102 12 9,1,70,,309291,21,0,102 12 9,1,30,,309292,21,0,102 12 9,1,70,,309293,21,0,102 12 9,1,35,,309294,21,0,102 12 9,1,65,,309295,21,0,102 12 9,1,33,,309296,21,0,102 12 9,1,70,,309297,21,0,102 12 9,1,30,,309298,21,0,102 12 9,1,71,,309299,21,0,102 12 9,1,34,,309300,21,0,102 12 9,1,70,,309301,21,0,102 12 9,1,30,,309302,21,0,102 12 9,1,69,,309303,21,0,102 12 9,1,35,,309304,21,0,102 12 9,1,76,,309306,21,0,102 12 9,1,25,,309307,21,0,102 12 9,1,70,,309309,21,0,102 12 9,1,28,,309310,21,0,102 12 9,1,72,,309312,21,0,102 12 9,1,15,,309313,21,0,102 12 9,1,25,,309314,21,0,102 12 9,1,80,,309315,21,0,102 12 9,1,100,,309316,21,0,102 12 9,1,100,,309317,21,0,102 12 9,1,100,,309318,21,0,102 12 9,1
5600,'20261120',646,,309319,21,0,102 12 9,1,11,,309320,6,0,7 11 12 9,1,69,,309321,21,0,102 12 9,1,6,,309322,6,0,7 11 12 9,1,69,,309323,21,0,102 12 9,1,35,,309324,21,0,102 12 9,1,4,,309325,6,0,7 11 12 9,1,63,,309326,21,0,102 12 9,1,30,,309327,21,0,102 12 9,1,4,,309328,6,0,7 11 12 9,1,66,,309329,21,0,102 12 9,1,30,,309330,21,0,102 12 9,1,70,,309331,21,0,102 12 9,1,30,,309332,21,0,102 12 9,1,70,,309333,21,0,102 12 9,1,35,,309334,21,0,102 12 9,1,65,,309335,21,0,102 12 9,1,33,,309336,21,0,102 12 9,1,70,,309337,21,0,102 12 9,1,30,,309338,21,0,102 12 9,1,71,,309339,21,0,102 12 9,1,34,,309340,21,0,102 12 9,1,70,,309341,21,0,102 12 9,1,30,,309342,21,0,102 12 9,1,69,,309343,21,0,102 12 9,1,35,,309344,21,0,102 12 9,1,76,,309346,21,0,102 12 9,1,25,,309347,21,0,102 12 9,1,70,,309349,21,0,102 12 9,1,28,,309350,21,0,102 12 9,1,72,,309352,21,0,102 12 9,1,15,,309353,21,0,102 12 9,1,25,,309354,21,0,102 12 9,1,80,,309355,21,0,102 12 9,1,100,,309356,21,0,102 12 9,1,100,,309357,21,0,102 12 9,1,100,,309358,21,0,102 12 9,1
5600,'20261123',646,,309359,21,0,102 12 9,1,11,,309360,6,0,7 11 12 9,1,69,,309361,21,0,102 12 9,1,6,,309362,6,0,7 11 12 9,1,69,,309363,21,0,102 12 9,1,35,,309364,21,0,102 12 9,1,4,,309365,6,0,7 11 12 9,1,63,,309366,21,0,102 12 9,1,30,,309367,21,0,102 12 9,1,4,,309368,6,0,7 11 12 9,1,66,,309369,21,0,102 12 9,1,30,,309370,21,0,102 12 9,1,70,,309371,21,0,102 12 9,1,30,,309372,21,0,102 12 9,1,70,,309373,21,0,102 12 9,1,35,,309374,21,0,102 12 9,1,65,,309375,21,0,102 12 9,1,33,,309376,21,0,102 12 9,1,70,,309377,21,0,102 12 9,1,30,,309378,21,0,102 12 9,1,71,,309379,21,0,102 12 9,1,34,,309380,21,0,102 12 9,1,70,,309381,21,0,102 12 9,1,30,,309382,21,0,102 12 9,1,69,,309383,21,0,102 12 9,1,35,,309384,21,0,102 12 9,1,76,,309386,21,0,102 12 9,1,25,,309387,21,0,102 12 9,1,70,,309389,21,0,102 12 9,1,28,,309390,21,0,102 12 9,1,72,,309392,21,0,102 12 9,1,15,,309393,21,0,102 12 9,1,25,,309394,21,0,102 12 9,1,80,,309395,21,0,102 12 9,1,100,,309396,21,0,102 12 9,1,100,,309397,21,0,102 12 9,1,100,,309398,21,0,102 12 9,1
5600,'20261124',646,,309399,21,0,102 12 9,1,11,,309400,6,0,7 11 12 9,1,69,,309401,21,0,102 12 9,1,6,,309402,6,0,7 11 12 9,1,69,,309403,21,0,102 12 9,1,35,,309404,21,0,102 12 9,1,4,,309405,6,0,7 11 12 9,1,63,,309406,21,0,102 12 9,1,30,,309407,21,0,102 12 9,1,4,,309408,6,0,7 11 12 9,1,66,,309409,21,0,102 12 9,1,30,,309410,21,0,102 12 9,1,70,,309411,21,0,102 12 9,1,30,,309412,21,0,102 12 9,1,70,,309413,21,0,102 12 9,1,35,,309414,21,0,102 12 9,1,65,,309415,21,0,102 12 9,1,33,,309416,21,0,102 12 9,1,70,,309417,21,0,102 12 9,1,30,,309418,21,0,102 12 9,1,71,,309419,21,0,102 12 9,1,34,,309420,21,0,102 12 9,1,70,,309421,21,0,102 12 9,1,30,,309422,21,0,102 12 9,1,69,,309423,21,0,102 12 9,1,35,,309424,21,0,102 12 9,1,76,,309426,21,0,102 12 9,1,25,,309427,21,0,102 12 9,1,70,,309429,21,0,102 12 9,1,28,,309430,21,0,102 12 9,1,72,,309432,21,0,102 12 9,1,15,,309433,21,0,102 12 9,1,25,,309434,21,0,102 12 9,1,80,,309435,21,0,102 12 9,1,100,,309436,21,0,102 12 9,1,100,,309437,21,0,102 12 9,1,100,,309438,21,0,102 12 9,1
5600,'20261125',646,,309439,21,0,102 12 9,1,11,,309440,6,0,7 11 12 9,1,69,,309441,21,0,102 12 9,1,6,,309442,6,0,7 11 12 9,1,69,,309443,21,0,102 12 9,1,35,,309444,21,0,102 12 9,1,4,,309445,6,0,7 11 12 9,1,63,,309446,21,0,102 12 9,1,30,,309447,21,0,102 12 9,1,4,,309448,6,0,7 11 12 9,1,66,,309449,21,0,102 12 9,1,30,,309450,21,0,102 12 9,1,70,,309451,21,0,102 12 9,1,30,,309452,21,0,102 12 9,1,70,,309453,21,0,102 12 9,1,35,,309454,21,0,102 12 9,1,65,,309455,21,0,102 12 9,1,33,,309456,21,0,102 12 9,1,70,,309457,21,0,102 12 9,1,30,,309458,21,0,102 12 9,1,71,,309459,21,0,102 12 9,1,34,,309460,21,0,102 12 9,1,70,,309461,21,0,102 12 9,1,30,,309462,21,0,102 12 9,1,69,,309463,21,0,102 12 9,1,35,,309464,21,0,102 12 9,1,76,,309466,21,0,102 12 9,1,25,,309467,21,0,102 12 9,1,70,,309469,21,0,102 12 9,1,28,,309470,21,0,102 12 9,1,72,,309472,21,0,102 12 9,1,15,,309473,21,0,102 12 9,1,25,,309474,21,0,102 12 9,1,80,,309475,21,0,102 12 9,1,100,,309476,21,0,102 12 9,1,100,,309477,21,0,102 12 9,1,100,,309478,21,0,102 12 9,1
5600,'20261126',646,,309479,21,0,102 12 9,1,11,,309480,6,0,7 11 12 9,1,69,,309481,21,0,102 12 9,1,6,,309482,6,0,7 11 12 9,1,69,,309483,21,0,102 12 9,1,35,,309484,21,0,102 12 9,1,4,,309485,6,0,7 11 12 9,1,63,,309486,21,0,102 12 9,1,30,,309487,21,0,102 12 9,1,4,,309488,6,0,7 11 12 9,1,66,,309489,21,0,102 12 9,1,30,,309490,21,0,102 12 9,1,70,,309491,21,0,102 12 9,1,30,,309492,21,0,102 12 9,1,70,,309493,21,0,102 12 9,1,35,,309494,21,0,102 12 9,1,65,,309495,21,0,102 12 9,1,33,,309496,21,0,102 12 9,1,70,,309497,21,0,102 12 9,1,30,,309498,21,0,102 12 9,1,71,,309499,21,0,102 12 9,1,34,,309500,21,0,102 12 9,1,70,,309501,21,0,102 12 9,1,30,,309502,21,0,102 12 9,1,69,,309503,21,0,102 12 9,1,35,,309504,21,0,102 12 9,1,76,,309506,21,0,102 12 9,1,25,,309507,21,0,102 12 9,1,70,,309509,21,0,102 12 9,1,28,,309510,21,0,102 12 9,1,72,,309512,21,0,102 12 9,1,15,,309513,21,0,102 12 9,1,25,,309514,21,0,102 12 9,1,80,,309515,21,0,102 12 9,1,100,,309516,21,0,102 12 9,1,100,,309517,21,0,102 12 9,1,100,,309518,21,0,102 12 9,1
5600,'20261127',646,,309519,21,0,102 12 9,1,11,,309520,6,0,7 11 12 9,1,69,,309521,21,0,102 12 9,1,6,,309522,6,0,7 11 12 9,1,69,,309523,21,0,102 12 9,1,35,,309524,21,0,102 12 9,1,4,,309525,6,0,7 11 12 9,1,63,,309526,21,0,102 12 9,1,30,,309527,21,0,102 12 9,1,4,,309528,6,0,7 11 12 9,1,66,,309529,21,0,102 12 9,1,30,,309530,21,0,102 12 9,1,70,,309531,21,0,102 12 9,1,30,,309532,21,0,102 12 9,1,70,,309533,21,0,102 12 9,1,35,,309534,21,0,102 12 9,1,65,,309535,21,0,102 12 9,1,33,,309536,21,0,102 12 9,1,70,,309537,21,0,102 12 9,1,30,,309538,21,0,102 12 9,1,71,,309539,21,0,102 12 9,1,34,,309540,21,0,102 12 9,1,70,,309541,21,0,102 12 9,1,30,,309542,21,0,102 12 9,1,69,,309543,21,0,102 12 9,1,35,,309544,21,0,102 12 9,1,76,,309546,21,0,102 12 9,1,25,,309547,21,0,102 12 9,1,70,,309549,21,0,102 12 9,1,28,,309550,21,0,102 12 9,1,72,,309552,21,0,102 12 9,1,15,,309553,21,0,102 12 9,1,25,,309554,21,0,102 12 9,1,80,,309555,21,0,102 12 9,1,100,,309556,21,0,102 12 9,1,100,,309557,21,0,102 12 9,1,100,,309558,21,0,102 12 9,1
5601,'20260910',445,,309639,14,,,1,95,,309641,14,,,1,70,,309643,14,,,1,30,,309645,14,,,1,70,,309647,14,,,1,30,,309648,14,,,1,78,,309649,14,,,1,25,,309650,14,,,1,70,,309651,14,,,1,35,,309652,14,,,1,70,,309653,14,,,1,30,,309654,14,,,1,70,,309655,14,,,1,30,,309656,14,,,1,65,,309657,14,,,1,30,,309658,14,,,1,70,,309659,14,,,1,30,,309660,14,,,1,70,,309661,14,,,1,27,,309663,11,0,7 40 41,1,3,,309662,14,,,1,77,,309664,14,,,1,20,,309665,14,,,1,70,,309666,14,,,1,25,,309668,11,0,7 40 41,1,5,,309667,14,,,1,70,,309669,14,,,1,28,,309671,11,0,7 40 41,1,2,,309670,14,,,1,70,,309672,14,,,1,30,,309673,14,,,1,70,,309674,14,,,1,45,,309675,14,,,1,145,,309676,14,,,1,100,,309677,14,,,1,202,,309678,14,,,1
5601,'20260911',445,,309679,14,,,1,95,,309681,14,,,1,70,,309683,14,,,1,30,,309685,14,,,1,70,,309687,14,,,1,30,,309688,14,,,1,78,,309689,14,,,1,25,,309690,14,,,1,70,,309691,14,,,1,35,,309692,14,,,1,70,,309693,14,,,1,30,,309694,14,,,1,70,,309695,14,,,1,30,,309696,14,,,1,65,,309697,14,,,1,30,,309698,14,,,1,70,,309699,14,,,1,30,,309700,14,,,1,70,,309701,14,,,1,27,,309703,11,0,7 40 41,1,3,,309702,14,,,1,77,,309704,14,,,1,20,,309705,14,,,1,70,,309706,14,,,1,25,,309708,11,0,7 40 41,1,5,,309707,14,,,1,70,,309709,14,,,1,28,,309711,11,0,7 40 41,1,2,,309710,14,,,1,70,,309712,14,,,1,30,,309713,14,,,1,70,,309714,14,,,1,45,,309715,14,,,1,145,,309716,14,,,1,100,,309717,14,,,1,202,,309718,14,,,1
5601,'20260914',445,,309719,14,,,1,95,,309721,14,,,1,70,,309723,14,,,1,30,,309725,14,,,1,70,,309727,14,,,1,30,,309728,14,,,1,78,,309729,14,,,1,25,,309730,14,,,1,70,,309731,14,,,1,35,,309732,14,,,1,70,,309733,14,,,1,30,,309734,14,,,1,70,,309735,14,,,1,30,,309736,14,,,1,65,,309737,14,,,1,30,,309738,14,,,1,70,,309739,14,,,1,30,,309740,14,,,1,70,,309741,14,,,1,27,,309743,11,0,7 40 41,1,3,,309742,14,,,1,77,,309744,14,,,1,20,,309745,14,,,1,70,,309746,14,,,1,25,,309748,11,0,7 40 41,1,5,,309747,14,,,1,70,,309749,14,,,1,28,,309751,11,0,7 40 41,1,2,,309750,14,,,1,70,,309752,14,,,1,30,,309753,14,,,1,70,,309754,14,,,1,45,,309755,14,,,1,145,,309756,14,,,1,100,,309757,14,,,1,202,,309758,14,,,1
5601,'20260915',445,,309759,14,,,1,95,,309761,14,,,1,70,,309763,14,,,1,30,,309765,14,,,1,70,,309767,14,,,1,30,,309768,14,,,1,78,,309769,14,,,1,25,,309770,14,,,1,70,,309771,14,,,1,35,,309772,14,,,1,70,,309773,14,,,1,30,,309774,14,,,1,70,,309775,14,,,1,30,,309776,14,,,1,65,,309777,14,,,1,30,,309778,14,,,1,70,,309779,14,,,1,30,,309780,14,,,1,70,,309781,14,,,1,27,,309783,11,0,7 40 41,1,3,,309782,14,,,1,77,,309784,14,,,1,20,,309785,14,,,1,70,,309786,14,,,1,25,,309788,11,0,7 40 41,1,5,,309787,14,,,1,70,,309789,14,,,1,28,,309791,11,0,7 40 41,1,2,,309790,14,,,1,70,,309792,14,,,1,30,,309793,14,,,1,70,,309794,14,,,1,45,,309795,14,,,1,145,,309796,14,,,1,100,,309797,14,,,1,202,,309798,14,,,1
5601,'20260916',445,,309799,14,,,1,95,,309801,14,,,1,70,,309803,14,,,1,30,,309805,14,,,1,70,,309807,14,,,1,30,,309808,14,,,1,78,,309809,14,,,1,25,,309810,14,,,1,70,,309811,14,,,1,35,,309812,14,,,1,70,,309813,14,,,1,30,,309814,14,,,1,70,,309815,14,,,1,30,,309816,14,,,1,65,,309817,14,,,1,30,,309818,14,,,1,70,,309819,14,,,1,30,,309820,14,,,1,70,,309821,14,,,1,27,,309823,11,0,7 40 41,1,3,,309822,14,,,1,77,,309824,14,,,1,20,,309825,14,,,1,70,,309826,14,,,1,25,,309828,11,0,7 40 41,1,5,,309827,14,,,1,70,,309829,14,,,1,28,,309831,11,0,7 40 41,1,2,,309830,14,,,1,70,,309832,14,,,1,30,,309833,14,,,1,70,,309834,14,,,1,45,,309835,14,,,1,145,,309836,14,,,1,100,,309837,14,,,1,202,,309838,14,,,1
5601,'20260917',445,,309839,14,,,1,95,,309841,14,,,1,70,,309843,14,,,1,30,,309845,14,,,1,70,,309847,14,,,1,30,,309848,14,,,1,78,,309849,14,,,1,25,,309850,14,,,1,70,,309851,14,,,1,35,,309852,14,,,1,70,,309853,14,,,1,30,,309854,14,,,1,70,,309855,14,,,1,30,,309856,14,,,1,65,,309857,14,,,1,30,,309858,14,,,1,70,,309859,14,,,1,30,,309860,14,,,1,70,,309861,14,,,1,27,,309863,11,0,7 40 41,1,3,,309862,14,,,1,77,,309864,14,,,1,20,,309865,14,,,1,70,,309866,14,,,1,25,,309868,11,0,7 40 41,1,5,,309867,14,,,1,70,,309869,14,,,1,28,,309871,11,0,7 40 41,1,2,,309870,14,,,1,70,,309872,14,,,1,30,,309873,14,,,1,70,,309874,14,,,1,45,,309875,14,,,1,145,,309876,14,,,1,100,,309877,14,,,1,202,,309878,14,,,1
5601,'20260918',445,,309879,14,,,1,95,,309881,14,,,1,70,,309883,14,,,1,30,,309885,14,,,1,70,,309887,14,,,1,30,,309888,14,,,1,78,,309889,14,,,1,25,,309890,14,,,1,70,,309891,14,,,1,35,,309892,14,,,1,70,,309893,14,,,1,30,,309894,14,,,1,70,,309895,14,,,1,30,,309896,14,,,1,65,,309897,14,,,1,30,,309898,14,,,1,70,,309899,14,,,1,30,,309900,14,,,1,70,,309901,14,,,1,27,,309903,11,0,7 40 41,1,3,,309902,14,,,1,77,,309904,14,,,1,20,,309905,14,,,1,70,,309906,14,,,1,25,,309908,11,0,7 40 41,1,5,,309907,14,,,1,70,,309909,14,,,1,28,,309911,11,0,7 40 41,1,2,,309910,14,,,1,70,,309912,14,,,1,30,,309913,14,,,1,70,,309914,14,,,1,45,,309915,14,,,1,145,,309916,14,,,1,100,,309917,14,,,1,202,,309918,14,,,1
5601,'20260921',445,,309919,14,,,1,95,,309921,14,,,1,70,,309923,14,,,1,30,,309925,14,,,1,70,,309927,14,,,1,30,,309928,14,,,1,78,,309929,14,,,1,25,,309930,14,,,1,70,,309931,14,,,1,35,,309932,14,,,1,70,,309933,14,,,1,30,,309934,14,,,1,70,,309935,14,,,1,30,,309936,14,,,1,65,,309937,14,,,1,30,,309938,14,,,1,70,,309939,14,,,1,30,,309940,14,,,1,70,,309941,14,,,1,27,,309943,11,0,7 40 41,1,3,,309942,14,,,1,77,,309944,14,,,1,20,,309945,14,,,1,70,,309946,14,,,1,25,,309948,11,0,7 40 41,1,5,,309947,14,,,1,70,,309949,14,,,1,28,,309951,11,0,7 40 41,1,2,,309950,14,,,1,70,,309952,14,,,1,30,,309953,14,,,1,70,,309954,14,,,1,45,,309955,14,,,1,145,,309956,14,,,1,100,,309957,14,,,1,202,,309958,14,,,1
5601,'20260922',445,,309959,14,,,1,95,,309961,14,,,1,70,,309963,14,,,1,30,,309965,14,,,1,70,,309967,14,,,1,30,,309968,14,,,1,78,,309969,14,,,1,25,,309970,14,,,1,70,,309971,14,,,1,35,,309972,14,,,1,70,,309973,14,,,1,30,,309974,14,,,1,70,,309975,14,,,1,30,,309976,14,,,1,65,,309977,14,,,1,30,,309978,14,,,1,70,,309979,14,,,1,30,,309980,14,,,1,70,,309981,14,,,1,27,,309983,11,0,7 40 41,1,3,,309982,14,,,1,77,,309984,14,,,1,20,,309985,14,,,1,70,,309986,14,,,1,25,,309988,11,0,7 40 41,1,5,,309987,14,,,1,70,,309989,14,,,1,28,,309991,11,0,7 40 41,1,2,,309990,14,,,1,70,,309992,14,,,1,30,,309993,14,,,1,70,,309994,14,,,1,45,,309995,14,,,1,145,,309996,14,,,1,100,,309997,14,,,1,202,,309998,14,,,1
5601,'20260923',445,,309999,14,,,1,95,,310001,14,,,1,70,,310003,14,,,1,30,,310005,14,,,1,70,,310007,14,,,1,30,,310008,14,,,1,78,,310009,14,,,1,25,,310010,14,,,1,70,,310011,14,,,1,35,,310012,14,,,1,70,,310013,14,,,1,30,,310014,14,,,1,70,,310015,14,,,1,30,,310016,14,,,1,65,,310017,14,,,1,30,,310018,14,,,1,70,,310019,14,,,1,30,,310020,14,,,1,70,,310021,14,,,1,27,,310023,11,0,7 40 41,1,3,,310022,14,,,1,77,,310024,14,,,1,20,,310025,14,,,1,70,,310026,14,,,1,25,,310028,11,0,7 40 41,1,5,,310027,14,,,1,70,,310029,14,,,1,28,,310031,11,0,7 40 41,1,2,,310030,14,,,1,70,,310032,14,,,1,30,,310033,14,,,1,70,,310034,14,,,1,45,,310035,14,,,1,145,,310036,14,,,1,100,,310037,14,,,1,202,,310038,14,,,1
5601,'20260924',445,,310039,14,,,1,95,,310041,14,,,1,70,,310043,14,,,1,30,,310045,14,,,1,70,,310047,14,,,1,30,,310048,14,,,1,78,,310049,14,,,1,25,,310050,14,,,1,70,,310051,14,,,1,35,,310052,14,,,1,70,,310053,14,,,1,30,,310054,14,,,1,70,,310055,14,,,1,30,,310056,14,,,1,65,,310057,14,,,1,30,,310058,14,,,1,70,,310059,14,,,1,30,,310060,14,,,1,70,,310061,14,,,1,27,,310063,11,0,7 40 41,1,3,,310062,14,,,1,77,,310064,14,,,1,20,,310065,14,,,1,70,,310066,14,,,1,25,,310068,11,0,7 40 41,1,5,,310067,14,,,1,70,,310069,14,,,1,28,,310071,11,0,7 40 41,1,2,,310070,14,,,1,70,,310072,14,,,1,30,,310073,14,,,1,70,,310074,14,,,1,45,,310075,14,,,1,145,,310076,14,,,1,100,,310077,14,,,1,202,,310078,14,,,1
5601,'20260925',445,,310079,14,,,1,95,,310081,14,,,1,70,,310083,14,,,1,30,,310085,14,,,1,70,,310087,14,,,1,30,,310088,14,,,1,78,,310089,14,,,1,25,,310090,14,,,1,70,,310091,14,,,1,35,,310092,14,,,1,70,,310093,14,,,1,30,,310094,14,,,1,70,,310095,14,,,1,30,,310096,14,,,1,65,,310097,14,,,1,30,,310098,14,,,1,70,,310099,14,,,1,30,,310100,14,,,1,70,,310101,14,,,1,27,,310103,11,0,7 40 41,1,3,,310102,14,,,1,77,,310104,14,,,1,20,,310105,14,,,1,70,,310106,14,,,1,25,,310108,11,0,7 40 41,1,5,,310107,14,,,1,70,,310109,14,,,1,28,,310111,11,0,7 40 41,1,2,,310110,14,,,1,70,,310112,14,,,1,30,,310113,14,,,1,70,,310114,14,,,1,45,,310115,14,,,1,145,,310116,14,,,1,100,,310117,14,,,1,202,,310118,14,,,1
5601,'20260928',445,,310119,14,,,1,95,,310121,14,,,1,70,,310123,14,,,1,30,,310125,14,,,1,70,,310127,14,,,1,30,,310128,14,,,1,78,,310129,14,,,1,25,,310130,14,,,1,70,,310131,14,,,1,35,,310132,14,,,1,70,,310133,14,,,1,30,,310134,14,,,1,70,,310135,14,,,1,30,,310136,14,,,1,65,,310137,14,,,1,30,,310138,14,,,1,70,,310139,14,,,1,30,,310140,14,,,1,70,,310141,14,,,1,27,,310143,11,0,7 40 41,1,3,,310142,14,,,1,77,,310144,14,,,1,20,,310145,14,,,1,70,,310146,14,,,1,25,,310148,11,0,7 40 41,1,5,,310147,14,,,1,70,,310149,14,,,1,28,,310151,11,0,7 40 41,1,2,,310150,14,,,1,70,,310152,14,,,1,30,,310153,14,,,1,70,,310154,14,,,1,45,,310155,14,,,1,145,,310156,14,,,1,100,,310157,14,,,1,202,,310158,14,,,1
5601,'20260929',445,,310159,14,,,1,95,,310161,14,,,1,70,,310163,14,,,1,30,,310165,14,,,1,70,,310167,14,,,1,30,,310168,14,,,1,78,,310169,14,,,1,25,,310170,14,,,1,70,,310171,14,,,1,35,,310172,14,,,1,70,,310173,14,,,1,30,,310174,14,,,1,70,,310175,14,,,1,30,,310176,14,,,1,65,,310177,14,,,1,30,,310178,14,,,1,70,,310179,14,,,1,30,,310180,14,,,1,70,,310181,14,,,1,27,,310183,11,0,7 40 41,1,3,,310182,14,,,1,77,,310184,14,,,1,20,,310185,14,,,1,70,,310186,14,,,1,25,,310188,11,0,7 40 41,1,5,,310187,14,,,1,70,,310189,14,,,1,28,,310191,11,0,7 40 41,1,2,,310190,14,,,1,70,,310192,14,,,1,30,,310193,14,,,1,70,,310194,14,,,1,45,,310195,14,,,1,145,,310196,14,,,1,100,,310197,14,,,1,202,,310198,14,,,1
5601,'20260930',445,,310199,14,,,1,95,,310201,14,,,1,70,,310203,14,,,1,30,,310205,14,,,1,70,,310207,14,,,1,30,,310208,14,,,1,78,,310209,14,,,1,25,,310210,14,,,1,70,,310211,14,,,1,35,,310212,14,,,1,70,,310213,14,,,1,30,,310214,14,,,1,70,,310215,14,,,1,30,,310216,14,,,1,65,,310217,14,,,1,30,,310218,14,,,1,70,,310219,14,,,1,30,,310220,14,,,1,70,,310221,14,,,1,27,,310223,11,0,7 40 41,1,3,,310222,14,,,1,77,,310224,14,,,1,20,,310225,14,,,1,70,,310226,14,,,1,25,,310228,11,0,7 40 41,1,5,,310227,14,,,1,70,,310229,14,,,1,28,,310231,11,0,7 40 41,1,2,,310230,14,,,1,70,,310232,14,,,1,30,,310233,14,,,1,70,,310234,14,,,1,45,,310235,14,,,1,145,,310236,14,,,1,100,,310237,14,,,1,202,,310238,14,,,1
5601,'20261001',445,,310239,14,,,1,95,,310241,14,,,1,70,,310243,14,,,1,30,,310245,14,,,1,70,,310247,14,,,1,30,,310248,14,,,1,78,,310249,14,,,1,25,,310250,14,,,1,70,,310251,14,,,1,35,,310252,14,,,1,70,,310253,14,,,1,30,,310254,14,,,1,70,,310255,14,,,1,30,,310256,14,,,1,65,,310257,14,,,1,30,,310258,14,,,1,70,,310259,14,,,1,30,,310260,14,,,1,70,,310261,14,,,1,27,,310263,11,0,7 40 41,1,3,,310262,14,,,1,77,,310264,14,,,1,20,,310265,14,,,1,70,,310266,14,,,1,25,,310268,11,0,7 40 41,1,5,,310267,14,,,1,70,,310269,14,,,1,28,,310271,11,0,7 40 41,1,2,,310270,14,,,1,70,,310272,14,,,1,30,,310273,14,,,1,70,,310274,14,,,1,45,,310275,14,,,1,145,,310276,14,,,1,100,,310277,14,,,1,202,,310278,14,,,1
5601,'20261002',445,,310279,14,,,1,95,,310281,14,,,1,70,,310283,14,,,1,30,,310285,14,,,1,70,,310287,14,,,1,30,,310288,14,,,1,78,,310289,14,,,1,25,,310290,14,,,1,70,,310291,14,,,1,35,,310292,14,,,1,70,,310293,14,,,1,30,,310294,14,,,1,70,,310295,14,,,1,30,,310296,14,,,1,65,,310297,14,,,1,30,,310298,14,,,1,70,,310299,14,,,1,30,,310300,14,,,1,70,,310301,14,,,1,27,,310303,11,0,7 40 41,1,3,,310302,14,,,1,77,,310304,14,,,1,20,,310305,14,,,1,70,,310306,14,,,1,25,,310308,11,0,7 40 41,1,5,,310307,14,,,1,70,,310309,14,,,1,28,,310311,11,0,7 40 41,1,2,,310310,14,,,1,70,,310312,14,,,1,30,,310313,14,,,1,70,,310314,14,,,1,45,,310315,14,,,1,145,,310316,14,,,1,100,,310317,14,,,1,202,,310318,14,,,1
5601,'20261005',445,,310319,14,,,1,95,,310321,14,,,1,70,,310323,14,,,1,30,,310325,14,,,1,70,,310327,14,,,1,30,,310328,14,,,1,78,,310329,14,,,1,25,,310330,14,,,1,70,,310331,14,,,1,35,,310332,14,,,1,70,,310333,14,,,1,30,,310334,14,,,1,70,,310335,14,,,1,30,,310336,14,,,1,65,,310337,14,,,1,30,,310338,14,,,1,70,,310339,14,,,1,30,,310340,14,,,1,70,,310341,14,,,1,27,,310343,11,0,7 40 41,1,3,,310342,14,,,1,77,,310344,14,,,1,20,,310345,14,,,1,70,,310346,14,,,1,25,,310348,11,0,7 40 41,1,5,,310347,14,,,1,70,,310349,14,,,1,28,,310351,11,0,7 40 41,1,2,,310350,14,,,1,70,,310352,14,,,1,30,,310353,14,,,1,70,,310354,14,,,1,45,,310355,14,,,1,145,,310356,14,,,1,100,,310357,14,,,1,202,,310358,14,,,1
5601,'20261006',445,,310359,14,,,1,95,,310361,14,,,1,70,,310363,14,,,1,30,,310365,14,,,1,70,,310367,14,,,1,30,,310368,14,,,1,78,,310369,14,,,1,25,,310370,14,,,1,70,,310371,14,,,1,35,,310372,14,,,1,70,,310373,14,,,1,30,,310374,14,,,1,70,,310375,14,,,1,30,,310376,14,,,1,65,,310377,14,,,1,30,,310378,14,,,1,70,,310379,14,,,1,30,,310380,14,,,1,70,,310381,14,,,1,27,,310383,11,0,7 40 41,1,3,,310382,14,,,1,77,,310384,14,,,1,20,,310385,14,,,1,70,,310386,14,,,1,25,,310388,11,0,7 40 41,1,5,,310387,14,,,1,70,,310389,14,,,1,28,,310391,11,0,7 40 41,1,2,,310390,14,,,1,70,,310392,14,,,1,30,,310393,14,,,1,70,,310394,14,,,1,45,,310395,14,,,1,145,,310396,14,,,1,100,,310397,14,,,1,202,,310398,14,,,1
5601,'20261007',445,,310399,14,,,1,95,,310401,14,,,1,70,,310403,14,,,1,30,,310405,14,,,1,70,,310407,14,,,1,30,,310408,14,,,1,78,,310409,14,,,1,25,,310410,14,,,1,70,,310411,14,,,1,35,,310412,14,,,1,70,,310413,14,,,1,30,,310414,14,,,1,70,,310415,14,,,1,30,,310416,14,,,1,65,,310417,14,,,1,30,,310418,14,,,1,70,,310419,14,,,1,30,,310420,14,,,1,70,,310421,14,,,1,27,,310423,11,0,7 40 41,1,3,,310422,14,,,1,77,,310424,14,,,1,20,,310425,14,,,1,70,,310426,14,,,1,25,,310428,11,0,7 40 41,1,5,,310427,14,,,1,70,,310429,14,,,1,28,,310431,11,0,7 40 41,1,2,,310430,14,,,1,70,,310432,14,,,1,30,,310433,14,,,1,70,,310434,14,,,1,45,,310435,14,,,1,145,,310436,14,,,1,100,,310437,14,,,1,202,,310438,14,,,1
5601,'20261008',445,,310439,14,,,1,95,,310441,14,,,1,70,,310443,14,,,1,30,,310445,14,,,1,70,,310447,14,,,1,30,,310448,14,,,1,78,,310449,14,,,1,25,,310450,14,,,1,70,,310451,14,,,1,35,,310452,14,,,1,70,,310453,14,,,1,30,,310454,14,,,1,70,,310455,14,,,1,30,,310456,14,,,1,65,,310457,14,,,1,30,,310458,14,,,1,70,,310459,14,,,1,30,,310460,14,,,1,70,,310461,14,,,1,27,,310463,11,0,7 40 41,1,3,,310462,14,,,1,77,,310464,14,,,1,20,,310465,14,,,1,70,,310466,14,,,1,25,,310468,11,0,7 40 41,1,5,,310467,14,,,1,70,,310469,14,,,1,28,,310471,11,0,7 40 41,1,2,,310470,14,,,1,70,,310472,14,,,1,30,,310473,14,,,1,70,,310474,14,,,1,45,,310475,14,,,1,145,,310476,14,,,1,100,,310477,14,,,1,202,,310478,14,,,1
5601,'20261009',445,,310479,14,,,1,95,,310481,14,,,1,70,,310483,14,,,1,30,,310485,14,,,1,70,,310487,14,,,1,30,,310488,14,,,1,78,,310489,14,,,1,25,,310490,14,,,1,70,,310491,14,,,1,35,,310492,14,,,1,70,,310493,14,,,1,30,,310494,14,,,1,70,,310495,14,,,1,30,,310496,14,,,1,65,,310497,14,,,1,30,,310498,14,,,1,70,,310499,14,,,1,30,,310500,14,,,1,70,,310501,14,,,1,27,,310503,11,0,7 40 41,1,3,,310502,14,,,1,77,,310504,14,,,1,20,,310505,14,,,1,70,,310506,14,,,1,25,,310508,11,0,7 40 41,1,5,,310507,14,,,1,70,,310509,14,,,1,28,,310511,11,0,7 40 41,1,2,,310510,14,,,1,70,,310512,14,,,1,30,,310513,14,,,1,70,,310514,14,,,1,45,,310515,14,,,1,145,,310516,14,,,1,100,,310517,14,,,1,202,,310518,14,,,1
5601,'20261013',445,,310519,14,,,1,95,,310521,14,,,1,70,,310523,14,,,1,30,,310525,14,,,1,70,,310527,14,,,1,30,,310528,14,,,1,78,,310529,14,,,1,25,,310530,14,,,1,70,,310531,14,,,1,35,,310532,14,,,1,70,,310533,14,,,1,30,,310534,14,,,1,70,,310535,14,,,1,30,,310536,14,,,1,65,,310537,14,,,1,30,,310538,14,,,1,70,,310539,14,,,1,30,,310540,14,,,1,70,,310541,14,,,1,27,,310543,11,0,7 40 41,1,3,,310542,14,,,1,77,,310544,14,,,1,20,,310545,14,,,1,70,,310546,14,,,1,25,,310548,11,0,7 40 41,1,5,,310547,14,,,1,70,,310549,14,,,1,28,,310551,11,0,7 40 41,1,2,,310550,14,,,1,70,,310552,14,,,1,30,,310553,14,,,1,70,,310554,14,,,1,45,,310555,14,,,1,145,,310556,14,,,1,100,,310557,14,,,1,202,,310558,14,,,1
5601,'20261014',445,,310559,14,,,1,95,,310561,14,,,1,70,,310563,14,,,1,30,,310565,14,,,1,70,,310567,14,,,1,30,,310568,14,,,1,78,,310569,14,,,1,25,,310570,14,,,1,70,,310571,14,,,1,35,,310572,14,,,1,70,,310573,14,,,1,30,,310574,14,,,1,70,,310575,14,,,1,30,,310576,14,,,1,65,,310577,14,,,1,30,,310578,14,,,1,70,,310579,14,,,1,30,,310580,14,,,1,70,,310581,14,,,1,27,,310583,11,0,7 40 41,1,3,,310582,14,,,1,77,,310584,14,,,1,20,,310585,14,,,1,70,,310586,14,,,1,25,,310588,11,0,7 40 41,1,5,,310587,14,,,1,70,,310589,14,,,1,28,,310591,11,0,7 40 41,1,2,,310590,14,,,1,70,,310592,14,,,1,30,,310593,14,,,1,70,,310594,14,,,1,45,,310595,14,,,1,145,,310596,14,,,1,100,,310597,14,,,1,202,,310598,14,,,1
5601,'20261015',445,,310599,14,,,1,95,,310601,14,,,1,70,,310603,14,,,1,30,,310605,14,,,1,70,,310607,14,,,1,30,,310608,14,,,1,78,,310609,14,,,1,25,,310610,14,,,1,70,,310611,14,,,1,35,,310612,14,,,1,70,,310613,14,,,1,30,,310614,14,,,1,70,,310615,14,,,1,30,,310616,14,,,1,65,,310617,14,,,1,30,,310618,14,,,1,70,,310619,14,,,1,30,,310620,14,,,1,70,,310621,14,,,1,27,,310623,11,0,7 40 41,1,3,,310622,14,,,1,77,,310624,14,,,1,20,,310625,14,,,1,70,,310626,14,,,1,25,,310628,11,0,7 40 41,1,5,,310627,14,,,1,70,,310629,14,,,1,28,,310631,11,0,7 40 41,1,2,,310630,14,,,1,70,,310632,14,,,1,30,,310633,14,,,1,70,,310634,14,,,1,45,,310635,14,,,1,145,,310636,14,,,1,100,,310637,14,,,1,202,,310638,14,,,1
5601,'20261016',445,,310639,14,,,1,95,,310641,14,,,1,70,,310643,14,,,1,30,,310645,14,,,1,70,,310647,14,,,1,30,,310648,14,,,1,78,,310649,14,,,1,25,,310650,14,,,1,70,,310651,14,,,1,35,,310652,14,,,1,70,,310653,14,,,1,30,,310654,14,,,1,70,,310655,14,,,1,30,,310656,14,,,1,65,,310657,14,,,1,30,,310658,14,,,1,70,,310659,14,,,1,30,,310660,14,,,1,70,,310661,14,,,1,27,,310663,11,0,7 40 41,1,3,,310662,14,,,1,77,,310664,14,,,1,20,,310665,14,,,1,70,,310666,14,,,1,25,,310668,11,0,7 40 41,1,5,,310667,14,,,1,70,,310669,14,,,1,28,,310671,11,0,7 40 41,1,2,,310670,14,,,1,70,,310672,14,,,1,30,,310673,14,,,1,70,,310674,14,,,1,45,,310675,14,,,1,145,,310676,14,,,1,100,,310677,14,,,1,202,,310678,14,,,1
5601,'20261019',445,,310679,14,,,1,95,,310681,14,,,1,70,,310683,14,,,1,30,,310685,14,,,1,70,,310687,14,,,1,30,,310688,14,,,1,78,,310689,14,,,1,25,,310690,14,,,1,70,,310691,14,,,1,35,,310692,14,,,1,70,,310693,14,,,1,30,,310694,14,,,1,70,,310695,14,,,1,30,,310696,14,,,1,65,,310697,14,,,1,30,,310698,14,,,1,70,,310699,14,,,1,30,,310700,14,,,1,70,,310701,14,,,1,27,,310703,11,0,7 40 41,1,3,,310702,14,,,1,77,,310704,14,,,1,20,,310705,14,,,1,70,,310706,14,,,1,25,,310708,11,0,7 40 41,1,5,,310707,14,,,1,70,,310709,14,,,1,28,,310711,11,0,7 40 41,1,2,,310710,14,,,1,70,,310712,14,,,1,30,,310713,14,,,1,70,,310714,14,,,1,45,,310715,14,,,1,145,,310716,14,,,1,100,,310717,14,,,1,202,,310718,14,,,1
5601,'20261020',445,,310719,14,,,1,95,,310721,14,,,1,70,,310723,14,,,1,30,,310725,14,,,1,70,,310727,14,,,1,30,,310728,14,,,1,78,,310729,14,,,1,25,,310730,14,,,1,70,,310731,14,,,1,35,,310732,14,,,1,70,,310733,14,,,1,30,,310734,14,,,1,70,,310735,14,,,1,30,,310736,14,,,1,65,,310737,14,,,1,30,,310738,14,,,1,70,,310739,14,,,1,30,,310740,14,,,1,70,,310741,14,,,1,27,,310743,11,0,7 40 41,1,3,,310742,14,,,1,77,,310744,14,,,1,20,,310745,14,,,1,70,,310746,14,,,1,25,,310748,11,0,7 40 41,1,5,,310747,14,,,1,70,,310749,14,,,1,28,,310751,11,0,7 40 41,1,2,,310750,14,,,1,70,,310752,14,,,1,30,,310753,14,,,1,70,,310754,14,,,1,45,,310755,14,,,1,145,,310756,14,,,1,100,,310757,14,,,1,202,,310758,14,,,1
5601,'20261021',445,,310759,14,,,1,95,,310761,14,,,1,70,,310763,14,,,1,30,,310765,14,,,1,70,,310767,14,,,1,30,,310768,14,,,1,78,,310769,14,,,1,25,,310770,14,,,1,70,,310771,14,,,1,35,,310772,14,,,1,70,,310773,14,,,1,30,,310774,14,,,1,70,,310775,14,,,1,30,,310776,14,,,1,65,,310777,14,,,1,30,,310778,14,,,1,70,,310779,14,,,1,30,,310780,14,,,1,70,,310781,14,,,1,27,,310783,11,0,7 40 41,1,3,,310782,14,,,1,77,,310784,14,,,1,20,,310785,14,,,1,70,,310786,14,,,1,25,,310788,11,0,7 40 41,1,5,,310787,14,,,1,70,,310789,14,,,1,28,,310791,11,0,7 40 41,1,2,,310790,14,,,1,70,,310792,14,,,1,30,,310793,14,,,1,70,,310794,14,,,1,45,,310795,14,,,1,145,,310796,14,,,1,100,,310797,14,,,1,202,,310798,14,,,1
5601,'20261022',445,,310799,14,,,1,95,,310801,14,,,1,70,,310803,14,,,1,30,,310805,14,,,1,70,,310807,14,,,1,30,,310808,14,,,1,78,,310809,14,,,1,25,,310810,14,,,1,70,,310811,14,,,1,35,,310812,14,,,1,70,,310813,14,,,1,30,,310814,14,,,1,70,,310815,14,,,1,30,,310816,14,,,1,65,,310817,14,,,1,30,,310818,14,,,1,70,,310819,14,,,1,30,,310820,14,,,1,70,,310821,14,,,1,27,,310823,11,0,7 40 41,1,3,,310822,14,,,1,77,,310824,14,,,1,20,,310825,14,,,1,70,,310826,14,,,1,25,,310828,11,0,7 40 41,1,5,,310827,14,,,1,70,,310829,14,,,1,28,,310831,11,0,7 40 41,1,2,,310830,14,,,1,70,,310832,14,,,1,30,,310833,14,,,1,70,,310834,14,,,1,45,,310835,14,,,1,145,,310836,14,,,1,100,,310837,14,,,1,202,,310838,14,,,1
5601,'20261023',445,,310839,14,,,1,95,,310841,14,,,1,70,,310843,14,,,1,30,,310845,14,,,1,70,,310847,14,,,1,30,,310848,14,,,1,78,,310849,14,,,1,25,,310850,14,,,1,70,,310851,14,,,1,35,,310852,14,,,1,70,,310853,14,,,1,30,,310854,14,,,1,70,,310855,14,,,1,30,,310856,14,,,1,65,,310857,14,,,1,30,,310858,14,,,1,70,,310859,14,,,1,30,,310860,14,,,1,70,,310861,14,,,1,27,,310863,11,0,7 40 41,1,3,,310862,14,,,1,77,,310864,14,,,1,20,,310865,14,,,1,70,,310866,14,,,1,25,,310868,11,0,7 40 41,1,5,,310867,14,,,1,70,,310869,14,,,1,28,,310871,11,0,7 40 41,1,2,,310870,14,,,1,70,,310872,14,,,1,30,,310873,14,,,1,70,,310874,14,,,1,45,,310875,14,,,1,145,,310876,14,,,1,100,,310877,14,,,1,202,,310878,14,,,1
5601,'20261026',445,,310879,14,,,1,95,,310881,14,,,1,70,,310883,14,,,1,30,,310885,14,,,1,70,,310887,14,,,1,30,,310888,14,,,1,78,,310889,14,,,1,25,,310890,14,,,1,70,,310891,14,,,1,35,,310892,14,,,1,70,,310893,14,,,1,30,,310894,14,,,1,70,,310895,14,,,1,30,,310896,14,,,1,65,,310897,14,,,1,30,,310898,14,,,1,70,,310899,14,,,1,30,,310900,14,,,1,70,,310901,14,,,1,27,,310903,11,0,7 40 41,1,3,,310902,14,,,1,77,,310904,14,,,1,20,,310905,14,,,1,70,,310906,14,,,1,25,,310908,11,0,7 40 41,1,5,,310907,14,,,1,70,,310909,14,,,1,28,,310911,11,0,7 40 41,1,2,,310910,14,,,1,70,,310912,14,,,1,30,,310913,14,,,1,70,,310914,14,,,1,45,,310915,14,,,1,145,,310916,14,,,1,100,,310917,14,,,1,202,,310918,14,,,1
5601,'20261027',445,,310919,14,,,1,95,,310921,14,,,1,70,,310923,14,,,1,30,,310925,14,,,1,70,,310927,14,,,1,30,,310928,14,,,1,78,,310929,14,,,1,25,,310930,14,,,1,70,,310931,14,,,1,35,,310932,14,,,1,70,,310933,14,,,1,30,,310934,14,,,1,70,,310935,14,,,1,30,,310936,14,,,1,65,,310937,14,,,1,30,,310938,14,,,1,70,,310939,14,,,1,30,,310940,14,,,1,70,,310941,14,,,1,27,,310943,11,0,7 40 41,1,3,,310942,14,,,1,77,,310944,14,,,1,20,,310945,14,,,1,70,,310946,14,,,1,25,,310948,11,0,7 40 41,1,5,,310947,14,,,1,70,,310949,14,,,1,28,,310951,11,0,7 40 41,1,2,,310950,14,,,1,70,,310952,14,,,1,30,,310953,14,,,1,70,,310954,14,,,1,45,,310955,14,,,1,145,,310956,14,,,1,100,,310957,14,,,1,202,,310958,14,,,1
5601,'20261028',445,,310959,14,,,1,95,,310961,14,,,1,70,,310963,14,,,1,30,,310965,14,,,1,70,,310967,14,,,1,30,,310968,14,,,1,78,,310969,14,,,1,25,,310970,14,,,1,70,,310971,14,,,1,35,,310972,14,,,1,70,,310973,14,,,1,30,,310974,14,,,1,70,,310975,14,,,1,30,,310976,14,,,1,65,,310977,14,,,1,30,,310978,14,,,1,70,,310979,14,,,1,30,,310980,14,,,1,70,,310981,14,,,1,27,,310983,11,0,7 40 41,1,3,,310982,14,,,1,77,,310984,14,,,1,20,,310985,14,,,1,70,,310986,14,,,1,25,,310988,11,0,7 40 41,1,5,,310987,14,,,1,70,,310989,14,,,1,28,,310991,11,0,7 40 41,1,2,,310990,14,,,1,70,,310992,14,,,1,30,,310993,14,,,1,70,,310994,14,,,1,45,,310995,14,,,1,145,,310996,14,,,1,100,,310997,14,,,1,202,,310998,14,,,1
5601,'20261029',445,,310999,14,,,1,95,,311001,14,,,1,70,,311003,14,,,1,30,,311005,14,,,1,70,,311007,14,,,1,30,,311008,14,,,1,78,,311009,14,,,1,25,,311010,14,,,1,70,,311011,14,,,1,35,,311012,14,,,1,70,,311013,14,,,1,30,,311014,14,,,1,70,,311015,14,,,1,30,,311016,14,,,1,65,,311017,14,,,1,30,,311018,14,,,1,70,,311019,14,,,1,30,,311020,14,,,1,70,,311021,14,,,1,27,,311023,11,0,7 40 41,1,3,,311022,14,,,1,77,,311024,14,,,1,20,,311025,14,,,1,70,,311026,14,,,1,25,,311028,11,0,7 40 41,1,5,,311027,14,,,1,70,,311029,14,,,1,28,,311031,11,0,7 40 41,1,2,,311030,14,,,1,70,,311032,14,,,1,30,,311033,14,,,1,70,,311034,14,,,1,45,,311035,14,,,1,145,,311036,14,,,1,100,,311037,14,,,1,202,,311038,14,,,1
5601,'20261030',445,,311039,14,,,1,95,,311041,14,,,1,70,,311043,14,,,1,30,,311045,14,,,1,70,,311047,14,,,1,30,,311048,14,,,1,78,,311049,14,,,1,25,,311050,14,,,1,70,,311051,14,,,1,35,,311052,14,,,1,70,,311053,14,,,1,30,,311054,14,,,1,70,,311055,14,,,1,30,,311056,14,,,1,65,,311057,14,,,1,30,,311058,14,,,1,70,,311059,14,,,1,30,,311060,14,,,1,70,,311061,14,,,1,27,,311063,11,0,7 40 41,1,3,,311062,14,,,1,77,,311064,14,,,1,20,,311065,14,,,1,70,,311066,14,,,1,25,,311068,11,0,7 40 41,1,5,,311067,14,,,1,70,,311069,14,,,1,28,,311071,11,0,7 40 41,1,2,,311070,14,,,1,70,,311072,14,,,1,30,,311073,14,,,1,70,,311074,14,,,1,45,,311075,14,,,1,145,,311076,14,,,1,100,,311077,14,,,1,202,,311078,14,,,1
5601,'20261102',445,,311079,14,,,1,95,,311081,14,,,1,70,,311083,14,,,1,30,,311085,14,,,1,70,,311087,14,,,1,30,,311088,14,,,1,78,,311089,14,,,1,25,,311090,14,,,1,70,,311091,14,,,1,35,,311092,14,,,1,70,,311093,14,,,1,30,,311094,14,,,1,70,,311095,14,,,1,30,,311096,14,,,1,65,,311097,14,,,1,30,,311098,14,,,1,70,,311099,14,,,1,30,,311100,14,,,1,70,,311101,14,,,1,27,,311103,11,0,7 40 41,1,3,,311102,14,,,1,77,,311104,14,,,1,20,,311105,14,,,1,70,,311106,14,,,1,25,,311108,11,0,7 40 41,1,5,,311107,14,,,1,70,,311109,14,,,1,28,,311111,11,0,7 40 41,1,2,,311110,14,,,1,70,,311112,14,,,1,30,,311113,14,,,1,70,,311114,14,,,1,45,,311115,14,,,1,145,,311116,14,,,1,100,,311117,14,,,1,202,,311118,14,,,1
5601,'20261103',445,,311119,14,,,1,95,,311121,14,,,1,70,,311123,14,,,1,30,,311125,14,,,1,70,,311127,14,,,1,30,,311128,14,,,1,78,,311129,14,,,1,25,,311130,14,,,1,70,,311131,14,,,1,35,,311132,14,,,1,70,,311133,14,,,1,30,,311134,14,,,1,70,,311135,14,,,1,30,,311136,14,,,1,65,,311137,14,,,1,30,,311138,14,,,1,70,,311139,14,,,1,30,,311140,14,,,1,70,,311141,14,,,1,27,,311143,11,0,7 40 41,1,3,,311142,14,,,1,77,,311144,14,,,1,20,,311145,14,,,1,70,,311146,14,,,1,25,,311148,11,0,7 40 41,1,5,,311147,14,,,1,70,,311149,14,,,1,28,,311151,11,0,7 40 41,1,2,,311150,14,,,1,70,,311152,14,,,1,30,,311153,14,,,1,70,,311154,14,,,1,45,,311155,14,,,1,145,,311156,14,,,1,100,,311157,14,,,1,202,,311158,14,,,1
5601,'20261104',445,,311159,14,,,1,95,,311161,14,,,1,70,,311163,14,,,1,30,,311165,14,,,1,70,,311167,14,,,1,30,,311168,14,,,1,78,,311169,14,,,1,25,,311170,14,,,1,70,,311171,14,,,1,35,,311172,14,,,1,70,,311173,14,,,1,30,,311174,14,,,1,70,,311175,14,,,1,30,,311176,14,,,1,65,,311177,14,,,1,30,,311178,14,,,1,70,,311179,14,,,1,30,,311180,14,,,1,70,,311181,14,,,1,27,,311183,11,0,7 40 41,1,3,,311182,14,,,1,77,,311184,14,,,1,20,,311185,14,,,1,70,,311186,14,,,1,25,,311188,11,0,7 40 41,1,5,,311187,14,,,1,70,,311189,14,,,1,28,,311191,11,0,7 40 41,1,2,,311190,14,,,1,70,,311192,14,,,1,30,,311193,14,,,1,70,,311194,14,,,1,45,,311195,14,,,1,145,,311196,14,,,1,100,,311197,14,,,1,202,,311198,14,,,1
5601,'20261105',445,,311199,14,,,1,95,,311201,14,,,1,70,,311203,14,,,1,30,,311205,14,,,1,70,,311207,14,,,1,30,,311208,14,,,1,78,,311209,14,,,1,25,,311210,14,,,1,70,,311211,14,,,1,35,,311212,14,,,1,70,,311213,14,,,1,30,,311214,14,,,1,70,,311215,14,,,1,30,,311216,14,,,1,65,,311217,14,,,1,30,,311218,14,,,1,70,,311219,14,,,1,30,,311220,14,,,1,70,,311221,14,,,1,27,,311223,11,0,7 40 41,1,3,,311222,14,,,1,77,,311224,14,,,1,20,,311225,14,,,1,70,,311226,14,,,1,25,,311228,11,0,7 40 41,1,5,,311227,14,,,1,70,,311229,14,,,1,28,,311231,11,0,7 40 41,1,2,,311230,14,,,1,70,,311232,14,,,1,30,,311233,14,,,1,70,,311234,14,,,1,45,,311235,14,,,1,145,,311236,14,,,1,100,,311237,14,,,1,202,,311238,14,,,1
5601,'20261106',445,,311239,14,,,1,95,,311241,14,,,1,70,,311243,14,,,1,30,,311245,14,,,1,70,,311247,14,,,1,30,,311248,14,,,1,78,,311249,14,,,1,25,,311250,14,,,1,70,,311251,14,,,1,35,,311252,14,,,1,70,,311253,14,,,1,30,,311254,14,,,1,70,,311255,14,,,1,30,,311256,14,,,1,65,,311257,14,,,1,30,,311258,14,,,1,70,,311259,14,,,1,30,,311260,14,,,1,70,,311261,14,,,1,27,,311263,11,0,7 40 41,1,3,,311262,14,,,1,77,,311264,14,,,1,20,,311265,14,,,1,70,,311266,14,,,1,25,,311268,11,0,7 40 41,1,5,,311267,14,,,1,70,,311269,14,,,1,28,,311271,11,0,7 40 41,1,2,,311270,14,,,1,70,,311272,14,,,1,30,,311273,14,,,1,70,,311274,14,,,1,45,,311275,14,,,1,145,,311276,14,,,1,100,,311277,14,,,1,202,,311278,14,,,1
5601,'20261109',445,,311279,14,,,1,95,,311281,14,,,1,70,,311283,14,,,1,30,,311285,14,,,1,70,,311287,14,,,1,30,,311288,14,,,1,78,,311289,14,,,1,25,,311290,14,,,1,70,,311291,14,,,1,35,,311292,14,,,1,70,,311293,14,,,1,30,,311294,14,,,1,70,,311295,14,,,1,30,,311296,14,,,1,65,,311297,14,,,1,30,,311298,14,,,1,70,,311299,14,,,1,30,,311300,14,,,1,70,,311301,14,,,1,27,,311303,11,0,7 40 41,1,3,,311302,14,,,1,77,,311304,14,,,1,20,,311305,14,,,1,70,,311306,14,,,1,25,,311308,11,0,7 40 41,1,5,,311307,14,,,1,70,,311309,14,,,1,28,,311311,11,0,7 40 41,1,2,,311310,14,,,1,70,,311312,14,,,1,30,,311313,14,,,1,70,,311314,14,,,1,45,,311315,14,,,1,145,,311316,14,,,1,100,,311317,14,,,1,202,,311318,14,,,1
5601,'20261110',445,,311319,14,,,1,95,,311321,14,,,1,70,,311323,14,,,1,30,,311325,14,,,1,70,,311327,14,,,1,30,,311328,14,,,1,78,,311329,14,,,1,25,,311330,14,,,1,70,,311331,14,,,1,35,,311332,14,,,1,70,,311333,14,,,1,30,,311334,14,,,1,70,,311335,14,,,1,30,,311336,14,,,1,65,,311337,14,,,1,30,,311338,14,,,1,70,,311339,14,,,1,30,,311340,14,,,1,70,,311341,14,,,1,27,,311343,11,0,7 40 41,1,3,,311342,14,,,1,77,,311344,14,,,1,20,,311345,14,,,1,70,,311346,14,,,1,25,,311348,11,0,7 40 41,1,5,,311347,14,,,1,70,,311349,14,,,1,28,,311351,11,0,7 40 41,1,2,,311350,14,,,1,70,,311352,14,,,1,30,,311353,14,,,1,70,,311354,14,,,1,45,,311355,14,,,1,145,,311356,14,,,1,100,,311357,14,,,1,202,,311358,14,,,1
5601,'20261111',445,,311359,14,,,1,95,,311361,14,,,1,70,,311363,14,,,1,30,,311365,14,,,1,70,,311367,14,,,1,30,,311368,14,,,1,78,,311369,14,,,1,25,,311370,14,,,1,70,,311371,14,,,1,35,,311372,14,,,1,70,,311373,14,,,1,30,,311374,14,,,1,70,,311375,14,,,1,30,,311376,14,,,1,65,,311377,14,,,1,30,,311378,14,,,1,70,,311379,14,,,1,30,,311380,14,,,1,70,,311381,14,,,1,27,,311383,11,0,7 40 41,1,3,,311382,14,,,1,77,,311384,14,,,1,20,,311385,14,,,1,70,,311386,14,,,1,25,,311388,11,0,7 40 41,1,5,,311387,14,,,1,70,,311389,14,,,1,28,,311391,11,0,7 40 41,1,2,,311390,14,,,1,70,,311392,14,,,1,30,,311393,14,,,1,70,,311394,14,,,1,45,,311395,14,,,1,145,,311396,14,,,1,100,,311397,14,,,1,202,,311398,14,,,1
5601,'20261112',445,,311399,14,,,1,95,,311401,14,,,1,70,,311403,14,,,1,30,,311405,14,,,1,70,,311407,14,,,1,30,,311408,14,,,1,78,,311409,14,,,1,25,,311410,14,,,1,70,,311411,14,,,1,35,,311412,14,,,1,70,,311413,14,,,1,30,,311414,14,,,1,70,,311415,14,,,1,30,,311416,14,,,1,65,,311417,14,,,1,30,,311418,14,,,1,70,,311419,14,,,1,30,,311420,14,,,1,70,,311421,14,,,1,27,,311423,11,0,7 40 41,1,3,,311422,14,,,1,77,,311424,14,,,1,20,,311425,14,,,1,70,,311426,14,,,1,25,,311428,11,0,7 40 41,1,5,,311427,14,,,1,70,,311429,14,,,1,28,,311431,11,0,7 40 41,1,2,,311430,14,,,1,70,,311432,14,,,1,30,,311433,14,,,1,70,,311434,14,,,1,45,,311435,14,,,1,145,,311436,14,,,1,100,,311437,14,,,1,202,,311438,14,,,1
5601,'20261113',445,,311439,14,,,1,95,,311441,14,,,1,70,,311443,14,,,1,30,,311445,14,,,1,70,,311447,14,,,1,30,,311448,14,,,1,78,,311449,14,,,1,25,,311450,14,,,1,70,,311451,14,,,1,35,,311452,14,,,1,70,,311453,14,,,1,30,,311454,14,,,1,70,,311455,14,,,1,30,,311456,14,,,1,65,,311457,14,,,1,30,,311458,14,,,1,70,,311459,14,,,1,30,,311460,14,,,1,70,,311461,14,,,1,27,,311463,11,0,7 40 41,1,3,,311462,14,,,1,77,,311464,14,,,1,20,,311465,14,,,1,70,,311466,14,,,1,25,,311468,11,0,7 40 41,1,5,,311467,14,,,1,70,,311469,14,,,1,28,,311471,11,0,7 40 41,1,2,,311470,14,,,1,70,,311472,14,,,1,30,,311473,14,,,1,70,,311474,14,,,1,45,,311475,14,,,1,145,,311476,14,,,1,100,,311477,14,,,1,202,,311478,14,,,1
5601,'20261116',445,,311479,14,,,1,95,,311481,14,,,1,70,,311483,14,,,1,30,,311485,14,,,1,70,,311487,14,,,1,30,,311488,14,,,1,78,,311489,14,,,1,25,,311490,14,,,1,70,,311491,14,,,1,35,,311492,14,,,1,70,,311493,14,,,1,30,,311494,14,,,1,70,,311495,14,,,1,30,,311496,14,,,1,65,,311497,14,,,1,30,,311498,14,,,1,70,,311499,14,,,1,30,,311500,14,,,1,70,,311501,14,,,1,27,,311503,11,0,7 40 41,1,3,,311502,14,,,1,77,,311504,14,,,1,20,,311505,14,,,1,70,,311506,14,,,1,25,,311508,11,0,7 40 41,1,5,,311507,14,,,1,70,,311509,14,,,1,28,,311511,11,0,7 40 41,1,2,,311510,14,,,1,70,,311512,14,,,1,30,,311513,14,,,1,70,,311514,14,,,1,45,,311515,14,,,1,145,,311516,14,,,1,100,,311517,14,,,1,202,,311518,14,,,1
5601,'20261117',445,,311519,14,,,1,95,,311521,14,,,1,70,,311523,14,,,1,30,,311525,14,,,1,70,,311527,14,,,1,30,,311528,14,,,1,78,,311529,14,,,1,25,,311530,14,,,1,70,,311531,14,,,1,35,,311532,14,,,1,70,,311533,14,,,1,30,,311534,14,,,1,70,,311535,14,,,1,30,,311536,14,,,1,65,,311537,14,,,1,30,,311538,14,,,1,70,,311539,14,,,1,30,,311540,14,,,1,70,,311541,14,,,1,27,,311543,11,0,7 40 41,1,3,,311542,14,,,1,77,,311544,14,,,1,20,,311545,14,,,1,70,,311546,14,,,1,25,,311548,11,0,7 40 41,1,5,,311547,14,,,1,70,,311549,14,,,1,28,,311551,11,0,7 40 41,1,2,,311550,14,,,1,70,,311552,14,,,1,30,,311553,14,,,1,70,,311554,14,,,1,45,,311555,14,,,1,145,,311556,14,,,1,100,,311557,14,,,1,202,,311558,14,,,1
5601,'20261118',445,,311559,14,,,1,95,,311561,14,,,1,70,,311563,14,,,1,30,,311565,14,,,1,70,,311567,14,,,1,30,,311568,14,,,1,78,,311569,14,,,1,25,,311570,14,,,1,70,,311571,14,,,1,35,,311572,14,,,1,70,,311573,14,,,1,30,,311574,14,,,1,70,,311575,14,,,1,30,,311576,14,,,1,65,,311577,14,,,1,30,,311578,14,,,1,70,,311579,14,,,1,30,,311580,14,,,1,70,,311581,14,,,1,27,,311583,11,0,7 40 41,1,3,,311582,14,,,1,77,,311584,14,,,1,20,,311585,14,,,1,70,,311586,14,,,1,25,,311588,11,0,7 40 41,1,5,,311587,14,,,1,70,,311589,14,,,1,28,,311591,11,0,7 40 41,1,2,,311590,14,,,1,70,,311592,14,,,1,30,,311593,14,,,1,70,,311594,14,,,1,45,,311595,14,,,1,145,,311596,14,,,1,100,,311597,14,,,1,202,,311598,14,,,1
5601,'20261119',445,,311599,14,,,1,95,,311601,14,,,1,70,,311603,14,,,1,30,,311605,14,,,1,70,,311607,14,,,1,30,,311608,14,,,1,78,,311609,14,,,1,25,,311610,14,,,1,70,,311611,14,,,1,35,,311612,14,,,1,70,,311613,14,,,1,30,,311614,14,,,1,70,,311615,14,,,1,30,,311616,14,,,1,65,,311617,14,,,1,30,,311618,14,,,1,70,,311619,14,,,1,30,,311620,14,,,1,70,,311621,14,,,1,27,,311623,11,0,7 40 41,1,3,,311622,14,,,1,77,,311624,14,,,1,20,,311625,14,,,1,70,,311626,14,,,1,25,,311628,11,0,7 40 41,1,5,,311627,14,,,1,70,,311629,14,,,1,28,,311631,11,0,7 40 41,1,2,,311630,14,,,1,70,,311632,14,,,1,30,,311633,14,,,1,70,,311634,14,,,1,45,,311635,14,,,1,145,,311636,14,,,1,100,,311637,14,,,1,202,,311638,14,,,1
5601,'20261120',445,,311639,14,,,1,95,,311641,14,,,1,70,,311643,14,,,1,30,,311645,14,,,1,70,,311647,14,,,1,30,,311648,14,,,1,78,,311649,14,,,1,25,,311650,14,,,1,70,,311651,14,,,1,35,,311652,14,,,1,70,,311653,14,,,1,30,,311654,14,,,1,70,,311655,14,,,1,30,,311656,14,,,1,65,,311657,14,,,1,30,,311658,14,,,1,70,,311659,14,,,1,30,,311660,14,,,1,70,,311661,14,,,1,27,,311663,11,0,7 40 41,1,3,,311662,14,,,1,77,,311664,14,,,1,20,,311665,14,,,1,70,,311666,14,,,1,25,,311668,11,0,7 40 41,1,5,,311667,14,,,1,70,,311669,14,,,1,28,,311671,11,0,7 40 41,1,2,,311670,14,,,1,70,,311672,14,,,1,30,,311673,14,,,1,70,,311674,14,,,1,45,,311675,14,,,1,145,,311676,14,,,1,100,,311677,14,,,1,202,,311678,14,,,1
5601,'20261123',445,,311679,14,,,1,95,,311681,14,,,1,70,,311683,14,,,1,30,,311685,14,,,1,70,,311687,14,,,1,30,,311688,14,,,1,78,,311689,14,,,1,25,,311690,14,,,1,70,,311691,14,,,1,35,,311692,14,,,1,70,,311693,14,,,1,30,,311694,14,,,1,70,,311695,14,,,1,30,,311696,14,,,1,65,,311697,14,,,1,30,,311698,14,,,1,70,,311699,14,,,1,30,,311700,14,,,1,70,,311701,14,,,1,27,,311703,11,0,7 40 41,1,3,,311702,14,,,1,77,,311704,14,,,1,20,,311705,14,,,1,70,,311706,14,,,1,25,,311708,11,0,7 40 41,1,5,,311707,14,,,1,70,,311709,14,,,1,28,,311711,11,0,7 40 41,1,2,,311710,14,,,1,70,,311712,14,,,1,30,,311713,14,,,1,70,,311714,14,,,1,45,,311715,14,,,1,145,,311716,14,,,1,100,,311717,14,,,1,202,,311718,14,,,1
5601,'20261124',445,,311719,14,,,1,95,,311721,14,,,1,70,,311723,14,,,1,30,,311725,14,,,1,70,,311727,14,,,1,30,,311728,14,,,1,78,,311729,14,,,1,25,,311730,14,,,1,70,,311731,14,,,1,35,,311732,14,,,1,70,,311733,14,,,1,30,,311734,14,,,1,70,,311735,14,,,1,30,,311736,14,,,1,65,,311737,14,,,1,30,,311738,14,,,1,70,,311739,14,,,1,30,,311740,14,,,1,70,,311741,14,,,1,27,,311743,11,0,7 40 41,1,3,,311742,14,,,1,77,,311744,14,,,1,20,,311745,14,,,1,70,,311746,14,,,1,25,,311748,11,0,7 40 41,1,5,,311747,14,,,1,70,,311749,14,,,1,28,,311751,11,0,7 40 41,1,2,,311750,14,,,1,70,,311752,14,,,1,30,,311753,14,,,1,70,,311754,14,,,1,45,,311755,14,,,1,145,,311756,14,,,1,100,,311757,14,,,1,202,,311758,14,,,1
5601,'20261125',445,,311759,14,,,1,95,,311761,14,,,1,70,,311763,14,,,1,30,,311765,14,,,1,70,,311767,14,,,1,30,,311768,14,,,1,78,,311769,14,,,1,25,,311770,14,,,1,70,,311771,14,,,1,35,,311772,14,,,1,70,,311773,14,,,1,30,,311774,14,,,1,70,,311775,14,,,1,30,,311776,14,,,1,65,,311777,14,,,1,30,,311778,14,,,1,70,,311779,14,,,1,30,,311780,14,,,1,70,,311781,14,,,1,27,,311783,11,0,7 40 41,1,3,,311782,14,,,1,77,,311784,14,,,1,20,,311785,14,,,1,70,,311786,14,,,1,25,,311788,11,0,7 40 41,1,5,,311787,14,,,1,70,,311789,14,,,1,28,,311791,11,0,7 40 41,1,2,,311790,14,,,1,70,,311792,14,,,1,30,,311793,14,,,1,70,,311794,14,,,1,45,,311795,14,,,1,145,,311796,14,,,1,100,,311797,14,,,1,202,,311798,14,,,1
5601,'20261126',445,,311799,14,,,1,95,,311801,14,,,1,70,,311803,14,,,1,30,,311805,14,,,1,70,,311807,14,,,1,30,,311808,14,,,1,78,,311809,14,,,1,25,,311810,14,,,1,70,,311811,14,,,1,35,,311812,14,,,1,70,,311813,14,,,1,30,,311814,14,,,1,70,,311815,14,,,1,30,,311816,14,,,1,65,,311817,14,,,1,30,,311818,14,,,1,70,,311819,14,,,1,30,,311820,14,,,1,70,,311821,14,,,1,27,,311823,11,0,7 40 41,1,3,,311822,14,,,1,77,,311824,14,,,1,20,,311825,14,,,1,70,,311826,14,,,1,25,,311828,11,0,7 40 41,1,5,,311827,14,,,1,70,,311829,14,,,1,28,,311831,11,0,7 40 41,1,2,,311830,14,,,1,70,,311832,14,,,1,30,,311833,14,,,1,70,,311834,14,,,1,45,,311835,14,,,1,145,,311836,14,,,1,100,,311837,14,,,1,202,,311838,14,,,1
5601,'20261127',445,,311839,14,,,1,95,,311841,14,,,1,70,,311843,14,,,1,30,,311845,14,,,1,70,,311847,14,,,1,30,,311848,14,,,1,78,,311849,14,,,1,25,,311850,14,,,1,70,,311851,14,,,1,35,,311852,14,,,1,70,,311853,14,,,1,30,,311854,14,,,1,70,,311855,14,,,1,30,,311856,14,,,1,65,,311857,14,,,1,30,,311858,14,,,1,70,,311859,14,,,1,30,,311860,14,,,1,70,,311861,14,,,1,27,,311863,11,0,7 40 41,1,3,,311862,14,,,1,77,,311864,14,,,1,20,,311865,14,,,1,70,,311866,14,,,1,25,,311868,11,0,7 40 41,1,5,,311867,14,,,1,70,,311869,14,,,1,28,,311871,11,0,7 40 41,1,2,,311870,14,,,1,70,,311872,14,,,1,30,,311873,14,,,1,70,,311874,14,,,1,45,,311875,14,,,1,145,,311876,14,,,1,100,,311877,14,,,1,202,,311878,14,,,1
7100,'20260910',713,,317853,4,,,1,112,,317854,4,,,1,1318,,317856,4,0,57 59 9,1,5,,317857,4,0,16 14 36 9,1,195,,317859,4,0,31 32 33 9,1,100,,317861,4,0,31 32 33 9,1,92,,317862,4,0,31 32 33 9,1,175,,317863,4,0,31 32 33 9,1
7100,'20260911',713,,317864,4,,,1,112,,317865,4,,,1,1318,,317867,4,0,57 59 9,1,5,,317868,4,0,16 14 36 9,1,195,,317870,4,0,31 32 33 9,1,100,,317872,4,0,31 32 33 9,1,92,,317873,4,0,31 32 33 9,1,175,,317874,4,0,31 32 33 9,1
7100,'20260912',815,,317875,4,,,1,113,,317876,4,0,16 14 36 9,1,5,,317877,4,,,1,95,,317878,4,0,16 14 36 9,1,5,,317879,4,0,16 14 36 9,1,95,,317880,4,0,16 14 36 9,1,5,,317881,4,,,1,100,,317883,4,0,16 14 36 9,1,70,,317884,4,0,16 14 36 9,1,30,,317886,4,,,1,70,,317887,4,0,16 14 36 9,1,30,,317889,4,0,16 14 36 9,1,70,,317890,4,0,16 14 36 9,1,30,,317892,4,,,1,70,,317893,4,0,16 14 36 9,1,100,,317894,4,0,16 14 36 9,1,30,,317896,4,,,1,170,,317897,4,0,16 14 36 9,1,30,,317899,4,,,1,125,,317900,4,0,16 14 36 9,1,75,,317902,4,,,1,170,,317903,4,0,16 14 36 9,1,30,,317904,4,0,16 14 36 9,1,5,,317905,4,,,1,20,,317906,4,0,16 14 36 9,1,92,,317907,4,0,31 32 33 9,1,95,,317908,4,0,31 32 33 9,1,165,,317909,4,0,31 32 33 9,1
7100,'20260913',815,,317910,4,,,1,113,,317911,4,0,16 14 36 9,1,5,,317912,4,,,1,95,,317913,4,0,16 14 36 9,1,5,,317914,4,0,16 14 36 9,1,95,,317915,4,0,16 14 36 9,1,5,,317916,4,,,1,100,,317918,4,0,16 14 36 9,1,70,,317919,4,0,16 14 36 9,1,30,,317921,4,,,1,70,,317922,4,0,16 14 36 9,1,30,,317924,4,0,16 14 36 9,1,70,,317925,4,0,16 14 36 9,1,30,,317927,4,,,1,70,,317928,4,0,16 14 36 9,1,100,,317929,4,0,16 14 36 9,1,30,,317931,4,,,1,170,,317932,4,0,16 14 36 9,1,30,,317934,4,,,1,125,,317935,4,0,16 14 36 9,1,75,,317937,4,,,1,170,,317938,4,0,16 14 36 9,1,30,,317939,4,0,16 14 36 9,1,5,,317940,4,,,1,20,,317941,4,0,16 14 36 9,1,92,,317942,4,0,31 32 33 9,1,95,,317943,4,0,31 32 33 9,1,165,,317944,4,0,31 32 33 9,1
7100,'20260914',713,,317945,4,,,1,112,,317946,4,,,1,1318,,317948,4,0,57 59 9,1,5,,317949,4,0,16 14 36 9,1,195,,317951,4,0,31 32 33 9,1,100,,317953,4,0,31 32 33 9,1,92,,317954,4,0,31 32 33 9,1,175,,317955,4,0,31 32 33 9,1
7100,'20260915',713,,317956,4,,,1,112,,317957,4,,,1,1318,,317959,4,0,57 59 9,1,5,,317960,4,0,16 14 36 9,1,195,,317962,4,0,31 32 33 9,1,100,,317964,4,0,31 32 33 9,1,92,,317965,4,0,31 32 33 9,1,175,,317966,4,0,31 32 33 9,1
7100,'20260916',713,,317967,4,,,1,112,,317968,4,,,1,1318,,317970,4,0,57 59 9,1,5,,317971,4,0,16 14 36 9,1,195,,317973,4,0,31 32 33 9,1,100,,317975,4,0,31 32 33 9,1,92,,317976,4,0,31 32 33 9,1,175,,317977,4,0,31 32 33 9,1
7100,'20260917',713,,317978,4,,,1,112,,317979,4,,,1,1318,,317981,4,0,57 59 9,1,5,,317982,4,0,16 14 36 9,1,195,,317984,4,0,31 32 33 9,1,100,,317986,4,0,31 32 33 9,1,92,,317987,4,0,31 32 33 9,1,175,,317988,4,0,31 32 33 9,1
7100,'20260918',713,,317989,4,,,1,112,,317990,4,,,1,1318,,317992,4,0,57 59 9,1,5,,317993,4,0,16 14 36 9,1,195,,317995,4,0,31 32 33 9,1,100,,317997,4,0,31 32 33 9,1,92,,317998,4,0,31 32 33 9,1,175,,317999,4,0,31 32 33 9,1
7100,'20260919',815,,318000,4,,,1,113,,318001,4,0,16 14 36 9,1,5,,318002,4,,,1,95,,318003,4,0,16 14 36 9,1,5,,318004,4,0,16 14 36 9,1,95,,318005,4,0,16 14 36 9,1,5,,318006,4,,,1,100,,318008,4,0,16 14 36 9,1,70,,318009,4,0,16 14 36 9,1,30,,318011,4,,,1,70,,318012,4,0,16 14 36 9,1,30,,318014,4,0,16 14 36 9,1,70,,318015,4,0,16 14 36 9,1,30,,318017,4,,,1,70,,318018,4,0,16 14 36 9,1,100,,318019,4,0,16 14 36 9,1,30,,318021,4,,,1,170,,318022,4,0,16 14 36 9,1,30,,318024,4,,,1,125,,318025,4,0,16 14 36 9,1,75,,318027,4,,,1,170,,318028,4,0,16 14 36 9,1,30,,318029,4,0,16 14 36 9,1,5,,318030,4,,,1,20,,318031,4,0,16 14 36 9,1,92,,318032,4,0,31 32 33 9,1,95,,318033,4,0,31 32 33 9,1,165,,318034,4,0,31 32 33 9,1
7100,'20260920',815,,318035,4,,,1,113,,318036,4,0,16 14 36 9,1,5,,318037,4,,,1,95,,318038,4,0,16 14 36 9,1,5,,318039,4,0,16 14 36 9,1,95,,318040,4,0,16 14 36 9,1,5,,318041,4,,,1,100,,318043,4,0,16 14 36 9,1,70,,318044,4,0,16 14 36 9,1,30,,318046,4,,,1,70,,318047,4,0,16 14 36 9,1,30,,318049,4,0,16 14 36 9,1,70,,318050,4,0,16 14 36 9,1,30,,318052,4,,,1,70,,318053,4,0,16 14 36 9,1,100,,318054,4,0,16 14 36 9,1,30,,318056,4,,,1,170,,318057,4,0,16 14 36 9,1,30,,318059,4,,,1,125,,318060,4,0,16 14 36 9,1,75,,318062,4,,,1,170,,318063,4,0,16 14 36 9,1,30,,318064,4,0,16 14 36 9,1,5,,318065,4,,,1,20,,318066,4,0,16 14 36 9,1,92,,318067,4,0,31 32 33 9,1,95,,318068,4,0,31 32 33 9,1,165,,318069,4,0,31 32 33 9,1
7100,'20260921',713,,318070,4,,,1,112,,318071,4,,,1,1318,,318073,4,0,57 59 9,1,5,,318074,4,0,16 14 36 9,1,195,,318076,4,0,31 32 33 9,1,100,,318078,4,0,31 32 33 9,1,92,,318079,4,0,31 32 33 9,1,175,,318080,4,0,31 32 33 9,1
7100,'20260922',713,,318081,4,,,1,112,,318082,4,,,1,1318,,318084,4,0,57 59 9,1,5,,318085,4,0,16 14 36 9,1,195,,318087,4,0,31 32 33 9,1,100,,318089,4,0,31 32 33 9,1,92,,318090,4,0,31 32 33 9,1,175,,318091,4,0,31 32 33 9,1
7100,'20260923',713,,318092,4,,,1,112,,318093,4,,,1,1318,,318095,4,0,57 59 9,1,5,,318096,4,0,16 14 36 9,1,195,,318098,4,0,31 32 33 9,1,100,,318100,4,0,31 32 33 9,1,92,,318101,4,0,31 32 33 9,1,175,,318102,4,0,31 32 33 9,1
7100,'20260924',713,,318103,4,,,1,112,,318104,4,,,1,1318,,318106,4,0,57 59 9,1,5,,318107,4,0,16 14 36 9,1,195,,318109,4,0,31 32 33 9,1,100,,318111,4,0,31 32 33 9,1,92,,318112,4,0,31 32 33 9,1,175,,318113,4,0,31 32 33 9,1
7100,'20260925',713,,318114,4,,,1,112,,318115,4,,,1,1318,,318117,4,0,57 59 9,1,5,,318118,4,0,16 14 36 9,1,195,,318120,4,0,31 32 33 9,1,100,,318122,4,0,31 32 33 9,1,92,,318123,4,0,31 32 33 9,1,175,,318124,4,0,31 32 33 9,1
7100,'20260926',815,,318125,4,,,1,113,,318126,4,0,16 14 36 9,1,5,,318127,4,,,1,95,,318128,4,0,16 14 36 9,1,5,,318129,4,0,16 14 36 9,1,95,,318130,4,0,16 14 36 9,1,5,,318131,4,,,1,100,,318133,4,0,16 14 36 9,1,70,,318134,4,0,16 14 36 9,1,30,,318136,4,,,1,70,,318137,4,0,16 14 36 9,1,30,,318139,4,0,16 14 36 9,1,70,,318140,4,0,16 14 36 9,1,30,,318142,4,,,1,70,,318143,4,0,16 14 36 9,1,32,,332318,4,0,16 14 36 9,1,5,,332319,4,0,16 14 36 9,1,63,,318144,4,0,16 14 36 9,1,30,,318146,4,,,1,170,,318147,4,0,16 14 36 9,1,12,,332320,4,0,16 14 36 9,1,5,,332321,4,0,16 14 36 9,1,13,,318149,4,,,1,97,,332322,4,0,16 14 36 9,1,5,,332323,4,0,16 14 36 9,1,23,,318150,4,0,16 14 36 9,1,75,,318152,4,,,1,97,,332324,4,0,31 32 33 9,1,5,,332325,4,0,31 32 33 9,1,68,,318153,4,0,16 14 36 9,1,30,,318154,4,0,16 14 36 9,1,5,,318155,4,,,1,20,,318156,4,0,16 14 36 9,1,92,,318157,4,0,31 32 33 9,1,95,,318158,4,0,31 32 33 9,1,165,,318159,4,0,31 32 33 9,1
7100,'20260927',815,,318160,4,,,1,113,,318161,4,0,16 14 36 9,1,5,,318162,4,,,1,95,,318163,4,0,16 14 36 9,1,5,,318164,4,0,16 14 36 9,1,95,,318165,4,0,16 14 36 9,1,5,,318166,4,,,1,100,,318168,4,0,16 14 36 9,1,70,,318169,4,0,16 14 36 9,1,30,,318171,4,,,1,70,,318172,4,0,16 14 36 9,1,30,,318174,4,0,16 14 36 9,1,70,,318175,4,0,16 14 36 9,1,30,,318177,4,,,1,70,,318178,4,0,16 14 36 9,1,32,,332326,4,0,16 14 36 9,1,5,,332327,4,0,16 14 36 9,1,63,,318179,4,0,16 14 36 9,1,30,,318181,4,,,1,170,,318182,4,0,16 14 36 9,1,12,,332328,4,0,16 14 36 9,1,5,,332329,4,0,16 14 36 9,1,13,,318184,4,,,1,97,,332330,4,0,16 14 36 9,1,5,,332331,4,0,16 14 36 9,1,23,,318185,4,0,16 14 36 9,1,75,,318187,4,,,1,97,,332332,4,0,31 32 33 9,1,5,,332333,4,0,31 32 33 9,1,68,,318188,4,0,16 14 36 9,1,30,,318189,4,0,16 14 36 9,1,5,,318190,4,,,1,20,,318191,4,0,16 14 36 9,1,92,,318192,4,0,31 32 33 9,1,95,,318193,4,0,31 32 33 9,1,165,,318194,4,0,31 32 33 9,1
7100,'20260928',713,,318195,4,,,1,112,,318196,4,,,1,1318,,318198,4,0,57 59 9,1,5,,318199,4,0,16 14 36 9,1,195,,318201,4,0,31 32 33 9,1,100,,318203,4,0,31 32 33 9,1,92,,318204,4,0,31 32 33 9,1,175,,318205,4,0,31 32 33 9,1
7100,'20260929',713,,318206,4,,,1,112,,318207,4,,,1,1318,,318209,4,0,57 59 9,1,5,,318210,4,0,16 14 36 9,1,195,,318212,4,0,31 32 33 9,1,100,,318214,4,0,31 32 33 9,1,92,,318215,4,0,31 32 33 9,1,175,,318216,4,0,31 32 33 9,1
7100,'20260930',713,,318217,4,,,1,112,,318218,4,,,1,1318,,318220,4,0,57 59 9,1,5,,318221,4,0,16 14 36 9,1,195,,318223,4,0,31 32 33 9,1,100,,318225,4,0,31 32 33 9,1,92,,318226,4,0,31 32 33 9,1,175,,318227,4,0,31 32 33 9,1
7100,'20261001',713,,318228,4,,,1,112,,318229,4,,,1,1318,,318231,4,0,57 59 9,1,5,,318232,4,0,16 14 36 9,1,195,,318234,4,0,31 32 33 9,1,100,,318236,4,0,31 32 33 9,1,92,,318237,4,0,31 32 33 9,1,175,,318238,4,0,31 32 33 9,1
7100,'20261002',713,,318239,4,,,1,112,,318240,4,,,1,1318,,318242,4,0,57 59 9,1,5,,318243,4,0,16 14 36 9,1,195,,318245,4,0,31 32 33 9,1,100,,318247,4,0,31 32 33 9,1,92,,318248,4,0,31 32 33 9,1,175,,318249,4,0,31 32 33 9,1
7100,'20261003',815,,318250,4,,,1,113,,318251,4,0,16 14 36 9,1,5,,318252,4,,,1,95,,318253,4,0,16 14 36 9,1,5,,318254,4,0,16 14 36 9,1,95,,318255,4,0,16 14 36 9,1,5,,318256,4,,,1,100,,318258,4,0,16 14 36 9,1,70,,318259,4,0,16 14 36 9,1,30,,318261,4,,,1,70,,318262,4,0,16 14 36 9,1,30,,318264,4,0,16 14 36 9,1,70,,318265,4,0,16 14 36 9,1,30,,318267,4,,,1,70,,318268,4,0,16 14 36 9,1,100,,318269,4,0,16 14 36 9,1,30,,318271,4,,,1,170,,318272,4,0,16 14 36 9,1,30,,318274,4,,,1,125,,318275,4,0,16 14 36 9,1,75,,318277,4,,,1,170,,318278,4,0,16 14 36 9,1,30,,318279,4,0,16 14 36 9,1,5,,318280,4,,,1,20,,318281,4,0,16 14 36 9,1,92,,318282,4,0,31 32 33 9,1,95,,318283,4,0,31 32 33 9,1,165,,318284,4,0,31 32 33 9,1
7100,'20261004',815,,318285,4,,,1,113,,318286,4,0,16 14 36 9,1,5,,318287,4,,,1,95,,318288,4,0,16 14 36 9,1,5,,318289,4,0,16 14 36 9,1,95,,318290,4,0,16 14 36 9,1,5,,318291,4,,,1,100,,318293,4,0,16 14 36 9,1,70,,318294,4,0,16 14 36 9,1,30,,318296,4,,,1,70,,318297,4,0,16 14 36 9,1,30,,318299,4,0,16 14 36 9,1,70,,318300,4,0,16 14 36 9,1,30,,318302,4,,,1,70,,318303,4,0,16 14 36 9,1,100,,318304,4,0,16 14 36 9,1,30,,318306,4,,,1,170,,318307,4,0,16 14 36 9,1,30,,318309,4,,,1,125,,318310,4,0,16 14 36 9,1,75,,318312,4,,,1,170,,318313,4,0,16 14 36 9,1,30,,318314,4,0,16 14 36 9,1,5,,318315,4,,,1,20,,318316,4,0,16 14 36 9,1,92,,318317,4,0,31 32 33 9,1,95,,318318,4,0,31 32 33 9,1,165,,318319,4,0,31 32 33 9,1
7100,'20261005',713,,318320,4,,,1,112,,318321,4,,,1,1318,,318323,4,0,57 59 9,1,5,,318324,4,0,16 14 36 9,1,195,,318326,4,0,31 32 33 9,1,100,,318328,4,0,31 32 33 9,1,92,,318329,4,0,31 32 33 9,1,175,,318330,4,0,31 32 33 9,1
7100,'20261006',713,,318331,4,,,1,112,,318332,4,,,1,1318,,318334,4,0,57 59 9,1,5,,318335,4,0,16 14 36 9,1,195,,318337,4,0,31 32 33 9,1,100,,318339,4,0,31 32 33 9,1,92,,318340,4,0,31 32 33 9,1,175,,318341,4,0,31 32 33 9,1
7100,'20261007',713,,318342,4,,,1,112,,318343,4,,,1,1318,,318345,4,0,57 59 9,1,5,,318346,4,0,16 14 36 9,1,195,,318348,4,0,31 32 33 9,1,100,,318350,4,0,31 32 33 9,1,92,,318351,4,0,31 32 33 9,1,175,,318352,4,0,31 32 33 9,1
7100,'20261008',713,,318353,4,,,1,112,,318354,4,,,1,1318,,318356,4,0,57 59 9,1,5,,318357,4,0,16 14 36 9,1,195,,318359,4,0,31 32 33 9,1,100,,318361,4,0,31 32 33 9,1,92,,318362,4,0,31 32 33 9,1,175,,318363,4,0,31 32 33 9,1
7100,'20261009',713,,318364,4,,,1,112,,318365,4,,,1,1318,,318367,4,0,57 59 9,1,5,,318368,4,0,16 14 36 9,1,195,,318370,4,0,31 32 33 9,1,100,,318372,4,0,31 32 33 9,1,92,,318373,4,0,31 32 33 9,1,175,,318374,4,0,31 32 33 9,1
7100,'20261010',815,,318375,4,,,1,113,,318376,4,0,16 14 36 9,1,5,,318377,4,,,1,95,,318378,4,0,16 14 36 9,1,5,,318379,4,0,16 14 36 9,1,95,,318380,4,0,16 14 36 9,1,5,,318381,4,,,1,100,,318383,4,0,16 14 36 9,1,70,,318384,4,0,16 14 36 9,1,30,,318386,4,,,1,70,,318387,4,0,16 14 36 9,1,30,,318389,4,0,16 14 36 9,1,70,,318390,4,0,16 14 36 9,1,30,,318392,4,,,1,70,,318393,4,0,16 14 36 9,1,100,,318394,4,0,16 14 36 9,1,30,,318396,4,,,1,170,,318397,4,0,16 14 36 9,1,30,,318399,4,,,1,125,,318400,4,0,16 14 36 9,1,75,,318402,4,,,1,170,,318403,4,0,16 14 36 9,1,30,,318404,4,0,16 14 36 9,1,5,,318405,4,,,1,20,,318406,4,0,16 14 36 9,1,92,,318407,4,0,31 32 33 9,1,95,,318408,4,0,31 32 33 9,1,165,,318409,4,0,31 32 33 9,1
7100,'20261011',815,,318410,4,,,1,113,,318411,4,0,16 14 36 9,1,5,,318412,4,,,1,95,,318413,4,0,16 14 36 9,1,5,,318414,4,0,16 14 36 9,1,95,,318415,4,0,16 14 36 9,1,5,,318416,4,,,1,100,,318418,4,0,16 14 36 9,1,70,,318419,4,0,16 14 36 9,1,30,,318421,4,,,1,70,,318422,4,0,16 14 36 9,1,30,,318424,4,0,16 14 36 9,1,70,,318425,4,0,16 14 36 9,1,30,,318427,4,,,1,70,,318428,4,0,16 14 36 9,1,100,,318429,4,0,16 14 36 9,1,30,,318431,4,,,1,170,,318432,4,0,16 14 36 9,1,30,,318434,4,,,1,125,,318435,4,0,16 14 36 9,1,75,,318437,4,,,1,170,,318438,4,0,16 14 36 9,1,30,,318439,4,0,16 14 36 9,1,5,,318440,4,,,1,20,,318441,4,0,16 14 36 9,1,92,,318442,4,0,31 32 33 9,1,95,,318443,4,0,31 32 33 9,1,165,,318444,4,0,31 32 33 9,1
7100,'20261012',815,,318445,4,,,1,113,,318446,4,0,16 14 36 9,1,5,,318447,4,,,1,95,,318448,4,0,16 14 36 9,1,5,,318449,4,0,16 14 36 9,1,95,,318450,4,0,16 14 36 9,1,5,,318451,4,,,1,100,,318453,4,0,16 14 36 9,1,70,,318454,4,0,16 14 36 9,1,30,,318456,4,,,1,70,,318457,4,0,16 14 36 9,1,30,,318459,4,0,16 14 36 9,1,70,,318460,4,0,16 14 36 9,1,30,,318462,4,,,1,70,,318463,4,0,16 14 36 9,1,100,,318464,4,0,16 14 36 9,1,30,,318466,4,,,1,170,,318467,4,0,16 14 36 9,1,30,,318469,4,,,1,125,,318470,4,0,16 14 36 9,1,75,,318472,4,,,1,170,,318473,4,0,16 14 36 9,1,30,,318474,4,0,16 14 36 9,1,5,,318475,4,,,1,20,,318476,4,0,16 14 36 9,1,92,,318477,4,0,31 32 33 9,1,95,,318478,4,0,31 32 33 9,1,165,,318479,4,0,31 32 33 9,1
7100,'20261013',713,,318480,4,,,1,112,,318481,4,,,1,1318,,318483,4,0,57 59 9,1,5,,318484,4,0,16 14 36 9,1,195,,318486,4,0,31 32 33 9,1,100,,318488,4,0,31 32 33 9,1,92,,318489,4,0,31 32 33 9,1,175,,318490,4,0,31 32 33 9,1
7100,'20261014',713,,318491,4,,,1,112,,318492,4,,,1,1318,,318494,4,0,57 59 9,1,5,,318495,4,0,16 14 36 9,1,195,,318497,4,0,31 32 33 9,1,100,,318499,4,0,31 32 33 9,1,92,,318500,4,0,31 32 33 9,1,175,,318501,4,0,31 32 33 9,1
7100,'20261015',713,,318502,4,,,1,112,,318503,4,,,1,1318,,318505,4,0,57 59 9,1,5,,318506,4,0,16 14 36 9,1,195,,318508,4,0,31 32 33 9,1,100,,318510,4,0,31 32 33 9,1,92,,318511,4,0,31 32 33 9,1,175,,318512,4,0,31 32 33 9,1
7100,'20261016',713,,318513,4,,,1,112,,318514,4,,,1,1318,,318516,4,0,57 59 9,1,5,,318517,4,0,16 14 36 9,1,195,,318519,4,0,31 32 33 9,1,100,,318521,4,0,31 32 33 9,1,92,,318522,4,0,31 32 33 9,1,175,,318523,4,0,31 32 33 9,1
7100,'20261017',815,,318524,4,,,1,113,,318525,4,0,16 14 36 9,1,5,,318526,4,,,1,95,,318527,4,0,16 14 36 9,1,5,,318528,4,0,16 14 36 9,1,95,,318529,4,0,16 14 36 9,1,5,,318530,4,,,1,100,,318532,4,0,16 14 36 9,1,70,,318533,4,0,16 14 36 9,1,30,,318535,4,,,1,70,,318536,4,0,16 14 36 9,1,30,,318538,4,0,16 14 36 9,1,70,,318539,4,0,16 14 36 9,1,30,,318541,4,,,1,70,,318542,4,0,16 14 36 9,1,100,,318543,4,0,16 14 36 9,1,30,,318545,4,,,1,170,,318546,4,0,16 14 36 9,1,30,,318548,4,,,1,125,,318549,4,0,16 14 36 9,1,75,,318551,4,,,1,170,,318552,4,0,16 14 36 9,1,30,,318553,4,0,16 14 36 9,1,5,,318554,4,,,1,20,,318555,4,0,16 14 36 9,1,92,,318556,4,0,31 32 33 9,1,95,,318557,4,0,31 32 33 9,1,165,,318558,4,0,31 32 33 9,1
7100,'20261018',815,,318559,4,,,1,113,,318560,4,0,16 14 36 9,1,5,,318561,4,,,1,95,,318562,4,0,16 14 36 9,1,5,,318563,4,0,16 14 36 9,1,95,,318564,4,0,16 14 36 9,1,5,,318565,4,,,1,100,,318567,4,0,16 14 36 9,1,70,,318568,4,0,16 14 36 9,1,30,,318570,4,,,1,70,,318571,4,0,16 14 36 9,1,30,,318573,4,0,16 14 36 9,1,70,,318574,4,0,16 14 36 9,1,30,,318576,4,,,1,70,,318577,4,0,16 14 36 9,1,100,,318578,4,0,16 14 36 9,1,30,,318580,4,,,1,170,,318581,4,0,16 14 36 9,1,30,,318583,4,,,1,125,,318584,4,0,16 14 36 9,1,75,,318586,4,,,1,170,,318587,4,0,16 14 36 9,1,30,,318588,4,0,16 14 36 9,1,5,,318589,4,,,1,20,,318590,4,0,16 14 36 9,1,92,,318591,4,0,31 32 33 9,1,95,,318592,4,0,31 32 33 9,1,165,,318593,4,0,31 32 33 9,1
7100,'20261019',713,,318594,4,,,1,112,,318595,4,,,1,1318,,318597,4,0,57 59 9,1,5,,318598,4,0,16 14 36 9,1,195,,318600,4,0,31 32 33 9,1,100,,318602,4,0,31 32 33 9,1,92,,318603,4,0,31 32 33 9,1,175,,318604,4,0,31 32 33 9,1
7100,'20261020',713,,318605,4,,,1,112,,318606,4,,,1,1318,,318608,4,0,57 59 9,1,5,,318609,4,0,16 14 36 9,1,195,,318611,4,0,31 32 33 9,1,100,,318613,4,0,31 32 33 9,1,92,,318614,4,0,31 32 33 9,1,175,,318615,4,0,31 32 33 9,1
7100,'20261021',713,,318616,4,,,1,112,,318617,4,,,1,1318,,318619,4,0,57 59 9,1,5,,318620,4,0,16 14 36 9,1,195,,318622,4,0,31 32 33 9,1,100,,318624,4,0,31 32 33 9,1,92,,318625,4,0,31 32 33 9,1,175,,318626,4,0,31 32 33 9,1
7100,'20261022',713,,318627,4,,,1,112,,318628,4,,,1,1318,,318630,4,0,57 59 9,1,5,,318631,4,0,16 14 36 9,1,195,,318633,4,0,31 32 33 9,1,100,,318635,4,0,31 32 33 9,1,92,,318636,4,0,31 32 33 9,1,175,,318637,4,0,31 32 33 9,1
7100,'20261023',713,,318638,4,,,1,112,,318639,4,,,1,1318,,318641,4,0,57 59 9,1,5,,318642,4,0,16 14 36 9,1,195,,318644,4,0,31 32 33 9,1,100,,318646,4,0,31 32 33 9,1,92,,318647,4,0,31 32 33 9,1,175,,318648,4,0,31 32 33 9,1
7100,'20261024',815,,318649,4,,,1,113,,318650,4,0,16 14 36 9,1,5,,318651,4,,,1,95,,318652,4,0,16 14 36 9,1,5,,318653,4,0,16 14 36 9,1,95,,318654,4,0,16 14 36 9,1,5,,318655,4,,,1,100,,318657,4,0,16 14 36 9,1,70,,318658,4,0,16 14 36 9,1,30,,318660,4,,,1,70,,318661,4,0,16 14 36 9,1,30,,318663,4,0,16 14 36 9,1,70,,318664,4,0,16 14 36 9,1,30,,318666,4,,,1,70,,318667,4,0,16 14 36 9,1,100,,318668,4,0,16 14 36 9,1,30,,318670,4,,,1,170,,318671,4,0,16 14 36 9,1,30,,318673,4,,,1,125,,318674,4,0,16 14 36 9,1,75,,318676,4,,,1,170,,318677,4,0,16 14 36 9,1,30,,318678,4,0,16 14 36 9,1,5,,318679,4,,,1,20,,318680,4,0,16 14 36 9,1,92,,318681,4,0,31 32 33 9,1,95,,318682,4,0,31 32 33 9,1,165,,318683,4,0,31 32 33 9,1
7100,'20261025',815,,318684,4,,,1,113,,318685,4,0,16 14 36 9,1,5,,318686,4,,,1,95,,318687,4,0,16 14 36 9,1,5,,318688,4,0,16 14 36 9,1,95,,318689,4,0,16 14 36 9,1,5,,318690,4,,,1,100,,318692,4,0,16 14 36 9,1,70,,318693,4,0,16 14 36 9,1,30,,318695,4,,,1,70,,318696,4,0,16 14 36 9,1,30,,318698,4,0,16 14 36 9,1,70,,318699,4,0,16 14 36 9,1,30,,318701,4,,,1,70,,318702,4,0,16 14 36 9,1,100,,318703,4,0,16 14 36 9,1,30,,318705,4,,,1,170,,318706,4,0,16 14 36 9,1,30,,318708,4,,,1,125,,318709,4,0,16 14 36 9,1,75,,318711,4,,,1,170,,318712,4,0,16 14 36 9,1,30,,318713,4,0,16 14 36 9,1,5,,318714,4,,,1,20,,318715,4,0,16 14 36 9,1,92,,318716,4,0,31 32 33 9,1,95,,318717,4,0,31 32 33 9,1,165,,318718,4,0,31 32 33 9,1
7100,'20261026',713,,318719,4,,,1,112,,318720,4,,,1,1318,,318722,4,0,57 59 9,1,5,,318723,4,0,16 14 36 9,1,195,,318725,4,0,31 32 33 9,1,100,,318727,4,0,31 32 33 9,1,92,,318728,4,0,31 32 33 9,1,175,,318729,4,0,31 32 33 9,1
7100,'20261027',713,,318730,4,,,1,112,,318731,4,,,1,1318,,318733,4,0,57 59 9,1,5,,318734,4,0,16 14 36 9,1,195,,318736,4,0,31 32 33 9,1,100,,318738,4,0,31 32 33 9,1,92,,318739,4,0,31 32 33 9,1,175,,318740,4,0,31 32 33 9,1
7100,'20261028',713,,318741,4,,,1,112,,318742,4,,,1,1318,,318744,4,0,57 59 9,1,5,,318745,4,0,16 14 36 9,1,195,,318747,4,0,31 32 33 9,1,100,,318749,4,0,31 32 33 9,1,92,,318750,4,0,31 32 33 9,1,175,,318751,4,0,31 32 33 9,1
7100,'20261029',713,,318752,4,,,1,112,,318753,4,,,1,1318,,318755,4,0,57 59 9,1,5,,318756,4,0,16 14 36 9,1,195,,318758,4,0,31 32 33 9,1,100,,318760,4,0,31 32 33 9,1,92,,318761,4,0,31 32 33 9,1,175,,318762,4,0,31 32 33 9,1
7100,'20261030',713,,318763,4,,,1,112,,318764,4,,,1,1318,,318766,4,0,57 59 9,1,5,,318767,4,0,16 14 36 9,1,195,,318769,4,0,31 32 33 9,1,100,,318771,4,0,31 32 33 9,1,92,,318772,4,0,31 32 33 9,1,175,,318773,4,0,31 32 33 9,1
7100,'20261031',815,,318774,4,,,1,113,,318775,4,0,16 14 36 9,1,5,,318776,4,,,1,95,,318777,4,0,16 14 36 9,1,5,,318778,4,0,16 14 36 9,1,95,,318779,4,0,16 14 36 9,1,5,,318780,4,,,1,100,,318782,4,0,16 14 36 9,1,70,,318783,4,0,16 14 36 9,1,30,,318785,4,,,1,70,,318786,4,0,16 14 36 9,1,30,,318788,4,0,16 14 36 9,1,70,,318789,4,0,16 14 36 9,1,30,,318791,4,,,1,70,,318792,4,0,16 14 36 9,1,100,,318793,4,0,16 14 36 9,1,30,,318795,4,,,1,170,,318796,4,0,16 14 36 9,1,30,,318798,4,,,1,125,,318799,4,0,16 14 36 9,1,75,,318801,4,,,1,170,,318802,4,0,16 14 36 9,1,30,,318803,4,0,16 14 36 9,1,5,,318804,4,,,1,20,,318805,4,0,16 14 36 9,1,92,,318806,4,0,31 32 33 9,1,95,,318807,4,0,31 32 33 9,1,165,,318808,4,0,31 32 33 9,1
7100,'20261101',815,,318809,4,,,1,113,,318810,4,0,16 14 36 9,1,5,,318811,4,,,1,95,,318812,4,0,16 14 36 9,1,5,,318813,4,0,16 14 36 9,1,95,,318814,4,0,16 14 36 9,1,5,,318815,4,,,1,100,,318817,4,0,16 14 36 9,1,70,,318818,4,0,16 14 36 9,1,30,,318820,4,,,1,70,,318821,4,0,16 14 36 9,1,30,,318823,4,0,16 14 36 9,1,70,,318824,4,0,16 14 36 9,1,30,,318826,4,,,1,70,,318827,4,0,16 14 36 9,1,100,,318828,4,0,16 14 36 9,1,30,,318830,4,,,1,170,,318831,4,0,16 14 36 9,1,30,,318833,4,,,1,125,,318834,4,0,16 14 36 9,1,75,,318836,4,,,1,170,,318837,4,0,16 14 36 9,1,30,,318838,4,0,16 14 36 9,1,5,,318839,4,,,1,20,,318840,4,0,16 14 36 9,1,92,,318841,4,0,31 32 33 9,1,95,,318842,4,0,31 32 33 9,1,165,,318843,4,0,31 32 33 9,1
7100,'20261102',713,,318844,4,,,1,112,,318845,4,,,1,1318,,318847,4,0,57 59 9,1,5,,318848,4,0,16 14 36 9,1,195,,318850,4,0,31 32 33 9,1,100,,318852,4,0,31 32 33 9,1,92,,318853,4,0,31 32 33 9,1,175,,318854,4,0,31 32 33 9,1
7100,'20261103',713,,318855,4,,,1,112,,318856,4,,,1,1318,,318858,4,0,57 59 9,1,5,,318859,4,0,16 14 36 9,1,195,,318861,4,0,31 32 33 9,1,100,,318863,4,0,31 32 33 9,1,92,,318864,4,0,31 32 33 9,1,175,,318865,4,0,31 32 33 9,1
7100,'20261104',713,,318866,4,,,1,112,,318867,4,,,1,1318,,318869,4,0,57 59 9,1,5,,318870,4,0,16 14 36 9,1,195,,318872,4,0,31 32 33 9,1,100,,318874,4,0,31 32 33 9,1,92,,318875,4,0,31 32 33 9,1,175,,318876,4,0,31 32 33 9,1
7100,'20261105',713,,318877,4,,,1,112,,318878,4,,,1,1318,,318880,4,0,57 59 9,1,5,,318881,4,0,16 14 36 9,1,195,,318883,4,0,31 32 33 9,1,100,,318885,4,0,31 32 33 9,1,92,,318886,4,0,31 32 33 9,1,175,,318887,4,0,31 32 33 9,1
7100,'20261106',713,,318888,4,,,1,112,,318889,4,,,1,1318,,318891,4,0,57 59 9,1,5,,318892,4,0,16 14 36 9,1,195,,318894,4,0,31 32 33 9,1,100,,318896,4,0,31 32 33 9,1,92,,318897,4,0,31 32 33 9,1,175,,318898,4,0,31 32 33 9,1
7100,'20261107',815,,318899,4,,,1,113,,318900,4,0,16 14 36 9,1,5,,318901,4,,,1,95,,318902,4,0,16 14 36 9,1,5,,318903,4,0,16 14 36 9,1,95,,318904,4,0,16 14 36 9,1,5,,318905,4,,,1,100,,318907,4,0,16 14 36 9,1,70,,318908,4,0,16 14 36 9,1,30,,318910,4,,,1,70,,318911,4,0,16 14 36 9,1,30,,318913,4,0,16 14 36 9,1,70,,318914,4,0,16 14 36 9,1,30,,318916,4,,,1,70,,318917,4,0,16 14 36 9,1,100,,318918,4,0,16 14 36 9,1,30,,318920,4,,,1,170,,318921,4,0,16 14 36 9,1,30,,318923,4,,,1,125,,318924,4,0,16 14 36 9,1,75,,318926,4,,,1,170,,318927,4,0,16 14 36 9,1,30,,318928,4,0,16 14 36 9,1,5,,318929,4,,,1,20,,318930,4,0,16 14 36 9,1,92,,318931,4,0,31 32 33 9,1,95,,318932,4,0,31 32 33 9,1,165,,318933,4,0,31 32 33 9,1
7100,'20261108',815,,318934,4,,,1,113,,318935,4,0,16 14 36 9,1,5,,318936,4,,,1,95,,318937,4,0,16 14 36 9,1,5,,318938,4,0,16 14 36 9,1,95,,318939,4,0,16 14 36 9,1,5,,318940,4,,,1,100,,318942,4,0,16 14 36 9,1,70,,318943,4,0,16 14 36 9,1,30,,318945,4,,,1,70,,318946,4,0,16 14 36 9,1,30,,318948,4,0,16 14 36 9,1,70,,318949,4,0,16 14 36 9,1,30,,318951,4,,,1,70,,318952,4,0,16 14 36 9,1,100,,318953,4,0,16 14 36 9,1,30,,318955,4,,,1,170,,318956,4,0,16 14 36 9,1,30,,318958,4,,,1,125,,318959,4,0,16 14 36 9,1,75,,318961,4,,,1,170,,318962,4,0,16 14 36 9,1,30,,318963,4,0,16 14 36 9,1,5,,318964,4,,,1,20,,318965,4,0,16 14 36 9,1,92,,318966,4,0,31 32 33 9,1,95,,318967,4,0,31 32 33 9,1,165,,318968,4,0,31 32 33 9,1
7100,'20261109',713,,318969,4,,,1,112,,318970,4,,,1,1318,,318972,4,0,57 59 9,1,5,,318973,4,0,16 14 36 9,1,195,,318975,4,0,31 32 33 9,1,100,,318977,4,0,31 32 33 9,1,92,,318978,4,0,31 32 33 9,1,175,,318979,4,0,31 32 33 9,1
7100,'20261110',713,,318980,4,,,1,112,,318981,4,,,1,1318,,318983,4,0,57 59 9,1,5,,318984,4,0,16 14 36 9,1,195,,318986,4,0,31 32 33 9,1,100,,318988,4,0,31 32 33 9,1,92,,318989,4,0,31 32 33 9,1,175,,318990,4,0,31 32 33 9,1
7100,'20261111',713,,318991,4,,,1,112,,318992,4,,,1,1318,,318994,4,0,57 59 9,1,5,,318995,4,0,16 14 36 9,1,195,,318997,4,0,31 32 33 9,1,100,,318999,4,0,31 32 33 9,1,92,,319000,4,0,31 32 33 9,1,175,,319001,4,0,31 32 33 9,1
7100,'20261112',713,,319002,4,,,1,112,,319003,4,,,1,1318,,319005,4,0,57 59 9,1,5,,319006,4,0,16 14 36 9,1,195,,319008,4,0,31 32 33 9,1,100,,319010,4,0,31 32 33 9,1,92,,319011,4,0,31 32 33 9,1,175,,319012,4,0,31 32 33 9,1
7100,'20261113',713,,319013,4,,,1,112,,319014,4,,,1,1318,,319016,4,0,57 59 9,1,5,,319017,4,0,16 14 36 9,1,195,,319019,4,0,31 32 33 9,1,100,,319021,4,0,31 32 33 9,1,92,,319022,4,0,31 32 33 9,1,175,,319023,4,0,31 32 33 9,1
7100,'20261114',815,,319024,4,,,1,113,,319025,4,0,16 14 36 9,1,5,,319026,4,,,1,95,,319027,4,0,16 14 36 9,1,5,,319028,4,0,16 14 36 9,1,95,,319029,4,0,16 14 36 9,1,5,,319030,4,,,1,100,,319032,4,0,16 14 36 9,1,70,,319033,4,0,16 14 36 9,1,30,,319035,4,,,1,70,,319036,4,0,16 14 36 9,1,30,,319038,4,0,16 14 36 9,1,70,,319039,4,0,16 14 36 9,1,30,,319041,4,,,1,70,,319042,4,0,16 14 36 9,1,100,,319043,4,0,16 14 36 9,1,30,,319045,4,,,1,170,,319046,4,0,16 14 36 9,1,30,,319048,4,,,1,125,,319049,4,0,16 14 36 9,1,75,,319051,4,,,1,170,,319052,4,0,16 14 36 9,1,30,,319053,4,0,16 14 36 9,1,5,,319054,4,,,1,20,,319055,4,0,16 14 36 9,1,92,,319056,4,0,31 32 33 9,1,95,,319057,4,0,31 32 33 9,1,165,,319058,4,0,31 32 33 9,1
7100,'20261115',815,,319059,4,,,1,113,,319060,4,0,16 14 36 9,1,5,,319061,4,,,1,95,,319062,4,0,16 14 36 9,1,5,,319063,4,0,16 14 36 9,1,95,,319064,4,0,16 14 36 9,1,5,,319065,4,,,1,100,,319067,4,0,16 14 36 9,1,70,,319068,4,0,16 14 36 9,1,30,,319070,4,,,1,70,,319071,4,0,16 14 36 9,1,30,,319073,4,0,16 14 36 9,1,70,,319074,4,0,16 14 36 9,1,30,,319076,4,,,1,70,,319077,4,0,16 14 36 9,1,100,,319078,4,0,16 14 36 9,1,30,,319080,4,,,1,170,,319081,4,0,16 14 36 9,1,30,,319083,4,,,1,125,,319084,4,0,16 14 36 9,1,75,,319086,4,,,1,170,,319087,4,0,16 14 36 9,1,30,,319088,4,0,16 14 36 9,1,5,,319089,4,,,1,20,,319090,4,0,16 14 36 9,1,92,,319091,4,0,31 32 33 9,1,95,,319092,4,0,31 32 33 9,1,165,,319093,4,0,31 32 33 9,1
7100,'20261116',713,,319094,4,,,1,112,,319095,4,,,1,1318,,319097,4,0,57 59 9,1,5,,319098,4,0,16 14 36 9,1,195,,319100,4,0,31 32 33 9,1,100,,319102,4,0,31 32 33 9,1,92,,319103,4,0,31 32 33 9,1,175,,319104,4,0,31 32 33 9,1
7100,'20261117',713,,319105,4,,,1,112,,319106,4,,,1,1318,,319108,4,0,57 59 9,1,5,,319109,4,0,16 14 36 9,1,195,,319111,4,0,31 32 33 9,1,100,,319113,4,0,31 32 33 9,1,92,,319114,4,0,31 32 33 9,1,175,,319115,4,0,31 32 33 9,1
7100,'20261118',713,,319116,4,,,1,112,,319117,4,,,1,1318,,319119,4,0,57 59 9,1,5,,319120,4,0,16 14 36 9,1,195,,319122,4,0,31 32 33 9,1,100,,319124,4,0,31 32 33 9,1,92,,319125,4,0,31 32 33 9,1,175,,319126,4,0,31 32 33 9,1
7100,'20261119',713,,319127,4,,,1,112,,319128,4,,,1,1318,,319130,4,0,57 59 9,1,5,,319131,4,0,16 14 36 9,1,195,,319133,4,0,31 32 33 9,1,100,,319135,4,0,31 32 33 9,1,92,,319136,4,0,31 32 33 9,1,175,,319137,4,0,31 32 33 9,1
7100,'20261120',713,,319138,4,,,1,112,,319139,4,,,1,1318,,319141,4,0,57 59 9,1,5,,319142,4,0,16 14 36 9,1,195,,319144,4,0,31 32 33 9,1,100,,319146,4,0,31 32 33 9,1,92,,319147,4,0,31 32 33 9,1,175,,319148,4,0,31 32 33 9,1
7100,'20261121',815,,319149,4,,,1,113,,319150,4,0,16 14 36 9,1,5,,319151,4,,,1,95,,319152,4,0,16 14 36 9,1,5,,319153,4,0,16 14 36 9,1,95,,319154,4,0,16 14 36 9,1,5,,319155,4,,,1,100,,319157,4,0,16 14 36 9,1,70,,319158,4,0,16 14 36 9,1,30,,319160,4,,,1,70,,319161,4,0,16 14 36 9,1,30,,319163,4,0,16 14 36 9,1,70,,319164,4,0,16 14 36 9,1,30,,319166,4,,,1,70,,319167,4,0,16 14 36 9,1,100,,319168,4,0,16 14 36 9,1,30,,319170,4,,,1,170,,319171,4,0,16 14 36 9,1,30,,319173,4,,,1,125,,319174,4,0,16 14 36 9,1,75,,319176,4,,,1,170,,319177,4,0,16 14 36 9,1,30,,319178,4,0,16 14 36 9,1,5,,319179,4,,,1,20,,319180,4,0,16 14 36 9,1,92,,319181,4,0,31 32 33 9,1,95,,319182,4,0,31 32 33 9,1,165,,319183,4,0,31 32 33 9,1
7100,'20261122',815,,319184,4,,,1,113,,319185,4,0,16 14 36 9,1,5,,319186,4,,,1,95,,319187,4,0,16 14 36 9,1,5,,319188,4,0,16 14 36 9,1,95,,319189,4,0,16 14 36 9,1,5,,319190,4,,,1,100,,319192,4,0,16 14 36 9,1,70,,319193,4,0,16 14 36 9,1,30,,319195,4,,,1,70,,319196,4,0,16 14 36 9,1,30,,319198,4,0,16 14 36 9,1,70,,319199,4,0,16 14 36 9,1,30,,319201,4,,,1,70,,319202,4,0,16 14 36 9,1,100,,319203,4,0,16 14 36 9,1,30,,319205,4,,,1,170,,319206,4,0,16 14 36 9,1,30,,319208,4,,,1,125,,319209,4,0,16 14 36 9,1,75,,319211,4,,,1,170,,319212,4,0,16 14 36 9,1,30,,319213,4,0,16 14 36 9,1,5,,319214,4,,,1,20,,319215,4,0,16 14 36 9,1,92,,319216,4,0,31 32 33 9,1,95,,319217,4,0,31 32 33 9,1,165,,319218,4,0,31 32 33 9,1
7100,'20261123',713,,319219,4,,,1,112,,319220,4,,,1,1318,,319222,4,0,57 59 9,1,5,,319223,4,0,16 14 36 9,1,195,,319225,4,0,31 32 33 9,1,100,,319227,4,0,31 32 33 9,1,92,,319228,4,0,31 32 33 9,1,175,,319229,4,0,31 32 33 9,1
7100,'20261124',713,,319230,4,,,1,112,,319231,4,,,1,1318,,319233,4,0,57 59 9,1,5,,319234,4,0,16 14 36 9,1,195,,319236,4,0,31 32 33 9,1,100,,319238,4,0,31 32 33 9,1,92,,319239,4,0,31 32 33 9,1,175,,319240,4,0,31 32 33 9,1
7100,'20261125',713,,319241,4,,,1,112,,319242,4,,,1,1318,,319244,4,0,57 59 9,1,5,,319245,4,0,16 14 36 9,1,195,,319247,4,0,31 32 33 9,1,100,,319249,4,0,31 32 33 9,1,92,,319250,4,0,31 32 33 9,1,175,,319251,4,0,31 32 33 9,1
7100,'20261126',713,,319252,4,,,1,112,,319253,4,,,1,1318,,319255,4,0,57 59 9,1,5,,319256,4,0,16 14 36 9,1,195,,319258,4,0,31 32 33 9,1,100,,319260,4,0,31 32 33 9,1,92,,319261,4,0,31 32 33 9,1,175,,319262,4,0,31 32 33 9,1
7100,'20261127',713,,319263,4,,,1,112,,319264,4,,,1,1318,,319266,4,0,57 59 9,1,5,,319267,4,0,16 14 36 9,1,195,,319269,4,0,31 32 33 9,1,100,,319271,4,0,31 32 33 9,1,92,,319272,4,0,31 32 33 9,1,175,,319273,4,0,31 32 33 9,1
7101,'20260910',515,,319302,40,,,1,1111,,319303,13,0,16 29 30,1,5,,319304,28,0,31 29 30,1,210,,319305,40,,,1,314,,319306,40,,,1,90,,319308,13,0,16 29 30,1,95,,319307,40,,,1,205,,319309,28,0,31 29 30,1
7101,'20260911',515,,319310,40,,,1,1111,,319311,13,0,16 29 30,1,5,,319312,28,0,31 29 30,1,210,,319313,40,,,1,314,,319314,40,,,1,90,,319316,13,0,16 29 30,1,95,,319315,40,,,1,205,,319317,28,0,31 29 30,1
7101,'20260912',645,,319318,40,,,1,90,,319319,13,0,16 29 30,1,5,,319320,28,0,31 29 30,1,95,,319321,13,0,16 29 30,1,5,,319322,40,,,1,100,,319324,13,0,16 29 30,1,70,,319325,13,0,16 29 30,1,30,,319327,13,0,16 29 30,1,75,,319328,13,0,16 29 30,1,25,,319330,13,0,16 29 30,1,70,,319331,13,0,16 29 30,1,31,,319333,40,,,1,70,,319334,13,0,16 29 30,1,30,,319336,13,0,16 29 30,1,70,,319337,13,0,16 29 30,1,30,,319339,40,,,1,200,,319341,40,,,1,195,,319342,13,0,16 29 30,1,5,,319343,40,,,1,199,,319344,40,,,1,195,,319345,40,,,1,110,,319346,28,0,31 29 30,1,200,,319347,28,0,31 29 30,1
7101,'20260913',645,,319348,40,,,1,90,,319349,13,0,16 29 30,1,5,,319350,28,0,31 29 30,1,95,,319351,13,0,16 29 30,1,5,,319352,40,,,1,100,,319354,13,0,16 29 30,1,70,,319355,13,0,16 29 30,1,30,,319357,13,0,16 29 30,1,75,,319358,13,0,16 29 30,1,25,,319360,13,0,16 29 30,1,70,,319361,13,0,16 29 30,1,31,,319363,40,,,1,70,,319364,13,0,16 29 30,1,30,,319366,13,0,16 29 30,1,70,,319367,13,0,16 29 30,1,30,,319369,40,,,1,200,,319371,40,,,1,195,,319372,13,0,16 29 30,1,5,,319373,40,,,1,199,,319374,40,,,1,195,,319375,40,,,1,110,,319376,28,0,31 29 30,1,200,,319377,28,0,31 29 30,1
7101,'20260914',515,,319378,40,,,1,1111,,319379,13,0,16 29 30,1,5,,319380,28,0,31 29 30,1,210,,319381,40,,,1,314,,319382,40,,,1,90,,319384,13,0,16 29 30,1,95,,319383,40,,,1,205,,319385,28,0,31 29 30,1
7101,'20260915',515,,319386,40,,,1,1111,,319387,13,0,16 29 30,1,5,,319388,28,0,31 29 30,1,210,,319389,40,,,1,314,,319390,40,,,1,90,,319392,13,0,16 29 30,1,95,,319391,40,,,1,205,,319393,28,0,31 29 30,1
7101,'20260916',515,,319394,40,,,1,1111,,319395,13,0,16 29 30,1,5,,319396,28,0,31 29 30,1,210,,319397,40,,,1,314,,319398,40,,,1,90,,319400,13,0,16 29 30,1,95,,319399,40,,,1,205,,319401,28,0,31 29 30,1
7101,'20260917',515,,319402,40,,,1,1111,,319403,13,0,16 29 30,1,5,,319404,28,0,31 29 30,1,210,,319405,40,,,1,314,,319406,40,,,1,90,,319408,13,0,16 29 30,1,95,,319407,40,,,1,205,,319409,28,0,31 29 30,1
7101,'20260918',515,,319410,40,,,1,1111,,319411,13,0,16 29 30,1,5,,319412,28,0,31 29 30,1,210,,319413,40,,,1,314,,319414,40,,,1,90,,319416,13,0,16 29 30,1,95,,319415,40,,,1,205,,319417,28,0,31 29 30,1
7101,'20260919',645,,319418,40,,,1,90,,319419,13,0,16 29 30,1,5,,319420,28,0,31 29 30,1,95,,319421,13,0,16 29 30,1,5,,319422,40,,,1,100,,319424,13,0,16 29 30,1,70,,319425,13,0,16 29 30,1,30,,319427,13,0,16 29 30,1,75,,319428,13,0,16 29 30,1,25,,319430,13,0,16 29 30,1,70,,319431,13,0,16 29 30,1,31,,319433,40,,,1,70,,319434,13,0,16 29 30,1,30,,319436,13,0,16 29 30,1,70,,319437,13,0,16 29 30,1,30,,319439,40,,,1,200,,319441,40,,,1,195,,319442,13,0,16 29 30,1,5,,319443,40,,,1,199,,319444,40,,,1,195,,319445,40,,,1,110,,319446,28,0,31 29 30,1,200,,319447,28,0,31 29 30,1
7101,'20260920',645,,319448,40,,,1,90,,319449,13,0,16 29 30,1,5,,319450,28,0,31 29 30,1,95,,319451,13,0,16 29 30,1,5,,319452,40,,,1,100,,319454,13,0,16 29 30,1,70,,319455,13,0,16 29 30,1,30,,319457,13,0,16 29 30,1,75,,319458,13,0,16 29 30,1,25,,319460,13,0,16 29 30,1,70,,319461,13,0,16 29 30,1,31,,319463,40,,,1,70,,319464,13,0,16 29 30,1,30,,319466,13,0,16 29 30,1,70,,319467,13,0,16 29 30,1,30,,319469,40,,,1,200,,319471,40,,,1,195,,319472,13,0,16 29 30,1,5,,319473,40,,,1,199,,319474,40,,,1,195,,319475,40,,,1,110,,319476,28,0,31 29 30,1,200,,319477,28,0,31 29 30,1
7101,'20260921',515,,319478,40,,,1,1111,,319479,13,0,16 29 30,1,5,,319480,28,0,31 29 30,1,210,,319481,40,,,1,314,,319482,40,,,1,90,,319484,13,0,16 29 30,1,95,,319483,40,,,1,205,,319485,28,0,31 29 30,1
7101,'20260922',515,,319486,40,,,1,1111,,319487,13,0,16 29 30,1,5,,319488,28,0,31 29 30,1,210,,319489,40,,,1,314,,319490,40,,,1,90,,319492,13,0,16 29 30,1,95,,319491,40,,,1,205,,319493,28,0,31 29 30,1
7101,'20260923',515,,319494,40,,,1,1111,,319495,13,0,16 29 30,1,5,,319496,28,0,31 29 30,1,210,,319497,40,,,1,314,,319498,40,,,1,90,,319500,13,0,16 29 30,1,95,,319499,40,,,1,205,,319501,28,0,31 29 30,1
7101,'20260924',515,,319502,40,,,1,1111,,319503,13,0,16 29 30,1,5,,319504,28,0,31 29 30,1,210,,319505,40,,,1,314,,319506,40,,,1,90,,319508,13,0,16 29 30,1,95,,319507,40,,,1,205,,319509,28,0,31 29 30,1
7101,'20260925',515,,319510,40,,,1,1111,,319511,13,0,16 29 30,1,5,,319512,28,0,31 29 30,1,210,,319513,40,,,1,314,,319514,40,,,1,90,,319516,13,0,16 29 30,1,95,,319515,40,,,1,205,,319517,28,0,31 29 30,1
7101,'20260926',645,,319518,40,,,1,90,,319519,13,0,16 29 30,1,5,,319520,28,0,31 29 30,1,95,,319521,13,0,16 29 30,1,5,,319522,40,,,1,100,,319524,13,0,16 29 30,1,70,,319525,13,0,16 29 30,1,30,,319527,13,0,16 29 30,1,75,,319528,13,0,16 29 30,1,25,,319530,13,0,16 29 30,1,70,,319531,13,0,16 29 30,1,31,,319533,40,,,1,70,,319534,13,0,16 29 30,1,30,,319536,13,0,16 29 30,1,70,,319537,13,0,16 29 30,1,30,,319539,40,,,1,115,,332334,28,0,31 29 30,1,45,,332335,13,0,16 29 30,1,40,,319541,40,,,1,115,,332336,13,0,16 29 30,1,45,,332337,13,0,16 29 30,1,35,,319542,13,0,16 29 30,1,5,,319543,40,,,1,105,,332338,13,0,16 29 30,1,4,,332339,13,0,16 29 30,1,90,,319544,40,,,1,105,,332340,13,0,16 29 30,1,5,,332341,13,0,16 29 30,1,85,,319545,40,,,1,110,,319546,28,0,31 29 30,1,200,,319547,28,0,31 29 30,1
7101,'20260927',645,,319548,40,,,1,90,,319549,13,0,16 29 30,1,5,,319550,28,0,31 29 30,1,95,,319551,13,0,16 29 30,1,5,,319552,40,,,1,100,,319554,13,0,16 29 30,1,70,,319555,13,0,16 29 30,1,30,,319557,13,0,16 29 30,1,75,,319558,13,0,16 29 30,1,25,,319560,13,0,16 29 30,1,70,,319561,13,0,16 29 30,1,31,,319563,40,,,1,70,,319564,13,0,16 29 30,1,30,,319566,13,0,16 29 30,1,70,,319567,13,0,16 29 30,1,30,,319569,40,,,1,115,,332342,28,0,31 29 30,1,45,,332343,13,0,16 29 30,1,40,,319571,40,,,1,115,,332344,13,0,16 29 30,1,45,,332345,13,0,16 29 30,1,35,,319572,13,0,16 29 30,1,5,,319573,40,,,1,105,,332346,13,0,16 29 30,1,4,,332347,13,0,16 29 30,1,90,,319574,40,,,1,105,,332348,13,0,16 29 30,1,5,,332349,13,0,16 29 30,1,85,,319575,40,,,1,110,,319576,28,0,31 29 30,1,200,,319577,28,0,31 29 30,1
7101,'20260928',515,,319578,40,,,1,1111,,319579,13,0,16 29 30,1,5,,319580,28,0,31 29 30,1,210,,319581,40,,,1,314,,319582,40,,,1,90,,319584,13,0,16 29 30,1,95,,319583,40,,,1,205,,319585,28,0,31 29 30,1
7101,'20260929',515,,319586,40,,,1,1111,,319587,13,0,16 29 30,1,5,,319588,28,0,31 29 30,1,210,,319589,40,,,1,314,,319590,40,,,1,90,,319592,13,0,16 29 30,1,95,,319591,40,,,1,205,,319593,28,0,31 29 30,1
7101,'20260930',515,,319594,40,,,1,1111,,319595,13,0,16 29 30,1,5,,319596,28,0,31 29 30,1,210,,319597,40,,,1,314,,319598,40,,,1,90,,319600,13,0,16 29 30,1,95,,319599,40,,,1,205,,319601,28,0,31 29 30,1
7101,'20261001',515,,319602,40,,,1,1111,,319603,13,0,16 29 30,1,5,,319604,28,0,31 29 30,1,210,,319605,40,,,1,314,,319606,40,,,1,90,,319608,13,0,16 29 30,1,95,,319607,40,,,1,205,,319609,28,0,31 29 30,1
7101,'20261002',515,,319610,40,,,1,1111,,319611,13,0,16 29 30,1,5,,319612,28,0,31 29 30,1,210,,319613,40,,,1,314,,319614,40,,,1,90,,319616,13,0,16 29 30,1,95,,319615,40,,,1,205,,319617,28,0,31 29 30,1
7101,'20261003',645,,319618,40,,,1,90,,319619,13,0,16 29 30,1,5,,319620,28,0,31 29 30,1,95,,319621,13,0,16 29 30,1,5,,319622,40,,,1,100,,319624,13,0,16 29 30,1,70,,319625,13,0,16 29 30,1,30,,319627,13,0,16 29 30,1,75,,319628,13,0,16 29 30,1,25,,319630,13,0,16 29 30,1,70,,319631,13,0,16 29 30,1,31,,319633,40,,,1,70,,319634,13,0,16 29 30,1,30,,319636,13,0,16 29 30,1,70,,319637,13,0,16 29 30,1,30,,319639,40,,,1,200,,319641,40,,,1,195,,319642,13,0,16 29 30,1,5,,319643,40,,,1,199,,319644,40,,,1,195,,319645,40,,,1,110,,319646,28,0,31 29 30,1,200,,319647,28,0,31 29 30,1
7101,'20261004',645,,319648,40,,,1,90,,319649,13,0,16 29 30,1,5,,319650,28,0,31 29 30,1,95,,319651,13,0,16 29 30,1,5,,319652,40,,,1,100,,319654,13,0,16 29 30,1,70,,319655,13,0,16 29 30,1,30,,319657,13,0,16 29 30,1,75,,319658,13,0,16 29 30,1,25,,319660,13,0,16 29 30,1,70,,319661,13,0,16 29 30,1,31,,319663,40,,,1,70,,319664,13,0,16 29 30,1,30,,319666,13,0,16 29 30,1,70,,319667,13,0,16 29 30,1,30,,319669,40,,,1,200,,319671,40,,,1,195,,319672,13,0,16 29 30,1,5,,319673,40,,,1,199,,319674,40,,,1,195,,319675,40,,,1,110,,319676,28,0,31 29 30,1,200,,319677,28,0,31 29 30,1
7101,'20261005',515,,319678,40,,,1,1111,,319679,13,0,16 29 30,1,5,,319680,28,0,31 29 30,1,210,,319681,40,,,1,314,,319682,40,,,1,90,,319684,13,0,16 29 30,1,95,,319683,40,,,1,205,,319685,28,0,31 29 30,1
7101,'20261006',515,,319686,40,,,1,1111,,319687,13,0,16 29 30,1,5,,319688,28,0,31 29 30,1,210,,319689,40,,,1,314,,319690,40,,,1,90,,319692,13,0,16 29 30,1,95,,319691,40,,,1,205,,319693,28,0,31 29 30,1
7101,'20261007',515,,319694,40,,,1,1111,,319695,13,0,16 29 30,1,5,,319696,28,0,31 29 30,1,210,,319697,40,,,1,314,,319698,40,,,1,90,,319700,13,0,16 29 30,1,95,,319699,40,,,1,205,,319701,28,0,31 29 30,1
7101,'20261008',515,,319702,40,,,1,1111,,319703,13,0,16 29 30,1,5,,319704,28,0,31 29 30,1,210,,319705,40,,,1,314,,319706,40,,,1,90,,319708,13,0,16 29 30,1,95,,319707,40,,,1,205,,319709,28,0,31 29 30,1
7101,'20261009',515,,319710,40,,,1,1111,,319711,13,0,16 29 30,1,5,,319712,28,0,31 29 30,1,210,,319713,40,,,1,314,,319714,40,,,1,90,,319716,13,0,16 29 30,1,95,,319715,40,,,1,205,,319717,28,0,31 29 30,1
7101,'20261010',645,,319718,40,,,1,90,,319719,13,0,16 29 30,1,5,,319720,28,0,31 29 30,1,95,,319721,13,0,16 29 30,1,5,,319722,40,,,1,100,,319724,13,0,16 29 30,1,70,,319725,13,0,16 29 30,1,30,,319727,13,0,16 29 30,1,75,,319728,13,0,16 29 30,1,25,,319730,13,0,16 29 30,1,70,,319731,13,0,16 29 30,1,31,,319733,40,,,1,70,,319734,13,0,16 29 30,1,30,,319736,13,0,16 29 30,1,70,,319737,13,0,16 29 30,1,30,,319739,40,,,1,200,,319741,40,,,1,195,,319742,13,0,16 29 30,1,5,,319743,40,,,1,199,,319744,40,,,1,195,,319745,40,,,1,110,,319746,28,0,31 29 30,1,200,,319747,28,0,31 29 30,1
7101,'20261011',645,,319748,40,,,1,90,,319749,13,0,16 29 30,1,5,,319750,28,0,31 29 30,1,95,,319751,13,0,16 29 30,1,5,,319752,40,,,1,100,,319754,13,0,16 29 30,1,70,,319755,13,0,16 29 30,1,30,,319757,13,0,16 29 30,1,75,,319758,13,0,16 29 30,1,25,,319760,13,0,16 29 30,1,70,,319761,13,0,16 29 30,1,31,,319763,40,,,1,70,,319764,13,0,16 29 30,1,30,,319766,13,0,16 29 30,1,70,,319767,13,0,16 29 30,1,30,,319769,40,,,1,200,,319771,40,,,1,195,,319772,13,0,16 29 30,1,5,,319773,40,,,1,199,,319774,40,,,1,195,,319775,40,,,1,110,,319776,28,0,31 29 30,1,200,,319777,28,0,31 29 30,1
7101,'20261012',645,,319778,40,,,1,90,,319779,13,0,16 29 30,1,5,,319780,28,0,31 29 30,1,95,,319781,13,0,16 29 30,1,5,,319782,40,,,1,100,,319784,13,0,16 29 30,1,70,,319785,13,0,16 29 30,1,30,,319787,13,0,16 29 30,1,75,,319788,13,0,16 29 30,1,25,,319790,13,0,16 29 30,1,70,,319791,13,0,16 29 30,1,31,,319793,40,,,1,70,,319794,13,0,16 29 30,1,30,,319796,13,0,16 29 30,1,70,,319797,13,0,16 29 30,1,30,,319799,40,,,1,200,,319801,40,,,1,195,,319802,13,0,16 29 30,1,5,,319803,40,,,1,199,,319804,40,,,1,195,,319805,40,,,1,110,,319806,28,0,31 29 30,1,200,,319807,28,0,31 29 30,1
7101,'20261013',515,,319808,40,,,1,1111,,319809,13,0,16 29 30,1,5,,319810,28,0,31 29 30,1,210,,319811,40,,,1,314,,319812,40,,,1,90,,319814,13,0,16 29 30,1,95,,319813,40,,,1,205,,319815,28,0,31 29 30,1
7101,'20261014',515,,319816,40,,,1,1111,,319817,13,0,16 29 30,1,5,,319818,28,0,31 29 30,1,210,,319819,40,,,1,314,,319820,40,,,1,90,,319822,13,0,16 29 30,1,95,,319821,40,,,1,205,,319823,28,0,31 29 30,1
7101,'20261015',515,,319824,40,,,1,1111,,319825,13,0,16 29 30,1,5,,319826,28,0,31 29 30,1,210,,319827,40,,,1,314,,319828,40,,,1,90,,319830,13,0,16 29 30,1,95,,319829,40,,,1,205,,319831,28,0,31 29 30,1
7101,'20261016',515,,319832,40,,,1,1111,,319833,13,0,16 29 30,1,5,,319834,28,0,31 29 30,1,210,,319835,40,,,1,314,,319836,40,,,1,90,,319838,13,0,16 29 30,1,95,,319837,40,,,1,205,,319839,28,0,31 29 30,1
7101,'20261017',645,,319840,40,,,1,90,,319841,13,0,16 29 30,1,5,,319842,28,0,31 29 30,1,95,,319843,13,0,16 29 30,1,5,,319844,40,,,1,100,,319846,13,0,16 29 30,1,70,,319847,13,0,16 29 30,1,30,,319849,13,0,16 29 30,1,75,,319850,13,0,16 29 30,1,25,,319852,13,0,16 29 30,1,70,,319853,13,0,16 29 30,1,31,,319855,40,,,1,70,,319856,13,0,16 29 30,1,30,,319858,13,0,16 29 30,1,70,,319859,13,0,16 29 30,1,30,,319861,40,,,1,200,,319863,40,,,1,195,,319864,13,0,16 29 30,1,5,,319865,40,,,1,199,,319866,40,,,1,195,,319867,40,,,1,110,,319868,28,0,31 29 30,1,200,,319869,28,0,31 29 30,1
7101,'20261018',645,,319870,40,,,1,90,,319871,13,0,16 29 30,1,5,,319872,28,0,31 29 30,1,95,,319873,13,0,16 29 30,1,5,,319874,40,,,1,100,,319876,13,0,16 29 30,1,70,,319877,13,0,16 29 30,1,30,,319879,13,0,16 29 30,1,75,,319880,13,0,16 29 30,1,25,,319882,13,0,16 29 30,1,70,,319883,13,0,16 29 30,1,31,,319885,40,,,1,70,,319886,13,0,16 29 30,1,30,,319888,13,0,16 29 30,1,70,,319889,13,0,16 29 30,1,30,,319891,40,,,1,200,,319893,40,,,1,195,,319894,13,0,16 29 30,1,5,,319895,40,,,1,199,,319896,40,,,1,195,,319897,40,,,1,110,,319898,28,0,31 29 30,1,200,,319899,28,0,31 29 30,1
7101,'20261019',515,,319900,40,,,1,1111,,319901,13,0,16 29 30,1,5,,319902,28,0,31 29 30,1,210,,319903,40,,,1,314,,319904,40,,,1,90,,319906,13,0,16 29 30,1,95,,319905,40,,,1,205,,319907,28,0,31 29 30,1
7101,'20261020',515,,319908,40,,,1,1111,,319909,13,0,16 29 30,1,5,,319910,28,0,31 29 30,1,210,,319911,40,,,1,314,,319912,40,,,1,90,,319914,13,0,16 29 30,1,95,,319913,40,,,1,205,,319915,28,0,31 29 30,1
7101,'20261021',515,,319916,40,,,1,1111,,319917,13,0,16 29 30,1,5,,319918,28,0,31 29 30,1,210,,319919,40,,,1,314,,319920,40,,,1,90,,319922,13,0,16 29 30,1,95,,319921,40,,,1,205,,319923,28,0,31 29 30,1
7101,'20261022',515,,319924,40,,,1,1111,,319925,13,0,16 29 30,1,5,,319926,28,0,31 29 30,1,210,,319927,40,,,1,314,,319928,40,,,1,90,,319930,13,0,16 29 30,1,95,,319929,40,,,1,205,,319931,28,0,31 29 30,1
7101,'20261023',515,,319932,40,,,1,1111,,319933,13,0,16 29 30,1,5,,319934,28,0,31 29 30,1,210,,319935,40,,,1,314,,319936,40,,,1,90,,319938,13,0,16 29 30,1,95,,319937,40,,,1,205,,319939,28,0,31 29 30,1
7101,'20261024',645,,319940,40,,,1,90,,319941,13,0,16 29 30,1,5,,319942,28,0,31 29 30,1,95,,319943,13,0,16 29 30,1,5,,319944,40,,,1,100,,319946,13,0,16 29 30,1,70,,319947,13,0,16 29 30,1,30,,319949,13,0,16 29 30,1,75,,319950,13,0,16 29 30,1,25,,319952,13,0,16 29 30,1,70,,319953,13,0,16 29 30,1,31,,319955,40,,,1,70,,319956,13,0,16 29 30,1,30,,319958,13,0,16 29 30,1,70,,319959,13,0,16 29 30,1,30,,319961,40,,,1,200,,319963,40,,,1,195,,319964,13,0,16 29 30,1,5,,319965,40,,,1,199,,319966,40,,,1,195,,319967,40,,,1,110,,319968,28,0,31 29 30,1,200,,319969,28,0,31 29 30,1
7101,'20261025',645,,319970,40,,,1,90,,319971,13,0,16 29 30,1,5,,319972,28,0,31 29 30,1,95,,319973,13,0,16 29 30,1,5,,319974,40,,,1,100,,319976,13,0,16 29 30,1,70,,319977,13,0,16 29 30,1,30,,319979,13,0,16 29 30,1,75,,319980,13,0,16 29 30,1,25,,319982,13,0,16 29 30,1,70,,319983,13,0,16 29 30,1,31,,319985,40,,,1,70,,319986,13,0,16 29 30,1,30,,319988,13,0,16 29 30,1,70,,319989,13,0,16 29 30,1,30,,319991,40,,,1,200,,319993,40,,,1,195,,319994,13,0,16 29 30,1,5,,319995,40,,,1,199,,319996,40,,,1,195,,319997,40,,,1,110,,319998,28,0,31 29 30,1,200,,319999,28,0,31 29 30,1
7101,'20261026',515,,320000,40,,,1,1111,,320001,13,0,16 29 30,1,5,,320002,28,0,31 29 30,1,210,,320003,40,,,1,314,,320004,40,,,1,90,,320006,13,0,16 29 30,1,95,,320005,40,,,1,205,,320007,28,0,31 29 30,1
7101,'20261027',515,,320008,40,,,1,1111,,320009,13,0,16 29 30,1,5,,320010,28,0,31 29 30,1,210,,320011,40,,,1,314,,320012,40,,,1,90,,320014,13,0,16 29 30,1,95,,320013,40,,,1,205,,320015,28,0,31 29 30,1
7101,'20261028',515,,320016,40,,,1,1111,,320017,13,0,16 29 30,1,5,,320018,28,0,31 29 30,1,210,,320019,40,,,1,314,,320020,40,,,1,90,,320022,13,0,16 29 30,1,95,,320021,40,,,1,205,,320023,28,0,31 29 30,1
7101,'20261029',515,,320024,40,,,1,1111,,320025,13,0,16 29 30,1,5,,320026,28,0,31 29 30,1,210,,320027,40,,,1,314,,320028,40,,,1,90,,320030,13,0,16 29 30,1,95,,320029,40,,,1,205,,320031,28,0,31 29 30,1
7101,'20261030',515,,320032,40,,,1,1111,,320033,13,0,16 29 30,1,5,,320034,28,0,31 29 30,1,210,,320035,40,,,1,314,,320036,40,,,1,90,,320038,13,0,16 29 30,1,95,,320037,40,,,1,205,,320039,28,0,31 29 30,1
7101,'20261031',645,,320040,40,,,1,90,,320041,13,0,16 29 30,1,5,,320042,28,0,31 29 30,1,95,,320043,13,0,16 29 30,1,5,,320044,40,,,1,100,,320046,13,0,16 29 30,1,70,,320047,13,0,16 29 30,1,30,,320049,13,0,16 29 30,1,75,,320050,13,0,16 29 30,1,25,,320052,13,0,16 29 30,1,70,,320053,13,0,16 29 30,1,31,,320055,40,,,1,70,,320056,13,0,16 29 30,1,30,,320058,13,0,16 29 30,1,70,,320059,13,0,16 29 30,1,30,,320061,40,,,1,200,,320063,40,,,1,195,,320064,13,0,16 29 30,1,5,,320065,40,,,1,199,,320066,40,,,1,195,,320067,40,,,1,110,,320068,28,0,31 29 30,1,200,,320069,28,0,31 29 30,1
7101,'20261101',645,,320070,40,,,1,90,,320071,13,0,16 29 30,1,5,,320072,28,0,31 29 30,1,95,,320073,13,0,16 29 30,1,5,,320074,40,,,1,100,,320076,13,0,16 29 30,1,70,,320077,13,0,16 29 30,1,30,,320079,13,0,16 29 30,1,75,,320080,13,0,16 29 30,1,25,,320082,13,0,16 29 30,1,70,,320083,13,0,16 29 30,1,31,,320085,40,,,1,70,,320086,13,0,16 29 30,1,30,,320088,13,0,16 29 30,1,70,,320089,13,0,16 29 30,1,30,,320091,40,,,1,200,,320093,40,,,1,195,,320094,13,0,16 29 30,1,5,,320095,40,,,1,199,,320096,40,,,1,195,,320097,40,,,1,110,,320098,28,0,31 29 30,1,200,,320099,28,0,31 29 30,1
7101,'20261102',515,,320100,40,,,1,1111,,320101,13,0,16 29 30,1,5,,320102,28,0,31 29 30,1,210,,320103,40,,,1,314,,320104,40,,,1,90,,320106,13,0,16 29 30,1,95,,320105,40,,,1,205,,320107,28,0,31 29 30,1
7101,'20261103',515,,320108,40,,,1,1111,,320109,13,0,16 29 30,1,5,,320110,28,0,31 29 30,1,210,,320111,40,,,1,314,,320112,40,,,1,90,,320114,13,0,16 29 30,1,95,,320113,40,,,1,205,,320115,28,0,31 29 30,1
7101,'20261104',515,,320116,40,,,1,1111,,320117,13,0,16 29 30,1,5,,320118,28,0,31 29 30,1,210,,320119,40,,,1,314,,320120,40,,,1,90,,320122,13,0,16 29 30,1,95,,320121,40,,,1,205,,320123,28,0,31 29 30,1
7101,'20261105',515,,320124,40,,,1,1111,,320125,13,0,16 29 30,1,5,,320126,28,0,31 29 30,1,210,,320127,40,,,1,314,,320128,40,,,1,90,,320130,13,0,16 29 30,1,95,,320129,40,,,1,205,,320131,28,0,31 29 30,1
7101,'20261106',515,,320132,40,,,1,1111,,320133,13,0,16 29 30,1,5,,320134,28,0,31 29 30,1,210,,320135,40,,,1,314,,320136,40,,,1,90,,320138,13,0,16 29 30,1,95,,320137,40,,,1,205,,320139,28,0,31 29 30,1
7101,'20261107',645,,320140,40,,,1,90,,320141,13,0,16 29 30,1,5,,320142,28,0,31 29 30,1,95,,320143,13,0,16 29 30,1,5,,320144,40,,,1,100,,320146,13,0,16 29 30,1,70,,320147,13,0,16 29 30,1,30,,320149,13,0,16 29 30,1,75,,320150,13,0,16 29 30,1,25,,320152,13,0,16 29 30,1,70,,320153,13,0,16 29 30,1,31,,320155,40,,,1,70,,320156,13,0,16 29 30,1,30,,320158,13,0,16 29 30,1,70,,320159,13,0,16 29 30,1,30,,320161,40,,,1,200,,320163,40,,,1,195,,320164,13,0,16 29 30,1,5,,320165,40,,,1,199,,320166,40,,,1,195,,320167,40,,,1,110,,320168,28,0,31 29 30,1,200,,320169,28,0,31 29 30,1
7101,'20261108',645,,320170,40,,,1,90,,320171,13,0,16 29 30,1,5,,320172,28,0,31 29 30,1,95,,320173,13,0,16 29 30,1,5,,320174,40,,,1,100,,320176,13,0,16 29 30,1,70,,320177,13,0,16 29 30,1,30,,320179,13,0,16 29 30,1,75,,320180,13,0,16 29 30,1,25,,320182,13,0,16 29 30,1,70,,320183,13,0,16 29 30,1,31,,320185,40,,,1,70,,320186,13,0,16 29 30,1,30,,320188,13,0,16 29 30,1,70,,320189,13,0,16 29 30,1,30,,320191,40,,,1,200,,320193,40,,,1,195,,320194,13,0,16 29 30,1,5,,320195,40,,,1,199,,320196,40,,,1,195,,320197,40,,,1,110,,320198,28,0,31 29 30,1,200,,320199,28,0,31 29 30,1
7101,'20261109',515,,320200,40,,,1,1111,,320201,13,0,16 29 30,1,5,,320202,28,0,31 29 30,1,210,,320203,40,,,1,314,,320204,40,,,1,90,,320206,13,0,16 29 30,1,95,,320205,40,,,1,205,,320207,28,0,31 29 30,1
7101,'20261110',515,,320208,40,,,1,1111,,320209,13,0,16 29 30,1,5,,320210,28,0,31 29 30,1,210,,320211,40,,,1,314,,320212,40,,,1,90,,320214,13,0,16 29 30,1,95,,320213,40,,,1,205,,320215,28,0,31 29 30,1
7101,'20261111',515,,320216,40,,,1,1111,,320217,13,0,16 29 30,1,5,,320218,28,0,31 29 30,1,210,,320219,40,,,1,314,,320220,40,,,1,90,,320222,13,0,16 29 30,1,95,,320221,40,,,1,205,,320223,28,0,31 29 30,1
7101,'20261112',515,,320224,40,,,1,1111,,320225,13,0,16 29 30,1,5,,320226,28,0,31 29 30,1,210,,320227,40,,,1,314,,320228,40,,,1,90,,320230,13,0,16 29 30,1,95,,320229,40,,,1,205,,320231,28,0,31 29 30,1
7101,'20261113',515,,320232,40,,,1,1111,,320233,13,0,16 29 30,1,5,,320234,28,0,31 29 30,1,210,,320235,40,,,1,314,,320236,40,,,1,90,,320238,13,0,16 29 30,1,95,,320237,40,,,1,205,,320239,28,0,31 29 30,1
7101,'20261114',645,,320240,40,,,1,90,,320241,13,0,16 29 30,1,5,,320242,28,0,31 29 30,1,95,,320243,13,0,16 29 30,1,5,,320244,40,,,1,100,,320246,13,0,16 29 30,1,70,,320247,13,0,16 29 30,1,30,,320249,13,0,16 29 30,1,75,,320250,13,0,16 29 30,1,25,,320252,13,0,16 29 30,1,70,,320253,13,0,16 29 30,1,31,,320255,40,,,1,70,,320256,13,0,16 29 30,1,30,,320258,13,0,16 29 30,1,70,,320259,13,0,16 29 30,1,30,,320261,40,,,1,200,,320263,40,,,1,195,,320264,13,0,16 29 30,1,5,,320265,40,,,1,199,,320266,40,,,1,195,,320267,40,,,1,110,,320268,28,0,31 29 30,1,200,,320269,28,0,31 29 30,1
7101,'20261115',645,,320270,40,,,1,90,,320271,13,0,16 29 30,1,5,,320272,28,0,31 29 30,1,95,,320273,13,0,16 29 30,1,5,,320274,40,,,1,100,,320276,13,0,16 29 30,1,70,,320277,13,0,16 29 30,1,30,,320279,13,0,16 29 30,1,75,,320280,13,0,16 29 30,1,25,,320282,13,0,16 29 30,1,70,,320283,13,0,16 29 30,1,31,,320285,40,,,1,70,,320286,13,0,16 29 30,1,30,,320288,13,0,16 29 30,1,70,,320289,13,0,16 29 30,1,30,,320291,40,,,1,200,,320293,40,,,1,195,,320294,13,0,16 29 30,1,5,,320295,40,,,1,199,,320296,40,,,1,195,,320297,40,,,1,110,,320298,28,0,31 29 30,1,200,,320299,28,0,31 29 30,1
7101,'20261116',515,,320300,40,,,1,1111,,320301,13,0,16 29 30,1,5,,320302,28,0,31 29 30,1,210,,320303,40,,,1,314,,320304,40,,,1,90,,320306,13,0,16 29 30,1,95,,320305,40,,,1,205,,320307,28,0,31 29 30,1
7101,'20261117',515,,320308,40,,,1,1111,,320309,13,0,16 29 30,1,5,,320310,28,0,31 29 30,1,210,,320311,40,,,1,314,,320312,40,,,1,90,,320314,13,0,16 29 30,1,95,,320313,40,,,1,205,,320315,28,0,31 29 30,1
7101,'20261118',515,,320316,40,,,1,1111,,320317,13,0,16 29 30,1,5,,320318,28,0,31 29 30,1,210,,320319,40,,,1,314,,320320,40,,,1,90,,320322,13,0,16 29 30,1,95,,320321,40,,,1,205,,320323,28,0,31 29 30,1
7101,'20261119',515,,320324,40,,,1,1111,,320325,13,0,16 29 30,1,5,,320326,28,0,31 29 30,1,210,,320327,40,,,1,314,,320328,40,,,1,90,,320330,13,0,16 29 30,1,95,,320329,40,,,1,205,,320331,28,0,31 29 30,1
7101,'20261120',515,,320332,40,,,1,1111,,320333,13,0,16 29 30,1,5,,320334,28,0,31 29 30,1,210,,320335,40,,,1,314,,320336,40,,,1,90,,320338,13,0,16 29 30,1,95,,320337,40,,,1,205,,320339,28,0,31 29 30,1
7101,'20261121',645,,320340,40,,,1,90,,320341,13,0,16 29 30,1,5,,320342,28,0,31 29 30,1,95,,320343,13,0,16 29 30,1,5,,320344,40,,,1,100,,320346,13,0,16 29 30,1,70,,320347,13,0,16 29 30,1,30,,320349,13,0,16 29 30,1,75,,320350,13,0,16 29 30,1,25,,320352,13,0,16 29 30,1,70,,320353,13,0,16 29 30,1,31,,320355,40,,,1,70,,320356,13,0,16 29 30,1,30,,320358,13,0,16 29 30,1,70,,320359,13,0,16 29 30,1,30,,320361,40,,,1,200,,320363,40,,,1,195,,320364,13,0,16 29 30,1,5,,320365,40,,,1,199,,320366,40,,,1,195,,320367,40,,,1,110,,320368,28,0,31 29 30,1,200,,320369,28,0,31 29 30,1
7101,'20261122',645,,320370,40,,,1,90,,320371,13,0,16 29 30,1,5,,320372,28,0,31 29 30,1,95,,320373,13,0,16 29 30,1,5,,320374,40,,,1,100,,320376,13,0,16 29 30,1,70,,320377,13,0,16 29 30,1,30,,320379,13,0,16 29 30,1,75,,320380,13,0,16 29 30,1,25,,320382,13,0,16 29 30,1,70,,320383,13,0,16 29 30,1,31,,320385,40,,,1,70,,320386,13,0,16 29 30,1,30,,320388,13,0,16 29 30,1,70,,320389,13,0,16 29 30,1,30,,320391,40,,,1,200,,320393,40,,,1,195,,320394,13,0,16 29 30,1,5,,320395,40,,,1,199,,320396,40,,,1,195,,320397,40,,,1,110,,320398,28,0,31 29 30,1,200,,320399,28,0,31 29 30,1
7101,'20261123',515,,320400,40,,,1,1111,,320401,13,0,16 29 30,1,5,,320402,28,0,31 29 30,1,210,,320403,40,,,1,314,,320404,40,,,1,90,,320406,13,0,16 29 30,1,95,,320405,40,,,1,205,,320407,28,0,31 29 30,1
7101,'20261124',515,,320408,40,,,1,1111,,320409,13,0,16 29 30,1,5,,320410,28,0,31 29 30,1,210,,320411,40,,,1,314,,320412,40,,,1,90,,320414,13,0,16 29 30,1,95,,320413,40,,,1,205,,320415,28,0,31 29 30,1
7101,'20261125',515,,320416,40,,,1,1111,,320417,13,0,16 29 30,1,5,,320418,28,0,31 29 30,1,210,,320419,40,,,1,314,,320420,40,,,1,90,,320422,13,0,16 29 30,1,95,,320421,40,,,1,205,,320423,28,0,31 29 30,1
7101,'20261126',515,,320424,40,,,1,1111,,320425,13,0,16 29 30,1,5,,320426,28,0,31 29 30,1,210,,320427,40,,,1,314,,320428,40,,,1,90,,320430,13,0,16 29 30,1,95,,320429,40,,,1,205,,320431,28,0,31 29 30,1
7101,'20261127',515,,320432,40,,,1,1111,,320433,13,0,16 29 30,1,5,,320434,28,0,31 29 30,1,210,,320435,40,,,1,314,,320436,40,,,1,90,,320438,13,0,16 29 30,1,95,,320437,40,,,1,205,,320439,28,0,31 29 30,1
