1901,'20260910',615,,237991,7,,,1,15,,237992,7,,,1,15,,237993,7,,,1,55,,237994,7,,,1,10,,237995,7,,,1,10,,237996,7,,,1,10,,237997,7,,,1,10,,237998,7,,,1,15,,237999,7,,,1,55,,238000,7,,,1,20,,238001,7,,,1,70,,238002,7,,,1,30,,238003,7,,,1,70,,238004,7,,,1,30,,238005,7,,,1,25,,238006,7,,,1,100,,238007,7,,,1,100,,238008,7,,,1,100,,238009,7,,,1,100,,238010,7,,,1,70,,238011,7,,,1,20,,238012,7,,,1,60,,238013,7,,,1,15,,238014,7,,,1,15,,238015,7,,,1,15,,238016,7,,,1,55,,238017,7,,,1,20,,238018,7,,,1,25,,238019,7,,,1,60,,238020,7,,,1,20,,238021,7,,,1,25,,238022,7,,,1,100,,238023,7,,,1,100,,238024,7,,,1,100,,238025,7,,,1,199,,238026,7,,,1
1901,'20260911',615,,238027,7,,,1,15,,238028,7,,,1,15,,238029,7,,,1,55,,238030,7,,,1,10,,238031,7,,,1,10,,238032,7,,,1,10,,238033,7,,,1,10,,238034,7,,,1,15,,238035,7,,,1,55,,238036,7,,,1,20,,238037,7,,,1,70,,238038,7,,,1,30,,238039,7,,,1,70,,238040,7,,,1,30,,238041,7,,,1,25,,238042,7,,,1,100,,238043,7,,,1,100,,238044,7,,,1,100,,238045,7,,,1,100,,238046,7,,,1,70,,238047,7,,,1,20,,238048,7,,,1,60,,238049,7,,,1,15,,238050,7,,,1,15,,238051,7,,,1,15,,238052,7,,,1,55,,238053,7,,,1,20,,238054,7,,,1,25,,238055,7,,,1,60,,238056,7,,,1,20,,238057,7,,,1,25,,238058,7,,,1,100,,238059,7,,,1,100,,238060,7,,,1,100,,238061,7,,,1,199,,238062,7,,,1
1901,'20260912',654,,238063,7,,,1,101,,238064,7,,,1,100,,238065,7,,,1,100,,238066,7,,,1,100,,238067,7,,,1,101,,238068,7,,,1,100,,238069,7,,,1,70,,238070,7,,,1,30,,238071,7,,,1,70,,238072,7,,,1,30,,238073,7,,,1,70,,238074,7,,,1,30,,238075,7,,,1,69,,238076,7,,,1,30,,238077,7,,,1,70,,238078,7,,,1,30,,238079,7,,,1,100,,238080,7,,,1,100,,238081,7,,,1,99,,238082,7,,,1,100,,238083,7,,,1,200,,238084,7,,,1
1901,'20260913',654,,238085,7,,,1,101,,238086,7,,,1,100,,238087,7,,,1,100,,238088,7,,,1,100,,238089,7,,,1,101,,238090,7,,,1,100,,238091,7,,,1,70,,238092,7,,,1,30,,238093,7,,,1,70,,238094,7,,,1,30,,238095,7,,,1,70,,238096,7,,,1,30,,238097,7,,,1,69,,238098,7,,,1,30,,238099,7,,,1,70,,238100,7,,,1,30,,238101,7,,,1,100,,238102,7,,,1,100,,238103,7,,,1,99,,238104,7,,,1,100,,238105,7,,,1,200,,238106,7,,,1
1901,'20260914',615,,238107,7,,,1,15,,238108,7,,,1,15,,238109,7,,,1,55,,238110,7,,,1,10,,238111,7,,,1,10,,238112,7,,,1,10,,238113,7,,,1,10,,238114,7,,,1,15,,238115,7,,,1,55,,238116,7,,,1,20,,238117,7,,,1,70,,238118,7,,,1,30,,238119,7,,,1,70,,238120,7,,,1,30,,238121,7,,,1,25,,238122,7,,,1,100,,238123,7,,,1,100,,238124,7,,,1,100,,238125,7,,,1,100,,238126,7,,,1,70,,238127,7,,,1,20,,238128,7,,,1,60,,238129,7,,,1,15,,238130,7,,,1,15,,238131,7,,,1,15,,238132,7,,,1,55,,238133,7,,,1,20,,238134,7,,,1,25,,238135,7,,,1,60,,238136,7,,,1,20,,238137,7,,,1,25,,238138,7,,,1,100,,238139,7,,,1,100,,238140,7,,,1,100,,238141,7,,,1,199,,238142,7,,,1
1901,'20260915',615,,238143,7,,,1,15,,238144,7,,,1,15,,238145,7,,,1,55,,238146,7,,,1,10,,238147,7,,,1,10,,238148,7,,,1,10,,238149,7,,,1,10,,238150,7,,,1,15,,238151,7,,,1,55,,238152,7,,,1,20,,238153,7,,,1,70,,238154,7,,,1,30,,238155,7,,,1,70,,238156,7,,,1,30,,238157,7,,,1,25,,238158,7,,,1,100,,238159,7,,,1,100,,238160,7,,,1,100,,238161,7,,,1,100,,238162,7,,,1,70,,238163,7,,,1,20,,238164,7,,,1,60,,238165,7,,,1,15,,238166,7,,,1,15,,238167,7,,,1,15,,238168,7,,,1,55,,238169,7,,,1,20,,238170,7,,,1,25,,238171,7,,,1,60,,238172,7,,,1,20,,238173,7,,,1,25,,238174,7,,,1,100,,238175,7,,,1,100,,238176,7,,,1,100,,238177,7,,,1,199,,238178,7,,,1
1901,'20260916',615,,238179,7,,,1,15,,238180,7,,,1,15,,238181,7,,,1,55,,238182,7,,,1,10,,238183,7,,,1,10,,238184,7,,,1,10,,238185,7,,,1,10,,238186,7,,,1,15,,238187,7,,,1,55,,238188,7,,,1,20,,238189,7,,,1,70,,238190,7,,,1,30,,238191,7,,,1,70,,238192,7,,,1,30,,238193,7,,,1,25,,238194,7,,,1,100,,238195,7,,,1,100,,238196,7,,,1,100,,238197,7,,,1,100,,238198,7,,,1,70,,238199,7,,,1,20,,238200,7,,,1,60,,238201,7,,,1,15,,238202,7,,,1,15,,238203,7,,,1,15,,238204,7,,,1,55,,238205,7,,,1,20,,238206,7,,,1,25,,238207,7,,,1,60,,238208,7,,,1,20,,238209,7,,,1,25,,238210,7,,,1,100,,238211,7,,,1,100,,238212,7,,,1,100,,238213,7,,,1,199,,238214,7,,,1
1901,'20260917',615,,238215,7,,,1,15,,238216,7,,,1,15,,238217,7,,,1,55,,238218,7,,,1,10,,238219,7,,,1,10,,238220,7,,,1,10,,238221,7,,,1,10,,238222,7,,,1,15,,238223,7,,,1,55,,238224,7,,,1,20,,238225,7,,,1,70,,238226,7,,,1,30,,238227,7,,,1,70,,238228,7,,,1,30,,238229,7,,,1,25,,238230,7,,,1,100,,238231,7,,,1,100,,238232,7,,,1,100,,238233,7,,,1,100,,238234,7,,,1,70,,238235,7,,,1,20,,238236,7,,,1,60,,238237,7,,,1,15,,238238,7,,,1,15,,238239,7,,,1,15,,238240,7,,,1,55,,238241,7,,,1,20,,238242,7,,,1,25,,238243,7,,,1,60,,238244,7,,,1,20,,238245,7,,,1,25,,238246,7,,,1,100,,238247,7,,,1,100,,238248,7,,,1,100,,238249,7,,,1,199,,238250,7,,,1
1901,'20260918',615,,238251,7,,,1,15,,238252,7,,,1,15,,238253,7,,,1,55,,238254,7,,,1,10,,238255,7,,,1,10,,238256,7,,,1,10,,238257,7,,,1,10,,238258,7,,,1,15,,238259,7,,,1,55,,238260,7,,,1,20,,238261,7,,,1,70,,238262,7,,,1,30,,238263,7,,,1,70,,238264,7,,,1,30,,238265,7,,,1,25,,238266,7,,,1,100,,238267,7,,,1,100,,238268,7,,,1,100,,238269,7,,,1,100,,238270,7,,,1,70,,238271,7,,,1,20,,238272,7,,,1,60,,238273,7,,,1,15,,238274,7,,,1,15,,238275,7,,,1,15,,238276,7,,,1,55,,238277,7,,,1,20,,238278,7,,,1,25,,238279,7,,,1,60,,238280,7,,,1,20,,238281,7,,,1,25,,238282,7,,,1,100,,238283,7,,,1,100,,238284,7,,,1,100,,238285,7,,,1,199,,238286,7,,,1
1901,'20260919',654,,238287,7,,,1,101,,238288,7,,,1,100,,238289,7,,,1,100,,238290,7,,,1,100,,238291,7,,,1,101,,238292,7,,,1,100,,238293,7,,,1,70,,238294,7,,,1,30,,238295,7,,,1,70,,238296,7,,,1,30,,238297,7,,,1,70,,238298,7,,,1,30,,238299,7,,,1,69,,238300,7,,,1,30,,238301,7,,,1,70,,238302,7,,,1,30,,238303,7,,,1,100,,238304,7,,,1,100,,238305,7,,,1,99,,238306,7,,,1,100,,238307,7,,,1,200,,238308,7,,,1
1901,'20260920',654,,238309,7,,,1,101,,238310,7,,,1,100,,238311,7,,,1,100,,238312,7,,,1,100,,238313,7,,,1,101,,238314,7,,,1,100,,238315,7,,,1,70,,238316,7,,,1,30,,238317,7,,,1,70,,238318,7,,,1,30,,238319,7,,,1,70,,238320,7,,,1,30,,238321,7,,,1,69,,238322,7,,,1,30,,238323,7,,,1,70,,238324,7,,,1,30,,238325,7,,,1,100,,238326,7,,,1,100,,238327,7,,,1,99,,238328,7,,,1,100,,238329,7,,,1,200,,238330,7,,,1
1901,'20260921',615,,238331,7,,,1,15,,238332,7,,,1,15,,238333,7,,,1,55,,238334,7,,,1,10,,238335,7,,,1,10,,238336,7,,,1,10,,238337,7,,,1,10,,238338,7,,,1,15,,238339,7,,,1,55,,238340,7,,,1,20,,238341,7,,,1,70,,238342,7,,,1,30,,238343,7,,,1,70,,238344,7,,,1,30,,238345,7,,,1,25,,238346,7,,,1,100,,238347,7,,,1,100,,238348,7,,,1,100,,238349,7,,,1,100,,238350,7,,,1,70,,238351,7,,,1,20,,238352,7,,,1,60,,238353,7,,,1,15,,238354,7,,,1,15,,238355,7,,,1,15,,238356,7,,,1,55,,238357,7,,,1,20,,238358,7,,,1,25,,238359,7,,,1,60,,238360,7,,,1,20,,238361,7,,,1,25,,238362,7,,,1,100,,238363,7,,,1,100,,238364,7,,,1,100,,238365,7,,,1,199,,238366,7,,,1
1901,'20260922',615,,238367,7,,,1,15,,238368,7,,,1,15,,238369,7,,,1,55,,238370,7,,,1,10,,238371,7,,,1,10,,238372,7,,,1,10,,238373,7,,,1,10,,238374,7,,,1,15,,238375,7,,,1,55,,238376,7,,,1,20,,238377,7,,,1,70,,238378,7,,,1,30,,238379,7,,,1,70,,238380,7,,,1,30,,238381,7,,,1,25,,238382,7,,,1,100,,238383,7,,,1,100,,238384,7,,,1,100,,238385,7,,,1,100,,238386,7,,,1,70,,238387,7,,,1,20,,238388,7,,,1,60,,238389,7,,,1,15,,238390,7,,,1,15,,238391,7,,,1,15,,238392,7,,,1,55,,238393,7,,,1,20,,238394,7,,,1,25,,238395,7,,,1,60,,238396,7,,,1,20,,238397,7,,,1,25,,238398,7,,,1,100,,238399,7,,,1,100,,238400,7,,,1,100,,238401,7,,,1,199,,238402,7,,,1
1901,'20260923',615,,238403,7,,,1,15,,238404,7,,,1,15,,238405,7,,,1,55,,238406,7,,,1,10,,238407,7,,,1,10,,238408,7,,,1,10,,238409,7,,,1,10,,238410,7,,,1,15,,238411,7,,,1,55,,238412,7,,,1,20,,238413,7,,,1,70,,238414,7,,,1,30,,238415,7,,,1,70,,238416,7,,,1,30,,238417,7,,,1,25,,238418,7,,,1,100,,238419,7,,,1,100,,238420,7,,,1,100,,238421,7,,,1,100,,238422,7,,,1,70,,238423,7,,,1,20,,238424,7,,,1,60,,238425,7,,,1,15,,238426,7,,,1,15,,238427,7,,,1,15,,238428,7,,,1,55,,238429,7,,,1,20,,238430,7,,,1,25,,238431,7,,,1,60,,238432,7,,,1,20,,238433,7,,,1,25,,238434,7,,,1,100,,238435,7,,,1,100,,238436,7,,,1,100,,238437,7,,,1,199,,238438,7,,,1
1901,'20260924',615,,238439,7,,,1,15,,238440,7,,,1,15,,238441,7,,,1,55,,238442,7,,,1,10,,238443,7,,,1,10,,238444,7,,,1,10,,238445,7,,,1,10,,238446,7,,,1,15,,238447,7,,,1,55,,238448,7,,,1,20,,238449,7,,,1,70,,238450,7,,,1,30,,238451,7,,,1,70,,238452,7,,,1,30,,238453,7,,,1,25,,238454,7,,,1,100,,238455,7,,,1,100,,238456,7,,,1,100,,238457,7,,,1,100,,238458,7,,,1,70,,238459,7,,,1,20,,238460,7,,,1,60,,238461,7,,,1,15,,238462,7,,,1,15,,238463,7,,,1,15,,238464,7,,,1,55,,238465,7,,,1,20,,238466,7,,,1,25,,238467,7,,,1,60,,238468,7,,,1,20,,238469,7,,,1,25,,238470,7,,,1,100,,238471,7,,,1,100,,238472,7,,,1,100,,238473,7,,,1,199,,238474,7,,,1
1901,'20260925',615,,238475,7,,,1,15,,238476,7,,,1,15,,238477,7,,,1,55,,238478,7,,,1,10,,238479,7,,,1,10,,238480,7,,,1,10,,238481,7,,,1,10,,238482,7,,,1,15,,238483,7,,,1,55,,238484,7,,,1,20,,238485,7,,,1,70,,238486,7,,,1,30,,238487,7,,,1,70,,238488,7,,,1,30,,238489,7,,,1,25,,238490,7,,,1,100,,238491,7,,,1,100,,238492,7,,,1,100,,238493,7,,,1,100,,238494,7,,,1,70,,238495,7,,,1,20,,238496,7,,,1,60,,238497,7,,,1,15,,238498,7,,,1,15,,238499,7,,,1,15,,238500,7,,,1,55,,238501,7,,,1,20,,238502,7,,,1,25,,238503,7,,,1,60,,238504,7,,,1,20,,238505,7,,,1,25,,238506,7,,,1,100,,238507,7,,,1,100,,238508,7,,,1,100,,238509,7,,,1,199,,238510,7,,,1
1901,'20260926',654,,238511,7,,,1,101,,238512,7,,,1,100,,238513,7,,,1,100,,238514,7,,,1,100,,238515,7,,,1,101,,238516,7,,,1,100,,238517,7,,,1,70,,238518,7,,,1,30,,238519,7,,,1,70,,238520,7,,,1,30,,238521,7,,,1,70,,238522,7,,,1,30,,238523,7,,,1,69,,238524,7,,,1,30,,238525,7,,,1,70,,238526,7,,,1,30,,238527,7,,,1,100,,238528,7,,,1,100,,238529,7,,,1,99,,238530,7,,,1,100,,238531,7,,,1,200,,238532,7,,,1
1901,'20260927',654,,238533,7,,,1,101,,238534,7,,,1,100,,238535,7,,,1,100,,238536,7,,,1,100,,238537,7,,,1,101,,238538,7,,,1,100,,238539,7,,,1,70,,238540,7,,,1,30,,238541,7,,,1,70,,238542,7,,,1,30,,238543,7,,,1,70,,238544,7,,,1,30,,238545,7,,,1,69,,238546,7,,,1,30,,238547,7,,,1,70,,238548,7,,,1,30,,238549,7,,,1,100,,238550,7,,,1,100,,238551,7,,,1,99,,238552,7,,,1,100,,238553,7,,,1,200,,238554,7,,,1
1901,'20260928',615,,238555,7,,,1,15,,238556,7,,,1,15,,238557,7,,,1,55,,238558,7,,,1,10,,238559,7,,,1,10,,238560,7,,,1,10,,238561,7,,,1,10,,238562,7,,,1,15,,238563,7,,,1,55,,238564,7,,,1,20,,238565,7,,,1,70,,238566,7,,,1,30,,238567,7,,,1,70,,238568,7,,,1,30,,238569,7,,,1,25,,238570,7,,,1,100,,238571,7,,,1,100,,238572,7,,,1,100,,238573,7,,,1,100,,238574,7,,,1,70,,238575,7,,,1,20,,238576,7,,,1,60,,238577,7,,,1,15,,238578,7,,,1,15,,238579,7,,,1,15,,238580,7,,,1,55,,238581,7,,,1,20,,238582,7,,,1,25,,238583,7,,,1,60,,238584,7,,,1,20,,238585,7,,,1,25,,238586,7,,,1,100,,238587,7,,,1,100,,238588,7,,,1,100,,238589,7,,,1,199,,238590,7,,,1
1901,'20260929',615,,238591,7,,,1,15,,238592,7,,,1,15,,238593,7,,,1,55,,238594,7,,,1,10,,238595,7,,,1,10,,238596,7,,,1,10,,238597,7,,,1,10,,238598,7,,,1,15,,238599,7,,,1,55,,238600,7,,,1,20,,238601,7,,,1,70,,238602,7,,,1,30,,238603,7,,,1,70,,238604,7,,,1,30,,238605,7,,,1,25,,238606,7,,,1,100,,238607,7,,,1,100,,238608,7,,,1,100,,238609,7,,,1,100,,238610,7,,,1,70,,238611,7,,,1,20,,238612,7,,,1,60,,238613,7,,,1,15,,238614,7,,,1,15,,238615,7,,,1,15,,238616,7,,,1,55,,238617,7,,,1,20,,238618,7,,,1,25,,238619,7,,,1,60,,238620,7,,,1,20,,238621,7,,,1,25,,238622,7,,,1,100,,238623,7,,,1,100,,238624,7,,,1,100,,238625,7,,,1,199,,238626,7,,,1
1901,'20260930',615,,238627,7,,,1,15,,238628,7,,,1,15,,238629,7,,,1,55,,238630,7,,,1,10,,238631,7,,,1,10,,238632,7,,,1,10,,238633,7,,,1,10,,238634,7,,,1,15,,238635,7,,,1,55,,238636,7,,,1,20,,238637,7,,,1,70,,238638,7,,,1,30,,238639,7,,,1,70,,238640,7,,,1,30,,238641,7,,,1,25,,238642,7,,,1,100,,238643,7,,,1,100,,238644,7,,,1,100,,238645,7,,,1,100,,238646,7,,,1,70,,238647,7,,,1,20,,238648,7,,,1,60,,238649,7,,,1,15,,238650,7,,,1,15,,238651,7,,,1,15,,238652,7,,,1,55,,238653,7,,,1,20,,238654,7,,,1,25,,238655,7,,,1,60,,238656,7,,,1,20,,238657,7,,,1,25,,238658,7,,,1,100,,238659,7,,,1,100,,238660,7,,,1,100,,238661,7,,,1,199,,238662,7,,,1
1901,'20261001',615,,238663,7,,,1,15,,238664,7,,,1,15,,238665,7,,,1,55,,238666,7,,,1,10,,238667,7,,,1,10,,238668,7,,,1,10,,238669,7,,,1,10,,238670,7,,,1,15,,238671,7,,,1,55,,238672,7,,,1,20,,238673,7,,,1,70,,238674,7,,,1,30,,238675,7,,,1,70,,238676,7,,,1,30,,238677,7,,,1,25,,238678,7,,,1,100,,238679,7,,,1,100,,238680,7,,,1,100,,238681,7,,,1,100,,238682,7,,,1,70,,238683,7,,,1,20,,238684,7,,,1,60,,238685,7,,,1,15,,238686,7,,,1,15,,238687,7,,,1,15,,238688,7,,,1,55,,238689,7,,,1,20,,238690,7,,,1,25,,238691,7,,,1,60,,238692,7,,,1,20,,238693,7,,,1,25,,238694,7,,,1,100,,238695,7,,,1,100,,238696,7,,,1,100,,238697,7,,,1,199,,238698,7,,,1
1901,'20261002',615,,238699,7,,,1,15,,238700,7,,,1,15,,238701,7,,,1,55,,238702,7,,,1,10,,238703,7,,,1,10,,238704,7,,,1,10,,238705,7,,,1,10,,238706,7,,,1,15,,238707,7,,,1,55,,238708,7,,,1,20,,238709,7,,,1,70,,238710,7,,,1,30,,238711,7,,,1,70,,238712,7,,,1,30,,238713,7,,,1,25,,238714,7,,,1,100,,238715,7,,,1,100,,238716,7,,,1,100,,238717,7,,,1,100,,238718,7,,,1,70,,238719,7,,,1,20,,238720,7,,,1,60,,238721,7,,,1,15,,238722,7,,,1,15,,238723,7,,,1,15,,238724,7,,,1,55,,238725,7,,,1,20,,238726,7,,,1,25,,238727,7,,,1,60,,238728,7,,,1,20,,238729,7,,,1,25,,238730,7,,,1,100,,238731,7,,,1,100,,238732,7,,,1,100,,238733,7,,,1,199,,238734,7,,,1
1901,'20261003',654,,238735,7,,,1,101,,238736,7,,,1,100,,238737,7,,,1,100,,238738,7,,,1,100,,238739,7,,,1,101,,238740,7,,,1,100,,238741,7,,,1,70,,238742,7,,,1,30,,238743,7,,,1,70,,238744,7,,,1,30,,238745,7,,,1,70,,238746,7,,,1,30,,238747,7,,,1,69,,238748,7,,,1,30,,238749,7,,,1,70,,238750,7,,,1,30,,238751,7,,,1,100,,238752,7,,,1,100,,238753,7,,,1,99,,238754,7,,,1,100,,238755,7,,,1,200,,238756,7,,,1
1901,'20261004',654,,238757,7,,,1,101,,238758,7,,,1,100,,238759,7,,,1,100,,238760,7,,,1,100,,238761,7,,,1,101,,238762,7,,,1,100,,238763,7,,,1,70,,238764,7,,,1,30,,238765,7,,,1,70,,238766,7,,,1,30,,238767,7,,,1,70,,238768,7,,,1,30,,238769,7,,,1,69,,238770,7,,,1,30,,238771,7,,,1,70,,238772,7,,,1,30,,238773,7,,,1,100,,238774,7,,,1,100,,238775,7,,,1,99,,238776,7,,,1,100,,238777,7,,,1,200,,238778,7,,,1
1901,'20261005',615,,238779,7,,,1,15,,238780,7,,,1,15,,238781,7,,,1,55,,238782,7,,,1,10,,238783,7,,,1,10,,238784,7,,,1,10,,238785,7,,,1,10,,238786,7,,,1,15,,238787,7,,,1,55,,238788,7,,,1,20,,238789,7,,,1,70,,238790,7,,,1,30,,238791,7,,,1,70,,238792,7,,,1,30,,238793,7,,,1,25,,238794,7,,,1,100,,238795,7,,,1,100,,238796,7,,,1,100,,238797,7,,,1,100,,238798,7,,,1,70,,238799,7,,,1,20,,238800,7,,,1,60,,238801,7,,,1,15,,238802,7,,,1,15,,238803,7,,,1,15,,238804,7,,,1,55,,238805,7,,,1,20,,238806,7,,,1,25,,238807,7,,,1,60,,238808,7,,,1,20,,238809,7,,,1,25,,238810,7,,,1,100,,238811,7,,,1,100,,238812,7,,,1,100,,238813,7,,,1,199,,238814,7,,,1
1901,'20261006',615,,238815,7,,,1,15,,238816,7,,,1,15,,238817,7,,,1,55,,238818,7,,,1,10,,238819,7,,,1,10,,238820,7,,,1,10,,238821,7,,,1,10,,238822,7,,,1,15,,238823,7,,,1,55,,238824,7,,,1,20,,238825,7,,,1,70,,238826,7,,,1,30,,238827,7,,,1,70,,238828,7,,,1,30,,238829,7,,,1,25,,238830,7,,,1,100,,238831,7,,,1,100,,238832,7,,,1,100,,238833,7,,,1,100,,238834,7,,,1,70,,238835,7,,,1,20,,238836,7,,,1,60,,238837,7,,,1,15,,238838,7,,,1,15,,238839,7,,,1,15,,238840,7,,,1,55,,238841,7,,,1,20,,238842,7,,,1,25,,238843,7,,,1,60,,238844,7,,,1,20,,238845,7,,,1,25,,238846,7,,,1,100,,238847,7,,,1,100,,238848,7,,,1,100,,238849,7,,,1,199,,238850,7,,,1
1901,'20261007',615,,238851,7,,,1,15,,238852,7,,,1,15,,238853,7,,,1,55,,238854,7,,,1,10,,238855,7,,,1,10,,238856,7,,,1,10,,238857,7,,,1,10,,238858,7,,,1,15,,238859,7,,,1,55,,238860,7,,,1,20,,238861,7,,,1,70,,238862,7,,,1,30,,238863,7,,,1,70,,238864,7,,,1,30,,238865,7,,,1,25,,238866,7,,,1,100,,238867,7,,,1,100,,238868,7,,,1,100,,238869,7,,,1,100,,238870,7,,,1,70,,238871,7,,,1,20,,238872,7,,,1,60,,238873,7,,,1,15,,238874,7,,,1,15,,238875,7,,,1,15,,238876,7,,,1,55,,238877,7,,,1,20,,238878,7,,,1,25,,238879,7,,,1,60,,238880,7,,,1,20,,238881,7,,,1,25,,238882,7,,,1,100,,238883,7,,,1,100,,238884,7,,,1,100,,238885,7,,,1,199,,238886,7,,,1
1901,'20261008',615,,238887,7,,,1,15,,238888,7,,,1,15,,238889,7,,,1,55,,238890,7,,,1,10,,238891,7,,,1,10,,238892,7,,,1,10,,238893,7,,,1,10,,238894,7,,,1,15,,238895,7,,,1,55,,238896,7,,,1,20,,238897,7,,,1,70,,238898,7,,,1,30,,238899,7,,,1,70,,238900,7,,,1,30,,238901,7,,,1,25,,238902,7,,,1,100,,238903,7,,,1,100,,238904,7,,,1,100,,238905,7,,,1,100,,238906,7,,,1,70,,238907,7,,,1,20,,238908,7,,,1,60,,238909,7,,,1,15,,238910,7,,,1,15,,238911,7,,,1,15,,238912,7,,,1,55,,238913,7,,,1,20,,238914,7,,,1,25,,238915,7,,,1,60,,238916,7,,,1,20,,238917,7,,,1,25,,238918,7,,,1,100,,238919,7,,,1,100,,238920,7,,,1,100,,238921,7,,,1,199,,238922,7,,,1
1901,'20261009',615,,238923,7,,,1,15,,238924,7,,,1,15,,238925,7,,,1,55,,238926,7,,,1,10,,238927,7,,,1,10,,238928,7,,,1,10,,238929,7,,,1,10,,238930,7,,,1,15,,238931,7,,,1,55,,238932,7,,,1,20,,238933,7,,,1,70,,238934,7,,,1,30,,238935,7,,,1,70,,238936,7,,,1,30,,238937,7,,,1,25,,238938,7,,,1,100,,238939,7,,,1,100,,238940,7,,,1,100,,238941,7,,,1,100,,238942,7,,,1,70,,238943,7,,,1,20,,238944,7,,,1,60,,238945,7,,,1,15,,238946,7,,,1,15,,238947,7,,,1,15,,238948,7,,,1,55,,238949,7,,,1,20,,238950,7,,,1,25,,238951,7,,,1,60,,238952,7,,,1,20,,238953,7,,,1,25,,238954,7,,,1,100,,238955,7,,,1,100,,238956,7,,,1,100,,238957,7,,,1,199,,238958,7,,,1
1901,'20261010',654,,238959,7,,,1,101,,238960,7,,,1,100,,238961,7,,,1,100,,238962,7,,,1,100,,238963,7,,,1,101,,238964,7,,,1,100,,238965,7,,,1,70,,238966,7,,,1,30,,238967,7,,,1,70,,238968,7,,,1,30,,238969,7,,,1,70,,238970,7,,,1,30,,238971,7,,,1,69,,238972,7,,,1,30,,238973,7,,,1,70,,238974,7,,,1,30,,238975,7,,,1,100,,238976,7,,,1,100,,238977,7,,,1,99,,238978,7,,,1,100,,238979,7,,,1,200,,238980,7,,,1
1901,'20261011',654,,238981,7,,,1,101,,238982,7,,,1,100,,238983,7,,,1,100,,238984,7,,,1,100,,238985,7,,,1,101,,238986,7,,,1,100,,238987,7,,,1,70,,238988,7,,,1,30,,238989,7,,,1,70,,238990,7,,,1,30,,238991,7,,,1,70,,238992,7,,,1,30,,238993,7,,,1,69,,238994,7,,,1,30,,238995,7,,,1,70,,238996,7,,,1,30,,238997,7,,,1,100,,238998,7,,,1,100,,238999,7,,,1,99,,239000,7,,,1,100,,239001,7,,,1,200,,239002,7,,,1
1901,'20261012',654,,239003,7,,,1,101,,239004,7,,,1,100,,239005,7,,,1,100,,239006,7,,,1,100,,239007,7,,,1,101,,239008,7,,,1,100,,239009,7,,,1,70,,239010,7,,,1,30,,239011,7,,,1,70,,239012,7,,,1,30,,239013,7,,,1,70,,239014,7,,,1,30,,239015,7,,,1,69,,239016,7,,,1,30,,239017,7,,,1,70,,239018,7,,,1,30,,239019,7,,,1,100,,239020,7,,,1,100,,239021,7,,,1,99,,239022,7,,,1,100,,239023,7,,,1,200,,239024,7,,,1
1901,'20261013',615,,239025,7,,,1,15,,239026,7,,,1,15,,239027,7,,,1,55,,239028,7,,,1,10,,239029,7,,,1,10,,239030,7,,,1,10,,239031,7,,,1,10,,239032,7,,,1,15,,239033,7,,,1,55,,239034,7,,,1,20,,239035,7,,,1,70,,239036,7,,,1,30,,239037,7,,,1,70,,239038,7,,,1,30,,239039,7,,,1,25,,239040,7,,,1,100,,239041,7,,,1,100,,239042,7,,,1,100,,239043,7,,,1,100,,239044,7,,,1,70,,239045,7,,,1,20,,239046,7,,,1,60,,239047,7,,,1,15,,239048,7,,,1,15,,239049,7,,,1,15,,239050,7,,,1,55,,239051,7,,,1,20,,239052,7,,,1,25,,239053,7,,,1,60,,239054,7,,,1,20,,239055,7,,,1,25,,239056,7,,,1,100,,239057,7,,,1,100,,239058,7,,,1,100,,239059,7,,,1,199,,239060,7,,,1
1901,'20261014',615,,239061,7,,,1,15,,239062,7,,,1,15,,239063,7,,,1,55,,239064,7,,,1,10,,239065,7,,,1,10,,239066,7,,,1,10,,239067,7,,,1,10,,239068,7,,,1,15,,239069,7,,,1,55,,239070,7,,,1,20,,239071,7,,,1,70,,239072,7,,,1,30,,239073,7,,,1,70,,239074,7,,,1,30,,239075,7,,,1,25,,239076,7,,,1,100,,239077,7,,,1,100,,239078,7,,,1,100,,239079,7,,,1,100,,239080,7,,,1,70,,239081,7,,,1,20,,239082,7,,,1,60,,239083,7,,,1,15,,239084,7,,,1,15,,239085,7,,,1,15,,239086,7,,,1,55,,239087,7,,,1,20,,239088,7,,,1,25,,239089,7,,,1,60,,239090,7,,,1,20,,239091,7,,,1,25,,239092,7,,,1,100,,239093,7,,,1,100,,239094,7,,,1,100,,239095,7,,,1,199,,239096,7,,,1
1901,'20261015',615,,239097,7,,,1,15,,239098,7,,,1,15,,239099,7,,,1,55,,239100,7,,,1,10,,239101,7,,,1,10,,239102,7,,,1,10,,239103,7,,,1,10,,239104,7,,,1,15,,239105,7,,,1,55,,239106,7,,,1,20,,239107,7,,,1,70,,239108,7,,,1,30,,239109,7,,,1,70,,239110,7,,,1,30,,239111,7,,,1,25,,239112,7,,,1,100,,239113,7,,,1,100,,239114,7,,,1,100,,239115,7,,,1,100,,239116,7,,,1,70,,239117,7,,,1,20,,239118,7,,,1,60,,239119,7,,,1,15,,239120,7,,,1,15,,239121,7,,,1,15,,239122,7,,,1,55,,239123,7,,,1,20,,239124,7,,,1,25,,239125,7,,,1,60,,239126,7,,,1,20,,239127,7,,,1,25,,239128,7,,,1,100,,239129,7,,,1,100,,239130,7,,,1,100,,239131,7,,,1,199,,239132,7,,,1
1901,'20261016',615,,239133,7,,,1,15,,239134,7,,,1,15,,239135,7,,,1,55,,239136,7,,,1,10,,239137,7,,,1,10,,239138,7,,,1,10,,239139,7,,,1,10,,239140,7,,,1,15,,239141,7,,,1,55,,239142,7,,,1,20,,239143,7,,,1,70,,239144,7,,,1,30,,239145,7,,,1,70,,239146,7,,,1,30,,239147,7,,,1,25,,239148,7,,,1,100,,239149,7,,,1,100,,239150,7,,,1,100,,239151,7,,,1,100,,239152,7,,,1,70,,239153,7,,,1,20,,239154,7,,,1,60,,239155,7,,,1,15,,239156,7,,,1,15,,239157,7,,,1,15,,239158,7,,,1,55,,239159,7,,,1,20,,239160,7,,,1,25,,239161,7,,,1,60,,239162,7,,,1,20,,239163,7,,,1,25,,239164,7,,,1,100,,239165,7,,,1,100,,239166,7,,,1,100,,239167,7,,,1,199,,239168,7,,,1
1901,'20261017',654,,239169,7,,,1,101,,239170,7,,,1,100,,239171,7,,,1,100,,239172,7,,,1,100,,239173,7,,,1,101,,239174,7,,,1,100,,239175,7,,,1,70,,239176,7,,,1,30,,239177,7,,,1,70,,239178,7,,,1,30,,239179,7,,,1,70,,239180,7,,,1,30,,239181,7,,,1,69,,239182,7,,,1,30,,239183,7,,,1,70,,239184,7,,,1,30,,239185,7,,,1,100,,239186,7,,,1,100,,239187,7,,,1,99,,239188,7,,,1,100,,239189,7,,,1,200,,239190,7,,,1
1901,'20261018',654,,239191,7,,,1,101,,239192,7,,,1,100,,239193,7,,,1,100,,239194,7,,,1,100,,239195,7,,,1,101,,239196,7,,,1,100,,239197,7,,,1,70,,239198,7,,,1,30,,239199,7,,,1,70,,239200,7,,,1,30,,239201,7,,,1,70,,239202,7,,,1,30,,239203,7,,,1,69,,239204,7,,,1,30,,239205,7,,,1,70,,239206,7,,,1,30,,239207,7,,,1,100,,239208,7,,,1,100,,239209,7,,,1,99,,239210,7,,,1,100,,239211,7,,,1,200,,239212,7,,,1
1901,'20261019',615,,239213,7,,,1,15,,239214,7,,,1,15,,239215,7,,,1,55,,239216,7,,,1,10,,239217,7,,,1,10,,239218,7,,,1,10,,239219,7,,,1,10,,239220,7,,,1,15,,239221,7,,,1,55,,239222,7,,,1,20,,239223,7,,,1,70,,239224,7,,,1,30,,239225,7,,,1,70,,239226,7,,,1,30,,239227,7,,,1,25,,239228,7,,,1,100,,239229,7,,,1,100,,239230,7,,,1,100,,239231,7,,,1,100,,239232,7,,,1,70,,239233,7,,,1,20,,239234,7,,,1,60,,239235,7,,,1,15,,239236,7,,,1,15,,239237,7,,,1,15,,239238,7,,,1,55,,239239,7,,,1,20,,239240,7,,,1,25,,239241,7,,,1,60,,239242,7,,,1,20,,239243,7,,,1,25,,239244,7,,,1,100,,239245,7,,,1,100,,239246,7,,,1,100,,239247,7,,,1,199,,239248,7,,,1
1901,'20261020',615,,239249,7,,,1,15,,239250,7,,,1,15,,239251,7,,,1,55,,239252,7,,,1,10,,239253,7,,,1,10,,239254,7,,,1,10,,239255,7,,,1,10,,239256,7,,,1,15,,239257,7,,,1,55,,239258,7,,,1,20,,239259,7,,,1,70,,239260,7,,,1,30,,239261,7,,,1,70,,239262,7,,,1,30,,239263,7,,,1,25,,239264,7,,,1,100,,239265,7,,,1,100,,239266,7,,,1,100,,239267,7,,,1,100,,239268,7,,,1,70,,239269,7,,,1,20,,239270,7,,,1,60,,239271,7,,,1,15,,239272,7,,,1,15,,239273,7,,,1,15,,239274,7,,,1,55,,239275,7,,,1,20,,239276,7,,,1,25,,239277,7,,,1,60,,239278,7,,,1,20,,239279,7,,,1,25,,239280,7,,,1,100,,239281,7,,,1,100,,239282,7,,,1,100,,239283,7,,,1,199,,239284,7,,,1
1901,'20261021',615,,239285,7,,,1,15,,239286,7,,,1,15,,239287,7,,,1,55,,239288,7,,,1,10,,239289,7,,,1,10,,239290,7,,,1,10,,239291,7,,,1,10,,239292,7,,,1,15,,239293,7,,,1,55,,239294,7,,,1,20,,239295,7,,,1,70,,239296,7,,,1,30,,239297,7,,,1,70,,239298,7,,,1,30,,239299,7,,,1,25,,239300,7,,,1,100,,239301,7,,,1,100,,239302,7,,,1,100,,239303,7,,,1,100,,239304,7,,,1,70,,239305,7,,,1,20,,239306,7,,,1,60,,239307,7,,,1,15,,239308,7,,,1,15,,239309,7,,,1,15,,239310,7,,,1,55,,239311,7,,,1,20,,239312,7,,,1,25,,239313,7,,,1,60,,239314,7,,,1,20,,239315,7,,,1,25,,239316,7,,,1,100,,239317,7,,,1,100,,239318,7,,,1,100,,239319,7,,,1,199,,239320,7,,,1
1901,'20261022',615,,239321,7,,,1,15,,239322,7,,,1,15,,239323,7,,,1,55,,239324,7,,,1,10,,239325,7,,,1,10,,239326,7,,,1,10,,239327,7,,,1,10,,239328,7,,,1,15,,239329,7,,,1,55,,239330,7,,,1,20,,239331,7,,,1,70,,239332,7,,,1,30,,239333,7,,,1,70,,239334,7,,,1,30,,239335,7,,,1,25,,239336,7,,,1,100,,239337,7,,,1,100,,239338,7,,,1,100,,239339,7,,,1,100,,239340,7,,,1,70,,239341,7,,,1,20,,239342,7,,,1,60,,239343,7,,,1,15,,239344,7,,,1,15,,239345,7,,,1,15,,239346,7,,,1,55,,239347,7,,,1,20,,239348,7,,,1,25,,239349,7,,,1,60,,239350,7,,,1,20,,239351,7,,,1,25,,239352,7,,,1,100,,239353,7,,,1,100,,239354,7,,,1,100,,239355,7,,,1,199,,239356,7,,,1
1901,'20261023',615,,239357,7,,,1,15,,239358,7,,,1,15,,239359,7,,,1,55,,239360,7,,,1,10,,239361,7,,,1,10,,239362,7,,,1,10,,239363,7,,,1,10,,239364,7,,,1,15,,239365,7,,,1,55,,239366,7,,,1,20,,239367,7,,,1,70,,239368,7,,,1,30,,239369,7,,,1,70,,239370,7,,,1,30,,239371,7,,,1,25,,239372,7,,,1,100,,239373,7,,,1,100,,239374,7,,,1,100,,239375,7,,,1,100,,239376,7,,,1,70,,239377,7,,,1,20,,239378,7,,,1,60,,239379,7,,,1,15,,239380,7,,,1,15,,239381,7,,,1,15,,239382,7,,,1,55,,239383,7,,,1,20,,239384,7,,,1,25,,239385,7,,,1,60,,239386,7,,,1,20,,239387,7,,,1,25,,239388,7,,,1,100,,239389,7,,,1,100,,239390,7,,,1,100,,239391,7,,,1,199,,239392,7,,,1
1901,'20261024',654,,239393,7,,,1,101,,239394,7,,,1,100,,239395,7,,,1,100,,239396,7,,,1,100,,239397,7,,,1,101,,239398,7,,,1,100,,239399,7,,,1,70,,239400,7,,,1,30,,239401,7,,,1,70,,239402,7,,,1,30,,239403,7,,,1,70,,239404,7,,,1,30,,239405,7,,,1,69,,239406,7,,,1,30,,239407,7,,,1,70,,239408,7,,,1,30,,239409,7,,,1,100,,239410,7,,,1,100,,239411,7,,,1,99,,239412,7,,,1,100,,239413,7,,,1,200,,239414,7,,,1
1901,'20261025',654,,239415,7,,,1,101,,239416,7,,,1,100,,239417,7,,,1,100,,239418,7,,,1,100,,239419,7,,,1,101,,239420,7,,,1,100,,239421,7,,,1,70,,239422,7,,,1,30,,239423,7,,,1,70,,239424,7,,,1,30,,239425,7,,,1,70,,239426,7,,,1,30,,239427,7,,,1,69,,239428,7,,,1,30,,239429,7,,,1,70,,239430,7,,,1,30,,239431,7,,,1,100,,239432,7,,,1,100,,239433,7,,,1,99,,239434,7,,,1,100,,239435,7,,,1,200,,239436,7,,,1
1901,'20261026',615,,239437,7,,,1,15,,239438,7,,,1,15,,239439,7,,,1,55,,239440,7,,,1,10,,239441,7,,,1,10,,239442,7,,,1,10,,239443,7,,,1,10,,239444,7,,,1,15,,239445,7,,,1,55,,239446,7,,,1,20,,239447,7,,,1,70,,239448,7,,,1,30,,239449,7,,,1,70,,239450,7,,,1,30,,239451,7,,,1,25,,239452,7,,,1,100,,239453,7,,,1,100,,239454,7,,,1,100,,239455,7,,,1,100,,239456,7,,,1,70,,239457,7,,,1,20,,239458,7,,,1,60,,239459,7,,,1,15,,239460,7,,,1,15,,239461,7,,,1,15,,239462,7,,,1,55,,239463,7,,,1,20,,239464,7,,,1,25,,239465,7,,,1,60,,239466,7,,,1,20,,239467,7,,,1,25,,239468,7,,,1,100,,239469,7,,,1,100,,239470,7,,,1,100,,239471,7,,,1,199,,239472,7,,,1
1901,'20261027',615,,239473,7,,,1,15,,239474,7,,,1,15,,239475,7,,,1,55,,239476,7,,,1,10,,239477,7,,,1,10,,239478,7,,,1,10,,239479,7,,,1,10,,239480,7,,,1,15,,239481,7,,,1,55,,239482,7,,,1,20,,239483,7,,,1,70,,239484,7,,,1,30,,239485,7,,,1,70,,239486,7,,,1,30,,239487,7,,,1,25,,239488,7,,,1,100,,239489,7,,,1,100,,239490,7,,,1,100,,239491,7,,,1,100,,239492,7,,,1,70,,239493,7,,,1,20,,239494,7,,,1,60,,239495,7,,,1,15,,239496,7,,,1,15,,239497,7,,,1,15,,239498,7,,,1,55,,239499,7,,,1,20,,239500,7,,,1,25,,239501,7,,,1,60,,239502,7,,,1,20,,239503,7,,,1,25,,239504,7,,,1,100,,239505,7,,,1,100,,239506,7,,,1,100,,239507,7,,,1,199,,239508,7,,,1
1901,'20261028',615,,239509,7,,,1,15,,239510,7,,,1,15,,239511,7,,,1,55,,239512,7,,,1,10,,239513,7,,,1,10,,239514,7,,,1,10,,239515,7,,,1,10,,239516,7,,,1,15,,239517,7,,,1,55,,239518,7,,,1,20,,239519,7,,,1,70,,239520,7,,,1,30,,239521,7,,,1,70,,239522,7,,,1,30,,239523,7,,,1,25,,239524,7,,,1,100,,239525,7,,,1,100,,239526,7,,,1,100,,239527,7,,,1,100,,239528,7,,,1,70,,239529,7,,,1,20,,239530,7,,,1,60,,239531,7,,,1,15,,239532,7,,,1,15,,239533,7,,,1,15,,239534,7,,,1,55,,239535,7,,,1,20,,239536,7,,,1,25,,239537,7,,,1,60,,239538,7,,,1,20,,239539,7,,,1,25,,239540,7,,,1,100,,239541,7,,,1,100,,239542,7,,,1,100,,239543,7,,,1,199,,239544,7,,,1
1901,'20261029',615,,239545,7,,,1,15,,239546,7,,,1,15,,239547,7,,,1,55,,239548,7,,,1,10,,239549,7,,,1,10,,239550,7,,,1,10,,239551,7,,,1,10,,239552,7,,,1,15,,239553,7,,,1,55,,239554,7,,,1,20,,239555,7,,,1,70,,239556,7,,,1,30,,239557,7,,,1,70,,239558,7,,,1,30,,239559,7,,,1,25,,239560,7,,,1,100,,239561,7,,,1,100,,239562,7,,,1,100,,239563,7,,,1,100,,239564,7,,,1,70,,239565,7,,,1,20,,239566,7,,,1,60,,239567,7,,,1,15,,239568,7,,,1,15,,239569,7,,,1,15,,239570,7,,,1,55,,239571,7,,,1,20,,239572,7,,,1,25,,239573,7,,,1,60,,239574,7,,,1,20,,239575,7,,,1,25,,239576,7,,,1,100,,239577,7,,,1,100,,239578,7,,,1,100,,239579,7,,,1,199,,239580,7,,,1
1901,'20261030',615,,239581,7,,,1,15,,239582,7,,,1,15,,239583,7,,,1,55,,239584,7,,,1,10,,239585,7,,,1,10,,239586,7,,,1,10,,239587,7,,,1,10,,239588,7,,,1,15,,239589,7,,,1,55,,239590,7,,,1,20,,239591,7,,,1,70,,239592,7,,,1,30,,239593,7,,,1,70,,239594,7,,,1,30,,239595,7,,,1,25,,239596,7,,,1,100,,239597,7,,,1,100,,239598,7,,,1,100,,239599,7,,,1,100,,239600,7,,,1,70,,239601,7,,,1,20,,239602,7,,,1,60,,239603,7,,,1,15,,239604,7,,,1,15,,239605,7,,,1,15,,239606,7,,,1,55,,239607,7,,,1,20,,239608,7,,,1,25,,239609,7,,,1,60,,239610,7,,,1,20,,239611,7,,,1,25,,239612,7,,,1,100,,239613,7,,,1,100,,239614,7,,,1,100,,239615,7,,,1,199,,239616,7,,,1
1901,'20261031',654,,239617,7,,,1,101,,239618,7,,,1,100,,239619,7,,,1,100,,239620,7,,,1,100,,239621,7,,,1,101,,239622,7,,,1,100,,239623,7,,,1,70,,239624,7,,,1,30,,239625,7,,,1,70,,239626,7,,,1,30,,239627,7,,,1,70,,239628,7,,,1,30,,239629,7,,,1,69,,239630,7,,,1,30,,239631,7,,,1,70,,239632,7,,,1,30,,239633,7,,,1,100,,239634,7,,,1,100,,239635,7,,,1,99,,239636,7,,,1,100,,239637,7,,,1,200,,239638,7,,,1
1901,'20261101',654,,239639,7,,,1,101,,239640,7,,,1,100,,239641,7,,,1,100,,239642,7,,,1,100,,239643,7,,,1,101,,239644,7,,,1,100,,239645,7,,,1,70,,239646,7,,,1,30,,239647,7,,,1,70,,239648,7,,,1,30,,239649,7,,,1,70,,239650,7,,,1,30,,239651,7,,,1,69,,239652,7,,,1,30,,239653,7,,,1,70,,239654,7,,,1,30,,239655,7,,,1,100,,239656,7,,,1,100,,239657,7,,,1,99,,239658,7,,,1,100,,239659,7,,,1,200,,239660,7,,,1
1901,'20261102',615,,239661,7,,,1,15,,239662,7,,,1,15,,239663,7,,,1,55,,239664,7,,,1,10,,239665,7,,,1,10,,239666,7,,,1,10,,239667,7,,,1,10,,239668,7,,,1,15,,239669,7,,,1,55,,239670,7,,,1,20,,239671,7,,,1,70,,239672,7,,,1,30,,239673,7,,,1,70,,239674,7,,,1,30,,239675,7,,,1,25,,239676,7,,,1,100,,239677,7,,,1,100,,239678,7,,,1,100,,239679,7,,,1,100,,239680,7,,,1,70,,239681,7,,,1,20,,239682,7,,,1,60,,239683,7,,,1,15,,239684,7,,,1,15,,239685,7,,,1,15,,239686,7,,,1,55,,239687,7,,,1,20,,239688,7,,,1,25,,239689,7,,,1,60,,239690,7,,,1,20,,239691,7,,,1,25,,239692,7,,,1,100,,239693,7,,,1,100,,239694,7,,,1,100,,239695,7,,,1,199,,239696,7,,,1
1901,'20261103',615,,239697,7,,,1,15,,239698,7,,,1,15,,239699,7,,,1,55,,239700,7,,,1,10,,239701,7,,,1,10,,239702,7,,,1,10,,239703,7,,,1,10,,239704,7,,,1,15,,239705,7,,,1,55,,239706,7,,,1,20,,239707,7,,,1,70,,239708,7,,,1,30,,239709,7,,,1,70,,239710,7,,,1,30,,239711,7,,,1,25,,239712,7,,,1,100,,239713,7,,,1,100,,239714,7,,,1,100,,239715,7,,,1,100,,239716,7,,,1,70,,239717,7,,,1,20,,239718,7,,,1,60,,239719,7,,,1,15,,239720,7,,,1,15,,239721,7,,,1,15,,239722,7,,,1,55,,239723,7,,,1,20,,239724,7,,,1,25,,239725,7,,,1,60,,239726,7,,,1,20,,239727,7,,,1,25,,239728,7,,,1,100,,239729,7,,,1,100,,239730,7,,,1,100,,239731,7,,,1,199,,239732,7,,,1
1901,'20261104',615,,239733,7,,,1,15,,239734,7,,,1,15,,239735,7,,,1,55,,239736,7,,,1,10,,239737,7,,,1,10,,239738,7,,,1,10,,239739,7,,,1,10,,239740,7,,,1,15,,239741,7,,,1,55,,239742,7,,,1,20,,239743,7,,,1,70,,239744,7,,,1,30,,239745,7,,,1,70,,239746,7,,,1,30,,239747,7,,,1,25,,239748,7,,,1,100,,239749,7,,,1,100,,239750,7,,,1,100,,239751,7,,,1,100,,239752,7,,,1,70,,239753,7,,,1,20,,239754,7,,,1,60,,239755,7,,,1,15,,239756,7,,,1,15,,239757,7,,,1,15,,239758,7,,,1,55,,239759,7,,,1,20,,239760,7,,,1,25,,239761,7,,,1,60,,239762,7,,,1,20,,239763,7,,,1,25,,239764,7,,,1,100,,239765,7,,,1,100,,239766,7,,,1,100,,239767,7,,,1,199,,239768,7,,,1
1901,'20261105',615,,239769,7,,,1,15,,239770,7,,,1,15,,239771,7,,,1,55,,239772,7,,,1,10,,239773,7,,,1,10,,239774,7,,,1,10,,239775,7,,,1,10,,239776,7,,,1,15,,239777,7,,,1,55,,239778,7,,,1,20,,239779,7,,,1,70,,239780,7,,,1,30,,239781,7,,,1,70,,239782,7,,,1,30,,239783,7,,,1,25,,239784,7,,,1,100,,239785,7,,,1,100,,239786,7,,,1,100,,239787,7,,,1,100,,239788,7,,,1,70,,239789,7,,,1,20,,239790,7,,,1,60,,239791,7,,,1,15,,239792,7,,,1,15,,239793,7,,,1,15,,239794,7,,,1,55,,239795,7,,,1,20,,239796,7,,,1,25,,239797,7,,,1,60,,239798,7,,,1,20,,239799,7,,,1,25,,239800,7,,,1,100,,239801,7,,,1,100,,239802,7,,,1,100,,239803,7,,,1,199,,239804,7,,,1
1901,'20261106',615,,239805,7,,,1,15,,239806,7,,,1,15,,239807,7,,,1,55,,239808,7,,,1,10,,239809,7,,,1,10,,239810,7,,,1,10,,239811,7,,,1,10,,239812,7,,,1,15,,239813,7,,,1,55,,239814,7,,,1,20,,239815,7,,,1,70,,239816,7,,,1,30,,239817,7,,,1,70,,239818,7,,,1,30,,239819,7,,,1,25,,239820,7,,,1,100,,239821,7,,,1,100,,239822,7,,,1,100,,239823,7,,,1,100,,239824,7,,,1,70,,239825,7,,,1,20,,239826,7,,,1,60,,239827,7,,,1,15,,239828,7,,,1,15,,239829,7,,,1,15,,239830,7,,,1,55,,239831,7,,,1,20,,239832,7,,,1,25,,239833,7,,,1,60,,239834,7,,,1,20,,239835,7,,,1,25,,239836,7,,,1,100,,239837,7,,,1,100,,239838,7,,,1,100,,239839,7,,,1,199,,239840,7,,,1
1901,'20261107',654,,239841,7,,,1,101,,239842,7,,,1,100,,239843,7,,,1,100,,239844,7,,,1,100,,239845,7,,,1,101,,239846,7,,,1,100,,239847,7,,,1,70,,239848,7,,,1,30,,239849,7,,,1,70,,239850,7,,,1,30,,239851,7,,,1,70,,239852,7,,,1,30,,239853,7,,,1,69,,239854,7,,,1,30,,239855,7,,,1,70,,239856,7,,,1,30,,239857,7,,,1,100,,239858,7,,,1,100,,239859,7,,,1,99,,239860,7,,,1,100,,239861,7,,,1,200,,239862,7,,,1
1901,'20261108',654,,239863,7,,,1,101,,239864,7,,,1,100,,239865,7,,,1,100,,239866,7,,,1,100,,239867,7,,,1,101,,239868,7,,,1,100,,239869,7,,,1,70,,239870,7,,,1,30,,239871,7,,,1,70,,239872,7,,,1,30,,239873,7,,,1,70,,239874,7,,,1,30,,239875,7,,,1,69,,239876,7,,,1,30,,239877,7,,,1,70,,239878,7,,,1,30,,239879,7,,,1,100,,239880,7,,,1,100,,239881,7,,,1,99,,239882,7,,,1,100,,239883,7,,,1,200,,239884,7,,,1
1901,'20261109',615,,239885,7,,,1,15,,239886,7,,,1,15,,239887,7,,,1,55,,239888,7,,,1,10,,239889,7,,,1,10,,239890,7,,,1,10,,239891,7,,,1,10,,239892,7,,,1,15,,239893,7,,,1,55,,239894,7,,,1,20,,239895,7,,,1,70,,239896,7,,,1,30,,239897,7,,,1,70,,239898,7,,,1,30,,239899,7,,,1,25,,239900,7,,,1,100,,239901,7,,,1,100,,239902,7,,,1,100,,239903,7,,,1,100,,239904,7,,,1,70,,239905,7,,,1,20,,239906,7,,,1,60,,239907,7,,,1,15,,239908,7,,,1,15,,239909,7,,,1,15,,239910,7,,,1,55,,239911,7,,,1,20,,239912,7,,,1,25,,239913,7,,,1,60,,239914,7,,,1,20,,239915,7,,,1,25,,239916,7,,,1,100,,239917,7,,,1,100,,239918,7,,,1,100,,239919,7,,,1,199,,239920,7,,,1
1901,'20261110',615,,239921,7,,,1,15,,239922,7,,,1,15,,239923,7,,,1,55,,239924,7,,,1,10,,239925,7,,,1,10,,239926,7,,,1,10,,239927,7,,,1,10,,239928,7,,,1,15,,239929,7,,,1,55,,239930,7,,,1,20,,239931,7,,,1,70,,239932,7,,,1,30,,239933,7,,,1,70,,239934,7,,,1,30,,239935,7,,,1,25,,239936,7,,,1,100,,239937,7,,,1,100,,239938,7,,,1,100,,239939,7,,,1,100,,239940,7,,,1,70,,239941,7,,,1,20,,239942,7,,,1,60,,239943,7,,,1,15,,239944,7,,,1,15,,239945,7,,,1,15,,239946,7,,,1,55,,239947,7,,,1,20,,239948,7,,,1,25,,239949,7,,,1,60,,239950,7,,,1,20,,239951,7,,,1,25,,239952,7,,,1,100,,239953,7,,,1,100,,239954,7,,,1,100,,239955,7,,,1,199,,239956,7,,,1
1901,'20261111',615,,239957,7,,,1,15,,239958,7,,,1,15,,239959,7,,,1,55,,239960,7,,,1,10,,239961,7,,,1,10,,239962,7,,,1,10,,239963,7,,,1,10,,239964,7,,,1,15,,239965,7,,,1,55,,239966,7,,,1,20,,239967,7,,,1,70,,239968,7,,,1,30,,239969,7,,,1,70,,239970,7,,,1,30,,239971,7,,,1,25,,239972,7,,,1,100,,239973,7,,,1,100,,239974,7,,,1,100,,239975,7,,,1,100,,239976,7,,,1,70,,239977,7,,,1,20,,239978,7,,,1,60,,239979,7,,,1,15,,239980,7,,,1,15,,239981,7,,,1,15,,239982,7,,,1,55,,239983,7,,,1,20,,239984,7,,,1,25,,239985,7,,,1,60,,239986,7,,,1,20,,239987,7,,,1,25,,239988,7,,,1,100,,239989,7,,,1,100,,239990,7,,,1,100,,239991,7,,,1,199,,239992,7,,,1
1901,'20261112',615,,239993,7,,,1,15,,239994,7,,,1,15,,239995,7,,,1,55,,239996,7,,,1,10,,239997,7,,,1,10,,239998,7,,,1,10,,239999,7,,,1,10,,240000,7,,,1,15,,240001,7,,,1,55,,240002,7,,,1,20,,240003,7,,,1,70,,240004,7,,,1,30,,240005,7,,,1,70,,240006,7,,,1,30,,240007,7,,,1,25,,240008,7,,,1,100,,240009,7,,,1,100,,240010,7,,,1,100,,240011,7,,,1,100,,240012,7,,,1,70,,240013,7,,,1,20,,240014,7,,,1,60,,240015,7,,,1,15,,240016,7,,,1,15,,240017,7,,,1,15,,240018,7,,,1,55,,240019,7,,,1,20,,240020,7,,,1,25,,240021,7,,,1,60,,240022,7,,,1,20,,240023,7,,,1,25,,240024,7,,,1,100,,240025,7,,,1,100,,240026,7,,,1,100,,240027,7,,,1,199,,240028,7,,,1
1901,'20261113',615,,240029,7,,,1,15,,240030,7,,,1,15,,240031,7,,,1,55,,240032,7,,,1,10,,240033,7,,,1,10,,240034,7,,,1,10,,240035,7,,,1,10,,240036,7,,,1,15,,240037,7,,,1,55,,240038,7,,,1,20,,240039,7,,,1,70,,240040,7,,,1,30,,240041,7,,,1,70,,240042,7,,,1,30,,240043,7,,,1,25,,240044,7,,,1,100,,240045,7,,,1,100,,240046,7,,,1,100,,240047,7,,,1,100,,240048,7,,,1,70,,240049,7,,,1,20,,240050,7,,,1,60,,240051,7,,,1,15,,240052,7,,,1,15,,240053,7,,,1,15,,240054,7,,,1,55,,240055,7,,,1,20,,240056,7,,,1,25,,240057,7,,,1,60,,240058,7,,,1,20,,240059,7,,,1,25,,240060,7,,,1,100,,240061,7,,,1,100,,240062,7,,,1,100,,240063,7,,,1,199,,240064,7,,,1
1901,'20261114',654,,240065,7,,,1,101,,240066,7,,,1,100,,240067,7,,,1,100,,240068,7,,,1,100,,240069,7,,,1,101,,240070,7,,,1,100,,240071,7,,,1,70,,240072,7,,,1,30,,240073,7,,,1,70,,240074,7,,,1,30,,240075,7,,,1,70,,240076,7,,,1,30,,240077,7,,,1,69,,240078,7,,,1,30,,240079,7,,,1,70,,240080,7,,,1,30,,240081,7,,,1,100,,240082,7,,,1,100,,240083,7,,,1,99,,240084,7,,,1,100,,240085,7,,,1,200,,240086,7,,,1
1901,'20261115',654,,240087,7,,,1,101,,240088,7,,,1,100,,240089,7,,,1,100,,240090,7,,,1,100,,240091,7,,,1,101,,240092,7,,,1,100,,240093,7,,,1,70,,240094,7,,,1,30,,240095,7,,,1,70,,240096,7,,,1,30,,240097,7,,,1,70,,240098,7,,,1,30,,240099,7,,,1,69,,240100,7,,,1,30,,240101,7,,,1,70,,240102,7,,,1,30,,240103,7,,,1,100,,240104,7,,,1,100,,240105,7,,,1,99,,240106,7,,,1,100,,240107,7,,,1,200,,240108,7,,,1
1901,'20261116',615,,240109,7,,,1,15,,240110,7,,,1,15,,240111,7,,,1,55,,240112,7,,,1,10,,240113,7,,,1,10,,240114,7,,,1,10,,240115,7,,,1,10,,240116,7,,,1,15,,240117,7,,,1,55,,240118,7,,,1,20,,240119,7,,,1,70,,240120,7,,,1,30,,240121,7,,,1,70,,240122,7,,,1,30,,240123,7,,,1,25,,240124,7,,,1,100,,240125,7,,,1,100,,240126,7,,,1,100,,240127,7,,,1,100,,240128,7,,,1,70,,240129,7,,,1,20,,240130,7,,,1,60,,240131,7,,,1,15,,240132,7,,,1,15,,240133,7,,,1,15,,240134,7,,,1,55,,240135,7,,,1,20,,240136,7,,,1,25,,240137,7,,,1,60,,240138,7,,,1,20,,240139,7,,,1,25,,240140,7,,,1,100,,240141,7,,,1,100,,240142,7,,,1,100,,240143,7,,,1,199,,240144,7,,,1
1901,'20261117',615,,240145,7,,,1,15,,240146,7,,,1,15,,240147,7,,,1,55,,240148,7,,,1,10,,240149,7,,,1,10,,240150,7,,,1,10,,240151,7,,,1,10,,240152,7,,,1,15,,240153,7,,,1,55,,240154,7,,,1,20,,240155,7,,,1,70,,240156,7,,,1,30,,240157,7,,,1,70,,240158,7,,,1,30,,240159,7,,,1,25,,240160,7,,,1,100,,240161,7,,,1,100,,240162,7,,,1,100,,240163,7,,,1,100,,240164,7,,,1,70,,240165,7,,,1,20,,240166,7,,,1,60,,240167,7,,,1,15,,240168,7,,,1,15,,240169,7,,,1,15,,240170,7,,,1,55,,240171,7,,,1,20,,240172,7,,,1,25,,240173,7,,,1,60,,240174,7,,,1,20,,240175,7,,,1,25,,240176,7,,,1,100,,240177,7,,,1,100,,240178,7,,,1,100,,240179,7,,,1,199,,240180,7,,,1
1901,'20261118',615,,240181,7,,,1,15,,240182,7,,,1,15,,240183,7,,,1,55,,240184,7,,,1,10,,240185,7,,,1,10,,240186,7,,,1,10,,240187,7,,,1,10,,240188,7,,,1,15,,240189,7,,,1,55,,240190,7,,,1,20,,240191,7,,,1,70,,240192,7,,,1,30,,240193,7,,,1,70,,240194,7,,,1,30,,240195,7,,,1,25,,240196,7,,,1,100,,240197,7,,,1,100,,240198,7,,,1,100,,240199,7,,,1,100,,240200,7,,,1,70,,240201,7,,,1,20,,240202,7,,,1,60,,240203,7,,,1,15,,240204,7,,,1,15,,240205,7,,,1,15,,240206,7,,,1,55,,240207,7,,,1,20,,240208,7,,,1,25,,240209,7,,,1,60,,240210,7,,,1,20,,240211,7,,,1,25,,240212,7,,,1,100,,240213,7,,,1,100,,240214,7,,,1,100,,240215,7,,,1,199,,240216,7,,,1
1901,'20261119',615,,240217,7,,,1,15,,240218,7,,,1,15,,240219,7,,,1,55,,240220,7,,,1,10,,240221,7,,,1,10,,240222,7,,,1,10,,240223,7,,,1,10,,240224,7,,,1,15,,240225,7,,,1,55,,240226,7,,,1,20,,240227,7,,,1,70,,240228,7,,,1,30,,240229,7,,,1,70,,240230,7,,,1,30,,240231,7,,,1,25,,240232,7,,,1,100,,240233,7,,,1,100,,240234,7,,,1,100,,240235,7,,,1,100,,240236,7,,,1,70,,240237,7,,,1,20,,240238,7,,,1,60,,240239,7,,,1,15,,240240,7,,,1,15,,240241,7,,,1,15,,240242,7,,,1,55,,240243,7,,,1,20,,240244,7,,,1,25,,240245,7,,,1,60,,240246,7,,,1,20,,240247,7,,,1,25,,240248,7,,,1,100,,240249,7,,,1,100,,240250,7,,,1,100,,240251,7,,,1,199,,240252,7,,,1
1901,'20261120',615,,240253,7,,,1,15,,240254,7,,,1,15,,240255,7,,,1,55,,240256,7,,,1,10,,240257,7,,,1,10,,240258,7,,,1,10,,240259,7,,,1,10,,240260,7,,,1,15,,240261,7,,,1,55,,240262,7,,,1,20,,240263,7,,,1,70,,240264,7,,,1,30,,240265,7,,,1,70,,240266,7,,,1,30,,240267,7,,,1,25,,240268,7,,,1,100,,240269,7,,,1,100,,240270,7,,,1,100,,240271,7,,,1,100,,240272,7,,,1,70,,240273,7,,,1,20,,240274,7,,,1,60,,240275,7,,,1,15,,240276,7,,,1,15,,240277,7,,,1,15,,240278,7,,,1,55,,240279,7,,,1,20,,240280,7,,,1,25,,240281,7,,,1,60,,240282,7,,,1,20,,240283,7,,,1,25,,240284,7,,,1,100,,240285,7,,,1,100,,240286,7,,,1,100,,240287,7,,,1,199,,240288,7,,,1
1901,'20261121',654,,240289,7,,,1,101,,240290,7,,,1,100,,240291,7,,,1,100,,240292,7,,,1,100,,240293,7,,,1,101,,240294,7,,,1,100,,240295,7,,,1,70,,240296,7,,,1,30,,240297,7,,,1,70,,240298,7,,,1,30,,240299,7,,,1,70,,240300,7,,,1,30,,240301,7,,,1,69,,240302,7,,,1,30,,240303,7,,,1,70,,240304,7,,,1,30,,240305,7,,,1,100,,240306,7,,,1,100,,240307,7,,,1,99,,240308,7,,,1,100,,240309,7,,,1,200,,240310,7,,,1
1901,'20261122',654,,240311,7,,,1,101,,240312,7,,,1,100,,240313,7,,,1,100,,240314,7,,,1,100,,240315,7,,,1,101,,240316,7,,,1,100,,240317,7,,,1,70,,240318,7,,,1,30,,240319,7,,,1,70,,240320,7,,,1,30,,240321,7,,,1,70,,240322,7,,,1,30,,240323,7,,,1,69,,240324,7,,,1,30,,240325,7,,,1,70,,240326,7,,,1,30,,240327,7,,,1,100,,240328,7,,,1,100,,240329,7,,,1,99,,240330,7,,,1,100,,240331,7,,,1,200,,240332,7,,,1
1901,'20261123',615,,240333,7,,,1,15,,240334,7,,,1,15,,240335,7,,,1,55,,240336,7,,,1,10,,240337,7,,,1,10,,240338,7,,,1,10,,240339,7,,,1,10,,240340,7,,,1,15,,240341,7,,,1,55,,240342,7,,,1,20,,240343,7,,,1,70,,240344,7,,,1,30,,240345,7,,,1,70,,240346,7,,,1,30,,240347,7,,,1,25,,240348,7,,,1,100,,240349,7,,,1,100,,240350,7,,,1,100,,240351,7,,,1,100,,240352,7,,,1,70,,240353,7,,,1,20,,240354,7,,,1,60,,240355,7,,,1,15,,240356,7,,,1,15,,240357,7,,,1,15,,240358,7,,,1,55,,240359,7,,,1,20,,240360,7,,,1,25,,240361,7,,,1,60,,240362,7,,,1,20,,240363,7,,,1,25,,240364,7,,,1,100,,240365,7,,,1,100,,240366,7,,,1,100,,240367,7,,,1,199,,240368,7,,,1
1901,'20261124',615,,240369,7,,,1,15,,240370,7,,,1,15,,240371,7,,,1,55,,240372,7,,,1,10,,240373,7,,,1,10,,240374,7,,,1,10,,240375,7,,,1,10,,240376,7,,,1,15,,240377,7,,,1,55,,240378,7,,,1,20,,240379,7,,,1,70,,240380,7,,,1,30,,240381,7,,,1,70,,240382,7,,,1,30,,240383,7,,,1,25,,240384,7,,,1,100,,240385,7,,,1,100,,240386,7,,,1,100,,240387,7,,,1,100,,240388,7,,,1,70,,240389,7,,,1,20,,240390,7,,,1,60,,240391,7,,,1,15,,240392,7,,,1,15,,240393,7,,,1,15,,240394,7,,,1,55,,240395,7,,,1,20,,240396,7,,,1,25,,240397,7,,,1,60,,240398,7,,,1,20,,240399,7,,,1,25,,240400,7,,,1,100,,240401,7,,,1,100,,240402,7,,,1,100,,240403,7,,,1,199,,240404,7,,,1
1901,'20261125',615,,240405,7,,,1,15,,240406,7,,,1,15,,240407,7,,,1,55,,240408,7,,,1,10,,240409,7,,,1,10,,240410,7,,,1,10,,240411,7,,,1,10,,240412,7,,,1,15,,240413,7,,,1,55,,240414,7,,,1,20,,240415,7,,,1,70,,240416,7,,,1,30,,240417,7,,,1,70,,240418,7,,,1,30,,240419,7,,,1,25,,240420,7,,,1,100,,240421,7,,,1,100,,240422,7,,,1,100,,240423,7,,,1,100,,240424,7,,,1,70,,240425,7,,,1,20,,240426,7,,,1,60,,240427,7,,,1,15,,240428,7,,,1,15,,240429,7,,,1,15,,240430,7,,,1,55,,240431,7,,,1,20,,240432,7,,,1,25,,240433,7,,,1,60,,240434,7,,,1,20,,240435,7,,,1,25,,240436,7,,,1,100,,240437,7,,,1,100,,240438,7,,,1,100,,240439,7,,,1,199,,240440,7,,,1
1901,'20261126',615,,240441,7,,,1,15,,240442,7,,,1,15,,240443,7,,,1,55,,240444,7,,,1,10,,240445,7,,,1,10,,240446,7,,,1,10,,240447,7,,,1,10,,240448,7,,,1,15,,240449,7,,,1,55,,240450,7,,,1,20,,240451,7,,,1,70,,240452,7,,,1,30,,240453,7,,,1,70,,240454,7,,,1,30,,240455,7,,,1,25,,240456,7,,,1,100,,240457,7,,,1,100,,240458,7,,,1,100,,240459,7,,,1,100,,240460,7,,,1,70,,240461,7,,,1,20,,240462,7,,,1,60,,240463,7,,,1,15,,240464,7,,,1,15,,240465,7,,,1,15,,240466,7,,,1,55,,240467,7,,,1,20,,240468,7,,,1,25,,240469,7,,,1,60,,240470,7,,,1,20,,240471,7,,,1,25,,240472,7,,,1,100,,240473,7,,,1,100,,240474,7,,,1,100,,240475,7,,,1,199,,240476,7,,,1
1901,'20261127',615,,240477,7,,,1,15,,240478,7,,,1,15,,240479,7,,,1,55,,240480,7,,,1,10,,240481,7,,,1,10,,240482,7,,,1,10,,240483,7,,,1,10,,240484,7,,,1,15,,240485,7,,,1,55,,240486,7,,,1,20,,240487,7,,,1,70,,240488,7,,,1,30,,240489,7,,,1,70,,240490,7,,,1,30,,240491,7,,,1,25,,240492,7,,,1,100,,240493,7,,,1,100,,240494,7,,,1,100,,240495,7,,,1,100,,240496,7,,,1,70,,240497,7,,,1,20,,240498,7,,,1,60,,240499,7,,,1,15,,240500,7,,,1,15,,240501,7,,,1,15,,240502,7,,,1,55,,240503,7,,,1,20,,240504,7,,,1,25,,240505,7,,,1,60,,240506,7,,,1,20,,240507,7,,,1,25,,240508,7,,,1,100,,240509,7,,,1,100,,240510,7,,,1,100,,240511,7,,,1,199,,240512,7,,,1
2701,'20260910',534,,256543,7,0,7 8 9,1,101,,256544,7,0,57 8 9,1,20,,256545,7,0,57 8 9,1,60,,256546,7,0,34 10 9,1,10,,256547,7,0,57 8 9,1,10,,256548,7,0,34 10 9,1,10,,256549,7,0,57 8 9,1,55,,256550,7,0,34 10 9,1,15,,256551,7,0,57 8 9,1,30,,256552,7,0,57 8 9,1,80,,256553,7,0,7 8 9,1,100,,256554,7,0,5 10 9,1,100,,256555,7,0,5 10 9,1,95,,256556,7,0,5 10 9,1,100,,256557,7,0,5 10 9,1,105,,256558,7,0,57 8 9,1,76,,256559,7,0,34 10 9,1,30,,256560,7,0,57 8 9,1,70,,256561,7,0,57 8 9,1,30,,256562,7,0,57 8 9,1,84,,256563,7,0,57 8 9,1,30,,256564,7,0,57 8 9,1,70,,256565,7,0,7 8 9,1,30,,256566,7,0,7 8 9,1,75,,256567,7,0,5 10 9,1,100,,256568,7,0,5 10 9,1,100,,256569,7,0,5 10 9,1,100,,256570,7,0,5 10 9,1,199,,256571,7,0,5 10 9,1
2701,'20260911',534,,256572,7,0,7 8 9,1,101,,256573,7,0,57 8 9,1,20,,256574,7,0,57 8 9,1,60,,256575,7,0,34 10 9,1,10,,256576,7,0,57 8 9,1,10,,256577,7,0,34 10 9,1,10,,256578,7,0,57 8 9,1,55,,256579,7,0,34 10 9,1,15,,256580,7,0,57 8 9,1,30,,256581,7,0,57 8 9,1,80,,256582,7,0,7 8 9,1,100,,256583,7,0,5 10 9,1,100,,256584,7,0,5 10 9,1,95,,256585,7,0,5 10 9,1,100,,256586,7,0,5 10 9,1,105,,256587,7,0,57 8 9,1,76,,256588,7,0,34 10 9,1,30,,256589,7,0,57 8 9,1,70,,256590,7,0,57 8 9,1,30,,256591,7,0,57 8 9,1,84,,256592,7,0,57 8 9,1,30,,256593,7,0,57 8 9,1,70,,256594,7,0,7 8 9,1,30,,256595,7,0,7 8 9,1,75,,256596,7,0,5 10 9,1,100,,256597,7,0,5 10 9,1,100,,256598,7,0,5 10 9,1,100,,256599,7,0,5 10 9,1,199,,256600,7,0,5 10 9,1
2701,'20260912',634,,256601,7,0,7 8 9,1,101,,256602,7,0,5 10 9,1,100,,256603,7,0,5 10 9,1,95,,256604,7,0,5 10 9,1,106,,256605,7,0,5 10 9,1,95,,256606,7,0,5 10 9,1,105,,256607,7,0,5 10 9,1,95,,256608,7,0,5 10 9,1,105,,256609,7,0,5 10 9,1,100,,256610,7,0,5 10 9,1,100,,256611,7,0,5 10 9,1,100,,256612,7,0,5 10 9,1,100,,256613,7,0,5 10 9,1,99,,256614,7,0,5 10 9,1,200,,256615,7,0,5 10 9,1,199,,256616,7,0,5 10 9,1
2701,'20260913',634,,256617,7,0,7 8 9,1,101,,256618,7,0,5 10 9,1,100,,256619,7,0,5 10 9,1,95,,256620,7,0,5 10 9,1,106,,256621,7,0,5 10 9,1,95,,256622,7,0,5 10 9,1,105,,256623,7,0,5 10 9,1,95,,256624,7,0,5 10 9,1,105,,256625,7,0,5 10 9,1,100,,256626,7,0,5 10 9,1,100,,256627,7,0,5 10 9,1,100,,256628,7,0,5 10 9,1,100,,256629,7,0,5 10 9,1,99,,256630,7,0,5 10 9,1,200,,256631,7,0,5 10 9,1,199,,256632,7,0,5 10 9,1
2701,'20260914',534,,256633,7,0,7 8 9,1,101,,256634,7,0,57 8 9,1,20,,256635,7,0,57 8 9,1,60,,256636,7,0,34 10 9,1,10,,256637,7,0,57 8 9,1,10,,256638,7,0,34 10 9,1,10,,256639,7,0,57 8 9,1,55,,256640,7,0,34 10 9,1,15,,256641,7,0,57 8 9,1,30,,256642,7,0,57 8 9,1,80,,256643,7,0,7 8 9,1,100,,256644,7,0,5 10 9,1,100,,256645,7,0,5 10 9,1,95,,256646,7,0,5 10 9,1,100,,256647,7,0,5 10 9,1,105,,256648,7,0,57 8 9,1,76,,256649,7,0,34 10 9,1,30,,256650,7,0,57 8 9,1,70,,256651,7,0,57 8 9,1,30,,256652,7,0,57 8 9,1,84,,256653,7,0,57 8 9,1,30,,256654,7,0,57 8 9,1,70,,256655,7,0,7 8 9,1,30,,256656,7,0,7 8 9,1,75,,256657,7,0,5 10 9,1,100,,256658,7,0,5 10 9,1,100,,256659,7,0,5 10 9,1,100,,256660,7,0,5 10 9,1,199,,256661,7,0,5 10 9,1
2701,'20260915',534,,256662,7,0,7 8 9,1,101,,256663,7,0,57 8 9,1,20,,256664,7,0,57 8 9,1,60,,256665,7,0,34 10 9,1,10,,256666,7,0,57 8 9,1,10,,256667,7,0,34 10 9,1,10,,256668,7,0,57 8 9,1,55,,256669,7,0,34 10 9,1,15,,256670,7,0,57 8 9,1,30,,256671,7,0,57 8 9,1,80,,256672,7,0,7 8 9,1,100,,256673,7,0,5 10 9,1,100,,256674,7,0,5 10 9,1,95,,256675,7,0,5 10 9,1,100,,256676,7,0,5 10 9,1,105,,256677,7,0,57 8 9,1,76,,256678,7,0,34 10 9,1,30,,256679,7,0,57 8 9,1,70,,256680,7,0,57 8 9,1,30,,256681,7,0,57 8 9,1,84,,256682,7,0,57 8 9,1,30,,256683,7,0,57 8 9,1,70,,256684,7,0,7 8 9,1,30,,256685,7,0,7 8 9,1,75,,256686,7,0,5 10 9,1,100,,256687,7,0,5 10 9,1,100,,256688,7,0,5 10 9,1,100,,256689,7,0,5 10 9,1,199,,256690,7,0,5 10 9,1
2701,'20260916',534,,256691,7,0,7 8 9,1,101,,256692,7,0,57 8 9,1,20,,256693,7,0,57 8 9,1,60,,256694,7,0,34 10 9,1,10,,256695,7,0,57 8 9,1,10,,256696,7,0,34 10 9,1,10,,256697,7,0,57 8 9,1,55,,256698,7,0,34 10 9,1,15,,256699,7,0,57 8 9,1,30,,256700,7,0,57 8 9,1,80,,256701,7,0,7 8 9,1,100,,256702,7,0,5 10 9,1,100,,256703,7,0,5 10 9,1,95,,256704,7,0,5 10 9,1,100,,256705,7,0,5 10 9,1,105,,256706,7,0,57 8 9,1,76,,256707,7,0,34 10 9,1,30,,256708,7,0,57 8 9,1,70,,256709,7,0,57 8 9,1,30,,256710,7,0,57 8 9,1,84,,256711,7,0,57 8 9,1,30,,256712,7,0,57 8 9,1,70,,256713,7,0,7 8 9,1,30,,256714,7,0,7 8 9,1,75,,256715,7,0,5 10 9,1,100,,256716,7,0,5 10 9,1,100,,256717,7,0,5 10 9,1,100,,256718,7,0,5 10 9,1,199,,256719,7,0,5 10 9,1
2701,'20260917',534,,256720,7,0,7 8 9,1,101,,256721,7,0,57 8 9,1,20,,256722,7,0,57 8 9,1,60,,256723,7,0,34 10 9,1,10,,256724,7,0,57 8 9,1,10,,256725,7,0,34 10 9,1,10,,256726,7,0,57 8 9,1,55,,256727,7,0,34 10 9,1,15,,256728,7,0,57 8 9,1,30,,256729,7,0,57 8 9,1,80,,256730,7,0,7 8 9,1,100,,256731,7,0,5 10 9,1,100,,256732,7,0,5 10 9,1,95,,256733,7,0,5 10 9,1,100,,256734,7,0,5 10 9,1,105,,256735,7,0,57 8 9,1,76,,256736,7,0,34 10 9,1,30,,256737,7,0,57 8 9,1,70,,256738,7,0,57 8 9,1,30,,256739,7,0,57 8 9,1,84,,256740,7,0,57 8 9,1,30,,256741,7,0,57 8 9,1,70,,256742,7,0,7 8 9,1,30,,256743,7,0,7 8 9,1,75,,256744,7,0,5 10 9,1,100,,256745,7,0,5 10 9,1,100,,256746,7,0,5 10 9,1,100,,256747,7,0,5 10 9,1,199,,256748,7,0,5 10 9,1
2701,'20260918',534,,256749,7,0,7 8 9,1,101,,256750,7,0,57 8 9,1,20,,256751,7,0,57 8 9,1,60,,256752,7,0,34 10 9,1,10,,256753,7,0,57 8 9,1,10,,256754,7,0,34 10 9,1,10,,256755,7,0,57 8 9,1,55,,256756,7,0,34 10 9,1,15,,256757,7,0,57 8 9,1,30,,256758,7,0,57 8 9,1,80,,256759,7,0,7 8 9,1,100,,256760,7,0,5 10 9,1,100,,256761,7,0,5 10 9,1,95,,256762,7,0,5 10 9,1,100,,256763,7,0,5 10 9,1,105,,256764,7,0,57 8 9,1,76,,256765,7,0,34 10 9,1,30,,256766,7,0,57 8 9,1,70,,256767,7,0,57 8 9,1,30,,256768,7,0,57 8 9,1,84,,256769,7,0,57 8 9,1,30,,256770,7,0,57 8 9,1,70,,256771,7,0,7 8 9,1,30,,256772,7,0,7 8 9,1,75,,256773,7,0,5 10 9,1,100,,256774,7,0,5 10 9,1,100,,256775,7,0,5 10 9,1,100,,256776,7,0,5 10 9,1,199,,256777,7,0,5 10 9,1
2701,'20260919',634,,256778,7,0,7 8 9,1,101,,256779,7,0,5 10 9,1,100,,256780,7,0,5 10 9,1,95,,256781,7,0,5 10 9,1,106,,256782,7,0,5 10 9,1,95,,256783,7,0,5 10 9,1,105,,256784,7,0,5 10 9,1,95,,256785,7,0,5 10 9,1,105,,256786,7,0,5 10 9,1,100,,256787,7,0,5 10 9,1,100,,256788,7,0,5 10 9,1,100,,256789,7,0,5 10 9,1,100,,256790,7,0,5 10 9,1,99,,256791,7,0,5 10 9,1,200,,256792,7,0,5 10 9,1,199,,256793,7,0,5 10 9,1
2701,'20260920',634,,256794,7,0,7 8 9,1,101,,256795,7,0,5 10 9,1,100,,256796,7,0,5 10 9,1,95,,256797,7,0,5 10 9,1,106,,256798,7,0,5 10 9,1,95,,256799,7,0,5 10 9,1,105,,256800,7,0,5 10 9,1,95,,256801,7,0,5 10 9,1,105,,256802,7,0,5 10 9,1,100,,256803,7,0,5 10 9,1,100,,256804,7,0,5 10 9,1,100,,256805,7,0,5 10 9,1,100,,256806,7,0,5 10 9,1,99,,256807,7,0,5 10 9,1,200,,256808,7,0,5 10 9,1,199,,256809,7,0,5 10 9,1
2701,'20260921',534,,256810,7,0,7 8 9,1,101,,256811,7,0,57 8 9,1,20,,256812,7,0,57 8 9,1,60,,256813,7,0,34 10 9,1,10,,256814,7,0,57 8 9,1,10,,256815,7,0,34 10 9,1,10,,256816,7,0,57 8 9,1,55,,256817,7,0,34 10 9,1,15,,256818,7,0,57 8 9,1,30,,256819,7,0,57 8 9,1,80,,256820,7,0,7 8 9,1,100,,256821,7,0,5 10 9,1,100,,256822,7,0,5 10 9,1,95,,256823,7,0,5 10 9,1,100,,256824,7,0,5 10 9,1,105,,256825,7,0,57 8 9,1,76,,256826,7,0,34 10 9,1,30,,256827,7,0,57 8 9,1,70,,256828,7,0,57 8 9,1,30,,256829,7,0,57 8 9,1,84,,256830,7,0,57 8 9,1,30,,256831,7,0,57 8 9,1,70,,256832,7,0,7 8 9,1,30,,256833,7,0,7 8 9,1,75,,256834,7,0,5 10 9,1,100,,256835,7,0,5 10 9,1,100,,256836,7,0,5 10 9,1,100,,256837,7,0,5 10 9,1,199,,256838,7,0,5 10 9,1
2701,'20260922',534,,256839,7,0,7 8 9,1,101,,256840,7,0,57 8 9,1,20,,256841,7,0,57 8 9,1,60,,256842,7,0,34 10 9,1,10,,256843,7,0,57 8 9,1,10,,256844,7,0,34 10 9,1,10,,256845,7,0,57 8 9,1,55,,256846,7,0,34 10 9,1,15,,256847,7,0,57 8 9,1,30,,256848,7,0,57 8 9,1,80,,256849,7,0,7 8 9,1,100,,256850,7,0,5 10 9,1,100,,256851,7,0,5 10 9,1,95,,256852,7,0,5 10 9,1,100,,256853,7,0,5 10 9,1,105,,256854,7,0,57 8 9,1,76,,256855,7,0,34 10 9,1,30,,256856,7,0,57 8 9,1,70,,256857,7,0,57 8 9,1,30,,256858,7,0,57 8 9,1,84,,256859,7,0,57 8 9,1,30,,256860,7,0,57 8 9,1,70,,256861,7,0,7 8 9,1,30,,256862,7,0,7 8 9,1,75,,256863,7,0,5 10 9,1,100,,256864,7,0,5 10 9,1,100,,256865,7,0,5 10 9,1,100,,256866,7,0,5 10 9,1,199,,256867,7,0,5 10 9,1
2701,'20260923',534,,256868,7,0,7 8 9,1,101,,256869,7,0,57 8 9,1,20,,256870,7,0,57 8 9,1,60,,256871,7,0,34 10 9,1,10,,256872,7,0,57 8 9,1,10,,256873,7,0,34 10 9,1,10,,256874,7,0,57 8 9,1,55,,256875,7,0,34 10 9,1,15,,256876,7,0,57 8 9,1,30,,256877,7,0,57 8 9,1,80,,256878,7,0,7 8 9,1,100,,256879,7,0,5 10 9,1,100,,256880,7,0,5 10 9,1,95,,256881,7,0,5 10 9,1,100,,256882,7,0,5 10 9,1,105,,256883,7,0,57 8 9,1,76,,256884,7,0,34 10 9,1,30,,256885,7,0,57 8 9,1,70,,256886,7,0,57 8 9,1,30,,256887,7,0,57 8 9,1,84,,256888,7,0,57 8 9,1,30,,256889,7,0,57 8 9,1,70,,256890,7,0,7 8 9,1,30,,256891,7,0,7 8 9,1,75,,256892,7,0,5 10 9,1,100,,256893,7,0,5 10 9,1,100,,256894,7,0,5 10 9,1,100,,256895,7,0,5 10 9,1,199,,256896,7,0,5 10 9,1
2701,'20260924',534,,256897,7,0,7 8 9,1,101,,256898,7,0,57 8 9,1,20,,256899,7,0,57 8 9,1,60,,256900,7,0,34 10 9,1,10,,256901,7,0,57 8 9,1,10,,256902,7,0,34 10 9,1,10,,256903,7,0,57 8 9,1,55,,256904,7,0,34 10 9,1,15,,256905,7,0,57 8 9,1,30,,256906,7,0,57 8 9,1,80,,256907,7,0,7 8 9,1,100,,256908,7,0,5 10 9,1,100,,256909,7,0,5 10 9,1,95,,256910,7,0,5 10 9,1,100,,256911,7,0,5 10 9,1,105,,256912,7,0,57 8 9,1,76,,256913,7,0,34 10 9,1,30,,256914,7,0,57 8 9,1,70,,256915,7,0,57 8 9,1,30,,256916,7,0,57 8 9,1,84,,256917,7,0,57 8 9,1,30,,256918,7,0,57 8 9,1,70,,256919,7,0,7 8 9,1,30,,256920,7,0,7 8 9,1,75,,256921,7,0,5 10 9,1,100,,256922,7,0,5 10 9,1,100,,256923,7,0,5 10 9,1,100,,256924,7,0,5 10 9,1,199,,256925,7,0,5 10 9,1
2701,'20260925',534,,256926,7,0,7 8 9,1,101,,256927,7,0,57 8 9,1,20,,256928,7,0,57 8 9,1,60,,256929,7,0,34 10 9,1,10,,256930,7,0,57 8 9,1,10,,256931,7,0,34 10 9,1,10,,256932,7,0,57 8 9,1,55,,256933,7,0,34 10 9,1,15,,256934,7,0,57 8 9,1,30,,256935,7,0,57 8 9,1,80,,256936,7,0,7 8 9,1,100,,256937,7,0,5 10 9,1,100,,256938,7,0,5 10 9,1,95,,256939,7,0,5 10 9,1,100,,256940,7,0,5 10 9,1,105,,256941,7,0,57 8 9,1,76,,256942,7,0,34 10 9,1,30,,256943,7,0,57 8 9,1,70,,256944,7,0,57 8 9,1,30,,256945,7,0,57 8 9,1,84,,256946,7,0,57 8 9,1,30,,256947,7,0,57 8 9,1,70,,256948,7,0,7 8 9,1,30,,256949,7,0,7 8 9,1,75,,256950,7,0,5 10 9,1,100,,256951,7,0,5 10 9,1,100,,256952,7,0,5 10 9,1,100,,256953,7,0,5 10 9,1,199,,256954,7,0,5 10 9,1
2701,'20260926',634,,256955,7,0,7 8 9,1,101,,256956,7,0,5 10 9,1,100,,256957,7,0,5 10 9,1,95,,256958,7,0,5 10 9,1,106,,256959,7,0,5 10 9,1,95,,256960,7,0,5 10 9,1,105,,256961,7,0,5 10 9,1,95,,256962,7,0,5 10 9,1,105,,256963,7,0,5 10 9,1,100,,256964,7,0,5 10 9,1,100,,256965,7,0,5 10 9,1,100,,256966,7,0,5 10 9,1,100,,256967,7,0,5 10 9,1,99,,256968,7,0,5 10 9,1,200,,256969,7,0,5 10 9,1,199,,256970,7,0,5 10 9,1
2701,'20260927',634,,256971,7,0,7 8 9,1,101,,256972,7,0,5 10 9,1,100,,256973,7,0,5 10 9,1,95,,256974,7,0,5 10 9,1,106,,256975,7,0,5 10 9,1,95,,256976,7,0,5 10 9,1,105,,256977,7,0,5 10 9,1,95,,256978,7,0,5 10 9,1,105,,256979,7,0,5 10 9,1,100,,256980,7,0,5 10 9,1,100,,256981,7,0,5 10 9,1,100,,256982,7,0,5 10 9,1,100,,256983,7,0,5 10 9,1,99,,256984,7,0,5 10 9,1,200,,256985,7,0,5 10 9,1,199,,256986,7,0,5 10 9,1
2701,'20260928',534,,256987,7,0,7 8 9,1,101,,256988,7,0,57 8 9,1,20,,256989,7,0,57 8 9,1,60,,256990,7,0,34 10 9,1,10,,256991,7,0,57 8 9,1,10,,256992,7,0,34 10 9,1,10,,256993,7,0,57 8 9,1,55,,256994,7,0,34 10 9,1,15,,256995,7,0,57 8 9,1,30,,256996,7,0,57 8 9,1,80,,256997,7,0,7 8 9,1,100,,256998,7,0,5 10 9,1,100,,256999,7,0,5 10 9,1,95,,257000,7,0,5 10 9,1,100,,257001,7,0,5 10 9,1,105,,257002,7,0,57 8 9,1,76,,257003,7,0,34 10 9,1,30,,257004,7,0,57 8 9,1,70,,257005,7,0,57 8 9,1,30,,257006,7,0,57 8 9,1,84,,257007,7,0,57 8 9,1,30,,257008,7,0,57 8 9,1,70,,257009,7,0,7 8 9,1,30,,257010,7,0,7 8 9,1,75,,257011,7,0,5 10 9,1,100,,257012,7,0,5 10 9,1,100,,257013,7,0,5 10 9,1,100,,257014,7,0,5 10 9,1,199,,257015,7,0,5 10 9,1
2701,'20260929',534,,257016,7,0,7 8 9,1,101,,257017,7,0,57 8 9,1,20,,257018,7,0,57 8 9,1,60,,257019,7,0,34 10 9,1,10,,257020,7,0,57 8 9,1,10,,257021,7,0,34 10 9,1,10,,257022,7,0,57 8 9,1,55,,257023,7,0,34 10 9,1,15,,257024,7,0,57 8 9,1,30,,257025,7,0,57 8 9,1,80,,257026,7,0,7 8 9,1,100,,257027,7,0,5 10 9,1,100,,257028,7,0,5 10 9,1,95,,257029,7,0,5 10 9,1,100,,257030,7,0,5 10 9,1,105,,257031,7,0,57 8 9,1,76,,257032,7,0,34 10 9,1,30,,257033,7,0,57 8 9,1,70,,257034,7,0,57 8 9,1,30,,257035,7,0,57 8 9,1,84,,257036,7,0,57 8 9,1,30,,257037,7,0,57 8 9,1,70,,257038,7,0,7 8 9,1,30,,257039,7,0,7 8 9,1,75,,257040,7,0,5 10 9,1,100,,257041,7,0,5 10 9,1,100,,257042,7,0,5 10 9,1,100,,257043,7,0,5 10 9,1,199,,257044,7,0,5 10 9,1
2701,'20260930',534,,257045,7,0,7 8 9,1,101,,257046,7,0,57 8 9,1,20,,257047,7,0,57 8 9,1,60,,257048,7,0,34 10 9,1,10,,257049,7,0,57 8 9,1,10,,257050,7,0,34 10 9,1,10,,257051,7,0,57 8 9,1,55,,257052,7,0,34 10 9,1,15,,257053,7,0,57 8 9,1,30,,257054,7,0,57 8 9,1,80,,257055,7,0,7 8 9,1,100,,257056,7,0,5 10 9,1,100,,257057,7,0,5 10 9,1,95,,257058,7,0,5 10 9,1,100,,257059,7,0,5 10 9,1,105,,257060,7,0,57 8 9,1,76,,257061,7,0,34 10 9,1,30,,257062,7,0,57 8 9,1,70,,257063,7,0,57 8 9,1,30,,257064,7,0,57 8 9,1,84,,257065,7,0,57 8 9,1,30,,257066,7,0,57 8 9,1,70,,257067,7,0,7 8 9,1,30,,257068,7,0,7 8 9,1,75,,257069,7,0,5 10 9,1,100,,257070,7,0,5 10 9,1,100,,257071,7,0,5 10 9,1,100,,257072,7,0,5 10 9,1,199,,257073,7,0,5 10 9,1
2701,'20261001',534,,257074,7,0,7 8 9,1,101,,257075,7,0,57 8 9,1,20,,257076,7,0,57 8 9,1,60,,257077,7,0,34 10 9,1,10,,257078,7,0,57 8 9,1,10,,257079,7,0,34 10 9,1,10,,257080,7,0,57 8 9,1,55,,257081,7,0,34 10 9,1,15,,257082,7,0,57 8 9,1,30,,257083,7,0,57 8 9,1,80,,257084,7,0,7 8 9,1,100,,257085,7,0,5 10 9,1,100,,257086,7,0,5 10 9,1,95,,257087,7,0,5 10 9,1,100,,257088,7,0,5 10 9,1,105,,257089,7,0,57 8 9,1,76,,257090,7,0,34 10 9,1,30,,257091,7,0,57 8 9,1,70,,257092,7,0,57 8 9,1,30,,257093,7,0,57 8 9,1,84,,257094,7,0,57 8 9,1,30,,257095,7,0,57 8 9,1,70,,257096,7,0,7 8 9,1,30,,257097,7,0,7 8 9,1,75,,257098,7,0,5 10 9,1,100,,257099,7,0,5 10 9,1,100,,257100,7,0,5 10 9,1,100,,257101,7,0,5 10 9,1,199,,257102,7,0,5 10 9,1
2701,'20261002',534,,257103,7,0,7 8 9,1,101,,257104,7,0,57 8 9,1,20,,257105,7,0,57 8 9,1,60,,257106,7,0,34 10 9,1,10,,257107,7,0,57 8 9,1,10,,257108,7,0,34 10 9,1,10,,257109,7,0,57 8 9,1,55,,257110,7,0,34 10 9,1,15,,257111,7,0,57 8 9,1,30,,257112,7,0,57 8 9,1,80,,257113,7,0,7 8 9,1,100,,257114,7,0,5 10 9,1,100,,257115,7,0,5 10 9,1,95,,257116,7,0,5 10 9,1,100,,257117,7,0,5 10 9,1,105,,257118,7,0,57 8 9,1,76,,257119,7,0,34 10 9,1,30,,257120,7,0,57 8 9,1,70,,257121,7,0,57 8 9,1,30,,257122,7,0,57 8 9,1,84,,257123,7,0,57 8 9,1,30,,257124,7,0,57 8 9,1,70,,257125,7,0,7 8 9,1,30,,257126,7,0,7 8 9,1,75,,257127,7,0,5 10 9,1,100,,257128,7,0,5 10 9,1,100,,257129,7,0,5 10 9,1,100,,257130,7,0,5 10 9,1,199,,257131,7,0,5 10 9,1
2701,'20261003',634,,257132,7,0,7 8 9,1,101,,257133,7,0,5 10 9,1,100,,257134,7,0,5 10 9,1,95,,257135,7,0,5 10 9,1,106,,257136,7,0,5 10 9,1,95,,257137,7,0,5 10 9,1,105,,257138,7,0,5 10 9,1,95,,257139,7,0,5 10 9,1,105,,257140,7,0,5 10 9,1,100,,257141,7,0,5 10 9,1,100,,257142,7,0,5 10 9,1,100,,257143,7,0,5 10 9,1,100,,257144,7,0,5 10 9,1,99,,257145,7,0,5 10 9,1,200,,257146,7,0,5 10 9,1,199,,257147,7,0,5 10 9,1
2701,'20261004',634,,257148,7,0,7 8 9,1,101,,257149,7,0,5 10 9,1,100,,257150,7,0,5 10 9,1,95,,257151,7,0,5 10 9,1,106,,257152,7,0,5 10 9,1,95,,257153,7,0,5 10 9,1,105,,257154,7,0,5 10 9,1,95,,257155,7,0,5 10 9,1,105,,257156,7,0,5 10 9,1,100,,257157,7,0,5 10 9,1,100,,257158,7,0,5 10 9,1,100,,257159,7,0,5 10 9,1,100,,257160,7,0,5 10 9,1,99,,257161,7,0,5 10 9,1,200,,257162,7,0,5 10 9,1,199,,257163,7,0,5 10 9,1
2701,'20261005',534,,257164,7,0,7 8 9,1,101,,257165,7,0,57 8 9,1,20,,257166,7,0,57 8 9,1,60,,257167,7,0,34 10 9,1,10,,257168,7,0,57 8 9,1,10,,257169,7,0,34 10 9,1,10,,257170,7,0,57 8 9,1,55,,257171,7,0,34 10 9,1,15,,257172,7,0,57 8 9,1,30,,257173,7,0,57 8 9,1,80,,257174,7,0,7 8 9,1,100,,257175,7,0,5 10 9,1,100,,257176,7,0,5 10 9,1,95,,257177,7,0,5 10 9,1,100,,257178,7,0,5 10 9,1,105,,257179,7,0,57 8 9,1,76,,257180,7,0,34 10 9,1,30,,257181,7,0,57 8 9,1,70,,257182,7,0,57 8 9,1,30,,257183,7,0,57 8 9,1,84,,257184,7,0,57 8 9,1,30,,257185,7,0,57 8 9,1,70,,257186,7,0,7 8 9,1,30,,257187,7,0,7 8 9,1,75,,257188,7,0,5 10 9,1,100,,257189,7,0,5 10 9,1,100,,257190,7,0,5 10 9,1,100,,257191,7,0,5 10 9,1,199,,257192,7,0,5 10 9,1
2701,'20261006',534,,257193,7,0,7 8 9,1,101,,257194,7,0,57 8 9,1,20,,257195,7,0,57 8 9,1,60,,257196,7,0,34 10 9,1,10,,257197,7,0,57 8 9,1,10,,257198,7,0,34 10 9,1,10,,257199,7,0,57 8 9,1,55,,257200,7,0,34 10 9,1,15,,257201,7,0,57 8 9,1,30,,257202,7,0,57 8 9,1,80,,257203,7,0,7 8 9,1,100,,257204,7,0,5 10 9,1,100,,257205,7,0,5 10 9,1,95,,257206,7,0,5 10 9,1,100,,257207,7,0,5 10 9,1,105,,257208,7,0,57 8 9,1,76,,257209,7,0,34 10 9,1,30,,257210,7,0,57 8 9,1,70,,257211,7,0,57 8 9,1,30,,257212,7,0,57 8 9,1,84,,257213,7,0,57 8 9,1,30,,257214,7,0,57 8 9,1,70,,257215,7,0,7 8 9,1,30,,257216,7,0,7 8 9,1,75,,257217,7,0,5 10 9,1,100,,257218,7,0,5 10 9,1,100,,257219,7,0,5 10 9,1,100,,257220,7,0,5 10 9,1,199,,257221,7,0,5 10 9,1
2701,'20261007',534,,257222,7,0,7 8 9,1,101,,257223,7,0,57 8 9,1,20,,257224,7,0,57 8 9,1,60,,257225,7,0,34 10 9,1,10,,257226,7,0,57 8 9,1,10,,257227,7,0,34 10 9,1,10,,257228,7,0,57 8 9,1,55,,257229,7,0,34 10 9,1,15,,257230,7,0,57 8 9,1,30,,257231,7,0,57 8 9,1,80,,257232,7,0,7 8 9,1,100,,257233,7,0,5 10 9,1,100,,257234,7,0,5 10 9,1,95,,257235,7,0,5 10 9,1,100,,257236,7,0,5 10 9,1,105,,257237,7,0,57 8 9,1,76,,257238,7,0,34 10 9,1,30,,257239,7,0,57 8 9,1,70,,257240,7,0,57 8 9,1,30,,257241,7,0,57 8 9,1,84,,257242,7,0,57 8 9,1,30,,257243,7,0,57 8 9,1,70,,257244,7,0,7 8 9,1,30,,257245,7,0,7 8 9,1,75,,257246,7,0,5 10 9,1,100,,257247,7,0,5 10 9,1,100,,257248,7,0,5 10 9,1,100,,257249,7,0,5 10 9,1,199,,257250,7,0,5 10 9,1
2701,'20261008',534,,257251,7,0,7 8 9,1,101,,257252,7,0,57 8 9,1,20,,257253,7,0,57 8 9,1,60,,257254,7,0,34 10 9,1,10,,257255,7,0,57 8 9,1,10,,257256,7,0,34 10 9,1,10,,257257,7,0,57 8 9,1,55,,257258,7,0,34 10 9,1,15,,257259,7,0,57 8 9,1,30,,257260,7,0,57 8 9,1,80,,257261,7,0,7 8 9,1,100,,257262,7,0,5 10 9,1,100,,257263,7,0,5 10 9,1,95,,257264,7,0,5 10 9,1,100,,257265,7,0,5 10 9,1,105,,257266,7,0,57 8 9,1,76,,257267,7,0,34 10 9,1,30,,257268,7,0,57 8 9,1,70,,257269,7,0,57 8 9,1,30,,257270,7,0,57 8 9,1,84,,257271,7,0,57 8 9,1,30,,257272,7,0,57 8 9,1,70,,257273,7,0,7 8 9,1,30,,257274,7,0,7 8 9,1,75,,257275,7,0,5 10 9,1,100,,257276,7,0,5 10 9,1,100,,257277,7,0,5 10 9,1,100,,257278,7,0,5 10 9,1,199,,257279,7,0,5 10 9,1
2701,'20261009',534,,257280,7,0,7 8 9,1,101,,257281,7,0,57 8 9,1,20,,257282,7,0,57 8 9,1,60,,257283,7,0,34 10 9,1,10,,257284,7,0,57 8 9,1,10,,257285,7,0,34 10 9,1,10,,257286,7,0,57 8 9,1,55,,257287,7,0,34 10 9,1,15,,257288,7,0,57 8 9,1,30,,257289,7,0,57 8 9,1,80,,257290,7,0,7 8 9,1,100,,257291,7,0,5 10 9,1,100,,257292,7,0,5 10 9,1,95,,257293,7,0,5 10 9,1,100,,257294,7,0,5 10 9,1,105,,257295,7,0,57 8 9,1,76,,257296,7,0,34 10 9,1,30,,257297,7,0,57 8 9,1,70,,257298,7,0,57 8 9,1,30,,257299,7,0,57 8 9,1,84,,257300,7,0,57 8 9,1,30,,257301,7,0,57 8 9,1,70,,257302,7,0,7 8 9,1,30,,257303,7,0,7 8 9,1,75,,257304,7,0,5 10 9,1,100,,257305,7,0,5 10 9,1,100,,257306,7,0,5 10 9,1,100,,257307,7,0,5 10 9,1,199,,257308,7,0,5 10 9,1
2701,'20261010',634,,257309,7,0,7 8 9,1,101,,257310,7,0,5 10 9,1,100,,257311,7,0,5 10 9,1,95,,257312,7,0,5 10 9,1,106,,257313,7,0,5 10 9,1,95,,257314,7,0,5 10 9,1,105,,257315,7,0,5 10 9,1,95,,257316,7,0,5 10 9,1,105,,257317,7,0,5 10 9,1,100,,257318,7,0,5 10 9,1,100,,257319,7,0,5 10 9,1,100,,257320,7,0,5 10 9,1,100,,257321,7,0,5 10 9,1,99,,257322,7,0,5 10 9,1,200,,257323,7,0,5 10 9,1,199,,257324,7,0,5 10 9,1
2701,'20261011',634,,257325,7,0,7 8 9,1,101,,257326,7,0,5 10 9,1,100,,257327,7,0,5 10 9,1,95,,257328,7,0,5 10 9,1,106,,257329,7,0,5 10 9,1,95,,257330,7,0,5 10 9,1,105,,257331,7,0,5 10 9,1,95,,257332,7,0,5 10 9,1,105,,257333,7,0,5 10 9,1,100,,257334,7,0,5 10 9,1,100,,257335,7,0,5 10 9,1,100,,257336,7,0,5 10 9,1,100,,257337,7,0,5 10 9,1,99,,257338,7,0,5 10 9,1,200,,257339,7,0,5 10 9,1,199,,257340,7,0,5 10 9,1
2701,'20261012',634,,257341,7,0,7 8 9,1,101,,257342,7,0,5 10 9,1,100,,257343,7,0,5 10 9,1,95,,257344,7,0,5 10 9,1,106,,257345,7,0,5 10 9,1,95,,257346,7,0,5 10 9,1,105,,257347,7,0,5 10 9,1,95,,257348,7,0,5 10 9,1,105,,257349,7,0,5 10 9,1,100,,257350,7,0,5 10 9,1,100,,257351,7,0,5 10 9,1,100,,257352,7,0,5 10 9,1,100,,257353,7,0,5 10 9,1,99,,257354,7,0,5 10 9,1,200,,257355,7,0,5 10 9,1,199,,257356,7,0,5 10 9,1
2701,'20261013',534,,257357,7,0,7 8 9,1,101,,257358,7,0,57 8 9,1,20,,257359,7,0,57 8 9,1,60,,257360,7,0,34 10 9,1,10,,257361,7,0,57 8 9,1,10,,257362,7,0,34 10 9,1,10,,257363,7,0,57 8 9,1,55,,257364,7,0,34 10 9,1,15,,257365,7,0,57 8 9,1,30,,257366,7,0,57 8 9,1,80,,257367,7,0,7 8 9,1,100,,257368,7,0,5 10 9,1,100,,257369,7,0,5 10 9,1,95,,257370,7,0,5 10 9,1,100,,257371,7,0,5 10 9,1,105,,257372,7,0,57 8 9,1,76,,257373,7,0,34 10 9,1,30,,257374,7,0,57 8 9,1,70,,257375,7,0,57 8 9,1,30,,257376,7,0,57 8 9,1,84,,257377,7,0,57 8 9,1,30,,257378,7,0,57 8 9,1,70,,257379,7,0,7 8 9,1,30,,257380,7,0,7 8 9,1,75,,257381,7,0,5 10 9,1,100,,257382,7,0,5 10 9,1,100,,257383,7,0,5 10 9,1,100,,257384,7,0,5 10 9,1,199,,257385,7,0,5 10 9,1
2701,'20261014',534,,257386,7,0,7 8 9,1,101,,257387,7,0,57 8 9,1,20,,257388,7,0,57 8 9,1,60,,257389,7,0,34 10 9,1,10,,257390,7,0,57 8 9,1,10,,257391,7,0,34 10 9,1,10,,257392,7,0,57 8 9,1,55,,257393,7,0,34 10 9,1,15,,257394,7,0,57 8 9,1,30,,257395,7,0,57 8 9,1,80,,257396,7,0,7 8 9,1,100,,257397,7,0,5 10 9,1,100,,257398,7,0,5 10 9,1,95,,257399,7,0,5 10 9,1,100,,257400,7,0,5 10 9,1,105,,257401,7,0,57 8 9,1,76,,257402,7,0,34 10 9,1,30,,257403,7,0,57 8 9,1,70,,257404,7,0,57 8 9,1,30,,257405,7,0,57 8 9,1,84,,257406,7,0,57 8 9,1,30,,257407,7,0,57 8 9,1,70,,257408,7,0,7 8 9,1,30,,257409,7,0,7 8 9,1,75,,257410,7,0,5 10 9,1,100,,257411,7,0,5 10 9,1,100,,257412,7,0,5 10 9,1,100,,257413,7,0,5 10 9,1,199,,257414,7,0,5 10 9,1
2701,'20261015',534,,257415,7,0,7 8 9,1,101,,257416,7,0,57 8 9,1,20,,257417,7,0,57 8 9,1,60,,257418,7,0,34 10 9,1,10,,257419,7,0,57 8 9,1,10,,257420,7,0,34 10 9,1,10,,257421,7,0,57 8 9,1,55,,257422,7,0,34 10 9,1,15,,257423,7,0,57 8 9,1,30,,257424,7,0,57 8 9,1,80,,257425,7,0,7 8 9,1,100,,257426,7,0,5 10 9,1,100,,257427,7,0,5 10 9,1,95,,257428,7,0,5 10 9,1,100,,257429,7,0,5 10 9,1,105,,257430,7,0,57 8 9,1,76,,257431,7,0,34 10 9,1,30,,257432,7,0,57 8 9,1,70,,257433,7,0,57 8 9,1,30,,257434,7,0,57 8 9,1,84,,257435,7,0,57 8 9,1,30,,257436,7,0,57 8 9,1,70,,257437,7,0,7 8 9,1,30,,257438,7,0,7 8 9,1,75,,257439,7,0,5 10 9,1,100,,257440,7,0,5 10 9,1,100,,257441,7,0,5 10 9,1,100,,257442,7,0,5 10 9,1,199,,257443,7,0,5 10 9,1
2701,'20261016',534,,257444,7,0,7 8 9,1,101,,257445,7,0,57 8 9,1,20,,257446,7,0,57 8 9,1,60,,257447,7,0,34 10 9,1,10,,257448,7,0,57 8 9,1,10,,257449,7,0,34 10 9,1,10,,257450,7,0,57 8 9,1,55,,257451,7,0,34 10 9,1,15,,257452,7,0,57 8 9,1,30,,257453,7,0,57 8 9,1,80,,257454,7,0,7 8 9,1,100,,257455,7,0,5 10 9,1,100,,257456,7,0,5 10 9,1,95,,257457,7,0,5 10 9,1,100,,257458,7,0,5 10 9,1,105,,257459,7,0,57 8 9,1,76,,257460,7,0,34 10 9,1,30,,257461,7,0,57 8 9,1,70,,257462,7,0,57 8 9,1,30,,257463,7,0,57 8 9,1,84,,257464,7,0,57 8 9,1,30,,257465,7,0,57 8 9,1,70,,257466,7,0,7 8 9,1,30,,257467,7,0,7 8 9,1,75,,257468,7,0,5 10 9,1,100,,257469,7,0,5 10 9,1,100,,257470,7,0,5 10 9,1,100,,257471,7,0,5 10 9,1,199,,257472,7,0,5 10 9,1
2701,'20261017',634,,257473,7,0,7 8 9,1,101,,257474,7,0,5 10 9,1,100,,257475,7,0,5 10 9,1,95,,257476,7,0,5 10 9,1,106,,257477,7,0,5 10 9,1,95,,257478,7,0,5 10 9,1,105,,257479,7,0,5 10 9,1,95,,257480,7,0,5 10 9,1,105,,257481,7,0,5 10 9,1,100,,257482,7,0,5 10 9,1,100,,257483,7,0,5 10 9,1,100,,257484,7,0,5 10 9,1,100,,257485,7,0,5 10 9,1,99,,257486,7,0,5 10 9,1,200,,257487,7,0,5 10 9,1,199,,257488,7,0,5 10 9,1
2701,'20261018',634,,257489,7,0,7 8 9,1,101,,257490,7,0,5 10 9,1,100,,257491,7,0,5 10 9,1,95,,257492,7,0,5 10 9,1,106,,257493,7,0,5 10 9,1,95,,257494,7,0,5 10 9,1,105,,257495,7,0,5 10 9,1,95,,257496,7,0,5 10 9,1,105,,257497,7,0,5 10 9,1,100,,257498,7,0,5 10 9,1,100,,257499,7,0,5 10 9,1,100,,257500,7,0,5 10 9,1,100,,257501,7,0,5 10 9,1,99,,257502,7,0,5 10 9,1,200,,257503,7,0,5 10 9,1,199,,257504,7,0,5 10 9,1
2701,'20261019',534,,257505,7,0,7 8 9,1,101,,257506,7,0,57 8 9,1,20,,257507,7,0,57 8 9,1,60,,257508,7,0,34 10 9,1,10,,257509,7,0,57 8 9,1,10,,257510,7,0,34 10 9,1,10,,257511,7,0,57 8 9,1,55,,257512,7,0,34 10 9,1,15,,257513,7,0,57 8 9,1,30,,257514,7,0,57 8 9,1,80,,257515,7,0,7 8 9,1,100,,257516,7,0,5 10 9,1,100,,257517,7,0,5 10 9,1,95,,257518,7,0,5 10 9,1,100,,257519,7,0,5 10 9,1,105,,257520,7,0,57 8 9,1,76,,257521,7,0,34 10 9,1,30,,257522,7,0,57 8 9,1,70,,257523,7,0,57 8 9,1,30,,257524,7,0,57 8 9,1,84,,257525,7,0,57 8 9,1,30,,257526,7,0,57 8 9,1,70,,257527,7,0,7 8 9,1,30,,257528,7,0,7 8 9,1,75,,257529,7,0,5 10 9,1,100,,257530,7,0,5 10 9,1,100,,257531,7,0,5 10 9,1,100,,257532,7,0,5 10 9,1,199,,257533,7,0,5 10 9,1
2701,'20261020',534,,257534,7,0,7 8 9,1,101,,257535,7,0,57 8 9,1,20,,257536,7,0,57 8 9,1,60,,257537,7,0,34 10 9,1,10,,257538,7,0,57 8 9,1,10,,257539,7,0,34 10 9,1,10,,257540,7,0,57 8 9,1,55,,257541,7,0,34 10 9,1,15,,257542,7,0,57 8 9,1,30,,257543,7,0,57 8 9,1,80,,257544,7,0,7 8 9,1,100,,257545,7,0,5 10 9,1,100,,257546,7,0,5 10 9,1,95,,257547,7,0,5 10 9,1,100,,257548,7,0,5 10 9,1,105,,257549,7,0,57 8 9,1,76,,257550,7,0,34 10 9,1,30,,257551,7,0,57 8 9,1,70,,257552,7,0,57 8 9,1,30,,257553,7,0,57 8 9,1,84,,257554,7,0,57 8 9,1,30,,257555,7,0,57 8 9,1,70,,257556,7,0,7 8 9,1,30,,257557,7,0,7 8 9,1,75,,257558,7,0,5 10 9,1,100,,257559,7,0,5 10 9,1,100,,257560,7,0,5 10 9,1,100,,257561,7,0,5 10 9,1,199,,257562,7,0,5 10 9,1
2701,'20261021',534,,257563,7,0,7 8 9,1,101,,257564,7,0,57 8 9,1,20,,257565,7,0,57 8 9,1,60,,257566,7,0,34 10 9,1,10,,257567,7,0,57 8 9,1,10,,257568,7,0,34 10 9,1,10,,257569,7,0,57 8 9,1,55,,257570,7,0,34 10 9,1,15,,257571,7,0,57 8 9,1,30,,257572,7,0,57 8 9,1,80,,257573,7,0,7 8 9,1,100,,257574,7,0,5 10 9,1,100,,257575,7,0,5 10 9,1,95,,257576,7,0,5 10 9,1,100,,257577,7,0,5 10 9,1,105,,257578,7,0,57 8 9,1,76,,257579,7,0,34 10 9,1,30,,257580,7,0,57 8 9,1,70,,257581,7,0,57 8 9,1,30,,257582,7,0,57 8 9,1,84,,257583,7,0,57 8 9,1,30,,257584,7,0,57 8 9,1,70,,257585,7,0,7 8 9,1,30,,257586,7,0,7 8 9,1,75,,257587,7,0,5 10 9,1,100,,257588,7,0,5 10 9,1,100,,257589,7,0,5 10 9,1,100,,257590,7,0,5 10 9,1,199,,257591,7,0,5 10 9,1
2701,'20261022',534,,257592,7,0,7 8 9,1,101,,257593,7,0,57 8 9,1,20,,257594,7,0,57 8 9,1,60,,257595,7,0,34 10 9,1,10,,257596,7,0,57 8 9,1,10,,257597,7,0,34 10 9,1,10,,257598,7,0,57 8 9,1,55,,257599,7,0,34 10 9,1,15,,257600,7,0,57 8 9,1,30,,257601,7,0,57 8 9,1,80,,257602,7,0,7 8 9,1,100,,257603,7,0,5 10 9,1,100,,257604,7,0,5 10 9,1,95,,257605,7,0,5 10 9,1,100,,257606,7,0,5 10 9,1,105,,257607,7,0,57 8 9,1,76,,257608,7,0,34 10 9,1,30,,257609,7,0,57 8 9,1,70,,257610,7,0,57 8 9,1,30,,257611,7,0,57 8 9,1,84,,257612,7,0,57 8 9,1,30,,257613,7,0,57 8 9,1,70,,257614,7,0,7 8 9,1,30,,257615,7,0,7 8 9,1,75,,257616,7,0,5 10 9,1,100,,257617,7,0,5 10 9,1,100,,257618,7,0,5 10 9,1,100,,257619,7,0,5 10 9,1,199,,257620,7,0,5 10 9,1
2701,'20261023',534,,257621,7,0,7 8 9,1,101,,257622,7,0,57 8 9,1,20,,257623,7,0,57 8 9,1,60,,257624,7,0,34 10 9,1,10,,257625,7,0,57 8 9,1,10,,257626,7,0,34 10 9,1,10,,257627,7,0,57 8 9,1,55,,257628,7,0,34 10 9,1,15,,257629,7,0,57 8 9,1,30,,257630,7,0,57 8 9,1,80,,257631,7,0,7 8 9,1,100,,257632,7,0,5 10 9,1,100,,257633,7,0,5 10 9,1,95,,257634,7,0,5 10 9,1,100,,257635,7,0,5 10 9,1,105,,257636,7,0,57 8 9,1,76,,257637,7,0,34 10 9,1,30,,257638,7,0,57 8 9,1,70,,257639,7,0,57 8 9,1,30,,257640,7,0,57 8 9,1,84,,257641,7,0,57 8 9,1,30,,257642,7,0,57 8 9,1,70,,257643,7,0,7 8 9,1,30,,257644,7,0,7 8 9,1,75,,257645,7,0,5 10 9,1,100,,257646,7,0,5 10 9,1,100,,257647,7,0,5 10 9,1,100,,257648,7,0,5 10 9,1,199,,257649,7,0,5 10 9,1
2701,'20261024',634,,257650,7,0,7 8 9,1,101,,257651,7,0,5 10 9,1,100,,257652,7,0,5 10 9,1,95,,257653,7,0,5 10 9,1,106,,257654,7,0,5 10 9,1,95,,257655,7,0,5 10 9,1,105,,257656,7,0,5 10 9,1,95,,257657,7,0,5 10 9,1,105,,257658,7,0,5 10 9,1,100,,257659,7,0,5 10 9,1,100,,257660,7,0,5 10 9,1,100,,257661,7,0,5 10 9,1,100,,257662,7,0,5 10 9,1,99,,257663,7,0,5 10 9,1,200,,257664,7,0,5 10 9,1,199,,257665,7,0,5 10 9,1
2701,'20261025',634,,257666,7,0,7 8 9,1,101,,257667,7,0,5 10 9,1,100,,257668,7,0,5 10 9,1,95,,257669,7,0,5 10 9,1,106,,257670,7,0,5 10 9,1,95,,257671,7,0,5 10 9,1,105,,257672,7,0,5 10 9,1,95,,257673,7,0,5 10 9,1,105,,257674,7,0,5 10 9,1,100,,257675,7,0,5 10 9,1,100,,257676,7,0,5 10 9,1,100,,257677,7,0,5 10 9,1,100,,257678,7,0,5 10 9,1,99,,257679,7,0,5 10 9,1,200,,257680,7,0,5 10 9,1,199,,257681,7,0,5 10 9,1
2701,'20261026',534,,257682,7,0,7 8 9,1,101,,257683,7,0,57 8 9,1,20,,257684,7,0,57 8 9,1,60,,257685,7,0,34 10 9,1,10,,257686,7,0,57 8 9,1,10,,257687,7,0,34 10 9,1,10,,257688,7,0,57 8 9,1,55,,257689,7,0,34 10 9,1,15,,257690,7,0,57 8 9,1,30,,257691,7,0,57 8 9,1,80,,257692,7,0,7 8 9,1,100,,257693,7,0,5 10 9,1,100,,257694,7,0,5 10 9,1,95,,257695,7,0,5 10 9,1,100,,257696,7,0,5 10 9,1,105,,257697,7,0,57 8 9,1,76,,257698,7,0,34 10 9,1,30,,257699,7,0,57 8 9,1,70,,257700,7,0,57 8 9,1,30,,257701,7,0,57 8 9,1,84,,257702,7,0,57 8 9,1,30,,257703,7,0,57 8 9,1,70,,257704,7,0,7 8 9,1,30,,257705,7,0,7 8 9,1,75,,257706,7,0,5 10 9,1,100,,257707,7,0,5 10 9,1,100,,257708,7,0,5 10 9,1,100,,257709,7,0,5 10 9,1,199,,257710,7,0,5 10 9,1
2701,'20261027',534,,257711,7,0,7 8 9,1,101,,257712,7,0,57 8 9,1,20,,257713,7,0,57 8 9,1,60,,257714,7,0,34 10 9,1,10,,257715,7,0,57 8 9,1,10,,257716,7,0,34 10 9,1,10,,257717,7,0,57 8 9,1,55,,257718,7,0,34 10 9,1,15,,257719,7,0,57 8 9,1,30,,257720,7,0,57 8 9,1,80,,257721,7,0,7 8 9,1,100,,257722,7,0,5 10 9,1,100,,257723,7,0,5 10 9,1,95,,257724,7,0,5 10 9,1,100,,257725,7,0,5 10 9,1,105,,257726,7,0,57 8 9,1,76,,257727,7,0,34 10 9,1,30,,257728,7,0,57 8 9,1,70,,257729,7,0,57 8 9,1,30,,257730,7,0,57 8 9,1,84,,257731,7,0,57 8 9,1,30,,257732,7,0,57 8 9,1,70,,257733,7,0,7 8 9,1,30,,257734,7,0,7 8 9,1,75,,257735,7,0,5 10 9,1,100,,257736,7,0,5 10 9,1,100,,257737,7,0,5 10 9,1,100,,257738,7,0,5 10 9,1,199,,257739,7,0,5 10 9,1
2701,'20261028',534,,257740,7,0,7 8 9,1,101,,257741,7,0,57 8 9,1,20,,257742,7,0,57 8 9,1,60,,257743,7,0,34 10 9,1,10,,257744,7,0,57 8 9,1,10,,257745,7,0,34 10 9,1,10,,257746,7,0,57 8 9,1,55,,257747,7,0,34 10 9,1,15,,257748,7,0,57 8 9,1,30,,257749,7,0,57 8 9,1,80,,257750,7,0,7 8 9,1,100,,257751,7,0,5 10 9,1,100,,257752,7,0,5 10 9,1,95,,257753,7,0,5 10 9,1,100,,257754,7,0,5 10 9,1,105,,257755,7,0,57 8 9,1,76,,257756,7,0,34 10 9,1,30,,257757,7,0,57 8 9,1,70,,257758,7,0,57 8 9,1,30,,257759,7,0,57 8 9,1,84,,257760,7,0,57 8 9,1,30,,257761,7,0,57 8 9,1,70,,257762,7,0,7 8 9,1,30,,257763,7,0,7 8 9,1,75,,257764,7,0,5 10 9,1,100,,257765,7,0,5 10 9,1,100,,257766,7,0,5 10 9,1,100,,257767,7,0,5 10 9,1,199,,257768,7,0,5 10 9,1
2701,'20261029',534,,257769,7,0,7 8 9,1,101,,257770,7,0,57 8 9,1,20,,257771,7,0,57 8 9,1,60,,257772,7,0,34 10 9,1,10,,257773,7,0,57 8 9,1,10,,257774,7,0,34 10 9,1,10,,257775,7,0,57 8 9,1,55,,257776,7,0,34 10 9,1,15,,257777,7,0,57 8 9,1,30,,257778,7,0,57 8 9,1,80,,257779,7,0,7 8 9,1,100,,257780,7,0,5 10 9,1,100,,257781,7,0,5 10 9,1,95,,257782,7,0,5 10 9,1,100,,257783,7,0,5 10 9,1,105,,257784,7,0,57 8 9,1,76,,257785,7,0,34 10 9,1,30,,257786,7,0,57 8 9,1,70,,257787,7,0,57 8 9,1,30,,257788,7,0,57 8 9,1,84,,257789,7,0,57 8 9,1,30,,257790,7,0,57 8 9,1,70,,257791,7,0,7 8 9,1,30,,257792,7,0,7 8 9,1,75,,257793,7,0,5 10 9,1,100,,257794,7,0,5 10 9,1,100,,257795,7,0,5 10 9,1,100,,257796,7,0,5 10 9,1,199,,257797,7,0,5 10 9,1
2701,'20261030',534,,257798,7,0,7 8 9,1,101,,257799,7,0,57 8 9,1,20,,257800,7,0,57 8 9,1,60,,257801,7,0,34 10 9,1,10,,257802,7,0,57 8 9,1,10,,257803,7,0,34 10 9,1,10,,257804,7,0,57 8 9,1,55,,257805,7,0,34 10 9,1,15,,257806,7,0,57 8 9,1,30,,257807,7,0,57 8 9,1,80,,257808,7,0,7 8 9,1,100,,257809,7,0,5 10 9,1,100,,257810,7,0,5 10 9,1,95,,257811,7,0,5 10 9,1,100,,257812,7,0,5 10 9,1,105,,257813,7,0,57 8 9,1,76,,257814,7,0,34 10 9,1,30,,257815,7,0,57 8 9,1,70,,257816,7,0,57 8 9,1,30,,257817,7,0,57 8 9,1,84,,257818,7,0,57 8 9,1,30,,257819,7,0,57 8 9,1,70,,257820,7,0,7 8 9,1,30,,257821,7,0,7 8 9,1,75,,257822,7,0,5 10 9,1,100,,257823,7,0,5 10 9,1,100,,257824,7,0,5 10 9,1,100,,257825,7,0,5 10 9,1,199,,257826,7,0,5 10 9,1
2701,'20261031',634,,257827,7,0,7 8 9,1,101,,257828,7,0,5 10 9,1,100,,257829,7,0,5 10 9,1,95,,257830,7,0,5 10 9,1,106,,257831,7,0,5 10 9,1,95,,257832,7,0,5 10 9,1,105,,257833,7,0,5 10 9,1,95,,257834,7,0,5 10 9,1,105,,257835,7,0,5 10 9,1,100,,257836,7,0,5 10 9,1,100,,257837,7,0,5 10 9,1,100,,257838,7,0,5 10 9,1,100,,257839,7,0,5 10 9,1,99,,257840,7,0,5 10 9,1,200,,257841,7,0,5 10 9,1,199,,257842,7,0,5 10 9,1
2701,'20261101',634,,257843,7,0,7 8 9,1,101,,257844,7,0,5 10 9,1,100,,257845,7,0,5 10 9,1,95,,257846,7,0,5 10 9,1,106,,257847,7,0,5 10 9,1,95,,257848,7,0,5 10 9,1,105,,257849,7,0,5 10 9,1,95,,257850,7,0,5 10 9,1,105,,257851,7,0,5 10 9,1,100,,257852,7,0,5 10 9,1,100,,257853,7,0,5 10 9,1,100,,257854,7,0,5 10 9,1,100,,257855,7,0,5 10 9,1,99,,257856,7,0,5 10 9,1,200,,257857,7,0,5 10 9,1,199,,257858,7,0,5 10 9,1
2701,'20261102',534,,257859,7,0,7 8 9,1,101,,257860,7,0,57 8 9,1,20,,257861,7,0,57 8 9,1,60,,257862,7,0,34 10 9,1,10,,257863,7,0,57 8 9,1,10,,257864,7,0,34 10 9,1,10,,257865,7,0,57 8 9,1,55,,257866,7,0,34 10 9,1,15,,257867,7,0,57 8 9,1,30,,257868,7,0,57 8 9,1,80,,257869,7,0,7 8 9,1,100,,257870,7,0,5 10 9,1,100,,257871,7,0,5 10 9,1,95,,257872,7,0,5 10 9,1,100,,257873,7,0,5 10 9,1,105,,257874,7,0,57 8 9,1,76,,257875,7,0,34 10 9,1,30,,257876,7,0,57 8 9,1,70,,257877,7,0,57 8 9,1,30,,257878,7,0,57 8 9,1,84,,257879,7,0,57 8 9,1,30,,257880,7,0,57 8 9,1,70,,257881,7,0,7 8 9,1,30,,257882,7,0,7 8 9,1,75,,257883,7,0,5 10 9,1,100,,257884,7,0,5 10 9,1,100,,257885,7,0,5 10 9,1,100,,257886,7,0,5 10 9,1,199,,257887,7,0,5 10 9,1
2701,'20261103',534,,257888,7,0,7 8 9,1,101,,257889,7,0,57 8 9,1,20,,257890,7,0,57 8 9,1,60,,257891,7,0,34 10 9,1,10,,257892,7,0,57 8 9,1,10,,257893,7,0,34 10 9,1,10,,257894,7,0,57 8 9,1,55,,257895,7,0,34 10 9,1,15,,257896,7,0,57 8 9,1,30,,257897,7,0,57 8 9,1,80,,257898,7,0,7 8 9,1,100,,257899,7,0,5 10 9,1,100,,257900,7,0,5 10 9,1,95,,257901,7,0,5 10 9,1,100,,257902,7,0,5 10 9,1,105,,257903,7,0,57 8 9,1,76,,257904,7,0,34 10 9,1,30,,257905,7,0,57 8 9,1,70,,257906,7,0,57 8 9,1,30,,257907,7,0,57 8 9,1,84,,257908,7,0,57 8 9,1,30,,257909,7,0,57 8 9,1,70,,257910,7,0,7 8 9,1,30,,257911,7,0,7 8 9,1,75,,257912,7,0,5 10 9,1,100,,257913,7,0,5 10 9,1,100,,257914,7,0,5 10 9,1,100,,257915,7,0,5 10 9,1,199,,257916,7,0,5 10 9,1
2701,'20261104',534,,257917,7,0,7 8 9,1,101,,257918,7,0,57 8 9,1,20,,257919,7,0,57 8 9,1,60,,257920,7,0,34 10 9,1,10,,257921,7,0,57 8 9,1,10,,257922,7,0,34 10 9,1,10,,257923,7,0,57 8 9,1,55,,257924,7,0,34 10 9,1,15,,257925,7,0,57 8 9,1,30,,257926,7,0,57 8 9,1,80,,257927,7,0,7 8 9,1,100,,257928,7,0,5 10 9,1,100,,257929,7,0,5 10 9,1,95,,257930,7,0,5 10 9,1,100,,257931,7,0,5 10 9,1,105,,257932,7,0,57 8 9,1,76,,257933,7,0,34 10 9,1,30,,257934,7,0,57 8 9,1,70,,257935,7,0,57 8 9,1,30,,257936,7,0,57 8 9,1,84,,257937,7,0,57 8 9,1,30,,257938,7,0,57 8 9,1,70,,257939,7,0,7 8 9,1,30,,257940,7,0,7 8 9,1,75,,257941,7,0,5 10 9,1,100,,257942,7,0,5 10 9,1,100,,257943,7,0,5 10 9,1,100,,257944,7,0,5 10 9,1,199,,257945,7,0,5 10 9,1
2701,'20261105',534,,257946,7,0,7 8 9,1,101,,257947,7,0,57 8 9,1,20,,257948,7,0,57 8 9,1,60,,257949,7,0,34 10 9,1,10,,257950,7,0,57 8 9,1,10,,257951,7,0,34 10 9,1,10,,257952,7,0,57 8 9,1,55,,257953,7,0,34 10 9,1,15,,257954,7,0,57 8 9,1,30,,257955,7,0,57 8 9,1,80,,257956,7,0,7 8 9,1,100,,257957,7,0,5 10 9,1,100,,257958,7,0,5 10 9,1,95,,257959,7,0,5 10 9,1,100,,257960,7,0,5 10 9,1,105,,257961,7,0,57 8 9,1,76,,257962,7,0,34 10 9,1,30,,257963,7,0,57 8 9,1,70,,257964,7,0,57 8 9,1,30,,257965,7,0,57 8 9,1,84,,257966,7,0,57 8 9,1,30,,257967,7,0,57 8 9,1,70,,257968,7,0,7 8 9,1,30,,257969,7,0,7 8 9,1,75,,257970,7,0,5 10 9,1,100,,257971,7,0,5 10 9,1,100,,257972,7,0,5 10 9,1,100,,257973,7,0,5 10 9,1,199,,257974,7,0,5 10 9,1
2701,'20261106',534,,257975,7,0,7 8 9,1,101,,257976,7,0,57 8 9,1,20,,257977,7,0,57 8 9,1,60,,257978,7,0,34 10 9,1,10,,257979,7,0,57 8 9,1,10,,257980,7,0,34 10 9,1,10,,257981,7,0,57 8 9,1,55,,257982,7,0,34 10 9,1,15,,257983,7,0,57 8 9,1,30,,257984,7,0,57 8 9,1,80,,257985,7,0,7 8 9,1,100,,257986,7,0,5 10 9,1,100,,257987,7,0,5 10 9,1,95,,257988,7,0,5 10 9,1,100,,257989,7,0,5 10 9,1,105,,257990,7,0,57 8 9,1,76,,257991,7,0,34 10 9,1,30,,257992,7,0,57 8 9,1,70,,257993,7,0,57 8 9,1,30,,257994,7,0,57 8 9,1,84,,257995,7,0,57 8 9,1,30,,257996,7,0,57 8 9,1,70,,257997,7,0,7 8 9,1,30,,257998,7,0,7 8 9,1,75,,257999,7,0,5 10 9,1,100,,258000,7,0,5 10 9,1,100,,258001,7,0,5 10 9,1,100,,258002,7,0,5 10 9,1,199,,258003,7,0,5 10 9,1
2701,'20261107',634,,258004,7,0,7 8 9,1,101,,258005,7,0,5 10 9,1,100,,258006,7,0,5 10 9,1,95,,258007,7,0,5 10 9,1,106,,258008,7,0,5 10 9,1,95,,258009,7,0,5 10 9,1,105,,258010,7,0,5 10 9,1,95,,258011,7,0,5 10 9,1,105,,258012,7,0,5 10 9,1,100,,258013,7,0,5 10 9,1,100,,258014,7,0,5 10 9,1,100,,258015,7,0,5 10 9,1,100,,258016,7,0,5 10 9,1,99,,258017,7,0,5 10 9,1,200,,258018,7,0,5 10 9,1,199,,258019,7,0,5 10 9,1
2701,'20261108',634,,258020,7,0,7 8 9,1,101,,258021,7,0,5 10 9,1,100,,258022,7,0,5 10 9,1,95,,258023,7,0,5 10 9,1,106,,258024,7,0,5 10 9,1,95,,258025,7,0,5 10 9,1,105,,258026,7,0,5 10 9,1,95,,258027,7,0,5 10 9,1,105,,258028,7,0,5 10 9,1,100,,258029,7,0,5 10 9,1,100,,258030,7,0,5 10 9,1,100,,258031,7,0,5 10 9,1,100,,258032,7,0,5 10 9,1,99,,258033,7,0,5 10 9,1,200,,258034,7,0,5 10 9,1,199,,258035,7,0,5 10 9,1
2701,'20261109',534,,258036,7,0,7 8 9,1,101,,258037,7,0,57 8 9,1,20,,258038,7,0,57 8 9,1,60,,258039,7,0,34 10 9,1,10,,258040,7,0,57 8 9,1,10,,258041,7,0,34 10 9,1,10,,258042,7,0,57 8 9,1,55,,258043,7,0,34 10 9,1,15,,258044,7,0,57 8 9,1,30,,258045,7,0,57 8 9,1,80,,258046,7,0,7 8 9,1,100,,258047,7,0,5 10 9,1,100,,258048,7,0,5 10 9,1,95,,258049,7,0,5 10 9,1,100,,258050,7,0,5 10 9,1,105,,258051,7,0,57 8 9,1,76,,258052,7,0,34 10 9,1,30,,258053,7,0,57 8 9,1,70,,258054,7,0,57 8 9,1,30,,258055,7,0,57 8 9,1,84,,258056,7,0,57 8 9,1,30,,258057,7,0,57 8 9,1,70,,258058,7,0,7 8 9,1,30,,258059,7,0,7 8 9,1,75,,258060,7,0,5 10 9,1,100,,258061,7,0,5 10 9,1,100,,258062,7,0,5 10 9,1,100,,258063,7,0,5 10 9,1,199,,258064,7,0,5 10 9,1
2701,'20261110',534,,258065,7,0,7 8 9,1,101,,258066,7,0,57 8 9,1,20,,258067,7,0,57 8 9,1,60,,258068,7,0,34 10 9,1,10,,258069,7,0,57 8 9,1,10,,258070,7,0,34 10 9,1,10,,258071,7,0,57 8 9,1,55,,258072,7,0,34 10 9,1,15,,258073,7,0,57 8 9,1,30,,258074,7,0,57 8 9,1,80,,258075,7,0,7 8 9,1,100,,258076,7,0,5 10 9,1,100,,258077,7,0,5 10 9,1,95,,258078,7,0,5 10 9,1,100,,258079,7,0,5 10 9,1,105,,258080,7,0,57 8 9,1,76,,258081,7,0,34 10 9,1,30,,258082,7,0,57 8 9,1,70,,258083,7,0,57 8 9,1,30,,258084,7,0,57 8 9,1,84,,258085,7,0,57 8 9,1,30,,258086,7,0,57 8 9,1,70,,258087,7,0,7 8 9,1,30,,258088,7,0,7 8 9,1,75,,258089,7,0,5 10 9,1,100,,258090,7,0,5 10 9,1,100,,258091,7,0,5 10 9,1,100,,258092,7,0,5 10 9,1,199,,258093,7,0,5 10 9,1
2701,'20261111',534,,258094,7,0,7 8 9,1,101,,258095,7,0,57 8 9,1,20,,258096,7,0,57 8 9,1,60,,258097,7,0,34 10 9,1,10,,258098,7,0,57 8 9,1,10,,258099,7,0,34 10 9,1,10,,258100,7,0,57 8 9,1,55,,258101,7,0,34 10 9,1,15,,258102,7,0,57 8 9,1,30,,258103,7,0,57 8 9,1,80,,258104,7,0,7 8 9,1,100,,258105,7,0,5 10 9,1,100,,258106,7,0,5 10 9,1,95,,258107,7,0,5 10 9,1,100,,258108,7,0,5 10 9,1,105,,258109,7,0,57 8 9,1,76,,258110,7,0,34 10 9,1,30,,258111,7,0,57 8 9,1,70,,258112,7,0,57 8 9,1,30,,258113,7,0,57 8 9,1,84,,258114,7,0,57 8 9,1,30,,258115,7,0,57 8 9,1,70,,258116,7,0,7 8 9,1,30,,258117,7,0,7 8 9,1,75,,258118,7,0,5 10 9,1,100,,258119,7,0,5 10 9,1,100,,258120,7,0,5 10 9,1,100,,258121,7,0,5 10 9,1,199,,258122,7,0,5 10 9,1
2701,'20261112',534,,258123,7,0,7 8 9,1,101,,258124,7,0,57 8 9,1,20,,258125,7,0,57 8 9,1,60,,258126,7,0,34 10 9,1,10,,258127,7,0,57 8 9,1,10,,258128,7,0,34 10 9,1,10,,258129,7,0,57 8 9,1,55,,258130,7,0,34 10 9,1,15,,258131,7,0,57 8 9,1,30,,258132,7,0,57 8 9,1,80,,258133,7,0,7 8 9,1,100,,258134,7,0,5 10 9,1,100,,258135,7,0,5 10 9,1,95,,258136,7,0,5 10 9,1,100,,258137,7,0,5 10 9,1,105,,258138,7,0,57 8 9,1,76,,258139,7,0,34 10 9,1,30,,258140,7,0,57 8 9,1,70,,258141,7,0,57 8 9,1,30,,258142,7,0,57 8 9,1,84,,258143,7,0,57 8 9,1,30,,258144,7,0,57 8 9,1,70,,258145,7,0,7 8 9,1,30,,258146,7,0,7 8 9,1,75,,258147,7,0,5 10 9,1,100,,258148,7,0,5 10 9,1,100,,258149,7,0,5 10 9,1,100,,258150,7,0,5 10 9,1,199,,258151,7,0,5 10 9,1
2701,'20261113',534,,258152,7,0,7 8 9,1,101,,258153,7,0,57 8 9,1,20,,258154,7,0,57 8 9,1,60,,258155,7,0,34 10 9,1,10,,258156,7,0,57 8 9,1,10,,258157,7,0,34 10 9,1,10,,258158,7,0,57 8 9,1,55,,258159,7,0,34 10 9,1,15,,258160,7,0,57 8 9,1,30,,258161,7,0,57 8 9,1,80,,258162,7,0,7 8 9,1,100,,258163,7,0,5 10 9,1,100,,258164,7,0,5 10 9,1,95,,258165,7,0,5 10 9,1,100,,258166,7,0,5 10 9,1,105,,258167,7,0,57 8 9,1,76,,258168,7,0,34 10 9,1,30,,258169,7,0,57 8 9,1,70,,258170,7,0,57 8 9,1,30,,258171,7,0,57 8 9,1,84,,258172,7,0,57 8 9,1,30,,258173,7,0,57 8 9,1,70,,258174,7,0,7 8 9,1,30,,258175,7,0,7 8 9,1,75,,258176,7,0,5 10 9,1,100,,258177,7,0,5 10 9,1,100,,258178,7,0,5 10 9,1,100,,258179,7,0,5 10 9,1,199,,258180,7,0,5 10 9,1
2701,'20261114',634,,258181,7,0,7 8 9,1,101,,258182,7,0,5 10 9,1,100,,258183,7,0,5 10 9,1,95,,258184,7,0,5 10 9,1,106,,258185,7,0,5 10 9,1,95,,258186,7,0,5 10 9,1,105,,258187,7,0,5 10 9,1,95,,258188,7,0,5 10 9,1,105,,258189,7,0,5 10 9,1,100,,258190,7,0,5 10 9,1,100,,258191,7,0,5 10 9,1,100,,258192,7,0,5 10 9,1,100,,258193,7,0,5 10 9,1,99,,258194,7,0,5 10 9,1,200,,258195,7,0,5 10 9,1,199,,258196,7,0,5 10 9,1
2701,'20261115',634,,258197,7,0,7 8 9,1,101,,258198,7,0,5 10 9,1,100,,258199,7,0,5 10 9,1,95,,258200,7,0,5 10 9,1,106,,258201,7,0,5 10 9,1,95,,258202,7,0,5 10 9,1,105,,258203,7,0,5 10 9,1,95,,258204,7,0,5 10 9,1,105,,258205,7,0,5 10 9,1,100,,258206,7,0,5 10 9,1,100,,258207,7,0,5 10 9,1,100,,258208,7,0,5 10 9,1,100,,258209,7,0,5 10 9,1,99,,258210,7,0,5 10 9,1,200,,258211,7,0,5 10 9,1,199,,258212,7,0,5 10 9,1
2701,'20261116',534,,258213,7,0,7 8 9,1,101,,258214,7,0,57 8 9,1,20,,258215,7,0,57 8 9,1,60,,258216,7,0,34 10 9,1,10,,258217,7,0,57 8 9,1,10,,258218,7,0,34 10 9,1,10,,258219,7,0,57 8 9,1,55,,258220,7,0,34 10 9,1,15,,258221,7,0,57 8 9,1,30,,258222,7,0,57 8 9,1,80,,258223,7,0,7 8 9,1,100,,258224,7,0,5 10 9,1,100,,258225,7,0,5 10 9,1,95,,258226,7,0,5 10 9,1,100,,258227,7,0,5 10 9,1,105,,258228,7,0,57 8 9,1,76,,258229,7,0,34 10 9,1,30,,258230,7,0,57 8 9,1,70,,258231,7,0,57 8 9,1,30,,258232,7,0,57 8 9,1,84,,258233,7,0,57 8 9,1,30,,258234,7,0,57 8 9,1,70,,258235,7,0,7 8 9,1,30,,258236,7,0,7 8 9,1,75,,258237,7,0,5 10 9,1,100,,258238,7,0,5 10 9,1,100,,258239,7,0,5 10 9,1,100,,258240,7,0,5 10 9,1,199,,258241,7,0,5 10 9,1
2701,'20261117',534,,258242,7,0,7 8 9,1,101,,258243,7,0,57 8 9,1,20,,258244,7,0,57 8 9,1,60,,258245,7,0,34 10 9,1,10,,258246,7,0,57 8 9,1,10,,258247,7,0,34 10 9,1,10,,258248,7,0,57 8 9,1,55,,258249,7,0,34 10 9,1,15,,258250,7,0,57 8 9,1,30,,258251,7,0,57 8 9,1,80,,258252,7,0,7 8 9,1,100,,258253,7,0,5 10 9,1,100,,258254,7,0,5 10 9,1,95,,258255,7,0,5 10 9,1,100,,258256,7,0,5 10 9,1,105,,258257,7,0,57 8 9,1,76,,258258,7,0,34 10 9,1,30,,258259,7,0,57 8 9,1,70,,258260,7,0,57 8 9,1,30,,258261,7,0,57 8 9,1,84,,258262,7,0,57 8 9,1,30,,258263,7,0,57 8 9,1,70,,258264,7,0,7 8 9,1,30,,258265,7,0,7 8 9,1,75,,258266,7,0,5 10 9,1,100,,258267,7,0,5 10 9,1,100,,258268,7,0,5 10 9,1,100,,258269,7,0,5 10 9,1,199,,258270,7,0,5 10 9,1
2701,'20261118',534,,258271,7,0,7 8 9,1,101,,258272,7,0,57 8 9,1,20,,258273,7,0,57 8 9,1,60,,258274,7,0,34 10 9,1,10,,258275,7,0,57 8 9,1,10,,258276,7,0,34 10 9,1,10,,258277,7,0,57 8 9,1,55,,258278,7,0,34 10 9,1,15,,258279,7,0,57 8 9,1,30,,258280,7,0,57 8 9,1,80,,258281,7,0,7 8 9,1,100,,258282,7,0,5 10 9,1,100,,258283,7,0,5 10 9,1,95,,258284,7,0,5 10 9,1,100,,258285,7,0,5 10 9,1,105,,258286,7,0,57 8 9,1,76,,258287,7,0,34 10 9,1,30,,258288,7,0,57 8 9,1,70,,258289,7,0,57 8 9,1,30,,258290,7,0,57 8 9,1,84,,258291,7,0,57 8 9,1,30,,258292,7,0,57 8 9,1,70,,258293,7,0,7 8 9,1,30,,258294,7,0,7 8 9,1,75,,258295,7,0,5 10 9,1,100,,258296,7,0,5 10 9,1,100,,258297,7,0,5 10 9,1,100,,258298,7,0,5 10 9,1,199,,258299,7,0,5 10 9,1
2701,'20261119',534,,258300,7,0,7 8 9,1,101,,258301,7,0,57 8 9,1,20,,258302,7,0,57 8 9,1,60,,258303,7,0,34 10 9,1,10,,258304,7,0,57 8 9,1,10,,258305,7,0,34 10 9,1,10,,258306,7,0,57 8 9,1,55,,258307,7,0,34 10 9,1,15,,258308,7,0,57 8 9,1,30,,258309,7,0,57 8 9,1,80,,258310,7,0,7 8 9,1,100,,258311,7,0,5 10 9,1,100,,258312,7,0,5 10 9,1,95,,258313,7,0,5 10 9,1,100,,258314,7,0,5 10 9,1,105,,258315,7,0,57 8 9,1,76,,258316,7,0,34 10 9,1,30,,258317,7,0,57 8 9,1,70,,258318,7,0,57 8 9,1,30,,258319,7,0,57 8 9,1,84,,258320,7,0,57 8 9,1,30,,258321,7,0,57 8 9,1,70,,258322,7,0,7 8 9,1,30,,258323,7,0,7 8 9,1,75,,258324,7,0,5 10 9,1,100,,258325,7,0,5 10 9,1,100,,258326,7,0,5 10 9,1,100,,258327,7,0,5 10 9,1,199,,258328,7,0,5 10 9,1
2701,'20261120',534,,258329,7,0,7 8 9,1,101,,258330,7,0,57 8 9,1,20,,258331,7,0,57 8 9,1,60,,258332,7,0,34 10 9,1,10,,258333,7,0,57 8 9,1,10,,258334,7,0,34 10 9,1,10,,258335,7,0,57 8 9,1,55,,258336,7,0,34 10 9,1,15,,258337,7,0,57 8 9,1,30,,258338,7,0,57 8 9,1,80,,258339,7,0,7 8 9,1,100,,258340,7,0,5 10 9,1,100,,258341,7,0,5 10 9,1,95,,258342,7,0,5 10 9,1,100,,258343,7,0,5 10 9,1,105,,258344,7,0,57 8 9,1,76,,258345,7,0,34 10 9,1,30,,258346,7,0,57 8 9,1,70,,258347,7,0,57 8 9,1,30,,258348,7,0,57 8 9,1,84,,258349,7,0,57 8 9,1,30,,258350,7,0,57 8 9,1,70,,258351,7,0,7 8 9,1,30,,258352,7,0,7 8 9,1,75,,258353,7,0,5 10 9,1,100,,258354,7,0,5 10 9,1,100,,258355,7,0,5 10 9,1,100,,258356,7,0,5 10 9,1,199,,258357,7,0,5 10 9,1
2701,'20261121',634,,258358,7,0,7 8 9,1,101,,258359,7,0,5 10 9,1,100,,258360,7,0,5 10 9,1,95,,258361,7,0,5 10 9,1,106,,258362,7,0,5 10 9,1,95,,258363,7,0,5 10 9,1,105,,258364,7,0,5 10 9,1,95,,258365,7,0,5 10 9,1,105,,258366,7,0,5 10 9,1,100,,258367,7,0,5 10 9,1,100,,258368,7,0,5 10 9,1,100,,258369,7,0,5 10 9,1,100,,258370,7,0,5 10 9,1,99,,258371,7,0,5 10 9,1,200,,258372,7,0,5 10 9,1,199,,258373,7,0,5 10 9,1
2701,'20261122',634,,258374,7,0,7 8 9,1,101,,258375,7,0,5 10 9,1,100,,258376,7,0,5 10 9,1,95,,258377,7,0,5 10 9,1,106,,258378,7,0,5 10 9,1,95,,258379,7,0,5 10 9,1,105,,258380,7,0,5 10 9,1,95,,258381,7,0,5 10 9,1,105,,258382,7,0,5 10 9,1,100,,258383,7,0,5 10 9,1,100,,258384,7,0,5 10 9,1,100,,258385,7,0,5 10 9,1,100,,258386,7,0,5 10 9,1,99,,258387,7,0,5 10 9,1,200,,258388,7,0,5 10 9,1,199,,258389,7,0,5 10 9,1
2701,'20261123',534,,258390,7,0,7 8 9,1,101,,258391,7,0,57 8 9,1,20,,258392,7,0,57 8 9,1,60,,258393,7,0,34 10 9,1,10,,258394,7,0,57 8 9,1,10,,258395,7,0,34 10 9,1,10,,258396,7,0,57 8 9,1,55,,258397,7,0,34 10 9,1,15,,258398,7,0,57 8 9,1,30,,258399,7,0,57 8 9,1,80,,258400,7,0,7 8 9,1,100,,258401,7,0,5 10 9,1,100,,258402,7,0,5 10 9,1,95,,258403,7,0,5 10 9,1,100,,258404,7,0,5 10 9,1,105,,258405,7,0,57 8 9,1,76,,258406,7,0,34 10 9,1,30,,258407,7,0,57 8 9,1,70,,258408,7,0,57 8 9,1,30,,258409,7,0,57 8 9,1,84,,258410,7,0,57 8 9,1,30,,258411,7,0,57 8 9,1,70,,258412,7,0,7 8 9,1,30,,258413,7,0,7 8 9,1,75,,258414,7,0,5 10 9,1,100,,258415,7,0,5 10 9,1,100,,258416,7,0,5 10 9,1,100,,258417,7,0,5 10 9,1,199,,258418,7,0,5 10 9,1
2701,'20261124',534,,258419,7,0,7 8 9,1,101,,258420,7,0,57 8 9,1,20,,258421,7,0,57 8 9,1,60,,258422,7,0,34 10 9,1,10,,258423,7,0,57 8 9,1,10,,258424,7,0,34 10 9,1,10,,258425,7,0,57 8 9,1,55,,258426,7,0,34 10 9,1,15,,258427,7,0,57 8 9,1,30,,258428,7,0,57 8 9,1,80,,258429,7,0,7 8 9,1,100,,258430,7,0,5 10 9,1,100,,258431,7,0,5 10 9,1,95,,258432,7,0,5 10 9,1,100,,258433,7,0,5 10 9,1,105,,258434,7,0,57 8 9,1,76,,258435,7,0,34 10 9,1,30,,258436,7,0,57 8 9,1,70,,258437,7,0,57 8 9,1,30,,258438,7,0,57 8 9,1,84,,258439,7,0,57 8 9,1,30,,258440,7,0,57 8 9,1,70,,258441,7,0,7 8 9,1,30,,258442,7,0,7 8 9,1,75,,258443,7,0,5 10 9,1,100,,258444,7,0,5 10 9,1,100,,258445,7,0,5 10 9,1,100,,258446,7,0,5 10 9,1,199,,258447,7,0,5 10 9,1
2701,'20261125',534,,258448,7,0,7 8 9,1,101,,258449,7,0,57 8 9,1,20,,258450,7,0,57 8 9,1,60,,258451,7,0,34 10 9,1,10,,258452,7,0,57 8 9,1,10,,258453,7,0,34 10 9,1,10,,258454,7,0,57 8 9,1,55,,258455,7,0,34 10 9,1,15,,258456,7,0,57 8 9,1,30,,258457,7,0,57 8 9,1,80,,258458,7,0,7 8 9,1,100,,258459,7,0,5 10 9,1,100,,258460,7,0,5 10 9,1,95,,258461,7,0,5 10 9,1,100,,258462,7,0,5 10 9,1,105,,258463,7,0,57 8 9,1,76,,258464,7,0,34 10 9,1,30,,258465,7,0,57 8 9,1,70,,258466,7,0,57 8 9,1,30,,258467,7,0,57 8 9,1,84,,258468,7,0,57 8 9,1,30,,258469,7,0,57 8 9,1,70,,258470,7,0,7 8 9,1,30,,258471,7,0,7 8 9,1,75,,258472,7,0,5 10 9,1,100,,258473,7,0,5 10 9,1,100,,258474,7,0,5 10 9,1,100,,258475,7,0,5 10 9,1,199,,258476,7,0,5 10 9,1
2701,'20261126',534,,258477,7,0,7 8 9,1,101,,258478,7,0,57 8 9,1,20,,258479,7,0,57 8 9,1,60,,258480,7,0,34 10 9,1,10,,258481,7,0,57 8 9,1,10,,258482,7,0,34 10 9,1,10,,258483,7,0,57 8 9,1,55,,258484,7,0,34 10 9,1,15,,258485,7,0,57 8 9,1,30,,258486,7,0,57 8 9,1,80,,258487,7,0,7 8 9,1,100,,258488,7,0,5 10 9,1,100,,258489,7,0,5 10 9,1,95,,258490,7,0,5 10 9,1,100,,258491,7,0,5 10 9,1,105,,258492,7,0,57 8 9,1,76,,258493,7,0,34 10 9,1,30,,258494,7,0,57 8 9,1,70,,258495,7,0,57 8 9,1,30,,258496,7,0,57 8 9,1,84,,258497,7,0,57 8 9,1,30,,258498,7,0,57 8 9,1,70,,258499,7,0,7 8 9,1,30,,258500,7,0,7 8 9,1,75,,258501,7,0,5 10 9,1,100,,258502,7,0,5 10 9,1,100,,258503,7,0,5 10 9,1,100,,258504,7,0,5 10 9,1,199,,258505,7,0,5 10 9,1
2701,'20261127',534,,258506,7,0,7 8 9,1,101,,258507,7,0,57 8 9,1,20,,258508,7,0,57 8 9,1,60,,258509,7,0,34 10 9,1,10,,258510,7,0,57 8 9,1,10,,258511,7,0,34 10 9,1,10,,258512,7,0,57 8 9,1,55,,258513,7,0,34 10 9,1,15,,258514,7,0,57 8 9,1,30,,258515,7,0,57 8 9,1,80,,258516,7,0,7 8 9,1,100,,258517,7,0,5 10 9,1,100,,258518,7,0,5 10 9,1,95,,258519,7,0,5 10 9,1,100,,258520,7,0,5 10 9,1,105,,258521,7,0,57 8 9,1,76,,258522,7,0,34 10 9,1,30,,258523,7,0,57 8 9,1,70,,258524,7,0,57 8 9,1,30,,258525,7,0,57 8 9,1,84,,258526,7,0,57 8 9,1,30,,258527,7,0,57 8 9,1,70,,258528,7,0,7 8 9,1,30,,258529,7,0,7 8 9,1,75,,258530,7,0,5 10 9,1,100,,258531,7,0,5 10 9,1,100,,258532,7,0,5 10 9,1,100,,258533,7,0,5 10 9,1,199,,258534,7,0,5 10 9,1
6700,'20260910',1540,,314713,7,,,1,170,,314714,7,,,1,110,,314715,7,,,1
6700,'20260911',1540,,314716,7,,,1,170,,314717,7,,,1,110,,314718,7,,,1
6700,'20260914',1540,,314719,7,,,1,170,,314720,7,,,1,110,,314721,7,,,1
6700,'20260915',1540,,314722,7,,,1,170,,314723,7,,,1,110,,314724,7,,,1
6700,'20260916',1540,,314725,7,,,1,170,,314726,7,,,1,110,,314727,7,,,1
6700,'20260917',1540,,314728,7,,,1,170,,314729,7,,,1,110,,314730,7,,,1
6700,'20260918',1540,,314731,7,,,1,170,,314732,7,,,1,110,,314733,7,,,1
6700,'20260921',1540,,314734,7,,,1,170,,314735,7,,,1,110,,314736,7,,,1
6700,'20260922',1540,,314737,7,,,1,170,,314738,7,,,1,110,,314739,7,,,1
6700,'20260923',1540,,314740,7,,,1,170,,314741,7,,,1,110,,314742,7,,,1
6700,'20260924',1540,,314743,7,,,1,170,,314744,7,,,1,110,,314745,7,,,1
6700,'20260925',1540,,314746,7,,,1,170,,314747,7,,,1,110,,314748,7,,,1
6700,'20260928',1540,,314749,7,,,1,170,,314750,7,,,1,110,,314751,7,,,1
6700,'20260929',1540,,314752,7,,,1,170,,314753,7,,,1,110,,314754,7,,,1
6700,'20260930',1540,,314755,7,,,1,170,,314756,7,,,1,110,,314757,7,,,1
6700,'20261001',1540,,314758,7,,,1,170,,314759,7,,,1,110,,314760,7,,,1
6700,'20261002',1540,,314761,7,,,1,170,,314762,7,,,1,110,,314763,7,,,1
6700,'20261005',1540,,314764,7,,,1,170,,314765,7,,,1,110,,314766,7,,,1
6700,'20261006',1540,,314767,7,,,1,170,,314768,7,,,1,110,,314769,7,,,1
6700,'20261007',1540,,314770,7,,,1,170,,314771,7,,,1,110,,314772,7,,,1
6700,'20261008',1540,,314773,7,,,1,170,,314774,7,,,1,110,,314775,7,,,1
6700,'20261009',1540,,314776,7,,,1,170,,314777,7,,,1,110,,314778,7,,,1
6700,'20261013',1540,,314779,7,,,1,170,,314780,7,,,1,110,,314781,7,,,1
6700,'20261014',1540,,314782,7,,,1,170,,314783,7,,,1,110,,314784,7,,,1
6700,'20261015',1540,,314785,7,,,1,170,,314786,7,,,1,110,,314787,7,,,1
6700,'20261016',1540,,314788,7,,,1,170,,314789,7,,,1,110,,314790,7,,,1
6700,'20261019',1540,,314791,7,,,1,170,,314792,7,,,1,110,,314793,7,,,1
6700,'20261020',1540,,314794,7,,,1,170,,314795,7,,,1,110,,314796,7,,,1
6700,'20261021',1540,,314797,7,,,1,170,,314798,7,,,1,110,,314799,7,,,1
6700,'20261022',1540,,314800,7,,,1,170,,314801,7,,,1,110,,314802,7,,,1
6700,'20261023',1540,,314803,7,,,1,170,,314804,7,,,1,110,,314805,7,,,1
6700,'20261026',1540,,314806,7,,,1,170,,314807,7,,,1,110,,314808,7,,,1
6700,'20261027',1540,,314809,7,,,1,170,,314810,7,,,1,110,,314811,7,,,1
6700,'20261028',1540,,314812,7,,,1,170,,314813,7,,,1,110,,314814,7,,,1
6700,'20261029',1540,,314815,7,,,1,170,,314816,7,,,1,110,,314817,7,,,1
6700,'20261030',1540,,314818,7,,,1,170,,314819,7,,,1,110,,314820,7,,,1
6700,'20261102',1540,,314821,7,,,1,170,,314822,7,,,1,110,,314823,7,,,1
6700,'20261103',1540,,314824,7,,,1,170,,314825,7,,,1,110,,314826,7,,,1
6700,'20261104',1540,,314827,7,,,1,170,,314828,7,,,1,110,,314829,7,,,1
6700,'20261105',1540,,314830,7,,,1,170,,314831,7,,,1,110,,314832,7,,,1
6700,'20261106',1540,,314833,7,,,1,170,,314834,7,,,1,110,,314835,7,,,1
6700,'20261109',1540,,314836,7,,,1,170,,314837,7,,,1,110,,314838,7,,,1
6700,'20261110',1540,,314839,7,,,1,170,,314840,7,,,1,110,,314841,7,,,1
6700,'20261111',1540,,314842,7,,,1,170,,314843,7,,,1,110,,314844,7,,,1
6700,'20261112',1540,,314845,7,,,1,170,,314846,7,,,1,110,,314847,7,,,1
6700,'20261113',1540,,314848,7,,,1,170,,314849,7,,,1,110,,314850,7,,,1
6700,'20261116',1540,,314851,7,,,1,170,,314852,7,,,1,110,,314853,7,,,1
6700,'20261117',1540,,314854,7,,,1,170,,314855,7,,,1,110,,314856,7,,,1
6700,'20261118',1540,,314857,7,,,1,170,,314858,7,,,1,110,,314859,7,,,1
6700,'20261119',1540,,314860,7,,,1,170,,314861,7,,,1,110,,314862,7,,,1
6700,'20261120',1540,,314863,7,,,1,170,,314864,7,,,1,110,,314865,7,,,1
6700,'20261123',1540,,314866,7,,,1,170,,314867,7,,,1,110,,314868,7,,,1
6700,'20261124',1540,,314869,7,,,1,170,,314870,7,,,1,110,,314871,7,,,1
6700,'20261125',1540,,314872,7,,,1,170,,314873,7,,,1,110,,314874,7,,,1
6700,'20261126',1540,,314875,7,,,1,170,,314876,7,,,1,110,,314877,7,,,1
6700,'20261127',1540,,314878,7,,,1,170,,314879,7,,,1,110,,314880,7,,,1
9600,'20260910',620,,330095,7,0,5 11 12 9,1,90,,330096,7,0,5 11 12 9,1,95,,330097,7,0,5 11 12 9,1,35,,330098,7,0,5 11 12 9,1,65,,330099,7,0,5 11 12 9,1,110,,330100,7,0,5 11 12 9,1,195,,330101,7,0,5 11 12 9,1,201,,330102,7,0,5 11 12 9,1,105,,330103,7,0,5 11 12 9,1,100,,330104,7,0,5 11 12 9,1,30,,330105,7,0,5 11 12 9,1,70,,330106,7,0,5 11 12 9,1,35,,330107,7,0,5 11 12 9,1,65,,330108,7,0,5 11 12 9,1,99,,330109,7,0,5 11 12 9,1,194,,330110,7,0,5 11 12 9,1
9600,'20260911',620,,330111,7,0,5 11 12 9,1,90,,330112,7,0,5 11 12 9,1,95,,330113,7,0,5 11 12 9,1,100,,330114,7,0,5 11 12 9,1,110,,330115,7,0,5 11 12 9,1,195,,330116,7,0,5 11 12 9,1,201,,330117,7,0,5 11 12 9,1,105,,330118,7,0,5 11 12 9,1,100,,330119,7,0,5 11 12 9,1,30,,330120,7,0,5 11 12 9,1,70,,330121,7,0,5 11 12 9,1,35,,330122,7,0,5 11 12 9,1,65,,330123,7,0,5 11 12 9,1,99,,330124,7,0,5 11 12 9,1,194,,330125,7,0,5 11 12 9,1
9600,'20260912',814,,330126,7,0,5 11 12 9,1,201,,330127,7,0,5 11 12 9,1,200,,330128,7,0,5 11 12 9,1,100,,330129,7,0,5 11 12 9,1,100,,330130,7,0,5 11 12 9,1,100,,330131,7,0,5 11 12 9,1,100,,330132,7,0,5 11 12 9,1,100,,330133,7,0,5 11 12 9,1,100,,330134,7,0,5 11 12 9,1,200,,330135,7,0,5 11 12 9,1,199,,330136,7,0,5 11 12 9,1
9600,'20260913',814,,330137,7,0,5 11 12 9,1,201,,330138,7,0,5 11 12 9,1,200,,330139,7,0,5 11 12 9,1,100,,330140,7,0,5 11 12 9,1,100,,330141,7,0,5 11 12 9,1,100,,330142,7,0,5 11 12 9,1,100,,330143,7,0,5 11 12 9,1,100,,330144,7,0,5 11 12 9,1,100,,330145,7,0,5 11 12 9,1,200,,330146,7,0,5 11 12 9,1,199,,330147,7,0,5 11 12 9,1
9600,'20260914',620,,330148,7,0,5 11 12 9,1,90,,330149,7,0,5 11 12 9,1,95,,330150,7,0,5 11 12 9,1,35,,330151,7,0,5 11 12 9,1,65,,330152,7,0,5 11 12 9,1,110,,330153,7,0,5 11 12 9,1,195,,330154,7,0,5 11 12 9,1,201,,330155,7,0,5 11 12 9,1,105,,330156,7,0,5 11 12 9,1,100,,330157,7,0,5 11 12 9,1,30,,330158,7,0,5 11 12 9,1,70,,330159,7,0,5 11 12 9,1,35,,330160,7,0,5 11 12 9,1,65,,330161,7,0,5 11 12 9,1,99,,330162,7,0,5 11 12 9,1,194,,330163,7,0,5 11 12 9,1
9600,'20260915',620,,330164,7,0,5 11 12 9,1,90,,330165,7,0,5 11 12 9,1,95,,330166,7,0,5 11 12 9,1,35,,330167,7,0,5 11 12 9,1,65,,330168,7,0,5 11 12 9,1,110,,330169,7,0,5 11 12 9,1,195,,330170,7,0,5 11 12 9,1,201,,330171,7,0,5 11 12 9,1,105,,330172,7,0,5 11 12 9,1,100,,330173,7,0,5 11 12 9,1,30,,330174,7,0,5 11 12 9,1,70,,330175,7,0,5 11 12 9,1,35,,330176,7,0,5 11 12 9,1,65,,330177,7,0,5 11 12 9,1,99,,330178,7,0,5 11 12 9,1,194,,330179,7,0,5 11 12 9,1
9600,'20260916',620,,330180,7,0,5 11 12 9,1,90,,330181,7,0,5 11 12 9,1,95,,330182,7,0,5 11 12 9,1,35,,330183,7,0,5 11 12 9,1,65,,330184,7,0,5 11 12 9,1,110,,330185,7,0,5 11 12 9,1,195,,330186,7,0,5 11 12 9,1,201,,330187,7,0,5 11 12 9,1,105,,330188,7,0,5 11 12 9,1,100,,330189,7,0,5 11 12 9,1,30,,330190,7,0,5 11 12 9,1,70,,330191,7,0,5 11 12 9,1,35,,330192,7,0,5 11 12 9,1,65,,330193,7,0,5 11 12 9,1,99,,330194,7,0,5 11 12 9,1,194,,330195,7,0,5 11 12 9,1
9600,'20260917',620,,330196,7,0,5 11 12 9,1,90,,330197,7,0,5 11 12 9,1,95,,330198,7,0,5 11 12 9,1,35,,330199,7,0,5 11 12 9,1,65,,330200,7,0,5 11 12 9,1,110,,330201,7,0,5 11 12 9,1,195,,330202,7,0,5 11 12 9,1,201,,330203,7,0,5 11 12 9,1,105,,330204,7,0,5 11 12 9,1,100,,330205,7,0,5 11 12 9,1,30,,330206,7,0,5 11 12 9,1,70,,330207,7,0,5 11 12 9,1,35,,330208,7,0,5 11 12 9,1,65,,330209,7,0,5 11 12 9,1,99,,330210,7,0,5 11 12 9,1,194,,330211,7,0,5 11 12 9,1
9600,'20260918',620,,330212,7,0,5 11 12 9,1,90,,330213,7,0,5 11 12 9,1,95,,330214,7,0,5 11 12 9,1,100,,330215,7,0,5 11 12 9,1,110,,330216,7,0,5 11 12 9,1,195,,330217,7,0,5 11 12 9,1,201,,330218,7,0,5 11 12 9,1,105,,330219,7,0,5 11 12 9,1,100,,330220,7,0,5 11 12 9,1,30,,330221,7,0,5 11 12 9,1,70,,330222,7,0,5 11 12 9,1,35,,330223,7,0,5 11 12 9,1,65,,330224,7,0,5 11 12 9,1,99,,330225,7,0,5 11 12 9,1,194,,330226,7,0,5 11 12 9,1
9600,'20260919',814,,330227,7,0,5 11 12 9,1,201,,330228,7,0,5 11 12 9,1,200,,330229,7,0,5 11 12 9,1,100,,330230,7,0,5 11 12 9,1,100,,330231,7,0,5 11 12 9,1,100,,330232,7,0,5 11 12 9,1,100,,330233,7,0,5 11 12 9,1,100,,330234,7,0,5 11 12 9,1,100,,330235,7,0,5 11 12 9,1,200,,330236,7,0,5 11 12 9,1,199,,330237,7,0,5 11 12 9,1
9600,'20260920',814,,330238,7,0,5 11 12 9,1,201,,330239,7,0,5 11 12 9,1,200,,330240,7,0,5 11 12 9,1,100,,330241,7,0,5 11 12 9,1,100,,330242,7,0,5 11 12 9,1,100,,330243,7,0,5 11 12 9,1,100,,330244,7,0,5 11 12 9,1,100,,330245,7,0,5 11 12 9,1,100,,330246,7,0,5 11 12 9,1,200,,330247,7,0,5 11 12 9,1,199,,330248,7,0,5 11 12 9,1
9600,'20260921',620,,330249,7,0,5 11 12 9,1,90,,330250,7,0,5 11 12 9,1,95,,330251,7,0,5 11 12 9,1,35,,330252,7,0,5 11 12 9,1,65,,330253,7,0,5 11 12 9,1,110,,330254,7,0,5 11 12 9,1,195,,330255,7,0,5 11 12 9,1,201,,330256,7,0,5 11 12 9,1,105,,330257,7,0,5 11 12 9,1,100,,330258,7,0,5 11 12 9,1,30,,330259,7,0,5 11 12 9,1,70,,330260,7,0,5 11 12 9,1,35,,330261,7,0,5 11 12 9,1,65,,330262,7,0,5 11 12 9,1,99,,330263,7,0,5 11 12 9,1,194,,330264,7,0,5 11 12 9,1
9600,'20260922',620,,330265,7,0,5 11 12 9,1,90,,330266,7,0,5 11 12 9,1,95,,330267,7,0,5 11 12 9,1,35,,330268,7,0,5 11 12 9,1,65,,330269,7,0,5 11 12 9,1,110,,330270,7,0,5 11 12 9,1,195,,330271,7,0,5 11 12 9,1,201,,330272,7,0,5 11 12 9,1,105,,330273,7,0,5 11 12 9,1,100,,330274,7,0,5 11 12 9,1,30,,330275,7,0,5 11 12 9,1,70,,330276,7,0,5 11 12 9,1,35,,330277,7,0,5 11 12 9,1,65,,330278,7,0,5 11 12 9,1,99,,330279,7,0,5 11 12 9,1,194,,330280,7,0,5 11 12 9,1
9600,'20260923',620,,330281,7,0,5 11 12 9,1,90,,330282,7,0,5 11 12 9,1,95,,330283,7,0,5 11 12 9,1,35,,330284,7,0,5 11 12 9,1,65,,330285,7,0,5 11 12 9,1,110,,330286,7,0,5 11 12 9,1,195,,330287,7,0,5 11 12 9,1,201,,330288,7,0,5 11 12 9,1,105,,330289,7,0,5 11 12 9,1,100,,330290,7,0,5 11 12 9,1,30,,330291,7,0,5 11 12 9,1,70,,330292,7,0,5 11 12 9,1,35,,330293,7,0,5 11 12 9,1,65,,330294,7,0,5 11 12 9,1,99,,330295,7,0,5 11 12 9,1,194,,330296,7,0,5 11 12 9,1
9600,'20260924',620,,330297,7,0,5 11 12 9,1,90,,330298,7,0,5 11 12 9,1,95,,330299,7,0,5 11 12 9,1,35,,330300,7,0,5 11 12 9,1,65,,330301,7,0,5 11 12 9,1,110,,330302,7,0,5 11 12 9,1,195,,330303,7,0,5 11 12 9,1,201,,330304,7,0,5 11 12 9,1,105,,330305,7,0,5 11 12 9,1,100,,330306,7,0,5 11 12 9,1,30,,330307,7,0,5 11 12 9,1,70,,330308,7,0,5 11 12 9,1,35,,330309,7,0,5 11 12 9,1,65,,330310,7,0,5 11 12 9,1,99,,330311,7,0,5 11 12 9,1,194,,330312,7,0,5 11 12 9,1
9600,'20260925',620,,330313,7,0,5 11 12 9,1,90,,330314,7,0,5 11 12 9,1,95,,330315,7,0,5 11 12 9,1,100,,330316,7,0,5 11 12 9,1,110,,330317,7,0,5 11 12 9,1,195,,330318,7,0,5 11 12 9,1,201,,330319,7,0,5 11 12 9,1,105,,330320,7,0,5 11 12 9,1,100,,330321,7,0,5 11 12 9,1,30,,330322,7,0,5 11 12 9,1,70,,330323,7,0,5 11 12 9,1,35,,330324,7,0,5 11 12 9,1,65,,330325,7,0,5 11 12 9,1,99,,330326,7,0,5 11 12 9,1,194,,330327,7,0,5 11 12 9,1
9600,'20260926',814,,330328,7,0,5 11 12 9,1,201,,330329,7,0,5 11 12 9,1,200,,330330,7,0,5 11 12 9,1,100,,330331,7,0,5 11 12 9,1,100,,330332,7,0,5 11 12 9,1,100,,330333,7,0,5 11 12 9,1,100,,330334,7,0,5 11 12 9,1,100,,330335,7,0,5 11 12 9,1,100,,330336,7,0,5 11 12 9,1,200,,330337,7,0,5 11 12 9,1,199,,330338,7,0,5 11 12 9,1
9600,'20260927',814,,330339,7,0,5 11 12 9,1,201,,330340,7,0,5 11 12 9,1,200,,330341,7,0,5 11 12 9,1,100,,330342,7,0,5 11 12 9,1,100,,330343,7,0,5 11 12 9,1,100,,330344,7,0,5 11 12 9,1,100,,330345,7,0,5 11 12 9,1,100,,330346,7,0,5 11 12 9,1,100,,330347,7,0,5 11 12 9,1,200,,330348,7,0,5 11 12 9,1,199,,330349,7,0,5 11 12 9,1
9600,'20260928',620,,330350,7,0,5 11 12 9,1,90,,330351,7,0,5 11 12 9,1,95,,330352,7,0,5 11 12 9,1,35,,330353,7,0,5 11 12 9,1,65,,330354,7,0,5 11 12 9,1,110,,330355,7,0,5 11 12 9,1,195,,330356,7,0,5 11 12 9,1,201,,330357,7,0,5 11 12 9,1,105,,330358,7,0,5 11 12 9,1,100,,330359,7,0,5 11 12 9,1,30,,330360,7,0,5 11 12 9,1,70,,330361,7,0,5 11 12 9,1,35,,330362,7,0,5 11 12 9,1,65,,330363,7,0,5 11 12 9,1,99,,330364,7,0,5 11 12 9,1,194,,330365,7,0,5 11 12 9,1
9600,'20260929',620,,330366,7,0,5 11 12 9,1,90,,330367,7,0,5 11 12 9,1,95,,330368,7,0,5 11 12 9,1,35,,330369,7,0,5 11 12 9,1,65,,330370,7,0,5 11 12 9,1,110,,330371,7,0,5 11 12 9,1,195,,330372,7,0,5 11 12 9,1,201,,330373,7,0,5 11 12 9,1,105,,330374,7,0,5 11 12 9,1,100,,330375,7,0,5 11 12 9,1,30,,330376,7,0,5 11 12 9,1,70,,330377,7,0,5 11 12 9,1,35,,330378,7,0,5 11 12 9,1,65,,330379,7,0,5 11 12 9,1,99,,330380,7,0,5 11 12 9,1,194,,330381,7,0,5 11 12 9,1
9600,'20260930',620,,330382,7,0,5 11 12 9,1,90,,330383,7,0,5 11 12 9,1,95,,330384,7,0,5 11 12 9,1,35,,330385,7,0,5 11 12 9,1,65,,330386,7,0,5 11 12 9,1,110,,330387,7,0,5 11 12 9,1,195,,330388,7,0,5 11 12 9,1,201,,330389,7,0,5 11 12 9,1,105,,330390,7,0,5 11 12 9,1,100,,330391,7,0,5 11 12 9,1,30,,330392,7,0,5 11 12 9,1,70,,330393,7,0,5 11 12 9,1,35,,330394,7,0,5 11 12 9,1,65,,330395,7,0,5 11 12 9,1,99,,330396,7,0,5 11 12 9,1,194,,330397,7,0,5 11 12 9,1
9600,'20261001',620,,330398,7,0,5 11 12 9,1,90,,330399,7,0,5 11 12 9,1,95,,330400,7,0,5 11 12 9,1,35,,330401,7,0,5 11 12 9,1,65,,330402,7,0,5 11 12 9,1,110,,330403,7,0,5 11 12 9,1,195,,330404,7,0,5 11 12 9,1,201,,330405,7,0,5 11 12 9,1,105,,330406,7,0,5 11 12 9,1,100,,330407,7,0,5 11 12 9,1,30,,330408,7,0,5 11 12 9,1,70,,330409,7,0,5 11 12 9,1,35,,330410,7,0,5 11 12 9,1,65,,330411,7,0,5 11 12 9,1,99,,330412,7,0,5 11 12 9,1,194,,330413,7,0,5 11 12 9,1
9600,'20261002',620,,330414,7,0,5 11 12 9,1,90,,330415,7,0,5 11 12 9,1,95,,330416,7,0,5 11 12 9,1,100,,330417,7,0,5 11 12 9,1,110,,330418,7,0,5 11 12 9,1,195,,330419,7,0,5 11 12 9,1,201,,330420,7,0,5 11 12 9,1,105,,330421,7,0,5 11 12 9,1,100,,330422,7,0,5 11 12 9,1,30,,330423,7,0,5 11 12 9,1,70,,330424,7,0,5 11 12 9,1,35,,330425,7,0,5 11 12 9,1,65,,330426,7,0,5 11 12 9,1,99,,330427,7,0,5 11 12 9,1,194,,330428,7,0,5 11 12 9,1
9600,'20261003',814,,330429,7,0,5 11 12 9,1,201,,330430,7,0,5 11 12 9,1,200,,330431,7,0,5 11 12 9,1,100,,330432,7,0,5 11 12 9,1,100,,330433,7,0,5 11 12 9,1,100,,330434,7,0,5 11 12 9,1,100,,330435,7,0,5 11 12 9,1,100,,330436,7,0,5 11 12 9,1,100,,330437,7,0,5 11 12 9,1,200,,330438,7,0,5 11 12 9,1,199,,330439,7,0,5 11 12 9,1
9600,'20261004',814,,330440,7,0,5 11 12 9,1,201,,330441,7,0,5 11 12 9,1,200,,330442,7,0,5 11 12 9,1,100,,330443,7,0,5 11 12 9,1,100,,330444,7,0,5 11 12 9,1,100,,330445,7,0,5 11 12 9,1,100,,330446,7,0,5 11 12 9,1,100,,330447,7,0,5 11 12 9,1,100,,330448,7,0,5 11 12 9,1,200,,330449,7,0,5 11 12 9,1,199,,330450,7,0,5 11 12 9,1
9600,'20261005',620,,330451,7,0,5 11 12 9,1,90,,330452,7,0,5 11 12 9,1,95,,330453,7,0,5 11 12 9,1,35,,330454,7,0,5 11 12 9,1,65,,330455,7,0,5 11 12 9,1,110,,330456,7,0,5 11 12 9,1,195,,330457,7,0,5 11 12 9,1,201,,330458,7,0,5 11 12 9,1,105,,330459,7,0,5 11 12 9,1,100,,330460,7,0,5 11 12 9,1,30,,330461,7,0,5 11 12 9,1,70,,330462,7,0,5 11 12 9,1,35,,330463,7,0,5 11 12 9,1,65,,330464,7,0,5 11 12 9,1,99,,330465,7,0,5 11 12 9,1,194,,330466,7,0,5 11 12 9,1
9600,'20261006',620,,330467,7,0,5 11 12 9,1,90,,330468,7,0,5 11 12 9,1,95,,330469,7,0,5 11 12 9,1,35,,330470,7,0,5 11 12 9,1,65,,330471,7,0,5 11 12 9,1,110,,330472,7,0,5 11 12 9,1,195,,330473,7,0,5 11 12 9,1,201,,330474,7,0,5 11 12 9,1,105,,330475,7,0,5 11 12 9,1,100,,330476,7,0,5 11 12 9,1,30,,330477,7,0,5 11 12 9,1,70,,330478,7,0,5 11 12 9,1,35,,330479,7,0,5 11 12 9,1,65,,330480,7,0,5 11 12 9,1,99,,330481,7,0,5 11 12 9,1,194,,330482,7,0,5 11 12 9,1
9600,'20261007',620,,330483,7,0,5 11 12 9,1,90,,330484,7,0,5 11 12 9,1,95,,330485,7,0,5 11 12 9,1,35,,330486,7,0,5 11 12 9,1,65,,330487,7,0,5 11 12 9,1,110,,330488,7,0,5 11 12 9,1,195,,330489,7,0,5 11 12 9,1,201,,330490,7,0,5 11 12 9,1,105,,330491,7,0,5 11 12 9,1,100,,330492,7,0,5 11 12 9,1,30,,330493,7,0,5 11 12 9,1,70,,330494,7,0,5 11 12 9,1,35,,330495,7,0,5 11 12 9,1,65,,330496,7,0,5 11 12 9,1,99,,330497,7,0,5 11 12 9,1,194,,330498,7,0,5 11 12 9,1
9600,'20261008',620,,330499,7,0,5 11 12 9,1,90,,330500,7,0,5 11 12 9,1,95,,330501,7,0,5 11 12 9,1,35,,330502,7,0,5 11 12 9,1,65,,330503,7,0,5 11 12 9,1,110,,330504,7,0,5 11 12 9,1,195,,330505,7,0,5 11 12 9,1,201,,330506,7,0,5 11 12 9,1,105,,330507,7,0,5 11 12 9,1,100,,330508,7,0,5 11 12 9,1,30,,330509,7,0,5 11 12 9,1,70,,330510,7,0,5 11 12 9,1,35,,330511,7,0,5 11 12 9,1,65,,330512,7,0,5 11 12 9,1,99,,330513,7,0,5 11 12 9,1,194,,330514,7,0,5 11 12 9,1
9600,'20261009',620,,330515,7,0,5 11 12 9,1,90,,330516,7,0,5 11 12 9,1,95,,330517,7,0,5 11 12 9,1,100,,330518,7,0,5 11 12 9,1,110,,330519,7,0,5 11 12 9,1,195,,330520,7,0,5 11 12 9,1,201,,330521,7,0,5 11 12 9,1,105,,330522,7,0,5 11 12 9,1,100,,330523,7,0,5 11 12 9,1,30,,330524,7,0,5 11 12 9,1,70,,330525,7,0,5 11 12 9,1,35,,330526,7,0,5 11 12 9,1,65,,330527,7,0,5 11 12 9,1,99,,330528,7,0,5 11 12 9,1,194,,330529,7,0,5 11 12 9,1
9600,'20261010',814,,330530,7,0,5 11 12 9,1,201,,330531,7,0,5 11 12 9,1,200,,330532,7,0,5 11 12 9,1,100,,330533,7,0,5 11 12 9,1,100,,330534,7,0,5 11 12 9,1,100,,330535,7,0,5 11 12 9,1,100,,330536,7,0,5 11 12 9,1,100,,330537,7,0,5 11 12 9,1,100,,330538,7,0,5 11 12 9,1,200,,330539,7,0,5 11 12 9,1,199,,330540,7,0,5 11 12 9,1
9600,'20261011',814,,330541,7,0,5 11 12 9,1,201,,330542,7,0,5 11 12 9,1,200,,330543,7,0,5 11 12 9,1,100,,330544,7,0,5 11 12 9,1,100,,330545,7,0,5 11 12 9,1,100,,330546,7,0,5 11 12 9,1,100,,330547,7,0,5 11 12 9,1,100,,330548,7,0,5 11 12 9,1,100,,330549,7,0,5 11 12 9,1,200,,330550,7,0,5 11 12 9,1,199,,330551,7,0,5 11 12 9,1
9600,'20261012',814,,330552,7,0,5 11 12 9,1,201,,330553,7,0,5 11 12 9,1,200,,330554,7,0,5 11 12 9,1,100,,330555,7,0,5 11 12 9,1,100,,330556,7,0,5 11 12 9,1,100,,330557,7,0,5 11 12 9,1,100,,330558,7,0,5 11 12 9,1,100,,330559,7,0,5 11 12 9,1,100,,330560,7,0,5 11 12 9,1,200,,330561,7,0,5 11 12 9,1,199,,330562,7,0,5 11 12 9,1
9600,'20261013',620,,330563,7,0,5 11 12 9,1,90,,330564,7,0,5 11 12 9,1,95,,330565,7,0,5 11 12 9,1,35,,330566,7,0,5 11 12 9,1,65,,330567,7,0,5 11 12 9,1,110,,330568,7,0,5 11 12 9,1,195,,330569,7,0,5 11 12 9,1,201,,330570,7,0,5 11 12 9,1,105,,330571,7,0,5 11 12 9,1,100,,330572,7,0,5 11 12 9,1,30,,330573,7,0,5 11 12 9,1,70,,330574,7,0,5 11 12 9,1,35,,330575,7,0,5 11 12 9,1,65,,330576,7,0,5 11 12 9,1,99,,330577,7,0,5 11 12 9,1,194,,330578,7,0,5 11 12 9,1
9600,'20261014',620,,330579,7,0,5 11 12 9,1,90,,330580,7,0,5 11 12 9,1,95,,330581,7,0,5 11 12 9,1,35,,330582,7,0,5 11 12 9,1,65,,330583,7,0,5 11 12 9,1,110,,330584,7,0,5 11 12 9,1,195,,330585,7,0,5 11 12 9,1,201,,330586,7,0,5 11 12 9,1,105,,330587,7,0,5 11 12 9,1,100,,330588,7,0,5 11 12 9,1,30,,330589,7,0,5 11 12 9,1,70,,330590,7,0,5 11 12 9,1,35,,330591,7,0,5 11 12 9,1,65,,330592,7,0,5 11 12 9,1,99,,330593,7,0,5 11 12 9,1,194,,330594,7,0,5 11 12 9,1
9600,'20261015',620,,330595,7,0,5 11 12 9,1,90,,330596,7,0,5 11 12 9,1,95,,330597,7,0,5 11 12 9,1,35,,330598,7,0,5 11 12 9,1,65,,330599,7,0,5 11 12 9,1,110,,330600,7,0,5 11 12 9,1,195,,330601,7,0,5 11 12 9,1,201,,330602,7,0,5 11 12 9,1,105,,330603,7,0,5 11 12 9,1,100,,330604,7,0,5 11 12 9,1,30,,330605,7,0,5 11 12 9,1,70,,330606,7,0,5 11 12 9,1,35,,330607,7,0,5 11 12 9,1,65,,330608,7,0,5 11 12 9,1,99,,330609,7,0,5 11 12 9,1,194,,330610,7,0,5 11 12 9,1
9600,'20261016',620,,330611,7,0,5 11 12 9,1,90,,330612,7,0,5 11 12 9,1,95,,330613,7,0,5 11 12 9,1,100,,330614,7,0,5 11 12 9,1,110,,330615,7,0,5 11 12 9,1,195,,330616,7,0,5 11 12 9,1,201,,330617,7,0,5 11 12 9,1,105,,330618,7,0,5 11 12 9,1,100,,330619,7,0,5 11 12 9,1,30,,330620,7,0,5 11 12 9,1,70,,330621,7,0,5 11 12 9,1,35,,330622,7,0,5 11 12 9,1,65,,330623,7,0,5 11 12 9,1,99,,330624,7,0,5 11 12 9,1,194,,330625,7,0,5 11 12 9,1
9600,'20261017',814,,330626,7,0,5 11 12 9,1,201,,330627,7,0,5 11 12 9,1,200,,330628,7,0,5 11 12 9,1,100,,330629,7,0,5 11 12 9,1,100,,330630,7,0,5 11 12 9,1,100,,330631,7,0,5 11 12 9,1,100,,330632,7,0,5 11 12 9,1,100,,330633,7,0,5 11 12 9,1,100,,330634,7,0,5 11 12 9,1,200,,330635,7,0,5 11 12 9,1,199,,330636,7,0,5 11 12 9,1
9600,'20261018',814,,330637,7,0,5 11 12 9,1,201,,330638,7,0,5 11 12 9,1,200,,330639,7,0,5 11 12 9,1,100,,330640,7,0,5 11 12 9,1,100,,330641,7,0,5 11 12 9,1,100,,330642,7,0,5 11 12 9,1,100,,330643,7,0,5 11 12 9,1,100,,330644,7,0,5 11 12 9,1,100,,330645,7,0,5 11 12 9,1,200,,330646,7,0,5 11 12 9,1,199,,330647,7,0,5 11 12 9,1
9600,'20261019',620,,330648,7,0,5 11 12 9,1,90,,330649,7,0,5 11 12 9,1,95,,330650,7,0,5 11 12 9,1,35,,330651,7,0,5 11 12 9,1,65,,330652,7,0,5 11 12 9,1,110,,330653,7,0,5 11 12 9,1,195,,330654,7,0,5 11 12 9,1,201,,330655,7,0,5 11 12 9,1,105,,330656,7,0,5 11 12 9,1,100,,330657,7,0,5 11 12 9,1,30,,330658,7,0,5 11 12 9,1,70,,330659,7,0,5 11 12 9,1,35,,330660,7,0,5 11 12 9,1,65,,330661,7,0,5 11 12 9,1,99,,330662,7,0,5 11 12 9,1,194,,330663,7,0,5 11 12 9,1
9600,'20261020',620,,330664,7,0,5 11 12 9,1,90,,330665,7,0,5 11 12 9,1,95,,330666,7,0,5 11 12 9,1,35,,330667,7,0,5 11 12 9,1,65,,330668,7,0,5 11 12 9,1,110,,330669,7,0,5 11 12 9,1,195,,330670,7,0,5 11 12 9,1,201,,330671,7,0,5 11 12 9,1,105,,330672,7,0,5 11 12 9,1,100,,330673,7,0,5 11 12 9,1,30,,330674,7,0,5 11 12 9,1,70,,330675,7,0,5 11 12 9,1,35,,330676,7,0,5 11 12 9,1,65,,330677,7,0,5 11 12 9,1,99,,330678,7,0,5 11 12 9,1,194,,330679,7,0,5 11 12 9,1
9600,'20261021',620,,330680,7,0,5 11 12 9,1,90,,330681,7,0,5 11 12 9,1,95,,330682,7,0,5 11 12 9,1,35,,330683,7,0,5 11 12 9,1,65,,330684,7,0,5 11 12 9,1,110,,330685,7,0,5 11 12 9,1,195,,330686,7,0,5 11 12 9,1,201,,330687,7,0,5 11 12 9,1,105,,330688,7,0,5 11 12 9,1,100,,330689,7,0,5 11 12 9,1,30,,330690,7,0,5 11 12 9,1,70,,330691,7,0,5 11 12 9,1,35,,330692,7,0,5 11 12 9,1,65,,330693,7,0,5 11 12 9,1,99,,330694,7,0,5 11 12 9,1,194,,330695,7,0,5 11 12 9,1
9600,'20261022',620,,330696,7,0,5 11 12 9,1,90,,330697,7,0,5 11 12 9,1,95,,330698,7,0,5 11 12 9,1,35,,330699,7,0,5 11 12 9,1,65,,330700,7,0,5 11 12 9,1,110,,330701,7,0,5 11 12 9,1,195,,330702,7,0,5 11 12 9,1,201,,330703,7,0,5 11 12 9,1,105,,330704,7,0,5 11 12 9,1,100,,330705,7,0,5 11 12 9,1,30,,330706,7,0,5 11 12 9,1,70,,330707,7,0,5 11 12 9,1,35,,330708,7,0,5 11 12 9,1,65,,330709,7,0,5 11 12 9,1,99,,330710,7,0,5 11 12 9,1,194,,330711,7,0,5 11 12 9,1
9600,'20261023',620,,330712,7,0,5 11 12 9,1,90,,330713,7,0,5 11 12 9,1,95,,330714,7,0,5 11 12 9,1,100,,330715,7,0,5 11 12 9,1,110,,330716,7,0,5 11 12 9,1,195,,330717,7,0,5 11 12 9,1,201,,330718,7,0,5 11 12 9,1,105,,330719,7,0,5 11 12 9,1,100,,330720,7,0,5 11 12 9,1,30,,330721,7,0,5 11 12 9,1,70,,330722,7,0,5 11 12 9,1,35,,330723,7,0,5 11 12 9,1,65,,330724,7,0,5 11 12 9,1,99,,330725,7,0,5 11 12 9,1,194,,330726,7,0,5 11 12 9,1
9600,'20261024',814,,330727,7,0,5 11 12 9,1,201,,330728,7,0,5 11 12 9,1,200,,330729,7,0,5 11 12 9,1,100,,330730,7,0,5 11 12 9,1,100,,330731,7,0,5 11 12 9,1,100,,330732,7,0,5 11 12 9,1,100,,330733,7,0,5 11 12 9,1,100,,330734,7,0,5 11 12 9,1,100,,330735,7,0,5 11 12 9,1,200,,330736,7,0,5 11 12 9,1,199,,330737,7,0,5 11 12 9,1
9600,'20261025',814,,330738,7,0,5 11 12 9,1,201,,330739,7,0,5 11 12 9,1,200,,330740,7,0,5 11 12 9,1,100,,330741,7,0,5 11 12 9,1,100,,330742,7,0,5 11 12 9,1,100,,330743,7,0,5 11 12 9,1,100,,330744,7,0,5 11 12 9,1,100,,330745,7,0,5 11 12 9,1,100,,330746,7,0,5 11 12 9,1,200,,330747,7,0,5 11 12 9,1,199,,330748,7,0,5 11 12 9,1
9600,'20261026',620,,330749,7,0,5 11 12 9,1,90,,330750,7,0,5 11 12 9,1,95,,330751,7,0,5 11 12 9,1,35,,330752,7,0,5 11 12 9,1,65,,330753,7,0,5 11 12 9,1,110,,330754,7,0,5 11 12 9,1,195,,330755,7,0,5 11 12 9,1,201,,330756,7,0,5 11 12 9,1,105,,330757,7,0,5 11 12 9,1,100,,330758,7,0,5 11 12 9,1,30,,330759,7,0,5 11 12 9,1,70,,330760,7,0,5 11 12 9,1,35,,330761,7,0,5 11 12 9,1,65,,330762,7,0,5 11 12 9,1,99,,330763,7,0,5 11 12 9,1,194,,330764,7,0,5 11 12 9,1
9600,'20261027',620,,330765,7,0,5 11 12 9,1,90,,330766,7,0,5 11 12 9,1,95,,330767,7,0,5 11 12 9,1,35,,330768,7,0,5 11 12 9,1,65,,330769,7,0,5 11 12 9,1,110,,330770,7,0,5 11 12 9,1,195,,330771,7,0,5 11 12 9,1,201,,330772,7,0,5 11 12 9,1,105,,330773,7,0,5 11 12 9,1,100,,330774,7,0,5 11 12 9,1,30,,330775,7,0,5 11 12 9,1,70,,330776,7,0,5 11 12 9,1,35,,330777,7,0,5 11 12 9,1,65,,330778,7,0,5 11 12 9,1,99,,330779,7,0,5 11 12 9,1,194,,330780,7,0,5 11 12 9,1
9600,'20261028',620,,330781,7,0,5 11 12 9,1,90,,330782,7,0,5 11 12 9,1,95,,330783,7,0,5 11 12 9,1,35,,330784,7,0,5 11 12 9,1,65,,330785,7,0,5 11 12 9,1,110,,330786,7,0,5 11 12 9,1,195,,330787,7,0,5 11 12 9,1,201,,330788,7,0,5 11 12 9,1,105,,330789,7,0,5 11 12 9,1,100,,330790,7,0,5 11 12 9,1,30,,330791,7,0,5 11 12 9,1,70,,330792,7,0,5 11 12 9,1,35,,330793,7,0,5 11 12 9,1,65,,330794,7,0,5 11 12 9,1,99,,330795,7,0,5 11 12 9,1,194,,330796,7,0,5 11 12 9,1
9600,'20261029',620,,330797,7,0,5 11 12 9,1,90,,330798,7,0,5 11 12 9,1,95,,330799,7,0,5 11 12 9,1,35,,330800,7,0,5 11 12 9,1,65,,330801,7,0,5 11 12 9,1,110,,330802,7,0,5 11 12 9,1,195,,330803,7,0,5 11 12 9,1,201,,330804,7,0,5 11 12 9,1,105,,330805,7,0,5 11 12 9,1,100,,330806,7,0,5 11 12 9,1,30,,330807,7,0,5 11 12 9,1,70,,330808,7,0,5 11 12 9,1,35,,330809,7,0,5 11 12 9,1,65,,330810,7,0,5 11 12 9,1,99,,330811,7,0,5 11 12 9,1,194,,330812,7,0,5 11 12 9,1
9600,'20261030',620,,330813,7,0,5 11 12 9,1,90,,330814,7,0,5 11 12 9,1,95,,330815,7,0,5 11 12 9,1,100,,330816,7,0,5 11 12 9,1,110,,330817,7,0,5 11 12 9,1,195,,330818,7,0,5 11 12 9,1,201,,330819,7,0,5 11 12 9,1,105,,330820,7,0,5 11 12 9,1,100,,330821,7,0,5 11 12 9,1,30,,330822,7,0,5 11 12 9,1,70,,330823,7,0,5 11 12 9,1,35,,330824,7,0,5 11 12 9,1,65,,330825,7,0,5 11 12 9,1,99,,330826,7,0,5 11 12 9,1,194,,330827,7,0,5 11 12 9,1
9600,'20261031',814,,330828,7,0,5 11 12 9,1,201,,330829,7,0,5 11 12 9,1,200,,330830,7,0,5 11 12 9,1,100,,330831,7,0,5 11 12 9,1,100,,330832,7,0,5 11 12 9,1,100,,330833,7,0,5 11 12 9,1,100,,330834,7,0,5 11 12 9,1,100,,330835,7,0,5 11 12 9,1,100,,330836,7,0,5 11 12 9,1,200,,330837,7,0,5 11 12 9,1,199,,330838,7,0,5 11 12 9,1
9600,'20261101',814,,330839,7,0,5 11 12 9,1,201,,330840,7,0,5 11 12 9,1,200,,330841,7,0,5 11 12 9,1,100,,330842,7,0,5 11 12 9,1,100,,330843,7,0,5 11 12 9,1,100,,330844,7,0,5 11 12 9,1,100,,330845,7,0,5 11 12 9,1,100,,330846,7,0,5 11 12 9,1,100,,330847,7,0,5 11 12 9,1,200,,330848,7,0,5 11 12 9,1,199,,330849,7,0,5 11 12 9,1
9600,'20261102',620,,330850,7,0,5 11 12 9,1,90,,330851,7,0,5 11 12 9,1,95,,330852,7,0,5 11 12 9,1,35,,330853,7,0,5 11 12 9,1,65,,330854,7,0,5 11 12 9,1,110,,330855,7,0,5 11 12 9,1,195,,330856,7,0,5 11 12 9,1,201,,330857,7,0,5 11 12 9,1,105,,330858,7,0,5 11 12 9,1,100,,330859,7,0,5 11 12 9,1,30,,330860,7,0,5 11 12 9,1,70,,330861,7,0,5 11 12 9,1,35,,330862,7,0,5 11 12 9,1,65,,330863,7,0,5 11 12 9,1,99,,330864,7,0,5 11 12 9,1,194,,330865,7,0,5 11 12 9,1
9600,'20261103',620,,330866,7,0,5 11 12 9,1,90,,330867,7,0,5 11 12 9,1,95,,330868,7,0,5 11 12 9,1,35,,330869,7,0,5 11 12 9,1,65,,330870,7,0,5 11 12 9,1,110,,330871,7,0,5 11 12 9,1,195,,330872,7,0,5 11 12 9,1,201,,330873,7,0,5 11 12 9,1,105,,330874,7,0,5 11 12 9,1,100,,330875,7,0,5 11 12 9,1,30,,330876,7,0,5 11 12 9,1,70,,330877,7,0,5 11 12 9,1,35,,330878,7,0,5 11 12 9,1,65,,330879,7,0,5 11 12 9,1,99,,330880,7,0,5 11 12 9,1,194,,330881,7,0,5 11 12 9,1
9600,'20261104',620,,330882,7,0,5 11 12 9,1,90,,330883,7,0,5 11 12 9,1,95,,330884,7,0,5 11 12 9,1,35,,330885,7,0,5 11 12 9,1,65,,330886,7,0,5 11 12 9,1,110,,330887,7,0,5 11 12 9,1,195,,330888,7,0,5 11 12 9,1,201,,330889,7,0,5 11 12 9,1,105,,330890,7,0,5 11 12 9,1,100,,330891,7,0,5 11 12 9,1,30,,330892,7,0,5 11 12 9,1,70,,330893,7,0,5 11 12 9,1,35,,330894,7,0,5 11 12 9,1,65,,330895,7,0,5 11 12 9,1,99,,330896,7,0,5 11 12 9,1,194,,330897,7,0,5 11 12 9,1
9600,'20261105',620,,330898,7,0,5 11 12 9,1,90,,330899,7,0,5 11 12 9,1,95,,330900,7,0,5 11 12 9,1,35,,330901,7,0,5 11 12 9,1,65,,330902,7,0,5 11 12 9,1,110,,330903,7,0,5 11 12 9,1,195,,330904,7,0,5 11 12 9,1,201,,330905,7,0,5 11 12 9,1,105,,330906,7,0,5 11 12 9,1,100,,330907,7,0,5 11 12 9,1,30,,330908,7,0,5 11 12 9,1,70,,330909,7,0,5 11 12 9,1,35,,330910,7,0,5 11 12 9,1,65,,330911,7,0,5 11 12 9,1,99,,330912,7,0,5 11 12 9,1,194,,330913,7,0,5 11 12 9,1
9600,'20261106',620,,330914,7,0,5 11 12 9,1,90,,330915,7,0,5 11 12 9,1,95,,330916,7,0,5 11 12 9,1,100,,330917,7,0,5 11 12 9,1,110,,330918,7,0,5 11 12 9,1,195,,330919,7,0,5 11 12 9,1,201,,330920,7,0,5 11 12 9,1,105,,330921,7,0,5 11 12 9,1,100,,330922,7,0,5 11 12 9,1,30,,330923,7,0,5 11 12 9,1,70,,330924,7,0,5 11 12 9,1,35,,330925,7,0,5 11 12 9,1,65,,330926,7,0,5 11 12 9,1,99,,330927,7,0,5 11 12 9,1,194,,330928,7,0,5 11 12 9,1
9600,'20261107',814,,330929,7,0,5 11 12 9,1,201,,330930,7,0,5 11 12 9,1,200,,330931,7,0,5 11 12 9,1,100,,330932,7,0,5 11 12 9,1,100,,330933,7,0,5 11 12 9,1,100,,330934,7,0,5 11 12 9,1,100,,330935,7,0,5 11 12 9,1,100,,330936,7,0,5 11 12 9,1,100,,330937,7,0,5 11 12 9,1,200,,330938,7,0,5 11 12 9,1,199,,330939,7,0,5 11 12 9,1
9600,'20261108',814,,330940,7,0,5 11 12 9,1,201,,330941,7,0,5 11 12 9,1,200,,330942,7,0,5 11 12 9,1,100,,330943,7,0,5 11 12 9,1,100,,330944,7,0,5 11 12 9,1,100,,330945,7,0,5 11 12 9,1,100,,330946,7,0,5 11 12 9,1,100,,330947,7,0,5 11 12 9,1,100,,330948,7,0,5 11 12 9,1,200,,330949,7,0,5 11 12 9,1,199,,330950,7,0,5 11 12 9,1
9600,'20261109',620,,330951,7,0,5 11 12 9,1,90,,330952,7,0,5 11 12 9,1,95,,330953,7,0,5 11 12 9,1,35,,330954,7,0,5 11 12 9,1,65,,330955,7,0,5 11 12 9,1,110,,330956,7,0,5 11 12 9,1,195,,330957,7,0,5 11 12 9,1,201,,330958,7,0,5 11 12 9,1,105,,330959,7,0,5 11 12 9,1,100,,330960,7,0,5 11 12 9,1,30,,330961,7,0,5 11 12 9,1,70,,330962,7,0,5 11 12 9,1,35,,330963,7,0,5 11 12 9,1,65,,330964,7,0,5 11 12 9,1,99,,330965,7,0,5 11 12 9,1,194,,330966,7,0,5 11 12 9,1
9600,'20261110',620,,330967,7,0,5 11 12 9,1,90,,330968,7,0,5 11 12 9,1,95,,330969,7,0,5 11 12 9,1,35,,330970,7,0,5 11 12 9,1,65,,330971,7,0,5 11 12 9,1,110,,330972,7,0,5 11 12 9,1,195,,330973,7,0,5 11 12 9,1,201,,330974,7,0,5 11 12 9,1,105,,330975,7,0,5 11 12 9,1,100,,330976,7,0,5 11 12 9,1,30,,330977,7,0,5 11 12 9,1,70,,330978,7,0,5 11 12 9,1,35,,330979,7,0,5 11 12 9,1,65,,330980,7,0,5 11 12 9,1,99,,330981,7,0,5 11 12 9,1,194,,330982,7,0,5 11 12 9,1
9600,'20261111',620,,330983,7,0,5 11 12 9,1,90,,330984,7,0,5 11 12 9,1,95,,330985,7,0,5 11 12 9,1,35,,330986,7,0,5 11 12 9,1,65,,330987,7,0,5 11 12 9,1,110,,330988,7,0,5 11 12 9,1,195,,330989,7,0,5 11 12 9,1,201,,330990,7,0,5 11 12 9,1,105,,330991,7,0,5 11 12 9,1,100,,330992,7,0,5 11 12 9,1,30,,330993,7,0,5 11 12 9,1,70,,330994,7,0,5 11 12 9,1,35,,330995,7,0,5 11 12 9,1,65,,330996,7,0,5 11 12 9,1,99,,330997,7,0,5 11 12 9,1,194,,330998,7,0,5 11 12 9,1
9600,'20261112',620,,330999,7,0,5 11 12 9,1,90,,331000,7,0,5 11 12 9,1,95,,331001,7,0,5 11 12 9,1,35,,331002,7,0,5 11 12 9,1,65,,331003,7,0,5 11 12 9,1,110,,331004,7,0,5 11 12 9,1,195,,331005,7,0,5 11 12 9,1,201,,331006,7,0,5 11 12 9,1,105,,331007,7,0,5 11 12 9,1,100,,331008,7,0,5 11 12 9,1,30,,331009,7,0,5 11 12 9,1,70,,331010,7,0,5 11 12 9,1,35,,331011,7,0,5 11 12 9,1,65,,331012,7,0,5 11 12 9,1,99,,331013,7,0,5 11 12 9,1,194,,331014,7,0,5 11 12 9,1
9600,'20261113',620,,331015,7,0,5 11 12 9,1,90,,331016,7,0,5 11 12 9,1,95,,331017,7,0,5 11 12 9,1,100,,331018,7,0,5 11 12 9,1,110,,331019,7,0,5 11 12 9,1,195,,331020,7,0,5 11 12 9,1,201,,331021,7,0,5 11 12 9,1,105,,331022,7,0,5 11 12 9,1,100,,331023,7,0,5 11 12 9,1,30,,331024,7,0,5 11 12 9,1,70,,331025,7,0,5 11 12 9,1,35,,331026,7,0,5 11 12 9,1,65,,331027,7,0,5 11 12 9,1,99,,331028,7,0,5 11 12 9,1,194,,331029,7,0,5 11 12 9,1
9600,'20261114',814,,331030,7,0,5 11 12 9,1,201,,331031,7,0,5 11 12 9,1,200,,331032,7,0,5 11 12 9,1,100,,331033,7,0,5 11 12 9,1,100,,331034,7,0,5 11 12 9,1,100,,331035,7,0,5 11 12 9,1,100,,331036,7,0,5 11 12 9,1,100,,331037,7,0,5 11 12 9,1,100,,331038,7,0,5 11 12 9,1,200,,331039,7,0,5 11 12 9,1,199,,331040,7,0,5 11 12 9,1
9600,'20261115',814,,331041,7,0,5 11 12 9,1,201,,331042,7,0,5 11 12 9,1,200,,331043,7,0,5 11 12 9,1,100,,331044,7,0,5 11 12 9,1,100,,331045,7,0,5 11 12 9,1,100,,331046,7,0,5 11 12 9,1,100,,331047,7,0,5 11 12 9,1,100,,331048,7,0,5 11 12 9,1,100,,331049,7,0,5 11 12 9,1,200,,331050,7,0,5 11 12 9,1,199,,331051,7,0,5 11 12 9,1
9600,'20261116',620,,331052,7,0,5 11 12 9,1,90,,331053,7,0,5 11 12 9,1,95,,331054,7,0,5 11 12 9,1,35,,331055,7,0,5 11 12 9,1,65,,331056,7,0,5 11 12 9,1,110,,331057,7,0,5 11 12 9,1,195,,331058,7,0,5 11 12 9,1,201,,331059,7,0,5 11 12 9,1,105,,331060,7,0,5 11 12 9,1,100,,331061,7,0,5 11 12 9,1,30,,331062,7,0,5 11 12 9,1,70,,331063,7,0,5 11 12 9,1,35,,331064,7,0,5 11 12 9,1,65,,331065,7,0,5 11 12 9,1,99,,331066,7,0,5 11 12 9,1,194,,331067,7,0,5 11 12 9,1
9600,'20261117',620,,331068,7,0,5 11 12 9,1,90,,331069,7,0,5 11 12 9,1,95,,331070,7,0,5 11 12 9,1,35,,331071,7,0,5 11 12 9,1,65,,331072,7,0,5 11 12 9,1,110,,331073,7,0,5 11 12 9,1,195,,331074,7,0,5 11 12 9,1,201,,331075,7,0,5 11 12 9,1,105,,331076,7,0,5 11 12 9,1,100,,331077,7,0,5 11 12 9,1,30,,331078,7,0,5 11 12 9,1,70,,331079,7,0,5 11 12 9,1,35,,331080,7,0,5 11 12 9,1,65,,331081,7,0,5 11 12 9,1,99,,331082,7,0,5 11 12 9,1,194,,331083,7,0,5 11 12 9,1
9600,'20261118',620,,331084,7,0,5 11 12 9,1,90,,331085,7,0,5 11 12 9,1,95,,331086,7,0,5 11 12 9,1,35,,331087,7,0,5 11 12 9,1,65,,331088,7,0,5 11 12 9,1,110,,331089,7,0,5 11 12 9,1,195,,331090,7,0,5 11 12 9,1,201,,331091,7,0,5 11 12 9,1,105,,331092,7,0,5 11 12 9,1,100,,331093,7,0,5 11 12 9,1,30,,331094,7,0,5 11 12 9,1,70,,331095,7,0,5 11 12 9,1,35,,331096,7,0,5 11 12 9,1,65,,331097,7,0,5 11 12 9,1,99,,331098,7,0,5 11 12 9,1,194,,331099,7,0,5 11 12 9,1
9600,'20261119',620,,331100,7,0,5 11 12 9,1,90,,331101,7,0,5 11 12 9,1,95,,331102,7,0,5 11 12 9,1,35,,331103,7,0,5 11 12 9,1,65,,331104,7,0,5 11 12 9,1,110,,331105,7,0,5 11 12 9,1,195,,331106,7,0,5 11 12 9,1,201,,331107,7,0,5 11 12 9,1,105,,331108,7,0,5 11 12 9,1,100,,331109,7,0,5 11 12 9,1,30,,331110,7,0,5 11 12 9,1,70,,331111,7,0,5 11 12 9,1,35,,331112,7,0,5 11 12 9,1,65,,331113,7,0,5 11 12 9,1,99,,331114,7,0,5 11 12 9,1,194,,331115,7,0,5 11 12 9,1
9600,'20261120',620,,331116,7,0,5 11 12 9,1,90,,331117,7,0,5 11 12 9,1,95,,331118,7,0,5 11 12 9,1,100,,331119,7,0,5 11 12 9,1,110,,331120,7,0,5 11 12 9,1,195,,331121,7,0,5 11 12 9,1,201,,331122,7,0,5 11 12 9,1,105,,331123,7,0,5 11 12 9,1,100,,331124,7,0,5 11 12 9,1,30,,331125,7,0,5 11 12 9,1,70,,331126,7,0,5 11 12 9,1,35,,331127,7,0,5 11 12 9,1,65,,331128,7,0,5 11 12 9,1,99,,331129,7,0,5 11 12 9,1,194,,331130,7,0,5 11 12 9,1
9600,'20261121',814,,331131,7,0,5 11 12 9,1,201,,331132,7,0,5 11 12 9,1,200,,331133,7,0,5 11 12 9,1,100,,331134,7,0,5 11 12 9,1,100,,331135,7,0,5 11 12 9,1,100,,331136,7,0,5 11 12 9,1,100,,331137,7,0,5 11 12 9,1,100,,331138,7,0,5 11 12 9,1,100,,331139,7,0,5 11 12 9,1,200,,331140,7,0,5 11 12 9,1,199,,331141,7,0,5 11 12 9,1
9600,'20261122',814,,331142,7,0,5 11 12 9,1,201,,331143,7,0,5 11 12 9,1,200,,331144,7,0,5 11 12 9,1,100,,331145,7,0,5 11 12 9,1,100,,331146,7,0,5 11 12 9,1,100,,331147,7,0,5 11 12 9,1,100,,331148,7,0,5 11 12 9,1,100,,331149,7,0,5 11 12 9,1,100,,331150,7,0,5 11 12 9,1,200,,331151,7,0,5 11 12 9,1,199,,331152,7,0,5 11 12 9,1
9600,'20261123',620,,331153,7,0,5 11 12 9,1,90,,331154,7,0,5 11 12 9,1,95,,331155,7,0,5 11 12 9,1,35,,331156,7,0,5 11 12 9,1,65,,331157,7,0,5 11 12 9,1,110,,331158,7,0,5 11 12 9,1,195,,331159,7,0,5 11 12 9,1,201,,331160,7,0,5 11 12 9,1,105,,331161,7,0,5 11 12 9,1,100,,331162,7,0,5 11 12 9,1,30,,331163,7,0,5 11 12 9,1,70,,331164,7,0,5 11 12 9,1,35,,331165,7,0,5 11 12 9,1,65,,331166,7,0,5 11 12 9,1,99,,331167,7,0,5 11 12 9,1,194,,331168,7,0,5 11 12 9,1
9600,'20261124',620,,331169,7,0,5 11 12 9,1,90,,331170,7,0,5 11 12 9,1,95,,331171,7,0,5 11 12 9,1,35,,331172,7,0,5 11 12 9,1,65,,331173,7,0,5 11 12 9,1,110,,331174,7,0,5 11 12 9,1,195,,331175,7,0,5 11 12 9,1,201,,331176,7,0,5 11 12 9,1,105,,331177,7,0,5 11 12 9,1,100,,331178,7,0,5 11 12 9,1,30,,331179,7,0,5 11 12 9,1,70,,331180,7,0,5 11 12 9,1,35,,331181,7,0,5 11 12 9,1,65,,331182,7,0,5 11 12 9,1,99,,331183,7,0,5 11 12 9,1,194,,331184,7,0,5 11 12 9,1
9600,'20261125',620,,331185,7,0,5 11 12 9,1,90,,331186,7,0,5 11 12 9,1,95,,331187,7,0,5 11 12 9,1,35,,331188,7,0,5 11 12 9,1,65,,331189,7,0,5 11 12 9,1,110,,331190,7,0,5 11 12 9,1,195,,331191,7,0,5 11 12 9,1,201,,331192,7,0,5 11 12 9,1,105,,331193,7,0,5 11 12 9,1,100,,331194,7,0,5 11 12 9,1,30,,331195,7,0,5 11 12 9,1,70,,331196,7,0,5 11 12 9,1,35,,331197,7,0,5 11 12 9,1,65,,331198,7,0,5 11 12 9,1,99,,331199,7,0,5 11 12 9,1,194,,331200,7,0,5 11 12 9,1
9600,'20261126',620,,331201,7,0,5 11 12 9,1,90,,331202,7,0,5 11 12 9,1,95,,331203,7,0,5 11 12 9,1,35,,331204,7,0,5 11 12 9,1,65,,331205,7,0,5 11 12 9,1,110,,331206,7,0,5 11 12 9,1,195,,331207,7,0,5 11 12 9,1,201,,331208,7,0,5 11 12 9,1,105,,331209,7,0,5 11 12 9,1,100,,331210,7,0,5 11 12 9,1,30,,331211,7,0,5 11 12 9,1,70,,331212,7,0,5 11 12 9,1,35,,331213,7,0,5 11 12 9,1,65,,331214,7,0,5 11 12 9,1,99,,331215,7,0,5 11 12 9,1,194,,331216,7,0,5 11 12 9,1
9600,'20261127',620,,331217,7,0,5 11 12 9,1,90,,331218,7,0,5 11 12 9,1,95,,331219,7,0,5 11 12 9,1,100,,331220,7,0,5 11 12 9,1,110,,331221,7,0,5 11 12 9,1,195,,331222,7,0,5 11 12 9,1,201,,331223,7,0,5 11 12 9,1,105,,331224,7,0,5 11 12 9,1,100,,331225,7,0,5 11 12 9,1,30,,331226,7,0,5 11 12 9,1,70,,331227,7,0,5 11 12 9,1,35,,331228,7,0,5 11 12 9,1,65,,331229,7,0,5 11 12 9,1,99,,331230,7,0,5 11 12 9,1,194,,331231,7,0,5 11 12 9,1
