3300,'20260831',544,,170400,28,0,16 24 25,1,64,,170401,16,0,5 24 25,1,20,,170402,16,0,5 24 25,1,15,,170403,16,0,5 24 25,1,15,,170404,28,0,16 24 25,1,55,,170405,16,0,5 24 25,1,15,,170406,16,0,5 24 25,1,10,,170407,54,,,1,10,,170408,16,0,5 24 25,1,55,,170409,16,0,5 24 25,1,30,,170410,28,0,16 24 25,1,95,,170411,54,,,1,25,,170412,16,0,5 24 25,1,70,,170413,16,0,5 24 25,1,100,,170415,16,0,5 24 25,1,100,,170416,16,0,5 24 25,1,100,,170418,16,0,5 24 25,1,95,,170419,16,0,5 24 25,1,100,,170421,16,0,5 24 25,1,105,,170423,16,0,5 24 25,1,80,,170424,9,0,7 24 25,1,30,,170425,9,0,7 24 25,1,70,,170426,9,0,7 24 25,1,101,,170427,54,,,1,119,,170429,16,0,5 24 25,1,100,,170431,16,0,5 24 25,1,95,,170433,16,0,5 24 25,1
3300,'20260901',544,,170435,28,0,16 24 25,1,64,,170436,16,0,5 24 25,1,20,,170437,16,0,5 24 25,1,15,,170438,16,0,5 24 25,1,15,,170439,28,0,16 24 25,1,55,,170440,16,0,5 24 25,1,15,,170441,16,0,5 24 25,1,10,,170442,54,,,1,10,,170443,16,0,5 24 25,1,55,,170444,16,0,5 24 25,1,30,,170445,28,0,16 24 25,1,95,,170446,54,,,1,25,,170447,16,0,5 24 25,1,70,,170448,16,0,5 24 25,1,100,,170450,16,0,5 24 25,1,100,,170451,16,0,5 24 25,1,100,,170453,16,0,5 24 25,1,95,,170454,16,0,5 24 25,1,100,,170456,16,0,5 24 25,1,105,,170458,16,0,5 24 25,1,80,,170459,9,0,7 24 25,1,30,,170460,9,0,7 24 25,1,70,,170461,9,0,7 24 25,1,101,,170462,54,,,1,119,,170464,16,0,5 24 25,1,100,,170466,16,0,5 24 25,1,95,,170468,16,0,5 24 25,1
3300,'20260902',544,,170470,28,0,16 24 25,1,64,,170471,16,0,5 24 25,1,20,,170472,16,0,5 24 25,1,15,,170473,16,0,5 24 25,1,15,,170474,28,0,16 24 25,1,55,,170475,16,0,5 24 25,1,15,,170476,16,0,5 24 25,1,10,,170477,54,,,1,10,,170478,16,0,5 24 25,1,55,,170479,16,0,5 24 25,1,30,,170480,28,0,16 24 25,1,95,,170481,54,,,1,25,,170482,16,0,5 24 25,1,70,,170483,16,0,5 24 25,1,100,,170485,16,0,5 24 25,1,100,,170486,16,0,5 24 25,1,100,,170488,16,0,5 24 25,1,95,,170489,16,0,5 24 25,1,100,,170491,16,0,5 24 25,1,105,,170493,16,0,5 24 25,1,80,,170494,9,0,7 24 25,1,30,,170495,9,0,7 24 25,1,70,,170496,9,0,7 24 25,1,101,,170497,54,,,1,119,,170499,16,0,5 24 25,1,100,,170501,16,0,5 24 25,1,95,,170503,16,0,5 24 25,1
3300,'20260903',544,,170505,28,0,16 24 25,1,64,,170506,16,0,5 24 25,1,20,,170507,16,0,5 24 25,1,15,,170508,16,0,5 24 25,1,15,,170509,28,0,16 24 25,1,55,,170510,16,0,5 24 25,1,15,,170511,16,0,5 24 25,1,10,,170512,54,,,1,10,,170513,16,0,5 24 25,1,55,,170514,16,0,5 24 25,1,30,,170515,28,0,16 24 25,1,95,,170516,54,,,1,25,,170517,16,0,5 24 25,1,70,,170518,16,0,5 24 25,1,100,,170520,16,0,5 24 25,1,100,,170521,16,0,5 24 25,1,100,,170523,16,0,5 24 25,1,95,,170524,16,0,5 24 25,1,100,,170526,16,0,5 24 25,1,105,,170528,16,0,5 24 25,1,80,,170529,9,0,7 24 25,1,30,,170530,9,0,7 24 25,1,70,,170531,9,0,7 24 25,1,101,,170532,54,,,1,119,,170534,16,0,5 24 25,1,100,,170536,16,0,5 24 25,1,95,,170538,16,0,5 24 25,1
3300,'20260904',544,,170540,28,0,16 24 25,1,64,,170541,16,0,5 24 25,1,20,,170542,16,0,5 24 25,1,15,,170543,16,0,5 24 25,1,15,,170544,28,0,16 24 25,1,55,,170545,16,0,5 24 25,1,15,,170546,16,0,5 24 25,1,10,,170547,54,,,1,10,,170548,16,0,5 24 25,1,55,,170549,16,0,5 24 25,1,30,,170550,28,0,16 24 25,1,95,,170551,54,,,1,25,,170552,16,0,5 24 25,1,70,,170553,16,0,5 24 25,1,100,,170555,16,0,5 24 25,1,100,,170556,16,0,5 24 25,1,100,,170558,16,0,5 24 25,1,95,,170559,16,0,5 24 25,1,100,,170561,16,0,5 24 25,1,105,,170563,16,0,5 24 25,1,80,,170564,9,0,7 24 25,1,30,,170565,9,0,7 24 25,1,70,,170566,9,0,7 24 25,1,101,,170567,54,,,1,119,,170569,16,0,5 24 25,1,100,,170571,16,0,5 24 25,1,95,,170573,16,0,5 24 25,1
3300,'20260905',810,,270763,54,,,1,198,,270764,54,,,1,202,,270766,54,,,1,205,,270767,54,,,1,200,,270768,54,,,1,195,,270769,54,,,1,200,,270771,54,,,1,200,,270772,54,,,1
3300,'20260906',810,,270774,54,,,1,198,,270775,54,,,1,202,,270777,54,,,1,205,,270778,54,,,1,200,,270779,54,,,1,195,,270780,54,,,1,200,,270782,54,,,1,200,,270783,54,,,1
3300,'20260907',810,,270785,54,,,1,198,,270786,54,,,1,202,,270788,54,,,1,205,,270789,54,,,1,200,,270790,54,,,1,195,,270791,54,,,1,200,,270793,54,,,1,200,,270794,54,,,1
3300,'20260908',544,,270796,28,0,16 24 25,1,64,,270797,16,0,5 24 25,1,20,,270798,16,0,5 24 25,1,15,,270799,16,0,5 24 25,1,15,,270800,28,0,16 24 25,1,55,,270801,16,0,5 24 25,1,15,,270802,16,0,5 24 25,1,10,,270803,54,,,1,10,,270804,16,0,5 24 25,1,55,,270805,16,0,5 24 25,1,30,,270806,28,0,16 24 25,1,95,,270807,54,,,1,25,,270808,16,0,5 24 25,1,70,,270809,16,0,5 24 25,1,100,,270811,16,0,5 24 25,1,100,,270812,16,0,5 24 25,1,100,,270814,16,0,5 24 25,1,95,,270815,16,0,5 24 25,1,100,,270817,16,0,5 24 25,1,105,,270819,16,0,5 24 25,1,85,,270820,9,0,7 24 25,1,25,,270821,9,0,7 24 25,1,70,,270822,9,0,7 24 25,1,101,,270823,54,,,1,40,,270824,54,,,1,79,,270826,16,0,5 24 25,1,100,,270828,16,0,5 24 25,1,95,,270830,16,0,5 24 25,1
3300,'20260909',544,,270832,28,0,16 24 25,1,64,,270833,16,0,5 24 25,1,20,,270834,16,0,5 24 25,1,15,,270835,16,0,5 24 25,1,15,,270836,28,0,16 24 25,1,55,,270837,16,0,5 24 25,1,15,,270838,16,0,5 24 25,1,10,,270839,54,,,1,10,,270840,16,0,5 24 25,1,55,,270841,16,0,5 24 25,1,30,,270842,28,0,16 24 25,1,95,,270843,54,,,1,25,,270844,16,0,5 24 25,1,70,,270845,16,0,5 24 25,1,100,,270847,16,0,5 24 25,1,100,,270848,16,0,5 24 25,1,100,,270850,16,0,5 24 25,1,95,,270851,16,0,5 24 25,1,100,,270853,16,0,5 24 25,1,105,,270855,16,0,5 24 25,1,85,,270856,9,0,7 24 25,1,25,,270857,9,0,7 24 25,1,70,,270858,9,0,7 24 25,1,101,,270859,54,,,1,40,,270860,54,,,1,79,,270862,16,0,5 24 25,1,100,,270864,16,0,5 24 25,1,95,,270866,16,0,5 24 25,1
3300,'20260910',544,,270868,28,0,16 24 25,1,64,,270869,16,0,5 24 25,1,20,,270870,16,0,5 24 25,1,15,,270871,16,0,5 24 25,1,15,,270872,28,0,16 24 25,1,55,,270873,16,0,5 24 25,1,15,,270874,16,0,5 24 25,1,10,,270875,54,,,1,10,,270876,16,0,5 24 25,1,55,,270877,16,0,5 24 25,1,30,,270878,28,0,16 24 25,1,95,,270879,54,,,1,25,,270880,16,0,5 24 25,1,70,,270881,16,0,5 24 25,1,100,,270883,16,0,5 24 25,1,100,,270884,16,0,5 24 25,1,100,,270886,16,0,5 24 25,1,95,,270887,16,0,5 24 25,1,100,,270889,16,0,5 24 25,1,105,,270891,16,0,5 24 25,1,85,,270892,9,0,7 24 25,1,25,,270893,9,0,7 24 25,1,70,,270894,9,0,7 24 25,1,101,,270895,54,,,1,40,,270896,54,,,1,79,,270898,16,0,5 24 25,1,100,,270900,16,0,5 24 25,1,95,,270902,16,0,5 24 25,1
3300,'20260911',544,,270904,28,0,16 24 25,1,64,,270905,16,0,5 24 25,1,20,,270906,16,0,5 24 25,1,15,,270907,16,0,5 24 25,1,15,,270908,28,0,16 24 25,1,55,,270909,16,0,5 24 25,1,15,,270910,16,0,5 24 25,1,10,,270911,54,,,1,10,,270912,16,0,5 24 25,1,55,,270913,16,0,5 24 25,1,30,,270914,28,0,16 24 25,1,95,,270915,54,,,1,25,,270916,16,0,5 24 25,1,70,,270917,16,0,5 24 25,1,100,,270919,16,0,5 24 25,1,100,,270920,16,0,5 24 25,1,100,,270922,16,0,5 24 25,1,95,,270923,16,0,5 24 25,1,100,,270925,16,0,5 24 25,1,105,,270927,16,0,5 24 25,1,85,,270928,9,0,7 24 25,1,25,,270929,9,0,7 24 25,1,70,,270930,9,0,7 24 25,1,101,,270931,54,,,1,40,,270932,54,,,1,79,,270934,16,0,5 24 25,1,100,,270936,16,0,5 24 25,1,95,,270938,16,0,5 24 25,1
3300,'20260912',810,,270940,54,,,1,198,,270941,54,,,1,202,,270943,54,,,1,205,,270944,54,,,1,200,,270945,54,,,1,195,,270946,54,,,1,200,,270948,54,,,1,200,,270949,54,,,1
3300,'20260913',810,,270951,54,,,1,198,,270952,54,,,1,202,,270954,54,,,1,205,,270955,54,,,1,200,,270956,54,,,1,195,,270957,54,,,1,200,,270959,54,,,1,200,,270960,54,,,1
3300,'20260914',544,,270962,28,0,16 24 25,1,64,,270963,16,0,5 24 25,1,20,,270964,16,0,5 24 25,1,15,,270965,16,0,5 24 25,1,15,,270966,28,0,16 24 25,1,55,,270967,16,0,5 24 25,1,15,,270968,16,0,5 24 25,1,10,,270969,54,,,1,10,,270970,16,0,5 24 25,1,55,,270971,16,0,5 24 25,1,30,,270972,28,0,16 24 25,1,95,,270973,54,,,1,25,,270974,16,0,5 24 25,1,70,,270975,16,0,5 24 25,1,100,,270977,16,0,5 24 25,1,100,,270978,16,0,5 24 25,1,100,,270980,16,0,5 24 25,1,95,,270981,16,0,5 24 25,1,100,,270983,16,0,5 24 25,1,105,,270985,16,0,5 24 25,1,85,,270986,9,0,7 24 25,1,25,,270987,9,0,7 24 25,1,70,,270988,9,0,7 24 25,1,101,,270989,54,,,1,40,,270990,54,,,1,79,,270992,16,0,5 24 25,1,100,,270994,16,0,5 24 25,1,95,,270996,16,0,5 24 25,1
3300,'20260915',544,,270998,28,0,16 24 25,1,64,,270999,16,0,5 24 25,1,20,,271000,16,0,5 24 25,1,15,,271001,16,0,5 24 25,1,15,,271002,28,0,16 24 25,1,55,,271003,16,0,5 24 25,1,15,,271004,16,0,5 24 25,1,10,,271005,54,,,1,10,,271006,16,0,5 24 25,1,55,,271007,16,0,5 24 25,1,30,,271008,28,0,16 24 25,1,95,,271009,54,,,1,25,,271010,16,0,5 24 25,1,70,,271011,16,0,5 24 25,1,100,,271013,16,0,5 24 25,1,100,,271014,16,0,5 24 25,1,100,,271016,16,0,5 24 25,1,95,,271017,16,0,5 24 25,1,100,,271019,16,0,5 24 25,1,105,,271021,16,0,5 24 25,1,85,,271022,9,0,7 24 25,1,25,,271023,9,0,7 24 25,1,70,,271024,9,0,7 24 25,1,101,,271025,54,,,1,40,,271026,54,,,1,79,,271028,16,0,5 24 25,1,100,,271030,16,0,5 24 25,1,95,,271032,16,0,5 24 25,1
3300,'20260916',544,,271034,28,0,16 24 25,1,64,,271035,16,0,5 24 25,1,20,,271036,16,0,5 24 25,1,15,,271037,16,0,5 24 25,1,15,,271038,28,0,16 24 25,1,55,,271039,16,0,5 24 25,1,15,,271040,16,0,5 24 25,1,10,,271041,54,,,1,10,,271042,16,0,5 24 25,1,55,,271043,16,0,5 24 25,1,30,,271044,28,0,16 24 25,1,95,,271045,54,,,1,25,,271046,16,0,5 24 25,1,70,,271047,16,0,5 24 25,1,100,,271049,16,0,5 24 25,1,100,,271050,16,0,5 24 25,1,100,,271052,16,0,5 24 25,1,95,,271053,16,0,5 24 25,1,100,,271055,16,0,5 24 25,1,105,,271057,16,0,5 24 25,1,85,,271058,9,0,7 24 25,1,25,,271059,9,0,7 24 25,1,70,,271060,9,0,7 24 25,1,101,,271061,54,,,1,40,,271062,54,,,1,79,,271064,16,0,5 24 25,1,100,,271066,16,0,5 24 25,1,95,,271068,16,0,5 24 25,1
3300,'20260917',544,,271070,28,0,16 24 25,1,64,,271071,16,0,5 24 25,1,20,,271072,16,0,5 24 25,1,15,,271073,16,0,5 24 25,1,15,,271074,28,0,16 24 25,1,55,,271075,16,0,5 24 25,1,15,,271076,16,0,5 24 25,1,10,,271077,54,,,1,10,,271078,16,0,5 24 25,1,55,,271079,16,0,5 24 25,1,30,,271080,28,0,16 24 25,1,95,,271081,54,,,1,25,,271082,16,0,5 24 25,1,70,,271083,16,0,5 24 25,1,100,,271085,16,0,5 24 25,1,100,,271086,16,0,5 24 25,1,100,,271088,16,0,5 24 25,1,95,,271089,16,0,5 24 25,1,100,,271091,16,0,5 24 25,1,105,,271093,16,0,5 24 25,1,85,,271094,9,0,7 24 25,1,25,,271095,9,0,7 24 25,1,70,,271096,9,0,7 24 25,1,101,,271097,54,,,1,40,,271098,54,,,1,79,,271100,16,0,5 24 25,1,100,,271102,16,0,5 24 25,1,95,,271104,16,0,5 24 25,1
3300,'20260918',544,,271106,28,0,16 24 25,1,64,,271107,16,0,5 24 25,1,20,,271108,16,0,5 24 25,1,15,,271109,16,0,5 24 25,1,15,,271110,28,0,16 24 25,1,55,,271111,16,0,5 24 25,1,15,,271112,16,0,5 24 25,1,10,,271113,54,,,1,10,,271114,16,0,5 24 25,1,55,,271115,16,0,5 24 25,1,30,,271116,28,0,16 24 25,1,95,,271117,54,,,1,25,,271118,16,0,5 24 25,1,70,,271119,16,0,5 24 25,1,100,,271121,16,0,5 24 25,1,100,,271122,16,0,5 24 25,1,100,,271124,16,0,5 24 25,1,95,,271125,16,0,5 24 25,1,100,,271127,16,0,5 24 25,1,105,,271129,16,0,5 24 25,1,85,,271130,9,0,7 24 25,1,25,,271131,9,0,7 24 25,1,70,,271132,9,0,7 24 25,1,101,,271133,54,,,1,40,,271134,54,,,1,79,,271136,16,0,5 24 25,1,100,,271138,16,0,5 24 25,1,95,,271140,16,0,5 24 25,1
3300,'20260919',810,,271142,54,,,1,198,,271143,54,,,1,202,,271145,54,,,1,205,,271146,54,,,1,200,,271147,54,,,1,195,,271148,54,,,1,200,,271150,54,,,1,200,,271151,54,,,1
3300,'20260920',810,,271153,54,,,1,198,,271154,54,,,1,202,,271156,54,,,1,205,,271157,54,,,1,200,,271158,54,,,1,195,,271159,54,,,1,200,,271161,54,,,1,200,,271162,54,,,1
3300,'20260921',544,,271164,28,0,16 24 25,1,64,,271165,16,0,5 24 25,1,20,,271166,16,0,5 24 25,1,15,,271167,16,0,5 24 25,1,15,,271168,28,0,16 24 25,1,55,,271169,16,0,5 24 25,1,15,,271170,16,0,5 24 25,1,10,,271171,54,,,1,10,,271172,16,0,5 24 25,1,55,,271173,16,0,5 24 25,1,30,,271174,28,0,16 24 25,1,95,,271175,54,,,1,25,,271176,16,0,5 24 25,1,70,,271177,16,0,5 24 25,1,100,,271179,16,0,5 24 25,1,100,,271180,16,0,5 24 25,1,100,,271182,16,0,5 24 25,1,95,,271183,16,0,5 24 25,1,100,,271185,16,0,5 24 25,1,105,,271187,16,0,5 24 25,1,85,,271188,9,0,7 24 25,1,25,,271189,9,0,7 24 25,1,70,,271190,9,0,7 24 25,1,101,,271191,54,,,1,40,,271192,54,,,1,79,,271194,16,0,5 24 25,1,100,,271196,16,0,5 24 25,1,95,,271198,16,0,5 24 25,1
3300,'20260922',544,,271200,28,0,16 24 25,1,64,,271201,16,0,5 24 25,1,20,,271202,16,0,5 24 25,1,15,,271203,16,0,5 24 25,1,15,,271204,28,0,16 24 25,1,55,,271205,16,0,5 24 25,1,15,,271206,16,0,5 24 25,1,10,,271207,54,,,1,10,,271208,16,0,5 24 25,1,55,,271209,16,0,5 24 25,1,30,,271210,28,0,16 24 25,1,95,,271211,54,,,1,25,,271212,16,0,5 24 25,1,70,,271213,16,0,5 24 25,1,100,,271215,16,0,5 24 25,1,100,,271216,16,0,5 24 25,1,100,,271218,16,0,5 24 25,1,95,,271219,16,0,5 24 25,1,100,,271221,16,0,5 24 25,1,105,,271223,16,0,5 24 25,1,85,,271224,9,0,7 24 25,1,25,,271225,9,0,7 24 25,1,70,,271226,9,0,7 24 25,1,101,,271227,54,,,1,40,,271228,54,,,1,79,,271230,16,0,5 24 25,1,100,,271232,16,0,5 24 25,1,95,,271234,16,0,5 24 25,1
3300,'20260923',544,,271236,28,0,16 24 25,1,64,,271237,16,0,5 24 25,1,20,,271238,16,0,5 24 25,1,15,,271239,16,0,5 24 25,1,15,,271240,28,0,16 24 25,1,55,,271241,16,0,5 24 25,1,15,,271242,16,0,5 24 25,1,10,,271243,54,,,1,10,,271244,16,0,5 24 25,1,55,,271245,16,0,5 24 25,1,30,,271246,28,0,16 24 25,1,95,,271247,54,,,1,25,,271248,16,0,5 24 25,1,70,,271249,16,0,5 24 25,1,100,,271251,16,0,5 24 25,1,100,,271252,16,0,5 24 25,1,100,,271254,16,0,5 24 25,1,95,,271255,16,0,5 24 25,1,100,,271257,16,0,5 24 25,1,105,,271259,16,0,5 24 25,1,85,,271260,9,0,7 24 25,1,25,,271261,9,0,7 24 25,1,70,,271262,9,0,7 24 25,1,101,,271263,54,,,1,40,,271264,54,,,1,79,,271266,16,0,5 24 25,1,100,,271268,16,0,5 24 25,1,95,,271270,16,0,5 24 25,1
3300,'20260924',544,,271272,28,0,16 24 25,1,64,,271273,16,0,5 24 25,1,20,,271274,16,0,5 24 25,1,15,,271275,16,0,5 24 25,1,15,,271276,28,0,16 24 25,1,55,,271277,16,0,5 24 25,1,15,,271278,16,0,5 24 25,1,10,,271279,54,,,1,10,,271280,16,0,5 24 25,1,55,,271281,16,0,5 24 25,1,30,,271282,28,0,16 24 25,1,95,,271283,54,,,1,25,,271284,16,0,5 24 25,1,70,,271285,16,0,5 24 25,1,100,,271287,16,0,5 24 25,1,100,,271288,16,0,5 24 25,1,100,,271290,16,0,5 24 25,1,95,,271291,16,0,5 24 25,1,100,,271293,16,0,5 24 25,1,105,,271295,16,0,5 24 25,1,85,,271296,9,0,7 24 25,1,25,,271297,9,0,7 24 25,1,70,,271298,9,0,7 24 25,1,101,,271299,54,,,1,40,,271300,54,,,1,79,,271302,16,0,5 24 25,1,100,,271304,16,0,5 24 25,1,95,,271306,16,0,5 24 25,1
3300,'20260925',544,,271308,28,0,16 24 25,1,64,,271309,16,0,5 24 25,1,20,,271310,16,0,5 24 25,1,15,,271311,16,0,5 24 25,1,15,,271312,28,0,16 24 25,1,55,,271313,16,0,5 24 25,1,15,,271314,16,0,5 24 25,1,10,,271315,54,,,1,10,,271316,16,0,5 24 25,1,55,,271317,16,0,5 24 25,1,30,,271318,28,0,16 24 25,1,95,,271319,54,,,1,25,,271320,16,0,5 24 25,1,70,,271321,16,0,5 24 25,1,100,,271323,16,0,5 24 25,1,100,,271324,16,0,5 24 25,1,100,,271326,16,0,5 24 25,1,95,,271327,16,0,5 24 25,1,100,,271329,16,0,5 24 25,1,105,,271331,16,0,5 24 25,1,85,,271332,9,0,7 24 25,1,25,,271333,9,0,7 24 25,1,70,,271334,9,0,7 24 25,1,101,,271335,54,,,1,40,,271336,54,,,1,79,,271338,16,0,5 24 25,1,100,,271340,16,0,5 24 25,1,95,,271342,16,0,5 24 25,1
3300,'20260926',810,,271344,54,,,1,198,,271345,54,,,1,202,,271347,54,,,1,205,,271348,54,,,1,200,,271349,54,,,1,195,,271350,54,,,1,200,,271352,54,,,1,200,,271353,54,,,1
3300,'20260927',810,,271355,54,,,1,198,,271356,54,,,1,202,,271358,54,,,1,205,,271359,54,,,1,200,,271360,54,,,1,195,,271361,54,,,1,200,,271363,54,,,1,200,,271364,54,,,1
3300,'20260928',544,,271366,28,0,16 24 25,1,64,,271367,16,0,5 24 25,1,20,,271368,16,0,5 24 25,1,15,,271369,16,0,5 24 25,1,15,,271370,28,0,16 24 25,1,55,,271371,16,0,5 24 25,1,15,,271372,16,0,5 24 25,1,10,,271373,54,,,1,10,,271374,16,0,5 24 25,1,55,,271375,16,0,5 24 25,1,30,,271376,28,0,16 24 25,1,95,,271377,54,,,1,25,,271378,16,0,5 24 25,1,70,,271379,16,0,5 24 25,1,100,,271381,16,0,5 24 25,1,100,,271382,16,0,5 24 25,1,100,,271384,16,0,5 24 25,1,95,,271385,16,0,5 24 25,1,100,,271387,16,0,5 24 25,1,105,,271389,16,0,5 24 25,1,85,,271390,9,0,7 24 25,1,25,,271391,9,0,7 24 25,1,70,,271392,9,0,7 24 25,1,101,,271393,54,,,1,40,,271394,54,,,1,79,,271396,16,0,5 24 25,1,100,,271398,16,0,5 24 25,1,95,,271400,16,0,5 24 25,1
3300,'20260929',544,,271402,28,0,16 24 25,1,64,,271403,16,0,5 24 25,1,20,,271404,16,0,5 24 25,1,15,,271405,16,0,5 24 25,1,15,,271406,28,0,16 24 25,1,55,,271407,16,0,5 24 25,1,15,,271408,16,0,5 24 25,1,10,,271409,54,,,1,10,,271410,16,0,5 24 25,1,55,,271411,16,0,5 24 25,1,30,,271412,28,0,16 24 25,1,95,,271413,54,,,1,25,,271414,16,0,5 24 25,1,70,,271415,16,0,5 24 25,1,100,,271417,16,0,5 24 25,1,100,,271418,16,0,5 24 25,1,100,,271420,16,0,5 24 25,1,95,,271421,16,0,5 24 25,1,100,,271423,16,0,5 24 25,1,105,,271425,16,0,5 24 25,1,85,,271426,9,0,7 24 25,1,25,,271427,9,0,7 24 25,1,70,,271428,9,0,7 24 25,1,101,,271429,54,,,1,40,,271430,54,,,1,79,,271432,16,0,5 24 25,1,100,,271434,16,0,5 24 25,1,95,,271436,16,0,5 24 25,1
3300,'20260930',544,,271438,28,0,16 24 25,1,64,,271439,16,0,5 24 25,1,20,,271440,16,0,5 24 25,1,15,,271441,16,0,5 24 25,1,15,,271442,28,0,16 24 25,1,55,,271443,16,0,5 24 25,1,15,,271444,16,0,5 24 25,1,10,,271445,54,,,1,10,,271446,16,0,5 24 25,1,55,,271447,16,0,5 24 25,1,30,,271448,28,0,16 24 25,1,95,,271449,54,,,1,25,,271450,16,0,5 24 25,1,70,,271451,16,0,5 24 25,1,100,,271453,16,0,5 24 25,1,100,,271454,16,0,5 24 25,1,100,,271456,16,0,5 24 25,1,95,,271457,16,0,5 24 25,1,100,,271459,16,0,5 24 25,1,105,,271461,16,0,5 24 25,1,85,,271462,9,0,7 24 25,1,25,,271463,9,0,7 24 25,1,70,,271464,9,0,7 24 25,1,101,,271465,54,,,1,40,,271466,54,,,1,79,,271468,16,0,5 24 25,1,100,,271470,16,0,5 24 25,1,95,,271472,16,0,5 24 25,1
3300,'20261001',544,,271474,28,0,16 24 25,1,64,,271475,16,0,5 24 25,1,20,,271476,16,0,5 24 25,1,15,,271477,16,0,5 24 25,1,15,,271478,28,0,16 24 25,1,55,,271479,16,0,5 24 25,1,15,,271480,16,0,5 24 25,1,10,,271481,54,,,1,10,,271482,16,0,5 24 25,1,55,,271483,16,0,5 24 25,1,30,,271484,28,0,16 24 25,1,95,,271485,54,,,1,25,,271486,16,0,5 24 25,1,70,,271487,16,0,5 24 25,1,100,,271489,16,0,5 24 25,1,100,,271490,16,0,5 24 25,1,100,,271492,16,0,5 24 25,1,95,,271493,16,0,5 24 25,1,100,,271495,16,0,5 24 25,1,105,,271497,16,0,5 24 25,1,85,,271498,9,0,7 24 25,1,25,,271499,9,0,7 24 25,1,70,,271500,9,0,7 24 25,1,101,,271501,54,,,1,40,,271502,54,,,1,79,,271504,16,0,5 24 25,1,100,,271506,16,0,5 24 25,1,95,,271508,16,0,5 24 25,1
3300,'20261002',544,,271510,28,0,16 24 25,1,64,,271511,16,0,5 24 25,1,20,,271512,16,0,5 24 25,1,15,,271513,16,0,5 24 25,1,15,,271514,28,0,16 24 25,1,55,,271515,16,0,5 24 25,1,15,,271516,16,0,5 24 25,1,10,,271517,54,,,1,10,,271518,16,0,5 24 25,1,55,,271519,16,0,5 24 25,1,30,,271520,28,0,16 24 25,1,95,,271521,54,,,1,25,,271522,16,0,5 24 25,1,70,,271523,16,0,5 24 25,1,100,,271525,16,0,5 24 25,1,100,,271526,16,0,5 24 25,1,100,,271528,16,0,5 24 25,1,95,,271529,16,0,5 24 25,1,100,,271531,16,0,5 24 25,1,105,,271533,16,0,5 24 25,1,85,,271534,9,0,7 24 25,1,25,,271535,9,0,7 24 25,1,70,,271536,9,0,7 24 25,1,101,,271537,54,,,1,40,,271538,54,,,1,79,,271540,16,0,5 24 25,1,100,,271542,16,0,5 24 25,1,95,,271544,16,0,5 24 25,1
3300,'20261003',810,,271546,54,,,1,198,,271547,54,,,1,202,,271549,54,,,1,205,,271550,54,,,1,200,,271551,54,,,1,195,,271552,54,,,1,200,,271554,54,,,1,200,,271555,54,,,1
3300,'20261004',810,,271557,54,,,1,198,,271558,54,,,1,202,,271560,54,,,1,205,,271561,54,,,1,200,,271562,54,,,1,195,,271563,54,,,1,200,,271565,54,,,1,200,,271566,54,,,1
3300,'20261005',544,,271568,28,0,16 24 25,1,64,,271569,16,0,5 24 25,1,20,,271570,16,0,5 24 25,1,15,,271571,16,0,5 24 25,1,15,,271572,28,0,16 24 25,1,55,,271573,16,0,5 24 25,1,15,,271574,16,0,5 24 25,1,10,,271575,54,,,1,10,,271576,16,0,5 24 25,1,55,,271577,16,0,5 24 25,1,30,,271578,28,0,16 24 25,1,95,,271579,54,,,1,25,,271580,16,0,5 24 25,1,70,,271581,16,0,5 24 25,1,100,,271583,16,0,5 24 25,1,100,,271584,16,0,5 24 25,1,100,,271586,16,0,5 24 25,1,95,,271587,16,0,5 24 25,1,100,,271589,16,0,5 24 25,1,105,,271591,16,0,5 24 25,1,85,,271592,9,0,7 24 25,1,25,,271593,9,0,7 24 25,1,70,,271594,9,0,7 24 25,1,101,,271595,54,,,1,40,,271596,54,,,1,79,,271598,16,0,5 24 25,1,100,,271600,16,0,5 24 25,1,95,,271602,16,0,5 24 25,1
3300,'20261006',544,,271604,28,0,16 24 25,1,64,,271605,16,0,5 24 25,1,20,,271606,16,0,5 24 25,1,15,,271607,16,0,5 24 25,1,15,,271608,28,0,16 24 25,1,55,,271609,16,0,5 24 25,1,15,,271610,16,0,5 24 25,1,10,,271611,54,,,1,10,,271612,16,0,5 24 25,1,55,,271613,16,0,5 24 25,1,30,,271614,28,0,16 24 25,1,95,,271615,54,,,1,25,,271616,16,0,5 24 25,1,70,,271617,16,0,5 24 25,1,100,,271619,16,0,5 24 25,1,100,,271620,16,0,5 24 25,1,100,,271622,16,0,5 24 25,1,95,,271623,16,0,5 24 25,1,100,,271625,16,0,5 24 25,1,105,,271627,16,0,5 24 25,1,85,,271628,9,0,7 24 25,1,25,,271629,9,0,7 24 25,1,70,,271630,9,0,7 24 25,1,101,,271631,54,,,1,40,,271632,54,,,1,79,,271634,16,0,5 24 25,1,100,,271636,16,0,5 24 25,1,95,,271638,16,0,5 24 25,1
3300,'20261007',544,,271640,28,0,16 24 25,1,64,,271641,16,0,5 24 25,1,20,,271642,16,0,5 24 25,1,15,,271643,16,0,5 24 25,1,15,,271644,28,0,16 24 25,1,55,,271645,16,0,5 24 25,1,15,,271646,16,0,5 24 25,1,10,,271647,54,,,1,10,,271648,16,0,5 24 25,1,55,,271649,16,0,5 24 25,1,30,,271650,28,0,16 24 25,1,95,,271651,54,,,1,25,,271652,16,0,5 24 25,1,70,,271653,16,0,5 24 25,1,100,,271655,16,0,5 24 25,1,100,,271656,16,0,5 24 25,1,100,,271658,16,0,5 24 25,1,95,,271659,16,0,5 24 25,1,100,,271661,16,0,5 24 25,1,105,,271663,16,0,5 24 25,1,85,,271664,9,0,7 24 25,1,25,,271665,9,0,7 24 25,1,70,,271666,9,0,7 24 25,1,101,,271667,54,,,1,40,,271668,54,,,1,79,,271670,16,0,5 24 25,1,100,,271672,16,0,5 24 25,1,95,,271674,16,0,5 24 25,1
3300,'20261008',544,,271676,28,0,16 24 25,1,64,,271677,16,0,5 24 25,1,20,,271678,16,0,5 24 25,1,15,,271679,16,0,5 24 25,1,15,,271680,28,0,16 24 25,1,55,,271681,16,0,5 24 25,1,15,,271682,16,0,5 24 25,1,10,,271683,54,,,1,10,,271684,16,0,5 24 25,1,55,,271685,16,0,5 24 25,1,30,,271686,28,0,16 24 25,1,95,,271687,54,,,1,25,,271688,16,0,5 24 25,1,70,,271689,16,0,5 24 25,1,100,,271691,16,0,5 24 25,1,100,,271692,16,0,5 24 25,1,100,,271694,16,0,5 24 25,1,95,,271695,16,0,5 24 25,1,100,,271697,16,0,5 24 25,1,105,,271699,16,0,5 24 25,1,85,,271700,9,0,7 24 25,1,25,,271701,9,0,7 24 25,1,70,,271702,9,0,7 24 25,1,101,,271703,54,,,1,40,,271704,54,,,1,79,,271706,16,0,5 24 25,1,100,,271708,16,0,5 24 25,1,95,,271710,16,0,5 24 25,1
3300,'20261009',544,,271712,28,0,16 24 25,1,64,,271713,16,0,5 24 25,1,20,,271714,16,0,5 24 25,1,15,,271715,16,0,5 24 25,1,15,,271716,28,0,16 24 25,1,55,,271717,16,0,5 24 25,1,15,,271718,16,0,5 24 25,1,10,,271719,54,,,1,10,,271720,16,0,5 24 25,1,55,,271721,16,0,5 24 25,1,30,,271722,28,0,16 24 25,1,95,,271723,54,,,1,25,,271724,16,0,5 24 25,1,70,,271725,16,0,5 24 25,1,100,,271727,16,0,5 24 25,1,100,,271728,16,0,5 24 25,1,100,,271730,16,0,5 24 25,1,95,,271731,16,0,5 24 25,1,100,,271733,16,0,5 24 25,1,105,,271735,16,0,5 24 25,1,85,,271736,9,0,7 24 25,1,25,,271737,9,0,7 24 25,1,70,,271738,9,0,7 24 25,1,101,,271739,54,,,1,40,,271740,54,,,1,79,,271742,16,0,5 24 25,1,100,,271744,16,0,5 24 25,1,95,,271746,16,0,5 24 25,1
3300,'20261010',810,,271748,54,,,1,198,,271749,54,,,1,202,,271751,54,,,1,205,,271752,54,,,1,200,,271753,54,,,1,195,,271754,54,,,1,200,,271756,54,,,1,200,,271757,54,,,1
3300,'20261011',810,,271759,54,,,1,198,,271760,54,,,1,202,,271762,54,,,1,205,,271763,54,,,1,200,,271764,54,,,1,195,,271765,54,,,1,200,,271767,54,,,1,200,,271768,54,,,1
3300,'20261012',810,,271770,54,,,1,198,,271771,54,,,1,202,,271773,54,,,1,205,,271774,54,,,1,200,,271775,54,,,1,195,,271776,54,,,1,200,,271778,54,,,1,200,,271779,54,,,1
3300,'20261013',544,,271781,28,0,16 24 25,1,64,,271782,16,0,5 24 25,1,20,,271783,16,0,5 24 25,1,15,,271784,16,0,5 24 25,1,15,,271785,28,0,16 24 25,1,55,,271786,16,0,5 24 25,1,15,,271787,16,0,5 24 25,1,10,,271788,54,,,1,10,,271789,16,0,5 24 25,1,55,,271790,16,0,5 24 25,1,30,,271791,28,0,16 24 25,1,95,,271792,54,,,1,25,,271793,16,0,5 24 25,1,70,,271794,16,0,5 24 25,1,100,,271796,16,0,5 24 25,1,100,,271797,16,0,5 24 25,1,100,,271799,16,0,5 24 25,1,95,,271800,16,0,5 24 25,1,100,,271802,16,0,5 24 25,1,105,,271804,16,0,5 24 25,1,85,,271805,9,0,7 24 25,1,25,,271806,9,0,7 24 25,1,70,,271807,9,0,7 24 25,1,101,,271808,54,,,1,40,,271809,54,,,1,79,,271811,16,0,5 24 25,1,100,,271813,16,0,5 24 25,1,95,,271815,16,0,5 24 25,1
3300,'20261014',544,,271817,28,0,16 24 25,1,64,,271818,16,0,5 24 25,1,20,,271819,16,0,5 24 25,1,15,,271820,16,0,5 24 25,1,15,,271821,28,0,16 24 25,1,55,,271822,16,0,5 24 25,1,15,,271823,16,0,5 24 25,1,10,,271824,54,,,1,10,,271825,16,0,5 24 25,1,55,,271826,16,0,5 24 25,1,30,,271827,28,0,16 24 25,1,95,,271828,54,,,1,25,,271829,16,0,5 24 25,1,70,,271830,16,0,5 24 25,1,100,,271832,16,0,5 24 25,1,100,,271833,16,0,5 24 25,1,100,,271835,16,0,5 24 25,1,95,,271836,16,0,5 24 25,1,100,,271838,16,0,5 24 25,1,105,,271840,16,0,5 24 25,1,85,,271841,9,0,7 24 25,1,25,,271842,9,0,7 24 25,1,70,,271843,9,0,7 24 25,1,101,,271844,54,,,1,40,,271845,54,,,1,79,,271847,16,0,5 24 25,1,100,,271849,16,0,5 24 25,1,95,,271851,16,0,5 24 25,1
3300,'20261015',544,,271853,28,0,16 24 25,1,64,,271854,16,0,5 24 25,1,20,,271855,16,0,5 24 25,1,15,,271856,16,0,5 24 25,1,15,,271857,28,0,16 24 25,1,55,,271858,16,0,5 24 25,1,15,,271859,16,0,5 24 25,1,10,,271860,54,,,1,10,,271861,16,0,5 24 25,1,55,,271862,16,0,5 24 25,1,30,,271863,28,0,16 24 25,1,95,,271864,54,,,1,25,,271865,16,0,5 24 25,1,70,,271866,16,0,5 24 25,1,100,,271868,16,0,5 24 25,1,100,,271869,16,0,5 24 25,1,100,,271871,16,0,5 24 25,1,95,,271872,16,0,5 24 25,1,100,,271874,16,0,5 24 25,1,105,,271876,16,0,5 24 25,1,85,,271877,9,0,7 24 25,1,25,,271878,9,0,7 24 25,1,70,,271879,9,0,7 24 25,1,101,,271880,54,,,1,40,,271881,54,,,1,79,,271883,16,0,5 24 25,1,100,,271885,16,0,5 24 25,1,95,,271887,16,0,5 24 25,1
3300,'20261016',544,,271889,28,0,16 24 25,1,64,,271890,16,0,5 24 25,1,20,,271891,16,0,5 24 25,1,15,,271892,16,0,5 24 25,1,15,,271893,28,0,16 24 25,1,55,,271894,16,0,5 24 25,1,15,,271895,16,0,5 24 25,1,10,,271896,54,,,1,10,,271897,16,0,5 24 25,1,55,,271898,16,0,5 24 25,1,30,,271899,28,0,16 24 25,1,95,,271900,54,,,1,25,,271901,16,0,5 24 25,1,70,,271902,16,0,5 24 25,1,100,,271904,16,0,5 24 25,1,100,,271905,16,0,5 24 25,1,100,,271907,16,0,5 24 25,1,95,,271908,16,0,5 24 25,1,100,,271910,16,0,5 24 25,1,105,,271912,16,0,5 24 25,1,85,,271913,9,0,7 24 25,1,25,,271914,9,0,7 24 25,1,70,,271915,9,0,7 24 25,1,101,,271916,54,,,1,40,,271917,54,,,1,79,,271919,16,0,5 24 25,1,100,,271921,16,0,5 24 25,1,95,,271923,16,0,5 24 25,1
3300,'20261017',810,,271925,54,,,1,198,,271926,54,,,1,202,,271928,54,,,1,205,,271929,54,,,1,200,,271930,54,,,1,195,,271931,54,,,1,200,,271933,54,,,1,200,,271934,54,,,1
3300,'20261018',810,,271936,54,,,1,198,,271937,54,,,1,202,,271939,54,,,1,205,,271940,54,,,1,200,,271941,54,,,1,195,,271942,54,,,1,200,,271944,54,,,1,200,,271945,54,,,1
3300,'20261019',544,,271947,28,0,16 24 25,1,64,,271948,16,0,5 24 25,1,20,,271949,16,0,5 24 25,1,15,,271950,16,0,5 24 25,1,15,,271951,28,0,16 24 25,1,55,,271952,16,0,5 24 25,1,15,,271953,16,0,5 24 25,1,10,,271954,54,,,1,10,,271955,16,0,5 24 25,1,55,,271956,16,0,5 24 25,1,30,,271957,28,0,16 24 25,1,95,,271958,54,,,1,25,,271959,16,0,5 24 25,1,70,,271960,16,0,5 24 25,1,100,,271962,16,0,5 24 25,1,100,,271963,16,0,5 24 25,1,100,,271965,16,0,5 24 25,1,95,,271966,16,0,5 24 25,1,100,,271968,16,0,5 24 25,1,105,,271970,16,0,5 24 25,1,85,,271971,9,0,7 24 25,1,25,,271972,9,0,7 24 25,1,70,,271973,9,0,7 24 25,1,101,,271974,54,,,1,40,,271975,54,,,1,79,,271977,16,0,5 24 25,1,100,,271979,16,0,5 24 25,1,95,,271981,16,0,5 24 25,1
3300,'20261020',544,,271983,28,0,16 24 25,1,64,,271984,16,0,5 24 25,1,20,,271985,16,0,5 24 25,1,15,,271986,16,0,5 24 25,1,15,,271987,28,0,16 24 25,1,55,,271988,16,0,5 24 25,1,15,,271989,16,0,5 24 25,1,10,,271990,54,,,1,10,,271991,16,0,5 24 25,1,55,,271992,16,0,5 24 25,1,30,,271993,28,0,16 24 25,1,95,,271994,54,,,1,25,,271995,16,0,5 24 25,1,70,,271996,16,0,5 24 25,1,100,,271998,16,0,5 24 25,1,100,,271999,16,0,5 24 25,1,100,,272001,16,0,5 24 25,1,95,,272002,16,0,5 24 25,1,100,,272004,16,0,5 24 25,1,105,,272006,16,0,5 24 25,1,85,,272007,9,0,7 24 25,1,25,,272008,9,0,7 24 25,1,70,,272009,9,0,7 24 25,1,101,,272010,54,,,1,40,,272011,54,,,1,79,,272013,16,0,5 24 25,1,100,,272015,16,0,5 24 25,1,95,,272017,16,0,5 24 25,1
3300,'20261021',544,,272019,28,0,16 24 25,1,64,,272020,16,0,5 24 25,1,20,,272021,16,0,5 24 25,1,15,,272022,16,0,5 24 25,1,15,,272023,28,0,16 24 25,1,55,,272024,16,0,5 24 25,1,15,,272025,16,0,5 24 25,1,10,,272026,54,,,1,10,,272027,16,0,5 24 25,1,55,,272028,16,0,5 24 25,1,30,,272029,28,0,16 24 25,1,95,,272030,54,,,1,25,,272031,16,0,5 24 25,1,70,,272032,16,0,5 24 25,1,100,,272034,16,0,5 24 25,1,100,,272035,16,0,5 24 25,1,100,,272037,16,0,5 24 25,1,95,,272038,16,0,5 24 25,1,100,,272040,16,0,5 24 25,1,105,,272042,16,0,5 24 25,1,85,,272043,9,0,7 24 25,1,25,,272044,9,0,7 24 25,1,70,,272045,9,0,7 24 25,1,101,,272046,54,,,1,40,,272047,54,,,1,79,,272049,16,0,5 24 25,1,100,,272051,16,0,5 24 25,1,95,,272053,16,0,5 24 25,1
3300,'20261022',544,,272055,28,0,16 24 25,1,64,,272056,16,0,5 24 25,1,20,,272057,16,0,5 24 25,1,15,,272058,16,0,5 24 25,1,15,,272059,28,0,16 24 25,1,55,,272060,16,0,5 24 25,1,15,,272061,16,0,5 24 25,1,10,,272062,54,,,1,10,,272063,16,0,5 24 25,1,55,,272064,16,0,5 24 25,1,30,,272065,28,0,16 24 25,1,95,,272066,54,,,1,25,,272067,16,0,5 24 25,1,70,,272068,16,0,5 24 25,1,100,,272070,16,0,5 24 25,1,100,,272071,16,0,5 24 25,1,100,,272073,16,0,5 24 25,1,95,,272074,16,0,5 24 25,1,100,,272076,16,0,5 24 25,1,105,,272078,16,0,5 24 25,1,85,,272079,9,0,7 24 25,1,25,,272080,9,0,7 24 25,1,70,,272081,9,0,7 24 25,1,101,,272082,54,,,1,40,,272083,54,,,1,79,,272085,16,0,5 24 25,1,100,,272087,16,0,5 24 25,1,95,,272089,16,0,5 24 25,1
3300,'20261023',544,,272091,28,0,16 24 25,1,64,,272092,16,0,5 24 25,1,20,,272093,16,0,5 24 25,1,15,,272094,16,0,5 24 25,1,15,,272095,28,0,16 24 25,1,55,,272096,16,0,5 24 25,1,15,,272097,16,0,5 24 25,1,10,,272098,54,,,1,10,,272099,16,0,5 24 25,1,55,,272100,16,0,5 24 25,1,30,,272101,28,0,16 24 25,1,95,,272102,54,,,1,25,,272103,16,0,5 24 25,1,70,,272104,16,0,5 24 25,1,100,,272106,16,0,5 24 25,1,100,,272107,16,0,5 24 25,1,100,,272109,16,0,5 24 25,1,95,,272110,16,0,5 24 25,1,100,,272112,16,0,5 24 25,1,105,,272114,16,0,5 24 25,1,85,,272115,9,0,7 24 25,1,25,,272116,9,0,7 24 25,1,70,,272117,9,0,7 24 25,1,101,,272118,54,,,1,40,,272119,54,,,1,79,,272121,16,0,5 24 25,1,100,,272123,16,0,5 24 25,1,95,,272125,16,0,5 24 25,1
3300,'20261024',810,,272127,54,,,1,198,,272128,54,,,1,202,,272130,54,,,1,205,,272131,54,,,1,200,,272132,54,,,1,195,,272133,54,,,1,200,,272135,54,,,1,200,,272136,54,,,1
3300,'20261025',810,,272138,54,,,1,198,,272139,54,,,1,202,,272141,54,,,1,205,,272142,54,,,1,200,,272143,54,,,1,195,,272144,54,,,1,200,,272146,54,,,1,200,,272147,54,,,1
3300,'20261026',544,,272149,28,0,16 24 25,1,64,,272150,16,0,5 24 25,1,20,,272151,16,0,5 24 25,1,15,,272152,16,0,5 24 25,1,15,,272153,28,0,16 24 25,1,55,,272154,16,0,5 24 25,1,15,,272155,16,0,5 24 25,1,10,,272156,54,,,1,10,,272157,16,0,5 24 25,1,55,,272158,16,0,5 24 25,1,30,,272159,28,0,16 24 25,1,95,,272160,54,,,1,25,,272161,16,0,5 24 25,1,70,,272162,16,0,5 24 25,1,100,,272164,16,0,5 24 25,1,100,,272165,16,0,5 24 25,1,100,,272167,16,0,5 24 25,1,95,,272168,16,0,5 24 25,1,100,,272170,16,0,5 24 25,1,105,,272172,16,0,5 24 25,1,85,,272173,9,0,7 24 25,1,25,,272174,9,0,7 24 25,1,70,,272175,9,0,7 24 25,1,101,,272176,54,,,1,40,,272177,54,,,1,79,,272179,16,0,5 24 25,1,100,,272181,16,0,5 24 25,1,95,,272183,16,0,5 24 25,1
3300,'20261027',544,,272185,28,0,16 24 25,1,64,,272186,16,0,5 24 25,1,20,,272187,16,0,5 24 25,1,15,,272188,16,0,5 24 25,1,15,,272189,28,0,16 24 25,1,55,,272190,16,0,5 24 25,1,15,,272191,16,0,5 24 25,1,10,,272192,54,,,1,10,,272193,16,0,5 24 25,1,55,,272194,16,0,5 24 25,1,30,,272195,28,0,16 24 25,1,95,,272196,54,,,1,25,,272197,16,0,5 24 25,1,70,,272198,16,0,5 24 25,1,100,,272200,16,0,5 24 25,1,100,,272201,16,0,5 24 25,1,100,,272203,16,0,5 24 25,1,95,,272204,16,0,5 24 25,1,100,,272206,16,0,5 24 25,1,105,,272208,16,0,5 24 25,1,85,,272209,9,0,7 24 25,1,25,,272210,9,0,7 24 25,1,70,,272211,9,0,7 24 25,1,101,,272212,54,,,1,40,,272213,54,,,1,79,,272215,16,0,5 24 25,1,100,,272217,16,0,5 24 25,1,95,,272219,16,0,5 24 25,1
3300,'20261028',544,,272221,28,0,16 24 25,1,64,,272222,16,0,5 24 25,1,20,,272223,16,0,5 24 25,1,15,,272224,16,0,5 24 25,1,15,,272225,28,0,16 24 25,1,55,,272226,16,0,5 24 25,1,15,,272227,16,0,5 24 25,1,10,,272228,54,,,1,10,,272229,16,0,5 24 25,1,55,,272230,16,0,5 24 25,1,30,,272231,28,0,16 24 25,1,95,,272232,54,,,1,25,,272233,16,0,5 24 25,1,70,,272234,16,0,5 24 25,1,100,,272236,16,0,5 24 25,1,100,,272237,16,0,5 24 25,1,100,,272239,16,0,5 24 25,1,95,,272240,16,0,5 24 25,1,100,,272242,16,0,5 24 25,1,105,,272244,16,0,5 24 25,1,85,,272245,9,0,7 24 25,1,25,,272246,9,0,7 24 25,1,70,,272247,9,0,7 24 25,1,101,,272248,54,,,1,40,,272249,54,,,1,79,,272251,16,0,5 24 25,1,100,,272253,16,0,5 24 25,1,95,,272255,16,0,5 24 25,1
3300,'20261029',544,,272257,28,0,16 24 25,1,64,,272258,16,0,5 24 25,1,20,,272259,16,0,5 24 25,1,15,,272260,16,0,5 24 25,1,15,,272261,28,0,16 24 25,1,55,,272262,16,0,5 24 25,1,15,,272263,16,0,5 24 25,1,10,,272264,54,,,1,10,,272265,16,0,5 24 25,1,55,,272266,16,0,5 24 25,1,30,,272267,28,0,16 24 25,1,95,,272268,54,,,1,25,,272269,16,0,5 24 25,1,70,,272270,16,0,5 24 25,1,100,,272272,16,0,5 24 25,1,100,,272273,16,0,5 24 25,1,100,,272275,16,0,5 24 25,1,95,,272276,16,0,5 24 25,1,100,,272278,16,0,5 24 25,1,105,,272280,16,0,5 24 25,1,85,,272281,9,0,7 24 25,1,25,,272282,9,0,7 24 25,1,70,,272283,9,0,7 24 25,1,101,,272284,54,,,1,40,,272285,54,,,1,79,,272287,16,0,5 24 25,1,100,,272289,16,0,5 24 25,1,95,,272291,16,0,5 24 25,1
3300,'20261030',544,,272293,28,0,16 24 25,1,64,,272294,16,0,5 24 25,1,20,,272295,16,0,5 24 25,1,15,,272296,16,0,5 24 25,1,15,,272297,28,0,16 24 25,1,55,,272298,16,0,5 24 25,1,15,,272299,16,0,5 24 25,1,10,,272300,54,,,1,10,,272301,16,0,5 24 25,1,55,,272302,16,0,5 24 25,1,30,,272303,28,0,16 24 25,1,95,,272304,54,,,1,25,,272305,16,0,5 24 25,1,70,,272306,16,0,5 24 25,1,100,,272308,16,0,5 24 25,1,100,,272309,16,0,5 24 25,1,100,,272311,16,0,5 24 25,1,95,,272312,16,0,5 24 25,1,100,,272314,16,0,5 24 25,1,105,,272316,16,0,5 24 25,1,85,,272317,9,0,7 24 25,1,25,,272318,9,0,7 24 25,1,70,,272319,9,0,7 24 25,1,101,,272320,54,,,1,40,,272321,54,,,1,79,,272323,16,0,5 24 25,1,100,,272325,16,0,5 24 25,1,95,,272327,16,0,5 24 25,1
3300,'20261031',810,,272329,54,,,1,198,,272330,54,,,1,202,,272332,54,,,1,205,,272333,54,,,1,200,,272334,54,,,1,195,,272335,54,,,1,200,,272337,54,,,1,200,,272338,54,,,1
3300,'20261101',810,,272340,54,,,1,198,,272341,54,,,1,202,,272343,54,,,1,205,,272344,54,,,1,200,,272345,54,,,1,195,,272346,54,,,1,200,,272348,54,,,1,200,,272349,54,,,1
3300,'20261102',544,,272351,28,0,16 24 25,1,64,,272352,16,0,5 24 25,1,20,,272353,16,0,5 24 25,1,15,,272354,16,0,5 24 25,1,15,,272355,28,0,16 24 25,1,55,,272356,16,0,5 24 25,1,15,,272357,16,0,5 24 25,1,10,,272358,54,,,1,10,,272359,16,0,5 24 25,1,55,,272360,16,0,5 24 25,1,30,,272361,28,0,16 24 25,1,95,,272362,54,,,1,25,,272363,16,0,5 24 25,1,70,,272364,16,0,5 24 25,1,100,,272366,16,0,5 24 25,1,100,,272367,16,0,5 24 25,1,100,,272369,16,0,5 24 25,1,95,,272370,16,0,5 24 25,1,100,,272372,16,0,5 24 25,1,105,,272374,16,0,5 24 25,1,85,,272375,9,0,7 24 25,1,25,,272376,9,0,7 24 25,1,70,,272377,9,0,7 24 25,1,101,,272378,54,,,1,40,,272379,54,,,1,79,,272381,16,0,5 24 25,1,100,,272383,16,0,5 24 25,1,95,,272385,16,0,5 24 25,1
3300,'20261103',544,,272387,28,0,16 24 25,1,64,,272388,16,0,5 24 25,1,20,,272389,16,0,5 24 25,1,15,,272390,16,0,5 24 25,1,15,,272391,28,0,16 24 25,1,55,,272392,16,0,5 24 25,1,15,,272393,16,0,5 24 25,1,10,,272394,54,,,1,10,,272395,16,0,5 24 25,1,55,,272396,16,0,5 24 25,1,30,,272397,28,0,16 24 25,1,95,,272398,54,,,1,25,,272399,16,0,5 24 25,1,70,,272400,16,0,5 24 25,1,100,,272402,16,0,5 24 25,1,100,,272403,16,0,5 24 25,1,100,,272405,16,0,5 24 25,1,95,,272406,16,0,5 24 25,1,100,,272408,16,0,5 24 25,1,105,,272410,16,0,5 24 25,1,85,,272411,9,0,7 24 25,1,25,,272412,9,0,7 24 25,1,70,,272413,9,0,7 24 25,1,101,,272414,54,,,1,40,,272415,54,,,1,79,,272417,16,0,5 24 25,1,100,,272419,16,0,5 24 25,1,95,,272421,16,0,5 24 25,1
3300,'20261104',544,,272423,28,0,16 24 25,1,64,,272424,16,0,5 24 25,1,20,,272425,16,0,5 24 25,1,15,,272426,16,0,5 24 25,1,15,,272427,28,0,16 24 25,1,55,,272428,16,0,5 24 25,1,15,,272429,16,0,5 24 25,1,10,,272430,54,,,1,10,,272431,16,0,5 24 25,1,55,,272432,16,0,5 24 25,1,30,,272433,28,0,16 24 25,1,95,,272434,54,,,1,25,,272435,16,0,5 24 25,1,70,,272436,16,0,5 24 25,1,100,,272438,16,0,5 24 25,1,100,,272439,16,0,5 24 25,1,100,,272441,16,0,5 24 25,1,95,,272442,16,0,5 24 25,1,100,,272444,16,0,5 24 25,1,105,,272446,16,0,5 24 25,1,85,,272447,9,0,7 24 25,1,25,,272448,9,0,7 24 25,1,70,,272449,9,0,7 24 25,1,101,,272450,54,,,1,40,,272451,54,,,1,79,,272453,16,0,5 24 25,1,100,,272455,16,0,5 24 25,1,95,,272457,16,0,5 24 25,1
3300,'20261105',544,,272459,28,0,16 24 25,1,64,,272460,16,0,5 24 25,1,20,,272461,16,0,5 24 25,1,15,,272462,16,0,5 24 25,1,15,,272463,28,0,16 24 25,1,55,,272464,16,0,5 24 25,1,15,,272465,16,0,5 24 25,1,10,,272466,54,,,1,10,,272467,16,0,5 24 25,1,55,,272468,16,0,5 24 25,1,30,,272469,28,0,16 24 25,1,95,,272470,54,,,1,25,,272471,16,0,5 24 25,1,70,,272472,16,0,5 24 25,1,100,,272474,16,0,5 24 25,1,100,,272475,16,0,5 24 25,1,100,,272477,16,0,5 24 25,1,95,,272478,16,0,5 24 25,1,100,,272480,16,0,5 24 25,1,105,,272482,16,0,5 24 25,1,85,,272483,9,0,7 24 25,1,25,,272484,9,0,7 24 25,1,70,,272485,9,0,7 24 25,1,101,,272486,54,,,1,40,,272487,54,,,1,79,,272489,16,0,5 24 25,1,100,,272491,16,0,5 24 25,1,95,,272493,16,0,5 24 25,1
3300,'20261106',544,,272495,28,0,16 24 25,1,64,,272496,16,0,5 24 25,1,20,,272497,16,0,5 24 25,1,15,,272498,16,0,5 24 25,1,15,,272499,28,0,16 24 25,1,55,,272500,16,0,5 24 25,1,15,,272501,16,0,5 24 25,1,10,,272502,54,,,1,10,,272503,16,0,5 24 25,1,55,,272504,16,0,5 24 25,1,30,,272505,28,0,16 24 25,1,95,,272506,54,,,1,25,,272507,16,0,5 24 25,1,70,,272508,16,0,5 24 25,1,100,,272510,16,0,5 24 25,1,100,,272511,16,0,5 24 25,1,100,,272513,16,0,5 24 25,1,95,,272514,16,0,5 24 25,1,100,,272516,16,0,5 24 25,1,105,,272518,16,0,5 24 25,1,85,,272519,9,0,7 24 25,1,25,,272520,9,0,7 24 25,1,70,,272521,9,0,7 24 25,1,101,,272522,54,,,1,40,,272523,54,,,1,79,,272525,16,0,5 24 25,1,100,,272527,16,0,5 24 25,1,95,,272529,16,0,5 24 25,1
3300,'20261107',810,,272531,54,,,1,198,,272532,54,,,1,202,,272534,54,,,1,205,,272535,54,,,1,200,,272536,54,,,1,195,,272537,54,,,1,200,,272539,54,,,1,200,,272540,54,,,1
3300,'20261108',810,,272542,54,,,1,198,,272543,54,,,1,202,,272545,54,,,1,205,,272546,54,,,1,200,,272547,54,,,1,195,,272548,54,,,1,200,,272550,54,,,1,200,,272551,54,,,1
3300,'20261109',544,,272553,28,0,16 24 25,1,64,,272554,16,0,5 24 25,1,20,,272555,16,0,5 24 25,1,15,,272556,16,0,5 24 25,1,15,,272557,28,0,16 24 25,1,55,,272558,16,0,5 24 25,1,15,,272559,16,0,5 24 25,1,10,,272560,54,,,1,10,,272561,16,0,5 24 25,1,55,,272562,16,0,5 24 25,1,30,,272563,28,0,16 24 25,1,95,,272564,54,,,1,25,,272565,16,0,5 24 25,1,70,,272566,16,0,5 24 25,1,100,,272568,16,0,5 24 25,1,100,,272569,16,0,5 24 25,1,100,,272571,16,0,5 24 25,1,95,,272572,16,0,5 24 25,1,100,,272574,16,0,5 24 25,1,105,,272576,16,0,5 24 25,1,85,,272577,9,0,7 24 25,1,25,,272578,9,0,7 24 25,1,70,,272579,9,0,7 24 25,1,101,,272580,54,,,1,40,,272581,54,,,1,79,,272583,16,0,5 24 25,1,100,,272585,16,0,5 24 25,1,95,,272587,16,0,5 24 25,1
3300,'20261110',544,,272589,28,0,16 24 25,1,64,,272590,16,0,5 24 25,1,20,,272591,16,0,5 24 25,1,15,,272592,16,0,5 24 25,1,15,,272593,28,0,16 24 25,1,55,,272594,16,0,5 24 25,1,15,,272595,16,0,5 24 25,1,10,,272596,54,,,1,10,,272597,16,0,5 24 25,1,55,,272598,16,0,5 24 25,1,30,,272599,28,0,16 24 25,1,95,,272600,54,,,1,25,,272601,16,0,5 24 25,1,70,,272602,16,0,5 24 25,1,100,,272604,16,0,5 24 25,1,100,,272605,16,0,5 24 25,1,100,,272607,16,0,5 24 25,1,95,,272608,16,0,5 24 25,1,100,,272610,16,0,5 24 25,1,105,,272612,16,0,5 24 25,1,85,,272613,9,0,7 24 25,1,25,,272614,9,0,7 24 25,1,70,,272615,9,0,7 24 25,1,101,,272616,54,,,1,40,,272617,54,,,1,79,,272619,16,0,5 24 25,1,100,,272621,16,0,5 24 25,1,95,,272623,16,0,5 24 25,1
3300,'20261111',544,,272625,28,0,16 24 25,1,64,,272626,16,0,5 24 25,1,20,,272627,16,0,5 24 25,1,15,,272628,16,0,5 24 25,1,15,,272629,28,0,16 24 25,1,55,,272630,16,0,5 24 25,1,15,,272631,16,0,5 24 25,1,10,,272632,54,,,1,10,,272633,16,0,5 24 25,1,55,,272634,16,0,5 24 25,1,30,,272635,28,0,16 24 25,1,95,,272636,54,,,1,25,,272637,16,0,5 24 25,1,70,,272638,16,0,5 24 25,1,100,,272640,16,0,5 24 25,1,100,,272641,16,0,5 24 25,1,100,,272643,16,0,5 24 25,1,95,,272644,16,0,5 24 25,1,100,,272646,16,0,5 24 25,1,105,,272648,16,0,5 24 25,1,85,,272649,9,0,7 24 25,1,25,,272650,9,0,7 24 25,1,70,,272651,9,0,7 24 25,1,101,,272652,54,,,1,40,,272653,54,,,1,79,,272655,16,0,5 24 25,1,100,,272657,16,0,5 24 25,1,95,,272659,16,0,5 24 25,1
3300,'20261112',544,,272661,28,0,16 24 25,1,64,,272662,16,0,5 24 25,1,20,,272663,16,0,5 24 25,1,15,,272664,16,0,5 24 25,1,15,,272665,28,0,16 24 25,1,55,,272666,16,0,5 24 25,1,15,,272667,16,0,5 24 25,1,10,,272668,54,,,1,10,,272669,16,0,5 24 25,1,55,,272670,16,0,5 24 25,1,30,,272671,28,0,16 24 25,1,95,,272672,54,,,1,25,,272673,16,0,5 24 25,1,70,,272674,16,0,5 24 25,1,100,,272676,16,0,5 24 25,1,100,,272677,16,0,5 24 25,1,100,,272679,16,0,5 24 25,1,95,,272680,16,0,5 24 25,1,100,,272682,16,0,5 24 25,1,105,,272684,16,0,5 24 25,1,85,,272685,9,0,7 24 25,1,25,,272686,9,0,7 24 25,1,70,,272687,9,0,7 24 25,1,101,,272688,54,,,1,40,,272689,54,,,1,79,,272691,16,0,5 24 25,1,100,,272693,16,0,5 24 25,1,95,,272695,16,0,5 24 25,1
3300,'20261113',544,,272697,28,0,16 24 25,1,64,,272698,16,0,5 24 25,1,20,,272699,16,0,5 24 25,1,15,,272700,16,0,5 24 25,1,15,,272701,28,0,16 24 25,1,55,,272702,16,0,5 24 25,1,15,,272703,16,0,5 24 25,1,10,,272704,54,,,1,10,,272705,16,0,5 24 25,1,55,,272706,16,0,5 24 25,1,30,,272707,28,0,16 24 25,1,95,,272708,54,,,1,25,,272709,16,0,5 24 25,1,70,,272710,16,0,5 24 25,1,100,,272712,16,0,5 24 25,1,100,,272713,16,0,5 24 25,1,100,,272715,16,0,5 24 25,1,95,,272716,16,0,5 24 25,1,100,,272718,16,0,5 24 25,1,105,,272720,16,0,5 24 25,1,85,,272721,9,0,7 24 25,1,25,,272722,9,0,7 24 25,1,70,,272723,9,0,7 24 25,1,101,,272724,54,,,1,40,,272725,54,,,1,79,,272727,16,0,5 24 25,1,100,,272729,16,0,5 24 25,1,95,,272731,16,0,5 24 25,1
3300,'20261114',810,,272733,54,,,1,198,,272734,54,,,1,202,,272736,54,,,1,205,,272737,54,,,1,200,,272738,54,,,1,195,,272739,54,,,1,200,,272741,54,,,1,200,,272742,54,,,1
3300,'20261115',810,,272744,54,,,1,198,,272745,54,,,1,202,,272747,54,,,1,205,,272748,54,,,1,200,,272749,54,,,1,195,,272750,54,,,1,200,,272752,54,,,1,200,,272753,54,,,1
3300,'20261116',544,,272755,28,0,16 24 25,1,64,,272756,16,0,5 24 25,1,20,,272757,16,0,5 24 25,1,15,,272758,16,0,5 24 25,1,15,,272759,28,0,16 24 25,1,55,,272760,16,0,5 24 25,1,15,,272761,16,0,5 24 25,1,10,,272762,54,,,1,10,,272763,16,0,5 24 25,1,55,,272764,16,0,5 24 25,1,30,,272765,28,0,16 24 25,1,95,,272766,54,,,1,25,,272767,16,0,5 24 25,1,70,,272768,16,0,5 24 25,1,100,,272770,16,0,5 24 25,1,100,,272771,16,0,5 24 25,1,100,,272773,16,0,5 24 25,1,95,,272774,16,0,5 24 25,1,100,,272776,16,0,5 24 25,1,105,,272778,16,0,5 24 25,1,85,,272779,9,0,7 24 25,1,25,,272780,9,0,7 24 25,1,70,,272781,9,0,7 24 25,1,101,,272782,54,,,1,40,,272783,54,,,1,79,,272785,16,0,5 24 25,1,100,,272787,16,0,5 24 25,1,95,,272789,16,0,5 24 25,1
3300,'20261117',544,,272791,28,0,16 24 25,1,64,,272792,16,0,5 24 25,1,20,,272793,16,0,5 24 25,1,15,,272794,16,0,5 24 25,1,15,,272795,28,0,16 24 25,1,55,,272796,16,0,5 24 25,1,15,,272797,16,0,5 24 25,1,10,,272798,54,,,1,10,,272799,16,0,5 24 25,1,55,,272800,16,0,5 24 25,1,30,,272801,28,0,16 24 25,1,95,,272802,54,,,1,25,,272803,16,0,5 24 25,1,70,,272804,16,0,5 24 25,1,100,,272806,16,0,5 24 25,1,100,,272807,16,0,5 24 25,1,100,,272809,16,0,5 24 25,1,95,,272810,16,0,5 24 25,1,100,,272812,16,0,5 24 25,1,105,,272814,16,0,5 24 25,1,85,,272815,9,0,7 24 25,1,25,,272816,9,0,7 24 25,1,70,,272817,9,0,7 24 25,1,101,,272818,54,,,1,40,,272819,54,,,1,79,,272821,16,0,5 24 25,1,100,,272823,16,0,5 24 25,1,95,,272825,16,0,5 24 25,1
3300,'20261118',544,,272827,28,0,16 24 25,1,64,,272828,16,0,5 24 25,1,20,,272829,16,0,5 24 25,1,15,,272830,16,0,5 24 25,1,15,,272831,28,0,16 24 25,1,55,,272832,16,0,5 24 25,1,15,,272833,16,0,5 24 25,1,10,,272834,54,,,1,10,,272835,16,0,5 24 25,1,55,,272836,16,0,5 24 25,1,30,,272837,28,0,16 24 25,1,95,,272838,54,,,1,25,,272839,16,0,5 24 25,1,70,,272840,16,0,5 24 25,1,100,,272842,16,0,5 24 25,1,100,,272843,16,0,5 24 25,1,100,,272845,16,0,5 24 25,1,95,,272846,16,0,5 24 25,1,100,,272848,16,0,5 24 25,1,105,,272850,16,0,5 24 25,1,85,,272851,9,0,7 24 25,1,25,,272852,9,0,7 24 25,1,70,,272853,9,0,7 24 25,1,101,,272854,54,,,1,40,,272855,54,,,1,79,,272857,16,0,5 24 25,1,100,,272859,16,0,5 24 25,1,95,,272861,16,0,5 24 25,1
3300,'20261119',544,,272863,28,0,16 24 25,1,64,,272864,16,0,5 24 25,1,20,,272865,16,0,5 24 25,1,15,,272866,16,0,5 24 25,1,15,,272867,28,0,16 24 25,1,55,,272868,16,0,5 24 25,1,15,,272869,16,0,5 24 25,1,10,,272870,54,,,1,10,,272871,16,0,5 24 25,1,55,,272872,16,0,5 24 25,1,30,,272873,28,0,16 24 25,1,95,,272874,54,,,1,25,,272875,16,0,5 24 25,1,70,,272876,16,0,5 24 25,1,100,,272878,16,0,5 24 25,1,100,,272879,16,0,5 24 25,1,100,,272881,16,0,5 24 25,1,95,,272882,16,0,5 24 25,1,100,,272884,16,0,5 24 25,1,105,,272886,16,0,5 24 25,1,85,,272887,9,0,7 24 25,1,25,,272888,9,0,7 24 25,1,70,,272889,9,0,7 24 25,1,101,,272890,54,,,1,40,,272891,54,,,1,79,,272893,16,0,5 24 25,1,100,,272895,16,0,5 24 25,1,95,,272897,16,0,5 24 25,1
3300,'20261120',544,,272899,28,0,16 24 25,1,64,,272900,16,0,5 24 25,1,20,,272901,16,0,5 24 25,1,15,,272902,16,0,5 24 25,1,15,,272903,28,0,16 24 25,1,55,,272904,16,0,5 24 25,1,15,,272905,16,0,5 24 25,1,10,,272906,54,,,1,10,,272907,16,0,5 24 25,1,55,,272908,16,0,5 24 25,1,30,,272909,28,0,16 24 25,1,95,,272910,54,,,1,25,,272911,16,0,5 24 25,1,70,,272912,16,0,5 24 25,1,100,,272914,16,0,5 24 25,1,100,,272915,16,0,5 24 25,1,100,,272917,16,0,5 24 25,1,95,,272918,16,0,5 24 25,1,100,,272920,16,0,5 24 25,1,105,,272922,16,0,5 24 25,1,85,,272923,9,0,7 24 25,1,25,,272924,9,0,7 24 25,1,70,,272925,9,0,7 24 25,1,101,,272926,54,,,1,40,,272927,54,,,1,79,,272929,16,0,5 24 25,1,100,,272931,16,0,5 24 25,1,95,,272933,16,0,5 24 25,1
3300,'20261121',810,,272935,54,,,1,198,,272936,54,,,1,202,,272938,54,,,1,205,,272939,54,,,1,200,,272940,54,,,1,195,,272941,54,,,1,200,,272943,54,,,1,200,,272944,54,,,1
3300,'20261122',810,,272946,54,,,1,198,,272947,54,,,1,202,,272949,54,,,1,205,,272950,54,,,1,200,,272951,54,,,1,195,,272952,54,,,1,200,,272954,54,,,1,200,,272955,54,,,1
3300,'20261123',544,,272957,28,0,16 24 25,1,64,,272958,16,0,5 24 25,1,20,,272959,16,0,5 24 25,1,15,,272960,16,0,5 24 25,1,15,,272961,28,0,16 24 25,1,55,,272962,16,0,5 24 25,1,15,,272963,16,0,5 24 25,1,10,,272964,54,,,1,10,,272965,16,0,5 24 25,1,55,,272966,16,0,5 24 25,1,30,,272967,28,0,16 24 25,1,95,,272968,54,,,1,25,,272969,16,0,5 24 25,1,70,,272970,16,0,5 24 25,1,100,,272972,16,0,5 24 25,1,100,,272973,16,0,5 24 25,1,100,,272975,16,0,5 24 25,1,95,,272976,16,0,5 24 25,1,100,,272978,16,0,5 24 25,1,105,,272980,16,0,5 24 25,1,85,,272981,9,0,7 24 25,1,25,,272982,9,0,7 24 25,1,70,,272983,9,0,7 24 25,1,101,,272984,54,,,1,40,,272985,54,,,1,79,,272987,16,0,5 24 25,1,100,,272989,16,0,5 24 25,1,95,,272991,16,0,5 24 25,1
3300,'20261124',544,,272993,28,0,16 24 25,1,64,,272994,16,0,5 24 25,1,20,,272995,16,0,5 24 25,1,15,,272996,16,0,5 24 25,1,15,,272997,28,0,16 24 25,1,55,,272998,16,0,5 24 25,1,15,,272999,16,0,5 24 25,1,10,,273000,54,,,1,10,,273001,16,0,5 24 25,1,55,,273002,16,0,5 24 25,1,30,,273003,28,0,16 24 25,1,95,,273004,54,,,1,25,,273005,16,0,5 24 25,1,70,,273006,16,0,5 24 25,1,100,,273008,16,0,5 24 25,1,100,,273009,16,0,5 24 25,1,100,,273011,16,0,5 24 25,1,95,,273012,16,0,5 24 25,1,100,,273014,16,0,5 24 25,1,105,,273016,16,0,5 24 25,1,85,,273017,9,0,7 24 25,1,25,,273018,9,0,7 24 25,1,70,,273019,9,0,7 24 25,1,101,,273020,54,,,1,40,,273021,54,,,1,79,,273023,16,0,5 24 25,1,100,,273025,16,0,5 24 25,1,95,,273027,16,0,5 24 25,1
3300,'20261125',544,,273029,28,0,16 24 25,1,64,,273030,16,0,5 24 25,1,20,,273031,16,0,5 24 25,1,15,,273032,16,0,5 24 25,1,15,,273033,28,0,16 24 25,1,55,,273034,16,0,5 24 25,1,15,,273035,16,0,5 24 25,1,10,,273036,54,,,1,10,,273037,16,0,5 24 25,1,55,,273038,16,0,5 24 25,1,30,,273039,28,0,16 24 25,1,95,,273040,54,,,1,25,,273041,16,0,5 24 25,1,70,,273042,16,0,5 24 25,1,100,,273044,16,0,5 24 25,1,100,,273045,16,0,5 24 25,1,100,,273047,16,0,5 24 25,1,95,,273048,16,0,5 24 25,1,100,,273050,16,0,5 24 25,1,105,,273052,16,0,5 24 25,1,85,,273053,9,0,7 24 25,1,25,,273054,9,0,7 24 25,1,70,,273055,9,0,7 24 25,1,101,,273056,54,,,1,40,,273057,54,,,1,79,,273059,16,0,5 24 25,1,100,,273061,16,0,5 24 25,1,95,,273063,16,0,5 24 25,1
3300,'20261126',544,,273065,28,0,16 24 25,1,64,,273066,16,0,5 24 25,1,20,,273067,16,0,5 24 25,1,15,,273068,16,0,5 24 25,1,15,,273069,28,0,16 24 25,1,55,,273070,16,0,5 24 25,1,15,,273071,16,0,5 24 25,1,10,,273072,54,,,1,10,,273073,16,0,5 24 25,1,55,,273074,16,0,5 24 25,1,30,,273075,28,0,16 24 25,1,95,,273076,54,,,1,25,,273077,16,0,5 24 25,1,70,,273078,16,0,5 24 25,1,100,,273080,16,0,5 24 25,1,100,,273081,16,0,5 24 25,1,100,,273083,16,0,5 24 25,1,95,,273084,16,0,5 24 25,1,100,,273086,16,0,5 24 25,1,105,,273088,16,0,5 24 25,1,85,,273089,9,0,7 24 25,1,25,,273090,9,0,7 24 25,1,70,,273091,9,0,7 24 25,1,101,,273092,54,,,1,40,,273093,54,,,1,79,,273095,16,0,5 24 25,1,100,,273097,16,0,5 24 25,1,95,,273099,16,0,5 24 25,1
3300,'20261127',544,,273101,28,0,16 24 25,1,64,,273102,16,0,5 24 25,1,20,,273103,16,0,5 24 25,1,15,,273104,16,0,5 24 25,1,15,,273105,28,0,16 24 25,1,55,,273106,16,0,5 24 25,1,15,,273107,16,0,5 24 25,1,10,,273108,54,,,1,10,,273109,16,0,5 24 25,1,55,,273110,16,0,5 24 25,1,30,,273111,28,0,16 24 25,1,95,,273112,54,,,1,25,,273113,16,0,5 24 25,1,70,,273114,16,0,5 24 25,1,100,,273116,16,0,5 24 25,1,100,,273117,16,0,5 24 25,1,100,,273119,16,0,5 24 25,1,95,,273120,16,0,5 24 25,1,100,,273122,16,0,5 24 25,1,105,,273124,16,0,5 24 25,1,85,,273125,9,0,7 24 25,1,25,,273126,9,0,7 24 25,1,70,,273127,9,0,7 24 25,1,101,,273128,54,,,1,40,,273129,54,,,1,79,,273131,16,0,5 24 25,1,100,,273133,16,0,5 24 25,1,95,,273135,16,0,5 24 25,1
3301,'20260831',712,,172583,5,0,7 13,1,105,,172584,5,0,7 13,1,88,,172585,5,,,1,100,,172586,5,,,1,100,,172587,5,,,1,100,,172588,5,,,1,103,,172589,5,,,1,100,,172590,5,,,1,37,,172591,5,0,5 14 15 9,1,65,,172592,5,,,1,27,,172593,5,0,5 14 15 9,1,63,,172594,5,0,16 17 9,1,22,,172595,5,,,1,22,,172596,5,0,5 14 15 9,1,60,,172597,5,,,1,20,,172598,5,0,5 14 15 9,1,20,,172599,5,0,16 17 9,1,13,,172600,5,0,5 14 15 9,1,55,,172601,5,0,16 17 9,1,20,,172602,5,0,5 14 15 9,1,23,,172603,5,0,5 14 15 9,1,60,,172604,5,,,1,30,,172605,5,0,5 14 15 9,1,65,,172606,5,0,16 17 9,1,25,,172607,5,0,5 14 15 9,1,70,,172608,5,,,1,30,,172609,5,0,5 14 15 9,1,70,,172610,5,0,16 17 9,1,30,,172611,5,0,5 14 15 9,1,70,,172612,5,,,1,100,,172613,5,0,16 17 9,1,100,,172614,5,0,7 13,1
3301,'20260901',712,,172615,5,0,7 13,1,105,,172616,5,0,7 13,1,88,,172617,5,,,1,100,,172618,5,,,1,100,,172619,5,,,1,100,,172620,5,,,1,103,,172621,5,,,1,100,,172622,5,,,1,37,,172623,5,0,5 14 15 9,1,65,,172624,5,,,1,27,,172625,5,0,5 14 15 9,1,63,,172626,5,0,16 17 9,1,22,,172627,5,,,1,22,,172628,5,0,5 14 15 9,1,60,,172629,5,,,1,20,,172630,5,0,5 14 15 9,1,20,,172631,5,0,16 17 9,1,13,,172632,5,0,5 14 15 9,1,55,,172633,5,0,16 17 9,1,20,,172634,5,0,5 14 15 9,1,23,,172635,5,0,5 14 15 9,1,60,,172636,5,,,1,30,,172637,5,0,5 14 15 9,1,65,,172638,5,0,16 17 9,1,25,,172639,5,0,5 14 15 9,1,70,,172640,5,,,1,30,,172641,5,0,5 14 15 9,1,70,,172642,5,0,16 17 9,1,30,,172643,5,0,5 14 15 9,1,70,,172644,5,,,1,100,,172645,5,0,16 17 9,1,100,,172646,5,0,7 13,1
3301,'20260902',712,,172647,5,0,7 13,1,105,,172648,5,0,7 13,1,88,,172649,5,,,1,100,,172650,5,,,1,100,,172651,5,,,1,100,,172652,5,,,1,103,,172653,5,,,1,100,,172654,5,,,1,37,,172655,5,0,5 14 15 9,1,65,,172656,5,,,1,27,,172657,5,0,5 14 15 9,1,63,,172658,5,0,16 17 9,1,22,,172659,5,,,1,22,,172660,5,0,5 14 15 9,1,60,,172661,5,,,1,20,,172662,5,0,5 14 15 9,1,20,,172663,5,0,16 17 9,1,13,,172664,5,0,5 14 15 9,1,55,,172665,5,0,16 17 9,1,20,,172666,5,0,5 14 15 9,1,23,,172667,5,0,5 14 15 9,1,60,,172668,5,,,1,30,,172669,5,0,5 14 15 9,1,65,,172670,5,0,16 17 9,1,25,,172671,5,0,5 14 15 9,1,70,,172672,5,,,1,30,,172673,5,0,5 14 15 9,1,70,,172674,5,0,16 17 9,1,30,,172675,5,0,5 14 15 9,1,70,,172676,5,,,1,100,,172677,5,0,16 17 9,1,100,,172678,5,0,7 13,1
3301,'20260903',712,,172679,5,0,7 13,1,105,,172680,5,0,7 13,1,88,,172681,5,,,1,100,,172682,5,,,1,100,,172683,5,,,1,100,,172684,5,,,1,103,,172685,5,,,1,100,,172686,5,,,1,37,,172687,5,0,5 14 15 9,1,65,,172688,5,,,1,27,,172689,5,0,5 14 15 9,1,63,,172690,5,0,16 17 9,1,22,,172691,5,,,1,22,,172692,5,0,5 14 15 9,1,60,,172693,5,,,1,20,,172694,5,0,5 14 15 9,1,20,,172695,5,0,16 17 9,1,13,,172696,5,0,5 14 15 9,1,55,,172697,5,0,16 17 9,1,20,,172698,5,0,5 14 15 9,1,23,,172699,5,0,5 14 15 9,1,60,,172700,5,,,1,30,,172701,5,0,5 14 15 9,1,65,,172702,5,0,16 17 9,1,25,,172703,5,0,5 14 15 9,1,70,,172704,5,,,1,30,,172705,5,0,5 14 15 9,1,70,,172706,5,0,16 17 9,1,30,,172707,5,0,5 14 15 9,1,70,,172708,5,,,1,100,,172709,5,0,16 17 9,1,100,,172710,5,0,7 13,1
3301,'20260904',712,,172711,5,0,7 13,1,105,,172712,5,0,7 13,1,88,,172713,5,,,1,100,,172714,5,,,1,100,,172715,5,,,1,100,,172716,5,,,1,103,,172717,5,,,1,100,,172718,5,,,1,37,,172719,5,0,5 14 15 9,1,65,,172720,5,,,1,27,,172721,5,0,5 14 15 9,1,63,,172722,5,0,16 17 9,1,22,,172723,5,,,1,22,,172724,5,0,5 14 15 9,1,60,,172725,5,,,1,20,,172726,5,0,5 14 15 9,1,20,,172727,5,0,16 17 9,1,13,,172728,5,0,5 14 15 9,1,55,,172729,5,0,16 17 9,1,20,,172730,5,0,5 14 15 9,1,23,,172731,5,0,5 14 15 9,1,60,,172732,5,,,1,30,,172733,5,0,5 14 15 9,1,65,,172734,5,0,16 17 9,1,25,,172735,5,0,5 14 15 9,1,70,,172736,5,,,1,30,,172737,5,0,5 14 15 9,1,70,,172738,5,0,16 17 9,1,30,,172739,5,0,5 14 15 9,1,70,,172740,5,,,1,100,,172741,5,0,16 17 9,1,100,,172742,5,0,7 13,1
3301,'20260905',1008,,273138,5,,,1,200,,273140,5,,,1,197,,273142,5,,,1,197,,273144,5,,,1,202,,273145,5,,,1,200,,273146,5,,,1,200,,273147,5,,,1,209,,273148,5,,,1
3301,'20260906',1008,,273150,5,,,1,200,,273152,5,,,1,197,,273154,5,,,1,197,,273156,5,,,1,202,,273157,5,,,1,200,,273158,5,,,1,200,,273159,5,,,1,209,,273160,5,,,1
3301,'20260907',1008,,273162,5,,,1,200,,273164,5,,,1,197,,273166,5,,,1,197,,273168,5,,,1,202,,273169,5,,,1,200,,273170,5,,,1,200,,273171,5,,,1,209,,273172,5,,,1
3301,'20260908',712,,273173,5,0,7 13,1,105,,273174,5,0,7 13,1,88,,273175,5,,,1,100,,273176,5,,,1,100,,273177,5,,,1,100,,273178,5,,,1,103,,273179,5,,,1,100,,273180,5,,,1,37,,273181,5,0,5 14 15 9,1,65,,273182,5,,,1,27,,273183,5,0,5 14 15 9,1,63,,273184,5,0,16 17 9,1,22,,273185,5,,,1,22,,273186,5,0,5 14 15 9,1,60,,273187,5,,,1,20,,273188,5,0,5 14 15 9,1,20,,273189,5,0,16 17 9,1,13,,273190,5,0,5 14 15 9,1,55,,273191,5,0,16 17 9,1,20,,273192,5,0,5 14 15 9,1,23,,273193,5,0,5 14 15 9,1,60,,273194,5,,,1,30,,273195,5,0,5 14 15 9,1,65,,273196,5,0,16 17 9,1,30,,273197,5,0,5 14 15 9,1,65,,273198,5,,,1,30,,273199,5,0,5 14 15 9,1,70,,273200,5,0,16 17 9,1,30,,273201,5,0,5 14 15 9,1,70,,273202,5,,,1,100,,273203,5,0,16 17 9,1,100,,273204,5,0,7 13,1
3301,'20260909',712,,273205,5,0,7 13,1,105,,273206,5,0,7 13,1,88,,273207,5,,,1,100,,273208,5,,,1,100,,273209,5,,,1,100,,273210,5,,,1,103,,273211,5,,,1,100,,273212,5,,,1,37,,273213,5,0,5 14 15 9,1,65,,273214,5,,,1,27,,273215,5,0,5 14 15 9,1,63,,273216,5,0,16 17 9,1,22,,273217,5,,,1,22,,273218,5,0,5 14 15 9,1,60,,273219,5,,,1,20,,273220,5,0,5 14 15 9,1,20,,273221,5,0,16 17 9,1,13,,273222,5,0,5 14 15 9,1,55,,273223,5,0,16 17 9,1,20,,273224,5,0,5 14 15 9,1,23,,273225,5,0,5 14 15 9,1,60,,273226,5,,,1,30,,273227,5,0,5 14 15 9,1,65,,273228,5,0,16 17 9,1,30,,273229,5,0,5 14 15 9,1,65,,273230,5,,,1,30,,273231,5,0,5 14 15 9,1,70,,273232,5,0,16 17 9,1,30,,273233,5,0,5 14 15 9,1,70,,273234,5,,,1,100,,273235,5,0,16 17 9,1,100,,273236,5,0,7 13,1
3301,'20260910',712,,273237,5,0,7 13,1,105,,273238,5,0,7 13,1,88,,273239,5,,,1,100,,273240,5,,,1,100,,273241,5,,,1,100,,273242,5,,,1,103,,273243,5,,,1,100,,273244,5,,,1,37,,273245,5,0,5 14 15 9,1,65,,273246,5,,,1,27,,273247,5,0,5 14 15 9,1,63,,273248,5,0,16 17 9,1,22,,273249,5,,,1,22,,273250,5,0,5 14 15 9,1,60,,273251,5,,,1,20,,273252,5,0,5 14 15 9,1,20,,273253,5,0,16 17 9,1,13,,273254,5,0,5 14 15 9,1,55,,273255,5,0,16 17 9,1,20,,273256,5,0,5 14 15 9,1,23,,273257,5,0,5 14 15 9,1,60,,273258,5,,,1,30,,273259,5,0,5 14 15 9,1,65,,273260,5,0,16 17 9,1,30,,273261,5,0,5 14 15 9,1,65,,273262,5,,,1,30,,273263,5,0,5 14 15 9,1,70,,273264,5,0,16 17 9,1,30,,273265,5,0,5 14 15 9,1,70,,273266,5,,,1,100,,273267,5,0,16 17 9,1,100,,273268,5,0,7 13,1
3301,'20260911',712,,273269,5,0,7 13,1,105,,273270,5,0,7 13,1,88,,273271,5,,,1,100,,273272,5,,,1,100,,273273,5,,,1,100,,273274,5,,,1,103,,273275,5,,,1,100,,273276,5,,,1,37,,273277,5,0,5 14 15 9,1,65,,273278,5,,,1,27,,273279,5,0,5 14 15 9,1,63,,273280,5,0,16 17 9,1,22,,273281,5,,,1,22,,273282,5,0,5 14 15 9,1,60,,273283,5,,,1,20,,273284,5,0,5 14 15 9,1,20,,273285,5,0,16 17 9,1,13,,273286,5,0,5 14 15 9,1,55,,273287,5,0,16 17 9,1,20,,273288,5,0,5 14 15 9,1,23,,273289,5,0,5 14 15 9,1,60,,273290,5,,,1,30,,273291,5,0,5 14 15 9,1,65,,273292,5,0,16 17 9,1,30,,273293,5,0,5 14 15 9,1,65,,273294,5,,,1,30,,273295,5,0,5 14 15 9,1,70,,273296,5,0,16 17 9,1,30,,273297,5,0,5 14 15 9,1,70,,273298,5,,,1,100,,273299,5,0,16 17 9,1,100,,273300,5,0,7 13,1
3301,'20260912',1008,,273302,5,,,1,200,,273304,5,,,1,197,,273306,5,,,1,197,,273308,5,,,1,202,,273309,5,,,1,200,,273310,5,,,1,200,,273311,5,,,1,209,,273312,5,,,1
3301,'20260913',1008,,273314,5,,,1,200,,273316,5,,,1,197,,273318,5,,,1,197,,273320,5,,,1,202,,273321,5,,,1,200,,273322,5,,,1,200,,273323,5,,,1,209,,273324,5,,,1
3301,'20260914',712,,273325,5,0,7 13,1,105,,273326,5,0,7 13,1,88,,273327,5,,,1,100,,273328,5,,,1,100,,273329,5,,,1,100,,273330,5,,,1,103,,273331,5,,,1,100,,273332,5,,,1,37,,273333,5,0,5 14 15 9,1,65,,273334,5,,,1,27,,273335,5,0,5 14 15 9,1,63,,273336,5,0,16 17 9,1,22,,273337,5,,,1,22,,273338,5,0,5 14 15 9,1,60,,273339,5,,,1,20,,273340,5,0,5 14 15 9,1,20,,273341,5,0,16 17 9,1,13,,273342,5,0,5 14 15 9,1,55,,273343,5,0,16 17 9,1,20,,273344,5,0,5 14 15 9,1,23,,273345,5,0,5 14 15 9,1,60,,273346,5,,,1,30,,273347,5,0,5 14 15 9,1,65,,273348,5,0,16 17 9,1,30,,273349,5,0,5 14 15 9,1,65,,273350,5,,,1,30,,273351,5,0,5 14 15 9,1,70,,273352,5,0,16 17 9,1,30,,273353,5,0,5 14 15 9,1,70,,273354,5,,,1,100,,273355,5,0,16 17 9,1,100,,273356,5,0,7 13,1
3301,'20260915',712,,273357,5,0,7 13,1,105,,273358,5,0,7 13,1,88,,273359,5,,,1,100,,273360,5,,,1,100,,273361,5,,,1,100,,273362,5,,,1,103,,273363,5,,,1,100,,273364,5,,,1,37,,273365,5,0,5 14 15 9,1,65,,273366,5,,,1,27,,273367,5,0,5 14 15 9,1,63,,273368,5,0,16 17 9,1,22,,273369,5,,,1,22,,273370,5,0,5 14 15 9,1,60,,273371,5,,,1,20,,273372,5,0,5 14 15 9,1,20,,273373,5,0,16 17 9,1,13,,273374,5,0,5 14 15 9,1,55,,273375,5,0,16 17 9,1,20,,273376,5,0,5 14 15 9,1,23,,273377,5,0,5 14 15 9,1,60,,273378,5,,,1,30,,273379,5,0,5 14 15 9,1,65,,273380,5,0,16 17 9,1,30,,273381,5,0,5 14 15 9,1,65,,273382,5,,,1,30,,273383,5,0,5 14 15 9,1,70,,273384,5,0,16 17 9,1,30,,273385,5,0,5 14 15 9,1,70,,273386,5,,,1,100,,273387,5,0,16 17 9,1,100,,273388,5,0,7 13,1
3301,'20260916',712,,273389,5,0,7 13,1,105,,273390,5,0,7 13,1,88,,273391,5,,,1,100,,273392,5,,,1,100,,273393,5,,,1,100,,273394,5,,,1,103,,273395,5,,,1,100,,273396,5,,,1,37,,273397,5,0,5 14 15 9,1,65,,273398,5,,,1,27,,273399,5,0,5 14 15 9,1,63,,273400,5,0,16 17 9,1,22,,273401,5,,,1,22,,273402,5,0,5 14 15 9,1,60,,273403,5,,,1,20,,273404,5,0,5 14 15 9,1,20,,273405,5,0,16 17 9,1,13,,273406,5,0,5 14 15 9,1,55,,273407,5,0,16 17 9,1,20,,273408,5,0,5 14 15 9,1,23,,273409,5,0,5 14 15 9,1,60,,273410,5,,,1,30,,273411,5,0,5 14 15 9,1,65,,273412,5,0,16 17 9,1,30,,273413,5,0,5 14 15 9,1,65,,273414,5,,,1,30,,273415,5,0,5 14 15 9,1,70,,273416,5,0,16 17 9,1,30,,273417,5,0,5 14 15 9,1,70,,273418,5,,,1,100,,273419,5,0,16 17 9,1,100,,273420,5,0,7 13,1
3301,'20260917',712,,273421,5,0,7 13,1,105,,273422,5,0,7 13,1,88,,273423,5,,,1,100,,273424,5,,,1,100,,273425,5,,,1,100,,273426,5,,,1,103,,273427,5,,,1,100,,273428,5,,,1,37,,273429,5,0,5 14 15 9,1,65,,273430,5,,,1,27,,273431,5,0,5 14 15 9,1,63,,273432,5,0,16 17 9,1,22,,273433,5,,,1,22,,273434,5,0,5 14 15 9,1,60,,273435,5,,,1,20,,273436,5,0,5 14 15 9,1,20,,273437,5,0,16 17 9,1,13,,273438,5,0,5 14 15 9,1,55,,273439,5,0,16 17 9,1,20,,273440,5,0,5 14 15 9,1,23,,273441,5,0,5 14 15 9,1,60,,273442,5,,,1,30,,273443,5,0,5 14 15 9,1,65,,273444,5,0,16 17 9,1,30,,273445,5,0,5 14 15 9,1,65,,273446,5,,,1,30,,273447,5,0,5 14 15 9,1,70,,273448,5,0,16 17 9,1,30,,273449,5,0,5 14 15 9,1,70,,273450,5,,,1,100,,273451,5,0,16 17 9,1,100,,273452,5,0,7 13,1
3301,'20260918',712,,273453,5,0,7 13,1,105,,273454,5,0,7 13,1,88,,273455,5,,,1,100,,273456,5,,,1,100,,273457,5,,,1,100,,273458,5,,,1,103,,273459,5,,,1,100,,273460,5,,,1,37,,273461,5,0,5 14 15 9,1,65,,273462,5,,,1,27,,273463,5,0,5 14 15 9,1,63,,273464,5,0,16 17 9,1,22,,273465,5,,,1,22,,273466,5,0,5 14 15 9,1,60,,273467,5,,,1,20,,273468,5,0,5 14 15 9,1,20,,273469,5,0,16 17 9,1,13,,273470,5,0,5 14 15 9,1,55,,273471,5,0,16 17 9,1,20,,273472,5,0,5 14 15 9,1,23,,273473,5,0,5 14 15 9,1,60,,273474,5,,,1,30,,273475,5,0,5 14 15 9,1,65,,273476,5,0,16 17 9,1,30,,273477,5,0,5 14 15 9,1,65,,273478,5,,,1,30,,273479,5,0,5 14 15 9,1,70,,273480,5,0,16 17 9,1,30,,273481,5,0,5 14 15 9,1,70,,273482,5,,,1,100,,273483,5,0,16 17 9,1,100,,273484,5,0,7 13,1
3301,'20260919',1008,,273486,5,,,1,200,,273488,5,,,1,197,,273490,5,,,1,197,,273492,5,,,1,202,,273493,5,,,1,200,,273494,5,,,1,200,,273495,5,,,1,209,,273496,5,,,1
3301,'20260920',1008,,273498,5,,,1,200,,273500,5,,,1,197,,273502,5,,,1,197,,273504,5,,,1,202,,273505,5,,,1,200,,273506,5,,,1,200,,273507,5,,,1,209,,273508,5,,,1
3301,'20260921',712,,273509,5,0,7 13,1,105,,273510,5,0,7 13,1,88,,273511,5,,,1,100,,273512,5,,,1,100,,273513,5,,,1,100,,273514,5,,,1,103,,273515,5,,,1,100,,273516,5,,,1,37,,273517,5,0,5 14 15 9,1,65,,273518,5,,,1,27,,273519,5,0,5 14 15 9,1,63,,273520,5,0,16 17 9,1,22,,273521,5,,,1,22,,273522,5,0,5 14 15 9,1,60,,273523,5,,,1,20,,273524,5,0,5 14 15 9,1,20,,273525,5,0,16 17 9,1,13,,273526,5,0,5 14 15 9,1,55,,273527,5,0,16 17 9,1,20,,273528,5,0,5 14 15 9,1,23,,273529,5,0,5 14 15 9,1,60,,273530,5,,,1,30,,273531,5,0,5 14 15 9,1,65,,273532,5,0,16 17 9,1,30,,273533,5,0,5 14 15 9,1,65,,273534,5,,,1,30,,273535,5,0,5 14 15 9,1,70,,273536,5,0,16 17 9,1,30,,273537,5,0,5 14 15 9,1,70,,273538,5,,,1,100,,273539,5,0,16 17 9,1,100,,273540,5,0,7 13,1
3301,'20260922',712,,273541,5,0,7 13,1,105,,273542,5,0,7 13,1,88,,273543,5,,,1,100,,273544,5,,,1,100,,273545,5,,,1,100,,273546,5,,,1,103,,273547,5,,,1,100,,273548,5,,,1,37,,273549,5,0,5 14 15 9,1,65,,273550,5,,,1,27,,273551,5,0,5 14 15 9,1,63,,273552,5,0,16 17 9,1,22,,273553,5,,,1,22,,273554,5,0,5 14 15 9,1,60,,273555,5,,,1,20,,273556,5,0,5 14 15 9,1,20,,273557,5,0,16 17 9,1,13,,273558,5,0,5 14 15 9,1,55,,273559,5,0,16 17 9,1,20,,273560,5,0,5 14 15 9,1,23,,273561,5,0,5 14 15 9,1,60,,273562,5,,,1,30,,273563,5,0,5 14 15 9,1,65,,273564,5,0,16 17 9,1,30,,273565,5,0,5 14 15 9,1,65,,273566,5,,,1,30,,273567,5,0,5 14 15 9,1,70,,273568,5,0,16 17 9,1,30,,273569,5,0,5 14 15 9,1,70,,273570,5,,,1,100,,273571,5,0,16 17 9,1,100,,273572,5,0,7 13,1
3301,'20260923',712,,273573,5,0,7 13,1,105,,273574,5,0,7 13,1,88,,273575,5,,,1,100,,273576,5,,,1,100,,273577,5,,,1,100,,273578,5,,,1,103,,273579,5,,,1,100,,273580,5,,,1,37,,273581,5,0,5 14 15 9,1,65,,273582,5,,,1,27,,273583,5,0,5 14 15 9,1,63,,273584,5,0,16 17 9,1,22,,273585,5,,,1,22,,273586,5,0,5 14 15 9,1,60,,273587,5,,,1,20,,273588,5,0,5 14 15 9,1,20,,273589,5,0,16 17 9,1,13,,273590,5,0,5 14 15 9,1,55,,273591,5,0,16 17 9,1,20,,273592,5,0,5 14 15 9,1,23,,273593,5,0,5 14 15 9,1,60,,273594,5,,,1,30,,273595,5,0,5 14 15 9,1,65,,273596,5,0,16 17 9,1,30,,273597,5,0,5 14 15 9,1,65,,273598,5,,,1,30,,273599,5,0,5 14 15 9,1,70,,273600,5,0,16 17 9,1,30,,273601,5,0,5 14 15 9,1,70,,273602,5,,,1,100,,273603,5,0,16 17 9,1,100,,273604,5,0,7 13,1
3301,'20260924',712,,273605,5,0,7 13,1,105,,273606,5,0,7 13,1,88,,273607,5,,,1,100,,273608,5,,,1,100,,273609,5,,,1,100,,273610,5,,,1,103,,273611,5,,,1,100,,273612,5,,,1,37,,273613,5,0,5 14 15 9,1,65,,273614,5,,,1,27,,273615,5,0,5 14 15 9,1,63,,273616,5,0,16 17 9,1,22,,273617,5,,,1,22,,273618,5,0,5 14 15 9,1,60,,273619,5,,,1,20,,273620,5,0,5 14 15 9,1,20,,273621,5,0,16 17 9,1,13,,273622,5,0,5 14 15 9,1,55,,273623,5,0,16 17 9,1,20,,273624,5,0,5 14 15 9,1,23,,273625,5,0,5 14 15 9,1,60,,273626,5,,,1,30,,273627,5,0,5 14 15 9,1,65,,273628,5,0,16 17 9,1,30,,273629,5,0,5 14 15 9,1,65,,273630,5,,,1,30,,273631,5,0,5 14 15 9,1,70,,273632,5,0,16 17 9,1,30,,273633,5,0,5 14 15 9,1,70,,273634,5,,,1,100,,273635,5,0,16 17 9,1,100,,273636,5,0,7 13,1
3301,'20260925',712,,273637,5,0,7 13,1,105,,273638,5,0,7 13,1,88,,273639,5,,,1,100,,273640,5,,,1,100,,273641,5,,,1,100,,273642,5,,,1,103,,273643,5,,,1,100,,273644,5,,,1,37,,273645,5,0,5 14 15 9,1,65,,273646,5,,,1,27,,273647,5,0,5 14 15 9,1,63,,273648,5,0,16 17 9,1,22,,273649,5,,,1,22,,273650,5,0,5 14 15 9,1,60,,273651,5,,,1,20,,273652,5,0,5 14 15 9,1,20,,273653,5,0,16 17 9,1,13,,273654,5,0,5 14 15 9,1,55,,273655,5,0,16 17 9,1,20,,273656,5,0,5 14 15 9,1,23,,273657,5,0,5 14 15 9,1,60,,273658,5,,,1,30,,273659,5,0,5 14 15 9,1,65,,273660,5,0,16 17 9,1,30,,273661,5,0,5 14 15 9,1,65,,273662,5,,,1,30,,273663,5,0,5 14 15 9,1,70,,273664,5,0,16 17 9,1,30,,273665,5,0,5 14 15 9,1,70,,273666,5,,,1,100,,273667,5,0,16 17 9,1,100,,273668,5,0,7 13,1
3301,'20260926',1008,,273670,5,,,1,200,,273672,5,,,1,197,,273674,5,,,1,197,,273676,5,,,1,202,,273677,5,,,1,200,,273678,5,,,1,200,,273679,5,,,1,209,,273680,5,,,1
3301,'20260927',1008,,273682,5,,,1,200,,273684,5,,,1,197,,273686,5,,,1,197,,273688,5,,,1,202,,273689,5,,,1,200,,273690,5,,,1,200,,273691,5,,,1,209,,273692,5,,,1
3301,'20260928',712,,273693,5,0,7 13,1,105,,273694,5,0,7 13,1,88,,273695,5,,,1,100,,273696,5,,,1,100,,273697,5,,,1,100,,273698,5,,,1,103,,273699,5,,,1,100,,273700,5,,,1,37,,273701,5,0,5 14 15 9,1,65,,273702,5,,,1,27,,273703,5,0,5 14 15 9,1,63,,273704,5,0,16 17 9,1,22,,273705,5,,,1,22,,273706,5,0,5 14 15 9,1,60,,273707,5,,,1,20,,273708,5,0,5 14 15 9,1,20,,273709,5,0,16 17 9,1,13,,273710,5,0,5 14 15 9,1,55,,273711,5,0,16 17 9,1,20,,273712,5,0,5 14 15 9,1,23,,273713,5,0,5 14 15 9,1,60,,273714,5,,,1,30,,273715,5,0,5 14 15 9,1,65,,273716,5,0,16 17 9,1,30,,273717,5,0,5 14 15 9,1,65,,273718,5,,,1,30,,273719,5,0,5 14 15 9,1,70,,273720,5,0,16 17 9,1,30,,273721,5,0,5 14 15 9,1,70,,273722,5,,,1,100,,273723,5,0,16 17 9,1,100,,273724,5,0,7 13,1
3301,'20260929',712,,273725,5,0,7 13,1,105,,273726,5,0,7 13,1,88,,273727,5,,,1,100,,273728,5,,,1,100,,273729,5,,,1,100,,273730,5,,,1,103,,273731,5,,,1,100,,273732,5,,,1,37,,273733,5,0,5 14 15 9,1,65,,273734,5,,,1,27,,273735,5,0,5 14 15 9,1,63,,273736,5,0,16 17 9,1,22,,273737,5,,,1,22,,273738,5,0,5 14 15 9,1,60,,273739,5,,,1,20,,273740,5,0,5 14 15 9,1,20,,273741,5,0,16 17 9,1,13,,273742,5,0,5 14 15 9,1,55,,273743,5,0,16 17 9,1,20,,273744,5,0,5 14 15 9,1,23,,273745,5,0,5 14 15 9,1,60,,273746,5,,,1,30,,273747,5,0,5 14 15 9,1,65,,273748,5,0,16 17 9,1,30,,273749,5,0,5 14 15 9,1,65,,273750,5,,,1,30,,273751,5,0,5 14 15 9,1,70,,273752,5,0,16 17 9,1,30,,273753,5,0,5 14 15 9,1,70,,273754,5,,,1,100,,273755,5,0,16 17 9,1,100,,273756,5,0,7 13,1
3301,'20260930',712,,273757,5,0,7 13,1,105,,273758,5,0,7 13,1,88,,273759,5,,,1,100,,273760,5,,,1,100,,273761,5,,,1,100,,273762,5,,,1,103,,273763,5,,,1,100,,273764,5,,,1,37,,273765,5,0,5 14 15 9,1,65,,273766,5,,,1,27,,273767,5,0,5 14 15 9,1,63,,273768,5,0,16 17 9,1,22,,273769,5,,,1,22,,273770,5,0,5 14 15 9,1,60,,273771,5,,,1,20,,273772,5,0,5 14 15 9,1,20,,273773,5,0,16 17 9,1,13,,273774,5,0,5 14 15 9,1,55,,273775,5,0,16 17 9,1,20,,273776,5,0,5 14 15 9,1,23,,273777,5,0,5 14 15 9,1,60,,273778,5,,,1,30,,273779,5,0,5 14 15 9,1,65,,273780,5,0,16 17 9,1,30,,273781,5,0,5 14 15 9,1,65,,273782,5,,,1,30,,273783,5,0,5 14 15 9,1,70,,273784,5,0,16 17 9,1,30,,273785,5,0,5 14 15 9,1,70,,273786,5,,,1,100,,273787,5,0,16 17 9,1,100,,273788,5,0,7 13,1
3301,'20261001',712,,273789,5,0,7 13,1,105,,273790,5,0,7 13,1,88,,273791,5,,,1,100,,273792,5,,,1,100,,273793,5,,,1,100,,273794,5,,,1,103,,273795,5,,,1,100,,273796,5,,,1,37,,273797,5,0,5 14 15 9,1,65,,273798,5,,,1,27,,273799,5,0,5 14 15 9,1,63,,273800,5,0,16 17 9,1,22,,273801,5,,,1,22,,273802,5,0,5 14 15 9,1,60,,273803,5,,,1,20,,273804,5,0,5 14 15 9,1,20,,273805,5,0,16 17 9,1,13,,273806,5,0,5 14 15 9,1,55,,273807,5,0,16 17 9,1,20,,273808,5,0,5 14 15 9,1,23,,273809,5,0,5 14 15 9,1,60,,273810,5,,,1,30,,273811,5,0,5 14 15 9,1,65,,273812,5,0,16 17 9,1,30,,273813,5,0,5 14 15 9,1,65,,273814,5,,,1,30,,273815,5,0,5 14 15 9,1,70,,273816,5,0,16 17 9,1,30,,273817,5,0,5 14 15 9,1,70,,273818,5,,,1,100,,273819,5,0,16 17 9,1,100,,273820,5,0,7 13,1
3301,'20261002',712,,273821,5,0,7 13,1,105,,273822,5,0,7 13,1,88,,273823,5,,,1,100,,273824,5,,,1,100,,273825,5,,,1,100,,273826,5,,,1,103,,273827,5,,,1,100,,273828,5,,,1,37,,273829,5,0,5 14 15 9,1,65,,273830,5,,,1,27,,273831,5,0,5 14 15 9,1,63,,273832,5,0,16 17 9,1,22,,273833,5,,,1,22,,273834,5,0,5 14 15 9,1,60,,273835,5,,,1,20,,273836,5,0,5 14 15 9,1,20,,273837,5,0,16 17 9,1,13,,273838,5,0,5 14 15 9,1,55,,273839,5,0,16 17 9,1,20,,273840,5,0,5 14 15 9,1,23,,273841,5,0,5 14 15 9,1,60,,273842,5,,,1,30,,273843,5,0,5 14 15 9,1,65,,273844,5,0,16 17 9,1,30,,273845,5,0,5 14 15 9,1,65,,273846,5,,,1,30,,273847,5,0,5 14 15 9,1,70,,273848,5,0,16 17 9,1,30,,273849,5,0,5 14 15 9,1,70,,273850,5,,,1,100,,273851,5,0,16 17 9,1,100,,273852,5,0,7 13,1
3301,'20261003',1008,,273854,5,,,1,200,,273856,5,,,1,197,,273858,5,,,1,197,,273860,5,,,1,202,,273861,5,,,1,200,,273862,5,,,1,200,,273863,5,,,1,209,,273864,5,,,1
3301,'20261004',1008,,273866,5,,,1,200,,273868,5,,,1,197,,273870,5,,,1,197,,273872,5,,,1,202,,273873,5,,,1,200,,273874,5,,,1,200,,273875,5,,,1,209,,273876,5,,,1
3301,'20261005',712,,273877,5,0,7 13,1,105,,273878,5,0,7 13,1,88,,273879,5,,,1,100,,273880,5,,,1,100,,273881,5,,,1,100,,273882,5,,,1,103,,273883,5,,,1,100,,273884,5,,,1,37,,273885,5,0,5 14 15 9,1,65,,273886,5,,,1,27,,273887,5,0,5 14 15 9,1,63,,273888,5,0,16 17 9,1,22,,273889,5,,,1,22,,273890,5,0,5 14 15 9,1,60,,273891,5,,,1,20,,273892,5,0,5 14 15 9,1,20,,273893,5,0,16 17 9,1,13,,273894,5,0,5 14 15 9,1,55,,273895,5,0,16 17 9,1,20,,273896,5,0,5 14 15 9,1,23,,273897,5,0,5 14 15 9,1,60,,273898,5,,,1,30,,273899,5,0,5 14 15 9,1,65,,273900,5,0,16 17 9,1,30,,273901,5,0,5 14 15 9,1,65,,273902,5,,,1,30,,273903,5,0,5 14 15 9,1,70,,273904,5,0,16 17 9,1,30,,273905,5,0,5 14 15 9,1,70,,273906,5,,,1,100,,273907,5,0,16 17 9,1,100,,273908,5,0,7 13,1
3301,'20261006',712,,273909,5,0,7 13,1,105,,273910,5,0,7 13,1,88,,273911,5,,,1,100,,273912,5,,,1,100,,273913,5,,,1,100,,273914,5,,,1,103,,273915,5,,,1,100,,273916,5,,,1,37,,273917,5,0,5 14 15 9,1,65,,273918,5,,,1,27,,273919,5,0,5 14 15 9,1,63,,273920,5,0,16 17 9,1,22,,273921,5,,,1,22,,273922,5,0,5 14 15 9,1,60,,273923,5,,,1,20,,273924,5,0,5 14 15 9,1,20,,273925,5,0,16 17 9,1,13,,273926,5,0,5 14 15 9,1,55,,273927,5,0,16 17 9,1,20,,273928,5,0,5 14 15 9,1,23,,273929,5,0,5 14 15 9,1,60,,273930,5,,,1,30,,273931,5,0,5 14 15 9,1,65,,273932,5,0,16 17 9,1,30,,273933,5,0,5 14 15 9,1,65,,273934,5,,,1,30,,273935,5,0,5 14 15 9,1,70,,273936,5,0,16 17 9,1,30,,273937,5,0,5 14 15 9,1,70,,273938,5,,,1,100,,273939,5,0,16 17 9,1,100,,273940,5,0,7 13,1
3301,'20261007',712,,273941,5,0,7 13,1,105,,273942,5,0,7 13,1,88,,273943,5,,,1,100,,273944,5,,,1,100,,273945,5,,,1,100,,273946,5,,,1,103,,273947,5,,,1,100,,273948,5,,,1,37,,273949,5,0,5 14 15 9,1,65,,273950,5,,,1,27,,273951,5,0,5 14 15 9,1,63,,273952,5,0,16 17 9,1,22,,273953,5,,,1,22,,273954,5,0,5 14 15 9,1,60,,273955,5,,,1,20,,273956,5,0,5 14 15 9,1,20,,273957,5,0,16 17 9,1,13,,273958,5,0,5 14 15 9,1,55,,273959,5,0,16 17 9,1,20,,273960,5,0,5 14 15 9,1,23,,273961,5,0,5 14 15 9,1,60,,273962,5,,,1,30,,273963,5,0,5 14 15 9,1,65,,273964,5,0,16 17 9,1,30,,273965,5,0,5 14 15 9,1,65,,273966,5,,,1,30,,273967,5,0,5 14 15 9,1,70,,273968,5,0,16 17 9,1,30,,273969,5,0,5 14 15 9,1,70,,273970,5,,,1,100,,273971,5,0,16 17 9,1,100,,273972,5,0,7 13,1
3301,'20261008',712,,273973,5,0,7 13,1,105,,273974,5,0,7 13,1,88,,273975,5,,,1,100,,273976,5,,,1,100,,273977,5,,,1,100,,273978,5,,,1,103,,273979,5,,,1,100,,273980,5,,,1,37,,273981,5,0,5 14 15 9,1,65,,273982,5,,,1,27,,273983,5,0,5 14 15 9,1,63,,273984,5,0,16 17 9,1,22,,273985,5,,,1,22,,273986,5,0,5 14 15 9,1,60,,273987,5,,,1,20,,273988,5,0,5 14 15 9,1,20,,273989,5,0,16 17 9,1,13,,273990,5,0,5 14 15 9,1,55,,273991,5,0,16 17 9,1,20,,273992,5,0,5 14 15 9,1,23,,273993,5,0,5 14 15 9,1,60,,273994,5,,,1,30,,273995,5,0,5 14 15 9,1,65,,273996,5,0,16 17 9,1,30,,273997,5,0,5 14 15 9,1,65,,273998,5,,,1,30,,273999,5,0,5 14 15 9,1,70,,274000,5,0,16 17 9,1,30,,274001,5,0,5 14 15 9,1,70,,274002,5,,,1,100,,274003,5,0,16 17 9,1,100,,274004,5,0,7 13,1
3301,'20261009',712,,274005,5,0,7 13,1,105,,274006,5,0,7 13,1,88,,274007,5,,,1,100,,274008,5,,,1,100,,274009,5,,,1,100,,274010,5,,,1,103,,274011,5,,,1,100,,274012,5,,,1,37,,274013,5,0,5 14 15 9,1,65,,274014,5,,,1,27,,274015,5,0,5 14 15 9,1,63,,274016,5,0,16 17 9,1,22,,274017,5,,,1,22,,274018,5,0,5 14 15 9,1,60,,274019,5,,,1,20,,274020,5,0,5 14 15 9,1,20,,274021,5,0,16 17 9,1,13,,274022,5,0,5 14 15 9,1,55,,274023,5,0,16 17 9,1,20,,274024,5,0,5 14 15 9,1,23,,274025,5,0,5 14 15 9,1,60,,274026,5,,,1,30,,274027,5,0,5 14 15 9,1,65,,274028,5,0,16 17 9,1,30,,274029,5,0,5 14 15 9,1,65,,274030,5,,,1,30,,274031,5,0,5 14 15 9,1,70,,274032,5,0,16 17 9,1,30,,274033,5,0,5 14 15 9,1,70,,274034,5,,,1,100,,274035,5,0,16 17 9,1,100,,274036,5,0,7 13,1
3301,'20261010',1008,,274038,5,,,1,200,,274040,5,,,1,197,,274042,5,,,1,197,,274044,5,,,1,202,,274045,5,,,1,200,,274046,5,,,1,200,,274047,5,,,1,209,,274048,5,,,1
3301,'20261011',1008,,274050,5,,,1,200,,274052,5,,,1,197,,274054,5,,,1,197,,274056,5,,,1,202,,274057,5,,,1,200,,274058,5,,,1,200,,274059,5,,,1,209,,274060,5,,,1
3301,'20261012',1008,,274062,5,,,1,200,,274064,5,,,1,197,,274066,5,,,1,197,,274068,5,,,1,202,,274069,5,,,1,200,,274070,5,,,1,200,,274071,5,,,1,209,,274072,5,,,1
3301,'20261013',712,,274073,5,0,7 13,1,105,,274074,5,0,7 13,1,88,,274075,5,,,1,100,,274076,5,,,1,100,,274077,5,,,1,100,,274078,5,,,1,103,,274079,5,,,1,100,,274080,5,,,1,37,,274081,5,0,5 14 15 9,1,65,,274082,5,,,1,27,,274083,5,0,5 14 15 9,1,63,,274084,5,0,16 17 9,1,22,,274085,5,,,1,22,,274086,5,0,5 14 15 9,1,60,,274087,5,,,1,20,,274088,5,0,5 14 15 9,1,20,,274089,5,0,16 17 9,1,13,,274090,5,0,5 14 15 9,1,55,,274091,5,0,16 17 9,1,20,,274092,5,0,5 14 15 9,1,23,,274093,5,0,5 14 15 9,1,60,,274094,5,,,1,30,,274095,5,0,5 14 15 9,1,65,,274096,5,0,16 17 9,1,30,,274097,5,0,5 14 15 9,1,65,,274098,5,,,1,30,,274099,5,0,5 14 15 9,1,70,,274100,5,0,16 17 9,1,30,,274101,5,0,5 14 15 9,1,70,,274102,5,,,1,100,,274103,5,0,16 17 9,1,100,,274104,5,0,7 13,1
3301,'20261014',712,,274105,5,0,7 13,1,105,,274106,5,0,7 13,1,88,,274107,5,,,1,100,,274108,5,,,1,100,,274109,5,,,1,100,,274110,5,,,1,103,,274111,5,,,1,100,,274112,5,,,1,37,,274113,5,0,5 14 15 9,1,65,,274114,5,,,1,27,,274115,5,0,5 14 15 9,1,63,,274116,5,0,16 17 9,1,22,,274117,5,,,1,22,,274118,5,0,5 14 15 9,1,60,,274119,5,,,1,20,,274120,5,0,5 14 15 9,1,20,,274121,5,0,16 17 9,1,13,,274122,5,0,5 14 15 9,1,55,,274123,5,0,16 17 9,1,20,,274124,5,0,5 14 15 9,1,23,,274125,5,0,5 14 15 9,1,60,,274126,5,,,1,30,,274127,5,0,5 14 15 9,1,65,,274128,5,0,16 17 9,1,30,,274129,5,0,5 14 15 9,1,65,,274130,5,,,1,30,,274131,5,0,5 14 15 9,1,70,,274132,5,0,16 17 9,1,30,,274133,5,0,5 14 15 9,1,70,,274134,5,,,1,100,,274135,5,0,16 17 9,1,100,,274136,5,0,7 13,1
3301,'20261015',712,,274137,5,0,7 13,1,105,,274138,5,0,7 13,1,88,,274139,5,,,1,100,,274140,5,,,1,100,,274141,5,,,1,100,,274142,5,,,1,103,,274143,5,,,1,100,,274144,5,,,1,37,,274145,5,0,5 14 15 9,1,65,,274146,5,,,1,27,,274147,5,0,5 14 15 9,1,63,,274148,5,0,16 17 9,1,22,,274149,5,,,1,22,,274150,5,0,5 14 15 9,1,60,,274151,5,,,1,20,,274152,5,0,5 14 15 9,1,20,,274153,5,0,16 17 9,1,13,,274154,5,0,5 14 15 9,1,55,,274155,5,0,16 17 9,1,20,,274156,5,0,5 14 15 9,1,23,,274157,5,0,5 14 15 9,1,60,,274158,5,,,1,30,,274159,5,0,5 14 15 9,1,65,,274160,5,0,16 17 9,1,30,,274161,5,0,5 14 15 9,1,65,,274162,5,,,1,30,,274163,5,0,5 14 15 9,1,70,,274164,5,0,16 17 9,1,30,,274165,5,0,5 14 15 9,1,70,,274166,5,,,1,100,,274167,5,0,16 17 9,1,100,,274168,5,0,7 13,1
3301,'20261016',712,,274169,5,0,7 13,1,105,,274170,5,0,7 13,1,88,,274171,5,,,1,100,,274172,5,,,1,100,,274173,5,,,1,100,,274174,5,,,1,103,,274175,5,,,1,100,,274176,5,,,1,37,,274177,5,0,5 14 15 9,1,65,,274178,5,,,1,27,,274179,5,0,5 14 15 9,1,63,,274180,5,0,16 17 9,1,22,,274181,5,,,1,22,,274182,5,0,5 14 15 9,1,60,,274183,5,,,1,20,,274184,5,0,5 14 15 9,1,20,,274185,5,0,16 17 9,1,13,,274186,5,0,5 14 15 9,1,55,,274187,5,0,16 17 9,1,20,,274188,5,0,5 14 15 9,1,23,,274189,5,0,5 14 15 9,1,60,,274190,5,,,1,30,,274191,5,0,5 14 15 9,1,65,,274192,5,0,16 17 9,1,30,,274193,5,0,5 14 15 9,1,65,,274194,5,,,1,30,,274195,5,0,5 14 15 9,1,70,,274196,5,0,16 17 9,1,30,,274197,5,0,5 14 15 9,1,70,,274198,5,,,1,100,,274199,5,0,16 17 9,1,100,,274200,5,0,7 13,1
3301,'20261017',1008,,274202,5,,,1,200,,274204,5,,,1,197,,274206,5,,,1,197,,274208,5,,,1,202,,274209,5,,,1,200,,274210,5,,,1,200,,274211,5,,,1,209,,274212,5,,,1
3301,'20261018',1008,,274214,5,,,1,200,,274216,5,,,1,197,,274218,5,,,1,197,,274220,5,,,1,202,,274221,5,,,1,200,,274222,5,,,1,200,,274223,5,,,1,209,,274224,5,,,1
3301,'20261019',712,,274225,5,0,7 13,1,105,,274226,5,0,7 13,1,88,,274227,5,,,1,100,,274228,5,,,1,100,,274229,5,,,1,100,,274230,5,,,1,103,,274231,5,,,1,100,,274232,5,,,1,37,,274233,5,0,5 14 15 9,1,65,,274234,5,,,1,27,,274235,5,0,5 14 15 9,1,63,,274236,5,0,16 17 9,1,22,,274237,5,,,1,22,,274238,5,0,5 14 15 9,1,60,,274239,5,,,1,20,,274240,5,0,5 14 15 9,1,20,,274241,5,0,16 17 9,1,13,,274242,5,0,5 14 15 9,1,55,,274243,5,0,16 17 9,1,20,,274244,5,0,5 14 15 9,1,23,,274245,5,0,5 14 15 9,1,60,,274246,5,,,1,30,,274247,5,0,5 14 15 9,1,65,,274248,5,0,16 17 9,1,30,,274249,5,0,5 14 15 9,1,65,,274250,5,,,1,30,,274251,5,0,5 14 15 9,1,70,,274252,5,0,16 17 9,1,30,,274253,5,0,5 14 15 9,1,70,,274254,5,,,1,100,,274255,5,0,16 17 9,1,100,,274256,5,0,7 13,1
3301,'20261020',712,,274257,5,0,7 13,1,105,,274258,5,0,7 13,1,88,,274259,5,,,1,100,,274260,5,,,1,100,,274261,5,,,1,100,,274262,5,,,1,103,,274263,5,,,1,100,,274264,5,,,1,37,,274265,5,0,5 14 15 9,1,65,,274266,5,,,1,27,,274267,5,0,5 14 15 9,1,63,,274268,5,0,16 17 9,1,22,,274269,5,,,1,22,,274270,5,0,5 14 15 9,1,60,,274271,5,,,1,20,,274272,5,0,5 14 15 9,1,20,,274273,5,0,16 17 9,1,13,,274274,5,0,5 14 15 9,1,55,,274275,5,0,16 17 9,1,20,,274276,5,0,5 14 15 9,1,23,,274277,5,0,5 14 15 9,1,60,,274278,5,,,1,30,,274279,5,0,5 14 15 9,1,65,,274280,5,0,16 17 9,1,30,,274281,5,0,5 14 15 9,1,65,,274282,5,,,1,30,,274283,5,0,5 14 15 9,1,70,,274284,5,0,16 17 9,1,30,,274285,5,0,5 14 15 9,1,70,,274286,5,,,1,100,,274287,5,0,16 17 9,1,100,,274288,5,0,7 13,1
3301,'20261021',712,,274289,5,0,7 13,1,105,,274290,5,0,7 13,1,88,,274291,5,,,1,100,,274292,5,,,1,100,,274293,5,,,1,100,,274294,5,,,1,103,,274295,5,,,1,100,,274296,5,,,1,37,,274297,5,0,5 14 15 9,1,65,,274298,5,,,1,27,,274299,5,0,5 14 15 9,1,63,,274300,5,0,16 17 9,1,22,,274301,5,,,1,22,,274302,5,0,5 14 15 9,1,60,,274303,5,,,1,20,,274304,5,0,5 14 15 9,1,20,,274305,5,0,16 17 9,1,13,,274306,5,0,5 14 15 9,1,55,,274307,5,0,16 17 9,1,20,,274308,5,0,5 14 15 9,1,23,,274309,5,0,5 14 15 9,1,60,,274310,5,,,1,30,,274311,5,0,5 14 15 9,1,65,,274312,5,0,16 17 9,1,30,,274313,5,0,5 14 15 9,1,65,,274314,5,,,1,30,,274315,5,0,5 14 15 9,1,70,,274316,5,0,16 17 9,1,30,,274317,5,0,5 14 15 9,1,70,,274318,5,,,1,100,,274319,5,0,16 17 9,1,100,,274320,5,0,7 13,1
3301,'20261022',712,,274321,5,0,7 13,1,105,,274322,5,0,7 13,1,88,,274323,5,,,1,100,,274324,5,,,1,100,,274325,5,,,1,100,,274326,5,,,1,103,,274327,5,,,1,100,,274328,5,,,1,37,,274329,5,0,5 14 15 9,1,65,,274330,5,,,1,27,,274331,5,0,5 14 15 9,1,63,,274332,5,0,16 17 9,1,22,,274333,5,,,1,22,,274334,5,0,5 14 15 9,1,60,,274335,5,,,1,20,,274336,5,0,5 14 15 9,1,20,,274337,5,0,16 17 9,1,13,,274338,5,0,5 14 15 9,1,55,,274339,5,0,16 17 9,1,20,,274340,5,0,5 14 15 9,1,23,,274341,5,0,5 14 15 9,1,60,,274342,5,,,1,30,,274343,5,0,5 14 15 9,1,65,,274344,5,0,16 17 9,1,30,,274345,5,0,5 14 15 9,1,65,,274346,5,,,1,30,,274347,5,0,5 14 15 9,1,70,,274348,5,0,16 17 9,1,30,,274349,5,0,5 14 15 9,1,70,,274350,5,,,1,100,,274351,5,0,16 17 9,1,100,,274352,5,0,7 13,1
3301,'20261023',712,,274353,5,0,7 13,1,105,,274354,5,0,7 13,1,88,,274355,5,,,1,100,,274356,5,,,1,100,,274357,5,,,1,100,,274358,5,,,1,103,,274359,5,,,1,100,,274360,5,,,1,37,,274361,5,0,5 14 15 9,1,65,,274362,5,,,1,27,,274363,5,0,5 14 15 9,1,63,,274364,5,0,16 17 9,1,22,,274365,5,,,1,22,,274366,5,0,5 14 15 9,1,60,,274367,5,,,1,20,,274368,5,0,5 14 15 9,1,20,,274369,5,0,16 17 9,1,13,,274370,5,0,5 14 15 9,1,55,,274371,5,0,16 17 9,1,20,,274372,5,0,5 14 15 9,1,23,,274373,5,0,5 14 15 9,1,60,,274374,5,,,1,30,,274375,5,0,5 14 15 9,1,65,,274376,5,0,16 17 9,1,30,,274377,5,0,5 14 15 9,1,65,,274378,5,,,1,30,,274379,5,0,5 14 15 9,1,70,,274380,5,0,16 17 9,1,30,,274381,5,0,5 14 15 9,1,70,,274382,5,,,1,100,,274383,5,0,16 17 9,1,100,,274384,5,0,7 13,1
3301,'20261024',1008,,274386,5,,,1,200,,274388,5,,,1,197,,274390,5,,,1,197,,274392,5,,,1,202,,274393,5,,,1,200,,274394,5,,,1,200,,274395,5,,,1,209,,274396,5,,,1
3301,'20261025',1008,,274398,5,,,1,200,,274400,5,,,1,197,,274402,5,,,1,197,,274404,5,,,1,202,,274405,5,,,1,200,,274406,5,,,1,200,,274407,5,,,1,209,,274408,5,,,1
3301,'20261026',712,,274409,5,0,7 13,1,105,,274410,5,0,7 13,1,88,,274411,5,,,1,100,,274412,5,,,1,100,,274413,5,,,1,100,,274414,5,,,1,103,,274415,5,,,1,100,,274416,5,,,1,37,,274417,5,0,5 14 15 9,1,65,,274418,5,,,1,27,,274419,5,0,5 14 15 9,1,63,,274420,5,0,16 17 9,1,22,,274421,5,,,1,22,,274422,5,0,5 14 15 9,1,60,,274423,5,,,1,20,,274424,5,0,5 14 15 9,1,20,,274425,5,0,16 17 9,1,13,,274426,5,0,5 14 15 9,1,55,,274427,5,0,16 17 9,1,20,,274428,5,0,5 14 15 9,1,23,,274429,5,0,5 14 15 9,1,60,,274430,5,,,1,30,,274431,5,0,5 14 15 9,1,65,,274432,5,0,16 17 9,1,30,,274433,5,0,5 14 15 9,1,65,,274434,5,,,1,30,,274435,5,0,5 14 15 9,1,70,,274436,5,0,16 17 9,1,30,,274437,5,0,5 14 15 9,1,70,,274438,5,,,1,100,,274439,5,0,16 17 9,1,100,,274440,5,0,7 13,1
3301,'20261027',712,,274441,5,0,7 13,1,105,,274442,5,0,7 13,1,88,,274443,5,,,1,100,,274444,5,,,1,100,,274445,5,,,1,100,,274446,5,,,1,103,,274447,5,,,1,100,,274448,5,,,1,37,,274449,5,0,5 14 15 9,1,65,,274450,5,,,1,27,,274451,5,0,5 14 15 9,1,63,,274452,5,0,16 17 9,1,22,,274453,5,,,1,22,,274454,5,0,5 14 15 9,1,60,,274455,5,,,1,20,,274456,5,0,5 14 15 9,1,20,,274457,5,0,16 17 9,1,13,,274458,5,0,5 14 15 9,1,55,,274459,5,0,16 17 9,1,20,,274460,5,0,5 14 15 9,1,23,,274461,5,0,5 14 15 9,1,60,,274462,5,,,1,30,,274463,5,0,5 14 15 9,1,65,,274464,5,0,16 17 9,1,30,,274465,5,0,5 14 15 9,1,65,,274466,5,,,1,30,,274467,5,0,5 14 15 9,1,70,,274468,5,0,16 17 9,1,30,,274469,5,0,5 14 15 9,1,70,,274470,5,,,1,100,,274471,5,0,16 17 9,1,100,,274472,5,0,7 13,1
3301,'20261028',712,,274473,5,0,7 13,1,105,,274474,5,0,7 13,1,88,,274475,5,,,1,100,,274476,5,,,1,100,,274477,5,,,1,100,,274478,5,,,1,103,,274479,5,,,1,100,,274480,5,,,1,37,,274481,5,0,5 14 15 9,1,65,,274482,5,,,1,27,,274483,5,0,5 14 15 9,1,63,,274484,5,0,16 17 9,1,22,,274485,5,,,1,22,,274486,5,0,5 14 15 9,1,60,,274487,5,,,1,20,,274488,5,0,5 14 15 9,1,20,,274489,5,0,16 17 9,1,13,,274490,5,0,5 14 15 9,1,55,,274491,5,0,16 17 9,1,20,,274492,5,0,5 14 15 9,1,23,,274493,5,0,5 14 15 9,1,60,,274494,5,,,1,30,,274495,5,0,5 14 15 9,1,65,,274496,5,0,16 17 9,1,30,,274497,5,0,5 14 15 9,1,65,,274498,5,,,1,30,,274499,5,0,5 14 15 9,1,70,,274500,5,0,16 17 9,1,30,,274501,5,0,5 14 15 9,1,70,,274502,5,,,1,100,,274503,5,0,16 17 9,1,100,,274504,5,0,7 13,1
3301,'20261029',712,,274505,5,0,7 13,1,105,,274506,5,0,7 13,1,88,,274507,5,,,1,100,,274508,5,,,1,100,,274509,5,,,1,100,,274510,5,,,1,103,,274511,5,,,1,100,,274512,5,,,1,37,,274513,5,0,5 14 15 9,1,65,,274514,5,,,1,27,,274515,5,0,5 14 15 9,1,63,,274516,5,0,16 17 9,1,22,,274517,5,,,1,22,,274518,5,0,5 14 15 9,1,60,,274519,5,,,1,20,,274520,5,0,5 14 15 9,1,20,,274521,5,0,16 17 9,1,13,,274522,5,0,5 14 15 9,1,55,,274523,5,0,16 17 9,1,20,,274524,5,0,5 14 15 9,1,23,,274525,5,0,5 14 15 9,1,60,,274526,5,,,1,30,,274527,5,0,5 14 15 9,1,65,,274528,5,0,16 17 9,1,30,,274529,5,0,5 14 15 9,1,65,,274530,5,,,1,30,,274531,5,0,5 14 15 9,1,70,,274532,5,0,16 17 9,1,30,,274533,5,0,5 14 15 9,1,70,,274534,5,,,1,100,,274535,5,0,16 17 9,1,100,,274536,5,0,7 13,1
3301,'20261030',712,,274537,5,0,7 13,1,105,,274538,5,0,7 13,1,88,,274539,5,,,1,100,,274540,5,,,1,100,,274541,5,,,1,100,,274542,5,,,1,103,,274543,5,,,1,100,,274544,5,,,1,37,,274545,5,0,5 14 15 9,1,65,,274546,5,,,1,27,,274547,5,0,5 14 15 9,1,63,,274548,5,0,16 17 9,1,22,,274549,5,,,1,22,,274550,5,0,5 14 15 9,1,60,,274551,5,,,1,20,,274552,5,0,5 14 15 9,1,20,,274553,5,0,16 17 9,1,13,,274554,5,0,5 14 15 9,1,55,,274555,5,0,16 17 9,1,20,,274556,5,0,5 14 15 9,1,23,,274557,5,0,5 14 15 9,1,60,,274558,5,,,1,30,,274559,5,0,5 14 15 9,1,65,,274560,5,0,16 17 9,1,30,,274561,5,0,5 14 15 9,1,65,,274562,5,,,1,30,,274563,5,0,5 14 15 9,1,70,,274564,5,0,16 17 9,1,30,,274565,5,0,5 14 15 9,1,70,,274566,5,,,1,100,,274567,5,0,16 17 9,1,100,,274568,5,0,7 13,1
3301,'20261031',1008,,274570,5,,,1,200,,274572,5,,,1,197,,274574,5,,,1,197,,274576,5,,,1,202,,274577,5,,,1,200,,274578,5,,,1,200,,274579,5,,,1,209,,274580,5,,,1
3301,'20261101',1008,,274582,5,,,1,200,,274584,5,,,1,197,,274586,5,,,1,197,,274588,5,,,1,202,,274589,5,,,1,200,,274590,5,,,1,200,,274591,5,,,1,209,,274592,5,,,1
3301,'20261102',712,,274593,5,0,7 13,1,105,,274594,5,0,7 13,1,88,,274595,5,,,1,100,,274596,5,,,1,100,,274597,5,,,1,100,,274598,5,,,1,103,,274599,5,,,1,100,,274600,5,,,1,37,,274601,5,0,5 14 15 9,1,65,,274602,5,,,1,27,,274603,5,0,5 14 15 9,1,63,,274604,5,0,16 17 9,1,22,,274605,5,,,1,22,,274606,5,0,5 14 15 9,1,60,,274607,5,,,1,20,,274608,5,0,5 14 15 9,1,20,,274609,5,0,16 17 9,1,13,,274610,5,0,5 14 15 9,1,55,,274611,5,0,16 17 9,1,20,,274612,5,0,5 14 15 9,1,23,,274613,5,0,5 14 15 9,1,60,,274614,5,,,1,30,,274615,5,0,5 14 15 9,1,65,,274616,5,0,16 17 9,1,30,,274617,5,0,5 14 15 9,1,65,,274618,5,,,1,30,,274619,5,0,5 14 15 9,1,70,,274620,5,0,16 17 9,1,30,,274621,5,0,5 14 15 9,1,70,,274622,5,,,1,100,,274623,5,0,16 17 9,1,100,,274624,5,0,7 13,1
3301,'20261103',712,,274625,5,0,7 13,1,105,,274626,5,0,7 13,1,88,,274627,5,,,1,100,,274628,5,,,1,100,,274629,5,,,1,100,,274630,5,,,1,103,,274631,5,,,1,100,,274632,5,,,1,37,,274633,5,0,5 14 15 9,1,65,,274634,5,,,1,27,,274635,5,0,5 14 15 9,1,63,,274636,5,0,16 17 9,1,22,,274637,5,,,1,22,,274638,5,0,5 14 15 9,1,60,,274639,5,,,1,20,,274640,5,0,5 14 15 9,1,20,,274641,5,0,16 17 9,1,13,,274642,5,0,5 14 15 9,1,55,,274643,5,0,16 17 9,1,20,,274644,5,0,5 14 15 9,1,23,,274645,5,0,5 14 15 9,1,60,,274646,5,,,1,30,,274647,5,0,5 14 15 9,1,65,,274648,5,0,16 17 9,1,30,,274649,5,0,5 14 15 9,1,65,,274650,5,,,1,30,,274651,5,0,5 14 15 9,1,70,,274652,5,0,16 17 9,1,30,,274653,5,0,5 14 15 9,1,70,,274654,5,,,1,100,,274655,5,0,16 17 9,1,100,,274656,5,0,7 13,1
3301,'20261104',712,,274657,5,0,7 13,1,105,,274658,5,0,7 13,1,88,,274659,5,,,1,100,,274660,5,,,1,100,,274661,5,,,1,100,,274662,5,,,1,103,,274663,5,,,1,100,,274664,5,,,1,37,,274665,5,0,5 14 15 9,1,65,,274666,5,,,1,27,,274667,5,0,5 14 15 9,1,63,,274668,5,0,16 17 9,1,22,,274669,5,,,1,22,,274670,5,0,5 14 15 9,1,60,,274671,5,,,1,20,,274672,5,0,5 14 15 9,1,20,,274673,5,0,16 17 9,1,13,,274674,5,0,5 14 15 9,1,55,,274675,5,0,16 17 9,1,20,,274676,5,0,5 14 15 9,1,23,,274677,5,0,5 14 15 9,1,60,,274678,5,,,1,30,,274679,5,0,5 14 15 9,1,65,,274680,5,0,16 17 9,1,30,,274681,5,0,5 14 15 9,1,65,,274682,5,,,1,30,,274683,5,0,5 14 15 9,1,70,,274684,5,0,16 17 9,1,30,,274685,5,0,5 14 15 9,1,70,,274686,5,,,1,100,,274687,5,0,16 17 9,1,100,,274688,5,0,7 13,1
3301,'20261105',712,,274689,5,0,7 13,1,105,,274690,5,0,7 13,1,88,,274691,5,,,1,100,,274692,5,,,1,100,,274693,5,,,1,100,,274694,5,,,1,103,,274695,5,,,1,100,,274696,5,,,1,37,,274697,5,0,5 14 15 9,1,65,,274698,5,,,1,27,,274699,5,0,5 14 15 9,1,63,,274700,5,0,16 17 9,1,22,,274701,5,,,1,22,,274702,5,0,5 14 15 9,1,60,,274703,5,,,1,20,,274704,5,0,5 14 15 9,1,20,,274705,5,0,16 17 9,1,13,,274706,5,0,5 14 15 9,1,55,,274707,5,0,16 17 9,1,20,,274708,5,0,5 14 15 9,1,23,,274709,5,0,5 14 15 9,1,60,,274710,5,,,1,30,,274711,5,0,5 14 15 9,1,65,,274712,5,0,16 17 9,1,30,,274713,5,0,5 14 15 9,1,65,,274714,5,,,1,30,,274715,5,0,5 14 15 9,1,70,,274716,5,0,16 17 9,1,30,,274717,5,0,5 14 15 9,1,70,,274718,5,,,1,100,,274719,5,0,16 17 9,1,100,,274720,5,0,7 13,1
3301,'20261106',712,,274721,5,0,7 13,1,105,,274722,5,0,7 13,1,88,,274723,5,,,1,100,,274724,5,,,1,100,,274725,5,,,1,100,,274726,5,,,1,103,,274727,5,,,1,100,,274728,5,,,1,37,,274729,5,0,5 14 15 9,1,65,,274730,5,,,1,27,,274731,5,0,5 14 15 9,1,63,,274732,5,0,16 17 9,1,22,,274733,5,,,1,22,,274734,5,0,5 14 15 9,1,60,,274735,5,,,1,20,,274736,5,0,5 14 15 9,1,20,,274737,5,0,16 17 9,1,13,,274738,5,0,5 14 15 9,1,55,,274739,5,0,16 17 9,1,20,,274740,5,0,5 14 15 9,1,23,,274741,5,0,5 14 15 9,1,60,,274742,5,,,1,30,,274743,5,0,5 14 15 9,1,65,,274744,5,0,16 17 9,1,30,,274745,5,0,5 14 15 9,1,65,,274746,5,,,1,30,,274747,5,0,5 14 15 9,1,70,,274748,5,0,16 17 9,1,30,,274749,5,0,5 14 15 9,1,70,,274750,5,,,1,100,,274751,5,0,16 17 9,1,100,,274752,5,0,7 13,1
3301,'20261107',1008,,274754,5,,,1,200,,274756,5,,,1,197,,274758,5,,,1,197,,274760,5,,,1,202,,274761,5,,,1,200,,274762,5,,,1,200,,274763,5,,,1,209,,274764,5,,,1
3301,'20261108',1008,,274766,5,,,1,200,,274768,5,,,1,197,,274770,5,,,1,197,,274772,5,,,1,202,,274773,5,,,1,200,,274774,5,,,1,200,,274775,5,,,1,209,,274776,5,,,1
3301,'20261109',712,,274777,5,0,7 13,1,105,,274778,5,0,7 13,1,88,,274779,5,,,1,100,,274780,5,,,1,100,,274781,5,,,1,100,,274782,5,,,1,103,,274783,5,,,1,100,,274784,5,,,1,37,,274785,5,0,5 14 15 9,1,65,,274786,5,,,1,27,,274787,5,0,5 14 15 9,1,63,,274788,5,0,16 17 9,1,22,,274789,5,,,1,22,,274790,5,0,5 14 15 9,1,60,,274791,5,,,1,20,,274792,5,0,5 14 15 9,1,20,,274793,5,0,16 17 9,1,13,,274794,5,0,5 14 15 9,1,55,,274795,5,0,16 17 9,1,20,,274796,5,0,5 14 15 9,1,23,,274797,5,0,5 14 15 9,1,60,,274798,5,,,1,30,,274799,5,0,5 14 15 9,1,65,,274800,5,0,16 17 9,1,30,,274801,5,0,5 14 15 9,1,65,,274802,5,,,1,30,,274803,5,0,5 14 15 9,1,70,,274804,5,0,16 17 9,1,30,,274805,5,0,5 14 15 9,1,70,,274806,5,,,1,100,,274807,5,0,16 17 9,1,100,,274808,5,0,7 13,1
3301,'20261110',712,,274809,5,0,7 13,1,105,,274810,5,0,7 13,1,88,,274811,5,,,1,100,,274812,5,,,1,100,,274813,5,,,1,100,,274814,5,,,1,103,,274815,5,,,1,100,,274816,5,,,1,37,,274817,5,0,5 14 15 9,1,65,,274818,5,,,1,27,,274819,5,0,5 14 15 9,1,63,,274820,5,0,16 17 9,1,22,,274821,5,,,1,22,,274822,5,0,5 14 15 9,1,60,,274823,5,,,1,20,,274824,5,0,5 14 15 9,1,20,,274825,5,0,16 17 9,1,13,,274826,5,0,5 14 15 9,1,55,,274827,5,0,16 17 9,1,20,,274828,5,0,5 14 15 9,1,23,,274829,5,0,5 14 15 9,1,60,,274830,5,,,1,30,,274831,5,0,5 14 15 9,1,65,,274832,5,0,16 17 9,1,30,,274833,5,0,5 14 15 9,1,65,,274834,5,,,1,30,,274835,5,0,5 14 15 9,1,70,,274836,5,0,16 17 9,1,30,,274837,5,0,5 14 15 9,1,70,,274838,5,,,1,100,,274839,5,0,16 17 9,1,100,,274840,5,0,7 13,1
3301,'20261111',712,,274841,5,0,7 13,1,105,,274842,5,0,7 13,1,88,,274843,5,,,1,100,,274844,5,,,1,100,,274845,5,,,1,100,,274846,5,,,1,103,,274847,5,,,1,100,,274848,5,,,1,37,,274849,5,0,5 14 15 9,1,65,,274850,5,,,1,27,,274851,5,0,5 14 15 9,1,63,,274852,5,0,16 17 9,1,22,,274853,5,,,1,22,,274854,5,0,5 14 15 9,1,60,,274855,5,,,1,20,,274856,5,0,5 14 15 9,1,20,,274857,5,0,16 17 9,1,13,,274858,5,0,5 14 15 9,1,55,,274859,5,0,16 17 9,1,20,,274860,5,0,5 14 15 9,1,23,,274861,5,0,5 14 15 9,1,60,,274862,5,,,1,30,,274863,5,0,5 14 15 9,1,65,,274864,5,0,16 17 9,1,30,,274865,5,0,5 14 15 9,1,65,,274866,5,,,1,30,,274867,5,0,5 14 15 9,1,70,,274868,5,0,16 17 9,1,30,,274869,5,0,5 14 15 9,1,70,,274870,5,,,1,100,,274871,5,0,16 17 9,1,100,,274872,5,0,7 13,1
3301,'20261112',712,,274873,5,0,7 13,1,105,,274874,5,0,7 13,1,88,,274875,5,,,1,100,,274876,5,,,1,100,,274877,5,,,1,100,,274878,5,,,1,103,,274879,5,,,1,100,,274880,5,,,1,37,,274881,5,0,5 14 15 9,1,65,,274882,5,,,1,27,,274883,5,0,5 14 15 9,1,63,,274884,5,0,16 17 9,1,22,,274885,5,,,1,22,,274886,5,0,5 14 15 9,1,60,,274887,5,,,1,20,,274888,5,0,5 14 15 9,1,20,,274889,5,0,16 17 9,1,13,,274890,5,0,5 14 15 9,1,55,,274891,5,0,16 17 9,1,20,,274892,5,0,5 14 15 9,1,23,,274893,5,0,5 14 15 9,1,60,,274894,5,,,1,30,,274895,5,0,5 14 15 9,1,65,,274896,5,0,16 17 9,1,30,,274897,5,0,5 14 15 9,1,65,,274898,5,,,1,30,,274899,5,0,5 14 15 9,1,70,,274900,5,0,16 17 9,1,30,,274901,5,0,5 14 15 9,1,70,,274902,5,,,1,100,,274903,5,0,16 17 9,1,100,,274904,5,0,7 13,1
3301,'20261113',712,,274905,5,0,7 13,1,105,,274906,5,0,7 13,1,88,,274907,5,,,1,100,,274908,5,,,1,100,,274909,5,,,1,100,,274910,5,,,1,103,,274911,5,,,1,100,,274912,5,,,1,37,,274913,5,0,5 14 15 9,1,65,,274914,5,,,1,27,,274915,5,0,5 14 15 9,1,63,,274916,5,0,16 17 9,1,22,,274917,5,,,1,22,,274918,5,0,5 14 15 9,1,60,,274919,5,,,1,20,,274920,5,0,5 14 15 9,1,20,,274921,5,0,16 17 9,1,13,,274922,5,0,5 14 15 9,1,55,,274923,5,0,16 17 9,1,20,,274924,5,0,5 14 15 9,1,23,,274925,5,0,5 14 15 9,1,60,,274926,5,,,1,30,,274927,5,0,5 14 15 9,1,65,,274928,5,0,16 17 9,1,30,,274929,5,0,5 14 15 9,1,65,,274930,5,,,1,30,,274931,5,0,5 14 15 9,1,70,,274932,5,0,16 17 9,1,30,,274933,5,0,5 14 15 9,1,70,,274934,5,,,1,100,,274935,5,0,16 17 9,1,100,,274936,5,0,7 13,1
3301,'20261114',1008,,274938,5,,,1,200,,274940,5,,,1,197,,274942,5,,,1,197,,274944,5,,,1,202,,274945,5,,,1,200,,274946,5,,,1,200,,274947,5,,,1,209,,274948,5,,,1
3301,'20261115',1008,,274950,5,,,1,200,,274952,5,,,1,197,,274954,5,,,1,197,,274956,5,,,1,202,,274957,5,,,1,200,,274958,5,,,1,200,,274959,5,,,1,209,,274960,5,,,1
3301,'20261116',712,,274961,5,0,7 13,1,105,,274962,5,0,7 13,1,88,,274963,5,,,1,100,,274964,5,,,1,100,,274965,5,,,1,100,,274966,5,,,1,103,,274967,5,,,1,100,,274968,5,,,1,37,,274969,5,0,5 14 15 9,1,65,,274970,5,,,1,27,,274971,5,0,5 14 15 9,1,63,,274972,5,0,16 17 9,1,22,,274973,5,,,1,22,,274974,5,0,5 14 15 9,1,60,,274975,5,,,1,20,,274976,5,0,5 14 15 9,1,20,,274977,5,0,16 17 9,1,13,,274978,5,0,5 14 15 9,1,55,,274979,5,0,16 17 9,1,20,,274980,5,0,5 14 15 9,1,23,,274981,5,0,5 14 15 9,1,60,,274982,5,,,1,30,,274983,5,0,5 14 15 9,1,65,,274984,5,0,16 17 9,1,30,,274985,5,0,5 14 15 9,1,65,,274986,5,,,1,30,,274987,5,0,5 14 15 9,1,70,,274988,5,0,16 17 9,1,30,,274989,5,0,5 14 15 9,1,70,,274990,5,,,1,100,,274991,5,0,16 17 9,1,100,,274992,5,0,7 13,1
3301,'20261117',712,,274993,5,0,7 13,1,105,,274994,5,0,7 13,1,88,,274995,5,,,1,100,,274996,5,,,1,100,,274997,5,,,1,100,,274998,5,,,1,103,,274999,5,,,1,100,,275000,5,,,1,37,,275001,5,0,5 14 15 9,1,65,,275002,5,,,1,27,,275003,5,0,5 14 15 9,1,63,,275004,5,0,16 17 9,1,22,,275005,5,,,1,22,,275006,5,0,5 14 15 9,1,60,,275007,5,,,1,20,,275008,5,0,5 14 15 9,1,20,,275009,5,0,16 17 9,1,13,,275010,5,0,5 14 15 9,1,55,,275011,5,0,16 17 9,1,20,,275012,5,0,5 14 15 9,1,23,,275013,5,0,5 14 15 9,1,60,,275014,5,,,1,30,,275015,5,0,5 14 15 9,1,65,,275016,5,0,16 17 9,1,30,,275017,5,0,5 14 15 9,1,65,,275018,5,,,1,30,,275019,5,0,5 14 15 9,1,70,,275020,5,0,16 17 9,1,30,,275021,5,0,5 14 15 9,1,70,,275022,5,,,1,100,,275023,5,0,16 17 9,1,100,,275024,5,0,7 13,1
3301,'20261118',712,,275025,5,0,7 13,1,105,,275026,5,0,7 13,1,88,,275027,5,,,1,100,,275028,5,,,1,100,,275029,5,,,1,100,,275030,5,,,1,103,,275031,5,,,1,100,,275032,5,,,1,37,,275033,5,0,5 14 15 9,1,65,,275034,5,,,1,27,,275035,5,0,5 14 15 9,1,63,,275036,5,0,16 17 9,1,22,,275037,5,,,1,22,,275038,5,0,5 14 15 9,1,60,,275039,5,,,1,20,,275040,5,0,5 14 15 9,1,20,,275041,5,0,16 17 9,1,13,,275042,5,0,5 14 15 9,1,55,,275043,5,0,16 17 9,1,20,,275044,5,0,5 14 15 9,1,23,,275045,5,0,5 14 15 9,1,60,,275046,5,,,1,30,,275047,5,0,5 14 15 9,1,65,,275048,5,0,16 17 9,1,30,,275049,5,0,5 14 15 9,1,65,,275050,5,,,1,30,,275051,5,0,5 14 15 9,1,70,,275052,5,0,16 17 9,1,30,,275053,5,0,5 14 15 9,1,70,,275054,5,,,1,100,,275055,5,0,16 17 9,1,100,,275056,5,0,7 13,1
3301,'20261119',712,,275057,5,0,7 13,1,105,,275058,5,0,7 13,1,88,,275059,5,,,1,100,,275060,5,,,1,100,,275061,5,,,1,100,,275062,5,,,1,103,,275063,5,,,1,100,,275064,5,,,1,37,,275065,5,0,5 14 15 9,1,65,,275066,5,,,1,27,,275067,5,0,5 14 15 9,1,63,,275068,5,0,16 17 9,1,22,,275069,5,,,1,22,,275070,5,0,5 14 15 9,1,60,,275071,5,,,1,20,,275072,5,0,5 14 15 9,1,20,,275073,5,0,16 17 9,1,13,,275074,5,0,5 14 15 9,1,55,,275075,5,0,16 17 9,1,20,,275076,5,0,5 14 15 9,1,23,,275077,5,0,5 14 15 9,1,60,,275078,5,,,1,30,,275079,5,0,5 14 15 9,1,65,,275080,5,0,16 17 9,1,30,,275081,5,0,5 14 15 9,1,65,,275082,5,,,1,30,,275083,5,0,5 14 15 9,1,70,,275084,5,0,16 17 9,1,30,,275085,5,0,5 14 15 9,1,70,,275086,5,,,1,100,,275087,5,0,16 17 9,1,100,,275088,5,0,7 13,1
3301,'20261120',712,,275089,5,0,7 13,1,105,,275090,5,0,7 13,1,88,,275091,5,,,1,100,,275092,5,,,1,100,,275093,5,,,1,100,,275094,5,,,1,103,,275095,5,,,1,100,,275096,5,,,1,37,,275097,5,0,5 14 15 9,1,65,,275098,5,,,1,27,,275099,5,0,5 14 15 9,1,63,,275100,5,0,16 17 9,1,22,,275101,5,,,1,22,,275102,5,0,5 14 15 9,1,60,,275103,5,,,1,20,,275104,5,0,5 14 15 9,1,20,,275105,5,0,16 17 9,1,13,,275106,5,0,5 14 15 9,1,55,,275107,5,0,16 17 9,1,20,,275108,5,0,5 14 15 9,1,23,,275109,5,0,5 14 15 9,1,60,,275110,5,,,1,30,,275111,5,0,5 14 15 9,1,65,,275112,5,0,16 17 9,1,30,,275113,5,0,5 14 15 9,1,65,,275114,5,,,1,30,,275115,5,0,5 14 15 9,1,70,,275116,5,0,16 17 9,1,30,,275117,5,0,5 14 15 9,1,70,,275118,5,,,1,100,,275119,5,0,16 17 9,1,100,,275120,5,0,7 13,1
3301,'20261121',1008,,275122,5,,,1,200,,275124,5,,,1,197,,275126,5,,,1,197,,275128,5,,,1,202,,275129,5,,,1,200,,275130,5,,,1,200,,275131,5,,,1,209,,275132,5,,,1
3301,'20261122',1008,,275134,5,,,1,200,,275136,5,,,1,197,,275138,5,,,1,197,,275140,5,,,1,202,,275141,5,,,1,200,,275142,5,,,1,200,,275143,5,,,1,209,,275144,5,,,1
3301,'20261123',712,,275145,5,0,7 13,1,105,,275146,5,0,7 13,1,88,,275147,5,,,1,100,,275148,5,,,1,100,,275149,5,,,1,100,,275150,5,,,1,103,,275151,5,,,1,100,,275152,5,,,1,37,,275153,5,0,5 14 15 9,1,65,,275154,5,,,1,27,,275155,5,0,5 14 15 9,1,63,,275156,5,0,16 17 9,1,22,,275157,5,,,1,22,,275158,5,0,5 14 15 9,1,60,,275159,5,,,1,20,,275160,5,0,5 14 15 9,1,20,,275161,5,0,16 17 9,1,13,,275162,5,0,5 14 15 9,1,55,,275163,5,0,16 17 9,1,20,,275164,5,0,5 14 15 9,1,23,,275165,5,0,5 14 15 9,1,60,,275166,5,,,1,30,,275167,5,0,5 14 15 9,1,65,,275168,5,0,16 17 9,1,30,,275169,5,0,5 14 15 9,1,65,,275170,5,,,1,30,,275171,5,0,5 14 15 9,1,70,,275172,5,0,16 17 9,1,30,,275173,5,0,5 14 15 9,1,70,,275174,5,,,1,100,,275175,5,0,16 17 9,1,100,,275176,5,0,7 13,1
3301,'20261124',712,,275177,5,0,7 13,1,105,,275178,5,0,7 13,1,88,,275179,5,,,1,100,,275180,5,,,1,100,,275181,5,,,1,100,,275182,5,,,1,103,,275183,5,,,1,100,,275184,5,,,1,37,,275185,5,0,5 14 15 9,1,65,,275186,5,,,1,27,,275187,5,0,5 14 15 9,1,63,,275188,5,0,16 17 9,1,22,,275189,5,,,1,22,,275190,5,0,5 14 15 9,1,60,,275191,5,,,1,20,,275192,5,0,5 14 15 9,1,20,,275193,5,0,16 17 9,1,13,,275194,5,0,5 14 15 9,1,55,,275195,5,0,16 17 9,1,20,,275196,5,0,5 14 15 9,1,23,,275197,5,0,5 14 15 9,1,60,,275198,5,,,1,30,,275199,5,0,5 14 15 9,1,65,,275200,5,0,16 17 9,1,30,,275201,5,0,5 14 15 9,1,65,,275202,5,,,1,30,,275203,5,0,5 14 15 9,1,70,,275204,5,0,16 17 9,1,30,,275205,5,0,5 14 15 9,1,70,,275206,5,,,1,100,,275207,5,0,16 17 9,1,100,,275208,5,0,7 13,1
3301,'20261125',712,,275209,5,0,7 13,1,105,,275210,5,0,7 13,1,88,,275211,5,,,1,100,,275212,5,,,1,100,,275213,5,,,1,100,,275214,5,,,1,103,,275215,5,,,1,100,,275216,5,,,1,37,,275217,5,0,5 14 15 9,1,65,,275218,5,,,1,27,,275219,5,0,5 14 15 9,1,63,,275220,5,0,16 17 9,1,22,,275221,5,,,1,22,,275222,5,0,5 14 15 9,1,60,,275223,5,,,1,20,,275224,5,0,5 14 15 9,1,20,,275225,5,0,16 17 9,1,13,,275226,5,0,5 14 15 9,1,55,,275227,5,0,16 17 9,1,20,,275228,5,0,5 14 15 9,1,23,,275229,5,0,5 14 15 9,1,60,,275230,5,,,1,30,,275231,5,0,5 14 15 9,1,65,,275232,5,0,16 17 9,1,30,,275233,5,0,5 14 15 9,1,65,,275234,5,,,1,30,,275235,5,0,5 14 15 9,1,70,,275236,5,0,16 17 9,1,30,,275237,5,0,5 14 15 9,1,70,,275238,5,,,1,100,,275239,5,0,16 17 9,1,100,,275240,5,0,7 13,1
3301,'20261126',712,,275241,5,0,7 13,1,105,,275242,5,0,7 13,1,88,,275243,5,,,1,100,,275244,5,,,1,100,,275245,5,,,1,100,,275246,5,,,1,103,,275247,5,,,1,100,,275248,5,,,1,37,,275249,5,0,5 14 15 9,1,65,,275250,5,,,1,27,,275251,5,0,5 14 15 9,1,63,,275252,5,0,16 17 9,1,22,,275253,5,,,1,22,,275254,5,0,5 14 15 9,1,60,,275255,5,,,1,20,,275256,5,0,5 14 15 9,1,20,,275257,5,0,16 17 9,1,13,,275258,5,0,5 14 15 9,1,55,,275259,5,0,16 17 9,1,20,,275260,5,0,5 14 15 9,1,23,,275261,5,0,5 14 15 9,1,60,,275262,5,,,1,30,,275263,5,0,5 14 15 9,1,65,,275264,5,0,16 17 9,1,30,,275265,5,0,5 14 15 9,1,65,,275266,5,,,1,30,,275267,5,0,5 14 15 9,1,70,,275268,5,0,16 17 9,1,30,,275269,5,0,5 14 15 9,1,70,,275270,5,,,1,100,,275271,5,0,16 17 9,1,100,,275272,5,0,7 13,1
3301,'20261127',712,,275273,5,0,7 13,1,105,,275274,5,0,7 13,1,88,,275275,5,,,1,100,,275276,5,,,1,100,,275277,5,,,1,100,,275278,5,,,1,103,,275279,5,,,1,100,,275280,5,,,1,37,,275281,5,0,5 14 15 9,1,65,,275282,5,,,1,27,,275283,5,0,5 14 15 9,1,63,,275284,5,0,16 17 9,1,22,,275285,5,,,1,22,,275286,5,0,5 14 15 9,1,60,,275287,5,,,1,20,,275288,5,0,5 14 15 9,1,20,,275289,5,0,16 17 9,1,13,,275290,5,0,5 14 15 9,1,55,,275291,5,0,16 17 9,1,20,,275292,5,0,5 14 15 9,1,23,,275293,5,0,5 14 15 9,1,60,,275294,5,,,1,30,,275295,5,0,5 14 15 9,1,65,,275296,5,0,16 17 9,1,30,,275297,5,0,5 14 15 9,1,65,,275298,5,,,1,30,,275299,5,0,5 14 15 9,1,70,,275300,5,0,16 17 9,1,30,,275301,5,0,5 14 15 9,1,70,,275302,5,,,1,100,,275303,5,0,16 17 9,1,100,,275304,5,0,7 13,1
4800,'20260831',554,,195958,30,,,1,98,,195959,30,,,1,98,,195960,30,,,1,99,,195961,30,,,1,104,,195962,30,,,1,103,,195963,30,,,1,100,,195964,30,,,1,100,,195965,30,,,1,100,,195966,30,,,1,100,,195967,30,,,1,92,,195968,30,,,1,96,,195969,30,,,1,102,,195970,30,,,1,106,,195971,30,,,1,104,,195972,30,,,1,200,,195973,30,,,1,203,,195974,30,,,1
4800,'20260901',554,,195975,30,,,1,98,,195976,30,,,1,98,,195977,30,,,1,99,,195978,30,,,1,104,,195979,30,,,1,103,,195980,30,,,1,100,,195981,30,,,1,100,,195982,30,,,1,100,,195983,30,,,1,100,,195984,30,,,1,92,,195985,30,,,1,96,,195986,30,,,1,102,,195987,30,,,1,106,,195988,30,,,1,104,,195989,30,,,1,200,,195990,30,,,1,203,,195991,30,,,1
4800,'20260902',554,,195992,30,,,1,98,,195993,30,,,1,98,,195994,30,,,1,99,,195995,30,,,1,104,,195996,30,,,1,103,,195997,30,,,1,100,,195998,30,,,1,100,,195999,30,,,1,100,,196000,30,,,1,100,,196001,30,,,1,92,,196002,30,,,1,96,,196003,30,,,1,102,,196004,30,,,1,106,,196005,30,,,1,104,,196006,30,,,1,200,,196007,30,,,1,203,,196008,30,,,1
4800,'20260903',554,,196009,30,,,1,98,,196010,30,,,1,98,,196011,30,,,1,99,,196012,30,,,1,104,,196013,30,,,1,103,,196014,30,,,1,100,,196015,30,,,1,100,,196016,30,,,1,100,,196017,30,,,1,100,,196018,30,,,1,92,,196019,30,,,1,96,,196020,30,,,1,102,,196021,30,,,1,106,,196022,30,,,1,104,,196023,30,,,1,200,,196024,30,,,1,203,,196025,30,,,1
4800,'20260904',554,,196026,30,,,1,98,,196027,30,,,1,98,,196028,30,,,1,99,,196029,30,,,1,104,,196030,30,,,1,103,,196031,30,,,1,100,,196032,30,,,1,100,,196033,30,,,1,100,,196034,30,,,1,100,,196035,30,,,1,92,,196036,30,,,1,96,,196037,30,,,1,102,,196038,30,,,1,106,,196039,30,,,1,104,,196040,30,,,1,200,,196041,30,,,1,203,,196042,30,,,1
4800,'20260908',552,,304301,30,,,1,98,,304302,30,,,1,98,,304303,30,,,1,101,,304304,30,,,1,102,,304305,30,,,1,103,,304306,30,,,1,100,,304307,30,,,1,100,,304308,30,,,1,100,,304309,30,,,1,100,,304310,30,,,1,92,,304311,30,,,1,98,,304312,30,,,1,103,,304313,30,,,1,105,,304314,30,,,1,102,,304315,30,,,1,202,,304316,30,,,1,203,,304317,30,,,1
4800,'20260909',552,,304318,30,,,1,98,,304319,30,,,1,98,,304320,30,,,1,101,,304321,30,,,1,102,,304322,30,,,1,103,,304323,30,,,1,100,,304324,30,,,1,100,,304325,30,,,1,100,,304326,30,,,1,100,,304327,30,,,1,92,,304328,30,,,1,98,,304329,30,,,1,103,,304330,30,,,1,105,,304331,30,,,1,102,,304332,30,,,1,202,,304333,30,,,1,203,,304334,30,,,1
4800,'20260910',552,,304335,30,,,1,98,,304336,30,,,1,98,,304337,30,,,1,101,,304338,30,,,1,102,,304339,30,,,1,103,,304340,30,,,1,100,,304341,30,,,1,100,,304342,30,,,1,100,,304343,30,,,1,100,,304344,30,,,1,92,,304345,30,,,1,98,,304346,30,,,1,103,,304347,30,,,1,105,,304348,30,,,1,102,,304349,30,,,1,202,,304350,30,,,1,203,,304351,30,,,1
4800,'20260911',552,,304352,30,,,1,98,,304353,30,,,1,98,,304354,30,,,1,101,,304355,30,,,1,102,,304356,30,,,1,103,,304357,30,,,1,100,,304358,30,,,1,100,,304359,30,,,1,100,,304360,30,,,1,100,,304361,30,,,1,92,,304362,30,,,1,98,,304363,30,,,1,103,,304364,30,,,1,105,,304365,30,,,1,102,,304366,30,,,1,202,,304367,30,,,1,203,,304368,30,,,1
4800,'20260914',552,,304369,30,,,1,98,,304370,30,,,1,98,,304371,30,,,1,101,,304372,30,,,1,102,,304373,30,,,1,103,,304374,30,,,1,100,,304375,30,,,1,100,,304376,30,,,1,100,,304377,30,,,1,100,,304378,30,,,1,92,,304379,30,,,1,98,,304380,30,,,1,103,,304381,30,,,1,105,,304382,30,,,1,102,,304383,30,,,1,202,,304384,30,,,1,203,,304385,30,,,1
4800,'20260915',552,,304386,30,,,1,98,,304387,30,,,1,98,,304388,30,,,1,101,,304389,30,,,1,102,,304390,30,,,1,103,,304391,30,,,1,100,,304392,30,,,1,100,,304393,30,,,1,100,,304394,30,,,1,100,,304395,30,,,1,92,,304396,30,,,1,98,,304397,30,,,1,103,,304398,30,,,1,105,,304399,30,,,1,102,,304400,30,,,1,202,,304401,30,,,1,203,,304402,30,,,1
4800,'20260916',552,,304403,30,,,1,98,,304404,30,,,1,98,,304405,30,,,1,101,,304406,30,,,1,102,,304407,30,,,1,103,,304408,30,,,1,100,,304409,30,,,1,100,,304410,30,,,1,100,,304411,30,,,1,100,,304412,30,,,1,92,,304413,30,,,1,98,,304414,30,,,1,103,,304415,30,,,1,105,,304416,30,,,1,102,,304417,30,,,1,202,,304418,30,,,1,203,,304419,30,,,1
4800,'20260917',552,,304420,30,,,1,98,,304421,30,,,1,98,,304422,30,,,1,101,,304423,30,,,1,102,,304424,30,,,1,103,,304425,30,,,1,100,,304426,30,,,1,100,,304427,30,,,1,100,,304428,30,,,1,100,,304429,30,,,1,92,,304430,30,,,1,98,,304431,30,,,1,103,,304432,30,,,1,105,,304433,30,,,1,102,,304434,30,,,1,202,,304435,30,,,1,203,,304436,30,,,1
4800,'20260918',552,,304437,30,,,1,98,,304438,30,,,1,98,,304439,30,,,1,101,,304440,30,,,1,102,,304441,30,,,1,103,,304442,30,,,1,100,,304443,30,,,1,100,,304444,30,,,1,100,,304445,30,,,1,100,,304446,30,,,1,92,,304447,30,,,1,98,,304448,30,,,1,103,,304449,30,,,1,105,,304450,30,,,1,102,,304451,30,,,1,202,,304452,30,,,1,203,,304453,30,,,1
4800,'20260921',552,,304454,30,,,1,98,,304455,30,,,1,98,,304456,30,,,1,101,,304457,30,,,1,102,,304458,30,,,1,103,,304459,30,,,1,100,,304460,30,,,1,100,,304461,30,,,1,100,,304462,30,,,1,100,,304463,30,,,1,92,,304464,30,,,1,98,,304465,30,,,1,103,,304466,30,,,1,105,,304467,30,,,1,102,,304468,30,,,1,202,,304469,30,,,1,203,,304470,30,,,1
4800,'20260922',552,,304471,30,,,1,98,,304472,30,,,1,98,,304473,30,,,1,101,,304474,30,,,1,102,,304475,30,,,1,103,,304476,30,,,1,100,,304477,30,,,1,100,,304478,30,,,1,100,,304479,30,,,1,100,,304480,30,,,1,92,,304481,30,,,1,98,,304482,30,,,1,103,,304483,30,,,1,105,,304484,30,,,1,102,,304485,30,,,1,202,,304486,30,,,1,203,,304487,30,,,1
4800,'20260923',552,,304488,30,,,1,98,,304489,30,,,1,98,,304490,30,,,1,101,,304491,30,,,1,102,,304492,30,,,1,103,,304493,30,,,1,100,,304494,30,,,1,100,,304495,30,,,1,100,,304496,30,,,1,100,,304497,30,,,1,92,,304498,30,,,1,98,,304499,30,,,1,103,,304500,30,,,1,105,,304501,30,,,1,102,,304502,30,,,1,202,,304503,30,,,1,203,,304504,30,,,1
4800,'20260924',552,,304505,30,,,1,98,,304506,30,,,1,98,,304507,30,,,1,101,,304508,30,,,1,102,,304509,30,,,1,103,,304510,30,,,1,100,,304511,30,,,1,100,,304512,30,,,1,100,,304513,30,,,1,100,,304514,30,,,1,92,,304515,30,,,1,98,,304516,30,,,1,103,,304517,30,,,1,105,,304518,30,,,1,102,,304519,30,,,1,202,,304520,30,,,1,203,,304521,30,,,1
4800,'20260925',552,,304522,30,,,1,98,,304523,30,,,1,98,,304524,30,,,1,101,,304525,30,,,1,102,,304526,30,,,1,103,,304527,30,,,1,100,,304528,30,,,1,100,,304529,30,,,1,100,,304530,30,,,1,100,,304531,30,,,1,92,,304532,30,,,1,98,,304533,30,,,1,103,,304534,30,,,1,105,,304535,30,,,1,102,,304536,30,,,1,202,,304537,30,,,1,203,,304538,30,,,1
4800,'20260928',552,,304539,30,,,1,98,,304540,30,,,1,98,,304541,30,,,1,101,,304542,30,,,1,102,,304543,30,,,1,103,,304544,30,,,1,100,,304545,30,,,1,100,,304546,30,,,1,100,,304547,30,,,1,100,,304548,30,,,1,92,,304549,30,,,1,98,,304550,30,,,1,103,,304551,30,,,1,105,,304552,30,,,1,102,,304553,30,,,1,202,,304554,30,,,1,203,,304555,30,,,1
4800,'20260929',552,,304556,30,,,1,98,,304557,30,,,1,98,,304558,30,,,1,101,,304559,30,,,1,102,,304560,30,,,1,103,,304561,30,,,1,100,,304562,30,,,1,100,,304563,30,,,1,100,,304564,30,,,1,100,,304565,30,,,1,92,,304566,30,,,1,98,,304567,30,,,1,103,,304568,30,,,1,105,,304569,30,,,1,102,,304570,30,,,1,202,,304571,30,,,1,203,,304572,30,,,1
4800,'20260930',552,,304573,30,,,1,98,,304574,30,,,1,98,,304575,30,,,1,101,,304576,30,,,1,102,,304577,30,,,1,103,,304578,30,,,1,100,,304579,30,,,1,100,,304580,30,,,1,100,,304581,30,,,1,100,,304582,30,,,1,92,,304583,30,,,1,98,,304584,30,,,1,103,,304585,30,,,1,105,,304586,30,,,1,102,,304587,30,,,1,202,,304588,30,,,1,203,,304589,30,,,1
4800,'20261001',552,,304590,30,,,1,98,,304591,30,,,1,98,,304592,30,,,1,101,,304593,30,,,1,102,,304594,30,,,1,103,,304595,30,,,1,100,,304596,30,,,1,100,,304597,30,,,1,100,,304598,30,,,1,100,,304599,30,,,1,92,,304600,30,,,1,98,,304601,30,,,1,103,,304602,30,,,1,105,,304603,30,,,1,102,,304604,30,,,1,202,,304605,30,,,1,203,,304606,30,,,1
4800,'20261002',552,,304607,30,,,1,98,,304608,30,,,1,98,,304609,30,,,1,101,,304610,30,,,1,102,,304611,30,,,1,103,,304612,30,,,1,100,,304613,30,,,1,100,,304614,30,,,1,100,,304615,30,,,1,100,,304616,30,,,1,92,,304617,30,,,1,98,,304618,30,,,1,103,,304619,30,,,1,105,,304620,30,,,1,102,,304621,30,,,1,202,,304622,30,,,1,203,,304623,30,,,1
4800,'20261005',552,,304624,30,,,1,98,,304625,30,,,1,98,,304626,30,,,1,101,,304627,30,,,1,102,,304628,30,,,1,103,,304629,30,,,1,100,,304630,30,,,1,100,,304631,30,,,1,100,,304632,30,,,1,100,,304633,30,,,1,92,,304634,30,,,1,98,,304635,30,,,1,103,,304636,30,,,1,105,,304637,30,,,1,102,,304638,30,,,1,202,,304639,30,,,1,203,,304640,30,,,1
4800,'20261006',552,,304641,30,,,1,98,,304642,30,,,1,98,,304643,30,,,1,101,,304644,30,,,1,102,,304645,30,,,1,103,,304646,30,,,1,100,,304647,30,,,1,100,,304648,30,,,1,100,,304649,30,,,1,100,,304650,30,,,1,92,,304651,30,,,1,98,,304652,30,,,1,103,,304653,30,,,1,105,,304654,30,,,1,102,,304655,30,,,1,202,,304656,30,,,1,203,,304657,30,,,1
4800,'20261007',552,,304658,30,,,1,98,,304659,30,,,1,98,,304660,30,,,1,101,,304661,30,,,1,102,,304662,30,,,1,103,,304663,30,,,1,100,,304664,30,,,1,100,,304665,30,,,1,100,,304666,30,,,1,100,,304667,30,,,1,92,,304668,30,,,1,98,,304669,30,,,1,103,,304670,30,,,1,105,,304671,30,,,1,102,,304672,30,,,1,202,,304673,30,,,1,203,,304674,30,,,1
4800,'20261008',552,,304675,30,,,1,98,,304676,30,,,1,98,,304677,30,,,1,101,,304678,30,,,1,102,,304679,30,,,1,103,,304680,30,,,1,100,,304681,30,,,1,100,,304682,30,,,1,100,,304683,30,,,1,100,,304684,30,,,1,92,,304685,30,,,1,98,,304686,30,,,1,103,,304687,30,,,1,105,,304688,30,,,1,102,,304689,30,,,1,202,,304690,30,,,1,203,,304691,30,,,1
4800,'20261009',552,,304692,30,,,1,98,,304693,30,,,1,98,,304694,30,,,1,101,,304695,30,,,1,102,,304696,30,,,1,103,,304697,30,,,1,100,,304698,30,,,1,100,,304699,30,,,1,100,,304700,30,,,1,100,,304701,30,,,1,92,,304702,30,,,1,98,,304703,30,,,1,103,,304704,30,,,1,105,,304705,30,,,1,102,,304706,30,,,1,202,,304707,30,,,1,203,,304708,30,,,1
4800,'20261013',552,,304709,30,,,1,98,,304710,30,,,1,98,,304711,30,,,1,101,,304712,30,,,1,102,,304713,30,,,1,103,,304714,30,,,1,100,,304715,30,,,1,100,,304716,30,,,1,100,,304717,30,,,1,100,,304718,30,,,1,92,,304719,30,,,1,98,,304720,30,,,1,103,,304721,30,,,1,105,,304722,30,,,1,102,,304723,30,,,1,202,,304724,30,,,1,203,,304725,30,,,1
4800,'20261014',552,,304726,30,,,1,98,,304727,30,,,1,98,,304728,30,,,1,101,,304729,30,,,1,102,,304730,30,,,1,103,,304731,30,,,1,100,,304732,30,,,1,100,,304733,30,,,1,100,,304734,30,,,1,100,,304735,30,,,1,92,,304736,30,,,1,98,,304737,30,,,1,103,,304738,30,,,1,105,,304739,30,,,1,102,,304740,30,,,1,202,,304741,30,,,1,203,,304742,30,,,1
4800,'20261015',552,,304743,30,,,1,98,,304744,30,,,1,98,,304745,30,,,1,101,,304746,30,,,1,102,,304747,30,,,1,103,,304748,30,,,1,100,,304749,30,,,1,100,,304750,30,,,1,100,,304751,30,,,1,100,,304752,30,,,1,92,,304753,30,,,1,98,,304754,30,,,1,103,,304755,30,,,1,105,,304756,30,,,1,102,,304757,30,,,1,202,,304758,30,,,1,203,,304759,30,,,1
4800,'20261016',552,,304760,30,,,1,98,,304761,30,,,1,98,,304762,30,,,1,101,,304763,30,,,1,102,,304764,30,,,1,103,,304765,30,,,1,100,,304766,30,,,1,100,,304767,30,,,1,100,,304768,30,,,1,100,,304769,30,,,1,92,,304770,30,,,1,98,,304771,30,,,1,103,,304772,30,,,1,105,,304773,30,,,1,102,,304774,30,,,1,202,,304775,30,,,1,203,,304776,30,,,1
4800,'20261019',552,,304777,30,,,1,98,,304778,30,,,1,98,,304779,30,,,1,101,,304780,30,,,1,102,,304781,30,,,1,103,,304782,30,,,1,100,,304783,30,,,1,100,,304784,30,,,1,100,,304785,30,,,1,100,,304786,30,,,1,92,,304787,30,,,1,98,,304788,30,,,1,103,,304789,30,,,1,105,,304790,30,,,1,102,,304791,30,,,1,202,,304792,30,,,1,203,,304793,30,,,1
4800,'20261020',552,,304794,30,,,1,98,,304795,30,,,1,98,,304796,30,,,1,101,,304797,30,,,1,102,,304798,30,,,1,103,,304799,30,,,1,100,,304800,30,,,1,100,,304801,30,,,1,100,,304802,30,,,1,100,,304803,30,,,1,92,,304804,30,,,1,98,,304805,30,,,1,103,,304806,30,,,1,105,,304807,30,,,1,102,,304808,30,,,1,202,,304809,30,,,1,203,,304810,30,,,1
4800,'20261021',552,,304811,30,,,1,98,,304812,30,,,1,98,,304813,30,,,1,101,,304814,30,,,1,102,,304815,30,,,1,103,,304816,30,,,1,100,,304817,30,,,1,100,,304818,30,,,1,100,,304819,30,,,1,100,,304820,30,,,1,92,,304821,30,,,1,98,,304822,30,,,1,103,,304823,30,,,1,105,,304824,30,,,1,102,,304825,30,,,1,202,,304826,30,,,1,203,,304827,30,,,1
4800,'20261022',552,,304828,30,,,1,98,,304829,30,,,1,98,,304830,30,,,1,101,,304831,30,,,1,102,,304832,30,,,1,103,,304833,30,,,1,100,,304834,30,,,1,100,,304835,30,,,1,100,,304836,30,,,1,100,,304837,30,,,1,92,,304838,30,,,1,98,,304839,30,,,1,103,,304840,30,,,1,105,,304841,30,,,1,102,,304842,30,,,1,202,,304843,30,,,1,203,,304844,30,,,1
4800,'20261023',552,,304845,30,,,1,98,,304846,30,,,1,98,,304847,30,,,1,101,,304848,30,,,1,102,,304849,30,,,1,103,,304850,30,,,1,100,,304851,30,,,1,100,,304852,30,,,1,100,,304853,30,,,1,100,,304854,30,,,1,92,,304855,30,,,1,98,,304856,30,,,1,103,,304857,30,,,1,105,,304858,30,,,1,102,,304859,30,,,1,202,,304860,30,,,1,203,,304861,30,,,1
4800,'20261026',552,,304862,30,,,1,98,,304863,30,,,1,98,,304864,30,,,1,101,,304865,30,,,1,102,,304866,30,,,1,103,,304867,30,,,1,100,,304868,30,,,1,100,,304869,30,,,1,100,,304870,30,,,1,100,,304871,30,,,1,92,,304872,30,,,1,98,,304873,30,,,1,103,,304874,30,,,1,105,,304875,30,,,1,102,,304876,30,,,1,202,,304877,30,,,1,203,,304878,30,,,1
4800,'20261027',552,,304879,30,,,1,98,,304880,30,,,1,98,,304881,30,,,1,101,,304882,30,,,1,102,,304883,30,,,1,103,,304884,30,,,1,100,,304885,30,,,1,100,,304886,30,,,1,100,,304887,30,,,1,100,,304888,30,,,1,92,,304889,30,,,1,98,,304890,30,,,1,103,,304891,30,,,1,105,,304892,30,,,1,102,,304893,30,,,1,202,,304894,30,,,1,203,,304895,30,,,1
4800,'20261028',552,,304896,30,,,1,98,,304897,30,,,1,98,,304898,30,,,1,101,,304899,30,,,1,102,,304900,30,,,1,103,,304901,30,,,1,100,,304902,30,,,1,100,,304903,30,,,1,100,,304904,30,,,1,100,,304905,30,,,1,92,,304906,30,,,1,98,,304907,30,,,1,103,,304908,30,,,1,105,,304909,30,,,1,102,,304910,30,,,1,202,,304911,30,,,1,203,,304912,30,,,1
4800,'20261029',552,,304913,30,,,1,98,,304914,30,,,1,98,,304915,30,,,1,101,,304916,30,,,1,102,,304917,30,,,1,103,,304918,30,,,1,100,,304919,30,,,1,100,,304920,30,,,1,100,,304921,30,,,1,100,,304922,30,,,1,92,,304923,30,,,1,98,,304924,30,,,1,103,,304925,30,,,1,105,,304926,30,,,1,102,,304927,30,,,1,202,,304928,30,,,1,203,,304929,30,,,1
4800,'20261030',552,,304930,30,,,1,98,,304931,30,,,1,98,,304932,30,,,1,101,,304933,30,,,1,102,,304934,30,,,1,103,,304935,30,,,1,100,,304936,30,,,1,100,,304937,30,,,1,100,,304938,30,,,1,100,,304939,30,,,1,92,,304940,30,,,1,98,,304941,30,,,1,103,,304942,30,,,1,105,,304943,30,,,1,102,,304944,30,,,1,202,,304945,30,,,1,203,,304946,30,,,1
4800,'20261102',552,,304947,30,,,1,98,,304948,30,,,1,98,,304949,30,,,1,101,,304950,30,,,1,102,,304951,30,,,1,103,,304952,30,,,1,100,,304953,30,,,1,100,,304954,30,,,1,100,,304955,30,,,1,100,,304956,30,,,1,92,,304957,30,,,1,98,,304958,30,,,1,103,,304959,30,,,1,105,,304960,30,,,1,102,,304961,30,,,1,202,,304962,30,,,1,203,,304963,30,,,1
4800,'20261103',552,,304964,30,,,1,98,,304965,30,,,1,98,,304966,30,,,1,101,,304967,30,,,1,102,,304968,30,,,1,103,,304969,30,,,1,100,,304970,30,,,1,100,,304971,30,,,1,100,,304972,30,,,1,100,,304973,30,,,1,92,,304974,30,,,1,98,,304975,30,,,1,103,,304976,30,,,1,105,,304977,30,,,1,102,,304978,30,,,1,202,,304979,30,,,1,203,,304980,30,,,1
4800,'20261104',552,,304981,30,,,1,98,,304982,30,,,1,98,,304983,30,,,1,101,,304984,30,,,1,102,,304985,30,,,1,103,,304986,30,,,1,100,,304987,30,,,1,100,,304988,30,,,1,100,,304989,30,,,1,100,,304990,30,,,1,92,,304991,30,,,1,98,,304992,30,,,1,103,,304993,30,,,1,105,,304994,30,,,1,102,,304995,30,,,1,202,,304996,30,,,1,203,,304997,30,,,1
4800,'20261105',552,,304998,30,,,1,98,,304999,30,,,1,98,,305000,30,,,1,101,,305001,30,,,1,102,,305002,30,,,1,103,,305003,30,,,1,100,,305004,30,,,1,100,,305005,30,,,1,100,,305006,30,,,1,100,,305007,30,,,1,92,,305008,30,,,1,98,,305009,30,,,1,103,,305010,30,,,1,105,,305011,30,,,1,102,,305012,30,,,1,202,,305013,30,,,1,203,,305014,30,,,1
4800,'20261106',552,,305015,30,,,1,98,,305016,30,,,1,98,,305017,30,,,1,101,,305018,30,,,1,102,,305019,30,,,1,103,,305020,30,,,1,100,,305021,30,,,1,100,,305022,30,,,1,100,,305023,30,,,1,100,,305024,30,,,1,92,,305025,30,,,1,98,,305026,30,,,1,103,,305027,30,,,1,105,,305028,30,,,1,102,,305029,30,,,1,202,,305030,30,,,1,203,,305031,30,,,1
4800,'20261109',552,,305032,30,,,1,98,,305033,30,,,1,98,,305034,30,,,1,101,,305035,30,,,1,102,,305036,30,,,1,103,,305037,30,,,1,100,,305038,30,,,1,100,,305039,30,,,1,100,,305040,30,,,1,100,,305041,30,,,1,92,,305042,30,,,1,98,,305043,30,,,1,103,,305044,30,,,1,105,,305045,30,,,1,102,,305046,30,,,1,202,,305047,30,,,1,203,,305048,30,,,1
4800,'20261110',552,,305049,30,,,1,98,,305050,30,,,1,98,,305051,30,,,1,101,,305052,30,,,1,102,,305053,30,,,1,103,,305054,30,,,1,100,,305055,30,,,1,100,,305056,30,,,1,100,,305057,30,,,1,100,,305058,30,,,1,92,,305059,30,,,1,98,,305060,30,,,1,103,,305061,30,,,1,105,,305062,30,,,1,102,,305063,30,,,1,202,,305064,30,,,1,203,,305065,30,,,1
4800,'20261111',552,,305066,30,,,1,98,,305067,30,,,1,98,,305068,30,,,1,101,,305069,30,,,1,102,,305070,30,,,1,103,,305071,30,,,1,100,,305072,30,,,1,100,,305073,30,,,1,100,,305074,30,,,1,100,,305075,30,,,1,92,,305076,30,,,1,98,,305077,30,,,1,103,,305078,30,,,1,105,,305079,30,,,1,102,,305080,30,,,1,202,,305081,30,,,1,203,,305082,30,,,1
4800,'20261112',552,,305083,30,,,1,98,,305084,30,,,1,98,,305085,30,,,1,101,,305086,30,,,1,102,,305087,30,,,1,103,,305088,30,,,1,100,,305089,30,,,1,100,,305090,30,,,1,100,,305091,30,,,1,100,,305092,30,,,1,92,,305093,30,,,1,98,,305094,30,,,1,103,,305095,30,,,1,105,,305096,30,,,1,102,,305097,30,,,1,202,,305098,30,,,1,203,,305099,30,,,1
4800,'20261113',552,,305100,30,,,1,98,,305101,30,,,1,98,,305102,30,,,1,101,,305103,30,,,1,102,,305104,30,,,1,103,,305105,30,,,1,100,,305106,30,,,1,100,,305107,30,,,1,100,,305108,30,,,1,100,,305109,30,,,1,92,,305110,30,,,1,98,,305111,30,,,1,103,,305112,30,,,1,105,,305113,30,,,1,102,,305114,30,,,1,202,,305115,30,,,1,203,,305116,30,,,1
4800,'20261116',552,,305117,30,,,1,98,,305118,30,,,1,98,,305119,30,,,1,101,,305120,30,,,1,102,,305121,30,,,1,103,,305122,30,,,1,100,,305123,30,,,1,100,,305124,30,,,1,100,,305125,30,,,1,100,,305126,30,,,1,92,,305127,30,,,1,98,,305128,30,,,1,103,,305129,30,,,1,105,,305130,30,,,1,102,,305131,30,,,1,202,,305132,30,,,1,203,,305133,30,,,1
4800,'20261117',552,,305134,30,,,1,98,,305135,30,,,1,98,,305136,30,,,1,101,,305137,30,,,1,102,,305138,30,,,1,103,,305139,30,,,1,100,,305140,30,,,1,100,,305141,30,,,1,100,,305142,30,,,1,100,,305143,30,,,1,92,,305144,30,,,1,98,,305145,30,,,1,103,,305146,30,,,1,105,,305147,30,,,1,102,,305148,30,,,1,202,,305149,30,,,1,203,,305150,30,,,1
4800,'20261118',552,,305151,30,,,1,98,,305152,30,,,1,98,,305153,30,,,1,101,,305154,30,,,1,102,,305155,30,,,1,103,,305156,30,,,1,100,,305157,30,,,1,100,,305158,30,,,1,100,,305159,30,,,1,100,,305160,30,,,1,92,,305161,30,,,1,98,,305162,30,,,1,103,,305163,30,,,1,105,,305164,30,,,1,102,,305165,30,,,1,202,,305166,30,,,1,203,,305167,30,,,1
4800,'20261119',552,,305168,30,,,1,98,,305169,30,,,1,98,,305170,30,,,1,101,,305171,30,,,1,102,,305172,30,,,1,103,,305173,30,,,1,100,,305174,30,,,1,100,,305175,30,,,1,100,,305176,30,,,1,100,,305177,30,,,1,92,,305178,30,,,1,98,,305179,30,,,1,103,,305180,30,,,1,105,,305181,30,,,1,102,,305182,30,,,1,202,,305183,30,,,1,203,,305184,30,,,1
4800,'20261120',552,,305185,30,,,1,98,,305186,30,,,1,98,,305187,30,,,1,101,,305188,30,,,1,102,,305189,30,,,1,103,,305190,30,,,1,100,,305191,30,,,1,100,,305192,30,,,1,100,,305193,30,,,1,100,,305194,30,,,1,92,,305195,30,,,1,98,,305196,30,,,1,103,,305197,30,,,1,105,,305198,30,,,1,102,,305199,30,,,1,202,,305200,30,,,1,203,,305201,30,,,1
4800,'20261123',552,,305202,30,,,1,98,,305203,30,,,1,98,,305204,30,,,1,101,,305205,30,,,1,102,,305206,30,,,1,103,,305207,30,,,1,100,,305208,30,,,1,100,,305209,30,,,1,100,,305210,30,,,1,100,,305211,30,,,1,92,,305212,30,,,1,98,,305213,30,,,1,103,,305214,30,,,1,105,,305215,30,,,1,102,,305216,30,,,1,202,,305217,30,,,1,203,,305218,30,,,1
4800,'20261124',552,,305219,30,,,1,98,,305220,30,,,1,98,,305221,30,,,1,101,,305222,30,,,1,102,,305223,30,,,1,103,,305224,30,,,1,100,,305225,30,,,1,100,,305226,30,,,1,100,,305227,30,,,1,100,,305228,30,,,1,92,,305229,30,,,1,98,,305230,30,,,1,103,,305231,30,,,1,105,,305232,30,,,1,102,,305233,30,,,1,202,,305234,30,,,1,203,,305235,30,,,1
4800,'20261125',552,,305236,30,,,1,98,,305237,30,,,1,98,,305238,30,,,1,101,,305239,30,,,1,102,,305240,30,,,1,103,,305241,30,,,1,100,,305242,30,,,1,100,,305243,30,,,1,100,,305244,30,,,1,100,,305245,30,,,1,92,,305246,30,,,1,98,,305247,30,,,1,103,,305248,30,,,1,105,,305249,30,,,1,102,,305250,30,,,1,202,,305251,30,,,1,203,,305252,30,,,1
4800,'20261126',552,,305253,30,,,1,98,,305254,30,,,1,98,,305255,30,,,1,101,,305256,30,,,1,102,,305257,30,,,1,103,,305258,30,,,1,100,,305259,30,,,1,100,,305260,30,,,1,100,,305261,30,,,1,100,,305262,30,,,1,92,,305263,30,,,1,98,,305264,30,,,1,103,,305265,30,,,1,105,,305266,30,,,1,102,,305267,30,,,1,202,,305268,30,,,1,203,,305269,30,,,1
4800,'20261127',552,,305270,30,,,1,98,,305271,30,,,1,98,,305272,30,,,1,101,,305273,30,,,1,102,,305274,30,,,1,103,,305275,30,,,1,100,,305276,30,,,1,100,,305277,30,,,1,100,,305278,30,,,1,100,,305279,30,,,1,92,,305280,30,,,1,98,,305281,30,,,1,103,,305282,30,,,1,105,,305283,30,,,1,102,,305284,30,,,1,202,,305285,30,,,1,203,,305286,30,,,1
4801,'20260831',614,,196891,3,,,1,100,,196892,3,,,1,103,,196893,3,,,1,100,,196894,3,,,1,97,,196895,3,,,1,200,,196896,3,,,1,202,,196897,3,,,1,100,,196898,3,,,1,102,,196899,3,,,1,104,,196900,3,,,1,97,,196901,3,,,1,95,,196902,3,,,1,100,,196903,3,,,1,100,,196904,3,,,1,198,,196905,3,,,1,200,,196906,3,,,1
4801,'20260901',614,,196907,3,,,1,100,,196908,3,,,1,103,,196909,3,,,1,100,,196910,3,,,1,97,,196911,3,,,1,200,,196912,3,,,1,202,,196913,3,,,1,100,,196914,3,,,1,102,,196915,3,,,1,104,,196916,3,,,1,97,,196917,3,,,1,95,,196918,3,,,1,100,,196919,3,,,1,100,,196920,3,,,1,198,,196921,3,,,1,200,,196922,3,,,1
4801,'20260902',614,,196923,3,,,1,100,,196924,3,,,1,103,,196925,3,,,1,100,,196926,3,,,1,97,,196927,3,,,1,200,,196928,3,,,1,202,,196929,3,,,1,100,,196930,3,,,1,102,,196931,3,,,1,104,,196932,3,,,1,97,,196933,3,,,1,95,,196934,3,,,1,100,,196935,3,,,1,100,,196936,3,,,1,198,,196937,3,,,1,200,,196938,3,,,1
4801,'20260903',614,,196939,3,,,1,100,,196940,3,,,1,103,,196941,3,,,1,100,,196942,3,,,1,97,,196943,3,,,1,200,,196944,3,,,1,202,,196945,3,,,1,100,,196946,3,,,1,102,,196947,3,,,1,104,,196948,3,,,1,97,,196949,3,,,1,95,,196950,3,,,1,100,,196951,3,,,1,100,,196952,3,,,1,198,,196953,3,,,1,200,,196954,3,,,1
4801,'20260904',614,,196955,3,,,1,100,,196956,3,,,1,103,,196957,3,,,1,100,,196958,3,,,1,97,,196959,3,,,1,200,,196960,3,,,1,202,,196961,3,,,1,100,,196962,3,,,1,102,,196963,3,,,1,104,,196964,3,,,1,97,,196965,3,,,1,95,,196966,3,,,1,100,,196967,3,,,1,100,,196968,3,,,1,198,,196969,3,,,1,200,,196970,3,,,1
4801,'20260908',614,,305287,3,,,1,100,,305288,3,,,1,103,,305289,3,,,1,100,,305290,3,,,1,97,,305291,3,,,1,200,,305292,3,,,1,202,,305293,3,,,1,100,,305294,3,,,1,102,,305295,3,,,1,104,,305296,3,,,1,97,,305297,3,,,1,95,,305298,3,,,1,100,,305299,3,,,1,100,,305300,3,,,1,198,,305301,3,,,1,200,,305302,3,,,1
4801,'20260909',614,,305303,3,,,1,100,,305304,3,,,1,103,,305305,3,,,1,100,,305306,3,,,1,97,,305307,3,,,1,200,,305308,3,,,1,202,,305309,3,,,1,100,,305310,3,,,1,102,,305311,3,,,1,104,,305312,3,,,1,97,,305313,3,,,1,95,,305314,3,,,1,100,,305315,3,,,1,100,,305316,3,,,1,198,,305317,3,,,1,200,,305318,3,,,1
4801,'20260910',614,,305319,3,,,1,100,,305320,3,,,1,103,,305321,3,,,1,100,,305322,3,,,1,97,,305323,3,,,1,200,,305324,3,,,1,202,,305325,3,,,1,100,,305326,3,,,1,102,,305327,3,,,1,104,,305328,3,,,1,97,,305329,3,,,1,95,,305330,3,,,1,100,,305331,3,,,1,100,,305332,3,,,1,198,,305333,3,,,1,200,,305334,3,,,1
4801,'20260911',614,,305335,3,,,1,100,,305336,3,,,1,103,,305337,3,,,1,100,,305338,3,,,1,97,,305339,3,,,1,200,,305340,3,,,1,202,,305341,3,,,1,100,,305342,3,,,1,102,,305343,3,,,1,104,,305344,3,,,1,97,,305345,3,,,1,95,,305346,3,,,1,100,,305347,3,,,1,100,,305348,3,,,1,198,,305349,3,,,1,200,,305350,3,,,1
4801,'20260914',614,,305351,3,,,1,100,,305352,3,,,1,103,,305353,3,,,1,100,,305354,3,,,1,97,,305355,3,,,1,200,,305356,3,,,1,202,,305357,3,,,1,100,,305358,3,,,1,102,,305359,3,,,1,104,,305360,3,,,1,97,,305361,3,,,1,95,,305362,3,,,1,100,,305363,3,,,1,100,,305364,3,,,1,198,,305365,3,,,1,200,,305366,3,,,1
4801,'20260915',614,,305367,3,,,1,100,,305368,3,,,1,103,,305369,3,,,1,100,,305370,3,,,1,97,,305371,3,,,1,200,,305372,3,,,1,202,,305373,3,,,1,100,,305374,3,,,1,102,,305375,3,,,1,104,,305376,3,,,1,97,,305377,3,,,1,95,,305378,3,,,1,100,,305379,3,,,1,100,,305380,3,,,1,198,,305381,3,,,1,200,,305382,3,,,1
4801,'20260916',614,,305383,3,,,1,100,,305384,3,,,1,103,,305385,3,,,1,100,,305386,3,,,1,97,,305387,3,,,1,200,,305388,3,,,1,202,,305389,3,,,1,100,,305390,3,,,1,102,,305391,3,,,1,104,,305392,3,,,1,97,,305393,3,,,1,95,,305394,3,,,1,100,,305395,3,,,1,100,,305396,3,,,1,198,,305397,3,,,1,200,,305398,3,,,1
4801,'20260917',614,,305399,3,,,1,100,,305400,3,,,1,103,,305401,3,,,1,100,,305402,3,,,1,97,,305403,3,,,1,200,,305404,3,,,1,202,,305405,3,,,1,100,,305406,3,,,1,102,,305407,3,,,1,104,,305408,3,,,1,97,,305409,3,,,1,95,,305410,3,,,1,100,,305411,3,,,1,100,,305412,3,,,1,198,,305413,3,,,1,200,,305414,3,,,1
4801,'20260918',614,,305415,3,,,1,100,,305416,3,,,1,103,,305417,3,,,1,100,,305418,3,,,1,97,,305419,3,,,1,200,,305420,3,,,1,202,,305421,3,,,1,100,,305422,3,,,1,102,,305423,3,,,1,104,,305424,3,,,1,97,,305425,3,,,1,95,,305426,3,,,1,100,,305427,3,,,1,100,,305428,3,,,1,198,,305429,3,,,1,200,,305430,3,,,1
4801,'20260921',614,,305431,3,,,1,100,,305432,3,,,1,103,,305433,3,,,1,100,,305434,3,,,1,97,,305435,3,,,1,200,,305436,3,,,1,202,,305437,3,,,1,100,,305438,3,,,1,102,,305439,3,,,1,104,,305440,3,,,1,97,,305441,3,,,1,95,,305442,3,,,1,100,,305443,3,,,1,100,,305444,3,,,1,198,,305445,3,,,1,200,,305446,3,,,1
4801,'20260922',614,,305447,3,,,1,100,,305448,3,,,1,103,,305449,3,,,1,100,,305450,3,,,1,97,,305451,3,,,1,200,,305452,3,,,1,202,,305453,3,,,1,100,,305454,3,,,1,102,,305455,3,,,1,104,,305456,3,,,1,97,,305457,3,,,1,95,,305458,3,,,1,100,,305459,3,,,1,100,,305460,3,,,1,198,,305461,3,,,1,200,,305462,3,,,1
4801,'20260923',614,,305463,3,,,1,100,,305464,3,,,1,103,,305465,3,,,1,100,,305466,3,,,1,97,,305467,3,,,1,200,,305468,3,,,1,202,,305469,3,,,1,100,,305470,3,,,1,102,,305471,3,,,1,104,,305472,3,,,1,97,,305473,3,,,1,95,,305474,3,,,1,100,,305475,3,,,1,100,,305476,3,,,1,198,,305477,3,,,1,200,,305478,3,,,1
4801,'20260924',614,,305479,3,,,1,100,,305480,3,,,1,103,,305481,3,,,1,100,,305482,3,,,1,97,,305483,3,,,1,200,,305484,3,,,1,202,,305485,3,,,1,100,,305486,3,,,1,102,,305487,3,,,1,104,,305488,3,,,1,97,,305489,3,,,1,95,,305490,3,,,1,100,,305491,3,,,1,100,,305492,3,,,1,198,,305493,3,,,1,200,,305494,3,,,1
4801,'20260925',614,,305495,3,,,1,100,,305496,3,,,1,103,,305497,3,,,1,100,,305498,3,,,1,97,,305499,3,,,1,200,,305500,3,,,1,202,,305501,3,,,1,100,,305502,3,,,1,102,,305503,3,,,1,104,,305504,3,,,1,97,,305505,3,,,1,95,,305506,3,,,1,100,,305507,3,,,1,100,,305508,3,,,1,198,,305509,3,,,1,200,,305510,3,,,1
4801,'20260928',614,,305511,3,,,1,100,,305512,3,,,1,103,,305513,3,,,1,100,,305514,3,,,1,97,,305515,3,,,1,200,,305516,3,,,1,202,,305517,3,,,1,100,,305518,3,,,1,102,,305519,3,,,1,104,,305520,3,,,1,97,,305521,3,,,1,95,,305522,3,,,1,100,,305523,3,,,1,100,,305524,3,,,1,198,,305525,3,,,1,200,,305526,3,,,1
4801,'20260929',614,,305527,3,,,1,100,,305528,3,,,1,103,,305529,3,,,1,100,,305530,3,,,1,97,,305531,3,,,1,200,,305532,3,,,1,202,,305533,3,,,1,100,,305534,3,,,1,102,,305535,3,,,1,104,,305536,3,,,1,97,,305537,3,,,1,95,,305538,3,,,1,100,,305539,3,,,1,100,,305540,3,,,1,198,,305541,3,,,1,200,,305542,3,,,1
4801,'20260930',614,,305543,3,,,1,100,,305544,3,,,1,103,,305545,3,,,1,100,,305546,3,,,1,97,,305547,3,,,1,200,,305548,3,,,1,202,,305549,3,,,1,100,,305550,3,,,1,102,,305551,3,,,1,104,,305552,3,,,1,97,,305553,3,,,1,95,,305554,3,,,1,100,,305555,3,,,1,100,,305556,3,,,1,198,,305557,3,,,1,200,,305558,3,,,1
4801,'20261001',614,,305559,3,,,1,100,,305560,3,,,1,103,,305561,3,,,1,100,,305562,3,,,1,97,,305563,3,,,1,200,,305564,3,,,1,202,,305565,3,,,1,100,,305566,3,,,1,102,,305567,3,,,1,104,,305568,3,,,1,97,,305569,3,,,1,95,,305570,3,,,1,100,,305571,3,,,1,100,,305572,3,,,1,198,,305573,3,,,1,200,,305574,3,,,1
4801,'20261002',614,,305575,3,,,1,100,,305576,3,,,1,103,,305577,3,,,1,100,,305578,3,,,1,97,,305579,3,,,1,200,,305580,3,,,1,202,,305581,3,,,1,100,,305582,3,,,1,102,,305583,3,,,1,104,,305584,3,,,1,97,,305585,3,,,1,95,,305586,3,,,1,100,,305587,3,,,1,100,,305588,3,,,1,198,,305589,3,,,1,200,,305590,3,,,1
4801,'20261005',614,,305591,3,,,1,100,,305592,3,,,1,103,,305593,3,,,1,100,,305594,3,,,1,97,,305595,3,,,1,200,,305596,3,,,1,202,,305597,3,,,1,100,,305598,3,,,1,102,,305599,3,,,1,104,,305600,3,,,1,97,,305601,3,,,1,95,,305602,3,,,1,100,,305603,3,,,1,100,,305604,3,,,1,198,,305605,3,,,1,200,,305606,3,,,1
4801,'20261006',614,,305607,3,,,1,100,,305608,3,,,1,103,,305609,3,,,1,100,,305610,3,,,1,97,,305611,3,,,1,200,,305612,3,,,1,202,,305613,3,,,1,100,,305614,3,,,1,102,,305615,3,,,1,104,,305616,3,,,1,97,,305617,3,,,1,95,,305618,3,,,1,100,,305619,3,,,1,100,,305620,3,,,1,198,,305621,3,,,1,200,,305622,3,,,1
4801,'20261007',614,,305623,3,,,1,100,,305624,3,,,1,103,,305625,3,,,1,100,,305626,3,,,1,97,,305627,3,,,1,200,,305628,3,,,1,202,,305629,3,,,1,100,,305630,3,,,1,102,,305631,3,,,1,104,,305632,3,,,1,97,,305633,3,,,1,95,,305634,3,,,1,100,,305635,3,,,1,100,,305636,3,,,1,198,,305637,3,,,1,200,,305638,3,,,1
4801,'20261008',614,,305639,3,,,1,100,,305640,3,,,1,103,,305641,3,,,1,100,,305642,3,,,1,97,,305643,3,,,1,200,,305644,3,,,1,202,,305645,3,,,1,100,,305646,3,,,1,102,,305647,3,,,1,104,,305648,3,,,1,97,,305649,3,,,1,95,,305650,3,,,1,100,,305651,3,,,1,100,,305652,3,,,1,198,,305653,3,,,1,200,,305654,3,,,1
4801,'20261009',614,,305655,3,,,1,100,,305656,3,,,1,103,,305657,3,,,1,100,,305658,3,,,1,97,,305659,3,,,1,200,,305660,3,,,1,202,,305661,3,,,1,100,,305662,3,,,1,102,,305663,3,,,1,104,,305664,3,,,1,97,,305665,3,,,1,95,,305666,3,,,1,100,,305667,3,,,1,100,,305668,3,,,1,198,,305669,3,,,1,200,,305670,3,,,1
4801,'20261013',614,,305671,3,,,1,100,,305672,3,,,1,103,,305673,3,,,1,100,,305674,3,,,1,97,,305675,3,,,1,200,,305676,3,,,1,202,,305677,3,,,1,100,,305678,3,,,1,102,,305679,3,,,1,104,,305680,3,,,1,97,,305681,3,,,1,95,,305682,3,,,1,100,,305683,3,,,1,100,,305684,3,,,1,198,,305685,3,,,1,200,,305686,3,,,1
4801,'20261014',614,,305687,3,,,1,100,,305688,3,,,1,103,,305689,3,,,1,100,,305690,3,,,1,97,,305691,3,,,1,200,,305692,3,,,1,202,,305693,3,,,1,100,,305694,3,,,1,102,,305695,3,,,1,104,,305696,3,,,1,97,,305697,3,,,1,95,,305698,3,,,1,100,,305699,3,,,1,100,,305700,3,,,1,198,,305701,3,,,1,200,,305702,3,,,1
4801,'20261015',614,,305703,3,,,1,100,,305704,3,,,1,103,,305705,3,,,1,100,,305706,3,,,1,97,,305707,3,,,1,200,,305708,3,,,1,202,,305709,3,,,1,100,,305710,3,,,1,102,,305711,3,,,1,104,,305712,3,,,1,97,,305713,3,,,1,95,,305714,3,,,1,100,,305715,3,,,1,100,,305716,3,,,1,198,,305717,3,,,1,200,,305718,3,,,1
4801,'20261016',614,,305719,3,,,1,100,,305720,3,,,1,103,,305721,3,,,1,100,,305722,3,,,1,97,,305723,3,,,1,200,,305724,3,,,1,202,,305725,3,,,1,100,,305726,3,,,1,102,,305727,3,,,1,104,,305728,3,,,1,97,,305729,3,,,1,95,,305730,3,,,1,100,,305731,3,,,1,100,,305732,3,,,1,198,,305733,3,,,1,200,,305734,3,,,1
4801,'20261019',614,,305735,3,,,1,100,,305736,3,,,1,103,,305737,3,,,1,100,,305738,3,,,1,97,,305739,3,,,1,200,,305740,3,,,1,202,,305741,3,,,1,100,,305742,3,,,1,102,,305743,3,,,1,104,,305744,3,,,1,97,,305745,3,,,1,95,,305746,3,,,1,100,,305747,3,,,1,100,,305748,3,,,1,198,,305749,3,,,1,200,,305750,3,,,1
4801,'20261020',614,,305751,3,,,1,100,,305752,3,,,1,103,,305753,3,,,1,100,,305754,3,,,1,97,,305755,3,,,1,200,,305756,3,,,1,202,,305757,3,,,1,100,,305758,3,,,1,102,,305759,3,,,1,104,,305760,3,,,1,97,,305761,3,,,1,95,,305762,3,,,1,100,,305763,3,,,1,100,,305764,3,,,1,198,,305765,3,,,1,200,,305766,3,,,1
4801,'20261021',614,,305767,3,,,1,100,,305768,3,,,1,103,,305769,3,,,1,100,,305770,3,,,1,97,,305771,3,,,1,200,,305772,3,,,1,202,,305773,3,,,1,100,,305774,3,,,1,102,,305775,3,,,1,104,,305776,3,,,1,97,,305777,3,,,1,95,,305778,3,,,1,100,,305779,3,,,1,100,,305780,3,,,1,198,,305781,3,,,1,200,,305782,3,,,1
4801,'20261022',614,,305783,3,,,1,100,,305784,3,,,1,103,,305785,3,,,1,100,,305786,3,,,1,97,,305787,3,,,1,200,,305788,3,,,1,202,,305789,3,,,1,100,,305790,3,,,1,102,,305791,3,,,1,104,,305792,3,,,1,97,,305793,3,,,1,95,,305794,3,,,1,100,,305795,3,,,1,100,,305796,3,,,1,198,,305797,3,,,1,200,,305798,3,,,1
4801,'20261023',614,,305799,3,,,1,100,,305800,3,,,1,103,,305801,3,,,1,100,,305802,3,,,1,97,,305803,3,,,1,200,,305804,3,,,1,202,,305805,3,,,1,100,,305806,3,,,1,102,,305807,3,,,1,104,,305808,3,,,1,97,,305809,3,,,1,95,,305810,3,,,1,100,,305811,3,,,1,100,,305812,3,,,1,198,,305813,3,,,1,200,,305814,3,,,1
4801,'20261026',614,,305815,3,,,1,100,,305816,3,,,1,103,,305817,3,,,1,100,,305818,3,,,1,97,,305819,3,,,1,200,,305820,3,,,1,202,,305821,3,,,1,100,,305822,3,,,1,102,,305823,3,,,1,104,,305824,3,,,1,97,,305825,3,,,1,95,,305826,3,,,1,100,,305827,3,,,1,100,,305828,3,,,1,198,,305829,3,,,1,200,,305830,3,,,1
4801,'20261027',614,,305831,3,,,1,100,,305832,3,,,1,103,,305833,3,,,1,100,,305834,3,,,1,97,,305835,3,,,1,200,,305836,3,,,1,202,,305837,3,,,1,100,,305838,3,,,1,102,,305839,3,,,1,104,,305840,3,,,1,97,,305841,3,,,1,95,,305842,3,,,1,100,,305843,3,,,1,100,,305844,3,,,1,198,,305845,3,,,1,200,,305846,3,,,1
4801,'20261028',614,,305847,3,,,1,100,,305848,3,,,1,103,,305849,3,,,1,100,,305850,3,,,1,97,,305851,3,,,1,200,,305852,3,,,1,202,,305853,3,,,1,100,,305854,3,,,1,102,,305855,3,,,1,104,,305856,3,,,1,97,,305857,3,,,1,95,,305858,3,,,1,100,,305859,3,,,1,100,,305860,3,,,1,198,,305861,3,,,1,200,,305862,3,,,1
4801,'20261029',614,,305863,3,,,1,100,,305864,3,,,1,103,,305865,3,,,1,100,,305866,3,,,1,97,,305867,3,,,1,200,,305868,3,,,1,202,,305869,3,,,1,100,,305870,3,,,1,102,,305871,3,,,1,104,,305872,3,,,1,97,,305873,3,,,1,95,,305874,3,,,1,100,,305875,3,,,1,100,,305876,3,,,1,198,,305877,3,,,1,200,,305878,3,,,1
4801,'20261030',614,,305879,3,,,1,100,,305880,3,,,1,103,,305881,3,,,1,100,,305882,3,,,1,97,,305883,3,,,1,200,,305884,3,,,1,202,,305885,3,,,1,100,,305886,3,,,1,102,,305887,3,,,1,104,,305888,3,,,1,97,,305889,3,,,1,95,,305890,3,,,1,100,,305891,3,,,1,100,,305892,3,,,1,198,,305893,3,,,1,200,,305894,3,,,1
4801,'20261102',614,,305895,3,,,1,100,,305896,3,,,1,103,,305897,3,,,1,100,,305898,3,,,1,97,,305899,3,,,1,200,,305900,3,,,1,202,,305901,3,,,1,100,,305902,3,,,1,102,,305903,3,,,1,104,,305904,3,,,1,97,,305905,3,,,1,95,,305906,3,,,1,100,,305907,3,,,1,100,,305908,3,,,1,198,,305909,3,,,1,200,,305910,3,,,1
4801,'20261103',614,,305911,3,,,1,100,,305912,3,,,1,103,,305913,3,,,1,100,,305914,3,,,1,97,,305915,3,,,1,200,,305916,3,,,1,202,,305917,3,,,1,100,,305918,3,,,1,102,,305919,3,,,1,104,,305920,3,,,1,97,,305921,3,,,1,95,,305922,3,,,1,100,,305923,3,,,1,100,,305924,3,,,1,198,,305925,3,,,1,200,,305926,3,,,1
4801,'20261104',614,,305927,3,,,1,100,,305928,3,,,1,103,,305929,3,,,1,100,,305930,3,,,1,97,,305931,3,,,1,200,,305932,3,,,1,202,,305933,3,,,1,100,,305934,3,,,1,102,,305935,3,,,1,104,,305936,3,,,1,97,,305937,3,,,1,95,,305938,3,,,1,100,,305939,3,,,1,100,,305940,3,,,1,198,,305941,3,,,1,200,,305942,3,,,1
4801,'20261105',614,,305943,3,,,1,100,,305944,3,,,1,103,,305945,3,,,1,100,,305946,3,,,1,97,,305947,3,,,1,200,,305948,3,,,1,202,,305949,3,,,1,100,,305950,3,,,1,102,,305951,3,,,1,104,,305952,3,,,1,97,,305953,3,,,1,95,,305954,3,,,1,100,,305955,3,,,1,100,,305956,3,,,1,198,,305957,3,,,1,200,,305958,3,,,1
4801,'20261106',614,,305959,3,,,1,100,,305960,3,,,1,103,,305961,3,,,1,100,,305962,3,,,1,97,,305963,3,,,1,200,,305964,3,,,1,202,,305965,3,,,1,100,,305966,3,,,1,102,,305967,3,,,1,104,,305968,3,,,1,97,,305969,3,,,1,95,,305970,3,,,1,100,,305971,3,,,1,100,,305972,3,,,1,198,,305973,3,,,1,200,,305974,3,,,1
4801,'20261109',614,,305975,3,,,1,100,,305976,3,,,1,103,,305977,3,,,1,100,,305978,3,,,1,97,,305979,3,,,1,200,,305980,3,,,1,202,,305981,3,,,1,100,,305982,3,,,1,102,,305983,3,,,1,104,,305984,3,,,1,97,,305985,3,,,1,95,,305986,3,,,1,100,,305987,3,,,1,100,,305988,3,,,1,198,,305989,3,,,1,200,,305990,3,,,1
4801,'20261110',614,,305991,3,,,1,100,,305992,3,,,1,103,,305993,3,,,1,100,,305994,3,,,1,97,,305995,3,,,1,200,,305996,3,,,1,202,,305997,3,,,1,100,,305998,3,,,1,102,,305999,3,,,1,104,,306000,3,,,1,97,,306001,3,,,1,95,,306002,3,,,1,100,,306003,3,,,1,100,,306004,3,,,1,198,,306005,3,,,1,200,,306006,3,,,1
4801,'20261111',614,,306007,3,,,1,100,,306008,3,,,1,103,,306009,3,,,1,100,,306010,3,,,1,97,,306011,3,,,1,200,,306012,3,,,1,202,,306013,3,,,1,100,,306014,3,,,1,102,,306015,3,,,1,104,,306016,3,,,1,97,,306017,3,,,1,95,,306018,3,,,1,100,,306019,3,,,1,100,,306020,3,,,1,198,,306021,3,,,1,200,,306022,3,,,1
4801,'20261112',614,,306023,3,,,1,100,,306024,3,,,1,103,,306025,3,,,1,100,,306026,3,,,1,97,,306027,3,,,1,200,,306028,3,,,1,202,,306029,3,,,1,100,,306030,3,,,1,102,,306031,3,,,1,104,,306032,3,,,1,97,,306033,3,,,1,95,,306034,3,,,1,100,,306035,3,,,1,100,,306036,3,,,1,198,,306037,3,,,1,200,,306038,3,,,1
4801,'20261113',614,,306039,3,,,1,100,,306040,3,,,1,103,,306041,3,,,1,100,,306042,3,,,1,97,,306043,3,,,1,200,,306044,3,,,1,202,,306045,3,,,1,100,,306046,3,,,1,102,,306047,3,,,1,104,,306048,3,,,1,97,,306049,3,,,1,95,,306050,3,,,1,100,,306051,3,,,1,100,,306052,3,,,1,198,,306053,3,,,1,200,,306054,3,,,1
4801,'20261116',614,,306055,3,,,1,100,,306056,3,,,1,103,,306057,3,,,1,100,,306058,3,,,1,97,,306059,3,,,1,200,,306060,3,,,1,202,,306061,3,,,1,100,,306062,3,,,1,102,,306063,3,,,1,104,,306064,3,,,1,97,,306065,3,,,1,95,,306066,3,,,1,100,,306067,3,,,1,100,,306068,3,,,1,198,,306069,3,,,1,200,,306070,3,,,1
4801,'20261117',614,,306071,3,,,1,100,,306072,3,,,1,103,,306073,3,,,1,100,,306074,3,,,1,97,,306075,3,,,1,200,,306076,3,,,1,202,,306077,3,,,1,100,,306078,3,,,1,102,,306079,3,,,1,104,,306080,3,,,1,97,,306081,3,,,1,95,,306082,3,,,1,100,,306083,3,,,1,100,,306084,3,,,1,198,,306085,3,,,1,200,,306086,3,,,1
4801,'20261118',614,,306087,3,,,1,100,,306088,3,,,1,103,,306089,3,,,1,100,,306090,3,,,1,97,,306091,3,,,1,200,,306092,3,,,1,202,,306093,3,,,1,100,,306094,3,,,1,102,,306095,3,,,1,104,,306096,3,,,1,97,,306097,3,,,1,95,,306098,3,,,1,100,,306099,3,,,1,100,,306100,3,,,1,198,,306101,3,,,1,200,,306102,3,,,1
4801,'20261119',614,,306103,3,,,1,100,,306104,3,,,1,103,,306105,3,,,1,100,,306106,3,,,1,97,,306107,3,,,1,200,,306108,3,,,1,202,,306109,3,,,1,100,,306110,3,,,1,102,,306111,3,,,1,104,,306112,3,,,1,97,,306113,3,,,1,95,,306114,3,,,1,100,,306115,3,,,1,100,,306116,3,,,1,198,,306117,3,,,1,200,,306118,3,,,1
4801,'20261120',614,,306119,3,,,1,100,,306120,3,,,1,103,,306121,3,,,1,100,,306122,3,,,1,97,,306123,3,,,1,200,,306124,3,,,1,202,,306125,3,,,1,100,,306126,3,,,1,102,,306127,3,,,1,104,,306128,3,,,1,97,,306129,3,,,1,95,,306130,3,,,1,100,,306131,3,,,1,100,,306132,3,,,1,198,,306133,3,,,1,200,,306134,3,,,1
4801,'20261123',614,,306135,3,,,1,100,,306136,3,,,1,103,,306137,3,,,1,100,,306138,3,,,1,97,,306139,3,,,1,200,,306140,3,,,1,202,,306141,3,,,1,100,,306142,3,,,1,102,,306143,3,,,1,104,,306144,3,,,1,97,,306145,3,,,1,95,,306146,3,,,1,100,,306147,3,,,1,100,,306148,3,,,1,198,,306149,3,,,1,200,,306150,3,,,1
4801,'20261124',614,,306151,3,,,1,100,,306152,3,,,1,103,,306153,3,,,1,100,,306154,3,,,1,97,,306155,3,,,1,200,,306156,3,,,1,202,,306157,3,,,1,100,,306158,3,,,1,102,,306159,3,,,1,104,,306160,3,,,1,97,,306161,3,,,1,95,,306162,3,,,1,100,,306163,3,,,1,100,,306164,3,,,1,198,,306165,3,,,1,200,,306166,3,,,1
4801,'20261125',614,,306167,3,,,1,100,,306168,3,,,1,103,,306169,3,,,1,100,,306170,3,,,1,97,,306171,3,,,1,200,,306172,3,,,1,202,,306173,3,,,1,100,,306174,3,,,1,102,,306175,3,,,1,104,,306176,3,,,1,97,,306177,3,,,1,95,,306178,3,,,1,100,,306179,3,,,1,100,,306180,3,,,1,198,,306181,3,,,1,200,,306182,3,,,1
4801,'20261126',614,,306183,3,,,1,100,,306184,3,,,1,103,,306185,3,,,1,100,,306186,3,,,1,97,,306187,3,,,1,200,,306188,3,,,1,202,,306189,3,,,1,100,,306190,3,,,1,102,,306191,3,,,1,104,,306192,3,,,1,97,,306193,3,,,1,95,,306194,3,,,1,100,,306195,3,,,1,100,,306196,3,,,1,198,,306197,3,,,1,200,,306198,3,,,1
4801,'20261127',614,,306199,3,,,1,100,,306200,3,,,1,103,,306201,3,,,1,100,,306202,3,,,1,97,,306203,3,,,1,200,,306204,3,,,1,202,,306205,3,,,1,100,,306206,3,,,1,102,,306207,3,,,1,104,,306208,3,,,1,97,,306209,3,,,1,95,,306210,3,,,1,100,,306211,3,,,1,100,,306212,3,,,1,198,,306213,3,,,1,200,,306214,3,,,1
