1900,'20260910',515,,235364,1,,,1,95,,235365,1,,,1,25,,235366,1,,,1,20,,235367,1,,,1,50,,235368,1,,,1,15,,235369,1,,,1,20,,235370,1,,,1,60,,235371,1,,,1,20,,235372,1,,,1,25,,235373,1,,,1,70,,235374,1,,,1,30,,235375,1,,,1,80,,235376,1,,,1,95,,235377,1,,,1,95,,235378,1,,,1,100,,235379,1,,,1,100,,235380,1,,,1,35,,235381,1,,,1,65,,235382,1,,,1,20,,235383,1,,,1,15,,235384,1,,,1,55,,235385,1,,,1,15,,235386,1,,,1,15,,235387,1,,,1,15,,235388,1,,,1,55,,235389,1,,,1,20,,235390,1,,,1,15,,235391,1,,,1,60,,235392,1,,,1,20,,235393,1,,,1,100,,235394,1,,,1,100,,235395,1,,,1,100,,235396,1,,,1,100,,235397,1,,,1,200,,235398,1,,,1
1900,'20260911',515,,235399,1,,,1,95,,235400,1,,,1,25,,235401,1,,,1,20,,235402,1,,,1,50,,235403,1,,,1,15,,235404,1,,,1,20,,235405,1,,,1,60,,235406,1,,,1,20,,235407,1,,,1,25,,235408,1,,,1,70,,235409,1,,,1,30,,235410,1,,,1,80,,235411,1,,,1,95,,235412,1,,,1,95,,235413,1,,,1,100,,235414,1,,,1,100,,235415,1,,,1,35,,235416,1,,,1,65,,235417,1,,,1,20,,235418,1,,,1,15,,235419,1,,,1,55,,235420,1,,,1,15,,235421,1,,,1,15,,235422,1,,,1,15,,235423,1,,,1,55,,235424,1,,,1,20,,235425,1,,,1,15,,235426,1,,,1,60,,235427,1,,,1,20,,235428,1,,,1,100,,235429,1,,,1,100,,235430,1,,,1,100,,235431,1,,,1,100,,235432,1,,,1,200,,235433,1,,,1
1900,'20260912',620,,235434,1,,,1,100,,235435,1,,,1,100,,235436,1,,,1,105,,235437,1,,,1,95,,235438,1,,,1,100,,235439,1,,,1,100,,235440,1,,,1,100,,235441,1,,,1,100,,235442,1,,,1,30,,235443,1,,,1,70,,235444,1,,,1,30,,235445,1,,,1,70,,235446,1,,,1,30,,235447,1,,,1,70,,235448,1,,,1,30,,235449,1,,,1,70,,235450,1,,,1,30,,235451,1,,,1,70,,235452,1,,,1,100,,235453,1,,,1,100,,235454,1,,,1,100,,235455,1,,,1,100,,235456,1,,,1
1900,'20260913',620,,235457,1,,,1,100,,235458,1,,,1,100,,235459,1,,,1,105,,235460,1,,,1,95,,235461,1,,,1,100,,235462,1,,,1,100,,235463,1,,,1,100,,235464,1,,,1,100,,235465,1,,,1,30,,235466,1,,,1,70,,235467,1,,,1,30,,235468,1,,,1,70,,235469,1,,,1,30,,235470,1,,,1,70,,235471,1,,,1,30,,235472,1,,,1,70,,235473,1,,,1,30,,235474,1,,,1,70,,235475,1,,,1,100,,235476,1,,,1,100,,235477,1,,,1,100,,235478,1,,,1,100,,235479,1,,,1
1900,'20260914',515,,235480,1,,,1,95,,235481,1,,,1,25,,235482,1,,,1,20,,235483,1,,,1,50,,235484,1,,,1,15,,235485,1,,,1,20,,235486,1,,,1,60,,235487,1,,,1,20,,235488,1,,,1,25,,235489,1,,,1,70,,235490,1,,,1,30,,235491,1,,,1,80,,235492,1,,,1,95,,235493,1,,,1,95,,235494,1,,,1,100,,235495,1,,,1,100,,235496,1,,,1,35,,235497,1,,,1,65,,235498,1,,,1,20,,235499,1,,,1,15,,235500,1,,,1,55,,235501,1,,,1,15,,235502,1,,,1,15,,235503,1,,,1,15,,235504,1,,,1,55,,235505,1,,,1,20,,235506,1,,,1,15,,235507,1,,,1,60,,235508,1,,,1,20,,235509,1,,,1,100,,235510,1,,,1,100,,235511,1,,,1,100,,235512,1,,,1,100,,235513,1,,,1,200,,235514,1,,,1
1900,'20260915',515,,235515,1,,,1,95,,235516,1,,,1,25,,235517,1,,,1,20,,235518,1,,,1,50,,235519,1,,,1,15,,235520,1,,,1,20,,235521,1,,,1,60,,235522,1,,,1,20,,235523,1,,,1,25,,235524,1,,,1,70,,235525,1,,,1,30,,235526,1,,,1,80,,235527,1,,,1,95,,235528,1,,,1,95,,235529,1,,,1,100,,235530,1,,,1,100,,235531,1,,,1,35,,235532,1,,,1,65,,235533,1,,,1,20,,235534,1,,,1,15,,235535,1,,,1,55,,235536,1,,,1,15,,235537,1,,,1,15,,235538,1,,,1,15,,235539,1,,,1,55,,235540,1,,,1,20,,235541,1,,,1,15,,235542,1,,,1,60,,235543,1,,,1,20,,235544,1,,,1,100,,235545,1,,,1,100,,235546,1,,,1,100,,235547,1,,,1,100,,235548,1,,,1,200,,235549,1,,,1
1900,'20260916',515,,235550,1,,,1,95,,235551,1,,,1,25,,235552,1,,,1,20,,235553,1,,,1,50,,235554,1,,,1,15,,235555,1,,,1,20,,235556,1,,,1,60,,235557,1,,,1,20,,235558,1,,,1,25,,235559,1,,,1,70,,235560,1,,,1,30,,235561,1,,,1,80,,235562,1,,,1,95,,235563,1,,,1,95,,235564,1,,,1,100,,235565,1,,,1,100,,235566,1,,,1,35,,235567,1,,,1,65,,235568,1,,,1,20,,235569,1,,,1,15,,235570,1,,,1,55,,235571,1,,,1,15,,235572,1,,,1,15,,235573,1,,,1,15,,235574,1,,,1,55,,235575,1,,,1,20,,235576,1,,,1,15,,235577,1,,,1,60,,235578,1,,,1,20,,235579,1,,,1,100,,235580,1,,,1,100,,235581,1,,,1,100,,235582,1,,,1,100,,235583,1,,,1,200,,235584,1,,,1
1900,'20260917',515,,235585,1,,,1,95,,235586,1,,,1,25,,235587,1,,,1,20,,235588,1,,,1,50,,235589,1,,,1,15,,235590,1,,,1,20,,235591,1,,,1,60,,235592,1,,,1,20,,235593,1,,,1,25,,235594,1,,,1,70,,235595,1,,,1,30,,235596,1,,,1,80,,235597,1,,,1,95,,235598,1,,,1,95,,235599,1,,,1,100,,235600,1,,,1,100,,235601,1,,,1,35,,235602,1,,,1,65,,235603,1,,,1,20,,235604,1,,,1,15,,235605,1,,,1,55,,235606,1,,,1,15,,235607,1,,,1,15,,235608,1,,,1,15,,235609,1,,,1,55,,235610,1,,,1,20,,235611,1,,,1,15,,235612,1,,,1,60,,235613,1,,,1,20,,235614,1,,,1,100,,235615,1,,,1,100,,235616,1,,,1,100,,235617,1,,,1,100,,235618,1,,,1,200,,235619,1,,,1
1900,'20260918',515,,235620,1,,,1,95,,235621,1,,,1,25,,235622,1,,,1,20,,235623,1,,,1,50,,235624,1,,,1,15,,235625,1,,,1,20,,235626,1,,,1,60,,235627,1,,,1,20,,235628,1,,,1,25,,235629,1,,,1,70,,235630,1,,,1,30,,235631,1,,,1,80,,235632,1,,,1,95,,235633,1,,,1,95,,235634,1,,,1,100,,235635,1,,,1,100,,235636,1,,,1,35,,235637,1,,,1,65,,235638,1,,,1,20,,235639,1,,,1,15,,235640,1,,,1,55,,235641,1,,,1,15,,235642,1,,,1,15,,235643,1,,,1,15,,235644,1,,,1,55,,235645,1,,,1,20,,235646,1,,,1,15,,235647,1,,,1,60,,235648,1,,,1,20,,235649,1,,,1,100,,235650,1,,,1,100,,235651,1,,,1,100,,235652,1,,,1,100,,235653,1,,,1,200,,235654,1,,,1
1900,'20260919',620,,235655,1,,,1,100,,235656,1,,,1,100,,235657,1,,,1,105,,235658,1,,,1,95,,235659,1,,,1,100,,235660,1,,,1,100,,235661,1,,,1,100,,235662,1,,,1,100,,235663,1,,,1,30,,235664,1,,,1,70,,235665,1,,,1,30,,235666,1,,,1,70,,235667,1,,,1,30,,235668,1,,,1,70,,235669,1,,,1,30,,235670,1,,,1,70,,235671,1,,,1,30,,235672,1,,,1,70,,235673,1,,,1,100,,235674,1,,,1,100,,235675,1,,,1,100,,235676,1,,,1,100,,235677,1,,,1
1900,'20260920',620,,235678,1,,,1,100,,235679,1,,,1,100,,235680,1,,,1,105,,235681,1,,,1,95,,235682,1,,,1,100,,235683,1,,,1,100,,235684,1,,,1,100,,235685,1,,,1,100,,235686,1,,,1,30,,235687,1,,,1,70,,235688,1,,,1,30,,235689,1,,,1,70,,235690,1,,,1,30,,235691,1,,,1,70,,235692,1,,,1,30,,235693,1,,,1,70,,235694,1,,,1,30,,235695,1,,,1,70,,235696,1,,,1,100,,235697,1,,,1,100,,235698,1,,,1,100,,235699,1,,,1,100,,235700,1,,,1
1900,'20260921',515,,235701,1,,,1,95,,235702,1,,,1,25,,235703,1,,,1,20,,235704,1,,,1,50,,235705,1,,,1,15,,235706,1,,,1,20,,235707,1,,,1,60,,235708,1,,,1,20,,235709,1,,,1,25,,235710,1,,,1,70,,235711,1,,,1,30,,235712,1,,,1,80,,235713,1,,,1,95,,235714,1,,,1,95,,235715,1,,,1,100,,235716,1,,,1,100,,235717,1,,,1,35,,235718,1,,,1,65,,235719,1,,,1,20,,235720,1,,,1,15,,235721,1,,,1,55,,235722,1,,,1,15,,235723,1,,,1,15,,235724,1,,,1,15,,235725,1,,,1,55,,235726,1,,,1,20,,235727,1,,,1,15,,235728,1,,,1,60,,235729,1,,,1,20,,235730,1,,,1,100,,235731,1,,,1,100,,235732,1,,,1,100,,235733,1,,,1,100,,235734,1,,,1,200,,235735,1,,,1
1900,'20260922',515,,235736,1,,,1,95,,235737,1,,,1,25,,235738,1,,,1,20,,235739,1,,,1,50,,235740,1,,,1,15,,235741,1,,,1,20,,235742,1,,,1,60,,235743,1,,,1,20,,235744,1,,,1,25,,235745,1,,,1,70,,235746,1,,,1,30,,235747,1,,,1,80,,235748,1,,,1,95,,235749,1,,,1,95,,235750,1,,,1,100,,235751,1,,,1,100,,235752,1,,,1,35,,235753,1,,,1,65,,235754,1,,,1,20,,235755,1,,,1,15,,235756,1,,,1,55,,235757,1,,,1,15,,235758,1,,,1,15,,235759,1,,,1,15,,235760,1,,,1,55,,235761,1,,,1,20,,235762,1,,,1,15,,235763,1,,,1,60,,235764,1,,,1,20,,235765,1,,,1,100,,235766,1,,,1,100,,235767,1,,,1,100,,235768,1,,,1,100,,235769,1,,,1,200,,235770,1,,,1
1900,'20260923',515,,235771,1,,,1,95,,235772,1,,,1,25,,235773,1,,,1,20,,235774,1,,,1,50,,235775,1,,,1,15,,235776,1,,,1,20,,235777,1,,,1,60,,235778,1,,,1,20,,235779,1,,,1,25,,235780,1,,,1,70,,235781,1,,,1,30,,235782,1,,,1,80,,235783,1,,,1,95,,235784,1,,,1,95,,235785,1,,,1,100,,235786,1,,,1,100,,235787,1,,,1,35,,235788,1,,,1,65,,235789,1,,,1,20,,235790,1,,,1,15,,235791,1,,,1,55,,235792,1,,,1,15,,235793,1,,,1,15,,235794,1,,,1,15,,235795,1,,,1,55,,235796,1,,,1,20,,235797,1,,,1,15,,235798,1,,,1,60,,235799,1,,,1,20,,235800,1,,,1,100,,235801,1,,,1,100,,235802,1,,,1,100,,235803,1,,,1,100,,235804,1,,,1,200,,235805,1,,,1
1900,'20260924',515,,235806,1,,,1,95,,235807,1,,,1,25,,235808,1,,,1,20,,235809,1,,,1,50,,235810,1,,,1,15,,235811,1,,,1,20,,235812,1,,,1,60,,235813,1,,,1,20,,235814,1,,,1,25,,235815,1,,,1,70,,235816,1,,,1,30,,235817,1,,,1,80,,235818,1,,,1,95,,235819,1,,,1,95,,235820,1,,,1,100,,235821,1,,,1,100,,235822,1,,,1,35,,235823,1,,,1,65,,235824,1,,,1,20,,235825,1,,,1,15,,235826,1,,,1,55,,235827,1,,,1,15,,235828,1,,,1,15,,235829,1,,,1,15,,235830,1,,,1,55,,235831,1,,,1,20,,235832,1,,,1,15,,235833,1,,,1,60,,235834,1,,,1,20,,235835,1,,,1,100,,235836,1,,,1,100,,235837,1,,,1,100,,235838,1,,,1,100,,235839,1,,,1,200,,235840,1,,,1
1900,'20260925',515,,235841,1,,,1,95,,235842,1,,,1,25,,235843,1,,,1,20,,235844,1,,,1,50,,235845,1,,,1,15,,235846,1,,,1,20,,235847,1,,,1,60,,235848,1,,,1,20,,235849,1,,,1,25,,235850,1,,,1,70,,235851,1,,,1,30,,235852,1,,,1,80,,235853,1,,,1,95,,235854,1,,,1,95,,235855,1,,,1,100,,235856,1,,,1,100,,235857,1,,,1,35,,235858,1,,,1,65,,235859,1,,,1,20,,235860,1,,,1,15,,235861,1,,,1,55,,235862,1,,,1,15,,235863,1,,,1,15,,235864,1,,,1,15,,235865,1,,,1,55,,235866,1,,,1,20,,235867,1,,,1,15,,235868,1,,,1,60,,235869,1,,,1,20,,235870,1,,,1,100,,235871,1,,,1,100,,235872,1,,,1,100,,235873,1,,,1,100,,235874,1,,,1,200,,235875,1,,,1
1900,'20260926',620,,235876,1,,,1,100,,235877,1,,,1,100,,235878,1,,,1,105,,235879,1,,,1,95,,235880,1,,,1,100,,235881,1,,,1,100,,235882,1,,,1,100,,235883,1,,,1,100,,235884,1,,,1,30,,235885,1,,,1,70,,235886,1,,,1,30,,235887,1,,,1,70,,235888,1,,,1,30,,235889,1,,,1,70,,235890,1,,,1,30,,235891,1,,,1,70,,235892,1,,,1,30,,235893,1,,,1,70,,235894,1,,,1,100,,235895,1,,,1,100,,235896,1,,,1,100,,235897,1,,,1,100,,235898,1,,,1
1900,'20260927',620,,235899,1,,,1,100,,235900,1,,,1,100,,235901,1,,,1,105,,235902,1,,,1,95,,235903,1,,,1,100,,235904,1,,,1,100,,235905,1,,,1,100,,235906,1,,,1,100,,235907,1,,,1,30,,235908,1,,,1,70,,235909,1,,,1,30,,235910,1,,,1,70,,235911,1,,,1,30,,235912,1,,,1,70,,235913,1,,,1,30,,235914,1,,,1,70,,235915,1,,,1,30,,235916,1,,,1,70,,235917,1,,,1,100,,235918,1,,,1,100,,235919,1,,,1,100,,235920,1,,,1,100,,235921,1,,,1
1900,'20260928',515,,235922,1,,,1,95,,235923,1,,,1,25,,235924,1,,,1,20,,235925,1,,,1,50,,235926,1,,,1,15,,235927,1,,,1,20,,235928,1,,,1,60,,235929,1,,,1,20,,235930,1,,,1,25,,235931,1,,,1,70,,235932,1,,,1,30,,235933,1,,,1,80,,235934,1,,,1,95,,235935,1,,,1,95,,235936,1,,,1,100,,235937,1,,,1,100,,235938,1,,,1,35,,235939,1,,,1,65,,235940,1,,,1,20,,235941,1,,,1,15,,235942,1,,,1,55,,235943,1,,,1,15,,235944,1,,,1,15,,235945,1,,,1,15,,235946,1,,,1,55,,235947,1,,,1,20,,235948,1,,,1,15,,235949,1,,,1,60,,235950,1,,,1,20,,235951,1,,,1,100,,235952,1,,,1,100,,235953,1,,,1,100,,235954,1,,,1,100,,235955,1,,,1,200,,235956,1,,,1
1900,'20260929',515,,235957,1,,,1,95,,235958,1,,,1,25,,235959,1,,,1,20,,235960,1,,,1,50,,235961,1,,,1,15,,235962,1,,,1,20,,235963,1,,,1,60,,235964,1,,,1,20,,235965,1,,,1,25,,235966,1,,,1,70,,235967,1,,,1,30,,235968,1,,,1,80,,235969,1,,,1,95,,235970,1,,,1,95,,235971,1,,,1,100,,235972,1,,,1,100,,235973,1,,,1,35,,235974,1,,,1,65,,235975,1,,,1,20,,235976,1,,,1,15,,235977,1,,,1,55,,235978,1,,,1,15,,235979,1,,,1,15,,235980,1,,,1,15,,235981,1,,,1,55,,235982,1,,,1,20,,235983,1,,,1,15,,235984,1,,,1,60,,235985,1,,,1,20,,235986,1,,,1,100,,235987,1,,,1,100,,235988,1,,,1,100,,235989,1,,,1,100,,235990,1,,,1,200,,235991,1,,,1
1900,'20260930',515,,235992,1,,,1,95,,235993,1,,,1,25,,235994,1,,,1,20,,235995,1,,,1,50,,235996,1,,,1,15,,235997,1,,,1,20,,235998,1,,,1,60,,235999,1,,,1,20,,236000,1,,,1,25,,236001,1,,,1,70,,236002,1,,,1,30,,236003,1,,,1,80,,236004,1,,,1,95,,236005,1,,,1,95,,236006,1,,,1,100,,236007,1,,,1,100,,236008,1,,,1,35,,236009,1,,,1,65,,236010,1,,,1,20,,236011,1,,,1,15,,236012,1,,,1,55,,236013,1,,,1,15,,236014,1,,,1,15,,236015,1,,,1,15,,236016,1,,,1,55,,236017,1,,,1,20,,236018,1,,,1,15,,236019,1,,,1,60,,236020,1,,,1,20,,236021,1,,,1,100,,236022,1,,,1,100,,236023,1,,,1,100,,236024,1,,,1,100,,236025,1,,,1,200,,236026,1,,,1
1900,'20261001',515,,236027,1,,,1,95,,236028,1,,,1,25,,236029,1,,,1,20,,236030,1,,,1,50,,236031,1,,,1,15,,236032,1,,,1,20,,236033,1,,,1,60,,236034,1,,,1,20,,236035,1,,,1,25,,236036,1,,,1,70,,236037,1,,,1,30,,236038,1,,,1,80,,236039,1,,,1,95,,236040,1,,,1,95,,236041,1,,,1,100,,236042,1,,,1,100,,236043,1,,,1,35,,236044,1,,,1,65,,236045,1,,,1,20,,236046,1,,,1,15,,236047,1,,,1,55,,236048,1,,,1,15,,236049,1,,,1,15,,236050,1,,,1,15,,236051,1,,,1,55,,236052,1,,,1,20,,236053,1,,,1,15,,236054,1,,,1,60,,236055,1,,,1,20,,236056,1,,,1,100,,236057,1,,,1,100,,236058,1,,,1,100,,236059,1,,,1,100,,236060,1,,,1,200,,236061,1,,,1
1900,'20261002',515,,236062,1,,,1,95,,236063,1,,,1,25,,236064,1,,,1,20,,236065,1,,,1,50,,236066,1,,,1,15,,236067,1,,,1,20,,236068,1,,,1,60,,236069,1,,,1,20,,236070,1,,,1,25,,236071,1,,,1,70,,236072,1,,,1,30,,236073,1,,,1,80,,236074,1,,,1,95,,236075,1,,,1,95,,236076,1,,,1,100,,236077,1,,,1,100,,236078,1,,,1,35,,236079,1,,,1,65,,236080,1,,,1,20,,236081,1,,,1,15,,236082,1,,,1,55,,236083,1,,,1,15,,236084,1,,,1,15,,236085,1,,,1,15,,236086,1,,,1,55,,236087,1,,,1,20,,236088,1,,,1,15,,236089,1,,,1,60,,236090,1,,,1,20,,236091,1,,,1,100,,236092,1,,,1,100,,236093,1,,,1,100,,236094,1,,,1,100,,236095,1,,,1,200,,236096,1,,,1
1900,'20261003',620,,236097,1,,,1,100,,236098,1,,,1,100,,236099,1,,,1,105,,236100,1,,,1,95,,236101,1,,,1,100,,236102,1,,,1,100,,236103,1,,,1,100,,236104,1,,,1,100,,236105,1,,,1,30,,236106,1,,,1,70,,236107,1,,,1,30,,236108,1,,,1,70,,236109,1,,,1,30,,236110,1,,,1,70,,236111,1,,,1,30,,236112,1,,,1,70,,236113,1,,,1,30,,236114,1,,,1,70,,236115,1,,,1,100,,236116,1,,,1,100,,236117,1,,,1,100,,236118,1,,,1,100,,236119,1,,,1
1900,'20261004',620,,236120,1,,,1,100,,236121,1,,,1,100,,236122,1,,,1,105,,236123,1,,,1,95,,236124,1,,,1,100,,236125,1,,,1,100,,236126,1,,,1,100,,236127,1,,,1,100,,236128,1,,,1,30,,236129,1,,,1,70,,236130,1,,,1,30,,236131,1,,,1,70,,236132,1,,,1,30,,236133,1,,,1,70,,236134,1,,,1,30,,236135,1,,,1,70,,236136,1,,,1,30,,236137,1,,,1,70,,236138,1,,,1,100,,236139,1,,,1,100,,236140,1,,,1,100,,236141,1,,,1,100,,236142,1,,,1
1900,'20261005',515,,236143,1,,,1,95,,236144,1,,,1,25,,236145,1,,,1,20,,236146,1,,,1,50,,236147,1,,,1,15,,236148,1,,,1,20,,236149,1,,,1,60,,236150,1,,,1,20,,236151,1,,,1,25,,236152,1,,,1,70,,236153,1,,,1,30,,236154,1,,,1,80,,236155,1,,,1,95,,236156,1,,,1,95,,236157,1,,,1,100,,236158,1,,,1,100,,236159,1,,,1,35,,236160,1,,,1,65,,236161,1,,,1,20,,236162,1,,,1,15,,236163,1,,,1,55,,236164,1,,,1,15,,236165,1,,,1,15,,236166,1,,,1,15,,236167,1,,,1,55,,236168,1,,,1,20,,236169,1,,,1,15,,236170,1,,,1,60,,236171,1,,,1,20,,236172,1,,,1,100,,236173,1,,,1,100,,236174,1,,,1,100,,236175,1,,,1,100,,236176,1,,,1,200,,236177,1,,,1
1900,'20261006',515,,236178,1,,,1,95,,236179,1,,,1,25,,236180,1,,,1,20,,236181,1,,,1,50,,236182,1,,,1,15,,236183,1,,,1,20,,236184,1,,,1,60,,236185,1,,,1,20,,236186,1,,,1,25,,236187,1,,,1,70,,236188,1,,,1,30,,236189,1,,,1,80,,236190,1,,,1,95,,236191,1,,,1,95,,236192,1,,,1,100,,236193,1,,,1,100,,236194,1,,,1,35,,236195,1,,,1,65,,236196,1,,,1,20,,236197,1,,,1,15,,236198,1,,,1,55,,236199,1,,,1,15,,236200,1,,,1,15,,236201,1,,,1,15,,236202,1,,,1,55,,236203,1,,,1,20,,236204,1,,,1,15,,236205,1,,,1,60,,236206,1,,,1,20,,236207,1,,,1,100,,236208,1,,,1,100,,236209,1,,,1,100,,236210,1,,,1,100,,236211,1,,,1,200,,236212,1,,,1
1900,'20261007',515,,236213,1,,,1,95,,236214,1,,,1,25,,236215,1,,,1,20,,236216,1,,,1,50,,236217,1,,,1,15,,236218,1,,,1,20,,236219,1,,,1,60,,236220,1,,,1,20,,236221,1,,,1,25,,236222,1,,,1,70,,236223,1,,,1,30,,236224,1,,,1,80,,236225,1,,,1,95,,236226,1,,,1,95,,236227,1,,,1,100,,236228,1,,,1,100,,236229,1,,,1,35,,236230,1,,,1,65,,236231,1,,,1,20,,236232,1,,,1,15,,236233,1,,,1,55,,236234,1,,,1,15,,236235,1,,,1,15,,236236,1,,,1,15,,236237,1,,,1,55,,236238,1,,,1,20,,236239,1,,,1,15,,236240,1,,,1,60,,236241,1,,,1,20,,236242,1,,,1,100,,236243,1,,,1,100,,236244,1,,,1,100,,236245,1,,,1,100,,236246,1,,,1,200,,236247,1,,,1
1900,'20261008',515,,236248,1,,,1,95,,236249,1,,,1,25,,236250,1,,,1,20,,236251,1,,,1,50,,236252,1,,,1,15,,236253,1,,,1,20,,236254,1,,,1,60,,236255,1,,,1,20,,236256,1,,,1,25,,236257,1,,,1,70,,236258,1,,,1,30,,236259,1,,,1,80,,236260,1,,,1,95,,236261,1,,,1,95,,236262,1,,,1,100,,236263,1,,,1,100,,236264,1,,,1,35,,236265,1,,,1,65,,236266,1,,,1,20,,236267,1,,,1,15,,236268,1,,,1,55,,236269,1,,,1,15,,236270,1,,,1,15,,236271,1,,,1,15,,236272,1,,,1,55,,236273,1,,,1,20,,236274,1,,,1,15,,236275,1,,,1,60,,236276,1,,,1,20,,236277,1,,,1,100,,236278,1,,,1,100,,236279,1,,,1,100,,236280,1,,,1,100,,236281,1,,,1,200,,236282,1,,,1
1900,'20261009',515,,236283,1,,,1,95,,236284,1,,,1,25,,236285,1,,,1,20,,236286,1,,,1,50,,236287,1,,,1,15,,236288,1,,,1,20,,236289,1,,,1,60,,236290,1,,,1,20,,236291,1,,,1,25,,236292,1,,,1,70,,236293,1,,,1,30,,236294,1,,,1,80,,236295,1,,,1,95,,236296,1,,,1,95,,236297,1,,,1,100,,236298,1,,,1,100,,236299,1,,,1,35,,236300,1,,,1,65,,236301,1,,,1,20,,236302,1,,,1,15,,236303,1,,,1,55,,236304,1,,,1,15,,236305,1,,,1,15,,236306,1,,,1,15,,236307,1,,,1,55,,236308,1,,,1,20,,236309,1,,,1,15,,236310,1,,,1,60,,236311,1,,,1,20,,236312,1,,,1,100,,236313,1,,,1,100,,236314,1,,,1,100,,236315,1,,,1,100,,236316,1,,,1,200,,236317,1,,,1
1900,'20261010',620,,236318,1,,,1,100,,236319,1,,,1,100,,236320,1,,,1,105,,236321,1,,,1,95,,236322,1,,,1,100,,236323,1,,,1,100,,236324,1,,,1,100,,236325,1,,,1,100,,236326,1,,,1,30,,236327,1,,,1,70,,236328,1,,,1,30,,236329,1,,,1,70,,236330,1,,,1,30,,236331,1,,,1,70,,236332,1,,,1,30,,236333,1,,,1,70,,236334,1,,,1,30,,236335,1,,,1,70,,236336,1,,,1,100,,236337,1,,,1,100,,236338,1,,,1,100,,236339,1,,,1,100,,236340,1,,,1
1900,'20261011',620,,236341,1,,,1,100,,236342,1,,,1,100,,236343,1,,,1,105,,236344,1,,,1,95,,236345,1,,,1,100,,236346,1,,,1,100,,236347,1,,,1,100,,236348,1,,,1,100,,236349,1,,,1,30,,236350,1,,,1,70,,236351,1,,,1,30,,236352,1,,,1,70,,236353,1,,,1,30,,236354,1,,,1,70,,236355,1,,,1,30,,236356,1,,,1,70,,236357,1,,,1,30,,236358,1,,,1,70,,236359,1,,,1,100,,236360,1,,,1,100,,236361,1,,,1,100,,236362,1,,,1,100,,236363,1,,,1
1900,'20261012',620,,236364,1,,,1,100,,236365,1,,,1,100,,236366,1,,,1,105,,236367,1,,,1,95,,236368,1,,,1,100,,236369,1,,,1,100,,236370,1,,,1,100,,236371,1,,,1,100,,236372,1,,,1,30,,236373,1,,,1,70,,236374,1,,,1,30,,236375,1,,,1,70,,236376,1,,,1,30,,236377,1,,,1,70,,236378,1,,,1,30,,236379,1,,,1,70,,236380,1,,,1,30,,236381,1,,,1,70,,236382,1,,,1,100,,236383,1,,,1,100,,236384,1,,,1,100,,236385,1,,,1,100,,236386,1,,,1
1900,'20261013',515,,236387,1,,,1,95,,236388,1,,,1,25,,236389,1,,,1,20,,236390,1,,,1,50,,236391,1,,,1,15,,236392,1,,,1,20,,236393,1,,,1,60,,236394,1,,,1,20,,236395,1,,,1,25,,236396,1,,,1,70,,236397,1,,,1,30,,236398,1,,,1,80,,236399,1,,,1,95,,236400,1,,,1,95,,236401,1,,,1,100,,236402,1,,,1,100,,236403,1,,,1,35,,236404,1,,,1,65,,236405,1,,,1,20,,236406,1,,,1,15,,236407,1,,,1,55,,236408,1,,,1,15,,236409,1,,,1,15,,236410,1,,,1,15,,236411,1,,,1,55,,236412,1,,,1,20,,236413,1,,,1,15,,236414,1,,,1,60,,236415,1,,,1,20,,236416,1,,,1,100,,236417,1,,,1,100,,236418,1,,,1,100,,236419,1,,,1,100,,236420,1,,,1,200,,236421,1,,,1
1900,'20261014',515,,236422,1,,,1,95,,236423,1,,,1,25,,236424,1,,,1,20,,236425,1,,,1,50,,236426,1,,,1,15,,236427,1,,,1,20,,236428,1,,,1,60,,236429,1,,,1,20,,236430,1,,,1,25,,236431,1,,,1,70,,236432,1,,,1,30,,236433,1,,,1,80,,236434,1,,,1,95,,236435,1,,,1,95,,236436,1,,,1,100,,236437,1,,,1,100,,236438,1,,,1,35,,236439,1,,,1,65,,236440,1,,,1,20,,236441,1,,,1,15,,236442,1,,,1,55,,236443,1,,,1,15,,236444,1,,,1,15,,236445,1,,,1,15,,236446,1,,,1,55,,236447,1,,,1,20,,236448,1,,,1,15,,236449,1,,,1,60,,236450,1,,,1,20,,236451,1,,,1,100,,236452,1,,,1,100,,236453,1,,,1,100,,236454,1,,,1,100,,236455,1,,,1,200,,236456,1,,,1
1900,'20261015',515,,236457,1,,,1,95,,236458,1,,,1,25,,236459,1,,,1,20,,236460,1,,,1,50,,236461,1,,,1,15,,236462,1,,,1,20,,236463,1,,,1,60,,236464,1,,,1,20,,236465,1,,,1,25,,236466,1,,,1,70,,236467,1,,,1,30,,236468,1,,,1,80,,236469,1,,,1,95,,236470,1,,,1,95,,236471,1,,,1,100,,236472,1,,,1,100,,236473,1,,,1,35,,236474,1,,,1,65,,236475,1,,,1,20,,236476,1,,,1,15,,236477,1,,,1,55,,236478,1,,,1,15,,236479,1,,,1,15,,236480,1,,,1,15,,236481,1,,,1,55,,236482,1,,,1,20,,236483,1,,,1,15,,236484,1,,,1,60,,236485,1,,,1,20,,236486,1,,,1,100,,236487,1,,,1,100,,236488,1,,,1,100,,236489,1,,,1,100,,236490,1,,,1,200,,236491,1,,,1
1900,'20261016',515,,236492,1,,,1,95,,236493,1,,,1,25,,236494,1,,,1,20,,236495,1,,,1,50,,236496,1,,,1,15,,236497,1,,,1,20,,236498,1,,,1,60,,236499,1,,,1,20,,236500,1,,,1,25,,236501,1,,,1,70,,236502,1,,,1,30,,236503,1,,,1,80,,236504,1,,,1,95,,236505,1,,,1,95,,236506,1,,,1,100,,236507,1,,,1,100,,236508,1,,,1,35,,236509,1,,,1,65,,236510,1,,,1,20,,236511,1,,,1,15,,236512,1,,,1,55,,236513,1,,,1,15,,236514,1,,,1,15,,236515,1,,,1,15,,236516,1,,,1,55,,236517,1,,,1,20,,236518,1,,,1,15,,236519,1,,,1,60,,236520,1,,,1,20,,236521,1,,,1,100,,236522,1,,,1,100,,236523,1,,,1,100,,236524,1,,,1,100,,236525,1,,,1,200,,236526,1,,,1
1900,'20261017',620,,236527,1,,,1,100,,236528,1,,,1,100,,236529,1,,,1,105,,236530,1,,,1,95,,236531,1,,,1,100,,236532,1,,,1,100,,236533,1,,,1,100,,236534,1,,,1,100,,236535,1,,,1,30,,236536,1,,,1,70,,236537,1,,,1,30,,236538,1,,,1,70,,236539,1,,,1,30,,236540,1,,,1,70,,236541,1,,,1,30,,236542,1,,,1,70,,236543,1,,,1,30,,236544,1,,,1,70,,236545,1,,,1,100,,236546,1,,,1,100,,236547,1,,,1,100,,236548,1,,,1,100,,236549,1,,,1
1900,'20261018',620,,236550,1,,,1,100,,236551,1,,,1,100,,236552,1,,,1,105,,236553,1,,,1,95,,236554,1,,,1,100,,236555,1,,,1,100,,236556,1,,,1,100,,236557,1,,,1,100,,236558,1,,,1,30,,236559,1,,,1,70,,236560,1,,,1,30,,236561,1,,,1,70,,236562,1,,,1,30,,236563,1,,,1,70,,236564,1,,,1,30,,236565,1,,,1,70,,236566,1,,,1,30,,236567,1,,,1,70,,236568,1,,,1,100,,236569,1,,,1,100,,236570,1,,,1,100,,236571,1,,,1,100,,236572,1,,,1
1900,'20261019',515,,236573,1,,,1,95,,236574,1,,,1,25,,236575,1,,,1,20,,236576,1,,,1,50,,236577,1,,,1,15,,236578,1,,,1,20,,236579,1,,,1,60,,236580,1,,,1,20,,236581,1,,,1,25,,236582,1,,,1,70,,236583,1,,,1,30,,236584,1,,,1,80,,236585,1,,,1,95,,236586,1,,,1,95,,236587,1,,,1,100,,236588,1,,,1,100,,236589,1,,,1,35,,236590,1,,,1,65,,236591,1,,,1,20,,236592,1,,,1,15,,236593,1,,,1,55,,236594,1,,,1,15,,236595,1,,,1,15,,236596,1,,,1,15,,236597,1,,,1,55,,236598,1,,,1,20,,236599,1,,,1,15,,236600,1,,,1,60,,236601,1,,,1,20,,236602,1,,,1,100,,236603,1,,,1,100,,236604,1,,,1,100,,236605,1,,,1,100,,236606,1,,,1,200,,236607,1,,,1
1900,'20261020',515,,236608,1,,,1,95,,236609,1,,,1,25,,236610,1,,,1,20,,236611,1,,,1,50,,236612,1,,,1,15,,236613,1,,,1,20,,236614,1,,,1,60,,236615,1,,,1,20,,236616,1,,,1,25,,236617,1,,,1,70,,236618,1,,,1,30,,236619,1,,,1,80,,236620,1,,,1,95,,236621,1,,,1,95,,236622,1,,,1,100,,236623,1,,,1,100,,236624,1,,,1,35,,236625,1,,,1,65,,236626,1,,,1,20,,236627,1,,,1,15,,236628,1,,,1,55,,236629,1,,,1,15,,236630,1,,,1,15,,236631,1,,,1,15,,236632,1,,,1,55,,236633,1,,,1,20,,236634,1,,,1,15,,236635,1,,,1,60,,236636,1,,,1,20,,236637,1,,,1,100,,236638,1,,,1,100,,236639,1,,,1,100,,236640,1,,,1,100,,236641,1,,,1,200,,236642,1,,,1
1900,'20261021',515,,236643,1,,,1,95,,236644,1,,,1,25,,236645,1,,,1,20,,236646,1,,,1,50,,236647,1,,,1,15,,236648,1,,,1,20,,236649,1,,,1,60,,236650,1,,,1,20,,236651,1,,,1,25,,236652,1,,,1,70,,236653,1,,,1,30,,236654,1,,,1,80,,236655,1,,,1,95,,236656,1,,,1,95,,236657,1,,,1,100,,236658,1,,,1,100,,236659,1,,,1,35,,236660,1,,,1,65,,236661,1,,,1,20,,236662,1,,,1,15,,236663,1,,,1,55,,236664,1,,,1,15,,236665,1,,,1,15,,236666,1,,,1,15,,236667,1,,,1,55,,236668,1,,,1,20,,236669,1,,,1,15,,236670,1,,,1,60,,236671,1,,,1,20,,236672,1,,,1,100,,236673,1,,,1,100,,236674,1,,,1,100,,236675,1,,,1,100,,236676,1,,,1,200,,236677,1,,,1
1900,'20261022',515,,236678,1,,,1,95,,236679,1,,,1,25,,236680,1,,,1,20,,236681,1,,,1,50,,236682,1,,,1,15,,236683,1,,,1,20,,236684,1,,,1,60,,236685,1,,,1,20,,236686,1,,,1,25,,236687,1,,,1,70,,236688,1,,,1,30,,236689,1,,,1,80,,236690,1,,,1,95,,236691,1,,,1,95,,236692,1,,,1,100,,236693,1,,,1,100,,236694,1,,,1,35,,236695,1,,,1,65,,236696,1,,,1,20,,236697,1,,,1,15,,236698,1,,,1,55,,236699,1,,,1,15,,236700,1,,,1,15,,236701,1,,,1,15,,236702,1,,,1,55,,236703,1,,,1,20,,236704,1,,,1,15,,236705,1,,,1,60,,236706,1,,,1,20,,236707,1,,,1,100,,236708,1,,,1,100,,236709,1,,,1,100,,236710,1,,,1,100,,236711,1,,,1,200,,236712,1,,,1
1900,'20261023',515,,236713,1,,,1,95,,236714,1,,,1,25,,236715,1,,,1,20,,236716,1,,,1,50,,236717,1,,,1,15,,236718,1,,,1,20,,236719,1,,,1,60,,236720,1,,,1,20,,236721,1,,,1,25,,236722,1,,,1,70,,236723,1,,,1,30,,236724,1,,,1,80,,236725,1,,,1,95,,236726,1,,,1,95,,236727,1,,,1,100,,236728,1,,,1,100,,236729,1,,,1,35,,236730,1,,,1,65,,236731,1,,,1,20,,236732,1,,,1,15,,236733,1,,,1,55,,236734,1,,,1,15,,236735,1,,,1,15,,236736,1,,,1,15,,236737,1,,,1,55,,236738,1,,,1,20,,236739,1,,,1,15,,236740,1,,,1,60,,236741,1,,,1,20,,236742,1,,,1,100,,236743,1,,,1,100,,236744,1,,,1,100,,236745,1,,,1,100,,236746,1,,,1,200,,236747,1,,,1
1900,'20261024',620,,236748,1,,,1,100,,236749,1,,,1,100,,236750,1,,,1,105,,236751,1,,,1,95,,236752,1,,,1,100,,236753,1,,,1,100,,236754,1,,,1,100,,236755,1,,,1,100,,236756,1,,,1,30,,236757,1,,,1,70,,236758,1,,,1,30,,236759,1,,,1,70,,236760,1,,,1,30,,236761,1,,,1,70,,236762,1,,,1,30,,236763,1,,,1,70,,236764,1,,,1,30,,236765,1,,,1,70,,236766,1,,,1,100,,236767,1,,,1,100,,236768,1,,,1,100,,236769,1,,,1,100,,236770,1,,,1
1900,'20261025',620,,236771,1,,,1,100,,236772,1,,,1,100,,236773,1,,,1,105,,236774,1,,,1,95,,236775,1,,,1,100,,236776,1,,,1,100,,236777,1,,,1,100,,236778,1,,,1,100,,236779,1,,,1,30,,236780,1,,,1,70,,236781,1,,,1,30,,236782,1,,,1,70,,236783,1,,,1,30,,236784,1,,,1,70,,236785,1,,,1,30,,236786,1,,,1,70,,236787,1,,,1,30,,236788,1,,,1,70,,236789,1,,,1,100,,236790,1,,,1,100,,236791,1,,,1,100,,236792,1,,,1,100,,236793,1,,,1
1900,'20261026',515,,236794,1,,,1,95,,236795,1,,,1,25,,236796,1,,,1,20,,236797,1,,,1,50,,236798,1,,,1,15,,236799,1,,,1,20,,236800,1,,,1,60,,236801,1,,,1,20,,236802,1,,,1,25,,236803,1,,,1,70,,236804,1,,,1,30,,236805,1,,,1,80,,236806,1,,,1,95,,236807,1,,,1,95,,236808,1,,,1,100,,236809,1,,,1,100,,236810,1,,,1,35,,236811,1,,,1,65,,236812,1,,,1,20,,236813,1,,,1,15,,236814,1,,,1,55,,236815,1,,,1,15,,236816,1,,,1,15,,236817,1,,,1,15,,236818,1,,,1,55,,236819,1,,,1,20,,236820,1,,,1,15,,236821,1,,,1,60,,236822,1,,,1,20,,236823,1,,,1,100,,236824,1,,,1,100,,236825,1,,,1,100,,236826,1,,,1,100,,236827,1,,,1,200,,236828,1,,,1
1900,'20261027',515,,236829,1,,,1,95,,236830,1,,,1,25,,236831,1,,,1,20,,236832,1,,,1,50,,236833,1,,,1,15,,236834,1,,,1,20,,236835,1,,,1,60,,236836,1,,,1,20,,236837,1,,,1,25,,236838,1,,,1,70,,236839,1,,,1,30,,236840,1,,,1,80,,236841,1,,,1,95,,236842,1,,,1,95,,236843,1,,,1,100,,236844,1,,,1,100,,236845,1,,,1,35,,236846,1,,,1,65,,236847,1,,,1,20,,236848,1,,,1,15,,236849,1,,,1,55,,236850,1,,,1,15,,236851,1,,,1,15,,236852,1,,,1,15,,236853,1,,,1,55,,236854,1,,,1,20,,236855,1,,,1,15,,236856,1,,,1,60,,236857,1,,,1,20,,236858,1,,,1,100,,236859,1,,,1,100,,236860,1,,,1,100,,236861,1,,,1,100,,236862,1,,,1,200,,236863,1,,,1
1900,'20261028',515,,236864,1,,,1,95,,236865,1,,,1,25,,236866,1,,,1,20,,236867,1,,,1,50,,236868,1,,,1,15,,236869,1,,,1,20,,236870,1,,,1,60,,236871,1,,,1,20,,236872,1,,,1,25,,236873,1,,,1,70,,236874,1,,,1,30,,236875,1,,,1,80,,236876,1,,,1,95,,236877,1,,,1,95,,236878,1,,,1,100,,236879,1,,,1,100,,236880,1,,,1,35,,236881,1,,,1,65,,236882,1,,,1,20,,236883,1,,,1,15,,236884,1,,,1,55,,236885,1,,,1,15,,236886,1,,,1,15,,236887,1,,,1,15,,236888,1,,,1,55,,236889,1,,,1,20,,236890,1,,,1,15,,236891,1,,,1,60,,236892,1,,,1,20,,236893,1,,,1,100,,236894,1,,,1,100,,236895,1,,,1,100,,236896,1,,,1,100,,236897,1,,,1,200,,236898,1,,,1
1900,'20261029',515,,236899,1,,,1,95,,236900,1,,,1,25,,236901,1,,,1,20,,236902,1,,,1,50,,236903,1,,,1,15,,236904,1,,,1,20,,236905,1,,,1,60,,236906,1,,,1,20,,236907,1,,,1,25,,236908,1,,,1,70,,236909,1,,,1,30,,236910,1,,,1,80,,236911,1,,,1,95,,236912,1,,,1,95,,236913,1,,,1,100,,236914,1,,,1,100,,236915,1,,,1,35,,236916,1,,,1,65,,236917,1,,,1,20,,236918,1,,,1,15,,236919,1,,,1,55,,236920,1,,,1,15,,236921,1,,,1,15,,236922,1,,,1,15,,236923,1,,,1,55,,236924,1,,,1,20,,236925,1,,,1,15,,236926,1,,,1,60,,236927,1,,,1,20,,236928,1,,,1,100,,236929,1,,,1,100,,236930,1,,,1,100,,236931,1,,,1,100,,236932,1,,,1,200,,236933,1,,,1
1900,'20261030',515,,236934,1,,,1,95,,236935,1,,,1,25,,236936,1,,,1,20,,236937,1,,,1,50,,236938,1,,,1,15,,236939,1,,,1,20,,236940,1,,,1,60,,236941,1,,,1,20,,236942,1,,,1,25,,236943,1,,,1,70,,236944,1,,,1,30,,236945,1,,,1,80,,236946,1,,,1,95,,236947,1,,,1,95,,236948,1,,,1,100,,236949,1,,,1,100,,236950,1,,,1,35,,236951,1,,,1,65,,236952,1,,,1,20,,236953,1,,,1,15,,236954,1,,,1,55,,236955,1,,,1,15,,236956,1,,,1,15,,236957,1,,,1,15,,236958,1,,,1,55,,236959,1,,,1,20,,236960,1,,,1,15,,236961,1,,,1,60,,236962,1,,,1,20,,236963,1,,,1,100,,236964,1,,,1,100,,236965,1,,,1,100,,236966,1,,,1,100,,236967,1,,,1,200,,236968,1,,,1
1900,'20261031',620,,236969,1,,,1,100,,236970,1,,,1,100,,236971,1,,,1,105,,236972,1,,,1,95,,236973,1,,,1,100,,236974,1,,,1,100,,236975,1,,,1,100,,236976,1,,,1,100,,236977,1,,,1,30,,236978,1,,,1,70,,236979,1,,,1,30,,236980,1,,,1,70,,236981,1,,,1,30,,236982,1,,,1,70,,236983,1,,,1,30,,236984,1,,,1,70,,236985,1,,,1,30,,236986,1,,,1,70,,236987,1,,,1,100,,236988,1,,,1,100,,236989,1,,,1,100,,236990,1,,,1,100,,236991,1,,,1
1900,'20261101',620,,236992,1,,,1,100,,236993,1,,,1,100,,236994,1,,,1,105,,236995,1,,,1,95,,236996,1,,,1,100,,236997,1,,,1,100,,236998,1,,,1,100,,236999,1,,,1,100,,237000,1,,,1,30,,237001,1,,,1,70,,237002,1,,,1,30,,237003,1,,,1,70,,237004,1,,,1,30,,237005,1,,,1,70,,237006,1,,,1,30,,237007,1,,,1,70,,237008,1,,,1,30,,237009,1,,,1,70,,237010,1,,,1,100,,237011,1,,,1,100,,237012,1,,,1,100,,237013,1,,,1,100,,237014,1,,,1
1900,'20261102',515,,237015,1,,,1,95,,237016,1,,,1,25,,237017,1,,,1,20,,237018,1,,,1,50,,237019,1,,,1,15,,237020,1,,,1,20,,237021,1,,,1,60,,237022,1,,,1,20,,237023,1,,,1,25,,237024,1,,,1,70,,237025,1,,,1,30,,237026,1,,,1,80,,237027,1,,,1,95,,237028,1,,,1,95,,237029,1,,,1,100,,237030,1,,,1,100,,237031,1,,,1,35,,237032,1,,,1,65,,237033,1,,,1,20,,237034,1,,,1,15,,237035,1,,,1,55,,237036,1,,,1,15,,237037,1,,,1,15,,237038,1,,,1,15,,237039,1,,,1,55,,237040,1,,,1,20,,237041,1,,,1,15,,237042,1,,,1,60,,237043,1,,,1,20,,237044,1,,,1,100,,237045,1,,,1,100,,237046,1,,,1,100,,237047,1,,,1,100,,237048,1,,,1,200,,237049,1,,,1
1900,'20261103',515,,237050,1,,,1,95,,237051,1,,,1,25,,237052,1,,,1,20,,237053,1,,,1,50,,237054,1,,,1,15,,237055,1,,,1,20,,237056,1,,,1,60,,237057,1,,,1,20,,237058,1,,,1,25,,237059,1,,,1,70,,237060,1,,,1,30,,237061,1,,,1,80,,237062,1,,,1,95,,237063,1,,,1,95,,237064,1,,,1,100,,237065,1,,,1,100,,237066,1,,,1,35,,237067,1,,,1,65,,237068,1,,,1,20,,237069,1,,,1,15,,237070,1,,,1,55,,237071,1,,,1,15,,237072,1,,,1,15,,237073,1,,,1,15,,237074,1,,,1,55,,237075,1,,,1,20,,237076,1,,,1,15,,237077,1,,,1,60,,237078,1,,,1,20,,237079,1,,,1,100,,237080,1,,,1,100,,237081,1,,,1,100,,237082,1,,,1,100,,237083,1,,,1,200,,237084,1,,,1
1900,'20261104',515,,237085,1,,,1,95,,237086,1,,,1,25,,237087,1,,,1,20,,237088,1,,,1,50,,237089,1,,,1,15,,237090,1,,,1,20,,237091,1,,,1,60,,237092,1,,,1,20,,237093,1,,,1,25,,237094,1,,,1,70,,237095,1,,,1,30,,237096,1,,,1,80,,237097,1,,,1,95,,237098,1,,,1,95,,237099,1,,,1,100,,237100,1,,,1,100,,237101,1,,,1,35,,237102,1,,,1,65,,237103,1,,,1,20,,237104,1,,,1,15,,237105,1,,,1,55,,237106,1,,,1,15,,237107,1,,,1,15,,237108,1,,,1,15,,237109,1,,,1,55,,237110,1,,,1,20,,237111,1,,,1,15,,237112,1,,,1,60,,237113,1,,,1,20,,237114,1,,,1,100,,237115,1,,,1,100,,237116,1,,,1,100,,237117,1,,,1,100,,237118,1,,,1,200,,237119,1,,,1
1900,'20261105',515,,237120,1,,,1,95,,237121,1,,,1,25,,237122,1,,,1,20,,237123,1,,,1,50,,237124,1,,,1,15,,237125,1,,,1,20,,237126,1,,,1,60,,237127,1,,,1,20,,237128,1,,,1,25,,237129,1,,,1,70,,237130,1,,,1,30,,237131,1,,,1,80,,237132,1,,,1,95,,237133,1,,,1,95,,237134,1,,,1,100,,237135,1,,,1,100,,237136,1,,,1,35,,237137,1,,,1,65,,237138,1,,,1,20,,237139,1,,,1,15,,237140,1,,,1,55,,237141,1,,,1,15,,237142,1,,,1,15,,237143,1,,,1,15,,237144,1,,,1,55,,237145,1,,,1,20,,237146,1,,,1,15,,237147,1,,,1,60,,237148,1,,,1,20,,237149,1,,,1,100,,237150,1,,,1,100,,237151,1,,,1,100,,237152,1,,,1,100,,237153,1,,,1,200,,237154,1,,,1
1900,'20261106',515,,237155,1,,,1,95,,237156,1,,,1,25,,237157,1,,,1,20,,237158,1,,,1,50,,237159,1,,,1,15,,237160,1,,,1,20,,237161,1,,,1,60,,237162,1,,,1,20,,237163,1,,,1,25,,237164,1,,,1,70,,237165,1,,,1,30,,237166,1,,,1,80,,237167,1,,,1,95,,237168,1,,,1,95,,237169,1,,,1,100,,237170,1,,,1,100,,237171,1,,,1,35,,237172,1,,,1,65,,237173,1,,,1,20,,237174,1,,,1,15,,237175,1,,,1,55,,237176,1,,,1,15,,237177,1,,,1,15,,237178,1,,,1,15,,237179,1,,,1,55,,237180,1,,,1,20,,237181,1,,,1,15,,237182,1,,,1,60,,237183,1,,,1,20,,237184,1,,,1,100,,237185,1,,,1,100,,237186,1,,,1,100,,237187,1,,,1,100,,237188,1,,,1,200,,237189,1,,,1
1900,'20261107',620,,237190,1,,,1,100,,237191,1,,,1,100,,237192,1,,,1,105,,237193,1,,,1,95,,237194,1,,,1,100,,237195,1,,,1,100,,237196,1,,,1,100,,237197,1,,,1,100,,237198,1,,,1,30,,237199,1,,,1,70,,237200,1,,,1,30,,237201,1,,,1,70,,237202,1,,,1,30,,237203,1,,,1,70,,237204,1,,,1,30,,237205,1,,,1,70,,237206,1,,,1,30,,237207,1,,,1,70,,237208,1,,,1,100,,237209,1,,,1,100,,237210,1,,,1,100,,237211,1,,,1,100,,237212,1,,,1
1900,'20261108',620,,237213,1,,,1,100,,237214,1,,,1,100,,237215,1,,,1,105,,237216,1,,,1,95,,237217,1,,,1,100,,237218,1,,,1,100,,237219,1,,,1,100,,237220,1,,,1,100,,237221,1,,,1,30,,237222,1,,,1,70,,237223,1,,,1,30,,237224,1,,,1,70,,237225,1,,,1,30,,237226,1,,,1,70,,237227,1,,,1,30,,237228,1,,,1,70,,237229,1,,,1,30,,237230,1,,,1,70,,237231,1,,,1,100,,237232,1,,,1,100,,237233,1,,,1,100,,237234,1,,,1,100,,237235,1,,,1
1900,'20261109',515,,237236,1,,,1,95,,237237,1,,,1,25,,237238,1,,,1,20,,237239,1,,,1,50,,237240,1,,,1,15,,237241,1,,,1,20,,237242,1,,,1,60,,237243,1,,,1,20,,237244,1,,,1,25,,237245,1,,,1,70,,237246,1,,,1,30,,237247,1,,,1,80,,237248,1,,,1,95,,237249,1,,,1,95,,237250,1,,,1,100,,237251,1,,,1,100,,237252,1,,,1,35,,237253,1,,,1,65,,237254,1,,,1,20,,237255,1,,,1,15,,237256,1,,,1,55,,237257,1,,,1,15,,237258,1,,,1,15,,237259,1,,,1,15,,237260,1,,,1,55,,237261,1,,,1,20,,237262,1,,,1,15,,237263,1,,,1,60,,237264,1,,,1,20,,237265,1,,,1,100,,237266,1,,,1,100,,237267,1,,,1,100,,237268,1,,,1,100,,237269,1,,,1,200,,237270,1,,,1
1900,'20261110',515,,237271,1,,,1,95,,237272,1,,,1,25,,237273,1,,,1,20,,237274,1,,,1,50,,237275,1,,,1,15,,237276,1,,,1,20,,237277,1,,,1,60,,237278,1,,,1,20,,237279,1,,,1,25,,237280,1,,,1,70,,237281,1,,,1,30,,237282,1,,,1,80,,237283,1,,,1,95,,237284,1,,,1,95,,237285,1,,,1,100,,237286,1,,,1,100,,237287,1,,,1,35,,237288,1,,,1,65,,237289,1,,,1,20,,237290,1,,,1,15,,237291,1,,,1,55,,237292,1,,,1,15,,237293,1,,,1,15,,237294,1,,,1,15,,237295,1,,,1,55,,237296,1,,,1,20,,237297,1,,,1,15,,237298,1,,,1,60,,237299,1,,,1,20,,237300,1,,,1,100,,237301,1,,,1,100,,237302,1,,,1,100,,237303,1,,,1,100,,237304,1,,,1,200,,237305,1,,,1
1900,'20261111',515,,237306,1,,,1,95,,237307,1,,,1,25,,237308,1,,,1,20,,237309,1,,,1,50,,237310,1,,,1,15,,237311,1,,,1,20,,237312,1,,,1,60,,237313,1,,,1,20,,237314,1,,,1,25,,237315,1,,,1,70,,237316,1,,,1,30,,237317,1,,,1,80,,237318,1,,,1,95,,237319,1,,,1,95,,237320,1,,,1,100,,237321,1,,,1,100,,237322,1,,,1,35,,237323,1,,,1,65,,237324,1,,,1,20,,237325,1,,,1,15,,237326,1,,,1,55,,237327,1,,,1,15,,237328,1,,,1,15,,237329,1,,,1,15,,237330,1,,,1,55,,237331,1,,,1,20,,237332,1,,,1,15,,237333,1,,,1,60,,237334,1,,,1,20,,237335,1,,,1,100,,237336,1,,,1,100,,237337,1,,,1,100,,237338,1,,,1,100,,237339,1,,,1,200,,237340,1,,,1
1900,'20261112',515,,237341,1,,,1,95,,237342,1,,,1,25,,237343,1,,,1,20,,237344,1,,,1,50,,237345,1,,,1,15,,237346,1,,,1,20,,237347,1,,,1,60,,237348,1,,,1,20,,237349,1,,,1,25,,237350,1,,,1,70,,237351,1,,,1,30,,237352,1,,,1,80,,237353,1,,,1,95,,237354,1,,,1,95,,237355,1,,,1,100,,237356,1,,,1,100,,237357,1,,,1,35,,237358,1,,,1,65,,237359,1,,,1,20,,237360,1,,,1,15,,237361,1,,,1,55,,237362,1,,,1,15,,237363,1,,,1,15,,237364,1,,,1,15,,237365,1,,,1,55,,237366,1,,,1,20,,237367,1,,,1,15,,237368,1,,,1,60,,237369,1,,,1,20,,237370,1,,,1,100,,237371,1,,,1,100,,237372,1,,,1,100,,237373,1,,,1,100,,237374,1,,,1,200,,237375,1,,,1
1900,'20261113',515,,237376,1,,,1,95,,237377,1,,,1,25,,237378,1,,,1,20,,237379,1,,,1,50,,237380,1,,,1,15,,237381,1,,,1,20,,237382,1,,,1,60,,237383,1,,,1,20,,237384,1,,,1,25,,237385,1,,,1,70,,237386,1,,,1,30,,237387,1,,,1,80,,237388,1,,,1,95,,237389,1,,,1,95,,237390,1,,,1,100,,237391,1,,,1,100,,237392,1,,,1,35,,237393,1,,,1,65,,237394,1,,,1,20,,237395,1,,,1,15,,237396,1,,,1,55,,237397,1,,,1,15,,237398,1,,,1,15,,237399,1,,,1,15,,237400,1,,,1,55,,237401,1,,,1,20,,237402,1,,,1,15,,237403,1,,,1,60,,237404,1,,,1,20,,237405,1,,,1,100,,237406,1,,,1,100,,237407,1,,,1,100,,237408,1,,,1,100,,237409,1,,,1,200,,237410,1,,,1
1900,'20261114',620,,237411,1,,,1,100,,237412,1,,,1,100,,237413,1,,,1,105,,237414,1,,,1,95,,237415,1,,,1,100,,237416,1,,,1,100,,237417,1,,,1,100,,237418,1,,,1,100,,237419,1,,,1,30,,237420,1,,,1,70,,237421,1,,,1,30,,237422,1,,,1,70,,237423,1,,,1,30,,237424,1,,,1,70,,237425,1,,,1,30,,237426,1,,,1,70,,237427,1,,,1,30,,237428,1,,,1,70,,237429,1,,,1,100,,237430,1,,,1,100,,237431,1,,,1,100,,237432,1,,,1,100,,237433,1,,,1
1900,'20261115',620,,237434,1,,,1,100,,237435,1,,,1,100,,237436,1,,,1,105,,237437,1,,,1,95,,237438,1,,,1,100,,237439,1,,,1,100,,237440,1,,,1,100,,237441,1,,,1,100,,237442,1,,,1,30,,237443,1,,,1,70,,237444,1,,,1,30,,237445,1,,,1,70,,237446,1,,,1,30,,237447,1,,,1,70,,237448,1,,,1,30,,237449,1,,,1,70,,237450,1,,,1,30,,237451,1,,,1,70,,237452,1,,,1,100,,237453,1,,,1,100,,237454,1,,,1,100,,237455,1,,,1,100,,237456,1,,,1
1900,'20261116',515,,237457,1,,,1,95,,237458,1,,,1,25,,237459,1,,,1,20,,237460,1,,,1,50,,237461,1,,,1,15,,237462,1,,,1,20,,237463,1,,,1,60,,237464,1,,,1,20,,237465,1,,,1,25,,237466,1,,,1,70,,237467,1,,,1,30,,237468,1,,,1,80,,237469,1,,,1,95,,237470,1,,,1,95,,237471,1,,,1,100,,237472,1,,,1,100,,237473,1,,,1,35,,237474,1,,,1,65,,237475,1,,,1,20,,237476,1,,,1,15,,237477,1,,,1,55,,237478,1,,,1,15,,237479,1,,,1,15,,237480,1,,,1,15,,237481,1,,,1,55,,237482,1,,,1,20,,237483,1,,,1,15,,237484,1,,,1,60,,237485,1,,,1,20,,237486,1,,,1,100,,237487,1,,,1,100,,237488,1,,,1,100,,237489,1,,,1,100,,237490,1,,,1,200,,237491,1,,,1
1900,'20261117',515,,237492,1,,,1,95,,237493,1,,,1,25,,237494,1,,,1,20,,237495,1,,,1,50,,237496,1,,,1,15,,237497,1,,,1,20,,237498,1,,,1,60,,237499,1,,,1,20,,237500,1,,,1,25,,237501,1,,,1,70,,237502,1,,,1,30,,237503,1,,,1,80,,237504,1,,,1,95,,237505,1,,,1,95,,237506,1,,,1,100,,237507,1,,,1,100,,237508,1,,,1,35,,237509,1,,,1,65,,237510,1,,,1,20,,237511,1,,,1,15,,237512,1,,,1,55,,237513,1,,,1,15,,237514,1,,,1,15,,237515,1,,,1,15,,237516,1,,,1,55,,237517,1,,,1,20,,237518,1,,,1,15,,237519,1,,,1,60,,237520,1,,,1,20,,237521,1,,,1,100,,237522,1,,,1,100,,237523,1,,,1,100,,237524,1,,,1,100,,237525,1,,,1,200,,237526,1,,,1
1900,'20261118',515,,237527,1,,,1,95,,237528,1,,,1,25,,237529,1,,,1,20,,237530,1,,,1,50,,237531,1,,,1,15,,237532,1,,,1,20,,237533,1,,,1,60,,237534,1,,,1,20,,237535,1,,,1,25,,237536,1,,,1,70,,237537,1,,,1,30,,237538,1,,,1,80,,237539,1,,,1,95,,237540,1,,,1,95,,237541,1,,,1,100,,237542,1,,,1,100,,237543,1,,,1,35,,237544,1,,,1,65,,237545,1,,,1,20,,237546,1,,,1,15,,237547,1,,,1,55,,237548,1,,,1,15,,237549,1,,,1,15,,237550,1,,,1,15,,237551,1,,,1,55,,237552,1,,,1,20,,237553,1,,,1,15,,237554,1,,,1,60,,237555,1,,,1,20,,237556,1,,,1,100,,237557,1,,,1,100,,237558,1,,,1,100,,237559,1,,,1,100,,237560,1,,,1,200,,237561,1,,,1
1900,'20261119',515,,237562,1,,,1,95,,237563,1,,,1,25,,237564,1,,,1,20,,237565,1,,,1,50,,237566,1,,,1,15,,237567,1,,,1,20,,237568,1,,,1,60,,237569,1,,,1,20,,237570,1,,,1,25,,237571,1,,,1,70,,237572,1,,,1,30,,237573,1,,,1,80,,237574,1,,,1,95,,237575,1,,,1,95,,237576,1,,,1,100,,237577,1,,,1,100,,237578,1,,,1,35,,237579,1,,,1,65,,237580,1,,,1,20,,237581,1,,,1,15,,237582,1,,,1,55,,237583,1,,,1,15,,237584,1,,,1,15,,237585,1,,,1,15,,237586,1,,,1,55,,237587,1,,,1,20,,237588,1,,,1,15,,237589,1,,,1,60,,237590,1,,,1,20,,237591,1,,,1,100,,237592,1,,,1,100,,237593,1,,,1,100,,237594,1,,,1,100,,237595,1,,,1,200,,237596,1,,,1
1900,'20261120',515,,237597,1,,,1,95,,237598,1,,,1,25,,237599,1,,,1,20,,237600,1,,,1,50,,237601,1,,,1,15,,237602,1,,,1,20,,237603,1,,,1,60,,237604,1,,,1,20,,237605,1,,,1,25,,237606,1,,,1,70,,237607,1,,,1,30,,237608,1,,,1,80,,237609,1,,,1,95,,237610,1,,,1,95,,237611,1,,,1,100,,237612,1,,,1,100,,237613,1,,,1,35,,237614,1,,,1,65,,237615,1,,,1,20,,237616,1,,,1,15,,237617,1,,,1,55,,237618,1,,,1,15,,237619,1,,,1,15,,237620,1,,,1,15,,237621,1,,,1,55,,237622,1,,,1,20,,237623,1,,,1,15,,237624,1,,,1,60,,237625,1,,,1,20,,237626,1,,,1,100,,237627,1,,,1,100,,237628,1,,,1,100,,237629,1,,,1,100,,237630,1,,,1,200,,237631,1,,,1
1900,'20261121',620,,237632,1,,,1,100,,237633,1,,,1,100,,237634,1,,,1,105,,237635,1,,,1,95,,237636,1,,,1,100,,237637,1,,,1,100,,237638,1,,,1,100,,237639,1,,,1,100,,237640,1,,,1,30,,237641,1,,,1,70,,237642,1,,,1,30,,237643,1,,,1,70,,237644,1,,,1,30,,237645,1,,,1,70,,237646,1,,,1,30,,237647,1,,,1,70,,237648,1,,,1,30,,237649,1,,,1,70,,237650,1,,,1,100,,237651,1,,,1,100,,237652,1,,,1,100,,237653,1,,,1,100,,237654,1,,,1
1900,'20261122',620,,237655,1,,,1,100,,237656,1,,,1,100,,237657,1,,,1,105,,237658,1,,,1,95,,237659,1,,,1,100,,237660,1,,,1,100,,237661,1,,,1,100,,237662,1,,,1,100,,237663,1,,,1,30,,237664,1,,,1,70,,237665,1,,,1,30,,237666,1,,,1,70,,237667,1,,,1,30,,237668,1,,,1,70,,237669,1,,,1,30,,237670,1,,,1,70,,237671,1,,,1,30,,237672,1,,,1,70,,237673,1,,,1,100,,237674,1,,,1,100,,237675,1,,,1,100,,237676,1,,,1,100,,237677,1,,,1
1900,'20261123',515,,237678,1,,,1,95,,237679,1,,,1,25,,237680,1,,,1,20,,237681,1,,,1,50,,237682,1,,,1,15,,237683,1,,,1,20,,237684,1,,,1,60,,237685,1,,,1,20,,237686,1,,,1,25,,237687,1,,,1,70,,237688,1,,,1,30,,237689,1,,,1,80,,237690,1,,,1,95,,237691,1,,,1,95,,237692,1,,,1,100,,237693,1,,,1,100,,237694,1,,,1,35,,237695,1,,,1,65,,237696,1,,,1,20,,237697,1,,,1,15,,237698,1,,,1,55,,237699,1,,,1,15,,237700,1,,,1,15,,237701,1,,,1,15,,237702,1,,,1,55,,237703,1,,,1,20,,237704,1,,,1,15,,237705,1,,,1,60,,237706,1,,,1,20,,237707,1,,,1,100,,237708,1,,,1,100,,237709,1,,,1,100,,237710,1,,,1,100,,237711,1,,,1,200,,237712,1,,,1
1900,'20261124',515,,237713,1,,,1,95,,237714,1,,,1,25,,237715,1,,,1,20,,237716,1,,,1,50,,237717,1,,,1,15,,237718,1,,,1,20,,237719,1,,,1,60,,237720,1,,,1,20,,237721,1,,,1,25,,237722,1,,,1,70,,237723,1,,,1,30,,237724,1,,,1,80,,237725,1,,,1,95,,237726,1,,,1,95,,237727,1,,,1,100,,237728,1,,,1,100,,237729,1,,,1,35,,237730,1,,,1,65,,237731,1,,,1,20,,237732,1,,,1,15,,237733,1,,,1,55,,237734,1,,,1,15,,237735,1,,,1,15,,237736,1,,,1,15,,237737,1,,,1,55,,237738,1,,,1,20,,237739,1,,,1,15,,237740,1,,,1,60,,237741,1,,,1,20,,237742,1,,,1,100,,237743,1,,,1,100,,237744,1,,,1,100,,237745,1,,,1,100,,237746,1,,,1,200,,237747,1,,,1
1900,'20261125',515,,237748,1,,,1,95,,237749,1,,,1,25,,237750,1,,,1,20,,237751,1,,,1,50,,237752,1,,,1,15,,237753,1,,,1,20,,237754,1,,,1,60,,237755,1,,,1,20,,237756,1,,,1,25,,237757,1,,,1,70,,237758,1,,,1,30,,237759,1,,,1,80,,237760,1,,,1,95,,237761,1,,,1,95,,237762,1,,,1,100,,237763,1,,,1,100,,237764,1,,,1,35,,237765,1,,,1,65,,237766,1,,,1,20,,237767,1,,,1,15,,237768,1,,,1,55,,237769,1,,,1,15,,237770,1,,,1,15,,237771,1,,,1,15,,237772,1,,,1,55,,237773,1,,,1,20,,237774,1,,,1,15,,237775,1,,,1,60,,237776,1,,,1,20,,237777,1,,,1,100,,237778,1,,,1,100,,237779,1,,,1,100,,237780,1,,,1,100,,237781,1,,,1,200,,237782,1,,,1
1900,'20261126',515,,237783,1,,,1,95,,237784,1,,,1,25,,237785,1,,,1,20,,237786,1,,,1,50,,237787,1,,,1,15,,237788,1,,,1,20,,237789,1,,,1,60,,237790,1,,,1,20,,237791,1,,,1,25,,237792,1,,,1,70,,237793,1,,,1,30,,237794,1,,,1,80,,237795,1,,,1,95,,237796,1,,,1,95,,237797,1,,,1,100,,237798,1,,,1,100,,237799,1,,,1,35,,237800,1,,,1,65,,237801,1,,,1,20,,237802,1,,,1,15,,237803,1,,,1,55,,237804,1,,,1,15,,237805,1,,,1,15,,237806,1,,,1,15,,237807,1,,,1,55,,237808,1,,,1,20,,237809,1,,,1,15,,237810,1,,,1,60,,237811,1,,,1,20,,237812,1,,,1,100,,237813,1,,,1,100,,237814,1,,,1,100,,237815,1,,,1,100,,237816,1,,,1,200,,237817,1,,,1
1900,'20261127',515,,237818,1,,,1,95,,237819,1,,,1,25,,237820,1,,,1,20,,237821,1,,,1,50,,237822,1,,,1,15,,237823,1,,,1,20,,237824,1,,,1,60,,237825,1,,,1,20,,237826,1,,,1,25,,237827,1,,,1,70,,237828,1,,,1,30,,237829,1,,,1,80,,237830,1,,,1,95,,237831,1,,,1,95,,237832,1,,,1,100,,237833,1,,,1,100,,237834,1,,,1,35,,237835,1,,,1,65,,237836,1,,,1,20,,237837,1,,,1,15,,237838,1,,,1,55,,237839,1,,,1,15,,237840,1,,,1,15,,237841,1,,,1,15,,237842,1,,,1,55,,237843,1,,,1,20,,237844,1,,,1,15,,237845,1,,,1,60,,237846,1,,,1,20,,237847,1,,,1,100,,237848,1,,,1,100,,237849,1,,,1,100,,237850,1,,,1,100,,237851,1,,,1,200,,237852,1,,,1
2100,'20260910',445,,240742,45,,,1,80,,240743,45,,,1,25,,240744,45,,,1,360,,240745,1,0,31 29 30,1,20,,240747,1,0,31 29 30,1,20,,240750,1,0,31 29 30,1,70,,240753,1,0,31 29 30,1,30,,240756,1,0,31 29 30,1,70,,240759,1,0,31 29 30,1,25,,240760,21,0,16 29 30,1,70,,240763,1,0,31 29 30,1,28,,240764,21,0,16 29 30,1,57,,240767,1,0,31 29 30,1,28,,240768,21,0,16 29 30,1,72,,240770,1,0,31 29 30,1,38,,240771,21,0,16 29 30,1,98,,240773,21,0,16 29 30,1,74,,240775,1,0,31 29 30,1,21,,240776,21,0,16 29 30,1,74,,240777,1,0,31 29 30,1,32,,240778,45,,,1,105,,240779,45,,,1,91,,240780,45,,,1,97,,240781,45,,,1,97,,240782,45,,,1,98,,240783,45,,,1,97,,240784,45,,,1,100,,240785,45,,,1,104,,240786,45,,,1
2100,'20260911',445,,240787,45,,,1,80,,240788,45,,,1,25,,240789,45,,,1,360,,240790,1,0,31 29 30,1,20,,240792,1,0,31 29 30,1,20,,240795,1,0,31 29 30,1,70,,240798,1,0,31 29 30,1,30,,240801,1,0,31 29 30,1,70,,240804,1,0,31 29 30,1,25,,240805,21,0,16 29 30,1,70,,240808,1,0,31 29 30,1,28,,240809,21,0,16 29 30,1,57,,240812,1,0,31 29 30,1,28,,240813,21,0,16 29 30,1,72,,240815,1,0,31 29 30,1,38,,240816,21,0,16 29 30,1,98,,240818,21,0,16 29 30,1,74,,240820,1,0,31 29 30,1,21,,240821,21,0,16 29 30,1,74,,240822,1,0,31 29 30,1,32,,240823,45,,,1,105,,240824,45,,,1,91,,240825,45,,,1,97,,240826,45,,,1,97,,240827,45,,,1,98,,240828,45,,,1,97,,240829,45,,,1,100,,240830,45,,,1,104,,240831,45,,,1
2100,'20260912',547,,240832,45,0,57 29 30,1,100,,240833,45,0,57 29 30,1,78,,240834,45,0,57 29 30,1,30,,240835,1,0,31 29 30,1,80,,240837,23,0,34 29 30,1,20,,240838,1,0,31 29 30,1,60,,240840,1,0,31 29 30,1,20,,240841,23,0,34 29 30,1,20,,240842,1,0,31 29 30,1,60,,240844,1,0,31 29 30,1,25,,240845,23,0,34 29 30,1,60,,240846,1,0,31 29 30,1,20,,240848,1,0,31 29 30,1,20,,240849,23,0,34 29 30,1,70,,240850,1,0,31 29 30,1,30,,240852,23,0,34 29 30,1,60,,240853,1,0,31 29 30,1,40,,240855,23,0,34 29 30,1,70,,240856,1,0,31 29 30,1,30,,240858,23,0,34 29 30,1,70,,240859,1,0,31 29 30,1,30,,240861,23,0,34 29 30,1,70,,240862,1,0,31 29 30,1,30,,240864,23,0,34 29 30,1,70,,240865,1,0,31 29 30,1,30,,240867,23,0,34 29 30,1,70,,240868,1,0,31 29 30,1,30,,240870,23,0,34 29 30,1,100,,240872,23,0,34 29 30,1,65,,240873,1,0,31 29 30,1,26,,240874,45,0,57 29 30,1,95,,240875,45,0,57 29 30,1,97,,240876,45,0,57 29 30,1,95,,240877,45,0,57 29 30,1,102,,240878,45,0,57 29 30,1,100,,240879,45,0,57 29 30,1
2100,'20260913',547,,240880,45,0,57 29 30,1,100,,240881,45,0,57 29 30,1,78,,240882,45,0,57 29 30,1,110,,240884,23,0,34 29 30,1,80,,240886,1,0,31 29 30,1,20,,240887,23,0,34 29 30,1,80,,240889,1,0,31 29 30,1,25,,240890,23,0,34 29 30,1,80,,240892,1,0,31 29 30,1,20,,240893,23,0,34 29 30,1,70,,240894,1,0,31 29 30,1,30,,240896,23,0,34 29 30,1,60,,240897,1,0,31 29 30,1,40,,240899,23,0,34 29 30,1,70,,240900,1,0,31 29 30,1,30,,240902,23,0,34 29 30,1,70,,240903,1,0,31 29 30,1,30,,240905,23,0,34 29 30,1,70,,240906,1,0,31 29 30,1,30,,240908,23,0,34 29 30,1,70,,240909,1,0,31 29 30,1,30,,240911,23,0,34 29 30,1,70,,240912,1,0,31 29 30,1,30,,240914,23,0,34 29 30,1,100,,240916,23,0,34 29 30,1,91,,240917,45,0,57 29 30,1,95,,240918,45,0,57 29 30,1,97,,240919,45,0,57 29 30,1,95,,240920,45,0,57 29 30,1,102,,240921,45,0,57 29 30,1,100,,240922,45,0,57 29 30,1
2100,'20260914',445,,240923,45,,,1,80,,240924,45,,,1,25,,240925,45,,,1,360,,240926,1,0,31 29 30,1,20,,240928,1,0,31 29 30,1,20,,240931,1,0,31 29 30,1,70,,240934,1,0,31 29 30,1,30,,240937,1,0,31 29 30,1,70,,240940,1,0,31 29 30,1,25,,240941,21,0,16 29 30,1,70,,240944,1,0,31 29 30,1,28,,240945,21,0,16 29 30,1,57,,240948,1,0,31 29 30,1,28,,240949,21,0,16 29 30,1,72,,240951,1,0,31 29 30,1,38,,240952,21,0,16 29 30,1,98,,240954,21,0,16 29 30,1,74,,240956,1,0,31 29 30,1,21,,240957,21,0,16 29 30,1,74,,240958,1,0,31 29 30,1,32,,240959,45,,,1,105,,240960,45,,,1,91,,240961,45,,,1,97,,240962,45,,,1,97,,240963,45,,,1,98,,240964,45,,,1,97,,240965,45,,,1,100,,240966,45,,,1,104,,240967,45,,,1
2100,'20260915',445,,240968,45,,,1,80,,240969,45,,,1,25,,240970,45,,,1,360,,240971,1,0,31 29 30,1,20,,240973,1,0,31 29 30,1,20,,240976,1,0,31 29 30,1,70,,240979,1,0,31 29 30,1,30,,240982,1,0,31 29 30,1,70,,240985,1,0,31 29 30,1,25,,240986,21,0,16 29 30,1,70,,240989,1,0,31 29 30,1,28,,240990,21,0,16 29 30,1,57,,240993,1,0,31 29 30,1,28,,240994,21,0,16 29 30,1,72,,240996,1,0,31 29 30,1,38,,240997,21,0,16 29 30,1,98,,240999,21,0,16 29 30,1,74,,241001,1,0,31 29 30,1,21,,241002,21,0,16 29 30,1,74,,241003,1,0,31 29 30,1,32,,241004,45,,,1,105,,241005,45,,,1,91,,241006,45,,,1,97,,241007,45,,,1,97,,241008,45,,,1,98,,241009,45,,,1,97,,241010,45,,,1,100,,241011,45,,,1,104,,241012,45,,,1
2100,'20260916',445,,241013,45,,,1,80,,241014,45,,,1,25,,241015,45,,,1,360,,241016,1,0,31 29 30,1,20,,241018,1,0,31 29 30,1,20,,241021,1,0,31 29 30,1,70,,241024,1,0,31 29 30,1,30,,241027,1,0,31 29 30,1,70,,241030,1,0,31 29 30,1,25,,241031,21,0,16 29 30,1,70,,241034,1,0,31 29 30,1,28,,241035,21,0,16 29 30,1,57,,241038,1,0,31 29 30,1,28,,241039,21,0,16 29 30,1,72,,241041,1,0,31 29 30,1,38,,241042,21,0,16 29 30,1,98,,241044,21,0,16 29 30,1,74,,241046,1,0,31 29 30,1,21,,241047,21,0,16 29 30,1,74,,241048,1,0,31 29 30,1,32,,241049,45,,,1,105,,241050,45,,,1,91,,241051,45,,,1,97,,241052,45,,,1,97,,241053,45,,,1,98,,241054,45,,,1,97,,241055,45,,,1,100,,241056,45,,,1,104,,241057,45,,,1
2100,'20260917',445,,241058,45,,,1,80,,241059,45,,,1,25,,241060,45,,,1,360,,241061,1,0,31 29 30,1,20,,241063,1,0,31 29 30,1,20,,241066,1,0,31 29 30,1,70,,241069,1,0,31 29 30,1,30,,241072,1,0,31 29 30,1,70,,241075,1,0,31 29 30,1,25,,241076,21,0,16 29 30,1,70,,241079,1,0,31 29 30,1,28,,241080,21,0,16 29 30,1,57,,241083,1,0,31 29 30,1,28,,241084,21,0,16 29 30,1,72,,241086,1,0,31 29 30,1,38,,241087,21,0,16 29 30,1,98,,241089,21,0,16 29 30,1,74,,241091,1,0,31 29 30,1,21,,241092,21,0,16 29 30,1,74,,241093,1,0,31 29 30,1,32,,241094,45,,,1,105,,241095,45,,,1,91,,241096,45,,,1,97,,241097,45,,,1,97,,241098,45,,,1,98,,241099,45,,,1,97,,241100,45,,,1,100,,241101,45,,,1,104,,241102,45,,,1
2100,'20260918',445,,241103,45,,,1,80,,241104,45,,,1,25,,241105,45,,,1,360,,241106,1,0,31 29 30,1,20,,241108,1,0,31 29 30,1,20,,241111,1,0,31 29 30,1,70,,241114,1,0,31 29 30,1,30,,241117,1,0,31 29 30,1,70,,241120,1,0,31 29 30,1,25,,241121,21,0,16 29 30,1,70,,241124,1,0,31 29 30,1,28,,241125,21,0,16 29 30,1,57,,241128,1,0,31 29 30,1,28,,241129,21,0,16 29 30,1,72,,241131,1,0,31 29 30,1,38,,241132,21,0,16 29 30,1,98,,241134,21,0,16 29 30,1,74,,241136,1,0,31 29 30,1,21,,241137,21,0,16 29 30,1,74,,241138,1,0,31 29 30,1,32,,241139,45,,,1,105,,241140,45,,,1,91,,241141,45,,,1,97,,241142,45,,,1,97,,241143,45,,,1,98,,241144,45,,,1,97,,241145,45,,,1,100,,241146,45,,,1,104,,241147,45,,,1
2100,'20260919',547,,241148,45,0,57 29 30,1,100,,241149,45,0,57 29 30,1,78,,241150,45,0,57 29 30,1,30,,241151,1,0,31 29 30,1,80,,241153,23,0,34 29 30,1,20,,241154,1,0,31 29 30,1,60,,241156,1,0,31 29 30,1,20,,241157,23,0,34 29 30,1,20,,241158,1,0,31 29 30,1,60,,241160,1,0,31 29 30,1,25,,241161,23,0,34 29 30,1,60,,241162,1,0,31 29 30,1,20,,241164,1,0,31 29 30,1,20,,241165,23,0,34 29 30,1,70,,241166,1,0,31 29 30,1,30,,241168,23,0,34 29 30,1,60,,241169,1,0,31 29 30,1,40,,241171,23,0,34 29 30,1,70,,241172,1,0,31 29 30,1,30,,241174,23,0,34 29 30,1,70,,241175,1,0,31 29 30,1,30,,241177,23,0,34 29 30,1,70,,241178,1,0,31 29 30,1,30,,241180,23,0,34 29 30,1,70,,241181,1,0,31 29 30,1,30,,241183,23,0,34 29 30,1,70,,241184,1,0,31 29 30,1,30,,241186,23,0,34 29 30,1,100,,241188,23,0,34 29 30,1,65,,241189,1,0,31 29 30,1,26,,241190,45,0,57 29 30,1,95,,241191,45,0,57 29 30,1,97,,241192,45,0,57 29 30,1,95,,241193,45,0,57 29 30,1,102,,241194,45,0,57 29 30,1,100,,241195,45,0,57 29 30,1
2100,'20260920',547,,241196,45,0,57 29 30,1,100,,241197,45,0,57 29 30,1,78,,241198,45,0,57 29 30,1,110,,241200,23,0,34 29 30,1,80,,241202,1,0,31 29 30,1,20,,241203,23,0,34 29 30,1,80,,241205,1,0,31 29 30,1,25,,241206,23,0,34 29 30,1,80,,241208,1,0,31 29 30,1,20,,241209,23,0,34 29 30,1,70,,241210,1,0,31 29 30,1,30,,241212,23,0,34 29 30,1,60,,241213,1,0,31 29 30,1,40,,241215,23,0,34 29 30,1,70,,241216,1,0,31 29 30,1,30,,241218,23,0,34 29 30,1,70,,241219,1,0,31 29 30,1,30,,241221,23,0,34 29 30,1,70,,241222,1,0,31 29 30,1,30,,241224,23,0,34 29 30,1,70,,241225,1,0,31 29 30,1,30,,241227,23,0,34 29 30,1,70,,241228,1,0,31 29 30,1,30,,241230,23,0,34 29 30,1,100,,241232,23,0,34 29 30,1,91,,241233,45,0,57 29 30,1,95,,241234,45,0,57 29 30,1,97,,241235,45,0,57 29 30,1,95,,241236,45,0,57 29 30,1,102,,241237,45,0,57 29 30,1,100,,241238,45,0,57 29 30,1
2100,'20260921',445,,241239,45,,,1,80,,241240,45,,,1,25,,241241,45,,,1,360,,241242,1,0,31 29 30,1,20,,241244,1,0,31 29 30,1,20,,241247,1,0,31 29 30,1,70,,241250,1,0,31 29 30,1,30,,241253,1,0,31 29 30,1,70,,241256,1,0,31 29 30,1,25,,241257,21,0,16 29 30,1,70,,241260,1,0,31 29 30,1,28,,241261,21,0,16 29 30,1,57,,241264,1,0,31 29 30,1,28,,241265,21,0,16 29 30,1,72,,241267,1,0,31 29 30,1,38,,241268,21,0,16 29 30,1,98,,241270,21,0,16 29 30,1,74,,241272,1,0,31 29 30,1,21,,241273,21,0,16 29 30,1,74,,241274,1,0,31 29 30,1,32,,241275,45,,,1,105,,241276,45,,,1,91,,241277,45,,,1,97,,241278,45,,,1,97,,241279,45,,,1,98,,241280,45,,,1,97,,241281,45,,,1,100,,241282,45,,,1,104,,241283,45,,,1
2100,'20260922',445,,241284,45,,,1,80,,241285,45,,,1,25,,241286,45,,,1,360,,241287,1,0,31 29 30,1,20,,241289,1,0,31 29 30,1,20,,241292,1,0,31 29 30,1,70,,241295,1,0,31 29 30,1,30,,241298,1,0,31 29 30,1,70,,241301,1,0,31 29 30,1,25,,241302,21,0,16 29 30,1,70,,241305,1,0,31 29 30,1,28,,241306,21,0,16 29 30,1,57,,241309,1,0,31 29 30,1,28,,241310,21,0,16 29 30,1,72,,241312,1,0,31 29 30,1,38,,241313,21,0,16 29 30,1,98,,241315,21,0,16 29 30,1,74,,241317,1,0,31 29 30,1,21,,241318,21,0,16 29 30,1,74,,241319,1,0,31 29 30,1,32,,241320,45,,,1,105,,241321,45,,,1,91,,241322,45,,,1,97,,241323,45,,,1,97,,241324,45,,,1,98,,241325,45,,,1,97,,241326,45,,,1,100,,241327,45,,,1,104,,241328,45,,,1
2100,'20260923',445,,241329,45,,,1,80,,241330,45,,,1,25,,241331,45,,,1,360,,241332,1,0,31 29 30,1,20,,241334,1,0,31 29 30,1,20,,241337,1,0,31 29 30,1,70,,241340,1,0,31 29 30,1,30,,241343,1,0,31 29 30,1,70,,241346,1,0,31 29 30,1,25,,241347,21,0,16 29 30,1,70,,241350,1,0,31 29 30,1,28,,241351,21,0,16 29 30,1,57,,241354,1,0,31 29 30,1,28,,241355,21,0,16 29 30,1,72,,241357,1,0,31 29 30,1,38,,241358,21,0,16 29 30,1,98,,241360,21,0,16 29 30,1,74,,241362,1,0,31 29 30,1,21,,241363,21,0,16 29 30,1,74,,241364,1,0,31 29 30,1,32,,241365,45,,,1,105,,241366,45,,,1,91,,241367,45,,,1,97,,241368,45,,,1,97,,241369,45,,,1,98,,241370,45,,,1,97,,241371,45,,,1,100,,241372,45,,,1,104,,241373,45,,,1
2100,'20260924',445,,241374,45,,,1,80,,241375,45,,,1,25,,241376,45,,,1,360,,241377,1,0,31 29 30,1,20,,241379,1,0,31 29 30,1,20,,241382,1,0,31 29 30,1,70,,241385,1,0,31 29 30,1,30,,241388,1,0,31 29 30,1,70,,241391,1,0,31 29 30,1,25,,241392,21,0,16 29 30,1,70,,241395,1,0,31 29 30,1,28,,241396,21,0,16 29 30,1,57,,241399,1,0,31 29 30,1,28,,241400,21,0,16 29 30,1,72,,241402,1,0,31 29 30,1,38,,241403,21,0,16 29 30,1,98,,241405,21,0,16 29 30,1,74,,241407,1,0,31 29 30,1,21,,241408,21,0,16 29 30,1,74,,241409,1,0,31 29 30,1,32,,241410,45,,,1,105,,241411,45,,,1,91,,241412,45,,,1,97,,241413,45,,,1,97,,241414,45,,,1,98,,241415,45,,,1,97,,241416,45,,,1,100,,241417,45,,,1,104,,241418,45,,,1
2100,'20260925',445,,241419,45,,,1,80,,241420,45,,,1,25,,241421,45,,,1,360,,241422,1,0,31 29 30,1,20,,241424,1,0,31 29 30,1,20,,241427,1,0,31 29 30,1,70,,241430,1,0,31 29 30,1,30,,241433,1,0,31 29 30,1,70,,241436,1,0,31 29 30,1,25,,241437,21,0,16 29 30,1,70,,241440,1,0,31 29 30,1,28,,241441,21,0,16 29 30,1,57,,241444,1,0,31 29 30,1,28,,241445,21,0,16 29 30,1,72,,241447,1,0,31 29 30,1,38,,241448,21,0,16 29 30,1,98,,241450,21,0,16 29 30,1,74,,241452,1,0,31 29 30,1,21,,241453,21,0,16 29 30,1,74,,241454,1,0,31 29 30,1,32,,241455,45,,,1,105,,241456,45,,,1,91,,241457,45,,,1,97,,241458,45,,,1,97,,241459,45,,,1,98,,241460,45,,,1,97,,241461,45,,,1,100,,241462,45,,,1,104,,241463,45,,,1
2100,'20260926',547,,241464,45,0,57 29 30,1,100,,241465,45,0,57 29 30,1,78,,241466,45,0,57 29 30,1,30,,241467,1,0,31 29 30,1,80,,241469,23,0,34 29 30,1,20,,241470,1,0,31 29 30,1,60,,241472,1,0,31 29 30,1,20,,241473,23,0,34 29 30,1,20,,241474,1,0,31 29 30,1,60,,241476,1,0,31 29 30,1,25,,241477,23,0,34 29 30,1,60,,241478,1,0,31 29 30,1,20,,241480,1,0,31 29 30,1,20,,241481,23,0,34 29 30,1,70,,241482,1,0,31 29 30,1,30,,241484,23,0,34 29 30,1,60,,241485,1,0,31 29 30,1,40,,241487,23,0,34 29 30,1,70,,241488,1,0,31 29 30,1,30,,241490,23,0,34 29 30,1,70,,241491,1,0,31 29 30,1,30,,241493,23,0,34 29 30,1,70,,241494,1,0,31 29 30,1,30,,241496,23,0,34 29 30,1,70,,241497,1,0,31 29 30,1,30,,241499,23,0,34 29 30,1,70,,241500,1,0,31 29 30,1,30,,241502,23,0,34 29 30,1,100,,241504,23,0,34 29 30,1,65,,241505,1,0,31 29 30,1,26,,241506,45,0,57 29 30,1,95,,241507,45,0,57 29 30,1,97,,241508,45,0,57 29 30,1,95,,241509,45,0,57 29 30,1,102,,241510,45,0,57 29 30,1,100,,241511,45,0,57 29 30,1
2100,'20260927',547,,241512,45,0,57 29 30,1,100,,241513,45,0,57 29 30,1,78,,241514,45,0,57 29 30,1,110,,241516,23,0,34 29 30,1,80,,241518,1,0,31 29 30,1,20,,241519,23,0,34 29 30,1,80,,241521,1,0,31 29 30,1,25,,241522,23,0,34 29 30,1,80,,241524,1,0,31 29 30,1,20,,241525,23,0,34 29 30,1,70,,241526,1,0,31 29 30,1,30,,241528,23,0,34 29 30,1,60,,241529,1,0,31 29 30,1,40,,241531,23,0,34 29 30,1,70,,241532,1,0,31 29 30,1,30,,241534,23,0,34 29 30,1,70,,241535,1,0,31 29 30,1,30,,241537,23,0,34 29 30,1,70,,241538,1,0,31 29 30,1,30,,241540,23,0,34 29 30,1,70,,241541,1,0,31 29 30,1,30,,241543,23,0,34 29 30,1,70,,241544,1,0,31 29 30,1,30,,241546,23,0,34 29 30,1,100,,241548,23,0,34 29 30,1,91,,241549,45,0,57 29 30,1,95,,241550,45,0,57 29 30,1,97,,241551,45,0,57 29 30,1,95,,241552,45,0,57 29 30,1,102,,241553,45,0,57 29 30,1,100,,241554,45,0,57 29 30,1
2100,'20260928',445,,241555,45,,,1,80,,241556,45,,,1,25,,241557,45,,,1,360,,241558,1,0,31 29 30,1,20,,241560,1,0,31 29 30,1,20,,241563,1,0,31 29 30,1,70,,241566,1,0,31 29 30,1,30,,241569,1,0,31 29 30,1,70,,241572,1,0,31 29 30,1,25,,241573,21,0,16 29 30,1,70,,241576,1,0,31 29 30,1,28,,241577,21,0,16 29 30,1,57,,241580,1,0,31 29 30,1,28,,241581,21,0,16 29 30,1,72,,241583,1,0,31 29 30,1,38,,241584,21,0,16 29 30,1,98,,241586,21,0,16 29 30,1,74,,241588,1,0,31 29 30,1,21,,241589,21,0,16 29 30,1,74,,241590,1,0,31 29 30,1,32,,241591,45,,,1,105,,241592,45,,,1,91,,241593,45,,,1,97,,241594,45,,,1,97,,241595,45,,,1,98,,241596,45,,,1,97,,241597,45,,,1,100,,241598,45,,,1,104,,241599,45,,,1
2100,'20260929',445,,241600,45,,,1,80,,241601,45,,,1,25,,241602,45,,,1,360,,241603,1,0,31 29 30,1,20,,241605,1,0,31 29 30,1,20,,241608,1,0,31 29 30,1,70,,241611,1,0,31 29 30,1,30,,241614,1,0,31 29 30,1,70,,241617,1,0,31 29 30,1,25,,241618,21,0,16 29 30,1,70,,241621,1,0,31 29 30,1,28,,241622,21,0,16 29 30,1,57,,241625,1,0,31 29 30,1,28,,241626,21,0,16 29 30,1,72,,241628,1,0,31 29 30,1,38,,241629,21,0,16 29 30,1,98,,241631,21,0,16 29 30,1,74,,241633,1,0,31 29 30,1,21,,241634,21,0,16 29 30,1,74,,241635,1,0,31 29 30,1,32,,241636,45,,,1,105,,241637,45,,,1,91,,241638,45,,,1,97,,241639,45,,,1,97,,241640,45,,,1,98,,241641,45,,,1,97,,241642,45,,,1,100,,241643,45,,,1,104,,241644,45,,,1
2100,'20260930',445,,241645,45,,,1,80,,241646,45,,,1,25,,241647,45,,,1,360,,241648,1,0,31 29 30,1,20,,241650,1,0,31 29 30,1,20,,241653,1,0,31 29 30,1,70,,241656,1,0,31 29 30,1,30,,241659,1,0,31 29 30,1,70,,241662,1,0,31 29 30,1,25,,241663,21,0,16 29 30,1,70,,241666,1,0,31 29 30,1,28,,241667,21,0,16 29 30,1,57,,241670,1,0,31 29 30,1,28,,241671,21,0,16 29 30,1,72,,241673,1,0,31 29 30,1,38,,241674,21,0,16 29 30,1,98,,241676,21,0,16 29 30,1,74,,241678,1,0,31 29 30,1,21,,241679,21,0,16 29 30,1,74,,241680,1,0,31 29 30,1,32,,241681,45,,,1,105,,241682,45,,,1,91,,241683,45,,,1,97,,241684,45,,,1,97,,241685,45,,,1,98,,241686,45,,,1,97,,241687,45,,,1,100,,241688,45,,,1,104,,241689,45,,,1
2100,'20261001',445,,241690,45,,,1,80,,241691,45,,,1,25,,241692,45,,,1,360,,241693,1,0,31 29 30,1,20,,241695,1,0,31 29 30,1,20,,241698,1,0,31 29 30,1,70,,241701,1,0,31 29 30,1,30,,241704,1,0,31 29 30,1,70,,241707,1,0,31 29 30,1,25,,241708,21,0,16 29 30,1,70,,241711,1,0,31 29 30,1,28,,241712,21,0,16 29 30,1,57,,241715,1,0,31 29 30,1,28,,241716,21,0,16 29 30,1,72,,241718,1,0,31 29 30,1,38,,241719,21,0,16 29 30,1,98,,241721,21,0,16 29 30,1,74,,241723,1,0,31 29 30,1,21,,241724,21,0,16 29 30,1,74,,241725,1,0,31 29 30,1,32,,241726,45,,,1,105,,241727,45,,,1,91,,241728,45,,,1,97,,241729,45,,,1,97,,241730,45,,,1,98,,241731,45,,,1,97,,241732,45,,,1,100,,241733,45,,,1,104,,241734,45,,,1
2100,'20261002',445,,241735,45,,,1,80,,241736,45,,,1,25,,241737,45,,,1,360,,241738,1,0,31 29 30,1,20,,241740,1,0,31 29 30,1,20,,241743,1,0,31 29 30,1,70,,241746,1,0,31 29 30,1,30,,241749,1,0,31 29 30,1,70,,241752,1,0,31 29 30,1,25,,241753,21,0,16 29 30,1,70,,241756,1,0,31 29 30,1,28,,241757,21,0,16 29 30,1,57,,241760,1,0,31 29 30,1,28,,241761,21,0,16 29 30,1,72,,241763,1,0,31 29 30,1,38,,241764,21,0,16 29 30,1,98,,241766,21,0,16 29 30,1,74,,241768,1,0,31 29 30,1,21,,241769,21,0,16 29 30,1,74,,241770,1,0,31 29 30,1,32,,241771,45,,,1,105,,241772,45,,,1,91,,241773,45,,,1,97,,241774,45,,,1,97,,241775,45,,,1,98,,241776,45,,,1,97,,241777,45,,,1,100,,241778,45,,,1,104,,241779,45,,,1
2100,'20261003',547,,241780,45,0,57 29 30,1,100,,241781,45,0,57 29 30,1,78,,241782,45,0,57 29 30,1,30,,241783,1,0,31 29 30,1,80,,241785,23,0,34 29 30,1,20,,241786,1,0,31 29 30,1,60,,241788,1,0,31 29 30,1,20,,241789,23,0,34 29 30,1,20,,241790,1,0,31 29 30,1,60,,241792,1,0,31 29 30,1,25,,241793,23,0,34 29 30,1,60,,241794,1,0,31 29 30,1,20,,241796,1,0,31 29 30,1,20,,241797,23,0,34 29 30,1,70,,241798,1,0,31 29 30,1,30,,241800,23,0,34 29 30,1,60,,241801,1,0,31 29 30,1,40,,241803,23,0,34 29 30,1,70,,241804,1,0,31 29 30,1,30,,241806,23,0,34 29 30,1,70,,241807,1,0,31 29 30,1,30,,241809,23,0,34 29 30,1,70,,241810,1,0,31 29 30,1,30,,241812,23,0,34 29 30,1,70,,241813,1,0,31 29 30,1,30,,241815,23,0,34 29 30,1,70,,241816,1,0,31 29 30,1,30,,241818,23,0,34 29 30,1,100,,241820,23,0,34 29 30,1,65,,241821,1,0,31 29 30,1,26,,241822,45,0,57 29 30,1,95,,241823,45,0,57 29 30,1,97,,241824,45,0,57 29 30,1,95,,241825,45,0,57 29 30,1,102,,241826,45,0,57 29 30,1,100,,241827,45,0,57 29 30,1
2100,'20261004',547,,241828,45,0,57 29 30,1,100,,241829,45,0,57 29 30,1,78,,241830,45,0,57 29 30,1,110,,241832,23,0,34 29 30,1,80,,241834,1,0,31 29 30,1,20,,241835,23,0,34 29 30,1,80,,241837,1,0,31 29 30,1,25,,241838,23,0,34 29 30,1,80,,241840,1,0,31 29 30,1,20,,241841,23,0,34 29 30,1,70,,241842,1,0,31 29 30,1,30,,241844,23,0,34 29 30,1,60,,241845,1,0,31 29 30,1,40,,241847,23,0,34 29 30,1,70,,241848,1,0,31 29 30,1,30,,241850,23,0,34 29 30,1,70,,241851,1,0,31 29 30,1,30,,241853,23,0,34 29 30,1,70,,241854,1,0,31 29 30,1,30,,241856,23,0,34 29 30,1,70,,241857,1,0,31 29 30,1,30,,241859,23,0,34 29 30,1,70,,241860,1,0,31 29 30,1,30,,241862,23,0,34 29 30,1,100,,241864,23,0,34 29 30,1,91,,241865,45,0,57 29 30,1,95,,241866,45,0,57 29 30,1,97,,241867,45,0,57 29 30,1,95,,241868,45,0,57 29 30,1,102,,241869,45,0,57 29 30,1,100,,241870,45,0,57 29 30,1
2100,'20261005',445,,241871,45,,,1,80,,241872,45,,,1,25,,241873,45,,,1,360,,241874,1,0,31 29 30,1,20,,241876,1,0,31 29 30,1,20,,241879,1,0,31 29 30,1,70,,241882,1,0,31 29 30,1,30,,241885,1,0,31 29 30,1,70,,241888,1,0,31 29 30,1,25,,241889,21,0,16 29 30,1,70,,241892,1,0,31 29 30,1,28,,241893,21,0,16 29 30,1,57,,241896,1,0,31 29 30,1,28,,241897,21,0,16 29 30,1,72,,241899,1,0,31 29 30,1,38,,241900,21,0,16 29 30,1,98,,241902,21,0,16 29 30,1,74,,241904,1,0,31 29 30,1,21,,241905,21,0,16 29 30,1,74,,241906,1,0,31 29 30,1,32,,241907,45,,,1,105,,241908,45,,,1,91,,241909,45,,,1,97,,241910,45,,,1,97,,241911,45,,,1,98,,241912,45,,,1,97,,241913,45,,,1,100,,241914,45,,,1,104,,241915,45,,,1
2100,'20261006',445,,241916,45,,,1,80,,241917,45,,,1,25,,241918,45,,,1,360,,241919,1,0,31 29 30,1,20,,241921,1,0,31 29 30,1,20,,241924,1,0,31 29 30,1,70,,241927,1,0,31 29 30,1,30,,241930,1,0,31 29 30,1,70,,241933,1,0,31 29 30,1,25,,241934,21,0,16 29 30,1,70,,241937,1,0,31 29 30,1,28,,241938,21,0,16 29 30,1,57,,241941,1,0,31 29 30,1,28,,241942,21,0,16 29 30,1,72,,241944,1,0,31 29 30,1,38,,241945,21,0,16 29 30,1,98,,241947,21,0,16 29 30,1,74,,241949,1,0,31 29 30,1,21,,241950,21,0,16 29 30,1,74,,241951,1,0,31 29 30,1,32,,241952,45,,,1,105,,241953,45,,,1,91,,241954,45,,,1,97,,241955,45,,,1,97,,241956,45,,,1,98,,241957,45,,,1,97,,241958,45,,,1,100,,241959,45,,,1,104,,241960,45,,,1
2100,'20261007',445,,241961,45,,,1,80,,241962,45,,,1,25,,241963,45,,,1,360,,241964,1,0,31 29 30,1,20,,241966,1,0,31 29 30,1,20,,241969,1,0,31 29 30,1,70,,241972,1,0,31 29 30,1,30,,241975,1,0,31 29 30,1,70,,241978,1,0,31 29 30,1,25,,241979,21,0,16 29 30,1,70,,241982,1,0,31 29 30,1,28,,241983,21,0,16 29 30,1,57,,241986,1,0,31 29 30,1,28,,241987,21,0,16 29 30,1,72,,241989,1,0,31 29 30,1,38,,241990,21,0,16 29 30,1,98,,241992,21,0,16 29 30,1,74,,241994,1,0,31 29 30,1,21,,241995,21,0,16 29 30,1,74,,241996,1,0,31 29 30,1,32,,241997,45,,,1,105,,241998,45,,,1,91,,241999,45,,,1,97,,242000,45,,,1,97,,242001,45,,,1,98,,242002,45,,,1,97,,242003,45,,,1,100,,242004,45,,,1,104,,242005,45,,,1
2100,'20261008',445,,242006,45,,,1,80,,242007,45,,,1,25,,242008,45,,,1,360,,242009,1,0,31 29 30,1,20,,242011,1,0,31 29 30,1,20,,242014,1,0,31 29 30,1,70,,242017,1,0,31 29 30,1,30,,242020,1,0,31 29 30,1,70,,242023,1,0,31 29 30,1,25,,242024,21,0,16 29 30,1,70,,242027,1,0,31 29 30,1,28,,242028,21,0,16 29 30,1,57,,242031,1,0,31 29 30,1,28,,242032,21,0,16 29 30,1,72,,242034,1,0,31 29 30,1,38,,242035,21,0,16 29 30,1,98,,242037,21,0,16 29 30,1,74,,242039,1,0,31 29 30,1,21,,242040,21,0,16 29 30,1,74,,242041,1,0,31 29 30,1,32,,242042,45,,,1,105,,242043,45,,,1,91,,242044,45,,,1,97,,242045,45,,,1,97,,242046,45,,,1,98,,242047,45,,,1,97,,242048,45,,,1,100,,242049,45,,,1,104,,242050,45,,,1
2100,'20261009',445,,242051,45,,,1,80,,242052,45,,,1,25,,242053,45,,,1,360,,242054,1,0,31 29 30,1,20,,242056,1,0,31 29 30,1,20,,242059,1,0,31 29 30,1,70,,242062,1,0,31 29 30,1,30,,242065,1,0,31 29 30,1,70,,242068,1,0,31 29 30,1,25,,242069,21,0,16 29 30,1,70,,242072,1,0,31 29 30,1,28,,242073,21,0,16 29 30,1,57,,242076,1,0,31 29 30,1,28,,242077,21,0,16 29 30,1,72,,242079,1,0,31 29 30,1,38,,242080,21,0,16 29 30,1,98,,242082,21,0,16 29 30,1,74,,242084,1,0,31 29 30,1,21,,242085,21,0,16 29 30,1,74,,242086,1,0,31 29 30,1,32,,242087,45,,,1,105,,242088,45,,,1,91,,242089,45,,,1,97,,242090,45,,,1,97,,242091,45,,,1,98,,242092,45,,,1,97,,242093,45,,,1,100,,242094,45,,,1,104,,242095,45,,,1
2100,'20261010',547,,242096,45,0,57 29 30,1,100,,242097,45,0,57 29 30,1,78,,242098,45,0,57 29 30,1,30,,242099,1,0,31 29 30,1,80,,242101,23,0,34 29 30,1,20,,242102,1,0,31 29 30,1,60,,242104,1,0,31 29 30,1,20,,242105,23,0,34 29 30,1,20,,242106,1,0,31 29 30,1,60,,242108,1,0,31 29 30,1,25,,242109,23,0,34 29 30,1,60,,242110,1,0,31 29 30,1,20,,242112,1,0,31 29 30,1,20,,242113,23,0,34 29 30,1,70,,242114,1,0,31 29 30,1,30,,242116,23,0,34 29 30,1,60,,242117,1,0,31 29 30,1,40,,242119,23,0,34 29 30,1,70,,242120,1,0,31 29 30,1,30,,242122,23,0,34 29 30,1,70,,242123,1,0,31 29 30,1,30,,242125,23,0,34 29 30,1,70,,242126,1,0,31 29 30,1,30,,242128,23,0,34 29 30,1,70,,242129,1,0,31 29 30,1,30,,242131,23,0,34 29 30,1,70,,242132,1,0,31 29 30,1,30,,242134,23,0,34 29 30,1,100,,242136,23,0,34 29 30,1,65,,242137,1,0,31 29 30,1,26,,242138,45,0,57 29 30,1,95,,242139,45,0,57 29 30,1,97,,242140,45,0,57 29 30,1,95,,242141,45,0,57 29 30,1,102,,242142,45,0,57 29 30,1,100,,242143,45,0,57 29 30,1
2100,'20261011',547,,242144,45,0,57 29 30,1,100,,242145,45,0,57 29 30,1,78,,242146,45,0,57 29 30,1,110,,242148,23,0,34 29 30,1,80,,242150,1,0,31 29 30,1,20,,242151,23,0,34 29 30,1,80,,242153,1,0,31 29 30,1,25,,242154,23,0,34 29 30,1,80,,242156,1,0,31 29 30,1,20,,242157,23,0,34 29 30,1,70,,242158,1,0,31 29 30,1,30,,242160,23,0,34 29 30,1,60,,242161,1,0,31 29 30,1,40,,242163,23,0,34 29 30,1,70,,242164,1,0,31 29 30,1,30,,242166,23,0,34 29 30,1,70,,242167,1,0,31 29 30,1,30,,242169,23,0,34 29 30,1,70,,242170,1,0,31 29 30,1,30,,242172,23,0,34 29 30,1,70,,242173,1,0,31 29 30,1,30,,242175,23,0,34 29 30,1,70,,242176,1,0,31 29 30,1,30,,242178,23,0,34 29 30,1,100,,242180,23,0,34 29 30,1,91,,242181,45,0,57 29 30,1,95,,242182,45,0,57 29 30,1,97,,242183,45,0,57 29 30,1,95,,242184,45,0,57 29 30,1,102,,242185,45,0,57 29 30,1,100,,242186,45,0,57 29 30,1
2100,'20261012',547,,242187,45,0,57 29 30,1,100,,242188,45,0,57 29 30,1,78,,242189,45,0,57 29 30,1,30,,242190,1,0,31 29 30,1,80,,242192,23,0,34 29 30,1,20,,242193,1,0,31 29 30,1,60,,242195,1,0,31 29 30,1,20,,242196,23,0,34 29 30,1,20,,242197,1,0,31 29 30,1,60,,242199,1,0,31 29 30,1,25,,242200,23,0,34 29 30,1,60,,242201,1,0,31 29 30,1,20,,242203,1,0,31 29 30,1,20,,242204,23,0,34 29 30,1,70,,242205,1,0,31 29 30,1,30,,242207,23,0,34 29 30,1,60,,242208,1,0,31 29 30,1,40,,242210,23,0,34 29 30,1,70,,242211,1,0,31 29 30,1,30,,242213,23,0,34 29 30,1,70,,242214,1,0,31 29 30,1,30,,242216,23,0,34 29 30,1,70,,242217,1,0,31 29 30,1,30,,242219,23,0,34 29 30,1,70,,242220,1,0,31 29 30,1,30,,242222,23,0,34 29 30,1,70,,242223,1,0,31 29 30,1,30,,242225,23,0,34 29 30,1,100,,242227,23,0,34 29 30,1,65,,242228,1,0,31 29 30,1,26,,242229,45,0,57 29 30,1,95,,242230,45,0,57 29 30,1,97,,242231,45,0,57 29 30,1,95,,242232,45,0,57 29 30,1,102,,242233,45,0,57 29 30,1,100,,242234,45,0,57 29 30,1
2100,'20261013',445,,242235,45,,,1,80,,242236,45,,,1,25,,242237,45,,,1,360,,242238,1,0,31 29 30,1,20,,242240,1,0,31 29 30,1,20,,242243,1,0,31 29 30,1,70,,242246,1,0,31 29 30,1,30,,242249,1,0,31 29 30,1,70,,242252,1,0,31 29 30,1,25,,242253,21,0,16 29 30,1,70,,242256,1,0,31 29 30,1,28,,242257,21,0,16 29 30,1,57,,242260,1,0,31 29 30,1,28,,242261,21,0,16 29 30,1,72,,242263,1,0,31 29 30,1,38,,242264,21,0,16 29 30,1,98,,242266,21,0,16 29 30,1,74,,242268,1,0,31 29 30,1,21,,242269,21,0,16 29 30,1,74,,242270,1,0,31 29 30,1,32,,242271,45,,,1,105,,242272,45,,,1,91,,242273,45,,,1,97,,242274,45,,,1,97,,242275,45,,,1,98,,242276,45,,,1,97,,242277,45,,,1,100,,242278,45,,,1,104,,242279,45,,,1
2100,'20261014',445,,242280,45,,,1,80,,242281,45,,,1,25,,242282,45,,,1,360,,242283,1,0,31 29 30,1,20,,242285,1,0,31 29 30,1,20,,242288,1,0,31 29 30,1,70,,242291,1,0,31 29 30,1,30,,242294,1,0,31 29 30,1,70,,242297,1,0,31 29 30,1,25,,242298,21,0,16 29 30,1,70,,242301,1,0,31 29 30,1,28,,242302,21,0,16 29 30,1,57,,242305,1,0,31 29 30,1,28,,242306,21,0,16 29 30,1,72,,242308,1,0,31 29 30,1,38,,242309,21,0,16 29 30,1,98,,242311,21,0,16 29 30,1,74,,242313,1,0,31 29 30,1,21,,242314,21,0,16 29 30,1,74,,242315,1,0,31 29 30,1,32,,242316,45,,,1,105,,242317,45,,,1,91,,242318,45,,,1,97,,242319,45,,,1,97,,242320,45,,,1,98,,242321,45,,,1,97,,242322,45,,,1,100,,242323,45,,,1,104,,242324,45,,,1
2100,'20261015',445,,242325,45,,,1,80,,242326,45,,,1,25,,242327,45,,,1,360,,242328,1,0,31 29 30,1,20,,242330,1,0,31 29 30,1,20,,242333,1,0,31 29 30,1,70,,242336,1,0,31 29 30,1,30,,242339,1,0,31 29 30,1,70,,242342,1,0,31 29 30,1,25,,242343,21,0,16 29 30,1,70,,242346,1,0,31 29 30,1,28,,242347,21,0,16 29 30,1,57,,242350,1,0,31 29 30,1,28,,242351,21,0,16 29 30,1,72,,242353,1,0,31 29 30,1,38,,242354,21,0,16 29 30,1,98,,242356,21,0,16 29 30,1,74,,242358,1,0,31 29 30,1,21,,242359,21,0,16 29 30,1,74,,242360,1,0,31 29 30,1,32,,242361,45,,,1,105,,242362,45,,,1,91,,242363,45,,,1,97,,242364,45,,,1,97,,242365,45,,,1,98,,242366,45,,,1,97,,242367,45,,,1,100,,242368,45,,,1,104,,242369,45,,,1
2100,'20261016',445,,242370,45,,,1,80,,242371,45,,,1,25,,242372,45,,,1,360,,242373,1,0,31 29 30,1,20,,242375,1,0,31 29 30,1,20,,242378,1,0,31 29 30,1,70,,242381,1,0,31 29 30,1,30,,242384,1,0,31 29 30,1,70,,242387,1,0,31 29 30,1,25,,242388,21,0,16 29 30,1,70,,242391,1,0,31 29 30,1,28,,242392,21,0,16 29 30,1,57,,242395,1,0,31 29 30,1,28,,242396,21,0,16 29 30,1,72,,242398,1,0,31 29 30,1,38,,242399,21,0,16 29 30,1,98,,242401,21,0,16 29 30,1,74,,242403,1,0,31 29 30,1,21,,242404,21,0,16 29 30,1,74,,242405,1,0,31 29 30,1,32,,242406,45,,,1,105,,242407,45,,,1,91,,242408,45,,,1,97,,242409,45,,,1,97,,242410,45,,,1,98,,242411,45,,,1,97,,242412,45,,,1,100,,242413,45,,,1,104,,242414,45,,,1
2100,'20261017',547,,242415,45,0,57 29 30,1,100,,242416,45,0,57 29 30,1,78,,242417,45,0,57 29 30,1,30,,242418,1,0,31 29 30,1,80,,242420,23,0,34 29 30,1,20,,242421,1,0,31 29 30,1,60,,242423,1,0,31 29 30,1,20,,242424,23,0,34 29 30,1,20,,242425,1,0,31 29 30,1,60,,242427,1,0,31 29 30,1,25,,242428,23,0,34 29 30,1,60,,242429,1,0,31 29 30,1,20,,242431,1,0,31 29 30,1,20,,242432,23,0,34 29 30,1,70,,242433,1,0,31 29 30,1,30,,242435,23,0,34 29 30,1,60,,242436,1,0,31 29 30,1,40,,242438,23,0,34 29 30,1,70,,242439,1,0,31 29 30,1,30,,242441,23,0,34 29 30,1,70,,242442,1,0,31 29 30,1,30,,242444,23,0,34 29 30,1,70,,242445,1,0,31 29 30,1,30,,242447,23,0,34 29 30,1,70,,242448,1,0,31 29 30,1,30,,242450,23,0,34 29 30,1,70,,242451,1,0,31 29 30,1,30,,242453,23,0,34 29 30,1,100,,242455,23,0,34 29 30,1,65,,242456,1,0,31 29 30,1,26,,242457,45,0,57 29 30,1,95,,242458,45,0,57 29 30,1,97,,242459,45,0,57 29 30,1,95,,242460,45,0,57 29 30,1,102,,242461,45,0,57 29 30,1,100,,242462,45,0,57 29 30,1
2100,'20261018',547,,242463,45,0,57 29 30,1,100,,242464,45,0,57 29 30,1,78,,242465,45,0,57 29 30,1,110,,242467,23,0,34 29 30,1,80,,242469,1,0,31 29 30,1,20,,242470,23,0,34 29 30,1,80,,242472,1,0,31 29 30,1,25,,242473,23,0,34 29 30,1,80,,242475,1,0,31 29 30,1,20,,242476,23,0,34 29 30,1,70,,242477,1,0,31 29 30,1,30,,242479,23,0,34 29 30,1,60,,242480,1,0,31 29 30,1,40,,242482,23,0,34 29 30,1,70,,242483,1,0,31 29 30,1,30,,242485,23,0,34 29 30,1,70,,242486,1,0,31 29 30,1,30,,242488,23,0,34 29 30,1,70,,242489,1,0,31 29 30,1,30,,242491,23,0,34 29 30,1,70,,242492,1,0,31 29 30,1,30,,242494,23,0,34 29 30,1,70,,242495,1,0,31 29 30,1,30,,242497,23,0,34 29 30,1,100,,242499,23,0,34 29 30,1,91,,242500,45,0,57 29 30,1,95,,242501,45,0,57 29 30,1,97,,242502,45,0,57 29 30,1,95,,242503,45,0,57 29 30,1,102,,242504,45,0,57 29 30,1,100,,242505,45,0,57 29 30,1
2100,'20261019',445,,242506,45,,,1,80,,242507,45,,,1,25,,242508,45,,,1,360,,242509,1,0,31 29 30,1,20,,242511,1,0,31 29 30,1,20,,242514,1,0,31 29 30,1,70,,242517,1,0,31 29 30,1,30,,242520,1,0,31 29 30,1,70,,242523,1,0,31 29 30,1,25,,242524,21,0,16 29 30,1,70,,242527,1,0,31 29 30,1,28,,242528,21,0,16 29 30,1,57,,242531,1,0,31 29 30,1,28,,242532,21,0,16 29 30,1,72,,242534,1,0,31 29 30,1,38,,242535,21,0,16 29 30,1,98,,242537,21,0,16 29 30,1,74,,242539,1,0,31 29 30,1,21,,242540,21,0,16 29 30,1,74,,242541,1,0,31 29 30,1,32,,242542,45,,,1,105,,242543,45,,,1,91,,242544,45,,,1,97,,242545,45,,,1,97,,242546,45,,,1,98,,242547,45,,,1,97,,242548,45,,,1,100,,242549,45,,,1,104,,242550,45,,,1
2100,'20261020',445,,242551,45,,,1,80,,242552,45,,,1,25,,242553,45,,,1,360,,242554,1,0,31 29 30,1,20,,242556,1,0,31 29 30,1,20,,242559,1,0,31 29 30,1,70,,242562,1,0,31 29 30,1,30,,242565,1,0,31 29 30,1,70,,242568,1,0,31 29 30,1,25,,242569,21,0,16 29 30,1,70,,242572,1,0,31 29 30,1,28,,242573,21,0,16 29 30,1,57,,242576,1,0,31 29 30,1,28,,242577,21,0,16 29 30,1,72,,242579,1,0,31 29 30,1,38,,242580,21,0,16 29 30,1,98,,242582,21,0,16 29 30,1,74,,242584,1,0,31 29 30,1,21,,242585,21,0,16 29 30,1,74,,242586,1,0,31 29 30,1,32,,242587,45,,,1,105,,242588,45,,,1,91,,242589,45,,,1,97,,242590,45,,,1,97,,242591,45,,,1,98,,242592,45,,,1,97,,242593,45,,,1,100,,242594,45,,,1,104,,242595,45,,,1
2100,'20261021',445,,242596,45,,,1,80,,242597,45,,,1,25,,242598,45,,,1,360,,242599,1,0,31 29 30,1,20,,242601,1,0,31 29 30,1,20,,242604,1,0,31 29 30,1,70,,242607,1,0,31 29 30,1,30,,242610,1,0,31 29 30,1,70,,242613,1,0,31 29 30,1,25,,242614,21,0,16 29 30,1,70,,242617,1,0,31 29 30,1,28,,242618,21,0,16 29 30,1,57,,242621,1,0,31 29 30,1,28,,242622,21,0,16 29 30,1,72,,242624,1,0,31 29 30,1,38,,242625,21,0,16 29 30,1,98,,242627,21,0,16 29 30,1,74,,242629,1,0,31 29 30,1,21,,242630,21,0,16 29 30,1,74,,242631,1,0,31 29 30,1,32,,242632,45,,,1,105,,242633,45,,,1,91,,242634,45,,,1,97,,242635,45,,,1,97,,242636,45,,,1,98,,242637,45,,,1,97,,242638,45,,,1,100,,242639,45,,,1,104,,242640,45,,,1
2100,'20261022',445,,242641,45,,,1,80,,242642,45,,,1,25,,242643,45,,,1,360,,242644,1,0,31 29 30,1,20,,242646,1,0,31 29 30,1,20,,242649,1,0,31 29 30,1,70,,242652,1,0,31 29 30,1,30,,242655,1,0,31 29 30,1,70,,242658,1,0,31 29 30,1,25,,242659,21,0,16 29 30,1,70,,242662,1,0,31 29 30,1,28,,242663,21,0,16 29 30,1,57,,242666,1,0,31 29 30,1,28,,242667,21,0,16 29 30,1,72,,242669,1,0,31 29 30,1,38,,242670,21,0,16 29 30,1,98,,242672,21,0,16 29 30,1,74,,242674,1,0,31 29 30,1,21,,242675,21,0,16 29 30,1,74,,242676,1,0,31 29 30,1,32,,242677,45,,,1,105,,242678,45,,,1,91,,242679,45,,,1,97,,242680,45,,,1,97,,242681,45,,,1,98,,242682,45,,,1,97,,242683,45,,,1,100,,242684,45,,,1,104,,242685,45,,,1
2100,'20261023',445,,242686,45,,,1,80,,242687,45,,,1,25,,242688,45,,,1,360,,242689,1,0,31 29 30,1,20,,242691,1,0,31 29 30,1,20,,242694,1,0,31 29 30,1,70,,242697,1,0,31 29 30,1,30,,242700,1,0,31 29 30,1,70,,242703,1,0,31 29 30,1,25,,242704,21,0,16 29 30,1,70,,242707,1,0,31 29 30,1,28,,242708,21,0,16 29 30,1,57,,242711,1,0,31 29 30,1,28,,242712,21,0,16 29 30,1,72,,242714,1,0,31 29 30,1,38,,242715,21,0,16 29 30,1,98,,242717,21,0,16 29 30,1,74,,242719,1,0,31 29 30,1,21,,242720,21,0,16 29 30,1,74,,242721,1,0,31 29 30,1,32,,242722,45,,,1,105,,242723,45,,,1,91,,242724,45,,,1,97,,242725,45,,,1,97,,242726,45,,,1,98,,242727,45,,,1,97,,242728,45,,,1,100,,242729,45,,,1,104,,242730,45,,,1
2100,'20261024',547,,242731,45,0,57 29 30,1,100,,242732,45,0,57 29 30,1,78,,242733,45,0,57 29 30,1,30,,242734,1,0,31 29 30,1,80,,242736,23,0,34 29 30,1,20,,242737,1,0,31 29 30,1,60,,242739,1,0,31 29 30,1,20,,242740,23,0,34 29 30,1,20,,242741,1,0,31 29 30,1,60,,242743,1,0,31 29 30,1,25,,242744,23,0,34 29 30,1,60,,242745,1,0,31 29 30,1,20,,242747,1,0,31 29 30,1,20,,242748,23,0,34 29 30,1,70,,242749,1,0,31 29 30,1,30,,242751,23,0,34 29 30,1,60,,242752,1,0,31 29 30,1,40,,242754,23,0,34 29 30,1,70,,242755,1,0,31 29 30,1,30,,242757,23,0,34 29 30,1,70,,242758,1,0,31 29 30,1,30,,242760,23,0,34 29 30,1,70,,242761,1,0,31 29 30,1,30,,242763,23,0,34 29 30,1,70,,242764,1,0,31 29 30,1,30,,242766,23,0,34 29 30,1,70,,242767,1,0,31 29 30,1,30,,242769,23,0,34 29 30,1,100,,242771,23,0,34 29 30,1,65,,242772,1,0,31 29 30,1,26,,242773,45,0,57 29 30,1,95,,242774,45,0,57 29 30,1,97,,242775,45,0,57 29 30,1,95,,242776,45,0,57 29 30,1,102,,242777,45,0,57 29 30,1,100,,242778,45,0,57 29 30,1
2100,'20261025',547,,242779,45,0,57 29 30,1,100,,242780,45,0,57 29 30,1,78,,242781,45,0,57 29 30,1,110,,242783,23,0,34 29 30,1,80,,242785,1,0,31 29 30,1,20,,242786,23,0,34 29 30,1,80,,242788,1,0,31 29 30,1,25,,242789,23,0,34 29 30,1,80,,242791,1,0,31 29 30,1,20,,242792,23,0,34 29 30,1,70,,242793,1,0,31 29 30,1,30,,242795,23,0,34 29 30,1,60,,242796,1,0,31 29 30,1,40,,242798,23,0,34 29 30,1,70,,242799,1,0,31 29 30,1,30,,242801,23,0,34 29 30,1,70,,242802,1,0,31 29 30,1,30,,242804,23,0,34 29 30,1,70,,242805,1,0,31 29 30,1,30,,242807,23,0,34 29 30,1,70,,242808,1,0,31 29 30,1,30,,242810,23,0,34 29 30,1,70,,242811,1,0,31 29 30,1,30,,242813,23,0,34 29 30,1,100,,242815,23,0,34 29 30,1,91,,242816,45,0,57 29 30,1,95,,242817,45,0,57 29 30,1,97,,242818,45,0,57 29 30,1,95,,242819,45,0,57 29 30,1,102,,242820,45,0,57 29 30,1,100,,242821,45,0,57 29 30,1
2100,'20261026',445,,242822,45,,,1,80,,242823,45,,,1,25,,242824,45,,,1,360,,242825,1,0,31 29 30,1,20,,242827,1,0,31 29 30,1,20,,242830,1,0,31 29 30,1,70,,242833,1,0,31 29 30,1,30,,242836,1,0,31 29 30,1,70,,242839,1,0,31 29 30,1,25,,242840,21,0,16 29 30,1,70,,242843,1,0,31 29 30,1,28,,242844,21,0,16 29 30,1,57,,242847,1,0,31 29 30,1,28,,242848,21,0,16 29 30,1,72,,242850,1,0,31 29 30,1,38,,242851,21,0,16 29 30,1,98,,242853,21,0,16 29 30,1,74,,242855,1,0,31 29 30,1,21,,242856,21,0,16 29 30,1,74,,242857,1,0,31 29 30,1,32,,242858,45,,,1,105,,242859,45,,,1,91,,242860,45,,,1,97,,242861,45,,,1,97,,242862,45,,,1,98,,242863,45,,,1,97,,242864,45,,,1,100,,242865,45,,,1,104,,242866,45,,,1
2100,'20261027',445,,242867,45,,,1,80,,242868,45,,,1,25,,242869,45,,,1,360,,242870,1,0,31 29 30,1,20,,242872,1,0,31 29 30,1,20,,242875,1,0,31 29 30,1,70,,242878,1,0,31 29 30,1,30,,242881,1,0,31 29 30,1,70,,242884,1,0,31 29 30,1,25,,242885,21,0,16 29 30,1,70,,242888,1,0,31 29 30,1,28,,242889,21,0,16 29 30,1,57,,242892,1,0,31 29 30,1,28,,242893,21,0,16 29 30,1,72,,242895,1,0,31 29 30,1,38,,242896,21,0,16 29 30,1,98,,242898,21,0,16 29 30,1,74,,242900,1,0,31 29 30,1,21,,242901,21,0,16 29 30,1,74,,242902,1,0,31 29 30,1,32,,242903,45,,,1,105,,242904,45,,,1,91,,242905,45,,,1,97,,242906,45,,,1,97,,242907,45,,,1,98,,242908,45,,,1,97,,242909,45,,,1,100,,242910,45,,,1,104,,242911,45,,,1
2100,'20261028',445,,242912,45,,,1,80,,242913,45,,,1,25,,242914,45,,,1,360,,242915,1,0,31 29 30,1,20,,242917,1,0,31 29 30,1,20,,242920,1,0,31 29 30,1,70,,242923,1,0,31 29 30,1,30,,242926,1,0,31 29 30,1,70,,242929,1,0,31 29 30,1,25,,242930,21,0,16 29 30,1,70,,242933,1,0,31 29 30,1,28,,242934,21,0,16 29 30,1,57,,242937,1,0,31 29 30,1,28,,242938,21,0,16 29 30,1,72,,242940,1,0,31 29 30,1,38,,242941,21,0,16 29 30,1,98,,242943,21,0,16 29 30,1,74,,242945,1,0,31 29 30,1,21,,242946,21,0,16 29 30,1,74,,242947,1,0,31 29 30,1,32,,242948,45,,,1,105,,242949,45,,,1,91,,242950,45,,,1,97,,242951,45,,,1,97,,242952,45,,,1,98,,242953,45,,,1,97,,242954,45,,,1,100,,242955,45,,,1,104,,242956,45,,,1
2100,'20261029',445,,242957,45,,,1,80,,242958,45,,,1,25,,242959,45,,,1,360,,242960,1,0,31 29 30,1,20,,242962,1,0,31 29 30,1,20,,242965,1,0,31 29 30,1,70,,242968,1,0,31 29 30,1,30,,242971,1,0,31 29 30,1,70,,242974,1,0,31 29 30,1,25,,242975,21,0,16 29 30,1,70,,242978,1,0,31 29 30,1,28,,242979,21,0,16 29 30,1,57,,242982,1,0,31 29 30,1,28,,242983,21,0,16 29 30,1,72,,242985,1,0,31 29 30,1,38,,242986,21,0,16 29 30,1,98,,242988,21,0,16 29 30,1,74,,242990,1,0,31 29 30,1,21,,242991,21,0,16 29 30,1,74,,242992,1,0,31 29 30,1,32,,242993,45,,,1,105,,242994,45,,,1,91,,242995,45,,,1,97,,242996,45,,,1,97,,242997,45,,,1,98,,242998,45,,,1,97,,242999,45,,,1,100,,243000,45,,,1,104,,243001,45,,,1
2100,'20261030',445,,243002,45,,,1,80,,243003,45,,,1,25,,243004,45,,,1,360,,243005,1,0,31 29 30,1,20,,243007,1,0,31 29 30,1,20,,243010,1,0,31 29 30,1,70,,243013,1,0,31 29 30,1,30,,243016,1,0,31 29 30,1,70,,243019,1,0,31 29 30,1,25,,243020,21,0,16 29 30,1,70,,243023,1,0,31 29 30,1,28,,243024,21,0,16 29 30,1,57,,243027,1,0,31 29 30,1,28,,243028,21,0,16 29 30,1,72,,243030,1,0,31 29 30,1,38,,243031,21,0,16 29 30,1,98,,243033,21,0,16 29 30,1,74,,243035,1,0,31 29 30,1,21,,243036,21,0,16 29 30,1,74,,243037,1,0,31 29 30,1,32,,243038,45,,,1,105,,243039,45,,,1,91,,243040,45,,,1,97,,243041,45,,,1,97,,243042,45,,,1,98,,243043,45,,,1,97,,243044,45,,,1,100,,243045,45,,,1,104,,243046,45,,,1
2100,'20261031',547,,243047,45,0,57 29 30,1,100,,243048,45,0,57 29 30,1,78,,243049,45,0,57 29 30,1,30,,243050,1,0,31 29 30,1,80,,243052,23,0,34 29 30,1,20,,243053,1,0,31 29 30,1,60,,243055,1,0,31 29 30,1,20,,243056,23,0,34 29 30,1,20,,243057,1,0,31 29 30,1,60,,243059,1,0,31 29 30,1,25,,243060,23,0,34 29 30,1,60,,243061,1,0,31 29 30,1,20,,243063,1,0,31 29 30,1,20,,243064,23,0,34 29 30,1,70,,243065,1,0,31 29 30,1,30,,243067,23,0,34 29 30,1,60,,243068,1,0,31 29 30,1,40,,243070,23,0,34 29 30,1,70,,243071,1,0,31 29 30,1,30,,243073,23,0,34 29 30,1,70,,243074,1,0,31 29 30,1,30,,243076,23,0,34 29 30,1,70,,243077,1,0,31 29 30,1,30,,243079,23,0,34 29 30,1,70,,243080,1,0,31 29 30,1,30,,243082,23,0,34 29 30,1,70,,243083,1,0,31 29 30,1,30,,243085,23,0,34 29 30,1,100,,243087,23,0,34 29 30,1,65,,243088,1,0,31 29 30,1,26,,243089,45,0,57 29 30,1,95,,243090,45,0,57 29 30,1,97,,243091,45,0,57 29 30,1,95,,243092,45,0,57 29 30,1,102,,243093,45,0,57 29 30,1,100,,243094,45,0,57 29 30,1
2100,'20261101',547,,243095,45,0,57 29 30,1,100,,243096,45,0,57 29 30,1,78,,243097,45,0,57 29 30,1,110,,243099,23,0,34 29 30,1,80,,243101,1,0,31 29 30,1,20,,243102,23,0,34 29 30,1,80,,243104,1,0,31 29 30,1,25,,243105,23,0,34 29 30,1,80,,243107,1,0,31 29 30,1,20,,243108,23,0,34 29 30,1,70,,243109,1,0,31 29 30,1,30,,243111,23,0,34 29 30,1,60,,243112,1,0,31 29 30,1,40,,243114,23,0,34 29 30,1,70,,243115,1,0,31 29 30,1,30,,243117,23,0,34 29 30,1,70,,243118,1,0,31 29 30,1,30,,243120,23,0,34 29 30,1,70,,243121,1,0,31 29 30,1,30,,243123,23,0,34 29 30,1,70,,243124,1,0,31 29 30,1,30,,243126,23,0,34 29 30,1,70,,243127,1,0,31 29 30,1,30,,243129,23,0,34 29 30,1,100,,243131,23,0,34 29 30,1,91,,243132,45,0,57 29 30,1,95,,243133,45,0,57 29 30,1,97,,243134,45,0,57 29 30,1,95,,243135,45,0,57 29 30,1,102,,243136,45,0,57 29 30,1,100,,243137,45,0,57 29 30,1
2100,'20261102',445,,243138,45,,,1,80,,243139,45,,,1,25,,243140,45,,,1,360,,243141,1,0,31 29 30,1,20,,243143,1,0,31 29 30,1,20,,243146,1,0,31 29 30,1,70,,243149,1,0,31 29 30,1,30,,243152,1,0,31 29 30,1,70,,243155,1,0,31 29 30,1,25,,243156,21,0,16 29 30,1,70,,243159,1,0,31 29 30,1,28,,243160,21,0,16 29 30,1,57,,243163,1,0,31 29 30,1,28,,243164,21,0,16 29 30,1,72,,243166,1,0,31 29 30,1,38,,243167,21,0,16 29 30,1,98,,243169,21,0,16 29 30,1,74,,243171,1,0,31 29 30,1,21,,243172,21,0,16 29 30,1,74,,243173,1,0,31 29 30,1,32,,243174,45,,,1,105,,243175,45,,,1,91,,243176,45,,,1,97,,243177,45,,,1,97,,243178,45,,,1,98,,243179,45,,,1,97,,243180,45,,,1,100,,243181,45,,,1,104,,243182,45,,,1
2100,'20261103',445,,243183,45,,,1,80,,243184,45,,,1,25,,243185,45,,,1,360,,243186,1,0,31 29 30,1,20,,243188,1,0,31 29 30,1,20,,243191,1,0,31 29 30,1,70,,243194,1,0,31 29 30,1,30,,243197,1,0,31 29 30,1,70,,243200,1,0,31 29 30,1,25,,243201,21,0,16 29 30,1,70,,243204,1,0,31 29 30,1,28,,243205,21,0,16 29 30,1,57,,243208,1,0,31 29 30,1,28,,243209,21,0,16 29 30,1,72,,243211,1,0,31 29 30,1,38,,243212,21,0,16 29 30,1,98,,243214,21,0,16 29 30,1,74,,243216,1,0,31 29 30,1,21,,243217,21,0,16 29 30,1,74,,243218,1,0,31 29 30,1,32,,243219,45,,,1,105,,243220,45,,,1,91,,243221,45,,,1,97,,243222,45,,,1,97,,243223,45,,,1,98,,243224,45,,,1,97,,243225,45,,,1,100,,243226,45,,,1,104,,243227,45,,,1
2100,'20261104',445,,243228,45,,,1,80,,243229,45,,,1,25,,243230,45,,,1,360,,243231,1,0,31 29 30,1,20,,243233,1,0,31 29 30,1,20,,243236,1,0,31 29 30,1,70,,243239,1,0,31 29 30,1,30,,243242,1,0,31 29 30,1,70,,243245,1,0,31 29 30,1,25,,243246,21,0,16 29 30,1,70,,243249,1,0,31 29 30,1,28,,243250,21,0,16 29 30,1,57,,243253,1,0,31 29 30,1,28,,243254,21,0,16 29 30,1,72,,243256,1,0,31 29 30,1,38,,243257,21,0,16 29 30,1,98,,243259,21,0,16 29 30,1,74,,243261,1,0,31 29 30,1,21,,243262,21,0,16 29 30,1,74,,243263,1,0,31 29 30,1,32,,243264,45,,,1,105,,243265,45,,,1,91,,243266,45,,,1,97,,243267,45,,,1,97,,243268,45,,,1,98,,243269,45,,,1,97,,243270,45,,,1,100,,243271,45,,,1,104,,243272,45,,,1
2100,'20261105',445,,243273,45,,,1,80,,243274,45,,,1,25,,243275,45,,,1,360,,243276,1,0,31 29 30,1,20,,243278,1,0,31 29 30,1,20,,243281,1,0,31 29 30,1,70,,243284,1,0,31 29 30,1,30,,243287,1,0,31 29 30,1,70,,243290,1,0,31 29 30,1,25,,243291,21,0,16 29 30,1,70,,243294,1,0,31 29 30,1,28,,243295,21,0,16 29 30,1,57,,243298,1,0,31 29 30,1,28,,243299,21,0,16 29 30,1,72,,243301,1,0,31 29 30,1,38,,243302,21,0,16 29 30,1,98,,243304,21,0,16 29 30,1,74,,243306,1,0,31 29 30,1,21,,243307,21,0,16 29 30,1,74,,243308,1,0,31 29 30,1,32,,243309,45,,,1,105,,243310,45,,,1,91,,243311,45,,,1,97,,243312,45,,,1,97,,243313,45,,,1,98,,243314,45,,,1,97,,243315,45,,,1,100,,243316,45,,,1,104,,243317,45,,,1
2100,'20261106',445,,243318,45,,,1,80,,243319,45,,,1,25,,243320,45,,,1,360,,243321,1,0,31 29 30,1,20,,243323,1,0,31 29 30,1,20,,243326,1,0,31 29 30,1,70,,243329,1,0,31 29 30,1,30,,243332,1,0,31 29 30,1,70,,243335,1,0,31 29 30,1,25,,243336,21,0,16 29 30,1,70,,243339,1,0,31 29 30,1,28,,243340,21,0,16 29 30,1,57,,243343,1,0,31 29 30,1,28,,243344,21,0,16 29 30,1,72,,243346,1,0,31 29 30,1,38,,243347,21,0,16 29 30,1,98,,243349,21,0,16 29 30,1,74,,243351,1,0,31 29 30,1,21,,243352,21,0,16 29 30,1,74,,243353,1,0,31 29 30,1,32,,243354,45,,,1,105,,243355,45,,,1,91,,243356,45,,,1,97,,243357,45,,,1,97,,243358,45,,,1,98,,243359,45,,,1,97,,243360,45,,,1,100,,243361,45,,,1,104,,243362,45,,,1
2100,'20261107',547,,243363,45,0,57 29 30,1,100,,243364,45,0,57 29 30,1,78,,243365,45,0,57 29 30,1,30,,243366,1,0,31 29 30,1,80,,243368,23,0,34 29 30,1,20,,243369,1,0,31 29 30,1,60,,243371,1,0,31 29 30,1,20,,243372,23,0,34 29 30,1,20,,243373,1,0,31 29 30,1,60,,243375,1,0,31 29 30,1,25,,243376,23,0,34 29 30,1,60,,243377,1,0,31 29 30,1,20,,243379,1,0,31 29 30,1,20,,243380,23,0,34 29 30,1,70,,243381,1,0,31 29 30,1,30,,243383,23,0,34 29 30,1,60,,243384,1,0,31 29 30,1,40,,243386,23,0,34 29 30,1,70,,243387,1,0,31 29 30,1,30,,243389,23,0,34 29 30,1,70,,243390,1,0,31 29 30,1,30,,243392,23,0,34 29 30,1,70,,243393,1,0,31 29 30,1,30,,243395,23,0,34 29 30,1,70,,243396,1,0,31 29 30,1,30,,243398,23,0,34 29 30,1,70,,243399,1,0,31 29 30,1,30,,243401,23,0,34 29 30,1,100,,243403,23,0,34 29 30,1,65,,243404,1,0,31 29 30,1,26,,243405,45,0,57 29 30,1,95,,243406,45,0,57 29 30,1,97,,243407,45,0,57 29 30,1,95,,243408,45,0,57 29 30,1,102,,243409,45,0,57 29 30,1,100,,243410,45,0,57 29 30,1
2100,'20261108',547,,243411,45,0,57 29 30,1,100,,243412,45,0,57 29 30,1,78,,243413,45,0,57 29 30,1,110,,243415,23,0,34 29 30,1,80,,243417,1,0,31 29 30,1,20,,243418,23,0,34 29 30,1,80,,243420,1,0,31 29 30,1,25,,243421,23,0,34 29 30,1,80,,243423,1,0,31 29 30,1,20,,243424,23,0,34 29 30,1,70,,243425,1,0,31 29 30,1,30,,243427,23,0,34 29 30,1,60,,243428,1,0,31 29 30,1,40,,243430,23,0,34 29 30,1,70,,243431,1,0,31 29 30,1,30,,243433,23,0,34 29 30,1,70,,243434,1,0,31 29 30,1,30,,243436,23,0,34 29 30,1,70,,243437,1,0,31 29 30,1,30,,243439,23,0,34 29 30,1,70,,243440,1,0,31 29 30,1,30,,243442,23,0,34 29 30,1,70,,243443,1,0,31 29 30,1,30,,243445,23,0,34 29 30,1,100,,243447,23,0,34 29 30,1,91,,243448,45,0,57 29 30,1,95,,243449,45,0,57 29 30,1,97,,243450,45,0,57 29 30,1,95,,243451,45,0,57 29 30,1,102,,243452,45,0,57 29 30,1,100,,243453,45,0,57 29 30,1
2100,'20261109',445,,243454,45,,,1,80,,243455,45,,,1,25,,243456,45,,,1,360,,243457,1,0,31 29 30,1,20,,243459,1,0,31 29 30,1,20,,243462,1,0,31 29 30,1,70,,243465,1,0,31 29 30,1,30,,243468,1,0,31 29 30,1,70,,243471,1,0,31 29 30,1,25,,243472,21,0,16 29 30,1,70,,243475,1,0,31 29 30,1,28,,243476,21,0,16 29 30,1,57,,243479,1,0,31 29 30,1,28,,243480,21,0,16 29 30,1,72,,243482,1,0,31 29 30,1,38,,243483,21,0,16 29 30,1,98,,243485,21,0,16 29 30,1,74,,243487,1,0,31 29 30,1,21,,243488,21,0,16 29 30,1,74,,243489,1,0,31 29 30,1,32,,243490,45,,,1,105,,243491,45,,,1,91,,243492,45,,,1,97,,243493,45,,,1,97,,243494,45,,,1,98,,243495,45,,,1,97,,243496,45,,,1,100,,243497,45,,,1,104,,243498,45,,,1
2100,'20261110',445,,243499,45,,,1,80,,243500,45,,,1,25,,243501,45,,,1,360,,243502,1,0,31 29 30,1,20,,243504,1,0,31 29 30,1,20,,243507,1,0,31 29 30,1,70,,243510,1,0,31 29 30,1,30,,243513,1,0,31 29 30,1,70,,243516,1,0,31 29 30,1,25,,243517,21,0,16 29 30,1,70,,243520,1,0,31 29 30,1,28,,243521,21,0,16 29 30,1,57,,243524,1,0,31 29 30,1,28,,243525,21,0,16 29 30,1,72,,243527,1,0,31 29 30,1,38,,243528,21,0,16 29 30,1,98,,243530,21,0,16 29 30,1,74,,243532,1,0,31 29 30,1,21,,243533,21,0,16 29 30,1,74,,243534,1,0,31 29 30,1,32,,243535,45,,,1,105,,243536,45,,,1,91,,243537,45,,,1,97,,243538,45,,,1,97,,243539,45,,,1,98,,243540,45,,,1,97,,243541,45,,,1,100,,243542,45,,,1,104,,243543,45,,,1
2100,'20261111',445,,243544,45,,,1,80,,243545,45,,,1,25,,243546,45,,,1,360,,243547,1,0,31 29 30,1,20,,243549,1,0,31 29 30,1,20,,243552,1,0,31 29 30,1,70,,243555,1,0,31 29 30,1,30,,243558,1,0,31 29 30,1,70,,243561,1,0,31 29 30,1,25,,243562,21,0,16 29 30,1,70,,243565,1,0,31 29 30,1,28,,243566,21,0,16 29 30,1,57,,243569,1,0,31 29 30,1,28,,243570,21,0,16 29 30,1,72,,243572,1,0,31 29 30,1,38,,243573,21,0,16 29 30,1,98,,243575,21,0,16 29 30,1,74,,243577,1,0,31 29 30,1,21,,243578,21,0,16 29 30,1,74,,243579,1,0,31 29 30,1,32,,243580,45,,,1,105,,243581,45,,,1,91,,243582,45,,,1,97,,243583,45,,,1,97,,243584,45,,,1,98,,243585,45,,,1,97,,243586,45,,,1,100,,243587,45,,,1,104,,243588,45,,,1
2100,'20261112',445,,243589,45,,,1,80,,243590,45,,,1,25,,243591,45,,,1,360,,243592,1,0,31 29 30,1,20,,243594,1,0,31 29 30,1,20,,243597,1,0,31 29 30,1,70,,243600,1,0,31 29 30,1,30,,243603,1,0,31 29 30,1,70,,243606,1,0,31 29 30,1,25,,243607,21,0,16 29 30,1,70,,243610,1,0,31 29 30,1,28,,243611,21,0,16 29 30,1,57,,243614,1,0,31 29 30,1,28,,243615,21,0,16 29 30,1,72,,243617,1,0,31 29 30,1,38,,243618,21,0,16 29 30,1,98,,243620,21,0,16 29 30,1,74,,243622,1,0,31 29 30,1,21,,243623,21,0,16 29 30,1,74,,243624,1,0,31 29 30,1,32,,243625,45,,,1,105,,243626,45,,,1,91,,243627,45,,,1,97,,243628,45,,,1,97,,243629,45,,,1,98,,243630,45,,,1,97,,243631,45,,,1,100,,243632,45,,,1,104,,243633,45,,,1
2100,'20261113',445,,243634,45,,,1,80,,243635,45,,,1,25,,243636,45,,,1,360,,243637,1,0,31 29 30,1,20,,243639,1,0,31 29 30,1,20,,243642,1,0,31 29 30,1,70,,243645,1,0,31 29 30,1,30,,243648,1,0,31 29 30,1,70,,243651,1,0,31 29 30,1,25,,243652,21,0,16 29 30,1,70,,243655,1,0,31 29 30,1,28,,243656,21,0,16 29 30,1,57,,243659,1,0,31 29 30,1,28,,243660,21,0,16 29 30,1,72,,243662,1,0,31 29 30,1,38,,243663,21,0,16 29 30,1,98,,243665,21,0,16 29 30,1,74,,243667,1,0,31 29 30,1,21,,243668,21,0,16 29 30,1,74,,243669,1,0,31 29 30,1,32,,243670,45,,,1,105,,243671,45,,,1,91,,243672,45,,,1,97,,243673,45,,,1,97,,243674,45,,,1,98,,243675,45,,,1,97,,243676,45,,,1,100,,243677,45,,,1,104,,243678,45,,,1
2100,'20261114',547,,243679,45,0,57 29 30,1,100,,243680,45,0,57 29 30,1,78,,243681,45,0,57 29 30,1,30,,243682,1,0,31 29 30,1,80,,243684,23,0,34 29 30,1,20,,243685,1,0,31 29 30,1,60,,243687,1,0,31 29 30,1,20,,243688,23,0,34 29 30,1,20,,243689,1,0,31 29 30,1,60,,243691,1,0,31 29 30,1,25,,243692,23,0,34 29 30,1,60,,243693,1,0,31 29 30,1,20,,243695,1,0,31 29 30,1,20,,243696,23,0,34 29 30,1,70,,243697,1,0,31 29 30,1,30,,243699,23,0,34 29 30,1,60,,243700,1,0,31 29 30,1,40,,243702,23,0,34 29 30,1,70,,243703,1,0,31 29 30,1,30,,243705,23,0,34 29 30,1,70,,243706,1,0,31 29 30,1,30,,243708,23,0,34 29 30,1,70,,243709,1,0,31 29 30,1,30,,243711,23,0,34 29 30,1,70,,243712,1,0,31 29 30,1,30,,243714,23,0,34 29 30,1,70,,243715,1,0,31 29 30,1,30,,243717,23,0,34 29 30,1,100,,243719,23,0,34 29 30,1,65,,243720,1,0,31 29 30,1,26,,243721,45,0,57 29 30,1,95,,243722,45,0,57 29 30,1,97,,243723,45,0,57 29 30,1,95,,243724,45,0,57 29 30,1,102,,243725,45,0,57 29 30,1,100,,243726,45,0,57 29 30,1
2100,'20261115',547,,243727,45,0,57 29 30,1,100,,243728,45,0,57 29 30,1,78,,243729,45,0,57 29 30,1,110,,243731,23,0,34 29 30,1,80,,243733,1,0,31 29 30,1,20,,243734,23,0,34 29 30,1,80,,243736,1,0,31 29 30,1,25,,243737,23,0,34 29 30,1,80,,243739,1,0,31 29 30,1,20,,243740,23,0,34 29 30,1,70,,243741,1,0,31 29 30,1,30,,243743,23,0,34 29 30,1,60,,243744,1,0,31 29 30,1,40,,243746,23,0,34 29 30,1,70,,243747,1,0,31 29 30,1,30,,243749,23,0,34 29 30,1,70,,243750,1,0,31 29 30,1,30,,243752,23,0,34 29 30,1,70,,243753,1,0,31 29 30,1,30,,243755,23,0,34 29 30,1,70,,243756,1,0,31 29 30,1,30,,243758,23,0,34 29 30,1,70,,243759,1,0,31 29 30,1,30,,243761,23,0,34 29 30,1,100,,243763,23,0,34 29 30,1,91,,243764,45,0,57 29 30,1,95,,243765,45,0,57 29 30,1,97,,243766,45,0,57 29 30,1,95,,243767,45,0,57 29 30,1,102,,243768,45,0,57 29 30,1,100,,243769,45,0,57 29 30,1
2100,'20261116',445,,243770,45,,,1,80,,243771,45,,,1,25,,243772,45,,,1,360,,243773,1,0,31 29 30,1,20,,243775,1,0,31 29 30,1,20,,243778,1,0,31 29 30,1,70,,243781,1,0,31 29 30,1,30,,243784,1,0,31 29 30,1,70,,243787,1,0,31 29 30,1,25,,243788,21,0,16 29 30,1,70,,243791,1,0,31 29 30,1,28,,243792,21,0,16 29 30,1,57,,243795,1,0,31 29 30,1,28,,243796,21,0,16 29 30,1,72,,243798,1,0,31 29 30,1,38,,243799,21,0,16 29 30,1,98,,243801,21,0,16 29 30,1,74,,243803,1,0,31 29 30,1,21,,243804,21,0,16 29 30,1,74,,243805,1,0,31 29 30,1,32,,243806,45,,,1,105,,243807,45,,,1,91,,243808,45,,,1,97,,243809,45,,,1,97,,243810,45,,,1,98,,243811,45,,,1,97,,243812,45,,,1,100,,243813,45,,,1,104,,243814,45,,,1
2100,'20261117',445,,243815,45,,,1,80,,243816,45,,,1,25,,243817,45,,,1,360,,243818,1,0,31 29 30,1,20,,243820,1,0,31 29 30,1,20,,243823,1,0,31 29 30,1,70,,243826,1,0,31 29 30,1,30,,243829,1,0,31 29 30,1,70,,243832,1,0,31 29 30,1,25,,243833,21,0,16 29 30,1,70,,243836,1,0,31 29 30,1,28,,243837,21,0,16 29 30,1,57,,243840,1,0,31 29 30,1,28,,243841,21,0,16 29 30,1,72,,243843,1,0,31 29 30,1,38,,243844,21,0,16 29 30,1,98,,243846,21,0,16 29 30,1,74,,243848,1,0,31 29 30,1,21,,243849,21,0,16 29 30,1,74,,243850,1,0,31 29 30,1,32,,243851,45,,,1,105,,243852,45,,,1,91,,243853,45,,,1,97,,243854,45,,,1,97,,243855,45,,,1,98,,243856,45,,,1,97,,243857,45,,,1,100,,243858,45,,,1,104,,243859,45,,,1
2100,'20261118',445,,243860,45,,,1,80,,243861,45,,,1,25,,243862,45,,,1,360,,243863,1,0,31 29 30,1,20,,243865,1,0,31 29 30,1,20,,243868,1,0,31 29 30,1,70,,243871,1,0,31 29 30,1,30,,243874,1,0,31 29 30,1,70,,243877,1,0,31 29 30,1,25,,243878,21,0,16 29 30,1,70,,243881,1,0,31 29 30,1,28,,243882,21,0,16 29 30,1,57,,243885,1,0,31 29 30,1,28,,243886,21,0,16 29 30,1,72,,243888,1,0,31 29 30,1,38,,243889,21,0,16 29 30,1,98,,243891,21,0,16 29 30,1,74,,243893,1,0,31 29 30,1,21,,243894,21,0,16 29 30,1,74,,243895,1,0,31 29 30,1,32,,243896,45,,,1,105,,243897,45,,,1,91,,243898,45,,,1,97,,243899,45,,,1,97,,243900,45,,,1,98,,243901,45,,,1,97,,243902,45,,,1,100,,243903,45,,,1,104,,243904,45,,,1
2100,'20261119',445,,243905,45,,,1,80,,243906,45,,,1,25,,243907,45,,,1,360,,243908,1,0,31 29 30,1,20,,243910,1,0,31 29 30,1,20,,243913,1,0,31 29 30,1,70,,243916,1,0,31 29 30,1,30,,243919,1,0,31 29 30,1,70,,243922,1,0,31 29 30,1,25,,243923,21,0,16 29 30,1,70,,243926,1,0,31 29 30,1,28,,243927,21,0,16 29 30,1,57,,243930,1,0,31 29 30,1,28,,243931,21,0,16 29 30,1,72,,243933,1,0,31 29 30,1,38,,243934,21,0,16 29 30,1,98,,243936,21,0,16 29 30,1,74,,243938,1,0,31 29 30,1,21,,243939,21,0,16 29 30,1,74,,243940,1,0,31 29 30,1,32,,243941,45,,,1,105,,243942,45,,,1,91,,243943,45,,,1,97,,243944,45,,,1,97,,243945,45,,,1,98,,243946,45,,,1,97,,243947,45,,,1,100,,243948,45,,,1,104,,243949,45,,,1
2100,'20261120',445,,243950,45,,,1,80,,243951,45,,,1,25,,243952,45,,,1,360,,243953,1,0,31 29 30,1,20,,243955,1,0,31 29 30,1,20,,243958,1,0,31 29 30,1,70,,243961,1,0,31 29 30,1,30,,243964,1,0,31 29 30,1,70,,243967,1,0,31 29 30,1,25,,243968,21,0,16 29 30,1,70,,243971,1,0,31 29 30,1,28,,243972,21,0,16 29 30,1,57,,243975,1,0,31 29 30,1,28,,243976,21,0,16 29 30,1,72,,243978,1,0,31 29 30,1,38,,243979,21,0,16 29 30,1,98,,243981,21,0,16 29 30,1,74,,243983,1,0,31 29 30,1,21,,243984,21,0,16 29 30,1,74,,243985,1,0,31 29 30,1,32,,243986,45,,,1,105,,243987,45,,,1,91,,243988,45,,,1,97,,243989,45,,,1,97,,243990,45,,,1,98,,243991,45,,,1,97,,243992,45,,,1,100,,243993,45,,,1,104,,243994,45,,,1
2100,'20261121',547,,243995,45,0,57 29 30,1,100,,243996,45,0,57 29 30,1,78,,243997,45,0,57 29 30,1,30,,243998,1,0,31 29 30,1,80,,244000,23,0,34 29 30,1,20,,244001,1,0,31 29 30,1,60,,244003,1,0,31 29 30,1,20,,244004,23,0,34 29 30,1,20,,244005,1,0,31 29 30,1,60,,244007,1,0,31 29 30,1,25,,244008,23,0,34 29 30,1,60,,244009,1,0,31 29 30,1,20,,244011,1,0,31 29 30,1,20,,244012,23,0,34 29 30,1,70,,244013,1,0,31 29 30,1,30,,244015,23,0,34 29 30,1,60,,244016,1,0,31 29 30,1,40,,244018,23,0,34 29 30,1,70,,244019,1,0,31 29 30,1,30,,244021,23,0,34 29 30,1,70,,244022,1,0,31 29 30,1,30,,244024,23,0,34 29 30,1,70,,244025,1,0,31 29 30,1,30,,244027,23,0,34 29 30,1,70,,244028,1,0,31 29 30,1,30,,244030,23,0,34 29 30,1,70,,244031,1,0,31 29 30,1,30,,244033,23,0,34 29 30,1,100,,244035,23,0,34 29 30,1,65,,244036,1,0,31 29 30,1,26,,244037,45,0,57 29 30,1,95,,244038,45,0,57 29 30,1,97,,244039,45,0,57 29 30,1,95,,244040,45,0,57 29 30,1,102,,244041,45,0,57 29 30,1,100,,244042,45,0,57 29 30,1
2100,'20261122',547,,244043,45,0,57 29 30,1,100,,244044,45,0,57 29 30,1,78,,244045,45,0,57 29 30,1,110,,244047,23,0,34 29 30,1,80,,244049,1,0,31 29 30,1,20,,244050,23,0,34 29 30,1,80,,244052,1,0,31 29 30,1,25,,244053,23,0,34 29 30,1,80,,244055,1,0,31 29 30,1,20,,244056,23,0,34 29 30,1,70,,244057,1,0,31 29 30,1,30,,244059,23,0,34 29 30,1,60,,244060,1,0,31 29 30,1,40,,244062,23,0,34 29 30,1,70,,244063,1,0,31 29 30,1,30,,244065,23,0,34 29 30,1,70,,244066,1,0,31 29 30,1,30,,244068,23,0,34 29 30,1,70,,244069,1,0,31 29 30,1,30,,244071,23,0,34 29 30,1,70,,244072,1,0,31 29 30,1,30,,244074,23,0,34 29 30,1,70,,244075,1,0,31 29 30,1,30,,244077,23,0,34 29 30,1,100,,244079,23,0,34 29 30,1,91,,244080,45,0,57 29 30,1,95,,244081,45,0,57 29 30,1,97,,244082,45,0,57 29 30,1,95,,244083,45,0,57 29 30,1,102,,244084,45,0,57 29 30,1,100,,244085,45,0,57 29 30,1
2100,'20261123',445,,244086,45,,,1,80,,244087,45,,,1,25,,244088,45,,,1,360,,244089,1,0,31 29 30,1,20,,244091,1,0,31 29 30,1,20,,244094,1,0,31 29 30,1,70,,244097,1,0,31 29 30,1,30,,244100,1,0,31 29 30,1,70,,244103,1,0,31 29 30,1,25,,244104,21,0,16 29 30,1,70,,244107,1,0,31 29 30,1,28,,244108,21,0,16 29 30,1,57,,244111,1,0,31 29 30,1,28,,244112,21,0,16 29 30,1,72,,244114,1,0,31 29 30,1,38,,244115,21,0,16 29 30,1,98,,244117,21,0,16 29 30,1,74,,244119,1,0,31 29 30,1,21,,244120,21,0,16 29 30,1,74,,244121,1,0,31 29 30,1,32,,244122,45,,,1,105,,244123,45,,,1,91,,244124,45,,,1,97,,244125,45,,,1,97,,244126,45,,,1,98,,244127,45,,,1,97,,244128,45,,,1,100,,244129,45,,,1,104,,244130,45,,,1
2100,'20261124',445,,244131,45,,,1,80,,244132,45,,,1,25,,244133,45,,,1,360,,244134,1,0,31 29 30,1,20,,244136,1,0,31 29 30,1,20,,244139,1,0,31 29 30,1,70,,244142,1,0,31 29 30,1,30,,244145,1,0,31 29 30,1,70,,244148,1,0,31 29 30,1,25,,244149,21,0,16 29 30,1,70,,244152,1,0,31 29 30,1,28,,244153,21,0,16 29 30,1,57,,244156,1,0,31 29 30,1,28,,244157,21,0,16 29 30,1,72,,244159,1,0,31 29 30,1,38,,244160,21,0,16 29 30,1,98,,244162,21,0,16 29 30,1,74,,244164,1,0,31 29 30,1,21,,244165,21,0,16 29 30,1,74,,244166,1,0,31 29 30,1,32,,244167,45,,,1,105,,244168,45,,,1,91,,244169,45,,,1,97,,244170,45,,,1,97,,244171,45,,,1,98,,244172,45,,,1,97,,244173,45,,,1,100,,244174,45,,,1,104,,244175,45,,,1
2100,'20261125',445,,244176,45,,,1,80,,244177,45,,,1,25,,244178,45,,,1,360,,244179,1,0,31 29 30,1,20,,244181,1,0,31 29 30,1,20,,244184,1,0,31 29 30,1,70,,244187,1,0,31 29 30,1,30,,244190,1,0,31 29 30,1,70,,244193,1,0,31 29 30,1,25,,244194,21,0,16 29 30,1,70,,244197,1,0,31 29 30,1,28,,244198,21,0,16 29 30,1,57,,244201,1,0,31 29 30,1,28,,244202,21,0,16 29 30,1,72,,244204,1,0,31 29 30,1,38,,244205,21,0,16 29 30,1,98,,244207,21,0,16 29 30,1,74,,244209,1,0,31 29 30,1,21,,244210,21,0,16 29 30,1,74,,244211,1,0,31 29 30,1,32,,244212,45,,,1,105,,244213,45,,,1,91,,244214,45,,,1,97,,244215,45,,,1,97,,244216,45,,,1,98,,244217,45,,,1,97,,244218,45,,,1,100,,244219,45,,,1,104,,244220,45,,,1
2100,'20261126',445,,244221,45,,,1,80,,244222,45,,,1,25,,244223,45,,,1,360,,244224,1,0,31 29 30,1,20,,244226,1,0,31 29 30,1,20,,244229,1,0,31 29 30,1,70,,244232,1,0,31 29 30,1,30,,244235,1,0,31 29 30,1,70,,244238,1,0,31 29 30,1,25,,244239,21,0,16 29 30,1,70,,244242,1,0,31 29 30,1,28,,244243,21,0,16 29 30,1,57,,244246,1,0,31 29 30,1,28,,244247,21,0,16 29 30,1,72,,244249,1,0,31 29 30,1,38,,244250,21,0,16 29 30,1,98,,244252,21,0,16 29 30,1,74,,244254,1,0,31 29 30,1,21,,244255,21,0,16 29 30,1,74,,244256,1,0,31 29 30,1,32,,244257,45,,,1,105,,244258,45,,,1,91,,244259,45,,,1,97,,244260,45,,,1,97,,244261,45,,,1,98,,244262,45,,,1,97,,244263,45,,,1,100,,244264,45,,,1,104,,244265,45,,,1
2100,'20261127',445,,244266,45,,,1,80,,244267,45,,,1,25,,244268,45,,,1,360,,244269,1,0,31 29 30,1,20,,244271,1,0,31 29 30,1,20,,244274,1,0,31 29 30,1,70,,244277,1,0,31 29 30,1,30,,244280,1,0,31 29 30,1,70,,244283,1,0,31 29 30,1,25,,244284,21,0,16 29 30,1,70,,244287,1,0,31 29 30,1,28,,244288,21,0,16 29 30,1,57,,244291,1,0,31 29 30,1,28,,244292,21,0,16 29 30,1,72,,244294,1,0,31 29 30,1,38,,244295,21,0,16 29 30,1,98,,244297,21,0,16 29 30,1,74,,244299,1,0,31 29 30,1,21,,244300,21,0,16 29 30,1,74,,244301,1,0,31 29 30,1,32,,244302,45,,,1,105,,244303,45,,,1,91,,244304,45,,,1,97,,244305,45,,,1,97,,244306,45,,,1,98,,244307,45,,,1,97,,244308,45,,,1,100,,244309,45,,,1,104,,244310,45,,,1
2500,'20260910',705,,249128,11,4,,1,100,,249129,11,4,,1,100,,249130,11,4,,1,105,,249131,11,4,,1,105,,249132,11,4,,1,100,,249133,11,4,,1,100,,249134,11,4,,1,20,,249135,4,4,,1,80,,249136,11,4,,1,30,,249137,5,4,,1,70,,249138,11,4,,1,35,,249139,5,4,,1,50,,249141,4,4,,1,15,,249142,5,4,,1,5,,249140,11,4,,1,30,,249143,5,4,,1,70,,249145,4,4,,1,15,,249144,11,4,,1,10,,249146,5,4,,1,65,,249148,5,4,,1,15,,249147,11,4,,1,15,,249149,5,4,,1,10,,249151,4,4,,1,5,,249152,5,4,,1,55,,249150,11,4,,1,20,,249153,11,4,,1,5,,249154,5,4,,1,20,,249155,5,4,,1,65,,249156,11,4,,1,20,,249157,4,4,,1,70,,249158,11,4,,1,30,,249159,4,4,,1,70,,249160,11,4,,1,100,,249161,11,4,,1,100,,249162,11,4,,1
2500,'20260911',705,,249163,11,4,,1,100,,249164,11,4,,1,100,,249165,11,4,,1,105,,249166,11,4,,1,105,,249167,11,4,,1,100,,249168,11,4,,1,20,,249169,4,4,,1,80,,249170,11,4,,1,20,,249171,4,4,,1,80,,249172,11,4,,1,20,,249173,4,4,,1,10,,249174,5,4,,1,70,,249175,11,4,,1,25,,249176,4,4,,1,10,,249177,5,4,,1,50,,249179,4,4,,1,15,,249180,5,4,,1,5,,249178,11,4,,1,20,,249181,4,4,,1,10,,249182,5,4,,1,70,,249184,4,4,,1,15,,249183,11,4,,1,10,,249185,5,4,,1,65,,249187,5,4,,1,15,,249186,11,4,,1,15,,249188,5,4,,1,10,,249190,4,4,,1,5,,249191,5,4,,1,55,,249189,11,4,,1,20,,249192,11,4,,1,5,,249193,5,4,,1,20,,249194,5,4,,1,65,,249196,5,4,,1,20,,249197,4,4,,1,70,,249198,11,4,,1,30,,249199,4,4,,1,70,,249200,11,4,,1,100,,249201,11,4,,1,100,,249202,11,4,,1
2500,'20260912',635,,249203,11,4,,1,200,,249204,11,4,,1,80,,249206,4,4,,1,15,,249205,11,4,,1,100,,249208,4,4,,1,5,,249207,12,4,,1,10,,249209,4,4,,1,80,,249211,4,4,,1,10,,249212,4,4,,1,95,,249213,12,4,,1,5,,249214,4,4,,1,10,,249215,4,4,,1,85,,249217,4,4,,1,10,,249218,4,4,,1,90,,249220,4,4,,1,15,,249221,4,4,,1,85,,249223,4,4,,1,100,,249225,4,4,,1,70,,249227,4,4,,1,30,,249228,4,4,,1,70,,249230,4,4,,1,30,,249231,4,4,,1,75,,249233,4,4,,1,20,,249234,4,4,,1,5,,249232,12,4,,1,100,,249236,4,4,,1,10,,249235,12,4,,1,65,,249238,4,4,,1,35,,249237,12,4,,1,90,,249239,11,4,,1,100,,249240,11,4,,1,105,,249241,11,4,,1
2500,'20260913',635,,249242,11,4,,1,200,,249243,11,4,,1,80,,249245,4,4,,1,15,,249244,11,4,,1,100,,249247,4,4,,1,5,,249246,12,4,,1,10,,249248,4,4,,1,80,,249250,4,4,,1,10,,249251,4,4,,1,95,,249252,12,4,,1,5,,249253,4,4,,1,10,,249254,4,4,,1,85,,249256,4,4,,1,10,,249257,4,4,,1,90,,249259,4,4,,1,15,,249260,4,4,,1,85,,249262,4,4,,1,100,,249264,4,4,,1,70,,249266,4,4,,1,30,,249267,4,4,,1,70,,249269,4,4,,1,30,,249270,4,4,,1,75,,249272,4,4,,1,20,,249273,4,4,,1,5,,249271,12,4,,1,100,,249275,4,4,,1,10,,249274,12,4,,1,65,,249277,4,4,,1,35,,249276,12,4,,1,90,,249278,11,4,,1,100,,249279,11,4,,1,105,,249280,11,4,,1
2500,'20260914',705,,249281,11,4,,1,100,,249282,11,4,,1,100,,249283,11,4,,1,105,,249284,11,4,,1,105,,249285,11,4,,1,100,,249286,11,4,,1,100,,249287,11,4,,1,100,,249288,11,4,,1,100,,249289,11,4,,1,100,,249291,5,4,,1,5,,249290,11,4,,1,100,,249293,4,4,,1,15,,249292,11,4,,1,90,,249294,11,4,,1,15,,249295,5,4,,1,15,,249297,5,4,,1,55,,249296,11,4,,1,20,,249298,11,4,,1,5,,249299,5,4,,1,85,,249300,11,4,,1,90,,249301,11,4,,1,100,,249302,11,4,,1,100,,249303,11,4,,1,100,,249304,11,4,,1
2500,'20260915',705,,249305,11,4,,1,100,,249306,11,4,,1,100,,249307,11,4,,1,105,,249308,11,4,,1,105,,249309,11,4,,1,100,,249310,11,4,,1,100,,249311,11,4,,1,100,,249312,11,4,,1,100,,249313,11,4,,1,100,,249315,5,4,,1,5,,249314,11,4,,1,100,,249317,4,4,,1,15,,249316,11,4,,1,90,,249318,11,4,,1,15,,249319,5,4,,1,15,,249321,5,4,,1,55,,249320,11,4,,1,20,,249322,11,4,,1,5,,249323,5,4,,1,85,,249324,11,4,,1,90,,249325,11,4,,1,100,,249326,11,4,,1,100,,249327,11,4,,1,100,,249328,11,4,,1
2500,'20260916',705,,249329,11,4,,1,100,,249330,11,4,,1,100,,249331,11,4,,1,105,,249332,11,4,,1,105,,249333,11,4,,1,100,,249334,11,4,,1,100,,249335,11,4,,1,100,,249336,11,4,,1,100,,249337,11,4,,1,100,,249339,5,4,,1,5,,249338,11,4,,1,100,,249341,4,4,,1,15,,249340,11,4,,1,90,,249342,11,4,,1,15,,249343,5,4,,1,15,,249345,5,4,,1,55,,249344,11,4,,1,20,,249346,11,4,,1,5,,249347,5,4,,1,85,,249348,11,4,,1,90,,249349,11,4,,1,100,,249350,11,4,,1,100,,249351,11,4,,1,100,,249352,11,4,,1
2500,'20260917',705,,249353,11,4,,1,100,,249354,11,4,,1,100,,249355,11,4,,1,105,,249356,11,4,,1,105,,249357,11,4,,1,100,,249358,11,4,,1,100,,249359,11,4,,1,20,,249360,4,4,,1,80,,249361,11,4,,1,30,,249362,5,4,,1,70,,249363,11,4,,1,35,,249364,5,4,,1,50,,249366,4,4,,1,15,,249367,5,4,,1,5,,249365,11,4,,1,30,,249368,5,4,,1,70,,249370,4,4,,1,15,,249369,11,4,,1,10,,249371,5,4,,1,65,,249373,5,4,,1,15,,249372,11,4,,1,15,,249374,5,4,,1,10,,249376,4,4,,1,5,,249377,5,4,,1,55,,249375,11,4,,1,20,,249378,11,4,,1,5,,249379,5,4,,1,20,,249380,5,4,,1,65,,249381,11,4,,1,20,,249382,4,4,,1,70,,249383,11,4,,1,30,,249384,4,4,,1,70,,249385,11,4,,1,100,,249386,11,4,,1,100,,249387,11,4,,1
2500,'20260918',705,,249388,11,4,,1,100,,249389,11,4,,1,100,,249390,11,4,,1,105,,249391,11,4,,1,105,,249392,11,4,,1,100,,249393,11,4,,1,20,,249394,4,4,,1,80,,249395,11,4,,1,20,,249396,4,4,,1,80,,249397,11,4,,1,20,,249398,4,4,,1,10,,249399,5,4,,1,70,,249400,11,4,,1,25,,249401,4,4,,1,10,,249402,5,4,,1,50,,249404,4,4,,1,15,,249405,5,4,,1,5,,249403,11,4,,1,20,,249406,4,4,,1,10,,249407,5,4,,1,70,,249409,4,4,,1,15,,249408,11,4,,1,10,,249410,5,4,,1,65,,249412,5,4,,1,15,,249411,11,4,,1,15,,249413,5,4,,1,10,,249415,4,4,,1,5,,249416,5,4,,1,55,,249414,11,4,,1,20,,249417,11,4,,1,5,,249418,5,4,,1,20,,249419,5,4,,1,65,,249421,5,4,,1,20,,249422,4,4,,1,70,,249423,11,4,,1,30,,249424,4,4,,1,70,,249425,11,4,,1,100,,249426,11,4,,1,100,,249427,11,4,,1
2500,'20260919',635,,249428,11,4,,1,200,,249429,11,4,,1,80,,249431,4,4,,1,15,,249430,11,4,,1,100,,249433,4,4,,1,5,,249432,12,4,,1,10,,249434,4,4,,1,80,,249436,4,4,,1,10,,249437,4,4,,1,95,,249438,12,4,,1,5,,249439,4,4,,1,10,,249440,4,4,,1,85,,249442,4,4,,1,10,,249443,4,4,,1,90,,249445,4,4,,1,15,,249446,4,4,,1,85,,249448,4,4,,1,100,,249450,4,4,,1,70,,249452,4,4,,1,30,,249453,4,4,,1,70,,249455,4,4,,1,30,,249456,4,4,,1,75,,249458,4,4,,1,20,,249459,4,4,,1,5,,249457,12,4,,1,100,,249461,4,4,,1,10,,249460,12,4,,1,65,,249463,4,4,,1,35,,249462,12,4,,1,90,,249464,11,4,,1,100,,249465,11,4,,1,105,,249466,11,4,,1
2500,'20260920',635,,249467,11,4,,1,200,,249468,11,4,,1,80,,249470,4,4,,1,15,,249469,11,4,,1,100,,249472,4,4,,1,5,,249471,12,4,,1,10,,249473,4,4,,1,80,,249475,4,4,,1,10,,249476,4,4,,1,95,,249477,12,4,,1,5,,249478,4,4,,1,10,,249479,4,4,,1,85,,249481,4,4,,1,10,,249482,4,4,,1,90,,249484,4,4,,1,15,,249485,4,4,,1,85,,249487,4,4,,1,100,,249489,4,4,,1,70,,249491,4,4,,1,30,,249492,4,4,,1,70,,249494,4,4,,1,30,,249495,4,4,,1,75,,249497,4,4,,1,20,,249498,4,4,,1,5,,249496,12,4,,1,100,,249500,4,4,,1,10,,249499,12,4,,1,65,,249502,4,4,,1,35,,249501,12,4,,1,90,,249503,11,4,,1,100,,249504,11,4,,1,105,,249505,11,4,,1
2500,'20260921',705,,249506,11,4,,1,100,,249507,11,4,,1,100,,249508,11,4,,1,105,,249509,11,4,,1,105,,249510,11,4,,1,100,,249511,11,4,,1,100,,249512,11,4,,1,100,,249513,11,4,,1,100,,249514,11,4,,1,100,,249516,5,4,,1,5,,249515,11,4,,1,100,,249518,4,4,,1,15,,249517,11,4,,1,90,,249519,11,4,,1,15,,249520,5,4,,1,15,,249522,5,4,,1,55,,249521,11,4,,1,20,,249523,11,4,,1,5,,249524,5,4,,1,85,,249525,11,4,,1,90,,249526,11,4,,1,100,,249527,11,4,,1,100,,249528,11,4,,1,100,,249529,11,4,,1
2500,'20260922',705,,249530,11,4,,1,100,,249531,11,4,,1,100,,249532,11,4,,1,105,,249533,11,4,,1,105,,249534,11,4,,1,100,,249535,11,4,,1,100,,249536,11,4,,1,100,,249537,11,4,,1,100,,249538,11,4,,1,100,,249540,5,4,,1,5,,249539,11,4,,1,100,,249542,4,4,,1,15,,249541,11,4,,1,90,,249543,11,4,,1,15,,249544,5,4,,1,15,,249546,5,4,,1,55,,249545,11,4,,1,20,,249547,11,4,,1,5,,249548,5,4,,1,85,,249549,11,4,,1,90,,249550,11,4,,1,100,,249551,11,4,,1,100,,249552,11,4,,1,100,,249553,11,4,,1
2500,'20260923',705,,249554,11,4,,1,100,,249555,11,4,,1,100,,249556,11,4,,1,105,,249557,11,4,,1,105,,249558,11,4,,1,100,,249559,11,4,,1,100,,249560,11,4,,1,100,,249561,11,4,,1,100,,249562,11,4,,1,100,,249564,5,4,,1,5,,249563,11,4,,1,100,,249566,4,4,,1,15,,249565,11,4,,1,90,,249567,11,4,,1,15,,249568,5,4,,1,15,,249570,5,4,,1,55,,249569,11,4,,1,20,,249571,11,4,,1,5,,249572,5,4,,1,85,,249573,11,4,,1,90,,249574,11,4,,1,100,,249575,11,4,,1,100,,249576,11,4,,1,100,,249577,11,4,,1
2500,'20260924',705,,249578,11,4,,1,100,,249579,11,4,,1,100,,249580,11,4,,1,105,,249581,11,4,,1,105,,249582,11,4,,1,100,,249583,11,4,,1,100,,249584,11,4,,1,20,,249585,4,4,,1,80,,249586,11,4,,1,30,,249587,5,4,,1,70,,249588,11,4,,1,35,,249589,5,4,,1,50,,249591,4,4,,1,15,,249592,5,4,,1,5,,249590,11,4,,1,30,,249593,5,4,,1,70,,249595,4,4,,1,15,,249594,11,4,,1,10,,249596,5,4,,1,65,,249598,5,4,,1,15,,249597,11,4,,1,15,,249599,5,4,,1,10,,249601,4,4,,1,5,,249602,5,4,,1,55,,249600,11,4,,1,20,,249603,11,4,,1,5,,249604,5,4,,1,20,,249605,5,4,,1,65,,249606,11,4,,1,20,,249607,4,4,,1,70,,249608,11,4,,1,30,,249609,4,4,,1,70,,249610,11,4,,1,100,,249611,11,4,,1,100,,249612,11,4,,1
2500,'20260925',705,,249613,11,4,,1,100,,249614,11,4,,1,100,,249615,11,4,,1,105,,249616,11,4,,1,105,,249617,11,4,,1,100,,249618,11,4,,1,20,,249619,4,4,,1,80,,249620,11,4,,1,20,,249621,4,4,,1,80,,249622,11,4,,1,20,,249623,4,4,,1,10,,249624,5,4,,1,70,,249625,11,4,,1,25,,249626,4,4,,1,10,,249627,5,4,,1,50,,249629,4,4,,1,15,,249630,5,4,,1,5,,249628,11,4,,1,20,,249631,4,4,,1,10,,249632,5,4,,1,70,,249634,4,4,,1,15,,249633,11,4,,1,10,,249635,5,4,,1,65,,249637,5,4,,1,15,,249636,11,4,,1,15,,249638,5,4,,1,10,,249640,4,4,,1,5,,249641,5,4,,1,55,,249639,11,4,,1,20,,249642,11,4,,1,5,,249643,5,4,,1,20,,249644,5,4,,1,65,,249646,5,4,,1,20,,249647,4,4,,1,70,,249648,11,4,,1,30,,249649,4,4,,1,70,,249650,11,4,,1,100,,249651,11,4,,1,100,,249652,11,4,,1
2500,'20260926',635,,249653,11,4,,1,200,,249654,11,4,,1,80,,249656,4,4,,1,15,,249655,11,4,,1,100,,249658,4,4,,1,5,,249657,12,4,,1,10,,249659,4,4,,1,80,,249661,4,4,,1,10,,249662,4,4,,1,95,,249663,12,4,,1,5,,249664,4,4,,1,10,,249665,4,4,,1,85,,249667,4,4,,1,10,,249668,4,4,,1,90,,249670,4,4,,1,15,,249671,4,4,,1,85,,249673,4,4,,1,100,,249675,4,4,,1,70,,249677,4,4,,1,30,,249678,4,4,,1,70,,249680,4,4,,1,30,,249681,4,4,,1,75,,249683,4,4,,1,20,,249684,4,4,,1,5,,249682,12,4,,1,100,,249686,4,4,,1,10,,249685,12,4,,1,65,,249688,4,4,,1,35,,249687,12,4,,1,90,,249689,11,4,,1,100,,249690,11,4,,1,105,,249691,11,4,,1
2500,'20260927',635,,249692,11,4,,1,200,,249693,11,4,,1,80,,249695,4,4,,1,15,,249694,11,4,,1,100,,249697,4,4,,1,5,,249696,12,4,,1,10,,249698,4,4,,1,80,,249700,4,4,,1,10,,249701,4,4,,1,95,,249702,12,4,,1,5,,249703,4,4,,1,10,,249704,4,4,,1,85,,249706,4,4,,1,10,,249707,4,4,,1,90,,249709,4,4,,1,15,,249710,4,4,,1,85,,249712,4,4,,1,100,,249714,4,4,,1,70,,249716,4,4,,1,30,,249717,4,4,,1,70,,249719,4,4,,1,30,,249720,4,4,,1,75,,249722,4,4,,1,20,,249723,4,4,,1,5,,249721,12,4,,1,100,,249725,4,4,,1,10,,249724,12,4,,1,65,,249727,4,4,,1,35,,249726,12,4,,1,90,,249728,11,4,,1,100,,249729,11,4,,1,105,,249730,11,4,,1
2500,'20260928',705,,249731,11,4,,1,100,,249732,11,4,,1,100,,249733,11,4,,1,105,,249734,11,4,,1,105,,249735,11,4,,1,100,,249736,11,4,,1,100,,249737,11,4,,1,100,,249738,11,4,,1,100,,249739,11,4,,1,100,,249741,5,4,,1,5,,249740,11,4,,1,100,,249743,4,4,,1,15,,249742,11,4,,1,90,,249744,11,4,,1,15,,249745,5,4,,1,15,,249747,5,4,,1,55,,249746,11,4,,1,20,,249748,11,4,,1,5,,249749,5,4,,1,85,,249750,11,4,,1,90,,249751,11,4,,1,100,,249752,11,4,,1,100,,249753,11,4,,1,100,,249754,11,4,,1
2500,'20260929',705,,249755,11,4,,1,100,,249756,11,4,,1,100,,249757,11,4,,1,105,,249758,11,4,,1,105,,249759,11,4,,1,100,,249760,11,4,,1,100,,249761,11,4,,1,100,,249762,11,4,,1,100,,249763,11,4,,1,100,,249765,5,4,,1,5,,249764,11,4,,1,100,,249767,4,4,,1,15,,249766,11,4,,1,90,,249768,11,4,,1,15,,249769,5,4,,1,15,,249771,5,4,,1,55,,249770,11,4,,1,20,,249772,11,4,,1,5,,249773,5,4,,1,85,,249774,11,4,,1,90,,249775,11,4,,1,100,,249776,11,4,,1,100,,249777,11,4,,1,100,,249778,11,4,,1
2500,'20260930',705,,249779,11,4,,1,100,,249780,11,4,,1,100,,249781,11,4,,1,105,,249782,11,4,,1,105,,249783,11,4,,1,100,,249784,11,4,,1,100,,249785,11,4,,1,100,,249786,11,4,,1,100,,249787,11,4,,1,100,,249789,5,4,,1,5,,249788,11,4,,1,100,,249791,4,4,,1,15,,249790,11,4,,1,90,,249792,11,4,,1,15,,249793,5,4,,1,15,,249795,5,4,,1,55,,249794,11,4,,1,20,,249796,11,4,,1,5,,249797,5,4,,1,85,,249798,11,4,,1,90,,249799,11,4,,1,100,,249800,11,4,,1,100,,249801,11,4,,1,100,,249802,11,4,,1
2500,'20261001',705,,249803,11,4,,1,100,,249804,11,4,,1,100,,249805,11,4,,1,105,,249806,11,4,,1,105,,249807,11,4,,1,100,,249808,11,4,,1,100,,249809,11,4,,1,20,,249810,4,4,,1,80,,249811,11,4,,1,30,,249812,5,4,,1,70,,249813,11,4,,1,35,,249814,5,4,,1,50,,249816,4,4,,1,15,,249817,5,4,,1,5,,249815,11,4,,1,30,,249818,5,4,,1,70,,249820,4,4,,1,15,,249819,11,4,,1,10,,249821,5,4,,1,65,,249823,5,4,,1,15,,249822,11,4,,1,15,,249824,5,4,,1,10,,249826,4,4,,1,5,,249827,5,4,,1,55,,249825,11,4,,1,20,,249828,11,4,,1,5,,249829,5,4,,1,20,,249830,5,4,,1,65,,249831,11,4,,1,20,,249832,4,4,,1,70,,249833,11,4,,1,30,,249834,4,4,,1,70,,249835,11,4,,1,100,,249836,11,4,,1,100,,249837,11,4,,1
2500,'20261002',705,,249838,11,4,,1,100,,249839,11,4,,1,100,,249840,11,4,,1,105,,249841,11,4,,1,105,,249842,11,4,,1,100,,249843,11,4,,1,20,,249844,4,4,,1,80,,249845,11,4,,1,20,,249846,4,4,,1,80,,249847,11,4,,1,20,,249848,4,4,,1,10,,249849,5,4,,1,70,,249850,11,4,,1,25,,249851,4,4,,1,10,,249852,5,4,,1,50,,249854,4,4,,1,15,,249855,5,4,,1,5,,249853,11,4,,1,20,,249856,4,4,,1,10,,249857,5,4,,1,70,,249859,4,4,,1,15,,249858,11,4,,1,10,,249860,5,4,,1,65,,249862,5,4,,1,15,,249861,11,4,,1,15,,249863,5,4,,1,10,,249865,4,4,,1,5,,249866,5,4,,1,55,,249864,11,4,,1,20,,249867,11,4,,1,5,,249868,5,4,,1,20,,249869,5,4,,1,65,,249871,5,4,,1,20,,249872,4,4,,1,70,,249873,11,4,,1,30,,249874,4,4,,1,70,,249875,11,4,,1,100,,249876,11,4,,1,100,,249877,11,4,,1
2500,'20261003',635,,249878,11,4,,1,200,,249879,11,4,,1,80,,249881,4,4,,1,15,,249880,11,4,,1,100,,249883,4,4,,1,5,,249882,12,4,,1,10,,249884,4,4,,1,80,,249886,4,4,,1,10,,249887,4,4,,1,95,,249888,12,4,,1,5,,249889,4,4,,1,10,,249890,4,4,,1,85,,249892,4,4,,1,10,,249893,4,4,,1,90,,249895,4,4,,1,15,,249896,4,4,,1,85,,249898,4,4,,1,100,,249900,4,4,,1,70,,249902,4,4,,1,30,,249903,4,4,,1,70,,249905,4,4,,1,30,,249906,4,4,,1,75,,249908,4,4,,1,20,,249909,4,4,,1,5,,249907,12,4,,1,100,,249911,4,4,,1,10,,249910,12,4,,1,65,,249913,4,4,,1,35,,249912,12,4,,1,90,,249914,11,4,,1,100,,249915,11,4,,1,105,,249916,11,4,,1
2500,'20261004',635,,249917,11,4,,1,200,,249918,11,4,,1,80,,249920,4,4,,1,15,,249919,11,4,,1,100,,249922,4,4,,1,5,,249921,12,4,,1,10,,249923,4,4,,1,80,,249925,4,4,,1,10,,249926,4,4,,1,95,,249927,12,4,,1,5,,249928,4,4,,1,10,,249929,4,4,,1,85,,249931,4,4,,1,10,,249932,4,4,,1,90,,249934,4,4,,1,15,,249935,4,4,,1,85,,249937,4,4,,1,100,,249939,4,4,,1,70,,249941,4,4,,1,30,,249942,4,4,,1,70,,249944,4,4,,1,30,,249945,4,4,,1,75,,249947,4,4,,1,20,,249948,4,4,,1,5,,249946,12,4,,1,100,,249950,4,4,,1,10,,249949,12,4,,1,65,,249952,4,4,,1,35,,249951,12,4,,1,90,,249953,11,4,,1,100,,249954,11,4,,1,105,,249955,11,4,,1
2500,'20261005',705,,249956,11,4,,1,100,,249957,11,4,,1,100,,249958,11,4,,1,105,,249959,11,4,,1,105,,249960,11,4,,1,100,,249961,11,4,,1,100,,249962,11,4,,1,100,,249963,11,4,,1,100,,249964,11,4,,1,100,,249966,5,4,,1,5,,249965,11,4,,1,100,,249968,4,4,,1,15,,249967,11,4,,1,90,,249969,11,4,,1,15,,249970,5,4,,1,15,,249972,5,4,,1,55,,249971,11,4,,1,20,,249973,11,4,,1,5,,249974,5,4,,1,85,,249975,11,4,,1,90,,249976,11,4,,1,100,,249977,11,4,,1,100,,249978,11,4,,1,100,,249979,11,4,,1
2500,'20261006',705,,249980,11,4,,1,100,,249981,11,4,,1,100,,249982,11,4,,1,105,,249983,11,4,,1,105,,249984,11,4,,1,100,,249985,11,4,,1,100,,249986,11,4,,1,100,,249987,11,4,,1,100,,249988,11,4,,1,100,,249990,5,4,,1,5,,249989,11,4,,1,100,,249992,4,4,,1,15,,249991,11,4,,1,90,,249993,11,4,,1,15,,249994,5,4,,1,15,,249996,5,4,,1,55,,249995,11,4,,1,20,,249997,11,4,,1,5,,249998,5,4,,1,85,,249999,11,4,,1,90,,250000,11,4,,1,100,,250001,11,4,,1,100,,250002,11,4,,1,100,,250003,11,4,,1
2500,'20261007',705,,250004,11,4,,1,100,,250005,11,4,,1,100,,250006,11,4,,1,105,,250007,11,4,,1,105,,250008,11,4,,1,100,,250009,11,4,,1,100,,250010,11,4,,1,100,,250011,11,4,,1,100,,250012,11,4,,1,100,,250014,5,4,,1,5,,250013,11,4,,1,100,,250016,4,4,,1,15,,250015,11,4,,1,90,,250017,11,4,,1,15,,250018,5,4,,1,15,,250020,5,4,,1,55,,250019,11,4,,1,20,,250021,11,4,,1,5,,250022,5,4,,1,85,,250023,11,4,,1,90,,250024,11,4,,1,100,,250025,11,4,,1,100,,250026,11,4,,1,100,,250027,11,4,,1
2500,'20261008',705,,250028,11,4,,1,100,,250029,11,4,,1,100,,250030,11,4,,1,105,,250031,11,4,,1,105,,250032,11,4,,1,100,,250033,11,4,,1,100,,250034,11,4,,1,20,,250035,4,4,,1,80,,250036,11,4,,1,30,,250037,5,4,,1,70,,250038,11,4,,1,35,,250039,5,4,,1,50,,250041,4,4,,1,15,,250042,5,4,,1,5,,250040,11,4,,1,30,,250043,5,4,,1,70,,250045,4,4,,1,15,,250044,11,4,,1,10,,250046,5,4,,1,65,,250048,5,4,,1,15,,250047,11,4,,1,15,,250049,5,4,,1,10,,250051,4,4,,1,5,,250052,5,4,,1,55,,250050,11,4,,1,20,,250053,11,4,,1,5,,250054,5,4,,1,20,,250055,5,4,,1,65,,250056,11,4,,1,20,,250057,4,4,,1,70,,250058,11,4,,1,30,,250059,4,4,,1,70,,250060,11,4,,1,100,,250061,11,4,,1,100,,250062,11,4,,1
2500,'20261009',705,,250063,11,4,,1,100,,250064,11,4,,1,100,,250065,11,4,,1,105,,250066,11,4,,1,105,,250067,11,4,,1,100,,250068,11,4,,1,20,,250069,4,4,,1,80,,250070,11,4,,1,20,,250071,4,4,,1,80,,250072,11,4,,1,20,,250073,4,4,,1,10,,250074,5,4,,1,70,,250075,11,4,,1,25,,250076,4,4,,1,10,,250077,5,4,,1,50,,250079,4,4,,1,15,,250080,5,4,,1,5,,250078,11,4,,1,20,,250081,4,4,,1,10,,250082,5,4,,1,70,,250084,4,4,,1,15,,250083,11,4,,1,10,,250085,5,4,,1,65,,250087,5,4,,1,15,,250086,11,4,,1,15,,250088,5,4,,1,10,,250090,4,4,,1,5,,250091,5,4,,1,55,,250089,11,4,,1,20,,250092,11,4,,1,5,,250093,5,4,,1,20,,250094,5,4,,1,65,,250096,5,4,,1,20,,250097,4,4,,1,70,,250098,11,4,,1,30,,250099,4,4,,1,70,,250100,11,4,,1,100,,250101,11,4,,1,100,,250102,11,4,,1
2500,'20261010',635,,250103,11,4,,1,200,,250104,11,4,,1,80,,250106,4,4,,1,15,,250105,11,4,,1,100,,250108,4,4,,1,5,,250107,12,4,,1,10,,250109,4,4,,1,80,,250111,4,4,,1,10,,250112,4,4,,1,95,,250113,12,4,,1,5,,250114,4,4,,1,10,,250115,4,4,,1,85,,250117,4,4,,1,10,,250118,4,4,,1,90,,250120,4,4,,1,15,,250121,4,4,,1,85,,250123,4,4,,1,100,,250125,4,4,,1,70,,250127,4,4,,1,30,,250128,4,4,,1,70,,250130,4,4,,1,30,,250131,4,4,,1,75,,250133,4,4,,1,20,,250134,4,4,,1,5,,250132,12,4,,1,100,,250136,4,4,,1,10,,250135,12,4,,1,65,,250138,4,4,,1,35,,250137,12,4,,1,90,,250139,11,4,,1,100,,250140,11,4,,1,105,,250141,11,4,,1
2500,'20261011',635,,250142,11,4,,1,200,,250143,11,4,,1,80,,250145,4,4,,1,15,,250144,11,4,,1,100,,250147,4,4,,1,5,,250146,12,4,,1,10,,250148,4,4,,1,80,,250150,4,4,,1,10,,250151,4,4,,1,95,,250152,12,4,,1,5,,250153,4,4,,1,10,,250154,4,4,,1,85,,250156,4,4,,1,10,,250157,4,4,,1,90,,250159,4,4,,1,15,,250160,4,4,,1,85,,250162,4,4,,1,100,,250164,4,4,,1,70,,250166,4,4,,1,30,,250167,4,4,,1,70,,250169,4,4,,1,30,,250170,4,4,,1,75,,250172,4,4,,1,20,,250173,4,4,,1,5,,250171,12,4,,1,100,,250175,4,4,,1,10,,250174,12,4,,1,65,,250177,4,4,,1,35,,250176,12,4,,1,90,,250178,11,4,,1,100,,250179,11,4,,1,105,,250180,11,4,,1
2500,'20261012',635,,250181,11,4,,1,200,,250182,11,4,,1,80,,250184,4,4,,1,15,,250183,11,4,,1,100,,250186,4,4,,1,5,,250185,12,4,,1,10,,250187,4,4,,1,80,,250189,4,4,,1,10,,250190,4,4,,1,95,,250191,12,4,,1,5,,250192,4,4,,1,10,,250193,4,4,,1,85,,250195,4,4,,1,10,,250196,4,4,,1,90,,250198,4,4,,1,15,,250199,4,4,,1,85,,250201,4,4,,1,100,,250203,4,4,,1,70,,250205,4,4,,1,30,,250206,4,4,,1,70,,250208,4,4,,1,30,,250209,4,4,,1,75,,250211,4,4,,1,20,,250212,4,4,,1,5,,250210,12,4,,1,100,,250214,4,4,,1,10,,250213,12,4,,1,65,,250216,4,4,,1,35,,250215,12,4,,1,90,,250217,11,4,,1,100,,250218,11,4,,1,105,,250219,11,4,,1
2500,'20261013',705,,250220,11,4,,1,100,,250221,11,4,,1,100,,250222,11,4,,1,105,,250223,11,4,,1,105,,250224,11,4,,1,100,,250225,11,4,,1,100,,250226,11,4,,1,100,,250227,11,4,,1,100,,250228,11,4,,1,100,,250230,5,4,,1,5,,250229,11,4,,1,100,,250232,4,4,,1,15,,250231,11,4,,1,90,,250233,11,4,,1,15,,250234,5,4,,1,15,,250236,5,4,,1,55,,250235,11,4,,1,20,,250237,11,4,,1,5,,250238,5,4,,1,85,,250239,11,4,,1,90,,250240,11,4,,1,100,,250241,11,4,,1,100,,250242,11,4,,1,100,,250243,11,4,,1
2500,'20261014',705,,250244,11,4,,1,100,,250245,11,4,,1,100,,250246,11,4,,1,105,,250247,11,4,,1,105,,250248,11,4,,1,100,,250249,11,4,,1,100,,250250,11,4,,1,100,,250251,11,4,,1,100,,250252,11,4,,1,100,,250254,5,4,,1,5,,250253,11,4,,1,100,,250256,4,4,,1,15,,250255,11,4,,1,90,,250257,11,4,,1,15,,250258,5,4,,1,15,,250260,5,4,,1,55,,250259,11,4,,1,20,,250261,11,4,,1,5,,250262,5,4,,1,85,,250263,11,4,,1,90,,250264,11,4,,1,100,,250265,11,4,,1,100,,250266,11,4,,1,100,,250267,11,4,,1
2500,'20261015',705,,250268,11,4,,1,100,,250269,11,4,,1,100,,250270,11,4,,1,105,,250271,11,4,,1,105,,250272,11,4,,1,100,,250273,11,4,,1,100,,250274,11,4,,1,20,,250275,4,4,,1,80,,250276,11,4,,1,30,,250277,5,4,,1,70,,250278,11,4,,1,35,,250279,5,4,,1,50,,250281,4,4,,1,15,,250282,5,4,,1,5,,250280,11,4,,1,30,,250283,5,4,,1,70,,250285,4,4,,1,15,,250284,11,4,,1,10,,250286,5,4,,1,65,,250288,5,4,,1,15,,250287,11,4,,1,15,,250289,5,4,,1,10,,250291,4,4,,1,5,,250292,5,4,,1,55,,250290,11,4,,1,20,,250293,11,4,,1,5,,250294,5,4,,1,20,,250295,5,4,,1,65,,250296,11,4,,1,20,,250297,4,4,,1,70,,250298,11,4,,1,30,,250299,4,4,,1,70,,250300,11,4,,1,100,,250301,11,4,,1,100,,250302,11,4,,1
2500,'20261016',705,,250303,11,4,,1,100,,250304,11,4,,1,100,,250305,11,4,,1,105,,250306,11,4,,1,105,,250307,11,4,,1,100,,250308,11,4,,1,20,,250309,4,4,,1,80,,250310,11,4,,1,20,,250311,4,4,,1,80,,250312,11,4,,1,20,,250313,4,4,,1,10,,250314,5,4,,1,70,,250315,11,4,,1,25,,250316,4,4,,1,10,,250317,5,4,,1,50,,250319,4,4,,1,15,,250320,5,4,,1,5,,250318,11,4,,1,20,,250321,4,4,,1,10,,250322,5,4,,1,70,,250324,4,4,,1,15,,250323,11,4,,1,10,,250325,5,4,,1,65,,250327,5,4,,1,15,,250326,11,4,,1,15,,250328,5,4,,1,10,,250330,4,4,,1,5,,250331,5,4,,1,55,,250329,11,4,,1,20,,250332,11,4,,1,5,,250333,5,4,,1,20,,250334,5,4,,1,65,,250336,5,4,,1,20,,250337,4,4,,1,70,,250338,11,4,,1,30,,250339,4,4,,1,70,,250340,11,4,,1,100,,250341,11,4,,1,100,,250342,11,4,,1
2500,'20261017',635,,250343,11,4,,1,200,,250344,11,4,,1,80,,250346,4,4,,1,15,,250345,11,4,,1,100,,250348,4,4,,1,5,,250347,12,4,,1,10,,250349,4,4,,1,80,,250351,4,4,,1,10,,250352,4,4,,1,95,,250353,12,4,,1,5,,250354,4,4,,1,10,,250355,4,4,,1,85,,250357,4,4,,1,10,,250358,4,4,,1,90,,250360,4,4,,1,15,,250361,4,4,,1,85,,250363,4,4,,1,100,,250365,4,4,,1,70,,250367,4,4,,1,30,,250368,4,4,,1,70,,250370,4,4,,1,30,,250371,4,4,,1,75,,250373,4,4,,1,20,,250374,4,4,,1,5,,250372,12,4,,1,100,,250376,4,4,,1,10,,250375,12,4,,1,65,,250378,4,4,,1,35,,250377,12,4,,1,90,,250379,11,4,,1,100,,250380,11,4,,1,105,,250381,11,4,,1
2500,'20261018',635,,250382,11,4,,1,200,,250383,11,4,,1,80,,250385,4,4,,1,15,,250384,11,4,,1,100,,250387,4,4,,1,5,,250386,12,4,,1,10,,250388,4,4,,1,80,,250390,4,4,,1,10,,250391,4,4,,1,95,,250392,12,4,,1,5,,250393,4,4,,1,10,,250394,4,4,,1,85,,250396,4,4,,1,10,,250397,4,4,,1,90,,250399,4,4,,1,15,,250400,4,4,,1,85,,250402,4,4,,1,100,,250404,4,4,,1,70,,250406,4,4,,1,30,,250407,4,4,,1,70,,250409,4,4,,1,30,,250410,4,4,,1,75,,250412,4,4,,1,20,,250413,4,4,,1,5,,250411,12,4,,1,100,,250415,4,4,,1,10,,250414,12,4,,1,65,,250417,4,4,,1,35,,250416,12,4,,1,90,,250418,11,4,,1,100,,250419,11,4,,1,105,,250420,11,4,,1
2500,'20261019',705,,250421,11,4,,1,100,,250422,11,4,,1,100,,250423,11,4,,1,105,,250424,11,4,,1,105,,250425,11,4,,1,100,,250426,11,4,,1,100,,250427,11,4,,1,100,,250428,11,4,,1,100,,250429,11,4,,1,100,,250431,5,4,,1,5,,250430,11,4,,1,100,,250433,4,4,,1,15,,250432,11,4,,1,90,,250434,11,4,,1,15,,250435,5,4,,1,15,,250437,5,4,,1,55,,250436,11,4,,1,20,,250438,11,4,,1,5,,250439,5,4,,1,85,,250440,11,4,,1,90,,250441,11,4,,1,100,,250442,11,4,,1,100,,250443,11,4,,1,100,,250444,11,4,,1
2500,'20261020',705,,250445,11,4,,1,100,,250446,11,4,,1,100,,250447,11,4,,1,105,,250448,11,4,,1,105,,250449,11,4,,1,100,,250450,11,4,,1,100,,250451,11,4,,1,100,,250452,11,4,,1,100,,250453,11,4,,1,100,,250455,5,4,,1,5,,250454,11,4,,1,100,,250457,4,4,,1,15,,250456,11,4,,1,90,,250458,11,4,,1,15,,250459,5,4,,1,15,,250461,5,4,,1,55,,250460,11,4,,1,20,,250462,11,4,,1,5,,250463,5,4,,1,85,,250464,11,4,,1,90,,250465,11,4,,1,100,,250466,11,4,,1,100,,250467,11,4,,1,100,,250468,11,4,,1
2500,'20261021',705,,250469,11,4,,1,100,,250470,11,4,,1,100,,250471,11,4,,1,105,,250472,11,4,,1,105,,250473,11,4,,1,100,,250474,11,4,,1,100,,250475,11,4,,1,100,,250476,11,4,,1,100,,250477,11,4,,1,100,,250479,5,4,,1,5,,250478,11,4,,1,100,,250481,4,4,,1,15,,250480,11,4,,1,90,,250482,11,4,,1,15,,250483,5,4,,1,15,,250485,5,4,,1,55,,250484,11,4,,1,20,,250486,11,4,,1,5,,250487,5,4,,1,85,,250488,11,4,,1,90,,250489,11,4,,1,100,,250490,11,4,,1,100,,250491,11,4,,1,100,,250492,11,4,,1
2500,'20261022',705,,250493,11,4,,1,100,,250494,11,4,,1,100,,250495,11,4,,1,105,,250496,11,4,,1,105,,250497,11,4,,1,100,,250498,11,4,,1,100,,250499,11,4,,1,20,,250500,4,4,,1,80,,250501,11,4,,1,30,,250502,5,4,,1,70,,250503,11,4,,1,35,,250504,5,4,,1,50,,250506,4,4,,1,15,,250507,5,4,,1,5,,250505,11,4,,1,30,,250508,5,4,,1,70,,250510,4,4,,1,15,,250509,11,4,,1,10,,250511,5,4,,1,65,,250513,5,4,,1,15,,250512,11,4,,1,15,,250514,5,4,,1,10,,250516,4,4,,1,5,,250517,5,4,,1,55,,250515,11,4,,1,20,,250518,11,4,,1,5,,250519,5,4,,1,20,,250520,5,4,,1,65,,250521,11,4,,1,20,,250522,4,4,,1,70,,250523,11,4,,1,30,,250524,4,4,,1,70,,250525,11,4,,1,100,,250526,11,4,,1,100,,250527,11,4,,1
2500,'20261023',705,,250528,11,4,,1,100,,250529,11,4,,1,100,,250530,11,4,,1,105,,250531,11,4,,1,105,,250532,11,4,,1,100,,250533,11,4,,1,20,,250534,4,4,,1,80,,250535,11,4,,1,20,,250536,4,4,,1,80,,250537,11,4,,1,20,,250538,4,4,,1,10,,250539,5,4,,1,70,,250540,11,4,,1,25,,250541,4,4,,1,10,,250542,5,4,,1,50,,250544,4,4,,1,15,,250545,5,4,,1,5,,250543,11,4,,1,20,,250546,4,4,,1,10,,250547,5,4,,1,70,,250549,4,4,,1,15,,250548,11,4,,1,10,,250550,5,4,,1,65,,250552,5,4,,1,15,,250551,11,4,,1,15,,250553,5,4,,1,10,,250555,4,4,,1,5,,250556,5,4,,1,55,,250554,11,4,,1,20,,250557,11,4,,1,5,,250558,5,4,,1,20,,250559,5,4,,1,65,,250561,5,4,,1,20,,250562,4,4,,1,70,,250563,11,4,,1,30,,250564,4,4,,1,70,,250565,11,4,,1,100,,250566,11,4,,1,100,,250567,11,4,,1
2500,'20261024',635,,250568,11,4,,1,200,,250569,11,4,,1,80,,250571,4,4,,1,15,,250570,11,4,,1,100,,250573,4,4,,1,5,,250572,12,4,,1,10,,250574,4,4,,1,80,,250576,4,4,,1,10,,250577,4,4,,1,95,,250578,12,4,,1,5,,250579,4,4,,1,10,,250580,4,4,,1,85,,250582,4,4,,1,10,,250583,4,4,,1,90,,250585,4,4,,1,15,,250586,4,4,,1,85,,250588,4,4,,1,100,,250590,4,4,,1,70,,250592,4,4,,1,30,,250593,4,4,,1,70,,250595,4,4,,1,30,,250596,4,4,,1,75,,250598,4,4,,1,20,,250599,4,4,,1,5,,250597,12,4,,1,100,,250601,4,4,,1,10,,250600,12,4,,1,65,,250603,4,4,,1,35,,250602,12,4,,1,90,,250604,11,4,,1,100,,250605,11,4,,1,105,,250606,11,4,,1
2500,'20261025',635,,250607,11,4,,1,200,,250608,11,4,,1,80,,250610,4,4,,1,15,,250609,11,4,,1,100,,250612,4,4,,1,5,,250611,12,4,,1,10,,250613,4,4,,1,80,,250615,4,4,,1,10,,250616,4,4,,1,95,,250617,12,4,,1,5,,250618,4,4,,1,10,,250619,4,4,,1,85,,250621,4,4,,1,10,,250622,4,4,,1,90,,250624,4,4,,1,15,,250625,4,4,,1,85,,250627,4,4,,1,100,,250629,4,4,,1,70,,250631,4,4,,1,30,,250632,4,4,,1,70,,250634,4,4,,1,30,,250635,4,4,,1,75,,250637,4,4,,1,20,,250638,4,4,,1,5,,250636,12,4,,1,100,,250640,4,4,,1,10,,250639,12,4,,1,65,,250642,4,4,,1,35,,250641,12,4,,1,90,,250643,11,4,,1,100,,250644,11,4,,1,105,,250645,11,4,,1
2500,'20261026',705,,250646,11,4,,1,100,,250647,11,4,,1,100,,250648,11,4,,1,105,,250649,11,4,,1,105,,250650,11,4,,1,100,,250651,11,4,,1,100,,250652,11,4,,1,100,,250653,11,4,,1,100,,250654,11,4,,1,100,,250656,5,4,,1,5,,250655,11,4,,1,100,,250658,4,4,,1,15,,250657,11,4,,1,90,,250659,11,4,,1,15,,250660,5,4,,1,15,,250662,5,4,,1,55,,250661,11,4,,1,20,,250663,11,4,,1,5,,250664,5,4,,1,85,,250665,11,4,,1,90,,250666,11,4,,1,100,,250667,11,4,,1,100,,250668,11,4,,1,100,,250669,11,4,,1
2500,'20261027',705,,250670,11,4,,1,100,,250671,11,4,,1,100,,250672,11,4,,1,105,,250673,11,4,,1,105,,250674,11,4,,1,100,,250675,11,4,,1,100,,250676,11,4,,1,100,,250677,11,4,,1,100,,250678,11,4,,1,100,,250680,5,4,,1,5,,250679,11,4,,1,100,,250682,4,4,,1,15,,250681,11,4,,1,90,,250683,11,4,,1,15,,250684,5,4,,1,15,,250686,5,4,,1,55,,250685,11,4,,1,20,,250687,11,4,,1,5,,250688,5,4,,1,85,,250689,11,4,,1,90,,250690,11,4,,1,100,,250691,11,4,,1,100,,250692,11,4,,1,100,,250693,11,4,,1
2500,'20261028',705,,250694,11,4,,1,100,,250695,11,4,,1,100,,250696,11,4,,1,105,,250697,11,4,,1,105,,250698,11,4,,1,100,,250699,11,4,,1,100,,250700,11,4,,1,100,,250701,11,4,,1,100,,250702,11,4,,1,100,,250704,5,4,,1,5,,250703,11,4,,1,100,,250706,4,4,,1,15,,250705,11,4,,1,90,,250707,11,4,,1,15,,250708,5,4,,1,15,,250710,5,4,,1,55,,250709,11,4,,1,20,,250711,11,4,,1,5,,250712,5,4,,1,85,,250713,11,4,,1,90,,250714,11,4,,1,100,,250715,11,4,,1,100,,250716,11,4,,1,100,,250717,11,4,,1
2500,'20261029',705,,250718,11,4,,1,100,,250719,11,4,,1,100,,250720,11,4,,1,105,,250721,11,4,,1,105,,250722,11,4,,1,100,,250723,11,4,,1,100,,250724,11,4,,1,20,,250725,4,4,,1,80,,250726,11,4,,1,30,,250727,5,4,,1,70,,250728,11,4,,1,35,,250729,5,4,,1,50,,250731,4,4,,1,15,,250732,5,4,,1,5,,250730,11,4,,1,30,,250733,5,4,,1,70,,250735,4,4,,1,15,,250734,11,4,,1,10,,250736,5,4,,1,65,,250738,5,4,,1,15,,250737,11,4,,1,15,,250739,5,4,,1,10,,250741,4,4,,1,5,,250742,5,4,,1,55,,250740,11,4,,1,20,,250743,11,4,,1,5,,250744,5,4,,1,20,,250745,5,4,,1,65,,250746,11,4,,1,20,,250747,4,4,,1,70,,250748,11,4,,1,30,,250749,4,4,,1,70,,250750,11,4,,1,100,,250751,11,4,,1,100,,250752,11,4,,1
2500,'20261030',705,,250753,11,4,,1,100,,250754,11,4,,1,100,,250755,11,4,,1,105,,250756,11,4,,1,105,,250757,11,4,,1,100,,250758,11,4,,1,20,,250759,4,4,,1,80,,250760,11,4,,1,20,,250761,4,4,,1,80,,250762,11,4,,1,20,,250763,4,4,,1,10,,250764,5,4,,1,70,,250765,11,4,,1,25,,250766,4,4,,1,10,,250767,5,4,,1,50,,250769,4,4,,1,15,,250770,5,4,,1,5,,250768,11,4,,1,20,,250771,4,4,,1,10,,250772,5,4,,1,70,,250774,4,4,,1,15,,250773,11,4,,1,10,,250775,5,4,,1,65,,250777,5,4,,1,15,,250776,11,4,,1,15,,250778,5,4,,1,10,,250780,4,4,,1,5,,250781,5,4,,1,55,,250779,11,4,,1,20,,250782,11,4,,1,5,,250783,5,4,,1,20,,250784,5,4,,1,65,,250786,5,4,,1,20,,250787,4,4,,1,70,,250788,11,4,,1,30,,250789,4,4,,1,70,,250790,11,4,,1,100,,250791,11,4,,1,100,,250792,11,4,,1
2500,'20261031',635,,250793,11,4,,1,200,,250794,11,4,,1,80,,250796,4,4,,1,15,,250795,11,4,,1,100,,250798,4,4,,1,5,,250797,12,4,,1,10,,250799,4,4,,1,80,,250801,4,4,,1,10,,250802,4,4,,1,95,,250803,12,4,,1,5,,250804,4,4,,1,10,,250805,4,4,,1,85,,250807,4,4,,1,10,,250808,4,4,,1,90,,250810,4,4,,1,15,,250811,4,4,,1,85,,250813,4,4,,1,100,,250815,4,4,,1,70,,250817,4,4,,1,30,,250818,4,4,,1,70,,250820,4,4,,1,30,,250821,4,4,,1,75,,250823,4,4,,1,20,,250824,4,4,,1,5,,250822,12,4,,1,100,,250826,4,4,,1,10,,250825,12,4,,1,65,,250828,4,4,,1,35,,250827,12,4,,1,90,,250829,11,4,,1,100,,250830,11,4,,1,105,,250831,11,4,,1
2500,'20261101',635,,250832,11,4,,1,200,,250833,11,4,,1,80,,250835,4,4,,1,15,,250834,11,4,,1,100,,250837,4,4,,1,5,,250836,12,4,,1,10,,250838,4,4,,1,80,,250840,4,4,,1,10,,250841,4,4,,1,95,,250842,12,4,,1,5,,250843,4,4,,1,10,,250844,4,4,,1,85,,250846,4,4,,1,10,,250847,4,4,,1,90,,250849,4,4,,1,15,,250850,4,4,,1,85,,250852,4,4,,1,100,,250854,4,4,,1,70,,250856,4,4,,1,30,,250857,4,4,,1,70,,250859,4,4,,1,30,,250860,4,4,,1,75,,250862,4,4,,1,20,,250863,4,4,,1,5,,250861,12,4,,1,100,,250865,4,4,,1,10,,250864,12,4,,1,65,,250867,4,4,,1,35,,250866,12,4,,1,90,,250868,11,4,,1,100,,250869,11,4,,1,105,,250870,11,4,,1
2500,'20261102',705,,250871,11,4,,1,100,,250872,11,4,,1,100,,250873,11,4,,1,105,,250874,11,4,,1,105,,250875,11,4,,1,100,,250876,11,4,,1,100,,250877,11,4,,1,100,,250878,11,4,,1,100,,250879,11,4,,1,100,,250881,5,4,,1,5,,250880,11,4,,1,100,,250883,4,4,,1,15,,250882,11,4,,1,90,,250884,11,4,,1,15,,250885,5,4,,1,15,,250887,5,4,,1,55,,250886,11,4,,1,20,,250888,11,4,,1,5,,250889,5,4,,1,85,,250890,11,4,,1,90,,250891,11,4,,1,100,,250892,11,4,,1,100,,250893,11,4,,1,100,,250894,11,4,,1
2500,'20261103',705,,250895,11,4,,1,100,,250896,11,4,,1,100,,250897,11,4,,1,105,,250898,11,4,,1,105,,250899,11,4,,1,100,,250900,11,4,,1,100,,250901,11,4,,1,100,,250902,11,4,,1,100,,250903,11,4,,1,100,,250905,5,4,,1,5,,250904,11,4,,1,100,,250907,4,4,,1,15,,250906,11,4,,1,90,,250908,11,4,,1,15,,250909,5,4,,1,15,,250911,5,4,,1,55,,250910,11,4,,1,20,,250912,11,4,,1,5,,250913,5,4,,1,85,,250914,11,4,,1,90,,250915,11,4,,1,100,,250916,11,4,,1,100,,250917,11,4,,1,100,,250918,11,4,,1
2500,'20261104',705,,250919,11,4,,1,100,,250920,11,4,,1,100,,250921,11,4,,1,105,,250922,11,4,,1,105,,250923,11,4,,1,100,,250924,11,4,,1,100,,250925,11,4,,1,100,,250926,11,4,,1,100,,250927,11,4,,1,100,,250929,5,4,,1,5,,250928,11,4,,1,100,,250931,4,4,,1,15,,250930,11,4,,1,90,,250932,11,4,,1,15,,250933,5,4,,1,15,,250935,5,4,,1,55,,250934,11,4,,1,20,,250936,11,4,,1,5,,250937,5,4,,1,85,,250938,11,4,,1,90,,250939,11,4,,1,100,,250940,11,4,,1,100,,250941,11,4,,1,100,,250942,11,4,,1
2500,'20261105',705,,250943,11,4,,1,100,,250944,11,4,,1,100,,250945,11,4,,1,105,,250946,11,4,,1,105,,250947,11,4,,1,100,,250948,11,4,,1,100,,250949,11,4,,1,20,,250950,4,4,,1,80,,250951,11,4,,1,30,,250952,5,4,,1,70,,250953,11,4,,1,35,,250954,5,4,,1,50,,250956,4,4,,1,15,,250957,5,4,,1,5,,250955,11,4,,1,30,,250958,5,4,,1,70,,250960,4,4,,1,15,,250959,11,4,,1,10,,250961,5,4,,1,65,,250963,5,4,,1,15,,250962,11,4,,1,15,,250964,5,4,,1,10,,250966,4,4,,1,5,,250967,5,4,,1,55,,250965,11,4,,1,20,,250968,11,4,,1,5,,250969,5,4,,1,20,,250970,5,4,,1,65,,250971,11,4,,1,20,,250972,4,4,,1,70,,250973,11,4,,1,30,,250974,4,4,,1,70,,250975,11,4,,1,100,,250976,11,4,,1,100,,250977,11,4,,1
2500,'20261106',705,,250978,11,4,,1,100,,250979,11,4,,1,100,,250980,11,4,,1,105,,250981,11,4,,1,105,,250982,11,4,,1,100,,250983,11,4,,1,20,,250984,4,4,,1,80,,250985,11,4,,1,20,,250986,4,4,,1,80,,250987,11,4,,1,20,,250988,4,4,,1,10,,250989,5,4,,1,70,,250990,11,4,,1,25,,250991,4,4,,1,10,,250992,5,4,,1,50,,250994,4,4,,1,15,,250995,5,4,,1,5,,250993,11,4,,1,20,,250996,4,4,,1,10,,250997,5,4,,1,70,,250999,4,4,,1,15,,250998,11,4,,1,10,,251000,5,4,,1,65,,251002,5,4,,1,15,,251001,11,4,,1,15,,251003,5,4,,1,10,,251005,4,4,,1,5,,251006,5,4,,1,55,,251004,11,4,,1,20,,251007,11,4,,1,5,,251008,5,4,,1,20,,251009,5,4,,1,65,,251011,5,4,,1,20,,251012,4,4,,1,70,,251013,11,4,,1,30,,251014,4,4,,1,70,,251015,11,4,,1,100,,251016,11,4,,1,100,,251017,11,4,,1
2500,'20261107',635,,251018,11,4,,1,200,,251019,11,4,,1,80,,251021,4,4,,1,15,,251020,11,4,,1,100,,251023,4,4,,1,5,,251022,12,4,,1,10,,251024,4,4,,1,80,,251026,4,4,,1,10,,251027,4,4,,1,95,,251028,12,4,,1,5,,251029,4,4,,1,10,,251030,4,4,,1,85,,251032,4,4,,1,10,,251033,4,4,,1,90,,251035,4,4,,1,15,,251036,4,4,,1,85,,251038,4,4,,1,100,,251040,4,4,,1,70,,251042,4,4,,1,30,,251043,4,4,,1,70,,251045,4,4,,1,30,,251046,4,4,,1,75,,251048,4,4,,1,20,,251049,4,4,,1,5,,251047,12,4,,1,100,,251051,4,4,,1,10,,251050,12,4,,1,65,,251053,4,4,,1,35,,251052,12,4,,1,90,,251054,11,4,,1,100,,251055,11,4,,1,105,,251056,11,4,,1
2500,'20261108',635,,251057,11,4,,1,200,,251058,11,4,,1,80,,251060,4,4,,1,15,,251059,11,4,,1,100,,251062,4,4,,1,5,,251061,12,4,,1,10,,251063,4,4,,1,80,,251065,4,4,,1,10,,251066,4,4,,1,95,,251067,12,4,,1,5,,251068,4,4,,1,10,,251069,4,4,,1,85,,251071,4,4,,1,10,,251072,4,4,,1,90,,251074,4,4,,1,15,,251075,4,4,,1,85,,251077,4,4,,1,100,,251079,4,4,,1,70,,251081,4,4,,1,30,,251082,4,4,,1,70,,251084,4,4,,1,30,,251085,4,4,,1,75,,251087,4,4,,1,20,,251088,4,4,,1,5,,251086,12,4,,1,100,,251090,4,4,,1,10,,251089,12,4,,1,65,,251092,4,4,,1,35,,251091,12,4,,1,90,,251093,11,4,,1,100,,251094,11,4,,1,105,,251095,11,4,,1
2500,'20261109',705,,251096,11,4,,1,100,,251097,11,4,,1,100,,251098,11,4,,1,105,,251099,11,4,,1,105,,251100,11,4,,1,100,,251101,11,4,,1,100,,251102,11,4,,1,100,,251103,11,4,,1,100,,251104,11,4,,1,100,,251106,5,4,,1,5,,251105,11,4,,1,100,,251108,4,4,,1,15,,251107,11,4,,1,90,,251109,11,4,,1,15,,251110,5,4,,1,15,,251112,5,4,,1,55,,251111,11,4,,1,20,,251113,11,4,,1,5,,251114,5,4,,1,85,,251115,11,4,,1,90,,251116,11,4,,1,100,,251117,11,4,,1,100,,251118,11,4,,1,100,,251119,11,4,,1
2500,'20261110',705,,251120,11,4,,1,100,,251121,11,4,,1,100,,251122,11,4,,1,105,,251123,11,4,,1,105,,251124,11,4,,1,100,,251125,11,4,,1,100,,251126,11,4,,1,100,,251127,11,4,,1,100,,251128,11,4,,1,100,,251130,5,4,,1,5,,251129,11,4,,1,100,,251132,4,4,,1,15,,251131,11,4,,1,90,,251133,11,4,,1,15,,251134,5,4,,1,15,,251136,5,4,,1,55,,251135,11,4,,1,20,,251137,11,4,,1,5,,251138,5,4,,1,85,,251139,11,4,,1,90,,251140,11,4,,1,100,,251141,11,4,,1,100,,251142,11,4,,1,100,,251143,11,4,,1
2500,'20261111',705,,251144,11,4,,1,100,,251145,11,4,,1,100,,251146,11,4,,1,105,,251147,11,4,,1,105,,251148,11,4,,1,100,,251149,11,4,,1,100,,251150,11,4,,1,100,,251151,11,4,,1,100,,251152,11,4,,1,100,,251154,5,4,,1,5,,251153,11,4,,1,100,,251156,4,4,,1,15,,251155,11,4,,1,90,,251157,11,4,,1,15,,251158,5,4,,1,15,,251160,5,4,,1,55,,251159,11,4,,1,20,,251161,11,4,,1,5,,251162,5,4,,1,85,,251163,11,4,,1,90,,251164,11,4,,1,100,,251165,11,4,,1,100,,251166,11,4,,1,100,,251167,11,4,,1
2500,'20261112',705,,251168,11,4,,1,100,,251169,11,4,,1,100,,251170,11,4,,1,105,,251171,11,4,,1,105,,251172,11,4,,1,100,,251173,11,4,,1,100,,251174,11,4,,1,20,,251175,4,4,,1,80,,251176,11,4,,1,30,,251177,5,4,,1,70,,251178,11,4,,1,35,,251179,5,4,,1,50,,251181,4,4,,1,15,,251182,5,4,,1,5,,251180,11,4,,1,30,,251183,5,4,,1,70,,251185,4,4,,1,15,,251184,11,4,,1,10,,251186,5,4,,1,65,,251188,5,4,,1,15,,251187,11,4,,1,15,,251189,5,4,,1,10,,251191,4,4,,1,5,,251192,5,4,,1,55,,251190,11,4,,1,20,,251193,11,4,,1,5,,251194,5,4,,1,20,,251195,5,4,,1,65,,251196,11,4,,1,20,,251197,4,4,,1,70,,251198,11,4,,1,30,,251199,4,4,,1,70,,251200,11,4,,1,100,,251201,11,4,,1,100,,251202,11,4,,1
2500,'20261113',705,,251203,11,4,,1,100,,251204,11,4,,1,100,,251205,11,4,,1,105,,251206,11,4,,1,105,,251207,11,4,,1,100,,251208,11,4,,1,20,,251209,4,4,,1,80,,251210,11,4,,1,20,,251211,4,4,,1,80,,251212,11,4,,1,20,,251213,4,4,,1,10,,251214,5,4,,1,70,,251215,11,4,,1,25,,251216,4,4,,1,10,,251217,5,4,,1,50,,251219,4,4,,1,15,,251220,5,4,,1,5,,251218,11,4,,1,20,,251221,4,4,,1,10,,251222,5,4,,1,70,,251224,4,4,,1,15,,251223,11,4,,1,10,,251225,5,4,,1,65,,251227,5,4,,1,15,,251226,11,4,,1,15,,251228,5,4,,1,10,,251230,4,4,,1,5,,251231,5,4,,1,55,,251229,11,4,,1,20,,251232,11,4,,1,5,,251233,5,4,,1,20,,251234,5,4,,1,65,,251236,5,4,,1,20,,251237,4,4,,1,70,,251238,11,4,,1,30,,251239,4,4,,1,70,,251240,11,4,,1,100,,251241,11,4,,1,100,,251242,11,4,,1
2500,'20261114',635,,251243,11,4,,1,200,,251244,11,4,,1,80,,251246,4,4,,1,15,,251245,11,4,,1,100,,251248,4,4,,1,5,,251247,12,4,,1,10,,251249,4,4,,1,80,,251251,4,4,,1,10,,251252,4,4,,1,95,,251253,12,4,,1,5,,251254,4,4,,1,10,,251255,4,4,,1,85,,251257,4,4,,1,10,,251258,4,4,,1,90,,251260,4,4,,1,15,,251261,4,4,,1,85,,251263,4,4,,1,100,,251265,4,4,,1,70,,251267,4,4,,1,30,,251268,4,4,,1,70,,251270,4,4,,1,30,,251271,4,4,,1,75,,251273,4,4,,1,20,,251274,4,4,,1,5,,251272,12,4,,1,100,,251276,4,4,,1,10,,251275,12,4,,1,65,,251278,4,4,,1,35,,251277,12,4,,1,90,,251279,11,4,,1,100,,251280,11,4,,1,105,,251281,11,4,,1
2500,'20261115',635,,251282,11,4,,1,200,,251283,11,4,,1,80,,251285,4,4,,1,15,,251284,11,4,,1,100,,251287,4,4,,1,5,,251286,12,4,,1,10,,251288,4,4,,1,80,,251290,4,4,,1,10,,251291,4,4,,1,95,,251292,12,4,,1,5,,251293,4,4,,1,10,,251294,4,4,,1,85,,251296,4,4,,1,10,,251297,4,4,,1,90,,251299,4,4,,1,15,,251300,4,4,,1,85,,251302,4,4,,1,100,,251304,4,4,,1,70,,251306,4,4,,1,30,,251307,4,4,,1,70,,251309,4,4,,1,30,,251310,4,4,,1,75,,251312,4,4,,1,20,,251313,4,4,,1,5,,251311,12,4,,1,100,,251315,4,4,,1,10,,251314,12,4,,1,65,,251317,4,4,,1,35,,251316,12,4,,1,90,,251318,11,4,,1,100,,251319,11,4,,1,105,,251320,11,4,,1
2500,'20261116',705,,251321,11,4,,1,100,,251322,11,4,,1,100,,251323,11,4,,1,105,,251324,11,4,,1,105,,251325,11,4,,1,100,,251326,11,4,,1,100,,251327,11,4,,1,100,,251328,11,4,,1,100,,251329,11,4,,1,100,,251331,5,4,,1,5,,251330,11,4,,1,100,,251333,4,4,,1,15,,251332,11,4,,1,90,,251334,11,4,,1,15,,251335,5,4,,1,15,,251337,5,4,,1,55,,251336,11,4,,1,20,,251338,11,4,,1,5,,251339,5,4,,1,85,,251340,11,4,,1,90,,251341,11,4,,1,100,,251342,11,4,,1,100,,251343,11,4,,1,100,,251344,11,4,,1
2500,'20261117',705,,251345,11,4,,1,100,,251346,11,4,,1,100,,251347,11,4,,1,105,,251348,11,4,,1,105,,251349,11,4,,1,100,,251350,11,4,,1,100,,251351,11,4,,1,100,,251352,11,4,,1,100,,251353,11,4,,1,100,,251355,5,4,,1,5,,251354,11,4,,1,100,,251357,4,4,,1,15,,251356,11,4,,1,90,,251358,11,4,,1,15,,251359,5,4,,1,15,,251361,5,4,,1,55,,251360,11,4,,1,20,,251362,11,4,,1,5,,251363,5,4,,1,85,,251364,11,4,,1,90,,251365,11,4,,1,100,,251366,11,4,,1,100,,251367,11,4,,1,100,,251368,11,4,,1
2500,'20261118',705,,251369,11,4,,1,100,,251370,11,4,,1,100,,251371,11,4,,1,105,,251372,11,4,,1,105,,251373,11,4,,1,100,,251374,11,4,,1,100,,251375,11,4,,1,100,,251376,11,4,,1,100,,251377,11,4,,1,100,,251379,5,4,,1,5,,251378,11,4,,1,100,,251381,4,4,,1,15,,251380,11,4,,1,90,,251382,11,4,,1,15,,251383,5,4,,1,15,,251385,5,4,,1,55,,251384,11,4,,1,20,,251386,11,4,,1,5,,251387,5,4,,1,85,,251388,11,4,,1,90,,251389,11,4,,1,100,,251390,11,4,,1,100,,251391,11,4,,1,100,,251392,11,4,,1
2500,'20261119',705,,251393,11,4,,1,100,,251394,11,4,,1,100,,251395,11,4,,1,105,,251396,11,4,,1,105,,251397,11,4,,1,100,,251398,11,4,,1,100,,251399,11,4,,1,20,,251400,4,4,,1,80,,251401,11,4,,1,30,,251402,5,4,,1,70,,251403,11,4,,1,35,,251404,5,4,,1,50,,251406,4,4,,1,15,,251407,5,4,,1,5,,251405,11,4,,1,30,,251408,5,4,,1,70,,251410,4,4,,1,15,,251409,11,4,,1,10,,251411,5,4,,1,65,,251413,5,4,,1,15,,251412,11,4,,1,15,,251414,5,4,,1,10,,251416,4,4,,1,5,,251417,5,4,,1,55,,251415,11,4,,1,20,,251418,11,4,,1,5,,251419,5,4,,1,20,,251420,5,4,,1,65,,251421,11,4,,1,20,,251422,4,4,,1,70,,251423,11,4,,1,30,,251424,4,4,,1,70,,251425,11,4,,1,100,,251426,11,4,,1,100,,251427,11,4,,1
2500,'20261120',705,,251428,11,4,,1,100,,251429,11,4,,1,100,,251430,11,4,,1,105,,251431,11,4,,1,105,,251432,11,4,,1,100,,251433,11,4,,1,20,,251434,4,4,,1,80,,251435,11,4,,1,20,,251436,4,4,,1,80,,251437,11,4,,1,20,,251438,4,4,,1,10,,251439,5,4,,1,70,,251440,11,4,,1,25,,251441,4,4,,1,10,,251442,5,4,,1,50,,251444,4,4,,1,15,,251445,5,4,,1,5,,251443,11,4,,1,20,,251446,4,4,,1,10,,251447,5,4,,1,70,,251449,4,4,,1,15,,251448,11,4,,1,10,,251450,5,4,,1,65,,251452,5,4,,1,15,,251451,11,4,,1,15,,251453,5,4,,1,10,,251455,4,4,,1,5,,251456,5,4,,1,55,,251454,11,4,,1,20,,251457,11,4,,1,5,,251458,5,4,,1,20,,251459,5,4,,1,65,,251461,5,4,,1,20,,251462,4,4,,1,70,,251463,11,4,,1,30,,251464,4,4,,1,70,,251465,11,4,,1,100,,251466,11,4,,1,100,,251467,11,4,,1
2500,'20261121',635,,251468,11,4,,1,200,,251469,11,4,,1,80,,251471,4,4,,1,15,,251470,11,4,,1,100,,251473,4,4,,1,5,,251472,12,4,,1,10,,251474,4,4,,1,80,,251476,4,4,,1,10,,251477,4,4,,1,95,,251478,12,4,,1,5,,251479,4,4,,1,10,,251480,4,4,,1,85,,251482,4,4,,1,10,,251483,4,4,,1,90,,251485,4,4,,1,15,,251486,4,4,,1,85,,251488,4,4,,1,100,,251490,4,4,,1,70,,251492,4,4,,1,30,,251493,4,4,,1,70,,251495,4,4,,1,30,,251496,4,4,,1,75,,251498,4,4,,1,20,,251499,4,4,,1,5,,251497,12,4,,1,100,,251501,4,4,,1,10,,251500,12,4,,1,65,,251503,4,4,,1,35,,251502,12,4,,1,90,,251504,11,4,,1,100,,251505,11,4,,1,105,,251506,11,4,,1
2500,'20261122',635,,251507,11,4,,1,200,,251508,11,4,,1,80,,251510,4,4,,1,15,,251509,11,4,,1,100,,251512,4,4,,1,5,,251511,12,4,,1,10,,251513,4,4,,1,80,,251515,4,4,,1,10,,251516,4,4,,1,95,,251517,12,4,,1,5,,251518,4,4,,1,10,,251519,4,4,,1,85,,251521,4,4,,1,10,,251522,4,4,,1,90,,251524,4,4,,1,15,,251525,4,4,,1,85,,251527,4,4,,1,100,,251529,4,4,,1,70,,251531,4,4,,1,30,,251532,4,4,,1,70,,251534,4,4,,1,30,,251535,4,4,,1,75,,251537,4,4,,1,20,,251538,4,4,,1,5,,251536,12,4,,1,100,,251540,4,4,,1,10,,251539,12,4,,1,65,,251542,4,4,,1,35,,251541,12,4,,1,90,,251543,11,4,,1,100,,251544,11,4,,1,105,,251545,11,4,,1
2500,'20261123',705,,251546,11,4,,1,100,,251547,11,4,,1,100,,251548,11,4,,1,105,,251549,11,4,,1,105,,251550,11,4,,1,100,,251551,11,4,,1,100,,251552,11,4,,1,100,,251553,11,4,,1,100,,251554,11,4,,1,100,,251556,5,4,,1,5,,251555,11,4,,1,100,,251558,4,4,,1,15,,251557,11,4,,1,90,,251559,11,4,,1,15,,251560,5,4,,1,15,,251562,5,4,,1,55,,251561,11,4,,1,20,,251563,11,4,,1,5,,251564,5,4,,1,85,,251565,11,4,,1,90,,251566,11,4,,1,100,,251567,11,4,,1,100,,251568,11,4,,1,100,,251569,11,4,,1
2500,'20261124',705,,251570,11,4,,1,100,,251571,11,4,,1,100,,251572,11,4,,1,105,,251573,11,4,,1,105,,251574,11,4,,1,100,,251575,11,4,,1,100,,251576,11,4,,1,100,,251577,11,4,,1,100,,251578,11,4,,1,100,,251580,5,4,,1,5,,251579,11,4,,1,100,,251582,4,4,,1,15,,251581,11,4,,1,90,,251583,11,4,,1,15,,251584,5,4,,1,15,,251586,5,4,,1,55,,251585,11,4,,1,20,,251587,11,4,,1,5,,251588,5,4,,1,85,,251589,11,4,,1,90,,251590,11,4,,1,100,,251591,11,4,,1,100,,251592,11,4,,1,100,,251593,11,4,,1
2500,'20261125',705,,251594,11,4,,1,100,,251595,11,4,,1,100,,251596,11,4,,1,105,,251597,11,4,,1,105,,251598,11,4,,1,100,,251599,11,4,,1,100,,251600,11,4,,1,100,,251601,11,4,,1,100,,251602,11,4,,1,100,,251604,5,4,,1,5,,251603,11,4,,1,100,,251606,4,4,,1,15,,251605,11,4,,1,90,,251607,11,4,,1,15,,251608,5,4,,1,15,,251610,5,4,,1,55,,251609,11,4,,1,20,,251611,11,4,,1,5,,251612,5,4,,1,85,,251613,11,4,,1,90,,251614,11,4,,1,100,,251615,11,4,,1,100,,251616,11,4,,1,100,,251617,11,4,,1
2500,'20261126',705,,251618,11,4,,1,100,,251619,11,4,,1,100,,251620,11,4,,1,105,,251621,11,4,,1,105,,251622,11,4,,1,100,,251623,11,4,,1,100,,251624,11,4,,1,20,,251625,4,4,,1,80,,251626,11,4,,1,30,,251627,5,4,,1,70,,251628,11,4,,1,35,,251629,5,4,,1,50,,251631,4,4,,1,15,,251632,5,4,,1,5,,251630,11,4,,1,30,,251633,5,4,,1,70,,251635,4,4,,1,15,,251634,11,4,,1,10,,251636,5,4,,1,65,,251638,5,4,,1,15,,251637,11,4,,1,15,,251639,5,4,,1,10,,251641,4,4,,1,5,,251642,5,4,,1,55,,251640,11,4,,1,20,,251643,11,4,,1,5,,251644,5,4,,1,20,,251645,5,4,,1,65,,251646,11,4,,1,20,,251647,4,4,,1,70,,251648,11,4,,1,30,,251649,4,4,,1,70,,251650,11,4,,1,100,,251651,11,4,,1,100,,251652,11,4,,1
2500,'20261127',705,,251653,11,4,,1,100,,251654,11,4,,1,100,,251655,11,4,,1,105,,251656,11,4,,1,105,,251657,11,4,,1,100,,251658,11,4,,1,20,,251659,4,4,,1,80,,251660,11,4,,1,20,,251661,4,4,,1,80,,251662,11,4,,1,20,,251663,4,4,,1,10,,251664,5,4,,1,70,,251665,11,4,,1,25,,251666,4,4,,1,10,,251667,5,4,,1,50,,251669,4,4,,1,15,,251670,5,4,,1,5,,251668,11,4,,1,20,,251671,4,4,,1,10,,251672,5,4,,1,70,,251674,4,4,,1,15,,251673,11,4,,1,10,,251675,5,4,,1,65,,251677,5,4,,1,15,,251676,11,4,,1,15,,251678,5,4,,1,10,,251680,4,4,,1,5,,251681,5,4,,1,55,,251679,11,4,,1,20,,251682,11,4,,1,5,,251683,5,4,,1,20,,251684,5,4,,1,65,,251686,5,4,,1,20,,251687,4,4,,1,70,,251688,11,4,,1,30,,251689,4,4,,1,70,,251690,11,4,,1,100,,251691,11,4,,1,100,,251692,11,4,,1
2900,'20260910',635,,258621,15,,,1,200,,258622,15,,,1,200,,258623,15,,,1,205,,258624,15,,,1,100,,258625,15,,,1,95,,258626,15,,,1,100,,258627,15,,,1,100,,258628,15,,,1,65,,258629,14,4,,1,35,,258630,15,,,1,70,,258631,14,4,,1,30,,258632,15,,,1,70,,258633,14,4,,1,25,,258634,15,,,1,75,,258635,14,4,,1,35,,258636,15,,,1,100,,258637,15,,,1,95,,258638,15,,,1,100,,258639,15,,,1
2900,'20260911',635,,258640,15,,,1,200,,258641,15,,,1,200,,258642,15,,,1,205,,258643,15,,,1,100,,258644,15,,,1,95,,258645,15,,,1,100,,258646,15,,,1,100,,258647,15,,,1,65,,258648,14,4,,1,35,,258649,15,,,1,70,,258650,14,4,,1,30,,258651,15,,,1,70,,258652,14,4,,1,25,,258653,15,,,1,75,,258654,14,4,,1,35,,258655,15,,,1,100,,258656,15,,,1,95,,258657,15,,,1,100,,258658,15,,,1
2900,'20260912',755,,258659,15,,,1,100,,258660,15,,,1,100,,258661,15,,,1,100,,258662,15,,,1,95,,258663,15,,,1,100,,258664,15,,,1,105,,258665,15,,,1,145,,258666,15,,,1,100,,258667,15,,,1,100,,258668,15,,,1,100,,258669,15,,,1,55,,258670,15,,,1,100,,258671,15,,,1,100,,258672,15,,,1,100,,258673,15,,,1,200,,258674,15,,,1
2900,'20260913',755,,258675,15,,,1,100,,258676,15,,,1,100,,258677,15,,,1,100,,258678,15,,,1,95,,258679,15,,,1,100,,258680,15,,,1,105,,258681,15,,,1,145,,258682,15,,,1,100,,258683,15,,,1,100,,258684,15,,,1,100,,258685,15,,,1,55,,258686,15,,,1,100,,258687,15,,,1,100,,258688,15,,,1,100,,258689,15,,,1,200,,258690,15,,,1
2900,'20260914',635,,258691,15,,,1,200,,258692,15,,,1,200,,258693,15,,,1,205,,258694,15,,,1,100,,258695,15,,,1,95,,258696,15,,,1,100,,258697,15,,,1,100,,258698,15,,,1,65,,258699,14,4,,1,35,,258700,15,,,1,70,,258701,14,4,,1,30,,258702,15,,,1,70,,258703,14,4,,1,25,,258704,15,,,1,75,,258705,14,4,,1,35,,258706,15,,,1,100,,258707,15,,,1,95,,258708,15,,,1,100,,258709,15,,,1
2900,'20260915',635,,258710,15,,,1,200,,258711,15,,,1,200,,258712,15,,,1,205,,258713,15,,,1,100,,258714,15,,,1,95,,258715,15,,,1,100,,258716,15,,,1,100,,258717,15,,,1,65,,258718,14,4,,1,35,,258719,15,,,1,70,,258720,14,4,,1,30,,258721,15,,,1,70,,258722,14,4,,1,25,,258723,15,,,1,75,,258724,14,4,,1,35,,258725,15,,,1,100,,258726,15,,,1,95,,258727,15,,,1,100,,258728,15,,,1
2900,'20260916',635,,258729,15,,,1,200,,258730,15,,,1,200,,258731,15,,,1,205,,258732,15,,,1,100,,258733,15,,,1,95,,258734,15,,,1,100,,258735,15,,,1,100,,258736,15,,,1,65,,258737,14,4,,1,35,,258738,15,,,1,70,,258739,14,4,,1,30,,258740,15,,,1,70,,258741,14,4,,1,25,,258742,15,,,1,75,,258743,14,4,,1,35,,258744,15,,,1,100,,258745,15,,,1,95,,258746,15,,,1,100,,258747,15,,,1
2900,'20260917',635,,258748,15,,,1,200,,258749,15,,,1,200,,258750,15,,,1,205,,258751,15,,,1,100,,258752,15,,,1,95,,258753,15,,,1,100,,258754,15,,,1,100,,258755,15,,,1,65,,258756,14,4,,1,35,,258757,15,,,1,70,,258758,14,4,,1,30,,258759,15,,,1,70,,258760,14,4,,1,25,,258761,15,,,1,75,,258762,14,4,,1,35,,258763,15,,,1,100,,258764,15,,,1,95,,258765,15,,,1,100,,258766,15,,,1
2900,'20260918',635,,258767,15,,,1,200,,258768,15,,,1,200,,258769,15,,,1,205,,258770,15,,,1,100,,258771,15,,,1,95,,258772,15,,,1,100,,258773,15,,,1,100,,258774,15,,,1,65,,258775,14,4,,1,35,,258776,15,,,1,70,,258777,14,4,,1,30,,258778,15,,,1,70,,258779,14,4,,1,25,,258780,15,,,1,75,,258781,14,4,,1,35,,258782,15,,,1,100,,258783,15,,,1,95,,258784,15,,,1,100,,258785,15,,,1
2900,'20260919',755,,258786,15,,,1,100,,258787,15,,,1,100,,258788,15,,,1,100,,258789,15,,,1,95,,258790,15,,,1,100,,258791,15,,,1,105,,258792,15,,,1,145,,258793,15,,,1,100,,258794,15,,,1,100,,258795,15,,,1,100,,258796,15,,,1,55,,258797,15,,,1,100,,258798,15,,,1,100,,258799,15,,,1,100,,258800,15,,,1,200,,258801,15,,,1
2900,'20260920',755,,258802,15,,,1,100,,258803,15,,,1,100,,258804,15,,,1,100,,258805,15,,,1,95,,258806,15,,,1,100,,258807,15,,,1,105,,258808,15,,,1,145,,258809,15,,,1,100,,258810,15,,,1,100,,258811,15,,,1,100,,258812,15,,,1,55,,258813,15,,,1,100,,258814,15,,,1,100,,258815,15,,,1,100,,258816,15,,,1,200,,258817,15,,,1
2900,'20260921',635,,258818,15,,,1,200,,258819,15,,,1,200,,258820,15,,,1,205,,258821,15,,,1,100,,258822,15,,,1,95,,258823,15,,,1,100,,258824,15,,,1,100,,258825,15,,,1,65,,258826,14,4,,1,35,,258827,15,,,1,70,,258828,14,4,,1,30,,258829,15,,,1,70,,258830,14,4,,1,25,,258831,15,,,1,75,,258832,14,4,,1,35,,258833,15,,,1,100,,258834,15,,,1,95,,258835,15,,,1,100,,258836,15,,,1
2900,'20260922',635,,258837,15,,,1,200,,258838,15,,,1,200,,258839,15,,,1,205,,258840,15,,,1,100,,258841,15,,,1,95,,258842,15,,,1,100,,258843,15,,,1,100,,258844,15,,,1,65,,258845,14,4,,1,35,,258846,15,,,1,70,,258847,14,4,,1,30,,258848,15,,,1,70,,258849,14,4,,1,25,,258850,15,,,1,75,,258851,14,4,,1,35,,258852,15,,,1,100,,258853,15,,,1,95,,258854,15,,,1,100,,258855,15,,,1
2900,'20260923',635,,258856,15,,,1,200,,258857,15,,,1,200,,258858,15,,,1,205,,258859,15,,,1,100,,258860,15,,,1,95,,258861,15,,,1,100,,258862,15,,,1,100,,258863,15,,,1,65,,258864,14,4,,1,35,,258865,15,,,1,70,,258866,14,4,,1,30,,258867,15,,,1,70,,258868,14,4,,1,25,,258869,15,,,1,75,,258870,14,4,,1,35,,258871,15,,,1,100,,258872,15,,,1,95,,258873,15,,,1,100,,258874,15,,,1
2900,'20260924',635,,258875,15,,,1,200,,258876,15,,,1,200,,258877,15,,,1,205,,258878,15,,,1,100,,258879,15,,,1,95,,258880,15,,,1,100,,258881,15,,,1,100,,258882,15,,,1,65,,258883,14,4,,1,35,,258884,15,,,1,70,,258885,14,4,,1,30,,258886,15,,,1,70,,258887,14,4,,1,25,,258888,15,,,1,75,,258889,14,4,,1,35,,258890,15,,,1,100,,258891,15,,,1,95,,258892,15,,,1,100,,258893,15,,,1
2900,'20260925',635,,258894,15,,,1,200,,258895,15,,,1,200,,258896,15,,,1,205,,258897,15,,,1,100,,258898,15,,,1,95,,258899,15,,,1,100,,258900,15,,,1,100,,258901,15,,,1,65,,258902,14,4,,1,35,,258903,15,,,1,70,,258904,14,4,,1,30,,258905,15,,,1,70,,258906,14,4,,1,25,,258907,15,,,1,75,,258908,14,4,,1,35,,258909,15,,,1,100,,258910,15,,,1,95,,258911,15,,,1,100,,258912,15,,,1
2900,'20260926',755,,258913,15,,,1,100,,258914,15,,,1,100,,258915,15,,,1,100,,258916,15,,,1,95,,258917,15,,,1,100,,258918,15,,,1,105,,258919,15,,,1,145,,258920,15,,,1,100,,258921,15,,,1,100,,258922,15,,,1,100,,258923,15,,,1,55,,258924,15,,,1,100,,258925,15,,,1,100,,258926,15,,,1,100,,258927,15,,,1,200,,258928,15,,,1
2900,'20260927',755,,258929,15,,,1,100,,258930,15,,,1,100,,258931,15,,,1,100,,258932,15,,,1,95,,258933,15,,,1,100,,258934,15,,,1,105,,258935,15,,,1,145,,258936,15,,,1,100,,258937,15,,,1,100,,258938,15,,,1,100,,258939,15,,,1,55,,258940,15,,,1,100,,258941,15,,,1,100,,258942,15,,,1,100,,258943,15,,,1,200,,258944,15,,,1
2900,'20260928',635,,258945,15,,,1,200,,258946,15,,,1,200,,258947,15,,,1,205,,258948,15,,,1,100,,258949,15,,,1,95,,258950,15,,,1,100,,258951,15,,,1,100,,258952,15,,,1,65,,258953,14,4,,1,35,,258954,15,,,1,70,,258955,14,4,,1,30,,258956,15,,,1,70,,258957,14,4,,1,25,,258958,15,,,1,75,,258959,14,4,,1,35,,258960,15,,,1,100,,258961,15,,,1,95,,258962,15,,,1,100,,258963,15,,,1
2900,'20260929',635,,258964,15,,,1,200,,258965,15,,,1,200,,258966,15,,,1,205,,258967,15,,,1,100,,258968,15,,,1,95,,258969,15,,,1,100,,258970,15,,,1,100,,258971,15,,,1,65,,258972,14,4,,1,35,,258973,15,,,1,70,,258974,14,4,,1,30,,258975,15,,,1,70,,258976,14,4,,1,25,,258977,15,,,1,75,,258978,14,4,,1,35,,258979,15,,,1,100,,258980,15,,,1,95,,258981,15,,,1,100,,258982,15,,,1
2900,'20260930',635,,258983,15,,,1,200,,258984,15,,,1,200,,258985,15,,,1,205,,258986,15,,,1,100,,258987,15,,,1,95,,258988,15,,,1,100,,258989,15,,,1,100,,258990,15,,,1,65,,258991,14,4,,1,35,,258992,15,,,1,70,,258993,14,4,,1,30,,258994,15,,,1,70,,258995,14,4,,1,25,,258996,15,,,1,75,,258997,14,4,,1,35,,258998,15,,,1,100,,258999,15,,,1,95,,259000,15,,,1,100,,259001,15,,,1
2900,'20261001',635,,259002,15,,,1,200,,259003,15,,,1,200,,259004,15,,,1,205,,259005,15,,,1,100,,259006,15,,,1,95,,259007,15,,,1,100,,259008,15,,,1,100,,259009,15,,,1,65,,259010,14,4,,1,35,,259011,15,,,1,70,,259012,14,4,,1,30,,259013,15,,,1,70,,259014,14,4,,1,25,,259015,15,,,1,75,,259016,14,4,,1,35,,259017,15,,,1,100,,259018,15,,,1,95,,259019,15,,,1,100,,259020,15,,,1
2900,'20261002',635,,259021,15,,,1,200,,259022,15,,,1,200,,259023,15,,,1,205,,259024,15,,,1,100,,259025,15,,,1,95,,259026,15,,,1,100,,259027,15,,,1,100,,259028,15,,,1,65,,259029,14,4,,1,35,,259030,15,,,1,70,,259031,14,4,,1,30,,259032,15,,,1,70,,259033,14,4,,1,25,,259034,15,,,1,75,,259035,14,4,,1,35,,259036,15,,,1,100,,259037,15,,,1,95,,259038,15,,,1,100,,259039,15,,,1
2900,'20261003',755,,259040,15,,,1,100,,259041,15,,,1,100,,259042,15,,,1,100,,259043,15,,,1,95,,259044,15,,,1,100,,259045,15,,,1,105,,259046,15,,,1,145,,259047,15,,,1,100,,259048,15,,,1,100,,259049,15,,,1,100,,259050,15,,,1,55,,259051,15,,,1,100,,259052,15,,,1,100,,259053,15,,,1,100,,259054,15,,,1,200,,259055,15,,,1
2900,'20261004',755,,259056,15,,,1,100,,259057,15,,,1,100,,259058,15,,,1,100,,259059,15,,,1,95,,259060,15,,,1,100,,259061,15,,,1,105,,259062,15,,,1,145,,259063,15,,,1,100,,259064,15,,,1,100,,259065,15,,,1,100,,259066,15,,,1,55,,259067,15,,,1,100,,259068,15,,,1,100,,259069,15,,,1,100,,259070,15,,,1,200,,259071,15,,,1
2900,'20261005',635,,259072,15,,,1,200,,259073,15,,,1,200,,259074,15,,,1,205,,259075,15,,,1,100,,259076,15,,,1,95,,259077,15,,,1,100,,259078,15,,,1,100,,259079,15,,,1,65,,259080,14,4,,1,35,,259081,15,,,1,70,,259082,14,4,,1,30,,259083,15,,,1,70,,259084,14,4,,1,25,,259085,15,,,1,75,,259086,14,4,,1,35,,259087,15,,,1,100,,259088,15,,,1,95,,259089,15,,,1,100,,259090,15,,,1
2900,'20261006',635,,259091,15,,,1,200,,259092,15,,,1,200,,259093,15,,,1,205,,259094,15,,,1,100,,259095,15,,,1,95,,259096,15,,,1,100,,259097,15,,,1,100,,259098,15,,,1,65,,259099,14,4,,1,35,,259100,15,,,1,70,,259101,14,4,,1,30,,259102,15,,,1,70,,259103,14,4,,1,25,,259104,15,,,1,75,,259105,14,4,,1,35,,259106,15,,,1,100,,259107,15,,,1,95,,259108,15,,,1,100,,259109,15,,,1
2900,'20261007',635,,259110,15,,,1,200,,259111,15,,,1,200,,259112,15,,,1,205,,259113,15,,,1,100,,259114,15,,,1,95,,259115,15,,,1,100,,259116,15,,,1,100,,259117,15,,,1,65,,259118,14,4,,1,35,,259119,15,,,1,70,,259120,14,4,,1,30,,259121,15,,,1,70,,259122,14,4,,1,25,,259123,15,,,1,75,,259124,14,4,,1,35,,259125,15,,,1,100,,259126,15,,,1,95,,259127,15,,,1,100,,259128,15,,,1
2900,'20261008',635,,259129,15,,,1,200,,259130,15,,,1,200,,259131,15,,,1,205,,259132,15,,,1,100,,259133,15,,,1,95,,259134,15,,,1,100,,259135,15,,,1,100,,259136,15,,,1,65,,259137,14,4,,1,35,,259138,15,,,1,70,,259139,14,4,,1,30,,259140,15,,,1,70,,259141,14,4,,1,25,,259142,15,,,1,75,,259143,14,4,,1,35,,259144,15,,,1,100,,259145,15,,,1,95,,259146,15,,,1,100,,259147,15,,,1
2900,'20261009',635,,259148,15,,,1,200,,259149,15,,,1,200,,259150,15,,,1,205,,259151,15,,,1,100,,259152,15,,,1,95,,259153,15,,,1,100,,259154,15,,,1,100,,259155,15,,,1,65,,259156,14,4,,1,35,,259157,15,,,1,70,,259158,14,4,,1,30,,259159,15,,,1,70,,259160,14,4,,1,25,,259161,15,,,1,75,,259162,14,4,,1,35,,259163,15,,,1,100,,259164,15,,,1,95,,259165,15,,,1,100,,259166,15,,,1
2900,'20261010',755,,259167,15,,,1,100,,259168,15,,,1,100,,259169,15,,,1,100,,259170,15,,,1,95,,259171,15,,,1,100,,259172,15,,,1,105,,259173,15,,,1,145,,259174,15,,,1,100,,259175,15,,,1,100,,259176,15,,,1,100,,259177,15,,,1,55,,259178,15,,,1,100,,259179,15,,,1,100,,259180,15,,,1,100,,259181,15,,,1,200,,259182,15,,,1
2900,'20261011',755,,259183,15,,,1,100,,259184,15,,,1,100,,259185,15,,,1,100,,259186,15,,,1,95,,259187,15,,,1,100,,259188,15,,,1,105,,259189,15,,,1,145,,259190,15,,,1,100,,259191,15,,,1,100,,259192,15,,,1,100,,259193,15,,,1,55,,259194,15,,,1,100,,259195,15,,,1,100,,259196,15,,,1,100,,259197,15,,,1,200,,259198,15,,,1
2900,'20261012',755,,259199,15,,,1,100,,259200,15,,,1,100,,259201,15,,,1,100,,259202,15,,,1,95,,259203,15,,,1,100,,259204,15,,,1,105,,259205,15,,,1,145,,259206,15,,,1,100,,259207,15,,,1,100,,259208,15,,,1,100,,259209,15,,,1,55,,259210,15,,,1,100,,259211,15,,,1,100,,259212,15,,,1,100,,259213,15,,,1,200,,259214,15,,,1
2900,'20261013',635,,259215,15,,,1,200,,259216,15,,,1,200,,259217,15,,,1,205,,259218,15,,,1,100,,259219,15,,,1,95,,259220,15,,,1,100,,259221,15,,,1,100,,259222,15,,,1,65,,259223,14,4,,1,35,,259224,15,,,1,70,,259225,14,4,,1,30,,259226,15,,,1,70,,259227,14,4,,1,25,,259228,15,,,1,75,,259229,14,4,,1,35,,259230,15,,,1,100,,259231,15,,,1,95,,259232,15,,,1,100,,259233,15,,,1
2900,'20261014',635,,259234,15,,,1,200,,259235,15,,,1,200,,259236,15,,,1,205,,259237,15,,,1,100,,259238,15,,,1,95,,259239,15,,,1,100,,259240,15,,,1,100,,259241,15,,,1,65,,259242,14,4,,1,35,,259243,15,,,1,70,,259244,14,4,,1,30,,259245,15,,,1,70,,259246,14,4,,1,25,,259247,15,,,1,75,,259248,14,4,,1,35,,259249,15,,,1,100,,259250,15,,,1,95,,259251,15,,,1,100,,259252,15,,,1
2900,'20261015',635,,259253,15,,,1,200,,259254,15,,,1,200,,259255,15,,,1,205,,259256,15,,,1,100,,259257,15,,,1,95,,259258,15,,,1,100,,259259,15,,,1,100,,259260,15,,,1,65,,259261,14,4,,1,35,,259262,15,,,1,70,,259263,14,4,,1,30,,259264,15,,,1,70,,259265,14,4,,1,25,,259266,15,,,1,75,,259267,14,4,,1,35,,259268,15,,,1,100,,259269,15,,,1,95,,259270,15,,,1,100,,259271,15,,,1
2900,'20261016',635,,259272,15,,,1,200,,259273,15,,,1,200,,259274,15,,,1,205,,259275,15,,,1,100,,259276,15,,,1,95,,259277,15,,,1,100,,259278,15,,,1,100,,259279,15,,,1,65,,259280,14,4,,1,35,,259281,15,,,1,70,,259282,14,4,,1,30,,259283,15,,,1,70,,259284,14,4,,1,25,,259285,15,,,1,75,,259286,14,4,,1,35,,259287,15,,,1,100,,259288,15,,,1,95,,259289,15,,,1,100,,259290,15,,,1
2900,'20261017',755,,259291,15,,,1,100,,259292,15,,,1,100,,259293,15,,,1,100,,259294,15,,,1,95,,259295,15,,,1,100,,259296,15,,,1,105,,259297,15,,,1,145,,259298,15,,,1,100,,259299,15,,,1,100,,259300,15,,,1,100,,259301,15,,,1,55,,259302,15,,,1,100,,259303,15,,,1,100,,259304,15,,,1,100,,259305,15,,,1,200,,259306,15,,,1
2900,'20261018',755,,259307,15,,,1,100,,259308,15,,,1,100,,259309,15,,,1,100,,259310,15,,,1,95,,259311,15,,,1,100,,259312,15,,,1,105,,259313,15,,,1,145,,259314,15,,,1,100,,259315,15,,,1,100,,259316,15,,,1,100,,259317,15,,,1,55,,259318,15,,,1,100,,259319,15,,,1,100,,259320,15,,,1,100,,259321,15,,,1,200,,259322,15,,,1
2900,'20261019',635,,259323,15,,,1,200,,259324,15,,,1,200,,259325,15,,,1,205,,259326,15,,,1,100,,259327,15,,,1,95,,259328,15,,,1,100,,259329,15,,,1,100,,259330,15,,,1,65,,259331,14,4,,1,35,,259332,15,,,1,70,,259333,14,4,,1,30,,259334,15,,,1,70,,259335,14,4,,1,25,,259336,15,,,1,75,,259337,14,4,,1,35,,259338,15,,,1,100,,259339,15,,,1,95,,259340,15,,,1,100,,259341,15,,,1
2900,'20261020',635,,259342,15,,,1,200,,259343,15,,,1,200,,259344,15,,,1,205,,259345,15,,,1,100,,259346,15,,,1,95,,259347,15,,,1,100,,259348,15,,,1,100,,259349,15,,,1,65,,259350,14,4,,1,35,,259351,15,,,1,70,,259352,14,4,,1,30,,259353,15,,,1,70,,259354,14,4,,1,25,,259355,15,,,1,75,,259356,14,4,,1,35,,259357,15,,,1,100,,259358,15,,,1,95,,259359,15,,,1,100,,259360,15,,,1
2900,'20261021',635,,259361,15,,,1,200,,259362,15,,,1,200,,259363,15,,,1,205,,259364,15,,,1,100,,259365,15,,,1,95,,259366,15,,,1,100,,259367,15,,,1,100,,259368,15,,,1,65,,259369,14,4,,1,35,,259370,15,,,1,70,,259371,14,4,,1,30,,259372,15,,,1,70,,259373,14,4,,1,25,,259374,15,,,1,75,,259375,14,4,,1,35,,259376,15,,,1,100,,259377,15,,,1,95,,259378,15,,,1,100,,259379,15,,,1
2900,'20261022',635,,259380,15,,,1,200,,259381,15,,,1,200,,259382,15,,,1,205,,259383,15,,,1,100,,259384,15,,,1,95,,259385,15,,,1,100,,259386,15,,,1,100,,259387,15,,,1,65,,259388,14,4,,1,35,,259389,15,,,1,70,,259390,14,4,,1,30,,259391,15,,,1,70,,259392,14,4,,1,25,,259393,15,,,1,75,,259394,14,4,,1,35,,259395,15,,,1,100,,259396,15,,,1,95,,259397,15,,,1,100,,259398,15,,,1
2900,'20261023',635,,259399,15,,,1,200,,259400,15,,,1,200,,259401,15,,,1,205,,259402,15,,,1,100,,259403,15,,,1,95,,259404,15,,,1,100,,259405,15,,,1,100,,259406,15,,,1,65,,259407,14,4,,1,35,,259408,15,,,1,70,,259409,14,4,,1,30,,259410,15,,,1,70,,259411,14,4,,1,25,,259412,15,,,1,75,,259413,14,4,,1,35,,259414,15,,,1,100,,259415,15,,,1,95,,259416,15,,,1,100,,259417,15,,,1
2900,'20261024',755,,259418,15,,,1,100,,259419,15,,,1,100,,259420,15,,,1,100,,259421,15,,,1,95,,259422,15,,,1,100,,259423,15,,,1,105,,259424,15,,,1,145,,259425,15,,,1,100,,259426,15,,,1,100,,259427,15,,,1,100,,259428,15,,,1,55,,259429,15,,,1,100,,259430,15,,,1,100,,259431,15,,,1,100,,259432,15,,,1,200,,259433,15,,,1
2900,'20261025',755,,259434,15,,,1,100,,259435,15,,,1,100,,259436,15,,,1,100,,259437,15,,,1,95,,259438,15,,,1,100,,259439,15,,,1,105,,259440,15,,,1,145,,259441,15,,,1,100,,259442,15,,,1,100,,259443,15,,,1,100,,259444,15,,,1,55,,259445,15,,,1,100,,259446,15,,,1,100,,259447,15,,,1,100,,259448,15,,,1,200,,259449,15,,,1
2900,'20261026',635,,259450,15,,,1,200,,259451,15,,,1,200,,259452,15,,,1,205,,259453,15,,,1,100,,259454,15,,,1,95,,259455,15,,,1,100,,259456,15,,,1,100,,259457,15,,,1,65,,259458,14,4,,1,35,,259459,15,,,1,70,,259460,14,4,,1,30,,259461,15,,,1,70,,259462,14,4,,1,25,,259463,15,,,1,75,,259464,14,4,,1,35,,259465,15,,,1,100,,259466,15,,,1,95,,259467,15,,,1,100,,259468,15,,,1
2900,'20261027',635,,259469,15,,,1,200,,259470,15,,,1,200,,259471,15,,,1,205,,259472,15,,,1,100,,259473,15,,,1,95,,259474,15,,,1,100,,259475,15,,,1,100,,259476,15,,,1,65,,259477,14,4,,1,35,,259478,15,,,1,70,,259479,14,4,,1,30,,259480,15,,,1,70,,259481,14,4,,1,25,,259482,15,,,1,75,,259483,14,4,,1,35,,259484,15,,,1,100,,259485,15,,,1,95,,259486,15,,,1,100,,259487,15,,,1
2900,'20261028',635,,259488,15,,,1,200,,259489,15,,,1,200,,259490,15,,,1,205,,259491,15,,,1,100,,259492,15,,,1,95,,259493,15,,,1,100,,259494,15,,,1,100,,259495,15,,,1,65,,259496,14,4,,1,35,,259497,15,,,1,70,,259498,14,4,,1,30,,259499,15,,,1,70,,259500,14,4,,1,25,,259501,15,,,1,75,,259502,14,4,,1,35,,259503,15,,,1,100,,259504,15,,,1,95,,259505,15,,,1,100,,259506,15,,,1
2900,'20261029',635,,259507,15,,,1,200,,259508,15,,,1,200,,259509,15,,,1,205,,259510,15,,,1,100,,259511,15,,,1,95,,259512,15,,,1,100,,259513,15,,,1,100,,259514,15,,,1,65,,259515,14,4,,1,35,,259516,15,,,1,70,,259517,14,4,,1,30,,259518,15,,,1,70,,259519,14,4,,1,25,,259520,15,,,1,75,,259521,14,4,,1,35,,259522,15,,,1,100,,259523,15,,,1,95,,259524,15,,,1,100,,259525,15,,,1
2900,'20261030',635,,259526,15,,,1,200,,259527,15,,,1,200,,259528,15,,,1,205,,259529,15,,,1,100,,259530,15,,,1,95,,259531,15,,,1,100,,259532,15,,,1,100,,259533,15,,,1,65,,259534,14,4,,1,35,,259535,15,,,1,70,,259536,14,4,,1,30,,259537,15,,,1,70,,259538,14,4,,1,25,,259539,15,,,1,75,,259540,14,4,,1,35,,259541,15,,,1,100,,259542,15,,,1,95,,259543,15,,,1,100,,259544,15,,,1
2900,'20261031',755,,259545,15,,,1,100,,259546,15,,,1,100,,259547,15,,,1,100,,259548,15,,,1,95,,259549,15,,,1,100,,259550,15,,,1,105,,259551,15,,,1,145,,259552,15,,,1,100,,259553,15,,,1,100,,259554,15,,,1,100,,259555,15,,,1,55,,259556,15,,,1,100,,259557,15,,,1,100,,259558,15,,,1,100,,259559,15,,,1,200,,259560,15,,,1
2900,'20261101',755,,259561,15,,,1,100,,259562,15,,,1,100,,259563,15,,,1,100,,259564,15,,,1,95,,259565,15,,,1,100,,259566,15,,,1,105,,259567,15,,,1,145,,259568,15,,,1,100,,259569,15,,,1,100,,259570,15,,,1,100,,259571,15,,,1,55,,259572,15,,,1,100,,259573,15,,,1,100,,259574,15,,,1,100,,259575,15,,,1,200,,259576,15,,,1
2900,'20261102',635,,259577,15,,,1,200,,259578,15,,,1,200,,259579,15,,,1,205,,259580,15,,,1,100,,259581,15,,,1,95,,259582,15,,,1,100,,259583,15,,,1,100,,259584,15,,,1,65,,259585,14,4,,1,35,,259586,15,,,1,70,,259587,14,4,,1,30,,259588,15,,,1,70,,259589,14,4,,1,25,,259590,15,,,1,75,,259591,14,4,,1,35,,259592,15,,,1,100,,259593,15,,,1,95,,259594,15,,,1,100,,259595,15,,,1
2900,'20261103',635,,259596,15,,,1,200,,259597,15,,,1,200,,259598,15,,,1,205,,259599,15,,,1,100,,259600,15,,,1,95,,259601,15,,,1,100,,259602,15,,,1,100,,259603,15,,,1,65,,259604,14,4,,1,35,,259605,15,,,1,70,,259606,14,4,,1,30,,259607,15,,,1,70,,259608,14,4,,1,25,,259609,15,,,1,75,,259610,14,4,,1,35,,259611,15,,,1,100,,259612,15,,,1,95,,259613,15,,,1,100,,259614,15,,,1
2900,'20261104',635,,259615,15,,,1,200,,259616,15,,,1,200,,259617,15,,,1,205,,259618,15,,,1,100,,259619,15,,,1,95,,259620,15,,,1,100,,259621,15,,,1,100,,259622,15,,,1,65,,259623,14,4,,1,35,,259624,15,,,1,70,,259625,14,4,,1,30,,259626,15,,,1,70,,259627,14,4,,1,25,,259628,15,,,1,75,,259629,14,4,,1,35,,259630,15,,,1,100,,259631,15,,,1,95,,259632,15,,,1,100,,259633,15,,,1
2900,'20261105',635,,259634,15,,,1,200,,259635,15,,,1,200,,259636,15,,,1,205,,259637,15,,,1,100,,259638,15,,,1,95,,259639,15,,,1,100,,259640,15,,,1,100,,259641,15,,,1,65,,259642,14,4,,1,35,,259643,15,,,1,70,,259644,14,4,,1,30,,259645,15,,,1,70,,259646,14,4,,1,25,,259647,15,,,1,75,,259648,14,4,,1,35,,259649,15,,,1,100,,259650,15,,,1,95,,259651,15,,,1,100,,259652,15,,,1
2900,'20261106',635,,259653,15,,,1,200,,259654,15,,,1,200,,259655,15,,,1,205,,259656,15,,,1,100,,259657,15,,,1,95,,259658,15,,,1,100,,259659,15,,,1,100,,259660,15,,,1,65,,259661,14,4,,1,35,,259662,15,,,1,70,,259663,14,4,,1,30,,259664,15,,,1,70,,259665,14,4,,1,25,,259666,15,,,1,75,,259667,14,4,,1,35,,259668,15,,,1,100,,259669,15,,,1,95,,259670,15,,,1,100,,259671,15,,,1
2900,'20261107',755,,259672,15,,,1,100,,259673,15,,,1,100,,259674,15,,,1,100,,259675,15,,,1,95,,259676,15,,,1,100,,259677,15,,,1,105,,259678,15,,,1,145,,259679,15,,,1,100,,259680,15,,,1,100,,259681,15,,,1,100,,259682,15,,,1,55,,259683,15,,,1,100,,259684,15,,,1,100,,259685,15,,,1,100,,259686,15,,,1,200,,259687,15,,,1
2900,'20261108',755,,259688,15,,,1,100,,259689,15,,,1,100,,259690,15,,,1,100,,259691,15,,,1,95,,259692,15,,,1,100,,259693,15,,,1,105,,259694,15,,,1,145,,259695,15,,,1,100,,259696,15,,,1,100,,259697,15,,,1,100,,259698,15,,,1,55,,259699,15,,,1,100,,259700,15,,,1,100,,259701,15,,,1,100,,259702,15,,,1,200,,259703,15,,,1
2900,'20261109',635,,259704,15,,,1,200,,259705,15,,,1,200,,259706,15,,,1,205,,259707,15,,,1,100,,259708,15,,,1,95,,259709,15,,,1,100,,259710,15,,,1,100,,259711,15,,,1,65,,259712,14,4,,1,35,,259713,15,,,1,70,,259714,14,4,,1,30,,259715,15,,,1,70,,259716,14,4,,1,25,,259717,15,,,1,75,,259718,14,4,,1,35,,259719,15,,,1,100,,259720,15,,,1,95,,259721,15,,,1,100,,259722,15,,,1
2900,'20261110',635,,259723,15,,,1,200,,259724,15,,,1,200,,259725,15,,,1,205,,259726,15,,,1,100,,259727,15,,,1,95,,259728,15,,,1,100,,259729,15,,,1,100,,259730,15,,,1,65,,259731,14,4,,1,35,,259732,15,,,1,70,,259733,14,4,,1,30,,259734,15,,,1,70,,259735,14,4,,1,25,,259736,15,,,1,75,,259737,14,4,,1,35,,259738,15,,,1,100,,259739,15,,,1,95,,259740,15,,,1,100,,259741,15,,,1
2900,'20261111',635,,259742,15,,,1,200,,259743,15,,,1,200,,259744,15,,,1,205,,259745,15,,,1,100,,259746,15,,,1,95,,259747,15,,,1,100,,259748,15,,,1,100,,259749,15,,,1,65,,259750,14,4,,1,35,,259751,15,,,1,70,,259752,14,4,,1,30,,259753,15,,,1,70,,259754,14,4,,1,25,,259755,15,,,1,75,,259756,14,4,,1,35,,259757,15,,,1,100,,259758,15,,,1,95,,259759,15,,,1,100,,259760,15,,,1
2900,'20261112',635,,259761,15,,,1,200,,259762,15,,,1,200,,259763,15,,,1,205,,259764,15,,,1,100,,259765,15,,,1,95,,259766,15,,,1,100,,259767,15,,,1,100,,259768,15,,,1,65,,259769,14,4,,1,35,,259770,15,,,1,70,,259771,14,4,,1,30,,259772,15,,,1,70,,259773,14,4,,1,25,,259774,15,,,1,75,,259775,14,4,,1,35,,259776,15,,,1,100,,259777,15,,,1,95,,259778,15,,,1,100,,259779,15,,,1
2900,'20261113',635,,259780,15,,,1,200,,259781,15,,,1,200,,259782,15,,,1,205,,259783,15,,,1,100,,259784,15,,,1,95,,259785,15,,,1,100,,259786,15,,,1,100,,259787,15,,,1,65,,259788,14,4,,1,35,,259789,15,,,1,70,,259790,14,4,,1,30,,259791,15,,,1,70,,259792,14,4,,1,25,,259793,15,,,1,75,,259794,14,4,,1,35,,259795,15,,,1,100,,259796,15,,,1,95,,259797,15,,,1,100,,259798,15,,,1
2900,'20261114',755,,259799,15,,,1,100,,259800,15,,,1,100,,259801,15,,,1,100,,259802,15,,,1,95,,259803,15,,,1,100,,259804,15,,,1,105,,259805,15,,,1,145,,259806,15,,,1,100,,259807,15,,,1,100,,259808,15,,,1,100,,259809,15,,,1,55,,259810,15,,,1,100,,259811,15,,,1,100,,259812,15,,,1,100,,259813,15,,,1,200,,259814,15,,,1
2900,'20261115',755,,259815,15,,,1,100,,259816,15,,,1,100,,259817,15,,,1,100,,259818,15,,,1,95,,259819,15,,,1,100,,259820,15,,,1,105,,259821,15,,,1,145,,259822,15,,,1,100,,259823,15,,,1,100,,259824,15,,,1,100,,259825,15,,,1,55,,259826,15,,,1,100,,259827,15,,,1,100,,259828,15,,,1,100,,259829,15,,,1,200,,259830,15,,,1
2900,'20261116',635,,259831,15,,,1,200,,259832,15,,,1,200,,259833,15,,,1,205,,259834,15,,,1,100,,259835,15,,,1,95,,259836,15,,,1,100,,259837,15,,,1,100,,259838,15,,,1,65,,259839,14,4,,1,35,,259840,15,,,1,70,,259841,14,4,,1,30,,259842,15,,,1,70,,259843,14,4,,1,25,,259844,15,,,1,75,,259845,14,4,,1,35,,259846,15,,,1,100,,259847,15,,,1,95,,259848,15,,,1,100,,259849,15,,,1
2900,'20261117',635,,259850,15,,,1,200,,259851,15,,,1,200,,259852,15,,,1,205,,259853,15,,,1,100,,259854,15,,,1,95,,259855,15,,,1,100,,259856,15,,,1,100,,259857,15,,,1,65,,259858,14,4,,1,35,,259859,15,,,1,70,,259860,14,4,,1,30,,259861,15,,,1,70,,259862,14,4,,1,25,,259863,15,,,1,75,,259864,14,4,,1,35,,259865,15,,,1,100,,259866,15,,,1,95,,259867,15,,,1,100,,259868,15,,,1
2900,'20261118',635,,259869,15,,,1,200,,259870,15,,,1,200,,259871,15,,,1,205,,259872,15,,,1,100,,259873,15,,,1,95,,259874,15,,,1,100,,259875,15,,,1,100,,259876,15,,,1,65,,259877,14,4,,1,35,,259878,15,,,1,70,,259879,14,4,,1,30,,259880,15,,,1,70,,259881,14,4,,1,25,,259882,15,,,1,75,,259883,14,4,,1,35,,259884,15,,,1,100,,259885,15,,,1,95,,259886,15,,,1,100,,259887,15,,,1
2900,'20261119',635,,259888,15,,,1,200,,259889,15,,,1,200,,259890,15,,,1,205,,259891,15,,,1,100,,259892,15,,,1,95,,259893,15,,,1,100,,259894,15,,,1,100,,259895,15,,,1,65,,259896,14,4,,1,35,,259897,15,,,1,70,,259898,14,4,,1,30,,259899,15,,,1,70,,259900,14,4,,1,25,,259901,15,,,1,75,,259902,14,4,,1,35,,259903,15,,,1,100,,259904,15,,,1,95,,259905,15,,,1,100,,259906,15,,,1
2900,'20261120',635,,259907,15,,,1,200,,259908,15,,,1,200,,259909,15,,,1,205,,259910,15,,,1,100,,259911,15,,,1,95,,259912,15,,,1,100,,259913,15,,,1,100,,259914,15,,,1,65,,259915,14,4,,1,35,,259916,15,,,1,70,,259917,14,4,,1,30,,259918,15,,,1,70,,259919,14,4,,1,25,,259920,15,,,1,75,,259921,14,4,,1,35,,259922,15,,,1,100,,259923,15,,,1,95,,259924,15,,,1,100,,259925,15,,,1
2900,'20261121',755,,259926,15,,,1,100,,259927,15,,,1,100,,259928,15,,,1,100,,259929,15,,,1,95,,259930,15,,,1,100,,259931,15,,,1,105,,259932,15,,,1,145,,259933,15,,,1,100,,259934,15,,,1,100,,259935,15,,,1,100,,259936,15,,,1,55,,259937,15,,,1,100,,259938,15,,,1,100,,259939,15,,,1,100,,259940,15,,,1,200,,259941,15,,,1
2900,'20261122',755,,259942,15,,,1,100,,259943,15,,,1,100,,259944,15,,,1,100,,259945,15,,,1,95,,259946,15,,,1,100,,259947,15,,,1,105,,259948,15,,,1,145,,259949,15,,,1,100,,259950,15,,,1,100,,259951,15,,,1,100,,259952,15,,,1,55,,259953,15,,,1,100,,259954,15,,,1,100,,259955,15,,,1,100,,259956,15,,,1,200,,259957,15,,,1
2900,'20261123',635,,259958,15,,,1,200,,259959,15,,,1,200,,259960,15,,,1,205,,259961,15,,,1,100,,259962,15,,,1,95,,259963,15,,,1,100,,259964,15,,,1,100,,259965,15,,,1,65,,259966,14,4,,1,35,,259967,15,,,1,70,,259968,14,4,,1,30,,259969,15,,,1,70,,259970,14,4,,1,25,,259971,15,,,1,75,,259972,14,4,,1,35,,259973,15,,,1,100,,259974,15,,,1,95,,259975,15,,,1,100,,259976,15,,,1
2900,'20261124',635,,259977,15,,,1,200,,259978,15,,,1,200,,259979,15,,,1,205,,259980,15,,,1,100,,259981,15,,,1,95,,259982,15,,,1,100,,259983,15,,,1,100,,259984,15,,,1,65,,259985,14,4,,1,35,,259986,15,,,1,70,,259987,14,4,,1,30,,259988,15,,,1,70,,259989,14,4,,1,25,,259990,15,,,1,75,,259991,14,4,,1,35,,259992,15,,,1,100,,259993,15,,,1,95,,259994,15,,,1,100,,259995,15,,,1
2900,'20261125',635,,259996,15,,,1,200,,259997,15,,,1,200,,259998,15,,,1,205,,259999,15,,,1,100,,260000,15,,,1,95,,260001,15,,,1,100,,260002,15,,,1,100,,260003,15,,,1,65,,260004,14,4,,1,35,,260005,15,,,1,70,,260006,14,4,,1,30,,260007,15,,,1,70,,260008,14,4,,1,25,,260009,15,,,1,75,,260010,14,4,,1,35,,260011,15,,,1,100,,260012,15,,,1,95,,260013,15,,,1,100,,260014,15,,,1
2900,'20261126',635,,260015,15,,,1,200,,260016,15,,,1,200,,260017,15,,,1,205,,260018,15,,,1,100,,260019,15,,,1,95,,260020,15,,,1,100,,260021,15,,,1,100,,260022,15,,,1,65,,260023,14,4,,1,35,,260024,15,,,1,70,,260025,14,4,,1,30,,260026,15,,,1,70,,260027,14,4,,1,25,,260028,15,,,1,75,,260029,14,4,,1,35,,260030,15,,,1,100,,260031,15,,,1,95,,260032,15,,,1,100,,260033,15,,,1
2900,'20261127',635,,260034,15,,,1,200,,260035,15,,,1,200,,260036,15,,,1,205,,260037,15,,,1,100,,260038,15,,,1,95,,260039,15,,,1,100,,260040,15,,,1,100,,260041,15,,,1,65,,260042,14,4,,1,35,,260043,15,,,1,70,,260044,14,4,,1,30,,260045,15,,,1,70,,260046,14,4,,1,25,,260047,15,,,1,75,,260048,14,4,,1,35,,260049,15,,,1,100,,260050,15,,,1,95,,260051,15,,,1,100,,260052,15,,,1
4000,'20260910',400,,280134,10,0,31 42 9,1,100,,280135,10,0,31 42 9,1,55,,280136,10,0,31 42 9,1,68,,280137,10,0,49 50 51,1,20,,280138,10,0,37 42 9,1,60,,280139,10,0,49 50 51,1,17,,280140,10,0,49 50 51,1,10,,280141,10,0,49 50 51,1,15,,280142,10,0,37 42 9,1,55,,280143,10,0,49 50 51,1,15,,280144,10,0,49 50 51,1,20,,280145,10,0,49 50 51,1,15,,280146,10,0,37 42 9,1,55,,280147,10,0,49 50 51,1,20,,280148,10,0,49 50 51,1,20,,280149,10,0,49 50 51,1,58,,280150,10,0,31 42 9,1,25,,280151,10,0,52 49 50 51,1,75,,280152,10,0,49 50 51,1,35,,280153,10,0,49 50 51,1,65,,280154,10,0,31 42 9,1,25,,280155,10,0,52 49 50 51,1,75,,280156,10,0,49 50 51,1,30,,280157,10,0,49 50 51,1,20,,280158,10,0,49 50 51,1,62,,280159,10,0,31 42 9,1,25,,280160,10,0,31 42 9,1,60,,280161,10,0,37 42 9,1,20,,280162,10,0,49 50 51,1,20,,280163,10,0,31 42 9,1,15,,280164,10,0,37 42 9,1,60,,280165,10,0,49 50 51,1,18,,280166,10,0,49 50 51,1,17,,280167,10,0,31 42 9,1,50,,280168,10,0,37 42 9,1,20,,280169,10,0,49 50 51,1,10,,280170,10,0,49 50 51,1,15,,280171,10,0,49 50 51,1,55,,280172,10,0,37 42 9,1,20,,280173,10,0,49 50 51,1,25,,280174,10,0,49 50 51,1,60,,280175,10,0,49 50 51,1,25,,280176,10,0,37 42 9,1,70,,280177,10,0,49 50 51,1,25,,280178,10,0,31 42 9,1,30,,280179,10,0,49 50 51,1,145,,280180,10,0,31 42 9,1,100,,280181,10,0,49 50 51,1,100,,280182,10,0,31 42 9,1,200,,280183,10,0,31 42 9,1
4000,'20260911',400,,280184,10,0,31 42 9,1,100,,280185,10,0,31 42 9,1,55,,280186,10,0,31 42 9,1,68,,280187,10,0,49 50 51,1,20,,280188,10,0,37 42 9,1,60,,280189,10,0,49 50 51,1,17,,280190,10,0,49 50 51,1,10,,280191,10,0,49 50 51,1,15,,280192,10,0,37 42 9,1,55,,280193,10,0,49 50 51,1,15,,280194,10,0,49 50 51,1,20,,280195,10,0,49 50 51,1,15,,280196,10,0,37 42 9,1,55,,280197,10,0,49 50 51,1,20,,280198,10,0,49 50 51,1,20,,280199,10,0,49 50 51,1,58,,280200,10,0,31 42 9,1,25,,280201,10,0,52 49 50 51,1,75,,280202,10,0,49 50 51,1,35,,280203,10,0,49 50 51,1,65,,280204,10,0,31 42 9,1,25,,280205,10,0,52 49 50 51,1,75,,280206,10,0,49 50 51,1,30,,280207,10,0,49 50 51,1,20,,280208,10,0,49 50 51,1,62,,280209,10,0,31 42 9,1,25,,280210,10,0,31 42 9,1,60,,280211,10,0,37 42 9,1,20,,280212,10,0,49 50 51,1,20,,280213,10,0,31 42 9,1,15,,280214,10,0,37 42 9,1,60,,280215,10,0,49 50 51,1,18,,280216,10,0,49 50 51,1,17,,280217,10,0,31 42 9,1,50,,280218,10,0,37 42 9,1,20,,280219,10,0,49 50 51,1,10,,280220,10,0,49 50 51,1,15,,280221,10,0,49 50 51,1,55,,280222,10,0,37 42 9,1,20,,280223,10,0,49 50 51,1,25,,280224,10,0,49 50 51,1,60,,280225,10,0,49 50 51,1,25,,280226,10,0,37 42 9,1,70,,280227,10,0,49 50 51,1,25,,280228,10,0,31 42 9,1,30,,280229,10,0,49 50 51,1,145,,280230,10,0,31 42 9,1,100,,280231,10,0,49 50 51,1,100,,280232,10,0,31 42 9,1,200,,280233,10,0,31 42 9,1
4000,'20260912',400,,280234,10,0,31 42 9,1,200,,280235,10,0,31 42 9,1,100,,280236,10,0,31 42 9,1,100,,280237,10,0,49 50 51,1,100,,280238,10,0,31 42 9,1,30,,280239,10,0,49 50 51,1,70,,280240,10,0,49 50 51,1,30,,280241,10,0,49 50 51,1,70,,280242,10,0,31 42 9,1,30,,280243,10,0,49 50 51,1,70,,280244,10,0,49 50 51,1,30,,280245,10,0,49 50 51,1,70,,280246,10,0,31 42 9,1,30,,280247,10,0,49 50 51,1,70,,280248,10,0,49 50 51,1,30,,280249,10,0,49 50 51,1,20,,280250,10,0,49 50 51,1,60,,280251,10,0,31 42 9,1,20,,280252,10,0,49 50 51,1,20,,280253,10,0,49 50 51,1,60,,280254,10,0,31 42 9,1,20,,280255,10,0,49 50 51,1,20,,280256,10,0,49 50 51,1,60,,280257,10,0,31 42 9,1,20,,280258,10,0,49 50 51,1,20,,280259,10,0,49 50 51,1,60,,280260,10,0,31 42 9,1,20,,280261,10,0,49 50 51,1,20,,280262,10,0,49 50 51,1,60,,280263,10,0,31 42 9,1,15,,280264,10,0,49 50 51,1,20,,280265,10,0,49 50 51,1,60,,280266,10,0,31 42 9,1,25,,280267,10,0,49 50 51,1,70,,280268,10,0,49 50 51,1,100,,280269,10,0,31 42 9,1,100,,280270,10,0,49 50 51,1,100,,280271,10,0,31 42 9,1,200,,280272,10,0,31 42 9,1
4000,'20260913',400,,280273,10,0,31 42 9,1,200,,280274,10,0,31 42 9,1,100,,280275,10,0,31 42 9,1,100,,280276,10,0,49 50 51,1,100,,280277,10,0,31 42 9,1,30,,280278,10,0,49 50 51,1,70,,280279,10,0,49 50 51,1,30,,280280,10,0,49 50 51,1,70,,280281,10,0,31 42 9,1,30,,280282,10,0,49 50 51,1,70,,280283,10,0,49 50 51,1,30,,280284,10,0,49 50 51,1,70,,280285,10,0,31 42 9,1,30,,280286,10,0,49 50 51,1,70,,280287,10,0,49 50 51,1,30,,280288,10,0,49 50 51,1,20,,280289,10,0,49 50 51,1,60,,280290,10,0,31 42 9,1,20,,280291,10,0,49 50 51,1,20,,280292,10,0,49 50 51,1,60,,280293,10,0,31 42 9,1,20,,280294,10,0,49 50 51,1,20,,280295,10,0,49 50 51,1,60,,280296,10,0,31 42 9,1,20,,280297,10,0,49 50 51,1,20,,280298,10,0,49 50 51,1,60,,280299,10,0,31 42 9,1,20,,280300,10,0,49 50 51,1,20,,280301,10,0,49 50 51,1,60,,280302,10,0,31 42 9,1,15,,280303,10,0,49 50 51,1,20,,280304,10,0,49 50 51,1,60,,280305,10,0,31 42 9,1,25,,280306,10,0,49 50 51,1,70,,280307,10,0,49 50 51,1,100,,280308,10,0,31 42 9,1,100,,280309,10,0,49 50 51,1,100,,280310,10,0,31 42 9,1,200,,280311,10,0,31 42 9,1
4000,'20260914',400,,280312,10,0,31 42 9,1,100,,280313,10,0,31 42 9,1,55,,280314,10,0,31 42 9,1,68,,280315,10,0,49 50 51,1,20,,280316,10,0,37 42 9,1,60,,280317,10,0,49 50 51,1,17,,280318,10,0,49 50 51,1,10,,280319,10,0,49 50 51,1,15,,280320,10,0,37 42 9,1,55,,280321,10,0,49 50 51,1,15,,280322,10,0,49 50 51,1,20,,280323,10,0,49 50 51,1,15,,280324,10,0,37 42 9,1,55,,280325,10,0,49 50 51,1,20,,280326,10,0,49 50 51,1,20,,280327,10,0,49 50 51,1,58,,280328,10,0,31 42 9,1,25,,280329,10,0,52 49 50 51,1,75,,280330,10,0,49 50 51,1,35,,280331,10,0,49 50 51,1,65,,280332,10,0,31 42 9,1,25,,280333,10,0,52 49 50 51,1,75,,280334,10,0,49 50 51,1,30,,280335,10,0,49 50 51,1,20,,280336,10,0,49 50 51,1,62,,280337,10,0,31 42 9,1,25,,280338,10,0,31 42 9,1,60,,280339,10,0,37 42 9,1,20,,280340,10,0,49 50 51,1,20,,280341,10,0,31 42 9,1,15,,280342,10,0,37 42 9,1,60,,280343,10,0,49 50 51,1,18,,280344,10,0,49 50 51,1,17,,280345,10,0,31 42 9,1,50,,280346,10,0,37 42 9,1,20,,280347,10,0,49 50 51,1,10,,280348,10,0,49 50 51,1,15,,280349,10,0,49 50 51,1,55,,280350,10,0,37 42 9,1,20,,280351,10,0,49 50 51,1,25,,280352,10,0,49 50 51,1,60,,280353,10,0,49 50 51,1,25,,280354,10,0,37 42 9,1,70,,280355,10,0,49 50 51,1,25,,280356,10,0,31 42 9,1,30,,280357,10,0,49 50 51,1,145,,280358,10,0,31 42 9,1,100,,280359,10,0,49 50 51,1,100,,280360,10,0,31 42 9,1,200,,280361,10,0,31 42 9,1
4000,'20260915',400,,280362,10,0,31 42 9,1,100,,280363,10,0,31 42 9,1,55,,280364,10,0,31 42 9,1,68,,280365,10,0,49 50 51,1,20,,280366,10,0,37 42 9,1,60,,280367,10,0,49 50 51,1,17,,280368,10,0,49 50 51,1,10,,280369,10,0,49 50 51,1,15,,280370,10,0,37 42 9,1,55,,280371,10,0,49 50 51,1,15,,280372,10,0,49 50 51,1,20,,280373,10,0,49 50 51,1,15,,280374,10,0,37 42 9,1,55,,280375,10,0,49 50 51,1,20,,280376,10,0,49 50 51,1,20,,280377,10,0,49 50 51,1,58,,280378,10,0,31 42 9,1,25,,280379,10,0,52 49 50 51,1,75,,280380,10,0,49 50 51,1,35,,280381,10,0,49 50 51,1,65,,280382,10,0,31 42 9,1,25,,280383,10,0,52 49 50 51,1,75,,280384,10,0,49 50 51,1,30,,280385,10,0,49 50 51,1,20,,280386,10,0,49 50 51,1,62,,280387,10,0,31 42 9,1,25,,280388,10,0,31 42 9,1,60,,280389,10,0,37 42 9,1,20,,280390,10,0,49 50 51,1,20,,280391,10,0,31 42 9,1,15,,280392,10,0,37 42 9,1,60,,280393,10,0,49 50 51,1,18,,280394,10,0,49 50 51,1,17,,280395,10,0,31 42 9,1,50,,280396,10,0,37 42 9,1,20,,280397,10,0,49 50 51,1,10,,280398,10,0,49 50 51,1,15,,280399,10,0,49 50 51,1,55,,280400,10,0,37 42 9,1,20,,280401,10,0,49 50 51,1,25,,280402,10,0,49 50 51,1,60,,280403,10,0,49 50 51,1,25,,280404,10,0,37 42 9,1,70,,280405,10,0,49 50 51,1,25,,280406,10,0,31 42 9,1,30,,280407,10,0,49 50 51,1,145,,280408,10,0,31 42 9,1,100,,280409,10,0,49 50 51,1,100,,280410,10,0,31 42 9,1,200,,280411,10,0,31 42 9,1
4000,'20260916',400,,280412,10,0,31 42 9,1,100,,280413,10,0,31 42 9,1,55,,280414,10,0,31 42 9,1,68,,280415,10,0,49 50 51,1,20,,280416,10,0,37 42 9,1,60,,280417,10,0,49 50 51,1,17,,280418,10,0,49 50 51,1,10,,280419,10,0,49 50 51,1,15,,280420,10,0,37 42 9,1,55,,280421,10,0,49 50 51,1,15,,280422,10,0,49 50 51,1,20,,280423,10,0,49 50 51,1,15,,280424,10,0,37 42 9,1,55,,280425,10,0,49 50 51,1,20,,280426,10,0,49 50 51,1,20,,280427,10,0,49 50 51,1,58,,280428,10,0,31 42 9,1,25,,280429,10,0,52 49 50 51,1,75,,280430,10,0,49 50 51,1,35,,280431,10,0,49 50 51,1,65,,280432,10,0,31 42 9,1,25,,280433,10,0,52 49 50 51,1,75,,280434,10,0,49 50 51,1,30,,280435,10,0,49 50 51,1,20,,280436,10,0,49 50 51,1,62,,280437,10,0,31 42 9,1,25,,280438,10,0,31 42 9,1,60,,280439,10,0,37 42 9,1,20,,280440,10,0,49 50 51,1,20,,280441,10,0,31 42 9,1,15,,280442,10,0,37 42 9,1,60,,280443,10,0,49 50 51,1,18,,280444,10,0,49 50 51,1,17,,280445,10,0,31 42 9,1,50,,280446,10,0,37 42 9,1,20,,280447,10,0,49 50 51,1,10,,280448,10,0,49 50 51,1,15,,280449,10,0,49 50 51,1,55,,280450,10,0,37 42 9,1,20,,280451,10,0,49 50 51,1,25,,280452,10,0,49 50 51,1,60,,280453,10,0,49 50 51,1,25,,280454,10,0,37 42 9,1,70,,280455,10,0,49 50 51,1,25,,280456,10,0,31 42 9,1,30,,280457,10,0,49 50 51,1,145,,280458,10,0,31 42 9,1,100,,280459,10,0,49 50 51,1,100,,280460,10,0,31 42 9,1,200,,280461,10,0,31 42 9,1
4000,'20260917',400,,280462,10,0,31 42 9,1,100,,280463,10,0,31 42 9,1,55,,280464,10,0,31 42 9,1,68,,280465,10,0,49 50 51,1,20,,280466,10,0,37 42 9,1,60,,280467,10,0,49 50 51,1,17,,280468,10,0,49 50 51,1,10,,280469,10,0,49 50 51,1,15,,280470,10,0,37 42 9,1,55,,280471,10,0,49 50 51,1,15,,280472,10,0,49 50 51,1,20,,280473,10,0,49 50 51,1,15,,280474,10,0,37 42 9,1,55,,280475,10,0,49 50 51,1,20,,280476,10,0,49 50 51,1,20,,280477,10,0,49 50 51,1,58,,280478,10,0,31 42 9,1,25,,280479,10,0,52 49 50 51,1,75,,280480,10,0,49 50 51,1,35,,280481,10,0,49 50 51,1,65,,280482,10,0,31 42 9,1,25,,280483,10,0,52 49 50 51,1,75,,280484,10,0,49 50 51,1,30,,280485,10,0,49 50 51,1,20,,280486,10,0,49 50 51,1,62,,280487,10,0,31 42 9,1,25,,280488,10,0,31 42 9,1,60,,280489,10,0,37 42 9,1,20,,280490,10,0,49 50 51,1,20,,280491,10,0,31 42 9,1,15,,280492,10,0,37 42 9,1,60,,280493,10,0,49 50 51,1,18,,280494,10,0,49 50 51,1,17,,280495,10,0,31 42 9,1,50,,280496,10,0,37 42 9,1,20,,280497,10,0,49 50 51,1,10,,280498,10,0,49 50 51,1,15,,280499,10,0,49 50 51,1,55,,280500,10,0,37 42 9,1,20,,280501,10,0,49 50 51,1,25,,280502,10,0,49 50 51,1,60,,280503,10,0,49 50 51,1,25,,280504,10,0,37 42 9,1,70,,280505,10,0,49 50 51,1,25,,280506,10,0,31 42 9,1,30,,280507,10,0,49 50 51,1,145,,280508,10,0,31 42 9,1,100,,280509,10,0,49 50 51,1,100,,280510,10,0,31 42 9,1,200,,280511,10,0,31 42 9,1
4000,'20260918',400,,280512,10,0,31 42 9,1,100,,280513,10,0,31 42 9,1,55,,280514,10,0,31 42 9,1,68,,280515,10,0,49 50 51,1,20,,280516,10,0,37 42 9,1,60,,280517,10,0,49 50 51,1,17,,280518,10,0,49 50 51,1,10,,280519,10,0,49 50 51,1,15,,280520,10,0,37 42 9,1,55,,280521,10,0,49 50 51,1,15,,280522,10,0,49 50 51,1,20,,280523,10,0,49 50 51,1,15,,280524,10,0,37 42 9,1,55,,280525,10,0,49 50 51,1,20,,280526,10,0,49 50 51,1,20,,280527,10,0,49 50 51,1,58,,280528,10,0,31 42 9,1,25,,280529,10,0,52 49 50 51,1,75,,280530,10,0,49 50 51,1,35,,280531,10,0,49 50 51,1,65,,280532,10,0,31 42 9,1,25,,280533,10,0,52 49 50 51,1,75,,280534,10,0,49 50 51,1,30,,280535,10,0,49 50 51,1,20,,280536,10,0,49 50 51,1,62,,280537,10,0,31 42 9,1,25,,280538,10,0,31 42 9,1,60,,280539,10,0,37 42 9,1,20,,280540,10,0,49 50 51,1,20,,280541,10,0,31 42 9,1,15,,280542,10,0,37 42 9,1,60,,280543,10,0,49 50 51,1,18,,280544,10,0,49 50 51,1,17,,280545,10,0,31 42 9,1,50,,280546,10,0,37 42 9,1,20,,280547,10,0,49 50 51,1,10,,280548,10,0,49 50 51,1,15,,280549,10,0,49 50 51,1,55,,280550,10,0,37 42 9,1,20,,280551,10,0,49 50 51,1,25,,280552,10,0,49 50 51,1,60,,280553,10,0,49 50 51,1,25,,280554,10,0,37 42 9,1,70,,280555,10,0,49 50 51,1,25,,280556,10,0,31 42 9,1,30,,280557,10,0,49 50 51,1,145,,280558,10,0,31 42 9,1,100,,280559,10,0,49 50 51,1,100,,280560,10,0,31 42 9,1,200,,280561,10,0,31 42 9,1
4000,'20260919',400,,280562,10,0,31 42 9,1,200,,280563,10,0,31 42 9,1,100,,280564,10,0,31 42 9,1,100,,280565,10,0,49 50 51,1,100,,280566,10,0,31 42 9,1,30,,280567,10,0,49 50 51,1,70,,280568,10,0,49 50 51,1,30,,280569,10,0,49 50 51,1,70,,280570,10,0,31 42 9,1,30,,280571,10,0,49 50 51,1,70,,280572,10,0,49 50 51,1,30,,280573,10,0,49 50 51,1,70,,280574,10,0,31 42 9,1,30,,280575,10,0,49 50 51,1,70,,280576,10,0,49 50 51,1,30,,280577,10,0,49 50 51,1,20,,280578,10,0,49 50 51,1,60,,280579,10,0,31 42 9,1,20,,280580,10,0,49 50 51,1,20,,280581,10,0,49 50 51,1,60,,280582,10,0,31 42 9,1,20,,280583,10,0,49 50 51,1,20,,280584,10,0,49 50 51,1,60,,280585,10,0,31 42 9,1,20,,280586,10,0,49 50 51,1,20,,280587,10,0,49 50 51,1,60,,280588,10,0,31 42 9,1,20,,280589,10,0,49 50 51,1,20,,280590,10,0,49 50 51,1,60,,280591,10,0,31 42 9,1,15,,280592,10,0,49 50 51,1,20,,280593,10,0,49 50 51,1,60,,280594,10,0,31 42 9,1,25,,280595,10,0,49 50 51,1,70,,280596,10,0,49 50 51,1,100,,280597,10,0,31 42 9,1,100,,280598,10,0,49 50 51,1,100,,280599,10,0,31 42 9,1,200,,280600,10,0,31 42 9,1
4000,'20260920',400,,280601,10,0,31 42 9,1,200,,280602,10,0,31 42 9,1,100,,280603,10,0,31 42 9,1,100,,280604,10,0,49 50 51,1,100,,280605,10,0,31 42 9,1,30,,280606,10,0,49 50 51,1,70,,280607,10,0,49 50 51,1,30,,280608,10,0,49 50 51,1,70,,280609,10,0,31 42 9,1,30,,280610,10,0,49 50 51,1,70,,280611,10,0,49 50 51,1,30,,280612,10,0,49 50 51,1,70,,280613,10,0,31 42 9,1,30,,280614,10,0,49 50 51,1,70,,280615,10,0,49 50 51,1,30,,280616,10,0,49 50 51,1,20,,280617,10,0,49 50 51,1,60,,280618,10,0,31 42 9,1,20,,280619,10,0,49 50 51,1,20,,280620,10,0,49 50 51,1,60,,280621,10,0,31 42 9,1,20,,280622,10,0,49 50 51,1,20,,280623,10,0,49 50 51,1,60,,280624,10,0,31 42 9,1,20,,280625,10,0,49 50 51,1,20,,280626,10,0,49 50 51,1,60,,280627,10,0,31 42 9,1,20,,280628,10,0,49 50 51,1,20,,280629,10,0,49 50 51,1,60,,280630,10,0,31 42 9,1,15,,280631,10,0,49 50 51,1,20,,280632,10,0,49 50 51,1,60,,280633,10,0,31 42 9,1,25,,280634,10,0,49 50 51,1,70,,280635,10,0,49 50 51,1,100,,280636,10,0,31 42 9,1,100,,280637,10,0,49 50 51,1,100,,280638,10,0,31 42 9,1,200,,280639,10,0,31 42 9,1
4000,'20260921',400,,280640,10,0,31 42 9,1,100,,280641,10,0,31 42 9,1,55,,280642,10,0,31 42 9,1,68,,280643,10,0,49 50 51,1,20,,280644,10,0,37 42 9,1,60,,280645,10,0,49 50 51,1,17,,280646,10,0,49 50 51,1,10,,280647,10,0,49 50 51,1,15,,280648,10,0,37 42 9,1,55,,280649,10,0,49 50 51,1,15,,280650,10,0,49 50 51,1,20,,280651,10,0,49 50 51,1,15,,280652,10,0,37 42 9,1,55,,280653,10,0,49 50 51,1,20,,280654,10,0,49 50 51,1,20,,280655,10,0,49 50 51,1,58,,280656,10,0,31 42 9,1,25,,280657,10,0,52 49 50 51,1,75,,280658,10,0,49 50 51,1,35,,280659,10,0,49 50 51,1,65,,280660,10,0,31 42 9,1,25,,280661,10,0,52 49 50 51,1,75,,280662,10,0,49 50 51,1,30,,280663,10,0,49 50 51,1,20,,280664,10,0,49 50 51,1,62,,280665,10,0,31 42 9,1,25,,280666,10,0,31 42 9,1,60,,280667,10,0,37 42 9,1,20,,280668,10,0,49 50 51,1,20,,280669,10,0,31 42 9,1,15,,280670,10,0,37 42 9,1,60,,280671,10,0,49 50 51,1,18,,280672,10,0,49 50 51,1,17,,280673,10,0,31 42 9,1,50,,280674,10,0,37 42 9,1,20,,280675,10,0,49 50 51,1,10,,280676,10,0,49 50 51,1,15,,280677,10,0,49 50 51,1,55,,280678,10,0,37 42 9,1,20,,280679,10,0,49 50 51,1,25,,280680,10,0,49 50 51,1,60,,280681,10,0,49 50 51,1,25,,280682,10,0,37 42 9,1,70,,280683,10,0,49 50 51,1,25,,280684,10,0,31 42 9,1,30,,280685,10,0,49 50 51,1,145,,280686,10,0,31 42 9,1,100,,280687,10,0,49 50 51,1,100,,280688,10,0,31 42 9,1,200,,280689,10,0,31 42 9,1
4000,'20260922',400,,280690,10,0,31 42 9,1,100,,280691,10,0,31 42 9,1,55,,280692,10,0,31 42 9,1,68,,280693,10,0,49 50 51,1,20,,280694,10,0,37 42 9,1,60,,280695,10,0,49 50 51,1,17,,280696,10,0,49 50 51,1,10,,280697,10,0,49 50 51,1,15,,280698,10,0,37 42 9,1,55,,280699,10,0,49 50 51,1,15,,280700,10,0,49 50 51,1,20,,280701,10,0,49 50 51,1,15,,280702,10,0,37 42 9,1,55,,280703,10,0,49 50 51,1,20,,280704,10,0,49 50 51,1,20,,280705,10,0,49 50 51,1,58,,280706,10,0,31 42 9,1,25,,280707,10,0,52 49 50 51,1,75,,280708,10,0,49 50 51,1,35,,280709,10,0,49 50 51,1,65,,280710,10,0,31 42 9,1,25,,280711,10,0,52 49 50 51,1,75,,280712,10,0,49 50 51,1,30,,280713,10,0,49 50 51,1,20,,280714,10,0,49 50 51,1,62,,280715,10,0,31 42 9,1,25,,280716,10,0,31 42 9,1,60,,280717,10,0,37 42 9,1,20,,280718,10,0,49 50 51,1,20,,280719,10,0,31 42 9,1,15,,280720,10,0,37 42 9,1,60,,280721,10,0,49 50 51,1,18,,280722,10,0,49 50 51,1,17,,280723,10,0,31 42 9,1,50,,280724,10,0,37 42 9,1,20,,280725,10,0,49 50 51,1,10,,280726,10,0,49 50 51,1,15,,280727,10,0,49 50 51,1,55,,280728,10,0,37 42 9,1,20,,280729,10,0,49 50 51,1,25,,280730,10,0,49 50 51,1,60,,280731,10,0,49 50 51,1,25,,280732,10,0,37 42 9,1,70,,280733,10,0,49 50 51,1,25,,280734,10,0,31 42 9,1,30,,280735,10,0,49 50 51,1,145,,280736,10,0,31 42 9,1,100,,280737,10,0,49 50 51,1,100,,280738,10,0,31 42 9,1,200,,280739,10,0,31 42 9,1
4000,'20260923',400,,280740,10,0,31 42 9,1,100,,280741,10,0,31 42 9,1,55,,280742,10,0,31 42 9,1,68,,280743,10,0,49 50 51,1,20,,280744,10,0,37 42 9,1,60,,280745,10,0,49 50 51,1,17,,280746,10,0,49 50 51,1,10,,280747,10,0,49 50 51,1,15,,280748,10,0,37 42 9,1,55,,280749,10,0,49 50 51,1,15,,280750,10,0,49 50 51,1,20,,280751,10,0,49 50 51,1,15,,280752,10,0,37 42 9,1,55,,280753,10,0,49 50 51,1,20,,280754,10,0,49 50 51,1,20,,280755,10,0,49 50 51,1,58,,280756,10,0,31 42 9,1,25,,280757,10,0,52 49 50 51,1,75,,280758,10,0,49 50 51,1,35,,280759,10,0,49 50 51,1,65,,280760,10,0,31 42 9,1,25,,280761,10,0,52 49 50 51,1,75,,280762,10,0,49 50 51,1,30,,280763,10,0,49 50 51,1,20,,280764,10,0,49 50 51,1,62,,280765,10,0,31 42 9,1,25,,280766,10,0,31 42 9,1,60,,280767,10,0,37 42 9,1,20,,280768,10,0,49 50 51,1,20,,280769,10,0,31 42 9,1,15,,280770,10,0,37 42 9,1,60,,280771,10,0,49 50 51,1,18,,280772,10,0,49 50 51,1,17,,280773,10,0,31 42 9,1,50,,280774,10,0,37 42 9,1,20,,280775,10,0,49 50 51,1,10,,280776,10,0,49 50 51,1,15,,280777,10,0,49 50 51,1,55,,280778,10,0,37 42 9,1,20,,280779,10,0,49 50 51,1,25,,280780,10,0,49 50 51,1,60,,280781,10,0,49 50 51,1,25,,280782,10,0,37 42 9,1,70,,280783,10,0,49 50 51,1,25,,280784,10,0,31 42 9,1,30,,280785,10,0,49 50 51,1,145,,280786,10,0,31 42 9,1,100,,280787,10,0,49 50 51,1,100,,280788,10,0,31 42 9,1,200,,280789,10,0,31 42 9,1
4000,'20260924',400,,280790,10,0,31 42 9,1,100,,280791,10,0,31 42 9,1,55,,280792,10,0,31 42 9,1,68,,280793,10,0,49 50 51,1,20,,280794,10,0,37 42 9,1,60,,280795,10,0,49 50 51,1,17,,280796,10,0,49 50 51,1,10,,280797,10,0,49 50 51,1,15,,280798,10,0,37 42 9,1,55,,280799,10,0,49 50 51,1,15,,280800,10,0,49 50 51,1,20,,280801,10,0,49 50 51,1,15,,280802,10,0,37 42 9,1,55,,280803,10,0,49 50 51,1,20,,280804,10,0,49 50 51,1,20,,280805,10,0,49 50 51,1,58,,280806,10,0,31 42 9,1,25,,280807,10,0,52 49 50 51,1,75,,280808,10,0,49 50 51,1,35,,280809,10,0,49 50 51,1,65,,280810,10,0,31 42 9,1,25,,280811,10,0,52 49 50 51,1,75,,280812,10,0,49 50 51,1,30,,280813,10,0,49 50 51,1,20,,280814,10,0,49 50 51,1,62,,280815,10,0,31 42 9,1,25,,280816,10,0,31 42 9,1,60,,280817,10,0,37 42 9,1,20,,280818,10,0,49 50 51,1,20,,280819,10,0,31 42 9,1,15,,280820,10,0,37 42 9,1,60,,280821,10,0,49 50 51,1,18,,280822,10,0,49 50 51,1,17,,280823,10,0,31 42 9,1,50,,280824,10,0,37 42 9,1,20,,280825,10,0,49 50 51,1,10,,280826,10,0,49 50 51,1,15,,280827,10,0,49 50 51,1,55,,280828,10,0,37 42 9,1,20,,280829,10,0,49 50 51,1,25,,280830,10,0,49 50 51,1,60,,280831,10,0,49 50 51,1,25,,280832,10,0,37 42 9,1,70,,280833,10,0,49 50 51,1,25,,280834,10,0,31 42 9,1,30,,280835,10,0,49 50 51,1,145,,280836,10,0,31 42 9,1,100,,280837,10,0,49 50 51,1,100,,280838,10,0,31 42 9,1,200,,280839,10,0,31 42 9,1
4000,'20260925',400,,280840,10,0,31 42 9,1,100,,280841,10,0,31 42 9,1,55,,280842,10,0,31 42 9,1,68,,280843,10,0,49 50 51,1,20,,280844,10,0,37 42 9,1,60,,280845,10,0,49 50 51,1,17,,280846,10,0,49 50 51,1,10,,280847,10,0,49 50 51,1,15,,280848,10,0,37 42 9,1,55,,280849,10,0,49 50 51,1,15,,280850,10,0,49 50 51,1,20,,280851,10,0,49 50 51,1,15,,280852,10,0,37 42 9,1,55,,280853,10,0,49 50 51,1,20,,280854,10,0,49 50 51,1,20,,280855,10,0,49 50 51,1,58,,280856,10,0,31 42 9,1,25,,280857,10,0,52 49 50 51,1,75,,280858,10,0,49 50 51,1,35,,280859,10,0,49 50 51,1,65,,280860,10,0,31 42 9,1,25,,280861,10,0,52 49 50 51,1,75,,280862,10,0,49 50 51,1,30,,280863,10,0,49 50 51,1,20,,280864,10,0,49 50 51,1,62,,280865,10,0,31 42 9,1,25,,280866,10,0,31 42 9,1,60,,280867,10,0,37 42 9,1,20,,280868,10,0,49 50 51,1,20,,280869,10,0,31 42 9,1,15,,280870,10,0,37 42 9,1,60,,280871,10,0,49 50 51,1,18,,280872,10,0,49 50 51,1,17,,280873,10,0,31 42 9,1,50,,280874,10,0,37 42 9,1,20,,280875,10,0,49 50 51,1,10,,280876,10,0,49 50 51,1,15,,280877,10,0,49 50 51,1,55,,280878,10,0,37 42 9,1,20,,280879,10,0,49 50 51,1,25,,280880,10,0,49 50 51,1,60,,280881,10,0,49 50 51,1,25,,280882,10,0,37 42 9,1,70,,280883,10,0,49 50 51,1,25,,280884,10,0,31 42 9,1,30,,280885,10,0,49 50 51,1,145,,280886,10,0,31 42 9,1,100,,280887,10,0,49 50 51,1,100,,280888,10,0,31 42 9,1,200,,280889,10,0,31 42 9,1
4000,'20260926',400,,280890,10,0,31 42 9,1,200,,280891,10,0,31 42 9,1,100,,280892,10,0,31 42 9,1,100,,280893,10,0,49 50 51,1,100,,280894,10,0,31 42 9,1,30,,280895,10,0,49 50 51,1,70,,280896,10,0,49 50 51,1,30,,280897,10,0,49 50 51,1,70,,280898,10,0,31 42 9,1,30,,280899,10,0,49 50 51,1,70,,280900,10,0,49 50 51,1,30,,280901,10,0,49 50 51,1,70,,280902,10,0,31 42 9,1,30,,280903,10,0,49 50 51,1,70,,280904,10,0,49 50 51,1,30,,280905,10,0,49 50 51,1,20,,280906,10,0,49 50 51,1,60,,280907,10,0,31 42 9,1,20,,280908,10,0,49 50 51,1,20,,280909,10,0,49 50 51,1,60,,280910,10,0,31 42 9,1,20,,280911,10,0,49 50 51,1,20,,280912,10,0,49 50 51,1,60,,280913,10,0,31 42 9,1,20,,280914,10,0,49 50 51,1,20,,280915,10,0,49 50 51,1,60,,280916,10,0,31 42 9,1,20,,280917,10,0,49 50 51,1,20,,280918,10,0,49 50 51,1,60,,280919,10,0,31 42 9,1,15,,280920,10,0,49 50 51,1,20,,280921,10,0,49 50 51,1,60,,280922,10,0,31 42 9,1,25,,280923,10,0,49 50 51,1,70,,280924,10,0,49 50 51,1,100,,280925,10,0,31 42 9,1,100,,280926,10,0,49 50 51,1,100,,280927,10,0,31 42 9,1,200,,280928,10,0,31 42 9,1
4000,'20260927',400,,280929,10,0,31 42 9,1,200,,280930,10,0,31 42 9,1,100,,280931,10,0,31 42 9,1,100,,280932,10,0,49 50 51,1,100,,280933,10,0,31 42 9,1,30,,280934,10,0,49 50 51,1,70,,280935,10,0,49 50 51,1,30,,280936,10,0,49 50 51,1,70,,280937,10,0,31 42 9,1,30,,280938,10,0,49 50 51,1,70,,280939,10,0,49 50 51,1,30,,280940,10,0,49 50 51,1,70,,280941,10,0,31 42 9,1,30,,280942,10,0,49 50 51,1,70,,280943,10,0,49 50 51,1,30,,280944,10,0,49 50 51,1,20,,280945,10,0,49 50 51,1,60,,280946,10,0,31 42 9,1,20,,280947,10,0,49 50 51,1,20,,280948,10,0,49 50 51,1,60,,280949,10,0,31 42 9,1,20,,280950,10,0,49 50 51,1,20,,280951,10,0,49 50 51,1,60,,280952,10,0,31 42 9,1,20,,280953,10,0,49 50 51,1,20,,280954,10,0,49 50 51,1,60,,280955,10,0,31 42 9,1,20,,280956,10,0,49 50 51,1,20,,280957,10,0,49 50 51,1,60,,280958,10,0,31 42 9,1,15,,280959,10,0,49 50 51,1,20,,280960,10,0,49 50 51,1,60,,280961,10,0,31 42 9,1,25,,280962,10,0,49 50 51,1,70,,280963,10,0,49 50 51,1,100,,280964,10,0,31 42 9,1,100,,280965,10,0,49 50 51,1,100,,280966,10,0,31 42 9,1,200,,280967,10,0,31 42 9,1
4000,'20260928',400,,280968,10,0,31 42 9,1,100,,280969,10,0,31 42 9,1,55,,280970,10,0,31 42 9,1,68,,280971,10,0,49 50 51,1,20,,280972,10,0,37 42 9,1,60,,280973,10,0,49 50 51,1,17,,280974,10,0,49 50 51,1,10,,280975,10,0,49 50 51,1,15,,280976,10,0,37 42 9,1,55,,280977,10,0,49 50 51,1,15,,280978,10,0,49 50 51,1,20,,280979,10,0,49 50 51,1,15,,280980,10,0,37 42 9,1,55,,280981,10,0,49 50 51,1,20,,280982,10,0,49 50 51,1,20,,280983,10,0,49 50 51,1,58,,280984,10,0,31 42 9,1,25,,280985,10,0,52 49 50 51,1,75,,280986,10,0,49 50 51,1,35,,280987,10,0,49 50 51,1,65,,280988,10,0,31 42 9,1,25,,280989,10,0,52 49 50 51,1,75,,280990,10,0,49 50 51,1,30,,280991,10,0,49 50 51,1,20,,280992,10,0,49 50 51,1,62,,280993,10,0,31 42 9,1,25,,280994,10,0,31 42 9,1,60,,280995,10,0,37 42 9,1,20,,280996,10,0,49 50 51,1,20,,280997,10,0,31 42 9,1,15,,280998,10,0,37 42 9,1,60,,280999,10,0,49 50 51,1,18,,281000,10,0,49 50 51,1,17,,281001,10,0,31 42 9,1,50,,281002,10,0,37 42 9,1,20,,281003,10,0,49 50 51,1,10,,281004,10,0,49 50 51,1,15,,281005,10,0,49 50 51,1,55,,281006,10,0,37 42 9,1,20,,281007,10,0,49 50 51,1,25,,281008,10,0,49 50 51,1,60,,281009,10,0,49 50 51,1,25,,281010,10,0,37 42 9,1,70,,281011,10,0,49 50 51,1,25,,281012,10,0,31 42 9,1,30,,281013,10,0,49 50 51,1,145,,281014,10,0,31 42 9,1,100,,281015,10,0,49 50 51,1,100,,281016,10,0,31 42 9,1,200,,281017,10,0,31 42 9,1
4000,'20260929',400,,281018,10,0,31 42 9,1,100,,281019,10,0,31 42 9,1,55,,281020,10,0,31 42 9,1,68,,281021,10,0,49 50 51,1,20,,281022,10,0,37 42 9,1,60,,281023,10,0,49 50 51,1,17,,281024,10,0,49 50 51,1,10,,281025,10,0,49 50 51,1,15,,281026,10,0,37 42 9,1,55,,281027,10,0,49 50 51,1,15,,281028,10,0,49 50 51,1,20,,281029,10,0,49 50 51,1,15,,281030,10,0,37 42 9,1,55,,281031,10,0,49 50 51,1,20,,281032,10,0,49 50 51,1,20,,281033,10,0,49 50 51,1,58,,281034,10,0,31 42 9,1,25,,281035,10,0,52 49 50 51,1,75,,281036,10,0,49 50 51,1,35,,281037,10,0,49 50 51,1,65,,281038,10,0,31 42 9,1,25,,281039,10,0,52 49 50 51,1,75,,281040,10,0,49 50 51,1,30,,281041,10,0,49 50 51,1,20,,281042,10,0,49 50 51,1,62,,281043,10,0,31 42 9,1,25,,281044,10,0,31 42 9,1,60,,281045,10,0,37 42 9,1,20,,281046,10,0,49 50 51,1,20,,281047,10,0,31 42 9,1,15,,281048,10,0,37 42 9,1,60,,281049,10,0,49 50 51,1,18,,281050,10,0,49 50 51,1,17,,281051,10,0,31 42 9,1,50,,281052,10,0,37 42 9,1,20,,281053,10,0,49 50 51,1,10,,281054,10,0,49 50 51,1,15,,281055,10,0,49 50 51,1,55,,281056,10,0,37 42 9,1,20,,281057,10,0,49 50 51,1,25,,281058,10,0,49 50 51,1,60,,281059,10,0,49 50 51,1,25,,281060,10,0,37 42 9,1,70,,281061,10,0,49 50 51,1,25,,281062,10,0,31 42 9,1,30,,281063,10,0,49 50 51,1,145,,281064,10,0,31 42 9,1,100,,281065,10,0,49 50 51,1,100,,281066,10,0,31 42 9,1,200,,281067,10,0,31 42 9,1
4000,'20260930',400,,281068,10,0,31 42 9,1,100,,281069,10,0,31 42 9,1,55,,281070,10,0,31 42 9,1,68,,281071,10,0,49 50 51,1,20,,281072,10,0,37 42 9,1,60,,281073,10,0,49 50 51,1,17,,281074,10,0,49 50 51,1,10,,281075,10,0,49 50 51,1,15,,281076,10,0,37 42 9,1,55,,281077,10,0,49 50 51,1,15,,281078,10,0,49 50 51,1,20,,281079,10,0,49 50 51,1,15,,281080,10,0,37 42 9,1,55,,281081,10,0,49 50 51,1,20,,281082,10,0,49 50 51,1,20,,281083,10,0,49 50 51,1,58,,281084,10,0,31 42 9,1,25,,281085,10,0,52 49 50 51,1,75,,281086,10,0,49 50 51,1,35,,281087,10,0,49 50 51,1,65,,281088,10,0,31 42 9,1,25,,281089,10,0,52 49 50 51,1,75,,281090,10,0,49 50 51,1,30,,281091,10,0,49 50 51,1,20,,281092,10,0,49 50 51,1,62,,281093,10,0,31 42 9,1,25,,281094,10,0,31 42 9,1,60,,281095,10,0,37 42 9,1,20,,281096,10,0,49 50 51,1,20,,281097,10,0,31 42 9,1,15,,281098,10,0,37 42 9,1,60,,281099,10,0,49 50 51,1,18,,281100,10,0,49 50 51,1,17,,281101,10,0,31 42 9,1,50,,281102,10,0,37 42 9,1,20,,281103,10,0,49 50 51,1,10,,281104,10,0,49 50 51,1,15,,281105,10,0,49 50 51,1,55,,281106,10,0,37 42 9,1,20,,281107,10,0,49 50 51,1,25,,281108,10,0,49 50 51,1,60,,281109,10,0,49 50 51,1,25,,281110,10,0,37 42 9,1,70,,281111,10,0,49 50 51,1,25,,281112,10,0,31 42 9,1,30,,281113,10,0,49 50 51,1,145,,281114,10,0,31 42 9,1,100,,281115,10,0,49 50 51,1,100,,281116,10,0,31 42 9,1,200,,281117,10,0,31 42 9,1
4000,'20261001',400,,281118,10,0,31 42 9,1,100,,281119,10,0,31 42 9,1,55,,281120,10,0,31 42 9,1,68,,281121,10,0,49 50 51,1,20,,281122,10,0,37 42 9,1,60,,281123,10,0,49 50 51,1,17,,281124,10,0,49 50 51,1,10,,281125,10,0,49 50 51,1,15,,281126,10,0,37 42 9,1,55,,281127,10,0,49 50 51,1,15,,281128,10,0,49 50 51,1,20,,281129,10,0,49 50 51,1,15,,281130,10,0,37 42 9,1,55,,281131,10,0,49 50 51,1,20,,281132,10,0,49 50 51,1,20,,281133,10,0,49 50 51,1,58,,281134,10,0,31 42 9,1,25,,281135,10,0,52 49 50 51,1,75,,281136,10,0,49 50 51,1,35,,281137,10,0,49 50 51,1,65,,281138,10,0,31 42 9,1,25,,281139,10,0,52 49 50 51,1,75,,281140,10,0,49 50 51,1,30,,281141,10,0,49 50 51,1,20,,281142,10,0,49 50 51,1,62,,281143,10,0,31 42 9,1,25,,281144,10,0,31 42 9,1,60,,281145,10,0,37 42 9,1,20,,281146,10,0,49 50 51,1,20,,281147,10,0,31 42 9,1,15,,281148,10,0,37 42 9,1,60,,281149,10,0,49 50 51,1,18,,281150,10,0,49 50 51,1,17,,281151,10,0,31 42 9,1,50,,281152,10,0,37 42 9,1,20,,281153,10,0,49 50 51,1,10,,281154,10,0,49 50 51,1,15,,281155,10,0,49 50 51,1,55,,281156,10,0,37 42 9,1,20,,281157,10,0,49 50 51,1,25,,281158,10,0,49 50 51,1,60,,281159,10,0,49 50 51,1,25,,281160,10,0,37 42 9,1,70,,281161,10,0,49 50 51,1,25,,281162,10,0,31 42 9,1,30,,281163,10,0,49 50 51,1,145,,281164,10,0,31 42 9,1,100,,281165,10,0,49 50 51,1,100,,281166,10,0,31 42 9,1,200,,281167,10,0,31 42 9,1
4000,'20261002',400,,281168,10,0,31 42 9,1,100,,281169,10,0,31 42 9,1,55,,281170,10,0,31 42 9,1,68,,281171,10,0,49 50 51,1,20,,281172,10,0,37 42 9,1,60,,281173,10,0,49 50 51,1,17,,281174,10,0,49 50 51,1,10,,281175,10,0,49 50 51,1,15,,281176,10,0,37 42 9,1,55,,281177,10,0,49 50 51,1,15,,281178,10,0,49 50 51,1,20,,281179,10,0,49 50 51,1,15,,281180,10,0,37 42 9,1,55,,281181,10,0,49 50 51,1,20,,281182,10,0,49 50 51,1,20,,281183,10,0,49 50 51,1,58,,281184,10,0,31 42 9,1,25,,281185,10,0,52 49 50 51,1,75,,281186,10,0,49 50 51,1,35,,281187,10,0,49 50 51,1,65,,281188,10,0,31 42 9,1,25,,281189,10,0,52 49 50 51,1,75,,281190,10,0,49 50 51,1,30,,281191,10,0,49 50 51,1,20,,281192,10,0,49 50 51,1,62,,281193,10,0,31 42 9,1,25,,281194,10,0,31 42 9,1,60,,281195,10,0,37 42 9,1,20,,281196,10,0,49 50 51,1,20,,281197,10,0,31 42 9,1,15,,281198,10,0,37 42 9,1,60,,281199,10,0,49 50 51,1,18,,281200,10,0,49 50 51,1,17,,281201,10,0,31 42 9,1,50,,281202,10,0,37 42 9,1,20,,281203,10,0,49 50 51,1,10,,281204,10,0,49 50 51,1,15,,281205,10,0,49 50 51,1,55,,281206,10,0,37 42 9,1,20,,281207,10,0,49 50 51,1,25,,281208,10,0,49 50 51,1,60,,281209,10,0,49 50 51,1,25,,281210,10,0,37 42 9,1,70,,281211,10,0,49 50 51,1,25,,281212,10,0,31 42 9,1,30,,281213,10,0,49 50 51,1,145,,281214,10,0,31 42 9,1,100,,281215,10,0,49 50 51,1,100,,281216,10,0,31 42 9,1,200,,281217,10,0,31 42 9,1
4000,'20261003',400,,281218,10,0,31 42 9,1,200,,281219,10,0,31 42 9,1,100,,281220,10,0,31 42 9,1,100,,281221,10,0,49 50 51,1,100,,281222,10,0,31 42 9,1,30,,281223,10,0,49 50 51,1,70,,281224,10,0,49 50 51,1,30,,281225,10,0,49 50 51,1,70,,281226,10,0,31 42 9,1,30,,281227,10,0,49 50 51,1,70,,281228,10,0,49 50 51,1,30,,281229,10,0,49 50 51,1,70,,281230,10,0,31 42 9,1,30,,281231,10,0,49 50 51,1,70,,281232,10,0,49 50 51,1,30,,281233,10,0,49 50 51,1,20,,281234,10,0,49 50 51,1,60,,281235,10,0,31 42 9,1,20,,281236,10,0,49 50 51,1,20,,281237,10,0,49 50 51,1,60,,281238,10,0,31 42 9,1,20,,281239,10,0,49 50 51,1,20,,281240,10,0,49 50 51,1,60,,281241,10,0,31 42 9,1,20,,281242,10,0,49 50 51,1,20,,281243,10,0,49 50 51,1,60,,281244,10,0,31 42 9,1,20,,281245,10,0,49 50 51,1,20,,281246,10,0,49 50 51,1,60,,281247,10,0,31 42 9,1,15,,281248,10,0,49 50 51,1,20,,281249,10,0,49 50 51,1,60,,281250,10,0,31 42 9,1,25,,281251,10,0,49 50 51,1,70,,281252,10,0,49 50 51,1,100,,281253,10,0,31 42 9,1,100,,281254,10,0,49 50 51,1,100,,281255,10,0,31 42 9,1,200,,281256,10,0,31 42 9,1
4000,'20261004',400,,281257,10,0,31 42 9,1,200,,281258,10,0,31 42 9,1,100,,281259,10,0,31 42 9,1,100,,281260,10,0,49 50 51,1,100,,281261,10,0,31 42 9,1,30,,281262,10,0,49 50 51,1,70,,281263,10,0,49 50 51,1,30,,281264,10,0,49 50 51,1,70,,281265,10,0,31 42 9,1,30,,281266,10,0,49 50 51,1,70,,281267,10,0,49 50 51,1,30,,281268,10,0,49 50 51,1,70,,281269,10,0,31 42 9,1,30,,281270,10,0,49 50 51,1,70,,281271,10,0,49 50 51,1,30,,281272,10,0,49 50 51,1,20,,281273,10,0,49 50 51,1,60,,281274,10,0,31 42 9,1,20,,281275,10,0,49 50 51,1,20,,281276,10,0,49 50 51,1,60,,281277,10,0,31 42 9,1,20,,281278,10,0,49 50 51,1,20,,281279,10,0,49 50 51,1,60,,281280,10,0,31 42 9,1,20,,281281,10,0,49 50 51,1,20,,281282,10,0,49 50 51,1,60,,281283,10,0,31 42 9,1,20,,281284,10,0,49 50 51,1,20,,281285,10,0,49 50 51,1,60,,281286,10,0,31 42 9,1,15,,281287,10,0,49 50 51,1,20,,281288,10,0,49 50 51,1,60,,281289,10,0,31 42 9,1,25,,281290,10,0,49 50 51,1,70,,281291,10,0,49 50 51,1,100,,281292,10,0,31 42 9,1,100,,281293,10,0,49 50 51,1,100,,281294,10,0,31 42 9,1,200,,281295,10,0,31 42 9,1
4000,'20261005',400,,281296,10,0,31 42 9,1,100,,281297,10,0,31 42 9,1,55,,281298,10,0,31 42 9,1,68,,281299,10,0,49 50 51,1,20,,281300,10,0,37 42 9,1,60,,281301,10,0,49 50 51,1,17,,281302,10,0,49 50 51,1,10,,281303,10,0,49 50 51,1,15,,281304,10,0,37 42 9,1,55,,281305,10,0,49 50 51,1,15,,281306,10,0,49 50 51,1,20,,281307,10,0,49 50 51,1,15,,281308,10,0,37 42 9,1,55,,281309,10,0,49 50 51,1,20,,281310,10,0,49 50 51,1,20,,281311,10,0,49 50 51,1,58,,281312,10,0,31 42 9,1,25,,281313,10,0,52 49 50 51,1,75,,281314,10,0,49 50 51,1,35,,281315,10,0,49 50 51,1,65,,281316,10,0,31 42 9,1,25,,281317,10,0,52 49 50 51,1,75,,281318,10,0,49 50 51,1,30,,281319,10,0,49 50 51,1,20,,281320,10,0,49 50 51,1,62,,281321,10,0,31 42 9,1,25,,281322,10,0,31 42 9,1,60,,281323,10,0,37 42 9,1,20,,281324,10,0,49 50 51,1,20,,281325,10,0,31 42 9,1,15,,281326,10,0,37 42 9,1,60,,281327,10,0,49 50 51,1,18,,281328,10,0,49 50 51,1,17,,281329,10,0,31 42 9,1,50,,281330,10,0,37 42 9,1,20,,281331,10,0,49 50 51,1,10,,281332,10,0,49 50 51,1,15,,281333,10,0,49 50 51,1,55,,281334,10,0,37 42 9,1,20,,281335,10,0,49 50 51,1,25,,281336,10,0,49 50 51,1,60,,281337,10,0,49 50 51,1,25,,281338,10,0,37 42 9,1,70,,281339,10,0,49 50 51,1,25,,281340,10,0,31 42 9,1,30,,281341,10,0,49 50 51,1,145,,281342,10,0,31 42 9,1,100,,281343,10,0,49 50 51,1,100,,281344,10,0,31 42 9,1,200,,281345,10,0,31 42 9,1
4000,'20261006',400,,281346,10,0,31 42 9,1,100,,281347,10,0,31 42 9,1,55,,281348,10,0,31 42 9,1,68,,281349,10,0,49 50 51,1,20,,281350,10,0,37 42 9,1,60,,281351,10,0,49 50 51,1,17,,281352,10,0,49 50 51,1,10,,281353,10,0,49 50 51,1,15,,281354,10,0,37 42 9,1,55,,281355,10,0,49 50 51,1,15,,281356,10,0,49 50 51,1,20,,281357,10,0,49 50 51,1,15,,281358,10,0,37 42 9,1,55,,281359,10,0,49 50 51,1,20,,281360,10,0,49 50 51,1,20,,281361,10,0,49 50 51,1,58,,281362,10,0,31 42 9,1,25,,281363,10,0,52 49 50 51,1,75,,281364,10,0,49 50 51,1,35,,281365,10,0,49 50 51,1,65,,281366,10,0,31 42 9,1,25,,281367,10,0,52 49 50 51,1,75,,281368,10,0,49 50 51,1,30,,281369,10,0,49 50 51,1,20,,281370,10,0,49 50 51,1,62,,281371,10,0,31 42 9,1,25,,281372,10,0,31 42 9,1,60,,281373,10,0,37 42 9,1,20,,281374,10,0,49 50 51,1,20,,281375,10,0,31 42 9,1,15,,281376,10,0,37 42 9,1,60,,281377,10,0,49 50 51,1,18,,281378,10,0,49 50 51,1,17,,281379,10,0,31 42 9,1,50,,281380,10,0,37 42 9,1,20,,281381,10,0,49 50 51,1,10,,281382,10,0,49 50 51,1,15,,281383,10,0,49 50 51,1,55,,281384,10,0,37 42 9,1,20,,281385,10,0,49 50 51,1,25,,281386,10,0,49 50 51,1,60,,281387,10,0,49 50 51,1,25,,281388,10,0,37 42 9,1,70,,281389,10,0,49 50 51,1,25,,281390,10,0,31 42 9,1,30,,281391,10,0,49 50 51,1,145,,281392,10,0,31 42 9,1,100,,281393,10,0,49 50 51,1,100,,281394,10,0,31 42 9,1,200,,281395,10,0,31 42 9,1
4000,'20261007',400,,281396,10,0,31 42 9,1,100,,281397,10,0,31 42 9,1,55,,281398,10,0,31 42 9,1,68,,281399,10,0,49 50 51,1,20,,281400,10,0,37 42 9,1,60,,281401,10,0,49 50 51,1,17,,281402,10,0,49 50 51,1,10,,281403,10,0,49 50 51,1,15,,281404,10,0,37 42 9,1,55,,281405,10,0,49 50 51,1,15,,281406,10,0,49 50 51,1,20,,281407,10,0,49 50 51,1,15,,281408,10,0,37 42 9,1,55,,281409,10,0,49 50 51,1,20,,281410,10,0,49 50 51,1,20,,281411,10,0,49 50 51,1,58,,281412,10,0,31 42 9,1,25,,281413,10,0,52 49 50 51,1,75,,281414,10,0,49 50 51,1,35,,281415,10,0,49 50 51,1,65,,281416,10,0,31 42 9,1,25,,281417,10,0,52 49 50 51,1,75,,281418,10,0,49 50 51,1,30,,281419,10,0,49 50 51,1,20,,281420,10,0,49 50 51,1,62,,281421,10,0,31 42 9,1,25,,281422,10,0,31 42 9,1,60,,281423,10,0,37 42 9,1,20,,281424,10,0,49 50 51,1,20,,281425,10,0,31 42 9,1,15,,281426,10,0,37 42 9,1,60,,281427,10,0,49 50 51,1,18,,281428,10,0,49 50 51,1,17,,281429,10,0,31 42 9,1,50,,281430,10,0,37 42 9,1,20,,281431,10,0,49 50 51,1,10,,281432,10,0,49 50 51,1,15,,281433,10,0,49 50 51,1,55,,281434,10,0,37 42 9,1,20,,281435,10,0,49 50 51,1,25,,281436,10,0,49 50 51,1,60,,281437,10,0,49 50 51,1,25,,281438,10,0,37 42 9,1,70,,281439,10,0,49 50 51,1,25,,281440,10,0,31 42 9,1,30,,281441,10,0,49 50 51,1,145,,281442,10,0,31 42 9,1,100,,281443,10,0,49 50 51,1,100,,281444,10,0,31 42 9,1,200,,281445,10,0,31 42 9,1
4000,'20261008',400,,281446,10,0,31 42 9,1,100,,281447,10,0,31 42 9,1,55,,281448,10,0,31 42 9,1,68,,281449,10,0,49 50 51,1,20,,281450,10,0,37 42 9,1,60,,281451,10,0,49 50 51,1,17,,281452,10,0,49 50 51,1,10,,281453,10,0,49 50 51,1,15,,281454,10,0,37 42 9,1,55,,281455,10,0,49 50 51,1,15,,281456,10,0,49 50 51,1,20,,281457,10,0,49 50 51,1,15,,281458,10,0,37 42 9,1,55,,281459,10,0,49 50 51,1,20,,281460,10,0,49 50 51,1,20,,281461,10,0,49 50 51,1,58,,281462,10,0,31 42 9,1,25,,281463,10,0,52 49 50 51,1,75,,281464,10,0,49 50 51,1,35,,281465,10,0,49 50 51,1,65,,281466,10,0,31 42 9,1,25,,281467,10,0,52 49 50 51,1,75,,281468,10,0,49 50 51,1,30,,281469,10,0,49 50 51,1,20,,281470,10,0,49 50 51,1,62,,281471,10,0,31 42 9,1,25,,281472,10,0,31 42 9,1,60,,281473,10,0,37 42 9,1,20,,281474,10,0,49 50 51,1,20,,281475,10,0,31 42 9,1,15,,281476,10,0,37 42 9,1,60,,281477,10,0,49 50 51,1,18,,281478,10,0,49 50 51,1,17,,281479,10,0,31 42 9,1,50,,281480,10,0,37 42 9,1,20,,281481,10,0,49 50 51,1,10,,281482,10,0,49 50 51,1,15,,281483,10,0,49 50 51,1,55,,281484,10,0,37 42 9,1,20,,281485,10,0,49 50 51,1,25,,281486,10,0,49 50 51,1,60,,281487,10,0,49 50 51,1,25,,281488,10,0,37 42 9,1,70,,281489,10,0,49 50 51,1,25,,281490,10,0,31 42 9,1,30,,281491,10,0,49 50 51,1,145,,281492,10,0,31 42 9,1,100,,281493,10,0,49 50 51,1,100,,281494,10,0,31 42 9,1,200,,281495,10,0,31 42 9,1
4000,'20261009',400,,281496,10,0,31 42 9,1,100,,281497,10,0,31 42 9,1,55,,281498,10,0,31 42 9,1,68,,281499,10,0,49 50 51,1,20,,281500,10,0,37 42 9,1,60,,281501,10,0,49 50 51,1,17,,281502,10,0,49 50 51,1,10,,281503,10,0,49 50 51,1,15,,281504,10,0,37 42 9,1,55,,281505,10,0,49 50 51,1,15,,281506,10,0,49 50 51,1,20,,281507,10,0,49 50 51,1,15,,281508,10,0,37 42 9,1,55,,281509,10,0,49 50 51,1,20,,281510,10,0,49 50 51,1,20,,281511,10,0,49 50 51,1,58,,281512,10,0,31 42 9,1,25,,281513,10,0,52 49 50 51,1,75,,281514,10,0,49 50 51,1,35,,281515,10,0,49 50 51,1,65,,281516,10,0,31 42 9,1,25,,281517,10,0,52 49 50 51,1,75,,281518,10,0,49 50 51,1,30,,281519,10,0,49 50 51,1,20,,281520,10,0,49 50 51,1,62,,281521,10,0,31 42 9,1,25,,281522,10,0,31 42 9,1,60,,281523,10,0,37 42 9,1,20,,281524,10,0,49 50 51,1,20,,281525,10,0,31 42 9,1,15,,281526,10,0,37 42 9,1,60,,281527,10,0,49 50 51,1,18,,281528,10,0,49 50 51,1,17,,281529,10,0,31 42 9,1,50,,281530,10,0,37 42 9,1,20,,281531,10,0,49 50 51,1,10,,281532,10,0,49 50 51,1,15,,281533,10,0,49 50 51,1,55,,281534,10,0,37 42 9,1,20,,281535,10,0,49 50 51,1,25,,281536,10,0,49 50 51,1,60,,281537,10,0,49 50 51,1,25,,281538,10,0,37 42 9,1,70,,281539,10,0,49 50 51,1,25,,281540,10,0,31 42 9,1,30,,281541,10,0,49 50 51,1,145,,281542,10,0,31 42 9,1,100,,281543,10,0,49 50 51,1,100,,281544,10,0,31 42 9,1,200,,281545,10,0,31 42 9,1
4000,'20261010',400,,281546,10,0,31 42 9,1,200,,281547,10,0,31 42 9,1,100,,281548,10,0,31 42 9,1,100,,281549,10,0,49 50 51,1,100,,281550,10,0,31 42 9,1,30,,281551,10,0,49 50 51,1,70,,281552,10,0,49 50 51,1,30,,281553,10,0,49 50 51,1,70,,281554,10,0,31 42 9,1,30,,281555,10,0,49 50 51,1,70,,281556,10,0,49 50 51,1,30,,281557,10,0,49 50 51,1,70,,281558,10,0,31 42 9,1,30,,281559,10,0,49 50 51,1,70,,281560,10,0,49 50 51,1,30,,281561,10,0,49 50 51,1,20,,281562,10,0,49 50 51,1,60,,281563,10,0,31 42 9,1,20,,281564,10,0,49 50 51,1,20,,281565,10,0,49 50 51,1,60,,281566,10,0,31 42 9,1,20,,281567,10,0,49 50 51,1,20,,281568,10,0,49 50 51,1,60,,281569,10,0,31 42 9,1,20,,281570,10,0,49 50 51,1,20,,281571,10,0,49 50 51,1,60,,281572,10,0,31 42 9,1,20,,281573,10,0,49 50 51,1,20,,281574,10,0,49 50 51,1,60,,281575,10,0,31 42 9,1,15,,281576,10,0,49 50 51,1,20,,281577,10,0,49 50 51,1,60,,281578,10,0,31 42 9,1,25,,281579,10,0,49 50 51,1,70,,281580,10,0,49 50 51,1,100,,281581,10,0,31 42 9,1,100,,281582,10,0,49 50 51,1,100,,281583,10,0,31 42 9,1,200,,281584,10,0,31 42 9,1
4000,'20261011',400,,281585,10,0,31 42 9,1,200,,281586,10,0,31 42 9,1,100,,281587,10,0,31 42 9,1,100,,281588,10,0,49 50 51,1,100,,281589,10,0,31 42 9,1,30,,281590,10,0,49 50 51,1,70,,281591,10,0,49 50 51,1,30,,281592,10,0,49 50 51,1,70,,281593,10,0,31 42 9,1,30,,281594,10,0,49 50 51,1,70,,281595,10,0,49 50 51,1,30,,281596,10,0,49 50 51,1,70,,281597,10,0,31 42 9,1,30,,281598,10,0,49 50 51,1,70,,281599,10,0,49 50 51,1,30,,281600,10,0,49 50 51,1,20,,281601,10,0,49 50 51,1,60,,281602,10,0,31 42 9,1,20,,281603,10,0,49 50 51,1,20,,281604,10,0,49 50 51,1,60,,281605,10,0,31 42 9,1,20,,281606,10,0,49 50 51,1,20,,281607,10,0,49 50 51,1,60,,281608,10,0,31 42 9,1,20,,281609,10,0,49 50 51,1,20,,281610,10,0,49 50 51,1,60,,281611,10,0,31 42 9,1,20,,281612,10,0,49 50 51,1,20,,281613,10,0,49 50 51,1,60,,281614,10,0,31 42 9,1,15,,281615,10,0,49 50 51,1,20,,281616,10,0,49 50 51,1,60,,281617,10,0,31 42 9,1,25,,281618,10,0,49 50 51,1,70,,281619,10,0,49 50 51,1,100,,281620,10,0,31 42 9,1,100,,281621,10,0,49 50 51,1,100,,281622,10,0,31 42 9,1,200,,281623,10,0,31 42 9,1
4000,'20261012',400,,281624,10,0,31 42 9,1,200,,281625,10,0,31 42 9,1,100,,281626,10,0,31 42 9,1,100,,281627,10,0,49 50 51,1,100,,281628,10,0,31 42 9,1,30,,281629,10,0,49 50 51,1,70,,281630,10,0,49 50 51,1,30,,281631,10,0,49 50 51,1,70,,281632,10,0,31 42 9,1,30,,281633,10,0,49 50 51,1,70,,281634,10,0,49 50 51,1,30,,281635,10,0,49 50 51,1,70,,281636,10,0,31 42 9,1,30,,281637,10,0,49 50 51,1,70,,281638,10,0,49 50 51,1,30,,281639,10,0,49 50 51,1,20,,281640,10,0,49 50 51,1,60,,281641,10,0,31 42 9,1,20,,281642,10,0,49 50 51,1,20,,281643,10,0,49 50 51,1,60,,281644,10,0,31 42 9,1,20,,281645,10,0,49 50 51,1,20,,281646,10,0,49 50 51,1,60,,281647,10,0,31 42 9,1,20,,281648,10,0,49 50 51,1,20,,281649,10,0,49 50 51,1,60,,281650,10,0,31 42 9,1,20,,281651,10,0,49 50 51,1,20,,281652,10,0,49 50 51,1,60,,281653,10,0,31 42 9,1,15,,281654,10,0,49 50 51,1,20,,281655,10,0,49 50 51,1,60,,281656,10,0,31 42 9,1,25,,281657,10,0,49 50 51,1,70,,281658,10,0,49 50 51,1,100,,281659,10,0,31 42 9,1,100,,281660,10,0,49 50 51,1,100,,281661,10,0,31 42 9,1,200,,281662,10,0,31 42 9,1
4000,'20261013',400,,281663,10,0,31 42 9,1,100,,281664,10,0,31 42 9,1,55,,281665,10,0,31 42 9,1,68,,281666,10,0,49 50 51,1,20,,281667,10,0,37 42 9,1,60,,281668,10,0,49 50 51,1,17,,281669,10,0,49 50 51,1,10,,281670,10,0,49 50 51,1,15,,281671,10,0,37 42 9,1,55,,281672,10,0,49 50 51,1,15,,281673,10,0,49 50 51,1,20,,281674,10,0,49 50 51,1,15,,281675,10,0,37 42 9,1,55,,281676,10,0,49 50 51,1,20,,281677,10,0,49 50 51,1,20,,281678,10,0,49 50 51,1,58,,281679,10,0,31 42 9,1,25,,281680,10,0,52 49 50 51,1,75,,281681,10,0,49 50 51,1,35,,281682,10,0,49 50 51,1,65,,281683,10,0,31 42 9,1,25,,281684,10,0,52 49 50 51,1,75,,281685,10,0,49 50 51,1,30,,281686,10,0,49 50 51,1,20,,281687,10,0,49 50 51,1,62,,281688,10,0,31 42 9,1,25,,281689,10,0,31 42 9,1,60,,281690,10,0,37 42 9,1,20,,281691,10,0,49 50 51,1,20,,281692,10,0,31 42 9,1,15,,281693,10,0,37 42 9,1,60,,281694,10,0,49 50 51,1,18,,281695,10,0,49 50 51,1,17,,281696,10,0,31 42 9,1,50,,281697,10,0,37 42 9,1,20,,281698,10,0,49 50 51,1,10,,281699,10,0,49 50 51,1,15,,281700,10,0,49 50 51,1,55,,281701,10,0,37 42 9,1,20,,281702,10,0,49 50 51,1,25,,281703,10,0,49 50 51,1,60,,281704,10,0,49 50 51,1,25,,281705,10,0,37 42 9,1,70,,281706,10,0,49 50 51,1,25,,281707,10,0,31 42 9,1,30,,281708,10,0,49 50 51,1,145,,281709,10,0,31 42 9,1,100,,281710,10,0,49 50 51,1,100,,281711,10,0,31 42 9,1,200,,281712,10,0,31 42 9,1
4000,'20261014',400,,281713,10,0,31 42 9,1,100,,281714,10,0,31 42 9,1,55,,281715,10,0,31 42 9,1,68,,281716,10,0,49 50 51,1,20,,281717,10,0,37 42 9,1,60,,281718,10,0,49 50 51,1,17,,281719,10,0,49 50 51,1,10,,281720,10,0,49 50 51,1,15,,281721,10,0,37 42 9,1,55,,281722,10,0,49 50 51,1,15,,281723,10,0,49 50 51,1,20,,281724,10,0,49 50 51,1,15,,281725,10,0,37 42 9,1,55,,281726,10,0,49 50 51,1,20,,281727,10,0,49 50 51,1,20,,281728,10,0,49 50 51,1,58,,281729,10,0,31 42 9,1,25,,281730,10,0,52 49 50 51,1,75,,281731,10,0,49 50 51,1,35,,281732,10,0,49 50 51,1,65,,281733,10,0,31 42 9,1,25,,281734,10,0,52 49 50 51,1,75,,281735,10,0,49 50 51,1,30,,281736,10,0,49 50 51,1,20,,281737,10,0,49 50 51,1,62,,281738,10,0,31 42 9,1,25,,281739,10,0,31 42 9,1,60,,281740,10,0,37 42 9,1,20,,281741,10,0,49 50 51,1,20,,281742,10,0,31 42 9,1,15,,281743,10,0,37 42 9,1,60,,281744,10,0,49 50 51,1,18,,281745,10,0,49 50 51,1,17,,281746,10,0,31 42 9,1,50,,281747,10,0,37 42 9,1,20,,281748,10,0,49 50 51,1,10,,281749,10,0,49 50 51,1,15,,281750,10,0,49 50 51,1,55,,281751,10,0,37 42 9,1,20,,281752,10,0,49 50 51,1,25,,281753,10,0,49 50 51,1,60,,281754,10,0,49 50 51,1,25,,281755,10,0,37 42 9,1,70,,281756,10,0,49 50 51,1,25,,281757,10,0,31 42 9,1,30,,281758,10,0,49 50 51,1,145,,281759,10,0,31 42 9,1,100,,281760,10,0,49 50 51,1,100,,281761,10,0,31 42 9,1,200,,281762,10,0,31 42 9,1
4000,'20261015',400,,281763,10,0,31 42 9,1,100,,281764,10,0,31 42 9,1,55,,281765,10,0,31 42 9,1,68,,281766,10,0,49 50 51,1,20,,281767,10,0,37 42 9,1,60,,281768,10,0,49 50 51,1,17,,281769,10,0,49 50 51,1,10,,281770,10,0,49 50 51,1,15,,281771,10,0,37 42 9,1,55,,281772,10,0,49 50 51,1,15,,281773,10,0,49 50 51,1,20,,281774,10,0,49 50 51,1,15,,281775,10,0,37 42 9,1,55,,281776,10,0,49 50 51,1,20,,281777,10,0,49 50 51,1,20,,281778,10,0,49 50 51,1,58,,281779,10,0,31 42 9,1,25,,281780,10,0,52 49 50 51,1,75,,281781,10,0,49 50 51,1,35,,281782,10,0,49 50 51,1,65,,281783,10,0,31 42 9,1,25,,281784,10,0,52 49 50 51,1,75,,281785,10,0,49 50 51,1,30,,281786,10,0,49 50 51,1,20,,281787,10,0,49 50 51,1,62,,281788,10,0,31 42 9,1,25,,281789,10,0,31 42 9,1,60,,281790,10,0,37 42 9,1,20,,281791,10,0,49 50 51,1,20,,281792,10,0,31 42 9,1,15,,281793,10,0,37 42 9,1,60,,281794,10,0,49 50 51,1,18,,281795,10,0,49 50 51,1,17,,281796,10,0,31 42 9,1,50,,281797,10,0,37 42 9,1,20,,281798,10,0,49 50 51,1,10,,281799,10,0,49 50 51,1,15,,281800,10,0,49 50 51,1,55,,281801,10,0,37 42 9,1,20,,281802,10,0,49 50 51,1,25,,281803,10,0,49 50 51,1,60,,281804,10,0,49 50 51,1,25,,281805,10,0,37 42 9,1,70,,281806,10,0,49 50 51,1,25,,281807,10,0,31 42 9,1,30,,281808,10,0,49 50 51,1,145,,281809,10,0,31 42 9,1,100,,281810,10,0,49 50 51,1,100,,281811,10,0,31 42 9,1,200,,281812,10,0,31 42 9,1
4000,'20261016',400,,281813,10,0,31 42 9,1,100,,281814,10,0,31 42 9,1,55,,281815,10,0,31 42 9,1,68,,281816,10,0,49 50 51,1,20,,281817,10,0,37 42 9,1,60,,281818,10,0,49 50 51,1,17,,281819,10,0,49 50 51,1,10,,281820,10,0,49 50 51,1,15,,281821,10,0,37 42 9,1,55,,281822,10,0,49 50 51,1,15,,281823,10,0,49 50 51,1,20,,281824,10,0,49 50 51,1,15,,281825,10,0,37 42 9,1,55,,281826,10,0,49 50 51,1,20,,281827,10,0,49 50 51,1,20,,281828,10,0,49 50 51,1,58,,281829,10,0,31 42 9,1,25,,281830,10,0,52 49 50 51,1,75,,281831,10,0,49 50 51,1,35,,281832,10,0,49 50 51,1,65,,281833,10,0,31 42 9,1,25,,281834,10,0,52 49 50 51,1,75,,281835,10,0,49 50 51,1,30,,281836,10,0,49 50 51,1,20,,281837,10,0,49 50 51,1,62,,281838,10,0,31 42 9,1,25,,281839,10,0,31 42 9,1,60,,281840,10,0,37 42 9,1,20,,281841,10,0,49 50 51,1,20,,281842,10,0,31 42 9,1,15,,281843,10,0,37 42 9,1,60,,281844,10,0,49 50 51,1,18,,281845,10,0,49 50 51,1,17,,281846,10,0,31 42 9,1,50,,281847,10,0,37 42 9,1,20,,281848,10,0,49 50 51,1,10,,281849,10,0,49 50 51,1,15,,281850,10,0,49 50 51,1,55,,281851,10,0,37 42 9,1,20,,281852,10,0,49 50 51,1,25,,281853,10,0,49 50 51,1,60,,281854,10,0,49 50 51,1,25,,281855,10,0,37 42 9,1,70,,281856,10,0,49 50 51,1,25,,281857,10,0,31 42 9,1,30,,281858,10,0,49 50 51,1,145,,281859,10,0,31 42 9,1,100,,281860,10,0,49 50 51,1,100,,281861,10,0,31 42 9,1,200,,281862,10,0,31 42 9,1
4000,'20261017',400,,281863,10,0,31 42 9,1,200,,281864,10,0,31 42 9,1,100,,281865,10,0,31 42 9,1,100,,281866,10,0,49 50 51,1,100,,281867,10,0,31 42 9,1,30,,281868,10,0,49 50 51,1,70,,281869,10,0,49 50 51,1,30,,281870,10,0,49 50 51,1,70,,281871,10,0,31 42 9,1,30,,281872,10,0,49 50 51,1,70,,281873,10,0,49 50 51,1,30,,281874,10,0,49 50 51,1,70,,281875,10,0,31 42 9,1,30,,281876,10,0,49 50 51,1,70,,281877,10,0,49 50 51,1,30,,281878,10,0,49 50 51,1,20,,281879,10,0,49 50 51,1,60,,281880,10,0,31 42 9,1,20,,281881,10,0,49 50 51,1,20,,281882,10,0,49 50 51,1,60,,281883,10,0,31 42 9,1,20,,281884,10,0,49 50 51,1,20,,281885,10,0,49 50 51,1,60,,281886,10,0,31 42 9,1,20,,281887,10,0,49 50 51,1,20,,281888,10,0,49 50 51,1,60,,281889,10,0,31 42 9,1,20,,281890,10,0,49 50 51,1,20,,281891,10,0,49 50 51,1,60,,281892,10,0,31 42 9,1,15,,281893,10,0,49 50 51,1,20,,281894,10,0,49 50 51,1,60,,281895,10,0,31 42 9,1,25,,281896,10,0,49 50 51,1,70,,281897,10,0,49 50 51,1,100,,281898,10,0,31 42 9,1,100,,281899,10,0,49 50 51,1,100,,281900,10,0,31 42 9,1,200,,281901,10,0,31 42 9,1
4000,'20261018',400,,281902,10,0,31 42 9,1,200,,281903,10,0,31 42 9,1,100,,281904,10,0,31 42 9,1,100,,281905,10,0,49 50 51,1,100,,281906,10,0,31 42 9,1,30,,281907,10,0,49 50 51,1,70,,281908,10,0,49 50 51,1,30,,281909,10,0,49 50 51,1,70,,281910,10,0,31 42 9,1,30,,281911,10,0,49 50 51,1,70,,281912,10,0,49 50 51,1,30,,281913,10,0,49 50 51,1,70,,281914,10,0,31 42 9,1,30,,281915,10,0,49 50 51,1,70,,281916,10,0,49 50 51,1,30,,281917,10,0,49 50 51,1,20,,281918,10,0,49 50 51,1,60,,281919,10,0,31 42 9,1,20,,281920,10,0,49 50 51,1,20,,281921,10,0,49 50 51,1,60,,281922,10,0,31 42 9,1,20,,281923,10,0,49 50 51,1,20,,281924,10,0,49 50 51,1,60,,281925,10,0,31 42 9,1,20,,281926,10,0,49 50 51,1,20,,281927,10,0,49 50 51,1,60,,281928,10,0,31 42 9,1,20,,281929,10,0,49 50 51,1,20,,281930,10,0,49 50 51,1,60,,281931,10,0,31 42 9,1,15,,281932,10,0,49 50 51,1,20,,281933,10,0,49 50 51,1,60,,281934,10,0,31 42 9,1,25,,281935,10,0,49 50 51,1,70,,281936,10,0,49 50 51,1,100,,281937,10,0,31 42 9,1,100,,281938,10,0,49 50 51,1,100,,281939,10,0,31 42 9,1,200,,281940,10,0,31 42 9,1
4000,'20261019',400,,281941,10,0,31 42 9,1,100,,281942,10,0,31 42 9,1,55,,281943,10,0,31 42 9,1,68,,281944,10,0,49 50 51,1,20,,281945,10,0,37 42 9,1,60,,281946,10,0,49 50 51,1,17,,281947,10,0,49 50 51,1,10,,281948,10,0,49 50 51,1,15,,281949,10,0,37 42 9,1,55,,281950,10,0,49 50 51,1,15,,281951,10,0,49 50 51,1,20,,281952,10,0,49 50 51,1,15,,281953,10,0,37 42 9,1,55,,281954,10,0,49 50 51,1,20,,281955,10,0,49 50 51,1,20,,281956,10,0,49 50 51,1,58,,281957,10,0,31 42 9,1,25,,281958,10,0,52 49 50 51,1,75,,281959,10,0,49 50 51,1,35,,281960,10,0,49 50 51,1,65,,281961,10,0,31 42 9,1,25,,281962,10,0,52 49 50 51,1,75,,281963,10,0,49 50 51,1,30,,281964,10,0,49 50 51,1,20,,281965,10,0,49 50 51,1,62,,281966,10,0,31 42 9,1,25,,281967,10,0,31 42 9,1,60,,281968,10,0,37 42 9,1,20,,281969,10,0,49 50 51,1,20,,281970,10,0,31 42 9,1,15,,281971,10,0,37 42 9,1,60,,281972,10,0,49 50 51,1,18,,281973,10,0,49 50 51,1,17,,281974,10,0,31 42 9,1,50,,281975,10,0,37 42 9,1,20,,281976,10,0,49 50 51,1,10,,281977,10,0,49 50 51,1,15,,281978,10,0,49 50 51,1,55,,281979,10,0,37 42 9,1,20,,281980,10,0,49 50 51,1,25,,281981,10,0,49 50 51,1,60,,281982,10,0,49 50 51,1,25,,281983,10,0,37 42 9,1,70,,281984,10,0,49 50 51,1,25,,281985,10,0,31 42 9,1,30,,281986,10,0,49 50 51,1,145,,281987,10,0,31 42 9,1,100,,281988,10,0,49 50 51,1,100,,281989,10,0,31 42 9,1,200,,281990,10,0,31 42 9,1
4000,'20261020',400,,281991,10,0,31 42 9,1,100,,281992,10,0,31 42 9,1,55,,281993,10,0,31 42 9,1,68,,281994,10,0,49 50 51,1,20,,281995,10,0,37 42 9,1,60,,281996,10,0,49 50 51,1,17,,281997,10,0,49 50 51,1,10,,281998,10,0,49 50 51,1,15,,281999,10,0,37 42 9,1,55,,282000,10,0,49 50 51,1,15,,282001,10,0,49 50 51,1,20,,282002,10,0,49 50 51,1,15,,282003,10,0,37 42 9,1,55,,282004,10,0,49 50 51,1,20,,282005,10,0,49 50 51,1,20,,282006,10,0,49 50 51,1,58,,282007,10,0,31 42 9,1,25,,282008,10,0,52 49 50 51,1,75,,282009,10,0,49 50 51,1,35,,282010,10,0,49 50 51,1,65,,282011,10,0,31 42 9,1,25,,282012,10,0,52 49 50 51,1,75,,282013,10,0,49 50 51,1,30,,282014,10,0,49 50 51,1,20,,282015,10,0,49 50 51,1,62,,282016,10,0,31 42 9,1,25,,282017,10,0,31 42 9,1,60,,282018,10,0,37 42 9,1,20,,282019,10,0,49 50 51,1,20,,282020,10,0,31 42 9,1,15,,282021,10,0,37 42 9,1,60,,282022,10,0,49 50 51,1,18,,282023,10,0,49 50 51,1,17,,282024,10,0,31 42 9,1,50,,282025,10,0,37 42 9,1,20,,282026,10,0,49 50 51,1,10,,282027,10,0,49 50 51,1,15,,282028,10,0,49 50 51,1,55,,282029,10,0,37 42 9,1,20,,282030,10,0,49 50 51,1,25,,282031,10,0,49 50 51,1,60,,282032,10,0,49 50 51,1,25,,282033,10,0,37 42 9,1,70,,282034,10,0,49 50 51,1,25,,282035,10,0,31 42 9,1,30,,282036,10,0,49 50 51,1,145,,282037,10,0,31 42 9,1,100,,282038,10,0,49 50 51,1,100,,282039,10,0,31 42 9,1,200,,282040,10,0,31 42 9,1
4000,'20261021',400,,282041,10,0,31 42 9,1,100,,282042,10,0,31 42 9,1,55,,282043,10,0,31 42 9,1,68,,282044,10,0,49 50 51,1,20,,282045,10,0,37 42 9,1,60,,282046,10,0,49 50 51,1,17,,282047,10,0,49 50 51,1,10,,282048,10,0,49 50 51,1,15,,282049,10,0,37 42 9,1,55,,282050,10,0,49 50 51,1,15,,282051,10,0,49 50 51,1,20,,282052,10,0,49 50 51,1,15,,282053,10,0,37 42 9,1,55,,282054,10,0,49 50 51,1,20,,282055,10,0,49 50 51,1,20,,282056,10,0,49 50 51,1,58,,282057,10,0,31 42 9,1,25,,282058,10,0,52 49 50 51,1,75,,282059,10,0,49 50 51,1,35,,282060,10,0,49 50 51,1,65,,282061,10,0,31 42 9,1,25,,282062,10,0,52 49 50 51,1,75,,282063,10,0,49 50 51,1,30,,282064,10,0,49 50 51,1,20,,282065,10,0,49 50 51,1,62,,282066,10,0,31 42 9,1,25,,282067,10,0,31 42 9,1,60,,282068,10,0,37 42 9,1,20,,282069,10,0,49 50 51,1,20,,282070,10,0,31 42 9,1,15,,282071,10,0,37 42 9,1,60,,282072,10,0,49 50 51,1,18,,282073,10,0,49 50 51,1,17,,282074,10,0,31 42 9,1,50,,282075,10,0,37 42 9,1,20,,282076,10,0,49 50 51,1,10,,282077,10,0,49 50 51,1,15,,282078,10,0,49 50 51,1,55,,282079,10,0,37 42 9,1,20,,282080,10,0,49 50 51,1,25,,282081,10,0,49 50 51,1,60,,282082,10,0,49 50 51,1,25,,282083,10,0,37 42 9,1,70,,282084,10,0,49 50 51,1,25,,282085,10,0,31 42 9,1,30,,282086,10,0,49 50 51,1,145,,282087,10,0,31 42 9,1,100,,282088,10,0,49 50 51,1,100,,282089,10,0,31 42 9,1,200,,282090,10,0,31 42 9,1
4000,'20261022',400,,282091,10,0,31 42 9,1,100,,282092,10,0,31 42 9,1,55,,282093,10,0,31 42 9,1,68,,282094,10,0,49 50 51,1,20,,282095,10,0,37 42 9,1,60,,282096,10,0,49 50 51,1,17,,282097,10,0,49 50 51,1,10,,282098,10,0,49 50 51,1,15,,282099,10,0,37 42 9,1,55,,282100,10,0,49 50 51,1,15,,282101,10,0,49 50 51,1,20,,282102,10,0,49 50 51,1,15,,282103,10,0,37 42 9,1,55,,282104,10,0,49 50 51,1,20,,282105,10,0,49 50 51,1,20,,282106,10,0,49 50 51,1,58,,282107,10,0,31 42 9,1,25,,282108,10,0,52 49 50 51,1,75,,282109,10,0,49 50 51,1,35,,282110,10,0,49 50 51,1,65,,282111,10,0,31 42 9,1,25,,282112,10,0,52 49 50 51,1,75,,282113,10,0,49 50 51,1,30,,282114,10,0,49 50 51,1,20,,282115,10,0,49 50 51,1,62,,282116,10,0,31 42 9,1,25,,282117,10,0,31 42 9,1,60,,282118,10,0,37 42 9,1,20,,282119,10,0,49 50 51,1,20,,282120,10,0,31 42 9,1,15,,282121,10,0,37 42 9,1,60,,282122,10,0,49 50 51,1,18,,282123,10,0,49 50 51,1,17,,282124,10,0,31 42 9,1,50,,282125,10,0,37 42 9,1,20,,282126,10,0,49 50 51,1,10,,282127,10,0,49 50 51,1,15,,282128,10,0,49 50 51,1,55,,282129,10,0,37 42 9,1,20,,282130,10,0,49 50 51,1,25,,282131,10,0,49 50 51,1,60,,282132,10,0,49 50 51,1,25,,282133,10,0,37 42 9,1,70,,282134,10,0,49 50 51,1,25,,282135,10,0,31 42 9,1,30,,282136,10,0,49 50 51,1,145,,282137,10,0,31 42 9,1,100,,282138,10,0,49 50 51,1,100,,282139,10,0,31 42 9,1,200,,282140,10,0,31 42 9,1
4000,'20261023',400,,282141,10,0,31 42 9,1,100,,282142,10,0,31 42 9,1,55,,282143,10,0,31 42 9,1,68,,282144,10,0,49 50 51,1,20,,282145,10,0,37 42 9,1,60,,282146,10,0,49 50 51,1,17,,282147,10,0,49 50 51,1,10,,282148,10,0,49 50 51,1,15,,282149,10,0,37 42 9,1,55,,282150,10,0,49 50 51,1,15,,282151,10,0,49 50 51,1,20,,282152,10,0,49 50 51,1,15,,282153,10,0,37 42 9,1,55,,282154,10,0,49 50 51,1,20,,282155,10,0,49 50 51,1,20,,282156,10,0,49 50 51,1,58,,282157,10,0,31 42 9,1,25,,282158,10,0,52 49 50 51,1,75,,282159,10,0,49 50 51,1,35,,282160,10,0,49 50 51,1,65,,282161,10,0,31 42 9,1,25,,282162,10,0,52 49 50 51,1,75,,282163,10,0,49 50 51,1,30,,282164,10,0,49 50 51,1,20,,282165,10,0,49 50 51,1,62,,282166,10,0,31 42 9,1,25,,282167,10,0,31 42 9,1,60,,282168,10,0,37 42 9,1,20,,282169,10,0,49 50 51,1,20,,282170,10,0,31 42 9,1,15,,282171,10,0,37 42 9,1,60,,282172,10,0,49 50 51,1,18,,282173,10,0,49 50 51,1,17,,282174,10,0,31 42 9,1,50,,282175,10,0,37 42 9,1,20,,282176,10,0,49 50 51,1,10,,282177,10,0,49 50 51,1,15,,282178,10,0,49 50 51,1,55,,282179,10,0,37 42 9,1,20,,282180,10,0,49 50 51,1,25,,282181,10,0,49 50 51,1,60,,282182,10,0,49 50 51,1,25,,282183,10,0,37 42 9,1,70,,282184,10,0,49 50 51,1,25,,282185,10,0,31 42 9,1,30,,282186,10,0,49 50 51,1,145,,282187,10,0,31 42 9,1,100,,282188,10,0,49 50 51,1,100,,282189,10,0,31 42 9,1,200,,282190,10,0,31 42 9,1
4000,'20261024',400,,282191,10,0,31 42 9,1,200,,282192,10,0,31 42 9,1,100,,282193,10,0,31 42 9,1,100,,282194,10,0,49 50 51,1,100,,282195,10,0,31 42 9,1,30,,282196,10,0,49 50 51,1,70,,282197,10,0,49 50 51,1,30,,282198,10,0,49 50 51,1,70,,282199,10,0,31 42 9,1,30,,282200,10,0,49 50 51,1,70,,282201,10,0,49 50 51,1,30,,282202,10,0,49 50 51,1,70,,282203,10,0,31 42 9,1,30,,282204,10,0,49 50 51,1,70,,282205,10,0,49 50 51,1,30,,282206,10,0,49 50 51,1,20,,282207,10,0,49 50 51,1,60,,282208,10,0,31 42 9,1,20,,282209,10,0,49 50 51,1,20,,282210,10,0,49 50 51,1,60,,282211,10,0,31 42 9,1,20,,282212,10,0,49 50 51,1,20,,282213,10,0,49 50 51,1,60,,282214,10,0,31 42 9,1,20,,282215,10,0,49 50 51,1,20,,282216,10,0,49 50 51,1,60,,282217,10,0,31 42 9,1,20,,282218,10,0,49 50 51,1,20,,282219,10,0,49 50 51,1,60,,282220,10,0,31 42 9,1,15,,282221,10,0,49 50 51,1,20,,282222,10,0,49 50 51,1,60,,282223,10,0,31 42 9,1,25,,282224,10,0,49 50 51,1,70,,282225,10,0,49 50 51,1,100,,282226,10,0,31 42 9,1,100,,282227,10,0,49 50 51,1,100,,282228,10,0,31 42 9,1,200,,282229,10,0,31 42 9,1
4000,'20261025',400,,282230,10,0,31 42 9,1,200,,282231,10,0,31 42 9,1,100,,282232,10,0,31 42 9,1,100,,282233,10,0,49 50 51,1,100,,282234,10,0,31 42 9,1,30,,282235,10,0,49 50 51,1,70,,282236,10,0,49 50 51,1,30,,282237,10,0,49 50 51,1,70,,282238,10,0,31 42 9,1,30,,282239,10,0,49 50 51,1,70,,282240,10,0,49 50 51,1,30,,282241,10,0,49 50 51,1,70,,282242,10,0,31 42 9,1,30,,282243,10,0,49 50 51,1,70,,282244,10,0,49 50 51,1,30,,282245,10,0,49 50 51,1,20,,282246,10,0,49 50 51,1,60,,282247,10,0,31 42 9,1,20,,282248,10,0,49 50 51,1,20,,282249,10,0,49 50 51,1,60,,282250,10,0,31 42 9,1,20,,282251,10,0,49 50 51,1,20,,282252,10,0,49 50 51,1,60,,282253,10,0,31 42 9,1,20,,282254,10,0,49 50 51,1,20,,282255,10,0,49 50 51,1,60,,282256,10,0,31 42 9,1,20,,282257,10,0,49 50 51,1,20,,282258,10,0,49 50 51,1,60,,282259,10,0,31 42 9,1,15,,282260,10,0,49 50 51,1,20,,282261,10,0,49 50 51,1,60,,282262,10,0,31 42 9,1,25,,282263,10,0,49 50 51,1,70,,282264,10,0,49 50 51,1,100,,282265,10,0,31 42 9,1,100,,282266,10,0,49 50 51,1,100,,282267,10,0,31 42 9,1,200,,282268,10,0,31 42 9,1
4000,'20261026',400,,282269,10,0,31 42 9,1,100,,282270,10,0,31 42 9,1,55,,282271,10,0,31 42 9,1,68,,282272,10,0,49 50 51,1,20,,282273,10,0,37 42 9,1,60,,282274,10,0,49 50 51,1,17,,282275,10,0,49 50 51,1,10,,282276,10,0,49 50 51,1,15,,282277,10,0,37 42 9,1,55,,282278,10,0,49 50 51,1,15,,282279,10,0,49 50 51,1,20,,282280,10,0,49 50 51,1,15,,282281,10,0,37 42 9,1,55,,282282,10,0,49 50 51,1,20,,282283,10,0,49 50 51,1,20,,282284,10,0,49 50 51,1,58,,282285,10,0,31 42 9,1,25,,282286,10,0,52 49 50 51,1,75,,282287,10,0,49 50 51,1,35,,282288,10,0,49 50 51,1,65,,282289,10,0,31 42 9,1,25,,282290,10,0,52 49 50 51,1,75,,282291,10,0,49 50 51,1,30,,282292,10,0,49 50 51,1,20,,282293,10,0,49 50 51,1,62,,282294,10,0,31 42 9,1,25,,282295,10,0,31 42 9,1,60,,282296,10,0,37 42 9,1,20,,282297,10,0,49 50 51,1,20,,282298,10,0,31 42 9,1,15,,282299,10,0,37 42 9,1,60,,282300,10,0,49 50 51,1,18,,282301,10,0,49 50 51,1,17,,282302,10,0,31 42 9,1,50,,282303,10,0,37 42 9,1,20,,282304,10,0,49 50 51,1,10,,282305,10,0,49 50 51,1,15,,282306,10,0,49 50 51,1,55,,282307,10,0,37 42 9,1,20,,282308,10,0,49 50 51,1,25,,282309,10,0,49 50 51,1,60,,282310,10,0,49 50 51,1,25,,282311,10,0,37 42 9,1,70,,282312,10,0,49 50 51,1,25,,282313,10,0,31 42 9,1,30,,282314,10,0,49 50 51,1,145,,282315,10,0,31 42 9,1,100,,282316,10,0,49 50 51,1,100,,282317,10,0,31 42 9,1,200,,282318,10,0,31 42 9,1
4000,'20261027',400,,282319,10,0,31 42 9,1,100,,282320,10,0,31 42 9,1,55,,282321,10,0,31 42 9,1,68,,282322,10,0,49 50 51,1,20,,282323,10,0,37 42 9,1,60,,282324,10,0,49 50 51,1,17,,282325,10,0,49 50 51,1,10,,282326,10,0,49 50 51,1,15,,282327,10,0,37 42 9,1,55,,282328,10,0,49 50 51,1,15,,282329,10,0,49 50 51,1,20,,282330,10,0,49 50 51,1,15,,282331,10,0,37 42 9,1,55,,282332,10,0,49 50 51,1,20,,282333,10,0,49 50 51,1,20,,282334,10,0,49 50 51,1,58,,282335,10,0,31 42 9,1,25,,282336,10,0,52 49 50 51,1,75,,282337,10,0,49 50 51,1,35,,282338,10,0,49 50 51,1,65,,282339,10,0,31 42 9,1,25,,282340,10,0,52 49 50 51,1,75,,282341,10,0,49 50 51,1,30,,282342,10,0,49 50 51,1,20,,282343,10,0,49 50 51,1,62,,282344,10,0,31 42 9,1,25,,282345,10,0,31 42 9,1,60,,282346,10,0,37 42 9,1,20,,282347,10,0,49 50 51,1,20,,282348,10,0,31 42 9,1,15,,282349,10,0,37 42 9,1,60,,282350,10,0,49 50 51,1,18,,282351,10,0,49 50 51,1,17,,282352,10,0,31 42 9,1,50,,282353,10,0,37 42 9,1,20,,282354,10,0,49 50 51,1,10,,282355,10,0,49 50 51,1,15,,282356,10,0,49 50 51,1,55,,282357,10,0,37 42 9,1,20,,282358,10,0,49 50 51,1,25,,282359,10,0,49 50 51,1,60,,282360,10,0,49 50 51,1,25,,282361,10,0,37 42 9,1,70,,282362,10,0,49 50 51,1,25,,282363,10,0,31 42 9,1,30,,282364,10,0,49 50 51,1,145,,282365,10,0,31 42 9,1,100,,282366,10,0,49 50 51,1,100,,282367,10,0,31 42 9,1,200,,282368,10,0,31 42 9,1
4000,'20261028',400,,282369,10,0,31 42 9,1,100,,282370,10,0,31 42 9,1,55,,282371,10,0,31 42 9,1,68,,282372,10,0,49 50 51,1,20,,282373,10,0,37 42 9,1,60,,282374,10,0,49 50 51,1,17,,282375,10,0,49 50 51,1,10,,282376,10,0,49 50 51,1,15,,282377,10,0,37 42 9,1,55,,282378,10,0,49 50 51,1,15,,282379,10,0,49 50 51,1,20,,282380,10,0,49 50 51,1,15,,282381,10,0,37 42 9,1,55,,282382,10,0,49 50 51,1,20,,282383,10,0,49 50 51,1,20,,282384,10,0,49 50 51,1,58,,282385,10,0,31 42 9,1,25,,282386,10,0,52 49 50 51,1,75,,282387,10,0,49 50 51,1,35,,282388,10,0,49 50 51,1,65,,282389,10,0,31 42 9,1,25,,282390,10,0,52 49 50 51,1,75,,282391,10,0,49 50 51,1,30,,282392,10,0,49 50 51,1,20,,282393,10,0,49 50 51,1,62,,282394,10,0,31 42 9,1,25,,282395,10,0,31 42 9,1,60,,282396,10,0,37 42 9,1,20,,282397,10,0,49 50 51,1,20,,282398,10,0,31 42 9,1,15,,282399,10,0,37 42 9,1,60,,282400,10,0,49 50 51,1,18,,282401,10,0,49 50 51,1,17,,282402,10,0,31 42 9,1,50,,282403,10,0,37 42 9,1,20,,282404,10,0,49 50 51,1,10,,282405,10,0,49 50 51,1,15,,282406,10,0,49 50 51,1,55,,282407,10,0,37 42 9,1,20,,282408,10,0,49 50 51,1,25,,282409,10,0,49 50 51,1,60,,282410,10,0,49 50 51,1,25,,282411,10,0,37 42 9,1,70,,282412,10,0,49 50 51,1,25,,282413,10,0,31 42 9,1,30,,282414,10,0,49 50 51,1,145,,282415,10,0,31 42 9,1,100,,282416,10,0,49 50 51,1,100,,282417,10,0,31 42 9,1,200,,282418,10,0,31 42 9,1
4000,'20261029',400,,282419,10,0,31 42 9,1,100,,282420,10,0,31 42 9,1,55,,282421,10,0,31 42 9,1,68,,282422,10,0,49 50 51,1,20,,282423,10,0,37 42 9,1,60,,282424,10,0,49 50 51,1,17,,282425,10,0,49 50 51,1,10,,282426,10,0,49 50 51,1,15,,282427,10,0,37 42 9,1,55,,282428,10,0,49 50 51,1,15,,282429,10,0,49 50 51,1,20,,282430,10,0,49 50 51,1,15,,282431,10,0,37 42 9,1,55,,282432,10,0,49 50 51,1,20,,282433,10,0,49 50 51,1,20,,282434,10,0,49 50 51,1,58,,282435,10,0,31 42 9,1,25,,282436,10,0,52 49 50 51,1,75,,282437,10,0,49 50 51,1,35,,282438,10,0,49 50 51,1,65,,282439,10,0,31 42 9,1,25,,282440,10,0,52 49 50 51,1,75,,282441,10,0,49 50 51,1,30,,282442,10,0,49 50 51,1,20,,282443,10,0,49 50 51,1,62,,282444,10,0,31 42 9,1,25,,282445,10,0,31 42 9,1,60,,282446,10,0,37 42 9,1,20,,282447,10,0,49 50 51,1,20,,282448,10,0,31 42 9,1,15,,282449,10,0,37 42 9,1,60,,282450,10,0,49 50 51,1,18,,282451,10,0,49 50 51,1,17,,282452,10,0,31 42 9,1,50,,282453,10,0,37 42 9,1,20,,282454,10,0,49 50 51,1,10,,282455,10,0,49 50 51,1,15,,282456,10,0,49 50 51,1,55,,282457,10,0,37 42 9,1,20,,282458,10,0,49 50 51,1,25,,282459,10,0,49 50 51,1,60,,282460,10,0,49 50 51,1,25,,282461,10,0,37 42 9,1,70,,282462,10,0,49 50 51,1,25,,282463,10,0,31 42 9,1,30,,282464,10,0,49 50 51,1,145,,282465,10,0,31 42 9,1,100,,282466,10,0,49 50 51,1,100,,282467,10,0,31 42 9,1,200,,282468,10,0,31 42 9,1
4000,'20261030',400,,282469,10,0,31 42 9,1,100,,282470,10,0,31 42 9,1,55,,282471,10,0,31 42 9,1,68,,282472,10,0,49 50 51,1,20,,282473,10,0,37 42 9,1,60,,282474,10,0,49 50 51,1,17,,282475,10,0,49 50 51,1,10,,282476,10,0,49 50 51,1,15,,282477,10,0,37 42 9,1,55,,282478,10,0,49 50 51,1,15,,282479,10,0,49 50 51,1,20,,282480,10,0,49 50 51,1,15,,282481,10,0,37 42 9,1,55,,282482,10,0,49 50 51,1,20,,282483,10,0,49 50 51,1,20,,282484,10,0,49 50 51,1,58,,282485,10,0,31 42 9,1,25,,282486,10,0,52 49 50 51,1,75,,282487,10,0,49 50 51,1,35,,282488,10,0,49 50 51,1,65,,282489,10,0,31 42 9,1,25,,282490,10,0,52 49 50 51,1,75,,282491,10,0,49 50 51,1,30,,282492,10,0,49 50 51,1,20,,282493,10,0,49 50 51,1,62,,282494,10,0,31 42 9,1,25,,282495,10,0,31 42 9,1,60,,282496,10,0,37 42 9,1,20,,282497,10,0,49 50 51,1,20,,282498,10,0,31 42 9,1,15,,282499,10,0,37 42 9,1,60,,282500,10,0,49 50 51,1,18,,282501,10,0,49 50 51,1,17,,282502,10,0,31 42 9,1,50,,282503,10,0,37 42 9,1,20,,282504,10,0,49 50 51,1,10,,282505,10,0,49 50 51,1,15,,282506,10,0,49 50 51,1,55,,282507,10,0,37 42 9,1,20,,282508,10,0,49 50 51,1,25,,282509,10,0,49 50 51,1,60,,282510,10,0,49 50 51,1,25,,282511,10,0,37 42 9,1,70,,282512,10,0,49 50 51,1,25,,282513,10,0,31 42 9,1,30,,282514,10,0,49 50 51,1,145,,282515,10,0,31 42 9,1,100,,282516,10,0,49 50 51,1,100,,282517,10,0,31 42 9,1,200,,282518,10,0,31 42 9,1
4000,'20261031',400,,282519,10,0,31 42 9,1,200,,282520,10,0,31 42 9,1,100,,282521,10,0,31 42 9,1,100,,282522,10,0,49 50 51,1,100,,282523,10,0,31 42 9,1,30,,282524,10,0,49 50 51,1,70,,282525,10,0,49 50 51,1,30,,282526,10,0,49 50 51,1,70,,282527,10,0,31 42 9,1,30,,282528,10,0,49 50 51,1,70,,282529,10,0,49 50 51,1,30,,282530,10,0,49 50 51,1,70,,282531,10,0,31 42 9,1,30,,282532,10,0,49 50 51,1,70,,282533,10,0,49 50 51,1,30,,282534,10,0,49 50 51,1,20,,282535,10,0,49 50 51,1,60,,282536,10,0,31 42 9,1,20,,282537,10,0,49 50 51,1,20,,282538,10,0,49 50 51,1,60,,282539,10,0,31 42 9,1,20,,282540,10,0,49 50 51,1,20,,282541,10,0,49 50 51,1,60,,282542,10,0,31 42 9,1,20,,282543,10,0,49 50 51,1,20,,282544,10,0,49 50 51,1,60,,282545,10,0,31 42 9,1,20,,282546,10,0,49 50 51,1,20,,282547,10,0,49 50 51,1,60,,282548,10,0,31 42 9,1,15,,282549,10,0,49 50 51,1,20,,282550,10,0,49 50 51,1,60,,282551,10,0,31 42 9,1,25,,282552,10,0,49 50 51,1,70,,282553,10,0,49 50 51,1,100,,282554,10,0,31 42 9,1,100,,282555,10,0,49 50 51,1,100,,282556,10,0,31 42 9,1,200,,282557,10,0,31 42 9,1
4000,'20261101',400,,282558,10,0,31 42 9,1,200,,282559,10,0,31 42 9,1,100,,282560,10,0,31 42 9,1,100,,282561,10,0,49 50 51,1,100,,282562,10,0,31 42 9,1,30,,282563,10,0,49 50 51,1,70,,282564,10,0,49 50 51,1,30,,282565,10,0,49 50 51,1,70,,282566,10,0,31 42 9,1,30,,282567,10,0,49 50 51,1,70,,282568,10,0,49 50 51,1,30,,282569,10,0,49 50 51,1,70,,282570,10,0,31 42 9,1,30,,282571,10,0,49 50 51,1,70,,282572,10,0,49 50 51,1,30,,282573,10,0,49 50 51,1,20,,282574,10,0,49 50 51,1,60,,282575,10,0,31 42 9,1,20,,282576,10,0,49 50 51,1,20,,282577,10,0,49 50 51,1,60,,282578,10,0,31 42 9,1,20,,282579,10,0,49 50 51,1,20,,282580,10,0,49 50 51,1,60,,282581,10,0,31 42 9,1,20,,282582,10,0,49 50 51,1,20,,282583,10,0,49 50 51,1,60,,282584,10,0,31 42 9,1,20,,282585,10,0,49 50 51,1,20,,282586,10,0,49 50 51,1,60,,282587,10,0,31 42 9,1,15,,282588,10,0,49 50 51,1,20,,282589,10,0,49 50 51,1,60,,282590,10,0,31 42 9,1,25,,282591,10,0,49 50 51,1,70,,282592,10,0,49 50 51,1,100,,282593,10,0,31 42 9,1,100,,282594,10,0,49 50 51,1,100,,282595,10,0,31 42 9,1,200,,282596,10,0,31 42 9,1
4000,'20261102',400,,282597,10,0,31 42 9,1,100,,282598,10,0,31 42 9,1,55,,282599,10,0,31 42 9,1,68,,282600,10,0,49 50 51,1,20,,282601,10,0,37 42 9,1,60,,282602,10,0,49 50 51,1,17,,282603,10,0,49 50 51,1,10,,282604,10,0,49 50 51,1,15,,282605,10,0,37 42 9,1,55,,282606,10,0,49 50 51,1,15,,282607,10,0,49 50 51,1,20,,282608,10,0,49 50 51,1,15,,282609,10,0,37 42 9,1,55,,282610,10,0,49 50 51,1,20,,282611,10,0,49 50 51,1,20,,282612,10,0,49 50 51,1,58,,282613,10,0,31 42 9,1,25,,282614,10,0,52 49 50 51,1,75,,282615,10,0,49 50 51,1,35,,282616,10,0,49 50 51,1,65,,282617,10,0,31 42 9,1,25,,282618,10,0,52 49 50 51,1,75,,282619,10,0,49 50 51,1,30,,282620,10,0,49 50 51,1,20,,282621,10,0,49 50 51,1,62,,282622,10,0,31 42 9,1,25,,282623,10,0,31 42 9,1,60,,282624,10,0,37 42 9,1,20,,282625,10,0,49 50 51,1,20,,282626,10,0,31 42 9,1,15,,282627,10,0,37 42 9,1,60,,282628,10,0,49 50 51,1,18,,282629,10,0,49 50 51,1,17,,282630,10,0,31 42 9,1,50,,282631,10,0,37 42 9,1,20,,282632,10,0,49 50 51,1,10,,282633,10,0,49 50 51,1,15,,282634,10,0,49 50 51,1,55,,282635,10,0,37 42 9,1,20,,282636,10,0,49 50 51,1,25,,282637,10,0,49 50 51,1,60,,282638,10,0,49 50 51,1,25,,282639,10,0,37 42 9,1,70,,282640,10,0,49 50 51,1,25,,282641,10,0,31 42 9,1,30,,282642,10,0,49 50 51,1,145,,282643,10,0,31 42 9,1,100,,282644,10,0,49 50 51,1,100,,282645,10,0,31 42 9,1,200,,282646,10,0,31 42 9,1
4000,'20261103',400,,282647,10,0,31 42 9,1,100,,282648,10,0,31 42 9,1,55,,282649,10,0,31 42 9,1,68,,282650,10,0,49 50 51,1,20,,282651,10,0,37 42 9,1,60,,282652,10,0,49 50 51,1,17,,282653,10,0,49 50 51,1,10,,282654,10,0,49 50 51,1,15,,282655,10,0,37 42 9,1,55,,282656,10,0,49 50 51,1,15,,282657,10,0,49 50 51,1,20,,282658,10,0,49 50 51,1,15,,282659,10,0,37 42 9,1,55,,282660,10,0,49 50 51,1,20,,282661,10,0,49 50 51,1,20,,282662,10,0,49 50 51,1,58,,282663,10,0,31 42 9,1,25,,282664,10,0,52 49 50 51,1,75,,282665,10,0,49 50 51,1,35,,282666,10,0,49 50 51,1,65,,282667,10,0,31 42 9,1,25,,282668,10,0,52 49 50 51,1,75,,282669,10,0,49 50 51,1,30,,282670,10,0,49 50 51,1,20,,282671,10,0,49 50 51,1,62,,282672,10,0,31 42 9,1,25,,282673,10,0,31 42 9,1,60,,282674,10,0,37 42 9,1,20,,282675,10,0,49 50 51,1,20,,282676,10,0,31 42 9,1,15,,282677,10,0,37 42 9,1,60,,282678,10,0,49 50 51,1,18,,282679,10,0,49 50 51,1,17,,282680,10,0,31 42 9,1,50,,282681,10,0,37 42 9,1,20,,282682,10,0,49 50 51,1,10,,282683,10,0,49 50 51,1,15,,282684,10,0,49 50 51,1,55,,282685,10,0,37 42 9,1,20,,282686,10,0,49 50 51,1,25,,282687,10,0,49 50 51,1,60,,282688,10,0,49 50 51,1,25,,282689,10,0,37 42 9,1,70,,282690,10,0,49 50 51,1,25,,282691,10,0,31 42 9,1,30,,282692,10,0,49 50 51,1,145,,282693,10,0,31 42 9,1,100,,282694,10,0,49 50 51,1,100,,282695,10,0,31 42 9,1,200,,282696,10,0,31 42 9,1
4000,'20261104',400,,282697,10,0,31 42 9,1,100,,282698,10,0,31 42 9,1,55,,282699,10,0,31 42 9,1,68,,282700,10,0,49 50 51,1,20,,282701,10,0,37 42 9,1,60,,282702,10,0,49 50 51,1,17,,282703,10,0,49 50 51,1,10,,282704,10,0,49 50 51,1,15,,282705,10,0,37 42 9,1,55,,282706,10,0,49 50 51,1,15,,282707,10,0,49 50 51,1,20,,282708,10,0,49 50 51,1,15,,282709,10,0,37 42 9,1,55,,282710,10,0,49 50 51,1,20,,282711,10,0,49 50 51,1,20,,282712,10,0,49 50 51,1,58,,282713,10,0,31 42 9,1,25,,282714,10,0,52 49 50 51,1,75,,282715,10,0,49 50 51,1,35,,282716,10,0,49 50 51,1,65,,282717,10,0,31 42 9,1,25,,282718,10,0,52 49 50 51,1,75,,282719,10,0,49 50 51,1,30,,282720,10,0,49 50 51,1,20,,282721,10,0,49 50 51,1,62,,282722,10,0,31 42 9,1,25,,282723,10,0,31 42 9,1,60,,282724,10,0,37 42 9,1,20,,282725,10,0,49 50 51,1,20,,282726,10,0,31 42 9,1,15,,282727,10,0,37 42 9,1,60,,282728,10,0,49 50 51,1,18,,282729,10,0,49 50 51,1,17,,282730,10,0,31 42 9,1,50,,282731,10,0,37 42 9,1,20,,282732,10,0,49 50 51,1,10,,282733,10,0,49 50 51,1,15,,282734,10,0,49 50 51,1,55,,282735,10,0,37 42 9,1,20,,282736,10,0,49 50 51,1,25,,282737,10,0,49 50 51,1,60,,282738,10,0,49 50 51,1,25,,282739,10,0,37 42 9,1,70,,282740,10,0,49 50 51,1,25,,282741,10,0,31 42 9,1,30,,282742,10,0,49 50 51,1,145,,282743,10,0,31 42 9,1,100,,282744,10,0,49 50 51,1,100,,282745,10,0,31 42 9,1,200,,282746,10,0,31 42 9,1
4000,'20261105',400,,282747,10,0,31 42 9,1,100,,282748,10,0,31 42 9,1,55,,282749,10,0,31 42 9,1,68,,282750,10,0,49 50 51,1,20,,282751,10,0,37 42 9,1,60,,282752,10,0,49 50 51,1,17,,282753,10,0,49 50 51,1,10,,282754,10,0,49 50 51,1,15,,282755,10,0,37 42 9,1,55,,282756,10,0,49 50 51,1,15,,282757,10,0,49 50 51,1,20,,282758,10,0,49 50 51,1,15,,282759,10,0,37 42 9,1,55,,282760,10,0,49 50 51,1,20,,282761,10,0,49 50 51,1,20,,282762,10,0,49 50 51,1,58,,282763,10,0,31 42 9,1,25,,282764,10,0,52 49 50 51,1,75,,282765,10,0,49 50 51,1,35,,282766,10,0,49 50 51,1,65,,282767,10,0,31 42 9,1,25,,282768,10,0,52 49 50 51,1,75,,282769,10,0,49 50 51,1,30,,282770,10,0,49 50 51,1,20,,282771,10,0,49 50 51,1,62,,282772,10,0,31 42 9,1,25,,282773,10,0,31 42 9,1,60,,282774,10,0,37 42 9,1,20,,282775,10,0,49 50 51,1,20,,282776,10,0,31 42 9,1,15,,282777,10,0,37 42 9,1,60,,282778,10,0,49 50 51,1,18,,282779,10,0,49 50 51,1,17,,282780,10,0,31 42 9,1,50,,282781,10,0,37 42 9,1,20,,282782,10,0,49 50 51,1,10,,282783,10,0,49 50 51,1,15,,282784,10,0,49 50 51,1,55,,282785,10,0,37 42 9,1,20,,282786,10,0,49 50 51,1,25,,282787,10,0,49 50 51,1,60,,282788,10,0,49 50 51,1,25,,282789,10,0,37 42 9,1,70,,282790,10,0,49 50 51,1,25,,282791,10,0,31 42 9,1,30,,282792,10,0,49 50 51,1,145,,282793,10,0,31 42 9,1,100,,282794,10,0,49 50 51,1,100,,282795,10,0,31 42 9,1,200,,282796,10,0,31 42 9,1
4000,'20261106',400,,282797,10,0,31 42 9,1,100,,282798,10,0,31 42 9,1,55,,282799,10,0,31 42 9,1,68,,282800,10,0,49 50 51,1,20,,282801,10,0,37 42 9,1,60,,282802,10,0,49 50 51,1,17,,282803,10,0,49 50 51,1,10,,282804,10,0,49 50 51,1,15,,282805,10,0,37 42 9,1,55,,282806,10,0,49 50 51,1,15,,282807,10,0,49 50 51,1,20,,282808,10,0,49 50 51,1,15,,282809,10,0,37 42 9,1,55,,282810,10,0,49 50 51,1,20,,282811,10,0,49 50 51,1,20,,282812,10,0,49 50 51,1,58,,282813,10,0,31 42 9,1,25,,282814,10,0,52 49 50 51,1,75,,282815,10,0,49 50 51,1,35,,282816,10,0,49 50 51,1,65,,282817,10,0,31 42 9,1,25,,282818,10,0,52 49 50 51,1,75,,282819,10,0,49 50 51,1,30,,282820,10,0,49 50 51,1,20,,282821,10,0,49 50 51,1,62,,282822,10,0,31 42 9,1,25,,282823,10,0,31 42 9,1,60,,282824,10,0,37 42 9,1,20,,282825,10,0,49 50 51,1,20,,282826,10,0,31 42 9,1,15,,282827,10,0,37 42 9,1,60,,282828,10,0,49 50 51,1,18,,282829,10,0,49 50 51,1,17,,282830,10,0,31 42 9,1,50,,282831,10,0,37 42 9,1,20,,282832,10,0,49 50 51,1,10,,282833,10,0,49 50 51,1,15,,282834,10,0,49 50 51,1,55,,282835,10,0,37 42 9,1,20,,282836,10,0,49 50 51,1,25,,282837,10,0,49 50 51,1,60,,282838,10,0,49 50 51,1,25,,282839,10,0,37 42 9,1,70,,282840,10,0,49 50 51,1,25,,282841,10,0,31 42 9,1,30,,282842,10,0,49 50 51,1,145,,282843,10,0,31 42 9,1,100,,282844,10,0,49 50 51,1,100,,282845,10,0,31 42 9,1,200,,282846,10,0,31 42 9,1
4000,'20261107',400,,282847,10,0,31 42 9,1,200,,282848,10,0,31 42 9,1,100,,282849,10,0,31 42 9,1,100,,282850,10,0,49 50 51,1,100,,282851,10,0,31 42 9,1,30,,282852,10,0,49 50 51,1,70,,282853,10,0,49 50 51,1,30,,282854,10,0,49 50 51,1,70,,282855,10,0,31 42 9,1,30,,282856,10,0,49 50 51,1,70,,282857,10,0,49 50 51,1,30,,282858,10,0,49 50 51,1,70,,282859,10,0,31 42 9,1,30,,282860,10,0,49 50 51,1,70,,282861,10,0,49 50 51,1,30,,282862,10,0,49 50 51,1,20,,282863,10,0,49 50 51,1,60,,282864,10,0,31 42 9,1,20,,282865,10,0,49 50 51,1,20,,282866,10,0,49 50 51,1,60,,282867,10,0,31 42 9,1,20,,282868,10,0,49 50 51,1,20,,282869,10,0,49 50 51,1,60,,282870,10,0,31 42 9,1,20,,282871,10,0,49 50 51,1,20,,282872,10,0,49 50 51,1,60,,282873,10,0,31 42 9,1,20,,282874,10,0,49 50 51,1,20,,282875,10,0,49 50 51,1,60,,282876,10,0,31 42 9,1,15,,282877,10,0,49 50 51,1,20,,282878,10,0,49 50 51,1,60,,282879,10,0,31 42 9,1,25,,282880,10,0,49 50 51,1,70,,282881,10,0,49 50 51,1,100,,282882,10,0,31 42 9,1,100,,282883,10,0,49 50 51,1,100,,282884,10,0,31 42 9,1,200,,282885,10,0,31 42 9,1
4000,'20261108',400,,282886,10,0,31 42 9,1,200,,282887,10,0,31 42 9,1,100,,282888,10,0,31 42 9,1,100,,282889,10,0,49 50 51,1,100,,282890,10,0,31 42 9,1,30,,282891,10,0,49 50 51,1,70,,282892,10,0,49 50 51,1,30,,282893,10,0,49 50 51,1,70,,282894,10,0,31 42 9,1,30,,282895,10,0,49 50 51,1,70,,282896,10,0,49 50 51,1,30,,282897,10,0,49 50 51,1,70,,282898,10,0,31 42 9,1,30,,282899,10,0,49 50 51,1,70,,282900,10,0,49 50 51,1,30,,282901,10,0,49 50 51,1,20,,282902,10,0,49 50 51,1,60,,282903,10,0,31 42 9,1,20,,282904,10,0,49 50 51,1,20,,282905,10,0,49 50 51,1,60,,282906,10,0,31 42 9,1,20,,282907,10,0,49 50 51,1,20,,282908,10,0,49 50 51,1,60,,282909,10,0,31 42 9,1,20,,282910,10,0,49 50 51,1,20,,282911,10,0,49 50 51,1,60,,282912,10,0,31 42 9,1,20,,282913,10,0,49 50 51,1,20,,282914,10,0,49 50 51,1,60,,282915,10,0,31 42 9,1,15,,282916,10,0,49 50 51,1,20,,282917,10,0,49 50 51,1,60,,282918,10,0,31 42 9,1,25,,282919,10,0,49 50 51,1,70,,282920,10,0,49 50 51,1,100,,282921,10,0,31 42 9,1,100,,282922,10,0,49 50 51,1,100,,282923,10,0,31 42 9,1,200,,282924,10,0,31 42 9,1
4000,'20261109',400,,282925,10,0,31 42 9,1,100,,282926,10,0,31 42 9,1,55,,282927,10,0,31 42 9,1,68,,282928,10,0,49 50 51,1,20,,282929,10,0,37 42 9,1,60,,282930,10,0,49 50 51,1,17,,282931,10,0,49 50 51,1,10,,282932,10,0,49 50 51,1,15,,282933,10,0,37 42 9,1,55,,282934,10,0,49 50 51,1,15,,282935,10,0,49 50 51,1,20,,282936,10,0,49 50 51,1,15,,282937,10,0,37 42 9,1,55,,282938,10,0,49 50 51,1,20,,282939,10,0,49 50 51,1,20,,282940,10,0,49 50 51,1,58,,282941,10,0,31 42 9,1,25,,282942,10,0,52 49 50 51,1,75,,282943,10,0,49 50 51,1,35,,282944,10,0,49 50 51,1,65,,282945,10,0,31 42 9,1,25,,282946,10,0,52 49 50 51,1,75,,282947,10,0,49 50 51,1,30,,282948,10,0,49 50 51,1,20,,282949,10,0,49 50 51,1,62,,282950,10,0,31 42 9,1,25,,282951,10,0,31 42 9,1,60,,282952,10,0,37 42 9,1,20,,282953,10,0,49 50 51,1,20,,282954,10,0,31 42 9,1,15,,282955,10,0,37 42 9,1,60,,282956,10,0,49 50 51,1,18,,282957,10,0,49 50 51,1,17,,282958,10,0,31 42 9,1,50,,282959,10,0,37 42 9,1,20,,282960,10,0,49 50 51,1,10,,282961,10,0,49 50 51,1,15,,282962,10,0,49 50 51,1,55,,282963,10,0,37 42 9,1,20,,282964,10,0,49 50 51,1,25,,282965,10,0,49 50 51,1,60,,282966,10,0,49 50 51,1,25,,282967,10,0,37 42 9,1,70,,282968,10,0,49 50 51,1,25,,282969,10,0,31 42 9,1,30,,282970,10,0,49 50 51,1,145,,282971,10,0,31 42 9,1,100,,282972,10,0,49 50 51,1,100,,282973,10,0,31 42 9,1,200,,282974,10,0,31 42 9,1
4000,'20261110',400,,282975,10,0,31 42 9,1,100,,282976,10,0,31 42 9,1,55,,282977,10,0,31 42 9,1,68,,282978,10,0,49 50 51,1,20,,282979,10,0,37 42 9,1,60,,282980,10,0,49 50 51,1,17,,282981,10,0,49 50 51,1,10,,282982,10,0,49 50 51,1,15,,282983,10,0,37 42 9,1,55,,282984,10,0,49 50 51,1,15,,282985,10,0,49 50 51,1,20,,282986,10,0,49 50 51,1,15,,282987,10,0,37 42 9,1,55,,282988,10,0,49 50 51,1,20,,282989,10,0,49 50 51,1,20,,282990,10,0,49 50 51,1,58,,282991,10,0,31 42 9,1,25,,282992,10,0,52 49 50 51,1,75,,282993,10,0,49 50 51,1,35,,282994,10,0,49 50 51,1,65,,282995,10,0,31 42 9,1,25,,282996,10,0,52 49 50 51,1,75,,282997,10,0,49 50 51,1,30,,282998,10,0,49 50 51,1,20,,282999,10,0,49 50 51,1,62,,283000,10,0,31 42 9,1,25,,283001,10,0,31 42 9,1,60,,283002,10,0,37 42 9,1,20,,283003,10,0,49 50 51,1,20,,283004,10,0,31 42 9,1,15,,283005,10,0,37 42 9,1,60,,283006,10,0,49 50 51,1,18,,283007,10,0,49 50 51,1,17,,283008,10,0,31 42 9,1,50,,283009,10,0,37 42 9,1,20,,283010,10,0,49 50 51,1,10,,283011,10,0,49 50 51,1,15,,283012,10,0,49 50 51,1,55,,283013,10,0,37 42 9,1,20,,283014,10,0,49 50 51,1,25,,283015,10,0,49 50 51,1,60,,283016,10,0,49 50 51,1,25,,283017,10,0,37 42 9,1,70,,283018,10,0,49 50 51,1,25,,283019,10,0,31 42 9,1,30,,283020,10,0,49 50 51,1,145,,283021,10,0,31 42 9,1,100,,283022,10,0,49 50 51,1,100,,283023,10,0,31 42 9,1,200,,283024,10,0,31 42 9,1
4000,'20261111',400,,283025,10,0,31 42 9,1,100,,283026,10,0,31 42 9,1,55,,283027,10,0,31 42 9,1,68,,283028,10,0,49 50 51,1,20,,283029,10,0,37 42 9,1,60,,283030,10,0,49 50 51,1,17,,283031,10,0,49 50 51,1,10,,283032,10,0,49 50 51,1,15,,283033,10,0,37 42 9,1,55,,283034,10,0,49 50 51,1,15,,283035,10,0,49 50 51,1,20,,283036,10,0,49 50 51,1,15,,283037,10,0,37 42 9,1,55,,283038,10,0,49 50 51,1,20,,283039,10,0,49 50 51,1,20,,283040,10,0,49 50 51,1,58,,283041,10,0,31 42 9,1,25,,283042,10,0,52 49 50 51,1,75,,283043,10,0,49 50 51,1,35,,283044,10,0,49 50 51,1,65,,283045,10,0,31 42 9,1,25,,283046,10,0,52 49 50 51,1,75,,283047,10,0,49 50 51,1,30,,283048,10,0,49 50 51,1,20,,283049,10,0,49 50 51,1,62,,283050,10,0,31 42 9,1,25,,283051,10,0,31 42 9,1,60,,283052,10,0,37 42 9,1,20,,283053,10,0,49 50 51,1,20,,283054,10,0,31 42 9,1,15,,283055,10,0,37 42 9,1,60,,283056,10,0,49 50 51,1,18,,283057,10,0,49 50 51,1,17,,283058,10,0,31 42 9,1,50,,283059,10,0,37 42 9,1,20,,283060,10,0,49 50 51,1,10,,283061,10,0,49 50 51,1,15,,283062,10,0,49 50 51,1,55,,283063,10,0,37 42 9,1,20,,283064,10,0,49 50 51,1,25,,283065,10,0,49 50 51,1,60,,283066,10,0,49 50 51,1,25,,283067,10,0,37 42 9,1,70,,283068,10,0,49 50 51,1,25,,283069,10,0,31 42 9,1,30,,283070,10,0,49 50 51,1,145,,283071,10,0,31 42 9,1,100,,283072,10,0,49 50 51,1,100,,283073,10,0,31 42 9,1,200,,283074,10,0,31 42 9,1
4000,'20261112',400,,283075,10,0,31 42 9,1,100,,283076,10,0,31 42 9,1,55,,283077,10,0,31 42 9,1,68,,283078,10,0,49 50 51,1,20,,283079,10,0,37 42 9,1,60,,283080,10,0,49 50 51,1,17,,283081,10,0,49 50 51,1,10,,283082,10,0,49 50 51,1,15,,283083,10,0,37 42 9,1,55,,283084,10,0,49 50 51,1,15,,283085,10,0,49 50 51,1,20,,283086,10,0,49 50 51,1,15,,283087,10,0,37 42 9,1,55,,283088,10,0,49 50 51,1,20,,283089,10,0,49 50 51,1,20,,283090,10,0,49 50 51,1,58,,283091,10,0,31 42 9,1,25,,283092,10,0,52 49 50 51,1,75,,283093,10,0,49 50 51,1,35,,283094,10,0,49 50 51,1,65,,283095,10,0,31 42 9,1,25,,283096,10,0,52 49 50 51,1,75,,283097,10,0,49 50 51,1,30,,283098,10,0,49 50 51,1,20,,283099,10,0,49 50 51,1,62,,283100,10,0,31 42 9,1,25,,283101,10,0,31 42 9,1,60,,283102,10,0,37 42 9,1,20,,283103,10,0,49 50 51,1,20,,283104,10,0,31 42 9,1,15,,283105,10,0,37 42 9,1,60,,283106,10,0,49 50 51,1,18,,283107,10,0,49 50 51,1,17,,283108,10,0,31 42 9,1,50,,283109,10,0,37 42 9,1,20,,283110,10,0,49 50 51,1,10,,283111,10,0,49 50 51,1,15,,283112,10,0,49 50 51,1,55,,283113,10,0,37 42 9,1,20,,283114,10,0,49 50 51,1,25,,283115,10,0,49 50 51,1,60,,283116,10,0,49 50 51,1,25,,283117,10,0,37 42 9,1,70,,283118,10,0,49 50 51,1,25,,283119,10,0,31 42 9,1,30,,283120,10,0,49 50 51,1,145,,283121,10,0,31 42 9,1,100,,283122,10,0,49 50 51,1,100,,283123,10,0,31 42 9,1,200,,283124,10,0,31 42 9,1
4000,'20261113',400,,283125,10,0,31 42 9,1,100,,283126,10,0,31 42 9,1,55,,283127,10,0,31 42 9,1,68,,283128,10,0,49 50 51,1,20,,283129,10,0,37 42 9,1,60,,283130,10,0,49 50 51,1,17,,283131,10,0,49 50 51,1,10,,283132,10,0,49 50 51,1,15,,283133,10,0,37 42 9,1,55,,283134,10,0,49 50 51,1,15,,283135,10,0,49 50 51,1,20,,283136,10,0,49 50 51,1,15,,283137,10,0,37 42 9,1,55,,283138,10,0,49 50 51,1,20,,283139,10,0,49 50 51,1,20,,283140,10,0,49 50 51,1,58,,283141,10,0,31 42 9,1,25,,283142,10,0,52 49 50 51,1,75,,283143,10,0,49 50 51,1,35,,283144,10,0,49 50 51,1,65,,283145,10,0,31 42 9,1,25,,283146,10,0,52 49 50 51,1,75,,283147,10,0,49 50 51,1,30,,283148,10,0,49 50 51,1,20,,283149,10,0,49 50 51,1,62,,283150,10,0,31 42 9,1,25,,283151,10,0,31 42 9,1,60,,283152,10,0,37 42 9,1,20,,283153,10,0,49 50 51,1,20,,283154,10,0,31 42 9,1,15,,283155,10,0,37 42 9,1,60,,283156,10,0,49 50 51,1,18,,283157,10,0,49 50 51,1,17,,283158,10,0,31 42 9,1,50,,283159,10,0,37 42 9,1,20,,283160,10,0,49 50 51,1,10,,283161,10,0,49 50 51,1,15,,283162,10,0,49 50 51,1,55,,283163,10,0,37 42 9,1,20,,283164,10,0,49 50 51,1,25,,283165,10,0,49 50 51,1,60,,283166,10,0,49 50 51,1,25,,283167,10,0,37 42 9,1,70,,283168,10,0,49 50 51,1,25,,283169,10,0,31 42 9,1,30,,283170,10,0,49 50 51,1,145,,283171,10,0,31 42 9,1,100,,283172,10,0,49 50 51,1,100,,283173,10,0,31 42 9,1,200,,283174,10,0,31 42 9,1
4000,'20261114',400,,283175,10,0,31 42 9,1,200,,283176,10,0,31 42 9,1,100,,283177,10,0,31 42 9,1,100,,283178,10,0,49 50 51,1,100,,283179,10,0,31 42 9,1,30,,283180,10,0,49 50 51,1,70,,283181,10,0,49 50 51,1,30,,283182,10,0,49 50 51,1,70,,283183,10,0,31 42 9,1,30,,283184,10,0,49 50 51,1,70,,283185,10,0,49 50 51,1,30,,283186,10,0,49 50 51,1,70,,283187,10,0,31 42 9,1,30,,283188,10,0,49 50 51,1,70,,283189,10,0,49 50 51,1,30,,283190,10,0,49 50 51,1,20,,283191,10,0,49 50 51,1,60,,283192,10,0,31 42 9,1,20,,283193,10,0,49 50 51,1,20,,283194,10,0,49 50 51,1,60,,283195,10,0,31 42 9,1,20,,283196,10,0,49 50 51,1,20,,283197,10,0,49 50 51,1,60,,283198,10,0,31 42 9,1,20,,283199,10,0,49 50 51,1,20,,283200,10,0,49 50 51,1,60,,283201,10,0,31 42 9,1,20,,283202,10,0,49 50 51,1,20,,283203,10,0,49 50 51,1,60,,283204,10,0,31 42 9,1,15,,283205,10,0,49 50 51,1,20,,283206,10,0,49 50 51,1,60,,283207,10,0,31 42 9,1,25,,283208,10,0,49 50 51,1,70,,283209,10,0,49 50 51,1,100,,283210,10,0,31 42 9,1,100,,283211,10,0,49 50 51,1,100,,283212,10,0,31 42 9,1,200,,283213,10,0,31 42 9,1
4000,'20261115',400,,283214,10,0,31 42 9,1,200,,283215,10,0,31 42 9,1,100,,283216,10,0,31 42 9,1,100,,283217,10,0,49 50 51,1,100,,283218,10,0,31 42 9,1,30,,283219,10,0,49 50 51,1,70,,283220,10,0,49 50 51,1,30,,283221,10,0,49 50 51,1,70,,283222,10,0,31 42 9,1,30,,283223,10,0,49 50 51,1,70,,283224,10,0,49 50 51,1,30,,283225,10,0,49 50 51,1,70,,283226,10,0,31 42 9,1,30,,283227,10,0,49 50 51,1,70,,283228,10,0,49 50 51,1,30,,283229,10,0,49 50 51,1,20,,283230,10,0,49 50 51,1,60,,283231,10,0,31 42 9,1,20,,283232,10,0,49 50 51,1,20,,283233,10,0,49 50 51,1,60,,283234,10,0,31 42 9,1,20,,283235,10,0,49 50 51,1,20,,283236,10,0,49 50 51,1,60,,283237,10,0,31 42 9,1,20,,283238,10,0,49 50 51,1,20,,283239,10,0,49 50 51,1,60,,283240,10,0,31 42 9,1,20,,283241,10,0,49 50 51,1,20,,283242,10,0,49 50 51,1,60,,283243,10,0,31 42 9,1,15,,283244,10,0,49 50 51,1,20,,283245,10,0,49 50 51,1,60,,283246,10,0,31 42 9,1,25,,283247,10,0,49 50 51,1,70,,283248,10,0,49 50 51,1,100,,283249,10,0,31 42 9,1,100,,283250,10,0,49 50 51,1,100,,283251,10,0,31 42 9,1,200,,283252,10,0,31 42 9,1
4000,'20261116',400,,283253,10,0,31 42 9,1,100,,283254,10,0,31 42 9,1,55,,283255,10,0,31 42 9,1,68,,283256,10,0,49 50 51,1,20,,283257,10,0,37 42 9,1,60,,283258,10,0,49 50 51,1,17,,283259,10,0,49 50 51,1,10,,283260,10,0,49 50 51,1,15,,283261,10,0,37 42 9,1,55,,283262,10,0,49 50 51,1,15,,283263,10,0,49 50 51,1,20,,283264,10,0,49 50 51,1,15,,283265,10,0,37 42 9,1,55,,283266,10,0,49 50 51,1,20,,283267,10,0,49 50 51,1,20,,283268,10,0,49 50 51,1,58,,283269,10,0,31 42 9,1,25,,283270,10,0,52 49 50 51,1,75,,283271,10,0,49 50 51,1,35,,283272,10,0,49 50 51,1,65,,283273,10,0,31 42 9,1,25,,283274,10,0,52 49 50 51,1,75,,283275,10,0,49 50 51,1,30,,283276,10,0,49 50 51,1,20,,283277,10,0,49 50 51,1,62,,283278,10,0,31 42 9,1,25,,283279,10,0,31 42 9,1,60,,283280,10,0,37 42 9,1,20,,283281,10,0,49 50 51,1,20,,283282,10,0,31 42 9,1,15,,283283,10,0,37 42 9,1,60,,283284,10,0,49 50 51,1,18,,283285,10,0,49 50 51,1,17,,283286,10,0,31 42 9,1,50,,283287,10,0,37 42 9,1,20,,283288,10,0,49 50 51,1,10,,283289,10,0,49 50 51,1,15,,283290,10,0,49 50 51,1,55,,283291,10,0,37 42 9,1,20,,283292,10,0,49 50 51,1,25,,283293,10,0,49 50 51,1,60,,283294,10,0,49 50 51,1,25,,283295,10,0,37 42 9,1,70,,283296,10,0,49 50 51,1,25,,283297,10,0,31 42 9,1,30,,283298,10,0,49 50 51,1,145,,283299,10,0,31 42 9,1,100,,283300,10,0,49 50 51,1,100,,283301,10,0,31 42 9,1,200,,283302,10,0,31 42 9,1
4000,'20261117',400,,283303,10,0,31 42 9,1,100,,283304,10,0,31 42 9,1,55,,283305,10,0,31 42 9,1,68,,283306,10,0,49 50 51,1,20,,283307,10,0,37 42 9,1,60,,283308,10,0,49 50 51,1,17,,283309,10,0,49 50 51,1,10,,283310,10,0,49 50 51,1,15,,283311,10,0,37 42 9,1,55,,283312,10,0,49 50 51,1,15,,283313,10,0,49 50 51,1,20,,283314,10,0,49 50 51,1,15,,283315,10,0,37 42 9,1,55,,283316,10,0,49 50 51,1,20,,283317,10,0,49 50 51,1,20,,283318,10,0,49 50 51,1,58,,283319,10,0,31 42 9,1,25,,283320,10,0,52 49 50 51,1,75,,283321,10,0,49 50 51,1,35,,283322,10,0,49 50 51,1,65,,283323,10,0,31 42 9,1,25,,283324,10,0,52 49 50 51,1,75,,283325,10,0,49 50 51,1,30,,283326,10,0,49 50 51,1,20,,283327,10,0,49 50 51,1,62,,283328,10,0,31 42 9,1,25,,283329,10,0,31 42 9,1,60,,283330,10,0,37 42 9,1,20,,283331,10,0,49 50 51,1,20,,283332,10,0,31 42 9,1,15,,283333,10,0,37 42 9,1,60,,283334,10,0,49 50 51,1,18,,283335,10,0,49 50 51,1,17,,283336,10,0,31 42 9,1,50,,283337,10,0,37 42 9,1,20,,283338,10,0,49 50 51,1,10,,283339,10,0,49 50 51,1,15,,283340,10,0,49 50 51,1,55,,283341,10,0,37 42 9,1,20,,283342,10,0,49 50 51,1,25,,283343,10,0,49 50 51,1,60,,283344,10,0,49 50 51,1,25,,283345,10,0,37 42 9,1,70,,283346,10,0,49 50 51,1,25,,283347,10,0,31 42 9,1,30,,283348,10,0,49 50 51,1,145,,283349,10,0,31 42 9,1,100,,283350,10,0,49 50 51,1,100,,283351,10,0,31 42 9,1,200,,283352,10,0,31 42 9,1
4000,'20261118',400,,283353,10,0,31 42 9,1,100,,283354,10,0,31 42 9,1,55,,283355,10,0,31 42 9,1,68,,283356,10,0,49 50 51,1,20,,283357,10,0,37 42 9,1,60,,283358,10,0,49 50 51,1,17,,283359,10,0,49 50 51,1,10,,283360,10,0,49 50 51,1,15,,283361,10,0,37 42 9,1,55,,283362,10,0,49 50 51,1,15,,283363,10,0,49 50 51,1,20,,283364,10,0,49 50 51,1,15,,283365,10,0,37 42 9,1,55,,283366,10,0,49 50 51,1,20,,283367,10,0,49 50 51,1,20,,283368,10,0,49 50 51,1,58,,283369,10,0,31 42 9,1,25,,283370,10,0,52 49 50 51,1,75,,283371,10,0,49 50 51,1,35,,283372,10,0,49 50 51,1,65,,283373,10,0,31 42 9,1,25,,283374,10,0,52 49 50 51,1,75,,283375,10,0,49 50 51,1,30,,283376,10,0,49 50 51,1,20,,283377,10,0,49 50 51,1,62,,283378,10,0,31 42 9,1,25,,283379,10,0,31 42 9,1,60,,283380,10,0,37 42 9,1,20,,283381,10,0,49 50 51,1,20,,283382,10,0,31 42 9,1,15,,283383,10,0,37 42 9,1,60,,283384,10,0,49 50 51,1,18,,283385,10,0,49 50 51,1,17,,283386,10,0,31 42 9,1,50,,283387,10,0,37 42 9,1,20,,283388,10,0,49 50 51,1,10,,283389,10,0,49 50 51,1,15,,283390,10,0,49 50 51,1,55,,283391,10,0,37 42 9,1,20,,283392,10,0,49 50 51,1,25,,283393,10,0,49 50 51,1,60,,283394,10,0,49 50 51,1,25,,283395,10,0,37 42 9,1,70,,283396,10,0,49 50 51,1,25,,283397,10,0,31 42 9,1,30,,283398,10,0,49 50 51,1,145,,283399,10,0,31 42 9,1,100,,283400,10,0,49 50 51,1,100,,283401,10,0,31 42 9,1,200,,283402,10,0,31 42 9,1
4000,'20261119',400,,283403,10,0,31 42 9,1,100,,283404,10,0,31 42 9,1,55,,283405,10,0,31 42 9,1,68,,283406,10,0,49 50 51,1,20,,283407,10,0,37 42 9,1,60,,283408,10,0,49 50 51,1,17,,283409,10,0,49 50 51,1,10,,283410,10,0,49 50 51,1,15,,283411,10,0,37 42 9,1,55,,283412,10,0,49 50 51,1,15,,283413,10,0,49 50 51,1,20,,283414,10,0,49 50 51,1,15,,283415,10,0,37 42 9,1,55,,283416,10,0,49 50 51,1,20,,283417,10,0,49 50 51,1,20,,283418,10,0,49 50 51,1,58,,283419,10,0,31 42 9,1,25,,283420,10,0,52 49 50 51,1,75,,283421,10,0,49 50 51,1,35,,283422,10,0,49 50 51,1,65,,283423,10,0,31 42 9,1,25,,283424,10,0,52 49 50 51,1,75,,283425,10,0,49 50 51,1,30,,283426,10,0,49 50 51,1,20,,283427,10,0,49 50 51,1,62,,283428,10,0,31 42 9,1,25,,283429,10,0,31 42 9,1,60,,283430,10,0,37 42 9,1,20,,283431,10,0,49 50 51,1,20,,283432,10,0,31 42 9,1,15,,283433,10,0,37 42 9,1,60,,283434,10,0,49 50 51,1,18,,283435,10,0,49 50 51,1,17,,283436,10,0,31 42 9,1,50,,283437,10,0,37 42 9,1,20,,283438,10,0,49 50 51,1,10,,283439,10,0,49 50 51,1,15,,283440,10,0,49 50 51,1,55,,283441,10,0,37 42 9,1,20,,283442,10,0,49 50 51,1,25,,283443,10,0,49 50 51,1,60,,283444,10,0,49 50 51,1,25,,283445,10,0,37 42 9,1,70,,283446,10,0,49 50 51,1,25,,283447,10,0,31 42 9,1,30,,283448,10,0,49 50 51,1,145,,283449,10,0,31 42 9,1,100,,283450,10,0,49 50 51,1,100,,283451,10,0,31 42 9,1,200,,283452,10,0,31 42 9,1
4000,'20261120',400,,283453,10,0,31 42 9,1,100,,283454,10,0,31 42 9,1,55,,283455,10,0,31 42 9,1,68,,283456,10,0,49 50 51,1,20,,283457,10,0,37 42 9,1,60,,283458,10,0,49 50 51,1,17,,283459,10,0,49 50 51,1,10,,283460,10,0,49 50 51,1,15,,283461,10,0,37 42 9,1,55,,283462,10,0,49 50 51,1,15,,283463,10,0,49 50 51,1,20,,283464,10,0,49 50 51,1,15,,283465,10,0,37 42 9,1,55,,283466,10,0,49 50 51,1,20,,283467,10,0,49 50 51,1,20,,283468,10,0,49 50 51,1,58,,283469,10,0,31 42 9,1,25,,283470,10,0,52 49 50 51,1,75,,283471,10,0,49 50 51,1,35,,283472,10,0,49 50 51,1,65,,283473,10,0,31 42 9,1,25,,283474,10,0,52 49 50 51,1,75,,283475,10,0,49 50 51,1,30,,283476,10,0,49 50 51,1,20,,283477,10,0,49 50 51,1,62,,283478,10,0,31 42 9,1,25,,283479,10,0,31 42 9,1,60,,283480,10,0,37 42 9,1,20,,283481,10,0,49 50 51,1,20,,283482,10,0,31 42 9,1,15,,283483,10,0,37 42 9,1,60,,283484,10,0,49 50 51,1,18,,283485,10,0,49 50 51,1,17,,283486,10,0,31 42 9,1,50,,283487,10,0,37 42 9,1,20,,283488,10,0,49 50 51,1,10,,283489,10,0,49 50 51,1,15,,283490,10,0,49 50 51,1,55,,283491,10,0,37 42 9,1,20,,283492,10,0,49 50 51,1,25,,283493,10,0,49 50 51,1,60,,283494,10,0,49 50 51,1,25,,283495,10,0,37 42 9,1,70,,283496,10,0,49 50 51,1,25,,283497,10,0,31 42 9,1,30,,283498,10,0,49 50 51,1,145,,283499,10,0,31 42 9,1,100,,283500,10,0,49 50 51,1,100,,283501,10,0,31 42 9,1,200,,283502,10,0,31 42 9,1
4000,'20261121',400,,283503,10,0,31 42 9,1,200,,283504,10,0,31 42 9,1,100,,283505,10,0,31 42 9,1,100,,283506,10,0,49 50 51,1,100,,283507,10,0,31 42 9,1,30,,283508,10,0,49 50 51,1,70,,283509,10,0,49 50 51,1,30,,283510,10,0,49 50 51,1,70,,283511,10,0,31 42 9,1,30,,283512,10,0,49 50 51,1,70,,283513,10,0,49 50 51,1,30,,283514,10,0,49 50 51,1,70,,283515,10,0,31 42 9,1,30,,283516,10,0,49 50 51,1,70,,283517,10,0,49 50 51,1,30,,283518,10,0,49 50 51,1,20,,283519,10,0,49 50 51,1,60,,283520,10,0,31 42 9,1,20,,283521,10,0,49 50 51,1,20,,283522,10,0,49 50 51,1,60,,283523,10,0,31 42 9,1,20,,283524,10,0,49 50 51,1,20,,283525,10,0,49 50 51,1,60,,283526,10,0,31 42 9,1,20,,283527,10,0,49 50 51,1,20,,283528,10,0,49 50 51,1,60,,283529,10,0,31 42 9,1,20,,283530,10,0,49 50 51,1,20,,283531,10,0,49 50 51,1,60,,283532,10,0,31 42 9,1,15,,283533,10,0,49 50 51,1,20,,283534,10,0,49 50 51,1,60,,283535,10,0,31 42 9,1,25,,283536,10,0,49 50 51,1,70,,283537,10,0,49 50 51,1,100,,283538,10,0,31 42 9,1,100,,283539,10,0,49 50 51,1,100,,283540,10,0,31 42 9,1,200,,283541,10,0,31 42 9,1
4000,'20261122',400,,283542,10,0,31 42 9,1,200,,283543,10,0,31 42 9,1,100,,283544,10,0,31 42 9,1,100,,283545,10,0,49 50 51,1,100,,283546,10,0,31 42 9,1,30,,283547,10,0,49 50 51,1,70,,283548,10,0,49 50 51,1,30,,283549,10,0,49 50 51,1,70,,283550,10,0,31 42 9,1,30,,283551,10,0,49 50 51,1,70,,283552,10,0,49 50 51,1,30,,283553,10,0,49 50 51,1,70,,283554,10,0,31 42 9,1,30,,283555,10,0,49 50 51,1,70,,283556,10,0,49 50 51,1,30,,283557,10,0,49 50 51,1,20,,283558,10,0,49 50 51,1,60,,283559,10,0,31 42 9,1,20,,283560,10,0,49 50 51,1,20,,283561,10,0,49 50 51,1,60,,283562,10,0,31 42 9,1,20,,283563,10,0,49 50 51,1,20,,283564,10,0,49 50 51,1,60,,283565,10,0,31 42 9,1,20,,283566,10,0,49 50 51,1,20,,283567,10,0,49 50 51,1,60,,283568,10,0,31 42 9,1,20,,283569,10,0,49 50 51,1,20,,283570,10,0,49 50 51,1,60,,283571,10,0,31 42 9,1,15,,283572,10,0,49 50 51,1,20,,283573,10,0,49 50 51,1,60,,283574,10,0,31 42 9,1,25,,283575,10,0,49 50 51,1,70,,283576,10,0,49 50 51,1,100,,283577,10,0,31 42 9,1,100,,283578,10,0,49 50 51,1,100,,283579,10,0,31 42 9,1,200,,283580,10,0,31 42 9,1
4000,'20261123',400,,283581,10,0,31 42 9,1,100,,283582,10,0,31 42 9,1,55,,283583,10,0,31 42 9,1,68,,283584,10,0,49 50 51,1,20,,283585,10,0,37 42 9,1,60,,283586,10,0,49 50 51,1,17,,283587,10,0,49 50 51,1,10,,283588,10,0,49 50 51,1,15,,283589,10,0,37 42 9,1,55,,283590,10,0,49 50 51,1,15,,283591,10,0,49 50 51,1,20,,283592,10,0,49 50 51,1,15,,283593,10,0,37 42 9,1,55,,283594,10,0,49 50 51,1,20,,283595,10,0,49 50 51,1,20,,283596,10,0,49 50 51,1,58,,283597,10,0,31 42 9,1,25,,283598,10,0,52 49 50 51,1,75,,283599,10,0,49 50 51,1,35,,283600,10,0,49 50 51,1,65,,283601,10,0,31 42 9,1,25,,283602,10,0,52 49 50 51,1,75,,283603,10,0,49 50 51,1,30,,283604,10,0,49 50 51,1,20,,283605,10,0,49 50 51,1,62,,283606,10,0,31 42 9,1,25,,283607,10,0,31 42 9,1,60,,283608,10,0,37 42 9,1,20,,283609,10,0,49 50 51,1,20,,283610,10,0,31 42 9,1,15,,283611,10,0,37 42 9,1,60,,283612,10,0,49 50 51,1,18,,283613,10,0,49 50 51,1,17,,283614,10,0,31 42 9,1,50,,283615,10,0,37 42 9,1,20,,283616,10,0,49 50 51,1,10,,283617,10,0,49 50 51,1,15,,283618,10,0,49 50 51,1,55,,283619,10,0,37 42 9,1,20,,283620,10,0,49 50 51,1,25,,283621,10,0,49 50 51,1,60,,283622,10,0,49 50 51,1,25,,283623,10,0,37 42 9,1,70,,283624,10,0,49 50 51,1,25,,283625,10,0,31 42 9,1,30,,283626,10,0,49 50 51,1,145,,283627,10,0,31 42 9,1,100,,283628,10,0,49 50 51,1,100,,283629,10,0,31 42 9,1,200,,283630,10,0,31 42 9,1
4000,'20261124',400,,283631,10,0,31 42 9,1,100,,283632,10,0,31 42 9,1,55,,283633,10,0,31 42 9,1,68,,283634,10,0,49 50 51,1,20,,283635,10,0,37 42 9,1,60,,283636,10,0,49 50 51,1,17,,283637,10,0,49 50 51,1,10,,283638,10,0,49 50 51,1,15,,283639,10,0,37 42 9,1,55,,283640,10,0,49 50 51,1,15,,283641,10,0,49 50 51,1,20,,283642,10,0,49 50 51,1,15,,283643,10,0,37 42 9,1,55,,283644,10,0,49 50 51,1,20,,283645,10,0,49 50 51,1,20,,283646,10,0,49 50 51,1,58,,283647,10,0,31 42 9,1,25,,283648,10,0,52 49 50 51,1,75,,283649,10,0,49 50 51,1,35,,283650,10,0,49 50 51,1,65,,283651,10,0,31 42 9,1,25,,283652,10,0,52 49 50 51,1,75,,283653,10,0,49 50 51,1,30,,283654,10,0,49 50 51,1,20,,283655,10,0,49 50 51,1,62,,283656,10,0,31 42 9,1,25,,283657,10,0,31 42 9,1,60,,283658,10,0,37 42 9,1,20,,283659,10,0,49 50 51,1,20,,283660,10,0,31 42 9,1,15,,283661,10,0,37 42 9,1,60,,283662,10,0,49 50 51,1,18,,283663,10,0,49 50 51,1,17,,283664,10,0,31 42 9,1,50,,283665,10,0,37 42 9,1,20,,283666,10,0,49 50 51,1,10,,283667,10,0,49 50 51,1,15,,283668,10,0,49 50 51,1,55,,283669,10,0,37 42 9,1,20,,283670,10,0,49 50 51,1,25,,283671,10,0,49 50 51,1,60,,283672,10,0,49 50 51,1,25,,283673,10,0,37 42 9,1,70,,283674,10,0,49 50 51,1,25,,283675,10,0,31 42 9,1,30,,283676,10,0,49 50 51,1,145,,283677,10,0,31 42 9,1,100,,283678,10,0,49 50 51,1,100,,283679,10,0,31 42 9,1,200,,283680,10,0,31 42 9,1
4000,'20261125',400,,283681,10,0,31 42 9,1,100,,283682,10,0,31 42 9,1,55,,283683,10,0,31 42 9,1,68,,283684,10,0,49 50 51,1,20,,283685,10,0,37 42 9,1,60,,283686,10,0,49 50 51,1,17,,283687,10,0,49 50 51,1,10,,283688,10,0,49 50 51,1,15,,283689,10,0,37 42 9,1,55,,283690,10,0,49 50 51,1,15,,283691,10,0,49 50 51,1,20,,283692,10,0,49 50 51,1,15,,283693,10,0,37 42 9,1,55,,283694,10,0,49 50 51,1,20,,283695,10,0,49 50 51,1,20,,283696,10,0,49 50 51,1,58,,283697,10,0,31 42 9,1,25,,283698,10,0,52 49 50 51,1,75,,283699,10,0,49 50 51,1,35,,283700,10,0,49 50 51,1,65,,283701,10,0,31 42 9,1,25,,283702,10,0,52 49 50 51,1,75,,283703,10,0,49 50 51,1,30,,283704,10,0,49 50 51,1,20,,283705,10,0,49 50 51,1,62,,283706,10,0,31 42 9,1,25,,283707,10,0,31 42 9,1,60,,283708,10,0,37 42 9,1,20,,283709,10,0,49 50 51,1,20,,283710,10,0,31 42 9,1,15,,283711,10,0,37 42 9,1,60,,283712,10,0,49 50 51,1,18,,283713,10,0,49 50 51,1,17,,283714,10,0,31 42 9,1,50,,283715,10,0,37 42 9,1,20,,283716,10,0,49 50 51,1,10,,283717,10,0,49 50 51,1,15,,283718,10,0,49 50 51,1,55,,283719,10,0,37 42 9,1,20,,283720,10,0,49 50 51,1,25,,283721,10,0,49 50 51,1,60,,283722,10,0,49 50 51,1,25,,283723,10,0,37 42 9,1,70,,283724,10,0,49 50 51,1,25,,283725,10,0,31 42 9,1,30,,283726,10,0,49 50 51,1,145,,283727,10,0,31 42 9,1,100,,283728,10,0,49 50 51,1,100,,283729,10,0,31 42 9,1,200,,283730,10,0,31 42 9,1
4000,'20261126',400,,283731,10,0,31 42 9,1,100,,283732,10,0,31 42 9,1,55,,283733,10,0,31 42 9,1,68,,283734,10,0,49 50 51,1,20,,283735,10,0,37 42 9,1,60,,283736,10,0,49 50 51,1,17,,283737,10,0,49 50 51,1,10,,283738,10,0,49 50 51,1,15,,283739,10,0,37 42 9,1,55,,283740,10,0,49 50 51,1,15,,283741,10,0,49 50 51,1,20,,283742,10,0,49 50 51,1,15,,283743,10,0,37 42 9,1,55,,283744,10,0,49 50 51,1,20,,283745,10,0,49 50 51,1,20,,283746,10,0,49 50 51,1,58,,283747,10,0,31 42 9,1,25,,283748,10,0,52 49 50 51,1,75,,283749,10,0,49 50 51,1,35,,283750,10,0,49 50 51,1,65,,283751,10,0,31 42 9,1,25,,283752,10,0,52 49 50 51,1,75,,283753,10,0,49 50 51,1,30,,283754,10,0,49 50 51,1,20,,283755,10,0,49 50 51,1,62,,283756,10,0,31 42 9,1,25,,283757,10,0,31 42 9,1,60,,283758,10,0,37 42 9,1,20,,283759,10,0,49 50 51,1,20,,283760,10,0,31 42 9,1,15,,283761,10,0,37 42 9,1,60,,283762,10,0,49 50 51,1,18,,283763,10,0,49 50 51,1,17,,283764,10,0,31 42 9,1,50,,283765,10,0,37 42 9,1,20,,283766,10,0,49 50 51,1,10,,283767,10,0,49 50 51,1,15,,283768,10,0,49 50 51,1,55,,283769,10,0,37 42 9,1,20,,283770,10,0,49 50 51,1,25,,283771,10,0,49 50 51,1,60,,283772,10,0,49 50 51,1,25,,283773,10,0,37 42 9,1,70,,283774,10,0,49 50 51,1,25,,283775,10,0,31 42 9,1,30,,283776,10,0,49 50 51,1,145,,283777,10,0,31 42 9,1,100,,283778,10,0,49 50 51,1,100,,283779,10,0,31 42 9,1,200,,283780,10,0,31 42 9,1
4000,'20261127',400,,283781,10,0,31 42 9,1,100,,283782,10,0,31 42 9,1,55,,283783,10,0,31 42 9,1,68,,283784,10,0,49 50 51,1,20,,283785,10,0,37 42 9,1,60,,283786,10,0,49 50 51,1,17,,283787,10,0,49 50 51,1,10,,283788,10,0,49 50 51,1,15,,283789,10,0,37 42 9,1,55,,283790,10,0,49 50 51,1,15,,283791,10,0,49 50 51,1,20,,283792,10,0,49 50 51,1,15,,283793,10,0,37 42 9,1,55,,283794,10,0,49 50 51,1,20,,283795,10,0,49 50 51,1,20,,283796,10,0,49 50 51,1,58,,283797,10,0,31 42 9,1,25,,283798,10,0,52 49 50 51,1,75,,283799,10,0,49 50 51,1,35,,283800,10,0,49 50 51,1,65,,283801,10,0,31 42 9,1,25,,283802,10,0,52 49 50 51,1,75,,283803,10,0,49 50 51,1,30,,283804,10,0,49 50 51,1,20,,283805,10,0,49 50 51,1,62,,283806,10,0,31 42 9,1,25,,283807,10,0,31 42 9,1,60,,283808,10,0,37 42 9,1,20,,283809,10,0,49 50 51,1,20,,283810,10,0,31 42 9,1,15,,283811,10,0,37 42 9,1,60,,283812,10,0,49 50 51,1,18,,283813,10,0,49 50 51,1,17,,283814,10,0,31 42 9,1,50,,283815,10,0,37 42 9,1,20,,283816,10,0,49 50 51,1,10,,283817,10,0,49 50 51,1,15,,283818,10,0,49 50 51,1,55,,283819,10,0,37 42 9,1,20,,283820,10,0,49 50 51,1,25,,283821,10,0,49 50 51,1,60,,283822,10,0,49 50 51,1,25,,283823,10,0,37 42 9,1,70,,283824,10,0,49 50 51,1,25,,283825,10,0,31 42 9,1,30,,283826,10,0,49 50 51,1,145,,283827,10,0,31 42 9,1,100,,283828,10,0,49 50 51,1,100,,283829,10,0,31 42 9,1,200,,283830,10,0,31 42 9,1
4100,'20260910',545,,287961,14,,,1,60,,287962,1,0,7 58 9,1,5,,287963,14,,,1,18,,287964,1,0,7 58 9,1,5,,287965,1,0,57 43 44 61 62,1,5,,287966,1,0,7 58 9,1,2,,287967,14,,,1,5,,287968,1,0,7 58 9,1,55,,287969,1,0,57 43 44 61 62,1,5,,287970,1,0,7 58 9,1,5,,287971,1,0,7 58 9,1,2,,287972,14,,,1,8,,287973,1,0,31 59 60,1,5,,287974,1,0,31 59 60,1,5,,287975,1,0,31 59 60,1,5,,287976,1,0,57 43 44 61 62,1,10,,287977,1,0,7 58 9,1,2,,287978,14,,,1,11,,287979,1,0,31 59 60,1,50,,287980,1,0,57 43 44 61 62,1,5,,287981,1,0,7 58 9,1,5,,287982,14,,,1,10,,287983,1,0,31 59 60,1,10,,287984,1,0,57 43 44 61 62,1,10,,287985,1,0,7 58 9,1,5,,287986,14,,,1,47,,287987,1,0,7 58 9,1,15,,287988,1,0,7 58 9,1,8,,287989,14,,,1,7,,287990,1,0,31 59 60,1,10,,287991,1,0,7 58 9,1,8,,287992,14,,,1,52,,287993,1,0,31 59 60,1,15,,287994,1,0,7 58 9,1,3,,287995,14,,,1,12,,287996,1,0,31 59 60,1,10,,287997,1,0,7 58 9,1,13,,287998,14,0,53 59 60,1,47,,287999,1,0,7 58 9,1,13,,288000,14,,,1,17,,288001,1,0,31 59 60,1,13,,288002,14,,,1,12,,288003,1,0,31 59 60,1,53,,288004,14,,,1,17,,288005,1,0,31 59 60,1,5,,288006,2,0,5 59 60,1,11,,288007,14,,,1,14,,288008,1,0,31 59 60,1,50,,288009,2,0,5 59 60,1,6,,288010,14,,,1,19,,288011,2,0,5 59 60,1,11,,288012,14,,,1,59,,288013,2,0,5 59 60,1,7,,288014,14,,,1,18,,288015,2,0,5 59 60,1,12,,288016,14,,,1,18,,288017,2,0,5 59 60,1,61,,288018,14,,,1,14,,288019,2,0,5 59 60,1,13,,288020,14,,,1,62,,288021,2,0,5 59 60,1,13,,288022,14,,,1,12,,288023,2,0,5 59 60,1,18,,288024,14,,,1,62,,288025,2,0,5 59 60,1,13,,288026,14,,,1,12,,288027,2,0,5 59 60,1,16,,288028,14,0,53 59 60,1,64,,288029,2,0,5 59 60,1,11,,288030,14,,,1,19,,288031,2,0,5 59 60,1,11,,288032,14,,,1,54,,288033,2,0,5 59 60,1,13,,288034,14,0,53 59 60,1,30,,288035,14,,,1,65,,288036,14,0,53 59 60,1,97,,288037,14,,,1,100,,288038,14,,,1,100,,288039,14,,,1
4100,'20260911',545,,288040,14,,,1,60,,288041,1,0,7 58 9,1,5,,288042,14,,,1,18,,288043,1,0,7 58 9,1,5,,288044,1,0,57 43 44 61 62,1,5,,288045,1,0,7 58 9,1,2,,288046,14,,,1,5,,288047,1,0,7 58 9,1,55,,288048,1,0,57 43 44 61 62,1,5,,288049,1,0,7 58 9,1,5,,288050,1,0,7 58 9,1,2,,288051,14,,,1,8,,288052,1,0,31 59 60,1,5,,288053,1,0,31 59 60,1,5,,288054,1,0,31 59 60,1,5,,288055,1,0,57 43 44 61 62,1,10,,288056,1,0,7 58 9,1,2,,288057,14,,,1,11,,288058,1,0,31 59 60,1,50,,288059,1,0,57 43 44 61 62,1,5,,288060,1,0,7 58 9,1,5,,288061,14,,,1,10,,288062,1,0,31 59 60,1,10,,288063,1,0,57 43 44 61 62,1,10,,288064,1,0,7 58 9,1,5,,288065,14,,,1,47,,288066,1,0,7 58 9,1,15,,288067,1,0,7 58 9,1,8,,288068,14,,,1,7,,288069,1,0,31 59 60,1,10,,288070,1,0,7 58 9,1,8,,288071,14,,,1,52,,288072,1,0,31 59 60,1,15,,288073,1,0,7 58 9,1,3,,288074,14,,,1,12,,288075,1,0,31 59 60,1,10,,288076,1,0,7 58 9,1,13,,288077,14,0,53 59 60,1,47,,288078,1,0,7 58 9,1,13,,288079,14,,,1,17,,288080,1,0,31 59 60,1,13,,288081,14,,,1,12,,288082,1,0,31 59 60,1,53,,288083,14,,,1,17,,288084,1,0,31 59 60,1,5,,288085,2,0,5 59 60,1,11,,288086,14,,,1,14,,288087,1,0,31 59 60,1,50,,288088,2,0,5 59 60,1,6,,288089,14,,,1,19,,288090,2,0,5 59 60,1,11,,288091,14,,,1,59,,288092,2,0,5 59 60,1,7,,288093,14,,,1,18,,288094,2,0,5 59 60,1,12,,288095,14,,,1,18,,288096,2,0,5 59 60,1,61,,288097,14,,,1,14,,288098,2,0,5 59 60,1,13,,288099,14,,,1,62,,288100,2,0,5 59 60,1,13,,288101,14,,,1,12,,288102,2,0,5 59 60,1,18,,288103,14,,,1,62,,288104,2,0,5 59 60,1,13,,288105,14,,,1,12,,288106,2,0,5 59 60,1,16,,288107,14,0,53 59 60,1,64,,288108,2,0,5 59 60,1,11,,288109,14,,,1,19,,288110,2,0,5 59 60,1,11,,288111,14,,,1,54,,288112,2,0,5 59 60,1,13,,288113,14,0,53 59 60,1,30,,288114,14,,,1,65,,288115,14,0,53 59 60,1,97,,288116,14,,,1,100,,288117,14,,,1,100,,288118,14,,,1
4100,'20260914',545,,288119,14,,,1,60,,288120,1,0,7 58 9,1,5,,288121,14,,,1,18,,288122,1,0,7 58 9,1,5,,288123,1,0,57 43 44 61 62,1,5,,288124,1,0,7 58 9,1,2,,288125,14,,,1,5,,288126,1,0,7 58 9,1,55,,288127,1,0,57 43 44 61 62,1,5,,288128,1,0,7 58 9,1,5,,288129,1,0,7 58 9,1,2,,288130,14,,,1,8,,288131,1,0,31 59 60,1,5,,288132,1,0,31 59 60,1,5,,288133,1,0,31 59 60,1,5,,288134,1,0,57 43 44 61 62,1,10,,288135,1,0,7 58 9,1,2,,288136,14,,,1,11,,288137,1,0,31 59 60,1,50,,288138,1,0,57 43 44 61 62,1,5,,288139,1,0,7 58 9,1,5,,288140,14,,,1,10,,288141,1,0,31 59 60,1,10,,288142,1,0,57 43 44 61 62,1,10,,288143,1,0,7 58 9,1,5,,288144,14,,,1,47,,288145,1,0,7 58 9,1,15,,288146,1,0,7 58 9,1,8,,288147,14,,,1,7,,288148,1,0,31 59 60,1,10,,288149,1,0,7 58 9,1,8,,288150,14,,,1,52,,288151,1,0,31 59 60,1,15,,288152,1,0,7 58 9,1,3,,288153,14,,,1,12,,288154,1,0,31 59 60,1,10,,288155,1,0,7 58 9,1,13,,288156,14,0,53 59 60,1,47,,288157,1,0,7 58 9,1,13,,288158,14,,,1,17,,288159,1,0,31 59 60,1,13,,288160,14,,,1,12,,288161,1,0,31 59 60,1,53,,288162,14,,,1,17,,288163,1,0,31 59 60,1,5,,288164,2,0,5 59 60,1,11,,288165,14,,,1,14,,288166,1,0,31 59 60,1,50,,288167,2,0,5 59 60,1,6,,288168,14,,,1,19,,288169,2,0,5 59 60,1,11,,288170,14,,,1,59,,288171,2,0,5 59 60,1,7,,288172,14,,,1,18,,288173,2,0,5 59 60,1,12,,288174,14,,,1,18,,288175,2,0,5 59 60,1,61,,288176,14,,,1,14,,288177,2,0,5 59 60,1,13,,288178,14,,,1,62,,288179,2,0,5 59 60,1,13,,288180,14,,,1,12,,288181,2,0,5 59 60,1,18,,288182,14,,,1,62,,288183,2,0,5 59 60,1,13,,288184,14,,,1,12,,288185,2,0,5 59 60,1,16,,288186,14,0,53 59 60,1,64,,288187,2,0,5 59 60,1,11,,288188,14,,,1,19,,288189,2,0,5 59 60,1,11,,288190,14,,,1,54,,288191,2,0,5 59 60,1,13,,288192,14,0,53 59 60,1,30,,288193,14,,,1,65,,288194,14,0,53 59 60,1,97,,288195,14,,,1,100,,288196,14,,,1,100,,288197,14,,,1
4100,'20260915',545,,288198,14,,,1,60,,288199,1,0,7 58 9,1,5,,288200,14,,,1,18,,288201,1,0,7 58 9,1,5,,288202,1,0,57 43 44 61 62,1,5,,288203,1,0,7 58 9,1,2,,288204,14,,,1,5,,288205,1,0,7 58 9,1,55,,288206,1,0,57 43 44 61 62,1,5,,288207,1,0,7 58 9,1,5,,288208,1,0,7 58 9,1,2,,288209,14,,,1,8,,288210,1,0,31 59 60,1,5,,288211,1,0,31 59 60,1,5,,288212,1,0,31 59 60,1,5,,288213,1,0,57 43 44 61 62,1,10,,288214,1,0,7 58 9,1,2,,288215,14,,,1,11,,288216,1,0,31 59 60,1,50,,288217,1,0,57 43 44 61 62,1,5,,288218,1,0,7 58 9,1,5,,288219,14,,,1,10,,288220,1,0,31 59 60,1,10,,288221,1,0,57 43 44 61 62,1,10,,288222,1,0,7 58 9,1,5,,288223,14,,,1,47,,288224,1,0,7 58 9,1,15,,288225,1,0,7 58 9,1,8,,288226,14,,,1,7,,288227,1,0,31 59 60,1,10,,288228,1,0,7 58 9,1,8,,288229,14,,,1,52,,288230,1,0,31 59 60,1,15,,288231,1,0,7 58 9,1,3,,288232,14,,,1,12,,288233,1,0,31 59 60,1,10,,288234,1,0,7 58 9,1,13,,288235,14,0,53 59 60,1,47,,288236,1,0,7 58 9,1,13,,288237,14,,,1,17,,288238,1,0,31 59 60,1,13,,288239,14,,,1,12,,288240,1,0,31 59 60,1,53,,288241,14,,,1,17,,288242,1,0,31 59 60,1,5,,288243,2,0,5 59 60,1,11,,288244,14,,,1,14,,288245,1,0,31 59 60,1,50,,288246,2,0,5 59 60,1,6,,288247,14,,,1,19,,288248,2,0,5 59 60,1,11,,288249,14,,,1,59,,288250,2,0,5 59 60,1,7,,288251,14,,,1,18,,288252,2,0,5 59 60,1,12,,288253,14,,,1,18,,288254,2,0,5 59 60,1,61,,288255,14,,,1,14,,288256,2,0,5 59 60,1,13,,288257,14,,,1,62,,288258,2,0,5 59 60,1,13,,288259,14,,,1,12,,288260,2,0,5 59 60,1,18,,288261,14,,,1,62,,288262,2,0,5 59 60,1,13,,288263,14,,,1,12,,288264,2,0,5 59 60,1,16,,288265,14,0,53 59 60,1,64,,288266,2,0,5 59 60,1,11,,288267,14,,,1,19,,288268,2,0,5 59 60,1,11,,288269,14,,,1,54,,288270,2,0,5 59 60,1,13,,288271,14,0,53 59 60,1,30,,288272,14,,,1,65,,288273,14,0,53 59 60,1,97,,288274,14,,,1,100,,288275,14,,,1,100,,288276,14,,,1
4100,'20260916',545,,288277,14,,,1,60,,288278,1,0,7 58 9,1,5,,288279,14,,,1,18,,288280,1,0,7 58 9,1,5,,288281,1,0,57 43 44 61 62,1,5,,288282,1,0,7 58 9,1,2,,288283,14,,,1,5,,288284,1,0,7 58 9,1,55,,288285,1,0,57 43 44 61 62,1,5,,288286,1,0,7 58 9,1,5,,288287,1,0,7 58 9,1,2,,288288,14,,,1,8,,288289,1,0,31 59 60,1,5,,288290,1,0,31 59 60,1,5,,288291,1,0,31 59 60,1,5,,288292,1,0,57 43 44 61 62,1,10,,288293,1,0,7 58 9,1,2,,288294,14,,,1,11,,288295,1,0,31 59 60,1,50,,288296,1,0,57 43 44 61 62,1,5,,288297,1,0,7 58 9,1,5,,288298,14,,,1,10,,288299,1,0,31 59 60,1,10,,288300,1,0,57 43 44 61 62,1,10,,288301,1,0,7 58 9,1,5,,288302,14,,,1,47,,288303,1,0,7 58 9,1,15,,288304,1,0,7 58 9,1,8,,288305,14,,,1,7,,288306,1,0,31 59 60,1,10,,288307,1,0,7 58 9,1,8,,288308,14,,,1,52,,288309,1,0,31 59 60,1,15,,288310,1,0,7 58 9,1,3,,288311,14,,,1,12,,288312,1,0,31 59 60,1,10,,288313,1,0,7 58 9,1,13,,288314,14,0,53 59 60,1,47,,288315,1,0,7 58 9,1,13,,288316,14,,,1,17,,288317,1,0,31 59 60,1,13,,288318,14,,,1,12,,288319,1,0,31 59 60,1,53,,288320,14,,,1,17,,288321,1,0,31 59 60,1,5,,288322,2,0,5 59 60,1,11,,288323,14,,,1,14,,288324,1,0,31 59 60,1,50,,288325,2,0,5 59 60,1,6,,288326,14,,,1,19,,288327,2,0,5 59 60,1,11,,288328,14,,,1,59,,288329,2,0,5 59 60,1,7,,288330,14,,,1,18,,288331,2,0,5 59 60,1,12,,288332,14,,,1,18,,288333,2,0,5 59 60,1,61,,288334,14,,,1,14,,288335,2,0,5 59 60,1,13,,288336,14,,,1,62,,288337,2,0,5 59 60,1,13,,288338,14,,,1,12,,288339,2,0,5 59 60,1,18,,288340,14,,,1,62,,288341,2,0,5 59 60,1,13,,288342,14,,,1,12,,288343,2,0,5 59 60,1,16,,288344,14,0,53 59 60,1,64,,288345,2,0,5 59 60,1,11,,288346,14,,,1,19,,288347,2,0,5 59 60,1,11,,288348,14,,,1,54,,288349,2,0,5 59 60,1,13,,288350,14,0,53 59 60,1,30,,288351,14,,,1,65,,288352,14,0,53 59 60,1,97,,288353,14,,,1,100,,288354,14,,,1,100,,288355,14,,,1
4100,'20260917',545,,288356,14,,,1,60,,288357,1,0,7 58 9,1,5,,288358,14,,,1,18,,288359,1,0,7 58 9,1,5,,288360,1,0,57 43 44 61 62,1,5,,288361,1,0,7 58 9,1,2,,288362,14,,,1,5,,288363,1,0,7 58 9,1,55,,288364,1,0,57 43 44 61 62,1,5,,288365,1,0,7 58 9,1,5,,288366,1,0,7 58 9,1,2,,288367,14,,,1,8,,288368,1,0,31 59 60,1,5,,288369,1,0,31 59 60,1,5,,288370,1,0,31 59 60,1,5,,288371,1,0,57 43 44 61 62,1,10,,288372,1,0,7 58 9,1,2,,288373,14,,,1,11,,288374,1,0,31 59 60,1,50,,288375,1,0,57 43 44 61 62,1,5,,288376,1,0,7 58 9,1,5,,288377,14,,,1,10,,288378,1,0,31 59 60,1,10,,288379,1,0,57 43 44 61 62,1,10,,288380,1,0,7 58 9,1,5,,288381,14,,,1,47,,288382,1,0,7 58 9,1,15,,288383,1,0,7 58 9,1,8,,288384,14,,,1,7,,288385,1,0,31 59 60,1,10,,288386,1,0,7 58 9,1,8,,288387,14,,,1,52,,288388,1,0,31 59 60,1,15,,288389,1,0,7 58 9,1,3,,288390,14,,,1,12,,288391,1,0,31 59 60,1,10,,288392,1,0,7 58 9,1,13,,288393,14,0,53 59 60,1,47,,288394,1,0,7 58 9,1,13,,288395,14,,,1,17,,288396,1,0,31 59 60,1,13,,288397,14,,,1,12,,288398,1,0,31 59 60,1,53,,288399,14,,,1,17,,288400,1,0,31 59 60,1,5,,288401,2,0,5 59 60,1,11,,288402,14,,,1,14,,288403,1,0,31 59 60,1,50,,288404,2,0,5 59 60,1,6,,288405,14,,,1,19,,288406,2,0,5 59 60,1,11,,288407,14,,,1,59,,288408,2,0,5 59 60,1,7,,288409,14,,,1,18,,288410,2,0,5 59 60,1,12,,288411,14,,,1,18,,288412,2,0,5 59 60,1,61,,288413,14,,,1,14,,288414,2,0,5 59 60,1,13,,288415,14,,,1,62,,288416,2,0,5 59 60,1,13,,288417,14,,,1,12,,288418,2,0,5 59 60,1,18,,288419,14,,,1,62,,288420,2,0,5 59 60,1,13,,288421,14,,,1,12,,288422,2,0,5 59 60,1,16,,288423,14,0,53 59 60,1,64,,288424,2,0,5 59 60,1,11,,288425,14,,,1,19,,288426,2,0,5 59 60,1,11,,288427,14,,,1,54,,288428,2,0,5 59 60,1,13,,288429,14,0,53 59 60,1,30,,288430,14,,,1,65,,288431,14,0,53 59 60,1,97,,288432,14,,,1,100,,288433,14,,,1,100,,288434,14,,,1
4100,'20260918',545,,288435,14,,,1,60,,288436,1,0,7 58 9,1,5,,288437,14,,,1,18,,288438,1,0,7 58 9,1,5,,288439,1,0,57 43 44 61 62,1,5,,288440,1,0,7 58 9,1,2,,288441,14,,,1,5,,288442,1,0,7 58 9,1,55,,288443,1,0,57 43 44 61 62,1,5,,288444,1,0,7 58 9,1,5,,288445,1,0,7 58 9,1,2,,288446,14,,,1,8,,288447,1,0,31 59 60,1,5,,288448,1,0,31 59 60,1,5,,288449,1,0,31 59 60,1,5,,288450,1,0,57 43 44 61 62,1,10,,288451,1,0,7 58 9,1,2,,288452,14,,,1,11,,288453,1,0,31 59 60,1,50,,288454,1,0,57 43 44 61 62,1,5,,288455,1,0,7 58 9,1,5,,288456,14,,,1,10,,288457,1,0,31 59 60,1,10,,288458,1,0,57 43 44 61 62,1,10,,288459,1,0,7 58 9,1,5,,288460,14,,,1,47,,288461,1,0,7 58 9,1,15,,288462,1,0,7 58 9,1,8,,288463,14,,,1,7,,288464,1,0,31 59 60,1,10,,288465,1,0,7 58 9,1,8,,288466,14,,,1,52,,288467,1,0,31 59 60,1,15,,288468,1,0,7 58 9,1,3,,288469,14,,,1,12,,288470,1,0,31 59 60,1,10,,288471,1,0,7 58 9,1,13,,288472,14,0,53 59 60,1,47,,288473,1,0,7 58 9,1,13,,288474,14,,,1,17,,288475,1,0,31 59 60,1,13,,288476,14,,,1,12,,288477,1,0,31 59 60,1,53,,288478,14,,,1,17,,288479,1,0,31 59 60,1,5,,288480,2,0,5 59 60,1,11,,288481,14,,,1,14,,288482,1,0,31 59 60,1,50,,288483,2,0,5 59 60,1,6,,288484,14,,,1,19,,288485,2,0,5 59 60,1,11,,288486,14,,,1,59,,288487,2,0,5 59 60,1,7,,288488,14,,,1,18,,288489,2,0,5 59 60,1,12,,288490,14,,,1,18,,288491,2,0,5 59 60,1,61,,288492,14,,,1,14,,288493,2,0,5 59 60,1,13,,288494,14,,,1,62,,288495,2,0,5 59 60,1,13,,288496,14,,,1,12,,288497,2,0,5 59 60,1,18,,288498,14,,,1,62,,288499,2,0,5 59 60,1,13,,288500,14,,,1,12,,288501,2,0,5 59 60,1,16,,288502,14,0,53 59 60,1,64,,288503,2,0,5 59 60,1,11,,288504,14,,,1,19,,288505,2,0,5 59 60,1,11,,288506,14,,,1,54,,288507,2,0,5 59 60,1,13,,288508,14,0,53 59 60,1,30,,288509,14,,,1,65,,288510,14,0,53 59 60,1,97,,288511,14,,,1,100,,288512,14,,,1,100,,288513,14,,,1
4100,'20260921',545,,288514,14,,,1,60,,288515,1,0,7 58 9,1,5,,288516,14,,,1,18,,288517,1,0,7 58 9,1,5,,288518,1,0,57 43 44 61 62,1,5,,288519,1,0,7 58 9,1,2,,288520,14,,,1,5,,288521,1,0,7 58 9,1,55,,288522,1,0,57 43 44 61 62,1,5,,288523,1,0,7 58 9,1,5,,288524,1,0,7 58 9,1,2,,288525,14,,,1,8,,288526,1,0,31 59 60,1,5,,288527,1,0,31 59 60,1,5,,288528,1,0,31 59 60,1,5,,288529,1,0,57 43 44 61 62,1,10,,288530,1,0,7 58 9,1,2,,288531,14,,,1,11,,288532,1,0,31 59 60,1,50,,288533,1,0,57 43 44 61 62,1,5,,288534,1,0,7 58 9,1,5,,288535,14,,,1,10,,288536,1,0,31 59 60,1,10,,288537,1,0,57 43 44 61 62,1,10,,288538,1,0,7 58 9,1,5,,288539,14,,,1,47,,288540,1,0,7 58 9,1,15,,288541,1,0,7 58 9,1,8,,288542,14,,,1,7,,288543,1,0,31 59 60,1,10,,288544,1,0,7 58 9,1,8,,288545,14,,,1,52,,288546,1,0,31 59 60,1,15,,288547,1,0,7 58 9,1,3,,288548,14,,,1,12,,288549,1,0,31 59 60,1,10,,288550,1,0,7 58 9,1,13,,288551,14,0,53 59 60,1,47,,288552,1,0,7 58 9,1,13,,288553,14,,,1,17,,288554,1,0,31 59 60,1,13,,288555,14,,,1,12,,288556,1,0,31 59 60,1,53,,288557,14,,,1,17,,288558,1,0,31 59 60,1,5,,288559,2,0,5 59 60,1,11,,288560,14,,,1,14,,288561,1,0,31 59 60,1,50,,288562,2,0,5 59 60,1,6,,288563,14,,,1,19,,288564,2,0,5 59 60,1,11,,288565,14,,,1,59,,288566,2,0,5 59 60,1,7,,288567,14,,,1,18,,288568,2,0,5 59 60,1,12,,288569,14,,,1,18,,288570,2,0,5 59 60,1,61,,288571,14,,,1,14,,288572,2,0,5 59 60,1,13,,288573,14,,,1,62,,288574,2,0,5 59 60,1,13,,288575,14,,,1,12,,288576,2,0,5 59 60,1,18,,288577,14,,,1,62,,288578,2,0,5 59 60,1,13,,288579,14,,,1,12,,288580,2,0,5 59 60,1,16,,288581,14,0,53 59 60,1,64,,288582,2,0,5 59 60,1,11,,288583,14,,,1,19,,288584,2,0,5 59 60,1,11,,288585,14,,,1,54,,288586,2,0,5 59 60,1,13,,288587,14,0,53 59 60,1,30,,288588,14,,,1,65,,288589,14,0,53 59 60,1,97,,288590,14,,,1,100,,288591,14,,,1,100,,288592,14,,,1
4100,'20260922',545,,288593,14,,,1,60,,288594,1,0,7 58 9,1,5,,288595,14,,,1,18,,288596,1,0,7 58 9,1,5,,288597,1,0,57 43 44 61 62,1,5,,288598,1,0,7 58 9,1,2,,288599,14,,,1,5,,288600,1,0,7 58 9,1,55,,288601,1,0,57 43 44 61 62,1,5,,288602,1,0,7 58 9,1,5,,288603,1,0,7 58 9,1,2,,288604,14,,,1,8,,288605,1,0,31 59 60,1,5,,288606,1,0,31 59 60,1,5,,288607,1,0,31 59 60,1,5,,288608,1,0,57 43 44 61 62,1,10,,288609,1,0,7 58 9,1,2,,288610,14,,,1,11,,288611,1,0,31 59 60,1,50,,288612,1,0,57 43 44 61 62,1,5,,288613,1,0,7 58 9,1,5,,288614,14,,,1,10,,288615,1,0,31 59 60,1,10,,288616,1,0,57 43 44 61 62,1,10,,288617,1,0,7 58 9,1,5,,288618,14,,,1,47,,288619,1,0,7 58 9,1,15,,288620,1,0,7 58 9,1,8,,288621,14,,,1,7,,288622,1,0,31 59 60,1,10,,288623,1,0,7 58 9,1,8,,288624,14,,,1,52,,288625,1,0,31 59 60,1,15,,288626,1,0,7 58 9,1,3,,288627,14,,,1,12,,288628,1,0,31 59 60,1,10,,288629,1,0,7 58 9,1,13,,288630,14,0,53 59 60,1,47,,288631,1,0,7 58 9,1,13,,288632,14,,,1,17,,288633,1,0,31 59 60,1,13,,288634,14,,,1,12,,288635,1,0,31 59 60,1,53,,288636,14,,,1,17,,288637,1,0,31 59 60,1,5,,288638,2,0,5 59 60,1,11,,288639,14,,,1,14,,288640,1,0,31 59 60,1,50,,288641,2,0,5 59 60,1,6,,288642,14,,,1,19,,288643,2,0,5 59 60,1,11,,288644,14,,,1,59,,288645,2,0,5 59 60,1,7,,288646,14,,,1,18,,288647,2,0,5 59 60,1,12,,288648,14,,,1,18,,288649,2,0,5 59 60,1,61,,288650,14,,,1,14,,288651,2,0,5 59 60,1,13,,288652,14,,,1,62,,288653,2,0,5 59 60,1,13,,288654,14,,,1,12,,288655,2,0,5 59 60,1,18,,288656,14,,,1,62,,288657,2,0,5 59 60,1,13,,288658,14,,,1,12,,288659,2,0,5 59 60,1,16,,288660,14,0,53 59 60,1,64,,288661,2,0,5 59 60,1,11,,288662,14,,,1,19,,288663,2,0,5 59 60,1,11,,288664,14,,,1,54,,288665,2,0,5 59 60,1,13,,288666,14,0,53 59 60,1,30,,288667,14,,,1,65,,288668,14,0,53 59 60,1,97,,288669,14,,,1,100,,288670,14,,,1,100,,288671,14,,,1
4100,'20260923',545,,288672,14,,,1,60,,288673,1,0,7 58 9,1,5,,288674,14,,,1,18,,288675,1,0,7 58 9,1,5,,288676,1,0,57 43 44 61 62,1,5,,288677,1,0,7 58 9,1,2,,288678,14,,,1,5,,288679,1,0,7 58 9,1,55,,288680,1,0,57 43 44 61 62,1,5,,288681,1,0,7 58 9,1,5,,288682,1,0,7 58 9,1,2,,288683,14,,,1,8,,288684,1,0,31 59 60,1,5,,288685,1,0,31 59 60,1,5,,288686,1,0,31 59 60,1,5,,288687,1,0,57 43 44 61 62,1,10,,288688,1,0,7 58 9,1,2,,288689,14,,,1,11,,288690,1,0,31 59 60,1,50,,288691,1,0,57 43 44 61 62,1,5,,288692,1,0,7 58 9,1,5,,288693,14,,,1,10,,288694,1,0,31 59 60,1,10,,288695,1,0,57 43 44 61 62,1,10,,288696,1,0,7 58 9,1,5,,288697,14,,,1,47,,288698,1,0,7 58 9,1,15,,288699,1,0,7 58 9,1,8,,288700,14,,,1,7,,288701,1,0,31 59 60,1,10,,288702,1,0,7 58 9,1,8,,288703,14,,,1,52,,288704,1,0,31 59 60,1,15,,288705,1,0,7 58 9,1,3,,288706,14,,,1,12,,288707,1,0,31 59 60,1,10,,288708,1,0,7 58 9,1,13,,288709,14,0,53 59 60,1,47,,288710,1,0,7 58 9,1,13,,288711,14,,,1,17,,288712,1,0,31 59 60,1,13,,288713,14,,,1,12,,288714,1,0,31 59 60,1,53,,288715,14,,,1,17,,288716,1,0,31 59 60,1,5,,288717,2,0,5 59 60,1,11,,288718,14,,,1,14,,288719,1,0,31 59 60,1,50,,288720,2,0,5 59 60,1,6,,288721,14,,,1,19,,288722,2,0,5 59 60,1,11,,288723,14,,,1,59,,288724,2,0,5 59 60,1,7,,288725,14,,,1,18,,288726,2,0,5 59 60,1,12,,288727,14,,,1,18,,288728,2,0,5 59 60,1,61,,288729,14,,,1,14,,288730,2,0,5 59 60,1,13,,288731,14,,,1,62,,288732,2,0,5 59 60,1,13,,288733,14,,,1,12,,288734,2,0,5 59 60,1,18,,288735,14,,,1,62,,288736,2,0,5 59 60,1,13,,288737,14,,,1,12,,288738,2,0,5 59 60,1,16,,288739,14,0,53 59 60,1,64,,288740,2,0,5 59 60,1,11,,288741,14,,,1,19,,288742,2,0,5 59 60,1,11,,288743,14,,,1,54,,288744,2,0,5 59 60,1,13,,288745,14,0,53 59 60,1,30,,288746,14,,,1,65,,288747,14,0,53 59 60,1,97,,288748,14,,,1,100,,288749,14,,,1,100,,288750,14,,,1
4100,'20260924',545,,288751,14,,,1,60,,288752,1,0,7 58 9,1,5,,288753,14,,,1,18,,288754,1,0,7 58 9,1,5,,288755,1,0,57 43 44 61 62,1,5,,288756,1,0,7 58 9,1,2,,288757,14,,,1,5,,288758,1,0,7 58 9,1,55,,288759,1,0,57 43 44 61 62,1,5,,288760,1,0,7 58 9,1,5,,288761,1,0,7 58 9,1,2,,288762,14,,,1,8,,288763,1,0,31 59 60,1,5,,288764,1,0,31 59 60,1,5,,288765,1,0,31 59 60,1,5,,288766,1,0,57 43 44 61 62,1,10,,288767,1,0,7 58 9,1,2,,288768,14,,,1,11,,288769,1,0,31 59 60,1,50,,288770,1,0,57 43 44 61 62,1,5,,288771,1,0,7 58 9,1,5,,288772,14,,,1,10,,288773,1,0,31 59 60,1,10,,288774,1,0,57 43 44 61 62,1,10,,288775,1,0,7 58 9,1,5,,288776,14,,,1,47,,288777,1,0,7 58 9,1,15,,288778,1,0,7 58 9,1,8,,288779,14,,,1,7,,288780,1,0,31 59 60,1,10,,288781,1,0,7 58 9,1,8,,288782,14,,,1,52,,288783,1,0,31 59 60,1,15,,288784,1,0,7 58 9,1,3,,288785,14,,,1,12,,288786,1,0,31 59 60,1,10,,288787,1,0,7 58 9,1,13,,288788,14,0,53 59 60,1,47,,288789,1,0,7 58 9,1,13,,288790,14,,,1,17,,288791,1,0,31 59 60,1,13,,288792,14,,,1,12,,288793,1,0,31 59 60,1,53,,288794,14,,,1,17,,288795,1,0,31 59 60,1,5,,288796,2,0,5 59 60,1,11,,288797,14,,,1,14,,288798,1,0,31 59 60,1,50,,288799,2,0,5 59 60,1,6,,288800,14,,,1,19,,288801,2,0,5 59 60,1,11,,288802,14,,,1,59,,288803,2,0,5 59 60,1,7,,288804,14,,,1,18,,288805,2,0,5 59 60,1,12,,288806,14,,,1,18,,288807,2,0,5 59 60,1,61,,288808,14,,,1,14,,288809,2,0,5 59 60,1,13,,288810,14,,,1,62,,288811,2,0,5 59 60,1,13,,288812,14,,,1,12,,288813,2,0,5 59 60,1,18,,288814,14,,,1,62,,288815,2,0,5 59 60,1,13,,288816,14,,,1,12,,288817,2,0,5 59 60,1,16,,288818,14,0,53 59 60,1,64,,288819,2,0,5 59 60,1,11,,288820,14,,,1,19,,288821,2,0,5 59 60,1,11,,288822,14,,,1,54,,288823,2,0,5 59 60,1,13,,288824,14,0,53 59 60,1,30,,288825,14,,,1,65,,288826,14,0,53 59 60,1,97,,288827,14,,,1,100,,288828,14,,,1,100,,288829,14,,,1
4100,'20260925',545,,288830,14,,,1,60,,288831,1,0,7 58 9,1,5,,288832,14,,,1,18,,288833,1,0,7 58 9,1,5,,288834,1,0,57 43 44 61 62,1,5,,288835,1,0,7 58 9,1,2,,288836,14,,,1,5,,288837,1,0,7 58 9,1,55,,288838,1,0,57 43 44 61 62,1,5,,288839,1,0,7 58 9,1,5,,288840,1,0,7 58 9,1,2,,288841,14,,,1,8,,288842,1,0,31 59 60,1,5,,288843,1,0,31 59 60,1,5,,288844,1,0,31 59 60,1,5,,288845,1,0,57 43 44 61 62,1,10,,288846,1,0,7 58 9,1,2,,288847,14,,,1,11,,288848,1,0,31 59 60,1,50,,288849,1,0,57 43 44 61 62,1,5,,288850,1,0,7 58 9,1,5,,288851,14,,,1,10,,288852,1,0,31 59 60,1,10,,288853,1,0,57 43 44 61 62,1,10,,288854,1,0,7 58 9,1,5,,288855,14,,,1,47,,288856,1,0,7 58 9,1,15,,288857,1,0,7 58 9,1,8,,288858,14,,,1,7,,288859,1,0,31 59 60,1,10,,288860,1,0,7 58 9,1,8,,288861,14,,,1,52,,288862,1,0,31 59 60,1,15,,288863,1,0,7 58 9,1,3,,288864,14,,,1,12,,288865,1,0,31 59 60,1,10,,288866,1,0,7 58 9,1,13,,288867,14,0,53 59 60,1,47,,288868,1,0,7 58 9,1,13,,288869,14,,,1,17,,288870,1,0,31 59 60,1,13,,288871,14,,,1,12,,288872,1,0,31 59 60,1,53,,288873,14,,,1,17,,288874,1,0,31 59 60,1,5,,288875,2,0,5 59 60,1,11,,288876,14,,,1,14,,288877,1,0,31 59 60,1,50,,288878,2,0,5 59 60,1,6,,288879,14,,,1,19,,288880,2,0,5 59 60,1,11,,288881,14,,,1,59,,288882,2,0,5 59 60,1,7,,288883,14,,,1,18,,288884,2,0,5 59 60,1,12,,288885,14,,,1,18,,288886,2,0,5 59 60,1,61,,288887,14,,,1,14,,288888,2,0,5 59 60,1,13,,288889,14,,,1,62,,288890,2,0,5 59 60,1,13,,288891,14,,,1,12,,288892,2,0,5 59 60,1,18,,288893,14,,,1,62,,288894,2,0,5 59 60,1,13,,288895,14,,,1,12,,288896,2,0,5 59 60,1,16,,288897,14,0,53 59 60,1,64,,288898,2,0,5 59 60,1,11,,288899,14,,,1,19,,288900,2,0,5 59 60,1,11,,288901,14,,,1,54,,288902,2,0,5 59 60,1,13,,288903,14,0,53 59 60,1,30,,288904,14,,,1,65,,288905,14,0,53 59 60,1,97,,288906,14,,,1,100,,288907,14,,,1,100,,288908,14,,,1
4100,'20260928',545,,288909,14,,,1,60,,288910,1,0,7 58 9,1,5,,288911,14,,,1,18,,288912,1,0,7 58 9,1,5,,288913,1,0,57 43 44 61 62,1,5,,288914,1,0,7 58 9,1,2,,288915,14,,,1,5,,288916,1,0,7 58 9,1,55,,288917,1,0,57 43 44 61 62,1,5,,288918,1,0,7 58 9,1,5,,288919,1,0,7 58 9,1,2,,288920,14,,,1,8,,288921,1,0,31 59 60,1,5,,288922,1,0,31 59 60,1,5,,288923,1,0,31 59 60,1,5,,288924,1,0,57 43 44 61 62,1,10,,288925,1,0,7 58 9,1,2,,288926,14,,,1,11,,288927,1,0,31 59 60,1,50,,288928,1,0,57 43 44 61 62,1,5,,288929,1,0,7 58 9,1,5,,288930,14,,,1,10,,288931,1,0,31 59 60,1,10,,288932,1,0,57 43 44 61 62,1,10,,288933,1,0,7 58 9,1,5,,288934,14,,,1,47,,288935,1,0,7 58 9,1,15,,288936,1,0,7 58 9,1,8,,288937,14,,,1,7,,288938,1,0,31 59 60,1,10,,288939,1,0,7 58 9,1,8,,288940,14,,,1,52,,288941,1,0,31 59 60,1,15,,288942,1,0,7 58 9,1,3,,288943,14,,,1,12,,288944,1,0,31 59 60,1,10,,288945,1,0,7 58 9,1,13,,288946,14,0,53 59 60,1,47,,288947,1,0,7 58 9,1,13,,288948,14,,,1,17,,288949,1,0,31 59 60,1,13,,288950,14,,,1,12,,288951,1,0,31 59 60,1,53,,288952,14,,,1,17,,288953,1,0,31 59 60,1,5,,288954,2,0,5 59 60,1,11,,288955,14,,,1,14,,288956,1,0,31 59 60,1,50,,288957,2,0,5 59 60,1,6,,288958,14,,,1,19,,288959,2,0,5 59 60,1,11,,288960,14,,,1,59,,288961,2,0,5 59 60,1,7,,288962,14,,,1,18,,288963,2,0,5 59 60,1,12,,288964,14,,,1,18,,288965,2,0,5 59 60,1,61,,288966,14,,,1,14,,288967,2,0,5 59 60,1,13,,288968,14,,,1,62,,288969,2,0,5 59 60,1,13,,288970,14,,,1,12,,288971,2,0,5 59 60,1,18,,288972,14,,,1,62,,288973,2,0,5 59 60,1,13,,288974,14,,,1,12,,288975,2,0,5 59 60,1,16,,288976,14,0,53 59 60,1,64,,288977,2,0,5 59 60,1,11,,288978,14,,,1,19,,288979,2,0,5 59 60,1,11,,288980,14,,,1,54,,288981,2,0,5 59 60,1,13,,288982,14,0,53 59 60,1,30,,288983,14,,,1,65,,288984,14,0,53 59 60,1,97,,288985,14,,,1,100,,288986,14,,,1,100,,288987,14,,,1
4100,'20260929',545,,288988,14,,,1,60,,288989,1,0,7 58 9,1,5,,288990,14,,,1,18,,288991,1,0,7 58 9,1,5,,288992,1,0,57 43 44 61 62,1,5,,288993,1,0,7 58 9,1,2,,288994,14,,,1,5,,288995,1,0,7 58 9,1,55,,288996,1,0,57 43 44 61 62,1,5,,288997,1,0,7 58 9,1,5,,288998,1,0,7 58 9,1,2,,288999,14,,,1,8,,289000,1,0,31 59 60,1,5,,289001,1,0,31 59 60,1,5,,289002,1,0,31 59 60,1,5,,289003,1,0,57 43 44 61 62,1,10,,289004,1,0,7 58 9,1,2,,289005,14,,,1,11,,289006,1,0,31 59 60,1,50,,289007,1,0,57 43 44 61 62,1,5,,289008,1,0,7 58 9,1,5,,289009,14,,,1,10,,289010,1,0,31 59 60,1,10,,289011,1,0,57 43 44 61 62,1,10,,289012,1,0,7 58 9,1,5,,289013,14,,,1,47,,289014,1,0,7 58 9,1,15,,289015,1,0,7 58 9,1,8,,289016,14,,,1,7,,289017,1,0,31 59 60,1,10,,289018,1,0,7 58 9,1,8,,289019,14,,,1,52,,289020,1,0,31 59 60,1,15,,289021,1,0,7 58 9,1,3,,289022,14,,,1,12,,289023,1,0,31 59 60,1,10,,289024,1,0,7 58 9,1,13,,289025,14,0,53 59 60,1,47,,289026,1,0,7 58 9,1,13,,289027,14,,,1,17,,289028,1,0,31 59 60,1,13,,289029,14,,,1,12,,289030,1,0,31 59 60,1,53,,289031,14,,,1,17,,289032,1,0,31 59 60,1,5,,289033,2,0,5 59 60,1,11,,289034,14,,,1,14,,289035,1,0,31 59 60,1,50,,289036,2,0,5 59 60,1,6,,289037,14,,,1,19,,289038,2,0,5 59 60,1,11,,289039,14,,,1,59,,289040,2,0,5 59 60,1,7,,289041,14,,,1,18,,289042,2,0,5 59 60,1,12,,289043,14,,,1,18,,289044,2,0,5 59 60,1,61,,289045,14,,,1,14,,289046,2,0,5 59 60,1,13,,289047,14,,,1,62,,289048,2,0,5 59 60,1,13,,289049,14,,,1,12,,289050,2,0,5 59 60,1,18,,289051,14,,,1,62,,289052,2,0,5 59 60,1,13,,289053,14,,,1,12,,289054,2,0,5 59 60,1,16,,289055,14,0,53 59 60,1,64,,289056,2,0,5 59 60,1,11,,289057,14,,,1,19,,289058,2,0,5 59 60,1,11,,289059,14,,,1,54,,289060,2,0,5 59 60,1,13,,289061,14,0,53 59 60,1,30,,289062,14,,,1,65,,289063,14,0,53 59 60,1,97,,289064,14,,,1,100,,289065,14,,,1,100,,289066,14,,,1
4100,'20260930',545,,289067,14,,,1,60,,289068,1,0,7 58 9,1,5,,289069,14,,,1,18,,289070,1,0,7 58 9,1,5,,289071,1,0,57 43 44 61 62,1,5,,289072,1,0,7 58 9,1,2,,289073,14,,,1,5,,289074,1,0,7 58 9,1,55,,289075,1,0,57 43 44 61 62,1,5,,289076,1,0,7 58 9,1,5,,289077,1,0,7 58 9,1,2,,289078,14,,,1,8,,289079,1,0,31 59 60,1,5,,289080,1,0,31 59 60,1,5,,289081,1,0,31 59 60,1,5,,289082,1,0,57 43 44 61 62,1,10,,289083,1,0,7 58 9,1,2,,289084,14,,,1,11,,289085,1,0,31 59 60,1,50,,289086,1,0,57 43 44 61 62,1,5,,289087,1,0,7 58 9,1,5,,289088,14,,,1,10,,289089,1,0,31 59 60,1,10,,289090,1,0,57 43 44 61 62,1,10,,289091,1,0,7 58 9,1,5,,289092,14,,,1,47,,289093,1,0,7 58 9,1,15,,289094,1,0,7 58 9,1,8,,289095,14,,,1,7,,289096,1,0,31 59 60,1,10,,289097,1,0,7 58 9,1,8,,289098,14,,,1,52,,289099,1,0,31 59 60,1,15,,289100,1,0,7 58 9,1,3,,289101,14,,,1,12,,289102,1,0,31 59 60,1,10,,289103,1,0,7 58 9,1,13,,289104,14,0,53 59 60,1,47,,289105,1,0,7 58 9,1,13,,289106,14,,,1,17,,289107,1,0,31 59 60,1,13,,289108,14,,,1,12,,289109,1,0,31 59 60,1,53,,289110,14,,,1,17,,289111,1,0,31 59 60,1,5,,289112,2,0,5 59 60,1,11,,289113,14,,,1,14,,289114,1,0,31 59 60,1,50,,289115,2,0,5 59 60,1,6,,289116,14,,,1,19,,289117,2,0,5 59 60,1,11,,289118,14,,,1,59,,289119,2,0,5 59 60,1,7,,289120,14,,,1,18,,289121,2,0,5 59 60,1,12,,289122,14,,,1,18,,289123,2,0,5 59 60,1,61,,289124,14,,,1,14,,289125,2,0,5 59 60,1,13,,289126,14,,,1,62,,289127,2,0,5 59 60,1,13,,289128,14,,,1,12,,289129,2,0,5 59 60,1,18,,289130,14,,,1,62,,289131,2,0,5 59 60,1,13,,289132,14,,,1,12,,289133,2,0,5 59 60,1,16,,289134,14,0,53 59 60,1,64,,289135,2,0,5 59 60,1,11,,289136,14,,,1,19,,289137,2,0,5 59 60,1,11,,289138,14,,,1,54,,289139,2,0,5 59 60,1,13,,289140,14,0,53 59 60,1,30,,289141,14,,,1,65,,289142,14,0,53 59 60,1,97,,289143,14,,,1,100,,289144,14,,,1,100,,289145,14,,,1
4100,'20261001',545,,289146,14,,,1,60,,289147,1,0,7 58 9,1,5,,289148,14,,,1,18,,289149,1,0,7 58 9,1,5,,289150,1,0,57 43 44 61 62,1,5,,289151,1,0,7 58 9,1,2,,289152,14,,,1,5,,289153,1,0,7 58 9,1,55,,289154,1,0,57 43 44 61 62,1,5,,289155,1,0,7 58 9,1,5,,289156,1,0,7 58 9,1,2,,289157,14,,,1,8,,289158,1,0,31 59 60,1,5,,289159,1,0,31 59 60,1,5,,289160,1,0,31 59 60,1,5,,289161,1,0,57 43 44 61 62,1,10,,289162,1,0,7 58 9,1,2,,289163,14,,,1,11,,289164,1,0,31 59 60,1,50,,289165,1,0,57 43 44 61 62,1,5,,289166,1,0,7 58 9,1,5,,289167,14,,,1,10,,289168,1,0,31 59 60,1,10,,289169,1,0,57 43 44 61 62,1,10,,289170,1,0,7 58 9,1,5,,289171,14,,,1,47,,289172,1,0,7 58 9,1,15,,289173,1,0,7 58 9,1,8,,289174,14,,,1,7,,289175,1,0,31 59 60,1,10,,289176,1,0,7 58 9,1,8,,289177,14,,,1,52,,289178,1,0,31 59 60,1,15,,289179,1,0,7 58 9,1,3,,289180,14,,,1,12,,289181,1,0,31 59 60,1,10,,289182,1,0,7 58 9,1,13,,289183,14,0,53 59 60,1,47,,289184,1,0,7 58 9,1,13,,289185,14,,,1,17,,289186,1,0,31 59 60,1,13,,289187,14,,,1,12,,289188,1,0,31 59 60,1,53,,289189,14,,,1,17,,289190,1,0,31 59 60,1,5,,289191,2,0,5 59 60,1,11,,289192,14,,,1,14,,289193,1,0,31 59 60,1,50,,289194,2,0,5 59 60,1,6,,289195,14,,,1,19,,289196,2,0,5 59 60,1,11,,289197,14,,,1,59,,289198,2,0,5 59 60,1,7,,289199,14,,,1,18,,289200,2,0,5 59 60,1,12,,289201,14,,,1,18,,289202,2,0,5 59 60,1,61,,289203,14,,,1,14,,289204,2,0,5 59 60,1,13,,289205,14,,,1,62,,289206,2,0,5 59 60,1,13,,289207,14,,,1,12,,289208,2,0,5 59 60,1,18,,289209,14,,,1,62,,289210,2,0,5 59 60,1,13,,289211,14,,,1,12,,289212,2,0,5 59 60,1,16,,289213,14,0,53 59 60,1,64,,289214,2,0,5 59 60,1,11,,289215,14,,,1,19,,289216,2,0,5 59 60,1,11,,289217,14,,,1,54,,289218,2,0,5 59 60,1,13,,289219,14,0,53 59 60,1,30,,289220,14,,,1,65,,289221,14,0,53 59 60,1,97,,289222,14,,,1,100,,289223,14,,,1,100,,289224,14,,,1
4100,'20261002',545,,289225,14,,,1,60,,289226,1,0,7 58 9,1,5,,289227,14,,,1,18,,289228,1,0,7 58 9,1,5,,289229,1,0,57 43 44 61 62,1,5,,289230,1,0,7 58 9,1,2,,289231,14,,,1,5,,289232,1,0,7 58 9,1,55,,289233,1,0,57 43 44 61 62,1,5,,289234,1,0,7 58 9,1,5,,289235,1,0,7 58 9,1,2,,289236,14,,,1,8,,289237,1,0,31 59 60,1,5,,289238,1,0,31 59 60,1,5,,289239,1,0,31 59 60,1,5,,289240,1,0,57 43 44 61 62,1,10,,289241,1,0,7 58 9,1,2,,289242,14,,,1,11,,289243,1,0,31 59 60,1,50,,289244,1,0,57 43 44 61 62,1,5,,289245,1,0,7 58 9,1,5,,289246,14,,,1,10,,289247,1,0,31 59 60,1,10,,289248,1,0,57 43 44 61 62,1,10,,289249,1,0,7 58 9,1,5,,289250,14,,,1,47,,289251,1,0,7 58 9,1,15,,289252,1,0,7 58 9,1,8,,289253,14,,,1,7,,289254,1,0,31 59 60,1,10,,289255,1,0,7 58 9,1,8,,289256,14,,,1,52,,289257,1,0,31 59 60,1,15,,289258,1,0,7 58 9,1,3,,289259,14,,,1,12,,289260,1,0,31 59 60,1,10,,289261,1,0,7 58 9,1,13,,289262,14,0,53 59 60,1,47,,289263,1,0,7 58 9,1,13,,289264,14,,,1,17,,289265,1,0,31 59 60,1,13,,289266,14,,,1,12,,289267,1,0,31 59 60,1,53,,289268,14,,,1,17,,289269,1,0,31 59 60,1,5,,289270,2,0,5 59 60,1,11,,289271,14,,,1,14,,289272,1,0,31 59 60,1,50,,289273,2,0,5 59 60,1,6,,289274,14,,,1,19,,289275,2,0,5 59 60,1,11,,289276,14,,,1,59,,289277,2,0,5 59 60,1,7,,289278,14,,,1,18,,289279,2,0,5 59 60,1,12,,289280,14,,,1,18,,289281,2,0,5 59 60,1,61,,289282,14,,,1,14,,289283,2,0,5 59 60,1,13,,289284,14,,,1,62,,289285,2,0,5 59 60,1,13,,289286,14,,,1,12,,289287,2,0,5 59 60,1,18,,289288,14,,,1,62,,289289,2,0,5 59 60,1,13,,289290,14,,,1,12,,289291,2,0,5 59 60,1,16,,289292,14,0,53 59 60,1,64,,289293,2,0,5 59 60,1,11,,289294,14,,,1,19,,289295,2,0,5 59 60,1,11,,289296,14,,,1,54,,289297,2,0,5 59 60,1,13,,289298,14,0,53 59 60,1,30,,289299,14,,,1,65,,289300,14,0,53 59 60,1,97,,289301,14,,,1,100,,289302,14,,,1,100,,289303,14,,,1
4100,'20261005',545,,289304,14,,,1,60,,289305,1,0,7 58 9,1,5,,289306,14,,,1,18,,289307,1,0,7 58 9,1,5,,289308,1,0,57 43 44 61 62,1,5,,289309,1,0,7 58 9,1,2,,289310,14,,,1,5,,289311,1,0,7 58 9,1,55,,289312,1,0,57 43 44 61 62,1,5,,289313,1,0,7 58 9,1,5,,289314,1,0,7 58 9,1,2,,289315,14,,,1,8,,289316,1,0,31 59 60,1,5,,289317,1,0,31 59 60,1,5,,289318,1,0,31 59 60,1,5,,289319,1,0,57 43 44 61 62,1,10,,289320,1,0,7 58 9,1,2,,289321,14,,,1,11,,289322,1,0,31 59 60,1,50,,289323,1,0,57 43 44 61 62,1,5,,289324,1,0,7 58 9,1,5,,289325,14,,,1,10,,289326,1,0,31 59 60,1,10,,289327,1,0,57 43 44 61 62,1,10,,289328,1,0,7 58 9,1,5,,289329,14,,,1,47,,289330,1,0,7 58 9,1,15,,289331,1,0,7 58 9,1,8,,289332,14,,,1,7,,289333,1,0,31 59 60,1,10,,289334,1,0,7 58 9,1,8,,289335,14,,,1,52,,289336,1,0,31 59 60,1,15,,289337,1,0,7 58 9,1,3,,289338,14,,,1,12,,289339,1,0,31 59 60,1,10,,289340,1,0,7 58 9,1,13,,289341,14,0,53 59 60,1,47,,289342,1,0,7 58 9,1,13,,289343,14,,,1,17,,289344,1,0,31 59 60,1,13,,289345,14,,,1,12,,289346,1,0,31 59 60,1,53,,289347,14,,,1,17,,289348,1,0,31 59 60,1,5,,289349,2,0,5 59 60,1,11,,289350,14,,,1,14,,289351,1,0,31 59 60,1,50,,289352,2,0,5 59 60,1,6,,289353,14,,,1,19,,289354,2,0,5 59 60,1,11,,289355,14,,,1,59,,289356,2,0,5 59 60,1,7,,289357,14,,,1,18,,289358,2,0,5 59 60,1,12,,289359,14,,,1,18,,289360,2,0,5 59 60,1,61,,289361,14,,,1,14,,289362,2,0,5 59 60,1,13,,289363,14,,,1,62,,289364,2,0,5 59 60,1,13,,289365,14,,,1,12,,289366,2,0,5 59 60,1,18,,289367,14,,,1,62,,289368,2,0,5 59 60,1,13,,289369,14,,,1,12,,289370,2,0,5 59 60,1,16,,289371,14,0,53 59 60,1,64,,289372,2,0,5 59 60,1,11,,289373,14,,,1,19,,289374,2,0,5 59 60,1,11,,289375,14,,,1,54,,289376,2,0,5 59 60,1,13,,289377,14,0,53 59 60,1,30,,289378,14,,,1,65,,289379,14,0,53 59 60,1,97,,289380,14,,,1,100,,289381,14,,,1,100,,289382,14,,,1
4100,'20261006',545,,289383,14,,,1,60,,289384,1,0,7 58 9,1,5,,289385,14,,,1,18,,289386,1,0,7 58 9,1,5,,289387,1,0,57 43 44 61 62,1,5,,289388,1,0,7 58 9,1,2,,289389,14,,,1,5,,289390,1,0,7 58 9,1,55,,289391,1,0,57 43 44 61 62,1,5,,289392,1,0,7 58 9,1,5,,289393,1,0,7 58 9,1,2,,289394,14,,,1,8,,289395,1,0,31 59 60,1,5,,289396,1,0,31 59 60,1,5,,289397,1,0,31 59 60,1,5,,289398,1,0,57 43 44 61 62,1,10,,289399,1,0,7 58 9,1,2,,289400,14,,,1,11,,289401,1,0,31 59 60,1,50,,289402,1,0,57 43 44 61 62,1,5,,289403,1,0,7 58 9,1,5,,289404,14,,,1,10,,289405,1,0,31 59 60,1,10,,289406,1,0,57 43 44 61 62,1,10,,289407,1,0,7 58 9,1,5,,289408,14,,,1,47,,289409,1,0,7 58 9,1,15,,289410,1,0,7 58 9,1,8,,289411,14,,,1,7,,289412,1,0,31 59 60,1,10,,289413,1,0,7 58 9,1,8,,289414,14,,,1,52,,289415,1,0,31 59 60,1,15,,289416,1,0,7 58 9,1,3,,289417,14,,,1,12,,289418,1,0,31 59 60,1,10,,289419,1,0,7 58 9,1,13,,289420,14,0,53 59 60,1,47,,289421,1,0,7 58 9,1,13,,289422,14,,,1,17,,289423,1,0,31 59 60,1,13,,289424,14,,,1,12,,289425,1,0,31 59 60,1,53,,289426,14,,,1,17,,289427,1,0,31 59 60,1,5,,289428,2,0,5 59 60,1,11,,289429,14,,,1,14,,289430,1,0,31 59 60,1,50,,289431,2,0,5 59 60,1,6,,289432,14,,,1,19,,289433,2,0,5 59 60,1,11,,289434,14,,,1,59,,289435,2,0,5 59 60,1,7,,289436,14,,,1,18,,289437,2,0,5 59 60,1,12,,289438,14,,,1,18,,289439,2,0,5 59 60,1,61,,289440,14,,,1,14,,289441,2,0,5 59 60,1,13,,289442,14,,,1,62,,289443,2,0,5 59 60,1,13,,289444,14,,,1,12,,289445,2,0,5 59 60,1,18,,289446,14,,,1,62,,289447,2,0,5 59 60,1,13,,289448,14,,,1,12,,289449,2,0,5 59 60,1,16,,289450,14,0,53 59 60,1,64,,289451,2,0,5 59 60,1,11,,289452,14,,,1,19,,289453,2,0,5 59 60,1,11,,289454,14,,,1,54,,289455,2,0,5 59 60,1,13,,289456,14,0,53 59 60,1,30,,289457,14,,,1,65,,289458,14,0,53 59 60,1,97,,289459,14,,,1,100,,289460,14,,,1,100,,289461,14,,,1
4100,'20261007',545,,289462,14,,,1,60,,289463,1,0,7 58 9,1,5,,289464,14,,,1,18,,289465,1,0,7 58 9,1,5,,289466,1,0,57 43 44 61 62,1,5,,289467,1,0,7 58 9,1,2,,289468,14,,,1,5,,289469,1,0,7 58 9,1,55,,289470,1,0,57 43 44 61 62,1,5,,289471,1,0,7 58 9,1,5,,289472,1,0,7 58 9,1,2,,289473,14,,,1,8,,289474,1,0,31 59 60,1,5,,289475,1,0,31 59 60,1,5,,289476,1,0,31 59 60,1,5,,289477,1,0,57 43 44 61 62,1,10,,289478,1,0,7 58 9,1,2,,289479,14,,,1,11,,289480,1,0,31 59 60,1,50,,289481,1,0,57 43 44 61 62,1,5,,289482,1,0,7 58 9,1,5,,289483,14,,,1,10,,289484,1,0,31 59 60,1,10,,289485,1,0,57 43 44 61 62,1,10,,289486,1,0,7 58 9,1,5,,289487,14,,,1,47,,289488,1,0,7 58 9,1,15,,289489,1,0,7 58 9,1,8,,289490,14,,,1,7,,289491,1,0,31 59 60,1,10,,289492,1,0,7 58 9,1,8,,289493,14,,,1,52,,289494,1,0,31 59 60,1,15,,289495,1,0,7 58 9,1,3,,289496,14,,,1,12,,289497,1,0,31 59 60,1,10,,289498,1,0,7 58 9,1,13,,289499,14,0,53 59 60,1,47,,289500,1,0,7 58 9,1,13,,289501,14,,,1,17,,289502,1,0,31 59 60,1,13,,289503,14,,,1,12,,289504,1,0,31 59 60,1,53,,289505,14,,,1,17,,289506,1,0,31 59 60,1,5,,289507,2,0,5 59 60,1,11,,289508,14,,,1,14,,289509,1,0,31 59 60,1,50,,289510,2,0,5 59 60,1,6,,289511,14,,,1,19,,289512,2,0,5 59 60,1,11,,289513,14,,,1,59,,289514,2,0,5 59 60,1,7,,289515,14,,,1,18,,289516,2,0,5 59 60,1,12,,289517,14,,,1,18,,289518,2,0,5 59 60,1,61,,289519,14,,,1,14,,289520,2,0,5 59 60,1,13,,289521,14,,,1,62,,289522,2,0,5 59 60,1,13,,289523,14,,,1,12,,289524,2,0,5 59 60,1,18,,289525,14,,,1,62,,289526,2,0,5 59 60,1,13,,289527,14,,,1,12,,289528,2,0,5 59 60,1,16,,289529,14,0,53 59 60,1,64,,289530,2,0,5 59 60,1,11,,289531,14,,,1,19,,289532,2,0,5 59 60,1,11,,289533,14,,,1,54,,289534,2,0,5 59 60,1,13,,289535,14,0,53 59 60,1,30,,289536,14,,,1,65,,289537,14,0,53 59 60,1,97,,289538,14,,,1,100,,289539,14,,,1,100,,289540,14,,,1
4100,'20261008',545,,289541,14,,,1,60,,289542,1,0,7 58 9,1,5,,289543,14,,,1,18,,289544,1,0,7 58 9,1,5,,289545,1,0,57 43 44 61 62,1,5,,289546,1,0,7 58 9,1,2,,289547,14,,,1,5,,289548,1,0,7 58 9,1,55,,289549,1,0,57 43 44 61 62,1,5,,289550,1,0,7 58 9,1,5,,289551,1,0,7 58 9,1,2,,289552,14,,,1,8,,289553,1,0,31 59 60,1,5,,289554,1,0,31 59 60,1,5,,289555,1,0,31 59 60,1,5,,289556,1,0,57 43 44 61 62,1,10,,289557,1,0,7 58 9,1,2,,289558,14,,,1,11,,289559,1,0,31 59 60,1,50,,289560,1,0,57 43 44 61 62,1,5,,289561,1,0,7 58 9,1,5,,289562,14,,,1,10,,289563,1,0,31 59 60,1,10,,289564,1,0,57 43 44 61 62,1,10,,289565,1,0,7 58 9,1,5,,289566,14,,,1,47,,289567,1,0,7 58 9,1,15,,289568,1,0,7 58 9,1,8,,289569,14,,,1,7,,289570,1,0,31 59 60,1,10,,289571,1,0,7 58 9,1,8,,289572,14,,,1,52,,289573,1,0,31 59 60,1,15,,289574,1,0,7 58 9,1,3,,289575,14,,,1,12,,289576,1,0,31 59 60,1,10,,289577,1,0,7 58 9,1,13,,289578,14,0,53 59 60,1,47,,289579,1,0,7 58 9,1,13,,289580,14,,,1,17,,289581,1,0,31 59 60,1,13,,289582,14,,,1,12,,289583,1,0,31 59 60,1,53,,289584,14,,,1,17,,289585,1,0,31 59 60,1,5,,289586,2,0,5 59 60,1,11,,289587,14,,,1,14,,289588,1,0,31 59 60,1,50,,289589,2,0,5 59 60,1,6,,289590,14,,,1,19,,289591,2,0,5 59 60,1,11,,289592,14,,,1,59,,289593,2,0,5 59 60,1,7,,289594,14,,,1,18,,289595,2,0,5 59 60,1,12,,289596,14,,,1,18,,289597,2,0,5 59 60,1,61,,289598,14,,,1,14,,289599,2,0,5 59 60,1,13,,289600,14,,,1,62,,289601,2,0,5 59 60,1,13,,289602,14,,,1,12,,289603,2,0,5 59 60,1,18,,289604,14,,,1,62,,289605,2,0,5 59 60,1,13,,289606,14,,,1,12,,289607,2,0,5 59 60,1,16,,289608,14,0,53 59 60,1,64,,289609,2,0,5 59 60,1,11,,289610,14,,,1,19,,289611,2,0,5 59 60,1,11,,289612,14,,,1,54,,289613,2,0,5 59 60,1,13,,289614,14,0,53 59 60,1,30,,289615,14,,,1,65,,289616,14,0,53 59 60,1,97,,289617,14,,,1,100,,289618,14,,,1,100,,289619,14,,,1
4100,'20261009',545,,289620,14,,,1,60,,289621,1,0,7 58 9,1,5,,289622,14,,,1,18,,289623,1,0,7 58 9,1,5,,289624,1,0,57 43 44 61 62,1,5,,289625,1,0,7 58 9,1,2,,289626,14,,,1,5,,289627,1,0,7 58 9,1,55,,289628,1,0,57 43 44 61 62,1,5,,289629,1,0,7 58 9,1,5,,289630,1,0,7 58 9,1,2,,289631,14,,,1,8,,289632,1,0,31 59 60,1,5,,289633,1,0,31 59 60,1,5,,289634,1,0,31 59 60,1,5,,289635,1,0,57 43 44 61 62,1,10,,289636,1,0,7 58 9,1,2,,289637,14,,,1,11,,289638,1,0,31 59 60,1,50,,289639,1,0,57 43 44 61 62,1,5,,289640,1,0,7 58 9,1,5,,289641,14,,,1,10,,289642,1,0,31 59 60,1,10,,289643,1,0,57 43 44 61 62,1,10,,289644,1,0,7 58 9,1,5,,289645,14,,,1,47,,289646,1,0,7 58 9,1,15,,289647,1,0,7 58 9,1,8,,289648,14,,,1,7,,289649,1,0,31 59 60,1,10,,289650,1,0,7 58 9,1,8,,289651,14,,,1,52,,289652,1,0,31 59 60,1,15,,289653,1,0,7 58 9,1,3,,289654,14,,,1,12,,289655,1,0,31 59 60,1,10,,289656,1,0,7 58 9,1,13,,289657,14,0,53 59 60,1,47,,289658,1,0,7 58 9,1,13,,289659,14,,,1,17,,289660,1,0,31 59 60,1,13,,289661,14,,,1,12,,289662,1,0,31 59 60,1,53,,289663,14,,,1,17,,289664,1,0,31 59 60,1,5,,289665,2,0,5 59 60,1,11,,289666,14,,,1,14,,289667,1,0,31 59 60,1,50,,289668,2,0,5 59 60,1,6,,289669,14,,,1,19,,289670,2,0,5 59 60,1,11,,289671,14,,,1,59,,289672,2,0,5 59 60,1,7,,289673,14,,,1,18,,289674,2,0,5 59 60,1,12,,289675,14,,,1,18,,289676,2,0,5 59 60,1,61,,289677,14,,,1,14,,289678,2,0,5 59 60,1,13,,289679,14,,,1,62,,289680,2,0,5 59 60,1,13,,289681,14,,,1,12,,289682,2,0,5 59 60,1,18,,289683,14,,,1,62,,289684,2,0,5 59 60,1,13,,289685,14,,,1,12,,289686,2,0,5 59 60,1,16,,289687,14,0,53 59 60,1,64,,289688,2,0,5 59 60,1,11,,289689,14,,,1,19,,289690,2,0,5 59 60,1,11,,289691,14,,,1,54,,289692,2,0,5 59 60,1,13,,289693,14,0,53 59 60,1,30,,289694,14,,,1,65,,289695,14,0,53 59 60,1,97,,289696,14,,,1,100,,289697,14,,,1,100,,289698,14,,,1
4100,'20261013',545,,289699,14,,,1,60,,289700,1,0,7 58 9,1,5,,289701,14,,,1,18,,289702,1,0,7 58 9,1,5,,289703,1,0,57 43 44 61 62,1,5,,289704,1,0,7 58 9,1,2,,289705,14,,,1,5,,289706,1,0,7 58 9,1,55,,289707,1,0,57 43 44 61 62,1,5,,289708,1,0,7 58 9,1,5,,289709,1,0,7 58 9,1,2,,289710,14,,,1,8,,289711,1,0,31 59 60,1,5,,289712,1,0,31 59 60,1,5,,289713,1,0,31 59 60,1,5,,289714,1,0,57 43 44 61 62,1,10,,289715,1,0,7 58 9,1,2,,289716,14,,,1,11,,289717,1,0,31 59 60,1,50,,289718,1,0,57 43 44 61 62,1,5,,289719,1,0,7 58 9,1,5,,289720,14,,,1,10,,289721,1,0,31 59 60,1,10,,289722,1,0,57 43 44 61 62,1,10,,289723,1,0,7 58 9,1,5,,289724,14,,,1,47,,289725,1,0,7 58 9,1,15,,289726,1,0,7 58 9,1,8,,289727,14,,,1,7,,289728,1,0,31 59 60,1,10,,289729,1,0,7 58 9,1,8,,289730,14,,,1,52,,289731,1,0,31 59 60,1,15,,289732,1,0,7 58 9,1,3,,289733,14,,,1,12,,289734,1,0,31 59 60,1,10,,289735,1,0,7 58 9,1,13,,289736,14,0,53 59 60,1,47,,289737,1,0,7 58 9,1,13,,289738,14,,,1,17,,289739,1,0,31 59 60,1,13,,289740,14,,,1,12,,289741,1,0,31 59 60,1,53,,289742,14,,,1,17,,289743,1,0,31 59 60,1,5,,289744,2,0,5 59 60,1,11,,289745,14,,,1,14,,289746,1,0,31 59 60,1,50,,289747,2,0,5 59 60,1,6,,289748,14,,,1,19,,289749,2,0,5 59 60,1,11,,289750,14,,,1,59,,289751,2,0,5 59 60,1,7,,289752,14,,,1,18,,289753,2,0,5 59 60,1,12,,289754,14,,,1,18,,289755,2,0,5 59 60,1,61,,289756,14,,,1,14,,289757,2,0,5 59 60,1,13,,289758,14,,,1,62,,289759,2,0,5 59 60,1,13,,289760,14,,,1,12,,289761,2,0,5 59 60,1,18,,289762,14,,,1,62,,289763,2,0,5 59 60,1,13,,289764,14,,,1,12,,289765,2,0,5 59 60,1,16,,289766,14,0,53 59 60,1,64,,289767,2,0,5 59 60,1,11,,289768,14,,,1,19,,289769,2,0,5 59 60,1,11,,289770,14,,,1,54,,289771,2,0,5 59 60,1,13,,289772,14,0,53 59 60,1,30,,289773,14,,,1,65,,289774,14,0,53 59 60,1,97,,289775,14,,,1,100,,289776,14,,,1,100,,289777,14,,,1
4100,'20261014',545,,289778,14,,,1,60,,289779,1,0,7 58 9,1,5,,289780,14,,,1,18,,289781,1,0,7 58 9,1,5,,289782,1,0,57 43 44 61 62,1,5,,289783,1,0,7 58 9,1,2,,289784,14,,,1,5,,289785,1,0,7 58 9,1,55,,289786,1,0,57 43 44 61 62,1,5,,289787,1,0,7 58 9,1,5,,289788,1,0,7 58 9,1,2,,289789,14,,,1,8,,289790,1,0,31 59 60,1,5,,289791,1,0,31 59 60,1,5,,289792,1,0,31 59 60,1,5,,289793,1,0,57 43 44 61 62,1,10,,289794,1,0,7 58 9,1,2,,289795,14,,,1,11,,289796,1,0,31 59 60,1,50,,289797,1,0,57 43 44 61 62,1,5,,289798,1,0,7 58 9,1,5,,289799,14,,,1,10,,289800,1,0,31 59 60,1,10,,289801,1,0,57 43 44 61 62,1,10,,289802,1,0,7 58 9,1,5,,289803,14,,,1,47,,289804,1,0,7 58 9,1,15,,289805,1,0,7 58 9,1,8,,289806,14,,,1,7,,289807,1,0,31 59 60,1,10,,289808,1,0,7 58 9,1,8,,289809,14,,,1,52,,289810,1,0,31 59 60,1,15,,289811,1,0,7 58 9,1,3,,289812,14,,,1,12,,289813,1,0,31 59 60,1,10,,289814,1,0,7 58 9,1,13,,289815,14,0,53 59 60,1,47,,289816,1,0,7 58 9,1,13,,289817,14,,,1,17,,289818,1,0,31 59 60,1,13,,289819,14,,,1,12,,289820,1,0,31 59 60,1,53,,289821,14,,,1,17,,289822,1,0,31 59 60,1,5,,289823,2,0,5 59 60,1,11,,289824,14,,,1,14,,289825,1,0,31 59 60,1,50,,289826,2,0,5 59 60,1,6,,289827,14,,,1,19,,289828,2,0,5 59 60,1,11,,289829,14,,,1,59,,289830,2,0,5 59 60,1,7,,289831,14,,,1,18,,289832,2,0,5 59 60,1,12,,289833,14,,,1,18,,289834,2,0,5 59 60,1,61,,289835,14,,,1,14,,289836,2,0,5 59 60,1,13,,289837,14,,,1,62,,289838,2,0,5 59 60,1,13,,289839,14,,,1,12,,289840,2,0,5 59 60,1,18,,289841,14,,,1,62,,289842,2,0,5 59 60,1,13,,289843,14,,,1,12,,289844,2,0,5 59 60,1,16,,289845,14,0,53 59 60,1,64,,289846,2,0,5 59 60,1,11,,289847,14,,,1,19,,289848,2,0,5 59 60,1,11,,289849,14,,,1,54,,289850,2,0,5 59 60,1,13,,289851,14,0,53 59 60,1,30,,289852,14,,,1,65,,289853,14,0,53 59 60,1,97,,289854,14,,,1,100,,289855,14,,,1,100,,289856,14,,,1
4100,'20261015',545,,289857,14,,,1,60,,289858,1,0,7 58 9,1,5,,289859,14,,,1,18,,289860,1,0,7 58 9,1,5,,289861,1,0,57 43 44 61 62,1,5,,289862,1,0,7 58 9,1,2,,289863,14,,,1,5,,289864,1,0,7 58 9,1,55,,289865,1,0,57 43 44 61 62,1,5,,289866,1,0,7 58 9,1,5,,289867,1,0,7 58 9,1,2,,289868,14,,,1,8,,289869,1,0,31 59 60,1,5,,289870,1,0,31 59 60,1,5,,289871,1,0,31 59 60,1,5,,289872,1,0,57 43 44 61 62,1,10,,289873,1,0,7 58 9,1,2,,289874,14,,,1,11,,289875,1,0,31 59 60,1,50,,289876,1,0,57 43 44 61 62,1,5,,289877,1,0,7 58 9,1,5,,289878,14,,,1,10,,289879,1,0,31 59 60,1,10,,289880,1,0,57 43 44 61 62,1,10,,289881,1,0,7 58 9,1,5,,289882,14,,,1,47,,289883,1,0,7 58 9,1,15,,289884,1,0,7 58 9,1,8,,289885,14,,,1,7,,289886,1,0,31 59 60,1,10,,289887,1,0,7 58 9,1,8,,289888,14,,,1,52,,289889,1,0,31 59 60,1,15,,289890,1,0,7 58 9,1,3,,289891,14,,,1,12,,289892,1,0,31 59 60,1,10,,289893,1,0,7 58 9,1,13,,289894,14,0,53 59 60,1,47,,289895,1,0,7 58 9,1,13,,289896,14,,,1,17,,289897,1,0,31 59 60,1,13,,289898,14,,,1,12,,289899,1,0,31 59 60,1,53,,289900,14,,,1,17,,289901,1,0,31 59 60,1,5,,289902,2,0,5 59 60,1,11,,289903,14,,,1,14,,289904,1,0,31 59 60,1,50,,289905,2,0,5 59 60,1,6,,289906,14,,,1,19,,289907,2,0,5 59 60,1,11,,289908,14,,,1,59,,289909,2,0,5 59 60,1,7,,289910,14,,,1,18,,289911,2,0,5 59 60,1,12,,289912,14,,,1,18,,289913,2,0,5 59 60,1,61,,289914,14,,,1,14,,289915,2,0,5 59 60,1,13,,289916,14,,,1,62,,289917,2,0,5 59 60,1,13,,289918,14,,,1,12,,289919,2,0,5 59 60,1,18,,289920,14,,,1,62,,289921,2,0,5 59 60,1,13,,289922,14,,,1,12,,289923,2,0,5 59 60,1,16,,289924,14,0,53 59 60,1,64,,289925,2,0,5 59 60,1,11,,289926,14,,,1,19,,289927,2,0,5 59 60,1,11,,289928,14,,,1,54,,289929,2,0,5 59 60,1,13,,289930,14,0,53 59 60,1,30,,289931,14,,,1,65,,289932,14,0,53 59 60,1,97,,289933,14,,,1,100,,289934,14,,,1,100,,289935,14,,,1
4100,'20261016',545,,289936,14,,,1,60,,289937,1,0,7 58 9,1,5,,289938,14,,,1,18,,289939,1,0,7 58 9,1,5,,289940,1,0,57 43 44 61 62,1,5,,289941,1,0,7 58 9,1,2,,289942,14,,,1,5,,289943,1,0,7 58 9,1,55,,289944,1,0,57 43 44 61 62,1,5,,289945,1,0,7 58 9,1,5,,289946,1,0,7 58 9,1,2,,289947,14,,,1,8,,289948,1,0,31 59 60,1,5,,289949,1,0,31 59 60,1,5,,289950,1,0,31 59 60,1,5,,289951,1,0,57 43 44 61 62,1,10,,289952,1,0,7 58 9,1,2,,289953,14,,,1,11,,289954,1,0,31 59 60,1,50,,289955,1,0,57 43 44 61 62,1,5,,289956,1,0,7 58 9,1,5,,289957,14,,,1,10,,289958,1,0,31 59 60,1,10,,289959,1,0,57 43 44 61 62,1,10,,289960,1,0,7 58 9,1,5,,289961,14,,,1,47,,289962,1,0,7 58 9,1,15,,289963,1,0,7 58 9,1,8,,289964,14,,,1,7,,289965,1,0,31 59 60,1,10,,289966,1,0,7 58 9,1,8,,289967,14,,,1,52,,289968,1,0,31 59 60,1,15,,289969,1,0,7 58 9,1,3,,289970,14,,,1,12,,289971,1,0,31 59 60,1,10,,289972,1,0,7 58 9,1,13,,289973,14,0,53 59 60,1,47,,289974,1,0,7 58 9,1,13,,289975,14,,,1,17,,289976,1,0,31 59 60,1,13,,289977,14,,,1,12,,289978,1,0,31 59 60,1,53,,289979,14,,,1,17,,289980,1,0,31 59 60,1,5,,289981,2,0,5 59 60,1,11,,289982,14,,,1,14,,289983,1,0,31 59 60,1,50,,289984,2,0,5 59 60,1,6,,289985,14,,,1,19,,289986,2,0,5 59 60,1,11,,289987,14,,,1,59,,289988,2,0,5 59 60,1,7,,289989,14,,,1,18,,289990,2,0,5 59 60,1,12,,289991,14,,,1,18,,289992,2,0,5 59 60,1,61,,289993,14,,,1,14,,289994,2,0,5 59 60,1,13,,289995,14,,,1,62,,289996,2,0,5 59 60,1,13,,289997,14,,,1,12,,289998,2,0,5 59 60,1,18,,289999,14,,,1,62,,290000,2,0,5 59 60,1,13,,290001,14,,,1,12,,290002,2,0,5 59 60,1,16,,290003,14,0,53 59 60,1,64,,290004,2,0,5 59 60,1,11,,290005,14,,,1,19,,290006,2,0,5 59 60,1,11,,290007,14,,,1,54,,290008,2,0,5 59 60,1,13,,290009,14,0,53 59 60,1,30,,290010,14,,,1,65,,290011,14,0,53 59 60,1,97,,290012,14,,,1,100,,290013,14,,,1,100,,290014,14,,,1
4100,'20261019',545,,290015,14,,,1,60,,290016,1,0,7 58 9,1,5,,290017,14,,,1,18,,290018,1,0,7 58 9,1,5,,290019,1,0,57 43 44 61 62,1,5,,290020,1,0,7 58 9,1,2,,290021,14,,,1,5,,290022,1,0,7 58 9,1,55,,290023,1,0,57 43 44 61 62,1,5,,290024,1,0,7 58 9,1,5,,290025,1,0,7 58 9,1,2,,290026,14,,,1,8,,290027,1,0,31 59 60,1,5,,290028,1,0,31 59 60,1,5,,290029,1,0,31 59 60,1,5,,290030,1,0,57 43 44 61 62,1,10,,290031,1,0,7 58 9,1,2,,290032,14,,,1,11,,290033,1,0,31 59 60,1,50,,290034,1,0,57 43 44 61 62,1,5,,290035,1,0,7 58 9,1,5,,290036,14,,,1,10,,290037,1,0,31 59 60,1,10,,290038,1,0,57 43 44 61 62,1,10,,290039,1,0,7 58 9,1,5,,290040,14,,,1,47,,290041,1,0,7 58 9,1,15,,290042,1,0,7 58 9,1,8,,290043,14,,,1,7,,290044,1,0,31 59 60,1,10,,290045,1,0,7 58 9,1,8,,290046,14,,,1,52,,290047,1,0,31 59 60,1,15,,290048,1,0,7 58 9,1,3,,290049,14,,,1,12,,290050,1,0,31 59 60,1,10,,290051,1,0,7 58 9,1,13,,290052,14,0,53 59 60,1,47,,290053,1,0,7 58 9,1,13,,290054,14,,,1,17,,290055,1,0,31 59 60,1,13,,290056,14,,,1,12,,290057,1,0,31 59 60,1,53,,290058,14,,,1,17,,290059,1,0,31 59 60,1,5,,290060,2,0,5 59 60,1,11,,290061,14,,,1,14,,290062,1,0,31 59 60,1,50,,290063,2,0,5 59 60,1,6,,290064,14,,,1,19,,290065,2,0,5 59 60,1,11,,290066,14,,,1,59,,290067,2,0,5 59 60,1,7,,290068,14,,,1,18,,290069,2,0,5 59 60,1,12,,290070,14,,,1,18,,290071,2,0,5 59 60,1,61,,290072,14,,,1,14,,290073,2,0,5 59 60,1,13,,290074,14,,,1,62,,290075,2,0,5 59 60,1,13,,290076,14,,,1,12,,290077,2,0,5 59 60,1,18,,290078,14,,,1,62,,290079,2,0,5 59 60,1,13,,290080,14,,,1,12,,290081,2,0,5 59 60,1,16,,290082,14,0,53 59 60,1,64,,290083,2,0,5 59 60,1,11,,290084,14,,,1,19,,290085,2,0,5 59 60,1,11,,290086,14,,,1,54,,290087,2,0,5 59 60,1,13,,290088,14,0,53 59 60,1,30,,290089,14,,,1,65,,290090,14,0,53 59 60,1,97,,290091,14,,,1,100,,290092,14,,,1,100,,290093,14,,,1
4100,'20261020',545,,290094,14,,,1,60,,290095,1,0,7 58 9,1,5,,290096,14,,,1,18,,290097,1,0,7 58 9,1,5,,290098,1,0,57 43 44 61 62,1,5,,290099,1,0,7 58 9,1,2,,290100,14,,,1,5,,290101,1,0,7 58 9,1,55,,290102,1,0,57 43 44 61 62,1,5,,290103,1,0,7 58 9,1,5,,290104,1,0,7 58 9,1,2,,290105,14,,,1,8,,290106,1,0,31 59 60,1,5,,290107,1,0,31 59 60,1,5,,290108,1,0,31 59 60,1,5,,290109,1,0,57 43 44 61 62,1,10,,290110,1,0,7 58 9,1,2,,290111,14,,,1,11,,290112,1,0,31 59 60,1,50,,290113,1,0,57 43 44 61 62,1,5,,290114,1,0,7 58 9,1,5,,290115,14,,,1,10,,290116,1,0,31 59 60,1,10,,290117,1,0,57 43 44 61 62,1,10,,290118,1,0,7 58 9,1,5,,290119,14,,,1,47,,290120,1,0,7 58 9,1,15,,290121,1,0,7 58 9,1,8,,290122,14,,,1,7,,290123,1,0,31 59 60,1,10,,290124,1,0,7 58 9,1,8,,290125,14,,,1,52,,290126,1,0,31 59 60,1,15,,290127,1,0,7 58 9,1,3,,290128,14,,,1,12,,290129,1,0,31 59 60,1,10,,290130,1,0,7 58 9,1,13,,290131,14,0,53 59 60,1,47,,290132,1,0,7 58 9,1,13,,290133,14,,,1,17,,290134,1,0,31 59 60,1,13,,290135,14,,,1,12,,290136,1,0,31 59 60,1,53,,290137,14,,,1,17,,290138,1,0,31 59 60,1,5,,290139,2,0,5 59 60,1,11,,290140,14,,,1,14,,290141,1,0,31 59 60,1,50,,290142,2,0,5 59 60,1,6,,290143,14,,,1,19,,290144,2,0,5 59 60,1,11,,290145,14,,,1,59,,290146,2,0,5 59 60,1,7,,290147,14,,,1,18,,290148,2,0,5 59 60,1,12,,290149,14,,,1,18,,290150,2,0,5 59 60,1,61,,290151,14,,,1,14,,290152,2,0,5 59 60,1,13,,290153,14,,,1,62,,290154,2,0,5 59 60,1,13,,290155,14,,,1,12,,290156,2,0,5 59 60,1,18,,290157,14,,,1,62,,290158,2,0,5 59 60,1,13,,290159,14,,,1,12,,290160,2,0,5 59 60,1,16,,290161,14,0,53 59 60,1,64,,290162,2,0,5 59 60,1,11,,290163,14,,,1,19,,290164,2,0,5 59 60,1,11,,290165,14,,,1,54,,290166,2,0,5 59 60,1,13,,290167,14,0,53 59 60,1,30,,290168,14,,,1,65,,290169,14,0,53 59 60,1,97,,290170,14,,,1,100,,290171,14,,,1,100,,290172,14,,,1
4100,'20261021',545,,290173,14,,,1,60,,290174,1,0,7 58 9,1,5,,290175,14,,,1,18,,290176,1,0,7 58 9,1,5,,290177,1,0,57 43 44 61 62,1,5,,290178,1,0,7 58 9,1,2,,290179,14,,,1,5,,290180,1,0,7 58 9,1,55,,290181,1,0,57 43 44 61 62,1,5,,290182,1,0,7 58 9,1,5,,290183,1,0,7 58 9,1,2,,290184,14,,,1,8,,290185,1,0,31 59 60,1,5,,290186,1,0,31 59 60,1,5,,290187,1,0,31 59 60,1,5,,290188,1,0,57 43 44 61 62,1,10,,290189,1,0,7 58 9,1,2,,290190,14,,,1,11,,290191,1,0,31 59 60,1,50,,290192,1,0,57 43 44 61 62,1,5,,290193,1,0,7 58 9,1,5,,290194,14,,,1,10,,290195,1,0,31 59 60,1,10,,290196,1,0,57 43 44 61 62,1,10,,290197,1,0,7 58 9,1,5,,290198,14,,,1,47,,290199,1,0,7 58 9,1,15,,290200,1,0,7 58 9,1,8,,290201,14,,,1,7,,290202,1,0,31 59 60,1,10,,290203,1,0,7 58 9,1,8,,290204,14,,,1,52,,290205,1,0,31 59 60,1,15,,290206,1,0,7 58 9,1,3,,290207,14,,,1,12,,290208,1,0,31 59 60,1,10,,290209,1,0,7 58 9,1,13,,290210,14,0,53 59 60,1,47,,290211,1,0,7 58 9,1,13,,290212,14,,,1,17,,290213,1,0,31 59 60,1,13,,290214,14,,,1,12,,290215,1,0,31 59 60,1,53,,290216,14,,,1,17,,290217,1,0,31 59 60,1,5,,290218,2,0,5 59 60,1,11,,290219,14,,,1,14,,290220,1,0,31 59 60,1,50,,290221,2,0,5 59 60,1,6,,290222,14,,,1,19,,290223,2,0,5 59 60,1,11,,290224,14,,,1,59,,290225,2,0,5 59 60,1,7,,290226,14,,,1,18,,290227,2,0,5 59 60,1,12,,290228,14,,,1,18,,290229,2,0,5 59 60,1,61,,290230,14,,,1,14,,290231,2,0,5 59 60,1,13,,290232,14,,,1,62,,290233,2,0,5 59 60,1,13,,290234,14,,,1,12,,290235,2,0,5 59 60,1,18,,290236,14,,,1,62,,290237,2,0,5 59 60,1,13,,290238,14,,,1,12,,290239,2,0,5 59 60,1,16,,290240,14,0,53 59 60,1,64,,290241,2,0,5 59 60,1,11,,290242,14,,,1,19,,290243,2,0,5 59 60,1,11,,290244,14,,,1,54,,290245,2,0,5 59 60,1,13,,290246,14,0,53 59 60,1,30,,290247,14,,,1,65,,290248,14,0,53 59 60,1,97,,290249,14,,,1,100,,290250,14,,,1,100,,290251,14,,,1
4100,'20261022',545,,290252,14,,,1,60,,290253,1,0,7 58 9,1,5,,290254,14,,,1,18,,290255,1,0,7 58 9,1,5,,290256,1,0,57 43 44 61 62,1,5,,290257,1,0,7 58 9,1,2,,290258,14,,,1,5,,290259,1,0,7 58 9,1,55,,290260,1,0,57 43 44 61 62,1,5,,290261,1,0,7 58 9,1,5,,290262,1,0,7 58 9,1,2,,290263,14,,,1,8,,290264,1,0,31 59 60,1,5,,290265,1,0,31 59 60,1,5,,290266,1,0,31 59 60,1,5,,290267,1,0,57 43 44 61 62,1,10,,290268,1,0,7 58 9,1,2,,290269,14,,,1,11,,290270,1,0,31 59 60,1,50,,290271,1,0,57 43 44 61 62,1,5,,290272,1,0,7 58 9,1,5,,290273,14,,,1,10,,290274,1,0,31 59 60,1,10,,290275,1,0,57 43 44 61 62,1,10,,290276,1,0,7 58 9,1,5,,290277,14,,,1,47,,290278,1,0,7 58 9,1,15,,290279,1,0,7 58 9,1,8,,290280,14,,,1,7,,290281,1,0,31 59 60,1,10,,290282,1,0,7 58 9,1,8,,290283,14,,,1,52,,290284,1,0,31 59 60,1,15,,290285,1,0,7 58 9,1,3,,290286,14,,,1,12,,290287,1,0,31 59 60,1,10,,290288,1,0,7 58 9,1,13,,290289,14,0,53 59 60,1,47,,290290,1,0,7 58 9,1,13,,290291,14,,,1,17,,290292,1,0,31 59 60,1,13,,290293,14,,,1,12,,290294,1,0,31 59 60,1,53,,290295,14,,,1,17,,290296,1,0,31 59 60,1,5,,290297,2,0,5 59 60,1,11,,290298,14,,,1,14,,290299,1,0,31 59 60,1,50,,290300,2,0,5 59 60,1,6,,290301,14,,,1,19,,290302,2,0,5 59 60,1,11,,290303,14,,,1,59,,290304,2,0,5 59 60,1,7,,290305,14,,,1,18,,290306,2,0,5 59 60,1,12,,290307,14,,,1,18,,290308,2,0,5 59 60,1,61,,290309,14,,,1,14,,290310,2,0,5 59 60,1,13,,290311,14,,,1,62,,290312,2,0,5 59 60,1,13,,290313,14,,,1,12,,290314,2,0,5 59 60,1,18,,290315,14,,,1,62,,290316,2,0,5 59 60,1,13,,290317,14,,,1,12,,290318,2,0,5 59 60,1,16,,290319,14,0,53 59 60,1,64,,290320,2,0,5 59 60,1,11,,290321,14,,,1,19,,290322,2,0,5 59 60,1,11,,290323,14,,,1,54,,290324,2,0,5 59 60,1,13,,290325,14,0,53 59 60,1,30,,290326,14,,,1,65,,290327,14,0,53 59 60,1,97,,290328,14,,,1,100,,290329,14,,,1,100,,290330,14,,,1
4100,'20261023',545,,290331,14,,,1,60,,290332,1,0,7 58 9,1,5,,290333,14,,,1,18,,290334,1,0,7 58 9,1,5,,290335,1,0,57 43 44 61 62,1,5,,290336,1,0,7 58 9,1,2,,290337,14,,,1,5,,290338,1,0,7 58 9,1,55,,290339,1,0,57 43 44 61 62,1,5,,290340,1,0,7 58 9,1,5,,290341,1,0,7 58 9,1,2,,290342,14,,,1,8,,290343,1,0,31 59 60,1,5,,290344,1,0,31 59 60,1,5,,290345,1,0,31 59 60,1,5,,290346,1,0,57 43 44 61 62,1,10,,290347,1,0,7 58 9,1,2,,290348,14,,,1,11,,290349,1,0,31 59 60,1,50,,290350,1,0,57 43 44 61 62,1,5,,290351,1,0,7 58 9,1,5,,290352,14,,,1,10,,290353,1,0,31 59 60,1,10,,290354,1,0,57 43 44 61 62,1,10,,290355,1,0,7 58 9,1,5,,290356,14,,,1,47,,290357,1,0,7 58 9,1,15,,290358,1,0,7 58 9,1,8,,290359,14,,,1,7,,290360,1,0,31 59 60,1,10,,290361,1,0,7 58 9,1,8,,290362,14,,,1,52,,290363,1,0,31 59 60,1,15,,290364,1,0,7 58 9,1,3,,290365,14,,,1,12,,290366,1,0,31 59 60,1,10,,290367,1,0,7 58 9,1,13,,290368,14,0,53 59 60,1,47,,290369,1,0,7 58 9,1,13,,290370,14,,,1,17,,290371,1,0,31 59 60,1,13,,290372,14,,,1,12,,290373,1,0,31 59 60,1,53,,290374,14,,,1,17,,290375,1,0,31 59 60,1,5,,290376,2,0,5 59 60,1,11,,290377,14,,,1,14,,290378,1,0,31 59 60,1,50,,290379,2,0,5 59 60,1,6,,290380,14,,,1,19,,290381,2,0,5 59 60,1,11,,290382,14,,,1,59,,290383,2,0,5 59 60,1,7,,290384,14,,,1,18,,290385,2,0,5 59 60,1,12,,290386,14,,,1,18,,290387,2,0,5 59 60,1,61,,290388,14,,,1,14,,290389,2,0,5 59 60,1,13,,290390,14,,,1,62,,290391,2,0,5 59 60,1,13,,290392,14,,,1,12,,290393,2,0,5 59 60,1,18,,290394,14,,,1,62,,290395,2,0,5 59 60,1,13,,290396,14,,,1,12,,290397,2,0,5 59 60,1,16,,290398,14,0,53 59 60,1,64,,290399,2,0,5 59 60,1,11,,290400,14,,,1,19,,290401,2,0,5 59 60,1,11,,290402,14,,,1,54,,290403,2,0,5 59 60,1,13,,290404,14,0,53 59 60,1,30,,290405,14,,,1,65,,290406,14,0,53 59 60,1,97,,290407,14,,,1,100,,290408,14,,,1,100,,290409,14,,,1
4100,'20261026',545,,290410,14,,,1,60,,290411,1,0,7 58 9,1,5,,290412,14,,,1,18,,290413,1,0,7 58 9,1,5,,290414,1,0,57 43 44 61 62,1,5,,290415,1,0,7 58 9,1,2,,290416,14,,,1,5,,290417,1,0,7 58 9,1,55,,290418,1,0,57 43 44 61 62,1,5,,290419,1,0,7 58 9,1,5,,290420,1,0,7 58 9,1,2,,290421,14,,,1,8,,290422,1,0,31 59 60,1,5,,290423,1,0,31 59 60,1,5,,290424,1,0,31 59 60,1,5,,290425,1,0,57 43 44 61 62,1,10,,290426,1,0,7 58 9,1,2,,290427,14,,,1,11,,290428,1,0,31 59 60,1,50,,290429,1,0,57 43 44 61 62,1,5,,290430,1,0,7 58 9,1,5,,290431,14,,,1,10,,290432,1,0,31 59 60,1,10,,290433,1,0,57 43 44 61 62,1,10,,290434,1,0,7 58 9,1,5,,290435,14,,,1,47,,290436,1,0,7 58 9,1,15,,290437,1,0,7 58 9,1,8,,290438,14,,,1,7,,290439,1,0,31 59 60,1,10,,290440,1,0,7 58 9,1,8,,290441,14,,,1,52,,290442,1,0,31 59 60,1,15,,290443,1,0,7 58 9,1,3,,290444,14,,,1,12,,290445,1,0,31 59 60,1,10,,290446,1,0,7 58 9,1,13,,290447,14,0,53 59 60,1,47,,290448,1,0,7 58 9,1,13,,290449,14,,,1,17,,290450,1,0,31 59 60,1,13,,290451,14,,,1,12,,290452,1,0,31 59 60,1,53,,290453,14,,,1,17,,290454,1,0,31 59 60,1,5,,290455,2,0,5 59 60,1,11,,290456,14,,,1,14,,290457,1,0,31 59 60,1,50,,290458,2,0,5 59 60,1,6,,290459,14,,,1,19,,290460,2,0,5 59 60,1,11,,290461,14,,,1,59,,290462,2,0,5 59 60,1,7,,290463,14,,,1,18,,290464,2,0,5 59 60,1,12,,290465,14,,,1,18,,290466,2,0,5 59 60,1,61,,290467,14,,,1,14,,290468,2,0,5 59 60,1,13,,290469,14,,,1,62,,290470,2,0,5 59 60,1,13,,290471,14,,,1,12,,290472,2,0,5 59 60,1,18,,290473,14,,,1,62,,290474,2,0,5 59 60,1,13,,290475,14,,,1,12,,290476,2,0,5 59 60,1,16,,290477,14,0,53 59 60,1,64,,290478,2,0,5 59 60,1,11,,290479,14,,,1,19,,290480,2,0,5 59 60,1,11,,290481,14,,,1,54,,290482,2,0,5 59 60,1,13,,290483,14,0,53 59 60,1,30,,290484,14,,,1,65,,290485,14,0,53 59 60,1,97,,290486,14,,,1,100,,290487,14,,,1,100,,290488,14,,,1
4100,'20261027',545,,290489,14,,,1,60,,290490,1,0,7 58 9,1,5,,290491,14,,,1,18,,290492,1,0,7 58 9,1,5,,290493,1,0,57 43 44 61 62,1,5,,290494,1,0,7 58 9,1,2,,290495,14,,,1,5,,290496,1,0,7 58 9,1,55,,290497,1,0,57 43 44 61 62,1,5,,290498,1,0,7 58 9,1,5,,290499,1,0,7 58 9,1,2,,290500,14,,,1,8,,290501,1,0,31 59 60,1,5,,290502,1,0,31 59 60,1,5,,290503,1,0,31 59 60,1,5,,290504,1,0,57 43 44 61 62,1,10,,290505,1,0,7 58 9,1,2,,290506,14,,,1,11,,290507,1,0,31 59 60,1,50,,290508,1,0,57 43 44 61 62,1,5,,290509,1,0,7 58 9,1,5,,290510,14,,,1,10,,290511,1,0,31 59 60,1,10,,290512,1,0,57 43 44 61 62,1,10,,290513,1,0,7 58 9,1,5,,290514,14,,,1,47,,290515,1,0,7 58 9,1,15,,290516,1,0,7 58 9,1,8,,290517,14,,,1,7,,290518,1,0,31 59 60,1,10,,290519,1,0,7 58 9,1,8,,290520,14,,,1,52,,290521,1,0,31 59 60,1,15,,290522,1,0,7 58 9,1,3,,290523,14,,,1,12,,290524,1,0,31 59 60,1,10,,290525,1,0,7 58 9,1,13,,290526,14,0,53 59 60,1,47,,290527,1,0,7 58 9,1,13,,290528,14,,,1,17,,290529,1,0,31 59 60,1,13,,290530,14,,,1,12,,290531,1,0,31 59 60,1,53,,290532,14,,,1,17,,290533,1,0,31 59 60,1,5,,290534,2,0,5 59 60,1,11,,290535,14,,,1,14,,290536,1,0,31 59 60,1,50,,290537,2,0,5 59 60,1,6,,290538,14,,,1,19,,290539,2,0,5 59 60,1,11,,290540,14,,,1,59,,290541,2,0,5 59 60,1,7,,290542,14,,,1,18,,290543,2,0,5 59 60,1,12,,290544,14,,,1,18,,290545,2,0,5 59 60,1,61,,290546,14,,,1,14,,290547,2,0,5 59 60,1,13,,290548,14,,,1,62,,290549,2,0,5 59 60,1,13,,290550,14,,,1,12,,290551,2,0,5 59 60,1,18,,290552,14,,,1,62,,290553,2,0,5 59 60,1,13,,290554,14,,,1,12,,290555,2,0,5 59 60,1,16,,290556,14,0,53 59 60,1,64,,290557,2,0,5 59 60,1,11,,290558,14,,,1,19,,290559,2,0,5 59 60,1,11,,290560,14,,,1,54,,290561,2,0,5 59 60,1,13,,290562,14,0,53 59 60,1,30,,290563,14,,,1,65,,290564,14,0,53 59 60,1,97,,290565,14,,,1,100,,290566,14,,,1,100,,290567,14,,,1
4100,'20261028',545,,290568,14,,,1,60,,290569,1,0,7 58 9,1,5,,290570,14,,,1,18,,290571,1,0,7 58 9,1,5,,290572,1,0,57 43 44 61 62,1,5,,290573,1,0,7 58 9,1,2,,290574,14,,,1,5,,290575,1,0,7 58 9,1,55,,290576,1,0,57 43 44 61 62,1,5,,290577,1,0,7 58 9,1,5,,290578,1,0,7 58 9,1,2,,290579,14,,,1,8,,290580,1,0,31 59 60,1,5,,290581,1,0,31 59 60,1,5,,290582,1,0,31 59 60,1,5,,290583,1,0,57 43 44 61 62,1,10,,290584,1,0,7 58 9,1,2,,290585,14,,,1,11,,290586,1,0,31 59 60,1,50,,290587,1,0,57 43 44 61 62,1,5,,290588,1,0,7 58 9,1,5,,290589,14,,,1,10,,290590,1,0,31 59 60,1,10,,290591,1,0,57 43 44 61 62,1,10,,290592,1,0,7 58 9,1,5,,290593,14,,,1,47,,290594,1,0,7 58 9,1,15,,290595,1,0,7 58 9,1,8,,290596,14,,,1,7,,290597,1,0,31 59 60,1,10,,290598,1,0,7 58 9,1,8,,290599,14,,,1,52,,290600,1,0,31 59 60,1,15,,290601,1,0,7 58 9,1,3,,290602,14,,,1,12,,290603,1,0,31 59 60,1,10,,290604,1,0,7 58 9,1,13,,290605,14,0,53 59 60,1,47,,290606,1,0,7 58 9,1,13,,290607,14,,,1,17,,290608,1,0,31 59 60,1,13,,290609,14,,,1,12,,290610,1,0,31 59 60,1,53,,290611,14,,,1,17,,290612,1,0,31 59 60,1,5,,290613,2,0,5 59 60,1,11,,290614,14,,,1,14,,290615,1,0,31 59 60,1,50,,290616,2,0,5 59 60,1,6,,290617,14,,,1,19,,290618,2,0,5 59 60,1,11,,290619,14,,,1,59,,290620,2,0,5 59 60,1,7,,290621,14,,,1,18,,290622,2,0,5 59 60,1,12,,290623,14,,,1,18,,290624,2,0,5 59 60,1,61,,290625,14,,,1,14,,290626,2,0,5 59 60,1,13,,290627,14,,,1,62,,290628,2,0,5 59 60,1,13,,290629,14,,,1,12,,290630,2,0,5 59 60,1,18,,290631,14,,,1,62,,290632,2,0,5 59 60,1,13,,290633,14,,,1,12,,290634,2,0,5 59 60,1,16,,290635,14,0,53 59 60,1,64,,290636,2,0,5 59 60,1,11,,290637,14,,,1,19,,290638,2,0,5 59 60,1,11,,290639,14,,,1,54,,290640,2,0,5 59 60,1,13,,290641,14,0,53 59 60,1,30,,290642,14,,,1,65,,290643,14,0,53 59 60,1,97,,290644,14,,,1,100,,290645,14,,,1,100,,290646,14,,,1
4100,'20261029',545,,290647,14,,,1,60,,290648,1,0,7 58 9,1,5,,290649,14,,,1,18,,290650,1,0,7 58 9,1,5,,290651,1,0,57 43 44 61 62,1,5,,290652,1,0,7 58 9,1,2,,290653,14,,,1,5,,290654,1,0,7 58 9,1,55,,290655,1,0,57 43 44 61 62,1,5,,290656,1,0,7 58 9,1,5,,290657,1,0,7 58 9,1,2,,290658,14,,,1,8,,290659,1,0,31 59 60,1,5,,290660,1,0,31 59 60,1,5,,290661,1,0,31 59 60,1,5,,290662,1,0,57 43 44 61 62,1,10,,290663,1,0,7 58 9,1,2,,290664,14,,,1,11,,290665,1,0,31 59 60,1,50,,290666,1,0,57 43 44 61 62,1,5,,290667,1,0,7 58 9,1,5,,290668,14,,,1,10,,290669,1,0,31 59 60,1,10,,290670,1,0,57 43 44 61 62,1,10,,290671,1,0,7 58 9,1,5,,290672,14,,,1,47,,290673,1,0,7 58 9,1,15,,290674,1,0,7 58 9,1,8,,290675,14,,,1,7,,290676,1,0,31 59 60,1,10,,290677,1,0,7 58 9,1,8,,290678,14,,,1,52,,290679,1,0,31 59 60,1,15,,290680,1,0,7 58 9,1,3,,290681,14,,,1,12,,290682,1,0,31 59 60,1,10,,290683,1,0,7 58 9,1,13,,290684,14,0,53 59 60,1,47,,290685,1,0,7 58 9,1,13,,290686,14,,,1,17,,290687,1,0,31 59 60,1,13,,290688,14,,,1,12,,290689,1,0,31 59 60,1,53,,290690,14,,,1,17,,290691,1,0,31 59 60,1,5,,290692,2,0,5 59 60,1,11,,290693,14,,,1,14,,290694,1,0,31 59 60,1,50,,290695,2,0,5 59 60,1,6,,290696,14,,,1,19,,290697,2,0,5 59 60,1,11,,290698,14,,,1,59,,290699,2,0,5 59 60,1,7,,290700,14,,,1,18,,290701,2,0,5 59 60,1,12,,290702,14,,,1,18,,290703,2,0,5 59 60,1,61,,290704,14,,,1,14,,290705,2,0,5 59 60,1,13,,290706,14,,,1,62,,290707,2,0,5 59 60,1,13,,290708,14,,,1,12,,290709,2,0,5 59 60,1,18,,290710,14,,,1,62,,290711,2,0,5 59 60,1,13,,290712,14,,,1,12,,290713,2,0,5 59 60,1,16,,290714,14,0,53 59 60,1,64,,290715,2,0,5 59 60,1,11,,290716,14,,,1,19,,290717,2,0,5 59 60,1,11,,290718,14,,,1,54,,290719,2,0,5 59 60,1,13,,290720,14,0,53 59 60,1,30,,290721,14,,,1,65,,290722,14,0,53 59 60,1,97,,290723,14,,,1,100,,290724,14,,,1,100,,290725,14,,,1
4100,'20261030',545,,290726,14,,,1,60,,290727,1,0,7 58 9,1,5,,290728,14,,,1,18,,290729,1,0,7 58 9,1,5,,290730,1,0,57 43 44 61 62,1,5,,290731,1,0,7 58 9,1,2,,290732,14,,,1,5,,290733,1,0,7 58 9,1,55,,290734,1,0,57 43 44 61 62,1,5,,290735,1,0,7 58 9,1,5,,290736,1,0,7 58 9,1,2,,290737,14,,,1,8,,290738,1,0,31 59 60,1,5,,290739,1,0,31 59 60,1,5,,290740,1,0,31 59 60,1,5,,290741,1,0,57 43 44 61 62,1,10,,290742,1,0,7 58 9,1,2,,290743,14,,,1,11,,290744,1,0,31 59 60,1,50,,290745,1,0,57 43 44 61 62,1,5,,290746,1,0,7 58 9,1,5,,290747,14,,,1,10,,290748,1,0,31 59 60,1,10,,290749,1,0,57 43 44 61 62,1,10,,290750,1,0,7 58 9,1,5,,290751,14,,,1,47,,290752,1,0,7 58 9,1,15,,290753,1,0,7 58 9,1,8,,290754,14,,,1,7,,290755,1,0,31 59 60,1,10,,290756,1,0,7 58 9,1,8,,290757,14,,,1,52,,290758,1,0,31 59 60,1,15,,290759,1,0,7 58 9,1,3,,290760,14,,,1,12,,290761,1,0,31 59 60,1,10,,290762,1,0,7 58 9,1,13,,290763,14,0,53 59 60,1,47,,290764,1,0,7 58 9,1,13,,290765,14,,,1,17,,290766,1,0,31 59 60,1,13,,290767,14,,,1,12,,290768,1,0,31 59 60,1,53,,290769,14,,,1,17,,290770,1,0,31 59 60,1,5,,290771,2,0,5 59 60,1,11,,290772,14,,,1,14,,290773,1,0,31 59 60,1,50,,290774,2,0,5 59 60,1,6,,290775,14,,,1,19,,290776,2,0,5 59 60,1,11,,290777,14,,,1,59,,290778,2,0,5 59 60,1,7,,290779,14,,,1,18,,290780,2,0,5 59 60,1,12,,290781,14,,,1,18,,290782,2,0,5 59 60,1,61,,290783,14,,,1,14,,290784,2,0,5 59 60,1,13,,290785,14,,,1,62,,290786,2,0,5 59 60,1,13,,290787,14,,,1,12,,290788,2,0,5 59 60,1,18,,290789,14,,,1,62,,290790,2,0,5 59 60,1,13,,290791,14,,,1,12,,290792,2,0,5 59 60,1,16,,290793,14,0,53 59 60,1,64,,290794,2,0,5 59 60,1,11,,290795,14,,,1,19,,290796,2,0,5 59 60,1,11,,290797,14,,,1,54,,290798,2,0,5 59 60,1,13,,290799,14,0,53 59 60,1,30,,290800,14,,,1,65,,290801,14,0,53 59 60,1,97,,290802,14,,,1,100,,290803,14,,,1,100,,290804,14,,,1
4100,'20261102',545,,290805,14,,,1,60,,290806,1,0,7 58 9,1,5,,290807,14,,,1,18,,290808,1,0,7 58 9,1,5,,290809,1,0,57 43 44 61 62,1,5,,290810,1,0,7 58 9,1,2,,290811,14,,,1,5,,290812,1,0,7 58 9,1,55,,290813,1,0,57 43 44 61 62,1,5,,290814,1,0,7 58 9,1,5,,290815,1,0,7 58 9,1,2,,290816,14,,,1,8,,290817,1,0,31 59 60,1,5,,290818,1,0,31 59 60,1,5,,290819,1,0,31 59 60,1,5,,290820,1,0,57 43 44 61 62,1,10,,290821,1,0,7 58 9,1,2,,290822,14,,,1,11,,290823,1,0,31 59 60,1,50,,290824,1,0,57 43 44 61 62,1,5,,290825,1,0,7 58 9,1,5,,290826,14,,,1,10,,290827,1,0,31 59 60,1,10,,290828,1,0,57 43 44 61 62,1,10,,290829,1,0,7 58 9,1,5,,290830,14,,,1,47,,290831,1,0,7 58 9,1,15,,290832,1,0,7 58 9,1,8,,290833,14,,,1,7,,290834,1,0,31 59 60,1,10,,290835,1,0,7 58 9,1,8,,290836,14,,,1,52,,290837,1,0,31 59 60,1,15,,290838,1,0,7 58 9,1,3,,290839,14,,,1,12,,290840,1,0,31 59 60,1,10,,290841,1,0,7 58 9,1,13,,290842,14,0,53 59 60,1,47,,290843,1,0,7 58 9,1,13,,290844,14,,,1,17,,290845,1,0,31 59 60,1,13,,290846,14,,,1,12,,290847,1,0,31 59 60,1,53,,290848,14,,,1,17,,290849,1,0,31 59 60,1,5,,290850,2,0,5 59 60,1,11,,290851,14,,,1,14,,290852,1,0,31 59 60,1,50,,290853,2,0,5 59 60,1,6,,290854,14,,,1,19,,290855,2,0,5 59 60,1,11,,290856,14,,,1,59,,290857,2,0,5 59 60,1,7,,290858,14,,,1,18,,290859,2,0,5 59 60,1,12,,290860,14,,,1,18,,290861,2,0,5 59 60,1,61,,290862,14,,,1,14,,290863,2,0,5 59 60,1,13,,290864,14,,,1,62,,290865,2,0,5 59 60,1,13,,290866,14,,,1,12,,290867,2,0,5 59 60,1,18,,290868,14,,,1,62,,290869,2,0,5 59 60,1,13,,290870,14,,,1,12,,290871,2,0,5 59 60,1,16,,290872,14,0,53 59 60,1,64,,290873,2,0,5 59 60,1,11,,290874,14,,,1,19,,290875,2,0,5 59 60,1,11,,290876,14,,,1,54,,290877,2,0,5 59 60,1,13,,290878,14,0,53 59 60,1,30,,290879,14,,,1,65,,290880,14,0,53 59 60,1,97,,290881,14,,,1,100,,290882,14,,,1,100,,290883,14,,,1
4100,'20261103',545,,290884,14,,,1,60,,290885,1,0,7 58 9,1,5,,290886,14,,,1,18,,290887,1,0,7 58 9,1,5,,290888,1,0,57 43 44 61 62,1,5,,290889,1,0,7 58 9,1,2,,290890,14,,,1,5,,290891,1,0,7 58 9,1,55,,290892,1,0,57 43 44 61 62,1,5,,290893,1,0,7 58 9,1,5,,290894,1,0,7 58 9,1,2,,290895,14,,,1,8,,290896,1,0,31 59 60,1,5,,290897,1,0,31 59 60,1,5,,290898,1,0,31 59 60,1,5,,290899,1,0,57 43 44 61 62,1,10,,290900,1,0,7 58 9,1,2,,290901,14,,,1,11,,290902,1,0,31 59 60,1,50,,290903,1,0,57 43 44 61 62,1,5,,290904,1,0,7 58 9,1,5,,290905,14,,,1,10,,290906,1,0,31 59 60,1,10,,290907,1,0,57 43 44 61 62,1,10,,290908,1,0,7 58 9,1,5,,290909,14,,,1,47,,290910,1,0,7 58 9,1,15,,290911,1,0,7 58 9,1,8,,290912,14,,,1,7,,290913,1,0,31 59 60,1,10,,290914,1,0,7 58 9,1,8,,290915,14,,,1,52,,290916,1,0,31 59 60,1,15,,290917,1,0,7 58 9,1,3,,290918,14,,,1,12,,290919,1,0,31 59 60,1,10,,290920,1,0,7 58 9,1,13,,290921,14,0,53 59 60,1,47,,290922,1,0,7 58 9,1,13,,290923,14,,,1,17,,290924,1,0,31 59 60,1,13,,290925,14,,,1,12,,290926,1,0,31 59 60,1,53,,290927,14,,,1,17,,290928,1,0,31 59 60,1,5,,290929,2,0,5 59 60,1,11,,290930,14,,,1,14,,290931,1,0,31 59 60,1,50,,290932,2,0,5 59 60,1,6,,290933,14,,,1,19,,290934,2,0,5 59 60,1,11,,290935,14,,,1,59,,290936,2,0,5 59 60,1,7,,290937,14,,,1,18,,290938,2,0,5 59 60,1,12,,290939,14,,,1,18,,290940,2,0,5 59 60,1,61,,290941,14,,,1,14,,290942,2,0,5 59 60,1,13,,290943,14,,,1,62,,290944,2,0,5 59 60,1,13,,290945,14,,,1,12,,290946,2,0,5 59 60,1,18,,290947,14,,,1,62,,290948,2,0,5 59 60,1,13,,290949,14,,,1,12,,290950,2,0,5 59 60,1,16,,290951,14,0,53 59 60,1,64,,290952,2,0,5 59 60,1,11,,290953,14,,,1,19,,290954,2,0,5 59 60,1,11,,290955,14,,,1,54,,290956,2,0,5 59 60,1,13,,290957,14,0,53 59 60,1,30,,290958,14,,,1,65,,290959,14,0,53 59 60,1,97,,290960,14,,,1,100,,290961,14,,,1,100,,290962,14,,,1
4100,'20261104',545,,290963,14,,,1,60,,290964,1,0,7 58 9,1,5,,290965,14,,,1,18,,290966,1,0,7 58 9,1,5,,290967,1,0,57 43 44 61 62,1,5,,290968,1,0,7 58 9,1,2,,290969,14,,,1,5,,290970,1,0,7 58 9,1,55,,290971,1,0,57 43 44 61 62,1,5,,290972,1,0,7 58 9,1,5,,290973,1,0,7 58 9,1,2,,290974,14,,,1,8,,290975,1,0,31 59 60,1,5,,290976,1,0,31 59 60,1,5,,290977,1,0,31 59 60,1,5,,290978,1,0,57 43 44 61 62,1,10,,290979,1,0,7 58 9,1,2,,290980,14,,,1,11,,290981,1,0,31 59 60,1,50,,290982,1,0,57 43 44 61 62,1,5,,290983,1,0,7 58 9,1,5,,290984,14,,,1,10,,290985,1,0,31 59 60,1,10,,290986,1,0,57 43 44 61 62,1,10,,290987,1,0,7 58 9,1,5,,290988,14,,,1,47,,290989,1,0,7 58 9,1,15,,290990,1,0,7 58 9,1,8,,290991,14,,,1,7,,290992,1,0,31 59 60,1,10,,290993,1,0,7 58 9,1,8,,290994,14,,,1,52,,290995,1,0,31 59 60,1,15,,290996,1,0,7 58 9,1,3,,290997,14,,,1,12,,290998,1,0,31 59 60,1,10,,290999,1,0,7 58 9,1,13,,291000,14,0,53 59 60,1,47,,291001,1,0,7 58 9,1,13,,291002,14,,,1,17,,291003,1,0,31 59 60,1,13,,291004,14,,,1,12,,291005,1,0,31 59 60,1,53,,291006,14,,,1,17,,291007,1,0,31 59 60,1,5,,291008,2,0,5 59 60,1,11,,291009,14,,,1,14,,291010,1,0,31 59 60,1,50,,291011,2,0,5 59 60,1,6,,291012,14,,,1,19,,291013,2,0,5 59 60,1,11,,291014,14,,,1,59,,291015,2,0,5 59 60,1,7,,291016,14,,,1,18,,291017,2,0,5 59 60,1,12,,291018,14,,,1,18,,291019,2,0,5 59 60,1,61,,291020,14,,,1,14,,291021,2,0,5 59 60,1,13,,291022,14,,,1,62,,291023,2,0,5 59 60,1,13,,291024,14,,,1,12,,291025,2,0,5 59 60,1,18,,291026,14,,,1,62,,291027,2,0,5 59 60,1,13,,291028,14,,,1,12,,291029,2,0,5 59 60,1,16,,291030,14,0,53 59 60,1,64,,291031,2,0,5 59 60,1,11,,291032,14,,,1,19,,291033,2,0,5 59 60,1,11,,291034,14,,,1,54,,291035,2,0,5 59 60,1,13,,291036,14,0,53 59 60,1,30,,291037,14,,,1,65,,291038,14,0,53 59 60,1,97,,291039,14,,,1,100,,291040,14,,,1,100,,291041,14,,,1
4100,'20261105',545,,291042,14,,,1,60,,291043,1,0,7 58 9,1,5,,291044,14,,,1,18,,291045,1,0,7 58 9,1,5,,291046,1,0,57 43 44 61 62,1,5,,291047,1,0,7 58 9,1,2,,291048,14,,,1,5,,291049,1,0,7 58 9,1,55,,291050,1,0,57 43 44 61 62,1,5,,291051,1,0,7 58 9,1,5,,291052,1,0,7 58 9,1,2,,291053,14,,,1,8,,291054,1,0,31 59 60,1,5,,291055,1,0,31 59 60,1,5,,291056,1,0,31 59 60,1,5,,291057,1,0,57 43 44 61 62,1,10,,291058,1,0,7 58 9,1,2,,291059,14,,,1,11,,291060,1,0,31 59 60,1,50,,291061,1,0,57 43 44 61 62,1,5,,291062,1,0,7 58 9,1,5,,291063,14,,,1,10,,291064,1,0,31 59 60,1,10,,291065,1,0,57 43 44 61 62,1,10,,291066,1,0,7 58 9,1,5,,291067,14,,,1,47,,291068,1,0,7 58 9,1,15,,291069,1,0,7 58 9,1,8,,291070,14,,,1,7,,291071,1,0,31 59 60,1,10,,291072,1,0,7 58 9,1,8,,291073,14,,,1,52,,291074,1,0,31 59 60,1,15,,291075,1,0,7 58 9,1,3,,291076,14,,,1,12,,291077,1,0,31 59 60,1,10,,291078,1,0,7 58 9,1,13,,291079,14,0,53 59 60,1,47,,291080,1,0,7 58 9,1,13,,291081,14,,,1,17,,291082,1,0,31 59 60,1,13,,291083,14,,,1,12,,291084,1,0,31 59 60,1,53,,291085,14,,,1,17,,291086,1,0,31 59 60,1,5,,291087,2,0,5 59 60,1,11,,291088,14,,,1,14,,291089,1,0,31 59 60,1,50,,291090,2,0,5 59 60,1,6,,291091,14,,,1,19,,291092,2,0,5 59 60,1,11,,291093,14,,,1,59,,291094,2,0,5 59 60,1,7,,291095,14,,,1,18,,291096,2,0,5 59 60,1,12,,291097,14,,,1,18,,291098,2,0,5 59 60,1,61,,291099,14,,,1,14,,291100,2,0,5 59 60,1,13,,291101,14,,,1,62,,291102,2,0,5 59 60,1,13,,291103,14,,,1,12,,291104,2,0,5 59 60,1,18,,291105,14,,,1,62,,291106,2,0,5 59 60,1,13,,291107,14,,,1,12,,291108,2,0,5 59 60,1,16,,291109,14,0,53 59 60,1,64,,291110,2,0,5 59 60,1,11,,291111,14,,,1,19,,291112,2,0,5 59 60,1,11,,291113,14,,,1,54,,291114,2,0,5 59 60,1,13,,291115,14,0,53 59 60,1,30,,291116,14,,,1,65,,291117,14,0,53 59 60,1,97,,291118,14,,,1,100,,291119,14,,,1,100,,291120,14,,,1
4100,'20261106',545,,291121,14,,,1,60,,291122,1,0,7 58 9,1,5,,291123,14,,,1,18,,291124,1,0,7 58 9,1,5,,291125,1,0,57 43 44 61 62,1,5,,291126,1,0,7 58 9,1,2,,291127,14,,,1,5,,291128,1,0,7 58 9,1,55,,291129,1,0,57 43 44 61 62,1,5,,291130,1,0,7 58 9,1,5,,291131,1,0,7 58 9,1,2,,291132,14,,,1,8,,291133,1,0,31 59 60,1,5,,291134,1,0,31 59 60,1,5,,291135,1,0,31 59 60,1,5,,291136,1,0,57 43 44 61 62,1,10,,291137,1,0,7 58 9,1,2,,291138,14,,,1,11,,291139,1,0,31 59 60,1,50,,291140,1,0,57 43 44 61 62,1,5,,291141,1,0,7 58 9,1,5,,291142,14,,,1,10,,291143,1,0,31 59 60,1,10,,291144,1,0,57 43 44 61 62,1,10,,291145,1,0,7 58 9,1,5,,291146,14,,,1,47,,291147,1,0,7 58 9,1,15,,291148,1,0,7 58 9,1,8,,291149,14,,,1,7,,291150,1,0,31 59 60,1,10,,291151,1,0,7 58 9,1,8,,291152,14,,,1,52,,291153,1,0,31 59 60,1,15,,291154,1,0,7 58 9,1,3,,291155,14,,,1,12,,291156,1,0,31 59 60,1,10,,291157,1,0,7 58 9,1,13,,291158,14,0,53 59 60,1,47,,291159,1,0,7 58 9,1,13,,291160,14,,,1,17,,291161,1,0,31 59 60,1,13,,291162,14,,,1,12,,291163,1,0,31 59 60,1,53,,291164,14,,,1,17,,291165,1,0,31 59 60,1,5,,291166,2,0,5 59 60,1,11,,291167,14,,,1,14,,291168,1,0,31 59 60,1,50,,291169,2,0,5 59 60,1,6,,291170,14,,,1,19,,291171,2,0,5 59 60,1,11,,291172,14,,,1,59,,291173,2,0,5 59 60,1,7,,291174,14,,,1,18,,291175,2,0,5 59 60,1,12,,291176,14,,,1,18,,291177,2,0,5 59 60,1,61,,291178,14,,,1,14,,291179,2,0,5 59 60,1,13,,291180,14,,,1,62,,291181,2,0,5 59 60,1,13,,291182,14,,,1,12,,291183,2,0,5 59 60,1,18,,291184,14,,,1,62,,291185,2,0,5 59 60,1,13,,291186,14,,,1,12,,291187,2,0,5 59 60,1,16,,291188,14,0,53 59 60,1,64,,291189,2,0,5 59 60,1,11,,291190,14,,,1,19,,291191,2,0,5 59 60,1,11,,291192,14,,,1,54,,291193,2,0,5 59 60,1,13,,291194,14,0,53 59 60,1,30,,291195,14,,,1,65,,291196,14,0,53 59 60,1,97,,291197,14,,,1,100,,291198,14,,,1,100,,291199,14,,,1
4100,'20261109',545,,291200,14,,,1,60,,291201,1,0,7 58 9,1,5,,291202,14,,,1,18,,291203,1,0,7 58 9,1,5,,291204,1,0,57 43 44 61 62,1,5,,291205,1,0,7 58 9,1,2,,291206,14,,,1,5,,291207,1,0,7 58 9,1,55,,291208,1,0,57 43 44 61 62,1,5,,291209,1,0,7 58 9,1,5,,291210,1,0,7 58 9,1,2,,291211,14,,,1,8,,291212,1,0,31 59 60,1,5,,291213,1,0,31 59 60,1,5,,291214,1,0,31 59 60,1,5,,291215,1,0,57 43 44 61 62,1,10,,291216,1,0,7 58 9,1,2,,291217,14,,,1,11,,291218,1,0,31 59 60,1,50,,291219,1,0,57 43 44 61 62,1,5,,291220,1,0,7 58 9,1,5,,291221,14,,,1,10,,291222,1,0,31 59 60,1,10,,291223,1,0,57 43 44 61 62,1,10,,291224,1,0,7 58 9,1,5,,291225,14,,,1,47,,291226,1,0,7 58 9,1,15,,291227,1,0,7 58 9,1,8,,291228,14,,,1,7,,291229,1,0,31 59 60,1,10,,291230,1,0,7 58 9,1,8,,291231,14,,,1,52,,291232,1,0,31 59 60,1,15,,291233,1,0,7 58 9,1,3,,291234,14,,,1,12,,291235,1,0,31 59 60,1,10,,291236,1,0,7 58 9,1,13,,291237,14,0,53 59 60,1,47,,291238,1,0,7 58 9,1,13,,291239,14,,,1,17,,291240,1,0,31 59 60,1,13,,291241,14,,,1,12,,291242,1,0,31 59 60,1,53,,291243,14,,,1,17,,291244,1,0,31 59 60,1,5,,291245,2,0,5 59 60,1,11,,291246,14,,,1,14,,291247,1,0,31 59 60,1,50,,291248,2,0,5 59 60,1,6,,291249,14,,,1,19,,291250,2,0,5 59 60,1,11,,291251,14,,,1,59,,291252,2,0,5 59 60,1,7,,291253,14,,,1,18,,291254,2,0,5 59 60,1,12,,291255,14,,,1,18,,291256,2,0,5 59 60,1,61,,291257,14,,,1,14,,291258,2,0,5 59 60,1,13,,291259,14,,,1,62,,291260,2,0,5 59 60,1,13,,291261,14,,,1,12,,291262,2,0,5 59 60,1,18,,291263,14,,,1,62,,291264,2,0,5 59 60,1,13,,291265,14,,,1,12,,291266,2,0,5 59 60,1,16,,291267,14,0,53 59 60,1,64,,291268,2,0,5 59 60,1,11,,291269,14,,,1,19,,291270,2,0,5 59 60,1,11,,291271,14,,,1,54,,291272,2,0,5 59 60,1,13,,291273,14,0,53 59 60,1,30,,291274,14,,,1,65,,291275,14,0,53 59 60,1,97,,291276,14,,,1,100,,291277,14,,,1,100,,291278,14,,,1
4100,'20261110',545,,291279,14,,,1,60,,291280,1,0,7 58 9,1,5,,291281,14,,,1,18,,291282,1,0,7 58 9,1,5,,291283,1,0,57 43 44 61 62,1,5,,291284,1,0,7 58 9,1,2,,291285,14,,,1,5,,291286,1,0,7 58 9,1,55,,291287,1,0,57 43 44 61 62,1,5,,291288,1,0,7 58 9,1,5,,291289,1,0,7 58 9,1,2,,291290,14,,,1,8,,291291,1,0,31 59 60,1,5,,291292,1,0,31 59 60,1,5,,291293,1,0,31 59 60,1,5,,291294,1,0,57 43 44 61 62,1,10,,291295,1,0,7 58 9,1,2,,291296,14,,,1,11,,291297,1,0,31 59 60,1,50,,291298,1,0,57 43 44 61 62,1,5,,291299,1,0,7 58 9,1,5,,291300,14,,,1,10,,291301,1,0,31 59 60,1,10,,291302,1,0,57 43 44 61 62,1,10,,291303,1,0,7 58 9,1,5,,291304,14,,,1,47,,291305,1,0,7 58 9,1,15,,291306,1,0,7 58 9,1,8,,291307,14,,,1,7,,291308,1,0,31 59 60,1,10,,291309,1,0,7 58 9,1,8,,291310,14,,,1,52,,291311,1,0,31 59 60,1,15,,291312,1,0,7 58 9,1,3,,291313,14,,,1,12,,291314,1,0,31 59 60,1,10,,291315,1,0,7 58 9,1,13,,291316,14,0,53 59 60,1,47,,291317,1,0,7 58 9,1,13,,291318,14,,,1,17,,291319,1,0,31 59 60,1,13,,291320,14,,,1,12,,291321,1,0,31 59 60,1,53,,291322,14,,,1,17,,291323,1,0,31 59 60,1,5,,291324,2,0,5 59 60,1,11,,291325,14,,,1,14,,291326,1,0,31 59 60,1,50,,291327,2,0,5 59 60,1,6,,291328,14,,,1,19,,291329,2,0,5 59 60,1,11,,291330,14,,,1,59,,291331,2,0,5 59 60,1,7,,291332,14,,,1,18,,291333,2,0,5 59 60,1,12,,291334,14,,,1,18,,291335,2,0,5 59 60,1,61,,291336,14,,,1,14,,291337,2,0,5 59 60,1,13,,291338,14,,,1,62,,291339,2,0,5 59 60,1,13,,291340,14,,,1,12,,291341,2,0,5 59 60,1,18,,291342,14,,,1,62,,291343,2,0,5 59 60,1,13,,291344,14,,,1,12,,291345,2,0,5 59 60,1,16,,291346,14,0,53 59 60,1,64,,291347,2,0,5 59 60,1,11,,291348,14,,,1,19,,291349,2,0,5 59 60,1,11,,291350,14,,,1,54,,291351,2,0,5 59 60,1,13,,291352,14,0,53 59 60,1,30,,291353,14,,,1,65,,291354,14,0,53 59 60,1,97,,291355,14,,,1,100,,291356,14,,,1,100,,291357,14,,,1
4100,'20261111',545,,291358,14,,,1,60,,291359,1,0,7 58 9,1,5,,291360,14,,,1,18,,291361,1,0,7 58 9,1,5,,291362,1,0,57 43 44 61 62,1,5,,291363,1,0,7 58 9,1,2,,291364,14,,,1,5,,291365,1,0,7 58 9,1,55,,291366,1,0,57 43 44 61 62,1,5,,291367,1,0,7 58 9,1,5,,291368,1,0,7 58 9,1,2,,291369,14,,,1,8,,291370,1,0,31 59 60,1,5,,291371,1,0,31 59 60,1,5,,291372,1,0,31 59 60,1,5,,291373,1,0,57 43 44 61 62,1,10,,291374,1,0,7 58 9,1,2,,291375,14,,,1,11,,291376,1,0,31 59 60,1,50,,291377,1,0,57 43 44 61 62,1,5,,291378,1,0,7 58 9,1,5,,291379,14,,,1,10,,291380,1,0,31 59 60,1,10,,291381,1,0,57 43 44 61 62,1,10,,291382,1,0,7 58 9,1,5,,291383,14,,,1,47,,291384,1,0,7 58 9,1,15,,291385,1,0,7 58 9,1,8,,291386,14,,,1,7,,291387,1,0,31 59 60,1,10,,291388,1,0,7 58 9,1,8,,291389,14,,,1,52,,291390,1,0,31 59 60,1,15,,291391,1,0,7 58 9,1,3,,291392,14,,,1,12,,291393,1,0,31 59 60,1,10,,291394,1,0,7 58 9,1,13,,291395,14,0,53 59 60,1,47,,291396,1,0,7 58 9,1,13,,291397,14,,,1,17,,291398,1,0,31 59 60,1,13,,291399,14,,,1,12,,291400,1,0,31 59 60,1,53,,291401,14,,,1,17,,291402,1,0,31 59 60,1,5,,291403,2,0,5 59 60,1,11,,291404,14,,,1,14,,291405,1,0,31 59 60,1,50,,291406,2,0,5 59 60,1,6,,291407,14,,,1,19,,291408,2,0,5 59 60,1,11,,291409,14,,,1,59,,291410,2,0,5 59 60,1,7,,291411,14,,,1,18,,291412,2,0,5 59 60,1,12,,291413,14,,,1,18,,291414,2,0,5 59 60,1,61,,291415,14,,,1,14,,291416,2,0,5 59 60,1,13,,291417,14,,,1,62,,291418,2,0,5 59 60,1,13,,291419,14,,,1,12,,291420,2,0,5 59 60,1,18,,291421,14,,,1,62,,291422,2,0,5 59 60,1,13,,291423,14,,,1,12,,291424,2,0,5 59 60,1,16,,291425,14,0,53 59 60,1,64,,291426,2,0,5 59 60,1,11,,291427,14,,,1,19,,291428,2,0,5 59 60,1,11,,291429,14,,,1,54,,291430,2,0,5 59 60,1,13,,291431,14,0,53 59 60,1,30,,291432,14,,,1,65,,291433,14,0,53 59 60,1,97,,291434,14,,,1,100,,291435,14,,,1,100,,291436,14,,,1
4100,'20261112',545,,291437,14,,,1,60,,291438,1,0,7 58 9,1,5,,291439,14,,,1,18,,291440,1,0,7 58 9,1,5,,291441,1,0,57 43 44 61 62,1,5,,291442,1,0,7 58 9,1,2,,291443,14,,,1,5,,291444,1,0,7 58 9,1,55,,291445,1,0,57 43 44 61 62,1,5,,291446,1,0,7 58 9,1,5,,291447,1,0,7 58 9,1,2,,291448,14,,,1,8,,291449,1,0,31 59 60,1,5,,291450,1,0,31 59 60,1,5,,291451,1,0,31 59 60,1,5,,291452,1,0,57 43 44 61 62,1,10,,291453,1,0,7 58 9,1,2,,291454,14,,,1,11,,291455,1,0,31 59 60,1,50,,291456,1,0,57 43 44 61 62,1,5,,291457,1,0,7 58 9,1,5,,291458,14,,,1,10,,291459,1,0,31 59 60,1,10,,291460,1,0,57 43 44 61 62,1,10,,291461,1,0,7 58 9,1,5,,291462,14,,,1,47,,291463,1,0,7 58 9,1,15,,291464,1,0,7 58 9,1,8,,291465,14,,,1,7,,291466,1,0,31 59 60,1,10,,291467,1,0,7 58 9,1,8,,291468,14,,,1,52,,291469,1,0,31 59 60,1,15,,291470,1,0,7 58 9,1,3,,291471,14,,,1,12,,291472,1,0,31 59 60,1,10,,291473,1,0,7 58 9,1,13,,291474,14,0,53 59 60,1,47,,291475,1,0,7 58 9,1,13,,291476,14,,,1,17,,291477,1,0,31 59 60,1,13,,291478,14,,,1,12,,291479,1,0,31 59 60,1,53,,291480,14,,,1,17,,291481,1,0,31 59 60,1,5,,291482,2,0,5 59 60,1,11,,291483,14,,,1,14,,291484,1,0,31 59 60,1,50,,291485,2,0,5 59 60,1,6,,291486,14,,,1,19,,291487,2,0,5 59 60,1,11,,291488,14,,,1,59,,291489,2,0,5 59 60,1,7,,291490,14,,,1,18,,291491,2,0,5 59 60,1,12,,291492,14,,,1,18,,291493,2,0,5 59 60,1,61,,291494,14,,,1,14,,291495,2,0,5 59 60,1,13,,291496,14,,,1,62,,291497,2,0,5 59 60,1,13,,291498,14,,,1,12,,291499,2,0,5 59 60,1,18,,291500,14,,,1,62,,291501,2,0,5 59 60,1,13,,291502,14,,,1,12,,291503,2,0,5 59 60,1,16,,291504,14,0,53 59 60,1,64,,291505,2,0,5 59 60,1,11,,291506,14,,,1,19,,291507,2,0,5 59 60,1,11,,291508,14,,,1,54,,291509,2,0,5 59 60,1,13,,291510,14,0,53 59 60,1,30,,291511,14,,,1,65,,291512,14,0,53 59 60,1,97,,291513,14,,,1,100,,291514,14,,,1,100,,291515,14,,,1
4100,'20261113',545,,291516,14,,,1,60,,291517,1,0,7 58 9,1,5,,291518,14,,,1,18,,291519,1,0,7 58 9,1,5,,291520,1,0,57 43 44 61 62,1,5,,291521,1,0,7 58 9,1,2,,291522,14,,,1,5,,291523,1,0,7 58 9,1,55,,291524,1,0,57 43 44 61 62,1,5,,291525,1,0,7 58 9,1,5,,291526,1,0,7 58 9,1,2,,291527,14,,,1,8,,291528,1,0,31 59 60,1,5,,291529,1,0,31 59 60,1,5,,291530,1,0,31 59 60,1,5,,291531,1,0,57 43 44 61 62,1,10,,291532,1,0,7 58 9,1,2,,291533,14,,,1,11,,291534,1,0,31 59 60,1,50,,291535,1,0,57 43 44 61 62,1,5,,291536,1,0,7 58 9,1,5,,291537,14,,,1,10,,291538,1,0,31 59 60,1,10,,291539,1,0,57 43 44 61 62,1,10,,291540,1,0,7 58 9,1,5,,291541,14,,,1,47,,291542,1,0,7 58 9,1,15,,291543,1,0,7 58 9,1,8,,291544,14,,,1,7,,291545,1,0,31 59 60,1,10,,291546,1,0,7 58 9,1,8,,291547,14,,,1,52,,291548,1,0,31 59 60,1,15,,291549,1,0,7 58 9,1,3,,291550,14,,,1,12,,291551,1,0,31 59 60,1,10,,291552,1,0,7 58 9,1,13,,291553,14,0,53 59 60,1,47,,291554,1,0,7 58 9,1,13,,291555,14,,,1,17,,291556,1,0,31 59 60,1,13,,291557,14,,,1,12,,291558,1,0,31 59 60,1,53,,291559,14,,,1,17,,291560,1,0,31 59 60,1,5,,291561,2,0,5 59 60,1,11,,291562,14,,,1,14,,291563,1,0,31 59 60,1,50,,291564,2,0,5 59 60,1,6,,291565,14,,,1,19,,291566,2,0,5 59 60,1,11,,291567,14,,,1,59,,291568,2,0,5 59 60,1,7,,291569,14,,,1,18,,291570,2,0,5 59 60,1,12,,291571,14,,,1,18,,291572,2,0,5 59 60,1,61,,291573,14,,,1,14,,291574,2,0,5 59 60,1,13,,291575,14,,,1,62,,291576,2,0,5 59 60,1,13,,291577,14,,,1,12,,291578,2,0,5 59 60,1,18,,291579,14,,,1,62,,291580,2,0,5 59 60,1,13,,291581,14,,,1,12,,291582,2,0,5 59 60,1,16,,291583,14,0,53 59 60,1,64,,291584,2,0,5 59 60,1,11,,291585,14,,,1,19,,291586,2,0,5 59 60,1,11,,291587,14,,,1,54,,291588,2,0,5 59 60,1,13,,291589,14,0,53 59 60,1,30,,291590,14,,,1,65,,291591,14,0,53 59 60,1,97,,291592,14,,,1,100,,291593,14,,,1,100,,291594,14,,,1
4100,'20261116',545,,291595,14,,,1,60,,291596,1,0,7 58 9,1,5,,291597,14,,,1,18,,291598,1,0,7 58 9,1,5,,291599,1,0,57 43 44 61 62,1,5,,291600,1,0,7 58 9,1,2,,291601,14,,,1,5,,291602,1,0,7 58 9,1,55,,291603,1,0,57 43 44 61 62,1,5,,291604,1,0,7 58 9,1,5,,291605,1,0,7 58 9,1,2,,291606,14,,,1,8,,291607,1,0,31 59 60,1,5,,291608,1,0,31 59 60,1,5,,291609,1,0,31 59 60,1,5,,291610,1,0,57 43 44 61 62,1,10,,291611,1,0,7 58 9,1,2,,291612,14,,,1,11,,291613,1,0,31 59 60,1,50,,291614,1,0,57 43 44 61 62,1,5,,291615,1,0,7 58 9,1,5,,291616,14,,,1,10,,291617,1,0,31 59 60,1,10,,291618,1,0,57 43 44 61 62,1,10,,291619,1,0,7 58 9,1,5,,291620,14,,,1,47,,291621,1,0,7 58 9,1,15,,291622,1,0,7 58 9,1,8,,291623,14,,,1,7,,291624,1,0,31 59 60,1,10,,291625,1,0,7 58 9,1,8,,291626,14,,,1,52,,291627,1,0,31 59 60,1,15,,291628,1,0,7 58 9,1,3,,291629,14,,,1,12,,291630,1,0,31 59 60,1,10,,291631,1,0,7 58 9,1,13,,291632,14,0,53 59 60,1,47,,291633,1,0,7 58 9,1,13,,291634,14,,,1,17,,291635,1,0,31 59 60,1,13,,291636,14,,,1,12,,291637,1,0,31 59 60,1,53,,291638,14,,,1,17,,291639,1,0,31 59 60,1,5,,291640,2,0,5 59 60,1,11,,291641,14,,,1,14,,291642,1,0,31 59 60,1,50,,291643,2,0,5 59 60,1,6,,291644,14,,,1,19,,291645,2,0,5 59 60,1,11,,291646,14,,,1,59,,291647,2,0,5 59 60,1,7,,291648,14,,,1,18,,291649,2,0,5 59 60,1,12,,291650,14,,,1,18,,291651,2,0,5 59 60,1,61,,291652,14,,,1,14,,291653,2,0,5 59 60,1,13,,291654,14,,,1,62,,291655,2,0,5 59 60,1,13,,291656,14,,,1,12,,291657,2,0,5 59 60,1,18,,291658,14,,,1,62,,291659,2,0,5 59 60,1,13,,291660,14,,,1,12,,291661,2,0,5 59 60,1,16,,291662,14,0,53 59 60,1,64,,291663,2,0,5 59 60,1,11,,291664,14,,,1,19,,291665,2,0,5 59 60,1,11,,291666,14,,,1,54,,291667,2,0,5 59 60,1,13,,291668,14,0,53 59 60,1,30,,291669,14,,,1,65,,291670,14,0,53 59 60,1,97,,291671,14,,,1,100,,291672,14,,,1,100,,291673,14,,,1
4100,'20261117',545,,291674,14,,,1,60,,291675,1,0,7 58 9,1,5,,291676,14,,,1,18,,291677,1,0,7 58 9,1,5,,291678,1,0,57 43 44 61 62,1,5,,291679,1,0,7 58 9,1,2,,291680,14,,,1,5,,291681,1,0,7 58 9,1,55,,291682,1,0,57 43 44 61 62,1,5,,291683,1,0,7 58 9,1,5,,291684,1,0,7 58 9,1,2,,291685,14,,,1,8,,291686,1,0,31 59 60,1,5,,291687,1,0,31 59 60,1,5,,291688,1,0,31 59 60,1,5,,291689,1,0,57 43 44 61 62,1,10,,291690,1,0,7 58 9,1,2,,291691,14,,,1,11,,291692,1,0,31 59 60,1,50,,291693,1,0,57 43 44 61 62,1,5,,291694,1,0,7 58 9,1,5,,291695,14,,,1,10,,291696,1,0,31 59 60,1,10,,291697,1,0,57 43 44 61 62,1,10,,291698,1,0,7 58 9,1,5,,291699,14,,,1,47,,291700,1,0,7 58 9,1,15,,291701,1,0,7 58 9,1,8,,291702,14,,,1,7,,291703,1,0,31 59 60,1,10,,291704,1,0,7 58 9,1,8,,291705,14,,,1,52,,291706,1,0,31 59 60,1,15,,291707,1,0,7 58 9,1,3,,291708,14,,,1,12,,291709,1,0,31 59 60,1,10,,291710,1,0,7 58 9,1,13,,291711,14,0,53 59 60,1,47,,291712,1,0,7 58 9,1,13,,291713,14,,,1,17,,291714,1,0,31 59 60,1,13,,291715,14,,,1,12,,291716,1,0,31 59 60,1,53,,291717,14,,,1,17,,291718,1,0,31 59 60,1,5,,291719,2,0,5 59 60,1,11,,291720,14,,,1,14,,291721,1,0,31 59 60,1,50,,291722,2,0,5 59 60,1,6,,291723,14,,,1,19,,291724,2,0,5 59 60,1,11,,291725,14,,,1,59,,291726,2,0,5 59 60,1,7,,291727,14,,,1,18,,291728,2,0,5 59 60,1,12,,291729,14,,,1,18,,291730,2,0,5 59 60,1,61,,291731,14,,,1,14,,291732,2,0,5 59 60,1,13,,291733,14,,,1,62,,291734,2,0,5 59 60,1,13,,291735,14,,,1,12,,291736,2,0,5 59 60,1,18,,291737,14,,,1,62,,291738,2,0,5 59 60,1,13,,291739,14,,,1,12,,291740,2,0,5 59 60,1,16,,291741,14,0,53 59 60,1,64,,291742,2,0,5 59 60,1,11,,291743,14,,,1,19,,291744,2,0,5 59 60,1,11,,291745,14,,,1,54,,291746,2,0,5 59 60,1,13,,291747,14,0,53 59 60,1,30,,291748,14,,,1,65,,291749,14,0,53 59 60,1,97,,291750,14,,,1,100,,291751,14,,,1,100,,291752,14,,,1
4100,'20261118',545,,291753,14,,,1,60,,291754,1,0,7 58 9,1,5,,291755,14,,,1,18,,291756,1,0,7 58 9,1,5,,291757,1,0,57 43 44 61 62,1,5,,291758,1,0,7 58 9,1,2,,291759,14,,,1,5,,291760,1,0,7 58 9,1,55,,291761,1,0,57 43 44 61 62,1,5,,291762,1,0,7 58 9,1,5,,291763,1,0,7 58 9,1,2,,291764,14,,,1,8,,291765,1,0,31 59 60,1,5,,291766,1,0,31 59 60,1,5,,291767,1,0,31 59 60,1,5,,291768,1,0,57 43 44 61 62,1,10,,291769,1,0,7 58 9,1,2,,291770,14,,,1,11,,291771,1,0,31 59 60,1,50,,291772,1,0,57 43 44 61 62,1,5,,291773,1,0,7 58 9,1,5,,291774,14,,,1,10,,291775,1,0,31 59 60,1,10,,291776,1,0,57 43 44 61 62,1,10,,291777,1,0,7 58 9,1,5,,291778,14,,,1,47,,291779,1,0,7 58 9,1,15,,291780,1,0,7 58 9,1,8,,291781,14,,,1,7,,291782,1,0,31 59 60,1,10,,291783,1,0,7 58 9,1,8,,291784,14,,,1,52,,291785,1,0,31 59 60,1,15,,291786,1,0,7 58 9,1,3,,291787,14,,,1,12,,291788,1,0,31 59 60,1,10,,291789,1,0,7 58 9,1,13,,291790,14,0,53 59 60,1,47,,291791,1,0,7 58 9,1,13,,291792,14,,,1,17,,291793,1,0,31 59 60,1,13,,291794,14,,,1,12,,291795,1,0,31 59 60,1,53,,291796,14,,,1,17,,291797,1,0,31 59 60,1,5,,291798,2,0,5 59 60,1,11,,291799,14,,,1,14,,291800,1,0,31 59 60,1,50,,291801,2,0,5 59 60,1,6,,291802,14,,,1,19,,291803,2,0,5 59 60,1,11,,291804,14,,,1,59,,291805,2,0,5 59 60,1,7,,291806,14,,,1,18,,291807,2,0,5 59 60,1,12,,291808,14,,,1,18,,291809,2,0,5 59 60,1,61,,291810,14,,,1,14,,291811,2,0,5 59 60,1,13,,291812,14,,,1,62,,291813,2,0,5 59 60,1,13,,291814,14,,,1,12,,291815,2,0,5 59 60,1,18,,291816,14,,,1,62,,291817,2,0,5 59 60,1,13,,291818,14,,,1,12,,291819,2,0,5 59 60,1,16,,291820,14,0,53 59 60,1,64,,291821,2,0,5 59 60,1,11,,291822,14,,,1,19,,291823,2,0,5 59 60,1,11,,291824,14,,,1,54,,291825,2,0,5 59 60,1,13,,291826,14,0,53 59 60,1,30,,291827,14,,,1,65,,291828,14,0,53 59 60,1,97,,291829,14,,,1,100,,291830,14,,,1,100,,291831,14,,,1
4100,'20261119',545,,291832,14,,,1,60,,291833,1,0,7 58 9,1,5,,291834,14,,,1,18,,291835,1,0,7 58 9,1,5,,291836,1,0,57 43 44 61 62,1,5,,291837,1,0,7 58 9,1,2,,291838,14,,,1,5,,291839,1,0,7 58 9,1,55,,291840,1,0,57 43 44 61 62,1,5,,291841,1,0,7 58 9,1,5,,291842,1,0,7 58 9,1,2,,291843,14,,,1,8,,291844,1,0,31 59 60,1,5,,291845,1,0,31 59 60,1,5,,291846,1,0,31 59 60,1,5,,291847,1,0,57 43 44 61 62,1,10,,291848,1,0,7 58 9,1,2,,291849,14,,,1,11,,291850,1,0,31 59 60,1,50,,291851,1,0,57 43 44 61 62,1,5,,291852,1,0,7 58 9,1,5,,291853,14,,,1,10,,291854,1,0,31 59 60,1,10,,291855,1,0,57 43 44 61 62,1,10,,291856,1,0,7 58 9,1,5,,291857,14,,,1,47,,291858,1,0,7 58 9,1,15,,291859,1,0,7 58 9,1,8,,291860,14,,,1,7,,291861,1,0,31 59 60,1,10,,291862,1,0,7 58 9,1,8,,291863,14,,,1,52,,291864,1,0,31 59 60,1,15,,291865,1,0,7 58 9,1,3,,291866,14,,,1,12,,291867,1,0,31 59 60,1,10,,291868,1,0,7 58 9,1,13,,291869,14,0,53 59 60,1,47,,291870,1,0,7 58 9,1,13,,291871,14,,,1,17,,291872,1,0,31 59 60,1,13,,291873,14,,,1,12,,291874,1,0,31 59 60,1,53,,291875,14,,,1,17,,291876,1,0,31 59 60,1,5,,291877,2,0,5 59 60,1,11,,291878,14,,,1,14,,291879,1,0,31 59 60,1,50,,291880,2,0,5 59 60,1,6,,291881,14,,,1,19,,291882,2,0,5 59 60,1,11,,291883,14,,,1,59,,291884,2,0,5 59 60,1,7,,291885,14,,,1,18,,291886,2,0,5 59 60,1,12,,291887,14,,,1,18,,291888,2,0,5 59 60,1,61,,291889,14,,,1,14,,291890,2,0,5 59 60,1,13,,291891,14,,,1,62,,291892,2,0,5 59 60,1,13,,291893,14,,,1,12,,291894,2,0,5 59 60,1,18,,291895,14,,,1,62,,291896,2,0,5 59 60,1,13,,291897,14,,,1,12,,291898,2,0,5 59 60,1,16,,291899,14,0,53 59 60,1,64,,291900,2,0,5 59 60,1,11,,291901,14,,,1,19,,291902,2,0,5 59 60,1,11,,291903,14,,,1,54,,291904,2,0,5 59 60,1,13,,291905,14,0,53 59 60,1,30,,291906,14,,,1,65,,291907,14,0,53 59 60,1,97,,291908,14,,,1,100,,291909,14,,,1,100,,291910,14,,,1
4100,'20261120',545,,291911,14,,,1,60,,291912,1,0,7 58 9,1,5,,291913,14,,,1,18,,291914,1,0,7 58 9,1,5,,291915,1,0,57 43 44 61 62,1,5,,291916,1,0,7 58 9,1,2,,291917,14,,,1,5,,291918,1,0,7 58 9,1,55,,291919,1,0,57 43 44 61 62,1,5,,291920,1,0,7 58 9,1,5,,291921,1,0,7 58 9,1,2,,291922,14,,,1,8,,291923,1,0,31 59 60,1,5,,291924,1,0,31 59 60,1,5,,291925,1,0,31 59 60,1,5,,291926,1,0,57 43 44 61 62,1,10,,291927,1,0,7 58 9,1,2,,291928,14,,,1,11,,291929,1,0,31 59 60,1,50,,291930,1,0,57 43 44 61 62,1,5,,291931,1,0,7 58 9,1,5,,291932,14,,,1,10,,291933,1,0,31 59 60,1,10,,291934,1,0,57 43 44 61 62,1,10,,291935,1,0,7 58 9,1,5,,291936,14,,,1,47,,291937,1,0,7 58 9,1,15,,291938,1,0,7 58 9,1,8,,291939,14,,,1,7,,291940,1,0,31 59 60,1,10,,291941,1,0,7 58 9,1,8,,291942,14,,,1,52,,291943,1,0,31 59 60,1,15,,291944,1,0,7 58 9,1,3,,291945,14,,,1,12,,291946,1,0,31 59 60,1,10,,291947,1,0,7 58 9,1,13,,291948,14,0,53 59 60,1,47,,291949,1,0,7 58 9,1,13,,291950,14,,,1,17,,291951,1,0,31 59 60,1,13,,291952,14,,,1,12,,291953,1,0,31 59 60,1,53,,291954,14,,,1,17,,291955,1,0,31 59 60,1,5,,291956,2,0,5 59 60,1,11,,291957,14,,,1,14,,291958,1,0,31 59 60,1,50,,291959,2,0,5 59 60,1,6,,291960,14,,,1,19,,291961,2,0,5 59 60,1,11,,291962,14,,,1,59,,291963,2,0,5 59 60,1,7,,291964,14,,,1,18,,291965,2,0,5 59 60,1,12,,291966,14,,,1,18,,291967,2,0,5 59 60,1,61,,291968,14,,,1,14,,291969,2,0,5 59 60,1,13,,291970,14,,,1,62,,291971,2,0,5 59 60,1,13,,291972,14,,,1,12,,291973,2,0,5 59 60,1,18,,291974,14,,,1,62,,291975,2,0,5 59 60,1,13,,291976,14,,,1,12,,291977,2,0,5 59 60,1,16,,291978,14,0,53 59 60,1,64,,291979,2,0,5 59 60,1,11,,291980,14,,,1,19,,291981,2,0,5 59 60,1,11,,291982,14,,,1,54,,291983,2,0,5 59 60,1,13,,291984,14,0,53 59 60,1,30,,291985,14,,,1,65,,291986,14,0,53 59 60,1,97,,291987,14,,,1,100,,291988,14,,,1,100,,291989,14,,,1
4100,'20261123',545,,291990,14,,,1,60,,291991,1,0,7 58 9,1,5,,291992,14,,,1,18,,291993,1,0,7 58 9,1,5,,291994,1,0,57 43 44 61 62,1,5,,291995,1,0,7 58 9,1,2,,291996,14,,,1,5,,291997,1,0,7 58 9,1,55,,291998,1,0,57 43 44 61 62,1,5,,291999,1,0,7 58 9,1,5,,292000,1,0,7 58 9,1,2,,292001,14,,,1,8,,292002,1,0,31 59 60,1,5,,292003,1,0,31 59 60,1,5,,292004,1,0,31 59 60,1,5,,292005,1,0,57 43 44 61 62,1,10,,292006,1,0,7 58 9,1,2,,292007,14,,,1,11,,292008,1,0,31 59 60,1,50,,292009,1,0,57 43 44 61 62,1,5,,292010,1,0,7 58 9,1,5,,292011,14,,,1,10,,292012,1,0,31 59 60,1,10,,292013,1,0,57 43 44 61 62,1,10,,292014,1,0,7 58 9,1,5,,292015,14,,,1,47,,292016,1,0,7 58 9,1,15,,292017,1,0,7 58 9,1,8,,292018,14,,,1,7,,292019,1,0,31 59 60,1,10,,292020,1,0,7 58 9,1,8,,292021,14,,,1,52,,292022,1,0,31 59 60,1,15,,292023,1,0,7 58 9,1,3,,292024,14,,,1,12,,292025,1,0,31 59 60,1,10,,292026,1,0,7 58 9,1,13,,292027,14,0,53 59 60,1,47,,292028,1,0,7 58 9,1,13,,292029,14,,,1,17,,292030,1,0,31 59 60,1,13,,292031,14,,,1,12,,292032,1,0,31 59 60,1,53,,292033,14,,,1,17,,292034,1,0,31 59 60,1,5,,292035,2,0,5 59 60,1,11,,292036,14,,,1,14,,292037,1,0,31 59 60,1,50,,292038,2,0,5 59 60,1,6,,292039,14,,,1,19,,292040,2,0,5 59 60,1,11,,292041,14,,,1,59,,292042,2,0,5 59 60,1,7,,292043,14,,,1,18,,292044,2,0,5 59 60,1,12,,292045,14,,,1,18,,292046,2,0,5 59 60,1,61,,292047,14,,,1,14,,292048,2,0,5 59 60,1,13,,292049,14,,,1,62,,292050,2,0,5 59 60,1,13,,292051,14,,,1,12,,292052,2,0,5 59 60,1,18,,292053,14,,,1,62,,292054,2,0,5 59 60,1,13,,292055,14,,,1,12,,292056,2,0,5 59 60,1,16,,292057,14,0,53 59 60,1,64,,292058,2,0,5 59 60,1,11,,292059,14,,,1,19,,292060,2,0,5 59 60,1,11,,292061,14,,,1,54,,292062,2,0,5 59 60,1,13,,292063,14,0,53 59 60,1,30,,292064,14,,,1,65,,292065,14,0,53 59 60,1,97,,292066,14,,,1,100,,292067,14,,,1,100,,292068,14,,,1
4100,'20261124',545,,292069,14,,,1,60,,292070,1,0,7 58 9,1,5,,292071,14,,,1,18,,292072,1,0,7 58 9,1,5,,292073,1,0,57 43 44 61 62,1,5,,292074,1,0,7 58 9,1,2,,292075,14,,,1,5,,292076,1,0,7 58 9,1,55,,292077,1,0,57 43 44 61 62,1,5,,292078,1,0,7 58 9,1,5,,292079,1,0,7 58 9,1,2,,292080,14,,,1,8,,292081,1,0,31 59 60,1,5,,292082,1,0,31 59 60,1,5,,292083,1,0,31 59 60,1,5,,292084,1,0,57 43 44 61 62,1,10,,292085,1,0,7 58 9,1,2,,292086,14,,,1,11,,292087,1,0,31 59 60,1,50,,292088,1,0,57 43 44 61 62,1,5,,292089,1,0,7 58 9,1,5,,292090,14,,,1,10,,292091,1,0,31 59 60,1,10,,292092,1,0,57 43 44 61 62,1,10,,292093,1,0,7 58 9,1,5,,292094,14,,,1,47,,292095,1,0,7 58 9,1,15,,292096,1,0,7 58 9,1,8,,292097,14,,,1,7,,292098,1,0,31 59 60,1,10,,292099,1,0,7 58 9,1,8,,292100,14,,,1,52,,292101,1,0,31 59 60,1,15,,292102,1,0,7 58 9,1,3,,292103,14,,,1,12,,292104,1,0,31 59 60,1,10,,292105,1,0,7 58 9,1,13,,292106,14,0,53 59 60,1,47,,292107,1,0,7 58 9,1,13,,292108,14,,,1,17,,292109,1,0,31 59 60,1,13,,292110,14,,,1,12,,292111,1,0,31 59 60,1,53,,292112,14,,,1,17,,292113,1,0,31 59 60,1,5,,292114,2,0,5 59 60,1,11,,292115,14,,,1,14,,292116,1,0,31 59 60,1,50,,292117,2,0,5 59 60,1,6,,292118,14,,,1,19,,292119,2,0,5 59 60,1,11,,292120,14,,,1,59,,292121,2,0,5 59 60,1,7,,292122,14,,,1,18,,292123,2,0,5 59 60,1,12,,292124,14,,,1,18,,292125,2,0,5 59 60,1,61,,292126,14,,,1,14,,292127,2,0,5 59 60,1,13,,292128,14,,,1,62,,292129,2,0,5 59 60,1,13,,292130,14,,,1,12,,292131,2,0,5 59 60,1,18,,292132,14,,,1,62,,292133,2,0,5 59 60,1,13,,292134,14,,,1,12,,292135,2,0,5 59 60,1,16,,292136,14,0,53 59 60,1,64,,292137,2,0,5 59 60,1,11,,292138,14,,,1,19,,292139,2,0,5 59 60,1,11,,292140,14,,,1,54,,292141,2,0,5 59 60,1,13,,292142,14,0,53 59 60,1,30,,292143,14,,,1,65,,292144,14,0,53 59 60,1,97,,292145,14,,,1,100,,292146,14,,,1,100,,292147,14,,,1
4100,'20261125',545,,292148,14,,,1,60,,292149,1,0,7 58 9,1,5,,292150,14,,,1,18,,292151,1,0,7 58 9,1,5,,292152,1,0,57 43 44 61 62,1,5,,292153,1,0,7 58 9,1,2,,292154,14,,,1,5,,292155,1,0,7 58 9,1,55,,292156,1,0,57 43 44 61 62,1,5,,292157,1,0,7 58 9,1,5,,292158,1,0,7 58 9,1,2,,292159,14,,,1,8,,292160,1,0,31 59 60,1,5,,292161,1,0,31 59 60,1,5,,292162,1,0,31 59 60,1,5,,292163,1,0,57 43 44 61 62,1,10,,292164,1,0,7 58 9,1,2,,292165,14,,,1,11,,292166,1,0,31 59 60,1,50,,292167,1,0,57 43 44 61 62,1,5,,292168,1,0,7 58 9,1,5,,292169,14,,,1,10,,292170,1,0,31 59 60,1,10,,292171,1,0,57 43 44 61 62,1,10,,292172,1,0,7 58 9,1,5,,292173,14,,,1,47,,292174,1,0,7 58 9,1,15,,292175,1,0,7 58 9,1,8,,292176,14,,,1,7,,292177,1,0,31 59 60,1,10,,292178,1,0,7 58 9,1,8,,292179,14,,,1,52,,292180,1,0,31 59 60,1,15,,292181,1,0,7 58 9,1,3,,292182,14,,,1,12,,292183,1,0,31 59 60,1,10,,292184,1,0,7 58 9,1,13,,292185,14,0,53 59 60,1,47,,292186,1,0,7 58 9,1,13,,292187,14,,,1,17,,292188,1,0,31 59 60,1,13,,292189,14,,,1,12,,292190,1,0,31 59 60,1,53,,292191,14,,,1,17,,292192,1,0,31 59 60,1,5,,292193,2,0,5 59 60,1,11,,292194,14,,,1,14,,292195,1,0,31 59 60,1,50,,292196,2,0,5 59 60,1,6,,292197,14,,,1,19,,292198,2,0,5 59 60,1,11,,292199,14,,,1,59,,292200,2,0,5 59 60,1,7,,292201,14,,,1,18,,292202,2,0,5 59 60,1,12,,292203,14,,,1,18,,292204,2,0,5 59 60,1,61,,292205,14,,,1,14,,292206,2,0,5 59 60,1,13,,292207,14,,,1,62,,292208,2,0,5 59 60,1,13,,292209,14,,,1,12,,292210,2,0,5 59 60,1,18,,292211,14,,,1,62,,292212,2,0,5 59 60,1,13,,292213,14,,,1,12,,292214,2,0,5 59 60,1,16,,292215,14,0,53 59 60,1,64,,292216,2,0,5 59 60,1,11,,292217,14,,,1,19,,292218,2,0,5 59 60,1,11,,292219,14,,,1,54,,292220,2,0,5 59 60,1,13,,292221,14,0,53 59 60,1,30,,292222,14,,,1,65,,292223,14,0,53 59 60,1,97,,292224,14,,,1,100,,292225,14,,,1,100,,292226,14,,,1
4100,'20261126',545,,292227,14,,,1,60,,292228,1,0,7 58 9,1,5,,292229,14,,,1,18,,292230,1,0,7 58 9,1,5,,292231,1,0,57 43 44 61 62,1,5,,292232,1,0,7 58 9,1,2,,292233,14,,,1,5,,292234,1,0,7 58 9,1,55,,292235,1,0,57 43 44 61 62,1,5,,292236,1,0,7 58 9,1,5,,292237,1,0,7 58 9,1,2,,292238,14,,,1,8,,292239,1,0,31 59 60,1,5,,292240,1,0,31 59 60,1,5,,292241,1,0,31 59 60,1,5,,292242,1,0,57 43 44 61 62,1,10,,292243,1,0,7 58 9,1,2,,292244,14,,,1,11,,292245,1,0,31 59 60,1,50,,292246,1,0,57 43 44 61 62,1,5,,292247,1,0,7 58 9,1,5,,292248,14,,,1,10,,292249,1,0,31 59 60,1,10,,292250,1,0,57 43 44 61 62,1,10,,292251,1,0,7 58 9,1,5,,292252,14,,,1,47,,292253,1,0,7 58 9,1,15,,292254,1,0,7 58 9,1,8,,292255,14,,,1,7,,292256,1,0,31 59 60,1,10,,292257,1,0,7 58 9,1,8,,292258,14,,,1,52,,292259,1,0,31 59 60,1,15,,292260,1,0,7 58 9,1,3,,292261,14,,,1,12,,292262,1,0,31 59 60,1,10,,292263,1,0,7 58 9,1,13,,292264,14,0,53 59 60,1,47,,292265,1,0,7 58 9,1,13,,292266,14,,,1,17,,292267,1,0,31 59 60,1,13,,292268,14,,,1,12,,292269,1,0,31 59 60,1,53,,292270,14,,,1,17,,292271,1,0,31 59 60,1,5,,292272,2,0,5 59 60,1,11,,292273,14,,,1,14,,292274,1,0,31 59 60,1,50,,292275,2,0,5 59 60,1,6,,292276,14,,,1,19,,292277,2,0,5 59 60,1,11,,292278,14,,,1,59,,292279,2,0,5 59 60,1,7,,292280,14,,,1,18,,292281,2,0,5 59 60,1,12,,292282,14,,,1,18,,292283,2,0,5 59 60,1,61,,292284,14,,,1,14,,292285,2,0,5 59 60,1,13,,292286,14,,,1,62,,292287,2,0,5 59 60,1,13,,292288,14,,,1,12,,292289,2,0,5 59 60,1,18,,292290,14,,,1,62,,292291,2,0,5 59 60,1,13,,292292,14,,,1,12,,292293,2,0,5 59 60,1,16,,292294,14,0,53 59 60,1,64,,292295,2,0,5 59 60,1,11,,292296,14,,,1,19,,292297,2,0,5 59 60,1,11,,292298,14,,,1,54,,292299,2,0,5 59 60,1,13,,292300,14,0,53 59 60,1,30,,292301,14,,,1,65,,292302,14,0,53 59 60,1,97,,292303,14,,,1,100,,292304,14,,,1,100,,292305,14,,,1
4100,'20261127',545,,292306,14,,,1,60,,292307,1,0,7 58 9,1,5,,292308,14,,,1,18,,292309,1,0,7 58 9,1,5,,292310,1,0,57 43 44 61 62,1,5,,292311,1,0,7 58 9,1,2,,292312,14,,,1,5,,292313,1,0,7 58 9,1,55,,292314,1,0,57 43 44 61 62,1,5,,292315,1,0,7 58 9,1,5,,292316,1,0,7 58 9,1,2,,292317,14,,,1,8,,292318,1,0,31 59 60,1,5,,292319,1,0,31 59 60,1,5,,292320,1,0,31 59 60,1,5,,292321,1,0,57 43 44 61 62,1,10,,292322,1,0,7 58 9,1,2,,292323,14,,,1,11,,292324,1,0,31 59 60,1,50,,292325,1,0,57 43 44 61 62,1,5,,292326,1,0,7 58 9,1,5,,292327,14,,,1,10,,292328,1,0,31 59 60,1,10,,292329,1,0,57 43 44 61 62,1,10,,292330,1,0,7 58 9,1,5,,292331,14,,,1,47,,292332,1,0,7 58 9,1,15,,292333,1,0,7 58 9,1,8,,292334,14,,,1,7,,292335,1,0,31 59 60,1,10,,292336,1,0,7 58 9,1,8,,292337,14,,,1,52,,292338,1,0,31 59 60,1,15,,292339,1,0,7 58 9,1,3,,292340,14,,,1,12,,292341,1,0,31 59 60,1,10,,292342,1,0,7 58 9,1,13,,292343,14,0,53 59 60,1,47,,292344,1,0,7 58 9,1,13,,292345,14,,,1,17,,292346,1,0,31 59 60,1,13,,292347,14,,,1,12,,292348,1,0,31 59 60,1,53,,292349,14,,,1,17,,292350,1,0,31 59 60,1,5,,292351,2,0,5 59 60,1,11,,292352,14,,,1,14,,292353,1,0,31 59 60,1,50,,292354,2,0,5 59 60,1,6,,292355,14,,,1,19,,292356,2,0,5 59 60,1,11,,292357,14,,,1,59,,292358,2,0,5 59 60,1,7,,292359,14,,,1,18,,292360,2,0,5 59 60,1,12,,292361,14,,,1,18,,292362,2,0,5 59 60,1,61,,292363,14,,,1,14,,292364,2,0,5 59 60,1,13,,292365,14,,,1,62,,292366,2,0,5 59 60,1,13,,292367,14,,,1,12,,292368,2,0,5 59 60,1,18,,292369,14,,,1,62,,292370,2,0,5 59 60,1,13,,292371,14,,,1,12,,292372,2,0,5 59 60,1,16,,292373,14,0,53 59 60,1,64,,292374,2,0,5 59 60,1,11,,292375,14,,,1,19,,292376,2,0,5 59 60,1,11,,292377,14,,,1,54,,292378,2,0,5 59 60,1,13,,292379,14,0,53 59 60,1,30,,292380,14,,,1,65,,292381,14,0,53 59 60,1,97,,292382,14,,,1,100,,292383,14,,,1,100,,292384,14,,,1
4700,'20260910',810,,297504,8,4,,1,605,,297506,2,0,34 20 39,1,95,,297508,2,0,34 20 39,1,90,,297510,2,0,34 20 39,1,20,,297512,2,0,34 20 39,1,85,,297515,2,0,34 20 39,1,10,,297517,2,0,34 20 39,1,10,,297518,2,0,34 20 39,1,15,,297519,8,4,,1,60,,297521,2,0,34 20 39,1,10,,297522,2,0,34 20 39,1,10,,297524,2,4,,1,10,,297526,2,0,34 20 39,1,75,,297528,2,4,,1,35,,297530,2,0,34 20 39,1,60,,297532,2,0,34 20 39,1,27,,297533,2,0,34 20 39,1,18,,297534,14,,,1,7,,297536,2,0,34 20 39,1,70,,297538,2,0,34 20 39,1,23,,297539,14,,,1,7,,297541,2,0,34 20 39,1,68,,297542,2,0,34 20 39,1,25,,297543,14,,,1,100,,297544,14,,,1,65,,297545,14,,,1
4700,'20260911',810,,297546,8,4,,1,605,,297548,2,0,34 20 39,1,95,,297550,2,0,34 20 39,1,90,,297553,2,0,34 20 39,1,15,,297552,3,4,,1,5,,297555,2,0,34 20 39,1,85,,297558,2,0,34 20 39,1,10,,297561,2,0,34 20 39,1,5,,297559,3,4,,1,5,,297562,2,0,34 20 39,1,15,,297563,8,4,,1,60,,297565,2,0,34 20 39,1,10,,297566,2,0,34 20 39,1,10,,297569,2,4,,1,5,,297567,3,4,,1,5,,297571,2,0,34 20 39,1,75,,297573,2,4,,1,35,,297574,3,4,,1,60,,297578,2,0,34 20 39,1,27,,297580,2,0,34 20 39,1,3,,297579,3,4,,1,15,,297581,14,,,1,7,,297583,2,0,34 20 39,1,70,,297585,2,0,34 20 39,1,23,,297586,14,,,1,7,,297588,2,0,34 20 39,1,68,,297589,2,0,34 20 39,1,25,,297590,14,,,1,100,,297591,14,,,1,65,,297592,14,,,1
4700,'20260912',545,,297593,14,,,1,100,,297594,14,,,1,70,,297595,14,,,1,30,,297596,14,,,1,70,,297597,14,,,1,30,,297598,14,,,1,70,,297599,14,,,1,30,,297600,14,,,1,70,,297601,14,,,1,30,,297602,14,,,1,70,,297603,14,,,1,30,,297604,14,,,1,70,,297605,14,,,1,30,,297606,14,,,1,70,,297607,14,,,1,25,,297608,14,,,1,75,,297609,14,,,1,30,,297610,14,,,1,70,,297611,14,,,1,30,,297612,14,,,1,70,,297613,14,,,1,30,,297614,14,,,1,70,,297615,14,,,1,30,,297616,14,,,1,70,,297617,14,,,1,30,,297618,14,,,1,70,,297619,14,,,1,30,,297620,14,,,1,70,,297621,14,,,1,30,,297622,14,,,1,70,,297623,14,,,1,30,,297624,14,,,1,70,,297625,14,,,1,100,,297626,14,,,1,100,,297627,14,,,1
4700,'20260913',545,,297628,14,,,1,100,,297629,14,,,1,70,,297630,14,,,1,30,,297631,14,,,1,70,,297632,14,,,1,30,,297633,14,,,1,70,,297634,14,,,1,30,,297635,14,,,1,70,,297636,14,,,1,30,,297637,14,,,1,70,,297638,14,,,1,30,,297639,14,,,1,70,,297640,14,,,1,30,,297641,14,,,1,70,,297642,14,,,1,25,,297643,14,,,1,75,,297644,14,,,1,30,,297645,14,,,1,70,,297646,14,,,1,30,,297647,14,,,1,70,,297648,14,,,1,30,,297649,14,,,1,70,,297650,14,,,1,30,,297651,14,,,1,70,,297652,14,,,1,30,,297653,14,,,1,70,,297654,14,,,1,30,,297655,14,,,1,70,,297656,14,,,1,30,,297657,14,,,1,70,,297658,14,,,1,30,,297659,14,,,1,70,,297660,14,,,1,100,,297661,14,,,1,100,,297662,14,,,1
4700,'20260914',810,,297663,8,4,,1,605,,297665,2,0,34 20 39,1,95,,297667,2,0,34 20 39,1,90,,297669,2,0,34 20 39,1,20,,297671,2,0,34 20 39,1,85,,297674,2,0,34 20 39,1,10,,297676,2,0,34 20 39,1,10,,297677,2,0,34 20 39,1,15,,297678,8,4,,1,60,,297680,2,0,34 20 39,1,10,,297681,2,0,34 20 39,1,10,,297683,2,4,,1,10,,297685,2,0,34 20 39,1,75,,297687,2,4,,1,35,,297689,2,0,34 20 39,1,60,,297691,2,0,34 20 39,1,27,,297692,2,0,34 20 39,1,18,,297693,14,,,1,7,,297695,2,0,34 20 39,1,70,,297697,2,0,34 20 39,1,23,,297698,14,,,1,7,,297700,2,0,34 20 39,1,68,,297701,2,0,34 20 39,1,25,,297702,14,,,1,100,,297703,14,,,1,65,,297704,14,,,1
4700,'20260915',810,,297705,8,4,,1,605,,297707,2,0,34 20 39,1,95,,297709,2,0,34 20 39,1,90,,297711,2,0,34 20 39,1,20,,297713,2,0,34 20 39,1,85,,297716,2,0,34 20 39,1,10,,297718,2,0,34 20 39,1,10,,297719,2,0,34 20 39,1,15,,297720,8,4,,1,60,,297722,2,0,34 20 39,1,10,,297723,2,0,34 20 39,1,10,,297725,2,4,,1,10,,297727,2,0,34 20 39,1,75,,297729,2,4,,1,35,,297731,2,0,34 20 39,1,60,,297733,2,0,34 20 39,1,27,,297734,2,0,34 20 39,1,18,,297735,14,,,1,7,,297737,2,0,34 20 39,1,70,,297739,2,0,34 20 39,1,23,,297740,14,,,1,7,,297742,2,0,34 20 39,1,68,,297743,2,0,34 20 39,1,25,,297744,14,,,1,100,,297745,14,,,1,65,,297746,14,,,1
4700,'20260916',810,,297747,8,4,,1,605,,297749,2,0,34 20 39,1,95,,297751,2,0,34 20 39,1,90,,297753,2,0,34 20 39,1,20,,297755,2,0,34 20 39,1,85,,297758,2,0,34 20 39,1,10,,297760,2,0,34 20 39,1,10,,297761,2,0,34 20 39,1,15,,297762,8,4,,1,60,,297764,2,0,34 20 39,1,10,,297765,2,0,34 20 39,1,10,,297767,2,4,,1,10,,297769,2,0,34 20 39,1,75,,297771,2,4,,1,35,,297773,2,0,34 20 39,1,60,,297775,2,0,34 20 39,1,27,,297776,2,0,34 20 39,1,18,,297777,14,,,1,7,,297779,2,0,34 20 39,1,70,,297781,2,0,34 20 39,1,23,,297782,14,,,1,7,,297784,2,0,34 20 39,1,68,,297785,2,0,34 20 39,1,25,,297786,14,,,1,100,,297787,14,,,1,65,,297788,14,,,1
4700,'20260917',810,,297789,8,4,,1,605,,297791,2,0,34 20 39,1,95,,297793,2,0,34 20 39,1,90,,297795,2,0,34 20 39,1,20,,297797,2,0,34 20 39,1,85,,297800,2,0,34 20 39,1,10,,297802,2,0,34 20 39,1,10,,297803,2,0,34 20 39,1,15,,297804,8,4,,1,60,,297806,2,0,34 20 39,1,10,,297807,2,0,34 20 39,1,10,,297809,2,4,,1,10,,297811,2,0,34 20 39,1,75,,297813,2,4,,1,35,,297815,2,0,34 20 39,1,60,,297817,2,0,34 20 39,1,27,,297818,2,0,34 20 39,1,18,,297819,14,,,1,7,,297821,2,0,34 20 39,1,70,,297823,2,0,34 20 39,1,23,,297824,14,,,1,7,,297826,2,0,34 20 39,1,68,,297827,2,0,34 20 39,1,25,,297828,14,,,1,100,,297829,14,,,1,65,,297830,14,,,1
4700,'20260918',810,,297831,8,4,,1,605,,297833,2,0,34 20 39,1,95,,297835,2,0,34 20 39,1,90,,297838,2,0,34 20 39,1,15,,297837,3,4,,1,5,,297840,2,0,34 20 39,1,85,,297843,2,0,34 20 39,1,10,,297846,2,0,34 20 39,1,5,,297844,3,4,,1,5,,297847,2,0,34 20 39,1,15,,297848,8,4,,1,60,,297850,2,0,34 20 39,1,10,,297851,2,0,34 20 39,1,10,,297854,2,4,,1,5,,297852,3,4,,1,5,,297856,2,0,34 20 39,1,75,,297858,2,4,,1,35,,297859,3,4,,1,60,,297863,2,0,34 20 39,1,27,,297865,2,0,34 20 39,1,3,,297864,3,4,,1,15,,297866,14,,,1,7,,297868,2,0,34 20 39,1,70,,297870,2,0,34 20 39,1,23,,297871,14,,,1,7,,297873,2,0,34 20 39,1,68,,297874,2,0,34 20 39,1,25,,297875,14,,,1,100,,297876,14,,,1,65,,297877,14,,,1
4700,'20260919',545,,297878,14,,,1,100,,297879,14,,,1,70,,297880,14,,,1,30,,297881,14,,,1,70,,297882,14,,,1,30,,297883,14,,,1,70,,297884,14,,,1,30,,297885,14,,,1,70,,297886,14,,,1,30,,297887,14,,,1,70,,297888,14,,,1,30,,297889,14,,,1,70,,297890,14,,,1,30,,297891,14,,,1,70,,297892,14,,,1,25,,297893,14,,,1,75,,297894,14,,,1,30,,297895,14,,,1,70,,297896,14,,,1,30,,297897,14,,,1,70,,297898,14,,,1,30,,297899,14,,,1,70,,297900,14,,,1,30,,297901,14,,,1,70,,297902,14,,,1,30,,297903,14,,,1,70,,297904,14,,,1,30,,297905,14,,,1,70,,297906,14,,,1,30,,297907,14,,,1,70,,297908,14,,,1,30,,297909,14,,,1,70,,297910,14,,,1,100,,297911,14,,,1,100,,297912,14,,,1
4700,'20260920',545,,297913,14,,,1,100,,297914,14,,,1,70,,297915,14,,,1,30,,297916,14,,,1,70,,297917,14,,,1,30,,297918,14,,,1,70,,297919,14,,,1,30,,297920,14,,,1,70,,297921,14,,,1,30,,297922,14,,,1,70,,297923,14,,,1,30,,297924,14,,,1,70,,297925,14,,,1,30,,297926,14,,,1,70,,297927,14,,,1,25,,297928,14,,,1,75,,297929,14,,,1,30,,297930,14,,,1,70,,297931,14,,,1,30,,297932,14,,,1,70,,297933,14,,,1,30,,297934,14,,,1,70,,297935,14,,,1,30,,297936,14,,,1,70,,297937,14,,,1,30,,297938,14,,,1,70,,297939,14,,,1,30,,297940,14,,,1,70,,297941,14,,,1,30,,297942,14,,,1,70,,297943,14,,,1,30,,297944,14,,,1,70,,297945,14,,,1,100,,297946,14,,,1,100,,297947,14,,,1
4700,'20260921',810,,297948,8,4,,1,605,,297950,2,0,34 20 39,1,95,,297952,2,0,34 20 39,1,90,,297954,2,0,34 20 39,1,20,,297956,2,0,34 20 39,1,85,,297959,2,0,34 20 39,1,10,,297961,2,0,34 20 39,1,10,,297962,2,0,34 20 39,1,15,,297963,8,4,,1,60,,297965,2,0,34 20 39,1,10,,297966,2,0,34 20 39,1,10,,297968,2,4,,1,10,,297970,2,0,34 20 39,1,75,,297972,2,4,,1,35,,297974,2,0,34 20 39,1,60,,297976,2,0,34 20 39,1,27,,297977,2,0,34 20 39,1,18,,297978,14,,,1,7,,297980,2,0,34 20 39,1,70,,297982,2,0,34 20 39,1,23,,297983,14,,,1,7,,297985,2,0,34 20 39,1,68,,297986,2,0,34 20 39,1,25,,297987,14,,,1,100,,297988,14,,,1,65,,297989,14,,,1
4700,'20260922',810,,297990,8,4,,1,605,,297992,2,0,34 20 39,1,95,,297994,2,0,34 20 39,1,90,,297996,2,0,34 20 39,1,20,,297998,2,0,34 20 39,1,85,,298001,2,0,34 20 39,1,10,,298003,2,0,34 20 39,1,10,,298004,2,0,34 20 39,1,15,,298005,8,4,,1,60,,298007,2,0,34 20 39,1,10,,298008,2,0,34 20 39,1,10,,298010,2,4,,1,10,,298012,2,0,34 20 39,1,75,,298014,2,4,,1,35,,298016,2,0,34 20 39,1,60,,298018,2,0,34 20 39,1,27,,298019,2,0,34 20 39,1,18,,298020,14,,,1,7,,298022,2,0,34 20 39,1,70,,298024,2,0,34 20 39,1,23,,298025,14,,,1,7,,298027,2,0,34 20 39,1,68,,298028,2,0,34 20 39,1,25,,298029,14,,,1,100,,298030,14,,,1,65,,298031,14,,,1
4700,'20260923',810,,298032,8,4,,1,605,,298034,2,0,34 20 39,1,95,,298036,2,0,34 20 39,1,90,,298038,2,0,34 20 39,1,20,,298040,2,0,34 20 39,1,85,,298043,2,0,34 20 39,1,10,,298045,2,0,34 20 39,1,10,,298046,2,0,34 20 39,1,15,,298047,8,4,,1,60,,298049,2,0,34 20 39,1,10,,298050,2,0,34 20 39,1,10,,298052,2,4,,1,10,,298054,2,0,34 20 39,1,75,,298056,2,4,,1,35,,298058,2,0,34 20 39,1,60,,298060,2,0,34 20 39,1,27,,298061,2,0,34 20 39,1,18,,298062,14,,,1,7,,298064,2,0,34 20 39,1,70,,298066,2,0,34 20 39,1,23,,298067,14,,,1,7,,298069,2,0,34 20 39,1,68,,298070,2,0,34 20 39,1,25,,298071,14,,,1,100,,298072,14,,,1,65,,298073,14,,,1
4700,'20260924',810,,298074,8,4,,1,605,,298076,2,0,34 20 39,1,95,,298078,2,0,34 20 39,1,90,,298080,2,0,34 20 39,1,20,,298082,2,0,34 20 39,1,85,,298085,2,0,34 20 39,1,10,,298087,2,0,34 20 39,1,10,,298088,2,0,34 20 39,1,15,,298089,8,4,,1,60,,298091,2,0,34 20 39,1,10,,298092,2,0,34 20 39,1,10,,298094,2,4,,1,10,,298096,2,0,34 20 39,1,75,,298098,2,4,,1,35,,298100,2,0,34 20 39,1,60,,298102,2,0,34 20 39,1,27,,298103,2,0,34 20 39,1,18,,298104,14,,,1,7,,298106,2,0,34 20 39,1,70,,298108,2,0,34 20 39,1,23,,298109,14,,,1,7,,298111,2,0,34 20 39,1,68,,298112,2,0,34 20 39,1,25,,298113,14,,,1,100,,298114,14,,,1,65,,298115,14,,,1
4700,'20260925',810,,298116,8,4,,1,605,,298118,2,0,34 20 39,1,95,,298120,2,0,34 20 39,1,90,,298123,2,0,34 20 39,1,15,,298122,3,4,,1,5,,298125,2,0,34 20 39,1,85,,298128,2,0,34 20 39,1,10,,298131,2,0,34 20 39,1,5,,298129,3,4,,1,5,,298132,2,0,34 20 39,1,15,,298133,8,4,,1,60,,298135,2,0,34 20 39,1,10,,298136,2,0,34 20 39,1,10,,298139,2,4,,1,5,,298137,3,4,,1,5,,298141,2,0,34 20 39,1,75,,298143,2,4,,1,35,,298144,3,4,,1,60,,298148,2,0,34 20 39,1,27,,298150,2,0,34 20 39,1,3,,298149,3,4,,1,15,,298151,14,,,1,7,,298153,2,0,34 20 39,1,70,,298155,2,0,34 20 39,1,23,,298156,14,,,1,7,,298158,2,0,34 20 39,1,68,,298159,2,0,34 20 39,1,25,,298160,14,,,1,100,,298161,14,,,1,65,,298162,14,,,1
4700,'20260926',545,,298163,14,,,1,100,,298164,14,,,1,70,,298165,14,,,1,30,,298166,14,,,1,70,,298167,14,,,1,30,,298168,14,,,1,70,,298169,14,,,1,30,,298170,14,,,1,70,,298171,14,,,1,30,,298172,14,,,1,70,,298173,14,,,1,30,,298174,14,,,1,70,,298175,14,,,1,30,,298176,14,,,1,70,,298177,14,,,1,25,,298178,14,,,1,75,,298179,14,,,1,30,,298180,14,,,1,70,,298181,14,,,1,30,,298182,14,,,1,70,,298183,14,,,1,30,,298184,14,,,1,70,,298185,14,,,1,30,,298186,14,,,1,70,,298187,14,,,1,30,,298188,14,,,1,70,,298189,14,,,1,30,,298190,14,,,1,70,,298191,14,,,1,30,,298192,14,,,1,70,,298193,14,,,1,30,,298194,14,,,1,70,,298195,14,,,1,100,,298196,14,,,1,100,,298197,14,,,1
4700,'20260927',545,,298198,14,,,1,100,,298199,14,,,1,70,,298200,14,,,1,30,,298201,14,,,1,70,,298202,14,,,1,30,,298203,14,,,1,70,,298204,14,,,1,30,,298205,14,,,1,70,,298206,14,,,1,30,,298207,14,,,1,70,,298208,14,,,1,30,,298209,14,,,1,70,,298210,14,,,1,30,,298211,14,,,1,70,,298212,14,,,1,25,,298213,14,,,1,75,,298214,14,,,1,30,,298215,14,,,1,70,,298216,14,,,1,30,,298217,14,,,1,70,,298218,14,,,1,30,,298219,14,,,1,70,,298220,14,,,1,30,,298221,14,,,1,70,,298222,14,,,1,30,,298223,14,,,1,70,,298224,14,,,1,30,,298225,14,,,1,70,,298226,14,,,1,30,,298227,14,,,1,70,,298228,14,,,1,30,,298229,14,,,1,70,,298230,14,,,1,100,,298231,14,,,1,100,,298232,14,,,1
4700,'20260928',810,,298233,8,4,,1,605,,298235,2,0,34 20 39,1,95,,298237,2,0,34 20 39,1,90,,298239,2,0,34 20 39,1,20,,298241,2,0,34 20 39,1,85,,298244,2,0,34 20 39,1,10,,298246,2,0,34 20 39,1,10,,298247,2,0,34 20 39,1,15,,298248,8,4,,1,60,,298250,2,0,34 20 39,1,10,,298251,2,0,34 20 39,1,10,,298253,2,4,,1,10,,298255,2,0,34 20 39,1,75,,298257,2,4,,1,35,,298259,2,0,34 20 39,1,60,,298261,2,0,34 20 39,1,27,,298262,2,0,34 20 39,1,18,,298263,14,,,1,7,,298265,2,0,34 20 39,1,70,,298267,2,0,34 20 39,1,23,,298268,14,,,1,7,,298270,2,0,34 20 39,1,68,,298271,2,0,34 20 39,1,25,,298272,14,,,1,100,,298273,14,,,1,65,,298274,14,,,1
4700,'20260929',810,,298275,8,4,,1,605,,298277,2,0,34 20 39,1,95,,298279,2,0,34 20 39,1,90,,298281,2,0,34 20 39,1,20,,298283,2,0,34 20 39,1,85,,298286,2,0,34 20 39,1,10,,298288,2,0,34 20 39,1,10,,298289,2,0,34 20 39,1,15,,298290,8,4,,1,60,,298292,2,0,34 20 39,1,10,,298293,2,0,34 20 39,1,10,,298295,2,4,,1,10,,298297,2,0,34 20 39,1,75,,298299,2,4,,1,35,,298301,2,0,34 20 39,1,60,,298303,2,0,34 20 39,1,27,,298304,2,0,34 20 39,1,18,,298305,14,,,1,7,,298307,2,0,34 20 39,1,70,,298309,2,0,34 20 39,1,23,,298310,14,,,1,7,,298312,2,0,34 20 39,1,68,,298313,2,0,34 20 39,1,25,,298314,14,,,1,100,,298315,14,,,1,65,,298316,14,,,1
4700,'20260930',810,,298317,8,4,,1,605,,298319,2,0,34 20 39,1,95,,298321,2,0,34 20 39,1,90,,298323,2,0,34 20 39,1,20,,298325,2,0,34 20 39,1,85,,298328,2,0,34 20 39,1,10,,298330,2,0,34 20 39,1,10,,298331,2,0,34 20 39,1,15,,298332,8,4,,1,60,,298334,2,0,34 20 39,1,10,,298335,2,0,34 20 39,1,10,,298337,2,4,,1,10,,298339,2,0,34 20 39,1,75,,298341,2,4,,1,35,,298343,2,0,34 20 39,1,60,,298345,2,0,34 20 39,1,27,,298346,2,0,34 20 39,1,18,,298347,14,,,1,7,,298349,2,0,34 20 39,1,70,,298351,2,0,34 20 39,1,23,,298352,14,,,1,7,,298354,2,0,34 20 39,1,68,,298355,2,0,34 20 39,1,25,,298356,14,,,1,100,,298357,14,,,1,65,,298358,14,,,1
4700,'20261001',810,,298359,8,4,,1,605,,298361,2,0,34 20 39,1,95,,298363,2,0,34 20 39,1,90,,298365,2,0,34 20 39,1,20,,298367,2,0,34 20 39,1,85,,298370,2,0,34 20 39,1,10,,298372,2,0,34 20 39,1,10,,298373,2,0,34 20 39,1,15,,298374,8,4,,1,60,,298376,2,0,34 20 39,1,10,,298377,2,0,34 20 39,1,10,,298379,2,4,,1,10,,298381,2,0,34 20 39,1,75,,298383,2,4,,1,35,,298385,2,0,34 20 39,1,60,,298387,2,0,34 20 39,1,27,,298388,2,0,34 20 39,1,18,,298389,14,,,1,7,,298391,2,0,34 20 39,1,70,,298393,2,0,34 20 39,1,23,,298394,14,,,1,7,,298396,2,0,34 20 39,1,68,,298397,2,0,34 20 39,1,25,,298398,14,,,1,100,,298399,14,,,1,65,,298400,14,,,1
4700,'20261002',810,,298401,8,4,,1,605,,298403,2,0,34 20 39,1,95,,298405,2,0,34 20 39,1,90,,298408,2,0,34 20 39,1,15,,298407,3,4,,1,5,,298410,2,0,34 20 39,1,85,,298413,2,0,34 20 39,1,10,,298416,2,0,34 20 39,1,5,,298414,3,4,,1,5,,298417,2,0,34 20 39,1,15,,298418,8,4,,1,60,,298420,2,0,34 20 39,1,10,,298421,2,0,34 20 39,1,10,,298424,2,4,,1,5,,298422,3,4,,1,5,,298426,2,0,34 20 39,1,75,,298428,2,4,,1,35,,298429,3,4,,1,60,,298433,2,0,34 20 39,1,27,,298435,2,0,34 20 39,1,3,,298434,3,4,,1,15,,298436,14,,,1,7,,298438,2,0,34 20 39,1,70,,298440,2,0,34 20 39,1,23,,298441,14,,,1,7,,298443,2,0,34 20 39,1,68,,298444,2,0,34 20 39,1,25,,298445,14,,,1,100,,298446,14,,,1,65,,298447,14,,,1
4700,'20261003',545,,298448,14,,,1,100,,298449,14,,,1,70,,298450,14,,,1,30,,298451,14,,,1,70,,298452,14,,,1,30,,298453,14,,,1,70,,298454,14,,,1,30,,298455,14,,,1,70,,298456,14,,,1,30,,298457,14,,,1,70,,298458,14,,,1,30,,298459,14,,,1,70,,298460,14,,,1,30,,298461,14,,,1,70,,298462,14,,,1,25,,298463,14,,,1,75,,298464,14,,,1,30,,298465,14,,,1,70,,298466,14,,,1,30,,298467,14,,,1,70,,298468,14,,,1,30,,298469,14,,,1,70,,298470,14,,,1,30,,298471,14,,,1,70,,298472,14,,,1,30,,298473,14,,,1,70,,298474,14,,,1,30,,298475,14,,,1,70,,298476,14,,,1,30,,298477,14,,,1,70,,298478,14,,,1,30,,298479,14,,,1,70,,298480,14,,,1,100,,298481,14,,,1,100,,298482,14,,,1
4700,'20261004',545,,298483,14,,,1,100,,298484,14,,,1,70,,298485,14,,,1,30,,298486,14,,,1,70,,298487,14,,,1,30,,298488,14,,,1,70,,298489,14,,,1,30,,298490,14,,,1,70,,298491,14,,,1,30,,298492,14,,,1,70,,298493,14,,,1,30,,298494,14,,,1,70,,298495,14,,,1,30,,298496,14,,,1,70,,298497,14,,,1,25,,298498,14,,,1,75,,298499,14,,,1,30,,298500,14,,,1,70,,298501,14,,,1,30,,298502,14,,,1,70,,298503,14,,,1,30,,298504,14,,,1,70,,298505,14,,,1,30,,298506,14,,,1,70,,298507,14,,,1,30,,298508,14,,,1,70,,298509,14,,,1,30,,298510,14,,,1,70,,298511,14,,,1,30,,298512,14,,,1,70,,298513,14,,,1,30,,298514,14,,,1,70,,298515,14,,,1,100,,298516,14,,,1,100,,298517,14,,,1
4700,'20261005',810,,298518,8,4,,1,605,,298520,2,0,34 20 39,1,95,,298522,2,0,34 20 39,1,90,,298524,2,0,34 20 39,1,20,,298526,2,0,34 20 39,1,85,,298529,2,0,34 20 39,1,10,,298531,2,0,34 20 39,1,10,,298532,2,0,34 20 39,1,15,,298533,8,4,,1,60,,298535,2,0,34 20 39,1,10,,298536,2,0,34 20 39,1,10,,298538,2,4,,1,10,,298540,2,0,34 20 39,1,75,,298542,2,4,,1,35,,298544,2,0,34 20 39,1,60,,298546,2,0,34 20 39,1,27,,298547,2,0,34 20 39,1,18,,298548,14,,,1,7,,298550,2,0,34 20 39,1,70,,298552,2,0,34 20 39,1,23,,298553,14,,,1,7,,298555,2,0,34 20 39,1,68,,298556,2,0,34 20 39,1,25,,298557,14,,,1,100,,298558,14,,,1,65,,298559,14,,,1
4700,'20261006',810,,298560,8,4,,1,605,,298562,2,0,34 20 39,1,95,,298564,2,0,34 20 39,1,90,,298566,2,0,34 20 39,1,20,,298568,2,0,34 20 39,1,85,,298571,2,0,34 20 39,1,10,,298573,2,0,34 20 39,1,10,,298574,2,0,34 20 39,1,15,,298575,8,4,,1,60,,298577,2,0,34 20 39,1,10,,298578,2,0,34 20 39,1,10,,298580,2,4,,1,10,,298582,2,0,34 20 39,1,75,,298584,2,4,,1,35,,298586,2,0,34 20 39,1,60,,298588,2,0,34 20 39,1,27,,298589,2,0,34 20 39,1,18,,298590,14,,,1,7,,298592,2,0,34 20 39,1,70,,298594,2,0,34 20 39,1,23,,298595,14,,,1,7,,298597,2,0,34 20 39,1,68,,298598,2,0,34 20 39,1,25,,298599,14,,,1,100,,298600,14,,,1,65,,298601,14,,,1
4700,'20261007',810,,298602,8,4,,1,605,,298604,2,0,34 20 39,1,95,,298606,2,0,34 20 39,1,90,,298608,2,0,34 20 39,1,20,,298610,2,0,34 20 39,1,85,,298613,2,0,34 20 39,1,10,,298615,2,0,34 20 39,1,10,,298616,2,0,34 20 39,1,15,,298617,8,4,,1,60,,298619,2,0,34 20 39,1,10,,298620,2,0,34 20 39,1,10,,298622,2,4,,1,10,,298624,2,0,34 20 39,1,75,,298626,2,4,,1,35,,298628,2,0,34 20 39,1,60,,298630,2,0,34 20 39,1,27,,298631,2,0,34 20 39,1,18,,298632,14,,,1,7,,298634,2,0,34 20 39,1,70,,298636,2,0,34 20 39,1,23,,298637,14,,,1,7,,298639,2,0,34 20 39,1,68,,298640,2,0,34 20 39,1,25,,298641,14,,,1,100,,298642,14,,,1,65,,298643,14,,,1
4700,'20261008',810,,298644,8,4,,1,605,,298646,2,0,34 20 39,1,95,,298648,2,0,34 20 39,1,90,,298650,2,0,34 20 39,1,20,,298652,2,0,34 20 39,1,85,,298655,2,0,34 20 39,1,10,,298657,2,0,34 20 39,1,10,,298658,2,0,34 20 39,1,15,,298659,8,4,,1,60,,298661,2,0,34 20 39,1,10,,298662,2,0,34 20 39,1,10,,298664,2,4,,1,10,,298666,2,0,34 20 39,1,75,,298668,2,4,,1,35,,298670,2,0,34 20 39,1,60,,298672,2,0,34 20 39,1,27,,298673,2,0,34 20 39,1,18,,298674,14,,,1,7,,298676,2,0,34 20 39,1,70,,298678,2,0,34 20 39,1,23,,298679,14,,,1,7,,298681,2,0,34 20 39,1,68,,298682,2,0,34 20 39,1,25,,298683,14,,,1,100,,298684,14,,,1,65,,298685,14,,,1
4700,'20261009',810,,298686,8,4,,1,605,,298688,2,0,34 20 39,1,95,,298690,2,0,34 20 39,1,90,,298693,2,0,34 20 39,1,15,,298692,3,4,,1,5,,298695,2,0,34 20 39,1,85,,298698,2,0,34 20 39,1,10,,298701,2,0,34 20 39,1,5,,298699,3,4,,1,5,,298702,2,0,34 20 39,1,15,,298703,8,4,,1,60,,298705,2,0,34 20 39,1,10,,298706,2,0,34 20 39,1,10,,298709,2,4,,1,5,,298707,3,4,,1,5,,298711,2,0,34 20 39,1,75,,298713,2,4,,1,35,,298714,3,4,,1,60,,298718,2,0,34 20 39,1,27,,298720,2,0,34 20 39,1,3,,298719,3,4,,1,15,,298721,14,,,1,7,,298723,2,0,34 20 39,1,70,,298725,2,0,34 20 39,1,23,,298726,14,,,1,7,,298728,2,0,34 20 39,1,68,,298729,2,0,34 20 39,1,25,,298730,14,,,1,100,,298731,14,,,1,65,,298732,14,,,1
4700,'20261010',545,,298733,14,,,1,100,,298734,14,,,1,70,,298735,14,,,1,30,,298736,14,,,1,70,,298737,14,,,1,30,,298738,14,,,1,70,,298739,14,,,1,30,,298740,14,,,1,70,,298741,14,,,1,30,,298742,14,,,1,70,,298743,14,,,1,30,,298744,14,,,1,70,,298745,14,,,1,30,,298746,14,,,1,70,,298747,14,,,1,25,,298748,14,,,1,75,,298749,14,,,1,30,,298750,14,,,1,70,,298751,14,,,1,30,,298752,14,,,1,70,,298753,14,,,1,30,,298754,14,,,1,70,,298755,14,,,1,30,,298756,14,,,1,70,,298757,14,,,1,30,,298758,14,,,1,70,,298759,14,,,1,30,,298760,14,,,1,70,,298761,14,,,1,30,,298762,14,,,1,70,,298763,14,,,1,30,,298764,14,,,1,70,,298765,14,,,1,100,,298766,14,,,1,100,,298767,14,,,1
4700,'20261011',545,,298768,14,,,1,100,,298769,14,,,1,70,,298770,14,,,1,30,,298771,14,,,1,70,,298772,14,,,1,30,,298773,14,,,1,70,,298774,14,,,1,30,,298775,14,,,1,70,,298776,14,,,1,30,,298777,14,,,1,70,,298778,14,,,1,30,,298779,14,,,1,70,,298780,14,,,1,30,,298781,14,,,1,70,,298782,14,,,1,25,,298783,14,,,1,75,,298784,14,,,1,30,,298785,14,,,1,70,,298786,14,,,1,30,,298787,14,,,1,70,,298788,14,,,1,30,,298789,14,,,1,70,,298790,14,,,1,30,,298791,14,,,1,70,,298792,14,,,1,30,,298793,14,,,1,70,,298794,14,,,1,30,,298795,14,,,1,70,,298796,14,,,1,30,,298797,14,,,1,70,,298798,14,,,1,30,,298799,14,,,1,70,,298800,14,,,1,100,,298801,14,,,1,100,,298802,14,,,1
4700,'20261012',545,,298803,14,,,1,100,,298804,14,,,1,70,,298805,14,,,1,30,,298806,14,,,1,70,,298807,14,,,1,30,,298808,14,,,1,70,,298809,14,,,1,30,,298810,14,,,1,70,,298811,14,,,1,30,,298812,14,,,1,70,,298813,14,,,1,30,,298814,14,,,1,70,,298815,14,,,1,30,,298816,14,,,1,70,,298817,14,,,1,25,,298818,14,,,1,75,,298819,14,,,1,30,,298820,14,,,1,70,,298821,14,,,1,30,,298822,14,,,1,70,,298823,14,,,1,30,,298824,14,,,1,70,,298825,14,,,1,30,,298826,14,,,1,70,,298827,14,,,1,30,,298828,14,,,1,70,,298829,14,,,1,30,,298830,14,,,1,70,,298831,14,,,1,30,,298832,14,,,1,70,,298833,14,,,1,30,,298834,14,,,1,70,,298835,14,,,1,100,,298836,14,,,1,100,,298837,14,,,1
4700,'20261013',810,,298838,8,4,,1,605,,298840,2,0,34 20 39,1,95,,298842,2,0,34 20 39,1,90,,298844,2,0,34 20 39,1,20,,298846,2,0,34 20 39,1,85,,298849,2,0,34 20 39,1,10,,298851,2,0,34 20 39,1,10,,298852,2,0,34 20 39,1,15,,298853,8,4,,1,60,,298855,2,0,34 20 39,1,10,,298856,2,0,34 20 39,1,10,,298858,2,4,,1,10,,298860,2,0,34 20 39,1,75,,298862,2,4,,1,35,,298864,2,0,34 20 39,1,60,,298866,2,0,34 20 39,1,27,,298867,2,0,34 20 39,1,18,,298868,14,,,1,7,,298870,2,0,34 20 39,1,70,,298872,2,0,34 20 39,1,23,,298873,14,,,1,7,,298875,2,0,34 20 39,1,68,,298876,2,0,34 20 39,1,25,,298877,14,,,1,100,,298878,14,,,1,65,,298879,14,,,1
4700,'20261014',810,,298880,8,4,,1,605,,298882,2,0,34 20 39,1,95,,298884,2,0,34 20 39,1,90,,298886,2,0,34 20 39,1,20,,298888,2,0,34 20 39,1,85,,298891,2,0,34 20 39,1,10,,298893,2,0,34 20 39,1,10,,298894,2,0,34 20 39,1,15,,298895,8,4,,1,60,,298897,2,0,34 20 39,1,10,,298898,2,0,34 20 39,1,10,,298900,2,4,,1,10,,298902,2,0,34 20 39,1,75,,298904,2,4,,1,35,,298906,2,0,34 20 39,1,60,,298908,2,0,34 20 39,1,27,,298909,2,0,34 20 39,1,18,,298910,14,,,1,7,,298912,2,0,34 20 39,1,70,,298914,2,0,34 20 39,1,23,,298915,14,,,1,7,,298917,2,0,34 20 39,1,68,,298918,2,0,34 20 39,1,25,,298919,14,,,1,100,,298920,14,,,1,65,,298921,14,,,1
4700,'20261015',810,,298922,8,4,,1,605,,298924,2,0,34 20 39,1,95,,298926,2,0,34 20 39,1,90,,298928,2,0,34 20 39,1,20,,298930,2,0,34 20 39,1,85,,298933,2,0,34 20 39,1,10,,298935,2,0,34 20 39,1,10,,298936,2,0,34 20 39,1,15,,298937,8,4,,1,60,,298939,2,0,34 20 39,1,10,,298940,2,0,34 20 39,1,10,,298942,2,4,,1,10,,298944,2,0,34 20 39,1,75,,298946,2,4,,1,35,,298948,2,0,34 20 39,1,60,,298950,2,0,34 20 39,1,27,,298951,2,0,34 20 39,1,18,,298952,14,,,1,7,,298954,2,0,34 20 39,1,70,,298956,2,0,34 20 39,1,23,,298957,14,,,1,7,,298959,2,0,34 20 39,1,68,,298960,2,0,34 20 39,1,25,,298961,14,,,1,100,,298962,14,,,1,65,,298963,14,,,1
4700,'20261016',810,,298964,8,4,,1,605,,298966,2,0,34 20 39,1,95,,298968,2,0,34 20 39,1,90,,298971,2,0,34 20 39,1,15,,298970,3,4,,1,5,,298973,2,0,34 20 39,1,85,,298976,2,0,34 20 39,1,10,,298979,2,0,34 20 39,1,5,,298977,3,4,,1,5,,298980,2,0,34 20 39,1,15,,298981,8,4,,1,60,,298983,2,0,34 20 39,1,10,,298984,2,0,34 20 39,1,10,,298987,2,4,,1,5,,298985,3,4,,1,5,,298989,2,0,34 20 39,1,75,,298991,2,4,,1,35,,298992,3,4,,1,60,,298996,2,0,34 20 39,1,27,,298998,2,0,34 20 39,1,3,,298997,3,4,,1,15,,298999,14,,,1,7,,299001,2,0,34 20 39,1,70,,299003,2,0,34 20 39,1,23,,299004,14,,,1,7,,299006,2,0,34 20 39,1,68,,299007,2,0,34 20 39,1,25,,299008,14,,,1,100,,299009,14,,,1,65,,299010,14,,,1
4700,'20261017',545,,299011,14,,,1,100,,299012,14,,,1,70,,299013,14,,,1,30,,299014,14,,,1,70,,299015,14,,,1,30,,299016,14,,,1,70,,299017,14,,,1,30,,299018,14,,,1,70,,299019,14,,,1,30,,299020,14,,,1,70,,299021,14,,,1,30,,299022,14,,,1,70,,299023,14,,,1,30,,299024,14,,,1,70,,299025,14,,,1,25,,299026,14,,,1,75,,299027,14,,,1,30,,299028,14,,,1,70,,299029,14,,,1,30,,299030,14,,,1,70,,299031,14,,,1,30,,299032,14,,,1,70,,299033,14,,,1,30,,299034,14,,,1,70,,299035,14,,,1,30,,299036,14,,,1,70,,299037,14,,,1,30,,299038,14,,,1,70,,299039,14,,,1,30,,299040,14,,,1,70,,299041,14,,,1,30,,299042,14,,,1,70,,299043,14,,,1,100,,299044,14,,,1,100,,299045,14,,,1
4700,'20261018',545,,299046,14,,,1,100,,299047,14,,,1,70,,299048,14,,,1,30,,299049,14,,,1,70,,299050,14,,,1,30,,299051,14,,,1,70,,299052,14,,,1,30,,299053,14,,,1,70,,299054,14,,,1,30,,299055,14,,,1,70,,299056,14,,,1,30,,299057,14,,,1,70,,299058,14,,,1,30,,299059,14,,,1,70,,299060,14,,,1,25,,299061,14,,,1,75,,299062,14,,,1,30,,299063,14,,,1,70,,299064,14,,,1,30,,299065,14,,,1,70,,299066,14,,,1,30,,299067,14,,,1,70,,299068,14,,,1,30,,299069,14,,,1,70,,299070,14,,,1,30,,299071,14,,,1,70,,299072,14,,,1,30,,299073,14,,,1,70,,299074,14,,,1,30,,299075,14,,,1,70,,299076,14,,,1,30,,299077,14,,,1,70,,299078,14,,,1,100,,299079,14,,,1,100,,299080,14,,,1
4700,'20261019',810,,299081,8,4,,1,605,,299083,2,0,34 20 39,1,95,,299085,2,0,34 20 39,1,90,,299087,2,0,34 20 39,1,20,,299089,2,0,34 20 39,1,85,,299092,2,0,34 20 39,1,10,,299094,2,0,34 20 39,1,10,,299095,2,0,34 20 39,1,15,,299096,8,4,,1,60,,299098,2,0,34 20 39,1,10,,299099,2,0,34 20 39,1,10,,299101,2,4,,1,10,,299103,2,0,34 20 39,1,75,,299105,2,4,,1,35,,299107,2,0,34 20 39,1,60,,299109,2,0,34 20 39,1,27,,299110,2,0,34 20 39,1,18,,299111,14,,,1,7,,299113,2,0,34 20 39,1,70,,299115,2,0,34 20 39,1,23,,299116,14,,,1,7,,299118,2,0,34 20 39,1,68,,299119,2,0,34 20 39,1,25,,299120,14,,,1,100,,299121,14,,,1,65,,299122,14,,,1
4700,'20261020',810,,299123,8,4,,1,605,,299125,2,0,34 20 39,1,95,,299127,2,0,34 20 39,1,90,,299129,2,0,34 20 39,1,20,,299131,2,0,34 20 39,1,85,,299134,2,0,34 20 39,1,10,,299136,2,0,34 20 39,1,10,,299137,2,0,34 20 39,1,15,,299138,8,4,,1,60,,299140,2,0,34 20 39,1,10,,299141,2,0,34 20 39,1,10,,299143,2,4,,1,10,,299145,2,0,34 20 39,1,75,,299147,2,4,,1,35,,299149,2,0,34 20 39,1,60,,299151,2,0,34 20 39,1,27,,299152,2,0,34 20 39,1,18,,299153,14,,,1,7,,299155,2,0,34 20 39,1,70,,299157,2,0,34 20 39,1,23,,299158,14,,,1,7,,299160,2,0,34 20 39,1,68,,299161,2,0,34 20 39,1,25,,299162,14,,,1,100,,299163,14,,,1,65,,299164,14,,,1
4700,'20261021',810,,299165,8,4,,1,605,,299167,2,0,34 20 39,1,95,,299169,2,0,34 20 39,1,90,,299171,2,0,34 20 39,1,20,,299173,2,0,34 20 39,1,85,,299176,2,0,34 20 39,1,10,,299178,2,0,34 20 39,1,10,,299179,2,0,34 20 39,1,15,,299180,8,4,,1,60,,299182,2,0,34 20 39,1,10,,299183,2,0,34 20 39,1,10,,299185,2,4,,1,10,,299187,2,0,34 20 39,1,75,,299189,2,4,,1,35,,299191,2,0,34 20 39,1,60,,299193,2,0,34 20 39,1,27,,299194,2,0,34 20 39,1,18,,299195,14,,,1,7,,299197,2,0,34 20 39,1,70,,299199,2,0,34 20 39,1,23,,299200,14,,,1,7,,299202,2,0,34 20 39,1,68,,299203,2,0,34 20 39,1,25,,299204,14,,,1,100,,299205,14,,,1,65,,299206,14,,,1
4700,'20261022',810,,299207,8,4,,1,605,,299209,2,0,34 20 39,1,95,,299211,2,0,34 20 39,1,90,,299213,2,0,34 20 39,1,20,,299215,2,0,34 20 39,1,85,,299218,2,0,34 20 39,1,10,,299220,2,0,34 20 39,1,10,,299221,2,0,34 20 39,1,15,,299222,8,4,,1,60,,299224,2,0,34 20 39,1,10,,299225,2,0,34 20 39,1,10,,299227,2,4,,1,10,,299229,2,0,34 20 39,1,75,,299231,2,4,,1,35,,299233,2,0,34 20 39,1,60,,299235,2,0,34 20 39,1,27,,299236,2,0,34 20 39,1,18,,299237,14,,,1,7,,299239,2,0,34 20 39,1,70,,299241,2,0,34 20 39,1,23,,299242,14,,,1,7,,299244,2,0,34 20 39,1,68,,299245,2,0,34 20 39,1,25,,299246,14,,,1,100,,299247,14,,,1,65,,299248,14,,,1
4700,'20261023',810,,299249,8,4,,1,605,,299251,2,0,34 20 39,1,95,,299253,2,0,34 20 39,1,90,,299256,2,0,34 20 39,1,15,,299255,3,4,,1,5,,299258,2,0,34 20 39,1,85,,299261,2,0,34 20 39,1,10,,299264,2,0,34 20 39,1,5,,299262,3,4,,1,5,,299265,2,0,34 20 39,1,15,,299266,8,4,,1,60,,299268,2,0,34 20 39,1,10,,299269,2,0,34 20 39,1,10,,299272,2,4,,1,5,,299270,3,4,,1,5,,299274,2,0,34 20 39,1,75,,299276,2,4,,1,35,,299277,3,4,,1,60,,299281,2,0,34 20 39,1,27,,299283,2,0,34 20 39,1,3,,299282,3,4,,1,15,,299284,14,,,1,7,,299286,2,0,34 20 39,1,70,,299288,2,0,34 20 39,1,23,,299289,14,,,1,7,,299291,2,0,34 20 39,1,68,,299292,2,0,34 20 39,1,25,,299293,14,,,1,100,,299294,14,,,1,65,,299295,14,,,1
4700,'20261024',545,,299296,14,,,1,100,,299297,14,,,1,70,,299298,14,,,1,30,,299299,14,,,1,70,,299300,14,,,1,30,,299301,14,,,1,70,,299302,14,,,1,30,,299303,14,,,1,70,,299304,14,,,1,30,,299305,14,,,1,70,,299306,14,,,1,30,,299307,14,,,1,70,,299308,14,,,1,30,,299309,14,,,1,70,,299310,14,,,1,25,,299311,14,,,1,75,,299312,14,,,1,30,,299313,14,,,1,70,,299314,14,,,1,30,,299315,14,,,1,70,,299316,14,,,1,30,,299317,14,,,1,70,,299318,14,,,1,30,,299319,14,,,1,70,,299320,14,,,1,30,,299321,14,,,1,70,,299322,14,,,1,30,,299323,14,,,1,70,,299324,14,,,1,30,,299325,14,,,1,70,,299326,14,,,1,30,,299327,14,,,1,70,,299328,14,,,1,100,,299329,14,,,1,100,,299330,14,,,1
4700,'20261025',545,,299331,14,,,1,100,,299332,14,,,1,70,,299333,14,,,1,30,,299334,14,,,1,70,,299335,14,,,1,30,,299336,14,,,1,70,,299337,14,,,1,30,,299338,14,,,1,70,,299339,14,,,1,30,,299340,14,,,1,70,,299341,14,,,1,30,,299342,14,,,1,70,,299343,14,,,1,30,,299344,14,,,1,70,,299345,14,,,1,25,,299346,14,,,1,75,,299347,14,,,1,30,,299348,14,,,1,70,,299349,14,,,1,30,,299350,14,,,1,70,,299351,14,,,1,30,,299352,14,,,1,70,,299353,14,,,1,30,,299354,14,,,1,70,,299355,14,,,1,30,,299356,14,,,1,70,,299357,14,,,1,30,,299358,14,,,1,70,,299359,14,,,1,30,,299360,14,,,1,70,,299361,14,,,1,30,,299362,14,,,1,70,,299363,14,,,1,100,,299364,14,,,1,100,,299365,14,,,1
4700,'20261026',810,,299366,8,4,,1,605,,299368,2,0,34 20 39,1,95,,299370,2,0,34 20 39,1,90,,299372,2,0,34 20 39,1,20,,299374,2,0,34 20 39,1,85,,299377,2,0,34 20 39,1,10,,299379,2,0,34 20 39,1,10,,299380,2,0,34 20 39,1,15,,299381,8,4,,1,60,,299383,2,0,34 20 39,1,10,,299384,2,0,34 20 39,1,10,,299386,2,4,,1,10,,299388,2,0,34 20 39,1,75,,299390,2,4,,1,35,,299392,2,0,34 20 39,1,60,,299394,2,0,34 20 39,1,27,,299395,2,0,34 20 39,1,18,,299396,14,,,1,7,,299398,2,0,34 20 39,1,70,,299400,2,0,34 20 39,1,23,,299401,14,,,1,7,,299403,2,0,34 20 39,1,68,,299404,2,0,34 20 39,1,25,,299405,14,,,1,100,,299406,14,,,1,65,,299407,14,,,1
4700,'20261027',810,,299408,8,4,,1,605,,299410,2,0,34 20 39,1,95,,299412,2,0,34 20 39,1,90,,299414,2,0,34 20 39,1,20,,299416,2,0,34 20 39,1,85,,299419,2,0,34 20 39,1,10,,299421,2,0,34 20 39,1,10,,299422,2,0,34 20 39,1,15,,299423,8,4,,1,60,,299425,2,0,34 20 39,1,10,,299426,2,0,34 20 39,1,10,,299428,2,4,,1,10,,299430,2,0,34 20 39,1,75,,299432,2,4,,1,35,,299434,2,0,34 20 39,1,60,,299436,2,0,34 20 39,1,27,,299437,2,0,34 20 39,1,18,,299438,14,,,1,7,,299440,2,0,34 20 39,1,70,,299442,2,0,34 20 39,1,23,,299443,14,,,1,7,,299445,2,0,34 20 39,1,68,,299446,2,0,34 20 39,1,25,,299447,14,,,1,100,,299448,14,,,1,65,,299449,14,,,1
4700,'20261028',810,,299450,8,4,,1,605,,299452,2,0,34 20 39,1,95,,299454,2,0,34 20 39,1,90,,299456,2,0,34 20 39,1,20,,299458,2,0,34 20 39,1,85,,299461,2,0,34 20 39,1,10,,299463,2,0,34 20 39,1,10,,299464,2,0,34 20 39,1,15,,299465,8,4,,1,60,,299467,2,0,34 20 39,1,10,,299468,2,0,34 20 39,1,10,,299470,2,4,,1,10,,299472,2,0,34 20 39,1,75,,299474,2,4,,1,35,,299476,2,0,34 20 39,1,60,,299478,2,0,34 20 39,1,27,,299479,2,0,34 20 39,1,18,,299480,14,,,1,7,,299482,2,0,34 20 39,1,70,,299484,2,0,34 20 39,1,23,,299485,14,,,1,7,,299487,2,0,34 20 39,1,68,,299488,2,0,34 20 39,1,25,,299489,14,,,1,100,,299490,14,,,1,65,,299491,14,,,1
4700,'20261029',810,,299492,8,4,,1,605,,299494,2,0,34 20 39,1,95,,299496,2,0,34 20 39,1,90,,299498,2,0,34 20 39,1,20,,299500,2,0,34 20 39,1,85,,299503,2,0,34 20 39,1,10,,299505,2,0,34 20 39,1,10,,299506,2,0,34 20 39,1,15,,299507,8,4,,1,60,,299509,2,0,34 20 39,1,10,,299510,2,0,34 20 39,1,10,,299512,2,4,,1,10,,299514,2,0,34 20 39,1,75,,299516,2,4,,1,35,,299518,2,0,34 20 39,1,60,,299520,2,0,34 20 39,1,27,,299521,2,0,34 20 39,1,18,,299522,14,,,1,7,,299524,2,0,34 20 39,1,70,,299526,2,0,34 20 39,1,23,,299527,14,,,1,7,,299529,2,0,34 20 39,1,68,,299530,2,0,34 20 39,1,25,,299531,14,,,1,100,,299532,14,,,1,65,,299533,14,,,1
4700,'20261030',810,,299534,8,4,,1,605,,299536,2,0,34 20 39,1,95,,299538,2,0,34 20 39,1,90,,299541,2,0,34 20 39,1,15,,299540,3,4,,1,5,,299543,2,0,34 20 39,1,85,,299546,2,0,34 20 39,1,10,,299549,2,0,34 20 39,1,5,,299547,3,4,,1,5,,299550,2,0,34 20 39,1,15,,299551,8,4,,1,60,,299553,2,0,34 20 39,1,10,,299554,2,0,34 20 39,1,10,,299557,2,4,,1,5,,299555,3,4,,1,5,,299559,2,0,34 20 39,1,75,,299561,2,4,,1,35,,299562,3,4,,1,60,,299566,2,0,34 20 39,1,27,,299568,2,0,34 20 39,1,3,,299567,3,4,,1,15,,299569,14,,,1,7,,299571,2,0,34 20 39,1,70,,299573,2,0,34 20 39,1,23,,299574,14,,,1,7,,299576,2,0,34 20 39,1,68,,299577,2,0,34 20 39,1,25,,299578,14,,,1,100,,299579,14,,,1,65,,299580,14,,,1
4700,'20261031',545,,299581,14,,,1,100,,299582,14,,,1,70,,299583,14,,,1,30,,299584,14,,,1,70,,299585,14,,,1,30,,299586,14,,,1,70,,299587,14,,,1,30,,299588,14,,,1,70,,299589,14,,,1,30,,299590,14,,,1,70,,299591,14,,,1,30,,299592,14,,,1,70,,299593,14,,,1,30,,299594,14,,,1,70,,299595,14,,,1,25,,299596,14,,,1,75,,299597,14,,,1,30,,299598,14,,,1,70,,299599,14,,,1,30,,299600,14,,,1,70,,299601,14,,,1,30,,299602,14,,,1,70,,299603,14,,,1,30,,299604,14,,,1,70,,299605,14,,,1,30,,299606,14,,,1,70,,299607,14,,,1,30,,299608,14,,,1,70,,299609,14,,,1,30,,299610,14,,,1,70,,299611,14,,,1,30,,299612,14,,,1,70,,299613,14,,,1,100,,299614,14,,,1,100,,299615,14,,,1
4700,'20261101',545,,299616,14,,,1,100,,299617,14,,,1,70,,299618,14,,,1,30,,299619,14,,,1,70,,299620,14,,,1,30,,299621,14,,,1,70,,299622,14,,,1,30,,299623,14,,,1,70,,299624,14,,,1,30,,299625,14,,,1,70,,299626,14,,,1,30,,299627,14,,,1,70,,299628,14,,,1,30,,299629,14,,,1,70,,299630,14,,,1,25,,299631,14,,,1,75,,299632,14,,,1,30,,299633,14,,,1,70,,299634,14,,,1,30,,299635,14,,,1,70,,299636,14,,,1,30,,299637,14,,,1,70,,299638,14,,,1,30,,299639,14,,,1,70,,299640,14,,,1,30,,299641,14,,,1,70,,299642,14,,,1,30,,299643,14,,,1,70,,299644,14,,,1,30,,299645,14,,,1,70,,299646,14,,,1,30,,299647,14,,,1,70,,299648,14,,,1,100,,299649,14,,,1,100,,299650,14,,,1
4700,'20261102',810,,299651,8,4,,1,605,,299653,2,0,34 20 39,1,95,,299655,2,0,34 20 39,1,90,,299657,2,0,34 20 39,1,20,,299659,2,0,34 20 39,1,85,,299662,2,0,34 20 39,1,10,,299664,2,0,34 20 39,1,10,,299665,2,0,34 20 39,1,15,,299666,8,4,,1,60,,299668,2,0,34 20 39,1,10,,299669,2,0,34 20 39,1,10,,299671,2,4,,1,10,,299673,2,0,34 20 39,1,75,,299675,2,4,,1,35,,299677,2,0,34 20 39,1,60,,299679,2,0,34 20 39,1,27,,299680,2,0,34 20 39,1,18,,299681,14,,,1,7,,299683,2,0,34 20 39,1,70,,299685,2,0,34 20 39,1,23,,299686,14,,,1,7,,299688,2,0,34 20 39,1,68,,299689,2,0,34 20 39,1,25,,299690,14,,,1,100,,299691,14,,,1,65,,299692,14,,,1
4700,'20261103',810,,299693,8,4,,1,605,,299695,2,0,34 20 39,1,95,,299697,2,0,34 20 39,1,90,,299699,2,0,34 20 39,1,20,,299701,2,0,34 20 39,1,85,,299704,2,0,34 20 39,1,10,,299706,2,0,34 20 39,1,10,,299707,2,0,34 20 39,1,15,,299708,8,4,,1,60,,299710,2,0,34 20 39,1,10,,299711,2,0,34 20 39,1,10,,299713,2,4,,1,10,,299715,2,0,34 20 39,1,75,,299717,2,4,,1,35,,299719,2,0,34 20 39,1,60,,299721,2,0,34 20 39,1,27,,299722,2,0,34 20 39,1,18,,299723,14,,,1,7,,299725,2,0,34 20 39,1,70,,299727,2,0,34 20 39,1,23,,299728,14,,,1,7,,299730,2,0,34 20 39,1,68,,299731,2,0,34 20 39,1,25,,299732,14,,,1,100,,299733,14,,,1,65,,299734,14,,,1
4700,'20261104',810,,299735,8,4,,1,605,,299737,2,0,34 20 39,1,95,,299739,2,0,34 20 39,1,90,,299741,2,0,34 20 39,1,20,,299743,2,0,34 20 39,1,85,,299746,2,0,34 20 39,1,10,,299748,2,0,34 20 39,1,10,,299749,2,0,34 20 39,1,15,,299750,8,4,,1,60,,299752,2,0,34 20 39,1,10,,299753,2,0,34 20 39,1,10,,299755,2,4,,1,10,,299757,2,0,34 20 39,1,75,,299759,2,4,,1,35,,299761,2,0,34 20 39,1,60,,299763,2,0,34 20 39,1,27,,299764,2,0,34 20 39,1,18,,299765,14,,,1,7,,299767,2,0,34 20 39,1,70,,299769,2,0,34 20 39,1,23,,299770,14,,,1,7,,299772,2,0,34 20 39,1,68,,299773,2,0,34 20 39,1,25,,299774,14,,,1,100,,299775,14,,,1,65,,299776,14,,,1
4700,'20261105',810,,299777,8,4,,1,605,,299779,2,0,34 20 39,1,95,,299781,2,0,34 20 39,1,90,,299783,2,0,34 20 39,1,20,,299785,2,0,34 20 39,1,85,,299788,2,0,34 20 39,1,10,,299790,2,0,34 20 39,1,10,,299791,2,0,34 20 39,1,15,,299792,8,4,,1,60,,299794,2,0,34 20 39,1,10,,299795,2,0,34 20 39,1,10,,299797,2,4,,1,10,,299799,2,0,34 20 39,1,75,,299801,2,4,,1,35,,299803,2,0,34 20 39,1,60,,299805,2,0,34 20 39,1,27,,299806,2,0,34 20 39,1,18,,299807,14,,,1,7,,299809,2,0,34 20 39,1,70,,299811,2,0,34 20 39,1,23,,299812,14,,,1,7,,299814,2,0,34 20 39,1,68,,299815,2,0,34 20 39,1,25,,299816,14,,,1,100,,299817,14,,,1,65,,299818,14,,,1
4700,'20261106',810,,299819,8,4,,1,605,,299821,2,0,34 20 39,1,95,,299823,2,0,34 20 39,1,90,,299826,2,0,34 20 39,1,15,,299825,3,4,,1,5,,299828,2,0,34 20 39,1,85,,299831,2,0,34 20 39,1,10,,299834,2,0,34 20 39,1,5,,299832,3,4,,1,5,,299835,2,0,34 20 39,1,15,,299836,8,4,,1,60,,299838,2,0,34 20 39,1,10,,299839,2,0,34 20 39,1,10,,299842,2,4,,1,5,,299840,3,4,,1,5,,299844,2,0,34 20 39,1,75,,299846,2,4,,1,35,,299847,3,4,,1,60,,299851,2,0,34 20 39,1,27,,299853,2,0,34 20 39,1,3,,299852,3,4,,1,15,,299854,14,,,1,7,,299856,2,0,34 20 39,1,70,,299858,2,0,34 20 39,1,23,,299859,14,,,1,7,,299861,2,0,34 20 39,1,68,,299862,2,0,34 20 39,1,25,,299863,14,,,1,100,,299864,14,,,1,65,,299865,14,,,1
4700,'20261107',545,,299866,14,,,1,100,,299867,14,,,1,70,,299868,14,,,1,30,,299869,14,,,1,70,,299870,14,,,1,30,,299871,14,,,1,70,,299872,14,,,1,30,,299873,14,,,1,70,,299874,14,,,1,30,,299875,14,,,1,70,,299876,14,,,1,30,,299877,14,,,1,70,,299878,14,,,1,30,,299879,14,,,1,70,,299880,14,,,1,25,,299881,14,,,1,75,,299882,14,,,1,30,,299883,14,,,1,70,,299884,14,,,1,30,,299885,14,,,1,70,,299886,14,,,1,30,,299887,14,,,1,70,,299888,14,,,1,30,,299889,14,,,1,70,,299890,14,,,1,30,,299891,14,,,1,70,,299892,14,,,1,30,,299893,14,,,1,70,,299894,14,,,1,30,,299895,14,,,1,70,,299896,14,,,1,30,,299897,14,,,1,70,,299898,14,,,1,100,,299899,14,,,1,100,,299900,14,,,1
4700,'20261108',545,,299901,14,,,1,100,,299902,14,,,1,70,,299903,14,,,1,30,,299904,14,,,1,70,,299905,14,,,1,30,,299906,14,,,1,70,,299907,14,,,1,30,,299908,14,,,1,70,,299909,14,,,1,30,,299910,14,,,1,70,,299911,14,,,1,30,,299912,14,,,1,70,,299913,14,,,1,30,,299914,14,,,1,70,,299915,14,,,1,25,,299916,14,,,1,75,,299917,14,,,1,30,,299918,14,,,1,70,,299919,14,,,1,30,,299920,14,,,1,70,,299921,14,,,1,30,,299922,14,,,1,70,,299923,14,,,1,30,,299924,14,,,1,70,,299925,14,,,1,30,,299926,14,,,1,70,,299927,14,,,1,30,,299928,14,,,1,70,,299929,14,,,1,30,,299930,14,,,1,70,,299931,14,,,1,30,,299932,14,,,1,70,,299933,14,,,1,100,,299934,14,,,1,100,,299935,14,,,1
4700,'20261109',810,,299936,8,4,,1,605,,299938,2,0,34 20 39,1,95,,299940,2,0,34 20 39,1,90,,299942,2,0,34 20 39,1,20,,299944,2,0,34 20 39,1,85,,299947,2,0,34 20 39,1,10,,299949,2,0,34 20 39,1,10,,299950,2,0,34 20 39,1,15,,299951,8,4,,1,60,,299953,2,0,34 20 39,1,10,,299954,2,0,34 20 39,1,10,,299956,2,4,,1,10,,299958,2,0,34 20 39,1,75,,299960,2,4,,1,35,,299962,2,0,34 20 39,1,60,,299964,2,0,34 20 39,1,27,,299965,2,0,34 20 39,1,18,,299966,14,,,1,7,,299968,2,0,34 20 39,1,70,,299970,2,0,34 20 39,1,23,,299971,14,,,1,7,,299973,2,0,34 20 39,1,68,,299974,2,0,34 20 39,1,25,,299975,14,,,1,100,,299976,14,,,1,65,,299977,14,,,1
4700,'20261110',810,,299978,8,4,,1,605,,299980,2,0,34 20 39,1,95,,299982,2,0,34 20 39,1,90,,299984,2,0,34 20 39,1,20,,299986,2,0,34 20 39,1,85,,299989,2,0,34 20 39,1,10,,299991,2,0,34 20 39,1,10,,299992,2,0,34 20 39,1,15,,299993,8,4,,1,60,,299995,2,0,34 20 39,1,10,,299996,2,0,34 20 39,1,10,,299998,2,4,,1,10,,300000,2,0,34 20 39,1,75,,300002,2,4,,1,35,,300004,2,0,34 20 39,1,60,,300006,2,0,34 20 39,1,27,,300007,2,0,34 20 39,1,18,,300008,14,,,1,7,,300010,2,0,34 20 39,1,70,,300012,2,0,34 20 39,1,23,,300013,14,,,1,7,,300015,2,0,34 20 39,1,68,,300016,2,0,34 20 39,1,25,,300017,14,,,1,100,,300018,14,,,1,65,,300019,14,,,1
4700,'20261111',810,,300020,8,4,,1,605,,300022,2,0,34 20 39,1,95,,300024,2,0,34 20 39,1,90,,300026,2,0,34 20 39,1,20,,300028,2,0,34 20 39,1,85,,300031,2,0,34 20 39,1,10,,300033,2,0,34 20 39,1,10,,300034,2,0,34 20 39,1,15,,300035,8,4,,1,60,,300037,2,0,34 20 39,1,10,,300038,2,0,34 20 39,1,10,,300040,2,4,,1,10,,300042,2,0,34 20 39,1,75,,300044,2,4,,1,35,,300046,2,0,34 20 39,1,60,,300048,2,0,34 20 39,1,27,,300049,2,0,34 20 39,1,18,,300050,14,,,1,7,,300052,2,0,34 20 39,1,70,,300054,2,0,34 20 39,1,23,,300055,14,,,1,7,,300057,2,0,34 20 39,1,68,,300058,2,0,34 20 39,1,25,,300059,14,,,1,100,,300060,14,,,1,65,,300061,14,,,1
4700,'20261112',810,,300062,8,4,,1,605,,300064,2,0,34 20 39,1,95,,300066,2,0,34 20 39,1,90,,300068,2,0,34 20 39,1,20,,300070,2,0,34 20 39,1,85,,300073,2,0,34 20 39,1,10,,300075,2,0,34 20 39,1,10,,300076,2,0,34 20 39,1,15,,300077,8,4,,1,60,,300079,2,0,34 20 39,1,10,,300080,2,0,34 20 39,1,10,,300082,2,4,,1,10,,300084,2,0,34 20 39,1,75,,300086,2,4,,1,35,,300088,2,0,34 20 39,1,60,,300090,2,0,34 20 39,1,27,,300091,2,0,34 20 39,1,18,,300092,14,,,1,7,,300094,2,0,34 20 39,1,70,,300096,2,0,34 20 39,1,23,,300097,14,,,1,7,,300099,2,0,34 20 39,1,68,,300100,2,0,34 20 39,1,25,,300101,14,,,1,100,,300102,14,,,1,65,,300103,14,,,1
4700,'20261113',810,,300104,8,4,,1,605,,300106,2,0,34 20 39,1,95,,300108,2,0,34 20 39,1,90,,300111,2,0,34 20 39,1,15,,300110,3,4,,1,5,,300113,2,0,34 20 39,1,85,,300116,2,0,34 20 39,1,10,,300119,2,0,34 20 39,1,5,,300117,3,4,,1,5,,300120,2,0,34 20 39,1,15,,300121,8,4,,1,60,,300123,2,0,34 20 39,1,10,,300124,2,0,34 20 39,1,10,,300127,2,4,,1,5,,300125,3,4,,1,5,,300129,2,0,34 20 39,1,75,,300131,2,4,,1,35,,300132,3,4,,1,60,,300136,2,0,34 20 39,1,27,,300138,2,0,34 20 39,1,3,,300137,3,4,,1,15,,300139,14,,,1,7,,300141,2,0,34 20 39,1,70,,300143,2,0,34 20 39,1,23,,300144,14,,,1,7,,300146,2,0,34 20 39,1,68,,300147,2,0,34 20 39,1,25,,300148,14,,,1,100,,300149,14,,,1,65,,300150,14,,,1
4700,'20261114',545,,300151,14,,,1,100,,300152,14,,,1,70,,300153,14,,,1,30,,300154,14,,,1,70,,300155,14,,,1,30,,300156,14,,,1,70,,300157,14,,,1,30,,300158,14,,,1,70,,300159,14,,,1,30,,300160,14,,,1,70,,300161,14,,,1,30,,300162,14,,,1,70,,300163,14,,,1,30,,300164,14,,,1,70,,300165,14,,,1,25,,300166,14,,,1,75,,300167,14,,,1,30,,300168,14,,,1,70,,300169,14,,,1,30,,300170,14,,,1,70,,300171,14,,,1,30,,300172,14,,,1,70,,300173,14,,,1,30,,300174,14,,,1,70,,300175,14,,,1,30,,300176,14,,,1,70,,300177,14,,,1,30,,300178,14,,,1,70,,300179,14,,,1,30,,300180,14,,,1,70,,300181,14,,,1,30,,300182,14,,,1,70,,300183,14,,,1,100,,300184,14,,,1,100,,300185,14,,,1
4700,'20261115',545,,300186,14,,,1,100,,300187,14,,,1,70,,300188,14,,,1,30,,300189,14,,,1,70,,300190,14,,,1,30,,300191,14,,,1,70,,300192,14,,,1,30,,300193,14,,,1,70,,300194,14,,,1,30,,300195,14,,,1,70,,300196,14,,,1,30,,300197,14,,,1,70,,300198,14,,,1,30,,300199,14,,,1,70,,300200,14,,,1,25,,300201,14,,,1,75,,300202,14,,,1,30,,300203,14,,,1,70,,300204,14,,,1,30,,300205,14,,,1,70,,300206,14,,,1,30,,300207,14,,,1,70,,300208,14,,,1,30,,300209,14,,,1,70,,300210,14,,,1,30,,300211,14,,,1,70,,300212,14,,,1,30,,300213,14,,,1,70,,300214,14,,,1,30,,300215,14,,,1,70,,300216,14,,,1,30,,300217,14,,,1,70,,300218,14,,,1,100,,300219,14,,,1,100,,300220,14,,,1
4700,'20261116',810,,300221,8,4,,1,605,,300223,2,0,34 20 39,1,95,,300225,2,0,34 20 39,1,90,,300227,2,0,34 20 39,1,20,,300229,2,0,34 20 39,1,85,,300232,2,0,34 20 39,1,10,,300234,2,0,34 20 39,1,10,,300235,2,0,34 20 39,1,15,,300236,8,4,,1,60,,300238,2,0,34 20 39,1,10,,300239,2,0,34 20 39,1,10,,300241,2,4,,1,10,,300243,2,0,34 20 39,1,75,,300245,2,4,,1,35,,300247,2,0,34 20 39,1,60,,300249,2,0,34 20 39,1,27,,300250,2,0,34 20 39,1,18,,300251,14,,,1,7,,300253,2,0,34 20 39,1,70,,300255,2,0,34 20 39,1,23,,300256,14,,,1,7,,300258,2,0,34 20 39,1,68,,300259,2,0,34 20 39,1,25,,300260,14,,,1,100,,300261,14,,,1,65,,300262,14,,,1
4700,'20261117',810,,300263,8,4,,1,605,,300265,2,0,34 20 39,1,95,,300267,2,0,34 20 39,1,90,,300269,2,0,34 20 39,1,20,,300271,2,0,34 20 39,1,85,,300274,2,0,34 20 39,1,10,,300276,2,0,34 20 39,1,10,,300277,2,0,34 20 39,1,15,,300278,8,4,,1,60,,300280,2,0,34 20 39,1,10,,300281,2,0,34 20 39,1,10,,300283,2,4,,1,10,,300285,2,0,34 20 39,1,75,,300287,2,4,,1,35,,300289,2,0,34 20 39,1,60,,300291,2,0,34 20 39,1,27,,300292,2,0,34 20 39,1,18,,300293,14,,,1,7,,300295,2,0,34 20 39,1,70,,300297,2,0,34 20 39,1,23,,300298,14,,,1,7,,300300,2,0,34 20 39,1,68,,300301,2,0,34 20 39,1,25,,300302,14,,,1,100,,300303,14,,,1,65,,300304,14,,,1
4700,'20261118',810,,300305,8,4,,1,605,,300307,2,0,34 20 39,1,95,,300309,2,0,34 20 39,1,90,,300311,2,0,34 20 39,1,20,,300313,2,0,34 20 39,1,85,,300316,2,0,34 20 39,1,10,,300318,2,0,34 20 39,1,10,,300319,2,0,34 20 39,1,15,,300320,8,4,,1,60,,300322,2,0,34 20 39,1,10,,300323,2,0,34 20 39,1,10,,300325,2,4,,1,10,,300327,2,0,34 20 39,1,75,,300329,2,4,,1,35,,300331,2,0,34 20 39,1,60,,300333,2,0,34 20 39,1,27,,300334,2,0,34 20 39,1,18,,300335,14,,,1,7,,300337,2,0,34 20 39,1,70,,300339,2,0,34 20 39,1,23,,300340,14,,,1,7,,300342,2,0,34 20 39,1,68,,300343,2,0,34 20 39,1,25,,300344,14,,,1,100,,300345,14,,,1,65,,300346,14,,,1
4700,'20261119',810,,300347,8,4,,1,605,,300349,2,0,34 20 39,1,95,,300351,2,0,34 20 39,1,90,,300353,2,0,34 20 39,1,20,,300355,2,0,34 20 39,1,85,,300358,2,0,34 20 39,1,10,,300360,2,0,34 20 39,1,10,,300361,2,0,34 20 39,1,15,,300362,8,4,,1,60,,300364,2,0,34 20 39,1,10,,300365,2,0,34 20 39,1,10,,300367,2,4,,1,10,,300369,2,0,34 20 39,1,75,,300371,2,4,,1,35,,300373,2,0,34 20 39,1,60,,300375,2,0,34 20 39,1,27,,300376,2,0,34 20 39,1,18,,300377,14,,,1,7,,300379,2,0,34 20 39,1,70,,300381,2,0,34 20 39,1,23,,300382,14,,,1,7,,300384,2,0,34 20 39,1,68,,300385,2,0,34 20 39,1,25,,300386,14,,,1,100,,300387,14,,,1,65,,300388,14,,,1
4700,'20261120',810,,300389,8,4,,1,605,,300391,2,0,34 20 39,1,95,,300393,2,0,34 20 39,1,90,,300396,2,0,34 20 39,1,15,,300395,3,4,,1,5,,300398,2,0,34 20 39,1,85,,300401,2,0,34 20 39,1,10,,300404,2,0,34 20 39,1,5,,300402,3,4,,1,5,,300405,2,0,34 20 39,1,15,,300406,8,4,,1,60,,300408,2,0,34 20 39,1,10,,300409,2,0,34 20 39,1,10,,300412,2,4,,1,5,,300410,3,4,,1,5,,300414,2,0,34 20 39,1,75,,300416,2,4,,1,35,,300417,3,4,,1,60,,300421,2,0,34 20 39,1,27,,300423,2,0,34 20 39,1,3,,300422,3,4,,1,15,,300424,14,,,1,7,,300426,2,0,34 20 39,1,70,,300428,2,0,34 20 39,1,23,,300429,14,,,1,7,,300431,2,0,34 20 39,1,68,,300432,2,0,34 20 39,1,25,,300433,14,,,1,100,,300434,14,,,1,65,,300435,14,,,1
4700,'20261121',545,,300436,14,,,1,100,,300437,14,,,1,70,,300438,14,,,1,30,,300439,14,,,1,70,,300440,14,,,1,30,,300441,14,,,1,70,,300442,14,,,1,30,,300443,14,,,1,70,,300444,14,,,1,30,,300445,14,,,1,70,,300446,14,,,1,30,,300447,14,,,1,70,,300448,14,,,1,30,,300449,14,,,1,70,,300450,14,,,1,25,,300451,14,,,1,75,,300452,14,,,1,30,,300453,14,,,1,70,,300454,14,,,1,30,,300455,14,,,1,70,,300456,14,,,1,30,,300457,14,,,1,70,,300458,14,,,1,30,,300459,14,,,1,70,,300460,14,,,1,30,,300461,14,,,1,70,,300462,14,,,1,30,,300463,14,,,1,70,,300464,14,,,1,30,,300465,14,,,1,70,,300466,14,,,1,30,,300467,14,,,1,70,,300468,14,,,1,100,,300469,14,,,1,100,,300470,14,,,1
4700,'20261122',545,,300471,14,,,1,100,,300472,14,,,1,70,,300473,14,,,1,30,,300474,14,,,1,70,,300475,14,,,1,30,,300476,14,,,1,70,,300477,14,,,1,30,,300478,14,,,1,70,,300479,14,,,1,30,,300480,14,,,1,70,,300481,14,,,1,30,,300482,14,,,1,70,,300483,14,,,1,30,,300484,14,,,1,70,,300485,14,,,1,25,,300486,14,,,1,75,,300487,14,,,1,30,,300488,14,,,1,70,,300489,14,,,1,30,,300490,14,,,1,70,,300491,14,,,1,30,,300492,14,,,1,70,,300493,14,,,1,30,,300494,14,,,1,70,,300495,14,,,1,30,,300496,14,,,1,70,,300497,14,,,1,30,,300498,14,,,1,70,,300499,14,,,1,30,,300500,14,,,1,70,,300501,14,,,1,30,,300502,14,,,1,70,,300503,14,,,1,100,,300504,14,,,1,100,,300505,14,,,1
4700,'20261123',810,,300506,8,4,,1,605,,300508,2,0,34 20 39,1,95,,300510,2,0,34 20 39,1,90,,300512,2,0,34 20 39,1,20,,300514,2,0,34 20 39,1,85,,300517,2,0,34 20 39,1,10,,300519,2,0,34 20 39,1,10,,300520,2,0,34 20 39,1,15,,300521,8,4,,1,60,,300523,2,0,34 20 39,1,10,,300524,2,0,34 20 39,1,10,,300526,2,4,,1,10,,300528,2,0,34 20 39,1,75,,300530,2,4,,1,35,,300532,2,0,34 20 39,1,60,,300534,2,0,34 20 39,1,27,,300535,2,0,34 20 39,1,18,,300536,14,,,1,7,,300538,2,0,34 20 39,1,70,,300540,2,0,34 20 39,1,23,,300541,14,,,1,7,,300543,2,0,34 20 39,1,68,,300544,2,0,34 20 39,1,25,,300545,14,,,1,100,,300546,14,,,1,65,,300547,14,,,1
4700,'20261124',810,,300548,8,4,,1,605,,300550,2,0,34 20 39,1,95,,300552,2,0,34 20 39,1,90,,300554,2,0,34 20 39,1,20,,300556,2,0,34 20 39,1,85,,300559,2,0,34 20 39,1,10,,300561,2,0,34 20 39,1,10,,300562,2,0,34 20 39,1,15,,300563,8,4,,1,60,,300565,2,0,34 20 39,1,10,,300566,2,0,34 20 39,1,10,,300568,2,4,,1,10,,300570,2,0,34 20 39,1,75,,300572,2,4,,1,35,,300574,2,0,34 20 39,1,60,,300576,2,0,34 20 39,1,27,,300577,2,0,34 20 39,1,18,,300578,14,,,1,7,,300580,2,0,34 20 39,1,70,,300582,2,0,34 20 39,1,23,,300583,14,,,1,7,,300585,2,0,34 20 39,1,68,,300586,2,0,34 20 39,1,25,,300587,14,,,1,100,,300588,14,,,1,65,,300589,14,,,1
4700,'20261125',810,,300590,8,4,,1,605,,300592,2,0,34 20 39,1,95,,300594,2,0,34 20 39,1,90,,300596,2,0,34 20 39,1,20,,300598,2,0,34 20 39,1,85,,300601,2,0,34 20 39,1,10,,300603,2,0,34 20 39,1,10,,300604,2,0,34 20 39,1,15,,300605,8,4,,1,60,,300607,2,0,34 20 39,1,10,,300608,2,0,34 20 39,1,10,,300610,2,4,,1,10,,300612,2,0,34 20 39,1,75,,300614,2,4,,1,35,,300616,2,0,34 20 39,1,60,,300618,2,0,34 20 39,1,27,,300619,2,0,34 20 39,1,18,,300620,14,,,1,7,,300622,2,0,34 20 39,1,70,,300624,2,0,34 20 39,1,23,,300625,14,,,1,7,,300627,2,0,34 20 39,1,68,,300628,2,0,34 20 39,1,25,,300629,14,,,1,100,,300630,14,,,1,65,,300631,14,,,1
4700,'20261126',810,,300632,8,4,,1,605,,300634,2,0,34 20 39,1,95,,300636,2,0,34 20 39,1,90,,300638,2,0,34 20 39,1,20,,300640,2,0,34 20 39,1,85,,300643,2,0,34 20 39,1,10,,300645,2,0,34 20 39,1,10,,300646,2,0,34 20 39,1,15,,300647,8,4,,1,60,,300649,2,0,34 20 39,1,10,,300650,2,0,34 20 39,1,10,,300652,2,4,,1,10,,300654,2,0,34 20 39,1,75,,300656,2,4,,1,35,,300658,2,0,34 20 39,1,60,,300660,2,0,34 20 39,1,27,,300661,2,0,34 20 39,1,18,,300662,14,,,1,7,,300664,2,0,34 20 39,1,70,,300666,2,0,34 20 39,1,23,,300667,14,,,1,7,,300669,2,0,34 20 39,1,68,,300670,2,0,34 20 39,1,25,,300671,14,,,1,100,,300672,14,,,1,65,,300673,14,,,1
4700,'20261127',810,,300674,8,4,,1,605,,300676,2,0,34 20 39,1,95,,300678,2,0,34 20 39,1,90,,300681,2,0,34 20 39,1,15,,300680,3,4,,1,5,,300683,2,0,34 20 39,1,85,,300686,2,0,34 20 39,1,10,,300689,2,0,34 20 39,1,5,,300687,3,4,,1,5,,300690,2,0,34 20 39,1,15,,300691,8,4,,1,60,,300693,2,0,34 20 39,1,10,,300694,2,0,34 20 39,1,10,,300697,2,4,,1,5,,300695,3,4,,1,5,,300699,2,0,34 20 39,1,75,,300701,2,4,,1,35,,300702,3,4,,1,60,,300706,2,0,34 20 39,1,27,,300708,2,0,34 20 39,1,3,,300707,3,4,,1,15,,300709,14,,,1,7,,300711,2,0,34 20 39,1,70,,300713,2,0,34 20 39,1,23,,300714,14,,,1,7,,300716,2,0,34 20 39,1,68,,300717,2,0,34 20 39,1,25,,300718,14,,,1,100,,300719,14,,,1,65,,300720,14,,,1
5600,'20260910',540,,307319,13,0,102 12 9,1,65,,307320,1,0,7 11 12 9,1,15,,307321,13,0,102 12 9,1,15,,307322,1,0,7 11 12 9,1,15,,307323,13,0,102 12 9,1,72,,307324,13,0,102 12 9,1,20,,307325,1,0,7 11 12 9,1,10,,307326,13,0,102 12 9,1,70,,307327,13,0,102 12 9,1,18,,307328,1,0,7 11 12 9,1,12,,307329,13,0,102 12 9,1,75,,307330,13,0,102 12 9,1,30,,307331,13,0,102 12 9,1,70,,307332,13,0,102 12 9,1,30,,307333,13,0,102 12 9,1,75,,307334,13,0,102 12 9,1,25,,307335,13,0,102 12 9,1,68,,307336,13,0,102 12 9,1,30,,307337,13,0,102 12 9,1,70,,307338,13,0,102 12 9,1,31,,307339,13,0,102 12 9,1,72,,307340,13,0,102 12 9,1,30,,307341,13,0,102 12 9,1,70,,307342,13,0,102 12 9,1,29,,307343,13,0,102 12 9,1,75,,307344,13,0,102 12 9,1,16,,307345,13,0,31 42 9,1,55,,307346,13,0,102 12 9,1,30,,307347,13,0,102 12 9,1,20,,307348,13,0,31 42 9,1,50,,307349,13,0,102 12 9,1,30,,307350,13,0,102 12 9,1,15,,307351,13,0,5 20 39,1,60,,307352,13,0,102 12 9,1,15,,307353,13,0,102 12 9,1,27,,307354,13,0,102 12 9,1,80,,307355,13,0,102 12 9,1,100,,307356,13,0,102 12 9,1,100,,307357,13,0,102 12 9,1,100,,307358,13,0,102 12 9,1
5600,'20260911',540,,307359,13,0,102 12 9,1,65,,307360,1,0,7 11 12 9,1,15,,307361,13,0,102 12 9,1,15,,307362,1,0,7 11 12 9,1,15,,307363,13,0,102 12 9,1,72,,307364,13,0,102 12 9,1,20,,307365,1,0,7 11 12 9,1,10,,307366,13,0,102 12 9,1,70,,307367,13,0,102 12 9,1,18,,307368,1,0,7 11 12 9,1,12,,307369,13,0,102 12 9,1,75,,307370,13,0,102 12 9,1,30,,307371,13,0,102 12 9,1,70,,307372,13,0,102 12 9,1,30,,307373,13,0,102 12 9,1,75,,307374,13,0,102 12 9,1,25,,307375,13,0,102 12 9,1,68,,307376,13,0,102 12 9,1,30,,307377,13,0,102 12 9,1,70,,307378,13,0,102 12 9,1,31,,307379,13,0,102 12 9,1,72,,307380,13,0,102 12 9,1,30,,307381,13,0,102 12 9,1,70,,307382,13,0,102 12 9,1,29,,307383,13,0,102 12 9,1,75,,307384,13,0,102 12 9,1,16,,307385,13,0,31 42 9,1,55,,307386,13,0,102 12 9,1,30,,307387,13,0,102 12 9,1,20,,307388,13,0,31 42 9,1,50,,307389,13,0,102 12 9,1,30,,307390,13,0,102 12 9,1,15,,307391,13,0,5 20 39,1,60,,307392,13,0,102 12 9,1,15,,307393,13,0,102 12 9,1,27,,307394,13,0,102 12 9,1,80,,307395,13,0,102 12 9,1,100,,307396,13,0,102 12 9,1,100,,307397,13,0,102 12 9,1,100,,307398,13,0,102 12 9,1
5600,'20260914',540,,307399,13,0,102 12 9,1,65,,307400,1,0,7 11 12 9,1,15,,307401,13,0,102 12 9,1,15,,307402,1,0,7 11 12 9,1,15,,307403,13,0,102 12 9,1,72,,307404,13,0,102 12 9,1,20,,307405,1,0,7 11 12 9,1,10,,307406,13,0,102 12 9,1,70,,307407,13,0,102 12 9,1,18,,307408,1,0,7 11 12 9,1,12,,307409,13,0,102 12 9,1,75,,307410,13,0,102 12 9,1,30,,307411,13,0,102 12 9,1,70,,307412,13,0,102 12 9,1,30,,307413,13,0,102 12 9,1,75,,307414,13,0,102 12 9,1,25,,307415,13,0,102 12 9,1,68,,307416,13,0,102 12 9,1,30,,307417,13,0,102 12 9,1,70,,307418,13,0,102 12 9,1,31,,307419,13,0,102 12 9,1,72,,307420,13,0,102 12 9,1,30,,307421,13,0,102 12 9,1,70,,307422,13,0,102 12 9,1,29,,307423,13,0,102 12 9,1,75,,307424,13,0,102 12 9,1,16,,307425,13,0,31 42 9,1,55,,307426,13,0,102 12 9,1,30,,307427,13,0,102 12 9,1,20,,307428,13,0,31 42 9,1,50,,307429,13,0,102 12 9,1,30,,307430,13,0,102 12 9,1,15,,307431,13,0,5 20 39,1,60,,307432,13,0,102 12 9,1,15,,307433,13,0,102 12 9,1,27,,307434,13,0,102 12 9,1,80,,307435,13,0,102 12 9,1,100,,307436,13,0,102 12 9,1,100,,307437,13,0,102 12 9,1,100,,307438,13,0,102 12 9,1
5600,'20260915',540,,307439,13,0,102 12 9,1,65,,307440,1,0,7 11 12 9,1,15,,307441,13,0,102 12 9,1,15,,307442,1,0,7 11 12 9,1,15,,307443,13,0,102 12 9,1,72,,307444,13,0,102 12 9,1,20,,307445,1,0,7 11 12 9,1,10,,307446,13,0,102 12 9,1,70,,307447,13,0,102 12 9,1,18,,307448,1,0,7 11 12 9,1,12,,307449,13,0,102 12 9,1,75,,307450,13,0,102 12 9,1,30,,307451,13,0,102 12 9,1,70,,307452,13,0,102 12 9,1,30,,307453,13,0,102 12 9,1,75,,307454,13,0,102 12 9,1,25,,307455,13,0,102 12 9,1,68,,307456,13,0,102 12 9,1,30,,307457,13,0,102 12 9,1,70,,307458,13,0,102 12 9,1,31,,307459,13,0,102 12 9,1,72,,307460,13,0,102 12 9,1,30,,307461,13,0,102 12 9,1,70,,307462,13,0,102 12 9,1,29,,307463,13,0,102 12 9,1,75,,307464,13,0,102 12 9,1,16,,307465,13,0,31 42 9,1,55,,307466,13,0,102 12 9,1,30,,307467,13,0,102 12 9,1,20,,307468,13,0,31 42 9,1,50,,307469,13,0,102 12 9,1,30,,307470,13,0,102 12 9,1,15,,307471,13,0,5 20 39,1,60,,307472,13,0,102 12 9,1,15,,307473,13,0,102 12 9,1,27,,307474,13,0,102 12 9,1,80,,307475,13,0,102 12 9,1,100,,307476,13,0,102 12 9,1,100,,307477,13,0,102 12 9,1,100,,307478,13,0,102 12 9,1
5600,'20260916',540,,307479,13,0,102 12 9,1,65,,307480,1,0,7 11 12 9,1,15,,307481,13,0,102 12 9,1,15,,307482,1,0,7 11 12 9,1,15,,307483,13,0,102 12 9,1,72,,307484,13,0,102 12 9,1,20,,307485,1,0,7 11 12 9,1,10,,307486,13,0,102 12 9,1,70,,307487,13,0,102 12 9,1,18,,307488,1,0,7 11 12 9,1,12,,307489,13,0,102 12 9,1,75,,307490,13,0,102 12 9,1,30,,307491,13,0,102 12 9,1,70,,307492,13,0,102 12 9,1,30,,307493,13,0,102 12 9,1,75,,307494,13,0,102 12 9,1,25,,307495,13,0,102 12 9,1,68,,307496,13,0,102 12 9,1,30,,307497,13,0,102 12 9,1,70,,307498,13,0,102 12 9,1,31,,307499,13,0,102 12 9,1,72,,307500,13,0,102 12 9,1,30,,307501,13,0,102 12 9,1,70,,307502,13,0,102 12 9,1,29,,307503,13,0,102 12 9,1,75,,307504,13,0,102 12 9,1,16,,307505,13,0,31 42 9,1,55,,307506,13,0,102 12 9,1,30,,307507,13,0,102 12 9,1,20,,307508,13,0,31 42 9,1,50,,307509,13,0,102 12 9,1,30,,307510,13,0,102 12 9,1,15,,307511,13,0,5 20 39,1,60,,307512,13,0,102 12 9,1,15,,307513,13,0,102 12 9,1,27,,307514,13,0,102 12 9,1,80,,307515,13,0,102 12 9,1,100,,307516,13,0,102 12 9,1,100,,307517,13,0,102 12 9,1,100,,307518,13,0,102 12 9,1
5600,'20260917',540,,307519,13,0,102 12 9,1,65,,307520,1,0,7 11 12 9,1,15,,307521,13,0,102 12 9,1,15,,307522,1,0,7 11 12 9,1,15,,307523,13,0,102 12 9,1,72,,307524,13,0,102 12 9,1,20,,307525,1,0,7 11 12 9,1,10,,307526,13,0,102 12 9,1,70,,307527,13,0,102 12 9,1,18,,307528,1,0,7 11 12 9,1,12,,307529,13,0,102 12 9,1,75,,307530,13,0,102 12 9,1,30,,307531,13,0,102 12 9,1,70,,307532,13,0,102 12 9,1,30,,307533,13,0,102 12 9,1,75,,307534,13,0,102 12 9,1,25,,307535,13,0,102 12 9,1,68,,307536,13,0,102 12 9,1,30,,307537,13,0,102 12 9,1,70,,307538,13,0,102 12 9,1,31,,307539,13,0,102 12 9,1,72,,307540,13,0,102 12 9,1,30,,307541,13,0,102 12 9,1,70,,307542,13,0,102 12 9,1,29,,307543,13,0,102 12 9,1,75,,307544,13,0,102 12 9,1,16,,307545,13,0,31 42 9,1,55,,307546,13,0,102 12 9,1,30,,307547,13,0,102 12 9,1,20,,307548,13,0,31 42 9,1,50,,307549,13,0,102 12 9,1,30,,307550,13,0,102 12 9,1,15,,307551,13,0,5 20 39,1,60,,307552,13,0,102 12 9,1,15,,307553,13,0,102 12 9,1,27,,307554,13,0,102 12 9,1,80,,307555,13,0,102 12 9,1,100,,307556,13,0,102 12 9,1,100,,307557,13,0,102 12 9,1,100,,307558,13,0,102 12 9,1
5600,'20260918',540,,307559,13,0,102 12 9,1,65,,307560,1,0,7 11 12 9,1,15,,307561,13,0,102 12 9,1,15,,307562,1,0,7 11 12 9,1,15,,307563,13,0,102 12 9,1,72,,307564,13,0,102 12 9,1,20,,307565,1,0,7 11 12 9,1,10,,307566,13,0,102 12 9,1,70,,307567,13,0,102 12 9,1,18,,307568,1,0,7 11 12 9,1,12,,307569,13,0,102 12 9,1,75,,307570,13,0,102 12 9,1,30,,307571,13,0,102 12 9,1,70,,307572,13,0,102 12 9,1,30,,307573,13,0,102 12 9,1,75,,307574,13,0,102 12 9,1,25,,307575,13,0,102 12 9,1,68,,307576,13,0,102 12 9,1,30,,307577,13,0,102 12 9,1,70,,307578,13,0,102 12 9,1,31,,307579,13,0,102 12 9,1,72,,307580,13,0,102 12 9,1,30,,307581,13,0,102 12 9,1,70,,307582,13,0,102 12 9,1,29,,307583,13,0,102 12 9,1,75,,307584,13,0,102 12 9,1,16,,307585,13,0,31 42 9,1,55,,307586,13,0,102 12 9,1,30,,307587,13,0,102 12 9,1,20,,307588,13,0,31 42 9,1,50,,307589,13,0,102 12 9,1,30,,307590,13,0,102 12 9,1,15,,307591,13,0,5 20 39,1,60,,307592,13,0,102 12 9,1,15,,307593,13,0,102 12 9,1,27,,307594,13,0,102 12 9,1,80,,307595,13,0,102 12 9,1,100,,307596,13,0,102 12 9,1,100,,307597,13,0,102 12 9,1,100,,307598,13,0,102 12 9,1
5600,'20260921',540,,307599,13,0,102 12 9,1,65,,307600,1,0,7 11 12 9,1,15,,307601,13,0,102 12 9,1,15,,307602,1,0,7 11 12 9,1,15,,307603,13,0,102 12 9,1,72,,307604,13,0,102 12 9,1,20,,307605,1,0,7 11 12 9,1,10,,307606,13,0,102 12 9,1,70,,307607,13,0,102 12 9,1,18,,307608,1,0,7 11 12 9,1,12,,307609,13,0,102 12 9,1,75,,307610,13,0,102 12 9,1,30,,307611,13,0,102 12 9,1,70,,307612,13,0,102 12 9,1,30,,307613,13,0,102 12 9,1,75,,307614,13,0,102 12 9,1,25,,307615,13,0,102 12 9,1,68,,307616,13,0,102 12 9,1,30,,307617,13,0,102 12 9,1,70,,307618,13,0,102 12 9,1,31,,307619,13,0,102 12 9,1,72,,307620,13,0,102 12 9,1,30,,307621,13,0,102 12 9,1,70,,307622,13,0,102 12 9,1,29,,307623,13,0,102 12 9,1,75,,307624,13,0,102 12 9,1,16,,307625,13,0,31 42 9,1,55,,307626,13,0,102 12 9,1,30,,307627,13,0,102 12 9,1,20,,307628,13,0,31 42 9,1,50,,307629,13,0,102 12 9,1,30,,307630,13,0,102 12 9,1,15,,307631,13,0,5 20 39,1,60,,307632,13,0,102 12 9,1,15,,307633,13,0,102 12 9,1,27,,307634,13,0,102 12 9,1,80,,307635,13,0,102 12 9,1,100,,307636,13,0,102 12 9,1,100,,307637,13,0,102 12 9,1,100,,307638,13,0,102 12 9,1
5600,'20260922',540,,307639,13,0,102 12 9,1,65,,307640,1,0,7 11 12 9,1,15,,307641,13,0,102 12 9,1,15,,307642,1,0,7 11 12 9,1,15,,307643,13,0,102 12 9,1,72,,307644,13,0,102 12 9,1,20,,307645,1,0,7 11 12 9,1,10,,307646,13,0,102 12 9,1,70,,307647,13,0,102 12 9,1,18,,307648,1,0,7 11 12 9,1,12,,307649,13,0,102 12 9,1,75,,307650,13,0,102 12 9,1,30,,307651,13,0,102 12 9,1,70,,307652,13,0,102 12 9,1,30,,307653,13,0,102 12 9,1,75,,307654,13,0,102 12 9,1,25,,307655,13,0,102 12 9,1,68,,307656,13,0,102 12 9,1,30,,307657,13,0,102 12 9,1,70,,307658,13,0,102 12 9,1,31,,307659,13,0,102 12 9,1,72,,307660,13,0,102 12 9,1,30,,307661,13,0,102 12 9,1,70,,307662,13,0,102 12 9,1,29,,307663,13,0,102 12 9,1,75,,307664,13,0,102 12 9,1,16,,307665,13,0,31 42 9,1,55,,307666,13,0,102 12 9,1,30,,307667,13,0,102 12 9,1,20,,307668,13,0,31 42 9,1,50,,307669,13,0,102 12 9,1,30,,307670,13,0,102 12 9,1,15,,307671,13,0,5 20 39,1,60,,307672,13,0,102 12 9,1,15,,307673,13,0,102 12 9,1,27,,307674,13,0,102 12 9,1,80,,307675,13,0,102 12 9,1,100,,307676,13,0,102 12 9,1,100,,307677,13,0,102 12 9,1,100,,307678,13,0,102 12 9,1
5600,'20260923',540,,307679,13,0,102 12 9,1,65,,307680,1,0,7 11 12 9,1,15,,307681,13,0,102 12 9,1,15,,307682,1,0,7 11 12 9,1,15,,307683,13,0,102 12 9,1,72,,307684,13,0,102 12 9,1,20,,307685,1,0,7 11 12 9,1,10,,307686,13,0,102 12 9,1,70,,307687,13,0,102 12 9,1,18,,307688,1,0,7 11 12 9,1,12,,307689,13,0,102 12 9,1,75,,307690,13,0,102 12 9,1,30,,307691,13,0,102 12 9,1,70,,307692,13,0,102 12 9,1,30,,307693,13,0,102 12 9,1,75,,307694,13,0,102 12 9,1,25,,307695,13,0,102 12 9,1,68,,307696,13,0,102 12 9,1,30,,307697,13,0,102 12 9,1,70,,307698,13,0,102 12 9,1,31,,307699,13,0,102 12 9,1,72,,307700,13,0,102 12 9,1,30,,307701,13,0,102 12 9,1,70,,307702,13,0,102 12 9,1,29,,307703,13,0,102 12 9,1,75,,307704,13,0,102 12 9,1,16,,307705,13,0,31 42 9,1,55,,307706,13,0,102 12 9,1,30,,307707,13,0,102 12 9,1,20,,307708,13,0,31 42 9,1,50,,307709,13,0,102 12 9,1,30,,307710,13,0,102 12 9,1,15,,307711,13,0,5 20 39,1,60,,307712,13,0,102 12 9,1,15,,307713,13,0,102 12 9,1,27,,307714,13,0,102 12 9,1,80,,307715,13,0,102 12 9,1,100,,307716,13,0,102 12 9,1,100,,307717,13,0,102 12 9,1,100,,307718,13,0,102 12 9,1
5600,'20260924',540,,307719,13,0,102 12 9,1,65,,307720,1,0,7 11 12 9,1,15,,307721,13,0,102 12 9,1,15,,307722,1,0,7 11 12 9,1,15,,307723,13,0,102 12 9,1,72,,307724,13,0,102 12 9,1,20,,307725,1,0,7 11 12 9,1,10,,307726,13,0,102 12 9,1,70,,307727,13,0,102 12 9,1,18,,307728,1,0,7 11 12 9,1,12,,307729,13,0,102 12 9,1,75,,307730,13,0,102 12 9,1,30,,307731,13,0,102 12 9,1,70,,307732,13,0,102 12 9,1,30,,307733,13,0,102 12 9,1,75,,307734,13,0,102 12 9,1,25,,307735,13,0,102 12 9,1,68,,307736,13,0,102 12 9,1,30,,307737,13,0,102 12 9,1,70,,307738,13,0,102 12 9,1,31,,307739,13,0,102 12 9,1,72,,307740,13,0,102 12 9,1,30,,307741,13,0,102 12 9,1,70,,307742,13,0,102 12 9,1,29,,307743,13,0,102 12 9,1,75,,307744,13,0,102 12 9,1,16,,307745,13,0,31 42 9,1,55,,307746,13,0,102 12 9,1,30,,307747,13,0,102 12 9,1,20,,307748,13,0,31 42 9,1,50,,307749,13,0,102 12 9,1,30,,307750,13,0,102 12 9,1,15,,307751,13,0,5 20 39,1,60,,307752,13,0,102 12 9,1,15,,307753,13,0,102 12 9,1,27,,307754,13,0,102 12 9,1,80,,307755,13,0,102 12 9,1,100,,307756,13,0,102 12 9,1,100,,307757,13,0,102 12 9,1,100,,307758,13,0,102 12 9,1
5600,'20260925',540,,307759,13,0,102 12 9,1,65,,307760,1,0,7 11 12 9,1,15,,307761,13,0,102 12 9,1,15,,307762,1,0,7 11 12 9,1,15,,307763,13,0,102 12 9,1,72,,307764,13,0,102 12 9,1,20,,307765,1,0,7 11 12 9,1,10,,307766,13,0,102 12 9,1,70,,307767,13,0,102 12 9,1,18,,307768,1,0,7 11 12 9,1,12,,307769,13,0,102 12 9,1,75,,307770,13,0,102 12 9,1,30,,307771,13,0,102 12 9,1,70,,307772,13,0,102 12 9,1,30,,307773,13,0,102 12 9,1,75,,307774,13,0,102 12 9,1,25,,307775,13,0,102 12 9,1,68,,307776,13,0,102 12 9,1,30,,307777,13,0,102 12 9,1,70,,307778,13,0,102 12 9,1,31,,307779,13,0,102 12 9,1,72,,307780,13,0,102 12 9,1,30,,307781,13,0,102 12 9,1,70,,307782,13,0,102 12 9,1,29,,307783,13,0,102 12 9,1,75,,307784,13,0,102 12 9,1,16,,307785,13,0,31 42 9,1,55,,307786,13,0,102 12 9,1,30,,307787,13,0,102 12 9,1,20,,307788,13,0,31 42 9,1,50,,307789,13,0,102 12 9,1,30,,307790,13,0,102 12 9,1,15,,307791,13,0,5 20 39,1,60,,307792,13,0,102 12 9,1,15,,307793,13,0,102 12 9,1,27,,307794,13,0,102 12 9,1,80,,307795,13,0,102 12 9,1,100,,307796,13,0,102 12 9,1,100,,307797,13,0,102 12 9,1,100,,307798,13,0,102 12 9,1
5600,'20260928',540,,307799,13,0,102 12 9,1,65,,307800,1,0,7 11 12 9,1,15,,307801,13,0,102 12 9,1,15,,307802,1,0,7 11 12 9,1,15,,307803,13,0,102 12 9,1,72,,307804,13,0,102 12 9,1,20,,307805,1,0,7 11 12 9,1,10,,307806,13,0,102 12 9,1,70,,307807,13,0,102 12 9,1,18,,307808,1,0,7 11 12 9,1,12,,307809,13,0,102 12 9,1,75,,307810,13,0,102 12 9,1,30,,307811,13,0,102 12 9,1,70,,307812,13,0,102 12 9,1,30,,307813,13,0,102 12 9,1,75,,307814,13,0,102 12 9,1,25,,307815,13,0,102 12 9,1,68,,307816,13,0,102 12 9,1,30,,307817,13,0,102 12 9,1,70,,307818,13,0,102 12 9,1,31,,307819,13,0,102 12 9,1,72,,307820,13,0,102 12 9,1,30,,307821,13,0,102 12 9,1,70,,307822,13,0,102 12 9,1,29,,307823,13,0,102 12 9,1,75,,307824,13,0,102 12 9,1,16,,307825,13,0,31 42 9,1,55,,307826,13,0,102 12 9,1,30,,307827,13,0,102 12 9,1,20,,307828,13,0,31 42 9,1,50,,307829,13,0,102 12 9,1,30,,307830,13,0,102 12 9,1,15,,307831,13,0,5 20 39,1,60,,307832,13,0,102 12 9,1,15,,307833,13,0,102 12 9,1,27,,307834,13,0,102 12 9,1,80,,307835,13,0,102 12 9,1,100,,307836,13,0,102 12 9,1,100,,307837,13,0,102 12 9,1,100,,307838,13,0,102 12 9,1
5600,'20260929',540,,307839,13,0,102 12 9,1,65,,307840,1,0,7 11 12 9,1,15,,307841,13,0,102 12 9,1,15,,307842,1,0,7 11 12 9,1,15,,307843,13,0,102 12 9,1,72,,307844,13,0,102 12 9,1,20,,307845,1,0,7 11 12 9,1,10,,307846,13,0,102 12 9,1,70,,307847,13,0,102 12 9,1,18,,307848,1,0,7 11 12 9,1,12,,307849,13,0,102 12 9,1,75,,307850,13,0,102 12 9,1,30,,307851,13,0,102 12 9,1,70,,307852,13,0,102 12 9,1,30,,307853,13,0,102 12 9,1,75,,307854,13,0,102 12 9,1,25,,307855,13,0,102 12 9,1,68,,307856,13,0,102 12 9,1,30,,307857,13,0,102 12 9,1,70,,307858,13,0,102 12 9,1,31,,307859,13,0,102 12 9,1,72,,307860,13,0,102 12 9,1,30,,307861,13,0,102 12 9,1,70,,307862,13,0,102 12 9,1,29,,307863,13,0,102 12 9,1,75,,307864,13,0,102 12 9,1,16,,307865,13,0,31 42 9,1,55,,307866,13,0,102 12 9,1,30,,307867,13,0,102 12 9,1,20,,307868,13,0,31 42 9,1,50,,307869,13,0,102 12 9,1,30,,307870,13,0,102 12 9,1,15,,307871,13,0,5 20 39,1,60,,307872,13,0,102 12 9,1,15,,307873,13,0,102 12 9,1,27,,307874,13,0,102 12 9,1,80,,307875,13,0,102 12 9,1,100,,307876,13,0,102 12 9,1,100,,307877,13,0,102 12 9,1,100,,307878,13,0,102 12 9,1
5600,'20260930',540,,307879,13,0,102 12 9,1,65,,307880,1,0,7 11 12 9,1,15,,307881,13,0,102 12 9,1,15,,307882,1,0,7 11 12 9,1,15,,307883,13,0,102 12 9,1,72,,307884,13,0,102 12 9,1,20,,307885,1,0,7 11 12 9,1,10,,307886,13,0,102 12 9,1,70,,307887,13,0,102 12 9,1,18,,307888,1,0,7 11 12 9,1,12,,307889,13,0,102 12 9,1,75,,307890,13,0,102 12 9,1,30,,307891,13,0,102 12 9,1,70,,307892,13,0,102 12 9,1,30,,307893,13,0,102 12 9,1,75,,307894,13,0,102 12 9,1,25,,307895,13,0,102 12 9,1,68,,307896,13,0,102 12 9,1,30,,307897,13,0,102 12 9,1,70,,307898,13,0,102 12 9,1,31,,307899,13,0,102 12 9,1,72,,307900,13,0,102 12 9,1,30,,307901,13,0,102 12 9,1,70,,307902,13,0,102 12 9,1,29,,307903,13,0,102 12 9,1,75,,307904,13,0,102 12 9,1,16,,307905,13,0,31 42 9,1,55,,307906,13,0,102 12 9,1,30,,307907,13,0,102 12 9,1,20,,307908,13,0,31 42 9,1,50,,307909,13,0,102 12 9,1,30,,307910,13,0,102 12 9,1,15,,307911,13,0,5 20 39,1,60,,307912,13,0,102 12 9,1,15,,307913,13,0,102 12 9,1,27,,307914,13,0,102 12 9,1,80,,307915,13,0,102 12 9,1,100,,307916,13,0,102 12 9,1,100,,307917,13,0,102 12 9,1,100,,307918,13,0,102 12 9,1
5600,'20261001',540,,307919,13,0,102 12 9,1,65,,307920,1,0,7 11 12 9,1,15,,307921,13,0,102 12 9,1,15,,307922,1,0,7 11 12 9,1,15,,307923,13,0,102 12 9,1,72,,307924,13,0,102 12 9,1,20,,307925,1,0,7 11 12 9,1,10,,307926,13,0,102 12 9,1,70,,307927,13,0,102 12 9,1,18,,307928,1,0,7 11 12 9,1,12,,307929,13,0,102 12 9,1,75,,307930,13,0,102 12 9,1,30,,307931,13,0,102 12 9,1,70,,307932,13,0,102 12 9,1,30,,307933,13,0,102 12 9,1,75,,307934,13,0,102 12 9,1,25,,307935,13,0,102 12 9,1,68,,307936,13,0,102 12 9,1,30,,307937,13,0,102 12 9,1,70,,307938,13,0,102 12 9,1,31,,307939,13,0,102 12 9,1,72,,307940,13,0,102 12 9,1,30,,307941,13,0,102 12 9,1,70,,307942,13,0,102 12 9,1,29,,307943,13,0,102 12 9,1,75,,307944,13,0,102 12 9,1,16,,307945,13,0,31 42 9,1,55,,307946,13,0,102 12 9,1,30,,307947,13,0,102 12 9,1,20,,307948,13,0,31 42 9,1,50,,307949,13,0,102 12 9,1,30,,307950,13,0,102 12 9,1,15,,307951,13,0,5 20 39,1,60,,307952,13,0,102 12 9,1,15,,307953,13,0,102 12 9,1,27,,307954,13,0,102 12 9,1,80,,307955,13,0,102 12 9,1,100,,307956,13,0,102 12 9,1,100,,307957,13,0,102 12 9,1,100,,307958,13,0,102 12 9,1
5600,'20261002',540,,307959,13,0,102 12 9,1,65,,307960,1,0,7 11 12 9,1,15,,307961,13,0,102 12 9,1,15,,307962,1,0,7 11 12 9,1,15,,307963,13,0,102 12 9,1,72,,307964,13,0,102 12 9,1,20,,307965,1,0,7 11 12 9,1,10,,307966,13,0,102 12 9,1,70,,307967,13,0,102 12 9,1,18,,307968,1,0,7 11 12 9,1,12,,307969,13,0,102 12 9,1,75,,307970,13,0,102 12 9,1,30,,307971,13,0,102 12 9,1,70,,307972,13,0,102 12 9,1,30,,307973,13,0,102 12 9,1,75,,307974,13,0,102 12 9,1,25,,307975,13,0,102 12 9,1,68,,307976,13,0,102 12 9,1,30,,307977,13,0,102 12 9,1,70,,307978,13,0,102 12 9,1,31,,307979,13,0,102 12 9,1,72,,307980,13,0,102 12 9,1,30,,307981,13,0,102 12 9,1,70,,307982,13,0,102 12 9,1,29,,307983,13,0,102 12 9,1,75,,307984,13,0,102 12 9,1,16,,307985,13,0,31 42 9,1,55,,307986,13,0,102 12 9,1,30,,307987,13,0,102 12 9,1,20,,307988,13,0,31 42 9,1,50,,307989,13,0,102 12 9,1,30,,307990,13,0,102 12 9,1,15,,307991,13,0,5 20 39,1,60,,307992,13,0,102 12 9,1,15,,307993,13,0,102 12 9,1,27,,307994,13,0,102 12 9,1,80,,307995,13,0,102 12 9,1,100,,307996,13,0,102 12 9,1,100,,307997,13,0,102 12 9,1,100,,307998,13,0,102 12 9,1
5600,'20261005',540,,307999,13,0,102 12 9,1,65,,308000,1,0,7 11 12 9,1,15,,308001,13,0,102 12 9,1,15,,308002,1,0,7 11 12 9,1,15,,308003,13,0,102 12 9,1,72,,308004,13,0,102 12 9,1,20,,308005,1,0,7 11 12 9,1,10,,308006,13,0,102 12 9,1,70,,308007,13,0,102 12 9,1,18,,308008,1,0,7 11 12 9,1,12,,308009,13,0,102 12 9,1,75,,308010,13,0,102 12 9,1,30,,308011,13,0,102 12 9,1,70,,308012,13,0,102 12 9,1,30,,308013,13,0,102 12 9,1,75,,308014,13,0,102 12 9,1,25,,308015,13,0,102 12 9,1,68,,308016,13,0,102 12 9,1,30,,308017,13,0,102 12 9,1,70,,308018,13,0,102 12 9,1,31,,308019,13,0,102 12 9,1,72,,308020,13,0,102 12 9,1,30,,308021,13,0,102 12 9,1,70,,308022,13,0,102 12 9,1,29,,308023,13,0,102 12 9,1,75,,308024,13,0,102 12 9,1,16,,308025,13,0,31 42 9,1,55,,308026,13,0,102 12 9,1,30,,308027,13,0,102 12 9,1,20,,308028,13,0,31 42 9,1,50,,308029,13,0,102 12 9,1,30,,308030,13,0,102 12 9,1,15,,308031,13,0,5 20 39,1,60,,308032,13,0,102 12 9,1,15,,308033,13,0,102 12 9,1,27,,308034,13,0,102 12 9,1,80,,308035,13,0,102 12 9,1,100,,308036,13,0,102 12 9,1,100,,308037,13,0,102 12 9,1,100,,308038,13,0,102 12 9,1
5600,'20261006',540,,308039,13,0,102 12 9,1,65,,308040,1,0,7 11 12 9,1,15,,308041,13,0,102 12 9,1,15,,308042,1,0,7 11 12 9,1,15,,308043,13,0,102 12 9,1,72,,308044,13,0,102 12 9,1,20,,308045,1,0,7 11 12 9,1,10,,308046,13,0,102 12 9,1,70,,308047,13,0,102 12 9,1,18,,308048,1,0,7 11 12 9,1,12,,308049,13,0,102 12 9,1,75,,308050,13,0,102 12 9,1,30,,308051,13,0,102 12 9,1,70,,308052,13,0,102 12 9,1,30,,308053,13,0,102 12 9,1,75,,308054,13,0,102 12 9,1,25,,308055,13,0,102 12 9,1,68,,308056,13,0,102 12 9,1,30,,308057,13,0,102 12 9,1,70,,308058,13,0,102 12 9,1,31,,308059,13,0,102 12 9,1,72,,308060,13,0,102 12 9,1,30,,308061,13,0,102 12 9,1,70,,308062,13,0,102 12 9,1,29,,308063,13,0,102 12 9,1,75,,308064,13,0,102 12 9,1,16,,308065,13,0,31 42 9,1,55,,308066,13,0,102 12 9,1,30,,308067,13,0,102 12 9,1,20,,308068,13,0,31 42 9,1,50,,308069,13,0,102 12 9,1,30,,308070,13,0,102 12 9,1,15,,308071,13,0,5 20 39,1,60,,308072,13,0,102 12 9,1,15,,308073,13,0,102 12 9,1,27,,308074,13,0,102 12 9,1,80,,308075,13,0,102 12 9,1,100,,308076,13,0,102 12 9,1,100,,308077,13,0,102 12 9,1,100,,308078,13,0,102 12 9,1
5600,'20261007',540,,308079,13,0,102 12 9,1,65,,308080,1,0,7 11 12 9,1,15,,308081,13,0,102 12 9,1,15,,308082,1,0,7 11 12 9,1,15,,308083,13,0,102 12 9,1,72,,308084,13,0,102 12 9,1,20,,308085,1,0,7 11 12 9,1,10,,308086,13,0,102 12 9,1,70,,308087,13,0,102 12 9,1,18,,308088,1,0,7 11 12 9,1,12,,308089,13,0,102 12 9,1,75,,308090,13,0,102 12 9,1,30,,308091,13,0,102 12 9,1,70,,308092,13,0,102 12 9,1,30,,308093,13,0,102 12 9,1,75,,308094,13,0,102 12 9,1,25,,308095,13,0,102 12 9,1,68,,308096,13,0,102 12 9,1,30,,308097,13,0,102 12 9,1,70,,308098,13,0,102 12 9,1,31,,308099,13,0,102 12 9,1,72,,308100,13,0,102 12 9,1,30,,308101,13,0,102 12 9,1,70,,308102,13,0,102 12 9,1,29,,308103,13,0,102 12 9,1,75,,308104,13,0,102 12 9,1,16,,308105,13,0,31 42 9,1,55,,308106,13,0,102 12 9,1,30,,308107,13,0,102 12 9,1,20,,308108,13,0,31 42 9,1,50,,308109,13,0,102 12 9,1,30,,308110,13,0,102 12 9,1,15,,308111,13,0,5 20 39,1,60,,308112,13,0,102 12 9,1,15,,308113,13,0,102 12 9,1,27,,308114,13,0,102 12 9,1,80,,308115,13,0,102 12 9,1,100,,308116,13,0,102 12 9,1,100,,308117,13,0,102 12 9,1,100,,308118,13,0,102 12 9,1
5600,'20261008',540,,308119,13,0,102 12 9,1,65,,308120,1,0,7 11 12 9,1,15,,308121,13,0,102 12 9,1,15,,308122,1,0,7 11 12 9,1,15,,308123,13,0,102 12 9,1,72,,308124,13,0,102 12 9,1,20,,308125,1,0,7 11 12 9,1,10,,308126,13,0,102 12 9,1,70,,308127,13,0,102 12 9,1,18,,308128,1,0,7 11 12 9,1,12,,308129,13,0,102 12 9,1,75,,308130,13,0,102 12 9,1,30,,308131,13,0,102 12 9,1,70,,308132,13,0,102 12 9,1,30,,308133,13,0,102 12 9,1,75,,308134,13,0,102 12 9,1,25,,308135,13,0,102 12 9,1,68,,308136,13,0,102 12 9,1,30,,308137,13,0,102 12 9,1,70,,308138,13,0,102 12 9,1,31,,308139,13,0,102 12 9,1,72,,308140,13,0,102 12 9,1,30,,308141,13,0,102 12 9,1,70,,308142,13,0,102 12 9,1,29,,308143,13,0,102 12 9,1,75,,308144,13,0,102 12 9,1,16,,308145,13,0,31 42 9,1,55,,308146,13,0,102 12 9,1,30,,308147,13,0,102 12 9,1,20,,308148,13,0,31 42 9,1,50,,308149,13,0,102 12 9,1,30,,308150,13,0,102 12 9,1,15,,308151,13,0,5 20 39,1,60,,308152,13,0,102 12 9,1,15,,308153,13,0,102 12 9,1,27,,308154,13,0,102 12 9,1,80,,308155,13,0,102 12 9,1,100,,308156,13,0,102 12 9,1,100,,308157,13,0,102 12 9,1,100,,308158,13,0,102 12 9,1
5600,'20261009',540,,308159,13,0,102 12 9,1,65,,308160,1,0,7 11 12 9,1,15,,308161,13,0,102 12 9,1,15,,308162,1,0,7 11 12 9,1,15,,308163,13,0,102 12 9,1,72,,308164,13,0,102 12 9,1,20,,308165,1,0,7 11 12 9,1,10,,308166,13,0,102 12 9,1,70,,308167,13,0,102 12 9,1,18,,308168,1,0,7 11 12 9,1,12,,308169,13,0,102 12 9,1,75,,308170,13,0,102 12 9,1,30,,308171,13,0,102 12 9,1,70,,308172,13,0,102 12 9,1,30,,308173,13,0,102 12 9,1,75,,308174,13,0,102 12 9,1,25,,308175,13,0,102 12 9,1,68,,308176,13,0,102 12 9,1,30,,308177,13,0,102 12 9,1,70,,308178,13,0,102 12 9,1,31,,308179,13,0,102 12 9,1,72,,308180,13,0,102 12 9,1,30,,308181,13,0,102 12 9,1,70,,308182,13,0,102 12 9,1,29,,308183,13,0,102 12 9,1,75,,308184,13,0,102 12 9,1,16,,308185,13,0,31 42 9,1,55,,308186,13,0,102 12 9,1,30,,308187,13,0,102 12 9,1,20,,308188,13,0,31 42 9,1,50,,308189,13,0,102 12 9,1,30,,308190,13,0,102 12 9,1,15,,308191,13,0,5 20 39,1,60,,308192,13,0,102 12 9,1,15,,308193,13,0,102 12 9,1,27,,308194,13,0,102 12 9,1,80,,308195,13,0,102 12 9,1,100,,308196,13,0,102 12 9,1,100,,308197,13,0,102 12 9,1,100,,308198,13,0,102 12 9,1
5600,'20261013',540,,308199,13,0,102 12 9,1,65,,308200,1,0,7 11 12 9,1,15,,308201,13,0,102 12 9,1,15,,308202,1,0,7 11 12 9,1,15,,308203,13,0,102 12 9,1,72,,308204,13,0,102 12 9,1,20,,308205,1,0,7 11 12 9,1,10,,308206,13,0,102 12 9,1,70,,308207,13,0,102 12 9,1,18,,308208,1,0,7 11 12 9,1,12,,308209,13,0,102 12 9,1,75,,308210,13,0,102 12 9,1,30,,308211,13,0,102 12 9,1,70,,308212,13,0,102 12 9,1,30,,308213,13,0,102 12 9,1,75,,308214,13,0,102 12 9,1,25,,308215,13,0,102 12 9,1,68,,308216,13,0,102 12 9,1,30,,308217,13,0,102 12 9,1,70,,308218,13,0,102 12 9,1,31,,308219,13,0,102 12 9,1,72,,308220,13,0,102 12 9,1,30,,308221,13,0,102 12 9,1,70,,308222,13,0,102 12 9,1,29,,308223,13,0,102 12 9,1,75,,308224,13,0,102 12 9,1,16,,308225,13,0,31 42 9,1,55,,308226,13,0,102 12 9,1,30,,308227,13,0,102 12 9,1,20,,308228,13,0,31 42 9,1,50,,308229,13,0,102 12 9,1,30,,308230,13,0,102 12 9,1,15,,308231,13,0,5 20 39,1,60,,308232,13,0,102 12 9,1,15,,308233,13,0,102 12 9,1,27,,308234,13,0,102 12 9,1,80,,308235,13,0,102 12 9,1,100,,308236,13,0,102 12 9,1,100,,308237,13,0,102 12 9,1,100,,308238,13,0,102 12 9,1
5600,'20261014',540,,308239,13,0,102 12 9,1,65,,308240,1,0,7 11 12 9,1,15,,308241,13,0,102 12 9,1,15,,308242,1,0,7 11 12 9,1,15,,308243,13,0,102 12 9,1,72,,308244,13,0,102 12 9,1,20,,308245,1,0,7 11 12 9,1,10,,308246,13,0,102 12 9,1,70,,308247,13,0,102 12 9,1,18,,308248,1,0,7 11 12 9,1,12,,308249,13,0,102 12 9,1,75,,308250,13,0,102 12 9,1,30,,308251,13,0,102 12 9,1,70,,308252,13,0,102 12 9,1,30,,308253,13,0,102 12 9,1,75,,308254,13,0,102 12 9,1,25,,308255,13,0,102 12 9,1,68,,308256,13,0,102 12 9,1,30,,308257,13,0,102 12 9,1,70,,308258,13,0,102 12 9,1,31,,308259,13,0,102 12 9,1,72,,308260,13,0,102 12 9,1,30,,308261,13,0,102 12 9,1,70,,308262,13,0,102 12 9,1,29,,308263,13,0,102 12 9,1,75,,308264,13,0,102 12 9,1,16,,308265,13,0,31 42 9,1,55,,308266,13,0,102 12 9,1,30,,308267,13,0,102 12 9,1,20,,308268,13,0,31 42 9,1,50,,308269,13,0,102 12 9,1,30,,308270,13,0,102 12 9,1,15,,308271,13,0,5 20 39,1,60,,308272,13,0,102 12 9,1,15,,308273,13,0,102 12 9,1,27,,308274,13,0,102 12 9,1,80,,308275,13,0,102 12 9,1,100,,308276,13,0,102 12 9,1,100,,308277,13,0,102 12 9,1,100,,308278,13,0,102 12 9,1
5600,'20261015',540,,308279,13,0,102 12 9,1,65,,308280,1,0,7 11 12 9,1,15,,308281,13,0,102 12 9,1,15,,308282,1,0,7 11 12 9,1,15,,308283,13,0,102 12 9,1,72,,308284,13,0,102 12 9,1,20,,308285,1,0,7 11 12 9,1,10,,308286,13,0,102 12 9,1,70,,308287,13,0,102 12 9,1,18,,308288,1,0,7 11 12 9,1,12,,308289,13,0,102 12 9,1,75,,308290,13,0,102 12 9,1,30,,308291,13,0,102 12 9,1,70,,308292,13,0,102 12 9,1,30,,308293,13,0,102 12 9,1,75,,308294,13,0,102 12 9,1,25,,308295,13,0,102 12 9,1,68,,308296,13,0,102 12 9,1,30,,308297,13,0,102 12 9,1,70,,308298,13,0,102 12 9,1,31,,308299,13,0,102 12 9,1,72,,308300,13,0,102 12 9,1,30,,308301,13,0,102 12 9,1,70,,308302,13,0,102 12 9,1,29,,308303,13,0,102 12 9,1,75,,308304,13,0,102 12 9,1,16,,308305,13,0,31 42 9,1,55,,308306,13,0,102 12 9,1,30,,308307,13,0,102 12 9,1,20,,308308,13,0,31 42 9,1,50,,308309,13,0,102 12 9,1,30,,308310,13,0,102 12 9,1,15,,308311,13,0,5 20 39,1,60,,308312,13,0,102 12 9,1,15,,308313,13,0,102 12 9,1,27,,308314,13,0,102 12 9,1,80,,308315,13,0,102 12 9,1,100,,308316,13,0,102 12 9,1,100,,308317,13,0,102 12 9,1,100,,308318,13,0,102 12 9,1
5600,'20261016',540,,308319,13,0,102 12 9,1,65,,308320,1,0,7 11 12 9,1,15,,308321,13,0,102 12 9,1,15,,308322,1,0,7 11 12 9,1,15,,308323,13,0,102 12 9,1,72,,308324,13,0,102 12 9,1,20,,308325,1,0,7 11 12 9,1,10,,308326,13,0,102 12 9,1,70,,308327,13,0,102 12 9,1,18,,308328,1,0,7 11 12 9,1,12,,308329,13,0,102 12 9,1,75,,308330,13,0,102 12 9,1,30,,308331,13,0,102 12 9,1,70,,308332,13,0,102 12 9,1,30,,308333,13,0,102 12 9,1,75,,308334,13,0,102 12 9,1,25,,308335,13,0,102 12 9,1,68,,308336,13,0,102 12 9,1,30,,308337,13,0,102 12 9,1,70,,308338,13,0,102 12 9,1,31,,308339,13,0,102 12 9,1,72,,308340,13,0,102 12 9,1,30,,308341,13,0,102 12 9,1,70,,308342,13,0,102 12 9,1,29,,308343,13,0,102 12 9,1,75,,308344,13,0,102 12 9,1,16,,308345,13,0,31 42 9,1,55,,308346,13,0,102 12 9,1,30,,308347,13,0,102 12 9,1,20,,308348,13,0,31 42 9,1,50,,308349,13,0,102 12 9,1,30,,308350,13,0,102 12 9,1,15,,308351,13,0,5 20 39,1,60,,308352,13,0,102 12 9,1,15,,308353,13,0,102 12 9,1,27,,308354,13,0,102 12 9,1,80,,308355,13,0,102 12 9,1,100,,308356,13,0,102 12 9,1,100,,308357,13,0,102 12 9,1,100,,308358,13,0,102 12 9,1
5600,'20261019',540,,308359,13,0,102 12 9,1,65,,308360,1,0,7 11 12 9,1,15,,308361,13,0,102 12 9,1,15,,308362,1,0,7 11 12 9,1,15,,308363,13,0,102 12 9,1,72,,308364,13,0,102 12 9,1,20,,308365,1,0,7 11 12 9,1,10,,308366,13,0,102 12 9,1,70,,308367,13,0,102 12 9,1,18,,308368,1,0,7 11 12 9,1,12,,308369,13,0,102 12 9,1,75,,308370,13,0,102 12 9,1,30,,308371,13,0,102 12 9,1,70,,308372,13,0,102 12 9,1,30,,308373,13,0,102 12 9,1,75,,308374,13,0,102 12 9,1,25,,308375,13,0,102 12 9,1,68,,308376,13,0,102 12 9,1,30,,308377,13,0,102 12 9,1,70,,308378,13,0,102 12 9,1,31,,308379,13,0,102 12 9,1,72,,308380,13,0,102 12 9,1,30,,308381,13,0,102 12 9,1,70,,308382,13,0,102 12 9,1,29,,308383,13,0,102 12 9,1,75,,308384,13,0,102 12 9,1,16,,308385,13,0,31 42 9,1,55,,308386,13,0,102 12 9,1,30,,308387,13,0,102 12 9,1,20,,308388,13,0,31 42 9,1,50,,308389,13,0,102 12 9,1,30,,308390,13,0,102 12 9,1,15,,308391,13,0,5 20 39,1,60,,308392,13,0,102 12 9,1,15,,308393,13,0,102 12 9,1,27,,308394,13,0,102 12 9,1,80,,308395,13,0,102 12 9,1,100,,308396,13,0,102 12 9,1,100,,308397,13,0,102 12 9,1,100,,308398,13,0,102 12 9,1
5600,'20261020',540,,308399,13,0,102 12 9,1,65,,308400,1,0,7 11 12 9,1,15,,308401,13,0,102 12 9,1,15,,308402,1,0,7 11 12 9,1,15,,308403,13,0,102 12 9,1,72,,308404,13,0,102 12 9,1,20,,308405,1,0,7 11 12 9,1,10,,308406,13,0,102 12 9,1,70,,308407,13,0,102 12 9,1,18,,308408,1,0,7 11 12 9,1,12,,308409,13,0,102 12 9,1,75,,308410,13,0,102 12 9,1,30,,308411,13,0,102 12 9,1,70,,308412,13,0,102 12 9,1,30,,308413,13,0,102 12 9,1,75,,308414,13,0,102 12 9,1,25,,308415,13,0,102 12 9,1,68,,308416,13,0,102 12 9,1,30,,308417,13,0,102 12 9,1,70,,308418,13,0,102 12 9,1,31,,308419,13,0,102 12 9,1,72,,308420,13,0,102 12 9,1,30,,308421,13,0,102 12 9,1,70,,308422,13,0,102 12 9,1,29,,308423,13,0,102 12 9,1,75,,308424,13,0,102 12 9,1,16,,308425,13,0,31 42 9,1,55,,308426,13,0,102 12 9,1,30,,308427,13,0,102 12 9,1,20,,308428,13,0,31 42 9,1,50,,308429,13,0,102 12 9,1,30,,308430,13,0,102 12 9,1,15,,308431,13,0,5 20 39,1,60,,308432,13,0,102 12 9,1,15,,308433,13,0,102 12 9,1,27,,308434,13,0,102 12 9,1,80,,308435,13,0,102 12 9,1,100,,308436,13,0,102 12 9,1,100,,308437,13,0,102 12 9,1,100,,308438,13,0,102 12 9,1
5600,'20261021',540,,308439,13,0,102 12 9,1,65,,308440,1,0,7 11 12 9,1,15,,308441,13,0,102 12 9,1,15,,308442,1,0,7 11 12 9,1,15,,308443,13,0,102 12 9,1,72,,308444,13,0,102 12 9,1,20,,308445,1,0,7 11 12 9,1,10,,308446,13,0,102 12 9,1,70,,308447,13,0,102 12 9,1,18,,308448,1,0,7 11 12 9,1,12,,308449,13,0,102 12 9,1,75,,308450,13,0,102 12 9,1,30,,308451,13,0,102 12 9,1,70,,308452,13,0,102 12 9,1,30,,308453,13,0,102 12 9,1,75,,308454,13,0,102 12 9,1,25,,308455,13,0,102 12 9,1,68,,308456,13,0,102 12 9,1,30,,308457,13,0,102 12 9,1,70,,308458,13,0,102 12 9,1,31,,308459,13,0,102 12 9,1,72,,308460,13,0,102 12 9,1,30,,308461,13,0,102 12 9,1,70,,308462,13,0,102 12 9,1,29,,308463,13,0,102 12 9,1,75,,308464,13,0,102 12 9,1,16,,308465,13,0,31 42 9,1,55,,308466,13,0,102 12 9,1,30,,308467,13,0,102 12 9,1,20,,308468,13,0,31 42 9,1,50,,308469,13,0,102 12 9,1,30,,308470,13,0,102 12 9,1,15,,308471,13,0,5 20 39,1,60,,308472,13,0,102 12 9,1,15,,308473,13,0,102 12 9,1,27,,308474,13,0,102 12 9,1,80,,308475,13,0,102 12 9,1,100,,308476,13,0,102 12 9,1,100,,308477,13,0,102 12 9,1,100,,308478,13,0,102 12 9,1
5600,'20261022',540,,308479,13,0,102 12 9,1,65,,308480,1,0,7 11 12 9,1,15,,308481,13,0,102 12 9,1,15,,308482,1,0,7 11 12 9,1,15,,308483,13,0,102 12 9,1,72,,308484,13,0,102 12 9,1,20,,308485,1,0,7 11 12 9,1,10,,308486,13,0,102 12 9,1,70,,308487,13,0,102 12 9,1,18,,308488,1,0,7 11 12 9,1,12,,308489,13,0,102 12 9,1,75,,308490,13,0,102 12 9,1,30,,308491,13,0,102 12 9,1,70,,308492,13,0,102 12 9,1,30,,308493,13,0,102 12 9,1,75,,308494,13,0,102 12 9,1,25,,308495,13,0,102 12 9,1,68,,308496,13,0,102 12 9,1,30,,308497,13,0,102 12 9,1,70,,308498,13,0,102 12 9,1,31,,308499,13,0,102 12 9,1,72,,308500,13,0,102 12 9,1,30,,308501,13,0,102 12 9,1,70,,308502,13,0,102 12 9,1,29,,308503,13,0,102 12 9,1,75,,308504,13,0,102 12 9,1,16,,308505,13,0,31 42 9,1,55,,308506,13,0,102 12 9,1,30,,308507,13,0,102 12 9,1,20,,308508,13,0,31 42 9,1,50,,308509,13,0,102 12 9,1,30,,308510,13,0,102 12 9,1,15,,308511,13,0,5 20 39,1,60,,308512,13,0,102 12 9,1,15,,308513,13,0,102 12 9,1,27,,308514,13,0,102 12 9,1,80,,308515,13,0,102 12 9,1,100,,308516,13,0,102 12 9,1,100,,308517,13,0,102 12 9,1,100,,308518,13,0,102 12 9,1
5600,'20261023',540,,308519,13,0,102 12 9,1,65,,308520,1,0,7 11 12 9,1,15,,308521,13,0,102 12 9,1,15,,308522,1,0,7 11 12 9,1,15,,308523,13,0,102 12 9,1,72,,308524,13,0,102 12 9,1,20,,308525,1,0,7 11 12 9,1,10,,308526,13,0,102 12 9,1,70,,308527,13,0,102 12 9,1,18,,308528,1,0,7 11 12 9,1,12,,308529,13,0,102 12 9,1,75,,308530,13,0,102 12 9,1,30,,308531,13,0,102 12 9,1,70,,308532,13,0,102 12 9,1,30,,308533,13,0,102 12 9,1,75,,308534,13,0,102 12 9,1,25,,308535,13,0,102 12 9,1,68,,308536,13,0,102 12 9,1,30,,308537,13,0,102 12 9,1,70,,308538,13,0,102 12 9,1,31,,308539,13,0,102 12 9,1,72,,308540,13,0,102 12 9,1,30,,308541,13,0,102 12 9,1,70,,308542,13,0,102 12 9,1,29,,308543,13,0,102 12 9,1,75,,308544,13,0,102 12 9,1,16,,308545,13,0,31 42 9,1,55,,308546,13,0,102 12 9,1,30,,308547,13,0,102 12 9,1,20,,308548,13,0,31 42 9,1,50,,308549,13,0,102 12 9,1,30,,308550,13,0,102 12 9,1,15,,308551,13,0,5 20 39,1,60,,308552,13,0,102 12 9,1,15,,308553,13,0,102 12 9,1,27,,308554,13,0,102 12 9,1,80,,308555,13,0,102 12 9,1,100,,308556,13,0,102 12 9,1,100,,308557,13,0,102 12 9,1,100,,308558,13,0,102 12 9,1
5600,'20261026',540,,308559,13,0,102 12 9,1,65,,308560,1,0,7 11 12 9,1,15,,308561,13,0,102 12 9,1,15,,308562,1,0,7 11 12 9,1,15,,308563,13,0,102 12 9,1,72,,308564,13,0,102 12 9,1,20,,308565,1,0,7 11 12 9,1,10,,308566,13,0,102 12 9,1,70,,308567,13,0,102 12 9,1,18,,308568,1,0,7 11 12 9,1,12,,308569,13,0,102 12 9,1,75,,308570,13,0,102 12 9,1,30,,308571,13,0,102 12 9,1,70,,308572,13,0,102 12 9,1,30,,308573,13,0,102 12 9,1,75,,308574,13,0,102 12 9,1,25,,308575,13,0,102 12 9,1,68,,308576,13,0,102 12 9,1,30,,308577,13,0,102 12 9,1,70,,308578,13,0,102 12 9,1,31,,308579,13,0,102 12 9,1,72,,308580,13,0,102 12 9,1,30,,308581,13,0,102 12 9,1,70,,308582,13,0,102 12 9,1,29,,308583,13,0,102 12 9,1,75,,308584,13,0,102 12 9,1,16,,308585,13,0,31 42 9,1,55,,308586,13,0,102 12 9,1,30,,308587,13,0,102 12 9,1,20,,308588,13,0,31 42 9,1,50,,308589,13,0,102 12 9,1,30,,308590,13,0,102 12 9,1,15,,308591,13,0,5 20 39,1,60,,308592,13,0,102 12 9,1,15,,308593,13,0,102 12 9,1,27,,308594,13,0,102 12 9,1,80,,308595,13,0,102 12 9,1,100,,308596,13,0,102 12 9,1,100,,308597,13,0,102 12 9,1,100,,308598,13,0,102 12 9,1
5600,'20261027',540,,308599,13,0,102 12 9,1,65,,308600,1,0,7 11 12 9,1,15,,308601,13,0,102 12 9,1,15,,308602,1,0,7 11 12 9,1,15,,308603,13,0,102 12 9,1,72,,308604,13,0,102 12 9,1,20,,308605,1,0,7 11 12 9,1,10,,308606,13,0,102 12 9,1,70,,308607,13,0,102 12 9,1,18,,308608,1,0,7 11 12 9,1,12,,308609,13,0,102 12 9,1,75,,308610,13,0,102 12 9,1,30,,308611,13,0,102 12 9,1,70,,308612,13,0,102 12 9,1,30,,308613,13,0,102 12 9,1,75,,308614,13,0,102 12 9,1,25,,308615,13,0,102 12 9,1,68,,308616,13,0,102 12 9,1,30,,308617,13,0,102 12 9,1,70,,308618,13,0,102 12 9,1,31,,308619,13,0,102 12 9,1,72,,308620,13,0,102 12 9,1,30,,308621,13,0,102 12 9,1,70,,308622,13,0,102 12 9,1,29,,308623,13,0,102 12 9,1,75,,308624,13,0,102 12 9,1,16,,308625,13,0,31 42 9,1,55,,308626,13,0,102 12 9,1,30,,308627,13,0,102 12 9,1,20,,308628,13,0,31 42 9,1,50,,308629,13,0,102 12 9,1,30,,308630,13,0,102 12 9,1,15,,308631,13,0,5 20 39,1,60,,308632,13,0,102 12 9,1,15,,308633,13,0,102 12 9,1,27,,308634,13,0,102 12 9,1,80,,308635,13,0,102 12 9,1,100,,308636,13,0,102 12 9,1,100,,308637,13,0,102 12 9,1,100,,308638,13,0,102 12 9,1
5600,'20261028',540,,308639,13,0,102 12 9,1,65,,308640,1,0,7 11 12 9,1,15,,308641,13,0,102 12 9,1,15,,308642,1,0,7 11 12 9,1,15,,308643,13,0,102 12 9,1,72,,308644,13,0,102 12 9,1,20,,308645,1,0,7 11 12 9,1,10,,308646,13,0,102 12 9,1,70,,308647,13,0,102 12 9,1,18,,308648,1,0,7 11 12 9,1,12,,308649,13,0,102 12 9,1,75,,308650,13,0,102 12 9,1,30,,308651,13,0,102 12 9,1,70,,308652,13,0,102 12 9,1,30,,308653,13,0,102 12 9,1,75,,308654,13,0,102 12 9,1,25,,308655,13,0,102 12 9,1,68,,308656,13,0,102 12 9,1,30,,308657,13,0,102 12 9,1,70,,308658,13,0,102 12 9,1,31,,308659,13,0,102 12 9,1,72,,308660,13,0,102 12 9,1,30,,308661,13,0,102 12 9,1,70,,308662,13,0,102 12 9,1,29,,308663,13,0,102 12 9,1,75,,308664,13,0,102 12 9,1,16,,308665,13,0,31 42 9,1,55,,308666,13,0,102 12 9,1,30,,308667,13,0,102 12 9,1,20,,308668,13,0,31 42 9,1,50,,308669,13,0,102 12 9,1,30,,308670,13,0,102 12 9,1,15,,308671,13,0,5 20 39,1,60,,308672,13,0,102 12 9,1,15,,308673,13,0,102 12 9,1,27,,308674,13,0,102 12 9,1,80,,308675,13,0,102 12 9,1,100,,308676,13,0,102 12 9,1,100,,308677,13,0,102 12 9,1,100,,308678,13,0,102 12 9,1
5600,'20261029',540,,308679,13,0,102 12 9,1,65,,308680,1,0,7 11 12 9,1,15,,308681,13,0,102 12 9,1,15,,308682,1,0,7 11 12 9,1,15,,308683,13,0,102 12 9,1,72,,308684,13,0,102 12 9,1,20,,308685,1,0,7 11 12 9,1,10,,308686,13,0,102 12 9,1,70,,308687,13,0,102 12 9,1,18,,308688,1,0,7 11 12 9,1,12,,308689,13,0,102 12 9,1,75,,308690,13,0,102 12 9,1,30,,308691,13,0,102 12 9,1,70,,308692,13,0,102 12 9,1,30,,308693,13,0,102 12 9,1,75,,308694,13,0,102 12 9,1,25,,308695,13,0,102 12 9,1,68,,308696,13,0,102 12 9,1,30,,308697,13,0,102 12 9,1,70,,308698,13,0,102 12 9,1,31,,308699,13,0,102 12 9,1,72,,308700,13,0,102 12 9,1,30,,308701,13,0,102 12 9,1,70,,308702,13,0,102 12 9,1,29,,308703,13,0,102 12 9,1,75,,308704,13,0,102 12 9,1,16,,308705,13,0,31 42 9,1,55,,308706,13,0,102 12 9,1,30,,308707,13,0,102 12 9,1,20,,308708,13,0,31 42 9,1,50,,308709,13,0,102 12 9,1,30,,308710,13,0,102 12 9,1,15,,308711,13,0,5 20 39,1,60,,308712,13,0,102 12 9,1,15,,308713,13,0,102 12 9,1,27,,308714,13,0,102 12 9,1,80,,308715,13,0,102 12 9,1,100,,308716,13,0,102 12 9,1,100,,308717,13,0,102 12 9,1,100,,308718,13,0,102 12 9,1
5600,'20261030',540,,308719,13,0,102 12 9,1,65,,308720,1,0,7 11 12 9,1,15,,308721,13,0,102 12 9,1,15,,308722,1,0,7 11 12 9,1,15,,308723,13,0,102 12 9,1,72,,308724,13,0,102 12 9,1,20,,308725,1,0,7 11 12 9,1,10,,308726,13,0,102 12 9,1,70,,308727,13,0,102 12 9,1,18,,308728,1,0,7 11 12 9,1,12,,308729,13,0,102 12 9,1,75,,308730,13,0,102 12 9,1,30,,308731,13,0,102 12 9,1,70,,308732,13,0,102 12 9,1,30,,308733,13,0,102 12 9,1,75,,308734,13,0,102 12 9,1,25,,308735,13,0,102 12 9,1,68,,308736,13,0,102 12 9,1,30,,308737,13,0,102 12 9,1,70,,308738,13,0,102 12 9,1,31,,308739,13,0,102 12 9,1,72,,308740,13,0,102 12 9,1,30,,308741,13,0,102 12 9,1,70,,308742,13,0,102 12 9,1,29,,308743,13,0,102 12 9,1,75,,308744,13,0,102 12 9,1,16,,308745,13,0,31 42 9,1,55,,308746,13,0,102 12 9,1,30,,308747,13,0,102 12 9,1,20,,308748,13,0,31 42 9,1,50,,308749,13,0,102 12 9,1,30,,308750,13,0,102 12 9,1,15,,308751,13,0,5 20 39,1,60,,308752,13,0,102 12 9,1,15,,308753,13,0,102 12 9,1,27,,308754,13,0,102 12 9,1,80,,308755,13,0,102 12 9,1,100,,308756,13,0,102 12 9,1,100,,308757,13,0,102 12 9,1,100,,308758,13,0,102 12 9,1
5600,'20261102',540,,308759,13,0,102 12 9,1,65,,308760,1,0,7 11 12 9,1,15,,308761,13,0,102 12 9,1,15,,308762,1,0,7 11 12 9,1,15,,308763,13,0,102 12 9,1,72,,308764,13,0,102 12 9,1,20,,308765,1,0,7 11 12 9,1,10,,308766,13,0,102 12 9,1,70,,308767,13,0,102 12 9,1,18,,308768,1,0,7 11 12 9,1,12,,308769,13,0,102 12 9,1,75,,308770,13,0,102 12 9,1,30,,308771,13,0,102 12 9,1,70,,308772,13,0,102 12 9,1,30,,308773,13,0,102 12 9,1,75,,308774,13,0,102 12 9,1,25,,308775,13,0,102 12 9,1,68,,308776,13,0,102 12 9,1,30,,308777,13,0,102 12 9,1,70,,308778,13,0,102 12 9,1,31,,308779,13,0,102 12 9,1,72,,308780,13,0,102 12 9,1,30,,308781,13,0,102 12 9,1,70,,308782,13,0,102 12 9,1,29,,308783,13,0,102 12 9,1,75,,308784,13,0,102 12 9,1,16,,308785,13,0,31 42 9,1,55,,308786,13,0,102 12 9,1,30,,308787,13,0,102 12 9,1,20,,308788,13,0,31 42 9,1,50,,308789,13,0,102 12 9,1,30,,308790,13,0,102 12 9,1,15,,308791,13,0,5 20 39,1,60,,308792,13,0,102 12 9,1,15,,308793,13,0,102 12 9,1,27,,308794,13,0,102 12 9,1,80,,308795,13,0,102 12 9,1,100,,308796,13,0,102 12 9,1,100,,308797,13,0,102 12 9,1,100,,308798,13,0,102 12 9,1
5600,'20261103',540,,308799,13,0,102 12 9,1,65,,308800,1,0,7 11 12 9,1,15,,308801,13,0,102 12 9,1,15,,308802,1,0,7 11 12 9,1,15,,308803,13,0,102 12 9,1,72,,308804,13,0,102 12 9,1,20,,308805,1,0,7 11 12 9,1,10,,308806,13,0,102 12 9,1,70,,308807,13,0,102 12 9,1,18,,308808,1,0,7 11 12 9,1,12,,308809,13,0,102 12 9,1,75,,308810,13,0,102 12 9,1,30,,308811,13,0,102 12 9,1,70,,308812,13,0,102 12 9,1,30,,308813,13,0,102 12 9,1,75,,308814,13,0,102 12 9,1,25,,308815,13,0,102 12 9,1,68,,308816,13,0,102 12 9,1,30,,308817,13,0,102 12 9,1,70,,308818,13,0,102 12 9,1,31,,308819,13,0,102 12 9,1,72,,308820,13,0,102 12 9,1,30,,308821,13,0,102 12 9,1,70,,308822,13,0,102 12 9,1,29,,308823,13,0,102 12 9,1,75,,308824,13,0,102 12 9,1,16,,308825,13,0,31 42 9,1,55,,308826,13,0,102 12 9,1,30,,308827,13,0,102 12 9,1,20,,308828,13,0,31 42 9,1,50,,308829,13,0,102 12 9,1,30,,308830,13,0,102 12 9,1,15,,308831,13,0,5 20 39,1,60,,308832,13,0,102 12 9,1,15,,308833,13,0,102 12 9,1,27,,308834,13,0,102 12 9,1,80,,308835,13,0,102 12 9,1,100,,308836,13,0,102 12 9,1,100,,308837,13,0,102 12 9,1,100,,308838,13,0,102 12 9,1
5600,'20261104',540,,308839,13,0,102 12 9,1,65,,308840,1,0,7 11 12 9,1,15,,308841,13,0,102 12 9,1,15,,308842,1,0,7 11 12 9,1,15,,308843,13,0,102 12 9,1,72,,308844,13,0,102 12 9,1,20,,308845,1,0,7 11 12 9,1,10,,308846,13,0,102 12 9,1,70,,308847,13,0,102 12 9,1,18,,308848,1,0,7 11 12 9,1,12,,308849,13,0,102 12 9,1,75,,308850,13,0,102 12 9,1,30,,308851,13,0,102 12 9,1,70,,308852,13,0,102 12 9,1,30,,308853,13,0,102 12 9,1,75,,308854,13,0,102 12 9,1,25,,308855,13,0,102 12 9,1,68,,308856,13,0,102 12 9,1,30,,308857,13,0,102 12 9,1,70,,308858,13,0,102 12 9,1,31,,308859,13,0,102 12 9,1,72,,308860,13,0,102 12 9,1,30,,308861,13,0,102 12 9,1,70,,308862,13,0,102 12 9,1,29,,308863,13,0,102 12 9,1,75,,308864,13,0,102 12 9,1,16,,308865,13,0,31 42 9,1,55,,308866,13,0,102 12 9,1,30,,308867,13,0,102 12 9,1,20,,308868,13,0,31 42 9,1,50,,308869,13,0,102 12 9,1,30,,308870,13,0,102 12 9,1,15,,308871,13,0,5 20 39,1,60,,308872,13,0,102 12 9,1,15,,308873,13,0,102 12 9,1,27,,308874,13,0,102 12 9,1,80,,308875,13,0,102 12 9,1,100,,308876,13,0,102 12 9,1,100,,308877,13,0,102 12 9,1,100,,308878,13,0,102 12 9,1
5600,'20261105',540,,308879,13,0,102 12 9,1,65,,308880,1,0,7 11 12 9,1,15,,308881,13,0,102 12 9,1,15,,308882,1,0,7 11 12 9,1,15,,308883,13,0,102 12 9,1,72,,308884,13,0,102 12 9,1,20,,308885,1,0,7 11 12 9,1,10,,308886,13,0,102 12 9,1,70,,308887,13,0,102 12 9,1,18,,308888,1,0,7 11 12 9,1,12,,308889,13,0,102 12 9,1,75,,308890,13,0,102 12 9,1,30,,308891,13,0,102 12 9,1,70,,308892,13,0,102 12 9,1,30,,308893,13,0,102 12 9,1,75,,308894,13,0,102 12 9,1,25,,308895,13,0,102 12 9,1,68,,308896,13,0,102 12 9,1,30,,308897,13,0,102 12 9,1,70,,308898,13,0,102 12 9,1,31,,308899,13,0,102 12 9,1,72,,308900,13,0,102 12 9,1,30,,308901,13,0,102 12 9,1,70,,308902,13,0,102 12 9,1,29,,308903,13,0,102 12 9,1,75,,308904,13,0,102 12 9,1,16,,308905,13,0,31 42 9,1,55,,308906,13,0,102 12 9,1,30,,308907,13,0,102 12 9,1,20,,308908,13,0,31 42 9,1,50,,308909,13,0,102 12 9,1,30,,308910,13,0,102 12 9,1,15,,308911,13,0,5 20 39,1,60,,308912,13,0,102 12 9,1,15,,308913,13,0,102 12 9,1,27,,308914,13,0,102 12 9,1,80,,308915,13,0,102 12 9,1,100,,308916,13,0,102 12 9,1,100,,308917,13,0,102 12 9,1,100,,308918,13,0,102 12 9,1
5600,'20261106',540,,308919,13,0,102 12 9,1,65,,308920,1,0,7 11 12 9,1,15,,308921,13,0,102 12 9,1,15,,308922,1,0,7 11 12 9,1,15,,308923,13,0,102 12 9,1,72,,308924,13,0,102 12 9,1,20,,308925,1,0,7 11 12 9,1,10,,308926,13,0,102 12 9,1,70,,308927,13,0,102 12 9,1,18,,308928,1,0,7 11 12 9,1,12,,308929,13,0,102 12 9,1,75,,308930,13,0,102 12 9,1,30,,308931,13,0,102 12 9,1,70,,308932,13,0,102 12 9,1,30,,308933,13,0,102 12 9,1,75,,308934,13,0,102 12 9,1,25,,308935,13,0,102 12 9,1,68,,308936,13,0,102 12 9,1,30,,308937,13,0,102 12 9,1,70,,308938,13,0,102 12 9,1,31,,308939,13,0,102 12 9,1,72,,308940,13,0,102 12 9,1,30,,308941,13,0,102 12 9,1,70,,308942,13,0,102 12 9,1,29,,308943,13,0,102 12 9,1,75,,308944,13,0,102 12 9,1,16,,308945,13,0,31 42 9,1,55,,308946,13,0,102 12 9,1,30,,308947,13,0,102 12 9,1,20,,308948,13,0,31 42 9,1,50,,308949,13,0,102 12 9,1,30,,308950,13,0,102 12 9,1,15,,308951,13,0,5 20 39,1,60,,308952,13,0,102 12 9,1,15,,308953,13,0,102 12 9,1,27,,308954,13,0,102 12 9,1,80,,308955,13,0,102 12 9,1,100,,308956,13,0,102 12 9,1,100,,308957,13,0,102 12 9,1,100,,308958,13,0,102 12 9,1
5600,'20261109',540,,308959,13,0,102 12 9,1,65,,308960,1,0,7 11 12 9,1,15,,308961,13,0,102 12 9,1,15,,308962,1,0,7 11 12 9,1,15,,308963,13,0,102 12 9,1,72,,308964,13,0,102 12 9,1,20,,308965,1,0,7 11 12 9,1,10,,308966,13,0,102 12 9,1,70,,308967,13,0,102 12 9,1,18,,308968,1,0,7 11 12 9,1,12,,308969,13,0,102 12 9,1,75,,308970,13,0,102 12 9,1,30,,308971,13,0,102 12 9,1,70,,308972,13,0,102 12 9,1,30,,308973,13,0,102 12 9,1,75,,308974,13,0,102 12 9,1,25,,308975,13,0,102 12 9,1,68,,308976,13,0,102 12 9,1,30,,308977,13,0,102 12 9,1,70,,308978,13,0,102 12 9,1,31,,308979,13,0,102 12 9,1,72,,308980,13,0,102 12 9,1,30,,308981,13,0,102 12 9,1,70,,308982,13,0,102 12 9,1,29,,308983,13,0,102 12 9,1,75,,308984,13,0,102 12 9,1,16,,308985,13,0,31 42 9,1,55,,308986,13,0,102 12 9,1,30,,308987,13,0,102 12 9,1,20,,308988,13,0,31 42 9,1,50,,308989,13,0,102 12 9,1,30,,308990,13,0,102 12 9,1,15,,308991,13,0,5 20 39,1,60,,308992,13,0,102 12 9,1,15,,308993,13,0,102 12 9,1,27,,308994,13,0,102 12 9,1,80,,308995,13,0,102 12 9,1,100,,308996,13,0,102 12 9,1,100,,308997,13,0,102 12 9,1,100,,308998,13,0,102 12 9,1
5600,'20261110',540,,308999,13,0,102 12 9,1,65,,309000,1,0,7 11 12 9,1,15,,309001,13,0,102 12 9,1,15,,309002,1,0,7 11 12 9,1,15,,309003,13,0,102 12 9,1,72,,309004,13,0,102 12 9,1,20,,309005,1,0,7 11 12 9,1,10,,309006,13,0,102 12 9,1,70,,309007,13,0,102 12 9,1,18,,309008,1,0,7 11 12 9,1,12,,309009,13,0,102 12 9,1,75,,309010,13,0,102 12 9,1,30,,309011,13,0,102 12 9,1,70,,309012,13,0,102 12 9,1,30,,309013,13,0,102 12 9,1,75,,309014,13,0,102 12 9,1,25,,309015,13,0,102 12 9,1,68,,309016,13,0,102 12 9,1,30,,309017,13,0,102 12 9,1,70,,309018,13,0,102 12 9,1,31,,309019,13,0,102 12 9,1,72,,309020,13,0,102 12 9,1,30,,309021,13,0,102 12 9,1,70,,309022,13,0,102 12 9,1,29,,309023,13,0,102 12 9,1,75,,309024,13,0,102 12 9,1,16,,309025,13,0,31 42 9,1,55,,309026,13,0,102 12 9,1,30,,309027,13,0,102 12 9,1,20,,309028,13,0,31 42 9,1,50,,309029,13,0,102 12 9,1,30,,309030,13,0,102 12 9,1,15,,309031,13,0,5 20 39,1,60,,309032,13,0,102 12 9,1,15,,309033,13,0,102 12 9,1,27,,309034,13,0,102 12 9,1,80,,309035,13,0,102 12 9,1,100,,309036,13,0,102 12 9,1,100,,309037,13,0,102 12 9,1,100,,309038,13,0,102 12 9,1
5600,'20261111',540,,309039,13,0,102 12 9,1,65,,309040,1,0,7 11 12 9,1,15,,309041,13,0,102 12 9,1,15,,309042,1,0,7 11 12 9,1,15,,309043,13,0,102 12 9,1,72,,309044,13,0,102 12 9,1,20,,309045,1,0,7 11 12 9,1,10,,309046,13,0,102 12 9,1,70,,309047,13,0,102 12 9,1,18,,309048,1,0,7 11 12 9,1,12,,309049,13,0,102 12 9,1,75,,309050,13,0,102 12 9,1,30,,309051,13,0,102 12 9,1,70,,309052,13,0,102 12 9,1,30,,309053,13,0,102 12 9,1,75,,309054,13,0,102 12 9,1,25,,309055,13,0,102 12 9,1,68,,309056,13,0,102 12 9,1,30,,309057,13,0,102 12 9,1,70,,309058,13,0,102 12 9,1,31,,309059,13,0,102 12 9,1,72,,309060,13,0,102 12 9,1,30,,309061,13,0,102 12 9,1,70,,309062,13,0,102 12 9,1,29,,309063,13,0,102 12 9,1,75,,309064,13,0,102 12 9,1,16,,309065,13,0,31 42 9,1,55,,309066,13,0,102 12 9,1,30,,309067,13,0,102 12 9,1,20,,309068,13,0,31 42 9,1,50,,309069,13,0,102 12 9,1,30,,309070,13,0,102 12 9,1,15,,309071,13,0,5 20 39,1,60,,309072,13,0,102 12 9,1,15,,309073,13,0,102 12 9,1,27,,309074,13,0,102 12 9,1,80,,309075,13,0,102 12 9,1,100,,309076,13,0,102 12 9,1,100,,309077,13,0,102 12 9,1,100,,309078,13,0,102 12 9,1
5600,'20261112',540,,309079,13,0,102 12 9,1,65,,309080,1,0,7 11 12 9,1,15,,309081,13,0,102 12 9,1,15,,309082,1,0,7 11 12 9,1,15,,309083,13,0,102 12 9,1,72,,309084,13,0,102 12 9,1,20,,309085,1,0,7 11 12 9,1,10,,309086,13,0,102 12 9,1,70,,309087,13,0,102 12 9,1,18,,309088,1,0,7 11 12 9,1,12,,309089,13,0,102 12 9,1,75,,309090,13,0,102 12 9,1,30,,309091,13,0,102 12 9,1,70,,309092,13,0,102 12 9,1,30,,309093,13,0,102 12 9,1,75,,309094,13,0,102 12 9,1,25,,309095,13,0,102 12 9,1,68,,309096,13,0,102 12 9,1,30,,309097,13,0,102 12 9,1,70,,309098,13,0,102 12 9,1,31,,309099,13,0,102 12 9,1,72,,309100,13,0,102 12 9,1,30,,309101,13,0,102 12 9,1,70,,309102,13,0,102 12 9,1,29,,309103,13,0,102 12 9,1,75,,309104,13,0,102 12 9,1,16,,309105,13,0,31 42 9,1,55,,309106,13,0,102 12 9,1,30,,309107,13,0,102 12 9,1,20,,309108,13,0,31 42 9,1,50,,309109,13,0,102 12 9,1,30,,309110,13,0,102 12 9,1,15,,309111,13,0,5 20 39,1,60,,309112,13,0,102 12 9,1,15,,309113,13,0,102 12 9,1,27,,309114,13,0,102 12 9,1,80,,309115,13,0,102 12 9,1,100,,309116,13,0,102 12 9,1,100,,309117,13,0,102 12 9,1,100,,309118,13,0,102 12 9,1
5600,'20261113',540,,309119,13,0,102 12 9,1,65,,309120,1,0,7 11 12 9,1,15,,309121,13,0,102 12 9,1,15,,309122,1,0,7 11 12 9,1,15,,309123,13,0,102 12 9,1,72,,309124,13,0,102 12 9,1,20,,309125,1,0,7 11 12 9,1,10,,309126,13,0,102 12 9,1,70,,309127,13,0,102 12 9,1,18,,309128,1,0,7 11 12 9,1,12,,309129,13,0,102 12 9,1,75,,309130,13,0,102 12 9,1,30,,309131,13,0,102 12 9,1,70,,309132,13,0,102 12 9,1,30,,309133,13,0,102 12 9,1,75,,309134,13,0,102 12 9,1,25,,309135,13,0,102 12 9,1,68,,309136,13,0,102 12 9,1,30,,309137,13,0,102 12 9,1,70,,309138,13,0,102 12 9,1,31,,309139,13,0,102 12 9,1,72,,309140,13,0,102 12 9,1,30,,309141,13,0,102 12 9,1,70,,309142,13,0,102 12 9,1,29,,309143,13,0,102 12 9,1,75,,309144,13,0,102 12 9,1,16,,309145,13,0,31 42 9,1,55,,309146,13,0,102 12 9,1,30,,309147,13,0,102 12 9,1,20,,309148,13,0,31 42 9,1,50,,309149,13,0,102 12 9,1,30,,309150,13,0,102 12 9,1,15,,309151,13,0,5 20 39,1,60,,309152,13,0,102 12 9,1,15,,309153,13,0,102 12 9,1,27,,309154,13,0,102 12 9,1,80,,309155,13,0,102 12 9,1,100,,309156,13,0,102 12 9,1,100,,309157,13,0,102 12 9,1,100,,309158,13,0,102 12 9,1
5600,'20261116',540,,309159,13,0,102 12 9,1,65,,309160,1,0,7 11 12 9,1,15,,309161,13,0,102 12 9,1,15,,309162,1,0,7 11 12 9,1,15,,309163,13,0,102 12 9,1,72,,309164,13,0,102 12 9,1,20,,309165,1,0,7 11 12 9,1,10,,309166,13,0,102 12 9,1,70,,309167,13,0,102 12 9,1,18,,309168,1,0,7 11 12 9,1,12,,309169,13,0,102 12 9,1,75,,309170,13,0,102 12 9,1,30,,309171,13,0,102 12 9,1,70,,309172,13,0,102 12 9,1,30,,309173,13,0,102 12 9,1,75,,309174,13,0,102 12 9,1,25,,309175,13,0,102 12 9,1,68,,309176,13,0,102 12 9,1,30,,309177,13,0,102 12 9,1,70,,309178,13,0,102 12 9,1,31,,309179,13,0,102 12 9,1,72,,309180,13,0,102 12 9,1,30,,309181,13,0,102 12 9,1,70,,309182,13,0,102 12 9,1,29,,309183,13,0,102 12 9,1,75,,309184,13,0,102 12 9,1,16,,309185,13,0,31 42 9,1,55,,309186,13,0,102 12 9,1,30,,309187,13,0,102 12 9,1,20,,309188,13,0,31 42 9,1,50,,309189,13,0,102 12 9,1,30,,309190,13,0,102 12 9,1,15,,309191,13,0,5 20 39,1,60,,309192,13,0,102 12 9,1,15,,309193,13,0,102 12 9,1,27,,309194,13,0,102 12 9,1,80,,309195,13,0,102 12 9,1,100,,309196,13,0,102 12 9,1,100,,309197,13,0,102 12 9,1,100,,309198,13,0,102 12 9,1
5600,'20261117',540,,309199,13,0,102 12 9,1,65,,309200,1,0,7 11 12 9,1,15,,309201,13,0,102 12 9,1,15,,309202,1,0,7 11 12 9,1,15,,309203,13,0,102 12 9,1,72,,309204,13,0,102 12 9,1,20,,309205,1,0,7 11 12 9,1,10,,309206,13,0,102 12 9,1,70,,309207,13,0,102 12 9,1,18,,309208,1,0,7 11 12 9,1,12,,309209,13,0,102 12 9,1,75,,309210,13,0,102 12 9,1,30,,309211,13,0,102 12 9,1,70,,309212,13,0,102 12 9,1,30,,309213,13,0,102 12 9,1,75,,309214,13,0,102 12 9,1,25,,309215,13,0,102 12 9,1,68,,309216,13,0,102 12 9,1,30,,309217,13,0,102 12 9,1,70,,309218,13,0,102 12 9,1,31,,309219,13,0,102 12 9,1,72,,309220,13,0,102 12 9,1,30,,309221,13,0,102 12 9,1,70,,309222,13,0,102 12 9,1,29,,309223,13,0,102 12 9,1,75,,309224,13,0,102 12 9,1,16,,309225,13,0,31 42 9,1,55,,309226,13,0,102 12 9,1,30,,309227,13,0,102 12 9,1,20,,309228,13,0,31 42 9,1,50,,309229,13,0,102 12 9,1,30,,309230,13,0,102 12 9,1,15,,309231,13,0,5 20 39,1,60,,309232,13,0,102 12 9,1,15,,309233,13,0,102 12 9,1,27,,309234,13,0,102 12 9,1,80,,309235,13,0,102 12 9,1,100,,309236,13,0,102 12 9,1,100,,309237,13,0,102 12 9,1,100,,309238,13,0,102 12 9,1
5600,'20261118',540,,309239,13,0,102 12 9,1,65,,309240,1,0,7 11 12 9,1,15,,309241,13,0,102 12 9,1,15,,309242,1,0,7 11 12 9,1,15,,309243,13,0,102 12 9,1,72,,309244,13,0,102 12 9,1,20,,309245,1,0,7 11 12 9,1,10,,309246,13,0,102 12 9,1,70,,309247,13,0,102 12 9,1,18,,309248,1,0,7 11 12 9,1,12,,309249,13,0,102 12 9,1,75,,309250,13,0,102 12 9,1,30,,309251,13,0,102 12 9,1,70,,309252,13,0,102 12 9,1,30,,309253,13,0,102 12 9,1,75,,309254,13,0,102 12 9,1,25,,309255,13,0,102 12 9,1,68,,309256,13,0,102 12 9,1,30,,309257,13,0,102 12 9,1,70,,309258,13,0,102 12 9,1,31,,309259,13,0,102 12 9,1,72,,309260,13,0,102 12 9,1,30,,309261,13,0,102 12 9,1,70,,309262,13,0,102 12 9,1,29,,309263,13,0,102 12 9,1,75,,309264,13,0,102 12 9,1,16,,309265,13,0,31 42 9,1,55,,309266,13,0,102 12 9,1,30,,309267,13,0,102 12 9,1,20,,309268,13,0,31 42 9,1,50,,309269,13,0,102 12 9,1,30,,309270,13,0,102 12 9,1,15,,309271,13,0,5 20 39,1,60,,309272,13,0,102 12 9,1,15,,309273,13,0,102 12 9,1,27,,309274,13,0,102 12 9,1,80,,309275,13,0,102 12 9,1,100,,309276,13,0,102 12 9,1,100,,309277,13,0,102 12 9,1,100,,309278,13,0,102 12 9,1
5600,'20261119',540,,309279,13,0,102 12 9,1,65,,309280,1,0,7 11 12 9,1,15,,309281,13,0,102 12 9,1,15,,309282,1,0,7 11 12 9,1,15,,309283,13,0,102 12 9,1,72,,309284,13,0,102 12 9,1,20,,309285,1,0,7 11 12 9,1,10,,309286,13,0,102 12 9,1,70,,309287,13,0,102 12 9,1,18,,309288,1,0,7 11 12 9,1,12,,309289,13,0,102 12 9,1,75,,309290,13,0,102 12 9,1,30,,309291,13,0,102 12 9,1,70,,309292,13,0,102 12 9,1,30,,309293,13,0,102 12 9,1,75,,309294,13,0,102 12 9,1,25,,309295,13,0,102 12 9,1,68,,309296,13,0,102 12 9,1,30,,309297,13,0,102 12 9,1,70,,309298,13,0,102 12 9,1,31,,309299,13,0,102 12 9,1,72,,309300,13,0,102 12 9,1,30,,309301,13,0,102 12 9,1,70,,309302,13,0,102 12 9,1,29,,309303,13,0,102 12 9,1,75,,309304,13,0,102 12 9,1,16,,309305,13,0,31 42 9,1,55,,309306,13,0,102 12 9,1,30,,309307,13,0,102 12 9,1,20,,309308,13,0,31 42 9,1,50,,309309,13,0,102 12 9,1,30,,309310,13,0,102 12 9,1,15,,309311,13,0,5 20 39,1,60,,309312,13,0,102 12 9,1,15,,309313,13,0,102 12 9,1,27,,309314,13,0,102 12 9,1,80,,309315,13,0,102 12 9,1,100,,309316,13,0,102 12 9,1,100,,309317,13,0,102 12 9,1,100,,309318,13,0,102 12 9,1
5600,'20261120',540,,309319,13,0,102 12 9,1,65,,309320,1,0,7 11 12 9,1,15,,309321,13,0,102 12 9,1,15,,309322,1,0,7 11 12 9,1,15,,309323,13,0,102 12 9,1,72,,309324,13,0,102 12 9,1,20,,309325,1,0,7 11 12 9,1,10,,309326,13,0,102 12 9,1,70,,309327,13,0,102 12 9,1,18,,309328,1,0,7 11 12 9,1,12,,309329,13,0,102 12 9,1,75,,309330,13,0,102 12 9,1,30,,309331,13,0,102 12 9,1,70,,309332,13,0,102 12 9,1,30,,309333,13,0,102 12 9,1,75,,309334,13,0,102 12 9,1,25,,309335,13,0,102 12 9,1,68,,309336,13,0,102 12 9,1,30,,309337,13,0,102 12 9,1,70,,309338,13,0,102 12 9,1,31,,309339,13,0,102 12 9,1,72,,309340,13,0,102 12 9,1,30,,309341,13,0,102 12 9,1,70,,309342,13,0,102 12 9,1,29,,309343,13,0,102 12 9,1,75,,309344,13,0,102 12 9,1,16,,309345,13,0,31 42 9,1,55,,309346,13,0,102 12 9,1,30,,309347,13,0,102 12 9,1,20,,309348,13,0,31 42 9,1,50,,309349,13,0,102 12 9,1,30,,309350,13,0,102 12 9,1,15,,309351,13,0,5 20 39,1,60,,309352,13,0,102 12 9,1,15,,309353,13,0,102 12 9,1,27,,309354,13,0,102 12 9,1,80,,309355,13,0,102 12 9,1,100,,309356,13,0,102 12 9,1,100,,309357,13,0,102 12 9,1,100,,309358,13,0,102 12 9,1
5600,'20261123',540,,309359,13,0,102 12 9,1,65,,309360,1,0,7 11 12 9,1,15,,309361,13,0,102 12 9,1,15,,309362,1,0,7 11 12 9,1,15,,309363,13,0,102 12 9,1,72,,309364,13,0,102 12 9,1,20,,309365,1,0,7 11 12 9,1,10,,309366,13,0,102 12 9,1,70,,309367,13,0,102 12 9,1,18,,309368,1,0,7 11 12 9,1,12,,309369,13,0,102 12 9,1,75,,309370,13,0,102 12 9,1,30,,309371,13,0,102 12 9,1,70,,309372,13,0,102 12 9,1,30,,309373,13,0,102 12 9,1,75,,309374,13,0,102 12 9,1,25,,309375,13,0,102 12 9,1,68,,309376,13,0,102 12 9,1,30,,309377,13,0,102 12 9,1,70,,309378,13,0,102 12 9,1,31,,309379,13,0,102 12 9,1,72,,309380,13,0,102 12 9,1,30,,309381,13,0,102 12 9,1,70,,309382,13,0,102 12 9,1,29,,309383,13,0,102 12 9,1,75,,309384,13,0,102 12 9,1,16,,309385,13,0,31 42 9,1,55,,309386,13,0,102 12 9,1,30,,309387,13,0,102 12 9,1,20,,309388,13,0,31 42 9,1,50,,309389,13,0,102 12 9,1,30,,309390,13,0,102 12 9,1,15,,309391,13,0,5 20 39,1,60,,309392,13,0,102 12 9,1,15,,309393,13,0,102 12 9,1,27,,309394,13,0,102 12 9,1,80,,309395,13,0,102 12 9,1,100,,309396,13,0,102 12 9,1,100,,309397,13,0,102 12 9,1,100,,309398,13,0,102 12 9,1
5600,'20261124',540,,309399,13,0,102 12 9,1,65,,309400,1,0,7 11 12 9,1,15,,309401,13,0,102 12 9,1,15,,309402,1,0,7 11 12 9,1,15,,309403,13,0,102 12 9,1,72,,309404,13,0,102 12 9,1,20,,309405,1,0,7 11 12 9,1,10,,309406,13,0,102 12 9,1,70,,309407,13,0,102 12 9,1,18,,309408,1,0,7 11 12 9,1,12,,309409,13,0,102 12 9,1,75,,309410,13,0,102 12 9,1,30,,309411,13,0,102 12 9,1,70,,309412,13,0,102 12 9,1,30,,309413,13,0,102 12 9,1,75,,309414,13,0,102 12 9,1,25,,309415,13,0,102 12 9,1,68,,309416,13,0,102 12 9,1,30,,309417,13,0,102 12 9,1,70,,309418,13,0,102 12 9,1,31,,309419,13,0,102 12 9,1,72,,309420,13,0,102 12 9,1,30,,309421,13,0,102 12 9,1,70,,309422,13,0,102 12 9,1,29,,309423,13,0,102 12 9,1,75,,309424,13,0,102 12 9,1,16,,309425,13,0,31 42 9,1,55,,309426,13,0,102 12 9,1,30,,309427,13,0,102 12 9,1,20,,309428,13,0,31 42 9,1,50,,309429,13,0,102 12 9,1,30,,309430,13,0,102 12 9,1,15,,309431,13,0,5 20 39,1,60,,309432,13,0,102 12 9,1,15,,309433,13,0,102 12 9,1,27,,309434,13,0,102 12 9,1,80,,309435,13,0,102 12 9,1,100,,309436,13,0,102 12 9,1,100,,309437,13,0,102 12 9,1,100,,309438,13,0,102 12 9,1
5600,'20261125',540,,309439,13,0,102 12 9,1,65,,309440,1,0,7 11 12 9,1,15,,309441,13,0,102 12 9,1,15,,309442,1,0,7 11 12 9,1,15,,309443,13,0,102 12 9,1,72,,309444,13,0,102 12 9,1,20,,309445,1,0,7 11 12 9,1,10,,309446,13,0,102 12 9,1,70,,309447,13,0,102 12 9,1,18,,309448,1,0,7 11 12 9,1,12,,309449,13,0,102 12 9,1,75,,309450,13,0,102 12 9,1,30,,309451,13,0,102 12 9,1,70,,309452,13,0,102 12 9,1,30,,309453,13,0,102 12 9,1,75,,309454,13,0,102 12 9,1,25,,309455,13,0,102 12 9,1,68,,309456,13,0,102 12 9,1,30,,309457,13,0,102 12 9,1,70,,309458,13,0,102 12 9,1,31,,309459,13,0,102 12 9,1,72,,309460,13,0,102 12 9,1,30,,309461,13,0,102 12 9,1,70,,309462,13,0,102 12 9,1,29,,309463,13,0,102 12 9,1,75,,309464,13,0,102 12 9,1,16,,309465,13,0,31 42 9,1,55,,309466,13,0,102 12 9,1,30,,309467,13,0,102 12 9,1,20,,309468,13,0,31 42 9,1,50,,309469,13,0,102 12 9,1,30,,309470,13,0,102 12 9,1,15,,309471,13,0,5 20 39,1,60,,309472,13,0,102 12 9,1,15,,309473,13,0,102 12 9,1,27,,309474,13,0,102 12 9,1,80,,309475,13,0,102 12 9,1,100,,309476,13,0,102 12 9,1,100,,309477,13,0,102 12 9,1,100,,309478,13,0,102 12 9,1
5600,'20261126',540,,309479,13,0,102 12 9,1,65,,309480,1,0,7 11 12 9,1,15,,309481,13,0,102 12 9,1,15,,309482,1,0,7 11 12 9,1,15,,309483,13,0,102 12 9,1,72,,309484,13,0,102 12 9,1,20,,309485,1,0,7 11 12 9,1,10,,309486,13,0,102 12 9,1,70,,309487,13,0,102 12 9,1,18,,309488,1,0,7 11 12 9,1,12,,309489,13,0,102 12 9,1,75,,309490,13,0,102 12 9,1,30,,309491,13,0,102 12 9,1,70,,309492,13,0,102 12 9,1,30,,309493,13,0,102 12 9,1,75,,309494,13,0,102 12 9,1,25,,309495,13,0,102 12 9,1,68,,309496,13,0,102 12 9,1,30,,309497,13,0,102 12 9,1,70,,309498,13,0,102 12 9,1,31,,309499,13,0,102 12 9,1,72,,309500,13,0,102 12 9,1,30,,309501,13,0,102 12 9,1,70,,309502,13,0,102 12 9,1,29,,309503,13,0,102 12 9,1,75,,309504,13,0,102 12 9,1,16,,309505,13,0,31 42 9,1,55,,309506,13,0,102 12 9,1,30,,309507,13,0,102 12 9,1,20,,309508,13,0,31 42 9,1,50,,309509,13,0,102 12 9,1,30,,309510,13,0,102 12 9,1,15,,309511,13,0,5 20 39,1,60,,309512,13,0,102 12 9,1,15,,309513,13,0,102 12 9,1,27,,309514,13,0,102 12 9,1,80,,309515,13,0,102 12 9,1,100,,309516,13,0,102 12 9,1,100,,309517,13,0,102 12 9,1,100,,309518,13,0,102 12 9,1
5600,'20261127',540,,309519,13,0,102 12 9,1,65,,309520,1,0,7 11 12 9,1,15,,309521,13,0,102 12 9,1,15,,309522,1,0,7 11 12 9,1,15,,309523,13,0,102 12 9,1,72,,309524,13,0,102 12 9,1,20,,309525,1,0,7 11 12 9,1,10,,309526,13,0,102 12 9,1,70,,309527,13,0,102 12 9,1,18,,309528,1,0,7 11 12 9,1,12,,309529,13,0,102 12 9,1,75,,309530,13,0,102 12 9,1,30,,309531,13,0,102 12 9,1,70,,309532,13,0,102 12 9,1,30,,309533,13,0,102 12 9,1,75,,309534,13,0,102 12 9,1,25,,309535,13,0,102 12 9,1,68,,309536,13,0,102 12 9,1,30,,309537,13,0,102 12 9,1,70,,309538,13,0,102 12 9,1,31,,309539,13,0,102 12 9,1,72,,309540,13,0,102 12 9,1,30,,309541,13,0,102 12 9,1,70,,309542,13,0,102 12 9,1,29,,309543,13,0,102 12 9,1,75,,309544,13,0,102 12 9,1,16,,309545,13,0,31 42 9,1,55,,309546,13,0,102 12 9,1,30,,309547,13,0,102 12 9,1,20,,309548,13,0,31 42 9,1,50,,309549,13,0,102 12 9,1,30,,309550,13,0,102 12 9,1,15,,309551,13,0,5 20 39,1,60,,309552,13,0,102 12 9,1,15,,309553,13,0,102 12 9,1,27,,309554,13,0,102 12 9,1,80,,309555,13,0,102 12 9,1,100,,309556,13,0,102 12 9,1,100,,309557,13,0,102 12 9,1,100,,309558,13,0,102 12 9,1
9400,'20260910',320,,326631,1,,,1,190,,326632,1,,,1,205,,326633,1,,,1,220,,326634,1,,,1,205,,326635,1,,,1,95,,326636,1,,,1,100,,326637,1,,,1,85,,326638,1,,,1,25,,326639,1,,,1,70,,326640,1,,,1,30,,326641,1,,,1,75,,326642,1,,,1,95,,326643,1,,,1,115,,326644,1,,,1,110,,326645,1,,,1,80,,326646,1,,,1,100,,326647,1,,,1,100,,326648,1,,,1,105,,326649,1,,,1,195,,326650,1,,,1
9400,'20260911',320,,326651,1,,,1,190,,326652,1,,,1,205,,326653,1,,,1,220,,326654,1,,,1,205,,326655,1,,,1,95,,326656,1,,,1,100,,326657,1,,,1,85,,326658,1,,,1,25,,326659,1,,,1,70,,326660,1,,,1,30,,326661,1,,,1,75,,326662,1,,,1,95,,326663,1,,,1,115,,326664,1,,,1,110,,326665,1,,,1,80,,326666,1,,,1,100,,326667,1,,,1,100,,326668,1,,,1,105,,326669,1,,,1,195,,326670,1,,,1
9400,'20260912',320,,326671,1,,,1,200,,326672,1,,,1,100,,326673,1,,,1,100,,326674,1,,,1,95,,326675,1,,,1,100,,326676,1,,,1,105,,326677,1,,,1,110,,326678,1,,,1,95,,326679,1,,,1,100,,326680,1,,,1,95,,326681,1,,,1,105,,326682,1,,,1,100,,326683,1,,,1,100,,326684,1,,,1,105,,326685,1,,,1,105,,326686,1,,,1,100,,326687,1,,,1,85,,326688,1,,,1,105,,326689,1,,,1,100,,326690,1,,,1,195,,326691,1,,,1
9400,'20260913',320,,326692,1,,,1,200,,326693,1,,,1,100,,326694,1,,,1,100,,326695,1,,,1,95,,326696,1,,,1,100,,326697,1,,,1,105,,326698,1,,,1,110,,326699,1,,,1,95,,326700,1,,,1,100,,326701,1,,,1,95,,326702,1,,,1,105,,326703,1,,,1,100,,326704,1,,,1,100,,326705,1,,,1,105,,326706,1,,,1,105,,326707,1,,,1,100,,326708,1,,,1,85,,326709,1,,,1,105,,326710,1,,,1,100,,326711,1,,,1,195,,326712,1,,,1
9400,'20260914',320,,326713,1,,,1,190,,326714,1,,,1,205,,326715,1,,,1,220,,326716,1,,,1,205,,326717,1,,,1,95,,326718,1,,,1,100,,326719,1,,,1,85,,326720,1,,,1,25,,326721,1,,,1,70,,326722,1,,,1,30,,326723,1,,,1,75,,326724,1,,,1,95,,326725,1,,,1,115,,326726,1,,,1,110,,326727,1,,,1,80,,326728,1,,,1,100,,326729,1,,,1,100,,326730,1,,,1,105,,326731,1,,,1,195,,326732,1,,,1
9400,'20260915',320,,326733,1,,,1,190,,326734,1,,,1,205,,326735,1,,,1,220,,326736,1,,,1,205,,326737,1,,,1,95,,326738,1,,,1,100,,326739,1,,,1,85,,326740,1,,,1,25,,326741,1,,,1,70,,326742,1,,,1,30,,326743,1,,,1,75,,326744,1,,,1,95,,326745,1,,,1,115,,326746,1,,,1,110,,326747,1,,,1,80,,326748,1,,,1,100,,326749,1,,,1,100,,326750,1,,,1,105,,326751,1,,,1,195,,326752,1,,,1
9400,'20260916',320,,326753,1,,,1,190,,326754,1,,,1,205,,326755,1,,,1,220,,326756,1,,,1,205,,326757,1,,,1,95,,326758,1,,,1,100,,326759,1,,,1,85,,326760,1,,,1,25,,326761,1,,,1,70,,326762,1,,,1,30,,326763,1,,,1,75,,326764,1,,,1,95,,326765,1,,,1,115,,326766,1,,,1,110,,326767,1,,,1,80,,326768,1,,,1,100,,326769,1,,,1,100,,326770,1,,,1,105,,326771,1,,,1,195,,326772,1,,,1
9400,'20260917',320,,326773,1,,,1,190,,326774,1,,,1,205,,326775,1,,,1,220,,326776,1,,,1,205,,326777,1,,,1,95,,326778,1,,,1,100,,326779,1,,,1,85,,326780,1,,,1,25,,326781,1,,,1,70,,326782,1,,,1,30,,326783,1,,,1,75,,326784,1,,,1,95,,326785,1,,,1,115,,326786,1,,,1,110,,326787,1,,,1,80,,326788,1,,,1,100,,326789,1,,,1,100,,326790,1,,,1,105,,326791,1,,,1,195,,326792,1,,,1
9400,'20260918',320,,326793,1,,,1,190,,326794,1,,,1,205,,326795,1,,,1,220,,326796,1,,,1,205,,326797,1,,,1,95,,326798,1,,,1,100,,326799,1,,,1,85,,326800,1,,,1,25,,326801,1,,,1,70,,326802,1,,,1,30,,326803,1,,,1,75,,326804,1,,,1,95,,326805,1,,,1,115,,326806,1,,,1,110,,326807,1,,,1,80,,326808,1,,,1,100,,326809,1,,,1,100,,326810,1,,,1,105,,326811,1,,,1,195,,326812,1,,,1
9400,'20260919',320,,326813,1,,,1,200,,326814,1,,,1,100,,326815,1,,,1,100,,326816,1,,,1,95,,326817,1,,,1,100,,326818,1,,,1,105,,326819,1,,,1,110,,326820,1,,,1,95,,326821,1,,,1,100,,326822,1,,,1,95,,326823,1,,,1,105,,326824,1,,,1,100,,326825,1,,,1,100,,326826,1,,,1,105,,326827,1,,,1,105,,326828,1,,,1,100,,326829,1,,,1,85,,326830,1,,,1,105,,326831,1,,,1,100,,326832,1,,,1,195,,326833,1,,,1
9400,'20260920',320,,326834,1,,,1,200,,326835,1,,,1,100,,326836,1,,,1,100,,326837,1,,,1,95,,326838,1,,,1,100,,326839,1,,,1,105,,326840,1,,,1,110,,326841,1,,,1,95,,326842,1,,,1,100,,326843,1,,,1,95,,326844,1,,,1,105,,326845,1,,,1,100,,326846,1,,,1,100,,326847,1,,,1,105,,326848,1,,,1,105,,326849,1,,,1,100,,326850,1,,,1,85,,326851,1,,,1,105,,326852,1,,,1,100,,326853,1,,,1,195,,326854,1,,,1
9400,'20260921',320,,326855,1,,,1,190,,326856,1,,,1,205,,326857,1,,,1,220,,326858,1,,,1,205,,326859,1,,,1,95,,326860,1,,,1,100,,326861,1,,,1,85,,326862,1,,,1,25,,326863,1,,,1,70,,326864,1,,,1,30,,326865,1,,,1,75,,326866,1,,,1,95,,326867,1,,,1,115,,326868,1,,,1,110,,326869,1,,,1,80,,326870,1,,,1,100,,326871,1,,,1,100,,326872,1,,,1,105,,326873,1,,,1,195,,326874,1,,,1
9400,'20260922',320,,326875,1,,,1,190,,326876,1,,,1,205,,326877,1,,,1,220,,326878,1,,,1,205,,326879,1,,,1,95,,326880,1,,,1,100,,326881,1,,,1,85,,326882,1,,,1,25,,326883,1,,,1,70,,326884,1,,,1,30,,326885,1,,,1,75,,326886,1,,,1,95,,326887,1,,,1,115,,326888,1,,,1,110,,326889,1,,,1,80,,326890,1,,,1,100,,326891,1,,,1,100,,326892,1,,,1,105,,326893,1,,,1,195,,326894,1,,,1
9400,'20260923',320,,326895,1,,,1,190,,326896,1,,,1,205,,326897,1,,,1,220,,326898,1,,,1,205,,326899,1,,,1,95,,326900,1,,,1,100,,326901,1,,,1,85,,326902,1,,,1,25,,326903,1,,,1,70,,326904,1,,,1,30,,326905,1,,,1,75,,326906,1,,,1,95,,326907,1,,,1,115,,326908,1,,,1,110,,326909,1,,,1,80,,326910,1,,,1,100,,326911,1,,,1,100,,326912,1,,,1,105,,326913,1,,,1,195,,326914,1,,,1
9400,'20260924',320,,326915,1,,,1,190,,326916,1,,,1,205,,326917,1,,,1,220,,326918,1,,,1,205,,326919,1,,,1,95,,326920,1,,,1,100,,326921,1,,,1,85,,326922,1,,,1,25,,326923,1,,,1,70,,326924,1,,,1,30,,326925,1,,,1,75,,326926,1,,,1,95,,326927,1,,,1,115,,326928,1,,,1,110,,326929,1,,,1,80,,326930,1,,,1,100,,326931,1,,,1,100,,326932,1,,,1,105,,326933,1,,,1,195,,326934,1,,,1
9400,'20260925',320,,326935,1,,,1,190,,326936,1,,,1,205,,326937,1,,,1,220,,326938,1,,,1,205,,326939,1,,,1,95,,326940,1,,,1,100,,326941,1,,,1,85,,326942,1,,,1,25,,326943,1,,,1,70,,326944,1,,,1,30,,326945,1,,,1,75,,326946,1,,,1,95,,326947,1,,,1,115,,326948,1,,,1,110,,326949,1,,,1,80,,326950,1,,,1,100,,326951,1,,,1,100,,326952,1,,,1,105,,326953,1,,,1,195,,326954,1,,,1
9400,'20260926',320,,326955,1,,,1,200,,326956,1,,,1,100,,326957,1,,,1,100,,326958,1,,,1,95,,326959,1,,,1,100,,326960,1,,,1,105,,326961,1,,,1,110,,326962,1,,,1,95,,326963,1,,,1,100,,326964,1,,,1,95,,326965,1,,,1,105,,326966,1,,,1,100,,326967,1,,,1,100,,326968,1,,,1,105,,326969,1,,,1,105,,326970,1,,,1,100,,326971,1,,,1,85,,326972,1,,,1,105,,326973,1,,,1,100,,326974,1,,,1,195,,326975,1,,,1
9400,'20260927',320,,326976,1,,,1,200,,326977,1,,,1,100,,326978,1,,,1,100,,326979,1,,,1,95,,326980,1,,,1,100,,326981,1,,,1,105,,326982,1,,,1,110,,326983,1,,,1,95,,326984,1,,,1,100,,326985,1,,,1,95,,326986,1,,,1,105,,326987,1,,,1,100,,326988,1,,,1,100,,326989,1,,,1,105,,326990,1,,,1,105,,326991,1,,,1,100,,326992,1,,,1,85,,326993,1,,,1,105,,326994,1,,,1,100,,326995,1,,,1,195,,326996,1,,,1
9400,'20260928',320,,326997,1,,,1,190,,326998,1,,,1,205,,326999,1,,,1,220,,327000,1,,,1,205,,327001,1,,,1,95,,327002,1,,,1,100,,327003,1,,,1,85,,327004,1,,,1,25,,327005,1,,,1,70,,327006,1,,,1,30,,327007,1,,,1,75,,327008,1,,,1,95,,327009,1,,,1,115,,327010,1,,,1,110,,327011,1,,,1,80,,327012,1,,,1,100,,327013,1,,,1,100,,327014,1,,,1,105,,327015,1,,,1,195,,327016,1,,,1
9400,'20260929',320,,327017,1,,,1,190,,327018,1,,,1,205,,327019,1,,,1,220,,327020,1,,,1,205,,327021,1,,,1,95,,327022,1,,,1,100,,327023,1,,,1,85,,327024,1,,,1,25,,327025,1,,,1,70,,327026,1,,,1,30,,327027,1,,,1,75,,327028,1,,,1,95,,327029,1,,,1,115,,327030,1,,,1,110,,327031,1,,,1,80,,327032,1,,,1,100,,327033,1,,,1,100,,327034,1,,,1,105,,327035,1,,,1,195,,327036,1,,,1
9400,'20260930',320,,327037,1,,,1,190,,327038,1,,,1,205,,327039,1,,,1,220,,327040,1,,,1,205,,327041,1,,,1,95,,327042,1,,,1,100,,327043,1,,,1,85,,327044,1,,,1,25,,327045,1,,,1,70,,327046,1,,,1,30,,327047,1,,,1,75,,327048,1,,,1,95,,327049,1,,,1,115,,327050,1,,,1,110,,327051,1,,,1,80,,327052,1,,,1,100,,327053,1,,,1,100,,327054,1,,,1,105,,327055,1,,,1,195,,327056,1,,,1
9400,'20261001',320,,327057,1,,,1,190,,327058,1,,,1,205,,327059,1,,,1,220,,327060,1,,,1,205,,327061,1,,,1,95,,327062,1,,,1,100,,327063,1,,,1,85,,327064,1,,,1,25,,327065,1,,,1,70,,327066,1,,,1,30,,327067,1,,,1,75,,327068,1,,,1,95,,327069,1,,,1,115,,327070,1,,,1,110,,327071,1,,,1,80,,327072,1,,,1,100,,327073,1,,,1,100,,327074,1,,,1,105,,327075,1,,,1,195,,327076,1,,,1
9400,'20261002',320,,327077,1,,,1,190,,327078,1,,,1,205,,327079,1,,,1,220,,327080,1,,,1,205,,327081,1,,,1,95,,327082,1,,,1,100,,327083,1,,,1,85,,327084,1,,,1,25,,327085,1,,,1,70,,327086,1,,,1,30,,327087,1,,,1,75,,327088,1,,,1,95,,327089,1,,,1,115,,327090,1,,,1,110,,327091,1,,,1,80,,327092,1,,,1,100,,327093,1,,,1,100,,327094,1,,,1,105,,327095,1,,,1,195,,327096,1,,,1
9400,'20261003',320,,327097,1,,,1,200,,327098,1,,,1,100,,327099,1,,,1,100,,327100,1,,,1,95,,327101,1,,,1,100,,327102,1,,,1,105,,327103,1,,,1,110,,327104,1,,,1,95,,327105,1,,,1,100,,327106,1,,,1,95,,327107,1,,,1,105,,327108,1,,,1,100,,327109,1,,,1,100,,327110,1,,,1,105,,327111,1,,,1,105,,327112,1,,,1,100,,327113,1,,,1,85,,327114,1,,,1,105,,327115,1,,,1,100,,327116,1,,,1,195,,327117,1,,,1
9400,'20261004',320,,327118,1,,,1,200,,327119,1,,,1,100,,327120,1,,,1,100,,327121,1,,,1,95,,327122,1,,,1,100,,327123,1,,,1,105,,327124,1,,,1,110,,327125,1,,,1,95,,327126,1,,,1,100,,327127,1,,,1,95,,327128,1,,,1,105,,327129,1,,,1,100,,327130,1,,,1,100,,327131,1,,,1,105,,327132,1,,,1,105,,327133,1,,,1,100,,327134,1,,,1,85,,327135,1,,,1,105,,327136,1,,,1,100,,327137,1,,,1,195,,327138,1,,,1
9400,'20261005',320,,327139,1,,,1,190,,327140,1,,,1,205,,327141,1,,,1,220,,327142,1,,,1,205,,327143,1,,,1,95,,327144,1,,,1,100,,327145,1,,,1,85,,327146,1,,,1,25,,327147,1,,,1,70,,327148,1,,,1,30,,327149,1,,,1,75,,327150,1,,,1,95,,327151,1,,,1,115,,327152,1,,,1,110,,327153,1,,,1,80,,327154,1,,,1,100,,327155,1,,,1,100,,327156,1,,,1,105,,327157,1,,,1,195,,327158,1,,,1
9400,'20261006',320,,327159,1,,,1,190,,327160,1,,,1,205,,327161,1,,,1,220,,327162,1,,,1,205,,327163,1,,,1,95,,327164,1,,,1,100,,327165,1,,,1,85,,327166,1,,,1,25,,327167,1,,,1,70,,327168,1,,,1,30,,327169,1,,,1,75,,327170,1,,,1,95,,327171,1,,,1,115,,327172,1,,,1,110,,327173,1,,,1,80,,327174,1,,,1,100,,327175,1,,,1,100,,327176,1,,,1,105,,327177,1,,,1,195,,327178,1,,,1
9400,'20261007',320,,327179,1,,,1,190,,327180,1,,,1,205,,327181,1,,,1,220,,327182,1,,,1,205,,327183,1,,,1,95,,327184,1,,,1,100,,327185,1,,,1,85,,327186,1,,,1,25,,327187,1,,,1,70,,327188,1,,,1,30,,327189,1,,,1,75,,327190,1,,,1,95,,327191,1,,,1,115,,327192,1,,,1,110,,327193,1,,,1,80,,327194,1,,,1,100,,327195,1,,,1,100,,327196,1,,,1,105,,327197,1,,,1,195,,327198,1,,,1
9400,'20261008',320,,327199,1,,,1,190,,327200,1,,,1,205,,327201,1,,,1,220,,327202,1,,,1,205,,327203,1,,,1,95,,327204,1,,,1,100,,327205,1,,,1,85,,327206,1,,,1,25,,327207,1,,,1,70,,327208,1,,,1,30,,327209,1,,,1,75,,327210,1,,,1,95,,327211,1,,,1,115,,327212,1,,,1,110,,327213,1,,,1,80,,327214,1,,,1,100,,327215,1,,,1,100,,327216,1,,,1,105,,327217,1,,,1,195,,327218,1,,,1
9400,'20261009',320,,327219,1,,,1,190,,327220,1,,,1,205,,327221,1,,,1,220,,327222,1,,,1,205,,327223,1,,,1,95,,327224,1,,,1,100,,327225,1,,,1,85,,327226,1,,,1,25,,327227,1,,,1,70,,327228,1,,,1,30,,327229,1,,,1,75,,327230,1,,,1,95,,327231,1,,,1,115,,327232,1,,,1,110,,327233,1,,,1,80,,327234,1,,,1,100,,327235,1,,,1,100,,327236,1,,,1,105,,327237,1,,,1,195,,327238,1,,,1
9400,'20261010',320,,327239,1,,,1,200,,327240,1,,,1,100,,327241,1,,,1,100,,327242,1,,,1,95,,327243,1,,,1,100,,327244,1,,,1,105,,327245,1,,,1,110,,327246,1,,,1,95,,327247,1,,,1,100,,327248,1,,,1,95,,327249,1,,,1,105,,327250,1,,,1,100,,327251,1,,,1,100,,327252,1,,,1,105,,327253,1,,,1,105,,327254,1,,,1,100,,327255,1,,,1,85,,327256,1,,,1,105,,327257,1,,,1,100,,327258,1,,,1,195,,327259,1,,,1
9400,'20261011',320,,327260,1,,,1,200,,327261,1,,,1,100,,327262,1,,,1,100,,327263,1,,,1,95,,327264,1,,,1,100,,327265,1,,,1,105,,327266,1,,,1,110,,327267,1,,,1,95,,327268,1,,,1,100,,327269,1,,,1,95,,327270,1,,,1,105,,327271,1,,,1,100,,327272,1,,,1,100,,327273,1,,,1,105,,327274,1,,,1,105,,327275,1,,,1,100,,327276,1,,,1,85,,327277,1,,,1,105,,327278,1,,,1,100,,327279,1,,,1,195,,327280,1,,,1
9400,'20261012',320,,327281,1,,,1,200,,327282,1,,,1,100,,327283,1,,,1,100,,327284,1,,,1,95,,327285,1,,,1,100,,327286,1,,,1,105,,327287,1,,,1,110,,327288,1,,,1,95,,327289,1,,,1,100,,327290,1,,,1,95,,327291,1,,,1,105,,327292,1,,,1,100,,327293,1,,,1,100,,327294,1,,,1,105,,327295,1,,,1,105,,327296,1,,,1,100,,327297,1,,,1,85,,327298,1,,,1,105,,327299,1,,,1,100,,327300,1,,,1,195,,327301,1,,,1
9400,'20261013',320,,327302,1,,,1,190,,327303,1,,,1,205,,327304,1,,,1,220,,327305,1,,,1,205,,327306,1,,,1,95,,327307,1,,,1,100,,327308,1,,,1,85,,327309,1,,,1,25,,327310,1,,,1,70,,327311,1,,,1,30,,327312,1,,,1,75,,327313,1,,,1,95,,327314,1,,,1,115,,327315,1,,,1,110,,327316,1,,,1,80,,327317,1,,,1,100,,327318,1,,,1,100,,327319,1,,,1,105,,327320,1,,,1,195,,327321,1,,,1
9400,'20261014',320,,327322,1,,,1,190,,327323,1,,,1,205,,327324,1,,,1,220,,327325,1,,,1,205,,327326,1,,,1,95,,327327,1,,,1,100,,327328,1,,,1,85,,327329,1,,,1,25,,327330,1,,,1,70,,327331,1,,,1,30,,327332,1,,,1,75,,327333,1,,,1,95,,327334,1,,,1,115,,327335,1,,,1,110,,327336,1,,,1,80,,327337,1,,,1,100,,327338,1,,,1,100,,327339,1,,,1,105,,327340,1,,,1,195,,327341,1,,,1
9400,'20261015',320,,327342,1,,,1,190,,327343,1,,,1,205,,327344,1,,,1,220,,327345,1,,,1,205,,327346,1,,,1,95,,327347,1,,,1,100,,327348,1,,,1,85,,327349,1,,,1,25,,327350,1,,,1,70,,327351,1,,,1,30,,327352,1,,,1,75,,327353,1,,,1,95,,327354,1,,,1,115,,327355,1,,,1,110,,327356,1,,,1,80,,327357,1,,,1,100,,327358,1,,,1,100,,327359,1,,,1,105,,327360,1,,,1,195,,327361,1,,,1
9400,'20261016',320,,327362,1,,,1,190,,327363,1,,,1,205,,327364,1,,,1,220,,327365,1,,,1,205,,327366,1,,,1,95,,327367,1,,,1,100,,327368,1,,,1,85,,327369,1,,,1,25,,327370,1,,,1,70,,327371,1,,,1,30,,327372,1,,,1,75,,327373,1,,,1,95,,327374,1,,,1,115,,327375,1,,,1,110,,327376,1,,,1,80,,327377,1,,,1,100,,327378,1,,,1,100,,327379,1,,,1,105,,327380,1,,,1,195,,327381,1,,,1
9400,'20261017',320,,327382,1,,,1,200,,327383,1,,,1,100,,327384,1,,,1,100,,327385,1,,,1,95,,327386,1,,,1,100,,327387,1,,,1,105,,327388,1,,,1,110,,327389,1,,,1,95,,327390,1,,,1,100,,327391,1,,,1,95,,327392,1,,,1,105,,327393,1,,,1,100,,327394,1,,,1,100,,327395,1,,,1,105,,327396,1,,,1,105,,327397,1,,,1,100,,327398,1,,,1,85,,327399,1,,,1,105,,327400,1,,,1,100,,327401,1,,,1,195,,327402,1,,,1
9400,'20261018',320,,327403,1,,,1,200,,327404,1,,,1,100,,327405,1,,,1,100,,327406,1,,,1,95,,327407,1,,,1,100,,327408,1,,,1,105,,327409,1,,,1,110,,327410,1,,,1,95,,327411,1,,,1,100,,327412,1,,,1,95,,327413,1,,,1,105,,327414,1,,,1,100,,327415,1,,,1,100,,327416,1,,,1,105,,327417,1,,,1,105,,327418,1,,,1,100,,327419,1,,,1,85,,327420,1,,,1,105,,327421,1,,,1,100,,327422,1,,,1,195,,327423,1,,,1
9400,'20261019',320,,327424,1,,,1,190,,327425,1,,,1,205,,327426,1,,,1,220,,327427,1,,,1,205,,327428,1,,,1,95,,327429,1,,,1,100,,327430,1,,,1,85,,327431,1,,,1,25,,327432,1,,,1,70,,327433,1,,,1,30,,327434,1,,,1,75,,327435,1,,,1,95,,327436,1,,,1,115,,327437,1,,,1,110,,327438,1,,,1,80,,327439,1,,,1,100,,327440,1,,,1,100,,327441,1,,,1,105,,327442,1,,,1,195,,327443,1,,,1
9400,'20261020',320,,327444,1,,,1,190,,327445,1,,,1,205,,327446,1,,,1,220,,327447,1,,,1,205,,327448,1,,,1,95,,327449,1,,,1,100,,327450,1,,,1,85,,327451,1,,,1,25,,327452,1,,,1,70,,327453,1,,,1,30,,327454,1,,,1,75,,327455,1,,,1,95,,327456,1,,,1,115,,327457,1,,,1,110,,327458,1,,,1,80,,327459,1,,,1,100,,327460,1,,,1,100,,327461,1,,,1,105,,327462,1,,,1,195,,327463,1,,,1
9400,'20261021',320,,327464,1,,,1,190,,327465,1,,,1,205,,327466,1,,,1,220,,327467,1,,,1,205,,327468,1,,,1,95,,327469,1,,,1,100,,327470,1,,,1,85,,327471,1,,,1,25,,327472,1,,,1,70,,327473,1,,,1,30,,327474,1,,,1,75,,327475,1,,,1,95,,327476,1,,,1,115,,327477,1,,,1,110,,327478,1,,,1,80,,327479,1,,,1,100,,327480,1,,,1,100,,327481,1,,,1,105,,327482,1,,,1,195,,327483,1,,,1
9400,'20261022',320,,327484,1,,,1,190,,327485,1,,,1,205,,327486,1,,,1,220,,327487,1,,,1,205,,327488,1,,,1,95,,327489,1,,,1,100,,327490,1,,,1,85,,327491,1,,,1,25,,327492,1,,,1,70,,327493,1,,,1,30,,327494,1,,,1,75,,327495,1,,,1,95,,327496,1,,,1,115,,327497,1,,,1,110,,327498,1,,,1,80,,327499,1,,,1,100,,327500,1,,,1,100,,327501,1,,,1,105,,327502,1,,,1,195,,327503,1,,,1
9400,'20261023',320,,327504,1,,,1,190,,327505,1,,,1,205,,327506,1,,,1,220,,327507,1,,,1,205,,327508,1,,,1,95,,327509,1,,,1,100,,327510,1,,,1,85,,327511,1,,,1,25,,327512,1,,,1,70,,327513,1,,,1,30,,327514,1,,,1,75,,327515,1,,,1,95,,327516,1,,,1,115,,327517,1,,,1,110,,327518,1,,,1,80,,327519,1,,,1,100,,327520,1,,,1,100,,327521,1,,,1,105,,327522,1,,,1,195,,327523,1,,,1
9400,'20261024',320,,327524,1,,,1,200,,327525,1,,,1,100,,327526,1,,,1,100,,327527,1,,,1,95,,327528,1,,,1,100,,327529,1,,,1,105,,327530,1,,,1,110,,327531,1,,,1,95,,327532,1,,,1,100,,327533,1,,,1,95,,327534,1,,,1,105,,327535,1,,,1,100,,327536,1,,,1,100,,327537,1,,,1,105,,327538,1,,,1,105,,327539,1,,,1,100,,327540,1,,,1,85,,327541,1,,,1,105,,327542,1,,,1,100,,327543,1,,,1,195,,327544,1,,,1
9400,'20261025',320,,327545,1,,,1,200,,327546,1,,,1,100,,327547,1,,,1,100,,327548,1,,,1,95,,327549,1,,,1,100,,327550,1,,,1,105,,327551,1,,,1,110,,327552,1,,,1,95,,327553,1,,,1,100,,327554,1,,,1,95,,327555,1,,,1,105,,327556,1,,,1,100,,327557,1,,,1,100,,327558,1,,,1,105,,327559,1,,,1,105,,327560,1,,,1,100,,327561,1,,,1,85,,327562,1,,,1,105,,327563,1,,,1,100,,327564,1,,,1,195,,327565,1,,,1
9400,'20261026',320,,327566,1,,,1,190,,327567,1,,,1,205,,327568,1,,,1,220,,327569,1,,,1,205,,327570,1,,,1,95,,327571,1,,,1,100,,327572,1,,,1,85,,327573,1,,,1,25,,327574,1,,,1,70,,327575,1,,,1,30,,327576,1,,,1,75,,327577,1,,,1,95,,327578,1,,,1,115,,327579,1,,,1,110,,327580,1,,,1,80,,327581,1,,,1,100,,327582,1,,,1,100,,327583,1,,,1,105,,327584,1,,,1,195,,327585,1,,,1
9400,'20261027',320,,327586,1,,,1,190,,327587,1,,,1,205,,327588,1,,,1,220,,327589,1,,,1,205,,327590,1,,,1,95,,327591,1,,,1,100,,327592,1,,,1,85,,327593,1,,,1,25,,327594,1,,,1,70,,327595,1,,,1,30,,327596,1,,,1,75,,327597,1,,,1,95,,327598,1,,,1,115,,327599,1,,,1,110,,327600,1,,,1,80,,327601,1,,,1,100,,327602,1,,,1,100,,327603,1,,,1,105,,327604,1,,,1,195,,327605,1,,,1
9400,'20261028',320,,327606,1,,,1,190,,327607,1,,,1,205,,327608,1,,,1,220,,327609,1,,,1,205,,327610,1,,,1,95,,327611,1,,,1,100,,327612,1,,,1,85,,327613,1,,,1,25,,327614,1,,,1,70,,327615,1,,,1,30,,327616,1,,,1,75,,327617,1,,,1,95,,327618,1,,,1,115,,327619,1,,,1,110,,327620,1,,,1,80,,327621,1,,,1,100,,327622,1,,,1,100,,327623,1,,,1,105,,327624,1,,,1,195,,327625,1,,,1
9400,'20261029',320,,327626,1,,,1,190,,327627,1,,,1,205,,327628,1,,,1,220,,327629,1,,,1,205,,327630,1,,,1,95,,327631,1,,,1,100,,327632,1,,,1,85,,327633,1,,,1,25,,327634,1,,,1,70,,327635,1,,,1,30,,327636,1,,,1,75,,327637,1,,,1,95,,327638,1,,,1,115,,327639,1,,,1,110,,327640,1,,,1,80,,327641,1,,,1,100,,327642,1,,,1,100,,327643,1,,,1,105,,327644,1,,,1,195,,327645,1,,,1
9400,'20261030',320,,327646,1,,,1,190,,327647,1,,,1,205,,327648,1,,,1,220,,327649,1,,,1,205,,327650,1,,,1,95,,327651,1,,,1,100,,327652,1,,,1,85,,327653,1,,,1,25,,327654,1,,,1,70,,327655,1,,,1,30,,327656,1,,,1,75,,327657,1,,,1,95,,327658,1,,,1,115,,327659,1,,,1,110,,327660,1,,,1,80,,327661,1,,,1,100,,327662,1,,,1,100,,327663,1,,,1,105,,327664,1,,,1,195,,327665,1,,,1
9400,'20261031',320,,327666,1,,,1,200,,327667,1,,,1,100,,327668,1,,,1,100,,327669,1,,,1,95,,327670,1,,,1,100,,327671,1,,,1,105,,327672,1,,,1,110,,327673,1,,,1,95,,327674,1,,,1,100,,327675,1,,,1,95,,327676,1,,,1,105,,327677,1,,,1,100,,327678,1,,,1,100,,327679,1,,,1,105,,327680,1,,,1,105,,327681,1,,,1,100,,327682,1,,,1,85,,327683,1,,,1,105,,327684,1,,,1,100,,327685,1,,,1,195,,327686,1,,,1
9400,'20261101',320,,327687,1,,,1,200,,327688,1,,,1,100,,327689,1,,,1,100,,327690,1,,,1,95,,327691,1,,,1,100,,327692,1,,,1,105,,327693,1,,,1,110,,327694,1,,,1,95,,327695,1,,,1,100,,327696,1,,,1,95,,327697,1,,,1,105,,327698,1,,,1,100,,327699,1,,,1,100,,327700,1,,,1,105,,327701,1,,,1,105,,327702,1,,,1,100,,327703,1,,,1,85,,327704,1,,,1,105,,327705,1,,,1,100,,327706,1,,,1,195,,327707,1,,,1
9400,'20261102',320,,327708,1,,,1,190,,327709,1,,,1,205,,327710,1,,,1,220,,327711,1,,,1,205,,327712,1,,,1,95,,327713,1,,,1,100,,327714,1,,,1,85,,327715,1,,,1,25,,327716,1,,,1,70,,327717,1,,,1,30,,327718,1,,,1,75,,327719,1,,,1,95,,327720,1,,,1,115,,327721,1,,,1,110,,327722,1,,,1,80,,327723,1,,,1,100,,327724,1,,,1,100,,327725,1,,,1,105,,327726,1,,,1,195,,327727,1,,,1
9400,'20261103',320,,327728,1,,,1,190,,327729,1,,,1,205,,327730,1,,,1,220,,327731,1,,,1,205,,327732,1,,,1,95,,327733,1,,,1,100,,327734,1,,,1,85,,327735,1,,,1,25,,327736,1,,,1,70,,327737,1,,,1,30,,327738,1,,,1,75,,327739,1,,,1,95,,327740,1,,,1,115,,327741,1,,,1,110,,327742,1,,,1,80,,327743,1,,,1,100,,327744,1,,,1,100,,327745,1,,,1,105,,327746,1,,,1,195,,327747,1,,,1
9400,'20261104',320,,327748,1,,,1,190,,327749,1,,,1,205,,327750,1,,,1,220,,327751,1,,,1,205,,327752,1,,,1,95,,327753,1,,,1,100,,327754,1,,,1,85,,327755,1,,,1,25,,327756,1,,,1,70,,327757,1,,,1,30,,327758,1,,,1,75,,327759,1,,,1,95,,327760,1,,,1,115,,327761,1,,,1,110,,327762,1,,,1,80,,327763,1,,,1,100,,327764,1,,,1,100,,327765,1,,,1,105,,327766,1,,,1,195,,327767,1,,,1
9400,'20261105',320,,327768,1,,,1,190,,327769,1,,,1,205,,327770,1,,,1,220,,327771,1,,,1,205,,327772,1,,,1,95,,327773,1,,,1,100,,327774,1,,,1,85,,327775,1,,,1,25,,327776,1,,,1,70,,327777,1,,,1,30,,327778,1,,,1,75,,327779,1,,,1,95,,327780,1,,,1,115,,327781,1,,,1,110,,327782,1,,,1,80,,327783,1,,,1,100,,327784,1,,,1,100,,327785,1,,,1,105,,327786,1,,,1,195,,327787,1,,,1
9400,'20261106',320,,327788,1,,,1,190,,327789,1,,,1,205,,327790,1,,,1,220,,327791,1,,,1,205,,327792,1,,,1,95,,327793,1,,,1,100,,327794,1,,,1,85,,327795,1,,,1,25,,327796,1,,,1,70,,327797,1,,,1,30,,327798,1,,,1,75,,327799,1,,,1,95,,327800,1,,,1,115,,327801,1,,,1,110,,327802,1,,,1,80,,327803,1,,,1,100,,327804,1,,,1,100,,327805,1,,,1,105,,327806,1,,,1,195,,327807,1,,,1
9400,'20261107',320,,327808,1,,,1,200,,327809,1,,,1,100,,327810,1,,,1,100,,327811,1,,,1,95,,327812,1,,,1,100,,327813,1,,,1,105,,327814,1,,,1,110,,327815,1,,,1,95,,327816,1,,,1,100,,327817,1,,,1,95,,327818,1,,,1,105,,327819,1,,,1,100,,327820,1,,,1,100,,327821,1,,,1,105,,327822,1,,,1,105,,327823,1,,,1,100,,327824,1,,,1,85,,327825,1,,,1,105,,327826,1,,,1,100,,327827,1,,,1,195,,327828,1,,,1
9400,'20261108',320,,327829,1,,,1,200,,327830,1,,,1,100,,327831,1,,,1,100,,327832,1,,,1,95,,327833,1,,,1,100,,327834,1,,,1,105,,327835,1,,,1,110,,327836,1,,,1,95,,327837,1,,,1,100,,327838,1,,,1,95,,327839,1,,,1,105,,327840,1,,,1,100,,327841,1,,,1,100,,327842,1,,,1,105,,327843,1,,,1,105,,327844,1,,,1,100,,327845,1,,,1,85,,327846,1,,,1,105,,327847,1,,,1,100,,327848,1,,,1,195,,327849,1,,,1
9400,'20261109',320,,327850,1,,,1,190,,327851,1,,,1,205,,327852,1,,,1,220,,327853,1,,,1,205,,327854,1,,,1,95,,327855,1,,,1,100,,327856,1,,,1,85,,327857,1,,,1,25,,327858,1,,,1,70,,327859,1,,,1,30,,327860,1,,,1,75,,327861,1,,,1,95,,327862,1,,,1,115,,327863,1,,,1,110,,327864,1,,,1,80,,327865,1,,,1,100,,327866,1,,,1,100,,327867,1,,,1,105,,327868,1,,,1,195,,327869,1,,,1
9400,'20261110',320,,327870,1,,,1,190,,327871,1,,,1,205,,327872,1,,,1,220,,327873,1,,,1,205,,327874,1,,,1,95,,327875,1,,,1,100,,327876,1,,,1,85,,327877,1,,,1,25,,327878,1,,,1,70,,327879,1,,,1,30,,327880,1,,,1,75,,327881,1,,,1,95,,327882,1,,,1,115,,327883,1,,,1,110,,327884,1,,,1,80,,327885,1,,,1,100,,327886,1,,,1,100,,327887,1,,,1,105,,327888,1,,,1,195,,327889,1,,,1
9400,'20261111',320,,327890,1,,,1,190,,327891,1,,,1,205,,327892,1,,,1,220,,327893,1,,,1,205,,327894,1,,,1,95,,327895,1,,,1,100,,327896,1,,,1,85,,327897,1,,,1,25,,327898,1,,,1,70,,327899,1,,,1,30,,327900,1,,,1,75,,327901,1,,,1,95,,327902,1,,,1,115,,327903,1,,,1,110,,327904,1,,,1,80,,327905,1,,,1,100,,327906,1,,,1,100,,327907,1,,,1,105,,327908,1,,,1,195,,327909,1,,,1
9400,'20261112',320,,327910,1,,,1,190,,327911,1,,,1,205,,327912,1,,,1,220,,327913,1,,,1,205,,327914,1,,,1,95,,327915,1,,,1,100,,327916,1,,,1,85,,327917,1,,,1,25,,327918,1,,,1,70,,327919,1,,,1,30,,327920,1,,,1,75,,327921,1,,,1,95,,327922,1,,,1,115,,327923,1,,,1,110,,327924,1,,,1,80,,327925,1,,,1,100,,327926,1,,,1,100,,327927,1,,,1,105,,327928,1,,,1,195,,327929,1,,,1
9400,'20261113',320,,327930,1,,,1,190,,327931,1,,,1,205,,327932,1,,,1,220,,327933,1,,,1,205,,327934,1,,,1,95,,327935,1,,,1,100,,327936,1,,,1,85,,327937,1,,,1,25,,327938,1,,,1,70,,327939,1,,,1,30,,327940,1,,,1,75,,327941,1,,,1,95,,327942,1,,,1,115,,327943,1,,,1,110,,327944,1,,,1,80,,327945,1,,,1,100,,327946,1,,,1,100,,327947,1,,,1,105,,327948,1,,,1,195,,327949,1,,,1
9400,'20261114',320,,327950,1,,,1,200,,327951,1,,,1,100,,327952,1,,,1,100,,327953,1,,,1,95,,327954,1,,,1,100,,327955,1,,,1,105,,327956,1,,,1,110,,327957,1,,,1,95,,327958,1,,,1,100,,327959,1,,,1,95,,327960,1,,,1,105,,327961,1,,,1,100,,327962,1,,,1,100,,327963,1,,,1,105,,327964,1,,,1,105,,327965,1,,,1,100,,327966,1,,,1,85,,327967,1,,,1,105,,327968,1,,,1,100,,327969,1,,,1,195,,327970,1,,,1
9400,'20261115',320,,327971,1,,,1,200,,327972,1,,,1,100,,327973,1,,,1,100,,327974,1,,,1,95,,327975,1,,,1,100,,327976,1,,,1,105,,327977,1,,,1,110,,327978,1,,,1,95,,327979,1,,,1,100,,327980,1,,,1,95,,327981,1,,,1,105,,327982,1,,,1,100,,327983,1,,,1,100,,327984,1,,,1,105,,327985,1,,,1,105,,327986,1,,,1,100,,327987,1,,,1,85,,327988,1,,,1,105,,327989,1,,,1,100,,327990,1,,,1,195,,327991,1,,,1
9400,'20261116',320,,327992,1,,,1,190,,327993,1,,,1,205,,327994,1,,,1,220,,327995,1,,,1,205,,327996,1,,,1,95,,327997,1,,,1,100,,327998,1,,,1,85,,327999,1,,,1,25,,328000,1,,,1,70,,328001,1,,,1,30,,328002,1,,,1,75,,328003,1,,,1,95,,328004,1,,,1,115,,328005,1,,,1,110,,328006,1,,,1,80,,328007,1,,,1,100,,328008,1,,,1,100,,328009,1,,,1,105,,328010,1,,,1,195,,328011,1,,,1
9400,'20261117',320,,328012,1,,,1,190,,328013,1,,,1,205,,328014,1,,,1,220,,328015,1,,,1,205,,328016,1,,,1,95,,328017,1,,,1,100,,328018,1,,,1,85,,328019,1,,,1,25,,328020,1,,,1,70,,328021,1,,,1,30,,328022,1,,,1,75,,328023,1,,,1,95,,328024,1,,,1,115,,328025,1,,,1,110,,328026,1,,,1,80,,328027,1,,,1,100,,328028,1,,,1,100,,328029,1,,,1,105,,328030,1,,,1,195,,328031,1,,,1
9400,'20261118',320,,328032,1,,,1,190,,328033,1,,,1,205,,328034,1,,,1,220,,328035,1,,,1,205,,328036,1,,,1,95,,328037,1,,,1,100,,328038,1,,,1,85,,328039,1,,,1,25,,328040,1,,,1,70,,328041,1,,,1,30,,328042,1,,,1,75,,328043,1,,,1,95,,328044,1,,,1,115,,328045,1,,,1,110,,328046,1,,,1,80,,328047,1,,,1,100,,328048,1,,,1,100,,328049,1,,,1,105,,328050,1,,,1,195,,328051,1,,,1
9400,'20261119',320,,328052,1,,,1,190,,328053,1,,,1,205,,328054,1,,,1,220,,328055,1,,,1,205,,328056,1,,,1,95,,328057,1,,,1,100,,328058,1,,,1,85,,328059,1,,,1,25,,328060,1,,,1,70,,328061,1,,,1,30,,328062,1,,,1,75,,328063,1,,,1,95,,328064,1,,,1,115,,328065,1,,,1,110,,328066,1,,,1,80,,328067,1,,,1,100,,328068,1,,,1,100,,328069,1,,,1,105,,328070,1,,,1,195,,328071,1,,,1
9400,'20261120',320,,328072,1,,,1,190,,328073,1,,,1,205,,328074,1,,,1,220,,328075,1,,,1,205,,328076,1,,,1,95,,328077,1,,,1,100,,328078,1,,,1,85,,328079,1,,,1,25,,328080,1,,,1,70,,328081,1,,,1,30,,328082,1,,,1,75,,328083,1,,,1,95,,328084,1,,,1,115,,328085,1,,,1,110,,328086,1,,,1,80,,328087,1,,,1,100,,328088,1,,,1,100,,328089,1,,,1,105,,328090,1,,,1,195,,328091,1,,,1
9400,'20261121',320,,328092,1,,,1,200,,328093,1,,,1,100,,328094,1,,,1,100,,328095,1,,,1,95,,328096,1,,,1,100,,328097,1,,,1,105,,328098,1,,,1,110,,328099,1,,,1,95,,328100,1,,,1,100,,328101,1,,,1,95,,328102,1,,,1,105,,328103,1,,,1,100,,328104,1,,,1,100,,328105,1,,,1,105,,328106,1,,,1,105,,328107,1,,,1,100,,328108,1,,,1,85,,328109,1,,,1,105,,328110,1,,,1,100,,328111,1,,,1,195,,328112,1,,,1
9400,'20261122',320,,328113,1,,,1,200,,328114,1,,,1,100,,328115,1,,,1,100,,328116,1,,,1,95,,328117,1,,,1,100,,328118,1,,,1,105,,328119,1,,,1,110,,328120,1,,,1,95,,328121,1,,,1,100,,328122,1,,,1,95,,328123,1,,,1,105,,328124,1,,,1,100,,328125,1,,,1,100,,328126,1,,,1,105,,328127,1,,,1,105,,328128,1,,,1,100,,328129,1,,,1,85,,328130,1,,,1,105,,328131,1,,,1,100,,328132,1,,,1,195,,328133,1,,,1
9400,'20261123',320,,328134,1,,,1,190,,328135,1,,,1,205,,328136,1,,,1,220,,328137,1,,,1,205,,328138,1,,,1,95,,328139,1,,,1,100,,328140,1,,,1,85,,328141,1,,,1,25,,328142,1,,,1,70,,328143,1,,,1,30,,328144,1,,,1,75,,328145,1,,,1,95,,328146,1,,,1,115,,328147,1,,,1,110,,328148,1,,,1,80,,328149,1,,,1,100,,328150,1,,,1,100,,328151,1,,,1,105,,328152,1,,,1,195,,328153,1,,,1
9400,'20261124',320,,328154,1,,,1,190,,328155,1,,,1,205,,328156,1,,,1,220,,328157,1,,,1,205,,328158,1,,,1,95,,328159,1,,,1,100,,328160,1,,,1,85,,328161,1,,,1,25,,328162,1,,,1,70,,328163,1,,,1,30,,328164,1,,,1,75,,328165,1,,,1,95,,328166,1,,,1,115,,328167,1,,,1,110,,328168,1,,,1,80,,328169,1,,,1,100,,328170,1,,,1,100,,328171,1,,,1,105,,328172,1,,,1,195,,328173,1,,,1
9400,'20261125',320,,328174,1,,,1,190,,328175,1,,,1,205,,328176,1,,,1,220,,328177,1,,,1,205,,328178,1,,,1,95,,328179,1,,,1,100,,328180,1,,,1,85,,328181,1,,,1,25,,328182,1,,,1,70,,328183,1,,,1,30,,328184,1,,,1,75,,328185,1,,,1,95,,328186,1,,,1,115,,328187,1,,,1,110,,328188,1,,,1,80,,328189,1,,,1,100,,328190,1,,,1,100,,328191,1,,,1,105,,328192,1,,,1,195,,328193,1,,,1
9400,'20261126',320,,328194,1,,,1,190,,328195,1,,,1,205,,328196,1,,,1,220,,328197,1,,,1,205,,328198,1,,,1,95,,328199,1,,,1,100,,328200,1,,,1,85,,328201,1,,,1,25,,328202,1,,,1,70,,328203,1,,,1,30,,328204,1,,,1,75,,328205,1,,,1,95,,328206,1,,,1,115,,328207,1,,,1,110,,328208,1,,,1,80,,328209,1,,,1,100,,328210,1,,,1,100,,328211,1,,,1,105,,328212,1,,,1,195,,328213,1,,,1
9400,'20261127',320,,328214,1,,,1,190,,328215,1,,,1,205,,328216,1,,,1,220,,328217,1,,,1,205,,328218,1,,,1,95,,328219,1,,,1,100,,328220,1,,,1,85,,328221,1,,,1,25,,328222,1,,,1,70,,328223,1,,,1,30,,328224,1,,,1,75,,328225,1,,,1,95,,328226,1,,,1,115,,328227,1,,,1,110,,328228,1,,,1,80,,328229,1,,,1,100,,328230,1,,,1,100,,328231,1,,,1,105,,328232,1,,,1,195,,328233,1,,,1
