4000,'20260831',447,,180431,16,0,31 42 9,1,100,,180432,16,0,31 42 9,1,95,,180433,16,0,31 42 9,1,70,,180434,16,0,49 50 51,1,35,,180436,16,0,49 50 51,1,5,,180435,17,0,37 42 9,1,55,,180437,16,0,49 50 51,1,15,,180438,16,0,49 50 51,1,24,,180439,17,0,37 42 9,1,6,,180440,16,0,49 50 51,1,55,,180441,16,0,49 50 51,1,15,,180442,16,0,49 50 51,1,29,,180443,17,0,37 42 9,1,6,,180444,16,0,49 50 51,1,60,,180445,16,0,49 50 51,1,20,,180446,16,0,49 50 51,1,15,,180447,16,0,31 42 9,1,80,,180448,17,0,52 49 50 51,1,20,,180449,16,0,49 50 51,1,75,,180450,16,0,49 50 51,1,25,,180451,16,0,31 42 9,1,80,,180452,17,0,52 49 50 51,1,20,,180453,16,0,49 50 51,1,70,,180454,16,0,49 50 51,1,20,,180455,16,0,49 50 51,1,65,,180456,16,0,31 42 9,1,25,,180457,16,0,49 50 51,1,71,,180458,17,0,37 42 9,1,14,,180459,16,0,49 50 51,1,15,,180460,16,0,31 42 9,1,71,,180461,17,0,37 42 9,1,14,,180462,16,0,49 50 51,1,20,,180463,16,0,49 50 51,1,15,,180464,16,0,49 50 51,1,61,,180465,17,0,37 42 9,1,4,,180466,16,0,49 50 51,1,10,,180467,16,0,49 50 51,1,10,,180468,16,0,49 50 51,1,66,,180469,17,0,37 42 9,1,9,,180470,16,0,49 50 51,1,20,,180471,16,0,49 50 51,1,20,,180472,16,0,49 50 51,1,74,,180473,17,0,37 42 9,1,21,,180474,16,0,49 50 51,1,65,,180475,16,0,31 42 9,1,30,,180476,16,0,49 50 51,1,100,,180477,16,0,31 42 9,1,100,,180478,16,0,49 50 51,1,105,,180479,16,0,31 42 9,1,200,,180480,16,0,31 42 9,1
4000,'20260901',447,,180481,16,0,31 42 9,1,100,,180482,16,0,31 42 9,1,95,,180483,16,0,31 42 9,1,70,,180484,16,0,49 50 51,1,35,,180486,16,0,49 50 51,1,5,,180485,17,0,37 42 9,1,55,,180487,16,0,49 50 51,1,15,,180488,16,0,49 50 51,1,24,,180489,17,0,37 42 9,1,6,,180490,16,0,49 50 51,1,55,,180491,16,0,49 50 51,1,15,,180492,16,0,49 50 51,1,29,,180493,17,0,37 42 9,1,6,,180494,16,0,49 50 51,1,60,,180495,16,0,49 50 51,1,20,,180496,16,0,49 50 51,1,15,,180497,16,0,31 42 9,1,80,,180498,17,0,52 49 50 51,1,20,,180499,16,0,49 50 51,1,75,,180500,16,0,49 50 51,1,25,,180501,16,0,31 42 9,1,80,,180502,17,0,52 49 50 51,1,20,,180503,16,0,49 50 51,1,70,,180504,16,0,49 50 51,1,20,,180505,16,0,49 50 51,1,65,,180506,16,0,31 42 9,1,25,,180507,16,0,49 50 51,1,71,,180508,17,0,37 42 9,1,14,,180509,16,0,49 50 51,1,15,,180510,16,0,31 42 9,1,71,,180511,17,0,37 42 9,1,14,,180512,16,0,49 50 51,1,20,,180513,16,0,49 50 51,1,15,,180514,16,0,49 50 51,1,61,,180515,17,0,37 42 9,1,4,,180516,16,0,49 50 51,1,10,,180517,16,0,49 50 51,1,10,,180518,16,0,49 50 51,1,66,,180519,17,0,37 42 9,1,9,,180520,16,0,49 50 51,1,20,,180521,16,0,49 50 51,1,20,,180522,16,0,49 50 51,1,74,,180523,17,0,37 42 9,1,21,,180524,16,0,49 50 51,1,65,,180525,16,0,31 42 9,1,30,,180526,16,0,49 50 51,1,100,,180527,16,0,31 42 9,1,100,,180528,16,0,49 50 51,1,105,,180529,16,0,31 42 9,1,200,,180530,16,0,31 42 9,1
4000,'20260902',447,,180531,16,0,31 42 9,1,100,,180532,16,0,31 42 9,1,95,,180533,16,0,31 42 9,1,70,,180534,16,0,49 50 51,1,35,,180536,16,0,49 50 51,1,5,,180535,17,0,37 42 9,1,55,,180537,16,0,49 50 51,1,15,,180538,16,0,49 50 51,1,24,,180539,17,0,37 42 9,1,6,,180540,16,0,49 50 51,1,55,,180541,16,0,49 50 51,1,15,,180542,16,0,49 50 51,1,29,,180543,17,0,37 42 9,1,6,,180544,16,0,49 50 51,1,60,,180545,16,0,49 50 51,1,20,,180546,16,0,49 50 51,1,15,,180547,16,0,31 42 9,1,80,,180548,17,0,52 49 50 51,1,20,,180549,16,0,49 50 51,1,75,,180550,16,0,49 50 51,1,25,,180551,16,0,31 42 9,1,80,,180552,17,0,52 49 50 51,1,20,,180553,16,0,49 50 51,1,70,,180554,16,0,49 50 51,1,20,,180555,16,0,49 50 51,1,65,,180556,16,0,31 42 9,1,25,,180557,16,0,49 50 51,1,71,,180558,17,0,37 42 9,1,14,,180559,16,0,49 50 51,1,15,,180560,16,0,31 42 9,1,71,,180561,17,0,37 42 9,1,14,,180562,16,0,49 50 51,1,20,,180563,16,0,49 50 51,1,15,,180564,16,0,49 50 51,1,61,,180565,17,0,37 42 9,1,4,,180566,16,0,49 50 51,1,10,,180567,16,0,49 50 51,1,10,,180568,16,0,49 50 51,1,66,,180569,17,0,37 42 9,1,9,,180570,16,0,49 50 51,1,20,,180571,16,0,49 50 51,1,20,,180572,16,0,49 50 51,1,74,,180573,17,0,37 42 9,1,21,,180574,16,0,49 50 51,1,65,,180575,16,0,31 42 9,1,30,,180576,16,0,49 50 51,1,100,,180577,16,0,31 42 9,1,100,,180578,16,0,49 50 51,1,105,,180579,16,0,31 42 9,1,200,,180580,16,0,31 42 9,1
4000,'20260903',447,,180581,16,0,31 42 9,1,100,,180582,16,0,31 42 9,1,95,,180583,16,0,31 42 9,1,70,,180584,16,0,49 50 51,1,35,,180586,16,0,49 50 51,1,5,,180585,17,0,37 42 9,1,55,,180587,16,0,49 50 51,1,15,,180588,16,0,49 50 51,1,24,,180589,17,0,37 42 9,1,6,,180590,16,0,49 50 51,1,55,,180591,16,0,49 50 51,1,15,,180592,16,0,49 50 51,1,29,,180593,17,0,37 42 9,1,6,,180594,16,0,49 50 51,1,60,,180595,16,0,49 50 51,1,20,,180596,16,0,49 50 51,1,15,,180597,16,0,31 42 9,1,80,,180598,17,0,52 49 50 51,1,20,,180599,16,0,49 50 51,1,75,,180600,16,0,49 50 51,1,25,,180601,16,0,31 42 9,1,80,,180602,17,0,52 49 50 51,1,20,,180603,16,0,49 50 51,1,70,,180604,16,0,49 50 51,1,20,,180605,16,0,49 50 51,1,65,,180606,16,0,31 42 9,1,25,,180607,16,0,49 50 51,1,71,,180608,17,0,37 42 9,1,14,,180609,16,0,49 50 51,1,15,,180610,16,0,31 42 9,1,71,,180611,17,0,37 42 9,1,14,,180612,16,0,49 50 51,1,20,,180613,16,0,49 50 51,1,15,,180614,16,0,49 50 51,1,61,,180615,17,0,37 42 9,1,4,,180616,16,0,49 50 51,1,10,,180617,16,0,49 50 51,1,10,,180618,16,0,49 50 51,1,66,,180619,17,0,37 42 9,1,9,,180620,16,0,49 50 51,1,20,,180621,16,0,49 50 51,1,20,,180622,16,0,49 50 51,1,74,,180623,17,0,37 42 9,1,21,,180624,16,0,49 50 51,1,65,,180625,16,0,31 42 9,1,30,,180626,16,0,49 50 51,1,100,,180627,16,0,31 42 9,1,100,,180628,16,0,49 50 51,1,105,,180629,16,0,31 42 9,1,200,,180630,16,0,31 42 9,1
4000,'20260904',447,,180631,16,0,31 42 9,1,100,,180632,16,0,31 42 9,1,95,,180633,16,0,31 42 9,1,70,,180634,16,0,49 50 51,1,35,,180636,16,0,49 50 51,1,5,,180635,17,0,37 42 9,1,55,,180637,16,0,49 50 51,1,15,,180638,16,0,49 50 51,1,24,,180639,17,0,37 42 9,1,6,,180640,16,0,49 50 51,1,55,,180641,16,0,49 50 51,1,15,,180642,16,0,49 50 51,1,29,,180643,17,0,37 42 9,1,6,,180644,16,0,49 50 51,1,60,,180645,16,0,49 50 51,1,20,,180646,16,0,49 50 51,1,15,,180647,16,0,31 42 9,1,80,,180648,17,0,52 49 50 51,1,20,,180649,16,0,49 50 51,1,75,,180650,16,0,49 50 51,1,25,,180651,16,0,31 42 9,1,80,,180652,17,0,52 49 50 51,1,20,,180653,16,0,49 50 51,1,70,,180654,16,0,49 50 51,1,20,,180655,16,0,49 50 51,1,65,,180656,16,0,31 42 9,1,25,,180657,16,0,49 50 51,1,71,,180658,17,0,37 42 9,1,14,,180659,16,0,49 50 51,1,15,,180660,16,0,31 42 9,1,71,,180661,17,0,37 42 9,1,14,,180662,16,0,49 50 51,1,20,,180663,16,0,49 50 51,1,15,,180664,16,0,49 50 51,1,61,,180665,17,0,37 42 9,1,4,,180666,16,0,49 50 51,1,10,,180667,16,0,49 50 51,1,10,,180668,16,0,49 50 51,1,66,,180669,17,0,37 42 9,1,9,,180670,16,0,49 50 51,1,20,,180671,16,0,49 50 51,1,20,,180672,16,0,49 50 51,1,74,,180673,17,0,37 42 9,1,21,,180674,16,0,49 50 51,1,65,,180675,16,0,31 42 9,1,30,,180676,16,0,49 50 51,1,100,,180677,16,0,31 42 9,1,100,,180678,16,0,49 50 51,1,105,,180679,16,0,31 42 9,1,200,,180680,16,0,31 42 9,1
4000,'20260905',447,,279917,16,0,31 42 9,1,200,,279918,16,0,31 42 9,1,100,,279919,16,0,31 42 9,1,105,,279920,16,0,49 50 51,1,100,,279921,16,0,31 42 9,1,70,,279922,16,0,49 50 51,1,30,,279923,16,0,49 50 51,1,70,,279924,16,0,49 50 51,1,30,,279925,16,0,31 42 9,1,70,,279926,16,0,49 50 51,1,30,,279927,16,0,49 50 51,1,70,,279928,16,0,49 50 51,1,30,,279929,16,0,31 42 9,1,70,,279930,16,0,49 50 51,1,30,,279931,16,0,49 50 51,1,70,,279932,16,0,49 50 51,1,20,,279933,16,0,49 50 51,1,60,,279934,16,0,31 42 9,1,20,,279935,16,0,49 50 51,1,20,,279936,16,0,49 50 51,1,60,,279937,16,0,31 42 9,1,20,,279938,16,0,49 50 51,1,20,,279939,16,0,49 50 51,1,60,,279940,16,0,31 42 9,1,20,,279941,16,0,49 50 51,1,20,,279942,16,0,49 50 51,1,60,,279943,16,0,31 42 9,1,20,,279944,16,0,49 50 51,1,20,,279945,16,0,49 50 51,1,60,,279946,16,0,31 42 9,1,15,,279947,16,0,49 50 51,1,20,,279948,16,0,49 50 51,1,20,,279949,16,0,31 42 9,1,65,,279950,16,0,49 50 51,1,30,,279951,16,0,49 50 51,1,100,,279952,16,0,31 42 9,1,95,,279953,16,0,49 50 51,1,100,,279954,16,0,31 42 9,1,200,,279955,16,0,31 42 9,1
4000,'20260906',447,,279956,16,0,31 42 9,1,200,,279957,16,0,31 42 9,1,100,,279958,16,0,31 42 9,1,105,,279959,16,0,49 50 51,1,100,,279960,16,0,31 42 9,1,70,,279961,16,0,49 50 51,1,30,,279962,16,0,49 50 51,1,70,,279963,16,0,49 50 51,1,30,,279964,16,0,31 42 9,1,70,,279965,16,0,49 50 51,1,30,,279966,16,0,49 50 51,1,70,,279967,16,0,49 50 51,1,30,,279968,16,0,31 42 9,1,70,,279969,16,0,49 50 51,1,30,,279970,16,0,49 50 51,1,70,,279971,16,0,49 50 51,1,20,,279972,16,0,49 50 51,1,60,,279973,16,0,31 42 9,1,20,,279974,16,0,49 50 51,1,20,,279975,16,0,49 50 51,1,60,,279976,16,0,31 42 9,1,20,,279977,16,0,49 50 51,1,20,,279978,16,0,49 50 51,1,60,,279979,16,0,31 42 9,1,20,,279980,16,0,49 50 51,1,20,,279981,16,0,49 50 51,1,60,,279982,16,0,31 42 9,1,20,,279983,16,0,49 50 51,1,20,,279984,16,0,49 50 51,1,60,,279985,16,0,31 42 9,1,15,,279986,16,0,49 50 51,1,20,,279987,16,0,49 50 51,1,20,,279988,16,0,31 42 9,1,65,,279989,16,0,49 50 51,1,30,,279990,16,0,49 50 51,1,100,,279991,16,0,31 42 9,1,95,,279992,16,0,49 50 51,1,100,,279993,16,0,31 42 9,1,200,,279994,16,0,31 42 9,1
4000,'20260907',447,,279995,16,0,31 42 9,1,200,,279996,16,0,31 42 9,1,100,,279997,16,0,31 42 9,1,105,,279998,16,0,49 50 51,1,100,,279999,16,0,31 42 9,1,70,,280000,16,0,49 50 51,1,30,,280001,16,0,49 50 51,1,70,,280002,16,0,49 50 51,1,30,,280003,16,0,31 42 9,1,70,,280004,16,0,49 50 51,1,30,,280005,16,0,49 50 51,1,70,,280006,16,0,49 50 51,1,30,,280007,16,0,31 42 9,1,70,,280008,16,0,49 50 51,1,30,,280009,16,0,49 50 51,1,70,,280010,16,0,49 50 51,1,20,,280011,16,0,49 50 51,1,60,,280012,16,0,31 42 9,1,20,,280013,16,0,49 50 51,1,20,,280014,16,0,49 50 51,1,60,,280015,16,0,31 42 9,1,20,,280016,16,0,49 50 51,1,20,,280017,16,0,49 50 51,1,60,,280018,16,0,31 42 9,1,20,,280019,16,0,49 50 51,1,20,,280020,16,0,49 50 51,1,60,,280021,16,0,31 42 9,1,20,,280022,16,0,49 50 51,1,20,,280023,16,0,49 50 51,1,60,,280024,16,0,31 42 9,1,15,,280025,16,0,49 50 51,1,20,,280026,16,0,49 50 51,1,20,,280027,16,0,31 42 9,1,65,,280028,16,0,49 50 51,1,30,,280029,16,0,49 50 51,1,100,,280030,16,0,31 42 9,1,95,,280031,16,0,49 50 51,1,100,,280032,16,0,31 42 9,1,200,,280033,16,0,31 42 9,1
4000,'20260908',447,,280034,16,0,31 42 9,1,100,,280035,16,0,31 42 9,1,95,,280036,16,0,31 42 9,1,70,,280037,16,0,49 50 51,1,34,,280038,17,0,37 42 9,1,6,,280039,16,0,49 50 51,1,60,,280040,16,0,49 50 51,1,10,,280041,16,0,49 50 51,1,24,,280042,17,0,37 42 9,1,6,,280043,16,0,49 50 51,1,55,,280044,16,0,49 50 51,1,20,,280045,16,0,49 50 51,1,24,,280046,17,0,37 42 9,1,6,,280047,16,0,49 50 51,1,60,,280048,16,0,49 50 51,1,20,,280049,16,0,49 50 51,1,15,,280050,16,0,31 42 9,1,80,,280051,17,0,52 49 50 51,1,20,,280052,16,0,49 50 51,1,75,,280053,16,0,49 50 51,1,25,,280054,16,0,31 42 9,1,80,,280055,17,0,52 49 50 51,1,20,,280056,16,0,49 50 51,1,70,,280057,16,0,49 50 51,1,20,,280058,16,0,49 50 51,1,65,,280059,16,0,31 42 9,1,30,,280060,16,0,31 42 9,1,71,,280061,17,0,37 42 9,1,9,,280062,16,0,49 50 51,1,20,,280063,16,0,31 42 9,1,71,,280064,17,0,37 42 9,1,9,,280065,16,0,49 50 51,1,20,,280066,16,0,49 50 51,1,13,,280067,16,0,31 42 9,1,61,,280068,17,0,37 42 9,1,6,,280069,16,0,49 50 51,1,10,,280070,16,0,49 50 51,1,10,,280071,16,0,49 50 51,1,66,,280072,17,0,37 42 9,1,9,,280073,16,0,49 50 51,1,25,,280074,16,0,49 50 51,1,20,,280075,16,0,49 50 51,1,74,,280076,17,0,37 42 9,1,16,,280077,16,0,49 50 51,1,65,,280078,16,0,31 42 9,1,30,,280079,16,0,49 50 51,1,105,,280080,16,0,31 42 9,1,100,,280081,16,0,49 50 51,1,100,,280082,16,0,31 42 9,1,200,,280083,16,0,31 42 9,1
4000,'20260909',447,,280084,16,0,31 42 9,1,100,,280085,16,0,31 42 9,1,95,,280086,16,0,31 42 9,1,70,,280087,16,0,49 50 51,1,34,,280088,17,0,37 42 9,1,6,,280089,16,0,49 50 51,1,60,,280090,16,0,49 50 51,1,10,,280091,16,0,49 50 51,1,24,,280092,17,0,37 42 9,1,6,,280093,16,0,49 50 51,1,55,,280094,16,0,49 50 51,1,20,,280095,16,0,49 50 51,1,24,,280096,17,0,37 42 9,1,6,,280097,16,0,49 50 51,1,60,,280098,16,0,49 50 51,1,20,,280099,16,0,49 50 51,1,15,,280100,16,0,31 42 9,1,80,,280101,17,0,52 49 50 51,1,20,,280102,16,0,49 50 51,1,75,,280103,16,0,49 50 51,1,25,,280104,16,0,31 42 9,1,80,,280105,17,0,52 49 50 51,1,20,,280106,16,0,49 50 51,1,70,,280107,16,0,49 50 51,1,20,,280108,16,0,49 50 51,1,65,,280109,16,0,31 42 9,1,30,,280110,16,0,31 42 9,1,71,,280111,17,0,37 42 9,1,9,,280112,16,0,49 50 51,1,20,,280113,16,0,31 42 9,1,71,,280114,17,0,37 42 9,1,9,,280115,16,0,49 50 51,1,20,,280116,16,0,49 50 51,1,13,,280117,16,0,31 42 9,1,61,,280118,17,0,37 42 9,1,6,,280119,16,0,49 50 51,1,10,,280120,16,0,49 50 51,1,10,,280121,16,0,49 50 51,1,66,,280122,17,0,37 42 9,1,9,,280123,16,0,49 50 51,1,25,,280124,16,0,49 50 51,1,20,,280125,16,0,49 50 51,1,74,,280126,17,0,37 42 9,1,16,,280127,16,0,49 50 51,1,65,,280128,16,0,31 42 9,1,30,,280129,16,0,49 50 51,1,105,,280130,16,0,31 42 9,1,100,,280131,16,0,49 50 51,1,100,,280132,16,0,31 42 9,1,200,,280133,16,0,31 42 9,1
4000,'20260910',447,,280134,16,0,31 42 9,1,100,,280135,16,0,31 42 9,1,95,,280136,16,0,31 42 9,1,70,,280137,16,0,49 50 51,1,34,,280138,17,0,37 42 9,1,6,,280139,16,0,49 50 51,1,60,,280140,16,0,49 50 51,1,10,,280141,16,0,49 50 51,1,24,,280142,17,0,37 42 9,1,6,,280143,16,0,49 50 51,1,55,,280144,16,0,49 50 51,1,20,,280145,16,0,49 50 51,1,24,,280146,17,0,37 42 9,1,6,,280147,16,0,49 50 51,1,60,,280148,16,0,49 50 51,1,20,,280149,16,0,49 50 51,1,15,,280150,16,0,31 42 9,1,80,,280151,17,0,52 49 50 51,1,20,,280152,16,0,49 50 51,1,75,,280153,16,0,49 50 51,1,25,,280154,16,0,31 42 9,1,80,,280155,17,0,52 49 50 51,1,20,,280156,16,0,49 50 51,1,70,,280157,16,0,49 50 51,1,20,,280158,16,0,49 50 51,1,65,,280159,16,0,31 42 9,1,30,,280160,16,0,31 42 9,1,71,,280161,17,0,37 42 9,1,9,,280162,16,0,49 50 51,1,20,,280163,16,0,31 42 9,1,71,,280164,17,0,37 42 9,1,9,,280165,16,0,49 50 51,1,20,,280166,16,0,49 50 51,1,13,,280167,16,0,31 42 9,1,61,,280168,17,0,37 42 9,1,6,,280169,16,0,49 50 51,1,10,,280170,16,0,49 50 51,1,10,,280171,16,0,49 50 51,1,66,,280172,17,0,37 42 9,1,9,,280173,16,0,49 50 51,1,25,,280174,16,0,49 50 51,1,20,,280175,16,0,49 50 51,1,74,,280176,17,0,37 42 9,1,16,,280177,16,0,49 50 51,1,65,,280178,16,0,31 42 9,1,30,,280179,16,0,49 50 51,1,105,,280180,16,0,31 42 9,1,100,,280181,16,0,49 50 51,1,100,,280182,16,0,31 42 9,1,200,,280183,16,0,31 42 9,1
4000,'20260911',447,,280184,16,0,31 42 9,1,100,,280185,16,0,31 42 9,1,95,,280186,16,0,31 42 9,1,70,,280187,16,0,49 50 51,1,34,,280188,17,0,37 42 9,1,6,,280189,16,0,49 50 51,1,60,,280190,16,0,49 50 51,1,10,,280191,16,0,49 50 51,1,24,,280192,17,0,37 42 9,1,6,,280193,16,0,49 50 51,1,55,,280194,16,0,49 50 51,1,20,,280195,16,0,49 50 51,1,24,,280196,17,0,37 42 9,1,6,,280197,16,0,49 50 51,1,60,,280198,16,0,49 50 51,1,20,,280199,16,0,49 50 51,1,15,,280200,16,0,31 42 9,1,80,,280201,17,0,52 49 50 51,1,20,,280202,16,0,49 50 51,1,75,,280203,16,0,49 50 51,1,25,,280204,16,0,31 42 9,1,80,,280205,17,0,52 49 50 51,1,20,,280206,16,0,49 50 51,1,70,,280207,16,0,49 50 51,1,20,,280208,16,0,49 50 51,1,65,,280209,16,0,31 42 9,1,30,,280210,16,0,31 42 9,1,71,,280211,17,0,37 42 9,1,9,,280212,16,0,49 50 51,1,20,,280213,16,0,31 42 9,1,71,,280214,17,0,37 42 9,1,9,,280215,16,0,49 50 51,1,20,,280216,16,0,49 50 51,1,13,,280217,16,0,31 42 9,1,61,,280218,17,0,37 42 9,1,6,,280219,16,0,49 50 51,1,10,,280220,16,0,49 50 51,1,10,,280221,16,0,49 50 51,1,66,,280222,17,0,37 42 9,1,9,,280223,16,0,49 50 51,1,25,,280224,16,0,49 50 51,1,20,,280225,16,0,49 50 51,1,74,,280226,17,0,37 42 9,1,16,,280227,16,0,49 50 51,1,65,,280228,16,0,31 42 9,1,30,,280229,16,0,49 50 51,1,105,,280230,16,0,31 42 9,1,100,,280231,16,0,49 50 51,1,100,,280232,16,0,31 42 9,1,200,,280233,16,0,31 42 9,1
4000,'20260912',447,,280234,16,0,31 42 9,1,200,,280235,16,0,31 42 9,1,100,,280236,16,0,31 42 9,1,105,,280237,16,0,49 50 51,1,100,,280238,16,0,31 42 9,1,70,,280239,16,0,49 50 51,1,30,,280240,16,0,49 50 51,1,70,,280241,16,0,49 50 51,1,30,,280242,16,0,31 42 9,1,70,,280243,16,0,49 50 51,1,30,,280244,16,0,49 50 51,1,70,,280245,16,0,49 50 51,1,30,,280246,16,0,31 42 9,1,70,,280247,16,0,49 50 51,1,30,,280248,16,0,49 50 51,1,70,,280249,16,0,49 50 51,1,20,,280250,16,0,49 50 51,1,60,,280251,16,0,31 42 9,1,20,,280252,16,0,49 50 51,1,20,,280253,16,0,49 50 51,1,60,,280254,16,0,31 42 9,1,20,,280255,16,0,49 50 51,1,20,,280256,16,0,49 50 51,1,60,,280257,16,0,31 42 9,1,20,,280258,16,0,49 50 51,1,20,,280259,16,0,49 50 51,1,60,,280260,16,0,31 42 9,1,20,,280261,16,0,49 50 51,1,20,,280262,16,0,49 50 51,1,60,,280263,16,0,31 42 9,1,15,,280264,16,0,49 50 51,1,20,,280265,16,0,49 50 51,1,20,,280266,16,0,31 42 9,1,65,,280267,16,0,49 50 51,1,30,,280268,16,0,49 50 51,1,100,,280269,16,0,31 42 9,1,95,,280270,16,0,49 50 51,1,100,,280271,16,0,31 42 9,1,200,,280272,16,0,31 42 9,1
4000,'20260913',447,,280273,16,0,31 42 9,1,200,,280274,16,0,31 42 9,1,100,,280275,16,0,31 42 9,1,105,,280276,16,0,49 50 51,1,100,,280277,16,0,31 42 9,1,70,,280278,16,0,49 50 51,1,30,,280279,16,0,49 50 51,1,70,,280280,16,0,49 50 51,1,30,,280281,16,0,31 42 9,1,70,,280282,16,0,49 50 51,1,30,,280283,16,0,49 50 51,1,70,,280284,16,0,49 50 51,1,30,,280285,16,0,31 42 9,1,70,,280286,16,0,49 50 51,1,30,,280287,16,0,49 50 51,1,70,,280288,16,0,49 50 51,1,20,,280289,16,0,49 50 51,1,60,,280290,16,0,31 42 9,1,20,,280291,16,0,49 50 51,1,20,,280292,16,0,49 50 51,1,60,,280293,16,0,31 42 9,1,20,,280294,16,0,49 50 51,1,20,,280295,16,0,49 50 51,1,60,,280296,16,0,31 42 9,1,20,,280297,16,0,49 50 51,1,20,,280298,16,0,49 50 51,1,60,,280299,16,0,31 42 9,1,20,,280300,16,0,49 50 51,1,20,,280301,16,0,49 50 51,1,60,,280302,16,0,31 42 9,1,15,,280303,16,0,49 50 51,1,20,,280304,16,0,49 50 51,1,20,,280305,16,0,31 42 9,1,65,,280306,16,0,49 50 51,1,30,,280307,16,0,49 50 51,1,100,,280308,16,0,31 42 9,1,95,,280309,16,0,49 50 51,1,100,,280310,16,0,31 42 9,1,200,,280311,16,0,31 42 9,1
4000,'20260914',447,,280312,16,0,31 42 9,1,100,,280313,16,0,31 42 9,1,95,,280314,16,0,31 42 9,1,70,,280315,16,0,49 50 51,1,34,,280316,17,0,37 42 9,1,6,,280317,16,0,49 50 51,1,60,,280318,16,0,49 50 51,1,10,,280319,16,0,49 50 51,1,24,,280320,17,0,37 42 9,1,6,,280321,16,0,49 50 51,1,55,,280322,16,0,49 50 51,1,20,,280323,16,0,49 50 51,1,24,,280324,17,0,37 42 9,1,6,,280325,16,0,49 50 51,1,60,,280326,16,0,49 50 51,1,20,,280327,16,0,49 50 51,1,15,,280328,16,0,31 42 9,1,80,,280329,17,0,52 49 50 51,1,20,,280330,16,0,49 50 51,1,75,,280331,16,0,49 50 51,1,25,,280332,16,0,31 42 9,1,80,,280333,17,0,52 49 50 51,1,20,,280334,16,0,49 50 51,1,70,,280335,16,0,49 50 51,1,20,,280336,16,0,49 50 51,1,65,,280337,16,0,31 42 9,1,30,,280338,16,0,31 42 9,1,71,,280339,17,0,37 42 9,1,9,,280340,16,0,49 50 51,1,20,,280341,16,0,31 42 9,1,71,,280342,17,0,37 42 9,1,9,,280343,16,0,49 50 51,1,20,,280344,16,0,49 50 51,1,13,,280345,16,0,31 42 9,1,61,,280346,17,0,37 42 9,1,6,,280347,16,0,49 50 51,1,10,,280348,16,0,49 50 51,1,10,,280349,16,0,49 50 51,1,66,,280350,17,0,37 42 9,1,9,,280351,16,0,49 50 51,1,25,,280352,16,0,49 50 51,1,20,,280353,16,0,49 50 51,1,74,,280354,17,0,37 42 9,1,16,,280355,16,0,49 50 51,1,65,,280356,16,0,31 42 9,1,30,,280357,16,0,49 50 51,1,105,,280358,16,0,31 42 9,1,100,,280359,16,0,49 50 51,1,100,,280360,16,0,31 42 9,1,200,,280361,16,0,31 42 9,1
4000,'20260915',447,,280362,16,0,31 42 9,1,100,,280363,16,0,31 42 9,1,95,,280364,16,0,31 42 9,1,70,,280365,16,0,49 50 51,1,34,,280366,17,0,37 42 9,1,6,,280367,16,0,49 50 51,1,60,,280368,16,0,49 50 51,1,10,,280369,16,0,49 50 51,1,24,,280370,17,0,37 42 9,1,6,,280371,16,0,49 50 51,1,55,,280372,16,0,49 50 51,1,20,,280373,16,0,49 50 51,1,24,,280374,17,0,37 42 9,1,6,,280375,16,0,49 50 51,1,60,,280376,16,0,49 50 51,1,20,,280377,16,0,49 50 51,1,15,,280378,16,0,31 42 9,1,80,,280379,17,0,52 49 50 51,1,20,,280380,16,0,49 50 51,1,75,,280381,16,0,49 50 51,1,25,,280382,16,0,31 42 9,1,80,,280383,17,0,52 49 50 51,1,20,,280384,16,0,49 50 51,1,70,,280385,16,0,49 50 51,1,20,,280386,16,0,49 50 51,1,65,,280387,16,0,31 42 9,1,30,,280388,16,0,31 42 9,1,71,,280389,17,0,37 42 9,1,9,,280390,16,0,49 50 51,1,20,,280391,16,0,31 42 9,1,71,,280392,17,0,37 42 9,1,9,,280393,16,0,49 50 51,1,20,,280394,16,0,49 50 51,1,13,,280395,16,0,31 42 9,1,61,,280396,17,0,37 42 9,1,6,,280397,16,0,49 50 51,1,10,,280398,16,0,49 50 51,1,10,,280399,16,0,49 50 51,1,66,,280400,17,0,37 42 9,1,9,,280401,16,0,49 50 51,1,25,,280402,16,0,49 50 51,1,20,,280403,16,0,49 50 51,1,74,,280404,17,0,37 42 9,1,16,,280405,16,0,49 50 51,1,65,,280406,16,0,31 42 9,1,30,,280407,16,0,49 50 51,1,105,,280408,16,0,31 42 9,1,100,,280409,16,0,49 50 51,1,100,,280410,16,0,31 42 9,1,200,,280411,16,0,31 42 9,1
4000,'20260916',447,,280412,16,0,31 42 9,1,100,,280413,16,0,31 42 9,1,95,,280414,16,0,31 42 9,1,70,,280415,16,0,49 50 51,1,34,,280416,17,0,37 42 9,1,6,,280417,16,0,49 50 51,1,60,,280418,16,0,49 50 51,1,10,,280419,16,0,49 50 51,1,24,,280420,17,0,37 42 9,1,6,,280421,16,0,49 50 51,1,55,,280422,16,0,49 50 51,1,20,,280423,16,0,49 50 51,1,24,,280424,17,0,37 42 9,1,6,,280425,16,0,49 50 51,1,60,,280426,16,0,49 50 51,1,20,,280427,16,0,49 50 51,1,15,,280428,16,0,31 42 9,1,80,,280429,17,0,52 49 50 51,1,20,,280430,16,0,49 50 51,1,75,,280431,16,0,49 50 51,1,25,,280432,16,0,31 42 9,1,80,,280433,17,0,52 49 50 51,1,20,,280434,16,0,49 50 51,1,70,,280435,16,0,49 50 51,1,20,,280436,16,0,49 50 51,1,65,,280437,16,0,31 42 9,1,30,,280438,16,0,31 42 9,1,71,,280439,17,0,37 42 9,1,9,,280440,16,0,49 50 51,1,20,,280441,16,0,31 42 9,1,71,,280442,17,0,37 42 9,1,9,,280443,16,0,49 50 51,1,20,,280444,16,0,49 50 51,1,13,,280445,16,0,31 42 9,1,61,,280446,17,0,37 42 9,1,6,,280447,16,0,49 50 51,1,10,,280448,16,0,49 50 51,1,10,,280449,16,0,49 50 51,1,66,,280450,17,0,37 42 9,1,9,,280451,16,0,49 50 51,1,25,,280452,16,0,49 50 51,1,20,,280453,16,0,49 50 51,1,74,,280454,17,0,37 42 9,1,16,,280455,16,0,49 50 51,1,65,,280456,16,0,31 42 9,1,30,,280457,16,0,49 50 51,1,105,,280458,16,0,31 42 9,1,100,,280459,16,0,49 50 51,1,100,,280460,16,0,31 42 9,1,200,,280461,16,0,31 42 9,1
4000,'20260917',447,,280462,16,0,31 42 9,1,100,,280463,16,0,31 42 9,1,95,,280464,16,0,31 42 9,1,70,,280465,16,0,49 50 51,1,34,,280466,17,0,37 42 9,1,6,,280467,16,0,49 50 51,1,60,,280468,16,0,49 50 51,1,10,,280469,16,0,49 50 51,1,24,,280470,17,0,37 42 9,1,6,,280471,16,0,49 50 51,1,55,,280472,16,0,49 50 51,1,20,,280473,16,0,49 50 51,1,24,,280474,17,0,37 42 9,1,6,,280475,16,0,49 50 51,1,60,,280476,16,0,49 50 51,1,20,,280477,16,0,49 50 51,1,15,,280478,16,0,31 42 9,1,80,,280479,17,0,52 49 50 51,1,20,,280480,16,0,49 50 51,1,75,,280481,16,0,49 50 51,1,25,,280482,16,0,31 42 9,1,80,,280483,17,0,52 49 50 51,1,20,,280484,16,0,49 50 51,1,70,,280485,16,0,49 50 51,1,20,,280486,16,0,49 50 51,1,65,,280487,16,0,31 42 9,1,30,,280488,16,0,31 42 9,1,71,,280489,17,0,37 42 9,1,9,,280490,16,0,49 50 51,1,20,,280491,16,0,31 42 9,1,71,,280492,17,0,37 42 9,1,9,,280493,16,0,49 50 51,1,20,,280494,16,0,49 50 51,1,13,,280495,16,0,31 42 9,1,61,,280496,17,0,37 42 9,1,6,,280497,16,0,49 50 51,1,10,,280498,16,0,49 50 51,1,10,,280499,16,0,49 50 51,1,66,,280500,17,0,37 42 9,1,9,,280501,16,0,49 50 51,1,25,,280502,16,0,49 50 51,1,20,,280503,16,0,49 50 51,1,74,,280504,17,0,37 42 9,1,16,,280505,16,0,49 50 51,1,65,,280506,16,0,31 42 9,1,30,,280507,16,0,49 50 51,1,105,,280508,16,0,31 42 9,1,100,,280509,16,0,49 50 51,1,100,,280510,16,0,31 42 9,1,200,,280511,16,0,31 42 9,1
4000,'20260918',447,,280512,16,0,31 42 9,1,100,,280513,16,0,31 42 9,1,95,,280514,16,0,31 42 9,1,70,,280515,16,0,49 50 51,1,34,,280516,17,0,37 42 9,1,6,,280517,16,0,49 50 51,1,60,,280518,16,0,49 50 51,1,10,,280519,16,0,49 50 51,1,24,,280520,17,0,37 42 9,1,6,,280521,16,0,49 50 51,1,55,,280522,16,0,49 50 51,1,20,,280523,16,0,49 50 51,1,24,,280524,17,0,37 42 9,1,6,,280525,16,0,49 50 51,1,60,,280526,16,0,49 50 51,1,20,,280527,16,0,49 50 51,1,15,,280528,16,0,31 42 9,1,80,,280529,17,0,52 49 50 51,1,20,,280530,16,0,49 50 51,1,75,,280531,16,0,49 50 51,1,25,,280532,16,0,31 42 9,1,80,,280533,17,0,52 49 50 51,1,20,,280534,16,0,49 50 51,1,70,,280535,16,0,49 50 51,1,20,,280536,16,0,49 50 51,1,65,,280537,16,0,31 42 9,1,30,,280538,16,0,31 42 9,1,71,,280539,17,0,37 42 9,1,9,,280540,16,0,49 50 51,1,20,,280541,16,0,31 42 9,1,71,,280542,17,0,37 42 9,1,9,,280543,16,0,49 50 51,1,20,,280544,16,0,49 50 51,1,13,,280545,16,0,31 42 9,1,61,,280546,17,0,37 42 9,1,6,,280547,16,0,49 50 51,1,10,,280548,16,0,49 50 51,1,10,,280549,16,0,49 50 51,1,66,,280550,17,0,37 42 9,1,9,,280551,16,0,49 50 51,1,25,,280552,16,0,49 50 51,1,20,,280553,16,0,49 50 51,1,74,,280554,17,0,37 42 9,1,16,,280555,16,0,49 50 51,1,65,,280556,16,0,31 42 9,1,30,,280557,16,0,49 50 51,1,105,,280558,16,0,31 42 9,1,100,,280559,16,0,49 50 51,1,100,,280560,16,0,31 42 9,1,200,,280561,16,0,31 42 9,1
4000,'20260919',447,,280562,16,0,31 42 9,1,200,,280563,16,0,31 42 9,1,100,,280564,16,0,31 42 9,1,105,,280565,16,0,49 50 51,1,100,,280566,16,0,31 42 9,1,70,,280567,16,0,49 50 51,1,30,,280568,16,0,49 50 51,1,70,,280569,16,0,49 50 51,1,30,,280570,16,0,31 42 9,1,70,,280571,16,0,49 50 51,1,30,,280572,16,0,49 50 51,1,70,,280573,16,0,49 50 51,1,30,,280574,16,0,31 42 9,1,70,,280575,16,0,49 50 51,1,30,,280576,16,0,49 50 51,1,70,,280577,16,0,49 50 51,1,20,,280578,16,0,49 50 51,1,60,,280579,16,0,31 42 9,1,20,,280580,16,0,49 50 51,1,20,,280581,16,0,49 50 51,1,60,,280582,16,0,31 42 9,1,20,,280583,16,0,49 50 51,1,20,,280584,16,0,49 50 51,1,60,,280585,16,0,31 42 9,1,20,,280586,16,0,49 50 51,1,20,,280587,16,0,49 50 51,1,60,,280588,16,0,31 42 9,1,20,,280589,16,0,49 50 51,1,20,,280590,16,0,49 50 51,1,60,,280591,16,0,31 42 9,1,15,,280592,16,0,49 50 51,1,20,,280593,16,0,49 50 51,1,20,,280594,16,0,31 42 9,1,65,,280595,16,0,49 50 51,1,30,,280596,16,0,49 50 51,1,100,,280597,16,0,31 42 9,1,95,,280598,16,0,49 50 51,1,100,,280599,16,0,31 42 9,1,200,,280600,16,0,31 42 9,1
4000,'20260920',447,,280601,16,0,31 42 9,1,200,,280602,16,0,31 42 9,1,100,,280603,16,0,31 42 9,1,105,,280604,16,0,49 50 51,1,100,,280605,16,0,31 42 9,1,70,,280606,16,0,49 50 51,1,30,,280607,16,0,49 50 51,1,70,,280608,16,0,49 50 51,1,30,,280609,16,0,31 42 9,1,70,,280610,16,0,49 50 51,1,30,,280611,16,0,49 50 51,1,70,,280612,16,0,49 50 51,1,30,,280613,16,0,31 42 9,1,70,,280614,16,0,49 50 51,1,30,,280615,16,0,49 50 51,1,70,,280616,16,0,49 50 51,1,20,,280617,16,0,49 50 51,1,60,,280618,16,0,31 42 9,1,20,,280619,16,0,49 50 51,1,20,,280620,16,0,49 50 51,1,60,,280621,16,0,31 42 9,1,20,,280622,16,0,49 50 51,1,20,,280623,16,0,49 50 51,1,60,,280624,16,0,31 42 9,1,20,,280625,16,0,49 50 51,1,20,,280626,16,0,49 50 51,1,60,,280627,16,0,31 42 9,1,20,,280628,16,0,49 50 51,1,20,,280629,16,0,49 50 51,1,60,,280630,16,0,31 42 9,1,15,,280631,16,0,49 50 51,1,20,,280632,16,0,49 50 51,1,20,,280633,16,0,31 42 9,1,65,,280634,16,0,49 50 51,1,30,,280635,16,0,49 50 51,1,100,,280636,16,0,31 42 9,1,95,,280637,16,0,49 50 51,1,100,,280638,16,0,31 42 9,1,200,,280639,16,0,31 42 9,1
4000,'20260921',447,,280640,16,0,31 42 9,1,100,,280641,16,0,31 42 9,1,95,,280642,16,0,31 42 9,1,70,,280643,16,0,49 50 51,1,34,,280644,17,0,37 42 9,1,6,,280645,16,0,49 50 51,1,60,,280646,16,0,49 50 51,1,10,,280647,16,0,49 50 51,1,24,,280648,17,0,37 42 9,1,6,,280649,16,0,49 50 51,1,55,,280650,16,0,49 50 51,1,20,,280651,16,0,49 50 51,1,24,,280652,17,0,37 42 9,1,6,,280653,16,0,49 50 51,1,60,,280654,16,0,49 50 51,1,20,,280655,16,0,49 50 51,1,15,,280656,16,0,31 42 9,1,80,,280657,17,0,52 49 50 51,1,20,,280658,16,0,49 50 51,1,75,,280659,16,0,49 50 51,1,25,,280660,16,0,31 42 9,1,80,,280661,17,0,52 49 50 51,1,20,,280662,16,0,49 50 51,1,70,,280663,16,0,49 50 51,1,20,,280664,16,0,49 50 51,1,65,,280665,16,0,31 42 9,1,30,,280666,16,0,31 42 9,1,71,,280667,17,0,37 42 9,1,9,,280668,16,0,49 50 51,1,20,,280669,16,0,31 42 9,1,71,,280670,17,0,37 42 9,1,9,,280671,16,0,49 50 51,1,20,,280672,16,0,49 50 51,1,13,,280673,16,0,31 42 9,1,61,,280674,17,0,37 42 9,1,6,,280675,16,0,49 50 51,1,10,,280676,16,0,49 50 51,1,10,,280677,16,0,49 50 51,1,66,,280678,17,0,37 42 9,1,9,,280679,16,0,49 50 51,1,25,,280680,16,0,49 50 51,1,20,,280681,16,0,49 50 51,1,74,,280682,17,0,37 42 9,1,16,,280683,16,0,49 50 51,1,65,,280684,16,0,31 42 9,1,30,,280685,16,0,49 50 51,1,105,,280686,16,0,31 42 9,1,100,,280687,16,0,49 50 51,1,100,,280688,16,0,31 42 9,1,200,,280689,16,0,31 42 9,1
4000,'20260922',447,,280690,16,0,31 42 9,1,100,,280691,16,0,31 42 9,1,95,,280692,16,0,31 42 9,1,70,,280693,16,0,49 50 51,1,34,,280694,17,0,37 42 9,1,6,,280695,16,0,49 50 51,1,60,,280696,16,0,49 50 51,1,10,,280697,16,0,49 50 51,1,24,,280698,17,0,37 42 9,1,6,,280699,16,0,49 50 51,1,55,,280700,16,0,49 50 51,1,20,,280701,16,0,49 50 51,1,24,,280702,17,0,37 42 9,1,6,,280703,16,0,49 50 51,1,60,,280704,16,0,49 50 51,1,20,,280705,16,0,49 50 51,1,15,,280706,16,0,31 42 9,1,80,,280707,17,0,52 49 50 51,1,20,,280708,16,0,49 50 51,1,75,,280709,16,0,49 50 51,1,25,,280710,16,0,31 42 9,1,80,,280711,17,0,52 49 50 51,1,20,,280712,16,0,49 50 51,1,70,,280713,16,0,49 50 51,1,20,,280714,16,0,49 50 51,1,65,,280715,16,0,31 42 9,1,30,,280716,16,0,31 42 9,1,71,,280717,17,0,37 42 9,1,9,,280718,16,0,49 50 51,1,20,,280719,16,0,31 42 9,1,71,,280720,17,0,37 42 9,1,9,,280721,16,0,49 50 51,1,20,,280722,16,0,49 50 51,1,13,,280723,16,0,31 42 9,1,61,,280724,17,0,37 42 9,1,6,,280725,16,0,49 50 51,1,10,,280726,16,0,49 50 51,1,10,,280727,16,0,49 50 51,1,66,,280728,17,0,37 42 9,1,9,,280729,16,0,49 50 51,1,25,,280730,16,0,49 50 51,1,20,,280731,16,0,49 50 51,1,74,,280732,17,0,37 42 9,1,16,,280733,16,0,49 50 51,1,65,,280734,16,0,31 42 9,1,30,,280735,16,0,49 50 51,1,105,,280736,16,0,31 42 9,1,100,,280737,16,0,49 50 51,1,100,,280738,16,0,31 42 9,1,200,,280739,16,0,31 42 9,1
4000,'20260923',447,,280740,16,0,31 42 9,1,100,,280741,16,0,31 42 9,1,95,,280742,16,0,31 42 9,1,70,,280743,16,0,49 50 51,1,34,,280744,17,0,37 42 9,1,6,,280745,16,0,49 50 51,1,60,,280746,16,0,49 50 51,1,10,,280747,16,0,49 50 51,1,24,,280748,17,0,37 42 9,1,6,,280749,16,0,49 50 51,1,55,,280750,16,0,49 50 51,1,20,,280751,16,0,49 50 51,1,24,,280752,17,0,37 42 9,1,6,,280753,16,0,49 50 51,1,60,,280754,16,0,49 50 51,1,20,,280755,16,0,49 50 51,1,15,,280756,16,0,31 42 9,1,80,,280757,17,0,52 49 50 51,1,20,,280758,16,0,49 50 51,1,75,,280759,16,0,49 50 51,1,25,,280760,16,0,31 42 9,1,80,,280761,17,0,52 49 50 51,1,20,,280762,16,0,49 50 51,1,70,,280763,16,0,49 50 51,1,20,,280764,16,0,49 50 51,1,65,,280765,16,0,31 42 9,1,30,,280766,16,0,31 42 9,1,71,,280767,17,0,37 42 9,1,9,,280768,16,0,49 50 51,1,20,,280769,16,0,31 42 9,1,71,,280770,17,0,37 42 9,1,9,,280771,16,0,49 50 51,1,20,,280772,16,0,49 50 51,1,13,,280773,16,0,31 42 9,1,61,,280774,17,0,37 42 9,1,6,,280775,16,0,49 50 51,1,10,,280776,16,0,49 50 51,1,10,,280777,16,0,49 50 51,1,66,,280778,17,0,37 42 9,1,9,,280779,16,0,49 50 51,1,25,,280780,16,0,49 50 51,1,20,,280781,16,0,49 50 51,1,74,,280782,17,0,37 42 9,1,16,,280783,16,0,49 50 51,1,65,,280784,16,0,31 42 9,1,30,,280785,16,0,49 50 51,1,105,,280786,16,0,31 42 9,1,100,,280787,16,0,49 50 51,1,100,,280788,16,0,31 42 9,1,200,,280789,16,0,31 42 9,1
4000,'20260924',447,,280790,16,0,31 42 9,1,100,,280791,16,0,31 42 9,1,95,,280792,16,0,31 42 9,1,70,,280793,16,0,49 50 51,1,34,,280794,17,0,37 42 9,1,6,,280795,16,0,49 50 51,1,60,,280796,16,0,49 50 51,1,10,,280797,16,0,49 50 51,1,24,,280798,17,0,37 42 9,1,6,,280799,16,0,49 50 51,1,55,,280800,16,0,49 50 51,1,20,,280801,16,0,49 50 51,1,24,,280802,17,0,37 42 9,1,6,,280803,16,0,49 50 51,1,60,,280804,16,0,49 50 51,1,20,,280805,16,0,49 50 51,1,15,,280806,16,0,31 42 9,1,80,,280807,17,0,52 49 50 51,1,20,,280808,16,0,49 50 51,1,75,,280809,16,0,49 50 51,1,25,,280810,16,0,31 42 9,1,80,,280811,17,0,52 49 50 51,1,20,,280812,16,0,49 50 51,1,70,,280813,16,0,49 50 51,1,20,,280814,16,0,49 50 51,1,65,,280815,16,0,31 42 9,1,30,,280816,16,0,31 42 9,1,71,,280817,17,0,37 42 9,1,9,,280818,16,0,49 50 51,1,20,,280819,16,0,31 42 9,1,71,,280820,17,0,37 42 9,1,9,,280821,16,0,49 50 51,1,20,,280822,16,0,49 50 51,1,13,,280823,16,0,31 42 9,1,61,,280824,17,0,37 42 9,1,6,,280825,16,0,49 50 51,1,10,,280826,16,0,49 50 51,1,10,,280827,16,0,49 50 51,1,66,,280828,17,0,37 42 9,1,9,,280829,16,0,49 50 51,1,25,,280830,16,0,49 50 51,1,20,,280831,16,0,49 50 51,1,74,,280832,17,0,37 42 9,1,16,,280833,16,0,49 50 51,1,65,,280834,16,0,31 42 9,1,30,,280835,16,0,49 50 51,1,105,,280836,16,0,31 42 9,1,100,,280837,16,0,49 50 51,1,100,,280838,16,0,31 42 9,1,200,,280839,16,0,31 42 9,1
4000,'20260925',447,,280840,16,0,31 42 9,1,100,,280841,16,0,31 42 9,1,95,,280842,16,0,31 42 9,1,70,,280843,16,0,49 50 51,1,34,,280844,17,0,37 42 9,1,6,,280845,16,0,49 50 51,1,60,,280846,16,0,49 50 51,1,10,,280847,16,0,49 50 51,1,24,,280848,17,0,37 42 9,1,6,,280849,16,0,49 50 51,1,55,,280850,16,0,49 50 51,1,20,,280851,16,0,49 50 51,1,24,,280852,17,0,37 42 9,1,6,,280853,16,0,49 50 51,1,60,,280854,16,0,49 50 51,1,20,,280855,16,0,49 50 51,1,15,,280856,16,0,31 42 9,1,80,,280857,17,0,52 49 50 51,1,20,,280858,16,0,49 50 51,1,75,,280859,16,0,49 50 51,1,25,,280860,16,0,31 42 9,1,80,,280861,17,0,52 49 50 51,1,20,,280862,16,0,49 50 51,1,70,,280863,16,0,49 50 51,1,20,,280864,16,0,49 50 51,1,65,,280865,16,0,31 42 9,1,30,,280866,16,0,31 42 9,1,71,,280867,17,0,37 42 9,1,9,,280868,16,0,49 50 51,1,20,,280869,16,0,31 42 9,1,71,,280870,17,0,37 42 9,1,9,,280871,16,0,49 50 51,1,20,,280872,16,0,49 50 51,1,13,,280873,16,0,31 42 9,1,61,,280874,17,0,37 42 9,1,6,,280875,16,0,49 50 51,1,10,,280876,16,0,49 50 51,1,10,,280877,16,0,49 50 51,1,66,,280878,17,0,37 42 9,1,9,,280879,16,0,49 50 51,1,25,,280880,16,0,49 50 51,1,20,,280881,16,0,49 50 51,1,74,,280882,17,0,37 42 9,1,16,,280883,16,0,49 50 51,1,65,,280884,16,0,31 42 9,1,30,,280885,16,0,49 50 51,1,105,,280886,16,0,31 42 9,1,100,,280887,16,0,49 50 51,1,100,,280888,16,0,31 42 9,1,200,,280889,16,0,31 42 9,1
4000,'20260926',447,,280890,16,0,31 42 9,1,200,,280891,16,0,31 42 9,1,100,,280892,16,0,31 42 9,1,105,,280893,16,0,49 50 51,1,100,,280894,16,0,31 42 9,1,70,,280895,16,0,49 50 51,1,30,,280896,16,0,49 50 51,1,70,,280897,16,0,49 50 51,1,30,,280898,16,0,31 42 9,1,70,,280899,16,0,49 50 51,1,30,,280900,16,0,49 50 51,1,70,,280901,16,0,49 50 51,1,30,,280902,16,0,31 42 9,1,70,,280903,16,0,49 50 51,1,30,,280904,16,0,49 50 51,1,70,,280905,16,0,49 50 51,1,20,,280906,16,0,49 50 51,1,60,,280907,16,0,31 42 9,1,20,,280908,16,0,49 50 51,1,20,,280909,16,0,49 50 51,1,60,,280910,16,0,31 42 9,1,20,,280911,16,0,49 50 51,1,20,,280912,16,0,49 50 51,1,60,,280913,16,0,31 42 9,1,20,,280914,16,0,49 50 51,1,20,,280915,16,0,49 50 51,1,60,,280916,16,0,31 42 9,1,20,,280917,16,0,49 50 51,1,20,,280918,16,0,49 50 51,1,60,,280919,16,0,31 42 9,1,15,,280920,16,0,49 50 51,1,20,,280921,16,0,49 50 51,1,20,,280922,16,0,31 42 9,1,65,,280923,16,0,49 50 51,1,30,,280924,16,0,49 50 51,1,100,,280925,16,0,31 42 9,1,95,,280926,16,0,49 50 51,1,100,,280927,16,0,31 42 9,1,200,,280928,16,0,31 42 9,1
4000,'20260927',447,,280929,16,0,31 42 9,1,200,,280930,16,0,31 42 9,1,100,,280931,16,0,31 42 9,1,105,,280932,16,0,49 50 51,1,100,,280933,16,0,31 42 9,1,70,,280934,16,0,49 50 51,1,30,,280935,16,0,49 50 51,1,70,,280936,16,0,49 50 51,1,30,,280937,16,0,31 42 9,1,70,,280938,16,0,49 50 51,1,30,,280939,16,0,49 50 51,1,70,,280940,16,0,49 50 51,1,30,,280941,16,0,31 42 9,1,70,,280942,16,0,49 50 51,1,30,,280943,16,0,49 50 51,1,70,,280944,16,0,49 50 51,1,20,,280945,16,0,49 50 51,1,60,,280946,16,0,31 42 9,1,20,,280947,16,0,49 50 51,1,20,,280948,16,0,49 50 51,1,60,,280949,16,0,31 42 9,1,20,,280950,16,0,49 50 51,1,20,,280951,16,0,49 50 51,1,60,,280952,16,0,31 42 9,1,20,,280953,16,0,49 50 51,1,20,,280954,16,0,49 50 51,1,60,,280955,16,0,31 42 9,1,20,,280956,16,0,49 50 51,1,20,,280957,16,0,49 50 51,1,60,,280958,16,0,31 42 9,1,15,,280959,16,0,49 50 51,1,20,,280960,16,0,49 50 51,1,20,,280961,16,0,31 42 9,1,65,,280962,16,0,49 50 51,1,30,,280963,16,0,49 50 51,1,100,,280964,16,0,31 42 9,1,95,,280965,16,0,49 50 51,1,100,,280966,16,0,31 42 9,1,200,,280967,16,0,31 42 9,1
4000,'20260928',447,,280968,16,0,31 42 9,1,100,,280969,16,0,31 42 9,1,95,,280970,16,0,31 42 9,1,70,,280971,16,0,49 50 51,1,34,,280972,17,0,37 42 9,1,6,,280973,16,0,49 50 51,1,60,,280974,16,0,49 50 51,1,10,,280975,16,0,49 50 51,1,24,,280976,17,0,37 42 9,1,6,,280977,16,0,49 50 51,1,55,,280978,16,0,49 50 51,1,20,,280979,16,0,49 50 51,1,24,,280980,17,0,37 42 9,1,6,,280981,16,0,49 50 51,1,60,,280982,16,0,49 50 51,1,20,,280983,16,0,49 50 51,1,15,,280984,16,0,31 42 9,1,80,,280985,17,0,52 49 50 51,1,20,,280986,16,0,49 50 51,1,75,,280987,16,0,49 50 51,1,25,,280988,16,0,31 42 9,1,80,,280989,17,0,52 49 50 51,1,20,,280990,16,0,49 50 51,1,70,,280991,16,0,49 50 51,1,20,,280992,16,0,49 50 51,1,65,,280993,16,0,31 42 9,1,30,,280994,16,0,31 42 9,1,71,,280995,17,0,37 42 9,1,9,,280996,16,0,49 50 51,1,20,,280997,16,0,31 42 9,1,71,,280998,17,0,37 42 9,1,9,,280999,16,0,49 50 51,1,20,,281000,16,0,49 50 51,1,13,,281001,16,0,31 42 9,1,61,,281002,17,0,37 42 9,1,6,,281003,16,0,49 50 51,1,10,,281004,16,0,49 50 51,1,10,,281005,16,0,49 50 51,1,66,,281006,17,0,37 42 9,1,9,,281007,16,0,49 50 51,1,25,,281008,16,0,49 50 51,1,20,,281009,16,0,49 50 51,1,74,,281010,17,0,37 42 9,1,16,,281011,16,0,49 50 51,1,65,,281012,16,0,31 42 9,1,30,,281013,16,0,49 50 51,1,105,,281014,16,0,31 42 9,1,100,,281015,16,0,49 50 51,1,100,,281016,16,0,31 42 9,1,200,,281017,16,0,31 42 9,1
4000,'20260929',447,,281018,16,0,31 42 9,1,100,,281019,16,0,31 42 9,1,95,,281020,16,0,31 42 9,1,70,,281021,16,0,49 50 51,1,34,,281022,17,0,37 42 9,1,6,,281023,16,0,49 50 51,1,60,,281024,16,0,49 50 51,1,10,,281025,16,0,49 50 51,1,24,,281026,17,0,37 42 9,1,6,,281027,16,0,49 50 51,1,55,,281028,16,0,49 50 51,1,20,,281029,16,0,49 50 51,1,24,,281030,17,0,37 42 9,1,6,,281031,16,0,49 50 51,1,60,,281032,16,0,49 50 51,1,20,,281033,16,0,49 50 51,1,15,,281034,16,0,31 42 9,1,80,,281035,17,0,52 49 50 51,1,20,,281036,16,0,49 50 51,1,75,,281037,16,0,49 50 51,1,25,,281038,16,0,31 42 9,1,80,,281039,17,0,52 49 50 51,1,20,,281040,16,0,49 50 51,1,70,,281041,16,0,49 50 51,1,20,,281042,16,0,49 50 51,1,65,,281043,16,0,31 42 9,1,30,,281044,16,0,31 42 9,1,71,,281045,17,0,37 42 9,1,9,,281046,16,0,49 50 51,1,20,,281047,16,0,31 42 9,1,71,,281048,17,0,37 42 9,1,9,,281049,16,0,49 50 51,1,20,,281050,16,0,49 50 51,1,13,,281051,16,0,31 42 9,1,61,,281052,17,0,37 42 9,1,6,,281053,16,0,49 50 51,1,10,,281054,16,0,49 50 51,1,10,,281055,16,0,49 50 51,1,66,,281056,17,0,37 42 9,1,9,,281057,16,0,49 50 51,1,25,,281058,16,0,49 50 51,1,20,,281059,16,0,49 50 51,1,74,,281060,17,0,37 42 9,1,16,,281061,16,0,49 50 51,1,65,,281062,16,0,31 42 9,1,30,,281063,16,0,49 50 51,1,105,,281064,16,0,31 42 9,1,100,,281065,16,0,49 50 51,1,100,,281066,16,0,31 42 9,1,200,,281067,16,0,31 42 9,1
4000,'20260930',447,,281068,16,0,31 42 9,1,100,,281069,16,0,31 42 9,1,95,,281070,16,0,31 42 9,1,70,,281071,16,0,49 50 51,1,34,,281072,17,0,37 42 9,1,6,,281073,16,0,49 50 51,1,60,,281074,16,0,49 50 51,1,10,,281075,16,0,49 50 51,1,24,,281076,17,0,37 42 9,1,6,,281077,16,0,49 50 51,1,55,,281078,16,0,49 50 51,1,20,,281079,16,0,49 50 51,1,24,,281080,17,0,37 42 9,1,6,,281081,16,0,49 50 51,1,60,,281082,16,0,49 50 51,1,20,,281083,16,0,49 50 51,1,15,,281084,16,0,31 42 9,1,80,,281085,17,0,52 49 50 51,1,20,,281086,16,0,49 50 51,1,75,,281087,16,0,49 50 51,1,25,,281088,16,0,31 42 9,1,80,,281089,17,0,52 49 50 51,1,20,,281090,16,0,49 50 51,1,70,,281091,16,0,49 50 51,1,20,,281092,16,0,49 50 51,1,65,,281093,16,0,31 42 9,1,30,,281094,16,0,31 42 9,1,71,,281095,17,0,37 42 9,1,9,,281096,16,0,49 50 51,1,20,,281097,16,0,31 42 9,1,71,,281098,17,0,37 42 9,1,9,,281099,16,0,49 50 51,1,20,,281100,16,0,49 50 51,1,13,,281101,16,0,31 42 9,1,61,,281102,17,0,37 42 9,1,6,,281103,16,0,49 50 51,1,10,,281104,16,0,49 50 51,1,10,,281105,16,0,49 50 51,1,66,,281106,17,0,37 42 9,1,9,,281107,16,0,49 50 51,1,25,,281108,16,0,49 50 51,1,20,,281109,16,0,49 50 51,1,74,,281110,17,0,37 42 9,1,16,,281111,16,0,49 50 51,1,65,,281112,16,0,31 42 9,1,30,,281113,16,0,49 50 51,1,105,,281114,16,0,31 42 9,1,100,,281115,16,0,49 50 51,1,100,,281116,16,0,31 42 9,1,200,,281117,16,0,31 42 9,1
4000,'20261001',447,,281118,16,0,31 42 9,1,100,,281119,16,0,31 42 9,1,95,,281120,16,0,31 42 9,1,70,,281121,16,0,49 50 51,1,34,,281122,17,0,37 42 9,1,6,,281123,16,0,49 50 51,1,60,,281124,16,0,49 50 51,1,10,,281125,16,0,49 50 51,1,24,,281126,17,0,37 42 9,1,6,,281127,16,0,49 50 51,1,55,,281128,16,0,49 50 51,1,20,,281129,16,0,49 50 51,1,24,,281130,17,0,37 42 9,1,6,,281131,16,0,49 50 51,1,60,,281132,16,0,49 50 51,1,20,,281133,16,0,49 50 51,1,15,,281134,16,0,31 42 9,1,80,,281135,17,0,52 49 50 51,1,20,,281136,16,0,49 50 51,1,75,,281137,16,0,49 50 51,1,25,,281138,16,0,31 42 9,1,80,,281139,17,0,52 49 50 51,1,20,,281140,16,0,49 50 51,1,70,,281141,16,0,49 50 51,1,20,,281142,16,0,49 50 51,1,65,,281143,16,0,31 42 9,1,30,,281144,16,0,31 42 9,1,71,,281145,17,0,37 42 9,1,9,,281146,16,0,49 50 51,1,20,,281147,16,0,31 42 9,1,71,,281148,17,0,37 42 9,1,9,,281149,16,0,49 50 51,1,20,,281150,16,0,49 50 51,1,13,,281151,16,0,31 42 9,1,61,,281152,17,0,37 42 9,1,6,,281153,16,0,49 50 51,1,10,,281154,16,0,49 50 51,1,10,,281155,16,0,49 50 51,1,66,,281156,17,0,37 42 9,1,9,,281157,16,0,49 50 51,1,25,,281158,16,0,49 50 51,1,20,,281159,16,0,49 50 51,1,74,,281160,17,0,37 42 9,1,16,,281161,16,0,49 50 51,1,65,,281162,16,0,31 42 9,1,30,,281163,16,0,49 50 51,1,105,,281164,16,0,31 42 9,1,100,,281165,16,0,49 50 51,1,100,,281166,16,0,31 42 9,1,200,,281167,16,0,31 42 9,1
4000,'20261002',447,,281168,16,0,31 42 9,1,100,,281169,16,0,31 42 9,1,95,,281170,16,0,31 42 9,1,70,,281171,16,0,49 50 51,1,34,,281172,17,0,37 42 9,1,6,,281173,16,0,49 50 51,1,60,,281174,16,0,49 50 51,1,10,,281175,16,0,49 50 51,1,24,,281176,17,0,37 42 9,1,6,,281177,16,0,49 50 51,1,55,,281178,16,0,49 50 51,1,20,,281179,16,0,49 50 51,1,24,,281180,17,0,37 42 9,1,6,,281181,16,0,49 50 51,1,60,,281182,16,0,49 50 51,1,20,,281183,16,0,49 50 51,1,15,,281184,16,0,31 42 9,1,80,,281185,17,0,52 49 50 51,1,20,,281186,16,0,49 50 51,1,75,,281187,16,0,49 50 51,1,25,,281188,16,0,31 42 9,1,80,,281189,17,0,52 49 50 51,1,20,,281190,16,0,49 50 51,1,70,,281191,16,0,49 50 51,1,20,,281192,16,0,49 50 51,1,65,,281193,16,0,31 42 9,1,30,,281194,16,0,31 42 9,1,71,,281195,17,0,37 42 9,1,9,,281196,16,0,49 50 51,1,20,,281197,16,0,31 42 9,1,71,,281198,17,0,37 42 9,1,9,,281199,16,0,49 50 51,1,20,,281200,16,0,49 50 51,1,13,,281201,16,0,31 42 9,1,61,,281202,17,0,37 42 9,1,6,,281203,16,0,49 50 51,1,10,,281204,16,0,49 50 51,1,10,,281205,16,0,49 50 51,1,66,,281206,17,0,37 42 9,1,9,,281207,16,0,49 50 51,1,25,,281208,16,0,49 50 51,1,20,,281209,16,0,49 50 51,1,74,,281210,17,0,37 42 9,1,16,,281211,16,0,49 50 51,1,65,,281212,16,0,31 42 9,1,30,,281213,16,0,49 50 51,1,105,,281214,16,0,31 42 9,1,100,,281215,16,0,49 50 51,1,100,,281216,16,0,31 42 9,1,200,,281217,16,0,31 42 9,1
4000,'20261003',447,,281218,16,0,31 42 9,1,200,,281219,16,0,31 42 9,1,100,,281220,16,0,31 42 9,1,105,,281221,16,0,49 50 51,1,100,,281222,16,0,31 42 9,1,70,,281223,16,0,49 50 51,1,30,,281224,16,0,49 50 51,1,70,,281225,16,0,49 50 51,1,30,,281226,16,0,31 42 9,1,70,,281227,16,0,49 50 51,1,30,,281228,16,0,49 50 51,1,70,,281229,16,0,49 50 51,1,30,,281230,16,0,31 42 9,1,70,,281231,16,0,49 50 51,1,30,,281232,16,0,49 50 51,1,70,,281233,16,0,49 50 51,1,20,,281234,16,0,49 50 51,1,60,,281235,16,0,31 42 9,1,20,,281236,16,0,49 50 51,1,20,,281237,16,0,49 50 51,1,60,,281238,16,0,31 42 9,1,20,,281239,16,0,49 50 51,1,20,,281240,16,0,49 50 51,1,60,,281241,16,0,31 42 9,1,20,,281242,16,0,49 50 51,1,20,,281243,16,0,49 50 51,1,60,,281244,16,0,31 42 9,1,20,,281245,16,0,49 50 51,1,20,,281246,16,0,49 50 51,1,60,,281247,16,0,31 42 9,1,15,,281248,16,0,49 50 51,1,20,,281249,16,0,49 50 51,1,20,,281250,16,0,31 42 9,1,65,,281251,16,0,49 50 51,1,30,,281252,16,0,49 50 51,1,100,,281253,16,0,31 42 9,1,95,,281254,16,0,49 50 51,1,100,,281255,16,0,31 42 9,1,200,,281256,16,0,31 42 9,1
4000,'20261004',447,,281257,16,0,31 42 9,1,200,,281258,16,0,31 42 9,1,100,,281259,16,0,31 42 9,1,105,,281260,16,0,49 50 51,1,100,,281261,16,0,31 42 9,1,70,,281262,16,0,49 50 51,1,30,,281263,16,0,49 50 51,1,70,,281264,16,0,49 50 51,1,30,,281265,16,0,31 42 9,1,70,,281266,16,0,49 50 51,1,30,,281267,16,0,49 50 51,1,70,,281268,16,0,49 50 51,1,30,,281269,16,0,31 42 9,1,70,,281270,16,0,49 50 51,1,30,,281271,16,0,49 50 51,1,70,,281272,16,0,49 50 51,1,20,,281273,16,0,49 50 51,1,60,,281274,16,0,31 42 9,1,20,,281275,16,0,49 50 51,1,20,,281276,16,0,49 50 51,1,60,,281277,16,0,31 42 9,1,20,,281278,16,0,49 50 51,1,20,,281279,16,0,49 50 51,1,60,,281280,16,0,31 42 9,1,20,,281281,16,0,49 50 51,1,20,,281282,16,0,49 50 51,1,60,,281283,16,0,31 42 9,1,20,,281284,16,0,49 50 51,1,20,,281285,16,0,49 50 51,1,60,,281286,16,0,31 42 9,1,15,,281287,16,0,49 50 51,1,20,,281288,16,0,49 50 51,1,20,,281289,16,0,31 42 9,1,65,,281290,16,0,49 50 51,1,30,,281291,16,0,49 50 51,1,100,,281292,16,0,31 42 9,1,95,,281293,16,0,49 50 51,1,100,,281294,16,0,31 42 9,1,200,,281295,16,0,31 42 9,1
4000,'20261005',447,,281296,16,0,31 42 9,1,100,,281297,16,0,31 42 9,1,95,,281298,16,0,31 42 9,1,70,,281299,16,0,49 50 51,1,34,,281300,17,0,37 42 9,1,6,,281301,16,0,49 50 51,1,60,,281302,16,0,49 50 51,1,10,,281303,16,0,49 50 51,1,24,,281304,17,0,37 42 9,1,6,,281305,16,0,49 50 51,1,55,,281306,16,0,49 50 51,1,20,,281307,16,0,49 50 51,1,24,,281308,17,0,37 42 9,1,6,,281309,16,0,49 50 51,1,60,,281310,16,0,49 50 51,1,20,,281311,16,0,49 50 51,1,15,,281312,16,0,31 42 9,1,80,,281313,17,0,52 49 50 51,1,20,,281314,16,0,49 50 51,1,75,,281315,16,0,49 50 51,1,25,,281316,16,0,31 42 9,1,80,,281317,17,0,52 49 50 51,1,20,,281318,16,0,49 50 51,1,70,,281319,16,0,49 50 51,1,20,,281320,16,0,49 50 51,1,65,,281321,16,0,31 42 9,1,30,,281322,16,0,31 42 9,1,71,,281323,17,0,37 42 9,1,9,,281324,16,0,49 50 51,1,20,,281325,16,0,31 42 9,1,71,,281326,17,0,37 42 9,1,9,,281327,16,0,49 50 51,1,20,,281328,16,0,49 50 51,1,13,,281329,16,0,31 42 9,1,61,,281330,17,0,37 42 9,1,6,,281331,16,0,49 50 51,1,10,,281332,16,0,49 50 51,1,10,,281333,16,0,49 50 51,1,66,,281334,17,0,37 42 9,1,9,,281335,16,0,49 50 51,1,25,,281336,16,0,49 50 51,1,20,,281337,16,0,49 50 51,1,74,,281338,17,0,37 42 9,1,16,,281339,16,0,49 50 51,1,65,,281340,16,0,31 42 9,1,30,,281341,16,0,49 50 51,1,105,,281342,16,0,31 42 9,1,100,,281343,16,0,49 50 51,1,100,,281344,16,0,31 42 9,1,200,,281345,16,0,31 42 9,1
4000,'20261006',447,,281346,16,0,31 42 9,1,100,,281347,16,0,31 42 9,1,95,,281348,16,0,31 42 9,1,70,,281349,16,0,49 50 51,1,34,,281350,17,0,37 42 9,1,6,,281351,16,0,49 50 51,1,60,,281352,16,0,49 50 51,1,10,,281353,16,0,49 50 51,1,24,,281354,17,0,37 42 9,1,6,,281355,16,0,49 50 51,1,55,,281356,16,0,49 50 51,1,20,,281357,16,0,49 50 51,1,24,,281358,17,0,37 42 9,1,6,,281359,16,0,49 50 51,1,60,,281360,16,0,49 50 51,1,20,,281361,16,0,49 50 51,1,15,,281362,16,0,31 42 9,1,80,,281363,17,0,52 49 50 51,1,20,,281364,16,0,49 50 51,1,75,,281365,16,0,49 50 51,1,25,,281366,16,0,31 42 9,1,80,,281367,17,0,52 49 50 51,1,20,,281368,16,0,49 50 51,1,70,,281369,16,0,49 50 51,1,20,,281370,16,0,49 50 51,1,65,,281371,16,0,31 42 9,1,30,,281372,16,0,31 42 9,1,71,,281373,17,0,37 42 9,1,9,,281374,16,0,49 50 51,1,20,,281375,16,0,31 42 9,1,71,,281376,17,0,37 42 9,1,9,,281377,16,0,49 50 51,1,20,,281378,16,0,49 50 51,1,13,,281379,16,0,31 42 9,1,61,,281380,17,0,37 42 9,1,6,,281381,16,0,49 50 51,1,10,,281382,16,0,49 50 51,1,10,,281383,16,0,49 50 51,1,66,,281384,17,0,37 42 9,1,9,,281385,16,0,49 50 51,1,25,,281386,16,0,49 50 51,1,20,,281387,16,0,49 50 51,1,74,,281388,17,0,37 42 9,1,16,,281389,16,0,49 50 51,1,65,,281390,16,0,31 42 9,1,30,,281391,16,0,49 50 51,1,105,,281392,16,0,31 42 9,1,100,,281393,16,0,49 50 51,1,100,,281394,16,0,31 42 9,1,200,,281395,16,0,31 42 9,1
4000,'20261007',447,,281396,16,0,31 42 9,1,100,,281397,16,0,31 42 9,1,95,,281398,16,0,31 42 9,1,70,,281399,16,0,49 50 51,1,34,,281400,17,0,37 42 9,1,6,,281401,16,0,49 50 51,1,60,,281402,16,0,49 50 51,1,10,,281403,16,0,49 50 51,1,24,,281404,17,0,37 42 9,1,6,,281405,16,0,49 50 51,1,55,,281406,16,0,49 50 51,1,20,,281407,16,0,49 50 51,1,24,,281408,17,0,37 42 9,1,6,,281409,16,0,49 50 51,1,60,,281410,16,0,49 50 51,1,20,,281411,16,0,49 50 51,1,15,,281412,16,0,31 42 9,1,80,,281413,17,0,52 49 50 51,1,20,,281414,16,0,49 50 51,1,75,,281415,16,0,49 50 51,1,25,,281416,16,0,31 42 9,1,80,,281417,17,0,52 49 50 51,1,20,,281418,16,0,49 50 51,1,70,,281419,16,0,49 50 51,1,20,,281420,16,0,49 50 51,1,65,,281421,16,0,31 42 9,1,30,,281422,16,0,31 42 9,1,71,,281423,17,0,37 42 9,1,9,,281424,16,0,49 50 51,1,20,,281425,16,0,31 42 9,1,71,,281426,17,0,37 42 9,1,9,,281427,16,0,49 50 51,1,20,,281428,16,0,49 50 51,1,13,,281429,16,0,31 42 9,1,61,,281430,17,0,37 42 9,1,6,,281431,16,0,49 50 51,1,10,,281432,16,0,49 50 51,1,10,,281433,16,0,49 50 51,1,66,,281434,17,0,37 42 9,1,9,,281435,16,0,49 50 51,1,25,,281436,16,0,49 50 51,1,20,,281437,16,0,49 50 51,1,74,,281438,17,0,37 42 9,1,16,,281439,16,0,49 50 51,1,65,,281440,16,0,31 42 9,1,30,,281441,16,0,49 50 51,1,105,,281442,16,0,31 42 9,1,100,,281443,16,0,49 50 51,1,100,,281444,16,0,31 42 9,1,200,,281445,16,0,31 42 9,1
4000,'20261008',447,,281446,16,0,31 42 9,1,100,,281447,16,0,31 42 9,1,95,,281448,16,0,31 42 9,1,70,,281449,16,0,49 50 51,1,34,,281450,17,0,37 42 9,1,6,,281451,16,0,49 50 51,1,60,,281452,16,0,49 50 51,1,10,,281453,16,0,49 50 51,1,24,,281454,17,0,37 42 9,1,6,,281455,16,0,49 50 51,1,55,,281456,16,0,49 50 51,1,20,,281457,16,0,49 50 51,1,24,,281458,17,0,37 42 9,1,6,,281459,16,0,49 50 51,1,60,,281460,16,0,49 50 51,1,20,,281461,16,0,49 50 51,1,15,,281462,16,0,31 42 9,1,80,,281463,17,0,52 49 50 51,1,20,,281464,16,0,49 50 51,1,75,,281465,16,0,49 50 51,1,25,,281466,16,0,31 42 9,1,80,,281467,17,0,52 49 50 51,1,20,,281468,16,0,49 50 51,1,70,,281469,16,0,49 50 51,1,20,,281470,16,0,49 50 51,1,65,,281471,16,0,31 42 9,1,30,,281472,16,0,31 42 9,1,71,,281473,17,0,37 42 9,1,9,,281474,16,0,49 50 51,1,20,,281475,16,0,31 42 9,1,71,,281476,17,0,37 42 9,1,9,,281477,16,0,49 50 51,1,20,,281478,16,0,49 50 51,1,13,,281479,16,0,31 42 9,1,61,,281480,17,0,37 42 9,1,6,,281481,16,0,49 50 51,1,10,,281482,16,0,49 50 51,1,10,,281483,16,0,49 50 51,1,66,,281484,17,0,37 42 9,1,9,,281485,16,0,49 50 51,1,25,,281486,16,0,49 50 51,1,20,,281487,16,0,49 50 51,1,74,,281488,17,0,37 42 9,1,16,,281489,16,0,49 50 51,1,65,,281490,16,0,31 42 9,1,30,,281491,16,0,49 50 51,1,105,,281492,16,0,31 42 9,1,100,,281493,16,0,49 50 51,1,100,,281494,16,0,31 42 9,1,200,,281495,16,0,31 42 9,1
4000,'20261009',447,,281496,16,0,31 42 9,1,100,,281497,16,0,31 42 9,1,95,,281498,16,0,31 42 9,1,70,,281499,16,0,49 50 51,1,34,,281500,17,0,37 42 9,1,6,,281501,16,0,49 50 51,1,60,,281502,16,0,49 50 51,1,10,,281503,16,0,49 50 51,1,24,,281504,17,0,37 42 9,1,6,,281505,16,0,49 50 51,1,55,,281506,16,0,49 50 51,1,20,,281507,16,0,49 50 51,1,24,,281508,17,0,37 42 9,1,6,,281509,16,0,49 50 51,1,60,,281510,16,0,49 50 51,1,20,,281511,16,0,49 50 51,1,15,,281512,16,0,31 42 9,1,80,,281513,17,0,52 49 50 51,1,20,,281514,16,0,49 50 51,1,75,,281515,16,0,49 50 51,1,25,,281516,16,0,31 42 9,1,80,,281517,17,0,52 49 50 51,1,20,,281518,16,0,49 50 51,1,70,,281519,16,0,49 50 51,1,20,,281520,16,0,49 50 51,1,65,,281521,16,0,31 42 9,1,30,,281522,16,0,31 42 9,1,71,,281523,17,0,37 42 9,1,9,,281524,16,0,49 50 51,1,20,,281525,16,0,31 42 9,1,71,,281526,17,0,37 42 9,1,9,,281527,16,0,49 50 51,1,20,,281528,16,0,49 50 51,1,13,,281529,16,0,31 42 9,1,61,,281530,17,0,37 42 9,1,6,,281531,16,0,49 50 51,1,10,,281532,16,0,49 50 51,1,10,,281533,16,0,49 50 51,1,66,,281534,17,0,37 42 9,1,9,,281535,16,0,49 50 51,1,25,,281536,16,0,49 50 51,1,20,,281537,16,0,49 50 51,1,74,,281538,17,0,37 42 9,1,16,,281539,16,0,49 50 51,1,65,,281540,16,0,31 42 9,1,30,,281541,16,0,49 50 51,1,105,,281542,16,0,31 42 9,1,100,,281543,16,0,49 50 51,1,100,,281544,16,0,31 42 9,1,200,,281545,16,0,31 42 9,1
4000,'20261010',447,,281546,16,0,31 42 9,1,200,,281547,16,0,31 42 9,1,100,,281548,16,0,31 42 9,1,105,,281549,16,0,49 50 51,1,100,,281550,16,0,31 42 9,1,70,,281551,16,0,49 50 51,1,30,,281552,16,0,49 50 51,1,70,,281553,16,0,49 50 51,1,30,,281554,16,0,31 42 9,1,70,,281555,16,0,49 50 51,1,30,,281556,16,0,49 50 51,1,70,,281557,16,0,49 50 51,1,30,,281558,16,0,31 42 9,1,70,,281559,16,0,49 50 51,1,30,,281560,16,0,49 50 51,1,70,,281561,16,0,49 50 51,1,20,,281562,16,0,49 50 51,1,60,,281563,16,0,31 42 9,1,20,,281564,16,0,49 50 51,1,20,,281565,16,0,49 50 51,1,60,,281566,16,0,31 42 9,1,20,,281567,16,0,49 50 51,1,20,,281568,16,0,49 50 51,1,60,,281569,16,0,31 42 9,1,20,,281570,16,0,49 50 51,1,20,,281571,16,0,49 50 51,1,60,,281572,16,0,31 42 9,1,20,,281573,16,0,49 50 51,1,20,,281574,16,0,49 50 51,1,60,,281575,16,0,31 42 9,1,15,,281576,16,0,49 50 51,1,20,,281577,16,0,49 50 51,1,20,,281578,16,0,31 42 9,1,65,,281579,16,0,49 50 51,1,30,,281580,16,0,49 50 51,1,100,,281581,16,0,31 42 9,1,95,,281582,16,0,49 50 51,1,100,,281583,16,0,31 42 9,1,200,,281584,16,0,31 42 9,1
4000,'20261011',447,,281585,16,0,31 42 9,1,200,,281586,16,0,31 42 9,1,100,,281587,16,0,31 42 9,1,105,,281588,16,0,49 50 51,1,100,,281589,16,0,31 42 9,1,70,,281590,16,0,49 50 51,1,30,,281591,16,0,49 50 51,1,70,,281592,16,0,49 50 51,1,30,,281593,16,0,31 42 9,1,70,,281594,16,0,49 50 51,1,30,,281595,16,0,49 50 51,1,70,,281596,16,0,49 50 51,1,30,,281597,16,0,31 42 9,1,70,,281598,16,0,49 50 51,1,30,,281599,16,0,49 50 51,1,70,,281600,16,0,49 50 51,1,20,,281601,16,0,49 50 51,1,60,,281602,16,0,31 42 9,1,20,,281603,16,0,49 50 51,1,20,,281604,16,0,49 50 51,1,60,,281605,16,0,31 42 9,1,20,,281606,16,0,49 50 51,1,20,,281607,16,0,49 50 51,1,60,,281608,16,0,31 42 9,1,20,,281609,16,0,49 50 51,1,20,,281610,16,0,49 50 51,1,60,,281611,16,0,31 42 9,1,20,,281612,16,0,49 50 51,1,20,,281613,16,0,49 50 51,1,60,,281614,16,0,31 42 9,1,15,,281615,16,0,49 50 51,1,20,,281616,16,0,49 50 51,1,20,,281617,16,0,31 42 9,1,65,,281618,16,0,49 50 51,1,30,,281619,16,0,49 50 51,1,100,,281620,16,0,31 42 9,1,95,,281621,16,0,49 50 51,1,100,,281622,16,0,31 42 9,1,200,,281623,16,0,31 42 9,1
4000,'20261012',447,,281624,16,0,31 42 9,1,200,,281625,16,0,31 42 9,1,100,,281626,16,0,31 42 9,1,105,,281627,16,0,49 50 51,1,100,,281628,16,0,31 42 9,1,70,,281629,16,0,49 50 51,1,30,,281630,16,0,49 50 51,1,70,,281631,16,0,49 50 51,1,30,,281632,16,0,31 42 9,1,70,,281633,16,0,49 50 51,1,30,,281634,16,0,49 50 51,1,70,,281635,16,0,49 50 51,1,30,,281636,16,0,31 42 9,1,70,,281637,16,0,49 50 51,1,30,,281638,16,0,49 50 51,1,70,,281639,16,0,49 50 51,1,20,,281640,16,0,49 50 51,1,60,,281641,16,0,31 42 9,1,20,,281642,16,0,49 50 51,1,20,,281643,16,0,49 50 51,1,60,,281644,16,0,31 42 9,1,20,,281645,16,0,49 50 51,1,20,,281646,16,0,49 50 51,1,60,,281647,16,0,31 42 9,1,20,,281648,16,0,49 50 51,1,20,,281649,16,0,49 50 51,1,60,,281650,16,0,31 42 9,1,20,,281651,16,0,49 50 51,1,20,,281652,16,0,49 50 51,1,60,,281653,16,0,31 42 9,1,15,,281654,16,0,49 50 51,1,20,,281655,16,0,49 50 51,1,20,,281656,16,0,31 42 9,1,65,,281657,16,0,49 50 51,1,30,,281658,16,0,49 50 51,1,100,,281659,16,0,31 42 9,1,95,,281660,16,0,49 50 51,1,100,,281661,16,0,31 42 9,1,200,,281662,16,0,31 42 9,1
4000,'20261013',447,,281663,16,0,31 42 9,1,100,,281664,16,0,31 42 9,1,95,,281665,16,0,31 42 9,1,70,,281666,16,0,49 50 51,1,34,,281667,17,0,37 42 9,1,6,,281668,16,0,49 50 51,1,60,,281669,16,0,49 50 51,1,10,,281670,16,0,49 50 51,1,24,,281671,17,0,37 42 9,1,6,,281672,16,0,49 50 51,1,55,,281673,16,0,49 50 51,1,20,,281674,16,0,49 50 51,1,24,,281675,17,0,37 42 9,1,6,,281676,16,0,49 50 51,1,60,,281677,16,0,49 50 51,1,20,,281678,16,0,49 50 51,1,15,,281679,16,0,31 42 9,1,80,,281680,17,0,52 49 50 51,1,20,,281681,16,0,49 50 51,1,75,,281682,16,0,49 50 51,1,25,,281683,16,0,31 42 9,1,80,,281684,17,0,52 49 50 51,1,20,,281685,16,0,49 50 51,1,70,,281686,16,0,49 50 51,1,20,,281687,16,0,49 50 51,1,65,,281688,16,0,31 42 9,1,30,,281689,16,0,31 42 9,1,71,,281690,17,0,37 42 9,1,9,,281691,16,0,49 50 51,1,20,,281692,16,0,31 42 9,1,71,,281693,17,0,37 42 9,1,9,,281694,16,0,49 50 51,1,20,,281695,16,0,49 50 51,1,13,,281696,16,0,31 42 9,1,61,,281697,17,0,37 42 9,1,6,,281698,16,0,49 50 51,1,10,,281699,16,0,49 50 51,1,10,,281700,16,0,49 50 51,1,66,,281701,17,0,37 42 9,1,9,,281702,16,0,49 50 51,1,25,,281703,16,0,49 50 51,1,20,,281704,16,0,49 50 51,1,74,,281705,17,0,37 42 9,1,16,,281706,16,0,49 50 51,1,65,,281707,16,0,31 42 9,1,30,,281708,16,0,49 50 51,1,105,,281709,16,0,31 42 9,1,100,,281710,16,0,49 50 51,1,100,,281711,16,0,31 42 9,1,200,,281712,16,0,31 42 9,1
4000,'20261014',447,,281713,16,0,31 42 9,1,100,,281714,16,0,31 42 9,1,95,,281715,16,0,31 42 9,1,70,,281716,16,0,49 50 51,1,34,,281717,17,0,37 42 9,1,6,,281718,16,0,49 50 51,1,60,,281719,16,0,49 50 51,1,10,,281720,16,0,49 50 51,1,24,,281721,17,0,37 42 9,1,6,,281722,16,0,49 50 51,1,55,,281723,16,0,49 50 51,1,20,,281724,16,0,49 50 51,1,24,,281725,17,0,37 42 9,1,6,,281726,16,0,49 50 51,1,60,,281727,16,0,49 50 51,1,20,,281728,16,0,49 50 51,1,15,,281729,16,0,31 42 9,1,80,,281730,17,0,52 49 50 51,1,20,,281731,16,0,49 50 51,1,75,,281732,16,0,49 50 51,1,25,,281733,16,0,31 42 9,1,80,,281734,17,0,52 49 50 51,1,20,,281735,16,0,49 50 51,1,70,,281736,16,0,49 50 51,1,20,,281737,16,0,49 50 51,1,65,,281738,16,0,31 42 9,1,30,,281739,16,0,31 42 9,1,71,,281740,17,0,37 42 9,1,9,,281741,16,0,49 50 51,1,20,,281742,16,0,31 42 9,1,71,,281743,17,0,37 42 9,1,9,,281744,16,0,49 50 51,1,20,,281745,16,0,49 50 51,1,13,,281746,16,0,31 42 9,1,61,,281747,17,0,37 42 9,1,6,,281748,16,0,49 50 51,1,10,,281749,16,0,49 50 51,1,10,,281750,16,0,49 50 51,1,66,,281751,17,0,37 42 9,1,9,,281752,16,0,49 50 51,1,25,,281753,16,0,49 50 51,1,20,,281754,16,0,49 50 51,1,74,,281755,17,0,37 42 9,1,16,,281756,16,0,49 50 51,1,65,,281757,16,0,31 42 9,1,30,,281758,16,0,49 50 51,1,105,,281759,16,0,31 42 9,1,100,,281760,16,0,49 50 51,1,100,,281761,16,0,31 42 9,1,200,,281762,16,0,31 42 9,1
4000,'20261015',447,,281763,16,0,31 42 9,1,100,,281764,16,0,31 42 9,1,95,,281765,16,0,31 42 9,1,70,,281766,16,0,49 50 51,1,34,,281767,17,0,37 42 9,1,6,,281768,16,0,49 50 51,1,60,,281769,16,0,49 50 51,1,10,,281770,16,0,49 50 51,1,24,,281771,17,0,37 42 9,1,6,,281772,16,0,49 50 51,1,55,,281773,16,0,49 50 51,1,20,,281774,16,0,49 50 51,1,24,,281775,17,0,37 42 9,1,6,,281776,16,0,49 50 51,1,60,,281777,16,0,49 50 51,1,20,,281778,16,0,49 50 51,1,15,,281779,16,0,31 42 9,1,80,,281780,17,0,52 49 50 51,1,20,,281781,16,0,49 50 51,1,75,,281782,16,0,49 50 51,1,25,,281783,16,0,31 42 9,1,80,,281784,17,0,52 49 50 51,1,20,,281785,16,0,49 50 51,1,70,,281786,16,0,49 50 51,1,20,,281787,16,0,49 50 51,1,65,,281788,16,0,31 42 9,1,30,,281789,16,0,31 42 9,1,71,,281790,17,0,37 42 9,1,9,,281791,16,0,49 50 51,1,20,,281792,16,0,31 42 9,1,71,,281793,17,0,37 42 9,1,9,,281794,16,0,49 50 51,1,20,,281795,16,0,49 50 51,1,13,,281796,16,0,31 42 9,1,61,,281797,17,0,37 42 9,1,6,,281798,16,0,49 50 51,1,10,,281799,16,0,49 50 51,1,10,,281800,16,0,49 50 51,1,66,,281801,17,0,37 42 9,1,9,,281802,16,0,49 50 51,1,25,,281803,16,0,49 50 51,1,20,,281804,16,0,49 50 51,1,74,,281805,17,0,37 42 9,1,16,,281806,16,0,49 50 51,1,65,,281807,16,0,31 42 9,1,30,,281808,16,0,49 50 51,1,105,,281809,16,0,31 42 9,1,100,,281810,16,0,49 50 51,1,100,,281811,16,0,31 42 9,1,200,,281812,16,0,31 42 9,1
4000,'20261016',447,,281813,16,0,31 42 9,1,100,,281814,16,0,31 42 9,1,95,,281815,16,0,31 42 9,1,70,,281816,16,0,49 50 51,1,34,,281817,17,0,37 42 9,1,6,,281818,16,0,49 50 51,1,60,,281819,16,0,49 50 51,1,10,,281820,16,0,49 50 51,1,24,,281821,17,0,37 42 9,1,6,,281822,16,0,49 50 51,1,55,,281823,16,0,49 50 51,1,20,,281824,16,0,49 50 51,1,24,,281825,17,0,37 42 9,1,6,,281826,16,0,49 50 51,1,60,,281827,16,0,49 50 51,1,20,,281828,16,0,49 50 51,1,15,,281829,16,0,31 42 9,1,80,,281830,17,0,52 49 50 51,1,20,,281831,16,0,49 50 51,1,75,,281832,16,0,49 50 51,1,25,,281833,16,0,31 42 9,1,80,,281834,17,0,52 49 50 51,1,20,,281835,16,0,49 50 51,1,70,,281836,16,0,49 50 51,1,20,,281837,16,0,49 50 51,1,65,,281838,16,0,31 42 9,1,30,,281839,16,0,31 42 9,1,71,,281840,17,0,37 42 9,1,9,,281841,16,0,49 50 51,1,20,,281842,16,0,31 42 9,1,71,,281843,17,0,37 42 9,1,9,,281844,16,0,49 50 51,1,20,,281845,16,0,49 50 51,1,13,,281846,16,0,31 42 9,1,61,,281847,17,0,37 42 9,1,6,,281848,16,0,49 50 51,1,10,,281849,16,0,49 50 51,1,10,,281850,16,0,49 50 51,1,66,,281851,17,0,37 42 9,1,9,,281852,16,0,49 50 51,1,25,,281853,16,0,49 50 51,1,20,,281854,16,0,49 50 51,1,74,,281855,17,0,37 42 9,1,16,,281856,16,0,49 50 51,1,65,,281857,16,0,31 42 9,1,30,,281858,16,0,49 50 51,1,105,,281859,16,0,31 42 9,1,100,,281860,16,0,49 50 51,1,100,,281861,16,0,31 42 9,1,200,,281862,16,0,31 42 9,1
4000,'20261017',447,,281863,16,0,31 42 9,1,200,,281864,16,0,31 42 9,1,100,,281865,16,0,31 42 9,1,105,,281866,16,0,49 50 51,1,100,,281867,16,0,31 42 9,1,70,,281868,16,0,49 50 51,1,30,,281869,16,0,49 50 51,1,70,,281870,16,0,49 50 51,1,30,,281871,16,0,31 42 9,1,70,,281872,16,0,49 50 51,1,30,,281873,16,0,49 50 51,1,70,,281874,16,0,49 50 51,1,30,,281875,16,0,31 42 9,1,70,,281876,16,0,49 50 51,1,30,,281877,16,0,49 50 51,1,70,,281878,16,0,49 50 51,1,20,,281879,16,0,49 50 51,1,60,,281880,16,0,31 42 9,1,20,,281881,16,0,49 50 51,1,20,,281882,16,0,49 50 51,1,60,,281883,16,0,31 42 9,1,20,,281884,16,0,49 50 51,1,20,,281885,16,0,49 50 51,1,60,,281886,16,0,31 42 9,1,20,,281887,16,0,49 50 51,1,20,,281888,16,0,49 50 51,1,60,,281889,16,0,31 42 9,1,20,,281890,16,0,49 50 51,1,20,,281891,16,0,49 50 51,1,60,,281892,16,0,31 42 9,1,15,,281893,16,0,49 50 51,1,20,,281894,16,0,49 50 51,1,20,,281895,16,0,31 42 9,1,65,,281896,16,0,49 50 51,1,30,,281897,16,0,49 50 51,1,100,,281898,16,0,31 42 9,1,95,,281899,16,0,49 50 51,1,100,,281900,16,0,31 42 9,1,200,,281901,16,0,31 42 9,1
4000,'20261018',447,,281902,16,0,31 42 9,1,200,,281903,16,0,31 42 9,1,100,,281904,16,0,31 42 9,1,105,,281905,16,0,49 50 51,1,100,,281906,16,0,31 42 9,1,70,,281907,16,0,49 50 51,1,30,,281908,16,0,49 50 51,1,70,,281909,16,0,49 50 51,1,30,,281910,16,0,31 42 9,1,70,,281911,16,0,49 50 51,1,30,,281912,16,0,49 50 51,1,70,,281913,16,0,49 50 51,1,30,,281914,16,0,31 42 9,1,70,,281915,16,0,49 50 51,1,30,,281916,16,0,49 50 51,1,70,,281917,16,0,49 50 51,1,20,,281918,16,0,49 50 51,1,60,,281919,16,0,31 42 9,1,20,,281920,16,0,49 50 51,1,20,,281921,16,0,49 50 51,1,60,,281922,16,0,31 42 9,1,20,,281923,16,0,49 50 51,1,20,,281924,16,0,49 50 51,1,60,,281925,16,0,31 42 9,1,20,,281926,16,0,49 50 51,1,20,,281927,16,0,49 50 51,1,60,,281928,16,0,31 42 9,1,20,,281929,16,0,49 50 51,1,20,,281930,16,0,49 50 51,1,60,,281931,16,0,31 42 9,1,15,,281932,16,0,49 50 51,1,20,,281933,16,0,49 50 51,1,20,,281934,16,0,31 42 9,1,65,,281935,16,0,49 50 51,1,30,,281936,16,0,49 50 51,1,100,,281937,16,0,31 42 9,1,95,,281938,16,0,49 50 51,1,100,,281939,16,0,31 42 9,1,200,,281940,16,0,31 42 9,1
4000,'20261019',447,,281941,16,0,31 42 9,1,100,,281942,16,0,31 42 9,1,95,,281943,16,0,31 42 9,1,70,,281944,16,0,49 50 51,1,34,,281945,17,0,37 42 9,1,6,,281946,16,0,49 50 51,1,60,,281947,16,0,49 50 51,1,10,,281948,16,0,49 50 51,1,24,,281949,17,0,37 42 9,1,6,,281950,16,0,49 50 51,1,55,,281951,16,0,49 50 51,1,20,,281952,16,0,49 50 51,1,24,,281953,17,0,37 42 9,1,6,,281954,16,0,49 50 51,1,60,,281955,16,0,49 50 51,1,20,,281956,16,0,49 50 51,1,15,,281957,16,0,31 42 9,1,80,,281958,17,0,52 49 50 51,1,20,,281959,16,0,49 50 51,1,75,,281960,16,0,49 50 51,1,25,,281961,16,0,31 42 9,1,80,,281962,17,0,52 49 50 51,1,20,,281963,16,0,49 50 51,1,70,,281964,16,0,49 50 51,1,20,,281965,16,0,49 50 51,1,65,,281966,16,0,31 42 9,1,30,,281967,16,0,31 42 9,1,71,,281968,17,0,37 42 9,1,9,,281969,16,0,49 50 51,1,20,,281970,16,0,31 42 9,1,71,,281971,17,0,37 42 9,1,9,,281972,16,0,49 50 51,1,20,,281973,16,0,49 50 51,1,13,,281974,16,0,31 42 9,1,61,,281975,17,0,37 42 9,1,6,,281976,16,0,49 50 51,1,10,,281977,16,0,49 50 51,1,10,,281978,16,0,49 50 51,1,66,,281979,17,0,37 42 9,1,9,,281980,16,0,49 50 51,1,25,,281981,16,0,49 50 51,1,20,,281982,16,0,49 50 51,1,74,,281983,17,0,37 42 9,1,16,,281984,16,0,49 50 51,1,65,,281985,16,0,31 42 9,1,30,,281986,16,0,49 50 51,1,105,,281987,16,0,31 42 9,1,100,,281988,16,0,49 50 51,1,100,,281989,16,0,31 42 9,1,200,,281990,16,0,31 42 9,1
4000,'20261020',447,,281991,16,0,31 42 9,1,100,,281992,16,0,31 42 9,1,95,,281993,16,0,31 42 9,1,70,,281994,16,0,49 50 51,1,34,,281995,17,0,37 42 9,1,6,,281996,16,0,49 50 51,1,60,,281997,16,0,49 50 51,1,10,,281998,16,0,49 50 51,1,24,,281999,17,0,37 42 9,1,6,,282000,16,0,49 50 51,1,55,,282001,16,0,49 50 51,1,20,,282002,16,0,49 50 51,1,24,,282003,17,0,37 42 9,1,6,,282004,16,0,49 50 51,1,60,,282005,16,0,49 50 51,1,20,,282006,16,0,49 50 51,1,15,,282007,16,0,31 42 9,1,80,,282008,17,0,52 49 50 51,1,20,,282009,16,0,49 50 51,1,75,,282010,16,0,49 50 51,1,25,,282011,16,0,31 42 9,1,80,,282012,17,0,52 49 50 51,1,20,,282013,16,0,49 50 51,1,70,,282014,16,0,49 50 51,1,20,,282015,16,0,49 50 51,1,65,,282016,16,0,31 42 9,1,30,,282017,16,0,31 42 9,1,71,,282018,17,0,37 42 9,1,9,,282019,16,0,49 50 51,1,20,,282020,16,0,31 42 9,1,71,,282021,17,0,37 42 9,1,9,,282022,16,0,49 50 51,1,20,,282023,16,0,49 50 51,1,13,,282024,16,0,31 42 9,1,61,,282025,17,0,37 42 9,1,6,,282026,16,0,49 50 51,1,10,,282027,16,0,49 50 51,1,10,,282028,16,0,49 50 51,1,66,,282029,17,0,37 42 9,1,9,,282030,16,0,49 50 51,1,25,,282031,16,0,49 50 51,1,20,,282032,16,0,49 50 51,1,74,,282033,17,0,37 42 9,1,16,,282034,16,0,49 50 51,1,65,,282035,16,0,31 42 9,1,30,,282036,16,0,49 50 51,1,105,,282037,16,0,31 42 9,1,100,,282038,16,0,49 50 51,1,100,,282039,16,0,31 42 9,1,200,,282040,16,0,31 42 9,1
4000,'20261021',447,,282041,16,0,31 42 9,1,100,,282042,16,0,31 42 9,1,95,,282043,16,0,31 42 9,1,70,,282044,16,0,49 50 51,1,34,,282045,17,0,37 42 9,1,6,,282046,16,0,49 50 51,1,60,,282047,16,0,49 50 51,1,10,,282048,16,0,49 50 51,1,24,,282049,17,0,37 42 9,1,6,,282050,16,0,49 50 51,1,55,,282051,16,0,49 50 51,1,20,,282052,16,0,49 50 51,1,24,,282053,17,0,37 42 9,1,6,,282054,16,0,49 50 51,1,60,,282055,16,0,49 50 51,1,20,,282056,16,0,49 50 51,1,15,,282057,16,0,31 42 9,1,80,,282058,17,0,52 49 50 51,1,20,,282059,16,0,49 50 51,1,75,,282060,16,0,49 50 51,1,25,,282061,16,0,31 42 9,1,80,,282062,17,0,52 49 50 51,1,20,,282063,16,0,49 50 51,1,70,,282064,16,0,49 50 51,1,20,,282065,16,0,49 50 51,1,65,,282066,16,0,31 42 9,1,30,,282067,16,0,31 42 9,1,71,,282068,17,0,37 42 9,1,9,,282069,16,0,49 50 51,1,20,,282070,16,0,31 42 9,1,71,,282071,17,0,37 42 9,1,9,,282072,16,0,49 50 51,1,20,,282073,16,0,49 50 51,1,13,,282074,16,0,31 42 9,1,61,,282075,17,0,37 42 9,1,6,,282076,16,0,49 50 51,1,10,,282077,16,0,49 50 51,1,10,,282078,16,0,49 50 51,1,66,,282079,17,0,37 42 9,1,9,,282080,16,0,49 50 51,1,25,,282081,16,0,49 50 51,1,20,,282082,16,0,49 50 51,1,74,,282083,17,0,37 42 9,1,16,,282084,16,0,49 50 51,1,65,,282085,16,0,31 42 9,1,30,,282086,16,0,49 50 51,1,105,,282087,16,0,31 42 9,1,100,,282088,16,0,49 50 51,1,100,,282089,16,0,31 42 9,1,200,,282090,16,0,31 42 9,1
4000,'20261022',447,,282091,16,0,31 42 9,1,100,,282092,16,0,31 42 9,1,95,,282093,16,0,31 42 9,1,70,,282094,16,0,49 50 51,1,34,,282095,17,0,37 42 9,1,6,,282096,16,0,49 50 51,1,60,,282097,16,0,49 50 51,1,10,,282098,16,0,49 50 51,1,24,,282099,17,0,37 42 9,1,6,,282100,16,0,49 50 51,1,55,,282101,16,0,49 50 51,1,20,,282102,16,0,49 50 51,1,24,,282103,17,0,37 42 9,1,6,,282104,16,0,49 50 51,1,60,,282105,16,0,49 50 51,1,20,,282106,16,0,49 50 51,1,15,,282107,16,0,31 42 9,1,80,,282108,17,0,52 49 50 51,1,20,,282109,16,0,49 50 51,1,75,,282110,16,0,49 50 51,1,25,,282111,16,0,31 42 9,1,80,,282112,17,0,52 49 50 51,1,20,,282113,16,0,49 50 51,1,70,,282114,16,0,49 50 51,1,20,,282115,16,0,49 50 51,1,65,,282116,16,0,31 42 9,1,30,,282117,16,0,31 42 9,1,71,,282118,17,0,37 42 9,1,9,,282119,16,0,49 50 51,1,20,,282120,16,0,31 42 9,1,71,,282121,17,0,37 42 9,1,9,,282122,16,0,49 50 51,1,20,,282123,16,0,49 50 51,1,13,,282124,16,0,31 42 9,1,61,,282125,17,0,37 42 9,1,6,,282126,16,0,49 50 51,1,10,,282127,16,0,49 50 51,1,10,,282128,16,0,49 50 51,1,66,,282129,17,0,37 42 9,1,9,,282130,16,0,49 50 51,1,25,,282131,16,0,49 50 51,1,20,,282132,16,0,49 50 51,1,74,,282133,17,0,37 42 9,1,16,,282134,16,0,49 50 51,1,65,,282135,16,0,31 42 9,1,30,,282136,16,0,49 50 51,1,105,,282137,16,0,31 42 9,1,100,,282138,16,0,49 50 51,1,100,,282139,16,0,31 42 9,1,200,,282140,16,0,31 42 9,1
4000,'20261023',447,,282141,16,0,31 42 9,1,100,,282142,16,0,31 42 9,1,95,,282143,16,0,31 42 9,1,70,,282144,16,0,49 50 51,1,34,,282145,17,0,37 42 9,1,6,,282146,16,0,49 50 51,1,60,,282147,16,0,49 50 51,1,10,,282148,16,0,49 50 51,1,24,,282149,17,0,37 42 9,1,6,,282150,16,0,49 50 51,1,55,,282151,16,0,49 50 51,1,20,,282152,16,0,49 50 51,1,24,,282153,17,0,37 42 9,1,6,,282154,16,0,49 50 51,1,60,,282155,16,0,49 50 51,1,20,,282156,16,0,49 50 51,1,15,,282157,16,0,31 42 9,1,80,,282158,17,0,52 49 50 51,1,20,,282159,16,0,49 50 51,1,75,,282160,16,0,49 50 51,1,25,,282161,16,0,31 42 9,1,80,,282162,17,0,52 49 50 51,1,20,,282163,16,0,49 50 51,1,70,,282164,16,0,49 50 51,1,20,,282165,16,0,49 50 51,1,65,,282166,16,0,31 42 9,1,30,,282167,16,0,31 42 9,1,71,,282168,17,0,37 42 9,1,9,,282169,16,0,49 50 51,1,20,,282170,16,0,31 42 9,1,71,,282171,17,0,37 42 9,1,9,,282172,16,0,49 50 51,1,20,,282173,16,0,49 50 51,1,13,,282174,16,0,31 42 9,1,61,,282175,17,0,37 42 9,1,6,,282176,16,0,49 50 51,1,10,,282177,16,0,49 50 51,1,10,,282178,16,0,49 50 51,1,66,,282179,17,0,37 42 9,1,9,,282180,16,0,49 50 51,1,25,,282181,16,0,49 50 51,1,20,,282182,16,0,49 50 51,1,74,,282183,17,0,37 42 9,1,16,,282184,16,0,49 50 51,1,65,,282185,16,0,31 42 9,1,30,,282186,16,0,49 50 51,1,105,,282187,16,0,31 42 9,1,100,,282188,16,0,49 50 51,1,100,,282189,16,0,31 42 9,1,200,,282190,16,0,31 42 9,1
4000,'20261024',447,,282191,16,0,31 42 9,1,200,,282192,16,0,31 42 9,1,100,,282193,16,0,31 42 9,1,105,,282194,16,0,49 50 51,1,100,,282195,16,0,31 42 9,1,70,,282196,16,0,49 50 51,1,30,,282197,16,0,49 50 51,1,70,,282198,16,0,49 50 51,1,30,,282199,16,0,31 42 9,1,70,,282200,16,0,49 50 51,1,30,,282201,16,0,49 50 51,1,70,,282202,16,0,49 50 51,1,30,,282203,16,0,31 42 9,1,70,,282204,16,0,49 50 51,1,30,,282205,16,0,49 50 51,1,70,,282206,16,0,49 50 51,1,20,,282207,16,0,49 50 51,1,60,,282208,16,0,31 42 9,1,20,,282209,16,0,49 50 51,1,20,,282210,16,0,49 50 51,1,60,,282211,16,0,31 42 9,1,20,,282212,16,0,49 50 51,1,20,,282213,16,0,49 50 51,1,60,,282214,16,0,31 42 9,1,20,,282215,16,0,49 50 51,1,20,,282216,16,0,49 50 51,1,60,,282217,16,0,31 42 9,1,20,,282218,16,0,49 50 51,1,20,,282219,16,0,49 50 51,1,60,,282220,16,0,31 42 9,1,15,,282221,16,0,49 50 51,1,20,,282222,16,0,49 50 51,1,20,,282223,16,0,31 42 9,1,65,,282224,16,0,49 50 51,1,30,,282225,16,0,49 50 51,1,100,,282226,16,0,31 42 9,1,95,,282227,16,0,49 50 51,1,100,,282228,16,0,31 42 9,1,200,,282229,16,0,31 42 9,1
4000,'20261025',447,,282230,16,0,31 42 9,1,200,,282231,16,0,31 42 9,1,100,,282232,16,0,31 42 9,1,105,,282233,16,0,49 50 51,1,100,,282234,16,0,31 42 9,1,70,,282235,16,0,49 50 51,1,30,,282236,16,0,49 50 51,1,70,,282237,16,0,49 50 51,1,30,,282238,16,0,31 42 9,1,70,,282239,16,0,49 50 51,1,30,,282240,16,0,49 50 51,1,70,,282241,16,0,49 50 51,1,30,,282242,16,0,31 42 9,1,70,,282243,16,0,49 50 51,1,30,,282244,16,0,49 50 51,1,70,,282245,16,0,49 50 51,1,20,,282246,16,0,49 50 51,1,60,,282247,16,0,31 42 9,1,20,,282248,16,0,49 50 51,1,20,,282249,16,0,49 50 51,1,60,,282250,16,0,31 42 9,1,20,,282251,16,0,49 50 51,1,20,,282252,16,0,49 50 51,1,60,,282253,16,0,31 42 9,1,20,,282254,16,0,49 50 51,1,20,,282255,16,0,49 50 51,1,60,,282256,16,0,31 42 9,1,20,,282257,16,0,49 50 51,1,20,,282258,16,0,49 50 51,1,60,,282259,16,0,31 42 9,1,15,,282260,16,0,49 50 51,1,20,,282261,16,0,49 50 51,1,20,,282262,16,0,31 42 9,1,65,,282263,16,0,49 50 51,1,30,,282264,16,0,49 50 51,1,100,,282265,16,0,31 42 9,1,95,,282266,16,0,49 50 51,1,100,,282267,16,0,31 42 9,1,200,,282268,16,0,31 42 9,1
4000,'20261026',447,,282269,16,0,31 42 9,1,100,,282270,16,0,31 42 9,1,95,,282271,16,0,31 42 9,1,70,,282272,16,0,49 50 51,1,34,,282273,17,0,37 42 9,1,6,,282274,16,0,49 50 51,1,60,,282275,16,0,49 50 51,1,10,,282276,16,0,49 50 51,1,24,,282277,17,0,37 42 9,1,6,,282278,16,0,49 50 51,1,55,,282279,16,0,49 50 51,1,20,,282280,16,0,49 50 51,1,24,,282281,17,0,37 42 9,1,6,,282282,16,0,49 50 51,1,60,,282283,16,0,49 50 51,1,20,,282284,16,0,49 50 51,1,15,,282285,16,0,31 42 9,1,80,,282286,17,0,52 49 50 51,1,20,,282287,16,0,49 50 51,1,75,,282288,16,0,49 50 51,1,25,,282289,16,0,31 42 9,1,80,,282290,17,0,52 49 50 51,1,20,,282291,16,0,49 50 51,1,70,,282292,16,0,49 50 51,1,20,,282293,16,0,49 50 51,1,65,,282294,16,0,31 42 9,1,30,,282295,16,0,31 42 9,1,71,,282296,17,0,37 42 9,1,9,,282297,16,0,49 50 51,1,20,,282298,16,0,31 42 9,1,71,,282299,17,0,37 42 9,1,9,,282300,16,0,49 50 51,1,20,,282301,16,0,49 50 51,1,13,,282302,16,0,31 42 9,1,61,,282303,17,0,37 42 9,1,6,,282304,16,0,49 50 51,1,10,,282305,16,0,49 50 51,1,10,,282306,16,0,49 50 51,1,66,,282307,17,0,37 42 9,1,9,,282308,16,0,49 50 51,1,25,,282309,16,0,49 50 51,1,20,,282310,16,0,49 50 51,1,74,,282311,17,0,37 42 9,1,16,,282312,16,0,49 50 51,1,65,,282313,16,0,31 42 9,1,30,,282314,16,0,49 50 51,1,105,,282315,16,0,31 42 9,1,100,,282316,16,0,49 50 51,1,100,,282317,16,0,31 42 9,1,200,,282318,16,0,31 42 9,1
4000,'20261027',447,,282319,16,0,31 42 9,1,100,,282320,16,0,31 42 9,1,95,,282321,16,0,31 42 9,1,70,,282322,16,0,49 50 51,1,34,,282323,17,0,37 42 9,1,6,,282324,16,0,49 50 51,1,60,,282325,16,0,49 50 51,1,10,,282326,16,0,49 50 51,1,24,,282327,17,0,37 42 9,1,6,,282328,16,0,49 50 51,1,55,,282329,16,0,49 50 51,1,20,,282330,16,0,49 50 51,1,24,,282331,17,0,37 42 9,1,6,,282332,16,0,49 50 51,1,60,,282333,16,0,49 50 51,1,20,,282334,16,0,49 50 51,1,15,,282335,16,0,31 42 9,1,80,,282336,17,0,52 49 50 51,1,20,,282337,16,0,49 50 51,1,75,,282338,16,0,49 50 51,1,25,,282339,16,0,31 42 9,1,80,,282340,17,0,52 49 50 51,1,20,,282341,16,0,49 50 51,1,70,,282342,16,0,49 50 51,1,20,,282343,16,0,49 50 51,1,65,,282344,16,0,31 42 9,1,30,,282345,16,0,31 42 9,1,71,,282346,17,0,37 42 9,1,9,,282347,16,0,49 50 51,1,20,,282348,16,0,31 42 9,1,71,,282349,17,0,37 42 9,1,9,,282350,16,0,49 50 51,1,20,,282351,16,0,49 50 51,1,13,,282352,16,0,31 42 9,1,61,,282353,17,0,37 42 9,1,6,,282354,16,0,49 50 51,1,10,,282355,16,0,49 50 51,1,10,,282356,16,0,49 50 51,1,66,,282357,17,0,37 42 9,1,9,,282358,16,0,49 50 51,1,25,,282359,16,0,49 50 51,1,20,,282360,16,0,49 50 51,1,74,,282361,17,0,37 42 9,1,16,,282362,16,0,49 50 51,1,65,,282363,16,0,31 42 9,1,30,,282364,16,0,49 50 51,1,105,,282365,16,0,31 42 9,1,100,,282366,16,0,49 50 51,1,100,,282367,16,0,31 42 9,1,200,,282368,16,0,31 42 9,1
4000,'20261028',447,,282369,16,0,31 42 9,1,100,,282370,16,0,31 42 9,1,95,,282371,16,0,31 42 9,1,70,,282372,16,0,49 50 51,1,34,,282373,17,0,37 42 9,1,6,,282374,16,0,49 50 51,1,60,,282375,16,0,49 50 51,1,10,,282376,16,0,49 50 51,1,24,,282377,17,0,37 42 9,1,6,,282378,16,0,49 50 51,1,55,,282379,16,0,49 50 51,1,20,,282380,16,0,49 50 51,1,24,,282381,17,0,37 42 9,1,6,,282382,16,0,49 50 51,1,60,,282383,16,0,49 50 51,1,20,,282384,16,0,49 50 51,1,15,,282385,16,0,31 42 9,1,80,,282386,17,0,52 49 50 51,1,20,,282387,16,0,49 50 51,1,75,,282388,16,0,49 50 51,1,25,,282389,16,0,31 42 9,1,80,,282390,17,0,52 49 50 51,1,20,,282391,16,0,49 50 51,1,70,,282392,16,0,49 50 51,1,20,,282393,16,0,49 50 51,1,65,,282394,16,0,31 42 9,1,30,,282395,16,0,31 42 9,1,71,,282396,17,0,37 42 9,1,9,,282397,16,0,49 50 51,1,20,,282398,16,0,31 42 9,1,71,,282399,17,0,37 42 9,1,9,,282400,16,0,49 50 51,1,20,,282401,16,0,49 50 51,1,13,,282402,16,0,31 42 9,1,61,,282403,17,0,37 42 9,1,6,,282404,16,0,49 50 51,1,10,,282405,16,0,49 50 51,1,10,,282406,16,0,49 50 51,1,66,,282407,17,0,37 42 9,1,9,,282408,16,0,49 50 51,1,25,,282409,16,0,49 50 51,1,20,,282410,16,0,49 50 51,1,74,,282411,17,0,37 42 9,1,16,,282412,16,0,49 50 51,1,65,,282413,16,0,31 42 9,1,30,,282414,16,0,49 50 51,1,105,,282415,16,0,31 42 9,1,100,,282416,16,0,49 50 51,1,100,,282417,16,0,31 42 9,1,200,,282418,16,0,31 42 9,1
4000,'20261029',447,,282419,16,0,31 42 9,1,100,,282420,16,0,31 42 9,1,95,,282421,16,0,31 42 9,1,70,,282422,16,0,49 50 51,1,34,,282423,17,0,37 42 9,1,6,,282424,16,0,49 50 51,1,60,,282425,16,0,49 50 51,1,10,,282426,16,0,49 50 51,1,24,,282427,17,0,37 42 9,1,6,,282428,16,0,49 50 51,1,55,,282429,16,0,49 50 51,1,20,,282430,16,0,49 50 51,1,24,,282431,17,0,37 42 9,1,6,,282432,16,0,49 50 51,1,60,,282433,16,0,49 50 51,1,20,,282434,16,0,49 50 51,1,15,,282435,16,0,31 42 9,1,80,,282436,17,0,52 49 50 51,1,20,,282437,16,0,49 50 51,1,75,,282438,16,0,49 50 51,1,25,,282439,16,0,31 42 9,1,80,,282440,17,0,52 49 50 51,1,20,,282441,16,0,49 50 51,1,70,,282442,16,0,49 50 51,1,20,,282443,16,0,49 50 51,1,65,,282444,16,0,31 42 9,1,30,,282445,16,0,31 42 9,1,71,,282446,17,0,37 42 9,1,9,,282447,16,0,49 50 51,1,20,,282448,16,0,31 42 9,1,71,,282449,17,0,37 42 9,1,9,,282450,16,0,49 50 51,1,20,,282451,16,0,49 50 51,1,13,,282452,16,0,31 42 9,1,61,,282453,17,0,37 42 9,1,6,,282454,16,0,49 50 51,1,10,,282455,16,0,49 50 51,1,10,,282456,16,0,49 50 51,1,66,,282457,17,0,37 42 9,1,9,,282458,16,0,49 50 51,1,25,,282459,16,0,49 50 51,1,20,,282460,16,0,49 50 51,1,74,,282461,17,0,37 42 9,1,16,,282462,16,0,49 50 51,1,65,,282463,16,0,31 42 9,1,30,,282464,16,0,49 50 51,1,105,,282465,16,0,31 42 9,1,100,,282466,16,0,49 50 51,1,100,,282467,16,0,31 42 9,1,200,,282468,16,0,31 42 9,1
4000,'20261030',447,,282469,16,0,31 42 9,1,100,,282470,16,0,31 42 9,1,95,,282471,16,0,31 42 9,1,70,,282472,16,0,49 50 51,1,34,,282473,17,0,37 42 9,1,6,,282474,16,0,49 50 51,1,60,,282475,16,0,49 50 51,1,10,,282476,16,0,49 50 51,1,24,,282477,17,0,37 42 9,1,6,,282478,16,0,49 50 51,1,55,,282479,16,0,49 50 51,1,20,,282480,16,0,49 50 51,1,24,,282481,17,0,37 42 9,1,6,,282482,16,0,49 50 51,1,60,,282483,16,0,49 50 51,1,20,,282484,16,0,49 50 51,1,15,,282485,16,0,31 42 9,1,80,,282486,17,0,52 49 50 51,1,20,,282487,16,0,49 50 51,1,75,,282488,16,0,49 50 51,1,25,,282489,16,0,31 42 9,1,80,,282490,17,0,52 49 50 51,1,20,,282491,16,0,49 50 51,1,70,,282492,16,0,49 50 51,1,20,,282493,16,0,49 50 51,1,65,,282494,16,0,31 42 9,1,30,,282495,16,0,31 42 9,1,71,,282496,17,0,37 42 9,1,9,,282497,16,0,49 50 51,1,20,,282498,16,0,31 42 9,1,71,,282499,17,0,37 42 9,1,9,,282500,16,0,49 50 51,1,20,,282501,16,0,49 50 51,1,13,,282502,16,0,31 42 9,1,61,,282503,17,0,37 42 9,1,6,,282504,16,0,49 50 51,1,10,,282505,16,0,49 50 51,1,10,,282506,16,0,49 50 51,1,66,,282507,17,0,37 42 9,1,9,,282508,16,0,49 50 51,1,25,,282509,16,0,49 50 51,1,20,,282510,16,0,49 50 51,1,74,,282511,17,0,37 42 9,1,16,,282512,16,0,49 50 51,1,65,,282513,16,0,31 42 9,1,30,,282514,16,0,49 50 51,1,105,,282515,16,0,31 42 9,1,100,,282516,16,0,49 50 51,1,100,,282517,16,0,31 42 9,1,200,,282518,16,0,31 42 9,1
4000,'20261031',447,,282519,16,0,31 42 9,1,200,,282520,16,0,31 42 9,1,100,,282521,16,0,31 42 9,1,105,,282522,16,0,49 50 51,1,100,,282523,16,0,31 42 9,1,70,,282524,16,0,49 50 51,1,30,,282525,16,0,49 50 51,1,70,,282526,16,0,49 50 51,1,30,,282527,16,0,31 42 9,1,70,,282528,16,0,49 50 51,1,30,,282529,16,0,49 50 51,1,70,,282530,16,0,49 50 51,1,30,,282531,16,0,31 42 9,1,70,,282532,16,0,49 50 51,1,30,,282533,16,0,49 50 51,1,70,,282534,16,0,49 50 51,1,20,,282535,16,0,49 50 51,1,60,,282536,16,0,31 42 9,1,20,,282537,16,0,49 50 51,1,20,,282538,16,0,49 50 51,1,60,,282539,16,0,31 42 9,1,20,,282540,16,0,49 50 51,1,20,,282541,16,0,49 50 51,1,60,,282542,16,0,31 42 9,1,20,,282543,16,0,49 50 51,1,20,,282544,16,0,49 50 51,1,60,,282545,16,0,31 42 9,1,20,,282546,16,0,49 50 51,1,20,,282547,16,0,49 50 51,1,60,,282548,16,0,31 42 9,1,15,,282549,16,0,49 50 51,1,20,,282550,16,0,49 50 51,1,20,,282551,16,0,31 42 9,1,65,,282552,16,0,49 50 51,1,30,,282553,16,0,49 50 51,1,100,,282554,16,0,31 42 9,1,95,,282555,16,0,49 50 51,1,100,,282556,16,0,31 42 9,1,200,,282557,16,0,31 42 9,1
4000,'20261101',447,,282558,16,0,31 42 9,1,200,,282559,16,0,31 42 9,1,100,,282560,16,0,31 42 9,1,105,,282561,16,0,49 50 51,1,100,,282562,16,0,31 42 9,1,70,,282563,16,0,49 50 51,1,30,,282564,16,0,49 50 51,1,70,,282565,16,0,49 50 51,1,30,,282566,16,0,31 42 9,1,70,,282567,16,0,49 50 51,1,30,,282568,16,0,49 50 51,1,70,,282569,16,0,49 50 51,1,30,,282570,16,0,31 42 9,1,70,,282571,16,0,49 50 51,1,30,,282572,16,0,49 50 51,1,70,,282573,16,0,49 50 51,1,20,,282574,16,0,49 50 51,1,60,,282575,16,0,31 42 9,1,20,,282576,16,0,49 50 51,1,20,,282577,16,0,49 50 51,1,60,,282578,16,0,31 42 9,1,20,,282579,16,0,49 50 51,1,20,,282580,16,0,49 50 51,1,60,,282581,16,0,31 42 9,1,20,,282582,16,0,49 50 51,1,20,,282583,16,0,49 50 51,1,60,,282584,16,0,31 42 9,1,20,,282585,16,0,49 50 51,1,20,,282586,16,0,49 50 51,1,60,,282587,16,0,31 42 9,1,15,,282588,16,0,49 50 51,1,20,,282589,16,0,49 50 51,1,20,,282590,16,0,31 42 9,1,65,,282591,16,0,49 50 51,1,30,,282592,16,0,49 50 51,1,100,,282593,16,0,31 42 9,1,95,,282594,16,0,49 50 51,1,100,,282595,16,0,31 42 9,1,200,,282596,16,0,31 42 9,1
4000,'20261102',447,,282597,16,0,31 42 9,1,100,,282598,16,0,31 42 9,1,95,,282599,16,0,31 42 9,1,70,,282600,16,0,49 50 51,1,34,,282601,17,0,37 42 9,1,6,,282602,16,0,49 50 51,1,60,,282603,16,0,49 50 51,1,10,,282604,16,0,49 50 51,1,24,,282605,17,0,37 42 9,1,6,,282606,16,0,49 50 51,1,55,,282607,16,0,49 50 51,1,20,,282608,16,0,49 50 51,1,24,,282609,17,0,37 42 9,1,6,,282610,16,0,49 50 51,1,60,,282611,16,0,49 50 51,1,20,,282612,16,0,49 50 51,1,15,,282613,16,0,31 42 9,1,80,,282614,17,0,52 49 50 51,1,20,,282615,16,0,49 50 51,1,75,,282616,16,0,49 50 51,1,25,,282617,16,0,31 42 9,1,80,,282618,17,0,52 49 50 51,1,20,,282619,16,0,49 50 51,1,70,,282620,16,0,49 50 51,1,20,,282621,16,0,49 50 51,1,65,,282622,16,0,31 42 9,1,30,,282623,16,0,31 42 9,1,71,,282624,17,0,37 42 9,1,9,,282625,16,0,49 50 51,1,20,,282626,16,0,31 42 9,1,71,,282627,17,0,37 42 9,1,9,,282628,16,0,49 50 51,1,20,,282629,16,0,49 50 51,1,13,,282630,16,0,31 42 9,1,61,,282631,17,0,37 42 9,1,6,,282632,16,0,49 50 51,1,10,,282633,16,0,49 50 51,1,10,,282634,16,0,49 50 51,1,66,,282635,17,0,37 42 9,1,9,,282636,16,0,49 50 51,1,25,,282637,16,0,49 50 51,1,20,,282638,16,0,49 50 51,1,74,,282639,17,0,37 42 9,1,16,,282640,16,0,49 50 51,1,65,,282641,16,0,31 42 9,1,30,,282642,16,0,49 50 51,1,105,,282643,16,0,31 42 9,1,100,,282644,16,0,49 50 51,1,100,,282645,16,0,31 42 9,1,200,,282646,16,0,31 42 9,1
4000,'20261103',447,,282647,16,0,31 42 9,1,100,,282648,16,0,31 42 9,1,95,,282649,16,0,31 42 9,1,70,,282650,16,0,49 50 51,1,34,,282651,17,0,37 42 9,1,6,,282652,16,0,49 50 51,1,60,,282653,16,0,49 50 51,1,10,,282654,16,0,49 50 51,1,24,,282655,17,0,37 42 9,1,6,,282656,16,0,49 50 51,1,55,,282657,16,0,49 50 51,1,20,,282658,16,0,49 50 51,1,24,,282659,17,0,37 42 9,1,6,,282660,16,0,49 50 51,1,60,,282661,16,0,49 50 51,1,20,,282662,16,0,49 50 51,1,15,,282663,16,0,31 42 9,1,80,,282664,17,0,52 49 50 51,1,20,,282665,16,0,49 50 51,1,75,,282666,16,0,49 50 51,1,25,,282667,16,0,31 42 9,1,80,,282668,17,0,52 49 50 51,1,20,,282669,16,0,49 50 51,1,70,,282670,16,0,49 50 51,1,20,,282671,16,0,49 50 51,1,65,,282672,16,0,31 42 9,1,30,,282673,16,0,31 42 9,1,71,,282674,17,0,37 42 9,1,9,,282675,16,0,49 50 51,1,20,,282676,16,0,31 42 9,1,71,,282677,17,0,37 42 9,1,9,,282678,16,0,49 50 51,1,20,,282679,16,0,49 50 51,1,13,,282680,16,0,31 42 9,1,61,,282681,17,0,37 42 9,1,6,,282682,16,0,49 50 51,1,10,,282683,16,0,49 50 51,1,10,,282684,16,0,49 50 51,1,66,,282685,17,0,37 42 9,1,9,,282686,16,0,49 50 51,1,25,,282687,16,0,49 50 51,1,20,,282688,16,0,49 50 51,1,74,,282689,17,0,37 42 9,1,16,,282690,16,0,49 50 51,1,65,,282691,16,0,31 42 9,1,30,,282692,16,0,49 50 51,1,105,,282693,16,0,31 42 9,1,100,,282694,16,0,49 50 51,1,100,,282695,16,0,31 42 9,1,200,,282696,16,0,31 42 9,1
4000,'20261104',447,,282697,16,0,31 42 9,1,100,,282698,16,0,31 42 9,1,95,,282699,16,0,31 42 9,1,70,,282700,16,0,49 50 51,1,34,,282701,17,0,37 42 9,1,6,,282702,16,0,49 50 51,1,60,,282703,16,0,49 50 51,1,10,,282704,16,0,49 50 51,1,24,,282705,17,0,37 42 9,1,6,,282706,16,0,49 50 51,1,55,,282707,16,0,49 50 51,1,20,,282708,16,0,49 50 51,1,24,,282709,17,0,37 42 9,1,6,,282710,16,0,49 50 51,1,60,,282711,16,0,49 50 51,1,20,,282712,16,0,49 50 51,1,15,,282713,16,0,31 42 9,1,80,,282714,17,0,52 49 50 51,1,20,,282715,16,0,49 50 51,1,75,,282716,16,0,49 50 51,1,25,,282717,16,0,31 42 9,1,80,,282718,17,0,52 49 50 51,1,20,,282719,16,0,49 50 51,1,70,,282720,16,0,49 50 51,1,20,,282721,16,0,49 50 51,1,65,,282722,16,0,31 42 9,1,30,,282723,16,0,31 42 9,1,71,,282724,17,0,37 42 9,1,9,,282725,16,0,49 50 51,1,20,,282726,16,0,31 42 9,1,71,,282727,17,0,37 42 9,1,9,,282728,16,0,49 50 51,1,20,,282729,16,0,49 50 51,1,13,,282730,16,0,31 42 9,1,61,,282731,17,0,37 42 9,1,6,,282732,16,0,49 50 51,1,10,,282733,16,0,49 50 51,1,10,,282734,16,0,49 50 51,1,66,,282735,17,0,37 42 9,1,9,,282736,16,0,49 50 51,1,25,,282737,16,0,49 50 51,1,20,,282738,16,0,49 50 51,1,74,,282739,17,0,37 42 9,1,16,,282740,16,0,49 50 51,1,65,,282741,16,0,31 42 9,1,30,,282742,16,0,49 50 51,1,105,,282743,16,0,31 42 9,1,100,,282744,16,0,49 50 51,1,100,,282745,16,0,31 42 9,1,200,,282746,16,0,31 42 9,1
4000,'20261105',447,,282747,16,0,31 42 9,1,100,,282748,16,0,31 42 9,1,95,,282749,16,0,31 42 9,1,70,,282750,16,0,49 50 51,1,34,,282751,17,0,37 42 9,1,6,,282752,16,0,49 50 51,1,60,,282753,16,0,49 50 51,1,10,,282754,16,0,49 50 51,1,24,,282755,17,0,37 42 9,1,6,,282756,16,0,49 50 51,1,55,,282757,16,0,49 50 51,1,20,,282758,16,0,49 50 51,1,24,,282759,17,0,37 42 9,1,6,,282760,16,0,49 50 51,1,60,,282761,16,0,49 50 51,1,20,,282762,16,0,49 50 51,1,15,,282763,16,0,31 42 9,1,80,,282764,17,0,52 49 50 51,1,20,,282765,16,0,49 50 51,1,75,,282766,16,0,49 50 51,1,25,,282767,16,0,31 42 9,1,80,,282768,17,0,52 49 50 51,1,20,,282769,16,0,49 50 51,1,70,,282770,16,0,49 50 51,1,20,,282771,16,0,49 50 51,1,65,,282772,16,0,31 42 9,1,30,,282773,16,0,31 42 9,1,71,,282774,17,0,37 42 9,1,9,,282775,16,0,49 50 51,1,20,,282776,16,0,31 42 9,1,71,,282777,17,0,37 42 9,1,9,,282778,16,0,49 50 51,1,20,,282779,16,0,49 50 51,1,13,,282780,16,0,31 42 9,1,61,,282781,17,0,37 42 9,1,6,,282782,16,0,49 50 51,1,10,,282783,16,0,49 50 51,1,10,,282784,16,0,49 50 51,1,66,,282785,17,0,37 42 9,1,9,,282786,16,0,49 50 51,1,25,,282787,16,0,49 50 51,1,20,,282788,16,0,49 50 51,1,74,,282789,17,0,37 42 9,1,16,,282790,16,0,49 50 51,1,65,,282791,16,0,31 42 9,1,30,,282792,16,0,49 50 51,1,105,,282793,16,0,31 42 9,1,100,,282794,16,0,49 50 51,1,100,,282795,16,0,31 42 9,1,200,,282796,16,0,31 42 9,1
4000,'20261106',447,,282797,16,0,31 42 9,1,100,,282798,16,0,31 42 9,1,95,,282799,16,0,31 42 9,1,70,,282800,16,0,49 50 51,1,34,,282801,17,0,37 42 9,1,6,,282802,16,0,49 50 51,1,60,,282803,16,0,49 50 51,1,10,,282804,16,0,49 50 51,1,24,,282805,17,0,37 42 9,1,6,,282806,16,0,49 50 51,1,55,,282807,16,0,49 50 51,1,20,,282808,16,0,49 50 51,1,24,,282809,17,0,37 42 9,1,6,,282810,16,0,49 50 51,1,60,,282811,16,0,49 50 51,1,20,,282812,16,0,49 50 51,1,15,,282813,16,0,31 42 9,1,80,,282814,17,0,52 49 50 51,1,20,,282815,16,0,49 50 51,1,75,,282816,16,0,49 50 51,1,25,,282817,16,0,31 42 9,1,80,,282818,17,0,52 49 50 51,1,20,,282819,16,0,49 50 51,1,70,,282820,16,0,49 50 51,1,20,,282821,16,0,49 50 51,1,65,,282822,16,0,31 42 9,1,30,,282823,16,0,31 42 9,1,71,,282824,17,0,37 42 9,1,9,,282825,16,0,49 50 51,1,20,,282826,16,0,31 42 9,1,71,,282827,17,0,37 42 9,1,9,,282828,16,0,49 50 51,1,20,,282829,16,0,49 50 51,1,13,,282830,16,0,31 42 9,1,61,,282831,17,0,37 42 9,1,6,,282832,16,0,49 50 51,1,10,,282833,16,0,49 50 51,1,10,,282834,16,0,49 50 51,1,66,,282835,17,0,37 42 9,1,9,,282836,16,0,49 50 51,1,25,,282837,16,0,49 50 51,1,20,,282838,16,0,49 50 51,1,74,,282839,17,0,37 42 9,1,16,,282840,16,0,49 50 51,1,65,,282841,16,0,31 42 9,1,30,,282842,16,0,49 50 51,1,105,,282843,16,0,31 42 9,1,100,,282844,16,0,49 50 51,1,100,,282845,16,0,31 42 9,1,200,,282846,16,0,31 42 9,1
4000,'20261107',447,,282847,16,0,31 42 9,1,200,,282848,16,0,31 42 9,1,100,,282849,16,0,31 42 9,1,105,,282850,16,0,49 50 51,1,100,,282851,16,0,31 42 9,1,70,,282852,16,0,49 50 51,1,30,,282853,16,0,49 50 51,1,70,,282854,16,0,49 50 51,1,30,,282855,16,0,31 42 9,1,70,,282856,16,0,49 50 51,1,30,,282857,16,0,49 50 51,1,70,,282858,16,0,49 50 51,1,30,,282859,16,0,31 42 9,1,70,,282860,16,0,49 50 51,1,30,,282861,16,0,49 50 51,1,70,,282862,16,0,49 50 51,1,20,,282863,16,0,49 50 51,1,60,,282864,16,0,31 42 9,1,20,,282865,16,0,49 50 51,1,20,,282866,16,0,49 50 51,1,60,,282867,16,0,31 42 9,1,20,,282868,16,0,49 50 51,1,20,,282869,16,0,49 50 51,1,60,,282870,16,0,31 42 9,1,20,,282871,16,0,49 50 51,1,20,,282872,16,0,49 50 51,1,60,,282873,16,0,31 42 9,1,20,,282874,16,0,49 50 51,1,20,,282875,16,0,49 50 51,1,60,,282876,16,0,31 42 9,1,15,,282877,16,0,49 50 51,1,20,,282878,16,0,49 50 51,1,20,,282879,16,0,31 42 9,1,65,,282880,16,0,49 50 51,1,30,,282881,16,0,49 50 51,1,100,,282882,16,0,31 42 9,1,95,,282883,16,0,49 50 51,1,100,,282884,16,0,31 42 9,1,200,,282885,16,0,31 42 9,1
4000,'20261108',447,,282886,16,0,31 42 9,1,200,,282887,16,0,31 42 9,1,100,,282888,16,0,31 42 9,1,105,,282889,16,0,49 50 51,1,100,,282890,16,0,31 42 9,1,70,,282891,16,0,49 50 51,1,30,,282892,16,0,49 50 51,1,70,,282893,16,0,49 50 51,1,30,,282894,16,0,31 42 9,1,70,,282895,16,0,49 50 51,1,30,,282896,16,0,49 50 51,1,70,,282897,16,0,49 50 51,1,30,,282898,16,0,31 42 9,1,70,,282899,16,0,49 50 51,1,30,,282900,16,0,49 50 51,1,70,,282901,16,0,49 50 51,1,20,,282902,16,0,49 50 51,1,60,,282903,16,0,31 42 9,1,20,,282904,16,0,49 50 51,1,20,,282905,16,0,49 50 51,1,60,,282906,16,0,31 42 9,1,20,,282907,16,0,49 50 51,1,20,,282908,16,0,49 50 51,1,60,,282909,16,0,31 42 9,1,20,,282910,16,0,49 50 51,1,20,,282911,16,0,49 50 51,1,60,,282912,16,0,31 42 9,1,20,,282913,16,0,49 50 51,1,20,,282914,16,0,49 50 51,1,60,,282915,16,0,31 42 9,1,15,,282916,16,0,49 50 51,1,20,,282917,16,0,49 50 51,1,20,,282918,16,0,31 42 9,1,65,,282919,16,0,49 50 51,1,30,,282920,16,0,49 50 51,1,100,,282921,16,0,31 42 9,1,95,,282922,16,0,49 50 51,1,100,,282923,16,0,31 42 9,1,200,,282924,16,0,31 42 9,1
4000,'20261109',447,,282925,16,0,31 42 9,1,100,,282926,16,0,31 42 9,1,95,,282927,16,0,31 42 9,1,70,,282928,16,0,49 50 51,1,34,,282929,17,0,37 42 9,1,6,,282930,16,0,49 50 51,1,60,,282931,16,0,49 50 51,1,10,,282932,16,0,49 50 51,1,24,,282933,17,0,37 42 9,1,6,,282934,16,0,49 50 51,1,55,,282935,16,0,49 50 51,1,20,,282936,16,0,49 50 51,1,24,,282937,17,0,37 42 9,1,6,,282938,16,0,49 50 51,1,60,,282939,16,0,49 50 51,1,20,,282940,16,0,49 50 51,1,15,,282941,16,0,31 42 9,1,80,,282942,17,0,52 49 50 51,1,20,,282943,16,0,49 50 51,1,75,,282944,16,0,49 50 51,1,25,,282945,16,0,31 42 9,1,80,,282946,17,0,52 49 50 51,1,20,,282947,16,0,49 50 51,1,70,,282948,16,0,49 50 51,1,20,,282949,16,0,49 50 51,1,65,,282950,16,0,31 42 9,1,30,,282951,16,0,31 42 9,1,71,,282952,17,0,37 42 9,1,9,,282953,16,0,49 50 51,1,20,,282954,16,0,31 42 9,1,71,,282955,17,0,37 42 9,1,9,,282956,16,0,49 50 51,1,20,,282957,16,0,49 50 51,1,13,,282958,16,0,31 42 9,1,61,,282959,17,0,37 42 9,1,6,,282960,16,0,49 50 51,1,10,,282961,16,0,49 50 51,1,10,,282962,16,0,49 50 51,1,66,,282963,17,0,37 42 9,1,9,,282964,16,0,49 50 51,1,25,,282965,16,0,49 50 51,1,20,,282966,16,0,49 50 51,1,74,,282967,17,0,37 42 9,1,16,,282968,16,0,49 50 51,1,65,,282969,16,0,31 42 9,1,30,,282970,16,0,49 50 51,1,105,,282971,16,0,31 42 9,1,100,,282972,16,0,49 50 51,1,100,,282973,16,0,31 42 9,1,200,,282974,16,0,31 42 9,1
4000,'20261110',447,,282975,16,0,31 42 9,1,100,,282976,16,0,31 42 9,1,95,,282977,16,0,31 42 9,1,70,,282978,16,0,49 50 51,1,34,,282979,17,0,37 42 9,1,6,,282980,16,0,49 50 51,1,60,,282981,16,0,49 50 51,1,10,,282982,16,0,49 50 51,1,24,,282983,17,0,37 42 9,1,6,,282984,16,0,49 50 51,1,55,,282985,16,0,49 50 51,1,20,,282986,16,0,49 50 51,1,24,,282987,17,0,37 42 9,1,6,,282988,16,0,49 50 51,1,60,,282989,16,0,49 50 51,1,20,,282990,16,0,49 50 51,1,15,,282991,16,0,31 42 9,1,80,,282992,17,0,52 49 50 51,1,20,,282993,16,0,49 50 51,1,75,,282994,16,0,49 50 51,1,25,,282995,16,0,31 42 9,1,80,,282996,17,0,52 49 50 51,1,20,,282997,16,0,49 50 51,1,70,,282998,16,0,49 50 51,1,20,,282999,16,0,49 50 51,1,65,,283000,16,0,31 42 9,1,30,,283001,16,0,31 42 9,1,71,,283002,17,0,37 42 9,1,9,,283003,16,0,49 50 51,1,20,,283004,16,0,31 42 9,1,71,,283005,17,0,37 42 9,1,9,,283006,16,0,49 50 51,1,20,,283007,16,0,49 50 51,1,13,,283008,16,0,31 42 9,1,61,,283009,17,0,37 42 9,1,6,,283010,16,0,49 50 51,1,10,,283011,16,0,49 50 51,1,10,,283012,16,0,49 50 51,1,66,,283013,17,0,37 42 9,1,9,,283014,16,0,49 50 51,1,25,,283015,16,0,49 50 51,1,20,,283016,16,0,49 50 51,1,74,,283017,17,0,37 42 9,1,16,,283018,16,0,49 50 51,1,65,,283019,16,0,31 42 9,1,30,,283020,16,0,49 50 51,1,105,,283021,16,0,31 42 9,1,100,,283022,16,0,49 50 51,1,100,,283023,16,0,31 42 9,1,200,,283024,16,0,31 42 9,1
4000,'20261111',447,,283025,16,0,31 42 9,1,100,,283026,16,0,31 42 9,1,95,,283027,16,0,31 42 9,1,70,,283028,16,0,49 50 51,1,34,,283029,17,0,37 42 9,1,6,,283030,16,0,49 50 51,1,60,,283031,16,0,49 50 51,1,10,,283032,16,0,49 50 51,1,24,,283033,17,0,37 42 9,1,6,,283034,16,0,49 50 51,1,55,,283035,16,0,49 50 51,1,20,,283036,16,0,49 50 51,1,24,,283037,17,0,37 42 9,1,6,,283038,16,0,49 50 51,1,60,,283039,16,0,49 50 51,1,20,,283040,16,0,49 50 51,1,15,,283041,16,0,31 42 9,1,80,,283042,17,0,52 49 50 51,1,20,,283043,16,0,49 50 51,1,75,,283044,16,0,49 50 51,1,25,,283045,16,0,31 42 9,1,80,,283046,17,0,52 49 50 51,1,20,,283047,16,0,49 50 51,1,70,,283048,16,0,49 50 51,1,20,,283049,16,0,49 50 51,1,65,,283050,16,0,31 42 9,1,30,,283051,16,0,31 42 9,1,71,,283052,17,0,37 42 9,1,9,,283053,16,0,49 50 51,1,20,,283054,16,0,31 42 9,1,71,,283055,17,0,37 42 9,1,9,,283056,16,0,49 50 51,1,20,,283057,16,0,49 50 51,1,13,,283058,16,0,31 42 9,1,61,,283059,17,0,37 42 9,1,6,,283060,16,0,49 50 51,1,10,,283061,16,0,49 50 51,1,10,,283062,16,0,49 50 51,1,66,,283063,17,0,37 42 9,1,9,,283064,16,0,49 50 51,1,25,,283065,16,0,49 50 51,1,20,,283066,16,0,49 50 51,1,74,,283067,17,0,37 42 9,1,16,,283068,16,0,49 50 51,1,65,,283069,16,0,31 42 9,1,30,,283070,16,0,49 50 51,1,105,,283071,16,0,31 42 9,1,100,,283072,16,0,49 50 51,1,100,,283073,16,0,31 42 9,1,200,,283074,16,0,31 42 9,1
4000,'20261112',447,,283075,16,0,31 42 9,1,100,,283076,16,0,31 42 9,1,95,,283077,16,0,31 42 9,1,70,,283078,16,0,49 50 51,1,34,,283079,17,0,37 42 9,1,6,,283080,16,0,49 50 51,1,60,,283081,16,0,49 50 51,1,10,,283082,16,0,49 50 51,1,24,,283083,17,0,37 42 9,1,6,,283084,16,0,49 50 51,1,55,,283085,16,0,49 50 51,1,20,,283086,16,0,49 50 51,1,24,,283087,17,0,37 42 9,1,6,,283088,16,0,49 50 51,1,60,,283089,16,0,49 50 51,1,20,,283090,16,0,49 50 51,1,15,,283091,16,0,31 42 9,1,80,,283092,17,0,52 49 50 51,1,20,,283093,16,0,49 50 51,1,75,,283094,16,0,49 50 51,1,25,,283095,16,0,31 42 9,1,80,,283096,17,0,52 49 50 51,1,20,,283097,16,0,49 50 51,1,70,,283098,16,0,49 50 51,1,20,,283099,16,0,49 50 51,1,65,,283100,16,0,31 42 9,1,30,,283101,16,0,31 42 9,1,71,,283102,17,0,37 42 9,1,9,,283103,16,0,49 50 51,1,20,,283104,16,0,31 42 9,1,71,,283105,17,0,37 42 9,1,9,,283106,16,0,49 50 51,1,20,,283107,16,0,49 50 51,1,13,,283108,16,0,31 42 9,1,61,,283109,17,0,37 42 9,1,6,,283110,16,0,49 50 51,1,10,,283111,16,0,49 50 51,1,10,,283112,16,0,49 50 51,1,66,,283113,17,0,37 42 9,1,9,,283114,16,0,49 50 51,1,25,,283115,16,0,49 50 51,1,20,,283116,16,0,49 50 51,1,74,,283117,17,0,37 42 9,1,16,,283118,16,0,49 50 51,1,65,,283119,16,0,31 42 9,1,30,,283120,16,0,49 50 51,1,105,,283121,16,0,31 42 9,1,100,,283122,16,0,49 50 51,1,100,,283123,16,0,31 42 9,1,200,,283124,16,0,31 42 9,1
4000,'20261113',447,,283125,16,0,31 42 9,1,100,,283126,16,0,31 42 9,1,95,,283127,16,0,31 42 9,1,70,,283128,16,0,49 50 51,1,34,,283129,17,0,37 42 9,1,6,,283130,16,0,49 50 51,1,60,,283131,16,0,49 50 51,1,10,,283132,16,0,49 50 51,1,24,,283133,17,0,37 42 9,1,6,,283134,16,0,49 50 51,1,55,,283135,16,0,49 50 51,1,20,,283136,16,0,49 50 51,1,24,,283137,17,0,37 42 9,1,6,,283138,16,0,49 50 51,1,60,,283139,16,0,49 50 51,1,20,,283140,16,0,49 50 51,1,15,,283141,16,0,31 42 9,1,80,,283142,17,0,52 49 50 51,1,20,,283143,16,0,49 50 51,1,75,,283144,16,0,49 50 51,1,25,,283145,16,0,31 42 9,1,80,,283146,17,0,52 49 50 51,1,20,,283147,16,0,49 50 51,1,70,,283148,16,0,49 50 51,1,20,,283149,16,0,49 50 51,1,65,,283150,16,0,31 42 9,1,30,,283151,16,0,31 42 9,1,71,,283152,17,0,37 42 9,1,9,,283153,16,0,49 50 51,1,20,,283154,16,0,31 42 9,1,71,,283155,17,0,37 42 9,1,9,,283156,16,0,49 50 51,1,20,,283157,16,0,49 50 51,1,13,,283158,16,0,31 42 9,1,61,,283159,17,0,37 42 9,1,6,,283160,16,0,49 50 51,1,10,,283161,16,0,49 50 51,1,10,,283162,16,0,49 50 51,1,66,,283163,17,0,37 42 9,1,9,,283164,16,0,49 50 51,1,25,,283165,16,0,49 50 51,1,20,,283166,16,0,49 50 51,1,74,,283167,17,0,37 42 9,1,16,,283168,16,0,49 50 51,1,65,,283169,16,0,31 42 9,1,30,,283170,16,0,49 50 51,1,105,,283171,16,0,31 42 9,1,100,,283172,16,0,49 50 51,1,100,,283173,16,0,31 42 9,1,200,,283174,16,0,31 42 9,1
4000,'20261114',447,,283175,16,0,31 42 9,1,200,,283176,16,0,31 42 9,1,100,,283177,16,0,31 42 9,1,105,,283178,16,0,49 50 51,1,100,,283179,16,0,31 42 9,1,70,,283180,16,0,49 50 51,1,30,,283181,16,0,49 50 51,1,70,,283182,16,0,49 50 51,1,30,,283183,16,0,31 42 9,1,70,,283184,16,0,49 50 51,1,30,,283185,16,0,49 50 51,1,70,,283186,16,0,49 50 51,1,30,,283187,16,0,31 42 9,1,70,,283188,16,0,49 50 51,1,30,,283189,16,0,49 50 51,1,70,,283190,16,0,49 50 51,1,20,,283191,16,0,49 50 51,1,60,,283192,16,0,31 42 9,1,20,,283193,16,0,49 50 51,1,20,,283194,16,0,49 50 51,1,60,,283195,16,0,31 42 9,1,20,,283196,16,0,49 50 51,1,20,,283197,16,0,49 50 51,1,60,,283198,16,0,31 42 9,1,20,,283199,16,0,49 50 51,1,20,,283200,16,0,49 50 51,1,60,,283201,16,0,31 42 9,1,20,,283202,16,0,49 50 51,1,20,,283203,16,0,49 50 51,1,60,,283204,16,0,31 42 9,1,15,,283205,16,0,49 50 51,1,20,,283206,16,0,49 50 51,1,20,,283207,16,0,31 42 9,1,65,,283208,16,0,49 50 51,1,30,,283209,16,0,49 50 51,1,100,,283210,16,0,31 42 9,1,95,,283211,16,0,49 50 51,1,100,,283212,16,0,31 42 9,1,200,,283213,16,0,31 42 9,1
4000,'20261115',447,,283214,16,0,31 42 9,1,200,,283215,16,0,31 42 9,1,100,,283216,16,0,31 42 9,1,105,,283217,16,0,49 50 51,1,100,,283218,16,0,31 42 9,1,70,,283219,16,0,49 50 51,1,30,,283220,16,0,49 50 51,1,70,,283221,16,0,49 50 51,1,30,,283222,16,0,31 42 9,1,70,,283223,16,0,49 50 51,1,30,,283224,16,0,49 50 51,1,70,,283225,16,0,49 50 51,1,30,,283226,16,0,31 42 9,1,70,,283227,16,0,49 50 51,1,30,,283228,16,0,49 50 51,1,70,,283229,16,0,49 50 51,1,20,,283230,16,0,49 50 51,1,60,,283231,16,0,31 42 9,1,20,,283232,16,0,49 50 51,1,20,,283233,16,0,49 50 51,1,60,,283234,16,0,31 42 9,1,20,,283235,16,0,49 50 51,1,20,,283236,16,0,49 50 51,1,60,,283237,16,0,31 42 9,1,20,,283238,16,0,49 50 51,1,20,,283239,16,0,49 50 51,1,60,,283240,16,0,31 42 9,1,20,,283241,16,0,49 50 51,1,20,,283242,16,0,49 50 51,1,60,,283243,16,0,31 42 9,1,15,,283244,16,0,49 50 51,1,20,,283245,16,0,49 50 51,1,20,,283246,16,0,31 42 9,1,65,,283247,16,0,49 50 51,1,30,,283248,16,0,49 50 51,1,100,,283249,16,0,31 42 9,1,95,,283250,16,0,49 50 51,1,100,,283251,16,0,31 42 9,1,200,,283252,16,0,31 42 9,1
4000,'20261116',447,,283253,16,0,31 42 9,1,100,,283254,16,0,31 42 9,1,95,,283255,16,0,31 42 9,1,70,,283256,16,0,49 50 51,1,34,,283257,17,0,37 42 9,1,6,,283258,16,0,49 50 51,1,60,,283259,16,0,49 50 51,1,10,,283260,16,0,49 50 51,1,24,,283261,17,0,37 42 9,1,6,,283262,16,0,49 50 51,1,55,,283263,16,0,49 50 51,1,20,,283264,16,0,49 50 51,1,24,,283265,17,0,37 42 9,1,6,,283266,16,0,49 50 51,1,60,,283267,16,0,49 50 51,1,20,,283268,16,0,49 50 51,1,15,,283269,16,0,31 42 9,1,80,,283270,17,0,52 49 50 51,1,20,,283271,16,0,49 50 51,1,75,,283272,16,0,49 50 51,1,25,,283273,16,0,31 42 9,1,80,,283274,17,0,52 49 50 51,1,20,,283275,16,0,49 50 51,1,70,,283276,16,0,49 50 51,1,20,,283277,16,0,49 50 51,1,65,,283278,16,0,31 42 9,1,30,,283279,16,0,31 42 9,1,71,,283280,17,0,37 42 9,1,9,,283281,16,0,49 50 51,1,20,,283282,16,0,31 42 9,1,71,,283283,17,0,37 42 9,1,9,,283284,16,0,49 50 51,1,20,,283285,16,0,49 50 51,1,13,,283286,16,0,31 42 9,1,61,,283287,17,0,37 42 9,1,6,,283288,16,0,49 50 51,1,10,,283289,16,0,49 50 51,1,10,,283290,16,0,49 50 51,1,66,,283291,17,0,37 42 9,1,9,,283292,16,0,49 50 51,1,25,,283293,16,0,49 50 51,1,20,,283294,16,0,49 50 51,1,74,,283295,17,0,37 42 9,1,16,,283296,16,0,49 50 51,1,65,,283297,16,0,31 42 9,1,30,,283298,16,0,49 50 51,1,105,,283299,16,0,31 42 9,1,100,,283300,16,0,49 50 51,1,100,,283301,16,0,31 42 9,1,200,,283302,16,0,31 42 9,1
4000,'20261117',447,,283303,16,0,31 42 9,1,100,,283304,16,0,31 42 9,1,95,,283305,16,0,31 42 9,1,70,,283306,16,0,49 50 51,1,34,,283307,17,0,37 42 9,1,6,,283308,16,0,49 50 51,1,60,,283309,16,0,49 50 51,1,10,,283310,16,0,49 50 51,1,24,,283311,17,0,37 42 9,1,6,,283312,16,0,49 50 51,1,55,,283313,16,0,49 50 51,1,20,,283314,16,0,49 50 51,1,24,,283315,17,0,37 42 9,1,6,,283316,16,0,49 50 51,1,60,,283317,16,0,49 50 51,1,20,,283318,16,0,49 50 51,1,15,,283319,16,0,31 42 9,1,80,,283320,17,0,52 49 50 51,1,20,,283321,16,0,49 50 51,1,75,,283322,16,0,49 50 51,1,25,,283323,16,0,31 42 9,1,80,,283324,17,0,52 49 50 51,1,20,,283325,16,0,49 50 51,1,70,,283326,16,0,49 50 51,1,20,,283327,16,0,49 50 51,1,65,,283328,16,0,31 42 9,1,30,,283329,16,0,31 42 9,1,71,,283330,17,0,37 42 9,1,9,,283331,16,0,49 50 51,1,20,,283332,16,0,31 42 9,1,71,,283333,17,0,37 42 9,1,9,,283334,16,0,49 50 51,1,20,,283335,16,0,49 50 51,1,13,,283336,16,0,31 42 9,1,61,,283337,17,0,37 42 9,1,6,,283338,16,0,49 50 51,1,10,,283339,16,0,49 50 51,1,10,,283340,16,0,49 50 51,1,66,,283341,17,0,37 42 9,1,9,,283342,16,0,49 50 51,1,25,,283343,16,0,49 50 51,1,20,,283344,16,0,49 50 51,1,74,,283345,17,0,37 42 9,1,16,,283346,16,0,49 50 51,1,65,,283347,16,0,31 42 9,1,30,,283348,16,0,49 50 51,1,105,,283349,16,0,31 42 9,1,100,,283350,16,0,49 50 51,1,100,,283351,16,0,31 42 9,1,200,,283352,16,0,31 42 9,1
4000,'20261118',447,,283353,16,0,31 42 9,1,100,,283354,16,0,31 42 9,1,95,,283355,16,0,31 42 9,1,70,,283356,16,0,49 50 51,1,34,,283357,17,0,37 42 9,1,6,,283358,16,0,49 50 51,1,60,,283359,16,0,49 50 51,1,10,,283360,16,0,49 50 51,1,24,,283361,17,0,37 42 9,1,6,,283362,16,0,49 50 51,1,55,,283363,16,0,49 50 51,1,20,,283364,16,0,49 50 51,1,24,,283365,17,0,37 42 9,1,6,,283366,16,0,49 50 51,1,60,,283367,16,0,49 50 51,1,20,,283368,16,0,49 50 51,1,15,,283369,16,0,31 42 9,1,80,,283370,17,0,52 49 50 51,1,20,,283371,16,0,49 50 51,1,75,,283372,16,0,49 50 51,1,25,,283373,16,0,31 42 9,1,80,,283374,17,0,52 49 50 51,1,20,,283375,16,0,49 50 51,1,70,,283376,16,0,49 50 51,1,20,,283377,16,0,49 50 51,1,65,,283378,16,0,31 42 9,1,30,,283379,16,0,31 42 9,1,71,,283380,17,0,37 42 9,1,9,,283381,16,0,49 50 51,1,20,,283382,16,0,31 42 9,1,71,,283383,17,0,37 42 9,1,9,,283384,16,0,49 50 51,1,20,,283385,16,0,49 50 51,1,13,,283386,16,0,31 42 9,1,61,,283387,17,0,37 42 9,1,6,,283388,16,0,49 50 51,1,10,,283389,16,0,49 50 51,1,10,,283390,16,0,49 50 51,1,66,,283391,17,0,37 42 9,1,9,,283392,16,0,49 50 51,1,25,,283393,16,0,49 50 51,1,20,,283394,16,0,49 50 51,1,74,,283395,17,0,37 42 9,1,16,,283396,16,0,49 50 51,1,65,,283397,16,0,31 42 9,1,30,,283398,16,0,49 50 51,1,105,,283399,16,0,31 42 9,1,100,,283400,16,0,49 50 51,1,100,,283401,16,0,31 42 9,1,200,,283402,16,0,31 42 9,1
4000,'20261119',447,,283403,16,0,31 42 9,1,100,,283404,16,0,31 42 9,1,95,,283405,16,0,31 42 9,1,70,,283406,16,0,49 50 51,1,34,,283407,17,0,37 42 9,1,6,,283408,16,0,49 50 51,1,60,,283409,16,0,49 50 51,1,10,,283410,16,0,49 50 51,1,24,,283411,17,0,37 42 9,1,6,,283412,16,0,49 50 51,1,55,,283413,16,0,49 50 51,1,20,,283414,16,0,49 50 51,1,24,,283415,17,0,37 42 9,1,6,,283416,16,0,49 50 51,1,60,,283417,16,0,49 50 51,1,20,,283418,16,0,49 50 51,1,15,,283419,16,0,31 42 9,1,80,,283420,17,0,52 49 50 51,1,20,,283421,16,0,49 50 51,1,75,,283422,16,0,49 50 51,1,25,,283423,16,0,31 42 9,1,80,,283424,17,0,52 49 50 51,1,20,,283425,16,0,49 50 51,1,70,,283426,16,0,49 50 51,1,20,,283427,16,0,49 50 51,1,65,,283428,16,0,31 42 9,1,30,,283429,16,0,31 42 9,1,71,,283430,17,0,37 42 9,1,9,,283431,16,0,49 50 51,1,20,,283432,16,0,31 42 9,1,71,,283433,17,0,37 42 9,1,9,,283434,16,0,49 50 51,1,20,,283435,16,0,49 50 51,1,13,,283436,16,0,31 42 9,1,61,,283437,17,0,37 42 9,1,6,,283438,16,0,49 50 51,1,10,,283439,16,0,49 50 51,1,10,,283440,16,0,49 50 51,1,66,,283441,17,0,37 42 9,1,9,,283442,16,0,49 50 51,1,25,,283443,16,0,49 50 51,1,20,,283444,16,0,49 50 51,1,74,,283445,17,0,37 42 9,1,16,,283446,16,0,49 50 51,1,65,,283447,16,0,31 42 9,1,30,,283448,16,0,49 50 51,1,105,,283449,16,0,31 42 9,1,100,,283450,16,0,49 50 51,1,100,,283451,16,0,31 42 9,1,200,,283452,16,0,31 42 9,1
4000,'20261120',447,,283453,16,0,31 42 9,1,100,,283454,16,0,31 42 9,1,95,,283455,16,0,31 42 9,1,70,,283456,16,0,49 50 51,1,34,,283457,17,0,37 42 9,1,6,,283458,16,0,49 50 51,1,60,,283459,16,0,49 50 51,1,10,,283460,16,0,49 50 51,1,24,,283461,17,0,37 42 9,1,6,,283462,16,0,49 50 51,1,55,,283463,16,0,49 50 51,1,20,,283464,16,0,49 50 51,1,24,,283465,17,0,37 42 9,1,6,,283466,16,0,49 50 51,1,60,,283467,16,0,49 50 51,1,20,,283468,16,0,49 50 51,1,15,,283469,16,0,31 42 9,1,80,,283470,17,0,52 49 50 51,1,20,,283471,16,0,49 50 51,1,75,,283472,16,0,49 50 51,1,25,,283473,16,0,31 42 9,1,80,,283474,17,0,52 49 50 51,1,20,,283475,16,0,49 50 51,1,70,,283476,16,0,49 50 51,1,20,,283477,16,0,49 50 51,1,65,,283478,16,0,31 42 9,1,30,,283479,16,0,31 42 9,1,71,,283480,17,0,37 42 9,1,9,,283481,16,0,49 50 51,1,20,,283482,16,0,31 42 9,1,71,,283483,17,0,37 42 9,1,9,,283484,16,0,49 50 51,1,20,,283485,16,0,49 50 51,1,13,,283486,16,0,31 42 9,1,61,,283487,17,0,37 42 9,1,6,,283488,16,0,49 50 51,1,10,,283489,16,0,49 50 51,1,10,,283490,16,0,49 50 51,1,66,,283491,17,0,37 42 9,1,9,,283492,16,0,49 50 51,1,25,,283493,16,0,49 50 51,1,20,,283494,16,0,49 50 51,1,74,,283495,17,0,37 42 9,1,16,,283496,16,0,49 50 51,1,65,,283497,16,0,31 42 9,1,30,,283498,16,0,49 50 51,1,105,,283499,16,0,31 42 9,1,100,,283500,16,0,49 50 51,1,100,,283501,16,0,31 42 9,1,200,,283502,16,0,31 42 9,1
4000,'20261121',447,,283503,16,0,31 42 9,1,200,,283504,16,0,31 42 9,1,100,,283505,16,0,31 42 9,1,105,,283506,16,0,49 50 51,1,100,,283507,16,0,31 42 9,1,70,,283508,16,0,49 50 51,1,30,,283509,16,0,49 50 51,1,70,,283510,16,0,49 50 51,1,30,,283511,16,0,31 42 9,1,70,,283512,16,0,49 50 51,1,30,,283513,16,0,49 50 51,1,70,,283514,16,0,49 50 51,1,30,,283515,16,0,31 42 9,1,70,,283516,16,0,49 50 51,1,30,,283517,16,0,49 50 51,1,70,,283518,16,0,49 50 51,1,20,,283519,16,0,49 50 51,1,60,,283520,16,0,31 42 9,1,20,,283521,16,0,49 50 51,1,20,,283522,16,0,49 50 51,1,60,,283523,16,0,31 42 9,1,20,,283524,16,0,49 50 51,1,20,,283525,16,0,49 50 51,1,60,,283526,16,0,31 42 9,1,20,,283527,16,0,49 50 51,1,20,,283528,16,0,49 50 51,1,60,,283529,16,0,31 42 9,1,20,,283530,16,0,49 50 51,1,20,,283531,16,0,49 50 51,1,60,,283532,16,0,31 42 9,1,15,,283533,16,0,49 50 51,1,20,,283534,16,0,49 50 51,1,20,,283535,16,0,31 42 9,1,65,,283536,16,0,49 50 51,1,30,,283537,16,0,49 50 51,1,100,,283538,16,0,31 42 9,1,95,,283539,16,0,49 50 51,1,100,,283540,16,0,31 42 9,1,200,,283541,16,0,31 42 9,1
4000,'20261122',447,,283542,16,0,31 42 9,1,200,,283543,16,0,31 42 9,1,100,,283544,16,0,31 42 9,1,105,,283545,16,0,49 50 51,1,100,,283546,16,0,31 42 9,1,70,,283547,16,0,49 50 51,1,30,,283548,16,0,49 50 51,1,70,,283549,16,0,49 50 51,1,30,,283550,16,0,31 42 9,1,70,,283551,16,0,49 50 51,1,30,,283552,16,0,49 50 51,1,70,,283553,16,0,49 50 51,1,30,,283554,16,0,31 42 9,1,70,,283555,16,0,49 50 51,1,30,,283556,16,0,49 50 51,1,70,,283557,16,0,49 50 51,1,20,,283558,16,0,49 50 51,1,60,,283559,16,0,31 42 9,1,20,,283560,16,0,49 50 51,1,20,,283561,16,0,49 50 51,1,60,,283562,16,0,31 42 9,1,20,,283563,16,0,49 50 51,1,20,,283564,16,0,49 50 51,1,60,,283565,16,0,31 42 9,1,20,,283566,16,0,49 50 51,1,20,,283567,16,0,49 50 51,1,60,,283568,16,0,31 42 9,1,20,,283569,16,0,49 50 51,1,20,,283570,16,0,49 50 51,1,60,,283571,16,0,31 42 9,1,15,,283572,16,0,49 50 51,1,20,,283573,16,0,49 50 51,1,20,,283574,16,0,31 42 9,1,65,,283575,16,0,49 50 51,1,30,,283576,16,0,49 50 51,1,100,,283577,16,0,31 42 9,1,95,,283578,16,0,49 50 51,1,100,,283579,16,0,31 42 9,1,200,,283580,16,0,31 42 9,1
4000,'20261123',447,,283581,16,0,31 42 9,1,100,,283582,16,0,31 42 9,1,95,,283583,16,0,31 42 9,1,70,,283584,16,0,49 50 51,1,34,,283585,17,0,37 42 9,1,6,,283586,16,0,49 50 51,1,60,,283587,16,0,49 50 51,1,10,,283588,16,0,49 50 51,1,24,,283589,17,0,37 42 9,1,6,,283590,16,0,49 50 51,1,55,,283591,16,0,49 50 51,1,20,,283592,16,0,49 50 51,1,24,,283593,17,0,37 42 9,1,6,,283594,16,0,49 50 51,1,60,,283595,16,0,49 50 51,1,20,,283596,16,0,49 50 51,1,15,,283597,16,0,31 42 9,1,80,,283598,17,0,52 49 50 51,1,20,,283599,16,0,49 50 51,1,75,,283600,16,0,49 50 51,1,25,,283601,16,0,31 42 9,1,80,,283602,17,0,52 49 50 51,1,20,,283603,16,0,49 50 51,1,70,,283604,16,0,49 50 51,1,20,,283605,16,0,49 50 51,1,65,,283606,16,0,31 42 9,1,30,,283607,16,0,31 42 9,1,71,,283608,17,0,37 42 9,1,9,,283609,16,0,49 50 51,1,20,,283610,16,0,31 42 9,1,71,,283611,17,0,37 42 9,1,9,,283612,16,0,49 50 51,1,20,,283613,16,0,49 50 51,1,13,,283614,16,0,31 42 9,1,61,,283615,17,0,37 42 9,1,6,,283616,16,0,49 50 51,1,10,,283617,16,0,49 50 51,1,10,,283618,16,0,49 50 51,1,66,,283619,17,0,37 42 9,1,9,,283620,16,0,49 50 51,1,25,,283621,16,0,49 50 51,1,20,,283622,16,0,49 50 51,1,74,,283623,17,0,37 42 9,1,16,,283624,16,0,49 50 51,1,65,,283625,16,0,31 42 9,1,30,,283626,16,0,49 50 51,1,105,,283627,16,0,31 42 9,1,100,,283628,16,0,49 50 51,1,100,,283629,16,0,31 42 9,1,200,,283630,16,0,31 42 9,1
4000,'20261124',447,,283631,16,0,31 42 9,1,100,,283632,16,0,31 42 9,1,95,,283633,16,0,31 42 9,1,70,,283634,16,0,49 50 51,1,34,,283635,17,0,37 42 9,1,6,,283636,16,0,49 50 51,1,60,,283637,16,0,49 50 51,1,10,,283638,16,0,49 50 51,1,24,,283639,17,0,37 42 9,1,6,,283640,16,0,49 50 51,1,55,,283641,16,0,49 50 51,1,20,,283642,16,0,49 50 51,1,24,,283643,17,0,37 42 9,1,6,,283644,16,0,49 50 51,1,60,,283645,16,0,49 50 51,1,20,,283646,16,0,49 50 51,1,15,,283647,16,0,31 42 9,1,80,,283648,17,0,52 49 50 51,1,20,,283649,16,0,49 50 51,1,75,,283650,16,0,49 50 51,1,25,,283651,16,0,31 42 9,1,80,,283652,17,0,52 49 50 51,1,20,,283653,16,0,49 50 51,1,70,,283654,16,0,49 50 51,1,20,,283655,16,0,49 50 51,1,65,,283656,16,0,31 42 9,1,30,,283657,16,0,31 42 9,1,71,,283658,17,0,37 42 9,1,9,,283659,16,0,49 50 51,1,20,,283660,16,0,31 42 9,1,71,,283661,17,0,37 42 9,1,9,,283662,16,0,49 50 51,1,20,,283663,16,0,49 50 51,1,13,,283664,16,0,31 42 9,1,61,,283665,17,0,37 42 9,1,6,,283666,16,0,49 50 51,1,10,,283667,16,0,49 50 51,1,10,,283668,16,0,49 50 51,1,66,,283669,17,0,37 42 9,1,9,,283670,16,0,49 50 51,1,25,,283671,16,0,49 50 51,1,20,,283672,16,0,49 50 51,1,74,,283673,17,0,37 42 9,1,16,,283674,16,0,49 50 51,1,65,,283675,16,0,31 42 9,1,30,,283676,16,0,49 50 51,1,105,,283677,16,0,31 42 9,1,100,,283678,16,0,49 50 51,1,100,,283679,16,0,31 42 9,1,200,,283680,16,0,31 42 9,1
4000,'20261125',447,,283681,16,0,31 42 9,1,100,,283682,16,0,31 42 9,1,95,,283683,16,0,31 42 9,1,70,,283684,16,0,49 50 51,1,34,,283685,17,0,37 42 9,1,6,,283686,16,0,49 50 51,1,60,,283687,16,0,49 50 51,1,10,,283688,16,0,49 50 51,1,24,,283689,17,0,37 42 9,1,6,,283690,16,0,49 50 51,1,55,,283691,16,0,49 50 51,1,20,,283692,16,0,49 50 51,1,24,,283693,17,0,37 42 9,1,6,,283694,16,0,49 50 51,1,60,,283695,16,0,49 50 51,1,20,,283696,16,0,49 50 51,1,15,,283697,16,0,31 42 9,1,80,,283698,17,0,52 49 50 51,1,20,,283699,16,0,49 50 51,1,75,,283700,16,0,49 50 51,1,25,,283701,16,0,31 42 9,1,80,,283702,17,0,52 49 50 51,1,20,,283703,16,0,49 50 51,1,70,,283704,16,0,49 50 51,1,20,,283705,16,0,49 50 51,1,65,,283706,16,0,31 42 9,1,30,,283707,16,0,31 42 9,1,71,,283708,17,0,37 42 9,1,9,,283709,16,0,49 50 51,1,20,,283710,16,0,31 42 9,1,71,,283711,17,0,37 42 9,1,9,,283712,16,0,49 50 51,1,20,,283713,16,0,49 50 51,1,13,,283714,16,0,31 42 9,1,61,,283715,17,0,37 42 9,1,6,,283716,16,0,49 50 51,1,10,,283717,16,0,49 50 51,1,10,,283718,16,0,49 50 51,1,66,,283719,17,0,37 42 9,1,9,,283720,16,0,49 50 51,1,25,,283721,16,0,49 50 51,1,20,,283722,16,0,49 50 51,1,74,,283723,17,0,37 42 9,1,16,,283724,16,0,49 50 51,1,65,,283725,16,0,31 42 9,1,30,,283726,16,0,49 50 51,1,105,,283727,16,0,31 42 9,1,100,,283728,16,0,49 50 51,1,100,,283729,16,0,31 42 9,1,200,,283730,16,0,31 42 9,1
4000,'20261126',447,,283731,16,0,31 42 9,1,100,,283732,16,0,31 42 9,1,95,,283733,16,0,31 42 9,1,70,,283734,16,0,49 50 51,1,34,,283735,17,0,37 42 9,1,6,,283736,16,0,49 50 51,1,60,,283737,16,0,49 50 51,1,10,,283738,16,0,49 50 51,1,24,,283739,17,0,37 42 9,1,6,,283740,16,0,49 50 51,1,55,,283741,16,0,49 50 51,1,20,,283742,16,0,49 50 51,1,24,,283743,17,0,37 42 9,1,6,,283744,16,0,49 50 51,1,60,,283745,16,0,49 50 51,1,20,,283746,16,0,49 50 51,1,15,,283747,16,0,31 42 9,1,80,,283748,17,0,52 49 50 51,1,20,,283749,16,0,49 50 51,1,75,,283750,16,0,49 50 51,1,25,,283751,16,0,31 42 9,1,80,,283752,17,0,52 49 50 51,1,20,,283753,16,0,49 50 51,1,70,,283754,16,0,49 50 51,1,20,,283755,16,0,49 50 51,1,65,,283756,16,0,31 42 9,1,30,,283757,16,0,31 42 9,1,71,,283758,17,0,37 42 9,1,9,,283759,16,0,49 50 51,1,20,,283760,16,0,31 42 9,1,71,,283761,17,0,37 42 9,1,9,,283762,16,0,49 50 51,1,20,,283763,16,0,49 50 51,1,13,,283764,16,0,31 42 9,1,61,,283765,17,0,37 42 9,1,6,,283766,16,0,49 50 51,1,10,,283767,16,0,49 50 51,1,10,,283768,16,0,49 50 51,1,66,,283769,17,0,37 42 9,1,9,,283770,16,0,49 50 51,1,25,,283771,16,0,49 50 51,1,20,,283772,16,0,49 50 51,1,74,,283773,17,0,37 42 9,1,16,,283774,16,0,49 50 51,1,65,,283775,16,0,31 42 9,1,30,,283776,16,0,49 50 51,1,105,,283777,16,0,31 42 9,1,100,,283778,16,0,49 50 51,1,100,,283779,16,0,31 42 9,1,200,,283780,16,0,31 42 9,1
4000,'20261127',447,,283781,16,0,31 42 9,1,100,,283782,16,0,31 42 9,1,95,,283783,16,0,31 42 9,1,70,,283784,16,0,49 50 51,1,34,,283785,17,0,37 42 9,1,6,,283786,16,0,49 50 51,1,60,,283787,16,0,49 50 51,1,10,,283788,16,0,49 50 51,1,24,,283789,17,0,37 42 9,1,6,,283790,16,0,49 50 51,1,55,,283791,16,0,49 50 51,1,20,,283792,16,0,49 50 51,1,24,,283793,17,0,37 42 9,1,6,,283794,16,0,49 50 51,1,60,,283795,16,0,49 50 51,1,20,,283796,16,0,49 50 51,1,15,,283797,16,0,31 42 9,1,80,,283798,17,0,52 49 50 51,1,20,,283799,16,0,49 50 51,1,75,,283800,16,0,49 50 51,1,25,,283801,16,0,31 42 9,1,80,,283802,17,0,52 49 50 51,1,20,,283803,16,0,49 50 51,1,70,,283804,16,0,49 50 51,1,20,,283805,16,0,49 50 51,1,65,,283806,16,0,31 42 9,1,30,,283807,16,0,31 42 9,1,71,,283808,17,0,37 42 9,1,9,,283809,16,0,49 50 51,1,20,,283810,16,0,31 42 9,1,71,,283811,17,0,37 42 9,1,9,,283812,16,0,49 50 51,1,20,,283813,16,0,49 50 51,1,13,,283814,16,0,31 42 9,1,61,,283815,17,0,37 42 9,1,6,,283816,16,0,49 50 51,1,10,,283817,16,0,49 50 51,1,10,,283818,16,0,49 50 51,1,66,,283819,17,0,37 42 9,1,9,,283820,16,0,49 50 51,1,25,,283821,16,0,49 50 51,1,20,,283822,16,0,49 50 51,1,74,,283823,17,0,37 42 9,1,16,,283824,16,0,49 50 51,1,65,,283825,16,0,31 42 9,1,30,,283826,16,0,49 50 51,1,105,,283827,16,0,31 42 9,1,100,,283828,16,0,49 50 51,1,100,,283829,16,0,31 42 9,1,200,,283830,16,0,31 42 9,1
4001,'20260831',404,,184398,3,0,31 38 9,1,100,,184399,3,0,31 38 9,1,100,,184401,3,0,31 38 9,1,105,,184406,3,0,37 38 9,1,95,,184409,3,0,37 38 9,1,100,,184412,3,0,37 38 9,1,35,,184413,3,0,31 38 9,1,100,,184415,3,0,31 38 9,1,95,,184417,3,0,31 38 9,1,210,,184422,3,0,31 38 9,1,165,,184427,3,0,31 38 9,1,95,,184431,3,0,37 38 9,1,100,,184435,3,0,37 38 9,1,100,,184439,3,0,37 38 9,1,130,,184442,3,0,37 38 9,1,270,,184445,3,0,31 38 9,1,200,,184447,3,0,31 38 9,1,200,,184448,3,0,31 38 9,1
4001,'20260901',404,,184449,3,0,31 38 9,1,100,,184450,3,0,31 38 9,1,100,,184452,3,0,31 38 9,1,105,,184457,3,0,37 38 9,1,95,,184460,3,0,37 38 9,1,100,,184463,3,0,37 38 9,1,35,,184464,3,0,31 38 9,1,100,,184466,3,0,31 38 9,1,95,,184468,3,0,31 38 9,1,210,,184473,3,0,31 38 9,1,165,,184478,3,0,31 38 9,1,95,,184482,3,0,37 38 9,1,100,,184486,3,0,37 38 9,1,100,,184490,3,0,37 38 9,1,130,,184493,3,0,37 38 9,1,270,,184496,3,0,31 38 9,1,200,,184498,3,0,31 38 9,1,200,,184499,3,0,31 38 9,1
4001,'20260902',404,,184500,3,0,31 38 9,1,100,,184501,3,0,31 38 9,1,100,,184503,3,0,31 38 9,1,105,,184508,3,0,37 38 9,1,95,,184511,3,0,37 38 9,1,100,,184514,3,0,37 38 9,1,35,,184515,3,0,31 38 9,1,100,,184517,3,0,31 38 9,1,95,,184519,3,0,31 38 9,1,210,,184524,3,0,31 38 9,1,165,,184529,3,0,31 38 9,1,95,,184533,3,0,37 38 9,1,100,,184537,3,0,37 38 9,1,100,,184541,3,0,37 38 9,1,130,,184544,3,0,37 38 9,1,270,,184547,3,0,31 38 9,1,200,,184549,3,0,31 38 9,1,200,,184550,3,0,31 38 9,1
4001,'20260903',404,,184551,3,0,31 38 9,1,100,,184552,3,0,31 38 9,1,100,,184554,3,0,31 38 9,1,105,,184559,3,0,37 38 9,1,95,,184562,3,0,37 38 9,1,100,,184565,3,0,37 38 9,1,35,,184566,3,0,31 38 9,1,100,,184568,3,0,31 38 9,1,95,,184570,3,0,31 38 9,1,210,,184575,3,0,31 38 9,1,165,,184580,3,0,31 38 9,1,95,,184584,3,0,37 38 9,1,100,,184588,3,0,37 38 9,1,100,,184592,3,0,37 38 9,1,130,,184595,3,0,37 38 9,1,270,,184598,3,0,31 38 9,1,200,,184600,3,0,31 38 9,1,200,,184601,3,0,31 38 9,1
4001,'20260904',404,,184602,3,0,31 38 9,1,100,,184603,3,0,31 38 9,1,100,,184605,3,0,31 38 9,1,105,,184610,3,0,37 38 9,1,95,,184613,3,0,37 38 9,1,100,,184616,3,0,37 38 9,1,35,,184617,3,0,31 38 9,1,100,,184619,3,0,31 38 9,1,95,,184621,3,0,31 38 9,1,210,,184626,3,0,31 38 9,1,165,,184631,3,0,31 38 9,1,95,,184635,3,0,37 38 9,1,100,,184639,3,0,37 38 9,1,100,,184643,3,0,37 38 9,1,130,,184646,3,0,37 38 9,1,270,,184649,3,0,31 38 9,1,200,,184651,3,0,31 38 9,1,200,,184652,3,0,31 38 9,1
4001,'20260905',404,,283831,3,0,31 38 9,1,200,,283832,3,0,31 38 9,1,200,,283835,3,0,31 38 9,1,100,,283837,3,0,31 38 9,1,100,,283839,3,0,31 38 9,1,100,,283841,3,0,31 38 9,1,100,,283843,3,0,31 38 9,1,100,,283845,3,0,31 38 9,1,200,,283850,3,0,31 38 9,1,200,,283856,3,0,31 38 9,1,100,,283859,3,0,31 38 9,1,200,,283864,3,0,31 38 9,1,200,,283866,3,0,31 38 9,1,200,,283868,3,0,31 38 9,1,200,,283869,3,0,31 38 9,1
4001,'20260906',404,,283870,3,0,31 38 9,1,200,,283871,3,0,31 38 9,1,200,,283874,3,0,31 38 9,1,100,,283876,3,0,31 38 9,1,100,,283878,3,0,31 38 9,1,100,,283880,3,0,31 38 9,1,100,,283882,3,0,31 38 9,1,100,,283884,3,0,31 38 9,1,200,,283889,3,0,31 38 9,1,200,,283895,3,0,31 38 9,1,100,,283898,3,0,31 38 9,1,200,,283903,3,0,31 38 9,1,200,,283905,3,0,31 38 9,1,200,,283907,3,0,31 38 9,1,200,,283908,3,0,31 38 9,1
4001,'20260907',404,,283909,3,0,31 38 9,1,200,,283910,3,0,31 38 9,1,200,,283913,3,0,31 38 9,1,100,,283915,3,0,31 38 9,1,100,,283917,3,0,31 38 9,1,100,,283919,3,0,31 38 9,1,100,,283921,3,0,31 38 9,1,100,,283923,3,0,31 38 9,1,200,,283928,3,0,31 38 9,1,200,,283934,3,0,31 38 9,1,100,,283937,3,0,31 38 9,1,200,,283942,3,0,31 38 9,1,200,,283944,3,0,31 38 9,1,200,,283946,3,0,31 38 9,1,200,,283947,3,0,31 38 9,1
4001,'20260908',404,,283948,3,0,31 38 9,1,100,,283949,3,0,31 38 9,1,100,,283951,3,0,31 38 9,1,105,,283956,3,0,37 38 9,1,95,,283959,3,0,37 38 9,1,100,,283962,3,0,37 38 9,1,35,,283963,3,0,31 38 9,1,100,,283965,3,0,31 38 9,1,90,,283967,3,0,31 38 9,1,215,,283972,3,0,31 38 9,1,165,,283977,3,0,31 38 9,1,95,,283981,3,0,37 38 9,1,100,,283985,3,0,37 38 9,1,55,,283989,3,0,37 38 9,1,175,,283992,3,0,37 38 9,1,270,,283995,3,0,31 38 9,1,200,,283997,3,0,31 38 9,1,200,,283998,3,0,31 38 9,1
4001,'20260909',404,,283999,3,0,31 38 9,1,100,,284000,3,0,31 38 9,1,100,,284002,3,0,31 38 9,1,105,,284007,3,0,37 38 9,1,95,,284010,3,0,37 38 9,1,100,,284013,3,0,37 38 9,1,35,,284014,3,0,31 38 9,1,100,,284016,3,0,31 38 9,1,90,,284018,3,0,31 38 9,1,215,,284023,3,0,31 38 9,1,165,,284028,3,0,31 38 9,1,95,,284032,3,0,37 38 9,1,100,,284036,3,0,37 38 9,1,55,,284040,3,0,37 38 9,1,175,,284043,3,0,37 38 9,1,270,,284046,3,0,31 38 9,1,200,,284048,3,0,31 38 9,1,200,,284049,3,0,31 38 9,1
4001,'20260910',404,,284050,3,0,31 38 9,1,100,,284051,3,0,31 38 9,1,100,,284053,3,0,31 38 9,1,105,,284058,3,0,37 38 9,1,95,,284061,3,0,37 38 9,1,100,,284064,3,0,37 38 9,1,35,,284065,3,0,31 38 9,1,100,,284067,3,0,31 38 9,1,90,,284069,3,0,31 38 9,1,215,,284074,3,0,31 38 9,1,165,,284079,3,0,31 38 9,1,95,,284083,3,0,37 38 9,1,100,,284087,3,0,37 38 9,1,55,,284091,3,0,37 38 9,1,175,,284094,3,0,37 38 9,1,270,,284097,3,0,31 38 9,1,200,,284099,3,0,31 38 9,1,200,,284100,3,0,31 38 9,1
4001,'20260911',404,,284101,3,0,31 38 9,1,100,,284102,3,0,31 38 9,1,100,,284104,3,0,31 38 9,1,105,,284109,3,0,37 38 9,1,95,,284112,3,0,37 38 9,1,100,,284115,3,0,37 38 9,1,35,,284116,3,0,31 38 9,1,100,,284118,3,0,31 38 9,1,90,,284120,3,0,31 38 9,1,215,,284125,3,0,31 38 9,1,165,,284130,3,0,31 38 9,1,95,,284134,3,0,37 38 9,1,100,,284138,3,0,37 38 9,1,55,,284142,3,0,37 38 9,1,175,,284145,3,0,37 38 9,1,270,,284148,3,0,31 38 9,1,200,,284150,3,0,31 38 9,1,200,,284151,3,0,31 38 9,1
4001,'20260912',404,,284152,3,0,31 38 9,1,200,,284153,3,0,31 38 9,1,200,,284156,3,0,31 38 9,1,100,,284158,3,0,31 38 9,1,100,,284160,3,0,31 38 9,1,100,,284162,3,0,31 38 9,1,100,,284164,3,0,31 38 9,1,100,,284166,3,0,31 38 9,1,200,,284171,3,0,31 38 9,1,200,,284177,3,0,31 38 9,1,100,,284180,3,0,31 38 9,1,200,,284185,3,0,31 38 9,1,200,,284187,3,0,31 38 9,1,200,,284189,3,0,31 38 9,1,200,,284190,3,0,31 38 9,1
4001,'20260913',404,,284191,3,0,31 38 9,1,200,,284192,3,0,31 38 9,1,200,,284195,3,0,31 38 9,1,100,,284197,3,0,31 38 9,1,100,,284199,3,0,31 38 9,1,100,,284201,3,0,31 38 9,1,100,,284203,3,0,31 38 9,1,100,,284205,3,0,31 38 9,1,200,,284210,3,0,31 38 9,1,200,,284216,3,0,31 38 9,1,100,,284219,3,0,31 38 9,1,200,,284224,3,0,31 38 9,1,200,,284226,3,0,31 38 9,1,200,,284228,3,0,31 38 9,1,200,,284229,3,0,31 38 9,1
4001,'20260914',404,,284230,3,0,31 38 9,1,100,,284231,3,0,31 38 9,1,100,,284233,3,0,31 38 9,1,105,,284238,3,0,37 38 9,1,95,,284241,3,0,37 38 9,1,100,,284244,3,0,37 38 9,1,35,,284245,3,0,31 38 9,1,100,,284247,3,0,31 38 9,1,90,,284249,3,0,31 38 9,1,215,,284254,3,0,31 38 9,1,165,,284259,3,0,31 38 9,1,95,,284263,3,0,37 38 9,1,100,,284267,3,0,37 38 9,1,55,,284271,3,0,37 38 9,1,175,,284274,3,0,37 38 9,1,270,,284277,3,0,31 38 9,1,200,,284279,3,0,31 38 9,1,200,,284280,3,0,31 38 9,1
4001,'20260915',404,,284281,3,0,31 38 9,1,100,,284282,3,0,31 38 9,1,100,,284284,3,0,31 38 9,1,105,,284289,3,0,37 38 9,1,95,,284292,3,0,37 38 9,1,100,,284295,3,0,37 38 9,1,35,,284296,3,0,31 38 9,1,100,,284298,3,0,31 38 9,1,90,,284300,3,0,31 38 9,1,215,,284305,3,0,31 38 9,1,165,,284310,3,0,31 38 9,1,95,,284314,3,0,37 38 9,1,100,,284318,3,0,37 38 9,1,55,,284322,3,0,37 38 9,1,175,,284325,3,0,37 38 9,1,270,,284328,3,0,31 38 9,1,200,,284330,3,0,31 38 9,1,200,,284331,3,0,31 38 9,1
4001,'20260916',404,,284332,3,0,31 38 9,1,100,,284333,3,0,31 38 9,1,100,,284335,3,0,31 38 9,1,105,,284340,3,0,37 38 9,1,95,,284343,3,0,37 38 9,1,100,,284346,3,0,37 38 9,1,35,,284347,3,0,31 38 9,1,100,,284349,3,0,31 38 9,1,90,,284351,3,0,31 38 9,1,215,,284356,3,0,31 38 9,1,165,,284361,3,0,31 38 9,1,95,,284365,3,0,37 38 9,1,100,,284369,3,0,37 38 9,1,55,,284373,3,0,37 38 9,1,175,,284376,3,0,37 38 9,1,270,,284379,3,0,31 38 9,1,200,,284381,3,0,31 38 9,1,200,,284382,3,0,31 38 9,1
4001,'20260917',404,,284383,3,0,31 38 9,1,100,,284384,3,0,31 38 9,1,100,,284386,3,0,31 38 9,1,105,,284391,3,0,37 38 9,1,95,,284394,3,0,37 38 9,1,100,,284397,3,0,37 38 9,1,35,,284398,3,0,31 38 9,1,100,,284400,3,0,31 38 9,1,90,,284402,3,0,31 38 9,1,215,,284407,3,0,31 38 9,1,165,,284412,3,0,31 38 9,1,95,,284416,3,0,37 38 9,1,100,,284420,3,0,37 38 9,1,55,,284424,3,0,37 38 9,1,175,,284427,3,0,37 38 9,1,270,,284430,3,0,31 38 9,1,200,,284432,3,0,31 38 9,1,200,,284433,3,0,31 38 9,1
4001,'20260918',404,,284434,3,0,31 38 9,1,100,,284435,3,0,31 38 9,1,100,,284437,3,0,31 38 9,1,105,,284442,3,0,37 38 9,1,95,,284445,3,0,37 38 9,1,100,,284448,3,0,37 38 9,1,35,,284449,3,0,31 38 9,1,100,,284451,3,0,31 38 9,1,90,,284453,3,0,31 38 9,1,215,,284458,3,0,31 38 9,1,165,,284463,3,0,31 38 9,1,95,,284467,3,0,37 38 9,1,100,,284471,3,0,37 38 9,1,55,,284475,3,0,37 38 9,1,175,,284478,3,0,37 38 9,1,270,,284481,3,0,31 38 9,1,200,,284483,3,0,31 38 9,1,200,,284484,3,0,31 38 9,1
4001,'20260919',404,,284485,3,0,31 38 9,1,200,,284486,3,0,31 38 9,1,200,,284489,3,0,31 38 9,1,100,,284491,3,0,31 38 9,1,100,,284493,3,0,31 38 9,1,100,,284495,3,0,31 38 9,1,100,,284497,3,0,31 38 9,1,100,,284499,3,0,31 38 9,1,200,,284504,3,0,31 38 9,1,200,,284510,3,0,31 38 9,1,100,,284513,3,0,31 38 9,1,200,,284518,3,0,31 38 9,1,200,,284520,3,0,31 38 9,1,200,,284522,3,0,31 38 9,1,200,,284523,3,0,31 38 9,1
4001,'20260920',404,,284524,3,0,31 38 9,1,200,,284525,3,0,31 38 9,1,200,,284528,3,0,31 38 9,1,100,,284530,3,0,31 38 9,1,100,,284532,3,0,31 38 9,1,100,,284534,3,0,31 38 9,1,100,,284536,3,0,31 38 9,1,100,,284538,3,0,31 38 9,1,200,,284543,3,0,31 38 9,1,200,,284549,3,0,31 38 9,1,100,,284552,3,0,31 38 9,1,200,,284557,3,0,31 38 9,1,200,,284559,3,0,31 38 9,1,200,,284561,3,0,31 38 9,1,200,,284562,3,0,31 38 9,1
4001,'20260921',404,,284563,3,0,31 38 9,1,100,,284564,3,0,31 38 9,1,100,,284566,3,0,31 38 9,1,105,,284571,3,0,37 38 9,1,95,,284574,3,0,37 38 9,1,100,,284577,3,0,37 38 9,1,35,,284578,3,0,31 38 9,1,100,,284580,3,0,31 38 9,1,90,,284582,3,0,31 38 9,1,215,,284587,3,0,31 38 9,1,165,,284592,3,0,31 38 9,1,95,,284596,3,0,37 38 9,1,100,,284600,3,0,37 38 9,1,55,,284604,3,0,37 38 9,1,175,,284607,3,0,37 38 9,1,270,,284610,3,0,31 38 9,1,200,,284612,3,0,31 38 9,1,200,,284613,3,0,31 38 9,1
4001,'20260922',404,,284614,3,0,31 38 9,1,100,,284615,3,0,31 38 9,1,100,,284617,3,0,31 38 9,1,105,,284622,3,0,37 38 9,1,95,,284625,3,0,37 38 9,1,100,,284628,3,0,37 38 9,1,35,,284629,3,0,31 38 9,1,100,,284631,3,0,31 38 9,1,90,,284633,3,0,31 38 9,1,215,,284638,3,0,31 38 9,1,165,,284643,3,0,31 38 9,1,95,,284647,3,0,37 38 9,1,100,,284651,3,0,37 38 9,1,55,,284655,3,0,37 38 9,1,175,,284658,3,0,37 38 9,1,270,,284661,3,0,31 38 9,1,200,,284663,3,0,31 38 9,1,200,,284664,3,0,31 38 9,1
4001,'20260923',404,,284665,3,0,31 38 9,1,100,,284666,3,0,31 38 9,1,100,,284668,3,0,31 38 9,1,105,,284673,3,0,37 38 9,1,95,,284676,3,0,37 38 9,1,100,,284679,3,0,37 38 9,1,35,,284680,3,0,31 38 9,1,100,,284682,3,0,31 38 9,1,90,,284684,3,0,31 38 9,1,215,,284689,3,0,31 38 9,1,165,,284694,3,0,31 38 9,1,95,,284698,3,0,37 38 9,1,100,,284702,3,0,37 38 9,1,55,,284706,3,0,37 38 9,1,175,,284709,3,0,37 38 9,1,270,,284712,3,0,31 38 9,1,200,,284714,3,0,31 38 9,1,200,,284715,3,0,31 38 9,1
4001,'20260924',404,,284716,3,0,31 38 9,1,100,,284717,3,0,31 38 9,1,100,,284719,3,0,31 38 9,1,105,,284724,3,0,37 38 9,1,95,,284727,3,0,37 38 9,1,100,,284730,3,0,37 38 9,1,35,,284731,3,0,31 38 9,1,100,,284733,3,0,31 38 9,1,90,,284735,3,0,31 38 9,1,215,,284740,3,0,31 38 9,1,165,,284745,3,0,31 38 9,1,95,,284749,3,0,37 38 9,1,100,,284753,3,0,37 38 9,1,55,,284757,3,0,37 38 9,1,175,,284760,3,0,37 38 9,1,270,,284763,3,0,31 38 9,1,200,,284765,3,0,31 38 9,1,200,,284766,3,0,31 38 9,1
4001,'20260925',404,,284767,3,0,31 38 9,1,100,,284768,3,0,31 38 9,1,100,,284770,3,0,31 38 9,1,105,,284775,3,0,37 38 9,1,95,,284778,3,0,37 38 9,1,100,,284781,3,0,37 38 9,1,35,,284782,3,0,31 38 9,1,100,,284784,3,0,31 38 9,1,90,,284786,3,0,31 38 9,1,215,,284791,3,0,31 38 9,1,165,,284796,3,0,31 38 9,1,95,,284800,3,0,37 38 9,1,100,,284804,3,0,37 38 9,1,55,,284808,3,0,37 38 9,1,175,,284811,3,0,37 38 9,1,270,,284814,3,0,31 38 9,1,200,,284816,3,0,31 38 9,1,200,,284817,3,0,31 38 9,1
4001,'20260926',404,,284818,3,0,31 38 9,1,200,,284819,3,0,31 38 9,1,200,,284822,3,0,31 38 9,1,100,,284824,3,0,31 38 9,1,100,,284826,3,0,31 38 9,1,100,,284828,3,0,31 38 9,1,100,,284830,3,0,31 38 9,1,100,,284832,3,0,31 38 9,1,200,,284837,3,0,31 38 9,1,200,,284843,3,0,31 38 9,1,100,,284846,3,0,31 38 9,1,200,,284851,3,0,31 38 9,1,200,,284853,3,0,31 38 9,1,200,,284855,3,0,31 38 9,1,200,,284856,3,0,31 38 9,1
4001,'20260927',404,,284857,3,0,31 38 9,1,200,,284858,3,0,31 38 9,1,200,,284861,3,0,31 38 9,1,100,,284863,3,0,31 38 9,1,100,,284865,3,0,31 38 9,1,100,,284867,3,0,31 38 9,1,100,,284869,3,0,31 38 9,1,100,,284871,3,0,31 38 9,1,200,,284876,3,0,31 38 9,1,200,,284882,3,0,31 38 9,1,100,,284885,3,0,31 38 9,1,200,,284890,3,0,31 38 9,1,200,,284892,3,0,31 38 9,1,200,,284894,3,0,31 38 9,1,200,,284895,3,0,31 38 9,1
4001,'20260928',404,,284896,3,0,31 38 9,1,100,,284897,3,0,31 38 9,1,100,,284899,3,0,31 38 9,1,105,,284904,3,0,37 38 9,1,95,,284907,3,0,37 38 9,1,100,,284910,3,0,37 38 9,1,35,,284911,3,0,31 38 9,1,100,,284913,3,0,31 38 9,1,90,,284915,3,0,31 38 9,1,215,,284920,3,0,31 38 9,1,165,,284925,3,0,31 38 9,1,95,,284929,3,0,37 38 9,1,100,,284933,3,0,37 38 9,1,55,,284937,3,0,37 38 9,1,175,,284940,3,0,37 38 9,1,270,,284943,3,0,31 38 9,1,200,,284945,3,0,31 38 9,1,200,,284946,3,0,31 38 9,1
4001,'20260929',404,,284947,3,0,31 38 9,1,100,,284948,3,0,31 38 9,1,100,,284950,3,0,31 38 9,1,105,,284955,3,0,37 38 9,1,95,,284958,3,0,37 38 9,1,100,,284961,3,0,37 38 9,1,35,,284962,3,0,31 38 9,1,100,,284964,3,0,31 38 9,1,90,,284966,3,0,31 38 9,1,215,,284971,3,0,31 38 9,1,165,,284976,3,0,31 38 9,1,95,,284980,3,0,37 38 9,1,100,,284984,3,0,37 38 9,1,55,,284988,3,0,37 38 9,1,175,,284991,3,0,37 38 9,1,270,,284994,3,0,31 38 9,1,200,,284996,3,0,31 38 9,1,200,,284997,3,0,31 38 9,1
4001,'20260930',404,,284998,3,0,31 38 9,1,100,,284999,3,0,31 38 9,1,100,,285001,3,0,31 38 9,1,105,,285006,3,0,37 38 9,1,95,,285009,3,0,37 38 9,1,100,,285012,3,0,37 38 9,1,35,,285013,3,0,31 38 9,1,100,,285015,3,0,31 38 9,1,90,,285017,3,0,31 38 9,1,215,,285022,3,0,31 38 9,1,165,,285027,3,0,31 38 9,1,95,,285031,3,0,37 38 9,1,100,,285035,3,0,37 38 9,1,55,,285039,3,0,37 38 9,1,175,,285042,3,0,37 38 9,1,270,,285045,3,0,31 38 9,1,200,,285047,3,0,31 38 9,1,200,,285048,3,0,31 38 9,1
4001,'20261001',404,,285049,3,0,31 38 9,1,100,,285050,3,0,31 38 9,1,100,,285052,3,0,31 38 9,1,105,,285057,3,0,37 38 9,1,95,,285060,3,0,37 38 9,1,100,,285063,3,0,37 38 9,1,35,,285064,3,0,31 38 9,1,100,,285066,3,0,31 38 9,1,90,,285068,3,0,31 38 9,1,215,,285073,3,0,31 38 9,1,165,,285078,3,0,31 38 9,1,95,,285082,3,0,37 38 9,1,100,,285086,3,0,37 38 9,1,55,,285090,3,0,37 38 9,1,175,,285093,3,0,37 38 9,1,270,,285096,3,0,31 38 9,1,200,,285098,3,0,31 38 9,1,200,,285099,3,0,31 38 9,1
4001,'20261002',404,,285100,3,0,31 38 9,1,100,,285101,3,0,31 38 9,1,100,,285103,3,0,31 38 9,1,105,,285108,3,0,37 38 9,1,95,,285111,3,0,37 38 9,1,100,,285114,3,0,37 38 9,1,35,,285115,3,0,31 38 9,1,100,,285117,3,0,31 38 9,1,90,,285119,3,0,31 38 9,1,215,,285124,3,0,31 38 9,1,165,,285129,3,0,31 38 9,1,95,,285133,3,0,37 38 9,1,100,,285137,3,0,37 38 9,1,55,,285141,3,0,37 38 9,1,175,,285144,3,0,37 38 9,1,270,,285147,3,0,31 38 9,1,200,,285149,3,0,31 38 9,1,200,,285150,3,0,31 38 9,1
4001,'20261003',404,,285151,3,0,31 38 9,1,200,,285152,3,0,31 38 9,1,200,,285155,3,0,31 38 9,1,100,,285157,3,0,31 38 9,1,100,,285159,3,0,31 38 9,1,100,,285161,3,0,31 38 9,1,100,,285163,3,0,31 38 9,1,100,,285165,3,0,31 38 9,1,200,,285170,3,0,31 38 9,1,200,,285176,3,0,31 38 9,1,100,,285179,3,0,31 38 9,1,200,,285184,3,0,31 38 9,1,200,,285186,3,0,31 38 9,1,200,,285188,3,0,31 38 9,1,200,,285189,3,0,31 38 9,1
4001,'20261004',404,,285190,3,0,31 38 9,1,200,,285191,3,0,31 38 9,1,200,,285194,3,0,31 38 9,1,100,,285196,3,0,31 38 9,1,100,,285198,3,0,31 38 9,1,100,,285200,3,0,31 38 9,1,100,,285202,3,0,31 38 9,1,100,,285204,3,0,31 38 9,1,200,,285209,3,0,31 38 9,1,200,,285215,3,0,31 38 9,1,100,,285218,3,0,31 38 9,1,200,,285223,3,0,31 38 9,1,200,,285225,3,0,31 38 9,1,200,,285227,3,0,31 38 9,1,200,,285228,3,0,31 38 9,1
4001,'20261005',404,,285229,3,0,31 38 9,1,100,,285230,3,0,31 38 9,1,100,,285232,3,0,31 38 9,1,105,,285237,3,0,37 38 9,1,95,,285240,3,0,37 38 9,1,100,,285243,3,0,37 38 9,1,35,,285244,3,0,31 38 9,1,100,,285246,3,0,31 38 9,1,90,,285248,3,0,31 38 9,1,215,,285253,3,0,31 38 9,1,165,,285258,3,0,31 38 9,1,95,,285262,3,0,37 38 9,1,100,,285266,3,0,37 38 9,1,55,,285270,3,0,37 38 9,1,175,,285273,3,0,37 38 9,1,270,,285276,3,0,31 38 9,1,200,,285278,3,0,31 38 9,1,200,,285279,3,0,31 38 9,1
4001,'20261006',404,,285280,3,0,31 38 9,1,100,,285281,3,0,31 38 9,1,100,,285283,3,0,31 38 9,1,105,,285288,3,0,37 38 9,1,95,,285291,3,0,37 38 9,1,100,,285294,3,0,37 38 9,1,35,,285295,3,0,31 38 9,1,100,,285297,3,0,31 38 9,1,90,,285299,3,0,31 38 9,1,215,,285304,3,0,31 38 9,1,165,,285309,3,0,31 38 9,1,95,,285313,3,0,37 38 9,1,100,,285317,3,0,37 38 9,1,55,,285321,3,0,37 38 9,1,175,,285324,3,0,37 38 9,1,270,,285327,3,0,31 38 9,1,200,,285329,3,0,31 38 9,1,200,,285330,3,0,31 38 9,1
4001,'20261007',404,,285331,3,0,31 38 9,1,100,,285332,3,0,31 38 9,1,100,,285334,3,0,31 38 9,1,105,,285339,3,0,37 38 9,1,95,,285342,3,0,37 38 9,1,100,,285345,3,0,37 38 9,1,35,,285346,3,0,31 38 9,1,100,,285348,3,0,31 38 9,1,90,,285350,3,0,31 38 9,1,215,,285355,3,0,31 38 9,1,165,,285360,3,0,31 38 9,1,95,,285364,3,0,37 38 9,1,100,,285368,3,0,37 38 9,1,55,,285372,3,0,37 38 9,1,175,,285375,3,0,37 38 9,1,270,,285378,3,0,31 38 9,1,200,,285380,3,0,31 38 9,1,200,,285381,3,0,31 38 9,1
4001,'20261008',404,,285382,3,0,31 38 9,1,100,,285383,3,0,31 38 9,1,100,,285385,3,0,31 38 9,1,105,,285390,3,0,37 38 9,1,95,,285393,3,0,37 38 9,1,100,,285396,3,0,37 38 9,1,35,,285397,3,0,31 38 9,1,100,,285399,3,0,31 38 9,1,90,,285401,3,0,31 38 9,1,215,,285406,3,0,31 38 9,1,165,,285411,3,0,31 38 9,1,95,,285415,3,0,37 38 9,1,100,,285419,3,0,37 38 9,1,55,,285423,3,0,37 38 9,1,175,,285426,3,0,37 38 9,1,270,,285429,3,0,31 38 9,1,200,,285431,3,0,31 38 9,1,200,,285432,3,0,31 38 9,1
4001,'20261009',404,,285433,3,0,31 38 9,1,100,,285434,3,0,31 38 9,1,100,,285436,3,0,31 38 9,1,105,,285441,3,0,37 38 9,1,95,,285444,3,0,37 38 9,1,100,,285447,3,0,37 38 9,1,35,,285448,3,0,31 38 9,1,100,,285450,3,0,31 38 9,1,90,,285452,3,0,31 38 9,1,215,,285457,3,0,31 38 9,1,165,,285462,3,0,31 38 9,1,95,,285466,3,0,37 38 9,1,100,,285470,3,0,37 38 9,1,55,,285474,3,0,37 38 9,1,175,,285477,3,0,37 38 9,1,270,,285480,3,0,31 38 9,1,200,,285482,3,0,31 38 9,1,200,,285483,3,0,31 38 9,1
4001,'20261010',404,,285484,3,0,31 38 9,1,200,,285485,3,0,31 38 9,1,200,,285488,3,0,31 38 9,1,100,,285490,3,0,31 38 9,1,100,,285492,3,0,31 38 9,1,100,,285494,3,0,31 38 9,1,100,,285496,3,0,31 38 9,1,100,,285498,3,0,31 38 9,1,200,,285503,3,0,31 38 9,1,200,,285509,3,0,31 38 9,1,100,,285512,3,0,31 38 9,1,200,,285517,3,0,31 38 9,1,200,,285519,3,0,31 38 9,1,200,,285521,3,0,31 38 9,1,200,,285522,3,0,31 38 9,1
4001,'20261011',404,,285523,3,0,31 38 9,1,200,,285524,3,0,31 38 9,1,200,,285527,3,0,31 38 9,1,100,,285529,3,0,31 38 9,1,100,,285531,3,0,31 38 9,1,100,,285533,3,0,31 38 9,1,100,,285535,3,0,31 38 9,1,100,,285537,3,0,31 38 9,1,200,,285542,3,0,31 38 9,1,200,,285548,3,0,31 38 9,1,100,,285551,3,0,31 38 9,1,200,,285556,3,0,31 38 9,1,200,,285558,3,0,31 38 9,1,200,,285560,3,0,31 38 9,1,200,,285561,3,0,31 38 9,1
4001,'20261012',404,,285562,3,0,31 38 9,1,200,,285563,3,0,31 38 9,1,200,,285566,3,0,31 38 9,1,100,,285568,3,0,31 38 9,1,100,,285570,3,0,31 38 9,1,100,,285572,3,0,31 38 9,1,100,,285574,3,0,31 38 9,1,100,,285576,3,0,31 38 9,1,200,,285581,3,0,31 38 9,1,200,,285587,3,0,31 38 9,1,100,,285590,3,0,31 38 9,1,200,,285595,3,0,31 38 9,1,200,,285597,3,0,31 38 9,1,200,,285599,3,0,31 38 9,1,200,,285600,3,0,31 38 9,1
4001,'20261013',404,,285601,3,0,31 38 9,1,100,,285602,3,0,31 38 9,1,100,,285604,3,0,31 38 9,1,105,,285609,3,0,37 38 9,1,95,,285612,3,0,37 38 9,1,100,,285615,3,0,37 38 9,1,35,,285616,3,0,31 38 9,1,100,,285618,3,0,31 38 9,1,90,,285620,3,0,31 38 9,1,215,,285625,3,0,31 38 9,1,165,,285630,3,0,31 38 9,1,95,,285634,3,0,37 38 9,1,100,,285638,3,0,37 38 9,1,55,,285642,3,0,37 38 9,1,175,,285645,3,0,37 38 9,1,270,,285648,3,0,31 38 9,1,200,,285650,3,0,31 38 9,1,200,,285651,3,0,31 38 9,1
4001,'20261014',404,,285652,3,0,31 38 9,1,100,,285653,3,0,31 38 9,1,100,,285655,3,0,31 38 9,1,105,,285660,3,0,37 38 9,1,95,,285663,3,0,37 38 9,1,100,,285666,3,0,37 38 9,1,35,,285667,3,0,31 38 9,1,100,,285669,3,0,31 38 9,1,90,,285671,3,0,31 38 9,1,215,,285676,3,0,31 38 9,1,165,,285681,3,0,31 38 9,1,95,,285685,3,0,37 38 9,1,100,,285689,3,0,37 38 9,1,55,,285693,3,0,37 38 9,1,175,,285696,3,0,37 38 9,1,270,,285699,3,0,31 38 9,1,200,,285701,3,0,31 38 9,1,200,,285702,3,0,31 38 9,1
4001,'20261015',404,,285703,3,0,31 38 9,1,100,,285704,3,0,31 38 9,1,100,,285706,3,0,31 38 9,1,105,,285711,3,0,37 38 9,1,95,,285714,3,0,37 38 9,1,100,,285717,3,0,37 38 9,1,35,,285718,3,0,31 38 9,1,100,,285720,3,0,31 38 9,1,90,,285722,3,0,31 38 9,1,215,,285727,3,0,31 38 9,1,165,,285732,3,0,31 38 9,1,95,,285736,3,0,37 38 9,1,100,,285740,3,0,37 38 9,1,55,,285744,3,0,37 38 9,1,175,,285747,3,0,37 38 9,1,270,,285750,3,0,31 38 9,1,200,,285752,3,0,31 38 9,1,200,,285753,3,0,31 38 9,1
4001,'20261016',404,,285754,3,0,31 38 9,1,100,,285755,3,0,31 38 9,1,100,,285757,3,0,31 38 9,1,105,,285762,3,0,37 38 9,1,95,,285765,3,0,37 38 9,1,100,,285768,3,0,37 38 9,1,35,,285769,3,0,31 38 9,1,100,,285771,3,0,31 38 9,1,90,,285773,3,0,31 38 9,1,215,,285778,3,0,31 38 9,1,165,,285783,3,0,31 38 9,1,95,,285787,3,0,37 38 9,1,100,,285791,3,0,37 38 9,1,55,,285795,3,0,37 38 9,1,175,,285798,3,0,37 38 9,1,270,,285801,3,0,31 38 9,1,200,,285803,3,0,31 38 9,1,200,,285804,3,0,31 38 9,1
4001,'20261017',404,,285805,3,0,31 38 9,1,200,,285806,3,0,31 38 9,1,200,,285809,3,0,31 38 9,1,100,,285811,3,0,31 38 9,1,100,,285813,3,0,31 38 9,1,100,,285815,3,0,31 38 9,1,100,,285817,3,0,31 38 9,1,100,,285819,3,0,31 38 9,1,200,,285824,3,0,31 38 9,1,200,,285830,3,0,31 38 9,1,100,,285833,3,0,31 38 9,1,200,,285838,3,0,31 38 9,1,200,,285840,3,0,31 38 9,1,200,,285842,3,0,31 38 9,1,200,,285843,3,0,31 38 9,1
4001,'20261018',404,,285844,3,0,31 38 9,1,200,,285845,3,0,31 38 9,1,200,,285848,3,0,31 38 9,1,100,,285850,3,0,31 38 9,1,100,,285852,3,0,31 38 9,1,100,,285854,3,0,31 38 9,1,100,,285856,3,0,31 38 9,1,100,,285858,3,0,31 38 9,1,200,,285863,3,0,31 38 9,1,200,,285869,3,0,31 38 9,1,100,,285872,3,0,31 38 9,1,200,,285877,3,0,31 38 9,1,200,,285879,3,0,31 38 9,1,200,,285881,3,0,31 38 9,1,200,,285882,3,0,31 38 9,1
4001,'20261019',404,,285883,3,0,31 38 9,1,100,,285884,3,0,31 38 9,1,100,,285886,3,0,31 38 9,1,105,,285891,3,0,37 38 9,1,95,,285894,3,0,37 38 9,1,100,,285897,3,0,37 38 9,1,35,,285898,3,0,31 38 9,1,100,,285900,3,0,31 38 9,1,90,,285902,3,0,31 38 9,1,215,,285907,3,0,31 38 9,1,165,,285912,3,0,31 38 9,1,95,,285916,3,0,37 38 9,1,100,,285920,3,0,37 38 9,1,55,,285924,3,0,37 38 9,1,175,,285927,3,0,37 38 9,1,270,,285930,3,0,31 38 9,1,200,,285932,3,0,31 38 9,1,200,,285933,3,0,31 38 9,1
4001,'20261020',404,,285934,3,0,31 38 9,1,100,,285935,3,0,31 38 9,1,100,,285937,3,0,31 38 9,1,105,,285942,3,0,37 38 9,1,95,,285945,3,0,37 38 9,1,100,,285948,3,0,37 38 9,1,35,,285949,3,0,31 38 9,1,100,,285951,3,0,31 38 9,1,90,,285953,3,0,31 38 9,1,215,,285958,3,0,31 38 9,1,165,,285963,3,0,31 38 9,1,95,,285967,3,0,37 38 9,1,100,,285971,3,0,37 38 9,1,55,,285975,3,0,37 38 9,1,175,,285978,3,0,37 38 9,1,270,,285981,3,0,31 38 9,1,200,,285983,3,0,31 38 9,1,200,,285984,3,0,31 38 9,1
4001,'20261021',404,,285985,3,0,31 38 9,1,100,,285986,3,0,31 38 9,1,100,,285988,3,0,31 38 9,1,105,,285993,3,0,37 38 9,1,95,,285996,3,0,37 38 9,1,100,,285999,3,0,37 38 9,1,35,,286000,3,0,31 38 9,1,100,,286002,3,0,31 38 9,1,90,,286004,3,0,31 38 9,1,215,,286009,3,0,31 38 9,1,165,,286014,3,0,31 38 9,1,95,,286018,3,0,37 38 9,1,100,,286022,3,0,37 38 9,1,55,,286026,3,0,37 38 9,1,175,,286029,3,0,37 38 9,1,270,,286032,3,0,31 38 9,1,200,,286034,3,0,31 38 9,1,200,,286035,3,0,31 38 9,1
4001,'20261022',404,,286036,3,0,31 38 9,1,100,,286037,3,0,31 38 9,1,100,,286039,3,0,31 38 9,1,105,,286044,3,0,37 38 9,1,95,,286047,3,0,37 38 9,1,100,,286050,3,0,37 38 9,1,35,,286051,3,0,31 38 9,1,100,,286053,3,0,31 38 9,1,90,,286055,3,0,31 38 9,1,215,,286060,3,0,31 38 9,1,165,,286065,3,0,31 38 9,1,95,,286069,3,0,37 38 9,1,100,,286073,3,0,37 38 9,1,55,,286077,3,0,37 38 9,1,175,,286080,3,0,37 38 9,1,270,,286083,3,0,31 38 9,1,200,,286085,3,0,31 38 9,1,200,,286086,3,0,31 38 9,1
4001,'20261023',404,,286087,3,0,31 38 9,1,100,,286088,3,0,31 38 9,1,100,,286090,3,0,31 38 9,1,105,,286095,3,0,37 38 9,1,95,,286098,3,0,37 38 9,1,100,,286101,3,0,37 38 9,1,35,,286102,3,0,31 38 9,1,100,,286104,3,0,31 38 9,1,90,,286106,3,0,31 38 9,1,215,,286111,3,0,31 38 9,1,165,,286116,3,0,31 38 9,1,95,,286120,3,0,37 38 9,1,100,,286124,3,0,37 38 9,1,55,,286128,3,0,37 38 9,1,175,,286131,3,0,37 38 9,1,270,,286134,3,0,31 38 9,1,200,,286136,3,0,31 38 9,1,200,,286137,3,0,31 38 9,1
4001,'20261024',404,,286138,3,0,31 38 9,1,200,,286139,3,0,31 38 9,1,200,,286142,3,0,31 38 9,1,100,,286144,3,0,31 38 9,1,100,,286146,3,0,31 38 9,1,100,,286148,3,0,31 38 9,1,100,,286150,3,0,31 38 9,1,100,,286152,3,0,31 38 9,1,200,,286157,3,0,31 38 9,1,200,,286163,3,0,31 38 9,1,100,,286166,3,0,31 38 9,1,200,,286171,3,0,31 38 9,1,200,,286173,3,0,31 38 9,1,200,,286175,3,0,31 38 9,1,200,,286176,3,0,31 38 9,1
4001,'20261025',404,,286177,3,0,31 38 9,1,200,,286178,3,0,31 38 9,1,200,,286181,3,0,31 38 9,1,100,,286183,3,0,31 38 9,1,100,,286185,3,0,31 38 9,1,100,,286187,3,0,31 38 9,1,100,,286189,3,0,31 38 9,1,100,,286191,3,0,31 38 9,1,200,,286196,3,0,31 38 9,1,200,,286202,3,0,31 38 9,1,100,,286205,3,0,31 38 9,1,200,,286210,3,0,31 38 9,1,200,,286212,3,0,31 38 9,1,200,,286214,3,0,31 38 9,1,200,,286215,3,0,31 38 9,1
4001,'20261026',404,,286216,3,0,31 38 9,1,100,,286217,3,0,31 38 9,1,100,,286219,3,0,31 38 9,1,105,,286224,3,0,37 38 9,1,95,,286227,3,0,37 38 9,1,100,,286230,3,0,37 38 9,1,35,,286231,3,0,31 38 9,1,100,,286233,3,0,31 38 9,1,90,,286235,3,0,31 38 9,1,215,,286240,3,0,31 38 9,1,165,,286245,3,0,31 38 9,1,95,,286249,3,0,37 38 9,1,100,,286253,3,0,37 38 9,1,55,,286257,3,0,37 38 9,1,175,,286260,3,0,37 38 9,1,270,,286263,3,0,31 38 9,1,200,,286265,3,0,31 38 9,1,200,,286266,3,0,31 38 9,1
4001,'20261027',404,,286267,3,0,31 38 9,1,100,,286268,3,0,31 38 9,1,100,,286270,3,0,31 38 9,1,105,,286275,3,0,37 38 9,1,95,,286278,3,0,37 38 9,1,100,,286281,3,0,37 38 9,1,35,,286282,3,0,31 38 9,1,100,,286284,3,0,31 38 9,1,90,,286286,3,0,31 38 9,1,215,,286291,3,0,31 38 9,1,165,,286296,3,0,31 38 9,1,95,,286300,3,0,37 38 9,1,100,,286304,3,0,37 38 9,1,55,,286308,3,0,37 38 9,1,175,,286311,3,0,37 38 9,1,270,,286314,3,0,31 38 9,1,200,,286316,3,0,31 38 9,1,200,,286317,3,0,31 38 9,1
4001,'20261028',404,,286318,3,0,31 38 9,1,100,,286319,3,0,31 38 9,1,100,,286321,3,0,31 38 9,1,105,,286326,3,0,37 38 9,1,95,,286329,3,0,37 38 9,1,100,,286332,3,0,37 38 9,1,35,,286333,3,0,31 38 9,1,100,,286335,3,0,31 38 9,1,90,,286337,3,0,31 38 9,1,215,,286342,3,0,31 38 9,1,165,,286347,3,0,31 38 9,1,95,,286351,3,0,37 38 9,1,100,,286355,3,0,37 38 9,1,55,,286359,3,0,37 38 9,1,175,,286362,3,0,37 38 9,1,270,,286365,3,0,31 38 9,1,200,,286367,3,0,31 38 9,1,200,,286368,3,0,31 38 9,1
4001,'20261029',404,,286369,3,0,31 38 9,1,100,,286370,3,0,31 38 9,1,100,,286372,3,0,31 38 9,1,105,,286377,3,0,37 38 9,1,95,,286380,3,0,37 38 9,1,100,,286383,3,0,37 38 9,1,35,,286384,3,0,31 38 9,1,100,,286386,3,0,31 38 9,1,90,,286388,3,0,31 38 9,1,215,,286393,3,0,31 38 9,1,165,,286398,3,0,31 38 9,1,95,,286402,3,0,37 38 9,1,100,,286406,3,0,37 38 9,1,55,,286410,3,0,37 38 9,1,175,,286413,3,0,37 38 9,1,270,,286416,3,0,31 38 9,1,200,,286418,3,0,31 38 9,1,200,,286419,3,0,31 38 9,1
4001,'20261030',404,,286420,3,0,31 38 9,1,100,,286421,3,0,31 38 9,1,100,,286423,3,0,31 38 9,1,105,,286428,3,0,37 38 9,1,95,,286431,3,0,37 38 9,1,100,,286434,3,0,37 38 9,1,35,,286435,3,0,31 38 9,1,100,,286437,3,0,31 38 9,1,90,,286439,3,0,31 38 9,1,215,,286444,3,0,31 38 9,1,165,,286449,3,0,31 38 9,1,95,,286453,3,0,37 38 9,1,100,,286457,3,0,37 38 9,1,55,,286461,3,0,37 38 9,1,175,,286464,3,0,37 38 9,1,270,,286467,3,0,31 38 9,1,200,,286469,3,0,31 38 9,1,200,,286470,3,0,31 38 9,1
4001,'20261031',404,,286471,3,0,31 38 9,1,200,,286472,3,0,31 38 9,1,200,,286475,3,0,31 38 9,1,100,,286477,3,0,31 38 9,1,100,,286479,3,0,31 38 9,1,100,,286481,3,0,31 38 9,1,100,,286483,3,0,31 38 9,1,100,,286485,3,0,31 38 9,1,200,,286490,3,0,31 38 9,1,200,,286496,3,0,31 38 9,1,100,,286499,3,0,31 38 9,1,200,,286504,3,0,31 38 9,1,200,,286506,3,0,31 38 9,1,200,,286508,3,0,31 38 9,1,200,,286509,3,0,31 38 9,1
4001,'20261101',404,,286510,3,0,31 38 9,1,200,,286511,3,0,31 38 9,1,200,,286514,3,0,31 38 9,1,100,,286516,3,0,31 38 9,1,100,,286518,3,0,31 38 9,1,100,,286520,3,0,31 38 9,1,100,,286522,3,0,31 38 9,1,100,,286524,3,0,31 38 9,1,200,,286529,3,0,31 38 9,1,200,,286535,3,0,31 38 9,1,100,,286538,3,0,31 38 9,1,200,,286543,3,0,31 38 9,1,200,,286545,3,0,31 38 9,1,200,,286547,3,0,31 38 9,1,200,,286548,3,0,31 38 9,1
4001,'20261102',404,,286549,3,0,31 38 9,1,100,,286550,3,0,31 38 9,1,100,,286552,3,0,31 38 9,1,105,,286557,3,0,37 38 9,1,95,,286560,3,0,37 38 9,1,100,,286563,3,0,37 38 9,1,35,,286564,3,0,31 38 9,1,100,,286566,3,0,31 38 9,1,90,,286568,3,0,31 38 9,1,215,,286573,3,0,31 38 9,1,165,,286578,3,0,31 38 9,1,95,,286582,3,0,37 38 9,1,100,,286586,3,0,37 38 9,1,55,,286590,3,0,37 38 9,1,175,,286593,3,0,37 38 9,1,270,,286596,3,0,31 38 9,1,200,,286598,3,0,31 38 9,1,200,,286599,3,0,31 38 9,1
4001,'20261103',404,,286600,3,0,31 38 9,1,100,,286601,3,0,31 38 9,1,100,,286603,3,0,31 38 9,1,105,,286608,3,0,37 38 9,1,95,,286611,3,0,37 38 9,1,100,,286614,3,0,37 38 9,1,35,,286615,3,0,31 38 9,1,100,,286617,3,0,31 38 9,1,90,,286619,3,0,31 38 9,1,215,,286624,3,0,31 38 9,1,165,,286629,3,0,31 38 9,1,95,,286633,3,0,37 38 9,1,100,,286637,3,0,37 38 9,1,55,,286641,3,0,37 38 9,1,175,,286644,3,0,37 38 9,1,270,,286647,3,0,31 38 9,1,200,,286649,3,0,31 38 9,1,200,,286650,3,0,31 38 9,1
4001,'20261104',404,,286651,3,0,31 38 9,1,100,,286652,3,0,31 38 9,1,100,,286654,3,0,31 38 9,1,105,,286659,3,0,37 38 9,1,95,,286662,3,0,37 38 9,1,100,,286665,3,0,37 38 9,1,35,,286666,3,0,31 38 9,1,100,,286668,3,0,31 38 9,1,90,,286670,3,0,31 38 9,1,215,,286675,3,0,31 38 9,1,165,,286680,3,0,31 38 9,1,95,,286684,3,0,37 38 9,1,100,,286688,3,0,37 38 9,1,55,,286692,3,0,37 38 9,1,175,,286695,3,0,37 38 9,1,270,,286698,3,0,31 38 9,1,200,,286700,3,0,31 38 9,1,200,,286701,3,0,31 38 9,1
4001,'20261105',404,,286702,3,0,31 38 9,1,100,,286703,3,0,31 38 9,1,100,,286705,3,0,31 38 9,1,105,,286710,3,0,37 38 9,1,95,,286713,3,0,37 38 9,1,100,,286716,3,0,37 38 9,1,35,,286717,3,0,31 38 9,1,100,,286719,3,0,31 38 9,1,90,,286721,3,0,31 38 9,1,215,,286726,3,0,31 38 9,1,165,,286731,3,0,31 38 9,1,95,,286735,3,0,37 38 9,1,100,,286739,3,0,37 38 9,1,55,,286743,3,0,37 38 9,1,175,,286746,3,0,37 38 9,1,270,,286749,3,0,31 38 9,1,200,,286751,3,0,31 38 9,1,200,,286752,3,0,31 38 9,1
4001,'20261106',404,,286753,3,0,31 38 9,1,100,,286754,3,0,31 38 9,1,100,,286756,3,0,31 38 9,1,105,,286761,3,0,37 38 9,1,95,,286764,3,0,37 38 9,1,100,,286767,3,0,37 38 9,1,35,,286768,3,0,31 38 9,1,100,,286770,3,0,31 38 9,1,90,,286772,3,0,31 38 9,1,215,,286777,3,0,31 38 9,1,165,,286782,3,0,31 38 9,1,95,,286786,3,0,37 38 9,1,100,,286790,3,0,37 38 9,1,55,,286794,3,0,37 38 9,1,175,,286797,3,0,37 38 9,1,270,,286800,3,0,31 38 9,1,200,,286802,3,0,31 38 9,1,200,,286803,3,0,31 38 9,1
4001,'20261107',404,,286804,3,0,31 38 9,1,200,,286805,3,0,31 38 9,1,200,,286808,3,0,31 38 9,1,100,,286810,3,0,31 38 9,1,100,,286812,3,0,31 38 9,1,100,,286814,3,0,31 38 9,1,100,,286816,3,0,31 38 9,1,100,,286818,3,0,31 38 9,1,200,,286823,3,0,31 38 9,1,200,,286829,3,0,31 38 9,1,100,,286832,3,0,31 38 9,1,200,,286837,3,0,31 38 9,1,200,,286839,3,0,31 38 9,1,200,,286841,3,0,31 38 9,1,200,,286842,3,0,31 38 9,1
4001,'20261108',404,,286843,3,0,31 38 9,1,200,,286844,3,0,31 38 9,1,200,,286847,3,0,31 38 9,1,100,,286849,3,0,31 38 9,1,100,,286851,3,0,31 38 9,1,100,,286853,3,0,31 38 9,1,100,,286855,3,0,31 38 9,1,100,,286857,3,0,31 38 9,1,200,,286862,3,0,31 38 9,1,200,,286868,3,0,31 38 9,1,100,,286871,3,0,31 38 9,1,200,,286876,3,0,31 38 9,1,200,,286878,3,0,31 38 9,1,200,,286880,3,0,31 38 9,1,200,,286881,3,0,31 38 9,1
4001,'20261109',404,,286882,3,0,31 38 9,1,100,,286883,3,0,31 38 9,1,100,,286885,3,0,31 38 9,1,105,,286890,3,0,37 38 9,1,95,,286893,3,0,37 38 9,1,100,,286896,3,0,37 38 9,1,35,,286897,3,0,31 38 9,1,100,,286899,3,0,31 38 9,1,90,,286901,3,0,31 38 9,1,215,,286906,3,0,31 38 9,1,165,,286911,3,0,31 38 9,1,95,,286915,3,0,37 38 9,1,100,,286919,3,0,37 38 9,1,55,,286923,3,0,37 38 9,1,175,,286926,3,0,37 38 9,1,270,,286929,3,0,31 38 9,1,200,,286931,3,0,31 38 9,1,200,,286932,3,0,31 38 9,1
4001,'20261110',404,,286933,3,0,31 38 9,1,100,,286934,3,0,31 38 9,1,100,,286936,3,0,31 38 9,1,105,,286941,3,0,37 38 9,1,95,,286944,3,0,37 38 9,1,100,,286947,3,0,37 38 9,1,35,,286948,3,0,31 38 9,1,100,,286950,3,0,31 38 9,1,90,,286952,3,0,31 38 9,1,215,,286957,3,0,31 38 9,1,165,,286962,3,0,31 38 9,1,95,,286966,3,0,37 38 9,1,100,,286970,3,0,37 38 9,1,55,,286974,3,0,37 38 9,1,175,,286977,3,0,37 38 9,1,270,,286980,3,0,31 38 9,1,200,,286982,3,0,31 38 9,1,200,,286983,3,0,31 38 9,1
4001,'20261111',404,,286984,3,0,31 38 9,1,100,,286985,3,0,31 38 9,1,100,,286987,3,0,31 38 9,1,105,,286992,3,0,37 38 9,1,95,,286995,3,0,37 38 9,1,100,,286998,3,0,37 38 9,1,35,,286999,3,0,31 38 9,1,100,,287001,3,0,31 38 9,1,90,,287003,3,0,31 38 9,1,215,,287008,3,0,31 38 9,1,165,,287013,3,0,31 38 9,1,95,,287017,3,0,37 38 9,1,100,,287021,3,0,37 38 9,1,55,,287025,3,0,37 38 9,1,175,,287028,3,0,37 38 9,1,270,,287031,3,0,31 38 9,1,200,,287033,3,0,31 38 9,1,200,,287034,3,0,31 38 9,1
4001,'20261112',404,,287035,3,0,31 38 9,1,100,,287036,3,0,31 38 9,1,100,,287038,3,0,31 38 9,1,105,,287043,3,0,37 38 9,1,95,,287046,3,0,37 38 9,1,100,,287049,3,0,37 38 9,1,35,,287050,3,0,31 38 9,1,100,,287052,3,0,31 38 9,1,90,,287054,3,0,31 38 9,1,215,,287059,3,0,31 38 9,1,165,,287064,3,0,31 38 9,1,95,,287068,3,0,37 38 9,1,100,,287072,3,0,37 38 9,1,55,,287076,3,0,37 38 9,1,175,,287079,3,0,37 38 9,1,270,,287082,3,0,31 38 9,1,200,,287084,3,0,31 38 9,1,200,,287085,3,0,31 38 9,1
4001,'20261113',404,,287086,3,0,31 38 9,1,100,,287087,3,0,31 38 9,1,100,,287089,3,0,31 38 9,1,105,,287094,3,0,37 38 9,1,95,,287097,3,0,37 38 9,1,100,,287100,3,0,37 38 9,1,35,,287101,3,0,31 38 9,1,100,,287103,3,0,31 38 9,1,90,,287105,3,0,31 38 9,1,215,,287110,3,0,31 38 9,1,165,,287115,3,0,31 38 9,1,95,,287119,3,0,37 38 9,1,100,,287123,3,0,37 38 9,1,55,,287127,3,0,37 38 9,1,175,,287130,3,0,37 38 9,1,270,,287133,3,0,31 38 9,1,200,,287135,3,0,31 38 9,1,200,,287136,3,0,31 38 9,1
4001,'20261114',404,,287137,3,0,31 38 9,1,200,,287138,3,0,31 38 9,1,200,,287141,3,0,31 38 9,1,100,,287143,3,0,31 38 9,1,100,,287145,3,0,31 38 9,1,100,,287147,3,0,31 38 9,1,100,,287149,3,0,31 38 9,1,100,,287151,3,0,31 38 9,1,200,,287156,3,0,31 38 9,1,200,,287162,3,0,31 38 9,1,100,,287165,3,0,31 38 9,1,200,,287170,3,0,31 38 9,1,200,,287172,3,0,31 38 9,1,200,,287174,3,0,31 38 9,1,200,,287175,3,0,31 38 9,1
4001,'20261115',404,,287176,3,0,31 38 9,1,200,,287177,3,0,31 38 9,1,200,,287180,3,0,31 38 9,1,100,,287182,3,0,31 38 9,1,100,,287184,3,0,31 38 9,1,100,,287186,3,0,31 38 9,1,100,,287188,3,0,31 38 9,1,100,,287190,3,0,31 38 9,1,200,,287195,3,0,31 38 9,1,200,,287201,3,0,31 38 9,1,100,,287204,3,0,31 38 9,1,200,,287209,3,0,31 38 9,1,200,,287211,3,0,31 38 9,1,200,,287213,3,0,31 38 9,1,200,,287214,3,0,31 38 9,1
4001,'20261116',404,,287215,3,0,31 38 9,1,100,,287216,3,0,31 38 9,1,100,,287218,3,0,31 38 9,1,105,,287223,3,0,37 38 9,1,95,,287226,3,0,37 38 9,1,100,,287229,3,0,37 38 9,1,35,,287230,3,0,31 38 9,1,100,,287232,3,0,31 38 9,1,90,,287234,3,0,31 38 9,1,215,,287239,3,0,31 38 9,1,165,,287244,3,0,31 38 9,1,95,,287248,3,0,37 38 9,1,100,,287252,3,0,37 38 9,1,55,,287256,3,0,37 38 9,1,175,,287259,3,0,37 38 9,1,270,,287262,3,0,31 38 9,1,200,,287264,3,0,31 38 9,1,200,,287265,3,0,31 38 9,1
4001,'20261117',404,,287266,3,0,31 38 9,1,100,,287267,3,0,31 38 9,1,100,,287269,3,0,31 38 9,1,105,,287274,3,0,37 38 9,1,95,,287277,3,0,37 38 9,1,100,,287280,3,0,37 38 9,1,35,,287281,3,0,31 38 9,1,100,,287283,3,0,31 38 9,1,90,,287285,3,0,31 38 9,1,215,,287290,3,0,31 38 9,1,165,,287295,3,0,31 38 9,1,95,,287299,3,0,37 38 9,1,100,,287303,3,0,37 38 9,1,55,,287307,3,0,37 38 9,1,175,,287310,3,0,37 38 9,1,270,,287313,3,0,31 38 9,1,200,,287315,3,0,31 38 9,1,200,,287316,3,0,31 38 9,1
4001,'20261118',404,,287317,3,0,31 38 9,1,100,,287318,3,0,31 38 9,1,100,,287320,3,0,31 38 9,1,105,,287325,3,0,37 38 9,1,95,,287328,3,0,37 38 9,1,100,,287331,3,0,37 38 9,1,35,,287332,3,0,31 38 9,1,100,,287334,3,0,31 38 9,1,90,,287336,3,0,31 38 9,1,215,,287341,3,0,31 38 9,1,165,,287346,3,0,31 38 9,1,95,,287350,3,0,37 38 9,1,100,,287354,3,0,37 38 9,1,55,,287358,3,0,37 38 9,1,175,,287361,3,0,37 38 9,1,270,,287364,3,0,31 38 9,1,200,,287366,3,0,31 38 9,1,200,,287367,3,0,31 38 9,1
4001,'20261119',404,,287368,3,0,31 38 9,1,100,,287369,3,0,31 38 9,1,100,,287371,3,0,31 38 9,1,105,,287376,3,0,37 38 9,1,95,,287379,3,0,37 38 9,1,100,,287382,3,0,37 38 9,1,35,,287383,3,0,31 38 9,1,100,,287385,3,0,31 38 9,1,90,,287387,3,0,31 38 9,1,215,,287392,3,0,31 38 9,1,165,,287397,3,0,31 38 9,1,95,,287401,3,0,37 38 9,1,100,,287405,3,0,37 38 9,1,55,,287409,3,0,37 38 9,1,175,,287412,3,0,37 38 9,1,270,,287415,3,0,31 38 9,1,200,,287417,3,0,31 38 9,1,200,,287418,3,0,31 38 9,1
4001,'20261120',404,,287419,3,0,31 38 9,1,100,,287420,3,0,31 38 9,1,100,,287422,3,0,31 38 9,1,105,,287427,3,0,37 38 9,1,95,,287430,3,0,37 38 9,1,100,,287433,3,0,37 38 9,1,35,,287434,3,0,31 38 9,1,100,,287436,3,0,31 38 9,1,90,,287438,3,0,31 38 9,1,215,,287443,3,0,31 38 9,1,165,,287448,3,0,31 38 9,1,95,,287452,3,0,37 38 9,1,100,,287456,3,0,37 38 9,1,55,,287460,3,0,37 38 9,1,175,,287463,3,0,37 38 9,1,270,,287466,3,0,31 38 9,1,200,,287468,3,0,31 38 9,1,200,,287469,3,0,31 38 9,1
4001,'20261121',404,,287470,3,0,31 38 9,1,200,,287471,3,0,31 38 9,1,200,,287474,3,0,31 38 9,1,100,,287476,3,0,31 38 9,1,100,,287478,3,0,31 38 9,1,100,,287480,3,0,31 38 9,1,100,,287482,3,0,31 38 9,1,100,,287484,3,0,31 38 9,1,200,,287489,3,0,31 38 9,1,200,,287495,3,0,31 38 9,1,100,,287498,3,0,31 38 9,1,200,,287503,3,0,31 38 9,1,200,,287505,3,0,31 38 9,1,200,,287507,3,0,31 38 9,1,200,,287508,3,0,31 38 9,1
4001,'20261122',404,,287509,3,0,31 38 9,1,200,,287510,3,0,31 38 9,1,200,,287513,3,0,31 38 9,1,100,,287515,3,0,31 38 9,1,100,,287517,3,0,31 38 9,1,100,,287519,3,0,31 38 9,1,100,,287521,3,0,31 38 9,1,100,,287523,3,0,31 38 9,1,200,,287528,3,0,31 38 9,1,200,,287534,3,0,31 38 9,1,100,,287537,3,0,31 38 9,1,200,,287542,3,0,31 38 9,1,200,,287544,3,0,31 38 9,1,200,,287546,3,0,31 38 9,1,200,,287547,3,0,31 38 9,1
4001,'20261123',404,,287548,3,0,31 38 9,1,100,,287549,3,0,31 38 9,1,100,,287551,3,0,31 38 9,1,105,,287556,3,0,37 38 9,1,95,,287559,3,0,37 38 9,1,100,,287562,3,0,37 38 9,1,35,,287563,3,0,31 38 9,1,100,,287565,3,0,31 38 9,1,90,,287567,3,0,31 38 9,1,215,,287572,3,0,31 38 9,1,165,,287577,3,0,31 38 9,1,95,,287581,3,0,37 38 9,1,100,,287585,3,0,37 38 9,1,55,,287589,3,0,37 38 9,1,175,,287592,3,0,37 38 9,1,270,,287595,3,0,31 38 9,1,200,,287597,3,0,31 38 9,1,200,,287598,3,0,31 38 9,1
4001,'20261124',404,,287599,3,0,31 38 9,1,100,,287600,3,0,31 38 9,1,100,,287602,3,0,31 38 9,1,105,,287607,3,0,37 38 9,1,95,,287610,3,0,37 38 9,1,100,,287613,3,0,37 38 9,1,35,,287614,3,0,31 38 9,1,100,,287616,3,0,31 38 9,1,90,,287618,3,0,31 38 9,1,215,,287623,3,0,31 38 9,1,165,,287628,3,0,31 38 9,1,95,,287632,3,0,37 38 9,1,100,,287636,3,0,37 38 9,1,55,,287640,3,0,37 38 9,1,175,,287643,3,0,37 38 9,1,270,,287646,3,0,31 38 9,1,200,,287648,3,0,31 38 9,1,200,,287649,3,0,31 38 9,1
4001,'20261125',404,,287650,3,0,31 38 9,1,100,,287651,3,0,31 38 9,1,100,,287653,3,0,31 38 9,1,105,,287658,3,0,37 38 9,1,95,,287661,3,0,37 38 9,1,100,,287664,3,0,37 38 9,1,35,,287665,3,0,31 38 9,1,100,,287667,3,0,31 38 9,1,90,,287669,3,0,31 38 9,1,215,,287674,3,0,31 38 9,1,165,,287679,3,0,31 38 9,1,95,,287683,3,0,37 38 9,1,100,,287687,3,0,37 38 9,1,55,,287691,3,0,37 38 9,1,175,,287694,3,0,37 38 9,1,270,,287697,3,0,31 38 9,1,200,,287699,3,0,31 38 9,1,200,,287700,3,0,31 38 9,1
4001,'20261126',404,,287701,3,0,31 38 9,1,100,,287702,3,0,31 38 9,1,100,,287704,3,0,31 38 9,1,105,,287709,3,0,37 38 9,1,95,,287712,3,0,37 38 9,1,100,,287715,3,0,37 38 9,1,35,,287716,3,0,31 38 9,1,100,,287718,3,0,31 38 9,1,90,,287720,3,0,31 38 9,1,215,,287725,3,0,31 38 9,1,165,,287730,3,0,31 38 9,1,95,,287734,3,0,37 38 9,1,100,,287738,3,0,37 38 9,1,55,,287742,3,0,37 38 9,1,175,,287745,3,0,37 38 9,1,270,,287748,3,0,31 38 9,1,200,,287750,3,0,31 38 9,1,200,,287751,3,0,31 38 9,1
4001,'20261127',404,,287752,3,0,31 38 9,1,100,,287753,3,0,31 38 9,1,100,,287755,3,0,31 38 9,1,105,,287760,3,0,37 38 9,1,95,,287763,3,0,37 38 9,1,100,,287766,3,0,37 38 9,1,35,,287767,3,0,31 38 9,1,100,,287769,3,0,31 38 9,1,90,,287771,3,0,31 38 9,1,215,,287776,3,0,31 38 9,1,165,,287781,3,0,31 38 9,1,95,,287785,3,0,37 38 9,1,100,,287789,3,0,37 38 9,1,55,,287793,3,0,37 38 9,1,175,,287796,3,0,37 38 9,1,270,,287799,3,0,31 38 9,1,200,,287801,3,0,31 38 9,1,200,,287802,3,0,31 38 9,1
4100,'20260831',634,,188257,17,,,1,25,,188259,17,,,1,58,,188261,4,0,57 43 44 61 62,1,17,,188263,17,,,1,16,,188265,4,0,57 43 44 61 62,1,57,,188267,17,,,1,18,,188270,4,0,57 43 44 61 62,1,17,,188272,17,,,1,16,,188273,4,0,57 43 44 61 62,1,54,,188275,17,,,1,15,,188276,4,0,57 43 44 61 62,1,20,,188278,17,,,1,65,,188280,17,,,1,30,,188282,17,,,1,65,,188284,17,,,1,30,,188286,17,0,53 59 60,1,70,,188288,17,,,1,30,,188290,17,,,1,65,,188292,17,,,1,23,,188293,5,0,5 59 60,1,10,,188294,17,,,1,20,,188295,5,0,5 59 60,1,50,,188296,17,,,1,20,,188297,5,0,5 59 60,1,10,,188298,17,,,1,16,,188299,5,0,5 59 60,1,51,,188300,17,,,1,19,,188301,5,0,5 59 60,1,11,,188302,17,,,1,21,,188304,5,0,5 59 60,1,50,,188305,17,,,1,23,,188306,5,0,5 59 60,1,17,,188307,17,,,1,13,,188308,5,0,5 59 60,1,57,,188309,17,,,1,16,,188310,5,0,5 59 60,1,11,,188311,17,,,1,18,,188312,5,0,5 59 60,1,57,,188313,17,,,1,13,,188314,5,0,5 59 60,1,14,,188315,17,0,53 59 60,1,60,,188316,5,0,5 59 60,1,18,,188317,17,,,1,27,,188318,17,,,1,60,,188319,17,0,53 59 60,1,35,,188320,17,,,1,60,,188321,17,0,53 59 60,1,102,,188322,17,,,1,100,,188323,17,,,1,100,,188324,17,,,1
4100,'20260901',634,,188325,17,,,1,25,,188327,17,,,1,58,,188329,4,0,57 43 44 61 62,1,17,,188331,17,,,1,16,,188333,4,0,57 43 44 61 62,1,57,,188335,17,,,1,18,,188338,4,0,57 43 44 61 62,1,17,,188340,17,,,1,16,,188341,4,0,57 43 44 61 62,1,54,,188343,17,,,1,15,,188344,4,0,57 43 44 61 62,1,20,,188346,17,,,1,65,,188348,17,,,1,30,,188350,17,,,1,65,,188352,17,,,1,30,,188354,17,0,53 59 60,1,70,,188356,17,,,1,30,,188358,17,,,1,65,,188360,17,,,1,23,,188361,5,0,5 59 60,1,10,,188362,17,,,1,20,,188363,5,0,5 59 60,1,50,,188364,17,,,1,20,,188365,5,0,5 59 60,1,10,,188366,17,,,1,16,,188367,5,0,5 59 60,1,51,,188368,17,,,1,19,,188369,5,0,5 59 60,1,11,,188370,17,,,1,21,,188372,5,0,5 59 60,1,50,,188373,17,,,1,23,,188374,5,0,5 59 60,1,17,,188375,17,,,1,13,,188376,5,0,5 59 60,1,57,,188377,17,,,1,16,,188378,5,0,5 59 60,1,11,,188379,17,,,1,18,,188380,5,0,5 59 60,1,57,,188381,17,,,1,13,,188382,5,0,5 59 60,1,14,,188383,17,0,53 59 60,1,60,,188384,5,0,5 59 60,1,18,,188385,17,,,1,27,,188386,17,,,1,60,,188387,17,0,53 59 60,1,35,,188388,17,,,1,60,,188389,17,0,53 59 60,1,102,,188390,17,,,1,100,,188391,17,,,1,100,,188392,17,,,1
4100,'20260902',634,,188393,17,,,1,25,,188395,17,,,1,58,,188397,4,0,57 43 44 61 62,1,17,,188399,17,,,1,16,,188401,4,0,57 43 44 61 62,1,57,,188403,17,,,1,18,,188406,4,0,57 43 44 61 62,1,17,,188408,17,,,1,16,,188409,4,0,57 43 44 61 62,1,54,,188411,17,,,1,15,,188412,4,0,57 43 44 61 62,1,20,,188414,17,,,1,65,,188416,17,,,1,30,,188418,17,,,1,65,,188420,17,,,1,30,,188422,17,0,53 59 60,1,70,,188424,17,,,1,30,,188426,17,,,1,65,,188428,17,,,1,23,,188429,5,0,5 59 60,1,10,,188430,17,,,1,20,,188431,5,0,5 59 60,1,50,,188432,17,,,1,20,,188433,5,0,5 59 60,1,10,,188434,17,,,1,16,,188435,5,0,5 59 60,1,51,,188436,17,,,1,19,,188437,5,0,5 59 60,1,11,,188438,17,,,1,21,,188440,5,0,5 59 60,1,50,,188441,17,,,1,23,,188442,5,0,5 59 60,1,17,,188443,17,,,1,13,,188444,5,0,5 59 60,1,57,,188445,17,,,1,16,,188446,5,0,5 59 60,1,11,,188447,17,,,1,18,,188448,5,0,5 59 60,1,57,,188449,17,,,1,13,,188450,5,0,5 59 60,1,14,,188451,17,0,53 59 60,1,60,,188452,5,0,5 59 60,1,18,,188453,17,,,1,27,,188454,17,,,1,60,,188455,17,0,53 59 60,1,35,,188456,17,,,1,60,,188457,17,0,53 59 60,1,102,,188458,17,,,1,100,,188459,17,,,1,100,,188460,17,,,1
4100,'20260903',634,,188461,17,,,1,25,,188463,17,,,1,58,,188465,4,0,57 43 44 61 62,1,17,,188467,17,,,1,16,,188469,4,0,57 43 44 61 62,1,57,,188471,17,,,1,18,,188474,4,0,57 43 44 61 62,1,17,,188476,17,,,1,16,,188477,4,0,57 43 44 61 62,1,54,,188479,17,,,1,15,,188480,4,0,57 43 44 61 62,1,20,,188482,17,,,1,65,,188484,17,,,1,30,,188486,17,,,1,65,,188488,17,,,1,30,,188490,17,0,53 59 60,1,70,,188492,17,,,1,30,,188494,17,,,1,65,,188496,17,,,1,23,,188497,5,0,5 59 60,1,10,,188498,17,,,1,20,,188499,5,0,5 59 60,1,50,,188500,17,,,1,20,,188501,5,0,5 59 60,1,10,,188502,17,,,1,16,,188503,5,0,5 59 60,1,51,,188504,17,,,1,19,,188505,5,0,5 59 60,1,11,,188506,17,,,1,21,,188508,5,0,5 59 60,1,50,,188509,17,,,1,23,,188510,5,0,5 59 60,1,17,,188511,17,,,1,13,,188512,5,0,5 59 60,1,57,,188513,17,,,1,16,,188514,5,0,5 59 60,1,11,,188515,17,,,1,18,,188516,5,0,5 59 60,1,57,,188517,17,,,1,13,,188518,5,0,5 59 60,1,14,,188519,17,0,53 59 60,1,60,,188520,5,0,5 59 60,1,18,,188521,17,,,1,27,,188522,17,,,1,60,,188523,17,0,53 59 60,1,35,,188524,17,,,1,60,,188525,17,0,53 59 60,1,102,,188526,17,,,1,100,,188527,17,,,1,100,,188528,17,,,1
4100,'20260904',634,,188529,17,,,1,25,,188531,17,,,1,58,,188533,4,0,57 43 44 61 62,1,17,,188535,17,,,1,16,,188537,4,0,57 43 44 61 62,1,57,,188539,17,,,1,18,,188542,4,0,57 43 44 61 62,1,17,,188544,17,,,1,16,,188545,4,0,57 43 44 61 62,1,54,,188547,17,,,1,15,,188548,4,0,57 43 44 61 62,1,20,,188550,17,,,1,65,,188552,17,,,1,30,,188554,17,,,1,65,,188556,17,,,1,30,,188558,17,0,53 59 60,1,70,,188560,17,,,1,30,,188562,17,,,1,65,,188564,17,,,1,23,,188565,5,0,5 59 60,1,10,,188566,17,,,1,20,,188567,5,0,5 59 60,1,50,,188568,17,,,1,20,,188569,5,0,5 59 60,1,10,,188570,17,,,1,16,,188571,5,0,5 59 60,1,51,,188572,17,,,1,19,,188573,5,0,5 59 60,1,11,,188574,17,,,1,21,,188576,5,0,5 59 60,1,50,,188577,17,,,1,23,,188578,5,0,5 59 60,1,17,,188579,17,,,1,13,,188580,5,0,5 59 60,1,57,,188581,17,,,1,16,,188582,5,0,5 59 60,1,11,,188583,17,,,1,18,,188584,5,0,5 59 60,1,57,,188585,17,,,1,13,,188586,5,0,5 59 60,1,14,,188587,17,0,53 59 60,1,60,,188588,5,0,5 59 60,1,18,,188589,17,,,1,27,,188590,17,,,1,60,,188591,17,0,53 59 60,1,35,,188592,17,,,1,60,,188593,17,0,53 59 60,1,102,,188594,17,,,1,100,,188595,17,,,1,100,,188596,17,,,1
4100,'20260908',634,,287803,17,,,1,25,,287805,17,,,1,58,,287807,4,0,57 43 44 61 62,1,17,,287809,17,,,1,16,,287811,4,0,57 43 44 61 62,1,57,,287814,17,,,1,18,,287818,4,0,57 43 44 61 62,1,17,,287820,17,,,1,16,,287822,4,0,57 43 44 61 62,1,54,,287824,17,,,1,15,,287826,4,0,57 43 44 61 62,1,20,,287828,17,,,1,70,,287831,17,,,1,25,,287834,17,,,1,65,,287837,17,,,1,30,,287840,17,0,53 59 60,1,70,,287842,17,,,1,30,,287844,17,,,1,65,,287846,17,,,1,18,,287848,5,0,5 59 60,1,15,,287849,17,,,1,20,,287851,5,0,5 59 60,1,50,,287852,17,,,1,15,,287853,5,0,5 59 60,1,15,,287854,17,,,1,16,,287855,5,0,5 59 60,1,51,,287856,17,,,1,14,,287857,5,0,5 59 60,1,16,,287858,17,,,1,16,,287859,5,0,5 59 60,1,65,,287860,17,,,1,13,,287861,5,0,5 59 60,1,17,,287862,17,,,1,58,,287863,5,0,5 59 60,1,17,,287864,17,,,1,8,,287865,5,0,5 59 60,1,19,,287866,17,,,1,58,,287867,5,0,5 59 60,1,17,,287868,17,,,1,8,,287869,5,0,5 59 60,1,14,,287870,17,0,53 59 60,1,65,,287871,5,0,5 59 60,1,13,,287872,17,,,1,15,,287873,5,0,5 59 60,1,12,,287874,17,,,1,53,,287875,5,0,5 59 60,1,7,,287876,17,0,53 59 60,1,35,,287877,17,,,1,60,,287878,17,0,53 59 60,1,102,,287879,17,,,1,100,,287880,17,,,1,100,,287881,17,,,1
4100,'20260909',634,,287882,17,,,1,25,,287884,17,,,1,58,,287886,4,0,57 43 44 61 62,1,17,,287888,17,,,1,16,,287890,4,0,57 43 44 61 62,1,57,,287893,17,,,1,18,,287897,4,0,57 43 44 61 62,1,17,,287899,17,,,1,16,,287901,4,0,57 43 44 61 62,1,54,,287903,17,,,1,15,,287905,4,0,57 43 44 61 62,1,20,,287907,17,,,1,70,,287910,17,,,1,25,,287913,17,,,1,65,,287916,17,,,1,30,,287919,17,0,53 59 60,1,70,,287921,17,,,1,30,,287923,17,,,1,65,,287925,17,,,1,18,,287927,5,0,5 59 60,1,15,,287928,17,,,1,20,,287930,5,0,5 59 60,1,50,,287931,17,,,1,15,,287932,5,0,5 59 60,1,15,,287933,17,,,1,16,,287934,5,0,5 59 60,1,51,,287935,17,,,1,14,,287936,5,0,5 59 60,1,16,,287937,17,,,1,16,,287938,5,0,5 59 60,1,65,,287939,17,,,1,13,,287940,5,0,5 59 60,1,17,,287941,17,,,1,58,,287942,5,0,5 59 60,1,17,,287943,17,,,1,8,,287944,5,0,5 59 60,1,19,,287945,17,,,1,58,,287946,5,0,5 59 60,1,17,,287947,17,,,1,8,,287948,5,0,5 59 60,1,14,,287949,17,0,53 59 60,1,65,,287950,5,0,5 59 60,1,13,,287951,17,,,1,15,,287952,5,0,5 59 60,1,12,,287953,17,,,1,53,,287954,5,0,5 59 60,1,7,,287955,17,0,53 59 60,1,35,,287956,17,,,1,60,,287957,17,0,53 59 60,1,102,,287958,17,,,1,100,,287959,17,,,1,100,,287960,17,,,1
4100,'20260910',634,,287961,17,,,1,25,,287963,17,,,1,58,,287965,4,0,57 43 44 61 62,1,17,,287967,17,,,1,16,,287969,4,0,57 43 44 61 62,1,57,,287972,17,,,1,18,,287976,4,0,57 43 44 61 62,1,17,,287978,17,,,1,16,,287980,4,0,57 43 44 61 62,1,54,,287982,17,,,1,15,,287984,4,0,57 43 44 61 62,1,20,,287986,17,,,1,70,,287989,17,,,1,25,,287992,17,,,1,65,,287995,17,,,1,30,,287998,17,0,53 59 60,1,70,,288000,17,,,1,30,,288002,17,,,1,65,,288004,17,,,1,18,,288006,5,0,5 59 60,1,15,,288007,17,,,1,20,,288009,5,0,5 59 60,1,50,,288010,17,,,1,15,,288011,5,0,5 59 60,1,15,,288012,17,,,1,16,,288013,5,0,5 59 60,1,51,,288014,17,,,1,14,,288015,5,0,5 59 60,1,16,,288016,17,,,1,16,,288017,5,0,5 59 60,1,65,,288018,17,,,1,13,,288019,5,0,5 59 60,1,17,,288020,17,,,1,58,,288021,5,0,5 59 60,1,17,,288022,17,,,1,8,,288023,5,0,5 59 60,1,19,,288024,17,,,1,58,,288025,5,0,5 59 60,1,17,,288026,17,,,1,8,,288027,5,0,5 59 60,1,14,,288028,17,0,53 59 60,1,65,,288029,5,0,5 59 60,1,13,,288030,17,,,1,15,,288031,5,0,5 59 60,1,12,,288032,17,,,1,53,,288033,5,0,5 59 60,1,7,,288034,17,0,53 59 60,1,35,,288035,17,,,1,60,,288036,17,0,53 59 60,1,102,,288037,17,,,1,100,,288038,17,,,1,100,,288039,17,,,1
4100,'20260911',634,,288040,17,,,1,25,,288042,17,,,1,58,,288044,4,0,57 43 44 61 62,1,17,,288046,17,,,1,16,,288048,4,0,57 43 44 61 62,1,57,,288051,17,,,1,18,,288055,4,0,57 43 44 61 62,1,17,,288057,17,,,1,16,,288059,4,0,57 43 44 61 62,1,54,,288061,17,,,1,15,,288063,4,0,57 43 44 61 62,1,20,,288065,17,,,1,70,,288068,17,,,1,25,,288071,17,,,1,65,,288074,17,,,1,30,,288077,17,0,53 59 60,1,70,,288079,17,,,1,30,,288081,17,,,1,65,,288083,17,,,1,18,,288085,5,0,5 59 60,1,15,,288086,17,,,1,20,,288088,5,0,5 59 60,1,50,,288089,17,,,1,15,,288090,5,0,5 59 60,1,15,,288091,17,,,1,16,,288092,5,0,5 59 60,1,51,,288093,17,,,1,14,,288094,5,0,5 59 60,1,16,,288095,17,,,1,16,,288096,5,0,5 59 60,1,65,,288097,17,,,1,13,,288098,5,0,5 59 60,1,17,,288099,17,,,1,58,,288100,5,0,5 59 60,1,17,,288101,17,,,1,8,,288102,5,0,5 59 60,1,19,,288103,17,,,1,58,,288104,5,0,5 59 60,1,17,,288105,17,,,1,8,,288106,5,0,5 59 60,1,14,,288107,17,0,53 59 60,1,65,,288108,5,0,5 59 60,1,13,,288109,17,,,1,15,,288110,5,0,5 59 60,1,12,,288111,17,,,1,53,,288112,5,0,5 59 60,1,7,,288113,17,0,53 59 60,1,35,,288114,17,,,1,60,,288115,17,0,53 59 60,1,102,,288116,17,,,1,100,,288117,17,,,1,100,,288118,17,,,1
4100,'20260914',634,,288119,17,,,1,25,,288121,17,,,1,58,,288123,4,0,57 43 44 61 62,1,17,,288125,17,,,1,16,,288127,4,0,57 43 44 61 62,1,57,,288130,17,,,1,18,,288134,4,0,57 43 44 61 62,1,17,,288136,17,,,1,16,,288138,4,0,57 43 44 61 62,1,54,,288140,17,,,1,15,,288142,4,0,57 43 44 61 62,1,20,,288144,17,,,1,70,,288147,17,,,1,25,,288150,17,,,1,65,,288153,17,,,1,30,,288156,17,0,53 59 60,1,70,,288158,17,,,1,30,,288160,17,,,1,65,,288162,17,,,1,18,,288164,5,0,5 59 60,1,15,,288165,17,,,1,20,,288167,5,0,5 59 60,1,50,,288168,17,,,1,15,,288169,5,0,5 59 60,1,15,,288170,17,,,1,16,,288171,5,0,5 59 60,1,51,,288172,17,,,1,14,,288173,5,0,5 59 60,1,16,,288174,17,,,1,16,,288175,5,0,5 59 60,1,65,,288176,17,,,1,13,,288177,5,0,5 59 60,1,17,,288178,17,,,1,58,,288179,5,0,5 59 60,1,17,,288180,17,,,1,8,,288181,5,0,5 59 60,1,19,,288182,17,,,1,58,,288183,5,0,5 59 60,1,17,,288184,17,,,1,8,,288185,5,0,5 59 60,1,14,,288186,17,0,53 59 60,1,65,,288187,5,0,5 59 60,1,13,,288188,17,,,1,15,,288189,5,0,5 59 60,1,12,,288190,17,,,1,53,,288191,5,0,5 59 60,1,7,,288192,17,0,53 59 60,1,35,,288193,17,,,1,60,,288194,17,0,53 59 60,1,102,,288195,17,,,1,100,,288196,17,,,1,100,,288197,17,,,1
4100,'20260915',634,,288198,17,,,1,25,,288200,17,,,1,58,,288202,4,0,57 43 44 61 62,1,17,,288204,17,,,1,16,,288206,4,0,57 43 44 61 62,1,57,,288209,17,,,1,18,,288213,4,0,57 43 44 61 62,1,17,,288215,17,,,1,16,,288217,4,0,57 43 44 61 62,1,54,,288219,17,,,1,15,,288221,4,0,57 43 44 61 62,1,20,,288223,17,,,1,70,,288226,17,,,1,25,,288229,17,,,1,65,,288232,17,,,1,30,,288235,17,0,53 59 60,1,70,,288237,17,,,1,30,,288239,17,,,1,65,,288241,17,,,1,18,,288243,5,0,5 59 60,1,15,,288244,17,,,1,20,,288246,5,0,5 59 60,1,50,,288247,17,,,1,15,,288248,5,0,5 59 60,1,15,,288249,17,,,1,16,,288250,5,0,5 59 60,1,51,,288251,17,,,1,14,,288252,5,0,5 59 60,1,16,,288253,17,,,1,16,,288254,5,0,5 59 60,1,65,,288255,17,,,1,13,,288256,5,0,5 59 60,1,17,,288257,17,,,1,58,,288258,5,0,5 59 60,1,17,,288259,17,,,1,8,,288260,5,0,5 59 60,1,19,,288261,17,,,1,58,,288262,5,0,5 59 60,1,17,,288263,17,,,1,8,,288264,5,0,5 59 60,1,14,,288265,17,0,53 59 60,1,65,,288266,5,0,5 59 60,1,13,,288267,17,,,1,15,,288268,5,0,5 59 60,1,12,,288269,17,,,1,53,,288270,5,0,5 59 60,1,7,,288271,17,0,53 59 60,1,35,,288272,17,,,1,60,,288273,17,0,53 59 60,1,102,,288274,17,,,1,100,,288275,17,,,1,100,,288276,17,,,1
4100,'20260916',634,,288277,17,,,1,25,,288279,17,,,1,58,,288281,4,0,57 43 44 61 62,1,17,,288283,17,,,1,16,,288285,4,0,57 43 44 61 62,1,57,,288288,17,,,1,18,,288292,4,0,57 43 44 61 62,1,17,,288294,17,,,1,16,,288296,4,0,57 43 44 61 62,1,54,,288298,17,,,1,15,,288300,4,0,57 43 44 61 62,1,20,,288302,17,,,1,70,,288305,17,,,1,25,,288308,17,,,1,65,,288311,17,,,1,30,,288314,17,0,53 59 60,1,70,,288316,17,,,1,30,,288318,17,,,1,65,,288320,17,,,1,18,,288322,5,0,5 59 60,1,15,,288323,17,,,1,20,,288325,5,0,5 59 60,1,50,,288326,17,,,1,15,,288327,5,0,5 59 60,1,15,,288328,17,,,1,16,,288329,5,0,5 59 60,1,51,,288330,17,,,1,14,,288331,5,0,5 59 60,1,16,,288332,17,,,1,16,,288333,5,0,5 59 60,1,65,,288334,17,,,1,13,,288335,5,0,5 59 60,1,17,,288336,17,,,1,58,,288337,5,0,5 59 60,1,17,,288338,17,,,1,8,,288339,5,0,5 59 60,1,19,,288340,17,,,1,58,,288341,5,0,5 59 60,1,17,,288342,17,,,1,8,,288343,5,0,5 59 60,1,14,,288344,17,0,53 59 60,1,65,,288345,5,0,5 59 60,1,13,,288346,17,,,1,15,,288347,5,0,5 59 60,1,12,,288348,17,,,1,53,,288349,5,0,5 59 60,1,7,,288350,17,0,53 59 60,1,35,,288351,17,,,1,60,,288352,17,0,53 59 60,1,102,,288353,17,,,1,100,,288354,17,,,1,100,,288355,17,,,1
4100,'20260917',634,,288356,17,,,1,25,,288358,17,,,1,58,,288360,4,0,57 43 44 61 62,1,17,,288362,17,,,1,16,,288364,4,0,57 43 44 61 62,1,57,,288367,17,,,1,18,,288371,4,0,57 43 44 61 62,1,17,,288373,17,,,1,16,,288375,4,0,57 43 44 61 62,1,54,,288377,17,,,1,15,,288379,4,0,57 43 44 61 62,1,20,,288381,17,,,1,70,,288384,17,,,1,25,,288387,17,,,1,65,,288390,17,,,1,30,,288393,17,0,53 59 60,1,70,,288395,17,,,1,30,,288397,17,,,1,65,,288399,17,,,1,18,,288401,5,0,5 59 60,1,15,,288402,17,,,1,20,,288404,5,0,5 59 60,1,50,,288405,17,,,1,15,,288406,5,0,5 59 60,1,15,,288407,17,,,1,16,,288408,5,0,5 59 60,1,51,,288409,17,,,1,14,,288410,5,0,5 59 60,1,16,,288411,17,,,1,16,,288412,5,0,5 59 60,1,65,,288413,17,,,1,13,,288414,5,0,5 59 60,1,17,,288415,17,,,1,58,,288416,5,0,5 59 60,1,17,,288417,17,,,1,8,,288418,5,0,5 59 60,1,19,,288419,17,,,1,58,,288420,5,0,5 59 60,1,17,,288421,17,,,1,8,,288422,5,0,5 59 60,1,14,,288423,17,0,53 59 60,1,65,,288424,5,0,5 59 60,1,13,,288425,17,,,1,15,,288426,5,0,5 59 60,1,12,,288427,17,,,1,53,,288428,5,0,5 59 60,1,7,,288429,17,0,53 59 60,1,35,,288430,17,,,1,60,,288431,17,0,53 59 60,1,102,,288432,17,,,1,100,,288433,17,,,1,100,,288434,17,,,1
4100,'20260918',634,,288435,17,,,1,25,,288437,17,,,1,58,,288439,4,0,57 43 44 61 62,1,17,,288441,17,,,1,16,,288443,4,0,57 43 44 61 62,1,57,,288446,17,,,1,18,,288450,4,0,57 43 44 61 62,1,17,,288452,17,,,1,16,,288454,4,0,57 43 44 61 62,1,54,,288456,17,,,1,15,,288458,4,0,57 43 44 61 62,1,20,,288460,17,,,1,70,,288463,17,,,1,25,,288466,17,,,1,65,,288469,17,,,1,30,,288472,17,0,53 59 60,1,70,,288474,17,,,1,30,,288476,17,,,1,65,,288478,17,,,1,18,,288480,5,0,5 59 60,1,15,,288481,17,,,1,20,,288483,5,0,5 59 60,1,50,,288484,17,,,1,15,,288485,5,0,5 59 60,1,15,,288486,17,,,1,16,,288487,5,0,5 59 60,1,51,,288488,17,,,1,14,,288489,5,0,5 59 60,1,16,,288490,17,,,1,16,,288491,5,0,5 59 60,1,65,,288492,17,,,1,13,,288493,5,0,5 59 60,1,17,,288494,17,,,1,58,,288495,5,0,5 59 60,1,17,,288496,17,,,1,8,,288497,5,0,5 59 60,1,19,,288498,17,,,1,58,,288499,5,0,5 59 60,1,17,,288500,17,,,1,8,,288501,5,0,5 59 60,1,14,,288502,17,0,53 59 60,1,65,,288503,5,0,5 59 60,1,13,,288504,17,,,1,15,,288505,5,0,5 59 60,1,12,,288506,17,,,1,53,,288507,5,0,5 59 60,1,7,,288508,17,0,53 59 60,1,35,,288509,17,,,1,60,,288510,17,0,53 59 60,1,102,,288511,17,,,1,100,,288512,17,,,1,100,,288513,17,,,1
4100,'20260921',634,,288514,17,,,1,25,,288516,17,,,1,58,,288518,4,0,57 43 44 61 62,1,17,,288520,17,,,1,16,,288522,4,0,57 43 44 61 62,1,57,,288525,17,,,1,18,,288529,4,0,57 43 44 61 62,1,17,,288531,17,,,1,16,,288533,4,0,57 43 44 61 62,1,54,,288535,17,,,1,15,,288537,4,0,57 43 44 61 62,1,20,,288539,17,,,1,70,,288542,17,,,1,25,,288545,17,,,1,65,,288548,17,,,1,30,,288551,17,0,53 59 60,1,70,,288553,17,,,1,30,,288555,17,,,1,65,,288557,17,,,1,18,,288559,5,0,5 59 60,1,15,,288560,17,,,1,20,,288562,5,0,5 59 60,1,50,,288563,17,,,1,15,,288564,5,0,5 59 60,1,15,,288565,17,,,1,16,,288566,5,0,5 59 60,1,51,,288567,17,,,1,14,,288568,5,0,5 59 60,1,16,,288569,17,,,1,16,,288570,5,0,5 59 60,1,65,,288571,17,,,1,13,,288572,5,0,5 59 60,1,17,,288573,17,,,1,58,,288574,5,0,5 59 60,1,17,,288575,17,,,1,8,,288576,5,0,5 59 60,1,19,,288577,17,,,1,58,,288578,5,0,5 59 60,1,17,,288579,17,,,1,8,,288580,5,0,5 59 60,1,14,,288581,17,0,53 59 60,1,65,,288582,5,0,5 59 60,1,13,,288583,17,,,1,15,,288584,5,0,5 59 60,1,12,,288585,17,,,1,53,,288586,5,0,5 59 60,1,7,,288587,17,0,53 59 60,1,35,,288588,17,,,1,60,,288589,17,0,53 59 60,1,102,,288590,17,,,1,100,,288591,17,,,1,100,,288592,17,,,1
4100,'20260922',634,,288593,17,,,1,25,,288595,17,,,1,58,,288597,4,0,57 43 44 61 62,1,17,,288599,17,,,1,16,,288601,4,0,57 43 44 61 62,1,57,,288604,17,,,1,18,,288608,4,0,57 43 44 61 62,1,17,,288610,17,,,1,16,,288612,4,0,57 43 44 61 62,1,54,,288614,17,,,1,15,,288616,4,0,57 43 44 61 62,1,20,,288618,17,,,1,70,,288621,17,,,1,25,,288624,17,,,1,65,,288627,17,,,1,30,,288630,17,0,53 59 60,1,70,,288632,17,,,1,30,,288634,17,,,1,65,,288636,17,,,1,18,,288638,5,0,5 59 60,1,15,,288639,17,,,1,20,,288641,5,0,5 59 60,1,50,,288642,17,,,1,15,,288643,5,0,5 59 60,1,15,,288644,17,,,1,16,,288645,5,0,5 59 60,1,51,,288646,17,,,1,14,,288647,5,0,5 59 60,1,16,,288648,17,,,1,16,,288649,5,0,5 59 60,1,65,,288650,17,,,1,13,,288651,5,0,5 59 60,1,17,,288652,17,,,1,58,,288653,5,0,5 59 60,1,17,,288654,17,,,1,8,,288655,5,0,5 59 60,1,19,,288656,17,,,1,58,,288657,5,0,5 59 60,1,17,,288658,17,,,1,8,,288659,5,0,5 59 60,1,14,,288660,17,0,53 59 60,1,65,,288661,5,0,5 59 60,1,13,,288662,17,,,1,15,,288663,5,0,5 59 60,1,12,,288664,17,,,1,53,,288665,5,0,5 59 60,1,7,,288666,17,0,53 59 60,1,35,,288667,17,,,1,60,,288668,17,0,53 59 60,1,102,,288669,17,,,1,100,,288670,17,,,1,100,,288671,17,,,1
4100,'20260923',634,,288672,17,,,1,25,,288674,17,,,1,58,,288676,4,0,57 43 44 61 62,1,17,,288678,17,,,1,16,,288680,4,0,57 43 44 61 62,1,57,,288683,17,,,1,18,,288687,4,0,57 43 44 61 62,1,17,,288689,17,,,1,16,,288691,4,0,57 43 44 61 62,1,54,,288693,17,,,1,15,,288695,4,0,57 43 44 61 62,1,20,,288697,17,,,1,70,,288700,17,,,1,25,,288703,17,,,1,65,,288706,17,,,1,30,,288709,17,0,53 59 60,1,70,,288711,17,,,1,30,,288713,17,,,1,65,,288715,17,,,1,18,,288717,5,0,5 59 60,1,15,,288718,17,,,1,20,,288720,5,0,5 59 60,1,50,,288721,17,,,1,15,,288722,5,0,5 59 60,1,15,,288723,17,,,1,16,,288724,5,0,5 59 60,1,51,,288725,17,,,1,14,,288726,5,0,5 59 60,1,16,,288727,17,,,1,16,,288728,5,0,5 59 60,1,65,,288729,17,,,1,13,,288730,5,0,5 59 60,1,17,,288731,17,,,1,58,,288732,5,0,5 59 60,1,17,,288733,17,,,1,8,,288734,5,0,5 59 60,1,19,,288735,17,,,1,58,,288736,5,0,5 59 60,1,17,,288737,17,,,1,8,,288738,5,0,5 59 60,1,14,,288739,17,0,53 59 60,1,65,,288740,5,0,5 59 60,1,13,,288741,17,,,1,15,,288742,5,0,5 59 60,1,12,,288743,17,,,1,53,,288744,5,0,5 59 60,1,7,,288745,17,0,53 59 60,1,35,,288746,17,,,1,60,,288747,17,0,53 59 60,1,102,,288748,17,,,1,100,,288749,17,,,1,100,,288750,17,,,1
4100,'20260924',634,,288751,17,,,1,25,,288753,17,,,1,58,,288755,4,0,57 43 44 61 62,1,17,,288757,17,,,1,16,,288759,4,0,57 43 44 61 62,1,57,,288762,17,,,1,18,,288766,4,0,57 43 44 61 62,1,17,,288768,17,,,1,16,,288770,4,0,57 43 44 61 62,1,54,,288772,17,,,1,15,,288774,4,0,57 43 44 61 62,1,20,,288776,17,,,1,70,,288779,17,,,1,25,,288782,17,,,1,65,,288785,17,,,1,30,,288788,17,0,53 59 60,1,70,,288790,17,,,1,30,,288792,17,,,1,65,,288794,17,,,1,18,,288796,5,0,5 59 60,1,15,,288797,17,,,1,20,,288799,5,0,5 59 60,1,50,,288800,17,,,1,15,,288801,5,0,5 59 60,1,15,,288802,17,,,1,16,,288803,5,0,5 59 60,1,51,,288804,17,,,1,14,,288805,5,0,5 59 60,1,16,,288806,17,,,1,16,,288807,5,0,5 59 60,1,65,,288808,17,,,1,13,,288809,5,0,5 59 60,1,17,,288810,17,,,1,58,,288811,5,0,5 59 60,1,17,,288812,17,,,1,8,,288813,5,0,5 59 60,1,19,,288814,17,,,1,58,,288815,5,0,5 59 60,1,17,,288816,17,,,1,8,,288817,5,0,5 59 60,1,14,,288818,17,0,53 59 60,1,65,,288819,5,0,5 59 60,1,13,,288820,17,,,1,15,,288821,5,0,5 59 60,1,12,,288822,17,,,1,53,,288823,5,0,5 59 60,1,7,,288824,17,0,53 59 60,1,35,,288825,17,,,1,60,,288826,17,0,53 59 60,1,102,,288827,17,,,1,100,,288828,17,,,1,100,,288829,17,,,1
4100,'20260925',634,,288830,17,,,1,25,,288832,17,,,1,58,,288834,4,0,57 43 44 61 62,1,17,,288836,17,,,1,16,,288838,4,0,57 43 44 61 62,1,57,,288841,17,,,1,18,,288845,4,0,57 43 44 61 62,1,17,,288847,17,,,1,16,,288849,4,0,57 43 44 61 62,1,54,,288851,17,,,1,15,,288853,4,0,57 43 44 61 62,1,20,,288855,17,,,1,70,,288858,17,,,1,25,,288861,17,,,1,65,,288864,17,,,1,30,,288867,17,0,53 59 60,1,70,,288869,17,,,1,30,,288871,17,,,1,65,,288873,17,,,1,18,,288875,5,0,5 59 60,1,15,,288876,17,,,1,20,,288878,5,0,5 59 60,1,50,,288879,17,,,1,15,,288880,5,0,5 59 60,1,15,,288881,17,,,1,16,,288882,5,0,5 59 60,1,51,,288883,17,,,1,14,,288884,5,0,5 59 60,1,16,,288885,17,,,1,16,,288886,5,0,5 59 60,1,65,,288887,17,,,1,13,,288888,5,0,5 59 60,1,17,,288889,17,,,1,58,,288890,5,0,5 59 60,1,17,,288891,17,,,1,8,,288892,5,0,5 59 60,1,19,,288893,17,,,1,58,,288894,5,0,5 59 60,1,17,,288895,17,,,1,8,,288896,5,0,5 59 60,1,14,,288897,17,0,53 59 60,1,65,,288898,5,0,5 59 60,1,13,,288899,17,,,1,15,,288900,5,0,5 59 60,1,12,,288901,17,,,1,53,,288902,5,0,5 59 60,1,7,,288903,17,0,53 59 60,1,35,,288904,17,,,1,60,,288905,17,0,53 59 60,1,102,,288906,17,,,1,100,,288907,17,,,1,100,,288908,17,,,1
4100,'20260928',634,,288909,17,,,1,25,,288911,17,,,1,58,,288913,4,0,57 43 44 61 62,1,17,,288915,17,,,1,16,,288917,4,0,57 43 44 61 62,1,57,,288920,17,,,1,18,,288924,4,0,57 43 44 61 62,1,17,,288926,17,,,1,16,,288928,4,0,57 43 44 61 62,1,54,,288930,17,,,1,15,,288932,4,0,57 43 44 61 62,1,20,,288934,17,,,1,70,,288937,17,,,1,25,,288940,17,,,1,65,,288943,17,,,1,30,,288946,17,0,53 59 60,1,70,,288948,17,,,1,30,,288950,17,,,1,65,,288952,17,,,1,18,,288954,5,0,5 59 60,1,15,,288955,17,,,1,20,,288957,5,0,5 59 60,1,50,,288958,17,,,1,15,,288959,5,0,5 59 60,1,15,,288960,17,,,1,16,,288961,5,0,5 59 60,1,51,,288962,17,,,1,14,,288963,5,0,5 59 60,1,16,,288964,17,,,1,16,,288965,5,0,5 59 60,1,65,,288966,17,,,1,13,,288967,5,0,5 59 60,1,17,,288968,17,,,1,58,,288969,5,0,5 59 60,1,17,,288970,17,,,1,8,,288971,5,0,5 59 60,1,19,,288972,17,,,1,58,,288973,5,0,5 59 60,1,17,,288974,17,,,1,8,,288975,5,0,5 59 60,1,14,,288976,17,0,53 59 60,1,65,,288977,5,0,5 59 60,1,13,,288978,17,,,1,15,,288979,5,0,5 59 60,1,12,,288980,17,,,1,53,,288981,5,0,5 59 60,1,7,,288982,17,0,53 59 60,1,35,,288983,17,,,1,60,,288984,17,0,53 59 60,1,102,,288985,17,,,1,100,,288986,17,,,1,100,,288987,17,,,1
4100,'20260929',634,,288988,17,,,1,25,,288990,17,,,1,58,,288992,4,0,57 43 44 61 62,1,17,,288994,17,,,1,16,,288996,4,0,57 43 44 61 62,1,57,,288999,17,,,1,18,,289003,4,0,57 43 44 61 62,1,17,,289005,17,,,1,16,,289007,4,0,57 43 44 61 62,1,54,,289009,17,,,1,15,,289011,4,0,57 43 44 61 62,1,20,,289013,17,,,1,70,,289016,17,,,1,25,,289019,17,,,1,65,,289022,17,,,1,30,,289025,17,0,53 59 60,1,70,,289027,17,,,1,30,,289029,17,,,1,65,,289031,17,,,1,18,,289033,5,0,5 59 60,1,15,,289034,17,,,1,20,,289036,5,0,5 59 60,1,50,,289037,17,,,1,15,,289038,5,0,5 59 60,1,15,,289039,17,,,1,16,,289040,5,0,5 59 60,1,51,,289041,17,,,1,14,,289042,5,0,5 59 60,1,16,,289043,17,,,1,16,,289044,5,0,5 59 60,1,65,,289045,17,,,1,13,,289046,5,0,5 59 60,1,17,,289047,17,,,1,58,,289048,5,0,5 59 60,1,17,,289049,17,,,1,8,,289050,5,0,5 59 60,1,19,,289051,17,,,1,58,,289052,5,0,5 59 60,1,17,,289053,17,,,1,8,,289054,5,0,5 59 60,1,14,,289055,17,0,53 59 60,1,65,,289056,5,0,5 59 60,1,13,,289057,17,,,1,15,,289058,5,0,5 59 60,1,12,,289059,17,,,1,53,,289060,5,0,5 59 60,1,7,,289061,17,0,53 59 60,1,35,,289062,17,,,1,60,,289063,17,0,53 59 60,1,102,,289064,17,,,1,100,,289065,17,,,1,100,,289066,17,,,1
4100,'20260930',634,,289067,17,,,1,25,,289069,17,,,1,58,,289071,4,0,57 43 44 61 62,1,17,,289073,17,,,1,16,,289075,4,0,57 43 44 61 62,1,57,,289078,17,,,1,18,,289082,4,0,57 43 44 61 62,1,17,,289084,17,,,1,16,,289086,4,0,57 43 44 61 62,1,54,,289088,17,,,1,15,,289090,4,0,57 43 44 61 62,1,20,,289092,17,,,1,70,,289095,17,,,1,25,,289098,17,,,1,65,,289101,17,,,1,30,,289104,17,0,53 59 60,1,70,,289106,17,,,1,30,,289108,17,,,1,65,,289110,17,,,1,18,,289112,5,0,5 59 60,1,15,,289113,17,,,1,20,,289115,5,0,5 59 60,1,50,,289116,17,,,1,15,,289117,5,0,5 59 60,1,15,,289118,17,,,1,16,,289119,5,0,5 59 60,1,51,,289120,17,,,1,14,,289121,5,0,5 59 60,1,16,,289122,17,,,1,16,,289123,5,0,5 59 60,1,65,,289124,17,,,1,13,,289125,5,0,5 59 60,1,17,,289126,17,,,1,58,,289127,5,0,5 59 60,1,17,,289128,17,,,1,8,,289129,5,0,5 59 60,1,19,,289130,17,,,1,58,,289131,5,0,5 59 60,1,17,,289132,17,,,1,8,,289133,5,0,5 59 60,1,14,,289134,17,0,53 59 60,1,65,,289135,5,0,5 59 60,1,13,,289136,17,,,1,15,,289137,5,0,5 59 60,1,12,,289138,17,,,1,53,,289139,5,0,5 59 60,1,7,,289140,17,0,53 59 60,1,35,,289141,17,,,1,60,,289142,17,0,53 59 60,1,102,,289143,17,,,1,100,,289144,17,,,1,100,,289145,17,,,1
4100,'20261001',634,,289146,17,,,1,25,,289148,17,,,1,58,,289150,4,0,57 43 44 61 62,1,17,,289152,17,,,1,16,,289154,4,0,57 43 44 61 62,1,57,,289157,17,,,1,18,,289161,4,0,57 43 44 61 62,1,17,,289163,17,,,1,16,,289165,4,0,57 43 44 61 62,1,54,,289167,17,,,1,15,,289169,4,0,57 43 44 61 62,1,20,,289171,17,,,1,70,,289174,17,,,1,25,,289177,17,,,1,65,,289180,17,,,1,30,,289183,17,0,53 59 60,1,70,,289185,17,,,1,30,,289187,17,,,1,65,,289189,17,,,1,18,,289191,5,0,5 59 60,1,15,,289192,17,,,1,20,,289194,5,0,5 59 60,1,50,,289195,17,,,1,15,,289196,5,0,5 59 60,1,15,,289197,17,,,1,16,,289198,5,0,5 59 60,1,51,,289199,17,,,1,14,,289200,5,0,5 59 60,1,16,,289201,17,,,1,16,,289202,5,0,5 59 60,1,65,,289203,17,,,1,13,,289204,5,0,5 59 60,1,17,,289205,17,,,1,58,,289206,5,0,5 59 60,1,17,,289207,17,,,1,8,,289208,5,0,5 59 60,1,19,,289209,17,,,1,58,,289210,5,0,5 59 60,1,17,,289211,17,,,1,8,,289212,5,0,5 59 60,1,14,,289213,17,0,53 59 60,1,65,,289214,5,0,5 59 60,1,13,,289215,17,,,1,15,,289216,5,0,5 59 60,1,12,,289217,17,,,1,53,,289218,5,0,5 59 60,1,7,,289219,17,0,53 59 60,1,35,,289220,17,,,1,60,,289221,17,0,53 59 60,1,102,,289222,17,,,1,100,,289223,17,,,1,100,,289224,17,,,1
4100,'20261002',634,,289225,17,,,1,25,,289227,17,,,1,58,,289229,4,0,57 43 44 61 62,1,17,,289231,17,,,1,16,,289233,4,0,57 43 44 61 62,1,57,,289236,17,,,1,18,,289240,4,0,57 43 44 61 62,1,17,,289242,17,,,1,16,,289244,4,0,57 43 44 61 62,1,54,,289246,17,,,1,15,,289248,4,0,57 43 44 61 62,1,20,,289250,17,,,1,70,,289253,17,,,1,25,,289256,17,,,1,65,,289259,17,,,1,30,,289262,17,0,53 59 60,1,70,,289264,17,,,1,30,,289266,17,,,1,65,,289268,17,,,1,18,,289270,5,0,5 59 60,1,15,,289271,17,,,1,20,,289273,5,0,5 59 60,1,50,,289274,17,,,1,15,,289275,5,0,5 59 60,1,15,,289276,17,,,1,16,,289277,5,0,5 59 60,1,51,,289278,17,,,1,14,,289279,5,0,5 59 60,1,16,,289280,17,,,1,16,,289281,5,0,5 59 60,1,65,,289282,17,,,1,13,,289283,5,0,5 59 60,1,17,,289284,17,,,1,58,,289285,5,0,5 59 60,1,17,,289286,17,,,1,8,,289287,5,0,5 59 60,1,19,,289288,17,,,1,58,,289289,5,0,5 59 60,1,17,,289290,17,,,1,8,,289291,5,0,5 59 60,1,14,,289292,17,0,53 59 60,1,65,,289293,5,0,5 59 60,1,13,,289294,17,,,1,15,,289295,5,0,5 59 60,1,12,,289296,17,,,1,53,,289297,5,0,5 59 60,1,7,,289298,17,0,53 59 60,1,35,,289299,17,,,1,60,,289300,17,0,53 59 60,1,102,,289301,17,,,1,100,,289302,17,,,1,100,,289303,17,,,1
4100,'20261005',634,,289304,17,,,1,25,,289306,17,,,1,58,,289308,4,0,57 43 44 61 62,1,17,,289310,17,,,1,16,,289312,4,0,57 43 44 61 62,1,57,,289315,17,,,1,18,,289319,4,0,57 43 44 61 62,1,17,,289321,17,,,1,16,,289323,4,0,57 43 44 61 62,1,54,,289325,17,,,1,15,,289327,4,0,57 43 44 61 62,1,20,,289329,17,,,1,70,,289332,17,,,1,25,,289335,17,,,1,65,,289338,17,,,1,30,,289341,17,0,53 59 60,1,70,,289343,17,,,1,30,,289345,17,,,1,65,,289347,17,,,1,18,,289349,5,0,5 59 60,1,15,,289350,17,,,1,20,,289352,5,0,5 59 60,1,50,,289353,17,,,1,15,,289354,5,0,5 59 60,1,15,,289355,17,,,1,16,,289356,5,0,5 59 60,1,51,,289357,17,,,1,14,,289358,5,0,5 59 60,1,16,,289359,17,,,1,16,,289360,5,0,5 59 60,1,65,,289361,17,,,1,13,,289362,5,0,5 59 60,1,17,,289363,17,,,1,58,,289364,5,0,5 59 60,1,17,,289365,17,,,1,8,,289366,5,0,5 59 60,1,19,,289367,17,,,1,58,,289368,5,0,5 59 60,1,17,,289369,17,,,1,8,,289370,5,0,5 59 60,1,14,,289371,17,0,53 59 60,1,65,,289372,5,0,5 59 60,1,13,,289373,17,,,1,15,,289374,5,0,5 59 60,1,12,,289375,17,,,1,53,,289376,5,0,5 59 60,1,7,,289377,17,0,53 59 60,1,35,,289378,17,,,1,60,,289379,17,0,53 59 60,1,102,,289380,17,,,1,100,,289381,17,,,1,100,,289382,17,,,1
4100,'20261006',634,,289383,17,,,1,25,,289385,17,,,1,58,,289387,4,0,57 43 44 61 62,1,17,,289389,17,,,1,16,,289391,4,0,57 43 44 61 62,1,57,,289394,17,,,1,18,,289398,4,0,57 43 44 61 62,1,17,,289400,17,,,1,16,,289402,4,0,57 43 44 61 62,1,54,,289404,17,,,1,15,,289406,4,0,57 43 44 61 62,1,20,,289408,17,,,1,70,,289411,17,,,1,25,,289414,17,,,1,65,,289417,17,,,1,30,,289420,17,0,53 59 60,1,70,,289422,17,,,1,30,,289424,17,,,1,65,,289426,17,,,1,18,,289428,5,0,5 59 60,1,15,,289429,17,,,1,20,,289431,5,0,5 59 60,1,50,,289432,17,,,1,15,,289433,5,0,5 59 60,1,15,,289434,17,,,1,16,,289435,5,0,5 59 60,1,51,,289436,17,,,1,14,,289437,5,0,5 59 60,1,16,,289438,17,,,1,16,,289439,5,0,5 59 60,1,65,,289440,17,,,1,13,,289441,5,0,5 59 60,1,17,,289442,17,,,1,58,,289443,5,0,5 59 60,1,17,,289444,17,,,1,8,,289445,5,0,5 59 60,1,19,,289446,17,,,1,58,,289447,5,0,5 59 60,1,17,,289448,17,,,1,8,,289449,5,0,5 59 60,1,14,,289450,17,0,53 59 60,1,65,,289451,5,0,5 59 60,1,13,,289452,17,,,1,15,,289453,5,0,5 59 60,1,12,,289454,17,,,1,53,,289455,5,0,5 59 60,1,7,,289456,17,0,53 59 60,1,35,,289457,17,,,1,60,,289458,17,0,53 59 60,1,102,,289459,17,,,1,100,,289460,17,,,1,100,,289461,17,,,1
4100,'20261007',634,,289462,17,,,1,25,,289464,17,,,1,58,,289466,4,0,57 43 44 61 62,1,17,,289468,17,,,1,16,,289470,4,0,57 43 44 61 62,1,57,,289473,17,,,1,18,,289477,4,0,57 43 44 61 62,1,17,,289479,17,,,1,16,,289481,4,0,57 43 44 61 62,1,54,,289483,17,,,1,15,,289485,4,0,57 43 44 61 62,1,20,,289487,17,,,1,70,,289490,17,,,1,25,,289493,17,,,1,65,,289496,17,,,1,30,,289499,17,0,53 59 60,1,70,,289501,17,,,1,30,,289503,17,,,1,65,,289505,17,,,1,18,,289507,5,0,5 59 60,1,15,,289508,17,,,1,20,,289510,5,0,5 59 60,1,50,,289511,17,,,1,15,,289512,5,0,5 59 60,1,15,,289513,17,,,1,16,,289514,5,0,5 59 60,1,51,,289515,17,,,1,14,,289516,5,0,5 59 60,1,16,,289517,17,,,1,16,,289518,5,0,5 59 60,1,65,,289519,17,,,1,13,,289520,5,0,5 59 60,1,17,,289521,17,,,1,58,,289522,5,0,5 59 60,1,17,,289523,17,,,1,8,,289524,5,0,5 59 60,1,19,,289525,17,,,1,58,,289526,5,0,5 59 60,1,17,,289527,17,,,1,8,,289528,5,0,5 59 60,1,14,,289529,17,0,53 59 60,1,65,,289530,5,0,5 59 60,1,13,,289531,17,,,1,15,,289532,5,0,5 59 60,1,12,,289533,17,,,1,53,,289534,5,0,5 59 60,1,7,,289535,17,0,53 59 60,1,35,,289536,17,,,1,60,,289537,17,0,53 59 60,1,102,,289538,17,,,1,100,,289539,17,,,1,100,,289540,17,,,1
4100,'20261008',634,,289541,17,,,1,25,,289543,17,,,1,58,,289545,4,0,57 43 44 61 62,1,17,,289547,17,,,1,16,,289549,4,0,57 43 44 61 62,1,57,,289552,17,,,1,18,,289556,4,0,57 43 44 61 62,1,17,,289558,17,,,1,16,,289560,4,0,57 43 44 61 62,1,54,,289562,17,,,1,15,,289564,4,0,57 43 44 61 62,1,20,,289566,17,,,1,70,,289569,17,,,1,25,,289572,17,,,1,65,,289575,17,,,1,30,,289578,17,0,53 59 60,1,70,,289580,17,,,1,30,,289582,17,,,1,65,,289584,17,,,1,18,,289586,5,0,5 59 60,1,15,,289587,17,,,1,20,,289589,5,0,5 59 60,1,50,,289590,17,,,1,15,,289591,5,0,5 59 60,1,15,,289592,17,,,1,16,,289593,5,0,5 59 60,1,51,,289594,17,,,1,14,,289595,5,0,5 59 60,1,16,,289596,17,,,1,16,,289597,5,0,5 59 60,1,65,,289598,17,,,1,13,,289599,5,0,5 59 60,1,17,,289600,17,,,1,58,,289601,5,0,5 59 60,1,17,,289602,17,,,1,8,,289603,5,0,5 59 60,1,19,,289604,17,,,1,58,,289605,5,0,5 59 60,1,17,,289606,17,,,1,8,,289607,5,0,5 59 60,1,14,,289608,17,0,53 59 60,1,65,,289609,5,0,5 59 60,1,13,,289610,17,,,1,15,,289611,5,0,5 59 60,1,12,,289612,17,,,1,53,,289613,5,0,5 59 60,1,7,,289614,17,0,53 59 60,1,35,,289615,17,,,1,60,,289616,17,0,53 59 60,1,102,,289617,17,,,1,100,,289618,17,,,1,100,,289619,17,,,1
4100,'20261009',634,,289620,17,,,1,25,,289622,17,,,1,58,,289624,4,0,57 43 44 61 62,1,17,,289626,17,,,1,16,,289628,4,0,57 43 44 61 62,1,57,,289631,17,,,1,18,,289635,4,0,57 43 44 61 62,1,17,,289637,17,,,1,16,,289639,4,0,57 43 44 61 62,1,54,,289641,17,,,1,15,,289643,4,0,57 43 44 61 62,1,20,,289645,17,,,1,70,,289648,17,,,1,25,,289651,17,,,1,65,,289654,17,,,1,30,,289657,17,0,53 59 60,1,70,,289659,17,,,1,30,,289661,17,,,1,65,,289663,17,,,1,18,,289665,5,0,5 59 60,1,15,,289666,17,,,1,20,,289668,5,0,5 59 60,1,50,,289669,17,,,1,15,,289670,5,0,5 59 60,1,15,,289671,17,,,1,16,,289672,5,0,5 59 60,1,51,,289673,17,,,1,14,,289674,5,0,5 59 60,1,16,,289675,17,,,1,16,,289676,5,0,5 59 60,1,65,,289677,17,,,1,13,,289678,5,0,5 59 60,1,17,,289679,17,,,1,58,,289680,5,0,5 59 60,1,17,,289681,17,,,1,8,,289682,5,0,5 59 60,1,19,,289683,17,,,1,58,,289684,5,0,5 59 60,1,17,,289685,17,,,1,8,,289686,5,0,5 59 60,1,14,,289687,17,0,53 59 60,1,65,,289688,5,0,5 59 60,1,13,,289689,17,,,1,15,,289690,5,0,5 59 60,1,12,,289691,17,,,1,53,,289692,5,0,5 59 60,1,7,,289693,17,0,53 59 60,1,35,,289694,17,,,1,60,,289695,17,0,53 59 60,1,102,,289696,17,,,1,100,,289697,17,,,1,100,,289698,17,,,1
4100,'20261013',634,,289699,17,,,1,25,,289701,17,,,1,58,,289703,4,0,57 43 44 61 62,1,17,,289705,17,,,1,16,,289707,4,0,57 43 44 61 62,1,57,,289710,17,,,1,18,,289714,4,0,57 43 44 61 62,1,17,,289716,17,,,1,16,,289718,4,0,57 43 44 61 62,1,54,,289720,17,,,1,15,,289722,4,0,57 43 44 61 62,1,20,,289724,17,,,1,70,,289727,17,,,1,25,,289730,17,,,1,65,,289733,17,,,1,30,,289736,17,0,53 59 60,1,70,,289738,17,,,1,30,,289740,17,,,1,65,,289742,17,,,1,18,,289744,5,0,5 59 60,1,15,,289745,17,,,1,20,,289747,5,0,5 59 60,1,50,,289748,17,,,1,15,,289749,5,0,5 59 60,1,15,,289750,17,,,1,16,,289751,5,0,5 59 60,1,51,,289752,17,,,1,14,,289753,5,0,5 59 60,1,16,,289754,17,,,1,16,,289755,5,0,5 59 60,1,65,,289756,17,,,1,13,,289757,5,0,5 59 60,1,17,,289758,17,,,1,58,,289759,5,0,5 59 60,1,17,,289760,17,,,1,8,,289761,5,0,5 59 60,1,19,,289762,17,,,1,58,,289763,5,0,5 59 60,1,17,,289764,17,,,1,8,,289765,5,0,5 59 60,1,14,,289766,17,0,53 59 60,1,65,,289767,5,0,5 59 60,1,13,,289768,17,,,1,15,,289769,5,0,5 59 60,1,12,,289770,17,,,1,53,,289771,5,0,5 59 60,1,7,,289772,17,0,53 59 60,1,35,,289773,17,,,1,60,,289774,17,0,53 59 60,1,102,,289775,17,,,1,100,,289776,17,,,1,100,,289777,17,,,1
4100,'20261014',634,,289778,17,,,1,25,,289780,17,,,1,58,,289782,4,0,57 43 44 61 62,1,17,,289784,17,,,1,16,,289786,4,0,57 43 44 61 62,1,57,,289789,17,,,1,18,,289793,4,0,57 43 44 61 62,1,17,,289795,17,,,1,16,,289797,4,0,57 43 44 61 62,1,54,,289799,17,,,1,15,,289801,4,0,57 43 44 61 62,1,20,,289803,17,,,1,70,,289806,17,,,1,25,,289809,17,,,1,65,,289812,17,,,1,30,,289815,17,0,53 59 60,1,70,,289817,17,,,1,30,,289819,17,,,1,65,,289821,17,,,1,18,,289823,5,0,5 59 60,1,15,,289824,17,,,1,20,,289826,5,0,5 59 60,1,50,,289827,17,,,1,15,,289828,5,0,5 59 60,1,15,,289829,17,,,1,16,,289830,5,0,5 59 60,1,51,,289831,17,,,1,14,,289832,5,0,5 59 60,1,16,,289833,17,,,1,16,,289834,5,0,5 59 60,1,65,,289835,17,,,1,13,,289836,5,0,5 59 60,1,17,,289837,17,,,1,58,,289838,5,0,5 59 60,1,17,,289839,17,,,1,8,,289840,5,0,5 59 60,1,19,,289841,17,,,1,58,,289842,5,0,5 59 60,1,17,,289843,17,,,1,8,,289844,5,0,5 59 60,1,14,,289845,17,0,53 59 60,1,65,,289846,5,0,5 59 60,1,13,,289847,17,,,1,15,,289848,5,0,5 59 60,1,12,,289849,17,,,1,53,,289850,5,0,5 59 60,1,7,,289851,17,0,53 59 60,1,35,,289852,17,,,1,60,,289853,17,0,53 59 60,1,102,,289854,17,,,1,100,,289855,17,,,1,100,,289856,17,,,1
4100,'20261015',634,,289857,17,,,1,25,,289859,17,,,1,58,,289861,4,0,57 43 44 61 62,1,17,,289863,17,,,1,16,,289865,4,0,57 43 44 61 62,1,57,,289868,17,,,1,18,,289872,4,0,57 43 44 61 62,1,17,,289874,17,,,1,16,,289876,4,0,57 43 44 61 62,1,54,,289878,17,,,1,15,,289880,4,0,57 43 44 61 62,1,20,,289882,17,,,1,70,,289885,17,,,1,25,,289888,17,,,1,65,,289891,17,,,1,30,,289894,17,0,53 59 60,1,70,,289896,17,,,1,30,,289898,17,,,1,65,,289900,17,,,1,18,,289902,5,0,5 59 60,1,15,,289903,17,,,1,20,,289905,5,0,5 59 60,1,50,,289906,17,,,1,15,,289907,5,0,5 59 60,1,15,,289908,17,,,1,16,,289909,5,0,5 59 60,1,51,,289910,17,,,1,14,,289911,5,0,5 59 60,1,16,,289912,17,,,1,16,,289913,5,0,5 59 60,1,65,,289914,17,,,1,13,,289915,5,0,5 59 60,1,17,,289916,17,,,1,58,,289917,5,0,5 59 60,1,17,,289918,17,,,1,8,,289919,5,0,5 59 60,1,19,,289920,17,,,1,58,,289921,5,0,5 59 60,1,17,,289922,17,,,1,8,,289923,5,0,5 59 60,1,14,,289924,17,0,53 59 60,1,65,,289925,5,0,5 59 60,1,13,,289926,17,,,1,15,,289927,5,0,5 59 60,1,12,,289928,17,,,1,53,,289929,5,0,5 59 60,1,7,,289930,17,0,53 59 60,1,35,,289931,17,,,1,60,,289932,17,0,53 59 60,1,102,,289933,17,,,1,100,,289934,17,,,1,100,,289935,17,,,1
4100,'20261016',634,,289936,17,,,1,25,,289938,17,,,1,58,,289940,4,0,57 43 44 61 62,1,17,,289942,17,,,1,16,,289944,4,0,57 43 44 61 62,1,57,,289947,17,,,1,18,,289951,4,0,57 43 44 61 62,1,17,,289953,17,,,1,16,,289955,4,0,57 43 44 61 62,1,54,,289957,17,,,1,15,,289959,4,0,57 43 44 61 62,1,20,,289961,17,,,1,70,,289964,17,,,1,25,,289967,17,,,1,65,,289970,17,,,1,30,,289973,17,0,53 59 60,1,70,,289975,17,,,1,30,,289977,17,,,1,65,,289979,17,,,1,18,,289981,5,0,5 59 60,1,15,,289982,17,,,1,20,,289984,5,0,5 59 60,1,50,,289985,17,,,1,15,,289986,5,0,5 59 60,1,15,,289987,17,,,1,16,,289988,5,0,5 59 60,1,51,,289989,17,,,1,14,,289990,5,0,5 59 60,1,16,,289991,17,,,1,16,,289992,5,0,5 59 60,1,65,,289993,17,,,1,13,,289994,5,0,5 59 60,1,17,,289995,17,,,1,58,,289996,5,0,5 59 60,1,17,,289997,17,,,1,8,,289998,5,0,5 59 60,1,19,,289999,17,,,1,58,,290000,5,0,5 59 60,1,17,,290001,17,,,1,8,,290002,5,0,5 59 60,1,14,,290003,17,0,53 59 60,1,65,,290004,5,0,5 59 60,1,13,,290005,17,,,1,15,,290006,5,0,5 59 60,1,12,,290007,17,,,1,53,,290008,5,0,5 59 60,1,7,,290009,17,0,53 59 60,1,35,,290010,17,,,1,60,,290011,17,0,53 59 60,1,102,,290012,17,,,1,100,,290013,17,,,1,100,,290014,17,,,1
4100,'20261019',634,,290015,17,,,1,25,,290017,17,,,1,58,,290019,4,0,57 43 44 61 62,1,17,,290021,17,,,1,16,,290023,4,0,57 43 44 61 62,1,57,,290026,17,,,1,18,,290030,4,0,57 43 44 61 62,1,17,,290032,17,,,1,16,,290034,4,0,57 43 44 61 62,1,54,,290036,17,,,1,15,,290038,4,0,57 43 44 61 62,1,20,,290040,17,,,1,70,,290043,17,,,1,25,,290046,17,,,1,65,,290049,17,,,1,30,,290052,17,0,53 59 60,1,70,,290054,17,,,1,30,,290056,17,,,1,65,,290058,17,,,1,18,,290060,5,0,5 59 60,1,15,,290061,17,,,1,20,,290063,5,0,5 59 60,1,50,,290064,17,,,1,15,,290065,5,0,5 59 60,1,15,,290066,17,,,1,16,,290067,5,0,5 59 60,1,51,,290068,17,,,1,14,,290069,5,0,5 59 60,1,16,,290070,17,,,1,16,,290071,5,0,5 59 60,1,65,,290072,17,,,1,13,,290073,5,0,5 59 60,1,17,,290074,17,,,1,58,,290075,5,0,5 59 60,1,17,,290076,17,,,1,8,,290077,5,0,5 59 60,1,19,,290078,17,,,1,58,,290079,5,0,5 59 60,1,17,,290080,17,,,1,8,,290081,5,0,5 59 60,1,14,,290082,17,0,53 59 60,1,65,,290083,5,0,5 59 60,1,13,,290084,17,,,1,15,,290085,5,0,5 59 60,1,12,,290086,17,,,1,53,,290087,5,0,5 59 60,1,7,,290088,17,0,53 59 60,1,35,,290089,17,,,1,60,,290090,17,0,53 59 60,1,102,,290091,17,,,1,100,,290092,17,,,1,100,,290093,17,,,1
4100,'20261020',634,,290094,17,,,1,25,,290096,17,,,1,58,,290098,4,0,57 43 44 61 62,1,17,,290100,17,,,1,16,,290102,4,0,57 43 44 61 62,1,57,,290105,17,,,1,18,,290109,4,0,57 43 44 61 62,1,17,,290111,17,,,1,16,,290113,4,0,57 43 44 61 62,1,54,,290115,17,,,1,15,,290117,4,0,57 43 44 61 62,1,20,,290119,17,,,1,70,,290122,17,,,1,25,,290125,17,,,1,65,,290128,17,,,1,30,,290131,17,0,53 59 60,1,70,,290133,17,,,1,30,,290135,17,,,1,65,,290137,17,,,1,18,,290139,5,0,5 59 60,1,15,,290140,17,,,1,20,,290142,5,0,5 59 60,1,50,,290143,17,,,1,15,,290144,5,0,5 59 60,1,15,,290145,17,,,1,16,,290146,5,0,5 59 60,1,51,,290147,17,,,1,14,,290148,5,0,5 59 60,1,16,,290149,17,,,1,16,,290150,5,0,5 59 60,1,65,,290151,17,,,1,13,,290152,5,0,5 59 60,1,17,,290153,17,,,1,58,,290154,5,0,5 59 60,1,17,,290155,17,,,1,8,,290156,5,0,5 59 60,1,19,,290157,17,,,1,58,,290158,5,0,5 59 60,1,17,,290159,17,,,1,8,,290160,5,0,5 59 60,1,14,,290161,17,0,53 59 60,1,65,,290162,5,0,5 59 60,1,13,,290163,17,,,1,15,,290164,5,0,5 59 60,1,12,,290165,17,,,1,53,,290166,5,0,5 59 60,1,7,,290167,17,0,53 59 60,1,35,,290168,17,,,1,60,,290169,17,0,53 59 60,1,102,,290170,17,,,1,100,,290171,17,,,1,100,,290172,17,,,1
4100,'20261021',634,,290173,17,,,1,25,,290175,17,,,1,58,,290177,4,0,57 43 44 61 62,1,17,,290179,17,,,1,16,,290181,4,0,57 43 44 61 62,1,57,,290184,17,,,1,18,,290188,4,0,57 43 44 61 62,1,17,,290190,17,,,1,16,,290192,4,0,57 43 44 61 62,1,54,,290194,17,,,1,15,,290196,4,0,57 43 44 61 62,1,20,,290198,17,,,1,70,,290201,17,,,1,25,,290204,17,,,1,65,,290207,17,,,1,30,,290210,17,0,53 59 60,1,70,,290212,17,,,1,30,,290214,17,,,1,65,,290216,17,,,1,18,,290218,5,0,5 59 60,1,15,,290219,17,,,1,20,,290221,5,0,5 59 60,1,50,,290222,17,,,1,15,,290223,5,0,5 59 60,1,15,,290224,17,,,1,16,,290225,5,0,5 59 60,1,51,,290226,17,,,1,14,,290227,5,0,5 59 60,1,16,,290228,17,,,1,16,,290229,5,0,5 59 60,1,65,,290230,17,,,1,13,,290231,5,0,5 59 60,1,17,,290232,17,,,1,58,,290233,5,0,5 59 60,1,17,,290234,17,,,1,8,,290235,5,0,5 59 60,1,19,,290236,17,,,1,58,,290237,5,0,5 59 60,1,17,,290238,17,,,1,8,,290239,5,0,5 59 60,1,14,,290240,17,0,53 59 60,1,65,,290241,5,0,5 59 60,1,13,,290242,17,,,1,15,,290243,5,0,5 59 60,1,12,,290244,17,,,1,53,,290245,5,0,5 59 60,1,7,,290246,17,0,53 59 60,1,35,,290247,17,,,1,60,,290248,17,0,53 59 60,1,102,,290249,17,,,1,100,,290250,17,,,1,100,,290251,17,,,1
4100,'20261022',634,,290252,17,,,1,25,,290254,17,,,1,58,,290256,4,0,57 43 44 61 62,1,17,,290258,17,,,1,16,,290260,4,0,57 43 44 61 62,1,57,,290263,17,,,1,18,,290267,4,0,57 43 44 61 62,1,17,,290269,17,,,1,16,,290271,4,0,57 43 44 61 62,1,54,,290273,17,,,1,15,,290275,4,0,57 43 44 61 62,1,20,,290277,17,,,1,70,,290280,17,,,1,25,,290283,17,,,1,65,,290286,17,,,1,30,,290289,17,0,53 59 60,1,70,,290291,17,,,1,30,,290293,17,,,1,65,,290295,17,,,1,18,,290297,5,0,5 59 60,1,15,,290298,17,,,1,20,,290300,5,0,5 59 60,1,50,,290301,17,,,1,15,,290302,5,0,5 59 60,1,15,,290303,17,,,1,16,,290304,5,0,5 59 60,1,51,,290305,17,,,1,14,,290306,5,0,5 59 60,1,16,,290307,17,,,1,16,,290308,5,0,5 59 60,1,65,,290309,17,,,1,13,,290310,5,0,5 59 60,1,17,,290311,17,,,1,58,,290312,5,0,5 59 60,1,17,,290313,17,,,1,8,,290314,5,0,5 59 60,1,19,,290315,17,,,1,58,,290316,5,0,5 59 60,1,17,,290317,17,,,1,8,,290318,5,0,5 59 60,1,14,,290319,17,0,53 59 60,1,65,,290320,5,0,5 59 60,1,13,,290321,17,,,1,15,,290322,5,0,5 59 60,1,12,,290323,17,,,1,53,,290324,5,0,5 59 60,1,7,,290325,17,0,53 59 60,1,35,,290326,17,,,1,60,,290327,17,0,53 59 60,1,102,,290328,17,,,1,100,,290329,17,,,1,100,,290330,17,,,1
4100,'20261023',634,,290331,17,,,1,25,,290333,17,,,1,58,,290335,4,0,57 43 44 61 62,1,17,,290337,17,,,1,16,,290339,4,0,57 43 44 61 62,1,57,,290342,17,,,1,18,,290346,4,0,57 43 44 61 62,1,17,,290348,17,,,1,16,,290350,4,0,57 43 44 61 62,1,54,,290352,17,,,1,15,,290354,4,0,57 43 44 61 62,1,20,,290356,17,,,1,70,,290359,17,,,1,25,,290362,17,,,1,65,,290365,17,,,1,30,,290368,17,0,53 59 60,1,70,,290370,17,,,1,30,,290372,17,,,1,65,,290374,17,,,1,18,,290376,5,0,5 59 60,1,15,,290377,17,,,1,20,,290379,5,0,5 59 60,1,50,,290380,17,,,1,15,,290381,5,0,5 59 60,1,15,,290382,17,,,1,16,,290383,5,0,5 59 60,1,51,,290384,17,,,1,14,,290385,5,0,5 59 60,1,16,,290386,17,,,1,16,,290387,5,0,5 59 60,1,65,,290388,17,,,1,13,,290389,5,0,5 59 60,1,17,,290390,17,,,1,58,,290391,5,0,5 59 60,1,17,,290392,17,,,1,8,,290393,5,0,5 59 60,1,19,,290394,17,,,1,58,,290395,5,0,5 59 60,1,17,,290396,17,,,1,8,,290397,5,0,5 59 60,1,14,,290398,17,0,53 59 60,1,65,,290399,5,0,5 59 60,1,13,,290400,17,,,1,15,,290401,5,0,5 59 60,1,12,,290402,17,,,1,53,,290403,5,0,5 59 60,1,7,,290404,17,0,53 59 60,1,35,,290405,17,,,1,60,,290406,17,0,53 59 60,1,102,,290407,17,,,1,100,,290408,17,,,1,100,,290409,17,,,1
4100,'20261026',634,,290410,17,,,1,25,,290412,17,,,1,58,,290414,4,0,57 43 44 61 62,1,17,,290416,17,,,1,16,,290418,4,0,57 43 44 61 62,1,57,,290421,17,,,1,18,,290425,4,0,57 43 44 61 62,1,17,,290427,17,,,1,16,,290429,4,0,57 43 44 61 62,1,54,,290431,17,,,1,15,,290433,4,0,57 43 44 61 62,1,20,,290435,17,,,1,70,,290438,17,,,1,25,,290441,17,,,1,65,,290444,17,,,1,30,,290447,17,0,53 59 60,1,70,,290449,17,,,1,30,,290451,17,,,1,65,,290453,17,,,1,18,,290455,5,0,5 59 60,1,15,,290456,17,,,1,20,,290458,5,0,5 59 60,1,50,,290459,17,,,1,15,,290460,5,0,5 59 60,1,15,,290461,17,,,1,16,,290462,5,0,5 59 60,1,51,,290463,17,,,1,14,,290464,5,0,5 59 60,1,16,,290465,17,,,1,16,,290466,5,0,5 59 60,1,65,,290467,17,,,1,13,,290468,5,0,5 59 60,1,17,,290469,17,,,1,58,,290470,5,0,5 59 60,1,17,,290471,17,,,1,8,,290472,5,0,5 59 60,1,19,,290473,17,,,1,58,,290474,5,0,5 59 60,1,17,,290475,17,,,1,8,,290476,5,0,5 59 60,1,14,,290477,17,0,53 59 60,1,65,,290478,5,0,5 59 60,1,13,,290479,17,,,1,15,,290480,5,0,5 59 60,1,12,,290481,17,,,1,53,,290482,5,0,5 59 60,1,7,,290483,17,0,53 59 60,1,35,,290484,17,,,1,60,,290485,17,0,53 59 60,1,102,,290486,17,,,1,100,,290487,17,,,1,100,,290488,17,,,1
4100,'20261027',634,,290489,17,,,1,25,,290491,17,,,1,58,,290493,4,0,57 43 44 61 62,1,17,,290495,17,,,1,16,,290497,4,0,57 43 44 61 62,1,57,,290500,17,,,1,18,,290504,4,0,57 43 44 61 62,1,17,,290506,17,,,1,16,,290508,4,0,57 43 44 61 62,1,54,,290510,17,,,1,15,,290512,4,0,57 43 44 61 62,1,20,,290514,17,,,1,70,,290517,17,,,1,25,,290520,17,,,1,65,,290523,17,,,1,30,,290526,17,0,53 59 60,1,70,,290528,17,,,1,30,,290530,17,,,1,65,,290532,17,,,1,18,,290534,5,0,5 59 60,1,15,,290535,17,,,1,20,,290537,5,0,5 59 60,1,50,,290538,17,,,1,15,,290539,5,0,5 59 60,1,15,,290540,17,,,1,16,,290541,5,0,5 59 60,1,51,,290542,17,,,1,14,,290543,5,0,5 59 60,1,16,,290544,17,,,1,16,,290545,5,0,5 59 60,1,65,,290546,17,,,1,13,,290547,5,0,5 59 60,1,17,,290548,17,,,1,58,,290549,5,0,5 59 60,1,17,,290550,17,,,1,8,,290551,5,0,5 59 60,1,19,,290552,17,,,1,58,,290553,5,0,5 59 60,1,17,,290554,17,,,1,8,,290555,5,0,5 59 60,1,14,,290556,17,0,53 59 60,1,65,,290557,5,0,5 59 60,1,13,,290558,17,,,1,15,,290559,5,0,5 59 60,1,12,,290560,17,,,1,53,,290561,5,0,5 59 60,1,7,,290562,17,0,53 59 60,1,35,,290563,17,,,1,60,,290564,17,0,53 59 60,1,102,,290565,17,,,1,100,,290566,17,,,1,100,,290567,17,,,1
4100,'20261028',634,,290568,17,,,1,25,,290570,17,,,1,58,,290572,4,0,57 43 44 61 62,1,17,,290574,17,,,1,16,,290576,4,0,57 43 44 61 62,1,57,,290579,17,,,1,18,,290583,4,0,57 43 44 61 62,1,17,,290585,17,,,1,16,,290587,4,0,57 43 44 61 62,1,54,,290589,17,,,1,15,,290591,4,0,57 43 44 61 62,1,20,,290593,17,,,1,70,,290596,17,,,1,25,,290599,17,,,1,65,,290602,17,,,1,30,,290605,17,0,53 59 60,1,70,,290607,17,,,1,30,,290609,17,,,1,65,,290611,17,,,1,18,,290613,5,0,5 59 60,1,15,,290614,17,,,1,20,,290616,5,0,5 59 60,1,50,,290617,17,,,1,15,,290618,5,0,5 59 60,1,15,,290619,17,,,1,16,,290620,5,0,5 59 60,1,51,,290621,17,,,1,14,,290622,5,0,5 59 60,1,16,,290623,17,,,1,16,,290624,5,0,5 59 60,1,65,,290625,17,,,1,13,,290626,5,0,5 59 60,1,17,,290627,17,,,1,58,,290628,5,0,5 59 60,1,17,,290629,17,,,1,8,,290630,5,0,5 59 60,1,19,,290631,17,,,1,58,,290632,5,0,5 59 60,1,17,,290633,17,,,1,8,,290634,5,0,5 59 60,1,14,,290635,17,0,53 59 60,1,65,,290636,5,0,5 59 60,1,13,,290637,17,,,1,15,,290638,5,0,5 59 60,1,12,,290639,17,,,1,53,,290640,5,0,5 59 60,1,7,,290641,17,0,53 59 60,1,35,,290642,17,,,1,60,,290643,17,0,53 59 60,1,102,,290644,17,,,1,100,,290645,17,,,1,100,,290646,17,,,1
4100,'20261029',634,,290647,17,,,1,25,,290649,17,,,1,58,,290651,4,0,57 43 44 61 62,1,17,,290653,17,,,1,16,,290655,4,0,57 43 44 61 62,1,57,,290658,17,,,1,18,,290662,4,0,57 43 44 61 62,1,17,,290664,17,,,1,16,,290666,4,0,57 43 44 61 62,1,54,,290668,17,,,1,15,,290670,4,0,57 43 44 61 62,1,20,,290672,17,,,1,70,,290675,17,,,1,25,,290678,17,,,1,65,,290681,17,,,1,30,,290684,17,0,53 59 60,1,70,,290686,17,,,1,30,,290688,17,,,1,65,,290690,17,,,1,18,,290692,5,0,5 59 60,1,15,,290693,17,,,1,20,,290695,5,0,5 59 60,1,50,,290696,17,,,1,15,,290697,5,0,5 59 60,1,15,,290698,17,,,1,16,,290699,5,0,5 59 60,1,51,,290700,17,,,1,14,,290701,5,0,5 59 60,1,16,,290702,17,,,1,16,,290703,5,0,5 59 60,1,65,,290704,17,,,1,13,,290705,5,0,5 59 60,1,17,,290706,17,,,1,58,,290707,5,0,5 59 60,1,17,,290708,17,,,1,8,,290709,5,0,5 59 60,1,19,,290710,17,,,1,58,,290711,5,0,5 59 60,1,17,,290712,17,,,1,8,,290713,5,0,5 59 60,1,14,,290714,17,0,53 59 60,1,65,,290715,5,0,5 59 60,1,13,,290716,17,,,1,15,,290717,5,0,5 59 60,1,12,,290718,17,,,1,53,,290719,5,0,5 59 60,1,7,,290720,17,0,53 59 60,1,35,,290721,17,,,1,60,,290722,17,0,53 59 60,1,102,,290723,17,,,1,100,,290724,17,,,1,100,,290725,17,,,1
4100,'20261030',634,,290726,17,,,1,25,,290728,17,,,1,58,,290730,4,0,57 43 44 61 62,1,17,,290732,17,,,1,16,,290734,4,0,57 43 44 61 62,1,57,,290737,17,,,1,18,,290741,4,0,57 43 44 61 62,1,17,,290743,17,,,1,16,,290745,4,0,57 43 44 61 62,1,54,,290747,17,,,1,15,,290749,4,0,57 43 44 61 62,1,20,,290751,17,,,1,70,,290754,17,,,1,25,,290757,17,,,1,65,,290760,17,,,1,30,,290763,17,0,53 59 60,1,70,,290765,17,,,1,30,,290767,17,,,1,65,,290769,17,,,1,18,,290771,5,0,5 59 60,1,15,,290772,17,,,1,20,,290774,5,0,5 59 60,1,50,,290775,17,,,1,15,,290776,5,0,5 59 60,1,15,,290777,17,,,1,16,,290778,5,0,5 59 60,1,51,,290779,17,,,1,14,,290780,5,0,5 59 60,1,16,,290781,17,,,1,16,,290782,5,0,5 59 60,1,65,,290783,17,,,1,13,,290784,5,0,5 59 60,1,17,,290785,17,,,1,58,,290786,5,0,5 59 60,1,17,,290787,17,,,1,8,,290788,5,0,5 59 60,1,19,,290789,17,,,1,58,,290790,5,0,5 59 60,1,17,,290791,17,,,1,8,,290792,5,0,5 59 60,1,14,,290793,17,0,53 59 60,1,65,,290794,5,0,5 59 60,1,13,,290795,17,,,1,15,,290796,5,0,5 59 60,1,12,,290797,17,,,1,53,,290798,5,0,5 59 60,1,7,,290799,17,0,53 59 60,1,35,,290800,17,,,1,60,,290801,17,0,53 59 60,1,102,,290802,17,,,1,100,,290803,17,,,1,100,,290804,17,,,1
4100,'20261102',634,,290805,17,,,1,25,,290807,17,,,1,58,,290809,4,0,57 43 44 61 62,1,17,,290811,17,,,1,16,,290813,4,0,57 43 44 61 62,1,57,,290816,17,,,1,18,,290820,4,0,57 43 44 61 62,1,17,,290822,17,,,1,16,,290824,4,0,57 43 44 61 62,1,54,,290826,17,,,1,15,,290828,4,0,57 43 44 61 62,1,20,,290830,17,,,1,70,,290833,17,,,1,25,,290836,17,,,1,65,,290839,17,,,1,30,,290842,17,0,53 59 60,1,70,,290844,17,,,1,30,,290846,17,,,1,65,,290848,17,,,1,18,,290850,5,0,5 59 60,1,15,,290851,17,,,1,20,,290853,5,0,5 59 60,1,50,,290854,17,,,1,15,,290855,5,0,5 59 60,1,15,,290856,17,,,1,16,,290857,5,0,5 59 60,1,51,,290858,17,,,1,14,,290859,5,0,5 59 60,1,16,,290860,17,,,1,16,,290861,5,0,5 59 60,1,65,,290862,17,,,1,13,,290863,5,0,5 59 60,1,17,,290864,17,,,1,58,,290865,5,0,5 59 60,1,17,,290866,17,,,1,8,,290867,5,0,5 59 60,1,19,,290868,17,,,1,58,,290869,5,0,5 59 60,1,17,,290870,17,,,1,8,,290871,5,0,5 59 60,1,14,,290872,17,0,53 59 60,1,65,,290873,5,0,5 59 60,1,13,,290874,17,,,1,15,,290875,5,0,5 59 60,1,12,,290876,17,,,1,53,,290877,5,0,5 59 60,1,7,,290878,17,0,53 59 60,1,35,,290879,17,,,1,60,,290880,17,0,53 59 60,1,102,,290881,17,,,1,100,,290882,17,,,1,100,,290883,17,,,1
4100,'20261103',634,,290884,17,,,1,25,,290886,17,,,1,58,,290888,4,0,57 43 44 61 62,1,17,,290890,17,,,1,16,,290892,4,0,57 43 44 61 62,1,57,,290895,17,,,1,18,,290899,4,0,57 43 44 61 62,1,17,,290901,17,,,1,16,,290903,4,0,57 43 44 61 62,1,54,,290905,17,,,1,15,,290907,4,0,57 43 44 61 62,1,20,,290909,17,,,1,70,,290912,17,,,1,25,,290915,17,,,1,65,,290918,17,,,1,30,,290921,17,0,53 59 60,1,70,,290923,17,,,1,30,,290925,17,,,1,65,,290927,17,,,1,18,,290929,5,0,5 59 60,1,15,,290930,17,,,1,20,,290932,5,0,5 59 60,1,50,,290933,17,,,1,15,,290934,5,0,5 59 60,1,15,,290935,17,,,1,16,,290936,5,0,5 59 60,1,51,,290937,17,,,1,14,,290938,5,0,5 59 60,1,16,,290939,17,,,1,16,,290940,5,0,5 59 60,1,65,,290941,17,,,1,13,,290942,5,0,5 59 60,1,17,,290943,17,,,1,58,,290944,5,0,5 59 60,1,17,,290945,17,,,1,8,,290946,5,0,5 59 60,1,19,,290947,17,,,1,58,,290948,5,0,5 59 60,1,17,,290949,17,,,1,8,,290950,5,0,5 59 60,1,14,,290951,17,0,53 59 60,1,65,,290952,5,0,5 59 60,1,13,,290953,17,,,1,15,,290954,5,0,5 59 60,1,12,,290955,17,,,1,53,,290956,5,0,5 59 60,1,7,,290957,17,0,53 59 60,1,35,,290958,17,,,1,60,,290959,17,0,53 59 60,1,102,,290960,17,,,1,100,,290961,17,,,1,100,,290962,17,,,1
4100,'20261104',634,,290963,17,,,1,25,,290965,17,,,1,58,,290967,4,0,57 43 44 61 62,1,17,,290969,17,,,1,16,,290971,4,0,57 43 44 61 62,1,57,,290974,17,,,1,18,,290978,4,0,57 43 44 61 62,1,17,,290980,17,,,1,16,,290982,4,0,57 43 44 61 62,1,54,,290984,17,,,1,15,,290986,4,0,57 43 44 61 62,1,20,,290988,17,,,1,70,,290991,17,,,1,25,,290994,17,,,1,65,,290997,17,,,1,30,,291000,17,0,53 59 60,1,70,,291002,17,,,1,30,,291004,17,,,1,65,,291006,17,,,1,18,,291008,5,0,5 59 60,1,15,,291009,17,,,1,20,,291011,5,0,5 59 60,1,50,,291012,17,,,1,15,,291013,5,0,5 59 60,1,15,,291014,17,,,1,16,,291015,5,0,5 59 60,1,51,,291016,17,,,1,14,,291017,5,0,5 59 60,1,16,,291018,17,,,1,16,,291019,5,0,5 59 60,1,65,,291020,17,,,1,13,,291021,5,0,5 59 60,1,17,,291022,17,,,1,58,,291023,5,0,5 59 60,1,17,,291024,17,,,1,8,,291025,5,0,5 59 60,1,19,,291026,17,,,1,58,,291027,5,0,5 59 60,1,17,,291028,17,,,1,8,,291029,5,0,5 59 60,1,14,,291030,17,0,53 59 60,1,65,,291031,5,0,5 59 60,1,13,,291032,17,,,1,15,,291033,5,0,5 59 60,1,12,,291034,17,,,1,53,,291035,5,0,5 59 60,1,7,,291036,17,0,53 59 60,1,35,,291037,17,,,1,60,,291038,17,0,53 59 60,1,102,,291039,17,,,1,100,,291040,17,,,1,100,,291041,17,,,1
4100,'20261105',634,,291042,17,,,1,25,,291044,17,,,1,58,,291046,4,0,57 43 44 61 62,1,17,,291048,17,,,1,16,,291050,4,0,57 43 44 61 62,1,57,,291053,17,,,1,18,,291057,4,0,57 43 44 61 62,1,17,,291059,17,,,1,16,,291061,4,0,57 43 44 61 62,1,54,,291063,17,,,1,15,,291065,4,0,57 43 44 61 62,1,20,,291067,17,,,1,70,,291070,17,,,1,25,,291073,17,,,1,65,,291076,17,,,1,30,,291079,17,0,53 59 60,1,70,,291081,17,,,1,30,,291083,17,,,1,65,,291085,17,,,1,18,,291087,5,0,5 59 60,1,15,,291088,17,,,1,20,,291090,5,0,5 59 60,1,50,,291091,17,,,1,15,,291092,5,0,5 59 60,1,15,,291093,17,,,1,16,,291094,5,0,5 59 60,1,51,,291095,17,,,1,14,,291096,5,0,5 59 60,1,16,,291097,17,,,1,16,,291098,5,0,5 59 60,1,65,,291099,17,,,1,13,,291100,5,0,5 59 60,1,17,,291101,17,,,1,58,,291102,5,0,5 59 60,1,17,,291103,17,,,1,8,,291104,5,0,5 59 60,1,19,,291105,17,,,1,58,,291106,5,0,5 59 60,1,17,,291107,17,,,1,8,,291108,5,0,5 59 60,1,14,,291109,17,0,53 59 60,1,65,,291110,5,0,5 59 60,1,13,,291111,17,,,1,15,,291112,5,0,5 59 60,1,12,,291113,17,,,1,53,,291114,5,0,5 59 60,1,7,,291115,17,0,53 59 60,1,35,,291116,17,,,1,60,,291117,17,0,53 59 60,1,102,,291118,17,,,1,100,,291119,17,,,1,100,,291120,17,,,1
4100,'20261106',634,,291121,17,,,1,25,,291123,17,,,1,58,,291125,4,0,57 43 44 61 62,1,17,,291127,17,,,1,16,,291129,4,0,57 43 44 61 62,1,57,,291132,17,,,1,18,,291136,4,0,57 43 44 61 62,1,17,,291138,17,,,1,16,,291140,4,0,57 43 44 61 62,1,54,,291142,17,,,1,15,,291144,4,0,57 43 44 61 62,1,20,,291146,17,,,1,70,,291149,17,,,1,25,,291152,17,,,1,65,,291155,17,,,1,30,,291158,17,0,53 59 60,1,70,,291160,17,,,1,30,,291162,17,,,1,65,,291164,17,,,1,18,,291166,5,0,5 59 60,1,15,,291167,17,,,1,20,,291169,5,0,5 59 60,1,50,,291170,17,,,1,15,,291171,5,0,5 59 60,1,15,,291172,17,,,1,16,,291173,5,0,5 59 60,1,51,,291174,17,,,1,14,,291175,5,0,5 59 60,1,16,,291176,17,,,1,16,,291177,5,0,5 59 60,1,65,,291178,17,,,1,13,,291179,5,0,5 59 60,1,17,,291180,17,,,1,58,,291181,5,0,5 59 60,1,17,,291182,17,,,1,8,,291183,5,0,5 59 60,1,19,,291184,17,,,1,58,,291185,5,0,5 59 60,1,17,,291186,17,,,1,8,,291187,5,0,5 59 60,1,14,,291188,17,0,53 59 60,1,65,,291189,5,0,5 59 60,1,13,,291190,17,,,1,15,,291191,5,0,5 59 60,1,12,,291192,17,,,1,53,,291193,5,0,5 59 60,1,7,,291194,17,0,53 59 60,1,35,,291195,17,,,1,60,,291196,17,0,53 59 60,1,102,,291197,17,,,1,100,,291198,17,,,1,100,,291199,17,,,1
4100,'20261109',634,,291200,17,,,1,25,,291202,17,,,1,58,,291204,4,0,57 43 44 61 62,1,17,,291206,17,,,1,16,,291208,4,0,57 43 44 61 62,1,57,,291211,17,,,1,18,,291215,4,0,57 43 44 61 62,1,17,,291217,17,,,1,16,,291219,4,0,57 43 44 61 62,1,54,,291221,17,,,1,15,,291223,4,0,57 43 44 61 62,1,20,,291225,17,,,1,70,,291228,17,,,1,25,,291231,17,,,1,65,,291234,17,,,1,30,,291237,17,0,53 59 60,1,70,,291239,17,,,1,30,,291241,17,,,1,65,,291243,17,,,1,18,,291245,5,0,5 59 60,1,15,,291246,17,,,1,20,,291248,5,0,5 59 60,1,50,,291249,17,,,1,15,,291250,5,0,5 59 60,1,15,,291251,17,,,1,16,,291252,5,0,5 59 60,1,51,,291253,17,,,1,14,,291254,5,0,5 59 60,1,16,,291255,17,,,1,16,,291256,5,0,5 59 60,1,65,,291257,17,,,1,13,,291258,5,0,5 59 60,1,17,,291259,17,,,1,58,,291260,5,0,5 59 60,1,17,,291261,17,,,1,8,,291262,5,0,5 59 60,1,19,,291263,17,,,1,58,,291264,5,0,5 59 60,1,17,,291265,17,,,1,8,,291266,5,0,5 59 60,1,14,,291267,17,0,53 59 60,1,65,,291268,5,0,5 59 60,1,13,,291269,17,,,1,15,,291270,5,0,5 59 60,1,12,,291271,17,,,1,53,,291272,5,0,5 59 60,1,7,,291273,17,0,53 59 60,1,35,,291274,17,,,1,60,,291275,17,0,53 59 60,1,102,,291276,17,,,1,100,,291277,17,,,1,100,,291278,17,,,1
4100,'20261110',634,,291279,17,,,1,25,,291281,17,,,1,58,,291283,4,0,57 43 44 61 62,1,17,,291285,17,,,1,16,,291287,4,0,57 43 44 61 62,1,57,,291290,17,,,1,18,,291294,4,0,57 43 44 61 62,1,17,,291296,17,,,1,16,,291298,4,0,57 43 44 61 62,1,54,,291300,17,,,1,15,,291302,4,0,57 43 44 61 62,1,20,,291304,17,,,1,70,,291307,17,,,1,25,,291310,17,,,1,65,,291313,17,,,1,30,,291316,17,0,53 59 60,1,70,,291318,17,,,1,30,,291320,17,,,1,65,,291322,17,,,1,18,,291324,5,0,5 59 60,1,15,,291325,17,,,1,20,,291327,5,0,5 59 60,1,50,,291328,17,,,1,15,,291329,5,0,5 59 60,1,15,,291330,17,,,1,16,,291331,5,0,5 59 60,1,51,,291332,17,,,1,14,,291333,5,0,5 59 60,1,16,,291334,17,,,1,16,,291335,5,0,5 59 60,1,65,,291336,17,,,1,13,,291337,5,0,5 59 60,1,17,,291338,17,,,1,58,,291339,5,0,5 59 60,1,17,,291340,17,,,1,8,,291341,5,0,5 59 60,1,19,,291342,17,,,1,58,,291343,5,0,5 59 60,1,17,,291344,17,,,1,8,,291345,5,0,5 59 60,1,14,,291346,17,0,53 59 60,1,65,,291347,5,0,5 59 60,1,13,,291348,17,,,1,15,,291349,5,0,5 59 60,1,12,,291350,17,,,1,53,,291351,5,0,5 59 60,1,7,,291352,17,0,53 59 60,1,35,,291353,17,,,1,60,,291354,17,0,53 59 60,1,102,,291355,17,,,1,100,,291356,17,,,1,100,,291357,17,,,1
4100,'20261111',634,,291358,17,,,1,25,,291360,17,,,1,58,,291362,4,0,57 43 44 61 62,1,17,,291364,17,,,1,16,,291366,4,0,57 43 44 61 62,1,57,,291369,17,,,1,18,,291373,4,0,57 43 44 61 62,1,17,,291375,17,,,1,16,,291377,4,0,57 43 44 61 62,1,54,,291379,17,,,1,15,,291381,4,0,57 43 44 61 62,1,20,,291383,17,,,1,70,,291386,17,,,1,25,,291389,17,,,1,65,,291392,17,,,1,30,,291395,17,0,53 59 60,1,70,,291397,17,,,1,30,,291399,17,,,1,65,,291401,17,,,1,18,,291403,5,0,5 59 60,1,15,,291404,17,,,1,20,,291406,5,0,5 59 60,1,50,,291407,17,,,1,15,,291408,5,0,5 59 60,1,15,,291409,17,,,1,16,,291410,5,0,5 59 60,1,51,,291411,17,,,1,14,,291412,5,0,5 59 60,1,16,,291413,17,,,1,16,,291414,5,0,5 59 60,1,65,,291415,17,,,1,13,,291416,5,0,5 59 60,1,17,,291417,17,,,1,58,,291418,5,0,5 59 60,1,17,,291419,17,,,1,8,,291420,5,0,5 59 60,1,19,,291421,17,,,1,58,,291422,5,0,5 59 60,1,17,,291423,17,,,1,8,,291424,5,0,5 59 60,1,14,,291425,17,0,53 59 60,1,65,,291426,5,0,5 59 60,1,13,,291427,17,,,1,15,,291428,5,0,5 59 60,1,12,,291429,17,,,1,53,,291430,5,0,5 59 60,1,7,,291431,17,0,53 59 60,1,35,,291432,17,,,1,60,,291433,17,0,53 59 60,1,102,,291434,17,,,1,100,,291435,17,,,1,100,,291436,17,,,1
4100,'20261112',634,,291437,17,,,1,25,,291439,17,,,1,58,,291441,4,0,57 43 44 61 62,1,17,,291443,17,,,1,16,,291445,4,0,57 43 44 61 62,1,57,,291448,17,,,1,18,,291452,4,0,57 43 44 61 62,1,17,,291454,17,,,1,16,,291456,4,0,57 43 44 61 62,1,54,,291458,17,,,1,15,,291460,4,0,57 43 44 61 62,1,20,,291462,17,,,1,70,,291465,17,,,1,25,,291468,17,,,1,65,,291471,17,,,1,30,,291474,17,0,53 59 60,1,70,,291476,17,,,1,30,,291478,17,,,1,65,,291480,17,,,1,18,,291482,5,0,5 59 60,1,15,,291483,17,,,1,20,,291485,5,0,5 59 60,1,50,,291486,17,,,1,15,,291487,5,0,5 59 60,1,15,,291488,17,,,1,16,,291489,5,0,5 59 60,1,51,,291490,17,,,1,14,,291491,5,0,5 59 60,1,16,,291492,17,,,1,16,,291493,5,0,5 59 60,1,65,,291494,17,,,1,13,,291495,5,0,5 59 60,1,17,,291496,17,,,1,58,,291497,5,0,5 59 60,1,17,,291498,17,,,1,8,,291499,5,0,5 59 60,1,19,,291500,17,,,1,58,,291501,5,0,5 59 60,1,17,,291502,17,,,1,8,,291503,5,0,5 59 60,1,14,,291504,17,0,53 59 60,1,65,,291505,5,0,5 59 60,1,13,,291506,17,,,1,15,,291507,5,0,5 59 60,1,12,,291508,17,,,1,53,,291509,5,0,5 59 60,1,7,,291510,17,0,53 59 60,1,35,,291511,17,,,1,60,,291512,17,0,53 59 60,1,102,,291513,17,,,1,100,,291514,17,,,1,100,,291515,17,,,1
4100,'20261113',634,,291516,17,,,1,25,,291518,17,,,1,58,,291520,4,0,57 43 44 61 62,1,17,,291522,17,,,1,16,,291524,4,0,57 43 44 61 62,1,57,,291527,17,,,1,18,,291531,4,0,57 43 44 61 62,1,17,,291533,17,,,1,16,,291535,4,0,57 43 44 61 62,1,54,,291537,17,,,1,15,,291539,4,0,57 43 44 61 62,1,20,,291541,17,,,1,70,,291544,17,,,1,25,,291547,17,,,1,65,,291550,17,,,1,30,,291553,17,0,53 59 60,1,70,,291555,17,,,1,30,,291557,17,,,1,65,,291559,17,,,1,18,,291561,5,0,5 59 60,1,15,,291562,17,,,1,20,,291564,5,0,5 59 60,1,50,,291565,17,,,1,15,,291566,5,0,5 59 60,1,15,,291567,17,,,1,16,,291568,5,0,5 59 60,1,51,,291569,17,,,1,14,,291570,5,0,5 59 60,1,16,,291571,17,,,1,16,,291572,5,0,5 59 60,1,65,,291573,17,,,1,13,,291574,5,0,5 59 60,1,17,,291575,17,,,1,58,,291576,5,0,5 59 60,1,17,,291577,17,,,1,8,,291578,5,0,5 59 60,1,19,,291579,17,,,1,58,,291580,5,0,5 59 60,1,17,,291581,17,,,1,8,,291582,5,0,5 59 60,1,14,,291583,17,0,53 59 60,1,65,,291584,5,0,5 59 60,1,13,,291585,17,,,1,15,,291586,5,0,5 59 60,1,12,,291587,17,,,1,53,,291588,5,0,5 59 60,1,7,,291589,17,0,53 59 60,1,35,,291590,17,,,1,60,,291591,17,0,53 59 60,1,102,,291592,17,,,1,100,,291593,17,,,1,100,,291594,17,,,1
4100,'20261116',634,,291595,17,,,1,25,,291597,17,,,1,58,,291599,4,0,57 43 44 61 62,1,17,,291601,17,,,1,16,,291603,4,0,57 43 44 61 62,1,57,,291606,17,,,1,18,,291610,4,0,57 43 44 61 62,1,17,,291612,17,,,1,16,,291614,4,0,57 43 44 61 62,1,54,,291616,17,,,1,15,,291618,4,0,57 43 44 61 62,1,20,,291620,17,,,1,70,,291623,17,,,1,25,,291626,17,,,1,65,,291629,17,,,1,30,,291632,17,0,53 59 60,1,70,,291634,17,,,1,30,,291636,17,,,1,65,,291638,17,,,1,18,,291640,5,0,5 59 60,1,15,,291641,17,,,1,20,,291643,5,0,5 59 60,1,50,,291644,17,,,1,15,,291645,5,0,5 59 60,1,15,,291646,17,,,1,16,,291647,5,0,5 59 60,1,51,,291648,17,,,1,14,,291649,5,0,5 59 60,1,16,,291650,17,,,1,16,,291651,5,0,5 59 60,1,65,,291652,17,,,1,13,,291653,5,0,5 59 60,1,17,,291654,17,,,1,58,,291655,5,0,5 59 60,1,17,,291656,17,,,1,8,,291657,5,0,5 59 60,1,19,,291658,17,,,1,58,,291659,5,0,5 59 60,1,17,,291660,17,,,1,8,,291661,5,0,5 59 60,1,14,,291662,17,0,53 59 60,1,65,,291663,5,0,5 59 60,1,13,,291664,17,,,1,15,,291665,5,0,5 59 60,1,12,,291666,17,,,1,53,,291667,5,0,5 59 60,1,7,,291668,17,0,53 59 60,1,35,,291669,17,,,1,60,,291670,17,0,53 59 60,1,102,,291671,17,,,1,100,,291672,17,,,1,100,,291673,17,,,1
4100,'20261117',634,,291674,17,,,1,25,,291676,17,,,1,58,,291678,4,0,57 43 44 61 62,1,17,,291680,17,,,1,16,,291682,4,0,57 43 44 61 62,1,57,,291685,17,,,1,18,,291689,4,0,57 43 44 61 62,1,17,,291691,17,,,1,16,,291693,4,0,57 43 44 61 62,1,54,,291695,17,,,1,15,,291697,4,0,57 43 44 61 62,1,20,,291699,17,,,1,70,,291702,17,,,1,25,,291705,17,,,1,65,,291708,17,,,1,30,,291711,17,0,53 59 60,1,70,,291713,17,,,1,30,,291715,17,,,1,65,,291717,17,,,1,18,,291719,5,0,5 59 60,1,15,,291720,17,,,1,20,,291722,5,0,5 59 60,1,50,,291723,17,,,1,15,,291724,5,0,5 59 60,1,15,,291725,17,,,1,16,,291726,5,0,5 59 60,1,51,,291727,17,,,1,14,,291728,5,0,5 59 60,1,16,,291729,17,,,1,16,,291730,5,0,5 59 60,1,65,,291731,17,,,1,13,,291732,5,0,5 59 60,1,17,,291733,17,,,1,58,,291734,5,0,5 59 60,1,17,,291735,17,,,1,8,,291736,5,0,5 59 60,1,19,,291737,17,,,1,58,,291738,5,0,5 59 60,1,17,,291739,17,,,1,8,,291740,5,0,5 59 60,1,14,,291741,17,0,53 59 60,1,65,,291742,5,0,5 59 60,1,13,,291743,17,,,1,15,,291744,5,0,5 59 60,1,12,,291745,17,,,1,53,,291746,5,0,5 59 60,1,7,,291747,17,0,53 59 60,1,35,,291748,17,,,1,60,,291749,17,0,53 59 60,1,102,,291750,17,,,1,100,,291751,17,,,1,100,,291752,17,,,1
4100,'20261118',634,,291753,17,,,1,25,,291755,17,,,1,58,,291757,4,0,57 43 44 61 62,1,17,,291759,17,,,1,16,,291761,4,0,57 43 44 61 62,1,57,,291764,17,,,1,18,,291768,4,0,57 43 44 61 62,1,17,,291770,17,,,1,16,,291772,4,0,57 43 44 61 62,1,54,,291774,17,,,1,15,,291776,4,0,57 43 44 61 62,1,20,,291778,17,,,1,70,,291781,17,,,1,25,,291784,17,,,1,65,,291787,17,,,1,30,,291790,17,0,53 59 60,1,70,,291792,17,,,1,30,,291794,17,,,1,65,,291796,17,,,1,18,,291798,5,0,5 59 60,1,15,,291799,17,,,1,20,,291801,5,0,5 59 60,1,50,,291802,17,,,1,15,,291803,5,0,5 59 60,1,15,,291804,17,,,1,16,,291805,5,0,5 59 60,1,51,,291806,17,,,1,14,,291807,5,0,5 59 60,1,16,,291808,17,,,1,16,,291809,5,0,5 59 60,1,65,,291810,17,,,1,13,,291811,5,0,5 59 60,1,17,,291812,17,,,1,58,,291813,5,0,5 59 60,1,17,,291814,17,,,1,8,,291815,5,0,5 59 60,1,19,,291816,17,,,1,58,,291817,5,0,5 59 60,1,17,,291818,17,,,1,8,,291819,5,0,5 59 60,1,14,,291820,17,0,53 59 60,1,65,,291821,5,0,5 59 60,1,13,,291822,17,,,1,15,,291823,5,0,5 59 60,1,12,,291824,17,,,1,53,,291825,5,0,5 59 60,1,7,,291826,17,0,53 59 60,1,35,,291827,17,,,1,60,,291828,17,0,53 59 60,1,102,,291829,17,,,1,100,,291830,17,,,1,100,,291831,17,,,1
4100,'20261119',634,,291832,17,,,1,25,,291834,17,,,1,58,,291836,4,0,57 43 44 61 62,1,17,,291838,17,,,1,16,,291840,4,0,57 43 44 61 62,1,57,,291843,17,,,1,18,,291847,4,0,57 43 44 61 62,1,17,,291849,17,,,1,16,,291851,4,0,57 43 44 61 62,1,54,,291853,17,,,1,15,,291855,4,0,57 43 44 61 62,1,20,,291857,17,,,1,70,,291860,17,,,1,25,,291863,17,,,1,65,,291866,17,,,1,30,,291869,17,0,53 59 60,1,70,,291871,17,,,1,30,,291873,17,,,1,65,,291875,17,,,1,18,,291877,5,0,5 59 60,1,15,,291878,17,,,1,20,,291880,5,0,5 59 60,1,50,,291881,17,,,1,15,,291882,5,0,5 59 60,1,15,,291883,17,,,1,16,,291884,5,0,5 59 60,1,51,,291885,17,,,1,14,,291886,5,0,5 59 60,1,16,,291887,17,,,1,16,,291888,5,0,5 59 60,1,65,,291889,17,,,1,13,,291890,5,0,5 59 60,1,17,,291891,17,,,1,58,,291892,5,0,5 59 60,1,17,,291893,17,,,1,8,,291894,5,0,5 59 60,1,19,,291895,17,,,1,58,,291896,5,0,5 59 60,1,17,,291897,17,,,1,8,,291898,5,0,5 59 60,1,14,,291899,17,0,53 59 60,1,65,,291900,5,0,5 59 60,1,13,,291901,17,,,1,15,,291902,5,0,5 59 60,1,12,,291903,17,,,1,53,,291904,5,0,5 59 60,1,7,,291905,17,0,53 59 60,1,35,,291906,17,,,1,60,,291907,17,0,53 59 60,1,102,,291908,17,,,1,100,,291909,17,,,1,100,,291910,17,,,1
4100,'20261120',634,,291911,17,,,1,25,,291913,17,,,1,58,,291915,4,0,57 43 44 61 62,1,17,,291917,17,,,1,16,,291919,4,0,57 43 44 61 62,1,57,,291922,17,,,1,18,,291926,4,0,57 43 44 61 62,1,17,,291928,17,,,1,16,,291930,4,0,57 43 44 61 62,1,54,,291932,17,,,1,15,,291934,4,0,57 43 44 61 62,1,20,,291936,17,,,1,70,,291939,17,,,1,25,,291942,17,,,1,65,,291945,17,,,1,30,,291948,17,0,53 59 60,1,70,,291950,17,,,1,30,,291952,17,,,1,65,,291954,17,,,1,18,,291956,5,0,5 59 60,1,15,,291957,17,,,1,20,,291959,5,0,5 59 60,1,50,,291960,17,,,1,15,,291961,5,0,5 59 60,1,15,,291962,17,,,1,16,,291963,5,0,5 59 60,1,51,,291964,17,,,1,14,,291965,5,0,5 59 60,1,16,,291966,17,,,1,16,,291967,5,0,5 59 60,1,65,,291968,17,,,1,13,,291969,5,0,5 59 60,1,17,,291970,17,,,1,58,,291971,5,0,5 59 60,1,17,,291972,17,,,1,8,,291973,5,0,5 59 60,1,19,,291974,17,,,1,58,,291975,5,0,5 59 60,1,17,,291976,17,,,1,8,,291977,5,0,5 59 60,1,14,,291978,17,0,53 59 60,1,65,,291979,5,0,5 59 60,1,13,,291980,17,,,1,15,,291981,5,0,5 59 60,1,12,,291982,17,,,1,53,,291983,5,0,5 59 60,1,7,,291984,17,0,53 59 60,1,35,,291985,17,,,1,60,,291986,17,0,53 59 60,1,102,,291987,17,,,1,100,,291988,17,,,1,100,,291989,17,,,1
4100,'20261123',634,,291990,17,,,1,25,,291992,17,,,1,58,,291994,4,0,57 43 44 61 62,1,17,,291996,17,,,1,16,,291998,4,0,57 43 44 61 62,1,57,,292001,17,,,1,18,,292005,4,0,57 43 44 61 62,1,17,,292007,17,,,1,16,,292009,4,0,57 43 44 61 62,1,54,,292011,17,,,1,15,,292013,4,0,57 43 44 61 62,1,20,,292015,17,,,1,70,,292018,17,,,1,25,,292021,17,,,1,65,,292024,17,,,1,30,,292027,17,0,53 59 60,1,70,,292029,17,,,1,30,,292031,17,,,1,65,,292033,17,,,1,18,,292035,5,0,5 59 60,1,15,,292036,17,,,1,20,,292038,5,0,5 59 60,1,50,,292039,17,,,1,15,,292040,5,0,5 59 60,1,15,,292041,17,,,1,16,,292042,5,0,5 59 60,1,51,,292043,17,,,1,14,,292044,5,0,5 59 60,1,16,,292045,17,,,1,16,,292046,5,0,5 59 60,1,65,,292047,17,,,1,13,,292048,5,0,5 59 60,1,17,,292049,17,,,1,58,,292050,5,0,5 59 60,1,17,,292051,17,,,1,8,,292052,5,0,5 59 60,1,19,,292053,17,,,1,58,,292054,5,0,5 59 60,1,17,,292055,17,,,1,8,,292056,5,0,5 59 60,1,14,,292057,17,0,53 59 60,1,65,,292058,5,0,5 59 60,1,13,,292059,17,,,1,15,,292060,5,0,5 59 60,1,12,,292061,17,,,1,53,,292062,5,0,5 59 60,1,7,,292063,17,0,53 59 60,1,35,,292064,17,,,1,60,,292065,17,0,53 59 60,1,102,,292066,17,,,1,100,,292067,17,,,1,100,,292068,17,,,1
4100,'20261124',634,,292069,17,,,1,25,,292071,17,,,1,58,,292073,4,0,57 43 44 61 62,1,17,,292075,17,,,1,16,,292077,4,0,57 43 44 61 62,1,57,,292080,17,,,1,18,,292084,4,0,57 43 44 61 62,1,17,,292086,17,,,1,16,,292088,4,0,57 43 44 61 62,1,54,,292090,17,,,1,15,,292092,4,0,57 43 44 61 62,1,20,,292094,17,,,1,70,,292097,17,,,1,25,,292100,17,,,1,65,,292103,17,,,1,30,,292106,17,0,53 59 60,1,70,,292108,17,,,1,30,,292110,17,,,1,65,,292112,17,,,1,18,,292114,5,0,5 59 60,1,15,,292115,17,,,1,20,,292117,5,0,5 59 60,1,50,,292118,17,,,1,15,,292119,5,0,5 59 60,1,15,,292120,17,,,1,16,,292121,5,0,5 59 60,1,51,,292122,17,,,1,14,,292123,5,0,5 59 60,1,16,,292124,17,,,1,16,,292125,5,0,5 59 60,1,65,,292126,17,,,1,13,,292127,5,0,5 59 60,1,17,,292128,17,,,1,58,,292129,5,0,5 59 60,1,17,,292130,17,,,1,8,,292131,5,0,5 59 60,1,19,,292132,17,,,1,58,,292133,5,0,5 59 60,1,17,,292134,17,,,1,8,,292135,5,0,5 59 60,1,14,,292136,17,0,53 59 60,1,65,,292137,5,0,5 59 60,1,13,,292138,17,,,1,15,,292139,5,0,5 59 60,1,12,,292140,17,,,1,53,,292141,5,0,5 59 60,1,7,,292142,17,0,53 59 60,1,35,,292143,17,,,1,60,,292144,17,0,53 59 60,1,102,,292145,17,,,1,100,,292146,17,,,1,100,,292147,17,,,1
4100,'20261125',634,,292148,17,,,1,25,,292150,17,,,1,58,,292152,4,0,57 43 44 61 62,1,17,,292154,17,,,1,16,,292156,4,0,57 43 44 61 62,1,57,,292159,17,,,1,18,,292163,4,0,57 43 44 61 62,1,17,,292165,17,,,1,16,,292167,4,0,57 43 44 61 62,1,54,,292169,17,,,1,15,,292171,4,0,57 43 44 61 62,1,20,,292173,17,,,1,70,,292176,17,,,1,25,,292179,17,,,1,65,,292182,17,,,1,30,,292185,17,0,53 59 60,1,70,,292187,17,,,1,30,,292189,17,,,1,65,,292191,17,,,1,18,,292193,5,0,5 59 60,1,15,,292194,17,,,1,20,,292196,5,0,5 59 60,1,50,,292197,17,,,1,15,,292198,5,0,5 59 60,1,15,,292199,17,,,1,16,,292200,5,0,5 59 60,1,51,,292201,17,,,1,14,,292202,5,0,5 59 60,1,16,,292203,17,,,1,16,,292204,5,0,5 59 60,1,65,,292205,17,,,1,13,,292206,5,0,5 59 60,1,17,,292207,17,,,1,58,,292208,5,0,5 59 60,1,17,,292209,17,,,1,8,,292210,5,0,5 59 60,1,19,,292211,17,,,1,58,,292212,5,0,5 59 60,1,17,,292213,17,,,1,8,,292214,5,0,5 59 60,1,14,,292215,17,0,53 59 60,1,65,,292216,5,0,5 59 60,1,13,,292217,17,,,1,15,,292218,5,0,5 59 60,1,12,,292219,17,,,1,53,,292220,5,0,5 59 60,1,7,,292221,17,0,53 59 60,1,35,,292222,17,,,1,60,,292223,17,0,53 59 60,1,102,,292224,17,,,1,100,,292225,17,,,1,100,,292226,17,,,1
4100,'20261126',634,,292227,17,,,1,25,,292229,17,,,1,58,,292231,4,0,57 43 44 61 62,1,17,,292233,17,,,1,16,,292235,4,0,57 43 44 61 62,1,57,,292238,17,,,1,18,,292242,4,0,57 43 44 61 62,1,17,,292244,17,,,1,16,,292246,4,0,57 43 44 61 62,1,54,,292248,17,,,1,15,,292250,4,0,57 43 44 61 62,1,20,,292252,17,,,1,70,,292255,17,,,1,25,,292258,17,,,1,65,,292261,17,,,1,30,,292264,17,0,53 59 60,1,70,,292266,17,,,1,30,,292268,17,,,1,65,,292270,17,,,1,18,,292272,5,0,5 59 60,1,15,,292273,17,,,1,20,,292275,5,0,5 59 60,1,50,,292276,17,,,1,15,,292277,5,0,5 59 60,1,15,,292278,17,,,1,16,,292279,5,0,5 59 60,1,51,,292280,17,,,1,14,,292281,5,0,5 59 60,1,16,,292282,17,,,1,16,,292283,5,0,5 59 60,1,65,,292284,17,,,1,13,,292285,5,0,5 59 60,1,17,,292286,17,,,1,58,,292287,5,0,5 59 60,1,17,,292288,17,,,1,8,,292289,5,0,5 59 60,1,19,,292290,17,,,1,58,,292291,5,0,5 59 60,1,17,,292292,17,,,1,8,,292293,5,0,5 59 60,1,14,,292294,17,0,53 59 60,1,65,,292295,5,0,5 59 60,1,13,,292296,17,,,1,15,,292297,5,0,5 59 60,1,12,,292298,17,,,1,53,,292299,5,0,5 59 60,1,7,,292300,17,0,53 59 60,1,35,,292301,17,,,1,60,,292302,17,0,53 59 60,1,102,,292303,17,,,1,100,,292304,17,,,1,100,,292305,17,,,1
4100,'20261127',634,,292306,17,,,1,25,,292308,17,,,1,58,,292310,4,0,57 43 44 61 62,1,17,,292312,17,,,1,16,,292314,4,0,57 43 44 61 62,1,57,,292317,17,,,1,18,,292321,4,0,57 43 44 61 62,1,17,,292323,17,,,1,16,,292325,4,0,57 43 44 61 62,1,54,,292327,17,,,1,15,,292329,4,0,57 43 44 61 62,1,20,,292331,17,,,1,70,,292334,17,,,1,25,,292337,17,,,1,65,,292340,17,,,1,30,,292343,17,0,53 59 60,1,70,,292345,17,,,1,30,,292347,17,,,1,65,,292349,17,,,1,18,,292351,5,0,5 59 60,1,15,,292352,17,,,1,20,,292354,5,0,5 59 60,1,50,,292355,17,,,1,15,,292356,5,0,5 59 60,1,15,,292357,17,,,1,16,,292358,5,0,5 59 60,1,51,,292359,17,,,1,14,,292360,5,0,5 59 60,1,16,,292361,17,,,1,16,,292362,5,0,5 59 60,1,65,,292363,17,,,1,13,,292364,5,0,5 59 60,1,17,,292365,17,,,1,58,,292366,5,0,5 59 60,1,17,,292367,17,,,1,8,,292368,5,0,5 59 60,1,19,,292369,17,,,1,58,,292370,5,0,5 59 60,1,17,,292371,17,,,1,8,,292372,5,0,5 59 60,1,14,,292373,17,0,53 59 60,1,65,,292374,5,0,5 59 60,1,13,,292375,17,,,1,15,,292376,5,0,5 59 60,1,12,,292377,17,,,1,53,,292378,5,0,5 59 60,1,7,,292379,17,0,53 59 60,1,35,,292380,17,,,1,60,,292381,17,0,53 59 60,1,102,,292382,17,,,1,100,,292383,17,,,1,100,,292384,17,,,1
4101,'20260831',553,,191565,12,,,1,72,,191566,5,0,53 38 9,1,25,,191567,12,,,1,72,,191568,12,,,1,85,,191569,12,,,1,30,,191570,12,,,1,70,,191571,12,,,1,30,,191572,12,,,1,65,,191573,12,,,1,35,,191574,12,,,1,77,,191575,12,,,1,35,,191576,12,,,1,70,,191578,12,,,1,30,,191580,12,,,1,70,,191582,5,0,53 38 9,1,20,,191584,12,,,1,20,,191585,12,,,1,65,,191587,5,0,53 38 9,1,33,,191589,12,,,1,82,,191592,5,0,53 38 9,1,70,,191595,12,,,1,30,,191598,12,,,1,20,,191600,8,0,57 40 41,1,55,,191602,12,,,1,18,,191604,8,0,57 40 41,1,18,,191606,12,,,1,50,,191607,8,0,57 40 41,1,17,,191609,12,,,1,28,,191611,12,,,1,80,,191613,12,,,1,80,,191615,12,,,1,17,,191616,12,,,1,30,,191617,12,,,1,70,,191618,12,,,1,98,,191619,12,,,1,89,,191620,12,,,1
4101,'20260901',553,,191621,12,,,1,72,,191622,5,0,53 38 9,1,25,,191623,12,,,1,72,,191624,12,,,1,85,,191625,12,,,1,30,,191626,12,,,1,70,,191627,12,,,1,30,,191628,12,,,1,65,,191629,12,,,1,35,,191630,12,,,1,77,,191631,12,,,1,35,,191632,12,,,1,70,,191634,12,,,1,30,,191636,12,,,1,70,,191638,5,0,53 38 9,1,20,,191640,12,,,1,20,,191641,12,,,1,65,,191643,5,0,53 38 9,1,33,,191645,12,,,1,82,,191648,5,0,53 38 9,1,70,,191651,12,,,1,30,,191654,12,,,1,20,,191656,8,0,57 40 41,1,55,,191658,12,,,1,18,,191660,8,0,57 40 41,1,18,,191662,12,,,1,50,,191663,8,0,57 40 41,1,17,,191665,12,,,1,28,,191667,12,,,1,80,,191669,12,,,1,80,,191671,12,,,1,17,,191672,12,,,1,30,,191673,12,,,1,70,,191674,12,,,1,98,,191675,12,,,1,89,,191676,12,,,1
4101,'20260902',553,,191677,12,,,1,72,,191678,5,0,53 38 9,1,25,,191679,12,,,1,72,,191680,12,,,1,85,,191681,12,,,1,30,,191682,12,,,1,70,,191683,12,,,1,30,,191684,12,,,1,65,,191685,12,,,1,35,,191686,12,,,1,77,,191687,12,,,1,35,,191688,12,,,1,70,,191690,12,,,1,30,,191692,12,,,1,70,,191694,5,0,53 38 9,1,20,,191696,12,,,1,20,,191697,12,,,1,65,,191699,5,0,53 38 9,1,33,,191701,12,,,1,82,,191704,5,0,53 38 9,1,70,,191707,12,,,1,30,,191710,12,,,1,20,,191712,8,0,57 40 41,1,55,,191714,12,,,1,18,,191716,8,0,57 40 41,1,18,,191718,12,,,1,50,,191719,8,0,57 40 41,1,17,,191721,12,,,1,28,,191723,12,,,1,80,,191725,12,,,1,80,,191727,12,,,1,17,,191728,12,,,1,30,,191729,12,,,1,70,,191730,12,,,1,98,,191731,12,,,1,89,,191732,12,,,1
4101,'20260903',553,,191733,12,,,1,72,,191734,5,0,53 38 9,1,25,,191735,12,,,1,72,,191736,12,,,1,85,,191737,12,,,1,30,,191738,12,,,1,70,,191739,12,,,1,30,,191740,12,,,1,65,,191741,12,,,1,35,,191742,12,,,1,77,,191743,12,,,1,35,,191744,12,,,1,70,,191746,12,,,1,30,,191748,12,,,1,70,,191750,5,0,53 38 9,1,20,,191752,12,,,1,20,,191753,12,,,1,65,,191755,5,0,53 38 9,1,33,,191757,12,,,1,82,,191760,5,0,53 38 9,1,70,,191763,12,,,1,30,,191766,12,,,1,20,,191768,8,0,57 40 41,1,55,,191770,12,,,1,18,,191772,8,0,57 40 41,1,18,,191774,12,,,1,50,,191775,8,0,57 40 41,1,17,,191777,12,,,1,28,,191779,12,,,1,80,,191781,12,,,1,80,,191783,12,,,1,17,,191784,12,,,1,30,,191785,12,,,1,70,,191786,12,,,1,98,,191787,12,,,1,89,,191788,12,,,1
4101,'20260904',553,,191789,12,,,1,72,,191790,5,0,53 38 9,1,25,,191791,12,,,1,72,,191792,12,,,1,85,,191793,12,,,1,30,,191794,12,,,1,70,,191795,12,,,1,30,,191796,12,,,1,65,,191797,12,,,1,35,,191798,12,,,1,77,,191799,12,,,1,35,,191800,12,,,1,70,,191802,12,,,1,30,,191804,12,,,1,70,,191806,5,0,53 38 9,1,20,,191808,12,,,1,20,,191809,12,,,1,65,,191811,5,0,53 38 9,1,33,,191813,12,,,1,82,,191816,5,0,53 38 9,1,70,,191819,12,,,1,30,,191822,12,,,1,20,,191824,8,0,57 40 41,1,55,,191826,12,,,1,18,,191828,8,0,57 40 41,1,18,,191830,12,,,1,50,,191831,8,0,57 40 41,1,17,,191833,12,,,1,28,,191835,12,,,1,80,,191837,12,,,1,80,,191839,12,,,1,17,,191840,12,,,1,30,,191841,12,,,1,70,,191842,12,,,1,98,,191843,12,,,1,89,,191844,12,,,1
4101,'20260908',553,,292385,12,,,1,67,,292386,5,0,53 38 9,1,30,,292387,12,,,1,72,,292388,12,,,1,24,,292389,5,0,5 55 43,1,61,,292390,12,,,1,30,,292391,12,,,1,70,,292392,12,,,1,30,,292393,12,,,1,65,,292394,12,,,1,35,,292395,12,,,1,77,,292396,12,,,1,35,,292397,12,,,1,70,,292399,12,,,1,30,,292401,12,,,1,70,,292403,5,0,53 38 9,1,20,,292405,12,,,1,20,,292407,12,,,1,75,,292409,5,0,53 38 9,1,18,,292411,12,,,1,82,,292414,5,0,53 38 9,1,75,,292417,12,,,1,30,,292420,12,,,1,20,,292422,8,0,57 40 41,1,60,,292425,12,,,1,18,,292427,8,0,57 40 41,1,13,,292429,12,,,1,55,,292430,8,0,57 40 41,1,12,,292432,12,,,1,33,,292435,12,,,1,80,,292438,12,,,1,85,,292440,12,,,1,17,,292442,12,,,1,25,,292444,12,,,1,65,,292446,12,,,1,98,,292448,12,,,1,89,,292449,12,,,1
4101,'20260909',553,,292450,12,,,1,67,,292451,5,0,53 38 9,1,30,,292452,12,,,1,72,,292453,12,,,1,24,,292454,5,0,5 55 43,1,61,,292455,12,,,1,30,,292456,12,,,1,70,,292457,12,,,1,30,,292458,12,,,1,65,,292459,12,,,1,35,,292460,12,,,1,77,,292461,12,,,1,35,,292462,12,,,1,70,,292464,12,,,1,30,,292466,12,,,1,70,,292468,5,0,53 38 9,1,20,,292470,12,,,1,20,,292472,12,,,1,75,,292474,5,0,53 38 9,1,18,,292476,12,,,1,82,,292479,5,0,53 38 9,1,75,,292482,12,,,1,30,,292485,12,,,1,20,,292487,8,0,57 40 41,1,60,,292490,12,,,1,18,,292492,8,0,57 40 41,1,13,,292494,12,,,1,55,,292495,8,0,57 40 41,1,12,,292497,12,,,1,33,,292500,12,,,1,80,,292503,12,,,1,85,,292505,12,,,1,17,,292507,12,,,1,25,,292509,12,,,1,65,,292511,12,,,1,98,,292513,12,,,1,89,,292514,12,,,1
4101,'20260910',553,,292515,12,,,1,67,,292516,5,0,53 38 9,1,30,,292517,12,,,1,72,,292518,12,,,1,24,,292519,5,0,5 55 43,1,61,,292520,12,,,1,30,,292521,12,,,1,70,,292522,12,,,1,30,,292523,12,,,1,65,,292524,12,,,1,35,,292525,12,,,1,77,,292526,12,,,1,35,,292527,12,,,1,70,,292529,12,,,1,30,,292531,12,,,1,70,,292533,5,0,53 38 9,1,20,,292535,12,,,1,20,,292537,12,,,1,75,,292539,5,0,53 38 9,1,18,,292541,12,,,1,82,,292544,5,0,53 38 9,1,75,,292547,12,,,1,30,,292550,12,,,1,20,,292552,8,0,57 40 41,1,60,,292555,12,,,1,18,,292557,8,0,57 40 41,1,13,,292559,12,,,1,55,,292560,8,0,57 40 41,1,12,,292562,12,,,1,33,,292565,12,,,1,80,,292568,12,,,1,85,,292570,12,,,1,17,,292572,12,,,1,25,,292574,12,,,1,65,,292576,12,,,1,98,,292578,12,,,1,89,,292579,12,,,1
4101,'20260911',553,,292580,12,,,1,67,,292581,5,0,53 38 9,1,30,,292582,12,,,1,72,,292583,12,,,1,24,,292584,5,0,5 55 43,1,61,,292585,12,,,1,30,,292586,12,,,1,70,,292587,12,,,1,30,,292588,12,,,1,65,,292589,12,,,1,35,,292590,12,,,1,77,,292591,12,,,1,35,,292592,12,,,1,70,,292594,12,,,1,30,,292596,12,,,1,70,,292598,5,0,53 38 9,1,20,,292600,12,,,1,20,,292602,12,,,1,75,,292604,5,0,53 38 9,1,18,,292606,12,,,1,82,,292609,5,0,53 38 9,1,75,,292612,12,,,1,30,,292615,12,,,1,20,,292617,8,0,57 40 41,1,60,,292620,12,,,1,18,,292622,8,0,57 40 41,1,13,,292624,12,,,1,55,,292625,8,0,57 40 41,1,12,,292627,12,,,1,33,,292630,12,,,1,80,,292633,12,,,1,85,,292635,12,,,1,17,,292637,12,,,1,25,,292639,12,,,1,65,,292641,12,,,1,98,,292643,12,,,1,89,,292644,12,,,1
4101,'20260914',553,,292645,12,,,1,67,,292646,5,0,53 38 9,1,30,,292647,12,,,1,72,,292648,12,,,1,24,,292649,5,0,5 55 43,1,61,,292650,12,,,1,30,,292651,12,,,1,70,,292652,12,,,1,30,,292653,12,,,1,65,,292654,12,,,1,35,,292655,12,,,1,77,,292656,12,,,1,35,,292657,12,,,1,70,,292659,12,,,1,30,,292661,12,,,1,70,,292663,5,0,53 38 9,1,20,,292665,12,,,1,20,,292667,12,,,1,75,,292669,5,0,53 38 9,1,18,,292671,12,,,1,82,,292674,5,0,53 38 9,1,75,,292677,12,,,1,30,,292680,12,,,1,20,,292682,8,0,57 40 41,1,60,,292685,12,,,1,18,,292687,8,0,57 40 41,1,13,,292689,12,,,1,55,,292690,8,0,57 40 41,1,12,,292692,12,,,1,33,,292695,12,,,1,80,,292698,12,,,1,85,,292700,12,,,1,17,,292702,12,,,1,25,,292704,12,,,1,65,,292706,12,,,1,98,,292708,12,,,1,89,,292709,12,,,1
4101,'20260915',553,,292710,12,,,1,67,,292711,5,0,53 38 9,1,30,,292712,12,,,1,72,,292713,12,,,1,24,,292714,5,0,5 55 43,1,61,,292715,12,,,1,30,,292716,12,,,1,70,,292717,12,,,1,30,,292718,12,,,1,65,,292719,12,,,1,35,,292720,12,,,1,77,,292721,12,,,1,35,,292722,12,,,1,70,,292724,12,,,1,30,,292726,12,,,1,70,,292728,5,0,53 38 9,1,20,,292730,12,,,1,20,,292732,12,,,1,75,,292734,5,0,53 38 9,1,18,,292736,12,,,1,82,,292739,5,0,53 38 9,1,75,,292742,12,,,1,30,,292745,12,,,1,20,,292747,8,0,57 40 41,1,60,,292750,12,,,1,18,,292752,8,0,57 40 41,1,13,,292754,12,,,1,55,,292755,8,0,57 40 41,1,12,,292757,12,,,1,33,,292760,12,,,1,80,,292763,12,,,1,85,,292765,12,,,1,17,,292767,12,,,1,25,,292769,12,,,1,65,,292771,12,,,1,98,,292773,12,,,1,89,,292774,12,,,1
4101,'20260916',553,,292775,12,,,1,67,,292776,5,0,53 38 9,1,30,,292777,12,,,1,72,,292778,12,,,1,24,,292779,5,0,5 55 43,1,61,,292780,12,,,1,30,,292781,12,,,1,70,,292782,12,,,1,30,,292783,12,,,1,65,,292784,12,,,1,35,,292785,12,,,1,77,,292786,12,,,1,35,,292787,12,,,1,70,,292789,12,,,1,30,,292791,12,,,1,70,,292793,5,0,53 38 9,1,20,,292795,12,,,1,20,,292797,12,,,1,75,,292799,5,0,53 38 9,1,18,,292801,12,,,1,82,,292804,5,0,53 38 9,1,75,,292807,12,,,1,30,,292810,12,,,1,20,,292812,8,0,57 40 41,1,60,,292815,12,,,1,18,,292817,8,0,57 40 41,1,13,,292819,12,,,1,55,,292820,8,0,57 40 41,1,12,,292822,12,,,1,33,,292825,12,,,1,80,,292828,12,,,1,85,,292830,12,,,1,17,,292832,12,,,1,25,,292834,12,,,1,65,,292836,12,,,1,98,,292838,12,,,1,89,,292839,12,,,1
4101,'20260917',553,,292840,12,,,1,67,,292841,5,0,53 38 9,1,30,,292842,12,,,1,72,,292843,12,,,1,24,,292844,5,0,5 55 43,1,61,,292845,12,,,1,30,,292846,12,,,1,70,,292847,12,,,1,30,,292848,12,,,1,65,,292849,12,,,1,35,,292850,12,,,1,77,,292851,12,,,1,35,,292852,12,,,1,70,,292854,12,,,1,30,,292856,12,,,1,70,,292858,5,0,53 38 9,1,20,,292860,12,,,1,20,,292862,12,,,1,75,,292864,5,0,53 38 9,1,18,,292866,12,,,1,82,,292869,5,0,53 38 9,1,75,,292872,12,,,1,30,,292875,12,,,1,20,,292877,8,0,57 40 41,1,60,,292880,12,,,1,18,,292882,8,0,57 40 41,1,13,,292884,12,,,1,55,,292885,8,0,57 40 41,1,12,,292887,12,,,1,33,,292890,12,,,1,80,,292893,12,,,1,85,,292895,12,,,1,17,,292897,12,,,1,25,,292899,12,,,1,65,,292901,12,,,1,98,,292903,12,,,1,89,,292904,12,,,1
4101,'20260918',553,,292905,12,,,1,67,,292906,5,0,53 38 9,1,30,,292907,12,,,1,72,,292908,12,,,1,24,,292909,5,0,5 55 43,1,61,,292910,12,,,1,30,,292911,12,,,1,70,,292912,12,,,1,30,,292913,12,,,1,65,,292914,12,,,1,35,,292915,12,,,1,77,,292916,12,,,1,35,,292917,12,,,1,70,,292919,12,,,1,30,,292921,12,,,1,70,,292923,5,0,53 38 9,1,20,,292925,12,,,1,20,,292927,12,,,1,75,,292929,5,0,53 38 9,1,18,,292931,12,,,1,82,,292934,5,0,53 38 9,1,75,,292937,12,,,1,30,,292940,12,,,1,20,,292942,8,0,57 40 41,1,60,,292945,12,,,1,18,,292947,8,0,57 40 41,1,13,,292949,12,,,1,55,,292950,8,0,57 40 41,1,12,,292952,12,,,1,33,,292955,12,,,1,80,,292958,12,,,1,85,,292960,12,,,1,17,,292962,12,,,1,25,,292964,12,,,1,65,,292966,12,,,1,98,,292968,12,,,1,89,,292969,12,,,1
4101,'20260921',553,,292970,12,,,1,67,,292971,5,0,53 38 9,1,30,,292972,12,,,1,72,,292973,12,,,1,24,,292974,5,0,5 55 43,1,61,,292975,12,,,1,30,,292976,12,,,1,70,,292977,12,,,1,30,,292978,12,,,1,65,,292979,12,,,1,35,,292980,12,,,1,77,,292981,12,,,1,35,,292982,12,,,1,70,,292984,12,,,1,30,,292986,12,,,1,70,,292988,5,0,53 38 9,1,20,,292990,12,,,1,20,,292992,12,,,1,75,,292994,5,0,53 38 9,1,18,,292996,12,,,1,82,,292999,5,0,53 38 9,1,75,,293002,12,,,1,30,,293005,12,,,1,20,,293007,8,0,57 40 41,1,60,,293010,12,,,1,18,,293012,8,0,57 40 41,1,13,,293014,12,,,1,55,,293015,8,0,57 40 41,1,12,,293017,12,,,1,33,,293020,12,,,1,80,,293023,12,,,1,85,,293025,12,,,1,17,,293027,12,,,1,25,,293029,12,,,1,65,,293031,12,,,1,98,,293033,12,,,1,89,,293034,12,,,1
4101,'20260922',553,,293035,12,,,1,67,,293036,5,0,53 38 9,1,30,,293037,12,,,1,72,,293038,12,,,1,24,,293039,5,0,5 55 43,1,61,,293040,12,,,1,30,,293041,12,,,1,70,,293042,12,,,1,30,,293043,12,,,1,65,,293044,12,,,1,35,,293045,12,,,1,77,,293046,12,,,1,35,,293047,12,,,1,70,,293049,12,,,1,30,,293051,12,,,1,70,,293053,5,0,53 38 9,1,20,,293055,12,,,1,20,,293057,12,,,1,75,,293059,5,0,53 38 9,1,18,,293061,12,,,1,82,,293064,5,0,53 38 9,1,75,,293067,12,,,1,30,,293070,12,,,1,20,,293072,8,0,57 40 41,1,60,,293075,12,,,1,18,,293077,8,0,57 40 41,1,13,,293079,12,,,1,55,,293080,8,0,57 40 41,1,12,,293082,12,,,1,33,,293085,12,,,1,80,,293088,12,,,1,85,,293090,12,,,1,17,,293092,12,,,1,25,,293094,12,,,1,65,,293096,12,,,1,98,,293098,12,,,1,89,,293099,12,,,1
4101,'20260923',553,,293100,12,,,1,67,,293101,5,0,53 38 9,1,30,,293102,12,,,1,72,,293103,12,,,1,24,,293104,5,0,5 55 43,1,61,,293105,12,,,1,30,,293106,12,,,1,70,,293107,12,,,1,30,,293108,12,,,1,65,,293109,12,,,1,35,,293110,12,,,1,77,,293111,12,,,1,35,,293112,12,,,1,70,,293114,12,,,1,30,,293116,12,,,1,70,,293118,5,0,53 38 9,1,20,,293120,12,,,1,20,,293122,12,,,1,75,,293124,5,0,53 38 9,1,18,,293126,12,,,1,82,,293129,5,0,53 38 9,1,75,,293132,12,,,1,30,,293135,12,,,1,20,,293137,8,0,57 40 41,1,60,,293140,12,,,1,18,,293142,8,0,57 40 41,1,13,,293144,12,,,1,55,,293145,8,0,57 40 41,1,12,,293147,12,,,1,33,,293150,12,,,1,80,,293153,12,,,1,85,,293155,12,,,1,17,,293157,12,,,1,25,,293159,12,,,1,65,,293161,12,,,1,98,,293163,12,,,1,89,,293164,12,,,1
4101,'20260924',553,,293165,12,,,1,67,,293166,5,0,53 38 9,1,30,,293167,12,,,1,72,,293168,12,,,1,24,,293169,5,0,5 55 43,1,61,,293170,12,,,1,30,,293171,12,,,1,70,,293172,12,,,1,30,,293173,12,,,1,65,,293174,12,,,1,35,,293175,12,,,1,77,,293176,12,,,1,35,,293177,12,,,1,70,,293179,12,,,1,30,,293181,12,,,1,70,,293183,5,0,53 38 9,1,20,,293185,12,,,1,20,,293187,12,,,1,75,,293189,5,0,53 38 9,1,18,,293191,12,,,1,82,,293194,5,0,53 38 9,1,75,,293197,12,,,1,30,,293200,12,,,1,20,,293202,8,0,57 40 41,1,60,,293205,12,,,1,18,,293207,8,0,57 40 41,1,13,,293209,12,,,1,55,,293210,8,0,57 40 41,1,12,,293212,12,,,1,33,,293215,12,,,1,80,,293218,12,,,1,85,,293220,12,,,1,17,,293222,12,,,1,25,,293224,12,,,1,65,,293226,12,,,1,98,,293228,12,,,1,89,,293229,12,,,1
4101,'20260925',553,,293230,12,,,1,67,,293231,5,0,53 38 9,1,30,,293232,12,,,1,72,,293233,12,,,1,24,,293234,5,0,5 55 43,1,61,,293235,12,,,1,30,,293236,12,,,1,70,,293237,12,,,1,30,,293238,12,,,1,65,,293239,12,,,1,35,,293240,12,,,1,77,,293241,12,,,1,35,,293242,12,,,1,70,,293244,12,,,1,30,,293246,12,,,1,70,,293248,5,0,53 38 9,1,20,,293250,12,,,1,20,,293252,12,,,1,75,,293254,5,0,53 38 9,1,18,,293256,12,,,1,82,,293259,5,0,53 38 9,1,75,,293262,12,,,1,30,,293265,12,,,1,20,,293267,8,0,57 40 41,1,60,,293270,12,,,1,18,,293272,8,0,57 40 41,1,13,,293274,12,,,1,55,,293275,8,0,57 40 41,1,12,,293277,12,,,1,33,,293280,12,,,1,80,,293283,12,,,1,85,,293285,12,,,1,17,,293287,12,,,1,25,,293289,12,,,1,65,,293291,12,,,1,98,,293293,12,,,1,89,,293294,12,,,1
4101,'20260928',553,,293295,12,,,1,67,,293296,5,0,53 38 9,1,30,,293297,12,,,1,72,,293298,12,,,1,24,,293299,5,0,5 55 43,1,61,,293300,12,,,1,30,,293301,12,,,1,70,,293302,12,,,1,30,,293303,12,,,1,65,,293304,12,,,1,35,,293305,12,,,1,77,,293306,12,,,1,35,,293307,12,,,1,70,,293309,12,,,1,30,,293311,12,,,1,70,,293313,5,0,53 38 9,1,20,,293315,12,,,1,20,,293317,12,,,1,75,,293319,5,0,53 38 9,1,18,,293321,12,,,1,82,,293324,5,0,53 38 9,1,75,,293327,12,,,1,30,,293330,12,,,1,20,,293332,8,0,57 40 41,1,60,,293335,12,,,1,18,,293337,8,0,57 40 41,1,13,,293339,12,,,1,55,,293340,8,0,57 40 41,1,12,,293342,12,,,1,33,,293345,12,,,1,80,,293348,12,,,1,85,,293350,12,,,1,17,,293352,12,,,1,25,,293354,12,,,1,65,,293356,12,,,1,98,,293358,12,,,1,89,,293359,12,,,1
4101,'20260929',553,,293360,12,,,1,67,,293361,5,0,53 38 9,1,30,,293362,12,,,1,72,,293363,12,,,1,24,,293364,5,0,5 55 43,1,61,,293365,12,,,1,30,,293366,12,,,1,70,,293367,12,,,1,30,,293368,12,,,1,65,,293369,12,,,1,35,,293370,12,,,1,77,,293371,12,,,1,35,,293372,12,,,1,70,,293374,12,,,1,30,,293376,12,,,1,70,,293378,5,0,53 38 9,1,20,,293380,12,,,1,20,,293382,12,,,1,75,,293384,5,0,53 38 9,1,18,,293386,12,,,1,82,,293389,5,0,53 38 9,1,75,,293392,12,,,1,30,,293395,12,,,1,20,,293397,8,0,57 40 41,1,60,,293400,12,,,1,18,,293402,8,0,57 40 41,1,13,,293404,12,,,1,55,,293405,8,0,57 40 41,1,12,,293407,12,,,1,33,,293410,12,,,1,80,,293413,12,,,1,85,,293415,12,,,1,17,,293417,12,,,1,25,,293419,12,,,1,65,,293421,12,,,1,98,,293423,12,,,1,89,,293424,12,,,1
4101,'20260930',553,,293425,12,,,1,67,,293426,5,0,53 38 9,1,30,,293427,12,,,1,72,,293428,12,,,1,24,,293429,5,0,5 55 43,1,61,,293430,12,,,1,30,,293431,12,,,1,70,,293432,12,,,1,30,,293433,12,,,1,65,,293434,12,,,1,35,,293435,12,,,1,77,,293436,12,,,1,35,,293437,12,,,1,70,,293439,12,,,1,30,,293441,12,,,1,70,,293443,5,0,53 38 9,1,20,,293445,12,,,1,20,,293447,12,,,1,75,,293449,5,0,53 38 9,1,18,,293451,12,,,1,82,,293454,5,0,53 38 9,1,75,,293457,12,,,1,30,,293460,12,,,1,20,,293462,8,0,57 40 41,1,60,,293465,12,,,1,18,,293467,8,0,57 40 41,1,13,,293469,12,,,1,55,,293470,8,0,57 40 41,1,12,,293472,12,,,1,33,,293475,12,,,1,80,,293478,12,,,1,85,,293480,12,,,1,17,,293482,12,,,1,25,,293484,12,,,1,65,,293486,12,,,1,98,,293488,12,,,1,89,,293489,12,,,1
4101,'20261001',553,,293490,12,,,1,67,,293491,5,0,53 38 9,1,30,,293492,12,,,1,72,,293493,12,,,1,24,,293494,5,0,5 55 43,1,61,,293495,12,,,1,30,,293496,12,,,1,70,,293497,12,,,1,30,,293498,12,,,1,65,,293499,12,,,1,35,,293500,12,,,1,77,,293501,12,,,1,35,,293502,12,,,1,70,,293504,12,,,1,30,,293506,12,,,1,70,,293508,5,0,53 38 9,1,20,,293510,12,,,1,20,,293512,12,,,1,75,,293514,5,0,53 38 9,1,18,,293516,12,,,1,82,,293519,5,0,53 38 9,1,75,,293522,12,,,1,30,,293525,12,,,1,20,,293527,8,0,57 40 41,1,60,,293530,12,,,1,18,,293532,8,0,57 40 41,1,13,,293534,12,,,1,55,,293535,8,0,57 40 41,1,12,,293537,12,,,1,33,,293540,12,,,1,80,,293543,12,,,1,85,,293545,12,,,1,17,,293547,12,,,1,25,,293549,12,,,1,65,,293551,12,,,1,98,,293553,12,,,1,89,,293554,12,,,1
4101,'20261002',553,,293555,12,,,1,67,,293556,5,0,53 38 9,1,30,,293557,12,,,1,72,,293558,12,,,1,24,,293559,5,0,5 55 43,1,61,,293560,12,,,1,30,,293561,12,,,1,70,,293562,12,,,1,30,,293563,12,,,1,65,,293564,12,,,1,35,,293565,12,,,1,77,,293566,12,,,1,35,,293567,12,,,1,70,,293569,12,,,1,30,,293571,12,,,1,70,,293573,5,0,53 38 9,1,20,,293575,12,,,1,20,,293577,12,,,1,75,,293579,5,0,53 38 9,1,18,,293581,12,,,1,82,,293584,5,0,53 38 9,1,75,,293587,12,,,1,30,,293590,12,,,1,20,,293592,8,0,57 40 41,1,60,,293595,12,,,1,18,,293597,8,0,57 40 41,1,13,,293599,12,,,1,55,,293600,8,0,57 40 41,1,12,,293602,12,,,1,33,,293605,12,,,1,80,,293608,12,,,1,85,,293610,12,,,1,17,,293612,12,,,1,25,,293614,12,,,1,65,,293616,12,,,1,98,,293618,12,,,1,89,,293619,12,,,1
4101,'20261005',553,,293620,12,,,1,67,,293621,5,0,53 38 9,1,30,,293622,12,,,1,72,,293623,12,,,1,24,,293624,5,0,5 55 43,1,61,,293625,12,,,1,30,,293626,12,,,1,70,,293627,12,,,1,30,,293628,12,,,1,65,,293629,12,,,1,35,,293630,12,,,1,77,,293631,12,,,1,35,,293632,12,,,1,70,,293634,12,,,1,30,,293636,12,,,1,70,,293638,5,0,53 38 9,1,20,,293640,12,,,1,20,,293642,12,,,1,75,,293644,5,0,53 38 9,1,18,,293646,12,,,1,82,,293649,5,0,53 38 9,1,75,,293652,12,,,1,30,,293655,12,,,1,20,,293657,8,0,57 40 41,1,60,,293660,12,,,1,18,,293662,8,0,57 40 41,1,13,,293664,12,,,1,55,,293665,8,0,57 40 41,1,12,,293667,12,,,1,33,,293670,12,,,1,80,,293673,12,,,1,85,,293675,12,,,1,17,,293677,12,,,1,25,,293679,12,,,1,65,,293681,12,,,1,98,,293683,12,,,1,89,,293684,12,,,1
4101,'20261006',553,,293685,12,,,1,67,,293686,5,0,53 38 9,1,30,,293687,12,,,1,72,,293688,12,,,1,24,,293689,5,0,5 55 43,1,61,,293690,12,,,1,30,,293691,12,,,1,70,,293692,12,,,1,30,,293693,12,,,1,65,,293694,12,,,1,35,,293695,12,,,1,77,,293696,12,,,1,35,,293697,12,,,1,70,,293699,12,,,1,30,,293701,12,,,1,70,,293703,5,0,53 38 9,1,20,,293705,12,,,1,20,,293707,12,,,1,75,,293709,5,0,53 38 9,1,18,,293711,12,,,1,82,,293714,5,0,53 38 9,1,75,,293717,12,,,1,30,,293720,12,,,1,20,,293722,8,0,57 40 41,1,60,,293725,12,,,1,18,,293727,8,0,57 40 41,1,13,,293729,12,,,1,55,,293730,8,0,57 40 41,1,12,,293732,12,,,1,33,,293735,12,,,1,80,,293738,12,,,1,85,,293740,12,,,1,17,,293742,12,,,1,25,,293744,12,,,1,65,,293746,12,,,1,98,,293748,12,,,1,89,,293749,12,,,1
4101,'20261007',553,,293750,12,,,1,67,,293751,5,0,53 38 9,1,30,,293752,12,,,1,72,,293753,12,,,1,24,,293754,5,0,5 55 43,1,61,,293755,12,,,1,30,,293756,12,,,1,70,,293757,12,,,1,30,,293758,12,,,1,65,,293759,12,,,1,35,,293760,12,,,1,77,,293761,12,,,1,35,,293762,12,,,1,70,,293764,12,,,1,30,,293766,12,,,1,70,,293768,5,0,53 38 9,1,20,,293770,12,,,1,20,,293772,12,,,1,75,,293774,5,0,53 38 9,1,18,,293776,12,,,1,82,,293779,5,0,53 38 9,1,75,,293782,12,,,1,30,,293785,12,,,1,20,,293787,8,0,57 40 41,1,60,,293790,12,,,1,18,,293792,8,0,57 40 41,1,13,,293794,12,,,1,55,,293795,8,0,57 40 41,1,12,,293797,12,,,1,33,,293800,12,,,1,80,,293803,12,,,1,85,,293805,12,,,1,17,,293807,12,,,1,25,,293809,12,,,1,65,,293811,12,,,1,98,,293813,12,,,1,89,,293814,12,,,1
4101,'20261008',553,,293815,12,,,1,67,,293816,5,0,53 38 9,1,30,,293817,12,,,1,72,,293818,12,,,1,24,,293819,5,0,5 55 43,1,61,,293820,12,,,1,30,,293821,12,,,1,70,,293822,12,,,1,30,,293823,12,,,1,65,,293824,12,,,1,35,,293825,12,,,1,77,,293826,12,,,1,35,,293827,12,,,1,70,,293829,12,,,1,30,,293831,12,,,1,70,,293833,5,0,53 38 9,1,20,,293835,12,,,1,20,,293837,12,,,1,75,,293839,5,0,53 38 9,1,18,,293841,12,,,1,82,,293844,5,0,53 38 9,1,75,,293847,12,,,1,30,,293850,12,,,1,20,,293852,8,0,57 40 41,1,60,,293855,12,,,1,18,,293857,8,0,57 40 41,1,13,,293859,12,,,1,55,,293860,8,0,57 40 41,1,12,,293862,12,,,1,33,,293865,12,,,1,80,,293868,12,,,1,85,,293870,12,,,1,17,,293872,12,,,1,25,,293874,12,,,1,65,,293876,12,,,1,98,,293878,12,,,1,89,,293879,12,,,1
4101,'20261009',553,,293880,12,,,1,67,,293881,5,0,53 38 9,1,30,,293882,12,,,1,72,,293883,12,,,1,24,,293884,5,0,5 55 43,1,61,,293885,12,,,1,30,,293886,12,,,1,70,,293887,12,,,1,30,,293888,12,,,1,65,,293889,12,,,1,35,,293890,12,,,1,77,,293891,12,,,1,35,,293892,12,,,1,70,,293894,12,,,1,30,,293896,12,,,1,70,,293898,5,0,53 38 9,1,20,,293900,12,,,1,20,,293902,12,,,1,75,,293904,5,0,53 38 9,1,18,,293906,12,,,1,82,,293909,5,0,53 38 9,1,75,,293912,12,,,1,30,,293915,12,,,1,20,,293917,8,0,57 40 41,1,60,,293920,12,,,1,18,,293922,8,0,57 40 41,1,13,,293924,12,,,1,55,,293925,8,0,57 40 41,1,12,,293927,12,,,1,33,,293930,12,,,1,80,,293933,12,,,1,85,,293935,12,,,1,17,,293937,12,,,1,25,,293939,12,,,1,65,,293941,12,,,1,98,,293943,12,,,1,89,,293944,12,,,1
4101,'20261013',553,,293945,12,,,1,67,,293946,5,0,53 38 9,1,30,,293947,12,,,1,72,,293948,12,,,1,24,,293949,5,0,5 55 43,1,61,,293950,12,,,1,30,,293951,12,,,1,70,,293952,12,,,1,30,,293953,12,,,1,65,,293954,12,,,1,35,,293955,12,,,1,77,,293956,12,,,1,35,,293957,12,,,1,70,,293959,12,,,1,30,,293961,12,,,1,70,,293963,5,0,53 38 9,1,20,,293965,12,,,1,20,,293967,12,,,1,75,,293969,5,0,53 38 9,1,18,,293971,12,,,1,82,,293974,5,0,53 38 9,1,75,,293977,12,,,1,30,,293980,12,,,1,20,,293982,8,0,57 40 41,1,60,,293985,12,,,1,18,,293987,8,0,57 40 41,1,13,,293989,12,,,1,55,,293990,8,0,57 40 41,1,12,,293992,12,,,1,33,,293995,12,,,1,80,,293998,12,,,1,85,,294000,12,,,1,17,,294002,12,,,1,25,,294004,12,,,1,65,,294006,12,,,1,98,,294008,12,,,1,89,,294009,12,,,1
4101,'20261014',553,,294010,12,,,1,67,,294011,5,0,53 38 9,1,30,,294012,12,,,1,72,,294013,12,,,1,24,,294014,5,0,5 55 43,1,61,,294015,12,,,1,30,,294016,12,,,1,70,,294017,12,,,1,30,,294018,12,,,1,65,,294019,12,,,1,35,,294020,12,,,1,77,,294021,12,,,1,35,,294022,12,,,1,70,,294024,12,,,1,30,,294026,12,,,1,70,,294028,5,0,53 38 9,1,20,,294030,12,,,1,20,,294032,12,,,1,75,,294034,5,0,53 38 9,1,18,,294036,12,,,1,82,,294039,5,0,53 38 9,1,75,,294042,12,,,1,30,,294045,12,,,1,20,,294047,8,0,57 40 41,1,60,,294050,12,,,1,18,,294052,8,0,57 40 41,1,13,,294054,12,,,1,55,,294055,8,0,57 40 41,1,12,,294057,12,,,1,33,,294060,12,,,1,80,,294063,12,,,1,85,,294065,12,,,1,17,,294067,12,,,1,25,,294069,12,,,1,65,,294071,12,,,1,98,,294073,12,,,1,89,,294074,12,,,1
4101,'20261015',553,,294075,12,,,1,67,,294076,5,0,53 38 9,1,30,,294077,12,,,1,72,,294078,12,,,1,24,,294079,5,0,5 55 43,1,61,,294080,12,,,1,30,,294081,12,,,1,70,,294082,12,,,1,30,,294083,12,,,1,65,,294084,12,,,1,35,,294085,12,,,1,77,,294086,12,,,1,35,,294087,12,,,1,70,,294089,12,,,1,30,,294091,12,,,1,70,,294093,5,0,53 38 9,1,20,,294095,12,,,1,20,,294097,12,,,1,75,,294099,5,0,53 38 9,1,18,,294101,12,,,1,82,,294104,5,0,53 38 9,1,75,,294107,12,,,1,30,,294110,12,,,1,20,,294112,8,0,57 40 41,1,60,,294115,12,,,1,18,,294117,8,0,57 40 41,1,13,,294119,12,,,1,55,,294120,8,0,57 40 41,1,12,,294122,12,,,1,33,,294125,12,,,1,80,,294128,12,,,1,85,,294130,12,,,1,17,,294132,12,,,1,25,,294134,12,,,1,65,,294136,12,,,1,98,,294138,12,,,1,89,,294139,12,,,1
4101,'20261016',553,,294140,12,,,1,67,,294141,5,0,53 38 9,1,30,,294142,12,,,1,72,,294143,12,,,1,24,,294144,5,0,5 55 43,1,61,,294145,12,,,1,30,,294146,12,,,1,70,,294147,12,,,1,30,,294148,12,,,1,65,,294149,12,,,1,35,,294150,12,,,1,77,,294151,12,,,1,35,,294152,12,,,1,70,,294154,12,,,1,30,,294156,12,,,1,70,,294158,5,0,53 38 9,1,20,,294160,12,,,1,20,,294162,12,,,1,75,,294164,5,0,53 38 9,1,18,,294166,12,,,1,82,,294169,5,0,53 38 9,1,75,,294172,12,,,1,30,,294175,12,,,1,20,,294177,8,0,57 40 41,1,60,,294180,12,,,1,18,,294182,8,0,57 40 41,1,13,,294184,12,,,1,55,,294185,8,0,57 40 41,1,12,,294187,12,,,1,33,,294190,12,,,1,80,,294193,12,,,1,85,,294195,12,,,1,17,,294197,12,,,1,25,,294199,12,,,1,65,,294201,12,,,1,98,,294203,12,,,1,89,,294204,12,,,1
4101,'20261019',553,,294205,12,,,1,67,,294206,5,0,53 38 9,1,30,,294207,12,,,1,72,,294208,12,,,1,24,,294209,5,0,5 55 43,1,61,,294210,12,,,1,30,,294211,12,,,1,70,,294212,12,,,1,30,,294213,12,,,1,65,,294214,12,,,1,35,,294215,12,,,1,77,,294216,12,,,1,35,,294217,12,,,1,70,,294219,12,,,1,30,,294221,12,,,1,70,,294223,5,0,53 38 9,1,20,,294225,12,,,1,20,,294227,12,,,1,75,,294229,5,0,53 38 9,1,18,,294231,12,,,1,82,,294234,5,0,53 38 9,1,75,,294237,12,,,1,30,,294240,12,,,1,20,,294242,8,0,57 40 41,1,60,,294245,12,,,1,18,,294247,8,0,57 40 41,1,13,,294249,12,,,1,55,,294250,8,0,57 40 41,1,12,,294252,12,,,1,33,,294255,12,,,1,80,,294258,12,,,1,85,,294260,12,,,1,17,,294262,12,,,1,25,,294264,12,,,1,65,,294266,12,,,1,98,,294268,12,,,1,89,,294269,12,,,1
4101,'20261020',553,,294270,12,,,1,67,,294271,5,0,53 38 9,1,30,,294272,12,,,1,72,,294273,12,,,1,24,,294274,5,0,5 55 43,1,61,,294275,12,,,1,30,,294276,12,,,1,70,,294277,12,,,1,30,,294278,12,,,1,65,,294279,12,,,1,35,,294280,12,,,1,77,,294281,12,,,1,35,,294282,12,,,1,70,,294284,12,,,1,30,,294286,12,,,1,70,,294288,5,0,53 38 9,1,20,,294290,12,,,1,20,,294292,12,,,1,75,,294294,5,0,53 38 9,1,18,,294296,12,,,1,82,,294299,5,0,53 38 9,1,75,,294302,12,,,1,30,,294305,12,,,1,20,,294307,8,0,57 40 41,1,60,,294310,12,,,1,18,,294312,8,0,57 40 41,1,13,,294314,12,,,1,55,,294315,8,0,57 40 41,1,12,,294317,12,,,1,33,,294320,12,,,1,80,,294323,12,,,1,85,,294325,12,,,1,17,,294327,12,,,1,25,,294329,12,,,1,65,,294331,12,,,1,98,,294333,12,,,1,89,,294334,12,,,1
4101,'20261021',553,,294335,12,,,1,67,,294336,5,0,53 38 9,1,30,,294337,12,,,1,72,,294338,12,,,1,24,,294339,5,0,5 55 43,1,61,,294340,12,,,1,30,,294341,12,,,1,70,,294342,12,,,1,30,,294343,12,,,1,65,,294344,12,,,1,35,,294345,12,,,1,77,,294346,12,,,1,35,,294347,12,,,1,70,,294349,12,,,1,30,,294351,12,,,1,70,,294353,5,0,53 38 9,1,20,,294355,12,,,1,20,,294357,12,,,1,75,,294359,5,0,53 38 9,1,18,,294361,12,,,1,82,,294364,5,0,53 38 9,1,75,,294367,12,,,1,30,,294370,12,,,1,20,,294372,8,0,57 40 41,1,60,,294375,12,,,1,18,,294377,8,0,57 40 41,1,13,,294379,12,,,1,55,,294380,8,0,57 40 41,1,12,,294382,12,,,1,33,,294385,12,,,1,80,,294388,12,,,1,85,,294390,12,,,1,17,,294392,12,,,1,25,,294394,12,,,1,65,,294396,12,,,1,98,,294398,12,,,1,89,,294399,12,,,1
4101,'20261022',553,,294400,12,,,1,67,,294401,5,0,53 38 9,1,30,,294402,12,,,1,72,,294403,12,,,1,24,,294404,5,0,5 55 43,1,61,,294405,12,,,1,30,,294406,12,,,1,70,,294407,12,,,1,30,,294408,12,,,1,65,,294409,12,,,1,35,,294410,12,,,1,77,,294411,12,,,1,35,,294412,12,,,1,70,,294414,12,,,1,30,,294416,12,,,1,70,,294418,5,0,53 38 9,1,20,,294420,12,,,1,20,,294422,12,,,1,75,,294424,5,0,53 38 9,1,18,,294426,12,,,1,82,,294429,5,0,53 38 9,1,75,,294432,12,,,1,30,,294435,12,,,1,20,,294437,8,0,57 40 41,1,60,,294440,12,,,1,18,,294442,8,0,57 40 41,1,13,,294444,12,,,1,55,,294445,8,0,57 40 41,1,12,,294447,12,,,1,33,,294450,12,,,1,80,,294453,12,,,1,85,,294455,12,,,1,17,,294457,12,,,1,25,,294459,12,,,1,65,,294461,12,,,1,98,,294463,12,,,1,89,,294464,12,,,1
4101,'20261023',553,,294465,12,,,1,67,,294466,5,0,53 38 9,1,30,,294467,12,,,1,72,,294468,12,,,1,24,,294469,5,0,5 55 43,1,61,,294470,12,,,1,30,,294471,12,,,1,70,,294472,12,,,1,30,,294473,12,,,1,65,,294474,12,,,1,35,,294475,12,,,1,77,,294476,12,,,1,35,,294477,12,,,1,70,,294479,12,,,1,30,,294481,12,,,1,70,,294483,5,0,53 38 9,1,20,,294485,12,,,1,20,,294487,12,,,1,75,,294489,5,0,53 38 9,1,18,,294491,12,,,1,82,,294494,5,0,53 38 9,1,75,,294497,12,,,1,30,,294500,12,,,1,20,,294502,8,0,57 40 41,1,60,,294505,12,,,1,18,,294507,8,0,57 40 41,1,13,,294509,12,,,1,55,,294510,8,0,57 40 41,1,12,,294512,12,,,1,33,,294515,12,,,1,80,,294518,12,,,1,85,,294520,12,,,1,17,,294522,12,,,1,25,,294524,12,,,1,65,,294526,12,,,1,98,,294528,12,,,1,89,,294529,12,,,1
4101,'20261026',553,,294530,12,,,1,67,,294531,5,0,53 38 9,1,30,,294532,12,,,1,72,,294533,12,,,1,24,,294534,5,0,5 55 43,1,61,,294535,12,,,1,30,,294536,12,,,1,70,,294537,12,,,1,30,,294538,12,,,1,65,,294539,12,,,1,35,,294540,12,,,1,77,,294541,12,,,1,35,,294542,12,,,1,70,,294544,12,,,1,30,,294546,12,,,1,70,,294548,5,0,53 38 9,1,20,,294550,12,,,1,20,,294552,12,,,1,75,,294554,5,0,53 38 9,1,18,,294556,12,,,1,82,,294559,5,0,53 38 9,1,75,,294562,12,,,1,30,,294565,12,,,1,20,,294567,8,0,57 40 41,1,60,,294570,12,,,1,18,,294572,8,0,57 40 41,1,13,,294574,12,,,1,55,,294575,8,0,57 40 41,1,12,,294577,12,,,1,33,,294580,12,,,1,80,,294583,12,,,1,85,,294585,12,,,1,17,,294587,12,,,1,25,,294589,12,,,1,65,,294591,12,,,1,98,,294593,12,,,1,89,,294594,12,,,1
4101,'20261027',553,,294595,12,,,1,67,,294596,5,0,53 38 9,1,30,,294597,12,,,1,72,,294598,12,,,1,24,,294599,5,0,5 55 43,1,61,,294600,12,,,1,30,,294601,12,,,1,70,,294602,12,,,1,30,,294603,12,,,1,65,,294604,12,,,1,35,,294605,12,,,1,77,,294606,12,,,1,35,,294607,12,,,1,70,,294609,12,,,1,30,,294611,12,,,1,70,,294613,5,0,53 38 9,1,20,,294615,12,,,1,20,,294617,12,,,1,75,,294619,5,0,53 38 9,1,18,,294621,12,,,1,82,,294624,5,0,53 38 9,1,75,,294627,12,,,1,30,,294630,12,,,1,20,,294632,8,0,57 40 41,1,60,,294635,12,,,1,18,,294637,8,0,57 40 41,1,13,,294639,12,,,1,55,,294640,8,0,57 40 41,1,12,,294642,12,,,1,33,,294645,12,,,1,80,,294648,12,,,1,85,,294650,12,,,1,17,,294652,12,,,1,25,,294654,12,,,1,65,,294656,12,,,1,98,,294658,12,,,1,89,,294659,12,,,1
4101,'20261028',553,,294660,12,,,1,67,,294661,5,0,53 38 9,1,30,,294662,12,,,1,72,,294663,12,,,1,24,,294664,5,0,5 55 43,1,61,,294665,12,,,1,30,,294666,12,,,1,70,,294667,12,,,1,30,,294668,12,,,1,65,,294669,12,,,1,35,,294670,12,,,1,77,,294671,12,,,1,35,,294672,12,,,1,70,,294674,12,,,1,30,,294676,12,,,1,70,,294678,5,0,53 38 9,1,20,,294680,12,,,1,20,,294682,12,,,1,75,,294684,5,0,53 38 9,1,18,,294686,12,,,1,82,,294689,5,0,53 38 9,1,75,,294692,12,,,1,30,,294695,12,,,1,20,,294697,8,0,57 40 41,1,60,,294700,12,,,1,18,,294702,8,0,57 40 41,1,13,,294704,12,,,1,55,,294705,8,0,57 40 41,1,12,,294707,12,,,1,33,,294710,12,,,1,80,,294713,12,,,1,85,,294715,12,,,1,17,,294717,12,,,1,25,,294719,12,,,1,65,,294721,12,,,1,98,,294723,12,,,1,89,,294724,12,,,1
4101,'20261029',553,,294725,12,,,1,67,,294726,5,0,53 38 9,1,30,,294727,12,,,1,72,,294728,12,,,1,24,,294729,5,0,5 55 43,1,61,,294730,12,,,1,30,,294731,12,,,1,70,,294732,12,,,1,30,,294733,12,,,1,65,,294734,12,,,1,35,,294735,12,,,1,77,,294736,12,,,1,35,,294737,12,,,1,70,,294739,12,,,1,30,,294741,12,,,1,70,,294743,5,0,53 38 9,1,20,,294745,12,,,1,20,,294747,12,,,1,75,,294749,5,0,53 38 9,1,18,,294751,12,,,1,82,,294754,5,0,53 38 9,1,75,,294757,12,,,1,30,,294760,12,,,1,20,,294762,8,0,57 40 41,1,60,,294765,12,,,1,18,,294767,8,0,57 40 41,1,13,,294769,12,,,1,55,,294770,8,0,57 40 41,1,12,,294772,12,,,1,33,,294775,12,,,1,80,,294778,12,,,1,85,,294780,12,,,1,17,,294782,12,,,1,25,,294784,12,,,1,65,,294786,12,,,1,98,,294788,12,,,1,89,,294789,12,,,1
4101,'20261030',553,,294790,12,,,1,67,,294791,5,0,53 38 9,1,30,,294792,12,,,1,72,,294793,12,,,1,24,,294794,5,0,5 55 43,1,61,,294795,12,,,1,30,,294796,12,,,1,70,,294797,12,,,1,30,,294798,12,,,1,65,,294799,12,,,1,35,,294800,12,,,1,77,,294801,12,,,1,35,,294802,12,,,1,70,,294804,12,,,1,30,,294806,12,,,1,70,,294808,5,0,53 38 9,1,20,,294810,12,,,1,20,,294812,12,,,1,75,,294814,5,0,53 38 9,1,18,,294816,12,,,1,82,,294819,5,0,53 38 9,1,75,,294822,12,,,1,30,,294825,12,,,1,20,,294827,8,0,57 40 41,1,60,,294830,12,,,1,18,,294832,8,0,57 40 41,1,13,,294834,12,,,1,55,,294835,8,0,57 40 41,1,12,,294837,12,,,1,33,,294840,12,,,1,80,,294843,12,,,1,85,,294845,12,,,1,17,,294847,12,,,1,25,,294849,12,,,1,65,,294851,12,,,1,98,,294853,12,,,1,89,,294854,12,,,1
4101,'20261102',553,,294855,12,,,1,67,,294856,5,0,53 38 9,1,30,,294857,12,,,1,72,,294858,12,,,1,24,,294859,5,0,5 55 43,1,61,,294860,12,,,1,30,,294861,12,,,1,70,,294862,12,,,1,30,,294863,12,,,1,65,,294864,12,,,1,35,,294865,12,,,1,77,,294866,12,,,1,35,,294867,12,,,1,70,,294869,12,,,1,30,,294871,12,,,1,70,,294873,5,0,53 38 9,1,20,,294875,12,,,1,20,,294877,12,,,1,75,,294879,5,0,53 38 9,1,18,,294881,12,,,1,82,,294884,5,0,53 38 9,1,75,,294887,12,,,1,30,,294890,12,,,1,20,,294892,8,0,57 40 41,1,60,,294895,12,,,1,18,,294897,8,0,57 40 41,1,13,,294899,12,,,1,55,,294900,8,0,57 40 41,1,12,,294902,12,,,1,33,,294905,12,,,1,80,,294908,12,,,1,85,,294910,12,,,1,17,,294912,12,,,1,25,,294914,12,,,1,65,,294916,12,,,1,98,,294918,12,,,1,89,,294919,12,,,1
4101,'20261103',553,,294920,12,,,1,67,,294921,5,0,53 38 9,1,30,,294922,12,,,1,72,,294923,12,,,1,24,,294924,5,0,5 55 43,1,61,,294925,12,,,1,30,,294926,12,,,1,70,,294927,12,,,1,30,,294928,12,,,1,65,,294929,12,,,1,35,,294930,12,,,1,77,,294931,12,,,1,35,,294932,12,,,1,70,,294934,12,,,1,30,,294936,12,,,1,70,,294938,5,0,53 38 9,1,20,,294940,12,,,1,20,,294942,12,,,1,75,,294944,5,0,53 38 9,1,18,,294946,12,,,1,82,,294949,5,0,53 38 9,1,75,,294952,12,,,1,30,,294955,12,,,1,20,,294957,8,0,57 40 41,1,60,,294960,12,,,1,18,,294962,8,0,57 40 41,1,13,,294964,12,,,1,55,,294965,8,0,57 40 41,1,12,,294967,12,,,1,33,,294970,12,,,1,80,,294973,12,,,1,85,,294975,12,,,1,17,,294977,12,,,1,25,,294979,12,,,1,65,,294981,12,,,1,98,,294983,12,,,1,89,,294984,12,,,1
4101,'20261104',553,,294985,12,,,1,67,,294986,5,0,53 38 9,1,30,,294987,12,,,1,72,,294988,12,,,1,24,,294989,5,0,5 55 43,1,61,,294990,12,,,1,30,,294991,12,,,1,70,,294992,12,,,1,30,,294993,12,,,1,65,,294994,12,,,1,35,,294995,12,,,1,77,,294996,12,,,1,35,,294997,12,,,1,70,,294999,12,,,1,30,,295001,12,,,1,70,,295003,5,0,53 38 9,1,20,,295005,12,,,1,20,,295007,12,,,1,75,,295009,5,0,53 38 9,1,18,,295011,12,,,1,82,,295014,5,0,53 38 9,1,75,,295017,12,,,1,30,,295020,12,,,1,20,,295022,8,0,57 40 41,1,60,,295025,12,,,1,18,,295027,8,0,57 40 41,1,13,,295029,12,,,1,55,,295030,8,0,57 40 41,1,12,,295032,12,,,1,33,,295035,12,,,1,80,,295038,12,,,1,85,,295040,12,,,1,17,,295042,12,,,1,25,,295044,12,,,1,65,,295046,12,,,1,98,,295048,12,,,1,89,,295049,12,,,1
4101,'20261105',553,,295050,12,,,1,67,,295051,5,0,53 38 9,1,30,,295052,12,,,1,72,,295053,12,,,1,24,,295054,5,0,5 55 43,1,61,,295055,12,,,1,30,,295056,12,,,1,70,,295057,12,,,1,30,,295058,12,,,1,65,,295059,12,,,1,35,,295060,12,,,1,77,,295061,12,,,1,35,,295062,12,,,1,70,,295064,12,,,1,30,,295066,12,,,1,70,,295068,5,0,53 38 9,1,20,,295070,12,,,1,20,,295072,12,,,1,75,,295074,5,0,53 38 9,1,18,,295076,12,,,1,82,,295079,5,0,53 38 9,1,75,,295082,12,,,1,30,,295085,12,,,1,20,,295087,8,0,57 40 41,1,60,,295090,12,,,1,18,,295092,8,0,57 40 41,1,13,,295094,12,,,1,55,,295095,8,0,57 40 41,1,12,,295097,12,,,1,33,,295100,12,,,1,80,,295103,12,,,1,85,,295105,12,,,1,17,,295107,12,,,1,25,,295109,12,,,1,65,,295111,12,,,1,98,,295113,12,,,1,89,,295114,12,,,1
4101,'20261106',553,,295115,12,,,1,67,,295116,5,0,53 38 9,1,30,,295117,12,,,1,72,,295118,12,,,1,24,,295119,5,0,5 55 43,1,61,,295120,12,,,1,30,,295121,12,,,1,70,,295122,12,,,1,30,,295123,12,,,1,65,,295124,12,,,1,35,,295125,12,,,1,77,,295126,12,,,1,35,,295127,12,,,1,70,,295129,12,,,1,30,,295131,12,,,1,70,,295133,5,0,53 38 9,1,20,,295135,12,,,1,20,,295137,12,,,1,75,,295139,5,0,53 38 9,1,18,,295141,12,,,1,82,,295144,5,0,53 38 9,1,75,,295147,12,,,1,30,,295150,12,,,1,20,,295152,8,0,57 40 41,1,60,,295155,12,,,1,18,,295157,8,0,57 40 41,1,13,,295159,12,,,1,55,,295160,8,0,57 40 41,1,12,,295162,12,,,1,33,,295165,12,,,1,80,,295168,12,,,1,85,,295170,12,,,1,17,,295172,12,,,1,25,,295174,12,,,1,65,,295176,12,,,1,98,,295178,12,,,1,89,,295179,12,,,1
4101,'20261109',553,,295180,12,,,1,67,,295181,5,0,53 38 9,1,30,,295182,12,,,1,72,,295183,12,,,1,24,,295184,5,0,5 55 43,1,61,,295185,12,,,1,30,,295186,12,,,1,70,,295187,12,,,1,30,,295188,12,,,1,65,,295189,12,,,1,35,,295190,12,,,1,77,,295191,12,,,1,35,,295192,12,,,1,70,,295194,12,,,1,30,,295196,12,,,1,70,,295198,5,0,53 38 9,1,20,,295200,12,,,1,20,,295202,12,,,1,75,,295204,5,0,53 38 9,1,18,,295206,12,,,1,82,,295209,5,0,53 38 9,1,75,,295212,12,,,1,30,,295215,12,,,1,20,,295217,8,0,57 40 41,1,60,,295220,12,,,1,18,,295222,8,0,57 40 41,1,13,,295224,12,,,1,55,,295225,8,0,57 40 41,1,12,,295227,12,,,1,33,,295230,12,,,1,80,,295233,12,,,1,85,,295235,12,,,1,17,,295237,12,,,1,25,,295239,12,,,1,65,,295241,12,,,1,98,,295243,12,,,1,89,,295244,12,,,1
4101,'20261110',553,,295245,12,,,1,67,,295246,5,0,53 38 9,1,30,,295247,12,,,1,72,,295248,12,,,1,24,,295249,5,0,5 55 43,1,61,,295250,12,,,1,30,,295251,12,,,1,70,,295252,12,,,1,30,,295253,12,,,1,65,,295254,12,,,1,35,,295255,12,,,1,77,,295256,12,,,1,35,,295257,12,,,1,70,,295259,12,,,1,30,,295261,12,,,1,70,,295263,5,0,53 38 9,1,20,,295265,12,,,1,20,,295267,12,,,1,75,,295269,5,0,53 38 9,1,18,,295271,12,,,1,82,,295274,5,0,53 38 9,1,75,,295277,12,,,1,30,,295280,12,,,1,20,,295282,8,0,57 40 41,1,60,,295285,12,,,1,18,,295287,8,0,57 40 41,1,13,,295289,12,,,1,55,,295290,8,0,57 40 41,1,12,,295292,12,,,1,33,,295295,12,,,1,80,,295298,12,,,1,85,,295300,12,,,1,17,,295302,12,,,1,25,,295304,12,,,1,65,,295306,12,,,1,98,,295308,12,,,1,89,,295309,12,,,1
4101,'20261111',553,,295310,12,,,1,67,,295311,5,0,53 38 9,1,30,,295312,12,,,1,72,,295313,12,,,1,24,,295314,5,0,5 55 43,1,61,,295315,12,,,1,30,,295316,12,,,1,70,,295317,12,,,1,30,,295318,12,,,1,65,,295319,12,,,1,35,,295320,12,,,1,77,,295321,12,,,1,35,,295322,12,,,1,70,,295324,12,,,1,30,,295326,12,,,1,70,,295328,5,0,53 38 9,1,20,,295330,12,,,1,20,,295332,12,,,1,75,,295334,5,0,53 38 9,1,18,,295336,12,,,1,82,,295339,5,0,53 38 9,1,75,,295342,12,,,1,30,,295345,12,,,1,20,,295347,8,0,57 40 41,1,60,,295350,12,,,1,18,,295352,8,0,57 40 41,1,13,,295354,12,,,1,55,,295355,8,0,57 40 41,1,12,,295357,12,,,1,33,,295360,12,,,1,80,,295363,12,,,1,85,,295365,12,,,1,17,,295367,12,,,1,25,,295369,12,,,1,65,,295371,12,,,1,98,,295373,12,,,1,89,,295374,12,,,1
4101,'20261112',553,,295375,12,,,1,67,,295376,5,0,53 38 9,1,30,,295377,12,,,1,72,,295378,12,,,1,24,,295379,5,0,5 55 43,1,61,,295380,12,,,1,30,,295381,12,,,1,70,,295382,12,,,1,30,,295383,12,,,1,65,,295384,12,,,1,35,,295385,12,,,1,77,,295386,12,,,1,35,,295387,12,,,1,70,,295389,12,,,1,30,,295391,12,,,1,70,,295393,5,0,53 38 9,1,20,,295395,12,,,1,20,,295397,12,,,1,75,,295399,5,0,53 38 9,1,18,,295401,12,,,1,82,,295404,5,0,53 38 9,1,75,,295407,12,,,1,30,,295410,12,,,1,20,,295412,8,0,57 40 41,1,60,,295415,12,,,1,18,,295417,8,0,57 40 41,1,13,,295419,12,,,1,55,,295420,8,0,57 40 41,1,12,,295422,12,,,1,33,,295425,12,,,1,80,,295428,12,,,1,85,,295430,12,,,1,17,,295432,12,,,1,25,,295434,12,,,1,65,,295436,12,,,1,98,,295438,12,,,1,89,,295439,12,,,1
4101,'20261113',553,,295440,12,,,1,67,,295441,5,0,53 38 9,1,30,,295442,12,,,1,72,,295443,12,,,1,24,,295444,5,0,5 55 43,1,61,,295445,12,,,1,30,,295446,12,,,1,70,,295447,12,,,1,30,,295448,12,,,1,65,,295449,12,,,1,35,,295450,12,,,1,77,,295451,12,,,1,35,,295452,12,,,1,70,,295454,12,,,1,30,,295456,12,,,1,70,,295458,5,0,53 38 9,1,20,,295460,12,,,1,20,,295462,12,,,1,75,,295464,5,0,53 38 9,1,18,,295466,12,,,1,82,,295469,5,0,53 38 9,1,75,,295472,12,,,1,30,,295475,12,,,1,20,,295477,8,0,57 40 41,1,60,,295480,12,,,1,18,,295482,8,0,57 40 41,1,13,,295484,12,,,1,55,,295485,8,0,57 40 41,1,12,,295487,12,,,1,33,,295490,12,,,1,80,,295493,12,,,1,85,,295495,12,,,1,17,,295497,12,,,1,25,,295499,12,,,1,65,,295501,12,,,1,98,,295503,12,,,1,89,,295504,12,,,1
4101,'20261116',553,,295505,12,,,1,67,,295506,5,0,53 38 9,1,30,,295507,12,,,1,72,,295508,12,,,1,24,,295509,5,0,5 55 43,1,61,,295510,12,,,1,30,,295511,12,,,1,70,,295512,12,,,1,30,,295513,12,,,1,65,,295514,12,,,1,35,,295515,12,,,1,77,,295516,12,,,1,35,,295517,12,,,1,70,,295519,12,,,1,30,,295521,12,,,1,70,,295523,5,0,53 38 9,1,20,,295525,12,,,1,20,,295527,12,,,1,75,,295529,5,0,53 38 9,1,18,,295531,12,,,1,82,,295534,5,0,53 38 9,1,75,,295537,12,,,1,30,,295540,12,,,1,20,,295542,8,0,57 40 41,1,60,,295545,12,,,1,18,,295547,8,0,57 40 41,1,13,,295549,12,,,1,55,,295550,8,0,57 40 41,1,12,,295552,12,,,1,33,,295555,12,,,1,80,,295558,12,,,1,85,,295560,12,,,1,17,,295562,12,,,1,25,,295564,12,,,1,65,,295566,12,,,1,98,,295568,12,,,1,89,,295569,12,,,1
4101,'20261117',553,,295570,12,,,1,67,,295571,5,0,53 38 9,1,30,,295572,12,,,1,72,,295573,12,,,1,24,,295574,5,0,5 55 43,1,61,,295575,12,,,1,30,,295576,12,,,1,70,,295577,12,,,1,30,,295578,12,,,1,65,,295579,12,,,1,35,,295580,12,,,1,77,,295581,12,,,1,35,,295582,12,,,1,70,,295584,12,,,1,30,,295586,12,,,1,70,,295588,5,0,53 38 9,1,20,,295590,12,,,1,20,,295592,12,,,1,75,,295594,5,0,53 38 9,1,18,,295596,12,,,1,82,,295599,5,0,53 38 9,1,75,,295602,12,,,1,30,,295605,12,,,1,20,,295607,8,0,57 40 41,1,60,,295610,12,,,1,18,,295612,8,0,57 40 41,1,13,,295614,12,,,1,55,,295615,8,0,57 40 41,1,12,,295617,12,,,1,33,,295620,12,,,1,80,,295623,12,,,1,85,,295625,12,,,1,17,,295627,12,,,1,25,,295629,12,,,1,65,,295631,12,,,1,98,,295633,12,,,1,89,,295634,12,,,1
4101,'20261118',553,,295635,12,,,1,67,,295636,5,0,53 38 9,1,30,,295637,12,,,1,72,,295638,12,,,1,24,,295639,5,0,5 55 43,1,61,,295640,12,,,1,30,,295641,12,,,1,70,,295642,12,,,1,30,,295643,12,,,1,65,,295644,12,,,1,35,,295645,12,,,1,77,,295646,12,,,1,35,,295647,12,,,1,70,,295649,12,,,1,30,,295651,12,,,1,70,,295653,5,0,53 38 9,1,20,,295655,12,,,1,20,,295657,12,,,1,75,,295659,5,0,53 38 9,1,18,,295661,12,,,1,82,,295664,5,0,53 38 9,1,75,,295667,12,,,1,30,,295670,12,,,1,20,,295672,8,0,57 40 41,1,60,,295675,12,,,1,18,,295677,8,0,57 40 41,1,13,,295679,12,,,1,55,,295680,8,0,57 40 41,1,12,,295682,12,,,1,33,,295685,12,,,1,80,,295688,12,,,1,85,,295690,12,,,1,17,,295692,12,,,1,25,,295694,12,,,1,65,,295696,12,,,1,98,,295698,12,,,1,89,,295699,12,,,1
4101,'20261119',553,,295700,12,,,1,67,,295701,5,0,53 38 9,1,30,,295702,12,,,1,72,,295703,12,,,1,24,,295704,5,0,5 55 43,1,61,,295705,12,,,1,30,,295706,12,,,1,70,,295707,12,,,1,30,,295708,12,,,1,65,,295709,12,,,1,35,,295710,12,,,1,77,,295711,12,,,1,35,,295712,12,,,1,70,,295714,12,,,1,30,,295716,12,,,1,70,,295718,5,0,53 38 9,1,20,,295720,12,,,1,20,,295722,12,,,1,75,,295724,5,0,53 38 9,1,18,,295726,12,,,1,82,,295729,5,0,53 38 9,1,75,,295732,12,,,1,30,,295735,12,,,1,20,,295737,8,0,57 40 41,1,60,,295740,12,,,1,18,,295742,8,0,57 40 41,1,13,,295744,12,,,1,55,,295745,8,0,57 40 41,1,12,,295747,12,,,1,33,,295750,12,,,1,80,,295753,12,,,1,85,,295755,12,,,1,17,,295757,12,,,1,25,,295759,12,,,1,65,,295761,12,,,1,98,,295763,12,,,1,89,,295764,12,,,1
4101,'20261120',553,,295765,12,,,1,67,,295766,5,0,53 38 9,1,30,,295767,12,,,1,72,,295768,12,,,1,24,,295769,5,0,5 55 43,1,61,,295770,12,,,1,30,,295771,12,,,1,70,,295772,12,,,1,30,,295773,12,,,1,65,,295774,12,,,1,35,,295775,12,,,1,77,,295776,12,,,1,35,,295777,12,,,1,70,,295779,12,,,1,30,,295781,12,,,1,70,,295783,5,0,53 38 9,1,20,,295785,12,,,1,20,,295787,12,,,1,75,,295789,5,0,53 38 9,1,18,,295791,12,,,1,82,,295794,5,0,53 38 9,1,75,,295797,12,,,1,30,,295800,12,,,1,20,,295802,8,0,57 40 41,1,60,,295805,12,,,1,18,,295807,8,0,57 40 41,1,13,,295809,12,,,1,55,,295810,8,0,57 40 41,1,12,,295812,12,,,1,33,,295815,12,,,1,80,,295818,12,,,1,85,,295820,12,,,1,17,,295822,12,,,1,25,,295824,12,,,1,65,,295826,12,,,1,98,,295828,12,,,1,89,,295829,12,,,1
4101,'20261123',553,,295830,12,,,1,67,,295831,5,0,53 38 9,1,30,,295832,12,,,1,72,,295833,12,,,1,24,,295834,5,0,5 55 43,1,61,,295835,12,,,1,30,,295836,12,,,1,70,,295837,12,,,1,30,,295838,12,,,1,65,,295839,12,,,1,35,,295840,12,,,1,77,,295841,12,,,1,35,,295842,12,,,1,70,,295844,12,,,1,30,,295846,12,,,1,70,,295848,5,0,53 38 9,1,20,,295850,12,,,1,20,,295852,12,,,1,75,,295854,5,0,53 38 9,1,18,,295856,12,,,1,82,,295859,5,0,53 38 9,1,75,,295862,12,,,1,30,,295865,12,,,1,20,,295867,8,0,57 40 41,1,60,,295870,12,,,1,18,,295872,8,0,57 40 41,1,13,,295874,12,,,1,55,,295875,8,0,57 40 41,1,12,,295877,12,,,1,33,,295880,12,,,1,80,,295883,12,,,1,85,,295885,12,,,1,17,,295887,12,,,1,25,,295889,12,,,1,65,,295891,12,,,1,98,,295893,12,,,1,89,,295894,12,,,1
4101,'20261124',553,,295895,12,,,1,67,,295896,5,0,53 38 9,1,30,,295897,12,,,1,72,,295898,12,,,1,24,,295899,5,0,5 55 43,1,61,,295900,12,,,1,30,,295901,12,,,1,70,,295902,12,,,1,30,,295903,12,,,1,65,,295904,12,,,1,35,,295905,12,,,1,77,,295906,12,,,1,35,,295907,12,,,1,70,,295909,12,,,1,30,,295911,12,,,1,70,,295913,5,0,53 38 9,1,20,,295915,12,,,1,20,,295917,12,,,1,75,,295919,5,0,53 38 9,1,18,,295921,12,,,1,82,,295924,5,0,53 38 9,1,75,,295927,12,,,1,30,,295930,12,,,1,20,,295932,8,0,57 40 41,1,60,,295935,12,,,1,18,,295937,8,0,57 40 41,1,13,,295939,12,,,1,55,,295940,8,0,57 40 41,1,12,,295942,12,,,1,33,,295945,12,,,1,80,,295948,12,,,1,85,,295950,12,,,1,17,,295952,12,,,1,25,,295954,12,,,1,65,,295956,12,,,1,98,,295958,12,,,1,89,,295959,12,,,1
4101,'20261125',553,,295960,12,,,1,67,,295961,5,0,53 38 9,1,30,,295962,12,,,1,72,,295963,12,,,1,24,,295964,5,0,5 55 43,1,61,,295965,12,,,1,30,,295966,12,,,1,70,,295967,12,,,1,30,,295968,12,,,1,65,,295969,12,,,1,35,,295970,12,,,1,77,,295971,12,,,1,35,,295972,12,,,1,70,,295974,12,,,1,30,,295976,12,,,1,70,,295978,5,0,53 38 9,1,20,,295980,12,,,1,20,,295982,12,,,1,75,,295984,5,0,53 38 9,1,18,,295986,12,,,1,82,,295989,5,0,53 38 9,1,75,,295992,12,,,1,30,,295995,12,,,1,20,,295997,8,0,57 40 41,1,60,,296000,12,,,1,18,,296002,8,0,57 40 41,1,13,,296004,12,,,1,55,,296005,8,0,57 40 41,1,12,,296007,12,,,1,33,,296010,12,,,1,80,,296013,12,,,1,85,,296015,12,,,1,17,,296017,12,,,1,25,,296019,12,,,1,65,,296021,12,,,1,98,,296023,12,,,1,89,,296024,12,,,1
4101,'20261126',553,,296025,12,,,1,67,,296026,5,0,53 38 9,1,30,,296027,12,,,1,72,,296028,12,,,1,24,,296029,5,0,5 55 43,1,61,,296030,12,,,1,30,,296031,12,,,1,70,,296032,12,,,1,30,,296033,12,,,1,65,,296034,12,,,1,35,,296035,12,,,1,77,,296036,12,,,1,35,,296037,12,,,1,70,,296039,12,,,1,30,,296041,12,,,1,70,,296043,5,0,53 38 9,1,20,,296045,12,,,1,20,,296047,12,,,1,75,,296049,5,0,53 38 9,1,18,,296051,12,,,1,82,,296054,5,0,53 38 9,1,75,,296057,12,,,1,30,,296060,12,,,1,20,,296062,8,0,57 40 41,1,60,,296065,12,,,1,18,,296067,8,0,57 40 41,1,13,,296069,12,,,1,55,,296070,8,0,57 40 41,1,12,,296072,12,,,1,33,,296075,12,,,1,80,,296078,12,,,1,85,,296080,12,,,1,17,,296082,12,,,1,25,,296084,12,,,1,65,,296086,12,,,1,98,,296088,12,,,1,89,,296089,12,,,1
4101,'20261127',553,,296090,12,,,1,67,,296091,5,0,53 38 9,1,30,,296092,12,,,1,72,,296093,12,,,1,24,,296094,5,0,5 55 43,1,61,,296095,12,,,1,30,,296096,12,,,1,70,,296097,12,,,1,30,,296098,12,,,1,65,,296099,12,,,1,35,,296100,12,,,1,77,,296101,12,,,1,35,,296102,12,,,1,70,,296104,12,,,1,30,,296106,12,,,1,70,,296108,5,0,53 38 9,1,20,,296110,12,,,1,20,,296112,12,,,1,75,,296114,5,0,53 38 9,1,18,,296116,12,,,1,82,,296119,5,0,53 38 9,1,75,,296122,12,,,1,30,,296125,12,,,1,20,,296127,8,0,57 40 41,1,60,,296130,12,,,1,18,,296132,8,0,57 40 41,1,13,,296134,12,,,1,55,,296135,8,0,57 40 41,1,12,,296137,12,,,1,33,,296140,12,,,1,80,,296143,12,,,1,85,,296145,12,,,1,17,,296147,12,,,1,25,,296149,12,,,1,65,,296151,12,,,1,98,,296153,12,,,1,89,,296154,12,,,1
5200,'20260831',655,,197362,2,0,7 11 12 9,1
5200,'20260901',655,,197363,2,0,7 11 12 9,1
5200,'20260902',655,,197364,2,0,7 11 12 9,1
5200,'20260903',655,,197365,2,0,7 11 12 9,1
5200,'20260904',655,,197366,2,0,7 11 12 9,1
5200,'20260905',832,,306215,2,0,102 12 9,1,200,,306216,2,0,102 12 9,1,200,,306217,2,0,102 12 9,1,100,,306218,2,0,102 12 9,1,100,,306219,2,0,102 12 9,1,100,,306220,2,0,102 12 9,1,100,,306221,2,0,102 12 9,1,100,,306222,2,0,102 12 9,1,100,,306223,2,0,102 12 9,1,100,,306224,2,0,102 12 9,1,100,,306225,2,0,102 12 9,1,100,,306226,2,0,102 12 9,1,200,,306227,2,0,102 12 9,1
5200,'20260906',832,,306228,2,0,102 12 9,1,200,,306229,2,0,102 12 9,1,200,,306230,2,0,102 12 9,1,100,,306231,2,0,102 12 9,1,100,,306232,2,0,102 12 9,1,100,,306233,2,0,102 12 9,1,100,,306234,2,0,102 12 9,1,100,,306235,2,0,102 12 9,1,100,,306236,2,0,102 12 9,1,100,,306237,2,0,102 12 9,1,100,,306238,2,0,102 12 9,1,100,,306239,2,0,102 12 9,1,200,,306240,2,0,102 12 9,1
5200,'20260907',832,,306241,2,0,102 12 9,1,200,,306242,2,0,102 12 9,1,200,,306243,2,0,102 12 9,1,100,,306244,2,0,102 12 9,1,100,,306245,2,0,102 12 9,1,100,,306246,2,0,102 12 9,1,100,,306247,2,0,102 12 9,1,100,,306248,2,0,102 12 9,1,100,,306249,2,0,102 12 9,1,100,,306250,2,0,102 12 9,1,100,,306251,2,0,102 12 9,1,100,,306252,2,0,102 12 9,1,200,,306253,2,0,102 12 9,1
5200,'20260908',655,,306254,2,0,7 11 12 9,1,150,,306255,2,0,7 11 12 9,1,911,,306256,2,0,7 11 12 9,1
5200,'20260909',655,,306257,2,0,7 11 12 9,1,150,,306258,2,0,7 11 12 9,1,911,,306259,2,0,7 11 12 9,1
5200,'20260910',655,,306260,2,0,7 11 12 9,1,150,,306261,2,0,7 11 12 9,1,911,,306262,2,0,7 11 12 9,1
5200,'20260911',655,,306263,2,0,7 11 12 9,1,150,,306264,2,0,7 11 12 9,1,911,,306265,2,0,7 11 12 9,1
5200,'20260912',832,,306266,2,0,102 12 9,1,200,,306267,2,0,102 12 9,1,200,,306268,2,0,102 12 9,1,100,,306269,2,0,102 12 9,1,100,,306270,2,0,102 12 9,1,100,,306271,2,0,102 12 9,1,100,,306272,2,0,102 12 9,1,100,,306273,2,0,102 12 9,1,100,,306274,2,0,102 12 9,1,100,,306275,2,0,102 12 9,1,100,,306276,2,0,102 12 9,1,100,,306277,2,0,102 12 9,1,200,,306278,2,0,102 12 9,1
5200,'20260913',832,,306279,2,0,102 12 9,1,200,,306280,2,0,102 12 9,1,200,,306281,2,0,102 12 9,1,100,,306282,2,0,102 12 9,1,100,,306283,2,0,102 12 9,1,100,,306284,2,0,102 12 9,1,100,,306285,2,0,102 12 9,1,100,,306286,2,0,102 12 9,1,100,,306287,2,0,102 12 9,1,100,,306288,2,0,102 12 9,1,100,,306289,2,0,102 12 9,1,100,,306290,2,0,102 12 9,1,200,,306291,2,0,102 12 9,1
5200,'20260914',655,,306292,2,0,7 11 12 9,1,150,,306293,2,0,7 11 12 9,1,911,,306294,2,0,7 11 12 9,1
5200,'20260915',655,,306295,2,0,7 11 12 9,1,150,,306296,2,0,7 11 12 9,1,911,,306297,2,0,7 11 12 9,1
5200,'20260916',655,,306298,2,0,7 11 12 9,1,150,,306299,2,0,7 11 12 9,1,911,,306300,2,0,7 11 12 9,1
5200,'20260917',655,,306301,2,0,7 11 12 9,1,150,,306302,2,0,7 11 12 9,1,911,,306303,2,0,7 11 12 9,1
5200,'20260918',655,,306304,2,0,7 11 12 9,1,150,,306305,2,0,7 11 12 9,1,911,,306306,2,0,7 11 12 9,1
5200,'20260919',832,,306307,2,0,102 12 9,1,200,,306308,2,0,102 12 9,1,200,,306309,2,0,102 12 9,1,100,,306310,2,0,102 12 9,1,100,,306311,2,0,102 12 9,1,100,,306312,2,0,102 12 9,1,100,,306313,2,0,102 12 9,1,100,,306314,2,0,102 12 9,1,100,,306315,2,0,102 12 9,1,100,,306316,2,0,102 12 9,1,100,,306317,2,0,102 12 9,1,100,,306318,2,0,102 12 9,1,200,,306319,2,0,102 12 9,1
5200,'20260920',832,,306320,2,0,102 12 9,1,200,,306321,2,0,102 12 9,1,200,,306322,2,0,102 12 9,1,100,,306323,2,0,102 12 9,1,100,,306324,2,0,102 12 9,1,100,,306325,2,0,102 12 9,1,100,,306326,2,0,102 12 9,1,100,,306327,2,0,102 12 9,1,100,,306328,2,0,102 12 9,1,100,,306329,2,0,102 12 9,1,100,,306330,2,0,102 12 9,1,100,,306331,2,0,102 12 9,1,200,,306332,2,0,102 12 9,1
5200,'20260921',655,,306333,2,0,7 11 12 9,1,150,,306334,2,0,7 11 12 9,1,911,,306335,2,0,7 11 12 9,1
5200,'20260922',655,,306336,2,0,7 11 12 9,1,150,,306337,2,0,7 11 12 9,1,911,,306338,2,0,7 11 12 9,1
5200,'20260923',655,,306339,2,0,7 11 12 9,1,150,,306340,2,0,7 11 12 9,1,911,,306341,2,0,7 11 12 9,1
5200,'20260924',655,,306342,2,0,7 11 12 9,1,150,,306343,2,0,7 11 12 9,1,911,,306344,2,0,7 11 12 9,1
5200,'20260925',655,,306345,2,0,7 11 12 9,1,150,,306346,2,0,7 11 12 9,1,911,,306347,2,0,7 11 12 9,1
5200,'20260926',832,,306348,2,0,102 12 9,1,200,,306349,2,0,102 12 9,1,200,,306350,2,0,102 12 9,1,100,,306351,2,0,102 12 9,1,100,,306352,2,0,102 12 9,1,100,,306353,2,0,102 12 9,1,100,,306354,2,0,102 12 9,1,100,,306355,2,0,102 12 9,1,100,,306356,2,0,102 12 9,1,100,,306357,2,0,102 12 9,1,100,,306358,2,0,102 12 9,1,100,,306359,2,0,102 12 9,1,200,,306360,2,0,102 12 9,1
5200,'20260927',832,,306361,2,0,102 12 9,1,200,,306362,2,0,102 12 9,1,200,,306363,2,0,102 12 9,1,100,,306364,2,0,102 12 9,1,100,,306365,2,0,102 12 9,1,100,,306366,2,0,102 12 9,1,100,,306367,2,0,102 12 9,1,100,,306368,2,0,102 12 9,1,100,,306369,2,0,102 12 9,1,100,,306370,2,0,102 12 9,1,100,,306371,2,0,102 12 9,1,100,,306372,2,0,102 12 9,1,200,,306373,2,0,102 12 9,1
5200,'20260928',655,,306374,2,0,7 11 12 9,1,150,,306375,2,0,7 11 12 9,1,911,,306376,2,0,7 11 12 9,1
5200,'20260929',655,,306377,2,0,7 11 12 9,1,150,,306378,2,0,7 11 12 9,1,911,,306379,2,0,7 11 12 9,1
5200,'20260930',655,,306380,2,0,7 11 12 9,1,150,,306381,2,0,7 11 12 9,1,911,,306382,2,0,7 11 12 9,1
5200,'20261001',655,,306383,2,0,7 11 12 9,1,150,,306384,2,0,7 11 12 9,1,911,,306385,2,0,7 11 12 9,1
5200,'20261002',655,,306386,2,0,7 11 12 9,1,150,,306387,2,0,7 11 12 9,1,911,,306388,2,0,7 11 12 9,1
5200,'20261003',832,,306389,2,0,102 12 9,1,200,,306390,2,0,102 12 9,1,200,,306391,2,0,102 12 9,1,100,,306392,2,0,102 12 9,1,100,,306393,2,0,102 12 9,1,100,,306394,2,0,102 12 9,1,100,,306395,2,0,102 12 9,1,100,,306396,2,0,102 12 9,1,100,,306397,2,0,102 12 9,1,100,,306398,2,0,102 12 9,1,100,,306399,2,0,102 12 9,1,100,,306400,2,0,102 12 9,1,200,,306401,2,0,102 12 9,1
5200,'20261004',832,,306402,2,0,102 12 9,1,200,,306403,2,0,102 12 9,1,200,,306404,2,0,102 12 9,1,100,,306405,2,0,102 12 9,1,100,,306406,2,0,102 12 9,1,100,,306407,2,0,102 12 9,1,100,,306408,2,0,102 12 9,1,100,,306409,2,0,102 12 9,1,100,,306410,2,0,102 12 9,1,100,,306411,2,0,102 12 9,1,100,,306412,2,0,102 12 9,1,100,,306413,2,0,102 12 9,1,200,,306414,2,0,102 12 9,1
5200,'20261005',655,,306415,2,0,7 11 12 9,1,150,,306416,2,0,7 11 12 9,1,911,,306417,2,0,7 11 12 9,1
5200,'20261006',655,,306418,2,0,7 11 12 9,1,150,,306419,2,0,7 11 12 9,1,911,,306420,2,0,7 11 12 9,1
5200,'20261007',655,,306421,2,0,7 11 12 9,1,150,,306422,2,0,7 11 12 9,1,911,,306423,2,0,7 11 12 9,1
5200,'20261008',655,,306424,2,0,7 11 12 9,1,150,,306425,2,0,7 11 12 9,1,911,,306426,2,0,7 11 12 9,1
5200,'20261009',655,,306427,2,0,7 11 12 9,1,150,,306428,2,0,7 11 12 9,1,911,,306429,2,0,7 11 12 9,1
5200,'20261010',832,,306430,2,0,102 12 9,1,200,,306431,2,0,102 12 9,1,200,,306432,2,0,102 12 9,1,100,,306433,2,0,102 12 9,1,100,,306434,2,0,102 12 9,1,100,,306435,2,0,102 12 9,1,100,,306436,2,0,102 12 9,1,100,,306437,2,0,102 12 9,1,100,,306438,2,0,102 12 9,1,100,,306439,2,0,102 12 9,1,100,,306440,2,0,102 12 9,1,100,,306441,2,0,102 12 9,1,200,,306442,2,0,102 12 9,1
5200,'20261011',832,,306443,2,0,102 12 9,1,200,,306444,2,0,102 12 9,1,200,,306445,2,0,102 12 9,1,100,,306446,2,0,102 12 9,1,100,,306447,2,0,102 12 9,1,100,,306448,2,0,102 12 9,1,100,,306449,2,0,102 12 9,1,100,,306450,2,0,102 12 9,1,100,,306451,2,0,102 12 9,1,100,,306452,2,0,102 12 9,1,100,,306453,2,0,102 12 9,1,100,,306454,2,0,102 12 9,1,200,,306455,2,0,102 12 9,1
5200,'20261012',832,,306456,2,0,102 12 9,1,200,,306457,2,0,102 12 9,1,200,,306458,2,0,102 12 9,1,100,,306459,2,0,102 12 9,1,100,,306460,2,0,102 12 9,1,100,,306461,2,0,102 12 9,1,100,,306462,2,0,102 12 9,1,100,,306463,2,0,102 12 9,1,100,,306464,2,0,102 12 9,1,100,,306465,2,0,102 12 9,1,100,,306466,2,0,102 12 9,1,100,,306467,2,0,102 12 9,1,200,,306468,2,0,102 12 9,1
5200,'20261013',655,,306469,2,0,7 11 12 9,1,150,,306470,2,0,7 11 12 9,1,911,,306471,2,0,7 11 12 9,1
5200,'20261014',655,,306472,2,0,7 11 12 9,1,150,,306473,2,0,7 11 12 9,1,911,,306474,2,0,7 11 12 9,1
5200,'20261015',655,,306475,2,0,7 11 12 9,1,150,,306476,2,0,7 11 12 9,1,911,,306477,2,0,7 11 12 9,1
5200,'20261016',655,,306478,2,0,7 11 12 9,1,150,,306479,2,0,7 11 12 9,1,911,,306480,2,0,7 11 12 9,1
5200,'20261017',832,,306481,2,0,102 12 9,1,200,,306482,2,0,102 12 9,1,200,,306483,2,0,102 12 9,1,100,,306484,2,0,102 12 9,1,100,,306485,2,0,102 12 9,1,100,,306486,2,0,102 12 9,1,100,,306487,2,0,102 12 9,1,100,,306488,2,0,102 12 9,1,100,,306489,2,0,102 12 9,1,100,,306490,2,0,102 12 9,1,100,,306491,2,0,102 12 9,1,100,,306492,2,0,102 12 9,1,200,,306493,2,0,102 12 9,1
5200,'20261018',832,,306494,2,0,102 12 9,1,200,,306495,2,0,102 12 9,1,200,,306496,2,0,102 12 9,1,100,,306497,2,0,102 12 9,1,100,,306498,2,0,102 12 9,1,100,,306499,2,0,102 12 9,1,100,,306500,2,0,102 12 9,1,100,,306501,2,0,102 12 9,1,100,,306502,2,0,102 12 9,1,100,,306503,2,0,102 12 9,1,100,,306504,2,0,102 12 9,1,100,,306505,2,0,102 12 9,1,200,,306506,2,0,102 12 9,1
5200,'20261019',655,,306507,2,0,7 11 12 9,1,150,,306508,2,0,7 11 12 9,1,911,,306509,2,0,7 11 12 9,1
5200,'20261020',655,,306510,2,0,7 11 12 9,1,150,,306511,2,0,7 11 12 9,1,911,,306512,2,0,7 11 12 9,1
5200,'20261021',655,,306513,2,0,7 11 12 9,1,150,,306514,2,0,7 11 12 9,1,911,,306515,2,0,7 11 12 9,1
5200,'20261022',655,,306516,2,0,7 11 12 9,1,150,,306517,2,0,7 11 12 9,1,911,,306518,2,0,7 11 12 9,1
5200,'20261023',655,,306519,2,0,7 11 12 9,1,150,,306520,2,0,7 11 12 9,1,911,,306521,2,0,7 11 12 9,1
5200,'20261024',832,,306522,2,0,102 12 9,1,200,,306523,2,0,102 12 9,1,200,,306524,2,0,102 12 9,1,100,,306525,2,0,102 12 9,1,100,,306526,2,0,102 12 9,1,100,,306527,2,0,102 12 9,1,100,,306528,2,0,102 12 9,1,100,,306529,2,0,102 12 9,1,100,,306530,2,0,102 12 9,1,100,,306531,2,0,102 12 9,1,100,,306532,2,0,102 12 9,1,100,,306533,2,0,102 12 9,1,200,,306534,2,0,102 12 9,1
5200,'20261025',832,,306535,2,0,102 12 9,1,200,,306536,2,0,102 12 9,1,200,,306537,2,0,102 12 9,1,100,,306538,2,0,102 12 9,1,100,,306539,2,0,102 12 9,1,100,,306540,2,0,102 12 9,1,100,,306541,2,0,102 12 9,1,100,,306542,2,0,102 12 9,1,100,,306543,2,0,102 12 9,1,100,,306544,2,0,102 12 9,1,100,,306545,2,0,102 12 9,1,100,,306546,2,0,102 12 9,1,200,,306547,2,0,102 12 9,1
5200,'20261026',655,,306548,2,0,7 11 12 9,1,150,,306549,2,0,7 11 12 9,1,911,,306550,2,0,7 11 12 9,1
5200,'20261027',655,,306551,2,0,7 11 12 9,1,150,,306552,2,0,7 11 12 9,1,911,,306553,2,0,7 11 12 9,1
5200,'20261028',655,,306554,2,0,7 11 12 9,1,150,,306555,2,0,7 11 12 9,1,911,,306556,2,0,7 11 12 9,1
5200,'20261029',655,,306557,2,0,7 11 12 9,1,150,,306558,2,0,7 11 12 9,1,911,,306559,2,0,7 11 12 9,1
5200,'20261030',655,,306560,2,0,7 11 12 9,1,150,,306561,2,0,7 11 12 9,1,911,,306562,2,0,7 11 12 9,1
5200,'20261031',832,,306563,2,0,102 12 9,1,200,,306564,2,0,102 12 9,1,200,,306565,2,0,102 12 9,1,100,,306566,2,0,102 12 9,1,100,,306567,2,0,102 12 9,1,100,,306568,2,0,102 12 9,1,100,,306569,2,0,102 12 9,1,100,,306570,2,0,102 12 9,1,100,,306571,2,0,102 12 9,1,100,,306572,2,0,102 12 9,1,100,,306573,2,0,102 12 9,1,100,,306574,2,0,102 12 9,1,200,,306575,2,0,102 12 9,1
5200,'20261101',832,,306576,2,0,102 12 9,1,200,,306577,2,0,102 12 9,1,200,,306578,2,0,102 12 9,1,100,,306579,2,0,102 12 9,1,100,,306580,2,0,102 12 9,1,100,,306581,2,0,102 12 9,1,100,,306582,2,0,102 12 9,1,100,,306583,2,0,102 12 9,1,100,,306584,2,0,102 12 9,1,100,,306585,2,0,102 12 9,1,100,,306586,2,0,102 12 9,1,100,,306587,2,0,102 12 9,1,200,,306588,2,0,102 12 9,1
5200,'20261102',655,,306589,2,0,7 11 12 9,1,150,,306590,2,0,7 11 12 9,1,911,,306591,2,0,7 11 12 9,1
5200,'20261103',655,,306592,2,0,7 11 12 9,1,150,,306593,2,0,7 11 12 9,1,911,,306594,2,0,7 11 12 9,1
5200,'20261104',655,,306595,2,0,7 11 12 9,1,150,,306596,2,0,7 11 12 9,1,911,,306597,2,0,7 11 12 9,1
5200,'20261105',655,,306598,2,0,7 11 12 9,1,150,,306599,2,0,7 11 12 9,1,911,,306600,2,0,7 11 12 9,1
5200,'20261106',655,,306601,2,0,7 11 12 9,1,150,,306602,2,0,7 11 12 9,1,911,,306603,2,0,7 11 12 9,1
5200,'20261107',832,,306604,2,0,102 12 9,1,200,,306605,2,0,102 12 9,1,200,,306606,2,0,102 12 9,1,100,,306607,2,0,102 12 9,1,100,,306608,2,0,102 12 9,1,100,,306609,2,0,102 12 9,1,100,,306610,2,0,102 12 9,1,100,,306611,2,0,102 12 9,1,100,,306612,2,0,102 12 9,1,100,,306613,2,0,102 12 9,1,100,,306614,2,0,102 12 9,1,100,,306615,2,0,102 12 9,1,200,,306616,2,0,102 12 9,1
5200,'20261108',832,,306617,2,0,102 12 9,1,200,,306618,2,0,102 12 9,1,200,,306619,2,0,102 12 9,1,100,,306620,2,0,102 12 9,1,100,,306621,2,0,102 12 9,1,100,,306622,2,0,102 12 9,1,100,,306623,2,0,102 12 9,1,100,,306624,2,0,102 12 9,1,100,,306625,2,0,102 12 9,1,100,,306626,2,0,102 12 9,1,100,,306627,2,0,102 12 9,1,100,,306628,2,0,102 12 9,1,200,,306629,2,0,102 12 9,1
5200,'20261109',655,,306630,2,0,7 11 12 9,1,150,,306631,2,0,7 11 12 9,1,911,,306632,2,0,7 11 12 9,1
5200,'20261110',655,,306633,2,0,7 11 12 9,1,150,,306634,2,0,7 11 12 9,1,911,,306635,2,0,7 11 12 9,1
5200,'20261111',655,,306636,2,0,7 11 12 9,1,150,,306637,2,0,7 11 12 9,1,911,,306638,2,0,7 11 12 9,1
5200,'20261112',655,,306639,2,0,7 11 12 9,1,150,,306640,2,0,7 11 12 9,1,911,,306641,2,0,7 11 12 9,1
5200,'20261113',655,,306642,2,0,7 11 12 9,1,150,,306643,2,0,7 11 12 9,1,911,,306644,2,0,7 11 12 9,1
5200,'20261114',832,,306645,2,0,102 12 9,1,200,,306646,2,0,102 12 9,1,200,,306647,2,0,102 12 9,1,100,,306648,2,0,102 12 9,1,100,,306649,2,0,102 12 9,1,100,,306650,2,0,102 12 9,1,100,,306651,2,0,102 12 9,1,100,,306652,2,0,102 12 9,1,100,,306653,2,0,102 12 9,1,100,,306654,2,0,102 12 9,1,100,,306655,2,0,102 12 9,1,100,,306656,2,0,102 12 9,1,200,,306657,2,0,102 12 9,1
5200,'20261115',832,,306658,2,0,102 12 9,1,200,,306659,2,0,102 12 9,1,200,,306660,2,0,102 12 9,1,100,,306661,2,0,102 12 9,1,100,,306662,2,0,102 12 9,1,100,,306663,2,0,102 12 9,1,100,,306664,2,0,102 12 9,1,100,,306665,2,0,102 12 9,1,100,,306666,2,0,102 12 9,1,100,,306667,2,0,102 12 9,1,100,,306668,2,0,102 12 9,1,100,,306669,2,0,102 12 9,1,200,,306670,2,0,102 12 9,1
5200,'20261116',655,,306671,2,0,7 11 12 9,1,150,,306672,2,0,7 11 12 9,1,911,,306673,2,0,7 11 12 9,1
5200,'20261117',655,,306674,2,0,7 11 12 9,1,150,,306675,2,0,7 11 12 9,1,911,,306676,2,0,7 11 12 9,1
5200,'20261118',655,,306677,2,0,7 11 12 9,1,150,,306678,2,0,7 11 12 9,1,911,,306679,2,0,7 11 12 9,1
5200,'20261119',655,,306680,2,0,7 11 12 9,1,150,,306681,2,0,7 11 12 9,1,911,,306682,2,0,7 11 12 9,1
5200,'20261120',655,,306683,2,0,7 11 12 9,1,150,,306684,2,0,7 11 12 9,1,911,,306685,2,0,7 11 12 9,1
5200,'20261121',832,,306686,2,0,102 12 9,1,200,,306687,2,0,102 12 9,1,200,,306688,2,0,102 12 9,1,100,,306689,2,0,102 12 9,1,100,,306690,2,0,102 12 9,1,100,,306691,2,0,102 12 9,1,100,,306692,2,0,102 12 9,1,100,,306693,2,0,102 12 9,1,100,,306694,2,0,102 12 9,1,100,,306695,2,0,102 12 9,1,100,,306696,2,0,102 12 9,1,100,,306697,2,0,102 12 9,1,200,,306698,2,0,102 12 9,1
5200,'20261122',832,,306699,2,0,102 12 9,1,200,,306700,2,0,102 12 9,1,200,,306701,2,0,102 12 9,1,100,,306702,2,0,102 12 9,1,100,,306703,2,0,102 12 9,1,100,,306704,2,0,102 12 9,1,100,,306705,2,0,102 12 9,1,100,,306706,2,0,102 12 9,1,100,,306707,2,0,102 12 9,1,100,,306708,2,0,102 12 9,1,100,,306709,2,0,102 12 9,1,100,,306710,2,0,102 12 9,1,200,,306711,2,0,102 12 9,1
5200,'20261123',655,,306712,2,0,7 11 12 9,1,150,,306713,2,0,7 11 12 9,1,911,,306714,2,0,7 11 12 9,1
5200,'20261124',655,,306715,2,0,7 11 12 9,1,150,,306716,2,0,7 11 12 9,1,911,,306717,2,0,7 11 12 9,1
5200,'20261125',655,,306718,2,0,7 11 12 9,1,150,,306719,2,0,7 11 12 9,1,911,,306720,2,0,7 11 12 9,1
5200,'20261126',655,,306721,2,0,7 11 12 9,1,150,,306722,2,0,7 11 12 9,1,911,,306723,2,0,7 11 12 9,1
5200,'20261127',655,,306724,2,0,7 11 12 9,1,150,,306725,2,0,7 11 12 9,1,911,,306726,2,0,7 11 12 9,1
5201,'20260831',736,,197758,13,0,7 20 39,1
5201,'20260901',736,,197759,13,0,7 20 39,1
5201,'20260902',736,,197760,13,0,7 20 39,1
5201,'20260903',736,,197761,13,0,7 20 39,1
5201,'20260904',736,,197762,13,0,7 20 39,1
5201,'20260905',739,,306727,15,,,1,200,,306728,15,,,1,200,,306729,15,,,1,100,,306730,15,,,1,100,,306731,15,,,1,100,,306732,15,,,1,100,,306733,15,,,1,100,,306734,15,,,1,100,,306735,15,,,1,100,,306736,15,,,1,100,,306737,15,,,1,100,,306738,15,,,1,200,,306739,15,,,1
5201,'20260906',739,,306740,15,,,1,200,,306741,15,,,1,200,,306742,15,,,1,100,,306743,15,,,1,100,,306744,15,,,1,100,,306745,15,,,1,100,,306746,15,,,1,100,,306747,15,,,1,100,,306748,15,,,1,100,,306749,15,,,1,100,,306750,15,,,1,100,,306751,15,,,1,200,,306752,15,,,1
5201,'20260907',739,,306753,15,,,1,200,,306754,15,,,1,200,,306755,15,,,1,100,,306756,15,,,1,100,,306757,15,,,1,100,,306758,15,,,1,100,,306759,15,,,1,100,,306760,15,,,1,100,,306761,15,,,1,100,,306762,15,,,1,100,,306763,15,,,1,100,,306764,15,,,1,200,,306765,15,,,1
5201,'20260908',736,,306766,13,0,7 20 39,1,70,,306767,13,0,7 20 39,1,30,,306768,13,0,7 20 39,1
5201,'20260909',736,,306769,13,0,7 20 39,1,70,,306770,13,0,7 20 39,1,30,,306771,13,0,7 20 39,1
5201,'20260910',736,,306772,13,0,7 20 39,1,70,,306773,13,0,7 20 39,1,30,,306774,13,0,7 20 39,1
5201,'20260911',736,,306775,13,0,7 20 39,1,70,,306776,13,0,7 20 39,1,30,,306777,13,0,7 20 39,1
5201,'20260912',739,,306778,15,,,1,200,,306779,15,,,1,200,,306780,15,,,1,100,,306781,15,,,1,100,,306782,15,,,1,100,,306783,15,,,1,100,,306784,15,,,1,100,,306785,15,,,1,100,,306786,15,,,1,100,,306787,15,,,1,100,,306788,15,,,1,100,,306789,15,,,1,200,,306790,15,,,1
5201,'20260913',739,,306791,15,,,1,200,,306792,15,,,1,200,,306793,15,,,1,100,,306794,15,,,1,100,,306795,15,,,1,100,,306796,15,,,1,100,,306797,15,,,1,100,,306798,15,,,1,100,,306799,15,,,1,100,,306800,15,,,1,100,,306801,15,,,1,100,,306802,15,,,1,200,,306803,15,,,1
5201,'20260914',736,,306804,13,0,7 20 39,1,70,,306805,13,0,7 20 39,1,30,,306806,13,0,7 20 39,1
5201,'20260915',736,,306807,13,0,7 20 39,1,70,,306808,13,0,7 20 39,1,30,,306809,13,0,7 20 39,1
5201,'20260916',736,,306810,13,0,7 20 39,1,70,,306811,13,0,7 20 39,1,30,,306812,13,0,7 20 39,1
5201,'20260917',736,,306813,13,0,7 20 39,1,70,,306814,13,0,7 20 39,1,30,,306815,13,0,7 20 39,1
5201,'20260918',736,,306816,13,0,7 20 39,1,70,,306817,13,0,7 20 39,1,30,,306818,13,0,7 20 39,1
5201,'20260919',739,,306819,15,,,1,200,,306820,15,,,1,200,,306821,15,,,1,100,,306822,15,,,1,100,,306823,15,,,1,100,,306824,15,,,1,100,,306825,15,,,1,100,,306826,15,,,1,100,,306827,15,,,1,100,,306828,15,,,1,100,,306829,15,,,1,100,,306830,15,,,1,200,,306831,15,,,1
5201,'20260920',739,,306832,15,,,1,200,,306833,15,,,1,200,,306834,15,,,1,100,,306835,15,,,1,100,,306836,15,,,1,100,,306837,15,,,1,100,,306838,15,,,1,100,,306839,15,,,1,100,,306840,15,,,1,100,,306841,15,,,1,100,,306842,15,,,1,100,,306843,15,,,1,200,,306844,15,,,1
5201,'20260921',736,,306845,13,0,7 20 39,1,70,,306846,13,0,7 20 39,1,30,,306847,13,0,7 20 39,1
5201,'20260922',736,,306848,13,0,7 20 39,1,70,,306849,13,0,7 20 39,1,30,,306850,13,0,7 20 39,1
5201,'20260923',736,,306851,13,0,7 20 39,1,70,,306852,13,0,7 20 39,1,30,,306853,13,0,7 20 39,1
5201,'20260924',736,,306854,13,0,7 20 39,1,70,,306855,13,0,7 20 39,1,30,,306856,13,0,7 20 39,1
5201,'20260925',736,,306857,13,0,7 20 39,1,70,,306858,13,0,7 20 39,1,30,,306859,13,0,7 20 39,1
5201,'20260926',739,,306860,15,,,1,200,,306861,15,,,1,200,,306862,15,,,1,100,,306863,15,,,1,100,,306864,15,,,1,100,,306865,15,,,1,100,,306866,15,,,1,100,,306867,15,,,1,100,,306868,15,,,1,100,,306869,15,,,1,100,,306870,15,,,1,100,,306871,15,,,1,200,,306872,15,,,1
5201,'20260927',739,,306873,15,,,1,200,,306874,15,,,1,200,,306875,15,,,1,100,,306876,15,,,1,100,,306877,15,,,1,100,,306878,15,,,1,100,,306879,15,,,1,100,,306880,15,,,1,100,,306881,15,,,1,100,,306882,15,,,1,100,,306883,15,,,1,100,,306884,15,,,1,200,,306885,15,,,1
5201,'20260928',736,,306886,13,0,7 20 39,1,70,,306887,13,0,7 20 39,1,30,,306888,13,0,7 20 39,1
5201,'20260929',736,,306889,13,0,7 20 39,1,70,,306890,13,0,7 20 39,1,30,,306891,13,0,7 20 39,1
5201,'20260930',736,,306892,13,0,7 20 39,1,70,,306893,13,0,7 20 39,1,30,,306894,13,0,7 20 39,1
5201,'20261001',736,,306895,13,0,7 20 39,1,70,,306896,13,0,7 20 39,1,30,,306897,13,0,7 20 39,1
5201,'20261002',736,,306898,13,0,7 20 39,1,70,,306899,13,0,7 20 39,1,30,,306900,13,0,7 20 39,1
5201,'20261003',739,,306901,15,,,1,200,,306902,15,,,1,200,,306903,15,,,1,100,,306904,15,,,1,100,,306905,15,,,1,100,,306906,15,,,1,100,,306907,15,,,1,100,,306908,15,,,1,100,,306909,15,,,1,100,,306910,15,,,1,100,,306911,15,,,1,100,,306912,15,,,1,200,,306913,15,,,1
5201,'20261004',739,,306914,15,,,1,200,,306915,15,,,1,200,,306916,15,,,1,100,,306917,15,,,1,100,,306918,15,,,1,100,,306919,15,,,1,100,,306920,15,,,1,100,,306921,15,,,1,100,,306922,15,,,1,100,,306923,15,,,1,100,,306924,15,,,1,100,,306925,15,,,1,200,,306926,15,,,1
5201,'20261005',736,,306927,13,0,7 20 39,1,70,,306928,13,0,7 20 39,1,30,,306929,13,0,7 20 39,1
5201,'20261006',736,,306930,13,0,7 20 39,1,70,,306931,13,0,7 20 39,1,30,,306932,13,0,7 20 39,1
5201,'20261007',736,,306933,13,0,7 20 39,1,70,,306934,13,0,7 20 39,1,30,,306935,13,0,7 20 39,1
5201,'20261008',736,,306936,13,0,7 20 39,1,70,,306937,13,0,7 20 39,1,30,,306938,13,0,7 20 39,1
5201,'20261009',736,,306939,13,0,7 20 39,1,70,,306940,13,0,7 20 39,1,30,,306941,13,0,7 20 39,1
5201,'20261010',739,,306942,15,,,1,200,,306943,15,,,1,200,,306944,15,,,1,100,,306945,15,,,1,100,,306946,15,,,1,100,,306947,15,,,1,100,,306948,15,,,1,100,,306949,15,,,1,100,,306950,15,,,1,100,,306951,15,,,1,100,,306952,15,,,1,100,,306953,15,,,1,200,,306954,15,,,1
5201,'20261011',739,,306955,15,,,1,200,,306956,15,,,1,200,,306957,15,,,1,100,,306958,15,,,1,100,,306959,15,,,1,100,,306960,15,,,1,100,,306961,15,,,1,100,,306962,15,,,1,100,,306963,15,,,1,100,,306964,15,,,1,100,,306965,15,,,1,100,,306966,15,,,1,200,,306967,15,,,1
5201,'20261012',739,,306968,15,,,1,200,,306969,15,,,1,200,,306970,15,,,1,100,,306971,15,,,1,100,,306972,15,,,1,100,,306973,15,,,1,100,,306974,15,,,1,100,,306975,15,,,1,100,,306976,15,,,1,100,,306977,15,,,1,100,,306978,15,,,1,100,,306979,15,,,1,200,,306980,15,,,1
5201,'20261013',736,,306981,13,0,7 20 39,1,70,,306982,13,0,7 20 39,1,30,,306983,13,0,7 20 39,1
5201,'20261014',736,,306984,13,0,7 20 39,1,70,,306985,13,0,7 20 39,1,30,,306986,13,0,7 20 39,1
5201,'20261015',736,,306987,13,0,7 20 39,1,70,,306988,13,0,7 20 39,1,30,,306989,13,0,7 20 39,1
5201,'20261016',736,,306990,13,0,7 20 39,1,70,,306991,13,0,7 20 39,1,30,,306992,13,0,7 20 39,1
5201,'20261017',739,,306993,15,,,1,200,,306994,15,,,1,200,,306995,15,,,1,100,,306996,15,,,1,100,,306997,15,,,1,100,,306998,15,,,1,100,,306999,15,,,1,100,,307000,15,,,1,100,,307001,15,,,1,100,,307002,15,,,1,100,,307003,15,,,1,100,,307004,15,,,1,200,,307005,15,,,1
5201,'20261018',739,,307006,15,,,1,200,,307007,15,,,1,200,,307008,15,,,1,100,,307009,15,,,1,100,,307010,15,,,1,100,,307011,15,,,1,100,,307012,15,,,1,100,,307013,15,,,1,100,,307014,15,,,1,100,,307015,15,,,1,100,,307016,15,,,1,100,,307017,15,,,1,200,,307018,15,,,1
5201,'20261019',736,,307019,13,0,7 20 39,1,70,,307020,13,0,7 20 39,1,30,,307021,13,0,7 20 39,1
5201,'20261020',736,,307022,13,0,7 20 39,1,70,,307023,13,0,7 20 39,1,30,,307024,13,0,7 20 39,1
5201,'20261021',736,,307025,13,0,7 20 39,1,70,,307026,13,0,7 20 39,1,30,,307027,13,0,7 20 39,1
5201,'20261022',736,,307028,13,0,7 20 39,1,70,,307029,13,0,7 20 39,1,30,,307030,13,0,7 20 39,1
5201,'20261023',736,,307031,13,0,7 20 39,1,70,,307032,13,0,7 20 39,1,30,,307033,13,0,7 20 39,1
5201,'20261024',739,,307034,15,,,1,200,,307035,15,,,1,200,,307036,15,,,1,100,,307037,15,,,1,100,,307038,15,,,1,100,,307039,15,,,1,100,,307040,15,,,1,100,,307041,15,,,1,100,,307042,15,,,1,100,,307043,15,,,1,100,,307044,15,,,1,100,,307045,15,,,1,200,,307046,15,,,1
5201,'20261025',739,,307047,15,,,1,200,,307048,15,,,1,200,,307049,15,,,1,100,,307050,15,,,1,100,,307051,15,,,1,100,,307052,15,,,1,100,,307053,15,,,1,100,,307054,15,,,1,100,,307055,15,,,1,100,,307056,15,,,1,100,,307057,15,,,1,100,,307058,15,,,1,200,,307059,15,,,1
5201,'20261026',736,,307060,13,0,7 20 39,1,70,,307061,13,0,7 20 39,1,30,,307062,13,0,7 20 39,1
5201,'20261027',736,,307063,13,0,7 20 39,1,70,,307064,13,0,7 20 39,1,30,,307065,13,0,7 20 39,1
5201,'20261028',736,,307066,13,0,7 20 39,1,70,,307067,13,0,7 20 39,1,30,,307068,13,0,7 20 39,1
5201,'20261029',736,,307069,13,0,7 20 39,1,70,,307070,13,0,7 20 39,1,30,,307071,13,0,7 20 39,1
5201,'20261030',736,,307072,13,0,7 20 39,1,70,,307073,13,0,7 20 39,1,30,,307074,13,0,7 20 39,1
5201,'20261031',739,,307075,15,,,1,200,,307076,15,,,1,200,,307077,15,,,1,100,,307078,15,,,1,100,,307079,15,,,1,100,,307080,15,,,1,100,,307081,15,,,1,100,,307082,15,,,1,100,,307083,15,,,1,100,,307084,15,,,1,100,,307085,15,,,1,100,,307086,15,,,1,200,,307087,15,,,1
5201,'20261101',739,,307088,15,,,1,200,,307089,15,,,1,200,,307090,15,,,1,100,,307091,15,,,1,100,,307092,15,,,1,100,,307093,15,,,1,100,,307094,15,,,1,100,,307095,15,,,1,100,,307096,15,,,1,100,,307097,15,,,1,100,,307098,15,,,1,100,,307099,15,,,1,200,,307100,15,,,1
5201,'20261102',736,,307101,13,0,7 20 39,1,70,,307102,13,0,7 20 39,1,30,,307103,13,0,7 20 39,1
5201,'20261103',736,,307104,13,0,7 20 39,1,70,,307105,13,0,7 20 39,1,30,,307106,13,0,7 20 39,1
5201,'20261104',736,,307107,13,0,7 20 39,1,70,,307108,13,0,7 20 39,1,30,,307109,13,0,7 20 39,1
5201,'20261105',736,,307110,13,0,7 20 39,1,70,,307111,13,0,7 20 39,1,30,,307112,13,0,7 20 39,1
5201,'20261106',736,,307113,13,0,7 20 39,1,70,,307114,13,0,7 20 39,1,30,,307115,13,0,7 20 39,1
5201,'20261107',739,,307116,15,,,1,200,,307117,15,,,1,200,,307118,15,,,1,100,,307119,15,,,1,100,,307120,15,,,1,100,,307121,15,,,1,100,,307122,15,,,1,100,,307123,15,,,1,100,,307124,15,,,1,100,,307125,15,,,1,100,,307126,15,,,1,100,,307127,15,,,1,200,,307128,15,,,1
5201,'20261108',739,,307129,15,,,1,200,,307130,15,,,1,200,,307131,15,,,1,100,,307132,15,,,1,100,,307133,15,,,1,100,,307134,15,,,1,100,,307135,15,,,1,100,,307136,15,,,1,100,,307137,15,,,1,100,,307138,15,,,1,100,,307139,15,,,1,100,,307140,15,,,1,200,,307141,15,,,1
5201,'20261109',736,,307142,13,0,7 20 39,1,70,,307143,13,0,7 20 39,1,30,,307144,13,0,7 20 39,1
5201,'20261110',736,,307145,13,0,7 20 39,1,70,,307146,13,0,7 20 39,1,30,,307147,13,0,7 20 39,1
5201,'20261111',736,,307148,13,0,7 20 39,1,70,,307149,13,0,7 20 39,1,30,,307150,13,0,7 20 39,1
5201,'20261112',736,,307151,13,0,7 20 39,1,70,,307152,13,0,7 20 39,1,30,,307153,13,0,7 20 39,1
5201,'20261113',736,,307154,13,0,7 20 39,1,70,,307155,13,0,7 20 39,1,30,,307156,13,0,7 20 39,1
5201,'20261114',739,,307157,15,,,1,200,,307158,15,,,1,200,,307159,15,,,1,100,,307160,15,,,1,100,,307161,15,,,1,100,,307162,15,,,1,100,,307163,15,,,1,100,,307164,15,,,1,100,,307165,15,,,1,100,,307166,15,,,1,100,,307167,15,,,1,100,,307168,15,,,1,200,,307169,15,,,1
5201,'20261115',739,,307170,15,,,1,200,,307171,15,,,1,200,,307172,15,,,1,100,,307173,15,,,1,100,,307174,15,,,1,100,,307175,15,,,1,100,,307176,15,,,1,100,,307177,15,,,1,100,,307178,15,,,1,100,,307179,15,,,1,100,,307180,15,,,1,100,,307181,15,,,1,200,,307182,15,,,1
5201,'20261116',736,,307183,13,0,7 20 39,1,70,,307184,13,0,7 20 39,1,30,,307185,13,0,7 20 39,1
5201,'20261117',736,,307186,13,0,7 20 39,1,70,,307187,13,0,7 20 39,1,30,,307188,13,0,7 20 39,1
5201,'20261118',736,,307189,13,0,7 20 39,1,70,,307190,13,0,7 20 39,1,30,,307191,13,0,7 20 39,1
5201,'20261119',736,,307192,13,0,7 20 39,1,70,,307193,13,0,7 20 39,1,30,,307194,13,0,7 20 39,1
5201,'20261120',736,,307195,13,0,7 20 39,1,70,,307196,13,0,7 20 39,1,30,,307197,13,0,7 20 39,1
5201,'20261121',739,,307198,15,,,1,200,,307199,15,,,1,200,,307200,15,,,1,100,,307201,15,,,1,100,,307202,15,,,1,100,,307203,15,,,1,100,,307204,15,,,1,100,,307205,15,,,1,100,,307206,15,,,1,100,,307207,15,,,1,100,,307208,15,,,1,100,,307209,15,,,1,200,,307210,15,,,1
5201,'20261122',739,,307211,15,,,1,200,,307212,15,,,1,200,,307213,15,,,1,100,,307214,15,,,1,100,,307215,15,,,1,100,,307216,15,,,1,100,,307217,15,,,1,100,,307218,15,,,1,100,,307219,15,,,1,100,,307220,15,,,1,100,,307221,15,,,1,100,,307222,15,,,1,200,,307223,15,,,1
5201,'20261123',736,,307224,13,0,7 20 39,1,70,,307225,13,0,7 20 39,1,30,,307226,13,0,7 20 39,1
5201,'20261124',736,,307227,13,0,7 20 39,1,70,,307228,13,0,7 20 39,1,30,,307229,13,0,7 20 39,1
5201,'20261125',736,,307230,13,0,7 20 39,1,70,,307231,13,0,7 20 39,1,30,,307232,13,0,7 20 39,1
5201,'20261126',736,,307233,13,0,7 20 39,1,70,,307234,13,0,7 20 39,1,30,,307235,13,0,7 20 39,1
5201,'20261127',736,,307236,13,0,7 20 39,1,70,,307237,13,0,7 20 39,1,30,,307238,13,0,7 20 39,1
5600,'20260831',634,,199671,16,0,102 12 9,1,75,,199672,16,0,102 12 9,1,40,,199674,16,0,102 12 9,1,70,,199675,16,0,102 12 9,1,27,,199676,16,0,102 12 9,1,70,,199677,16,0,102 12 9,1,30,,199678,16,0,102 12 9,1,70,,199679,16,0,102 12 9,1,30,,199680,16,0,102 12 9,1,70,,199681,16,0,102 12 9,1,30,,199682,16,0,102 12 9,1,75,,199683,16,0,102 12 9,1,25,,199684,16,0,102 12 9,1,73,,199685,16,0,102 12 9,1,30,,199686,16,0,102 12 9,1,70,,199687,16,0,102 12 9,1,33,,199688,16,0,102 12 9,1,70,,199689,16,0,102 12 9,1,34,,199690,16,0,102 12 9,1,70,,199691,16,0,102 12 9,1,27,,199692,16,0,102 12 9,1,75,,199693,16,0,102 12 9,1,11,,199694,16,0,31 42 9,1,65,,199695,16,0,102 12 9,1,25,,199696,16,0,102 12 9,1,15,,199697,16,0,31 42 9,1,15,,199698,16,0,102 12 9,1,68,,199699,16,0,102 12 9,1,32,,199700,16,0,102 12 9,1,55,,199701,16,0,102 12 9,1,25,,199702,16,0,102 12 9,1,80,,199703,16,0,102 12 9,1,100,,199704,16,0,102 12 9,1,100,,199705,16,0,102 12 9,1,100,,199706,16,0,102 12 9,1
5600,'20260901',634,,199707,16,0,102 12 9,1,75,,199708,16,0,102 12 9,1,40,,199710,16,0,102 12 9,1,70,,199711,16,0,102 12 9,1,27,,199712,16,0,102 12 9,1,70,,199713,16,0,102 12 9,1,30,,199714,16,0,102 12 9,1,70,,199715,16,0,102 12 9,1,30,,199716,16,0,102 12 9,1,70,,199717,16,0,102 12 9,1,30,,199718,16,0,102 12 9,1,75,,199719,16,0,102 12 9,1,25,,199720,16,0,102 12 9,1,73,,199721,16,0,102 12 9,1,30,,199722,16,0,102 12 9,1,70,,199723,16,0,102 12 9,1,33,,199724,16,0,102 12 9,1,70,,199725,16,0,102 12 9,1,34,,199726,16,0,102 12 9,1,70,,199727,16,0,102 12 9,1,27,,199728,16,0,102 12 9,1,75,,199729,16,0,102 12 9,1,11,,199730,16,0,31 42 9,1,65,,199731,16,0,102 12 9,1,25,,199732,16,0,102 12 9,1,15,,199733,16,0,31 42 9,1,15,,199734,16,0,102 12 9,1,68,,199735,16,0,102 12 9,1,32,,199736,16,0,102 12 9,1,55,,199737,16,0,102 12 9,1,25,,199738,16,0,102 12 9,1,80,,199739,16,0,102 12 9,1,100,,199740,16,0,102 12 9,1,100,,199741,16,0,102 12 9,1,100,,199742,16,0,102 12 9,1
5600,'20260902',634,,199743,16,0,102 12 9,1,75,,199744,16,0,102 12 9,1,40,,199746,16,0,102 12 9,1,70,,199747,16,0,102 12 9,1,27,,199748,16,0,102 12 9,1,70,,199749,16,0,102 12 9,1,30,,199750,16,0,102 12 9,1,70,,199751,16,0,102 12 9,1,30,,199752,16,0,102 12 9,1,70,,199753,16,0,102 12 9,1,30,,199754,16,0,102 12 9,1,75,,199755,16,0,102 12 9,1,25,,199756,16,0,102 12 9,1,73,,199757,16,0,102 12 9,1,30,,199758,16,0,102 12 9,1,70,,199759,16,0,102 12 9,1,33,,199760,16,0,102 12 9,1,70,,199761,16,0,102 12 9,1,34,,199762,16,0,102 12 9,1,70,,199763,16,0,102 12 9,1,27,,199764,16,0,102 12 9,1,75,,199765,16,0,102 12 9,1,11,,199766,16,0,31 42 9,1,65,,199767,16,0,102 12 9,1,25,,199768,16,0,102 12 9,1,15,,199769,16,0,31 42 9,1,15,,199770,16,0,102 12 9,1,68,,199771,16,0,102 12 9,1,32,,199772,16,0,102 12 9,1,55,,199773,16,0,102 12 9,1,25,,199774,16,0,102 12 9,1,80,,199775,16,0,102 12 9,1,100,,199776,16,0,102 12 9,1,100,,199777,16,0,102 12 9,1,100,,199778,16,0,102 12 9,1
5600,'20260903',634,,199779,16,0,102 12 9,1,75,,199780,16,0,102 12 9,1,40,,199782,16,0,102 12 9,1,70,,199783,16,0,102 12 9,1,27,,199784,16,0,102 12 9,1,70,,199785,16,0,102 12 9,1,30,,199786,16,0,102 12 9,1,70,,199787,16,0,102 12 9,1,30,,199788,16,0,102 12 9,1,70,,199789,16,0,102 12 9,1,30,,199790,16,0,102 12 9,1,75,,199791,16,0,102 12 9,1,25,,199792,16,0,102 12 9,1,73,,199793,16,0,102 12 9,1,30,,199794,16,0,102 12 9,1,70,,199795,16,0,102 12 9,1,33,,199796,16,0,102 12 9,1,70,,199797,16,0,102 12 9,1,34,,199798,16,0,102 12 9,1,70,,199799,16,0,102 12 9,1,27,,199800,16,0,102 12 9,1,75,,199801,16,0,102 12 9,1,11,,199802,16,0,31 42 9,1,65,,199803,16,0,102 12 9,1,25,,199804,16,0,102 12 9,1,15,,199805,16,0,31 42 9,1,15,,199806,16,0,102 12 9,1,68,,199807,16,0,102 12 9,1,32,,199808,16,0,102 12 9,1,55,,199809,16,0,102 12 9,1,25,,199810,16,0,102 12 9,1,80,,199811,16,0,102 12 9,1,100,,199812,16,0,102 12 9,1,100,,199813,16,0,102 12 9,1,100,,199814,16,0,102 12 9,1
5600,'20260904',634,,199815,16,0,102 12 9,1,75,,199816,16,0,102 12 9,1,40,,199818,16,0,102 12 9,1,70,,199819,16,0,102 12 9,1,27,,199820,16,0,102 12 9,1,70,,199821,16,0,102 12 9,1,30,,199822,16,0,102 12 9,1,70,,199823,16,0,102 12 9,1,30,,199824,16,0,102 12 9,1,70,,199825,16,0,102 12 9,1,30,,199826,16,0,102 12 9,1,75,,199827,16,0,102 12 9,1,25,,199828,16,0,102 12 9,1,73,,199829,16,0,102 12 9,1,30,,199830,16,0,102 12 9,1,70,,199831,16,0,102 12 9,1,33,,199832,16,0,102 12 9,1,70,,199833,16,0,102 12 9,1,34,,199834,16,0,102 12 9,1,70,,199835,16,0,102 12 9,1,27,,199836,16,0,102 12 9,1,75,,199837,16,0,102 12 9,1,11,,199838,16,0,31 42 9,1,65,,199839,16,0,102 12 9,1,25,,199840,16,0,102 12 9,1,15,,199841,16,0,31 42 9,1,15,,199842,16,0,102 12 9,1,68,,199843,16,0,102 12 9,1,32,,199844,16,0,102 12 9,1,55,,199845,16,0,102 12 9,1,25,,199846,16,0,102 12 9,1,80,,199847,16,0,102 12 9,1,100,,199848,16,0,102 12 9,1,100,,199849,16,0,102 12 9,1,100,,199850,16,0,102 12 9,1
5600,'20260908',629,,307239,16,0,102 12 9,1,80,,307241,16,0,102 12 9,1,35,,307243,16,0,102 12 9,1,75,,307244,16,0,102 12 9,1,27,,307246,16,0,102 12 9,1,70,,307247,16,0,102 12 9,1,30,,307249,16,0,102 12 9,1,70,,307250,16,0,102 12 9,1,30,,307251,16,0,102 12 9,1,70,,307252,16,0,102 12 9,1,30,,307253,16,0,102 12 9,1,75,,307254,16,0,102 12 9,1,25,,307255,16,0,102 12 9,1,73,,307256,16,0,102 12 9,1,30,,307257,16,0,102 12 9,1,70,,307258,16,0,102 12 9,1,31,,307259,16,0,102 12 9,1,74,,307260,16,0,102 12 9,1,30,,307261,16,0,102 12 9,1,70,,307262,16,0,102 12 9,1,29,,307263,16,0,102 12 9,1,75,,307264,16,0,102 12 9,1,11,,307265,16,0,31 42 9,1,65,,307266,16,0,102 12 9,1,25,,307267,16,0,102 12 9,1,15,,307268,16,0,31 42 9,1,15,,307269,16,0,102 12 9,1,68,,307270,16,0,102 12 9,1,32,,307272,16,0,102 12 9,1,55,,307273,16,0,102 12 9,1,25,,307274,16,0,102 12 9,1,80,,307275,16,0,102 12 9,1,100,,307276,16,0,102 12 9,1,100,,307277,16,0,102 12 9,1,100,,307278,16,0,102 12 9,1
5600,'20260909',629,,307279,16,0,102 12 9,1,80,,307281,16,0,102 12 9,1,35,,307283,16,0,102 12 9,1,75,,307284,16,0,102 12 9,1,27,,307286,16,0,102 12 9,1,70,,307287,16,0,102 12 9,1,30,,307289,16,0,102 12 9,1,70,,307290,16,0,102 12 9,1,30,,307291,16,0,102 12 9,1,70,,307292,16,0,102 12 9,1,30,,307293,16,0,102 12 9,1,75,,307294,16,0,102 12 9,1,25,,307295,16,0,102 12 9,1,73,,307296,16,0,102 12 9,1,30,,307297,16,0,102 12 9,1,70,,307298,16,0,102 12 9,1,31,,307299,16,0,102 12 9,1,74,,307300,16,0,102 12 9,1,30,,307301,16,0,102 12 9,1,70,,307302,16,0,102 12 9,1,29,,307303,16,0,102 12 9,1,75,,307304,16,0,102 12 9,1,11,,307305,16,0,31 42 9,1,65,,307306,16,0,102 12 9,1,25,,307307,16,0,102 12 9,1,15,,307308,16,0,31 42 9,1,15,,307309,16,0,102 12 9,1,68,,307310,16,0,102 12 9,1,32,,307312,16,0,102 12 9,1,55,,307313,16,0,102 12 9,1,25,,307314,16,0,102 12 9,1,80,,307315,16,0,102 12 9,1,100,,307316,16,0,102 12 9,1,100,,307317,16,0,102 12 9,1,100,,307318,16,0,102 12 9,1
5600,'20260910',629,,307319,16,0,102 12 9,1,80,,307321,16,0,102 12 9,1,35,,307323,16,0,102 12 9,1,75,,307324,16,0,102 12 9,1,27,,307326,16,0,102 12 9,1,70,,307327,16,0,102 12 9,1,30,,307329,16,0,102 12 9,1,70,,307330,16,0,102 12 9,1,30,,307331,16,0,102 12 9,1,70,,307332,16,0,102 12 9,1,30,,307333,16,0,102 12 9,1,75,,307334,16,0,102 12 9,1,25,,307335,16,0,102 12 9,1,73,,307336,16,0,102 12 9,1,30,,307337,16,0,102 12 9,1,70,,307338,16,0,102 12 9,1,31,,307339,16,0,102 12 9,1,74,,307340,16,0,102 12 9,1,30,,307341,16,0,102 12 9,1,70,,307342,16,0,102 12 9,1,29,,307343,16,0,102 12 9,1,75,,307344,16,0,102 12 9,1,11,,307345,16,0,31 42 9,1,65,,307346,16,0,102 12 9,1,25,,307347,16,0,102 12 9,1,15,,307348,16,0,31 42 9,1,15,,307349,16,0,102 12 9,1,68,,307350,16,0,102 12 9,1,32,,307352,16,0,102 12 9,1,55,,307353,16,0,102 12 9,1,25,,307354,16,0,102 12 9,1,80,,307355,16,0,102 12 9,1,100,,307356,16,0,102 12 9,1,100,,307357,16,0,102 12 9,1,100,,307358,16,0,102 12 9,1
5600,'20260911',629,,307359,16,0,102 12 9,1,80,,307361,16,0,102 12 9,1,35,,307363,16,0,102 12 9,1,75,,307364,16,0,102 12 9,1,27,,307366,16,0,102 12 9,1,70,,307367,16,0,102 12 9,1,30,,307369,16,0,102 12 9,1,70,,307370,16,0,102 12 9,1,30,,307371,16,0,102 12 9,1,70,,307372,16,0,102 12 9,1,30,,307373,16,0,102 12 9,1,75,,307374,16,0,102 12 9,1,25,,307375,16,0,102 12 9,1,73,,307376,16,0,102 12 9,1,30,,307377,16,0,102 12 9,1,70,,307378,16,0,102 12 9,1,31,,307379,16,0,102 12 9,1,74,,307380,16,0,102 12 9,1,30,,307381,16,0,102 12 9,1,70,,307382,16,0,102 12 9,1,29,,307383,16,0,102 12 9,1,75,,307384,16,0,102 12 9,1,11,,307385,16,0,31 42 9,1,65,,307386,16,0,102 12 9,1,25,,307387,16,0,102 12 9,1,15,,307388,16,0,31 42 9,1,15,,307389,16,0,102 12 9,1,68,,307390,16,0,102 12 9,1,32,,307392,16,0,102 12 9,1,55,,307393,16,0,102 12 9,1,25,,307394,16,0,102 12 9,1,80,,307395,16,0,102 12 9,1,100,,307396,16,0,102 12 9,1,100,,307397,16,0,102 12 9,1,100,,307398,16,0,102 12 9,1
5600,'20260914',629,,307399,16,0,102 12 9,1,80,,307401,16,0,102 12 9,1,35,,307403,16,0,102 12 9,1,75,,307404,16,0,102 12 9,1,27,,307406,16,0,102 12 9,1,70,,307407,16,0,102 12 9,1,30,,307409,16,0,102 12 9,1,70,,307410,16,0,102 12 9,1,30,,307411,16,0,102 12 9,1,70,,307412,16,0,102 12 9,1,30,,307413,16,0,102 12 9,1,75,,307414,16,0,102 12 9,1,25,,307415,16,0,102 12 9,1,73,,307416,16,0,102 12 9,1,30,,307417,16,0,102 12 9,1,70,,307418,16,0,102 12 9,1,31,,307419,16,0,102 12 9,1,74,,307420,16,0,102 12 9,1,30,,307421,16,0,102 12 9,1,70,,307422,16,0,102 12 9,1,29,,307423,16,0,102 12 9,1,75,,307424,16,0,102 12 9,1,11,,307425,16,0,31 42 9,1,65,,307426,16,0,102 12 9,1,25,,307427,16,0,102 12 9,1,15,,307428,16,0,31 42 9,1,15,,307429,16,0,102 12 9,1,68,,307430,16,0,102 12 9,1,32,,307432,16,0,102 12 9,1,55,,307433,16,0,102 12 9,1,25,,307434,16,0,102 12 9,1,80,,307435,16,0,102 12 9,1,100,,307436,16,0,102 12 9,1,100,,307437,16,0,102 12 9,1,100,,307438,16,0,102 12 9,1
5600,'20260915',629,,307439,16,0,102 12 9,1,80,,307441,16,0,102 12 9,1,35,,307443,16,0,102 12 9,1,75,,307444,16,0,102 12 9,1,27,,307446,16,0,102 12 9,1,70,,307447,16,0,102 12 9,1,30,,307449,16,0,102 12 9,1,70,,307450,16,0,102 12 9,1,30,,307451,16,0,102 12 9,1,70,,307452,16,0,102 12 9,1,30,,307453,16,0,102 12 9,1,75,,307454,16,0,102 12 9,1,25,,307455,16,0,102 12 9,1,73,,307456,16,0,102 12 9,1,30,,307457,16,0,102 12 9,1,70,,307458,16,0,102 12 9,1,31,,307459,16,0,102 12 9,1,74,,307460,16,0,102 12 9,1,30,,307461,16,0,102 12 9,1,70,,307462,16,0,102 12 9,1,29,,307463,16,0,102 12 9,1,75,,307464,16,0,102 12 9,1,11,,307465,16,0,31 42 9,1,65,,307466,16,0,102 12 9,1,25,,307467,16,0,102 12 9,1,15,,307468,16,0,31 42 9,1,15,,307469,16,0,102 12 9,1,68,,307470,16,0,102 12 9,1,32,,307472,16,0,102 12 9,1,55,,307473,16,0,102 12 9,1,25,,307474,16,0,102 12 9,1,80,,307475,16,0,102 12 9,1,100,,307476,16,0,102 12 9,1,100,,307477,16,0,102 12 9,1,100,,307478,16,0,102 12 9,1
5600,'20260916',629,,307479,16,0,102 12 9,1,80,,307481,16,0,102 12 9,1,35,,307483,16,0,102 12 9,1,75,,307484,16,0,102 12 9,1,27,,307486,16,0,102 12 9,1,70,,307487,16,0,102 12 9,1,30,,307489,16,0,102 12 9,1,70,,307490,16,0,102 12 9,1,30,,307491,16,0,102 12 9,1,70,,307492,16,0,102 12 9,1,30,,307493,16,0,102 12 9,1,75,,307494,16,0,102 12 9,1,25,,307495,16,0,102 12 9,1,73,,307496,16,0,102 12 9,1,30,,307497,16,0,102 12 9,1,70,,307498,16,0,102 12 9,1,31,,307499,16,0,102 12 9,1,74,,307500,16,0,102 12 9,1,30,,307501,16,0,102 12 9,1,70,,307502,16,0,102 12 9,1,29,,307503,16,0,102 12 9,1,75,,307504,16,0,102 12 9,1,11,,307505,16,0,31 42 9,1,65,,307506,16,0,102 12 9,1,25,,307507,16,0,102 12 9,1,15,,307508,16,0,31 42 9,1,15,,307509,16,0,102 12 9,1,68,,307510,16,0,102 12 9,1,32,,307512,16,0,102 12 9,1,55,,307513,16,0,102 12 9,1,25,,307514,16,0,102 12 9,1,80,,307515,16,0,102 12 9,1,100,,307516,16,0,102 12 9,1,100,,307517,16,0,102 12 9,1,100,,307518,16,0,102 12 9,1
5600,'20260917',629,,307519,16,0,102 12 9,1,80,,307521,16,0,102 12 9,1,35,,307523,16,0,102 12 9,1,75,,307524,16,0,102 12 9,1,27,,307526,16,0,102 12 9,1,70,,307527,16,0,102 12 9,1,30,,307529,16,0,102 12 9,1,70,,307530,16,0,102 12 9,1,30,,307531,16,0,102 12 9,1,70,,307532,16,0,102 12 9,1,30,,307533,16,0,102 12 9,1,75,,307534,16,0,102 12 9,1,25,,307535,16,0,102 12 9,1,73,,307536,16,0,102 12 9,1,30,,307537,16,0,102 12 9,1,70,,307538,16,0,102 12 9,1,31,,307539,16,0,102 12 9,1,74,,307540,16,0,102 12 9,1,30,,307541,16,0,102 12 9,1,70,,307542,16,0,102 12 9,1,29,,307543,16,0,102 12 9,1,75,,307544,16,0,102 12 9,1,11,,307545,16,0,31 42 9,1,65,,307546,16,0,102 12 9,1,25,,307547,16,0,102 12 9,1,15,,307548,16,0,31 42 9,1,15,,307549,16,0,102 12 9,1,68,,307550,16,0,102 12 9,1,32,,307552,16,0,102 12 9,1,55,,307553,16,0,102 12 9,1,25,,307554,16,0,102 12 9,1,80,,307555,16,0,102 12 9,1,100,,307556,16,0,102 12 9,1,100,,307557,16,0,102 12 9,1,100,,307558,16,0,102 12 9,1
5600,'20260918',629,,307559,16,0,102 12 9,1,80,,307561,16,0,102 12 9,1,35,,307563,16,0,102 12 9,1,75,,307564,16,0,102 12 9,1,27,,307566,16,0,102 12 9,1,70,,307567,16,0,102 12 9,1,30,,307569,16,0,102 12 9,1,70,,307570,16,0,102 12 9,1,30,,307571,16,0,102 12 9,1,70,,307572,16,0,102 12 9,1,30,,307573,16,0,102 12 9,1,75,,307574,16,0,102 12 9,1,25,,307575,16,0,102 12 9,1,73,,307576,16,0,102 12 9,1,30,,307577,16,0,102 12 9,1,70,,307578,16,0,102 12 9,1,31,,307579,16,0,102 12 9,1,74,,307580,16,0,102 12 9,1,30,,307581,16,0,102 12 9,1,70,,307582,16,0,102 12 9,1,29,,307583,16,0,102 12 9,1,75,,307584,16,0,102 12 9,1,11,,307585,16,0,31 42 9,1,65,,307586,16,0,102 12 9,1,25,,307587,16,0,102 12 9,1,15,,307588,16,0,31 42 9,1,15,,307589,16,0,102 12 9,1,68,,307590,16,0,102 12 9,1,32,,307592,16,0,102 12 9,1,55,,307593,16,0,102 12 9,1,25,,307594,16,0,102 12 9,1,80,,307595,16,0,102 12 9,1,100,,307596,16,0,102 12 9,1,100,,307597,16,0,102 12 9,1,100,,307598,16,0,102 12 9,1
5600,'20260921',629,,307599,16,0,102 12 9,1,80,,307601,16,0,102 12 9,1,35,,307603,16,0,102 12 9,1,75,,307604,16,0,102 12 9,1,27,,307606,16,0,102 12 9,1,70,,307607,16,0,102 12 9,1,30,,307609,16,0,102 12 9,1,70,,307610,16,0,102 12 9,1,30,,307611,16,0,102 12 9,1,70,,307612,16,0,102 12 9,1,30,,307613,16,0,102 12 9,1,75,,307614,16,0,102 12 9,1,25,,307615,16,0,102 12 9,1,73,,307616,16,0,102 12 9,1,30,,307617,16,0,102 12 9,1,70,,307618,16,0,102 12 9,1,31,,307619,16,0,102 12 9,1,74,,307620,16,0,102 12 9,1,30,,307621,16,0,102 12 9,1,70,,307622,16,0,102 12 9,1,29,,307623,16,0,102 12 9,1,75,,307624,16,0,102 12 9,1,11,,307625,16,0,31 42 9,1,65,,307626,16,0,102 12 9,1,25,,307627,16,0,102 12 9,1,15,,307628,16,0,31 42 9,1,15,,307629,16,0,102 12 9,1,68,,307630,16,0,102 12 9,1,32,,307632,16,0,102 12 9,1,55,,307633,16,0,102 12 9,1,25,,307634,16,0,102 12 9,1,80,,307635,16,0,102 12 9,1,100,,307636,16,0,102 12 9,1,100,,307637,16,0,102 12 9,1,100,,307638,16,0,102 12 9,1
5600,'20260922',629,,307639,16,0,102 12 9,1,80,,307641,16,0,102 12 9,1,35,,307643,16,0,102 12 9,1,75,,307644,16,0,102 12 9,1,27,,307646,16,0,102 12 9,1,70,,307647,16,0,102 12 9,1,30,,307649,16,0,102 12 9,1,70,,307650,16,0,102 12 9,1,30,,307651,16,0,102 12 9,1,70,,307652,16,0,102 12 9,1,30,,307653,16,0,102 12 9,1,75,,307654,16,0,102 12 9,1,25,,307655,16,0,102 12 9,1,73,,307656,16,0,102 12 9,1,30,,307657,16,0,102 12 9,1,70,,307658,16,0,102 12 9,1,31,,307659,16,0,102 12 9,1,74,,307660,16,0,102 12 9,1,30,,307661,16,0,102 12 9,1,70,,307662,16,0,102 12 9,1,29,,307663,16,0,102 12 9,1,75,,307664,16,0,102 12 9,1,11,,307665,16,0,31 42 9,1,65,,307666,16,0,102 12 9,1,25,,307667,16,0,102 12 9,1,15,,307668,16,0,31 42 9,1,15,,307669,16,0,102 12 9,1,68,,307670,16,0,102 12 9,1,32,,307672,16,0,102 12 9,1,55,,307673,16,0,102 12 9,1,25,,307674,16,0,102 12 9,1,80,,307675,16,0,102 12 9,1,100,,307676,16,0,102 12 9,1,100,,307677,16,0,102 12 9,1,100,,307678,16,0,102 12 9,1
5600,'20260923',629,,307679,16,0,102 12 9,1,80,,307681,16,0,102 12 9,1,35,,307683,16,0,102 12 9,1,75,,307684,16,0,102 12 9,1,27,,307686,16,0,102 12 9,1,70,,307687,16,0,102 12 9,1,30,,307689,16,0,102 12 9,1,70,,307690,16,0,102 12 9,1,30,,307691,16,0,102 12 9,1,70,,307692,16,0,102 12 9,1,30,,307693,16,0,102 12 9,1,75,,307694,16,0,102 12 9,1,25,,307695,16,0,102 12 9,1,73,,307696,16,0,102 12 9,1,30,,307697,16,0,102 12 9,1,70,,307698,16,0,102 12 9,1,31,,307699,16,0,102 12 9,1,74,,307700,16,0,102 12 9,1,30,,307701,16,0,102 12 9,1,70,,307702,16,0,102 12 9,1,29,,307703,16,0,102 12 9,1,75,,307704,16,0,102 12 9,1,11,,307705,16,0,31 42 9,1,65,,307706,16,0,102 12 9,1,25,,307707,16,0,102 12 9,1,15,,307708,16,0,31 42 9,1,15,,307709,16,0,102 12 9,1,68,,307710,16,0,102 12 9,1,32,,307712,16,0,102 12 9,1,55,,307713,16,0,102 12 9,1,25,,307714,16,0,102 12 9,1,80,,307715,16,0,102 12 9,1,100,,307716,16,0,102 12 9,1,100,,307717,16,0,102 12 9,1,100,,307718,16,0,102 12 9,1
5600,'20260924',629,,307719,16,0,102 12 9,1,80,,307721,16,0,102 12 9,1,35,,307723,16,0,102 12 9,1,75,,307724,16,0,102 12 9,1,27,,307726,16,0,102 12 9,1,70,,307727,16,0,102 12 9,1,30,,307729,16,0,102 12 9,1,70,,307730,16,0,102 12 9,1,30,,307731,16,0,102 12 9,1,70,,307732,16,0,102 12 9,1,30,,307733,16,0,102 12 9,1,75,,307734,16,0,102 12 9,1,25,,307735,16,0,102 12 9,1,73,,307736,16,0,102 12 9,1,30,,307737,16,0,102 12 9,1,70,,307738,16,0,102 12 9,1,31,,307739,16,0,102 12 9,1,74,,307740,16,0,102 12 9,1,30,,307741,16,0,102 12 9,1,70,,307742,16,0,102 12 9,1,29,,307743,16,0,102 12 9,1,75,,307744,16,0,102 12 9,1,11,,307745,16,0,31 42 9,1,65,,307746,16,0,102 12 9,1,25,,307747,16,0,102 12 9,1,15,,307748,16,0,31 42 9,1,15,,307749,16,0,102 12 9,1,68,,307750,16,0,102 12 9,1,32,,307752,16,0,102 12 9,1,55,,307753,16,0,102 12 9,1,25,,307754,16,0,102 12 9,1,80,,307755,16,0,102 12 9,1,100,,307756,16,0,102 12 9,1,100,,307757,16,0,102 12 9,1,100,,307758,16,0,102 12 9,1
5600,'20260925',629,,307759,16,0,102 12 9,1,80,,307761,16,0,102 12 9,1,35,,307763,16,0,102 12 9,1,75,,307764,16,0,102 12 9,1,27,,307766,16,0,102 12 9,1,70,,307767,16,0,102 12 9,1,30,,307769,16,0,102 12 9,1,70,,307770,16,0,102 12 9,1,30,,307771,16,0,102 12 9,1,70,,307772,16,0,102 12 9,1,30,,307773,16,0,102 12 9,1,75,,307774,16,0,102 12 9,1,25,,307775,16,0,102 12 9,1,73,,307776,16,0,102 12 9,1,30,,307777,16,0,102 12 9,1,70,,307778,16,0,102 12 9,1,31,,307779,16,0,102 12 9,1,74,,307780,16,0,102 12 9,1,30,,307781,16,0,102 12 9,1,70,,307782,16,0,102 12 9,1,29,,307783,16,0,102 12 9,1,75,,307784,16,0,102 12 9,1,11,,307785,16,0,31 42 9,1,65,,307786,16,0,102 12 9,1,25,,307787,16,0,102 12 9,1,15,,307788,16,0,31 42 9,1,15,,307789,16,0,102 12 9,1,68,,307790,16,0,102 12 9,1,32,,307792,16,0,102 12 9,1,55,,307793,16,0,102 12 9,1,25,,307794,16,0,102 12 9,1,80,,307795,16,0,102 12 9,1,100,,307796,16,0,102 12 9,1,100,,307797,16,0,102 12 9,1,100,,307798,16,0,102 12 9,1
5600,'20260928',629,,307799,16,0,102 12 9,1,80,,307801,16,0,102 12 9,1,35,,307803,16,0,102 12 9,1,75,,307804,16,0,102 12 9,1,27,,307806,16,0,102 12 9,1,70,,307807,16,0,102 12 9,1,30,,307809,16,0,102 12 9,1,70,,307810,16,0,102 12 9,1,30,,307811,16,0,102 12 9,1,70,,307812,16,0,102 12 9,1,30,,307813,16,0,102 12 9,1,75,,307814,16,0,102 12 9,1,25,,307815,16,0,102 12 9,1,73,,307816,16,0,102 12 9,1,30,,307817,16,0,102 12 9,1,70,,307818,16,0,102 12 9,1,31,,307819,16,0,102 12 9,1,74,,307820,16,0,102 12 9,1,30,,307821,16,0,102 12 9,1,70,,307822,16,0,102 12 9,1,29,,307823,16,0,102 12 9,1,75,,307824,16,0,102 12 9,1,11,,307825,16,0,31 42 9,1,65,,307826,16,0,102 12 9,1,25,,307827,16,0,102 12 9,1,15,,307828,16,0,31 42 9,1,15,,307829,16,0,102 12 9,1,68,,307830,16,0,102 12 9,1,32,,307832,16,0,102 12 9,1,55,,307833,16,0,102 12 9,1,25,,307834,16,0,102 12 9,1,80,,307835,16,0,102 12 9,1,100,,307836,16,0,102 12 9,1,100,,307837,16,0,102 12 9,1,100,,307838,16,0,102 12 9,1
5600,'20260929',629,,307839,16,0,102 12 9,1,80,,307841,16,0,102 12 9,1,35,,307843,16,0,102 12 9,1,75,,307844,16,0,102 12 9,1,27,,307846,16,0,102 12 9,1,70,,307847,16,0,102 12 9,1,30,,307849,16,0,102 12 9,1,70,,307850,16,0,102 12 9,1,30,,307851,16,0,102 12 9,1,70,,307852,16,0,102 12 9,1,30,,307853,16,0,102 12 9,1,75,,307854,16,0,102 12 9,1,25,,307855,16,0,102 12 9,1,73,,307856,16,0,102 12 9,1,30,,307857,16,0,102 12 9,1,70,,307858,16,0,102 12 9,1,31,,307859,16,0,102 12 9,1,74,,307860,16,0,102 12 9,1,30,,307861,16,0,102 12 9,1,70,,307862,16,0,102 12 9,1,29,,307863,16,0,102 12 9,1,75,,307864,16,0,102 12 9,1,11,,307865,16,0,31 42 9,1,65,,307866,16,0,102 12 9,1,25,,307867,16,0,102 12 9,1,15,,307868,16,0,31 42 9,1,15,,307869,16,0,102 12 9,1,68,,307870,16,0,102 12 9,1,32,,307872,16,0,102 12 9,1,55,,307873,16,0,102 12 9,1,25,,307874,16,0,102 12 9,1,80,,307875,16,0,102 12 9,1,100,,307876,16,0,102 12 9,1,100,,307877,16,0,102 12 9,1,100,,307878,16,0,102 12 9,1
5600,'20260930',629,,307879,16,0,102 12 9,1,80,,307881,16,0,102 12 9,1,35,,307883,16,0,102 12 9,1,75,,307884,16,0,102 12 9,1,27,,307886,16,0,102 12 9,1,70,,307887,16,0,102 12 9,1,30,,307889,16,0,102 12 9,1,70,,307890,16,0,102 12 9,1,30,,307891,16,0,102 12 9,1,70,,307892,16,0,102 12 9,1,30,,307893,16,0,102 12 9,1,75,,307894,16,0,102 12 9,1,25,,307895,16,0,102 12 9,1,73,,307896,16,0,102 12 9,1,30,,307897,16,0,102 12 9,1,70,,307898,16,0,102 12 9,1,31,,307899,16,0,102 12 9,1,74,,307900,16,0,102 12 9,1,30,,307901,16,0,102 12 9,1,70,,307902,16,0,102 12 9,1,29,,307903,16,0,102 12 9,1,75,,307904,16,0,102 12 9,1,11,,307905,16,0,31 42 9,1,65,,307906,16,0,102 12 9,1,25,,307907,16,0,102 12 9,1,15,,307908,16,0,31 42 9,1,15,,307909,16,0,102 12 9,1,68,,307910,16,0,102 12 9,1,32,,307912,16,0,102 12 9,1,55,,307913,16,0,102 12 9,1,25,,307914,16,0,102 12 9,1,80,,307915,16,0,102 12 9,1,100,,307916,16,0,102 12 9,1,100,,307917,16,0,102 12 9,1,100,,307918,16,0,102 12 9,1
5600,'20261001',629,,307919,16,0,102 12 9,1,80,,307921,16,0,102 12 9,1,35,,307923,16,0,102 12 9,1,75,,307924,16,0,102 12 9,1,27,,307926,16,0,102 12 9,1,70,,307927,16,0,102 12 9,1,30,,307929,16,0,102 12 9,1,70,,307930,16,0,102 12 9,1,30,,307931,16,0,102 12 9,1,70,,307932,16,0,102 12 9,1,30,,307933,16,0,102 12 9,1,75,,307934,16,0,102 12 9,1,25,,307935,16,0,102 12 9,1,73,,307936,16,0,102 12 9,1,30,,307937,16,0,102 12 9,1,70,,307938,16,0,102 12 9,1,31,,307939,16,0,102 12 9,1,74,,307940,16,0,102 12 9,1,30,,307941,16,0,102 12 9,1,70,,307942,16,0,102 12 9,1,29,,307943,16,0,102 12 9,1,75,,307944,16,0,102 12 9,1,11,,307945,16,0,31 42 9,1,65,,307946,16,0,102 12 9,1,25,,307947,16,0,102 12 9,1,15,,307948,16,0,31 42 9,1,15,,307949,16,0,102 12 9,1,68,,307950,16,0,102 12 9,1,32,,307952,16,0,102 12 9,1,55,,307953,16,0,102 12 9,1,25,,307954,16,0,102 12 9,1,80,,307955,16,0,102 12 9,1,100,,307956,16,0,102 12 9,1,100,,307957,16,0,102 12 9,1,100,,307958,16,0,102 12 9,1
5600,'20261002',629,,307959,16,0,102 12 9,1,80,,307961,16,0,102 12 9,1,35,,307963,16,0,102 12 9,1,75,,307964,16,0,102 12 9,1,27,,307966,16,0,102 12 9,1,70,,307967,16,0,102 12 9,1,30,,307969,16,0,102 12 9,1,70,,307970,16,0,102 12 9,1,30,,307971,16,0,102 12 9,1,70,,307972,16,0,102 12 9,1,30,,307973,16,0,102 12 9,1,75,,307974,16,0,102 12 9,1,25,,307975,16,0,102 12 9,1,73,,307976,16,0,102 12 9,1,30,,307977,16,0,102 12 9,1,70,,307978,16,0,102 12 9,1,31,,307979,16,0,102 12 9,1,74,,307980,16,0,102 12 9,1,30,,307981,16,0,102 12 9,1,70,,307982,16,0,102 12 9,1,29,,307983,16,0,102 12 9,1,75,,307984,16,0,102 12 9,1,11,,307985,16,0,31 42 9,1,65,,307986,16,0,102 12 9,1,25,,307987,16,0,102 12 9,1,15,,307988,16,0,31 42 9,1,15,,307989,16,0,102 12 9,1,68,,307990,16,0,102 12 9,1,32,,307992,16,0,102 12 9,1,55,,307993,16,0,102 12 9,1,25,,307994,16,0,102 12 9,1,80,,307995,16,0,102 12 9,1,100,,307996,16,0,102 12 9,1,100,,307997,16,0,102 12 9,1,100,,307998,16,0,102 12 9,1
5600,'20261005',629,,307999,16,0,102 12 9,1,80,,308001,16,0,102 12 9,1,35,,308003,16,0,102 12 9,1,75,,308004,16,0,102 12 9,1,27,,308006,16,0,102 12 9,1,70,,308007,16,0,102 12 9,1,30,,308009,16,0,102 12 9,1,70,,308010,16,0,102 12 9,1,30,,308011,16,0,102 12 9,1,70,,308012,16,0,102 12 9,1,30,,308013,16,0,102 12 9,1,75,,308014,16,0,102 12 9,1,25,,308015,16,0,102 12 9,1,73,,308016,16,0,102 12 9,1,30,,308017,16,0,102 12 9,1,70,,308018,16,0,102 12 9,1,31,,308019,16,0,102 12 9,1,74,,308020,16,0,102 12 9,1,30,,308021,16,0,102 12 9,1,70,,308022,16,0,102 12 9,1,29,,308023,16,0,102 12 9,1,75,,308024,16,0,102 12 9,1,11,,308025,16,0,31 42 9,1,65,,308026,16,0,102 12 9,1,25,,308027,16,0,102 12 9,1,15,,308028,16,0,31 42 9,1,15,,308029,16,0,102 12 9,1,68,,308030,16,0,102 12 9,1,32,,308032,16,0,102 12 9,1,55,,308033,16,0,102 12 9,1,25,,308034,16,0,102 12 9,1,80,,308035,16,0,102 12 9,1,100,,308036,16,0,102 12 9,1,100,,308037,16,0,102 12 9,1,100,,308038,16,0,102 12 9,1
5600,'20261006',629,,308039,16,0,102 12 9,1,80,,308041,16,0,102 12 9,1,35,,308043,16,0,102 12 9,1,75,,308044,16,0,102 12 9,1,27,,308046,16,0,102 12 9,1,70,,308047,16,0,102 12 9,1,30,,308049,16,0,102 12 9,1,70,,308050,16,0,102 12 9,1,30,,308051,16,0,102 12 9,1,70,,308052,16,0,102 12 9,1,30,,308053,16,0,102 12 9,1,75,,308054,16,0,102 12 9,1,25,,308055,16,0,102 12 9,1,73,,308056,16,0,102 12 9,1,30,,308057,16,0,102 12 9,1,70,,308058,16,0,102 12 9,1,31,,308059,16,0,102 12 9,1,74,,308060,16,0,102 12 9,1,30,,308061,16,0,102 12 9,1,70,,308062,16,0,102 12 9,1,29,,308063,16,0,102 12 9,1,75,,308064,16,0,102 12 9,1,11,,308065,16,0,31 42 9,1,65,,308066,16,0,102 12 9,1,25,,308067,16,0,102 12 9,1,15,,308068,16,0,31 42 9,1,15,,308069,16,0,102 12 9,1,68,,308070,16,0,102 12 9,1,32,,308072,16,0,102 12 9,1,55,,308073,16,0,102 12 9,1,25,,308074,16,0,102 12 9,1,80,,308075,16,0,102 12 9,1,100,,308076,16,0,102 12 9,1,100,,308077,16,0,102 12 9,1,100,,308078,16,0,102 12 9,1
5600,'20261007',629,,308079,16,0,102 12 9,1,80,,308081,16,0,102 12 9,1,35,,308083,16,0,102 12 9,1,75,,308084,16,0,102 12 9,1,27,,308086,16,0,102 12 9,1,70,,308087,16,0,102 12 9,1,30,,308089,16,0,102 12 9,1,70,,308090,16,0,102 12 9,1,30,,308091,16,0,102 12 9,1,70,,308092,16,0,102 12 9,1,30,,308093,16,0,102 12 9,1,75,,308094,16,0,102 12 9,1,25,,308095,16,0,102 12 9,1,73,,308096,16,0,102 12 9,1,30,,308097,16,0,102 12 9,1,70,,308098,16,0,102 12 9,1,31,,308099,16,0,102 12 9,1,74,,308100,16,0,102 12 9,1,30,,308101,16,0,102 12 9,1,70,,308102,16,0,102 12 9,1,29,,308103,16,0,102 12 9,1,75,,308104,16,0,102 12 9,1,11,,308105,16,0,31 42 9,1,65,,308106,16,0,102 12 9,1,25,,308107,16,0,102 12 9,1,15,,308108,16,0,31 42 9,1,15,,308109,16,0,102 12 9,1,68,,308110,16,0,102 12 9,1,32,,308112,16,0,102 12 9,1,55,,308113,16,0,102 12 9,1,25,,308114,16,0,102 12 9,1,80,,308115,16,0,102 12 9,1,100,,308116,16,0,102 12 9,1,100,,308117,16,0,102 12 9,1,100,,308118,16,0,102 12 9,1
5600,'20261008',629,,308119,16,0,102 12 9,1,80,,308121,16,0,102 12 9,1,35,,308123,16,0,102 12 9,1,75,,308124,16,0,102 12 9,1,27,,308126,16,0,102 12 9,1,70,,308127,16,0,102 12 9,1,30,,308129,16,0,102 12 9,1,70,,308130,16,0,102 12 9,1,30,,308131,16,0,102 12 9,1,70,,308132,16,0,102 12 9,1,30,,308133,16,0,102 12 9,1,75,,308134,16,0,102 12 9,1,25,,308135,16,0,102 12 9,1,73,,308136,16,0,102 12 9,1,30,,308137,16,0,102 12 9,1,70,,308138,16,0,102 12 9,1,31,,308139,16,0,102 12 9,1,74,,308140,16,0,102 12 9,1,30,,308141,16,0,102 12 9,1,70,,308142,16,0,102 12 9,1,29,,308143,16,0,102 12 9,1,75,,308144,16,0,102 12 9,1,11,,308145,16,0,31 42 9,1,65,,308146,16,0,102 12 9,1,25,,308147,16,0,102 12 9,1,15,,308148,16,0,31 42 9,1,15,,308149,16,0,102 12 9,1,68,,308150,16,0,102 12 9,1,32,,308152,16,0,102 12 9,1,55,,308153,16,0,102 12 9,1,25,,308154,16,0,102 12 9,1,80,,308155,16,0,102 12 9,1,100,,308156,16,0,102 12 9,1,100,,308157,16,0,102 12 9,1,100,,308158,16,0,102 12 9,1
5600,'20261009',629,,308159,16,0,102 12 9,1,80,,308161,16,0,102 12 9,1,35,,308163,16,0,102 12 9,1,75,,308164,16,0,102 12 9,1,27,,308166,16,0,102 12 9,1,70,,308167,16,0,102 12 9,1,30,,308169,16,0,102 12 9,1,70,,308170,16,0,102 12 9,1,30,,308171,16,0,102 12 9,1,70,,308172,16,0,102 12 9,1,30,,308173,16,0,102 12 9,1,75,,308174,16,0,102 12 9,1,25,,308175,16,0,102 12 9,1,73,,308176,16,0,102 12 9,1,30,,308177,16,0,102 12 9,1,70,,308178,16,0,102 12 9,1,31,,308179,16,0,102 12 9,1,74,,308180,16,0,102 12 9,1,30,,308181,16,0,102 12 9,1,70,,308182,16,0,102 12 9,1,29,,308183,16,0,102 12 9,1,75,,308184,16,0,102 12 9,1,11,,308185,16,0,31 42 9,1,65,,308186,16,0,102 12 9,1,25,,308187,16,0,102 12 9,1,15,,308188,16,0,31 42 9,1,15,,308189,16,0,102 12 9,1,68,,308190,16,0,102 12 9,1,32,,308192,16,0,102 12 9,1,55,,308193,16,0,102 12 9,1,25,,308194,16,0,102 12 9,1,80,,308195,16,0,102 12 9,1,100,,308196,16,0,102 12 9,1,100,,308197,16,0,102 12 9,1,100,,308198,16,0,102 12 9,1
5600,'20261013',629,,308199,16,0,102 12 9,1,80,,308201,16,0,102 12 9,1,35,,308203,16,0,102 12 9,1,75,,308204,16,0,102 12 9,1,27,,308206,16,0,102 12 9,1,70,,308207,16,0,102 12 9,1,30,,308209,16,0,102 12 9,1,70,,308210,16,0,102 12 9,1,30,,308211,16,0,102 12 9,1,70,,308212,16,0,102 12 9,1,30,,308213,16,0,102 12 9,1,75,,308214,16,0,102 12 9,1,25,,308215,16,0,102 12 9,1,73,,308216,16,0,102 12 9,1,30,,308217,16,0,102 12 9,1,70,,308218,16,0,102 12 9,1,31,,308219,16,0,102 12 9,1,74,,308220,16,0,102 12 9,1,30,,308221,16,0,102 12 9,1,70,,308222,16,0,102 12 9,1,29,,308223,16,0,102 12 9,1,75,,308224,16,0,102 12 9,1,11,,308225,16,0,31 42 9,1,65,,308226,16,0,102 12 9,1,25,,308227,16,0,102 12 9,1,15,,308228,16,0,31 42 9,1,15,,308229,16,0,102 12 9,1,68,,308230,16,0,102 12 9,1,32,,308232,16,0,102 12 9,1,55,,308233,16,0,102 12 9,1,25,,308234,16,0,102 12 9,1,80,,308235,16,0,102 12 9,1,100,,308236,16,0,102 12 9,1,100,,308237,16,0,102 12 9,1,100,,308238,16,0,102 12 9,1
5600,'20261014',629,,308239,16,0,102 12 9,1,80,,308241,16,0,102 12 9,1,35,,308243,16,0,102 12 9,1,75,,308244,16,0,102 12 9,1,27,,308246,16,0,102 12 9,1,70,,308247,16,0,102 12 9,1,30,,308249,16,0,102 12 9,1,70,,308250,16,0,102 12 9,1,30,,308251,16,0,102 12 9,1,70,,308252,16,0,102 12 9,1,30,,308253,16,0,102 12 9,1,75,,308254,16,0,102 12 9,1,25,,308255,16,0,102 12 9,1,73,,308256,16,0,102 12 9,1,30,,308257,16,0,102 12 9,1,70,,308258,16,0,102 12 9,1,31,,308259,16,0,102 12 9,1,74,,308260,16,0,102 12 9,1,30,,308261,16,0,102 12 9,1,70,,308262,16,0,102 12 9,1,29,,308263,16,0,102 12 9,1,75,,308264,16,0,102 12 9,1,11,,308265,16,0,31 42 9,1,65,,308266,16,0,102 12 9,1,25,,308267,16,0,102 12 9,1,15,,308268,16,0,31 42 9,1,15,,308269,16,0,102 12 9,1,68,,308270,16,0,102 12 9,1,32,,308272,16,0,102 12 9,1,55,,308273,16,0,102 12 9,1,25,,308274,16,0,102 12 9,1,80,,308275,16,0,102 12 9,1,100,,308276,16,0,102 12 9,1,100,,308277,16,0,102 12 9,1,100,,308278,16,0,102 12 9,1
5600,'20261015',629,,308279,16,0,102 12 9,1,80,,308281,16,0,102 12 9,1,35,,308283,16,0,102 12 9,1,75,,308284,16,0,102 12 9,1,27,,308286,16,0,102 12 9,1,70,,308287,16,0,102 12 9,1,30,,308289,16,0,102 12 9,1,70,,308290,16,0,102 12 9,1,30,,308291,16,0,102 12 9,1,70,,308292,16,0,102 12 9,1,30,,308293,16,0,102 12 9,1,75,,308294,16,0,102 12 9,1,25,,308295,16,0,102 12 9,1,73,,308296,16,0,102 12 9,1,30,,308297,16,0,102 12 9,1,70,,308298,16,0,102 12 9,1,31,,308299,16,0,102 12 9,1,74,,308300,16,0,102 12 9,1,30,,308301,16,0,102 12 9,1,70,,308302,16,0,102 12 9,1,29,,308303,16,0,102 12 9,1,75,,308304,16,0,102 12 9,1,11,,308305,16,0,31 42 9,1,65,,308306,16,0,102 12 9,1,25,,308307,16,0,102 12 9,1,15,,308308,16,0,31 42 9,1,15,,308309,16,0,102 12 9,1,68,,308310,16,0,102 12 9,1,32,,308312,16,0,102 12 9,1,55,,308313,16,0,102 12 9,1,25,,308314,16,0,102 12 9,1,80,,308315,16,0,102 12 9,1,100,,308316,16,0,102 12 9,1,100,,308317,16,0,102 12 9,1,100,,308318,16,0,102 12 9,1
5600,'20261016',629,,308319,16,0,102 12 9,1,80,,308321,16,0,102 12 9,1,35,,308323,16,0,102 12 9,1,75,,308324,16,0,102 12 9,1,27,,308326,16,0,102 12 9,1,70,,308327,16,0,102 12 9,1,30,,308329,16,0,102 12 9,1,70,,308330,16,0,102 12 9,1,30,,308331,16,0,102 12 9,1,70,,308332,16,0,102 12 9,1,30,,308333,16,0,102 12 9,1,75,,308334,16,0,102 12 9,1,25,,308335,16,0,102 12 9,1,73,,308336,16,0,102 12 9,1,30,,308337,16,0,102 12 9,1,70,,308338,16,0,102 12 9,1,31,,308339,16,0,102 12 9,1,74,,308340,16,0,102 12 9,1,30,,308341,16,0,102 12 9,1,70,,308342,16,0,102 12 9,1,29,,308343,16,0,102 12 9,1,75,,308344,16,0,102 12 9,1,11,,308345,16,0,31 42 9,1,65,,308346,16,0,102 12 9,1,25,,308347,16,0,102 12 9,1,15,,308348,16,0,31 42 9,1,15,,308349,16,0,102 12 9,1,68,,308350,16,0,102 12 9,1,32,,308352,16,0,102 12 9,1,55,,308353,16,0,102 12 9,1,25,,308354,16,0,102 12 9,1,80,,308355,16,0,102 12 9,1,100,,308356,16,0,102 12 9,1,100,,308357,16,0,102 12 9,1,100,,308358,16,0,102 12 9,1
5600,'20261019',629,,308359,16,0,102 12 9,1,80,,308361,16,0,102 12 9,1,35,,308363,16,0,102 12 9,1,75,,308364,16,0,102 12 9,1,27,,308366,16,0,102 12 9,1,70,,308367,16,0,102 12 9,1,30,,308369,16,0,102 12 9,1,70,,308370,16,0,102 12 9,1,30,,308371,16,0,102 12 9,1,70,,308372,16,0,102 12 9,1,30,,308373,16,0,102 12 9,1,75,,308374,16,0,102 12 9,1,25,,308375,16,0,102 12 9,1,73,,308376,16,0,102 12 9,1,30,,308377,16,0,102 12 9,1,70,,308378,16,0,102 12 9,1,31,,308379,16,0,102 12 9,1,74,,308380,16,0,102 12 9,1,30,,308381,16,0,102 12 9,1,70,,308382,16,0,102 12 9,1,29,,308383,16,0,102 12 9,1,75,,308384,16,0,102 12 9,1,11,,308385,16,0,31 42 9,1,65,,308386,16,0,102 12 9,1,25,,308387,16,0,102 12 9,1,15,,308388,16,0,31 42 9,1,15,,308389,16,0,102 12 9,1,68,,308390,16,0,102 12 9,1,32,,308392,16,0,102 12 9,1,55,,308393,16,0,102 12 9,1,25,,308394,16,0,102 12 9,1,80,,308395,16,0,102 12 9,1,100,,308396,16,0,102 12 9,1,100,,308397,16,0,102 12 9,1,100,,308398,16,0,102 12 9,1
5600,'20261020',629,,308399,16,0,102 12 9,1,80,,308401,16,0,102 12 9,1,35,,308403,16,0,102 12 9,1,75,,308404,16,0,102 12 9,1,27,,308406,16,0,102 12 9,1,70,,308407,16,0,102 12 9,1,30,,308409,16,0,102 12 9,1,70,,308410,16,0,102 12 9,1,30,,308411,16,0,102 12 9,1,70,,308412,16,0,102 12 9,1,30,,308413,16,0,102 12 9,1,75,,308414,16,0,102 12 9,1,25,,308415,16,0,102 12 9,1,73,,308416,16,0,102 12 9,1,30,,308417,16,0,102 12 9,1,70,,308418,16,0,102 12 9,1,31,,308419,16,0,102 12 9,1,74,,308420,16,0,102 12 9,1,30,,308421,16,0,102 12 9,1,70,,308422,16,0,102 12 9,1,29,,308423,16,0,102 12 9,1,75,,308424,16,0,102 12 9,1,11,,308425,16,0,31 42 9,1,65,,308426,16,0,102 12 9,1,25,,308427,16,0,102 12 9,1,15,,308428,16,0,31 42 9,1,15,,308429,16,0,102 12 9,1,68,,308430,16,0,102 12 9,1,32,,308432,16,0,102 12 9,1,55,,308433,16,0,102 12 9,1,25,,308434,16,0,102 12 9,1,80,,308435,16,0,102 12 9,1,100,,308436,16,0,102 12 9,1,100,,308437,16,0,102 12 9,1,100,,308438,16,0,102 12 9,1
5600,'20261021',629,,308439,16,0,102 12 9,1,80,,308441,16,0,102 12 9,1,35,,308443,16,0,102 12 9,1,75,,308444,16,0,102 12 9,1,27,,308446,16,0,102 12 9,1,70,,308447,16,0,102 12 9,1,30,,308449,16,0,102 12 9,1,70,,308450,16,0,102 12 9,1,30,,308451,16,0,102 12 9,1,70,,308452,16,0,102 12 9,1,30,,308453,16,0,102 12 9,1,75,,308454,16,0,102 12 9,1,25,,308455,16,0,102 12 9,1,73,,308456,16,0,102 12 9,1,30,,308457,16,0,102 12 9,1,70,,308458,16,0,102 12 9,1,31,,308459,16,0,102 12 9,1,74,,308460,16,0,102 12 9,1,30,,308461,16,0,102 12 9,1,70,,308462,16,0,102 12 9,1,29,,308463,16,0,102 12 9,1,75,,308464,16,0,102 12 9,1,11,,308465,16,0,31 42 9,1,65,,308466,16,0,102 12 9,1,25,,308467,16,0,102 12 9,1,15,,308468,16,0,31 42 9,1,15,,308469,16,0,102 12 9,1,68,,308470,16,0,102 12 9,1,32,,308472,16,0,102 12 9,1,55,,308473,16,0,102 12 9,1,25,,308474,16,0,102 12 9,1,80,,308475,16,0,102 12 9,1,100,,308476,16,0,102 12 9,1,100,,308477,16,0,102 12 9,1,100,,308478,16,0,102 12 9,1
5600,'20261022',629,,308479,16,0,102 12 9,1,80,,308481,16,0,102 12 9,1,35,,308483,16,0,102 12 9,1,75,,308484,16,0,102 12 9,1,27,,308486,16,0,102 12 9,1,70,,308487,16,0,102 12 9,1,30,,308489,16,0,102 12 9,1,70,,308490,16,0,102 12 9,1,30,,308491,16,0,102 12 9,1,70,,308492,16,0,102 12 9,1,30,,308493,16,0,102 12 9,1,75,,308494,16,0,102 12 9,1,25,,308495,16,0,102 12 9,1,73,,308496,16,0,102 12 9,1,30,,308497,16,0,102 12 9,1,70,,308498,16,0,102 12 9,1,31,,308499,16,0,102 12 9,1,74,,308500,16,0,102 12 9,1,30,,308501,16,0,102 12 9,1,70,,308502,16,0,102 12 9,1,29,,308503,16,0,102 12 9,1,75,,308504,16,0,102 12 9,1,11,,308505,16,0,31 42 9,1,65,,308506,16,0,102 12 9,1,25,,308507,16,0,102 12 9,1,15,,308508,16,0,31 42 9,1,15,,308509,16,0,102 12 9,1,68,,308510,16,0,102 12 9,1,32,,308512,16,0,102 12 9,1,55,,308513,16,0,102 12 9,1,25,,308514,16,0,102 12 9,1,80,,308515,16,0,102 12 9,1,100,,308516,16,0,102 12 9,1,100,,308517,16,0,102 12 9,1,100,,308518,16,0,102 12 9,1
5600,'20261023',629,,308519,16,0,102 12 9,1,80,,308521,16,0,102 12 9,1,35,,308523,16,0,102 12 9,1,75,,308524,16,0,102 12 9,1,27,,308526,16,0,102 12 9,1,70,,308527,16,0,102 12 9,1,30,,308529,16,0,102 12 9,1,70,,308530,16,0,102 12 9,1,30,,308531,16,0,102 12 9,1,70,,308532,16,0,102 12 9,1,30,,308533,16,0,102 12 9,1,75,,308534,16,0,102 12 9,1,25,,308535,16,0,102 12 9,1,73,,308536,16,0,102 12 9,1,30,,308537,16,0,102 12 9,1,70,,308538,16,0,102 12 9,1,31,,308539,16,0,102 12 9,1,74,,308540,16,0,102 12 9,1,30,,308541,16,0,102 12 9,1,70,,308542,16,0,102 12 9,1,29,,308543,16,0,102 12 9,1,75,,308544,16,0,102 12 9,1,11,,308545,16,0,31 42 9,1,65,,308546,16,0,102 12 9,1,25,,308547,16,0,102 12 9,1,15,,308548,16,0,31 42 9,1,15,,308549,16,0,102 12 9,1,68,,308550,16,0,102 12 9,1,32,,308552,16,0,102 12 9,1,55,,308553,16,0,102 12 9,1,25,,308554,16,0,102 12 9,1,80,,308555,16,0,102 12 9,1,100,,308556,16,0,102 12 9,1,100,,308557,16,0,102 12 9,1,100,,308558,16,0,102 12 9,1
5600,'20261026',629,,308559,16,0,102 12 9,1,80,,308561,16,0,102 12 9,1,35,,308563,16,0,102 12 9,1,75,,308564,16,0,102 12 9,1,27,,308566,16,0,102 12 9,1,70,,308567,16,0,102 12 9,1,30,,308569,16,0,102 12 9,1,70,,308570,16,0,102 12 9,1,30,,308571,16,0,102 12 9,1,70,,308572,16,0,102 12 9,1,30,,308573,16,0,102 12 9,1,75,,308574,16,0,102 12 9,1,25,,308575,16,0,102 12 9,1,73,,308576,16,0,102 12 9,1,30,,308577,16,0,102 12 9,1,70,,308578,16,0,102 12 9,1,31,,308579,16,0,102 12 9,1,74,,308580,16,0,102 12 9,1,30,,308581,16,0,102 12 9,1,70,,308582,16,0,102 12 9,1,29,,308583,16,0,102 12 9,1,75,,308584,16,0,102 12 9,1,11,,308585,16,0,31 42 9,1,65,,308586,16,0,102 12 9,1,25,,308587,16,0,102 12 9,1,15,,308588,16,0,31 42 9,1,15,,308589,16,0,102 12 9,1,68,,308590,16,0,102 12 9,1,32,,308592,16,0,102 12 9,1,55,,308593,16,0,102 12 9,1,25,,308594,16,0,102 12 9,1,80,,308595,16,0,102 12 9,1,100,,308596,16,0,102 12 9,1,100,,308597,16,0,102 12 9,1,100,,308598,16,0,102 12 9,1
5600,'20261027',629,,308599,16,0,102 12 9,1,80,,308601,16,0,102 12 9,1,35,,308603,16,0,102 12 9,1,75,,308604,16,0,102 12 9,1,27,,308606,16,0,102 12 9,1,70,,308607,16,0,102 12 9,1,30,,308609,16,0,102 12 9,1,70,,308610,16,0,102 12 9,1,30,,308611,16,0,102 12 9,1,70,,308612,16,0,102 12 9,1,30,,308613,16,0,102 12 9,1,75,,308614,16,0,102 12 9,1,25,,308615,16,0,102 12 9,1,73,,308616,16,0,102 12 9,1,30,,308617,16,0,102 12 9,1,70,,308618,16,0,102 12 9,1,31,,308619,16,0,102 12 9,1,74,,308620,16,0,102 12 9,1,30,,308621,16,0,102 12 9,1,70,,308622,16,0,102 12 9,1,29,,308623,16,0,102 12 9,1,75,,308624,16,0,102 12 9,1,11,,308625,16,0,31 42 9,1,65,,308626,16,0,102 12 9,1,25,,308627,16,0,102 12 9,1,15,,308628,16,0,31 42 9,1,15,,308629,16,0,102 12 9,1,68,,308630,16,0,102 12 9,1,32,,308632,16,0,102 12 9,1,55,,308633,16,0,102 12 9,1,25,,308634,16,0,102 12 9,1,80,,308635,16,0,102 12 9,1,100,,308636,16,0,102 12 9,1,100,,308637,16,0,102 12 9,1,100,,308638,16,0,102 12 9,1
5600,'20261028',629,,308639,16,0,102 12 9,1,80,,308641,16,0,102 12 9,1,35,,308643,16,0,102 12 9,1,75,,308644,16,0,102 12 9,1,27,,308646,16,0,102 12 9,1,70,,308647,16,0,102 12 9,1,30,,308649,16,0,102 12 9,1,70,,308650,16,0,102 12 9,1,30,,308651,16,0,102 12 9,1,70,,308652,16,0,102 12 9,1,30,,308653,16,0,102 12 9,1,75,,308654,16,0,102 12 9,1,25,,308655,16,0,102 12 9,1,73,,308656,16,0,102 12 9,1,30,,308657,16,0,102 12 9,1,70,,308658,16,0,102 12 9,1,31,,308659,16,0,102 12 9,1,74,,308660,16,0,102 12 9,1,30,,308661,16,0,102 12 9,1,70,,308662,16,0,102 12 9,1,29,,308663,16,0,102 12 9,1,75,,308664,16,0,102 12 9,1,11,,308665,16,0,31 42 9,1,65,,308666,16,0,102 12 9,1,25,,308667,16,0,102 12 9,1,15,,308668,16,0,31 42 9,1,15,,308669,16,0,102 12 9,1,68,,308670,16,0,102 12 9,1,32,,308672,16,0,102 12 9,1,55,,308673,16,0,102 12 9,1,25,,308674,16,0,102 12 9,1,80,,308675,16,0,102 12 9,1,100,,308676,16,0,102 12 9,1,100,,308677,16,0,102 12 9,1,100,,308678,16,0,102 12 9,1
5600,'20261029',629,,308679,16,0,102 12 9,1,80,,308681,16,0,102 12 9,1,35,,308683,16,0,102 12 9,1,75,,308684,16,0,102 12 9,1,27,,308686,16,0,102 12 9,1,70,,308687,16,0,102 12 9,1,30,,308689,16,0,102 12 9,1,70,,308690,16,0,102 12 9,1,30,,308691,16,0,102 12 9,1,70,,308692,16,0,102 12 9,1,30,,308693,16,0,102 12 9,1,75,,308694,16,0,102 12 9,1,25,,308695,16,0,102 12 9,1,73,,308696,16,0,102 12 9,1,30,,308697,16,0,102 12 9,1,70,,308698,16,0,102 12 9,1,31,,308699,16,0,102 12 9,1,74,,308700,16,0,102 12 9,1,30,,308701,16,0,102 12 9,1,70,,308702,16,0,102 12 9,1,29,,308703,16,0,102 12 9,1,75,,308704,16,0,102 12 9,1,11,,308705,16,0,31 42 9,1,65,,308706,16,0,102 12 9,1,25,,308707,16,0,102 12 9,1,15,,308708,16,0,31 42 9,1,15,,308709,16,0,102 12 9,1,68,,308710,16,0,102 12 9,1,32,,308712,16,0,102 12 9,1,55,,308713,16,0,102 12 9,1,25,,308714,16,0,102 12 9,1,80,,308715,16,0,102 12 9,1,100,,308716,16,0,102 12 9,1,100,,308717,16,0,102 12 9,1,100,,308718,16,0,102 12 9,1
5600,'20261030',629,,308719,16,0,102 12 9,1,80,,308721,16,0,102 12 9,1,35,,308723,16,0,102 12 9,1,75,,308724,16,0,102 12 9,1,27,,308726,16,0,102 12 9,1,70,,308727,16,0,102 12 9,1,30,,308729,16,0,102 12 9,1,70,,308730,16,0,102 12 9,1,30,,308731,16,0,102 12 9,1,70,,308732,16,0,102 12 9,1,30,,308733,16,0,102 12 9,1,75,,308734,16,0,102 12 9,1,25,,308735,16,0,102 12 9,1,73,,308736,16,0,102 12 9,1,30,,308737,16,0,102 12 9,1,70,,308738,16,0,102 12 9,1,31,,308739,16,0,102 12 9,1,74,,308740,16,0,102 12 9,1,30,,308741,16,0,102 12 9,1,70,,308742,16,0,102 12 9,1,29,,308743,16,0,102 12 9,1,75,,308744,16,0,102 12 9,1,11,,308745,16,0,31 42 9,1,65,,308746,16,0,102 12 9,1,25,,308747,16,0,102 12 9,1,15,,308748,16,0,31 42 9,1,15,,308749,16,0,102 12 9,1,68,,308750,16,0,102 12 9,1,32,,308752,16,0,102 12 9,1,55,,308753,16,0,102 12 9,1,25,,308754,16,0,102 12 9,1,80,,308755,16,0,102 12 9,1,100,,308756,16,0,102 12 9,1,100,,308757,16,0,102 12 9,1,100,,308758,16,0,102 12 9,1
5600,'20261102',629,,308759,16,0,102 12 9,1,80,,308761,16,0,102 12 9,1,35,,308763,16,0,102 12 9,1,75,,308764,16,0,102 12 9,1,27,,308766,16,0,102 12 9,1,70,,308767,16,0,102 12 9,1,30,,308769,16,0,102 12 9,1,70,,308770,16,0,102 12 9,1,30,,308771,16,0,102 12 9,1,70,,308772,16,0,102 12 9,1,30,,308773,16,0,102 12 9,1,75,,308774,16,0,102 12 9,1,25,,308775,16,0,102 12 9,1,73,,308776,16,0,102 12 9,1,30,,308777,16,0,102 12 9,1,70,,308778,16,0,102 12 9,1,31,,308779,16,0,102 12 9,1,74,,308780,16,0,102 12 9,1,30,,308781,16,0,102 12 9,1,70,,308782,16,0,102 12 9,1,29,,308783,16,0,102 12 9,1,75,,308784,16,0,102 12 9,1,11,,308785,16,0,31 42 9,1,65,,308786,16,0,102 12 9,1,25,,308787,16,0,102 12 9,1,15,,308788,16,0,31 42 9,1,15,,308789,16,0,102 12 9,1,68,,308790,16,0,102 12 9,1,32,,308792,16,0,102 12 9,1,55,,308793,16,0,102 12 9,1,25,,308794,16,0,102 12 9,1,80,,308795,16,0,102 12 9,1,100,,308796,16,0,102 12 9,1,100,,308797,16,0,102 12 9,1,100,,308798,16,0,102 12 9,1
5600,'20261103',629,,308799,16,0,102 12 9,1,80,,308801,16,0,102 12 9,1,35,,308803,16,0,102 12 9,1,75,,308804,16,0,102 12 9,1,27,,308806,16,0,102 12 9,1,70,,308807,16,0,102 12 9,1,30,,308809,16,0,102 12 9,1,70,,308810,16,0,102 12 9,1,30,,308811,16,0,102 12 9,1,70,,308812,16,0,102 12 9,1,30,,308813,16,0,102 12 9,1,75,,308814,16,0,102 12 9,1,25,,308815,16,0,102 12 9,1,73,,308816,16,0,102 12 9,1,30,,308817,16,0,102 12 9,1,70,,308818,16,0,102 12 9,1,31,,308819,16,0,102 12 9,1,74,,308820,16,0,102 12 9,1,30,,308821,16,0,102 12 9,1,70,,308822,16,0,102 12 9,1,29,,308823,16,0,102 12 9,1,75,,308824,16,0,102 12 9,1,11,,308825,16,0,31 42 9,1,65,,308826,16,0,102 12 9,1,25,,308827,16,0,102 12 9,1,15,,308828,16,0,31 42 9,1,15,,308829,16,0,102 12 9,1,68,,308830,16,0,102 12 9,1,32,,308832,16,0,102 12 9,1,55,,308833,16,0,102 12 9,1,25,,308834,16,0,102 12 9,1,80,,308835,16,0,102 12 9,1,100,,308836,16,0,102 12 9,1,100,,308837,16,0,102 12 9,1,100,,308838,16,0,102 12 9,1
5600,'20261104',629,,308839,16,0,102 12 9,1,80,,308841,16,0,102 12 9,1,35,,308843,16,0,102 12 9,1,75,,308844,16,0,102 12 9,1,27,,308846,16,0,102 12 9,1,70,,308847,16,0,102 12 9,1,30,,308849,16,0,102 12 9,1,70,,308850,16,0,102 12 9,1,30,,308851,16,0,102 12 9,1,70,,308852,16,0,102 12 9,1,30,,308853,16,0,102 12 9,1,75,,308854,16,0,102 12 9,1,25,,308855,16,0,102 12 9,1,73,,308856,16,0,102 12 9,1,30,,308857,16,0,102 12 9,1,70,,308858,16,0,102 12 9,1,31,,308859,16,0,102 12 9,1,74,,308860,16,0,102 12 9,1,30,,308861,16,0,102 12 9,1,70,,308862,16,0,102 12 9,1,29,,308863,16,0,102 12 9,1,75,,308864,16,0,102 12 9,1,11,,308865,16,0,31 42 9,1,65,,308866,16,0,102 12 9,1,25,,308867,16,0,102 12 9,1,15,,308868,16,0,31 42 9,1,15,,308869,16,0,102 12 9,1,68,,308870,16,0,102 12 9,1,32,,308872,16,0,102 12 9,1,55,,308873,16,0,102 12 9,1,25,,308874,16,0,102 12 9,1,80,,308875,16,0,102 12 9,1,100,,308876,16,0,102 12 9,1,100,,308877,16,0,102 12 9,1,100,,308878,16,0,102 12 9,1
5600,'20261105',629,,308879,16,0,102 12 9,1,80,,308881,16,0,102 12 9,1,35,,308883,16,0,102 12 9,1,75,,308884,16,0,102 12 9,1,27,,308886,16,0,102 12 9,1,70,,308887,16,0,102 12 9,1,30,,308889,16,0,102 12 9,1,70,,308890,16,0,102 12 9,1,30,,308891,16,0,102 12 9,1,70,,308892,16,0,102 12 9,1,30,,308893,16,0,102 12 9,1,75,,308894,16,0,102 12 9,1,25,,308895,16,0,102 12 9,1,73,,308896,16,0,102 12 9,1,30,,308897,16,0,102 12 9,1,70,,308898,16,0,102 12 9,1,31,,308899,16,0,102 12 9,1,74,,308900,16,0,102 12 9,1,30,,308901,16,0,102 12 9,1,70,,308902,16,0,102 12 9,1,29,,308903,16,0,102 12 9,1,75,,308904,16,0,102 12 9,1,11,,308905,16,0,31 42 9,1,65,,308906,16,0,102 12 9,1,25,,308907,16,0,102 12 9,1,15,,308908,16,0,31 42 9,1,15,,308909,16,0,102 12 9,1,68,,308910,16,0,102 12 9,1,32,,308912,16,0,102 12 9,1,55,,308913,16,0,102 12 9,1,25,,308914,16,0,102 12 9,1,80,,308915,16,0,102 12 9,1,100,,308916,16,0,102 12 9,1,100,,308917,16,0,102 12 9,1,100,,308918,16,0,102 12 9,1
5600,'20261106',629,,308919,16,0,102 12 9,1,80,,308921,16,0,102 12 9,1,35,,308923,16,0,102 12 9,1,75,,308924,16,0,102 12 9,1,27,,308926,16,0,102 12 9,1,70,,308927,16,0,102 12 9,1,30,,308929,16,0,102 12 9,1,70,,308930,16,0,102 12 9,1,30,,308931,16,0,102 12 9,1,70,,308932,16,0,102 12 9,1,30,,308933,16,0,102 12 9,1,75,,308934,16,0,102 12 9,1,25,,308935,16,0,102 12 9,1,73,,308936,16,0,102 12 9,1,30,,308937,16,0,102 12 9,1,70,,308938,16,0,102 12 9,1,31,,308939,16,0,102 12 9,1,74,,308940,16,0,102 12 9,1,30,,308941,16,0,102 12 9,1,70,,308942,16,0,102 12 9,1,29,,308943,16,0,102 12 9,1,75,,308944,16,0,102 12 9,1,11,,308945,16,0,31 42 9,1,65,,308946,16,0,102 12 9,1,25,,308947,16,0,102 12 9,1,15,,308948,16,0,31 42 9,1,15,,308949,16,0,102 12 9,1,68,,308950,16,0,102 12 9,1,32,,308952,16,0,102 12 9,1,55,,308953,16,0,102 12 9,1,25,,308954,16,0,102 12 9,1,80,,308955,16,0,102 12 9,1,100,,308956,16,0,102 12 9,1,100,,308957,16,0,102 12 9,1,100,,308958,16,0,102 12 9,1
5600,'20261109',629,,308959,16,0,102 12 9,1,80,,308961,16,0,102 12 9,1,35,,308963,16,0,102 12 9,1,75,,308964,16,0,102 12 9,1,27,,308966,16,0,102 12 9,1,70,,308967,16,0,102 12 9,1,30,,308969,16,0,102 12 9,1,70,,308970,16,0,102 12 9,1,30,,308971,16,0,102 12 9,1,70,,308972,16,0,102 12 9,1,30,,308973,16,0,102 12 9,1,75,,308974,16,0,102 12 9,1,25,,308975,16,0,102 12 9,1,73,,308976,16,0,102 12 9,1,30,,308977,16,0,102 12 9,1,70,,308978,16,0,102 12 9,1,31,,308979,16,0,102 12 9,1,74,,308980,16,0,102 12 9,1,30,,308981,16,0,102 12 9,1,70,,308982,16,0,102 12 9,1,29,,308983,16,0,102 12 9,1,75,,308984,16,0,102 12 9,1,11,,308985,16,0,31 42 9,1,65,,308986,16,0,102 12 9,1,25,,308987,16,0,102 12 9,1,15,,308988,16,0,31 42 9,1,15,,308989,16,0,102 12 9,1,68,,308990,16,0,102 12 9,1,32,,308992,16,0,102 12 9,1,55,,308993,16,0,102 12 9,1,25,,308994,16,0,102 12 9,1,80,,308995,16,0,102 12 9,1,100,,308996,16,0,102 12 9,1,100,,308997,16,0,102 12 9,1,100,,308998,16,0,102 12 9,1
5600,'20261110',629,,308999,16,0,102 12 9,1,80,,309001,16,0,102 12 9,1,35,,309003,16,0,102 12 9,1,75,,309004,16,0,102 12 9,1,27,,309006,16,0,102 12 9,1,70,,309007,16,0,102 12 9,1,30,,309009,16,0,102 12 9,1,70,,309010,16,0,102 12 9,1,30,,309011,16,0,102 12 9,1,70,,309012,16,0,102 12 9,1,30,,309013,16,0,102 12 9,1,75,,309014,16,0,102 12 9,1,25,,309015,16,0,102 12 9,1,73,,309016,16,0,102 12 9,1,30,,309017,16,0,102 12 9,1,70,,309018,16,0,102 12 9,1,31,,309019,16,0,102 12 9,1,74,,309020,16,0,102 12 9,1,30,,309021,16,0,102 12 9,1,70,,309022,16,0,102 12 9,1,29,,309023,16,0,102 12 9,1,75,,309024,16,0,102 12 9,1,11,,309025,16,0,31 42 9,1,65,,309026,16,0,102 12 9,1,25,,309027,16,0,102 12 9,1,15,,309028,16,0,31 42 9,1,15,,309029,16,0,102 12 9,1,68,,309030,16,0,102 12 9,1,32,,309032,16,0,102 12 9,1,55,,309033,16,0,102 12 9,1,25,,309034,16,0,102 12 9,1,80,,309035,16,0,102 12 9,1,100,,309036,16,0,102 12 9,1,100,,309037,16,0,102 12 9,1,100,,309038,16,0,102 12 9,1
5600,'20261111',629,,309039,16,0,102 12 9,1,80,,309041,16,0,102 12 9,1,35,,309043,16,0,102 12 9,1,75,,309044,16,0,102 12 9,1,27,,309046,16,0,102 12 9,1,70,,309047,16,0,102 12 9,1,30,,309049,16,0,102 12 9,1,70,,309050,16,0,102 12 9,1,30,,309051,16,0,102 12 9,1,70,,309052,16,0,102 12 9,1,30,,309053,16,0,102 12 9,1,75,,309054,16,0,102 12 9,1,25,,309055,16,0,102 12 9,1,73,,309056,16,0,102 12 9,1,30,,309057,16,0,102 12 9,1,70,,309058,16,0,102 12 9,1,31,,309059,16,0,102 12 9,1,74,,309060,16,0,102 12 9,1,30,,309061,16,0,102 12 9,1,70,,309062,16,0,102 12 9,1,29,,309063,16,0,102 12 9,1,75,,309064,16,0,102 12 9,1,11,,309065,16,0,31 42 9,1,65,,309066,16,0,102 12 9,1,25,,309067,16,0,102 12 9,1,15,,309068,16,0,31 42 9,1,15,,309069,16,0,102 12 9,1,68,,309070,16,0,102 12 9,1,32,,309072,16,0,102 12 9,1,55,,309073,16,0,102 12 9,1,25,,309074,16,0,102 12 9,1,80,,309075,16,0,102 12 9,1,100,,309076,16,0,102 12 9,1,100,,309077,16,0,102 12 9,1,100,,309078,16,0,102 12 9,1
5600,'20261112',629,,309079,16,0,102 12 9,1,80,,309081,16,0,102 12 9,1,35,,309083,16,0,102 12 9,1,75,,309084,16,0,102 12 9,1,27,,309086,16,0,102 12 9,1,70,,309087,16,0,102 12 9,1,30,,309089,16,0,102 12 9,1,70,,309090,16,0,102 12 9,1,30,,309091,16,0,102 12 9,1,70,,309092,16,0,102 12 9,1,30,,309093,16,0,102 12 9,1,75,,309094,16,0,102 12 9,1,25,,309095,16,0,102 12 9,1,73,,309096,16,0,102 12 9,1,30,,309097,16,0,102 12 9,1,70,,309098,16,0,102 12 9,1,31,,309099,16,0,102 12 9,1,74,,309100,16,0,102 12 9,1,30,,309101,16,0,102 12 9,1,70,,309102,16,0,102 12 9,1,29,,309103,16,0,102 12 9,1,75,,309104,16,0,102 12 9,1,11,,309105,16,0,31 42 9,1,65,,309106,16,0,102 12 9,1,25,,309107,16,0,102 12 9,1,15,,309108,16,0,31 42 9,1,15,,309109,16,0,102 12 9,1,68,,309110,16,0,102 12 9,1,32,,309112,16,0,102 12 9,1,55,,309113,16,0,102 12 9,1,25,,309114,16,0,102 12 9,1,80,,309115,16,0,102 12 9,1,100,,309116,16,0,102 12 9,1,100,,309117,16,0,102 12 9,1,100,,309118,16,0,102 12 9,1
5600,'20261113',629,,309119,16,0,102 12 9,1,80,,309121,16,0,102 12 9,1,35,,309123,16,0,102 12 9,1,75,,309124,16,0,102 12 9,1,27,,309126,16,0,102 12 9,1,70,,309127,16,0,102 12 9,1,30,,309129,16,0,102 12 9,1,70,,309130,16,0,102 12 9,1,30,,309131,16,0,102 12 9,1,70,,309132,16,0,102 12 9,1,30,,309133,16,0,102 12 9,1,75,,309134,16,0,102 12 9,1,25,,309135,16,0,102 12 9,1,73,,309136,16,0,102 12 9,1,30,,309137,16,0,102 12 9,1,70,,309138,16,0,102 12 9,1,31,,309139,16,0,102 12 9,1,74,,309140,16,0,102 12 9,1,30,,309141,16,0,102 12 9,1,70,,309142,16,0,102 12 9,1,29,,309143,16,0,102 12 9,1,75,,309144,16,0,102 12 9,1,11,,309145,16,0,31 42 9,1,65,,309146,16,0,102 12 9,1,25,,309147,16,0,102 12 9,1,15,,309148,16,0,31 42 9,1,15,,309149,16,0,102 12 9,1,68,,309150,16,0,102 12 9,1,32,,309152,16,0,102 12 9,1,55,,309153,16,0,102 12 9,1,25,,309154,16,0,102 12 9,1,80,,309155,16,0,102 12 9,1,100,,309156,16,0,102 12 9,1,100,,309157,16,0,102 12 9,1,100,,309158,16,0,102 12 9,1
5600,'20261116',629,,309159,16,0,102 12 9,1,80,,309161,16,0,102 12 9,1,35,,309163,16,0,102 12 9,1,75,,309164,16,0,102 12 9,1,27,,309166,16,0,102 12 9,1,70,,309167,16,0,102 12 9,1,30,,309169,16,0,102 12 9,1,70,,309170,16,0,102 12 9,1,30,,309171,16,0,102 12 9,1,70,,309172,16,0,102 12 9,1,30,,309173,16,0,102 12 9,1,75,,309174,16,0,102 12 9,1,25,,309175,16,0,102 12 9,1,73,,309176,16,0,102 12 9,1,30,,309177,16,0,102 12 9,1,70,,309178,16,0,102 12 9,1,31,,309179,16,0,102 12 9,1,74,,309180,16,0,102 12 9,1,30,,309181,16,0,102 12 9,1,70,,309182,16,0,102 12 9,1,29,,309183,16,0,102 12 9,1,75,,309184,16,0,102 12 9,1,11,,309185,16,0,31 42 9,1,65,,309186,16,0,102 12 9,1,25,,309187,16,0,102 12 9,1,15,,309188,16,0,31 42 9,1,15,,309189,16,0,102 12 9,1,68,,309190,16,0,102 12 9,1,32,,309192,16,0,102 12 9,1,55,,309193,16,0,102 12 9,1,25,,309194,16,0,102 12 9,1,80,,309195,16,0,102 12 9,1,100,,309196,16,0,102 12 9,1,100,,309197,16,0,102 12 9,1,100,,309198,16,0,102 12 9,1
5600,'20261117',629,,309199,16,0,102 12 9,1,80,,309201,16,0,102 12 9,1,35,,309203,16,0,102 12 9,1,75,,309204,16,0,102 12 9,1,27,,309206,16,0,102 12 9,1,70,,309207,16,0,102 12 9,1,30,,309209,16,0,102 12 9,1,70,,309210,16,0,102 12 9,1,30,,309211,16,0,102 12 9,1,70,,309212,16,0,102 12 9,1,30,,309213,16,0,102 12 9,1,75,,309214,16,0,102 12 9,1,25,,309215,16,0,102 12 9,1,73,,309216,16,0,102 12 9,1,30,,309217,16,0,102 12 9,1,70,,309218,16,0,102 12 9,1,31,,309219,16,0,102 12 9,1,74,,309220,16,0,102 12 9,1,30,,309221,16,0,102 12 9,1,70,,309222,16,0,102 12 9,1,29,,309223,16,0,102 12 9,1,75,,309224,16,0,102 12 9,1,11,,309225,16,0,31 42 9,1,65,,309226,16,0,102 12 9,1,25,,309227,16,0,102 12 9,1,15,,309228,16,0,31 42 9,1,15,,309229,16,0,102 12 9,1,68,,309230,16,0,102 12 9,1,32,,309232,16,0,102 12 9,1,55,,309233,16,0,102 12 9,1,25,,309234,16,0,102 12 9,1,80,,309235,16,0,102 12 9,1,100,,309236,16,0,102 12 9,1,100,,309237,16,0,102 12 9,1,100,,309238,16,0,102 12 9,1
5600,'20261118',629,,309239,16,0,102 12 9,1,80,,309241,16,0,102 12 9,1,35,,309243,16,0,102 12 9,1,75,,309244,16,0,102 12 9,1,27,,309246,16,0,102 12 9,1,70,,309247,16,0,102 12 9,1,30,,309249,16,0,102 12 9,1,70,,309250,16,0,102 12 9,1,30,,309251,16,0,102 12 9,1,70,,309252,16,0,102 12 9,1,30,,309253,16,0,102 12 9,1,75,,309254,16,0,102 12 9,1,25,,309255,16,0,102 12 9,1,73,,309256,16,0,102 12 9,1,30,,309257,16,0,102 12 9,1,70,,309258,16,0,102 12 9,1,31,,309259,16,0,102 12 9,1,74,,309260,16,0,102 12 9,1,30,,309261,16,0,102 12 9,1,70,,309262,16,0,102 12 9,1,29,,309263,16,0,102 12 9,1,75,,309264,16,0,102 12 9,1,11,,309265,16,0,31 42 9,1,65,,309266,16,0,102 12 9,1,25,,309267,16,0,102 12 9,1,15,,309268,16,0,31 42 9,1,15,,309269,16,0,102 12 9,1,68,,309270,16,0,102 12 9,1,32,,309272,16,0,102 12 9,1,55,,309273,16,0,102 12 9,1,25,,309274,16,0,102 12 9,1,80,,309275,16,0,102 12 9,1,100,,309276,16,0,102 12 9,1,100,,309277,16,0,102 12 9,1,100,,309278,16,0,102 12 9,1
5600,'20261119',629,,309279,16,0,102 12 9,1,80,,309281,16,0,102 12 9,1,35,,309283,16,0,102 12 9,1,75,,309284,16,0,102 12 9,1,27,,309286,16,0,102 12 9,1,70,,309287,16,0,102 12 9,1,30,,309289,16,0,102 12 9,1,70,,309290,16,0,102 12 9,1,30,,309291,16,0,102 12 9,1,70,,309292,16,0,102 12 9,1,30,,309293,16,0,102 12 9,1,75,,309294,16,0,102 12 9,1,25,,309295,16,0,102 12 9,1,73,,309296,16,0,102 12 9,1,30,,309297,16,0,102 12 9,1,70,,309298,16,0,102 12 9,1,31,,309299,16,0,102 12 9,1,74,,309300,16,0,102 12 9,1,30,,309301,16,0,102 12 9,1,70,,309302,16,0,102 12 9,1,29,,309303,16,0,102 12 9,1,75,,309304,16,0,102 12 9,1,11,,309305,16,0,31 42 9,1,65,,309306,16,0,102 12 9,1,25,,309307,16,0,102 12 9,1,15,,309308,16,0,31 42 9,1,15,,309309,16,0,102 12 9,1,68,,309310,16,0,102 12 9,1,32,,309312,16,0,102 12 9,1,55,,309313,16,0,102 12 9,1,25,,309314,16,0,102 12 9,1,80,,309315,16,0,102 12 9,1,100,,309316,16,0,102 12 9,1,100,,309317,16,0,102 12 9,1,100,,309318,16,0,102 12 9,1
5600,'20261120',629,,309319,16,0,102 12 9,1,80,,309321,16,0,102 12 9,1,35,,309323,16,0,102 12 9,1,75,,309324,16,0,102 12 9,1,27,,309326,16,0,102 12 9,1,70,,309327,16,0,102 12 9,1,30,,309329,16,0,102 12 9,1,70,,309330,16,0,102 12 9,1,30,,309331,16,0,102 12 9,1,70,,309332,16,0,102 12 9,1,30,,309333,16,0,102 12 9,1,75,,309334,16,0,102 12 9,1,25,,309335,16,0,102 12 9,1,73,,309336,16,0,102 12 9,1,30,,309337,16,0,102 12 9,1,70,,309338,16,0,102 12 9,1,31,,309339,16,0,102 12 9,1,74,,309340,16,0,102 12 9,1,30,,309341,16,0,102 12 9,1,70,,309342,16,0,102 12 9,1,29,,309343,16,0,102 12 9,1,75,,309344,16,0,102 12 9,1,11,,309345,16,0,31 42 9,1,65,,309346,16,0,102 12 9,1,25,,309347,16,0,102 12 9,1,15,,309348,16,0,31 42 9,1,15,,309349,16,0,102 12 9,1,68,,309350,16,0,102 12 9,1,32,,309352,16,0,102 12 9,1,55,,309353,16,0,102 12 9,1,25,,309354,16,0,102 12 9,1,80,,309355,16,0,102 12 9,1,100,,309356,16,0,102 12 9,1,100,,309357,16,0,102 12 9,1,100,,309358,16,0,102 12 9,1
5600,'20261123',629,,309359,16,0,102 12 9,1,80,,309361,16,0,102 12 9,1,35,,309363,16,0,102 12 9,1,75,,309364,16,0,102 12 9,1,27,,309366,16,0,102 12 9,1,70,,309367,16,0,102 12 9,1,30,,309369,16,0,102 12 9,1,70,,309370,16,0,102 12 9,1,30,,309371,16,0,102 12 9,1,70,,309372,16,0,102 12 9,1,30,,309373,16,0,102 12 9,1,75,,309374,16,0,102 12 9,1,25,,309375,16,0,102 12 9,1,73,,309376,16,0,102 12 9,1,30,,309377,16,0,102 12 9,1,70,,309378,16,0,102 12 9,1,31,,309379,16,0,102 12 9,1,74,,309380,16,0,102 12 9,1,30,,309381,16,0,102 12 9,1,70,,309382,16,0,102 12 9,1,29,,309383,16,0,102 12 9,1,75,,309384,16,0,102 12 9,1,11,,309385,16,0,31 42 9,1,65,,309386,16,0,102 12 9,1,25,,309387,16,0,102 12 9,1,15,,309388,16,0,31 42 9,1,15,,309389,16,0,102 12 9,1,68,,309390,16,0,102 12 9,1,32,,309392,16,0,102 12 9,1,55,,309393,16,0,102 12 9,1,25,,309394,16,0,102 12 9,1,80,,309395,16,0,102 12 9,1,100,,309396,16,0,102 12 9,1,100,,309397,16,0,102 12 9,1,100,,309398,16,0,102 12 9,1
5600,'20261124',629,,309399,16,0,102 12 9,1,80,,309401,16,0,102 12 9,1,35,,309403,16,0,102 12 9,1,75,,309404,16,0,102 12 9,1,27,,309406,16,0,102 12 9,1,70,,309407,16,0,102 12 9,1,30,,309409,16,0,102 12 9,1,70,,309410,16,0,102 12 9,1,30,,309411,16,0,102 12 9,1,70,,309412,16,0,102 12 9,1,30,,309413,16,0,102 12 9,1,75,,309414,16,0,102 12 9,1,25,,309415,16,0,102 12 9,1,73,,309416,16,0,102 12 9,1,30,,309417,16,0,102 12 9,1,70,,309418,16,0,102 12 9,1,31,,309419,16,0,102 12 9,1,74,,309420,16,0,102 12 9,1,30,,309421,16,0,102 12 9,1,70,,309422,16,0,102 12 9,1,29,,309423,16,0,102 12 9,1,75,,309424,16,0,102 12 9,1,11,,309425,16,0,31 42 9,1,65,,309426,16,0,102 12 9,1,25,,309427,16,0,102 12 9,1,15,,309428,16,0,31 42 9,1,15,,309429,16,0,102 12 9,1,68,,309430,16,0,102 12 9,1,32,,309432,16,0,102 12 9,1,55,,309433,16,0,102 12 9,1,25,,309434,16,0,102 12 9,1,80,,309435,16,0,102 12 9,1,100,,309436,16,0,102 12 9,1,100,,309437,16,0,102 12 9,1,100,,309438,16,0,102 12 9,1
5600,'20261125',629,,309439,16,0,102 12 9,1,80,,309441,16,0,102 12 9,1,35,,309443,16,0,102 12 9,1,75,,309444,16,0,102 12 9,1,27,,309446,16,0,102 12 9,1,70,,309447,16,0,102 12 9,1,30,,309449,16,0,102 12 9,1,70,,309450,16,0,102 12 9,1,30,,309451,16,0,102 12 9,1,70,,309452,16,0,102 12 9,1,30,,309453,16,0,102 12 9,1,75,,309454,16,0,102 12 9,1,25,,309455,16,0,102 12 9,1,73,,309456,16,0,102 12 9,1,30,,309457,16,0,102 12 9,1,70,,309458,16,0,102 12 9,1,31,,309459,16,0,102 12 9,1,74,,309460,16,0,102 12 9,1,30,,309461,16,0,102 12 9,1,70,,309462,16,0,102 12 9,1,29,,309463,16,0,102 12 9,1,75,,309464,16,0,102 12 9,1,11,,309465,16,0,31 42 9,1,65,,309466,16,0,102 12 9,1,25,,309467,16,0,102 12 9,1,15,,309468,16,0,31 42 9,1,15,,309469,16,0,102 12 9,1,68,,309470,16,0,102 12 9,1,32,,309472,16,0,102 12 9,1,55,,309473,16,0,102 12 9,1,25,,309474,16,0,102 12 9,1,80,,309475,16,0,102 12 9,1,100,,309476,16,0,102 12 9,1,100,,309477,16,0,102 12 9,1,100,,309478,16,0,102 12 9,1
5600,'20261126',629,,309479,16,0,102 12 9,1,80,,309481,16,0,102 12 9,1,35,,309483,16,0,102 12 9,1,75,,309484,16,0,102 12 9,1,27,,309486,16,0,102 12 9,1,70,,309487,16,0,102 12 9,1,30,,309489,16,0,102 12 9,1,70,,309490,16,0,102 12 9,1,30,,309491,16,0,102 12 9,1,70,,309492,16,0,102 12 9,1,30,,309493,16,0,102 12 9,1,75,,309494,16,0,102 12 9,1,25,,309495,16,0,102 12 9,1,73,,309496,16,0,102 12 9,1,30,,309497,16,0,102 12 9,1,70,,309498,16,0,102 12 9,1,31,,309499,16,0,102 12 9,1,74,,309500,16,0,102 12 9,1,30,,309501,16,0,102 12 9,1,70,,309502,16,0,102 12 9,1,29,,309503,16,0,102 12 9,1,75,,309504,16,0,102 12 9,1,11,,309505,16,0,31 42 9,1,65,,309506,16,0,102 12 9,1,25,,309507,16,0,102 12 9,1,15,,309508,16,0,31 42 9,1,15,,309509,16,0,102 12 9,1,68,,309510,16,0,102 12 9,1,32,,309512,16,0,102 12 9,1,55,,309513,16,0,102 12 9,1,25,,309514,16,0,102 12 9,1,80,,309515,16,0,102 12 9,1,100,,309516,16,0,102 12 9,1,100,,309517,16,0,102 12 9,1,100,,309518,16,0,102 12 9,1
5600,'20261127',629,,309519,16,0,102 12 9,1,80,,309521,16,0,102 12 9,1,35,,309523,16,0,102 12 9,1,75,,309524,16,0,102 12 9,1,27,,309526,16,0,102 12 9,1,70,,309527,16,0,102 12 9,1,30,,309529,16,0,102 12 9,1,70,,309530,16,0,102 12 9,1,30,,309531,16,0,102 12 9,1,70,,309532,16,0,102 12 9,1,30,,309533,16,0,102 12 9,1,75,,309534,16,0,102 12 9,1,25,,309535,16,0,102 12 9,1,73,,309536,16,0,102 12 9,1,30,,309537,16,0,102 12 9,1,70,,309538,16,0,102 12 9,1,31,,309539,16,0,102 12 9,1,74,,309540,16,0,102 12 9,1,30,,309541,16,0,102 12 9,1,70,,309542,16,0,102 12 9,1,29,,309543,16,0,102 12 9,1,75,,309544,16,0,102 12 9,1,11,,309545,16,0,31 42 9,1,65,,309546,16,0,102 12 9,1,25,,309547,16,0,102 12 9,1,15,,309548,16,0,31 42 9,1,15,,309549,16,0,102 12 9,1,68,,309550,16,0,102 12 9,1,32,,309552,16,0,102 12 9,1,55,,309553,16,0,102 12 9,1,25,,309554,16,0,102 12 9,1,80,,309555,16,0,102 12 9,1,100,,309556,16,0,102 12 9,1,100,,309557,16,0,102 12 9,1,100,,309558,16,0,102 12 9,1
5601,'20260831',454,,201865,15,,,1,95,,201867,15,,,1,70,,201869,15,,,1,30,,201871,15,,,1,70,,201872,15,,,1,30,,201873,15,,,1,75,,201874,15,,,1,28,,201875,15,,,1,70,,201876,15,,,1,35,,201877,15,,,1,70,,201878,15,,,1,30,,201879,15,,,1,70,,201880,15,,,1,30,,201881,15,,,1,65,,201882,15,,,1,30,,201883,15,,,1,70,,201884,15,,,1,30,,201885,15,,,1,70,,201886,15,,,1,30,,201887,15,,,1,77,,201888,15,,,1,20,,201889,15,,,1,70,,201890,15,,,1,30,,201891,15,,,1,70,,201893,15,,,1,30,,201894,15,,,1,70,,201896,15,,,1,30,,201897,15,,,1,70,,201898,15,,,1,85,,201899,15,,,1,50,,201900,15,,,1,100,,201901,15,,,1,202,,201902,15,,,1
5601,'20260901',454,,201903,15,,,1,95,,201905,15,,,1,70,,201907,15,,,1,30,,201909,15,,,1,70,,201910,15,,,1,30,,201911,15,,,1,75,,201912,15,,,1,28,,201913,15,,,1,70,,201914,15,,,1,35,,201915,15,,,1,70,,201916,15,,,1,30,,201917,15,,,1,70,,201918,15,,,1,30,,201919,15,,,1,65,,201920,15,,,1,30,,201921,15,,,1,70,,201922,15,,,1,30,,201923,15,,,1,70,,201924,15,,,1,30,,201925,15,,,1,77,,201926,15,,,1,20,,201927,15,,,1,70,,201928,15,,,1,30,,201929,15,,,1,70,,201931,15,,,1,30,,201932,15,,,1,70,,201934,15,,,1,30,,201935,15,,,1,70,,201936,15,,,1,85,,201937,15,,,1,50,,201938,15,,,1,100,,201939,15,,,1,202,,201940,15,,,1
5601,'20260902',454,,201941,15,,,1,95,,201943,15,,,1,70,,201945,15,,,1,30,,201947,15,,,1,70,,201948,15,,,1,30,,201949,15,,,1,75,,201950,15,,,1,28,,201951,15,,,1,70,,201952,15,,,1,35,,201953,15,,,1,70,,201954,15,,,1,30,,201955,15,,,1,70,,201956,15,,,1,30,,201957,15,,,1,65,,201958,15,,,1,30,,201959,15,,,1,70,,201960,15,,,1,30,,201961,15,,,1,70,,201962,15,,,1,30,,201963,15,,,1,77,,201964,15,,,1,20,,201965,15,,,1,70,,201966,15,,,1,30,,201967,15,,,1,70,,201969,15,,,1,30,,201970,15,,,1,70,,201972,15,,,1,30,,201973,15,,,1,70,,201974,15,,,1,85,,201975,15,,,1,50,,201976,15,,,1,100,,201977,15,,,1,202,,201978,15,,,1
5601,'20260903',454,,201979,15,,,1,95,,201981,15,,,1,70,,201983,15,,,1,30,,201985,15,,,1,70,,201986,15,,,1,30,,201987,15,,,1,75,,201988,15,,,1,28,,201989,15,,,1,70,,201990,15,,,1,35,,201991,15,,,1,70,,201992,15,,,1,30,,201993,15,,,1,70,,201994,15,,,1,30,,201995,15,,,1,65,,201996,15,,,1,30,,201997,15,,,1,70,,201998,15,,,1,30,,201999,15,,,1,70,,202000,15,,,1,30,,202001,15,,,1,77,,202002,15,,,1,20,,202003,15,,,1,70,,202004,15,,,1,30,,202005,15,,,1,70,,202007,15,,,1,30,,202008,15,,,1,70,,202010,15,,,1,30,,202011,15,,,1,70,,202012,15,,,1,85,,202013,15,,,1,50,,202014,15,,,1,100,,202015,15,,,1,202,,202016,15,,,1
5601,'20260904',454,,202017,15,,,1,95,,202019,15,,,1,70,,202021,15,,,1,30,,202023,15,,,1,70,,202024,15,,,1,30,,202025,15,,,1,75,,202026,15,,,1,28,,202027,15,,,1,70,,202028,15,,,1,35,,202029,15,,,1,70,,202030,15,,,1,30,,202031,15,,,1,70,,202032,15,,,1,30,,202033,15,,,1,65,,202034,15,,,1,30,,202035,15,,,1,70,,202036,15,,,1,30,,202037,15,,,1,70,,202038,15,,,1,30,,202039,15,,,1,77,,202040,15,,,1,20,,202041,15,,,1,70,,202042,15,,,1,30,,202043,15,,,1,70,,202045,15,,,1,30,,202046,15,,,1,70,,202048,15,,,1,30,,202049,15,,,1,70,,202050,15,,,1,85,,202051,15,,,1,50,,202052,15,,,1,100,,202053,15,,,1,202,,202054,15,,,1
5601,'20260908',454,,309559,15,,,1,95,,309561,15,,,1,70,,309563,15,,,1,30,,309565,15,,,1,70,,309567,15,,,1,30,,309568,15,,,1,78,,309569,15,,,1,25,,309570,15,,,1,70,,309571,15,,,1,35,,309572,15,,,1,70,,309573,15,,,1,30,,309574,15,,,1,70,,309575,15,,,1,30,,309576,15,,,1,65,,309577,15,,,1,30,,309578,15,,,1,70,,309579,15,,,1,30,,309580,15,,,1,70,,309581,15,,,1,30,,309582,15,,,1,77,,309584,15,,,1,20,,309585,15,,,1,70,,309586,15,,,1,30,,309587,15,,,1,70,,309589,15,,,1,30,,309590,15,,,1,70,,309592,15,,,1,30,,309593,15,,,1,70,,309594,15,,,1,85,,309595,15,,,1,105,,309596,15,,,1,100,,309597,15,,,1,202,,309598,15,,,1
5601,'20260909',454,,309599,15,,,1,95,,309601,15,,,1,70,,309603,15,,,1,30,,309605,15,,,1,70,,309607,15,,,1,30,,309608,15,,,1,78,,309609,15,,,1,25,,309610,15,,,1,70,,309611,15,,,1,35,,309612,15,,,1,70,,309613,15,,,1,30,,309614,15,,,1,70,,309615,15,,,1,30,,309616,15,,,1,65,,309617,15,,,1,30,,309618,15,,,1,70,,309619,15,,,1,30,,309620,15,,,1,70,,309621,15,,,1,30,,309622,15,,,1,77,,309624,15,,,1,20,,309625,15,,,1,70,,309626,15,,,1,30,,309627,15,,,1,70,,309629,15,,,1,30,,309630,15,,,1,70,,309632,15,,,1,30,,309633,15,,,1,70,,309634,15,,,1,85,,309635,15,,,1,105,,309636,15,,,1,100,,309637,15,,,1,202,,309638,15,,,1
5601,'20260910',454,,309639,15,,,1,95,,309641,15,,,1,70,,309643,15,,,1,30,,309645,15,,,1,70,,309647,15,,,1,30,,309648,15,,,1,78,,309649,15,,,1,25,,309650,15,,,1,70,,309651,15,,,1,35,,309652,15,,,1,70,,309653,15,,,1,30,,309654,15,,,1,70,,309655,15,,,1,30,,309656,15,,,1,65,,309657,15,,,1,30,,309658,15,,,1,70,,309659,15,,,1,30,,309660,15,,,1,70,,309661,15,,,1,30,,309662,15,,,1,77,,309664,15,,,1,20,,309665,15,,,1,70,,309666,15,,,1,30,,309667,15,,,1,70,,309669,15,,,1,30,,309670,15,,,1,70,,309672,15,,,1,30,,309673,15,,,1,70,,309674,15,,,1,85,,309675,15,,,1,105,,309676,15,,,1,100,,309677,15,,,1,202,,309678,15,,,1
5601,'20260911',454,,309679,15,,,1,95,,309681,15,,,1,70,,309683,15,,,1,30,,309685,15,,,1,70,,309687,15,,,1,30,,309688,15,,,1,78,,309689,15,,,1,25,,309690,15,,,1,70,,309691,15,,,1,35,,309692,15,,,1,70,,309693,15,,,1,30,,309694,15,,,1,70,,309695,15,,,1,30,,309696,15,,,1,65,,309697,15,,,1,30,,309698,15,,,1,70,,309699,15,,,1,30,,309700,15,,,1,70,,309701,15,,,1,30,,309702,15,,,1,77,,309704,15,,,1,20,,309705,15,,,1,70,,309706,15,,,1,30,,309707,15,,,1,70,,309709,15,,,1,30,,309710,15,,,1,70,,309712,15,,,1,30,,309713,15,,,1,70,,309714,15,,,1,85,,309715,15,,,1,105,,309716,15,,,1,100,,309717,15,,,1,202,,309718,15,,,1
5601,'20260914',454,,309719,15,,,1,95,,309721,15,,,1,70,,309723,15,,,1,30,,309725,15,,,1,70,,309727,15,,,1,30,,309728,15,,,1,78,,309729,15,,,1,25,,309730,15,,,1,70,,309731,15,,,1,35,,309732,15,,,1,70,,309733,15,,,1,30,,309734,15,,,1,70,,309735,15,,,1,30,,309736,15,,,1,65,,309737,15,,,1,30,,309738,15,,,1,70,,309739,15,,,1,30,,309740,15,,,1,70,,309741,15,,,1,30,,309742,15,,,1,77,,309744,15,,,1,20,,309745,15,,,1,70,,309746,15,,,1,30,,309747,15,,,1,70,,309749,15,,,1,30,,309750,15,,,1,70,,309752,15,,,1,30,,309753,15,,,1,70,,309754,15,,,1,85,,309755,15,,,1,105,,309756,15,,,1,100,,309757,15,,,1,202,,309758,15,,,1
5601,'20260915',454,,309759,15,,,1,95,,309761,15,,,1,70,,309763,15,,,1,30,,309765,15,,,1,70,,309767,15,,,1,30,,309768,15,,,1,78,,309769,15,,,1,25,,309770,15,,,1,70,,309771,15,,,1,35,,309772,15,,,1,70,,309773,15,,,1,30,,309774,15,,,1,70,,309775,15,,,1,30,,309776,15,,,1,65,,309777,15,,,1,30,,309778,15,,,1,70,,309779,15,,,1,30,,309780,15,,,1,70,,309781,15,,,1,30,,309782,15,,,1,77,,309784,15,,,1,20,,309785,15,,,1,70,,309786,15,,,1,30,,309787,15,,,1,70,,309789,15,,,1,30,,309790,15,,,1,70,,309792,15,,,1,30,,309793,15,,,1,70,,309794,15,,,1,85,,309795,15,,,1,105,,309796,15,,,1,100,,309797,15,,,1,202,,309798,15,,,1
5601,'20260916',454,,309799,15,,,1,95,,309801,15,,,1,70,,309803,15,,,1,30,,309805,15,,,1,70,,309807,15,,,1,30,,309808,15,,,1,78,,309809,15,,,1,25,,309810,15,,,1,70,,309811,15,,,1,35,,309812,15,,,1,70,,309813,15,,,1,30,,309814,15,,,1,70,,309815,15,,,1,30,,309816,15,,,1,65,,309817,15,,,1,30,,309818,15,,,1,70,,309819,15,,,1,30,,309820,15,,,1,70,,309821,15,,,1,30,,309822,15,,,1,77,,309824,15,,,1,20,,309825,15,,,1,70,,309826,15,,,1,30,,309827,15,,,1,70,,309829,15,,,1,30,,309830,15,,,1,70,,309832,15,,,1,30,,309833,15,,,1,70,,309834,15,,,1,85,,309835,15,,,1,105,,309836,15,,,1,100,,309837,15,,,1,202,,309838,15,,,1
5601,'20260917',454,,309839,15,,,1,95,,309841,15,,,1,70,,309843,15,,,1,30,,309845,15,,,1,70,,309847,15,,,1,30,,309848,15,,,1,78,,309849,15,,,1,25,,309850,15,,,1,70,,309851,15,,,1,35,,309852,15,,,1,70,,309853,15,,,1,30,,309854,15,,,1,70,,309855,15,,,1,30,,309856,15,,,1,65,,309857,15,,,1,30,,309858,15,,,1,70,,309859,15,,,1,30,,309860,15,,,1,70,,309861,15,,,1,30,,309862,15,,,1,77,,309864,15,,,1,20,,309865,15,,,1,70,,309866,15,,,1,30,,309867,15,,,1,70,,309869,15,,,1,30,,309870,15,,,1,70,,309872,15,,,1,30,,309873,15,,,1,70,,309874,15,,,1,85,,309875,15,,,1,105,,309876,15,,,1,100,,309877,15,,,1,202,,309878,15,,,1
5601,'20260918',454,,309879,15,,,1,95,,309881,15,,,1,70,,309883,15,,,1,30,,309885,15,,,1,70,,309887,15,,,1,30,,309888,15,,,1,78,,309889,15,,,1,25,,309890,15,,,1,70,,309891,15,,,1,35,,309892,15,,,1,70,,309893,15,,,1,30,,309894,15,,,1,70,,309895,15,,,1,30,,309896,15,,,1,65,,309897,15,,,1,30,,309898,15,,,1,70,,309899,15,,,1,30,,309900,15,,,1,70,,309901,15,,,1,30,,309902,15,,,1,77,,309904,15,,,1,20,,309905,15,,,1,70,,309906,15,,,1,30,,309907,15,,,1,70,,309909,15,,,1,30,,309910,15,,,1,70,,309912,15,,,1,30,,309913,15,,,1,70,,309914,15,,,1,85,,309915,15,,,1,105,,309916,15,,,1,100,,309917,15,,,1,202,,309918,15,,,1
5601,'20260921',454,,309919,15,,,1,95,,309921,15,,,1,70,,309923,15,,,1,30,,309925,15,,,1,70,,309927,15,,,1,30,,309928,15,,,1,78,,309929,15,,,1,25,,309930,15,,,1,70,,309931,15,,,1,35,,309932,15,,,1,70,,309933,15,,,1,30,,309934,15,,,1,70,,309935,15,,,1,30,,309936,15,,,1,65,,309937,15,,,1,30,,309938,15,,,1,70,,309939,15,,,1,30,,309940,15,,,1,70,,309941,15,,,1,30,,309942,15,,,1,77,,309944,15,,,1,20,,309945,15,,,1,70,,309946,15,,,1,30,,309947,15,,,1,70,,309949,15,,,1,30,,309950,15,,,1,70,,309952,15,,,1,30,,309953,15,,,1,70,,309954,15,,,1,85,,309955,15,,,1,105,,309956,15,,,1,100,,309957,15,,,1,202,,309958,15,,,1
5601,'20260922',454,,309959,15,,,1,95,,309961,15,,,1,70,,309963,15,,,1,30,,309965,15,,,1,70,,309967,15,,,1,30,,309968,15,,,1,78,,309969,15,,,1,25,,309970,15,,,1,70,,309971,15,,,1,35,,309972,15,,,1,70,,309973,15,,,1,30,,309974,15,,,1,70,,309975,15,,,1,30,,309976,15,,,1,65,,309977,15,,,1,30,,309978,15,,,1,70,,309979,15,,,1,30,,309980,15,,,1,70,,309981,15,,,1,30,,309982,15,,,1,77,,309984,15,,,1,20,,309985,15,,,1,70,,309986,15,,,1,30,,309987,15,,,1,70,,309989,15,,,1,30,,309990,15,,,1,70,,309992,15,,,1,30,,309993,15,,,1,70,,309994,15,,,1,85,,309995,15,,,1,105,,309996,15,,,1,100,,309997,15,,,1,202,,309998,15,,,1
5601,'20260923',454,,309999,15,,,1,95,,310001,15,,,1,70,,310003,15,,,1,30,,310005,15,,,1,70,,310007,15,,,1,30,,310008,15,,,1,78,,310009,15,,,1,25,,310010,15,,,1,70,,310011,15,,,1,35,,310012,15,,,1,70,,310013,15,,,1,30,,310014,15,,,1,70,,310015,15,,,1,30,,310016,15,,,1,65,,310017,15,,,1,30,,310018,15,,,1,70,,310019,15,,,1,30,,310020,15,,,1,70,,310021,15,,,1,30,,310022,15,,,1,77,,310024,15,,,1,20,,310025,15,,,1,70,,310026,15,,,1,30,,310027,15,,,1,70,,310029,15,,,1,30,,310030,15,,,1,70,,310032,15,,,1,30,,310033,15,,,1,70,,310034,15,,,1,85,,310035,15,,,1,105,,310036,15,,,1,100,,310037,15,,,1,202,,310038,15,,,1
5601,'20260924',454,,310039,15,,,1,95,,310041,15,,,1,70,,310043,15,,,1,30,,310045,15,,,1,70,,310047,15,,,1,30,,310048,15,,,1,78,,310049,15,,,1,25,,310050,15,,,1,70,,310051,15,,,1,35,,310052,15,,,1,70,,310053,15,,,1,30,,310054,15,,,1,70,,310055,15,,,1,30,,310056,15,,,1,65,,310057,15,,,1,30,,310058,15,,,1,70,,310059,15,,,1,30,,310060,15,,,1,70,,310061,15,,,1,30,,310062,15,,,1,77,,310064,15,,,1,20,,310065,15,,,1,70,,310066,15,,,1,30,,310067,15,,,1,70,,310069,15,,,1,30,,310070,15,,,1,70,,310072,15,,,1,30,,310073,15,,,1,70,,310074,15,,,1,85,,310075,15,,,1,105,,310076,15,,,1,100,,310077,15,,,1,202,,310078,15,,,1
5601,'20260925',454,,310079,15,,,1,95,,310081,15,,,1,70,,310083,15,,,1,30,,310085,15,,,1,70,,310087,15,,,1,30,,310088,15,,,1,78,,310089,15,,,1,25,,310090,15,,,1,70,,310091,15,,,1,35,,310092,15,,,1,70,,310093,15,,,1,30,,310094,15,,,1,70,,310095,15,,,1,30,,310096,15,,,1,65,,310097,15,,,1,30,,310098,15,,,1,70,,310099,15,,,1,30,,310100,15,,,1,70,,310101,15,,,1,30,,310102,15,,,1,77,,310104,15,,,1,20,,310105,15,,,1,70,,310106,15,,,1,30,,310107,15,,,1,70,,310109,15,,,1,30,,310110,15,,,1,70,,310112,15,,,1,30,,310113,15,,,1,70,,310114,15,,,1,85,,310115,15,,,1,105,,310116,15,,,1,100,,310117,15,,,1,202,,310118,15,,,1
5601,'20260928',454,,310119,15,,,1,95,,310121,15,,,1,70,,310123,15,,,1,30,,310125,15,,,1,70,,310127,15,,,1,30,,310128,15,,,1,78,,310129,15,,,1,25,,310130,15,,,1,70,,310131,15,,,1,35,,310132,15,,,1,70,,310133,15,,,1,30,,310134,15,,,1,70,,310135,15,,,1,30,,310136,15,,,1,65,,310137,15,,,1,30,,310138,15,,,1,70,,310139,15,,,1,30,,310140,15,,,1,70,,310141,15,,,1,30,,310142,15,,,1,77,,310144,15,,,1,20,,310145,15,,,1,70,,310146,15,,,1,30,,310147,15,,,1,70,,310149,15,,,1,30,,310150,15,,,1,70,,310152,15,,,1,30,,310153,15,,,1,70,,310154,15,,,1,85,,310155,15,,,1,105,,310156,15,,,1,100,,310157,15,,,1,202,,310158,15,,,1
5601,'20260929',454,,310159,15,,,1,95,,310161,15,,,1,70,,310163,15,,,1,30,,310165,15,,,1,70,,310167,15,,,1,30,,310168,15,,,1,78,,310169,15,,,1,25,,310170,15,,,1,70,,310171,15,,,1,35,,310172,15,,,1,70,,310173,15,,,1,30,,310174,15,,,1,70,,310175,15,,,1,30,,310176,15,,,1,65,,310177,15,,,1,30,,310178,15,,,1,70,,310179,15,,,1,30,,310180,15,,,1,70,,310181,15,,,1,30,,310182,15,,,1,77,,310184,15,,,1,20,,310185,15,,,1,70,,310186,15,,,1,30,,310187,15,,,1,70,,310189,15,,,1,30,,310190,15,,,1,70,,310192,15,,,1,30,,310193,15,,,1,70,,310194,15,,,1,85,,310195,15,,,1,105,,310196,15,,,1,100,,310197,15,,,1,202,,310198,15,,,1
5601,'20260930',454,,310199,15,,,1,95,,310201,15,,,1,70,,310203,15,,,1,30,,310205,15,,,1,70,,310207,15,,,1,30,,310208,15,,,1,78,,310209,15,,,1,25,,310210,15,,,1,70,,310211,15,,,1,35,,310212,15,,,1,70,,310213,15,,,1,30,,310214,15,,,1,70,,310215,15,,,1,30,,310216,15,,,1,65,,310217,15,,,1,30,,310218,15,,,1,70,,310219,15,,,1,30,,310220,15,,,1,70,,310221,15,,,1,30,,310222,15,,,1,77,,310224,15,,,1,20,,310225,15,,,1,70,,310226,15,,,1,30,,310227,15,,,1,70,,310229,15,,,1,30,,310230,15,,,1,70,,310232,15,,,1,30,,310233,15,,,1,70,,310234,15,,,1,85,,310235,15,,,1,105,,310236,15,,,1,100,,310237,15,,,1,202,,310238,15,,,1
5601,'20261001',454,,310239,15,,,1,95,,310241,15,,,1,70,,310243,15,,,1,30,,310245,15,,,1,70,,310247,15,,,1,30,,310248,15,,,1,78,,310249,15,,,1,25,,310250,15,,,1,70,,310251,15,,,1,35,,310252,15,,,1,70,,310253,15,,,1,30,,310254,15,,,1,70,,310255,15,,,1,30,,310256,15,,,1,65,,310257,15,,,1,30,,310258,15,,,1,70,,310259,15,,,1,30,,310260,15,,,1,70,,310261,15,,,1,30,,310262,15,,,1,77,,310264,15,,,1,20,,310265,15,,,1,70,,310266,15,,,1,30,,310267,15,,,1,70,,310269,15,,,1,30,,310270,15,,,1,70,,310272,15,,,1,30,,310273,15,,,1,70,,310274,15,,,1,85,,310275,15,,,1,105,,310276,15,,,1,100,,310277,15,,,1,202,,310278,15,,,1
5601,'20261002',454,,310279,15,,,1,95,,310281,15,,,1,70,,310283,15,,,1,30,,310285,15,,,1,70,,310287,15,,,1,30,,310288,15,,,1,78,,310289,15,,,1,25,,310290,15,,,1,70,,310291,15,,,1,35,,310292,15,,,1,70,,310293,15,,,1,30,,310294,15,,,1,70,,310295,15,,,1,30,,310296,15,,,1,65,,310297,15,,,1,30,,310298,15,,,1,70,,310299,15,,,1,30,,310300,15,,,1,70,,310301,15,,,1,30,,310302,15,,,1,77,,310304,15,,,1,20,,310305,15,,,1,70,,310306,15,,,1,30,,310307,15,,,1,70,,310309,15,,,1,30,,310310,15,,,1,70,,310312,15,,,1,30,,310313,15,,,1,70,,310314,15,,,1,85,,310315,15,,,1,105,,310316,15,,,1,100,,310317,15,,,1,202,,310318,15,,,1
5601,'20261005',454,,310319,15,,,1,95,,310321,15,,,1,70,,310323,15,,,1,30,,310325,15,,,1,70,,310327,15,,,1,30,,310328,15,,,1,78,,310329,15,,,1,25,,310330,15,,,1,70,,310331,15,,,1,35,,310332,15,,,1,70,,310333,15,,,1,30,,310334,15,,,1,70,,310335,15,,,1,30,,310336,15,,,1,65,,310337,15,,,1,30,,310338,15,,,1,70,,310339,15,,,1,30,,310340,15,,,1,70,,310341,15,,,1,30,,310342,15,,,1,77,,310344,15,,,1,20,,310345,15,,,1,70,,310346,15,,,1,30,,310347,15,,,1,70,,310349,15,,,1,30,,310350,15,,,1,70,,310352,15,,,1,30,,310353,15,,,1,70,,310354,15,,,1,85,,310355,15,,,1,105,,310356,15,,,1,100,,310357,15,,,1,202,,310358,15,,,1
5601,'20261006',454,,310359,15,,,1,95,,310361,15,,,1,70,,310363,15,,,1,30,,310365,15,,,1,70,,310367,15,,,1,30,,310368,15,,,1,78,,310369,15,,,1,25,,310370,15,,,1,70,,310371,15,,,1,35,,310372,15,,,1,70,,310373,15,,,1,30,,310374,15,,,1,70,,310375,15,,,1,30,,310376,15,,,1,65,,310377,15,,,1,30,,310378,15,,,1,70,,310379,15,,,1,30,,310380,15,,,1,70,,310381,15,,,1,30,,310382,15,,,1,77,,310384,15,,,1,20,,310385,15,,,1,70,,310386,15,,,1,30,,310387,15,,,1,70,,310389,15,,,1,30,,310390,15,,,1,70,,310392,15,,,1,30,,310393,15,,,1,70,,310394,15,,,1,85,,310395,15,,,1,105,,310396,15,,,1,100,,310397,15,,,1,202,,310398,15,,,1
5601,'20261007',454,,310399,15,,,1,95,,310401,15,,,1,70,,310403,15,,,1,30,,310405,15,,,1,70,,310407,15,,,1,30,,310408,15,,,1,78,,310409,15,,,1,25,,310410,15,,,1,70,,310411,15,,,1,35,,310412,15,,,1,70,,310413,15,,,1,30,,310414,15,,,1,70,,310415,15,,,1,30,,310416,15,,,1,65,,310417,15,,,1,30,,310418,15,,,1,70,,310419,15,,,1,30,,310420,15,,,1,70,,310421,15,,,1,30,,310422,15,,,1,77,,310424,15,,,1,20,,310425,15,,,1,70,,310426,15,,,1,30,,310427,15,,,1,70,,310429,15,,,1,30,,310430,15,,,1,70,,310432,15,,,1,30,,310433,15,,,1,70,,310434,15,,,1,85,,310435,15,,,1,105,,310436,15,,,1,100,,310437,15,,,1,202,,310438,15,,,1
5601,'20261008',454,,310439,15,,,1,95,,310441,15,,,1,70,,310443,15,,,1,30,,310445,15,,,1,70,,310447,15,,,1,30,,310448,15,,,1,78,,310449,15,,,1,25,,310450,15,,,1,70,,310451,15,,,1,35,,310452,15,,,1,70,,310453,15,,,1,30,,310454,15,,,1,70,,310455,15,,,1,30,,310456,15,,,1,65,,310457,15,,,1,30,,310458,15,,,1,70,,310459,15,,,1,30,,310460,15,,,1,70,,310461,15,,,1,30,,310462,15,,,1,77,,310464,15,,,1,20,,310465,15,,,1,70,,310466,15,,,1,30,,310467,15,,,1,70,,310469,15,,,1,30,,310470,15,,,1,70,,310472,15,,,1,30,,310473,15,,,1,70,,310474,15,,,1,85,,310475,15,,,1,105,,310476,15,,,1,100,,310477,15,,,1,202,,310478,15,,,1
5601,'20261009',454,,310479,15,,,1,95,,310481,15,,,1,70,,310483,15,,,1,30,,310485,15,,,1,70,,310487,15,,,1,30,,310488,15,,,1,78,,310489,15,,,1,25,,310490,15,,,1,70,,310491,15,,,1,35,,310492,15,,,1,70,,310493,15,,,1,30,,310494,15,,,1,70,,310495,15,,,1,30,,310496,15,,,1,65,,310497,15,,,1,30,,310498,15,,,1,70,,310499,15,,,1,30,,310500,15,,,1,70,,310501,15,,,1,30,,310502,15,,,1,77,,310504,15,,,1,20,,310505,15,,,1,70,,310506,15,,,1,30,,310507,15,,,1,70,,310509,15,,,1,30,,310510,15,,,1,70,,310512,15,,,1,30,,310513,15,,,1,70,,310514,15,,,1,85,,310515,15,,,1,105,,310516,15,,,1,100,,310517,15,,,1,202,,310518,15,,,1
5601,'20261013',454,,310519,15,,,1,95,,310521,15,,,1,70,,310523,15,,,1,30,,310525,15,,,1,70,,310527,15,,,1,30,,310528,15,,,1,78,,310529,15,,,1,25,,310530,15,,,1,70,,310531,15,,,1,35,,310532,15,,,1,70,,310533,15,,,1,30,,310534,15,,,1,70,,310535,15,,,1,30,,310536,15,,,1,65,,310537,15,,,1,30,,310538,15,,,1,70,,310539,15,,,1,30,,310540,15,,,1,70,,310541,15,,,1,30,,310542,15,,,1,77,,310544,15,,,1,20,,310545,15,,,1,70,,310546,15,,,1,30,,310547,15,,,1,70,,310549,15,,,1,30,,310550,15,,,1,70,,310552,15,,,1,30,,310553,15,,,1,70,,310554,15,,,1,85,,310555,15,,,1,105,,310556,15,,,1,100,,310557,15,,,1,202,,310558,15,,,1
5601,'20261014',454,,310559,15,,,1,95,,310561,15,,,1,70,,310563,15,,,1,30,,310565,15,,,1,70,,310567,15,,,1,30,,310568,15,,,1,78,,310569,15,,,1,25,,310570,15,,,1,70,,310571,15,,,1,35,,310572,15,,,1,70,,310573,15,,,1,30,,310574,15,,,1,70,,310575,15,,,1,30,,310576,15,,,1,65,,310577,15,,,1,30,,310578,15,,,1,70,,310579,15,,,1,30,,310580,15,,,1,70,,310581,15,,,1,30,,310582,15,,,1,77,,310584,15,,,1,20,,310585,15,,,1,70,,310586,15,,,1,30,,310587,15,,,1,70,,310589,15,,,1,30,,310590,15,,,1,70,,310592,15,,,1,30,,310593,15,,,1,70,,310594,15,,,1,85,,310595,15,,,1,105,,310596,15,,,1,100,,310597,15,,,1,202,,310598,15,,,1
5601,'20261015',454,,310599,15,,,1,95,,310601,15,,,1,70,,310603,15,,,1,30,,310605,15,,,1,70,,310607,15,,,1,30,,310608,15,,,1,78,,310609,15,,,1,25,,310610,15,,,1,70,,310611,15,,,1,35,,310612,15,,,1,70,,310613,15,,,1,30,,310614,15,,,1,70,,310615,15,,,1,30,,310616,15,,,1,65,,310617,15,,,1,30,,310618,15,,,1,70,,310619,15,,,1,30,,310620,15,,,1,70,,310621,15,,,1,30,,310622,15,,,1,77,,310624,15,,,1,20,,310625,15,,,1,70,,310626,15,,,1,30,,310627,15,,,1,70,,310629,15,,,1,30,,310630,15,,,1,70,,310632,15,,,1,30,,310633,15,,,1,70,,310634,15,,,1,85,,310635,15,,,1,105,,310636,15,,,1,100,,310637,15,,,1,202,,310638,15,,,1
5601,'20261016',454,,310639,15,,,1,95,,310641,15,,,1,70,,310643,15,,,1,30,,310645,15,,,1,70,,310647,15,,,1,30,,310648,15,,,1,78,,310649,15,,,1,25,,310650,15,,,1,70,,310651,15,,,1,35,,310652,15,,,1,70,,310653,15,,,1,30,,310654,15,,,1,70,,310655,15,,,1,30,,310656,15,,,1,65,,310657,15,,,1,30,,310658,15,,,1,70,,310659,15,,,1,30,,310660,15,,,1,70,,310661,15,,,1,30,,310662,15,,,1,77,,310664,15,,,1,20,,310665,15,,,1,70,,310666,15,,,1,30,,310667,15,,,1,70,,310669,15,,,1,30,,310670,15,,,1,70,,310672,15,,,1,30,,310673,15,,,1,70,,310674,15,,,1,85,,310675,15,,,1,105,,310676,15,,,1,100,,310677,15,,,1,202,,310678,15,,,1
5601,'20261019',454,,310679,15,,,1,95,,310681,15,,,1,70,,310683,15,,,1,30,,310685,15,,,1,70,,310687,15,,,1,30,,310688,15,,,1,78,,310689,15,,,1,25,,310690,15,,,1,70,,310691,15,,,1,35,,310692,15,,,1,70,,310693,15,,,1,30,,310694,15,,,1,70,,310695,15,,,1,30,,310696,15,,,1,65,,310697,15,,,1,30,,310698,15,,,1,70,,310699,15,,,1,30,,310700,15,,,1,70,,310701,15,,,1,30,,310702,15,,,1,77,,310704,15,,,1,20,,310705,15,,,1,70,,310706,15,,,1,30,,310707,15,,,1,70,,310709,15,,,1,30,,310710,15,,,1,70,,310712,15,,,1,30,,310713,15,,,1,70,,310714,15,,,1,85,,310715,15,,,1,105,,310716,15,,,1,100,,310717,15,,,1,202,,310718,15,,,1
5601,'20261020',454,,310719,15,,,1,95,,310721,15,,,1,70,,310723,15,,,1,30,,310725,15,,,1,70,,310727,15,,,1,30,,310728,15,,,1,78,,310729,15,,,1,25,,310730,15,,,1,70,,310731,15,,,1,35,,310732,15,,,1,70,,310733,15,,,1,30,,310734,15,,,1,70,,310735,15,,,1,30,,310736,15,,,1,65,,310737,15,,,1,30,,310738,15,,,1,70,,310739,15,,,1,30,,310740,15,,,1,70,,310741,15,,,1,30,,310742,15,,,1,77,,310744,15,,,1,20,,310745,15,,,1,70,,310746,15,,,1,30,,310747,15,,,1,70,,310749,15,,,1,30,,310750,15,,,1,70,,310752,15,,,1,30,,310753,15,,,1,70,,310754,15,,,1,85,,310755,15,,,1,105,,310756,15,,,1,100,,310757,15,,,1,202,,310758,15,,,1
5601,'20261021',454,,310759,15,,,1,95,,310761,15,,,1,70,,310763,15,,,1,30,,310765,15,,,1,70,,310767,15,,,1,30,,310768,15,,,1,78,,310769,15,,,1,25,,310770,15,,,1,70,,310771,15,,,1,35,,310772,15,,,1,70,,310773,15,,,1,30,,310774,15,,,1,70,,310775,15,,,1,30,,310776,15,,,1,65,,310777,15,,,1,30,,310778,15,,,1,70,,310779,15,,,1,30,,310780,15,,,1,70,,310781,15,,,1,30,,310782,15,,,1,77,,310784,15,,,1,20,,310785,15,,,1,70,,310786,15,,,1,30,,310787,15,,,1,70,,310789,15,,,1,30,,310790,15,,,1,70,,310792,15,,,1,30,,310793,15,,,1,70,,310794,15,,,1,85,,310795,15,,,1,105,,310796,15,,,1,100,,310797,15,,,1,202,,310798,15,,,1
5601,'20261022',454,,310799,15,,,1,95,,310801,15,,,1,70,,310803,15,,,1,30,,310805,15,,,1,70,,310807,15,,,1,30,,310808,15,,,1,78,,310809,15,,,1,25,,310810,15,,,1,70,,310811,15,,,1,35,,310812,15,,,1,70,,310813,15,,,1,30,,310814,15,,,1,70,,310815,15,,,1,30,,310816,15,,,1,65,,310817,15,,,1,30,,310818,15,,,1,70,,310819,15,,,1,30,,310820,15,,,1,70,,310821,15,,,1,30,,310822,15,,,1,77,,310824,15,,,1,20,,310825,15,,,1,70,,310826,15,,,1,30,,310827,15,,,1,70,,310829,15,,,1,30,,310830,15,,,1,70,,310832,15,,,1,30,,310833,15,,,1,70,,310834,15,,,1,85,,310835,15,,,1,105,,310836,15,,,1,100,,310837,15,,,1,202,,310838,15,,,1
5601,'20261023',454,,310839,15,,,1,95,,310841,15,,,1,70,,310843,15,,,1,30,,310845,15,,,1,70,,310847,15,,,1,30,,310848,15,,,1,78,,310849,15,,,1,25,,310850,15,,,1,70,,310851,15,,,1,35,,310852,15,,,1,70,,310853,15,,,1,30,,310854,15,,,1,70,,310855,15,,,1,30,,310856,15,,,1,65,,310857,15,,,1,30,,310858,15,,,1,70,,310859,15,,,1,30,,310860,15,,,1,70,,310861,15,,,1,30,,310862,15,,,1,77,,310864,15,,,1,20,,310865,15,,,1,70,,310866,15,,,1,30,,310867,15,,,1,70,,310869,15,,,1,30,,310870,15,,,1,70,,310872,15,,,1,30,,310873,15,,,1,70,,310874,15,,,1,85,,310875,15,,,1,105,,310876,15,,,1,100,,310877,15,,,1,202,,310878,15,,,1
5601,'20261026',454,,310879,15,,,1,95,,310881,15,,,1,70,,310883,15,,,1,30,,310885,15,,,1,70,,310887,15,,,1,30,,310888,15,,,1,78,,310889,15,,,1,25,,310890,15,,,1,70,,310891,15,,,1,35,,310892,15,,,1,70,,310893,15,,,1,30,,310894,15,,,1,70,,310895,15,,,1,30,,310896,15,,,1,65,,310897,15,,,1,30,,310898,15,,,1,70,,310899,15,,,1,30,,310900,15,,,1,70,,310901,15,,,1,30,,310902,15,,,1,77,,310904,15,,,1,20,,310905,15,,,1,70,,310906,15,,,1,30,,310907,15,,,1,70,,310909,15,,,1,30,,310910,15,,,1,70,,310912,15,,,1,30,,310913,15,,,1,70,,310914,15,,,1,85,,310915,15,,,1,105,,310916,15,,,1,100,,310917,15,,,1,202,,310918,15,,,1
5601,'20261027',454,,310919,15,,,1,95,,310921,15,,,1,70,,310923,15,,,1,30,,310925,15,,,1,70,,310927,15,,,1,30,,310928,15,,,1,78,,310929,15,,,1,25,,310930,15,,,1,70,,310931,15,,,1,35,,310932,15,,,1,70,,310933,15,,,1,30,,310934,15,,,1,70,,310935,15,,,1,30,,310936,15,,,1,65,,310937,15,,,1,30,,310938,15,,,1,70,,310939,15,,,1,30,,310940,15,,,1,70,,310941,15,,,1,30,,310942,15,,,1,77,,310944,15,,,1,20,,310945,15,,,1,70,,310946,15,,,1,30,,310947,15,,,1,70,,310949,15,,,1,30,,310950,15,,,1,70,,310952,15,,,1,30,,310953,15,,,1,70,,310954,15,,,1,85,,310955,15,,,1,105,,310956,15,,,1,100,,310957,15,,,1,202,,310958,15,,,1
5601,'20261028',454,,310959,15,,,1,95,,310961,15,,,1,70,,310963,15,,,1,30,,310965,15,,,1,70,,310967,15,,,1,30,,310968,15,,,1,78,,310969,15,,,1,25,,310970,15,,,1,70,,310971,15,,,1,35,,310972,15,,,1,70,,310973,15,,,1,30,,310974,15,,,1,70,,310975,15,,,1,30,,310976,15,,,1,65,,310977,15,,,1,30,,310978,15,,,1,70,,310979,15,,,1,30,,310980,15,,,1,70,,310981,15,,,1,30,,310982,15,,,1,77,,310984,15,,,1,20,,310985,15,,,1,70,,310986,15,,,1,30,,310987,15,,,1,70,,310989,15,,,1,30,,310990,15,,,1,70,,310992,15,,,1,30,,310993,15,,,1,70,,310994,15,,,1,85,,310995,15,,,1,105,,310996,15,,,1,100,,310997,15,,,1,202,,310998,15,,,1
5601,'20261029',454,,310999,15,,,1,95,,311001,15,,,1,70,,311003,15,,,1,30,,311005,15,,,1,70,,311007,15,,,1,30,,311008,15,,,1,78,,311009,15,,,1,25,,311010,15,,,1,70,,311011,15,,,1,35,,311012,15,,,1,70,,311013,15,,,1,30,,311014,15,,,1,70,,311015,15,,,1,30,,311016,15,,,1,65,,311017,15,,,1,30,,311018,15,,,1,70,,311019,15,,,1,30,,311020,15,,,1,70,,311021,15,,,1,30,,311022,15,,,1,77,,311024,15,,,1,20,,311025,15,,,1,70,,311026,15,,,1,30,,311027,15,,,1,70,,311029,15,,,1,30,,311030,15,,,1,70,,311032,15,,,1,30,,311033,15,,,1,70,,311034,15,,,1,85,,311035,15,,,1,105,,311036,15,,,1,100,,311037,15,,,1,202,,311038,15,,,1
5601,'20261030',454,,311039,15,,,1,95,,311041,15,,,1,70,,311043,15,,,1,30,,311045,15,,,1,70,,311047,15,,,1,30,,311048,15,,,1,78,,311049,15,,,1,25,,311050,15,,,1,70,,311051,15,,,1,35,,311052,15,,,1,70,,311053,15,,,1,30,,311054,15,,,1,70,,311055,15,,,1,30,,311056,15,,,1,65,,311057,15,,,1,30,,311058,15,,,1,70,,311059,15,,,1,30,,311060,15,,,1,70,,311061,15,,,1,30,,311062,15,,,1,77,,311064,15,,,1,20,,311065,15,,,1,70,,311066,15,,,1,30,,311067,15,,,1,70,,311069,15,,,1,30,,311070,15,,,1,70,,311072,15,,,1,30,,311073,15,,,1,70,,311074,15,,,1,85,,311075,15,,,1,105,,311076,15,,,1,100,,311077,15,,,1,202,,311078,15,,,1
5601,'20261102',454,,311079,15,,,1,95,,311081,15,,,1,70,,311083,15,,,1,30,,311085,15,,,1,70,,311087,15,,,1,30,,311088,15,,,1,78,,311089,15,,,1,25,,311090,15,,,1,70,,311091,15,,,1,35,,311092,15,,,1,70,,311093,15,,,1,30,,311094,15,,,1,70,,311095,15,,,1,30,,311096,15,,,1,65,,311097,15,,,1,30,,311098,15,,,1,70,,311099,15,,,1,30,,311100,15,,,1,70,,311101,15,,,1,30,,311102,15,,,1,77,,311104,15,,,1,20,,311105,15,,,1,70,,311106,15,,,1,30,,311107,15,,,1,70,,311109,15,,,1,30,,311110,15,,,1,70,,311112,15,,,1,30,,311113,15,,,1,70,,311114,15,,,1,85,,311115,15,,,1,105,,311116,15,,,1,100,,311117,15,,,1,202,,311118,15,,,1
5601,'20261103',454,,311119,15,,,1,95,,311121,15,,,1,70,,311123,15,,,1,30,,311125,15,,,1,70,,311127,15,,,1,30,,311128,15,,,1,78,,311129,15,,,1,25,,311130,15,,,1,70,,311131,15,,,1,35,,311132,15,,,1,70,,311133,15,,,1,30,,311134,15,,,1,70,,311135,15,,,1,30,,311136,15,,,1,65,,311137,15,,,1,30,,311138,15,,,1,70,,311139,15,,,1,30,,311140,15,,,1,70,,311141,15,,,1,30,,311142,15,,,1,77,,311144,15,,,1,20,,311145,15,,,1,70,,311146,15,,,1,30,,311147,15,,,1,70,,311149,15,,,1,30,,311150,15,,,1,70,,311152,15,,,1,30,,311153,15,,,1,70,,311154,15,,,1,85,,311155,15,,,1,105,,311156,15,,,1,100,,311157,15,,,1,202,,311158,15,,,1
5601,'20261104',454,,311159,15,,,1,95,,311161,15,,,1,70,,311163,15,,,1,30,,311165,15,,,1,70,,311167,15,,,1,30,,311168,15,,,1,78,,311169,15,,,1,25,,311170,15,,,1,70,,311171,15,,,1,35,,311172,15,,,1,70,,311173,15,,,1,30,,311174,15,,,1,70,,311175,15,,,1,30,,311176,15,,,1,65,,311177,15,,,1,30,,311178,15,,,1,70,,311179,15,,,1,30,,311180,15,,,1,70,,311181,15,,,1,30,,311182,15,,,1,77,,311184,15,,,1,20,,311185,15,,,1,70,,311186,15,,,1,30,,311187,15,,,1,70,,311189,15,,,1,30,,311190,15,,,1,70,,311192,15,,,1,30,,311193,15,,,1,70,,311194,15,,,1,85,,311195,15,,,1,105,,311196,15,,,1,100,,311197,15,,,1,202,,311198,15,,,1
5601,'20261105',454,,311199,15,,,1,95,,311201,15,,,1,70,,311203,15,,,1,30,,311205,15,,,1,70,,311207,15,,,1,30,,311208,15,,,1,78,,311209,15,,,1,25,,311210,15,,,1,70,,311211,15,,,1,35,,311212,15,,,1,70,,311213,15,,,1,30,,311214,15,,,1,70,,311215,15,,,1,30,,311216,15,,,1,65,,311217,15,,,1,30,,311218,15,,,1,70,,311219,15,,,1,30,,311220,15,,,1,70,,311221,15,,,1,30,,311222,15,,,1,77,,311224,15,,,1,20,,311225,15,,,1,70,,311226,15,,,1,30,,311227,15,,,1,70,,311229,15,,,1,30,,311230,15,,,1,70,,311232,15,,,1,30,,311233,15,,,1,70,,311234,15,,,1,85,,311235,15,,,1,105,,311236,15,,,1,100,,311237,15,,,1,202,,311238,15,,,1
5601,'20261106',454,,311239,15,,,1,95,,311241,15,,,1,70,,311243,15,,,1,30,,311245,15,,,1,70,,311247,15,,,1,30,,311248,15,,,1,78,,311249,15,,,1,25,,311250,15,,,1,70,,311251,15,,,1,35,,311252,15,,,1,70,,311253,15,,,1,30,,311254,15,,,1,70,,311255,15,,,1,30,,311256,15,,,1,65,,311257,15,,,1,30,,311258,15,,,1,70,,311259,15,,,1,30,,311260,15,,,1,70,,311261,15,,,1,30,,311262,15,,,1,77,,311264,15,,,1,20,,311265,15,,,1,70,,311266,15,,,1,30,,311267,15,,,1,70,,311269,15,,,1,30,,311270,15,,,1,70,,311272,15,,,1,30,,311273,15,,,1,70,,311274,15,,,1,85,,311275,15,,,1,105,,311276,15,,,1,100,,311277,15,,,1,202,,311278,15,,,1
5601,'20261109',454,,311279,15,,,1,95,,311281,15,,,1,70,,311283,15,,,1,30,,311285,15,,,1,70,,311287,15,,,1,30,,311288,15,,,1,78,,311289,15,,,1,25,,311290,15,,,1,70,,311291,15,,,1,35,,311292,15,,,1,70,,311293,15,,,1,30,,311294,15,,,1,70,,311295,15,,,1,30,,311296,15,,,1,65,,311297,15,,,1,30,,311298,15,,,1,70,,311299,15,,,1,30,,311300,15,,,1,70,,311301,15,,,1,30,,311302,15,,,1,77,,311304,15,,,1,20,,311305,15,,,1,70,,311306,15,,,1,30,,311307,15,,,1,70,,311309,15,,,1,30,,311310,15,,,1,70,,311312,15,,,1,30,,311313,15,,,1,70,,311314,15,,,1,85,,311315,15,,,1,105,,311316,15,,,1,100,,311317,15,,,1,202,,311318,15,,,1
5601,'20261110',454,,311319,15,,,1,95,,311321,15,,,1,70,,311323,15,,,1,30,,311325,15,,,1,70,,311327,15,,,1,30,,311328,15,,,1,78,,311329,15,,,1,25,,311330,15,,,1,70,,311331,15,,,1,35,,311332,15,,,1,70,,311333,15,,,1,30,,311334,15,,,1,70,,311335,15,,,1,30,,311336,15,,,1,65,,311337,15,,,1,30,,311338,15,,,1,70,,311339,15,,,1,30,,311340,15,,,1,70,,311341,15,,,1,30,,311342,15,,,1,77,,311344,15,,,1,20,,311345,15,,,1,70,,311346,15,,,1,30,,311347,15,,,1,70,,311349,15,,,1,30,,311350,15,,,1,70,,311352,15,,,1,30,,311353,15,,,1,70,,311354,15,,,1,85,,311355,15,,,1,105,,311356,15,,,1,100,,311357,15,,,1,202,,311358,15,,,1
5601,'20261111',454,,311359,15,,,1,95,,311361,15,,,1,70,,311363,15,,,1,30,,311365,15,,,1,70,,311367,15,,,1,30,,311368,15,,,1,78,,311369,15,,,1,25,,311370,15,,,1,70,,311371,15,,,1,35,,311372,15,,,1,70,,311373,15,,,1,30,,311374,15,,,1,70,,311375,15,,,1,30,,311376,15,,,1,65,,311377,15,,,1,30,,311378,15,,,1,70,,311379,15,,,1,30,,311380,15,,,1,70,,311381,15,,,1,30,,311382,15,,,1,77,,311384,15,,,1,20,,311385,15,,,1,70,,311386,15,,,1,30,,311387,15,,,1,70,,311389,15,,,1,30,,311390,15,,,1,70,,311392,15,,,1,30,,311393,15,,,1,70,,311394,15,,,1,85,,311395,15,,,1,105,,311396,15,,,1,100,,311397,15,,,1,202,,311398,15,,,1
5601,'20261112',454,,311399,15,,,1,95,,311401,15,,,1,70,,311403,15,,,1,30,,311405,15,,,1,70,,311407,15,,,1,30,,311408,15,,,1,78,,311409,15,,,1,25,,311410,15,,,1,70,,311411,15,,,1,35,,311412,15,,,1,70,,311413,15,,,1,30,,311414,15,,,1,70,,311415,15,,,1,30,,311416,15,,,1,65,,311417,15,,,1,30,,311418,15,,,1,70,,311419,15,,,1,30,,311420,15,,,1,70,,311421,15,,,1,30,,311422,15,,,1,77,,311424,15,,,1,20,,311425,15,,,1,70,,311426,15,,,1,30,,311427,15,,,1,70,,311429,15,,,1,30,,311430,15,,,1,70,,311432,15,,,1,30,,311433,15,,,1,70,,311434,15,,,1,85,,311435,15,,,1,105,,311436,15,,,1,100,,311437,15,,,1,202,,311438,15,,,1
5601,'20261113',454,,311439,15,,,1,95,,311441,15,,,1,70,,311443,15,,,1,30,,311445,15,,,1,70,,311447,15,,,1,30,,311448,15,,,1,78,,311449,15,,,1,25,,311450,15,,,1,70,,311451,15,,,1,35,,311452,15,,,1,70,,311453,15,,,1,30,,311454,15,,,1,70,,311455,15,,,1,30,,311456,15,,,1,65,,311457,15,,,1,30,,311458,15,,,1,70,,311459,15,,,1,30,,311460,15,,,1,70,,311461,15,,,1,30,,311462,15,,,1,77,,311464,15,,,1,20,,311465,15,,,1,70,,311466,15,,,1,30,,311467,15,,,1,70,,311469,15,,,1,30,,311470,15,,,1,70,,311472,15,,,1,30,,311473,15,,,1,70,,311474,15,,,1,85,,311475,15,,,1,105,,311476,15,,,1,100,,311477,15,,,1,202,,311478,15,,,1
5601,'20261116',454,,311479,15,,,1,95,,311481,15,,,1,70,,311483,15,,,1,30,,311485,15,,,1,70,,311487,15,,,1,30,,311488,15,,,1,78,,311489,15,,,1,25,,311490,15,,,1,70,,311491,15,,,1,35,,311492,15,,,1,70,,311493,15,,,1,30,,311494,15,,,1,70,,311495,15,,,1,30,,311496,15,,,1,65,,311497,15,,,1,30,,311498,15,,,1,70,,311499,15,,,1,30,,311500,15,,,1,70,,311501,15,,,1,30,,311502,15,,,1,77,,311504,15,,,1,20,,311505,15,,,1,70,,311506,15,,,1,30,,311507,15,,,1,70,,311509,15,,,1,30,,311510,15,,,1,70,,311512,15,,,1,30,,311513,15,,,1,70,,311514,15,,,1,85,,311515,15,,,1,105,,311516,15,,,1,100,,311517,15,,,1,202,,311518,15,,,1
5601,'20261117',454,,311519,15,,,1,95,,311521,15,,,1,70,,311523,15,,,1,30,,311525,15,,,1,70,,311527,15,,,1,30,,311528,15,,,1,78,,311529,15,,,1,25,,311530,15,,,1,70,,311531,15,,,1,35,,311532,15,,,1,70,,311533,15,,,1,30,,311534,15,,,1,70,,311535,15,,,1,30,,311536,15,,,1,65,,311537,15,,,1,30,,311538,15,,,1,70,,311539,15,,,1,30,,311540,15,,,1,70,,311541,15,,,1,30,,311542,15,,,1,77,,311544,15,,,1,20,,311545,15,,,1,70,,311546,15,,,1,30,,311547,15,,,1,70,,311549,15,,,1,30,,311550,15,,,1,70,,311552,15,,,1,30,,311553,15,,,1,70,,311554,15,,,1,85,,311555,15,,,1,105,,311556,15,,,1,100,,311557,15,,,1,202,,311558,15,,,1
5601,'20261118',454,,311559,15,,,1,95,,311561,15,,,1,70,,311563,15,,,1,30,,311565,15,,,1,70,,311567,15,,,1,30,,311568,15,,,1,78,,311569,15,,,1,25,,311570,15,,,1,70,,311571,15,,,1,35,,311572,15,,,1,70,,311573,15,,,1,30,,311574,15,,,1,70,,311575,15,,,1,30,,311576,15,,,1,65,,311577,15,,,1,30,,311578,15,,,1,70,,311579,15,,,1,30,,311580,15,,,1,70,,311581,15,,,1,30,,311582,15,,,1,77,,311584,15,,,1,20,,311585,15,,,1,70,,311586,15,,,1,30,,311587,15,,,1,70,,311589,15,,,1,30,,311590,15,,,1,70,,311592,15,,,1,30,,311593,15,,,1,70,,311594,15,,,1,85,,311595,15,,,1,105,,311596,15,,,1,100,,311597,15,,,1,202,,311598,15,,,1
5601,'20261119',454,,311599,15,,,1,95,,311601,15,,,1,70,,311603,15,,,1,30,,311605,15,,,1,70,,311607,15,,,1,30,,311608,15,,,1,78,,311609,15,,,1,25,,311610,15,,,1,70,,311611,15,,,1,35,,311612,15,,,1,70,,311613,15,,,1,30,,311614,15,,,1,70,,311615,15,,,1,30,,311616,15,,,1,65,,311617,15,,,1,30,,311618,15,,,1,70,,311619,15,,,1,30,,311620,15,,,1,70,,311621,15,,,1,30,,311622,15,,,1,77,,311624,15,,,1,20,,311625,15,,,1,70,,311626,15,,,1,30,,311627,15,,,1,70,,311629,15,,,1,30,,311630,15,,,1,70,,311632,15,,,1,30,,311633,15,,,1,70,,311634,15,,,1,85,,311635,15,,,1,105,,311636,15,,,1,100,,311637,15,,,1,202,,311638,15,,,1
5601,'20261120',454,,311639,15,,,1,95,,311641,15,,,1,70,,311643,15,,,1,30,,311645,15,,,1,70,,311647,15,,,1,30,,311648,15,,,1,78,,311649,15,,,1,25,,311650,15,,,1,70,,311651,15,,,1,35,,311652,15,,,1,70,,311653,15,,,1,30,,311654,15,,,1,70,,311655,15,,,1,30,,311656,15,,,1,65,,311657,15,,,1,30,,311658,15,,,1,70,,311659,15,,,1,30,,311660,15,,,1,70,,311661,15,,,1,30,,311662,15,,,1,77,,311664,15,,,1,20,,311665,15,,,1,70,,311666,15,,,1,30,,311667,15,,,1,70,,311669,15,,,1,30,,311670,15,,,1,70,,311672,15,,,1,30,,311673,15,,,1,70,,311674,15,,,1,85,,311675,15,,,1,105,,311676,15,,,1,100,,311677,15,,,1,202,,311678,15,,,1
5601,'20261123',454,,311679,15,,,1,95,,311681,15,,,1,70,,311683,15,,,1,30,,311685,15,,,1,70,,311687,15,,,1,30,,311688,15,,,1,78,,311689,15,,,1,25,,311690,15,,,1,70,,311691,15,,,1,35,,311692,15,,,1,70,,311693,15,,,1,30,,311694,15,,,1,70,,311695,15,,,1,30,,311696,15,,,1,65,,311697,15,,,1,30,,311698,15,,,1,70,,311699,15,,,1,30,,311700,15,,,1,70,,311701,15,,,1,30,,311702,15,,,1,77,,311704,15,,,1,20,,311705,15,,,1,70,,311706,15,,,1,30,,311707,15,,,1,70,,311709,15,,,1,30,,311710,15,,,1,70,,311712,15,,,1,30,,311713,15,,,1,70,,311714,15,,,1,85,,311715,15,,,1,105,,311716,15,,,1,100,,311717,15,,,1,202,,311718,15,,,1
5601,'20261124',454,,311719,15,,,1,95,,311721,15,,,1,70,,311723,15,,,1,30,,311725,15,,,1,70,,311727,15,,,1,30,,311728,15,,,1,78,,311729,15,,,1,25,,311730,15,,,1,70,,311731,15,,,1,35,,311732,15,,,1,70,,311733,15,,,1,30,,311734,15,,,1,70,,311735,15,,,1,30,,311736,15,,,1,65,,311737,15,,,1,30,,311738,15,,,1,70,,311739,15,,,1,30,,311740,15,,,1,70,,311741,15,,,1,30,,311742,15,,,1,77,,311744,15,,,1,20,,311745,15,,,1,70,,311746,15,,,1,30,,311747,15,,,1,70,,311749,15,,,1,30,,311750,15,,,1,70,,311752,15,,,1,30,,311753,15,,,1,70,,311754,15,,,1,85,,311755,15,,,1,105,,311756,15,,,1,100,,311757,15,,,1,202,,311758,15,,,1
5601,'20261125',454,,311759,15,,,1,95,,311761,15,,,1,70,,311763,15,,,1,30,,311765,15,,,1,70,,311767,15,,,1,30,,311768,15,,,1,78,,311769,15,,,1,25,,311770,15,,,1,70,,311771,15,,,1,35,,311772,15,,,1,70,,311773,15,,,1,30,,311774,15,,,1,70,,311775,15,,,1,30,,311776,15,,,1,65,,311777,15,,,1,30,,311778,15,,,1,70,,311779,15,,,1,30,,311780,15,,,1,70,,311781,15,,,1,30,,311782,15,,,1,77,,311784,15,,,1,20,,311785,15,,,1,70,,311786,15,,,1,30,,311787,15,,,1,70,,311789,15,,,1,30,,311790,15,,,1,70,,311792,15,,,1,30,,311793,15,,,1,70,,311794,15,,,1,85,,311795,15,,,1,105,,311796,15,,,1,100,,311797,15,,,1,202,,311798,15,,,1
5601,'20261126',454,,311799,15,,,1,95,,311801,15,,,1,70,,311803,15,,,1,30,,311805,15,,,1,70,,311807,15,,,1,30,,311808,15,,,1,78,,311809,15,,,1,25,,311810,15,,,1,70,,311811,15,,,1,35,,311812,15,,,1,70,,311813,15,,,1,30,,311814,15,,,1,70,,311815,15,,,1,30,,311816,15,,,1,65,,311817,15,,,1,30,,311818,15,,,1,70,,311819,15,,,1,30,,311820,15,,,1,70,,311821,15,,,1,30,,311822,15,,,1,77,,311824,15,,,1,20,,311825,15,,,1,70,,311826,15,,,1,30,,311827,15,,,1,70,,311829,15,,,1,30,,311830,15,,,1,70,,311832,15,,,1,30,,311833,15,,,1,70,,311834,15,,,1,85,,311835,15,,,1,105,,311836,15,,,1,100,,311837,15,,,1,202,,311838,15,,,1
5601,'20261127',454,,311839,15,,,1,95,,311841,15,,,1,70,,311843,15,,,1,30,,311845,15,,,1,70,,311847,15,,,1,30,,311848,15,,,1,78,,311849,15,,,1,25,,311850,15,,,1,70,,311851,15,,,1,35,,311852,15,,,1,70,,311853,15,,,1,30,,311854,15,,,1,70,,311855,15,,,1,30,,311856,15,,,1,65,,311857,15,,,1,30,,311858,15,,,1,70,,311859,15,,,1,30,,311860,15,,,1,70,,311861,15,,,1,30,,311862,15,,,1,77,,311864,15,,,1,20,,311865,15,,,1,70,,311866,15,,,1,30,,311867,15,,,1,70,,311869,15,,,1,30,,311870,15,,,1,70,,311872,15,,,1,30,,311873,15,,,1,70,,311874,15,,,1,85,,311875,15,,,1,105,,311876,15,,,1,100,,311877,15,,,1,202,,311878,15,,,1
