1101,'20260831',620,,120857,3,,,1,116,,120858,3,,,1,208,,120859,3,,,1,203,,120860,3,,,1,198,,120861,3,,,1,102,,120862,3,,,1,100,,120863,3,,,1,206,,120864,3,,,1
1101,'20260901',620,,120865,3,,,1,116,,120866,3,,,1,208,,120867,3,,,1,203,,120868,3,,,1,198,,120869,3,,,1,102,,120870,3,,,1,100,,120871,3,,,1,206,,120872,3,,,1
1101,'20260902',620,,120873,3,,,1,116,,120874,3,,,1,208,,120875,3,,,1,203,,120876,3,,,1,198,,120877,3,,,1,102,,120878,3,,,1,100,,120879,3,,,1,206,,120880,3,,,1
1101,'20260903',620,,120881,3,,,1,116,,120882,3,,,1,208,,120883,3,,,1,203,,120884,3,,,1,198,,120885,3,,,1,102,,120886,3,,,1,100,,120887,3,,,1,206,,120888,3,,,1
1101,'20260904',620,,120889,3,,,1,116,,120890,3,,,1,208,,120891,3,,,1,203,,120892,3,,,1,198,,120893,3,,,1,102,,120894,3,,,1,100,,120895,3,,,1,206,,120896,3,,,1
1101,'20260908',620,,221035,3,,,1,116,,221036,3,,,1,208,,221037,3,,,1,200,,221038,3,,,1,198,,221039,3,,,1,102,,221040,3,,,1,100,,221041,3,,,1,206,,221042,3,,,1
1101,'20260909',620,,221043,3,,,1,116,,221044,3,,,1,208,,221045,3,,,1,200,,221046,3,,,1,198,,221047,3,,,1,102,,221048,3,,,1,100,,221049,3,,,1,206,,221050,3,,,1
1101,'20260910',620,,221051,3,,,1,116,,221052,3,,,1,208,,221053,3,,,1,200,,221054,3,,,1,198,,221055,3,,,1,102,,221056,3,,,1,100,,221057,3,,,1,206,,221058,3,,,1
1101,'20260911',620,,221059,3,,,1,116,,221060,3,,,1,208,,221061,3,,,1,200,,221062,3,,,1,198,,221063,3,,,1,102,,221064,3,,,1,100,,221065,3,,,1,206,,221066,3,,,1
1101,'20260914',620,,221067,3,,,1,116,,221068,3,,,1,208,,221069,3,,,1,200,,221070,3,,,1,198,,221071,3,,,1,102,,221072,3,,,1,100,,221073,3,,,1,206,,221074,3,,,1
1101,'20260915',620,,221075,3,,,1,116,,221076,3,,,1,208,,221077,3,,,1,200,,221078,3,,,1,198,,221079,3,,,1,102,,221080,3,,,1,100,,221081,3,,,1,206,,221082,3,,,1
1101,'20260916',620,,221083,3,,,1,116,,221084,3,,,1,208,,221085,3,,,1,200,,221086,3,,,1,198,,221087,3,,,1,102,,221088,3,,,1,100,,221089,3,,,1,206,,221090,3,,,1
1101,'20260917',620,,221091,3,,,1,116,,221092,3,,,1,208,,221093,3,,,1,200,,221094,3,,,1,198,,221095,3,,,1,102,,221096,3,,,1,100,,221097,3,,,1,206,,221098,3,,,1
1101,'20260918',620,,221099,3,,,1,116,,221100,3,,,1,208,,221101,3,,,1,200,,221102,3,,,1,198,,221103,3,,,1,102,,221104,3,,,1,100,,221105,3,,,1,206,,221106,3,,,1
1101,'20260921',620,,221107,3,,,1,116,,221108,3,,,1,208,,221109,3,,,1,200,,221110,3,,,1,198,,221111,3,,,1,102,,221112,3,,,1,100,,221113,3,,,1,206,,221114,3,,,1
1101,'20260922',620,,221115,3,,,1,116,,221116,3,,,1,208,,221117,3,,,1,200,,221118,3,,,1,198,,221119,3,,,1,102,,221120,3,,,1,100,,221121,3,,,1,206,,221122,3,,,1
1101,'20260923',620,,221123,3,,,1,116,,221124,3,,,1,208,,221125,3,,,1,200,,221126,3,,,1,198,,221127,3,,,1,102,,221128,3,,,1,100,,221129,3,,,1,206,,221130,3,,,1
1101,'20260924',620,,221131,3,,,1,116,,221132,3,,,1,208,,221133,3,,,1,200,,221134,3,,,1,198,,221135,3,,,1,102,,221136,3,,,1,100,,221137,3,,,1,206,,221138,3,,,1
1101,'20260925',620,,221139,3,,,1,116,,221140,3,,,1,208,,221141,3,,,1,200,,221142,3,,,1,198,,221143,3,,,1,102,,221144,3,,,1,100,,221145,3,,,1,206,,221146,3,,,1
1101,'20260928',620,,221147,3,,,1,116,,221148,3,,,1,208,,221149,3,,,1,200,,221150,3,,,1,198,,221151,3,,,1,102,,221152,3,,,1,100,,221153,3,,,1,206,,221154,3,,,1
1101,'20260929',620,,221155,3,,,1,116,,221156,3,,,1,208,,221157,3,,,1,200,,221158,3,,,1,198,,221159,3,,,1,102,,221160,3,,,1,100,,221161,3,,,1,206,,221162,3,,,1
1101,'20260930',620,,221163,3,,,1,116,,221164,3,,,1,208,,221165,3,,,1,200,,221166,3,,,1,198,,221167,3,,,1,102,,221168,3,,,1,100,,221169,3,,,1,206,,221170,3,,,1
1101,'20261001',620,,221171,3,,,1,116,,221172,3,,,1,208,,221173,3,,,1,200,,221174,3,,,1,198,,221175,3,,,1,102,,221176,3,,,1,100,,221177,3,,,1,206,,221178,3,,,1
1101,'20261002',620,,221179,3,,,1,116,,221180,3,,,1,208,,221181,3,,,1,200,,221182,3,,,1,198,,221183,3,,,1,102,,221184,3,,,1,100,,221185,3,,,1,206,,221186,3,,,1
1101,'20261005',620,,221187,3,,,1,116,,221188,3,,,1,208,,221189,3,,,1,200,,221190,3,,,1,198,,221191,3,,,1,102,,221192,3,,,1,100,,221193,3,,,1,206,,221194,3,,,1
1101,'20261006',620,,221195,3,,,1,116,,221196,3,,,1,208,,221197,3,,,1,200,,221198,3,,,1,198,,221199,3,,,1,102,,221200,3,,,1,100,,221201,3,,,1,206,,221202,3,,,1
1101,'20261007',620,,221203,3,,,1,116,,221204,3,,,1,208,,221205,3,,,1,200,,221206,3,,,1,198,,221207,3,,,1,102,,221208,3,,,1,100,,221209,3,,,1,206,,221210,3,,,1
1101,'20261008',620,,221211,3,,,1,116,,221212,3,,,1,208,,221213,3,,,1,200,,221214,3,,,1,198,,221215,3,,,1,102,,221216,3,,,1,100,,221217,3,,,1,206,,221218,3,,,1
1101,'20261009',620,,221219,3,,,1,116,,221220,3,,,1,208,,221221,3,,,1,200,,221222,3,,,1,198,,221223,3,,,1,102,,221224,3,,,1,100,,221225,3,,,1,206,,221226,3,,,1
1101,'20261013',620,,221227,3,,,1,116,,221228,3,,,1,208,,221229,3,,,1,200,,221230,3,,,1,198,,221231,3,,,1,102,,221232,3,,,1,100,,221233,3,,,1,206,,221234,3,,,1
1101,'20261014',620,,221235,3,,,1,116,,221236,3,,,1,208,,221237,3,,,1,200,,221238,3,,,1,198,,221239,3,,,1,102,,221240,3,,,1,100,,221241,3,,,1,206,,221242,3,,,1
1101,'20261015',620,,221243,3,,,1,116,,221244,3,,,1,208,,221245,3,,,1,200,,221246,3,,,1,198,,221247,3,,,1,102,,221248,3,,,1,100,,221249,3,,,1,206,,221250,3,,,1
1101,'20261016',620,,221251,3,,,1,116,,221252,3,,,1,208,,221253,3,,,1,200,,221254,3,,,1,198,,221255,3,,,1,102,,221256,3,,,1,100,,221257,3,,,1,206,,221258,3,,,1
1101,'20261019',620,,221259,3,,,1,116,,221260,3,,,1,208,,221261,3,,,1,200,,221262,3,,,1,198,,221263,3,,,1,102,,221264,3,,,1,100,,221265,3,,,1,206,,221266,3,,,1
1101,'20261020',620,,221267,3,,,1,116,,221268,3,,,1,208,,221269,3,,,1,200,,221270,3,,,1,198,,221271,3,,,1,102,,221272,3,,,1,100,,221273,3,,,1,206,,221274,3,,,1
1101,'20261021',620,,221275,3,,,1,116,,221276,3,,,1,208,,221277,3,,,1,200,,221278,3,,,1,198,,221279,3,,,1,102,,221280,3,,,1,100,,221281,3,,,1,206,,221282,3,,,1
1101,'20261022',620,,221283,3,,,1,116,,221284,3,,,1,208,,221285,3,,,1,200,,221286,3,,,1,198,,221287,3,,,1,102,,221288,3,,,1,100,,221289,3,,,1,206,,221290,3,,,1
1101,'20261023',620,,221291,3,,,1,116,,221292,3,,,1,208,,221293,3,,,1,200,,221294,3,,,1,198,,221295,3,,,1,102,,221296,3,,,1,100,,221297,3,,,1,206,,221298,3,,,1
1101,'20261026',620,,221299,3,,,1,116,,221300,3,,,1,208,,221301,3,,,1,200,,221302,3,,,1,198,,221303,3,,,1,102,,221304,3,,,1,100,,221305,3,,,1,206,,221306,3,,,1
1101,'20261027',620,,221307,3,,,1,116,,221308,3,,,1,208,,221309,3,,,1,200,,221310,3,,,1,198,,221311,3,,,1,102,,221312,3,,,1,100,,221313,3,,,1,206,,221314,3,,,1
1101,'20261028',620,,221315,3,,,1,116,,221316,3,,,1,208,,221317,3,,,1,200,,221318,3,,,1,198,,221319,3,,,1,102,,221320,3,,,1,100,,221321,3,,,1,206,,221322,3,,,1
1101,'20261029',620,,221323,3,,,1,116,,221324,3,,,1,208,,221325,3,,,1,200,,221326,3,,,1,198,,221327,3,,,1,102,,221328,3,,,1,100,,221329,3,,,1,206,,221330,3,,,1
1101,'20261030',620,,221331,3,,,1,116,,221332,3,,,1,208,,221333,3,,,1,200,,221334,3,,,1,198,,221335,3,,,1,102,,221336,3,,,1,100,,221337,3,,,1,206,,221338,3,,,1
1101,'20261102',620,,221339,3,,,1,116,,221340,3,,,1,208,,221341,3,,,1,200,,221342,3,,,1,198,,221343,3,,,1,102,,221344,3,,,1,100,,221345,3,,,1,206,,221346,3,,,1
1101,'20261103',620,,221347,3,,,1,116,,221348,3,,,1,208,,221349,3,,,1,200,,221350,3,,,1,198,,221351,3,,,1,102,,221352,3,,,1,100,,221353,3,,,1,206,,221354,3,,,1
1101,'20261104',620,,221355,3,,,1,116,,221356,3,,,1,208,,221357,3,,,1,200,,221358,3,,,1,198,,221359,3,,,1,102,,221360,3,,,1,100,,221361,3,,,1,206,,221362,3,,,1
1101,'20261105',620,,221363,3,,,1,116,,221364,3,,,1,208,,221365,3,,,1,200,,221366,3,,,1,198,,221367,3,,,1,102,,221368,3,,,1,100,,221369,3,,,1,206,,221370,3,,,1
1101,'20261106',620,,221371,3,,,1,116,,221372,3,,,1,208,,221373,3,,,1,200,,221374,3,,,1,198,,221375,3,,,1,102,,221376,3,,,1,100,,221377,3,,,1,206,,221378,3,,,1
1101,'20261109',620,,221379,3,,,1,116,,221380,3,,,1,208,,221381,3,,,1,200,,221382,3,,,1,198,,221383,3,,,1,102,,221384,3,,,1,100,,221385,3,,,1,206,,221386,3,,,1
1101,'20261110',620,,221387,3,,,1,116,,221388,3,,,1,208,,221389,3,,,1,200,,221390,3,,,1,198,,221391,3,,,1,102,,221392,3,,,1,100,,221393,3,,,1,206,,221394,3,,,1
1101,'20261111',620,,221395,3,,,1,116,,221396,3,,,1,208,,221397,3,,,1,200,,221398,3,,,1,198,,221399,3,,,1,102,,221400,3,,,1,100,,221401,3,,,1,206,,221402,3,,,1
1101,'20261112',620,,221403,3,,,1,116,,221404,3,,,1,208,,221405,3,,,1,200,,221406,3,,,1,198,,221407,3,,,1,102,,221408,3,,,1,100,,221409,3,,,1,206,,221410,3,,,1
1101,'20261113',620,,221411,3,,,1,116,,221412,3,,,1,208,,221413,3,,,1,200,,221414,3,,,1,198,,221415,3,,,1,102,,221416,3,,,1,100,,221417,3,,,1,206,,221418,3,,,1
1101,'20261116',620,,221419,3,,,1,116,,221420,3,,,1,208,,221421,3,,,1,200,,221422,3,,,1,198,,221423,3,,,1,102,,221424,3,,,1,100,,221425,3,,,1,206,,221426,3,,,1
1101,'20261117',620,,221427,3,,,1,116,,221428,3,,,1,208,,221429,3,,,1,200,,221430,3,,,1,198,,221431,3,,,1,102,,221432,3,,,1,100,,221433,3,,,1,206,,221434,3,,,1
1101,'20261118',620,,221435,3,,,1,116,,221436,3,,,1,208,,221437,3,,,1,200,,221438,3,,,1,198,,221439,3,,,1,102,,221440,3,,,1,100,,221441,3,,,1,206,,221442,3,,,1
1101,'20261119',620,,221443,3,,,1,116,,221444,3,,,1,208,,221445,3,,,1,200,,221446,3,,,1,198,,221447,3,,,1,102,,221448,3,,,1,100,,221449,3,,,1,206,,221450,3,,,1
1101,'20261120',620,,221451,3,,,1,116,,221452,3,,,1,208,,221453,3,,,1,200,,221454,3,,,1,198,,221455,3,,,1,102,,221456,3,,,1,100,,221457,3,,,1,206,,221458,3,,,1
1101,'20261123',620,,221459,3,,,1,116,,221460,3,,,1,208,,221461,3,,,1,200,,221462,3,,,1,198,,221463,3,,,1,102,,221464,3,,,1,100,,221465,3,,,1,206,,221466,3,,,1
1101,'20261124',620,,221467,3,,,1,116,,221468,3,,,1,208,,221469,3,,,1,200,,221470,3,,,1,198,,221471,3,,,1,102,,221472,3,,,1,100,,221473,3,,,1,206,,221474,3,,,1
1101,'20261125',620,,221475,3,,,1,116,,221476,3,,,1,208,,221477,3,,,1,200,,221478,3,,,1,198,,221479,3,,,1,102,,221480,3,,,1,100,,221481,3,,,1,206,,221482,3,,,1
1101,'20261126',620,,221483,3,,,1,116,,221484,3,,,1,208,,221485,3,,,1,200,,221486,3,,,1,198,,221487,3,,,1,102,,221488,3,,,1,100,,221489,3,,,1,206,,221490,3,,,1
1101,'20261127',620,,221491,3,,,1,116,,221492,3,,,1,208,,221493,3,,,1,200,,221494,3,,,1,198,,221495,3,,,1,102,,221496,3,,,1,100,,221497,3,,,1,206,,221498,3,,,1
1601,'20260831',613,,131598,3,,,1,102,,131599,3,,,1,413,,131600,3,,,1,105,,131601,3,,,1,100,,131602,3,,,1,105,,131603,3,,,1,595,,131604,3,,,1,90,,131605,3,,,1,100,,131606,3,,,1,95,,131607,3,,,1,100,,131608,3,,,1,95,,131609,3,,,1
1601,'20260901',613,,131610,3,,,1,102,,131611,3,,,1,413,,131612,3,,,1,105,,131613,3,,,1,100,,131614,3,,,1,105,,131615,3,,,1,595,,131616,3,,,1,90,,131617,3,,,1,100,,131618,3,,,1,95,,131619,3,,,1,100,,131620,3,,,1,95,,131621,3,,,1
1601,'20260902',613,,131622,3,,,1,102,,131623,3,,,1,413,,131624,3,,,1,105,,131625,3,,,1,100,,131626,3,,,1,105,,131627,3,,,1,595,,131628,3,,,1,90,,131629,3,,,1,100,,131630,3,,,1,95,,131631,3,,,1,100,,131632,3,,,1,95,,131633,3,,,1
1601,'20260903',613,,131634,3,,,1,102,,131635,3,,,1,413,,131636,3,,,1,105,,131637,3,,,1,100,,131638,3,,,1,105,,131639,3,,,1,595,,131640,3,,,1,90,,131641,3,,,1,100,,131642,3,,,1,95,,131643,3,,,1,100,,131644,3,,,1,95,,131645,3,,,1
1601,'20260904',613,,131646,3,,,1,102,,131647,3,,,1,413,,131648,3,,,1,105,,131649,3,,,1,100,,131650,3,,,1,105,,131651,3,,,1,595,,131652,3,,,1,90,,131653,3,,,1,100,,131654,3,,,1,95,,131655,3,,,1,100,,131656,3,,,1,95,,131657,3,,,1
1601,'20260905',813,,230633,3,,,1,100,,230634,3,,,1,110,,230635,3,,,1,105,,230636,3,,,1,30,,230637,3,,,1,75,,230638,3,,,1,75,,230639,3,,,1,35,,230640,3,,,1,70,,230641,3,,,1,30,,230642,3,,,1,70,,230643,3,,,1,30,,230644,3,,,1,70,,230645,3,,,1,30,,230646,3,,,1,70,,230647,3,,,1,30,,230648,3,,,1,65,,230649,3,,,1,30,,230650,3,,,1,70,,230651,3,,,1,30,,230652,3,,,1,65,,230653,3,,,1,25,,230654,3,,,1,25,,230655,3,,,1,70,,230656,3,,,1,100,,230657,3,,,1,95,,230658,3,,,1,100,,230659,3,,,1,100,,230660,3,,,1
1601,'20260906',813,,230661,3,,,1,100,,230662,3,,,1,110,,230663,3,,,1,105,,230664,3,,,1,30,,230665,3,,,1,75,,230666,3,,,1,75,,230667,3,,,1,35,,230668,3,,,1,70,,230669,3,,,1,30,,230670,3,,,1,70,,230671,3,,,1,30,,230672,3,,,1,70,,230673,3,,,1,30,,230674,3,,,1,70,,230675,3,,,1,30,,230676,3,,,1,65,,230677,3,,,1,30,,230678,3,,,1,70,,230679,3,,,1,30,,230680,3,,,1,65,,230681,3,,,1,25,,230682,3,,,1,25,,230683,3,,,1,70,,230684,3,,,1,100,,230685,3,,,1,95,,230686,3,,,1,100,,230687,3,,,1,100,,230688,3,,,1
1601,'20260907',813,,230689,3,,,1,100,,230690,3,,,1,110,,230691,3,,,1,105,,230692,3,,,1,30,,230693,3,,,1,75,,230694,3,,,1,75,,230695,3,,,1,35,,230696,3,,,1,70,,230697,3,,,1,30,,230698,3,,,1,70,,230699,3,,,1,30,,230700,3,,,1,70,,230701,3,,,1,30,,230702,3,,,1,70,,230703,3,,,1,30,,230704,3,,,1,65,,230705,3,,,1,30,,230706,3,,,1,70,,230707,3,,,1,30,,230708,3,,,1,65,,230709,3,,,1,25,,230710,3,,,1,25,,230711,3,,,1,70,,230712,3,,,1,100,,230713,3,,,1,95,,230714,3,,,1,100,,230715,3,,,1,100,,230716,3,,,1
1601,'20260908',613,,230717,3,,,1,102,,230718,3,,,1,408,,230719,3,,,1,105,,230720,3,,,1,100,,230721,3,,,1,120,,230722,3,,,1,585,,230723,3,,,1,90,,230724,3,,,1,100,,230725,3,,,1,100,,230726,3,,,1,95,,230727,3,,,1,95,,230728,3,,,1
1601,'20260909',613,,230729,3,,,1,102,,230730,3,,,1,408,,230731,3,,,1,105,,230732,3,,,1,100,,230733,3,,,1,120,,230734,3,,,1,585,,230735,3,,,1,90,,230736,3,,,1,100,,230737,3,,,1,100,,230738,3,,,1,95,,230739,3,,,1,95,,230740,3,,,1
1601,'20260910',613,,230741,3,,,1,102,,230742,3,,,1,408,,230743,3,,,1,105,,230744,3,,,1,100,,230745,3,,,1,120,,230746,3,,,1,585,,230747,3,,,1,90,,230748,3,,,1,100,,230749,3,,,1,100,,230750,3,,,1,95,,230751,3,,,1,95,,230752,3,,,1
1601,'20260911',613,,230753,3,,,1,102,,230754,3,,,1,408,,230755,3,,,1,105,,230756,3,,,1,100,,230757,3,,,1,120,,230758,3,,,1,585,,230759,3,,,1,90,,230760,3,,,1,100,,230761,3,,,1,100,,230762,3,,,1,95,,230763,3,,,1,95,,230764,3,,,1
1601,'20260912',813,,230765,3,,,1,100,,230766,3,,,1,110,,230767,3,,,1,105,,230768,3,,,1,30,,230769,3,,,1,75,,230770,3,,,1,75,,230771,3,,,1,35,,230772,3,,,1,70,,230773,3,,,1,30,,230774,3,,,1,70,,230775,3,,,1,30,,230776,3,,,1,70,,230777,3,,,1,30,,230778,3,,,1,70,,230779,3,,,1,30,,230780,3,,,1,65,,230781,3,,,1,30,,230782,3,,,1,70,,230783,3,,,1,30,,230784,3,,,1,65,,230785,3,,,1,25,,230786,3,,,1,25,,230787,3,,,1,70,,230788,3,,,1,100,,230789,3,,,1,95,,230790,3,,,1,100,,230791,3,,,1,100,,230792,3,,,1
1601,'20260913',813,,230793,3,,,1,100,,230794,3,,,1,110,,230795,3,,,1,105,,230796,3,,,1,30,,230797,3,,,1,75,,230798,3,,,1,75,,230799,3,,,1,35,,230800,3,,,1,70,,230801,3,,,1,30,,230802,3,,,1,70,,230803,3,,,1,30,,230804,3,,,1,70,,230805,3,,,1,30,,230806,3,,,1,70,,230807,3,,,1,30,,230808,3,,,1,65,,230809,3,,,1,30,,230810,3,,,1,70,,230811,3,,,1,30,,230812,3,,,1,65,,230813,3,,,1,25,,230814,3,,,1,25,,230815,3,,,1,70,,230816,3,,,1,100,,230817,3,,,1,95,,230818,3,,,1,100,,230819,3,,,1,100,,230820,3,,,1
1601,'20260914',613,,230821,3,,,1,102,,230822,3,,,1,408,,230823,3,,,1,105,,230824,3,,,1,100,,230825,3,,,1,120,,230826,3,,,1,585,,230827,3,,,1,90,,230828,3,,,1,100,,230829,3,,,1,100,,230830,3,,,1,95,,230831,3,,,1,95,,230832,3,,,1
1601,'20260915',613,,230833,3,,,1,102,,230834,3,,,1,408,,230835,3,,,1,105,,230836,3,,,1,100,,230837,3,,,1,120,,230838,3,,,1,585,,230839,3,,,1,90,,230840,3,,,1,100,,230841,3,,,1,100,,230842,3,,,1,95,,230843,3,,,1,95,,230844,3,,,1
1601,'20260916',613,,230845,3,,,1,102,,230846,3,,,1,408,,230847,3,,,1,105,,230848,3,,,1,100,,230849,3,,,1,120,,230850,3,,,1,585,,230851,3,,,1,90,,230852,3,,,1,100,,230853,3,,,1,100,,230854,3,,,1,95,,230855,3,,,1,95,,230856,3,,,1
1601,'20260917',613,,230857,3,,,1,102,,230858,3,,,1,408,,230859,3,,,1,105,,230860,3,,,1,100,,230861,3,,,1,120,,230862,3,,,1,585,,230863,3,,,1,90,,230864,3,,,1,100,,230865,3,,,1,100,,230866,3,,,1,95,,230867,3,,,1,95,,230868,3,,,1
1601,'20260918',613,,230869,3,,,1,102,,230870,3,,,1,408,,230871,3,,,1,105,,230872,3,,,1,100,,230873,3,,,1,120,,230874,3,,,1,585,,230875,3,,,1,90,,230876,3,,,1,100,,230877,3,,,1,100,,230878,3,,,1,95,,230879,3,,,1,95,,230880,3,,,1
1601,'20260919',813,,230881,3,,,1,100,,230882,3,,,1,110,,230883,3,,,1,105,,230884,3,,,1,30,,230885,3,,,1,75,,230886,3,,,1,75,,230887,3,,,1,35,,230888,3,,,1,70,,230889,3,,,1,30,,230890,3,,,1,70,,230891,3,,,1,30,,230892,3,,,1,70,,230893,3,,,1,30,,230894,3,,,1,70,,230895,3,,,1,30,,230896,3,,,1,65,,230897,3,,,1,30,,230898,3,,,1,70,,230899,3,,,1,30,,230900,3,,,1,65,,230901,3,,,1,25,,230902,3,,,1,25,,230903,3,,,1,70,,230904,3,,,1,100,,230905,3,,,1,95,,230906,3,,,1,100,,230907,3,,,1,100,,230908,3,,,1
1601,'20260920',813,,230909,3,,,1,100,,230910,3,,,1,110,,230911,3,,,1,105,,230912,3,,,1,30,,230913,3,,,1,75,,230914,3,,,1,75,,230915,3,,,1,35,,230916,3,,,1,70,,230917,3,,,1,30,,230918,3,,,1,70,,230919,3,,,1,30,,230920,3,,,1,70,,230921,3,,,1,30,,230922,3,,,1,70,,230923,3,,,1,30,,230924,3,,,1,65,,230925,3,,,1,30,,230926,3,,,1,70,,230927,3,,,1,30,,230928,3,,,1,65,,230929,3,,,1,25,,230930,3,,,1,25,,230931,3,,,1,70,,230932,3,,,1,100,,230933,3,,,1,95,,230934,3,,,1,100,,230935,3,,,1,100,,230936,3,,,1
1601,'20260921',613,,230937,3,,,1,102,,230938,3,,,1,408,,230939,3,,,1,105,,230940,3,,,1,100,,230941,3,,,1,120,,230942,3,,,1,585,,230943,3,,,1,90,,230944,3,,,1,100,,230945,3,,,1,100,,230946,3,,,1,95,,230947,3,,,1,95,,230948,3,,,1
1601,'20260922',613,,230949,3,,,1,102,,230950,3,,,1,408,,230951,3,,,1,105,,230952,3,,,1,100,,230953,3,,,1,120,,230954,3,,,1,585,,230955,3,,,1,90,,230956,3,,,1,100,,230957,3,,,1,100,,230958,3,,,1,95,,230959,3,,,1,95,,230960,3,,,1
1601,'20260923',613,,230961,3,,,1,102,,230962,3,,,1,408,,230963,3,,,1,105,,230964,3,,,1,100,,230965,3,,,1,120,,230966,3,,,1,585,,230967,3,,,1,90,,230968,3,,,1,100,,230969,3,,,1,100,,230970,3,,,1,95,,230971,3,,,1,95,,230972,3,,,1
1601,'20260924',613,,230973,3,,,1,102,,230974,3,,,1,408,,230975,3,,,1,105,,230976,3,,,1,100,,230977,3,,,1,120,,230978,3,,,1,585,,230979,3,,,1,90,,230980,3,,,1,100,,230981,3,,,1,100,,230982,3,,,1,95,,230983,3,,,1,95,,230984,3,,,1
1601,'20260925',613,,230985,3,,,1,102,,230986,3,,,1,408,,230987,3,,,1,105,,230988,3,,,1,100,,230989,3,,,1,120,,230990,3,,,1,585,,230991,3,,,1,90,,230992,3,,,1,100,,230993,3,,,1,100,,230994,3,,,1,95,,230995,3,,,1,95,,230996,3,,,1
1601,'20260926',813,,230997,3,,,1,100,,230998,3,,,1,110,,230999,3,,,1,105,,231000,3,,,1,30,,231001,3,,,1,75,,231002,3,,,1,75,,231003,3,,,1,35,,231004,3,,,1,70,,231005,3,,,1,30,,231006,3,,,1,70,,231007,3,,,1,30,,231008,3,,,1,70,,231009,3,,,1,30,,231010,3,,,1,70,,231011,3,,,1,30,,231012,3,,,1,65,,231013,3,,,1,30,,231014,3,,,1,70,,231015,3,,,1,30,,231016,3,,,1,65,,231017,3,,,1,25,,231018,3,,,1,25,,231019,3,,,1,70,,231020,3,,,1,100,,231021,3,,,1,95,,231022,3,,,1,100,,231023,3,,,1,100,,231024,3,,,1
1601,'20260927',813,,231025,3,,,1,100,,231026,3,,,1,110,,231027,3,,,1,105,,231028,3,,,1,30,,231029,3,,,1,75,,231030,3,,,1,75,,231031,3,,,1,35,,231032,3,,,1,70,,231033,3,,,1,30,,231034,3,,,1,70,,231035,3,,,1,30,,231036,3,,,1,70,,231037,3,,,1,30,,231038,3,,,1,70,,231039,3,,,1,30,,231040,3,,,1,65,,231041,3,,,1,30,,231042,3,,,1,70,,231043,3,,,1,30,,231044,3,,,1,65,,231045,3,,,1,25,,231046,3,,,1,25,,231047,3,,,1,70,,231048,3,,,1,100,,231049,3,,,1,95,,231050,3,,,1,100,,231051,3,,,1,100,,231052,3,,,1
1601,'20260928',613,,231053,3,,,1,102,,231054,3,,,1,408,,231055,3,,,1,105,,231056,3,,,1,100,,231057,3,,,1,120,,231058,3,,,1,585,,231059,3,,,1,90,,231060,3,,,1,100,,231061,3,,,1,100,,231062,3,,,1,95,,231063,3,,,1,95,,231064,3,,,1
1601,'20260929',613,,231065,3,,,1,102,,231066,3,,,1,408,,231067,3,,,1,105,,231068,3,,,1,100,,231069,3,,,1,120,,231070,3,,,1,585,,231071,3,,,1,90,,231072,3,,,1,100,,231073,3,,,1,100,,231074,3,,,1,95,,231075,3,,,1,95,,231076,3,,,1
1601,'20260930',613,,231077,3,,,1,102,,231078,3,,,1,408,,231079,3,,,1,105,,231080,3,,,1,100,,231081,3,,,1,120,,231082,3,,,1,585,,231083,3,,,1,90,,231084,3,,,1,100,,231085,3,,,1,100,,231086,3,,,1,95,,231087,3,,,1,95,,231088,3,,,1
1601,'20261001',613,,231089,3,,,1,102,,231090,3,,,1,408,,231091,3,,,1,105,,231092,3,,,1,100,,231093,3,,,1,120,,231094,3,,,1,585,,231095,3,,,1,90,,231096,3,,,1,100,,231097,3,,,1,100,,231098,3,,,1,95,,231099,3,,,1,95,,231100,3,,,1
1601,'20261002',613,,231101,3,,,1,102,,231102,3,,,1,408,,231103,3,,,1,105,,231104,3,,,1,100,,231105,3,,,1,120,,231106,3,,,1,585,,231107,3,,,1,90,,231108,3,,,1,100,,231109,3,,,1,100,,231110,3,,,1,95,,231111,3,,,1,95,,231112,3,,,1
1601,'20261003',813,,231113,3,,,1,100,,231114,3,,,1,110,,231115,3,,,1,105,,231116,3,,,1,30,,231117,3,,,1,75,,231118,3,,,1,75,,231119,3,,,1,35,,231120,3,,,1,70,,231121,3,,,1,30,,231122,3,,,1,70,,231123,3,,,1,30,,231124,3,,,1,70,,231125,3,,,1,30,,231126,3,,,1,70,,231127,3,,,1,30,,231128,3,,,1,65,,231129,3,,,1,30,,231130,3,,,1,70,,231131,3,,,1,30,,231132,3,,,1,65,,231133,3,,,1,25,,231134,3,,,1,25,,231135,3,,,1,70,,231136,3,,,1,100,,231137,3,,,1,95,,231138,3,,,1,100,,231139,3,,,1,100,,231140,3,,,1
1601,'20261004',813,,231141,3,,,1,100,,231142,3,,,1,110,,231143,3,,,1,105,,231144,3,,,1,30,,231145,3,,,1,75,,231146,3,,,1,75,,231147,3,,,1,35,,231148,3,,,1,70,,231149,3,,,1,30,,231150,3,,,1,70,,231151,3,,,1,30,,231152,3,,,1,70,,231153,3,,,1,30,,231154,3,,,1,70,,231155,3,,,1,30,,231156,3,,,1,65,,231157,3,,,1,30,,231158,3,,,1,70,,231159,3,,,1,30,,231160,3,,,1,65,,231161,3,,,1,25,,231162,3,,,1,25,,231163,3,,,1,70,,231164,3,,,1,100,,231165,3,,,1,95,,231166,3,,,1,100,,231167,3,,,1,100,,231168,3,,,1
1601,'20261005',613,,231169,3,,,1,102,,231170,3,,,1,408,,231171,3,,,1,105,,231172,3,,,1,100,,231173,3,,,1,120,,231174,3,,,1,585,,231175,3,,,1,90,,231176,3,,,1,100,,231177,3,,,1,100,,231178,3,,,1,95,,231179,3,,,1,95,,231180,3,,,1
1601,'20261006',613,,231181,3,,,1,102,,231182,3,,,1,408,,231183,3,,,1,105,,231184,3,,,1,100,,231185,3,,,1,120,,231186,3,,,1,585,,231187,3,,,1,90,,231188,3,,,1,100,,231189,3,,,1,100,,231190,3,,,1,95,,231191,3,,,1,95,,231192,3,,,1
1601,'20261007',613,,231193,3,,,1,102,,231194,3,,,1,408,,231195,3,,,1,105,,231196,3,,,1,100,,231197,3,,,1,120,,231198,3,,,1,585,,231199,3,,,1,90,,231200,3,,,1,100,,231201,3,,,1,100,,231202,3,,,1,95,,231203,3,,,1,95,,231204,3,,,1
1601,'20261008',613,,231205,3,,,1,102,,231206,3,,,1,408,,231207,3,,,1,105,,231208,3,,,1,100,,231209,3,,,1,120,,231210,3,,,1,585,,231211,3,,,1,90,,231212,3,,,1,100,,231213,3,,,1,100,,231214,3,,,1,95,,231215,3,,,1,95,,231216,3,,,1
1601,'20261009',613,,231217,3,,,1,102,,231218,3,,,1,408,,231219,3,,,1,105,,231220,3,,,1,100,,231221,3,,,1,120,,231222,3,,,1,585,,231223,3,,,1,90,,231224,3,,,1,100,,231225,3,,,1,100,,231226,3,,,1,95,,231227,3,,,1,95,,231228,3,,,1
1601,'20261010',813,,231229,3,,,1,100,,231230,3,,,1,110,,231231,3,,,1,105,,231232,3,,,1,30,,231233,3,,,1,75,,231234,3,,,1,75,,231235,3,,,1,35,,231236,3,,,1,70,,231237,3,,,1,30,,231238,3,,,1,70,,231239,3,,,1,30,,231240,3,,,1,70,,231241,3,,,1,30,,231242,3,,,1,70,,231243,3,,,1,30,,231244,3,,,1,65,,231245,3,,,1,30,,231246,3,,,1,70,,231247,3,,,1,30,,231248,3,,,1,65,,231249,3,,,1,25,,231250,3,,,1,25,,231251,3,,,1,70,,231252,3,,,1,100,,231253,3,,,1,95,,231254,3,,,1,100,,231255,3,,,1,100,,231256,3,,,1
1601,'20261011',813,,231257,3,,,1,100,,231258,3,,,1,110,,231259,3,,,1,105,,231260,3,,,1,30,,231261,3,,,1,75,,231262,3,,,1,75,,231263,3,,,1,35,,231264,3,,,1,70,,231265,3,,,1,30,,231266,3,,,1,70,,231267,3,,,1,30,,231268,3,,,1,70,,231269,3,,,1,30,,231270,3,,,1,70,,231271,3,,,1,30,,231272,3,,,1,65,,231273,3,,,1,30,,231274,3,,,1,70,,231275,3,,,1,30,,231276,3,,,1,65,,231277,3,,,1,25,,231278,3,,,1,25,,231279,3,,,1,70,,231280,3,,,1,100,,231281,3,,,1,95,,231282,3,,,1,100,,231283,3,,,1,100,,231284,3,,,1
1601,'20261012',813,,231285,3,,,1,100,,231286,3,,,1,110,,231287,3,,,1,105,,231288,3,,,1,30,,231289,3,,,1,75,,231290,3,,,1,75,,231291,3,,,1,35,,231292,3,,,1,70,,231293,3,,,1,30,,231294,3,,,1,70,,231295,3,,,1,30,,231296,3,,,1,70,,231297,3,,,1,30,,231298,3,,,1,70,,231299,3,,,1,30,,231300,3,,,1,65,,231301,3,,,1,30,,231302,3,,,1,70,,231303,3,,,1,30,,231304,3,,,1,65,,231305,3,,,1,25,,231306,3,,,1,25,,231307,3,,,1,70,,231308,3,,,1,100,,231309,3,,,1,95,,231310,3,,,1,100,,231311,3,,,1,100,,231312,3,,,1
1601,'20261013',613,,231313,3,,,1,102,,231314,3,,,1,408,,231315,3,,,1,105,,231316,3,,,1,100,,231317,3,,,1,120,,231318,3,,,1,585,,231319,3,,,1,90,,231320,3,,,1,100,,231321,3,,,1,100,,231322,3,,,1,95,,231323,3,,,1,95,,231324,3,,,1
1601,'20261014',613,,231325,3,,,1,102,,231326,3,,,1,408,,231327,3,,,1,105,,231328,3,,,1,100,,231329,3,,,1,120,,231330,3,,,1,585,,231331,3,,,1,90,,231332,3,,,1,100,,231333,3,,,1,100,,231334,3,,,1,95,,231335,3,,,1,95,,231336,3,,,1
1601,'20261015',613,,231337,3,,,1,102,,231338,3,,,1,408,,231339,3,,,1,105,,231340,3,,,1,100,,231341,3,,,1,120,,231342,3,,,1,585,,231343,3,,,1,90,,231344,3,,,1,100,,231345,3,,,1,100,,231346,3,,,1,95,,231347,3,,,1,95,,231348,3,,,1
1601,'20261016',613,,231349,3,,,1,102,,231350,3,,,1,408,,231351,3,,,1,105,,231352,3,,,1,100,,231353,3,,,1,120,,231354,3,,,1,585,,231355,3,,,1,90,,231356,3,,,1,100,,231357,3,,,1,100,,231358,3,,,1,95,,231359,3,,,1,95,,231360,3,,,1
1601,'20261017',813,,231361,3,,,1,100,,231362,3,,,1,110,,231363,3,,,1,105,,231364,3,,,1,30,,231365,3,,,1,75,,231366,3,,,1,75,,231367,3,,,1,35,,231368,3,,,1,70,,231369,3,,,1,30,,231370,3,,,1,70,,231371,3,,,1,30,,231372,3,,,1,70,,231373,3,,,1,30,,231374,3,,,1,70,,231375,3,,,1,30,,231376,3,,,1,65,,231377,3,,,1,30,,231378,3,,,1,70,,231379,3,,,1,30,,231380,3,,,1,65,,231381,3,,,1,25,,231382,3,,,1,25,,231383,3,,,1,70,,231384,3,,,1,100,,231385,3,,,1,95,,231386,3,,,1,100,,231387,3,,,1,100,,231388,3,,,1
1601,'20261018',813,,231389,3,,,1,100,,231390,3,,,1,110,,231391,3,,,1,105,,231392,3,,,1,30,,231393,3,,,1,75,,231394,3,,,1,75,,231395,3,,,1,35,,231396,3,,,1,70,,231397,3,,,1,30,,231398,3,,,1,70,,231399,3,,,1,30,,231400,3,,,1,70,,231401,3,,,1,30,,231402,3,,,1,70,,231403,3,,,1,30,,231404,3,,,1,65,,231405,3,,,1,30,,231406,3,,,1,70,,231407,3,,,1,30,,231408,3,,,1,65,,231409,3,,,1,25,,231410,3,,,1,25,,231411,3,,,1,70,,231412,3,,,1,100,,231413,3,,,1,95,,231414,3,,,1,100,,231415,3,,,1,100,,231416,3,,,1
1601,'20261019',613,,231417,3,,,1,102,,231418,3,,,1,408,,231419,3,,,1,105,,231420,3,,,1,100,,231421,3,,,1,120,,231422,3,,,1,585,,231423,3,,,1,90,,231424,3,,,1,100,,231425,3,,,1,100,,231426,3,,,1,95,,231427,3,,,1,95,,231428,3,,,1
1601,'20261020',613,,231429,3,,,1,102,,231430,3,,,1,408,,231431,3,,,1,105,,231432,3,,,1,100,,231433,3,,,1,120,,231434,3,,,1,585,,231435,3,,,1,90,,231436,3,,,1,100,,231437,3,,,1,100,,231438,3,,,1,95,,231439,3,,,1,95,,231440,3,,,1
1601,'20261021',613,,231441,3,,,1,102,,231442,3,,,1,408,,231443,3,,,1,105,,231444,3,,,1,100,,231445,3,,,1,120,,231446,3,,,1,585,,231447,3,,,1,90,,231448,3,,,1,100,,231449,3,,,1,100,,231450,3,,,1,95,,231451,3,,,1,95,,231452,3,,,1
1601,'20261022',613,,231453,3,,,1,102,,231454,3,,,1,408,,231455,3,,,1,105,,231456,3,,,1,100,,231457,3,,,1,120,,231458,3,,,1,585,,231459,3,,,1,90,,231460,3,,,1,100,,231461,3,,,1,100,,231462,3,,,1,95,,231463,3,,,1,95,,231464,3,,,1
1601,'20261023',613,,231465,3,,,1,102,,231466,3,,,1,408,,231467,3,,,1,105,,231468,3,,,1,100,,231469,3,,,1,120,,231470,3,,,1,585,,231471,3,,,1,90,,231472,3,,,1,100,,231473,3,,,1,100,,231474,3,,,1,95,,231475,3,,,1,95,,231476,3,,,1
1601,'20261024',813,,231477,3,,,1,100,,231478,3,,,1,110,,231479,3,,,1,105,,231480,3,,,1,30,,231481,3,,,1,75,,231482,3,,,1,75,,231483,3,,,1,35,,231484,3,,,1,70,,231485,3,,,1,30,,231486,3,,,1,70,,231487,3,,,1,30,,231488,3,,,1,70,,231489,3,,,1,30,,231490,3,,,1,70,,231491,3,,,1,30,,231492,3,,,1,65,,231493,3,,,1,30,,231494,3,,,1,70,,231495,3,,,1,30,,231496,3,,,1,65,,231497,3,,,1,25,,231498,3,,,1,25,,231499,3,,,1,70,,231500,3,,,1,100,,231501,3,,,1,95,,231502,3,,,1,100,,231503,3,,,1,100,,231504,3,,,1
1601,'20261025',813,,231505,3,,,1,100,,231506,3,,,1,110,,231507,3,,,1,105,,231508,3,,,1,30,,231509,3,,,1,75,,231510,3,,,1,75,,231511,3,,,1,35,,231512,3,,,1,70,,231513,3,,,1,30,,231514,3,,,1,70,,231515,3,,,1,30,,231516,3,,,1,70,,231517,3,,,1,30,,231518,3,,,1,70,,231519,3,,,1,30,,231520,3,,,1,65,,231521,3,,,1,30,,231522,3,,,1,70,,231523,3,,,1,30,,231524,3,,,1,65,,231525,3,,,1,25,,231526,3,,,1,25,,231527,3,,,1,70,,231528,3,,,1,100,,231529,3,,,1,95,,231530,3,,,1,100,,231531,3,,,1,100,,231532,3,,,1
1601,'20261026',613,,231533,3,,,1,102,,231534,3,,,1,408,,231535,3,,,1,105,,231536,3,,,1,100,,231537,3,,,1,120,,231538,3,,,1,585,,231539,3,,,1,90,,231540,3,,,1,100,,231541,3,,,1,100,,231542,3,,,1,95,,231543,3,,,1,95,,231544,3,,,1
1601,'20261027',613,,231545,3,,,1,102,,231546,3,,,1,408,,231547,3,,,1,105,,231548,3,,,1,100,,231549,3,,,1,120,,231550,3,,,1,585,,231551,3,,,1,90,,231552,3,,,1,100,,231553,3,,,1,100,,231554,3,,,1,95,,231555,3,,,1,95,,231556,3,,,1
1601,'20261028',613,,231557,3,,,1,102,,231558,3,,,1,408,,231559,3,,,1,105,,231560,3,,,1,100,,231561,3,,,1,120,,231562,3,,,1,585,,231563,3,,,1,90,,231564,3,,,1,100,,231565,3,,,1,100,,231566,3,,,1,95,,231567,3,,,1,95,,231568,3,,,1
1601,'20261029',613,,231569,3,,,1,102,,231570,3,,,1,408,,231571,3,,,1,105,,231572,3,,,1,100,,231573,3,,,1,120,,231574,3,,,1,585,,231575,3,,,1,90,,231576,3,,,1,100,,231577,3,,,1,100,,231578,3,,,1,95,,231579,3,,,1,95,,231580,3,,,1
1601,'20261030',613,,231581,3,,,1,102,,231582,3,,,1,408,,231583,3,,,1,105,,231584,3,,,1,100,,231585,3,,,1,120,,231586,3,,,1,585,,231587,3,,,1,90,,231588,3,,,1,100,,231589,3,,,1,100,,231590,3,,,1,95,,231591,3,,,1,95,,231592,3,,,1
1601,'20261031',813,,231593,3,,,1,100,,231594,3,,,1,110,,231595,3,,,1,105,,231596,3,,,1,30,,231597,3,,,1,75,,231598,3,,,1,75,,231599,3,,,1,35,,231600,3,,,1,70,,231601,3,,,1,30,,231602,3,,,1,70,,231603,3,,,1,30,,231604,3,,,1,70,,231605,3,,,1,30,,231606,3,,,1,70,,231607,3,,,1,30,,231608,3,,,1,65,,231609,3,,,1,30,,231610,3,,,1,70,,231611,3,,,1,30,,231612,3,,,1,65,,231613,3,,,1,25,,231614,3,,,1,25,,231615,3,,,1,70,,231616,3,,,1,100,,231617,3,,,1,95,,231618,3,,,1,100,,231619,3,,,1,100,,231620,3,,,1
1601,'20261101',813,,231621,3,,,1,100,,231622,3,,,1,110,,231623,3,,,1,105,,231624,3,,,1,30,,231625,3,,,1,75,,231626,3,,,1,75,,231627,3,,,1,35,,231628,3,,,1,70,,231629,3,,,1,30,,231630,3,,,1,70,,231631,3,,,1,30,,231632,3,,,1,70,,231633,3,,,1,30,,231634,3,,,1,70,,231635,3,,,1,30,,231636,3,,,1,65,,231637,3,,,1,30,,231638,3,,,1,70,,231639,3,,,1,30,,231640,3,,,1,65,,231641,3,,,1,25,,231642,3,,,1,25,,231643,3,,,1,70,,231644,3,,,1,100,,231645,3,,,1,95,,231646,3,,,1,100,,231647,3,,,1,100,,231648,3,,,1
1601,'20261102',613,,231649,3,,,1,102,,231650,3,,,1,408,,231651,3,,,1,105,,231652,3,,,1,100,,231653,3,,,1,120,,231654,3,,,1,585,,231655,3,,,1,90,,231656,3,,,1,100,,231657,3,,,1,100,,231658,3,,,1,95,,231659,3,,,1,95,,231660,3,,,1
1601,'20261103',613,,231661,3,,,1,102,,231662,3,,,1,408,,231663,3,,,1,105,,231664,3,,,1,100,,231665,3,,,1,120,,231666,3,,,1,585,,231667,3,,,1,90,,231668,3,,,1,100,,231669,3,,,1,100,,231670,3,,,1,95,,231671,3,,,1,95,,231672,3,,,1
1601,'20261104',613,,231673,3,,,1,102,,231674,3,,,1,408,,231675,3,,,1,105,,231676,3,,,1,100,,231677,3,,,1,120,,231678,3,,,1,585,,231679,3,,,1,90,,231680,3,,,1,100,,231681,3,,,1,100,,231682,3,,,1,95,,231683,3,,,1,95,,231684,3,,,1
1601,'20261105',613,,231685,3,,,1,102,,231686,3,,,1,408,,231687,3,,,1,105,,231688,3,,,1,100,,231689,3,,,1,120,,231690,3,,,1,585,,231691,3,,,1,90,,231692,3,,,1,100,,231693,3,,,1,100,,231694,3,,,1,95,,231695,3,,,1,95,,231696,3,,,1
1601,'20261106',613,,231697,3,,,1,102,,231698,3,,,1,408,,231699,3,,,1,105,,231700,3,,,1,100,,231701,3,,,1,120,,231702,3,,,1,585,,231703,3,,,1,90,,231704,3,,,1,100,,231705,3,,,1,100,,231706,3,,,1,95,,231707,3,,,1,95,,231708,3,,,1
1601,'20261107',813,,231709,3,,,1,100,,231710,3,,,1,110,,231711,3,,,1,105,,231712,3,,,1,30,,231713,3,,,1,75,,231714,3,,,1,75,,231715,3,,,1,35,,231716,3,,,1,70,,231717,3,,,1,30,,231718,3,,,1,70,,231719,3,,,1,30,,231720,3,,,1,70,,231721,3,,,1,30,,231722,3,,,1,70,,231723,3,,,1,30,,231724,3,,,1,65,,231725,3,,,1,30,,231726,3,,,1,70,,231727,3,,,1,30,,231728,3,,,1,65,,231729,3,,,1,25,,231730,3,,,1,25,,231731,3,,,1,70,,231732,3,,,1,100,,231733,3,,,1,95,,231734,3,,,1,100,,231735,3,,,1,100,,231736,3,,,1
1601,'20261108',813,,231737,3,,,1,100,,231738,3,,,1,110,,231739,3,,,1,105,,231740,3,,,1,30,,231741,3,,,1,75,,231742,3,,,1,75,,231743,3,,,1,35,,231744,3,,,1,70,,231745,3,,,1,30,,231746,3,,,1,70,,231747,3,,,1,30,,231748,3,,,1,70,,231749,3,,,1,30,,231750,3,,,1,70,,231751,3,,,1,30,,231752,3,,,1,65,,231753,3,,,1,30,,231754,3,,,1,70,,231755,3,,,1,30,,231756,3,,,1,65,,231757,3,,,1,25,,231758,3,,,1,25,,231759,3,,,1,70,,231760,3,,,1,100,,231761,3,,,1,95,,231762,3,,,1,100,,231763,3,,,1,100,,231764,3,,,1
1601,'20261109',613,,231765,3,,,1,102,,231766,3,,,1,408,,231767,3,,,1,105,,231768,3,,,1,100,,231769,3,,,1,120,,231770,3,,,1,585,,231771,3,,,1,90,,231772,3,,,1,100,,231773,3,,,1,100,,231774,3,,,1,95,,231775,3,,,1,95,,231776,3,,,1
1601,'20261110',613,,231777,3,,,1,102,,231778,3,,,1,408,,231779,3,,,1,105,,231780,3,,,1,100,,231781,3,,,1,120,,231782,3,,,1,585,,231783,3,,,1,90,,231784,3,,,1,100,,231785,3,,,1,100,,231786,3,,,1,95,,231787,3,,,1,95,,231788,3,,,1
1601,'20261111',613,,231789,3,,,1,102,,231790,3,,,1,408,,231791,3,,,1,105,,231792,3,,,1,100,,231793,3,,,1,120,,231794,3,,,1,585,,231795,3,,,1,90,,231796,3,,,1,100,,231797,3,,,1,100,,231798,3,,,1,95,,231799,3,,,1,95,,231800,3,,,1
1601,'20261112',613,,231801,3,,,1,102,,231802,3,,,1,408,,231803,3,,,1,105,,231804,3,,,1,100,,231805,3,,,1,120,,231806,3,,,1,585,,231807,3,,,1,90,,231808,3,,,1,100,,231809,3,,,1,100,,231810,3,,,1,95,,231811,3,,,1,95,,231812,3,,,1
1601,'20261113',613,,231813,3,,,1,102,,231814,3,,,1,408,,231815,3,,,1,105,,231816,3,,,1,100,,231817,3,,,1,120,,231818,3,,,1,585,,231819,3,,,1,90,,231820,3,,,1,100,,231821,3,,,1,100,,231822,3,,,1,95,,231823,3,,,1,95,,231824,3,,,1
1601,'20261114',813,,231825,3,,,1,100,,231826,3,,,1,110,,231827,3,,,1,105,,231828,3,,,1,30,,231829,3,,,1,75,,231830,3,,,1,75,,231831,3,,,1,35,,231832,3,,,1,70,,231833,3,,,1,30,,231834,3,,,1,70,,231835,3,,,1,30,,231836,3,,,1,70,,231837,3,,,1,30,,231838,3,,,1,70,,231839,3,,,1,30,,231840,3,,,1,65,,231841,3,,,1,30,,231842,3,,,1,70,,231843,3,,,1,30,,231844,3,,,1,65,,231845,3,,,1,25,,231846,3,,,1,25,,231847,3,,,1,70,,231848,3,,,1,100,,231849,3,,,1,95,,231850,3,,,1,100,,231851,3,,,1,100,,231852,3,,,1
1601,'20261115',813,,231853,3,,,1,100,,231854,3,,,1,110,,231855,3,,,1,105,,231856,3,,,1,30,,231857,3,,,1,75,,231858,3,,,1,75,,231859,3,,,1,35,,231860,3,,,1,70,,231861,3,,,1,30,,231862,3,,,1,70,,231863,3,,,1,30,,231864,3,,,1,70,,231865,3,,,1,30,,231866,3,,,1,70,,231867,3,,,1,30,,231868,3,,,1,65,,231869,3,,,1,30,,231870,3,,,1,70,,231871,3,,,1,30,,231872,3,,,1,65,,231873,3,,,1,25,,231874,3,,,1,25,,231875,3,,,1,70,,231876,3,,,1,100,,231877,3,,,1,95,,231878,3,,,1,100,,231879,3,,,1,100,,231880,3,,,1
1601,'20261116',613,,231881,3,,,1,102,,231882,3,,,1,408,,231883,3,,,1,105,,231884,3,,,1,100,,231885,3,,,1,120,,231886,3,,,1,585,,231887,3,,,1,90,,231888,3,,,1,100,,231889,3,,,1,100,,231890,3,,,1,95,,231891,3,,,1,95,,231892,3,,,1
1601,'20261117',613,,231893,3,,,1,102,,231894,3,,,1,408,,231895,3,,,1,105,,231896,3,,,1,100,,231897,3,,,1,120,,231898,3,,,1,585,,231899,3,,,1,90,,231900,3,,,1,100,,231901,3,,,1,100,,231902,3,,,1,95,,231903,3,,,1,95,,231904,3,,,1
1601,'20261118',613,,231905,3,,,1,102,,231906,3,,,1,408,,231907,3,,,1,105,,231908,3,,,1,100,,231909,3,,,1,120,,231910,3,,,1,585,,231911,3,,,1,90,,231912,3,,,1,100,,231913,3,,,1,100,,231914,3,,,1,95,,231915,3,,,1,95,,231916,3,,,1
1601,'20261119',613,,231917,3,,,1,102,,231918,3,,,1,408,,231919,3,,,1,105,,231920,3,,,1,100,,231921,3,,,1,120,,231922,3,,,1,585,,231923,3,,,1,90,,231924,3,,,1,100,,231925,3,,,1,100,,231926,3,,,1,95,,231927,3,,,1,95,,231928,3,,,1
1601,'20261120',613,,231929,3,,,1,102,,231930,3,,,1,408,,231931,3,,,1,105,,231932,3,,,1,100,,231933,3,,,1,120,,231934,3,,,1,585,,231935,3,,,1,90,,231936,3,,,1,100,,231937,3,,,1,100,,231938,3,,,1,95,,231939,3,,,1,95,,231940,3,,,1
1601,'20261121',813,,231941,3,,,1,100,,231942,3,,,1,110,,231943,3,,,1,105,,231944,3,,,1,30,,231945,3,,,1,75,,231946,3,,,1,75,,231947,3,,,1,35,,231948,3,,,1,70,,231949,3,,,1,30,,231950,3,,,1,70,,231951,3,,,1,30,,231952,3,,,1,70,,231953,3,,,1,30,,231954,3,,,1,70,,231955,3,,,1,30,,231956,3,,,1,65,,231957,3,,,1,30,,231958,3,,,1,70,,231959,3,,,1,30,,231960,3,,,1,65,,231961,3,,,1,25,,231962,3,,,1,25,,231963,3,,,1,70,,231964,3,,,1,100,,231965,3,,,1,95,,231966,3,,,1,100,,231967,3,,,1,100,,231968,3,,,1
1601,'20261122',813,,231969,3,,,1,100,,231970,3,,,1,110,,231971,3,,,1,105,,231972,3,,,1,30,,231973,3,,,1,75,,231974,3,,,1,75,,231975,3,,,1,35,,231976,3,,,1,70,,231977,3,,,1,30,,231978,3,,,1,70,,231979,3,,,1,30,,231980,3,,,1,70,,231981,3,,,1,30,,231982,3,,,1,70,,231983,3,,,1,30,,231984,3,,,1,65,,231985,3,,,1,30,,231986,3,,,1,70,,231987,3,,,1,30,,231988,3,,,1,65,,231989,3,,,1,25,,231990,3,,,1,25,,231991,3,,,1,70,,231992,3,,,1,100,,231993,3,,,1,95,,231994,3,,,1,100,,231995,3,,,1,100,,231996,3,,,1
1601,'20261123',613,,231997,3,,,1,102,,231998,3,,,1,408,,231999,3,,,1,105,,232000,3,,,1,100,,232001,3,,,1,120,,232002,3,,,1,585,,232003,3,,,1,90,,232004,3,,,1,100,,232005,3,,,1,100,,232006,3,,,1,95,,232007,3,,,1,95,,232008,3,,,1
1601,'20261124',613,,232009,3,,,1,102,,232010,3,,,1,408,,232011,3,,,1,105,,232012,3,,,1,100,,232013,3,,,1,120,,232014,3,,,1,585,,232015,3,,,1,90,,232016,3,,,1,100,,232017,3,,,1,100,,232018,3,,,1,95,,232019,3,,,1,95,,232020,3,,,1
1601,'20261125',613,,232021,3,,,1,102,,232022,3,,,1,408,,232023,3,,,1,105,,232024,3,,,1,100,,232025,3,,,1,120,,232026,3,,,1,585,,232027,3,,,1,90,,232028,3,,,1,100,,232029,3,,,1,100,,232030,3,,,1,95,,232031,3,,,1,95,,232032,3,,,1
1601,'20261126',613,,232033,3,,,1,102,,232034,3,,,1,408,,232035,3,,,1,105,,232036,3,,,1,100,,232037,3,,,1,120,,232038,3,,,1,585,,232039,3,,,1,90,,232040,3,,,1,100,,232041,3,,,1,100,,232042,3,,,1,95,,232043,3,,,1,95,,232044,3,,,1
1601,'20261127',613,,232045,3,,,1,102,,232046,3,,,1,408,,232047,3,,,1,105,,232048,3,,,1,100,,232049,3,,,1,120,,232050,3,,,1,585,,232051,3,,,1,90,,232052,3,,,1,100,,232053,3,,,1,100,,232054,3,,,1,95,,232055,3,,,1,95,,232056,3,,,1
1701,'20260831',704,,133212,22,,,1,205,,133213,22,,,1,98,,133214,22,,,1,97,,133215,22,,,1,105,,133216,22,,,1,200,,133217,22,,,1,95,,133218,22,,,1,105,,133219,22,,,1,95,,133220,22,,,1,115,,133221,22,,,1,90,,133222,22,,,1,93,,133223,22,,,1,107,,133224,22,,,1,95,,133225,22,,,1
1701,'20260901',704,,133226,22,,,1,205,,133227,22,,,1,98,,133228,22,,,1,97,,133229,22,,,1,105,,133230,22,,,1,200,,133231,22,,,1,95,,133232,22,,,1,105,,133233,22,,,1,95,,133234,22,,,1,115,,133235,22,,,1,90,,133236,22,,,1,93,,133237,22,,,1,107,,133238,22,,,1,95,,133239,22,,,1
1701,'20260902',704,,133240,22,,,1,205,,133241,22,,,1,98,,133242,22,,,1,97,,133243,22,,,1,105,,133244,22,,,1,200,,133245,22,,,1,95,,133246,22,,,1,105,,133247,22,,,1,95,,133248,22,,,1,115,,133249,22,,,1,90,,133250,22,,,1,93,,133251,22,,,1,107,,133252,22,,,1,95,,133253,22,,,1
1701,'20260903',704,,133254,22,,,1,205,,133255,22,,,1,98,,133256,22,,,1,97,,133257,22,,,1,105,,133258,22,,,1,200,,133259,22,,,1,95,,133260,22,,,1,105,,133261,22,,,1,95,,133262,22,,,1,115,,133263,22,,,1,90,,133264,22,,,1,93,,133265,22,,,1,107,,133266,22,,,1,95,,133267,22,,,1
1701,'20260904',704,,133268,22,,,1,205,,133269,22,,,1,98,,133270,22,,,1,97,,133271,22,,,1,105,,133272,22,,,1,200,,133273,22,,,1,95,,133274,22,,,1,105,,133275,22,,,1,95,,133276,22,,,1,115,,133277,22,,,1,90,,133278,22,,,1,93,,133279,22,,,1,107,,133280,22,,,1,95,,133281,22,,,1
1701,'20260908',704,,232869,22,,,1,205,,232870,22,,,1,108,,232871,22,,,1,87,,232872,22,,,1,105,,232873,22,,,1,200,,232874,22,,,1,95,,232875,22,,,1,105,,232876,22,,,1,95,,232877,22,,,1,115,,232878,22,,,1,90,,232879,22,,,1,93,,232880,22,,,1,107,,232881,22,,,1,95,,232882,22,,,1
1701,'20260909',704,,232883,22,,,1,205,,232884,22,,,1,108,,232885,22,,,1,87,,232886,22,,,1,105,,232887,22,,,1,200,,232888,22,,,1,95,,232889,22,,,1,105,,232890,22,,,1,95,,232891,22,,,1,115,,232892,22,,,1,90,,232893,22,,,1,93,,232894,22,,,1,107,,232895,22,,,1,95,,232896,22,,,1
1701,'20260910',704,,232897,22,,,1,205,,232898,22,,,1,108,,232899,22,,,1,87,,232900,22,,,1,105,,232901,22,,,1,200,,232902,22,,,1,95,,232903,22,,,1,105,,232904,22,,,1,95,,232905,22,,,1,115,,232906,22,,,1,90,,232907,22,,,1,93,,232908,22,,,1,107,,232909,22,,,1,95,,232910,22,,,1
1701,'20260911',704,,232911,22,,,1,205,,232912,22,,,1,108,,232913,22,,,1,87,,232914,22,,,1,105,,232915,22,,,1,200,,232916,22,,,1,95,,232917,22,,,1,105,,232918,22,,,1,95,,232919,22,,,1,115,,232920,22,,,1,90,,232921,22,,,1,93,,232922,22,,,1,107,,232923,22,,,1,95,,232924,22,,,1
1701,'20260914',704,,232925,22,,,1,205,,232926,22,,,1,108,,232927,22,,,1,87,,232928,22,,,1,105,,232929,22,,,1,200,,232930,22,,,1,95,,232931,22,,,1,105,,232932,22,,,1,95,,232933,22,,,1,115,,232934,22,,,1,90,,232935,22,,,1,93,,232936,22,,,1,107,,232937,22,,,1,95,,232938,22,,,1
1701,'20260915',704,,232939,22,,,1,205,,232940,22,,,1,108,,232941,22,,,1,87,,232942,22,,,1,105,,232943,22,,,1,200,,232944,22,,,1,95,,232945,22,,,1,105,,232946,22,,,1,95,,232947,22,,,1,115,,232948,22,,,1,90,,232949,22,,,1,93,,232950,22,,,1,107,,232951,22,,,1,95,,232952,22,,,1
1701,'20260916',704,,232953,22,,,1,205,,232954,22,,,1,108,,232955,22,,,1,87,,232956,22,,,1,105,,232957,22,,,1,200,,232958,22,,,1,95,,232959,22,,,1,105,,232960,22,,,1,95,,232961,22,,,1,115,,232962,22,,,1,90,,232963,22,,,1,93,,232964,22,,,1,107,,232965,22,,,1,95,,232966,22,,,1
1701,'20260917',704,,232967,22,,,1,205,,232968,22,,,1,108,,232969,22,,,1,87,,232970,22,,,1,105,,232971,22,,,1,200,,232972,22,,,1,95,,232973,22,,,1,105,,232974,22,,,1,95,,232975,22,,,1,115,,232976,22,,,1,90,,232977,22,,,1,93,,232978,22,,,1,107,,232979,22,,,1,95,,232980,22,,,1
1701,'20260918',704,,232981,22,,,1,205,,232982,22,,,1,108,,232983,22,,,1,87,,232984,22,,,1,105,,232985,22,,,1,200,,232986,22,,,1,95,,232987,22,,,1,105,,232988,22,,,1,95,,232989,22,,,1,115,,232990,22,,,1,90,,232991,22,,,1,93,,232992,22,,,1,107,,232993,22,,,1,95,,232994,22,,,1
1701,'20260921',704,,232995,22,,,1,205,,232996,22,,,1,108,,232997,22,,,1,87,,232998,22,,,1,105,,232999,22,,,1,200,,233000,22,,,1,95,,233001,22,,,1,105,,233002,22,,,1,95,,233003,22,,,1,115,,233004,22,,,1,90,,233005,22,,,1,93,,233006,22,,,1,107,,233007,22,,,1,95,,233008,22,,,1
1701,'20260922',704,,233009,22,,,1,205,,233010,22,,,1,108,,233011,22,,,1,87,,233012,22,,,1,105,,233013,22,,,1,200,,233014,22,,,1,95,,233015,22,,,1,105,,233016,22,,,1,95,,233017,22,,,1,115,,233018,22,,,1,90,,233019,22,,,1,93,,233020,22,,,1,107,,233021,22,,,1,95,,233022,22,,,1
1701,'20260923',704,,233023,22,,,1,205,,233024,22,,,1,108,,233025,22,,,1,87,,233026,22,,,1,105,,233027,22,,,1,200,,233028,22,,,1,95,,233029,22,,,1,105,,233030,22,,,1,95,,233031,22,,,1,115,,233032,22,,,1,90,,233033,22,,,1,93,,233034,22,,,1,107,,233035,22,,,1,95,,233036,22,,,1
1701,'20260924',704,,233037,22,,,1,205,,233038,22,,,1,108,,233039,22,,,1,87,,233040,22,,,1,105,,233041,22,,,1,200,,233042,22,,,1,95,,233043,22,,,1,105,,233044,22,,,1,95,,233045,22,,,1,115,,233046,22,,,1,90,,233047,22,,,1,93,,233048,22,,,1,107,,233049,22,,,1,95,,233050,22,,,1
1701,'20260925',704,,233051,22,,,1,205,,233052,22,,,1,108,,233053,22,,,1,87,,233054,22,,,1,105,,233055,22,,,1,200,,233056,22,,,1,95,,233057,22,,,1,105,,233058,22,,,1,95,,233059,22,,,1,115,,233060,22,,,1,90,,233061,22,,,1,93,,233062,22,,,1,107,,233063,22,,,1,95,,233064,22,,,1
1701,'20260928',704,,233065,22,,,1,205,,233066,22,,,1,108,,233067,22,,,1,87,,233068,22,,,1,105,,233069,22,,,1,200,,233070,22,,,1,95,,233071,22,,,1,105,,233072,22,,,1,95,,233073,22,,,1,115,,233074,22,,,1,90,,233075,22,,,1,93,,233076,22,,,1,107,,233077,22,,,1,95,,233078,22,,,1
1701,'20260929',704,,233079,22,,,1,205,,233080,22,,,1,108,,233081,22,,,1,87,,233082,22,,,1,105,,233083,22,,,1,200,,233084,22,,,1,95,,233085,22,,,1,105,,233086,22,,,1,95,,233087,22,,,1,115,,233088,22,,,1,90,,233089,22,,,1,93,,233090,22,,,1,107,,233091,22,,,1,95,,233092,22,,,1
1701,'20260930',704,,233093,22,,,1,205,,233094,22,,,1,108,,233095,22,,,1,87,,233096,22,,,1,105,,233097,22,,,1,200,,233098,22,,,1,95,,233099,22,,,1,105,,233100,22,,,1,95,,233101,22,,,1,115,,233102,22,,,1,90,,233103,22,,,1,93,,233104,22,,,1,107,,233105,22,,,1,95,,233106,22,,,1
1701,'20261001',704,,233107,22,,,1,205,,233108,22,,,1,108,,233109,22,,,1,87,,233110,22,,,1,105,,233111,22,,,1,200,,233112,22,,,1,95,,233113,22,,,1,105,,233114,22,,,1,95,,233115,22,,,1,115,,233116,22,,,1,90,,233117,22,,,1,93,,233118,22,,,1,107,,233119,22,,,1,95,,233120,22,,,1
1701,'20261002',704,,233121,22,,,1,205,,233122,22,,,1,108,,233123,22,,,1,87,,233124,22,,,1,105,,233125,22,,,1,200,,233126,22,,,1,95,,233127,22,,,1,105,,233128,22,,,1,95,,233129,22,,,1,115,,233130,22,,,1,90,,233131,22,,,1,93,,233132,22,,,1,107,,233133,22,,,1,95,,233134,22,,,1
1701,'20261005',704,,233135,22,,,1,205,,233136,22,,,1,108,,233137,22,,,1,87,,233138,22,,,1,105,,233139,22,,,1,200,,233140,22,,,1,95,,233141,22,,,1,105,,233142,22,,,1,95,,233143,22,,,1,115,,233144,22,,,1,90,,233145,22,,,1,93,,233146,22,,,1,107,,233147,22,,,1,95,,233148,22,,,1
1701,'20261006',704,,233149,22,,,1,205,,233150,22,,,1,108,,233151,22,,,1,87,,233152,22,,,1,105,,233153,22,,,1,200,,233154,22,,,1,95,,233155,22,,,1,105,,233156,22,,,1,95,,233157,22,,,1,115,,233158,22,,,1,90,,233159,22,,,1,93,,233160,22,,,1,107,,233161,22,,,1,95,,233162,22,,,1
1701,'20261007',704,,233163,22,,,1,205,,233164,22,,,1,108,,233165,22,,,1,87,,233166,22,,,1,105,,233167,22,,,1,200,,233168,22,,,1,95,,233169,22,,,1,105,,233170,22,,,1,95,,233171,22,,,1,115,,233172,22,,,1,90,,233173,22,,,1,93,,233174,22,,,1,107,,233175,22,,,1,95,,233176,22,,,1
1701,'20261008',704,,233177,22,,,1,205,,233178,22,,,1,108,,233179,22,,,1,87,,233180,22,,,1,105,,233181,22,,,1,200,,233182,22,,,1,95,,233183,22,,,1,105,,233184,22,,,1,95,,233185,22,,,1,115,,233186,22,,,1,90,,233187,22,,,1,93,,233188,22,,,1,107,,233189,22,,,1,95,,233190,22,,,1
1701,'20261009',704,,233191,22,,,1,205,,233192,22,,,1,108,,233193,22,,,1,87,,233194,22,,,1,105,,233195,22,,,1,200,,233196,22,,,1,95,,233197,22,,,1,105,,233198,22,,,1,95,,233199,22,,,1,115,,233200,22,,,1,90,,233201,22,,,1,93,,233202,22,,,1,107,,233203,22,,,1,95,,233204,22,,,1
1701,'20261013',704,,233205,22,,,1,205,,233206,22,,,1,108,,233207,22,,,1,87,,233208,22,,,1,105,,233209,22,,,1,200,,233210,22,,,1,95,,233211,22,,,1,105,,233212,22,,,1,95,,233213,22,,,1,115,,233214,22,,,1,90,,233215,22,,,1,93,,233216,22,,,1,107,,233217,22,,,1,95,,233218,22,,,1
1701,'20261014',704,,233219,22,,,1,205,,233220,22,,,1,108,,233221,22,,,1,87,,233222,22,,,1,105,,233223,22,,,1,200,,233224,22,,,1,95,,233225,22,,,1,105,,233226,22,,,1,95,,233227,22,,,1,115,,233228,22,,,1,90,,233229,22,,,1,93,,233230,22,,,1,107,,233231,22,,,1,95,,233232,22,,,1
1701,'20261015',704,,233233,22,,,1,205,,233234,22,,,1,108,,233235,22,,,1,87,,233236,22,,,1,105,,233237,22,,,1,200,,233238,22,,,1,95,,233239,22,,,1,105,,233240,22,,,1,95,,233241,22,,,1,115,,233242,22,,,1,90,,233243,22,,,1,93,,233244,22,,,1,107,,233245,22,,,1,95,,233246,22,,,1
1701,'20261016',704,,233247,22,,,1,205,,233248,22,,,1,108,,233249,22,,,1,87,,233250,22,,,1,105,,233251,22,,,1,200,,233252,22,,,1,95,,233253,22,,,1,105,,233254,22,,,1,95,,233255,22,,,1,115,,233256,22,,,1,90,,233257,22,,,1,93,,233258,22,,,1,107,,233259,22,,,1,95,,233260,22,,,1
1701,'20261019',704,,233261,22,,,1,205,,233262,22,,,1,108,,233263,22,,,1,87,,233264,22,,,1,105,,233265,22,,,1,200,,233266,22,,,1,95,,233267,22,,,1,105,,233268,22,,,1,95,,233269,22,,,1,115,,233270,22,,,1,90,,233271,22,,,1,93,,233272,22,,,1,107,,233273,22,,,1,95,,233274,22,,,1
1701,'20261020',704,,233275,22,,,1,205,,233276,22,,,1,108,,233277,22,,,1,87,,233278,22,,,1,105,,233279,22,,,1,200,,233280,22,,,1,95,,233281,22,,,1,105,,233282,22,,,1,95,,233283,22,,,1,115,,233284,22,,,1,90,,233285,22,,,1,93,,233286,22,,,1,107,,233287,22,,,1,95,,233288,22,,,1
1701,'20261021',704,,233289,22,,,1,205,,233290,22,,,1,108,,233291,22,,,1,87,,233292,22,,,1,105,,233293,22,,,1,200,,233294,22,,,1,95,,233295,22,,,1,105,,233296,22,,,1,95,,233297,22,,,1,115,,233298,22,,,1,90,,233299,22,,,1,93,,233300,22,,,1,107,,233301,22,,,1,95,,233302,22,,,1
1701,'20261022',704,,233303,22,,,1,205,,233304,22,,,1,108,,233305,22,,,1,87,,233306,22,,,1,105,,233307,22,,,1,200,,233308,22,,,1,95,,233309,22,,,1,105,,233310,22,,,1,95,,233311,22,,,1,115,,233312,22,,,1,90,,233313,22,,,1,93,,233314,22,,,1,107,,233315,22,,,1,95,,233316,22,,,1
1701,'20261023',704,,233317,22,,,1,205,,233318,22,,,1,108,,233319,22,,,1,87,,233320,22,,,1,105,,233321,22,,,1,200,,233322,22,,,1,95,,233323,22,,,1,105,,233324,22,,,1,95,,233325,22,,,1,115,,233326,22,,,1,90,,233327,22,,,1,93,,233328,22,,,1,107,,233329,22,,,1,95,,233330,22,,,1
1701,'20261026',704,,233331,22,,,1,205,,233332,22,,,1,108,,233333,22,,,1,87,,233334,22,,,1,105,,233335,22,,,1,200,,233336,22,,,1,95,,233337,22,,,1,105,,233338,22,,,1,95,,233339,22,,,1,115,,233340,22,,,1,90,,233341,22,,,1,93,,233342,22,,,1,107,,233343,22,,,1,95,,233344,22,,,1
1701,'20261027',704,,233345,22,,,1,205,,233346,22,,,1,108,,233347,22,,,1,87,,233348,22,,,1,105,,233349,22,,,1,200,,233350,22,,,1,95,,233351,22,,,1,105,,233352,22,,,1,95,,233353,22,,,1,115,,233354,22,,,1,90,,233355,22,,,1,93,,233356,22,,,1,107,,233357,22,,,1,95,,233358,22,,,1
1701,'20261028',704,,233359,22,,,1,205,,233360,22,,,1,108,,233361,22,,,1,87,,233362,22,,,1,105,,233363,22,,,1,200,,233364,22,,,1,95,,233365,22,,,1,105,,233366,22,,,1,95,,233367,22,,,1,115,,233368,22,,,1,90,,233369,22,,,1,93,,233370,22,,,1,107,,233371,22,,,1,95,,233372,22,,,1
1701,'20261029',704,,233373,22,,,1,205,,233374,22,,,1,108,,233375,22,,,1,87,,233376,22,,,1,105,,233377,22,,,1,200,,233378,22,,,1,95,,233379,22,,,1,105,,233380,22,,,1,95,,233381,22,,,1,115,,233382,22,,,1,90,,233383,22,,,1,93,,233384,22,,,1,107,,233385,22,,,1,95,,233386,22,,,1
1701,'20261030',704,,233387,22,,,1,205,,233388,22,,,1,108,,233389,22,,,1,87,,233390,22,,,1,105,,233391,22,,,1,200,,233392,22,,,1,95,,233393,22,,,1,105,,233394,22,,,1,95,,233395,22,,,1,115,,233396,22,,,1,90,,233397,22,,,1,93,,233398,22,,,1,107,,233399,22,,,1,95,,233400,22,,,1
1701,'20261102',704,,233401,22,,,1,205,,233402,22,,,1,108,,233403,22,,,1,87,,233404,22,,,1,105,,233405,22,,,1,200,,233406,22,,,1,95,,233407,22,,,1,105,,233408,22,,,1,95,,233409,22,,,1,115,,233410,22,,,1,90,,233411,22,,,1,93,,233412,22,,,1,107,,233413,22,,,1,95,,233414,22,,,1
1701,'20261103',704,,233415,22,,,1,205,,233416,22,,,1,108,,233417,22,,,1,87,,233418,22,,,1,105,,233419,22,,,1,200,,233420,22,,,1,95,,233421,22,,,1,105,,233422,22,,,1,95,,233423,22,,,1,115,,233424,22,,,1,90,,233425,22,,,1,93,,233426,22,,,1,107,,233427,22,,,1,95,,233428,22,,,1
1701,'20261104',704,,233429,22,,,1,205,,233430,22,,,1,108,,233431,22,,,1,87,,233432,22,,,1,105,,233433,22,,,1,200,,233434,22,,,1,95,,233435,22,,,1,105,,233436,22,,,1,95,,233437,22,,,1,115,,233438,22,,,1,90,,233439,22,,,1,93,,233440,22,,,1,107,,233441,22,,,1,95,,233442,22,,,1
1701,'20261105',704,,233443,22,,,1,205,,233444,22,,,1,108,,233445,22,,,1,87,,233446,22,,,1,105,,233447,22,,,1,200,,233448,22,,,1,95,,233449,22,,,1,105,,233450,22,,,1,95,,233451,22,,,1,115,,233452,22,,,1,90,,233453,22,,,1,93,,233454,22,,,1,107,,233455,22,,,1,95,,233456,22,,,1
1701,'20261106',704,,233457,22,,,1,205,,233458,22,,,1,108,,233459,22,,,1,87,,233460,22,,,1,105,,233461,22,,,1,200,,233462,22,,,1,95,,233463,22,,,1,105,,233464,22,,,1,95,,233465,22,,,1,115,,233466,22,,,1,90,,233467,22,,,1,93,,233468,22,,,1,107,,233469,22,,,1,95,,233470,22,,,1
1701,'20261109',704,,233471,22,,,1,205,,233472,22,,,1,108,,233473,22,,,1,87,,233474,22,,,1,105,,233475,22,,,1,200,,233476,22,,,1,95,,233477,22,,,1,105,,233478,22,,,1,95,,233479,22,,,1,115,,233480,22,,,1,90,,233481,22,,,1,93,,233482,22,,,1,107,,233483,22,,,1,95,,233484,22,,,1
1701,'20261110',704,,233485,22,,,1,205,,233486,22,,,1,108,,233487,22,,,1,87,,233488,22,,,1,105,,233489,22,,,1,200,,233490,22,,,1,95,,233491,22,,,1,105,,233492,22,,,1,95,,233493,22,,,1,115,,233494,22,,,1,90,,233495,22,,,1,93,,233496,22,,,1,107,,233497,22,,,1,95,,233498,22,,,1
1701,'20261111',704,,233499,22,,,1,205,,233500,22,,,1,108,,233501,22,,,1,87,,233502,22,,,1,105,,233503,22,,,1,200,,233504,22,,,1,95,,233505,22,,,1,105,,233506,22,,,1,95,,233507,22,,,1,115,,233508,22,,,1,90,,233509,22,,,1,93,,233510,22,,,1,107,,233511,22,,,1,95,,233512,22,,,1
1701,'20261112',704,,233513,22,,,1,205,,233514,22,,,1,108,,233515,22,,,1,87,,233516,22,,,1,105,,233517,22,,,1,200,,233518,22,,,1,95,,233519,22,,,1,105,,233520,22,,,1,95,,233521,22,,,1,115,,233522,22,,,1,90,,233523,22,,,1,93,,233524,22,,,1,107,,233525,22,,,1,95,,233526,22,,,1
1701,'20261113',704,,233527,22,,,1,205,,233528,22,,,1,108,,233529,22,,,1,87,,233530,22,,,1,105,,233531,22,,,1,200,,233532,22,,,1,95,,233533,22,,,1,105,,233534,22,,,1,95,,233535,22,,,1,115,,233536,22,,,1,90,,233537,22,,,1,93,,233538,22,,,1,107,,233539,22,,,1,95,,233540,22,,,1
1701,'20261116',704,,233541,22,,,1,205,,233542,22,,,1,108,,233543,22,,,1,87,,233544,22,,,1,105,,233545,22,,,1,200,,233546,22,,,1,95,,233547,22,,,1,105,,233548,22,,,1,95,,233549,22,,,1,115,,233550,22,,,1,90,,233551,22,,,1,93,,233552,22,,,1,107,,233553,22,,,1,95,,233554,22,,,1
1701,'20261117',704,,233555,22,,,1,205,,233556,22,,,1,108,,233557,22,,,1,87,,233558,22,,,1,105,,233559,22,,,1,200,,233560,22,,,1,95,,233561,22,,,1,105,,233562,22,,,1,95,,233563,22,,,1,115,,233564,22,,,1,90,,233565,22,,,1,93,,233566,22,,,1,107,,233567,22,,,1,95,,233568,22,,,1
1701,'20261118',704,,233569,22,,,1,205,,233570,22,,,1,108,,233571,22,,,1,87,,233572,22,,,1,105,,233573,22,,,1,200,,233574,22,,,1,95,,233575,22,,,1,105,,233576,22,,,1,95,,233577,22,,,1,115,,233578,22,,,1,90,,233579,22,,,1,93,,233580,22,,,1,107,,233581,22,,,1,95,,233582,22,,,1
1701,'20261119',704,,233583,22,,,1,205,,233584,22,,,1,108,,233585,22,,,1,87,,233586,22,,,1,105,,233587,22,,,1,200,,233588,22,,,1,95,,233589,22,,,1,105,,233590,22,,,1,95,,233591,22,,,1,115,,233592,22,,,1,90,,233593,22,,,1,93,,233594,22,,,1,107,,233595,22,,,1,95,,233596,22,,,1
1701,'20261120',704,,233597,22,,,1,205,,233598,22,,,1,108,,233599,22,,,1,87,,233600,22,,,1,105,,233601,22,,,1,200,,233602,22,,,1,95,,233603,22,,,1,105,,233604,22,,,1,95,,233605,22,,,1,115,,233606,22,,,1,90,,233607,22,,,1,93,,233608,22,,,1,107,,233609,22,,,1,95,,233610,22,,,1
1701,'20261123',704,,233611,22,,,1,205,,233612,22,,,1,108,,233613,22,,,1,87,,233614,22,,,1,105,,233615,22,,,1,200,,233616,22,,,1,95,,233617,22,,,1,105,,233618,22,,,1,95,,233619,22,,,1,115,,233620,22,,,1,90,,233621,22,,,1,93,,233622,22,,,1,107,,233623,22,,,1,95,,233624,22,,,1
1701,'20261124',704,,233625,22,,,1,205,,233626,22,,,1,108,,233627,22,,,1,87,,233628,22,,,1,105,,233629,22,,,1,200,,233630,22,,,1,95,,233631,22,,,1,105,,233632,22,,,1,95,,233633,22,,,1,115,,233634,22,,,1,90,,233635,22,,,1,93,,233636,22,,,1,107,,233637,22,,,1,95,,233638,22,,,1
1701,'20261125',704,,233639,22,,,1,205,,233640,22,,,1,108,,233641,22,,,1,87,,233642,22,,,1,105,,233643,22,,,1,200,,233644,22,,,1,95,,233645,22,,,1,105,,233646,22,,,1,95,,233647,22,,,1,115,,233648,22,,,1,90,,233649,22,,,1,93,,233650,22,,,1,107,,233651,22,,,1,95,,233652,22,,,1
1701,'20261126',704,,233653,22,,,1,205,,233654,22,,,1,108,,233655,22,,,1,87,,233656,22,,,1,105,,233657,22,,,1,200,,233658,22,,,1,95,,233659,22,,,1,105,,233660,22,,,1,95,,233661,22,,,1,115,,233662,22,,,1,90,,233663,22,,,1,93,,233664,22,,,1,107,,233665,22,,,1,95,,233666,22,,,1
1701,'20261127',704,,233667,22,,,1,205,,233668,22,,,1,108,,233669,22,,,1,87,,233670,22,,,1,105,,233671,22,,,1,200,,233672,22,,,1,95,,233673,22,,,1,105,,233674,22,,,1,95,,233675,22,,,1,115,,233676,22,,,1,90,,233677,22,,,1,93,,233678,22,,,1,107,,233679,22,,,1,95,,233680,22,,,1
1801,'20260831',704,,134777,12,0,31 38 9,1,140,,134778,3,0,38 9,1,1103,,134779,3,0,38 9,1,197,,134780,3,0,38 9,1,200,,134781,3,0,38 9,1,202,,134784,3,0,38 9,1,11,,134783,10,0,57 38 9,1,80,,134785,12,0,68 71 72 9,1,163,,134786,12,0,31 38 9,1
1801,'20260901',704,,134787,12,0,31 38 9,1,140,,134788,3,0,38 9,1,1103,,134789,3,0,38 9,1,197,,134790,3,0,38 9,1,200,,134791,3,0,38 9,1,202,,134794,3,0,38 9,1,11,,134793,10,0,57 38 9,1,80,,134795,12,0,68 71 72 9,1,163,,134796,12,0,31 38 9,1
1801,'20260902',704,,134797,12,0,31 38 9,1,140,,134798,3,0,38 9,1,1103,,134799,3,0,38 9,1,197,,134800,3,0,38 9,1,200,,134801,3,0,38 9,1,202,,134804,3,0,38 9,1,11,,134803,10,0,57 38 9,1,80,,134805,12,0,68 71 72 9,1,163,,134806,12,0,31 38 9,1
1801,'20260903',704,,134807,12,0,31 38 9,1,140,,134808,3,0,38 9,1,1103,,134809,3,0,38 9,1,197,,134810,3,0,38 9,1,200,,134811,3,0,38 9,1,202,,134814,3,0,38 9,1,11,,134813,10,0,57 38 9,1,80,,134815,12,0,68 71 72 9,1,163,,134816,12,0,31 38 9,1
1801,'20260904',704,,134817,12,0,31 38 9,1,140,,134818,3,0,38 9,1,1103,,134819,3,0,38 9,1,197,,134820,3,0,38 9,1,200,,134821,3,0,38 9,1,202,,134822,3,0,38 9,1,111,,134824,10,0,57 38 9,1,143,,134825,12,0,31 38 9,1
1801,'20260905',822,,234213,12,0,68 71 72 9,1,35,,234214,12,0,68 71 72 9,1,70,,234215,12,0,68 71 72 9,1,15,,234216,10,0,7 71 72 9,1,102,,234218,3,0,38 9,1,200,,234219,3,0,38 9,1,200,,234220,3,0,38 9,1,200,,234221,3,0,38 9,1,201,,234222,3,0,38 9,1,200,,234223,3,0,38 9,1,200,,234224,3,0,38 9,1,200,,234225,3,0,38 9,1,103,,234226,3,0,38 9,1,164,,234228,10,0,57 38 9,1,45,,234230,10,0,57 38 9,1
1801,'20260906',822,,234231,12,0,68 71 72 9,1,35,,234232,12,0,68 71 72 9,1,70,,234233,12,0,68 71 72 9,1,15,,234234,10,0,7 71 72 9,1,102,,234236,3,0,38 9,1,200,,234237,3,0,38 9,1,200,,234238,3,0,38 9,1,200,,234239,3,0,38 9,1,201,,234240,3,0,38 9,1,200,,234241,3,0,38 9,1,200,,234242,3,0,38 9,1,200,,234243,3,0,38 9,1,103,,234244,3,0,38 9,1,89,,234245,12,0,68 71 72 9,1,120,,234246,12,0,31 38 9,1
1801,'20260907',822,,234247,12,0,68 71 72 9,1,35,,234248,12,0,68 71 72 9,1,70,,234249,12,0,68 71 72 9,1,15,,234250,10,0,7 71 72 9,1,102,,234252,3,0,38 9,1,200,,234253,3,0,38 9,1,200,,234254,3,0,38 9,1,200,,234255,3,0,38 9,1,201,,234256,3,0,38 9,1,200,,234257,3,0,38 9,1,200,,234258,3,0,38 9,1,200,,234259,3,0,38 9,1,103,,234260,3,0,38 9,1,164,,234262,10,0,57 38 9,1,45,,234264,10,0,57 38 9,1
1801,'20260908',704,,234265,12,0,31 38 9,1,141,,234266,3,0,38 9,1,1100,,234267,3,0,38 9,1,197,,234268,3,0,38 9,1,200,,234269,3,0,38 9,1,204,,234272,3,0,38 9,1,11,,234271,10,0,57 38 9,1,80,,234273,12,0,68 71 72 9,1,163,,234274,12,0,31 38 9,1
1801,'20260909',704,,234275,12,0,31 38 9,1,141,,234276,3,0,38 9,1,1100,,234277,3,0,38 9,1,197,,234278,3,0,38 9,1,200,,234279,3,0,38 9,1,204,,234282,3,0,38 9,1,11,,234281,10,0,57 38 9,1,80,,234283,12,0,68 71 72 9,1,163,,234284,12,0,31 38 9,1
1801,'20260910',704,,234285,12,0,31 38 9,1,141,,234286,3,0,38 9,1,1100,,234287,3,0,38 9,1,197,,234288,3,0,38 9,1,200,,234289,3,0,38 9,1,204,,234292,3,0,38 9,1,11,,234291,10,0,57 38 9,1,80,,234293,12,0,68 71 72 9,1,163,,234294,12,0,31 38 9,1
1801,'20260911',704,,234295,12,0,31 38 9,1,141,,234296,3,0,38 9,1,1100,,234297,3,0,38 9,1,197,,234298,3,0,38 9,1,200,,234299,3,0,38 9,1,204,,234300,3,0,38 9,1,111,,234302,10,0,57 38 9,1,143,,234303,12,0,31 38 9,1
1801,'20260912',822,,234304,12,0,68 71 72 9,1,35,,234305,12,0,68 71 72 9,1,70,,234306,12,0,68 71 72 9,1,15,,234307,10,0,7 71 72 9,1,100,,234309,3,0,38 9,1,200,,234310,3,0,38 9,1,200,,234311,3,0,38 9,1,200,,234312,3,0,38 9,1,201,,234313,3,0,38 9,1,200,,234314,3,0,38 9,1,200,,234315,3,0,38 9,1,200,,234316,3,0,38 9,1,105,,234317,3,0,38 9,1,164,,234319,10,0,57 38 9,1,45,,234321,10,0,57 38 9,1
1801,'20260913',822,,234322,12,0,68 71 72 9,1,35,,234323,12,0,68 71 72 9,1,70,,234324,12,0,68 71 72 9,1,15,,234325,10,0,7 71 72 9,1,100,,234327,3,0,38 9,1,200,,234328,3,0,38 9,1,200,,234329,3,0,38 9,1,200,,234330,3,0,38 9,1,201,,234331,3,0,38 9,1,200,,234332,3,0,38 9,1,200,,234333,3,0,38 9,1,200,,234334,3,0,38 9,1,105,,234335,3,0,38 9,1,89,,234336,12,0,68 71 72 9,1,120,,234337,12,0,31 38 9,1
1801,'20260914',704,,234338,12,0,31 38 9,1,141,,234339,3,0,38 9,1,1100,,234340,3,0,38 9,1,197,,234341,3,0,38 9,1,200,,234342,3,0,38 9,1,204,,234345,3,0,38 9,1,11,,234344,10,0,57 38 9,1,80,,234346,12,0,68 71 72 9,1,163,,234347,12,0,31 38 9,1
1801,'20260915',704,,234348,12,0,31 38 9,1,141,,234349,3,0,38 9,1,1100,,234350,3,0,38 9,1,197,,234351,3,0,38 9,1,200,,234352,3,0,38 9,1,204,,234355,3,0,38 9,1,11,,234354,10,0,57 38 9,1,80,,234356,12,0,68 71 72 9,1,163,,234357,12,0,31 38 9,1
1801,'20260916',704,,234358,12,0,31 38 9,1,141,,234359,3,0,38 9,1,1100,,234360,3,0,38 9,1,197,,234361,3,0,38 9,1,200,,234362,3,0,38 9,1,204,,234365,3,0,38 9,1,11,,234364,10,0,57 38 9,1,80,,234366,12,0,68 71 72 9,1,163,,234367,12,0,31 38 9,1
1801,'20260917',704,,234368,12,0,31 38 9,1,141,,234369,3,0,38 9,1,1100,,234370,3,0,38 9,1,197,,234371,3,0,38 9,1,200,,234372,3,0,38 9,1,204,,234375,3,0,38 9,1,11,,234374,10,0,57 38 9,1,80,,234376,12,0,68 71 72 9,1,163,,234377,12,0,31 38 9,1
1801,'20260918',704,,234378,12,0,31 38 9,1,141,,234379,3,0,38 9,1,1100,,234380,3,0,38 9,1,197,,234381,3,0,38 9,1,200,,234382,3,0,38 9,1,204,,234383,3,0,38 9,1,111,,234385,10,0,57 38 9,1,143,,234386,12,0,31 38 9,1
1801,'20260919',822,,234387,12,0,68 71 72 9,1,35,,234388,12,0,68 71 72 9,1,70,,234389,12,0,68 71 72 9,1,15,,234390,10,0,7 71 72 9,1,100,,234392,3,0,38 9,1,200,,234393,3,0,38 9,1,200,,234394,3,0,38 9,1,200,,234395,3,0,38 9,1,201,,234396,3,0,38 9,1,200,,234397,3,0,38 9,1,200,,234398,3,0,38 9,1,200,,234399,3,0,38 9,1,105,,234400,3,0,38 9,1,164,,234402,10,0,57 38 9,1,45,,234404,10,0,57 38 9,1
1801,'20260920',822,,234405,12,0,68 71 72 9,1,35,,234406,12,0,68 71 72 9,1,70,,234407,12,0,68 71 72 9,1,15,,234408,10,0,7 71 72 9,1,100,,234410,3,0,38 9,1,200,,234411,3,0,38 9,1,200,,234412,3,0,38 9,1,200,,234413,3,0,38 9,1,201,,234414,3,0,38 9,1,200,,234415,3,0,38 9,1,200,,234416,3,0,38 9,1,200,,234417,3,0,38 9,1,105,,234418,3,0,38 9,1,89,,234419,12,0,68 71 72 9,1,120,,234420,12,0,31 38 9,1
1801,'20260921',704,,234421,12,0,31 38 9,1,141,,234422,3,0,38 9,1,1100,,234423,3,0,38 9,1,197,,234424,3,0,38 9,1,200,,234425,3,0,38 9,1,204,,234428,3,0,38 9,1,11,,234427,10,0,57 38 9,1,80,,234429,12,0,68 71 72 9,1,163,,234430,12,0,31 38 9,1
1801,'20260922',704,,234431,12,0,31 38 9,1,141,,234432,3,0,38 9,1,1100,,234433,3,0,38 9,1,197,,234434,3,0,38 9,1,200,,234435,3,0,38 9,1,204,,234438,3,0,38 9,1,11,,234437,10,0,57 38 9,1,80,,234439,12,0,68 71 72 9,1,163,,234440,12,0,31 38 9,1
1801,'20260923',704,,234441,12,0,31 38 9,1,141,,234442,3,0,38 9,1,1100,,234443,3,0,38 9,1,197,,234444,3,0,38 9,1,200,,234445,3,0,38 9,1,204,,234448,3,0,38 9,1,11,,234447,10,0,57 38 9,1,80,,234449,12,0,68 71 72 9,1,163,,234450,12,0,31 38 9,1
1801,'20260924',704,,234451,12,0,31 38 9,1,141,,234452,3,0,38 9,1,1100,,234453,3,0,38 9,1,197,,234454,3,0,38 9,1,200,,234455,3,0,38 9,1,204,,234458,3,0,38 9,1,11,,234457,10,0,57 38 9,1,80,,234459,12,0,68 71 72 9,1,163,,234460,12,0,31 38 9,1
1801,'20260925',704,,234461,12,0,31 38 9,1,141,,234462,3,0,38 9,1,1100,,234463,3,0,38 9,1,197,,234464,3,0,38 9,1,200,,234465,3,0,38 9,1,204,,234466,3,0,38 9,1,111,,234468,10,0,57 38 9,1,143,,234469,12,0,31 38 9,1
1801,'20260926',822,,234470,12,0,68 71 72 9,1,35,,234471,12,0,68 71 72 9,1,70,,234472,12,0,68 71 72 9,1,15,,234473,10,0,7 71 72 9,1,100,,234475,3,0,38 9,1,200,,234476,3,0,38 9,1,200,,234477,3,0,38 9,1,200,,234478,3,0,38 9,1,201,,234479,3,0,38 9,1,200,,234480,3,0,38 9,1,200,,234481,3,0,38 9,1,200,,234482,3,0,38 9,1,105,,234483,3,0,38 9,1,164,,234485,10,0,57 38 9,1,45,,234487,10,0,57 38 9,1
1801,'20260927',822,,234488,12,0,68 71 72 9,1,35,,234489,12,0,68 71 72 9,1,70,,234490,12,0,68 71 72 9,1,15,,234491,10,0,7 71 72 9,1,100,,234493,3,0,38 9,1,200,,234494,3,0,38 9,1,200,,234495,3,0,38 9,1,200,,234496,3,0,38 9,1,201,,234497,3,0,38 9,1,200,,234498,3,0,38 9,1,200,,234499,3,0,38 9,1,200,,234500,3,0,38 9,1,105,,234501,3,0,38 9,1,89,,234502,12,0,68 71 72 9,1,120,,234503,12,0,31 38 9,1
1801,'20260928',704,,234504,12,0,31 38 9,1,141,,234505,3,0,38 9,1,1100,,234506,3,0,38 9,1,197,,234507,3,0,38 9,1,200,,234508,3,0,38 9,1,204,,234511,3,0,38 9,1,11,,234510,10,0,57 38 9,1,80,,234512,12,0,68 71 72 9,1,163,,234513,12,0,31 38 9,1
1801,'20260929',704,,234514,12,0,31 38 9,1,141,,234515,3,0,38 9,1,1100,,234516,3,0,38 9,1,197,,234517,3,0,38 9,1,200,,234518,3,0,38 9,1,204,,234521,3,0,38 9,1,11,,234520,10,0,57 38 9,1,80,,234522,12,0,68 71 72 9,1,163,,234523,12,0,31 38 9,1
1801,'20260930',704,,234524,12,0,31 38 9,1,141,,234525,3,0,38 9,1,1100,,234526,3,0,38 9,1,197,,234527,3,0,38 9,1,200,,234528,3,0,38 9,1,204,,234531,3,0,38 9,1,11,,234530,10,0,57 38 9,1,80,,234532,12,0,68 71 72 9,1,163,,234533,12,0,31 38 9,1
1801,'20261001',704,,234534,12,0,31 38 9,1,141,,234535,3,0,38 9,1,1100,,234536,3,0,38 9,1,197,,234537,3,0,38 9,1,200,,234538,3,0,38 9,1,204,,234541,3,0,38 9,1,11,,234540,10,0,57 38 9,1,80,,234542,12,0,68 71 72 9,1,163,,234543,12,0,31 38 9,1
1801,'20261002',704,,234544,12,0,31 38 9,1,141,,234545,3,0,38 9,1,1100,,234546,3,0,38 9,1,197,,234547,3,0,38 9,1,200,,234548,3,0,38 9,1,204,,234549,3,0,38 9,1,111,,234551,10,0,57 38 9,1,143,,234552,12,0,31 38 9,1
1801,'20261003',822,,234553,12,0,68 71 72 9,1,35,,234554,12,0,68 71 72 9,1,70,,234555,12,0,68 71 72 9,1,15,,234556,10,0,7 71 72 9,1,100,,234558,3,0,38 9,1,200,,234559,3,0,38 9,1,200,,234560,3,0,38 9,1,200,,234561,3,0,38 9,1,201,,234562,3,0,38 9,1,200,,234563,3,0,38 9,1,200,,234564,3,0,38 9,1,200,,234565,3,0,38 9,1,105,,234566,3,0,38 9,1,164,,234568,10,0,57 38 9,1,45,,234570,10,0,57 38 9,1
1801,'20261004',822,,234571,12,0,68 71 72 9,1,35,,234572,12,0,68 71 72 9,1,70,,234573,12,0,68 71 72 9,1,15,,234574,10,0,7 71 72 9,1,100,,234576,3,0,38 9,1,200,,234577,3,0,38 9,1,200,,234578,3,0,38 9,1,200,,234579,3,0,38 9,1,201,,234580,3,0,38 9,1,200,,234581,3,0,38 9,1,200,,234582,3,0,38 9,1,200,,234583,3,0,38 9,1,105,,234584,3,0,38 9,1,89,,234585,12,0,68 71 72 9,1,120,,234586,12,0,31 38 9,1
1801,'20261005',704,,234587,12,0,31 38 9,1,141,,234588,3,0,38 9,1,1100,,234589,3,0,38 9,1,197,,234590,3,0,38 9,1,200,,234591,3,0,38 9,1,204,,234594,3,0,38 9,1,11,,234593,10,0,57 38 9,1,80,,234595,12,0,68 71 72 9,1,163,,234596,12,0,31 38 9,1
1801,'20261006',704,,234597,12,0,31 38 9,1,141,,234598,3,0,38 9,1,1100,,234599,3,0,38 9,1,197,,234600,3,0,38 9,1,200,,234601,3,0,38 9,1,204,,234604,3,0,38 9,1,11,,234603,10,0,57 38 9,1,80,,234605,12,0,68 71 72 9,1,163,,234606,12,0,31 38 9,1
1801,'20261007',704,,234607,12,0,31 38 9,1,141,,234608,3,0,38 9,1,1100,,234609,3,0,38 9,1,197,,234610,3,0,38 9,1,200,,234611,3,0,38 9,1,204,,234614,3,0,38 9,1,11,,234613,10,0,57 38 9,1,80,,234615,12,0,68 71 72 9,1,163,,234616,12,0,31 38 9,1
1801,'20261008',704,,234617,12,0,31 38 9,1,141,,234618,3,0,38 9,1,1100,,234619,3,0,38 9,1,197,,234620,3,0,38 9,1,200,,234621,3,0,38 9,1,204,,234624,3,0,38 9,1,11,,234623,10,0,57 38 9,1,80,,234625,12,0,68 71 72 9,1,163,,234626,12,0,31 38 9,1
1801,'20261009',704,,234627,12,0,31 38 9,1,141,,234628,3,0,38 9,1,1100,,234629,3,0,38 9,1,197,,234630,3,0,38 9,1,200,,234631,3,0,38 9,1,204,,234632,3,0,38 9,1,111,,234634,10,0,57 38 9,1,143,,234635,12,0,31 38 9,1
1801,'20261010',822,,234636,12,0,68 71 72 9,1,35,,234637,12,0,68 71 72 9,1,70,,234638,12,0,68 71 72 9,1,15,,234639,10,0,7 71 72 9,1,100,,234641,3,0,38 9,1,200,,234642,3,0,38 9,1,200,,234643,3,0,38 9,1,200,,234644,3,0,38 9,1,201,,234645,3,0,38 9,1,200,,234646,3,0,38 9,1,200,,234647,3,0,38 9,1,200,,234648,3,0,38 9,1,105,,234649,3,0,38 9,1,164,,234651,10,0,57 38 9,1,45,,234653,10,0,57 38 9,1
1801,'20261011',822,,234654,12,0,68 71 72 9,1,35,,234655,12,0,68 71 72 9,1,70,,234656,12,0,68 71 72 9,1,15,,234657,10,0,7 71 72 9,1,100,,234659,3,0,38 9,1,200,,234660,3,0,38 9,1,200,,234661,3,0,38 9,1,200,,234662,3,0,38 9,1,201,,234663,3,0,38 9,1,200,,234664,3,0,38 9,1,200,,234665,3,0,38 9,1,200,,234666,3,0,38 9,1,105,,234667,3,0,38 9,1,89,,234668,12,0,68 71 72 9,1,120,,234669,12,0,31 38 9,1
1801,'20261012',822,,234670,12,0,68 71 72 9,1,35,,234671,12,0,68 71 72 9,1,70,,234672,12,0,68 71 72 9,1,15,,234673,10,0,7 71 72 9,1,100,,234675,3,0,38 9,1,200,,234676,3,0,38 9,1,200,,234677,3,0,38 9,1,200,,234678,3,0,38 9,1,201,,234679,3,0,38 9,1,200,,234680,3,0,38 9,1,200,,234681,3,0,38 9,1,200,,234682,3,0,38 9,1,105,,234683,3,0,38 9,1,164,,234685,10,0,57 38 9,1,45,,234687,10,0,57 38 9,1
1801,'20261013',704,,234688,12,0,31 38 9,1,141,,234689,3,0,38 9,1,1100,,234690,3,0,38 9,1,197,,234691,3,0,38 9,1,200,,234692,3,0,38 9,1,204,,234695,3,0,38 9,1,11,,234694,10,0,57 38 9,1,80,,234696,12,0,68 71 72 9,1,163,,234697,12,0,31 38 9,1
1801,'20261014',704,,234698,12,0,31 38 9,1,141,,234699,3,0,38 9,1,1100,,234700,3,0,38 9,1,197,,234701,3,0,38 9,1,200,,234702,3,0,38 9,1,204,,234705,3,0,38 9,1,11,,234704,10,0,57 38 9,1,80,,234706,12,0,68 71 72 9,1,163,,234707,12,0,31 38 9,1
1801,'20261015',704,,234708,12,0,31 38 9,1,141,,234709,3,0,38 9,1,1100,,234710,3,0,38 9,1,197,,234711,3,0,38 9,1,200,,234712,3,0,38 9,1,204,,234715,3,0,38 9,1,11,,234714,10,0,57 38 9,1,80,,234716,12,0,68 71 72 9,1,163,,234717,12,0,31 38 9,1
1801,'20261016',704,,234718,12,0,31 38 9,1,141,,234719,3,0,38 9,1,1100,,234720,3,0,38 9,1,197,,234721,3,0,38 9,1,200,,234722,3,0,38 9,1,204,,234723,3,0,38 9,1,111,,234725,10,0,57 38 9,1,143,,234726,12,0,31 38 9,1
1801,'20261017',822,,234727,12,0,68 71 72 9,1,35,,234728,12,0,68 71 72 9,1,70,,234729,12,0,68 71 72 9,1,15,,234730,10,0,7 71 72 9,1,100,,234732,3,0,38 9,1,200,,234733,3,0,38 9,1,200,,234734,3,0,38 9,1,200,,234735,3,0,38 9,1,201,,234736,3,0,38 9,1,200,,234737,3,0,38 9,1,200,,234738,3,0,38 9,1,200,,234739,3,0,38 9,1,105,,234740,3,0,38 9,1,164,,234742,10,0,57 38 9,1,45,,234744,10,0,57 38 9,1
1801,'20261018',822,,234745,12,0,68 71 72 9,1,35,,234746,12,0,68 71 72 9,1,70,,234747,12,0,68 71 72 9,1,15,,234748,10,0,7 71 72 9,1,100,,234750,3,0,38 9,1,200,,234751,3,0,38 9,1,200,,234752,3,0,38 9,1,200,,234753,3,0,38 9,1,201,,234754,3,0,38 9,1,200,,234755,3,0,38 9,1,200,,234756,3,0,38 9,1,200,,234757,3,0,38 9,1,105,,234758,3,0,38 9,1,89,,234759,12,0,68 71 72 9,1,120,,234760,12,0,31 38 9,1
1801,'20261019',704,,234761,12,0,31 38 9,1,141,,234762,3,0,38 9,1,1100,,234763,3,0,38 9,1,197,,234764,3,0,38 9,1,200,,234765,3,0,38 9,1,204,,234768,3,0,38 9,1,11,,234767,10,0,57 38 9,1,80,,234769,12,0,68 71 72 9,1,163,,234770,12,0,31 38 9,1
1801,'20261020',704,,234771,12,0,31 38 9,1,141,,234772,3,0,38 9,1,1100,,234773,3,0,38 9,1,197,,234774,3,0,38 9,1,200,,234775,3,0,38 9,1,204,,234778,3,0,38 9,1,11,,234777,10,0,57 38 9,1,80,,234779,12,0,68 71 72 9,1,163,,234780,12,0,31 38 9,1
1801,'20261021',704,,234781,12,0,31 38 9,1,141,,234782,3,0,38 9,1,1100,,234783,3,0,38 9,1,197,,234784,3,0,38 9,1,200,,234785,3,0,38 9,1,204,,234788,3,0,38 9,1,11,,234787,10,0,57 38 9,1,80,,234789,12,0,68 71 72 9,1,163,,234790,12,0,31 38 9,1
1801,'20261022',704,,234791,12,0,31 38 9,1,141,,234792,3,0,38 9,1,1100,,234793,3,0,38 9,1,197,,234794,3,0,38 9,1,200,,234795,3,0,38 9,1,204,,234798,3,0,38 9,1,11,,234797,10,0,57 38 9,1,80,,234799,12,0,68 71 72 9,1,163,,234800,12,0,31 38 9,1
1801,'20261023',704,,234801,12,0,31 38 9,1,141,,234802,3,0,38 9,1,1100,,234803,3,0,38 9,1,197,,234804,3,0,38 9,1,200,,234805,3,0,38 9,1,204,,234806,3,0,38 9,1,111,,234808,10,0,57 38 9,1,143,,234809,12,0,31 38 9,1
1801,'20261024',822,,234810,12,0,68 71 72 9,1,35,,234811,12,0,68 71 72 9,1,70,,234812,12,0,68 71 72 9,1,15,,234813,10,0,7 71 72 9,1,100,,234815,3,0,38 9,1,200,,234816,3,0,38 9,1,200,,234817,3,0,38 9,1,200,,234818,3,0,38 9,1,201,,234819,3,0,38 9,1,200,,234820,3,0,38 9,1,200,,234821,3,0,38 9,1,200,,234822,3,0,38 9,1,105,,234823,3,0,38 9,1,164,,234825,10,0,57 38 9,1,45,,234827,10,0,57 38 9,1
1801,'20261025',822,,234828,12,0,68 71 72 9,1,35,,234829,12,0,68 71 72 9,1,70,,234830,12,0,68 71 72 9,1,15,,234831,10,0,7 71 72 9,1,100,,234833,3,0,38 9,1,200,,234834,3,0,38 9,1,200,,234835,3,0,38 9,1,200,,234836,3,0,38 9,1,201,,234837,3,0,38 9,1,200,,234838,3,0,38 9,1,200,,234839,3,0,38 9,1,200,,234840,3,0,38 9,1,105,,234841,3,0,38 9,1,89,,234842,12,0,68 71 72 9,1,120,,234843,12,0,31 38 9,1
1801,'20261026',704,,234844,12,0,31 38 9,1,141,,234845,3,0,38 9,1,1100,,234846,3,0,38 9,1,197,,234847,3,0,38 9,1,200,,234848,3,0,38 9,1,204,,234851,3,0,38 9,1,11,,234850,10,0,57 38 9,1,80,,234852,12,0,68 71 72 9,1,163,,234853,12,0,31 38 9,1
1801,'20261027',704,,234854,12,0,31 38 9,1,141,,234855,3,0,38 9,1,1100,,234856,3,0,38 9,1,197,,234857,3,0,38 9,1,200,,234858,3,0,38 9,1,204,,234861,3,0,38 9,1,11,,234860,10,0,57 38 9,1,80,,234862,12,0,68 71 72 9,1,163,,234863,12,0,31 38 9,1
1801,'20261028',704,,234864,12,0,31 38 9,1,141,,234865,3,0,38 9,1,1100,,234866,3,0,38 9,1,197,,234867,3,0,38 9,1,200,,234868,3,0,38 9,1,204,,234871,3,0,38 9,1,11,,234870,10,0,57 38 9,1,80,,234872,12,0,68 71 72 9,1,163,,234873,12,0,31 38 9,1
1801,'20261029',704,,234874,12,0,31 38 9,1,141,,234875,3,0,38 9,1,1100,,234876,3,0,38 9,1,197,,234877,3,0,38 9,1,200,,234878,3,0,38 9,1,204,,234881,3,0,38 9,1,11,,234880,10,0,57 38 9,1,80,,234882,12,0,68 71 72 9,1,163,,234883,12,0,31 38 9,1
1801,'20261030',704,,234884,12,0,31 38 9,1,141,,234885,3,0,38 9,1,1100,,234886,3,0,38 9,1,197,,234887,3,0,38 9,1,200,,234888,3,0,38 9,1,204,,234889,3,0,38 9,1,111,,234891,10,0,57 38 9,1,143,,234892,12,0,31 38 9,1
1801,'20261031',822,,234893,12,0,68 71 72 9,1,35,,234894,12,0,68 71 72 9,1,70,,234895,12,0,68 71 72 9,1,15,,234896,10,0,7 71 72 9,1,100,,234898,3,0,38 9,1,200,,234899,3,0,38 9,1,200,,234900,3,0,38 9,1,200,,234901,3,0,38 9,1,201,,234902,3,0,38 9,1,200,,234903,3,0,38 9,1,200,,234904,3,0,38 9,1,200,,234905,3,0,38 9,1,105,,234906,3,0,38 9,1,164,,234908,10,0,57 38 9,1,45,,234910,10,0,57 38 9,1
1801,'20261101',822,,234911,12,0,68 71 72 9,1,35,,234912,12,0,68 71 72 9,1,70,,234913,12,0,68 71 72 9,1,15,,234914,10,0,7 71 72 9,1,100,,234916,3,0,38 9,1,200,,234917,3,0,38 9,1,200,,234918,3,0,38 9,1,200,,234919,3,0,38 9,1,201,,234920,3,0,38 9,1,200,,234921,3,0,38 9,1,200,,234922,3,0,38 9,1,200,,234923,3,0,38 9,1,105,,234924,3,0,38 9,1,89,,234925,12,0,68 71 72 9,1,120,,234926,12,0,31 38 9,1
1801,'20261102',704,,234927,12,0,31 38 9,1,141,,234928,3,0,38 9,1,1100,,234929,3,0,38 9,1,197,,234930,3,0,38 9,1,200,,234931,3,0,38 9,1,204,,234934,3,0,38 9,1,11,,234933,10,0,57 38 9,1,80,,234935,12,0,68 71 72 9,1,163,,234936,12,0,31 38 9,1
1801,'20261103',704,,234937,12,0,31 38 9,1,141,,234938,3,0,38 9,1,1100,,234939,3,0,38 9,1,197,,234940,3,0,38 9,1,200,,234941,3,0,38 9,1,204,,234944,3,0,38 9,1,11,,234943,10,0,57 38 9,1,80,,234945,12,0,68 71 72 9,1,163,,234946,12,0,31 38 9,1
1801,'20261104',704,,234947,12,0,31 38 9,1,141,,234948,3,0,38 9,1,1100,,234949,3,0,38 9,1,197,,234950,3,0,38 9,1,200,,234951,3,0,38 9,1,204,,234954,3,0,38 9,1,11,,234953,10,0,57 38 9,1,80,,234955,12,0,68 71 72 9,1,163,,234956,12,0,31 38 9,1
1801,'20261105',704,,234957,12,0,31 38 9,1,141,,234958,3,0,38 9,1,1100,,234959,3,0,38 9,1,197,,234960,3,0,38 9,1,200,,234961,3,0,38 9,1,204,,234964,3,0,38 9,1,11,,234963,10,0,57 38 9,1,80,,234965,12,0,68 71 72 9,1,163,,234966,12,0,31 38 9,1
1801,'20261106',704,,234967,12,0,31 38 9,1,141,,234968,3,0,38 9,1,1100,,234969,3,0,38 9,1,197,,234970,3,0,38 9,1,200,,234971,3,0,38 9,1,204,,234972,3,0,38 9,1,111,,234974,10,0,57 38 9,1,143,,234975,12,0,31 38 9,1
1801,'20261107',822,,234976,12,0,68 71 72 9,1,35,,234977,12,0,68 71 72 9,1,70,,234978,12,0,68 71 72 9,1,15,,234979,10,0,7 71 72 9,1,100,,234981,3,0,38 9,1,200,,234982,3,0,38 9,1,200,,234983,3,0,38 9,1,200,,234984,3,0,38 9,1,201,,234985,3,0,38 9,1,200,,234986,3,0,38 9,1,200,,234987,3,0,38 9,1,200,,234988,3,0,38 9,1,105,,234989,3,0,38 9,1,164,,234991,10,0,57 38 9,1,45,,234993,10,0,57 38 9,1
1801,'20261108',822,,234994,12,0,68 71 72 9,1,35,,234995,12,0,68 71 72 9,1,70,,234996,12,0,68 71 72 9,1,15,,234997,10,0,7 71 72 9,1,100,,234999,3,0,38 9,1,200,,235000,3,0,38 9,1,200,,235001,3,0,38 9,1,200,,235002,3,0,38 9,1,201,,235003,3,0,38 9,1,200,,235004,3,0,38 9,1,200,,235005,3,0,38 9,1,200,,235006,3,0,38 9,1,105,,235007,3,0,38 9,1,89,,235008,12,0,68 71 72 9,1,120,,235009,12,0,31 38 9,1
1801,'20261109',704,,235010,12,0,31 38 9,1,141,,235011,3,0,38 9,1,1100,,235012,3,0,38 9,1,197,,235013,3,0,38 9,1,200,,235014,3,0,38 9,1,204,,235017,3,0,38 9,1,11,,235016,10,0,57 38 9,1,80,,235018,12,0,68 71 72 9,1,163,,235019,12,0,31 38 9,1
1801,'20261110',704,,235020,12,0,31 38 9,1,141,,235021,3,0,38 9,1,1100,,235022,3,0,38 9,1,197,,235023,3,0,38 9,1,200,,235024,3,0,38 9,1,204,,235027,3,0,38 9,1,11,,235026,10,0,57 38 9,1,80,,235028,12,0,68 71 72 9,1,163,,235029,12,0,31 38 9,1
1801,'20261111',704,,235030,12,0,31 38 9,1,141,,235031,3,0,38 9,1,1100,,235032,3,0,38 9,1,197,,235033,3,0,38 9,1,200,,235034,3,0,38 9,1,204,,235037,3,0,38 9,1,11,,235036,10,0,57 38 9,1,80,,235038,12,0,68 71 72 9,1,163,,235039,12,0,31 38 9,1
1801,'20261112',704,,235040,12,0,31 38 9,1,141,,235041,3,0,38 9,1,1100,,235042,3,0,38 9,1,197,,235043,3,0,38 9,1,200,,235044,3,0,38 9,1,204,,235047,3,0,38 9,1,11,,235046,10,0,57 38 9,1,80,,235048,12,0,68 71 72 9,1,163,,235049,12,0,31 38 9,1
1801,'20261113',704,,235050,12,0,31 38 9,1,141,,235051,3,0,38 9,1,1100,,235052,3,0,38 9,1,197,,235053,3,0,38 9,1,200,,235054,3,0,38 9,1,204,,235055,3,0,38 9,1,111,,235057,10,0,57 38 9,1,143,,235058,12,0,31 38 9,1
1801,'20261114',822,,235059,12,0,68 71 72 9,1,35,,235060,12,0,68 71 72 9,1,70,,235061,12,0,68 71 72 9,1,15,,235062,10,0,7 71 72 9,1,100,,235064,3,0,38 9,1,200,,235065,3,0,38 9,1,200,,235066,3,0,38 9,1,200,,235067,3,0,38 9,1,201,,235068,3,0,38 9,1,200,,235069,3,0,38 9,1,200,,235070,3,0,38 9,1,200,,235071,3,0,38 9,1,105,,235072,3,0,38 9,1,164,,235074,10,0,57 38 9,1,45,,235076,10,0,57 38 9,1
1801,'20261115',822,,235077,12,0,68 71 72 9,1,35,,235078,12,0,68 71 72 9,1,70,,235079,12,0,68 71 72 9,1,15,,235080,10,0,7 71 72 9,1,100,,235082,3,0,38 9,1,200,,235083,3,0,38 9,1,200,,235084,3,0,38 9,1,200,,235085,3,0,38 9,1,201,,235086,3,0,38 9,1,200,,235087,3,0,38 9,1,200,,235088,3,0,38 9,1,200,,235089,3,0,38 9,1,105,,235090,3,0,38 9,1,89,,235091,12,0,68 71 72 9,1,120,,235092,12,0,31 38 9,1
1801,'20261116',704,,235093,12,0,31 38 9,1,141,,235094,3,0,38 9,1,1100,,235095,3,0,38 9,1,197,,235096,3,0,38 9,1,200,,235097,3,0,38 9,1,204,,235100,3,0,38 9,1,11,,235099,10,0,57 38 9,1,80,,235101,12,0,68 71 72 9,1,163,,235102,12,0,31 38 9,1
1801,'20261117',704,,235103,12,0,31 38 9,1,141,,235104,3,0,38 9,1,1100,,235105,3,0,38 9,1,197,,235106,3,0,38 9,1,200,,235107,3,0,38 9,1,204,,235110,3,0,38 9,1,11,,235109,10,0,57 38 9,1,80,,235111,12,0,68 71 72 9,1,163,,235112,12,0,31 38 9,1
1801,'20261118',704,,235113,12,0,31 38 9,1,141,,235114,3,0,38 9,1,1100,,235115,3,0,38 9,1,197,,235116,3,0,38 9,1,200,,235117,3,0,38 9,1,204,,235120,3,0,38 9,1,11,,235119,10,0,57 38 9,1,80,,235121,12,0,68 71 72 9,1,163,,235122,12,0,31 38 9,1
1801,'20261119',704,,235123,12,0,31 38 9,1,141,,235124,3,0,38 9,1,1100,,235125,3,0,38 9,1,197,,235126,3,0,38 9,1,200,,235127,3,0,38 9,1,204,,235130,3,0,38 9,1,11,,235129,10,0,57 38 9,1,80,,235131,12,0,68 71 72 9,1,163,,235132,12,0,31 38 9,1
1801,'20261120',704,,235133,12,0,31 38 9,1,141,,235134,3,0,38 9,1,1100,,235135,3,0,38 9,1,197,,235136,3,0,38 9,1,200,,235137,3,0,38 9,1,204,,235138,3,0,38 9,1,111,,235140,10,0,57 38 9,1,143,,235141,12,0,31 38 9,1
1801,'20261121',822,,235142,12,0,68 71 72 9,1,35,,235143,12,0,68 71 72 9,1,70,,235144,12,0,68 71 72 9,1,15,,235145,10,0,7 71 72 9,1,100,,235147,3,0,38 9,1,200,,235148,3,0,38 9,1,200,,235149,3,0,38 9,1,200,,235150,3,0,38 9,1,201,,235151,3,0,38 9,1,200,,235152,3,0,38 9,1,200,,235153,3,0,38 9,1,200,,235154,3,0,38 9,1,105,,235155,3,0,38 9,1,164,,235157,10,0,57 38 9,1,45,,235159,10,0,57 38 9,1
1801,'20261122',822,,235160,12,0,68 71 72 9,1,35,,235161,12,0,68 71 72 9,1,70,,235162,12,0,68 71 72 9,1,15,,235163,10,0,7 71 72 9,1,100,,235165,3,0,38 9,1,200,,235166,3,0,38 9,1,200,,235167,3,0,38 9,1,200,,235168,3,0,38 9,1,201,,235169,3,0,38 9,1,200,,235170,3,0,38 9,1,200,,235171,3,0,38 9,1,200,,235172,3,0,38 9,1,105,,235173,3,0,38 9,1,89,,235174,12,0,68 71 72 9,1,120,,235175,12,0,31 38 9,1
1801,'20261123',704,,235176,12,0,31 38 9,1,141,,235177,3,0,38 9,1,1100,,235178,3,0,38 9,1,197,,235179,3,0,38 9,1,200,,235180,3,0,38 9,1,204,,235183,3,0,38 9,1,11,,235182,10,0,57 38 9,1,80,,235184,12,0,68 71 72 9,1,163,,235185,12,0,31 38 9,1
1801,'20261124',704,,235186,12,0,31 38 9,1,141,,235187,3,0,38 9,1,1100,,235188,3,0,38 9,1,197,,235189,3,0,38 9,1,200,,235190,3,0,38 9,1,204,,235193,3,0,38 9,1,11,,235192,10,0,57 38 9,1,80,,235194,12,0,68 71 72 9,1,163,,235195,12,0,31 38 9,1
1801,'20261125',704,,235196,12,0,31 38 9,1,141,,235197,3,0,38 9,1,1100,,235198,3,0,38 9,1,197,,235199,3,0,38 9,1,200,,235200,3,0,38 9,1,204,,235203,3,0,38 9,1,11,,235202,10,0,57 38 9,1,80,,235204,12,0,68 71 72 9,1,163,,235205,12,0,31 38 9,1
1801,'20261126',704,,235206,12,0,31 38 9,1,141,,235207,3,0,38 9,1,1100,,235208,3,0,38 9,1,197,,235209,3,0,38 9,1,200,,235210,3,0,38 9,1,204,,235213,3,0,38 9,1,11,,235212,10,0,57 38 9,1,80,,235214,12,0,68 71 72 9,1,163,,235215,12,0,31 38 9,1
1801,'20261127',704,,235216,12,0,31 38 9,1,141,,235217,3,0,38 9,1,1100,,235218,3,0,38 9,1,197,,235219,3,0,38 9,1,200,,235220,3,0,38 9,1,204,,235221,3,0,38 9,1,111,,235223,10,0,57 38 9,1,143,,235224,12,0,31 38 9,1
4001,'20260831',538,,184398,15,0,31 38 9,1,105,,184399,15,0,31 38 9,1,72,,184400,12,,,1,30,,184401,15,0,31 38 9,1,60,,184402,12,,,1,13,,184403,12,,,1,15,,184404,12,,,1,15,,184405,12,,,1,60,,184407,12,,,1,5,,184406,16,0,37 38 9,1,17,,184408,12,,,1,70,,184410,12,,,1,5,,184409,16,0,37 38 9,1,25,,184411,12,,,1,70,,184412,16,0,37 38 9,1,20,,184413,15,0,31 38 9,1,25,,184414,12,,,1,75,,184415,15,0,31 38 9,1,30,,184416,13,0,52 38 9,1,65,,184417,15,0,31 38 9,1,30,,184418,12,,,1,70,,184419,12,,,1,41,,184420,13,0,52 38 9,1,49,,184421,12,,,1,28,,184422,15,0,31 38 9,1,23,,184423,12,,,1,67,,184424,12,,,1,25,,184425,12,,,1,60,,184427,15,0,31 38 9,1,15,,184426,13,0,52 38 9,1,15,,184428,12,,,1,15,,184429,12,,,1,50,,184430,12,,,1,20,,184431,16,0,37 38 9,1,5,,184432,12,,,1,10,,184433,12,,,1,15,,184434,12,,,1,48,,184436,12,,,1,12,,184435,16,0,37 38 9,1,13,,184437,12,,,1,15,,184438,12,,,1,70,,184439,16,0,37 38 9,1,12,,184440,12,,,1,22,,184441,12,,,1,80,,184442,16,0,37 38 9,1,20,,184443,12,,,1,100,,184444,12,,,1,100,,184445,15,0,31 38 9,1,95,,184446,12,,,1,98,,184447,15,0,31 38 9,1,200,,184448,15,0,31 38 9,1
4001,'20260901',538,,184449,15,0,31 38 9,1,105,,184450,15,0,31 38 9,1,72,,184451,12,,,1,30,,184452,15,0,31 38 9,1,60,,184453,12,,,1,13,,184454,12,,,1,15,,184455,12,,,1,15,,184456,12,,,1,60,,184458,12,,,1,5,,184457,16,0,37 38 9,1,17,,184459,12,,,1,70,,184461,12,,,1,5,,184460,16,0,37 38 9,1,25,,184462,12,,,1,70,,184463,16,0,37 38 9,1,20,,184464,15,0,31 38 9,1,25,,184465,12,,,1,75,,184466,15,0,31 38 9,1,30,,184467,13,0,52 38 9,1,65,,184468,15,0,31 38 9,1,30,,184469,12,,,1,70,,184470,12,,,1,41,,184471,13,0,52 38 9,1,49,,184472,12,,,1,28,,184473,15,0,31 38 9,1,23,,184474,12,,,1,67,,184475,12,,,1,25,,184476,12,,,1,60,,184478,15,0,31 38 9,1,15,,184477,13,0,52 38 9,1,15,,184479,12,,,1,15,,184480,12,,,1,50,,184481,12,,,1,20,,184482,16,0,37 38 9,1,5,,184483,12,,,1,10,,184484,12,,,1,15,,184485,12,,,1,48,,184487,12,,,1,12,,184486,16,0,37 38 9,1,13,,184488,12,,,1,15,,184489,12,,,1,70,,184490,16,0,37 38 9,1,12,,184491,12,,,1,22,,184492,12,,,1,80,,184493,16,0,37 38 9,1,20,,184494,12,,,1,100,,184495,12,,,1,100,,184496,15,0,31 38 9,1,95,,184497,12,,,1,98,,184498,15,0,31 38 9,1,200,,184499,15,0,31 38 9,1
4001,'20260902',538,,184500,15,0,31 38 9,1,105,,184501,15,0,31 38 9,1,72,,184502,12,,,1,30,,184503,15,0,31 38 9,1,60,,184504,12,,,1,13,,184505,12,,,1,15,,184506,12,,,1,15,,184507,12,,,1,60,,184509,12,,,1,5,,184508,16,0,37 38 9,1,17,,184510,12,,,1,70,,184512,12,,,1,5,,184511,16,0,37 38 9,1,25,,184513,12,,,1,70,,184514,16,0,37 38 9,1,20,,184515,15,0,31 38 9,1,25,,184516,12,,,1,75,,184517,15,0,31 38 9,1,30,,184518,13,0,52 38 9,1,65,,184519,15,0,31 38 9,1,30,,184520,12,,,1,70,,184521,12,,,1,41,,184522,13,0,52 38 9,1,49,,184523,12,,,1,28,,184524,15,0,31 38 9,1,23,,184525,12,,,1,67,,184526,12,,,1,25,,184527,12,,,1,60,,184529,15,0,31 38 9,1,15,,184528,13,0,52 38 9,1,15,,184530,12,,,1,15,,184531,12,,,1,50,,184532,12,,,1,20,,184533,16,0,37 38 9,1,5,,184534,12,,,1,10,,184535,12,,,1,15,,184536,12,,,1,48,,184538,12,,,1,12,,184537,16,0,37 38 9,1,13,,184539,12,,,1,15,,184540,12,,,1,70,,184541,16,0,37 38 9,1,12,,184542,12,,,1,22,,184543,12,,,1,80,,184544,16,0,37 38 9,1,20,,184545,12,,,1,100,,184546,12,,,1,100,,184547,15,0,31 38 9,1,95,,184548,12,,,1,98,,184549,15,0,31 38 9,1,200,,184550,15,0,31 38 9,1
4001,'20260903',538,,184551,15,0,31 38 9,1,105,,184552,15,0,31 38 9,1,72,,184553,12,,,1,30,,184554,15,0,31 38 9,1,60,,184555,12,,,1,13,,184556,12,,,1,15,,184557,12,,,1,15,,184558,12,,,1,60,,184560,12,,,1,5,,184559,16,0,37 38 9,1,17,,184561,12,,,1,70,,184563,12,,,1,5,,184562,16,0,37 38 9,1,25,,184564,12,,,1,70,,184565,16,0,37 38 9,1,20,,184566,15,0,31 38 9,1,25,,184567,12,,,1,75,,184568,15,0,31 38 9,1,30,,184569,13,0,52 38 9,1,65,,184570,15,0,31 38 9,1,30,,184571,12,,,1,70,,184572,12,,,1,41,,184573,13,0,52 38 9,1,49,,184574,12,,,1,28,,184575,15,0,31 38 9,1,23,,184576,12,,,1,67,,184577,12,,,1,25,,184578,12,,,1,60,,184580,15,0,31 38 9,1,15,,184579,13,0,52 38 9,1,15,,184581,12,,,1,15,,184582,12,,,1,50,,184583,12,,,1,20,,184584,16,0,37 38 9,1,5,,184585,12,,,1,10,,184586,12,,,1,15,,184587,12,,,1,48,,184589,12,,,1,12,,184588,16,0,37 38 9,1,13,,184590,12,,,1,15,,184591,12,,,1,70,,184592,16,0,37 38 9,1,12,,184593,12,,,1,22,,184594,12,,,1,80,,184595,16,0,37 38 9,1,20,,184596,12,,,1,100,,184597,12,,,1,100,,184598,15,0,31 38 9,1,95,,184599,12,,,1,98,,184600,15,0,31 38 9,1,200,,184601,15,0,31 38 9,1
4001,'20260904',538,,184602,15,0,31 38 9,1,105,,184603,15,0,31 38 9,1,72,,184604,12,,,1,30,,184605,15,0,31 38 9,1,60,,184606,12,,,1,13,,184607,12,,,1,15,,184608,12,,,1,15,,184609,12,,,1,60,,184611,12,,,1,5,,184610,16,0,37 38 9,1,17,,184612,12,,,1,70,,184614,12,,,1,5,,184613,16,0,37 38 9,1,25,,184615,12,,,1,70,,184616,16,0,37 38 9,1,20,,184617,15,0,31 38 9,1,25,,184618,12,,,1,75,,184619,15,0,31 38 9,1,30,,184620,13,0,52 38 9,1,65,,184621,15,0,31 38 9,1,30,,184622,12,,,1,70,,184623,12,,,1,41,,184624,13,0,52 38 9,1,49,,184625,12,,,1,28,,184626,15,0,31 38 9,1,23,,184627,12,,,1,67,,184628,12,,,1,25,,184629,12,,,1,60,,184631,15,0,31 38 9,1,15,,184630,13,0,52 38 9,1,15,,184632,12,,,1,15,,184633,12,,,1,50,,184634,12,,,1,20,,184635,16,0,37 38 9,1,5,,184636,12,,,1,10,,184637,12,,,1,15,,184638,12,,,1,48,,184640,12,,,1,12,,184639,16,0,37 38 9,1,13,,184641,12,,,1,15,,184642,12,,,1,70,,184643,16,0,37 38 9,1,12,,184644,12,,,1,22,,184645,12,,,1,80,,184646,16,0,37 38 9,1,20,,184647,12,,,1,100,,184648,12,,,1,100,,184649,15,0,31 38 9,1,95,,184650,12,,,1,98,,184651,15,0,31 38 9,1,200,,184652,15,0,31 38 9,1
4001,'20260905',538,,283831,15,0,31 38 9,1,200,,283832,15,0,31 38 9,1,105,,283833,12,,,1,75,,283834,12,,,1,30,,283835,15,0,31 38 9,1,70,,283836,12,,,1,30,,283837,15,0,31 38 9,1,70,,283838,12,,,1,30,,283839,15,0,31 38 9,1,75,,283840,12,,,1,30,,283841,15,0,31 38 9,1,70,,283842,12,,,1,30,,283843,15,0,31 38 9,1,70,,283844,12,,,1,30,,283845,15,0,31 38 9,1,70,,283846,12,,,1,30,,283847,12,,,1,60,,283848,12,,,1,20,,283849,12,,,1,20,,283850,15,0,31 38 9,1,60,,283851,12,,,1,20,,283852,12,,,1,20,,283853,12,,,1,60,,283854,12,,,1,20,,283855,12,,,1,20,,283856,15,0,31 38 9,1,60,,283857,12,,,1,20,,283858,12,,,1,15,,283859,15,0,31 38 9,1,60,,283860,12,,,1,20,,283861,12,,,1,20,,283862,12,,,1,70,,283863,12,,,1,30,,283864,15,0,31 38 9,1,95,,283865,12,,,1,100,,283866,15,0,31 38 9,1,100,,283867,12,,,1,95,,283868,15,0,31 38 9,1,200,,283869,15,0,31 38 9,1
4001,'20260906',538,,283870,15,0,31 38 9,1,200,,283871,15,0,31 38 9,1,105,,283872,12,,,1,75,,283873,12,,,1,30,,283874,15,0,31 38 9,1,70,,283875,12,,,1,30,,283876,15,0,31 38 9,1,70,,283877,12,,,1,30,,283878,15,0,31 38 9,1,75,,283879,12,,,1,30,,283880,15,0,31 38 9,1,70,,283881,12,,,1,30,,283882,15,0,31 38 9,1,70,,283883,12,,,1,30,,283884,15,0,31 38 9,1,70,,283885,12,,,1,30,,283886,12,,,1,60,,283887,12,,,1,20,,283888,12,,,1,20,,283889,15,0,31 38 9,1,60,,283890,12,,,1,20,,283891,12,,,1,20,,283892,12,,,1,60,,283893,12,,,1,20,,283894,12,,,1,20,,283895,15,0,31 38 9,1,60,,283896,12,,,1,20,,283897,12,,,1,15,,283898,15,0,31 38 9,1,60,,283899,12,,,1,20,,283900,12,,,1,20,,283901,12,,,1,70,,283902,12,,,1,30,,283903,15,0,31 38 9,1,95,,283904,12,,,1,100,,283905,15,0,31 38 9,1,100,,283906,12,,,1,95,,283907,15,0,31 38 9,1,200,,283908,15,0,31 38 9,1
4001,'20260907',538,,283909,15,0,31 38 9,1,200,,283910,15,0,31 38 9,1,105,,283911,12,,,1,75,,283912,12,,,1,30,,283913,15,0,31 38 9,1,70,,283914,12,,,1,30,,283915,15,0,31 38 9,1,70,,283916,12,,,1,30,,283917,15,0,31 38 9,1,75,,283918,12,,,1,30,,283919,15,0,31 38 9,1,70,,283920,12,,,1,30,,283921,15,0,31 38 9,1,70,,283922,12,,,1,30,,283923,15,0,31 38 9,1,70,,283924,12,,,1,30,,283925,12,,,1,60,,283926,12,,,1,20,,283927,12,,,1,20,,283928,15,0,31 38 9,1,60,,283929,12,,,1,20,,283930,12,,,1,20,,283931,12,,,1,60,,283932,12,,,1,20,,283933,12,,,1,20,,283934,15,0,31 38 9,1,60,,283935,12,,,1,20,,283936,12,,,1,15,,283937,15,0,31 38 9,1,60,,283938,12,,,1,20,,283939,12,,,1,20,,283940,12,,,1,70,,283941,12,,,1,30,,283942,15,0,31 38 9,1,95,,283943,12,,,1,100,,283944,15,0,31 38 9,1,100,,283945,12,,,1,95,,283946,15,0,31 38 9,1,200,,283947,15,0,31 38 9,1
4001,'20260908',538,,283948,15,0,31 38 9,1,105,,283949,15,0,31 38 9,1,72,,283950,12,,,1,30,,283951,15,0,31 38 9,1,60,,283952,12,,,1,18,,283953,12,,,1,15,,283954,12,,,1,15,,283955,12,,,1,60,,283956,16,0,37 38 9,1,5,,283957,12,,,1,22,,283958,12,,,1,65,,283959,16,0,37 38 9,1,5,,283960,12,,,1,20,,283961,12,,,1,70,,283962,16,0,37 38 9,1,20,,283963,15,0,31 38 9,1,25,,283964,12,,,1,75,,283965,15,0,31 38 9,1,30,,283966,13,0,52 38 9,1,60,,283967,15,0,31 38 9,1,35,,283968,12,,,1,70,,283969,12,,,1,40,,283970,13,0,52 38 9,1,50,,283971,12,,,1,28,,283972,15,0,31 38 9,1,23,,283973,12,,,1,67,,283974,12,,,1,20,,283975,12,,,1,65,,283977,15,0,31 38 9,1,15,,283976,13,0,52 38 9,1,15,,283978,12,,,1,15,,283979,12,,,1,50,,283980,12,,,1,20,,283981,16,0,37 38 9,1,5,,283982,12,,,1,10,,283983,12,,,1,15,,283984,12,,,1,48,,283986,12,,,1,12,,283985,16,0,37 38 9,1,13,,283987,12,,,1,15,,283988,12,,,1,65,,283989,16,0,37 38 9,1,17,,283990,12,,,1,22,,283991,12,,,1,80,,283992,16,0,37 38 9,1,20,,283993,12,,,1,100,,283994,12,,,1,100,,283995,15,0,31 38 9,1,95,,283996,12,,,1,98,,283997,15,0,31 38 9,1,200,,283998,15,0,31 38 9,1
4001,'20260909',538,,283999,15,0,31 38 9,1,105,,284000,15,0,31 38 9,1,72,,284001,12,,,1,30,,284002,15,0,31 38 9,1,60,,284003,12,,,1,18,,284004,12,,,1,15,,284005,12,,,1,15,,284006,12,,,1,60,,284007,16,0,37 38 9,1,5,,284008,12,,,1,22,,284009,12,,,1,65,,284010,16,0,37 38 9,1,5,,284011,12,,,1,20,,284012,12,,,1,70,,284013,16,0,37 38 9,1,20,,284014,15,0,31 38 9,1,25,,284015,12,,,1,75,,284016,15,0,31 38 9,1,30,,284017,13,0,52 38 9,1,60,,284018,15,0,31 38 9,1,35,,284019,12,,,1,70,,284020,12,,,1,40,,284021,13,0,52 38 9,1,50,,284022,12,,,1,28,,284023,15,0,31 38 9,1,23,,284024,12,,,1,67,,284025,12,,,1,20,,284026,12,,,1,65,,284028,15,0,31 38 9,1,15,,284027,13,0,52 38 9,1,15,,284029,12,,,1,15,,284030,12,,,1,50,,284031,12,,,1,20,,284032,16,0,37 38 9,1,5,,284033,12,,,1,10,,284034,12,,,1,15,,284035,12,,,1,48,,284037,12,,,1,12,,284036,16,0,37 38 9,1,13,,284038,12,,,1,15,,284039,12,,,1,65,,284040,16,0,37 38 9,1,17,,284041,12,,,1,22,,284042,12,,,1,80,,284043,16,0,37 38 9,1,20,,284044,12,,,1,100,,284045,12,,,1,100,,284046,15,0,31 38 9,1,95,,284047,12,,,1,98,,284048,15,0,31 38 9,1,200,,284049,15,0,31 38 9,1
4001,'20260910',538,,284050,15,0,31 38 9,1,105,,284051,15,0,31 38 9,1,72,,284052,12,,,1,30,,284053,15,0,31 38 9,1,60,,284054,12,,,1,18,,284055,12,,,1,15,,284056,12,,,1,15,,284057,12,,,1,60,,284058,16,0,37 38 9,1,5,,284059,12,,,1,22,,284060,12,,,1,65,,284061,16,0,37 38 9,1,5,,284062,12,,,1,20,,284063,12,,,1,70,,284064,16,0,37 38 9,1,20,,284065,15,0,31 38 9,1,25,,284066,12,,,1,75,,284067,15,0,31 38 9,1,30,,284068,13,0,52 38 9,1,60,,284069,15,0,31 38 9,1,35,,284070,12,,,1,70,,284071,12,,,1,40,,284072,13,0,52 38 9,1,50,,284073,12,,,1,28,,284074,15,0,31 38 9,1,23,,284075,12,,,1,67,,284076,12,,,1,20,,284077,12,,,1,65,,284079,15,0,31 38 9,1,15,,284078,13,0,52 38 9,1,15,,284080,12,,,1,15,,284081,12,,,1,50,,284082,12,,,1,20,,284083,16,0,37 38 9,1,5,,284084,12,,,1,10,,284085,12,,,1,15,,284086,12,,,1,48,,284088,12,,,1,12,,284087,16,0,37 38 9,1,13,,284089,12,,,1,15,,284090,12,,,1,65,,284091,16,0,37 38 9,1,17,,284092,12,,,1,22,,284093,12,,,1,80,,284094,16,0,37 38 9,1,20,,284095,12,,,1,100,,284096,12,,,1,100,,284097,15,0,31 38 9,1,95,,284098,12,,,1,98,,284099,15,0,31 38 9,1,200,,284100,15,0,31 38 9,1
4001,'20260911',538,,284101,15,0,31 38 9,1,105,,284102,15,0,31 38 9,1,72,,284103,12,,,1,30,,284104,15,0,31 38 9,1,60,,284105,12,,,1,18,,284106,12,,,1,15,,284107,12,,,1,15,,284108,12,,,1,60,,284109,16,0,37 38 9,1,5,,284110,12,,,1,22,,284111,12,,,1,65,,284112,16,0,37 38 9,1,5,,284113,12,,,1,20,,284114,12,,,1,70,,284115,16,0,37 38 9,1,20,,284116,15,0,31 38 9,1,25,,284117,12,,,1,75,,284118,15,0,31 38 9,1,30,,284119,13,0,52 38 9,1,60,,284120,15,0,31 38 9,1,35,,284121,12,,,1,70,,284122,12,,,1,40,,284123,13,0,52 38 9,1,50,,284124,12,,,1,28,,284125,15,0,31 38 9,1,23,,284126,12,,,1,67,,284127,12,,,1,20,,284128,12,,,1,65,,284130,15,0,31 38 9,1,15,,284129,13,0,52 38 9,1,15,,284131,12,,,1,15,,284132,12,,,1,50,,284133,12,,,1,20,,284134,16,0,37 38 9,1,5,,284135,12,,,1,10,,284136,12,,,1,15,,284137,12,,,1,48,,284139,12,,,1,12,,284138,16,0,37 38 9,1,13,,284140,12,,,1,15,,284141,12,,,1,65,,284142,16,0,37 38 9,1,17,,284143,12,,,1,22,,284144,12,,,1,80,,284145,16,0,37 38 9,1,20,,284146,12,,,1,100,,284147,12,,,1,100,,284148,15,0,31 38 9,1,95,,284149,12,,,1,98,,284150,15,0,31 38 9,1,200,,284151,15,0,31 38 9,1
4001,'20260912',538,,284152,15,0,31 38 9,1,200,,284153,15,0,31 38 9,1,105,,284154,12,,,1,75,,284155,12,,,1,30,,284156,15,0,31 38 9,1,70,,284157,12,,,1,30,,284158,15,0,31 38 9,1,70,,284159,12,,,1,30,,284160,15,0,31 38 9,1,75,,284161,12,,,1,30,,284162,15,0,31 38 9,1,70,,284163,12,,,1,30,,284164,15,0,31 38 9,1,70,,284165,12,,,1,30,,284166,15,0,31 38 9,1,70,,284167,12,,,1,30,,284168,12,,,1,60,,284169,12,,,1,20,,284170,12,,,1,20,,284171,15,0,31 38 9,1,60,,284172,12,,,1,20,,284173,12,,,1,20,,284174,12,,,1,60,,284175,12,,,1,20,,284176,12,,,1,20,,284177,15,0,31 38 9,1,60,,284178,12,,,1,20,,284179,12,,,1,15,,284180,15,0,31 38 9,1,60,,284181,12,,,1,20,,284182,12,,,1,20,,284183,12,,,1,70,,284184,12,,,1,30,,284185,15,0,31 38 9,1,95,,284186,12,,,1,100,,284187,15,0,31 38 9,1,100,,284188,12,,,1,95,,284189,15,0,31 38 9,1,200,,284190,15,0,31 38 9,1
4001,'20260913',538,,284191,15,0,31 38 9,1,200,,284192,15,0,31 38 9,1,105,,284193,12,,,1,75,,284194,12,,,1,30,,284195,15,0,31 38 9,1,70,,284196,12,,,1,30,,284197,15,0,31 38 9,1,70,,284198,12,,,1,30,,284199,15,0,31 38 9,1,75,,284200,12,,,1,30,,284201,15,0,31 38 9,1,70,,284202,12,,,1,30,,284203,15,0,31 38 9,1,70,,284204,12,,,1,30,,284205,15,0,31 38 9,1,70,,284206,12,,,1,30,,284207,12,,,1,60,,284208,12,,,1,20,,284209,12,,,1,20,,284210,15,0,31 38 9,1,60,,284211,12,,,1,20,,284212,12,,,1,20,,284213,12,,,1,60,,284214,12,,,1,20,,284215,12,,,1,20,,284216,15,0,31 38 9,1,60,,284217,12,,,1,20,,284218,12,,,1,15,,284219,15,0,31 38 9,1,60,,284220,12,,,1,20,,284221,12,,,1,20,,284222,12,,,1,70,,284223,12,,,1,30,,284224,15,0,31 38 9,1,95,,284225,12,,,1,100,,284226,15,0,31 38 9,1,100,,284227,12,,,1,95,,284228,15,0,31 38 9,1,200,,284229,15,0,31 38 9,1
4001,'20260914',538,,284230,15,0,31 38 9,1,105,,284231,15,0,31 38 9,1,72,,284232,12,,,1,30,,284233,15,0,31 38 9,1,60,,284234,12,,,1,18,,284235,12,,,1,15,,284236,12,,,1,15,,284237,12,,,1,60,,284238,16,0,37 38 9,1,5,,284239,12,,,1,22,,284240,12,,,1,65,,284241,16,0,37 38 9,1,5,,284242,12,,,1,20,,284243,12,,,1,70,,284244,16,0,37 38 9,1,20,,284245,15,0,31 38 9,1,25,,284246,12,,,1,75,,284247,15,0,31 38 9,1,30,,284248,13,0,52 38 9,1,60,,284249,15,0,31 38 9,1,35,,284250,12,,,1,70,,284251,12,,,1,40,,284252,13,0,52 38 9,1,50,,284253,12,,,1,28,,284254,15,0,31 38 9,1,23,,284255,12,,,1,67,,284256,12,,,1,20,,284257,12,,,1,65,,284259,15,0,31 38 9,1,15,,284258,13,0,52 38 9,1,15,,284260,12,,,1,15,,284261,12,,,1,50,,284262,12,,,1,20,,284263,16,0,37 38 9,1,5,,284264,12,,,1,10,,284265,12,,,1,15,,284266,12,,,1,48,,284268,12,,,1,12,,284267,16,0,37 38 9,1,13,,284269,12,,,1,15,,284270,12,,,1,65,,284271,16,0,37 38 9,1,17,,284272,12,,,1,22,,284273,12,,,1,80,,284274,16,0,37 38 9,1,20,,284275,12,,,1,100,,284276,12,,,1,100,,284277,15,0,31 38 9,1,95,,284278,12,,,1,98,,284279,15,0,31 38 9,1,200,,284280,15,0,31 38 9,1
4001,'20260915',538,,284281,15,0,31 38 9,1,105,,284282,15,0,31 38 9,1,72,,284283,12,,,1,30,,284284,15,0,31 38 9,1,60,,284285,12,,,1,18,,284286,12,,,1,15,,284287,12,,,1,15,,284288,12,,,1,60,,284289,16,0,37 38 9,1,5,,284290,12,,,1,22,,284291,12,,,1,65,,284292,16,0,37 38 9,1,5,,284293,12,,,1,20,,284294,12,,,1,70,,284295,16,0,37 38 9,1,20,,284296,15,0,31 38 9,1,25,,284297,12,,,1,75,,284298,15,0,31 38 9,1,30,,284299,13,0,52 38 9,1,60,,284300,15,0,31 38 9,1,35,,284301,12,,,1,70,,284302,12,,,1,40,,284303,13,0,52 38 9,1,50,,284304,12,,,1,28,,284305,15,0,31 38 9,1,23,,284306,12,,,1,67,,284307,12,,,1,20,,284308,12,,,1,65,,284310,15,0,31 38 9,1,15,,284309,13,0,52 38 9,1,15,,284311,12,,,1,15,,284312,12,,,1,50,,284313,12,,,1,20,,284314,16,0,37 38 9,1,5,,284315,12,,,1,10,,284316,12,,,1,15,,284317,12,,,1,48,,284319,12,,,1,12,,284318,16,0,37 38 9,1,13,,284320,12,,,1,15,,284321,12,,,1,65,,284322,16,0,37 38 9,1,17,,284323,12,,,1,22,,284324,12,,,1,80,,284325,16,0,37 38 9,1,20,,284326,12,,,1,100,,284327,12,,,1,100,,284328,15,0,31 38 9,1,95,,284329,12,,,1,98,,284330,15,0,31 38 9,1,200,,284331,15,0,31 38 9,1
4001,'20260916',538,,284332,15,0,31 38 9,1,105,,284333,15,0,31 38 9,1,72,,284334,12,,,1,30,,284335,15,0,31 38 9,1,60,,284336,12,,,1,18,,284337,12,,,1,15,,284338,12,,,1,15,,284339,12,,,1,60,,284340,16,0,37 38 9,1,5,,284341,12,,,1,22,,284342,12,,,1,65,,284343,16,0,37 38 9,1,5,,284344,12,,,1,20,,284345,12,,,1,70,,284346,16,0,37 38 9,1,20,,284347,15,0,31 38 9,1,25,,284348,12,,,1,75,,284349,15,0,31 38 9,1,30,,284350,13,0,52 38 9,1,60,,284351,15,0,31 38 9,1,35,,284352,12,,,1,70,,284353,12,,,1,40,,284354,13,0,52 38 9,1,50,,284355,12,,,1,28,,284356,15,0,31 38 9,1,23,,284357,12,,,1,67,,284358,12,,,1,20,,284359,12,,,1,65,,284361,15,0,31 38 9,1,15,,284360,13,0,52 38 9,1,15,,284362,12,,,1,15,,284363,12,,,1,50,,284364,12,,,1,20,,284365,16,0,37 38 9,1,5,,284366,12,,,1,10,,284367,12,,,1,15,,284368,12,,,1,48,,284370,12,,,1,12,,284369,16,0,37 38 9,1,13,,284371,12,,,1,15,,284372,12,,,1,65,,284373,16,0,37 38 9,1,17,,284374,12,,,1,22,,284375,12,,,1,80,,284376,16,0,37 38 9,1,20,,284377,12,,,1,100,,284378,12,,,1,100,,284379,15,0,31 38 9,1,95,,284380,12,,,1,98,,284381,15,0,31 38 9,1,200,,284382,15,0,31 38 9,1
4001,'20260917',538,,284383,15,0,31 38 9,1,105,,284384,15,0,31 38 9,1,72,,284385,12,,,1,30,,284386,15,0,31 38 9,1,60,,284387,12,,,1,18,,284388,12,,,1,15,,284389,12,,,1,15,,284390,12,,,1,60,,284391,16,0,37 38 9,1,5,,284392,12,,,1,22,,284393,12,,,1,65,,284394,16,0,37 38 9,1,5,,284395,12,,,1,20,,284396,12,,,1,70,,284397,16,0,37 38 9,1,20,,284398,15,0,31 38 9,1,25,,284399,12,,,1,75,,284400,15,0,31 38 9,1,30,,284401,13,0,52 38 9,1,60,,284402,15,0,31 38 9,1,35,,284403,12,,,1,70,,284404,12,,,1,40,,284405,13,0,52 38 9,1,50,,284406,12,,,1,28,,284407,15,0,31 38 9,1,23,,284408,12,,,1,67,,284409,12,,,1,20,,284410,12,,,1,65,,284412,15,0,31 38 9,1,15,,284411,13,0,52 38 9,1,15,,284413,12,,,1,15,,284414,12,,,1,50,,284415,12,,,1,20,,284416,16,0,37 38 9,1,5,,284417,12,,,1,10,,284418,12,,,1,15,,284419,12,,,1,48,,284421,12,,,1,12,,284420,16,0,37 38 9,1,13,,284422,12,,,1,15,,284423,12,,,1,65,,284424,16,0,37 38 9,1,17,,284425,12,,,1,22,,284426,12,,,1,80,,284427,16,0,37 38 9,1,20,,284428,12,,,1,100,,284429,12,,,1,100,,284430,15,0,31 38 9,1,95,,284431,12,,,1,98,,284432,15,0,31 38 9,1,200,,284433,15,0,31 38 9,1
4001,'20260918',538,,284434,15,0,31 38 9,1,105,,284435,15,0,31 38 9,1,72,,284436,12,,,1,30,,284437,15,0,31 38 9,1,60,,284438,12,,,1,18,,284439,12,,,1,15,,284440,12,,,1,15,,284441,12,,,1,60,,284442,16,0,37 38 9,1,5,,284443,12,,,1,22,,284444,12,,,1,65,,284445,16,0,37 38 9,1,5,,284446,12,,,1,20,,284447,12,,,1,70,,284448,16,0,37 38 9,1,20,,284449,15,0,31 38 9,1,25,,284450,12,,,1,75,,284451,15,0,31 38 9,1,30,,284452,13,0,52 38 9,1,60,,284453,15,0,31 38 9,1,35,,284454,12,,,1,70,,284455,12,,,1,40,,284456,13,0,52 38 9,1,50,,284457,12,,,1,28,,284458,15,0,31 38 9,1,23,,284459,12,,,1,67,,284460,12,,,1,20,,284461,12,,,1,65,,284463,15,0,31 38 9,1,15,,284462,13,0,52 38 9,1,15,,284464,12,,,1,15,,284465,12,,,1,50,,284466,12,,,1,20,,284467,16,0,37 38 9,1,5,,284468,12,,,1,10,,284469,12,,,1,15,,284470,12,,,1,48,,284472,12,,,1,12,,284471,16,0,37 38 9,1,13,,284473,12,,,1,15,,284474,12,,,1,65,,284475,16,0,37 38 9,1,17,,284476,12,,,1,22,,284477,12,,,1,80,,284478,16,0,37 38 9,1,20,,284479,12,,,1,100,,284480,12,,,1,100,,284481,15,0,31 38 9,1,95,,284482,12,,,1,98,,284483,15,0,31 38 9,1,200,,284484,15,0,31 38 9,1
4001,'20260919',538,,284485,15,0,31 38 9,1,200,,284486,15,0,31 38 9,1,105,,284487,12,,,1,75,,284488,12,,,1,30,,284489,15,0,31 38 9,1,70,,284490,12,,,1,30,,284491,15,0,31 38 9,1,70,,284492,12,,,1,30,,284493,15,0,31 38 9,1,75,,284494,12,,,1,30,,284495,15,0,31 38 9,1,70,,284496,12,,,1,30,,284497,15,0,31 38 9,1,70,,284498,12,,,1,30,,284499,15,0,31 38 9,1,70,,284500,12,,,1,30,,284501,12,,,1,60,,284502,12,,,1,20,,284503,12,,,1,20,,284504,15,0,31 38 9,1,60,,284505,12,,,1,20,,284506,12,,,1,20,,284507,12,,,1,60,,284508,12,,,1,20,,284509,12,,,1,20,,284510,15,0,31 38 9,1,60,,284511,12,,,1,20,,284512,12,,,1,15,,284513,15,0,31 38 9,1,60,,284514,12,,,1,20,,284515,12,,,1,20,,284516,12,,,1,70,,284517,12,,,1,30,,284518,15,0,31 38 9,1,95,,284519,12,,,1,100,,284520,15,0,31 38 9,1,100,,284521,12,,,1,95,,284522,15,0,31 38 9,1,200,,284523,15,0,31 38 9,1
4001,'20260920',538,,284524,15,0,31 38 9,1,200,,284525,15,0,31 38 9,1,105,,284526,12,,,1,75,,284527,12,,,1,30,,284528,15,0,31 38 9,1,70,,284529,12,,,1,30,,284530,15,0,31 38 9,1,70,,284531,12,,,1,30,,284532,15,0,31 38 9,1,75,,284533,12,,,1,30,,284534,15,0,31 38 9,1,70,,284535,12,,,1,30,,284536,15,0,31 38 9,1,70,,284537,12,,,1,30,,284538,15,0,31 38 9,1,70,,284539,12,,,1,30,,284540,12,,,1,60,,284541,12,,,1,20,,284542,12,,,1,20,,284543,15,0,31 38 9,1,60,,284544,12,,,1,20,,284545,12,,,1,20,,284546,12,,,1,60,,284547,12,,,1,20,,284548,12,,,1,20,,284549,15,0,31 38 9,1,60,,284550,12,,,1,20,,284551,12,,,1,15,,284552,15,0,31 38 9,1,60,,284553,12,,,1,20,,284554,12,,,1,20,,284555,12,,,1,70,,284556,12,,,1,30,,284557,15,0,31 38 9,1,95,,284558,12,,,1,100,,284559,15,0,31 38 9,1,100,,284560,12,,,1,95,,284561,15,0,31 38 9,1,200,,284562,15,0,31 38 9,1
4001,'20260921',538,,284563,15,0,31 38 9,1,105,,284564,15,0,31 38 9,1,72,,284565,12,,,1,30,,284566,15,0,31 38 9,1,60,,284567,12,,,1,18,,284568,12,,,1,15,,284569,12,,,1,15,,284570,12,,,1,60,,284571,16,0,37 38 9,1,5,,284572,12,,,1,22,,284573,12,,,1,65,,284574,16,0,37 38 9,1,5,,284575,12,,,1,20,,284576,12,,,1,70,,284577,16,0,37 38 9,1,20,,284578,15,0,31 38 9,1,25,,284579,12,,,1,75,,284580,15,0,31 38 9,1,30,,284581,13,0,52 38 9,1,60,,284582,15,0,31 38 9,1,35,,284583,12,,,1,70,,284584,12,,,1,40,,284585,13,0,52 38 9,1,50,,284586,12,,,1,28,,284587,15,0,31 38 9,1,23,,284588,12,,,1,67,,284589,12,,,1,20,,284590,12,,,1,65,,284592,15,0,31 38 9,1,15,,284591,13,0,52 38 9,1,15,,284593,12,,,1,15,,284594,12,,,1,50,,284595,12,,,1,20,,284596,16,0,37 38 9,1,5,,284597,12,,,1,10,,284598,12,,,1,15,,284599,12,,,1,48,,284601,12,,,1,12,,284600,16,0,37 38 9,1,13,,284602,12,,,1,15,,284603,12,,,1,65,,284604,16,0,37 38 9,1,17,,284605,12,,,1,22,,284606,12,,,1,80,,284607,16,0,37 38 9,1,20,,284608,12,,,1,100,,284609,12,,,1,100,,284610,15,0,31 38 9,1,95,,284611,12,,,1,98,,284612,15,0,31 38 9,1,200,,284613,15,0,31 38 9,1
4001,'20260922',538,,284614,15,0,31 38 9,1,105,,284615,15,0,31 38 9,1,72,,284616,12,,,1,30,,284617,15,0,31 38 9,1,60,,284618,12,,,1,18,,284619,12,,,1,15,,284620,12,,,1,15,,284621,12,,,1,60,,284622,16,0,37 38 9,1,5,,284623,12,,,1,22,,284624,12,,,1,65,,284625,16,0,37 38 9,1,5,,284626,12,,,1,20,,284627,12,,,1,70,,284628,16,0,37 38 9,1,20,,284629,15,0,31 38 9,1,25,,284630,12,,,1,75,,284631,15,0,31 38 9,1,30,,284632,13,0,52 38 9,1,60,,284633,15,0,31 38 9,1,35,,284634,12,,,1,70,,284635,12,,,1,40,,284636,13,0,52 38 9,1,50,,284637,12,,,1,28,,284638,15,0,31 38 9,1,23,,284639,12,,,1,67,,284640,12,,,1,20,,284641,12,,,1,65,,284643,15,0,31 38 9,1,15,,284642,13,0,52 38 9,1,15,,284644,12,,,1,15,,284645,12,,,1,50,,284646,12,,,1,20,,284647,16,0,37 38 9,1,5,,284648,12,,,1,10,,284649,12,,,1,15,,284650,12,,,1,48,,284652,12,,,1,12,,284651,16,0,37 38 9,1,13,,284653,12,,,1,15,,284654,12,,,1,65,,284655,16,0,37 38 9,1,17,,284656,12,,,1,22,,284657,12,,,1,80,,284658,16,0,37 38 9,1,20,,284659,12,,,1,100,,284660,12,,,1,100,,284661,15,0,31 38 9,1,95,,284662,12,,,1,98,,284663,15,0,31 38 9,1,200,,284664,15,0,31 38 9,1
4001,'20260923',538,,284665,15,0,31 38 9,1,105,,284666,15,0,31 38 9,1,72,,284667,12,,,1,30,,284668,15,0,31 38 9,1,60,,284669,12,,,1,18,,284670,12,,,1,15,,284671,12,,,1,15,,284672,12,,,1,60,,284673,16,0,37 38 9,1,5,,284674,12,,,1,22,,284675,12,,,1,65,,284676,16,0,37 38 9,1,5,,284677,12,,,1,20,,284678,12,,,1,70,,284679,16,0,37 38 9,1,20,,284680,15,0,31 38 9,1,25,,284681,12,,,1,75,,284682,15,0,31 38 9,1,30,,284683,13,0,52 38 9,1,60,,284684,15,0,31 38 9,1,35,,284685,12,,,1,70,,284686,12,,,1,40,,284687,13,0,52 38 9,1,50,,284688,12,,,1,28,,284689,15,0,31 38 9,1,23,,284690,12,,,1,67,,284691,12,,,1,20,,284692,12,,,1,65,,284694,15,0,31 38 9,1,15,,284693,13,0,52 38 9,1,15,,284695,12,,,1,15,,284696,12,,,1,50,,284697,12,,,1,20,,284698,16,0,37 38 9,1,5,,284699,12,,,1,10,,284700,12,,,1,15,,284701,12,,,1,48,,284703,12,,,1,12,,284702,16,0,37 38 9,1,13,,284704,12,,,1,15,,284705,12,,,1,65,,284706,16,0,37 38 9,1,17,,284707,12,,,1,22,,284708,12,,,1,80,,284709,16,0,37 38 9,1,20,,284710,12,,,1,100,,284711,12,,,1,100,,284712,15,0,31 38 9,1,95,,284713,12,,,1,98,,284714,15,0,31 38 9,1,200,,284715,15,0,31 38 9,1
4001,'20260924',538,,284716,15,0,31 38 9,1,105,,284717,15,0,31 38 9,1,72,,284718,12,,,1,30,,284719,15,0,31 38 9,1,60,,284720,12,,,1,18,,284721,12,,,1,15,,284722,12,,,1,15,,284723,12,,,1,60,,284724,16,0,37 38 9,1,5,,284725,12,,,1,22,,284726,12,,,1,65,,284727,16,0,37 38 9,1,5,,284728,12,,,1,20,,284729,12,,,1,70,,284730,16,0,37 38 9,1,20,,284731,15,0,31 38 9,1,25,,284732,12,,,1,75,,284733,15,0,31 38 9,1,30,,284734,13,0,52 38 9,1,60,,284735,15,0,31 38 9,1,35,,284736,12,,,1,70,,284737,12,,,1,40,,284738,13,0,52 38 9,1,50,,284739,12,,,1,28,,284740,15,0,31 38 9,1,23,,284741,12,,,1,67,,284742,12,,,1,20,,284743,12,,,1,65,,284745,15,0,31 38 9,1,15,,284744,13,0,52 38 9,1,15,,284746,12,,,1,15,,284747,12,,,1,50,,284748,12,,,1,20,,284749,16,0,37 38 9,1,5,,284750,12,,,1,10,,284751,12,,,1,15,,284752,12,,,1,48,,284754,12,,,1,12,,284753,16,0,37 38 9,1,13,,284755,12,,,1,15,,284756,12,,,1,65,,284757,16,0,37 38 9,1,17,,284758,12,,,1,22,,284759,12,,,1,80,,284760,16,0,37 38 9,1,20,,284761,12,,,1,100,,284762,12,,,1,100,,284763,15,0,31 38 9,1,95,,284764,12,,,1,98,,284765,15,0,31 38 9,1,200,,284766,15,0,31 38 9,1
4001,'20260925',538,,284767,15,0,31 38 9,1,105,,284768,15,0,31 38 9,1,72,,284769,12,,,1,30,,284770,15,0,31 38 9,1,60,,284771,12,,,1,18,,284772,12,,,1,15,,284773,12,,,1,15,,284774,12,,,1,60,,284775,16,0,37 38 9,1,5,,284776,12,,,1,22,,284777,12,,,1,65,,284778,16,0,37 38 9,1,5,,284779,12,,,1,20,,284780,12,,,1,70,,284781,16,0,37 38 9,1,20,,284782,15,0,31 38 9,1,25,,284783,12,,,1,75,,284784,15,0,31 38 9,1,30,,284785,13,0,52 38 9,1,60,,284786,15,0,31 38 9,1,35,,284787,12,,,1,70,,284788,12,,,1,40,,284789,13,0,52 38 9,1,50,,284790,12,,,1,28,,284791,15,0,31 38 9,1,23,,284792,12,,,1,67,,284793,12,,,1,20,,284794,12,,,1,65,,284796,15,0,31 38 9,1,15,,284795,13,0,52 38 9,1,15,,284797,12,,,1,15,,284798,12,,,1,50,,284799,12,,,1,20,,284800,16,0,37 38 9,1,5,,284801,12,,,1,10,,284802,12,,,1,15,,284803,12,,,1,48,,284805,12,,,1,12,,284804,16,0,37 38 9,1,13,,284806,12,,,1,15,,284807,12,,,1,65,,284808,16,0,37 38 9,1,17,,284809,12,,,1,22,,284810,12,,,1,80,,284811,16,0,37 38 9,1,20,,284812,12,,,1,100,,284813,12,,,1,100,,284814,15,0,31 38 9,1,95,,284815,12,,,1,98,,284816,15,0,31 38 9,1,200,,284817,15,0,31 38 9,1
4001,'20260926',538,,284818,15,0,31 38 9,1,200,,284819,15,0,31 38 9,1,105,,284820,12,,,1,75,,284821,12,,,1,30,,284822,15,0,31 38 9,1,70,,284823,12,,,1,30,,284824,15,0,31 38 9,1,70,,284825,12,,,1,30,,284826,15,0,31 38 9,1,75,,284827,12,,,1,30,,284828,15,0,31 38 9,1,70,,284829,12,,,1,30,,284830,15,0,31 38 9,1,70,,284831,12,,,1,30,,284832,15,0,31 38 9,1,70,,284833,12,,,1,30,,284834,12,,,1,60,,284835,12,,,1,20,,284836,12,,,1,20,,284837,15,0,31 38 9,1,60,,284838,12,,,1,20,,284839,12,,,1,20,,284840,12,,,1,60,,284841,12,,,1,20,,284842,12,,,1,20,,284843,15,0,31 38 9,1,60,,284844,12,,,1,20,,284845,12,,,1,15,,284846,15,0,31 38 9,1,60,,284847,12,,,1,20,,284848,12,,,1,20,,284849,12,,,1,70,,284850,12,,,1,30,,284851,15,0,31 38 9,1,95,,284852,12,,,1,100,,284853,15,0,31 38 9,1,100,,284854,12,,,1,95,,284855,15,0,31 38 9,1,200,,284856,15,0,31 38 9,1
4001,'20260927',538,,284857,15,0,31 38 9,1,200,,284858,15,0,31 38 9,1,105,,284859,12,,,1,75,,284860,12,,,1,30,,284861,15,0,31 38 9,1,70,,284862,12,,,1,30,,284863,15,0,31 38 9,1,70,,284864,12,,,1,30,,284865,15,0,31 38 9,1,75,,284866,12,,,1,30,,284867,15,0,31 38 9,1,70,,284868,12,,,1,30,,284869,15,0,31 38 9,1,70,,284870,12,,,1,30,,284871,15,0,31 38 9,1,70,,284872,12,,,1,30,,284873,12,,,1,60,,284874,12,,,1,20,,284875,12,,,1,20,,284876,15,0,31 38 9,1,60,,284877,12,,,1,20,,284878,12,,,1,20,,284879,12,,,1,60,,284880,12,,,1,20,,284881,12,,,1,20,,284882,15,0,31 38 9,1,60,,284883,12,,,1,20,,284884,12,,,1,15,,284885,15,0,31 38 9,1,60,,284886,12,,,1,20,,284887,12,,,1,20,,284888,12,,,1,70,,284889,12,,,1,30,,284890,15,0,31 38 9,1,95,,284891,12,,,1,100,,284892,15,0,31 38 9,1,100,,284893,12,,,1,95,,284894,15,0,31 38 9,1,200,,284895,15,0,31 38 9,1
4001,'20260928',538,,284896,15,0,31 38 9,1,105,,284897,15,0,31 38 9,1,72,,284898,12,,,1,30,,284899,15,0,31 38 9,1,60,,284900,12,,,1,18,,284901,12,,,1,15,,284902,12,,,1,15,,284903,12,,,1,60,,284904,16,0,37 38 9,1,5,,284905,12,,,1,22,,284906,12,,,1,65,,284907,16,0,37 38 9,1,5,,284908,12,,,1,20,,284909,12,,,1,70,,284910,16,0,37 38 9,1,20,,284911,15,0,31 38 9,1,25,,284912,12,,,1,75,,284913,15,0,31 38 9,1,30,,284914,13,0,52 38 9,1,60,,284915,15,0,31 38 9,1,35,,284916,12,,,1,70,,284917,12,,,1,40,,284918,13,0,52 38 9,1,50,,284919,12,,,1,28,,284920,15,0,31 38 9,1,23,,284921,12,,,1,67,,284922,12,,,1,20,,284923,12,,,1,65,,284925,15,0,31 38 9,1,15,,284924,13,0,52 38 9,1,15,,284926,12,,,1,15,,284927,12,,,1,50,,284928,12,,,1,20,,284929,16,0,37 38 9,1,5,,284930,12,,,1,10,,284931,12,,,1,15,,284932,12,,,1,48,,284934,12,,,1,12,,284933,16,0,37 38 9,1,13,,284935,12,,,1,15,,284936,12,,,1,65,,284937,16,0,37 38 9,1,17,,284938,12,,,1,22,,284939,12,,,1,80,,284940,16,0,37 38 9,1,20,,284941,12,,,1,100,,284942,12,,,1,100,,284943,15,0,31 38 9,1,95,,284944,12,,,1,98,,284945,15,0,31 38 9,1,200,,284946,15,0,31 38 9,1
4001,'20260929',538,,284947,15,0,31 38 9,1,105,,284948,15,0,31 38 9,1,72,,284949,12,,,1,30,,284950,15,0,31 38 9,1,60,,284951,12,,,1,18,,284952,12,,,1,15,,284953,12,,,1,15,,284954,12,,,1,60,,284955,16,0,37 38 9,1,5,,284956,12,,,1,22,,284957,12,,,1,65,,284958,16,0,37 38 9,1,5,,284959,12,,,1,20,,284960,12,,,1,70,,284961,16,0,37 38 9,1,20,,284962,15,0,31 38 9,1,25,,284963,12,,,1,75,,284964,15,0,31 38 9,1,30,,284965,13,0,52 38 9,1,60,,284966,15,0,31 38 9,1,35,,284967,12,,,1,70,,284968,12,,,1,40,,284969,13,0,52 38 9,1,50,,284970,12,,,1,28,,284971,15,0,31 38 9,1,23,,284972,12,,,1,67,,284973,12,,,1,20,,284974,12,,,1,65,,284976,15,0,31 38 9,1,15,,284975,13,0,52 38 9,1,15,,284977,12,,,1,15,,284978,12,,,1,50,,284979,12,,,1,20,,284980,16,0,37 38 9,1,5,,284981,12,,,1,10,,284982,12,,,1,15,,284983,12,,,1,48,,284985,12,,,1,12,,284984,16,0,37 38 9,1,13,,284986,12,,,1,15,,284987,12,,,1,65,,284988,16,0,37 38 9,1,17,,284989,12,,,1,22,,284990,12,,,1,80,,284991,16,0,37 38 9,1,20,,284992,12,,,1,100,,284993,12,,,1,100,,284994,15,0,31 38 9,1,95,,284995,12,,,1,98,,284996,15,0,31 38 9,1,200,,284997,15,0,31 38 9,1
4001,'20260930',538,,284998,15,0,31 38 9,1,105,,284999,15,0,31 38 9,1,72,,285000,12,,,1,30,,285001,15,0,31 38 9,1,60,,285002,12,,,1,18,,285003,12,,,1,15,,285004,12,,,1,15,,285005,12,,,1,60,,285006,16,0,37 38 9,1,5,,285007,12,,,1,22,,285008,12,,,1,65,,285009,16,0,37 38 9,1,5,,285010,12,,,1,20,,285011,12,,,1,70,,285012,16,0,37 38 9,1,20,,285013,15,0,31 38 9,1,25,,285014,12,,,1,75,,285015,15,0,31 38 9,1,30,,285016,13,0,52 38 9,1,60,,285017,15,0,31 38 9,1,35,,285018,12,,,1,70,,285019,12,,,1,40,,285020,13,0,52 38 9,1,50,,285021,12,,,1,28,,285022,15,0,31 38 9,1,23,,285023,12,,,1,67,,285024,12,,,1,20,,285025,12,,,1,65,,285027,15,0,31 38 9,1,15,,285026,13,0,52 38 9,1,15,,285028,12,,,1,15,,285029,12,,,1,50,,285030,12,,,1,20,,285031,16,0,37 38 9,1,5,,285032,12,,,1,10,,285033,12,,,1,15,,285034,12,,,1,48,,285036,12,,,1,12,,285035,16,0,37 38 9,1,13,,285037,12,,,1,15,,285038,12,,,1,65,,285039,16,0,37 38 9,1,17,,285040,12,,,1,22,,285041,12,,,1,80,,285042,16,0,37 38 9,1,20,,285043,12,,,1,100,,285044,12,,,1,100,,285045,15,0,31 38 9,1,95,,285046,12,,,1,98,,285047,15,0,31 38 9,1,200,,285048,15,0,31 38 9,1
4001,'20261001',538,,285049,15,0,31 38 9,1,105,,285050,15,0,31 38 9,1,72,,285051,12,,,1,30,,285052,15,0,31 38 9,1,60,,285053,12,,,1,18,,285054,12,,,1,15,,285055,12,,,1,15,,285056,12,,,1,60,,285057,16,0,37 38 9,1,5,,285058,12,,,1,22,,285059,12,,,1,65,,285060,16,0,37 38 9,1,5,,285061,12,,,1,20,,285062,12,,,1,70,,285063,16,0,37 38 9,1,20,,285064,15,0,31 38 9,1,25,,285065,12,,,1,75,,285066,15,0,31 38 9,1,30,,285067,13,0,52 38 9,1,60,,285068,15,0,31 38 9,1,35,,285069,12,,,1,70,,285070,12,,,1,40,,285071,13,0,52 38 9,1,50,,285072,12,,,1,28,,285073,15,0,31 38 9,1,23,,285074,12,,,1,67,,285075,12,,,1,20,,285076,12,,,1,65,,285078,15,0,31 38 9,1,15,,285077,13,0,52 38 9,1,15,,285079,12,,,1,15,,285080,12,,,1,50,,285081,12,,,1,20,,285082,16,0,37 38 9,1,5,,285083,12,,,1,10,,285084,12,,,1,15,,285085,12,,,1,48,,285087,12,,,1,12,,285086,16,0,37 38 9,1,13,,285088,12,,,1,15,,285089,12,,,1,65,,285090,16,0,37 38 9,1,17,,285091,12,,,1,22,,285092,12,,,1,80,,285093,16,0,37 38 9,1,20,,285094,12,,,1,100,,285095,12,,,1,100,,285096,15,0,31 38 9,1,95,,285097,12,,,1,98,,285098,15,0,31 38 9,1,200,,285099,15,0,31 38 9,1
4001,'20261002',538,,285100,15,0,31 38 9,1,105,,285101,15,0,31 38 9,1,72,,285102,12,,,1,30,,285103,15,0,31 38 9,1,60,,285104,12,,,1,18,,285105,12,,,1,15,,285106,12,,,1,15,,285107,12,,,1,60,,285108,16,0,37 38 9,1,5,,285109,12,,,1,22,,285110,12,,,1,65,,285111,16,0,37 38 9,1,5,,285112,12,,,1,20,,285113,12,,,1,70,,285114,16,0,37 38 9,1,20,,285115,15,0,31 38 9,1,25,,285116,12,,,1,75,,285117,15,0,31 38 9,1,30,,285118,13,0,52 38 9,1,60,,285119,15,0,31 38 9,1,35,,285120,12,,,1,70,,285121,12,,,1,40,,285122,13,0,52 38 9,1,50,,285123,12,,,1,28,,285124,15,0,31 38 9,1,23,,285125,12,,,1,67,,285126,12,,,1,20,,285127,12,,,1,65,,285129,15,0,31 38 9,1,15,,285128,13,0,52 38 9,1,15,,285130,12,,,1,15,,285131,12,,,1,50,,285132,12,,,1,20,,285133,16,0,37 38 9,1,5,,285134,12,,,1,10,,285135,12,,,1,15,,285136,12,,,1,48,,285138,12,,,1,12,,285137,16,0,37 38 9,1,13,,285139,12,,,1,15,,285140,12,,,1,65,,285141,16,0,37 38 9,1,17,,285142,12,,,1,22,,285143,12,,,1,80,,285144,16,0,37 38 9,1,20,,285145,12,,,1,100,,285146,12,,,1,100,,285147,15,0,31 38 9,1,95,,285148,12,,,1,98,,285149,15,0,31 38 9,1,200,,285150,15,0,31 38 9,1
4001,'20261003',538,,285151,15,0,31 38 9,1,200,,285152,15,0,31 38 9,1,105,,285153,12,,,1,75,,285154,12,,,1,30,,285155,15,0,31 38 9,1,70,,285156,12,,,1,30,,285157,15,0,31 38 9,1,70,,285158,12,,,1,30,,285159,15,0,31 38 9,1,75,,285160,12,,,1,30,,285161,15,0,31 38 9,1,70,,285162,12,,,1,30,,285163,15,0,31 38 9,1,70,,285164,12,,,1,30,,285165,15,0,31 38 9,1,70,,285166,12,,,1,30,,285167,12,,,1,60,,285168,12,,,1,20,,285169,12,,,1,20,,285170,15,0,31 38 9,1,60,,285171,12,,,1,20,,285172,12,,,1,20,,285173,12,,,1,60,,285174,12,,,1,20,,285175,12,,,1,20,,285176,15,0,31 38 9,1,60,,285177,12,,,1,20,,285178,12,,,1,15,,285179,15,0,31 38 9,1,60,,285180,12,,,1,20,,285181,12,,,1,20,,285182,12,,,1,70,,285183,12,,,1,30,,285184,15,0,31 38 9,1,95,,285185,12,,,1,100,,285186,15,0,31 38 9,1,100,,285187,12,,,1,95,,285188,15,0,31 38 9,1,200,,285189,15,0,31 38 9,1
4001,'20261004',538,,285190,15,0,31 38 9,1,200,,285191,15,0,31 38 9,1,105,,285192,12,,,1,75,,285193,12,,,1,30,,285194,15,0,31 38 9,1,70,,285195,12,,,1,30,,285196,15,0,31 38 9,1,70,,285197,12,,,1,30,,285198,15,0,31 38 9,1,75,,285199,12,,,1,30,,285200,15,0,31 38 9,1,70,,285201,12,,,1,30,,285202,15,0,31 38 9,1,70,,285203,12,,,1,30,,285204,15,0,31 38 9,1,70,,285205,12,,,1,30,,285206,12,,,1,60,,285207,12,,,1,20,,285208,12,,,1,20,,285209,15,0,31 38 9,1,60,,285210,12,,,1,20,,285211,12,,,1,20,,285212,12,,,1,60,,285213,12,,,1,20,,285214,12,,,1,20,,285215,15,0,31 38 9,1,60,,285216,12,,,1,20,,285217,12,,,1,15,,285218,15,0,31 38 9,1,60,,285219,12,,,1,20,,285220,12,,,1,20,,285221,12,,,1,70,,285222,12,,,1,30,,285223,15,0,31 38 9,1,95,,285224,12,,,1,100,,285225,15,0,31 38 9,1,100,,285226,12,,,1,95,,285227,15,0,31 38 9,1,200,,285228,15,0,31 38 9,1
4001,'20261005',538,,285229,15,0,31 38 9,1,105,,285230,15,0,31 38 9,1,72,,285231,12,,,1,30,,285232,15,0,31 38 9,1,60,,285233,12,,,1,18,,285234,12,,,1,15,,285235,12,,,1,15,,285236,12,,,1,60,,285237,16,0,37 38 9,1,5,,285238,12,,,1,22,,285239,12,,,1,65,,285240,16,0,37 38 9,1,5,,285241,12,,,1,20,,285242,12,,,1,70,,285243,16,0,37 38 9,1,20,,285244,15,0,31 38 9,1,25,,285245,12,,,1,75,,285246,15,0,31 38 9,1,30,,285247,13,0,52 38 9,1,60,,285248,15,0,31 38 9,1,35,,285249,12,,,1,70,,285250,12,,,1,40,,285251,13,0,52 38 9,1,50,,285252,12,,,1,28,,285253,15,0,31 38 9,1,23,,285254,12,,,1,67,,285255,12,,,1,20,,285256,12,,,1,65,,285258,15,0,31 38 9,1,15,,285257,13,0,52 38 9,1,15,,285259,12,,,1,15,,285260,12,,,1,50,,285261,12,,,1,20,,285262,16,0,37 38 9,1,5,,285263,12,,,1,10,,285264,12,,,1,15,,285265,12,,,1,48,,285267,12,,,1,12,,285266,16,0,37 38 9,1,13,,285268,12,,,1,15,,285269,12,,,1,65,,285270,16,0,37 38 9,1,17,,285271,12,,,1,22,,285272,12,,,1,80,,285273,16,0,37 38 9,1,20,,285274,12,,,1,100,,285275,12,,,1,100,,285276,15,0,31 38 9,1,95,,285277,12,,,1,98,,285278,15,0,31 38 9,1,200,,285279,15,0,31 38 9,1
4001,'20261006',538,,285280,15,0,31 38 9,1,105,,285281,15,0,31 38 9,1,72,,285282,12,,,1,30,,285283,15,0,31 38 9,1,60,,285284,12,,,1,18,,285285,12,,,1,15,,285286,12,,,1,15,,285287,12,,,1,60,,285288,16,0,37 38 9,1,5,,285289,12,,,1,22,,285290,12,,,1,65,,285291,16,0,37 38 9,1,5,,285292,12,,,1,20,,285293,12,,,1,70,,285294,16,0,37 38 9,1,20,,285295,15,0,31 38 9,1,25,,285296,12,,,1,75,,285297,15,0,31 38 9,1,30,,285298,13,0,52 38 9,1,60,,285299,15,0,31 38 9,1,35,,285300,12,,,1,70,,285301,12,,,1,40,,285302,13,0,52 38 9,1,50,,285303,12,,,1,28,,285304,15,0,31 38 9,1,23,,285305,12,,,1,67,,285306,12,,,1,20,,285307,12,,,1,65,,285309,15,0,31 38 9,1,15,,285308,13,0,52 38 9,1,15,,285310,12,,,1,15,,285311,12,,,1,50,,285312,12,,,1,20,,285313,16,0,37 38 9,1,5,,285314,12,,,1,10,,285315,12,,,1,15,,285316,12,,,1,48,,285318,12,,,1,12,,285317,16,0,37 38 9,1,13,,285319,12,,,1,15,,285320,12,,,1,65,,285321,16,0,37 38 9,1,17,,285322,12,,,1,22,,285323,12,,,1,80,,285324,16,0,37 38 9,1,20,,285325,12,,,1,100,,285326,12,,,1,100,,285327,15,0,31 38 9,1,95,,285328,12,,,1,98,,285329,15,0,31 38 9,1,200,,285330,15,0,31 38 9,1
4001,'20261007',538,,285331,15,0,31 38 9,1,105,,285332,15,0,31 38 9,1,72,,285333,12,,,1,30,,285334,15,0,31 38 9,1,60,,285335,12,,,1,18,,285336,12,,,1,15,,285337,12,,,1,15,,285338,12,,,1,60,,285339,16,0,37 38 9,1,5,,285340,12,,,1,22,,285341,12,,,1,65,,285342,16,0,37 38 9,1,5,,285343,12,,,1,20,,285344,12,,,1,70,,285345,16,0,37 38 9,1,20,,285346,15,0,31 38 9,1,25,,285347,12,,,1,75,,285348,15,0,31 38 9,1,30,,285349,13,0,52 38 9,1,60,,285350,15,0,31 38 9,1,35,,285351,12,,,1,70,,285352,12,,,1,40,,285353,13,0,52 38 9,1,50,,285354,12,,,1,28,,285355,15,0,31 38 9,1,23,,285356,12,,,1,67,,285357,12,,,1,20,,285358,12,,,1,65,,285360,15,0,31 38 9,1,15,,285359,13,0,52 38 9,1,15,,285361,12,,,1,15,,285362,12,,,1,50,,285363,12,,,1,20,,285364,16,0,37 38 9,1,5,,285365,12,,,1,10,,285366,12,,,1,15,,285367,12,,,1,48,,285369,12,,,1,12,,285368,16,0,37 38 9,1,13,,285370,12,,,1,15,,285371,12,,,1,65,,285372,16,0,37 38 9,1,17,,285373,12,,,1,22,,285374,12,,,1,80,,285375,16,0,37 38 9,1,20,,285376,12,,,1,100,,285377,12,,,1,100,,285378,15,0,31 38 9,1,95,,285379,12,,,1,98,,285380,15,0,31 38 9,1,200,,285381,15,0,31 38 9,1
4001,'20261008',538,,285382,15,0,31 38 9,1,105,,285383,15,0,31 38 9,1,72,,285384,12,,,1,30,,285385,15,0,31 38 9,1,60,,285386,12,,,1,18,,285387,12,,,1,15,,285388,12,,,1,15,,285389,12,,,1,60,,285390,16,0,37 38 9,1,5,,285391,12,,,1,22,,285392,12,,,1,65,,285393,16,0,37 38 9,1,5,,285394,12,,,1,20,,285395,12,,,1,70,,285396,16,0,37 38 9,1,20,,285397,15,0,31 38 9,1,25,,285398,12,,,1,75,,285399,15,0,31 38 9,1,30,,285400,13,0,52 38 9,1,60,,285401,15,0,31 38 9,1,35,,285402,12,,,1,70,,285403,12,,,1,40,,285404,13,0,52 38 9,1,50,,285405,12,,,1,28,,285406,15,0,31 38 9,1,23,,285407,12,,,1,67,,285408,12,,,1,20,,285409,12,,,1,65,,285411,15,0,31 38 9,1,15,,285410,13,0,52 38 9,1,15,,285412,12,,,1,15,,285413,12,,,1,50,,285414,12,,,1,20,,285415,16,0,37 38 9,1,5,,285416,12,,,1,10,,285417,12,,,1,15,,285418,12,,,1,48,,285420,12,,,1,12,,285419,16,0,37 38 9,1,13,,285421,12,,,1,15,,285422,12,,,1,65,,285423,16,0,37 38 9,1,17,,285424,12,,,1,22,,285425,12,,,1,80,,285426,16,0,37 38 9,1,20,,285427,12,,,1,100,,285428,12,,,1,100,,285429,15,0,31 38 9,1,95,,285430,12,,,1,98,,285431,15,0,31 38 9,1,200,,285432,15,0,31 38 9,1
4001,'20261009',538,,285433,15,0,31 38 9,1,105,,285434,15,0,31 38 9,1,72,,285435,12,,,1,30,,285436,15,0,31 38 9,1,60,,285437,12,,,1,18,,285438,12,,,1,15,,285439,12,,,1,15,,285440,12,,,1,60,,285441,16,0,37 38 9,1,5,,285442,12,,,1,22,,285443,12,,,1,65,,285444,16,0,37 38 9,1,5,,285445,12,,,1,20,,285446,12,,,1,70,,285447,16,0,37 38 9,1,20,,285448,15,0,31 38 9,1,25,,285449,12,,,1,75,,285450,15,0,31 38 9,1,30,,285451,13,0,52 38 9,1,60,,285452,15,0,31 38 9,1,35,,285453,12,,,1,70,,285454,12,,,1,40,,285455,13,0,52 38 9,1,50,,285456,12,,,1,28,,285457,15,0,31 38 9,1,23,,285458,12,,,1,67,,285459,12,,,1,20,,285460,12,,,1,65,,285462,15,0,31 38 9,1,15,,285461,13,0,52 38 9,1,15,,285463,12,,,1,15,,285464,12,,,1,50,,285465,12,,,1,20,,285466,16,0,37 38 9,1,5,,285467,12,,,1,10,,285468,12,,,1,15,,285469,12,,,1,48,,285471,12,,,1,12,,285470,16,0,37 38 9,1,13,,285472,12,,,1,15,,285473,12,,,1,65,,285474,16,0,37 38 9,1,17,,285475,12,,,1,22,,285476,12,,,1,80,,285477,16,0,37 38 9,1,20,,285478,12,,,1,100,,285479,12,,,1,100,,285480,15,0,31 38 9,1,95,,285481,12,,,1,98,,285482,15,0,31 38 9,1,200,,285483,15,0,31 38 9,1
4001,'20261010',538,,285484,15,0,31 38 9,1,200,,285485,15,0,31 38 9,1,105,,285486,12,,,1,75,,285487,12,,,1,30,,285488,15,0,31 38 9,1,70,,285489,12,,,1,30,,285490,15,0,31 38 9,1,70,,285491,12,,,1,30,,285492,15,0,31 38 9,1,75,,285493,12,,,1,30,,285494,15,0,31 38 9,1,70,,285495,12,,,1,30,,285496,15,0,31 38 9,1,70,,285497,12,,,1,30,,285498,15,0,31 38 9,1,70,,285499,12,,,1,30,,285500,12,,,1,60,,285501,12,,,1,20,,285502,12,,,1,20,,285503,15,0,31 38 9,1,60,,285504,12,,,1,20,,285505,12,,,1,20,,285506,12,,,1,60,,285507,12,,,1,20,,285508,12,,,1,20,,285509,15,0,31 38 9,1,60,,285510,12,,,1,20,,285511,12,,,1,15,,285512,15,0,31 38 9,1,60,,285513,12,,,1,20,,285514,12,,,1,20,,285515,12,,,1,70,,285516,12,,,1,30,,285517,15,0,31 38 9,1,95,,285518,12,,,1,100,,285519,15,0,31 38 9,1,100,,285520,12,,,1,95,,285521,15,0,31 38 9,1,200,,285522,15,0,31 38 9,1
4001,'20261011',538,,285523,15,0,31 38 9,1,200,,285524,15,0,31 38 9,1,105,,285525,12,,,1,75,,285526,12,,,1,30,,285527,15,0,31 38 9,1,70,,285528,12,,,1,30,,285529,15,0,31 38 9,1,70,,285530,12,,,1,30,,285531,15,0,31 38 9,1,75,,285532,12,,,1,30,,285533,15,0,31 38 9,1,70,,285534,12,,,1,30,,285535,15,0,31 38 9,1,70,,285536,12,,,1,30,,285537,15,0,31 38 9,1,70,,285538,12,,,1,30,,285539,12,,,1,60,,285540,12,,,1,20,,285541,12,,,1,20,,285542,15,0,31 38 9,1,60,,285543,12,,,1,20,,285544,12,,,1,20,,285545,12,,,1,60,,285546,12,,,1,20,,285547,12,,,1,20,,285548,15,0,31 38 9,1,60,,285549,12,,,1,20,,285550,12,,,1,15,,285551,15,0,31 38 9,1,60,,285552,12,,,1,20,,285553,12,,,1,20,,285554,12,,,1,70,,285555,12,,,1,30,,285556,15,0,31 38 9,1,95,,285557,12,,,1,100,,285558,15,0,31 38 9,1,100,,285559,12,,,1,95,,285560,15,0,31 38 9,1,200,,285561,15,0,31 38 9,1
4001,'20261012',538,,285562,15,0,31 38 9,1,200,,285563,15,0,31 38 9,1,105,,285564,12,,,1,75,,285565,12,,,1,30,,285566,15,0,31 38 9,1,70,,285567,12,,,1,30,,285568,15,0,31 38 9,1,70,,285569,12,,,1,30,,285570,15,0,31 38 9,1,75,,285571,12,,,1,30,,285572,15,0,31 38 9,1,70,,285573,12,,,1,30,,285574,15,0,31 38 9,1,70,,285575,12,,,1,30,,285576,15,0,31 38 9,1,70,,285577,12,,,1,30,,285578,12,,,1,60,,285579,12,,,1,20,,285580,12,,,1,20,,285581,15,0,31 38 9,1,60,,285582,12,,,1,20,,285583,12,,,1,20,,285584,12,,,1,60,,285585,12,,,1,20,,285586,12,,,1,20,,285587,15,0,31 38 9,1,60,,285588,12,,,1,20,,285589,12,,,1,15,,285590,15,0,31 38 9,1,60,,285591,12,,,1,20,,285592,12,,,1,20,,285593,12,,,1,70,,285594,12,,,1,30,,285595,15,0,31 38 9,1,95,,285596,12,,,1,100,,285597,15,0,31 38 9,1,100,,285598,12,,,1,95,,285599,15,0,31 38 9,1,200,,285600,15,0,31 38 9,1
4001,'20261013',538,,285601,15,0,31 38 9,1,105,,285602,15,0,31 38 9,1,72,,285603,12,,,1,30,,285604,15,0,31 38 9,1,60,,285605,12,,,1,18,,285606,12,,,1,15,,285607,12,,,1,15,,285608,12,,,1,60,,285609,16,0,37 38 9,1,5,,285610,12,,,1,22,,285611,12,,,1,65,,285612,16,0,37 38 9,1,5,,285613,12,,,1,20,,285614,12,,,1,70,,285615,16,0,37 38 9,1,20,,285616,15,0,31 38 9,1,25,,285617,12,,,1,75,,285618,15,0,31 38 9,1,30,,285619,13,0,52 38 9,1,60,,285620,15,0,31 38 9,1,35,,285621,12,,,1,70,,285622,12,,,1,40,,285623,13,0,52 38 9,1,50,,285624,12,,,1,28,,285625,15,0,31 38 9,1,23,,285626,12,,,1,67,,285627,12,,,1,20,,285628,12,,,1,65,,285630,15,0,31 38 9,1,15,,285629,13,0,52 38 9,1,15,,285631,12,,,1,15,,285632,12,,,1,50,,285633,12,,,1,20,,285634,16,0,37 38 9,1,5,,285635,12,,,1,10,,285636,12,,,1,15,,285637,12,,,1,48,,285639,12,,,1,12,,285638,16,0,37 38 9,1,13,,285640,12,,,1,15,,285641,12,,,1,65,,285642,16,0,37 38 9,1,17,,285643,12,,,1,22,,285644,12,,,1,80,,285645,16,0,37 38 9,1,20,,285646,12,,,1,100,,285647,12,,,1,100,,285648,15,0,31 38 9,1,95,,285649,12,,,1,98,,285650,15,0,31 38 9,1,200,,285651,15,0,31 38 9,1
4001,'20261014',538,,285652,15,0,31 38 9,1,105,,285653,15,0,31 38 9,1,72,,285654,12,,,1,30,,285655,15,0,31 38 9,1,60,,285656,12,,,1,18,,285657,12,,,1,15,,285658,12,,,1,15,,285659,12,,,1,60,,285660,16,0,37 38 9,1,5,,285661,12,,,1,22,,285662,12,,,1,65,,285663,16,0,37 38 9,1,5,,285664,12,,,1,20,,285665,12,,,1,70,,285666,16,0,37 38 9,1,20,,285667,15,0,31 38 9,1,25,,285668,12,,,1,75,,285669,15,0,31 38 9,1,30,,285670,13,0,52 38 9,1,60,,285671,15,0,31 38 9,1,35,,285672,12,,,1,70,,285673,12,,,1,40,,285674,13,0,52 38 9,1,50,,285675,12,,,1,28,,285676,15,0,31 38 9,1,23,,285677,12,,,1,67,,285678,12,,,1,20,,285679,12,,,1,65,,285681,15,0,31 38 9,1,15,,285680,13,0,52 38 9,1,15,,285682,12,,,1,15,,285683,12,,,1,50,,285684,12,,,1,20,,285685,16,0,37 38 9,1,5,,285686,12,,,1,10,,285687,12,,,1,15,,285688,12,,,1,48,,285690,12,,,1,12,,285689,16,0,37 38 9,1,13,,285691,12,,,1,15,,285692,12,,,1,65,,285693,16,0,37 38 9,1,17,,285694,12,,,1,22,,285695,12,,,1,80,,285696,16,0,37 38 9,1,20,,285697,12,,,1,100,,285698,12,,,1,100,,285699,15,0,31 38 9,1,95,,285700,12,,,1,98,,285701,15,0,31 38 9,1,200,,285702,15,0,31 38 9,1
4001,'20261015',538,,285703,15,0,31 38 9,1,105,,285704,15,0,31 38 9,1,72,,285705,12,,,1,30,,285706,15,0,31 38 9,1,60,,285707,12,,,1,18,,285708,12,,,1,15,,285709,12,,,1,15,,285710,12,,,1,60,,285711,16,0,37 38 9,1,5,,285712,12,,,1,22,,285713,12,,,1,65,,285714,16,0,37 38 9,1,5,,285715,12,,,1,20,,285716,12,,,1,70,,285717,16,0,37 38 9,1,20,,285718,15,0,31 38 9,1,25,,285719,12,,,1,75,,285720,15,0,31 38 9,1,30,,285721,13,0,52 38 9,1,60,,285722,15,0,31 38 9,1,35,,285723,12,,,1,70,,285724,12,,,1,40,,285725,13,0,52 38 9,1,50,,285726,12,,,1,28,,285727,15,0,31 38 9,1,23,,285728,12,,,1,67,,285729,12,,,1,20,,285730,12,,,1,65,,285732,15,0,31 38 9,1,15,,285731,13,0,52 38 9,1,15,,285733,12,,,1,15,,285734,12,,,1,50,,285735,12,,,1,20,,285736,16,0,37 38 9,1,5,,285737,12,,,1,10,,285738,12,,,1,15,,285739,12,,,1,48,,285741,12,,,1,12,,285740,16,0,37 38 9,1,13,,285742,12,,,1,15,,285743,12,,,1,65,,285744,16,0,37 38 9,1,17,,285745,12,,,1,22,,285746,12,,,1,80,,285747,16,0,37 38 9,1,20,,285748,12,,,1,100,,285749,12,,,1,100,,285750,15,0,31 38 9,1,95,,285751,12,,,1,98,,285752,15,0,31 38 9,1,200,,285753,15,0,31 38 9,1
4001,'20261016',538,,285754,15,0,31 38 9,1,105,,285755,15,0,31 38 9,1,72,,285756,12,,,1,30,,285757,15,0,31 38 9,1,60,,285758,12,,,1,18,,285759,12,,,1,15,,285760,12,,,1,15,,285761,12,,,1,60,,285762,16,0,37 38 9,1,5,,285763,12,,,1,22,,285764,12,,,1,65,,285765,16,0,37 38 9,1,5,,285766,12,,,1,20,,285767,12,,,1,70,,285768,16,0,37 38 9,1,20,,285769,15,0,31 38 9,1,25,,285770,12,,,1,75,,285771,15,0,31 38 9,1,30,,285772,13,0,52 38 9,1,60,,285773,15,0,31 38 9,1,35,,285774,12,,,1,70,,285775,12,,,1,40,,285776,13,0,52 38 9,1,50,,285777,12,,,1,28,,285778,15,0,31 38 9,1,23,,285779,12,,,1,67,,285780,12,,,1,20,,285781,12,,,1,65,,285783,15,0,31 38 9,1,15,,285782,13,0,52 38 9,1,15,,285784,12,,,1,15,,285785,12,,,1,50,,285786,12,,,1,20,,285787,16,0,37 38 9,1,5,,285788,12,,,1,10,,285789,12,,,1,15,,285790,12,,,1,48,,285792,12,,,1,12,,285791,16,0,37 38 9,1,13,,285793,12,,,1,15,,285794,12,,,1,65,,285795,16,0,37 38 9,1,17,,285796,12,,,1,22,,285797,12,,,1,80,,285798,16,0,37 38 9,1,20,,285799,12,,,1,100,,285800,12,,,1,100,,285801,15,0,31 38 9,1,95,,285802,12,,,1,98,,285803,15,0,31 38 9,1,200,,285804,15,0,31 38 9,1
4001,'20261017',538,,285805,15,0,31 38 9,1,200,,285806,15,0,31 38 9,1,105,,285807,12,,,1,75,,285808,12,,,1,30,,285809,15,0,31 38 9,1,70,,285810,12,,,1,30,,285811,15,0,31 38 9,1,70,,285812,12,,,1,30,,285813,15,0,31 38 9,1,75,,285814,12,,,1,30,,285815,15,0,31 38 9,1,70,,285816,12,,,1,30,,285817,15,0,31 38 9,1,70,,285818,12,,,1,30,,285819,15,0,31 38 9,1,70,,285820,12,,,1,30,,285821,12,,,1,60,,285822,12,,,1,20,,285823,12,,,1,20,,285824,15,0,31 38 9,1,60,,285825,12,,,1,20,,285826,12,,,1,20,,285827,12,,,1,60,,285828,12,,,1,20,,285829,12,,,1,20,,285830,15,0,31 38 9,1,60,,285831,12,,,1,20,,285832,12,,,1,15,,285833,15,0,31 38 9,1,60,,285834,12,,,1,20,,285835,12,,,1,20,,285836,12,,,1,70,,285837,12,,,1,30,,285838,15,0,31 38 9,1,95,,285839,12,,,1,100,,285840,15,0,31 38 9,1,100,,285841,12,,,1,95,,285842,15,0,31 38 9,1,200,,285843,15,0,31 38 9,1
4001,'20261018',538,,285844,15,0,31 38 9,1,200,,285845,15,0,31 38 9,1,105,,285846,12,,,1,75,,285847,12,,,1,30,,285848,15,0,31 38 9,1,70,,285849,12,,,1,30,,285850,15,0,31 38 9,1,70,,285851,12,,,1,30,,285852,15,0,31 38 9,1,75,,285853,12,,,1,30,,285854,15,0,31 38 9,1,70,,285855,12,,,1,30,,285856,15,0,31 38 9,1,70,,285857,12,,,1,30,,285858,15,0,31 38 9,1,70,,285859,12,,,1,30,,285860,12,,,1,60,,285861,12,,,1,20,,285862,12,,,1,20,,285863,15,0,31 38 9,1,60,,285864,12,,,1,20,,285865,12,,,1,20,,285866,12,,,1,60,,285867,12,,,1,20,,285868,12,,,1,20,,285869,15,0,31 38 9,1,60,,285870,12,,,1,20,,285871,12,,,1,15,,285872,15,0,31 38 9,1,60,,285873,12,,,1,20,,285874,12,,,1,20,,285875,12,,,1,70,,285876,12,,,1,30,,285877,15,0,31 38 9,1,95,,285878,12,,,1,100,,285879,15,0,31 38 9,1,100,,285880,12,,,1,95,,285881,15,0,31 38 9,1,200,,285882,15,0,31 38 9,1
4001,'20261019',538,,285883,15,0,31 38 9,1,105,,285884,15,0,31 38 9,1,72,,285885,12,,,1,30,,285886,15,0,31 38 9,1,60,,285887,12,,,1,18,,285888,12,,,1,15,,285889,12,,,1,15,,285890,12,,,1,60,,285891,16,0,37 38 9,1,5,,285892,12,,,1,22,,285893,12,,,1,65,,285894,16,0,37 38 9,1,5,,285895,12,,,1,20,,285896,12,,,1,70,,285897,16,0,37 38 9,1,20,,285898,15,0,31 38 9,1,25,,285899,12,,,1,75,,285900,15,0,31 38 9,1,30,,285901,13,0,52 38 9,1,60,,285902,15,0,31 38 9,1,35,,285903,12,,,1,70,,285904,12,,,1,40,,285905,13,0,52 38 9,1,50,,285906,12,,,1,28,,285907,15,0,31 38 9,1,23,,285908,12,,,1,67,,285909,12,,,1,20,,285910,12,,,1,65,,285912,15,0,31 38 9,1,15,,285911,13,0,52 38 9,1,15,,285913,12,,,1,15,,285914,12,,,1,50,,285915,12,,,1,20,,285916,16,0,37 38 9,1,5,,285917,12,,,1,10,,285918,12,,,1,15,,285919,12,,,1,48,,285921,12,,,1,12,,285920,16,0,37 38 9,1,13,,285922,12,,,1,15,,285923,12,,,1,65,,285924,16,0,37 38 9,1,17,,285925,12,,,1,22,,285926,12,,,1,80,,285927,16,0,37 38 9,1,20,,285928,12,,,1,100,,285929,12,,,1,100,,285930,15,0,31 38 9,1,95,,285931,12,,,1,98,,285932,15,0,31 38 9,1,200,,285933,15,0,31 38 9,1
4001,'20261020',538,,285934,15,0,31 38 9,1,105,,285935,15,0,31 38 9,1,72,,285936,12,,,1,30,,285937,15,0,31 38 9,1,60,,285938,12,,,1,18,,285939,12,,,1,15,,285940,12,,,1,15,,285941,12,,,1,60,,285942,16,0,37 38 9,1,5,,285943,12,,,1,22,,285944,12,,,1,65,,285945,16,0,37 38 9,1,5,,285946,12,,,1,20,,285947,12,,,1,70,,285948,16,0,37 38 9,1,20,,285949,15,0,31 38 9,1,25,,285950,12,,,1,75,,285951,15,0,31 38 9,1,30,,285952,13,0,52 38 9,1,60,,285953,15,0,31 38 9,1,35,,285954,12,,,1,70,,285955,12,,,1,40,,285956,13,0,52 38 9,1,50,,285957,12,,,1,28,,285958,15,0,31 38 9,1,23,,285959,12,,,1,67,,285960,12,,,1,20,,285961,12,,,1,65,,285963,15,0,31 38 9,1,15,,285962,13,0,52 38 9,1,15,,285964,12,,,1,15,,285965,12,,,1,50,,285966,12,,,1,20,,285967,16,0,37 38 9,1,5,,285968,12,,,1,10,,285969,12,,,1,15,,285970,12,,,1,48,,285972,12,,,1,12,,285971,16,0,37 38 9,1,13,,285973,12,,,1,15,,285974,12,,,1,65,,285975,16,0,37 38 9,1,17,,285976,12,,,1,22,,285977,12,,,1,80,,285978,16,0,37 38 9,1,20,,285979,12,,,1,100,,285980,12,,,1,100,,285981,15,0,31 38 9,1,95,,285982,12,,,1,98,,285983,15,0,31 38 9,1,200,,285984,15,0,31 38 9,1
4001,'20261021',538,,285985,15,0,31 38 9,1,105,,285986,15,0,31 38 9,1,72,,285987,12,,,1,30,,285988,15,0,31 38 9,1,60,,285989,12,,,1,18,,285990,12,,,1,15,,285991,12,,,1,15,,285992,12,,,1,60,,285993,16,0,37 38 9,1,5,,285994,12,,,1,22,,285995,12,,,1,65,,285996,16,0,37 38 9,1,5,,285997,12,,,1,20,,285998,12,,,1,70,,285999,16,0,37 38 9,1,20,,286000,15,0,31 38 9,1,25,,286001,12,,,1,75,,286002,15,0,31 38 9,1,30,,286003,13,0,52 38 9,1,60,,286004,15,0,31 38 9,1,35,,286005,12,,,1,70,,286006,12,,,1,40,,286007,13,0,52 38 9,1,50,,286008,12,,,1,28,,286009,15,0,31 38 9,1,23,,286010,12,,,1,67,,286011,12,,,1,20,,286012,12,,,1,65,,286014,15,0,31 38 9,1,15,,286013,13,0,52 38 9,1,15,,286015,12,,,1,15,,286016,12,,,1,50,,286017,12,,,1,20,,286018,16,0,37 38 9,1,5,,286019,12,,,1,10,,286020,12,,,1,15,,286021,12,,,1,48,,286023,12,,,1,12,,286022,16,0,37 38 9,1,13,,286024,12,,,1,15,,286025,12,,,1,65,,286026,16,0,37 38 9,1,17,,286027,12,,,1,22,,286028,12,,,1,80,,286029,16,0,37 38 9,1,20,,286030,12,,,1,100,,286031,12,,,1,100,,286032,15,0,31 38 9,1,95,,286033,12,,,1,98,,286034,15,0,31 38 9,1,200,,286035,15,0,31 38 9,1
4001,'20261022',538,,286036,15,0,31 38 9,1,105,,286037,15,0,31 38 9,1,72,,286038,12,,,1,30,,286039,15,0,31 38 9,1,60,,286040,12,,,1,18,,286041,12,,,1,15,,286042,12,,,1,15,,286043,12,,,1,60,,286044,16,0,37 38 9,1,5,,286045,12,,,1,22,,286046,12,,,1,65,,286047,16,0,37 38 9,1,5,,286048,12,,,1,20,,286049,12,,,1,70,,286050,16,0,37 38 9,1,20,,286051,15,0,31 38 9,1,25,,286052,12,,,1,75,,286053,15,0,31 38 9,1,30,,286054,13,0,52 38 9,1,60,,286055,15,0,31 38 9,1,35,,286056,12,,,1,70,,286057,12,,,1,40,,286058,13,0,52 38 9,1,50,,286059,12,,,1,28,,286060,15,0,31 38 9,1,23,,286061,12,,,1,67,,286062,12,,,1,20,,286063,12,,,1,65,,286065,15,0,31 38 9,1,15,,286064,13,0,52 38 9,1,15,,286066,12,,,1,15,,286067,12,,,1,50,,286068,12,,,1,20,,286069,16,0,37 38 9,1,5,,286070,12,,,1,10,,286071,12,,,1,15,,286072,12,,,1,48,,286074,12,,,1,12,,286073,16,0,37 38 9,1,13,,286075,12,,,1,15,,286076,12,,,1,65,,286077,16,0,37 38 9,1,17,,286078,12,,,1,22,,286079,12,,,1,80,,286080,16,0,37 38 9,1,20,,286081,12,,,1,100,,286082,12,,,1,100,,286083,15,0,31 38 9,1,95,,286084,12,,,1,98,,286085,15,0,31 38 9,1,200,,286086,15,0,31 38 9,1
4001,'20261023',538,,286087,15,0,31 38 9,1,105,,286088,15,0,31 38 9,1,72,,286089,12,,,1,30,,286090,15,0,31 38 9,1,60,,286091,12,,,1,18,,286092,12,,,1,15,,286093,12,,,1,15,,286094,12,,,1,60,,286095,16,0,37 38 9,1,5,,286096,12,,,1,22,,286097,12,,,1,65,,286098,16,0,37 38 9,1,5,,286099,12,,,1,20,,286100,12,,,1,70,,286101,16,0,37 38 9,1,20,,286102,15,0,31 38 9,1,25,,286103,12,,,1,75,,286104,15,0,31 38 9,1,30,,286105,13,0,52 38 9,1,60,,286106,15,0,31 38 9,1,35,,286107,12,,,1,70,,286108,12,,,1,40,,286109,13,0,52 38 9,1,50,,286110,12,,,1,28,,286111,15,0,31 38 9,1,23,,286112,12,,,1,67,,286113,12,,,1,20,,286114,12,,,1,65,,286116,15,0,31 38 9,1,15,,286115,13,0,52 38 9,1,15,,286117,12,,,1,15,,286118,12,,,1,50,,286119,12,,,1,20,,286120,16,0,37 38 9,1,5,,286121,12,,,1,10,,286122,12,,,1,15,,286123,12,,,1,48,,286125,12,,,1,12,,286124,16,0,37 38 9,1,13,,286126,12,,,1,15,,286127,12,,,1,65,,286128,16,0,37 38 9,1,17,,286129,12,,,1,22,,286130,12,,,1,80,,286131,16,0,37 38 9,1,20,,286132,12,,,1,100,,286133,12,,,1,100,,286134,15,0,31 38 9,1,95,,286135,12,,,1,98,,286136,15,0,31 38 9,1,200,,286137,15,0,31 38 9,1
4001,'20261024',538,,286138,15,0,31 38 9,1,200,,286139,15,0,31 38 9,1,105,,286140,12,,,1,75,,286141,12,,,1,30,,286142,15,0,31 38 9,1,70,,286143,12,,,1,30,,286144,15,0,31 38 9,1,70,,286145,12,,,1,30,,286146,15,0,31 38 9,1,75,,286147,12,,,1,30,,286148,15,0,31 38 9,1,70,,286149,12,,,1,30,,286150,15,0,31 38 9,1,70,,286151,12,,,1,30,,286152,15,0,31 38 9,1,70,,286153,12,,,1,30,,286154,12,,,1,60,,286155,12,,,1,20,,286156,12,,,1,20,,286157,15,0,31 38 9,1,60,,286158,12,,,1,20,,286159,12,,,1,20,,286160,12,,,1,60,,286161,12,,,1,20,,286162,12,,,1,20,,286163,15,0,31 38 9,1,60,,286164,12,,,1,20,,286165,12,,,1,15,,286166,15,0,31 38 9,1,60,,286167,12,,,1,20,,286168,12,,,1,20,,286169,12,,,1,70,,286170,12,,,1,30,,286171,15,0,31 38 9,1,95,,286172,12,,,1,100,,286173,15,0,31 38 9,1,100,,286174,12,,,1,95,,286175,15,0,31 38 9,1,200,,286176,15,0,31 38 9,1
4001,'20261025',538,,286177,15,0,31 38 9,1,200,,286178,15,0,31 38 9,1,105,,286179,12,,,1,75,,286180,12,,,1,30,,286181,15,0,31 38 9,1,70,,286182,12,,,1,30,,286183,15,0,31 38 9,1,70,,286184,12,,,1,30,,286185,15,0,31 38 9,1,75,,286186,12,,,1,30,,286187,15,0,31 38 9,1,70,,286188,12,,,1,30,,286189,15,0,31 38 9,1,70,,286190,12,,,1,30,,286191,15,0,31 38 9,1,70,,286192,12,,,1,30,,286193,12,,,1,60,,286194,12,,,1,20,,286195,12,,,1,20,,286196,15,0,31 38 9,1,60,,286197,12,,,1,20,,286198,12,,,1,20,,286199,12,,,1,60,,286200,12,,,1,20,,286201,12,,,1,20,,286202,15,0,31 38 9,1,60,,286203,12,,,1,20,,286204,12,,,1,15,,286205,15,0,31 38 9,1,60,,286206,12,,,1,20,,286207,12,,,1,20,,286208,12,,,1,70,,286209,12,,,1,30,,286210,15,0,31 38 9,1,95,,286211,12,,,1,100,,286212,15,0,31 38 9,1,100,,286213,12,,,1,95,,286214,15,0,31 38 9,1,200,,286215,15,0,31 38 9,1
4001,'20261026',538,,286216,15,0,31 38 9,1,105,,286217,15,0,31 38 9,1,72,,286218,12,,,1,30,,286219,15,0,31 38 9,1,60,,286220,12,,,1,18,,286221,12,,,1,15,,286222,12,,,1,15,,286223,12,,,1,60,,286224,16,0,37 38 9,1,5,,286225,12,,,1,22,,286226,12,,,1,65,,286227,16,0,37 38 9,1,5,,286228,12,,,1,20,,286229,12,,,1,70,,286230,16,0,37 38 9,1,20,,286231,15,0,31 38 9,1,25,,286232,12,,,1,75,,286233,15,0,31 38 9,1,30,,286234,13,0,52 38 9,1,60,,286235,15,0,31 38 9,1,35,,286236,12,,,1,70,,286237,12,,,1,40,,286238,13,0,52 38 9,1,50,,286239,12,,,1,28,,286240,15,0,31 38 9,1,23,,286241,12,,,1,67,,286242,12,,,1,20,,286243,12,,,1,65,,286245,15,0,31 38 9,1,15,,286244,13,0,52 38 9,1,15,,286246,12,,,1,15,,286247,12,,,1,50,,286248,12,,,1,20,,286249,16,0,37 38 9,1,5,,286250,12,,,1,10,,286251,12,,,1,15,,286252,12,,,1,48,,286254,12,,,1,12,,286253,16,0,37 38 9,1,13,,286255,12,,,1,15,,286256,12,,,1,65,,286257,16,0,37 38 9,1,17,,286258,12,,,1,22,,286259,12,,,1,80,,286260,16,0,37 38 9,1,20,,286261,12,,,1,100,,286262,12,,,1,100,,286263,15,0,31 38 9,1,95,,286264,12,,,1,98,,286265,15,0,31 38 9,1,200,,286266,15,0,31 38 9,1
4001,'20261027',538,,286267,15,0,31 38 9,1,105,,286268,15,0,31 38 9,1,72,,286269,12,,,1,30,,286270,15,0,31 38 9,1,60,,286271,12,,,1,18,,286272,12,,,1,15,,286273,12,,,1,15,,286274,12,,,1,60,,286275,16,0,37 38 9,1,5,,286276,12,,,1,22,,286277,12,,,1,65,,286278,16,0,37 38 9,1,5,,286279,12,,,1,20,,286280,12,,,1,70,,286281,16,0,37 38 9,1,20,,286282,15,0,31 38 9,1,25,,286283,12,,,1,75,,286284,15,0,31 38 9,1,30,,286285,13,0,52 38 9,1,60,,286286,15,0,31 38 9,1,35,,286287,12,,,1,70,,286288,12,,,1,40,,286289,13,0,52 38 9,1,50,,286290,12,,,1,28,,286291,15,0,31 38 9,1,23,,286292,12,,,1,67,,286293,12,,,1,20,,286294,12,,,1,65,,286296,15,0,31 38 9,1,15,,286295,13,0,52 38 9,1,15,,286297,12,,,1,15,,286298,12,,,1,50,,286299,12,,,1,20,,286300,16,0,37 38 9,1,5,,286301,12,,,1,10,,286302,12,,,1,15,,286303,12,,,1,48,,286305,12,,,1,12,,286304,16,0,37 38 9,1,13,,286306,12,,,1,15,,286307,12,,,1,65,,286308,16,0,37 38 9,1,17,,286309,12,,,1,22,,286310,12,,,1,80,,286311,16,0,37 38 9,1,20,,286312,12,,,1,100,,286313,12,,,1,100,,286314,15,0,31 38 9,1,95,,286315,12,,,1,98,,286316,15,0,31 38 9,1,200,,286317,15,0,31 38 9,1
4001,'20261028',538,,286318,15,0,31 38 9,1,105,,286319,15,0,31 38 9,1,72,,286320,12,,,1,30,,286321,15,0,31 38 9,1,60,,286322,12,,,1,18,,286323,12,,,1,15,,286324,12,,,1,15,,286325,12,,,1,60,,286326,16,0,37 38 9,1,5,,286327,12,,,1,22,,286328,12,,,1,65,,286329,16,0,37 38 9,1,5,,286330,12,,,1,20,,286331,12,,,1,70,,286332,16,0,37 38 9,1,20,,286333,15,0,31 38 9,1,25,,286334,12,,,1,75,,286335,15,0,31 38 9,1,30,,286336,13,0,52 38 9,1,60,,286337,15,0,31 38 9,1,35,,286338,12,,,1,70,,286339,12,,,1,40,,286340,13,0,52 38 9,1,50,,286341,12,,,1,28,,286342,15,0,31 38 9,1,23,,286343,12,,,1,67,,286344,12,,,1,20,,286345,12,,,1,65,,286347,15,0,31 38 9,1,15,,286346,13,0,52 38 9,1,15,,286348,12,,,1,15,,286349,12,,,1,50,,286350,12,,,1,20,,286351,16,0,37 38 9,1,5,,286352,12,,,1,10,,286353,12,,,1,15,,286354,12,,,1,48,,286356,12,,,1,12,,286355,16,0,37 38 9,1,13,,286357,12,,,1,15,,286358,12,,,1,65,,286359,16,0,37 38 9,1,17,,286360,12,,,1,22,,286361,12,,,1,80,,286362,16,0,37 38 9,1,20,,286363,12,,,1,100,,286364,12,,,1,100,,286365,15,0,31 38 9,1,95,,286366,12,,,1,98,,286367,15,0,31 38 9,1,200,,286368,15,0,31 38 9,1
4001,'20261029',538,,286369,15,0,31 38 9,1,105,,286370,15,0,31 38 9,1,72,,286371,12,,,1,30,,286372,15,0,31 38 9,1,60,,286373,12,,,1,18,,286374,12,,,1,15,,286375,12,,,1,15,,286376,12,,,1,60,,286377,16,0,37 38 9,1,5,,286378,12,,,1,22,,286379,12,,,1,65,,286380,16,0,37 38 9,1,5,,286381,12,,,1,20,,286382,12,,,1,70,,286383,16,0,37 38 9,1,20,,286384,15,0,31 38 9,1,25,,286385,12,,,1,75,,286386,15,0,31 38 9,1,30,,286387,13,0,52 38 9,1,60,,286388,15,0,31 38 9,1,35,,286389,12,,,1,70,,286390,12,,,1,40,,286391,13,0,52 38 9,1,50,,286392,12,,,1,28,,286393,15,0,31 38 9,1,23,,286394,12,,,1,67,,286395,12,,,1,20,,286396,12,,,1,65,,286398,15,0,31 38 9,1,15,,286397,13,0,52 38 9,1,15,,286399,12,,,1,15,,286400,12,,,1,50,,286401,12,,,1,20,,286402,16,0,37 38 9,1,5,,286403,12,,,1,10,,286404,12,,,1,15,,286405,12,,,1,48,,286407,12,,,1,12,,286406,16,0,37 38 9,1,13,,286408,12,,,1,15,,286409,12,,,1,65,,286410,16,0,37 38 9,1,17,,286411,12,,,1,22,,286412,12,,,1,80,,286413,16,0,37 38 9,1,20,,286414,12,,,1,100,,286415,12,,,1,100,,286416,15,0,31 38 9,1,95,,286417,12,,,1,98,,286418,15,0,31 38 9,1,200,,286419,15,0,31 38 9,1
4001,'20261030',538,,286420,15,0,31 38 9,1,105,,286421,15,0,31 38 9,1,72,,286422,12,,,1,30,,286423,15,0,31 38 9,1,60,,286424,12,,,1,18,,286425,12,,,1,15,,286426,12,,,1,15,,286427,12,,,1,60,,286428,16,0,37 38 9,1,5,,286429,12,,,1,22,,286430,12,,,1,65,,286431,16,0,37 38 9,1,5,,286432,12,,,1,20,,286433,12,,,1,70,,286434,16,0,37 38 9,1,20,,286435,15,0,31 38 9,1,25,,286436,12,,,1,75,,286437,15,0,31 38 9,1,30,,286438,13,0,52 38 9,1,60,,286439,15,0,31 38 9,1,35,,286440,12,,,1,70,,286441,12,,,1,40,,286442,13,0,52 38 9,1,50,,286443,12,,,1,28,,286444,15,0,31 38 9,1,23,,286445,12,,,1,67,,286446,12,,,1,20,,286447,12,,,1,65,,286449,15,0,31 38 9,1,15,,286448,13,0,52 38 9,1,15,,286450,12,,,1,15,,286451,12,,,1,50,,286452,12,,,1,20,,286453,16,0,37 38 9,1,5,,286454,12,,,1,10,,286455,12,,,1,15,,286456,12,,,1,48,,286458,12,,,1,12,,286457,16,0,37 38 9,1,13,,286459,12,,,1,15,,286460,12,,,1,65,,286461,16,0,37 38 9,1,17,,286462,12,,,1,22,,286463,12,,,1,80,,286464,16,0,37 38 9,1,20,,286465,12,,,1,100,,286466,12,,,1,100,,286467,15,0,31 38 9,1,95,,286468,12,,,1,98,,286469,15,0,31 38 9,1,200,,286470,15,0,31 38 9,1
4001,'20261031',538,,286471,15,0,31 38 9,1,200,,286472,15,0,31 38 9,1,105,,286473,12,,,1,75,,286474,12,,,1,30,,286475,15,0,31 38 9,1,70,,286476,12,,,1,30,,286477,15,0,31 38 9,1,70,,286478,12,,,1,30,,286479,15,0,31 38 9,1,75,,286480,12,,,1,30,,286481,15,0,31 38 9,1,70,,286482,12,,,1,30,,286483,15,0,31 38 9,1,70,,286484,12,,,1,30,,286485,15,0,31 38 9,1,70,,286486,12,,,1,30,,286487,12,,,1,60,,286488,12,,,1,20,,286489,12,,,1,20,,286490,15,0,31 38 9,1,60,,286491,12,,,1,20,,286492,12,,,1,20,,286493,12,,,1,60,,286494,12,,,1,20,,286495,12,,,1,20,,286496,15,0,31 38 9,1,60,,286497,12,,,1,20,,286498,12,,,1,15,,286499,15,0,31 38 9,1,60,,286500,12,,,1,20,,286501,12,,,1,20,,286502,12,,,1,70,,286503,12,,,1,30,,286504,15,0,31 38 9,1,95,,286505,12,,,1,100,,286506,15,0,31 38 9,1,100,,286507,12,,,1,95,,286508,15,0,31 38 9,1,200,,286509,15,0,31 38 9,1
4001,'20261101',538,,286510,15,0,31 38 9,1,200,,286511,15,0,31 38 9,1,105,,286512,12,,,1,75,,286513,12,,,1,30,,286514,15,0,31 38 9,1,70,,286515,12,,,1,30,,286516,15,0,31 38 9,1,70,,286517,12,,,1,30,,286518,15,0,31 38 9,1,75,,286519,12,,,1,30,,286520,15,0,31 38 9,1,70,,286521,12,,,1,30,,286522,15,0,31 38 9,1,70,,286523,12,,,1,30,,286524,15,0,31 38 9,1,70,,286525,12,,,1,30,,286526,12,,,1,60,,286527,12,,,1,20,,286528,12,,,1,20,,286529,15,0,31 38 9,1,60,,286530,12,,,1,20,,286531,12,,,1,20,,286532,12,,,1,60,,286533,12,,,1,20,,286534,12,,,1,20,,286535,15,0,31 38 9,1,60,,286536,12,,,1,20,,286537,12,,,1,15,,286538,15,0,31 38 9,1,60,,286539,12,,,1,20,,286540,12,,,1,20,,286541,12,,,1,70,,286542,12,,,1,30,,286543,15,0,31 38 9,1,95,,286544,12,,,1,100,,286545,15,0,31 38 9,1,100,,286546,12,,,1,95,,286547,15,0,31 38 9,1,200,,286548,15,0,31 38 9,1
4001,'20261102',538,,286549,15,0,31 38 9,1,105,,286550,15,0,31 38 9,1,72,,286551,12,,,1,30,,286552,15,0,31 38 9,1,60,,286553,12,,,1,18,,286554,12,,,1,15,,286555,12,,,1,15,,286556,12,,,1,60,,286557,16,0,37 38 9,1,5,,286558,12,,,1,22,,286559,12,,,1,65,,286560,16,0,37 38 9,1,5,,286561,12,,,1,20,,286562,12,,,1,70,,286563,16,0,37 38 9,1,20,,286564,15,0,31 38 9,1,25,,286565,12,,,1,75,,286566,15,0,31 38 9,1,30,,286567,13,0,52 38 9,1,60,,286568,15,0,31 38 9,1,35,,286569,12,,,1,70,,286570,12,,,1,40,,286571,13,0,52 38 9,1,50,,286572,12,,,1,28,,286573,15,0,31 38 9,1,23,,286574,12,,,1,67,,286575,12,,,1,20,,286576,12,,,1,65,,286578,15,0,31 38 9,1,15,,286577,13,0,52 38 9,1,15,,286579,12,,,1,15,,286580,12,,,1,50,,286581,12,,,1,20,,286582,16,0,37 38 9,1,5,,286583,12,,,1,10,,286584,12,,,1,15,,286585,12,,,1,48,,286587,12,,,1,12,,286586,16,0,37 38 9,1,13,,286588,12,,,1,15,,286589,12,,,1,65,,286590,16,0,37 38 9,1,17,,286591,12,,,1,22,,286592,12,,,1,80,,286593,16,0,37 38 9,1,20,,286594,12,,,1,100,,286595,12,,,1,100,,286596,15,0,31 38 9,1,95,,286597,12,,,1,98,,286598,15,0,31 38 9,1,200,,286599,15,0,31 38 9,1
4001,'20261103',538,,286600,15,0,31 38 9,1,105,,286601,15,0,31 38 9,1,72,,286602,12,,,1,30,,286603,15,0,31 38 9,1,60,,286604,12,,,1,18,,286605,12,,,1,15,,286606,12,,,1,15,,286607,12,,,1,60,,286608,16,0,37 38 9,1,5,,286609,12,,,1,22,,286610,12,,,1,65,,286611,16,0,37 38 9,1,5,,286612,12,,,1,20,,286613,12,,,1,70,,286614,16,0,37 38 9,1,20,,286615,15,0,31 38 9,1,25,,286616,12,,,1,75,,286617,15,0,31 38 9,1,30,,286618,13,0,52 38 9,1,60,,286619,15,0,31 38 9,1,35,,286620,12,,,1,70,,286621,12,,,1,40,,286622,13,0,52 38 9,1,50,,286623,12,,,1,28,,286624,15,0,31 38 9,1,23,,286625,12,,,1,67,,286626,12,,,1,20,,286627,12,,,1,65,,286629,15,0,31 38 9,1,15,,286628,13,0,52 38 9,1,15,,286630,12,,,1,15,,286631,12,,,1,50,,286632,12,,,1,20,,286633,16,0,37 38 9,1,5,,286634,12,,,1,10,,286635,12,,,1,15,,286636,12,,,1,48,,286638,12,,,1,12,,286637,16,0,37 38 9,1,13,,286639,12,,,1,15,,286640,12,,,1,65,,286641,16,0,37 38 9,1,17,,286642,12,,,1,22,,286643,12,,,1,80,,286644,16,0,37 38 9,1,20,,286645,12,,,1,100,,286646,12,,,1,100,,286647,15,0,31 38 9,1,95,,286648,12,,,1,98,,286649,15,0,31 38 9,1,200,,286650,15,0,31 38 9,1
4001,'20261104',538,,286651,15,0,31 38 9,1,105,,286652,15,0,31 38 9,1,72,,286653,12,,,1,30,,286654,15,0,31 38 9,1,60,,286655,12,,,1,18,,286656,12,,,1,15,,286657,12,,,1,15,,286658,12,,,1,60,,286659,16,0,37 38 9,1,5,,286660,12,,,1,22,,286661,12,,,1,65,,286662,16,0,37 38 9,1,5,,286663,12,,,1,20,,286664,12,,,1,70,,286665,16,0,37 38 9,1,20,,286666,15,0,31 38 9,1,25,,286667,12,,,1,75,,286668,15,0,31 38 9,1,30,,286669,13,0,52 38 9,1,60,,286670,15,0,31 38 9,1,35,,286671,12,,,1,70,,286672,12,,,1,40,,286673,13,0,52 38 9,1,50,,286674,12,,,1,28,,286675,15,0,31 38 9,1,23,,286676,12,,,1,67,,286677,12,,,1,20,,286678,12,,,1,65,,286680,15,0,31 38 9,1,15,,286679,13,0,52 38 9,1,15,,286681,12,,,1,15,,286682,12,,,1,50,,286683,12,,,1,20,,286684,16,0,37 38 9,1,5,,286685,12,,,1,10,,286686,12,,,1,15,,286687,12,,,1,48,,286689,12,,,1,12,,286688,16,0,37 38 9,1,13,,286690,12,,,1,15,,286691,12,,,1,65,,286692,16,0,37 38 9,1,17,,286693,12,,,1,22,,286694,12,,,1,80,,286695,16,0,37 38 9,1,20,,286696,12,,,1,100,,286697,12,,,1,100,,286698,15,0,31 38 9,1,95,,286699,12,,,1,98,,286700,15,0,31 38 9,1,200,,286701,15,0,31 38 9,1
4001,'20261105',538,,286702,15,0,31 38 9,1,105,,286703,15,0,31 38 9,1,72,,286704,12,,,1,30,,286705,15,0,31 38 9,1,60,,286706,12,,,1,18,,286707,12,,,1,15,,286708,12,,,1,15,,286709,12,,,1,60,,286710,16,0,37 38 9,1,5,,286711,12,,,1,22,,286712,12,,,1,65,,286713,16,0,37 38 9,1,5,,286714,12,,,1,20,,286715,12,,,1,70,,286716,16,0,37 38 9,1,20,,286717,15,0,31 38 9,1,25,,286718,12,,,1,75,,286719,15,0,31 38 9,1,30,,286720,13,0,52 38 9,1,60,,286721,15,0,31 38 9,1,35,,286722,12,,,1,70,,286723,12,,,1,40,,286724,13,0,52 38 9,1,50,,286725,12,,,1,28,,286726,15,0,31 38 9,1,23,,286727,12,,,1,67,,286728,12,,,1,20,,286729,12,,,1,65,,286731,15,0,31 38 9,1,15,,286730,13,0,52 38 9,1,15,,286732,12,,,1,15,,286733,12,,,1,50,,286734,12,,,1,20,,286735,16,0,37 38 9,1,5,,286736,12,,,1,10,,286737,12,,,1,15,,286738,12,,,1,48,,286740,12,,,1,12,,286739,16,0,37 38 9,1,13,,286741,12,,,1,15,,286742,12,,,1,65,,286743,16,0,37 38 9,1,17,,286744,12,,,1,22,,286745,12,,,1,80,,286746,16,0,37 38 9,1,20,,286747,12,,,1,100,,286748,12,,,1,100,,286749,15,0,31 38 9,1,95,,286750,12,,,1,98,,286751,15,0,31 38 9,1,200,,286752,15,0,31 38 9,1
4001,'20261106',538,,286753,15,0,31 38 9,1,105,,286754,15,0,31 38 9,1,72,,286755,12,,,1,30,,286756,15,0,31 38 9,1,60,,286757,12,,,1,18,,286758,12,,,1,15,,286759,12,,,1,15,,286760,12,,,1,60,,286761,16,0,37 38 9,1,5,,286762,12,,,1,22,,286763,12,,,1,65,,286764,16,0,37 38 9,1,5,,286765,12,,,1,20,,286766,12,,,1,70,,286767,16,0,37 38 9,1,20,,286768,15,0,31 38 9,1,25,,286769,12,,,1,75,,286770,15,0,31 38 9,1,30,,286771,13,0,52 38 9,1,60,,286772,15,0,31 38 9,1,35,,286773,12,,,1,70,,286774,12,,,1,40,,286775,13,0,52 38 9,1,50,,286776,12,,,1,28,,286777,15,0,31 38 9,1,23,,286778,12,,,1,67,,286779,12,,,1,20,,286780,12,,,1,65,,286782,15,0,31 38 9,1,15,,286781,13,0,52 38 9,1,15,,286783,12,,,1,15,,286784,12,,,1,50,,286785,12,,,1,20,,286786,16,0,37 38 9,1,5,,286787,12,,,1,10,,286788,12,,,1,15,,286789,12,,,1,48,,286791,12,,,1,12,,286790,16,0,37 38 9,1,13,,286792,12,,,1,15,,286793,12,,,1,65,,286794,16,0,37 38 9,1,17,,286795,12,,,1,22,,286796,12,,,1,80,,286797,16,0,37 38 9,1,20,,286798,12,,,1,100,,286799,12,,,1,100,,286800,15,0,31 38 9,1,95,,286801,12,,,1,98,,286802,15,0,31 38 9,1,200,,286803,15,0,31 38 9,1
4001,'20261107',538,,286804,15,0,31 38 9,1,200,,286805,15,0,31 38 9,1,105,,286806,12,,,1,75,,286807,12,,,1,30,,286808,15,0,31 38 9,1,70,,286809,12,,,1,30,,286810,15,0,31 38 9,1,70,,286811,12,,,1,30,,286812,15,0,31 38 9,1,75,,286813,12,,,1,30,,286814,15,0,31 38 9,1,70,,286815,12,,,1,30,,286816,15,0,31 38 9,1,70,,286817,12,,,1,30,,286818,15,0,31 38 9,1,70,,286819,12,,,1,30,,286820,12,,,1,60,,286821,12,,,1,20,,286822,12,,,1,20,,286823,15,0,31 38 9,1,60,,286824,12,,,1,20,,286825,12,,,1,20,,286826,12,,,1,60,,286827,12,,,1,20,,286828,12,,,1,20,,286829,15,0,31 38 9,1,60,,286830,12,,,1,20,,286831,12,,,1,15,,286832,15,0,31 38 9,1,60,,286833,12,,,1,20,,286834,12,,,1,20,,286835,12,,,1,70,,286836,12,,,1,30,,286837,15,0,31 38 9,1,95,,286838,12,,,1,100,,286839,15,0,31 38 9,1,100,,286840,12,,,1,95,,286841,15,0,31 38 9,1,200,,286842,15,0,31 38 9,1
4001,'20261108',538,,286843,15,0,31 38 9,1,200,,286844,15,0,31 38 9,1,105,,286845,12,,,1,75,,286846,12,,,1,30,,286847,15,0,31 38 9,1,70,,286848,12,,,1,30,,286849,15,0,31 38 9,1,70,,286850,12,,,1,30,,286851,15,0,31 38 9,1,75,,286852,12,,,1,30,,286853,15,0,31 38 9,1,70,,286854,12,,,1,30,,286855,15,0,31 38 9,1,70,,286856,12,,,1,30,,286857,15,0,31 38 9,1,70,,286858,12,,,1,30,,286859,12,,,1,60,,286860,12,,,1,20,,286861,12,,,1,20,,286862,15,0,31 38 9,1,60,,286863,12,,,1,20,,286864,12,,,1,20,,286865,12,,,1,60,,286866,12,,,1,20,,286867,12,,,1,20,,286868,15,0,31 38 9,1,60,,286869,12,,,1,20,,286870,12,,,1,15,,286871,15,0,31 38 9,1,60,,286872,12,,,1,20,,286873,12,,,1,20,,286874,12,,,1,70,,286875,12,,,1,30,,286876,15,0,31 38 9,1,95,,286877,12,,,1,100,,286878,15,0,31 38 9,1,100,,286879,12,,,1,95,,286880,15,0,31 38 9,1,200,,286881,15,0,31 38 9,1
4001,'20261109',538,,286882,15,0,31 38 9,1,105,,286883,15,0,31 38 9,1,72,,286884,12,,,1,30,,286885,15,0,31 38 9,1,60,,286886,12,,,1,18,,286887,12,,,1,15,,286888,12,,,1,15,,286889,12,,,1,60,,286890,16,0,37 38 9,1,5,,286891,12,,,1,22,,286892,12,,,1,65,,286893,16,0,37 38 9,1,5,,286894,12,,,1,20,,286895,12,,,1,70,,286896,16,0,37 38 9,1,20,,286897,15,0,31 38 9,1,25,,286898,12,,,1,75,,286899,15,0,31 38 9,1,30,,286900,13,0,52 38 9,1,60,,286901,15,0,31 38 9,1,35,,286902,12,,,1,70,,286903,12,,,1,40,,286904,13,0,52 38 9,1,50,,286905,12,,,1,28,,286906,15,0,31 38 9,1,23,,286907,12,,,1,67,,286908,12,,,1,20,,286909,12,,,1,65,,286911,15,0,31 38 9,1,15,,286910,13,0,52 38 9,1,15,,286912,12,,,1,15,,286913,12,,,1,50,,286914,12,,,1,20,,286915,16,0,37 38 9,1,5,,286916,12,,,1,10,,286917,12,,,1,15,,286918,12,,,1,48,,286920,12,,,1,12,,286919,16,0,37 38 9,1,13,,286921,12,,,1,15,,286922,12,,,1,65,,286923,16,0,37 38 9,1,17,,286924,12,,,1,22,,286925,12,,,1,80,,286926,16,0,37 38 9,1,20,,286927,12,,,1,100,,286928,12,,,1,100,,286929,15,0,31 38 9,1,95,,286930,12,,,1,98,,286931,15,0,31 38 9,1,200,,286932,15,0,31 38 9,1
4001,'20261110',538,,286933,15,0,31 38 9,1,105,,286934,15,0,31 38 9,1,72,,286935,12,,,1,30,,286936,15,0,31 38 9,1,60,,286937,12,,,1,18,,286938,12,,,1,15,,286939,12,,,1,15,,286940,12,,,1,60,,286941,16,0,37 38 9,1,5,,286942,12,,,1,22,,286943,12,,,1,65,,286944,16,0,37 38 9,1,5,,286945,12,,,1,20,,286946,12,,,1,70,,286947,16,0,37 38 9,1,20,,286948,15,0,31 38 9,1,25,,286949,12,,,1,75,,286950,15,0,31 38 9,1,30,,286951,13,0,52 38 9,1,60,,286952,15,0,31 38 9,1,35,,286953,12,,,1,70,,286954,12,,,1,40,,286955,13,0,52 38 9,1,50,,286956,12,,,1,28,,286957,15,0,31 38 9,1,23,,286958,12,,,1,67,,286959,12,,,1,20,,286960,12,,,1,65,,286962,15,0,31 38 9,1,15,,286961,13,0,52 38 9,1,15,,286963,12,,,1,15,,286964,12,,,1,50,,286965,12,,,1,20,,286966,16,0,37 38 9,1,5,,286967,12,,,1,10,,286968,12,,,1,15,,286969,12,,,1,48,,286971,12,,,1,12,,286970,16,0,37 38 9,1,13,,286972,12,,,1,15,,286973,12,,,1,65,,286974,16,0,37 38 9,1,17,,286975,12,,,1,22,,286976,12,,,1,80,,286977,16,0,37 38 9,1,20,,286978,12,,,1,100,,286979,12,,,1,100,,286980,15,0,31 38 9,1,95,,286981,12,,,1,98,,286982,15,0,31 38 9,1,200,,286983,15,0,31 38 9,1
4001,'20261111',538,,286984,15,0,31 38 9,1,105,,286985,15,0,31 38 9,1,72,,286986,12,,,1,30,,286987,15,0,31 38 9,1,60,,286988,12,,,1,18,,286989,12,,,1,15,,286990,12,,,1,15,,286991,12,,,1,60,,286992,16,0,37 38 9,1,5,,286993,12,,,1,22,,286994,12,,,1,65,,286995,16,0,37 38 9,1,5,,286996,12,,,1,20,,286997,12,,,1,70,,286998,16,0,37 38 9,1,20,,286999,15,0,31 38 9,1,25,,287000,12,,,1,75,,287001,15,0,31 38 9,1,30,,287002,13,0,52 38 9,1,60,,287003,15,0,31 38 9,1,35,,287004,12,,,1,70,,287005,12,,,1,40,,287006,13,0,52 38 9,1,50,,287007,12,,,1,28,,287008,15,0,31 38 9,1,23,,287009,12,,,1,67,,287010,12,,,1,20,,287011,12,,,1,65,,287013,15,0,31 38 9,1,15,,287012,13,0,52 38 9,1,15,,287014,12,,,1,15,,287015,12,,,1,50,,287016,12,,,1,20,,287017,16,0,37 38 9,1,5,,287018,12,,,1,10,,287019,12,,,1,15,,287020,12,,,1,48,,287022,12,,,1,12,,287021,16,0,37 38 9,1,13,,287023,12,,,1,15,,287024,12,,,1,65,,287025,16,0,37 38 9,1,17,,287026,12,,,1,22,,287027,12,,,1,80,,287028,16,0,37 38 9,1,20,,287029,12,,,1,100,,287030,12,,,1,100,,287031,15,0,31 38 9,1,95,,287032,12,,,1,98,,287033,15,0,31 38 9,1,200,,287034,15,0,31 38 9,1
4001,'20261112',538,,287035,15,0,31 38 9,1,105,,287036,15,0,31 38 9,1,72,,287037,12,,,1,30,,287038,15,0,31 38 9,1,60,,287039,12,,,1,18,,287040,12,,,1,15,,287041,12,,,1,15,,287042,12,,,1,60,,287043,16,0,37 38 9,1,5,,287044,12,,,1,22,,287045,12,,,1,65,,287046,16,0,37 38 9,1,5,,287047,12,,,1,20,,287048,12,,,1,70,,287049,16,0,37 38 9,1,20,,287050,15,0,31 38 9,1,25,,287051,12,,,1,75,,287052,15,0,31 38 9,1,30,,287053,13,0,52 38 9,1,60,,287054,15,0,31 38 9,1,35,,287055,12,,,1,70,,287056,12,,,1,40,,287057,13,0,52 38 9,1,50,,287058,12,,,1,28,,287059,15,0,31 38 9,1,23,,287060,12,,,1,67,,287061,12,,,1,20,,287062,12,,,1,65,,287064,15,0,31 38 9,1,15,,287063,13,0,52 38 9,1,15,,287065,12,,,1,15,,287066,12,,,1,50,,287067,12,,,1,20,,287068,16,0,37 38 9,1,5,,287069,12,,,1,10,,287070,12,,,1,15,,287071,12,,,1,48,,287073,12,,,1,12,,287072,16,0,37 38 9,1,13,,287074,12,,,1,15,,287075,12,,,1,65,,287076,16,0,37 38 9,1,17,,287077,12,,,1,22,,287078,12,,,1,80,,287079,16,0,37 38 9,1,20,,287080,12,,,1,100,,287081,12,,,1,100,,287082,15,0,31 38 9,1,95,,287083,12,,,1,98,,287084,15,0,31 38 9,1,200,,287085,15,0,31 38 9,1
4001,'20261113',538,,287086,15,0,31 38 9,1,105,,287087,15,0,31 38 9,1,72,,287088,12,,,1,30,,287089,15,0,31 38 9,1,60,,287090,12,,,1,18,,287091,12,,,1,15,,287092,12,,,1,15,,287093,12,,,1,60,,287094,16,0,37 38 9,1,5,,287095,12,,,1,22,,287096,12,,,1,65,,287097,16,0,37 38 9,1,5,,287098,12,,,1,20,,287099,12,,,1,70,,287100,16,0,37 38 9,1,20,,287101,15,0,31 38 9,1,25,,287102,12,,,1,75,,287103,15,0,31 38 9,1,30,,287104,13,0,52 38 9,1,60,,287105,15,0,31 38 9,1,35,,287106,12,,,1,70,,287107,12,,,1,40,,287108,13,0,52 38 9,1,50,,287109,12,,,1,28,,287110,15,0,31 38 9,1,23,,287111,12,,,1,67,,287112,12,,,1,20,,287113,12,,,1,65,,287115,15,0,31 38 9,1,15,,287114,13,0,52 38 9,1,15,,287116,12,,,1,15,,287117,12,,,1,50,,287118,12,,,1,20,,287119,16,0,37 38 9,1,5,,287120,12,,,1,10,,287121,12,,,1,15,,287122,12,,,1,48,,287124,12,,,1,12,,287123,16,0,37 38 9,1,13,,287125,12,,,1,15,,287126,12,,,1,65,,287127,16,0,37 38 9,1,17,,287128,12,,,1,22,,287129,12,,,1,80,,287130,16,0,37 38 9,1,20,,287131,12,,,1,100,,287132,12,,,1,100,,287133,15,0,31 38 9,1,95,,287134,12,,,1,98,,287135,15,0,31 38 9,1,200,,287136,15,0,31 38 9,1
4001,'20261114',538,,287137,15,0,31 38 9,1,200,,287138,15,0,31 38 9,1,105,,287139,12,,,1,75,,287140,12,,,1,30,,287141,15,0,31 38 9,1,70,,287142,12,,,1,30,,287143,15,0,31 38 9,1,70,,287144,12,,,1,30,,287145,15,0,31 38 9,1,75,,287146,12,,,1,30,,287147,15,0,31 38 9,1,70,,287148,12,,,1,30,,287149,15,0,31 38 9,1,70,,287150,12,,,1,30,,287151,15,0,31 38 9,1,70,,287152,12,,,1,30,,287153,12,,,1,60,,287154,12,,,1,20,,287155,12,,,1,20,,287156,15,0,31 38 9,1,60,,287157,12,,,1,20,,287158,12,,,1,20,,287159,12,,,1,60,,287160,12,,,1,20,,287161,12,,,1,20,,287162,15,0,31 38 9,1,60,,287163,12,,,1,20,,287164,12,,,1,15,,287165,15,0,31 38 9,1,60,,287166,12,,,1,20,,287167,12,,,1,20,,287168,12,,,1,70,,287169,12,,,1,30,,287170,15,0,31 38 9,1,95,,287171,12,,,1,100,,287172,15,0,31 38 9,1,100,,287173,12,,,1,95,,287174,15,0,31 38 9,1,200,,287175,15,0,31 38 9,1
4001,'20261115',538,,287176,15,0,31 38 9,1,200,,287177,15,0,31 38 9,1,105,,287178,12,,,1,75,,287179,12,,,1,30,,287180,15,0,31 38 9,1,70,,287181,12,,,1,30,,287182,15,0,31 38 9,1,70,,287183,12,,,1,30,,287184,15,0,31 38 9,1,75,,287185,12,,,1,30,,287186,15,0,31 38 9,1,70,,287187,12,,,1,30,,287188,15,0,31 38 9,1,70,,287189,12,,,1,30,,287190,15,0,31 38 9,1,70,,287191,12,,,1,30,,287192,12,,,1,60,,287193,12,,,1,20,,287194,12,,,1,20,,287195,15,0,31 38 9,1,60,,287196,12,,,1,20,,287197,12,,,1,20,,287198,12,,,1,60,,287199,12,,,1,20,,287200,12,,,1,20,,287201,15,0,31 38 9,1,60,,287202,12,,,1,20,,287203,12,,,1,15,,287204,15,0,31 38 9,1,60,,287205,12,,,1,20,,287206,12,,,1,20,,287207,12,,,1,70,,287208,12,,,1,30,,287209,15,0,31 38 9,1,95,,287210,12,,,1,100,,287211,15,0,31 38 9,1,100,,287212,12,,,1,95,,287213,15,0,31 38 9,1,200,,287214,15,0,31 38 9,1
4001,'20261116',538,,287215,15,0,31 38 9,1,105,,287216,15,0,31 38 9,1,72,,287217,12,,,1,30,,287218,15,0,31 38 9,1,60,,287219,12,,,1,18,,287220,12,,,1,15,,287221,12,,,1,15,,287222,12,,,1,60,,287223,16,0,37 38 9,1,5,,287224,12,,,1,22,,287225,12,,,1,65,,287226,16,0,37 38 9,1,5,,287227,12,,,1,20,,287228,12,,,1,70,,287229,16,0,37 38 9,1,20,,287230,15,0,31 38 9,1,25,,287231,12,,,1,75,,287232,15,0,31 38 9,1,30,,287233,13,0,52 38 9,1,60,,287234,15,0,31 38 9,1,35,,287235,12,,,1,70,,287236,12,,,1,40,,287237,13,0,52 38 9,1,50,,287238,12,,,1,28,,287239,15,0,31 38 9,1,23,,287240,12,,,1,67,,287241,12,,,1,20,,287242,12,,,1,65,,287244,15,0,31 38 9,1,15,,287243,13,0,52 38 9,1,15,,287245,12,,,1,15,,287246,12,,,1,50,,287247,12,,,1,20,,287248,16,0,37 38 9,1,5,,287249,12,,,1,10,,287250,12,,,1,15,,287251,12,,,1,48,,287253,12,,,1,12,,287252,16,0,37 38 9,1,13,,287254,12,,,1,15,,287255,12,,,1,65,,287256,16,0,37 38 9,1,17,,287257,12,,,1,22,,287258,12,,,1,80,,287259,16,0,37 38 9,1,20,,287260,12,,,1,100,,287261,12,,,1,100,,287262,15,0,31 38 9,1,95,,287263,12,,,1,98,,287264,15,0,31 38 9,1,200,,287265,15,0,31 38 9,1
4001,'20261117',538,,287266,15,0,31 38 9,1,105,,287267,15,0,31 38 9,1,72,,287268,12,,,1,30,,287269,15,0,31 38 9,1,60,,287270,12,,,1,18,,287271,12,,,1,15,,287272,12,,,1,15,,287273,12,,,1,60,,287274,16,0,37 38 9,1,5,,287275,12,,,1,22,,287276,12,,,1,65,,287277,16,0,37 38 9,1,5,,287278,12,,,1,20,,287279,12,,,1,70,,287280,16,0,37 38 9,1,20,,287281,15,0,31 38 9,1,25,,287282,12,,,1,75,,287283,15,0,31 38 9,1,30,,287284,13,0,52 38 9,1,60,,287285,15,0,31 38 9,1,35,,287286,12,,,1,70,,287287,12,,,1,40,,287288,13,0,52 38 9,1,50,,287289,12,,,1,28,,287290,15,0,31 38 9,1,23,,287291,12,,,1,67,,287292,12,,,1,20,,287293,12,,,1,65,,287295,15,0,31 38 9,1,15,,287294,13,0,52 38 9,1,15,,287296,12,,,1,15,,287297,12,,,1,50,,287298,12,,,1,20,,287299,16,0,37 38 9,1,5,,287300,12,,,1,10,,287301,12,,,1,15,,287302,12,,,1,48,,287304,12,,,1,12,,287303,16,0,37 38 9,1,13,,287305,12,,,1,15,,287306,12,,,1,65,,287307,16,0,37 38 9,1,17,,287308,12,,,1,22,,287309,12,,,1,80,,287310,16,0,37 38 9,1,20,,287311,12,,,1,100,,287312,12,,,1,100,,287313,15,0,31 38 9,1,95,,287314,12,,,1,98,,287315,15,0,31 38 9,1,200,,287316,15,0,31 38 9,1
4001,'20261118',538,,287317,15,0,31 38 9,1,105,,287318,15,0,31 38 9,1,72,,287319,12,,,1,30,,287320,15,0,31 38 9,1,60,,287321,12,,,1,18,,287322,12,,,1,15,,287323,12,,,1,15,,287324,12,,,1,60,,287325,16,0,37 38 9,1,5,,287326,12,,,1,22,,287327,12,,,1,65,,287328,16,0,37 38 9,1,5,,287329,12,,,1,20,,287330,12,,,1,70,,287331,16,0,37 38 9,1,20,,287332,15,0,31 38 9,1,25,,287333,12,,,1,75,,287334,15,0,31 38 9,1,30,,287335,13,0,52 38 9,1,60,,287336,15,0,31 38 9,1,35,,287337,12,,,1,70,,287338,12,,,1,40,,287339,13,0,52 38 9,1,50,,287340,12,,,1,28,,287341,15,0,31 38 9,1,23,,287342,12,,,1,67,,287343,12,,,1,20,,287344,12,,,1,65,,287346,15,0,31 38 9,1,15,,287345,13,0,52 38 9,1,15,,287347,12,,,1,15,,287348,12,,,1,50,,287349,12,,,1,20,,287350,16,0,37 38 9,1,5,,287351,12,,,1,10,,287352,12,,,1,15,,287353,12,,,1,48,,287355,12,,,1,12,,287354,16,0,37 38 9,1,13,,287356,12,,,1,15,,287357,12,,,1,65,,287358,16,0,37 38 9,1,17,,287359,12,,,1,22,,287360,12,,,1,80,,287361,16,0,37 38 9,1,20,,287362,12,,,1,100,,287363,12,,,1,100,,287364,15,0,31 38 9,1,95,,287365,12,,,1,98,,287366,15,0,31 38 9,1,200,,287367,15,0,31 38 9,1
4001,'20261119',538,,287368,15,0,31 38 9,1,105,,287369,15,0,31 38 9,1,72,,287370,12,,,1,30,,287371,15,0,31 38 9,1,60,,287372,12,,,1,18,,287373,12,,,1,15,,287374,12,,,1,15,,287375,12,,,1,60,,287376,16,0,37 38 9,1,5,,287377,12,,,1,22,,287378,12,,,1,65,,287379,16,0,37 38 9,1,5,,287380,12,,,1,20,,287381,12,,,1,70,,287382,16,0,37 38 9,1,20,,287383,15,0,31 38 9,1,25,,287384,12,,,1,75,,287385,15,0,31 38 9,1,30,,287386,13,0,52 38 9,1,60,,287387,15,0,31 38 9,1,35,,287388,12,,,1,70,,287389,12,,,1,40,,287390,13,0,52 38 9,1,50,,287391,12,,,1,28,,287392,15,0,31 38 9,1,23,,287393,12,,,1,67,,287394,12,,,1,20,,287395,12,,,1,65,,287397,15,0,31 38 9,1,15,,287396,13,0,52 38 9,1,15,,287398,12,,,1,15,,287399,12,,,1,50,,287400,12,,,1,20,,287401,16,0,37 38 9,1,5,,287402,12,,,1,10,,287403,12,,,1,15,,287404,12,,,1,48,,287406,12,,,1,12,,287405,16,0,37 38 9,1,13,,287407,12,,,1,15,,287408,12,,,1,65,,287409,16,0,37 38 9,1,17,,287410,12,,,1,22,,287411,12,,,1,80,,287412,16,0,37 38 9,1,20,,287413,12,,,1,100,,287414,12,,,1,100,,287415,15,0,31 38 9,1,95,,287416,12,,,1,98,,287417,15,0,31 38 9,1,200,,287418,15,0,31 38 9,1
4001,'20261120',538,,287419,15,0,31 38 9,1,105,,287420,15,0,31 38 9,1,72,,287421,12,,,1,30,,287422,15,0,31 38 9,1,60,,287423,12,,,1,18,,287424,12,,,1,15,,287425,12,,,1,15,,287426,12,,,1,60,,287427,16,0,37 38 9,1,5,,287428,12,,,1,22,,287429,12,,,1,65,,287430,16,0,37 38 9,1,5,,287431,12,,,1,20,,287432,12,,,1,70,,287433,16,0,37 38 9,1,20,,287434,15,0,31 38 9,1,25,,287435,12,,,1,75,,287436,15,0,31 38 9,1,30,,287437,13,0,52 38 9,1,60,,287438,15,0,31 38 9,1,35,,287439,12,,,1,70,,287440,12,,,1,40,,287441,13,0,52 38 9,1,50,,287442,12,,,1,28,,287443,15,0,31 38 9,1,23,,287444,12,,,1,67,,287445,12,,,1,20,,287446,12,,,1,65,,287448,15,0,31 38 9,1,15,,287447,13,0,52 38 9,1,15,,287449,12,,,1,15,,287450,12,,,1,50,,287451,12,,,1,20,,287452,16,0,37 38 9,1,5,,287453,12,,,1,10,,287454,12,,,1,15,,287455,12,,,1,48,,287457,12,,,1,12,,287456,16,0,37 38 9,1,13,,287458,12,,,1,15,,287459,12,,,1,65,,287460,16,0,37 38 9,1,17,,287461,12,,,1,22,,287462,12,,,1,80,,287463,16,0,37 38 9,1,20,,287464,12,,,1,100,,287465,12,,,1,100,,287466,15,0,31 38 9,1,95,,287467,12,,,1,98,,287468,15,0,31 38 9,1,200,,287469,15,0,31 38 9,1
4001,'20261121',538,,287470,15,0,31 38 9,1,200,,287471,15,0,31 38 9,1,105,,287472,12,,,1,75,,287473,12,,,1,30,,287474,15,0,31 38 9,1,70,,287475,12,,,1,30,,287476,15,0,31 38 9,1,70,,287477,12,,,1,30,,287478,15,0,31 38 9,1,75,,287479,12,,,1,30,,287480,15,0,31 38 9,1,70,,287481,12,,,1,30,,287482,15,0,31 38 9,1,70,,287483,12,,,1,30,,287484,15,0,31 38 9,1,70,,287485,12,,,1,30,,287486,12,,,1,60,,287487,12,,,1,20,,287488,12,,,1,20,,287489,15,0,31 38 9,1,60,,287490,12,,,1,20,,287491,12,,,1,20,,287492,12,,,1,60,,287493,12,,,1,20,,287494,12,,,1,20,,287495,15,0,31 38 9,1,60,,287496,12,,,1,20,,287497,12,,,1,15,,287498,15,0,31 38 9,1,60,,287499,12,,,1,20,,287500,12,,,1,20,,287501,12,,,1,70,,287502,12,,,1,30,,287503,15,0,31 38 9,1,95,,287504,12,,,1,100,,287505,15,0,31 38 9,1,100,,287506,12,,,1,95,,287507,15,0,31 38 9,1,200,,287508,15,0,31 38 9,1
4001,'20261122',538,,287509,15,0,31 38 9,1,200,,287510,15,0,31 38 9,1,105,,287511,12,,,1,75,,287512,12,,,1,30,,287513,15,0,31 38 9,1,70,,287514,12,,,1,30,,287515,15,0,31 38 9,1,70,,287516,12,,,1,30,,287517,15,0,31 38 9,1,75,,287518,12,,,1,30,,287519,15,0,31 38 9,1,70,,287520,12,,,1,30,,287521,15,0,31 38 9,1,70,,287522,12,,,1,30,,287523,15,0,31 38 9,1,70,,287524,12,,,1,30,,287525,12,,,1,60,,287526,12,,,1,20,,287527,12,,,1,20,,287528,15,0,31 38 9,1,60,,287529,12,,,1,20,,287530,12,,,1,20,,287531,12,,,1,60,,287532,12,,,1,20,,287533,12,,,1,20,,287534,15,0,31 38 9,1,60,,287535,12,,,1,20,,287536,12,,,1,15,,287537,15,0,31 38 9,1,60,,287538,12,,,1,20,,287539,12,,,1,20,,287540,12,,,1,70,,287541,12,,,1,30,,287542,15,0,31 38 9,1,95,,287543,12,,,1,100,,287544,15,0,31 38 9,1,100,,287545,12,,,1,95,,287546,15,0,31 38 9,1,200,,287547,15,0,31 38 9,1
4001,'20261123',538,,287548,15,0,31 38 9,1,105,,287549,15,0,31 38 9,1,72,,287550,12,,,1,30,,287551,15,0,31 38 9,1,60,,287552,12,,,1,18,,287553,12,,,1,15,,287554,12,,,1,15,,287555,12,,,1,60,,287556,16,0,37 38 9,1,5,,287557,12,,,1,22,,287558,12,,,1,65,,287559,16,0,37 38 9,1,5,,287560,12,,,1,20,,287561,12,,,1,70,,287562,16,0,37 38 9,1,20,,287563,15,0,31 38 9,1,25,,287564,12,,,1,75,,287565,15,0,31 38 9,1,30,,287566,13,0,52 38 9,1,60,,287567,15,0,31 38 9,1,35,,287568,12,,,1,70,,287569,12,,,1,40,,287570,13,0,52 38 9,1,50,,287571,12,,,1,28,,287572,15,0,31 38 9,1,23,,287573,12,,,1,67,,287574,12,,,1,20,,287575,12,,,1,65,,287577,15,0,31 38 9,1,15,,287576,13,0,52 38 9,1,15,,287578,12,,,1,15,,287579,12,,,1,50,,287580,12,,,1,20,,287581,16,0,37 38 9,1,5,,287582,12,,,1,10,,287583,12,,,1,15,,287584,12,,,1,48,,287586,12,,,1,12,,287585,16,0,37 38 9,1,13,,287587,12,,,1,15,,287588,12,,,1,65,,287589,16,0,37 38 9,1,17,,287590,12,,,1,22,,287591,12,,,1,80,,287592,16,0,37 38 9,1,20,,287593,12,,,1,100,,287594,12,,,1,100,,287595,15,0,31 38 9,1,95,,287596,12,,,1,98,,287597,15,0,31 38 9,1,200,,287598,15,0,31 38 9,1
4001,'20261124',538,,287599,15,0,31 38 9,1,105,,287600,15,0,31 38 9,1,72,,287601,12,,,1,30,,287602,15,0,31 38 9,1,60,,287603,12,,,1,18,,287604,12,,,1,15,,287605,12,,,1,15,,287606,12,,,1,60,,287607,16,0,37 38 9,1,5,,287608,12,,,1,22,,287609,12,,,1,65,,287610,16,0,37 38 9,1,5,,287611,12,,,1,20,,287612,12,,,1,70,,287613,16,0,37 38 9,1,20,,287614,15,0,31 38 9,1,25,,287615,12,,,1,75,,287616,15,0,31 38 9,1,30,,287617,13,0,52 38 9,1,60,,287618,15,0,31 38 9,1,35,,287619,12,,,1,70,,287620,12,,,1,40,,287621,13,0,52 38 9,1,50,,287622,12,,,1,28,,287623,15,0,31 38 9,1,23,,287624,12,,,1,67,,287625,12,,,1,20,,287626,12,,,1,65,,287628,15,0,31 38 9,1,15,,287627,13,0,52 38 9,1,15,,287629,12,,,1,15,,287630,12,,,1,50,,287631,12,,,1,20,,287632,16,0,37 38 9,1,5,,287633,12,,,1,10,,287634,12,,,1,15,,287635,12,,,1,48,,287637,12,,,1,12,,287636,16,0,37 38 9,1,13,,287638,12,,,1,15,,287639,12,,,1,65,,287640,16,0,37 38 9,1,17,,287641,12,,,1,22,,287642,12,,,1,80,,287643,16,0,37 38 9,1,20,,287644,12,,,1,100,,287645,12,,,1,100,,287646,15,0,31 38 9,1,95,,287647,12,,,1,98,,287648,15,0,31 38 9,1,200,,287649,15,0,31 38 9,1
4001,'20261125',538,,287650,15,0,31 38 9,1,105,,287651,15,0,31 38 9,1,72,,287652,12,,,1,30,,287653,15,0,31 38 9,1,60,,287654,12,,,1,18,,287655,12,,,1,15,,287656,12,,,1,15,,287657,12,,,1,60,,287658,16,0,37 38 9,1,5,,287659,12,,,1,22,,287660,12,,,1,65,,287661,16,0,37 38 9,1,5,,287662,12,,,1,20,,287663,12,,,1,70,,287664,16,0,37 38 9,1,20,,287665,15,0,31 38 9,1,25,,287666,12,,,1,75,,287667,15,0,31 38 9,1,30,,287668,13,0,52 38 9,1,60,,287669,15,0,31 38 9,1,35,,287670,12,,,1,70,,287671,12,,,1,40,,287672,13,0,52 38 9,1,50,,287673,12,,,1,28,,287674,15,0,31 38 9,1,23,,287675,12,,,1,67,,287676,12,,,1,20,,287677,12,,,1,65,,287679,15,0,31 38 9,1,15,,287678,13,0,52 38 9,1,15,,287680,12,,,1,15,,287681,12,,,1,50,,287682,12,,,1,20,,287683,16,0,37 38 9,1,5,,287684,12,,,1,10,,287685,12,,,1,15,,287686,12,,,1,48,,287688,12,,,1,12,,287687,16,0,37 38 9,1,13,,287689,12,,,1,15,,287690,12,,,1,65,,287691,16,0,37 38 9,1,17,,287692,12,,,1,22,,287693,12,,,1,80,,287694,16,0,37 38 9,1,20,,287695,12,,,1,100,,287696,12,,,1,100,,287697,15,0,31 38 9,1,95,,287698,12,,,1,98,,287699,15,0,31 38 9,1,200,,287700,15,0,31 38 9,1
4001,'20261126',538,,287701,15,0,31 38 9,1,105,,287702,15,0,31 38 9,1,72,,287703,12,,,1,30,,287704,15,0,31 38 9,1,60,,287705,12,,,1,18,,287706,12,,,1,15,,287707,12,,,1,15,,287708,12,,,1,60,,287709,16,0,37 38 9,1,5,,287710,12,,,1,22,,287711,12,,,1,65,,287712,16,0,37 38 9,1,5,,287713,12,,,1,20,,287714,12,,,1,70,,287715,16,0,37 38 9,1,20,,287716,15,0,31 38 9,1,25,,287717,12,,,1,75,,287718,15,0,31 38 9,1,30,,287719,13,0,52 38 9,1,60,,287720,15,0,31 38 9,1,35,,287721,12,,,1,70,,287722,12,,,1,40,,287723,13,0,52 38 9,1,50,,287724,12,,,1,28,,287725,15,0,31 38 9,1,23,,287726,12,,,1,67,,287727,12,,,1,20,,287728,12,,,1,65,,287730,15,0,31 38 9,1,15,,287729,13,0,52 38 9,1,15,,287731,12,,,1,15,,287732,12,,,1,50,,287733,12,,,1,20,,287734,16,0,37 38 9,1,5,,287735,12,,,1,10,,287736,12,,,1,15,,287737,12,,,1,48,,287739,12,,,1,12,,287738,16,0,37 38 9,1,13,,287740,12,,,1,15,,287741,12,,,1,65,,287742,16,0,37 38 9,1,17,,287743,12,,,1,22,,287744,12,,,1,80,,287745,16,0,37 38 9,1,20,,287746,12,,,1,100,,287747,12,,,1,100,,287748,15,0,31 38 9,1,95,,287749,12,,,1,98,,287750,15,0,31 38 9,1,200,,287751,15,0,31 38 9,1
4001,'20261127',538,,287752,15,0,31 38 9,1,105,,287753,15,0,31 38 9,1,72,,287754,12,,,1,30,,287755,15,0,31 38 9,1,60,,287756,12,,,1,18,,287757,12,,,1,15,,287758,12,,,1,15,,287759,12,,,1,60,,287760,16,0,37 38 9,1,5,,287761,12,,,1,22,,287762,12,,,1,65,,287763,16,0,37 38 9,1,5,,287764,12,,,1,20,,287765,12,,,1,70,,287766,16,0,37 38 9,1,20,,287767,15,0,31 38 9,1,25,,287768,12,,,1,75,,287769,15,0,31 38 9,1,30,,287770,13,0,52 38 9,1,60,,287771,15,0,31 38 9,1,35,,287772,12,,,1,70,,287773,12,,,1,40,,287774,13,0,52 38 9,1,50,,287775,12,,,1,28,,287776,15,0,31 38 9,1,23,,287777,12,,,1,67,,287778,12,,,1,20,,287779,12,,,1,65,,287781,15,0,31 38 9,1,15,,287780,13,0,52 38 9,1,15,,287782,12,,,1,15,,287783,12,,,1,50,,287784,12,,,1,20,,287785,16,0,37 38 9,1,5,,287786,12,,,1,10,,287787,12,,,1,15,,287788,12,,,1,48,,287790,12,,,1,12,,287789,16,0,37 38 9,1,13,,287791,12,,,1,15,,287792,12,,,1,65,,287793,16,0,37 38 9,1,17,,287794,12,,,1,22,,287795,12,,,1,80,,287796,16,0,37 38 9,1,20,,287797,12,,,1,100,,287798,12,,,1,100,,287799,15,0,31 38 9,1,95,,287800,12,,,1,98,,287801,15,0,31 38 9,1,200,,287802,15,0,31 38 9,1
4101,'20260831',759,,191565,25,,,1,75,,191566,18,0,53 38 9,1,70,,191567,25,,,1,30,,191568,25,,,1,85,,191569,25,,,1,25,,191570,25,,,1,70,,191571,25,,,1,30,,191572,25,,,1,65,,191573,25,,,1,35,,191574,25,,,1,77,,191575,25,,,1,35,,191576,25,,,1,70,,191578,25,,,1,30,,191580,25,,,1,65,,191582,18,0,53 38 9,1,25,,191584,25,,,1,70,,191585,25,,,1,28,,191587,18,0,53 38 9,1,80,,191589,25,,,1,85,,191592,18,0,53 38 9,1,35,,191595,25,,,1,65,,191598,25,,,1,25,,191602,25,,,1,70,,191606,25,,,1,20,,191609,25,,,1,25,,191611,25,,,1,80,,191613,25,,,1,80,,191615,25,,,1,15,,191616,25,,,1,30,,191617,25,,,1,70,,191618,25,,,1,95,,191619,25,,,1,85,,191620,25,,,1
4101,'20260901',759,,191621,25,,,1,75,,191622,18,0,53 38 9,1,70,,191623,25,,,1,30,,191624,25,,,1,85,,191625,25,,,1,25,,191626,25,,,1,70,,191627,25,,,1,30,,191628,25,,,1,65,,191629,25,,,1,35,,191630,25,,,1,77,,191631,25,,,1,35,,191632,25,,,1,70,,191634,25,,,1,30,,191636,25,,,1,65,,191638,18,0,53 38 9,1,25,,191640,25,,,1,70,,191641,25,,,1,28,,191643,18,0,53 38 9,1,80,,191645,25,,,1,85,,191648,18,0,53 38 9,1,35,,191651,25,,,1,65,,191654,25,,,1,25,,191658,25,,,1,70,,191662,25,,,1,20,,191665,25,,,1,25,,191667,25,,,1,80,,191669,25,,,1,80,,191671,25,,,1,15,,191672,25,,,1,30,,191673,25,,,1,70,,191674,25,,,1,95,,191675,25,,,1,85,,191676,25,,,1
4101,'20260902',759,,191677,25,,,1,75,,191678,18,0,53 38 9,1,70,,191679,25,,,1,30,,191680,25,,,1,85,,191681,25,,,1,25,,191682,25,,,1,70,,191683,25,,,1,30,,191684,25,,,1,65,,191685,25,,,1,35,,191686,25,,,1,77,,191687,25,,,1,35,,191688,25,,,1,70,,191690,25,,,1,30,,191692,25,,,1,65,,191694,18,0,53 38 9,1,25,,191696,25,,,1,70,,191697,25,,,1,28,,191699,18,0,53 38 9,1,80,,191701,25,,,1,85,,191704,18,0,53 38 9,1,35,,191707,25,,,1,65,,191710,25,,,1,25,,191714,25,,,1,70,,191718,25,,,1,20,,191721,25,,,1,25,,191723,25,,,1,80,,191725,25,,,1,80,,191727,25,,,1,15,,191728,25,,,1,30,,191729,25,,,1,70,,191730,25,,,1,95,,191731,25,,,1,85,,191732,25,,,1
4101,'20260903',759,,191733,25,,,1,75,,191734,18,0,53 38 9,1,70,,191735,25,,,1,30,,191736,25,,,1,85,,191737,25,,,1,25,,191738,25,,,1,70,,191739,25,,,1,30,,191740,25,,,1,65,,191741,25,,,1,35,,191742,25,,,1,77,,191743,25,,,1,35,,191744,25,,,1,70,,191746,25,,,1,30,,191748,25,,,1,65,,191750,18,0,53 38 9,1,25,,191752,25,,,1,70,,191753,25,,,1,28,,191755,18,0,53 38 9,1,80,,191757,25,,,1,85,,191760,18,0,53 38 9,1,35,,191763,25,,,1,65,,191766,25,,,1,25,,191770,25,,,1,70,,191774,25,,,1,20,,191777,25,,,1,25,,191779,25,,,1,80,,191781,25,,,1,80,,191783,25,,,1,15,,191784,25,,,1,30,,191785,25,,,1,70,,191786,25,,,1,95,,191787,25,,,1,85,,191788,25,,,1
4101,'20260904',759,,191789,25,,,1,75,,191790,18,0,53 38 9,1,70,,191791,25,,,1,30,,191792,25,,,1,85,,191793,25,,,1,25,,191794,25,,,1,70,,191795,25,,,1,30,,191796,25,,,1,65,,191797,25,,,1,35,,191798,25,,,1,77,,191799,25,,,1,35,,191800,25,,,1,70,,191802,25,,,1,30,,191804,25,,,1,65,,191806,18,0,53 38 9,1,25,,191808,25,,,1,70,,191809,25,,,1,28,,191811,18,0,53 38 9,1,80,,191813,25,,,1,85,,191816,18,0,53 38 9,1,35,,191819,25,,,1,65,,191822,25,,,1,25,,191826,25,,,1,70,,191830,25,,,1,20,,191833,25,,,1,25,,191835,25,,,1,80,,191837,25,,,1,80,,191839,25,,,1,15,,191840,25,,,1,30,,191841,25,,,1,70,,191842,25,,,1,95,,191843,25,,,1,85,,191844,25,,,1
4101,'20260908',759,,292385,25,,,1,68,,292386,18,0,53 38 9,1,79,,292387,25,,,1,28,,292388,25,,,1,85,,292390,25,,,1,25,,292391,25,,,1,70,,292392,25,,,1,30,,292393,25,,,1,65,,292394,25,,,1,35,,292395,25,,,1,77,,292396,25,,,1,35,,292397,25,,,1,70,,292399,25,,,1,30,,292401,25,,,1,65,,292403,18,0,53 38 9,1,25,,292405,25,,,1,70,,292407,25,,,1,38,,292409,18,0,53 38 9,1,65,,292411,25,,,1,85,,292414,18,0,53 38 9,1,40,,292417,25,,,1,65,,292420,25,,,1,30,,292425,25,,,1,65,,292429,25,,,1,20,,292432,25,,,1,30,,292435,25,,,1,80,,292438,25,,,1,85,,292440,25,,,1,15,,292442,25,,,1,25,,292444,25,,,1,65,,292446,25,,,1,95,,292448,25,,,1,85,,292449,25,,,1
4101,'20260909',759,,292450,25,,,1,68,,292451,18,0,53 38 9,1,79,,292452,25,,,1,28,,292453,25,,,1,85,,292455,25,,,1,25,,292456,25,,,1,70,,292457,25,,,1,30,,292458,25,,,1,65,,292459,25,,,1,35,,292460,25,,,1,77,,292461,25,,,1,35,,292462,25,,,1,70,,292464,25,,,1,30,,292466,25,,,1,65,,292468,18,0,53 38 9,1,25,,292470,25,,,1,70,,292472,25,,,1,38,,292474,18,0,53 38 9,1,65,,292476,25,,,1,85,,292479,18,0,53 38 9,1,40,,292482,25,,,1,65,,292485,25,,,1,30,,292490,25,,,1,65,,292494,25,,,1,20,,292497,25,,,1,30,,292500,25,,,1,80,,292503,25,,,1,85,,292505,25,,,1,15,,292507,25,,,1,25,,292509,25,,,1,65,,292511,25,,,1,95,,292513,25,,,1,85,,292514,25,,,1
4101,'20260910',759,,292515,25,,,1,68,,292516,18,0,53 38 9,1,79,,292517,25,,,1,28,,292518,25,,,1,85,,292520,25,,,1,25,,292521,25,,,1,70,,292522,25,,,1,30,,292523,25,,,1,65,,292524,25,,,1,35,,292525,25,,,1,77,,292526,25,,,1,35,,292527,25,,,1,70,,292529,25,,,1,30,,292531,25,,,1,65,,292533,18,0,53 38 9,1,25,,292535,25,,,1,70,,292537,25,,,1,38,,292539,18,0,53 38 9,1,65,,292541,25,,,1,85,,292544,18,0,53 38 9,1,40,,292547,25,,,1,65,,292550,25,,,1,30,,292555,25,,,1,65,,292559,25,,,1,20,,292562,25,,,1,30,,292565,25,,,1,80,,292568,25,,,1,85,,292570,25,,,1,15,,292572,25,,,1,25,,292574,25,,,1,65,,292576,25,,,1,95,,292578,25,,,1,85,,292579,25,,,1
4101,'20260911',759,,292580,25,,,1,68,,292581,18,0,53 38 9,1,79,,292582,25,,,1,28,,292583,25,,,1,85,,292585,25,,,1,25,,292586,25,,,1,70,,292587,25,,,1,30,,292588,25,,,1,65,,292589,25,,,1,35,,292590,25,,,1,77,,292591,25,,,1,35,,292592,25,,,1,70,,292594,25,,,1,30,,292596,25,,,1,65,,292598,18,0,53 38 9,1,25,,292600,25,,,1,70,,292602,25,,,1,38,,292604,18,0,53 38 9,1,65,,292606,25,,,1,85,,292609,18,0,53 38 9,1,40,,292612,25,,,1,65,,292615,25,,,1,30,,292620,25,,,1,65,,292624,25,,,1,20,,292627,25,,,1,30,,292630,25,,,1,80,,292633,25,,,1,85,,292635,25,,,1,15,,292637,25,,,1,25,,292639,25,,,1,65,,292641,25,,,1,95,,292643,25,,,1,85,,292644,25,,,1
4101,'20260914',759,,292645,25,,,1,68,,292646,18,0,53 38 9,1,79,,292647,25,,,1,28,,292648,25,,,1,85,,292650,25,,,1,25,,292651,25,,,1,70,,292652,25,,,1,30,,292653,25,,,1,65,,292654,25,,,1,35,,292655,25,,,1,77,,292656,25,,,1,35,,292657,25,,,1,70,,292659,25,,,1,30,,292661,25,,,1,65,,292663,18,0,53 38 9,1,25,,292665,25,,,1,70,,292667,25,,,1,38,,292669,18,0,53 38 9,1,65,,292671,25,,,1,85,,292674,18,0,53 38 9,1,40,,292677,25,,,1,65,,292680,25,,,1,30,,292685,25,,,1,65,,292689,25,,,1,20,,292692,25,,,1,30,,292695,25,,,1,80,,292698,25,,,1,85,,292700,25,,,1,15,,292702,25,,,1,25,,292704,25,,,1,65,,292706,25,,,1,95,,292708,25,,,1,85,,292709,25,,,1
4101,'20260915',759,,292710,25,,,1,68,,292711,18,0,53 38 9,1,79,,292712,25,,,1,28,,292713,25,,,1,85,,292715,25,,,1,25,,292716,25,,,1,70,,292717,25,,,1,30,,292718,25,,,1,65,,292719,25,,,1,35,,292720,25,,,1,77,,292721,25,,,1,35,,292722,25,,,1,70,,292724,25,,,1,30,,292726,25,,,1,65,,292728,18,0,53 38 9,1,25,,292730,25,,,1,70,,292732,25,,,1,38,,292734,18,0,53 38 9,1,65,,292736,25,,,1,85,,292739,18,0,53 38 9,1,40,,292742,25,,,1,65,,292745,25,,,1,30,,292750,25,,,1,65,,292754,25,,,1,20,,292757,25,,,1,30,,292760,25,,,1,80,,292763,25,,,1,85,,292765,25,,,1,15,,292767,25,,,1,25,,292769,25,,,1,65,,292771,25,,,1,95,,292773,25,,,1,85,,292774,25,,,1
4101,'20260916',759,,292775,25,,,1,68,,292776,18,0,53 38 9,1,79,,292777,25,,,1,28,,292778,25,,,1,85,,292780,25,,,1,25,,292781,25,,,1,70,,292782,25,,,1,30,,292783,25,,,1,65,,292784,25,,,1,35,,292785,25,,,1,77,,292786,25,,,1,35,,292787,25,,,1,70,,292789,25,,,1,30,,292791,25,,,1,65,,292793,18,0,53 38 9,1,25,,292795,25,,,1,70,,292797,25,,,1,38,,292799,18,0,53 38 9,1,65,,292801,25,,,1,85,,292804,18,0,53 38 9,1,40,,292807,25,,,1,65,,292810,25,,,1,30,,292815,25,,,1,65,,292819,25,,,1,20,,292822,25,,,1,30,,292825,25,,,1,80,,292828,25,,,1,85,,292830,25,,,1,15,,292832,25,,,1,25,,292834,25,,,1,65,,292836,25,,,1,95,,292838,25,,,1,85,,292839,25,,,1
4101,'20260917',759,,292840,25,,,1,68,,292841,18,0,53 38 9,1,79,,292842,25,,,1,28,,292843,25,,,1,85,,292845,25,,,1,25,,292846,25,,,1,70,,292847,25,,,1,30,,292848,25,,,1,65,,292849,25,,,1,35,,292850,25,,,1,77,,292851,25,,,1,35,,292852,25,,,1,70,,292854,25,,,1,30,,292856,25,,,1,65,,292858,18,0,53 38 9,1,25,,292860,25,,,1,70,,292862,25,,,1,38,,292864,18,0,53 38 9,1,65,,292866,25,,,1,85,,292869,18,0,53 38 9,1,40,,292872,25,,,1,65,,292875,25,,,1,30,,292880,25,,,1,65,,292884,25,,,1,20,,292887,25,,,1,30,,292890,25,,,1,80,,292893,25,,,1,85,,292895,25,,,1,15,,292897,25,,,1,25,,292899,25,,,1,65,,292901,25,,,1,95,,292903,25,,,1,85,,292904,25,,,1
4101,'20260918',759,,292905,25,,,1,68,,292906,18,0,53 38 9,1,79,,292907,25,,,1,28,,292908,25,,,1,85,,292910,25,,,1,25,,292911,25,,,1,70,,292912,25,,,1,30,,292913,25,,,1,65,,292914,25,,,1,35,,292915,25,,,1,77,,292916,25,,,1,35,,292917,25,,,1,70,,292919,25,,,1,30,,292921,25,,,1,65,,292923,18,0,53 38 9,1,25,,292925,25,,,1,70,,292927,25,,,1,38,,292929,18,0,53 38 9,1,65,,292931,25,,,1,85,,292934,18,0,53 38 9,1,40,,292937,25,,,1,65,,292940,25,,,1,30,,292945,25,,,1,65,,292949,25,,,1,20,,292952,25,,,1,30,,292955,25,,,1,80,,292958,25,,,1,85,,292960,25,,,1,15,,292962,25,,,1,25,,292964,25,,,1,65,,292966,25,,,1,95,,292968,25,,,1,85,,292969,25,,,1
4101,'20260921',759,,292970,25,,,1,68,,292971,18,0,53 38 9,1,79,,292972,25,,,1,28,,292973,25,,,1,85,,292975,25,,,1,25,,292976,25,,,1,70,,292977,25,,,1,30,,292978,25,,,1,65,,292979,25,,,1,35,,292980,25,,,1,77,,292981,25,,,1,35,,292982,25,,,1,70,,292984,25,,,1,30,,292986,25,,,1,65,,292988,18,0,53 38 9,1,25,,292990,25,,,1,70,,292992,25,,,1,38,,292994,18,0,53 38 9,1,65,,292996,25,,,1,85,,292999,18,0,53 38 9,1,40,,293002,25,,,1,65,,293005,25,,,1,30,,293010,25,,,1,65,,293014,25,,,1,20,,293017,25,,,1,30,,293020,25,,,1,80,,293023,25,,,1,85,,293025,25,,,1,15,,293027,25,,,1,25,,293029,25,,,1,65,,293031,25,,,1,95,,293033,25,,,1,85,,293034,25,,,1
4101,'20260922',759,,293035,25,,,1,68,,293036,18,0,53 38 9,1,79,,293037,25,,,1,28,,293038,25,,,1,85,,293040,25,,,1,25,,293041,25,,,1,70,,293042,25,,,1,30,,293043,25,,,1,65,,293044,25,,,1,35,,293045,25,,,1,77,,293046,25,,,1,35,,293047,25,,,1,70,,293049,25,,,1,30,,293051,25,,,1,65,,293053,18,0,53 38 9,1,25,,293055,25,,,1,70,,293057,25,,,1,38,,293059,18,0,53 38 9,1,65,,293061,25,,,1,85,,293064,18,0,53 38 9,1,40,,293067,25,,,1,65,,293070,25,,,1,30,,293075,25,,,1,65,,293079,25,,,1,20,,293082,25,,,1,30,,293085,25,,,1,80,,293088,25,,,1,85,,293090,25,,,1,15,,293092,25,,,1,25,,293094,25,,,1,65,,293096,25,,,1,95,,293098,25,,,1,85,,293099,25,,,1
4101,'20260923',759,,293100,25,,,1,68,,293101,18,0,53 38 9,1,79,,293102,25,,,1,28,,293103,25,,,1,85,,293105,25,,,1,25,,293106,25,,,1,70,,293107,25,,,1,30,,293108,25,,,1,65,,293109,25,,,1,35,,293110,25,,,1,77,,293111,25,,,1,35,,293112,25,,,1,70,,293114,25,,,1,30,,293116,25,,,1,65,,293118,18,0,53 38 9,1,25,,293120,25,,,1,70,,293122,25,,,1,38,,293124,18,0,53 38 9,1,65,,293126,25,,,1,85,,293129,18,0,53 38 9,1,40,,293132,25,,,1,65,,293135,25,,,1,30,,293140,25,,,1,65,,293144,25,,,1,20,,293147,25,,,1,30,,293150,25,,,1,80,,293153,25,,,1,85,,293155,25,,,1,15,,293157,25,,,1,25,,293159,25,,,1,65,,293161,25,,,1,95,,293163,25,,,1,85,,293164,25,,,1
4101,'20260924',759,,293165,25,,,1,68,,293166,18,0,53 38 9,1,79,,293167,25,,,1,28,,293168,25,,,1,85,,293170,25,,,1,25,,293171,25,,,1,70,,293172,25,,,1,30,,293173,25,,,1,65,,293174,25,,,1,35,,293175,25,,,1,77,,293176,25,,,1,35,,293177,25,,,1,70,,293179,25,,,1,30,,293181,25,,,1,65,,293183,18,0,53 38 9,1,25,,293185,25,,,1,70,,293187,25,,,1,38,,293189,18,0,53 38 9,1,65,,293191,25,,,1,85,,293194,18,0,53 38 9,1,40,,293197,25,,,1,65,,293200,25,,,1,30,,293205,25,,,1,65,,293209,25,,,1,20,,293212,25,,,1,30,,293215,25,,,1,80,,293218,25,,,1,85,,293220,25,,,1,15,,293222,25,,,1,25,,293224,25,,,1,65,,293226,25,,,1,95,,293228,25,,,1,85,,293229,25,,,1
4101,'20260925',759,,293230,25,,,1,68,,293231,18,0,53 38 9,1,79,,293232,25,,,1,28,,293233,25,,,1,85,,293235,25,,,1,25,,293236,25,,,1,70,,293237,25,,,1,30,,293238,25,,,1,65,,293239,25,,,1,35,,293240,25,,,1,77,,293241,25,,,1,35,,293242,25,,,1,70,,293244,25,,,1,30,,293246,25,,,1,65,,293248,18,0,53 38 9,1,25,,293250,25,,,1,70,,293252,25,,,1,38,,293254,18,0,53 38 9,1,65,,293256,25,,,1,85,,293259,18,0,53 38 9,1,40,,293262,25,,,1,65,,293265,25,,,1,30,,293270,25,,,1,65,,293274,25,,,1,20,,293277,25,,,1,30,,293280,25,,,1,80,,293283,25,,,1,85,,293285,25,,,1,15,,293287,25,,,1,25,,293289,25,,,1,65,,293291,25,,,1,95,,293293,25,,,1,85,,293294,25,,,1
4101,'20260928',759,,293295,25,,,1,68,,293296,18,0,53 38 9,1,79,,293297,25,,,1,28,,293298,25,,,1,85,,293300,25,,,1,25,,293301,25,,,1,70,,293302,25,,,1,30,,293303,25,,,1,65,,293304,25,,,1,35,,293305,25,,,1,77,,293306,25,,,1,35,,293307,25,,,1,70,,293309,25,,,1,30,,293311,25,,,1,65,,293313,18,0,53 38 9,1,25,,293315,25,,,1,70,,293317,25,,,1,38,,293319,18,0,53 38 9,1,65,,293321,25,,,1,85,,293324,18,0,53 38 9,1,40,,293327,25,,,1,65,,293330,25,,,1,30,,293335,25,,,1,65,,293339,25,,,1,20,,293342,25,,,1,30,,293345,25,,,1,80,,293348,25,,,1,85,,293350,25,,,1,15,,293352,25,,,1,25,,293354,25,,,1,65,,293356,25,,,1,95,,293358,25,,,1,85,,293359,25,,,1
4101,'20260929',759,,293360,25,,,1,68,,293361,18,0,53 38 9,1,79,,293362,25,,,1,28,,293363,25,,,1,85,,293365,25,,,1,25,,293366,25,,,1,70,,293367,25,,,1,30,,293368,25,,,1,65,,293369,25,,,1,35,,293370,25,,,1,77,,293371,25,,,1,35,,293372,25,,,1,70,,293374,25,,,1,30,,293376,25,,,1,65,,293378,18,0,53 38 9,1,25,,293380,25,,,1,70,,293382,25,,,1,38,,293384,18,0,53 38 9,1,65,,293386,25,,,1,85,,293389,18,0,53 38 9,1,40,,293392,25,,,1,65,,293395,25,,,1,30,,293400,25,,,1,65,,293404,25,,,1,20,,293407,25,,,1,30,,293410,25,,,1,80,,293413,25,,,1,85,,293415,25,,,1,15,,293417,25,,,1,25,,293419,25,,,1,65,,293421,25,,,1,95,,293423,25,,,1,85,,293424,25,,,1
4101,'20260930',759,,293425,25,,,1,68,,293426,18,0,53 38 9,1,79,,293427,25,,,1,28,,293428,25,,,1,85,,293430,25,,,1,25,,293431,25,,,1,70,,293432,25,,,1,30,,293433,25,,,1,65,,293434,25,,,1,35,,293435,25,,,1,77,,293436,25,,,1,35,,293437,25,,,1,70,,293439,25,,,1,30,,293441,25,,,1,65,,293443,18,0,53 38 9,1,25,,293445,25,,,1,70,,293447,25,,,1,38,,293449,18,0,53 38 9,1,65,,293451,25,,,1,85,,293454,18,0,53 38 9,1,40,,293457,25,,,1,65,,293460,25,,,1,30,,293465,25,,,1,65,,293469,25,,,1,20,,293472,25,,,1,30,,293475,25,,,1,80,,293478,25,,,1,85,,293480,25,,,1,15,,293482,25,,,1,25,,293484,25,,,1,65,,293486,25,,,1,95,,293488,25,,,1,85,,293489,25,,,1
4101,'20261001',759,,293490,25,,,1,68,,293491,18,0,53 38 9,1,79,,293492,25,,,1,28,,293493,25,,,1,85,,293495,25,,,1,25,,293496,25,,,1,70,,293497,25,,,1,30,,293498,25,,,1,65,,293499,25,,,1,35,,293500,25,,,1,77,,293501,25,,,1,35,,293502,25,,,1,70,,293504,25,,,1,30,,293506,25,,,1,65,,293508,18,0,53 38 9,1,25,,293510,25,,,1,70,,293512,25,,,1,38,,293514,18,0,53 38 9,1,65,,293516,25,,,1,85,,293519,18,0,53 38 9,1,40,,293522,25,,,1,65,,293525,25,,,1,30,,293530,25,,,1,65,,293534,25,,,1,20,,293537,25,,,1,30,,293540,25,,,1,80,,293543,25,,,1,85,,293545,25,,,1,15,,293547,25,,,1,25,,293549,25,,,1,65,,293551,25,,,1,95,,293553,25,,,1,85,,293554,25,,,1
4101,'20261002',759,,293555,25,,,1,68,,293556,18,0,53 38 9,1,79,,293557,25,,,1,28,,293558,25,,,1,85,,293560,25,,,1,25,,293561,25,,,1,70,,293562,25,,,1,30,,293563,25,,,1,65,,293564,25,,,1,35,,293565,25,,,1,77,,293566,25,,,1,35,,293567,25,,,1,70,,293569,25,,,1,30,,293571,25,,,1,65,,293573,18,0,53 38 9,1,25,,293575,25,,,1,70,,293577,25,,,1,38,,293579,18,0,53 38 9,1,65,,293581,25,,,1,85,,293584,18,0,53 38 9,1,40,,293587,25,,,1,65,,293590,25,,,1,30,,293595,25,,,1,65,,293599,25,,,1,20,,293602,25,,,1,30,,293605,25,,,1,80,,293608,25,,,1,85,,293610,25,,,1,15,,293612,25,,,1,25,,293614,25,,,1,65,,293616,25,,,1,95,,293618,25,,,1,85,,293619,25,,,1
4101,'20261005',759,,293620,25,,,1,68,,293621,18,0,53 38 9,1,79,,293622,25,,,1,28,,293623,25,,,1,85,,293625,25,,,1,25,,293626,25,,,1,70,,293627,25,,,1,30,,293628,25,,,1,65,,293629,25,,,1,35,,293630,25,,,1,77,,293631,25,,,1,35,,293632,25,,,1,70,,293634,25,,,1,30,,293636,25,,,1,65,,293638,18,0,53 38 9,1,25,,293640,25,,,1,70,,293642,25,,,1,38,,293644,18,0,53 38 9,1,65,,293646,25,,,1,85,,293649,18,0,53 38 9,1,40,,293652,25,,,1,65,,293655,25,,,1,30,,293660,25,,,1,65,,293664,25,,,1,20,,293667,25,,,1,30,,293670,25,,,1,80,,293673,25,,,1,85,,293675,25,,,1,15,,293677,25,,,1,25,,293679,25,,,1,65,,293681,25,,,1,95,,293683,25,,,1,85,,293684,25,,,1
4101,'20261006',759,,293685,25,,,1,68,,293686,18,0,53 38 9,1,79,,293687,25,,,1,28,,293688,25,,,1,85,,293690,25,,,1,25,,293691,25,,,1,70,,293692,25,,,1,30,,293693,25,,,1,65,,293694,25,,,1,35,,293695,25,,,1,77,,293696,25,,,1,35,,293697,25,,,1,70,,293699,25,,,1,30,,293701,25,,,1,65,,293703,18,0,53 38 9,1,25,,293705,25,,,1,70,,293707,25,,,1,38,,293709,18,0,53 38 9,1,65,,293711,25,,,1,85,,293714,18,0,53 38 9,1,40,,293717,25,,,1,65,,293720,25,,,1,30,,293725,25,,,1,65,,293729,25,,,1,20,,293732,25,,,1,30,,293735,25,,,1,80,,293738,25,,,1,85,,293740,25,,,1,15,,293742,25,,,1,25,,293744,25,,,1,65,,293746,25,,,1,95,,293748,25,,,1,85,,293749,25,,,1
4101,'20261007',759,,293750,25,,,1,68,,293751,18,0,53 38 9,1,79,,293752,25,,,1,28,,293753,25,,,1,85,,293755,25,,,1,25,,293756,25,,,1,70,,293757,25,,,1,30,,293758,25,,,1,65,,293759,25,,,1,35,,293760,25,,,1,77,,293761,25,,,1,35,,293762,25,,,1,70,,293764,25,,,1,30,,293766,25,,,1,65,,293768,18,0,53 38 9,1,25,,293770,25,,,1,70,,293772,25,,,1,38,,293774,18,0,53 38 9,1,65,,293776,25,,,1,85,,293779,18,0,53 38 9,1,40,,293782,25,,,1,65,,293785,25,,,1,30,,293790,25,,,1,65,,293794,25,,,1,20,,293797,25,,,1,30,,293800,25,,,1,80,,293803,25,,,1,85,,293805,25,,,1,15,,293807,25,,,1,25,,293809,25,,,1,65,,293811,25,,,1,95,,293813,25,,,1,85,,293814,25,,,1
4101,'20261008',759,,293815,25,,,1,68,,293816,18,0,53 38 9,1,79,,293817,25,,,1,28,,293818,25,,,1,85,,293820,25,,,1,25,,293821,25,,,1,70,,293822,25,,,1,30,,293823,25,,,1,65,,293824,25,,,1,35,,293825,25,,,1,77,,293826,25,,,1,35,,293827,25,,,1,70,,293829,25,,,1,30,,293831,25,,,1,65,,293833,18,0,53 38 9,1,25,,293835,25,,,1,70,,293837,25,,,1,38,,293839,18,0,53 38 9,1,65,,293841,25,,,1,85,,293844,18,0,53 38 9,1,40,,293847,25,,,1,65,,293850,25,,,1,30,,293855,25,,,1,65,,293859,25,,,1,20,,293862,25,,,1,30,,293865,25,,,1,80,,293868,25,,,1,85,,293870,25,,,1,15,,293872,25,,,1,25,,293874,25,,,1,65,,293876,25,,,1,95,,293878,25,,,1,85,,293879,25,,,1
4101,'20261009',759,,293880,25,,,1,68,,293881,18,0,53 38 9,1,79,,293882,25,,,1,28,,293883,25,,,1,85,,293885,25,,,1,25,,293886,25,,,1,70,,293887,25,,,1,30,,293888,25,,,1,65,,293889,25,,,1,35,,293890,25,,,1,77,,293891,25,,,1,35,,293892,25,,,1,70,,293894,25,,,1,30,,293896,25,,,1,65,,293898,18,0,53 38 9,1,25,,293900,25,,,1,70,,293902,25,,,1,38,,293904,18,0,53 38 9,1,65,,293906,25,,,1,85,,293909,18,0,53 38 9,1,40,,293912,25,,,1,65,,293915,25,,,1,30,,293920,25,,,1,65,,293924,25,,,1,20,,293927,25,,,1,30,,293930,25,,,1,80,,293933,25,,,1,85,,293935,25,,,1,15,,293937,25,,,1,25,,293939,25,,,1,65,,293941,25,,,1,95,,293943,25,,,1,85,,293944,25,,,1
4101,'20261013',759,,293945,25,,,1,68,,293946,18,0,53 38 9,1,79,,293947,25,,,1,28,,293948,25,,,1,85,,293950,25,,,1,25,,293951,25,,,1,70,,293952,25,,,1,30,,293953,25,,,1,65,,293954,25,,,1,35,,293955,25,,,1,77,,293956,25,,,1,35,,293957,25,,,1,70,,293959,25,,,1,30,,293961,25,,,1,65,,293963,18,0,53 38 9,1,25,,293965,25,,,1,70,,293967,25,,,1,38,,293969,18,0,53 38 9,1,65,,293971,25,,,1,85,,293974,18,0,53 38 9,1,40,,293977,25,,,1,65,,293980,25,,,1,30,,293985,25,,,1,65,,293989,25,,,1,20,,293992,25,,,1,30,,293995,25,,,1,80,,293998,25,,,1,85,,294000,25,,,1,15,,294002,25,,,1,25,,294004,25,,,1,65,,294006,25,,,1,95,,294008,25,,,1,85,,294009,25,,,1
4101,'20261014',759,,294010,25,,,1,68,,294011,18,0,53 38 9,1,79,,294012,25,,,1,28,,294013,25,,,1,85,,294015,25,,,1,25,,294016,25,,,1,70,,294017,25,,,1,30,,294018,25,,,1,65,,294019,25,,,1,35,,294020,25,,,1,77,,294021,25,,,1,35,,294022,25,,,1,70,,294024,25,,,1,30,,294026,25,,,1,65,,294028,18,0,53 38 9,1,25,,294030,25,,,1,70,,294032,25,,,1,38,,294034,18,0,53 38 9,1,65,,294036,25,,,1,85,,294039,18,0,53 38 9,1,40,,294042,25,,,1,65,,294045,25,,,1,30,,294050,25,,,1,65,,294054,25,,,1,20,,294057,25,,,1,30,,294060,25,,,1,80,,294063,25,,,1,85,,294065,25,,,1,15,,294067,25,,,1,25,,294069,25,,,1,65,,294071,25,,,1,95,,294073,25,,,1,85,,294074,25,,,1
4101,'20261015',759,,294075,25,,,1,68,,294076,18,0,53 38 9,1,79,,294077,25,,,1,28,,294078,25,,,1,85,,294080,25,,,1,25,,294081,25,,,1,70,,294082,25,,,1,30,,294083,25,,,1,65,,294084,25,,,1,35,,294085,25,,,1,77,,294086,25,,,1,35,,294087,25,,,1,70,,294089,25,,,1,30,,294091,25,,,1,65,,294093,18,0,53 38 9,1,25,,294095,25,,,1,70,,294097,25,,,1,38,,294099,18,0,53 38 9,1,65,,294101,25,,,1,85,,294104,18,0,53 38 9,1,40,,294107,25,,,1,65,,294110,25,,,1,30,,294115,25,,,1,65,,294119,25,,,1,20,,294122,25,,,1,30,,294125,25,,,1,80,,294128,25,,,1,85,,294130,25,,,1,15,,294132,25,,,1,25,,294134,25,,,1,65,,294136,25,,,1,95,,294138,25,,,1,85,,294139,25,,,1
4101,'20261016',759,,294140,25,,,1,68,,294141,18,0,53 38 9,1,79,,294142,25,,,1,28,,294143,25,,,1,85,,294145,25,,,1,25,,294146,25,,,1,70,,294147,25,,,1,30,,294148,25,,,1,65,,294149,25,,,1,35,,294150,25,,,1,77,,294151,25,,,1,35,,294152,25,,,1,70,,294154,25,,,1,30,,294156,25,,,1,65,,294158,18,0,53 38 9,1,25,,294160,25,,,1,70,,294162,25,,,1,38,,294164,18,0,53 38 9,1,65,,294166,25,,,1,85,,294169,18,0,53 38 9,1,40,,294172,25,,,1,65,,294175,25,,,1,30,,294180,25,,,1,65,,294184,25,,,1,20,,294187,25,,,1,30,,294190,25,,,1,80,,294193,25,,,1,85,,294195,25,,,1,15,,294197,25,,,1,25,,294199,25,,,1,65,,294201,25,,,1,95,,294203,25,,,1,85,,294204,25,,,1
4101,'20261019',759,,294205,25,,,1,68,,294206,18,0,53 38 9,1,79,,294207,25,,,1,28,,294208,25,,,1,85,,294210,25,,,1,25,,294211,25,,,1,70,,294212,25,,,1,30,,294213,25,,,1,65,,294214,25,,,1,35,,294215,25,,,1,77,,294216,25,,,1,35,,294217,25,,,1,70,,294219,25,,,1,30,,294221,25,,,1,65,,294223,18,0,53 38 9,1,25,,294225,25,,,1,70,,294227,25,,,1,38,,294229,18,0,53 38 9,1,65,,294231,25,,,1,85,,294234,18,0,53 38 9,1,40,,294237,25,,,1,65,,294240,25,,,1,30,,294245,25,,,1,65,,294249,25,,,1,20,,294252,25,,,1,30,,294255,25,,,1,80,,294258,25,,,1,85,,294260,25,,,1,15,,294262,25,,,1,25,,294264,25,,,1,65,,294266,25,,,1,95,,294268,25,,,1,85,,294269,25,,,1
4101,'20261020',759,,294270,25,,,1,68,,294271,18,0,53 38 9,1,79,,294272,25,,,1,28,,294273,25,,,1,85,,294275,25,,,1,25,,294276,25,,,1,70,,294277,25,,,1,30,,294278,25,,,1,65,,294279,25,,,1,35,,294280,25,,,1,77,,294281,25,,,1,35,,294282,25,,,1,70,,294284,25,,,1,30,,294286,25,,,1,65,,294288,18,0,53 38 9,1,25,,294290,25,,,1,70,,294292,25,,,1,38,,294294,18,0,53 38 9,1,65,,294296,25,,,1,85,,294299,18,0,53 38 9,1,40,,294302,25,,,1,65,,294305,25,,,1,30,,294310,25,,,1,65,,294314,25,,,1,20,,294317,25,,,1,30,,294320,25,,,1,80,,294323,25,,,1,85,,294325,25,,,1,15,,294327,25,,,1,25,,294329,25,,,1,65,,294331,25,,,1,95,,294333,25,,,1,85,,294334,25,,,1
4101,'20261021',759,,294335,25,,,1,68,,294336,18,0,53 38 9,1,79,,294337,25,,,1,28,,294338,25,,,1,85,,294340,25,,,1,25,,294341,25,,,1,70,,294342,25,,,1,30,,294343,25,,,1,65,,294344,25,,,1,35,,294345,25,,,1,77,,294346,25,,,1,35,,294347,25,,,1,70,,294349,25,,,1,30,,294351,25,,,1,65,,294353,18,0,53 38 9,1,25,,294355,25,,,1,70,,294357,25,,,1,38,,294359,18,0,53 38 9,1,65,,294361,25,,,1,85,,294364,18,0,53 38 9,1,40,,294367,25,,,1,65,,294370,25,,,1,30,,294375,25,,,1,65,,294379,25,,,1,20,,294382,25,,,1,30,,294385,25,,,1,80,,294388,25,,,1,85,,294390,25,,,1,15,,294392,25,,,1,25,,294394,25,,,1,65,,294396,25,,,1,95,,294398,25,,,1,85,,294399,25,,,1
4101,'20261022',759,,294400,25,,,1,68,,294401,18,0,53 38 9,1,79,,294402,25,,,1,28,,294403,25,,,1,85,,294405,25,,,1,25,,294406,25,,,1,70,,294407,25,,,1,30,,294408,25,,,1,65,,294409,25,,,1,35,,294410,25,,,1,77,,294411,25,,,1,35,,294412,25,,,1,70,,294414,25,,,1,30,,294416,25,,,1,65,,294418,18,0,53 38 9,1,25,,294420,25,,,1,70,,294422,25,,,1,38,,294424,18,0,53 38 9,1,65,,294426,25,,,1,85,,294429,18,0,53 38 9,1,40,,294432,25,,,1,65,,294435,25,,,1,30,,294440,25,,,1,65,,294444,25,,,1,20,,294447,25,,,1,30,,294450,25,,,1,80,,294453,25,,,1,85,,294455,25,,,1,15,,294457,25,,,1,25,,294459,25,,,1,65,,294461,25,,,1,95,,294463,25,,,1,85,,294464,25,,,1
4101,'20261023',759,,294465,25,,,1,68,,294466,18,0,53 38 9,1,79,,294467,25,,,1,28,,294468,25,,,1,85,,294470,25,,,1,25,,294471,25,,,1,70,,294472,25,,,1,30,,294473,25,,,1,65,,294474,25,,,1,35,,294475,25,,,1,77,,294476,25,,,1,35,,294477,25,,,1,70,,294479,25,,,1,30,,294481,25,,,1,65,,294483,18,0,53 38 9,1,25,,294485,25,,,1,70,,294487,25,,,1,38,,294489,18,0,53 38 9,1,65,,294491,25,,,1,85,,294494,18,0,53 38 9,1,40,,294497,25,,,1,65,,294500,25,,,1,30,,294505,25,,,1,65,,294509,25,,,1,20,,294512,25,,,1,30,,294515,25,,,1,80,,294518,25,,,1,85,,294520,25,,,1,15,,294522,25,,,1,25,,294524,25,,,1,65,,294526,25,,,1,95,,294528,25,,,1,85,,294529,25,,,1
4101,'20261026',759,,294530,25,,,1,68,,294531,18,0,53 38 9,1,79,,294532,25,,,1,28,,294533,25,,,1,85,,294535,25,,,1,25,,294536,25,,,1,70,,294537,25,,,1,30,,294538,25,,,1,65,,294539,25,,,1,35,,294540,25,,,1,77,,294541,25,,,1,35,,294542,25,,,1,70,,294544,25,,,1,30,,294546,25,,,1,65,,294548,18,0,53 38 9,1,25,,294550,25,,,1,70,,294552,25,,,1,38,,294554,18,0,53 38 9,1,65,,294556,25,,,1,85,,294559,18,0,53 38 9,1,40,,294562,25,,,1,65,,294565,25,,,1,30,,294570,25,,,1,65,,294574,25,,,1,20,,294577,25,,,1,30,,294580,25,,,1,80,,294583,25,,,1,85,,294585,25,,,1,15,,294587,25,,,1,25,,294589,25,,,1,65,,294591,25,,,1,95,,294593,25,,,1,85,,294594,25,,,1
4101,'20261027',759,,294595,25,,,1,68,,294596,18,0,53 38 9,1,79,,294597,25,,,1,28,,294598,25,,,1,85,,294600,25,,,1,25,,294601,25,,,1,70,,294602,25,,,1,30,,294603,25,,,1,65,,294604,25,,,1,35,,294605,25,,,1,77,,294606,25,,,1,35,,294607,25,,,1,70,,294609,25,,,1,30,,294611,25,,,1,65,,294613,18,0,53 38 9,1,25,,294615,25,,,1,70,,294617,25,,,1,38,,294619,18,0,53 38 9,1,65,,294621,25,,,1,85,,294624,18,0,53 38 9,1,40,,294627,25,,,1,65,,294630,25,,,1,30,,294635,25,,,1,65,,294639,25,,,1,20,,294642,25,,,1,30,,294645,25,,,1,80,,294648,25,,,1,85,,294650,25,,,1,15,,294652,25,,,1,25,,294654,25,,,1,65,,294656,25,,,1,95,,294658,25,,,1,85,,294659,25,,,1
4101,'20261028',759,,294660,25,,,1,68,,294661,18,0,53 38 9,1,79,,294662,25,,,1,28,,294663,25,,,1,85,,294665,25,,,1,25,,294666,25,,,1,70,,294667,25,,,1,30,,294668,25,,,1,65,,294669,25,,,1,35,,294670,25,,,1,77,,294671,25,,,1,35,,294672,25,,,1,70,,294674,25,,,1,30,,294676,25,,,1,65,,294678,18,0,53 38 9,1,25,,294680,25,,,1,70,,294682,25,,,1,38,,294684,18,0,53 38 9,1,65,,294686,25,,,1,85,,294689,18,0,53 38 9,1,40,,294692,25,,,1,65,,294695,25,,,1,30,,294700,25,,,1,65,,294704,25,,,1,20,,294707,25,,,1,30,,294710,25,,,1,80,,294713,25,,,1,85,,294715,25,,,1,15,,294717,25,,,1,25,,294719,25,,,1,65,,294721,25,,,1,95,,294723,25,,,1,85,,294724,25,,,1
4101,'20261029',759,,294725,25,,,1,68,,294726,18,0,53 38 9,1,79,,294727,25,,,1,28,,294728,25,,,1,85,,294730,25,,,1,25,,294731,25,,,1,70,,294732,25,,,1,30,,294733,25,,,1,65,,294734,25,,,1,35,,294735,25,,,1,77,,294736,25,,,1,35,,294737,25,,,1,70,,294739,25,,,1,30,,294741,25,,,1,65,,294743,18,0,53 38 9,1,25,,294745,25,,,1,70,,294747,25,,,1,38,,294749,18,0,53 38 9,1,65,,294751,25,,,1,85,,294754,18,0,53 38 9,1,40,,294757,25,,,1,65,,294760,25,,,1,30,,294765,25,,,1,65,,294769,25,,,1,20,,294772,25,,,1,30,,294775,25,,,1,80,,294778,25,,,1,85,,294780,25,,,1,15,,294782,25,,,1,25,,294784,25,,,1,65,,294786,25,,,1,95,,294788,25,,,1,85,,294789,25,,,1
4101,'20261030',759,,294790,25,,,1,68,,294791,18,0,53 38 9,1,79,,294792,25,,,1,28,,294793,25,,,1,85,,294795,25,,,1,25,,294796,25,,,1,70,,294797,25,,,1,30,,294798,25,,,1,65,,294799,25,,,1,35,,294800,25,,,1,77,,294801,25,,,1,35,,294802,25,,,1,70,,294804,25,,,1,30,,294806,25,,,1,65,,294808,18,0,53 38 9,1,25,,294810,25,,,1,70,,294812,25,,,1,38,,294814,18,0,53 38 9,1,65,,294816,25,,,1,85,,294819,18,0,53 38 9,1,40,,294822,25,,,1,65,,294825,25,,,1,30,,294830,25,,,1,65,,294834,25,,,1,20,,294837,25,,,1,30,,294840,25,,,1,80,,294843,25,,,1,85,,294845,25,,,1,15,,294847,25,,,1,25,,294849,25,,,1,65,,294851,25,,,1,95,,294853,25,,,1,85,,294854,25,,,1
4101,'20261102',759,,294855,25,,,1,68,,294856,18,0,53 38 9,1,79,,294857,25,,,1,28,,294858,25,,,1,85,,294860,25,,,1,25,,294861,25,,,1,70,,294862,25,,,1,30,,294863,25,,,1,65,,294864,25,,,1,35,,294865,25,,,1,77,,294866,25,,,1,35,,294867,25,,,1,70,,294869,25,,,1,30,,294871,25,,,1,65,,294873,18,0,53 38 9,1,25,,294875,25,,,1,70,,294877,25,,,1,38,,294879,18,0,53 38 9,1,65,,294881,25,,,1,85,,294884,18,0,53 38 9,1,40,,294887,25,,,1,65,,294890,25,,,1,30,,294895,25,,,1,65,,294899,25,,,1,20,,294902,25,,,1,30,,294905,25,,,1,80,,294908,25,,,1,85,,294910,25,,,1,15,,294912,25,,,1,25,,294914,25,,,1,65,,294916,25,,,1,95,,294918,25,,,1,85,,294919,25,,,1
4101,'20261103',759,,294920,25,,,1,68,,294921,18,0,53 38 9,1,79,,294922,25,,,1,28,,294923,25,,,1,85,,294925,25,,,1,25,,294926,25,,,1,70,,294927,25,,,1,30,,294928,25,,,1,65,,294929,25,,,1,35,,294930,25,,,1,77,,294931,25,,,1,35,,294932,25,,,1,70,,294934,25,,,1,30,,294936,25,,,1,65,,294938,18,0,53 38 9,1,25,,294940,25,,,1,70,,294942,25,,,1,38,,294944,18,0,53 38 9,1,65,,294946,25,,,1,85,,294949,18,0,53 38 9,1,40,,294952,25,,,1,65,,294955,25,,,1,30,,294960,25,,,1,65,,294964,25,,,1,20,,294967,25,,,1,30,,294970,25,,,1,80,,294973,25,,,1,85,,294975,25,,,1,15,,294977,25,,,1,25,,294979,25,,,1,65,,294981,25,,,1,95,,294983,25,,,1,85,,294984,25,,,1
4101,'20261104',759,,294985,25,,,1,68,,294986,18,0,53 38 9,1,79,,294987,25,,,1,28,,294988,25,,,1,85,,294990,25,,,1,25,,294991,25,,,1,70,,294992,25,,,1,30,,294993,25,,,1,65,,294994,25,,,1,35,,294995,25,,,1,77,,294996,25,,,1,35,,294997,25,,,1,70,,294999,25,,,1,30,,295001,25,,,1,65,,295003,18,0,53 38 9,1,25,,295005,25,,,1,70,,295007,25,,,1,38,,295009,18,0,53 38 9,1,65,,295011,25,,,1,85,,295014,18,0,53 38 9,1,40,,295017,25,,,1,65,,295020,25,,,1,30,,295025,25,,,1,65,,295029,25,,,1,20,,295032,25,,,1,30,,295035,25,,,1,80,,295038,25,,,1,85,,295040,25,,,1,15,,295042,25,,,1,25,,295044,25,,,1,65,,295046,25,,,1,95,,295048,25,,,1,85,,295049,25,,,1
4101,'20261105',759,,295050,25,,,1,68,,295051,18,0,53 38 9,1,79,,295052,25,,,1,28,,295053,25,,,1,85,,295055,25,,,1,25,,295056,25,,,1,70,,295057,25,,,1,30,,295058,25,,,1,65,,295059,25,,,1,35,,295060,25,,,1,77,,295061,25,,,1,35,,295062,25,,,1,70,,295064,25,,,1,30,,295066,25,,,1,65,,295068,18,0,53 38 9,1,25,,295070,25,,,1,70,,295072,25,,,1,38,,295074,18,0,53 38 9,1,65,,295076,25,,,1,85,,295079,18,0,53 38 9,1,40,,295082,25,,,1,65,,295085,25,,,1,30,,295090,25,,,1,65,,295094,25,,,1,20,,295097,25,,,1,30,,295100,25,,,1,80,,295103,25,,,1,85,,295105,25,,,1,15,,295107,25,,,1,25,,295109,25,,,1,65,,295111,25,,,1,95,,295113,25,,,1,85,,295114,25,,,1
4101,'20261106',759,,295115,25,,,1,68,,295116,18,0,53 38 9,1,79,,295117,25,,,1,28,,295118,25,,,1,85,,295120,25,,,1,25,,295121,25,,,1,70,,295122,25,,,1,30,,295123,25,,,1,65,,295124,25,,,1,35,,295125,25,,,1,77,,295126,25,,,1,35,,295127,25,,,1,70,,295129,25,,,1,30,,295131,25,,,1,65,,295133,18,0,53 38 9,1,25,,295135,25,,,1,70,,295137,25,,,1,38,,295139,18,0,53 38 9,1,65,,295141,25,,,1,85,,295144,18,0,53 38 9,1,40,,295147,25,,,1,65,,295150,25,,,1,30,,295155,25,,,1,65,,295159,25,,,1,20,,295162,25,,,1,30,,295165,25,,,1,80,,295168,25,,,1,85,,295170,25,,,1,15,,295172,25,,,1,25,,295174,25,,,1,65,,295176,25,,,1,95,,295178,25,,,1,85,,295179,25,,,1
4101,'20261109',759,,295180,25,,,1,68,,295181,18,0,53 38 9,1,79,,295182,25,,,1,28,,295183,25,,,1,85,,295185,25,,,1,25,,295186,25,,,1,70,,295187,25,,,1,30,,295188,25,,,1,65,,295189,25,,,1,35,,295190,25,,,1,77,,295191,25,,,1,35,,295192,25,,,1,70,,295194,25,,,1,30,,295196,25,,,1,65,,295198,18,0,53 38 9,1,25,,295200,25,,,1,70,,295202,25,,,1,38,,295204,18,0,53 38 9,1,65,,295206,25,,,1,85,,295209,18,0,53 38 9,1,40,,295212,25,,,1,65,,295215,25,,,1,30,,295220,25,,,1,65,,295224,25,,,1,20,,295227,25,,,1,30,,295230,25,,,1,80,,295233,25,,,1,85,,295235,25,,,1,15,,295237,25,,,1,25,,295239,25,,,1,65,,295241,25,,,1,95,,295243,25,,,1,85,,295244,25,,,1
4101,'20261110',759,,295245,25,,,1,68,,295246,18,0,53 38 9,1,79,,295247,25,,,1,28,,295248,25,,,1,85,,295250,25,,,1,25,,295251,25,,,1,70,,295252,25,,,1,30,,295253,25,,,1,65,,295254,25,,,1,35,,295255,25,,,1,77,,295256,25,,,1,35,,295257,25,,,1,70,,295259,25,,,1,30,,295261,25,,,1,65,,295263,18,0,53 38 9,1,25,,295265,25,,,1,70,,295267,25,,,1,38,,295269,18,0,53 38 9,1,65,,295271,25,,,1,85,,295274,18,0,53 38 9,1,40,,295277,25,,,1,65,,295280,25,,,1,30,,295285,25,,,1,65,,295289,25,,,1,20,,295292,25,,,1,30,,295295,25,,,1,80,,295298,25,,,1,85,,295300,25,,,1,15,,295302,25,,,1,25,,295304,25,,,1,65,,295306,25,,,1,95,,295308,25,,,1,85,,295309,25,,,1
4101,'20261111',759,,295310,25,,,1,68,,295311,18,0,53 38 9,1,79,,295312,25,,,1,28,,295313,25,,,1,85,,295315,25,,,1,25,,295316,25,,,1,70,,295317,25,,,1,30,,295318,25,,,1,65,,295319,25,,,1,35,,295320,25,,,1,77,,295321,25,,,1,35,,295322,25,,,1,70,,295324,25,,,1,30,,295326,25,,,1,65,,295328,18,0,53 38 9,1,25,,295330,25,,,1,70,,295332,25,,,1,38,,295334,18,0,53 38 9,1,65,,295336,25,,,1,85,,295339,18,0,53 38 9,1,40,,295342,25,,,1,65,,295345,25,,,1,30,,295350,25,,,1,65,,295354,25,,,1,20,,295357,25,,,1,30,,295360,25,,,1,80,,295363,25,,,1,85,,295365,25,,,1,15,,295367,25,,,1,25,,295369,25,,,1,65,,295371,25,,,1,95,,295373,25,,,1,85,,295374,25,,,1
4101,'20261112',759,,295375,25,,,1,68,,295376,18,0,53 38 9,1,79,,295377,25,,,1,28,,295378,25,,,1,85,,295380,25,,,1,25,,295381,25,,,1,70,,295382,25,,,1,30,,295383,25,,,1,65,,295384,25,,,1,35,,295385,25,,,1,77,,295386,25,,,1,35,,295387,25,,,1,70,,295389,25,,,1,30,,295391,25,,,1,65,,295393,18,0,53 38 9,1,25,,295395,25,,,1,70,,295397,25,,,1,38,,295399,18,0,53 38 9,1,65,,295401,25,,,1,85,,295404,18,0,53 38 9,1,40,,295407,25,,,1,65,,295410,25,,,1,30,,295415,25,,,1,65,,295419,25,,,1,20,,295422,25,,,1,30,,295425,25,,,1,80,,295428,25,,,1,85,,295430,25,,,1,15,,295432,25,,,1,25,,295434,25,,,1,65,,295436,25,,,1,95,,295438,25,,,1,85,,295439,25,,,1
4101,'20261113',759,,295440,25,,,1,68,,295441,18,0,53 38 9,1,79,,295442,25,,,1,28,,295443,25,,,1,85,,295445,25,,,1,25,,295446,25,,,1,70,,295447,25,,,1,30,,295448,25,,,1,65,,295449,25,,,1,35,,295450,25,,,1,77,,295451,25,,,1,35,,295452,25,,,1,70,,295454,25,,,1,30,,295456,25,,,1,65,,295458,18,0,53 38 9,1,25,,295460,25,,,1,70,,295462,25,,,1,38,,295464,18,0,53 38 9,1,65,,295466,25,,,1,85,,295469,18,0,53 38 9,1,40,,295472,25,,,1,65,,295475,25,,,1,30,,295480,25,,,1,65,,295484,25,,,1,20,,295487,25,,,1,30,,295490,25,,,1,80,,295493,25,,,1,85,,295495,25,,,1,15,,295497,25,,,1,25,,295499,25,,,1,65,,295501,25,,,1,95,,295503,25,,,1,85,,295504,25,,,1
4101,'20261116',759,,295505,25,,,1,68,,295506,18,0,53 38 9,1,79,,295507,25,,,1,28,,295508,25,,,1,85,,295510,25,,,1,25,,295511,25,,,1,70,,295512,25,,,1,30,,295513,25,,,1,65,,295514,25,,,1,35,,295515,25,,,1,77,,295516,25,,,1,35,,295517,25,,,1,70,,295519,25,,,1,30,,295521,25,,,1,65,,295523,18,0,53 38 9,1,25,,295525,25,,,1,70,,295527,25,,,1,38,,295529,18,0,53 38 9,1,65,,295531,25,,,1,85,,295534,18,0,53 38 9,1,40,,295537,25,,,1,65,,295540,25,,,1,30,,295545,25,,,1,65,,295549,25,,,1,20,,295552,25,,,1,30,,295555,25,,,1,80,,295558,25,,,1,85,,295560,25,,,1,15,,295562,25,,,1,25,,295564,25,,,1,65,,295566,25,,,1,95,,295568,25,,,1,85,,295569,25,,,1
4101,'20261117',759,,295570,25,,,1,68,,295571,18,0,53 38 9,1,79,,295572,25,,,1,28,,295573,25,,,1,85,,295575,25,,,1,25,,295576,25,,,1,70,,295577,25,,,1,30,,295578,25,,,1,65,,295579,25,,,1,35,,295580,25,,,1,77,,295581,25,,,1,35,,295582,25,,,1,70,,295584,25,,,1,30,,295586,25,,,1,65,,295588,18,0,53 38 9,1,25,,295590,25,,,1,70,,295592,25,,,1,38,,295594,18,0,53 38 9,1,65,,295596,25,,,1,85,,295599,18,0,53 38 9,1,40,,295602,25,,,1,65,,295605,25,,,1,30,,295610,25,,,1,65,,295614,25,,,1,20,,295617,25,,,1,30,,295620,25,,,1,80,,295623,25,,,1,85,,295625,25,,,1,15,,295627,25,,,1,25,,295629,25,,,1,65,,295631,25,,,1,95,,295633,25,,,1,85,,295634,25,,,1
4101,'20261118',759,,295635,25,,,1,68,,295636,18,0,53 38 9,1,79,,295637,25,,,1,28,,295638,25,,,1,85,,295640,25,,,1,25,,295641,25,,,1,70,,295642,25,,,1,30,,295643,25,,,1,65,,295644,25,,,1,35,,295645,25,,,1,77,,295646,25,,,1,35,,295647,25,,,1,70,,295649,25,,,1,30,,295651,25,,,1,65,,295653,18,0,53 38 9,1,25,,295655,25,,,1,70,,295657,25,,,1,38,,295659,18,0,53 38 9,1,65,,295661,25,,,1,85,,295664,18,0,53 38 9,1,40,,295667,25,,,1,65,,295670,25,,,1,30,,295675,25,,,1,65,,295679,25,,,1,20,,295682,25,,,1,30,,295685,25,,,1,80,,295688,25,,,1,85,,295690,25,,,1,15,,295692,25,,,1,25,,295694,25,,,1,65,,295696,25,,,1,95,,295698,25,,,1,85,,295699,25,,,1
4101,'20261119',759,,295700,25,,,1,68,,295701,18,0,53 38 9,1,79,,295702,25,,,1,28,,295703,25,,,1,85,,295705,25,,,1,25,,295706,25,,,1,70,,295707,25,,,1,30,,295708,25,,,1,65,,295709,25,,,1,35,,295710,25,,,1,77,,295711,25,,,1,35,,295712,25,,,1,70,,295714,25,,,1,30,,295716,25,,,1,65,,295718,18,0,53 38 9,1,25,,295720,25,,,1,70,,295722,25,,,1,38,,295724,18,0,53 38 9,1,65,,295726,25,,,1,85,,295729,18,0,53 38 9,1,40,,295732,25,,,1,65,,295735,25,,,1,30,,295740,25,,,1,65,,295744,25,,,1,20,,295747,25,,,1,30,,295750,25,,,1,80,,295753,25,,,1,85,,295755,25,,,1,15,,295757,25,,,1,25,,295759,25,,,1,65,,295761,25,,,1,95,,295763,25,,,1,85,,295764,25,,,1
4101,'20261120',759,,295765,25,,,1,68,,295766,18,0,53 38 9,1,79,,295767,25,,,1,28,,295768,25,,,1,85,,295770,25,,,1,25,,295771,25,,,1,70,,295772,25,,,1,30,,295773,25,,,1,65,,295774,25,,,1,35,,295775,25,,,1,77,,295776,25,,,1,35,,295777,25,,,1,70,,295779,25,,,1,30,,295781,25,,,1,65,,295783,18,0,53 38 9,1,25,,295785,25,,,1,70,,295787,25,,,1,38,,295789,18,0,53 38 9,1,65,,295791,25,,,1,85,,295794,18,0,53 38 9,1,40,,295797,25,,,1,65,,295800,25,,,1,30,,295805,25,,,1,65,,295809,25,,,1,20,,295812,25,,,1,30,,295815,25,,,1,80,,295818,25,,,1,85,,295820,25,,,1,15,,295822,25,,,1,25,,295824,25,,,1,65,,295826,25,,,1,95,,295828,25,,,1,85,,295829,25,,,1
4101,'20261123',759,,295830,25,,,1,68,,295831,18,0,53 38 9,1,79,,295832,25,,,1,28,,295833,25,,,1,85,,295835,25,,,1,25,,295836,25,,,1,70,,295837,25,,,1,30,,295838,25,,,1,65,,295839,25,,,1,35,,295840,25,,,1,77,,295841,25,,,1,35,,295842,25,,,1,70,,295844,25,,,1,30,,295846,25,,,1,65,,295848,18,0,53 38 9,1,25,,295850,25,,,1,70,,295852,25,,,1,38,,295854,18,0,53 38 9,1,65,,295856,25,,,1,85,,295859,18,0,53 38 9,1,40,,295862,25,,,1,65,,295865,25,,,1,30,,295870,25,,,1,65,,295874,25,,,1,20,,295877,25,,,1,30,,295880,25,,,1,80,,295883,25,,,1,85,,295885,25,,,1,15,,295887,25,,,1,25,,295889,25,,,1,65,,295891,25,,,1,95,,295893,25,,,1,85,,295894,25,,,1
4101,'20261124',759,,295895,25,,,1,68,,295896,18,0,53 38 9,1,79,,295897,25,,,1,28,,295898,25,,,1,85,,295900,25,,,1,25,,295901,25,,,1,70,,295902,25,,,1,30,,295903,25,,,1,65,,295904,25,,,1,35,,295905,25,,,1,77,,295906,25,,,1,35,,295907,25,,,1,70,,295909,25,,,1,30,,295911,25,,,1,65,,295913,18,0,53 38 9,1,25,,295915,25,,,1,70,,295917,25,,,1,38,,295919,18,0,53 38 9,1,65,,295921,25,,,1,85,,295924,18,0,53 38 9,1,40,,295927,25,,,1,65,,295930,25,,,1,30,,295935,25,,,1,65,,295939,25,,,1,20,,295942,25,,,1,30,,295945,25,,,1,80,,295948,25,,,1,85,,295950,25,,,1,15,,295952,25,,,1,25,,295954,25,,,1,65,,295956,25,,,1,95,,295958,25,,,1,85,,295959,25,,,1
4101,'20261125',759,,295960,25,,,1,68,,295961,18,0,53 38 9,1,79,,295962,25,,,1,28,,295963,25,,,1,85,,295965,25,,,1,25,,295966,25,,,1,70,,295967,25,,,1,30,,295968,25,,,1,65,,295969,25,,,1,35,,295970,25,,,1,77,,295971,25,,,1,35,,295972,25,,,1,70,,295974,25,,,1,30,,295976,25,,,1,65,,295978,18,0,53 38 9,1,25,,295980,25,,,1,70,,295982,25,,,1,38,,295984,18,0,53 38 9,1,65,,295986,25,,,1,85,,295989,18,0,53 38 9,1,40,,295992,25,,,1,65,,295995,25,,,1,30,,296000,25,,,1,65,,296004,25,,,1,20,,296007,25,,,1,30,,296010,25,,,1,80,,296013,25,,,1,85,,296015,25,,,1,15,,296017,25,,,1,25,,296019,25,,,1,65,,296021,25,,,1,95,,296023,25,,,1,85,,296024,25,,,1
4101,'20261126',759,,296025,25,,,1,68,,296026,18,0,53 38 9,1,79,,296027,25,,,1,28,,296028,25,,,1,85,,296030,25,,,1,25,,296031,25,,,1,70,,296032,25,,,1,30,,296033,25,,,1,65,,296034,25,,,1,35,,296035,25,,,1,77,,296036,25,,,1,35,,296037,25,,,1,70,,296039,25,,,1,30,,296041,25,,,1,65,,296043,18,0,53 38 9,1,25,,296045,25,,,1,70,,296047,25,,,1,38,,296049,18,0,53 38 9,1,65,,296051,25,,,1,85,,296054,18,0,53 38 9,1,40,,296057,25,,,1,65,,296060,25,,,1,30,,296065,25,,,1,65,,296069,25,,,1,20,,296072,25,,,1,30,,296075,25,,,1,80,,296078,25,,,1,85,,296080,25,,,1,15,,296082,25,,,1,25,,296084,25,,,1,65,,296086,25,,,1,95,,296088,25,,,1,85,,296089,25,,,1
4101,'20261127',759,,296090,25,,,1,68,,296091,18,0,53 38 9,1,79,,296092,25,,,1,28,,296093,25,,,1,85,,296095,25,,,1,25,,296096,25,,,1,70,,296097,25,,,1,30,,296098,25,,,1,65,,296099,25,,,1,35,,296100,25,,,1,77,,296101,25,,,1,35,,296102,25,,,1,70,,296104,25,,,1,30,,296106,25,,,1,65,,296108,18,0,53 38 9,1,25,,296110,25,,,1,70,,296112,25,,,1,38,,296114,18,0,53 38 9,1,65,,296116,25,,,1,85,,296119,18,0,53 38 9,1,40,,296122,25,,,1,65,,296125,25,,,1,30,,296130,25,,,1,65,,296134,25,,,1,20,,296137,25,,,1,30,,296140,25,,,1,80,,296143,25,,,1,85,,296145,25,,,1,15,,296147,25,,,1,25,,296149,25,,,1,65,,296151,25,,,1,95,,296153,25,,,1,85,,296154,25,,,1
4701,'20260831',614,,194972,11,,,1,105,,194973,11,,,1,30,,194974,11,,,1,590,,194986,11,,,1,418,,194987,3,0,7 38 9,1,887,,194988,11,,,1
4701,'20260901',614,,194989,11,,,1,105,,194990,11,,,1,30,,194991,11,,,1,590,,195003,11,,,1,418,,195004,3,0,7 38 9,1,887,,195005,11,,,1
4701,'20260902',614,,195006,11,,,1,105,,195007,11,,,1,30,,195008,11,,,1,590,,195020,11,,,1,418,,195021,3,0,7 38 9,1,887,,195022,11,,,1
4701,'20260903',614,,195023,11,,,1,105,,195024,11,,,1,30,,195025,11,,,1,590,,195037,11,,,1,418,,195038,3,0,7 38 9,1,887,,195039,11,,,1
4701,'20260904',614,,195040,11,,,1,105,,195041,11,,,1,30,,195042,11,,,1,590,,195054,11,,,1,418,,195055,3,0,7 38 9,1,887,,195056,11,,,1
4701,'20260905',812,,300721,11,,,1,30,,300722,11,,,1,70,,300723,11,,,1,30,,300724,11,,,1,65,,300725,11,,,1,20,,300726,11,,,1,80,,300727,11,,,1,42,,300728,11,,,1,70,,300729,11,,,1,30,,300730,11,,,1,70,,300731,11,,,1,35,,300732,11,,,1,70,,300733,11,,,1,30,,300734,11,,,1,70,,300735,11,,,1,30,,300736,11,,,1,70,,300737,11,,,1,33,,300738,11,,,1,70,,300739,11,,,1,30,,300740,11,,,1,70,,300741,11,,,1,30,,300742,11,,,1,70,,300743,11,,,1,30,,300744,11,,,1,70,,300745,11,,,1,30,,300746,11,,,1,65,,300747,11,,,1,30,,300748,11,,,1,70,,300749,11,,,1,25,,300750,11,,,1,65,,300751,11,,,1,30,,300752,11,,,1,70,,300753,11,,,1,130,,300754,11,,,1,100,,300755,11,,,1
4701,'20260906',812,,300756,11,,,1,30,,300757,11,,,1,70,,300758,11,,,1,30,,300759,11,,,1,65,,300760,11,,,1,20,,300761,11,,,1,80,,300762,11,,,1,42,,300763,11,,,1,70,,300764,11,,,1,30,,300765,11,,,1,70,,300766,11,,,1,35,,300767,11,,,1,70,,300768,11,,,1,30,,300769,11,,,1,70,,300770,11,,,1,30,,300771,11,,,1,70,,300772,11,,,1,33,,300773,11,,,1,70,,300774,11,,,1,30,,300775,11,,,1,70,,300776,11,,,1,30,,300777,11,,,1,70,,300778,11,,,1,30,,300779,11,,,1,70,,300780,11,,,1,30,,300781,11,,,1,65,,300782,11,,,1,30,,300783,11,,,1,70,,300784,11,,,1,25,,300785,11,,,1,65,,300786,11,,,1,30,,300787,11,,,1,70,,300788,11,,,1,130,,300789,11,,,1,100,,300790,11,,,1
4701,'20260907',812,,300791,11,,,1,30,,300792,11,,,1,70,,300793,11,,,1,30,,300794,11,,,1,65,,300795,11,,,1,20,,300796,11,,,1,80,,300797,11,,,1,42,,300798,11,,,1,70,,300799,11,,,1,30,,300800,11,,,1,70,,300801,11,,,1,35,,300802,11,,,1,70,,300803,11,,,1,30,,300804,11,,,1,70,,300805,11,,,1,30,,300806,11,,,1,70,,300807,11,,,1,33,,300808,11,,,1,70,,300809,11,,,1,30,,300810,11,,,1,70,,300811,11,,,1,30,,300812,11,,,1,70,,300813,11,,,1,30,,300814,11,,,1,70,,300815,11,,,1,30,,300816,11,,,1,65,,300817,11,,,1,30,,300818,11,,,1,70,,300819,11,,,1,25,,300820,11,,,1,65,,300821,11,,,1,30,,300822,11,,,1,70,,300823,11,,,1,130,,300824,11,,,1,100,,300825,11,,,1
4701,'20260908',614,,300826,11,,,1,90,,300827,11,,,1,30,,300828,11,,,1,1068,,300869,3,0,7 38 9,1,842,,300870,11,,,1
4701,'20260909',614,,300871,11,,,1,90,,300872,11,,,1,30,,300873,11,,,1,1068,,300914,3,0,7 38 9,1,842,,300915,11,,,1
4701,'20260910',614,,300916,11,,,1,90,,300917,11,,,1,30,,300918,11,,,1,1068,,300959,3,0,7 38 9,1,842,,300960,11,,,1
4701,'20260911',614,,300961,11,,,1,90,,300962,11,,,1,30,,300963,11,,,1,1068,,301007,3,0,7 38 9,1,842,,301010,11,,,1
4701,'20260912',812,,301011,11,,,1,30,,301012,11,,,1,70,,301013,11,,,1,30,,301014,11,,,1,65,,301015,11,,,1,20,,301016,11,,,1,80,,301017,11,,,1,42,,301018,11,,,1,70,,301019,11,,,1,30,,301020,11,,,1,70,,301021,11,,,1,35,,301022,11,,,1,70,,301023,11,,,1,30,,301024,11,,,1,70,,301025,11,,,1,30,,301026,11,,,1,70,,301027,11,,,1,33,,301028,11,,,1,70,,301029,11,,,1,30,,301030,11,,,1,70,,301031,11,,,1,30,,301032,11,,,1,70,,301033,11,,,1,30,,301034,11,,,1,70,,301035,11,,,1,30,,301036,11,,,1,65,,301037,11,,,1,30,,301038,11,,,1,70,,301039,11,,,1,25,,301040,11,,,1,65,,301041,11,,,1,30,,301042,11,,,1,70,,301043,11,,,1,130,,301044,11,,,1,100,,301045,11,,,1
4701,'20260913',812,,301046,11,,,1,30,,301047,11,,,1,70,,301048,11,,,1,30,,301049,11,,,1,65,,301050,11,,,1,20,,301051,11,,,1,80,,301052,11,,,1,42,,301053,11,,,1,70,,301054,11,,,1,30,,301055,11,,,1,70,,301056,11,,,1,35,,301057,11,,,1,70,,301058,11,,,1,30,,301059,11,,,1,70,,301060,11,,,1,30,,301061,11,,,1,70,,301062,11,,,1,33,,301063,11,,,1,70,,301064,11,,,1,30,,301065,11,,,1,70,,301066,11,,,1,30,,301067,11,,,1,70,,301068,11,,,1,30,,301069,11,,,1,70,,301070,11,,,1,30,,301071,11,,,1,65,,301072,11,,,1,30,,301073,11,,,1,70,,301074,11,,,1,25,,301075,11,,,1,65,,301076,11,,,1,30,,301077,11,,,1,70,,301078,11,,,1,130,,301079,11,,,1,100,,301080,11,,,1
4701,'20260914',614,,301081,11,,,1,90,,301082,11,,,1,30,,301083,11,,,1,1068,,301124,3,0,7 38 9,1,842,,301125,11,,,1
4701,'20260915',614,,301126,11,,,1,90,,301127,11,,,1,30,,301128,11,,,1,1068,,301169,3,0,7 38 9,1,842,,301170,11,,,1
4701,'20260916',614,,301171,11,,,1,90,,301172,11,,,1,30,,301173,11,,,1,1068,,301214,3,0,7 38 9,1,842,,301215,11,,,1
4701,'20260917',614,,301216,11,,,1,90,,301217,11,,,1,30,,301218,11,,,1,1068,,301259,3,0,7 38 9,1,842,,301260,11,,,1
4701,'20260918',614,,301261,11,,,1,90,,301262,11,,,1,30,,301263,11,,,1,1068,,301307,3,0,7 38 9,1,842,,301310,11,,,1
4701,'20260919',812,,301311,11,,,1,30,,301312,11,,,1,70,,301313,11,,,1,30,,301314,11,,,1,65,,301315,11,,,1,20,,301316,11,,,1,80,,301317,11,,,1,42,,301318,11,,,1,70,,301319,11,,,1,30,,301320,11,,,1,70,,301321,11,,,1,35,,301322,11,,,1,70,,301323,11,,,1,30,,301324,11,,,1,70,,301325,11,,,1,30,,301326,11,,,1,70,,301327,11,,,1,33,,301328,11,,,1,70,,301329,11,,,1,30,,301330,11,,,1,70,,301331,11,,,1,30,,301332,11,,,1,70,,301333,11,,,1,30,,301334,11,,,1,70,,301335,11,,,1,30,,301336,11,,,1,65,,301337,11,,,1,30,,301338,11,,,1,70,,301339,11,,,1,25,,301340,11,,,1,65,,301341,11,,,1,30,,301342,11,,,1,70,,301343,11,,,1,130,,301344,11,,,1,100,,301345,11,,,1
4701,'20260920',812,,301346,11,,,1,30,,301347,11,,,1,70,,301348,11,,,1,30,,301349,11,,,1,65,,301350,11,,,1,20,,301351,11,,,1,80,,301352,11,,,1,42,,301353,11,,,1,70,,301354,11,,,1,30,,301355,11,,,1,70,,301356,11,,,1,35,,301357,11,,,1,70,,301358,11,,,1,30,,301359,11,,,1,70,,301360,11,,,1,30,,301361,11,,,1,70,,301362,11,,,1,33,,301363,11,,,1,70,,301364,11,,,1,30,,301365,11,,,1,70,,301366,11,,,1,30,,301367,11,,,1,70,,301368,11,,,1,30,,301369,11,,,1,70,,301370,11,,,1,30,,301371,11,,,1,65,,301372,11,,,1,30,,301373,11,,,1,70,,301374,11,,,1,25,,301375,11,,,1,65,,301376,11,,,1,30,,301377,11,,,1,70,,301378,11,,,1,130,,301379,11,,,1,100,,301380,11,,,1
4701,'20260921',614,,301381,11,,,1,90,,301382,11,,,1,30,,301383,11,,,1,1068,,301424,3,0,7 38 9,1,842,,301425,11,,,1
4701,'20260922',614,,301426,11,,,1,90,,301427,11,,,1,30,,301428,11,,,1,1068,,301469,3,0,7 38 9,1,842,,301470,11,,,1
4701,'20260923',614,,301471,11,,,1,90,,301472,11,,,1,30,,301473,11,,,1,1068,,301514,3,0,7 38 9,1,842,,301515,11,,,1
4701,'20260924',614,,301516,11,,,1,90,,301517,11,,,1,30,,301518,11,,,1,1068,,301559,3,0,7 38 9,1,842,,301560,11,,,1
4701,'20260925',614,,301561,11,,,1,90,,301562,11,,,1,30,,301563,11,,,1,1068,,301607,3,0,7 38 9,1,842,,301610,11,,,1
4701,'20260926',812,,301611,11,,,1,30,,301612,11,,,1,70,,301613,11,,,1,30,,301614,11,,,1,65,,301615,11,,,1,20,,301616,11,,,1,80,,301617,11,,,1,42,,301618,11,,,1,70,,301619,11,,,1,30,,301620,11,,,1,70,,301621,11,,,1,35,,301622,11,,,1,70,,301623,11,,,1,30,,301624,11,,,1,70,,301625,11,,,1,30,,301626,11,,,1,70,,301627,11,,,1,33,,301628,11,,,1,70,,301629,11,,,1,30,,301630,11,,,1,70,,301631,11,,,1,30,,301632,11,,,1,70,,301633,11,,,1,30,,301634,11,,,1,70,,301635,11,,,1,30,,301636,11,,,1,65,,301637,11,,,1,30,,301638,11,,,1,70,,301639,11,,,1,25,,301640,11,,,1,65,,301641,11,,,1,30,,301642,11,,,1,70,,301643,11,,,1,130,,301644,11,,,1,100,,301645,11,,,1
4701,'20260927',812,,301646,11,,,1,30,,301647,11,,,1,70,,301648,11,,,1,30,,301649,11,,,1,65,,301650,11,,,1,20,,301651,11,,,1,80,,301652,11,,,1,42,,301653,11,,,1,70,,301654,11,,,1,30,,301655,11,,,1,70,,301656,11,,,1,35,,301657,11,,,1,70,,301658,11,,,1,30,,301659,11,,,1,70,,301660,11,,,1,30,,301661,11,,,1,70,,301662,11,,,1,33,,301663,11,,,1,70,,301664,11,,,1,30,,301665,11,,,1,70,,301666,11,,,1,30,,301667,11,,,1,70,,301668,11,,,1,30,,301669,11,,,1,70,,301670,11,,,1,30,,301671,11,,,1,65,,301672,11,,,1,30,,301673,11,,,1,70,,301674,11,,,1,25,,301675,11,,,1,65,,301676,11,,,1,30,,301677,11,,,1,70,,301678,11,,,1,130,,301679,11,,,1,100,,301680,11,,,1
4701,'20260928',614,,301681,11,,,1,90,,301682,11,,,1,30,,301683,11,,,1,1068,,301724,3,0,7 38 9,1,842,,301725,11,,,1
4701,'20260929',614,,301726,11,,,1,90,,301727,11,,,1,30,,301728,11,,,1,1068,,301769,3,0,7 38 9,1,842,,301770,11,,,1
4701,'20260930',614,,301771,11,,,1,90,,301772,11,,,1,30,,301773,11,,,1,1068,,301814,3,0,7 38 9,1,842,,301815,11,,,1
4701,'20261001',614,,301816,11,,,1,90,,301817,11,,,1,30,,301818,11,,,1,1068,,301859,3,0,7 38 9,1,842,,301860,11,,,1
4701,'20261002',614,,301861,11,,,1,90,,301862,11,,,1,30,,301863,11,,,1,1068,,301907,3,0,7 38 9,1,842,,301910,11,,,1
4701,'20261003',812,,301911,11,,,1,30,,301912,11,,,1,70,,301913,11,,,1,30,,301914,11,,,1,65,,301915,11,,,1,20,,301916,11,,,1,80,,301917,11,,,1,42,,301918,11,,,1,70,,301919,11,,,1,30,,301920,11,,,1,70,,301921,11,,,1,35,,301922,11,,,1,70,,301923,11,,,1,30,,301924,11,,,1,70,,301925,11,,,1,30,,301926,11,,,1,70,,301927,11,,,1,33,,301928,11,,,1,70,,301929,11,,,1,30,,301930,11,,,1,70,,301931,11,,,1,30,,301932,11,,,1,70,,301933,11,,,1,30,,301934,11,,,1,70,,301935,11,,,1,30,,301936,11,,,1,65,,301937,11,,,1,30,,301938,11,,,1,70,,301939,11,,,1,25,,301940,11,,,1,65,,301941,11,,,1,30,,301942,11,,,1,70,,301943,11,,,1,130,,301944,11,,,1,100,,301945,11,,,1
4701,'20261004',812,,301946,11,,,1,30,,301947,11,,,1,70,,301948,11,,,1,30,,301949,11,,,1,65,,301950,11,,,1,20,,301951,11,,,1,80,,301952,11,,,1,42,,301953,11,,,1,70,,301954,11,,,1,30,,301955,11,,,1,70,,301956,11,,,1,35,,301957,11,,,1,70,,301958,11,,,1,30,,301959,11,,,1,70,,301960,11,,,1,30,,301961,11,,,1,70,,301962,11,,,1,33,,301963,11,,,1,70,,301964,11,,,1,30,,301965,11,,,1,70,,301966,11,,,1,30,,301967,11,,,1,70,,301968,11,,,1,30,,301969,11,,,1,70,,301970,11,,,1,30,,301971,11,,,1,65,,301972,11,,,1,30,,301973,11,,,1,70,,301974,11,,,1,25,,301975,11,,,1,65,,301976,11,,,1,30,,301977,11,,,1,70,,301978,11,,,1,130,,301979,11,,,1,100,,301980,11,,,1
4701,'20261005',614,,301981,11,,,1,90,,301982,11,,,1,30,,301983,11,,,1,1068,,302024,3,0,7 38 9,1,842,,302025,11,,,1
4701,'20261006',614,,302026,11,,,1,90,,302027,11,,,1,30,,302028,11,,,1,1068,,302069,3,0,7 38 9,1,842,,302070,11,,,1
4701,'20261007',614,,302071,11,,,1,90,,302072,11,,,1,30,,302073,11,,,1,1068,,302114,3,0,7 38 9,1,842,,302115,11,,,1
4701,'20261008',614,,302116,11,,,1,90,,302117,11,,,1,30,,302118,11,,,1,1068,,302159,3,0,7 38 9,1,842,,302160,11,,,1
4701,'20261009',614,,302161,11,,,1,90,,302162,11,,,1,30,,302163,11,,,1,1068,,302207,3,0,7 38 9,1,842,,302210,11,,,1
4701,'20261010',812,,302211,11,,,1,30,,302212,11,,,1,70,,302213,11,,,1,30,,302214,11,,,1,65,,302215,11,,,1,20,,302216,11,,,1,80,,302217,11,,,1,42,,302218,11,,,1,70,,302219,11,,,1,30,,302220,11,,,1,70,,302221,11,,,1,35,,302222,11,,,1,70,,302223,11,,,1,30,,302224,11,,,1,70,,302225,11,,,1,30,,302226,11,,,1,70,,302227,11,,,1,33,,302228,11,,,1,70,,302229,11,,,1,30,,302230,11,,,1,70,,302231,11,,,1,30,,302232,11,,,1,70,,302233,11,,,1,30,,302234,11,,,1,70,,302235,11,,,1,30,,302236,11,,,1,65,,302237,11,,,1,30,,302238,11,,,1,70,,302239,11,,,1,25,,302240,11,,,1,65,,302241,11,,,1,30,,302242,11,,,1,70,,302243,11,,,1,130,,302244,11,,,1,100,,302245,11,,,1
4701,'20261011',812,,302246,11,,,1,30,,302247,11,,,1,70,,302248,11,,,1,30,,302249,11,,,1,65,,302250,11,,,1,20,,302251,11,,,1,80,,302252,11,,,1,42,,302253,11,,,1,70,,302254,11,,,1,30,,302255,11,,,1,70,,302256,11,,,1,35,,302257,11,,,1,70,,302258,11,,,1,30,,302259,11,,,1,70,,302260,11,,,1,30,,302261,11,,,1,70,,302262,11,,,1,33,,302263,11,,,1,70,,302264,11,,,1,30,,302265,11,,,1,70,,302266,11,,,1,30,,302267,11,,,1,70,,302268,11,,,1,30,,302269,11,,,1,70,,302270,11,,,1,30,,302271,11,,,1,65,,302272,11,,,1,30,,302273,11,,,1,70,,302274,11,,,1,25,,302275,11,,,1,65,,302276,11,,,1,30,,302277,11,,,1,70,,302278,11,,,1,130,,302279,11,,,1,100,,302280,11,,,1
4701,'20261012',812,,302281,11,,,1,30,,302282,11,,,1,70,,302283,11,,,1,30,,302284,11,,,1,65,,302285,11,,,1,20,,302286,11,,,1,80,,302287,11,,,1,42,,302288,11,,,1,70,,302289,11,,,1,30,,302290,11,,,1,70,,302291,11,,,1,35,,302292,11,,,1,70,,302293,11,,,1,30,,302294,11,,,1,70,,302295,11,,,1,30,,302296,11,,,1,70,,302297,11,,,1,33,,302298,11,,,1,70,,302299,11,,,1,30,,302300,11,,,1,70,,302301,11,,,1,30,,302302,11,,,1,70,,302303,11,,,1,30,,302304,11,,,1,70,,302305,11,,,1,30,,302306,11,,,1,65,,302307,11,,,1,30,,302308,11,,,1,70,,302309,11,,,1,25,,302310,11,,,1,65,,302311,11,,,1,30,,302312,11,,,1,70,,302313,11,,,1,130,,302314,11,,,1,100,,302315,11,,,1
4701,'20261013',614,,302316,11,,,1,90,,302317,11,,,1,30,,302318,11,,,1,1068,,302359,3,0,7 38 9,1,842,,302360,11,,,1
4701,'20261014',614,,302361,11,,,1,90,,302362,11,,,1,30,,302363,11,,,1,1068,,302404,3,0,7 38 9,1,842,,302405,11,,,1
4701,'20261015',614,,302406,11,,,1,90,,302407,11,,,1,30,,302408,11,,,1,1068,,302449,3,0,7 38 9,1,842,,302450,11,,,1
4701,'20261016',614,,302451,11,,,1,90,,302452,11,,,1,30,,302453,11,,,1,1068,,302497,3,0,7 38 9,1,842,,302500,11,,,1
4701,'20261017',812,,302501,11,,,1,30,,302502,11,,,1,70,,302503,11,,,1,30,,302504,11,,,1,65,,302505,11,,,1,20,,302506,11,,,1,80,,302507,11,,,1,42,,302508,11,,,1,70,,302509,11,,,1,30,,302510,11,,,1,70,,302511,11,,,1,35,,302512,11,,,1,70,,302513,11,,,1,30,,302514,11,,,1,70,,302515,11,,,1,30,,302516,11,,,1,70,,302517,11,,,1,33,,302518,11,,,1,70,,302519,11,,,1,30,,302520,11,,,1,70,,302521,11,,,1,30,,302522,11,,,1,70,,302523,11,,,1,30,,302524,11,,,1,70,,302525,11,,,1,30,,302526,11,,,1,65,,302527,11,,,1,30,,302528,11,,,1,70,,302529,11,,,1,25,,302530,11,,,1,65,,302531,11,,,1,30,,302532,11,,,1,70,,302533,11,,,1,130,,302534,11,,,1,100,,302535,11,,,1
4701,'20261018',812,,302536,11,,,1,30,,302537,11,,,1,70,,302538,11,,,1,30,,302539,11,,,1,65,,302540,11,,,1,20,,302541,11,,,1,80,,302542,11,,,1,42,,302543,11,,,1,70,,302544,11,,,1,30,,302545,11,,,1,70,,302546,11,,,1,35,,302547,11,,,1,70,,302548,11,,,1,30,,302549,11,,,1,70,,302550,11,,,1,30,,302551,11,,,1,70,,302552,11,,,1,33,,302553,11,,,1,70,,302554,11,,,1,30,,302555,11,,,1,70,,302556,11,,,1,30,,302557,11,,,1,70,,302558,11,,,1,30,,302559,11,,,1,70,,302560,11,,,1,30,,302561,11,,,1,65,,302562,11,,,1,30,,302563,11,,,1,70,,302564,11,,,1,25,,302565,11,,,1,65,,302566,11,,,1,30,,302567,11,,,1,70,,302568,11,,,1,130,,302569,11,,,1,100,,302570,11,,,1
4701,'20261019',614,,302571,11,,,1,90,,302572,11,,,1,30,,302573,11,,,1,1068,,302614,3,0,7 38 9,1,842,,302615,11,,,1
4701,'20261020',614,,302616,11,,,1,90,,302617,11,,,1,30,,302618,11,,,1,1068,,302659,3,0,7 38 9,1,842,,302660,11,,,1
4701,'20261021',614,,302661,11,,,1,90,,302662,11,,,1,30,,302663,11,,,1,1068,,302704,3,0,7 38 9,1,842,,302705,11,,,1
4701,'20261022',614,,302706,11,,,1,90,,302707,11,,,1,30,,302708,11,,,1,1068,,302749,3,0,7 38 9,1,842,,302750,11,,,1
4701,'20261023',614,,302751,11,,,1,90,,302752,11,,,1,30,,302753,11,,,1,1068,,302797,3,0,7 38 9,1,842,,302800,11,,,1
4701,'20261024',812,,302801,11,,,1,30,,302802,11,,,1,70,,302803,11,,,1,30,,302804,11,,,1,65,,302805,11,,,1,20,,302806,11,,,1,80,,302807,11,,,1,42,,302808,11,,,1,70,,302809,11,,,1,30,,302810,11,,,1,70,,302811,11,,,1,35,,302812,11,,,1,70,,302813,11,,,1,30,,302814,11,,,1,70,,302815,11,,,1,30,,302816,11,,,1,70,,302817,11,,,1,33,,302818,11,,,1,70,,302819,11,,,1,30,,302820,11,,,1,70,,302821,11,,,1,30,,302822,11,,,1,70,,302823,11,,,1,30,,302824,11,,,1,70,,302825,11,,,1,30,,302826,11,,,1,65,,302827,11,,,1,30,,302828,11,,,1,70,,302829,11,,,1,25,,302830,11,,,1,65,,302831,11,,,1,30,,302832,11,,,1,70,,302833,11,,,1,130,,302834,11,,,1,100,,302835,11,,,1
4701,'20261025',812,,302836,11,,,1,30,,302837,11,,,1,70,,302838,11,,,1,30,,302839,11,,,1,65,,302840,11,,,1,20,,302841,11,,,1,80,,302842,11,,,1,42,,302843,11,,,1,70,,302844,11,,,1,30,,302845,11,,,1,70,,302846,11,,,1,35,,302847,11,,,1,70,,302848,11,,,1,30,,302849,11,,,1,70,,302850,11,,,1,30,,302851,11,,,1,70,,302852,11,,,1,33,,302853,11,,,1,70,,302854,11,,,1,30,,302855,11,,,1,70,,302856,11,,,1,30,,302857,11,,,1,70,,302858,11,,,1,30,,302859,11,,,1,70,,302860,11,,,1,30,,302861,11,,,1,65,,302862,11,,,1,30,,302863,11,,,1,70,,302864,11,,,1,25,,302865,11,,,1,65,,302866,11,,,1,30,,302867,11,,,1,70,,302868,11,,,1,130,,302869,11,,,1,100,,302870,11,,,1
4701,'20261026',614,,302871,11,,,1,90,,302872,11,,,1,30,,302873,11,,,1,1068,,302914,3,0,7 38 9,1,842,,302915,11,,,1
4701,'20261027',614,,302916,11,,,1,90,,302917,11,,,1,30,,302918,11,,,1,1068,,302959,3,0,7 38 9,1,842,,302960,11,,,1
4701,'20261028',614,,302961,11,,,1,90,,302962,11,,,1,30,,302963,11,,,1,1068,,303004,3,0,7 38 9,1,842,,303005,11,,,1
4701,'20261029',614,,303006,11,,,1,90,,303007,11,,,1,30,,303008,11,,,1,1068,,303049,3,0,7 38 9,1,842,,303050,11,,,1
4701,'20261030',614,,303051,11,,,1,90,,303052,11,,,1,30,,303053,11,,,1,1068,,303097,3,0,7 38 9,1,842,,303100,11,,,1
4701,'20261031',812,,303101,11,,,1,30,,303102,11,,,1,70,,303103,11,,,1,30,,303104,11,,,1,65,,303105,11,,,1,20,,303106,11,,,1,80,,303107,11,,,1,42,,303108,11,,,1,70,,303109,11,,,1,30,,303110,11,,,1,70,,303111,11,,,1,35,,303112,11,,,1,70,,303113,11,,,1,30,,303114,11,,,1,70,,303115,11,,,1,30,,303116,11,,,1,70,,303117,11,,,1,33,,303118,11,,,1,70,,303119,11,,,1,30,,303120,11,,,1,70,,303121,11,,,1,30,,303122,11,,,1,70,,303123,11,,,1,30,,303124,11,,,1,70,,303125,11,,,1,30,,303126,11,,,1,65,,303127,11,,,1,30,,303128,11,,,1,70,,303129,11,,,1,25,,303130,11,,,1,65,,303131,11,,,1,30,,303132,11,,,1,70,,303133,11,,,1,130,,303134,11,,,1,100,,303135,11,,,1
4701,'20261101',812,,303136,11,,,1,30,,303137,11,,,1,70,,303138,11,,,1,30,,303139,11,,,1,65,,303140,11,,,1,20,,303141,11,,,1,80,,303142,11,,,1,42,,303143,11,,,1,70,,303144,11,,,1,30,,303145,11,,,1,70,,303146,11,,,1,35,,303147,11,,,1,70,,303148,11,,,1,30,,303149,11,,,1,70,,303150,11,,,1,30,,303151,11,,,1,70,,303152,11,,,1,33,,303153,11,,,1,70,,303154,11,,,1,30,,303155,11,,,1,70,,303156,11,,,1,30,,303157,11,,,1,70,,303158,11,,,1,30,,303159,11,,,1,70,,303160,11,,,1,30,,303161,11,,,1,65,,303162,11,,,1,30,,303163,11,,,1,70,,303164,11,,,1,25,,303165,11,,,1,65,,303166,11,,,1,30,,303167,11,,,1,70,,303168,11,,,1,130,,303169,11,,,1,100,,303170,11,,,1
4701,'20261102',614,,303171,11,,,1,90,,303172,11,,,1,30,,303173,11,,,1,1068,,303214,3,0,7 38 9,1,842,,303215,11,,,1
4701,'20261103',614,,303216,11,,,1,90,,303217,11,,,1,30,,303218,11,,,1,1068,,303259,3,0,7 38 9,1,842,,303260,11,,,1
4701,'20261104',614,,303261,11,,,1,90,,303262,11,,,1,30,,303263,11,,,1,1068,,303304,3,0,7 38 9,1,842,,303305,11,,,1
4701,'20261105',614,,303306,11,,,1,90,,303307,11,,,1,30,,303308,11,,,1,1068,,303349,3,0,7 38 9,1,842,,303350,11,,,1
4701,'20261106',614,,303351,11,,,1,90,,303352,11,,,1,30,,303353,11,,,1,1068,,303397,3,0,7 38 9,1,842,,303400,11,,,1
4701,'20261107',812,,303401,11,,,1,30,,303402,11,,,1,70,,303403,11,,,1,30,,303404,11,,,1,65,,303405,11,,,1,20,,303406,11,,,1,80,,303407,11,,,1,42,,303408,11,,,1,70,,303409,11,,,1,30,,303410,11,,,1,70,,303411,11,,,1,35,,303412,11,,,1,70,,303413,11,,,1,30,,303414,11,,,1,70,,303415,11,,,1,30,,303416,11,,,1,70,,303417,11,,,1,33,,303418,11,,,1,70,,303419,11,,,1,30,,303420,11,,,1,70,,303421,11,,,1,30,,303422,11,,,1,70,,303423,11,,,1,30,,303424,11,,,1,70,,303425,11,,,1,30,,303426,11,,,1,65,,303427,11,,,1,30,,303428,11,,,1,70,,303429,11,,,1,25,,303430,11,,,1,65,,303431,11,,,1,30,,303432,11,,,1,70,,303433,11,,,1,130,,303434,11,,,1,100,,303435,11,,,1
4701,'20261108',812,,303436,11,,,1,30,,303437,11,,,1,70,,303438,11,,,1,30,,303439,11,,,1,65,,303440,11,,,1,20,,303441,11,,,1,80,,303442,11,,,1,42,,303443,11,,,1,70,,303444,11,,,1,30,,303445,11,,,1,70,,303446,11,,,1,35,,303447,11,,,1,70,,303448,11,,,1,30,,303449,11,,,1,70,,303450,11,,,1,30,,303451,11,,,1,70,,303452,11,,,1,33,,303453,11,,,1,70,,303454,11,,,1,30,,303455,11,,,1,70,,303456,11,,,1,30,,303457,11,,,1,70,,303458,11,,,1,30,,303459,11,,,1,70,,303460,11,,,1,30,,303461,11,,,1,65,,303462,11,,,1,30,,303463,11,,,1,70,,303464,11,,,1,25,,303465,11,,,1,65,,303466,11,,,1,30,,303467,11,,,1,70,,303468,11,,,1,130,,303469,11,,,1,100,,303470,11,,,1
4701,'20261109',614,,303471,11,,,1,90,,303472,11,,,1,30,,303473,11,,,1,1068,,303514,3,0,7 38 9,1,842,,303515,11,,,1
4701,'20261110',614,,303516,11,,,1,90,,303517,11,,,1,30,,303518,11,,,1,1068,,303559,3,0,7 38 9,1,842,,303560,11,,,1
4701,'20261111',614,,303561,11,,,1,90,,303562,11,,,1,30,,303563,11,,,1,1068,,303604,3,0,7 38 9,1,842,,303605,11,,,1
4701,'20261112',614,,303606,11,,,1,90,,303607,11,,,1,30,,303608,11,,,1,1068,,303649,3,0,7 38 9,1,842,,303650,11,,,1
4701,'20261113',614,,303651,11,,,1,90,,303652,11,,,1,30,,303653,11,,,1,1068,,303697,3,0,7 38 9,1,842,,303700,11,,,1
4701,'20261114',812,,303701,11,,,1,30,,303702,11,,,1,70,,303703,11,,,1,30,,303704,11,,,1,65,,303705,11,,,1,20,,303706,11,,,1,80,,303707,11,,,1,42,,303708,11,,,1,70,,303709,11,,,1,30,,303710,11,,,1,70,,303711,11,,,1,35,,303712,11,,,1,70,,303713,11,,,1,30,,303714,11,,,1,70,,303715,11,,,1,30,,303716,11,,,1,70,,303717,11,,,1,33,,303718,11,,,1,70,,303719,11,,,1,30,,303720,11,,,1,70,,303721,11,,,1,30,,303722,11,,,1,70,,303723,11,,,1,30,,303724,11,,,1,70,,303725,11,,,1,30,,303726,11,,,1,65,,303727,11,,,1,30,,303728,11,,,1,70,,303729,11,,,1,25,,303730,11,,,1,65,,303731,11,,,1,30,,303732,11,,,1,70,,303733,11,,,1,130,,303734,11,,,1,100,,303735,11,,,1
4701,'20261115',812,,303736,11,,,1,30,,303737,11,,,1,70,,303738,11,,,1,30,,303739,11,,,1,65,,303740,11,,,1,20,,303741,11,,,1,80,,303742,11,,,1,42,,303743,11,,,1,70,,303744,11,,,1,30,,303745,11,,,1,70,,303746,11,,,1,35,,303747,11,,,1,70,,303748,11,,,1,30,,303749,11,,,1,70,,303750,11,,,1,30,,303751,11,,,1,70,,303752,11,,,1,33,,303753,11,,,1,70,,303754,11,,,1,30,,303755,11,,,1,70,,303756,11,,,1,30,,303757,11,,,1,70,,303758,11,,,1,30,,303759,11,,,1,70,,303760,11,,,1,30,,303761,11,,,1,65,,303762,11,,,1,30,,303763,11,,,1,70,,303764,11,,,1,25,,303765,11,,,1,65,,303766,11,,,1,30,,303767,11,,,1,70,,303768,11,,,1,130,,303769,11,,,1,100,,303770,11,,,1
4701,'20261116',614,,303771,11,,,1,90,,303772,11,,,1,30,,303773,11,,,1,1068,,303814,3,0,7 38 9,1,842,,303815,11,,,1
4701,'20261117',614,,303816,11,,,1,90,,303817,11,,,1,30,,303818,11,,,1,1068,,303859,3,0,7 38 9,1,842,,303860,11,,,1
4701,'20261118',614,,303861,11,,,1,90,,303862,11,,,1,30,,303863,11,,,1,1068,,303904,3,0,7 38 9,1,842,,303905,11,,,1
4701,'20261119',614,,303906,11,,,1,90,,303907,11,,,1,30,,303908,11,,,1,1068,,303949,3,0,7 38 9,1,842,,303950,11,,,1
4701,'20261120',614,,303951,11,,,1,90,,303952,11,,,1,30,,303953,11,,,1,1068,,303997,3,0,7 38 9,1,842,,304000,11,,,1
4701,'20261121',812,,304001,11,,,1,30,,304002,11,,,1,70,,304003,11,,,1,30,,304004,11,,,1,65,,304005,11,,,1,20,,304006,11,,,1,80,,304007,11,,,1,42,,304008,11,,,1,70,,304009,11,,,1,30,,304010,11,,,1,70,,304011,11,,,1,35,,304012,11,,,1,70,,304013,11,,,1,30,,304014,11,,,1,70,,304015,11,,,1,30,,304016,11,,,1,70,,304017,11,,,1,33,,304018,11,,,1,70,,304019,11,,,1,30,,304020,11,,,1,70,,304021,11,,,1,30,,304022,11,,,1,70,,304023,11,,,1,30,,304024,11,,,1,70,,304025,11,,,1,30,,304026,11,,,1,65,,304027,11,,,1,30,,304028,11,,,1,70,,304029,11,,,1,25,,304030,11,,,1,65,,304031,11,,,1,30,,304032,11,,,1,70,,304033,11,,,1,130,,304034,11,,,1,100,,304035,11,,,1
4701,'20261122',812,,304036,11,,,1,30,,304037,11,,,1,70,,304038,11,,,1,30,,304039,11,,,1,65,,304040,11,,,1,20,,304041,11,,,1,80,,304042,11,,,1,42,,304043,11,,,1,70,,304044,11,,,1,30,,304045,11,,,1,70,,304046,11,,,1,35,,304047,11,,,1,70,,304048,11,,,1,30,,304049,11,,,1,70,,304050,11,,,1,30,,304051,11,,,1,70,,304052,11,,,1,33,,304053,11,,,1,70,,304054,11,,,1,30,,304055,11,,,1,70,,304056,11,,,1,30,,304057,11,,,1,70,,304058,11,,,1,30,,304059,11,,,1,70,,304060,11,,,1,30,,304061,11,,,1,65,,304062,11,,,1,30,,304063,11,,,1,70,,304064,11,,,1,25,,304065,11,,,1,65,,304066,11,,,1,30,,304067,11,,,1,70,,304068,11,,,1,130,,304069,11,,,1,100,,304070,11,,,1
4701,'20261123',614,,304071,11,,,1,90,,304072,11,,,1,30,,304073,11,,,1,1068,,304114,3,0,7 38 9,1,842,,304115,11,,,1
4701,'20261124',614,,304116,11,,,1,90,,304117,11,,,1,30,,304118,11,,,1,1068,,304159,3,0,7 38 9,1,842,,304160,11,,,1
4701,'20261125',614,,304161,11,,,1,90,,304162,11,,,1,30,,304163,11,,,1,1068,,304204,3,0,7 38 9,1,842,,304205,11,,,1
4701,'20261126',614,,304206,11,,,1,90,,304207,11,,,1,30,,304208,11,,,1,1068,,304249,3,0,7 38 9,1,842,,304250,11,,,1
4701,'20261127',614,,304251,11,,,1,90,,304252,11,,,1,30,,304253,11,,,1,1068,,304297,3,0,7 38 9,1,842,,304300,11,,,1
