3001,'20260831',616,,164242,1,,,1,89,,164244,1,,,1,100,,164246,1,,,1,28,,164247,1,,,1,173,,164248,1,,,1,100,,164249,1,,,1,100,,164250,1,,,1,105,,164251,1,,,1,95,,164252,1,,,1,95,,164253,1,,,1,100,,164254,1,,,1,114,,164255,1,,,1,96,,164256,1,,,1,90,,164257,1,,,1,35,,164258,1,,,1,75,,164259,1,,,1,95,,164260,1,,,1,200,,164261,1,,,1,102,,164262,1,,,1
3001,'20260901',616,,164264,1,,,1,89,,164266,1,,,1,100,,164268,1,,,1,28,,164269,1,,,1,173,,164270,1,,,1,100,,164271,1,,,1,100,,164272,1,,,1,105,,164273,1,,,1,95,,164274,1,,,1,95,,164275,1,,,1,100,,164276,1,,,1,114,,164277,1,,,1,96,,164278,1,,,1,90,,164279,1,,,1,35,,164280,1,,,1,75,,164281,1,,,1,95,,164282,1,,,1,200,,164283,1,,,1,102,,164284,1,,,1
3001,'20260902',616,,164286,1,,,1,89,,164288,1,,,1,100,,164290,1,,,1,28,,164291,1,,,1,173,,164292,1,,,1,100,,164293,1,,,1,100,,164294,1,,,1,105,,164295,1,,,1,95,,164296,1,,,1,95,,164297,1,,,1,100,,164298,1,,,1,114,,164299,1,,,1,96,,164300,1,,,1,90,,164301,1,,,1,35,,164302,1,,,1,75,,164303,1,,,1,95,,164304,1,,,1,200,,164305,1,,,1,102,,164306,1,,,1
3001,'20260903',616,,164308,1,,,1,89,,164310,1,,,1,100,,164312,1,,,1,28,,164313,1,,,1,173,,164314,1,,,1,100,,164315,1,,,1,100,,164316,1,,,1,105,,164317,1,,,1,95,,164319,1,,,1,95,,164322,1,,,1,100,,164324,1,,,1,114,,164325,1,,,1,96,,164326,1,,,1,90,,164327,1,,,1,35,,164328,1,,,1,75,,164329,1,,,1,95,,164330,1,,,1,200,,164331,1,,,1,102,,164332,1,,,1
3001,'20260904',616,,164334,1,,,1,89,,164336,1,,,1,100,,164338,1,,,1,28,,164339,1,,,1,173,,164340,1,,,1,100,,164341,1,,,1,100,,164342,1,,,1,105,,164343,1,,,1,95,,164345,1,,,1,95,,164348,1,,,1,100,,164350,1,,,1,114,,164353,1,,,1,96,,164354,1,,,1,90,,164355,1,,,1,35,,164356,1,,,1,75,,164357,1,,,1,95,,164358,1,,,1,200,,164359,1,,,1,102,,164360,1,,,1
3001,'20260905',826,,264284,1,,,1,197,,264286,1,,,1,100,,264288,1,,,1,100,,264290,1,,,1,100,,264292,1,,,1,100,,264294,1,,,1,100,,264296,1,,,1,100,,264298,1,,,1,200,,264300,1,,,1,25,,264301,1,0,5 43 44 45,1,75,,264303,1,,,1,25,,264304,1,0,5 43 44 45,1,75,,264306,1,,,1,25,,264307,1,0,5 43 44 45,1,75,,264309,1,,,1,100,,264311,1,,,1,197,,264312,1,,,1
3001,'20260906',826,,264314,1,,,1,197,,264316,1,,,1,100,,264318,1,,,1,100,,264320,1,,,1,100,,264322,1,,,1,100,,264324,1,,,1,100,,264326,1,,,1,29,,264327,1,,,1,71,,264329,1,,,1,200,,264331,1,,,1,25,,264332,1,0,5 43 44 45,1,5,,264333,1,,,1,70,,264335,1,,,1,25,,264336,1,0,5 43 44 45,1,5,,264337,1,,,1,70,,264339,1,,,1,25,,264340,1,0,5 43 44 45,1,5,,264341,1,,,1,70,,264343,1,,,1,25,,264344,1,,,1,75,,264346,1,,,1,197,,264347,1,,,1
3001,'20260907',826,,264349,1,,,1,197,,264351,1,,,1,100,,264353,1,,,1,100,,264355,1,,,1,100,,264357,1,,,1,100,,264359,1,,,1,100,,264361,1,,,1,100,,264363,1,,,1,200,,264365,1,,,1,25,,264366,1,0,5 43 44 45,1,75,,264368,1,,,1,25,,264369,1,0,5 43 44 45,1,75,,264371,1,,,1,25,,264372,1,0,5 43 44 45,1,75,,264374,1,,,1,100,,264376,1,,,1,197,,264377,1,,,1
3001,'20260908',616,,264379,1,,,1,89,,264381,1,,,1,25,,264382,1,,,1,75,,264384,1,,,1,28,,264385,1,,,1,173,,264387,1,,,1,100,,264389,1,,,1,100,,264391,1,,,1,105,,264392,1,,,1,95,,264393,1,,,1,95,,264394,1,,,1,100,,264395,1,,,1,114,,264396,1,,,1,96,,264397,1,,,1,90,,264398,1,,,1,35,,264399,1,,,1,75,,264400,1,,,1,95,,264401,1,,,1,200,,264402,1,,,1,102,,264403,1,,,1
3001,'20260909',616,,264405,1,,,1,89,,264407,1,,,1,25,,264408,1,,,1,75,,264410,1,,,1,28,,264411,1,,,1,173,,264413,1,,,1,100,,264415,1,,,1,100,,264417,1,,,1,105,,264418,1,,,1,95,,264419,1,,,1,95,,264420,1,,,1,100,,264421,1,,,1,114,,264422,1,,,1,96,,264423,1,,,1,90,,264424,1,,,1,35,,264425,1,,,1,75,,264426,1,,,1,95,,264427,1,,,1,200,,264428,1,,,1,102,,264429,1,,,1
3001,'20260910',616,,264431,1,,,1,89,,264433,1,,,1,25,,264434,1,,,1,75,,264436,1,,,1,28,,264437,1,,,1,173,,264439,1,,,1,100,,264441,1,,,1,100,,264443,1,,,1,105,,264444,1,,,1,95,,264445,1,,,1,95,,264448,1,,,1,34,,264449,1,0,57 43 44 45,1,66,,264450,1,,,1,36,,264451,1,0,57 43 44 45,1,78,,264452,1,,,1,85,,264453,1,0,57 43 44 45,1,11,,264454,1,,,1,32,,264455,1,0,57 43 44 45,1,58,,264456,1,,,1,35,,264457,1,,,1,75,,264458,1,,,1,95,,264459,1,,,1,200,,264460,1,,,1,102,,264461,1,,,1
3001,'20260911',616,,264463,1,,,1,89,,264465,1,,,1,25,,264466,1,,,1,75,,264468,1,,,1,28,,264469,1,,,1,173,,264471,1,,,1,100,,264473,1,,,1,100,,264475,1,,,1,105,,264477,1,,,1,95,,264479,1,,,1,95,,264483,1,,,1,34,,264484,1,0,57 43 44 45,1,66,,264485,1,,,1,36,,264486,1,0,57 43 44 45,1,78,,264487,1,,,1,85,,264488,1,0,57 43 44 45,1,11,,264489,1,,,1,32,,264490,1,0,57 43 44 45,1,58,,264491,1,,,1,35,,264492,1,,,1,75,,264493,1,,,1,95,,264494,1,,,1,200,,264495,1,,,1,102,,264496,1,,,1
3001,'20260912',826,,264498,1,,,1,84,,264499,1,0,61 103 104,1,113,,264501,1,,,1,100,,264503,1,,,1,100,,264505,1,,,1,100,,264507,1,,,1,100,,264509,1,,,1,100,,264511,1,,,1,100,,264513,1,,,1,27,,264514,1,0,5 43 44 45,1,173,,264516,1,,,1,25,,264517,1,0,5 43 44 45,1,75,,264519,1,,,1,25,,264520,1,0,5 43 44 45,1,75,,264522,1,,,1,25,,264523,1,0,5 43 44 45,1,75,,264525,1,,,1,100,,264527,1,,,1,27,,264528,1,0,5 43 44 45,1,170,,264529,1,,,1
3001,'20260913',826,,264531,1,,,1,84,,264532,1,0,61 103 104,1,113,,264534,1,,,1,100,,264536,1,,,1,100,,264538,1,,,1,100,,264540,1,,,1,100,,264542,1,,,1,100,,264544,1,,,1,29,,264545,1,,,1,71,,264547,1,,,1,27,,264548,1,0,5 43 44 45,1,173,,264550,1,,,1,25,,264551,1,0,5 43 44 45,1,5,,264552,1,,,1,70,,264554,1,,,1,25,,264555,1,0,5 43 44 45,1,5,,264556,1,,,1,70,,264558,1,,,1,25,,264559,1,0,5 43 44 45,1,5,,264560,1,,,1,70,,264562,1,,,1,25,,264563,1,,,1,75,,264565,1,,,1,27,,264566,1,0,5 43 44 45,1,170,,264567,1,,,1
3001,'20260914',616,,264569,1,,,1,89,,264571,1,,,1,25,,264572,1,,,1,75,,264574,1,,,1,28,,264575,1,,,1,173,,264577,1,,,1,100,,264579,1,,,1,100,,264581,1,,,1,105,,264582,1,,,1,95,,264583,1,,,1,95,,264584,1,,,1,100,,264585,1,,,1,114,,264586,1,,,1,96,,264587,1,,,1,90,,264588,1,,,1,35,,264589,1,,,1,75,,264590,1,,,1,95,,264591,1,,,1,200,,264592,1,,,1,102,,264593,1,,,1
3001,'20260915',616,,264595,1,,,1,89,,264597,1,,,1,25,,264598,1,,,1,75,,264600,1,,,1,28,,264601,1,,,1,173,,264603,1,,,1,100,,264605,1,,,1,100,,264607,1,,,1,105,,264608,1,,,1,95,,264609,1,,,1,95,,264610,1,,,1,100,,264611,1,,,1,114,,264612,1,,,1,96,,264613,1,,,1,90,,264614,1,,,1,35,,264615,1,,,1,75,,264616,1,,,1,95,,264617,1,,,1,200,,264618,1,,,1,102,,264619,1,,,1
3001,'20260916',616,,264621,1,,,1,89,,264623,1,,,1,25,,264624,1,,,1,75,,264626,1,,,1,28,,264627,1,,,1,173,,264629,1,,,1,100,,264631,1,,,1,100,,264633,1,,,1,105,,264634,1,,,1,95,,264635,1,,,1,95,,264636,1,,,1,100,,264637,1,,,1,114,,264638,1,,,1,96,,264639,1,,,1,90,,264640,1,,,1,35,,264641,1,,,1,75,,264642,1,,,1,95,,264643,1,,,1,200,,264644,1,,,1,102,,264645,1,,,1
3001,'20260917',616,,264647,1,,,1,89,,264649,1,,,1,25,,264650,1,,,1,75,,264652,1,,,1,28,,264653,1,,,1,173,,264655,1,,,1,100,,264657,1,,,1,100,,264659,1,,,1,105,,264660,1,,,1,95,,264661,1,,,1,95,,264664,1,,,1,34,,264665,1,0,57 43 44 45,1,66,,264666,1,,,1,36,,264667,1,0,57 43 44 45,1,78,,264668,1,,,1,85,,264669,1,0,57 43 44 45,1,11,,264670,1,,,1,32,,264671,1,0,57 43 44 45,1,58,,264672,1,,,1,35,,264673,1,,,1,75,,264674,1,,,1,95,,264675,1,,,1,200,,264676,1,,,1,102,,264677,1,,,1
3001,'20260918',616,,264679,1,,,1,89,,264681,1,,,1,25,,264682,1,,,1,75,,264684,1,,,1,28,,264685,1,,,1,173,,264687,1,,,1,100,,264689,1,,,1,100,,264691,1,,,1,105,,264693,1,,,1,95,,264695,1,,,1,95,,264699,1,,,1,34,,264700,1,0,57 43 44 45,1,66,,264701,1,,,1,36,,264702,1,0,57 43 44 45,1,78,,264703,1,,,1,85,,264704,1,0,57 43 44 45,1,11,,264705,1,,,1,32,,264706,1,0,57 43 44 45,1,58,,264707,1,,,1,35,,264708,1,,,1,75,,264709,1,,,1,95,,264710,1,,,1,200,,264711,1,,,1,102,,264712,1,,,1
3001,'20260919',826,,264714,1,,,1,84,,264715,1,0,61 103 104,1,113,,264717,1,,,1,100,,264719,1,,,1,100,,264721,1,,,1,100,,264723,1,,,1,100,,264725,1,,,1,100,,264727,1,,,1,100,,264729,1,,,1,27,,264730,1,0,5 43 44 45,1,173,,264732,1,,,1,25,,264733,1,0,5 43 44 45,1,75,,264735,1,,,1,25,,264736,1,0,5 43 44 45,1,75,,264738,1,,,1,25,,264739,1,0,5 43 44 45,1,75,,264741,1,,,1,100,,264743,1,,,1,27,,264744,1,0,5 43 44 45,1,170,,264745,1,,,1
3001,'20260920',826,,264747,1,,,1,84,,264748,1,0,61 103 104,1,113,,264750,1,,,1,100,,264752,1,,,1,100,,264754,1,,,1,100,,264756,1,,,1,100,,264758,1,,,1,100,,264760,1,,,1,29,,264761,1,,,1,71,,264763,1,,,1,27,,264764,1,0,5 43 44 45,1,173,,264766,1,,,1,25,,264767,1,0,5 43 44 45,1,5,,264768,1,,,1,70,,264770,1,,,1,25,,264771,1,0,5 43 44 45,1,5,,264772,1,,,1,70,,264774,1,,,1,25,,264775,1,0,5 43 44 45,1,5,,264776,1,,,1,70,,264778,1,,,1,25,,264779,1,,,1,75,,264781,1,,,1,27,,264782,1,0,5 43 44 45,1,170,,264783,1,,,1
3001,'20260921',616,,264785,1,,,1,89,,264787,1,,,1,25,,264788,1,,,1,75,,264790,1,,,1,28,,264791,1,,,1,173,,264793,1,,,1,100,,264795,1,,,1,100,,264797,1,,,1,105,,264798,1,,,1,95,,264799,1,,,1,95,,264800,1,,,1,100,,264801,1,,,1,114,,264802,1,,,1,96,,264803,1,,,1,90,,264804,1,,,1,35,,264805,1,,,1,75,,264806,1,,,1,95,,264807,1,,,1,200,,264808,1,,,1,102,,264809,1,,,1
3001,'20260922',616,,264811,1,,,1,89,,264813,1,,,1,25,,264814,1,,,1,75,,264816,1,,,1,28,,264817,1,,,1,173,,264819,1,,,1,100,,264821,1,,,1,100,,264823,1,,,1,105,,264824,1,,,1,95,,264825,1,,,1,95,,264826,1,,,1,100,,264827,1,,,1,114,,264828,1,,,1,96,,264829,1,,,1,90,,264830,1,,,1,35,,264831,1,,,1,75,,264832,1,,,1,95,,264833,1,,,1,200,,264834,1,,,1,102,,264835,1,,,1
3001,'20260923',616,,264837,1,,,1,89,,264839,1,,,1,25,,264840,1,,,1,75,,264842,1,,,1,28,,264843,1,,,1,173,,264845,1,,,1,100,,264847,1,,,1,100,,264849,1,,,1,105,,264850,1,,,1,95,,264851,1,,,1,95,,264852,1,,,1,100,,264853,1,,,1,114,,264854,1,,,1,96,,264855,1,,,1,90,,264856,1,,,1,35,,264857,1,,,1,75,,264858,1,,,1,95,,264859,1,,,1,200,,264860,1,,,1,102,,264861,1,,,1
3001,'20260924',616,,264863,1,,,1,89,,264865,1,,,1,25,,264866,1,,,1,75,,264868,1,,,1,28,,264869,1,,,1,173,,264871,1,,,1,100,,264873,1,,,1,100,,264875,1,,,1,105,,264876,1,,,1,95,,264877,1,,,1,95,,264880,1,,,1,34,,264881,1,0,57 43 44 45,1,66,,264882,1,,,1,36,,264883,1,0,57 43 44 45,1,78,,264884,1,,,1,85,,264885,1,0,57 43 44 45,1,11,,264886,1,,,1,32,,264887,1,0,57 43 44 45,1,58,,264888,1,,,1,35,,264889,1,,,1,75,,264890,1,,,1,95,,264891,1,,,1,200,,264892,1,,,1,102,,264893,1,,,1
3001,'20260925',616,,264895,1,,,1,89,,264897,1,,,1,25,,264898,1,,,1,75,,264900,1,,,1,28,,264901,1,,,1,173,,264903,1,,,1,100,,264905,1,,,1,100,,264907,1,,,1,105,,264909,1,,,1,95,,264911,1,,,1,95,,264915,1,,,1,34,,264916,1,0,57 43 44 45,1,66,,264917,1,,,1,36,,264918,1,0,57 43 44 45,1,78,,264919,1,,,1,85,,264920,1,0,57 43 44 45,1,11,,264921,1,,,1,32,,264922,1,0,57 43 44 45,1,58,,264923,1,,,1,35,,264924,1,,,1,75,,264925,1,,,1,95,,264926,1,,,1,200,,264927,1,,,1,102,,264928,1,,,1
3001,'20260926',826,,264930,1,,,1,197,,264932,1,,,1,100,,264934,1,,,1,100,,264936,1,,,1,100,,264938,1,,,1,100,,264940,1,,,1,100,,264942,1,,,1,100,,264944,1,,,1,200,,264946,1,,,1,25,,264947,1,0,5 43 44 45,1,75,,264949,1,,,1,25,,264950,1,0,5 43 44 45,1,75,,264952,1,,,1,25,,264953,1,0,5 43 44 45,1,75,,264955,1,,,1,100,,264957,1,,,1,197,,264958,1,,,1
3001,'20260927',826,,264960,1,,,1,197,,264962,1,,,1,100,,264964,1,,,1,100,,264966,1,,,1,100,,264968,1,,,1,100,,264970,1,,,1,100,,264972,1,,,1,29,,264973,1,,,1,71,,264975,1,,,1,200,,264977,1,,,1,25,,264978,1,0,5 43 44 45,1,5,,264979,1,,,1,70,,264981,1,,,1,25,,264982,1,0,5 43 44 45,1,5,,264983,1,,,1,70,,264985,1,,,1,25,,264986,1,0,5 43 44 45,1,5,,264987,1,,,1,70,,264989,1,,,1,25,,264990,1,,,1,75,,264992,1,,,1,197,,264993,1,,,1
3001,'20260928',616,,264995,1,,,1,89,,264997,1,,,1,25,,264998,1,,,1,75,,265000,1,,,1,28,,265001,1,,,1,173,,265003,1,,,1,100,,265005,1,,,1,100,,265007,1,,,1,105,,265008,1,,,1,95,,265009,1,,,1,95,,265010,1,,,1,100,,265011,1,,,1,114,,265012,1,,,1,96,,265013,1,,,1,90,,265014,1,,,1,35,,265015,1,,,1,75,,265016,1,,,1,95,,265017,1,,,1,200,,265018,1,,,1,102,,265019,1,,,1
3001,'20260929',616,,265021,1,,,1,89,,265023,1,,,1,25,,265024,1,,,1,75,,265026,1,,,1,28,,265027,1,,,1,173,,265029,1,,,1,100,,265031,1,,,1,100,,265033,1,,,1,105,,265034,1,,,1,95,,265035,1,,,1,95,,265036,1,,,1,100,,265037,1,,,1,114,,265038,1,,,1,96,,265039,1,,,1,90,,265040,1,,,1,35,,265041,1,,,1,75,,265042,1,,,1,95,,265043,1,,,1,200,,265044,1,,,1,102,,265045,1,,,1
3001,'20260930',616,,265047,1,,,1,89,,265049,1,,,1,25,,265050,1,,,1,75,,265052,1,,,1,28,,265053,1,,,1,173,,265055,1,,,1,100,,265057,1,,,1,100,,265059,1,,,1,105,,265060,1,,,1,95,,265061,1,,,1,95,,265062,1,,,1,100,,265063,1,,,1,114,,265064,1,,,1,96,,265065,1,,,1,90,,265066,1,,,1,35,,265067,1,,,1,75,,265068,1,,,1,95,,265069,1,,,1,200,,265070,1,,,1,102,,265071,1,,,1
3001,'20261001',616,,265073,1,,,1,89,,265075,1,,,1,25,,265076,1,,,1,75,,265078,1,,,1,28,,265079,1,,,1,173,,265081,1,,,1,100,,265083,1,,,1,100,,265085,1,,,1,105,,265086,1,,,1,95,,265087,1,,,1,95,,265090,1,,,1,34,,265091,1,0,57 43 44 45,1,66,,265092,1,,,1,36,,265093,1,0,57 43 44 45,1,78,,265094,1,,,1,85,,265095,1,0,57 43 44 45,1,11,,265096,1,,,1,32,,265097,1,0,57 43 44 45,1,58,,265098,1,,,1,35,,265099,1,,,1,75,,265100,1,,,1,95,,265101,1,,,1,200,,265102,1,,,1,102,,265103,1,,,1
3001,'20261002',616,,265105,1,,,1,89,,265107,1,,,1,25,,265108,1,,,1,75,,265110,1,,,1,28,,265111,1,,,1,173,,265113,1,,,1,100,,265115,1,,,1,100,,265117,1,,,1,105,,265119,1,,,1,95,,265121,1,,,1,95,,265125,1,,,1,34,,265126,1,0,57 43 44 45,1,66,,265127,1,,,1,36,,265128,1,0,57 43 44 45,1,78,,265129,1,,,1,85,,265130,1,0,57 43 44 45,1,11,,265131,1,,,1,32,,265132,1,0,57 43 44 45,1,58,,265133,1,,,1,35,,265134,1,,,1,75,,265135,1,,,1,95,,265136,1,,,1,200,,265137,1,,,1,102,,265138,1,,,1
3001,'20261003',826,,265140,1,,,1,197,,265142,1,,,1,100,,265144,1,,,1,100,,265146,1,,,1,100,,265148,1,,,1,100,,265150,1,,,1,100,,265152,1,,,1,100,,265154,1,,,1,200,,265156,1,,,1,25,,265157,1,0,5 43 44 45,1,75,,265159,1,,,1,25,,265160,1,0,5 43 44 45,1,75,,265162,1,,,1,25,,265163,1,0,5 43 44 45,1,75,,265165,1,,,1,100,,265167,1,,,1,197,,265168,1,,,1
3001,'20261004',826,,265170,1,,,1,197,,265172,1,,,1,100,,265174,1,,,1,100,,265176,1,,,1,100,,265178,1,,,1,100,,265180,1,,,1,100,,265182,1,,,1,29,,265183,1,,,1,71,,265185,1,,,1,200,,265187,1,,,1,25,,265188,1,0,5 43 44 45,1,5,,265189,1,,,1,70,,265191,1,,,1,25,,265192,1,0,5 43 44 45,1,5,,265193,1,,,1,70,,265195,1,,,1,25,,265196,1,0,5 43 44 45,1,5,,265197,1,,,1,70,,265199,1,,,1,25,,265200,1,,,1,75,,265202,1,,,1,197,,265203,1,,,1
3001,'20261005',616,,265205,1,,,1,89,,265207,1,,,1,25,,265208,1,,,1,75,,265210,1,,,1,28,,265211,1,,,1,173,,265213,1,,,1,100,,265215,1,,,1,100,,265217,1,,,1,105,,265218,1,,,1,95,,265219,1,,,1,95,,265220,1,,,1,100,,265221,1,,,1,114,,265222,1,,,1,96,,265223,1,,,1,90,,265224,1,,,1,35,,265225,1,,,1,75,,265226,1,,,1,95,,265227,1,,,1,200,,265228,1,,,1,102,,265229,1,,,1
3001,'20261006',616,,265231,1,,,1,89,,265233,1,,,1,25,,265234,1,,,1,75,,265236,1,,,1,28,,265237,1,,,1,173,,265239,1,,,1,100,,265241,1,,,1,100,,265243,1,,,1,105,,265244,1,,,1,95,,265245,1,,,1,95,,265246,1,,,1,100,,265247,1,,,1,114,,265248,1,,,1,96,,265249,1,,,1,90,,265250,1,,,1,35,,265251,1,,,1,75,,265252,1,,,1,95,,265253,1,,,1,200,,265254,1,,,1,102,,265255,1,,,1
3001,'20261007',616,,265257,1,,,1,89,,265259,1,,,1,25,,265260,1,,,1,75,,265262,1,,,1,28,,265263,1,,,1,173,,265265,1,,,1,100,,265267,1,,,1,100,,265269,1,,,1,105,,265270,1,,,1,95,,265271,1,,,1,95,,265272,1,,,1,100,,265273,1,,,1,114,,265274,1,,,1,96,,265275,1,,,1,90,,265276,1,,,1,35,,265277,1,,,1,75,,265278,1,,,1,95,,265279,1,,,1,200,,265280,1,,,1,102,,265281,1,,,1
3001,'20261008',616,,265283,1,,,1,89,,265285,1,,,1,25,,265286,1,,,1,75,,265288,1,,,1,28,,265289,1,,,1,173,,265291,1,,,1,100,,265293,1,,,1,100,,265295,1,,,1,105,,265296,1,,,1,95,,265297,1,,,1,95,,265300,1,,,1,34,,265301,1,0,57 43 44 45,1,66,,265302,1,,,1,36,,265303,1,0,57 43 44 45,1,78,,265304,1,,,1,85,,265305,1,0,57 43 44 45,1,11,,265306,1,,,1,32,,265307,1,0,57 43 44 45,1,58,,265308,1,,,1,35,,265309,1,,,1,75,,265310,1,,,1,95,,265311,1,,,1,200,,265312,1,,,1,102,,265313,1,,,1
3001,'20261009',616,,265315,1,,,1,89,,265317,1,,,1,25,,265318,1,,,1,75,,265320,1,,,1,28,,265321,1,,,1,173,,265323,1,,,1,100,,265325,1,,,1,100,,265327,1,,,1,105,,265329,1,,,1,95,,265331,1,,,1,95,,265335,1,,,1,34,,265336,1,0,57 43 44 45,1,66,,265337,1,,,1,36,,265338,1,0,57 43 44 45,1,78,,265339,1,,,1,85,,265340,1,0,57 43 44 45,1,11,,265341,1,,,1,32,,265342,1,0,57 43 44 45,1,58,,265343,1,,,1,35,,265344,1,,,1,75,,265345,1,,,1,95,,265346,1,,,1,200,,265347,1,,,1,102,,265348,1,,,1
3001,'20261010',826,,265350,1,,,1,197,,265352,1,,,1,100,,265354,1,,,1,100,,265356,1,,,1,100,,265358,1,,,1,100,,265360,1,,,1,100,,265362,1,,,1,100,,265364,1,,,1,200,,265366,1,,,1,25,,265367,1,0,5 43 44 45,1,75,,265369,1,,,1,25,,265370,1,0,5 43 44 45,1,75,,265372,1,,,1,25,,265373,1,0,5 43 44 45,1,75,,265375,1,,,1,100,,265377,1,,,1,197,,265378,1,,,1
3001,'20261011',826,,265380,1,,,1,197,,265382,1,,,1,100,,265384,1,,,1,100,,265386,1,,,1,100,,265388,1,,,1,100,,265390,1,,,1,100,,265392,1,,,1,29,,265393,1,,,1,71,,265395,1,,,1,200,,265397,1,,,1,25,,265398,1,0,5 43 44 45,1,5,,265399,1,,,1,70,,265401,1,,,1,25,,265402,1,0,5 43 44 45,1,5,,265403,1,,,1,70,,265405,1,,,1,25,,265406,1,0,5 43 44 45,1,5,,265407,1,,,1,70,,265409,1,,,1,25,,265410,1,,,1,75,,265412,1,,,1,197,,265413,1,,,1
3001,'20261012',826,,265415,1,,,1,197,,265417,1,,,1,100,,265419,1,,,1,100,,265421,1,,,1,100,,265423,1,,,1,100,,265425,1,,,1,100,,265427,1,,,1,100,,265429,1,,,1,200,,265431,1,,,1,25,,265432,1,0,5 43 44 45,1,75,,265434,1,,,1,25,,265435,1,0,5 43 44 45,1,75,,265437,1,,,1,25,,265438,1,0,5 43 44 45,1,75,,265440,1,,,1,100,,265442,1,,,1,197,,265443,1,,,1
3001,'20261013',616,,265445,1,,,1,89,,265447,1,,,1,25,,265448,1,,,1,75,,265450,1,,,1,28,,265451,1,,,1,173,,265453,1,,,1,100,,265455,1,,,1,100,,265457,1,,,1,105,,265458,1,,,1,95,,265459,1,,,1,95,,265460,1,,,1,100,,265461,1,,,1,114,,265462,1,,,1,96,,265463,1,,,1,90,,265464,1,,,1,35,,265465,1,,,1,75,,265466,1,,,1,95,,265467,1,,,1,200,,265468,1,,,1,102,,265469,1,,,1
3001,'20261014',616,,265471,1,,,1,89,,265473,1,,,1,25,,265474,1,,,1,75,,265476,1,,,1,28,,265477,1,,,1,173,,265479,1,,,1,100,,265481,1,,,1,100,,265483,1,,,1,105,,265484,1,,,1,95,,265485,1,,,1,95,,265486,1,,,1,100,,265487,1,,,1,114,,265488,1,,,1,96,,265489,1,,,1,90,,265490,1,,,1,35,,265491,1,,,1,75,,265492,1,,,1,95,,265493,1,,,1,200,,265494,1,,,1,102,,265495,1,,,1
3001,'20261015',616,,265497,1,,,1,89,,265499,1,,,1,25,,265500,1,,,1,75,,265502,1,,,1,28,,265503,1,,,1,173,,265505,1,,,1,100,,265507,1,,,1,100,,265509,1,,,1,105,,265510,1,,,1,95,,265511,1,,,1,95,,265514,1,,,1,34,,265515,1,0,57 43 44 45,1,66,,265516,1,,,1,36,,265517,1,0,57 43 44 45,1,78,,265518,1,,,1,85,,265519,1,0,57 43 44 45,1,11,,265520,1,,,1,32,,265521,1,0,57 43 44 45,1,58,,265522,1,,,1,35,,265523,1,,,1,75,,265524,1,,,1,95,,265525,1,,,1,200,,265526,1,,,1,102,,265527,1,,,1
3001,'20261016',616,,265529,1,,,1,89,,265531,1,,,1,25,,265532,1,,,1,75,,265534,1,,,1,28,,265535,1,,,1,173,,265537,1,,,1,100,,265539,1,,,1,100,,265541,1,,,1,105,,265543,1,,,1,95,,265545,1,,,1,95,,265549,1,,,1,34,,265550,1,0,57 43 44 45,1,66,,265551,1,,,1,36,,265552,1,0,57 43 44 45,1,78,,265553,1,,,1,85,,265554,1,0,57 43 44 45,1,11,,265555,1,,,1,32,,265556,1,0,57 43 44 45,1,58,,265557,1,,,1,35,,265558,1,,,1,75,,265559,1,,,1,95,,265560,1,,,1,200,,265561,1,,,1,102,,265562,1,,,1
3001,'20261017',826,,265564,1,,,1,197,,265566,1,,,1,100,,265568,1,,,1,100,,265570,1,,,1,100,,265572,1,,,1,100,,265574,1,,,1,100,,265576,1,,,1,100,,265578,1,,,1,200,,265580,1,,,1,25,,265581,1,0,5 43 44 45,1,75,,265583,1,,,1,25,,265584,1,0,5 43 44 45,1,75,,265586,1,,,1,25,,265587,1,0,5 43 44 45,1,75,,265589,1,,,1,100,,265591,1,,,1,197,,265592,1,,,1
3001,'20261018',826,,265594,1,,,1,197,,265596,1,,,1,100,,265598,1,,,1,100,,265600,1,,,1,100,,265602,1,,,1,100,,265604,1,,,1,100,,265606,1,,,1,29,,265607,1,,,1,71,,265609,1,,,1,200,,265611,1,,,1,25,,265612,1,0,5 43 44 45,1,5,,265613,1,,,1,70,,265615,1,,,1,25,,265616,1,0,5 43 44 45,1,5,,265617,1,,,1,70,,265619,1,,,1,25,,265620,1,0,5 43 44 45,1,5,,265621,1,,,1,70,,265623,1,,,1,25,,265624,1,,,1,75,,265626,1,,,1,197,,265627,1,,,1
3001,'20261019',616,,265629,1,,,1,89,,265631,1,,,1,25,,265632,1,,,1,75,,265634,1,,,1,28,,265635,1,,,1,173,,265637,1,,,1,100,,265639,1,,,1,100,,265641,1,,,1,105,,265642,1,,,1,95,,265643,1,,,1,95,,265644,1,,,1,100,,265645,1,,,1,114,,265646,1,,,1,96,,265647,1,,,1,90,,265648,1,,,1,35,,265649,1,,,1,75,,265650,1,,,1,95,,265651,1,,,1,200,,265652,1,,,1,102,,265653,1,,,1
3001,'20261020',616,,265655,1,,,1,89,,265657,1,,,1,25,,265658,1,,,1,75,,265660,1,,,1,28,,265661,1,,,1,173,,265663,1,,,1,100,,265665,1,,,1,100,,265667,1,,,1,105,,265668,1,,,1,95,,265669,1,,,1,95,,265670,1,,,1,100,,265671,1,,,1,114,,265672,1,,,1,96,,265673,1,,,1,90,,265674,1,,,1,35,,265675,1,,,1,75,,265676,1,,,1,95,,265677,1,,,1,200,,265678,1,,,1,102,,265679,1,,,1
3001,'20261021',616,,265681,1,,,1,89,,265683,1,,,1,25,,265684,1,,,1,75,,265686,1,,,1,28,,265687,1,,,1,173,,265689,1,,,1,100,,265691,1,,,1,100,,265693,1,,,1,105,,265694,1,,,1,95,,265695,1,,,1,95,,265696,1,,,1,100,,265697,1,,,1,114,,265698,1,,,1,96,,265699,1,,,1,90,,265700,1,,,1,35,,265701,1,,,1,75,,265702,1,,,1,95,,265703,1,,,1,200,,265704,1,,,1,102,,265705,1,,,1
3001,'20261022',616,,265707,1,,,1,89,,265709,1,,,1,25,,265710,1,,,1,75,,265712,1,,,1,28,,265713,1,,,1,173,,265715,1,,,1,100,,265717,1,,,1,100,,265719,1,,,1,105,,265720,1,,,1,95,,265721,1,,,1,95,,265724,1,,,1,34,,265725,1,0,57 43 44 45,1,66,,265726,1,,,1,36,,265727,1,0,57 43 44 45,1,78,,265728,1,,,1,85,,265729,1,0,57 43 44 45,1,11,,265730,1,,,1,32,,265731,1,0,57 43 44 45,1,58,,265732,1,,,1,35,,265733,1,,,1,75,,265734,1,,,1,95,,265735,1,,,1,200,,265736,1,,,1,102,,265737,1,,,1
3001,'20261023',616,,265739,1,,,1,89,,265741,1,,,1,25,,265742,1,,,1,75,,265744,1,,,1,28,,265745,1,,,1,173,,265747,1,,,1,100,,265749,1,,,1,100,,265751,1,,,1,105,,265753,1,,,1,95,,265755,1,,,1,95,,265759,1,,,1,34,,265760,1,0,57 43 44 45,1,66,,265761,1,,,1,36,,265762,1,0,57 43 44 45,1,78,,265763,1,,,1,85,,265764,1,0,57 43 44 45,1,11,,265765,1,,,1,32,,265766,1,0,57 43 44 45,1,58,,265767,1,,,1,35,,265768,1,,,1,75,,265769,1,,,1,95,,265770,1,,,1,200,,265771,1,,,1,102,,265772,1,,,1
3001,'20261024',826,,265774,1,,,1,197,,265776,1,,,1,100,,265778,1,,,1,100,,265780,1,,,1,100,,265782,1,,,1,100,,265784,1,,,1,100,,265786,1,,,1,100,,265788,1,,,1,200,,265790,1,,,1,25,,265791,1,0,5 43 44 45,1,75,,265793,1,,,1,25,,265794,1,0,5 43 44 45,1,75,,265796,1,,,1,25,,265797,1,0,5 43 44 45,1,75,,265799,1,,,1,100,,265801,1,,,1,197,,265802,1,,,1
3001,'20261025',826,,265804,1,,,1,197,,265806,1,,,1,100,,265808,1,,,1,100,,265810,1,,,1,100,,265812,1,,,1,100,,265814,1,,,1,100,,265816,1,,,1,29,,265817,1,,,1,71,,265819,1,,,1,200,,265821,1,,,1,25,,265822,1,0,5 43 44 45,1,5,,265823,1,,,1,70,,265825,1,,,1,25,,265826,1,0,5 43 44 45,1,5,,265827,1,,,1,70,,265829,1,,,1,25,,265830,1,0,5 43 44 45,1,5,,265831,1,,,1,70,,265833,1,,,1,25,,265834,1,,,1,75,,265836,1,,,1,197,,265837,1,,,1
3001,'20261026',616,,265839,1,,,1,89,,265841,1,,,1,25,,265842,1,,,1,75,,265844,1,,,1,28,,265845,1,,,1,173,,265847,1,,,1,100,,265849,1,,,1,100,,265851,1,,,1,105,,265852,1,,,1,95,,265853,1,,,1,95,,265854,1,,,1,100,,265855,1,,,1,114,,265856,1,,,1,96,,265857,1,,,1,90,,265858,1,,,1,35,,265859,1,,,1,75,,265860,1,,,1,95,,265861,1,,,1,200,,265862,1,,,1,102,,265863,1,,,1
3001,'20261027',616,,265865,1,,,1,89,,265867,1,,,1,25,,265868,1,,,1,75,,265870,1,,,1,28,,265871,1,,,1,173,,265873,1,,,1,100,,265875,1,,,1,100,,265877,1,,,1,105,,265878,1,,,1,95,,265879,1,,,1,95,,265880,1,,,1,100,,265881,1,,,1,114,,265882,1,,,1,96,,265883,1,,,1,90,,265884,1,,,1,35,,265885,1,,,1,75,,265886,1,,,1,95,,265887,1,,,1,200,,265888,1,,,1,102,,265889,1,,,1
3001,'20261028',616,,265891,1,,,1,89,,265893,1,,,1,25,,265894,1,,,1,75,,265896,1,,,1,28,,265897,1,,,1,173,,265899,1,,,1,100,,265901,1,,,1,100,,265903,1,,,1,105,,265904,1,,,1,95,,265905,1,,,1,95,,265906,1,,,1,100,,265907,1,,,1,114,,265908,1,,,1,96,,265909,1,,,1,90,,265910,1,,,1,35,,265911,1,,,1,75,,265912,1,,,1,95,,265913,1,,,1,200,,265914,1,,,1,102,,265915,1,,,1
3001,'20261029',616,,265917,1,,,1,89,,265919,1,,,1,25,,265920,1,,,1,75,,265922,1,,,1,28,,265923,1,,,1,173,,265925,1,,,1,100,,265927,1,,,1,100,,265929,1,,,1,105,,265930,1,,,1,95,,265931,1,,,1,95,,265934,1,,,1,34,,265935,1,0,57 43 44 45,1,66,,265936,1,,,1,36,,265937,1,0,57 43 44 45,1,78,,265938,1,,,1,85,,265939,1,0,57 43 44 45,1,11,,265940,1,,,1,32,,265941,1,0,57 43 44 45,1,58,,265942,1,,,1,35,,265943,1,,,1,75,,265944,1,,,1,95,,265945,1,,,1,200,,265946,1,,,1,102,,265947,1,,,1
3001,'20261030',616,,265949,1,,,1,89,,265951,1,,,1,25,,265952,1,,,1,75,,265954,1,,,1,28,,265955,1,,,1,173,,265957,1,,,1,100,,265959,1,,,1,100,,265961,1,,,1,105,,265963,1,,,1,95,,265965,1,,,1,95,,265969,1,,,1,34,,265970,1,0,57 43 44 45,1,66,,265971,1,,,1,36,,265972,1,0,57 43 44 45,1,78,,265973,1,,,1,85,,265974,1,0,57 43 44 45,1,11,,265975,1,,,1,32,,265976,1,0,57 43 44 45,1,58,,265977,1,,,1,35,,265978,1,,,1,75,,265979,1,,,1,95,,265980,1,,,1,200,,265981,1,,,1,102,,265982,1,,,1
3001,'20261031',826,,265984,1,,,1,197,,265986,1,,,1,100,,265988,1,,,1,100,,265990,1,,,1,100,,265992,1,,,1,100,,265994,1,,,1,100,,265996,1,,,1,100,,265998,1,,,1,200,,266000,1,,,1,25,,266001,1,0,5 43 44 45,1,75,,266003,1,,,1,25,,266004,1,0,5 43 44 45,1,75,,266006,1,,,1,25,,266007,1,0,5 43 44 45,1,75,,266009,1,,,1,100,,266011,1,,,1,197,,266012,1,,,1
3001,'20261101',826,,266014,1,,,1,197,,266016,1,,,1,100,,266018,1,,,1,100,,266020,1,,,1,100,,266022,1,,,1,100,,266024,1,,,1,100,,266026,1,,,1,29,,266027,1,,,1,71,,266029,1,,,1,200,,266031,1,,,1,25,,266032,1,0,5 43 44 45,1,5,,266033,1,,,1,70,,266035,1,,,1,25,,266036,1,0,5 43 44 45,1,5,,266037,1,,,1,70,,266039,1,,,1,25,,266040,1,0,5 43 44 45,1,5,,266041,1,,,1,70,,266043,1,,,1,25,,266044,1,,,1,75,,266046,1,,,1,197,,266047,1,,,1
3001,'20261102',616,,266049,1,,,1,89,,266051,1,,,1,25,,266052,1,,,1,75,,266054,1,,,1,28,,266055,1,,,1,173,,266057,1,,,1,100,,266059,1,,,1,100,,266061,1,,,1,105,,266062,1,,,1,95,,266063,1,,,1,95,,266064,1,,,1,100,,266065,1,,,1,114,,266066,1,,,1,96,,266067,1,,,1,90,,266068,1,,,1,35,,266069,1,,,1,75,,266070,1,,,1,95,,266071,1,,,1,200,,266072,1,,,1,102,,266073,1,,,1
3001,'20261103',616,,266075,1,,,1,89,,266077,1,,,1,25,,266078,1,,,1,75,,266080,1,,,1,28,,266081,1,,,1,173,,266083,1,,,1,100,,266085,1,,,1,100,,266087,1,,,1,105,,266088,1,,,1,95,,266089,1,,,1,95,,266090,1,,,1,100,,266091,1,,,1,114,,266092,1,,,1,96,,266093,1,,,1,90,,266094,1,,,1,35,,266095,1,,,1,75,,266096,1,,,1,95,,266097,1,,,1,200,,266098,1,,,1,102,,266099,1,,,1
3001,'20261104',616,,266101,1,,,1,89,,266103,1,,,1,25,,266104,1,,,1,75,,266106,1,,,1,28,,266107,1,,,1,173,,266109,1,,,1,100,,266111,1,,,1,100,,266113,1,,,1,105,,266114,1,,,1,95,,266115,1,,,1,95,,266116,1,,,1,100,,266117,1,,,1,114,,266118,1,,,1,96,,266119,1,,,1,90,,266120,1,,,1,35,,266121,1,,,1,75,,266122,1,,,1,95,,266123,1,,,1,200,,266124,1,,,1,102,,266125,1,,,1
3001,'20261105',616,,266127,1,,,1,89,,266129,1,,,1,25,,266130,1,,,1,75,,266132,1,,,1,28,,266133,1,,,1,173,,266135,1,,,1,100,,266137,1,,,1,100,,266139,1,,,1,105,,266140,1,,,1,95,,266141,1,,,1,95,,266144,1,,,1,34,,266145,1,0,57 43 44 45,1,66,,266146,1,,,1,36,,266147,1,0,57 43 44 45,1,78,,266148,1,,,1,85,,266149,1,0,57 43 44 45,1,11,,266150,1,,,1,32,,266151,1,0,57 43 44 45,1,58,,266152,1,,,1,35,,266153,1,,,1,75,,266154,1,,,1,95,,266155,1,,,1,200,,266156,1,,,1,102,,266157,1,,,1
3001,'20261106',616,,266159,1,,,1,89,,266161,1,,,1,25,,266162,1,,,1,75,,266164,1,,,1,28,,266165,1,,,1,173,,266167,1,,,1,100,,266169,1,,,1,100,,266171,1,,,1,105,,266173,1,,,1,95,,266175,1,,,1,95,,266179,1,,,1,34,,266180,1,0,57 43 44 45,1,66,,266181,1,,,1,36,,266182,1,0,57 43 44 45,1,78,,266183,1,,,1,85,,266184,1,0,57 43 44 45,1,11,,266185,1,,,1,32,,266186,1,0,57 43 44 45,1,58,,266187,1,,,1,35,,266188,1,,,1,75,,266189,1,,,1,95,,266190,1,,,1,200,,266191,1,,,1,102,,266192,1,,,1
3001,'20261107',826,,266194,1,,,1,197,,266196,1,,,1,100,,266198,1,,,1,100,,266200,1,,,1,100,,266202,1,,,1,100,,266204,1,,,1,100,,266206,1,,,1,100,,266208,1,,,1,200,,266210,1,,,1,25,,266211,1,0,5 43 44 45,1,75,,266213,1,,,1,25,,266214,1,0,5 43 44 45,1,75,,266216,1,,,1,25,,266217,1,0,5 43 44 45,1,75,,266219,1,,,1,100,,266221,1,,,1,197,,266222,1,,,1
3001,'20261108',826,,266224,1,,,1,197,,266226,1,,,1,100,,266228,1,,,1,100,,266230,1,,,1,100,,266232,1,,,1,100,,266234,1,,,1,100,,266236,1,,,1,29,,266237,1,,,1,71,,266239,1,,,1,200,,266241,1,,,1,25,,266242,1,0,5 43 44 45,1,5,,266243,1,,,1,70,,266245,1,,,1,25,,266246,1,0,5 43 44 45,1,5,,266247,1,,,1,70,,266249,1,,,1,25,,266250,1,0,5 43 44 45,1,5,,266251,1,,,1,70,,266253,1,,,1,25,,266254,1,,,1,75,,266256,1,,,1,197,,266257,1,,,1
3001,'20261109',616,,266259,1,,,1,89,,266261,1,,,1,25,,266262,1,,,1,75,,266264,1,,,1,28,,266265,1,,,1,173,,266267,1,,,1,100,,266269,1,,,1,100,,266271,1,,,1,105,,266272,1,,,1,95,,266273,1,,,1,95,,266274,1,,,1,100,,266275,1,,,1,114,,266276,1,,,1,96,,266277,1,,,1,90,,266278,1,,,1,35,,266279,1,,,1,75,,266280,1,,,1,95,,266281,1,,,1,200,,266282,1,,,1,102,,266283,1,,,1
3001,'20261110',616,,266285,1,,,1,89,,266287,1,,,1,25,,266288,1,,,1,75,,266290,1,,,1,28,,266291,1,,,1,173,,266293,1,,,1,100,,266295,1,,,1,100,,266297,1,,,1,105,,266298,1,,,1,95,,266299,1,,,1,95,,266300,1,,,1,100,,266301,1,,,1,114,,266302,1,,,1,96,,266303,1,,,1,90,,266304,1,,,1,35,,266305,1,,,1,75,,266306,1,,,1,95,,266307,1,,,1,200,,266308,1,,,1,102,,266309,1,,,1
3001,'20261111',616,,266311,1,,,1,89,,266313,1,,,1,25,,266314,1,,,1,75,,266316,1,,,1,28,,266317,1,,,1,173,,266319,1,,,1,100,,266321,1,,,1,100,,266323,1,,,1,105,,266324,1,,,1,95,,266325,1,,,1,95,,266326,1,,,1,100,,266327,1,,,1,114,,266328,1,,,1,96,,266329,1,,,1,90,,266330,1,,,1,35,,266331,1,,,1,75,,266332,1,,,1,95,,266333,1,,,1,200,,266334,1,,,1,102,,266335,1,,,1
3001,'20261112',616,,266337,1,,,1,89,,266339,1,,,1,25,,266340,1,,,1,75,,266342,1,,,1,28,,266343,1,,,1,173,,266345,1,,,1,100,,266347,1,,,1,100,,266349,1,,,1,105,,266350,1,,,1,95,,266351,1,,,1,95,,266354,1,,,1,34,,266355,1,0,57 43 44 45,1,66,,266356,1,,,1,36,,266357,1,0,57 43 44 45,1,78,,266358,1,,,1,85,,266359,1,0,57 43 44 45,1,11,,266360,1,,,1,32,,266361,1,0,57 43 44 45,1,58,,266362,1,,,1,35,,266363,1,,,1,75,,266364,1,,,1,95,,266365,1,,,1,200,,266366,1,,,1,102,,266367,1,,,1
3001,'20261113',616,,266369,1,,,1,89,,266371,1,,,1,25,,266372,1,,,1,75,,266374,1,,,1,28,,266375,1,,,1,173,,266377,1,,,1,100,,266379,1,,,1,100,,266381,1,,,1,105,,266383,1,,,1,95,,266385,1,,,1,95,,266389,1,,,1,34,,266390,1,0,57 43 44 45,1,66,,266391,1,,,1,36,,266392,1,0,57 43 44 45,1,78,,266393,1,,,1,85,,266394,1,0,57 43 44 45,1,11,,266395,1,,,1,32,,266396,1,0,57 43 44 45,1,58,,266397,1,,,1,35,,266398,1,,,1,75,,266399,1,,,1,95,,266400,1,,,1,200,,266401,1,,,1,102,,266402,1,,,1
3001,'20261114',826,,266404,1,,,1,197,,266406,1,,,1,100,,266408,1,,,1,100,,266410,1,,,1,100,,266412,1,,,1,100,,266414,1,,,1,100,,266416,1,,,1,100,,266418,1,,,1,200,,266420,1,,,1,25,,266421,1,0,5 43 44 45,1,75,,266423,1,,,1,25,,266424,1,0,5 43 44 45,1,75,,266426,1,,,1,25,,266427,1,0,5 43 44 45,1,75,,266429,1,,,1,100,,266431,1,,,1,197,,266432,1,,,1
3001,'20261115',826,,266434,1,,,1,197,,266436,1,,,1,100,,266438,1,,,1,100,,266440,1,,,1,100,,266442,1,,,1,100,,266444,1,,,1,100,,266446,1,,,1,29,,266447,1,,,1,71,,266449,1,,,1,200,,266451,1,,,1,25,,266452,1,0,5 43 44 45,1,5,,266453,1,,,1,70,,266455,1,,,1,25,,266456,1,0,5 43 44 45,1,5,,266457,1,,,1,70,,266459,1,,,1,25,,266460,1,0,5 43 44 45,1,5,,266461,1,,,1,70,,266463,1,,,1,25,,266464,1,,,1,75,,266466,1,,,1,197,,266467,1,,,1
3001,'20261116',616,,266469,1,,,1,89,,266471,1,,,1,25,,266472,1,,,1,75,,266474,1,,,1,28,,266475,1,,,1,173,,266477,1,,,1,100,,266479,1,,,1,100,,266481,1,,,1,105,,266482,1,,,1,95,,266483,1,,,1,95,,266484,1,,,1,100,,266485,1,,,1,114,,266486,1,,,1,96,,266487,1,,,1,90,,266488,1,,,1,35,,266489,1,,,1,75,,266490,1,,,1,95,,266491,1,,,1,200,,266492,1,,,1,102,,266493,1,,,1
3001,'20261117',616,,266495,1,,,1,89,,266497,1,,,1,25,,266498,1,,,1,75,,266500,1,,,1,28,,266501,1,,,1,173,,266503,1,,,1,100,,266505,1,,,1,100,,266507,1,,,1,105,,266508,1,,,1,95,,266509,1,,,1,95,,266510,1,,,1,100,,266511,1,,,1,114,,266512,1,,,1,96,,266513,1,,,1,90,,266514,1,,,1,35,,266515,1,,,1,75,,266516,1,,,1,95,,266517,1,,,1,200,,266518,1,,,1,102,,266519,1,,,1
3001,'20261118',616,,266521,1,,,1,89,,266523,1,,,1,25,,266524,1,,,1,75,,266526,1,,,1,28,,266527,1,,,1,173,,266529,1,,,1,100,,266531,1,,,1,100,,266533,1,,,1,105,,266534,1,,,1,95,,266535,1,,,1,95,,266536,1,,,1,100,,266537,1,,,1,114,,266538,1,,,1,96,,266539,1,,,1,90,,266540,1,,,1,35,,266541,1,,,1,75,,266542,1,,,1,95,,266543,1,,,1,200,,266544,1,,,1,102,,266545,1,,,1
3001,'20261119',616,,266547,1,,,1,89,,266549,1,,,1,25,,266550,1,,,1,75,,266552,1,,,1,28,,266553,1,,,1,173,,266555,1,,,1,100,,266557,1,,,1,100,,266559,1,,,1,105,,266560,1,,,1,95,,266561,1,,,1,95,,266564,1,,,1,34,,266565,1,0,57 43 44 45,1,66,,266566,1,,,1,36,,266567,1,0,57 43 44 45,1,78,,266568,1,,,1,85,,266569,1,0,57 43 44 45,1,11,,266570,1,,,1,32,,266571,1,0,57 43 44 45,1,58,,266572,1,,,1,35,,266573,1,,,1,75,,266574,1,,,1,95,,266575,1,,,1,200,,266576,1,,,1,102,,266577,1,,,1
3001,'20261120',616,,266579,1,,,1,89,,266581,1,,,1,25,,266582,1,,,1,75,,266584,1,,,1,28,,266585,1,,,1,173,,266587,1,,,1,100,,266589,1,,,1,100,,266591,1,,,1,105,,266593,1,,,1,95,,266595,1,,,1,95,,266599,1,,,1,34,,266600,1,0,57 43 44 45,1,66,,266601,1,,,1,36,,266602,1,0,57 43 44 45,1,78,,266603,1,,,1,85,,266604,1,0,57 43 44 45,1,11,,266605,1,,,1,32,,266606,1,0,57 43 44 45,1,58,,266607,1,,,1,35,,266608,1,,,1,75,,266609,1,,,1,95,,266610,1,,,1,200,,266611,1,,,1,102,,266612,1,,,1
3001,'20261121',826,,266614,1,,,1,197,,266616,1,,,1,100,,266618,1,,,1,100,,266620,1,,,1,100,,266622,1,,,1,100,,266624,1,,,1,100,,266626,1,,,1,100,,266628,1,,,1,200,,266630,1,,,1,25,,266631,1,0,5 43 44 45,1,75,,266633,1,,,1,25,,266634,1,0,5 43 44 45,1,75,,266636,1,,,1,25,,266637,1,0,5 43 44 45,1,75,,266639,1,,,1,100,,266641,1,,,1,197,,266642,1,,,1
3001,'20261122',826,,266644,1,,,1,197,,266646,1,,,1,100,,266648,1,,,1,100,,266650,1,,,1,100,,266652,1,,,1,100,,266654,1,,,1,100,,266656,1,,,1,29,,266657,1,,,1,71,,266659,1,,,1,200,,266661,1,,,1,25,,266662,1,0,5 43 44 45,1,5,,266663,1,,,1,70,,266665,1,,,1,25,,266666,1,0,5 43 44 45,1,5,,266667,1,,,1,70,,266669,1,,,1,25,,266670,1,0,5 43 44 45,1,5,,266671,1,,,1,70,,266673,1,,,1,25,,266674,1,,,1,75,,266676,1,,,1,197,,266677,1,,,1
3001,'20261123',616,,266679,1,,,1,89,,266681,1,,,1,25,,266682,1,,,1,75,,266684,1,,,1,28,,266685,1,,,1,173,,266687,1,,,1,100,,266689,1,,,1,100,,266691,1,,,1,105,,266692,1,,,1,95,,266693,1,,,1,95,,266694,1,,,1,100,,266695,1,,,1,114,,266696,1,,,1,96,,266697,1,,,1,90,,266698,1,,,1,35,,266699,1,,,1,75,,266700,1,,,1,95,,266701,1,,,1,200,,266702,1,,,1,102,,266703,1,,,1
3001,'20261124',616,,266705,1,,,1,89,,266707,1,,,1,25,,266708,1,,,1,75,,266710,1,,,1,28,,266711,1,,,1,173,,266713,1,,,1,100,,266715,1,,,1,100,,266717,1,,,1,105,,266718,1,,,1,95,,266719,1,,,1,95,,266720,1,,,1,100,,266721,1,,,1,114,,266722,1,,,1,96,,266723,1,,,1,90,,266724,1,,,1,35,,266725,1,,,1,75,,266726,1,,,1,95,,266727,1,,,1,200,,266728,1,,,1,102,,266729,1,,,1
3001,'20261125',616,,266731,1,,,1,89,,266733,1,,,1,25,,266734,1,,,1,75,,266736,1,,,1,28,,266737,1,,,1,173,,266739,1,,,1,100,,266741,1,,,1,100,,266743,1,,,1,105,,266744,1,,,1,95,,266745,1,,,1,95,,266746,1,,,1,100,,266747,1,,,1,114,,266748,1,,,1,96,,266749,1,,,1,90,,266750,1,,,1,35,,266751,1,,,1,75,,266752,1,,,1,95,,266753,1,,,1,200,,266754,1,,,1,102,,266755,1,,,1
3001,'20261126',616,,266757,1,,,1,89,,266759,1,,,1,25,,266760,1,,,1,75,,266762,1,,,1,28,,266763,1,,,1,173,,266765,1,,,1,100,,266767,1,,,1,100,,266769,1,,,1,105,,266770,1,,,1,95,,266771,1,,,1,95,,266774,1,,,1,34,,266775,1,0,57 43 44 45,1,66,,266776,1,,,1,36,,266777,1,0,57 43 44 45,1,78,,266778,1,,,1,85,,266779,1,0,57 43 44 45,1,11,,266780,1,,,1,32,,266781,1,0,57 43 44 45,1,58,,266782,1,,,1,35,,266783,1,,,1,75,,266784,1,,,1,95,,266785,1,,,1,200,,266786,1,,,1,102,,266787,1,,,1
3001,'20261127',616,,266789,1,,,1,89,,266791,1,,,1,25,,266792,1,,,1,75,,266794,1,,,1,28,,266795,1,,,1,173,,266797,1,,,1,100,,266799,1,,,1,100,,266801,1,,,1,105,,266803,1,,,1,95,,266805,1,,,1,95,,266809,1,,,1,34,,266810,1,0,57 43 44 45,1,66,,266811,1,,,1,36,,266812,1,0,57 43 44 45,1,78,,266813,1,,,1,85,,266814,1,0,57 43 44 45,1,11,,266815,1,,,1,32,,266816,1,0,57 43 44 45,1,58,,266817,1,,,1,35,,266818,1,,,1,75,,266819,1,,,1,95,,266820,1,,,1,200,,266821,1,,,1,102,,266822,1,,,1
3101,'20260912',850,,267614,1,0,71 101 9,1,50,,267615,1,0,71 101 9,1,800,,267616,1,0,71 101 9,1,550,,267617,1,0,71 101 9,1
3101,'20260913',850,,267626,1,0,71 101 9,1,50,,267627,1,0,71 101 9,1,800,,267628,1,0,71 101 9,1,550,,267629,1,0,71 101 9,1
3101,'20260919',850,,267701,1,0,71 101 9,1,50,,267702,1,0,71 101 9,1,800,,267703,1,0,71 101 9,1,550,,267704,1,0,71 101 9,1
3101,'20260920',850,,267713,1,0,71 101 9,1,50,,267714,1,0,71 101 9,1,800,,267715,1,0,71 101 9,1,550,,267716,1,0,71 101 9,1
4000,'20260831',440,,180431,15,0,31 42 9,1,100,,180432,15,0,31 42 9,1,95,,180433,15,0,31 42 9,1,70,,180434,15,0,49 50 51,1,35,,180436,15,0,49 50 51,1,5,,180435,16,0,37 42 9,1,55,,180437,15,0,49 50 51,1,15,,180438,15,0,49 50 51,1,25,,180439,16,0,37 42 9,1,5,,180440,15,0,49 50 51,1,55,,180441,15,0,49 50 51,1,15,,180442,15,0,49 50 51,1,30,,180443,16,0,37 42 9,1,5,,180444,15,0,49 50 51,1,60,,180445,15,0,49 50 51,1,20,,180446,15,0,49 50 51,1,15,,180447,15,0,31 42 9,1,78,,180448,16,0,52 49 50 51,1,22,,180449,15,0,49 50 51,1,75,,180450,15,0,49 50 51,1,25,,180451,15,0,31 42 9,1,78,,180452,16,0,52 49 50 51,1,22,,180453,15,0,49 50 51,1,70,,180454,15,0,49 50 51,1,20,,180455,15,0,49 50 51,1,65,,180456,15,0,31 42 9,1,25,,180457,15,0,49 50 51,1,30,,180458,16,0,37 42 9,1,55,,180459,15,0,49 50 51,1,15,,180460,15,0,31 42 9,1,30,,180461,16,0,37 42 9,1,53,,180462,15,0,49 50 51,1,20,,180463,15,0,49 50 51,1,15,,180464,15,0,49 50 51,1,62,,180465,16,0,37 42 9,1,5,,180466,15,0,49 50 51,1,10,,180467,15,0,49 50 51,1,10,,180468,15,0,49 50 51,1,27,,180469,16,0,37 42 9,1,48,,180470,15,0,49 50 51,1,20,,180471,15,0,49 50 51,1,20,,180472,15,0,49 50 51,1,75,,180473,16,0,37 42 9,1,20,,180474,15,0,49 50 51,1,65,,180475,15,0,31 42 9,1,30,,180476,15,0,49 50 51,1,100,,180477,15,0,31 42 9,1,100,,180478,15,0,49 50 51,1,105,,180479,15,0,31 42 9,1,200,,180480,15,0,31 42 9,1
4000,'20260901',440,,180481,15,0,31 42 9,1,100,,180482,15,0,31 42 9,1,95,,180483,15,0,31 42 9,1,70,,180484,15,0,49 50 51,1,35,,180486,15,0,49 50 51,1,5,,180485,16,0,37 42 9,1,55,,180487,15,0,49 50 51,1,15,,180488,15,0,49 50 51,1,25,,180489,16,0,37 42 9,1,5,,180490,15,0,49 50 51,1,55,,180491,15,0,49 50 51,1,15,,180492,15,0,49 50 51,1,30,,180493,16,0,37 42 9,1,5,,180494,15,0,49 50 51,1,60,,180495,15,0,49 50 51,1,20,,180496,15,0,49 50 51,1,15,,180497,15,0,31 42 9,1,78,,180498,16,0,52 49 50 51,1,22,,180499,15,0,49 50 51,1,75,,180500,15,0,49 50 51,1,25,,180501,15,0,31 42 9,1,78,,180502,16,0,52 49 50 51,1,22,,180503,15,0,49 50 51,1,70,,180504,15,0,49 50 51,1,20,,180505,15,0,49 50 51,1,65,,180506,15,0,31 42 9,1,25,,180507,15,0,49 50 51,1,30,,180508,16,0,37 42 9,1,55,,180509,15,0,49 50 51,1,15,,180510,15,0,31 42 9,1,30,,180511,16,0,37 42 9,1,53,,180512,15,0,49 50 51,1,20,,180513,15,0,49 50 51,1,15,,180514,15,0,49 50 51,1,62,,180515,16,0,37 42 9,1,5,,180516,15,0,49 50 51,1,10,,180517,15,0,49 50 51,1,10,,180518,15,0,49 50 51,1,27,,180519,16,0,37 42 9,1,48,,180520,15,0,49 50 51,1,20,,180521,15,0,49 50 51,1,20,,180522,15,0,49 50 51,1,75,,180523,16,0,37 42 9,1,20,,180524,15,0,49 50 51,1,65,,180525,15,0,31 42 9,1,30,,180526,15,0,49 50 51,1,100,,180527,15,0,31 42 9,1,100,,180528,15,0,49 50 51,1,105,,180529,15,0,31 42 9,1,200,,180530,15,0,31 42 9,1
4000,'20260902',440,,180531,15,0,31 42 9,1,100,,180532,15,0,31 42 9,1,95,,180533,15,0,31 42 9,1,70,,180534,15,0,49 50 51,1,35,,180536,15,0,49 50 51,1,5,,180535,16,0,37 42 9,1,55,,180537,15,0,49 50 51,1,15,,180538,15,0,49 50 51,1,25,,180539,16,0,37 42 9,1,5,,180540,15,0,49 50 51,1,55,,180541,15,0,49 50 51,1,15,,180542,15,0,49 50 51,1,30,,180543,16,0,37 42 9,1,5,,180544,15,0,49 50 51,1,60,,180545,15,0,49 50 51,1,20,,180546,15,0,49 50 51,1,15,,180547,15,0,31 42 9,1,78,,180548,16,0,52 49 50 51,1,22,,180549,15,0,49 50 51,1,75,,180550,15,0,49 50 51,1,25,,180551,15,0,31 42 9,1,78,,180552,16,0,52 49 50 51,1,22,,180553,15,0,49 50 51,1,70,,180554,15,0,49 50 51,1,20,,180555,15,0,49 50 51,1,65,,180556,15,0,31 42 9,1,25,,180557,15,0,49 50 51,1,30,,180558,16,0,37 42 9,1,55,,180559,15,0,49 50 51,1,15,,180560,15,0,31 42 9,1,30,,180561,16,0,37 42 9,1,53,,180562,15,0,49 50 51,1,20,,180563,15,0,49 50 51,1,15,,180564,15,0,49 50 51,1,62,,180565,16,0,37 42 9,1,5,,180566,15,0,49 50 51,1,10,,180567,15,0,49 50 51,1,10,,180568,15,0,49 50 51,1,27,,180569,16,0,37 42 9,1,48,,180570,15,0,49 50 51,1,20,,180571,15,0,49 50 51,1,20,,180572,15,0,49 50 51,1,75,,180573,16,0,37 42 9,1,20,,180574,15,0,49 50 51,1,65,,180575,15,0,31 42 9,1,30,,180576,15,0,49 50 51,1,100,,180577,15,0,31 42 9,1,100,,180578,15,0,49 50 51,1,105,,180579,15,0,31 42 9,1,200,,180580,15,0,31 42 9,1
4000,'20260903',440,,180581,15,0,31 42 9,1,100,,180582,15,0,31 42 9,1,95,,180583,15,0,31 42 9,1,70,,180584,15,0,49 50 51,1,35,,180586,15,0,49 50 51,1,5,,180585,16,0,37 42 9,1,55,,180587,15,0,49 50 51,1,15,,180588,15,0,49 50 51,1,25,,180589,16,0,37 42 9,1,5,,180590,15,0,49 50 51,1,55,,180591,15,0,49 50 51,1,15,,180592,15,0,49 50 51,1,30,,180593,16,0,37 42 9,1,5,,180594,15,0,49 50 51,1,60,,180595,15,0,49 50 51,1,20,,180596,15,0,49 50 51,1,15,,180597,15,0,31 42 9,1,78,,180598,16,0,52 49 50 51,1,22,,180599,15,0,49 50 51,1,75,,180600,15,0,49 50 51,1,25,,180601,15,0,31 42 9,1,78,,180602,16,0,52 49 50 51,1,22,,180603,15,0,49 50 51,1,70,,180604,15,0,49 50 51,1,20,,180605,15,0,49 50 51,1,65,,180606,15,0,31 42 9,1,25,,180607,15,0,49 50 51,1,30,,180608,16,0,37 42 9,1,55,,180609,15,0,49 50 51,1,15,,180610,15,0,31 42 9,1,30,,180611,16,0,37 42 9,1,53,,180612,15,0,49 50 51,1,20,,180613,15,0,49 50 51,1,15,,180614,15,0,49 50 51,1,62,,180615,16,0,37 42 9,1,5,,180616,15,0,49 50 51,1,10,,180617,15,0,49 50 51,1,10,,180618,15,0,49 50 51,1,27,,180619,16,0,37 42 9,1,48,,180620,15,0,49 50 51,1,20,,180621,15,0,49 50 51,1,20,,180622,15,0,49 50 51,1,75,,180623,16,0,37 42 9,1,20,,180624,15,0,49 50 51,1,65,,180625,15,0,31 42 9,1,30,,180626,15,0,49 50 51,1,100,,180627,15,0,31 42 9,1,100,,180628,15,0,49 50 51,1,105,,180629,15,0,31 42 9,1,200,,180630,15,0,31 42 9,1
4000,'20260904',440,,180631,15,0,31 42 9,1,100,,180632,15,0,31 42 9,1,95,,180633,15,0,31 42 9,1,70,,180634,15,0,49 50 51,1,35,,180636,15,0,49 50 51,1,5,,180635,16,0,37 42 9,1,55,,180637,15,0,49 50 51,1,15,,180638,15,0,49 50 51,1,25,,180639,16,0,37 42 9,1,5,,180640,15,0,49 50 51,1,55,,180641,15,0,49 50 51,1,15,,180642,15,0,49 50 51,1,30,,180643,16,0,37 42 9,1,5,,180644,15,0,49 50 51,1,60,,180645,15,0,49 50 51,1,20,,180646,15,0,49 50 51,1,15,,180647,15,0,31 42 9,1,78,,180648,16,0,52 49 50 51,1,22,,180649,15,0,49 50 51,1,75,,180650,15,0,49 50 51,1,25,,180651,15,0,31 42 9,1,78,,180652,16,0,52 49 50 51,1,22,,180653,15,0,49 50 51,1,70,,180654,15,0,49 50 51,1,20,,180655,15,0,49 50 51,1,65,,180656,15,0,31 42 9,1,25,,180657,15,0,49 50 51,1,30,,180658,16,0,37 42 9,1,55,,180659,15,0,49 50 51,1,15,,180660,15,0,31 42 9,1,30,,180661,16,0,37 42 9,1,53,,180662,15,0,49 50 51,1,20,,180663,15,0,49 50 51,1,15,,180664,15,0,49 50 51,1,62,,180665,16,0,37 42 9,1,5,,180666,15,0,49 50 51,1,10,,180667,15,0,49 50 51,1,10,,180668,15,0,49 50 51,1,27,,180669,16,0,37 42 9,1,48,,180670,15,0,49 50 51,1,20,,180671,15,0,49 50 51,1,20,,180672,15,0,49 50 51,1,75,,180673,16,0,37 42 9,1,20,,180674,15,0,49 50 51,1,65,,180675,15,0,31 42 9,1,30,,180676,15,0,49 50 51,1,100,,180677,15,0,31 42 9,1,100,,180678,15,0,49 50 51,1,105,,180679,15,0,31 42 9,1,200,,180680,15,0,31 42 9,1
4000,'20260905',440,,279917,15,0,31 42 9,1,200,,279918,15,0,31 42 9,1,100,,279919,15,0,31 42 9,1,100,,279920,15,0,49 50 51,1,100,,279921,15,0,31 42 9,1,70,,279922,15,0,49 50 51,1,30,,279923,15,0,49 50 51,1,70,,279924,15,0,49 50 51,1,30,,279925,15,0,31 42 9,1,70,,279926,15,0,49 50 51,1,30,,279927,15,0,49 50 51,1,70,,279928,15,0,49 50 51,1,30,,279929,15,0,31 42 9,1,70,,279930,15,0,49 50 51,1,30,,279931,15,0,49 50 51,1,70,,279932,15,0,49 50 51,1,20,,279933,15,0,49 50 51,1,20,,279934,15,0,31 42 9,1,60,,279935,15,0,49 50 51,1,20,,279936,15,0,49 50 51,1,20,,279937,15,0,31 42 9,1,60,,279938,15,0,49 50 51,1,20,,279939,15,0,49 50 51,1,20,,279940,15,0,31 42 9,1,60,,279941,15,0,49 50 51,1,20,,279942,15,0,49 50 51,1,20,,279943,15,0,31 42 9,1,60,,279944,15,0,49 50 51,1,20,,279945,15,0,49 50 51,1,20,,279946,15,0,31 42 9,1,55,,279947,15,0,49 50 51,1,20,,279948,15,0,49 50 51,1,20,,279949,15,0,31 42 9,1,65,,279950,15,0,49 50 51,1,30,,279951,15,0,49 50 51,1,100,,279952,15,0,31 42 9,1,100,,279953,15,0,49 50 51,1,100,,279954,15,0,31 42 9,1,200,,279955,15,0,31 42 9,1
4000,'20260906',440,,279956,15,0,31 42 9,1,200,,279957,15,0,31 42 9,1,100,,279958,15,0,31 42 9,1,100,,279959,15,0,49 50 51,1,100,,279960,15,0,31 42 9,1,70,,279961,15,0,49 50 51,1,30,,279962,15,0,49 50 51,1,70,,279963,15,0,49 50 51,1,30,,279964,15,0,31 42 9,1,70,,279965,15,0,49 50 51,1,30,,279966,15,0,49 50 51,1,70,,279967,15,0,49 50 51,1,30,,279968,15,0,31 42 9,1,70,,279969,15,0,49 50 51,1,30,,279970,15,0,49 50 51,1,70,,279971,15,0,49 50 51,1,20,,279972,15,0,49 50 51,1,20,,279973,15,0,31 42 9,1,60,,279974,15,0,49 50 51,1,20,,279975,15,0,49 50 51,1,20,,279976,15,0,31 42 9,1,60,,279977,15,0,49 50 51,1,20,,279978,15,0,49 50 51,1,20,,279979,15,0,31 42 9,1,60,,279980,15,0,49 50 51,1,20,,279981,15,0,49 50 51,1,20,,279982,15,0,31 42 9,1,60,,279983,15,0,49 50 51,1,20,,279984,15,0,49 50 51,1,20,,279985,15,0,31 42 9,1,55,,279986,15,0,49 50 51,1,20,,279987,15,0,49 50 51,1,20,,279988,15,0,31 42 9,1,65,,279989,15,0,49 50 51,1,30,,279990,15,0,49 50 51,1,100,,279991,15,0,31 42 9,1,100,,279992,15,0,49 50 51,1,100,,279993,15,0,31 42 9,1,200,,279994,15,0,31 42 9,1
4000,'20260907',440,,279995,15,0,31 42 9,1,200,,279996,15,0,31 42 9,1,100,,279997,15,0,31 42 9,1,100,,279998,15,0,49 50 51,1,100,,279999,15,0,31 42 9,1,70,,280000,15,0,49 50 51,1,30,,280001,15,0,49 50 51,1,70,,280002,15,0,49 50 51,1,30,,280003,15,0,31 42 9,1,70,,280004,15,0,49 50 51,1,30,,280005,15,0,49 50 51,1,70,,280006,15,0,49 50 51,1,30,,280007,15,0,31 42 9,1,70,,280008,15,0,49 50 51,1,30,,280009,15,0,49 50 51,1,70,,280010,15,0,49 50 51,1,20,,280011,15,0,49 50 51,1,20,,280012,15,0,31 42 9,1,60,,280013,15,0,49 50 51,1,20,,280014,15,0,49 50 51,1,20,,280015,15,0,31 42 9,1,60,,280016,15,0,49 50 51,1,20,,280017,15,0,49 50 51,1,20,,280018,15,0,31 42 9,1,60,,280019,15,0,49 50 51,1,20,,280020,15,0,49 50 51,1,20,,280021,15,0,31 42 9,1,60,,280022,15,0,49 50 51,1,20,,280023,15,0,49 50 51,1,20,,280024,15,0,31 42 9,1,55,,280025,15,0,49 50 51,1,20,,280026,15,0,49 50 51,1,20,,280027,15,0,31 42 9,1,65,,280028,15,0,49 50 51,1,30,,280029,15,0,49 50 51,1,100,,280030,15,0,31 42 9,1,100,,280031,15,0,49 50 51,1,100,,280032,15,0,31 42 9,1,200,,280033,15,0,31 42 9,1
4000,'20260908',440,,280034,15,0,31 42 9,1,100,,280035,15,0,31 42 9,1,95,,280036,15,0,31 42 9,1,70,,280037,15,0,49 50 51,1,33,,280038,16,0,37 42 9,1,7,,280039,15,0,49 50 51,1,60,,280040,15,0,49 50 51,1,10,,280041,15,0,49 50 51,1,25,,280042,16,0,37 42 9,1,5,,280043,15,0,49 50 51,1,55,,280044,15,0,49 50 51,1,20,,280045,15,0,49 50 51,1,25,,280046,16,0,37 42 9,1,5,,280047,15,0,49 50 51,1,60,,280048,15,0,49 50 51,1,20,,280049,15,0,49 50 51,1,15,,280050,15,0,31 42 9,1,78,,280051,16,0,52 49 50 51,1,22,,280052,15,0,49 50 51,1,75,,280053,15,0,49 50 51,1,25,,280054,15,0,31 42 9,1,78,,280055,16,0,52 49 50 51,1,22,,280056,15,0,49 50 51,1,70,,280057,15,0,49 50 51,1,20,,280058,15,0,49 50 51,1,65,,280059,15,0,31 42 9,1,30,,280060,15,0,31 42 9,1,70,,280061,16,0,37 42 9,1,10,,280062,15,0,49 50 51,1,20,,280063,15,0,31 42 9,1,70,,280064,16,0,37 42 9,1,8,,280065,15,0,49 50 51,1,20,,280066,15,0,49 50 51,1,15,,280067,15,0,31 42 9,1,60,,280068,16,0,37 42 9,1,7,,280069,15,0,49 50 51,1,10,,280070,15,0,49 50 51,1,10,,280071,15,0,49 50 51,1,27,,280072,16,0,37 42 9,1,48,,280073,15,0,49 50 51,1,25,,280074,15,0,49 50 51,1,20,,280075,15,0,49 50 51,1,75,,280076,16,0,37 42 9,1,15,,280077,15,0,49 50 51,1,65,,280078,15,0,31 42 9,1,30,,280079,15,0,49 50 51,1,105,,280080,15,0,31 42 9,1,100,,280081,15,0,49 50 51,1,100,,280082,15,0,31 42 9,1,200,,280083,15,0,31 42 9,1
4000,'20260909',440,,280084,15,0,31 42 9,1,100,,280085,15,0,31 42 9,1,95,,280086,15,0,31 42 9,1,70,,280087,15,0,49 50 51,1,33,,280088,16,0,37 42 9,1,7,,280089,15,0,49 50 51,1,60,,280090,15,0,49 50 51,1,10,,280091,15,0,49 50 51,1,25,,280092,16,0,37 42 9,1,5,,280093,15,0,49 50 51,1,55,,280094,15,0,49 50 51,1,20,,280095,15,0,49 50 51,1,25,,280096,16,0,37 42 9,1,5,,280097,15,0,49 50 51,1,60,,280098,15,0,49 50 51,1,20,,280099,15,0,49 50 51,1,15,,280100,15,0,31 42 9,1,78,,280101,16,0,52 49 50 51,1,22,,280102,15,0,49 50 51,1,75,,280103,15,0,49 50 51,1,25,,280104,15,0,31 42 9,1,78,,280105,16,0,52 49 50 51,1,22,,280106,15,0,49 50 51,1,70,,280107,15,0,49 50 51,1,20,,280108,15,0,49 50 51,1,65,,280109,15,0,31 42 9,1,30,,280110,15,0,31 42 9,1,70,,280111,16,0,37 42 9,1,10,,280112,15,0,49 50 51,1,20,,280113,15,0,31 42 9,1,70,,280114,16,0,37 42 9,1,8,,280115,15,0,49 50 51,1,20,,280116,15,0,49 50 51,1,15,,280117,15,0,31 42 9,1,60,,280118,16,0,37 42 9,1,7,,280119,15,0,49 50 51,1,10,,280120,15,0,49 50 51,1,10,,280121,15,0,49 50 51,1,27,,280122,16,0,37 42 9,1,48,,280123,15,0,49 50 51,1,25,,280124,15,0,49 50 51,1,20,,280125,15,0,49 50 51,1,75,,280126,16,0,37 42 9,1,15,,280127,15,0,49 50 51,1,65,,280128,15,0,31 42 9,1,30,,280129,15,0,49 50 51,1,105,,280130,15,0,31 42 9,1,100,,280131,15,0,49 50 51,1,100,,280132,15,0,31 42 9,1,200,,280133,15,0,31 42 9,1
4000,'20260910',440,,280134,15,0,31 42 9,1,100,,280135,15,0,31 42 9,1,95,,280136,15,0,31 42 9,1,70,,280137,15,0,49 50 51,1,33,,280138,16,0,37 42 9,1,7,,280139,15,0,49 50 51,1,60,,280140,15,0,49 50 51,1,10,,280141,15,0,49 50 51,1,25,,280142,16,0,37 42 9,1,5,,280143,15,0,49 50 51,1,55,,280144,15,0,49 50 51,1,20,,280145,15,0,49 50 51,1,25,,280146,16,0,37 42 9,1,5,,280147,15,0,49 50 51,1,60,,280148,15,0,49 50 51,1,20,,280149,15,0,49 50 51,1,15,,280150,15,0,31 42 9,1,78,,280151,16,0,52 49 50 51,1,22,,280152,15,0,49 50 51,1,75,,280153,15,0,49 50 51,1,25,,280154,15,0,31 42 9,1,78,,280155,16,0,52 49 50 51,1,22,,280156,15,0,49 50 51,1,70,,280157,15,0,49 50 51,1,20,,280158,15,0,49 50 51,1,65,,280159,15,0,31 42 9,1,30,,280160,15,0,31 42 9,1,70,,280161,16,0,37 42 9,1,10,,280162,15,0,49 50 51,1,20,,280163,15,0,31 42 9,1,70,,280164,16,0,37 42 9,1,8,,280165,15,0,49 50 51,1,20,,280166,15,0,49 50 51,1,15,,280167,15,0,31 42 9,1,60,,280168,16,0,37 42 9,1,7,,280169,15,0,49 50 51,1,10,,280170,15,0,49 50 51,1,10,,280171,15,0,49 50 51,1,27,,280172,16,0,37 42 9,1,48,,280173,15,0,49 50 51,1,25,,280174,15,0,49 50 51,1,20,,280175,15,0,49 50 51,1,75,,280176,16,0,37 42 9,1,15,,280177,15,0,49 50 51,1,65,,280178,15,0,31 42 9,1,30,,280179,15,0,49 50 51,1,105,,280180,15,0,31 42 9,1,100,,280181,15,0,49 50 51,1,100,,280182,15,0,31 42 9,1,200,,280183,15,0,31 42 9,1
4000,'20260911',440,,280184,15,0,31 42 9,1,100,,280185,15,0,31 42 9,1,95,,280186,15,0,31 42 9,1,70,,280187,15,0,49 50 51,1,33,,280188,16,0,37 42 9,1,7,,280189,15,0,49 50 51,1,60,,280190,15,0,49 50 51,1,10,,280191,15,0,49 50 51,1,25,,280192,16,0,37 42 9,1,5,,280193,15,0,49 50 51,1,55,,280194,15,0,49 50 51,1,20,,280195,15,0,49 50 51,1,25,,280196,16,0,37 42 9,1,5,,280197,15,0,49 50 51,1,60,,280198,15,0,49 50 51,1,20,,280199,15,0,49 50 51,1,15,,280200,15,0,31 42 9,1,78,,280201,16,0,52 49 50 51,1,22,,280202,15,0,49 50 51,1,75,,280203,15,0,49 50 51,1,25,,280204,15,0,31 42 9,1,78,,280205,16,0,52 49 50 51,1,22,,280206,15,0,49 50 51,1,70,,280207,15,0,49 50 51,1,20,,280208,15,0,49 50 51,1,65,,280209,15,0,31 42 9,1,30,,280210,15,0,31 42 9,1,70,,280211,16,0,37 42 9,1,10,,280212,15,0,49 50 51,1,20,,280213,15,0,31 42 9,1,70,,280214,16,0,37 42 9,1,8,,280215,15,0,49 50 51,1,20,,280216,15,0,49 50 51,1,15,,280217,15,0,31 42 9,1,60,,280218,16,0,37 42 9,1,7,,280219,15,0,49 50 51,1,10,,280220,15,0,49 50 51,1,10,,280221,15,0,49 50 51,1,27,,280222,16,0,37 42 9,1,48,,280223,15,0,49 50 51,1,25,,280224,15,0,49 50 51,1,20,,280225,15,0,49 50 51,1,75,,280226,16,0,37 42 9,1,15,,280227,15,0,49 50 51,1,65,,280228,15,0,31 42 9,1,30,,280229,15,0,49 50 51,1,105,,280230,15,0,31 42 9,1,100,,280231,15,0,49 50 51,1,100,,280232,15,0,31 42 9,1,200,,280233,15,0,31 42 9,1
4000,'20260912',440,,280234,15,0,31 42 9,1,200,,280235,15,0,31 42 9,1,100,,280236,15,0,31 42 9,1,100,,280237,15,0,49 50 51,1,100,,280238,15,0,31 42 9,1,70,,280239,15,0,49 50 51,1,30,,280240,15,0,49 50 51,1,70,,280241,15,0,49 50 51,1,30,,280242,15,0,31 42 9,1,70,,280243,15,0,49 50 51,1,30,,280244,15,0,49 50 51,1,70,,280245,15,0,49 50 51,1,30,,280246,15,0,31 42 9,1,70,,280247,15,0,49 50 51,1,30,,280248,15,0,49 50 51,1,70,,280249,15,0,49 50 51,1,20,,280250,15,0,49 50 51,1,20,,280251,15,0,31 42 9,1,60,,280252,15,0,49 50 51,1,20,,280253,15,0,49 50 51,1,20,,280254,15,0,31 42 9,1,60,,280255,15,0,49 50 51,1,20,,280256,15,0,49 50 51,1,20,,280257,15,0,31 42 9,1,60,,280258,15,0,49 50 51,1,20,,280259,15,0,49 50 51,1,20,,280260,15,0,31 42 9,1,60,,280261,15,0,49 50 51,1,20,,280262,15,0,49 50 51,1,20,,280263,15,0,31 42 9,1,55,,280264,15,0,49 50 51,1,20,,280265,15,0,49 50 51,1,20,,280266,15,0,31 42 9,1,65,,280267,15,0,49 50 51,1,30,,280268,15,0,49 50 51,1,100,,280269,15,0,31 42 9,1,100,,280270,15,0,49 50 51,1,100,,280271,15,0,31 42 9,1,200,,280272,15,0,31 42 9,1
4000,'20260913',440,,280273,15,0,31 42 9,1,200,,280274,15,0,31 42 9,1,100,,280275,15,0,31 42 9,1,100,,280276,15,0,49 50 51,1,100,,280277,15,0,31 42 9,1,70,,280278,15,0,49 50 51,1,30,,280279,15,0,49 50 51,1,70,,280280,15,0,49 50 51,1,30,,280281,15,0,31 42 9,1,70,,280282,15,0,49 50 51,1,30,,280283,15,0,49 50 51,1,70,,280284,15,0,49 50 51,1,30,,280285,15,0,31 42 9,1,70,,280286,15,0,49 50 51,1,30,,280287,15,0,49 50 51,1,70,,280288,15,0,49 50 51,1,20,,280289,15,0,49 50 51,1,20,,280290,15,0,31 42 9,1,60,,280291,15,0,49 50 51,1,20,,280292,15,0,49 50 51,1,20,,280293,15,0,31 42 9,1,60,,280294,15,0,49 50 51,1,20,,280295,15,0,49 50 51,1,20,,280296,15,0,31 42 9,1,60,,280297,15,0,49 50 51,1,20,,280298,15,0,49 50 51,1,20,,280299,15,0,31 42 9,1,60,,280300,15,0,49 50 51,1,20,,280301,15,0,49 50 51,1,20,,280302,15,0,31 42 9,1,55,,280303,15,0,49 50 51,1,20,,280304,15,0,49 50 51,1,20,,280305,15,0,31 42 9,1,65,,280306,15,0,49 50 51,1,30,,280307,15,0,49 50 51,1,100,,280308,15,0,31 42 9,1,100,,280309,15,0,49 50 51,1,100,,280310,15,0,31 42 9,1,200,,280311,15,0,31 42 9,1
4000,'20260914',440,,280312,15,0,31 42 9,1,100,,280313,15,0,31 42 9,1,95,,280314,15,0,31 42 9,1,70,,280315,15,0,49 50 51,1,33,,280316,16,0,37 42 9,1,7,,280317,15,0,49 50 51,1,60,,280318,15,0,49 50 51,1,10,,280319,15,0,49 50 51,1,25,,280320,16,0,37 42 9,1,5,,280321,15,0,49 50 51,1,55,,280322,15,0,49 50 51,1,20,,280323,15,0,49 50 51,1,25,,280324,16,0,37 42 9,1,5,,280325,15,0,49 50 51,1,60,,280326,15,0,49 50 51,1,20,,280327,15,0,49 50 51,1,15,,280328,15,0,31 42 9,1,78,,280329,16,0,52 49 50 51,1,22,,280330,15,0,49 50 51,1,75,,280331,15,0,49 50 51,1,25,,280332,15,0,31 42 9,1,78,,280333,16,0,52 49 50 51,1,22,,280334,15,0,49 50 51,1,70,,280335,15,0,49 50 51,1,20,,280336,15,0,49 50 51,1,65,,280337,15,0,31 42 9,1,30,,280338,15,0,31 42 9,1,70,,280339,16,0,37 42 9,1,10,,280340,15,0,49 50 51,1,20,,280341,15,0,31 42 9,1,70,,280342,16,0,37 42 9,1,8,,280343,15,0,49 50 51,1,20,,280344,15,0,49 50 51,1,15,,280345,15,0,31 42 9,1,60,,280346,16,0,37 42 9,1,7,,280347,15,0,49 50 51,1,10,,280348,15,0,49 50 51,1,10,,280349,15,0,49 50 51,1,27,,280350,16,0,37 42 9,1,48,,280351,15,0,49 50 51,1,25,,280352,15,0,49 50 51,1,20,,280353,15,0,49 50 51,1,75,,280354,16,0,37 42 9,1,15,,280355,15,0,49 50 51,1,65,,280356,15,0,31 42 9,1,30,,280357,15,0,49 50 51,1,105,,280358,15,0,31 42 9,1,100,,280359,15,0,49 50 51,1,100,,280360,15,0,31 42 9,1,200,,280361,15,0,31 42 9,1
4000,'20260915',440,,280362,15,0,31 42 9,1,100,,280363,15,0,31 42 9,1,95,,280364,15,0,31 42 9,1,70,,280365,15,0,49 50 51,1,33,,280366,16,0,37 42 9,1,7,,280367,15,0,49 50 51,1,60,,280368,15,0,49 50 51,1,10,,280369,15,0,49 50 51,1,25,,280370,16,0,37 42 9,1,5,,280371,15,0,49 50 51,1,55,,280372,15,0,49 50 51,1,20,,280373,15,0,49 50 51,1,25,,280374,16,0,37 42 9,1,5,,280375,15,0,49 50 51,1,60,,280376,15,0,49 50 51,1,20,,280377,15,0,49 50 51,1,15,,280378,15,0,31 42 9,1,78,,280379,16,0,52 49 50 51,1,22,,280380,15,0,49 50 51,1,75,,280381,15,0,49 50 51,1,25,,280382,15,0,31 42 9,1,78,,280383,16,0,52 49 50 51,1,22,,280384,15,0,49 50 51,1,70,,280385,15,0,49 50 51,1,20,,280386,15,0,49 50 51,1,65,,280387,15,0,31 42 9,1,30,,280388,15,0,31 42 9,1,70,,280389,16,0,37 42 9,1,10,,280390,15,0,49 50 51,1,20,,280391,15,0,31 42 9,1,70,,280392,16,0,37 42 9,1,8,,280393,15,0,49 50 51,1,20,,280394,15,0,49 50 51,1,15,,280395,15,0,31 42 9,1,60,,280396,16,0,37 42 9,1,7,,280397,15,0,49 50 51,1,10,,280398,15,0,49 50 51,1,10,,280399,15,0,49 50 51,1,27,,280400,16,0,37 42 9,1,48,,280401,15,0,49 50 51,1,25,,280402,15,0,49 50 51,1,20,,280403,15,0,49 50 51,1,75,,280404,16,0,37 42 9,1,15,,280405,15,0,49 50 51,1,65,,280406,15,0,31 42 9,1,30,,280407,15,0,49 50 51,1,105,,280408,15,0,31 42 9,1,100,,280409,15,0,49 50 51,1,100,,280410,15,0,31 42 9,1,200,,280411,15,0,31 42 9,1
4000,'20260916',440,,280412,15,0,31 42 9,1,100,,280413,15,0,31 42 9,1,95,,280414,15,0,31 42 9,1,70,,280415,15,0,49 50 51,1,33,,280416,16,0,37 42 9,1,7,,280417,15,0,49 50 51,1,60,,280418,15,0,49 50 51,1,10,,280419,15,0,49 50 51,1,25,,280420,16,0,37 42 9,1,5,,280421,15,0,49 50 51,1,55,,280422,15,0,49 50 51,1,20,,280423,15,0,49 50 51,1,25,,280424,16,0,37 42 9,1,5,,280425,15,0,49 50 51,1,60,,280426,15,0,49 50 51,1,20,,280427,15,0,49 50 51,1,15,,280428,15,0,31 42 9,1,78,,280429,16,0,52 49 50 51,1,22,,280430,15,0,49 50 51,1,75,,280431,15,0,49 50 51,1,25,,280432,15,0,31 42 9,1,78,,280433,16,0,52 49 50 51,1,22,,280434,15,0,49 50 51,1,70,,280435,15,0,49 50 51,1,20,,280436,15,0,49 50 51,1,65,,280437,15,0,31 42 9,1,30,,280438,15,0,31 42 9,1,70,,280439,16,0,37 42 9,1,10,,280440,15,0,49 50 51,1,20,,280441,15,0,31 42 9,1,70,,280442,16,0,37 42 9,1,8,,280443,15,0,49 50 51,1,20,,280444,15,0,49 50 51,1,15,,280445,15,0,31 42 9,1,60,,280446,16,0,37 42 9,1,7,,280447,15,0,49 50 51,1,10,,280448,15,0,49 50 51,1,10,,280449,15,0,49 50 51,1,27,,280450,16,0,37 42 9,1,48,,280451,15,0,49 50 51,1,25,,280452,15,0,49 50 51,1,20,,280453,15,0,49 50 51,1,75,,280454,16,0,37 42 9,1,15,,280455,15,0,49 50 51,1,65,,280456,15,0,31 42 9,1,30,,280457,15,0,49 50 51,1,105,,280458,15,0,31 42 9,1,100,,280459,15,0,49 50 51,1,100,,280460,15,0,31 42 9,1,200,,280461,15,0,31 42 9,1
4000,'20260917',440,,280462,15,0,31 42 9,1,100,,280463,15,0,31 42 9,1,95,,280464,15,0,31 42 9,1,70,,280465,15,0,49 50 51,1,33,,280466,16,0,37 42 9,1,7,,280467,15,0,49 50 51,1,60,,280468,15,0,49 50 51,1,10,,280469,15,0,49 50 51,1,25,,280470,16,0,37 42 9,1,5,,280471,15,0,49 50 51,1,55,,280472,15,0,49 50 51,1,20,,280473,15,0,49 50 51,1,25,,280474,16,0,37 42 9,1,5,,280475,15,0,49 50 51,1,60,,280476,15,0,49 50 51,1,20,,280477,15,0,49 50 51,1,15,,280478,15,0,31 42 9,1,78,,280479,16,0,52 49 50 51,1,22,,280480,15,0,49 50 51,1,75,,280481,15,0,49 50 51,1,25,,280482,15,0,31 42 9,1,78,,280483,16,0,52 49 50 51,1,22,,280484,15,0,49 50 51,1,70,,280485,15,0,49 50 51,1,20,,280486,15,0,49 50 51,1,65,,280487,15,0,31 42 9,1,30,,280488,15,0,31 42 9,1,70,,280489,16,0,37 42 9,1,10,,280490,15,0,49 50 51,1,20,,280491,15,0,31 42 9,1,70,,280492,16,0,37 42 9,1,8,,280493,15,0,49 50 51,1,20,,280494,15,0,49 50 51,1,15,,280495,15,0,31 42 9,1,60,,280496,16,0,37 42 9,1,7,,280497,15,0,49 50 51,1,10,,280498,15,0,49 50 51,1,10,,280499,15,0,49 50 51,1,27,,280500,16,0,37 42 9,1,48,,280501,15,0,49 50 51,1,25,,280502,15,0,49 50 51,1,20,,280503,15,0,49 50 51,1,75,,280504,16,0,37 42 9,1,15,,280505,15,0,49 50 51,1,65,,280506,15,0,31 42 9,1,30,,280507,15,0,49 50 51,1,105,,280508,15,0,31 42 9,1,100,,280509,15,0,49 50 51,1,100,,280510,15,0,31 42 9,1,200,,280511,15,0,31 42 9,1
4000,'20260918',440,,280512,15,0,31 42 9,1,100,,280513,15,0,31 42 9,1,95,,280514,15,0,31 42 9,1,70,,280515,15,0,49 50 51,1,33,,280516,16,0,37 42 9,1,7,,280517,15,0,49 50 51,1,60,,280518,15,0,49 50 51,1,10,,280519,15,0,49 50 51,1,25,,280520,16,0,37 42 9,1,5,,280521,15,0,49 50 51,1,55,,280522,15,0,49 50 51,1,20,,280523,15,0,49 50 51,1,25,,280524,16,0,37 42 9,1,5,,280525,15,0,49 50 51,1,60,,280526,15,0,49 50 51,1,20,,280527,15,0,49 50 51,1,15,,280528,15,0,31 42 9,1,78,,280529,16,0,52 49 50 51,1,22,,280530,15,0,49 50 51,1,75,,280531,15,0,49 50 51,1,25,,280532,15,0,31 42 9,1,78,,280533,16,0,52 49 50 51,1,22,,280534,15,0,49 50 51,1,70,,280535,15,0,49 50 51,1,20,,280536,15,0,49 50 51,1,65,,280537,15,0,31 42 9,1,30,,280538,15,0,31 42 9,1,70,,280539,16,0,37 42 9,1,10,,280540,15,0,49 50 51,1,20,,280541,15,0,31 42 9,1,70,,280542,16,0,37 42 9,1,8,,280543,15,0,49 50 51,1,20,,280544,15,0,49 50 51,1,15,,280545,15,0,31 42 9,1,60,,280546,16,0,37 42 9,1,7,,280547,15,0,49 50 51,1,10,,280548,15,0,49 50 51,1,10,,280549,15,0,49 50 51,1,27,,280550,16,0,37 42 9,1,48,,280551,15,0,49 50 51,1,25,,280552,15,0,49 50 51,1,20,,280553,15,0,49 50 51,1,75,,280554,16,0,37 42 9,1,15,,280555,15,0,49 50 51,1,65,,280556,15,0,31 42 9,1,30,,280557,15,0,49 50 51,1,105,,280558,15,0,31 42 9,1,100,,280559,15,0,49 50 51,1,100,,280560,15,0,31 42 9,1,200,,280561,15,0,31 42 9,1
4000,'20260919',440,,280562,15,0,31 42 9,1,200,,280563,15,0,31 42 9,1,100,,280564,15,0,31 42 9,1,100,,280565,15,0,49 50 51,1,100,,280566,15,0,31 42 9,1,70,,280567,15,0,49 50 51,1,30,,280568,15,0,49 50 51,1,70,,280569,15,0,49 50 51,1,30,,280570,15,0,31 42 9,1,70,,280571,15,0,49 50 51,1,30,,280572,15,0,49 50 51,1,70,,280573,15,0,49 50 51,1,30,,280574,15,0,31 42 9,1,70,,280575,15,0,49 50 51,1,30,,280576,15,0,49 50 51,1,70,,280577,15,0,49 50 51,1,20,,280578,15,0,49 50 51,1,20,,280579,15,0,31 42 9,1,60,,280580,15,0,49 50 51,1,20,,280581,15,0,49 50 51,1,20,,280582,15,0,31 42 9,1,60,,280583,15,0,49 50 51,1,20,,280584,15,0,49 50 51,1,20,,280585,15,0,31 42 9,1,60,,280586,15,0,49 50 51,1,20,,280587,15,0,49 50 51,1,20,,280588,15,0,31 42 9,1,60,,280589,15,0,49 50 51,1,20,,280590,15,0,49 50 51,1,20,,280591,15,0,31 42 9,1,55,,280592,15,0,49 50 51,1,20,,280593,15,0,49 50 51,1,20,,280594,15,0,31 42 9,1,65,,280595,15,0,49 50 51,1,30,,280596,15,0,49 50 51,1,100,,280597,15,0,31 42 9,1,100,,280598,15,0,49 50 51,1,100,,280599,15,0,31 42 9,1,200,,280600,15,0,31 42 9,1
4000,'20260920',440,,280601,15,0,31 42 9,1,200,,280602,15,0,31 42 9,1,100,,280603,15,0,31 42 9,1,100,,280604,15,0,49 50 51,1,100,,280605,15,0,31 42 9,1,70,,280606,15,0,49 50 51,1,30,,280607,15,0,49 50 51,1,70,,280608,15,0,49 50 51,1,30,,280609,15,0,31 42 9,1,70,,280610,15,0,49 50 51,1,30,,280611,15,0,49 50 51,1,70,,280612,15,0,49 50 51,1,30,,280613,15,0,31 42 9,1,70,,280614,15,0,49 50 51,1,30,,280615,15,0,49 50 51,1,70,,280616,15,0,49 50 51,1,20,,280617,15,0,49 50 51,1,20,,280618,15,0,31 42 9,1,60,,280619,15,0,49 50 51,1,20,,280620,15,0,49 50 51,1,20,,280621,15,0,31 42 9,1,60,,280622,15,0,49 50 51,1,20,,280623,15,0,49 50 51,1,20,,280624,15,0,31 42 9,1,60,,280625,15,0,49 50 51,1,20,,280626,15,0,49 50 51,1,20,,280627,15,0,31 42 9,1,60,,280628,15,0,49 50 51,1,20,,280629,15,0,49 50 51,1,20,,280630,15,0,31 42 9,1,55,,280631,15,0,49 50 51,1,20,,280632,15,0,49 50 51,1,20,,280633,15,0,31 42 9,1,65,,280634,15,0,49 50 51,1,30,,280635,15,0,49 50 51,1,100,,280636,15,0,31 42 9,1,100,,280637,15,0,49 50 51,1,100,,280638,15,0,31 42 9,1,200,,280639,15,0,31 42 9,1
4000,'20260921',440,,280640,15,0,31 42 9,1,100,,280641,15,0,31 42 9,1,95,,280642,15,0,31 42 9,1,70,,280643,15,0,49 50 51,1,33,,280644,16,0,37 42 9,1,7,,280645,15,0,49 50 51,1,60,,280646,15,0,49 50 51,1,10,,280647,15,0,49 50 51,1,25,,280648,16,0,37 42 9,1,5,,280649,15,0,49 50 51,1,55,,280650,15,0,49 50 51,1,20,,280651,15,0,49 50 51,1,25,,280652,16,0,37 42 9,1,5,,280653,15,0,49 50 51,1,60,,280654,15,0,49 50 51,1,20,,280655,15,0,49 50 51,1,15,,280656,15,0,31 42 9,1,78,,280657,16,0,52 49 50 51,1,22,,280658,15,0,49 50 51,1,75,,280659,15,0,49 50 51,1,25,,280660,15,0,31 42 9,1,78,,280661,16,0,52 49 50 51,1,22,,280662,15,0,49 50 51,1,70,,280663,15,0,49 50 51,1,20,,280664,15,0,49 50 51,1,65,,280665,15,0,31 42 9,1,30,,280666,15,0,31 42 9,1,70,,280667,16,0,37 42 9,1,10,,280668,15,0,49 50 51,1,20,,280669,15,0,31 42 9,1,70,,280670,16,0,37 42 9,1,8,,280671,15,0,49 50 51,1,20,,280672,15,0,49 50 51,1,15,,280673,15,0,31 42 9,1,60,,280674,16,0,37 42 9,1,7,,280675,15,0,49 50 51,1,10,,280676,15,0,49 50 51,1,10,,280677,15,0,49 50 51,1,27,,280678,16,0,37 42 9,1,48,,280679,15,0,49 50 51,1,25,,280680,15,0,49 50 51,1,20,,280681,15,0,49 50 51,1,75,,280682,16,0,37 42 9,1,15,,280683,15,0,49 50 51,1,65,,280684,15,0,31 42 9,1,30,,280685,15,0,49 50 51,1,105,,280686,15,0,31 42 9,1,100,,280687,15,0,49 50 51,1,100,,280688,15,0,31 42 9,1,200,,280689,15,0,31 42 9,1
4000,'20260922',440,,280690,15,0,31 42 9,1,100,,280691,15,0,31 42 9,1,95,,280692,15,0,31 42 9,1,70,,280693,15,0,49 50 51,1,33,,280694,16,0,37 42 9,1,7,,280695,15,0,49 50 51,1,60,,280696,15,0,49 50 51,1,10,,280697,15,0,49 50 51,1,25,,280698,16,0,37 42 9,1,5,,280699,15,0,49 50 51,1,55,,280700,15,0,49 50 51,1,20,,280701,15,0,49 50 51,1,25,,280702,16,0,37 42 9,1,5,,280703,15,0,49 50 51,1,60,,280704,15,0,49 50 51,1,20,,280705,15,0,49 50 51,1,15,,280706,15,0,31 42 9,1,78,,280707,16,0,52 49 50 51,1,22,,280708,15,0,49 50 51,1,75,,280709,15,0,49 50 51,1,25,,280710,15,0,31 42 9,1,78,,280711,16,0,52 49 50 51,1,22,,280712,15,0,49 50 51,1,70,,280713,15,0,49 50 51,1,20,,280714,15,0,49 50 51,1,65,,280715,15,0,31 42 9,1,30,,280716,15,0,31 42 9,1,70,,280717,16,0,37 42 9,1,10,,280718,15,0,49 50 51,1,20,,280719,15,0,31 42 9,1,70,,280720,16,0,37 42 9,1,8,,280721,15,0,49 50 51,1,20,,280722,15,0,49 50 51,1,15,,280723,15,0,31 42 9,1,60,,280724,16,0,37 42 9,1,7,,280725,15,0,49 50 51,1,10,,280726,15,0,49 50 51,1,10,,280727,15,0,49 50 51,1,27,,280728,16,0,37 42 9,1,48,,280729,15,0,49 50 51,1,25,,280730,15,0,49 50 51,1,20,,280731,15,0,49 50 51,1,75,,280732,16,0,37 42 9,1,15,,280733,15,0,49 50 51,1,65,,280734,15,0,31 42 9,1,30,,280735,15,0,49 50 51,1,105,,280736,15,0,31 42 9,1,100,,280737,15,0,49 50 51,1,100,,280738,15,0,31 42 9,1,200,,280739,15,0,31 42 9,1
4000,'20260923',440,,280740,15,0,31 42 9,1,100,,280741,15,0,31 42 9,1,95,,280742,15,0,31 42 9,1,70,,280743,15,0,49 50 51,1,33,,280744,16,0,37 42 9,1,7,,280745,15,0,49 50 51,1,60,,280746,15,0,49 50 51,1,10,,280747,15,0,49 50 51,1,25,,280748,16,0,37 42 9,1,5,,280749,15,0,49 50 51,1,55,,280750,15,0,49 50 51,1,20,,280751,15,0,49 50 51,1,25,,280752,16,0,37 42 9,1,5,,280753,15,0,49 50 51,1,60,,280754,15,0,49 50 51,1,20,,280755,15,0,49 50 51,1,15,,280756,15,0,31 42 9,1,78,,280757,16,0,52 49 50 51,1,22,,280758,15,0,49 50 51,1,75,,280759,15,0,49 50 51,1,25,,280760,15,0,31 42 9,1,78,,280761,16,0,52 49 50 51,1,22,,280762,15,0,49 50 51,1,70,,280763,15,0,49 50 51,1,20,,280764,15,0,49 50 51,1,65,,280765,15,0,31 42 9,1,30,,280766,15,0,31 42 9,1,70,,280767,16,0,37 42 9,1,10,,280768,15,0,49 50 51,1,20,,280769,15,0,31 42 9,1,70,,280770,16,0,37 42 9,1,8,,280771,15,0,49 50 51,1,20,,280772,15,0,49 50 51,1,15,,280773,15,0,31 42 9,1,60,,280774,16,0,37 42 9,1,7,,280775,15,0,49 50 51,1,10,,280776,15,0,49 50 51,1,10,,280777,15,0,49 50 51,1,27,,280778,16,0,37 42 9,1,48,,280779,15,0,49 50 51,1,25,,280780,15,0,49 50 51,1,20,,280781,15,0,49 50 51,1,75,,280782,16,0,37 42 9,1,15,,280783,15,0,49 50 51,1,65,,280784,15,0,31 42 9,1,30,,280785,15,0,49 50 51,1,105,,280786,15,0,31 42 9,1,100,,280787,15,0,49 50 51,1,100,,280788,15,0,31 42 9,1,200,,280789,15,0,31 42 9,1
4000,'20260924',440,,280790,15,0,31 42 9,1,100,,280791,15,0,31 42 9,1,95,,280792,15,0,31 42 9,1,70,,280793,15,0,49 50 51,1,33,,280794,16,0,37 42 9,1,7,,280795,15,0,49 50 51,1,60,,280796,15,0,49 50 51,1,10,,280797,15,0,49 50 51,1,25,,280798,16,0,37 42 9,1,5,,280799,15,0,49 50 51,1,55,,280800,15,0,49 50 51,1,20,,280801,15,0,49 50 51,1,25,,280802,16,0,37 42 9,1,5,,280803,15,0,49 50 51,1,60,,280804,15,0,49 50 51,1,20,,280805,15,0,49 50 51,1,15,,280806,15,0,31 42 9,1,78,,280807,16,0,52 49 50 51,1,22,,280808,15,0,49 50 51,1,75,,280809,15,0,49 50 51,1,25,,280810,15,0,31 42 9,1,78,,280811,16,0,52 49 50 51,1,22,,280812,15,0,49 50 51,1,70,,280813,15,0,49 50 51,1,20,,280814,15,0,49 50 51,1,65,,280815,15,0,31 42 9,1,30,,280816,15,0,31 42 9,1,70,,280817,16,0,37 42 9,1,10,,280818,15,0,49 50 51,1,20,,280819,15,0,31 42 9,1,70,,280820,16,0,37 42 9,1,8,,280821,15,0,49 50 51,1,20,,280822,15,0,49 50 51,1,15,,280823,15,0,31 42 9,1,60,,280824,16,0,37 42 9,1,7,,280825,15,0,49 50 51,1,10,,280826,15,0,49 50 51,1,10,,280827,15,0,49 50 51,1,27,,280828,16,0,37 42 9,1,48,,280829,15,0,49 50 51,1,25,,280830,15,0,49 50 51,1,20,,280831,15,0,49 50 51,1,75,,280832,16,0,37 42 9,1,15,,280833,15,0,49 50 51,1,65,,280834,15,0,31 42 9,1,30,,280835,15,0,49 50 51,1,105,,280836,15,0,31 42 9,1,100,,280837,15,0,49 50 51,1,100,,280838,15,0,31 42 9,1,200,,280839,15,0,31 42 9,1
4000,'20260925',440,,280840,15,0,31 42 9,1,100,,280841,15,0,31 42 9,1,95,,280842,15,0,31 42 9,1,70,,280843,15,0,49 50 51,1,33,,280844,16,0,37 42 9,1,7,,280845,15,0,49 50 51,1,60,,280846,15,0,49 50 51,1,10,,280847,15,0,49 50 51,1,25,,280848,16,0,37 42 9,1,5,,280849,15,0,49 50 51,1,55,,280850,15,0,49 50 51,1,20,,280851,15,0,49 50 51,1,25,,280852,16,0,37 42 9,1,5,,280853,15,0,49 50 51,1,60,,280854,15,0,49 50 51,1,20,,280855,15,0,49 50 51,1,15,,280856,15,0,31 42 9,1,78,,280857,16,0,52 49 50 51,1,22,,280858,15,0,49 50 51,1,75,,280859,15,0,49 50 51,1,25,,280860,15,0,31 42 9,1,78,,280861,16,0,52 49 50 51,1,22,,280862,15,0,49 50 51,1,70,,280863,15,0,49 50 51,1,20,,280864,15,0,49 50 51,1,65,,280865,15,0,31 42 9,1,30,,280866,15,0,31 42 9,1,70,,280867,16,0,37 42 9,1,10,,280868,15,0,49 50 51,1,20,,280869,15,0,31 42 9,1,70,,280870,16,0,37 42 9,1,8,,280871,15,0,49 50 51,1,20,,280872,15,0,49 50 51,1,15,,280873,15,0,31 42 9,1,60,,280874,16,0,37 42 9,1,7,,280875,15,0,49 50 51,1,10,,280876,15,0,49 50 51,1,10,,280877,15,0,49 50 51,1,27,,280878,16,0,37 42 9,1,48,,280879,15,0,49 50 51,1,25,,280880,15,0,49 50 51,1,20,,280881,15,0,49 50 51,1,75,,280882,16,0,37 42 9,1,15,,280883,15,0,49 50 51,1,65,,280884,15,0,31 42 9,1,30,,280885,15,0,49 50 51,1,105,,280886,15,0,31 42 9,1,100,,280887,15,0,49 50 51,1,100,,280888,15,0,31 42 9,1,200,,280889,15,0,31 42 9,1
4000,'20260926',440,,280890,15,0,31 42 9,1,200,,280891,15,0,31 42 9,1,100,,280892,15,0,31 42 9,1,100,,280893,15,0,49 50 51,1,100,,280894,15,0,31 42 9,1,70,,280895,15,0,49 50 51,1,30,,280896,15,0,49 50 51,1,70,,280897,15,0,49 50 51,1,30,,280898,15,0,31 42 9,1,70,,280899,15,0,49 50 51,1,30,,280900,15,0,49 50 51,1,70,,280901,15,0,49 50 51,1,30,,280902,15,0,31 42 9,1,70,,280903,15,0,49 50 51,1,30,,280904,15,0,49 50 51,1,70,,280905,15,0,49 50 51,1,20,,280906,15,0,49 50 51,1,20,,280907,15,0,31 42 9,1,60,,280908,15,0,49 50 51,1,20,,280909,15,0,49 50 51,1,20,,280910,15,0,31 42 9,1,60,,280911,15,0,49 50 51,1,20,,280912,15,0,49 50 51,1,20,,280913,15,0,31 42 9,1,60,,280914,15,0,49 50 51,1,20,,280915,15,0,49 50 51,1,20,,280916,15,0,31 42 9,1,60,,280917,15,0,49 50 51,1,20,,280918,15,0,49 50 51,1,20,,280919,15,0,31 42 9,1,55,,280920,15,0,49 50 51,1,20,,280921,15,0,49 50 51,1,20,,280922,15,0,31 42 9,1,65,,280923,15,0,49 50 51,1,30,,280924,15,0,49 50 51,1,100,,280925,15,0,31 42 9,1,100,,280926,15,0,49 50 51,1,100,,280927,15,0,31 42 9,1,200,,280928,15,0,31 42 9,1
4000,'20260927',440,,280929,15,0,31 42 9,1,200,,280930,15,0,31 42 9,1,100,,280931,15,0,31 42 9,1,100,,280932,15,0,49 50 51,1,100,,280933,15,0,31 42 9,1,70,,280934,15,0,49 50 51,1,30,,280935,15,0,49 50 51,1,70,,280936,15,0,49 50 51,1,30,,280937,15,0,31 42 9,1,70,,280938,15,0,49 50 51,1,30,,280939,15,0,49 50 51,1,70,,280940,15,0,49 50 51,1,30,,280941,15,0,31 42 9,1,70,,280942,15,0,49 50 51,1,30,,280943,15,0,49 50 51,1,70,,280944,15,0,49 50 51,1,20,,280945,15,0,49 50 51,1,20,,280946,15,0,31 42 9,1,60,,280947,15,0,49 50 51,1,20,,280948,15,0,49 50 51,1,20,,280949,15,0,31 42 9,1,60,,280950,15,0,49 50 51,1,20,,280951,15,0,49 50 51,1,20,,280952,15,0,31 42 9,1,60,,280953,15,0,49 50 51,1,20,,280954,15,0,49 50 51,1,20,,280955,15,0,31 42 9,1,60,,280956,15,0,49 50 51,1,20,,280957,15,0,49 50 51,1,20,,280958,15,0,31 42 9,1,55,,280959,15,0,49 50 51,1,20,,280960,15,0,49 50 51,1,20,,280961,15,0,31 42 9,1,65,,280962,15,0,49 50 51,1,30,,280963,15,0,49 50 51,1,100,,280964,15,0,31 42 9,1,100,,280965,15,0,49 50 51,1,100,,280966,15,0,31 42 9,1,200,,280967,15,0,31 42 9,1
4000,'20260928',440,,280968,15,0,31 42 9,1,100,,280969,15,0,31 42 9,1,95,,280970,15,0,31 42 9,1,70,,280971,15,0,49 50 51,1,33,,280972,16,0,37 42 9,1,7,,280973,15,0,49 50 51,1,60,,280974,15,0,49 50 51,1,10,,280975,15,0,49 50 51,1,25,,280976,16,0,37 42 9,1,5,,280977,15,0,49 50 51,1,55,,280978,15,0,49 50 51,1,20,,280979,15,0,49 50 51,1,25,,280980,16,0,37 42 9,1,5,,280981,15,0,49 50 51,1,60,,280982,15,0,49 50 51,1,20,,280983,15,0,49 50 51,1,15,,280984,15,0,31 42 9,1,78,,280985,16,0,52 49 50 51,1,22,,280986,15,0,49 50 51,1,75,,280987,15,0,49 50 51,1,25,,280988,15,0,31 42 9,1,78,,280989,16,0,52 49 50 51,1,22,,280990,15,0,49 50 51,1,70,,280991,15,0,49 50 51,1,20,,280992,15,0,49 50 51,1,65,,280993,15,0,31 42 9,1,30,,280994,15,0,31 42 9,1,70,,280995,16,0,37 42 9,1,10,,280996,15,0,49 50 51,1,20,,280997,15,0,31 42 9,1,70,,280998,16,0,37 42 9,1,8,,280999,15,0,49 50 51,1,20,,281000,15,0,49 50 51,1,15,,281001,15,0,31 42 9,1,60,,281002,16,0,37 42 9,1,7,,281003,15,0,49 50 51,1,10,,281004,15,0,49 50 51,1,10,,281005,15,0,49 50 51,1,27,,281006,16,0,37 42 9,1,48,,281007,15,0,49 50 51,1,25,,281008,15,0,49 50 51,1,20,,281009,15,0,49 50 51,1,75,,281010,16,0,37 42 9,1,15,,281011,15,0,49 50 51,1,65,,281012,15,0,31 42 9,1,30,,281013,15,0,49 50 51,1,105,,281014,15,0,31 42 9,1,100,,281015,15,0,49 50 51,1,100,,281016,15,0,31 42 9,1,200,,281017,15,0,31 42 9,1
4000,'20260929',440,,281018,15,0,31 42 9,1,100,,281019,15,0,31 42 9,1,95,,281020,15,0,31 42 9,1,70,,281021,15,0,49 50 51,1,33,,281022,16,0,37 42 9,1,7,,281023,15,0,49 50 51,1,60,,281024,15,0,49 50 51,1,10,,281025,15,0,49 50 51,1,25,,281026,16,0,37 42 9,1,5,,281027,15,0,49 50 51,1,55,,281028,15,0,49 50 51,1,20,,281029,15,0,49 50 51,1,25,,281030,16,0,37 42 9,1,5,,281031,15,0,49 50 51,1,60,,281032,15,0,49 50 51,1,20,,281033,15,0,49 50 51,1,15,,281034,15,0,31 42 9,1,78,,281035,16,0,52 49 50 51,1,22,,281036,15,0,49 50 51,1,75,,281037,15,0,49 50 51,1,25,,281038,15,0,31 42 9,1,78,,281039,16,0,52 49 50 51,1,22,,281040,15,0,49 50 51,1,70,,281041,15,0,49 50 51,1,20,,281042,15,0,49 50 51,1,65,,281043,15,0,31 42 9,1,30,,281044,15,0,31 42 9,1,70,,281045,16,0,37 42 9,1,10,,281046,15,0,49 50 51,1,20,,281047,15,0,31 42 9,1,70,,281048,16,0,37 42 9,1,8,,281049,15,0,49 50 51,1,20,,281050,15,0,49 50 51,1,15,,281051,15,0,31 42 9,1,60,,281052,16,0,37 42 9,1,7,,281053,15,0,49 50 51,1,10,,281054,15,0,49 50 51,1,10,,281055,15,0,49 50 51,1,27,,281056,16,0,37 42 9,1,48,,281057,15,0,49 50 51,1,25,,281058,15,0,49 50 51,1,20,,281059,15,0,49 50 51,1,75,,281060,16,0,37 42 9,1,15,,281061,15,0,49 50 51,1,65,,281062,15,0,31 42 9,1,30,,281063,15,0,49 50 51,1,105,,281064,15,0,31 42 9,1,100,,281065,15,0,49 50 51,1,100,,281066,15,0,31 42 9,1,200,,281067,15,0,31 42 9,1
4000,'20260930',440,,281068,15,0,31 42 9,1,100,,281069,15,0,31 42 9,1,95,,281070,15,0,31 42 9,1,70,,281071,15,0,49 50 51,1,33,,281072,16,0,37 42 9,1,7,,281073,15,0,49 50 51,1,60,,281074,15,0,49 50 51,1,10,,281075,15,0,49 50 51,1,25,,281076,16,0,37 42 9,1,5,,281077,15,0,49 50 51,1,55,,281078,15,0,49 50 51,1,20,,281079,15,0,49 50 51,1,25,,281080,16,0,37 42 9,1,5,,281081,15,0,49 50 51,1,60,,281082,15,0,49 50 51,1,20,,281083,15,0,49 50 51,1,15,,281084,15,0,31 42 9,1,78,,281085,16,0,52 49 50 51,1,22,,281086,15,0,49 50 51,1,75,,281087,15,0,49 50 51,1,25,,281088,15,0,31 42 9,1,78,,281089,16,0,52 49 50 51,1,22,,281090,15,0,49 50 51,1,70,,281091,15,0,49 50 51,1,20,,281092,15,0,49 50 51,1,65,,281093,15,0,31 42 9,1,30,,281094,15,0,31 42 9,1,70,,281095,16,0,37 42 9,1,10,,281096,15,0,49 50 51,1,20,,281097,15,0,31 42 9,1,70,,281098,16,0,37 42 9,1,8,,281099,15,0,49 50 51,1,20,,281100,15,0,49 50 51,1,15,,281101,15,0,31 42 9,1,60,,281102,16,0,37 42 9,1,7,,281103,15,0,49 50 51,1,10,,281104,15,0,49 50 51,1,10,,281105,15,0,49 50 51,1,27,,281106,16,0,37 42 9,1,48,,281107,15,0,49 50 51,1,25,,281108,15,0,49 50 51,1,20,,281109,15,0,49 50 51,1,75,,281110,16,0,37 42 9,1,15,,281111,15,0,49 50 51,1,65,,281112,15,0,31 42 9,1,30,,281113,15,0,49 50 51,1,105,,281114,15,0,31 42 9,1,100,,281115,15,0,49 50 51,1,100,,281116,15,0,31 42 9,1,200,,281117,15,0,31 42 9,1
4000,'20261001',440,,281118,15,0,31 42 9,1,100,,281119,15,0,31 42 9,1,95,,281120,15,0,31 42 9,1,70,,281121,15,0,49 50 51,1,33,,281122,16,0,37 42 9,1,7,,281123,15,0,49 50 51,1,60,,281124,15,0,49 50 51,1,10,,281125,15,0,49 50 51,1,25,,281126,16,0,37 42 9,1,5,,281127,15,0,49 50 51,1,55,,281128,15,0,49 50 51,1,20,,281129,15,0,49 50 51,1,25,,281130,16,0,37 42 9,1,5,,281131,15,0,49 50 51,1,60,,281132,15,0,49 50 51,1,20,,281133,15,0,49 50 51,1,15,,281134,15,0,31 42 9,1,78,,281135,16,0,52 49 50 51,1,22,,281136,15,0,49 50 51,1,75,,281137,15,0,49 50 51,1,25,,281138,15,0,31 42 9,1,78,,281139,16,0,52 49 50 51,1,22,,281140,15,0,49 50 51,1,70,,281141,15,0,49 50 51,1,20,,281142,15,0,49 50 51,1,65,,281143,15,0,31 42 9,1,30,,281144,15,0,31 42 9,1,70,,281145,16,0,37 42 9,1,10,,281146,15,0,49 50 51,1,20,,281147,15,0,31 42 9,1,70,,281148,16,0,37 42 9,1,8,,281149,15,0,49 50 51,1,20,,281150,15,0,49 50 51,1,15,,281151,15,0,31 42 9,1,60,,281152,16,0,37 42 9,1,7,,281153,15,0,49 50 51,1,10,,281154,15,0,49 50 51,1,10,,281155,15,0,49 50 51,1,27,,281156,16,0,37 42 9,1,48,,281157,15,0,49 50 51,1,25,,281158,15,0,49 50 51,1,20,,281159,15,0,49 50 51,1,75,,281160,16,0,37 42 9,1,15,,281161,15,0,49 50 51,1,65,,281162,15,0,31 42 9,1,30,,281163,15,0,49 50 51,1,105,,281164,15,0,31 42 9,1,100,,281165,15,0,49 50 51,1,100,,281166,15,0,31 42 9,1,200,,281167,15,0,31 42 9,1
4000,'20261002',440,,281168,15,0,31 42 9,1,100,,281169,15,0,31 42 9,1,95,,281170,15,0,31 42 9,1,70,,281171,15,0,49 50 51,1,33,,281172,16,0,37 42 9,1,7,,281173,15,0,49 50 51,1,60,,281174,15,0,49 50 51,1,10,,281175,15,0,49 50 51,1,25,,281176,16,0,37 42 9,1,5,,281177,15,0,49 50 51,1,55,,281178,15,0,49 50 51,1,20,,281179,15,0,49 50 51,1,25,,281180,16,0,37 42 9,1,5,,281181,15,0,49 50 51,1,60,,281182,15,0,49 50 51,1,20,,281183,15,0,49 50 51,1,15,,281184,15,0,31 42 9,1,78,,281185,16,0,52 49 50 51,1,22,,281186,15,0,49 50 51,1,75,,281187,15,0,49 50 51,1,25,,281188,15,0,31 42 9,1,78,,281189,16,0,52 49 50 51,1,22,,281190,15,0,49 50 51,1,70,,281191,15,0,49 50 51,1,20,,281192,15,0,49 50 51,1,65,,281193,15,0,31 42 9,1,30,,281194,15,0,31 42 9,1,70,,281195,16,0,37 42 9,1,10,,281196,15,0,49 50 51,1,20,,281197,15,0,31 42 9,1,70,,281198,16,0,37 42 9,1,8,,281199,15,0,49 50 51,1,20,,281200,15,0,49 50 51,1,15,,281201,15,0,31 42 9,1,60,,281202,16,0,37 42 9,1,7,,281203,15,0,49 50 51,1,10,,281204,15,0,49 50 51,1,10,,281205,15,0,49 50 51,1,27,,281206,16,0,37 42 9,1,48,,281207,15,0,49 50 51,1,25,,281208,15,0,49 50 51,1,20,,281209,15,0,49 50 51,1,75,,281210,16,0,37 42 9,1,15,,281211,15,0,49 50 51,1,65,,281212,15,0,31 42 9,1,30,,281213,15,0,49 50 51,1,105,,281214,15,0,31 42 9,1,100,,281215,15,0,49 50 51,1,100,,281216,15,0,31 42 9,1,200,,281217,15,0,31 42 9,1
4000,'20261003',440,,281218,15,0,31 42 9,1,200,,281219,15,0,31 42 9,1,100,,281220,15,0,31 42 9,1,100,,281221,15,0,49 50 51,1,100,,281222,15,0,31 42 9,1,70,,281223,15,0,49 50 51,1,30,,281224,15,0,49 50 51,1,70,,281225,15,0,49 50 51,1,30,,281226,15,0,31 42 9,1,70,,281227,15,0,49 50 51,1,30,,281228,15,0,49 50 51,1,70,,281229,15,0,49 50 51,1,30,,281230,15,0,31 42 9,1,70,,281231,15,0,49 50 51,1,30,,281232,15,0,49 50 51,1,70,,281233,15,0,49 50 51,1,20,,281234,15,0,49 50 51,1,20,,281235,15,0,31 42 9,1,60,,281236,15,0,49 50 51,1,20,,281237,15,0,49 50 51,1,20,,281238,15,0,31 42 9,1,60,,281239,15,0,49 50 51,1,20,,281240,15,0,49 50 51,1,20,,281241,15,0,31 42 9,1,60,,281242,15,0,49 50 51,1,20,,281243,15,0,49 50 51,1,20,,281244,15,0,31 42 9,1,60,,281245,15,0,49 50 51,1,20,,281246,15,0,49 50 51,1,20,,281247,15,0,31 42 9,1,55,,281248,15,0,49 50 51,1,20,,281249,15,0,49 50 51,1,20,,281250,15,0,31 42 9,1,65,,281251,15,0,49 50 51,1,30,,281252,15,0,49 50 51,1,100,,281253,15,0,31 42 9,1,100,,281254,15,0,49 50 51,1,100,,281255,15,0,31 42 9,1,200,,281256,15,0,31 42 9,1
4000,'20261004',440,,281257,15,0,31 42 9,1,200,,281258,15,0,31 42 9,1,100,,281259,15,0,31 42 9,1,100,,281260,15,0,49 50 51,1,100,,281261,15,0,31 42 9,1,70,,281262,15,0,49 50 51,1,30,,281263,15,0,49 50 51,1,70,,281264,15,0,49 50 51,1,30,,281265,15,0,31 42 9,1,70,,281266,15,0,49 50 51,1,30,,281267,15,0,49 50 51,1,70,,281268,15,0,49 50 51,1,30,,281269,15,0,31 42 9,1,70,,281270,15,0,49 50 51,1,30,,281271,15,0,49 50 51,1,70,,281272,15,0,49 50 51,1,20,,281273,15,0,49 50 51,1,20,,281274,15,0,31 42 9,1,60,,281275,15,0,49 50 51,1,20,,281276,15,0,49 50 51,1,20,,281277,15,0,31 42 9,1,60,,281278,15,0,49 50 51,1,20,,281279,15,0,49 50 51,1,20,,281280,15,0,31 42 9,1,60,,281281,15,0,49 50 51,1,20,,281282,15,0,49 50 51,1,20,,281283,15,0,31 42 9,1,60,,281284,15,0,49 50 51,1,20,,281285,15,0,49 50 51,1,20,,281286,15,0,31 42 9,1,55,,281287,15,0,49 50 51,1,20,,281288,15,0,49 50 51,1,20,,281289,15,0,31 42 9,1,65,,281290,15,0,49 50 51,1,30,,281291,15,0,49 50 51,1,100,,281292,15,0,31 42 9,1,100,,281293,15,0,49 50 51,1,100,,281294,15,0,31 42 9,1,200,,281295,15,0,31 42 9,1
4000,'20261005',440,,281296,15,0,31 42 9,1,100,,281297,15,0,31 42 9,1,95,,281298,15,0,31 42 9,1,70,,281299,15,0,49 50 51,1,33,,281300,16,0,37 42 9,1,7,,281301,15,0,49 50 51,1,60,,281302,15,0,49 50 51,1,10,,281303,15,0,49 50 51,1,25,,281304,16,0,37 42 9,1,5,,281305,15,0,49 50 51,1,55,,281306,15,0,49 50 51,1,20,,281307,15,0,49 50 51,1,25,,281308,16,0,37 42 9,1,5,,281309,15,0,49 50 51,1,60,,281310,15,0,49 50 51,1,20,,281311,15,0,49 50 51,1,15,,281312,15,0,31 42 9,1,78,,281313,16,0,52 49 50 51,1,22,,281314,15,0,49 50 51,1,75,,281315,15,0,49 50 51,1,25,,281316,15,0,31 42 9,1,78,,281317,16,0,52 49 50 51,1,22,,281318,15,0,49 50 51,1,70,,281319,15,0,49 50 51,1,20,,281320,15,0,49 50 51,1,65,,281321,15,0,31 42 9,1,30,,281322,15,0,31 42 9,1,70,,281323,16,0,37 42 9,1,10,,281324,15,0,49 50 51,1,20,,281325,15,0,31 42 9,1,70,,281326,16,0,37 42 9,1,8,,281327,15,0,49 50 51,1,20,,281328,15,0,49 50 51,1,15,,281329,15,0,31 42 9,1,60,,281330,16,0,37 42 9,1,7,,281331,15,0,49 50 51,1,10,,281332,15,0,49 50 51,1,10,,281333,15,0,49 50 51,1,27,,281334,16,0,37 42 9,1,48,,281335,15,0,49 50 51,1,25,,281336,15,0,49 50 51,1,20,,281337,15,0,49 50 51,1,75,,281338,16,0,37 42 9,1,15,,281339,15,0,49 50 51,1,65,,281340,15,0,31 42 9,1,30,,281341,15,0,49 50 51,1,105,,281342,15,0,31 42 9,1,100,,281343,15,0,49 50 51,1,100,,281344,15,0,31 42 9,1,200,,281345,15,0,31 42 9,1
4000,'20261006',440,,281346,15,0,31 42 9,1,100,,281347,15,0,31 42 9,1,95,,281348,15,0,31 42 9,1,70,,281349,15,0,49 50 51,1,33,,281350,16,0,37 42 9,1,7,,281351,15,0,49 50 51,1,60,,281352,15,0,49 50 51,1,10,,281353,15,0,49 50 51,1,25,,281354,16,0,37 42 9,1,5,,281355,15,0,49 50 51,1,55,,281356,15,0,49 50 51,1,20,,281357,15,0,49 50 51,1,25,,281358,16,0,37 42 9,1,5,,281359,15,0,49 50 51,1,60,,281360,15,0,49 50 51,1,20,,281361,15,0,49 50 51,1,15,,281362,15,0,31 42 9,1,78,,281363,16,0,52 49 50 51,1,22,,281364,15,0,49 50 51,1,75,,281365,15,0,49 50 51,1,25,,281366,15,0,31 42 9,1,78,,281367,16,0,52 49 50 51,1,22,,281368,15,0,49 50 51,1,70,,281369,15,0,49 50 51,1,20,,281370,15,0,49 50 51,1,65,,281371,15,0,31 42 9,1,30,,281372,15,0,31 42 9,1,70,,281373,16,0,37 42 9,1,10,,281374,15,0,49 50 51,1,20,,281375,15,0,31 42 9,1,70,,281376,16,0,37 42 9,1,8,,281377,15,0,49 50 51,1,20,,281378,15,0,49 50 51,1,15,,281379,15,0,31 42 9,1,60,,281380,16,0,37 42 9,1,7,,281381,15,0,49 50 51,1,10,,281382,15,0,49 50 51,1,10,,281383,15,0,49 50 51,1,27,,281384,16,0,37 42 9,1,48,,281385,15,0,49 50 51,1,25,,281386,15,0,49 50 51,1,20,,281387,15,0,49 50 51,1,75,,281388,16,0,37 42 9,1,15,,281389,15,0,49 50 51,1,65,,281390,15,0,31 42 9,1,30,,281391,15,0,49 50 51,1,105,,281392,15,0,31 42 9,1,100,,281393,15,0,49 50 51,1,100,,281394,15,0,31 42 9,1,200,,281395,15,0,31 42 9,1
4000,'20261007',440,,281396,15,0,31 42 9,1,100,,281397,15,0,31 42 9,1,95,,281398,15,0,31 42 9,1,70,,281399,15,0,49 50 51,1,33,,281400,16,0,37 42 9,1,7,,281401,15,0,49 50 51,1,60,,281402,15,0,49 50 51,1,10,,281403,15,0,49 50 51,1,25,,281404,16,0,37 42 9,1,5,,281405,15,0,49 50 51,1,55,,281406,15,0,49 50 51,1,20,,281407,15,0,49 50 51,1,25,,281408,16,0,37 42 9,1,5,,281409,15,0,49 50 51,1,60,,281410,15,0,49 50 51,1,20,,281411,15,0,49 50 51,1,15,,281412,15,0,31 42 9,1,78,,281413,16,0,52 49 50 51,1,22,,281414,15,0,49 50 51,1,75,,281415,15,0,49 50 51,1,25,,281416,15,0,31 42 9,1,78,,281417,16,0,52 49 50 51,1,22,,281418,15,0,49 50 51,1,70,,281419,15,0,49 50 51,1,20,,281420,15,0,49 50 51,1,65,,281421,15,0,31 42 9,1,30,,281422,15,0,31 42 9,1,70,,281423,16,0,37 42 9,1,10,,281424,15,0,49 50 51,1,20,,281425,15,0,31 42 9,1,70,,281426,16,0,37 42 9,1,8,,281427,15,0,49 50 51,1,20,,281428,15,0,49 50 51,1,15,,281429,15,0,31 42 9,1,60,,281430,16,0,37 42 9,1,7,,281431,15,0,49 50 51,1,10,,281432,15,0,49 50 51,1,10,,281433,15,0,49 50 51,1,27,,281434,16,0,37 42 9,1,48,,281435,15,0,49 50 51,1,25,,281436,15,0,49 50 51,1,20,,281437,15,0,49 50 51,1,75,,281438,16,0,37 42 9,1,15,,281439,15,0,49 50 51,1,65,,281440,15,0,31 42 9,1,30,,281441,15,0,49 50 51,1,105,,281442,15,0,31 42 9,1,100,,281443,15,0,49 50 51,1,100,,281444,15,0,31 42 9,1,200,,281445,15,0,31 42 9,1
4000,'20261008',440,,281446,15,0,31 42 9,1,100,,281447,15,0,31 42 9,1,95,,281448,15,0,31 42 9,1,70,,281449,15,0,49 50 51,1,33,,281450,16,0,37 42 9,1,7,,281451,15,0,49 50 51,1,60,,281452,15,0,49 50 51,1,10,,281453,15,0,49 50 51,1,25,,281454,16,0,37 42 9,1,5,,281455,15,0,49 50 51,1,55,,281456,15,0,49 50 51,1,20,,281457,15,0,49 50 51,1,25,,281458,16,0,37 42 9,1,5,,281459,15,0,49 50 51,1,60,,281460,15,0,49 50 51,1,20,,281461,15,0,49 50 51,1,15,,281462,15,0,31 42 9,1,78,,281463,16,0,52 49 50 51,1,22,,281464,15,0,49 50 51,1,75,,281465,15,0,49 50 51,1,25,,281466,15,0,31 42 9,1,78,,281467,16,0,52 49 50 51,1,22,,281468,15,0,49 50 51,1,70,,281469,15,0,49 50 51,1,20,,281470,15,0,49 50 51,1,65,,281471,15,0,31 42 9,1,30,,281472,15,0,31 42 9,1,70,,281473,16,0,37 42 9,1,10,,281474,15,0,49 50 51,1,20,,281475,15,0,31 42 9,1,70,,281476,16,0,37 42 9,1,8,,281477,15,0,49 50 51,1,20,,281478,15,0,49 50 51,1,15,,281479,15,0,31 42 9,1,60,,281480,16,0,37 42 9,1,7,,281481,15,0,49 50 51,1,10,,281482,15,0,49 50 51,1,10,,281483,15,0,49 50 51,1,27,,281484,16,0,37 42 9,1,48,,281485,15,0,49 50 51,1,25,,281486,15,0,49 50 51,1,20,,281487,15,0,49 50 51,1,75,,281488,16,0,37 42 9,1,15,,281489,15,0,49 50 51,1,65,,281490,15,0,31 42 9,1,30,,281491,15,0,49 50 51,1,105,,281492,15,0,31 42 9,1,100,,281493,15,0,49 50 51,1,100,,281494,15,0,31 42 9,1,200,,281495,15,0,31 42 9,1
4000,'20261009',440,,281496,15,0,31 42 9,1,100,,281497,15,0,31 42 9,1,95,,281498,15,0,31 42 9,1,70,,281499,15,0,49 50 51,1,33,,281500,16,0,37 42 9,1,7,,281501,15,0,49 50 51,1,60,,281502,15,0,49 50 51,1,10,,281503,15,0,49 50 51,1,25,,281504,16,0,37 42 9,1,5,,281505,15,0,49 50 51,1,55,,281506,15,0,49 50 51,1,20,,281507,15,0,49 50 51,1,25,,281508,16,0,37 42 9,1,5,,281509,15,0,49 50 51,1,60,,281510,15,0,49 50 51,1,20,,281511,15,0,49 50 51,1,15,,281512,15,0,31 42 9,1,78,,281513,16,0,52 49 50 51,1,22,,281514,15,0,49 50 51,1,75,,281515,15,0,49 50 51,1,25,,281516,15,0,31 42 9,1,78,,281517,16,0,52 49 50 51,1,22,,281518,15,0,49 50 51,1,70,,281519,15,0,49 50 51,1,20,,281520,15,0,49 50 51,1,65,,281521,15,0,31 42 9,1,30,,281522,15,0,31 42 9,1,70,,281523,16,0,37 42 9,1,10,,281524,15,0,49 50 51,1,20,,281525,15,0,31 42 9,1,70,,281526,16,0,37 42 9,1,8,,281527,15,0,49 50 51,1,20,,281528,15,0,49 50 51,1,15,,281529,15,0,31 42 9,1,60,,281530,16,0,37 42 9,1,7,,281531,15,0,49 50 51,1,10,,281532,15,0,49 50 51,1,10,,281533,15,0,49 50 51,1,27,,281534,16,0,37 42 9,1,48,,281535,15,0,49 50 51,1,25,,281536,15,0,49 50 51,1,20,,281537,15,0,49 50 51,1,75,,281538,16,0,37 42 9,1,15,,281539,15,0,49 50 51,1,65,,281540,15,0,31 42 9,1,30,,281541,15,0,49 50 51,1,105,,281542,15,0,31 42 9,1,100,,281543,15,0,49 50 51,1,100,,281544,15,0,31 42 9,1,200,,281545,15,0,31 42 9,1
4000,'20261010',440,,281546,15,0,31 42 9,1,200,,281547,15,0,31 42 9,1,100,,281548,15,0,31 42 9,1,100,,281549,15,0,49 50 51,1,100,,281550,15,0,31 42 9,1,70,,281551,15,0,49 50 51,1,30,,281552,15,0,49 50 51,1,70,,281553,15,0,49 50 51,1,30,,281554,15,0,31 42 9,1,70,,281555,15,0,49 50 51,1,30,,281556,15,0,49 50 51,1,70,,281557,15,0,49 50 51,1,30,,281558,15,0,31 42 9,1,70,,281559,15,0,49 50 51,1,30,,281560,15,0,49 50 51,1,70,,281561,15,0,49 50 51,1,20,,281562,15,0,49 50 51,1,20,,281563,15,0,31 42 9,1,60,,281564,15,0,49 50 51,1,20,,281565,15,0,49 50 51,1,20,,281566,15,0,31 42 9,1,60,,281567,15,0,49 50 51,1,20,,281568,15,0,49 50 51,1,20,,281569,15,0,31 42 9,1,60,,281570,15,0,49 50 51,1,20,,281571,15,0,49 50 51,1,20,,281572,15,0,31 42 9,1,60,,281573,15,0,49 50 51,1,20,,281574,15,0,49 50 51,1,20,,281575,15,0,31 42 9,1,55,,281576,15,0,49 50 51,1,20,,281577,15,0,49 50 51,1,20,,281578,15,0,31 42 9,1,65,,281579,15,0,49 50 51,1,30,,281580,15,0,49 50 51,1,100,,281581,15,0,31 42 9,1,100,,281582,15,0,49 50 51,1,100,,281583,15,0,31 42 9,1,200,,281584,15,0,31 42 9,1
4000,'20261011',440,,281585,15,0,31 42 9,1,200,,281586,15,0,31 42 9,1,100,,281587,15,0,31 42 9,1,100,,281588,15,0,49 50 51,1,100,,281589,15,0,31 42 9,1,70,,281590,15,0,49 50 51,1,30,,281591,15,0,49 50 51,1,70,,281592,15,0,49 50 51,1,30,,281593,15,0,31 42 9,1,70,,281594,15,0,49 50 51,1,30,,281595,15,0,49 50 51,1,70,,281596,15,0,49 50 51,1,30,,281597,15,0,31 42 9,1,70,,281598,15,0,49 50 51,1,30,,281599,15,0,49 50 51,1,70,,281600,15,0,49 50 51,1,20,,281601,15,0,49 50 51,1,20,,281602,15,0,31 42 9,1,60,,281603,15,0,49 50 51,1,20,,281604,15,0,49 50 51,1,20,,281605,15,0,31 42 9,1,60,,281606,15,0,49 50 51,1,20,,281607,15,0,49 50 51,1,20,,281608,15,0,31 42 9,1,60,,281609,15,0,49 50 51,1,20,,281610,15,0,49 50 51,1,20,,281611,15,0,31 42 9,1,60,,281612,15,0,49 50 51,1,20,,281613,15,0,49 50 51,1,20,,281614,15,0,31 42 9,1,55,,281615,15,0,49 50 51,1,20,,281616,15,0,49 50 51,1,20,,281617,15,0,31 42 9,1,65,,281618,15,0,49 50 51,1,30,,281619,15,0,49 50 51,1,100,,281620,15,0,31 42 9,1,100,,281621,15,0,49 50 51,1,100,,281622,15,0,31 42 9,1,200,,281623,15,0,31 42 9,1
4000,'20261012',440,,281624,15,0,31 42 9,1,200,,281625,15,0,31 42 9,1,100,,281626,15,0,31 42 9,1,100,,281627,15,0,49 50 51,1,100,,281628,15,0,31 42 9,1,70,,281629,15,0,49 50 51,1,30,,281630,15,0,49 50 51,1,70,,281631,15,0,49 50 51,1,30,,281632,15,0,31 42 9,1,70,,281633,15,0,49 50 51,1,30,,281634,15,0,49 50 51,1,70,,281635,15,0,49 50 51,1,30,,281636,15,0,31 42 9,1,70,,281637,15,0,49 50 51,1,30,,281638,15,0,49 50 51,1,70,,281639,15,0,49 50 51,1,20,,281640,15,0,49 50 51,1,20,,281641,15,0,31 42 9,1,60,,281642,15,0,49 50 51,1,20,,281643,15,0,49 50 51,1,20,,281644,15,0,31 42 9,1,60,,281645,15,0,49 50 51,1,20,,281646,15,0,49 50 51,1,20,,281647,15,0,31 42 9,1,60,,281648,15,0,49 50 51,1,20,,281649,15,0,49 50 51,1,20,,281650,15,0,31 42 9,1,60,,281651,15,0,49 50 51,1,20,,281652,15,0,49 50 51,1,20,,281653,15,0,31 42 9,1,55,,281654,15,0,49 50 51,1,20,,281655,15,0,49 50 51,1,20,,281656,15,0,31 42 9,1,65,,281657,15,0,49 50 51,1,30,,281658,15,0,49 50 51,1,100,,281659,15,0,31 42 9,1,100,,281660,15,0,49 50 51,1,100,,281661,15,0,31 42 9,1,200,,281662,15,0,31 42 9,1
4000,'20261013',440,,281663,15,0,31 42 9,1,100,,281664,15,0,31 42 9,1,95,,281665,15,0,31 42 9,1,70,,281666,15,0,49 50 51,1,33,,281667,16,0,37 42 9,1,7,,281668,15,0,49 50 51,1,60,,281669,15,0,49 50 51,1,10,,281670,15,0,49 50 51,1,25,,281671,16,0,37 42 9,1,5,,281672,15,0,49 50 51,1,55,,281673,15,0,49 50 51,1,20,,281674,15,0,49 50 51,1,25,,281675,16,0,37 42 9,1,5,,281676,15,0,49 50 51,1,60,,281677,15,0,49 50 51,1,20,,281678,15,0,49 50 51,1,15,,281679,15,0,31 42 9,1,78,,281680,16,0,52 49 50 51,1,22,,281681,15,0,49 50 51,1,75,,281682,15,0,49 50 51,1,25,,281683,15,0,31 42 9,1,78,,281684,16,0,52 49 50 51,1,22,,281685,15,0,49 50 51,1,70,,281686,15,0,49 50 51,1,20,,281687,15,0,49 50 51,1,65,,281688,15,0,31 42 9,1,30,,281689,15,0,31 42 9,1,70,,281690,16,0,37 42 9,1,10,,281691,15,0,49 50 51,1,20,,281692,15,0,31 42 9,1,70,,281693,16,0,37 42 9,1,8,,281694,15,0,49 50 51,1,20,,281695,15,0,49 50 51,1,15,,281696,15,0,31 42 9,1,60,,281697,16,0,37 42 9,1,7,,281698,15,0,49 50 51,1,10,,281699,15,0,49 50 51,1,10,,281700,15,0,49 50 51,1,27,,281701,16,0,37 42 9,1,48,,281702,15,0,49 50 51,1,25,,281703,15,0,49 50 51,1,20,,281704,15,0,49 50 51,1,75,,281705,16,0,37 42 9,1,15,,281706,15,0,49 50 51,1,65,,281707,15,0,31 42 9,1,30,,281708,15,0,49 50 51,1,105,,281709,15,0,31 42 9,1,100,,281710,15,0,49 50 51,1,100,,281711,15,0,31 42 9,1,200,,281712,15,0,31 42 9,1
4000,'20261014',440,,281713,15,0,31 42 9,1,100,,281714,15,0,31 42 9,1,95,,281715,15,0,31 42 9,1,70,,281716,15,0,49 50 51,1,33,,281717,16,0,37 42 9,1,7,,281718,15,0,49 50 51,1,60,,281719,15,0,49 50 51,1,10,,281720,15,0,49 50 51,1,25,,281721,16,0,37 42 9,1,5,,281722,15,0,49 50 51,1,55,,281723,15,0,49 50 51,1,20,,281724,15,0,49 50 51,1,25,,281725,16,0,37 42 9,1,5,,281726,15,0,49 50 51,1,60,,281727,15,0,49 50 51,1,20,,281728,15,0,49 50 51,1,15,,281729,15,0,31 42 9,1,78,,281730,16,0,52 49 50 51,1,22,,281731,15,0,49 50 51,1,75,,281732,15,0,49 50 51,1,25,,281733,15,0,31 42 9,1,78,,281734,16,0,52 49 50 51,1,22,,281735,15,0,49 50 51,1,70,,281736,15,0,49 50 51,1,20,,281737,15,0,49 50 51,1,65,,281738,15,0,31 42 9,1,30,,281739,15,0,31 42 9,1,70,,281740,16,0,37 42 9,1,10,,281741,15,0,49 50 51,1,20,,281742,15,0,31 42 9,1,70,,281743,16,0,37 42 9,1,8,,281744,15,0,49 50 51,1,20,,281745,15,0,49 50 51,1,15,,281746,15,0,31 42 9,1,60,,281747,16,0,37 42 9,1,7,,281748,15,0,49 50 51,1,10,,281749,15,0,49 50 51,1,10,,281750,15,0,49 50 51,1,27,,281751,16,0,37 42 9,1,48,,281752,15,0,49 50 51,1,25,,281753,15,0,49 50 51,1,20,,281754,15,0,49 50 51,1,75,,281755,16,0,37 42 9,1,15,,281756,15,0,49 50 51,1,65,,281757,15,0,31 42 9,1,30,,281758,15,0,49 50 51,1,105,,281759,15,0,31 42 9,1,100,,281760,15,0,49 50 51,1,100,,281761,15,0,31 42 9,1,200,,281762,15,0,31 42 9,1
4000,'20261015',440,,281763,15,0,31 42 9,1,100,,281764,15,0,31 42 9,1,95,,281765,15,0,31 42 9,1,70,,281766,15,0,49 50 51,1,33,,281767,16,0,37 42 9,1,7,,281768,15,0,49 50 51,1,60,,281769,15,0,49 50 51,1,10,,281770,15,0,49 50 51,1,25,,281771,16,0,37 42 9,1,5,,281772,15,0,49 50 51,1,55,,281773,15,0,49 50 51,1,20,,281774,15,0,49 50 51,1,25,,281775,16,0,37 42 9,1,5,,281776,15,0,49 50 51,1,60,,281777,15,0,49 50 51,1,20,,281778,15,0,49 50 51,1,15,,281779,15,0,31 42 9,1,78,,281780,16,0,52 49 50 51,1,22,,281781,15,0,49 50 51,1,75,,281782,15,0,49 50 51,1,25,,281783,15,0,31 42 9,1,78,,281784,16,0,52 49 50 51,1,22,,281785,15,0,49 50 51,1,70,,281786,15,0,49 50 51,1,20,,281787,15,0,49 50 51,1,65,,281788,15,0,31 42 9,1,30,,281789,15,0,31 42 9,1,70,,281790,16,0,37 42 9,1,10,,281791,15,0,49 50 51,1,20,,281792,15,0,31 42 9,1,70,,281793,16,0,37 42 9,1,8,,281794,15,0,49 50 51,1,20,,281795,15,0,49 50 51,1,15,,281796,15,0,31 42 9,1,60,,281797,16,0,37 42 9,1,7,,281798,15,0,49 50 51,1,10,,281799,15,0,49 50 51,1,10,,281800,15,0,49 50 51,1,27,,281801,16,0,37 42 9,1,48,,281802,15,0,49 50 51,1,25,,281803,15,0,49 50 51,1,20,,281804,15,0,49 50 51,1,75,,281805,16,0,37 42 9,1,15,,281806,15,0,49 50 51,1,65,,281807,15,0,31 42 9,1,30,,281808,15,0,49 50 51,1,105,,281809,15,0,31 42 9,1,100,,281810,15,0,49 50 51,1,100,,281811,15,0,31 42 9,1,200,,281812,15,0,31 42 9,1
4000,'20261016',440,,281813,15,0,31 42 9,1,100,,281814,15,0,31 42 9,1,95,,281815,15,0,31 42 9,1,70,,281816,15,0,49 50 51,1,33,,281817,16,0,37 42 9,1,7,,281818,15,0,49 50 51,1,60,,281819,15,0,49 50 51,1,10,,281820,15,0,49 50 51,1,25,,281821,16,0,37 42 9,1,5,,281822,15,0,49 50 51,1,55,,281823,15,0,49 50 51,1,20,,281824,15,0,49 50 51,1,25,,281825,16,0,37 42 9,1,5,,281826,15,0,49 50 51,1,60,,281827,15,0,49 50 51,1,20,,281828,15,0,49 50 51,1,15,,281829,15,0,31 42 9,1,78,,281830,16,0,52 49 50 51,1,22,,281831,15,0,49 50 51,1,75,,281832,15,0,49 50 51,1,25,,281833,15,0,31 42 9,1,78,,281834,16,0,52 49 50 51,1,22,,281835,15,0,49 50 51,1,70,,281836,15,0,49 50 51,1,20,,281837,15,0,49 50 51,1,65,,281838,15,0,31 42 9,1,30,,281839,15,0,31 42 9,1,70,,281840,16,0,37 42 9,1,10,,281841,15,0,49 50 51,1,20,,281842,15,0,31 42 9,1,70,,281843,16,0,37 42 9,1,8,,281844,15,0,49 50 51,1,20,,281845,15,0,49 50 51,1,15,,281846,15,0,31 42 9,1,60,,281847,16,0,37 42 9,1,7,,281848,15,0,49 50 51,1,10,,281849,15,0,49 50 51,1,10,,281850,15,0,49 50 51,1,27,,281851,16,0,37 42 9,1,48,,281852,15,0,49 50 51,1,25,,281853,15,0,49 50 51,1,20,,281854,15,0,49 50 51,1,75,,281855,16,0,37 42 9,1,15,,281856,15,0,49 50 51,1,65,,281857,15,0,31 42 9,1,30,,281858,15,0,49 50 51,1,105,,281859,15,0,31 42 9,1,100,,281860,15,0,49 50 51,1,100,,281861,15,0,31 42 9,1,200,,281862,15,0,31 42 9,1
4000,'20261017',440,,281863,15,0,31 42 9,1,200,,281864,15,0,31 42 9,1,100,,281865,15,0,31 42 9,1,100,,281866,15,0,49 50 51,1,100,,281867,15,0,31 42 9,1,70,,281868,15,0,49 50 51,1,30,,281869,15,0,49 50 51,1,70,,281870,15,0,49 50 51,1,30,,281871,15,0,31 42 9,1,70,,281872,15,0,49 50 51,1,30,,281873,15,0,49 50 51,1,70,,281874,15,0,49 50 51,1,30,,281875,15,0,31 42 9,1,70,,281876,15,0,49 50 51,1,30,,281877,15,0,49 50 51,1,70,,281878,15,0,49 50 51,1,20,,281879,15,0,49 50 51,1,20,,281880,15,0,31 42 9,1,60,,281881,15,0,49 50 51,1,20,,281882,15,0,49 50 51,1,20,,281883,15,0,31 42 9,1,60,,281884,15,0,49 50 51,1,20,,281885,15,0,49 50 51,1,20,,281886,15,0,31 42 9,1,60,,281887,15,0,49 50 51,1,20,,281888,15,0,49 50 51,1,20,,281889,15,0,31 42 9,1,60,,281890,15,0,49 50 51,1,20,,281891,15,0,49 50 51,1,20,,281892,15,0,31 42 9,1,55,,281893,15,0,49 50 51,1,20,,281894,15,0,49 50 51,1,20,,281895,15,0,31 42 9,1,65,,281896,15,0,49 50 51,1,30,,281897,15,0,49 50 51,1,100,,281898,15,0,31 42 9,1,100,,281899,15,0,49 50 51,1,100,,281900,15,0,31 42 9,1,200,,281901,15,0,31 42 9,1
4000,'20261018',440,,281902,15,0,31 42 9,1,200,,281903,15,0,31 42 9,1,100,,281904,15,0,31 42 9,1,100,,281905,15,0,49 50 51,1,100,,281906,15,0,31 42 9,1,70,,281907,15,0,49 50 51,1,30,,281908,15,0,49 50 51,1,70,,281909,15,0,49 50 51,1,30,,281910,15,0,31 42 9,1,70,,281911,15,0,49 50 51,1,30,,281912,15,0,49 50 51,1,70,,281913,15,0,49 50 51,1,30,,281914,15,0,31 42 9,1,70,,281915,15,0,49 50 51,1,30,,281916,15,0,49 50 51,1,70,,281917,15,0,49 50 51,1,20,,281918,15,0,49 50 51,1,20,,281919,15,0,31 42 9,1,60,,281920,15,0,49 50 51,1,20,,281921,15,0,49 50 51,1,20,,281922,15,0,31 42 9,1,60,,281923,15,0,49 50 51,1,20,,281924,15,0,49 50 51,1,20,,281925,15,0,31 42 9,1,60,,281926,15,0,49 50 51,1,20,,281927,15,0,49 50 51,1,20,,281928,15,0,31 42 9,1,60,,281929,15,0,49 50 51,1,20,,281930,15,0,49 50 51,1,20,,281931,15,0,31 42 9,1,55,,281932,15,0,49 50 51,1,20,,281933,15,0,49 50 51,1,20,,281934,15,0,31 42 9,1,65,,281935,15,0,49 50 51,1,30,,281936,15,0,49 50 51,1,100,,281937,15,0,31 42 9,1,100,,281938,15,0,49 50 51,1,100,,281939,15,0,31 42 9,1,200,,281940,15,0,31 42 9,1
4000,'20261019',440,,281941,15,0,31 42 9,1,100,,281942,15,0,31 42 9,1,95,,281943,15,0,31 42 9,1,70,,281944,15,0,49 50 51,1,33,,281945,16,0,37 42 9,1,7,,281946,15,0,49 50 51,1,60,,281947,15,0,49 50 51,1,10,,281948,15,0,49 50 51,1,25,,281949,16,0,37 42 9,1,5,,281950,15,0,49 50 51,1,55,,281951,15,0,49 50 51,1,20,,281952,15,0,49 50 51,1,25,,281953,16,0,37 42 9,1,5,,281954,15,0,49 50 51,1,60,,281955,15,0,49 50 51,1,20,,281956,15,0,49 50 51,1,15,,281957,15,0,31 42 9,1,78,,281958,16,0,52 49 50 51,1,22,,281959,15,0,49 50 51,1,75,,281960,15,0,49 50 51,1,25,,281961,15,0,31 42 9,1,78,,281962,16,0,52 49 50 51,1,22,,281963,15,0,49 50 51,1,70,,281964,15,0,49 50 51,1,20,,281965,15,0,49 50 51,1,65,,281966,15,0,31 42 9,1,30,,281967,15,0,31 42 9,1,70,,281968,16,0,37 42 9,1,10,,281969,15,0,49 50 51,1,20,,281970,15,0,31 42 9,1,70,,281971,16,0,37 42 9,1,8,,281972,15,0,49 50 51,1,20,,281973,15,0,49 50 51,1,15,,281974,15,0,31 42 9,1,60,,281975,16,0,37 42 9,1,7,,281976,15,0,49 50 51,1,10,,281977,15,0,49 50 51,1,10,,281978,15,0,49 50 51,1,27,,281979,16,0,37 42 9,1,48,,281980,15,0,49 50 51,1,25,,281981,15,0,49 50 51,1,20,,281982,15,0,49 50 51,1,75,,281983,16,0,37 42 9,1,15,,281984,15,0,49 50 51,1,65,,281985,15,0,31 42 9,1,30,,281986,15,0,49 50 51,1,105,,281987,15,0,31 42 9,1,100,,281988,15,0,49 50 51,1,100,,281989,15,0,31 42 9,1,200,,281990,15,0,31 42 9,1
4000,'20261020',440,,281991,15,0,31 42 9,1,100,,281992,15,0,31 42 9,1,95,,281993,15,0,31 42 9,1,70,,281994,15,0,49 50 51,1,33,,281995,16,0,37 42 9,1,7,,281996,15,0,49 50 51,1,60,,281997,15,0,49 50 51,1,10,,281998,15,0,49 50 51,1,25,,281999,16,0,37 42 9,1,5,,282000,15,0,49 50 51,1,55,,282001,15,0,49 50 51,1,20,,282002,15,0,49 50 51,1,25,,282003,16,0,37 42 9,1,5,,282004,15,0,49 50 51,1,60,,282005,15,0,49 50 51,1,20,,282006,15,0,49 50 51,1,15,,282007,15,0,31 42 9,1,78,,282008,16,0,52 49 50 51,1,22,,282009,15,0,49 50 51,1,75,,282010,15,0,49 50 51,1,25,,282011,15,0,31 42 9,1,78,,282012,16,0,52 49 50 51,1,22,,282013,15,0,49 50 51,1,70,,282014,15,0,49 50 51,1,20,,282015,15,0,49 50 51,1,65,,282016,15,0,31 42 9,1,30,,282017,15,0,31 42 9,1,70,,282018,16,0,37 42 9,1,10,,282019,15,0,49 50 51,1,20,,282020,15,0,31 42 9,1,70,,282021,16,0,37 42 9,1,8,,282022,15,0,49 50 51,1,20,,282023,15,0,49 50 51,1,15,,282024,15,0,31 42 9,1,60,,282025,16,0,37 42 9,1,7,,282026,15,0,49 50 51,1,10,,282027,15,0,49 50 51,1,10,,282028,15,0,49 50 51,1,27,,282029,16,0,37 42 9,1,48,,282030,15,0,49 50 51,1,25,,282031,15,0,49 50 51,1,20,,282032,15,0,49 50 51,1,75,,282033,16,0,37 42 9,1,15,,282034,15,0,49 50 51,1,65,,282035,15,0,31 42 9,1,30,,282036,15,0,49 50 51,1,105,,282037,15,0,31 42 9,1,100,,282038,15,0,49 50 51,1,100,,282039,15,0,31 42 9,1,200,,282040,15,0,31 42 9,1
4000,'20261021',440,,282041,15,0,31 42 9,1,100,,282042,15,0,31 42 9,1,95,,282043,15,0,31 42 9,1,70,,282044,15,0,49 50 51,1,33,,282045,16,0,37 42 9,1,7,,282046,15,0,49 50 51,1,60,,282047,15,0,49 50 51,1,10,,282048,15,0,49 50 51,1,25,,282049,16,0,37 42 9,1,5,,282050,15,0,49 50 51,1,55,,282051,15,0,49 50 51,1,20,,282052,15,0,49 50 51,1,25,,282053,16,0,37 42 9,1,5,,282054,15,0,49 50 51,1,60,,282055,15,0,49 50 51,1,20,,282056,15,0,49 50 51,1,15,,282057,15,0,31 42 9,1,78,,282058,16,0,52 49 50 51,1,22,,282059,15,0,49 50 51,1,75,,282060,15,0,49 50 51,1,25,,282061,15,0,31 42 9,1,78,,282062,16,0,52 49 50 51,1,22,,282063,15,0,49 50 51,1,70,,282064,15,0,49 50 51,1,20,,282065,15,0,49 50 51,1,65,,282066,15,0,31 42 9,1,30,,282067,15,0,31 42 9,1,70,,282068,16,0,37 42 9,1,10,,282069,15,0,49 50 51,1,20,,282070,15,0,31 42 9,1,70,,282071,16,0,37 42 9,1,8,,282072,15,0,49 50 51,1,20,,282073,15,0,49 50 51,1,15,,282074,15,0,31 42 9,1,60,,282075,16,0,37 42 9,1,7,,282076,15,0,49 50 51,1,10,,282077,15,0,49 50 51,1,10,,282078,15,0,49 50 51,1,27,,282079,16,0,37 42 9,1,48,,282080,15,0,49 50 51,1,25,,282081,15,0,49 50 51,1,20,,282082,15,0,49 50 51,1,75,,282083,16,0,37 42 9,1,15,,282084,15,0,49 50 51,1,65,,282085,15,0,31 42 9,1,30,,282086,15,0,49 50 51,1,105,,282087,15,0,31 42 9,1,100,,282088,15,0,49 50 51,1,100,,282089,15,0,31 42 9,1,200,,282090,15,0,31 42 9,1
4000,'20261022',440,,282091,15,0,31 42 9,1,100,,282092,15,0,31 42 9,1,95,,282093,15,0,31 42 9,1,70,,282094,15,0,49 50 51,1,33,,282095,16,0,37 42 9,1,7,,282096,15,0,49 50 51,1,60,,282097,15,0,49 50 51,1,10,,282098,15,0,49 50 51,1,25,,282099,16,0,37 42 9,1,5,,282100,15,0,49 50 51,1,55,,282101,15,0,49 50 51,1,20,,282102,15,0,49 50 51,1,25,,282103,16,0,37 42 9,1,5,,282104,15,0,49 50 51,1,60,,282105,15,0,49 50 51,1,20,,282106,15,0,49 50 51,1,15,,282107,15,0,31 42 9,1,78,,282108,16,0,52 49 50 51,1,22,,282109,15,0,49 50 51,1,75,,282110,15,0,49 50 51,1,25,,282111,15,0,31 42 9,1,78,,282112,16,0,52 49 50 51,1,22,,282113,15,0,49 50 51,1,70,,282114,15,0,49 50 51,1,20,,282115,15,0,49 50 51,1,65,,282116,15,0,31 42 9,1,30,,282117,15,0,31 42 9,1,70,,282118,16,0,37 42 9,1,10,,282119,15,0,49 50 51,1,20,,282120,15,0,31 42 9,1,70,,282121,16,0,37 42 9,1,8,,282122,15,0,49 50 51,1,20,,282123,15,0,49 50 51,1,15,,282124,15,0,31 42 9,1,60,,282125,16,0,37 42 9,1,7,,282126,15,0,49 50 51,1,10,,282127,15,0,49 50 51,1,10,,282128,15,0,49 50 51,1,27,,282129,16,0,37 42 9,1,48,,282130,15,0,49 50 51,1,25,,282131,15,0,49 50 51,1,20,,282132,15,0,49 50 51,1,75,,282133,16,0,37 42 9,1,15,,282134,15,0,49 50 51,1,65,,282135,15,0,31 42 9,1,30,,282136,15,0,49 50 51,1,105,,282137,15,0,31 42 9,1,100,,282138,15,0,49 50 51,1,100,,282139,15,0,31 42 9,1,200,,282140,15,0,31 42 9,1
4000,'20261023',440,,282141,15,0,31 42 9,1,100,,282142,15,0,31 42 9,1,95,,282143,15,0,31 42 9,1,70,,282144,15,0,49 50 51,1,33,,282145,16,0,37 42 9,1,7,,282146,15,0,49 50 51,1,60,,282147,15,0,49 50 51,1,10,,282148,15,0,49 50 51,1,25,,282149,16,0,37 42 9,1,5,,282150,15,0,49 50 51,1,55,,282151,15,0,49 50 51,1,20,,282152,15,0,49 50 51,1,25,,282153,16,0,37 42 9,1,5,,282154,15,0,49 50 51,1,60,,282155,15,0,49 50 51,1,20,,282156,15,0,49 50 51,1,15,,282157,15,0,31 42 9,1,78,,282158,16,0,52 49 50 51,1,22,,282159,15,0,49 50 51,1,75,,282160,15,0,49 50 51,1,25,,282161,15,0,31 42 9,1,78,,282162,16,0,52 49 50 51,1,22,,282163,15,0,49 50 51,1,70,,282164,15,0,49 50 51,1,20,,282165,15,0,49 50 51,1,65,,282166,15,0,31 42 9,1,30,,282167,15,0,31 42 9,1,70,,282168,16,0,37 42 9,1,10,,282169,15,0,49 50 51,1,20,,282170,15,0,31 42 9,1,70,,282171,16,0,37 42 9,1,8,,282172,15,0,49 50 51,1,20,,282173,15,0,49 50 51,1,15,,282174,15,0,31 42 9,1,60,,282175,16,0,37 42 9,1,7,,282176,15,0,49 50 51,1,10,,282177,15,0,49 50 51,1,10,,282178,15,0,49 50 51,1,27,,282179,16,0,37 42 9,1,48,,282180,15,0,49 50 51,1,25,,282181,15,0,49 50 51,1,20,,282182,15,0,49 50 51,1,75,,282183,16,0,37 42 9,1,15,,282184,15,0,49 50 51,1,65,,282185,15,0,31 42 9,1,30,,282186,15,0,49 50 51,1,105,,282187,15,0,31 42 9,1,100,,282188,15,0,49 50 51,1,100,,282189,15,0,31 42 9,1,200,,282190,15,0,31 42 9,1
4000,'20261024',440,,282191,15,0,31 42 9,1,200,,282192,15,0,31 42 9,1,100,,282193,15,0,31 42 9,1,100,,282194,15,0,49 50 51,1,100,,282195,15,0,31 42 9,1,70,,282196,15,0,49 50 51,1,30,,282197,15,0,49 50 51,1,70,,282198,15,0,49 50 51,1,30,,282199,15,0,31 42 9,1,70,,282200,15,0,49 50 51,1,30,,282201,15,0,49 50 51,1,70,,282202,15,0,49 50 51,1,30,,282203,15,0,31 42 9,1,70,,282204,15,0,49 50 51,1,30,,282205,15,0,49 50 51,1,70,,282206,15,0,49 50 51,1,20,,282207,15,0,49 50 51,1,20,,282208,15,0,31 42 9,1,60,,282209,15,0,49 50 51,1,20,,282210,15,0,49 50 51,1,20,,282211,15,0,31 42 9,1,60,,282212,15,0,49 50 51,1,20,,282213,15,0,49 50 51,1,20,,282214,15,0,31 42 9,1,60,,282215,15,0,49 50 51,1,20,,282216,15,0,49 50 51,1,20,,282217,15,0,31 42 9,1,60,,282218,15,0,49 50 51,1,20,,282219,15,0,49 50 51,1,20,,282220,15,0,31 42 9,1,55,,282221,15,0,49 50 51,1,20,,282222,15,0,49 50 51,1,20,,282223,15,0,31 42 9,1,65,,282224,15,0,49 50 51,1,30,,282225,15,0,49 50 51,1,100,,282226,15,0,31 42 9,1,100,,282227,15,0,49 50 51,1,100,,282228,15,0,31 42 9,1,200,,282229,15,0,31 42 9,1
4000,'20261025',440,,282230,15,0,31 42 9,1,200,,282231,15,0,31 42 9,1,100,,282232,15,0,31 42 9,1,100,,282233,15,0,49 50 51,1,100,,282234,15,0,31 42 9,1,70,,282235,15,0,49 50 51,1,30,,282236,15,0,49 50 51,1,70,,282237,15,0,49 50 51,1,30,,282238,15,0,31 42 9,1,70,,282239,15,0,49 50 51,1,30,,282240,15,0,49 50 51,1,70,,282241,15,0,49 50 51,1,30,,282242,15,0,31 42 9,1,70,,282243,15,0,49 50 51,1,30,,282244,15,0,49 50 51,1,70,,282245,15,0,49 50 51,1,20,,282246,15,0,49 50 51,1,20,,282247,15,0,31 42 9,1,60,,282248,15,0,49 50 51,1,20,,282249,15,0,49 50 51,1,20,,282250,15,0,31 42 9,1,60,,282251,15,0,49 50 51,1,20,,282252,15,0,49 50 51,1,20,,282253,15,0,31 42 9,1,60,,282254,15,0,49 50 51,1,20,,282255,15,0,49 50 51,1,20,,282256,15,0,31 42 9,1,60,,282257,15,0,49 50 51,1,20,,282258,15,0,49 50 51,1,20,,282259,15,0,31 42 9,1,55,,282260,15,0,49 50 51,1,20,,282261,15,0,49 50 51,1,20,,282262,15,0,31 42 9,1,65,,282263,15,0,49 50 51,1,30,,282264,15,0,49 50 51,1,100,,282265,15,0,31 42 9,1,100,,282266,15,0,49 50 51,1,100,,282267,15,0,31 42 9,1,200,,282268,15,0,31 42 9,1
4000,'20261026',440,,282269,15,0,31 42 9,1,100,,282270,15,0,31 42 9,1,95,,282271,15,0,31 42 9,1,70,,282272,15,0,49 50 51,1,33,,282273,16,0,37 42 9,1,7,,282274,15,0,49 50 51,1,60,,282275,15,0,49 50 51,1,10,,282276,15,0,49 50 51,1,25,,282277,16,0,37 42 9,1,5,,282278,15,0,49 50 51,1,55,,282279,15,0,49 50 51,1,20,,282280,15,0,49 50 51,1,25,,282281,16,0,37 42 9,1,5,,282282,15,0,49 50 51,1,60,,282283,15,0,49 50 51,1,20,,282284,15,0,49 50 51,1,15,,282285,15,0,31 42 9,1,78,,282286,16,0,52 49 50 51,1,22,,282287,15,0,49 50 51,1,75,,282288,15,0,49 50 51,1,25,,282289,15,0,31 42 9,1,78,,282290,16,0,52 49 50 51,1,22,,282291,15,0,49 50 51,1,70,,282292,15,0,49 50 51,1,20,,282293,15,0,49 50 51,1,65,,282294,15,0,31 42 9,1,30,,282295,15,0,31 42 9,1,70,,282296,16,0,37 42 9,1,10,,282297,15,0,49 50 51,1,20,,282298,15,0,31 42 9,1,70,,282299,16,0,37 42 9,1,8,,282300,15,0,49 50 51,1,20,,282301,15,0,49 50 51,1,15,,282302,15,0,31 42 9,1,60,,282303,16,0,37 42 9,1,7,,282304,15,0,49 50 51,1,10,,282305,15,0,49 50 51,1,10,,282306,15,0,49 50 51,1,27,,282307,16,0,37 42 9,1,48,,282308,15,0,49 50 51,1,25,,282309,15,0,49 50 51,1,20,,282310,15,0,49 50 51,1,75,,282311,16,0,37 42 9,1,15,,282312,15,0,49 50 51,1,65,,282313,15,0,31 42 9,1,30,,282314,15,0,49 50 51,1,105,,282315,15,0,31 42 9,1,100,,282316,15,0,49 50 51,1,100,,282317,15,0,31 42 9,1,200,,282318,15,0,31 42 9,1
4000,'20261027',440,,282319,15,0,31 42 9,1,100,,282320,15,0,31 42 9,1,95,,282321,15,0,31 42 9,1,70,,282322,15,0,49 50 51,1,33,,282323,16,0,37 42 9,1,7,,282324,15,0,49 50 51,1,60,,282325,15,0,49 50 51,1,10,,282326,15,0,49 50 51,1,25,,282327,16,0,37 42 9,1,5,,282328,15,0,49 50 51,1,55,,282329,15,0,49 50 51,1,20,,282330,15,0,49 50 51,1,25,,282331,16,0,37 42 9,1,5,,282332,15,0,49 50 51,1,60,,282333,15,0,49 50 51,1,20,,282334,15,0,49 50 51,1,15,,282335,15,0,31 42 9,1,78,,282336,16,0,52 49 50 51,1,22,,282337,15,0,49 50 51,1,75,,282338,15,0,49 50 51,1,25,,282339,15,0,31 42 9,1,78,,282340,16,0,52 49 50 51,1,22,,282341,15,0,49 50 51,1,70,,282342,15,0,49 50 51,1,20,,282343,15,0,49 50 51,1,65,,282344,15,0,31 42 9,1,30,,282345,15,0,31 42 9,1,70,,282346,16,0,37 42 9,1,10,,282347,15,0,49 50 51,1,20,,282348,15,0,31 42 9,1,70,,282349,16,0,37 42 9,1,8,,282350,15,0,49 50 51,1,20,,282351,15,0,49 50 51,1,15,,282352,15,0,31 42 9,1,60,,282353,16,0,37 42 9,1,7,,282354,15,0,49 50 51,1,10,,282355,15,0,49 50 51,1,10,,282356,15,0,49 50 51,1,27,,282357,16,0,37 42 9,1,48,,282358,15,0,49 50 51,1,25,,282359,15,0,49 50 51,1,20,,282360,15,0,49 50 51,1,75,,282361,16,0,37 42 9,1,15,,282362,15,0,49 50 51,1,65,,282363,15,0,31 42 9,1,30,,282364,15,0,49 50 51,1,105,,282365,15,0,31 42 9,1,100,,282366,15,0,49 50 51,1,100,,282367,15,0,31 42 9,1,200,,282368,15,0,31 42 9,1
4000,'20261028',440,,282369,15,0,31 42 9,1,100,,282370,15,0,31 42 9,1,95,,282371,15,0,31 42 9,1,70,,282372,15,0,49 50 51,1,33,,282373,16,0,37 42 9,1,7,,282374,15,0,49 50 51,1,60,,282375,15,0,49 50 51,1,10,,282376,15,0,49 50 51,1,25,,282377,16,0,37 42 9,1,5,,282378,15,0,49 50 51,1,55,,282379,15,0,49 50 51,1,20,,282380,15,0,49 50 51,1,25,,282381,16,0,37 42 9,1,5,,282382,15,0,49 50 51,1,60,,282383,15,0,49 50 51,1,20,,282384,15,0,49 50 51,1,15,,282385,15,0,31 42 9,1,78,,282386,16,0,52 49 50 51,1,22,,282387,15,0,49 50 51,1,75,,282388,15,0,49 50 51,1,25,,282389,15,0,31 42 9,1,78,,282390,16,0,52 49 50 51,1,22,,282391,15,0,49 50 51,1,70,,282392,15,0,49 50 51,1,20,,282393,15,0,49 50 51,1,65,,282394,15,0,31 42 9,1,30,,282395,15,0,31 42 9,1,70,,282396,16,0,37 42 9,1,10,,282397,15,0,49 50 51,1,20,,282398,15,0,31 42 9,1,70,,282399,16,0,37 42 9,1,8,,282400,15,0,49 50 51,1,20,,282401,15,0,49 50 51,1,15,,282402,15,0,31 42 9,1,60,,282403,16,0,37 42 9,1,7,,282404,15,0,49 50 51,1,10,,282405,15,0,49 50 51,1,10,,282406,15,0,49 50 51,1,27,,282407,16,0,37 42 9,1,48,,282408,15,0,49 50 51,1,25,,282409,15,0,49 50 51,1,20,,282410,15,0,49 50 51,1,75,,282411,16,0,37 42 9,1,15,,282412,15,0,49 50 51,1,65,,282413,15,0,31 42 9,1,30,,282414,15,0,49 50 51,1,105,,282415,15,0,31 42 9,1,100,,282416,15,0,49 50 51,1,100,,282417,15,0,31 42 9,1,200,,282418,15,0,31 42 9,1
4000,'20261029',440,,282419,15,0,31 42 9,1,100,,282420,15,0,31 42 9,1,95,,282421,15,0,31 42 9,1,70,,282422,15,0,49 50 51,1,33,,282423,16,0,37 42 9,1,7,,282424,15,0,49 50 51,1,60,,282425,15,0,49 50 51,1,10,,282426,15,0,49 50 51,1,25,,282427,16,0,37 42 9,1,5,,282428,15,0,49 50 51,1,55,,282429,15,0,49 50 51,1,20,,282430,15,0,49 50 51,1,25,,282431,16,0,37 42 9,1,5,,282432,15,0,49 50 51,1,60,,282433,15,0,49 50 51,1,20,,282434,15,0,49 50 51,1,15,,282435,15,0,31 42 9,1,78,,282436,16,0,52 49 50 51,1,22,,282437,15,0,49 50 51,1,75,,282438,15,0,49 50 51,1,25,,282439,15,0,31 42 9,1,78,,282440,16,0,52 49 50 51,1,22,,282441,15,0,49 50 51,1,70,,282442,15,0,49 50 51,1,20,,282443,15,0,49 50 51,1,65,,282444,15,0,31 42 9,1,30,,282445,15,0,31 42 9,1,70,,282446,16,0,37 42 9,1,10,,282447,15,0,49 50 51,1,20,,282448,15,0,31 42 9,1,70,,282449,16,0,37 42 9,1,8,,282450,15,0,49 50 51,1,20,,282451,15,0,49 50 51,1,15,,282452,15,0,31 42 9,1,60,,282453,16,0,37 42 9,1,7,,282454,15,0,49 50 51,1,10,,282455,15,0,49 50 51,1,10,,282456,15,0,49 50 51,1,27,,282457,16,0,37 42 9,1,48,,282458,15,0,49 50 51,1,25,,282459,15,0,49 50 51,1,20,,282460,15,0,49 50 51,1,75,,282461,16,0,37 42 9,1,15,,282462,15,0,49 50 51,1,65,,282463,15,0,31 42 9,1,30,,282464,15,0,49 50 51,1,105,,282465,15,0,31 42 9,1,100,,282466,15,0,49 50 51,1,100,,282467,15,0,31 42 9,1,200,,282468,15,0,31 42 9,1
4000,'20261030',440,,282469,15,0,31 42 9,1,100,,282470,15,0,31 42 9,1,95,,282471,15,0,31 42 9,1,70,,282472,15,0,49 50 51,1,33,,282473,16,0,37 42 9,1,7,,282474,15,0,49 50 51,1,60,,282475,15,0,49 50 51,1,10,,282476,15,0,49 50 51,1,25,,282477,16,0,37 42 9,1,5,,282478,15,0,49 50 51,1,55,,282479,15,0,49 50 51,1,20,,282480,15,0,49 50 51,1,25,,282481,16,0,37 42 9,1,5,,282482,15,0,49 50 51,1,60,,282483,15,0,49 50 51,1,20,,282484,15,0,49 50 51,1,15,,282485,15,0,31 42 9,1,78,,282486,16,0,52 49 50 51,1,22,,282487,15,0,49 50 51,1,75,,282488,15,0,49 50 51,1,25,,282489,15,0,31 42 9,1,78,,282490,16,0,52 49 50 51,1,22,,282491,15,0,49 50 51,1,70,,282492,15,0,49 50 51,1,20,,282493,15,0,49 50 51,1,65,,282494,15,0,31 42 9,1,30,,282495,15,0,31 42 9,1,70,,282496,16,0,37 42 9,1,10,,282497,15,0,49 50 51,1,20,,282498,15,0,31 42 9,1,70,,282499,16,0,37 42 9,1,8,,282500,15,0,49 50 51,1,20,,282501,15,0,49 50 51,1,15,,282502,15,0,31 42 9,1,60,,282503,16,0,37 42 9,1,7,,282504,15,0,49 50 51,1,10,,282505,15,0,49 50 51,1,10,,282506,15,0,49 50 51,1,27,,282507,16,0,37 42 9,1,48,,282508,15,0,49 50 51,1,25,,282509,15,0,49 50 51,1,20,,282510,15,0,49 50 51,1,75,,282511,16,0,37 42 9,1,15,,282512,15,0,49 50 51,1,65,,282513,15,0,31 42 9,1,30,,282514,15,0,49 50 51,1,105,,282515,15,0,31 42 9,1,100,,282516,15,0,49 50 51,1,100,,282517,15,0,31 42 9,1,200,,282518,15,0,31 42 9,1
4000,'20261031',440,,282519,15,0,31 42 9,1,200,,282520,15,0,31 42 9,1,100,,282521,15,0,31 42 9,1,100,,282522,15,0,49 50 51,1,100,,282523,15,0,31 42 9,1,70,,282524,15,0,49 50 51,1,30,,282525,15,0,49 50 51,1,70,,282526,15,0,49 50 51,1,30,,282527,15,0,31 42 9,1,70,,282528,15,0,49 50 51,1,30,,282529,15,0,49 50 51,1,70,,282530,15,0,49 50 51,1,30,,282531,15,0,31 42 9,1,70,,282532,15,0,49 50 51,1,30,,282533,15,0,49 50 51,1,70,,282534,15,0,49 50 51,1,20,,282535,15,0,49 50 51,1,20,,282536,15,0,31 42 9,1,60,,282537,15,0,49 50 51,1,20,,282538,15,0,49 50 51,1,20,,282539,15,0,31 42 9,1,60,,282540,15,0,49 50 51,1,20,,282541,15,0,49 50 51,1,20,,282542,15,0,31 42 9,1,60,,282543,15,0,49 50 51,1,20,,282544,15,0,49 50 51,1,20,,282545,15,0,31 42 9,1,60,,282546,15,0,49 50 51,1,20,,282547,15,0,49 50 51,1,20,,282548,15,0,31 42 9,1,55,,282549,15,0,49 50 51,1,20,,282550,15,0,49 50 51,1,20,,282551,15,0,31 42 9,1,65,,282552,15,0,49 50 51,1,30,,282553,15,0,49 50 51,1,100,,282554,15,0,31 42 9,1,100,,282555,15,0,49 50 51,1,100,,282556,15,0,31 42 9,1,200,,282557,15,0,31 42 9,1
4000,'20261101',440,,282558,15,0,31 42 9,1,200,,282559,15,0,31 42 9,1,100,,282560,15,0,31 42 9,1,100,,282561,15,0,49 50 51,1,100,,282562,15,0,31 42 9,1,70,,282563,15,0,49 50 51,1,30,,282564,15,0,49 50 51,1,70,,282565,15,0,49 50 51,1,30,,282566,15,0,31 42 9,1,70,,282567,15,0,49 50 51,1,30,,282568,15,0,49 50 51,1,70,,282569,15,0,49 50 51,1,30,,282570,15,0,31 42 9,1,70,,282571,15,0,49 50 51,1,30,,282572,15,0,49 50 51,1,70,,282573,15,0,49 50 51,1,20,,282574,15,0,49 50 51,1,20,,282575,15,0,31 42 9,1,60,,282576,15,0,49 50 51,1,20,,282577,15,0,49 50 51,1,20,,282578,15,0,31 42 9,1,60,,282579,15,0,49 50 51,1,20,,282580,15,0,49 50 51,1,20,,282581,15,0,31 42 9,1,60,,282582,15,0,49 50 51,1,20,,282583,15,0,49 50 51,1,20,,282584,15,0,31 42 9,1,60,,282585,15,0,49 50 51,1,20,,282586,15,0,49 50 51,1,20,,282587,15,0,31 42 9,1,55,,282588,15,0,49 50 51,1,20,,282589,15,0,49 50 51,1,20,,282590,15,0,31 42 9,1,65,,282591,15,0,49 50 51,1,30,,282592,15,0,49 50 51,1,100,,282593,15,0,31 42 9,1,100,,282594,15,0,49 50 51,1,100,,282595,15,0,31 42 9,1,200,,282596,15,0,31 42 9,1
4000,'20261102',440,,282597,15,0,31 42 9,1,100,,282598,15,0,31 42 9,1,95,,282599,15,0,31 42 9,1,70,,282600,15,0,49 50 51,1,33,,282601,16,0,37 42 9,1,7,,282602,15,0,49 50 51,1,60,,282603,15,0,49 50 51,1,10,,282604,15,0,49 50 51,1,25,,282605,16,0,37 42 9,1,5,,282606,15,0,49 50 51,1,55,,282607,15,0,49 50 51,1,20,,282608,15,0,49 50 51,1,25,,282609,16,0,37 42 9,1,5,,282610,15,0,49 50 51,1,60,,282611,15,0,49 50 51,1,20,,282612,15,0,49 50 51,1,15,,282613,15,0,31 42 9,1,78,,282614,16,0,52 49 50 51,1,22,,282615,15,0,49 50 51,1,75,,282616,15,0,49 50 51,1,25,,282617,15,0,31 42 9,1,78,,282618,16,0,52 49 50 51,1,22,,282619,15,0,49 50 51,1,70,,282620,15,0,49 50 51,1,20,,282621,15,0,49 50 51,1,65,,282622,15,0,31 42 9,1,30,,282623,15,0,31 42 9,1,70,,282624,16,0,37 42 9,1,10,,282625,15,0,49 50 51,1,20,,282626,15,0,31 42 9,1,70,,282627,16,0,37 42 9,1,8,,282628,15,0,49 50 51,1,20,,282629,15,0,49 50 51,1,15,,282630,15,0,31 42 9,1,60,,282631,16,0,37 42 9,1,7,,282632,15,0,49 50 51,1,10,,282633,15,0,49 50 51,1,10,,282634,15,0,49 50 51,1,27,,282635,16,0,37 42 9,1,48,,282636,15,0,49 50 51,1,25,,282637,15,0,49 50 51,1,20,,282638,15,0,49 50 51,1,75,,282639,16,0,37 42 9,1,15,,282640,15,0,49 50 51,1,65,,282641,15,0,31 42 9,1,30,,282642,15,0,49 50 51,1,105,,282643,15,0,31 42 9,1,100,,282644,15,0,49 50 51,1,100,,282645,15,0,31 42 9,1,200,,282646,15,0,31 42 9,1
4000,'20261103',440,,282647,15,0,31 42 9,1,100,,282648,15,0,31 42 9,1,95,,282649,15,0,31 42 9,1,70,,282650,15,0,49 50 51,1,33,,282651,16,0,37 42 9,1,7,,282652,15,0,49 50 51,1,60,,282653,15,0,49 50 51,1,10,,282654,15,0,49 50 51,1,25,,282655,16,0,37 42 9,1,5,,282656,15,0,49 50 51,1,55,,282657,15,0,49 50 51,1,20,,282658,15,0,49 50 51,1,25,,282659,16,0,37 42 9,1,5,,282660,15,0,49 50 51,1,60,,282661,15,0,49 50 51,1,20,,282662,15,0,49 50 51,1,15,,282663,15,0,31 42 9,1,78,,282664,16,0,52 49 50 51,1,22,,282665,15,0,49 50 51,1,75,,282666,15,0,49 50 51,1,25,,282667,15,0,31 42 9,1,78,,282668,16,0,52 49 50 51,1,22,,282669,15,0,49 50 51,1,70,,282670,15,0,49 50 51,1,20,,282671,15,0,49 50 51,1,65,,282672,15,0,31 42 9,1,30,,282673,15,0,31 42 9,1,70,,282674,16,0,37 42 9,1,10,,282675,15,0,49 50 51,1,20,,282676,15,0,31 42 9,1,70,,282677,16,0,37 42 9,1,8,,282678,15,0,49 50 51,1,20,,282679,15,0,49 50 51,1,15,,282680,15,0,31 42 9,1,60,,282681,16,0,37 42 9,1,7,,282682,15,0,49 50 51,1,10,,282683,15,0,49 50 51,1,10,,282684,15,0,49 50 51,1,27,,282685,16,0,37 42 9,1,48,,282686,15,0,49 50 51,1,25,,282687,15,0,49 50 51,1,20,,282688,15,0,49 50 51,1,75,,282689,16,0,37 42 9,1,15,,282690,15,0,49 50 51,1,65,,282691,15,0,31 42 9,1,30,,282692,15,0,49 50 51,1,105,,282693,15,0,31 42 9,1,100,,282694,15,0,49 50 51,1,100,,282695,15,0,31 42 9,1,200,,282696,15,0,31 42 9,1
4000,'20261104',440,,282697,15,0,31 42 9,1,100,,282698,15,0,31 42 9,1,95,,282699,15,0,31 42 9,1,70,,282700,15,0,49 50 51,1,33,,282701,16,0,37 42 9,1,7,,282702,15,0,49 50 51,1,60,,282703,15,0,49 50 51,1,10,,282704,15,0,49 50 51,1,25,,282705,16,0,37 42 9,1,5,,282706,15,0,49 50 51,1,55,,282707,15,0,49 50 51,1,20,,282708,15,0,49 50 51,1,25,,282709,16,0,37 42 9,1,5,,282710,15,0,49 50 51,1,60,,282711,15,0,49 50 51,1,20,,282712,15,0,49 50 51,1,15,,282713,15,0,31 42 9,1,78,,282714,16,0,52 49 50 51,1,22,,282715,15,0,49 50 51,1,75,,282716,15,0,49 50 51,1,25,,282717,15,0,31 42 9,1,78,,282718,16,0,52 49 50 51,1,22,,282719,15,0,49 50 51,1,70,,282720,15,0,49 50 51,1,20,,282721,15,0,49 50 51,1,65,,282722,15,0,31 42 9,1,30,,282723,15,0,31 42 9,1,70,,282724,16,0,37 42 9,1,10,,282725,15,0,49 50 51,1,20,,282726,15,0,31 42 9,1,70,,282727,16,0,37 42 9,1,8,,282728,15,0,49 50 51,1,20,,282729,15,0,49 50 51,1,15,,282730,15,0,31 42 9,1,60,,282731,16,0,37 42 9,1,7,,282732,15,0,49 50 51,1,10,,282733,15,0,49 50 51,1,10,,282734,15,0,49 50 51,1,27,,282735,16,0,37 42 9,1,48,,282736,15,0,49 50 51,1,25,,282737,15,0,49 50 51,1,20,,282738,15,0,49 50 51,1,75,,282739,16,0,37 42 9,1,15,,282740,15,0,49 50 51,1,65,,282741,15,0,31 42 9,1,30,,282742,15,0,49 50 51,1,105,,282743,15,0,31 42 9,1,100,,282744,15,0,49 50 51,1,100,,282745,15,0,31 42 9,1,200,,282746,15,0,31 42 9,1
4000,'20261105',440,,282747,15,0,31 42 9,1,100,,282748,15,0,31 42 9,1,95,,282749,15,0,31 42 9,1,70,,282750,15,0,49 50 51,1,33,,282751,16,0,37 42 9,1,7,,282752,15,0,49 50 51,1,60,,282753,15,0,49 50 51,1,10,,282754,15,0,49 50 51,1,25,,282755,16,0,37 42 9,1,5,,282756,15,0,49 50 51,1,55,,282757,15,0,49 50 51,1,20,,282758,15,0,49 50 51,1,25,,282759,16,0,37 42 9,1,5,,282760,15,0,49 50 51,1,60,,282761,15,0,49 50 51,1,20,,282762,15,0,49 50 51,1,15,,282763,15,0,31 42 9,1,78,,282764,16,0,52 49 50 51,1,22,,282765,15,0,49 50 51,1,75,,282766,15,0,49 50 51,1,25,,282767,15,0,31 42 9,1,78,,282768,16,0,52 49 50 51,1,22,,282769,15,0,49 50 51,1,70,,282770,15,0,49 50 51,1,20,,282771,15,0,49 50 51,1,65,,282772,15,0,31 42 9,1,30,,282773,15,0,31 42 9,1,70,,282774,16,0,37 42 9,1,10,,282775,15,0,49 50 51,1,20,,282776,15,0,31 42 9,1,70,,282777,16,0,37 42 9,1,8,,282778,15,0,49 50 51,1,20,,282779,15,0,49 50 51,1,15,,282780,15,0,31 42 9,1,60,,282781,16,0,37 42 9,1,7,,282782,15,0,49 50 51,1,10,,282783,15,0,49 50 51,1,10,,282784,15,0,49 50 51,1,27,,282785,16,0,37 42 9,1,48,,282786,15,0,49 50 51,1,25,,282787,15,0,49 50 51,1,20,,282788,15,0,49 50 51,1,75,,282789,16,0,37 42 9,1,15,,282790,15,0,49 50 51,1,65,,282791,15,0,31 42 9,1,30,,282792,15,0,49 50 51,1,105,,282793,15,0,31 42 9,1,100,,282794,15,0,49 50 51,1,100,,282795,15,0,31 42 9,1,200,,282796,15,0,31 42 9,1
4000,'20261106',440,,282797,15,0,31 42 9,1,100,,282798,15,0,31 42 9,1,95,,282799,15,0,31 42 9,1,70,,282800,15,0,49 50 51,1,33,,282801,16,0,37 42 9,1,7,,282802,15,0,49 50 51,1,60,,282803,15,0,49 50 51,1,10,,282804,15,0,49 50 51,1,25,,282805,16,0,37 42 9,1,5,,282806,15,0,49 50 51,1,55,,282807,15,0,49 50 51,1,20,,282808,15,0,49 50 51,1,25,,282809,16,0,37 42 9,1,5,,282810,15,0,49 50 51,1,60,,282811,15,0,49 50 51,1,20,,282812,15,0,49 50 51,1,15,,282813,15,0,31 42 9,1,78,,282814,16,0,52 49 50 51,1,22,,282815,15,0,49 50 51,1,75,,282816,15,0,49 50 51,1,25,,282817,15,0,31 42 9,1,78,,282818,16,0,52 49 50 51,1,22,,282819,15,0,49 50 51,1,70,,282820,15,0,49 50 51,1,20,,282821,15,0,49 50 51,1,65,,282822,15,0,31 42 9,1,30,,282823,15,0,31 42 9,1,70,,282824,16,0,37 42 9,1,10,,282825,15,0,49 50 51,1,20,,282826,15,0,31 42 9,1,70,,282827,16,0,37 42 9,1,8,,282828,15,0,49 50 51,1,20,,282829,15,0,49 50 51,1,15,,282830,15,0,31 42 9,1,60,,282831,16,0,37 42 9,1,7,,282832,15,0,49 50 51,1,10,,282833,15,0,49 50 51,1,10,,282834,15,0,49 50 51,1,27,,282835,16,0,37 42 9,1,48,,282836,15,0,49 50 51,1,25,,282837,15,0,49 50 51,1,20,,282838,15,0,49 50 51,1,75,,282839,16,0,37 42 9,1,15,,282840,15,0,49 50 51,1,65,,282841,15,0,31 42 9,1,30,,282842,15,0,49 50 51,1,105,,282843,15,0,31 42 9,1,100,,282844,15,0,49 50 51,1,100,,282845,15,0,31 42 9,1,200,,282846,15,0,31 42 9,1
4000,'20261107',440,,282847,15,0,31 42 9,1,200,,282848,15,0,31 42 9,1,100,,282849,15,0,31 42 9,1,100,,282850,15,0,49 50 51,1,100,,282851,15,0,31 42 9,1,70,,282852,15,0,49 50 51,1,30,,282853,15,0,49 50 51,1,70,,282854,15,0,49 50 51,1,30,,282855,15,0,31 42 9,1,70,,282856,15,0,49 50 51,1,30,,282857,15,0,49 50 51,1,70,,282858,15,0,49 50 51,1,30,,282859,15,0,31 42 9,1,70,,282860,15,0,49 50 51,1,30,,282861,15,0,49 50 51,1,70,,282862,15,0,49 50 51,1,20,,282863,15,0,49 50 51,1,20,,282864,15,0,31 42 9,1,60,,282865,15,0,49 50 51,1,20,,282866,15,0,49 50 51,1,20,,282867,15,0,31 42 9,1,60,,282868,15,0,49 50 51,1,20,,282869,15,0,49 50 51,1,20,,282870,15,0,31 42 9,1,60,,282871,15,0,49 50 51,1,20,,282872,15,0,49 50 51,1,20,,282873,15,0,31 42 9,1,60,,282874,15,0,49 50 51,1,20,,282875,15,0,49 50 51,1,20,,282876,15,0,31 42 9,1,55,,282877,15,0,49 50 51,1,20,,282878,15,0,49 50 51,1,20,,282879,15,0,31 42 9,1,65,,282880,15,0,49 50 51,1,30,,282881,15,0,49 50 51,1,100,,282882,15,0,31 42 9,1,100,,282883,15,0,49 50 51,1,100,,282884,15,0,31 42 9,1,200,,282885,15,0,31 42 9,1
4000,'20261108',440,,282886,15,0,31 42 9,1,200,,282887,15,0,31 42 9,1,100,,282888,15,0,31 42 9,1,100,,282889,15,0,49 50 51,1,100,,282890,15,0,31 42 9,1,70,,282891,15,0,49 50 51,1,30,,282892,15,0,49 50 51,1,70,,282893,15,0,49 50 51,1,30,,282894,15,0,31 42 9,1,70,,282895,15,0,49 50 51,1,30,,282896,15,0,49 50 51,1,70,,282897,15,0,49 50 51,1,30,,282898,15,0,31 42 9,1,70,,282899,15,0,49 50 51,1,30,,282900,15,0,49 50 51,1,70,,282901,15,0,49 50 51,1,20,,282902,15,0,49 50 51,1,20,,282903,15,0,31 42 9,1,60,,282904,15,0,49 50 51,1,20,,282905,15,0,49 50 51,1,20,,282906,15,0,31 42 9,1,60,,282907,15,0,49 50 51,1,20,,282908,15,0,49 50 51,1,20,,282909,15,0,31 42 9,1,60,,282910,15,0,49 50 51,1,20,,282911,15,0,49 50 51,1,20,,282912,15,0,31 42 9,1,60,,282913,15,0,49 50 51,1,20,,282914,15,0,49 50 51,1,20,,282915,15,0,31 42 9,1,55,,282916,15,0,49 50 51,1,20,,282917,15,0,49 50 51,1,20,,282918,15,0,31 42 9,1,65,,282919,15,0,49 50 51,1,30,,282920,15,0,49 50 51,1,100,,282921,15,0,31 42 9,1,100,,282922,15,0,49 50 51,1,100,,282923,15,0,31 42 9,1,200,,282924,15,0,31 42 9,1
4000,'20261109',440,,282925,15,0,31 42 9,1,100,,282926,15,0,31 42 9,1,95,,282927,15,0,31 42 9,1,70,,282928,15,0,49 50 51,1,33,,282929,16,0,37 42 9,1,7,,282930,15,0,49 50 51,1,60,,282931,15,0,49 50 51,1,10,,282932,15,0,49 50 51,1,25,,282933,16,0,37 42 9,1,5,,282934,15,0,49 50 51,1,55,,282935,15,0,49 50 51,1,20,,282936,15,0,49 50 51,1,25,,282937,16,0,37 42 9,1,5,,282938,15,0,49 50 51,1,60,,282939,15,0,49 50 51,1,20,,282940,15,0,49 50 51,1,15,,282941,15,0,31 42 9,1,78,,282942,16,0,52 49 50 51,1,22,,282943,15,0,49 50 51,1,75,,282944,15,0,49 50 51,1,25,,282945,15,0,31 42 9,1,78,,282946,16,0,52 49 50 51,1,22,,282947,15,0,49 50 51,1,70,,282948,15,0,49 50 51,1,20,,282949,15,0,49 50 51,1,65,,282950,15,0,31 42 9,1,30,,282951,15,0,31 42 9,1,70,,282952,16,0,37 42 9,1,10,,282953,15,0,49 50 51,1,20,,282954,15,0,31 42 9,1,70,,282955,16,0,37 42 9,1,8,,282956,15,0,49 50 51,1,20,,282957,15,0,49 50 51,1,15,,282958,15,0,31 42 9,1,60,,282959,16,0,37 42 9,1,7,,282960,15,0,49 50 51,1,10,,282961,15,0,49 50 51,1,10,,282962,15,0,49 50 51,1,27,,282963,16,0,37 42 9,1,48,,282964,15,0,49 50 51,1,25,,282965,15,0,49 50 51,1,20,,282966,15,0,49 50 51,1,75,,282967,16,0,37 42 9,1,15,,282968,15,0,49 50 51,1,65,,282969,15,0,31 42 9,1,30,,282970,15,0,49 50 51,1,105,,282971,15,0,31 42 9,1,100,,282972,15,0,49 50 51,1,100,,282973,15,0,31 42 9,1,200,,282974,15,0,31 42 9,1
4000,'20261110',440,,282975,15,0,31 42 9,1,100,,282976,15,0,31 42 9,1,95,,282977,15,0,31 42 9,1,70,,282978,15,0,49 50 51,1,33,,282979,16,0,37 42 9,1,7,,282980,15,0,49 50 51,1,60,,282981,15,0,49 50 51,1,10,,282982,15,0,49 50 51,1,25,,282983,16,0,37 42 9,1,5,,282984,15,0,49 50 51,1,55,,282985,15,0,49 50 51,1,20,,282986,15,0,49 50 51,1,25,,282987,16,0,37 42 9,1,5,,282988,15,0,49 50 51,1,60,,282989,15,0,49 50 51,1,20,,282990,15,0,49 50 51,1,15,,282991,15,0,31 42 9,1,78,,282992,16,0,52 49 50 51,1,22,,282993,15,0,49 50 51,1,75,,282994,15,0,49 50 51,1,25,,282995,15,0,31 42 9,1,78,,282996,16,0,52 49 50 51,1,22,,282997,15,0,49 50 51,1,70,,282998,15,0,49 50 51,1,20,,282999,15,0,49 50 51,1,65,,283000,15,0,31 42 9,1,30,,283001,15,0,31 42 9,1,70,,283002,16,0,37 42 9,1,10,,283003,15,0,49 50 51,1,20,,283004,15,0,31 42 9,1,70,,283005,16,0,37 42 9,1,8,,283006,15,0,49 50 51,1,20,,283007,15,0,49 50 51,1,15,,283008,15,0,31 42 9,1,60,,283009,16,0,37 42 9,1,7,,283010,15,0,49 50 51,1,10,,283011,15,0,49 50 51,1,10,,283012,15,0,49 50 51,1,27,,283013,16,0,37 42 9,1,48,,283014,15,0,49 50 51,1,25,,283015,15,0,49 50 51,1,20,,283016,15,0,49 50 51,1,75,,283017,16,0,37 42 9,1,15,,283018,15,0,49 50 51,1,65,,283019,15,0,31 42 9,1,30,,283020,15,0,49 50 51,1,105,,283021,15,0,31 42 9,1,100,,283022,15,0,49 50 51,1,100,,283023,15,0,31 42 9,1,200,,283024,15,0,31 42 9,1
4000,'20261111',440,,283025,15,0,31 42 9,1,100,,283026,15,0,31 42 9,1,95,,283027,15,0,31 42 9,1,70,,283028,15,0,49 50 51,1,33,,283029,16,0,37 42 9,1,7,,283030,15,0,49 50 51,1,60,,283031,15,0,49 50 51,1,10,,283032,15,0,49 50 51,1,25,,283033,16,0,37 42 9,1,5,,283034,15,0,49 50 51,1,55,,283035,15,0,49 50 51,1,20,,283036,15,0,49 50 51,1,25,,283037,16,0,37 42 9,1,5,,283038,15,0,49 50 51,1,60,,283039,15,0,49 50 51,1,20,,283040,15,0,49 50 51,1,15,,283041,15,0,31 42 9,1,78,,283042,16,0,52 49 50 51,1,22,,283043,15,0,49 50 51,1,75,,283044,15,0,49 50 51,1,25,,283045,15,0,31 42 9,1,78,,283046,16,0,52 49 50 51,1,22,,283047,15,0,49 50 51,1,70,,283048,15,0,49 50 51,1,20,,283049,15,0,49 50 51,1,65,,283050,15,0,31 42 9,1,30,,283051,15,0,31 42 9,1,70,,283052,16,0,37 42 9,1,10,,283053,15,0,49 50 51,1,20,,283054,15,0,31 42 9,1,70,,283055,16,0,37 42 9,1,8,,283056,15,0,49 50 51,1,20,,283057,15,0,49 50 51,1,15,,283058,15,0,31 42 9,1,60,,283059,16,0,37 42 9,1,7,,283060,15,0,49 50 51,1,10,,283061,15,0,49 50 51,1,10,,283062,15,0,49 50 51,1,27,,283063,16,0,37 42 9,1,48,,283064,15,0,49 50 51,1,25,,283065,15,0,49 50 51,1,20,,283066,15,0,49 50 51,1,75,,283067,16,0,37 42 9,1,15,,283068,15,0,49 50 51,1,65,,283069,15,0,31 42 9,1,30,,283070,15,0,49 50 51,1,105,,283071,15,0,31 42 9,1,100,,283072,15,0,49 50 51,1,100,,283073,15,0,31 42 9,1,200,,283074,15,0,31 42 9,1
4000,'20261112',440,,283075,15,0,31 42 9,1,100,,283076,15,0,31 42 9,1,95,,283077,15,0,31 42 9,1,70,,283078,15,0,49 50 51,1,33,,283079,16,0,37 42 9,1,7,,283080,15,0,49 50 51,1,60,,283081,15,0,49 50 51,1,10,,283082,15,0,49 50 51,1,25,,283083,16,0,37 42 9,1,5,,283084,15,0,49 50 51,1,55,,283085,15,0,49 50 51,1,20,,283086,15,0,49 50 51,1,25,,283087,16,0,37 42 9,1,5,,283088,15,0,49 50 51,1,60,,283089,15,0,49 50 51,1,20,,283090,15,0,49 50 51,1,15,,283091,15,0,31 42 9,1,78,,283092,16,0,52 49 50 51,1,22,,283093,15,0,49 50 51,1,75,,283094,15,0,49 50 51,1,25,,283095,15,0,31 42 9,1,78,,283096,16,0,52 49 50 51,1,22,,283097,15,0,49 50 51,1,70,,283098,15,0,49 50 51,1,20,,283099,15,0,49 50 51,1,65,,283100,15,0,31 42 9,1,30,,283101,15,0,31 42 9,1,70,,283102,16,0,37 42 9,1,10,,283103,15,0,49 50 51,1,20,,283104,15,0,31 42 9,1,70,,283105,16,0,37 42 9,1,8,,283106,15,0,49 50 51,1,20,,283107,15,0,49 50 51,1,15,,283108,15,0,31 42 9,1,60,,283109,16,0,37 42 9,1,7,,283110,15,0,49 50 51,1,10,,283111,15,0,49 50 51,1,10,,283112,15,0,49 50 51,1,27,,283113,16,0,37 42 9,1,48,,283114,15,0,49 50 51,1,25,,283115,15,0,49 50 51,1,20,,283116,15,0,49 50 51,1,75,,283117,16,0,37 42 9,1,15,,283118,15,0,49 50 51,1,65,,283119,15,0,31 42 9,1,30,,283120,15,0,49 50 51,1,105,,283121,15,0,31 42 9,1,100,,283122,15,0,49 50 51,1,100,,283123,15,0,31 42 9,1,200,,283124,15,0,31 42 9,1
4000,'20261113',440,,283125,15,0,31 42 9,1,100,,283126,15,0,31 42 9,1,95,,283127,15,0,31 42 9,1,70,,283128,15,0,49 50 51,1,33,,283129,16,0,37 42 9,1,7,,283130,15,0,49 50 51,1,60,,283131,15,0,49 50 51,1,10,,283132,15,0,49 50 51,1,25,,283133,16,0,37 42 9,1,5,,283134,15,0,49 50 51,1,55,,283135,15,0,49 50 51,1,20,,283136,15,0,49 50 51,1,25,,283137,16,0,37 42 9,1,5,,283138,15,0,49 50 51,1,60,,283139,15,0,49 50 51,1,20,,283140,15,0,49 50 51,1,15,,283141,15,0,31 42 9,1,78,,283142,16,0,52 49 50 51,1,22,,283143,15,0,49 50 51,1,75,,283144,15,0,49 50 51,1,25,,283145,15,0,31 42 9,1,78,,283146,16,0,52 49 50 51,1,22,,283147,15,0,49 50 51,1,70,,283148,15,0,49 50 51,1,20,,283149,15,0,49 50 51,1,65,,283150,15,0,31 42 9,1,30,,283151,15,0,31 42 9,1,70,,283152,16,0,37 42 9,1,10,,283153,15,0,49 50 51,1,20,,283154,15,0,31 42 9,1,70,,283155,16,0,37 42 9,1,8,,283156,15,0,49 50 51,1,20,,283157,15,0,49 50 51,1,15,,283158,15,0,31 42 9,1,60,,283159,16,0,37 42 9,1,7,,283160,15,0,49 50 51,1,10,,283161,15,0,49 50 51,1,10,,283162,15,0,49 50 51,1,27,,283163,16,0,37 42 9,1,48,,283164,15,0,49 50 51,1,25,,283165,15,0,49 50 51,1,20,,283166,15,0,49 50 51,1,75,,283167,16,0,37 42 9,1,15,,283168,15,0,49 50 51,1,65,,283169,15,0,31 42 9,1,30,,283170,15,0,49 50 51,1,105,,283171,15,0,31 42 9,1,100,,283172,15,0,49 50 51,1,100,,283173,15,0,31 42 9,1,200,,283174,15,0,31 42 9,1
4000,'20261114',440,,283175,15,0,31 42 9,1,200,,283176,15,0,31 42 9,1,100,,283177,15,0,31 42 9,1,100,,283178,15,0,49 50 51,1,100,,283179,15,0,31 42 9,1,70,,283180,15,0,49 50 51,1,30,,283181,15,0,49 50 51,1,70,,283182,15,0,49 50 51,1,30,,283183,15,0,31 42 9,1,70,,283184,15,0,49 50 51,1,30,,283185,15,0,49 50 51,1,70,,283186,15,0,49 50 51,1,30,,283187,15,0,31 42 9,1,70,,283188,15,0,49 50 51,1,30,,283189,15,0,49 50 51,1,70,,283190,15,0,49 50 51,1,20,,283191,15,0,49 50 51,1,20,,283192,15,0,31 42 9,1,60,,283193,15,0,49 50 51,1,20,,283194,15,0,49 50 51,1,20,,283195,15,0,31 42 9,1,60,,283196,15,0,49 50 51,1,20,,283197,15,0,49 50 51,1,20,,283198,15,0,31 42 9,1,60,,283199,15,0,49 50 51,1,20,,283200,15,0,49 50 51,1,20,,283201,15,0,31 42 9,1,60,,283202,15,0,49 50 51,1,20,,283203,15,0,49 50 51,1,20,,283204,15,0,31 42 9,1,55,,283205,15,0,49 50 51,1,20,,283206,15,0,49 50 51,1,20,,283207,15,0,31 42 9,1,65,,283208,15,0,49 50 51,1,30,,283209,15,0,49 50 51,1,100,,283210,15,0,31 42 9,1,100,,283211,15,0,49 50 51,1,100,,283212,15,0,31 42 9,1,200,,283213,15,0,31 42 9,1
4000,'20261115',440,,283214,15,0,31 42 9,1,200,,283215,15,0,31 42 9,1,100,,283216,15,0,31 42 9,1,100,,283217,15,0,49 50 51,1,100,,283218,15,0,31 42 9,1,70,,283219,15,0,49 50 51,1,30,,283220,15,0,49 50 51,1,70,,283221,15,0,49 50 51,1,30,,283222,15,0,31 42 9,1,70,,283223,15,0,49 50 51,1,30,,283224,15,0,49 50 51,1,70,,283225,15,0,49 50 51,1,30,,283226,15,0,31 42 9,1,70,,283227,15,0,49 50 51,1,30,,283228,15,0,49 50 51,1,70,,283229,15,0,49 50 51,1,20,,283230,15,0,49 50 51,1,20,,283231,15,0,31 42 9,1,60,,283232,15,0,49 50 51,1,20,,283233,15,0,49 50 51,1,20,,283234,15,0,31 42 9,1,60,,283235,15,0,49 50 51,1,20,,283236,15,0,49 50 51,1,20,,283237,15,0,31 42 9,1,60,,283238,15,0,49 50 51,1,20,,283239,15,0,49 50 51,1,20,,283240,15,0,31 42 9,1,60,,283241,15,0,49 50 51,1,20,,283242,15,0,49 50 51,1,20,,283243,15,0,31 42 9,1,55,,283244,15,0,49 50 51,1,20,,283245,15,0,49 50 51,1,20,,283246,15,0,31 42 9,1,65,,283247,15,0,49 50 51,1,30,,283248,15,0,49 50 51,1,100,,283249,15,0,31 42 9,1,100,,283250,15,0,49 50 51,1,100,,283251,15,0,31 42 9,1,200,,283252,15,0,31 42 9,1
4000,'20261116',440,,283253,15,0,31 42 9,1,100,,283254,15,0,31 42 9,1,95,,283255,15,0,31 42 9,1,70,,283256,15,0,49 50 51,1,33,,283257,16,0,37 42 9,1,7,,283258,15,0,49 50 51,1,60,,283259,15,0,49 50 51,1,10,,283260,15,0,49 50 51,1,25,,283261,16,0,37 42 9,1,5,,283262,15,0,49 50 51,1,55,,283263,15,0,49 50 51,1,20,,283264,15,0,49 50 51,1,25,,283265,16,0,37 42 9,1,5,,283266,15,0,49 50 51,1,60,,283267,15,0,49 50 51,1,20,,283268,15,0,49 50 51,1,15,,283269,15,0,31 42 9,1,78,,283270,16,0,52 49 50 51,1,22,,283271,15,0,49 50 51,1,75,,283272,15,0,49 50 51,1,25,,283273,15,0,31 42 9,1,78,,283274,16,0,52 49 50 51,1,22,,283275,15,0,49 50 51,1,70,,283276,15,0,49 50 51,1,20,,283277,15,0,49 50 51,1,65,,283278,15,0,31 42 9,1,30,,283279,15,0,31 42 9,1,70,,283280,16,0,37 42 9,1,10,,283281,15,0,49 50 51,1,20,,283282,15,0,31 42 9,1,70,,283283,16,0,37 42 9,1,8,,283284,15,0,49 50 51,1,20,,283285,15,0,49 50 51,1,15,,283286,15,0,31 42 9,1,60,,283287,16,0,37 42 9,1,7,,283288,15,0,49 50 51,1,10,,283289,15,0,49 50 51,1,10,,283290,15,0,49 50 51,1,27,,283291,16,0,37 42 9,1,48,,283292,15,0,49 50 51,1,25,,283293,15,0,49 50 51,1,20,,283294,15,0,49 50 51,1,75,,283295,16,0,37 42 9,1,15,,283296,15,0,49 50 51,1,65,,283297,15,0,31 42 9,1,30,,283298,15,0,49 50 51,1,105,,283299,15,0,31 42 9,1,100,,283300,15,0,49 50 51,1,100,,283301,15,0,31 42 9,1,200,,283302,15,0,31 42 9,1
4000,'20261117',440,,283303,15,0,31 42 9,1,100,,283304,15,0,31 42 9,1,95,,283305,15,0,31 42 9,1,70,,283306,15,0,49 50 51,1,33,,283307,16,0,37 42 9,1,7,,283308,15,0,49 50 51,1,60,,283309,15,0,49 50 51,1,10,,283310,15,0,49 50 51,1,25,,283311,16,0,37 42 9,1,5,,283312,15,0,49 50 51,1,55,,283313,15,0,49 50 51,1,20,,283314,15,0,49 50 51,1,25,,283315,16,0,37 42 9,1,5,,283316,15,0,49 50 51,1,60,,283317,15,0,49 50 51,1,20,,283318,15,0,49 50 51,1,15,,283319,15,0,31 42 9,1,78,,283320,16,0,52 49 50 51,1,22,,283321,15,0,49 50 51,1,75,,283322,15,0,49 50 51,1,25,,283323,15,0,31 42 9,1,78,,283324,16,0,52 49 50 51,1,22,,283325,15,0,49 50 51,1,70,,283326,15,0,49 50 51,1,20,,283327,15,0,49 50 51,1,65,,283328,15,0,31 42 9,1,30,,283329,15,0,31 42 9,1,70,,283330,16,0,37 42 9,1,10,,283331,15,0,49 50 51,1,20,,283332,15,0,31 42 9,1,70,,283333,16,0,37 42 9,1,8,,283334,15,0,49 50 51,1,20,,283335,15,0,49 50 51,1,15,,283336,15,0,31 42 9,1,60,,283337,16,0,37 42 9,1,7,,283338,15,0,49 50 51,1,10,,283339,15,0,49 50 51,1,10,,283340,15,0,49 50 51,1,27,,283341,16,0,37 42 9,1,48,,283342,15,0,49 50 51,1,25,,283343,15,0,49 50 51,1,20,,283344,15,0,49 50 51,1,75,,283345,16,0,37 42 9,1,15,,283346,15,0,49 50 51,1,65,,283347,15,0,31 42 9,1,30,,283348,15,0,49 50 51,1,105,,283349,15,0,31 42 9,1,100,,283350,15,0,49 50 51,1,100,,283351,15,0,31 42 9,1,200,,283352,15,0,31 42 9,1
4000,'20261118',440,,283353,15,0,31 42 9,1,100,,283354,15,0,31 42 9,1,95,,283355,15,0,31 42 9,1,70,,283356,15,0,49 50 51,1,33,,283357,16,0,37 42 9,1,7,,283358,15,0,49 50 51,1,60,,283359,15,0,49 50 51,1,10,,283360,15,0,49 50 51,1,25,,283361,16,0,37 42 9,1,5,,283362,15,0,49 50 51,1,55,,283363,15,0,49 50 51,1,20,,283364,15,0,49 50 51,1,25,,283365,16,0,37 42 9,1,5,,283366,15,0,49 50 51,1,60,,283367,15,0,49 50 51,1,20,,283368,15,0,49 50 51,1,15,,283369,15,0,31 42 9,1,78,,283370,16,0,52 49 50 51,1,22,,283371,15,0,49 50 51,1,75,,283372,15,0,49 50 51,1,25,,283373,15,0,31 42 9,1,78,,283374,16,0,52 49 50 51,1,22,,283375,15,0,49 50 51,1,70,,283376,15,0,49 50 51,1,20,,283377,15,0,49 50 51,1,65,,283378,15,0,31 42 9,1,30,,283379,15,0,31 42 9,1,70,,283380,16,0,37 42 9,1,10,,283381,15,0,49 50 51,1,20,,283382,15,0,31 42 9,1,70,,283383,16,0,37 42 9,1,8,,283384,15,0,49 50 51,1,20,,283385,15,0,49 50 51,1,15,,283386,15,0,31 42 9,1,60,,283387,16,0,37 42 9,1,7,,283388,15,0,49 50 51,1,10,,283389,15,0,49 50 51,1,10,,283390,15,0,49 50 51,1,27,,283391,16,0,37 42 9,1,48,,283392,15,0,49 50 51,1,25,,283393,15,0,49 50 51,1,20,,283394,15,0,49 50 51,1,75,,283395,16,0,37 42 9,1,15,,283396,15,0,49 50 51,1,65,,283397,15,0,31 42 9,1,30,,283398,15,0,49 50 51,1,105,,283399,15,0,31 42 9,1,100,,283400,15,0,49 50 51,1,100,,283401,15,0,31 42 9,1,200,,283402,15,0,31 42 9,1
4000,'20261119',440,,283403,15,0,31 42 9,1,100,,283404,15,0,31 42 9,1,95,,283405,15,0,31 42 9,1,70,,283406,15,0,49 50 51,1,33,,283407,16,0,37 42 9,1,7,,283408,15,0,49 50 51,1,60,,283409,15,0,49 50 51,1,10,,283410,15,0,49 50 51,1,25,,283411,16,0,37 42 9,1,5,,283412,15,0,49 50 51,1,55,,283413,15,0,49 50 51,1,20,,283414,15,0,49 50 51,1,25,,283415,16,0,37 42 9,1,5,,283416,15,0,49 50 51,1,60,,283417,15,0,49 50 51,1,20,,283418,15,0,49 50 51,1,15,,283419,15,0,31 42 9,1,78,,283420,16,0,52 49 50 51,1,22,,283421,15,0,49 50 51,1,75,,283422,15,0,49 50 51,1,25,,283423,15,0,31 42 9,1,78,,283424,16,0,52 49 50 51,1,22,,283425,15,0,49 50 51,1,70,,283426,15,0,49 50 51,1,20,,283427,15,0,49 50 51,1,65,,283428,15,0,31 42 9,1,30,,283429,15,0,31 42 9,1,70,,283430,16,0,37 42 9,1,10,,283431,15,0,49 50 51,1,20,,283432,15,0,31 42 9,1,70,,283433,16,0,37 42 9,1,8,,283434,15,0,49 50 51,1,20,,283435,15,0,49 50 51,1,15,,283436,15,0,31 42 9,1,60,,283437,16,0,37 42 9,1,7,,283438,15,0,49 50 51,1,10,,283439,15,0,49 50 51,1,10,,283440,15,0,49 50 51,1,27,,283441,16,0,37 42 9,1,48,,283442,15,0,49 50 51,1,25,,283443,15,0,49 50 51,1,20,,283444,15,0,49 50 51,1,75,,283445,16,0,37 42 9,1,15,,283446,15,0,49 50 51,1,65,,283447,15,0,31 42 9,1,30,,283448,15,0,49 50 51,1,105,,283449,15,0,31 42 9,1,100,,283450,15,0,49 50 51,1,100,,283451,15,0,31 42 9,1,200,,283452,15,0,31 42 9,1
4000,'20261120',440,,283453,15,0,31 42 9,1,100,,283454,15,0,31 42 9,1,95,,283455,15,0,31 42 9,1,70,,283456,15,0,49 50 51,1,33,,283457,16,0,37 42 9,1,7,,283458,15,0,49 50 51,1,60,,283459,15,0,49 50 51,1,10,,283460,15,0,49 50 51,1,25,,283461,16,0,37 42 9,1,5,,283462,15,0,49 50 51,1,55,,283463,15,0,49 50 51,1,20,,283464,15,0,49 50 51,1,25,,283465,16,0,37 42 9,1,5,,283466,15,0,49 50 51,1,60,,283467,15,0,49 50 51,1,20,,283468,15,0,49 50 51,1,15,,283469,15,0,31 42 9,1,78,,283470,16,0,52 49 50 51,1,22,,283471,15,0,49 50 51,1,75,,283472,15,0,49 50 51,1,25,,283473,15,0,31 42 9,1,78,,283474,16,0,52 49 50 51,1,22,,283475,15,0,49 50 51,1,70,,283476,15,0,49 50 51,1,20,,283477,15,0,49 50 51,1,65,,283478,15,0,31 42 9,1,30,,283479,15,0,31 42 9,1,70,,283480,16,0,37 42 9,1,10,,283481,15,0,49 50 51,1,20,,283482,15,0,31 42 9,1,70,,283483,16,0,37 42 9,1,8,,283484,15,0,49 50 51,1,20,,283485,15,0,49 50 51,1,15,,283486,15,0,31 42 9,1,60,,283487,16,0,37 42 9,1,7,,283488,15,0,49 50 51,1,10,,283489,15,0,49 50 51,1,10,,283490,15,0,49 50 51,1,27,,283491,16,0,37 42 9,1,48,,283492,15,0,49 50 51,1,25,,283493,15,0,49 50 51,1,20,,283494,15,0,49 50 51,1,75,,283495,16,0,37 42 9,1,15,,283496,15,0,49 50 51,1,65,,283497,15,0,31 42 9,1,30,,283498,15,0,49 50 51,1,105,,283499,15,0,31 42 9,1,100,,283500,15,0,49 50 51,1,100,,283501,15,0,31 42 9,1,200,,283502,15,0,31 42 9,1
4000,'20261121',440,,283503,15,0,31 42 9,1,200,,283504,15,0,31 42 9,1,100,,283505,15,0,31 42 9,1,100,,283506,15,0,49 50 51,1,100,,283507,15,0,31 42 9,1,70,,283508,15,0,49 50 51,1,30,,283509,15,0,49 50 51,1,70,,283510,15,0,49 50 51,1,30,,283511,15,0,31 42 9,1,70,,283512,15,0,49 50 51,1,30,,283513,15,0,49 50 51,1,70,,283514,15,0,49 50 51,1,30,,283515,15,0,31 42 9,1,70,,283516,15,0,49 50 51,1,30,,283517,15,0,49 50 51,1,70,,283518,15,0,49 50 51,1,20,,283519,15,0,49 50 51,1,20,,283520,15,0,31 42 9,1,60,,283521,15,0,49 50 51,1,20,,283522,15,0,49 50 51,1,20,,283523,15,0,31 42 9,1,60,,283524,15,0,49 50 51,1,20,,283525,15,0,49 50 51,1,20,,283526,15,0,31 42 9,1,60,,283527,15,0,49 50 51,1,20,,283528,15,0,49 50 51,1,20,,283529,15,0,31 42 9,1,60,,283530,15,0,49 50 51,1,20,,283531,15,0,49 50 51,1,20,,283532,15,0,31 42 9,1,55,,283533,15,0,49 50 51,1,20,,283534,15,0,49 50 51,1,20,,283535,15,0,31 42 9,1,65,,283536,15,0,49 50 51,1,30,,283537,15,0,49 50 51,1,100,,283538,15,0,31 42 9,1,100,,283539,15,0,49 50 51,1,100,,283540,15,0,31 42 9,1,200,,283541,15,0,31 42 9,1
4000,'20261122',440,,283542,15,0,31 42 9,1,200,,283543,15,0,31 42 9,1,100,,283544,15,0,31 42 9,1,100,,283545,15,0,49 50 51,1,100,,283546,15,0,31 42 9,1,70,,283547,15,0,49 50 51,1,30,,283548,15,0,49 50 51,1,70,,283549,15,0,49 50 51,1,30,,283550,15,0,31 42 9,1,70,,283551,15,0,49 50 51,1,30,,283552,15,0,49 50 51,1,70,,283553,15,0,49 50 51,1,30,,283554,15,0,31 42 9,1,70,,283555,15,0,49 50 51,1,30,,283556,15,0,49 50 51,1,70,,283557,15,0,49 50 51,1,20,,283558,15,0,49 50 51,1,20,,283559,15,0,31 42 9,1,60,,283560,15,0,49 50 51,1,20,,283561,15,0,49 50 51,1,20,,283562,15,0,31 42 9,1,60,,283563,15,0,49 50 51,1,20,,283564,15,0,49 50 51,1,20,,283565,15,0,31 42 9,1,60,,283566,15,0,49 50 51,1,20,,283567,15,0,49 50 51,1,20,,283568,15,0,31 42 9,1,60,,283569,15,0,49 50 51,1,20,,283570,15,0,49 50 51,1,20,,283571,15,0,31 42 9,1,55,,283572,15,0,49 50 51,1,20,,283573,15,0,49 50 51,1,20,,283574,15,0,31 42 9,1,65,,283575,15,0,49 50 51,1,30,,283576,15,0,49 50 51,1,100,,283577,15,0,31 42 9,1,100,,283578,15,0,49 50 51,1,100,,283579,15,0,31 42 9,1,200,,283580,15,0,31 42 9,1
4000,'20261123',440,,283581,15,0,31 42 9,1,100,,283582,15,0,31 42 9,1,95,,283583,15,0,31 42 9,1,70,,283584,15,0,49 50 51,1,33,,283585,16,0,37 42 9,1,7,,283586,15,0,49 50 51,1,60,,283587,15,0,49 50 51,1,10,,283588,15,0,49 50 51,1,25,,283589,16,0,37 42 9,1,5,,283590,15,0,49 50 51,1,55,,283591,15,0,49 50 51,1,20,,283592,15,0,49 50 51,1,25,,283593,16,0,37 42 9,1,5,,283594,15,0,49 50 51,1,60,,283595,15,0,49 50 51,1,20,,283596,15,0,49 50 51,1,15,,283597,15,0,31 42 9,1,78,,283598,16,0,52 49 50 51,1,22,,283599,15,0,49 50 51,1,75,,283600,15,0,49 50 51,1,25,,283601,15,0,31 42 9,1,78,,283602,16,0,52 49 50 51,1,22,,283603,15,0,49 50 51,1,70,,283604,15,0,49 50 51,1,20,,283605,15,0,49 50 51,1,65,,283606,15,0,31 42 9,1,30,,283607,15,0,31 42 9,1,70,,283608,16,0,37 42 9,1,10,,283609,15,0,49 50 51,1,20,,283610,15,0,31 42 9,1,70,,283611,16,0,37 42 9,1,8,,283612,15,0,49 50 51,1,20,,283613,15,0,49 50 51,1,15,,283614,15,0,31 42 9,1,60,,283615,16,0,37 42 9,1,7,,283616,15,0,49 50 51,1,10,,283617,15,0,49 50 51,1,10,,283618,15,0,49 50 51,1,27,,283619,16,0,37 42 9,1,48,,283620,15,0,49 50 51,1,25,,283621,15,0,49 50 51,1,20,,283622,15,0,49 50 51,1,75,,283623,16,0,37 42 9,1,15,,283624,15,0,49 50 51,1,65,,283625,15,0,31 42 9,1,30,,283626,15,0,49 50 51,1,105,,283627,15,0,31 42 9,1,100,,283628,15,0,49 50 51,1,100,,283629,15,0,31 42 9,1,200,,283630,15,0,31 42 9,1
4000,'20261124',440,,283631,15,0,31 42 9,1,100,,283632,15,0,31 42 9,1,95,,283633,15,0,31 42 9,1,70,,283634,15,0,49 50 51,1,33,,283635,16,0,37 42 9,1,7,,283636,15,0,49 50 51,1,60,,283637,15,0,49 50 51,1,10,,283638,15,0,49 50 51,1,25,,283639,16,0,37 42 9,1,5,,283640,15,0,49 50 51,1,55,,283641,15,0,49 50 51,1,20,,283642,15,0,49 50 51,1,25,,283643,16,0,37 42 9,1,5,,283644,15,0,49 50 51,1,60,,283645,15,0,49 50 51,1,20,,283646,15,0,49 50 51,1,15,,283647,15,0,31 42 9,1,78,,283648,16,0,52 49 50 51,1,22,,283649,15,0,49 50 51,1,75,,283650,15,0,49 50 51,1,25,,283651,15,0,31 42 9,1,78,,283652,16,0,52 49 50 51,1,22,,283653,15,0,49 50 51,1,70,,283654,15,0,49 50 51,1,20,,283655,15,0,49 50 51,1,65,,283656,15,0,31 42 9,1,30,,283657,15,0,31 42 9,1,70,,283658,16,0,37 42 9,1,10,,283659,15,0,49 50 51,1,20,,283660,15,0,31 42 9,1,70,,283661,16,0,37 42 9,1,8,,283662,15,0,49 50 51,1,20,,283663,15,0,49 50 51,1,15,,283664,15,0,31 42 9,1,60,,283665,16,0,37 42 9,1,7,,283666,15,0,49 50 51,1,10,,283667,15,0,49 50 51,1,10,,283668,15,0,49 50 51,1,27,,283669,16,0,37 42 9,1,48,,283670,15,0,49 50 51,1,25,,283671,15,0,49 50 51,1,20,,283672,15,0,49 50 51,1,75,,283673,16,0,37 42 9,1,15,,283674,15,0,49 50 51,1,65,,283675,15,0,31 42 9,1,30,,283676,15,0,49 50 51,1,105,,283677,15,0,31 42 9,1,100,,283678,15,0,49 50 51,1,100,,283679,15,0,31 42 9,1,200,,283680,15,0,31 42 9,1
4000,'20261125',440,,283681,15,0,31 42 9,1,100,,283682,15,0,31 42 9,1,95,,283683,15,0,31 42 9,1,70,,283684,15,0,49 50 51,1,33,,283685,16,0,37 42 9,1,7,,283686,15,0,49 50 51,1,60,,283687,15,0,49 50 51,1,10,,283688,15,0,49 50 51,1,25,,283689,16,0,37 42 9,1,5,,283690,15,0,49 50 51,1,55,,283691,15,0,49 50 51,1,20,,283692,15,0,49 50 51,1,25,,283693,16,0,37 42 9,1,5,,283694,15,0,49 50 51,1,60,,283695,15,0,49 50 51,1,20,,283696,15,0,49 50 51,1,15,,283697,15,0,31 42 9,1,78,,283698,16,0,52 49 50 51,1,22,,283699,15,0,49 50 51,1,75,,283700,15,0,49 50 51,1,25,,283701,15,0,31 42 9,1,78,,283702,16,0,52 49 50 51,1,22,,283703,15,0,49 50 51,1,70,,283704,15,0,49 50 51,1,20,,283705,15,0,49 50 51,1,65,,283706,15,0,31 42 9,1,30,,283707,15,0,31 42 9,1,70,,283708,16,0,37 42 9,1,10,,283709,15,0,49 50 51,1,20,,283710,15,0,31 42 9,1,70,,283711,16,0,37 42 9,1,8,,283712,15,0,49 50 51,1,20,,283713,15,0,49 50 51,1,15,,283714,15,0,31 42 9,1,60,,283715,16,0,37 42 9,1,7,,283716,15,0,49 50 51,1,10,,283717,15,0,49 50 51,1,10,,283718,15,0,49 50 51,1,27,,283719,16,0,37 42 9,1,48,,283720,15,0,49 50 51,1,25,,283721,15,0,49 50 51,1,20,,283722,15,0,49 50 51,1,75,,283723,16,0,37 42 9,1,15,,283724,15,0,49 50 51,1,65,,283725,15,0,31 42 9,1,30,,283726,15,0,49 50 51,1,105,,283727,15,0,31 42 9,1,100,,283728,15,0,49 50 51,1,100,,283729,15,0,31 42 9,1,200,,283730,15,0,31 42 9,1
4000,'20261126',440,,283731,15,0,31 42 9,1,100,,283732,15,0,31 42 9,1,95,,283733,15,0,31 42 9,1,70,,283734,15,0,49 50 51,1,33,,283735,16,0,37 42 9,1,7,,283736,15,0,49 50 51,1,60,,283737,15,0,49 50 51,1,10,,283738,15,0,49 50 51,1,25,,283739,16,0,37 42 9,1,5,,283740,15,0,49 50 51,1,55,,283741,15,0,49 50 51,1,20,,283742,15,0,49 50 51,1,25,,283743,16,0,37 42 9,1,5,,283744,15,0,49 50 51,1,60,,283745,15,0,49 50 51,1,20,,283746,15,0,49 50 51,1,15,,283747,15,0,31 42 9,1,78,,283748,16,0,52 49 50 51,1,22,,283749,15,0,49 50 51,1,75,,283750,15,0,49 50 51,1,25,,283751,15,0,31 42 9,1,78,,283752,16,0,52 49 50 51,1,22,,283753,15,0,49 50 51,1,70,,283754,15,0,49 50 51,1,20,,283755,15,0,49 50 51,1,65,,283756,15,0,31 42 9,1,30,,283757,15,0,31 42 9,1,70,,283758,16,0,37 42 9,1,10,,283759,15,0,49 50 51,1,20,,283760,15,0,31 42 9,1,70,,283761,16,0,37 42 9,1,8,,283762,15,0,49 50 51,1,20,,283763,15,0,49 50 51,1,15,,283764,15,0,31 42 9,1,60,,283765,16,0,37 42 9,1,7,,283766,15,0,49 50 51,1,10,,283767,15,0,49 50 51,1,10,,283768,15,0,49 50 51,1,27,,283769,16,0,37 42 9,1,48,,283770,15,0,49 50 51,1,25,,283771,15,0,49 50 51,1,20,,283772,15,0,49 50 51,1,75,,283773,16,0,37 42 9,1,15,,283774,15,0,49 50 51,1,65,,283775,15,0,31 42 9,1,30,,283776,15,0,49 50 51,1,105,,283777,15,0,31 42 9,1,100,,283778,15,0,49 50 51,1,100,,283779,15,0,31 42 9,1,200,,283780,15,0,31 42 9,1
4000,'20261127',440,,283781,15,0,31 42 9,1,100,,283782,15,0,31 42 9,1,95,,283783,15,0,31 42 9,1,70,,283784,15,0,49 50 51,1,33,,283785,16,0,37 42 9,1,7,,283786,15,0,49 50 51,1,60,,283787,15,0,49 50 51,1,10,,283788,15,0,49 50 51,1,25,,283789,16,0,37 42 9,1,5,,283790,15,0,49 50 51,1,55,,283791,15,0,49 50 51,1,20,,283792,15,0,49 50 51,1,25,,283793,16,0,37 42 9,1,5,,283794,15,0,49 50 51,1,60,,283795,15,0,49 50 51,1,20,,283796,15,0,49 50 51,1,15,,283797,15,0,31 42 9,1,78,,283798,16,0,52 49 50 51,1,22,,283799,15,0,49 50 51,1,75,,283800,15,0,49 50 51,1,25,,283801,15,0,31 42 9,1,78,,283802,16,0,52 49 50 51,1,22,,283803,15,0,49 50 51,1,70,,283804,15,0,49 50 51,1,20,,283805,15,0,49 50 51,1,65,,283806,15,0,31 42 9,1,30,,283807,15,0,31 42 9,1,70,,283808,16,0,37 42 9,1,10,,283809,15,0,49 50 51,1,20,,283810,15,0,31 42 9,1,70,,283811,16,0,37 42 9,1,8,,283812,15,0,49 50 51,1,20,,283813,15,0,49 50 51,1,15,,283814,15,0,31 42 9,1,60,,283815,16,0,37 42 9,1,7,,283816,15,0,49 50 51,1,10,,283817,15,0,49 50 51,1,10,,283818,15,0,49 50 51,1,27,,283819,16,0,37 42 9,1,48,,283820,15,0,49 50 51,1,25,,283821,15,0,49 50 51,1,20,,283822,15,0,49 50 51,1,75,,283823,16,0,37 42 9,1,15,,283824,15,0,49 50 51,1,65,,283825,15,0,31 42 9,1,30,,283826,15,0,49 50 51,1,105,,283827,15,0,31 42 9,1,100,,283828,15,0,49 50 51,1,100,,283829,15,0,31 42 9,1,200,,283830,15,0,31 42 9,1
4001,'20260831',418,,184398,6,0,31 38 9,1,100,,184399,6,0,31 38 9,1,30,,184400,3,,,1,70,,184401,6,0,31 38 9,1,15,,184402,3,,,1,10,,184403,3,,,1,15,,184404,3,,,1,55,,184405,3,,,1,10,,184406,6,0,37 38 9,1,10,,184407,3,,,1,25,,184408,3,,,1,60,,184409,6,0,37 38 9,1,10,,184410,3,,,1,30,,184411,3,,,1,60,,184412,6,0,37 38 9,1,35,,184413,6,0,31 38 9,1,65,,184414,3,,,1,35,,184415,6,0,31 38 9,1,55,,184416,3,0,52 38 9,1,40,,184417,6,0,31 38 9,1,70,,184418,3,,,1,30,,184419,3,,,1,60,,184420,3,0,52 38 9,1,30,,184421,3,,,1,20,,184422,6,0,31 38 9,1,60,,184423,3,,,1,20,,184424,3,,,1,65,,184425,3,,,1,15,,184426,3,0,52 38 9,1,5,,184427,6,0,31 38 9,1,25,,184428,3,,,1,55,,184429,3,,,1,10,,184430,3,,,1,5,,184431,6,0,37 38 9,1,20,,184432,3,,,1,15,,184433,3,,,1,55,,184434,3,,,1,10,,184435,6,0,37 38 9,1,5,,184436,3,,,1,25,,184437,3,,,1,55,,184438,3,,,1,15,,184439,6,0,37 38 9,1,30,,184440,3,,,1,70,,184441,3,,,1,30,,184442,6,0,37 38 9,1,70,,184443,3,,,1,100,,184444,3,,,1,100,,184445,6,0,31 38 9,1,100,,184446,3,,,1,100,,184447,6,0,31 38 9,1,200,,184448,6,0,31 38 9,1
4001,'20260901',418,,184449,6,0,31 38 9,1,100,,184450,6,0,31 38 9,1,30,,184451,3,,,1,70,,184452,6,0,31 38 9,1,15,,184453,3,,,1,10,,184454,3,,,1,15,,184455,3,,,1,55,,184456,3,,,1,10,,184457,6,0,37 38 9,1,10,,184458,3,,,1,25,,184459,3,,,1,60,,184460,6,0,37 38 9,1,10,,184461,3,,,1,30,,184462,3,,,1,60,,184463,6,0,37 38 9,1,35,,184464,6,0,31 38 9,1,65,,184465,3,,,1,35,,184466,6,0,31 38 9,1,55,,184467,3,0,52 38 9,1,40,,184468,6,0,31 38 9,1,70,,184469,3,,,1,30,,184470,3,,,1,60,,184471,3,0,52 38 9,1,30,,184472,3,,,1,20,,184473,6,0,31 38 9,1,60,,184474,3,,,1,20,,184475,3,,,1,65,,184476,3,,,1,15,,184477,3,0,52 38 9,1,5,,184478,6,0,31 38 9,1,25,,184479,3,,,1,55,,184480,3,,,1,10,,184481,3,,,1,5,,184482,6,0,37 38 9,1,20,,184483,3,,,1,15,,184484,3,,,1,55,,184485,3,,,1,10,,184486,6,0,37 38 9,1,5,,184487,3,,,1,25,,184488,3,,,1,55,,184489,3,,,1,15,,184490,6,0,37 38 9,1,30,,184491,3,,,1,70,,184492,3,,,1,30,,184493,6,0,37 38 9,1,70,,184494,3,,,1,100,,184495,3,,,1,100,,184496,6,0,31 38 9,1,100,,184497,3,,,1,100,,184498,6,0,31 38 9,1,200,,184499,6,0,31 38 9,1
4001,'20260902',418,,184500,6,0,31 38 9,1,100,,184501,6,0,31 38 9,1,30,,184502,3,,,1,70,,184503,6,0,31 38 9,1,15,,184504,3,,,1,10,,184505,3,,,1,15,,184506,3,,,1,55,,184507,3,,,1,10,,184508,6,0,37 38 9,1,10,,184509,3,,,1,25,,184510,3,,,1,60,,184511,6,0,37 38 9,1,10,,184512,3,,,1,30,,184513,3,,,1,60,,184514,6,0,37 38 9,1,35,,184515,6,0,31 38 9,1,65,,184516,3,,,1,35,,184517,6,0,31 38 9,1,55,,184518,3,0,52 38 9,1,40,,184519,6,0,31 38 9,1,70,,184520,3,,,1,30,,184521,3,,,1,60,,184522,3,0,52 38 9,1,30,,184523,3,,,1,20,,184524,6,0,31 38 9,1,60,,184525,3,,,1,20,,184526,3,,,1,65,,184527,3,,,1,15,,184528,3,0,52 38 9,1,5,,184529,6,0,31 38 9,1,25,,184530,3,,,1,55,,184531,3,,,1,10,,184532,3,,,1,5,,184533,6,0,37 38 9,1,20,,184534,3,,,1,15,,184535,3,,,1,55,,184536,3,,,1,10,,184537,6,0,37 38 9,1,5,,184538,3,,,1,25,,184539,3,,,1,55,,184540,3,,,1,15,,184541,6,0,37 38 9,1,30,,184542,3,,,1,70,,184543,3,,,1,30,,184544,6,0,37 38 9,1,70,,184545,3,,,1,100,,184546,3,,,1,100,,184547,6,0,31 38 9,1,100,,184548,3,,,1,100,,184549,6,0,31 38 9,1,200,,184550,6,0,31 38 9,1
4001,'20260903',418,,184551,6,0,31 38 9,1,100,,184552,6,0,31 38 9,1,30,,184553,3,,,1,70,,184554,6,0,31 38 9,1,15,,184555,3,,,1,10,,184556,3,,,1,15,,184557,3,,,1,55,,184558,3,,,1,10,,184559,6,0,37 38 9,1,10,,184560,3,,,1,25,,184561,3,,,1,60,,184562,6,0,37 38 9,1,10,,184563,3,,,1,30,,184564,3,,,1,60,,184565,6,0,37 38 9,1,35,,184566,6,0,31 38 9,1,65,,184567,3,,,1,35,,184568,6,0,31 38 9,1,55,,184569,3,0,52 38 9,1,40,,184570,6,0,31 38 9,1,70,,184571,3,,,1,30,,184572,3,,,1,60,,184573,3,0,52 38 9,1,30,,184574,3,,,1,20,,184575,6,0,31 38 9,1,60,,184576,3,,,1,20,,184577,3,,,1,65,,184578,3,,,1,15,,184579,3,0,52 38 9,1,5,,184580,6,0,31 38 9,1,25,,184581,3,,,1,55,,184582,3,,,1,10,,184583,3,,,1,5,,184584,6,0,37 38 9,1,20,,184585,3,,,1,15,,184586,3,,,1,55,,184587,3,,,1,10,,184588,6,0,37 38 9,1,5,,184589,3,,,1,25,,184590,3,,,1,55,,184591,3,,,1,15,,184592,6,0,37 38 9,1,30,,184593,3,,,1,70,,184594,3,,,1,30,,184595,6,0,37 38 9,1,70,,184596,3,,,1,100,,184597,3,,,1,100,,184598,6,0,31 38 9,1,100,,184599,3,,,1,100,,184600,6,0,31 38 9,1,200,,184601,6,0,31 38 9,1
4001,'20260904',418,,184602,6,0,31 38 9,1,100,,184603,6,0,31 38 9,1,30,,184604,3,,,1,70,,184605,6,0,31 38 9,1,15,,184606,3,,,1,10,,184607,3,,,1,15,,184608,3,,,1,55,,184609,3,,,1,10,,184610,6,0,37 38 9,1,10,,184611,3,,,1,25,,184612,3,,,1,60,,184613,6,0,37 38 9,1,10,,184614,3,,,1,30,,184615,3,,,1,60,,184616,6,0,37 38 9,1,35,,184617,6,0,31 38 9,1,65,,184618,3,,,1,35,,184619,6,0,31 38 9,1,55,,184620,3,0,52 38 9,1,40,,184621,6,0,31 38 9,1,70,,184622,3,,,1,30,,184623,3,,,1,60,,184624,3,0,52 38 9,1,30,,184625,3,,,1,20,,184626,6,0,31 38 9,1,60,,184627,3,,,1,20,,184628,3,,,1,65,,184629,3,,,1,15,,184630,3,0,52 38 9,1,5,,184631,6,0,31 38 9,1,25,,184632,3,,,1,55,,184633,3,,,1,10,,184634,3,,,1,5,,184635,6,0,37 38 9,1,20,,184636,3,,,1,15,,184637,3,,,1,55,,184638,3,,,1,10,,184639,6,0,37 38 9,1,5,,184640,3,,,1,25,,184641,3,,,1,55,,184642,3,,,1,15,,184643,6,0,37 38 9,1,30,,184644,3,,,1,70,,184645,3,,,1,30,,184646,6,0,37 38 9,1,70,,184647,3,,,1,100,,184648,3,,,1,100,,184649,6,0,31 38 9,1,100,,184650,3,,,1,100,,184651,6,0,31 38 9,1,200,,184652,6,0,31 38 9,1
4001,'20260905',418,,283831,6,0,31 38 9,1,200,,283832,6,0,31 38 9,1,100,,283833,3,,,1,30,,283834,3,,,1,70,,283835,6,0,31 38 9,1,30,,283836,3,,,1,70,,283837,6,0,31 38 9,1,30,,283838,3,,,1,70,,283839,6,0,31 38 9,1,30,,283840,3,,,1,70,,283841,6,0,31 38 9,1,30,,283842,3,,,1,70,,283843,6,0,31 38 9,1,30,,283844,3,,,1,70,,283845,6,0,31 38 9,1,30,,283846,3,,,1,70,,283847,3,,,1,20,,283848,3,,,1,20,,283849,3,,,1,60,,283850,6,0,31 38 9,1,20,,283851,3,,,1,20,,283852,3,,,1,60,,283853,3,,,1,20,,283854,3,,,1,20,,283855,3,,,1,60,,283856,6,0,31 38 9,1,20,,283857,3,,,1,20,,283858,3,,,1,60,,283859,6,0,31 38 9,1,20,,283860,3,,,1,20,,283861,3,,,1,60,,283862,3,,,1,30,,283863,3,,,1,70,,283864,6,0,31 38 9,1,100,,283865,3,,,1,100,,283866,6,0,31 38 9,1,100,,283867,3,,,1,100,,283868,6,0,31 38 9,1,200,,283869,6,0,31 38 9,1
4001,'20260906',418,,283870,6,0,31 38 9,1,200,,283871,6,0,31 38 9,1,100,,283872,3,,,1,30,,283873,3,,,1,70,,283874,6,0,31 38 9,1,30,,283875,3,,,1,70,,283876,6,0,31 38 9,1,30,,283877,3,,,1,70,,283878,6,0,31 38 9,1,30,,283879,3,,,1,70,,283880,6,0,31 38 9,1,30,,283881,3,,,1,70,,283882,6,0,31 38 9,1,30,,283883,3,,,1,70,,283884,6,0,31 38 9,1,30,,283885,3,,,1,70,,283886,3,,,1,20,,283887,3,,,1,20,,283888,3,,,1,60,,283889,6,0,31 38 9,1,20,,283890,3,,,1,20,,283891,3,,,1,60,,283892,3,,,1,20,,283893,3,,,1,20,,283894,3,,,1,60,,283895,6,0,31 38 9,1,20,,283896,3,,,1,20,,283897,3,,,1,60,,283898,6,0,31 38 9,1,20,,283899,3,,,1,20,,283900,3,,,1,60,,283901,3,,,1,30,,283902,3,,,1,70,,283903,6,0,31 38 9,1,100,,283904,3,,,1,100,,283905,6,0,31 38 9,1,100,,283906,3,,,1,100,,283907,6,0,31 38 9,1,200,,283908,6,0,31 38 9,1
4001,'20260907',418,,283909,6,0,31 38 9,1,200,,283910,6,0,31 38 9,1,100,,283911,3,,,1,30,,283912,3,,,1,70,,283913,6,0,31 38 9,1,30,,283914,3,,,1,70,,283915,6,0,31 38 9,1,30,,283916,3,,,1,70,,283917,6,0,31 38 9,1,30,,283918,3,,,1,70,,283919,6,0,31 38 9,1,30,,283920,3,,,1,70,,283921,6,0,31 38 9,1,30,,283922,3,,,1,70,,283923,6,0,31 38 9,1,30,,283924,3,,,1,70,,283925,3,,,1,20,,283926,3,,,1,20,,283927,3,,,1,60,,283928,6,0,31 38 9,1,20,,283929,3,,,1,20,,283930,3,,,1,60,,283931,3,,,1,20,,283932,3,,,1,20,,283933,3,,,1,60,,283934,6,0,31 38 9,1,20,,283935,3,,,1,20,,283936,3,,,1,60,,283937,6,0,31 38 9,1,20,,283938,3,,,1,20,,283939,3,,,1,60,,283940,3,,,1,30,,283941,3,,,1,70,,283942,6,0,31 38 9,1,100,,283943,3,,,1,100,,283944,6,0,31 38 9,1,100,,283945,3,,,1,100,,283946,6,0,31 38 9,1,200,,283947,6,0,31 38 9,1
4001,'20260908',418,,283948,6,0,31 38 9,1,100,,283949,6,0,31 38 9,1,30,,283950,3,,,1,70,,283951,6,0,31 38 9,1,15,,283952,3,,,1,15,,283953,3,,,1,55,,283954,3,,,1,15,,283955,3,,,1,5,,283956,6,0,37 38 9,1,20,,283957,3,,,1,65,,283958,3,,,1,10,,283959,6,0,37 38 9,1,20,,283960,3,,,1,20,,283961,3,,,1,60,,283962,6,0,37 38 9,1,35,,283963,6,0,31 38 9,1,65,,283964,3,,,1,35,,283965,6,0,31 38 9,1,55,,283966,3,0,52 38 9,1,35,,283967,6,0,31 38 9,1,75,,283968,3,,,1,30,,283969,3,,,1,60,,283970,3,0,52 38 9,1,30,,283971,3,,,1,20,,283972,6,0,31 38 9,1,60,,283973,3,,,1,20,,283974,3,,,1,20,,283975,3,,,1,60,,283976,3,0,52 38 9,1,5,,283977,6,0,31 38 9,1,25,,283978,3,,,1,55,,283979,3,,,1,10,,283980,3,,,1,5,,283981,6,0,37 38 9,1,20,,283982,3,,,1,15,,283983,3,,,1,55,,283984,3,,,1,10,,283985,6,0,37 38 9,1,5,,283986,3,,,1,25,,283987,3,,,1,55,,283988,3,,,1,10,,283989,6,0,37 38 9,1,35,,283990,3,,,1,70,,283991,3,,,1,30,,283992,6,0,37 38 9,1,70,,283993,3,,,1,100,,283994,3,,,1,100,,283995,6,0,31 38 9,1,100,,283996,3,,,1,100,,283997,6,0,31 38 9,1,200,,283998,6,0,31 38 9,1
4001,'20260909',418,,283999,6,0,31 38 9,1,100,,284000,6,0,31 38 9,1,30,,284001,3,,,1,70,,284002,6,0,31 38 9,1,15,,284003,3,,,1,15,,284004,3,,,1,55,,284005,3,,,1,15,,284006,3,,,1,5,,284007,6,0,37 38 9,1,20,,284008,3,,,1,65,,284009,3,,,1,10,,284010,6,0,37 38 9,1,20,,284011,3,,,1,20,,284012,3,,,1,60,,284013,6,0,37 38 9,1,35,,284014,6,0,31 38 9,1,65,,284015,3,,,1,35,,284016,6,0,31 38 9,1,55,,284017,3,0,52 38 9,1,35,,284018,6,0,31 38 9,1,75,,284019,3,,,1,30,,284020,3,,,1,60,,284021,3,0,52 38 9,1,30,,284022,3,,,1,20,,284023,6,0,31 38 9,1,60,,284024,3,,,1,20,,284025,3,,,1,20,,284026,3,,,1,60,,284027,3,0,52 38 9,1,5,,284028,6,0,31 38 9,1,25,,284029,3,,,1,55,,284030,3,,,1,10,,284031,3,,,1,5,,284032,6,0,37 38 9,1,20,,284033,3,,,1,15,,284034,3,,,1,55,,284035,3,,,1,10,,284036,6,0,37 38 9,1,5,,284037,3,,,1,25,,284038,3,,,1,55,,284039,3,,,1,10,,284040,6,0,37 38 9,1,35,,284041,3,,,1,70,,284042,3,,,1,30,,284043,6,0,37 38 9,1,70,,284044,3,,,1,100,,284045,3,,,1,100,,284046,6,0,31 38 9,1,100,,284047,3,,,1,100,,284048,6,0,31 38 9,1,200,,284049,6,0,31 38 9,1
4001,'20260910',418,,284050,6,0,31 38 9,1,100,,284051,6,0,31 38 9,1,30,,284052,3,,,1,70,,284053,6,0,31 38 9,1,15,,284054,3,,,1,15,,284055,3,,,1,55,,284056,3,,,1,15,,284057,3,,,1,5,,284058,6,0,37 38 9,1,20,,284059,3,,,1,65,,284060,3,,,1,10,,284061,6,0,37 38 9,1,20,,284062,3,,,1,20,,284063,3,,,1,60,,284064,6,0,37 38 9,1,35,,284065,6,0,31 38 9,1,65,,284066,3,,,1,35,,284067,6,0,31 38 9,1,55,,284068,3,0,52 38 9,1,35,,284069,6,0,31 38 9,1,75,,284070,3,,,1,30,,284071,3,,,1,60,,284072,3,0,52 38 9,1,30,,284073,3,,,1,20,,284074,6,0,31 38 9,1,60,,284075,3,,,1,20,,284076,3,,,1,20,,284077,3,,,1,60,,284078,3,0,52 38 9,1,5,,284079,6,0,31 38 9,1,25,,284080,3,,,1,55,,284081,3,,,1,10,,284082,3,,,1,5,,284083,6,0,37 38 9,1,20,,284084,3,,,1,15,,284085,3,,,1,55,,284086,3,,,1,10,,284087,6,0,37 38 9,1,5,,284088,3,,,1,25,,284089,3,,,1,55,,284090,3,,,1,10,,284091,6,0,37 38 9,1,35,,284092,3,,,1,70,,284093,3,,,1,30,,284094,6,0,37 38 9,1,70,,284095,3,,,1,100,,284096,3,,,1,100,,284097,6,0,31 38 9,1,100,,284098,3,,,1,100,,284099,6,0,31 38 9,1,200,,284100,6,0,31 38 9,1
4001,'20260911',418,,284101,6,0,31 38 9,1,100,,284102,6,0,31 38 9,1,30,,284103,3,,,1,70,,284104,6,0,31 38 9,1,15,,284105,3,,,1,15,,284106,3,,,1,55,,284107,3,,,1,15,,284108,3,,,1,5,,284109,6,0,37 38 9,1,20,,284110,3,,,1,65,,284111,3,,,1,10,,284112,6,0,37 38 9,1,20,,284113,3,,,1,20,,284114,3,,,1,60,,284115,6,0,37 38 9,1,35,,284116,6,0,31 38 9,1,65,,284117,3,,,1,35,,284118,6,0,31 38 9,1,55,,284119,3,0,52 38 9,1,35,,284120,6,0,31 38 9,1,75,,284121,3,,,1,30,,284122,3,,,1,60,,284123,3,0,52 38 9,1,30,,284124,3,,,1,20,,284125,6,0,31 38 9,1,60,,284126,3,,,1,20,,284127,3,,,1,20,,284128,3,,,1,60,,284129,3,0,52 38 9,1,5,,284130,6,0,31 38 9,1,25,,284131,3,,,1,55,,284132,3,,,1,10,,284133,3,,,1,5,,284134,6,0,37 38 9,1,20,,284135,3,,,1,15,,284136,3,,,1,55,,284137,3,,,1,10,,284138,6,0,37 38 9,1,5,,284139,3,,,1,25,,284140,3,,,1,55,,284141,3,,,1,10,,284142,6,0,37 38 9,1,35,,284143,3,,,1,70,,284144,3,,,1,30,,284145,6,0,37 38 9,1,70,,284146,3,,,1,100,,284147,3,,,1,100,,284148,6,0,31 38 9,1,100,,284149,3,,,1,100,,284150,6,0,31 38 9,1,200,,284151,6,0,31 38 9,1
4001,'20260912',418,,284152,6,0,31 38 9,1,200,,284153,6,0,31 38 9,1,100,,284154,3,,,1,30,,284155,3,,,1,70,,284156,6,0,31 38 9,1,30,,284157,3,,,1,70,,284158,6,0,31 38 9,1,30,,284159,3,,,1,70,,284160,6,0,31 38 9,1,30,,284161,3,,,1,70,,284162,6,0,31 38 9,1,30,,284163,3,,,1,70,,284164,6,0,31 38 9,1,30,,284165,3,,,1,70,,284166,6,0,31 38 9,1,30,,284167,3,,,1,70,,284168,3,,,1,20,,284169,3,,,1,20,,284170,3,,,1,60,,284171,6,0,31 38 9,1,20,,284172,3,,,1,20,,284173,3,,,1,60,,284174,3,,,1,20,,284175,3,,,1,20,,284176,3,,,1,60,,284177,6,0,31 38 9,1,20,,284178,3,,,1,20,,284179,3,,,1,60,,284180,6,0,31 38 9,1,20,,284181,3,,,1,20,,284182,3,,,1,60,,284183,3,,,1,30,,284184,3,,,1,70,,284185,6,0,31 38 9,1,100,,284186,3,,,1,100,,284187,6,0,31 38 9,1,100,,284188,3,,,1,100,,284189,6,0,31 38 9,1,200,,284190,6,0,31 38 9,1
4001,'20260913',418,,284191,6,0,31 38 9,1,200,,284192,6,0,31 38 9,1,100,,284193,3,,,1,30,,284194,3,,,1,70,,284195,6,0,31 38 9,1,30,,284196,3,,,1,70,,284197,6,0,31 38 9,1,30,,284198,3,,,1,70,,284199,6,0,31 38 9,1,30,,284200,3,,,1,70,,284201,6,0,31 38 9,1,30,,284202,3,,,1,70,,284203,6,0,31 38 9,1,30,,284204,3,,,1,70,,284205,6,0,31 38 9,1,30,,284206,3,,,1,70,,284207,3,,,1,20,,284208,3,,,1,20,,284209,3,,,1,60,,284210,6,0,31 38 9,1,20,,284211,3,,,1,20,,284212,3,,,1,60,,284213,3,,,1,20,,284214,3,,,1,20,,284215,3,,,1,60,,284216,6,0,31 38 9,1,20,,284217,3,,,1,20,,284218,3,,,1,60,,284219,6,0,31 38 9,1,20,,284220,3,,,1,20,,284221,3,,,1,60,,284222,3,,,1,30,,284223,3,,,1,70,,284224,6,0,31 38 9,1,100,,284225,3,,,1,100,,284226,6,0,31 38 9,1,100,,284227,3,,,1,100,,284228,6,0,31 38 9,1,200,,284229,6,0,31 38 9,1
4001,'20260914',418,,284230,6,0,31 38 9,1,100,,284231,6,0,31 38 9,1,30,,284232,3,,,1,70,,284233,6,0,31 38 9,1,15,,284234,3,,,1,15,,284235,3,,,1,55,,284236,3,,,1,15,,284237,3,,,1,5,,284238,6,0,37 38 9,1,20,,284239,3,,,1,65,,284240,3,,,1,10,,284241,6,0,37 38 9,1,20,,284242,3,,,1,20,,284243,3,,,1,60,,284244,6,0,37 38 9,1,35,,284245,6,0,31 38 9,1,65,,284246,3,,,1,35,,284247,6,0,31 38 9,1,55,,284248,3,0,52 38 9,1,35,,284249,6,0,31 38 9,1,75,,284250,3,,,1,30,,284251,3,,,1,60,,284252,3,0,52 38 9,1,30,,284253,3,,,1,20,,284254,6,0,31 38 9,1,60,,284255,3,,,1,20,,284256,3,,,1,20,,284257,3,,,1,60,,284258,3,0,52 38 9,1,5,,284259,6,0,31 38 9,1,25,,284260,3,,,1,55,,284261,3,,,1,10,,284262,3,,,1,5,,284263,6,0,37 38 9,1,20,,284264,3,,,1,15,,284265,3,,,1,55,,284266,3,,,1,10,,284267,6,0,37 38 9,1,5,,284268,3,,,1,25,,284269,3,,,1,55,,284270,3,,,1,10,,284271,6,0,37 38 9,1,35,,284272,3,,,1,70,,284273,3,,,1,30,,284274,6,0,37 38 9,1,70,,284275,3,,,1,100,,284276,3,,,1,100,,284277,6,0,31 38 9,1,100,,284278,3,,,1,100,,284279,6,0,31 38 9,1,200,,284280,6,0,31 38 9,1
4001,'20260915',418,,284281,6,0,31 38 9,1,100,,284282,6,0,31 38 9,1,30,,284283,3,,,1,70,,284284,6,0,31 38 9,1,15,,284285,3,,,1,15,,284286,3,,,1,55,,284287,3,,,1,15,,284288,3,,,1,5,,284289,6,0,37 38 9,1,20,,284290,3,,,1,65,,284291,3,,,1,10,,284292,6,0,37 38 9,1,20,,284293,3,,,1,20,,284294,3,,,1,60,,284295,6,0,37 38 9,1,35,,284296,6,0,31 38 9,1,65,,284297,3,,,1,35,,284298,6,0,31 38 9,1,55,,284299,3,0,52 38 9,1,35,,284300,6,0,31 38 9,1,75,,284301,3,,,1,30,,284302,3,,,1,60,,284303,3,0,52 38 9,1,30,,284304,3,,,1,20,,284305,6,0,31 38 9,1,60,,284306,3,,,1,20,,284307,3,,,1,20,,284308,3,,,1,60,,284309,3,0,52 38 9,1,5,,284310,6,0,31 38 9,1,25,,284311,3,,,1,55,,284312,3,,,1,10,,284313,3,,,1,5,,284314,6,0,37 38 9,1,20,,284315,3,,,1,15,,284316,3,,,1,55,,284317,3,,,1,10,,284318,6,0,37 38 9,1,5,,284319,3,,,1,25,,284320,3,,,1,55,,284321,3,,,1,10,,284322,6,0,37 38 9,1,35,,284323,3,,,1,70,,284324,3,,,1,30,,284325,6,0,37 38 9,1,70,,284326,3,,,1,100,,284327,3,,,1,100,,284328,6,0,31 38 9,1,100,,284329,3,,,1,100,,284330,6,0,31 38 9,1,200,,284331,6,0,31 38 9,1
4001,'20260916',418,,284332,6,0,31 38 9,1,100,,284333,6,0,31 38 9,1,30,,284334,3,,,1,70,,284335,6,0,31 38 9,1,15,,284336,3,,,1,15,,284337,3,,,1,55,,284338,3,,,1,15,,284339,3,,,1,5,,284340,6,0,37 38 9,1,20,,284341,3,,,1,65,,284342,3,,,1,10,,284343,6,0,37 38 9,1,20,,284344,3,,,1,20,,284345,3,,,1,60,,284346,6,0,37 38 9,1,35,,284347,6,0,31 38 9,1,65,,284348,3,,,1,35,,284349,6,0,31 38 9,1,55,,284350,3,0,52 38 9,1,35,,284351,6,0,31 38 9,1,75,,284352,3,,,1,30,,284353,3,,,1,60,,284354,3,0,52 38 9,1,30,,284355,3,,,1,20,,284356,6,0,31 38 9,1,60,,284357,3,,,1,20,,284358,3,,,1,20,,284359,3,,,1,60,,284360,3,0,52 38 9,1,5,,284361,6,0,31 38 9,1,25,,284362,3,,,1,55,,284363,3,,,1,10,,284364,3,,,1,5,,284365,6,0,37 38 9,1,20,,284366,3,,,1,15,,284367,3,,,1,55,,284368,3,,,1,10,,284369,6,0,37 38 9,1,5,,284370,3,,,1,25,,284371,3,,,1,55,,284372,3,,,1,10,,284373,6,0,37 38 9,1,35,,284374,3,,,1,70,,284375,3,,,1,30,,284376,6,0,37 38 9,1,70,,284377,3,,,1,100,,284378,3,,,1,100,,284379,6,0,31 38 9,1,100,,284380,3,,,1,100,,284381,6,0,31 38 9,1,200,,284382,6,0,31 38 9,1
4001,'20260917',418,,284383,6,0,31 38 9,1,100,,284384,6,0,31 38 9,1,30,,284385,3,,,1,70,,284386,6,0,31 38 9,1,15,,284387,3,,,1,15,,284388,3,,,1,55,,284389,3,,,1,15,,284390,3,,,1,5,,284391,6,0,37 38 9,1,20,,284392,3,,,1,65,,284393,3,,,1,10,,284394,6,0,37 38 9,1,20,,284395,3,,,1,20,,284396,3,,,1,60,,284397,6,0,37 38 9,1,35,,284398,6,0,31 38 9,1,65,,284399,3,,,1,35,,284400,6,0,31 38 9,1,55,,284401,3,0,52 38 9,1,35,,284402,6,0,31 38 9,1,75,,284403,3,,,1,30,,284404,3,,,1,60,,284405,3,0,52 38 9,1,30,,284406,3,,,1,20,,284407,6,0,31 38 9,1,60,,284408,3,,,1,20,,284409,3,,,1,20,,284410,3,,,1,60,,284411,3,0,52 38 9,1,5,,284412,6,0,31 38 9,1,25,,284413,3,,,1,55,,284414,3,,,1,10,,284415,3,,,1,5,,284416,6,0,37 38 9,1,20,,284417,3,,,1,15,,284418,3,,,1,55,,284419,3,,,1,10,,284420,6,0,37 38 9,1,5,,284421,3,,,1,25,,284422,3,,,1,55,,284423,3,,,1,10,,284424,6,0,37 38 9,1,35,,284425,3,,,1,70,,284426,3,,,1,30,,284427,6,0,37 38 9,1,70,,284428,3,,,1,100,,284429,3,,,1,100,,284430,6,0,31 38 9,1,100,,284431,3,,,1,100,,284432,6,0,31 38 9,1,200,,284433,6,0,31 38 9,1
4001,'20260918',418,,284434,6,0,31 38 9,1,100,,284435,6,0,31 38 9,1,30,,284436,3,,,1,70,,284437,6,0,31 38 9,1,15,,284438,3,,,1,15,,284439,3,,,1,55,,284440,3,,,1,15,,284441,3,,,1,5,,284442,6,0,37 38 9,1,20,,284443,3,,,1,65,,284444,3,,,1,10,,284445,6,0,37 38 9,1,20,,284446,3,,,1,20,,284447,3,,,1,60,,284448,6,0,37 38 9,1,35,,284449,6,0,31 38 9,1,65,,284450,3,,,1,35,,284451,6,0,31 38 9,1,55,,284452,3,0,52 38 9,1,35,,284453,6,0,31 38 9,1,75,,284454,3,,,1,30,,284455,3,,,1,60,,284456,3,0,52 38 9,1,30,,284457,3,,,1,20,,284458,6,0,31 38 9,1,60,,284459,3,,,1,20,,284460,3,,,1,20,,284461,3,,,1,60,,284462,3,0,52 38 9,1,5,,284463,6,0,31 38 9,1,25,,284464,3,,,1,55,,284465,3,,,1,10,,284466,3,,,1,5,,284467,6,0,37 38 9,1,20,,284468,3,,,1,15,,284469,3,,,1,55,,284470,3,,,1,10,,284471,6,0,37 38 9,1,5,,284472,3,,,1,25,,284473,3,,,1,55,,284474,3,,,1,10,,284475,6,0,37 38 9,1,35,,284476,3,,,1,70,,284477,3,,,1,30,,284478,6,0,37 38 9,1,70,,284479,3,,,1,100,,284480,3,,,1,100,,284481,6,0,31 38 9,1,100,,284482,3,,,1,100,,284483,6,0,31 38 9,1,200,,284484,6,0,31 38 9,1
4001,'20260919',418,,284485,6,0,31 38 9,1,200,,284486,6,0,31 38 9,1,100,,284487,3,,,1,30,,284488,3,,,1,70,,284489,6,0,31 38 9,1,30,,284490,3,,,1,70,,284491,6,0,31 38 9,1,30,,284492,3,,,1,70,,284493,6,0,31 38 9,1,30,,284494,3,,,1,70,,284495,6,0,31 38 9,1,30,,284496,3,,,1,70,,284497,6,0,31 38 9,1,30,,284498,3,,,1,70,,284499,6,0,31 38 9,1,30,,284500,3,,,1,70,,284501,3,,,1,20,,284502,3,,,1,20,,284503,3,,,1,60,,284504,6,0,31 38 9,1,20,,284505,3,,,1,20,,284506,3,,,1,60,,284507,3,,,1,20,,284508,3,,,1,20,,284509,3,,,1,60,,284510,6,0,31 38 9,1,20,,284511,3,,,1,20,,284512,3,,,1,60,,284513,6,0,31 38 9,1,20,,284514,3,,,1,20,,284515,3,,,1,60,,284516,3,,,1,30,,284517,3,,,1,70,,284518,6,0,31 38 9,1,100,,284519,3,,,1,100,,284520,6,0,31 38 9,1,100,,284521,3,,,1,100,,284522,6,0,31 38 9,1,200,,284523,6,0,31 38 9,1
4001,'20260920',418,,284524,6,0,31 38 9,1,200,,284525,6,0,31 38 9,1,100,,284526,3,,,1,30,,284527,3,,,1,70,,284528,6,0,31 38 9,1,30,,284529,3,,,1,70,,284530,6,0,31 38 9,1,30,,284531,3,,,1,70,,284532,6,0,31 38 9,1,30,,284533,3,,,1,70,,284534,6,0,31 38 9,1,30,,284535,3,,,1,70,,284536,6,0,31 38 9,1,30,,284537,3,,,1,70,,284538,6,0,31 38 9,1,30,,284539,3,,,1,70,,284540,3,,,1,20,,284541,3,,,1,20,,284542,3,,,1,60,,284543,6,0,31 38 9,1,20,,284544,3,,,1,20,,284545,3,,,1,60,,284546,3,,,1,20,,284547,3,,,1,20,,284548,3,,,1,60,,284549,6,0,31 38 9,1,20,,284550,3,,,1,20,,284551,3,,,1,60,,284552,6,0,31 38 9,1,20,,284553,3,,,1,20,,284554,3,,,1,60,,284555,3,,,1,30,,284556,3,,,1,70,,284557,6,0,31 38 9,1,100,,284558,3,,,1,100,,284559,6,0,31 38 9,1,100,,284560,3,,,1,100,,284561,6,0,31 38 9,1,200,,284562,6,0,31 38 9,1
4001,'20260921',418,,284563,6,0,31 38 9,1,100,,284564,6,0,31 38 9,1,30,,284565,3,,,1,70,,284566,6,0,31 38 9,1,15,,284567,3,,,1,15,,284568,3,,,1,55,,284569,3,,,1,15,,284570,3,,,1,5,,284571,6,0,37 38 9,1,20,,284572,3,,,1,65,,284573,3,,,1,10,,284574,6,0,37 38 9,1,20,,284575,3,,,1,20,,284576,3,,,1,60,,284577,6,0,37 38 9,1,35,,284578,6,0,31 38 9,1,65,,284579,3,,,1,35,,284580,6,0,31 38 9,1,55,,284581,3,0,52 38 9,1,35,,284582,6,0,31 38 9,1,75,,284583,3,,,1,30,,284584,3,,,1,60,,284585,3,0,52 38 9,1,30,,284586,3,,,1,20,,284587,6,0,31 38 9,1,60,,284588,3,,,1,20,,284589,3,,,1,20,,284590,3,,,1,60,,284591,3,0,52 38 9,1,5,,284592,6,0,31 38 9,1,25,,284593,3,,,1,55,,284594,3,,,1,10,,284595,3,,,1,5,,284596,6,0,37 38 9,1,20,,284597,3,,,1,15,,284598,3,,,1,55,,284599,3,,,1,10,,284600,6,0,37 38 9,1,5,,284601,3,,,1,25,,284602,3,,,1,55,,284603,3,,,1,10,,284604,6,0,37 38 9,1,35,,284605,3,,,1,70,,284606,3,,,1,30,,284607,6,0,37 38 9,1,70,,284608,3,,,1,100,,284609,3,,,1,100,,284610,6,0,31 38 9,1,100,,284611,3,,,1,100,,284612,6,0,31 38 9,1,200,,284613,6,0,31 38 9,1
4001,'20260922',418,,284614,6,0,31 38 9,1,100,,284615,6,0,31 38 9,1,30,,284616,3,,,1,70,,284617,6,0,31 38 9,1,15,,284618,3,,,1,15,,284619,3,,,1,55,,284620,3,,,1,15,,284621,3,,,1,5,,284622,6,0,37 38 9,1,20,,284623,3,,,1,65,,284624,3,,,1,10,,284625,6,0,37 38 9,1,20,,284626,3,,,1,20,,284627,3,,,1,60,,284628,6,0,37 38 9,1,35,,284629,6,0,31 38 9,1,65,,284630,3,,,1,35,,284631,6,0,31 38 9,1,55,,284632,3,0,52 38 9,1,35,,284633,6,0,31 38 9,1,75,,284634,3,,,1,30,,284635,3,,,1,60,,284636,3,0,52 38 9,1,30,,284637,3,,,1,20,,284638,6,0,31 38 9,1,60,,284639,3,,,1,20,,284640,3,,,1,20,,284641,3,,,1,60,,284642,3,0,52 38 9,1,5,,284643,6,0,31 38 9,1,25,,284644,3,,,1,55,,284645,3,,,1,10,,284646,3,,,1,5,,284647,6,0,37 38 9,1,20,,284648,3,,,1,15,,284649,3,,,1,55,,284650,3,,,1,10,,284651,6,0,37 38 9,1,5,,284652,3,,,1,25,,284653,3,,,1,55,,284654,3,,,1,10,,284655,6,0,37 38 9,1,35,,284656,3,,,1,70,,284657,3,,,1,30,,284658,6,0,37 38 9,1,70,,284659,3,,,1,100,,284660,3,,,1,100,,284661,6,0,31 38 9,1,100,,284662,3,,,1,100,,284663,6,0,31 38 9,1,200,,284664,6,0,31 38 9,1
4001,'20260923',418,,284665,6,0,31 38 9,1,100,,284666,6,0,31 38 9,1,30,,284667,3,,,1,70,,284668,6,0,31 38 9,1,15,,284669,3,,,1,15,,284670,3,,,1,55,,284671,3,,,1,15,,284672,3,,,1,5,,284673,6,0,37 38 9,1,20,,284674,3,,,1,65,,284675,3,,,1,10,,284676,6,0,37 38 9,1,20,,284677,3,,,1,20,,284678,3,,,1,60,,284679,6,0,37 38 9,1,35,,284680,6,0,31 38 9,1,65,,284681,3,,,1,35,,284682,6,0,31 38 9,1,55,,284683,3,0,52 38 9,1,35,,284684,6,0,31 38 9,1,75,,284685,3,,,1,30,,284686,3,,,1,60,,284687,3,0,52 38 9,1,30,,284688,3,,,1,20,,284689,6,0,31 38 9,1,60,,284690,3,,,1,20,,284691,3,,,1,20,,284692,3,,,1,60,,284693,3,0,52 38 9,1,5,,284694,6,0,31 38 9,1,25,,284695,3,,,1,55,,284696,3,,,1,10,,284697,3,,,1,5,,284698,6,0,37 38 9,1,20,,284699,3,,,1,15,,284700,3,,,1,55,,284701,3,,,1,10,,284702,6,0,37 38 9,1,5,,284703,3,,,1,25,,284704,3,,,1,55,,284705,3,,,1,10,,284706,6,0,37 38 9,1,35,,284707,3,,,1,70,,284708,3,,,1,30,,284709,6,0,37 38 9,1,70,,284710,3,,,1,100,,284711,3,,,1,100,,284712,6,0,31 38 9,1,100,,284713,3,,,1,100,,284714,6,0,31 38 9,1,200,,284715,6,0,31 38 9,1
4001,'20260924',418,,284716,6,0,31 38 9,1,100,,284717,6,0,31 38 9,1,30,,284718,3,,,1,70,,284719,6,0,31 38 9,1,15,,284720,3,,,1,15,,284721,3,,,1,55,,284722,3,,,1,15,,284723,3,,,1,5,,284724,6,0,37 38 9,1,20,,284725,3,,,1,65,,284726,3,,,1,10,,284727,6,0,37 38 9,1,20,,284728,3,,,1,20,,284729,3,,,1,60,,284730,6,0,37 38 9,1,35,,284731,6,0,31 38 9,1,65,,284732,3,,,1,35,,284733,6,0,31 38 9,1,55,,284734,3,0,52 38 9,1,35,,284735,6,0,31 38 9,1,75,,284736,3,,,1,30,,284737,3,,,1,60,,284738,3,0,52 38 9,1,30,,284739,3,,,1,20,,284740,6,0,31 38 9,1,60,,284741,3,,,1,20,,284742,3,,,1,20,,284743,3,,,1,60,,284744,3,0,52 38 9,1,5,,284745,6,0,31 38 9,1,25,,284746,3,,,1,55,,284747,3,,,1,10,,284748,3,,,1,5,,284749,6,0,37 38 9,1,20,,284750,3,,,1,15,,284751,3,,,1,55,,284752,3,,,1,10,,284753,6,0,37 38 9,1,5,,284754,3,,,1,25,,284755,3,,,1,55,,284756,3,,,1,10,,284757,6,0,37 38 9,1,35,,284758,3,,,1,70,,284759,3,,,1,30,,284760,6,0,37 38 9,1,70,,284761,3,,,1,100,,284762,3,,,1,100,,284763,6,0,31 38 9,1,100,,284764,3,,,1,100,,284765,6,0,31 38 9,1,200,,284766,6,0,31 38 9,1
4001,'20260925',418,,284767,6,0,31 38 9,1,100,,284768,6,0,31 38 9,1,30,,284769,3,,,1,70,,284770,6,0,31 38 9,1,15,,284771,3,,,1,15,,284772,3,,,1,55,,284773,3,,,1,15,,284774,3,,,1,5,,284775,6,0,37 38 9,1,20,,284776,3,,,1,65,,284777,3,,,1,10,,284778,6,0,37 38 9,1,20,,284779,3,,,1,20,,284780,3,,,1,60,,284781,6,0,37 38 9,1,35,,284782,6,0,31 38 9,1,65,,284783,3,,,1,35,,284784,6,0,31 38 9,1,55,,284785,3,0,52 38 9,1,35,,284786,6,0,31 38 9,1,75,,284787,3,,,1,30,,284788,3,,,1,60,,284789,3,0,52 38 9,1,30,,284790,3,,,1,20,,284791,6,0,31 38 9,1,60,,284792,3,,,1,20,,284793,3,,,1,20,,284794,3,,,1,60,,284795,3,0,52 38 9,1,5,,284796,6,0,31 38 9,1,25,,284797,3,,,1,55,,284798,3,,,1,10,,284799,3,,,1,5,,284800,6,0,37 38 9,1,20,,284801,3,,,1,15,,284802,3,,,1,55,,284803,3,,,1,10,,284804,6,0,37 38 9,1,5,,284805,3,,,1,25,,284806,3,,,1,55,,284807,3,,,1,10,,284808,6,0,37 38 9,1,35,,284809,3,,,1,70,,284810,3,,,1,30,,284811,6,0,37 38 9,1,70,,284812,3,,,1,100,,284813,3,,,1,100,,284814,6,0,31 38 9,1,100,,284815,3,,,1,100,,284816,6,0,31 38 9,1,200,,284817,6,0,31 38 9,1
4001,'20260926',418,,284818,6,0,31 38 9,1,200,,284819,6,0,31 38 9,1,100,,284820,3,,,1,30,,284821,3,,,1,70,,284822,6,0,31 38 9,1,30,,284823,3,,,1,70,,284824,6,0,31 38 9,1,30,,284825,3,,,1,70,,284826,6,0,31 38 9,1,30,,284827,3,,,1,70,,284828,6,0,31 38 9,1,30,,284829,3,,,1,70,,284830,6,0,31 38 9,1,30,,284831,3,,,1,70,,284832,6,0,31 38 9,1,30,,284833,3,,,1,70,,284834,3,,,1,20,,284835,3,,,1,20,,284836,3,,,1,60,,284837,6,0,31 38 9,1,20,,284838,3,,,1,20,,284839,3,,,1,60,,284840,3,,,1,20,,284841,3,,,1,20,,284842,3,,,1,60,,284843,6,0,31 38 9,1,20,,284844,3,,,1,20,,284845,3,,,1,60,,284846,6,0,31 38 9,1,20,,284847,3,,,1,20,,284848,3,,,1,60,,284849,3,,,1,30,,284850,3,,,1,70,,284851,6,0,31 38 9,1,100,,284852,3,,,1,100,,284853,6,0,31 38 9,1,100,,284854,3,,,1,100,,284855,6,0,31 38 9,1,200,,284856,6,0,31 38 9,1
4001,'20260927',418,,284857,6,0,31 38 9,1,200,,284858,6,0,31 38 9,1,100,,284859,3,,,1,30,,284860,3,,,1,70,,284861,6,0,31 38 9,1,30,,284862,3,,,1,70,,284863,6,0,31 38 9,1,30,,284864,3,,,1,70,,284865,6,0,31 38 9,1,30,,284866,3,,,1,70,,284867,6,0,31 38 9,1,30,,284868,3,,,1,70,,284869,6,0,31 38 9,1,30,,284870,3,,,1,70,,284871,6,0,31 38 9,1,30,,284872,3,,,1,70,,284873,3,,,1,20,,284874,3,,,1,20,,284875,3,,,1,60,,284876,6,0,31 38 9,1,20,,284877,3,,,1,20,,284878,3,,,1,60,,284879,3,,,1,20,,284880,3,,,1,20,,284881,3,,,1,60,,284882,6,0,31 38 9,1,20,,284883,3,,,1,20,,284884,3,,,1,60,,284885,6,0,31 38 9,1,20,,284886,3,,,1,20,,284887,3,,,1,60,,284888,3,,,1,30,,284889,3,,,1,70,,284890,6,0,31 38 9,1,100,,284891,3,,,1,100,,284892,6,0,31 38 9,1,100,,284893,3,,,1,100,,284894,6,0,31 38 9,1,200,,284895,6,0,31 38 9,1
4001,'20260928',418,,284896,6,0,31 38 9,1,100,,284897,6,0,31 38 9,1,30,,284898,3,,,1,70,,284899,6,0,31 38 9,1,15,,284900,3,,,1,15,,284901,3,,,1,55,,284902,3,,,1,15,,284903,3,,,1,5,,284904,6,0,37 38 9,1,20,,284905,3,,,1,65,,284906,3,,,1,10,,284907,6,0,37 38 9,1,20,,284908,3,,,1,20,,284909,3,,,1,60,,284910,6,0,37 38 9,1,35,,284911,6,0,31 38 9,1,65,,284912,3,,,1,35,,284913,6,0,31 38 9,1,55,,284914,3,0,52 38 9,1,35,,284915,6,0,31 38 9,1,75,,284916,3,,,1,30,,284917,3,,,1,60,,284918,3,0,52 38 9,1,30,,284919,3,,,1,20,,284920,6,0,31 38 9,1,60,,284921,3,,,1,20,,284922,3,,,1,20,,284923,3,,,1,60,,284924,3,0,52 38 9,1,5,,284925,6,0,31 38 9,1,25,,284926,3,,,1,55,,284927,3,,,1,10,,284928,3,,,1,5,,284929,6,0,37 38 9,1,20,,284930,3,,,1,15,,284931,3,,,1,55,,284932,3,,,1,10,,284933,6,0,37 38 9,1,5,,284934,3,,,1,25,,284935,3,,,1,55,,284936,3,,,1,10,,284937,6,0,37 38 9,1,35,,284938,3,,,1,70,,284939,3,,,1,30,,284940,6,0,37 38 9,1,70,,284941,3,,,1,100,,284942,3,,,1,100,,284943,6,0,31 38 9,1,100,,284944,3,,,1,100,,284945,6,0,31 38 9,1,200,,284946,6,0,31 38 9,1
4001,'20260929',418,,284947,6,0,31 38 9,1,100,,284948,6,0,31 38 9,1,30,,284949,3,,,1,70,,284950,6,0,31 38 9,1,15,,284951,3,,,1,15,,284952,3,,,1,55,,284953,3,,,1,15,,284954,3,,,1,5,,284955,6,0,37 38 9,1,20,,284956,3,,,1,65,,284957,3,,,1,10,,284958,6,0,37 38 9,1,20,,284959,3,,,1,20,,284960,3,,,1,60,,284961,6,0,37 38 9,1,35,,284962,6,0,31 38 9,1,65,,284963,3,,,1,35,,284964,6,0,31 38 9,1,55,,284965,3,0,52 38 9,1,35,,284966,6,0,31 38 9,1,75,,284967,3,,,1,30,,284968,3,,,1,60,,284969,3,0,52 38 9,1,30,,284970,3,,,1,20,,284971,6,0,31 38 9,1,60,,284972,3,,,1,20,,284973,3,,,1,20,,284974,3,,,1,60,,284975,3,0,52 38 9,1,5,,284976,6,0,31 38 9,1,25,,284977,3,,,1,55,,284978,3,,,1,10,,284979,3,,,1,5,,284980,6,0,37 38 9,1,20,,284981,3,,,1,15,,284982,3,,,1,55,,284983,3,,,1,10,,284984,6,0,37 38 9,1,5,,284985,3,,,1,25,,284986,3,,,1,55,,284987,3,,,1,10,,284988,6,0,37 38 9,1,35,,284989,3,,,1,70,,284990,3,,,1,30,,284991,6,0,37 38 9,1,70,,284992,3,,,1,100,,284993,3,,,1,100,,284994,6,0,31 38 9,1,100,,284995,3,,,1,100,,284996,6,0,31 38 9,1,200,,284997,6,0,31 38 9,1
4001,'20260930',418,,284998,6,0,31 38 9,1,100,,284999,6,0,31 38 9,1,30,,285000,3,,,1,70,,285001,6,0,31 38 9,1,15,,285002,3,,,1,15,,285003,3,,,1,55,,285004,3,,,1,15,,285005,3,,,1,5,,285006,6,0,37 38 9,1,20,,285007,3,,,1,65,,285008,3,,,1,10,,285009,6,0,37 38 9,1,20,,285010,3,,,1,20,,285011,3,,,1,60,,285012,6,0,37 38 9,1,35,,285013,6,0,31 38 9,1,65,,285014,3,,,1,35,,285015,6,0,31 38 9,1,55,,285016,3,0,52 38 9,1,35,,285017,6,0,31 38 9,1,75,,285018,3,,,1,30,,285019,3,,,1,60,,285020,3,0,52 38 9,1,30,,285021,3,,,1,20,,285022,6,0,31 38 9,1,60,,285023,3,,,1,20,,285024,3,,,1,20,,285025,3,,,1,60,,285026,3,0,52 38 9,1,5,,285027,6,0,31 38 9,1,25,,285028,3,,,1,55,,285029,3,,,1,10,,285030,3,,,1,5,,285031,6,0,37 38 9,1,20,,285032,3,,,1,15,,285033,3,,,1,55,,285034,3,,,1,10,,285035,6,0,37 38 9,1,5,,285036,3,,,1,25,,285037,3,,,1,55,,285038,3,,,1,10,,285039,6,0,37 38 9,1,35,,285040,3,,,1,70,,285041,3,,,1,30,,285042,6,0,37 38 9,1,70,,285043,3,,,1,100,,285044,3,,,1,100,,285045,6,0,31 38 9,1,100,,285046,3,,,1,100,,285047,6,0,31 38 9,1,200,,285048,6,0,31 38 9,1
4001,'20261001',418,,285049,6,0,31 38 9,1,100,,285050,6,0,31 38 9,1,30,,285051,3,,,1,70,,285052,6,0,31 38 9,1,15,,285053,3,,,1,15,,285054,3,,,1,55,,285055,3,,,1,15,,285056,3,,,1,5,,285057,6,0,37 38 9,1,20,,285058,3,,,1,65,,285059,3,,,1,10,,285060,6,0,37 38 9,1,20,,285061,3,,,1,20,,285062,3,,,1,60,,285063,6,0,37 38 9,1,35,,285064,6,0,31 38 9,1,65,,285065,3,,,1,35,,285066,6,0,31 38 9,1,55,,285067,3,0,52 38 9,1,35,,285068,6,0,31 38 9,1,75,,285069,3,,,1,30,,285070,3,,,1,60,,285071,3,0,52 38 9,1,30,,285072,3,,,1,20,,285073,6,0,31 38 9,1,60,,285074,3,,,1,20,,285075,3,,,1,20,,285076,3,,,1,60,,285077,3,0,52 38 9,1,5,,285078,6,0,31 38 9,1,25,,285079,3,,,1,55,,285080,3,,,1,10,,285081,3,,,1,5,,285082,6,0,37 38 9,1,20,,285083,3,,,1,15,,285084,3,,,1,55,,285085,3,,,1,10,,285086,6,0,37 38 9,1,5,,285087,3,,,1,25,,285088,3,,,1,55,,285089,3,,,1,10,,285090,6,0,37 38 9,1,35,,285091,3,,,1,70,,285092,3,,,1,30,,285093,6,0,37 38 9,1,70,,285094,3,,,1,100,,285095,3,,,1,100,,285096,6,0,31 38 9,1,100,,285097,3,,,1,100,,285098,6,0,31 38 9,1,200,,285099,6,0,31 38 9,1
4001,'20261002',418,,285100,6,0,31 38 9,1,100,,285101,6,0,31 38 9,1,30,,285102,3,,,1,70,,285103,6,0,31 38 9,1,15,,285104,3,,,1,15,,285105,3,,,1,55,,285106,3,,,1,15,,285107,3,,,1,5,,285108,6,0,37 38 9,1,20,,285109,3,,,1,65,,285110,3,,,1,10,,285111,6,0,37 38 9,1,20,,285112,3,,,1,20,,285113,3,,,1,60,,285114,6,0,37 38 9,1,35,,285115,6,0,31 38 9,1,65,,285116,3,,,1,35,,285117,6,0,31 38 9,1,55,,285118,3,0,52 38 9,1,35,,285119,6,0,31 38 9,1,75,,285120,3,,,1,30,,285121,3,,,1,60,,285122,3,0,52 38 9,1,30,,285123,3,,,1,20,,285124,6,0,31 38 9,1,60,,285125,3,,,1,20,,285126,3,,,1,20,,285127,3,,,1,60,,285128,3,0,52 38 9,1,5,,285129,6,0,31 38 9,1,25,,285130,3,,,1,55,,285131,3,,,1,10,,285132,3,,,1,5,,285133,6,0,37 38 9,1,20,,285134,3,,,1,15,,285135,3,,,1,55,,285136,3,,,1,10,,285137,6,0,37 38 9,1,5,,285138,3,,,1,25,,285139,3,,,1,55,,285140,3,,,1,10,,285141,6,0,37 38 9,1,35,,285142,3,,,1,70,,285143,3,,,1,30,,285144,6,0,37 38 9,1,70,,285145,3,,,1,100,,285146,3,,,1,100,,285147,6,0,31 38 9,1,100,,285148,3,,,1,100,,285149,6,0,31 38 9,1,200,,285150,6,0,31 38 9,1
4001,'20261003',418,,285151,6,0,31 38 9,1,200,,285152,6,0,31 38 9,1,100,,285153,3,,,1,30,,285154,3,,,1,70,,285155,6,0,31 38 9,1,30,,285156,3,,,1,70,,285157,6,0,31 38 9,1,30,,285158,3,,,1,70,,285159,6,0,31 38 9,1,30,,285160,3,,,1,70,,285161,6,0,31 38 9,1,30,,285162,3,,,1,70,,285163,6,0,31 38 9,1,30,,285164,3,,,1,70,,285165,6,0,31 38 9,1,30,,285166,3,,,1,70,,285167,3,,,1,20,,285168,3,,,1,20,,285169,3,,,1,60,,285170,6,0,31 38 9,1,20,,285171,3,,,1,20,,285172,3,,,1,60,,285173,3,,,1,20,,285174,3,,,1,20,,285175,3,,,1,60,,285176,6,0,31 38 9,1,20,,285177,3,,,1,20,,285178,3,,,1,60,,285179,6,0,31 38 9,1,20,,285180,3,,,1,20,,285181,3,,,1,60,,285182,3,,,1,30,,285183,3,,,1,70,,285184,6,0,31 38 9,1,100,,285185,3,,,1,100,,285186,6,0,31 38 9,1,100,,285187,3,,,1,100,,285188,6,0,31 38 9,1,200,,285189,6,0,31 38 9,1
4001,'20261004',418,,285190,6,0,31 38 9,1,200,,285191,6,0,31 38 9,1,100,,285192,3,,,1,30,,285193,3,,,1,70,,285194,6,0,31 38 9,1,30,,285195,3,,,1,70,,285196,6,0,31 38 9,1,30,,285197,3,,,1,70,,285198,6,0,31 38 9,1,30,,285199,3,,,1,70,,285200,6,0,31 38 9,1,30,,285201,3,,,1,70,,285202,6,0,31 38 9,1,30,,285203,3,,,1,70,,285204,6,0,31 38 9,1,30,,285205,3,,,1,70,,285206,3,,,1,20,,285207,3,,,1,20,,285208,3,,,1,60,,285209,6,0,31 38 9,1,20,,285210,3,,,1,20,,285211,3,,,1,60,,285212,3,,,1,20,,285213,3,,,1,20,,285214,3,,,1,60,,285215,6,0,31 38 9,1,20,,285216,3,,,1,20,,285217,3,,,1,60,,285218,6,0,31 38 9,1,20,,285219,3,,,1,20,,285220,3,,,1,60,,285221,3,,,1,30,,285222,3,,,1,70,,285223,6,0,31 38 9,1,100,,285224,3,,,1,100,,285225,6,0,31 38 9,1,100,,285226,3,,,1,100,,285227,6,0,31 38 9,1,200,,285228,6,0,31 38 9,1
4001,'20261005',418,,285229,6,0,31 38 9,1,100,,285230,6,0,31 38 9,1,30,,285231,3,,,1,70,,285232,6,0,31 38 9,1,15,,285233,3,,,1,15,,285234,3,,,1,55,,285235,3,,,1,15,,285236,3,,,1,5,,285237,6,0,37 38 9,1,20,,285238,3,,,1,65,,285239,3,,,1,10,,285240,6,0,37 38 9,1,20,,285241,3,,,1,20,,285242,3,,,1,60,,285243,6,0,37 38 9,1,35,,285244,6,0,31 38 9,1,65,,285245,3,,,1,35,,285246,6,0,31 38 9,1,55,,285247,3,0,52 38 9,1,35,,285248,6,0,31 38 9,1,75,,285249,3,,,1,30,,285250,3,,,1,60,,285251,3,0,52 38 9,1,30,,285252,3,,,1,20,,285253,6,0,31 38 9,1,60,,285254,3,,,1,20,,285255,3,,,1,20,,285256,3,,,1,60,,285257,3,0,52 38 9,1,5,,285258,6,0,31 38 9,1,25,,285259,3,,,1,55,,285260,3,,,1,10,,285261,3,,,1,5,,285262,6,0,37 38 9,1,20,,285263,3,,,1,15,,285264,3,,,1,55,,285265,3,,,1,10,,285266,6,0,37 38 9,1,5,,285267,3,,,1,25,,285268,3,,,1,55,,285269,3,,,1,10,,285270,6,0,37 38 9,1,35,,285271,3,,,1,70,,285272,3,,,1,30,,285273,6,0,37 38 9,1,70,,285274,3,,,1,100,,285275,3,,,1,100,,285276,6,0,31 38 9,1,100,,285277,3,,,1,100,,285278,6,0,31 38 9,1,200,,285279,6,0,31 38 9,1
4001,'20261006',418,,285280,6,0,31 38 9,1,100,,285281,6,0,31 38 9,1,30,,285282,3,,,1,70,,285283,6,0,31 38 9,1,15,,285284,3,,,1,15,,285285,3,,,1,55,,285286,3,,,1,15,,285287,3,,,1,5,,285288,6,0,37 38 9,1,20,,285289,3,,,1,65,,285290,3,,,1,10,,285291,6,0,37 38 9,1,20,,285292,3,,,1,20,,285293,3,,,1,60,,285294,6,0,37 38 9,1,35,,285295,6,0,31 38 9,1,65,,285296,3,,,1,35,,285297,6,0,31 38 9,1,55,,285298,3,0,52 38 9,1,35,,285299,6,0,31 38 9,1,75,,285300,3,,,1,30,,285301,3,,,1,60,,285302,3,0,52 38 9,1,30,,285303,3,,,1,20,,285304,6,0,31 38 9,1,60,,285305,3,,,1,20,,285306,3,,,1,20,,285307,3,,,1,60,,285308,3,0,52 38 9,1,5,,285309,6,0,31 38 9,1,25,,285310,3,,,1,55,,285311,3,,,1,10,,285312,3,,,1,5,,285313,6,0,37 38 9,1,20,,285314,3,,,1,15,,285315,3,,,1,55,,285316,3,,,1,10,,285317,6,0,37 38 9,1,5,,285318,3,,,1,25,,285319,3,,,1,55,,285320,3,,,1,10,,285321,6,0,37 38 9,1,35,,285322,3,,,1,70,,285323,3,,,1,30,,285324,6,0,37 38 9,1,70,,285325,3,,,1,100,,285326,3,,,1,100,,285327,6,0,31 38 9,1,100,,285328,3,,,1,100,,285329,6,0,31 38 9,1,200,,285330,6,0,31 38 9,1
4001,'20261007',418,,285331,6,0,31 38 9,1,100,,285332,6,0,31 38 9,1,30,,285333,3,,,1,70,,285334,6,0,31 38 9,1,15,,285335,3,,,1,15,,285336,3,,,1,55,,285337,3,,,1,15,,285338,3,,,1,5,,285339,6,0,37 38 9,1,20,,285340,3,,,1,65,,285341,3,,,1,10,,285342,6,0,37 38 9,1,20,,285343,3,,,1,20,,285344,3,,,1,60,,285345,6,0,37 38 9,1,35,,285346,6,0,31 38 9,1,65,,285347,3,,,1,35,,285348,6,0,31 38 9,1,55,,285349,3,0,52 38 9,1,35,,285350,6,0,31 38 9,1,75,,285351,3,,,1,30,,285352,3,,,1,60,,285353,3,0,52 38 9,1,30,,285354,3,,,1,20,,285355,6,0,31 38 9,1,60,,285356,3,,,1,20,,285357,3,,,1,20,,285358,3,,,1,60,,285359,3,0,52 38 9,1,5,,285360,6,0,31 38 9,1,25,,285361,3,,,1,55,,285362,3,,,1,10,,285363,3,,,1,5,,285364,6,0,37 38 9,1,20,,285365,3,,,1,15,,285366,3,,,1,55,,285367,3,,,1,10,,285368,6,0,37 38 9,1,5,,285369,3,,,1,25,,285370,3,,,1,55,,285371,3,,,1,10,,285372,6,0,37 38 9,1,35,,285373,3,,,1,70,,285374,3,,,1,30,,285375,6,0,37 38 9,1,70,,285376,3,,,1,100,,285377,3,,,1,100,,285378,6,0,31 38 9,1,100,,285379,3,,,1,100,,285380,6,0,31 38 9,1,200,,285381,6,0,31 38 9,1
4001,'20261008',418,,285382,6,0,31 38 9,1,100,,285383,6,0,31 38 9,1,30,,285384,3,,,1,70,,285385,6,0,31 38 9,1,15,,285386,3,,,1,15,,285387,3,,,1,55,,285388,3,,,1,15,,285389,3,,,1,5,,285390,6,0,37 38 9,1,20,,285391,3,,,1,65,,285392,3,,,1,10,,285393,6,0,37 38 9,1,20,,285394,3,,,1,20,,285395,3,,,1,60,,285396,6,0,37 38 9,1,35,,285397,6,0,31 38 9,1,65,,285398,3,,,1,35,,285399,6,0,31 38 9,1,55,,285400,3,0,52 38 9,1,35,,285401,6,0,31 38 9,1,75,,285402,3,,,1,30,,285403,3,,,1,60,,285404,3,0,52 38 9,1,30,,285405,3,,,1,20,,285406,6,0,31 38 9,1,60,,285407,3,,,1,20,,285408,3,,,1,20,,285409,3,,,1,60,,285410,3,0,52 38 9,1,5,,285411,6,0,31 38 9,1,25,,285412,3,,,1,55,,285413,3,,,1,10,,285414,3,,,1,5,,285415,6,0,37 38 9,1,20,,285416,3,,,1,15,,285417,3,,,1,55,,285418,3,,,1,10,,285419,6,0,37 38 9,1,5,,285420,3,,,1,25,,285421,3,,,1,55,,285422,3,,,1,10,,285423,6,0,37 38 9,1,35,,285424,3,,,1,70,,285425,3,,,1,30,,285426,6,0,37 38 9,1,70,,285427,3,,,1,100,,285428,3,,,1,100,,285429,6,0,31 38 9,1,100,,285430,3,,,1,100,,285431,6,0,31 38 9,1,200,,285432,6,0,31 38 9,1
4001,'20261009',418,,285433,6,0,31 38 9,1,100,,285434,6,0,31 38 9,1,30,,285435,3,,,1,70,,285436,6,0,31 38 9,1,15,,285437,3,,,1,15,,285438,3,,,1,55,,285439,3,,,1,15,,285440,3,,,1,5,,285441,6,0,37 38 9,1,20,,285442,3,,,1,65,,285443,3,,,1,10,,285444,6,0,37 38 9,1,20,,285445,3,,,1,20,,285446,3,,,1,60,,285447,6,0,37 38 9,1,35,,285448,6,0,31 38 9,1,65,,285449,3,,,1,35,,285450,6,0,31 38 9,1,55,,285451,3,0,52 38 9,1,35,,285452,6,0,31 38 9,1,75,,285453,3,,,1,30,,285454,3,,,1,60,,285455,3,0,52 38 9,1,30,,285456,3,,,1,20,,285457,6,0,31 38 9,1,60,,285458,3,,,1,20,,285459,3,,,1,20,,285460,3,,,1,60,,285461,3,0,52 38 9,1,5,,285462,6,0,31 38 9,1,25,,285463,3,,,1,55,,285464,3,,,1,10,,285465,3,,,1,5,,285466,6,0,37 38 9,1,20,,285467,3,,,1,15,,285468,3,,,1,55,,285469,3,,,1,10,,285470,6,0,37 38 9,1,5,,285471,3,,,1,25,,285472,3,,,1,55,,285473,3,,,1,10,,285474,6,0,37 38 9,1,35,,285475,3,,,1,70,,285476,3,,,1,30,,285477,6,0,37 38 9,1,70,,285478,3,,,1,100,,285479,3,,,1,100,,285480,6,0,31 38 9,1,100,,285481,3,,,1,100,,285482,6,0,31 38 9,1,200,,285483,6,0,31 38 9,1
4001,'20261010',418,,285484,6,0,31 38 9,1,200,,285485,6,0,31 38 9,1,100,,285486,3,,,1,30,,285487,3,,,1,70,,285488,6,0,31 38 9,1,30,,285489,3,,,1,70,,285490,6,0,31 38 9,1,30,,285491,3,,,1,70,,285492,6,0,31 38 9,1,30,,285493,3,,,1,70,,285494,6,0,31 38 9,1,30,,285495,3,,,1,70,,285496,6,0,31 38 9,1,30,,285497,3,,,1,70,,285498,6,0,31 38 9,1,30,,285499,3,,,1,70,,285500,3,,,1,20,,285501,3,,,1,20,,285502,3,,,1,60,,285503,6,0,31 38 9,1,20,,285504,3,,,1,20,,285505,3,,,1,60,,285506,3,,,1,20,,285507,3,,,1,20,,285508,3,,,1,60,,285509,6,0,31 38 9,1,20,,285510,3,,,1,20,,285511,3,,,1,60,,285512,6,0,31 38 9,1,20,,285513,3,,,1,20,,285514,3,,,1,60,,285515,3,,,1,30,,285516,3,,,1,70,,285517,6,0,31 38 9,1,100,,285518,3,,,1,100,,285519,6,0,31 38 9,1,100,,285520,3,,,1,100,,285521,6,0,31 38 9,1,200,,285522,6,0,31 38 9,1
4001,'20261011',418,,285523,6,0,31 38 9,1,200,,285524,6,0,31 38 9,1,100,,285525,3,,,1,30,,285526,3,,,1,70,,285527,6,0,31 38 9,1,30,,285528,3,,,1,70,,285529,6,0,31 38 9,1,30,,285530,3,,,1,70,,285531,6,0,31 38 9,1,30,,285532,3,,,1,70,,285533,6,0,31 38 9,1,30,,285534,3,,,1,70,,285535,6,0,31 38 9,1,30,,285536,3,,,1,70,,285537,6,0,31 38 9,1,30,,285538,3,,,1,70,,285539,3,,,1,20,,285540,3,,,1,20,,285541,3,,,1,60,,285542,6,0,31 38 9,1,20,,285543,3,,,1,20,,285544,3,,,1,60,,285545,3,,,1,20,,285546,3,,,1,20,,285547,3,,,1,60,,285548,6,0,31 38 9,1,20,,285549,3,,,1,20,,285550,3,,,1,60,,285551,6,0,31 38 9,1,20,,285552,3,,,1,20,,285553,3,,,1,60,,285554,3,,,1,30,,285555,3,,,1,70,,285556,6,0,31 38 9,1,100,,285557,3,,,1,100,,285558,6,0,31 38 9,1,100,,285559,3,,,1,100,,285560,6,0,31 38 9,1,200,,285561,6,0,31 38 9,1
4001,'20261012',418,,285562,6,0,31 38 9,1,200,,285563,6,0,31 38 9,1,100,,285564,3,,,1,30,,285565,3,,,1,70,,285566,6,0,31 38 9,1,30,,285567,3,,,1,70,,285568,6,0,31 38 9,1,30,,285569,3,,,1,70,,285570,6,0,31 38 9,1,30,,285571,3,,,1,70,,285572,6,0,31 38 9,1,30,,285573,3,,,1,70,,285574,6,0,31 38 9,1,30,,285575,3,,,1,70,,285576,6,0,31 38 9,1,30,,285577,3,,,1,70,,285578,3,,,1,20,,285579,3,,,1,20,,285580,3,,,1,60,,285581,6,0,31 38 9,1,20,,285582,3,,,1,20,,285583,3,,,1,60,,285584,3,,,1,20,,285585,3,,,1,20,,285586,3,,,1,60,,285587,6,0,31 38 9,1,20,,285588,3,,,1,20,,285589,3,,,1,60,,285590,6,0,31 38 9,1,20,,285591,3,,,1,20,,285592,3,,,1,60,,285593,3,,,1,30,,285594,3,,,1,70,,285595,6,0,31 38 9,1,100,,285596,3,,,1,100,,285597,6,0,31 38 9,1,100,,285598,3,,,1,100,,285599,6,0,31 38 9,1,200,,285600,6,0,31 38 9,1
4001,'20261013',418,,285601,6,0,31 38 9,1,100,,285602,6,0,31 38 9,1,30,,285603,3,,,1,70,,285604,6,0,31 38 9,1,15,,285605,3,,,1,15,,285606,3,,,1,55,,285607,3,,,1,15,,285608,3,,,1,5,,285609,6,0,37 38 9,1,20,,285610,3,,,1,65,,285611,3,,,1,10,,285612,6,0,37 38 9,1,20,,285613,3,,,1,20,,285614,3,,,1,60,,285615,6,0,37 38 9,1,35,,285616,6,0,31 38 9,1,65,,285617,3,,,1,35,,285618,6,0,31 38 9,1,55,,285619,3,0,52 38 9,1,35,,285620,6,0,31 38 9,1,75,,285621,3,,,1,30,,285622,3,,,1,60,,285623,3,0,52 38 9,1,30,,285624,3,,,1,20,,285625,6,0,31 38 9,1,60,,285626,3,,,1,20,,285627,3,,,1,20,,285628,3,,,1,60,,285629,3,0,52 38 9,1,5,,285630,6,0,31 38 9,1,25,,285631,3,,,1,55,,285632,3,,,1,10,,285633,3,,,1,5,,285634,6,0,37 38 9,1,20,,285635,3,,,1,15,,285636,3,,,1,55,,285637,3,,,1,10,,285638,6,0,37 38 9,1,5,,285639,3,,,1,25,,285640,3,,,1,55,,285641,3,,,1,10,,285642,6,0,37 38 9,1,35,,285643,3,,,1,70,,285644,3,,,1,30,,285645,6,0,37 38 9,1,70,,285646,3,,,1,100,,285647,3,,,1,100,,285648,6,0,31 38 9,1,100,,285649,3,,,1,100,,285650,6,0,31 38 9,1,200,,285651,6,0,31 38 9,1
4001,'20261014',418,,285652,6,0,31 38 9,1,100,,285653,6,0,31 38 9,1,30,,285654,3,,,1,70,,285655,6,0,31 38 9,1,15,,285656,3,,,1,15,,285657,3,,,1,55,,285658,3,,,1,15,,285659,3,,,1,5,,285660,6,0,37 38 9,1,20,,285661,3,,,1,65,,285662,3,,,1,10,,285663,6,0,37 38 9,1,20,,285664,3,,,1,20,,285665,3,,,1,60,,285666,6,0,37 38 9,1,35,,285667,6,0,31 38 9,1,65,,285668,3,,,1,35,,285669,6,0,31 38 9,1,55,,285670,3,0,52 38 9,1,35,,285671,6,0,31 38 9,1,75,,285672,3,,,1,30,,285673,3,,,1,60,,285674,3,0,52 38 9,1,30,,285675,3,,,1,20,,285676,6,0,31 38 9,1,60,,285677,3,,,1,20,,285678,3,,,1,20,,285679,3,,,1,60,,285680,3,0,52 38 9,1,5,,285681,6,0,31 38 9,1,25,,285682,3,,,1,55,,285683,3,,,1,10,,285684,3,,,1,5,,285685,6,0,37 38 9,1,20,,285686,3,,,1,15,,285687,3,,,1,55,,285688,3,,,1,10,,285689,6,0,37 38 9,1,5,,285690,3,,,1,25,,285691,3,,,1,55,,285692,3,,,1,10,,285693,6,0,37 38 9,1,35,,285694,3,,,1,70,,285695,3,,,1,30,,285696,6,0,37 38 9,1,70,,285697,3,,,1,100,,285698,3,,,1,100,,285699,6,0,31 38 9,1,100,,285700,3,,,1,100,,285701,6,0,31 38 9,1,200,,285702,6,0,31 38 9,1
4001,'20261015',418,,285703,6,0,31 38 9,1,100,,285704,6,0,31 38 9,1,30,,285705,3,,,1,70,,285706,6,0,31 38 9,1,15,,285707,3,,,1,15,,285708,3,,,1,55,,285709,3,,,1,15,,285710,3,,,1,5,,285711,6,0,37 38 9,1,20,,285712,3,,,1,65,,285713,3,,,1,10,,285714,6,0,37 38 9,1,20,,285715,3,,,1,20,,285716,3,,,1,60,,285717,6,0,37 38 9,1,35,,285718,6,0,31 38 9,1,65,,285719,3,,,1,35,,285720,6,0,31 38 9,1,55,,285721,3,0,52 38 9,1,35,,285722,6,0,31 38 9,1,75,,285723,3,,,1,30,,285724,3,,,1,60,,285725,3,0,52 38 9,1,30,,285726,3,,,1,20,,285727,6,0,31 38 9,1,60,,285728,3,,,1,20,,285729,3,,,1,20,,285730,3,,,1,60,,285731,3,0,52 38 9,1,5,,285732,6,0,31 38 9,1,25,,285733,3,,,1,55,,285734,3,,,1,10,,285735,3,,,1,5,,285736,6,0,37 38 9,1,20,,285737,3,,,1,15,,285738,3,,,1,55,,285739,3,,,1,10,,285740,6,0,37 38 9,1,5,,285741,3,,,1,25,,285742,3,,,1,55,,285743,3,,,1,10,,285744,6,0,37 38 9,1,35,,285745,3,,,1,70,,285746,3,,,1,30,,285747,6,0,37 38 9,1,70,,285748,3,,,1,100,,285749,3,,,1,100,,285750,6,0,31 38 9,1,100,,285751,3,,,1,100,,285752,6,0,31 38 9,1,200,,285753,6,0,31 38 9,1
4001,'20261016',418,,285754,6,0,31 38 9,1,100,,285755,6,0,31 38 9,1,30,,285756,3,,,1,70,,285757,6,0,31 38 9,1,15,,285758,3,,,1,15,,285759,3,,,1,55,,285760,3,,,1,15,,285761,3,,,1,5,,285762,6,0,37 38 9,1,20,,285763,3,,,1,65,,285764,3,,,1,10,,285765,6,0,37 38 9,1,20,,285766,3,,,1,20,,285767,3,,,1,60,,285768,6,0,37 38 9,1,35,,285769,6,0,31 38 9,1,65,,285770,3,,,1,35,,285771,6,0,31 38 9,1,55,,285772,3,0,52 38 9,1,35,,285773,6,0,31 38 9,1,75,,285774,3,,,1,30,,285775,3,,,1,60,,285776,3,0,52 38 9,1,30,,285777,3,,,1,20,,285778,6,0,31 38 9,1,60,,285779,3,,,1,20,,285780,3,,,1,20,,285781,3,,,1,60,,285782,3,0,52 38 9,1,5,,285783,6,0,31 38 9,1,25,,285784,3,,,1,55,,285785,3,,,1,10,,285786,3,,,1,5,,285787,6,0,37 38 9,1,20,,285788,3,,,1,15,,285789,3,,,1,55,,285790,3,,,1,10,,285791,6,0,37 38 9,1,5,,285792,3,,,1,25,,285793,3,,,1,55,,285794,3,,,1,10,,285795,6,0,37 38 9,1,35,,285796,3,,,1,70,,285797,3,,,1,30,,285798,6,0,37 38 9,1,70,,285799,3,,,1,100,,285800,3,,,1,100,,285801,6,0,31 38 9,1,100,,285802,3,,,1,100,,285803,6,0,31 38 9,1,200,,285804,6,0,31 38 9,1
4001,'20261017',418,,285805,6,0,31 38 9,1,200,,285806,6,0,31 38 9,1,100,,285807,3,,,1,30,,285808,3,,,1,70,,285809,6,0,31 38 9,1,30,,285810,3,,,1,70,,285811,6,0,31 38 9,1,30,,285812,3,,,1,70,,285813,6,0,31 38 9,1,30,,285814,3,,,1,70,,285815,6,0,31 38 9,1,30,,285816,3,,,1,70,,285817,6,0,31 38 9,1,30,,285818,3,,,1,70,,285819,6,0,31 38 9,1,30,,285820,3,,,1,70,,285821,3,,,1,20,,285822,3,,,1,20,,285823,3,,,1,60,,285824,6,0,31 38 9,1,20,,285825,3,,,1,20,,285826,3,,,1,60,,285827,3,,,1,20,,285828,3,,,1,20,,285829,3,,,1,60,,285830,6,0,31 38 9,1,20,,285831,3,,,1,20,,285832,3,,,1,60,,285833,6,0,31 38 9,1,20,,285834,3,,,1,20,,285835,3,,,1,60,,285836,3,,,1,30,,285837,3,,,1,70,,285838,6,0,31 38 9,1,100,,285839,3,,,1,100,,285840,6,0,31 38 9,1,100,,285841,3,,,1,100,,285842,6,0,31 38 9,1,200,,285843,6,0,31 38 9,1
4001,'20261018',418,,285844,6,0,31 38 9,1,200,,285845,6,0,31 38 9,1,100,,285846,3,,,1,30,,285847,3,,,1,70,,285848,6,0,31 38 9,1,30,,285849,3,,,1,70,,285850,6,0,31 38 9,1,30,,285851,3,,,1,70,,285852,6,0,31 38 9,1,30,,285853,3,,,1,70,,285854,6,0,31 38 9,1,30,,285855,3,,,1,70,,285856,6,0,31 38 9,1,30,,285857,3,,,1,70,,285858,6,0,31 38 9,1,30,,285859,3,,,1,70,,285860,3,,,1,20,,285861,3,,,1,20,,285862,3,,,1,60,,285863,6,0,31 38 9,1,20,,285864,3,,,1,20,,285865,3,,,1,60,,285866,3,,,1,20,,285867,3,,,1,20,,285868,3,,,1,60,,285869,6,0,31 38 9,1,20,,285870,3,,,1,20,,285871,3,,,1,60,,285872,6,0,31 38 9,1,20,,285873,3,,,1,20,,285874,3,,,1,60,,285875,3,,,1,30,,285876,3,,,1,70,,285877,6,0,31 38 9,1,100,,285878,3,,,1,100,,285879,6,0,31 38 9,1,100,,285880,3,,,1,100,,285881,6,0,31 38 9,1,200,,285882,6,0,31 38 9,1
4001,'20261019',418,,285883,6,0,31 38 9,1,100,,285884,6,0,31 38 9,1,30,,285885,3,,,1,70,,285886,6,0,31 38 9,1,15,,285887,3,,,1,15,,285888,3,,,1,55,,285889,3,,,1,15,,285890,3,,,1,5,,285891,6,0,37 38 9,1,20,,285892,3,,,1,65,,285893,3,,,1,10,,285894,6,0,37 38 9,1,20,,285895,3,,,1,20,,285896,3,,,1,60,,285897,6,0,37 38 9,1,35,,285898,6,0,31 38 9,1,65,,285899,3,,,1,35,,285900,6,0,31 38 9,1,55,,285901,3,0,52 38 9,1,35,,285902,6,0,31 38 9,1,75,,285903,3,,,1,30,,285904,3,,,1,60,,285905,3,0,52 38 9,1,30,,285906,3,,,1,20,,285907,6,0,31 38 9,1,60,,285908,3,,,1,20,,285909,3,,,1,20,,285910,3,,,1,60,,285911,3,0,52 38 9,1,5,,285912,6,0,31 38 9,1,25,,285913,3,,,1,55,,285914,3,,,1,10,,285915,3,,,1,5,,285916,6,0,37 38 9,1,20,,285917,3,,,1,15,,285918,3,,,1,55,,285919,3,,,1,10,,285920,6,0,37 38 9,1,5,,285921,3,,,1,25,,285922,3,,,1,55,,285923,3,,,1,10,,285924,6,0,37 38 9,1,35,,285925,3,,,1,70,,285926,3,,,1,30,,285927,6,0,37 38 9,1,70,,285928,3,,,1,100,,285929,3,,,1,100,,285930,6,0,31 38 9,1,100,,285931,3,,,1,100,,285932,6,0,31 38 9,1,200,,285933,6,0,31 38 9,1
4001,'20261020',418,,285934,6,0,31 38 9,1,100,,285935,6,0,31 38 9,1,30,,285936,3,,,1,70,,285937,6,0,31 38 9,1,15,,285938,3,,,1,15,,285939,3,,,1,55,,285940,3,,,1,15,,285941,3,,,1,5,,285942,6,0,37 38 9,1,20,,285943,3,,,1,65,,285944,3,,,1,10,,285945,6,0,37 38 9,1,20,,285946,3,,,1,20,,285947,3,,,1,60,,285948,6,0,37 38 9,1,35,,285949,6,0,31 38 9,1,65,,285950,3,,,1,35,,285951,6,0,31 38 9,1,55,,285952,3,0,52 38 9,1,35,,285953,6,0,31 38 9,1,75,,285954,3,,,1,30,,285955,3,,,1,60,,285956,3,0,52 38 9,1,30,,285957,3,,,1,20,,285958,6,0,31 38 9,1,60,,285959,3,,,1,20,,285960,3,,,1,20,,285961,3,,,1,60,,285962,3,0,52 38 9,1,5,,285963,6,0,31 38 9,1,25,,285964,3,,,1,55,,285965,3,,,1,10,,285966,3,,,1,5,,285967,6,0,37 38 9,1,20,,285968,3,,,1,15,,285969,3,,,1,55,,285970,3,,,1,10,,285971,6,0,37 38 9,1,5,,285972,3,,,1,25,,285973,3,,,1,55,,285974,3,,,1,10,,285975,6,0,37 38 9,1,35,,285976,3,,,1,70,,285977,3,,,1,30,,285978,6,0,37 38 9,1,70,,285979,3,,,1,100,,285980,3,,,1,100,,285981,6,0,31 38 9,1,100,,285982,3,,,1,100,,285983,6,0,31 38 9,1,200,,285984,6,0,31 38 9,1
4001,'20261021',418,,285985,6,0,31 38 9,1,100,,285986,6,0,31 38 9,1,30,,285987,3,,,1,70,,285988,6,0,31 38 9,1,15,,285989,3,,,1,15,,285990,3,,,1,55,,285991,3,,,1,15,,285992,3,,,1,5,,285993,6,0,37 38 9,1,20,,285994,3,,,1,65,,285995,3,,,1,10,,285996,6,0,37 38 9,1,20,,285997,3,,,1,20,,285998,3,,,1,60,,285999,6,0,37 38 9,1,35,,286000,6,0,31 38 9,1,65,,286001,3,,,1,35,,286002,6,0,31 38 9,1,55,,286003,3,0,52 38 9,1,35,,286004,6,0,31 38 9,1,75,,286005,3,,,1,30,,286006,3,,,1,60,,286007,3,0,52 38 9,1,30,,286008,3,,,1,20,,286009,6,0,31 38 9,1,60,,286010,3,,,1,20,,286011,3,,,1,20,,286012,3,,,1,60,,286013,3,0,52 38 9,1,5,,286014,6,0,31 38 9,1,25,,286015,3,,,1,55,,286016,3,,,1,10,,286017,3,,,1,5,,286018,6,0,37 38 9,1,20,,286019,3,,,1,15,,286020,3,,,1,55,,286021,3,,,1,10,,286022,6,0,37 38 9,1,5,,286023,3,,,1,25,,286024,3,,,1,55,,286025,3,,,1,10,,286026,6,0,37 38 9,1,35,,286027,3,,,1,70,,286028,3,,,1,30,,286029,6,0,37 38 9,1,70,,286030,3,,,1,100,,286031,3,,,1,100,,286032,6,0,31 38 9,1,100,,286033,3,,,1,100,,286034,6,0,31 38 9,1,200,,286035,6,0,31 38 9,1
4001,'20261022',418,,286036,6,0,31 38 9,1,100,,286037,6,0,31 38 9,1,30,,286038,3,,,1,70,,286039,6,0,31 38 9,1,15,,286040,3,,,1,15,,286041,3,,,1,55,,286042,3,,,1,15,,286043,3,,,1,5,,286044,6,0,37 38 9,1,20,,286045,3,,,1,65,,286046,3,,,1,10,,286047,6,0,37 38 9,1,20,,286048,3,,,1,20,,286049,3,,,1,60,,286050,6,0,37 38 9,1,35,,286051,6,0,31 38 9,1,65,,286052,3,,,1,35,,286053,6,0,31 38 9,1,55,,286054,3,0,52 38 9,1,35,,286055,6,0,31 38 9,1,75,,286056,3,,,1,30,,286057,3,,,1,60,,286058,3,0,52 38 9,1,30,,286059,3,,,1,20,,286060,6,0,31 38 9,1,60,,286061,3,,,1,20,,286062,3,,,1,20,,286063,3,,,1,60,,286064,3,0,52 38 9,1,5,,286065,6,0,31 38 9,1,25,,286066,3,,,1,55,,286067,3,,,1,10,,286068,3,,,1,5,,286069,6,0,37 38 9,1,20,,286070,3,,,1,15,,286071,3,,,1,55,,286072,3,,,1,10,,286073,6,0,37 38 9,1,5,,286074,3,,,1,25,,286075,3,,,1,55,,286076,3,,,1,10,,286077,6,0,37 38 9,1,35,,286078,3,,,1,70,,286079,3,,,1,30,,286080,6,0,37 38 9,1,70,,286081,3,,,1,100,,286082,3,,,1,100,,286083,6,0,31 38 9,1,100,,286084,3,,,1,100,,286085,6,0,31 38 9,1,200,,286086,6,0,31 38 9,1
4001,'20261023',418,,286087,6,0,31 38 9,1,100,,286088,6,0,31 38 9,1,30,,286089,3,,,1,70,,286090,6,0,31 38 9,1,15,,286091,3,,,1,15,,286092,3,,,1,55,,286093,3,,,1,15,,286094,3,,,1,5,,286095,6,0,37 38 9,1,20,,286096,3,,,1,65,,286097,3,,,1,10,,286098,6,0,37 38 9,1,20,,286099,3,,,1,20,,286100,3,,,1,60,,286101,6,0,37 38 9,1,35,,286102,6,0,31 38 9,1,65,,286103,3,,,1,35,,286104,6,0,31 38 9,1,55,,286105,3,0,52 38 9,1,35,,286106,6,0,31 38 9,1,75,,286107,3,,,1,30,,286108,3,,,1,60,,286109,3,0,52 38 9,1,30,,286110,3,,,1,20,,286111,6,0,31 38 9,1,60,,286112,3,,,1,20,,286113,3,,,1,20,,286114,3,,,1,60,,286115,3,0,52 38 9,1,5,,286116,6,0,31 38 9,1,25,,286117,3,,,1,55,,286118,3,,,1,10,,286119,3,,,1,5,,286120,6,0,37 38 9,1,20,,286121,3,,,1,15,,286122,3,,,1,55,,286123,3,,,1,10,,286124,6,0,37 38 9,1,5,,286125,3,,,1,25,,286126,3,,,1,55,,286127,3,,,1,10,,286128,6,0,37 38 9,1,35,,286129,3,,,1,70,,286130,3,,,1,30,,286131,6,0,37 38 9,1,70,,286132,3,,,1,100,,286133,3,,,1,100,,286134,6,0,31 38 9,1,100,,286135,3,,,1,100,,286136,6,0,31 38 9,1,200,,286137,6,0,31 38 9,1
4001,'20261024',418,,286138,6,0,31 38 9,1,200,,286139,6,0,31 38 9,1,100,,286140,3,,,1,30,,286141,3,,,1,70,,286142,6,0,31 38 9,1,30,,286143,3,,,1,70,,286144,6,0,31 38 9,1,30,,286145,3,,,1,70,,286146,6,0,31 38 9,1,30,,286147,3,,,1,70,,286148,6,0,31 38 9,1,30,,286149,3,,,1,70,,286150,6,0,31 38 9,1,30,,286151,3,,,1,70,,286152,6,0,31 38 9,1,30,,286153,3,,,1,70,,286154,3,,,1,20,,286155,3,,,1,20,,286156,3,,,1,60,,286157,6,0,31 38 9,1,20,,286158,3,,,1,20,,286159,3,,,1,60,,286160,3,,,1,20,,286161,3,,,1,20,,286162,3,,,1,60,,286163,6,0,31 38 9,1,20,,286164,3,,,1,20,,286165,3,,,1,60,,286166,6,0,31 38 9,1,20,,286167,3,,,1,20,,286168,3,,,1,60,,286169,3,,,1,30,,286170,3,,,1,70,,286171,6,0,31 38 9,1,100,,286172,3,,,1,100,,286173,6,0,31 38 9,1,100,,286174,3,,,1,100,,286175,6,0,31 38 9,1,200,,286176,6,0,31 38 9,1
4001,'20261025',418,,286177,6,0,31 38 9,1,200,,286178,6,0,31 38 9,1,100,,286179,3,,,1,30,,286180,3,,,1,70,,286181,6,0,31 38 9,1,30,,286182,3,,,1,70,,286183,6,0,31 38 9,1,30,,286184,3,,,1,70,,286185,6,0,31 38 9,1,30,,286186,3,,,1,70,,286187,6,0,31 38 9,1,30,,286188,3,,,1,70,,286189,6,0,31 38 9,1,30,,286190,3,,,1,70,,286191,6,0,31 38 9,1,30,,286192,3,,,1,70,,286193,3,,,1,20,,286194,3,,,1,20,,286195,3,,,1,60,,286196,6,0,31 38 9,1,20,,286197,3,,,1,20,,286198,3,,,1,60,,286199,3,,,1,20,,286200,3,,,1,20,,286201,3,,,1,60,,286202,6,0,31 38 9,1,20,,286203,3,,,1,20,,286204,3,,,1,60,,286205,6,0,31 38 9,1,20,,286206,3,,,1,20,,286207,3,,,1,60,,286208,3,,,1,30,,286209,3,,,1,70,,286210,6,0,31 38 9,1,100,,286211,3,,,1,100,,286212,6,0,31 38 9,1,100,,286213,3,,,1,100,,286214,6,0,31 38 9,1,200,,286215,6,0,31 38 9,1
4001,'20261026',418,,286216,6,0,31 38 9,1,100,,286217,6,0,31 38 9,1,30,,286218,3,,,1,70,,286219,6,0,31 38 9,1,15,,286220,3,,,1,15,,286221,3,,,1,55,,286222,3,,,1,15,,286223,3,,,1,5,,286224,6,0,37 38 9,1,20,,286225,3,,,1,65,,286226,3,,,1,10,,286227,6,0,37 38 9,1,20,,286228,3,,,1,20,,286229,3,,,1,60,,286230,6,0,37 38 9,1,35,,286231,6,0,31 38 9,1,65,,286232,3,,,1,35,,286233,6,0,31 38 9,1,55,,286234,3,0,52 38 9,1,35,,286235,6,0,31 38 9,1,75,,286236,3,,,1,30,,286237,3,,,1,60,,286238,3,0,52 38 9,1,30,,286239,3,,,1,20,,286240,6,0,31 38 9,1,60,,286241,3,,,1,20,,286242,3,,,1,20,,286243,3,,,1,60,,286244,3,0,52 38 9,1,5,,286245,6,0,31 38 9,1,25,,286246,3,,,1,55,,286247,3,,,1,10,,286248,3,,,1,5,,286249,6,0,37 38 9,1,20,,286250,3,,,1,15,,286251,3,,,1,55,,286252,3,,,1,10,,286253,6,0,37 38 9,1,5,,286254,3,,,1,25,,286255,3,,,1,55,,286256,3,,,1,10,,286257,6,0,37 38 9,1,35,,286258,3,,,1,70,,286259,3,,,1,30,,286260,6,0,37 38 9,1,70,,286261,3,,,1,100,,286262,3,,,1,100,,286263,6,0,31 38 9,1,100,,286264,3,,,1,100,,286265,6,0,31 38 9,1,200,,286266,6,0,31 38 9,1
4001,'20261027',418,,286267,6,0,31 38 9,1,100,,286268,6,0,31 38 9,1,30,,286269,3,,,1,70,,286270,6,0,31 38 9,1,15,,286271,3,,,1,15,,286272,3,,,1,55,,286273,3,,,1,15,,286274,3,,,1,5,,286275,6,0,37 38 9,1,20,,286276,3,,,1,65,,286277,3,,,1,10,,286278,6,0,37 38 9,1,20,,286279,3,,,1,20,,286280,3,,,1,60,,286281,6,0,37 38 9,1,35,,286282,6,0,31 38 9,1,65,,286283,3,,,1,35,,286284,6,0,31 38 9,1,55,,286285,3,0,52 38 9,1,35,,286286,6,0,31 38 9,1,75,,286287,3,,,1,30,,286288,3,,,1,60,,286289,3,0,52 38 9,1,30,,286290,3,,,1,20,,286291,6,0,31 38 9,1,60,,286292,3,,,1,20,,286293,3,,,1,20,,286294,3,,,1,60,,286295,3,0,52 38 9,1,5,,286296,6,0,31 38 9,1,25,,286297,3,,,1,55,,286298,3,,,1,10,,286299,3,,,1,5,,286300,6,0,37 38 9,1,20,,286301,3,,,1,15,,286302,3,,,1,55,,286303,3,,,1,10,,286304,6,0,37 38 9,1,5,,286305,3,,,1,25,,286306,3,,,1,55,,286307,3,,,1,10,,286308,6,0,37 38 9,1,35,,286309,3,,,1,70,,286310,3,,,1,30,,286311,6,0,37 38 9,1,70,,286312,3,,,1,100,,286313,3,,,1,100,,286314,6,0,31 38 9,1,100,,286315,3,,,1,100,,286316,6,0,31 38 9,1,200,,286317,6,0,31 38 9,1
4001,'20261028',418,,286318,6,0,31 38 9,1,100,,286319,6,0,31 38 9,1,30,,286320,3,,,1,70,,286321,6,0,31 38 9,1,15,,286322,3,,,1,15,,286323,3,,,1,55,,286324,3,,,1,15,,286325,3,,,1,5,,286326,6,0,37 38 9,1,20,,286327,3,,,1,65,,286328,3,,,1,10,,286329,6,0,37 38 9,1,20,,286330,3,,,1,20,,286331,3,,,1,60,,286332,6,0,37 38 9,1,35,,286333,6,0,31 38 9,1,65,,286334,3,,,1,35,,286335,6,0,31 38 9,1,55,,286336,3,0,52 38 9,1,35,,286337,6,0,31 38 9,1,75,,286338,3,,,1,30,,286339,3,,,1,60,,286340,3,0,52 38 9,1,30,,286341,3,,,1,20,,286342,6,0,31 38 9,1,60,,286343,3,,,1,20,,286344,3,,,1,20,,286345,3,,,1,60,,286346,3,0,52 38 9,1,5,,286347,6,0,31 38 9,1,25,,286348,3,,,1,55,,286349,3,,,1,10,,286350,3,,,1,5,,286351,6,0,37 38 9,1,20,,286352,3,,,1,15,,286353,3,,,1,55,,286354,3,,,1,10,,286355,6,0,37 38 9,1,5,,286356,3,,,1,25,,286357,3,,,1,55,,286358,3,,,1,10,,286359,6,0,37 38 9,1,35,,286360,3,,,1,70,,286361,3,,,1,30,,286362,6,0,37 38 9,1,70,,286363,3,,,1,100,,286364,3,,,1,100,,286365,6,0,31 38 9,1,100,,286366,3,,,1,100,,286367,6,0,31 38 9,1,200,,286368,6,0,31 38 9,1
4001,'20261029',418,,286369,6,0,31 38 9,1,100,,286370,6,0,31 38 9,1,30,,286371,3,,,1,70,,286372,6,0,31 38 9,1,15,,286373,3,,,1,15,,286374,3,,,1,55,,286375,3,,,1,15,,286376,3,,,1,5,,286377,6,0,37 38 9,1,20,,286378,3,,,1,65,,286379,3,,,1,10,,286380,6,0,37 38 9,1,20,,286381,3,,,1,20,,286382,3,,,1,60,,286383,6,0,37 38 9,1,35,,286384,6,0,31 38 9,1,65,,286385,3,,,1,35,,286386,6,0,31 38 9,1,55,,286387,3,0,52 38 9,1,35,,286388,6,0,31 38 9,1,75,,286389,3,,,1,30,,286390,3,,,1,60,,286391,3,0,52 38 9,1,30,,286392,3,,,1,20,,286393,6,0,31 38 9,1,60,,286394,3,,,1,20,,286395,3,,,1,20,,286396,3,,,1,60,,286397,3,0,52 38 9,1,5,,286398,6,0,31 38 9,1,25,,286399,3,,,1,55,,286400,3,,,1,10,,286401,3,,,1,5,,286402,6,0,37 38 9,1,20,,286403,3,,,1,15,,286404,3,,,1,55,,286405,3,,,1,10,,286406,6,0,37 38 9,1,5,,286407,3,,,1,25,,286408,3,,,1,55,,286409,3,,,1,10,,286410,6,0,37 38 9,1,35,,286411,3,,,1,70,,286412,3,,,1,30,,286413,6,0,37 38 9,1,70,,286414,3,,,1,100,,286415,3,,,1,100,,286416,6,0,31 38 9,1,100,,286417,3,,,1,100,,286418,6,0,31 38 9,1,200,,286419,6,0,31 38 9,1
4001,'20261030',418,,286420,6,0,31 38 9,1,100,,286421,6,0,31 38 9,1,30,,286422,3,,,1,70,,286423,6,0,31 38 9,1,15,,286424,3,,,1,15,,286425,3,,,1,55,,286426,3,,,1,15,,286427,3,,,1,5,,286428,6,0,37 38 9,1,20,,286429,3,,,1,65,,286430,3,,,1,10,,286431,6,0,37 38 9,1,20,,286432,3,,,1,20,,286433,3,,,1,60,,286434,6,0,37 38 9,1,35,,286435,6,0,31 38 9,1,65,,286436,3,,,1,35,,286437,6,0,31 38 9,1,55,,286438,3,0,52 38 9,1,35,,286439,6,0,31 38 9,1,75,,286440,3,,,1,30,,286441,3,,,1,60,,286442,3,0,52 38 9,1,30,,286443,3,,,1,20,,286444,6,0,31 38 9,1,60,,286445,3,,,1,20,,286446,3,,,1,20,,286447,3,,,1,60,,286448,3,0,52 38 9,1,5,,286449,6,0,31 38 9,1,25,,286450,3,,,1,55,,286451,3,,,1,10,,286452,3,,,1,5,,286453,6,0,37 38 9,1,20,,286454,3,,,1,15,,286455,3,,,1,55,,286456,3,,,1,10,,286457,6,0,37 38 9,1,5,,286458,3,,,1,25,,286459,3,,,1,55,,286460,3,,,1,10,,286461,6,0,37 38 9,1,35,,286462,3,,,1,70,,286463,3,,,1,30,,286464,6,0,37 38 9,1,70,,286465,3,,,1,100,,286466,3,,,1,100,,286467,6,0,31 38 9,1,100,,286468,3,,,1,100,,286469,6,0,31 38 9,1,200,,286470,6,0,31 38 9,1
4001,'20261031',418,,286471,6,0,31 38 9,1,200,,286472,6,0,31 38 9,1,100,,286473,3,,,1,30,,286474,3,,,1,70,,286475,6,0,31 38 9,1,30,,286476,3,,,1,70,,286477,6,0,31 38 9,1,30,,286478,3,,,1,70,,286479,6,0,31 38 9,1,30,,286480,3,,,1,70,,286481,6,0,31 38 9,1,30,,286482,3,,,1,70,,286483,6,0,31 38 9,1,30,,286484,3,,,1,70,,286485,6,0,31 38 9,1,30,,286486,3,,,1,70,,286487,3,,,1,20,,286488,3,,,1,20,,286489,3,,,1,60,,286490,6,0,31 38 9,1,20,,286491,3,,,1,20,,286492,3,,,1,60,,286493,3,,,1,20,,286494,3,,,1,20,,286495,3,,,1,60,,286496,6,0,31 38 9,1,20,,286497,3,,,1,20,,286498,3,,,1,60,,286499,6,0,31 38 9,1,20,,286500,3,,,1,20,,286501,3,,,1,60,,286502,3,,,1,30,,286503,3,,,1,70,,286504,6,0,31 38 9,1,100,,286505,3,,,1,100,,286506,6,0,31 38 9,1,100,,286507,3,,,1,100,,286508,6,0,31 38 9,1,200,,286509,6,0,31 38 9,1
4001,'20261101',418,,286510,6,0,31 38 9,1,200,,286511,6,0,31 38 9,1,100,,286512,3,,,1,30,,286513,3,,,1,70,,286514,6,0,31 38 9,1,30,,286515,3,,,1,70,,286516,6,0,31 38 9,1,30,,286517,3,,,1,70,,286518,6,0,31 38 9,1,30,,286519,3,,,1,70,,286520,6,0,31 38 9,1,30,,286521,3,,,1,70,,286522,6,0,31 38 9,1,30,,286523,3,,,1,70,,286524,6,0,31 38 9,1,30,,286525,3,,,1,70,,286526,3,,,1,20,,286527,3,,,1,20,,286528,3,,,1,60,,286529,6,0,31 38 9,1,20,,286530,3,,,1,20,,286531,3,,,1,60,,286532,3,,,1,20,,286533,3,,,1,20,,286534,3,,,1,60,,286535,6,0,31 38 9,1,20,,286536,3,,,1,20,,286537,3,,,1,60,,286538,6,0,31 38 9,1,20,,286539,3,,,1,20,,286540,3,,,1,60,,286541,3,,,1,30,,286542,3,,,1,70,,286543,6,0,31 38 9,1,100,,286544,3,,,1,100,,286545,6,0,31 38 9,1,100,,286546,3,,,1,100,,286547,6,0,31 38 9,1,200,,286548,6,0,31 38 9,1
4001,'20261102',418,,286549,6,0,31 38 9,1,100,,286550,6,0,31 38 9,1,30,,286551,3,,,1,70,,286552,6,0,31 38 9,1,15,,286553,3,,,1,15,,286554,3,,,1,55,,286555,3,,,1,15,,286556,3,,,1,5,,286557,6,0,37 38 9,1,20,,286558,3,,,1,65,,286559,3,,,1,10,,286560,6,0,37 38 9,1,20,,286561,3,,,1,20,,286562,3,,,1,60,,286563,6,0,37 38 9,1,35,,286564,6,0,31 38 9,1,65,,286565,3,,,1,35,,286566,6,0,31 38 9,1,55,,286567,3,0,52 38 9,1,35,,286568,6,0,31 38 9,1,75,,286569,3,,,1,30,,286570,3,,,1,60,,286571,3,0,52 38 9,1,30,,286572,3,,,1,20,,286573,6,0,31 38 9,1,60,,286574,3,,,1,20,,286575,3,,,1,20,,286576,3,,,1,60,,286577,3,0,52 38 9,1,5,,286578,6,0,31 38 9,1,25,,286579,3,,,1,55,,286580,3,,,1,10,,286581,3,,,1,5,,286582,6,0,37 38 9,1,20,,286583,3,,,1,15,,286584,3,,,1,55,,286585,3,,,1,10,,286586,6,0,37 38 9,1,5,,286587,3,,,1,25,,286588,3,,,1,55,,286589,3,,,1,10,,286590,6,0,37 38 9,1,35,,286591,3,,,1,70,,286592,3,,,1,30,,286593,6,0,37 38 9,1,70,,286594,3,,,1,100,,286595,3,,,1,100,,286596,6,0,31 38 9,1,100,,286597,3,,,1,100,,286598,6,0,31 38 9,1,200,,286599,6,0,31 38 9,1
4001,'20261103',418,,286600,6,0,31 38 9,1,100,,286601,6,0,31 38 9,1,30,,286602,3,,,1,70,,286603,6,0,31 38 9,1,15,,286604,3,,,1,15,,286605,3,,,1,55,,286606,3,,,1,15,,286607,3,,,1,5,,286608,6,0,37 38 9,1,20,,286609,3,,,1,65,,286610,3,,,1,10,,286611,6,0,37 38 9,1,20,,286612,3,,,1,20,,286613,3,,,1,60,,286614,6,0,37 38 9,1,35,,286615,6,0,31 38 9,1,65,,286616,3,,,1,35,,286617,6,0,31 38 9,1,55,,286618,3,0,52 38 9,1,35,,286619,6,0,31 38 9,1,75,,286620,3,,,1,30,,286621,3,,,1,60,,286622,3,0,52 38 9,1,30,,286623,3,,,1,20,,286624,6,0,31 38 9,1,60,,286625,3,,,1,20,,286626,3,,,1,20,,286627,3,,,1,60,,286628,3,0,52 38 9,1,5,,286629,6,0,31 38 9,1,25,,286630,3,,,1,55,,286631,3,,,1,10,,286632,3,,,1,5,,286633,6,0,37 38 9,1,20,,286634,3,,,1,15,,286635,3,,,1,55,,286636,3,,,1,10,,286637,6,0,37 38 9,1,5,,286638,3,,,1,25,,286639,3,,,1,55,,286640,3,,,1,10,,286641,6,0,37 38 9,1,35,,286642,3,,,1,70,,286643,3,,,1,30,,286644,6,0,37 38 9,1,70,,286645,3,,,1,100,,286646,3,,,1,100,,286647,6,0,31 38 9,1,100,,286648,3,,,1,100,,286649,6,0,31 38 9,1,200,,286650,6,0,31 38 9,1
4001,'20261104',418,,286651,6,0,31 38 9,1,100,,286652,6,0,31 38 9,1,30,,286653,3,,,1,70,,286654,6,0,31 38 9,1,15,,286655,3,,,1,15,,286656,3,,,1,55,,286657,3,,,1,15,,286658,3,,,1,5,,286659,6,0,37 38 9,1,20,,286660,3,,,1,65,,286661,3,,,1,10,,286662,6,0,37 38 9,1,20,,286663,3,,,1,20,,286664,3,,,1,60,,286665,6,0,37 38 9,1,35,,286666,6,0,31 38 9,1,65,,286667,3,,,1,35,,286668,6,0,31 38 9,1,55,,286669,3,0,52 38 9,1,35,,286670,6,0,31 38 9,1,75,,286671,3,,,1,30,,286672,3,,,1,60,,286673,3,0,52 38 9,1,30,,286674,3,,,1,20,,286675,6,0,31 38 9,1,60,,286676,3,,,1,20,,286677,3,,,1,20,,286678,3,,,1,60,,286679,3,0,52 38 9,1,5,,286680,6,0,31 38 9,1,25,,286681,3,,,1,55,,286682,3,,,1,10,,286683,3,,,1,5,,286684,6,0,37 38 9,1,20,,286685,3,,,1,15,,286686,3,,,1,55,,286687,3,,,1,10,,286688,6,0,37 38 9,1,5,,286689,3,,,1,25,,286690,3,,,1,55,,286691,3,,,1,10,,286692,6,0,37 38 9,1,35,,286693,3,,,1,70,,286694,3,,,1,30,,286695,6,0,37 38 9,1,70,,286696,3,,,1,100,,286697,3,,,1,100,,286698,6,0,31 38 9,1,100,,286699,3,,,1,100,,286700,6,0,31 38 9,1,200,,286701,6,0,31 38 9,1
4001,'20261105',418,,286702,6,0,31 38 9,1,100,,286703,6,0,31 38 9,1,30,,286704,3,,,1,70,,286705,6,0,31 38 9,1,15,,286706,3,,,1,15,,286707,3,,,1,55,,286708,3,,,1,15,,286709,3,,,1,5,,286710,6,0,37 38 9,1,20,,286711,3,,,1,65,,286712,3,,,1,10,,286713,6,0,37 38 9,1,20,,286714,3,,,1,20,,286715,3,,,1,60,,286716,6,0,37 38 9,1,35,,286717,6,0,31 38 9,1,65,,286718,3,,,1,35,,286719,6,0,31 38 9,1,55,,286720,3,0,52 38 9,1,35,,286721,6,0,31 38 9,1,75,,286722,3,,,1,30,,286723,3,,,1,60,,286724,3,0,52 38 9,1,30,,286725,3,,,1,20,,286726,6,0,31 38 9,1,60,,286727,3,,,1,20,,286728,3,,,1,20,,286729,3,,,1,60,,286730,3,0,52 38 9,1,5,,286731,6,0,31 38 9,1,25,,286732,3,,,1,55,,286733,3,,,1,10,,286734,3,,,1,5,,286735,6,0,37 38 9,1,20,,286736,3,,,1,15,,286737,3,,,1,55,,286738,3,,,1,10,,286739,6,0,37 38 9,1,5,,286740,3,,,1,25,,286741,3,,,1,55,,286742,3,,,1,10,,286743,6,0,37 38 9,1,35,,286744,3,,,1,70,,286745,3,,,1,30,,286746,6,0,37 38 9,1,70,,286747,3,,,1,100,,286748,3,,,1,100,,286749,6,0,31 38 9,1,100,,286750,3,,,1,100,,286751,6,0,31 38 9,1,200,,286752,6,0,31 38 9,1
4001,'20261106',418,,286753,6,0,31 38 9,1,100,,286754,6,0,31 38 9,1,30,,286755,3,,,1,70,,286756,6,0,31 38 9,1,15,,286757,3,,,1,15,,286758,3,,,1,55,,286759,3,,,1,15,,286760,3,,,1,5,,286761,6,0,37 38 9,1,20,,286762,3,,,1,65,,286763,3,,,1,10,,286764,6,0,37 38 9,1,20,,286765,3,,,1,20,,286766,3,,,1,60,,286767,6,0,37 38 9,1,35,,286768,6,0,31 38 9,1,65,,286769,3,,,1,35,,286770,6,0,31 38 9,1,55,,286771,3,0,52 38 9,1,35,,286772,6,0,31 38 9,1,75,,286773,3,,,1,30,,286774,3,,,1,60,,286775,3,0,52 38 9,1,30,,286776,3,,,1,20,,286777,6,0,31 38 9,1,60,,286778,3,,,1,20,,286779,3,,,1,20,,286780,3,,,1,60,,286781,3,0,52 38 9,1,5,,286782,6,0,31 38 9,1,25,,286783,3,,,1,55,,286784,3,,,1,10,,286785,3,,,1,5,,286786,6,0,37 38 9,1,20,,286787,3,,,1,15,,286788,3,,,1,55,,286789,3,,,1,10,,286790,6,0,37 38 9,1,5,,286791,3,,,1,25,,286792,3,,,1,55,,286793,3,,,1,10,,286794,6,0,37 38 9,1,35,,286795,3,,,1,70,,286796,3,,,1,30,,286797,6,0,37 38 9,1,70,,286798,3,,,1,100,,286799,3,,,1,100,,286800,6,0,31 38 9,1,100,,286801,3,,,1,100,,286802,6,0,31 38 9,1,200,,286803,6,0,31 38 9,1
4001,'20261107',418,,286804,6,0,31 38 9,1,200,,286805,6,0,31 38 9,1,100,,286806,3,,,1,30,,286807,3,,,1,70,,286808,6,0,31 38 9,1,30,,286809,3,,,1,70,,286810,6,0,31 38 9,1,30,,286811,3,,,1,70,,286812,6,0,31 38 9,1,30,,286813,3,,,1,70,,286814,6,0,31 38 9,1,30,,286815,3,,,1,70,,286816,6,0,31 38 9,1,30,,286817,3,,,1,70,,286818,6,0,31 38 9,1,30,,286819,3,,,1,70,,286820,3,,,1,20,,286821,3,,,1,20,,286822,3,,,1,60,,286823,6,0,31 38 9,1,20,,286824,3,,,1,20,,286825,3,,,1,60,,286826,3,,,1,20,,286827,3,,,1,20,,286828,3,,,1,60,,286829,6,0,31 38 9,1,20,,286830,3,,,1,20,,286831,3,,,1,60,,286832,6,0,31 38 9,1,20,,286833,3,,,1,20,,286834,3,,,1,60,,286835,3,,,1,30,,286836,3,,,1,70,,286837,6,0,31 38 9,1,100,,286838,3,,,1,100,,286839,6,0,31 38 9,1,100,,286840,3,,,1,100,,286841,6,0,31 38 9,1,200,,286842,6,0,31 38 9,1
4001,'20261108',418,,286843,6,0,31 38 9,1,200,,286844,6,0,31 38 9,1,100,,286845,3,,,1,30,,286846,3,,,1,70,,286847,6,0,31 38 9,1,30,,286848,3,,,1,70,,286849,6,0,31 38 9,1,30,,286850,3,,,1,70,,286851,6,0,31 38 9,1,30,,286852,3,,,1,70,,286853,6,0,31 38 9,1,30,,286854,3,,,1,70,,286855,6,0,31 38 9,1,30,,286856,3,,,1,70,,286857,6,0,31 38 9,1,30,,286858,3,,,1,70,,286859,3,,,1,20,,286860,3,,,1,20,,286861,3,,,1,60,,286862,6,0,31 38 9,1,20,,286863,3,,,1,20,,286864,3,,,1,60,,286865,3,,,1,20,,286866,3,,,1,20,,286867,3,,,1,60,,286868,6,0,31 38 9,1,20,,286869,3,,,1,20,,286870,3,,,1,60,,286871,6,0,31 38 9,1,20,,286872,3,,,1,20,,286873,3,,,1,60,,286874,3,,,1,30,,286875,3,,,1,70,,286876,6,0,31 38 9,1,100,,286877,3,,,1,100,,286878,6,0,31 38 9,1,100,,286879,3,,,1,100,,286880,6,0,31 38 9,1,200,,286881,6,0,31 38 9,1
4001,'20261109',418,,286882,6,0,31 38 9,1,100,,286883,6,0,31 38 9,1,30,,286884,3,,,1,70,,286885,6,0,31 38 9,1,15,,286886,3,,,1,15,,286887,3,,,1,55,,286888,3,,,1,15,,286889,3,,,1,5,,286890,6,0,37 38 9,1,20,,286891,3,,,1,65,,286892,3,,,1,10,,286893,6,0,37 38 9,1,20,,286894,3,,,1,20,,286895,3,,,1,60,,286896,6,0,37 38 9,1,35,,286897,6,0,31 38 9,1,65,,286898,3,,,1,35,,286899,6,0,31 38 9,1,55,,286900,3,0,52 38 9,1,35,,286901,6,0,31 38 9,1,75,,286902,3,,,1,30,,286903,3,,,1,60,,286904,3,0,52 38 9,1,30,,286905,3,,,1,20,,286906,6,0,31 38 9,1,60,,286907,3,,,1,20,,286908,3,,,1,20,,286909,3,,,1,60,,286910,3,0,52 38 9,1,5,,286911,6,0,31 38 9,1,25,,286912,3,,,1,55,,286913,3,,,1,10,,286914,3,,,1,5,,286915,6,0,37 38 9,1,20,,286916,3,,,1,15,,286917,3,,,1,55,,286918,3,,,1,10,,286919,6,0,37 38 9,1,5,,286920,3,,,1,25,,286921,3,,,1,55,,286922,3,,,1,10,,286923,6,0,37 38 9,1,35,,286924,3,,,1,70,,286925,3,,,1,30,,286926,6,0,37 38 9,1,70,,286927,3,,,1,100,,286928,3,,,1,100,,286929,6,0,31 38 9,1,100,,286930,3,,,1,100,,286931,6,0,31 38 9,1,200,,286932,6,0,31 38 9,1
4001,'20261110',418,,286933,6,0,31 38 9,1,100,,286934,6,0,31 38 9,1,30,,286935,3,,,1,70,,286936,6,0,31 38 9,1,15,,286937,3,,,1,15,,286938,3,,,1,55,,286939,3,,,1,15,,286940,3,,,1,5,,286941,6,0,37 38 9,1,20,,286942,3,,,1,65,,286943,3,,,1,10,,286944,6,0,37 38 9,1,20,,286945,3,,,1,20,,286946,3,,,1,60,,286947,6,0,37 38 9,1,35,,286948,6,0,31 38 9,1,65,,286949,3,,,1,35,,286950,6,0,31 38 9,1,55,,286951,3,0,52 38 9,1,35,,286952,6,0,31 38 9,1,75,,286953,3,,,1,30,,286954,3,,,1,60,,286955,3,0,52 38 9,1,30,,286956,3,,,1,20,,286957,6,0,31 38 9,1,60,,286958,3,,,1,20,,286959,3,,,1,20,,286960,3,,,1,60,,286961,3,0,52 38 9,1,5,,286962,6,0,31 38 9,1,25,,286963,3,,,1,55,,286964,3,,,1,10,,286965,3,,,1,5,,286966,6,0,37 38 9,1,20,,286967,3,,,1,15,,286968,3,,,1,55,,286969,3,,,1,10,,286970,6,0,37 38 9,1,5,,286971,3,,,1,25,,286972,3,,,1,55,,286973,3,,,1,10,,286974,6,0,37 38 9,1,35,,286975,3,,,1,70,,286976,3,,,1,30,,286977,6,0,37 38 9,1,70,,286978,3,,,1,100,,286979,3,,,1,100,,286980,6,0,31 38 9,1,100,,286981,3,,,1,100,,286982,6,0,31 38 9,1,200,,286983,6,0,31 38 9,1
4001,'20261111',418,,286984,6,0,31 38 9,1,100,,286985,6,0,31 38 9,1,30,,286986,3,,,1,70,,286987,6,0,31 38 9,1,15,,286988,3,,,1,15,,286989,3,,,1,55,,286990,3,,,1,15,,286991,3,,,1,5,,286992,6,0,37 38 9,1,20,,286993,3,,,1,65,,286994,3,,,1,10,,286995,6,0,37 38 9,1,20,,286996,3,,,1,20,,286997,3,,,1,60,,286998,6,0,37 38 9,1,35,,286999,6,0,31 38 9,1,65,,287000,3,,,1,35,,287001,6,0,31 38 9,1,55,,287002,3,0,52 38 9,1,35,,287003,6,0,31 38 9,1,75,,287004,3,,,1,30,,287005,3,,,1,60,,287006,3,0,52 38 9,1,30,,287007,3,,,1,20,,287008,6,0,31 38 9,1,60,,287009,3,,,1,20,,287010,3,,,1,20,,287011,3,,,1,60,,287012,3,0,52 38 9,1,5,,287013,6,0,31 38 9,1,25,,287014,3,,,1,55,,287015,3,,,1,10,,287016,3,,,1,5,,287017,6,0,37 38 9,1,20,,287018,3,,,1,15,,287019,3,,,1,55,,287020,3,,,1,10,,287021,6,0,37 38 9,1,5,,287022,3,,,1,25,,287023,3,,,1,55,,287024,3,,,1,10,,287025,6,0,37 38 9,1,35,,287026,3,,,1,70,,287027,3,,,1,30,,287028,6,0,37 38 9,1,70,,287029,3,,,1,100,,287030,3,,,1,100,,287031,6,0,31 38 9,1,100,,287032,3,,,1,100,,287033,6,0,31 38 9,1,200,,287034,6,0,31 38 9,1
4001,'20261112',418,,287035,6,0,31 38 9,1,100,,287036,6,0,31 38 9,1,30,,287037,3,,,1,70,,287038,6,0,31 38 9,1,15,,287039,3,,,1,15,,287040,3,,,1,55,,287041,3,,,1,15,,287042,3,,,1,5,,287043,6,0,37 38 9,1,20,,287044,3,,,1,65,,287045,3,,,1,10,,287046,6,0,37 38 9,1,20,,287047,3,,,1,20,,287048,3,,,1,60,,287049,6,0,37 38 9,1,35,,287050,6,0,31 38 9,1,65,,287051,3,,,1,35,,287052,6,0,31 38 9,1,55,,287053,3,0,52 38 9,1,35,,287054,6,0,31 38 9,1,75,,287055,3,,,1,30,,287056,3,,,1,60,,287057,3,0,52 38 9,1,30,,287058,3,,,1,20,,287059,6,0,31 38 9,1,60,,287060,3,,,1,20,,287061,3,,,1,20,,287062,3,,,1,60,,287063,3,0,52 38 9,1,5,,287064,6,0,31 38 9,1,25,,287065,3,,,1,55,,287066,3,,,1,10,,287067,3,,,1,5,,287068,6,0,37 38 9,1,20,,287069,3,,,1,15,,287070,3,,,1,55,,287071,3,,,1,10,,287072,6,0,37 38 9,1,5,,287073,3,,,1,25,,287074,3,,,1,55,,287075,3,,,1,10,,287076,6,0,37 38 9,1,35,,287077,3,,,1,70,,287078,3,,,1,30,,287079,6,0,37 38 9,1,70,,287080,3,,,1,100,,287081,3,,,1,100,,287082,6,0,31 38 9,1,100,,287083,3,,,1,100,,287084,6,0,31 38 9,1,200,,287085,6,0,31 38 9,1
4001,'20261113',418,,287086,6,0,31 38 9,1,100,,287087,6,0,31 38 9,1,30,,287088,3,,,1,70,,287089,6,0,31 38 9,1,15,,287090,3,,,1,15,,287091,3,,,1,55,,287092,3,,,1,15,,287093,3,,,1,5,,287094,6,0,37 38 9,1,20,,287095,3,,,1,65,,287096,3,,,1,10,,287097,6,0,37 38 9,1,20,,287098,3,,,1,20,,287099,3,,,1,60,,287100,6,0,37 38 9,1,35,,287101,6,0,31 38 9,1,65,,287102,3,,,1,35,,287103,6,0,31 38 9,1,55,,287104,3,0,52 38 9,1,35,,287105,6,0,31 38 9,1,75,,287106,3,,,1,30,,287107,3,,,1,60,,287108,3,0,52 38 9,1,30,,287109,3,,,1,20,,287110,6,0,31 38 9,1,60,,287111,3,,,1,20,,287112,3,,,1,20,,287113,3,,,1,60,,287114,3,0,52 38 9,1,5,,287115,6,0,31 38 9,1,25,,287116,3,,,1,55,,287117,3,,,1,10,,287118,3,,,1,5,,287119,6,0,37 38 9,1,20,,287120,3,,,1,15,,287121,3,,,1,55,,287122,3,,,1,10,,287123,6,0,37 38 9,1,5,,287124,3,,,1,25,,287125,3,,,1,55,,287126,3,,,1,10,,287127,6,0,37 38 9,1,35,,287128,3,,,1,70,,287129,3,,,1,30,,287130,6,0,37 38 9,1,70,,287131,3,,,1,100,,287132,3,,,1,100,,287133,6,0,31 38 9,1,100,,287134,3,,,1,100,,287135,6,0,31 38 9,1,200,,287136,6,0,31 38 9,1
4001,'20261114',418,,287137,6,0,31 38 9,1,200,,287138,6,0,31 38 9,1,100,,287139,3,,,1,30,,287140,3,,,1,70,,287141,6,0,31 38 9,1,30,,287142,3,,,1,70,,287143,6,0,31 38 9,1,30,,287144,3,,,1,70,,287145,6,0,31 38 9,1,30,,287146,3,,,1,70,,287147,6,0,31 38 9,1,30,,287148,3,,,1,70,,287149,6,0,31 38 9,1,30,,287150,3,,,1,70,,287151,6,0,31 38 9,1,30,,287152,3,,,1,70,,287153,3,,,1,20,,287154,3,,,1,20,,287155,3,,,1,60,,287156,6,0,31 38 9,1,20,,287157,3,,,1,20,,287158,3,,,1,60,,287159,3,,,1,20,,287160,3,,,1,20,,287161,3,,,1,60,,287162,6,0,31 38 9,1,20,,287163,3,,,1,20,,287164,3,,,1,60,,287165,6,0,31 38 9,1,20,,287166,3,,,1,20,,287167,3,,,1,60,,287168,3,,,1,30,,287169,3,,,1,70,,287170,6,0,31 38 9,1,100,,287171,3,,,1,100,,287172,6,0,31 38 9,1,100,,287173,3,,,1,100,,287174,6,0,31 38 9,1,200,,287175,6,0,31 38 9,1
4001,'20261115',418,,287176,6,0,31 38 9,1,200,,287177,6,0,31 38 9,1,100,,287178,3,,,1,30,,287179,3,,,1,70,,287180,6,0,31 38 9,1,30,,287181,3,,,1,70,,287182,6,0,31 38 9,1,30,,287183,3,,,1,70,,287184,6,0,31 38 9,1,30,,287185,3,,,1,70,,287186,6,0,31 38 9,1,30,,287187,3,,,1,70,,287188,6,0,31 38 9,1,30,,287189,3,,,1,70,,287190,6,0,31 38 9,1,30,,287191,3,,,1,70,,287192,3,,,1,20,,287193,3,,,1,20,,287194,3,,,1,60,,287195,6,0,31 38 9,1,20,,287196,3,,,1,20,,287197,3,,,1,60,,287198,3,,,1,20,,287199,3,,,1,20,,287200,3,,,1,60,,287201,6,0,31 38 9,1,20,,287202,3,,,1,20,,287203,3,,,1,60,,287204,6,0,31 38 9,1,20,,287205,3,,,1,20,,287206,3,,,1,60,,287207,3,,,1,30,,287208,3,,,1,70,,287209,6,0,31 38 9,1,100,,287210,3,,,1,100,,287211,6,0,31 38 9,1,100,,287212,3,,,1,100,,287213,6,0,31 38 9,1,200,,287214,6,0,31 38 9,1
4001,'20261116',418,,287215,6,0,31 38 9,1,100,,287216,6,0,31 38 9,1,30,,287217,3,,,1,70,,287218,6,0,31 38 9,1,15,,287219,3,,,1,15,,287220,3,,,1,55,,287221,3,,,1,15,,287222,3,,,1,5,,287223,6,0,37 38 9,1,20,,287224,3,,,1,65,,287225,3,,,1,10,,287226,6,0,37 38 9,1,20,,287227,3,,,1,20,,287228,3,,,1,60,,287229,6,0,37 38 9,1,35,,287230,6,0,31 38 9,1,65,,287231,3,,,1,35,,287232,6,0,31 38 9,1,55,,287233,3,0,52 38 9,1,35,,287234,6,0,31 38 9,1,75,,287235,3,,,1,30,,287236,3,,,1,60,,287237,3,0,52 38 9,1,30,,287238,3,,,1,20,,287239,6,0,31 38 9,1,60,,287240,3,,,1,20,,287241,3,,,1,20,,287242,3,,,1,60,,287243,3,0,52 38 9,1,5,,287244,6,0,31 38 9,1,25,,287245,3,,,1,55,,287246,3,,,1,10,,287247,3,,,1,5,,287248,6,0,37 38 9,1,20,,287249,3,,,1,15,,287250,3,,,1,55,,287251,3,,,1,10,,287252,6,0,37 38 9,1,5,,287253,3,,,1,25,,287254,3,,,1,55,,287255,3,,,1,10,,287256,6,0,37 38 9,1,35,,287257,3,,,1,70,,287258,3,,,1,30,,287259,6,0,37 38 9,1,70,,287260,3,,,1,100,,287261,3,,,1,100,,287262,6,0,31 38 9,1,100,,287263,3,,,1,100,,287264,6,0,31 38 9,1,200,,287265,6,0,31 38 9,1
4001,'20261117',418,,287266,6,0,31 38 9,1,100,,287267,6,0,31 38 9,1,30,,287268,3,,,1,70,,287269,6,0,31 38 9,1,15,,287270,3,,,1,15,,287271,3,,,1,55,,287272,3,,,1,15,,287273,3,,,1,5,,287274,6,0,37 38 9,1,20,,287275,3,,,1,65,,287276,3,,,1,10,,287277,6,0,37 38 9,1,20,,287278,3,,,1,20,,287279,3,,,1,60,,287280,6,0,37 38 9,1,35,,287281,6,0,31 38 9,1,65,,287282,3,,,1,35,,287283,6,0,31 38 9,1,55,,287284,3,0,52 38 9,1,35,,287285,6,0,31 38 9,1,75,,287286,3,,,1,30,,287287,3,,,1,60,,287288,3,0,52 38 9,1,30,,287289,3,,,1,20,,287290,6,0,31 38 9,1,60,,287291,3,,,1,20,,287292,3,,,1,20,,287293,3,,,1,60,,287294,3,0,52 38 9,1,5,,287295,6,0,31 38 9,1,25,,287296,3,,,1,55,,287297,3,,,1,10,,287298,3,,,1,5,,287299,6,0,37 38 9,1,20,,287300,3,,,1,15,,287301,3,,,1,55,,287302,3,,,1,10,,287303,6,0,37 38 9,1,5,,287304,3,,,1,25,,287305,3,,,1,55,,287306,3,,,1,10,,287307,6,0,37 38 9,1,35,,287308,3,,,1,70,,287309,3,,,1,30,,287310,6,0,37 38 9,1,70,,287311,3,,,1,100,,287312,3,,,1,100,,287313,6,0,31 38 9,1,100,,287314,3,,,1,100,,287315,6,0,31 38 9,1,200,,287316,6,0,31 38 9,1
4001,'20261118',418,,287317,6,0,31 38 9,1,100,,287318,6,0,31 38 9,1,30,,287319,3,,,1,70,,287320,6,0,31 38 9,1,15,,287321,3,,,1,15,,287322,3,,,1,55,,287323,3,,,1,15,,287324,3,,,1,5,,287325,6,0,37 38 9,1,20,,287326,3,,,1,65,,287327,3,,,1,10,,287328,6,0,37 38 9,1,20,,287329,3,,,1,20,,287330,3,,,1,60,,287331,6,0,37 38 9,1,35,,287332,6,0,31 38 9,1,65,,287333,3,,,1,35,,287334,6,0,31 38 9,1,55,,287335,3,0,52 38 9,1,35,,287336,6,0,31 38 9,1,75,,287337,3,,,1,30,,287338,3,,,1,60,,287339,3,0,52 38 9,1,30,,287340,3,,,1,20,,287341,6,0,31 38 9,1,60,,287342,3,,,1,20,,287343,3,,,1,20,,287344,3,,,1,60,,287345,3,0,52 38 9,1,5,,287346,6,0,31 38 9,1,25,,287347,3,,,1,55,,287348,3,,,1,10,,287349,3,,,1,5,,287350,6,0,37 38 9,1,20,,287351,3,,,1,15,,287352,3,,,1,55,,287353,3,,,1,10,,287354,6,0,37 38 9,1,5,,287355,3,,,1,25,,287356,3,,,1,55,,287357,3,,,1,10,,287358,6,0,37 38 9,1,35,,287359,3,,,1,70,,287360,3,,,1,30,,287361,6,0,37 38 9,1,70,,287362,3,,,1,100,,287363,3,,,1,100,,287364,6,0,31 38 9,1,100,,287365,3,,,1,100,,287366,6,0,31 38 9,1,200,,287367,6,0,31 38 9,1
4001,'20261119',418,,287368,6,0,31 38 9,1,100,,287369,6,0,31 38 9,1,30,,287370,3,,,1,70,,287371,6,0,31 38 9,1,15,,287372,3,,,1,15,,287373,3,,,1,55,,287374,3,,,1,15,,287375,3,,,1,5,,287376,6,0,37 38 9,1,20,,287377,3,,,1,65,,287378,3,,,1,10,,287379,6,0,37 38 9,1,20,,287380,3,,,1,20,,287381,3,,,1,60,,287382,6,0,37 38 9,1,35,,287383,6,0,31 38 9,1,65,,287384,3,,,1,35,,287385,6,0,31 38 9,1,55,,287386,3,0,52 38 9,1,35,,287387,6,0,31 38 9,1,75,,287388,3,,,1,30,,287389,3,,,1,60,,287390,3,0,52 38 9,1,30,,287391,3,,,1,20,,287392,6,0,31 38 9,1,60,,287393,3,,,1,20,,287394,3,,,1,20,,287395,3,,,1,60,,287396,3,0,52 38 9,1,5,,287397,6,0,31 38 9,1,25,,287398,3,,,1,55,,287399,3,,,1,10,,287400,3,,,1,5,,287401,6,0,37 38 9,1,20,,287402,3,,,1,15,,287403,3,,,1,55,,287404,3,,,1,10,,287405,6,0,37 38 9,1,5,,287406,3,,,1,25,,287407,3,,,1,55,,287408,3,,,1,10,,287409,6,0,37 38 9,1,35,,287410,3,,,1,70,,287411,3,,,1,30,,287412,6,0,37 38 9,1,70,,287413,3,,,1,100,,287414,3,,,1,100,,287415,6,0,31 38 9,1,100,,287416,3,,,1,100,,287417,6,0,31 38 9,1,200,,287418,6,0,31 38 9,1
4001,'20261120',418,,287419,6,0,31 38 9,1,100,,287420,6,0,31 38 9,1,30,,287421,3,,,1,70,,287422,6,0,31 38 9,1,15,,287423,3,,,1,15,,287424,3,,,1,55,,287425,3,,,1,15,,287426,3,,,1,5,,287427,6,0,37 38 9,1,20,,287428,3,,,1,65,,287429,3,,,1,10,,287430,6,0,37 38 9,1,20,,287431,3,,,1,20,,287432,3,,,1,60,,287433,6,0,37 38 9,1,35,,287434,6,0,31 38 9,1,65,,287435,3,,,1,35,,287436,6,0,31 38 9,1,55,,287437,3,0,52 38 9,1,35,,287438,6,0,31 38 9,1,75,,287439,3,,,1,30,,287440,3,,,1,60,,287441,3,0,52 38 9,1,30,,287442,3,,,1,20,,287443,6,0,31 38 9,1,60,,287444,3,,,1,20,,287445,3,,,1,20,,287446,3,,,1,60,,287447,3,0,52 38 9,1,5,,287448,6,0,31 38 9,1,25,,287449,3,,,1,55,,287450,3,,,1,10,,287451,3,,,1,5,,287452,6,0,37 38 9,1,20,,287453,3,,,1,15,,287454,3,,,1,55,,287455,3,,,1,10,,287456,6,0,37 38 9,1,5,,287457,3,,,1,25,,287458,3,,,1,55,,287459,3,,,1,10,,287460,6,0,37 38 9,1,35,,287461,3,,,1,70,,287462,3,,,1,30,,287463,6,0,37 38 9,1,70,,287464,3,,,1,100,,287465,3,,,1,100,,287466,6,0,31 38 9,1,100,,287467,3,,,1,100,,287468,6,0,31 38 9,1,200,,287469,6,0,31 38 9,1
4001,'20261121',418,,287470,6,0,31 38 9,1,200,,287471,6,0,31 38 9,1,100,,287472,3,,,1,30,,287473,3,,,1,70,,287474,6,0,31 38 9,1,30,,287475,3,,,1,70,,287476,6,0,31 38 9,1,30,,287477,3,,,1,70,,287478,6,0,31 38 9,1,30,,287479,3,,,1,70,,287480,6,0,31 38 9,1,30,,287481,3,,,1,70,,287482,6,0,31 38 9,1,30,,287483,3,,,1,70,,287484,6,0,31 38 9,1,30,,287485,3,,,1,70,,287486,3,,,1,20,,287487,3,,,1,20,,287488,3,,,1,60,,287489,6,0,31 38 9,1,20,,287490,3,,,1,20,,287491,3,,,1,60,,287492,3,,,1,20,,287493,3,,,1,20,,287494,3,,,1,60,,287495,6,0,31 38 9,1,20,,287496,3,,,1,20,,287497,3,,,1,60,,287498,6,0,31 38 9,1,20,,287499,3,,,1,20,,287500,3,,,1,60,,287501,3,,,1,30,,287502,3,,,1,70,,287503,6,0,31 38 9,1,100,,287504,3,,,1,100,,287505,6,0,31 38 9,1,100,,287506,3,,,1,100,,287507,6,0,31 38 9,1,200,,287508,6,0,31 38 9,1
4001,'20261122',418,,287509,6,0,31 38 9,1,200,,287510,6,0,31 38 9,1,100,,287511,3,,,1,30,,287512,3,,,1,70,,287513,6,0,31 38 9,1,30,,287514,3,,,1,70,,287515,6,0,31 38 9,1,30,,287516,3,,,1,70,,287517,6,0,31 38 9,1,30,,287518,3,,,1,70,,287519,6,0,31 38 9,1,30,,287520,3,,,1,70,,287521,6,0,31 38 9,1,30,,287522,3,,,1,70,,287523,6,0,31 38 9,1,30,,287524,3,,,1,70,,287525,3,,,1,20,,287526,3,,,1,20,,287527,3,,,1,60,,287528,6,0,31 38 9,1,20,,287529,3,,,1,20,,287530,3,,,1,60,,287531,3,,,1,20,,287532,3,,,1,20,,287533,3,,,1,60,,287534,6,0,31 38 9,1,20,,287535,3,,,1,20,,287536,3,,,1,60,,287537,6,0,31 38 9,1,20,,287538,3,,,1,20,,287539,3,,,1,60,,287540,3,,,1,30,,287541,3,,,1,70,,287542,6,0,31 38 9,1,100,,287543,3,,,1,100,,287544,6,0,31 38 9,1,100,,287545,3,,,1,100,,287546,6,0,31 38 9,1,200,,287547,6,0,31 38 9,1
4001,'20261123',418,,287548,6,0,31 38 9,1,100,,287549,6,0,31 38 9,1,30,,287550,3,,,1,70,,287551,6,0,31 38 9,1,15,,287552,3,,,1,15,,287553,3,,,1,55,,287554,3,,,1,15,,287555,3,,,1,5,,287556,6,0,37 38 9,1,20,,287557,3,,,1,65,,287558,3,,,1,10,,287559,6,0,37 38 9,1,20,,287560,3,,,1,20,,287561,3,,,1,60,,287562,6,0,37 38 9,1,35,,287563,6,0,31 38 9,1,65,,287564,3,,,1,35,,287565,6,0,31 38 9,1,55,,287566,3,0,52 38 9,1,35,,287567,6,0,31 38 9,1,75,,287568,3,,,1,30,,287569,3,,,1,60,,287570,3,0,52 38 9,1,30,,287571,3,,,1,20,,287572,6,0,31 38 9,1,60,,287573,3,,,1,20,,287574,3,,,1,20,,287575,3,,,1,60,,287576,3,0,52 38 9,1,5,,287577,6,0,31 38 9,1,25,,287578,3,,,1,55,,287579,3,,,1,10,,287580,3,,,1,5,,287581,6,0,37 38 9,1,20,,287582,3,,,1,15,,287583,3,,,1,55,,287584,3,,,1,10,,287585,6,0,37 38 9,1,5,,287586,3,,,1,25,,287587,3,,,1,55,,287588,3,,,1,10,,287589,6,0,37 38 9,1,35,,287590,3,,,1,70,,287591,3,,,1,30,,287592,6,0,37 38 9,1,70,,287593,3,,,1,100,,287594,3,,,1,100,,287595,6,0,31 38 9,1,100,,287596,3,,,1,100,,287597,6,0,31 38 9,1,200,,287598,6,0,31 38 9,1
4001,'20261124',418,,287599,6,0,31 38 9,1,100,,287600,6,0,31 38 9,1,30,,287601,3,,,1,70,,287602,6,0,31 38 9,1,15,,287603,3,,,1,15,,287604,3,,,1,55,,287605,3,,,1,15,,287606,3,,,1,5,,287607,6,0,37 38 9,1,20,,287608,3,,,1,65,,287609,3,,,1,10,,287610,6,0,37 38 9,1,20,,287611,3,,,1,20,,287612,3,,,1,60,,287613,6,0,37 38 9,1,35,,287614,6,0,31 38 9,1,65,,287615,3,,,1,35,,287616,6,0,31 38 9,1,55,,287617,3,0,52 38 9,1,35,,287618,6,0,31 38 9,1,75,,287619,3,,,1,30,,287620,3,,,1,60,,287621,3,0,52 38 9,1,30,,287622,3,,,1,20,,287623,6,0,31 38 9,1,60,,287624,3,,,1,20,,287625,3,,,1,20,,287626,3,,,1,60,,287627,3,0,52 38 9,1,5,,287628,6,0,31 38 9,1,25,,287629,3,,,1,55,,287630,3,,,1,10,,287631,3,,,1,5,,287632,6,0,37 38 9,1,20,,287633,3,,,1,15,,287634,3,,,1,55,,287635,3,,,1,10,,287636,6,0,37 38 9,1,5,,287637,3,,,1,25,,287638,3,,,1,55,,287639,3,,,1,10,,287640,6,0,37 38 9,1,35,,287641,3,,,1,70,,287642,3,,,1,30,,287643,6,0,37 38 9,1,70,,287644,3,,,1,100,,287645,3,,,1,100,,287646,6,0,31 38 9,1,100,,287647,3,,,1,100,,287648,6,0,31 38 9,1,200,,287649,6,0,31 38 9,1
4001,'20261125',418,,287650,6,0,31 38 9,1,100,,287651,6,0,31 38 9,1,30,,287652,3,,,1,70,,287653,6,0,31 38 9,1,15,,287654,3,,,1,15,,287655,3,,,1,55,,287656,3,,,1,15,,287657,3,,,1,5,,287658,6,0,37 38 9,1,20,,287659,3,,,1,65,,287660,3,,,1,10,,287661,6,0,37 38 9,1,20,,287662,3,,,1,20,,287663,3,,,1,60,,287664,6,0,37 38 9,1,35,,287665,6,0,31 38 9,1,65,,287666,3,,,1,35,,287667,6,0,31 38 9,1,55,,287668,3,0,52 38 9,1,35,,287669,6,0,31 38 9,1,75,,287670,3,,,1,30,,287671,3,,,1,60,,287672,3,0,52 38 9,1,30,,287673,3,,,1,20,,287674,6,0,31 38 9,1,60,,287675,3,,,1,20,,287676,3,,,1,20,,287677,3,,,1,60,,287678,3,0,52 38 9,1,5,,287679,6,0,31 38 9,1,25,,287680,3,,,1,55,,287681,3,,,1,10,,287682,3,,,1,5,,287683,6,0,37 38 9,1,20,,287684,3,,,1,15,,287685,3,,,1,55,,287686,3,,,1,10,,287687,6,0,37 38 9,1,5,,287688,3,,,1,25,,287689,3,,,1,55,,287690,3,,,1,10,,287691,6,0,37 38 9,1,35,,287692,3,,,1,70,,287693,3,,,1,30,,287694,6,0,37 38 9,1,70,,287695,3,,,1,100,,287696,3,,,1,100,,287697,6,0,31 38 9,1,100,,287698,3,,,1,100,,287699,6,0,31 38 9,1,200,,287700,6,0,31 38 9,1
4001,'20261126',418,,287701,6,0,31 38 9,1,100,,287702,6,0,31 38 9,1,30,,287703,3,,,1,70,,287704,6,0,31 38 9,1,15,,287705,3,,,1,15,,287706,3,,,1,55,,287707,3,,,1,15,,287708,3,,,1,5,,287709,6,0,37 38 9,1,20,,287710,3,,,1,65,,287711,3,,,1,10,,287712,6,0,37 38 9,1,20,,287713,3,,,1,20,,287714,3,,,1,60,,287715,6,0,37 38 9,1,35,,287716,6,0,31 38 9,1,65,,287717,3,,,1,35,,287718,6,0,31 38 9,1,55,,287719,3,0,52 38 9,1,35,,287720,6,0,31 38 9,1,75,,287721,3,,,1,30,,287722,3,,,1,60,,287723,3,0,52 38 9,1,30,,287724,3,,,1,20,,287725,6,0,31 38 9,1,60,,287726,3,,,1,20,,287727,3,,,1,20,,287728,3,,,1,60,,287729,3,0,52 38 9,1,5,,287730,6,0,31 38 9,1,25,,287731,3,,,1,55,,287732,3,,,1,10,,287733,3,,,1,5,,287734,6,0,37 38 9,1,20,,287735,3,,,1,15,,287736,3,,,1,55,,287737,3,,,1,10,,287738,6,0,37 38 9,1,5,,287739,3,,,1,25,,287740,3,,,1,55,,287741,3,,,1,10,,287742,6,0,37 38 9,1,35,,287743,3,,,1,70,,287744,3,,,1,30,,287745,6,0,37 38 9,1,70,,287746,3,,,1,100,,287747,3,,,1,100,,287748,6,0,31 38 9,1,100,,287749,3,,,1,100,,287750,6,0,31 38 9,1,200,,287751,6,0,31 38 9,1
4001,'20261127',418,,287752,6,0,31 38 9,1,100,,287753,6,0,31 38 9,1,30,,287754,3,,,1,70,,287755,6,0,31 38 9,1,15,,287756,3,,,1,15,,287757,3,,,1,55,,287758,3,,,1,15,,287759,3,,,1,5,,287760,6,0,37 38 9,1,20,,287761,3,,,1,65,,287762,3,,,1,10,,287763,6,0,37 38 9,1,20,,287764,3,,,1,20,,287765,3,,,1,60,,287766,6,0,37 38 9,1,35,,287767,6,0,31 38 9,1,65,,287768,3,,,1,35,,287769,6,0,31 38 9,1,55,,287770,3,0,52 38 9,1,35,,287771,6,0,31 38 9,1,75,,287772,3,,,1,30,,287773,3,,,1,60,,287774,3,0,52 38 9,1,30,,287775,3,,,1,20,,287776,6,0,31 38 9,1,60,,287777,3,,,1,20,,287778,3,,,1,20,,287779,3,,,1,60,,287780,3,0,52 38 9,1,5,,287781,6,0,31 38 9,1,25,,287782,3,,,1,55,,287783,3,,,1,10,,287784,3,,,1,5,,287785,6,0,37 38 9,1,20,,287786,3,,,1,15,,287787,3,,,1,55,,287788,3,,,1,10,,287789,6,0,37 38 9,1,5,,287790,3,,,1,25,,287791,3,,,1,55,,287792,3,,,1,10,,287793,6,0,37 38 9,1,35,,287794,3,,,1,70,,287795,3,,,1,30,,287796,6,0,37 38 9,1,70,,287797,3,,,1,100,,287798,3,,,1,100,,287799,6,0,31 38 9,1,100,,287800,3,,,1,100,,287801,6,0,31 38 9,1,200,,287802,6,0,31 38 9,1
4100,'20260831',640,,188258,3,0,7 58 9,1,63,,188260,3,0,7 58 9,1,10,,188262,3,0,7 58 9,1,17,,188264,3,0,7 58 9,1,15,,188266,3,0,7 58 9,1,55,,188268,3,0,31 59 60,1,5,,188269,3,0,31 59 60,1,20,,188271,3,0,7 58 9,1,28,,188274,3,0,7 58 9,1,75,,188277,3,0,7 58 9,1,22,,188279,3,0,7 58 9,1,70,,188281,3,0,7 58 9,1,30,,188283,3,0,7 58 9,1,65,,188285,3,0,7 58 9,1,20,,188287,3,0,7 58 9,1,75,,188289,3,0,31 59 60,1,25,,188291,3,0,31 59 60,1,80,,188293,4,0,5 59 60,1,30,,188295,4,0,5 59 60,1,70,,188297,4,0,5 59 60,1,25,,188299,4,0,5 59 60,1,70,,188301,4,0,5 59 60,1,20,,188303,3,0,31 59 60,1,12,,188304,4,0,5 59 60,1,73,,188306,4,0,5 59 60,1,30,,188308,4,0,5 59 60,1,73,,188310,4,0,5 59 60,1,29,,188312,4,0,5 59 60,1,70,,188314,4,0,5 59 60,1,35,,188316,4,0,5 59 60,1
4100,'20260901',640,,188326,3,0,7 58 9,1,63,,188328,3,0,7 58 9,1,10,,188330,3,0,7 58 9,1,17,,188332,3,0,7 58 9,1,15,,188334,3,0,7 58 9,1,55,,188336,3,0,31 59 60,1,5,,188337,3,0,31 59 60,1,20,,188339,3,0,7 58 9,1,28,,188342,3,0,7 58 9,1,75,,188345,3,0,7 58 9,1,22,,188347,3,0,7 58 9,1,70,,188349,3,0,7 58 9,1,30,,188351,3,0,7 58 9,1,65,,188353,3,0,7 58 9,1,20,,188355,3,0,7 58 9,1,75,,188357,3,0,31 59 60,1,25,,188359,3,0,31 59 60,1,80,,188361,4,0,5 59 60,1,30,,188363,4,0,5 59 60,1,70,,188365,4,0,5 59 60,1,25,,188367,4,0,5 59 60,1,70,,188369,4,0,5 59 60,1,20,,188371,3,0,31 59 60,1,12,,188372,4,0,5 59 60,1,73,,188374,4,0,5 59 60,1,30,,188376,4,0,5 59 60,1,73,,188378,4,0,5 59 60,1,29,,188380,4,0,5 59 60,1,70,,188382,4,0,5 59 60,1,35,,188384,4,0,5 59 60,1
4100,'20260902',640,,188394,3,0,7 58 9,1,63,,188396,3,0,7 58 9,1,10,,188398,3,0,7 58 9,1,17,,188400,3,0,7 58 9,1,15,,188402,3,0,7 58 9,1,55,,188404,3,0,31 59 60,1,5,,188405,3,0,31 59 60,1,20,,188407,3,0,7 58 9,1,28,,188410,3,0,7 58 9,1,75,,188413,3,0,7 58 9,1,22,,188415,3,0,7 58 9,1,70,,188417,3,0,7 58 9,1,30,,188419,3,0,7 58 9,1,65,,188421,3,0,7 58 9,1,20,,188423,3,0,7 58 9,1,75,,188425,3,0,31 59 60,1,25,,188427,3,0,31 59 60,1,80,,188429,4,0,5 59 60,1,30,,188431,4,0,5 59 60,1,70,,188433,4,0,5 59 60,1,25,,188435,4,0,5 59 60,1,70,,188437,4,0,5 59 60,1,20,,188439,3,0,31 59 60,1,12,,188440,4,0,5 59 60,1,73,,188442,4,0,5 59 60,1,30,,188444,4,0,5 59 60,1,73,,188446,4,0,5 59 60,1,29,,188448,4,0,5 59 60,1,70,,188450,4,0,5 59 60,1,35,,188452,4,0,5 59 60,1
4100,'20260903',640,,188462,3,0,7 58 9,1,63,,188464,3,0,7 58 9,1,10,,188466,3,0,7 58 9,1,17,,188468,3,0,7 58 9,1,15,,188470,3,0,7 58 9,1,55,,188472,3,0,31 59 60,1,5,,188473,3,0,31 59 60,1,20,,188475,3,0,7 58 9,1,28,,188478,3,0,7 58 9,1,75,,188481,3,0,7 58 9,1,22,,188483,3,0,7 58 9,1,70,,188485,3,0,7 58 9,1,30,,188487,3,0,7 58 9,1,65,,188489,3,0,7 58 9,1,20,,188491,3,0,7 58 9,1,75,,188493,3,0,31 59 60,1,25,,188495,3,0,31 59 60,1,80,,188497,4,0,5 59 60,1,30,,188499,4,0,5 59 60,1,70,,188501,4,0,5 59 60,1,25,,188503,4,0,5 59 60,1,70,,188505,4,0,5 59 60,1,20,,188507,3,0,31 59 60,1,12,,188508,4,0,5 59 60,1,73,,188510,4,0,5 59 60,1,30,,188512,4,0,5 59 60,1,73,,188514,4,0,5 59 60,1,29,,188516,4,0,5 59 60,1,70,,188518,4,0,5 59 60,1,35,,188520,4,0,5 59 60,1
4100,'20260904',640,,188530,3,0,7 58 9,1,63,,188532,3,0,7 58 9,1,10,,188534,3,0,7 58 9,1,17,,188536,3,0,7 58 9,1,15,,188538,3,0,7 58 9,1,55,,188540,3,0,31 59 60,1,5,,188541,3,0,31 59 60,1,20,,188543,3,0,7 58 9,1,28,,188546,3,0,7 58 9,1,75,,188549,3,0,7 58 9,1,22,,188551,3,0,7 58 9,1,70,,188553,3,0,7 58 9,1,30,,188555,3,0,7 58 9,1,65,,188557,3,0,7 58 9,1,20,,188559,3,0,7 58 9,1,75,,188561,3,0,31 59 60,1,25,,188563,3,0,31 59 60,1,80,,188565,4,0,5 59 60,1,30,,188567,4,0,5 59 60,1,70,,188569,4,0,5 59 60,1,25,,188571,4,0,5 59 60,1,70,,188573,4,0,5 59 60,1,20,,188575,3,0,31 59 60,1,12,,188576,4,0,5 59 60,1,73,,188578,4,0,5 59 60,1,30,,188580,4,0,5 59 60,1,73,,188582,4,0,5 59 60,1,29,,188584,4,0,5 59 60,1,70,,188586,4,0,5 59 60,1,35,,188588,4,0,5 59 60,1
4100,'20260908',640,,287804,3,0,7 58 9,1,63,,287806,3,0,7 58 9,1,10,,287808,3,0,7 58 9,1,12,,287810,3,0,7 58 9,1,20,,287812,3,0,7 58 9,1,5,,287813,3,0,7 58 9,1,50,,287815,3,0,31 59 60,1,5,,287816,3,0,31 59 60,1,5,,287817,3,0,31 59 60,1,15,,287819,3,0,7 58 9,1,13,,287821,3,0,31 59 60,1,15,,287823,3,0,7 58 9,1,55,,287825,3,0,31 59 60,1,20,,287827,3,0,7 58 9,1,12,,287829,3,0,7 58 9,1,15,,287830,3,0,7 58 9,1,55,,287832,3,0,31 59 60,1,10,,287833,3,0,7 58 9,1,15,,287835,3,0,31 59 60,1,15,,287836,3,0,7 58 9,1,55,,287838,3,0,31 59 60,1,10,,287839,3,0,7 58 9,1,20,,287841,3,0,7 58 9,1,75,,287843,3,0,31 59 60,1,25,,287845,3,0,31 59 60,1,70,,287847,3,0,31 59 60,1,5,,287848,4,0,5 59 60,1,25,,287850,3,0,31 59 60,1,10,,287851,4,0,5 59 60,1,65,,287853,4,0,5 59 60,1,30,,287855,4,0,5 59 60,1,65,,287857,4,0,5 59 60,1,32,,287859,4,0,5 59 60,1,78,,287861,4,0,5 59 60,1,35,,287863,4,0,5 59 60,1,65,,287865,4,0,5 59 60,1,37,,287867,4,0,5 59 60,1,65,,287869,4,0,5 59 60,1,40,,287871,4,0,5 59 60,1,68,,287873,4,0,5 59 60,1,25,,287875,4,0,5 59 60,1
4100,'20260909',640,,287883,3,0,7 58 9,1,63,,287885,3,0,7 58 9,1,10,,287887,3,0,7 58 9,1,12,,287889,3,0,7 58 9,1,20,,287891,3,0,7 58 9,1,5,,287892,3,0,7 58 9,1,50,,287894,3,0,31 59 60,1,5,,287895,3,0,31 59 60,1,5,,287896,3,0,31 59 60,1,15,,287898,3,0,7 58 9,1,13,,287900,3,0,31 59 60,1,15,,287902,3,0,7 58 9,1,55,,287904,3,0,31 59 60,1,20,,287906,3,0,7 58 9,1,12,,287908,3,0,7 58 9,1,15,,287909,3,0,7 58 9,1,55,,287911,3,0,31 59 60,1,10,,287912,3,0,7 58 9,1,15,,287914,3,0,31 59 60,1,15,,287915,3,0,7 58 9,1,55,,287917,3,0,31 59 60,1,10,,287918,3,0,7 58 9,1,20,,287920,3,0,7 58 9,1,75,,287922,3,0,31 59 60,1,25,,287924,3,0,31 59 60,1,70,,287926,3,0,31 59 60,1,5,,287927,4,0,5 59 60,1,25,,287929,3,0,31 59 60,1,10,,287930,4,0,5 59 60,1,65,,287932,4,0,5 59 60,1,30,,287934,4,0,5 59 60,1,65,,287936,4,0,5 59 60,1,32,,287938,4,0,5 59 60,1,78,,287940,4,0,5 59 60,1,35,,287942,4,0,5 59 60,1,65,,287944,4,0,5 59 60,1,37,,287946,4,0,5 59 60,1,65,,287948,4,0,5 59 60,1,40,,287950,4,0,5 59 60,1,68,,287952,4,0,5 59 60,1,25,,287954,4,0,5 59 60,1
4100,'20260910',640,,287962,3,0,7 58 9,1,63,,287964,3,0,7 58 9,1,10,,287966,3,0,7 58 9,1,12,,287968,3,0,7 58 9,1,20,,287970,3,0,7 58 9,1,5,,287971,3,0,7 58 9,1,50,,287973,3,0,31 59 60,1,5,,287974,3,0,31 59 60,1,5,,287975,3,0,31 59 60,1,15,,287977,3,0,7 58 9,1,13,,287979,3,0,31 59 60,1,15,,287981,3,0,7 58 9,1,55,,287983,3,0,31 59 60,1,20,,287985,3,0,7 58 9,1,12,,287987,3,0,7 58 9,1,15,,287988,3,0,7 58 9,1,55,,287990,3,0,31 59 60,1,10,,287991,3,0,7 58 9,1,15,,287993,3,0,31 59 60,1,15,,287994,3,0,7 58 9,1,55,,287996,3,0,31 59 60,1,10,,287997,3,0,7 58 9,1,20,,287999,3,0,7 58 9,1,75,,288001,3,0,31 59 60,1,25,,288003,3,0,31 59 60,1,70,,288005,3,0,31 59 60,1,5,,288006,4,0,5 59 60,1,25,,288008,3,0,31 59 60,1,10,,288009,4,0,5 59 60,1,65,,288011,4,0,5 59 60,1,30,,288013,4,0,5 59 60,1,65,,288015,4,0,5 59 60,1,32,,288017,4,0,5 59 60,1,78,,288019,4,0,5 59 60,1,35,,288021,4,0,5 59 60,1,65,,288023,4,0,5 59 60,1,37,,288025,4,0,5 59 60,1,65,,288027,4,0,5 59 60,1,40,,288029,4,0,5 59 60,1,68,,288031,4,0,5 59 60,1,25,,288033,4,0,5 59 60,1
4100,'20260911',640,,288041,3,0,7 58 9,1,63,,288043,3,0,7 58 9,1,10,,288045,3,0,7 58 9,1,12,,288047,3,0,7 58 9,1,20,,288049,3,0,7 58 9,1,5,,288050,3,0,7 58 9,1,50,,288052,3,0,31 59 60,1,5,,288053,3,0,31 59 60,1,5,,288054,3,0,31 59 60,1,15,,288056,3,0,7 58 9,1,13,,288058,3,0,31 59 60,1,15,,288060,3,0,7 58 9,1,55,,288062,3,0,31 59 60,1,20,,288064,3,0,7 58 9,1,12,,288066,3,0,7 58 9,1,15,,288067,3,0,7 58 9,1,55,,288069,3,0,31 59 60,1,10,,288070,3,0,7 58 9,1,15,,288072,3,0,31 59 60,1,15,,288073,3,0,7 58 9,1,55,,288075,3,0,31 59 60,1,10,,288076,3,0,7 58 9,1,20,,288078,3,0,7 58 9,1,75,,288080,3,0,31 59 60,1,25,,288082,3,0,31 59 60,1,70,,288084,3,0,31 59 60,1,5,,288085,4,0,5 59 60,1,25,,288087,3,0,31 59 60,1,10,,288088,4,0,5 59 60,1,65,,288090,4,0,5 59 60,1,30,,288092,4,0,5 59 60,1,65,,288094,4,0,5 59 60,1,32,,288096,4,0,5 59 60,1,78,,288098,4,0,5 59 60,1,35,,288100,4,0,5 59 60,1,65,,288102,4,0,5 59 60,1,37,,288104,4,0,5 59 60,1,65,,288106,4,0,5 59 60,1,40,,288108,4,0,5 59 60,1,68,,288110,4,0,5 59 60,1,25,,288112,4,0,5 59 60,1
4100,'20260914',640,,288120,3,0,7 58 9,1,63,,288122,3,0,7 58 9,1,10,,288124,3,0,7 58 9,1,12,,288126,3,0,7 58 9,1,20,,288128,3,0,7 58 9,1,5,,288129,3,0,7 58 9,1,50,,288131,3,0,31 59 60,1,5,,288132,3,0,31 59 60,1,5,,288133,3,0,31 59 60,1,15,,288135,3,0,7 58 9,1,13,,288137,3,0,31 59 60,1,15,,288139,3,0,7 58 9,1,55,,288141,3,0,31 59 60,1,20,,288143,3,0,7 58 9,1,12,,288145,3,0,7 58 9,1,15,,288146,3,0,7 58 9,1,55,,288148,3,0,31 59 60,1,10,,288149,3,0,7 58 9,1,15,,288151,3,0,31 59 60,1,15,,288152,3,0,7 58 9,1,55,,288154,3,0,31 59 60,1,10,,288155,3,0,7 58 9,1,20,,288157,3,0,7 58 9,1,75,,288159,3,0,31 59 60,1,25,,288161,3,0,31 59 60,1,70,,288163,3,0,31 59 60,1,5,,288164,4,0,5 59 60,1,25,,288166,3,0,31 59 60,1,10,,288167,4,0,5 59 60,1,65,,288169,4,0,5 59 60,1,30,,288171,4,0,5 59 60,1,65,,288173,4,0,5 59 60,1,32,,288175,4,0,5 59 60,1,78,,288177,4,0,5 59 60,1,35,,288179,4,0,5 59 60,1,65,,288181,4,0,5 59 60,1,37,,288183,4,0,5 59 60,1,65,,288185,4,0,5 59 60,1,40,,288187,4,0,5 59 60,1,68,,288189,4,0,5 59 60,1,25,,288191,4,0,5 59 60,1
4100,'20260915',640,,288199,3,0,7 58 9,1,63,,288201,3,0,7 58 9,1,10,,288203,3,0,7 58 9,1,12,,288205,3,0,7 58 9,1,20,,288207,3,0,7 58 9,1,5,,288208,3,0,7 58 9,1,50,,288210,3,0,31 59 60,1,5,,288211,3,0,31 59 60,1,5,,288212,3,0,31 59 60,1,15,,288214,3,0,7 58 9,1,13,,288216,3,0,31 59 60,1,15,,288218,3,0,7 58 9,1,55,,288220,3,0,31 59 60,1,20,,288222,3,0,7 58 9,1,12,,288224,3,0,7 58 9,1,15,,288225,3,0,7 58 9,1,55,,288227,3,0,31 59 60,1,10,,288228,3,0,7 58 9,1,15,,288230,3,0,31 59 60,1,15,,288231,3,0,7 58 9,1,55,,288233,3,0,31 59 60,1,10,,288234,3,0,7 58 9,1,20,,288236,3,0,7 58 9,1,75,,288238,3,0,31 59 60,1,25,,288240,3,0,31 59 60,1,70,,288242,3,0,31 59 60,1,5,,288243,4,0,5 59 60,1,25,,288245,3,0,31 59 60,1,10,,288246,4,0,5 59 60,1,65,,288248,4,0,5 59 60,1,30,,288250,4,0,5 59 60,1,65,,288252,4,0,5 59 60,1,32,,288254,4,0,5 59 60,1,78,,288256,4,0,5 59 60,1,35,,288258,4,0,5 59 60,1,65,,288260,4,0,5 59 60,1,37,,288262,4,0,5 59 60,1,65,,288264,4,0,5 59 60,1,40,,288266,4,0,5 59 60,1,68,,288268,4,0,5 59 60,1,25,,288270,4,0,5 59 60,1
4100,'20260916',640,,288278,3,0,7 58 9,1,63,,288280,3,0,7 58 9,1,10,,288282,3,0,7 58 9,1,12,,288284,3,0,7 58 9,1,20,,288286,3,0,7 58 9,1,5,,288287,3,0,7 58 9,1,50,,288289,3,0,31 59 60,1,5,,288290,3,0,31 59 60,1,5,,288291,3,0,31 59 60,1,15,,288293,3,0,7 58 9,1,13,,288295,3,0,31 59 60,1,15,,288297,3,0,7 58 9,1,55,,288299,3,0,31 59 60,1,20,,288301,3,0,7 58 9,1,12,,288303,3,0,7 58 9,1,15,,288304,3,0,7 58 9,1,55,,288306,3,0,31 59 60,1,10,,288307,3,0,7 58 9,1,15,,288309,3,0,31 59 60,1,15,,288310,3,0,7 58 9,1,55,,288312,3,0,31 59 60,1,10,,288313,3,0,7 58 9,1,20,,288315,3,0,7 58 9,1,75,,288317,3,0,31 59 60,1,25,,288319,3,0,31 59 60,1,70,,288321,3,0,31 59 60,1,5,,288322,4,0,5 59 60,1,25,,288324,3,0,31 59 60,1,10,,288325,4,0,5 59 60,1,65,,288327,4,0,5 59 60,1,30,,288329,4,0,5 59 60,1,65,,288331,4,0,5 59 60,1,32,,288333,4,0,5 59 60,1,78,,288335,4,0,5 59 60,1,35,,288337,4,0,5 59 60,1,65,,288339,4,0,5 59 60,1,37,,288341,4,0,5 59 60,1,65,,288343,4,0,5 59 60,1,40,,288345,4,0,5 59 60,1,68,,288347,4,0,5 59 60,1,25,,288349,4,0,5 59 60,1
4100,'20260917',640,,288357,3,0,7 58 9,1,63,,288359,3,0,7 58 9,1,10,,288361,3,0,7 58 9,1,12,,288363,3,0,7 58 9,1,20,,288365,3,0,7 58 9,1,5,,288366,3,0,7 58 9,1,50,,288368,3,0,31 59 60,1,5,,288369,3,0,31 59 60,1,5,,288370,3,0,31 59 60,1,15,,288372,3,0,7 58 9,1,13,,288374,3,0,31 59 60,1,15,,288376,3,0,7 58 9,1,55,,288378,3,0,31 59 60,1,20,,288380,3,0,7 58 9,1,12,,288382,3,0,7 58 9,1,15,,288383,3,0,7 58 9,1,55,,288385,3,0,31 59 60,1,10,,288386,3,0,7 58 9,1,15,,288388,3,0,31 59 60,1,15,,288389,3,0,7 58 9,1,55,,288391,3,0,31 59 60,1,10,,288392,3,0,7 58 9,1,20,,288394,3,0,7 58 9,1,75,,288396,3,0,31 59 60,1,25,,288398,3,0,31 59 60,1,70,,288400,3,0,31 59 60,1,5,,288401,4,0,5 59 60,1,25,,288403,3,0,31 59 60,1,10,,288404,4,0,5 59 60,1,65,,288406,4,0,5 59 60,1,30,,288408,4,0,5 59 60,1,65,,288410,4,0,5 59 60,1,32,,288412,4,0,5 59 60,1,78,,288414,4,0,5 59 60,1,35,,288416,4,0,5 59 60,1,65,,288418,4,0,5 59 60,1,37,,288420,4,0,5 59 60,1,65,,288422,4,0,5 59 60,1,40,,288424,4,0,5 59 60,1,68,,288426,4,0,5 59 60,1,25,,288428,4,0,5 59 60,1
4100,'20260918',640,,288436,3,0,7 58 9,1,63,,288438,3,0,7 58 9,1,10,,288440,3,0,7 58 9,1,12,,288442,3,0,7 58 9,1,20,,288444,3,0,7 58 9,1,5,,288445,3,0,7 58 9,1,50,,288447,3,0,31 59 60,1,5,,288448,3,0,31 59 60,1,5,,288449,3,0,31 59 60,1,15,,288451,3,0,7 58 9,1,13,,288453,3,0,31 59 60,1,15,,288455,3,0,7 58 9,1,55,,288457,3,0,31 59 60,1,20,,288459,3,0,7 58 9,1,12,,288461,3,0,7 58 9,1,15,,288462,3,0,7 58 9,1,55,,288464,3,0,31 59 60,1,10,,288465,3,0,7 58 9,1,15,,288467,3,0,31 59 60,1,15,,288468,3,0,7 58 9,1,55,,288470,3,0,31 59 60,1,10,,288471,3,0,7 58 9,1,20,,288473,3,0,7 58 9,1,75,,288475,3,0,31 59 60,1,25,,288477,3,0,31 59 60,1,70,,288479,3,0,31 59 60,1,5,,288480,4,0,5 59 60,1,25,,288482,3,0,31 59 60,1,10,,288483,4,0,5 59 60,1,65,,288485,4,0,5 59 60,1,30,,288487,4,0,5 59 60,1,65,,288489,4,0,5 59 60,1,32,,288491,4,0,5 59 60,1,78,,288493,4,0,5 59 60,1,35,,288495,4,0,5 59 60,1,65,,288497,4,0,5 59 60,1,37,,288499,4,0,5 59 60,1,65,,288501,4,0,5 59 60,1,40,,288503,4,0,5 59 60,1,68,,288505,4,0,5 59 60,1,25,,288507,4,0,5 59 60,1
4100,'20260921',640,,288515,3,0,7 58 9,1,63,,288517,3,0,7 58 9,1,10,,288519,3,0,7 58 9,1,12,,288521,3,0,7 58 9,1,20,,288523,3,0,7 58 9,1,5,,288524,3,0,7 58 9,1,50,,288526,3,0,31 59 60,1,5,,288527,3,0,31 59 60,1,5,,288528,3,0,31 59 60,1,15,,288530,3,0,7 58 9,1,13,,288532,3,0,31 59 60,1,15,,288534,3,0,7 58 9,1,55,,288536,3,0,31 59 60,1,20,,288538,3,0,7 58 9,1,12,,288540,3,0,7 58 9,1,15,,288541,3,0,7 58 9,1,55,,288543,3,0,31 59 60,1,10,,288544,3,0,7 58 9,1,15,,288546,3,0,31 59 60,1,15,,288547,3,0,7 58 9,1,55,,288549,3,0,31 59 60,1,10,,288550,3,0,7 58 9,1,20,,288552,3,0,7 58 9,1,75,,288554,3,0,31 59 60,1,25,,288556,3,0,31 59 60,1,70,,288558,3,0,31 59 60,1,5,,288559,4,0,5 59 60,1,25,,288561,3,0,31 59 60,1,10,,288562,4,0,5 59 60,1,65,,288564,4,0,5 59 60,1,30,,288566,4,0,5 59 60,1,65,,288568,4,0,5 59 60,1,32,,288570,4,0,5 59 60,1,78,,288572,4,0,5 59 60,1,35,,288574,4,0,5 59 60,1,65,,288576,4,0,5 59 60,1,37,,288578,4,0,5 59 60,1,65,,288580,4,0,5 59 60,1,40,,288582,4,0,5 59 60,1,68,,288584,4,0,5 59 60,1,25,,288586,4,0,5 59 60,1
4100,'20260922',640,,288594,3,0,7 58 9,1,63,,288596,3,0,7 58 9,1,10,,288598,3,0,7 58 9,1,12,,288600,3,0,7 58 9,1,20,,288602,3,0,7 58 9,1,5,,288603,3,0,7 58 9,1,50,,288605,3,0,31 59 60,1,5,,288606,3,0,31 59 60,1,5,,288607,3,0,31 59 60,1,15,,288609,3,0,7 58 9,1,13,,288611,3,0,31 59 60,1,15,,288613,3,0,7 58 9,1,55,,288615,3,0,31 59 60,1,20,,288617,3,0,7 58 9,1,12,,288619,3,0,7 58 9,1,15,,288620,3,0,7 58 9,1,55,,288622,3,0,31 59 60,1,10,,288623,3,0,7 58 9,1,15,,288625,3,0,31 59 60,1,15,,288626,3,0,7 58 9,1,55,,288628,3,0,31 59 60,1,10,,288629,3,0,7 58 9,1,20,,288631,3,0,7 58 9,1,75,,288633,3,0,31 59 60,1,25,,288635,3,0,31 59 60,1,70,,288637,3,0,31 59 60,1,5,,288638,4,0,5 59 60,1,25,,288640,3,0,31 59 60,1,10,,288641,4,0,5 59 60,1,65,,288643,4,0,5 59 60,1,30,,288645,4,0,5 59 60,1,65,,288647,4,0,5 59 60,1,32,,288649,4,0,5 59 60,1,78,,288651,4,0,5 59 60,1,35,,288653,4,0,5 59 60,1,65,,288655,4,0,5 59 60,1,37,,288657,4,0,5 59 60,1,65,,288659,4,0,5 59 60,1,40,,288661,4,0,5 59 60,1,68,,288663,4,0,5 59 60,1,25,,288665,4,0,5 59 60,1
4100,'20260923',640,,288673,3,0,7 58 9,1,63,,288675,3,0,7 58 9,1,10,,288677,3,0,7 58 9,1,12,,288679,3,0,7 58 9,1,20,,288681,3,0,7 58 9,1,5,,288682,3,0,7 58 9,1,50,,288684,3,0,31 59 60,1,5,,288685,3,0,31 59 60,1,5,,288686,3,0,31 59 60,1,15,,288688,3,0,7 58 9,1,13,,288690,3,0,31 59 60,1,15,,288692,3,0,7 58 9,1,55,,288694,3,0,31 59 60,1,20,,288696,3,0,7 58 9,1,12,,288698,3,0,7 58 9,1,15,,288699,3,0,7 58 9,1,55,,288701,3,0,31 59 60,1,10,,288702,3,0,7 58 9,1,15,,288704,3,0,31 59 60,1,15,,288705,3,0,7 58 9,1,55,,288707,3,0,31 59 60,1,10,,288708,3,0,7 58 9,1,20,,288710,3,0,7 58 9,1,75,,288712,3,0,31 59 60,1,25,,288714,3,0,31 59 60,1,70,,288716,3,0,31 59 60,1,5,,288717,4,0,5 59 60,1,25,,288719,3,0,31 59 60,1,10,,288720,4,0,5 59 60,1,65,,288722,4,0,5 59 60,1,30,,288724,4,0,5 59 60,1,65,,288726,4,0,5 59 60,1,32,,288728,4,0,5 59 60,1,78,,288730,4,0,5 59 60,1,35,,288732,4,0,5 59 60,1,65,,288734,4,0,5 59 60,1,37,,288736,4,0,5 59 60,1,65,,288738,4,0,5 59 60,1,40,,288740,4,0,5 59 60,1,68,,288742,4,0,5 59 60,1,25,,288744,4,0,5 59 60,1
4100,'20260924',640,,288752,3,0,7 58 9,1,63,,288754,3,0,7 58 9,1,10,,288756,3,0,7 58 9,1,12,,288758,3,0,7 58 9,1,20,,288760,3,0,7 58 9,1,5,,288761,3,0,7 58 9,1,50,,288763,3,0,31 59 60,1,5,,288764,3,0,31 59 60,1,5,,288765,3,0,31 59 60,1,15,,288767,3,0,7 58 9,1,13,,288769,3,0,31 59 60,1,15,,288771,3,0,7 58 9,1,55,,288773,3,0,31 59 60,1,20,,288775,3,0,7 58 9,1,12,,288777,3,0,7 58 9,1,15,,288778,3,0,7 58 9,1,55,,288780,3,0,31 59 60,1,10,,288781,3,0,7 58 9,1,15,,288783,3,0,31 59 60,1,15,,288784,3,0,7 58 9,1,55,,288786,3,0,31 59 60,1,10,,288787,3,0,7 58 9,1,20,,288789,3,0,7 58 9,1,75,,288791,3,0,31 59 60,1,25,,288793,3,0,31 59 60,1,70,,288795,3,0,31 59 60,1,5,,288796,4,0,5 59 60,1,25,,288798,3,0,31 59 60,1,10,,288799,4,0,5 59 60,1,65,,288801,4,0,5 59 60,1,30,,288803,4,0,5 59 60,1,65,,288805,4,0,5 59 60,1,32,,288807,4,0,5 59 60,1,78,,288809,4,0,5 59 60,1,35,,288811,4,0,5 59 60,1,65,,288813,4,0,5 59 60,1,37,,288815,4,0,5 59 60,1,65,,288817,4,0,5 59 60,1,40,,288819,4,0,5 59 60,1,68,,288821,4,0,5 59 60,1,25,,288823,4,0,5 59 60,1
4100,'20260925',640,,288831,3,0,7 58 9,1,63,,288833,3,0,7 58 9,1,10,,288835,3,0,7 58 9,1,12,,288837,3,0,7 58 9,1,20,,288839,3,0,7 58 9,1,5,,288840,3,0,7 58 9,1,50,,288842,3,0,31 59 60,1,5,,288843,3,0,31 59 60,1,5,,288844,3,0,31 59 60,1,15,,288846,3,0,7 58 9,1,13,,288848,3,0,31 59 60,1,15,,288850,3,0,7 58 9,1,55,,288852,3,0,31 59 60,1,20,,288854,3,0,7 58 9,1,12,,288856,3,0,7 58 9,1,15,,288857,3,0,7 58 9,1,55,,288859,3,0,31 59 60,1,10,,288860,3,0,7 58 9,1,15,,288862,3,0,31 59 60,1,15,,288863,3,0,7 58 9,1,55,,288865,3,0,31 59 60,1,10,,288866,3,0,7 58 9,1,20,,288868,3,0,7 58 9,1,75,,288870,3,0,31 59 60,1,25,,288872,3,0,31 59 60,1,70,,288874,3,0,31 59 60,1,5,,288875,4,0,5 59 60,1,25,,288877,3,0,31 59 60,1,10,,288878,4,0,5 59 60,1,65,,288880,4,0,5 59 60,1,30,,288882,4,0,5 59 60,1,65,,288884,4,0,5 59 60,1,32,,288886,4,0,5 59 60,1,78,,288888,4,0,5 59 60,1,35,,288890,4,0,5 59 60,1,65,,288892,4,0,5 59 60,1,37,,288894,4,0,5 59 60,1,65,,288896,4,0,5 59 60,1,40,,288898,4,0,5 59 60,1,68,,288900,4,0,5 59 60,1,25,,288902,4,0,5 59 60,1
4100,'20260928',640,,288910,3,0,7 58 9,1,63,,288912,3,0,7 58 9,1,10,,288914,3,0,7 58 9,1,12,,288916,3,0,7 58 9,1,20,,288918,3,0,7 58 9,1,5,,288919,3,0,7 58 9,1,50,,288921,3,0,31 59 60,1,5,,288922,3,0,31 59 60,1,5,,288923,3,0,31 59 60,1,15,,288925,3,0,7 58 9,1,13,,288927,3,0,31 59 60,1,15,,288929,3,0,7 58 9,1,55,,288931,3,0,31 59 60,1,20,,288933,3,0,7 58 9,1,12,,288935,3,0,7 58 9,1,15,,288936,3,0,7 58 9,1,55,,288938,3,0,31 59 60,1,10,,288939,3,0,7 58 9,1,15,,288941,3,0,31 59 60,1,15,,288942,3,0,7 58 9,1,55,,288944,3,0,31 59 60,1,10,,288945,3,0,7 58 9,1,20,,288947,3,0,7 58 9,1,75,,288949,3,0,31 59 60,1,25,,288951,3,0,31 59 60,1,70,,288953,3,0,31 59 60,1,5,,288954,4,0,5 59 60,1,25,,288956,3,0,31 59 60,1,10,,288957,4,0,5 59 60,1,65,,288959,4,0,5 59 60,1,30,,288961,4,0,5 59 60,1,65,,288963,4,0,5 59 60,1,32,,288965,4,0,5 59 60,1,78,,288967,4,0,5 59 60,1,35,,288969,4,0,5 59 60,1,65,,288971,4,0,5 59 60,1,37,,288973,4,0,5 59 60,1,65,,288975,4,0,5 59 60,1,40,,288977,4,0,5 59 60,1,68,,288979,4,0,5 59 60,1,25,,288981,4,0,5 59 60,1
4100,'20260929',640,,288989,3,0,7 58 9,1,63,,288991,3,0,7 58 9,1,10,,288993,3,0,7 58 9,1,12,,288995,3,0,7 58 9,1,20,,288997,3,0,7 58 9,1,5,,288998,3,0,7 58 9,1,50,,289000,3,0,31 59 60,1,5,,289001,3,0,31 59 60,1,5,,289002,3,0,31 59 60,1,15,,289004,3,0,7 58 9,1,13,,289006,3,0,31 59 60,1,15,,289008,3,0,7 58 9,1,55,,289010,3,0,31 59 60,1,20,,289012,3,0,7 58 9,1,12,,289014,3,0,7 58 9,1,15,,289015,3,0,7 58 9,1,55,,289017,3,0,31 59 60,1,10,,289018,3,0,7 58 9,1,15,,289020,3,0,31 59 60,1,15,,289021,3,0,7 58 9,1,55,,289023,3,0,31 59 60,1,10,,289024,3,0,7 58 9,1,20,,289026,3,0,7 58 9,1,75,,289028,3,0,31 59 60,1,25,,289030,3,0,31 59 60,1,70,,289032,3,0,31 59 60,1,5,,289033,4,0,5 59 60,1,25,,289035,3,0,31 59 60,1,10,,289036,4,0,5 59 60,1,65,,289038,4,0,5 59 60,1,30,,289040,4,0,5 59 60,1,65,,289042,4,0,5 59 60,1,32,,289044,4,0,5 59 60,1,78,,289046,4,0,5 59 60,1,35,,289048,4,0,5 59 60,1,65,,289050,4,0,5 59 60,1,37,,289052,4,0,5 59 60,1,65,,289054,4,0,5 59 60,1,40,,289056,4,0,5 59 60,1,68,,289058,4,0,5 59 60,1,25,,289060,4,0,5 59 60,1
4100,'20260930',640,,289068,3,0,7 58 9,1,63,,289070,3,0,7 58 9,1,10,,289072,3,0,7 58 9,1,12,,289074,3,0,7 58 9,1,20,,289076,3,0,7 58 9,1,5,,289077,3,0,7 58 9,1,50,,289079,3,0,31 59 60,1,5,,289080,3,0,31 59 60,1,5,,289081,3,0,31 59 60,1,15,,289083,3,0,7 58 9,1,13,,289085,3,0,31 59 60,1,15,,289087,3,0,7 58 9,1,55,,289089,3,0,31 59 60,1,20,,289091,3,0,7 58 9,1,12,,289093,3,0,7 58 9,1,15,,289094,3,0,7 58 9,1,55,,289096,3,0,31 59 60,1,10,,289097,3,0,7 58 9,1,15,,289099,3,0,31 59 60,1,15,,289100,3,0,7 58 9,1,55,,289102,3,0,31 59 60,1,10,,289103,3,0,7 58 9,1,20,,289105,3,0,7 58 9,1,75,,289107,3,0,31 59 60,1,25,,289109,3,0,31 59 60,1,70,,289111,3,0,31 59 60,1,5,,289112,4,0,5 59 60,1,25,,289114,3,0,31 59 60,1,10,,289115,4,0,5 59 60,1,65,,289117,4,0,5 59 60,1,30,,289119,4,0,5 59 60,1,65,,289121,4,0,5 59 60,1,32,,289123,4,0,5 59 60,1,78,,289125,4,0,5 59 60,1,35,,289127,4,0,5 59 60,1,65,,289129,4,0,5 59 60,1,37,,289131,4,0,5 59 60,1,65,,289133,4,0,5 59 60,1,40,,289135,4,0,5 59 60,1,68,,289137,4,0,5 59 60,1,25,,289139,4,0,5 59 60,1
4100,'20261001',640,,289147,3,0,7 58 9,1,63,,289149,3,0,7 58 9,1,10,,289151,3,0,7 58 9,1,12,,289153,3,0,7 58 9,1,20,,289155,3,0,7 58 9,1,5,,289156,3,0,7 58 9,1,50,,289158,3,0,31 59 60,1,5,,289159,3,0,31 59 60,1,5,,289160,3,0,31 59 60,1,15,,289162,3,0,7 58 9,1,13,,289164,3,0,31 59 60,1,15,,289166,3,0,7 58 9,1,55,,289168,3,0,31 59 60,1,20,,289170,3,0,7 58 9,1,12,,289172,3,0,7 58 9,1,15,,289173,3,0,7 58 9,1,55,,289175,3,0,31 59 60,1,10,,289176,3,0,7 58 9,1,15,,289178,3,0,31 59 60,1,15,,289179,3,0,7 58 9,1,55,,289181,3,0,31 59 60,1,10,,289182,3,0,7 58 9,1,20,,289184,3,0,7 58 9,1,75,,289186,3,0,31 59 60,1,25,,289188,3,0,31 59 60,1,70,,289190,3,0,31 59 60,1,5,,289191,4,0,5 59 60,1,25,,289193,3,0,31 59 60,1,10,,289194,4,0,5 59 60,1,65,,289196,4,0,5 59 60,1,30,,289198,4,0,5 59 60,1,65,,289200,4,0,5 59 60,1,32,,289202,4,0,5 59 60,1,78,,289204,4,0,5 59 60,1,35,,289206,4,0,5 59 60,1,65,,289208,4,0,5 59 60,1,37,,289210,4,0,5 59 60,1,65,,289212,4,0,5 59 60,1,40,,289214,4,0,5 59 60,1,68,,289216,4,0,5 59 60,1,25,,289218,4,0,5 59 60,1
4100,'20261002',640,,289226,3,0,7 58 9,1,63,,289228,3,0,7 58 9,1,10,,289230,3,0,7 58 9,1,12,,289232,3,0,7 58 9,1,20,,289234,3,0,7 58 9,1,5,,289235,3,0,7 58 9,1,50,,289237,3,0,31 59 60,1,5,,289238,3,0,31 59 60,1,5,,289239,3,0,31 59 60,1,15,,289241,3,0,7 58 9,1,13,,289243,3,0,31 59 60,1,15,,289245,3,0,7 58 9,1,55,,289247,3,0,31 59 60,1,20,,289249,3,0,7 58 9,1,12,,289251,3,0,7 58 9,1,15,,289252,3,0,7 58 9,1,55,,289254,3,0,31 59 60,1,10,,289255,3,0,7 58 9,1,15,,289257,3,0,31 59 60,1,15,,289258,3,0,7 58 9,1,55,,289260,3,0,31 59 60,1,10,,289261,3,0,7 58 9,1,20,,289263,3,0,7 58 9,1,75,,289265,3,0,31 59 60,1,25,,289267,3,0,31 59 60,1,70,,289269,3,0,31 59 60,1,5,,289270,4,0,5 59 60,1,25,,289272,3,0,31 59 60,1,10,,289273,4,0,5 59 60,1,65,,289275,4,0,5 59 60,1,30,,289277,4,0,5 59 60,1,65,,289279,4,0,5 59 60,1,32,,289281,4,0,5 59 60,1,78,,289283,4,0,5 59 60,1,35,,289285,4,0,5 59 60,1,65,,289287,4,0,5 59 60,1,37,,289289,4,0,5 59 60,1,65,,289291,4,0,5 59 60,1,40,,289293,4,0,5 59 60,1,68,,289295,4,0,5 59 60,1,25,,289297,4,0,5 59 60,1
4100,'20261005',640,,289305,3,0,7 58 9,1,63,,289307,3,0,7 58 9,1,10,,289309,3,0,7 58 9,1,12,,289311,3,0,7 58 9,1,20,,289313,3,0,7 58 9,1,5,,289314,3,0,7 58 9,1,50,,289316,3,0,31 59 60,1,5,,289317,3,0,31 59 60,1,5,,289318,3,0,31 59 60,1,15,,289320,3,0,7 58 9,1,13,,289322,3,0,31 59 60,1,15,,289324,3,0,7 58 9,1,55,,289326,3,0,31 59 60,1,20,,289328,3,0,7 58 9,1,12,,289330,3,0,7 58 9,1,15,,289331,3,0,7 58 9,1,55,,289333,3,0,31 59 60,1,10,,289334,3,0,7 58 9,1,15,,289336,3,0,31 59 60,1,15,,289337,3,0,7 58 9,1,55,,289339,3,0,31 59 60,1,10,,289340,3,0,7 58 9,1,20,,289342,3,0,7 58 9,1,75,,289344,3,0,31 59 60,1,25,,289346,3,0,31 59 60,1,70,,289348,3,0,31 59 60,1,5,,289349,4,0,5 59 60,1,25,,289351,3,0,31 59 60,1,10,,289352,4,0,5 59 60,1,65,,289354,4,0,5 59 60,1,30,,289356,4,0,5 59 60,1,65,,289358,4,0,5 59 60,1,32,,289360,4,0,5 59 60,1,78,,289362,4,0,5 59 60,1,35,,289364,4,0,5 59 60,1,65,,289366,4,0,5 59 60,1,37,,289368,4,0,5 59 60,1,65,,289370,4,0,5 59 60,1,40,,289372,4,0,5 59 60,1,68,,289374,4,0,5 59 60,1,25,,289376,4,0,5 59 60,1
4100,'20261006',640,,289384,3,0,7 58 9,1,63,,289386,3,0,7 58 9,1,10,,289388,3,0,7 58 9,1,12,,289390,3,0,7 58 9,1,20,,289392,3,0,7 58 9,1,5,,289393,3,0,7 58 9,1,50,,289395,3,0,31 59 60,1,5,,289396,3,0,31 59 60,1,5,,289397,3,0,31 59 60,1,15,,289399,3,0,7 58 9,1,13,,289401,3,0,31 59 60,1,15,,289403,3,0,7 58 9,1,55,,289405,3,0,31 59 60,1,20,,289407,3,0,7 58 9,1,12,,289409,3,0,7 58 9,1,15,,289410,3,0,7 58 9,1,55,,289412,3,0,31 59 60,1,10,,289413,3,0,7 58 9,1,15,,289415,3,0,31 59 60,1,15,,289416,3,0,7 58 9,1,55,,289418,3,0,31 59 60,1,10,,289419,3,0,7 58 9,1,20,,289421,3,0,7 58 9,1,75,,289423,3,0,31 59 60,1,25,,289425,3,0,31 59 60,1,70,,289427,3,0,31 59 60,1,5,,289428,4,0,5 59 60,1,25,,289430,3,0,31 59 60,1,10,,289431,4,0,5 59 60,1,65,,289433,4,0,5 59 60,1,30,,289435,4,0,5 59 60,1,65,,289437,4,0,5 59 60,1,32,,289439,4,0,5 59 60,1,78,,289441,4,0,5 59 60,1,35,,289443,4,0,5 59 60,1,65,,289445,4,0,5 59 60,1,37,,289447,4,0,5 59 60,1,65,,289449,4,0,5 59 60,1,40,,289451,4,0,5 59 60,1,68,,289453,4,0,5 59 60,1,25,,289455,4,0,5 59 60,1
4100,'20261007',640,,289463,3,0,7 58 9,1,63,,289465,3,0,7 58 9,1,10,,289467,3,0,7 58 9,1,12,,289469,3,0,7 58 9,1,20,,289471,3,0,7 58 9,1,5,,289472,3,0,7 58 9,1,50,,289474,3,0,31 59 60,1,5,,289475,3,0,31 59 60,1,5,,289476,3,0,31 59 60,1,15,,289478,3,0,7 58 9,1,13,,289480,3,0,31 59 60,1,15,,289482,3,0,7 58 9,1,55,,289484,3,0,31 59 60,1,20,,289486,3,0,7 58 9,1,12,,289488,3,0,7 58 9,1,15,,289489,3,0,7 58 9,1,55,,289491,3,0,31 59 60,1,10,,289492,3,0,7 58 9,1,15,,289494,3,0,31 59 60,1,15,,289495,3,0,7 58 9,1,55,,289497,3,0,31 59 60,1,10,,289498,3,0,7 58 9,1,20,,289500,3,0,7 58 9,1,75,,289502,3,0,31 59 60,1,25,,289504,3,0,31 59 60,1,70,,289506,3,0,31 59 60,1,5,,289507,4,0,5 59 60,1,25,,289509,3,0,31 59 60,1,10,,289510,4,0,5 59 60,1,65,,289512,4,0,5 59 60,1,30,,289514,4,0,5 59 60,1,65,,289516,4,0,5 59 60,1,32,,289518,4,0,5 59 60,1,78,,289520,4,0,5 59 60,1,35,,289522,4,0,5 59 60,1,65,,289524,4,0,5 59 60,1,37,,289526,4,0,5 59 60,1,65,,289528,4,0,5 59 60,1,40,,289530,4,0,5 59 60,1,68,,289532,4,0,5 59 60,1,25,,289534,4,0,5 59 60,1
4100,'20261008',640,,289542,3,0,7 58 9,1,63,,289544,3,0,7 58 9,1,10,,289546,3,0,7 58 9,1,12,,289548,3,0,7 58 9,1,20,,289550,3,0,7 58 9,1,5,,289551,3,0,7 58 9,1,50,,289553,3,0,31 59 60,1,5,,289554,3,0,31 59 60,1,5,,289555,3,0,31 59 60,1,15,,289557,3,0,7 58 9,1,13,,289559,3,0,31 59 60,1,15,,289561,3,0,7 58 9,1,55,,289563,3,0,31 59 60,1,20,,289565,3,0,7 58 9,1,12,,289567,3,0,7 58 9,1,15,,289568,3,0,7 58 9,1,55,,289570,3,0,31 59 60,1,10,,289571,3,0,7 58 9,1,15,,289573,3,0,31 59 60,1,15,,289574,3,0,7 58 9,1,55,,289576,3,0,31 59 60,1,10,,289577,3,0,7 58 9,1,20,,289579,3,0,7 58 9,1,75,,289581,3,0,31 59 60,1,25,,289583,3,0,31 59 60,1,70,,289585,3,0,31 59 60,1,5,,289586,4,0,5 59 60,1,25,,289588,3,0,31 59 60,1,10,,289589,4,0,5 59 60,1,65,,289591,4,0,5 59 60,1,30,,289593,4,0,5 59 60,1,65,,289595,4,0,5 59 60,1,32,,289597,4,0,5 59 60,1,78,,289599,4,0,5 59 60,1,35,,289601,4,0,5 59 60,1,65,,289603,4,0,5 59 60,1,37,,289605,4,0,5 59 60,1,65,,289607,4,0,5 59 60,1,40,,289609,4,0,5 59 60,1,68,,289611,4,0,5 59 60,1,25,,289613,4,0,5 59 60,1
4100,'20261009',640,,289621,3,0,7 58 9,1,63,,289623,3,0,7 58 9,1,10,,289625,3,0,7 58 9,1,12,,289627,3,0,7 58 9,1,20,,289629,3,0,7 58 9,1,5,,289630,3,0,7 58 9,1,50,,289632,3,0,31 59 60,1,5,,289633,3,0,31 59 60,1,5,,289634,3,0,31 59 60,1,15,,289636,3,0,7 58 9,1,13,,289638,3,0,31 59 60,1,15,,289640,3,0,7 58 9,1,55,,289642,3,0,31 59 60,1,20,,289644,3,0,7 58 9,1,12,,289646,3,0,7 58 9,1,15,,289647,3,0,7 58 9,1,55,,289649,3,0,31 59 60,1,10,,289650,3,0,7 58 9,1,15,,289652,3,0,31 59 60,1,15,,289653,3,0,7 58 9,1,55,,289655,3,0,31 59 60,1,10,,289656,3,0,7 58 9,1,20,,289658,3,0,7 58 9,1,75,,289660,3,0,31 59 60,1,25,,289662,3,0,31 59 60,1,70,,289664,3,0,31 59 60,1,5,,289665,4,0,5 59 60,1,25,,289667,3,0,31 59 60,1,10,,289668,4,0,5 59 60,1,65,,289670,4,0,5 59 60,1,30,,289672,4,0,5 59 60,1,65,,289674,4,0,5 59 60,1,32,,289676,4,0,5 59 60,1,78,,289678,4,0,5 59 60,1,35,,289680,4,0,5 59 60,1,65,,289682,4,0,5 59 60,1,37,,289684,4,0,5 59 60,1,65,,289686,4,0,5 59 60,1,40,,289688,4,0,5 59 60,1,68,,289690,4,0,5 59 60,1,25,,289692,4,0,5 59 60,1
4100,'20261013',640,,289700,3,0,7 58 9,1,63,,289702,3,0,7 58 9,1,10,,289704,3,0,7 58 9,1,12,,289706,3,0,7 58 9,1,20,,289708,3,0,7 58 9,1,5,,289709,3,0,7 58 9,1,50,,289711,3,0,31 59 60,1,5,,289712,3,0,31 59 60,1,5,,289713,3,0,31 59 60,1,15,,289715,3,0,7 58 9,1,13,,289717,3,0,31 59 60,1,15,,289719,3,0,7 58 9,1,55,,289721,3,0,31 59 60,1,20,,289723,3,0,7 58 9,1,12,,289725,3,0,7 58 9,1,15,,289726,3,0,7 58 9,1,55,,289728,3,0,31 59 60,1,10,,289729,3,0,7 58 9,1,15,,289731,3,0,31 59 60,1,15,,289732,3,0,7 58 9,1,55,,289734,3,0,31 59 60,1,10,,289735,3,0,7 58 9,1,20,,289737,3,0,7 58 9,1,75,,289739,3,0,31 59 60,1,25,,289741,3,0,31 59 60,1,70,,289743,3,0,31 59 60,1,5,,289744,4,0,5 59 60,1,25,,289746,3,0,31 59 60,1,10,,289747,4,0,5 59 60,1,65,,289749,4,0,5 59 60,1,30,,289751,4,0,5 59 60,1,65,,289753,4,0,5 59 60,1,32,,289755,4,0,5 59 60,1,78,,289757,4,0,5 59 60,1,35,,289759,4,0,5 59 60,1,65,,289761,4,0,5 59 60,1,37,,289763,4,0,5 59 60,1,65,,289765,4,0,5 59 60,1,40,,289767,4,0,5 59 60,1,68,,289769,4,0,5 59 60,1,25,,289771,4,0,5 59 60,1
4100,'20261014',640,,289779,3,0,7 58 9,1,63,,289781,3,0,7 58 9,1,10,,289783,3,0,7 58 9,1,12,,289785,3,0,7 58 9,1,20,,289787,3,0,7 58 9,1,5,,289788,3,0,7 58 9,1,50,,289790,3,0,31 59 60,1,5,,289791,3,0,31 59 60,1,5,,289792,3,0,31 59 60,1,15,,289794,3,0,7 58 9,1,13,,289796,3,0,31 59 60,1,15,,289798,3,0,7 58 9,1,55,,289800,3,0,31 59 60,1,20,,289802,3,0,7 58 9,1,12,,289804,3,0,7 58 9,1,15,,289805,3,0,7 58 9,1,55,,289807,3,0,31 59 60,1,10,,289808,3,0,7 58 9,1,15,,289810,3,0,31 59 60,1,15,,289811,3,0,7 58 9,1,55,,289813,3,0,31 59 60,1,10,,289814,3,0,7 58 9,1,20,,289816,3,0,7 58 9,1,75,,289818,3,0,31 59 60,1,25,,289820,3,0,31 59 60,1,70,,289822,3,0,31 59 60,1,5,,289823,4,0,5 59 60,1,25,,289825,3,0,31 59 60,1,10,,289826,4,0,5 59 60,1,65,,289828,4,0,5 59 60,1,30,,289830,4,0,5 59 60,1,65,,289832,4,0,5 59 60,1,32,,289834,4,0,5 59 60,1,78,,289836,4,0,5 59 60,1,35,,289838,4,0,5 59 60,1,65,,289840,4,0,5 59 60,1,37,,289842,4,0,5 59 60,1,65,,289844,4,0,5 59 60,1,40,,289846,4,0,5 59 60,1,68,,289848,4,0,5 59 60,1,25,,289850,4,0,5 59 60,1
4100,'20261015',640,,289858,3,0,7 58 9,1,63,,289860,3,0,7 58 9,1,10,,289862,3,0,7 58 9,1,12,,289864,3,0,7 58 9,1,20,,289866,3,0,7 58 9,1,5,,289867,3,0,7 58 9,1,50,,289869,3,0,31 59 60,1,5,,289870,3,0,31 59 60,1,5,,289871,3,0,31 59 60,1,15,,289873,3,0,7 58 9,1,13,,289875,3,0,31 59 60,1,15,,289877,3,0,7 58 9,1,55,,289879,3,0,31 59 60,1,20,,289881,3,0,7 58 9,1,12,,289883,3,0,7 58 9,1,15,,289884,3,0,7 58 9,1,55,,289886,3,0,31 59 60,1,10,,289887,3,0,7 58 9,1,15,,289889,3,0,31 59 60,1,15,,289890,3,0,7 58 9,1,55,,289892,3,0,31 59 60,1,10,,289893,3,0,7 58 9,1,20,,289895,3,0,7 58 9,1,75,,289897,3,0,31 59 60,1,25,,289899,3,0,31 59 60,1,70,,289901,3,0,31 59 60,1,5,,289902,4,0,5 59 60,1,25,,289904,3,0,31 59 60,1,10,,289905,4,0,5 59 60,1,65,,289907,4,0,5 59 60,1,30,,289909,4,0,5 59 60,1,65,,289911,4,0,5 59 60,1,32,,289913,4,0,5 59 60,1,78,,289915,4,0,5 59 60,1,35,,289917,4,0,5 59 60,1,65,,289919,4,0,5 59 60,1,37,,289921,4,0,5 59 60,1,65,,289923,4,0,5 59 60,1,40,,289925,4,0,5 59 60,1,68,,289927,4,0,5 59 60,1,25,,289929,4,0,5 59 60,1
4100,'20261016',640,,289937,3,0,7 58 9,1,63,,289939,3,0,7 58 9,1,10,,289941,3,0,7 58 9,1,12,,289943,3,0,7 58 9,1,20,,289945,3,0,7 58 9,1,5,,289946,3,0,7 58 9,1,50,,289948,3,0,31 59 60,1,5,,289949,3,0,31 59 60,1,5,,289950,3,0,31 59 60,1,15,,289952,3,0,7 58 9,1,13,,289954,3,0,31 59 60,1,15,,289956,3,0,7 58 9,1,55,,289958,3,0,31 59 60,1,20,,289960,3,0,7 58 9,1,12,,289962,3,0,7 58 9,1,15,,289963,3,0,7 58 9,1,55,,289965,3,0,31 59 60,1,10,,289966,3,0,7 58 9,1,15,,289968,3,0,31 59 60,1,15,,289969,3,0,7 58 9,1,55,,289971,3,0,31 59 60,1,10,,289972,3,0,7 58 9,1,20,,289974,3,0,7 58 9,1,75,,289976,3,0,31 59 60,1,25,,289978,3,0,31 59 60,1,70,,289980,3,0,31 59 60,1,5,,289981,4,0,5 59 60,1,25,,289983,3,0,31 59 60,1,10,,289984,4,0,5 59 60,1,65,,289986,4,0,5 59 60,1,30,,289988,4,0,5 59 60,1,65,,289990,4,0,5 59 60,1,32,,289992,4,0,5 59 60,1,78,,289994,4,0,5 59 60,1,35,,289996,4,0,5 59 60,1,65,,289998,4,0,5 59 60,1,37,,290000,4,0,5 59 60,1,65,,290002,4,0,5 59 60,1,40,,290004,4,0,5 59 60,1,68,,290006,4,0,5 59 60,1,25,,290008,4,0,5 59 60,1
4100,'20261019',640,,290016,3,0,7 58 9,1,63,,290018,3,0,7 58 9,1,10,,290020,3,0,7 58 9,1,12,,290022,3,0,7 58 9,1,20,,290024,3,0,7 58 9,1,5,,290025,3,0,7 58 9,1,50,,290027,3,0,31 59 60,1,5,,290028,3,0,31 59 60,1,5,,290029,3,0,31 59 60,1,15,,290031,3,0,7 58 9,1,13,,290033,3,0,31 59 60,1,15,,290035,3,0,7 58 9,1,55,,290037,3,0,31 59 60,1,20,,290039,3,0,7 58 9,1,12,,290041,3,0,7 58 9,1,15,,290042,3,0,7 58 9,1,55,,290044,3,0,31 59 60,1,10,,290045,3,0,7 58 9,1,15,,290047,3,0,31 59 60,1,15,,290048,3,0,7 58 9,1,55,,290050,3,0,31 59 60,1,10,,290051,3,0,7 58 9,1,20,,290053,3,0,7 58 9,1,75,,290055,3,0,31 59 60,1,25,,290057,3,0,31 59 60,1,70,,290059,3,0,31 59 60,1,5,,290060,4,0,5 59 60,1,25,,290062,3,0,31 59 60,1,10,,290063,4,0,5 59 60,1,65,,290065,4,0,5 59 60,1,30,,290067,4,0,5 59 60,1,65,,290069,4,0,5 59 60,1,32,,290071,4,0,5 59 60,1,78,,290073,4,0,5 59 60,1,35,,290075,4,0,5 59 60,1,65,,290077,4,0,5 59 60,1,37,,290079,4,0,5 59 60,1,65,,290081,4,0,5 59 60,1,40,,290083,4,0,5 59 60,1,68,,290085,4,0,5 59 60,1,25,,290087,4,0,5 59 60,1
4100,'20261020',640,,290095,3,0,7 58 9,1,63,,290097,3,0,7 58 9,1,10,,290099,3,0,7 58 9,1,12,,290101,3,0,7 58 9,1,20,,290103,3,0,7 58 9,1,5,,290104,3,0,7 58 9,1,50,,290106,3,0,31 59 60,1,5,,290107,3,0,31 59 60,1,5,,290108,3,0,31 59 60,1,15,,290110,3,0,7 58 9,1,13,,290112,3,0,31 59 60,1,15,,290114,3,0,7 58 9,1,55,,290116,3,0,31 59 60,1,20,,290118,3,0,7 58 9,1,12,,290120,3,0,7 58 9,1,15,,290121,3,0,7 58 9,1,55,,290123,3,0,31 59 60,1,10,,290124,3,0,7 58 9,1,15,,290126,3,0,31 59 60,1,15,,290127,3,0,7 58 9,1,55,,290129,3,0,31 59 60,1,10,,290130,3,0,7 58 9,1,20,,290132,3,0,7 58 9,1,75,,290134,3,0,31 59 60,1,25,,290136,3,0,31 59 60,1,70,,290138,3,0,31 59 60,1,5,,290139,4,0,5 59 60,1,25,,290141,3,0,31 59 60,1,10,,290142,4,0,5 59 60,1,65,,290144,4,0,5 59 60,1,30,,290146,4,0,5 59 60,1,65,,290148,4,0,5 59 60,1,32,,290150,4,0,5 59 60,1,78,,290152,4,0,5 59 60,1,35,,290154,4,0,5 59 60,1,65,,290156,4,0,5 59 60,1,37,,290158,4,0,5 59 60,1,65,,290160,4,0,5 59 60,1,40,,290162,4,0,5 59 60,1,68,,290164,4,0,5 59 60,1,25,,290166,4,0,5 59 60,1
4100,'20261021',640,,290174,3,0,7 58 9,1,63,,290176,3,0,7 58 9,1,10,,290178,3,0,7 58 9,1,12,,290180,3,0,7 58 9,1,20,,290182,3,0,7 58 9,1,5,,290183,3,0,7 58 9,1,50,,290185,3,0,31 59 60,1,5,,290186,3,0,31 59 60,1,5,,290187,3,0,31 59 60,1,15,,290189,3,0,7 58 9,1,13,,290191,3,0,31 59 60,1,15,,290193,3,0,7 58 9,1,55,,290195,3,0,31 59 60,1,20,,290197,3,0,7 58 9,1,12,,290199,3,0,7 58 9,1,15,,290200,3,0,7 58 9,1,55,,290202,3,0,31 59 60,1,10,,290203,3,0,7 58 9,1,15,,290205,3,0,31 59 60,1,15,,290206,3,0,7 58 9,1,55,,290208,3,0,31 59 60,1,10,,290209,3,0,7 58 9,1,20,,290211,3,0,7 58 9,1,75,,290213,3,0,31 59 60,1,25,,290215,3,0,31 59 60,1,70,,290217,3,0,31 59 60,1,5,,290218,4,0,5 59 60,1,25,,290220,3,0,31 59 60,1,10,,290221,4,0,5 59 60,1,65,,290223,4,0,5 59 60,1,30,,290225,4,0,5 59 60,1,65,,290227,4,0,5 59 60,1,32,,290229,4,0,5 59 60,1,78,,290231,4,0,5 59 60,1,35,,290233,4,0,5 59 60,1,65,,290235,4,0,5 59 60,1,37,,290237,4,0,5 59 60,1,65,,290239,4,0,5 59 60,1,40,,290241,4,0,5 59 60,1,68,,290243,4,0,5 59 60,1,25,,290245,4,0,5 59 60,1
4100,'20261022',640,,290253,3,0,7 58 9,1,63,,290255,3,0,7 58 9,1,10,,290257,3,0,7 58 9,1,12,,290259,3,0,7 58 9,1,20,,290261,3,0,7 58 9,1,5,,290262,3,0,7 58 9,1,50,,290264,3,0,31 59 60,1,5,,290265,3,0,31 59 60,1,5,,290266,3,0,31 59 60,1,15,,290268,3,0,7 58 9,1,13,,290270,3,0,31 59 60,1,15,,290272,3,0,7 58 9,1,55,,290274,3,0,31 59 60,1,20,,290276,3,0,7 58 9,1,12,,290278,3,0,7 58 9,1,15,,290279,3,0,7 58 9,1,55,,290281,3,0,31 59 60,1,10,,290282,3,0,7 58 9,1,15,,290284,3,0,31 59 60,1,15,,290285,3,0,7 58 9,1,55,,290287,3,0,31 59 60,1,10,,290288,3,0,7 58 9,1,20,,290290,3,0,7 58 9,1,75,,290292,3,0,31 59 60,1,25,,290294,3,0,31 59 60,1,70,,290296,3,0,31 59 60,1,5,,290297,4,0,5 59 60,1,25,,290299,3,0,31 59 60,1,10,,290300,4,0,5 59 60,1,65,,290302,4,0,5 59 60,1,30,,290304,4,0,5 59 60,1,65,,290306,4,0,5 59 60,1,32,,290308,4,0,5 59 60,1,78,,290310,4,0,5 59 60,1,35,,290312,4,0,5 59 60,1,65,,290314,4,0,5 59 60,1,37,,290316,4,0,5 59 60,1,65,,290318,4,0,5 59 60,1,40,,290320,4,0,5 59 60,1,68,,290322,4,0,5 59 60,1,25,,290324,4,0,5 59 60,1
4100,'20261023',640,,290332,3,0,7 58 9,1,63,,290334,3,0,7 58 9,1,10,,290336,3,0,7 58 9,1,12,,290338,3,0,7 58 9,1,20,,290340,3,0,7 58 9,1,5,,290341,3,0,7 58 9,1,50,,290343,3,0,31 59 60,1,5,,290344,3,0,31 59 60,1,5,,290345,3,0,31 59 60,1,15,,290347,3,0,7 58 9,1,13,,290349,3,0,31 59 60,1,15,,290351,3,0,7 58 9,1,55,,290353,3,0,31 59 60,1,20,,290355,3,0,7 58 9,1,12,,290357,3,0,7 58 9,1,15,,290358,3,0,7 58 9,1,55,,290360,3,0,31 59 60,1,10,,290361,3,0,7 58 9,1,15,,290363,3,0,31 59 60,1,15,,290364,3,0,7 58 9,1,55,,290366,3,0,31 59 60,1,10,,290367,3,0,7 58 9,1,20,,290369,3,0,7 58 9,1,75,,290371,3,0,31 59 60,1,25,,290373,3,0,31 59 60,1,70,,290375,3,0,31 59 60,1,5,,290376,4,0,5 59 60,1,25,,290378,3,0,31 59 60,1,10,,290379,4,0,5 59 60,1,65,,290381,4,0,5 59 60,1,30,,290383,4,0,5 59 60,1,65,,290385,4,0,5 59 60,1,32,,290387,4,0,5 59 60,1,78,,290389,4,0,5 59 60,1,35,,290391,4,0,5 59 60,1,65,,290393,4,0,5 59 60,1,37,,290395,4,0,5 59 60,1,65,,290397,4,0,5 59 60,1,40,,290399,4,0,5 59 60,1,68,,290401,4,0,5 59 60,1,25,,290403,4,0,5 59 60,1
4100,'20261026',640,,290411,3,0,7 58 9,1,63,,290413,3,0,7 58 9,1,10,,290415,3,0,7 58 9,1,12,,290417,3,0,7 58 9,1,20,,290419,3,0,7 58 9,1,5,,290420,3,0,7 58 9,1,50,,290422,3,0,31 59 60,1,5,,290423,3,0,31 59 60,1,5,,290424,3,0,31 59 60,1,15,,290426,3,0,7 58 9,1,13,,290428,3,0,31 59 60,1,15,,290430,3,0,7 58 9,1,55,,290432,3,0,31 59 60,1,20,,290434,3,0,7 58 9,1,12,,290436,3,0,7 58 9,1,15,,290437,3,0,7 58 9,1,55,,290439,3,0,31 59 60,1,10,,290440,3,0,7 58 9,1,15,,290442,3,0,31 59 60,1,15,,290443,3,0,7 58 9,1,55,,290445,3,0,31 59 60,1,10,,290446,3,0,7 58 9,1,20,,290448,3,0,7 58 9,1,75,,290450,3,0,31 59 60,1,25,,290452,3,0,31 59 60,1,70,,290454,3,0,31 59 60,1,5,,290455,4,0,5 59 60,1,25,,290457,3,0,31 59 60,1,10,,290458,4,0,5 59 60,1,65,,290460,4,0,5 59 60,1,30,,290462,4,0,5 59 60,1,65,,290464,4,0,5 59 60,1,32,,290466,4,0,5 59 60,1,78,,290468,4,0,5 59 60,1,35,,290470,4,0,5 59 60,1,65,,290472,4,0,5 59 60,1,37,,290474,4,0,5 59 60,1,65,,290476,4,0,5 59 60,1,40,,290478,4,0,5 59 60,1,68,,290480,4,0,5 59 60,1,25,,290482,4,0,5 59 60,1
4100,'20261027',640,,290490,3,0,7 58 9,1,63,,290492,3,0,7 58 9,1,10,,290494,3,0,7 58 9,1,12,,290496,3,0,7 58 9,1,20,,290498,3,0,7 58 9,1,5,,290499,3,0,7 58 9,1,50,,290501,3,0,31 59 60,1,5,,290502,3,0,31 59 60,1,5,,290503,3,0,31 59 60,1,15,,290505,3,0,7 58 9,1,13,,290507,3,0,31 59 60,1,15,,290509,3,0,7 58 9,1,55,,290511,3,0,31 59 60,1,20,,290513,3,0,7 58 9,1,12,,290515,3,0,7 58 9,1,15,,290516,3,0,7 58 9,1,55,,290518,3,0,31 59 60,1,10,,290519,3,0,7 58 9,1,15,,290521,3,0,31 59 60,1,15,,290522,3,0,7 58 9,1,55,,290524,3,0,31 59 60,1,10,,290525,3,0,7 58 9,1,20,,290527,3,0,7 58 9,1,75,,290529,3,0,31 59 60,1,25,,290531,3,0,31 59 60,1,70,,290533,3,0,31 59 60,1,5,,290534,4,0,5 59 60,1,25,,290536,3,0,31 59 60,1,10,,290537,4,0,5 59 60,1,65,,290539,4,0,5 59 60,1,30,,290541,4,0,5 59 60,1,65,,290543,4,0,5 59 60,1,32,,290545,4,0,5 59 60,1,78,,290547,4,0,5 59 60,1,35,,290549,4,0,5 59 60,1,65,,290551,4,0,5 59 60,1,37,,290553,4,0,5 59 60,1,65,,290555,4,0,5 59 60,1,40,,290557,4,0,5 59 60,1,68,,290559,4,0,5 59 60,1,25,,290561,4,0,5 59 60,1
4100,'20261028',640,,290569,3,0,7 58 9,1,63,,290571,3,0,7 58 9,1,10,,290573,3,0,7 58 9,1,12,,290575,3,0,7 58 9,1,20,,290577,3,0,7 58 9,1,5,,290578,3,0,7 58 9,1,50,,290580,3,0,31 59 60,1,5,,290581,3,0,31 59 60,1,5,,290582,3,0,31 59 60,1,15,,290584,3,0,7 58 9,1,13,,290586,3,0,31 59 60,1,15,,290588,3,0,7 58 9,1,55,,290590,3,0,31 59 60,1,20,,290592,3,0,7 58 9,1,12,,290594,3,0,7 58 9,1,15,,290595,3,0,7 58 9,1,55,,290597,3,0,31 59 60,1,10,,290598,3,0,7 58 9,1,15,,290600,3,0,31 59 60,1,15,,290601,3,0,7 58 9,1,55,,290603,3,0,31 59 60,1,10,,290604,3,0,7 58 9,1,20,,290606,3,0,7 58 9,1,75,,290608,3,0,31 59 60,1,25,,290610,3,0,31 59 60,1,70,,290612,3,0,31 59 60,1,5,,290613,4,0,5 59 60,1,25,,290615,3,0,31 59 60,1,10,,290616,4,0,5 59 60,1,65,,290618,4,0,5 59 60,1,30,,290620,4,0,5 59 60,1,65,,290622,4,0,5 59 60,1,32,,290624,4,0,5 59 60,1,78,,290626,4,0,5 59 60,1,35,,290628,4,0,5 59 60,1,65,,290630,4,0,5 59 60,1,37,,290632,4,0,5 59 60,1,65,,290634,4,0,5 59 60,1,40,,290636,4,0,5 59 60,1,68,,290638,4,0,5 59 60,1,25,,290640,4,0,5 59 60,1
4100,'20261029',640,,290648,3,0,7 58 9,1,63,,290650,3,0,7 58 9,1,10,,290652,3,0,7 58 9,1,12,,290654,3,0,7 58 9,1,20,,290656,3,0,7 58 9,1,5,,290657,3,0,7 58 9,1,50,,290659,3,0,31 59 60,1,5,,290660,3,0,31 59 60,1,5,,290661,3,0,31 59 60,1,15,,290663,3,0,7 58 9,1,13,,290665,3,0,31 59 60,1,15,,290667,3,0,7 58 9,1,55,,290669,3,0,31 59 60,1,20,,290671,3,0,7 58 9,1,12,,290673,3,0,7 58 9,1,15,,290674,3,0,7 58 9,1,55,,290676,3,0,31 59 60,1,10,,290677,3,0,7 58 9,1,15,,290679,3,0,31 59 60,1,15,,290680,3,0,7 58 9,1,55,,290682,3,0,31 59 60,1,10,,290683,3,0,7 58 9,1,20,,290685,3,0,7 58 9,1,75,,290687,3,0,31 59 60,1,25,,290689,3,0,31 59 60,1,70,,290691,3,0,31 59 60,1,5,,290692,4,0,5 59 60,1,25,,290694,3,0,31 59 60,1,10,,290695,4,0,5 59 60,1,65,,290697,4,0,5 59 60,1,30,,290699,4,0,5 59 60,1,65,,290701,4,0,5 59 60,1,32,,290703,4,0,5 59 60,1,78,,290705,4,0,5 59 60,1,35,,290707,4,0,5 59 60,1,65,,290709,4,0,5 59 60,1,37,,290711,4,0,5 59 60,1,65,,290713,4,0,5 59 60,1,40,,290715,4,0,5 59 60,1,68,,290717,4,0,5 59 60,1,25,,290719,4,0,5 59 60,1
4100,'20261030',640,,290727,3,0,7 58 9,1,63,,290729,3,0,7 58 9,1,10,,290731,3,0,7 58 9,1,12,,290733,3,0,7 58 9,1,20,,290735,3,0,7 58 9,1,5,,290736,3,0,7 58 9,1,50,,290738,3,0,31 59 60,1,5,,290739,3,0,31 59 60,1,5,,290740,3,0,31 59 60,1,15,,290742,3,0,7 58 9,1,13,,290744,3,0,31 59 60,1,15,,290746,3,0,7 58 9,1,55,,290748,3,0,31 59 60,1,20,,290750,3,0,7 58 9,1,12,,290752,3,0,7 58 9,1,15,,290753,3,0,7 58 9,1,55,,290755,3,0,31 59 60,1,10,,290756,3,0,7 58 9,1,15,,290758,3,0,31 59 60,1,15,,290759,3,0,7 58 9,1,55,,290761,3,0,31 59 60,1,10,,290762,3,0,7 58 9,1,20,,290764,3,0,7 58 9,1,75,,290766,3,0,31 59 60,1,25,,290768,3,0,31 59 60,1,70,,290770,3,0,31 59 60,1,5,,290771,4,0,5 59 60,1,25,,290773,3,0,31 59 60,1,10,,290774,4,0,5 59 60,1,65,,290776,4,0,5 59 60,1,30,,290778,4,0,5 59 60,1,65,,290780,4,0,5 59 60,1,32,,290782,4,0,5 59 60,1,78,,290784,4,0,5 59 60,1,35,,290786,4,0,5 59 60,1,65,,290788,4,0,5 59 60,1,37,,290790,4,0,5 59 60,1,65,,290792,4,0,5 59 60,1,40,,290794,4,0,5 59 60,1,68,,290796,4,0,5 59 60,1,25,,290798,4,0,5 59 60,1
4100,'20261102',640,,290806,3,0,7 58 9,1,63,,290808,3,0,7 58 9,1,10,,290810,3,0,7 58 9,1,12,,290812,3,0,7 58 9,1,20,,290814,3,0,7 58 9,1,5,,290815,3,0,7 58 9,1,50,,290817,3,0,31 59 60,1,5,,290818,3,0,31 59 60,1,5,,290819,3,0,31 59 60,1,15,,290821,3,0,7 58 9,1,13,,290823,3,0,31 59 60,1,15,,290825,3,0,7 58 9,1,55,,290827,3,0,31 59 60,1,20,,290829,3,0,7 58 9,1,12,,290831,3,0,7 58 9,1,15,,290832,3,0,7 58 9,1,55,,290834,3,0,31 59 60,1,10,,290835,3,0,7 58 9,1,15,,290837,3,0,31 59 60,1,15,,290838,3,0,7 58 9,1,55,,290840,3,0,31 59 60,1,10,,290841,3,0,7 58 9,1,20,,290843,3,0,7 58 9,1,75,,290845,3,0,31 59 60,1,25,,290847,3,0,31 59 60,1,70,,290849,3,0,31 59 60,1,5,,290850,4,0,5 59 60,1,25,,290852,3,0,31 59 60,1,10,,290853,4,0,5 59 60,1,65,,290855,4,0,5 59 60,1,30,,290857,4,0,5 59 60,1,65,,290859,4,0,5 59 60,1,32,,290861,4,0,5 59 60,1,78,,290863,4,0,5 59 60,1,35,,290865,4,0,5 59 60,1,65,,290867,4,0,5 59 60,1,37,,290869,4,0,5 59 60,1,65,,290871,4,0,5 59 60,1,40,,290873,4,0,5 59 60,1,68,,290875,4,0,5 59 60,1,25,,290877,4,0,5 59 60,1
4100,'20261103',640,,290885,3,0,7 58 9,1,63,,290887,3,0,7 58 9,1,10,,290889,3,0,7 58 9,1,12,,290891,3,0,7 58 9,1,20,,290893,3,0,7 58 9,1,5,,290894,3,0,7 58 9,1,50,,290896,3,0,31 59 60,1,5,,290897,3,0,31 59 60,1,5,,290898,3,0,31 59 60,1,15,,290900,3,0,7 58 9,1,13,,290902,3,0,31 59 60,1,15,,290904,3,0,7 58 9,1,55,,290906,3,0,31 59 60,1,20,,290908,3,0,7 58 9,1,12,,290910,3,0,7 58 9,1,15,,290911,3,0,7 58 9,1,55,,290913,3,0,31 59 60,1,10,,290914,3,0,7 58 9,1,15,,290916,3,0,31 59 60,1,15,,290917,3,0,7 58 9,1,55,,290919,3,0,31 59 60,1,10,,290920,3,0,7 58 9,1,20,,290922,3,0,7 58 9,1,75,,290924,3,0,31 59 60,1,25,,290926,3,0,31 59 60,1,70,,290928,3,0,31 59 60,1,5,,290929,4,0,5 59 60,1,25,,290931,3,0,31 59 60,1,10,,290932,4,0,5 59 60,1,65,,290934,4,0,5 59 60,1,30,,290936,4,0,5 59 60,1,65,,290938,4,0,5 59 60,1,32,,290940,4,0,5 59 60,1,78,,290942,4,0,5 59 60,1,35,,290944,4,0,5 59 60,1,65,,290946,4,0,5 59 60,1,37,,290948,4,0,5 59 60,1,65,,290950,4,0,5 59 60,1,40,,290952,4,0,5 59 60,1,68,,290954,4,0,5 59 60,1,25,,290956,4,0,5 59 60,1
4100,'20261104',640,,290964,3,0,7 58 9,1,63,,290966,3,0,7 58 9,1,10,,290968,3,0,7 58 9,1,12,,290970,3,0,7 58 9,1,20,,290972,3,0,7 58 9,1,5,,290973,3,0,7 58 9,1,50,,290975,3,0,31 59 60,1,5,,290976,3,0,31 59 60,1,5,,290977,3,0,31 59 60,1,15,,290979,3,0,7 58 9,1,13,,290981,3,0,31 59 60,1,15,,290983,3,0,7 58 9,1,55,,290985,3,0,31 59 60,1,20,,290987,3,0,7 58 9,1,12,,290989,3,0,7 58 9,1,15,,290990,3,0,7 58 9,1,55,,290992,3,0,31 59 60,1,10,,290993,3,0,7 58 9,1,15,,290995,3,0,31 59 60,1,15,,290996,3,0,7 58 9,1,55,,290998,3,0,31 59 60,1,10,,290999,3,0,7 58 9,1,20,,291001,3,0,7 58 9,1,75,,291003,3,0,31 59 60,1,25,,291005,3,0,31 59 60,1,70,,291007,3,0,31 59 60,1,5,,291008,4,0,5 59 60,1,25,,291010,3,0,31 59 60,1,10,,291011,4,0,5 59 60,1,65,,291013,4,0,5 59 60,1,30,,291015,4,0,5 59 60,1,65,,291017,4,0,5 59 60,1,32,,291019,4,0,5 59 60,1,78,,291021,4,0,5 59 60,1,35,,291023,4,0,5 59 60,1,65,,291025,4,0,5 59 60,1,37,,291027,4,0,5 59 60,1,65,,291029,4,0,5 59 60,1,40,,291031,4,0,5 59 60,1,68,,291033,4,0,5 59 60,1,25,,291035,4,0,5 59 60,1
4100,'20261105',640,,291043,3,0,7 58 9,1,63,,291045,3,0,7 58 9,1,10,,291047,3,0,7 58 9,1,12,,291049,3,0,7 58 9,1,20,,291051,3,0,7 58 9,1,5,,291052,3,0,7 58 9,1,50,,291054,3,0,31 59 60,1,5,,291055,3,0,31 59 60,1,5,,291056,3,0,31 59 60,1,15,,291058,3,0,7 58 9,1,13,,291060,3,0,31 59 60,1,15,,291062,3,0,7 58 9,1,55,,291064,3,0,31 59 60,1,20,,291066,3,0,7 58 9,1,12,,291068,3,0,7 58 9,1,15,,291069,3,0,7 58 9,1,55,,291071,3,0,31 59 60,1,10,,291072,3,0,7 58 9,1,15,,291074,3,0,31 59 60,1,15,,291075,3,0,7 58 9,1,55,,291077,3,0,31 59 60,1,10,,291078,3,0,7 58 9,1,20,,291080,3,0,7 58 9,1,75,,291082,3,0,31 59 60,1,25,,291084,3,0,31 59 60,1,70,,291086,3,0,31 59 60,1,5,,291087,4,0,5 59 60,1,25,,291089,3,0,31 59 60,1,10,,291090,4,0,5 59 60,1,65,,291092,4,0,5 59 60,1,30,,291094,4,0,5 59 60,1,65,,291096,4,0,5 59 60,1,32,,291098,4,0,5 59 60,1,78,,291100,4,0,5 59 60,1,35,,291102,4,0,5 59 60,1,65,,291104,4,0,5 59 60,1,37,,291106,4,0,5 59 60,1,65,,291108,4,0,5 59 60,1,40,,291110,4,0,5 59 60,1,68,,291112,4,0,5 59 60,1,25,,291114,4,0,5 59 60,1
4100,'20261106',640,,291122,3,0,7 58 9,1,63,,291124,3,0,7 58 9,1,10,,291126,3,0,7 58 9,1,12,,291128,3,0,7 58 9,1,20,,291130,3,0,7 58 9,1,5,,291131,3,0,7 58 9,1,50,,291133,3,0,31 59 60,1,5,,291134,3,0,31 59 60,1,5,,291135,3,0,31 59 60,1,15,,291137,3,0,7 58 9,1,13,,291139,3,0,31 59 60,1,15,,291141,3,0,7 58 9,1,55,,291143,3,0,31 59 60,1,20,,291145,3,0,7 58 9,1,12,,291147,3,0,7 58 9,1,15,,291148,3,0,7 58 9,1,55,,291150,3,0,31 59 60,1,10,,291151,3,0,7 58 9,1,15,,291153,3,0,31 59 60,1,15,,291154,3,0,7 58 9,1,55,,291156,3,0,31 59 60,1,10,,291157,3,0,7 58 9,1,20,,291159,3,0,7 58 9,1,75,,291161,3,0,31 59 60,1,25,,291163,3,0,31 59 60,1,70,,291165,3,0,31 59 60,1,5,,291166,4,0,5 59 60,1,25,,291168,3,0,31 59 60,1,10,,291169,4,0,5 59 60,1,65,,291171,4,0,5 59 60,1,30,,291173,4,0,5 59 60,1,65,,291175,4,0,5 59 60,1,32,,291177,4,0,5 59 60,1,78,,291179,4,0,5 59 60,1,35,,291181,4,0,5 59 60,1,65,,291183,4,0,5 59 60,1,37,,291185,4,0,5 59 60,1,65,,291187,4,0,5 59 60,1,40,,291189,4,0,5 59 60,1,68,,291191,4,0,5 59 60,1,25,,291193,4,0,5 59 60,1
4100,'20261109',640,,291201,3,0,7 58 9,1,63,,291203,3,0,7 58 9,1,10,,291205,3,0,7 58 9,1,12,,291207,3,0,7 58 9,1,20,,291209,3,0,7 58 9,1,5,,291210,3,0,7 58 9,1,50,,291212,3,0,31 59 60,1,5,,291213,3,0,31 59 60,1,5,,291214,3,0,31 59 60,1,15,,291216,3,0,7 58 9,1,13,,291218,3,0,31 59 60,1,15,,291220,3,0,7 58 9,1,55,,291222,3,0,31 59 60,1,20,,291224,3,0,7 58 9,1,12,,291226,3,0,7 58 9,1,15,,291227,3,0,7 58 9,1,55,,291229,3,0,31 59 60,1,10,,291230,3,0,7 58 9,1,15,,291232,3,0,31 59 60,1,15,,291233,3,0,7 58 9,1,55,,291235,3,0,31 59 60,1,10,,291236,3,0,7 58 9,1,20,,291238,3,0,7 58 9,1,75,,291240,3,0,31 59 60,1,25,,291242,3,0,31 59 60,1,70,,291244,3,0,31 59 60,1,5,,291245,4,0,5 59 60,1,25,,291247,3,0,31 59 60,1,10,,291248,4,0,5 59 60,1,65,,291250,4,0,5 59 60,1,30,,291252,4,0,5 59 60,1,65,,291254,4,0,5 59 60,1,32,,291256,4,0,5 59 60,1,78,,291258,4,0,5 59 60,1,35,,291260,4,0,5 59 60,1,65,,291262,4,0,5 59 60,1,37,,291264,4,0,5 59 60,1,65,,291266,4,0,5 59 60,1,40,,291268,4,0,5 59 60,1,68,,291270,4,0,5 59 60,1,25,,291272,4,0,5 59 60,1
4100,'20261110',640,,291280,3,0,7 58 9,1,63,,291282,3,0,7 58 9,1,10,,291284,3,0,7 58 9,1,12,,291286,3,0,7 58 9,1,20,,291288,3,0,7 58 9,1,5,,291289,3,0,7 58 9,1,50,,291291,3,0,31 59 60,1,5,,291292,3,0,31 59 60,1,5,,291293,3,0,31 59 60,1,15,,291295,3,0,7 58 9,1,13,,291297,3,0,31 59 60,1,15,,291299,3,0,7 58 9,1,55,,291301,3,0,31 59 60,1,20,,291303,3,0,7 58 9,1,12,,291305,3,0,7 58 9,1,15,,291306,3,0,7 58 9,1,55,,291308,3,0,31 59 60,1,10,,291309,3,0,7 58 9,1,15,,291311,3,0,31 59 60,1,15,,291312,3,0,7 58 9,1,55,,291314,3,0,31 59 60,1,10,,291315,3,0,7 58 9,1,20,,291317,3,0,7 58 9,1,75,,291319,3,0,31 59 60,1,25,,291321,3,0,31 59 60,1,70,,291323,3,0,31 59 60,1,5,,291324,4,0,5 59 60,1,25,,291326,3,0,31 59 60,1,10,,291327,4,0,5 59 60,1,65,,291329,4,0,5 59 60,1,30,,291331,4,0,5 59 60,1,65,,291333,4,0,5 59 60,1,32,,291335,4,0,5 59 60,1,78,,291337,4,0,5 59 60,1,35,,291339,4,0,5 59 60,1,65,,291341,4,0,5 59 60,1,37,,291343,4,0,5 59 60,1,65,,291345,4,0,5 59 60,1,40,,291347,4,0,5 59 60,1,68,,291349,4,0,5 59 60,1,25,,291351,4,0,5 59 60,1
4100,'20261111',640,,291359,3,0,7 58 9,1,63,,291361,3,0,7 58 9,1,10,,291363,3,0,7 58 9,1,12,,291365,3,0,7 58 9,1,20,,291367,3,0,7 58 9,1,5,,291368,3,0,7 58 9,1,50,,291370,3,0,31 59 60,1,5,,291371,3,0,31 59 60,1,5,,291372,3,0,31 59 60,1,15,,291374,3,0,7 58 9,1,13,,291376,3,0,31 59 60,1,15,,291378,3,0,7 58 9,1,55,,291380,3,0,31 59 60,1,20,,291382,3,0,7 58 9,1,12,,291384,3,0,7 58 9,1,15,,291385,3,0,7 58 9,1,55,,291387,3,0,31 59 60,1,10,,291388,3,0,7 58 9,1,15,,291390,3,0,31 59 60,1,15,,291391,3,0,7 58 9,1,55,,291393,3,0,31 59 60,1,10,,291394,3,0,7 58 9,1,20,,291396,3,0,7 58 9,1,75,,291398,3,0,31 59 60,1,25,,291400,3,0,31 59 60,1,70,,291402,3,0,31 59 60,1,5,,291403,4,0,5 59 60,1,25,,291405,3,0,31 59 60,1,10,,291406,4,0,5 59 60,1,65,,291408,4,0,5 59 60,1,30,,291410,4,0,5 59 60,1,65,,291412,4,0,5 59 60,1,32,,291414,4,0,5 59 60,1,78,,291416,4,0,5 59 60,1,35,,291418,4,0,5 59 60,1,65,,291420,4,0,5 59 60,1,37,,291422,4,0,5 59 60,1,65,,291424,4,0,5 59 60,1,40,,291426,4,0,5 59 60,1,68,,291428,4,0,5 59 60,1,25,,291430,4,0,5 59 60,1
4100,'20261112',640,,291438,3,0,7 58 9,1,63,,291440,3,0,7 58 9,1,10,,291442,3,0,7 58 9,1,12,,291444,3,0,7 58 9,1,20,,291446,3,0,7 58 9,1,5,,291447,3,0,7 58 9,1,50,,291449,3,0,31 59 60,1,5,,291450,3,0,31 59 60,1,5,,291451,3,0,31 59 60,1,15,,291453,3,0,7 58 9,1,13,,291455,3,0,31 59 60,1,15,,291457,3,0,7 58 9,1,55,,291459,3,0,31 59 60,1,20,,291461,3,0,7 58 9,1,12,,291463,3,0,7 58 9,1,15,,291464,3,0,7 58 9,1,55,,291466,3,0,31 59 60,1,10,,291467,3,0,7 58 9,1,15,,291469,3,0,31 59 60,1,15,,291470,3,0,7 58 9,1,55,,291472,3,0,31 59 60,1,10,,291473,3,0,7 58 9,1,20,,291475,3,0,7 58 9,1,75,,291477,3,0,31 59 60,1,25,,291479,3,0,31 59 60,1,70,,291481,3,0,31 59 60,1,5,,291482,4,0,5 59 60,1,25,,291484,3,0,31 59 60,1,10,,291485,4,0,5 59 60,1,65,,291487,4,0,5 59 60,1,30,,291489,4,0,5 59 60,1,65,,291491,4,0,5 59 60,1,32,,291493,4,0,5 59 60,1,78,,291495,4,0,5 59 60,1,35,,291497,4,0,5 59 60,1,65,,291499,4,0,5 59 60,1,37,,291501,4,0,5 59 60,1,65,,291503,4,0,5 59 60,1,40,,291505,4,0,5 59 60,1,68,,291507,4,0,5 59 60,1,25,,291509,4,0,5 59 60,1
4100,'20261113',640,,291517,3,0,7 58 9,1,63,,291519,3,0,7 58 9,1,10,,291521,3,0,7 58 9,1,12,,291523,3,0,7 58 9,1,20,,291525,3,0,7 58 9,1,5,,291526,3,0,7 58 9,1,50,,291528,3,0,31 59 60,1,5,,291529,3,0,31 59 60,1,5,,291530,3,0,31 59 60,1,15,,291532,3,0,7 58 9,1,13,,291534,3,0,31 59 60,1,15,,291536,3,0,7 58 9,1,55,,291538,3,0,31 59 60,1,20,,291540,3,0,7 58 9,1,12,,291542,3,0,7 58 9,1,15,,291543,3,0,7 58 9,1,55,,291545,3,0,31 59 60,1,10,,291546,3,0,7 58 9,1,15,,291548,3,0,31 59 60,1,15,,291549,3,0,7 58 9,1,55,,291551,3,0,31 59 60,1,10,,291552,3,0,7 58 9,1,20,,291554,3,0,7 58 9,1,75,,291556,3,0,31 59 60,1,25,,291558,3,0,31 59 60,1,70,,291560,3,0,31 59 60,1,5,,291561,4,0,5 59 60,1,25,,291563,3,0,31 59 60,1,10,,291564,4,0,5 59 60,1,65,,291566,4,0,5 59 60,1,30,,291568,4,0,5 59 60,1,65,,291570,4,0,5 59 60,1,32,,291572,4,0,5 59 60,1,78,,291574,4,0,5 59 60,1,35,,291576,4,0,5 59 60,1,65,,291578,4,0,5 59 60,1,37,,291580,4,0,5 59 60,1,65,,291582,4,0,5 59 60,1,40,,291584,4,0,5 59 60,1,68,,291586,4,0,5 59 60,1,25,,291588,4,0,5 59 60,1
4100,'20261116',640,,291596,3,0,7 58 9,1,63,,291598,3,0,7 58 9,1,10,,291600,3,0,7 58 9,1,12,,291602,3,0,7 58 9,1,20,,291604,3,0,7 58 9,1,5,,291605,3,0,7 58 9,1,50,,291607,3,0,31 59 60,1,5,,291608,3,0,31 59 60,1,5,,291609,3,0,31 59 60,1,15,,291611,3,0,7 58 9,1,13,,291613,3,0,31 59 60,1,15,,291615,3,0,7 58 9,1,55,,291617,3,0,31 59 60,1,20,,291619,3,0,7 58 9,1,12,,291621,3,0,7 58 9,1,15,,291622,3,0,7 58 9,1,55,,291624,3,0,31 59 60,1,10,,291625,3,0,7 58 9,1,15,,291627,3,0,31 59 60,1,15,,291628,3,0,7 58 9,1,55,,291630,3,0,31 59 60,1,10,,291631,3,0,7 58 9,1,20,,291633,3,0,7 58 9,1,75,,291635,3,0,31 59 60,1,25,,291637,3,0,31 59 60,1,70,,291639,3,0,31 59 60,1,5,,291640,4,0,5 59 60,1,25,,291642,3,0,31 59 60,1,10,,291643,4,0,5 59 60,1,65,,291645,4,0,5 59 60,1,30,,291647,4,0,5 59 60,1,65,,291649,4,0,5 59 60,1,32,,291651,4,0,5 59 60,1,78,,291653,4,0,5 59 60,1,35,,291655,4,0,5 59 60,1,65,,291657,4,0,5 59 60,1,37,,291659,4,0,5 59 60,1,65,,291661,4,0,5 59 60,1,40,,291663,4,0,5 59 60,1,68,,291665,4,0,5 59 60,1,25,,291667,4,0,5 59 60,1
4100,'20261117',640,,291675,3,0,7 58 9,1,63,,291677,3,0,7 58 9,1,10,,291679,3,0,7 58 9,1,12,,291681,3,0,7 58 9,1,20,,291683,3,0,7 58 9,1,5,,291684,3,0,7 58 9,1,50,,291686,3,0,31 59 60,1,5,,291687,3,0,31 59 60,1,5,,291688,3,0,31 59 60,1,15,,291690,3,0,7 58 9,1,13,,291692,3,0,31 59 60,1,15,,291694,3,0,7 58 9,1,55,,291696,3,0,31 59 60,1,20,,291698,3,0,7 58 9,1,12,,291700,3,0,7 58 9,1,15,,291701,3,0,7 58 9,1,55,,291703,3,0,31 59 60,1,10,,291704,3,0,7 58 9,1,15,,291706,3,0,31 59 60,1,15,,291707,3,0,7 58 9,1,55,,291709,3,0,31 59 60,1,10,,291710,3,0,7 58 9,1,20,,291712,3,0,7 58 9,1,75,,291714,3,0,31 59 60,1,25,,291716,3,0,31 59 60,1,70,,291718,3,0,31 59 60,1,5,,291719,4,0,5 59 60,1,25,,291721,3,0,31 59 60,1,10,,291722,4,0,5 59 60,1,65,,291724,4,0,5 59 60,1,30,,291726,4,0,5 59 60,1,65,,291728,4,0,5 59 60,1,32,,291730,4,0,5 59 60,1,78,,291732,4,0,5 59 60,1,35,,291734,4,0,5 59 60,1,65,,291736,4,0,5 59 60,1,37,,291738,4,0,5 59 60,1,65,,291740,4,0,5 59 60,1,40,,291742,4,0,5 59 60,1,68,,291744,4,0,5 59 60,1,25,,291746,4,0,5 59 60,1
4100,'20261118',640,,291754,3,0,7 58 9,1,63,,291756,3,0,7 58 9,1,10,,291758,3,0,7 58 9,1,12,,291760,3,0,7 58 9,1,20,,291762,3,0,7 58 9,1,5,,291763,3,0,7 58 9,1,50,,291765,3,0,31 59 60,1,5,,291766,3,0,31 59 60,1,5,,291767,3,0,31 59 60,1,15,,291769,3,0,7 58 9,1,13,,291771,3,0,31 59 60,1,15,,291773,3,0,7 58 9,1,55,,291775,3,0,31 59 60,1,20,,291777,3,0,7 58 9,1,12,,291779,3,0,7 58 9,1,15,,291780,3,0,7 58 9,1,55,,291782,3,0,31 59 60,1,10,,291783,3,0,7 58 9,1,15,,291785,3,0,31 59 60,1,15,,291786,3,0,7 58 9,1,55,,291788,3,0,31 59 60,1,10,,291789,3,0,7 58 9,1,20,,291791,3,0,7 58 9,1,75,,291793,3,0,31 59 60,1,25,,291795,3,0,31 59 60,1,70,,291797,3,0,31 59 60,1,5,,291798,4,0,5 59 60,1,25,,291800,3,0,31 59 60,1,10,,291801,4,0,5 59 60,1,65,,291803,4,0,5 59 60,1,30,,291805,4,0,5 59 60,1,65,,291807,4,0,5 59 60,1,32,,291809,4,0,5 59 60,1,78,,291811,4,0,5 59 60,1,35,,291813,4,0,5 59 60,1,65,,291815,4,0,5 59 60,1,37,,291817,4,0,5 59 60,1,65,,291819,4,0,5 59 60,1,40,,291821,4,0,5 59 60,1,68,,291823,4,0,5 59 60,1,25,,291825,4,0,5 59 60,1
4100,'20261119',640,,291833,3,0,7 58 9,1,63,,291835,3,0,7 58 9,1,10,,291837,3,0,7 58 9,1,12,,291839,3,0,7 58 9,1,20,,291841,3,0,7 58 9,1,5,,291842,3,0,7 58 9,1,50,,291844,3,0,31 59 60,1,5,,291845,3,0,31 59 60,1,5,,291846,3,0,31 59 60,1,15,,291848,3,0,7 58 9,1,13,,291850,3,0,31 59 60,1,15,,291852,3,0,7 58 9,1,55,,291854,3,0,31 59 60,1,20,,291856,3,0,7 58 9,1,12,,291858,3,0,7 58 9,1,15,,291859,3,0,7 58 9,1,55,,291861,3,0,31 59 60,1,10,,291862,3,0,7 58 9,1,15,,291864,3,0,31 59 60,1,15,,291865,3,0,7 58 9,1,55,,291867,3,0,31 59 60,1,10,,291868,3,0,7 58 9,1,20,,291870,3,0,7 58 9,1,75,,291872,3,0,31 59 60,1,25,,291874,3,0,31 59 60,1,70,,291876,3,0,31 59 60,1,5,,291877,4,0,5 59 60,1,25,,291879,3,0,31 59 60,1,10,,291880,4,0,5 59 60,1,65,,291882,4,0,5 59 60,1,30,,291884,4,0,5 59 60,1,65,,291886,4,0,5 59 60,1,32,,291888,4,0,5 59 60,1,78,,291890,4,0,5 59 60,1,35,,291892,4,0,5 59 60,1,65,,291894,4,0,5 59 60,1,37,,291896,4,0,5 59 60,1,65,,291898,4,0,5 59 60,1,40,,291900,4,0,5 59 60,1,68,,291902,4,0,5 59 60,1,25,,291904,4,0,5 59 60,1
4100,'20261120',640,,291912,3,0,7 58 9,1,63,,291914,3,0,7 58 9,1,10,,291916,3,0,7 58 9,1,12,,291918,3,0,7 58 9,1,20,,291920,3,0,7 58 9,1,5,,291921,3,0,7 58 9,1,50,,291923,3,0,31 59 60,1,5,,291924,3,0,31 59 60,1,5,,291925,3,0,31 59 60,1,15,,291927,3,0,7 58 9,1,13,,291929,3,0,31 59 60,1,15,,291931,3,0,7 58 9,1,55,,291933,3,0,31 59 60,1,20,,291935,3,0,7 58 9,1,12,,291937,3,0,7 58 9,1,15,,291938,3,0,7 58 9,1,55,,291940,3,0,31 59 60,1,10,,291941,3,0,7 58 9,1,15,,291943,3,0,31 59 60,1,15,,291944,3,0,7 58 9,1,55,,291946,3,0,31 59 60,1,10,,291947,3,0,7 58 9,1,20,,291949,3,0,7 58 9,1,75,,291951,3,0,31 59 60,1,25,,291953,3,0,31 59 60,1,70,,291955,3,0,31 59 60,1,5,,291956,4,0,5 59 60,1,25,,291958,3,0,31 59 60,1,10,,291959,4,0,5 59 60,1,65,,291961,4,0,5 59 60,1,30,,291963,4,0,5 59 60,1,65,,291965,4,0,5 59 60,1,32,,291967,4,0,5 59 60,1,78,,291969,4,0,5 59 60,1,35,,291971,4,0,5 59 60,1,65,,291973,4,0,5 59 60,1,37,,291975,4,0,5 59 60,1,65,,291977,4,0,5 59 60,1,40,,291979,4,0,5 59 60,1,68,,291981,4,0,5 59 60,1,25,,291983,4,0,5 59 60,1
4100,'20261123',640,,291991,3,0,7 58 9,1,63,,291993,3,0,7 58 9,1,10,,291995,3,0,7 58 9,1,12,,291997,3,0,7 58 9,1,20,,291999,3,0,7 58 9,1,5,,292000,3,0,7 58 9,1,50,,292002,3,0,31 59 60,1,5,,292003,3,0,31 59 60,1,5,,292004,3,0,31 59 60,1,15,,292006,3,0,7 58 9,1,13,,292008,3,0,31 59 60,1,15,,292010,3,0,7 58 9,1,55,,292012,3,0,31 59 60,1,20,,292014,3,0,7 58 9,1,12,,292016,3,0,7 58 9,1,15,,292017,3,0,7 58 9,1,55,,292019,3,0,31 59 60,1,10,,292020,3,0,7 58 9,1,15,,292022,3,0,31 59 60,1,15,,292023,3,0,7 58 9,1,55,,292025,3,0,31 59 60,1,10,,292026,3,0,7 58 9,1,20,,292028,3,0,7 58 9,1,75,,292030,3,0,31 59 60,1,25,,292032,3,0,31 59 60,1,70,,292034,3,0,31 59 60,1,5,,292035,4,0,5 59 60,1,25,,292037,3,0,31 59 60,1,10,,292038,4,0,5 59 60,1,65,,292040,4,0,5 59 60,1,30,,292042,4,0,5 59 60,1,65,,292044,4,0,5 59 60,1,32,,292046,4,0,5 59 60,1,78,,292048,4,0,5 59 60,1,35,,292050,4,0,5 59 60,1,65,,292052,4,0,5 59 60,1,37,,292054,4,0,5 59 60,1,65,,292056,4,0,5 59 60,1,40,,292058,4,0,5 59 60,1,68,,292060,4,0,5 59 60,1,25,,292062,4,0,5 59 60,1
4100,'20261124',640,,292070,3,0,7 58 9,1,63,,292072,3,0,7 58 9,1,10,,292074,3,0,7 58 9,1,12,,292076,3,0,7 58 9,1,20,,292078,3,0,7 58 9,1,5,,292079,3,0,7 58 9,1,50,,292081,3,0,31 59 60,1,5,,292082,3,0,31 59 60,1,5,,292083,3,0,31 59 60,1,15,,292085,3,0,7 58 9,1,13,,292087,3,0,31 59 60,1,15,,292089,3,0,7 58 9,1,55,,292091,3,0,31 59 60,1,20,,292093,3,0,7 58 9,1,12,,292095,3,0,7 58 9,1,15,,292096,3,0,7 58 9,1,55,,292098,3,0,31 59 60,1,10,,292099,3,0,7 58 9,1,15,,292101,3,0,31 59 60,1,15,,292102,3,0,7 58 9,1,55,,292104,3,0,31 59 60,1,10,,292105,3,0,7 58 9,1,20,,292107,3,0,7 58 9,1,75,,292109,3,0,31 59 60,1,25,,292111,3,0,31 59 60,1,70,,292113,3,0,31 59 60,1,5,,292114,4,0,5 59 60,1,25,,292116,3,0,31 59 60,1,10,,292117,4,0,5 59 60,1,65,,292119,4,0,5 59 60,1,30,,292121,4,0,5 59 60,1,65,,292123,4,0,5 59 60,1,32,,292125,4,0,5 59 60,1,78,,292127,4,0,5 59 60,1,35,,292129,4,0,5 59 60,1,65,,292131,4,0,5 59 60,1,37,,292133,4,0,5 59 60,1,65,,292135,4,0,5 59 60,1,40,,292137,4,0,5 59 60,1,68,,292139,4,0,5 59 60,1,25,,292141,4,0,5 59 60,1
4100,'20261125',640,,292149,3,0,7 58 9,1,63,,292151,3,0,7 58 9,1,10,,292153,3,0,7 58 9,1,12,,292155,3,0,7 58 9,1,20,,292157,3,0,7 58 9,1,5,,292158,3,0,7 58 9,1,50,,292160,3,0,31 59 60,1,5,,292161,3,0,31 59 60,1,5,,292162,3,0,31 59 60,1,15,,292164,3,0,7 58 9,1,13,,292166,3,0,31 59 60,1,15,,292168,3,0,7 58 9,1,55,,292170,3,0,31 59 60,1,20,,292172,3,0,7 58 9,1,12,,292174,3,0,7 58 9,1,15,,292175,3,0,7 58 9,1,55,,292177,3,0,31 59 60,1,10,,292178,3,0,7 58 9,1,15,,292180,3,0,31 59 60,1,15,,292181,3,0,7 58 9,1,55,,292183,3,0,31 59 60,1,10,,292184,3,0,7 58 9,1,20,,292186,3,0,7 58 9,1,75,,292188,3,0,31 59 60,1,25,,292190,3,0,31 59 60,1,70,,292192,3,0,31 59 60,1,5,,292193,4,0,5 59 60,1,25,,292195,3,0,31 59 60,1,10,,292196,4,0,5 59 60,1,65,,292198,4,0,5 59 60,1,30,,292200,4,0,5 59 60,1,65,,292202,4,0,5 59 60,1,32,,292204,4,0,5 59 60,1,78,,292206,4,0,5 59 60,1,35,,292208,4,0,5 59 60,1,65,,292210,4,0,5 59 60,1,37,,292212,4,0,5 59 60,1,65,,292214,4,0,5 59 60,1,40,,292216,4,0,5 59 60,1,68,,292218,4,0,5 59 60,1,25,,292220,4,0,5 59 60,1
4100,'20261126',640,,292228,3,0,7 58 9,1,63,,292230,3,0,7 58 9,1,10,,292232,3,0,7 58 9,1,12,,292234,3,0,7 58 9,1,20,,292236,3,0,7 58 9,1,5,,292237,3,0,7 58 9,1,50,,292239,3,0,31 59 60,1,5,,292240,3,0,31 59 60,1,5,,292241,3,0,31 59 60,1,15,,292243,3,0,7 58 9,1,13,,292245,3,0,31 59 60,1,15,,292247,3,0,7 58 9,1,55,,292249,3,0,31 59 60,1,20,,292251,3,0,7 58 9,1,12,,292253,3,0,7 58 9,1,15,,292254,3,0,7 58 9,1,55,,292256,3,0,31 59 60,1,10,,292257,3,0,7 58 9,1,15,,292259,3,0,31 59 60,1,15,,292260,3,0,7 58 9,1,55,,292262,3,0,31 59 60,1,10,,292263,3,0,7 58 9,1,20,,292265,3,0,7 58 9,1,75,,292267,3,0,31 59 60,1,25,,292269,3,0,31 59 60,1,70,,292271,3,0,31 59 60,1,5,,292272,4,0,5 59 60,1,25,,292274,3,0,31 59 60,1,10,,292275,4,0,5 59 60,1,65,,292277,4,0,5 59 60,1,30,,292279,4,0,5 59 60,1,65,,292281,4,0,5 59 60,1,32,,292283,4,0,5 59 60,1,78,,292285,4,0,5 59 60,1,35,,292287,4,0,5 59 60,1,65,,292289,4,0,5 59 60,1,37,,292291,4,0,5 59 60,1,65,,292293,4,0,5 59 60,1,40,,292295,4,0,5 59 60,1,68,,292297,4,0,5 59 60,1,25,,292299,4,0,5 59 60,1
4100,'20261127',640,,292307,3,0,7 58 9,1,63,,292309,3,0,7 58 9,1,10,,292311,3,0,7 58 9,1,12,,292313,3,0,7 58 9,1,20,,292315,3,0,7 58 9,1,5,,292316,3,0,7 58 9,1,50,,292318,3,0,31 59 60,1,5,,292319,3,0,31 59 60,1,5,,292320,3,0,31 59 60,1,15,,292322,3,0,7 58 9,1,13,,292324,3,0,31 59 60,1,15,,292326,3,0,7 58 9,1,55,,292328,3,0,31 59 60,1,20,,292330,3,0,7 58 9,1,12,,292332,3,0,7 58 9,1,15,,292333,3,0,7 58 9,1,55,,292335,3,0,31 59 60,1,10,,292336,3,0,7 58 9,1,15,,292338,3,0,31 59 60,1,15,,292339,3,0,7 58 9,1,55,,292341,3,0,31 59 60,1,10,,292342,3,0,7 58 9,1,20,,292344,3,0,7 58 9,1,75,,292346,3,0,31 59 60,1,25,,292348,3,0,31 59 60,1,70,,292350,3,0,31 59 60,1,5,,292351,4,0,5 59 60,1,25,,292353,3,0,31 59 60,1,10,,292354,4,0,5 59 60,1,65,,292356,4,0,5 59 60,1,30,,292358,4,0,5 59 60,1,65,,292360,4,0,5 59 60,1,32,,292362,4,0,5 59 60,1,78,,292364,4,0,5 59 60,1,35,,292366,4,0,5 59 60,1,65,,292368,4,0,5 59 60,1,37,,292370,4,0,5 59 60,1,65,,292372,4,0,5 59 60,1,40,,292374,4,0,5 59 60,1,68,,292376,4,0,5 59 60,1,25,,292378,4,0,5 59 60,1
4101,'20260831',616,,191565,15,,,1,27,,191566,8,0,53 38 9,1,70,,191567,15,,,1,32,,191568,15,,,1,85,,191569,15,,,1,70,,191570,15,,,1,30,,191571,15,,,1,70,,191572,15,,,1,25,,191573,15,,,1,75,,191574,15,,,1,37,,191575,15,,,1,75,,191576,15,,,1,13,,191577,11,0,7 40 41,1,17,,191578,15,,,1,13,,191579,11,0,7 40 41,1,57,,191580,15,,,1,8,,191581,11,0,7 40 41,1,17,,191582,8,0,53 38 9,1,8,,191583,11,0,7 40 41,1,57,,191584,15,,,1,20,,191585,15,,,1,3,,191586,11,0,7 40 41,1,17,,191587,8,0,53 38 9,1,63,,191588,11,0,7 40 41,1,15,,191589,15,,,1,10,,191590,4,0,31 40 41,1,10,,191591,11,0,7 40 41,1,17,,191592,8,0,53 38 9,1,48,,191593,4,0,31 40 41,1,7,,191594,11,0,7 40 41,1,20,,191595,15,,,1,10,,191597,4,0,31 40 41,1,5,,191596,11,0,7 40 41,1,55,,191598,15,,,1,5,,191599,4,0,31 40 41,1,10,,191600,11,0,57 40 41,1,5,,191601,11,0,7 40 41,1,15,,191602,15,,,1,5,,191603,4,0,31 40 41,1,8,,191604,11,0,57 40 41,1,7,,191605,11,0,7 40 41,1,56,,191606,15,,,1,5,,191607,11,0,57 40 41,1,9,,191608,11,0,7 40 41,1,13,,191609,15,,,1,12,,191610,11,0,7 40 41,1,56,,191611,15,,,1,22,,191612,11,0,7 40 41,1,18,,191613,15,,,1,62,,191614,11,0,7 40 41,1,18,,191615,15,,,1,17,,191616,15,,,1,70,,191617,15,,,1,30,,191618,15,,,1,98,,191619,15,,,1,89,,191620,15,,,1
4101,'20260901',616,,191621,15,,,1,27,,191622,8,0,53 38 9,1,70,,191623,15,,,1,32,,191624,15,,,1,85,,191625,15,,,1,70,,191626,15,,,1,30,,191627,15,,,1,70,,191628,15,,,1,25,,191629,15,,,1,75,,191630,15,,,1,37,,191631,15,,,1,75,,191632,15,,,1,13,,191633,11,0,7 40 41,1,17,,191634,15,,,1,13,,191635,11,0,7 40 41,1,57,,191636,15,,,1,8,,191637,11,0,7 40 41,1,17,,191638,8,0,53 38 9,1,8,,191639,11,0,7 40 41,1,57,,191640,15,,,1,20,,191641,15,,,1,3,,191642,11,0,7 40 41,1,17,,191643,8,0,53 38 9,1,63,,191644,11,0,7 40 41,1,15,,191645,15,,,1,10,,191646,4,0,31 40 41,1,10,,191647,11,0,7 40 41,1,17,,191648,8,0,53 38 9,1,48,,191649,4,0,31 40 41,1,7,,191650,11,0,7 40 41,1,20,,191651,15,,,1,10,,191653,4,0,31 40 41,1,5,,191652,11,0,7 40 41,1,55,,191654,15,,,1,5,,191655,4,0,31 40 41,1,10,,191656,11,0,57 40 41,1,5,,191657,11,0,7 40 41,1,15,,191658,15,,,1,5,,191659,4,0,31 40 41,1,8,,191660,11,0,57 40 41,1,7,,191661,11,0,7 40 41,1,56,,191662,15,,,1,5,,191663,11,0,57 40 41,1,9,,191664,11,0,7 40 41,1,13,,191665,15,,,1,12,,191666,11,0,7 40 41,1,56,,191667,15,,,1,22,,191668,11,0,7 40 41,1,18,,191669,15,,,1,62,,191670,11,0,7 40 41,1,18,,191671,15,,,1,17,,191672,15,,,1,70,,191673,15,,,1,30,,191674,15,,,1,98,,191675,15,,,1,89,,191676,15,,,1
4101,'20260902',616,,191677,15,,,1,27,,191678,8,0,53 38 9,1,70,,191679,15,,,1,32,,191680,15,,,1,85,,191681,15,,,1,70,,191682,15,,,1,30,,191683,15,,,1,70,,191684,15,,,1,25,,191685,15,,,1,75,,191686,15,,,1,37,,191687,15,,,1,75,,191688,15,,,1,13,,191689,11,0,7 40 41,1,17,,191690,15,,,1,13,,191691,11,0,7 40 41,1,57,,191692,15,,,1,8,,191693,11,0,7 40 41,1,17,,191694,8,0,53 38 9,1,8,,191695,11,0,7 40 41,1,57,,191696,15,,,1,20,,191697,15,,,1,3,,191698,11,0,7 40 41,1,17,,191699,8,0,53 38 9,1,63,,191700,11,0,7 40 41,1,15,,191701,15,,,1,10,,191702,4,0,31 40 41,1,10,,191703,11,0,7 40 41,1,17,,191704,8,0,53 38 9,1,48,,191705,4,0,31 40 41,1,7,,191706,11,0,7 40 41,1,20,,191707,15,,,1,10,,191709,4,0,31 40 41,1,5,,191708,11,0,7 40 41,1,55,,191710,15,,,1,5,,191711,4,0,31 40 41,1,10,,191712,11,0,57 40 41,1,5,,191713,11,0,7 40 41,1,15,,191714,15,,,1,5,,191715,4,0,31 40 41,1,8,,191716,11,0,57 40 41,1,7,,191717,11,0,7 40 41,1,56,,191718,15,,,1,5,,191719,11,0,57 40 41,1,9,,191720,11,0,7 40 41,1,13,,191721,15,,,1,12,,191722,11,0,7 40 41,1,56,,191723,15,,,1,22,,191724,11,0,7 40 41,1,18,,191725,15,,,1,62,,191726,11,0,7 40 41,1,18,,191727,15,,,1,17,,191728,15,,,1,70,,191729,15,,,1,30,,191730,15,,,1,98,,191731,15,,,1,89,,191732,15,,,1
4101,'20260903',616,,191733,15,,,1,27,,191734,8,0,53 38 9,1,70,,191735,15,,,1,32,,191736,15,,,1,85,,191737,15,,,1,70,,191738,15,,,1,30,,191739,15,,,1,70,,191740,15,,,1,25,,191741,15,,,1,75,,191742,15,,,1,37,,191743,15,,,1,75,,191744,15,,,1,13,,191745,11,0,7 40 41,1,17,,191746,15,,,1,13,,191747,11,0,7 40 41,1,57,,191748,15,,,1,8,,191749,11,0,7 40 41,1,17,,191750,8,0,53 38 9,1,8,,191751,11,0,7 40 41,1,57,,191752,15,,,1,20,,191753,15,,,1,3,,191754,11,0,7 40 41,1,17,,191755,8,0,53 38 9,1,63,,191756,11,0,7 40 41,1,15,,191757,15,,,1,10,,191758,4,0,31 40 41,1,10,,191759,11,0,7 40 41,1,17,,191760,8,0,53 38 9,1,48,,191761,4,0,31 40 41,1,7,,191762,11,0,7 40 41,1,20,,191763,15,,,1,10,,191765,4,0,31 40 41,1,5,,191764,11,0,7 40 41,1,55,,191766,15,,,1,5,,191767,4,0,31 40 41,1,10,,191768,11,0,57 40 41,1,5,,191769,11,0,7 40 41,1,15,,191770,15,,,1,5,,191771,4,0,31 40 41,1,8,,191772,11,0,57 40 41,1,7,,191773,11,0,7 40 41,1,56,,191774,15,,,1,5,,191775,11,0,57 40 41,1,9,,191776,11,0,7 40 41,1,13,,191777,15,,,1,12,,191778,11,0,7 40 41,1,56,,191779,15,,,1,22,,191780,11,0,7 40 41,1,18,,191781,15,,,1,62,,191782,11,0,7 40 41,1,18,,191783,15,,,1,17,,191784,15,,,1,70,,191785,15,,,1,30,,191786,15,,,1,98,,191787,15,,,1,89,,191788,15,,,1
4101,'20260904',616,,191789,15,,,1,27,,191790,8,0,53 38 9,1,70,,191791,15,,,1,32,,191792,15,,,1,85,,191793,15,,,1,70,,191794,15,,,1,30,,191795,15,,,1,70,,191796,15,,,1,25,,191797,15,,,1,75,,191798,15,,,1,37,,191799,15,,,1,75,,191800,15,,,1,13,,191801,11,0,7 40 41,1,17,,191802,15,,,1,13,,191803,11,0,7 40 41,1,57,,191804,15,,,1,8,,191805,11,0,7 40 41,1,17,,191806,8,0,53 38 9,1,8,,191807,11,0,7 40 41,1,57,,191808,15,,,1,20,,191809,15,,,1,3,,191810,11,0,7 40 41,1,17,,191811,8,0,53 38 9,1,63,,191812,11,0,7 40 41,1,15,,191813,15,,,1,10,,191814,4,0,31 40 41,1,10,,191815,11,0,7 40 41,1,17,,191816,8,0,53 38 9,1,48,,191817,4,0,31 40 41,1,7,,191818,11,0,7 40 41,1,20,,191819,15,,,1,10,,191821,4,0,31 40 41,1,5,,191820,11,0,7 40 41,1,55,,191822,15,,,1,5,,191823,4,0,31 40 41,1,10,,191824,11,0,57 40 41,1,5,,191825,11,0,7 40 41,1,15,,191826,15,,,1,5,,191827,4,0,31 40 41,1,8,,191828,11,0,57 40 41,1,7,,191829,11,0,7 40 41,1,56,,191830,15,,,1,5,,191831,11,0,57 40 41,1,9,,191832,11,0,7 40 41,1,13,,191833,15,,,1,12,,191834,11,0,7 40 41,1,56,,191835,15,,,1,22,,191836,11,0,7 40 41,1,18,,191837,15,,,1,62,,191838,11,0,7 40 41,1,18,,191839,15,,,1,17,,191840,15,,,1,70,,191841,15,,,1,30,,191842,15,,,1,98,,191843,15,,,1,89,,191844,15,,,1
4101,'20260908',616,,292385,15,,,1,22,,292386,8,0,53 38 9,1,75,,292387,15,,,1,32,,292388,15,,,1,55,,292389,8,0,5 55 43,1,30,,292390,15,,,1,70,,292391,15,,,1,30,,292392,15,,,1,70,,292393,15,,,1,25,,292394,15,,,1,75,,292395,15,,,1,37,,292396,15,,,1,75,,292397,15,,,1,13,,292398,11,0,7 40 41,1,17,,292399,15,,,1,13,,292400,11,0,7 40 41,1,57,,292401,15,,,1,8,,292402,11,0,7 40 41,1,17,,292403,8,0,53 38 9,1,8,,292404,11,0,7 40 41,1,57,,292405,15,,,1,8,,292406,11,0,7 40 41,1,12,,292407,15,,,1,13,,292408,11,0,7 40 41,1,17,,292409,8,0,53 38 9,1,53,,292410,11,0,7 40 41,1,10,,292411,15,,,1,10,,292412,4,0,31 40 41,1,10,,292413,11,0,7 40 41,1,17,,292414,8,0,53 38 9,1,50,,292415,11,0,7 40 41,1,18,,292416,4,0,31 40 41,1,12,,292417,15,,,1,10,,292419,4,0,31 40 41,1,10,,292418,11,0,7 40 41,1,50,,292420,15,,,1,10,,292421,4,0,31 40 41,1,5,,292422,11,0,57 40 41,1,10,,292423,4,0,31 40 41,1,5,,292424,11,0,7 40 41,1,10,,292425,15,,,1,10,,292426,4,0,31 40 41,1,3,,292427,11,0,57 40 41,1,47,,292428,11,0,7 40 41,1,11,,292429,15,,,1,10,,292430,11,0,57 40 41,1,9,,292431,11,0,7 40 41,1,8,,292432,15,,,1,5,,292433,4,0,31 40 41,1,12,,292434,11,0,7 40 41,1,56,,292435,15,,,1,14,,292436,4,0,31 40 41,1,13,,292437,11,0,7 40 41,1,13,,292438,15,,,1,57,,292439,11,0,7 40 41,1,13,,292441,11,0,7 40 41,1,15,,292440,15,,,1,17,,292442,15,,,1,48,,292443,11,0,7 40 41,1,17,,292444,15,,,1,13,,292445,11,0,7 40 41,1,12,,292446,15,,,1,63,,292447,11,0,7 40 41,1,35,,292448,15,,,1,89,,292449,15,,,1
4101,'20260909',616,,292450,15,,,1,22,,292451,8,0,53 38 9,1,75,,292452,15,,,1,32,,292453,15,,,1,55,,292454,8,0,5 55 43,1,30,,292455,15,,,1,70,,292456,15,,,1,30,,292457,15,,,1,70,,292458,15,,,1,25,,292459,15,,,1,75,,292460,15,,,1,37,,292461,15,,,1,75,,292462,15,,,1,13,,292463,11,0,7 40 41,1,17,,292464,15,,,1,13,,292465,11,0,7 40 41,1,57,,292466,15,,,1,8,,292467,11,0,7 40 41,1,17,,292468,8,0,53 38 9,1,8,,292469,11,0,7 40 41,1,57,,292470,15,,,1,8,,292471,11,0,7 40 41,1,12,,292472,15,,,1,13,,292473,11,0,7 40 41,1,17,,292474,8,0,53 38 9,1,53,,292475,11,0,7 40 41,1,10,,292476,15,,,1,10,,292477,4,0,31 40 41,1,10,,292478,11,0,7 40 41,1,17,,292479,8,0,53 38 9,1,50,,292480,11,0,7 40 41,1,18,,292481,4,0,31 40 41,1,12,,292482,15,,,1,10,,292484,4,0,31 40 41,1,10,,292483,11,0,7 40 41,1,50,,292485,15,,,1,10,,292486,4,0,31 40 41,1,5,,292487,11,0,57 40 41,1,10,,292488,4,0,31 40 41,1,5,,292489,11,0,7 40 41,1,10,,292490,15,,,1,10,,292491,4,0,31 40 41,1,3,,292492,11,0,57 40 41,1,47,,292493,11,0,7 40 41,1,11,,292494,15,,,1,10,,292495,11,0,57 40 41,1,9,,292496,11,0,7 40 41,1,8,,292497,15,,,1,5,,292498,4,0,31 40 41,1,12,,292499,11,0,7 40 41,1,56,,292500,15,,,1,14,,292501,4,0,31 40 41,1,13,,292502,11,0,7 40 41,1,13,,292503,15,,,1,57,,292504,11,0,7 40 41,1,13,,292506,11,0,7 40 41,1,15,,292505,15,,,1,17,,292507,15,,,1,48,,292508,11,0,7 40 41,1,17,,292509,15,,,1,13,,292510,11,0,7 40 41,1,12,,292511,15,,,1,63,,292512,11,0,7 40 41,1,35,,292513,15,,,1,89,,292514,15,,,1
4101,'20260910',616,,292515,15,,,1,22,,292516,8,0,53 38 9,1,75,,292517,15,,,1,32,,292518,15,,,1,55,,292519,8,0,5 55 43,1,30,,292520,15,,,1,70,,292521,15,,,1,30,,292522,15,,,1,70,,292523,15,,,1,25,,292524,15,,,1,75,,292525,15,,,1,37,,292526,15,,,1,75,,292527,15,,,1,13,,292528,11,0,7 40 41,1,17,,292529,15,,,1,13,,292530,11,0,7 40 41,1,57,,292531,15,,,1,8,,292532,11,0,7 40 41,1,17,,292533,8,0,53 38 9,1,8,,292534,11,0,7 40 41,1,57,,292535,15,,,1,8,,292536,11,0,7 40 41,1,12,,292537,15,,,1,13,,292538,11,0,7 40 41,1,17,,292539,8,0,53 38 9,1,53,,292540,11,0,7 40 41,1,10,,292541,15,,,1,10,,292542,4,0,31 40 41,1,10,,292543,11,0,7 40 41,1,17,,292544,8,0,53 38 9,1,50,,292545,11,0,7 40 41,1,18,,292546,4,0,31 40 41,1,12,,292547,15,,,1,10,,292549,4,0,31 40 41,1,10,,292548,11,0,7 40 41,1,50,,292550,15,,,1,10,,292551,4,0,31 40 41,1,5,,292552,11,0,57 40 41,1,10,,292553,4,0,31 40 41,1,5,,292554,11,0,7 40 41,1,10,,292555,15,,,1,10,,292556,4,0,31 40 41,1,3,,292557,11,0,57 40 41,1,47,,292558,11,0,7 40 41,1,11,,292559,15,,,1,10,,292560,11,0,57 40 41,1,9,,292561,11,0,7 40 41,1,8,,292562,15,,,1,5,,292563,4,0,31 40 41,1,12,,292564,11,0,7 40 41,1,56,,292565,15,,,1,14,,292566,4,0,31 40 41,1,13,,292567,11,0,7 40 41,1,13,,292568,15,,,1,57,,292569,11,0,7 40 41,1,13,,292571,11,0,7 40 41,1,15,,292570,15,,,1,17,,292572,15,,,1,48,,292573,11,0,7 40 41,1,17,,292574,15,,,1,13,,292575,11,0,7 40 41,1,12,,292576,15,,,1,63,,292577,11,0,7 40 41,1,35,,292578,15,,,1,89,,292579,15,,,1
4101,'20260911',616,,292580,15,,,1,22,,292581,8,0,53 38 9,1,75,,292582,15,,,1,32,,292583,15,,,1,55,,292584,8,0,5 55 43,1,30,,292585,15,,,1,70,,292586,15,,,1,30,,292587,15,,,1,70,,292588,15,,,1,25,,292589,15,,,1,75,,292590,15,,,1,37,,292591,15,,,1,75,,292592,15,,,1,13,,292593,11,0,7 40 41,1,17,,292594,15,,,1,13,,292595,11,0,7 40 41,1,57,,292596,15,,,1,8,,292597,11,0,7 40 41,1,17,,292598,8,0,53 38 9,1,8,,292599,11,0,7 40 41,1,57,,292600,15,,,1,8,,292601,11,0,7 40 41,1,12,,292602,15,,,1,13,,292603,11,0,7 40 41,1,17,,292604,8,0,53 38 9,1,53,,292605,11,0,7 40 41,1,10,,292606,15,,,1,10,,292607,4,0,31 40 41,1,10,,292608,11,0,7 40 41,1,17,,292609,8,0,53 38 9,1,50,,292610,11,0,7 40 41,1,18,,292611,4,0,31 40 41,1,12,,292612,15,,,1,10,,292614,4,0,31 40 41,1,10,,292613,11,0,7 40 41,1,50,,292615,15,,,1,10,,292616,4,0,31 40 41,1,5,,292617,11,0,57 40 41,1,10,,292618,4,0,31 40 41,1,5,,292619,11,0,7 40 41,1,10,,292620,15,,,1,10,,292621,4,0,31 40 41,1,3,,292622,11,0,57 40 41,1,47,,292623,11,0,7 40 41,1,11,,292624,15,,,1,10,,292625,11,0,57 40 41,1,9,,292626,11,0,7 40 41,1,8,,292627,15,,,1,5,,292628,4,0,31 40 41,1,12,,292629,11,0,7 40 41,1,56,,292630,15,,,1,14,,292631,4,0,31 40 41,1,13,,292632,11,0,7 40 41,1,13,,292633,15,,,1,57,,292634,11,0,7 40 41,1,13,,292636,11,0,7 40 41,1,15,,292635,15,,,1,17,,292637,15,,,1,48,,292638,11,0,7 40 41,1,17,,292639,15,,,1,13,,292640,11,0,7 40 41,1,12,,292641,15,,,1,63,,292642,11,0,7 40 41,1,35,,292643,15,,,1,89,,292644,15,,,1
4101,'20260914',616,,292645,15,,,1,22,,292646,8,0,53 38 9,1,75,,292647,15,,,1,32,,292648,15,,,1,55,,292649,8,0,5 55 43,1,30,,292650,15,,,1,70,,292651,15,,,1,30,,292652,15,,,1,70,,292653,15,,,1,25,,292654,15,,,1,75,,292655,15,,,1,37,,292656,15,,,1,75,,292657,15,,,1,13,,292658,11,0,7 40 41,1,17,,292659,15,,,1,13,,292660,11,0,7 40 41,1,57,,292661,15,,,1,8,,292662,11,0,7 40 41,1,17,,292663,8,0,53 38 9,1,8,,292664,11,0,7 40 41,1,57,,292665,15,,,1,8,,292666,11,0,7 40 41,1,12,,292667,15,,,1,13,,292668,11,0,7 40 41,1,17,,292669,8,0,53 38 9,1,53,,292670,11,0,7 40 41,1,10,,292671,15,,,1,10,,292672,4,0,31 40 41,1,10,,292673,11,0,7 40 41,1,17,,292674,8,0,53 38 9,1,50,,292675,11,0,7 40 41,1,18,,292676,4,0,31 40 41,1,12,,292677,15,,,1,10,,292679,4,0,31 40 41,1,10,,292678,11,0,7 40 41,1,50,,292680,15,,,1,10,,292681,4,0,31 40 41,1,5,,292682,11,0,57 40 41,1,10,,292683,4,0,31 40 41,1,5,,292684,11,0,7 40 41,1,10,,292685,15,,,1,10,,292686,4,0,31 40 41,1,3,,292687,11,0,57 40 41,1,47,,292688,11,0,7 40 41,1,11,,292689,15,,,1,10,,292690,11,0,57 40 41,1,9,,292691,11,0,7 40 41,1,8,,292692,15,,,1,5,,292693,4,0,31 40 41,1,12,,292694,11,0,7 40 41,1,56,,292695,15,,,1,14,,292696,4,0,31 40 41,1,13,,292697,11,0,7 40 41,1,13,,292698,15,,,1,57,,292699,11,0,7 40 41,1,13,,292701,11,0,7 40 41,1,15,,292700,15,,,1,17,,292702,15,,,1,48,,292703,11,0,7 40 41,1,17,,292704,15,,,1,13,,292705,11,0,7 40 41,1,12,,292706,15,,,1,63,,292707,11,0,7 40 41,1,35,,292708,15,,,1,89,,292709,15,,,1
4101,'20260915',616,,292710,15,,,1,22,,292711,8,0,53 38 9,1,75,,292712,15,,,1,32,,292713,15,,,1,55,,292714,8,0,5 55 43,1,30,,292715,15,,,1,70,,292716,15,,,1,30,,292717,15,,,1,70,,292718,15,,,1,25,,292719,15,,,1,75,,292720,15,,,1,37,,292721,15,,,1,75,,292722,15,,,1,13,,292723,11,0,7 40 41,1,17,,292724,15,,,1,13,,292725,11,0,7 40 41,1,57,,292726,15,,,1,8,,292727,11,0,7 40 41,1,17,,292728,8,0,53 38 9,1,8,,292729,11,0,7 40 41,1,57,,292730,15,,,1,8,,292731,11,0,7 40 41,1,12,,292732,15,,,1,13,,292733,11,0,7 40 41,1,17,,292734,8,0,53 38 9,1,53,,292735,11,0,7 40 41,1,10,,292736,15,,,1,10,,292737,4,0,31 40 41,1,10,,292738,11,0,7 40 41,1,17,,292739,8,0,53 38 9,1,50,,292740,11,0,7 40 41,1,18,,292741,4,0,31 40 41,1,12,,292742,15,,,1,10,,292744,4,0,31 40 41,1,10,,292743,11,0,7 40 41,1,50,,292745,15,,,1,10,,292746,4,0,31 40 41,1,5,,292747,11,0,57 40 41,1,10,,292748,4,0,31 40 41,1,5,,292749,11,0,7 40 41,1,10,,292750,15,,,1,10,,292751,4,0,31 40 41,1,3,,292752,11,0,57 40 41,1,47,,292753,11,0,7 40 41,1,11,,292754,15,,,1,10,,292755,11,0,57 40 41,1,9,,292756,11,0,7 40 41,1,8,,292757,15,,,1,5,,292758,4,0,31 40 41,1,12,,292759,11,0,7 40 41,1,56,,292760,15,,,1,14,,292761,4,0,31 40 41,1,13,,292762,11,0,7 40 41,1,13,,292763,15,,,1,57,,292764,11,0,7 40 41,1,13,,292766,11,0,7 40 41,1,15,,292765,15,,,1,17,,292767,15,,,1,48,,292768,11,0,7 40 41,1,17,,292769,15,,,1,13,,292770,11,0,7 40 41,1,12,,292771,15,,,1,63,,292772,11,0,7 40 41,1,35,,292773,15,,,1,89,,292774,15,,,1
4101,'20260916',616,,292775,15,,,1,22,,292776,8,0,53 38 9,1,75,,292777,15,,,1,32,,292778,15,,,1,55,,292779,8,0,5 55 43,1,30,,292780,15,,,1,70,,292781,15,,,1,30,,292782,15,,,1,70,,292783,15,,,1,25,,292784,15,,,1,75,,292785,15,,,1,37,,292786,15,,,1,75,,292787,15,,,1,13,,292788,11,0,7 40 41,1,17,,292789,15,,,1,13,,292790,11,0,7 40 41,1,57,,292791,15,,,1,8,,292792,11,0,7 40 41,1,17,,292793,8,0,53 38 9,1,8,,292794,11,0,7 40 41,1,57,,292795,15,,,1,8,,292796,11,0,7 40 41,1,12,,292797,15,,,1,13,,292798,11,0,7 40 41,1,17,,292799,8,0,53 38 9,1,53,,292800,11,0,7 40 41,1,10,,292801,15,,,1,10,,292802,4,0,31 40 41,1,10,,292803,11,0,7 40 41,1,17,,292804,8,0,53 38 9,1,50,,292805,11,0,7 40 41,1,18,,292806,4,0,31 40 41,1,12,,292807,15,,,1,10,,292809,4,0,31 40 41,1,10,,292808,11,0,7 40 41,1,50,,292810,15,,,1,10,,292811,4,0,31 40 41,1,5,,292812,11,0,57 40 41,1,10,,292813,4,0,31 40 41,1,5,,292814,11,0,7 40 41,1,10,,292815,15,,,1,10,,292816,4,0,31 40 41,1,3,,292817,11,0,57 40 41,1,47,,292818,11,0,7 40 41,1,11,,292819,15,,,1,10,,292820,11,0,57 40 41,1,9,,292821,11,0,7 40 41,1,8,,292822,15,,,1,5,,292823,4,0,31 40 41,1,12,,292824,11,0,7 40 41,1,56,,292825,15,,,1,14,,292826,4,0,31 40 41,1,13,,292827,11,0,7 40 41,1,13,,292828,15,,,1,57,,292829,11,0,7 40 41,1,13,,292831,11,0,7 40 41,1,15,,292830,15,,,1,17,,292832,15,,,1,48,,292833,11,0,7 40 41,1,17,,292834,15,,,1,13,,292835,11,0,7 40 41,1,12,,292836,15,,,1,63,,292837,11,0,7 40 41,1,35,,292838,15,,,1,89,,292839,15,,,1
4101,'20260917',616,,292840,15,,,1,22,,292841,8,0,53 38 9,1,75,,292842,15,,,1,32,,292843,15,,,1,55,,292844,8,0,5 55 43,1,30,,292845,15,,,1,70,,292846,15,,,1,30,,292847,15,,,1,70,,292848,15,,,1,25,,292849,15,,,1,75,,292850,15,,,1,37,,292851,15,,,1,75,,292852,15,,,1,13,,292853,11,0,7 40 41,1,17,,292854,15,,,1,13,,292855,11,0,7 40 41,1,57,,292856,15,,,1,8,,292857,11,0,7 40 41,1,17,,292858,8,0,53 38 9,1,8,,292859,11,0,7 40 41,1,57,,292860,15,,,1,8,,292861,11,0,7 40 41,1,12,,292862,15,,,1,13,,292863,11,0,7 40 41,1,17,,292864,8,0,53 38 9,1,53,,292865,11,0,7 40 41,1,10,,292866,15,,,1,10,,292867,4,0,31 40 41,1,10,,292868,11,0,7 40 41,1,17,,292869,8,0,53 38 9,1,50,,292870,11,0,7 40 41,1,18,,292871,4,0,31 40 41,1,12,,292872,15,,,1,10,,292874,4,0,31 40 41,1,10,,292873,11,0,7 40 41,1,50,,292875,15,,,1,10,,292876,4,0,31 40 41,1,5,,292877,11,0,57 40 41,1,10,,292878,4,0,31 40 41,1,5,,292879,11,0,7 40 41,1,10,,292880,15,,,1,10,,292881,4,0,31 40 41,1,3,,292882,11,0,57 40 41,1,47,,292883,11,0,7 40 41,1,11,,292884,15,,,1,10,,292885,11,0,57 40 41,1,9,,292886,11,0,7 40 41,1,8,,292887,15,,,1,5,,292888,4,0,31 40 41,1,12,,292889,11,0,7 40 41,1,56,,292890,15,,,1,14,,292891,4,0,31 40 41,1,13,,292892,11,0,7 40 41,1,13,,292893,15,,,1,57,,292894,11,0,7 40 41,1,13,,292896,11,0,7 40 41,1,15,,292895,15,,,1,17,,292897,15,,,1,48,,292898,11,0,7 40 41,1,17,,292899,15,,,1,13,,292900,11,0,7 40 41,1,12,,292901,15,,,1,63,,292902,11,0,7 40 41,1,35,,292903,15,,,1,89,,292904,15,,,1
4101,'20260918',616,,292905,15,,,1,22,,292906,8,0,53 38 9,1,75,,292907,15,,,1,32,,292908,15,,,1,55,,292909,8,0,5 55 43,1,30,,292910,15,,,1,70,,292911,15,,,1,30,,292912,15,,,1,70,,292913,15,,,1,25,,292914,15,,,1,75,,292915,15,,,1,37,,292916,15,,,1,75,,292917,15,,,1,13,,292918,11,0,7 40 41,1,17,,292919,15,,,1,13,,292920,11,0,7 40 41,1,57,,292921,15,,,1,8,,292922,11,0,7 40 41,1,17,,292923,8,0,53 38 9,1,8,,292924,11,0,7 40 41,1,57,,292925,15,,,1,8,,292926,11,0,7 40 41,1,12,,292927,15,,,1,13,,292928,11,0,7 40 41,1,17,,292929,8,0,53 38 9,1,53,,292930,11,0,7 40 41,1,10,,292931,15,,,1,10,,292932,4,0,31 40 41,1,10,,292933,11,0,7 40 41,1,17,,292934,8,0,53 38 9,1,50,,292935,11,0,7 40 41,1,18,,292936,4,0,31 40 41,1,12,,292937,15,,,1,10,,292939,4,0,31 40 41,1,10,,292938,11,0,7 40 41,1,50,,292940,15,,,1,10,,292941,4,0,31 40 41,1,5,,292942,11,0,57 40 41,1,10,,292943,4,0,31 40 41,1,5,,292944,11,0,7 40 41,1,10,,292945,15,,,1,10,,292946,4,0,31 40 41,1,3,,292947,11,0,57 40 41,1,47,,292948,11,0,7 40 41,1,11,,292949,15,,,1,10,,292950,11,0,57 40 41,1,9,,292951,11,0,7 40 41,1,8,,292952,15,,,1,5,,292953,4,0,31 40 41,1,12,,292954,11,0,7 40 41,1,56,,292955,15,,,1,14,,292956,4,0,31 40 41,1,13,,292957,11,0,7 40 41,1,13,,292958,15,,,1,57,,292959,11,0,7 40 41,1,13,,292961,11,0,7 40 41,1,15,,292960,15,,,1,17,,292962,15,,,1,48,,292963,11,0,7 40 41,1,17,,292964,15,,,1,13,,292965,11,0,7 40 41,1,12,,292966,15,,,1,63,,292967,11,0,7 40 41,1,35,,292968,15,,,1,89,,292969,15,,,1
4101,'20260921',616,,292970,15,,,1,22,,292971,8,0,53 38 9,1,75,,292972,15,,,1,32,,292973,15,,,1,55,,292974,8,0,5 55 43,1,30,,292975,15,,,1,70,,292976,15,,,1,30,,292977,15,,,1,70,,292978,15,,,1,25,,292979,15,,,1,75,,292980,15,,,1,37,,292981,15,,,1,75,,292982,15,,,1,13,,292983,11,0,7 40 41,1,17,,292984,15,,,1,13,,292985,11,0,7 40 41,1,57,,292986,15,,,1,8,,292987,11,0,7 40 41,1,17,,292988,8,0,53 38 9,1,8,,292989,11,0,7 40 41,1,57,,292990,15,,,1,8,,292991,11,0,7 40 41,1,12,,292992,15,,,1,13,,292993,11,0,7 40 41,1,17,,292994,8,0,53 38 9,1,53,,292995,11,0,7 40 41,1,10,,292996,15,,,1,10,,292997,4,0,31 40 41,1,10,,292998,11,0,7 40 41,1,17,,292999,8,0,53 38 9,1,50,,293000,11,0,7 40 41,1,18,,293001,4,0,31 40 41,1,12,,293002,15,,,1,10,,293004,4,0,31 40 41,1,10,,293003,11,0,7 40 41,1,50,,293005,15,,,1,10,,293006,4,0,31 40 41,1,5,,293007,11,0,57 40 41,1,10,,293008,4,0,31 40 41,1,5,,293009,11,0,7 40 41,1,10,,293010,15,,,1,10,,293011,4,0,31 40 41,1,3,,293012,11,0,57 40 41,1,47,,293013,11,0,7 40 41,1,11,,293014,15,,,1,10,,293015,11,0,57 40 41,1,9,,293016,11,0,7 40 41,1,8,,293017,15,,,1,5,,293018,4,0,31 40 41,1,12,,293019,11,0,7 40 41,1,56,,293020,15,,,1,14,,293021,4,0,31 40 41,1,13,,293022,11,0,7 40 41,1,13,,293023,15,,,1,57,,293024,11,0,7 40 41,1,13,,293026,11,0,7 40 41,1,15,,293025,15,,,1,17,,293027,15,,,1,48,,293028,11,0,7 40 41,1,17,,293029,15,,,1,13,,293030,11,0,7 40 41,1,12,,293031,15,,,1,63,,293032,11,0,7 40 41,1,35,,293033,15,,,1,89,,293034,15,,,1
4101,'20260922',616,,293035,15,,,1,22,,293036,8,0,53 38 9,1,75,,293037,15,,,1,32,,293038,15,,,1,55,,293039,8,0,5 55 43,1,30,,293040,15,,,1,70,,293041,15,,,1,30,,293042,15,,,1,70,,293043,15,,,1,25,,293044,15,,,1,75,,293045,15,,,1,37,,293046,15,,,1,75,,293047,15,,,1,13,,293048,11,0,7 40 41,1,17,,293049,15,,,1,13,,293050,11,0,7 40 41,1,57,,293051,15,,,1,8,,293052,11,0,7 40 41,1,17,,293053,8,0,53 38 9,1,8,,293054,11,0,7 40 41,1,57,,293055,15,,,1,8,,293056,11,0,7 40 41,1,12,,293057,15,,,1,13,,293058,11,0,7 40 41,1,17,,293059,8,0,53 38 9,1,53,,293060,11,0,7 40 41,1,10,,293061,15,,,1,10,,293062,4,0,31 40 41,1,10,,293063,11,0,7 40 41,1,17,,293064,8,0,53 38 9,1,50,,293065,11,0,7 40 41,1,18,,293066,4,0,31 40 41,1,12,,293067,15,,,1,10,,293069,4,0,31 40 41,1,10,,293068,11,0,7 40 41,1,50,,293070,15,,,1,10,,293071,4,0,31 40 41,1,5,,293072,11,0,57 40 41,1,10,,293073,4,0,31 40 41,1,5,,293074,11,0,7 40 41,1,10,,293075,15,,,1,10,,293076,4,0,31 40 41,1,3,,293077,11,0,57 40 41,1,47,,293078,11,0,7 40 41,1,11,,293079,15,,,1,10,,293080,11,0,57 40 41,1,9,,293081,11,0,7 40 41,1,8,,293082,15,,,1,5,,293083,4,0,31 40 41,1,12,,293084,11,0,7 40 41,1,56,,293085,15,,,1,14,,293086,4,0,31 40 41,1,13,,293087,11,0,7 40 41,1,13,,293088,15,,,1,57,,293089,11,0,7 40 41,1,13,,293091,11,0,7 40 41,1,15,,293090,15,,,1,17,,293092,15,,,1,48,,293093,11,0,7 40 41,1,17,,293094,15,,,1,13,,293095,11,0,7 40 41,1,12,,293096,15,,,1,63,,293097,11,0,7 40 41,1,35,,293098,15,,,1,89,,293099,15,,,1
4101,'20260923',616,,293100,15,,,1,22,,293101,8,0,53 38 9,1,75,,293102,15,,,1,32,,293103,15,,,1,55,,293104,8,0,5 55 43,1,30,,293105,15,,,1,70,,293106,15,,,1,30,,293107,15,,,1,70,,293108,15,,,1,25,,293109,15,,,1,75,,293110,15,,,1,37,,293111,15,,,1,75,,293112,15,,,1,13,,293113,11,0,7 40 41,1,17,,293114,15,,,1,13,,293115,11,0,7 40 41,1,57,,293116,15,,,1,8,,293117,11,0,7 40 41,1,17,,293118,8,0,53 38 9,1,8,,293119,11,0,7 40 41,1,57,,293120,15,,,1,8,,293121,11,0,7 40 41,1,12,,293122,15,,,1,13,,293123,11,0,7 40 41,1,17,,293124,8,0,53 38 9,1,53,,293125,11,0,7 40 41,1,10,,293126,15,,,1,10,,293127,4,0,31 40 41,1,10,,293128,11,0,7 40 41,1,17,,293129,8,0,53 38 9,1,50,,293130,11,0,7 40 41,1,18,,293131,4,0,31 40 41,1,12,,293132,15,,,1,10,,293134,4,0,31 40 41,1,10,,293133,11,0,7 40 41,1,50,,293135,15,,,1,10,,293136,4,0,31 40 41,1,5,,293137,11,0,57 40 41,1,10,,293138,4,0,31 40 41,1,5,,293139,11,0,7 40 41,1,10,,293140,15,,,1,10,,293141,4,0,31 40 41,1,3,,293142,11,0,57 40 41,1,47,,293143,11,0,7 40 41,1,11,,293144,15,,,1,10,,293145,11,0,57 40 41,1,9,,293146,11,0,7 40 41,1,8,,293147,15,,,1,5,,293148,4,0,31 40 41,1,12,,293149,11,0,7 40 41,1,56,,293150,15,,,1,14,,293151,4,0,31 40 41,1,13,,293152,11,0,7 40 41,1,13,,293153,15,,,1,57,,293154,11,0,7 40 41,1,13,,293156,11,0,7 40 41,1,15,,293155,15,,,1,17,,293157,15,,,1,48,,293158,11,0,7 40 41,1,17,,293159,15,,,1,13,,293160,11,0,7 40 41,1,12,,293161,15,,,1,63,,293162,11,0,7 40 41,1,35,,293163,15,,,1,89,,293164,15,,,1
4101,'20260924',616,,293165,15,,,1,22,,293166,8,0,53 38 9,1,75,,293167,15,,,1,32,,293168,15,,,1,55,,293169,8,0,5 55 43,1,30,,293170,15,,,1,70,,293171,15,,,1,30,,293172,15,,,1,70,,293173,15,,,1,25,,293174,15,,,1,75,,293175,15,,,1,37,,293176,15,,,1,75,,293177,15,,,1,13,,293178,11,0,7 40 41,1,17,,293179,15,,,1,13,,293180,11,0,7 40 41,1,57,,293181,15,,,1,8,,293182,11,0,7 40 41,1,17,,293183,8,0,53 38 9,1,8,,293184,11,0,7 40 41,1,57,,293185,15,,,1,8,,293186,11,0,7 40 41,1,12,,293187,15,,,1,13,,293188,11,0,7 40 41,1,17,,293189,8,0,53 38 9,1,53,,293190,11,0,7 40 41,1,10,,293191,15,,,1,10,,293192,4,0,31 40 41,1,10,,293193,11,0,7 40 41,1,17,,293194,8,0,53 38 9,1,50,,293195,11,0,7 40 41,1,18,,293196,4,0,31 40 41,1,12,,293197,15,,,1,10,,293199,4,0,31 40 41,1,10,,293198,11,0,7 40 41,1,50,,293200,15,,,1,10,,293201,4,0,31 40 41,1,5,,293202,11,0,57 40 41,1,10,,293203,4,0,31 40 41,1,5,,293204,11,0,7 40 41,1,10,,293205,15,,,1,10,,293206,4,0,31 40 41,1,3,,293207,11,0,57 40 41,1,47,,293208,11,0,7 40 41,1,11,,293209,15,,,1,10,,293210,11,0,57 40 41,1,9,,293211,11,0,7 40 41,1,8,,293212,15,,,1,5,,293213,4,0,31 40 41,1,12,,293214,11,0,7 40 41,1,56,,293215,15,,,1,14,,293216,4,0,31 40 41,1,13,,293217,11,0,7 40 41,1,13,,293218,15,,,1,57,,293219,11,0,7 40 41,1,13,,293221,11,0,7 40 41,1,15,,293220,15,,,1,17,,293222,15,,,1,48,,293223,11,0,7 40 41,1,17,,293224,15,,,1,13,,293225,11,0,7 40 41,1,12,,293226,15,,,1,63,,293227,11,0,7 40 41,1,35,,293228,15,,,1,89,,293229,15,,,1
4101,'20260925',616,,293230,15,,,1,22,,293231,8,0,53 38 9,1,75,,293232,15,,,1,32,,293233,15,,,1,55,,293234,8,0,5 55 43,1,30,,293235,15,,,1,70,,293236,15,,,1,30,,293237,15,,,1,70,,293238,15,,,1,25,,293239,15,,,1,75,,293240,15,,,1,37,,293241,15,,,1,75,,293242,15,,,1,13,,293243,11,0,7 40 41,1,17,,293244,15,,,1,13,,293245,11,0,7 40 41,1,57,,293246,15,,,1,8,,293247,11,0,7 40 41,1,17,,293248,8,0,53 38 9,1,8,,293249,11,0,7 40 41,1,57,,293250,15,,,1,8,,293251,11,0,7 40 41,1,12,,293252,15,,,1,13,,293253,11,0,7 40 41,1,17,,293254,8,0,53 38 9,1,53,,293255,11,0,7 40 41,1,10,,293256,15,,,1,10,,293257,4,0,31 40 41,1,10,,293258,11,0,7 40 41,1,17,,293259,8,0,53 38 9,1,50,,293260,11,0,7 40 41,1,18,,293261,4,0,31 40 41,1,12,,293262,15,,,1,10,,293264,4,0,31 40 41,1,10,,293263,11,0,7 40 41,1,50,,293265,15,,,1,10,,293266,4,0,31 40 41,1,5,,293267,11,0,57 40 41,1,10,,293268,4,0,31 40 41,1,5,,293269,11,0,7 40 41,1,10,,293270,15,,,1,10,,293271,4,0,31 40 41,1,3,,293272,11,0,57 40 41,1,47,,293273,11,0,7 40 41,1,11,,293274,15,,,1,10,,293275,11,0,57 40 41,1,9,,293276,11,0,7 40 41,1,8,,293277,15,,,1,5,,293278,4,0,31 40 41,1,12,,293279,11,0,7 40 41,1,56,,293280,15,,,1,14,,293281,4,0,31 40 41,1,13,,293282,11,0,7 40 41,1,13,,293283,15,,,1,57,,293284,11,0,7 40 41,1,13,,293286,11,0,7 40 41,1,15,,293285,15,,,1,17,,293287,15,,,1,48,,293288,11,0,7 40 41,1,17,,293289,15,,,1,13,,293290,11,0,7 40 41,1,12,,293291,15,,,1,63,,293292,11,0,7 40 41,1,35,,293293,15,,,1,89,,293294,15,,,1
4101,'20260928',616,,293295,15,,,1,22,,293296,8,0,53 38 9,1,75,,293297,15,,,1,32,,293298,15,,,1,55,,293299,8,0,5 55 43,1,30,,293300,15,,,1,70,,293301,15,,,1,30,,293302,15,,,1,70,,293303,15,,,1,25,,293304,15,,,1,75,,293305,15,,,1,37,,293306,15,,,1,75,,293307,15,,,1,13,,293308,11,0,7 40 41,1,17,,293309,15,,,1,13,,293310,11,0,7 40 41,1,57,,293311,15,,,1,8,,293312,11,0,7 40 41,1,17,,293313,8,0,53 38 9,1,8,,293314,11,0,7 40 41,1,57,,293315,15,,,1,8,,293316,11,0,7 40 41,1,12,,293317,15,,,1,13,,293318,11,0,7 40 41,1,17,,293319,8,0,53 38 9,1,53,,293320,11,0,7 40 41,1,10,,293321,15,,,1,10,,293322,4,0,31 40 41,1,10,,293323,11,0,7 40 41,1,17,,293324,8,0,53 38 9,1,50,,293325,11,0,7 40 41,1,18,,293326,4,0,31 40 41,1,12,,293327,15,,,1,10,,293329,4,0,31 40 41,1,10,,293328,11,0,7 40 41,1,50,,293330,15,,,1,10,,293331,4,0,31 40 41,1,5,,293332,11,0,57 40 41,1,10,,293333,4,0,31 40 41,1,5,,293334,11,0,7 40 41,1,10,,293335,15,,,1,10,,293336,4,0,31 40 41,1,3,,293337,11,0,57 40 41,1,47,,293338,11,0,7 40 41,1,11,,293339,15,,,1,10,,293340,11,0,57 40 41,1,9,,293341,11,0,7 40 41,1,8,,293342,15,,,1,5,,293343,4,0,31 40 41,1,12,,293344,11,0,7 40 41,1,56,,293345,15,,,1,14,,293346,4,0,31 40 41,1,13,,293347,11,0,7 40 41,1,13,,293348,15,,,1,57,,293349,11,0,7 40 41,1,13,,293351,11,0,7 40 41,1,15,,293350,15,,,1,17,,293352,15,,,1,48,,293353,11,0,7 40 41,1,17,,293354,15,,,1,13,,293355,11,0,7 40 41,1,12,,293356,15,,,1,63,,293357,11,0,7 40 41,1,35,,293358,15,,,1,89,,293359,15,,,1
4101,'20260929',616,,293360,15,,,1,22,,293361,8,0,53 38 9,1,75,,293362,15,,,1,32,,293363,15,,,1,55,,293364,8,0,5 55 43,1,30,,293365,15,,,1,70,,293366,15,,,1,30,,293367,15,,,1,70,,293368,15,,,1,25,,293369,15,,,1,75,,293370,15,,,1,37,,293371,15,,,1,75,,293372,15,,,1,13,,293373,11,0,7 40 41,1,17,,293374,15,,,1,13,,293375,11,0,7 40 41,1,57,,293376,15,,,1,8,,293377,11,0,7 40 41,1,17,,293378,8,0,53 38 9,1,8,,293379,11,0,7 40 41,1,57,,293380,15,,,1,8,,293381,11,0,7 40 41,1,12,,293382,15,,,1,13,,293383,11,0,7 40 41,1,17,,293384,8,0,53 38 9,1,53,,293385,11,0,7 40 41,1,10,,293386,15,,,1,10,,293387,4,0,31 40 41,1,10,,293388,11,0,7 40 41,1,17,,293389,8,0,53 38 9,1,50,,293390,11,0,7 40 41,1,18,,293391,4,0,31 40 41,1,12,,293392,15,,,1,10,,293394,4,0,31 40 41,1,10,,293393,11,0,7 40 41,1,50,,293395,15,,,1,10,,293396,4,0,31 40 41,1,5,,293397,11,0,57 40 41,1,10,,293398,4,0,31 40 41,1,5,,293399,11,0,7 40 41,1,10,,293400,15,,,1,10,,293401,4,0,31 40 41,1,3,,293402,11,0,57 40 41,1,47,,293403,11,0,7 40 41,1,11,,293404,15,,,1,10,,293405,11,0,57 40 41,1,9,,293406,11,0,7 40 41,1,8,,293407,15,,,1,5,,293408,4,0,31 40 41,1,12,,293409,11,0,7 40 41,1,56,,293410,15,,,1,14,,293411,4,0,31 40 41,1,13,,293412,11,0,7 40 41,1,13,,293413,15,,,1,57,,293414,11,0,7 40 41,1,13,,293416,11,0,7 40 41,1,15,,293415,15,,,1,17,,293417,15,,,1,48,,293418,11,0,7 40 41,1,17,,293419,15,,,1,13,,293420,11,0,7 40 41,1,12,,293421,15,,,1,63,,293422,11,0,7 40 41,1,35,,293423,15,,,1,89,,293424,15,,,1
4101,'20260930',616,,293425,15,,,1,22,,293426,8,0,53 38 9,1,75,,293427,15,,,1,32,,293428,15,,,1,55,,293429,8,0,5 55 43,1,30,,293430,15,,,1,70,,293431,15,,,1,30,,293432,15,,,1,70,,293433,15,,,1,25,,293434,15,,,1,75,,293435,15,,,1,37,,293436,15,,,1,75,,293437,15,,,1,13,,293438,11,0,7 40 41,1,17,,293439,15,,,1,13,,293440,11,0,7 40 41,1,57,,293441,15,,,1,8,,293442,11,0,7 40 41,1,17,,293443,8,0,53 38 9,1,8,,293444,11,0,7 40 41,1,57,,293445,15,,,1,8,,293446,11,0,7 40 41,1,12,,293447,15,,,1,13,,293448,11,0,7 40 41,1,17,,293449,8,0,53 38 9,1,53,,293450,11,0,7 40 41,1,10,,293451,15,,,1,10,,293452,4,0,31 40 41,1,10,,293453,11,0,7 40 41,1,17,,293454,8,0,53 38 9,1,50,,293455,11,0,7 40 41,1,18,,293456,4,0,31 40 41,1,12,,293457,15,,,1,10,,293459,4,0,31 40 41,1,10,,293458,11,0,7 40 41,1,50,,293460,15,,,1,10,,293461,4,0,31 40 41,1,5,,293462,11,0,57 40 41,1,10,,293463,4,0,31 40 41,1,5,,293464,11,0,7 40 41,1,10,,293465,15,,,1,10,,293466,4,0,31 40 41,1,3,,293467,11,0,57 40 41,1,47,,293468,11,0,7 40 41,1,11,,293469,15,,,1,10,,293470,11,0,57 40 41,1,9,,293471,11,0,7 40 41,1,8,,293472,15,,,1,5,,293473,4,0,31 40 41,1,12,,293474,11,0,7 40 41,1,56,,293475,15,,,1,14,,293476,4,0,31 40 41,1,13,,293477,11,0,7 40 41,1,13,,293478,15,,,1,57,,293479,11,0,7 40 41,1,13,,293481,11,0,7 40 41,1,15,,293480,15,,,1,17,,293482,15,,,1,48,,293483,11,0,7 40 41,1,17,,293484,15,,,1,13,,293485,11,0,7 40 41,1,12,,293486,15,,,1,63,,293487,11,0,7 40 41,1,35,,293488,15,,,1,89,,293489,15,,,1
4101,'20261001',616,,293490,15,,,1,22,,293491,8,0,53 38 9,1,75,,293492,15,,,1,32,,293493,15,,,1,55,,293494,8,0,5 55 43,1,30,,293495,15,,,1,70,,293496,15,,,1,30,,293497,15,,,1,70,,293498,15,,,1,25,,293499,15,,,1,75,,293500,15,,,1,37,,293501,15,,,1,75,,293502,15,,,1,13,,293503,11,0,7 40 41,1,17,,293504,15,,,1,13,,293505,11,0,7 40 41,1,57,,293506,15,,,1,8,,293507,11,0,7 40 41,1,17,,293508,8,0,53 38 9,1,8,,293509,11,0,7 40 41,1,57,,293510,15,,,1,8,,293511,11,0,7 40 41,1,12,,293512,15,,,1,13,,293513,11,0,7 40 41,1,17,,293514,8,0,53 38 9,1,53,,293515,11,0,7 40 41,1,10,,293516,15,,,1,10,,293517,4,0,31 40 41,1,10,,293518,11,0,7 40 41,1,17,,293519,8,0,53 38 9,1,50,,293520,11,0,7 40 41,1,18,,293521,4,0,31 40 41,1,12,,293522,15,,,1,10,,293524,4,0,31 40 41,1,10,,293523,11,0,7 40 41,1,50,,293525,15,,,1,10,,293526,4,0,31 40 41,1,5,,293527,11,0,57 40 41,1,10,,293528,4,0,31 40 41,1,5,,293529,11,0,7 40 41,1,10,,293530,15,,,1,10,,293531,4,0,31 40 41,1,3,,293532,11,0,57 40 41,1,47,,293533,11,0,7 40 41,1,11,,293534,15,,,1,10,,293535,11,0,57 40 41,1,9,,293536,11,0,7 40 41,1,8,,293537,15,,,1,5,,293538,4,0,31 40 41,1,12,,293539,11,0,7 40 41,1,56,,293540,15,,,1,14,,293541,4,0,31 40 41,1,13,,293542,11,0,7 40 41,1,13,,293543,15,,,1,57,,293544,11,0,7 40 41,1,13,,293546,11,0,7 40 41,1,15,,293545,15,,,1,17,,293547,15,,,1,48,,293548,11,0,7 40 41,1,17,,293549,15,,,1,13,,293550,11,0,7 40 41,1,12,,293551,15,,,1,63,,293552,11,0,7 40 41,1,35,,293553,15,,,1,89,,293554,15,,,1
4101,'20261002',616,,293555,15,,,1,22,,293556,8,0,53 38 9,1,75,,293557,15,,,1,32,,293558,15,,,1,55,,293559,8,0,5 55 43,1,30,,293560,15,,,1,70,,293561,15,,,1,30,,293562,15,,,1,70,,293563,15,,,1,25,,293564,15,,,1,75,,293565,15,,,1,37,,293566,15,,,1,75,,293567,15,,,1,13,,293568,11,0,7 40 41,1,17,,293569,15,,,1,13,,293570,11,0,7 40 41,1,57,,293571,15,,,1,8,,293572,11,0,7 40 41,1,17,,293573,8,0,53 38 9,1,8,,293574,11,0,7 40 41,1,57,,293575,15,,,1,8,,293576,11,0,7 40 41,1,12,,293577,15,,,1,13,,293578,11,0,7 40 41,1,17,,293579,8,0,53 38 9,1,53,,293580,11,0,7 40 41,1,10,,293581,15,,,1,10,,293582,4,0,31 40 41,1,10,,293583,11,0,7 40 41,1,17,,293584,8,0,53 38 9,1,50,,293585,11,0,7 40 41,1,18,,293586,4,0,31 40 41,1,12,,293587,15,,,1,10,,293589,4,0,31 40 41,1,10,,293588,11,0,7 40 41,1,50,,293590,15,,,1,10,,293591,4,0,31 40 41,1,5,,293592,11,0,57 40 41,1,10,,293593,4,0,31 40 41,1,5,,293594,11,0,7 40 41,1,10,,293595,15,,,1,10,,293596,4,0,31 40 41,1,3,,293597,11,0,57 40 41,1,47,,293598,11,0,7 40 41,1,11,,293599,15,,,1,10,,293600,11,0,57 40 41,1,9,,293601,11,0,7 40 41,1,8,,293602,15,,,1,5,,293603,4,0,31 40 41,1,12,,293604,11,0,7 40 41,1,56,,293605,15,,,1,14,,293606,4,0,31 40 41,1,13,,293607,11,0,7 40 41,1,13,,293608,15,,,1,57,,293609,11,0,7 40 41,1,13,,293611,11,0,7 40 41,1,15,,293610,15,,,1,17,,293612,15,,,1,48,,293613,11,0,7 40 41,1,17,,293614,15,,,1,13,,293615,11,0,7 40 41,1,12,,293616,15,,,1,63,,293617,11,0,7 40 41,1,35,,293618,15,,,1,89,,293619,15,,,1
4101,'20261005',616,,293620,15,,,1,22,,293621,8,0,53 38 9,1,75,,293622,15,,,1,32,,293623,15,,,1,55,,293624,8,0,5 55 43,1,30,,293625,15,,,1,70,,293626,15,,,1,30,,293627,15,,,1,70,,293628,15,,,1,25,,293629,15,,,1,75,,293630,15,,,1,37,,293631,15,,,1,75,,293632,15,,,1,13,,293633,11,0,7 40 41,1,17,,293634,15,,,1,13,,293635,11,0,7 40 41,1,57,,293636,15,,,1,8,,293637,11,0,7 40 41,1,17,,293638,8,0,53 38 9,1,8,,293639,11,0,7 40 41,1,57,,293640,15,,,1,8,,293641,11,0,7 40 41,1,12,,293642,15,,,1,13,,293643,11,0,7 40 41,1,17,,293644,8,0,53 38 9,1,53,,293645,11,0,7 40 41,1,10,,293646,15,,,1,10,,293647,4,0,31 40 41,1,10,,293648,11,0,7 40 41,1,17,,293649,8,0,53 38 9,1,50,,293650,11,0,7 40 41,1,18,,293651,4,0,31 40 41,1,12,,293652,15,,,1,10,,293654,4,0,31 40 41,1,10,,293653,11,0,7 40 41,1,50,,293655,15,,,1,10,,293656,4,0,31 40 41,1,5,,293657,11,0,57 40 41,1,10,,293658,4,0,31 40 41,1,5,,293659,11,0,7 40 41,1,10,,293660,15,,,1,10,,293661,4,0,31 40 41,1,3,,293662,11,0,57 40 41,1,47,,293663,11,0,7 40 41,1,11,,293664,15,,,1,10,,293665,11,0,57 40 41,1,9,,293666,11,0,7 40 41,1,8,,293667,15,,,1,5,,293668,4,0,31 40 41,1,12,,293669,11,0,7 40 41,1,56,,293670,15,,,1,14,,293671,4,0,31 40 41,1,13,,293672,11,0,7 40 41,1,13,,293673,15,,,1,57,,293674,11,0,7 40 41,1,13,,293676,11,0,7 40 41,1,15,,293675,15,,,1,17,,293677,15,,,1,48,,293678,11,0,7 40 41,1,17,,293679,15,,,1,13,,293680,11,0,7 40 41,1,12,,293681,15,,,1,63,,293682,11,0,7 40 41,1,35,,293683,15,,,1,89,,293684,15,,,1
4101,'20261006',616,,293685,15,,,1,22,,293686,8,0,53 38 9,1,75,,293687,15,,,1,32,,293688,15,,,1,55,,293689,8,0,5 55 43,1,30,,293690,15,,,1,70,,293691,15,,,1,30,,293692,15,,,1,70,,293693,15,,,1,25,,293694,15,,,1,75,,293695,15,,,1,37,,293696,15,,,1,75,,293697,15,,,1,13,,293698,11,0,7 40 41,1,17,,293699,15,,,1,13,,293700,11,0,7 40 41,1,57,,293701,15,,,1,8,,293702,11,0,7 40 41,1,17,,293703,8,0,53 38 9,1,8,,293704,11,0,7 40 41,1,57,,293705,15,,,1,8,,293706,11,0,7 40 41,1,12,,293707,15,,,1,13,,293708,11,0,7 40 41,1,17,,293709,8,0,53 38 9,1,53,,293710,11,0,7 40 41,1,10,,293711,15,,,1,10,,293712,4,0,31 40 41,1,10,,293713,11,0,7 40 41,1,17,,293714,8,0,53 38 9,1,50,,293715,11,0,7 40 41,1,18,,293716,4,0,31 40 41,1,12,,293717,15,,,1,10,,293719,4,0,31 40 41,1,10,,293718,11,0,7 40 41,1,50,,293720,15,,,1,10,,293721,4,0,31 40 41,1,5,,293722,11,0,57 40 41,1,10,,293723,4,0,31 40 41,1,5,,293724,11,0,7 40 41,1,10,,293725,15,,,1,10,,293726,4,0,31 40 41,1,3,,293727,11,0,57 40 41,1,47,,293728,11,0,7 40 41,1,11,,293729,15,,,1,10,,293730,11,0,57 40 41,1,9,,293731,11,0,7 40 41,1,8,,293732,15,,,1,5,,293733,4,0,31 40 41,1,12,,293734,11,0,7 40 41,1,56,,293735,15,,,1,14,,293736,4,0,31 40 41,1,13,,293737,11,0,7 40 41,1,13,,293738,15,,,1,57,,293739,11,0,7 40 41,1,13,,293741,11,0,7 40 41,1,15,,293740,15,,,1,17,,293742,15,,,1,48,,293743,11,0,7 40 41,1,17,,293744,15,,,1,13,,293745,11,0,7 40 41,1,12,,293746,15,,,1,63,,293747,11,0,7 40 41,1,35,,293748,15,,,1,89,,293749,15,,,1
4101,'20261007',616,,293750,15,,,1,22,,293751,8,0,53 38 9,1,75,,293752,15,,,1,32,,293753,15,,,1,55,,293754,8,0,5 55 43,1,30,,293755,15,,,1,70,,293756,15,,,1,30,,293757,15,,,1,70,,293758,15,,,1,25,,293759,15,,,1,75,,293760,15,,,1,37,,293761,15,,,1,75,,293762,15,,,1,13,,293763,11,0,7 40 41,1,17,,293764,15,,,1,13,,293765,11,0,7 40 41,1,57,,293766,15,,,1,8,,293767,11,0,7 40 41,1,17,,293768,8,0,53 38 9,1,8,,293769,11,0,7 40 41,1,57,,293770,15,,,1,8,,293771,11,0,7 40 41,1,12,,293772,15,,,1,13,,293773,11,0,7 40 41,1,17,,293774,8,0,53 38 9,1,53,,293775,11,0,7 40 41,1,10,,293776,15,,,1,10,,293777,4,0,31 40 41,1,10,,293778,11,0,7 40 41,1,17,,293779,8,0,53 38 9,1,50,,293780,11,0,7 40 41,1,18,,293781,4,0,31 40 41,1,12,,293782,15,,,1,10,,293784,4,0,31 40 41,1,10,,293783,11,0,7 40 41,1,50,,293785,15,,,1,10,,293786,4,0,31 40 41,1,5,,293787,11,0,57 40 41,1,10,,293788,4,0,31 40 41,1,5,,293789,11,0,7 40 41,1,10,,293790,15,,,1,10,,293791,4,0,31 40 41,1,3,,293792,11,0,57 40 41,1,47,,293793,11,0,7 40 41,1,11,,293794,15,,,1,10,,293795,11,0,57 40 41,1,9,,293796,11,0,7 40 41,1,8,,293797,15,,,1,5,,293798,4,0,31 40 41,1,12,,293799,11,0,7 40 41,1,56,,293800,15,,,1,14,,293801,4,0,31 40 41,1,13,,293802,11,0,7 40 41,1,13,,293803,15,,,1,57,,293804,11,0,7 40 41,1,13,,293806,11,0,7 40 41,1,15,,293805,15,,,1,17,,293807,15,,,1,48,,293808,11,0,7 40 41,1,17,,293809,15,,,1,13,,293810,11,0,7 40 41,1,12,,293811,15,,,1,63,,293812,11,0,7 40 41,1,35,,293813,15,,,1,89,,293814,15,,,1
4101,'20261008',616,,293815,15,,,1,22,,293816,8,0,53 38 9,1,75,,293817,15,,,1,32,,293818,15,,,1,55,,293819,8,0,5 55 43,1,30,,293820,15,,,1,70,,293821,15,,,1,30,,293822,15,,,1,70,,293823,15,,,1,25,,293824,15,,,1,75,,293825,15,,,1,37,,293826,15,,,1,75,,293827,15,,,1,13,,293828,11,0,7 40 41,1,17,,293829,15,,,1,13,,293830,11,0,7 40 41,1,57,,293831,15,,,1,8,,293832,11,0,7 40 41,1,17,,293833,8,0,53 38 9,1,8,,293834,11,0,7 40 41,1,57,,293835,15,,,1,8,,293836,11,0,7 40 41,1,12,,293837,15,,,1,13,,293838,11,0,7 40 41,1,17,,293839,8,0,53 38 9,1,53,,293840,11,0,7 40 41,1,10,,293841,15,,,1,10,,293842,4,0,31 40 41,1,10,,293843,11,0,7 40 41,1,17,,293844,8,0,53 38 9,1,50,,293845,11,0,7 40 41,1,18,,293846,4,0,31 40 41,1,12,,293847,15,,,1,10,,293849,4,0,31 40 41,1,10,,293848,11,0,7 40 41,1,50,,293850,15,,,1,10,,293851,4,0,31 40 41,1,5,,293852,11,0,57 40 41,1,10,,293853,4,0,31 40 41,1,5,,293854,11,0,7 40 41,1,10,,293855,15,,,1,10,,293856,4,0,31 40 41,1,3,,293857,11,0,57 40 41,1,47,,293858,11,0,7 40 41,1,11,,293859,15,,,1,10,,293860,11,0,57 40 41,1,9,,293861,11,0,7 40 41,1,8,,293862,15,,,1,5,,293863,4,0,31 40 41,1,12,,293864,11,0,7 40 41,1,56,,293865,15,,,1,14,,293866,4,0,31 40 41,1,13,,293867,11,0,7 40 41,1,13,,293868,15,,,1,57,,293869,11,0,7 40 41,1,13,,293871,11,0,7 40 41,1,15,,293870,15,,,1,17,,293872,15,,,1,48,,293873,11,0,7 40 41,1,17,,293874,15,,,1,13,,293875,11,0,7 40 41,1,12,,293876,15,,,1,63,,293877,11,0,7 40 41,1,35,,293878,15,,,1,89,,293879,15,,,1
4101,'20261009',616,,293880,15,,,1,22,,293881,8,0,53 38 9,1,75,,293882,15,,,1,32,,293883,15,,,1,55,,293884,8,0,5 55 43,1,30,,293885,15,,,1,70,,293886,15,,,1,30,,293887,15,,,1,70,,293888,15,,,1,25,,293889,15,,,1,75,,293890,15,,,1,37,,293891,15,,,1,75,,293892,15,,,1,13,,293893,11,0,7 40 41,1,17,,293894,15,,,1,13,,293895,11,0,7 40 41,1,57,,293896,15,,,1,8,,293897,11,0,7 40 41,1,17,,293898,8,0,53 38 9,1,8,,293899,11,0,7 40 41,1,57,,293900,15,,,1,8,,293901,11,0,7 40 41,1,12,,293902,15,,,1,13,,293903,11,0,7 40 41,1,17,,293904,8,0,53 38 9,1,53,,293905,11,0,7 40 41,1,10,,293906,15,,,1,10,,293907,4,0,31 40 41,1,10,,293908,11,0,7 40 41,1,17,,293909,8,0,53 38 9,1,50,,293910,11,0,7 40 41,1,18,,293911,4,0,31 40 41,1,12,,293912,15,,,1,10,,293914,4,0,31 40 41,1,10,,293913,11,0,7 40 41,1,50,,293915,15,,,1,10,,293916,4,0,31 40 41,1,5,,293917,11,0,57 40 41,1,10,,293918,4,0,31 40 41,1,5,,293919,11,0,7 40 41,1,10,,293920,15,,,1,10,,293921,4,0,31 40 41,1,3,,293922,11,0,57 40 41,1,47,,293923,11,0,7 40 41,1,11,,293924,15,,,1,10,,293925,11,0,57 40 41,1,9,,293926,11,0,7 40 41,1,8,,293927,15,,,1,5,,293928,4,0,31 40 41,1,12,,293929,11,0,7 40 41,1,56,,293930,15,,,1,14,,293931,4,0,31 40 41,1,13,,293932,11,0,7 40 41,1,13,,293933,15,,,1,57,,293934,11,0,7 40 41,1,13,,293936,11,0,7 40 41,1,15,,293935,15,,,1,17,,293937,15,,,1,48,,293938,11,0,7 40 41,1,17,,293939,15,,,1,13,,293940,11,0,7 40 41,1,12,,293941,15,,,1,63,,293942,11,0,7 40 41,1,35,,293943,15,,,1,89,,293944,15,,,1
4101,'20261013',616,,293945,15,,,1,22,,293946,8,0,53 38 9,1,75,,293947,15,,,1,32,,293948,15,,,1,55,,293949,8,0,5 55 43,1,30,,293950,15,,,1,70,,293951,15,,,1,30,,293952,15,,,1,70,,293953,15,,,1,25,,293954,15,,,1,75,,293955,15,,,1,37,,293956,15,,,1,75,,293957,15,,,1,13,,293958,11,0,7 40 41,1,17,,293959,15,,,1,13,,293960,11,0,7 40 41,1,57,,293961,15,,,1,8,,293962,11,0,7 40 41,1,17,,293963,8,0,53 38 9,1,8,,293964,11,0,7 40 41,1,57,,293965,15,,,1,8,,293966,11,0,7 40 41,1,12,,293967,15,,,1,13,,293968,11,0,7 40 41,1,17,,293969,8,0,53 38 9,1,53,,293970,11,0,7 40 41,1,10,,293971,15,,,1,10,,293972,4,0,31 40 41,1,10,,293973,11,0,7 40 41,1,17,,293974,8,0,53 38 9,1,50,,293975,11,0,7 40 41,1,18,,293976,4,0,31 40 41,1,12,,293977,15,,,1,10,,293979,4,0,31 40 41,1,10,,293978,11,0,7 40 41,1,50,,293980,15,,,1,10,,293981,4,0,31 40 41,1,5,,293982,11,0,57 40 41,1,10,,293983,4,0,31 40 41,1,5,,293984,11,0,7 40 41,1,10,,293985,15,,,1,10,,293986,4,0,31 40 41,1,3,,293987,11,0,57 40 41,1,47,,293988,11,0,7 40 41,1,11,,293989,15,,,1,10,,293990,11,0,57 40 41,1,9,,293991,11,0,7 40 41,1,8,,293992,15,,,1,5,,293993,4,0,31 40 41,1,12,,293994,11,0,7 40 41,1,56,,293995,15,,,1,14,,293996,4,0,31 40 41,1,13,,293997,11,0,7 40 41,1,13,,293998,15,,,1,57,,293999,11,0,7 40 41,1,13,,294001,11,0,7 40 41,1,15,,294000,15,,,1,17,,294002,15,,,1,48,,294003,11,0,7 40 41,1,17,,294004,15,,,1,13,,294005,11,0,7 40 41,1,12,,294006,15,,,1,63,,294007,11,0,7 40 41,1,35,,294008,15,,,1,89,,294009,15,,,1
4101,'20261014',616,,294010,15,,,1,22,,294011,8,0,53 38 9,1,75,,294012,15,,,1,32,,294013,15,,,1,55,,294014,8,0,5 55 43,1,30,,294015,15,,,1,70,,294016,15,,,1,30,,294017,15,,,1,70,,294018,15,,,1,25,,294019,15,,,1,75,,294020,15,,,1,37,,294021,15,,,1,75,,294022,15,,,1,13,,294023,11,0,7 40 41,1,17,,294024,15,,,1,13,,294025,11,0,7 40 41,1,57,,294026,15,,,1,8,,294027,11,0,7 40 41,1,17,,294028,8,0,53 38 9,1,8,,294029,11,0,7 40 41,1,57,,294030,15,,,1,8,,294031,11,0,7 40 41,1,12,,294032,15,,,1,13,,294033,11,0,7 40 41,1,17,,294034,8,0,53 38 9,1,53,,294035,11,0,7 40 41,1,10,,294036,15,,,1,10,,294037,4,0,31 40 41,1,10,,294038,11,0,7 40 41,1,17,,294039,8,0,53 38 9,1,50,,294040,11,0,7 40 41,1,18,,294041,4,0,31 40 41,1,12,,294042,15,,,1,10,,294044,4,0,31 40 41,1,10,,294043,11,0,7 40 41,1,50,,294045,15,,,1,10,,294046,4,0,31 40 41,1,5,,294047,11,0,57 40 41,1,10,,294048,4,0,31 40 41,1,5,,294049,11,0,7 40 41,1,10,,294050,15,,,1,10,,294051,4,0,31 40 41,1,3,,294052,11,0,57 40 41,1,47,,294053,11,0,7 40 41,1,11,,294054,15,,,1,10,,294055,11,0,57 40 41,1,9,,294056,11,0,7 40 41,1,8,,294057,15,,,1,5,,294058,4,0,31 40 41,1,12,,294059,11,0,7 40 41,1,56,,294060,15,,,1,14,,294061,4,0,31 40 41,1,13,,294062,11,0,7 40 41,1,13,,294063,15,,,1,57,,294064,11,0,7 40 41,1,13,,294066,11,0,7 40 41,1,15,,294065,15,,,1,17,,294067,15,,,1,48,,294068,11,0,7 40 41,1,17,,294069,15,,,1,13,,294070,11,0,7 40 41,1,12,,294071,15,,,1,63,,294072,11,0,7 40 41,1,35,,294073,15,,,1,89,,294074,15,,,1
4101,'20261015',616,,294075,15,,,1,22,,294076,8,0,53 38 9,1,75,,294077,15,,,1,32,,294078,15,,,1,55,,294079,8,0,5 55 43,1,30,,294080,15,,,1,70,,294081,15,,,1,30,,294082,15,,,1,70,,294083,15,,,1,25,,294084,15,,,1,75,,294085,15,,,1,37,,294086,15,,,1,75,,294087,15,,,1,13,,294088,11,0,7 40 41,1,17,,294089,15,,,1,13,,294090,11,0,7 40 41,1,57,,294091,15,,,1,8,,294092,11,0,7 40 41,1,17,,294093,8,0,53 38 9,1,8,,294094,11,0,7 40 41,1,57,,294095,15,,,1,8,,294096,11,0,7 40 41,1,12,,294097,15,,,1,13,,294098,11,0,7 40 41,1,17,,294099,8,0,53 38 9,1,53,,294100,11,0,7 40 41,1,10,,294101,15,,,1,10,,294102,4,0,31 40 41,1,10,,294103,11,0,7 40 41,1,17,,294104,8,0,53 38 9,1,50,,294105,11,0,7 40 41,1,18,,294106,4,0,31 40 41,1,12,,294107,15,,,1,10,,294109,4,0,31 40 41,1,10,,294108,11,0,7 40 41,1,50,,294110,15,,,1,10,,294111,4,0,31 40 41,1,5,,294112,11,0,57 40 41,1,10,,294113,4,0,31 40 41,1,5,,294114,11,0,7 40 41,1,10,,294115,15,,,1,10,,294116,4,0,31 40 41,1,3,,294117,11,0,57 40 41,1,47,,294118,11,0,7 40 41,1,11,,294119,15,,,1,10,,294120,11,0,57 40 41,1,9,,294121,11,0,7 40 41,1,8,,294122,15,,,1,5,,294123,4,0,31 40 41,1,12,,294124,11,0,7 40 41,1,56,,294125,15,,,1,14,,294126,4,0,31 40 41,1,13,,294127,11,0,7 40 41,1,13,,294128,15,,,1,57,,294129,11,0,7 40 41,1,13,,294131,11,0,7 40 41,1,15,,294130,15,,,1,17,,294132,15,,,1,48,,294133,11,0,7 40 41,1,17,,294134,15,,,1,13,,294135,11,0,7 40 41,1,12,,294136,15,,,1,63,,294137,11,0,7 40 41,1,35,,294138,15,,,1,89,,294139,15,,,1
4101,'20261016',616,,294140,15,,,1,22,,294141,8,0,53 38 9,1,75,,294142,15,,,1,32,,294143,15,,,1,55,,294144,8,0,5 55 43,1,30,,294145,15,,,1,70,,294146,15,,,1,30,,294147,15,,,1,70,,294148,15,,,1,25,,294149,15,,,1,75,,294150,15,,,1,37,,294151,15,,,1,75,,294152,15,,,1,13,,294153,11,0,7 40 41,1,17,,294154,15,,,1,13,,294155,11,0,7 40 41,1,57,,294156,15,,,1,8,,294157,11,0,7 40 41,1,17,,294158,8,0,53 38 9,1,8,,294159,11,0,7 40 41,1,57,,294160,15,,,1,8,,294161,11,0,7 40 41,1,12,,294162,15,,,1,13,,294163,11,0,7 40 41,1,17,,294164,8,0,53 38 9,1,53,,294165,11,0,7 40 41,1,10,,294166,15,,,1,10,,294167,4,0,31 40 41,1,10,,294168,11,0,7 40 41,1,17,,294169,8,0,53 38 9,1,50,,294170,11,0,7 40 41,1,18,,294171,4,0,31 40 41,1,12,,294172,15,,,1,10,,294174,4,0,31 40 41,1,10,,294173,11,0,7 40 41,1,50,,294175,15,,,1,10,,294176,4,0,31 40 41,1,5,,294177,11,0,57 40 41,1,10,,294178,4,0,31 40 41,1,5,,294179,11,0,7 40 41,1,10,,294180,15,,,1,10,,294181,4,0,31 40 41,1,3,,294182,11,0,57 40 41,1,47,,294183,11,0,7 40 41,1,11,,294184,15,,,1,10,,294185,11,0,57 40 41,1,9,,294186,11,0,7 40 41,1,8,,294187,15,,,1,5,,294188,4,0,31 40 41,1,12,,294189,11,0,7 40 41,1,56,,294190,15,,,1,14,,294191,4,0,31 40 41,1,13,,294192,11,0,7 40 41,1,13,,294193,15,,,1,57,,294194,11,0,7 40 41,1,13,,294196,11,0,7 40 41,1,15,,294195,15,,,1,17,,294197,15,,,1,48,,294198,11,0,7 40 41,1,17,,294199,15,,,1,13,,294200,11,0,7 40 41,1,12,,294201,15,,,1,63,,294202,11,0,7 40 41,1,35,,294203,15,,,1,89,,294204,15,,,1
4101,'20261019',616,,294205,15,,,1,22,,294206,8,0,53 38 9,1,75,,294207,15,,,1,32,,294208,15,,,1,55,,294209,8,0,5 55 43,1,30,,294210,15,,,1,70,,294211,15,,,1,30,,294212,15,,,1,70,,294213,15,,,1,25,,294214,15,,,1,75,,294215,15,,,1,37,,294216,15,,,1,75,,294217,15,,,1,13,,294218,11,0,7 40 41,1,17,,294219,15,,,1,13,,294220,11,0,7 40 41,1,57,,294221,15,,,1,8,,294222,11,0,7 40 41,1,17,,294223,8,0,53 38 9,1,8,,294224,11,0,7 40 41,1,57,,294225,15,,,1,8,,294226,11,0,7 40 41,1,12,,294227,15,,,1,13,,294228,11,0,7 40 41,1,17,,294229,8,0,53 38 9,1,53,,294230,11,0,7 40 41,1,10,,294231,15,,,1,10,,294232,4,0,31 40 41,1,10,,294233,11,0,7 40 41,1,17,,294234,8,0,53 38 9,1,50,,294235,11,0,7 40 41,1,18,,294236,4,0,31 40 41,1,12,,294237,15,,,1,10,,294239,4,0,31 40 41,1,10,,294238,11,0,7 40 41,1,50,,294240,15,,,1,10,,294241,4,0,31 40 41,1,5,,294242,11,0,57 40 41,1,10,,294243,4,0,31 40 41,1,5,,294244,11,0,7 40 41,1,10,,294245,15,,,1,10,,294246,4,0,31 40 41,1,3,,294247,11,0,57 40 41,1,47,,294248,11,0,7 40 41,1,11,,294249,15,,,1,10,,294250,11,0,57 40 41,1,9,,294251,11,0,7 40 41,1,8,,294252,15,,,1,5,,294253,4,0,31 40 41,1,12,,294254,11,0,7 40 41,1,56,,294255,15,,,1,14,,294256,4,0,31 40 41,1,13,,294257,11,0,7 40 41,1,13,,294258,15,,,1,57,,294259,11,0,7 40 41,1,13,,294261,11,0,7 40 41,1,15,,294260,15,,,1,17,,294262,15,,,1,48,,294263,11,0,7 40 41,1,17,,294264,15,,,1,13,,294265,11,0,7 40 41,1,12,,294266,15,,,1,63,,294267,11,0,7 40 41,1,35,,294268,15,,,1,89,,294269,15,,,1
4101,'20261020',616,,294270,15,,,1,22,,294271,8,0,53 38 9,1,75,,294272,15,,,1,32,,294273,15,,,1,55,,294274,8,0,5 55 43,1,30,,294275,15,,,1,70,,294276,15,,,1,30,,294277,15,,,1,70,,294278,15,,,1,25,,294279,15,,,1,75,,294280,15,,,1,37,,294281,15,,,1,75,,294282,15,,,1,13,,294283,11,0,7 40 41,1,17,,294284,15,,,1,13,,294285,11,0,7 40 41,1,57,,294286,15,,,1,8,,294287,11,0,7 40 41,1,17,,294288,8,0,53 38 9,1,8,,294289,11,0,7 40 41,1,57,,294290,15,,,1,8,,294291,11,0,7 40 41,1,12,,294292,15,,,1,13,,294293,11,0,7 40 41,1,17,,294294,8,0,53 38 9,1,53,,294295,11,0,7 40 41,1,10,,294296,15,,,1,10,,294297,4,0,31 40 41,1,10,,294298,11,0,7 40 41,1,17,,294299,8,0,53 38 9,1,50,,294300,11,0,7 40 41,1,18,,294301,4,0,31 40 41,1,12,,294302,15,,,1,10,,294304,4,0,31 40 41,1,10,,294303,11,0,7 40 41,1,50,,294305,15,,,1,10,,294306,4,0,31 40 41,1,5,,294307,11,0,57 40 41,1,10,,294308,4,0,31 40 41,1,5,,294309,11,0,7 40 41,1,10,,294310,15,,,1,10,,294311,4,0,31 40 41,1,3,,294312,11,0,57 40 41,1,47,,294313,11,0,7 40 41,1,11,,294314,15,,,1,10,,294315,11,0,57 40 41,1,9,,294316,11,0,7 40 41,1,8,,294317,15,,,1,5,,294318,4,0,31 40 41,1,12,,294319,11,0,7 40 41,1,56,,294320,15,,,1,14,,294321,4,0,31 40 41,1,13,,294322,11,0,7 40 41,1,13,,294323,15,,,1,57,,294324,11,0,7 40 41,1,13,,294326,11,0,7 40 41,1,15,,294325,15,,,1,17,,294327,15,,,1,48,,294328,11,0,7 40 41,1,17,,294329,15,,,1,13,,294330,11,0,7 40 41,1,12,,294331,15,,,1,63,,294332,11,0,7 40 41,1,35,,294333,15,,,1,89,,294334,15,,,1
4101,'20261021',616,,294335,15,,,1,22,,294336,8,0,53 38 9,1,75,,294337,15,,,1,32,,294338,15,,,1,55,,294339,8,0,5 55 43,1,30,,294340,15,,,1,70,,294341,15,,,1,30,,294342,15,,,1,70,,294343,15,,,1,25,,294344,15,,,1,75,,294345,15,,,1,37,,294346,15,,,1,75,,294347,15,,,1,13,,294348,11,0,7 40 41,1,17,,294349,15,,,1,13,,294350,11,0,7 40 41,1,57,,294351,15,,,1,8,,294352,11,0,7 40 41,1,17,,294353,8,0,53 38 9,1,8,,294354,11,0,7 40 41,1,57,,294355,15,,,1,8,,294356,11,0,7 40 41,1,12,,294357,15,,,1,13,,294358,11,0,7 40 41,1,17,,294359,8,0,53 38 9,1,53,,294360,11,0,7 40 41,1,10,,294361,15,,,1,10,,294362,4,0,31 40 41,1,10,,294363,11,0,7 40 41,1,17,,294364,8,0,53 38 9,1,50,,294365,11,0,7 40 41,1,18,,294366,4,0,31 40 41,1,12,,294367,15,,,1,10,,294369,4,0,31 40 41,1,10,,294368,11,0,7 40 41,1,50,,294370,15,,,1,10,,294371,4,0,31 40 41,1,5,,294372,11,0,57 40 41,1,10,,294373,4,0,31 40 41,1,5,,294374,11,0,7 40 41,1,10,,294375,15,,,1,10,,294376,4,0,31 40 41,1,3,,294377,11,0,57 40 41,1,47,,294378,11,0,7 40 41,1,11,,294379,15,,,1,10,,294380,11,0,57 40 41,1,9,,294381,11,0,7 40 41,1,8,,294382,15,,,1,5,,294383,4,0,31 40 41,1,12,,294384,11,0,7 40 41,1,56,,294385,15,,,1,14,,294386,4,0,31 40 41,1,13,,294387,11,0,7 40 41,1,13,,294388,15,,,1,57,,294389,11,0,7 40 41,1,13,,294391,11,0,7 40 41,1,15,,294390,15,,,1,17,,294392,15,,,1,48,,294393,11,0,7 40 41,1,17,,294394,15,,,1,13,,294395,11,0,7 40 41,1,12,,294396,15,,,1,63,,294397,11,0,7 40 41,1,35,,294398,15,,,1,89,,294399,15,,,1
4101,'20261022',616,,294400,15,,,1,22,,294401,8,0,53 38 9,1,75,,294402,15,,,1,32,,294403,15,,,1,55,,294404,8,0,5 55 43,1,30,,294405,15,,,1,70,,294406,15,,,1,30,,294407,15,,,1,70,,294408,15,,,1,25,,294409,15,,,1,75,,294410,15,,,1,37,,294411,15,,,1,75,,294412,15,,,1,13,,294413,11,0,7 40 41,1,17,,294414,15,,,1,13,,294415,11,0,7 40 41,1,57,,294416,15,,,1,8,,294417,11,0,7 40 41,1,17,,294418,8,0,53 38 9,1,8,,294419,11,0,7 40 41,1,57,,294420,15,,,1,8,,294421,11,0,7 40 41,1,12,,294422,15,,,1,13,,294423,11,0,7 40 41,1,17,,294424,8,0,53 38 9,1,53,,294425,11,0,7 40 41,1,10,,294426,15,,,1,10,,294427,4,0,31 40 41,1,10,,294428,11,0,7 40 41,1,17,,294429,8,0,53 38 9,1,50,,294430,11,0,7 40 41,1,18,,294431,4,0,31 40 41,1,12,,294432,15,,,1,10,,294434,4,0,31 40 41,1,10,,294433,11,0,7 40 41,1,50,,294435,15,,,1,10,,294436,4,0,31 40 41,1,5,,294437,11,0,57 40 41,1,10,,294438,4,0,31 40 41,1,5,,294439,11,0,7 40 41,1,10,,294440,15,,,1,10,,294441,4,0,31 40 41,1,3,,294442,11,0,57 40 41,1,47,,294443,11,0,7 40 41,1,11,,294444,15,,,1,10,,294445,11,0,57 40 41,1,9,,294446,11,0,7 40 41,1,8,,294447,15,,,1,5,,294448,4,0,31 40 41,1,12,,294449,11,0,7 40 41,1,56,,294450,15,,,1,14,,294451,4,0,31 40 41,1,13,,294452,11,0,7 40 41,1,13,,294453,15,,,1,57,,294454,11,0,7 40 41,1,13,,294456,11,0,7 40 41,1,15,,294455,15,,,1,17,,294457,15,,,1,48,,294458,11,0,7 40 41,1,17,,294459,15,,,1,13,,294460,11,0,7 40 41,1,12,,294461,15,,,1,63,,294462,11,0,7 40 41,1,35,,294463,15,,,1,89,,294464,15,,,1
4101,'20261023',616,,294465,15,,,1,22,,294466,8,0,53 38 9,1,75,,294467,15,,,1,32,,294468,15,,,1,55,,294469,8,0,5 55 43,1,30,,294470,15,,,1,70,,294471,15,,,1,30,,294472,15,,,1,70,,294473,15,,,1,25,,294474,15,,,1,75,,294475,15,,,1,37,,294476,15,,,1,75,,294477,15,,,1,13,,294478,11,0,7 40 41,1,17,,294479,15,,,1,13,,294480,11,0,7 40 41,1,57,,294481,15,,,1,8,,294482,11,0,7 40 41,1,17,,294483,8,0,53 38 9,1,8,,294484,11,0,7 40 41,1,57,,294485,15,,,1,8,,294486,11,0,7 40 41,1,12,,294487,15,,,1,13,,294488,11,0,7 40 41,1,17,,294489,8,0,53 38 9,1,53,,294490,11,0,7 40 41,1,10,,294491,15,,,1,10,,294492,4,0,31 40 41,1,10,,294493,11,0,7 40 41,1,17,,294494,8,0,53 38 9,1,50,,294495,11,0,7 40 41,1,18,,294496,4,0,31 40 41,1,12,,294497,15,,,1,10,,294499,4,0,31 40 41,1,10,,294498,11,0,7 40 41,1,50,,294500,15,,,1,10,,294501,4,0,31 40 41,1,5,,294502,11,0,57 40 41,1,10,,294503,4,0,31 40 41,1,5,,294504,11,0,7 40 41,1,10,,294505,15,,,1,10,,294506,4,0,31 40 41,1,3,,294507,11,0,57 40 41,1,47,,294508,11,0,7 40 41,1,11,,294509,15,,,1,10,,294510,11,0,57 40 41,1,9,,294511,11,0,7 40 41,1,8,,294512,15,,,1,5,,294513,4,0,31 40 41,1,12,,294514,11,0,7 40 41,1,56,,294515,15,,,1,14,,294516,4,0,31 40 41,1,13,,294517,11,0,7 40 41,1,13,,294518,15,,,1,57,,294519,11,0,7 40 41,1,13,,294521,11,0,7 40 41,1,15,,294520,15,,,1,17,,294522,15,,,1,48,,294523,11,0,7 40 41,1,17,,294524,15,,,1,13,,294525,11,0,7 40 41,1,12,,294526,15,,,1,63,,294527,11,0,7 40 41,1,35,,294528,15,,,1,89,,294529,15,,,1
4101,'20261026',616,,294530,15,,,1,22,,294531,8,0,53 38 9,1,75,,294532,15,,,1,32,,294533,15,,,1,55,,294534,8,0,5 55 43,1,30,,294535,15,,,1,70,,294536,15,,,1,30,,294537,15,,,1,70,,294538,15,,,1,25,,294539,15,,,1,75,,294540,15,,,1,37,,294541,15,,,1,75,,294542,15,,,1,13,,294543,11,0,7 40 41,1,17,,294544,15,,,1,13,,294545,11,0,7 40 41,1,57,,294546,15,,,1,8,,294547,11,0,7 40 41,1,17,,294548,8,0,53 38 9,1,8,,294549,11,0,7 40 41,1,57,,294550,15,,,1,8,,294551,11,0,7 40 41,1,12,,294552,15,,,1,13,,294553,11,0,7 40 41,1,17,,294554,8,0,53 38 9,1,53,,294555,11,0,7 40 41,1,10,,294556,15,,,1,10,,294557,4,0,31 40 41,1,10,,294558,11,0,7 40 41,1,17,,294559,8,0,53 38 9,1,50,,294560,11,0,7 40 41,1,18,,294561,4,0,31 40 41,1,12,,294562,15,,,1,10,,294564,4,0,31 40 41,1,10,,294563,11,0,7 40 41,1,50,,294565,15,,,1,10,,294566,4,0,31 40 41,1,5,,294567,11,0,57 40 41,1,10,,294568,4,0,31 40 41,1,5,,294569,11,0,7 40 41,1,10,,294570,15,,,1,10,,294571,4,0,31 40 41,1,3,,294572,11,0,57 40 41,1,47,,294573,11,0,7 40 41,1,11,,294574,15,,,1,10,,294575,11,0,57 40 41,1,9,,294576,11,0,7 40 41,1,8,,294577,15,,,1,5,,294578,4,0,31 40 41,1,12,,294579,11,0,7 40 41,1,56,,294580,15,,,1,14,,294581,4,0,31 40 41,1,13,,294582,11,0,7 40 41,1,13,,294583,15,,,1,57,,294584,11,0,7 40 41,1,13,,294586,11,0,7 40 41,1,15,,294585,15,,,1,17,,294587,15,,,1,48,,294588,11,0,7 40 41,1,17,,294589,15,,,1,13,,294590,11,0,7 40 41,1,12,,294591,15,,,1,63,,294592,11,0,7 40 41,1,35,,294593,15,,,1,89,,294594,15,,,1
4101,'20261027',616,,294595,15,,,1,22,,294596,8,0,53 38 9,1,75,,294597,15,,,1,32,,294598,15,,,1,55,,294599,8,0,5 55 43,1,30,,294600,15,,,1,70,,294601,15,,,1,30,,294602,15,,,1,70,,294603,15,,,1,25,,294604,15,,,1,75,,294605,15,,,1,37,,294606,15,,,1,75,,294607,15,,,1,13,,294608,11,0,7 40 41,1,17,,294609,15,,,1,13,,294610,11,0,7 40 41,1,57,,294611,15,,,1,8,,294612,11,0,7 40 41,1,17,,294613,8,0,53 38 9,1,8,,294614,11,0,7 40 41,1,57,,294615,15,,,1,8,,294616,11,0,7 40 41,1,12,,294617,15,,,1,13,,294618,11,0,7 40 41,1,17,,294619,8,0,53 38 9,1,53,,294620,11,0,7 40 41,1,10,,294621,15,,,1,10,,294622,4,0,31 40 41,1,10,,294623,11,0,7 40 41,1,17,,294624,8,0,53 38 9,1,50,,294625,11,0,7 40 41,1,18,,294626,4,0,31 40 41,1,12,,294627,15,,,1,10,,294629,4,0,31 40 41,1,10,,294628,11,0,7 40 41,1,50,,294630,15,,,1,10,,294631,4,0,31 40 41,1,5,,294632,11,0,57 40 41,1,10,,294633,4,0,31 40 41,1,5,,294634,11,0,7 40 41,1,10,,294635,15,,,1,10,,294636,4,0,31 40 41,1,3,,294637,11,0,57 40 41,1,47,,294638,11,0,7 40 41,1,11,,294639,15,,,1,10,,294640,11,0,57 40 41,1,9,,294641,11,0,7 40 41,1,8,,294642,15,,,1,5,,294643,4,0,31 40 41,1,12,,294644,11,0,7 40 41,1,56,,294645,15,,,1,14,,294646,4,0,31 40 41,1,13,,294647,11,0,7 40 41,1,13,,294648,15,,,1,57,,294649,11,0,7 40 41,1,13,,294651,11,0,7 40 41,1,15,,294650,15,,,1,17,,294652,15,,,1,48,,294653,11,0,7 40 41,1,17,,294654,15,,,1,13,,294655,11,0,7 40 41,1,12,,294656,15,,,1,63,,294657,11,0,7 40 41,1,35,,294658,15,,,1,89,,294659,15,,,1
4101,'20261028',616,,294660,15,,,1,22,,294661,8,0,53 38 9,1,75,,294662,15,,,1,32,,294663,15,,,1,55,,294664,8,0,5 55 43,1,30,,294665,15,,,1,70,,294666,15,,,1,30,,294667,15,,,1,70,,294668,15,,,1,25,,294669,15,,,1,75,,294670,15,,,1,37,,294671,15,,,1,75,,294672,15,,,1,13,,294673,11,0,7 40 41,1,17,,294674,15,,,1,13,,294675,11,0,7 40 41,1,57,,294676,15,,,1,8,,294677,11,0,7 40 41,1,17,,294678,8,0,53 38 9,1,8,,294679,11,0,7 40 41,1,57,,294680,15,,,1,8,,294681,11,0,7 40 41,1,12,,294682,15,,,1,13,,294683,11,0,7 40 41,1,17,,294684,8,0,53 38 9,1,53,,294685,11,0,7 40 41,1,10,,294686,15,,,1,10,,294687,4,0,31 40 41,1,10,,294688,11,0,7 40 41,1,17,,294689,8,0,53 38 9,1,50,,294690,11,0,7 40 41,1,18,,294691,4,0,31 40 41,1,12,,294692,15,,,1,10,,294694,4,0,31 40 41,1,10,,294693,11,0,7 40 41,1,50,,294695,15,,,1,10,,294696,4,0,31 40 41,1,5,,294697,11,0,57 40 41,1,10,,294698,4,0,31 40 41,1,5,,294699,11,0,7 40 41,1,10,,294700,15,,,1,10,,294701,4,0,31 40 41,1,3,,294702,11,0,57 40 41,1,47,,294703,11,0,7 40 41,1,11,,294704,15,,,1,10,,294705,11,0,57 40 41,1,9,,294706,11,0,7 40 41,1,8,,294707,15,,,1,5,,294708,4,0,31 40 41,1,12,,294709,11,0,7 40 41,1,56,,294710,15,,,1,14,,294711,4,0,31 40 41,1,13,,294712,11,0,7 40 41,1,13,,294713,15,,,1,57,,294714,11,0,7 40 41,1,13,,294716,11,0,7 40 41,1,15,,294715,15,,,1,17,,294717,15,,,1,48,,294718,11,0,7 40 41,1,17,,294719,15,,,1,13,,294720,11,0,7 40 41,1,12,,294721,15,,,1,63,,294722,11,0,7 40 41,1,35,,294723,15,,,1,89,,294724,15,,,1
4101,'20261029',616,,294725,15,,,1,22,,294726,8,0,53 38 9,1,75,,294727,15,,,1,32,,294728,15,,,1,55,,294729,8,0,5 55 43,1,30,,294730,15,,,1,70,,294731,15,,,1,30,,294732,15,,,1,70,,294733,15,,,1,25,,294734,15,,,1,75,,294735,15,,,1,37,,294736,15,,,1,75,,294737,15,,,1,13,,294738,11,0,7 40 41,1,17,,294739,15,,,1,13,,294740,11,0,7 40 41,1,57,,294741,15,,,1,8,,294742,11,0,7 40 41,1,17,,294743,8,0,53 38 9,1,8,,294744,11,0,7 40 41,1,57,,294745,15,,,1,8,,294746,11,0,7 40 41,1,12,,294747,15,,,1,13,,294748,11,0,7 40 41,1,17,,294749,8,0,53 38 9,1,53,,294750,11,0,7 40 41,1,10,,294751,15,,,1,10,,294752,4,0,31 40 41,1,10,,294753,11,0,7 40 41,1,17,,294754,8,0,53 38 9,1,50,,294755,11,0,7 40 41,1,18,,294756,4,0,31 40 41,1,12,,294757,15,,,1,10,,294759,4,0,31 40 41,1,10,,294758,11,0,7 40 41,1,50,,294760,15,,,1,10,,294761,4,0,31 40 41,1,5,,294762,11,0,57 40 41,1,10,,294763,4,0,31 40 41,1,5,,294764,11,0,7 40 41,1,10,,294765,15,,,1,10,,294766,4,0,31 40 41,1,3,,294767,11,0,57 40 41,1,47,,294768,11,0,7 40 41,1,11,,294769,15,,,1,10,,294770,11,0,57 40 41,1,9,,294771,11,0,7 40 41,1,8,,294772,15,,,1,5,,294773,4,0,31 40 41,1,12,,294774,11,0,7 40 41,1,56,,294775,15,,,1,14,,294776,4,0,31 40 41,1,13,,294777,11,0,7 40 41,1,13,,294778,15,,,1,57,,294779,11,0,7 40 41,1,13,,294781,11,0,7 40 41,1,15,,294780,15,,,1,17,,294782,15,,,1,48,,294783,11,0,7 40 41,1,17,,294784,15,,,1,13,,294785,11,0,7 40 41,1,12,,294786,15,,,1,63,,294787,11,0,7 40 41,1,35,,294788,15,,,1,89,,294789,15,,,1
4101,'20261030',616,,294790,15,,,1,22,,294791,8,0,53 38 9,1,75,,294792,15,,,1,32,,294793,15,,,1,55,,294794,8,0,5 55 43,1,30,,294795,15,,,1,70,,294796,15,,,1,30,,294797,15,,,1,70,,294798,15,,,1,25,,294799,15,,,1,75,,294800,15,,,1,37,,294801,15,,,1,75,,294802,15,,,1,13,,294803,11,0,7 40 41,1,17,,294804,15,,,1,13,,294805,11,0,7 40 41,1,57,,294806,15,,,1,8,,294807,11,0,7 40 41,1,17,,294808,8,0,53 38 9,1,8,,294809,11,0,7 40 41,1,57,,294810,15,,,1,8,,294811,11,0,7 40 41,1,12,,294812,15,,,1,13,,294813,11,0,7 40 41,1,17,,294814,8,0,53 38 9,1,53,,294815,11,0,7 40 41,1,10,,294816,15,,,1,10,,294817,4,0,31 40 41,1,10,,294818,11,0,7 40 41,1,17,,294819,8,0,53 38 9,1,50,,294820,11,0,7 40 41,1,18,,294821,4,0,31 40 41,1,12,,294822,15,,,1,10,,294824,4,0,31 40 41,1,10,,294823,11,0,7 40 41,1,50,,294825,15,,,1,10,,294826,4,0,31 40 41,1,5,,294827,11,0,57 40 41,1,10,,294828,4,0,31 40 41,1,5,,294829,11,0,7 40 41,1,10,,294830,15,,,1,10,,294831,4,0,31 40 41,1,3,,294832,11,0,57 40 41,1,47,,294833,11,0,7 40 41,1,11,,294834,15,,,1,10,,294835,11,0,57 40 41,1,9,,294836,11,0,7 40 41,1,8,,294837,15,,,1,5,,294838,4,0,31 40 41,1,12,,294839,11,0,7 40 41,1,56,,294840,15,,,1,14,,294841,4,0,31 40 41,1,13,,294842,11,0,7 40 41,1,13,,294843,15,,,1,57,,294844,11,0,7 40 41,1,13,,294846,11,0,7 40 41,1,15,,294845,15,,,1,17,,294847,15,,,1,48,,294848,11,0,7 40 41,1,17,,294849,15,,,1,13,,294850,11,0,7 40 41,1,12,,294851,15,,,1,63,,294852,11,0,7 40 41,1,35,,294853,15,,,1,89,,294854,15,,,1
4101,'20261102',616,,294855,15,,,1,22,,294856,8,0,53 38 9,1,75,,294857,15,,,1,32,,294858,15,,,1,55,,294859,8,0,5 55 43,1,30,,294860,15,,,1,70,,294861,15,,,1,30,,294862,15,,,1,70,,294863,15,,,1,25,,294864,15,,,1,75,,294865,15,,,1,37,,294866,15,,,1,75,,294867,15,,,1,13,,294868,11,0,7 40 41,1,17,,294869,15,,,1,13,,294870,11,0,7 40 41,1,57,,294871,15,,,1,8,,294872,11,0,7 40 41,1,17,,294873,8,0,53 38 9,1,8,,294874,11,0,7 40 41,1,57,,294875,15,,,1,8,,294876,11,0,7 40 41,1,12,,294877,15,,,1,13,,294878,11,0,7 40 41,1,17,,294879,8,0,53 38 9,1,53,,294880,11,0,7 40 41,1,10,,294881,15,,,1,10,,294882,4,0,31 40 41,1,10,,294883,11,0,7 40 41,1,17,,294884,8,0,53 38 9,1,50,,294885,11,0,7 40 41,1,18,,294886,4,0,31 40 41,1,12,,294887,15,,,1,10,,294889,4,0,31 40 41,1,10,,294888,11,0,7 40 41,1,50,,294890,15,,,1,10,,294891,4,0,31 40 41,1,5,,294892,11,0,57 40 41,1,10,,294893,4,0,31 40 41,1,5,,294894,11,0,7 40 41,1,10,,294895,15,,,1,10,,294896,4,0,31 40 41,1,3,,294897,11,0,57 40 41,1,47,,294898,11,0,7 40 41,1,11,,294899,15,,,1,10,,294900,11,0,57 40 41,1,9,,294901,11,0,7 40 41,1,8,,294902,15,,,1,5,,294903,4,0,31 40 41,1,12,,294904,11,0,7 40 41,1,56,,294905,15,,,1,14,,294906,4,0,31 40 41,1,13,,294907,11,0,7 40 41,1,13,,294908,15,,,1,57,,294909,11,0,7 40 41,1,13,,294911,11,0,7 40 41,1,15,,294910,15,,,1,17,,294912,15,,,1,48,,294913,11,0,7 40 41,1,17,,294914,15,,,1,13,,294915,11,0,7 40 41,1,12,,294916,15,,,1,63,,294917,11,0,7 40 41,1,35,,294918,15,,,1,89,,294919,15,,,1
4101,'20261103',616,,294920,15,,,1,22,,294921,8,0,53 38 9,1,75,,294922,15,,,1,32,,294923,15,,,1,55,,294924,8,0,5 55 43,1,30,,294925,15,,,1,70,,294926,15,,,1,30,,294927,15,,,1,70,,294928,15,,,1,25,,294929,15,,,1,75,,294930,15,,,1,37,,294931,15,,,1,75,,294932,15,,,1,13,,294933,11,0,7 40 41,1,17,,294934,15,,,1,13,,294935,11,0,7 40 41,1,57,,294936,15,,,1,8,,294937,11,0,7 40 41,1,17,,294938,8,0,53 38 9,1,8,,294939,11,0,7 40 41,1,57,,294940,15,,,1,8,,294941,11,0,7 40 41,1,12,,294942,15,,,1,13,,294943,11,0,7 40 41,1,17,,294944,8,0,53 38 9,1,53,,294945,11,0,7 40 41,1,10,,294946,15,,,1,10,,294947,4,0,31 40 41,1,10,,294948,11,0,7 40 41,1,17,,294949,8,0,53 38 9,1,50,,294950,11,0,7 40 41,1,18,,294951,4,0,31 40 41,1,12,,294952,15,,,1,10,,294954,4,0,31 40 41,1,10,,294953,11,0,7 40 41,1,50,,294955,15,,,1,10,,294956,4,0,31 40 41,1,5,,294957,11,0,57 40 41,1,10,,294958,4,0,31 40 41,1,5,,294959,11,0,7 40 41,1,10,,294960,15,,,1,10,,294961,4,0,31 40 41,1,3,,294962,11,0,57 40 41,1,47,,294963,11,0,7 40 41,1,11,,294964,15,,,1,10,,294965,11,0,57 40 41,1,9,,294966,11,0,7 40 41,1,8,,294967,15,,,1,5,,294968,4,0,31 40 41,1,12,,294969,11,0,7 40 41,1,56,,294970,15,,,1,14,,294971,4,0,31 40 41,1,13,,294972,11,0,7 40 41,1,13,,294973,15,,,1,57,,294974,11,0,7 40 41,1,13,,294976,11,0,7 40 41,1,15,,294975,15,,,1,17,,294977,15,,,1,48,,294978,11,0,7 40 41,1,17,,294979,15,,,1,13,,294980,11,0,7 40 41,1,12,,294981,15,,,1,63,,294982,11,0,7 40 41,1,35,,294983,15,,,1,89,,294984,15,,,1
4101,'20261104',616,,294985,15,,,1,22,,294986,8,0,53 38 9,1,75,,294987,15,,,1,32,,294988,15,,,1,55,,294989,8,0,5 55 43,1,30,,294990,15,,,1,70,,294991,15,,,1,30,,294992,15,,,1,70,,294993,15,,,1,25,,294994,15,,,1,75,,294995,15,,,1,37,,294996,15,,,1,75,,294997,15,,,1,13,,294998,11,0,7 40 41,1,17,,294999,15,,,1,13,,295000,11,0,7 40 41,1,57,,295001,15,,,1,8,,295002,11,0,7 40 41,1,17,,295003,8,0,53 38 9,1,8,,295004,11,0,7 40 41,1,57,,295005,15,,,1,8,,295006,11,0,7 40 41,1,12,,295007,15,,,1,13,,295008,11,0,7 40 41,1,17,,295009,8,0,53 38 9,1,53,,295010,11,0,7 40 41,1,10,,295011,15,,,1,10,,295012,4,0,31 40 41,1,10,,295013,11,0,7 40 41,1,17,,295014,8,0,53 38 9,1,50,,295015,11,0,7 40 41,1,18,,295016,4,0,31 40 41,1,12,,295017,15,,,1,10,,295019,4,0,31 40 41,1,10,,295018,11,0,7 40 41,1,50,,295020,15,,,1,10,,295021,4,0,31 40 41,1,5,,295022,11,0,57 40 41,1,10,,295023,4,0,31 40 41,1,5,,295024,11,0,7 40 41,1,10,,295025,15,,,1,10,,295026,4,0,31 40 41,1,3,,295027,11,0,57 40 41,1,47,,295028,11,0,7 40 41,1,11,,295029,15,,,1,10,,295030,11,0,57 40 41,1,9,,295031,11,0,7 40 41,1,8,,295032,15,,,1,5,,295033,4,0,31 40 41,1,12,,295034,11,0,7 40 41,1,56,,295035,15,,,1,14,,295036,4,0,31 40 41,1,13,,295037,11,0,7 40 41,1,13,,295038,15,,,1,57,,295039,11,0,7 40 41,1,13,,295041,11,0,7 40 41,1,15,,295040,15,,,1,17,,295042,15,,,1,48,,295043,11,0,7 40 41,1,17,,295044,15,,,1,13,,295045,11,0,7 40 41,1,12,,295046,15,,,1,63,,295047,11,0,7 40 41,1,35,,295048,15,,,1,89,,295049,15,,,1
4101,'20261105',616,,295050,15,,,1,22,,295051,8,0,53 38 9,1,75,,295052,15,,,1,32,,295053,15,,,1,55,,295054,8,0,5 55 43,1,30,,295055,15,,,1,70,,295056,15,,,1,30,,295057,15,,,1,70,,295058,15,,,1,25,,295059,15,,,1,75,,295060,15,,,1,37,,295061,15,,,1,75,,295062,15,,,1,13,,295063,11,0,7 40 41,1,17,,295064,15,,,1,13,,295065,11,0,7 40 41,1,57,,295066,15,,,1,8,,295067,11,0,7 40 41,1,17,,295068,8,0,53 38 9,1,8,,295069,11,0,7 40 41,1,57,,295070,15,,,1,8,,295071,11,0,7 40 41,1,12,,295072,15,,,1,13,,295073,11,0,7 40 41,1,17,,295074,8,0,53 38 9,1,53,,295075,11,0,7 40 41,1,10,,295076,15,,,1,10,,295077,4,0,31 40 41,1,10,,295078,11,0,7 40 41,1,17,,295079,8,0,53 38 9,1,50,,295080,11,0,7 40 41,1,18,,295081,4,0,31 40 41,1,12,,295082,15,,,1,10,,295084,4,0,31 40 41,1,10,,295083,11,0,7 40 41,1,50,,295085,15,,,1,10,,295086,4,0,31 40 41,1,5,,295087,11,0,57 40 41,1,10,,295088,4,0,31 40 41,1,5,,295089,11,0,7 40 41,1,10,,295090,15,,,1,10,,295091,4,0,31 40 41,1,3,,295092,11,0,57 40 41,1,47,,295093,11,0,7 40 41,1,11,,295094,15,,,1,10,,295095,11,0,57 40 41,1,9,,295096,11,0,7 40 41,1,8,,295097,15,,,1,5,,295098,4,0,31 40 41,1,12,,295099,11,0,7 40 41,1,56,,295100,15,,,1,14,,295101,4,0,31 40 41,1,13,,295102,11,0,7 40 41,1,13,,295103,15,,,1,57,,295104,11,0,7 40 41,1,13,,295106,11,0,7 40 41,1,15,,295105,15,,,1,17,,295107,15,,,1,48,,295108,11,0,7 40 41,1,17,,295109,15,,,1,13,,295110,11,0,7 40 41,1,12,,295111,15,,,1,63,,295112,11,0,7 40 41,1,35,,295113,15,,,1,89,,295114,15,,,1
4101,'20261106',616,,295115,15,,,1,22,,295116,8,0,53 38 9,1,75,,295117,15,,,1,32,,295118,15,,,1,55,,295119,8,0,5 55 43,1,30,,295120,15,,,1,70,,295121,15,,,1,30,,295122,15,,,1,70,,295123,15,,,1,25,,295124,15,,,1,75,,295125,15,,,1,37,,295126,15,,,1,75,,295127,15,,,1,13,,295128,11,0,7 40 41,1,17,,295129,15,,,1,13,,295130,11,0,7 40 41,1,57,,295131,15,,,1,8,,295132,11,0,7 40 41,1,17,,295133,8,0,53 38 9,1,8,,295134,11,0,7 40 41,1,57,,295135,15,,,1,8,,295136,11,0,7 40 41,1,12,,295137,15,,,1,13,,295138,11,0,7 40 41,1,17,,295139,8,0,53 38 9,1,53,,295140,11,0,7 40 41,1,10,,295141,15,,,1,10,,295142,4,0,31 40 41,1,10,,295143,11,0,7 40 41,1,17,,295144,8,0,53 38 9,1,50,,295145,11,0,7 40 41,1,18,,295146,4,0,31 40 41,1,12,,295147,15,,,1,10,,295149,4,0,31 40 41,1,10,,295148,11,0,7 40 41,1,50,,295150,15,,,1,10,,295151,4,0,31 40 41,1,5,,295152,11,0,57 40 41,1,10,,295153,4,0,31 40 41,1,5,,295154,11,0,7 40 41,1,10,,295155,15,,,1,10,,295156,4,0,31 40 41,1,3,,295157,11,0,57 40 41,1,47,,295158,11,0,7 40 41,1,11,,295159,15,,,1,10,,295160,11,0,57 40 41,1,9,,295161,11,0,7 40 41,1,8,,295162,15,,,1,5,,295163,4,0,31 40 41,1,12,,295164,11,0,7 40 41,1,56,,295165,15,,,1,14,,295166,4,0,31 40 41,1,13,,295167,11,0,7 40 41,1,13,,295168,15,,,1,57,,295169,11,0,7 40 41,1,13,,295171,11,0,7 40 41,1,15,,295170,15,,,1,17,,295172,15,,,1,48,,295173,11,0,7 40 41,1,17,,295174,15,,,1,13,,295175,11,0,7 40 41,1,12,,295176,15,,,1,63,,295177,11,0,7 40 41,1,35,,295178,15,,,1,89,,295179,15,,,1
4101,'20261109',616,,295180,15,,,1,22,,295181,8,0,53 38 9,1,75,,295182,15,,,1,32,,295183,15,,,1,55,,295184,8,0,5 55 43,1,30,,295185,15,,,1,70,,295186,15,,,1,30,,295187,15,,,1,70,,295188,15,,,1,25,,295189,15,,,1,75,,295190,15,,,1,37,,295191,15,,,1,75,,295192,15,,,1,13,,295193,11,0,7 40 41,1,17,,295194,15,,,1,13,,295195,11,0,7 40 41,1,57,,295196,15,,,1,8,,295197,11,0,7 40 41,1,17,,295198,8,0,53 38 9,1,8,,295199,11,0,7 40 41,1,57,,295200,15,,,1,8,,295201,11,0,7 40 41,1,12,,295202,15,,,1,13,,295203,11,0,7 40 41,1,17,,295204,8,0,53 38 9,1,53,,295205,11,0,7 40 41,1,10,,295206,15,,,1,10,,295207,4,0,31 40 41,1,10,,295208,11,0,7 40 41,1,17,,295209,8,0,53 38 9,1,50,,295210,11,0,7 40 41,1,18,,295211,4,0,31 40 41,1,12,,295212,15,,,1,10,,295214,4,0,31 40 41,1,10,,295213,11,0,7 40 41,1,50,,295215,15,,,1,10,,295216,4,0,31 40 41,1,5,,295217,11,0,57 40 41,1,10,,295218,4,0,31 40 41,1,5,,295219,11,0,7 40 41,1,10,,295220,15,,,1,10,,295221,4,0,31 40 41,1,3,,295222,11,0,57 40 41,1,47,,295223,11,0,7 40 41,1,11,,295224,15,,,1,10,,295225,11,0,57 40 41,1,9,,295226,11,0,7 40 41,1,8,,295227,15,,,1,5,,295228,4,0,31 40 41,1,12,,295229,11,0,7 40 41,1,56,,295230,15,,,1,14,,295231,4,0,31 40 41,1,13,,295232,11,0,7 40 41,1,13,,295233,15,,,1,57,,295234,11,0,7 40 41,1,13,,295236,11,0,7 40 41,1,15,,295235,15,,,1,17,,295237,15,,,1,48,,295238,11,0,7 40 41,1,17,,295239,15,,,1,13,,295240,11,0,7 40 41,1,12,,295241,15,,,1,63,,295242,11,0,7 40 41,1,35,,295243,15,,,1,89,,295244,15,,,1
4101,'20261110',616,,295245,15,,,1,22,,295246,8,0,53 38 9,1,75,,295247,15,,,1,32,,295248,15,,,1,55,,295249,8,0,5 55 43,1,30,,295250,15,,,1,70,,295251,15,,,1,30,,295252,15,,,1,70,,295253,15,,,1,25,,295254,15,,,1,75,,295255,15,,,1,37,,295256,15,,,1,75,,295257,15,,,1,13,,295258,11,0,7 40 41,1,17,,295259,15,,,1,13,,295260,11,0,7 40 41,1,57,,295261,15,,,1,8,,295262,11,0,7 40 41,1,17,,295263,8,0,53 38 9,1,8,,295264,11,0,7 40 41,1,57,,295265,15,,,1,8,,295266,11,0,7 40 41,1,12,,295267,15,,,1,13,,295268,11,0,7 40 41,1,17,,295269,8,0,53 38 9,1,53,,295270,11,0,7 40 41,1,10,,295271,15,,,1,10,,295272,4,0,31 40 41,1,10,,295273,11,0,7 40 41,1,17,,295274,8,0,53 38 9,1,50,,295275,11,0,7 40 41,1,18,,295276,4,0,31 40 41,1,12,,295277,15,,,1,10,,295279,4,0,31 40 41,1,10,,295278,11,0,7 40 41,1,50,,295280,15,,,1,10,,295281,4,0,31 40 41,1,5,,295282,11,0,57 40 41,1,10,,295283,4,0,31 40 41,1,5,,295284,11,0,7 40 41,1,10,,295285,15,,,1,10,,295286,4,0,31 40 41,1,3,,295287,11,0,57 40 41,1,47,,295288,11,0,7 40 41,1,11,,295289,15,,,1,10,,295290,11,0,57 40 41,1,9,,295291,11,0,7 40 41,1,8,,295292,15,,,1,5,,295293,4,0,31 40 41,1,12,,295294,11,0,7 40 41,1,56,,295295,15,,,1,14,,295296,4,0,31 40 41,1,13,,295297,11,0,7 40 41,1,13,,295298,15,,,1,57,,295299,11,0,7 40 41,1,13,,295301,11,0,7 40 41,1,15,,295300,15,,,1,17,,295302,15,,,1,48,,295303,11,0,7 40 41,1,17,,295304,15,,,1,13,,295305,11,0,7 40 41,1,12,,295306,15,,,1,63,,295307,11,0,7 40 41,1,35,,295308,15,,,1,89,,295309,15,,,1
4101,'20261111',616,,295310,15,,,1,22,,295311,8,0,53 38 9,1,75,,295312,15,,,1,32,,295313,15,,,1,55,,295314,8,0,5 55 43,1,30,,295315,15,,,1,70,,295316,15,,,1,30,,295317,15,,,1,70,,295318,15,,,1,25,,295319,15,,,1,75,,295320,15,,,1,37,,295321,15,,,1,75,,295322,15,,,1,13,,295323,11,0,7 40 41,1,17,,295324,15,,,1,13,,295325,11,0,7 40 41,1,57,,295326,15,,,1,8,,295327,11,0,7 40 41,1,17,,295328,8,0,53 38 9,1,8,,295329,11,0,7 40 41,1,57,,295330,15,,,1,8,,295331,11,0,7 40 41,1,12,,295332,15,,,1,13,,295333,11,0,7 40 41,1,17,,295334,8,0,53 38 9,1,53,,295335,11,0,7 40 41,1,10,,295336,15,,,1,10,,295337,4,0,31 40 41,1,10,,295338,11,0,7 40 41,1,17,,295339,8,0,53 38 9,1,50,,295340,11,0,7 40 41,1,18,,295341,4,0,31 40 41,1,12,,295342,15,,,1,10,,295344,4,0,31 40 41,1,10,,295343,11,0,7 40 41,1,50,,295345,15,,,1,10,,295346,4,0,31 40 41,1,5,,295347,11,0,57 40 41,1,10,,295348,4,0,31 40 41,1,5,,295349,11,0,7 40 41,1,10,,295350,15,,,1,10,,295351,4,0,31 40 41,1,3,,295352,11,0,57 40 41,1,47,,295353,11,0,7 40 41,1,11,,295354,15,,,1,10,,295355,11,0,57 40 41,1,9,,295356,11,0,7 40 41,1,8,,295357,15,,,1,5,,295358,4,0,31 40 41,1,12,,295359,11,0,7 40 41,1,56,,295360,15,,,1,14,,295361,4,0,31 40 41,1,13,,295362,11,0,7 40 41,1,13,,295363,15,,,1,57,,295364,11,0,7 40 41,1,13,,295366,11,0,7 40 41,1,15,,295365,15,,,1,17,,295367,15,,,1,48,,295368,11,0,7 40 41,1,17,,295369,15,,,1,13,,295370,11,0,7 40 41,1,12,,295371,15,,,1,63,,295372,11,0,7 40 41,1,35,,295373,15,,,1,89,,295374,15,,,1
4101,'20261112',616,,295375,15,,,1,22,,295376,8,0,53 38 9,1,75,,295377,15,,,1,32,,295378,15,,,1,55,,295379,8,0,5 55 43,1,30,,295380,15,,,1,70,,295381,15,,,1,30,,295382,15,,,1,70,,295383,15,,,1,25,,295384,15,,,1,75,,295385,15,,,1,37,,295386,15,,,1,75,,295387,15,,,1,13,,295388,11,0,7 40 41,1,17,,295389,15,,,1,13,,295390,11,0,7 40 41,1,57,,295391,15,,,1,8,,295392,11,0,7 40 41,1,17,,295393,8,0,53 38 9,1,8,,295394,11,0,7 40 41,1,57,,295395,15,,,1,8,,295396,11,0,7 40 41,1,12,,295397,15,,,1,13,,295398,11,0,7 40 41,1,17,,295399,8,0,53 38 9,1,53,,295400,11,0,7 40 41,1,10,,295401,15,,,1,10,,295402,4,0,31 40 41,1,10,,295403,11,0,7 40 41,1,17,,295404,8,0,53 38 9,1,50,,295405,11,0,7 40 41,1,18,,295406,4,0,31 40 41,1,12,,295407,15,,,1,10,,295409,4,0,31 40 41,1,10,,295408,11,0,7 40 41,1,50,,295410,15,,,1,10,,295411,4,0,31 40 41,1,5,,295412,11,0,57 40 41,1,10,,295413,4,0,31 40 41,1,5,,295414,11,0,7 40 41,1,10,,295415,15,,,1,10,,295416,4,0,31 40 41,1,3,,295417,11,0,57 40 41,1,47,,295418,11,0,7 40 41,1,11,,295419,15,,,1,10,,295420,11,0,57 40 41,1,9,,295421,11,0,7 40 41,1,8,,295422,15,,,1,5,,295423,4,0,31 40 41,1,12,,295424,11,0,7 40 41,1,56,,295425,15,,,1,14,,295426,4,0,31 40 41,1,13,,295427,11,0,7 40 41,1,13,,295428,15,,,1,57,,295429,11,0,7 40 41,1,13,,295431,11,0,7 40 41,1,15,,295430,15,,,1,17,,295432,15,,,1,48,,295433,11,0,7 40 41,1,17,,295434,15,,,1,13,,295435,11,0,7 40 41,1,12,,295436,15,,,1,63,,295437,11,0,7 40 41,1,35,,295438,15,,,1,89,,295439,15,,,1
4101,'20261113',616,,295440,15,,,1,22,,295441,8,0,53 38 9,1,75,,295442,15,,,1,32,,295443,15,,,1,55,,295444,8,0,5 55 43,1,30,,295445,15,,,1,70,,295446,15,,,1,30,,295447,15,,,1,70,,295448,15,,,1,25,,295449,15,,,1,75,,295450,15,,,1,37,,295451,15,,,1,75,,295452,15,,,1,13,,295453,11,0,7 40 41,1,17,,295454,15,,,1,13,,295455,11,0,7 40 41,1,57,,295456,15,,,1,8,,295457,11,0,7 40 41,1,17,,295458,8,0,53 38 9,1,8,,295459,11,0,7 40 41,1,57,,295460,15,,,1,8,,295461,11,0,7 40 41,1,12,,295462,15,,,1,13,,295463,11,0,7 40 41,1,17,,295464,8,0,53 38 9,1,53,,295465,11,0,7 40 41,1,10,,295466,15,,,1,10,,295467,4,0,31 40 41,1,10,,295468,11,0,7 40 41,1,17,,295469,8,0,53 38 9,1,50,,295470,11,0,7 40 41,1,18,,295471,4,0,31 40 41,1,12,,295472,15,,,1,10,,295474,4,0,31 40 41,1,10,,295473,11,0,7 40 41,1,50,,295475,15,,,1,10,,295476,4,0,31 40 41,1,5,,295477,11,0,57 40 41,1,10,,295478,4,0,31 40 41,1,5,,295479,11,0,7 40 41,1,10,,295480,15,,,1,10,,295481,4,0,31 40 41,1,3,,295482,11,0,57 40 41,1,47,,295483,11,0,7 40 41,1,11,,295484,15,,,1,10,,295485,11,0,57 40 41,1,9,,295486,11,0,7 40 41,1,8,,295487,15,,,1,5,,295488,4,0,31 40 41,1,12,,295489,11,0,7 40 41,1,56,,295490,15,,,1,14,,295491,4,0,31 40 41,1,13,,295492,11,0,7 40 41,1,13,,295493,15,,,1,57,,295494,11,0,7 40 41,1,13,,295496,11,0,7 40 41,1,15,,295495,15,,,1,17,,295497,15,,,1,48,,295498,11,0,7 40 41,1,17,,295499,15,,,1,13,,295500,11,0,7 40 41,1,12,,295501,15,,,1,63,,295502,11,0,7 40 41,1,35,,295503,15,,,1,89,,295504,15,,,1
4101,'20261116',616,,295505,15,,,1,22,,295506,8,0,53 38 9,1,75,,295507,15,,,1,32,,295508,15,,,1,55,,295509,8,0,5 55 43,1,30,,295510,15,,,1,70,,295511,15,,,1,30,,295512,15,,,1,70,,295513,15,,,1,25,,295514,15,,,1,75,,295515,15,,,1,37,,295516,15,,,1,75,,295517,15,,,1,13,,295518,11,0,7 40 41,1,17,,295519,15,,,1,13,,295520,11,0,7 40 41,1,57,,295521,15,,,1,8,,295522,11,0,7 40 41,1,17,,295523,8,0,53 38 9,1,8,,295524,11,0,7 40 41,1,57,,295525,15,,,1,8,,295526,11,0,7 40 41,1,12,,295527,15,,,1,13,,295528,11,0,7 40 41,1,17,,295529,8,0,53 38 9,1,53,,295530,11,0,7 40 41,1,10,,295531,15,,,1,10,,295532,4,0,31 40 41,1,10,,295533,11,0,7 40 41,1,17,,295534,8,0,53 38 9,1,50,,295535,11,0,7 40 41,1,18,,295536,4,0,31 40 41,1,12,,295537,15,,,1,10,,295539,4,0,31 40 41,1,10,,295538,11,0,7 40 41,1,50,,295540,15,,,1,10,,295541,4,0,31 40 41,1,5,,295542,11,0,57 40 41,1,10,,295543,4,0,31 40 41,1,5,,295544,11,0,7 40 41,1,10,,295545,15,,,1,10,,295546,4,0,31 40 41,1,3,,295547,11,0,57 40 41,1,47,,295548,11,0,7 40 41,1,11,,295549,15,,,1,10,,295550,11,0,57 40 41,1,9,,295551,11,0,7 40 41,1,8,,295552,15,,,1,5,,295553,4,0,31 40 41,1,12,,295554,11,0,7 40 41,1,56,,295555,15,,,1,14,,295556,4,0,31 40 41,1,13,,295557,11,0,7 40 41,1,13,,295558,15,,,1,57,,295559,11,0,7 40 41,1,13,,295561,11,0,7 40 41,1,15,,295560,15,,,1,17,,295562,15,,,1,48,,295563,11,0,7 40 41,1,17,,295564,15,,,1,13,,295565,11,0,7 40 41,1,12,,295566,15,,,1,63,,295567,11,0,7 40 41,1,35,,295568,15,,,1,89,,295569,15,,,1
4101,'20261117',616,,295570,15,,,1,22,,295571,8,0,53 38 9,1,75,,295572,15,,,1,32,,295573,15,,,1,55,,295574,8,0,5 55 43,1,30,,295575,15,,,1,70,,295576,15,,,1,30,,295577,15,,,1,70,,295578,15,,,1,25,,295579,15,,,1,75,,295580,15,,,1,37,,295581,15,,,1,75,,295582,15,,,1,13,,295583,11,0,7 40 41,1,17,,295584,15,,,1,13,,295585,11,0,7 40 41,1,57,,295586,15,,,1,8,,295587,11,0,7 40 41,1,17,,295588,8,0,53 38 9,1,8,,295589,11,0,7 40 41,1,57,,295590,15,,,1,8,,295591,11,0,7 40 41,1,12,,295592,15,,,1,13,,295593,11,0,7 40 41,1,17,,295594,8,0,53 38 9,1,53,,295595,11,0,7 40 41,1,10,,295596,15,,,1,10,,295597,4,0,31 40 41,1,10,,295598,11,0,7 40 41,1,17,,295599,8,0,53 38 9,1,50,,295600,11,0,7 40 41,1,18,,295601,4,0,31 40 41,1,12,,295602,15,,,1,10,,295604,4,0,31 40 41,1,10,,295603,11,0,7 40 41,1,50,,295605,15,,,1,10,,295606,4,0,31 40 41,1,5,,295607,11,0,57 40 41,1,10,,295608,4,0,31 40 41,1,5,,295609,11,0,7 40 41,1,10,,295610,15,,,1,10,,295611,4,0,31 40 41,1,3,,295612,11,0,57 40 41,1,47,,295613,11,0,7 40 41,1,11,,295614,15,,,1,10,,295615,11,0,57 40 41,1,9,,295616,11,0,7 40 41,1,8,,295617,15,,,1,5,,295618,4,0,31 40 41,1,12,,295619,11,0,7 40 41,1,56,,295620,15,,,1,14,,295621,4,0,31 40 41,1,13,,295622,11,0,7 40 41,1,13,,295623,15,,,1,57,,295624,11,0,7 40 41,1,13,,295626,11,0,7 40 41,1,15,,295625,15,,,1,17,,295627,15,,,1,48,,295628,11,0,7 40 41,1,17,,295629,15,,,1,13,,295630,11,0,7 40 41,1,12,,295631,15,,,1,63,,295632,11,0,7 40 41,1,35,,295633,15,,,1,89,,295634,15,,,1
4101,'20261118',616,,295635,15,,,1,22,,295636,8,0,53 38 9,1,75,,295637,15,,,1,32,,295638,15,,,1,55,,295639,8,0,5 55 43,1,30,,295640,15,,,1,70,,295641,15,,,1,30,,295642,15,,,1,70,,295643,15,,,1,25,,295644,15,,,1,75,,295645,15,,,1,37,,295646,15,,,1,75,,295647,15,,,1,13,,295648,11,0,7 40 41,1,17,,295649,15,,,1,13,,295650,11,0,7 40 41,1,57,,295651,15,,,1,8,,295652,11,0,7 40 41,1,17,,295653,8,0,53 38 9,1,8,,295654,11,0,7 40 41,1,57,,295655,15,,,1,8,,295656,11,0,7 40 41,1,12,,295657,15,,,1,13,,295658,11,0,7 40 41,1,17,,295659,8,0,53 38 9,1,53,,295660,11,0,7 40 41,1,10,,295661,15,,,1,10,,295662,4,0,31 40 41,1,10,,295663,11,0,7 40 41,1,17,,295664,8,0,53 38 9,1,50,,295665,11,0,7 40 41,1,18,,295666,4,0,31 40 41,1,12,,295667,15,,,1,10,,295669,4,0,31 40 41,1,10,,295668,11,0,7 40 41,1,50,,295670,15,,,1,10,,295671,4,0,31 40 41,1,5,,295672,11,0,57 40 41,1,10,,295673,4,0,31 40 41,1,5,,295674,11,0,7 40 41,1,10,,295675,15,,,1,10,,295676,4,0,31 40 41,1,3,,295677,11,0,57 40 41,1,47,,295678,11,0,7 40 41,1,11,,295679,15,,,1,10,,295680,11,0,57 40 41,1,9,,295681,11,0,7 40 41,1,8,,295682,15,,,1,5,,295683,4,0,31 40 41,1,12,,295684,11,0,7 40 41,1,56,,295685,15,,,1,14,,295686,4,0,31 40 41,1,13,,295687,11,0,7 40 41,1,13,,295688,15,,,1,57,,295689,11,0,7 40 41,1,13,,295691,11,0,7 40 41,1,15,,295690,15,,,1,17,,295692,15,,,1,48,,295693,11,0,7 40 41,1,17,,295694,15,,,1,13,,295695,11,0,7 40 41,1,12,,295696,15,,,1,63,,295697,11,0,7 40 41,1,35,,295698,15,,,1,89,,295699,15,,,1
4101,'20261119',616,,295700,15,,,1,22,,295701,8,0,53 38 9,1,75,,295702,15,,,1,32,,295703,15,,,1,55,,295704,8,0,5 55 43,1,30,,295705,15,,,1,70,,295706,15,,,1,30,,295707,15,,,1,70,,295708,15,,,1,25,,295709,15,,,1,75,,295710,15,,,1,37,,295711,15,,,1,75,,295712,15,,,1,13,,295713,11,0,7 40 41,1,17,,295714,15,,,1,13,,295715,11,0,7 40 41,1,57,,295716,15,,,1,8,,295717,11,0,7 40 41,1,17,,295718,8,0,53 38 9,1,8,,295719,11,0,7 40 41,1,57,,295720,15,,,1,8,,295721,11,0,7 40 41,1,12,,295722,15,,,1,13,,295723,11,0,7 40 41,1,17,,295724,8,0,53 38 9,1,53,,295725,11,0,7 40 41,1,10,,295726,15,,,1,10,,295727,4,0,31 40 41,1,10,,295728,11,0,7 40 41,1,17,,295729,8,0,53 38 9,1,50,,295730,11,0,7 40 41,1,18,,295731,4,0,31 40 41,1,12,,295732,15,,,1,10,,295734,4,0,31 40 41,1,10,,295733,11,0,7 40 41,1,50,,295735,15,,,1,10,,295736,4,0,31 40 41,1,5,,295737,11,0,57 40 41,1,10,,295738,4,0,31 40 41,1,5,,295739,11,0,7 40 41,1,10,,295740,15,,,1,10,,295741,4,0,31 40 41,1,3,,295742,11,0,57 40 41,1,47,,295743,11,0,7 40 41,1,11,,295744,15,,,1,10,,295745,11,0,57 40 41,1,9,,295746,11,0,7 40 41,1,8,,295747,15,,,1,5,,295748,4,0,31 40 41,1,12,,295749,11,0,7 40 41,1,56,,295750,15,,,1,14,,295751,4,0,31 40 41,1,13,,295752,11,0,7 40 41,1,13,,295753,15,,,1,57,,295754,11,0,7 40 41,1,13,,295756,11,0,7 40 41,1,15,,295755,15,,,1,17,,295757,15,,,1,48,,295758,11,0,7 40 41,1,17,,295759,15,,,1,13,,295760,11,0,7 40 41,1,12,,295761,15,,,1,63,,295762,11,0,7 40 41,1,35,,295763,15,,,1,89,,295764,15,,,1
4101,'20261120',616,,295765,15,,,1,22,,295766,8,0,53 38 9,1,75,,295767,15,,,1,32,,295768,15,,,1,55,,295769,8,0,5 55 43,1,30,,295770,15,,,1,70,,295771,15,,,1,30,,295772,15,,,1,70,,295773,15,,,1,25,,295774,15,,,1,75,,295775,15,,,1,37,,295776,15,,,1,75,,295777,15,,,1,13,,295778,11,0,7 40 41,1,17,,295779,15,,,1,13,,295780,11,0,7 40 41,1,57,,295781,15,,,1,8,,295782,11,0,7 40 41,1,17,,295783,8,0,53 38 9,1,8,,295784,11,0,7 40 41,1,57,,295785,15,,,1,8,,295786,11,0,7 40 41,1,12,,295787,15,,,1,13,,295788,11,0,7 40 41,1,17,,295789,8,0,53 38 9,1,53,,295790,11,0,7 40 41,1,10,,295791,15,,,1,10,,295792,4,0,31 40 41,1,10,,295793,11,0,7 40 41,1,17,,295794,8,0,53 38 9,1,50,,295795,11,0,7 40 41,1,18,,295796,4,0,31 40 41,1,12,,295797,15,,,1,10,,295799,4,0,31 40 41,1,10,,295798,11,0,7 40 41,1,50,,295800,15,,,1,10,,295801,4,0,31 40 41,1,5,,295802,11,0,57 40 41,1,10,,295803,4,0,31 40 41,1,5,,295804,11,0,7 40 41,1,10,,295805,15,,,1,10,,295806,4,0,31 40 41,1,3,,295807,11,0,57 40 41,1,47,,295808,11,0,7 40 41,1,11,,295809,15,,,1,10,,295810,11,0,57 40 41,1,9,,295811,11,0,7 40 41,1,8,,295812,15,,,1,5,,295813,4,0,31 40 41,1,12,,295814,11,0,7 40 41,1,56,,295815,15,,,1,14,,295816,4,0,31 40 41,1,13,,295817,11,0,7 40 41,1,13,,295818,15,,,1,57,,295819,11,0,7 40 41,1,13,,295821,11,0,7 40 41,1,15,,295820,15,,,1,17,,295822,15,,,1,48,,295823,11,0,7 40 41,1,17,,295824,15,,,1,13,,295825,11,0,7 40 41,1,12,,295826,15,,,1,63,,295827,11,0,7 40 41,1,35,,295828,15,,,1,89,,295829,15,,,1
4101,'20261123',616,,295830,15,,,1,22,,295831,8,0,53 38 9,1,75,,295832,15,,,1,32,,295833,15,,,1,55,,295834,8,0,5 55 43,1,30,,295835,15,,,1,70,,295836,15,,,1,30,,295837,15,,,1,70,,295838,15,,,1,25,,295839,15,,,1,75,,295840,15,,,1,37,,295841,15,,,1,75,,295842,15,,,1,13,,295843,11,0,7 40 41,1,17,,295844,15,,,1,13,,295845,11,0,7 40 41,1,57,,295846,15,,,1,8,,295847,11,0,7 40 41,1,17,,295848,8,0,53 38 9,1,8,,295849,11,0,7 40 41,1,57,,295850,15,,,1,8,,295851,11,0,7 40 41,1,12,,295852,15,,,1,13,,295853,11,0,7 40 41,1,17,,295854,8,0,53 38 9,1,53,,295855,11,0,7 40 41,1,10,,295856,15,,,1,10,,295857,4,0,31 40 41,1,10,,295858,11,0,7 40 41,1,17,,295859,8,0,53 38 9,1,50,,295860,11,0,7 40 41,1,18,,295861,4,0,31 40 41,1,12,,295862,15,,,1,10,,295864,4,0,31 40 41,1,10,,295863,11,0,7 40 41,1,50,,295865,15,,,1,10,,295866,4,0,31 40 41,1,5,,295867,11,0,57 40 41,1,10,,295868,4,0,31 40 41,1,5,,295869,11,0,7 40 41,1,10,,295870,15,,,1,10,,295871,4,0,31 40 41,1,3,,295872,11,0,57 40 41,1,47,,295873,11,0,7 40 41,1,11,,295874,15,,,1,10,,295875,11,0,57 40 41,1,9,,295876,11,0,7 40 41,1,8,,295877,15,,,1,5,,295878,4,0,31 40 41,1,12,,295879,11,0,7 40 41,1,56,,295880,15,,,1,14,,295881,4,0,31 40 41,1,13,,295882,11,0,7 40 41,1,13,,295883,15,,,1,57,,295884,11,0,7 40 41,1,13,,295886,11,0,7 40 41,1,15,,295885,15,,,1,17,,295887,15,,,1,48,,295888,11,0,7 40 41,1,17,,295889,15,,,1,13,,295890,11,0,7 40 41,1,12,,295891,15,,,1,63,,295892,11,0,7 40 41,1,35,,295893,15,,,1,89,,295894,15,,,1
4101,'20261124',616,,295895,15,,,1,22,,295896,8,0,53 38 9,1,75,,295897,15,,,1,32,,295898,15,,,1,55,,295899,8,0,5 55 43,1,30,,295900,15,,,1,70,,295901,15,,,1,30,,295902,15,,,1,70,,295903,15,,,1,25,,295904,15,,,1,75,,295905,15,,,1,37,,295906,15,,,1,75,,295907,15,,,1,13,,295908,11,0,7 40 41,1,17,,295909,15,,,1,13,,295910,11,0,7 40 41,1,57,,295911,15,,,1,8,,295912,11,0,7 40 41,1,17,,295913,8,0,53 38 9,1,8,,295914,11,0,7 40 41,1,57,,295915,15,,,1,8,,295916,11,0,7 40 41,1,12,,295917,15,,,1,13,,295918,11,0,7 40 41,1,17,,295919,8,0,53 38 9,1,53,,295920,11,0,7 40 41,1,10,,295921,15,,,1,10,,295922,4,0,31 40 41,1,10,,295923,11,0,7 40 41,1,17,,295924,8,0,53 38 9,1,50,,295925,11,0,7 40 41,1,18,,295926,4,0,31 40 41,1,12,,295927,15,,,1,10,,295929,4,0,31 40 41,1,10,,295928,11,0,7 40 41,1,50,,295930,15,,,1,10,,295931,4,0,31 40 41,1,5,,295932,11,0,57 40 41,1,10,,295933,4,0,31 40 41,1,5,,295934,11,0,7 40 41,1,10,,295935,15,,,1,10,,295936,4,0,31 40 41,1,3,,295937,11,0,57 40 41,1,47,,295938,11,0,7 40 41,1,11,,295939,15,,,1,10,,295940,11,0,57 40 41,1,9,,295941,11,0,7 40 41,1,8,,295942,15,,,1,5,,295943,4,0,31 40 41,1,12,,295944,11,0,7 40 41,1,56,,295945,15,,,1,14,,295946,4,0,31 40 41,1,13,,295947,11,0,7 40 41,1,13,,295948,15,,,1,57,,295949,11,0,7 40 41,1,13,,295951,11,0,7 40 41,1,15,,295950,15,,,1,17,,295952,15,,,1,48,,295953,11,0,7 40 41,1,17,,295954,15,,,1,13,,295955,11,0,7 40 41,1,12,,295956,15,,,1,63,,295957,11,0,7 40 41,1,35,,295958,15,,,1,89,,295959,15,,,1
4101,'20261125',616,,295960,15,,,1,22,,295961,8,0,53 38 9,1,75,,295962,15,,,1,32,,295963,15,,,1,55,,295964,8,0,5 55 43,1,30,,295965,15,,,1,70,,295966,15,,,1,30,,295967,15,,,1,70,,295968,15,,,1,25,,295969,15,,,1,75,,295970,15,,,1,37,,295971,15,,,1,75,,295972,15,,,1,13,,295973,11,0,7 40 41,1,17,,295974,15,,,1,13,,295975,11,0,7 40 41,1,57,,295976,15,,,1,8,,295977,11,0,7 40 41,1,17,,295978,8,0,53 38 9,1,8,,295979,11,0,7 40 41,1,57,,295980,15,,,1,8,,295981,11,0,7 40 41,1,12,,295982,15,,,1,13,,295983,11,0,7 40 41,1,17,,295984,8,0,53 38 9,1,53,,295985,11,0,7 40 41,1,10,,295986,15,,,1,10,,295987,4,0,31 40 41,1,10,,295988,11,0,7 40 41,1,17,,295989,8,0,53 38 9,1,50,,295990,11,0,7 40 41,1,18,,295991,4,0,31 40 41,1,12,,295992,15,,,1,10,,295994,4,0,31 40 41,1,10,,295993,11,0,7 40 41,1,50,,295995,15,,,1,10,,295996,4,0,31 40 41,1,5,,295997,11,0,57 40 41,1,10,,295998,4,0,31 40 41,1,5,,295999,11,0,7 40 41,1,10,,296000,15,,,1,10,,296001,4,0,31 40 41,1,3,,296002,11,0,57 40 41,1,47,,296003,11,0,7 40 41,1,11,,296004,15,,,1,10,,296005,11,0,57 40 41,1,9,,296006,11,0,7 40 41,1,8,,296007,15,,,1,5,,296008,4,0,31 40 41,1,12,,296009,11,0,7 40 41,1,56,,296010,15,,,1,14,,296011,4,0,31 40 41,1,13,,296012,11,0,7 40 41,1,13,,296013,15,,,1,57,,296014,11,0,7 40 41,1,13,,296016,11,0,7 40 41,1,15,,296015,15,,,1,17,,296017,15,,,1,48,,296018,11,0,7 40 41,1,17,,296019,15,,,1,13,,296020,11,0,7 40 41,1,12,,296021,15,,,1,63,,296022,11,0,7 40 41,1,35,,296023,15,,,1,89,,296024,15,,,1
4101,'20261126',616,,296025,15,,,1,22,,296026,8,0,53 38 9,1,75,,296027,15,,,1,32,,296028,15,,,1,55,,296029,8,0,5 55 43,1,30,,296030,15,,,1,70,,296031,15,,,1,30,,296032,15,,,1,70,,296033,15,,,1,25,,296034,15,,,1,75,,296035,15,,,1,37,,296036,15,,,1,75,,296037,15,,,1,13,,296038,11,0,7 40 41,1,17,,296039,15,,,1,13,,296040,11,0,7 40 41,1,57,,296041,15,,,1,8,,296042,11,0,7 40 41,1,17,,296043,8,0,53 38 9,1,8,,296044,11,0,7 40 41,1,57,,296045,15,,,1,8,,296046,11,0,7 40 41,1,12,,296047,15,,,1,13,,296048,11,0,7 40 41,1,17,,296049,8,0,53 38 9,1,53,,296050,11,0,7 40 41,1,10,,296051,15,,,1,10,,296052,4,0,31 40 41,1,10,,296053,11,0,7 40 41,1,17,,296054,8,0,53 38 9,1,50,,296055,11,0,7 40 41,1,18,,296056,4,0,31 40 41,1,12,,296057,15,,,1,10,,296059,4,0,31 40 41,1,10,,296058,11,0,7 40 41,1,50,,296060,15,,,1,10,,296061,4,0,31 40 41,1,5,,296062,11,0,57 40 41,1,10,,296063,4,0,31 40 41,1,5,,296064,11,0,7 40 41,1,10,,296065,15,,,1,10,,296066,4,0,31 40 41,1,3,,296067,11,0,57 40 41,1,47,,296068,11,0,7 40 41,1,11,,296069,15,,,1,10,,296070,11,0,57 40 41,1,9,,296071,11,0,7 40 41,1,8,,296072,15,,,1,5,,296073,4,0,31 40 41,1,12,,296074,11,0,7 40 41,1,56,,296075,15,,,1,14,,296076,4,0,31 40 41,1,13,,296077,11,0,7 40 41,1,13,,296078,15,,,1,57,,296079,11,0,7 40 41,1,13,,296081,11,0,7 40 41,1,15,,296080,15,,,1,17,,296082,15,,,1,48,,296083,11,0,7 40 41,1,17,,296084,15,,,1,13,,296085,11,0,7 40 41,1,12,,296086,15,,,1,63,,296087,11,0,7 40 41,1,35,,296088,15,,,1,89,,296089,15,,,1
4101,'20261127',616,,296090,15,,,1,22,,296091,8,0,53 38 9,1,75,,296092,15,,,1,32,,296093,15,,,1,55,,296094,8,0,5 55 43,1,30,,296095,15,,,1,70,,296096,15,,,1,30,,296097,15,,,1,70,,296098,15,,,1,25,,296099,15,,,1,75,,296100,15,,,1,37,,296101,15,,,1,75,,296102,15,,,1,13,,296103,11,0,7 40 41,1,17,,296104,15,,,1,13,,296105,11,0,7 40 41,1,57,,296106,15,,,1,8,,296107,11,0,7 40 41,1,17,,296108,8,0,53 38 9,1,8,,296109,11,0,7 40 41,1,57,,296110,15,,,1,8,,296111,11,0,7 40 41,1,12,,296112,15,,,1,13,,296113,11,0,7 40 41,1,17,,296114,8,0,53 38 9,1,53,,296115,11,0,7 40 41,1,10,,296116,15,,,1,10,,296117,4,0,31 40 41,1,10,,296118,11,0,7 40 41,1,17,,296119,8,0,53 38 9,1,50,,296120,11,0,7 40 41,1,18,,296121,4,0,31 40 41,1,12,,296122,15,,,1,10,,296124,4,0,31 40 41,1,10,,296123,11,0,7 40 41,1,50,,296125,15,,,1,10,,296126,4,0,31 40 41,1,5,,296127,11,0,57 40 41,1,10,,296128,4,0,31 40 41,1,5,,296129,11,0,7 40 41,1,10,,296130,15,,,1,10,,296131,4,0,31 40 41,1,3,,296132,11,0,57 40 41,1,47,,296133,11,0,7 40 41,1,11,,296134,15,,,1,10,,296135,11,0,57 40 41,1,9,,296136,11,0,7 40 41,1,8,,296137,15,,,1,5,,296138,4,0,31 40 41,1,12,,296139,11,0,7 40 41,1,56,,296140,15,,,1,14,,296141,4,0,31 40 41,1,13,,296142,11,0,7 40 41,1,13,,296143,15,,,1,57,,296144,11,0,7 40 41,1,13,,296146,11,0,7 40 41,1,15,,296145,15,,,1,17,,296147,15,,,1,48,,296148,11,0,7 40 41,1,17,,296149,15,,,1,13,,296150,11,0,7 40 41,1,12,,296151,15,,,1,63,,296152,11,0,7 40 41,1,35,,296153,15,,,1,89,,296154,15,,,1
4700,'20260905',1550,,297333,16,4,,1
4700,'20260906',1550,,297368,16,4,,1
4700,'20260907',1550,,297403,16,4,,1
4700,'20260912',1550,,297611,16,4,,1
4700,'20260913',1550,,297646,16,4,,1
4700,'20260919',1550,,297896,16,4,,1
4700,'20260920',1550,,297931,16,4,,1
4700,'20260926',1550,,298181,16,4,,1
4700,'20260927',1550,,298216,16,4,,1
4700,'20261003',1550,,298466,16,4,,1
4700,'20261004',1550,,298501,16,4,,1
4700,'20261010',1550,,298751,16,4,,1
4700,'20261011',1550,,298786,16,4,,1
4700,'20261012',1550,,298821,16,4,,1
4700,'20261017',1550,,299029,16,4,,1
4700,'20261018',1550,,299064,16,4,,1
4700,'20261024',1550,,299314,16,4,,1
4700,'20261025',1550,,299349,16,4,,1
4700,'20261031',1550,,299599,16,4,,1
4700,'20261101',1550,,299634,16,4,,1
4700,'20261107',1550,,299884,16,4,,1
4700,'20261108',1550,,299919,16,4,,1
4700,'20261114',1550,,300169,16,4,,1
4700,'20261115',1550,,300204,16,4,,1
4700,'20261121',1550,,300454,16,4,,1
4700,'20261122',1550,,300489,16,4,,1
4701,'20260831',445,,194972,1,,,1,95,,194973,1,,,1,65,,194974,1,,,1,35,,194975,1,0,34 55 43,1,65,,194977,1,0,34 55 43,1,35,,194979,1,0,34 55 43,1,60,,194981,1,0,34 55 43,1,20,,194982,1,0,34 55 43,1,20,,194984,1,0,34 55 43,1,105,,194985,1,0,34 55 43,1,210,,194986,1,,,1,1355,,194988,1,,,1
4701,'20260901',445,,194989,1,,,1,95,,194990,1,,,1,65,,194991,1,,,1,35,,194992,1,0,34 55 43,1,65,,194994,1,0,34 55 43,1,35,,194996,1,0,34 55 43,1,60,,194998,1,0,34 55 43,1,20,,194999,1,0,34 55 43,1,20,,195001,1,0,34 55 43,1,105,,195002,1,0,34 55 43,1,210,,195003,1,,,1,1355,,195005,1,,,1
4701,'20260902',445,,195006,1,,,1,95,,195007,1,,,1,65,,195008,1,,,1,35,,195009,1,0,34 55 43,1,65,,195011,1,0,34 55 43,1,35,,195013,1,0,34 55 43,1,60,,195015,1,0,34 55 43,1,20,,195016,1,0,34 55 43,1,20,,195018,1,0,34 55 43,1,105,,195019,1,0,34 55 43,1,210,,195020,1,,,1,1355,,195022,1,,,1
4701,'20260903',445,,195023,1,,,1,95,,195024,1,,,1,65,,195025,1,,,1,35,,195026,1,0,34 55 43,1,65,,195028,1,0,34 55 43,1,35,,195030,1,0,34 55 43,1,60,,195032,1,0,34 55 43,1,20,,195033,1,0,34 55 43,1,20,,195035,1,0,34 55 43,1,105,,195036,1,0,34 55 43,1,210,,195037,1,,,1,1355,,195039,1,,,1
4701,'20260904',445,,195040,1,,,1,95,,195041,1,,,1,65,,195042,1,,,1,35,,195043,1,0,34 55 43,1,65,,195045,1,0,34 55 43,1,35,,195047,1,0,34 55 43,1,60,,195049,1,0,34 55 43,1,20,,195050,1,0,34 55 43,1,20,,195052,1,0,34 55 43,1,105,,195053,1,0,34 55 43,1,210,,195054,1,,,1,1355,,195056,1,,,1
4701,'20260905',640,,300721,1,,,1,70,,300722,1,,,1,30,,300723,1,,,1,70,,300724,1,,,1,25,,300725,1,,,1,20,,300726,1,,,1,80,,300727,1,,,1,75,,300728,1,,,1,30,,300729,1,,,1,70,,300730,1,,,1,30,,300731,1,,,1,70,,300732,1,,,1,30,,300733,1,,,1,70,,300734,1,,,1,30,,300735,1,,,1,70,,300736,1,,,1,30,,300737,1,,,1,70,,300738,1,,,1,30,,300739,1,,,1,70,,300740,1,,,1,30,,300741,1,,,1,70,,300742,1,,,1,30,,300743,1,,,1,70,,300744,1,,,1,30,,300745,1,,,1,70,,300746,1,,,1,30,,300747,1,,,1,70,,300748,1,,,1,30,,300749,1,,,1,70,,300750,1,,,1,30,,300751,1,,,1,70,,300752,1,,,1,30,,300753,1,,,1,170,,300754,1,,,1,100,,300755,1,,,1
4701,'20260906',640,,300756,1,,,1,70,,300757,1,,,1,30,,300758,1,,,1,70,,300759,1,,,1,25,,300760,1,,,1,20,,300761,1,,,1,80,,300762,1,,,1,75,,300763,1,,,1,30,,300764,1,,,1,70,,300765,1,,,1,30,,300766,1,,,1,70,,300767,1,,,1,30,,300768,1,,,1,70,,300769,1,,,1,30,,300770,1,,,1,70,,300771,1,,,1,30,,300772,1,,,1,70,,300773,1,,,1,30,,300774,1,,,1,70,,300775,1,,,1,30,,300776,1,,,1,70,,300777,1,,,1,30,,300778,1,,,1,70,,300779,1,,,1,30,,300780,1,,,1,70,,300781,1,,,1,30,,300782,1,,,1,70,,300783,1,,,1,30,,300784,1,,,1,70,,300785,1,,,1,30,,300786,1,,,1,70,,300787,1,,,1,30,,300788,1,,,1,170,,300789,1,,,1,100,,300790,1,,,1
4701,'20260907',640,,300791,1,,,1,70,,300792,1,,,1,30,,300793,1,,,1,70,,300794,1,,,1,25,,300795,1,,,1,20,,300796,1,,,1,80,,300797,1,,,1,75,,300798,1,,,1,30,,300799,1,,,1,70,,300800,1,,,1,30,,300801,1,,,1,70,,300802,1,,,1,30,,300803,1,,,1,70,,300804,1,,,1,30,,300805,1,,,1,70,,300806,1,,,1,30,,300807,1,,,1,70,,300808,1,,,1,30,,300809,1,,,1,70,,300810,1,,,1,30,,300811,1,,,1,70,,300812,1,,,1,30,,300813,1,,,1,70,,300814,1,,,1,30,,300815,1,,,1,70,,300816,1,,,1,30,,300817,1,,,1,70,,300818,1,,,1,30,,300819,1,,,1,70,,300820,1,,,1,30,,300821,1,,,1,70,,300822,1,,,1,30,,300823,1,,,1,170,,300824,1,,,1,100,,300825,1,,,1
4701,'20260908',445,,300826,1,,,1,85,,300827,1,,,1,25,,300828,1,,,1,90,,300835,1,0,34 55 43,1,5,,300836,1,0,34 55 43,1,55,,300838,1,0,34 55 43,1,25,,300841,1,0,34 55 43,1,10,,300843,1,0,34 55 43,1,80,,300846,1,0,34 55 43,1,20,,300849,1,0,34 55 43,1,15,,300850,1,0,34 55 43,1,60,,300852,1,0,34 55 43,1,25,,300854,1,0,34 55 43,1,10,,300856,1,0,34 55 43,1,65,,300858,1,0,34 55 43,1,20,,300860,1,0,34 55 43,1,10,,300861,1,0,34 55 43,1,75,,300863,1,0,34 55 43,1,30,,300865,1,0,34 55 43,1,70,,300867,1,0,34 55 43,1,1290,,300870,1,,,1
4701,'20260909',445,,300871,1,,,1,85,,300872,1,,,1,25,,300873,1,,,1,90,,300880,1,0,34 55 43,1,5,,300881,1,0,34 55 43,1,55,,300883,1,0,34 55 43,1,25,,300886,1,0,34 55 43,1,10,,300888,1,0,34 55 43,1,80,,300891,1,0,34 55 43,1,20,,300894,1,0,34 55 43,1,15,,300895,1,0,34 55 43,1,60,,300897,1,0,34 55 43,1,25,,300899,1,0,34 55 43,1,10,,300901,1,0,34 55 43,1,65,,300903,1,0,34 55 43,1,20,,300905,1,0,34 55 43,1,10,,300906,1,0,34 55 43,1,75,,300908,1,0,34 55 43,1,30,,300910,1,0,34 55 43,1,70,,300912,1,0,34 55 43,1,1290,,300915,1,,,1
4701,'20260910',445,,300916,1,,,1,85,,300917,1,,,1,25,,300918,1,,,1,90,,300925,1,0,34 55 43,1,5,,300926,1,0,34 55 43,1,55,,300928,1,0,34 55 43,1,25,,300931,1,0,34 55 43,1,10,,300933,1,0,34 55 43,1,80,,300936,1,0,34 55 43,1,20,,300939,1,0,34 55 43,1,15,,300940,1,0,34 55 43,1,60,,300942,1,0,34 55 43,1,25,,300944,1,0,34 55 43,1,10,,300946,1,0,34 55 43,1,65,,300948,1,0,34 55 43,1,20,,300950,1,0,34 55 43,1,10,,300951,1,0,34 55 43,1,75,,300953,1,0,34 55 43,1,30,,300955,1,0,34 55 43,1,70,,300957,1,0,34 55 43,1,1290,,300960,1,,,1
4701,'20260911',445,,300961,1,,,1,85,,300962,1,,,1,25,,300963,1,,,1,90,,300970,1,0,34 55 43,1,5,,300971,1,0,34 55 43,1,55,,300973,1,0,34 55 43,1,25,,300976,1,0,34 55 43,1,10,,300978,1,0,34 55 43,1,80,,300981,1,0,34 55 43,1,20,,300984,1,0,34 55 43,1,15,,300985,1,0,34 55 43,1,60,,300987,1,0,34 55 43,1,25,,300989,1,0,34 55 43,1,10,,300991,1,0,34 55 43,1,65,,300993,1,0,34 55 43,1,20,,300995,1,0,34 55 43,1,10,,300996,1,0,34 55 43,1,75,,300998,1,0,34 55 43,1,30,,301000,1,0,34 55 43,1,70,,301002,1,0,34 55 43,1,1290,,301010,1,,,1
4701,'20260912',640,,301011,1,,,1,70,,301012,1,,,1,30,,301013,1,,,1,70,,301014,1,,,1,25,,301015,1,,,1,20,,301016,1,,,1,80,,301017,1,,,1,75,,301018,1,,,1,30,,301019,1,,,1,70,,301020,1,,,1,30,,301021,1,,,1,70,,301022,1,,,1,30,,301023,1,,,1,70,,301024,1,,,1,30,,301025,1,,,1,70,,301026,1,,,1,30,,301027,1,,,1,70,,301028,1,,,1,30,,301029,1,,,1,70,,301030,1,,,1,30,,301031,1,,,1,70,,301032,1,,,1,30,,301033,1,,,1,70,,301034,1,,,1,30,,301035,1,,,1,70,,301036,1,,,1,30,,301037,1,,,1,70,,301038,1,,,1,30,,301039,1,,,1,70,,301040,1,,,1,30,,301041,1,,,1,70,,301042,1,,,1,30,,301043,1,,,1,170,,301044,1,,,1,100,,301045,1,,,1
4701,'20260913',640,,301046,1,,,1,70,,301047,1,,,1,30,,301048,1,,,1,70,,301049,1,,,1,25,,301050,1,,,1,20,,301051,1,,,1,80,,301052,1,,,1,75,,301053,1,,,1,30,,301054,1,,,1,70,,301055,1,,,1,30,,301056,1,,,1,70,,301057,1,,,1,30,,301058,1,,,1,70,,301059,1,,,1,30,,301060,1,,,1,70,,301061,1,,,1,30,,301062,1,,,1,70,,301063,1,,,1,30,,301064,1,,,1,70,,301065,1,,,1,30,,301066,1,,,1,70,,301067,1,,,1,30,,301068,1,,,1,70,,301069,1,,,1,30,,301070,1,,,1,70,,301071,1,,,1,30,,301072,1,,,1,70,,301073,1,,,1,30,,301074,1,,,1,70,,301075,1,,,1,30,,301076,1,,,1,70,,301077,1,,,1,30,,301078,1,,,1,170,,301079,1,,,1,100,,301080,1,,,1
4701,'20260914',445,,301081,1,,,1,85,,301082,1,,,1,25,,301083,1,,,1,90,,301090,1,0,34 55 43,1,5,,301091,1,0,34 55 43,1,55,,301093,1,0,34 55 43,1,25,,301096,1,0,34 55 43,1,10,,301098,1,0,34 55 43,1,80,,301101,1,0,34 55 43,1,20,,301104,1,0,34 55 43,1,15,,301105,1,0,34 55 43,1,60,,301107,1,0,34 55 43,1,25,,301109,1,0,34 55 43,1,10,,301111,1,0,34 55 43,1,65,,301113,1,0,34 55 43,1,20,,301115,1,0,34 55 43,1,10,,301116,1,0,34 55 43,1,75,,301118,1,0,34 55 43,1,30,,301120,1,0,34 55 43,1,70,,301122,1,0,34 55 43,1,1290,,301125,1,,,1
4701,'20260915',445,,301126,1,,,1,85,,301127,1,,,1,25,,301128,1,,,1,90,,301135,1,0,34 55 43,1,5,,301136,1,0,34 55 43,1,55,,301138,1,0,34 55 43,1,25,,301141,1,0,34 55 43,1,10,,301143,1,0,34 55 43,1,80,,301146,1,0,34 55 43,1,20,,301149,1,0,34 55 43,1,15,,301150,1,0,34 55 43,1,60,,301152,1,0,34 55 43,1,25,,301154,1,0,34 55 43,1,10,,301156,1,0,34 55 43,1,65,,301158,1,0,34 55 43,1,20,,301160,1,0,34 55 43,1,10,,301161,1,0,34 55 43,1,75,,301163,1,0,34 55 43,1,30,,301165,1,0,34 55 43,1,70,,301167,1,0,34 55 43,1,1290,,301170,1,,,1
4701,'20260916',445,,301171,1,,,1,85,,301172,1,,,1,25,,301173,1,,,1,90,,301180,1,0,34 55 43,1,5,,301181,1,0,34 55 43,1,55,,301183,1,0,34 55 43,1,25,,301186,1,0,34 55 43,1,10,,301188,1,0,34 55 43,1,80,,301191,1,0,34 55 43,1,20,,301194,1,0,34 55 43,1,15,,301195,1,0,34 55 43,1,60,,301197,1,0,34 55 43,1,25,,301199,1,0,34 55 43,1,10,,301201,1,0,34 55 43,1,65,,301203,1,0,34 55 43,1,20,,301205,1,0,34 55 43,1,10,,301206,1,0,34 55 43,1,75,,301208,1,0,34 55 43,1,30,,301210,1,0,34 55 43,1,70,,301212,1,0,34 55 43,1,1290,,301215,1,,,1
4701,'20260917',445,,301216,1,,,1,85,,301217,1,,,1,25,,301218,1,,,1,90,,301225,1,0,34 55 43,1,5,,301226,1,0,34 55 43,1,55,,301228,1,0,34 55 43,1,25,,301231,1,0,34 55 43,1,10,,301233,1,0,34 55 43,1,80,,301236,1,0,34 55 43,1,20,,301239,1,0,34 55 43,1,15,,301240,1,0,34 55 43,1,60,,301242,1,0,34 55 43,1,25,,301244,1,0,34 55 43,1,10,,301246,1,0,34 55 43,1,65,,301248,1,0,34 55 43,1,20,,301250,1,0,34 55 43,1,10,,301251,1,0,34 55 43,1,75,,301253,1,0,34 55 43,1,30,,301255,1,0,34 55 43,1,70,,301257,1,0,34 55 43,1,1290,,301260,1,,,1
4701,'20260918',445,,301261,1,,,1,85,,301262,1,,,1,25,,301263,1,,,1,90,,301270,1,0,34 55 43,1,5,,301271,1,0,34 55 43,1,55,,301273,1,0,34 55 43,1,25,,301276,1,0,34 55 43,1,10,,301278,1,0,34 55 43,1,80,,301281,1,0,34 55 43,1,20,,301284,1,0,34 55 43,1,15,,301285,1,0,34 55 43,1,60,,301287,1,0,34 55 43,1,25,,301289,1,0,34 55 43,1,10,,301291,1,0,34 55 43,1,65,,301293,1,0,34 55 43,1,20,,301295,1,0,34 55 43,1,10,,301296,1,0,34 55 43,1,75,,301298,1,0,34 55 43,1,30,,301300,1,0,34 55 43,1,70,,301302,1,0,34 55 43,1,1290,,301310,1,,,1
4701,'20260919',640,,301311,1,,,1,70,,301312,1,,,1,30,,301313,1,,,1,70,,301314,1,,,1,25,,301315,1,,,1,20,,301316,1,,,1,80,,301317,1,,,1,75,,301318,1,,,1,30,,301319,1,,,1,70,,301320,1,,,1,30,,301321,1,,,1,70,,301322,1,,,1,30,,301323,1,,,1,70,,301324,1,,,1,30,,301325,1,,,1,70,,301326,1,,,1,30,,301327,1,,,1,70,,301328,1,,,1,30,,301329,1,,,1,70,,301330,1,,,1,30,,301331,1,,,1,70,,301332,1,,,1,30,,301333,1,,,1,70,,301334,1,,,1,30,,301335,1,,,1,70,,301336,1,,,1,30,,301337,1,,,1,70,,301338,1,,,1,30,,301339,1,,,1,70,,301340,1,,,1,30,,301341,1,,,1,70,,301342,1,,,1,30,,301343,1,,,1,170,,301344,1,,,1,100,,301345,1,,,1
4701,'20260920',640,,301346,1,,,1,70,,301347,1,,,1,30,,301348,1,,,1,70,,301349,1,,,1,25,,301350,1,,,1,20,,301351,1,,,1,80,,301352,1,,,1,75,,301353,1,,,1,30,,301354,1,,,1,70,,301355,1,,,1,30,,301356,1,,,1,70,,301357,1,,,1,30,,301358,1,,,1,70,,301359,1,,,1,30,,301360,1,,,1,70,,301361,1,,,1,30,,301362,1,,,1,70,,301363,1,,,1,30,,301364,1,,,1,70,,301365,1,,,1,30,,301366,1,,,1,70,,301367,1,,,1,30,,301368,1,,,1,70,,301369,1,,,1,30,,301370,1,,,1,70,,301371,1,,,1,30,,301372,1,,,1,70,,301373,1,,,1,30,,301374,1,,,1,70,,301375,1,,,1,30,,301376,1,,,1,70,,301377,1,,,1,30,,301378,1,,,1,170,,301379,1,,,1,100,,301380,1,,,1
4701,'20260921',445,,301381,1,,,1,85,,301382,1,,,1,25,,301383,1,,,1,90,,301390,1,0,34 55 43,1,5,,301391,1,0,34 55 43,1,55,,301393,1,0,34 55 43,1,25,,301396,1,0,34 55 43,1,10,,301398,1,0,34 55 43,1,80,,301401,1,0,34 55 43,1,20,,301404,1,0,34 55 43,1,15,,301405,1,0,34 55 43,1,60,,301407,1,0,34 55 43,1,25,,301409,1,0,34 55 43,1,10,,301411,1,0,34 55 43,1,65,,301413,1,0,34 55 43,1,20,,301415,1,0,34 55 43,1,10,,301416,1,0,34 55 43,1,75,,301418,1,0,34 55 43,1,30,,301420,1,0,34 55 43,1,70,,301422,1,0,34 55 43,1,1290,,301425,1,,,1
4701,'20260922',445,,301426,1,,,1,85,,301427,1,,,1,25,,301428,1,,,1,90,,301435,1,0,34 55 43,1,5,,301436,1,0,34 55 43,1,55,,301438,1,0,34 55 43,1,25,,301441,1,0,34 55 43,1,10,,301443,1,0,34 55 43,1,80,,301446,1,0,34 55 43,1,20,,301449,1,0,34 55 43,1,15,,301450,1,0,34 55 43,1,60,,301452,1,0,34 55 43,1,25,,301454,1,0,34 55 43,1,10,,301456,1,0,34 55 43,1,65,,301458,1,0,34 55 43,1,20,,301460,1,0,34 55 43,1,10,,301461,1,0,34 55 43,1,75,,301463,1,0,34 55 43,1,30,,301465,1,0,34 55 43,1,70,,301467,1,0,34 55 43,1,1290,,301470,1,,,1
4701,'20260923',445,,301471,1,,,1,85,,301472,1,,,1,25,,301473,1,,,1,90,,301480,1,0,34 55 43,1,5,,301481,1,0,34 55 43,1,55,,301483,1,0,34 55 43,1,25,,301486,1,0,34 55 43,1,10,,301488,1,0,34 55 43,1,80,,301491,1,0,34 55 43,1,20,,301494,1,0,34 55 43,1,15,,301495,1,0,34 55 43,1,60,,301497,1,0,34 55 43,1,25,,301499,1,0,34 55 43,1,10,,301501,1,0,34 55 43,1,65,,301503,1,0,34 55 43,1,20,,301505,1,0,34 55 43,1,10,,301506,1,0,34 55 43,1,75,,301508,1,0,34 55 43,1,30,,301510,1,0,34 55 43,1,70,,301512,1,0,34 55 43,1,1290,,301515,1,,,1
4701,'20260924',445,,301516,1,,,1,85,,301517,1,,,1,25,,301518,1,,,1,90,,301525,1,0,34 55 43,1,5,,301526,1,0,34 55 43,1,55,,301528,1,0,34 55 43,1,25,,301531,1,0,34 55 43,1,10,,301533,1,0,34 55 43,1,80,,301536,1,0,34 55 43,1,20,,301539,1,0,34 55 43,1,15,,301540,1,0,34 55 43,1,60,,301542,1,0,34 55 43,1,25,,301544,1,0,34 55 43,1,10,,301546,1,0,34 55 43,1,65,,301548,1,0,34 55 43,1,20,,301550,1,0,34 55 43,1,10,,301551,1,0,34 55 43,1,75,,301553,1,0,34 55 43,1,30,,301555,1,0,34 55 43,1,70,,301557,1,0,34 55 43,1,1290,,301560,1,,,1
4701,'20260925',445,,301561,1,,,1,85,,301562,1,,,1,25,,301563,1,,,1,90,,301570,1,0,34 55 43,1,5,,301571,1,0,34 55 43,1,55,,301573,1,0,34 55 43,1,25,,301576,1,0,34 55 43,1,10,,301578,1,0,34 55 43,1,80,,301581,1,0,34 55 43,1,20,,301584,1,0,34 55 43,1,15,,301585,1,0,34 55 43,1,60,,301587,1,0,34 55 43,1,25,,301589,1,0,34 55 43,1,10,,301591,1,0,34 55 43,1,65,,301593,1,0,34 55 43,1,20,,301595,1,0,34 55 43,1,10,,301596,1,0,34 55 43,1,75,,301598,1,0,34 55 43,1,30,,301600,1,0,34 55 43,1,70,,301602,1,0,34 55 43,1,1290,,301610,1,,,1
4701,'20260926',640,,301611,1,,,1,70,,301612,1,,,1,30,,301613,1,,,1,70,,301614,1,,,1,25,,301615,1,,,1,20,,301616,1,,,1,80,,301617,1,,,1,75,,301618,1,,,1,30,,301619,1,,,1,70,,301620,1,,,1,30,,301621,1,,,1,70,,301622,1,,,1,30,,301623,1,,,1,70,,301624,1,,,1,30,,301625,1,,,1,70,,301626,1,,,1,30,,301627,1,,,1,70,,301628,1,,,1,30,,301629,1,,,1,70,,301630,1,,,1,30,,301631,1,,,1,70,,301632,1,,,1,30,,301633,1,,,1,70,,301634,1,,,1,30,,301635,1,,,1,70,,301636,1,,,1,30,,301637,1,,,1,70,,301638,1,,,1,30,,301639,1,,,1,70,,301640,1,,,1,30,,301641,1,,,1,70,,301642,1,,,1,30,,301643,1,,,1,170,,301644,1,,,1,100,,301645,1,,,1
4701,'20260927',640,,301646,1,,,1,70,,301647,1,,,1,30,,301648,1,,,1,70,,301649,1,,,1,25,,301650,1,,,1,20,,301651,1,,,1,80,,301652,1,,,1,75,,301653,1,,,1,30,,301654,1,,,1,70,,301655,1,,,1,30,,301656,1,,,1,70,,301657,1,,,1,30,,301658,1,,,1,70,,301659,1,,,1,30,,301660,1,,,1,70,,301661,1,,,1,30,,301662,1,,,1,70,,301663,1,,,1,30,,301664,1,,,1,70,,301665,1,,,1,30,,301666,1,,,1,70,,301667,1,,,1,30,,301668,1,,,1,70,,301669,1,,,1,30,,301670,1,,,1,70,,301671,1,,,1,30,,301672,1,,,1,70,,301673,1,,,1,30,,301674,1,,,1,70,,301675,1,,,1,30,,301676,1,,,1,70,,301677,1,,,1,30,,301678,1,,,1,170,,301679,1,,,1,100,,301680,1,,,1
4701,'20260928',445,,301681,1,,,1,85,,301682,1,,,1,25,,301683,1,,,1,90,,301690,1,0,34 55 43,1,5,,301691,1,0,34 55 43,1,55,,301693,1,0,34 55 43,1,25,,301696,1,0,34 55 43,1,10,,301698,1,0,34 55 43,1,80,,301701,1,0,34 55 43,1,20,,301704,1,0,34 55 43,1,15,,301705,1,0,34 55 43,1,60,,301707,1,0,34 55 43,1,25,,301709,1,0,34 55 43,1,10,,301711,1,0,34 55 43,1,65,,301713,1,0,34 55 43,1,20,,301715,1,0,34 55 43,1,10,,301716,1,0,34 55 43,1,75,,301718,1,0,34 55 43,1,30,,301720,1,0,34 55 43,1,70,,301722,1,0,34 55 43,1,1290,,301725,1,,,1
4701,'20260929',445,,301726,1,,,1,85,,301727,1,,,1,25,,301728,1,,,1,90,,301735,1,0,34 55 43,1,5,,301736,1,0,34 55 43,1,55,,301738,1,0,34 55 43,1,25,,301741,1,0,34 55 43,1,10,,301743,1,0,34 55 43,1,80,,301746,1,0,34 55 43,1,20,,301749,1,0,34 55 43,1,15,,301750,1,0,34 55 43,1,60,,301752,1,0,34 55 43,1,25,,301754,1,0,34 55 43,1,10,,301756,1,0,34 55 43,1,65,,301758,1,0,34 55 43,1,20,,301760,1,0,34 55 43,1,10,,301761,1,0,34 55 43,1,75,,301763,1,0,34 55 43,1,30,,301765,1,0,34 55 43,1,70,,301767,1,0,34 55 43,1,1290,,301770,1,,,1
4701,'20260930',445,,301771,1,,,1,85,,301772,1,,,1,25,,301773,1,,,1,90,,301780,1,0,34 55 43,1,5,,301781,1,0,34 55 43,1,55,,301783,1,0,34 55 43,1,25,,301786,1,0,34 55 43,1,10,,301788,1,0,34 55 43,1,80,,301791,1,0,34 55 43,1,20,,301794,1,0,34 55 43,1,15,,301795,1,0,34 55 43,1,60,,301797,1,0,34 55 43,1,25,,301799,1,0,34 55 43,1,10,,301801,1,0,34 55 43,1,65,,301803,1,0,34 55 43,1,20,,301805,1,0,34 55 43,1,10,,301806,1,0,34 55 43,1,75,,301808,1,0,34 55 43,1,30,,301810,1,0,34 55 43,1,70,,301812,1,0,34 55 43,1,1290,,301815,1,,,1
4701,'20261001',445,,301816,1,,,1,85,,301817,1,,,1,25,,301818,1,,,1,90,,301825,1,0,34 55 43,1,5,,301826,1,0,34 55 43,1,55,,301828,1,0,34 55 43,1,25,,301831,1,0,34 55 43,1,10,,301833,1,0,34 55 43,1,80,,301836,1,0,34 55 43,1,20,,301839,1,0,34 55 43,1,15,,301840,1,0,34 55 43,1,60,,301842,1,0,34 55 43,1,25,,301844,1,0,34 55 43,1,10,,301846,1,0,34 55 43,1,65,,301848,1,0,34 55 43,1,20,,301850,1,0,34 55 43,1,10,,301851,1,0,34 55 43,1,75,,301853,1,0,34 55 43,1,30,,301855,1,0,34 55 43,1,70,,301857,1,0,34 55 43,1,1290,,301860,1,,,1
4701,'20261002',445,,301861,1,,,1,85,,301862,1,,,1,25,,301863,1,,,1,90,,301870,1,0,34 55 43,1,5,,301871,1,0,34 55 43,1,55,,301873,1,0,34 55 43,1,25,,301876,1,0,34 55 43,1,10,,301878,1,0,34 55 43,1,80,,301881,1,0,34 55 43,1,20,,301884,1,0,34 55 43,1,15,,301885,1,0,34 55 43,1,60,,301887,1,0,34 55 43,1,25,,301889,1,0,34 55 43,1,10,,301891,1,0,34 55 43,1,65,,301893,1,0,34 55 43,1,20,,301895,1,0,34 55 43,1,10,,301896,1,0,34 55 43,1,75,,301898,1,0,34 55 43,1,30,,301900,1,0,34 55 43,1,70,,301902,1,0,34 55 43,1,1290,,301910,1,,,1
4701,'20261003',640,,301911,1,,,1,70,,301912,1,,,1,30,,301913,1,,,1,70,,301914,1,,,1,25,,301915,1,,,1,20,,301916,1,,,1,80,,301917,1,,,1,75,,301918,1,,,1,30,,301919,1,,,1,70,,301920,1,,,1,30,,301921,1,,,1,70,,301922,1,,,1,30,,301923,1,,,1,70,,301924,1,,,1,30,,301925,1,,,1,70,,301926,1,,,1,30,,301927,1,,,1,70,,301928,1,,,1,30,,301929,1,,,1,70,,301930,1,,,1,30,,301931,1,,,1,70,,301932,1,,,1,30,,301933,1,,,1,70,,301934,1,,,1,30,,301935,1,,,1,70,,301936,1,,,1,30,,301937,1,,,1,70,,301938,1,,,1,30,,301939,1,,,1,70,,301940,1,,,1,30,,301941,1,,,1,70,,301942,1,,,1,30,,301943,1,,,1,170,,301944,1,,,1,100,,301945,1,,,1
4701,'20261004',640,,301946,1,,,1,70,,301947,1,,,1,30,,301948,1,,,1,70,,301949,1,,,1,25,,301950,1,,,1,20,,301951,1,,,1,80,,301952,1,,,1,75,,301953,1,,,1,30,,301954,1,,,1,70,,301955,1,,,1,30,,301956,1,,,1,70,,301957,1,,,1,30,,301958,1,,,1,70,,301959,1,,,1,30,,301960,1,,,1,70,,301961,1,,,1,30,,301962,1,,,1,70,,301963,1,,,1,30,,301964,1,,,1,70,,301965,1,,,1,30,,301966,1,,,1,70,,301967,1,,,1,30,,301968,1,,,1,70,,301969,1,,,1,30,,301970,1,,,1,70,,301971,1,,,1,30,,301972,1,,,1,70,,301973,1,,,1,30,,301974,1,,,1,70,,301975,1,,,1,30,,301976,1,,,1,70,,301977,1,,,1,30,,301978,1,,,1,170,,301979,1,,,1,100,,301980,1,,,1
4701,'20261005',445,,301981,1,,,1,85,,301982,1,,,1,25,,301983,1,,,1,90,,301990,1,0,34 55 43,1,5,,301991,1,0,34 55 43,1,55,,301993,1,0,34 55 43,1,25,,301996,1,0,34 55 43,1,10,,301998,1,0,34 55 43,1,80,,302001,1,0,34 55 43,1,20,,302004,1,0,34 55 43,1,15,,302005,1,0,34 55 43,1,60,,302007,1,0,34 55 43,1,25,,302009,1,0,34 55 43,1,10,,302011,1,0,34 55 43,1,65,,302013,1,0,34 55 43,1,20,,302015,1,0,34 55 43,1,10,,302016,1,0,34 55 43,1,75,,302018,1,0,34 55 43,1,30,,302020,1,0,34 55 43,1,70,,302022,1,0,34 55 43,1,1290,,302025,1,,,1
4701,'20261006',445,,302026,1,,,1,85,,302027,1,,,1,25,,302028,1,,,1,90,,302035,1,0,34 55 43,1,5,,302036,1,0,34 55 43,1,55,,302038,1,0,34 55 43,1,25,,302041,1,0,34 55 43,1,10,,302043,1,0,34 55 43,1,80,,302046,1,0,34 55 43,1,20,,302049,1,0,34 55 43,1,15,,302050,1,0,34 55 43,1,60,,302052,1,0,34 55 43,1,25,,302054,1,0,34 55 43,1,10,,302056,1,0,34 55 43,1,65,,302058,1,0,34 55 43,1,20,,302060,1,0,34 55 43,1,10,,302061,1,0,34 55 43,1,75,,302063,1,0,34 55 43,1,30,,302065,1,0,34 55 43,1,70,,302067,1,0,34 55 43,1,1290,,302070,1,,,1
4701,'20261007',445,,302071,1,,,1,85,,302072,1,,,1,25,,302073,1,,,1,90,,302080,1,0,34 55 43,1,5,,302081,1,0,34 55 43,1,55,,302083,1,0,34 55 43,1,25,,302086,1,0,34 55 43,1,10,,302088,1,0,34 55 43,1,80,,302091,1,0,34 55 43,1,20,,302094,1,0,34 55 43,1,15,,302095,1,0,34 55 43,1,60,,302097,1,0,34 55 43,1,25,,302099,1,0,34 55 43,1,10,,302101,1,0,34 55 43,1,65,,302103,1,0,34 55 43,1,20,,302105,1,0,34 55 43,1,10,,302106,1,0,34 55 43,1,75,,302108,1,0,34 55 43,1,30,,302110,1,0,34 55 43,1,70,,302112,1,0,34 55 43,1,1290,,302115,1,,,1
4701,'20261008',445,,302116,1,,,1,85,,302117,1,,,1,25,,302118,1,,,1,90,,302125,1,0,34 55 43,1,5,,302126,1,0,34 55 43,1,55,,302128,1,0,34 55 43,1,25,,302131,1,0,34 55 43,1,10,,302133,1,0,34 55 43,1,80,,302136,1,0,34 55 43,1,20,,302139,1,0,34 55 43,1,15,,302140,1,0,34 55 43,1,60,,302142,1,0,34 55 43,1,25,,302144,1,0,34 55 43,1,10,,302146,1,0,34 55 43,1,65,,302148,1,0,34 55 43,1,20,,302150,1,0,34 55 43,1,10,,302151,1,0,34 55 43,1,75,,302153,1,0,34 55 43,1,30,,302155,1,0,34 55 43,1,70,,302157,1,0,34 55 43,1,1290,,302160,1,,,1
4701,'20261009',445,,302161,1,,,1,85,,302162,1,,,1,25,,302163,1,,,1,90,,302170,1,0,34 55 43,1,5,,302171,1,0,34 55 43,1,55,,302173,1,0,34 55 43,1,25,,302176,1,0,34 55 43,1,10,,302178,1,0,34 55 43,1,80,,302181,1,0,34 55 43,1,20,,302184,1,0,34 55 43,1,15,,302185,1,0,34 55 43,1,60,,302187,1,0,34 55 43,1,25,,302189,1,0,34 55 43,1,10,,302191,1,0,34 55 43,1,65,,302193,1,0,34 55 43,1,20,,302195,1,0,34 55 43,1,10,,302196,1,0,34 55 43,1,75,,302198,1,0,34 55 43,1,30,,302200,1,0,34 55 43,1,70,,302202,1,0,34 55 43,1,1290,,302210,1,,,1
4701,'20261010',640,,302211,1,,,1,70,,302212,1,,,1,30,,302213,1,,,1,70,,302214,1,,,1,25,,302215,1,,,1,20,,302216,1,,,1,80,,302217,1,,,1,75,,302218,1,,,1,30,,302219,1,,,1,70,,302220,1,,,1,30,,302221,1,,,1,70,,302222,1,,,1,30,,302223,1,,,1,70,,302224,1,,,1,30,,302225,1,,,1,70,,302226,1,,,1,30,,302227,1,,,1,70,,302228,1,,,1,30,,302229,1,,,1,70,,302230,1,,,1,30,,302231,1,,,1,70,,302232,1,,,1,30,,302233,1,,,1,70,,302234,1,,,1,30,,302235,1,,,1,70,,302236,1,,,1,30,,302237,1,,,1,70,,302238,1,,,1,30,,302239,1,,,1,70,,302240,1,,,1,30,,302241,1,,,1,70,,302242,1,,,1,30,,302243,1,,,1,170,,302244,1,,,1,100,,302245,1,,,1
4701,'20261011',640,,302246,1,,,1,70,,302247,1,,,1,30,,302248,1,,,1,70,,302249,1,,,1,25,,302250,1,,,1,20,,302251,1,,,1,80,,302252,1,,,1,75,,302253,1,,,1,30,,302254,1,,,1,70,,302255,1,,,1,30,,302256,1,,,1,70,,302257,1,,,1,30,,302258,1,,,1,70,,302259,1,,,1,30,,302260,1,,,1,70,,302261,1,,,1,30,,302262,1,,,1,70,,302263,1,,,1,30,,302264,1,,,1,70,,302265,1,,,1,30,,302266,1,,,1,70,,302267,1,,,1,30,,302268,1,,,1,70,,302269,1,,,1,30,,302270,1,,,1,70,,302271,1,,,1,30,,302272,1,,,1,70,,302273,1,,,1,30,,302274,1,,,1,70,,302275,1,,,1,30,,302276,1,,,1,70,,302277,1,,,1,30,,302278,1,,,1,170,,302279,1,,,1,100,,302280,1,,,1
4701,'20261012',640,,302281,1,,,1,70,,302282,1,,,1,30,,302283,1,,,1,70,,302284,1,,,1,25,,302285,1,,,1,20,,302286,1,,,1,80,,302287,1,,,1,75,,302288,1,,,1,30,,302289,1,,,1,70,,302290,1,,,1,30,,302291,1,,,1,70,,302292,1,,,1,30,,302293,1,,,1,70,,302294,1,,,1,30,,302295,1,,,1,70,,302296,1,,,1,30,,302297,1,,,1,70,,302298,1,,,1,30,,302299,1,,,1,70,,302300,1,,,1,30,,302301,1,,,1,70,,302302,1,,,1,30,,302303,1,,,1,70,,302304,1,,,1,30,,302305,1,,,1,70,,302306,1,,,1,30,,302307,1,,,1,70,,302308,1,,,1,30,,302309,1,,,1,70,,302310,1,,,1,30,,302311,1,,,1,70,,302312,1,,,1,30,,302313,1,,,1,170,,302314,1,,,1,100,,302315,1,,,1
4701,'20261013',445,,302316,1,,,1,85,,302317,1,,,1,25,,302318,1,,,1,90,,302325,1,0,34 55 43,1,5,,302326,1,0,34 55 43,1,55,,302328,1,0,34 55 43,1,25,,302331,1,0,34 55 43,1,10,,302333,1,0,34 55 43,1,80,,302336,1,0,34 55 43,1,20,,302339,1,0,34 55 43,1,15,,302340,1,0,34 55 43,1,60,,302342,1,0,34 55 43,1,25,,302344,1,0,34 55 43,1,10,,302346,1,0,34 55 43,1,65,,302348,1,0,34 55 43,1,20,,302350,1,0,34 55 43,1,10,,302351,1,0,34 55 43,1,75,,302353,1,0,34 55 43,1,30,,302355,1,0,34 55 43,1,70,,302357,1,0,34 55 43,1,1290,,302360,1,,,1
4701,'20261014',445,,302361,1,,,1,85,,302362,1,,,1,25,,302363,1,,,1,90,,302370,1,0,34 55 43,1,5,,302371,1,0,34 55 43,1,55,,302373,1,0,34 55 43,1,25,,302376,1,0,34 55 43,1,10,,302378,1,0,34 55 43,1,80,,302381,1,0,34 55 43,1,20,,302384,1,0,34 55 43,1,15,,302385,1,0,34 55 43,1,60,,302387,1,0,34 55 43,1,25,,302389,1,0,34 55 43,1,10,,302391,1,0,34 55 43,1,65,,302393,1,0,34 55 43,1,20,,302395,1,0,34 55 43,1,10,,302396,1,0,34 55 43,1,75,,302398,1,0,34 55 43,1,30,,302400,1,0,34 55 43,1,70,,302402,1,0,34 55 43,1,1290,,302405,1,,,1
4701,'20261015',445,,302406,1,,,1,85,,302407,1,,,1,25,,302408,1,,,1,90,,302415,1,0,34 55 43,1,5,,302416,1,0,34 55 43,1,55,,302418,1,0,34 55 43,1,25,,302421,1,0,34 55 43,1,10,,302423,1,0,34 55 43,1,80,,302426,1,0,34 55 43,1,20,,302429,1,0,34 55 43,1,15,,302430,1,0,34 55 43,1,60,,302432,1,0,34 55 43,1,25,,302434,1,0,34 55 43,1,10,,302436,1,0,34 55 43,1,65,,302438,1,0,34 55 43,1,20,,302440,1,0,34 55 43,1,10,,302441,1,0,34 55 43,1,75,,302443,1,0,34 55 43,1,30,,302445,1,0,34 55 43,1,70,,302447,1,0,34 55 43,1,1290,,302450,1,,,1
4701,'20261016',445,,302451,1,,,1,85,,302452,1,,,1,25,,302453,1,,,1,90,,302460,1,0,34 55 43,1,5,,302461,1,0,34 55 43,1,55,,302463,1,0,34 55 43,1,25,,302466,1,0,34 55 43,1,10,,302468,1,0,34 55 43,1,80,,302471,1,0,34 55 43,1,20,,302474,1,0,34 55 43,1,15,,302475,1,0,34 55 43,1,60,,302477,1,0,34 55 43,1,25,,302479,1,0,34 55 43,1,10,,302481,1,0,34 55 43,1,65,,302483,1,0,34 55 43,1,20,,302485,1,0,34 55 43,1,10,,302486,1,0,34 55 43,1,75,,302488,1,0,34 55 43,1,30,,302490,1,0,34 55 43,1,70,,302492,1,0,34 55 43,1,1290,,302500,1,,,1
4701,'20261017',640,,302501,1,,,1,70,,302502,1,,,1,30,,302503,1,,,1,70,,302504,1,,,1,25,,302505,1,,,1,20,,302506,1,,,1,80,,302507,1,,,1,75,,302508,1,,,1,30,,302509,1,,,1,70,,302510,1,,,1,30,,302511,1,,,1,70,,302512,1,,,1,30,,302513,1,,,1,70,,302514,1,,,1,30,,302515,1,,,1,70,,302516,1,,,1,30,,302517,1,,,1,70,,302518,1,,,1,30,,302519,1,,,1,70,,302520,1,,,1,30,,302521,1,,,1,70,,302522,1,,,1,30,,302523,1,,,1,70,,302524,1,,,1,30,,302525,1,,,1,70,,302526,1,,,1,30,,302527,1,,,1,70,,302528,1,,,1,30,,302529,1,,,1,70,,302530,1,,,1,30,,302531,1,,,1,70,,302532,1,,,1,30,,302533,1,,,1,170,,302534,1,,,1,100,,302535,1,,,1
4701,'20261018',640,,302536,1,,,1,70,,302537,1,,,1,30,,302538,1,,,1,70,,302539,1,,,1,25,,302540,1,,,1,20,,302541,1,,,1,80,,302542,1,,,1,75,,302543,1,,,1,30,,302544,1,,,1,70,,302545,1,,,1,30,,302546,1,,,1,70,,302547,1,,,1,30,,302548,1,,,1,70,,302549,1,,,1,30,,302550,1,,,1,70,,302551,1,,,1,30,,302552,1,,,1,70,,302553,1,,,1,30,,302554,1,,,1,70,,302555,1,,,1,30,,302556,1,,,1,70,,302557,1,,,1,30,,302558,1,,,1,70,,302559,1,,,1,30,,302560,1,,,1,70,,302561,1,,,1,30,,302562,1,,,1,70,,302563,1,,,1,30,,302564,1,,,1,70,,302565,1,,,1,30,,302566,1,,,1,70,,302567,1,,,1,30,,302568,1,,,1,170,,302569,1,,,1,100,,302570,1,,,1
4701,'20261019',445,,302571,1,,,1,85,,302572,1,,,1,25,,302573,1,,,1,90,,302580,1,0,34 55 43,1,5,,302581,1,0,34 55 43,1,55,,302583,1,0,34 55 43,1,25,,302586,1,0,34 55 43,1,10,,302588,1,0,34 55 43,1,80,,302591,1,0,34 55 43,1,20,,302594,1,0,34 55 43,1,15,,302595,1,0,34 55 43,1,60,,302597,1,0,34 55 43,1,25,,302599,1,0,34 55 43,1,10,,302601,1,0,34 55 43,1,65,,302603,1,0,34 55 43,1,20,,302605,1,0,34 55 43,1,10,,302606,1,0,34 55 43,1,75,,302608,1,0,34 55 43,1,30,,302610,1,0,34 55 43,1,70,,302612,1,0,34 55 43,1,1290,,302615,1,,,1
4701,'20261020',445,,302616,1,,,1,85,,302617,1,,,1,25,,302618,1,,,1,90,,302625,1,0,34 55 43,1,5,,302626,1,0,34 55 43,1,55,,302628,1,0,34 55 43,1,25,,302631,1,0,34 55 43,1,10,,302633,1,0,34 55 43,1,80,,302636,1,0,34 55 43,1,20,,302639,1,0,34 55 43,1,15,,302640,1,0,34 55 43,1,60,,302642,1,0,34 55 43,1,25,,302644,1,0,34 55 43,1,10,,302646,1,0,34 55 43,1,65,,302648,1,0,34 55 43,1,20,,302650,1,0,34 55 43,1,10,,302651,1,0,34 55 43,1,75,,302653,1,0,34 55 43,1,30,,302655,1,0,34 55 43,1,70,,302657,1,0,34 55 43,1,1290,,302660,1,,,1
4701,'20261021',445,,302661,1,,,1,85,,302662,1,,,1,25,,302663,1,,,1,90,,302670,1,0,34 55 43,1,5,,302671,1,0,34 55 43,1,55,,302673,1,0,34 55 43,1,25,,302676,1,0,34 55 43,1,10,,302678,1,0,34 55 43,1,80,,302681,1,0,34 55 43,1,20,,302684,1,0,34 55 43,1,15,,302685,1,0,34 55 43,1,60,,302687,1,0,34 55 43,1,25,,302689,1,0,34 55 43,1,10,,302691,1,0,34 55 43,1,65,,302693,1,0,34 55 43,1,20,,302695,1,0,34 55 43,1,10,,302696,1,0,34 55 43,1,75,,302698,1,0,34 55 43,1,30,,302700,1,0,34 55 43,1,70,,302702,1,0,34 55 43,1,1290,,302705,1,,,1
4701,'20261022',445,,302706,1,,,1,85,,302707,1,,,1,25,,302708,1,,,1,90,,302715,1,0,34 55 43,1,5,,302716,1,0,34 55 43,1,55,,302718,1,0,34 55 43,1,25,,302721,1,0,34 55 43,1,10,,302723,1,0,34 55 43,1,80,,302726,1,0,34 55 43,1,20,,302729,1,0,34 55 43,1,15,,302730,1,0,34 55 43,1,60,,302732,1,0,34 55 43,1,25,,302734,1,0,34 55 43,1,10,,302736,1,0,34 55 43,1,65,,302738,1,0,34 55 43,1,20,,302740,1,0,34 55 43,1,10,,302741,1,0,34 55 43,1,75,,302743,1,0,34 55 43,1,30,,302745,1,0,34 55 43,1,70,,302747,1,0,34 55 43,1,1290,,302750,1,,,1
4701,'20261023',445,,302751,1,,,1,85,,302752,1,,,1,25,,302753,1,,,1,90,,302760,1,0,34 55 43,1,5,,302761,1,0,34 55 43,1,55,,302763,1,0,34 55 43,1,25,,302766,1,0,34 55 43,1,10,,302768,1,0,34 55 43,1,80,,302771,1,0,34 55 43,1,20,,302774,1,0,34 55 43,1,15,,302775,1,0,34 55 43,1,60,,302777,1,0,34 55 43,1,25,,302779,1,0,34 55 43,1,10,,302781,1,0,34 55 43,1,65,,302783,1,0,34 55 43,1,20,,302785,1,0,34 55 43,1,10,,302786,1,0,34 55 43,1,75,,302788,1,0,34 55 43,1,30,,302790,1,0,34 55 43,1,70,,302792,1,0,34 55 43,1,1290,,302800,1,,,1
4701,'20261024',640,,302801,1,,,1,70,,302802,1,,,1,30,,302803,1,,,1,70,,302804,1,,,1,25,,302805,1,,,1,20,,302806,1,,,1,80,,302807,1,,,1,75,,302808,1,,,1,30,,302809,1,,,1,70,,302810,1,,,1,30,,302811,1,,,1,70,,302812,1,,,1,30,,302813,1,,,1,70,,302814,1,,,1,30,,302815,1,,,1,70,,302816,1,,,1,30,,302817,1,,,1,70,,302818,1,,,1,30,,302819,1,,,1,70,,302820,1,,,1,30,,302821,1,,,1,70,,302822,1,,,1,30,,302823,1,,,1,70,,302824,1,,,1,30,,302825,1,,,1,70,,302826,1,,,1,30,,302827,1,,,1,70,,302828,1,,,1,30,,302829,1,,,1,70,,302830,1,,,1,30,,302831,1,,,1,70,,302832,1,,,1,30,,302833,1,,,1,170,,302834,1,,,1,100,,302835,1,,,1
4701,'20261025',640,,302836,1,,,1,70,,302837,1,,,1,30,,302838,1,,,1,70,,302839,1,,,1,25,,302840,1,,,1,20,,302841,1,,,1,80,,302842,1,,,1,75,,302843,1,,,1,30,,302844,1,,,1,70,,302845,1,,,1,30,,302846,1,,,1,70,,302847,1,,,1,30,,302848,1,,,1,70,,302849,1,,,1,30,,302850,1,,,1,70,,302851,1,,,1,30,,302852,1,,,1,70,,302853,1,,,1,30,,302854,1,,,1,70,,302855,1,,,1,30,,302856,1,,,1,70,,302857,1,,,1,30,,302858,1,,,1,70,,302859,1,,,1,30,,302860,1,,,1,70,,302861,1,,,1,30,,302862,1,,,1,70,,302863,1,,,1,30,,302864,1,,,1,70,,302865,1,,,1,30,,302866,1,,,1,70,,302867,1,,,1,30,,302868,1,,,1,170,,302869,1,,,1,100,,302870,1,,,1
4701,'20261026',445,,302871,1,,,1,85,,302872,1,,,1,25,,302873,1,,,1,90,,302880,1,0,34 55 43,1,5,,302881,1,0,34 55 43,1,55,,302883,1,0,34 55 43,1,25,,302886,1,0,34 55 43,1,10,,302888,1,0,34 55 43,1,80,,302891,1,0,34 55 43,1,20,,302894,1,0,34 55 43,1,15,,302895,1,0,34 55 43,1,60,,302897,1,0,34 55 43,1,25,,302899,1,0,34 55 43,1,10,,302901,1,0,34 55 43,1,65,,302903,1,0,34 55 43,1,20,,302905,1,0,34 55 43,1,10,,302906,1,0,34 55 43,1,75,,302908,1,0,34 55 43,1,30,,302910,1,0,34 55 43,1,70,,302912,1,0,34 55 43,1,1290,,302915,1,,,1
4701,'20261027',445,,302916,1,,,1,85,,302917,1,,,1,25,,302918,1,,,1,90,,302925,1,0,34 55 43,1,5,,302926,1,0,34 55 43,1,55,,302928,1,0,34 55 43,1,25,,302931,1,0,34 55 43,1,10,,302933,1,0,34 55 43,1,80,,302936,1,0,34 55 43,1,20,,302939,1,0,34 55 43,1,15,,302940,1,0,34 55 43,1,60,,302942,1,0,34 55 43,1,25,,302944,1,0,34 55 43,1,10,,302946,1,0,34 55 43,1,65,,302948,1,0,34 55 43,1,20,,302950,1,0,34 55 43,1,10,,302951,1,0,34 55 43,1,75,,302953,1,0,34 55 43,1,30,,302955,1,0,34 55 43,1,70,,302957,1,0,34 55 43,1,1290,,302960,1,,,1
4701,'20261028',445,,302961,1,,,1,85,,302962,1,,,1,25,,302963,1,,,1,90,,302970,1,0,34 55 43,1,5,,302971,1,0,34 55 43,1,55,,302973,1,0,34 55 43,1,25,,302976,1,0,34 55 43,1,10,,302978,1,0,34 55 43,1,80,,302981,1,0,34 55 43,1,20,,302984,1,0,34 55 43,1,15,,302985,1,0,34 55 43,1,60,,302987,1,0,34 55 43,1,25,,302989,1,0,34 55 43,1,10,,302991,1,0,34 55 43,1,65,,302993,1,0,34 55 43,1,20,,302995,1,0,34 55 43,1,10,,302996,1,0,34 55 43,1,75,,302998,1,0,34 55 43,1,30,,303000,1,0,34 55 43,1,70,,303002,1,0,34 55 43,1,1290,,303005,1,,,1
4701,'20261029',445,,303006,1,,,1,85,,303007,1,,,1,25,,303008,1,,,1,90,,303015,1,0,34 55 43,1,5,,303016,1,0,34 55 43,1,55,,303018,1,0,34 55 43,1,25,,303021,1,0,34 55 43,1,10,,303023,1,0,34 55 43,1,80,,303026,1,0,34 55 43,1,20,,303029,1,0,34 55 43,1,15,,303030,1,0,34 55 43,1,60,,303032,1,0,34 55 43,1,25,,303034,1,0,34 55 43,1,10,,303036,1,0,34 55 43,1,65,,303038,1,0,34 55 43,1,20,,303040,1,0,34 55 43,1,10,,303041,1,0,34 55 43,1,75,,303043,1,0,34 55 43,1,30,,303045,1,0,34 55 43,1,70,,303047,1,0,34 55 43,1,1290,,303050,1,,,1
4701,'20261030',445,,303051,1,,,1,85,,303052,1,,,1,25,,303053,1,,,1,90,,303060,1,0,34 55 43,1,5,,303061,1,0,34 55 43,1,55,,303063,1,0,34 55 43,1,25,,303066,1,0,34 55 43,1,10,,303068,1,0,34 55 43,1,80,,303071,1,0,34 55 43,1,20,,303074,1,0,34 55 43,1,15,,303075,1,0,34 55 43,1,60,,303077,1,0,34 55 43,1,25,,303079,1,0,34 55 43,1,10,,303081,1,0,34 55 43,1,65,,303083,1,0,34 55 43,1,20,,303085,1,0,34 55 43,1,10,,303086,1,0,34 55 43,1,75,,303088,1,0,34 55 43,1,30,,303090,1,0,34 55 43,1,70,,303092,1,0,34 55 43,1,1290,,303100,1,,,1
4701,'20261031',640,,303101,1,,,1,70,,303102,1,,,1,30,,303103,1,,,1,70,,303104,1,,,1,25,,303105,1,,,1,20,,303106,1,,,1,80,,303107,1,,,1,75,,303108,1,,,1,30,,303109,1,,,1,70,,303110,1,,,1,30,,303111,1,,,1,70,,303112,1,,,1,30,,303113,1,,,1,70,,303114,1,,,1,30,,303115,1,,,1,70,,303116,1,,,1,30,,303117,1,,,1,70,,303118,1,,,1,30,,303119,1,,,1,70,,303120,1,,,1,30,,303121,1,,,1,70,,303122,1,,,1,30,,303123,1,,,1,70,,303124,1,,,1,30,,303125,1,,,1,70,,303126,1,,,1,30,,303127,1,,,1,70,,303128,1,,,1,30,,303129,1,,,1,70,,303130,1,,,1,30,,303131,1,,,1,70,,303132,1,,,1,30,,303133,1,,,1,170,,303134,1,,,1,100,,303135,1,,,1
4701,'20261101',640,,303136,1,,,1,70,,303137,1,,,1,30,,303138,1,,,1,70,,303139,1,,,1,25,,303140,1,,,1,20,,303141,1,,,1,80,,303142,1,,,1,75,,303143,1,,,1,30,,303144,1,,,1,70,,303145,1,,,1,30,,303146,1,,,1,70,,303147,1,,,1,30,,303148,1,,,1,70,,303149,1,,,1,30,,303150,1,,,1,70,,303151,1,,,1,30,,303152,1,,,1,70,,303153,1,,,1,30,,303154,1,,,1,70,,303155,1,,,1,30,,303156,1,,,1,70,,303157,1,,,1,30,,303158,1,,,1,70,,303159,1,,,1,30,,303160,1,,,1,70,,303161,1,,,1,30,,303162,1,,,1,70,,303163,1,,,1,30,,303164,1,,,1,70,,303165,1,,,1,30,,303166,1,,,1,70,,303167,1,,,1,30,,303168,1,,,1,170,,303169,1,,,1,100,,303170,1,,,1
4701,'20261102',445,,303171,1,,,1,85,,303172,1,,,1,25,,303173,1,,,1,90,,303180,1,0,34 55 43,1,5,,303181,1,0,34 55 43,1,55,,303183,1,0,34 55 43,1,25,,303186,1,0,34 55 43,1,10,,303188,1,0,34 55 43,1,80,,303191,1,0,34 55 43,1,20,,303194,1,0,34 55 43,1,15,,303195,1,0,34 55 43,1,60,,303197,1,0,34 55 43,1,25,,303199,1,0,34 55 43,1,10,,303201,1,0,34 55 43,1,65,,303203,1,0,34 55 43,1,20,,303205,1,0,34 55 43,1,10,,303206,1,0,34 55 43,1,75,,303208,1,0,34 55 43,1,30,,303210,1,0,34 55 43,1,70,,303212,1,0,34 55 43,1,1290,,303215,1,,,1
4701,'20261103',445,,303216,1,,,1,85,,303217,1,,,1,25,,303218,1,,,1,90,,303225,1,0,34 55 43,1,5,,303226,1,0,34 55 43,1,55,,303228,1,0,34 55 43,1,25,,303231,1,0,34 55 43,1,10,,303233,1,0,34 55 43,1,80,,303236,1,0,34 55 43,1,20,,303239,1,0,34 55 43,1,15,,303240,1,0,34 55 43,1,60,,303242,1,0,34 55 43,1,25,,303244,1,0,34 55 43,1,10,,303246,1,0,34 55 43,1,65,,303248,1,0,34 55 43,1,20,,303250,1,0,34 55 43,1,10,,303251,1,0,34 55 43,1,75,,303253,1,0,34 55 43,1,30,,303255,1,0,34 55 43,1,70,,303257,1,0,34 55 43,1,1290,,303260,1,,,1
4701,'20261104',445,,303261,1,,,1,85,,303262,1,,,1,25,,303263,1,,,1,90,,303270,1,0,34 55 43,1,5,,303271,1,0,34 55 43,1,55,,303273,1,0,34 55 43,1,25,,303276,1,0,34 55 43,1,10,,303278,1,0,34 55 43,1,80,,303281,1,0,34 55 43,1,20,,303284,1,0,34 55 43,1,15,,303285,1,0,34 55 43,1,60,,303287,1,0,34 55 43,1,25,,303289,1,0,34 55 43,1,10,,303291,1,0,34 55 43,1,65,,303293,1,0,34 55 43,1,20,,303295,1,0,34 55 43,1,10,,303296,1,0,34 55 43,1,75,,303298,1,0,34 55 43,1,30,,303300,1,0,34 55 43,1,70,,303302,1,0,34 55 43,1,1290,,303305,1,,,1
4701,'20261105',445,,303306,1,,,1,85,,303307,1,,,1,25,,303308,1,,,1,90,,303315,1,0,34 55 43,1,5,,303316,1,0,34 55 43,1,55,,303318,1,0,34 55 43,1,25,,303321,1,0,34 55 43,1,10,,303323,1,0,34 55 43,1,80,,303326,1,0,34 55 43,1,20,,303329,1,0,34 55 43,1,15,,303330,1,0,34 55 43,1,60,,303332,1,0,34 55 43,1,25,,303334,1,0,34 55 43,1,10,,303336,1,0,34 55 43,1,65,,303338,1,0,34 55 43,1,20,,303340,1,0,34 55 43,1,10,,303341,1,0,34 55 43,1,75,,303343,1,0,34 55 43,1,30,,303345,1,0,34 55 43,1,70,,303347,1,0,34 55 43,1,1290,,303350,1,,,1
4701,'20261106',445,,303351,1,,,1,85,,303352,1,,,1,25,,303353,1,,,1,90,,303360,1,0,34 55 43,1,5,,303361,1,0,34 55 43,1,55,,303363,1,0,34 55 43,1,25,,303366,1,0,34 55 43,1,10,,303368,1,0,34 55 43,1,80,,303371,1,0,34 55 43,1,20,,303374,1,0,34 55 43,1,15,,303375,1,0,34 55 43,1,60,,303377,1,0,34 55 43,1,25,,303379,1,0,34 55 43,1,10,,303381,1,0,34 55 43,1,65,,303383,1,0,34 55 43,1,20,,303385,1,0,34 55 43,1,10,,303386,1,0,34 55 43,1,75,,303388,1,0,34 55 43,1,30,,303390,1,0,34 55 43,1,70,,303392,1,0,34 55 43,1,1290,,303400,1,,,1
4701,'20261107',640,,303401,1,,,1,70,,303402,1,,,1,30,,303403,1,,,1,70,,303404,1,,,1,25,,303405,1,,,1,20,,303406,1,,,1,80,,303407,1,,,1,75,,303408,1,,,1,30,,303409,1,,,1,70,,303410,1,,,1,30,,303411,1,,,1,70,,303412,1,,,1,30,,303413,1,,,1,70,,303414,1,,,1,30,,303415,1,,,1,70,,303416,1,,,1,30,,303417,1,,,1,70,,303418,1,,,1,30,,303419,1,,,1,70,,303420,1,,,1,30,,303421,1,,,1,70,,303422,1,,,1,30,,303423,1,,,1,70,,303424,1,,,1,30,,303425,1,,,1,70,,303426,1,,,1,30,,303427,1,,,1,70,,303428,1,,,1,30,,303429,1,,,1,70,,303430,1,,,1,30,,303431,1,,,1,70,,303432,1,,,1,30,,303433,1,,,1,170,,303434,1,,,1,100,,303435,1,,,1
4701,'20261108',640,,303436,1,,,1,70,,303437,1,,,1,30,,303438,1,,,1,70,,303439,1,,,1,25,,303440,1,,,1,20,,303441,1,,,1,80,,303442,1,,,1,75,,303443,1,,,1,30,,303444,1,,,1,70,,303445,1,,,1,30,,303446,1,,,1,70,,303447,1,,,1,30,,303448,1,,,1,70,,303449,1,,,1,30,,303450,1,,,1,70,,303451,1,,,1,30,,303452,1,,,1,70,,303453,1,,,1,30,,303454,1,,,1,70,,303455,1,,,1,30,,303456,1,,,1,70,,303457,1,,,1,30,,303458,1,,,1,70,,303459,1,,,1,30,,303460,1,,,1,70,,303461,1,,,1,30,,303462,1,,,1,70,,303463,1,,,1,30,,303464,1,,,1,70,,303465,1,,,1,30,,303466,1,,,1,70,,303467,1,,,1,30,,303468,1,,,1,170,,303469,1,,,1,100,,303470,1,,,1
4701,'20261109',445,,303471,1,,,1,85,,303472,1,,,1,25,,303473,1,,,1,90,,303480,1,0,34 55 43,1,5,,303481,1,0,34 55 43,1,55,,303483,1,0,34 55 43,1,25,,303486,1,0,34 55 43,1,10,,303488,1,0,34 55 43,1,80,,303491,1,0,34 55 43,1,20,,303494,1,0,34 55 43,1,15,,303495,1,0,34 55 43,1,60,,303497,1,0,34 55 43,1,25,,303499,1,0,34 55 43,1,10,,303501,1,0,34 55 43,1,65,,303503,1,0,34 55 43,1,20,,303505,1,0,34 55 43,1,10,,303506,1,0,34 55 43,1,75,,303508,1,0,34 55 43,1,30,,303510,1,0,34 55 43,1,70,,303512,1,0,34 55 43,1,1290,,303515,1,,,1
4701,'20261110',445,,303516,1,,,1,85,,303517,1,,,1,25,,303518,1,,,1,90,,303525,1,0,34 55 43,1,5,,303526,1,0,34 55 43,1,55,,303528,1,0,34 55 43,1,25,,303531,1,0,34 55 43,1,10,,303533,1,0,34 55 43,1,80,,303536,1,0,34 55 43,1,20,,303539,1,0,34 55 43,1,15,,303540,1,0,34 55 43,1,60,,303542,1,0,34 55 43,1,25,,303544,1,0,34 55 43,1,10,,303546,1,0,34 55 43,1,65,,303548,1,0,34 55 43,1,20,,303550,1,0,34 55 43,1,10,,303551,1,0,34 55 43,1,75,,303553,1,0,34 55 43,1,30,,303555,1,0,34 55 43,1,70,,303557,1,0,34 55 43,1,1290,,303560,1,,,1
4701,'20261111',445,,303561,1,,,1,85,,303562,1,,,1,25,,303563,1,,,1,90,,303570,1,0,34 55 43,1,5,,303571,1,0,34 55 43,1,55,,303573,1,0,34 55 43,1,25,,303576,1,0,34 55 43,1,10,,303578,1,0,34 55 43,1,80,,303581,1,0,34 55 43,1,20,,303584,1,0,34 55 43,1,15,,303585,1,0,34 55 43,1,60,,303587,1,0,34 55 43,1,25,,303589,1,0,34 55 43,1,10,,303591,1,0,34 55 43,1,65,,303593,1,0,34 55 43,1,20,,303595,1,0,34 55 43,1,10,,303596,1,0,34 55 43,1,75,,303598,1,0,34 55 43,1,30,,303600,1,0,34 55 43,1,70,,303602,1,0,34 55 43,1,1290,,303605,1,,,1
4701,'20261112',445,,303606,1,,,1,85,,303607,1,,,1,25,,303608,1,,,1,90,,303615,1,0,34 55 43,1,5,,303616,1,0,34 55 43,1,55,,303618,1,0,34 55 43,1,25,,303621,1,0,34 55 43,1,10,,303623,1,0,34 55 43,1,80,,303626,1,0,34 55 43,1,20,,303629,1,0,34 55 43,1,15,,303630,1,0,34 55 43,1,60,,303632,1,0,34 55 43,1,25,,303634,1,0,34 55 43,1,10,,303636,1,0,34 55 43,1,65,,303638,1,0,34 55 43,1,20,,303640,1,0,34 55 43,1,10,,303641,1,0,34 55 43,1,75,,303643,1,0,34 55 43,1,30,,303645,1,0,34 55 43,1,70,,303647,1,0,34 55 43,1,1290,,303650,1,,,1
4701,'20261113',445,,303651,1,,,1,85,,303652,1,,,1,25,,303653,1,,,1,90,,303660,1,0,34 55 43,1,5,,303661,1,0,34 55 43,1,55,,303663,1,0,34 55 43,1,25,,303666,1,0,34 55 43,1,10,,303668,1,0,34 55 43,1,80,,303671,1,0,34 55 43,1,20,,303674,1,0,34 55 43,1,15,,303675,1,0,34 55 43,1,60,,303677,1,0,34 55 43,1,25,,303679,1,0,34 55 43,1,10,,303681,1,0,34 55 43,1,65,,303683,1,0,34 55 43,1,20,,303685,1,0,34 55 43,1,10,,303686,1,0,34 55 43,1,75,,303688,1,0,34 55 43,1,30,,303690,1,0,34 55 43,1,70,,303692,1,0,34 55 43,1,1290,,303700,1,,,1
4701,'20261114',640,,303701,1,,,1,70,,303702,1,,,1,30,,303703,1,,,1,70,,303704,1,,,1,25,,303705,1,,,1,20,,303706,1,,,1,80,,303707,1,,,1,75,,303708,1,,,1,30,,303709,1,,,1,70,,303710,1,,,1,30,,303711,1,,,1,70,,303712,1,,,1,30,,303713,1,,,1,70,,303714,1,,,1,30,,303715,1,,,1,70,,303716,1,,,1,30,,303717,1,,,1,70,,303718,1,,,1,30,,303719,1,,,1,70,,303720,1,,,1,30,,303721,1,,,1,70,,303722,1,,,1,30,,303723,1,,,1,70,,303724,1,,,1,30,,303725,1,,,1,70,,303726,1,,,1,30,,303727,1,,,1,70,,303728,1,,,1,30,,303729,1,,,1,70,,303730,1,,,1,30,,303731,1,,,1,70,,303732,1,,,1,30,,303733,1,,,1,170,,303734,1,,,1,100,,303735,1,,,1
4701,'20261115',640,,303736,1,,,1,70,,303737,1,,,1,30,,303738,1,,,1,70,,303739,1,,,1,25,,303740,1,,,1,20,,303741,1,,,1,80,,303742,1,,,1,75,,303743,1,,,1,30,,303744,1,,,1,70,,303745,1,,,1,30,,303746,1,,,1,70,,303747,1,,,1,30,,303748,1,,,1,70,,303749,1,,,1,30,,303750,1,,,1,70,,303751,1,,,1,30,,303752,1,,,1,70,,303753,1,,,1,30,,303754,1,,,1,70,,303755,1,,,1,30,,303756,1,,,1,70,,303757,1,,,1,30,,303758,1,,,1,70,,303759,1,,,1,30,,303760,1,,,1,70,,303761,1,,,1,30,,303762,1,,,1,70,,303763,1,,,1,30,,303764,1,,,1,70,,303765,1,,,1,30,,303766,1,,,1,70,,303767,1,,,1,30,,303768,1,,,1,170,,303769,1,,,1,100,,303770,1,,,1
4701,'20261116',445,,303771,1,,,1,85,,303772,1,,,1,25,,303773,1,,,1,90,,303780,1,0,34 55 43,1,5,,303781,1,0,34 55 43,1,55,,303783,1,0,34 55 43,1,25,,303786,1,0,34 55 43,1,10,,303788,1,0,34 55 43,1,80,,303791,1,0,34 55 43,1,20,,303794,1,0,34 55 43,1,15,,303795,1,0,34 55 43,1,60,,303797,1,0,34 55 43,1,25,,303799,1,0,34 55 43,1,10,,303801,1,0,34 55 43,1,65,,303803,1,0,34 55 43,1,20,,303805,1,0,34 55 43,1,10,,303806,1,0,34 55 43,1,75,,303808,1,0,34 55 43,1,30,,303810,1,0,34 55 43,1,70,,303812,1,0,34 55 43,1,1290,,303815,1,,,1
4701,'20261117',445,,303816,1,,,1,85,,303817,1,,,1,25,,303818,1,,,1,90,,303825,1,0,34 55 43,1,5,,303826,1,0,34 55 43,1,55,,303828,1,0,34 55 43,1,25,,303831,1,0,34 55 43,1,10,,303833,1,0,34 55 43,1,80,,303836,1,0,34 55 43,1,20,,303839,1,0,34 55 43,1,15,,303840,1,0,34 55 43,1,60,,303842,1,0,34 55 43,1,25,,303844,1,0,34 55 43,1,10,,303846,1,0,34 55 43,1,65,,303848,1,0,34 55 43,1,20,,303850,1,0,34 55 43,1,10,,303851,1,0,34 55 43,1,75,,303853,1,0,34 55 43,1,30,,303855,1,0,34 55 43,1,70,,303857,1,0,34 55 43,1,1290,,303860,1,,,1
4701,'20261118',445,,303861,1,,,1,85,,303862,1,,,1,25,,303863,1,,,1,90,,303870,1,0,34 55 43,1,5,,303871,1,0,34 55 43,1,55,,303873,1,0,34 55 43,1,25,,303876,1,0,34 55 43,1,10,,303878,1,0,34 55 43,1,80,,303881,1,0,34 55 43,1,20,,303884,1,0,34 55 43,1,15,,303885,1,0,34 55 43,1,60,,303887,1,0,34 55 43,1,25,,303889,1,0,34 55 43,1,10,,303891,1,0,34 55 43,1,65,,303893,1,0,34 55 43,1,20,,303895,1,0,34 55 43,1,10,,303896,1,0,34 55 43,1,75,,303898,1,0,34 55 43,1,30,,303900,1,0,34 55 43,1,70,,303902,1,0,34 55 43,1,1290,,303905,1,,,1
4701,'20261119',445,,303906,1,,,1,85,,303907,1,,,1,25,,303908,1,,,1,90,,303915,1,0,34 55 43,1,5,,303916,1,0,34 55 43,1,55,,303918,1,0,34 55 43,1,25,,303921,1,0,34 55 43,1,10,,303923,1,0,34 55 43,1,80,,303926,1,0,34 55 43,1,20,,303929,1,0,34 55 43,1,15,,303930,1,0,34 55 43,1,60,,303932,1,0,34 55 43,1,25,,303934,1,0,34 55 43,1,10,,303936,1,0,34 55 43,1,65,,303938,1,0,34 55 43,1,20,,303940,1,0,34 55 43,1,10,,303941,1,0,34 55 43,1,75,,303943,1,0,34 55 43,1,30,,303945,1,0,34 55 43,1,70,,303947,1,0,34 55 43,1,1290,,303950,1,,,1
4701,'20261120',445,,303951,1,,,1,85,,303952,1,,,1,25,,303953,1,,,1,90,,303960,1,0,34 55 43,1,5,,303961,1,0,34 55 43,1,55,,303963,1,0,34 55 43,1,25,,303966,1,0,34 55 43,1,10,,303968,1,0,34 55 43,1,80,,303971,1,0,34 55 43,1,20,,303974,1,0,34 55 43,1,15,,303975,1,0,34 55 43,1,60,,303977,1,0,34 55 43,1,25,,303979,1,0,34 55 43,1,10,,303981,1,0,34 55 43,1,65,,303983,1,0,34 55 43,1,20,,303985,1,0,34 55 43,1,10,,303986,1,0,34 55 43,1,75,,303988,1,0,34 55 43,1,30,,303990,1,0,34 55 43,1,70,,303992,1,0,34 55 43,1,1290,,304000,1,,,1
4701,'20261121',640,,304001,1,,,1,70,,304002,1,,,1,30,,304003,1,,,1,70,,304004,1,,,1,25,,304005,1,,,1,20,,304006,1,,,1,80,,304007,1,,,1,75,,304008,1,,,1,30,,304009,1,,,1,70,,304010,1,,,1,30,,304011,1,,,1,70,,304012,1,,,1,30,,304013,1,,,1,70,,304014,1,,,1,30,,304015,1,,,1,70,,304016,1,,,1,30,,304017,1,,,1,70,,304018,1,,,1,30,,304019,1,,,1,70,,304020,1,,,1,30,,304021,1,,,1,70,,304022,1,,,1,30,,304023,1,,,1,70,,304024,1,,,1,30,,304025,1,,,1,70,,304026,1,,,1,30,,304027,1,,,1,70,,304028,1,,,1,30,,304029,1,,,1,70,,304030,1,,,1,30,,304031,1,,,1,70,,304032,1,,,1,30,,304033,1,,,1,170,,304034,1,,,1,100,,304035,1,,,1
4701,'20261122',640,,304036,1,,,1,70,,304037,1,,,1,30,,304038,1,,,1,70,,304039,1,,,1,25,,304040,1,,,1,20,,304041,1,,,1,80,,304042,1,,,1,75,,304043,1,,,1,30,,304044,1,,,1,70,,304045,1,,,1,30,,304046,1,,,1,70,,304047,1,,,1,30,,304048,1,,,1,70,,304049,1,,,1,30,,304050,1,,,1,70,,304051,1,,,1,30,,304052,1,,,1,70,,304053,1,,,1,30,,304054,1,,,1,70,,304055,1,,,1,30,,304056,1,,,1,70,,304057,1,,,1,30,,304058,1,,,1,70,,304059,1,,,1,30,,304060,1,,,1,70,,304061,1,,,1,30,,304062,1,,,1,70,,304063,1,,,1,30,,304064,1,,,1,70,,304065,1,,,1,30,,304066,1,,,1,70,,304067,1,,,1,30,,304068,1,,,1,170,,304069,1,,,1,100,,304070,1,,,1
4701,'20261123',445,,304071,1,,,1,85,,304072,1,,,1,25,,304073,1,,,1,90,,304080,1,0,34 55 43,1,5,,304081,1,0,34 55 43,1,55,,304083,1,0,34 55 43,1,25,,304086,1,0,34 55 43,1,10,,304088,1,0,34 55 43,1,80,,304091,1,0,34 55 43,1,20,,304094,1,0,34 55 43,1,15,,304095,1,0,34 55 43,1,60,,304097,1,0,34 55 43,1,25,,304099,1,0,34 55 43,1,10,,304101,1,0,34 55 43,1,65,,304103,1,0,34 55 43,1,20,,304105,1,0,34 55 43,1,10,,304106,1,0,34 55 43,1,75,,304108,1,0,34 55 43,1,30,,304110,1,0,34 55 43,1,70,,304112,1,0,34 55 43,1,1290,,304115,1,,,1
4701,'20261124',445,,304116,1,,,1,85,,304117,1,,,1,25,,304118,1,,,1,90,,304125,1,0,34 55 43,1,5,,304126,1,0,34 55 43,1,55,,304128,1,0,34 55 43,1,25,,304131,1,0,34 55 43,1,10,,304133,1,0,34 55 43,1,80,,304136,1,0,34 55 43,1,20,,304139,1,0,34 55 43,1,15,,304140,1,0,34 55 43,1,60,,304142,1,0,34 55 43,1,25,,304144,1,0,34 55 43,1,10,,304146,1,0,34 55 43,1,65,,304148,1,0,34 55 43,1,20,,304150,1,0,34 55 43,1,10,,304151,1,0,34 55 43,1,75,,304153,1,0,34 55 43,1,30,,304155,1,0,34 55 43,1,70,,304157,1,0,34 55 43,1,1290,,304160,1,,,1
4701,'20261125',445,,304161,1,,,1,85,,304162,1,,,1,25,,304163,1,,,1,90,,304170,1,0,34 55 43,1,5,,304171,1,0,34 55 43,1,55,,304173,1,0,34 55 43,1,25,,304176,1,0,34 55 43,1,10,,304178,1,0,34 55 43,1,80,,304181,1,0,34 55 43,1,20,,304184,1,0,34 55 43,1,15,,304185,1,0,34 55 43,1,60,,304187,1,0,34 55 43,1,25,,304189,1,0,34 55 43,1,10,,304191,1,0,34 55 43,1,65,,304193,1,0,34 55 43,1,20,,304195,1,0,34 55 43,1,10,,304196,1,0,34 55 43,1,75,,304198,1,0,34 55 43,1,30,,304200,1,0,34 55 43,1,70,,304202,1,0,34 55 43,1,1290,,304205,1,,,1
4701,'20261126',445,,304206,1,,,1,85,,304207,1,,,1,25,,304208,1,,,1,90,,304215,1,0,34 55 43,1,5,,304216,1,0,34 55 43,1,55,,304218,1,0,34 55 43,1,25,,304221,1,0,34 55 43,1,10,,304223,1,0,34 55 43,1,80,,304226,1,0,34 55 43,1,20,,304229,1,0,34 55 43,1,15,,304230,1,0,34 55 43,1,60,,304232,1,0,34 55 43,1,25,,304234,1,0,34 55 43,1,10,,304236,1,0,34 55 43,1,65,,304238,1,0,34 55 43,1,20,,304240,1,0,34 55 43,1,10,,304241,1,0,34 55 43,1,75,,304243,1,0,34 55 43,1,30,,304245,1,0,34 55 43,1,70,,304247,1,0,34 55 43,1,1290,,304250,1,,,1
4701,'20261127',445,,304251,1,,,1,85,,304252,1,,,1,25,,304253,1,,,1,90,,304260,1,0,34 55 43,1,5,,304261,1,0,34 55 43,1,55,,304263,1,0,34 55 43,1,25,,304266,1,0,34 55 43,1,10,,304268,1,0,34 55 43,1,80,,304271,1,0,34 55 43,1,20,,304274,1,0,34 55 43,1,15,,304275,1,0,34 55 43,1,60,,304277,1,0,34 55 43,1,25,,304279,1,0,34 55 43,1,10,,304281,1,0,34 55 43,1,65,,304283,1,0,34 55 43,1,20,,304285,1,0,34 55 43,1,10,,304286,1,0,34 55 43,1,75,,304288,1,0,34 55 43,1,30,,304290,1,0,34 55 43,1,70,,304292,1,0,34 55 43,1,1290,,304300,1,,,1
4801,'20260831',545,,196891,1,,,1,100,,196892,1,,,1,100,,196893,1,,,1,100,,196894,1,,,1,100,,196895,1,,,1,200,,196896,1,,,1,200,,196897,1,,,1,100,,196898,1,,,1,100,,196899,1,,,1,100,,196900,1,,,1,100,,196901,1,,,1,100,,196902,1,,,1,100,,196903,1,,,1,100,,196904,1,,,1,200,,196905,1,,,1,200,,196906,1,,,1
4801,'20260901',545,,196907,1,,,1,100,,196908,1,,,1,100,,196909,1,,,1,100,,196910,1,,,1,100,,196911,1,,,1,200,,196912,1,,,1,200,,196913,1,,,1,100,,196914,1,,,1,100,,196915,1,,,1,100,,196916,1,,,1,100,,196917,1,,,1,100,,196918,1,,,1,100,,196919,1,,,1,100,,196920,1,,,1,200,,196921,1,,,1,200,,196922,1,,,1
4801,'20260902',545,,196923,1,,,1,100,,196924,1,,,1,100,,196925,1,,,1,100,,196926,1,,,1,100,,196927,1,,,1,200,,196928,1,,,1,200,,196929,1,,,1,100,,196930,1,,,1,100,,196931,1,,,1,100,,196932,1,,,1,100,,196933,1,,,1,100,,196934,1,,,1,100,,196935,1,,,1,100,,196936,1,,,1,200,,196937,1,,,1,200,,196938,1,,,1
4801,'20260903',545,,196939,1,,,1,100,,196940,1,,,1,100,,196941,1,,,1,100,,196942,1,,,1,100,,196943,1,,,1,200,,196944,1,,,1,200,,196945,1,,,1,100,,196946,1,,,1,100,,196947,1,,,1,100,,196948,1,,,1,100,,196949,1,,,1,100,,196950,1,,,1,100,,196951,1,,,1,100,,196952,1,,,1,200,,196953,1,,,1,200,,196954,1,,,1
4801,'20260904',545,,196955,1,,,1,100,,196956,1,,,1,100,,196957,1,,,1,100,,196958,1,,,1,100,,196959,1,,,1,200,,196960,1,,,1,200,,196961,1,,,1,100,,196962,1,,,1,100,,196963,1,,,1,100,,196964,1,,,1,100,,196965,1,,,1,100,,196966,1,,,1,100,,196967,1,,,1,100,,196968,1,,,1,200,,196969,1,,,1,200,,196970,1,,,1
4801,'20260908',545,,305287,1,,,1,100,,305288,1,,,1,100,,305289,1,,,1,100,,305290,1,,,1,100,,305291,1,,,1,200,,305292,1,,,1,200,,305293,1,,,1,100,,305294,1,,,1,100,,305295,1,,,1,100,,305296,1,,,1,100,,305297,1,,,1,100,,305298,1,,,1,100,,305299,1,,,1,100,,305300,1,,,1,200,,305301,1,,,1,200,,305302,1,,,1
4801,'20260909',545,,305303,1,,,1,100,,305304,1,,,1,100,,305305,1,,,1,100,,305306,1,,,1,100,,305307,1,,,1,200,,305308,1,,,1,200,,305309,1,,,1,100,,305310,1,,,1,100,,305311,1,,,1,100,,305312,1,,,1,100,,305313,1,,,1,100,,305314,1,,,1,100,,305315,1,,,1,100,,305316,1,,,1,200,,305317,1,,,1,200,,305318,1,,,1
4801,'20260910',545,,305319,1,,,1,100,,305320,1,,,1,100,,305321,1,,,1,100,,305322,1,,,1,100,,305323,1,,,1,200,,305324,1,,,1,200,,305325,1,,,1,100,,305326,1,,,1,100,,305327,1,,,1,100,,305328,1,,,1,100,,305329,1,,,1,100,,305330,1,,,1,100,,305331,1,,,1,100,,305332,1,,,1,200,,305333,1,,,1,200,,305334,1,,,1
4801,'20260911',545,,305335,1,,,1,100,,305336,1,,,1,100,,305337,1,,,1,100,,305338,1,,,1,100,,305339,1,,,1,200,,305340,1,,,1,200,,305341,1,,,1,100,,305342,1,,,1,100,,305343,1,,,1,100,,305344,1,,,1,100,,305345,1,,,1,100,,305346,1,,,1,100,,305347,1,,,1,100,,305348,1,,,1,200,,305349,1,,,1,200,,305350,1,,,1
4801,'20260914',545,,305351,1,,,1,100,,305352,1,,,1,100,,305353,1,,,1,100,,305354,1,,,1,100,,305355,1,,,1,200,,305356,1,,,1,200,,305357,1,,,1,100,,305358,1,,,1,100,,305359,1,,,1,100,,305360,1,,,1,100,,305361,1,,,1,100,,305362,1,,,1,100,,305363,1,,,1,100,,305364,1,,,1,200,,305365,1,,,1,200,,305366,1,,,1
4801,'20260915',545,,305367,1,,,1,100,,305368,1,,,1,100,,305369,1,,,1,100,,305370,1,,,1,100,,305371,1,,,1,200,,305372,1,,,1,200,,305373,1,,,1,100,,305374,1,,,1,100,,305375,1,,,1,100,,305376,1,,,1,100,,305377,1,,,1,100,,305378,1,,,1,100,,305379,1,,,1,100,,305380,1,,,1,200,,305381,1,,,1,200,,305382,1,,,1
4801,'20260916',545,,305383,1,,,1,100,,305384,1,,,1,100,,305385,1,,,1,100,,305386,1,,,1,100,,305387,1,,,1,200,,305388,1,,,1,200,,305389,1,,,1,100,,305390,1,,,1,100,,305391,1,,,1,100,,305392,1,,,1,100,,305393,1,,,1,100,,305394,1,,,1,100,,305395,1,,,1,100,,305396,1,,,1,200,,305397,1,,,1,200,,305398,1,,,1
4801,'20260917',545,,305399,1,,,1,100,,305400,1,,,1,100,,305401,1,,,1,100,,305402,1,,,1,100,,305403,1,,,1,200,,305404,1,,,1,200,,305405,1,,,1,100,,305406,1,,,1,100,,305407,1,,,1,100,,305408,1,,,1,100,,305409,1,,,1,100,,305410,1,,,1,100,,305411,1,,,1,100,,305412,1,,,1,200,,305413,1,,,1,200,,305414,1,,,1
4801,'20260918',545,,305415,1,,,1,100,,305416,1,,,1,100,,305417,1,,,1,100,,305418,1,,,1,100,,305419,1,,,1,200,,305420,1,,,1,200,,305421,1,,,1,100,,305422,1,,,1,100,,305423,1,,,1,100,,305424,1,,,1,100,,305425,1,,,1,100,,305426,1,,,1,100,,305427,1,,,1,100,,305428,1,,,1,200,,305429,1,,,1,200,,305430,1,,,1
4801,'20260921',545,,305431,1,,,1,100,,305432,1,,,1,100,,305433,1,,,1,100,,305434,1,,,1,100,,305435,1,,,1,200,,305436,1,,,1,200,,305437,1,,,1,100,,305438,1,,,1,100,,305439,1,,,1,100,,305440,1,,,1,100,,305441,1,,,1,100,,305442,1,,,1,100,,305443,1,,,1,100,,305444,1,,,1,200,,305445,1,,,1,200,,305446,1,,,1
4801,'20260922',545,,305447,1,,,1,100,,305448,1,,,1,100,,305449,1,,,1,100,,305450,1,,,1,100,,305451,1,,,1,200,,305452,1,,,1,200,,305453,1,,,1,100,,305454,1,,,1,100,,305455,1,,,1,100,,305456,1,,,1,100,,305457,1,,,1,100,,305458,1,,,1,100,,305459,1,,,1,100,,305460,1,,,1,200,,305461,1,,,1,200,,305462,1,,,1
4801,'20260923',545,,305463,1,,,1,100,,305464,1,,,1,100,,305465,1,,,1,100,,305466,1,,,1,100,,305467,1,,,1,200,,305468,1,,,1,200,,305469,1,,,1,100,,305470,1,,,1,100,,305471,1,,,1,100,,305472,1,,,1,100,,305473,1,,,1,100,,305474,1,,,1,100,,305475,1,,,1,100,,305476,1,,,1,200,,305477,1,,,1,200,,305478,1,,,1
4801,'20260924',545,,305479,1,,,1,100,,305480,1,,,1,100,,305481,1,,,1,100,,305482,1,,,1,100,,305483,1,,,1,200,,305484,1,,,1,200,,305485,1,,,1,100,,305486,1,,,1,100,,305487,1,,,1,100,,305488,1,,,1,100,,305489,1,,,1,100,,305490,1,,,1,100,,305491,1,,,1,100,,305492,1,,,1,200,,305493,1,,,1,200,,305494,1,,,1
4801,'20260925',545,,305495,1,,,1,100,,305496,1,,,1,100,,305497,1,,,1,100,,305498,1,,,1,100,,305499,1,,,1,200,,305500,1,,,1,200,,305501,1,,,1,100,,305502,1,,,1,100,,305503,1,,,1,100,,305504,1,,,1,100,,305505,1,,,1,100,,305506,1,,,1,100,,305507,1,,,1,100,,305508,1,,,1,200,,305509,1,,,1,200,,305510,1,,,1
4801,'20260928',545,,305511,1,,,1,100,,305512,1,,,1,100,,305513,1,,,1,100,,305514,1,,,1,100,,305515,1,,,1,200,,305516,1,,,1,200,,305517,1,,,1,100,,305518,1,,,1,100,,305519,1,,,1,100,,305520,1,,,1,100,,305521,1,,,1,100,,305522,1,,,1,100,,305523,1,,,1,100,,305524,1,,,1,200,,305525,1,,,1,200,,305526,1,,,1
4801,'20260929',545,,305527,1,,,1,100,,305528,1,,,1,100,,305529,1,,,1,100,,305530,1,,,1,100,,305531,1,,,1,200,,305532,1,,,1,200,,305533,1,,,1,100,,305534,1,,,1,100,,305535,1,,,1,100,,305536,1,,,1,100,,305537,1,,,1,100,,305538,1,,,1,100,,305539,1,,,1,100,,305540,1,,,1,200,,305541,1,,,1,200,,305542,1,,,1
4801,'20260930',545,,305543,1,,,1,100,,305544,1,,,1,100,,305545,1,,,1,100,,305546,1,,,1,100,,305547,1,,,1,200,,305548,1,,,1,200,,305549,1,,,1,100,,305550,1,,,1,100,,305551,1,,,1,100,,305552,1,,,1,100,,305553,1,,,1,100,,305554,1,,,1,100,,305555,1,,,1,100,,305556,1,,,1,200,,305557,1,,,1,200,,305558,1,,,1
4801,'20261001',545,,305559,1,,,1,100,,305560,1,,,1,100,,305561,1,,,1,100,,305562,1,,,1,100,,305563,1,,,1,200,,305564,1,,,1,200,,305565,1,,,1,100,,305566,1,,,1,100,,305567,1,,,1,100,,305568,1,,,1,100,,305569,1,,,1,100,,305570,1,,,1,100,,305571,1,,,1,100,,305572,1,,,1,200,,305573,1,,,1,200,,305574,1,,,1
4801,'20261002',545,,305575,1,,,1,100,,305576,1,,,1,100,,305577,1,,,1,100,,305578,1,,,1,100,,305579,1,,,1,200,,305580,1,,,1,200,,305581,1,,,1,100,,305582,1,,,1,100,,305583,1,,,1,100,,305584,1,,,1,100,,305585,1,,,1,100,,305586,1,,,1,100,,305587,1,,,1,100,,305588,1,,,1,200,,305589,1,,,1,200,,305590,1,,,1
4801,'20261005',545,,305591,1,,,1,100,,305592,1,,,1,100,,305593,1,,,1,100,,305594,1,,,1,100,,305595,1,,,1,200,,305596,1,,,1,200,,305597,1,,,1,100,,305598,1,,,1,100,,305599,1,,,1,100,,305600,1,,,1,100,,305601,1,,,1,100,,305602,1,,,1,100,,305603,1,,,1,100,,305604,1,,,1,200,,305605,1,,,1,200,,305606,1,,,1
4801,'20261006',545,,305607,1,,,1,100,,305608,1,,,1,100,,305609,1,,,1,100,,305610,1,,,1,100,,305611,1,,,1,200,,305612,1,,,1,200,,305613,1,,,1,100,,305614,1,,,1,100,,305615,1,,,1,100,,305616,1,,,1,100,,305617,1,,,1,100,,305618,1,,,1,100,,305619,1,,,1,100,,305620,1,,,1,200,,305621,1,,,1,200,,305622,1,,,1
4801,'20261007',545,,305623,1,,,1,100,,305624,1,,,1,100,,305625,1,,,1,100,,305626,1,,,1,100,,305627,1,,,1,200,,305628,1,,,1,200,,305629,1,,,1,100,,305630,1,,,1,100,,305631,1,,,1,100,,305632,1,,,1,100,,305633,1,,,1,100,,305634,1,,,1,100,,305635,1,,,1,100,,305636,1,,,1,200,,305637,1,,,1,200,,305638,1,,,1
4801,'20261008',545,,305639,1,,,1,100,,305640,1,,,1,100,,305641,1,,,1,100,,305642,1,,,1,100,,305643,1,,,1,200,,305644,1,,,1,200,,305645,1,,,1,100,,305646,1,,,1,100,,305647,1,,,1,100,,305648,1,,,1,100,,305649,1,,,1,100,,305650,1,,,1,100,,305651,1,,,1,100,,305652,1,,,1,200,,305653,1,,,1,200,,305654,1,,,1
4801,'20261009',545,,305655,1,,,1,100,,305656,1,,,1,100,,305657,1,,,1,100,,305658,1,,,1,100,,305659,1,,,1,200,,305660,1,,,1,200,,305661,1,,,1,100,,305662,1,,,1,100,,305663,1,,,1,100,,305664,1,,,1,100,,305665,1,,,1,100,,305666,1,,,1,100,,305667,1,,,1,100,,305668,1,,,1,200,,305669,1,,,1,200,,305670,1,,,1
4801,'20261013',545,,305671,1,,,1,100,,305672,1,,,1,100,,305673,1,,,1,100,,305674,1,,,1,100,,305675,1,,,1,200,,305676,1,,,1,200,,305677,1,,,1,100,,305678,1,,,1,100,,305679,1,,,1,100,,305680,1,,,1,100,,305681,1,,,1,100,,305682,1,,,1,100,,305683,1,,,1,100,,305684,1,,,1,200,,305685,1,,,1,200,,305686,1,,,1
4801,'20261014',545,,305687,1,,,1,100,,305688,1,,,1,100,,305689,1,,,1,100,,305690,1,,,1,100,,305691,1,,,1,200,,305692,1,,,1,200,,305693,1,,,1,100,,305694,1,,,1,100,,305695,1,,,1,100,,305696,1,,,1,100,,305697,1,,,1,100,,305698,1,,,1,100,,305699,1,,,1,100,,305700,1,,,1,200,,305701,1,,,1,200,,305702,1,,,1
4801,'20261015',545,,305703,1,,,1,100,,305704,1,,,1,100,,305705,1,,,1,100,,305706,1,,,1,100,,305707,1,,,1,200,,305708,1,,,1,200,,305709,1,,,1,100,,305710,1,,,1,100,,305711,1,,,1,100,,305712,1,,,1,100,,305713,1,,,1,100,,305714,1,,,1,100,,305715,1,,,1,100,,305716,1,,,1,200,,305717,1,,,1,200,,305718,1,,,1
4801,'20261016',545,,305719,1,,,1,100,,305720,1,,,1,100,,305721,1,,,1,100,,305722,1,,,1,100,,305723,1,,,1,200,,305724,1,,,1,200,,305725,1,,,1,100,,305726,1,,,1,100,,305727,1,,,1,100,,305728,1,,,1,100,,305729,1,,,1,100,,305730,1,,,1,100,,305731,1,,,1,100,,305732,1,,,1,200,,305733,1,,,1,200,,305734,1,,,1
4801,'20261019',545,,305735,1,,,1,100,,305736,1,,,1,100,,305737,1,,,1,100,,305738,1,,,1,100,,305739,1,,,1,200,,305740,1,,,1,200,,305741,1,,,1,100,,305742,1,,,1,100,,305743,1,,,1,100,,305744,1,,,1,100,,305745,1,,,1,100,,305746,1,,,1,100,,305747,1,,,1,100,,305748,1,,,1,200,,305749,1,,,1,200,,305750,1,,,1
4801,'20261020',545,,305751,1,,,1,100,,305752,1,,,1,100,,305753,1,,,1,100,,305754,1,,,1,100,,305755,1,,,1,200,,305756,1,,,1,200,,305757,1,,,1,100,,305758,1,,,1,100,,305759,1,,,1,100,,305760,1,,,1,100,,305761,1,,,1,100,,305762,1,,,1,100,,305763,1,,,1,100,,305764,1,,,1,200,,305765,1,,,1,200,,305766,1,,,1
4801,'20261021',545,,305767,1,,,1,100,,305768,1,,,1,100,,305769,1,,,1,100,,305770,1,,,1,100,,305771,1,,,1,200,,305772,1,,,1,200,,305773,1,,,1,100,,305774,1,,,1,100,,305775,1,,,1,100,,305776,1,,,1,100,,305777,1,,,1,100,,305778,1,,,1,100,,305779,1,,,1,100,,305780,1,,,1,200,,305781,1,,,1,200,,305782,1,,,1
4801,'20261022',545,,305783,1,,,1,100,,305784,1,,,1,100,,305785,1,,,1,100,,305786,1,,,1,100,,305787,1,,,1,200,,305788,1,,,1,200,,305789,1,,,1,100,,305790,1,,,1,100,,305791,1,,,1,100,,305792,1,,,1,100,,305793,1,,,1,100,,305794,1,,,1,100,,305795,1,,,1,100,,305796,1,,,1,200,,305797,1,,,1,200,,305798,1,,,1
4801,'20261023',545,,305799,1,,,1,100,,305800,1,,,1,100,,305801,1,,,1,100,,305802,1,,,1,100,,305803,1,,,1,200,,305804,1,,,1,200,,305805,1,,,1,100,,305806,1,,,1,100,,305807,1,,,1,100,,305808,1,,,1,100,,305809,1,,,1,100,,305810,1,,,1,100,,305811,1,,,1,100,,305812,1,,,1,200,,305813,1,,,1,200,,305814,1,,,1
4801,'20261026',545,,305815,1,,,1,100,,305816,1,,,1,100,,305817,1,,,1,100,,305818,1,,,1,100,,305819,1,,,1,200,,305820,1,,,1,200,,305821,1,,,1,100,,305822,1,,,1,100,,305823,1,,,1,100,,305824,1,,,1,100,,305825,1,,,1,100,,305826,1,,,1,100,,305827,1,,,1,100,,305828,1,,,1,200,,305829,1,,,1,200,,305830,1,,,1
4801,'20261027',545,,305831,1,,,1,100,,305832,1,,,1,100,,305833,1,,,1,100,,305834,1,,,1,100,,305835,1,,,1,200,,305836,1,,,1,200,,305837,1,,,1,100,,305838,1,,,1,100,,305839,1,,,1,100,,305840,1,,,1,100,,305841,1,,,1,100,,305842,1,,,1,100,,305843,1,,,1,100,,305844,1,,,1,200,,305845,1,,,1,200,,305846,1,,,1
4801,'20261028',545,,305847,1,,,1,100,,305848,1,,,1,100,,305849,1,,,1,100,,305850,1,,,1,100,,305851,1,,,1,200,,305852,1,,,1,200,,305853,1,,,1,100,,305854,1,,,1,100,,305855,1,,,1,100,,305856,1,,,1,100,,305857,1,,,1,100,,305858,1,,,1,100,,305859,1,,,1,100,,305860,1,,,1,200,,305861,1,,,1,200,,305862,1,,,1
4801,'20261029',545,,305863,1,,,1,100,,305864,1,,,1,100,,305865,1,,,1,100,,305866,1,,,1,100,,305867,1,,,1,200,,305868,1,,,1,200,,305869,1,,,1,100,,305870,1,,,1,100,,305871,1,,,1,100,,305872,1,,,1,100,,305873,1,,,1,100,,305874,1,,,1,100,,305875,1,,,1,100,,305876,1,,,1,200,,305877,1,,,1,200,,305878,1,,,1
4801,'20261030',545,,305879,1,,,1,100,,305880,1,,,1,100,,305881,1,,,1,100,,305882,1,,,1,100,,305883,1,,,1,200,,305884,1,,,1,200,,305885,1,,,1,100,,305886,1,,,1,100,,305887,1,,,1,100,,305888,1,,,1,100,,305889,1,,,1,100,,305890,1,,,1,100,,305891,1,,,1,100,,305892,1,,,1,200,,305893,1,,,1,200,,305894,1,,,1
4801,'20261102',545,,305895,1,,,1,100,,305896,1,,,1,100,,305897,1,,,1,100,,305898,1,,,1,100,,305899,1,,,1,200,,305900,1,,,1,200,,305901,1,,,1,100,,305902,1,,,1,100,,305903,1,,,1,100,,305904,1,,,1,100,,305905,1,,,1,100,,305906,1,,,1,100,,305907,1,,,1,100,,305908,1,,,1,200,,305909,1,,,1,200,,305910,1,,,1
4801,'20261103',545,,305911,1,,,1,100,,305912,1,,,1,100,,305913,1,,,1,100,,305914,1,,,1,100,,305915,1,,,1,200,,305916,1,,,1,200,,305917,1,,,1,100,,305918,1,,,1,100,,305919,1,,,1,100,,305920,1,,,1,100,,305921,1,,,1,100,,305922,1,,,1,100,,305923,1,,,1,100,,305924,1,,,1,200,,305925,1,,,1,200,,305926,1,,,1
4801,'20261104',545,,305927,1,,,1,100,,305928,1,,,1,100,,305929,1,,,1,100,,305930,1,,,1,100,,305931,1,,,1,200,,305932,1,,,1,200,,305933,1,,,1,100,,305934,1,,,1,100,,305935,1,,,1,100,,305936,1,,,1,100,,305937,1,,,1,100,,305938,1,,,1,100,,305939,1,,,1,100,,305940,1,,,1,200,,305941,1,,,1,200,,305942,1,,,1
4801,'20261105',545,,305943,1,,,1,100,,305944,1,,,1,100,,305945,1,,,1,100,,305946,1,,,1,100,,305947,1,,,1,200,,305948,1,,,1,200,,305949,1,,,1,100,,305950,1,,,1,100,,305951,1,,,1,100,,305952,1,,,1,100,,305953,1,,,1,100,,305954,1,,,1,100,,305955,1,,,1,100,,305956,1,,,1,200,,305957,1,,,1,200,,305958,1,,,1
4801,'20261106',545,,305959,1,,,1,100,,305960,1,,,1,100,,305961,1,,,1,100,,305962,1,,,1,100,,305963,1,,,1,200,,305964,1,,,1,200,,305965,1,,,1,100,,305966,1,,,1,100,,305967,1,,,1,100,,305968,1,,,1,100,,305969,1,,,1,100,,305970,1,,,1,100,,305971,1,,,1,100,,305972,1,,,1,200,,305973,1,,,1,200,,305974,1,,,1
4801,'20261109',545,,305975,1,,,1,100,,305976,1,,,1,100,,305977,1,,,1,100,,305978,1,,,1,100,,305979,1,,,1,200,,305980,1,,,1,200,,305981,1,,,1,100,,305982,1,,,1,100,,305983,1,,,1,100,,305984,1,,,1,100,,305985,1,,,1,100,,305986,1,,,1,100,,305987,1,,,1,100,,305988,1,,,1,200,,305989,1,,,1,200,,305990,1,,,1
4801,'20261110',545,,305991,1,,,1,100,,305992,1,,,1,100,,305993,1,,,1,100,,305994,1,,,1,100,,305995,1,,,1,200,,305996,1,,,1,200,,305997,1,,,1,100,,305998,1,,,1,100,,305999,1,,,1,100,,306000,1,,,1,100,,306001,1,,,1,100,,306002,1,,,1,100,,306003,1,,,1,100,,306004,1,,,1,200,,306005,1,,,1,200,,306006,1,,,1
4801,'20261111',545,,306007,1,,,1,100,,306008,1,,,1,100,,306009,1,,,1,100,,306010,1,,,1,100,,306011,1,,,1,200,,306012,1,,,1,200,,306013,1,,,1,100,,306014,1,,,1,100,,306015,1,,,1,100,,306016,1,,,1,100,,306017,1,,,1,100,,306018,1,,,1,100,,306019,1,,,1,100,,306020,1,,,1,200,,306021,1,,,1,200,,306022,1,,,1
4801,'20261112',545,,306023,1,,,1,100,,306024,1,,,1,100,,306025,1,,,1,100,,306026,1,,,1,100,,306027,1,,,1,200,,306028,1,,,1,200,,306029,1,,,1,100,,306030,1,,,1,100,,306031,1,,,1,100,,306032,1,,,1,100,,306033,1,,,1,100,,306034,1,,,1,100,,306035,1,,,1,100,,306036,1,,,1,200,,306037,1,,,1,200,,306038,1,,,1
4801,'20261113',545,,306039,1,,,1,100,,306040,1,,,1,100,,306041,1,,,1,100,,306042,1,,,1,100,,306043,1,,,1,200,,306044,1,,,1,200,,306045,1,,,1,100,,306046,1,,,1,100,,306047,1,,,1,100,,306048,1,,,1,100,,306049,1,,,1,100,,306050,1,,,1,100,,306051,1,,,1,100,,306052,1,,,1,200,,306053,1,,,1,200,,306054,1,,,1
4801,'20261116',545,,306055,1,,,1,100,,306056,1,,,1,100,,306057,1,,,1,100,,306058,1,,,1,100,,306059,1,,,1,200,,306060,1,,,1,200,,306061,1,,,1,100,,306062,1,,,1,100,,306063,1,,,1,100,,306064,1,,,1,100,,306065,1,,,1,100,,306066,1,,,1,100,,306067,1,,,1,100,,306068,1,,,1,200,,306069,1,,,1,200,,306070,1,,,1
4801,'20261117',545,,306071,1,,,1,100,,306072,1,,,1,100,,306073,1,,,1,100,,306074,1,,,1,100,,306075,1,,,1,200,,306076,1,,,1,200,,306077,1,,,1,100,,306078,1,,,1,100,,306079,1,,,1,100,,306080,1,,,1,100,,306081,1,,,1,100,,306082,1,,,1,100,,306083,1,,,1,100,,306084,1,,,1,200,,306085,1,,,1,200,,306086,1,,,1
4801,'20261118',545,,306087,1,,,1,100,,306088,1,,,1,100,,306089,1,,,1,100,,306090,1,,,1,100,,306091,1,,,1,200,,306092,1,,,1,200,,306093,1,,,1,100,,306094,1,,,1,100,,306095,1,,,1,100,,306096,1,,,1,100,,306097,1,,,1,100,,306098,1,,,1,100,,306099,1,,,1,100,,306100,1,,,1,200,,306101,1,,,1,200,,306102,1,,,1
4801,'20261119',545,,306103,1,,,1,100,,306104,1,,,1,100,,306105,1,,,1,100,,306106,1,,,1,100,,306107,1,,,1,200,,306108,1,,,1,200,,306109,1,,,1,100,,306110,1,,,1,100,,306111,1,,,1,100,,306112,1,,,1,100,,306113,1,,,1,100,,306114,1,,,1,100,,306115,1,,,1,100,,306116,1,,,1,200,,306117,1,,,1,200,,306118,1,,,1
4801,'20261120',545,,306119,1,,,1,100,,306120,1,,,1,100,,306121,1,,,1,100,,306122,1,,,1,100,,306123,1,,,1,200,,306124,1,,,1,200,,306125,1,,,1,100,,306126,1,,,1,100,,306127,1,,,1,100,,306128,1,,,1,100,,306129,1,,,1,100,,306130,1,,,1,100,,306131,1,,,1,100,,306132,1,,,1,200,,306133,1,,,1,200,,306134,1,,,1
4801,'20261123',545,,306135,1,,,1,100,,306136,1,,,1,100,,306137,1,,,1,100,,306138,1,,,1,100,,306139,1,,,1,200,,306140,1,,,1,200,,306141,1,,,1,100,,306142,1,,,1,100,,306143,1,,,1,100,,306144,1,,,1,100,,306145,1,,,1,100,,306146,1,,,1,100,,306147,1,,,1,100,,306148,1,,,1,200,,306149,1,,,1,200,,306150,1,,,1
4801,'20261124',545,,306151,1,,,1,100,,306152,1,,,1,100,,306153,1,,,1,100,,306154,1,,,1,100,,306155,1,,,1,200,,306156,1,,,1,200,,306157,1,,,1,100,,306158,1,,,1,100,,306159,1,,,1,100,,306160,1,,,1,100,,306161,1,,,1,100,,306162,1,,,1,100,,306163,1,,,1,100,,306164,1,,,1,200,,306165,1,,,1,200,,306166,1,,,1
4801,'20261125',545,,306167,1,,,1,100,,306168,1,,,1,100,,306169,1,,,1,100,,306170,1,,,1,100,,306171,1,,,1,200,,306172,1,,,1,200,,306173,1,,,1,100,,306174,1,,,1,100,,306175,1,,,1,100,,306176,1,,,1,100,,306177,1,,,1,100,,306178,1,,,1,100,,306179,1,,,1,100,,306180,1,,,1,200,,306181,1,,,1,200,,306182,1,,,1
4801,'20261126',545,,306183,1,,,1,100,,306184,1,,,1,100,,306185,1,,,1,100,,306186,1,,,1,100,,306187,1,,,1,200,,306188,1,,,1,200,,306189,1,,,1,100,,306190,1,,,1,100,,306191,1,,,1,100,,306192,1,,,1,100,,306193,1,,,1,100,,306194,1,,,1,100,,306195,1,,,1,100,,306196,1,,,1,200,,306197,1,,,1,200,,306198,1,,,1
4801,'20261127',545,,306199,1,,,1,100,,306200,1,,,1,100,,306201,1,,,1,100,,306202,1,,,1,100,,306203,1,,,1,200,,306204,1,,,1,200,,306205,1,,,1,100,,306206,1,,,1,100,,306207,1,,,1,100,,306208,1,,,1,100,,306209,1,,,1,100,,306210,1,,,1,100,,306211,1,,,1,100,,306212,1,,,1,200,,306213,1,,,1,200,,306214,1,,,1
5200,'20260831',645,,197362,1,0,7 11 12 9,1
5200,'20260901',645,,197363,1,0,7 11 12 9,1
5200,'20260902',645,,197364,1,0,7 11 12 9,1
5200,'20260903',645,,197365,1,0,7 11 12 9,1
5200,'20260904',645,,197366,1,0,7 11 12 9,1
5200,'20260905',825,,306215,1,0,102 12 9,1,200,,306216,1,0,102 12 9,1,200,,306217,1,0,102 12 9,1,100,,306218,1,0,102 12 9,1,100,,306219,1,0,102 12 9,1,100,,306220,1,0,102 12 9,1,100,,306221,1,0,102 12 9,1,100,,306222,1,0,102 12 9,1,100,,306223,1,0,102 12 9,1,100,,306224,1,0,102 12 9,1,100,,306225,1,0,102 12 9,1,100,,306226,1,0,102 12 9,1,200,,306227,1,0,102 12 9,1
5200,'20260906',825,,306228,1,0,102 12 9,1,200,,306229,1,0,102 12 9,1,200,,306230,1,0,102 12 9,1,100,,306231,1,0,102 12 9,1,100,,306232,1,0,102 12 9,1,100,,306233,1,0,102 12 9,1,100,,306234,1,0,102 12 9,1,100,,306235,1,0,102 12 9,1,100,,306236,1,0,102 12 9,1,100,,306237,1,0,102 12 9,1,100,,306238,1,0,102 12 9,1,100,,306239,1,0,102 12 9,1,200,,306240,1,0,102 12 9,1
5200,'20260907',825,,306241,1,0,102 12 9,1,200,,306242,1,0,102 12 9,1,200,,306243,1,0,102 12 9,1,100,,306244,1,0,102 12 9,1,100,,306245,1,0,102 12 9,1,100,,306246,1,0,102 12 9,1,100,,306247,1,0,102 12 9,1,100,,306248,1,0,102 12 9,1,100,,306249,1,0,102 12 9,1,100,,306250,1,0,102 12 9,1,100,,306251,1,0,102 12 9,1,100,,306252,1,0,102 12 9,1,200,,306253,1,0,102 12 9,1
5200,'20260908',645,,306254,1,0,7 11 12 9,1,110,,306255,1,0,7 11 12 9,1,950,,306256,1,0,7 11 12 9,1
5200,'20260909',645,,306257,1,0,7 11 12 9,1,110,,306258,1,0,7 11 12 9,1,950,,306259,1,0,7 11 12 9,1
5200,'20260910',645,,306260,1,0,7 11 12 9,1,110,,306261,1,0,7 11 12 9,1,950,,306262,1,0,7 11 12 9,1
5200,'20260911',645,,306263,1,0,7 11 12 9,1,110,,306264,1,0,7 11 12 9,1,950,,306265,1,0,7 11 12 9,1
5200,'20260912',825,,306266,1,0,102 12 9,1,200,,306267,1,0,102 12 9,1,200,,306268,1,0,102 12 9,1,100,,306269,1,0,102 12 9,1,100,,306270,1,0,102 12 9,1,100,,306271,1,0,102 12 9,1,100,,306272,1,0,102 12 9,1,100,,306273,1,0,102 12 9,1,100,,306274,1,0,102 12 9,1,100,,306275,1,0,102 12 9,1,100,,306276,1,0,102 12 9,1,100,,306277,1,0,102 12 9,1,200,,306278,1,0,102 12 9,1
5200,'20260913',825,,306279,1,0,102 12 9,1,200,,306280,1,0,102 12 9,1,200,,306281,1,0,102 12 9,1,100,,306282,1,0,102 12 9,1,100,,306283,1,0,102 12 9,1,100,,306284,1,0,102 12 9,1,100,,306285,1,0,102 12 9,1,100,,306286,1,0,102 12 9,1,100,,306287,1,0,102 12 9,1,100,,306288,1,0,102 12 9,1,100,,306289,1,0,102 12 9,1,100,,306290,1,0,102 12 9,1,200,,306291,1,0,102 12 9,1
5200,'20260914',645,,306292,1,0,7 11 12 9,1,110,,306293,1,0,7 11 12 9,1,950,,306294,1,0,7 11 12 9,1
5200,'20260915',645,,306295,1,0,7 11 12 9,1,110,,306296,1,0,7 11 12 9,1,950,,306297,1,0,7 11 12 9,1
5200,'20260916',645,,306298,1,0,7 11 12 9,1,110,,306299,1,0,7 11 12 9,1,950,,306300,1,0,7 11 12 9,1
5200,'20260917',645,,306301,1,0,7 11 12 9,1,110,,306302,1,0,7 11 12 9,1,950,,306303,1,0,7 11 12 9,1
5200,'20260918',645,,306304,1,0,7 11 12 9,1,110,,306305,1,0,7 11 12 9,1,950,,306306,1,0,7 11 12 9,1
5200,'20260919',825,,306307,1,0,102 12 9,1,200,,306308,1,0,102 12 9,1,200,,306309,1,0,102 12 9,1,100,,306310,1,0,102 12 9,1,100,,306311,1,0,102 12 9,1,100,,306312,1,0,102 12 9,1,100,,306313,1,0,102 12 9,1,100,,306314,1,0,102 12 9,1,100,,306315,1,0,102 12 9,1,100,,306316,1,0,102 12 9,1,100,,306317,1,0,102 12 9,1,100,,306318,1,0,102 12 9,1,200,,306319,1,0,102 12 9,1
5200,'20260920',825,,306320,1,0,102 12 9,1,200,,306321,1,0,102 12 9,1,200,,306322,1,0,102 12 9,1,100,,306323,1,0,102 12 9,1,100,,306324,1,0,102 12 9,1,100,,306325,1,0,102 12 9,1,100,,306326,1,0,102 12 9,1,100,,306327,1,0,102 12 9,1,100,,306328,1,0,102 12 9,1,100,,306329,1,0,102 12 9,1,100,,306330,1,0,102 12 9,1,100,,306331,1,0,102 12 9,1,200,,306332,1,0,102 12 9,1
5200,'20260921',645,,306333,1,0,7 11 12 9,1,110,,306334,1,0,7 11 12 9,1,950,,306335,1,0,7 11 12 9,1
5200,'20260922',645,,306336,1,0,7 11 12 9,1,110,,306337,1,0,7 11 12 9,1,950,,306338,1,0,7 11 12 9,1
5200,'20260923',645,,306339,1,0,7 11 12 9,1,110,,306340,1,0,7 11 12 9,1,950,,306341,1,0,7 11 12 9,1
5200,'20260924',645,,306342,1,0,7 11 12 9,1,110,,306343,1,0,7 11 12 9,1,950,,306344,1,0,7 11 12 9,1
5200,'20260925',645,,306345,1,0,7 11 12 9,1,110,,306346,1,0,7 11 12 9,1,950,,306347,1,0,7 11 12 9,1
5200,'20260926',825,,306348,1,0,102 12 9,1,200,,306349,1,0,102 12 9,1,200,,306350,1,0,102 12 9,1,100,,306351,1,0,102 12 9,1,100,,306352,1,0,102 12 9,1,100,,306353,1,0,102 12 9,1,100,,306354,1,0,102 12 9,1,100,,306355,1,0,102 12 9,1,100,,306356,1,0,102 12 9,1,100,,306357,1,0,102 12 9,1,100,,306358,1,0,102 12 9,1,100,,306359,1,0,102 12 9,1,200,,306360,1,0,102 12 9,1
5200,'20260927',825,,306361,1,0,102 12 9,1,200,,306362,1,0,102 12 9,1,200,,306363,1,0,102 12 9,1,100,,306364,1,0,102 12 9,1,100,,306365,1,0,102 12 9,1,100,,306366,1,0,102 12 9,1,100,,306367,1,0,102 12 9,1,100,,306368,1,0,102 12 9,1,100,,306369,1,0,102 12 9,1,100,,306370,1,0,102 12 9,1,100,,306371,1,0,102 12 9,1,100,,306372,1,0,102 12 9,1,200,,306373,1,0,102 12 9,1
5200,'20260928',645,,306374,1,0,7 11 12 9,1,110,,306375,1,0,7 11 12 9,1,950,,306376,1,0,7 11 12 9,1
5200,'20260929',645,,306377,1,0,7 11 12 9,1,110,,306378,1,0,7 11 12 9,1,950,,306379,1,0,7 11 12 9,1
5200,'20260930',645,,306380,1,0,7 11 12 9,1,110,,306381,1,0,7 11 12 9,1,950,,306382,1,0,7 11 12 9,1
5200,'20261001',645,,306383,1,0,7 11 12 9,1,110,,306384,1,0,7 11 12 9,1,950,,306385,1,0,7 11 12 9,1
5200,'20261002',645,,306386,1,0,7 11 12 9,1,110,,306387,1,0,7 11 12 9,1,950,,306388,1,0,7 11 12 9,1
5200,'20261003',825,,306389,1,0,102 12 9,1,200,,306390,1,0,102 12 9,1,200,,306391,1,0,102 12 9,1,100,,306392,1,0,102 12 9,1,100,,306393,1,0,102 12 9,1,100,,306394,1,0,102 12 9,1,100,,306395,1,0,102 12 9,1,100,,306396,1,0,102 12 9,1,100,,306397,1,0,102 12 9,1,100,,306398,1,0,102 12 9,1,100,,306399,1,0,102 12 9,1,100,,306400,1,0,102 12 9,1,200,,306401,1,0,102 12 9,1
5200,'20261004',825,,306402,1,0,102 12 9,1,200,,306403,1,0,102 12 9,1,200,,306404,1,0,102 12 9,1,100,,306405,1,0,102 12 9,1,100,,306406,1,0,102 12 9,1,100,,306407,1,0,102 12 9,1,100,,306408,1,0,102 12 9,1,100,,306409,1,0,102 12 9,1,100,,306410,1,0,102 12 9,1,100,,306411,1,0,102 12 9,1,100,,306412,1,0,102 12 9,1,100,,306413,1,0,102 12 9,1,200,,306414,1,0,102 12 9,1
5200,'20261005',645,,306415,1,0,7 11 12 9,1,110,,306416,1,0,7 11 12 9,1,950,,306417,1,0,7 11 12 9,1
5200,'20261006',645,,306418,1,0,7 11 12 9,1,110,,306419,1,0,7 11 12 9,1,950,,306420,1,0,7 11 12 9,1
5200,'20261007',645,,306421,1,0,7 11 12 9,1,110,,306422,1,0,7 11 12 9,1,950,,306423,1,0,7 11 12 9,1
5200,'20261008',645,,306424,1,0,7 11 12 9,1,110,,306425,1,0,7 11 12 9,1,950,,306426,1,0,7 11 12 9,1
5200,'20261009',645,,306427,1,0,7 11 12 9,1,110,,306428,1,0,7 11 12 9,1,950,,306429,1,0,7 11 12 9,1
5200,'20261010',825,,306430,1,0,102 12 9,1,200,,306431,1,0,102 12 9,1,200,,306432,1,0,102 12 9,1,100,,306433,1,0,102 12 9,1,100,,306434,1,0,102 12 9,1,100,,306435,1,0,102 12 9,1,100,,306436,1,0,102 12 9,1,100,,306437,1,0,102 12 9,1,100,,306438,1,0,102 12 9,1,100,,306439,1,0,102 12 9,1,100,,306440,1,0,102 12 9,1,100,,306441,1,0,102 12 9,1,200,,306442,1,0,102 12 9,1
5200,'20261011',825,,306443,1,0,102 12 9,1,200,,306444,1,0,102 12 9,1,200,,306445,1,0,102 12 9,1,100,,306446,1,0,102 12 9,1,100,,306447,1,0,102 12 9,1,100,,306448,1,0,102 12 9,1,100,,306449,1,0,102 12 9,1,100,,306450,1,0,102 12 9,1,100,,306451,1,0,102 12 9,1,100,,306452,1,0,102 12 9,1,100,,306453,1,0,102 12 9,1,100,,306454,1,0,102 12 9,1,200,,306455,1,0,102 12 9,1
5200,'20261012',825,,306456,1,0,102 12 9,1,200,,306457,1,0,102 12 9,1,200,,306458,1,0,102 12 9,1,100,,306459,1,0,102 12 9,1,100,,306460,1,0,102 12 9,1,100,,306461,1,0,102 12 9,1,100,,306462,1,0,102 12 9,1,100,,306463,1,0,102 12 9,1,100,,306464,1,0,102 12 9,1,100,,306465,1,0,102 12 9,1,100,,306466,1,0,102 12 9,1,100,,306467,1,0,102 12 9,1,200,,306468,1,0,102 12 9,1
5200,'20261013',645,,306469,1,0,7 11 12 9,1,110,,306470,1,0,7 11 12 9,1,950,,306471,1,0,7 11 12 9,1
5200,'20261014',645,,306472,1,0,7 11 12 9,1,110,,306473,1,0,7 11 12 9,1,950,,306474,1,0,7 11 12 9,1
5200,'20261015',645,,306475,1,0,7 11 12 9,1,110,,306476,1,0,7 11 12 9,1,950,,306477,1,0,7 11 12 9,1
5200,'20261016',645,,306478,1,0,7 11 12 9,1,110,,306479,1,0,7 11 12 9,1,950,,306480,1,0,7 11 12 9,1
5200,'20261017',825,,306481,1,0,102 12 9,1,200,,306482,1,0,102 12 9,1,200,,306483,1,0,102 12 9,1,100,,306484,1,0,102 12 9,1,100,,306485,1,0,102 12 9,1,100,,306486,1,0,102 12 9,1,100,,306487,1,0,102 12 9,1,100,,306488,1,0,102 12 9,1,100,,306489,1,0,102 12 9,1,100,,306490,1,0,102 12 9,1,100,,306491,1,0,102 12 9,1,100,,306492,1,0,102 12 9,1,200,,306493,1,0,102 12 9,1
5200,'20261018',825,,306494,1,0,102 12 9,1,200,,306495,1,0,102 12 9,1,200,,306496,1,0,102 12 9,1,100,,306497,1,0,102 12 9,1,100,,306498,1,0,102 12 9,1,100,,306499,1,0,102 12 9,1,100,,306500,1,0,102 12 9,1,100,,306501,1,0,102 12 9,1,100,,306502,1,0,102 12 9,1,100,,306503,1,0,102 12 9,1,100,,306504,1,0,102 12 9,1,100,,306505,1,0,102 12 9,1,200,,306506,1,0,102 12 9,1
5200,'20261019',645,,306507,1,0,7 11 12 9,1,110,,306508,1,0,7 11 12 9,1,950,,306509,1,0,7 11 12 9,1
5200,'20261020',645,,306510,1,0,7 11 12 9,1,110,,306511,1,0,7 11 12 9,1,950,,306512,1,0,7 11 12 9,1
5200,'20261021',645,,306513,1,0,7 11 12 9,1,110,,306514,1,0,7 11 12 9,1,950,,306515,1,0,7 11 12 9,1
5200,'20261022',645,,306516,1,0,7 11 12 9,1,110,,306517,1,0,7 11 12 9,1,950,,306518,1,0,7 11 12 9,1
5200,'20261023',645,,306519,1,0,7 11 12 9,1,110,,306520,1,0,7 11 12 9,1,950,,306521,1,0,7 11 12 9,1
5200,'20261024',825,,306522,1,0,102 12 9,1,200,,306523,1,0,102 12 9,1,200,,306524,1,0,102 12 9,1,100,,306525,1,0,102 12 9,1,100,,306526,1,0,102 12 9,1,100,,306527,1,0,102 12 9,1,100,,306528,1,0,102 12 9,1,100,,306529,1,0,102 12 9,1,100,,306530,1,0,102 12 9,1,100,,306531,1,0,102 12 9,1,100,,306532,1,0,102 12 9,1,100,,306533,1,0,102 12 9,1,200,,306534,1,0,102 12 9,1
5200,'20261025',825,,306535,1,0,102 12 9,1,200,,306536,1,0,102 12 9,1,200,,306537,1,0,102 12 9,1,100,,306538,1,0,102 12 9,1,100,,306539,1,0,102 12 9,1,100,,306540,1,0,102 12 9,1,100,,306541,1,0,102 12 9,1,100,,306542,1,0,102 12 9,1,100,,306543,1,0,102 12 9,1,100,,306544,1,0,102 12 9,1,100,,306545,1,0,102 12 9,1,100,,306546,1,0,102 12 9,1,200,,306547,1,0,102 12 9,1
5200,'20261026',645,,306548,1,0,7 11 12 9,1,110,,306549,1,0,7 11 12 9,1,950,,306550,1,0,7 11 12 9,1
5200,'20261027',645,,306551,1,0,7 11 12 9,1,110,,306552,1,0,7 11 12 9,1,950,,306553,1,0,7 11 12 9,1
5200,'20261028',645,,306554,1,0,7 11 12 9,1,110,,306555,1,0,7 11 12 9,1,950,,306556,1,0,7 11 12 9,1
5200,'20261029',645,,306557,1,0,7 11 12 9,1,110,,306558,1,0,7 11 12 9,1,950,,306559,1,0,7 11 12 9,1
5200,'20261030',645,,306560,1,0,7 11 12 9,1,110,,306561,1,0,7 11 12 9,1,950,,306562,1,0,7 11 12 9,1
5200,'20261031',825,,306563,1,0,102 12 9,1,200,,306564,1,0,102 12 9,1,200,,306565,1,0,102 12 9,1,100,,306566,1,0,102 12 9,1,100,,306567,1,0,102 12 9,1,100,,306568,1,0,102 12 9,1,100,,306569,1,0,102 12 9,1,100,,306570,1,0,102 12 9,1,100,,306571,1,0,102 12 9,1,100,,306572,1,0,102 12 9,1,100,,306573,1,0,102 12 9,1,100,,306574,1,0,102 12 9,1,200,,306575,1,0,102 12 9,1
5200,'20261101',825,,306576,1,0,102 12 9,1,200,,306577,1,0,102 12 9,1,200,,306578,1,0,102 12 9,1,100,,306579,1,0,102 12 9,1,100,,306580,1,0,102 12 9,1,100,,306581,1,0,102 12 9,1,100,,306582,1,0,102 12 9,1,100,,306583,1,0,102 12 9,1,100,,306584,1,0,102 12 9,1,100,,306585,1,0,102 12 9,1,100,,306586,1,0,102 12 9,1,100,,306587,1,0,102 12 9,1,200,,306588,1,0,102 12 9,1
5200,'20261102',645,,306589,1,0,7 11 12 9,1,110,,306590,1,0,7 11 12 9,1,950,,306591,1,0,7 11 12 9,1
5200,'20261103',645,,306592,1,0,7 11 12 9,1,110,,306593,1,0,7 11 12 9,1,950,,306594,1,0,7 11 12 9,1
5200,'20261104',645,,306595,1,0,7 11 12 9,1,110,,306596,1,0,7 11 12 9,1,950,,306597,1,0,7 11 12 9,1
5200,'20261105',645,,306598,1,0,7 11 12 9,1,110,,306599,1,0,7 11 12 9,1,950,,306600,1,0,7 11 12 9,1
5200,'20261106',645,,306601,1,0,7 11 12 9,1,110,,306602,1,0,7 11 12 9,1,950,,306603,1,0,7 11 12 9,1
5200,'20261107',825,,306604,1,0,102 12 9,1,200,,306605,1,0,102 12 9,1,200,,306606,1,0,102 12 9,1,100,,306607,1,0,102 12 9,1,100,,306608,1,0,102 12 9,1,100,,306609,1,0,102 12 9,1,100,,306610,1,0,102 12 9,1,100,,306611,1,0,102 12 9,1,100,,306612,1,0,102 12 9,1,100,,306613,1,0,102 12 9,1,100,,306614,1,0,102 12 9,1,100,,306615,1,0,102 12 9,1,200,,306616,1,0,102 12 9,1
5200,'20261108',825,,306617,1,0,102 12 9,1,200,,306618,1,0,102 12 9,1,200,,306619,1,0,102 12 9,1,100,,306620,1,0,102 12 9,1,100,,306621,1,0,102 12 9,1,100,,306622,1,0,102 12 9,1,100,,306623,1,0,102 12 9,1,100,,306624,1,0,102 12 9,1,100,,306625,1,0,102 12 9,1,100,,306626,1,0,102 12 9,1,100,,306627,1,0,102 12 9,1,100,,306628,1,0,102 12 9,1,200,,306629,1,0,102 12 9,1
5200,'20261109',645,,306630,1,0,7 11 12 9,1,110,,306631,1,0,7 11 12 9,1,950,,306632,1,0,7 11 12 9,1
5200,'20261110',645,,306633,1,0,7 11 12 9,1,110,,306634,1,0,7 11 12 9,1,950,,306635,1,0,7 11 12 9,1
5200,'20261111',645,,306636,1,0,7 11 12 9,1,110,,306637,1,0,7 11 12 9,1,950,,306638,1,0,7 11 12 9,1
5200,'20261112',645,,306639,1,0,7 11 12 9,1,110,,306640,1,0,7 11 12 9,1,950,,306641,1,0,7 11 12 9,1
5200,'20261113',645,,306642,1,0,7 11 12 9,1,110,,306643,1,0,7 11 12 9,1,950,,306644,1,0,7 11 12 9,1
5200,'20261114',825,,306645,1,0,102 12 9,1,200,,306646,1,0,102 12 9,1,200,,306647,1,0,102 12 9,1,100,,306648,1,0,102 12 9,1,100,,306649,1,0,102 12 9,1,100,,306650,1,0,102 12 9,1,100,,306651,1,0,102 12 9,1,100,,306652,1,0,102 12 9,1,100,,306653,1,0,102 12 9,1,100,,306654,1,0,102 12 9,1,100,,306655,1,0,102 12 9,1,100,,306656,1,0,102 12 9,1,200,,306657,1,0,102 12 9,1
5200,'20261115',825,,306658,1,0,102 12 9,1,200,,306659,1,0,102 12 9,1,200,,306660,1,0,102 12 9,1,100,,306661,1,0,102 12 9,1,100,,306662,1,0,102 12 9,1,100,,306663,1,0,102 12 9,1,100,,306664,1,0,102 12 9,1,100,,306665,1,0,102 12 9,1,100,,306666,1,0,102 12 9,1,100,,306667,1,0,102 12 9,1,100,,306668,1,0,102 12 9,1,100,,306669,1,0,102 12 9,1,200,,306670,1,0,102 12 9,1
5200,'20261116',645,,306671,1,0,7 11 12 9,1,110,,306672,1,0,7 11 12 9,1,950,,306673,1,0,7 11 12 9,1
5200,'20261117',645,,306674,1,0,7 11 12 9,1,110,,306675,1,0,7 11 12 9,1,950,,306676,1,0,7 11 12 9,1
5200,'20261118',645,,306677,1,0,7 11 12 9,1,110,,306678,1,0,7 11 12 9,1,950,,306679,1,0,7 11 12 9,1
5200,'20261119',645,,306680,1,0,7 11 12 9,1,110,,306681,1,0,7 11 12 9,1,950,,306682,1,0,7 11 12 9,1
5200,'20261120',645,,306683,1,0,7 11 12 9,1,110,,306684,1,0,7 11 12 9,1,950,,306685,1,0,7 11 12 9,1
5200,'20261121',825,,306686,1,0,102 12 9,1,200,,306687,1,0,102 12 9,1,200,,306688,1,0,102 12 9,1,100,,306689,1,0,102 12 9,1,100,,306690,1,0,102 12 9,1,100,,306691,1,0,102 12 9,1,100,,306692,1,0,102 12 9,1,100,,306693,1,0,102 12 9,1,100,,306694,1,0,102 12 9,1,100,,306695,1,0,102 12 9,1,100,,306696,1,0,102 12 9,1,100,,306697,1,0,102 12 9,1,200,,306698,1,0,102 12 9,1
5200,'20261122',825,,306699,1,0,102 12 9,1,200,,306700,1,0,102 12 9,1,200,,306701,1,0,102 12 9,1,100,,306702,1,0,102 12 9,1,100,,306703,1,0,102 12 9,1,100,,306704,1,0,102 12 9,1,100,,306705,1,0,102 12 9,1,100,,306706,1,0,102 12 9,1,100,,306707,1,0,102 12 9,1,100,,306708,1,0,102 12 9,1,100,,306709,1,0,102 12 9,1,100,,306710,1,0,102 12 9,1,200,,306711,1,0,102 12 9,1
5200,'20261123',645,,306712,1,0,7 11 12 9,1,110,,306713,1,0,7 11 12 9,1,950,,306714,1,0,7 11 12 9,1
5200,'20261124',645,,306715,1,0,7 11 12 9,1,110,,306716,1,0,7 11 12 9,1,950,,306717,1,0,7 11 12 9,1
5200,'20261125',645,,306718,1,0,7 11 12 9,1,110,,306719,1,0,7 11 12 9,1,950,,306720,1,0,7 11 12 9,1
5200,'20261126',645,,306721,1,0,7 11 12 9,1,110,,306722,1,0,7 11 12 9,1,950,,306723,1,0,7 11 12 9,1
5200,'20261127',645,,306724,1,0,7 11 12 9,1,110,,306725,1,0,7 11 12 9,1,950,,306726,1,0,7 11 12 9,1
5601,'20260831',515,,201865,18,,,1,40,,201866,1,0,5 56 9,1,55,,201867,18,,,1,15,,201868,1,0,5 56 9,1,15,,201869,18,,,1,15,,201870,1,0,5 56 9,1,55,,201871,18,,,1,30,,201872,18,,,1,70,,201873,18,,,1,35,,201874,18,,,1,68,,201875,18,,,1,30,,201876,18,,,1,75,,201877,18,,,1,30,,201878,18,,,1,70,,201879,18,,,1,30,,201880,18,,,1,70,,201881,18,,,1,25,,201882,18,,,1,70,,201883,18,,,1,30,,201884,18,,,1,70,,201885,18,,,1,30,,201886,18,,,1,70,,201887,18,,,1,37,,201888,18,,,1,60,,201889,18,,,1,30,,201890,18,,,1,15,,201892,12,0,7 40 41,1,55,,201891,18,,,1,30,,201893,18,,,1,60,,201895,12,0,7 40 41,1,10,,201894,18,,,1,30,,201896,18,,,1,70,,201897,18,,,1,30,,201898,18,,,1,85,,201899,18,,,1,90,,201900,18,,,1,100,,201901,18,,,1,202,,201902,18,,,1
5601,'20260901',515,,201903,18,,,1,40,,201904,1,0,5 56 9,1,55,,201905,18,,,1,15,,201906,1,0,5 56 9,1,15,,201907,18,,,1,15,,201908,1,0,5 56 9,1,55,,201909,18,,,1,30,,201910,18,,,1,70,,201911,18,,,1,35,,201912,18,,,1,68,,201913,18,,,1,30,,201914,18,,,1,75,,201915,18,,,1,30,,201916,18,,,1,70,,201917,18,,,1,30,,201918,18,,,1,70,,201919,18,,,1,25,,201920,18,,,1,70,,201921,18,,,1,30,,201922,18,,,1,70,,201923,18,,,1,30,,201924,18,,,1,70,,201925,18,,,1,37,,201926,18,,,1,60,,201927,18,,,1,30,,201928,18,,,1,15,,201930,12,0,7 40 41,1,55,,201929,18,,,1,30,,201931,18,,,1,60,,201933,12,0,7 40 41,1,10,,201932,18,,,1,30,,201934,18,,,1,70,,201935,18,,,1,30,,201936,18,,,1,85,,201937,18,,,1,90,,201938,18,,,1,100,,201939,18,,,1,202,,201940,18,,,1
5601,'20260902',515,,201941,18,,,1,40,,201942,1,0,5 56 9,1,55,,201943,18,,,1,15,,201944,1,0,5 56 9,1,15,,201945,18,,,1,15,,201946,1,0,5 56 9,1,55,,201947,18,,,1,30,,201948,18,,,1,70,,201949,18,,,1,35,,201950,18,,,1,68,,201951,18,,,1,30,,201952,18,,,1,75,,201953,18,,,1,30,,201954,18,,,1,70,,201955,18,,,1,30,,201956,18,,,1,70,,201957,18,,,1,25,,201958,18,,,1,70,,201959,18,,,1,30,,201960,18,,,1,70,,201961,18,,,1,30,,201962,18,,,1,70,,201963,18,,,1,37,,201964,18,,,1,60,,201965,18,,,1,30,,201966,18,,,1,15,,201968,12,0,7 40 41,1,55,,201967,18,,,1,30,,201969,18,,,1,60,,201971,12,0,7 40 41,1,10,,201970,18,,,1,30,,201972,18,,,1,70,,201973,18,,,1,30,,201974,18,,,1,85,,201975,18,,,1,90,,201976,18,,,1,100,,201977,18,,,1,202,,201978,18,,,1
5601,'20260903',515,,201979,18,,,1,40,,201980,1,0,5 56 9,1,55,,201981,18,,,1,15,,201982,1,0,5 56 9,1,15,,201983,18,,,1,15,,201984,1,0,5 56 9,1,55,,201985,18,,,1,30,,201986,18,,,1,70,,201987,18,,,1,35,,201988,18,,,1,68,,201989,18,,,1,30,,201990,18,,,1,75,,201991,18,,,1,30,,201992,18,,,1,70,,201993,18,,,1,30,,201994,18,,,1,70,,201995,18,,,1,25,,201996,18,,,1,70,,201997,18,,,1,30,,201998,18,,,1,70,,201999,18,,,1,30,,202000,18,,,1,70,,202001,18,,,1,37,,202002,18,,,1,60,,202003,18,,,1,30,,202004,18,,,1,15,,202006,12,0,7 40 41,1,55,,202005,18,,,1,30,,202007,18,,,1,60,,202009,12,0,7 40 41,1,10,,202008,18,,,1,30,,202010,18,,,1,70,,202011,18,,,1,30,,202012,18,,,1,85,,202013,18,,,1,90,,202014,18,,,1,100,,202015,18,,,1,202,,202016,18,,,1
5601,'20260904',515,,202017,18,,,1,40,,202018,1,0,5 56 9,1,55,,202019,18,,,1,15,,202020,1,0,5 56 9,1,15,,202021,18,,,1,15,,202022,1,0,5 56 9,1,55,,202023,18,,,1,30,,202024,18,,,1,70,,202025,18,,,1,35,,202026,18,,,1,68,,202027,18,,,1,30,,202028,18,,,1,75,,202029,18,,,1,30,,202030,18,,,1,70,,202031,18,,,1,30,,202032,18,,,1,70,,202033,18,,,1,25,,202034,18,,,1,70,,202035,18,,,1,30,,202036,18,,,1,70,,202037,18,,,1,30,,202038,18,,,1,70,,202039,18,,,1,37,,202040,18,,,1,60,,202041,18,,,1,30,,202042,18,,,1,15,,202044,12,0,7 40 41,1,55,,202043,18,,,1,30,,202045,18,,,1,60,,202047,12,0,7 40 41,1,10,,202046,18,,,1,30,,202048,18,,,1,70,,202049,18,,,1,30,,202050,18,,,1,85,,202051,18,,,1,90,,202052,18,,,1,100,,202053,18,,,1,202,,202054,18,,,1
5601,'20260908',515,,309559,18,,,1,35,,309560,1,0,5 56 9,1,60,,309561,18,,,1,15,,309562,1,0,5 56 9,1,15,,309563,18,,,1,15,,309564,1,0,5 56 9,1,55,,309565,18,,,1,15,,309566,1,0,5 56 9,1,15,,309567,18,,,1,70,,309568,18,,,1,38,,309569,18,,,1,65,,309570,18,,,1,30,,309571,18,,,1,75,,309572,18,,,1,30,,309573,18,,,1,70,,309574,18,,,1,30,,309575,18,,,1,70,,309576,18,,,1,25,,309577,18,,,1,70,,309578,18,,,1,30,,309579,18,,,1,70,,309580,18,,,1,30,,309581,18,,,1,57,,309583,12,0,7 40 41,1,13,,309582,18,,,1,37,,309584,18,,,1,60,,309585,18,,,1,30,,309586,18,,,1,15,,309588,12,0,7 40 41,1,55,,309587,18,,,1,30,,309589,18,,,1,60,,309591,12,0,7 40 41,1,10,,309590,18,,,1,30,,309592,18,,,1,70,,309593,18,,,1,30,,309594,18,,,1,85,,309595,18,,,1,105,,309596,18,,,1,100,,309597,18,,,1,202,,309598,18,,,1
5601,'20260909',515,,309599,18,,,1,35,,309600,1,0,5 56 9,1,60,,309601,18,,,1,15,,309602,1,0,5 56 9,1,15,,309603,18,,,1,15,,309604,1,0,5 56 9,1,55,,309605,18,,,1,15,,309606,1,0,5 56 9,1,15,,309607,18,,,1,70,,309608,18,,,1,38,,309609,18,,,1,65,,309610,18,,,1,30,,309611,18,,,1,75,,309612,18,,,1,30,,309613,18,,,1,70,,309614,18,,,1,30,,309615,18,,,1,70,,309616,18,,,1,25,,309617,18,,,1,70,,309618,18,,,1,30,,309619,18,,,1,70,,309620,18,,,1,30,,309621,18,,,1,57,,309623,12,0,7 40 41,1,13,,309622,18,,,1,37,,309624,18,,,1,60,,309625,18,,,1,30,,309626,18,,,1,15,,309628,12,0,7 40 41,1,55,,309627,18,,,1,30,,309629,18,,,1,60,,309631,12,0,7 40 41,1,10,,309630,18,,,1,30,,309632,18,,,1,70,,309633,18,,,1,30,,309634,18,,,1,85,,309635,18,,,1,105,,309636,18,,,1,100,,309637,18,,,1,202,,309638,18,,,1
5601,'20260910',515,,309639,18,,,1,35,,309640,1,0,5 56 9,1,60,,309641,18,,,1,15,,309642,1,0,5 56 9,1,15,,309643,18,,,1,15,,309644,1,0,5 56 9,1,55,,309645,18,,,1,15,,309646,1,0,5 56 9,1,15,,309647,18,,,1,70,,309648,18,,,1,38,,309649,18,,,1,65,,309650,18,,,1,30,,309651,18,,,1,75,,309652,18,,,1,30,,309653,18,,,1,70,,309654,18,,,1,30,,309655,18,,,1,70,,309656,18,,,1,25,,309657,18,,,1,70,,309658,18,,,1,30,,309659,18,,,1,70,,309660,18,,,1,30,,309661,18,,,1,57,,309663,12,0,7 40 41,1,13,,309662,18,,,1,37,,309664,18,,,1,60,,309665,18,,,1,30,,309666,18,,,1,15,,309668,12,0,7 40 41,1,55,,309667,18,,,1,30,,309669,18,,,1,60,,309671,12,0,7 40 41,1,10,,309670,18,,,1,30,,309672,18,,,1,70,,309673,18,,,1,30,,309674,18,,,1,85,,309675,18,,,1,105,,309676,18,,,1,100,,309677,18,,,1,202,,309678,18,,,1
5601,'20260911',515,,309679,18,,,1,35,,309680,1,0,5 56 9,1,60,,309681,18,,,1,15,,309682,1,0,5 56 9,1,15,,309683,18,,,1,15,,309684,1,0,5 56 9,1,55,,309685,18,,,1,15,,309686,1,0,5 56 9,1,15,,309687,18,,,1,70,,309688,18,,,1,38,,309689,18,,,1,65,,309690,18,,,1,30,,309691,18,,,1,75,,309692,18,,,1,30,,309693,18,,,1,70,,309694,18,,,1,30,,309695,18,,,1,70,,309696,18,,,1,25,,309697,18,,,1,70,,309698,18,,,1,30,,309699,18,,,1,70,,309700,18,,,1,30,,309701,18,,,1,57,,309703,12,0,7 40 41,1,13,,309702,18,,,1,37,,309704,18,,,1,60,,309705,18,,,1,30,,309706,18,,,1,15,,309708,12,0,7 40 41,1,55,,309707,18,,,1,30,,309709,18,,,1,60,,309711,12,0,7 40 41,1,10,,309710,18,,,1,30,,309712,18,,,1,70,,309713,18,,,1,30,,309714,18,,,1,85,,309715,18,,,1,105,,309716,18,,,1,100,,309717,18,,,1,202,,309718,18,,,1
5601,'20260914',515,,309719,18,,,1,35,,309720,1,0,5 56 9,1,60,,309721,18,,,1,15,,309722,1,0,5 56 9,1,15,,309723,18,,,1,15,,309724,1,0,5 56 9,1,55,,309725,18,,,1,15,,309726,1,0,5 56 9,1,15,,309727,18,,,1,70,,309728,18,,,1,38,,309729,18,,,1,65,,309730,18,,,1,30,,309731,18,,,1,75,,309732,18,,,1,30,,309733,18,,,1,70,,309734,18,,,1,30,,309735,18,,,1,70,,309736,18,,,1,25,,309737,18,,,1,70,,309738,18,,,1,30,,309739,18,,,1,70,,309740,18,,,1,30,,309741,18,,,1,57,,309743,12,0,7 40 41,1,13,,309742,18,,,1,37,,309744,18,,,1,60,,309745,18,,,1,30,,309746,18,,,1,15,,309748,12,0,7 40 41,1,55,,309747,18,,,1,30,,309749,18,,,1,60,,309751,12,0,7 40 41,1,10,,309750,18,,,1,30,,309752,18,,,1,70,,309753,18,,,1,30,,309754,18,,,1,85,,309755,18,,,1,105,,309756,18,,,1,100,,309757,18,,,1,202,,309758,18,,,1
5601,'20260915',515,,309759,18,,,1,35,,309760,1,0,5 56 9,1,60,,309761,18,,,1,15,,309762,1,0,5 56 9,1,15,,309763,18,,,1,15,,309764,1,0,5 56 9,1,55,,309765,18,,,1,15,,309766,1,0,5 56 9,1,15,,309767,18,,,1,70,,309768,18,,,1,38,,309769,18,,,1,65,,309770,18,,,1,30,,309771,18,,,1,75,,309772,18,,,1,30,,309773,18,,,1,70,,309774,18,,,1,30,,309775,18,,,1,70,,309776,18,,,1,25,,309777,18,,,1,70,,309778,18,,,1,30,,309779,18,,,1,70,,309780,18,,,1,30,,309781,18,,,1,57,,309783,12,0,7 40 41,1,13,,309782,18,,,1,37,,309784,18,,,1,60,,309785,18,,,1,30,,309786,18,,,1,15,,309788,12,0,7 40 41,1,55,,309787,18,,,1,30,,309789,18,,,1,60,,309791,12,0,7 40 41,1,10,,309790,18,,,1,30,,309792,18,,,1,70,,309793,18,,,1,30,,309794,18,,,1,85,,309795,18,,,1,105,,309796,18,,,1,100,,309797,18,,,1,202,,309798,18,,,1
5601,'20260916',515,,309799,18,,,1,35,,309800,1,0,5 56 9,1,60,,309801,18,,,1,15,,309802,1,0,5 56 9,1,15,,309803,18,,,1,15,,309804,1,0,5 56 9,1,55,,309805,18,,,1,15,,309806,1,0,5 56 9,1,15,,309807,18,,,1,70,,309808,18,,,1,38,,309809,18,,,1,65,,309810,18,,,1,30,,309811,18,,,1,75,,309812,18,,,1,30,,309813,18,,,1,70,,309814,18,,,1,30,,309815,18,,,1,70,,309816,18,,,1,25,,309817,18,,,1,70,,309818,18,,,1,30,,309819,18,,,1,70,,309820,18,,,1,30,,309821,18,,,1,57,,309823,12,0,7 40 41,1,13,,309822,18,,,1,37,,309824,18,,,1,60,,309825,18,,,1,30,,309826,18,,,1,15,,309828,12,0,7 40 41,1,55,,309827,18,,,1,30,,309829,18,,,1,60,,309831,12,0,7 40 41,1,10,,309830,18,,,1,30,,309832,18,,,1,70,,309833,18,,,1,30,,309834,18,,,1,85,,309835,18,,,1,105,,309836,18,,,1,100,,309837,18,,,1,202,,309838,18,,,1
5601,'20260917',515,,309839,18,,,1,35,,309840,1,0,5 56 9,1,60,,309841,18,,,1,15,,309842,1,0,5 56 9,1,15,,309843,18,,,1,15,,309844,1,0,5 56 9,1,55,,309845,18,,,1,15,,309846,1,0,5 56 9,1,15,,309847,18,,,1,70,,309848,18,,,1,38,,309849,18,,,1,65,,309850,18,,,1,30,,309851,18,,,1,75,,309852,18,,,1,30,,309853,18,,,1,70,,309854,18,,,1,30,,309855,18,,,1,70,,309856,18,,,1,25,,309857,18,,,1,70,,309858,18,,,1,30,,309859,18,,,1,70,,309860,18,,,1,30,,309861,18,,,1,57,,309863,12,0,7 40 41,1,13,,309862,18,,,1,37,,309864,18,,,1,60,,309865,18,,,1,30,,309866,18,,,1,15,,309868,12,0,7 40 41,1,55,,309867,18,,,1,30,,309869,18,,,1,60,,309871,12,0,7 40 41,1,10,,309870,18,,,1,30,,309872,18,,,1,70,,309873,18,,,1,30,,309874,18,,,1,85,,309875,18,,,1,105,,309876,18,,,1,100,,309877,18,,,1,202,,309878,18,,,1
5601,'20260918',515,,309879,18,,,1,35,,309880,1,0,5 56 9,1,60,,309881,18,,,1,15,,309882,1,0,5 56 9,1,15,,309883,18,,,1,15,,309884,1,0,5 56 9,1,55,,309885,18,,,1,15,,309886,1,0,5 56 9,1,15,,309887,18,,,1,70,,309888,18,,,1,38,,309889,18,,,1,65,,309890,18,,,1,30,,309891,18,,,1,75,,309892,18,,,1,30,,309893,18,,,1,70,,309894,18,,,1,30,,309895,18,,,1,70,,309896,18,,,1,25,,309897,18,,,1,70,,309898,18,,,1,30,,309899,18,,,1,70,,309900,18,,,1,30,,309901,18,,,1,57,,309903,12,0,7 40 41,1,13,,309902,18,,,1,37,,309904,18,,,1,60,,309905,18,,,1,30,,309906,18,,,1,15,,309908,12,0,7 40 41,1,55,,309907,18,,,1,30,,309909,18,,,1,60,,309911,12,0,7 40 41,1,10,,309910,18,,,1,30,,309912,18,,,1,70,,309913,18,,,1,30,,309914,18,,,1,85,,309915,18,,,1,105,,309916,18,,,1,100,,309917,18,,,1,202,,309918,18,,,1
5601,'20260921',515,,309919,18,,,1,35,,309920,1,0,5 56 9,1,60,,309921,18,,,1,15,,309922,1,0,5 56 9,1,15,,309923,18,,,1,15,,309924,1,0,5 56 9,1,55,,309925,18,,,1,15,,309926,1,0,5 56 9,1,15,,309927,18,,,1,70,,309928,18,,,1,38,,309929,18,,,1,65,,309930,18,,,1,30,,309931,18,,,1,75,,309932,18,,,1,30,,309933,18,,,1,70,,309934,18,,,1,30,,309935,18,,,1,70,,309936,18,,,1,25,,309937,18,,,1,70,,309938,18,,,1,30,,309939,18,,,1,70,,309940,18,,,1,30,,309941,18,,,1,57,,309943,12,0,7 40 41,1,13,,309942,18,,,1,37,,309944,18,,,1,60,,309945,18,,,1,30,,309946,18,,,1,15,,309948,12,0,7 40 41,1,55,,309947,18,,,1,30,,309949,18,,,1,60,,309951,12,0,7 40 41,1,10,,309950,18,,,1,30,,309952,18,,,1,70,,309953,18,,,1,30,,309954,18,,,1,85,,309955,18,,,1,105,,309956,18,,,1,100,,309957,18,,,1,202,,309958,18,,,1
5601,'20260922',515,,309959,18,,,1,35,,309960,1,0,5 56 9,1,60,,309961,18,,,1,15,,309962,1,0,5 56 9,1,15,,309963,18,,,1,15,,309964,1,0,5 56 9,1,55,,309965,18,,,1,15,,309966,1,0,5 56 9,1,15,,309967,18,,,1,70,,309968,18,,,1,38,,309969,18,,,1,65,,309970,18,,,1,30,,309971,18,,,1,75,,309972,18,,,1,30,,309973,18,,,1,70,,309974,18,,,1,30,,309975,18,,,1,70,,309976,18,,,1,25,,309977,18,,,1,70,,309978,18,,,1,30,,309979,18,,,1,70,,309980,18,,,1,30,,309981,18,,,1,57,,309983,12,0,7 40 41,1,13,,309982,18,,,1,37,,309984,18,,,1,60,,309985,18,,,1,30,,309986,18,,,1,15,,309988,12,0,7 40 41,1,55,,309987,18,,,1,30,,309989,18,,,1,60,,309991,12,0,7 40 41,1,10,,309990,18,,,1,30,,309992,18,,,1,70,,309993,18,,,1,30,,309994,18,,,1,85,,309995,18,,,1,105,,309996,18,,,1,100,,309997,18,,,1,202,,309998,18,,,1
5601,'20260923',515,,309999,18,,,1,35,,310000,1,0,5 56 9,1,60,,310001,18,,,1,15,,310002,1,0,5 56 9,1,15,,310003,18,,,1,15,,310004,1,0,5 56 9,1,55,,310005,18,,,1,15,,310006,1,0,5 56 9,1,15,,310007,18,,,1,70,,310008,18,,,1,38,,310009,18,,,1,65,,310010,18,,,1,30,,310011,18,,,1,75,,310012,18,,,1,30,,310013,18,,,1,70,,310014,18,,,1,30,,310015,18,,,1,70,,310016,18,,,1,25,,310017,18,,,1,70,,310018,18,,,1,30,,310019,18,,,1,70,,310020,18,,,1,30,,310021,18,,,1,57,,310023,12,0,7 40 41,1,13,,310022,18,,,1,37,,310024,18,,,1,60,,310025,18,,,1,30,,310026,18,,,1,15,,310028,12,0,7 40 41,1,55,,310027,18,,,1,30,,310029,18,,,1,60,,310031,12,0,7 40 41,1,10,,310030,18,,,1,30,,310032,18,,,1,70,,310033,18,,,1,30,,310034,18,,,1,85,,310035,18,,,1,105,,310036,18,,,1,100,,310037,18,,,1,202,,310038,18,,,1
5601,'20260924',515,,310039,18,,,1,35,,310040,1,0,5 56 9,1,60,,310041,18,,,1,15,,310042,1,0,5 56 9,1,15,,310043,18,,,1,15,,310044,1,0,5 56 9,1,55,,310045,18,,,1,15,,310046,1,0,5 56 9,1,15,,310047,18,,,1,70,,310048,18,,,1,38,,310049,18,,,1,65,,310050,18,,,1,30,,310051,18,,,1,75,,310052,18,,,1,30,,310053,18,,,1,70,,310054,18,,,1,30,,310055,18,,,1,70,,310056,18,,,1,25,,310057,18,,,1,70,,310058,18,,,1,30,,310059,18,,,1,70,,310060,18,,,1,30,,310061,18,,,1,57,,310063,12,0,7 40 41,1,13,,310062,18,,,1,37,,310064,18,,,1,60,,310065,18,,,1,30,,310066,18,,,1,15,,310068,12,0,7 40 41,1,55,,310067,18,,,1,30,,310069,18,,,1,60,,310071,12,0,7 40 41,1,10,,310070,18,,,1,30,,310072,18,,,1,70,,310073,18,,,1,30,,310074,18,,,1,85,,310075,18,,,1,105,,310076,18,,,1,100,,310077,18,,,1,202,,310078,18,,,1
5601,'20260925',515,,310079,18,,,1,35,,310080,1,0,5 56 9,1,60,,310081,18,,,1,15,,310082,1,0,5 56 9,1,15,,310083,18,,,1,15,,310084,1,0,5 56 9,1,55,,310085,18,,,1,15,,310086,1,0,5 56 9,1,15,,310087,18,,,1,70,,310088,18,,,1,38,,310089,18,,,1,65,,310090,18,,,1,30,,310091,18,,,1,75,,310092,18,,,1,30,,310093,18,,,1,70,,310094,18,,,1,30,,310095,18,,,1,70,,310096,18,,,1,25,,310097,18,,,1,70,,310098,18,,,1,30,,310099,18,,,1,70,,310100,18,,,1,30,,310101,18,,,1,57,,310103,12,0,7 40 41,1,13,,310102,18,,,1,37,,310104,18,,,1,60,,310105,18,,,1,30,,310106,18,,,1,15,,310108,12,0,7 40 41,1,55,,310107,18,,,1,30,,310109,18,,,1,60,,310111,12,0,7 40 41,1,10,,310110,18,,,1,30,,310112,18,,,1,70,,310113,18,,,1,30,,310114,18,,,1,85,,310115,18,,,1,105,,310116,18,,,1,100,,310117,18,,,1,202,,310118,18,,,1
5601,'20260928',515,,310119,18,,,1,35,,310120,1,0,5 56 9,1,60,,310121,18,,,1,15,,310122,1,0,5 56 9,1,15,,310123,18,,,1,15,,310124,1,0,5 56 9,1,55,,310125,18,,,1,15,,310126,1,0,5 56 9,1,15,,310127,18,,,1,70,,310128,18,,,1,38,,310129,18,,,1,65,,310130,18,,,1,30,,310131,18,,,1,75,,310132,18,,,1,30,,310133,18,,,1,70,,310134,18,,,1,30,,310135,18,,,1,70,,310136,18,,,1,25,,310137,18,,,1,70,,310138,18,,,1,30,,310139,18,,,1,70,,310140,18,,,1,30,,310141,18,,,1,57,,310143,12,0,7 40 41,1,13,,310142,18,,,1,37,,310144,18,,,1,60,,310145,18,,,1,30,,310146,18,,,1,15,,310148,12,0,7 40 41,1,55,,310147,18,,,1,30,,310149,18,,,1,60,,310151,12,0,7 40 41,1,10,,310150,18,,,1,30,,310152,18,,,1,70,,310153,18,,,1,30,,310154,18,,,1,85,,310155,18,,,1,105,,310156,18,,,1,100,,310157,18,,,1,202,,310158,18,,,1
5601,'20260929',515,,310159,18,,,1,35,,310160,1,0,5 56 9,1,60,,310161,18,,,1,15,,310162,1,0,5 56 9,1,15,,310163,18,,,1,15,,310164,1,0,5 56 9,1,55,,310165,18,,,1,15,,310166,1,0,5 56 9,1,15,,310167,18,,,1,70,,310168,18,,,1,38,,310169,18,,,1,65,,310170,18,,,1,30,,310171,18,,,1,75,,310172,18,,,1,30,,310173,18,,,1,70,,310174,18,,,1,30,,310175,18,,,1,70,,310176,18,,,1,25,,310177,18,,,1,70,,310178,18,,,1,30,,310179,18,,,1,70,,310180,18,,,1,30,,310181,18,,,1,57,,310183,12,0,7 40 41,1,13,,310182,18,,,1,37,,310184,18,,,1,60,,310185,18,,,1,30,,310186,18,,,1,15,,310188,12,0,7 40 41,1,55,,310187,18,,,1,30,,310189,18,,,1,60,,310191,12,0,7 40 41,1,10,,310190,18,,,1,30,,310192,18,,,1,70,,310193,18,,,1,30,,310194,18,,,1,85,,310195,18,,,1,105,,310196,18,,,1,100,,310197,18,,,1,202,,310198,18,,,1
5601,'20260930',515,,310199,18,,,1,35,,310200,1,0,5 56 9,1,60,,310201,18,,,1,15,,310202,1,0,5 56 9,1,15,,310203,18,,,1,15,,310204,1,0,5 56 9,1,55,,310205,18,,,1,15,,310206,1,0,5 56 9,1,15,,310207,18,,,1,70,,310208,18,,,1,38,,310209,18,,,1,65,,310210,18,,,1,30,,310211,18,,,1,75,,310212,18,,,1,30,,310213,18,,,1,70,,310214,18,,,1,30,,310215,18,,,1,70,,310216,18,,,1,25,,310217,18,,,1,70,,310218,18,,,1,30,,310219,18,,,1,70,,310220,18,,,1,30,,310221,18,,,1,57,,310223,12,0,7 40 41,1,13,,310222,18,,,1,37,,310224,18,,,1,60,,310225,18,,,1,30,,310226,18,,,1,15,,310228,12,0,7 40 41,1,55,,310227,18,,,1,30,,310229,18,,,1,60,,310231,12,0,7 40 41,1,10,,310230,18,,,1,30,,310232,18,,,1,70,,310233,18,,,1,30,,310234,18,,,1,85,,310235,18,,,1,105,,310236,18,,,1,100,,310237,18,,,1,202,,310238,18,,,1
5601,'20261001',515,,310239,18,,,1,35,,310240,1,0,5 56 9,1,60,,310241,18,,,1,15,,310242,1,0,5 56 9,1,15,,310243,18,,,1,15,,310244,1,0,5 56 9,1,55,,310245,18,,,1,15,,310246,1,0,5 56 9,1,15,,310247,18,,,1,70,,310248,18,,,1,38,,310249,18,,,1,65,,310250,18,,,1,30,,310251,18,,,1,75,,310252,18,,,1,30,,310253,18,,,1,70,,310254,18,,,1,30,,310255,18,,,1,70,,310256,18,,,1,25,,310257,18,,,1,70,,310258,18,,,1,30,,310259,18,,,1,70,,310260,18,,,1,30,,310261,18,,,1,57,,310263,12,0,7 40 41,1,13,,310262,18,,,1,37,,310264,18,,,1,60,,310265,18,,,1,30,,310266,18,,,1,15,,310268,12,0,7 40 41,1,55,,310267,18,,,1,30,,310269,18,,,1,60,,310271,12,0,7 40 41,1,10,,310270,18,,,1,30,,310272,18,,,1,70,,310273,18,,,1,30,,310274,18,,,1,85,,310275,18,,,1,105,,310276,18,,,1,100,,310277,18,,,1,202,,310278,18,,,1
5601,'20261002',515,,310279,18,,,1,35,,310280,1,0,5 56 9,1,60,,310281,18,,,1,15,,310282,1,0,5 56 9,1,15,,310283,18,,,1,15,,310284,1,0,5 56 9,1,55,,310285,18,,,1,15,,310286,1,0,5 56 9,1,15,,310287,18,,,1,70,,310288,18,,,1,38,,310289,18,,,1,65,,310290,18,,,1,30,,310291,18,,,1,75,,310292,18,,,1,30,,310293,18,,,1,70,,310294,18,,,1,30,,310295,18,,,1,70,,310296,18,,,1,25,,310297,18,,,1,70,,310298,18,,,1,30,,310299,18,,,1,70,,310300,18,,,1,30,,310301,18,,,1,57,,310303,12,0,7 40 41,1,13,,310302,18,,,1,37,,310304,18,,,1,60,,310305,18,,,1,30,,310306,18,,,1,15,,310308,12,0,7 40 41,1,55,,310307,18,,,1,30,,310309,18,,,1,60,,310311,12,0,7 40 41,1,10,,310310,18,,,1,30,,310312,18,,,1,70,,310313,18,,,1,30,,310314,18,,,1,85,,310315,18,,,1,105,,310316,18,,,1,100,,310317,18,,,1,202,,310318,18,,,1
5601,'20261005',515,,310319,18,,,1,35,,310320,1,0,5 56 9,1,60,,310321,18,,,1,15,,310322,1,0,5 56 9,1,15,,310323,18,,,1,15,,310324,1,0,5 56 9,1,55,,310325,18,,,1,15,,310326,1,0,5 56 9,1,15,,310327,18,,,1,70,,310328,18,,,1,38,,310329,18,,,1,65,,310330,18,,,1,30,,310331,18,,,1,75,,310332,18,,,1,30,,310333,18,,,1,70,,310334,18,,,1,30,,310335,18,,,1,70,,310336,18,,,1,25,,310337,18,,,1,70,,310338,18,,,1,30,,310339,18,,,1,70,,310340,18,,,1,30,,310341,18,,,1,57,,310343,12,0,7 40 41,1,13,,310342,18,,,1,37,,310344,18,,,1,60,,310345,18,,,1,30,,310346,18,,,1,15,,310348,12,0,7 40 41,1,55,,310347,18,,,1,30,,310349,18,,,1,60,,310351,12,0,7 40 41,1,10,,310350,18,,,1,30,,310352,18,,,1,70,,310353,18,,,1,30,,310354,18,,,1,85,,310355,18,,,1,105,,310356,18,,,1,100,,310357,18,,,1,202,,310358,18,,,1
5601,'20261006',515,,310359,18,,,1,35,,310360,1,0,5 56 9,1,60,,310361,18,,,1,15,,310362,1,0,5 56 9,1,15,,310363,18,,,1,15,,310364,1,0,5 56 9,1,55,,310365,18,,,1,15,,310366,1,0,5 56 9,1,15,,310367,18,,,1,70,,310368,18,,,1,38,,310369,18,,,1,65,,310370,18,,,1,30,,310371,18,,,1,75,,310372,18,,,1,30,,310373,18,,,1,70,,310374,18,,,1,30,,310375,18,,,1,70,,310376,18,,,1,25,,310377,18,,,1,70,,310378,18,,,1,30,,310379,18,,,1,70,,310380,18,,,1,30,,310381,18,,,1,57,,310383,12,0,7 40 41,1,13,,310382,18,,,1,37,,310384,18,,,1,60,,310385,18,,,1,30,,310386,18,,,1,15,,310388,12,0,7 40 41,1,55,,310387,18,,,1,30,,310389,18,,,1,60,,310391,12,0,7 40 41,1,10,,310390,18,,,1,30,,310392,18,,,1,70,,310393,18,,,1,30,,310394,18,,,1,85,,310395,18,,,1,105,,310396,18,,,1,100,,310397,18,,,1,202,,310398,18,,,1
5601,'20261007',515,,310399,18,,,1,35,,310400,1,0,5 56 9,1,60,,310401,18,,,1,15,,310402,1,0,5 56 9,1,15,,310403,18,,,1,15,,310404,1,0,5 56 9,1,55,,310405,18,,,1,15,,310406,1,0,5 56 9,1,15,,310407,18,,,1,70,,310408,18,,,1,38,,310409,18,,,1,65,,310410,18,,,1,30,,310411,18,,,1,75,,310412,18,,,1,30,,310413,18,,,1,70,,310414,18,,,1,30,,310415,18,,,1,70,,310416,18,,,1,25,,310417,18,,,1,70,,310418,18,,,1,30,,310419,18,,,1,70,,310420,18,,,1,30,,310421,18,,,1,57,,310423,12,0,7 40 41,1,13,,310422,18,,,1,37,,310424,18,,,1,60,,310425,18,,,1,30,,310426,18,,,1,15,,310428,12,0,7 40 41,1,55,,310427,18,,,1,30,,310429,18,,,1,60,,310431,12,0,7 40 41,1,10,,310430,18,,,1,30,,310432,18,,,1,70,,310433,18,,,1,30,,310434,18,,,1,85,,310435,18,,,1,105,,310436,18,,,1,100,,310437,18,,,1,202,,310438,18,,,1
5601,'20261008',515,,310439,18,,,1,35,,310440,1,0,5 56 9,1,60,,310441,18,,,1,15,,310442,1,0,5 56 9,1,15,,310443,18,,,1,15,,310444,1,0,5 56 9,1,55,,310445,18,,,1,15,,310446,1,0,5 56 9,1,15,,310447,18,,,1,70,,310448,18,,,1,38,,310449,18,,,1,65,,310450,18,,,1,30,,310451,18,,,1,75,,310452,18,,,1,30,,310453,18,,,1,70,,310454,18,,,1,30,,310455,18,,,1,70,,310456,18,,,1,25,,310457,18,,,1,70,,310458,18,,,1,30,,310459,18,,,1,70,,310460,18,,,1,30,,310461,18,,,1,57,,310463,12,0,7 40 41,1,13,,310462,18,,,1,37,,310464,18,,,1,60,,310465,18,,,1,30,,310466,18,,,1,15,,310468,12,0,7 40 41,1,55,,310467,18,,,1,30,,310469,18,,,1,60,,310471,12,0,7 40 41,1,10,,310470,18,,,1,30,,310472,18,,,1,70,,310473,18,,,1,30,,310474,18,,,1,85,,310475,18,,,1,105,,310476,18,,,1,100,,310477,18,,,1,202,,310478,18,,,1
5601,'20261009',515,,310479,18,,,1,35,,310480,1,0,5 56 9,1,60,,310481,18,,,1,15,,310482,1,0,5 56 9,1,15,,310483,18,,,1,15,,310484,1,0,5 56 9,1,55,,310485,18,,,1,15,,310486,1,0,5 56 9,1,15,,310487,18,,,1,70,,310488,18,,,1,38,,310489,18,,,1,65,,310490,18,,,1,30,,310491,18,,,1,75,,310492,18,,,1,30,,310493,18,,,1,70,,310494,18,,,1,30,,310495,18,,,1,70,,310496,18,,,1,25,,310497,18,,,1,70,,310498,18,,,1,30,,310499,18,,,1,70,,310500,18,,,1,30,,310501,18,,,1,57,,310503,12,0,7 40 41,1,13,,310502,18,,,1,37,,310504,18,,,1,60,,310505,18,,,1,30,,310506,18,,,1,15,,310508,12,0,7 40 41,1,55,,310507,18,,,1,30,,310509,18,,,1,60,,310511,12,0,7 40 41,1,10,,310510,18,,,1,30,,310512,18,,,1,70,,310513,18,,,1,30,,310514,18,,,1,85,,310515,18,,,1,105,,310516,18,,,1,100,,310517,18,,,1,202,,310518,18,,,1
5601,'20261013',515,,310519,18,,,1,35,,310520,1,0,5 56 9,1,60,,310521,18,,,1,15,,310522,1,0,5 56 9,1,15,,310523,18,,,1,15,,310524,1,0,5 56 9,1,55,,310525,18,,,1,15,,310526,1,0,5 56 9,1,15,,310527,18,,,1,70,,310528,18,,,1,38,,310529,18,,,1,65,,310530,18,,,1,30,,310531,18,,,1,75,,310532,18,,,1,30,,310533,18,,,1,70,,310534,18,,,1,30,,310535,18,,,1,70,,310536,18,,,1,25,,310537,18,,,1,70,,310538,18,,,1,30,,310539,18,,,1,70,,310540,18,,,1,30,,310541,18,,,1,57,,310543,12,0,7 40 41,1,13,,310542,18,,,1,37,,310544,18,,,1,60,,310545,18,,,1,30,,310546,18,,,1,15,,310548,12,0,7 40 41,1,55,,310547,18,,,1,30,,310549,18,,,1,60,,310551,12,0,7 40 41,1,10,,310550,18,,,1,30,,310552,18,,,1,70,,310553,18,,,1,30,,310554,18,,,1,85,,310555,18,,,1,105,,310556,18,,,1,100,,310557,18,,,1,202,,310558,18,,,1
5601,'20261014',515,,310559,18,,,1,35,,310560,1,0,5 56 9,1,60,,310561,18,,,1,15,,310562,1,0,5 56 9,1,15,,310563,18,,,1,15,,310564,1,0,5 56 9,1,55,,310565,18,,,1,15,,310566,1,0,5 56 9,1,15,,310567,18,,,1,70,,310568,18,,,1,38,,310569,18,,,1,65,,310570,18,,,1,30,,310571,18,,,1,75,,310572,18,,,1,30,,310573,18,,,1,70,,310574,18,,,1,30,,310575,18,,,1,70,,310576,18,,,1,25,,310577,18,,,1,70,,310578,18,,,1,30,,310579,18,,,1,70,,310580,18,,,1,30,,310581,18,,,1,57,,310583,12,0,7 40 41,1,13,,310582,18,,,1,37,,310584,18,,,1,60,,310585,18,,,1,30,,310586,18,,,1,15,,310588,12,0,7 40 41,1,55,,310587,18,,,1,30,,310589,18,,,1,60,,310591,12,0,7 40 41,1,10,,310590,18,,,1,30,,310592,18,,,1,70,,310593,18,,,1,30,,310594,18,,,1,85,,310595,18,,,1,105,,310596,18,,,1,100,,310597,18,,,1,202,,310598,18,,,1
5601,'20261015',515,,310599,18,,,1,35,,310600,1,0,5 56 9,1,60,,310601,18,,,1,15,,310602,1,0,5 56 9,1,15,,310603,18,,,1,15,,310604,1,0,5 56 9,1,55,,310605,18,,,1,15,,310606,1,0,5 56 9,1,15,,310607,18,,,1,70,,310608,18,,,1,38,,310609,18,,,1,65,,310610,18,,,1,30,,310611,18,,,1,75,,310612,18,,,1,30,,310613,18,,,1,70,,310614,18,,,1,30,,310615,18,,,1,70,,310616,18,,,1,25,,310617,18,,,1,70,,310618,18,,,1,30,,310619,18,,,1,70,,310620,18,,,1,30,,310621,18,,,1,57,,310623,12,0,7 40 41,1,13,,310622,18,,,1,37,,310624,18,,,1,60,,310625,18,,,1,30,,310626,18,,,1,15,,310628,12,0,7 40 41,1,55,,310627,18,,,1,30,,310629,18,,,1,60,,310631,12,0,7 40 41,1,10,,310630,18,,,1,30,,310632,18,,,1,70,,310633,18,,,1,30,,310634,18,,,1,85,,310635,18,,,1,105,,310636,18,,,1,100,,310637,18,,,1,202,,310638,18,,,1
5601,'20261016',515,,310639,18,,,1,35,,310640,1,0,5 56 9,1,60,,310641,18,,,1,15,,310642,1,0,5 56 9,1,15,,310643,18,,,1,15,,310644,1,0,5 56 9,1,55,,310645,18,,,1,15,,310646,1,0,5 56 9,1,15,,310647,18,,,1,70,,310648,18,,,1,38,,310649,18,,,1,65,,310650,18,,,1,30,,310651,18,,,1,75,,310652,18,,,1,30,,310653,18,,,1,70,,310654,18,,,1,30,,310655,18,,,1,70,,310656,18,,,1,25,,310657,18,,,1,70,,310658,18,,,1,30,,310659,18,,,1,70,,310660,18,,,1,30,,310661,18,,,1,57,,310663,12,0,7 40 41,1,13,,310662,18,,,1,37,,310664,18,,,1,60,,310665,18,,,1,30,,310666,18,,,1,15,,310668,12,0,7 40 41,1,55,,310667,18,,,1,30,,310669,18,,,1,60,,310671,12,0,7 40 41,1,10,,310670,18,,,1,30,,310672,18,,,1,70,,310673,18,,,1,30,,310674,18,,,1,85,,310675,18,,,1,105,,310676,18,,,1,100,,310677,18,,,1,202,,310678,18,,,1
5601,'20261019',515,,310679,18,,,1,35,,310680,1,0,5 56 9,1,60,,310681,18,,,1,15,,310682,1,0,5 56 9,1,15,,310683,18,,,1,15,,310684,1,0,5 56 9,1,55,,310685,18,,,1,15,,310686,1,0,5 56 9,1,15,,310687,18,,,1,70,,310688,18,,,1,38,,310689,18,,,1,65,,310690,18,,,1,30,,310691,18,,,1,75,,310692,18,,,1,30,,310693,18,,,1,70,,310694,18,,,1,30,,310695,18,,,1,70,,310696,18,,,1,25,,310697,18,,,1,70,,310698,18,,,1,30,,310699,18,,,1,70,,310700,18,,,1,30,,310701,18,,,1,57,,310703,12,0,7 40 41,1,13,,310702,18,,,1,37,,310704,18,,,1,60,,310705,18,,,1,30,,310706,18,,,1,15,,310708,12,0,7 40 41,1,55,,310707,18,,,1,30,,310709,18,,,1,60,,310711,12,0,7 40 41,1,10,,310710,18,,,1,30,,310712,18,,,1,70,,310713,18,,,1,30,,310714,18,,,1,85,,310715,18,,,1,105,,310716,18,,,1,100,,310717,18,,,1,202,,310718,18,,,1
5601,'20261020',515,,310719,18,,,1,35,,310720,1,0,5 56 9,1,60,,310721,18,,,1,15,,310722,1,0,5 56 9,1,15,,310723,18,,,1,15,,310724,1,0,5 56 9,1,55,,310725,18,,,1,15,,310726,1,0,5 56 9,1,15,,310727,18,,,1,70,,310728,18,,,1,38,,310729,18,,,1,65,,310730,18,,,1,30,,310731,18,,,1,75,,310732,18,,,1,30,,310733,18,,,1,70,,310734,18,,,1,30,,310735,18,,,1,70,,310736,18,,,1,25,,310737,18,,,1,70,,310738,18,,,1,30,,310739,18,,,1,70,,310740,18,,,1,30,,310741,18,,,1,57,,310743,12,0,7 40 41,1,13,,310742,18,,,1,37,,310744,18,,,1,60,,310745,18,,,1,30,,310746,18,,,1,15,,310748,12,0,7 40 41,1,55,,310747,18,,,1,30,,310749,18,,,1,60,,310751,12,0,7 40 41,1,10,,310750,18,,,1,30,,310752,18,,,1,70,,310753,18,,,1,30,,310754,18,,,1,85,,310755,18,,,1,105,,310756,18,,,1,100,,310757,18,,,1,202,,310758,18,,,1
5601,'20261021',515,,310759,18,,,1,35,,310760,1,0,5 56 9,1,60,,310761,18,,,1,15,,310762,1,0,5 56 9,1,15,,310763,18,,,1,15,,310764,1,0,5 56 9,1,55,,310765,18,,,1,15,,310766,1,0,5 56 9,1,15,,310767,18,,,1,70,,310768,18,,,1,38,,310769,18,,,1,65,,310770,18,,,1,30,,310771,18,,,1,75,,310772,18,,,1,30,,310773,18,,,1,70,,310774,18,,,1,30,,310775,18,,,1,70,,310776,18,,,1,25,,310777,18,,,1,70,,310778,18,,,1,30,,310779,18,,,1,70,,310780,18,,,1,30,,310781,18,,,1,57,,310783,12,0,7 40 41,1,13,,310782,18,,,1,37,,310784,18,,,1,60,,310785,18,,,1,30,,310786,18,,,1,15,,310788,12,0,7 40 41,1,55,,310787,18,,,1,30,,310789,18,,,1,60,,310791,12,0,7 40 41,1,10,,310790,18,,,1,30,,310792,18,,,1,70,,310793,18,,,1,30,,310794,18,,,1,85,,310795,18,,,1,105,,310796,18,,,1,100,,310797,18,,,1,202,,310798,18,,,1
5601,'20261022',515,,310799,18,,,1,35,,310800,1,0,5 56 9,1,60,,310801,18,,,1,15,,310802,1,0,5 56 9,1,15,,310803,18,,,1,15,,310804,1,0,5 56 9,1,55,,310805,18,,,1,15,,310806,1,0,5 56 9,1,15,,310807,18,,,1,70,,310808,18,,,1,38,,310809,18,,,1,65,,310810,18,,,1,30,,310811,18,,,1,75,,310812,18,,,1,30,,310813,18,,,1,70,,310814,18,,,1,30,,310815,18,,,1,70,,310816,18,,,1,25,,310817,18,,,1,70,,310818,18,,,1,30,,310819,18,,,1,70,,310820,18,,,1,30,,310821,18,,,1,57,,310823,12,0,7 40 41,1,13,,310822,18,,,1,37,,310824,18,,,1,60,,310825,18,,,1,30,,310826,18,,,1,15,,310828,12,0,7 40 41,1,55,,310827,18,,,1,30,,310829,18,,,1,60,,310831,12,0,7 40 41,1,10,,310830,18,,,1,30,,310832,18,,,1,70,,310833,18,,,1,30,,310834,18,,,1,85,,310835,18,,,1,105,,310836,18,,,1,100,,310837,18,,,1,202,,310838,18,,,1
5601,'20261023',515,,310839,18,,,1,35,,310840,1,0,5 56 9,1,60,,310841,18,,,1,15,,310842,1,0,5 56 9,1,15,,310843,18,,,1,15,,310844,1,0,5 56 9,1,55,,310845,18,,,1,15,,310846,1,0,5 56 9,1,15,,310847,18,,,1,70,,310848,18,,,1,38,,310849,18,,,1,65,,310850,18,,,1,30,,310851,18,,,1,75,,310852,18,,,1,30,,310853,18,,,1,70,,310854,18,,,1,30,,310855,18,,,1,70,,310856,18,,,1,25,,310857,18,,,1,70,,310858,18,,,1,30,,310859,18,,,1,70,,310860,18,,,1,30,,310861,18,,,1,57,,310863,12,0,7 40 41,1,13,,310862,18,,,1,37,,310864,18,,,1,60,,310865,18,,,1,30,,310866,18,,,1,15,,310868,12,0,7 40 41,1,55,,310867,18,,,1,30,,310869,18,,,1,60,,310871,12,0,7 40 41,1,10,,310870,18,,,1,30,,310872,18,,,1,70,,310873,18,,,1,30,,310874,18,,,1,85,,310875,18,,,1,105,,310876,18,,,1,100,,310877,18,,,1,202,,310878,18,,,1
5601,'20261026',515,,310879,18,,,1,35,,310880,1,0,5 56 9,1,60,,310881,18,,,1,15,,310882,1,0,5 56 9,1,15,,310883,18,,,1,15,,310884,1,0,5 56 9,1,55,,310885,18,,,1,15,,310886,1,0,5 56 9,1,15,,310887,18,,,1,70,,310888,18,,,1,38,,310889,18,,,1,65,,310890,18,,,1,30,,310891,18,,,1,75,,310892,18,,,1,30,,310893,18,,,1,70,,310894,18,,,1,30,,310895,18,,,1,70,,310896,18,,,1,25,,310897,18,,,1,70,,310898,18,,,1,30,,310899,18,,,1,70,,310900,18,,,1,30,,310901,18,,,1,57,,310903,12,0,7 40 41,1,13,,310902,18,,,1,37,,310904,18,,,1,60,,310905,18,,,1,30,,310906,18,,,1,15,,310908,12,0,7 40 41,1,55,,310907,18,,,1,30,,310909,18,,,1,60,,310911,12,0,7 40 41,1,10,,310910,18,,,1,30,,310912,18,,,1,70,,310913,18,,,1,30,,310914,18,,,1,85,,310915,18,,,1,105,,310916,18,,,1,100,,310917,18,,,1,202,,310918,18,,,1
5601,'20261027',515,,310919,18,,,1,35,,310920,1,0,5 56 9,1,60,,310921,18,,,1,15,,310922,1,0,5 56 9,1,15,,310923,18,,,1,15,,310924,1,0,5 56 9,1,55,,310925,18,,,1,15,,310926,1,0,5 56 9,1,15,,310927,18,,,1,70,,310928,18,,,1,38,,310929,18,,,1,65,,310930,18,,,1,30,,310931,18,,,1,75,,310932,18,,,1,30,,310933,18,,,1,70,,310934,18,,,1,30,,310935,18,,,1,70,,310936,18,,,1,25,,310937,18,,,1,70,,310938,18,,,1,30,,310939,18,,,1,70,,310940,18,,,1,30,,310941,18,,,1,57,,310943,12,0,7 40 41,1,13,,310942,18,,,1,37,,310944,18,,,1,60,,310945,18,,,1,30,,310946,18,,,1,15,,310948,12,0,7 40 41,1,55,,310947,18,,,1,30,,310949,18,,,1,60,,310951,12,0,7 40 41,1,10,,310950,18,,,1,30,,310952,18,,,1,70,,310953,18,,,1,30,,310954,18,,,1,85,,310955,18,,,1,105,,310956,18,,,1,100,,310957,18,,,1,202,,310958,18,,,1
5601,'20261028',515,,310959,18,,,1,35,,310960,1,0,5 56 9,1,60,,310961,18,,,1,15,,310962,1,0,5 56 9,1,15,,310963,18,,,1,15,,310964,1,0,5 56 9,1,55,,310965,18,,,1,15,,310966,1,0,5 56 9,1,15,,310967,18,,,1,70,,310968,18,,,1,38,,310969,18,,,1,65,,310970,18,,,1,30,,310971,18,,,1,75,,310972,18,,,1,30,,310973,18,,,1,70,,310974,18,,,1,30,,310975,18,,,1,70,,310976,18,,,1,25,,310977,18,,,1,70,,310978,18,,,1,30,,310979,18,,,1,70,,310980,18,,,1,30,,310981,18,,,1,57,,310983,12,0,7 40 41,1,13,,310982,18,,,1,37,,310984,18,,,1,60,,310985,18,,,1,30,,310986,18,,,1,15,,310988,12,0,7 40 41,1,55,,310987,18,,,1,30,,310989,18,,,1,60,,310991,12,0,7 40 41,1,10,,310990,18,,,1,30,,310992,18,,,1,70,,310993,18,,,1,30,,310994,18,,,1,85,,310995,18,,,1,105,,310996,18,,,1,100,,310997,18,,,1,202,,310998,18,,,1
5601,'20261029',515,,310999,18,,,1,35,,311000,1,0,5 56 9,1,60,,311001,18,,,1,15,,311002,1,0,5 56 9,1,15,,311003,18,,,1,15,,311004,1,0,5 56 9,1,55,,311005,18,,,1,15,,311006,1,0,5 56 9,1,15,,311007,18,,,1,70,,311008,18,,,1,38,,311009,18,,,1,65,,311010,18,,,1,30,,311011,18,,,1,75,,311012,18,,,1,30,,311013,18,,,1,70,,311014,18,,,1,30,,311015,18,,,1,70,,311016,18,,,1,25,,311017,18,,,1,70,,311018,18,,,1,30,,311019,18,,,1,70,,311020,18,,,1,30,,311021,18,,,1,57,,311023,12,0,7 40 41,1,13,,311022,18,,,1,37,,311024,18,,,1,60,,311025,18,,,1,30,,311026,18,,,1,15,,311028,12,0,7 40 41,1,55,,311027,18,,,1,30,,311029,18,,,1,60,,311031,12,0,7 40 41,1,10,,311030,18,,,1,30,,311032,18,,,1,70,,311033,18,,,1,30,,311034,18,,,1,85,,311035,18,,,1,105,,311036,18,,,1,100,,311037,18,,,1,202,,311038,18,,,1
5601,'20261030',515,,311039,18,,,1,35,,311040,1,0,5 56 9,1,60,,311041,18,,,1,15,,311042,1,0,5 56 9,1,15,,311043,18,,,1,15,,311044,1,0,5 56 9,1,55,,311045,18,,,1,15,,311046,1,0,5 56 9,1,15,,311047,18,,,1,70,,311048,18,,,1,38,,311049,18,,,1,65,,311050,18,,,1,30,,311051,18,,,1,75,,311052,18,,,1,30,,311053,18,,,1,70,,311054,18,,,1,30,,311055,18,,,1,70,,311056,18,,,1,25,,311057,18,,,1,70,,311058,18,,,1,30,,311059,18,,,1,70,,311060,18,,,1,30,,311061,18,,,1,57,,311063,12,0,7 40 41,1,13,,311062,18,,,1,37,,311064,18,,,1,60,,311065,18,,,1,30,,311066,18,,,1,15,,311068,12,0,7 40 41,1,55,,311067,18,,,1,30,,311069,18,,,1,60,,311071,12,0,7 40 41,1,10,,311070,18,,,1,30,,311072,18,,,1,70,,311073,18,,,1,30,,311074,18,,,1,85,,311075,18,,,1,105,,311076,18,,,1,100,,311077,18,,,1,202,,311078,18,,,1
5601,'20261102',515,,311079,18,,,1,35,,311080,1,0,5 56 9,1,60,,311081,18,,,1,15,,311082,1,0,5 56 9,1,15,,311083,18,,,1,15,,311084,1,0,5 56 9,1,55,,311085,18,,,1,15,,311086,1,0,5 56 9,1,15,,311087,18,,,1,70,,311088,18,,,1,38,,311089,18,,,1,65,,311090,18,,,1,30,,311091,18,,,1,75,,311092,18,,,1,30,,311093,18,,,1,70,,311094,18,,,1,30,,311095,18,,,1,70,,311096,18,,,1,25,,311097,18,,,1,70,,311098,18,,,1,30,,311099,18,,,1,70,,311100,18,,,1,30,,311101,18,,,1,57,,311103,12,0,7 40 41,1,13,,311102,18,,,1,37,,311104,18,,,1,60,,311105,18,,,1,30,,311106,18,,,1,15,,311108,12,0,7 40 41,1,55,,311107,18,,,1,30,,311109,18,,,1,60,,311111,12,0,7 40 41,1,10,,311110,18,,,1,30,,311112,18,,,1,70,,311113,18,,,1,30,,311114,18,,,1,85,,311115,18,,,1,105,,311116,18,,,1,100,,311117,18,,,1,202,,311118,18,,,1
5601,'20261103',515,,311119,18,,,1,35,,311120,1,0,5 56 9,1,60,,311121,18,,,1,15,,311122,1,0,5 56 9,1,15,,311123,18,,,1,15,,311124,1,0,5 56 9,1,55,,311125,18,,,1,15,,311126,1,0,5 56 9,1,15,,311127,18,,,1,70,,311128,18,,,1,38,,311129,18,,,1,65,,311130,18,,,1,30,,311131,18,,,1,75,,311132,18,,,1,30,,311133,18,,,1,70,,311134,18,,,1,30,,311135,18,,,1,70,,311136,18,,,1,25,,311137,18,,,1,70,,311138,18,,,1,30,,311139,18,,,1,70,,311140,18,,,1,30,,311141,18,,,1,57,,311143,12,0,7 40 41,1,13,,311142,18,,,1,37,,311144,18,,,1,60,,311145,18,,,1,30,,311146,18,,,1,15,,311148,12,0,7 40 41,1,55,,311147,18,,,1,30,,311149,18,,,1,60,,311151,12,0,7 40 41,1,10,,311150,18,,,1,30,,311152,18,,,1,70,,311153,18,,,1,30,,311154,18,,,1,85,,311155,18,,,1,105,,311156,18,,,1,100,,311157,18,,,1,202,,311158,18,,,1
5601,'20261104',515,,311159,18,,,1,35,,311160,1,0,5 56 9,1,60,,311161,18,,,1,15,,311162,1,0,5 56 9,1,15,,311163,18,,,1,15,,311164,1,0,5 56 9,1,55,,311165,18,,,1,15,,311166,1,0,5 56 9,1,15,,311167,18,,,1,70,,311168,18,,,1,38,,311169,18,,,1,65,,311170,18,,,1,30,,311171,18,,,1,75,,311172,18,,,1,30,,311173,18,,,1,70,,311174,18,,,1,30,,311175,18,,,1,70,,311176,18,,,1,25,,311177,18,,,1,70,,311178,18,,,1,30,,311179,18,,,1,70,,311180,18,,,1,30,,311181,18,,,1,57,,311183,12,0,7 40 41,1,13,,311182,18,,,1,37,,311184,18,,,1,60,,311185,18,,,1,30,,311186,18,,,1,15,,311188,12,0,7 40 41,1,55,,311187,18,,,1,30,,311189,18,,,1,60,,311191,12,0,7 40 41,1,10,,311190,18,,,1,30,,311192,18,,,1,70,,311193,18,,,1,30,,311194,18,,,1,85,,311195,18,,,1,105,,311196,18,,,1,100,,311197,18,,,1,202,,311198,18,,,1
5601,'20261105',515,,311199,18,,,1,35,,311200,1,0,5 56 9,1,60,,311201,18,,,1,15,,311202,1,0,5 56 9,1,15,,311203,18,,,1,15,,311204,1,0,5 56 9,1,55,,311205,18,,,1,15,,311206,1,0,5 56 9,1,15,,311207,18,,,1,70,,311208,18,,,1,38,,311209,18,,,1,65,,311210,18,,,1,30,,311211,18,,,1,75,,311212,18,,,1,30,,311213,18,,,1,70,,311214,18,,,1,30,,311215,18,,,1,70,,311216,18,,,1,25,,311217,18,,,1,70,,311218,18,,,1,30,,311219,18,,,1,70,,311220,18,,,1,30,,311221,18,,,1,57,,311223,12,0,7 40 41,1,13,,311222,18,,,1,37,,311224,18,,,1,60,,311225,18,,,1,30,,311226,18,,,1,15,,311228,12,0,7 40 41,1,55,,311227,18,,,1,30,,311229,18,,,1,60,,311231,12,0,7 40 41,1,10,,311230,18,,,1,30,,311232,18,,,1,70,,311233,18,,,1,30,,311234,18,,,1,85,,311235,18,,,1,105,,311236,18,,,1,100,,311237,18,,,1,202,,311238,18,,,1
5601,'20261106',515,,311239,18,,,1,35,,311240,1,0,5 56 9,1,60,,311241,18,,,1,15,,311242,1,0,5 56 9,1,15,,311243,18,,,1,15,,311244,1,0,5 56 9,1,55,,311245,18,,,1,15,,311246,1,0,5 56 9,1,15,,311247,18,,,1,70,,311248,18,,,1,38,,311249,18,,,1,65,,311250,18,,,1,30,,311251,18,,,1,75,,311252,18,,,1,30,,311253,18,,,1,70,,311254,18,,,1,30,,311255,18,,,1,70,,311256,18,,,1,25,,311257,18,,,1,70,,311258,18,,,1,30,,311259,18,,,1,70,,311260,18,,,1,30,,311261,18,,,1,57,,311263,12,0,7 40 41,1,13,,311262,18,,,1,37,,311264,18,,,1,60,,311265,18,,,1,30,,311266,18,,,1,15,,311268,12,0,7 40 41,1,55,,311267,18,,,1,30,,311269,18,,,1,60,,311271,12,0,7 40 41,1,10,,311270,18,,,1,30,,311272,18,,,1,70,,311273,18,,,1,30,,311274,18,,,1,85,,311275,18,,,1,105,,311276,18,,,1,100,,311277,18,,,1,202,,311278,18,,,1
5601,'20261109',515,,311279,18,,,1,35,,311280,1,0,5 56 9,1,60,,311281,18,,,1,15,,311282,1,0,5 56 9,1,15,,311283,18,,,1,15,,311284,1,0,5 56 9,1,55,,311285,18,,,1,15,,311286,1,0,5 56 9,1,15,,311287,18,,,1,70,,311288,18,,,1,38,,311289,18,,,1,65,,311290,18,,,1,30,,311291,18,,,1,75,,311292,18,,,1,30,,311293,18,,,1,70,,311294,18,,,1,30,,311295,18,,,1,70,,311296,18,,,1,25,,311297,18,,,1,70,,311298,18,,,1,30,,311299,18,,,1,70,,311300,18,,,1,30,,311301,18,,,1,57,,311303,12,0,7 40 41,1,13,,311302,18,,,1,37,,311304,18,,,1,60,,311305,18,,,1,30,,311306,18,,,1,15,,311308,12,0,7 40 41,1,55,,311307,18,,,1,30,,311309,18,,,1,60,,311311,12,0,7 40 41,1,10,,311310,18,,,1,30,,311312,18,,,1,70,,311313,18,,,1,30,,311314,18,,,1,85,,311315,18,,,1,105,,311316,18,,,1,100,,311317,18,,,1,202,,311318,18,,,1
5601,'20261110',515,,311319,18,,,1,35,,311320,1,0,5 56 9,1,60,,311321,18,,,1,15,,311322,1,0,5 56 9,1,15,,311323,18,,,1,15,,311324,1,0,5 56 9,1,55,,311325,18,,,1,15,,311326,1,0,5 56 9,1,15,,311327,18,,,1,70,,311328,18,,,1,38,,311329,18,,,1,65,,311330,18,,,1,30,,311331,18,,,1,75,,311332,18,,,1,30,,311333,18,,,1,70,,311334,18,,,1,30,,311335,18,,,1,70,,311336,18,,,1,25,,311337,18,,,1,70,,311338,18,,,1,30,,311339,18,,,1,70,,311340,18,,,1,30,,311341,18,,,1,57,,311343,12,0,7 40 41,1,13,,311342,18,,,1,37,,311344,18,,,1,60,,311345,18,,,1,30,,311346,18,,,1,15,,311348,12,0,7 40 41,1,55,,311347,18,,,1,30,,311349,18,,,1,60,,311351,12,0,7 40 41,1,10,,311350,18,,,1,30,,311352,18,,,1,70,,311353,18,,,1,30,,311354,18,,,1,85,,311355,18,,,1,105,,311356,18,,,1,100,,311357,18,,,1,202,,311358,18,,,1
5601,'20261111',515,,311359,18,,,1,35,,311360,1,0,5 56 9,1,60,,311361,18,,,1,15,,311362,1,0,5 56 9,1,15,,311363,18,,,1,15,,311364,1,0,5 56 9,1,55,,311365,18,,,1,15,,311366,1,0,5 56 9,1,15,,311367,18,,,1,70,,311368,18,,,1,38,,311369,18,,,1,65,,311370,18,,,1,30,,311371,18,,,1,75,,311372,18,,,1,30,,311373,18,,,1,70,,311374,18,,,1,30,,311375,18,,,1,70,,311376,18,,,1,25,,311377,18,,,1,70,,311378,18,,,1,30,,311379,18,,,1,70,,311380,18,,,1,30,,311381,18,,,1,57,,311383,12,0,7 40 41,1,13,,311382,18,,,1,37,,311384,18,,,1,60,,311385,18,,,1,30,,311386,18,,,1,15,,311388,12,0,7 40 41,1,55,,311387,18,,,1,30,,311389,18,,,1,60,,311391,12,0,7 40 41,1,10,,311390,18,,,1,30,,311392,18,,,1,70,,311393,18,,,1,30,,311394,18,,,1,85,,311395,18,,,1,105,,311396,18,,,1,100,,311397,18,,,1,202,,311398,18,,,1
5601,'20261112',515,,311399,18,,,1,35,,311400,1,0,5 56 9,1,60,,311401,18,,,1,15,,311402,1,0,5 56 9,1,15,,311403,18,,,1,15,,311404,1,0,5 56 9,1,55,,311405,18,,,1,15,,311406,1,0,5 56 9,1,15,,311407,18,,,1,70,,311408,18,,,1,38,,311409,18,,,1,65,,311410,18,,,1,30,,311411,18,,,1,75,,311412,18,,,1,30,,311413,18,,,1,70,,311414,18,,,1,30,,311415,18,,,1,70,,311416,18,,,1,25,,311417,18,,,1,70,,311418,18,,,1,30,,311419,18,,,1,70,,311420,18,,,1,30,,311421,18,,,1,57,,311423,12,0,7 40 41,1,13,,311422,18,,,1,37,,311424,18,,,1,60,,311425,18,,,1,30,,311426,18,,,1,15,,311428,12,0,7 40 41,1,55,,311427,18,,,1,30,,311429,18,,,1,60,,311431,12,0,7 40 41,1,10,,311430,18,,,1,30,,311432,18,,,1,70,,311433,18,,,1,30,,311434,18,,,1,85,,311435,18,,,1,105,,311436,18,,,1,100,,311437,18,,,1,202,,311438,18,,,1
5601,'20261113',515,,311439,18,,,1,35,,311440,1,0,5 56 9,1,60,,311441,18,,,1,15,,311442,1,0,5 56 9,1,15,,311443,18,,,1,15,,311444,1,0,5 56 9,1,55,,311445,18,,,1,15,,311446,1,0,5 56 9,1,15,,311447,18,,,1,70,,311448,18,,,1,38,,311449,18,,,1,65,,311450,18,,,1,30,,311451,18,,,1,75,,311452,18,,,1,30,,311453,18,,,1,70,,311454,18,,,1,30,,311455,18,,,1,70,,311456,18,,,1,25,,311457,18,,,1,70,,311458,18,,,1,30,,311459,18,,,1,70,,311460,18,,,1,30,,311461,18,,,1,57,,311463,12,0,7 40 41,1,13,,311462,18,,,1,37,,311464,18,,,1,60,,311465,18,,,1,30,,311466,18,,,1,15,,311468,12,0,7 40 41,1,55,,311467,18,,,1,30,,311469,18,,,1,60,,311471,12,0,7 40 41,1,10,,311470,18,,,1,30,,311472,18,,,1,70,,311473,18,,,1,30,,311474,18,,,1,85,,311475,18,,,1,105,,311476,18,,,1,100,,311477,18,,,1,202,,311478,18,,,1
5601,'20261116',515,,311479,18,,,1,35,,311480,1,0,5 56 9,1,60,,311481,18,,,1,15,,311482,1,0,5 56 9,1,15,,311483,18,,,1,15,,311484,1,0,5 56 9,1,55,,311485,18,,,1,15,,311486,1,0,5 56 9,1,15,,311487,18,,,1,70,,311488,18,,,1,38,,311489,18,,,1,65,,311490,18,,,1,30,,311491,18,,,1,75,,311492,18,,,1,30,,311493,18,,,1,70,,311494,18,,,1,30,,311495,18,,,1,70,,311496,18,,,1,25,,311497,18,,,1,70,,311498,18,,,1,30,,311499,18,,,1,70,,311500,18,,,1,30,,311501,18,,,1,57,,311503,12,0,7 40 41,1,13,,311502,18,,,1,37,,311504,18,,,1,60,,311505,18,,,1,30,,311506,18,,,1,15,,311508,12,0,7 40 41,1,55,,311507,18,,,1,30,,311509,18,,,1,60,,311511,12,0,7 40 41,1,10,,311510,18,,,1,30,,311512,18,,,1,70,,311513,18,,,1,30,,311514,18,,,1,85,,311515,18,,,1,105,,311516,18,,,1,100,,311517,18,,,1,202,,311518,18,,,1
5601,'20261117',515,,311519,18,,,1,35,,311520,1,0,5 56 9,1,60,,311521,18,,,1,15,,311522,1,0,5 56 9,1,15,,311523,18,,,1,15,,311524,1,0,5 56 9,1,55,,311525,18,,,1,15,,311526,1,0,5 56 9,1,15,,311527,18,,,1,70,,311528,18,,,1,38,,311529,18,,,1,65,,311530,18,,,1,30,,311531,18,,,1,75,,311532,18,,,1,30,,311533,18,,,1,70,,311534,18,,,1,30,,311535,18,,,1,70,,311536,18,,,1,25,,311537,18,,,1,70,,311538,18,,,1,30,,311539,18,,,1,70,,311540,18,,,1,30,,311541,18,,,1,57,,311543,12,0,7 40 41,1,13,,311542,18,,,1,37,,311544,18,,,1,60,,311545,18,,,1,30,,311546,18,,,1,15,,311548,12,0,7 40 41,1,55,,311547,18,,,1,30,,311549,18,,,1,60,,311551,12,0,7 40 41,1,10,,311550,18,,,1,30,,311552,18,,,1,70,,311553,18,,,1,30,,311554,18,,,1,85,,311555,18,,,1,105,,311556,18,,,1,100,,311557,18,,,1,202,,311558,18,,,1
5601,'20261118',515,,311559,18,,,1,35,,311560,1,0,5 56 9,1,60,,311561,18,,,1,15,,311562,1,0,5 56 9,1,15,,311563,18,,,1,15,,311564,1,0,5 56 9,1,55,,311565,18,,,1,15,,311566,1,0,5 56 9,1,15,,311567,18,,,1,70,,311568,18,,,1,38,,311569,18,,,1,65,,311570,18,,,1,30,,311571,18,,,1,75,,311572,18,,,1,30,,311573,18,,,1,70,,311574,18,,,1,30,,311575,18,,,1,70,,311576,18,,,1,25,,311577,18,,,1,70,,311578,18,,,1,30,,311579,18,,,1,70,,311580,18,,,1,30,,311581,18,,,1,57,,311583,12,0,7 40 41,1,13,,311582,18,,,1,37,,311584,18,,,1,60,,311585,18,,,1,30,,311586,18,,,1,15,,311588,12,0,7 40 41,1,55,,311587,18,,,1,30,,311589,18,,,1,60,,311591,12,0,7 40 41,1,10,,311590,18,,,1,30,,311592,18,,,1,70,,311593,18,,,1,30,,311594,18,,,1,85,,311595,18,,,1,105,,311596,18,,,1,100,,311597,18,,,1,202,,311598,18,,,1
5601,'20261119',515,,311599,18,,,1,35,,311600,1,0,5 56 9,1,60,,311601,18,,,1,15,,311602,1,0,5 56 9,1,15,,311603,18,,,1,15,,311604,1,0,5 56 9,1,55,,311605,18,,,1,15,,311606,1,0,5 56 9,1,15,,311607,18,,,1,70,,311608,18,,,1,38,,311609,18,,,1,65,,311610,18,,,1,30,,311611,18,,,1,75,,311612,18,,,1,30,,311613,18,,,1,70,,311614,18,,,1,30,,311615,18,,,1,70,,311616,18,,,1,25,,311617,18,,,1,70,,311618,18,,,1,30,,311619,18,,,1,70,,311620,18,,,1,30,,311621,18,,,1,57,,311623,12,0,7 40 41,1,13,,311622,18,,,1,37,,311624,18,,,1,60,,311625,18,,,1,30,,311626,18,,,1,15,,311628,12,0,7 40 41,1,55,,311627,18,,,1,30,,311629,18,,,1,60,,311631,12,0,7 40 41,1,10,,311630,18,,,1,30,,311632,18,,,1,70,,311633,18,,,1,30,,311634,18,,,1,85,,311635,18,,,1,105,,311636,18,,,1,100,,311637,18,,,1,202,,311638,18,,,1
5601,'20261120',515,,311639,18,,,1,35,,311640,1,0,5 56 9,1,60,,311641,18,,,1,15,,311642,1,0,5 56 9,1,15,,311643,18,,,1,15,,311644,1,0,5 56 9,1,55,,311645,18,,,1,15,,311646,1,0,5 56 9,1,15,,311647,18,,,1,70,,311648,18,,,1,38,,311649,18,,,1,65,,311650,18,,,1,30,,311651,18,,,1,75,,311652,18,,,1,30,,311653,18,,,1,70,,311654,18,,,1,30,,311655,18,,,1,70,,311656,18,,,1,25,,311657,18,,,1,70,,311658,18,,,1,30,,311659,18,,,1,70,,311660,18,,,1,30,,311661,18,,,1,57,,311663,12,0,7 40 41,1,13,,311662,18,,,1,37,,311664,18,,,1,60,,311665,18,,,1,30,,311666,18,,,1,15,,311668,12,0,7 40 41,1,55,,311667,18,,,1,30,,311669,18,,,1,60,,311671,12,0,7 40 41,1,10,,311670,18,,,1,30,,311672,18,,,1,70,,311673,18,,,1,30,,311674,18,,,1,85,,311675,18,,,1,105,,311676,18,,,1,100,,311677,18,,,1,202,,311678,18,,,1
5601,'20261123',515,,311679,18,,,1,35,,311680,1,0,5 56 9,1,60,,311681,18,,,1,15,,311682,1,0,5 56 9,1,15,,311683,18,,,1,15,,311684,1,0,5 56 9,1,55,,311685,18,,,1,15,,311686,1,0,5 56 9,1,15,,311687,18,,,1,70,,311688,18,,,1,38,,311689,18,,,1,65,,311690,18,,,1,30,,311691,18,,,1,75,,311692,18,,,1,30,,311693,18,,,1,70,,311694,18,,,1,30,,311695,18,,,1,70,,311696,18,,,1,25,,311697,18,,,1,70,,311698,18,,,1,30,,311699,18,,,1,70,,311700,18,,,1,30,,311701,18,,,1,57,,311703,12,0,7 40 41,1,13,,311702,18,,,1,37,,311704,18,,,1,60,,311705,18,,,1,30,,311706,18,,,1,15,,311708,12,0,7 40 41,1,55,,311707,18,,,1,30,,311709,18,,,1,60,,311711,12,0,7 40 41,1,10,,311710,18,,,1,30,,311712,18,,,1,70,,311713,18,,,1,30,,311714,18,,,1,85,,311715,18,,,1,105,,311716,18,,,1,100,,311717,18,,,1,202,,311718,18,,,1
5601,'20261124',515,,311719,18,,,1,35,,311720,1,0,5 56 9,1,60,,311721,18,,,1,15,,311722,1,0,5 56 9,1,15,,311723,18,,,1,15,,311724,1,0,5 56 9,1,55,,311725,18,,,1,15,,311726,1,0,5 56 9,1,15,,311727,18,,,1,70,,311728,18,,,1,38,,311729,18,,,1,65,,311730,18,,,1,30,,311731,18,,,1,75,,311732,18,,,1,30,,311733,18,,,1,70,,311734,18,,,1,30,,311735,18,,,1,70,,311736,18,,,1,25,,311737,18,,,1,70,,311738,18,,,1,30,,311739,18,,,1,70,,311740,18,,,1,30,,311741,18,,,1,57,,311743,12,0,7 40 41,1,13,,311742,18,,,1,37,,311744,18,,,1,60,,311745,18,,,1,30,,311746,18,,,1,15,,311748,12,0,7 40 41,1,55,,311747,18,,,1,30,,311749,18,,,1,60,,311751,12,0,7 40 41,1,10,,311750,18,,,1,30,,311752,18,,,1,70,,311753,18,,,1,30,,311754,18,,,1,85,,311755,18,,,1,105,,311756,18,,,1,100,,311757,18,,,1,202,,311758,18,,,1
5601,'20261125',515,,311759,18,,,1,35,,311760,1,0,5 56 9,1,60,,311761,18,,,1,15,,311762,1,0,5 56 9,1,15,,311763,18,,,1,15,,311764,1,0,5 56 9,1,55,,311765,18,,,1,15,,311766,1,0,5 56 9,1,15,,311767,18,,,1,70,,311768,18,,,1,38,,311769,18,,,1,65,,311770,18,,,1,30,,311771,18,,,1,75,,311772,18,,,1,30,,311773,18,,,1,70,,311774,18,,,1,30,,311775,18,,,1,70,,311776,18,,,1,25,,311777,18,,,1,70,,311778,18,,,1,30,,311779,18,,,1,70,,311780,18,,,1,30,,311781,18,,,1,57,,311783,12,0,7 40 41,1,13,,311782,18,,,1,37,,311784,18,,,1,60,,311785,18,,,1,30,,311786,18,,,1,15,,311788,12,0,7 40 41,1,55,,311787,18,,,1,30,,311789,18,,,1,60,,311791,12,0,7 40 41,1,10,,311790,18,,,1,30,,311792,18,,,1,70,,311793,18,,,1,30,,311794,18,,,1,85,,311795,18,,,1,105,,311796,18,,,1,100,,311797,18,,,1,202,,311798,18,,,1
5601,'20261126',515,,311799,18,,,1,35,,311800,1,0,5 56 9,1,60,,311801,18,,,1,15,,311802,1,0,5 56 9,1,15,,311803,18,,,1,15,,311804,1,0,5 56 9,1,55,,311805,18,,,1,15,,311806,1,0,5 56 9,1,15,,311807,18,,,1,70,,311808,18,,,1,38,,311809,18,,,1,65,,311810,18,,,1,30,,311811,18,,,1,75,,311812,18,,,1,30,,311813,18,,,1,70,,311814,18,,,1,30,,311815,18,,,1,70,,311816,18,,,1,25,,311817,18,,,1,70,,311818,18,,,1,30,,311819,18,,,1,70,,311820,18,,,1,30,,311821,18,,,1,57,,311823,12,0,7 40 41,1,13,,311822,18,,,1,37,,311824,18,,,1,60,,311825,18,,,1,30,,311826,18,,,1,15,,311828,12,0,7 40 41,1,55,,311827,18,,,1,30,,311829,18,,,1,60,,311831,12,0,7 40 41,1,10,,311830,18,,,1,30,,311832,18,,,1,70,,311833,18,,,1,30,,311834,18,,,1,85,,311835,18,,,1,105,,311836,18,,,1,100,,311837,18,,,1,202,,311838,18,,,1
5601,'20261127',515,,311839,18,,,1,35,,311840,1,0,5 56 9,1,60,,311841,18,,,1,15,,311842,1,0,5 56 9,1,15,,311843,18,,,1,15,,311844,1,0,5 56 9,1,55,,311845,18,,,1,15,,311846,1,0,5 56 9,1,15,,311847,18,,,1,70,,311848,18,,,1,38,,311849,18,,,1,65,,311850,18,,,1,30,,311851,18,,,1,75,,311852,18,,,1,30,,311853,18,,,1,70,,311854,18,,,1,30,,311855,18,,,1,70,,311856,18,,,1,25,,311857,18,,,1,70,,311858,18,,,1,30,,311859,18,,,1,70,,311860,18,,,1,30,,311861,18,,,1,57,,311863,12,0,7 40 41,1,13,,311862,18,,,1,37,,311864,18,,,1,60,,311865,18,,,1,30,,311866,18,,,1,15,,311868,12,0,7 40 41,1,55,,311867,18,,,1,30,,311869,18,,,1,60,,311871,12,0,7 40 41,1,10,,311870,18,,,1,30,,311872,18,,,1,70,,311873,18,,,1,30,,311874,18,,,1,85,,311875,18,,,1,105,,311876,18,,,1,100,,311877,18,,,1,202,,311878,18,,,1
6500,'20260912',835,,312862,1,0,68 16 26 9,1,115,,312863,1,0,53 88 9,1,65,,312864,1,0,52 88 9,1,30,,312865,1,0,53 88 9,1,65,,312866,1,0,52 88 9,1,25,,312867,1,0,68 16 26 9,1,110,,312868,1,0,53 88 9,1,70,,312869,1,0,52 88 9,1,25,,312870,1,0,53 88 9,1,70,,312871,1,0,52 88 9,1,20,,312872,1,0,68 16 26 9,1,110,,312873,1,0,53 88 9,1,70,,312874,1,0,52 88 9,1
6500,'20260913',835,,312880,1,0,68 16 26 9,1,115,,312881,1,0,53 88 9,1,65,,312882,1,0,52 88 9,1,30,,312883,1,0,53 88 9,1,65,,312884,1,0,52 88 9,1,25,,312885,1,0,68 16 26 9,1,110,,312886,1,0,53 88 9,1,70,,312887,1,0,52 88 9,1,25,,312888,1,0,53 88 9,1,70,,312889,1,0,52 88 9,1,20,,312890,1,0,68 16 26 9,1,110,,312891,1,0,53 88 9,1,70,,312892,1,0,52 88 9,1
6500,'20260919',835,,312949,1,0,68 16 26 9,1,115,,312950,1,0,53 88 9,1,65,,312951,1,0,52 88 9,1,30,,312952,1,0,53 88 9,1,65,,312953,1,0,52 88 9,1,25,,312954,1,0,68 16 26 9,1,110,,312955,1,0,53 88 9,1,70,,312956,1,0,52 88 9,1,25,,312957,1,0,53 88 9,1,70,,312958,1,0,52 88 9,1,20,,312959,1,0,68 16 26 9,1,110,,312960,1,0,53 88 9,1,70,,312961,1,0,52 88 9,1
6500,'20260920',835,,312967,1,0,68 16 26 9,1,115,,312968,1,0,53 88 9,1,65,,312969,1,0,52 88 9,1,30,,312970,1,0,53 88 9,1,65,,312971,1,0,52 88 9,1,25,,312972,1,0,68 16 26 9,1,110,,312973,1,0,53 88 9,1,70,,312974,1,0,52 88 9,1,25,,312975,1,0,53 88 9,1,70,,312976,1,0,52 88 9,1,20,,312977,1,0,68 16 26 9,1,110,,312978,1,0,53 88 9,1,70,,312979,1,0,52 88 9,1
6500,'20260926',835,,313034,1,0,68 16 26 9,1,115,,313035,1,0,53 88 9,1,65,,313036,1,0,52 88 9,1,30,,313037,1,0,53 88 9,1,65,,313038,1,0,52 88 9,1,25,,313039,1,0,68 16 26 9,1,110,,313040,1,0,53 88 9,1,70,,313041,1,0,52 88 9,1,25,,313042,1,0,53 88 9,1,70,,313043,1,0,52 88 9,1,20,,313044,1,0,68 16 26 9,1,110,,313045,1,0,53 88 9,1,70,,313046,1,0,52 88 9,1
6500,'20260927',835,,313052,1,0,68 16 26 9,1,115,,313053,1,0,53 88 9,1,65,,313054,1,0,52 88 9,1,30,,313055,1,0,53 88 9,1,65,,313056,1,0,52 88 9,1,25,,313057,1,0,68 16 26 9,1,110,,313058,1,0,53 88 9,1,70,,313059,1,0,52 88 9,1,25,,313060,1,0,53 88 9,1,70,,313061,1,0,52 88 9,1,20,,313062,1,0,68 16 26 9,1,110,,313063,1,0,53 88 9,1,70,,313064,1,0,52 88 9,1
6500,'20261003',835,,313119,1,0,68 16 26 9,1,115,,313120,1,0,53 88 9,1,65,,313121,1,0,52 88 9,1,30,,313122,1,0,53 88 9,1,65,,313123,1,0,52 88 9,1,25,,313124,1,0,68 16 26 9,1,110,,313125,1,0,53 88 9,1,70,,313126,1,0,52 88 9,1,25,,313127,1,0,53 88 9,1,70,,313128,1,0,52 88 9,1,20,,313129,1,0,68 16 26 9,1,110,,313130,1,0,53 88 9,1,70,,313131,1,0,52 88 9,1
6500,'20261004',835,,313137,1,0,68 16 26 9,1,115,,313138,1,0,53 88 9,1,65,,313139,1,0,52 88 9,1,30,,313140,1,0,53 88 9,1,65,,313141,1,0,52 88 9,1,25,,313142,1,0,68 16 26 9,1,110,,313143,1,0,53 88 9,1,70,,313144,1,0,52 88 9,1,25,,313145,1,0,53 88 9,1,70,,313146,1,0,52 88 9,1,20,,313147,1,0,68 16 26 9,1,110,,313148,1,0,53 88 9,1,70,,313149,1,0,52 88 9,1
6500,'20261010',835,,313204,1,0,68 16 26 9,1,115,,313205,1,0,53 88 9,1,65,,313206,1,0,52 88 9,1,30,,313207,1,0,53 88 9,1,65,,313208,1,0,52 88 9,1,25,,313209,1,0,68 16 26 9,1,110,,313210,1,0,53 88 9,1,70,,313211,1,0,52 88 9,1,25,,313212,1,0,53 88 9,1,70,,313213,1,0,52 88 9,1,20,,313214,1,0,68 16 26 9,1,110,,313215,1,0,53 88 9,1,70,,313216,1,0,52 88 9,1
6500,'20261011',835,,313222,1,0,68 16 26 9,1,115,,313223,1,0,53 88 9,1,65,,313224,1,0,52 88 9,1,30,,313225,1,0,53 88 9,1,65,,313226,1,0,52 88 9,1,25,,313227,1,0,68 16 26 9,1,110,,313228,1,0,53 88 9,1,70,,313229,1,0,52 88 9,1,25,,313230,1,0,53 88 9,1,70,,313231,1,0,52 88 9,1,20,,313232,1,0,68 16 26 9,1,110,,313233,1,0,53 88 9,1,70,,313234,1,0,52 88 9,1
6500,'20261012',835,,313239,1,0,68 16 26 9,1,115,,313240,1,0,53 88 9,1,65,,313241,1,0,52 88 9,1,30,,313242,1,0,53 88 9,1,65,,313243,1,0,52 88 9,1,25,,313244,1,0,68 16 26 9,1,110,,313245,1,0,53 88 9,1,70,,313246,1,0,52 88 9,1,25,,313247,1,0,53 88 9,1,70,,313248,1,0,52 88 9,1,20,,313249,1,0,68 16 26 9,1,110,,313250,1,0,53 88 9,1,70,,313251,1,0,52 88 9,1
6500,'20261017',835,,313297,1,0,68 16 26 9,1,115,,313298,1,0,53 88 9,1,65,,313299,1,0,52 88 9,1,30,,313300,1,0,53 88 9,1,65,,313301,1,0,52 88 9,1,25,,313302,1,0,68 16 26 9,1,110,,313303,1,0,53 88 9,1,70,,313304,1,0,52 88 9,1,25,,313305,1,0,53 88 9,1,70,,313306,1,0,52 88 9,1,20,,313307,1,0,68 16 26 9,1,110,,313308,1,0,53 88 9,1,70,,313309,1,0,52 88 9,1
6500,'20261018',835,,313315,1,0,68 16 26 9,1,115,,313316,1,0,53 88 9,1,65,,313317,1,0,52 88 9,1,30,,313318,1,0,53 88 9,1,65,,313319,1,0,52 88 9,1,25,,313320,1,0,68 16 26 9,1,110,,313321,1,0,53 88 9,1,70,,313322,1,0,52 88 9,1,25,,313323,1,0,53 88 9,1,70,,313324,1,0,52 88 9,1,20,,313325,1,0,68 16 26 9,1,110,,313326,1,0,53 88 9,1,70,,313327,1,0,52 88 9,1
6500,'20261024',835,,313382,1,0,68 16 26 9,1,115,,313383,1,0,53 88 9,1,65,,313384,1,0,52 88 9,1,30,,313385,1,0,53 88 9,1,65,,313386,1,0,52 88 9,1,25,,313387,1,0,68 16 26 9,1,110,,313388,1,0,53 88 9,1,70,,313389,1,0,52 88 9,1,25,,313390,1,0,53 88 9,1,70,,313391,1,0,52 88 9,1,20,,313392,1,0,68 16 26 9,1,110,,313393,1,0,53 88 9,1,70,,313394,1,0,52 88 9,1
6500,'20261025',835,,313400,1,0,68 16 26 9,1,115,,313401,1,0,53 88 9,1,65,,313402,1,0,52 88 9,1,30,,313403,1,0,53 88 9,1,65,,313404,1,0,52 88 9,1,25,,313405,1,0,68 16 26 9,1,110,,313406,1,0,53 88 9,1,70,,313407,1,0,52 88 9,1,25,,313408,1,0,53 88 9,1,70,,313409,1,0,52 88 9,1,20,,313410,1,0,68 16 26 9,1,110,,313411,1,0,53 88 9,1,70,,313412,1,0,52 88 9,1
6500,'20261031',835,,313467,1,0,68 16 26 9,1,115,,313468,1,0,53 88 9,1,65,,313469,1,0,52 88 9,1,30,,313470,1,0,53 88 9,1,65,,313471,1,0,52 88 9,1,25,,313472,1,0,68 16 26 9,1,110,,313473,1,0,53 88 9,1,70,,313474,1,0,52 88 9,1,25,,313475,1,0,53 88 9,1,70,,313476,1,0,52 88 9,1,20,,313477,1,0,68 16 26 9,1,110,,313478,1,0,53 88 9,1,70,,313479,1,0,52 88 9,1
6500,'20261101',835,,313485,1,0,68 16 26 9,1,115,,313486,1,0,53 88 9,1,65,,313487,1,0,52 88 9,1,30,,313488,1,0,53 88 9,1,65,,313489,1,0,52 88 9,1,25,,313490,1,0,68 16 26 9,1,110,,313491,1,0,53 88 9,1,70,,313492,1,0,52 88 9,1,25,,313493,1,0,53 88 9,1,70,,313494,1,0,52 88 9,1,20,,313495,1,0,68 16 26 9,1,110,,313496,1,0,53 88 9,1,70,,313497,1,0,52 88 9,1
6500,'20261107',835,,313552,1,0,68 16 26 9,1,115,,313553,1,0,53 88 9,1,65,,313554,1,0,52 88 9,1,30,,313555,1,0,53 88 9,1,65,,313556,1,0,52 88 9,1,25,,313557,1,0,68 16 26 9,1,110,,313558,1,0,53 88 9,1,70,,313559,1,0,52 88 9,1,25,,313560,1,0,53 88 9,1,70,,313561,1,0,52 88 9,1,20,,313562,1,0,68 16 26 9,1,110,,313563,1,0,53 88 9,1,70,,313564,1,0,52 88 9,1
6500,'20261108',835,,313570,1,0,68 16 26 9,1,115,,313571,1,0,53 88 9,1,65,,313572,1,0,52 88 9,1,30,,313573,1,0,53 88 9,1,65,,313574,1,0,52 88 9,1,25,,313575,1,0,68 16 26 9,1,110,,313576,1,0,53 88 9,1,70,,313577,1,0,52 88 9,1,25,,313578,1,0,53 88 9,1,70,,313579,1,0,52 88 9,1,20,,313580,1,0,68 16 26 9,1,110,,313581,1,0,53 88 9,1,70,,313582,1,0,52 88 9,1
6500,'20261114',835,,313637,1,0,68 16 26 9,1,115,,313638,1,0,53 88 9,1,65,,313639,1,0,52 88 9,1,30,,313640,1,0,53 88 9,1,65,,313641,1,0,52 88 9,1,25,,313642,1,0,68 16 26 9,1,110,,313643,1,0,53 88 9,1,70,,313644,1,0,52 88 9,1,25,,313645,1,0,53 88 9,1,70,,313646,1,0,52 88 9,1,20,,313647,1,0,68 16 26 9,1,110,,313648,1,0,53 88 9,1,70,,313649,1,0,52 88 9,1
6500,'20261115',835,,313655,1,0,68 16 26 9,1,115,,313656,1,0,53 88 9,1,65,,313657,1,0,52 88 9,1,30,,313658,1,0,53 88 9,1,65,,313659,1,0,52 88 9,1,25,,313660,1,0,68 16 26 9,1,110,,313661,1,0,53 88 9,1,70,,313662,1,0,52 88 9,1,25,,313663,1,0,53 88 9,1,70,,313664,1,0,52 88 9,1,20,,313665,1,0,68 16 26 9,1,110,,313666,1,0,53 88 9,1,70,,313667,1,0,52 88 9,1
6500,'20261121',835,,313722,1,0,68 16 26 9,1,115,,313723,1,0,53 88 9,1,65,,313724,1,0,52 88 9,1,30,,313725,1,0,53 88 9,1,65,,313726,1,0,52 88 9,1,25,,313727,1,0,68 16 26 9,1,110,,313728,1,0,53 88 9,1,70,,313729,1,0,52 88 9,1,25,,313730,1,0,53 88 9,1,70,,313731,1,0,52 88 9,1,20,,313732,1,0,68 16 26 9,1,110,,313733,1,0,53 88 9,1,70,,313734,1,0,52 88 9,1
6500,'20261122',835,,313740,1,0,68 16 26 9,1,115,,313741,1,0,53 88 9,1,65,,313742,1,0,52 88 9,1,30,,313743,1,0,53 88 9,1,65,,313744,1,0,52 88 9,1,25,,313745,1,0,68 16 26 9,1,110,,313746,1,0,53 88 9,1,70,,313747,1,0,52 88 9,1,25,,313748,1,0,53 88 9,1,70,,313749,1,0,52 88 9,1,20,,313750,1,0,68 16 26 9,1,110,,313751,1,0,53 88 9,1,70,,313752,1,0,52 88 9,1
6800,'20260912',915,,315177,1,0,57 27 28 9,1,5,,315178,1,0,53 27 28 9,1,295,,315179,1,0,57 27 28 9,1,5,,315180,1,0,53 27 28 9,1,295,,315182,1,0,57 27 28 9,1,5,,315183,1,0,53 27 28 9,1
6800,'20260913',915,,315189,1,0,57 27 28 9,1,5,,315190,1,0,53 27 28 9,1,295,,315191,1,0,57 27 28 9,1,5,,315192,1,0,53 27 28 9,1,295,,315194,1,0,57 27 28 9,1,5,,315195,1,0,53 27 28 9,1
6800,'20260919',915,,315256,1,0,57 27 28 9,1,5,,315257,1,0,53 27 28 9,1,295,,315258,1,0,57 27 28 9,1,5,,315259,1,0,53 27 28 9,1,295,,315261,1,0,57 27 28 9,1,5,,315262,1,0,53 27 28 9,1
6800,'20260920',915,,315268,1,0,57 27 28 9,1,5,,315269,1,0,53 27 28 9,1,295,,315270,1,0,57 27 28 9,1,5,,315271,1,0,53 27 28 9,1,295,,315273,1,0,57 27 28 9,1,5,,315274,1,0,53 27 28 9,1
6800,'20260926',915,,315335,1,0,57 27 28 9,1,5,,315336,1,0,53 27 28 9,1,295,,315337,1,0,57 27 28 9,1,5,,315338,1,0,53 27 28 9,1,295,,315340,1,0,57 27 28 9,1,5,,315341,1,0,53 27 28 9,1
6800,'20260927',915,,315347,1,0,57 27 28 9,1,5,,315348,1,0,53 27 28 9,1,295,,315349,1,0,57 27 28 9,1,5,,315350,1,0,53 27 28 9,1,295,,315352,1,0,57 27 28 9,1,5,,315353,1,0,53 27 28 9,1
6800,'20261003',915,,315414,1,0,57 27 28 9,1,5,,315415,1,0,53 27 28 9,1,295,,315416,1,0,57 27 28 9,1,5,,315417,1,0,53 27 28 9,1,295,,315419,1,0,57 27 28 9,1,5,,315420,1,0,53 27 28 9,1
6800,'20261004',915,,315426,1,0,57 27 28 9,1,5,,315427,1,0,53 27 28 9,1,295,,315428,1,0,57 27 28 9,1,5,,315429,1,0,53 27 28 9,1,295,,315431,1,0,57 27 28 9,1,5,,315432,1,0,53 27 28 9,1
6800,'20261010',915,,315493,1,0,57 27 28 9,1,5,,315494,1,0,53 27 28 9,1,295,,315495,1,0,57 27 28 9,1,5,,315496,1,0,53 27 28 9,1,295,,315498,1,0,57 27 28 9,1,5,,315499,1,0,53 27 28 9,1
6800,'20261011',915,,315505,1,0,57 27 28 9,1,5,,315506,1,0,53 27 28 9,1,295,,315507,1,0,57 27 28 9,1,5,,315508,1,0,53 27 28 9,1,295,,315510,1,0,57 27 28 9,1,5,,315511,1,0,53 27 28 9,1
6800,'20261012',915,,315517,1,0,57 27 28 9,1,5,,315518,1,0,53 27 28 9,1,295,,315519,1,0,57 27 28 9,1,5,,315520,1,0,53 27 28 9,1,295,,315522,1,0,57 27 28 9,1,5,,315523,1,0,53 27 28 9,1
6800,'20261017',915,,315573,1,0,57 27 28 9,1,5,,315574,1,0,53 27 28 9,1,295,,315575,1,0,57 27 28 9,1,5,,315576,1,0,53 27 28 9,1,295,,315578,1,0,57 27 28 9,1,5,,315579,1,0,53 27 28 9,1
6800,'20261018',915,,315585,1,0,57 27 28 9,1,5,,315586,1,0,53 27 28 9,1,295,,315587,1,0,57 27 28 9,1,5,,315588,1,0,53 27 28 9,1,295,,315590,1,0,57 27 28 9,1,5,,315591,1,0,53 27 28 9,1
6800,'20261024',915,,315652,1,0,57 27 28 9,1,5,,315653,1,0,53 27 28 9,1,295,,315654,1,0,57 27 28 9,1,5,,315655,1,0,53 27 28 9,1,295,,315657,1,0,57 27 28 9,1,5,,315658,1,0,53 27 28 9,1
6800,'20261025',915,,315664,1,0,57 27 28 9,1,5,,315665,1,0,53 27 28 9,1,295,,315666,1,0,57 27 28 9,1,5,,315667,1,0,53 27 28 9,1,295,,315669,1,0,57 27 28 9,1,5,,315670,1,0,53 27 28 9,1
6800,'20261031',915,,315731,1,0,57 27 28 9,1,5,,315732,1,0,53 27 28 9,1,295,,315733,1,0,57 27 28 9,1,5,,315734,1,0,53 27 28 9,1,295,,315736,1,0,57 27 28 9,1,5,,315737,1,0,53 27 28 9,1
6800,'20261101',915,,315743,1,0,57 27 28 9,1,5,,315744,1,0,53 27 28 9,1,295,,315745,1,0,57 27 28 9,1,5,,315746,1,0,53 27 28 9,1,295,,315748,1,0,57 27 28 9,1,5,,315749,1,0,53 27 28 9,1
6800,'20261107',915,,315810,1,0,57 27 28 9,1,5,,315811,1,0,53 27 28 9,1,295,,315812,1,0,57 27 28 9,1,5,,315813,1,0,53 27 28 9,1,295,,315815,1,0,57 27 28 9,1,5,,315816,1,0,53 27 28 9,1
6800,'20261108',915,,315822,1,0,57 27 28 9,1,5,,315823,1,0,53 27 28 9,1,295,,315824,1,0,57 27 28 9,1,5,,315825,1,0,53 27 28 9,1,295,,315827,1,0,57 27 28 9,1,5,,315828,1,0,53 27 28 9,1
6800,'20261114',915,,315889,1,0,57 27 28 9,1,5,,315890,1,0,53 27 28 9,1,295,,315891,1,0,57 27 28 9,1,5,,315892,1,0,53 27 28 9,1,295,,315894,1,0,57 27 28 9,1,5,,315895,1,0,53 27 28 9,1
6800,'20261115',915,,315901,1,0,57 27 28 9,1,5,,315902,1,0,53 27 28 9,1,295,,315903,1,0,57 27 28 9,1,5,,315904,1,0,53 27 28 9,1,295,,315906,1,0,57 27 28 9,1,5,,315907,1,0,53 27 28 9,1
6800,'20261121',915,,315968,1,0,57 27 28 9,1,5,,315969,1,0,53 27 28 9,1,295,,315970,1,0,57 27 28 9,1,5,,315971,1,0,53 27 28 9,1,295,,315973,1,0,57 27 28 9,1,5,,315974,1,0,53 27 28 9,1
6800,'20261122',915,,315980,1,0,57 27 28 9,1,5,,315981,1,0,53 27 28 9,1,295,,315982,1,0,57 27 28 9,1,5,,315983,1,0,53 27 28 9,1,295,,315985,1,0,57 27 28 9,1,5,,315986,1,0,53 27 28 9,1
