2100,'20260910',930,,240746,26,0,7 29 30,1,20,,240749,26,0,7 29 30,1,60,,240751,26,0,7 29 30,1,25,,240752,26,0,7 29 30,1,15,,240755,26,0,7 29 30,1,60,,240757,26,0,7 29 30,1,20,,240758,26,0,7 29 30,1,20,,240761,26,0,7 29 30,1,70,,240762,26,0,7 29 30,1,30,,240765,26,0,7 29 30,1,70,,240766,26,0,7 29 30,1,32,,240769,26,0,7 29 30,1,95,,240772,26,0,7 29 30,1,104,,240774,26,0,7 29 30,1
2100,'20260911',930,,240791,26,0,7 29 30,1,20,,240794,26,0,7 29 30,1,60,,240796,26,0,7 29 30,1,25,,240797,26,0,7 29 30,1,15,,240800,26,0,7 29 30,1,60,,240802,26,0,7 29 30,1,20,,240803,26,0,7 29 30,1,20,,240806,26,0,7 29 30,1,70,,240807,26,0,7 29 30,1,30,,240810,26,0,7 29 30,1,70,,240811,26,0,7 29 30,1,32,,240814,26,0,7 29 30,1,95,,240817,26,0,7 29 30,1,104,,240819,26,0,7 29 30,1
2100,'20260912',759,,240836,26,0,7 29 30,1,98,,240839,26,0,7 29 30,1,100,,240843,26,0,7 29 30,1,95,,240847,26,0,7 29 30,1,105,,240851,26,0,7 29 30,1,102,,240854,26,0,7 29 30,1,100,,240857,26,0,7 29 30,1,100,,240860,26,0,7 29 30,1,100,,240863,26,0,7 29 30,1,96,,240866,26,0,7 29 30,1,97,,240869,26,0,7 29 30,1,103,,240871,26,0,7 29 30,1
2100,'20260913',759,,240883,26,0,7 29 30,1,98,,240885,26,0,7 29 30,1,100,,240888,26,0,7 29 30,1,95,,240891,26,0,7 29 30,1,105,,240895,26,0,7 29 30,1,102,,240898,26,0,7 29 30,1,100,,240901,26,0,7 29 30,1,100,,240904,26,0,7 29 30,1,100,,240907,26,0,7 29 30,1,96,,240910,26,0,7 29 30,1,97,,240913,26,0,7 29 30,1,103,,240915,26,0,7 29 30,1
2100,'20260914',930,,240927,26,0,7 29 30,1,20,,240930,26,0,7 29 30,1,60,,240932,26,0,7 29 30,1,25,,240933,26,0,7 29 30,1,15,,240936,26,0,7 29 30,1,60,,240938,26,0,7 29 30,1,20,,240939,26,0,7 29 30,1,20,,240942,26,0,7 29 30,1,70,,240943,26,0,7 29 30,1,30,,240946,26,0,7 29 30,1,70,,240947,26,0,7 29 30,1,32,,240950,26,0,7 29 30,1,95,,240953,26,0,7 29 30,1,104,,240955,26,0,7 29 30,1
2100,'20260915',930,,240972,26,0,7 29 30,1,20,,240975,26,0,7 29 30,1,60,,240977,26,0,7 29 30,1,25,,240978,26,0,7 29 30,1,15,,240981,26,0,7 29 30,1,60,,240983,26,0,7 29 30,1,20,,240984,26,0,7 29 30,1,20,,240987,26,0,7 29 30,1,70,,240988,26,0,7 29 30,1,30,,240991,26,0,7 29 30,1,70,,240992,26,0,7 29 30,1,32,,240995,26,0,7 29 30,1,95,,240998,26,0,7 29 30,1,104,,241000,26,0,7 29 30,1
2100,'20260916',930,,241017,26,0,7 29 30,1,20,,241020,26,0,7 29 30,1,60,,241022,26,0,7 29 30,1,25,,241023,26,0,7 29 30,1,15,,241026,26,0,7 29 30,1,60,,241028,26,0,7 29 30,1,20,,241029,26,0,7 29 30,1,20,,241032,26,0,7 29 30,1,70,,241033,26,0,7 29 30,1,30,,241036,26,0,7 29 30,1,70,,241037,26,0,7 29 30,1,32,,241040,26,0,7 29 30,1,95,,241043,26,0,7 29 30,1,104,,241045,26,0,7 29 30,1
2100,'20260917',930,,241062,26,0,7 29 30,1,20,,241065,26,0,7 29 30,1,60,,241067,26,0,7 29 30,1,25,,241068,26,0,7 29 30,1,15,,241071,26,0,7 29 30,1,60,,241073,26,0,7 29 30,1,20,,241074,26,0,7 29 30,1,20,,241077,26,0,7 29 30,1,70,,241078,26,0,7 29 30,1,30,,241081,26,0,7 29 30,1,70,,241082,26,0,7 29 30,1,32,,241085,26,0,7 29 30,1,95,,241088,26,0,7 29 30,1,104,,241090,26,0,7 29 30,1
2100,'20260918',930,,241107,26,0,7 29 30,1,20,,241110,26,0,7 29 30,1,60,,241112,26,0,7 29 30,1,25,,241113,26,0,7 29 30,1,15,,241116,26,0,7 29 30,1,60,,241118,26,0,7 29 30,1,20,,241119,26,0,7 29 30,1,20,,241122,26,0,7 29 30,1,70,,241123,26,0,7 29 30,1,30,,241126,26,0,7 29 30,1,70,,241127,26,0,7 29 30,1,32,,241130,26,0,7 29 30,1,95,,241133,26,0,7 29 30,1,104,,241135,26,0,7 29 30,1
2100,'20260919',759,,241152,26,0,7 29 30,1,98,,241155,26,0,7 29 30,1,100,,241159,26,0,7 29 30,1,95,,241163,26,0,7 29 30,1,105,,241167,26,0,7 29 30,1,102,,241170,26,0,7 29 30,1,100,,241173,26,0,7 29 30,1,100,,241176,26,0,7 29 30,1,100,,241179,26,0,7 29 30,1,96,,241182,26,0,7 29 30,1,97,,241185,26,0,7 29 30,1,103,,241187,26,0,7 29 30,1
2100,'20260920',759,,241199,26,0,7 29 30,1,98,,241201,26,0,7 29 30,1,100,,241204,26,0,7 29 30,1,95,,241207,26,0,7 29 30,1,105,,241211,26,0,7 29 30,1,102,,241214,26,0,7 29 30,1,100,,241217,26,0,7 29 30,1,100,,241220,26,0,7 29 30,1,100,,241223,26,0,7 29 30,1,96,,241226,26,0,7 29 30,1,97,,241229,26,0,7 29 30,1,103,,241231,26,0,7 29 30,1
2100,'20260921',930,,241243,26,0,7 29 30,1,20,,241246,26,0,7 29 30,1,60,,241248,26,0,7 29 30,1,25,,241249,26,0,7 29 30,1,15,,241252,26,0,7 29 30,1,60,,241254,26,0,7 29 30,1,20,,241255,26,0,7 29 30,1,20,,241258,26,0,7 29 30,1,70,,241259,26,0,7 29 30,1,30,,241262,26,0,7 29 30,1,70,,241263,26,0,7 29 30,1,32,,241266,26,0,7 29 30,1,95,,241269,26,0,7 29 30,1,104,,241271,26,0,7 29 30,1
2100,'20260922',930,,241288,26,0,7 29 30,1,20,,241291,26,0,7 29 30,1,60,,241293,26,0,7 29 30,1,25,,241294,26,0,7 29 30,1,15,,241297,26,0,7 29 30,1,60,,241299,26,0,7 29 30,1,20,,241300,26,0,7 29 30,1,20,,241303,26,0,7 29 30,1,70,,241304,26,0,7 29 30,1,30,,241307,26,0,7 29 30,1,70,,241308,26,0,7 29 30,1,32,,241311,26,0,7 29 30,1,95,,241314,26,0,7 29 30,1,104,,241316,26,0,7 29 30,1
2100,'20260923',930,,241333,26,0,7 29 30,1,20,,241336,26,0,7 29 30,1,60,,241338,26,0,7 29 30,1,25,,241339,26,0,7 29 30,1,15,,241342,26,0,7 29 30,1,60,,241344,26,0,7 29 30,1,20,,241345,26,0,7 29 30,1,20,,241348,26,0,7 29 30,1,70,,241349,26,0,7 29 30,1,30,,241352,26,0,7 29 30,1,70,,241353,26,0,7 29 30,1,32,,241356,26,0,7 29 30,1,95,,241359,26,0,7 29 30,1,104,,241361,26,0,7 29 30,1
2100,'20260924',930,,241378,26,0,7 29 30,1,20,,241381,26,0,7 29 30,1,60,,241383,26,0,7 29 30,1,25,,241384,26,0,7 29 30,1,15,,241387,26,0,7 29 30,1,60,,241389,26,0,7 29 30,1,20,,241390,26,0,7 29 30,1,20,,241393,26,0,7 29 30,1,70,,241394,26,0,7 29 30,1,30,,241397,26,0,7 29 30,1,70,,241398,26,0,7 29 30,1,32,,241401,26,0,7 29 30,1,95,,241404,26,0,7 29 30,1,104,,241406,26,0,7 29 30,1
2100,'20260925',930,,241423,26,0,7 29 30,1,20,,241426,26,0,7 29 30,1,60,,241428,26,0,7 29 30,1,25,,241429,26,0,7 29 30,1,15,,241432,26,0,7 29 30,1,60,,241434,26,0,7 29 30,1,20,,241435,26,0,7 29 30,1,20,,241438,26,0,7 29 30,1,70,,241439,26,0,7 29 30,1,30,,241442,26,0,7 29 30,1,70,,241443,26,0,7 29 30,1,32,,241446,26,0,7 29 30,1,95,,241449,26,0,7 29 30,1,104,,241451,26,0,7 29 30,1
2100,'20260926',759,,241468,26,0,7 29 30,1,98,,241471,26,0,7 29 30,1,100,,241475,26,0,7 29 30,1,95,,241479,26,0,7 29 30,1,105,,241483,26,0,7 29 30,1,102,,241486,26,0,7 29 30,1,100,,241489,26,0,7 29 30,1,100,,241492,26,0,7 29 30,1,100,,241495,26,0,7 29 30,1,96,,241498,26,0,7 29 30,1,97,,241501,26,0,7 29 30,1,103,,241503,26,0,7 29 30,1
2100,'20260927',759,,241515,26,0,7 29 30,1,98,,241517,26,0,7 29 30,1,100,,241520,26,0,7 29 30,1,95,,241523,26,0,7 29 30,1,105,,241527,26,0,7 29 30,1,102,,241530,26,0,7 29 30,1,100,,241533,26,0,7 29 30,1,100,,241536,26,0,7 29 30,1,100,,241539,26,0,7 29 30,1,96,,241542,26,0,7 29 30,1,97,,241545,26,0,7 29 30,1,103,,241547,26,0,7 29 30,1
2100,'20260928',930,,241559,26,0,7 29 30,1,20,,241562,26,0,7 29 30,1,60,,241564,26,0,7 29 30,1,25,,241565,26,0,7 29 30,1,15,,241568,26,0,7 29 30,1,60,,241570,26,0,7 29 30,1,20,,241571,26,0,7 29 30,1,20,,241574,26,0,7 29 30,1,70,,241575,26,0,7 29 30,1,30,,241578,26,0,7 29 30,1,70,,241579,26,0,7 29 30,1,32,,241582,26,0,7 29 30,1,95,,241585,26,0,7 29 30,1,104,,241587,26,0,7 29 30,1
2100,'20260929',930,,241604,26,0,7 29 30,1,20,,241607,26,0,7 29 30,1,60,,241609,26,0,7 29 30,1,25,,241610,26,0,7 29 30,1,15,,241613,26,0,7 29 30,1,60,,241615,26,0,7 29 30,1,20,,241616,26,0,7 29 30,1,20,,241619,26,0,7 29 30,1,70,,241620,26,0,7 29 30,1,30,,241623,26,0,7 29 30,1,70,,241624,26,0,7 29 30,1,32,,241627,26,0,7 29 30,1,95,,241630,26,0,7 29 30,1,104,,241632,26,0,7 29 30,1
2100,'20260930',930,,241649,26,0,7 29 30,1,20,,241652,26,0,7 29 30,1,60,,241654,26,0,7 29 30,1,25,,241655,26,0,7 29 30,1,15,,241658,26,0,7 29 30,1,60,,241660,26,0,7 29 30,1,20,,241661,26,0,7 29 30,1,20,,241664,26,0,7 29 30,1,70,,241665,26,0,7 29 30,1,30,,241668,26,0,7 29 30,1,70,,241669,26,0,7 29 30,1,32,,241672,26,0,7 29 30,1,95,,241675,26,0,7 29 30,1,104,,241677,26,0,7 29 30,1
2100,'20261001',930,,241694,26,0,7 29 30,1,20,,241697,26,0,7 29 30,1,60,,241699,26,0,7 29 30,1,25,,241700,26,0,7 29 30,1,15,,241703,26,0,7 29 30,1,60,,241705,26,0,7 29 30,1,20,,241706,26,0,7 29 30,1,20,,241709,26,0,7 29 30,1,70,,241710,26,0,7 29 30,1,30,,241713,26,0,7 29 30,1,70,,241714,26,0,7 29 30,1,32,,241717,26,0,7 29 30,1,95,,241720,26,0,7 29 30,1,104,,241722,26,0,7 29 30,1
2100,'20261002',930,,241739,26,0,7 29 30,1,20,,241742,26,0,7 29 30,1,60,,241744,26,0,7 29 30,1,25,,241745,26,0,7 29 30,1,15,,241748,26,0,7 29 30,1,60,,241750,26,0,7 29 30,1,20,,241751,26,0,7 29 30,1,20,,241754,26,0,7 29 30,1,70,,241755,26,0,7 29 30,1,30,,241758,26,0,7 29 30,1,70,,241759,26,0,7 29 30,1,32,,241762,26,0,7 29 30,1,95,,241765,26,0,7 29 30,1,104,,241767,26,0,7 29 30,1
2100,'20261003',759,,241784,26,0,7 29 30,1,98,,241787,26,0,7 29 30,1,100,,241791,26,0,7 29 30,1,95,,241795,26,0,7 29 30,1,105,,241799,26,0,7 29 30,1,102,,241802,26,0,7 29 30,1,100,,241805,26,0,7 29 30,1,100,,241808,26,0,7 29 30,1,100,,241811,26,0,7 29 30,1,96,,241814,26,0,7 29 30,1,97,,241817,26,0,7 29 30,1,103,,241819,26,0,7 29 30,1
2100,'20261004',759,,241831,26,0,7 29 30,1,98,,241833,26,0,7 29 30,1,100,,241836,26,0,7 29 30,1,95,,241839,26,0,7 29 30,1,105,,241843,26,0,7 29 30,1,102,,241846,26,0,7 29 30,1,100,,241849,26,0,7 29 30,1,100,,241852,26,0,7 29 30,1,100,,241855,26,0,7 29 30,1,96,,241858,26,0,7 29 30,1,97,,241861,26,0,7 29 30,1,103,,241863,26,0,7 29 30,1
2100,'20261005',930,,241875,26,0,7 29 30,1,20,,241878,26,0,7 29 30,1,60,,241880,26,0,7 29 30,1,25,,241881,26,0,7 29 30,1,15,,241884,26,0,7 29 30,1,60,,241886,26,0,7 29 30,1,20,,241887,26,0,7 29 30,1,20,,241890,26,0,7 29 30,1,70,,241891,26,0,7 29 30,1,30,,241894,26,0,7 29 30,1,70,,241895,26,0,7 29 30,1,32,,241898,26,0,7 29 30,1,95,,241901,26,0,7 29 30,1,104,,241903,26,0,7 29 30,1
2100,'20261006',930,,241920,26,0,7 29 30,1,20,,241923,26,0,7 29 30,1,60,,241925,26,0,7 29 30,1,25,,241926,26,0,7 29 30,1,15,,241929,26,0,7 29 30,1,60,,241931,26,0,7 29 30,1,20,,241932,26,0,7 29 30,1,20,,241935,26,0,7 29 30,1,70,,241936,26,0,7 29 30,1,30,,241939,26,0,7 29 30,1,70,,241940,26,0,7 29 30,1,32,,241943,26,0,7 29 30,1,95,,241946,26,0,7 29 30,1,104,,241948,26,0,7 29 30,1
2100,'20261007',930,,241965,26,0,7 29 30,1,20,,241968,26,0,7 29 30,1,60,,241970,26,0,7 29 30,1,25,,241971,26,0,7 29 30,1,15,,241974,26,0,7 29 30,1,60,,241976,26,0,7 29 30,1,20,,241977,26,0,7 29 30,1,20,,241980,26,0,7 29 30,1,70,,241981,26,0,7 29 30,1,30,,241984,26,0,7 29 30,1,70,,241985,26,0,7 29 30,1,32,,241988,26,0,7 29 30,1,95,,241991,26,0,7 29 30,1,104,,241993,26,0,7 29 30,1
2100,'20261008',930,,242010,26,0,7 29 30,1,20,,242013,26,0,7 29 30,1,60,,242015,26,0,7 29 30,1,25,,242016,26,0,7 29 30,1,15,,242019,26,0,7 29 30,1,60,,242021,26,0,7 29 30,1,20,,242022,26,0,7 29 30,1,20,,242025,26,0,7 29 30,1,70,,242026,26,0,7 29 30,1,30,,242029,26,0,7 29 30,1,70,,242030,26,0,7 29 30,1,32,,242033,26,0,7 29 30,1,95,,242036,26,0,7 29 30,1,104,,242038,26,0,7 29 30,1
2100,'20261009',930,,242055,26,0,7 29 30,1,20,,242058,26,0,7 29 30,1,60,,242060,26,0,7 29 30,1,25,,242061,26,0,7 29 30,1,15,,242064,26,0,7 29 30,1,60,,242066,26,0,7 29 30,1,20,,242067,26,0,7 29 30,1,20,,242070,26,0,7 29 30,1,70,,242071,26,0,7 29 30,1,30,,242074,26,0,7 29 30,1,70,,242075,26,0,7 29 30,1,32,,242078,26,0,7 29 30,1,95,,242081,26,0,7 29 30,1,104,,242083,26,0,7 29 30,1
2100,'20261010',759,,242100,26,0,7 29 30,1,98,,242103,26,0,7 29 30,1,100,,242107,26,0,7 29 30,1,95,,242111,26,0,7 29 30,1,105,,242115,26,0,7 29 30,1,102,,242118,26,0,7 29 30,1,100,,242121,26,0,7 29 30,1,100,,242124,26,0,7 29 30,1,100,,242127,26,0,7 29 30,1,96,,242130,26,0,7 29 30,1,97,,242133,26,0,7 29 30,1,103,,242135,26,0,7 29 30,1
2100,'20261011',759,,242147,26,0,7 29 30,1,98,,242149,26,0,7 29 30,1,100,,242152,26,0,7 29 30,1,95,,242155,26,0,7 29 30,1,105,,242159,26,0,7 29 30,1,102,,242162,26,0,7 29 30,1,100,,242165,26,0,7 29 30,1,100,,242168,26,0,7 29 30,1,100,,242171,26,0,7 29 30,1,96,,242174,26,0,7 29 30,1,97,,242177,26,0,7 29 30,1,103,,242179,26,0,7 29 30,1
2100,'20261012',759,,242191,26,0,7 29 30,1,98,,242194,26,0,7 29 30,1,100,,242198,26,0,7 29 30,1,95,,242202,26,0,7 29 30,1,105,,242206,26,0,7 29 30,1,102,,242209,26,0,7 29 30,1,100,,242212,26,0,7 29 30,1,100,,242215,26,0,7 29 30,1,100,,242218,26,0,7 29 30,1,96,,242221,26,0,7 29 30,1,97,,242224,26,0,7 29 30,1,103,,242226,26,0,7 29 30,1
2100,'20261013',930,,242239,26,0,7 29 30,1,20,,242242,26,0,7 29 30,1,60,,242244,26,0,7 29 30,1,25,,242245,26,0,7 29 30,1,15,,242248,26,0,7 29 30,1,60,,242250,26,0,7 29 30,1,20,,242251,26,0,7 29 30,1,20,,242254,26,0,7 29 30,1,70,,242255,26,0,7 29 30,1,30,,242258,26,0,7 29 30,1,70,,242259,26,0,7 29 30,1,32,,242262,26,0,7 29 30,1,95,,242265,26,0,7 29 30,1,104,,242267,26,0,7 29 30,1
2100,'20261014',930,,242284,26,0,7 29 30,1,20,,242287,26,0,7 29 30,1,60,,242289,26,0,7 29 30,1,25,,242290,26,0,7 29 30,1,15,,242293,26,0,7 29 30,1,60,,242295,26,0,7 29 30,1,20,,242296,26,0,7 29 30,1,20,,242299,26,0,7 29 30,1,70,,242300,26,0,7 29 30,1,30,,242303,26,0,7 29 30,1,70,,242304,26,0,7 29 30,1,32,,242307,26,0,7 29 30,1,95,,242310,26,0,7 29 30,1,104,,242312,26,0,7 29 30,1
2100,'20261015',930,,242329,26,0,7 29 30,1,20,,242332,26,0,7 29 30,1,60,,242334,26,0,7 29 30,1,25,,242335,26,0,7 29 30,1,15,,242338,26,0,7 29 30,1,60,,242340,26,0,7 29 30,1,20,,242341,26,0,7 29 30,1,20,,242344,26,0,7 29 30,1,70,,242345,26,0,7 29 30,1,30,,242348,26,0,7 29 30,1,70,,242349,26,0,7 29 30,1,32,,242352,26,0,7 29 30,1,95,,242355,26,0,7 29 30,1,104,,242357,26,0,7 29 30,1
2100,'20261016',930,,242374,26,0,7 29 30,1,20,,242377,26,0,7 29 30,1,60,,242379,26,0,7 29 30,1,25,,242380,26,0,7 29 30,1,15,,242383,26,0,7 29 30,1,60,,242385,26,0,7 29 30,1,20,,242386,26,0,7 29 30,1,20,,242389,26,0,7 29 30,1,70,,242390,26,0,7 29 30,1,30,,242393,26,0,7 29 30,1,70,,242394,26,0,7 29 30,1,32,,242397,26,0,7 29 30,1,95,,242400,26,0,7 29 30,1,104,,242402,26,0,7 29 30,1
2100,'20261017',759,,242419,26,0,7 29 30,1,98,,242422,26,0,7 29 30,1,100,,242426,26,0,7 29 30,1,95,,242430,26,0,7 29 30,1,105,,242434,26,0,7 29 30,1,102,,242437,26,0,7 29 30,1,100,,242440,26,0,7 29 30,1,100,,242443,26,0,7 29 30,1,100,,242446,26,0,7 29 30,1,96,,242449,26,0,7 29 30,1,97,,242452,26,0,7 29 30,1,103,,242454,26,0,7 29 30,1
2100,'20261018',759,,242466,26,0,7 29 30,1,98,,242468,26,0,7 29 30,1,100,,242471,26,0,7 29 30,1,95,,242474,26,0,7 29 30,1,105,,242478,26,0,7 29 30,1,102,,242481,26,0,7 29 30,1,100,,242484,26,0,7 29 30,1,100,,242487,26,0,7 29 30,1,100,,242490,26,0,7 29 30,1,96,,242493,26,0,7 29 30,1,97,,242496,26,0,7 29 30,1,103,,242498,26,0,7 29 30,1
2100,'20261019',930,,242510,26,0,7 29 30,1,20,,242513,26,0,7 29 30,1,60,,242515,26,0,7 29 30,1,25,,242516,26,0,7 29 30,1,15,,242519,26,0,7 29 30,1,60,,242521,26,0,7 29 30,1,20,,242522,26,0,7 29 30,1,20,,242525,26,0,7 29 30,1,70,,242526,26,0,7 29 30,1,30,,242529,26,0,7 29 30,1,70,,242530,26,0,7 29 30,1,32,,242533,26,0,7 29 30,1,95,,242536,26,0,7 29 30,1,104,,242538,26,0,7 29 30,1
2100,'20261020',930,,242555,26,0,7 29 30,1,20,,242558,26,0,7 29 30,1,60,,242560,26,0,7 29 30,1,25,,242561,26,0,7 29 30,1,15,,242564,26,0,7 29 30,1,60,,242566,26,0,7 29 30,1,20,,242567,26,0,7 29 30,1,20,,242570,26,0,7 29 30,1,70,,242571,26,0,7 29 30,1,30,,242574,26,0,7 29 30,1,70,,242575,26,0,7 29 30,1,32,,242578,26,0,7 29 30,1,95,,242581,26,0,7 29 30,1,104,,242583,26,0,7 29 30,1
2100,'20261021',930,,242600,26,0,7 29 30,1,20,,242603,26,0,7 29 30,1,60,,242605,26,0,7 29 30,1,25,,242606,26,0,7 29 30,1,15,,242609,26,0,7 29 30,1,60,,242611,26,0,7 29 30,1,20,,242612,26,0,7 29 30,1,20,,242615,26,0,7 29 30,1,70,,242616,26,0,7 29 30,1,30,,242619,26,0,7 29 30,1,70,,242620,26,0,7 29 30,1,32,,242623,26,0,7 29 30,1,95,,242626,26,0,7 29 30,1,104,,242628,26,0,7 29 30,1
2100,'20261022',930,,242645,26,0,7 29 30,1,20,,242648,26,0,7 29 30,1,60,,242650,26,0,7 29 30,1,25,,242651,26,0,7 29 30,1,15,,242654,26,0,7 29 30,1,60,,242656,26,0,7 29 30,1,20,,242657,26,0,7 29 30,1,20,,242660,26,0,7 29 30,1,70,,242661,26,0,7 29 30,1,30,,242664,26,0,7 29 30,1,70,,242665,26,0,7 29 30,1,32,,242668,26,0,7 29 30,1,95,,242671,26,0,7 29 30,1,104,,242673,26,0,7 29 30,1
2100,'20261023',930,,242690,26,0,7 29 30,1,20,,242693,26,0,7 29 30,1,60,,242695,26,0,7 29 30,1,25,,242696,26,0,7 29 30,1,15,,242699,26,0,7 29 30,1,60,,242701,26,0,7 29 30,1,20,,242702,26,0,7 29 30,1,20,,242705,26,0,7 29 30,1,70,,242706,26,0,7 29 30,1,30,,242709,26,0,7 29 30,1,70,,242710,26,0,7 29 30,1,32,,242713,26,0,7 29 30,1,95,,242716,26,0,7 29 30,1,104,,242718,26,0,7 29 30,1
2100,'20261024',759,,242735,26,0,7 29 30,1,98,,242738,26,0,7 29 30,1,100,,242742,26,0,7 29 30,1,95,,242746,26,0,7 29 30,1,105,,242750,26,0,7 29 30,1,102,,242753,26,0,7 29 30,1,100,,242756,26,0,7 29 30,1,100,,242759,26,0,7 29 30,1,100,,242762,26,0,7 29 30,1,96,,242765,26,0,7 29 30,1,97,,242768,26,0,7 29 30,1,103,,242770,26,0,7 29 30,1
2100,'20261025',759,,242782,26,0,7 29 30,1,98,,242784,26,0,7 29 30,1,100,,242787,26,0,7 29 30,1,95,,242790,26,0,7 29 30,1,105,,242794,26,0,7 29 30,1,102,,242797,26,0,7 29 30,1,100,,242800,26,0,7 29 30,1,100,,242803,26,0,7 29 30,1,100,,242806,26,0,7 29 30,1,96,,242809,26,0,7 29 30,1,97,,242812,26,0,7 29 30,1,103,,242814,26,0,7 29 30,1
2100,'20261026',930,,242826,26,0,7 29 30,1,20,,242829,26,0,7 29 30,1,60,,242831,26,0,7 29 30,1,25,,242832,26,0,7 29 30,1,15,,242835,26,0,7 29 30,1,60,,242837,26,0,7 29 30,1,20,,242838,26,0,7 29 30,1,20,,242841,26,0,7 29 30,1,70,,242842,26,0,7 29 30,1,30,,242845,26,0,7 29 30,1,70,,242846,26,0,7 29 30,1,32,,242849,26,0,7 29 30,1,95,,242852,26,0,7 29 30,1,104,,242854,26,0,7 29 30,1
2100,'20261027',930,,242871,26,0,7 29 30,1,20,,242874,26,0,7 29 30,1,60,,242876,26,0,7 29 30,1,25,,242877,26,0,7 29 30,1,15,,242880,26,0,7 29 30,1,60,,242882,26,0,7 29 30,1,20,,242883,26,0,7 29 30,1,20,,242886,26,0,7 29 30,1,70,,242887,26,0,7 29 30,1,30,,242890,26,0,7 29 30,1,70,,242891,26,0,7 29 30,1,32,,242894,26,0,7 29 30,1,95,,242897,26,0,7 29 30,1,104,,242899,26,0,7 29 30,1
2100,'20261028',930,,242916,26,0,7 29 30,1,20,,242919,26,0,7 29 30,1,60,,242921,26,0,7 29 30,1,25,,242922,26,0,7 29 30,1,15,,242925,26,0,7 29 30,1,60,,242927,26,0,7 29 30,1,20,,242928,26,0,7 29 30,1,20,,242931,26,0,7 29 30,1,70,,242932,26,0,7 29 30,1,30,,242935,26,0,7 29 30,1,70,,242936,26,0,7 29 30,1,32,,242939,26,0,7 29 30,1,95,,242942,26,0,7 29 30,1,104,,242944,26,0,7 29 30,1
2100,'20261029',930,,242961,26,0,7 29 30,1,20,,242964,26,0,7 29 30,1,60,,242966,26,0,7 29 30,1,25,,242967,26,0,7 29 30,1,15,,242970,26,0,7 29 30,1,60,,242972,26,0,7 29 30,1,20,,242973,26,0,7 29 30,1,20,,242976,26,0,7 29 30,1,70,,242977,26,0,7 29 30,1,30,,242980,26,0,7 29 30,1,70,,242981,26,0,7 29 30,1,32,,242984,26,0,7 29 30,1,95,,242987,26,0,7 29 30,1,104,,242989,26,0,7 29 30,1
2100,'20261030',930,,243006,26,0,7 29 30,1,20,,243009,26,0,7 29 30,1,60,,243011,26,0,7 29 30,1,25,,243012,26,0,7 29 30,1,15,,243015,26,0,7 29 30,1,60,,243017,26,0,7 29 30,1,20,,243018,26,0,7 29 30,1,20,,243021,26,0,7 29 30,1,70,,243022,26,0,7 29 30,1,30,,243025,26,0,7 29 30,1,70,,243026,26,0,7 29 30,1,32,,243029,26,0,7 29 30,1,95,,243032,26,0,7 29 30,1,104,,243034,26,0,7 29 30,1
2100,'20261031',759,,243051,26,0,7 29 30,1,98,,243054,26,0,7 29 30,1,100,,243058,26,0,7 29 30,1,95,,243062,26,0,7 29 30,1,105,,243066,26,0,7 29 30,1,102,,243069,26,0,7 29 30,1,100,,243072,26,0,7 29 30,1,100,,243075,26,0,7 29 30,1,100,,243078,26,0,7 29 30,1,96,,243081,26,0,7 29 30,1,97,,243084,26,0,7 29 30,1,103,,243086,26,0,7 29 30,1
2100,'20261101',759,,243098,26,0,7 29 30,1,98,,243100,26,0,7 29 30,1,100,,243103,26,0,7 29 30,1,95,,243106,26,0,7 29 30,1,105,,243110,26,0,7 29 30,1,102,,243113,26,0,7 29 30,1,100,,243116,26,0,7 29 30,1,100,,243119,26,0,7 29 30,1,100,,243122,26,0,7 29 30,1,96,,243125,26,0,7 29 30,1,97,,243128,26,0,7 29 30,1,103,,243130,26,0,7 29 30,1
2100,'20261102',930,,243142,26,0,7 29 30,1,20,,243145,26,0,7 29 30,1,60,,243147,26,0,7 29 30,1,25,,243148,26,0,7 29 30,1,15,,243151,26,0,7 29 30,1,60,,243153,26,0,7 29 30,1,20,,243154,26,0,7 29 30,1,20,,243157,26,0,7 29 30,1,70,,243158,26,0,7 29 30,1,30,,243161,26,0,7 29 30,1,70,,243162,26,0,7 29 30,1,32,,243165,26,0,7 29 30,1,95,,243168,26,0,7 29 30,1,104,,243170,26,0,7 29 30,1
2100,'20261103',930,,243187,26,0,7 29 30,1,20,,243190,26,0,7 29 30,1,60,,243192,26,0,7 29 30,1,25,,243193,26,0,7 29 30,1,15,,243196,26,0,7 29 30,1,60,,243198,26,0,7 29 30,1,20,,243199,26,0,7 29 30,1,20,,243202,26,0,7 29 30,1,70,,243203,26,0,7 29 30,1,30,,243206,26,0,7 29 30,1,70,,243207,26,0,7 29 30,1,32,,243210,26,0,7 29 30,1,95,,243213,26,0,7 29 30,1,104,,243215,26,0,7 29 30,1
2100,'20261104',930,,243232,26,0,7 29 30,1,20,,243235,26,0,7 29 30,1,60,,243237,26,0,7 29 30,1,25,,243238,26,0,7 29 30,1,15,,243241,26,0,7 29 30,1,60,,243243,26,0,7 29 30,1,20,,243244,26,0,7 29 30,1,20,,243247,26,0,7 29 30,1,70,,243248,26,0,7 29 30,1,30,,243251,26,0,7 29 30,1,70,,243252,26,0,7 29 30,1,32,,243255,26,0,7 29 30,1,95,,243258,26,0,7 29 30,1,104,,243260,26,0,7 29 30,1
2100,'20261105',930,,243277,26,0,7 29 30,1,20,,243280,26,0,7 29 30,1,60,,243282,26,0,7 29 30,1,25,,243283,26,0,7 29 30,1,15,,243286,26,0,7 29 30,1,60,,243288,26,0,7 29 30,1,20,,243289,26,0,7 29 30,1,20,,243292,26,0,7 29 30,1,70,,243293,26,0,7 29 30,1,30,,243296,26,0,7 29 30,1,70,,243297,26,0,7 29 30,1,32,,243300,26,0,7 29 30,1,95,,243303,26,0,7 29 30,1,104,,243305,26,0,7 29 30,1
2100,'20261106',930,,243322,26,0,7 29 30,1,20,,243325,26,0,7 29 30,1,60,,243327,26,0,7 29 30,1,25,,243328,26,0,7 29 30,1,15,,243331,26,0,7 29 30,1,60,,243333,26,0,7 29 30,1,20,,243334,26,0,7 29 30,1,20,,243337,26,0,7 29 30,1,70,,243338,26,0,7 29 30,1,30,,243341,26,0,7 29 30,1,70,,243342,26,0,7 29 30,1,32,,243345,26,0,7 29 30,1,95,,243348,26,0,7 29 30,1,104,,243350,26,0,7 29 30,1
2100,'20261107',759,,243367,26,0,7 29 30,1,98,,243370,26,0,7 29 30,1,100,,243374,26,0,7 29 30,1,95,,243378,26,0,7 29 30,1,105,,243382,26,0,7 29 30,1,102,,243385,26,0,7 29 30,1,100,,243388,26,0,7 29 30,1,100,,243391,26,0,7 29 30,1,100,,243394,26,0,7 29 30,1,96,,243397,26,0,7 29 30,1,97,,243400,26,0,7 29 30,1,103,,243402,26,0,7 29 30,1
2100,'20261108',759,,243414,26,0,7 29 30,1,98,,243416,26,0,7 29 30,1,100,,243419,26,0,7 29 30,1,95,,243422,26,0,7 29 30,1,105,,243426,26,0,7 29 30,1,102,,243429,26,0,7 29 30,1,100,,243432,26,0,7 29 30,1,100,,243435,26,0,7 29 30,1,100,,243438,26,0,7 29 30,1,96,,243441,26,0,7 29 30,1,97,,243444,26,0,7 29 30,1,103,,243446,26,0,7 29 30,1
2100,'20261109',930,,243458,26,0,7 29 30,1,20,,243461,26,0,7 29 30,1,60,,243463,26,0,7 29 30,1,25,,243464,26,0,7 29 30,1,15,,243467,26,0,7 29 30,1,60,,243469,26,0,7 29 30,1,20,,243470,26,0,7 29 30,1,20,,243473,26,0,7 29 30,1,70,,243474,26,0,7 29 30,1,30,,243477,26,0,7 29 30,1,70,,243478,26,0,7 29 30,1,32,,243481,26,0,7 29 30,1,95,,243484,26,0,7 29 30,1,104,,243486,26,0,7 29 30,1
2100,'20261110',930,,243503,26,0,7 29 30,1,20,,243506,26,0,7 29 30,1,60,,243508,26,0,7 29 30,1,25,,243509,26,0,7 29 30,1,15,,243512,26,0,7 29 30,1,60,,243514,26,0,7 29 30,1,20,,243515,26,0,7 29 30,1,20,,243518,26,0,7 29 30,1,70,,243519,26,0,7 29 30,1,30,,243522,26,0,7 29 30,1,70,,243523,26,0,7 29 30,1,32,,243526,26,0,7 29 30,1,95,,243529,26,0,7 29 30,1,104,,243531,26,0,7 29 30,1
2100,'20261111',930,,243548,26,0,7 29 30,1,20,,243551,26,0,7 29 30,1,60,,243553,26,0,7 29 30,1,25,,243554,26,0,7 29 30,1,15,,243557,26,0,7 29 30,1,60,,243559,26,0,7 29 30,1,20,,243560,26,0,7 29 30,1,20,,243563,26,0,7 29 30,1,70,,243564,26,0,7 29 30,1,30,,243567,26,0,7 29 30,1,70,,243568,26,0,7 29 30,1,32,,243571,26,0,7 29 30,1,95,,243574,26,0,7 29 30,1,104,,243576,26,0,7 29 30,1
2100,'20261112',930,,243593,26,0,7 29 30,1,20,,243596,26,0,7 29 30,1,60,,243598,26,0,7 29 30,1,25,,243599,26,0,7 29 30,1,15,,243602,26,0,7 29 30,1,60,,243604,26,0,7 29 30,1,20,,243605,26,0,7 29 30,1,20,,243608,26,0,7 29 30,1,70,,243609,26,0,7 29 30,1,30,,243612,26,0,7 29 30,1,70,,243613,26,0,7 29 30,1,32,,243616,26,0,7 29 30,1,95,,243619,26,0,7 29 30,1,104,,243621,26,0,7 29 30,1
2100,'20261113',930,,243638,26,0,7 29 30,1,20,,243641,26,0,7 29 30,1,60,,243643,26,0,7 29 30,1,25,,243644,26,0,7 29 30,1,15,,243647,26,0,7 29 30,1,60,,243649,26,0,7 29 30,1,20,,243650,26,0,7 29 30,1,20,,243653,26,0,7 29 30,1,70,,243654,26,0,7 29 30,1,30,,243657,26,0,7 29 30,1,70,,243658,26,0,7 29 30,1,32,,243661,26,0,7 29 30,1,95,,243664,26,0,7 29 30,1,104,,243666,26,0,7 29 30,1
2100,'20261114',759,,243683,26,0,7 29 30,1,98,,243686,26,0,7 29 30,1,100,,243690,26,0,7 29 30,1,95,,243694,26,0,7 29 30,1,105,,243698,26,0,7 29 30,1,102,,243701,26,0,7 29 30,1,100,,243704,26,0,7 29 30,1,100,,243707,26,0,7 29 30,1,100,,243710,26,0,7 29 30,1,96,,243713,26,0,7 29 30,1,97,,243716,26,0,7 29 30,1,103,,243718,26,0,7 29 30,1
2100,'20261115',759,,243730,26,0,7 29 30,1,98,,243732,26,0,7 29 30,1,100,,243735,26,0,7 29 30,1,95,,243738,26,0,7 29 30,1,105,,243742,26,0,7 29 30,1,102,,243745,26,0,7 29 30,1,100,,243748,26,0,7 29 30,1,100,,243751,26,0,7 29 30,1,100,,243754,26,0,7 29 30,1,96,,243757,26,0,7 29 30,1,97,,243760,26,0,7 29 30,1,103,,243762,26,0,7 29 30,1
2100,'20261116',930,,243774,26,0,7 29 30,1,20,,243777,26,0,7 29 30,1,60,,243779,26,0,7 29 30,1,25,,243780,26,0,7 29 30,1,15,,243783,26,0,7 29 30,1,60,,243785,26,0,7 29 30,1,20,,243786,26,0,7 29 30,1,20,,243789,26,0,7 29 30,1,70,,243790,26,0,7 29 30,1,30,,243793,26,0,7 29 30,1,70,,243794,26,0,7 29 30,1,32,,243797,26,0,7 29 30,1,95,,243800,26,0,7 29 30,1,104,,243802,26,0,7 29 30,1
2100,'20261117',930,,243819,26,0,7 29 30,1,20,,243822,26,0,7 29 30,1,60,,243824,26,0,7 29 30,1,25,,243825,26,0,7 29 30,1,15,,243828,26,0,7 29 30,1,60,,243830,26,0,7 29 30,1,20,,243831,26,0,7 29 30,1,20,,243834,26,0,7 29 30,1,70,,243835,26,0,7 29 30,1,30,,243838,26,0,7 29 30,1,70,,243839,26,0,7 29 30,1,32,,243842,26,0,7 29 30,1,95,,243845,26,0,7 29 30,1,104,,243847,26,0,7 29 30,1
2100,'20261118',930,,243864,26,0,7 29 30,1,20,,243867,26,0,7 29 30,1,60,,243869,26,0,7 29 30,1,25,,243870,26,0,7 29 30,1,15,,243873,26,0,7 29 30,1,60,,243875,26,0,7 29 30,1,20,,243876,26,0,7 29 30,1,20,,243879,26,0,7 29 30,1,70,,243880,26,0,7 29 30,1,30,,243883,26,0,7 29 30,1,70,,243884,26,0,7 29 30,1,32,,243887,26,0,7 29 30,1,95,,243890,26,0,7 29 30,1,104,,243892,26,0,7 29 30,1
2100,'20261119',930,,243909,26,0,7 29 30,1,20,,243912,26,0,7 29 30,1,60,,243914,26,0,7 29 30,1,25,,243915,26,0,7 29 30,1,15,,243918,26,0,7 29 30,1,60,,243920,26,0,7 29 30,1,20,,243921,26,0,7 29 30,1,20,,243924,26,0,7 29 30,1,70,,243925,26,0,7 29 30,1,30,,243928,26,0,7 29 30,1,70,,243929,26,0,7 29 30,1,32,,243932,26,0,7 29 30,1,95,,243935,26,0,7 29 30,1,104,,243937,26,0,7 29 30,1
2100,'20261120',930,,243954,26,0,7 29 30,1,20,,243957,26,0,7 29 30,1,60,,243959,26,0,7 29 30,1,25,,243960,26,0,7 29 30,1,15,,243963,26,0,7 29 30,1,60,,243965,26,0,7 29 30,1,20,,243966,26,0,7 29 30,1,20,,243969,26,0,7 29 30,1,70,,243970,26,0,7 29 30,1,30,,243973,26,0,7 29 30,1,70,,243974,26,0,7 29 30,1,32,,243977,26,0,7 29 30,1,95,,243980,26,0,7 29 30,1,104,,243982,26,0,7 29 30,1
2100,'20261121',759,,243999,26,0,7 29 30,1,98,,244002,26,0,7 29 30,1,100,,244006,26,0,7 29 30,1,95,,244010,26,0,7 29 30,1,105,,244014,26,0,7 29 30,1,102,,244017,26,0,7 29 30,1,100,,244020,26,0,7 29 30,1,100,,244023,26,0,7 29 30,1,100,,244026,26,0,7 29 30,1,96,,244029,26,0,7 29 30,1,97,,244032,26,0,7 29 30,1,103,,244034,26,0,7 29 30,1
2100,'20261122',759,,244046,26,0,7 29 30,1,98,,244048,26,0,7 29 30,1,100,,244051,26,0,7 29 30,1,95,,244054,26,0,7 29 30,1,105,,244058,26,0,7 29 30,1,102,,244061,26,0,7 29 30,1,100,,244064,26,0,7 29 30,1,100,,244067,26,0,7 29 30,1,100,,244070,26,0,7 29 30,1,96,,244073,26,0,7 29 30,1,97,,244076,26,0,7 29 30,1,103,,244078,26,0,7 29 30,1
2100,'20261123',930,,244090,26,0,7 29 30,1,20,,244093,26,0,7 29 30,1,60,,244095,26,0,7 29 30,1,25,,244096,26,0,7 29 30,1,15,,244099,26,0,7 29 30,1,60,,244101,26,0,7 29 30,1,20,,244102,26,0,7 29 30,1,20,,244105,26,0,7 29 30,1,70,,244106,26,0,7 29 30,1,30,,244109,26,0,7 29 30,1,70,,244110,26,0,7 29 30,1,32,,244113,26,0,7 29 30,1,95,,244116,26,0,7 29 30,1,104,,244118,26,0,7 29 30,1
2100,'20261124',930,,244135,26,0,7 29 30,1,20,,244138,26,0,7 29 30,1,60,,244140,26,0,7 29 30,1,25,,244141,26,0,7 29 30,1,15,,244144,26,0,7 29 30,1,60,,244146,26,0,7 29 30,1,20,,244147,26,0,7 29 30,1,20,,244150,26,0,7 29 30,1,70,,244151,26,0,7 29 30,1,30,,244154,26,0,7 29 30,1,70,,244155,26,0,7 29 30,1,32,,244158,26,0,7 29 30,1,95,,244161,26,0,7 29 30,1,104,,244163,26,0,7 29 30,1
2100,'20261125',930,,244180,26,0,7 29 30,1,20,,244183,26,0,7 29 30,1,60,,244185,26,0,7 29 30,1,25,,244186,26,0,7 29 30,1,15,,244189,26,0,7 29 30,1,60,,244191,26,0,7 29 30,1,20,,244192,26,0,7 29 30,1,20,,244195,26,0,7 29 30,1,70,,244196,26,0,7 29 30,1,30,,244199,26,0,7 29 30,1,70,,244200,26,0,7 29 30,1,32,,244203,26,0,7 29 30,1,95,,244206,26,0,7 29 30,1,104,,244208,26,0,7 29 30,1
2100,'20261126',930,,244225,26,0,7 29 30,1,20,,244228,26,0,7 29 30,1,60,,244230,26,0,7 29 30,1,25,,244231,26,0,7 29 30,1,15,,244234,26,0,7 29 30,1,60,,244236,26,0,7 29 30,1,20,,244237,26,0,7 29 30,1,20,,244240,26,0,7 29 30,1,70,,244241,26,0,7 29 30,1,30,,244244,26,0,7 29 30,1,70,,244245,26,0,7 29 30,1,32,,244248,26,0,7 29 30,1,95,,244251,26,0,7 29 30,1,104,,244253,26,0,7 29 30,1
2100,'20261127',930,,244270,26,0,7 29 30,1,20,,244273,26,0,7 29 30,1,60,,244275,26,0,7 29 30,1,25,,244276,26,0,7 29 30,1,15,,244279,26,0,7 29 30,1,60,,244281,26,0,7 29 30,1,20,,244282,26,0,7 29 30,1,20,,244285,26,0,7 29 30,1,70,,244286,26,0,7 29 30,1,30,,244289,26,0,7 29 30,1,70,,244290,26,0,7 29 30,1,32,,244293,26,0,7 29 30,1,95,,244296,26,0,7 29 30,1,104,,244298,26,0,7 29 30,1
2700,'20260910',532,,254534,26,0,7 6,1,20,,254535,26,0,7 6,1,65,,254536,26,0,57 6,1,22,,254537,26,0,57 6,1,16,,254538,26,0,57 6,1,67,,254539,26,0,57 6,1,25,,254540,26,0,57 6,1,70,,254541,26,0,57 6,1,40,,254542,26,0,7 6,1,97,,254543,26,0,7 6,1,100,,254544,26,0,7 6,1,103,,254545,4,0,5 6,1,100,,254546,4,0,5 6,1,100,,254547,4,0,5 6,1,145,,254548,4,0,34 6,1,15,,254549,26,0,57 6,1,30,,254550,26,0,57 6,1,70,,254551,26,0,57 6,1,21,,254552,4,0,34 6,1,15,,254553,26,0,57 6,1,55,,254554,4,0,34 6,1,20,,254555,26,0,57 6,1,80,,254556,26,0,57 6,1,49,,254557,26,0,7 6,1,145,,254558,4,0,5 6,1,100,,254559,4,0,5 6,1,200,,254560,4,0,5 6,1
2700,'20260911',532,,254561,26,0,7 6,1,20,,254562,26,0,7 6,1,65,,254563,26,0,57 6,1,22,,254564,26,0,57 6,1,16,,254565,26,0,57 6,1,67,,254566,26,0,57 6,1,25,,254567,26,0,57 6,1,70,,254568,26,0,57 6,1,40,,254569,26,0,7 6,1,97,,254570,26,0,7 6,1,100,,254571,26,0,7 6,1,103,,254572,4,0,5 6,1,100,,254573,4,0,5 6,1,100,,254574,4,0,5 6,1,145,,254575,4,0,34 6,1,15,,254576,26,0,57 6,1,30,,254577,26,0,57 6,1,70,,254578,26,0,57 6,1,21,,254579,4,0,34 6,1,15,,254580,26,0,57 6,1,55,,254581,4,0,34 6,1,20,,254582,26,0,57 6,1,80,,254583,26,0,57 6,1,49,,254584,26,0,7 6,1,145,,254585,4,0,5 6,1,100,,254586,4,0,5 6,1,200,,254587,4,0,5 6,1
2700,'20260912',558,,254588,26,0,7 6,1,144,,254589,4,0,5 6,1,100,,254590,4,0,5 6,1,100,,254591,4,0,5 6,1,100,,254592,4,0,5 6,1,100,,254593,4,0,5 6,1,100,,254594,4,0,5 6,1,100,,254595,4,0,5 6,1,100,,254596,4,0,5 6,1,100,,254597,4,0,5 6,1,100,,254598,4,0,5 6,1,100,,254599,4,0,5 6,1,100,,254600,4,0,5 6,1,100,,254601,4,0,5 6,1,100,,254602,4,0,5 6,1,100,,254603,4,0,5 6,1,200,,254604,4,0,5 6,1
2700,'20260913',558,,254605,26,0,7 6,1,144,,254606,4,0,5 6,1,100,,254607,4,0,5 6,1,100,,254608,4,0,5 6,1,100,,254609,4,0,5 6,1,100,,254610,4,0,5 6,1,100,,254611,4,0,5 6,1,100,,254612,4,0,5 6,1,100,,254613,4,0,5 6,1,100,,254614,4,0,5 6,1,100,,254615,4,0,5 6,1,100,,254616,4,0,5 6,1,100,,254617,4,0,5 6,1,100,,254618,4,0,5 6,1,100,,254619,4,0,5 6,1,100,,254620,4,0,5 6,1,200,,254621,4,0,5 6,1
2700,'20260914',532,,254622,26,0,7 6,1,20,,254623,26,0,7 6,1,65,,254624,26,0,57 6,1,22,,254625,26,0,57 6,1,16,,254626,26,0,57 6,1,67,,254627,26,0,57 6,1,25,,254628,26,0,57 6,1,70,,254629,26,0,57 6,1,40,,254630,26,0,7 6,1,97,,254631,26,0,7 6,1,100,,254632,26,0,7 6,1,103,,254633,4,0,5 6,1,100,,254634,4,0,5 6,1,100,,254635,4,0,5 6,1,145,,254636,4,0,34 6,1,15,,254637,26,0,57 6,1,30,,254638,26,0,57 6,1,70,,254639,26,0,57 6,1,21,,254640,4,0,34 6,1,15,,254641,26,0,57 6,1,55,,254642,4,0,34 6,1,20,,254643,26,0,57 6,1,80,,254644,26,0,57 6,1,49,,254645,26,0,7 6,1,145,,254646,4,0,5 6,1,100,,254647,4,0,5 6,1,200,,254648,4,0,5 6,1
2700,'20260915',532,,254649,26,0,7 6,1,20,,254650,26,0,7 6,1,65,,254651,26,0,57 6,1,22,,254652,26,0,57 6,1,16,,254653,26,0,57 6,1,67,,254654,26,0,57 6,1,25,,254655,26,0,57 6,1,70,,254656,26,0,57 6,1,40,,254657,26,0,7 6,1,97,,254658,26,0,7 6,1,100,,254659,26,0,7 6,1,103,,254660,4,0,5 6,1,100,,254661,4,0,5 6,1,100,,254662,4,0,5 6,1,145,,254663,4,0,34 6,1,15,,254664,26,0,57 6,1,30,,254665,26,0,57 6,1,70,,254666,26,0,57 6,1,21,,254667,4,0,34 6,1,15,,254668,26,0,57 6,1,55,,254669,4,0,34 6,1,20,,254670,26,0,57 6,1,80,,254671,26,0,57 6,1,49,,254672,26,0,7 6,1,145,,254673,4,0,5 6,1,100,,254674,4,0,5 6,1,200,,254675,4,0,5 6,1
2700,'20260916',532,,254676,26,0,7 6,1,20,,254677,26,0,7 6,1,65,,254678,26,0,57 6,1,22,,254679,26,0,57 6,1,16,,254680,26,0,57 6,1,67,,254681,26,0,57 6,1,25,,254682,26,0,57 6,1,70,,254683,26,0,57 6,1,40,,254684,26,0,7 6,1,97,,254685,26,0,7 6,1,100,,254686,26,0,7 6,1,103,,254687,4,0,5 6,1,100,,254688,4,0,5 6,1,100,,254689,4,0,5 6,1,145,,254690,4,0,34 6,1,15,,254691,26,0,57 6,1,30,,254692,26,0,57 6,1,70,,254693,26,0,57 6,1,21,,254694,4,0,34 6,1,15,,254695,26,0,57 6,1,55,,254696,4,0,34 6,1,20,,254697,26,0,57 6,1,80,,254698,26,0,57 6,1,49,,254699,26,0,7 6,1,145,,254700,4,0,5 6,1,100,,254701,4,0,5 6,1,200,,254702,4,0,5 6,1
2700,'20260917',532,,254703,26,0,7 6,1,20,,254704,26,0,7 6,1,65,,254705,26,0,57 6,1,22,,254706,26,0,57 6,1,16,,254707,26,0,57 6,1,67,,254708,26,0,57 6,1,25,,254709,26,0,57 6,1,70,,254710,26,0,57 6,1,40,,254711,26,0,7 6,1,97,,254712,26,0,7 6,1,100,,254713,26,0,7 6,1,103,,254714,4,0,5 6,1,100,,254715,4,0,5 6,1,100,,254716,4,0,5 6,1,145,,254717,4,0,34 6,1,15,,254718,26,0,57 6,1,30,,254719,26,0,57 6,1,70,,254720,26,0,57 6,1,21,,254721,4,0,34 6,1,15,,254722,26,0,57 6,1,55,,254723,4,0,34 6,1,20,,254724,26,0,57 6,1,80,,254725,26,0,57 6,1,49,,254726,26,0,7 6,1,145,,254727,4,0,5 6,1,100,,254728,4,0,5 6,1,200,,254729,4,0,5 6,1
2700,'20260918',532,,254730,26,0,7 6,1,20,,254731,26,0,7 6,1,65,,254732,26,0,57 6,1,22,,254733,26,0,57 6,1,16,,254734,26,0,57 6,1,67,,254735,26,0,57 6,1,25,,254736,26,0,57 6,1,70,,254737,26,0,57 6,1,40,,254738,26,0,7 6,1,97,,254739,26,0,7 6,1,100,,254740,26,0,7 6,1,103,,254741,4,0,5 6,1,100,,254742,4,0,5 6,1,100,,254743,4,0,5 6,1,145,,254744,4,0,34 6,1,15,,254745,26,0,57 6,1,30,,254746,26,0,57 6,1,70,,254747,26,0,57 6,1,21,,254748,4,0,34 6,1,15,,254749,26,0,57 6,1,55,,254750,4,0,34 6,1,20,,254751,26,0,57 6,1,80,,254752,26,0,57 6,1,49,,254753,26,0,7 6,1,145,,254754,4,0,5 6,1,100,,254755,4,0,5 6,1,200,,254756,4,0,5 6,1
2700,'20260919',558,,254757,26,0,7 6,1,144,,254758,4,0,5 6,1,100,,254759,4,0,5 6,1,100,,254760,4,0,5 6,1,100,,254761,4,0,5 6,1,100,,254762,4,0,5 6,1,100,,254763,4,0,5 6,1,100,,254764,4,0,5 6,1,100,,254765,4,0,5 6,1,100,,254766,4,0,5 6,1,100,,254767,4,0,5 6,1,100,,254768,4,0,5 6,1,100,,254769,4,0,5 6,1,100,,254770,4,0,5 6,1,100,,254771,4,0,5 6,1,100,,254772,4,0,5 6,1,200,,254773,4,0,5 6,1
2700,'20260920',558,,254774,26,0,7 6,1,144,,254775,4,0,5 6,1,100,,254776,4,0,5 6,1,100,,254777,4,0,5 6,1,100,,254778,4,0,5 6,1,100,,254779,4,0,5 6,1,100,,254780,4,0,5 6,1,100,,254781,4,0,5 6,1,100,,254782,4,0,5 6,1,100,,254783,4,0,5 6,1,100,,254784,4,0,5 6,1,100,,254785,4,0,5 6,1,100,,254786,4,0,5 6,1,100,,254787,4,0,5 6,1,100,,254788,4,0,5 6,1,100,,254789,4,0,5 6,1,200,,254790,4,0,5 6,1
2700,'20260921',532,,254791,26,0,7 6,1,20,,254792,26,0,7 6,1,65,,254793,26,0,57 6,1,22,,254794,26,0,57 6,1,16,,254795,26,0,57 6,1,67,,254796,26,0,57 6,1,25,,254797,26,0,57 6,1,70,,254798,26,0,57 6,1,40,,254799,26,0,7 6,1,97,,254800,26,0,7 6,1,100,,254801,26,0,7 6,1,103,,254802,4,0,5 6,1,100,,254803,4,0,5 6,1,100,,254804,4,0,5 6,1,145,,254805,4,0,34 6,1,15,,254806,26,0,57 6,1,30,,254807,26,0,57 6,1,70,,254808,26,0,57 6,1,21,,254809,4,0,34 6,1,15,,254810,26,0,57 6,1,55,,254811,4,0,34 6,1,20,,254812,26,0,57 6,1,80,,254813,26,0,57 6,1,49,,254814,26,0,7 6,1,145,,254815,4,0,5 6,1,100,,254816,4,0,5 6,1,200,,254817,4,0,5 6,1
2700,'20260922',532,,254818,26,0,7 6,1,20,,254819,26,0,7 6,1,65,,254820,26,0,57 6,1,22,,254821,26,0,57 6,1,16,,254822,26,0,57 6,1,67,,254823,26,0,57 6,1,25,,254824,26,0,57 6,1,70,,254825,26,0,57 6,1,40,,254826,26,0,7 6,1,97,,254827,26,0,7 6,1,100,,254828,26,0,7 6,1,103,,254829,4,0,5 6,1,100,,254830,4,0,5 6,1,100,,254831,4,0,5 6,1,145,,254832,4,0,34 6,1,15,,254833,26,0,57 6,1,30,,254834,26,0,57 6,1,70,,254835,26,0,57 6,1,21,,254836,4,0,34 6,1,15,,254837,26,0,57 6,1,55,,254838,4,0,34 6,1,20,,254839,26,0,57 6,1,80,,254840,26,0,57 6,1,49,,254841,26,0,7 6,1,145,,254842,4,0,5 6,1,100,,254843,4,0,5 6,1,200,,254844,4,0,5 6,1
2700,'20260923',532,,254845,26,0,7 6,1,20,,254846,26,0,7 6,1,65,,254847,26,0,57 6,1,22,,254848,26,0,57 6,1,16,,254849,26,0,57 6,1,67,,254850,26,0,57 6,1,25,,254851,26,0,57 6,1,70,,254852,26,0,57 6,1,40,,254853,26,0,7 6,1,97,,254854,26,0,7 6,1,100,,254855,26,0,7 6,1,103,,254856,4,0,5 6,1,100,,254857,4,0,5 6,1,100,,254858,4,0,5 6,1,145,,254859,4,0,34 6,1,15,,254860,26,0,57 6,1,30,,254861,26,0,57 6,1,70,,254862,26,0,57 6,1,21,,254863,4,0,34 6,1,15,,254864,26,0,57 6,1,55,,254865,4,0,34 6,1,20,,254866,26,0,57 6,1,80,,254867,26,0,57 6,1,49,,254868,26,0,7 6,1,145,,254869,4,0,5 6,1,100,,254870,4,0,5 6,1,200,,254871,4,0,5 6,1
2700,'20260924',532,,254872,26,0,7 6,1,20,,254873,26,0,7 6,1,65,,254874,26,0,57 6,1,22,,254875,26,0,57 6,1,16,,254876,26,0,57 6,1,67,,254877,26,0,57 6,1,25,,254878,26,0,57 6,1,70,,254879,26,0,57 6,1,40,,254880,26,0,7 6,1,97,,254881,26,0,7 6,1,100,,254882,26,0,7 6,1,103,,254883,4,0,5 6,1,100,,254884,4,0,5 6,1,100,,254885,4,0,5 6,1,145,,254886,4,0,34 6,1,15,,254887,26,0,57 6,1,30,,254888,26,0,57 6,1,70,,254889,26,0,57 6,1,21,,254890,4,0,34 6,1,15,,254891,26,0,57 6,1,55,,254892,4,0,34 6,1,20,,254893,26,0,57 6,1,80,,254894,26,0,57 6,1,49,,254895,26,0,7 6,1,145,,254896,4,0,5 6,1,100,,254897,4,0,5 6,1,200,,254898,4,0,5 6,1
2700,'20260925',532,,254899,26,0,7 6,1,20,,254900,26,0,7 6,1,65,,254901,26,0,57 6,1,22,,254902,26,0,57 6,1,16,,254903,26,0,57 6,1,67,,254904,26,0,57 6,1,25,,254905,26,0,57 6,1,70,,254906,26,0,57 6,1,40,,254907,26,0,7 6,1,97,,254908,26,0,7 6,1,100,,254909,26,0,7 6,1,103,,254910,4,0,5 6,1,100,,254911,4,0,5 6,1,100,,254912,4,0,5 6,1,145,,254913,4,0,34 6,1,15,,254914,26,0,57 6,1,30,,254915,26,0,57 6,1,70,,254916,26,0,57 6,1,21,,254917,4,0,34 6,1,15,,254918,26,0,57 6,1,55,,254919,4,0,34 6,1,20,,254920,26,0,57 6,1,80,,254921,26,0,57 6,1,49,,254922,26,0,7 6,1,145,,254923,4,0,5 6,1,100,,254924,4,0,5 6,1,200,,254925,4,0,5 6,1
2700,'20260926',558,,254926,26,0,7 6,1,144,,254927,4,0,5 6,1,100,,254928,4,0,5 6,1,100,,254929,4,0,5 6,1,100,,254930,4,0,5 6,1,100,,254931,4,0,5 6,1,100,,254932,4,0,5 6,1,100,,254933,4,0,5 6,1,100,,254934,4,0,5 6,1,100,,254935,4,0,5 6,1,100,,254936,4,0,5 6,1,100,,254937,4,0,5 6,1,100,,254938,4,0,5 6,1,100,,254939,4,0,5 6,1,100,,254940,4,0,5 6,1,100,,254941,4,0,5 6,1,200,,254942,4,0,5 6,1
2700,'20260927',558,,254943,26,0,7 6,1,144,,254944,4,0,5 6,1,100,,254945,4,0,5 6,1,100,,254946,4,0,5 6,1,100,,254947,4,0,5 6,1,100,,254948,4,0,5 6,1,100,,254949,4,0,5 6,1,100,,254950,4,0,5 6,1,100,,254951,4,0,5 6,1,100,,254952,4,0,5 6,1,100,,254953,4,0,5 6,1,100,,254954,4,0,5 6,1,100,,254955,4,0,5 6,1,100,,254956,4,0,5 6,1,100,,254957,4,0,5 6,1,100,,254958,4,0,5 6,1,200,,254959,4,0,5 6,1
2700,'20260928',532,,254960,26,0,7 6,1,20,,254961,26,0,7 6,1,65,,254962,26,0,57 6,1,22,,254963,26,0,57 6,1,16,,254964,26,0,57 6,1,67,,254965,26,0,57 6,1,25,,254966,26,0,57 6,1,70,,254967,26,0,57 6,1,40,,254968,26,0,7 6,1,97,,254969,26,0,7 6,1,100,,254970,26,0,7 6,1,103,,254971,4,0,5 6,1,100,,254972,4,0,5 6,1,100,,254973,4,0,5 6,1,145,,254974,4,0,34 6,1,15,,254975,26,0,57 6,1,30,,254976,26,0,57 6,1,70,,254977,26,0,57 6,1,21,,254978,4,0,34 6,1,15,,254979,26,0,57 6,1,55,,254980,4,0,34 6,1,20,,254981,26,0,57 6,1,80,,254982,26,0,57 6,1,49,,254983,26,0,7 6,1,145,,254984,4,0,5 6,1,100,,254985,4,0,5 6,1,200,,254986,4,0,5 6,1
2700,'20260929',532,,254987,26,0,7 6,1,20,,254988,26,0,7 6,1,65,,254989,26,0,57 6,1,22,,254990,26,0,57 6,1,16,,254991,26,0,57 6,1,67,,254992,26,0,57 6,1,25,,254993,26,0,57 6,1,70,,254994,26,0,57 6,1,40,,254995,26,0,7 6,1,97,,254996,26,0,7 6,1,100,,254997,26,0,7 6,1,103,,254998,4,0,5 6,1,100,,254999,4,0,5 6,1,100,,255000,4,0,5 6,1,145,,255001,4,0,34 6,1,15,,255002,26,0,57 6,1,30,,255003,26,0,57 6,1,70,,255004,26,0,57 6,1,21,,255005,4,0,34 6,1,15,,255006,26,0,57 6,1,55,,255007,4,0,34 6,1,20,,255008,26,0,57 6,1,80,,255009,26,0,57 6,1,49,,255010,26,0,7 6,1,145,,255011,4,0,5 6,1,100,,255012,4,0,5 6,1,200,,255013,4,0,5 6,1
2700,'20260930',532,,255014,26,0,7 6,1,20,,255015,26,0,7 6,1,65,,255016,26,0,57 6,1,22,,255017,26,0,57 6,1,16,,255018,26,0,57 6,1,67,,255019,26,0,57 6,1,25,,255020,26,0,57 6,1,70,,255021,26,0,57 6,1,40,,255022,26,0,7 6,1,97,,255023,26,0,7 6,1,100,,255024,26,0,7 6,1,103,,255025,4,0,5 6,1,100,,255026,4,0,5 6,1,100,,255027,4,0,5 6,1,145,,255028,4,0,34 6,1,15,,255029,26,0,57 6,1,30,,255030,26,0,57 6,1,70,,255031,26,0,57 6,1,21,,255032,4,0,34 6,1,15,,255033,26,0,57 6,1,55,,255034,4,0,34 6,1,20,,255035,26,0,57 6,1,80,,255036,26,0,57 6,1,49,,255037,26,0,7 6,1,145,,255038,4,0,5 6,1,100,,255039,4,0,5 6,1,200,,255040,4,0,5 6,1
2700,'20261001',532,,255041,26,0,7 6,1,20,,255042,26,0,7 6,1,65,,255043,26,0,57 6,1,22,,255044,26,0,57 6,1,16,,255045,26,0,57 6,1,67,,255046,26,0,57 6,1,25,,255047,26,0,57 6,1,70,,255048,26,0,57 6,1,40,,255049,26,0,7 6,1,97,,255050,26,0,7 6,1,100,,255051,26,0,7 6,1,103,,255052,4,0,5 6,1,100,,255053,4,0,5 6,1,100,,255054,4,0,5 6,1,145,,255055,4,0,34 6,1,15,,255056,26,0,57 6,1,30,,255057,26,0,57 6,1,70,,255058,26,0,57 6,1,21,,255059,4,0,34 6,1,15,,255060,26,0,57 6,1,55,,255061,4,0,34 6,1,20,,255062,26,0,57 6,1,80,,255063,26,0,57 6,1,49,,255064,26,0,7 6,1,145,,255065,4,0,5 6,1,100,,255066,4,0,5 6,1,200,,255067,4,0,5 6,1
2700,'20261002',532,,255068,26,0,7 6,1,20,,255069,26,0,7 6,1,65,,255070,26,0,57 6,1,22,,255071,26,0,57 6,1,16,,255072,26,0,57 6,1,67,,255073,26,0,57 6,1,25,,255074,26,0,57 6,1,70,,255075,26,0,57 6,1,40,,255076,26,0,7 6,1,97,,255077,26,0,7 6,1,100,,255078,26,0,7 6,1,103,,255079,4,0,5 6,1,100,,255080,4,0,5 6,1,100,,255081,4,0,5 6,1,145,,255082,4,0,34 6,1,15,,255083,26,0,57 6,1,30,,255084,26,0,57 6,1,70,,255085,26,0,57 6,1,21,,255086,4,0,34 6,1,15,,255087,26,0,57 6,1,55,,255088,4,0,34 6,1,20,,255089,26,0,57 6,1,80,,255090,26,0,57 6,1,49,,255091,26,0,7 6,1,145,,255092,4,0,5 6,1,100,,255093,4,0,5 6,1,200,,255094,4,0,5 6,1
2700,'20261003',558,,255095,26,0,7 6,1,144,,255096,4,0,5 6,1,100,,255097,4,0,5 6,1,100,,255098,4,0,5 6,1,100,,255099,4,0,5 6,1,100,,255100,4,0,5 6,1,100,,255101,4,0,5 6,1,100,,255102,4,0,5 6,1,100,,255103,4,0,5 6,1,100,,255104,4,0,5 6,1,100,,255105,4,0,5 6,1,100,,255106,4,0,5 6,1,100,,255107,4,0,5 6,1,100,,255108,4,0,5 6,1,100,,255109,4,0,5 6,1,100,,255110,4,0,5 6,1,200,,255111,4,0,5 6,1
2700,'20261004',558,,255112,26,0,7 6,1,144,,255113,4,0,5 6,1,100,,255114,4,0,5 6,1,100,,255115,4,0,5 6,1,100,,255116,4,0,5 6,1,100,,255117,4,0,5 6,1,100,,255118,4,0,5 6,1,100,,255119,4,0,5 6,1,100,,255120,4,0,5 6,1,100,,255121,4,0,5 6,1,100,,255122,4,0,5 6,1,100,,255123,4,0,5 6,1,100,,255124,4,0,5 6,1,100,,255125,4,0,5 6,1,100,,255126,4,0,5 6,1,100,,255127,4,0,5 6,1,200,,255128,4,0,5 6,1
2700,'20261005',532,,255129,26,0,7 6,1,20,,255130,26,0,7 6,1,65,,255131,26,0,57 6,1,22,,255132,26,0,57 6,1,16,,255133,26,0,57 6,1,67,,255134,26,0,57 6,1,25,,255135,26,0,57 6,1,70,,255136,26,0,57 6,1,40,,255137,26,0,7 6,1,97,,255138,26,0,7 6,1,100,,255139,26,0,7 6,1,103,,255140,4,0,5 6,1,100,,255141,4,0,5 6,1,100,,255142,4,0,5 6,1,145,,255143,4,0,34 6,1,15,,255144,26,0,57 6,1,30,,255145,26,0,57 6,1,70,,255146,26,0,57 6,1,21,,255147,4,0,34 6,1,15,,255148,26,0,57 6,1,55,,255149,4,0,34 6,1,20,,255150,26,0,57 6,1,80,,255151,26,0,57 6,1,49,,255152,26,0,7 6,1,145,,255153,4,0,5 6,1,100,,255154,4,0,5 6,1,200,,255155,4,0,5 6,1
2700,'20261006',532,,255156,26,0,7 6,1,20,,255157,26,0,7 6,1,65,,255158,26,0,57 6,1,22,,255159,26,0,57 6,1,16,,255160,26,0,57 6,1,67,,255161,26,0,57 6,1,25,,255162,26,0,57 6,1,70,,255163,26,0,57 6,1,40,,255164,26,0,7 6,1,97,,255165,26,0,7 6,1,100,,255166,26,0,7 6,1,103,,255167,4,0,5 6,1,100,,255168,4,0,5 6,1,100,,255169,4,0,5 6,1,145,,255170,4,0,34 6,1,15,,255171,26,0,57 6,1,30,,255172,26,0,57 6,1,70,,255173,26,0,57 6,1,21,,255174,4,0,34 6,1,15,,255175,26,0,57 6,1,55,,255176,4,0,34 6,1,20,,255177,26,0,57 6,1,80,,255178,26,0,57 6,1,49,,255179,26,0,7 6,1,145,,255180,4,0,5 6,1,100,,255181,4,0,5 6,1,200,,255182,4,0,5 6,1
2700,'20261007',532,,255183,26,0,7 6,1,20,,255184,26,0,7 6,1,65,,255185,26,0,57 6,1,22,,255186,26,0,57 6,1,16,,255187,26,0,57 6,1,67,,255188,26,0,57 6,1,25,,255189,26,0,57 6,1,70,,255190,26,0,57 6,1,40,,255191,26,0,7 6,1,97,,255192,26,0,7 6,1,100,,255193,26,0,7 6,1,103,,255194,4,0,5 6,1,100,,255195,4,0,5 6,1,100,,255196,4,0,5 6,1,145,,255197,4,0,34 6,1,15,,255198,26,0,57 6,1,30,,255199,26,0,57 6,1,70,,255200,26,0,57 6,1,21,,255201,4,0,34 6,1,15,,255202,26,0,57 6,1,55,,255203,4,0,34 6,1,20,,255204,26,0,57 6,1,80,,255205,26,0,57 6,1,49,,255206,26,0,7 6,1,145,,255207,4,0,5 6,1,100,,255208,4,0,5 6,1,200,,255209,4,0,5 6,1
2700,'20261008',532,,255210,26,0,7 6,1,20,,255211,26,0,7 6,1,65,,255212,26,0,57 6,1,22,,255213,26,0,57 6,1,16,,255214,26,0,57 6,1,67,,255215,26,0,57 6,1,25,,255216,26,0,57 6,1,70,,255217,26,0,57 6,1,40,,255218,26,0,7 6,1,97,,255219,26,0,7 6,1,100,,255220,26,0,7 6,1,103,,255221,4,0,5 6,1,100,,255222,4,0,5 6,1,100,,255223,4,0,5 6,1,145,,255224,4,0,34 6,1,15,,255225,26,0,57 6,1,30,,255226,26,0,57 6,1,70,,255227,26,0,57 6,1,21,,255228,4,0,34 6,1,15,,255229,26,0,57 6,1,55,,255230,4,0,34 6,1,20,,255231,26,0,57 6,1,80,,255232,26,0,57 6,1,49,,255233,26,0,7 6,1,145,,255234,4,0,5 6,1,100,,255235,4,0,5 6,1,200,,255236,4,0,5 6,1
2700,'20261009',532,,255237,26,0,7 6,1,20,,255238,26,0,7 6,1,65,,255239,26,0,57 6,1,22,,255240,26,0,57 6,1,16,,255241,26,0,57 6,1,67,,255242,26,0,57 6,1,25,,255243,26,0,57 6,1,70,,255244,26,0,57 6,1,40,,255245,26,0,7 6,1,97,,255246,26,0,7 6,1,100,,255247,26,0,7 6,1,103,,255248,4,0,5 6,1,100,,255249,4,0,5 6,1,100,,255250,4,0,5 6,1,145,,255251,4,0,34 6,1,15,,255252,26,0,57 6,1,30,,255253,26,0,57 6,1,70,,255254,26,0,57 6,1,21,,255255,4,0,34 6,1,15,,255256,26,0,57 6,1,55,,255257,4,0,34 6,1,20,,255258,26,0,57 6,1,80,,255259,26,0,57 6,1,49,,255260,26,0,7 6,1,145,,255261,4,0,5 6,1,100,,255262,4,0,5 6,1,200,,255263,4,0,5 6,1
2700,'20261010',558,,255264,26,0,7 6,1,144,,255265,4,0,5 6,1,100,,255266,4,0,5 6,1,100,,255267,4,0,5 6,1,100,,255268,4,0,5 6,1,100,,255269,4,0,5 6,1,100,,255270,4,0,5 6,1,100,,255271,4,0,5 6,1,100,,255272,4,0,5 6,1,100,,255273,4,0,5 6,1,100,,255274,4,0,5 6,1,100,,255275,4,0,5 6,1,100,,255276,4,0,5 6,1,100,,255277,4,0,5 6,1,100,,255278,4,0,5 6,1,100,,255279,4,0,5 6,1,200,,255280,4,0,5 6,1
2700,'20261011',558,,255281,26,0,7 6,1,144,,255282,4,0,5 6,1,100,,255283,4,0,5 6,1,100,,255284,4,0,5 6,1,100,,255285,4,0,5 6,1,100,,255286,4,0,5 6,1,100,,255287,4,0,5 6,1,100,,255288,4,0,5 6,1,100,,255289,4,0,5 6,1,100,,255290,4,0,5 6,1,100,,255291,4,0,5 6,1,100,,255292,4,0,5 6,1,100,,255293,4,0,5 6,1,100,,255294,4,0,5 6,1,100,,255295,4,0,5 6,1,100,,255296,4,0,5 6,1,200,,255297,4,0,5 6,1
2700,'20261012',558,,255298,26,0,7 6,1,144,,255299,4,0,5 6,1,100,,255300,4,0,5 6,1,100,,255301,4,0,5 6,1,100,,255302,4,0,5 6,1,100,,255303,4,0,5 6,1,100,,255304,4,0,5 6,1,100,,255305,4,0,5 6,1,100,,255306,4,0,5 6,1,100,,255307,4,0,5 6,1,100,,255308,4,0,5 6,1,100,,255309,4,0,5 6,1,100,,255310,4,0,5 6,1,100,,255311,4,0,5 6,1,100,,255312,4,0,5 6,1,100,,255313,4,0,5 6,1,200,,255314,4,0,5 6,1
2700,'20261013',532,,255315,26,0,7 6,1,20,,255316,26,0,7 6,1,65,,255317,26,0,57 6,1,22,,255318,26,0,57 6,1,16,,255319,26,0,57 6,1,67,,255320,26,0,57 6,1,25,,255321,26,0,57 6,1,70,,255322,26,0,57 6,1,40,,255323,26,0,7 6,1,97,,255324,26,0,7 6,1,100,,255325,26,0,7 6,1,103,,255326,4,0,5 6,1,100,,255327,4,0,5 6,1,100,,255328,4,0,5 6,1,145,,255329,4,0,34 6,1,15,,255330,26,0,57 6,1,30,,255331,26,0,57 6,1,70,,255332,26,0,57 6,1,21,,255333,4,0,34 6,1,15,,255334,26,0,57 6,1,55,,255335,4,0,34 6,1,20,,255336,26,0,57 6,1,80,,255337,26,0,57 6,1,49,,255338,26,0,7 6,1,145,,255339,4,0,5 6,1,100,,255340,4,0,5 6,1,200,,255341,4,0,5 6,1
2700,'20261014',532,,255342,26,0,7 6,1,20,,255343,26,0,7 6,1,65,,255344,26,0,57 6,1,22,,255345,26,0,57 6,1,16,,255346,26,0,57 6,1,67,,255347,26,0,57 6,1,25,,255348,26,0,57 6,1,70,,255349,26,0,57 6,1,40,,255350,26,0,7 6,1,97,,255351,26,0,7 6,1,100,,255352,26,0,7 6,1,103,,255353,4,0,5 6,1,100,,255354,4,0,5 6,1,100,,255355,4,0,5 6,1,145,,255356,4,0,34 6,1,15,,255357,26,0,57 6,1,30,,255358,26,0,57 6,1,70,,255359,26,0,57 6,1,21,,255360,4,0,34 6,1,15,,255361,26,0,57 6,1,55,,255362,4,0,34 6,1,20,,255363,26,0,57 6,1,80,,255364,26,0,57 6,1,49,,255365,26,0,7 6,1,145,,255366,4,0,5 6,1,100,,255367,4,0,5 6,1,200,,255368,4,0,5 6,1
2700,'20261015',532,,255369,26,0,7 6,1,20,,255370,26,0,7 6,1,65,,255371,26,0,57 6,1,22,,255372,26,0,57 6,1,16,,255373,26,0,57 6,1,67,,255374,26,0,57 6,1,25,,255375,26,0,57 6,1,70,,255376,26,0,57 6,1,40,,255377,26,0,7 6,1,97,,255378,26,0,7 6,1,100,,255379,26,0,7 6,1,103,,255380,4,0,5 6,1,100,,255381,4,0,5 6,1,100,,255382,4,0,5 6,1,145,,255383,4,0,34 6,1,15,,255384,26,0,57 6,1,30,,255385,26,0,57 6,1,70,,255386,26,0,57 6,1,21,,255387,4,0,34 6,1,15,,255388,26,0,57 6,1,55,,255389,4,0,34 6,1,20,,255390,26,0,57 6,1,80,,255391,26,0,57 6,1,49,,255392,26,0,7 6,1,145,,255393,4,0,5 6,1,100,,255394,4,0,5 6,1,200,,255395,4,0,5 6,1
2700,'20261016',532,,255396,26,0,7 6,1,20,,255397,26,0,7 6,1,65,,255398,26,0,57 6,1,22,,255399,26,0,57 6,1,16,,255400,26,0,57 6,1,67,,255401,26,0,57 6,1,25,,255402,26,0,57 6,1,70,,255403,26,0,57 6,1,40,,255404,26,0,7 6,1,97,,255405,26,0,7 6,1,100,,255406,26,0,7 6,1,103,,255407,4,0,5 6,1,100,,255408,4,0,5 6,1,100,,255409,4,0,5 6,1,145,,255410,4,0,34 6,1,15,,255411,26,0,57 6,1,30,,255412,26,0,57 6,1,70,,255413,26,0,57 6,1,21,,255414,4,0,34 6,1,15,,255415,26,0,57 6,1,55,,255416,4,0,34 6,1,20,,255417,26,0,57 6,1,80,,255418,26,0,57 6,1,49,,255419,26,0,7 6,1,145,,255420,4,0,5 6,1,100,,255421,4,0,5 6,1,200,,255422,4,0,5 6,1
2700,'20261017',558,,255423,26,0,7 6,1,144,,255424,4,0,5 6,1,100,,255425,4,0,5 6,1,100,,255426,4,0,5 6,1,100,,255427,4,0,5 6,1,100,,255428,4,0,5 6,1,100,,255429,4,0,5 6,1,100,,255430,4,0,5 6,1,100,,255431,4,0,5 6,1,100,,255432,4,0,5 6,1,100,,255433,4,0,5 6,1,100,,255434,4,0,5 6,1,100,,255435,4,0,5 6,1,100,,255436,4,0,5 6,1,100,,255437,4,0,5 6,1,100,,255438,4,0,5 6,1,200,,255439,4,0,5 6,1
2700,'20261018',558,,255440,26,0,7 6,1,144,,255441,4,0,5 6,1,100,,255442,4,0,5 6,1,100,,255443,4,0,5 6,1,100,,255444,4,0,5 6,1,100,,255445,4,0,5 6,1,100,,255446,4,0,5 6,1,100,,255447,4,0,5 6,1,100,,255448,4,0,5 6,1,100,,255449,4,0,5 6,1,100,,255450,4,0,5 6,1,100,,255451,4,0,5 6,1,100,,255452,4,0,5 6,1,100,,255453,4,0,5 6,1,100,,255454,4,0,5 6,1,100,,255455,4,0,5 6,1,200,,255456,4,0,5 6,1
2700,'20261019',532,,255457,26,0,7 6,1,20,,255458,26,0,7 6,1,65,,255459,26,0,57 6,1,22,,255460,26,0,57 6,1,16,,255461,26,0,57 6,1,67,,255462,26,0,57 6,1,25,,255463,26,0,57 6,1,70,,255464,26,0,57 6,1,40,,255465,26,0,7 6,1,97,,255466,26,0,7 6,1,100,,255467,26,0,7 6,1,103,,255468,4,0,5 6,1,100,,255469,4,0,5 6,1,100,,255470,4,0,5 6,1,145,,255471,4,0,34 6,1,15,,255472,26,0,57 6,1,30,,255473,26,0,57 6,1,70,,255474,26,0,57 6,1,21,,255475,4,0,34 6,1,15,,255476,26,0,57 6,1,55,,255477,4,0,34 6,1,20,,255478,26,0,57 6,1,80,,255479,26,0,57 6,1,49,,255480,26,0,7 6,1,145,,255481,4,0,5 6,1,100,,255482,4,0,5 6,1,200,,255483,4,0,5 6,1
2700,'20261020',532,,255484,26,0,7 6,1,20,,255485,26,0,7 6,1,65,,255486,26,0,57 6,1,22,,255487,26,0,57 6,1,16,,255488,26,0,57 6,1,67,,255489,26,0,57 6,1,25,,255490,26,0,57 6,1,70,,255491,26,0,57 6,1,40,,255492,26,0,7 6,1,97,,255493,26,0,7 6,1,100,,255494,26,0,7 6,1,103,,255495,4,0,5 6,1,100,,255496,4,0,5 6,1,100,,255497,4,0,5 6,1,145,,255498,4,0,34 6,1,15,,255499,26,0,57 6,1,30,,255500,26,0,57 6,1,70,,255501,26,0,57 6,1,21,,255502,4,0,34 6,1,15,,255503,26,0,57 6,1,55,,255504,4,0,34 6,1,20,,255505,26,0,57 6,1,80,,255506,26,0,57 6,1,49,,255507,26,0,7 6,1,145,,255508,4,0,5 6,1,100,,255509,4,0,5 6,1,200,,255510,4,0,5 6,1
2700,'20261021',532,,255511,26,0,7 6,1,20,,255512,26,0,7 6,1,65,,255513,26,0,57 6,1,22,,255514,26,0,57 6,1,16,,255515,26,0,57 6,1,67,,255516,26,0,57 6,1,25,,255517,26,0,57 6,1,70,,255518,26,0,57 6,1,40,,255519,26,0,7 6,1,97,,255520,26,0,7 6,1,100,,255521,26,0,7 6,1,103,,255522,4,0,5 6,1,100,,255523,4,0,5 6,1,100,,255524,4,0,5 6,1,145,,255525,4,0,34 6,1,15,,255526,26,0,57 6,1,30,,255527,26,0,57 6,1,70,,255528,26,0,57 6,1,21,,255529,4,0,34 6,1,15,,255530,26,0,57 6,1,55,,255531,4,0,34 6,1,20,,255532,26,0,57 6,1,80,,255533,26,0,57 6,1,49,,255534,26,0,7 6,1,145,,255535,4,0,5 6,1,100,,255536,4,0,5 6,1,200,,255537,4,0,5 6,1
2700,'20261022',532,,255538,26,0,7 6,1,20,,255539,26,0,7 6,1,65,,255540,26,0,57 6,1,22,,255541,26,0,57 6,1,16,,255542,26,0,57 6,1,67,,255543,26,0,57 6,1,25,,255544,26,0,57 6,1,70,,255545,26,0,57 6,1,40,,255546,26,0,7 6,1,97,,255547,26,0,7 6,1,100,,255548,26,0,7 6,1,103,,255549,4,0,5 6,1,100,,255550,4,0,5 6,1,100,,255551,4,0,5 6,1,145,,255552,4,0,34 6,1,15,,255553,26,0,57 6,1,30,,255554,26,0,57 6,1,70,,255555,26,0,57 6,1,21,,255556,4,0,34 6,1,15,,255557,26,0,57 6,1,55,,255558,4,0,34 6,1,20,,255559,26,0,57 6,1,80,,255560,26,0,57 6,1,49,,255561,26,0,7 6,1,145,,255562,4,0,5 6,1,100,,255563,4,0,5 6,1,200,,255564,4,0,5 6,1
2700,'20261023',532,,255565,26,0,7 6,1,20,,255566,26,0,7 6,1,65,,255567,26,0,57 6,1,22,,255568,26,0,57 6,1,16,,255569,26,0,57 6,1,67,,255570,26,0,57 6,1,25,,255571,26,0,57 6,1,70,,255572,26,0,57 6,1,40,,255573,26,0,7 6,1,97,,255574,26,0,7 6,1,100,,255575,26,0,7 6,1,103,,255576,4,0,5 6,1,100,,255577,4,0,5 6,1,100,,255578,4,0,5 6,1,145,,255579,4,0,34 6,1,15,,255580,26,0,57 6,1,30,,255581,26,0,57 6,1,70,,255582,26,0,57 6,1,21,,255583,4,0,34 6,1,15,,255584,26,0,57 6,1,55,,255585,4,0,34 6,1,20,,255586,26,0,57 6,1,80,,255587,26,0,57 6,1,49,,255588,26,0,7 6,1,145,,255589,4,0,5 6,1,100,,255590,4,0,5 6,1,200,,255591,4,0,5 6,1
2700,'20261024',558,,255592,26,0,7 6,1,144,,255593,4,0,5 6,1,100,,255594,4,0,5 6,1,100,,255595,4,0,5 6,1,100,,255596,4,0,5 6,1,100,,255597,4,0,5 6,1,100,,255598,4,0,5 6,1,100,,255599,4,0,5 6,1,100,,255600,4,0,5 6,1,100,,255601,4,0,5 6,1,100,,255602,4,0,5 6,1,100,,255603,4,0,5 6,1,100,,255604,4,0,5 6,1,100,,255605,4,0,5 6,1,100,,255606,4,0,5 6,1,100,,255607,4,0,5 6,1,200,,255608,4,0,5 6,1
2700,'20261025',558,,255609,26,0,7 6,1,144,,255610,4,0,5 6,1,100,,255611,4,0,5 6,1,100,,255612,4,0,5 6,1,100,,255613,4,0,5 6,1,100,,255614,4,0,5 6,1,100,,255615,4,0,5 6,1,100,,255616,4,0,5 6,1,100,,255617,4,0,5 6,1,100,,255618,4,0,5 6,1,100,,255619,4,0,5 6,1,100,,255620,4,0,5 6,1,100,,255621,4,0,5 6,1,100,,255622,4,0,5 6,1,100,,255623,4,0,5 6,1,100,,255624,4,0,5 6,1,200,,255625,4,0,5 6,1
2700,'20261026',532,,255626,26,0,7 6,1,20,,255627,26,0,7 6,1,65,,255628,26,0,57 6,1,22,,255629,26,0,57 6,1,16,,255630,26,0,57 6,1,67,,255631,26,0,57 6,1,25,,255632,26,0,57 6,1,70,,255633,26,0,57 6,1,40,,255634,26,0,7 6,1,97,,255635,26,0,7 6,1,100,,255636,26,0,7 6,1,103,,255637,4,0,5 6,1,100,,255638,4,0,5 6,1,100,,255639,4,0,5 6,1,145,,255640,4,0,34 6,1,15,,255641,26,0,57 6,1,30,,255642,26,0,57 6,1,70,,255643,26,0,57 6,1,21,,255644,4,0,34 6,1,15,,255645,26,0,57 6,1,55,,255646,4,0,34 6,1,20,,255647,26,0,57 6,1,80,,255648,26,0,57 6,1,49,,255649,26,0,7 6,1,145,,255650,4,0,5 6,1,100,,255651,4,0,5 6,1,200,,255652,4,0,5 6,1
2700,'20261027',532,,255653,26,0,7 6,1,20,,255654,26,0,7 6,1,65,,255655,26,0,57 6,1,22,,255656,26,0,57 6,1,16,,255657,26,0,57 6,1,67,,255658,26,0,57 6,1,25,,255659,26,0,57 6,1,70,,255660,26,0,57 6,1,40,,255661,26,0,7 6,1,97,,255662,26,0,7 6,1,100,,255663,26,0,7 6,1,103,,255664,4,0,5 6,1,100,,255665,4,0,5 6,1,100,,255666,4,0,5 6,1,145,,255667,4,0,34 6,1,15,,255668,26,0,57 6,1,30,,255669,26,0,57 6,1,70,,255670,26,0,57 6,1,21,,255671,4,0,34 6,1,15,,255672,26,0,57 6,1,55,,255673,4,0,34 6,1,20,,255674,26,0,57 6,1,80,,255675,26,0,57 6,1,49,,255676,26,0,7 6,1,145,,255677,4,0,5 6,1,100,,255678,4,0,5 6,1,200,,255679,4,0,5 6,1
2700,'20261028',532,,255680,26,0,7 6,1,20,,255681,26,0,7 6,1,65,,255682,26,0,57 6,1,22,,255683,26,0,57 6,1,16,,255684,26,0,57 6,1,67,,255685,26,0,57 6,1,25,,255686,26,0,57 6,1,70,,255687,26,0,57 6,1,40,,255688,26,0,7 6,1,97,,255689,26,0,7 6,1,100,,255690,26,0,7 6,1,103,,255691,4,0,5 6,1,100,,255692,4,0,5 6,1,100,,255693,4,0,5 6,1,145,,255694,4,0,34 6,1,15,,255695,26,0,57 6,1,30,,255696,26,0,57 6,1,70,,255697,26,0,57 6,1,21,,255698,4,0,34 6,1,15,,255699,26,0,57 6,1,55,,255700,4,0,34 6,1,20,,255701,26,0,57 6,1,80,,255702,26,0,57 6,1,49,,255703,26,0,7 6,1,145,,255704,4,0,5 6,1,100,,255705,4,0,5 6,1,200,,255706,4,0,5 6,1
2700,'20261029',532,,255707,26,0,7 6,1,20,,255708,26,0,7 6,1,65,,255709,26,0,57 6,1,22,,255710,26,0,57 6,1,16,,255711,26,0,57 6,1,67,,255712,26,0,57 6,1,25,,255713,26,0,57 6,1,70,,255714,26,0,57 6,1,40,,255715,26,0,7 6,1,97,,255716,26,0,7 6,1,100,,255717,26,0,7 6,1,103,,255718,4,0,5 6,1,100,,255719,4,0,5 6,1,100,,255720,4,0,5 6,1,145,,255721,4,0,34 6,1,15,,255722,26,0,57 6,1,30,,255723,26,0,57 6,1,70,,255724,26,0,57 6,1,21,,255725,4,0,34 6,1,15,,255726,26,0,57 6,1,55,,255727,4,0,34 6,1,20,,255728,26,0,57 6,1,80,,255729,26,0,57 6,1,49,,255730,26,0,7 6,1,145,,255731,4,0,5 6,1,100,,255732,4,0,5 6,1,200,,255733,4,0,5 6,1
2700,'20261030',532,,255734,26,0,7 6,1,20,,255735,26,0,7 6,1,65,,255736,26,0,57 6,1,22,,255737,26,0,57 6,1,16,,255738,26,0,57 6,1,67,,255739,26,0,57 6,1,25,,255740,26,0,57 6,1,70,,255741,26,0,57 6,1,40,,255742,26,0,7 6,1,97,,255743,26,0,7 6,1,100,,255744,26,0,7 6,1,103,,255745,4,0,5 6,1,100,,255746,4,0,5 6,1,100,,255747,4,0,5 6,1,145,,255748,4,0,34 6,1,15,,255749,26,0,57 6,1,30,,255750,26,0,57 6,1,70,,255751,26,0,57 6,1,21,,255752,4,0,34 6,1,15,,255753,26,0,57 6,1,55,,255754,4,0,34 6,1,20,,255755,26,0,57 6,1,80,,255756,26,0,57 6,1,49,,255757,26,0,7 6,1,145,,255758,4,0,5 6,1,100,,255759,4,0,5 6,1,200,,255760,4,0,5 6,1
2700,'20261031',558,,255761,26,0,7 6,1,144,,255762,4,0,5 6,1,100,,255763,4,0,5 6,1,100,,255764,4,0,5 6,1,100,,255765,4,0,5 6,1,100,,255766,4,0,5 6,1,100,,255767,4,0,5 6,1,100,,255768,4,0,5 6,1,100,,255769,4,0,5 6,1,100,,255770,4,0,5 6,1,100,,255771,4,0,5 6,1,100,,255772,4,0,5 6,1,100,,255773,4,0,5 6,1,100,,255774,4,0,5 6,1,100,,255775,4,0,5 6,1,100,,255776,4,0,5 6,1,200,,255777,4,0,5 6,1
2700,'20261101',558,,255778,26,0,7 6,1,144,,255779,4,0,5 6,1,100,,255780,4,0,5 6,1,100,,255781,4,0,5 6,1,100,,255782,4,0,5 6,1,100,,255783,4,0,5 6,1,100,,255784,4,0,5 6,1,100,,255785,4,0,5 6,1,100,,255786,4,0,5 6,1,100,,255787,4,0,5 6,1,100,,255788,4,0,5 6,1,100,,255789,4,0,5 6,1,100,,255790,4,0,5 6,1,100,,255791,4,0,5 6,1,100,,255792,4,0,5 6,1,100,,255793,4,0,5 6,1,200,,255794,4,0,5 6,1
2700,'20261102',532,,255795,26,0,7 6,1,20,,255796,26,0,7 6,1,65,,255797,26,0,57 6,1,22,,255798,26,0,57 6,1,16,,255799,26,0,57 6,1,67,,255800,26,0,57 6,1,25,,255801,26,0,57 6,1,70,,255802,26,0,57 6,1,40,,255803,26,0,7 6,1,97,,255804,26,0,7 6,1,100,,255805,26,0,7 6,1,103,,255806,4,0,5 6,1,100,,255807,4,0,5 6,1,100,,255808,4,0,5 6,1,145,,255809,4,0,34 6,1,15,,255810,26,0,57 6,1,30,,255811,26,0,57 6,1,70,,255812,26,0,57 6,1,21,,255813,4,0,34 6,1,15,,255814,26,0,57 6,1,55,,255815,4,0,34 6,1,20,,255816,26,0,57 6,1,80,,255817,26,0,57 6,1,49,,255818,26,0,7 6,1,145,,255819,4,0,5 6,1,100,,255820,4,0,5 6,1,200,,255821,4,0,5 6,1
2700,'20261103',532,,255822,26,0,7 6,1,20,,255823,26,0,7 6,1,65,,255824,26,0,57 6,1,22,,255825,26,0,57 6,1,16,,255826,26,0,57 6,1,67,,255827,26,0,57 6,1,25,,255828,26,0,57 6,1,70,,255829,26,0,57 6,1,40,,255830,26,0,7 6,1,97,,255831,26,0,7 6,1,100,,255832,26,0,7 6,1,103,,255833,4,0,5 6,1,100,,255834,4,0,5 6,1,100,,255835,4,0,5 6,1,145,,255836,4,0,34 6,1,15,,255837,26,0,57 6,1,30,,255838,26,0,57 6,1,70,,255839,26,0,57 6,1,21,,255840,4,0,34 6,1,15,,255841,26,0,57 6,1,55,,255842,4,0,34 6,1,20,,255843,26,0,57 6,1,80,,255844,26,0,57 6,1,49,,255845,26,0,7 6,1,145,,255846,4,0,5 6,1,100,,255847,4,0,5 6,1,200,,255848,4,0,5 6,1
2700,'20261104',532,,255849,26,0,7 6,1,20,,255850,26,0,7 6,1,65,,255851,26,0,57 6,1,22,,255852,26,0,57 6,1,16,,255853,26,0,57 6,1,67,,255854,26,0,57 6,1,25,,255855,26,0,57 6,1,70,,255856,26,0,57 6,1,40,,255857,26,0,7 6,1,97,,255858,26,0,7 6,1,100,,255859,26,0,7 6,1,103,,255860,4,0,5 6,1,100,,255861,4,0,5 6,1,100,,255862,4,0,5 6,1,145,,255863,4,0,34 6,1,15,,255864,26,0,57 6,1,30,,255865,26,0,57 6,1,70,,255866,26,0,57 6,1,21,,255867,4,0,34 6,1,15,,255868,26,0,57 6,1,55,,255869,4,0,34 6,1,20,,255870,26,0,57 6,1,80,,255871,26,0,57 6,1,49,,255872,26,0,7 6,1,145,,255873,4,0,5 6,1,100,,255874,4,0,5 6,1,200,,255875,4,0,5 6,1
2700,'20261105',532,,255876,26,0,7 6,1,20,,255877,26,0,7 6,1,65,,255878,26,0,57 6,1,22,,255879,26,0,57 6,1,16,,255880,26,0,57 6,1,67,,255881,26,0,57 6,1,25,,255882,26,0,57 6,1,70,,255883,26,0,57 6,1,40,,255884,26,0,7 6,1,97,,255885,26,0,7 6,1,100,,255886,26,0,7 6,1,103,,255887,4,0,5 6,1,100,,255888,4,0,5 6,1,100,,255889,4,0,5 6,1,145,,255890,4,0,34 6,1,15,,255891,26,0,57 6,1,30,,255892,26,0,57 6,1,70,,255893,26,0,57 6,1,21,,255894,4,0,34 6,1,15,,255895,26,0,57 6,1,55,,255896,4,0,34 6,1,20,,255897,26,0,57 6,1,80,,255898,26,0,57 6,1,49,,255899,26,0,7 6,1,145,,255900,4,0,5 6,1,100,,255901,4,0,5 6,1,200,,255902,4,0,5 6,1
2700,'20261106',532,,255903,26,0,7 6,1,20,,255904,26,0,7 6,1,65,,255905,26,0,57 6,1,22,,255906,26,0,57 6,1,16,,255907,26,0,57 6,1,67,,255908,26,0,57 6,1,25,,255909,26,0,57 6,1,70,,255910,26,0,57 6,1,40,,255911,26,0,7 6,1,97,,255912,26,0,7 6,1,100,,255913,26,0,7 6,1,103,,255914,4,0,5 6,1,100,,255915,4,0,5 6,1,100,,255916,4,0,5 6,1,145,,255917,4,0,34 6,1,15,,255918,26,0,57 6,1,30,,255919,26,0,57 6,1,70,,255920,26,0,57 6,1,21,,255921,4,0,34 6,1,15,,255922,26,0,57 6,1,55,,255923,4,0,34 6,1,20,,255924,26,0,57 6,1,80,,255925,26,0,57 6,1,49,,255926,26,0,7 6,1,145,,255927,4,0,5 6,1,100,,255928,4,0,5 6,1,200,,255929,4,0,5 6,1
2700,'20261107',558,,255930,26,0,7 6,1,144,,255931,4,0,5 6,1,100,,255932,4,0,5 6,1,100,,255933,4,0,5 6,1,100,,255934,4,0,5 6,1,100,,255935,4,0,5 6,1,100,,255936,4,0,5 6,1,100,,255937,4,0,5 6,1,100,,255938,4,0,5 6,1,100,,255939,4,0,5 6,1,100,,255940,4,0,5 6,1,100,,255941,4,0,5 6,1,100,,255942,4,0,5 6,1,100,,255943,4,0,5 6,1,100,,255944,4,0,5 6,1,100,,255945,4,0,5 6,1,200,,255946,4,0,5 6,1
2700,'20261108',558,,255947,26,0,7 6,1,144,,255948,4,0,5 6,1,100,,255949,4,0,5 6,1,100,,255950,4,0,5 6,1,100,,255951,4,0,5 6,1,100,,255952,4,0,5 6,1,100,,255953,4,0,5 6,1,100,,255954,4,0,5 6,1,100,,255955,4,0,5 6,1,100,,255956,4,0,5 6,1,100,,255957,4,0,5 6,1,100,,255958,4,0,5 6,1,100,,255959,4,0,5 6,1,100,,255960,4,0,5 6,1,100,,255961,4,0,5 6,1,100,,255962,4,0,5 6,1,200,,255963,4,0,5 6,1
2700,'20261109',532,,255964,26,0,7 6,1,20,,255965,26,0,7 6,1,65,,255966,26,0,57 6,1,22,,255967,26,0,57 6,1,16,,255968,26,0,57 6,1,67,,255969,26,0,57 6,1,25,,255970,26,0,57 6,1,70,,255971,26,0,57 6,1,40,,255972,26,0,7 6,1,97,,255973,26,0,7 6,1,100,,255974,26,0,7 6,1,103,,255975,4,0,5 6,1,100,,255976,4,0,5 6,1,100,,255977,4,0,5 6,1,145,,255978,4,0,34 6,1,15,,255979,26,0,57 6,1,30,,255980,26,0,57 6,1,70,,255981,26,0,57 6,1,21,,255982,4,0,34 6,1,15,,255983,26,0,57 6,1,55,,255984,4,0,34 6,1,20,,255985,26,0,57 6,1,80,,255986,26,0,57 6,1,49,,255987,26,0,7 6,1,145,,255988,4,0,5 6,1,100,,255989,4,0,5 6,1,200,,255990,4,0,5 6,1
2700,'20261110',532,,255991,26,0,7 6,1,20,,255992,26,0,7 6,1,65,,255993,26,0,57 6,1,22,,255994,26,0,57 6,1,16,,255995,26,0,57 6,1,67,,255996,26,0,57 6,1,25,,255997,26,0,57 6,1,70,,255998,26,0,57 6,1,40,,255999,26,0,7 6,1,97,,256000,26,0,7 6,1,100,,256001,26,0,7 6,1,103,,256002,4,0,5 6,1,100,,256003,4,0,5 6,1,100,,256004,4,0,5 6,1,145,,256005,4,0,34 6,1,15,,256006,26,0,57 6,1,30,,256007,26,0,57 6,1,70,,256008,26,0,57 6,1,21,,256009,4,0,34 6,1,15,,256010,26,0,57 6,1,55,,256011,4,0,34 6,1,20,,256012,26,0,57 6,1,80,,256013,26,0,57 6,1,49,,256014,26,0,7 6,1,145,,256015,4,0,5 6,1,100,,256016,4,0,5 6,1,200,,256017,4,0,5 6,1
2700,'20261111',532,,256018,26,0,7 6,1,20,,256019,26,0,7 6,1,65,,256020,26,0,57 6,1,22,,256021,26,0,57 6,1,16,,256022,26,0,57 6,1,67,,256023,26,0,57 6,1,25,,256024,26,0,57 6,1,70,,256025,26,0,57 6,1,40,,256026,26,0,7 6,1,97,,256027,26,0,7 6,1,100,,256028,26,0,7 6,1,103,,256029,4,0,5 6,1,100,,256030,4,0,5 6,1,100,,256031,4,0,5 6,1,145,,256032,4,0,34 6,1,15,,256033,26,0,57 6,1,30,,256034,26,0,57 6,1,70,,256035,26,0,57 6,1,21,,256036,4,0,34 6,1,15,,256037,26,0,57 6,1,55,,256038,4,0,34 6,1,20,,256039,26,0,57 6,1,80,,256040,26,0,57 6,1,49,,256041,26,0,7 6,1,145,,256042,4,0,5 6,1,100,,256043,4,0,5 6,1,200,,256044,4,0,5 6,1
2700,'20261112',532,,256045,26,0,7 6,1,20,,256046,26,0,7 6,1,65,,256047,26,0,57 6,1,22,,256048,26,0,57 6,1,16,,256049,26,0,57 6,1,67,,256050,26,0,57 6,1,25,,256051,26,0,57 6,1,70,,256052,26,0,57 6,1,40,,256053,26,0,7 6,1,97,,256054,26,0,7 6,1,100,,256055,26,0,7 6,1,103,,256056,4,0,5 6,1,100,,256057,4,0,5 6,1,100,,256058,4,0,5 6,1,145,,256059,4,0,34 6,1,15,,256060,26,0,57 6,1,30,,256061,26,0,57 6,1,70,,256062,26,0,57 6,1,21,,256063,4,0,34 6,1,15,,256064,26,0,57 6,1,55,,256065,4,0,34 6,1,20,,256066,26,0,57 6,1,80,,256067,26,0,57 6,1,49,,256068,26,0,7 6,1,145,,256069,4,0,5 6,1,100,,256070,4,0,5 6,1,200,,256071,4,0,5 6,1
2700,'20261113',532,,256072,26,0,7 6,1,20,,256073,26,0,7 6,1,65,,256074,26,0,57 6,1,22,,256075,26,0,57 6,1,16,,256076,26,0,57 6,1,67,,256077,26,0,57 6,1,25,,256078,26,0,57 6,1,70,,256079,26,0,57 6,1,40,,256080,26,0,7 6,1,97,,256081,26,0,7 6,1,100,,256082,26,0,7 6,1,103,,256083,4,0,5 6,1,100,,256084,4,0,5 6,1,100,,256085,4,0,5 6,1,145,,256086,4,0,34 6,1,15,,256087,26,0,57 6,1,30,,256088,26,0,57 6,1,70,,256089,26,0,57 6,1,21,,256090,4,0,34 6,1,15,,256091,26,0,57 6,1,55,,256092,4,0,34 6,1,20,,256093,26,0,57 6,1,80,,256094,26,0,57 6,1,49,,256095,26,0,7 6,1,145,,256096,4,0,5 6,1,100,,256097,4,0,5 6,1,200,,256098,4,0,5 6,1
2700,'20261114',558,,256099,26,0,7 6,1,144,,256100,4,0,5 6,1,100,,256101,4,0,5 6,1,100,,256102,4,0,5 6,1,100,,256103,4,0,5 6,1,100,,256104,4,0,5 6,1,100,,256105,4,0,5 6,1,100,,256106,4,0,5 6,1,100,,256107,4,0,5 6,1,100,,256108,4,0,5 6,1,100,,256109,4,0,5 6,1,100,,256110,4,0,5 6,1,100,,256111,4,0,5 6,1,100,,256112,4,0,5 6,1,100,,256113,4,0,5 6,1,100,,256114,4,0,5 6,1,200,,256115,4,0,5 6,1
2700,'20261115',558,,256116,26,0,7 6,1,144,,256117,4,0,5 6,1,100,,256118,4,0,5 6,1,100,,256119,4,0,5 6,1,100,,256120,4,0,5 6,1,100,,256121,4,0,5 6,1,100,,256122,4,0,5 6,1,100,,256123,4,0,5 6,1,100,,256124,4,0,5 6,1,100,,256125,4,0,5 6,1,100,,256126,4,0,5 6,1,100,,256127,4,0,5 6,1,100,,256128,4,0,5 6,1,100,,256129,4,0,5 6,1,100,,256130,4,0,5 6,1,100,,256131,4,0,5 6,1,200,,256132,4,0,5 6,1
2700,'20261116',532,,256133,26,0,7 6,1,20,,256134,26,0,7 6,1,65,,256135,26,0,57 6,1,22,,256136,26,0,57 6,1,16,,256137,26,0,57 6,1,67,,256138,26,0,57 6,1,25,,256139,26,0,57 6,1,70,,256140,26,0,57 6,1,40,,256141,26,0,7 6,1,97,,256142,26,0,7 6,1,100,,256143,26,0,7 6,1,103,,256144,4,0,5 6,1,100,,256145,4,0,5 6,1,100,,256146,4,0,5 6,1,145,,256147,4,0,34 6,1,15,,256148,26,0,57 6,1,30,,256149,26,0,57 6,1,70,,256150,26,0,57 6,1,21,,256151,4,0,34 6,1,15,,256152,26,0,57 6,1,55,,256153,4,0,34 6,1,20,,256154,26,0,57 6,1,80,,256155,26,0,57 6,1,49,,256156,26,0,7 6,1,145,,256157,4,0,5 6,1,100,,256158,4,0,5 6,1,200,,256159,4,0,5 6,1
2700,'20261117',532,,256160,26,0,7 6,1,20,,256161,26,0,7 6,1,65,,256162,26,0,57 6,1,22,,256163,26,0,57 6,1,16,,256164,26,0,57 6,1,67,,256165,26,0,57 6,1,25,,256166,26,0,57 6,1,70,,256167,26,0,57 6,1,40,,256168,26,0,7 6,1,97,,256169,26,0,7 6,1,100,,256170,26,0,7 6,1,103,,256171,4,0,5 6,1,100,,256172,4,0,5 6,1,100,,256173,4,0,5 6,1,145,,256174,4,0,34 6,1,15,,256175,26,0,57 6,1,30,,256176,26,0,57 6,1,70,,256177,26,0,57 6,1,21,,256178,4,0,34 6,1,15,,256179,26,0,57 6,1,55,,256180,4,0,34 6,1,20,,256181,26,0,57 6,1,80,,256182,26,0,57 6,1,49,,256183,26,0,7 6,1,145,,256184,4,0,5 6,1,100,,256185,4,0,5 6,1,200,,256186,4,0,5 6,1
2700,'20261118',532,,256187,26,0,7 6,1,20,,256188,26,0,7 6,1,65,,256189,26,0,57 6,1,22,,256190,26,0,57 6,1,16,,256191,26,0,57 6,1,67,,256192,26,0,57 6,1,25,,256193,26,0,57 6,1,70,,256194,26,0,57 6,1,40,,256195,26,0,7 6,1,97,,256196,26,0,7 6,1,100,,256197,26,0,7 6,1,103,,256198,4,0,5 6,1,100,,256199,4,0,5 6,1,100,,256200,4,0,5 6,1,145,,256201,4,0,34 6,1,15,,256202,26,0,57 6,1,30,,256203,26,0,57 6,1,70,,256204,26,0,57 6,1,21,,256205,4,0,34 6,1,15,,256206,26,0,57 6,1,55,,256207,4,0,34 6,1,20,,256208,26,0,57 6,1,80,,256209,26,0,57 6,1,49,,256210,26,0,7 6,1,145,,256211,4,0,5 6,1,100,,256212,4,0,5 6,1,200,,256213,4,0,5 6,1
2700,'20261119',532,,256214,26,0,7 6,1,20,,256215,26,0,7 6,1,65,,256216,26,0,57 6,1,22,,256217,26,0,57 6,1,16,,256218,26,0,57 6,1,67,,256219,26,0,57 6,1,25,,256220,26,0,57 6,1,70,,256221,26,0,57 6,1,40,,256222,26,0,7 6,1,97,,256223,26,0,7 6,1,100,,256224,26,0,7 6,1,103,,256225,4,0,5 6,1,100,,256226,4,0,5 6,1,100,,256227,4,0,5 6,1,145,,256228,4,0,34 6,1,15,,256229,26,0,57 6,1,30,,256230,26,0,57 6,1,70,,256231,26,0,57 6,1,21,,256232,4,0,34 6,1,15,,256233,26,0,57 6,1,55,,256234,4,0,34 6,1,20,,256235,26,0,57 6,1,80,,256236,26,0,57 6,1,49,,256237,26,0,7 6,1,145,,256238,4,0,5 6,1,100,,256239,4,0,5 6,1,200,,256240,4,0,5 6,1
2700,'20261120',532,,256241,26,0,7 6,1,20,,256242,26,0,7 6,1,65,,256243,26,0,57 6,1,22,,256244,26,0,57 6,1,16,,256245,26,0,57 6,1,67,,256246,26,0,57 6,1,25,,256247,26,0,57 6,1,70,,256248,26,0,57 6,1,40,,256249,26,0,7 6,1,97,,256250,26,0,7 6,1,100,,256251,26,0,7 6,1,103,,256252,4,0,5 6,1,100,,256253,4,0,5 6,1,100,,256254,4,0,5 6,1,145,,256255,4,0,34 6,1,15,,256256,26,0,57 6,1,30,,256257,26,0,57 6,1,70,,256258,26,0,57 6,1,21,,256259,4,0,34 6,1,15,,256260,26,0,57 6,1,55,,256261,4,0,34 6,1,20,,256262,26,0,57 6,1,80,,256263,26,0,57 6,1,49,,256264,26,0,7 6,1,145,,256265,4,0,5 6,1,100,,256266,4,0,5 6,1,200,,256267,4,0,5 6,1
2700,'20261121',558,,256268,26,0,7 6,1,144,,256269,4,0,5 6,1,100,,256270,4,0,5 6,1,100,,256271,4,0,5 6,1,100,,256272,4,0,5 6,1,100,,256273,4,0,5 6,1,100,,256274,4,0,5 6,1,100,,256275,4,0,5 6,1,100,,256276,4,0,5 6,1,100,,256277,4,0,5 6,1,100,,256278,4,0,5 6,1,100,,256279,4,0,5 6,1,100,,256280,4,0,5 6,1,100,,256281,4,0,5 6,1,100,,256282,4,0,5 6,1,100,,256283,4,0,5 6,1,200,,256284,4,0,5 6,1
2700,'20261122',558,,256285,26,0,7 6,1,144,,256286,4,0,5 6,1,100,,256287,4,0,5 6,1,100,,256288,4,0,5 6,1,100,,256289,4,0,5 6,1,100,,256290,4,0,5 6,1,100,,256291,4,0,5 6,1,100,,256292,4,0,5 6,1,100,,256293,4,0,5 6,1,100,,256294,4,0,5 6,1,100,,256295,4,0,5 6,1,100,,256296,4,0,5 6,1,100,,256297,4,0,5 6,1,100,,256298,4,0,5 6,1,100,,256299,4,0,5 6,1,100,,256300,4,0,5 6,1,200,,256301,4,0,5 6,1
2700,'20261123',532,,256302,26,0,7 6,1,20,,256303,26,0,7 6,1,65,,256304,26,0,57 6,1,22,,256305,26,0,57 6,1,16,,256306,26,0,57 6,1,67,,256307,26,0,57 6,1,25,,256308,26,0,57 6,1,70,,256309,26,0,57 6,1,40,,256310,26,0,7 6,1,97,,256311,26,0,7 6,1,100,,256312,26,0,7 6,1,103,,256313,4,0,5 6,1,100,,256314,4,0,5 6,1,100,,256315,4,0,5 6,1,145,,256316,4,0,34 6,1,15,,256317,26,0,57 6,1,30,,256318,26,0,57 6,1,70,,256319,26,0,57 6,1,21,,256320,4,0,34 6,1,15,,256321,26,0,57 6,1,55,,256322,4,0,34 6,1,20,,256323,26,0,57 6,1,80,,256324,26,0,57 6,1,49,,256325,26,0,7 6,1,145,,256326,4,0,5 6,1,100,,256327,4,0,5 6,1,200,,256328,4,0,5 6,1
2700,'20261124',532,,256329,26,0,7 6,1,20,,256330,26,0,7 6,1,65,,256331,26,0,57 6,1,22,,256332,26,0,57 6,1,16,,256333,26,0,57 6,1,67,,256334,26,0,57 6,1,25,,256335,26,0,57 6,1,70,,256336,26,0,57 6,1,40,,256337,26,0,7 6,1,97,,256338,26,0,7 6,1,100,,256339,26,0,7 6,1,103,,256340,4,0,5 6,1,100,,256341,4,0,5 6,1,100,,256342,4,0,5 6,1,145,,256343,4,0,34 6,1,15,,256344,26,0,57 6,1,30,,256345,26,0,57 6,1,70,,256346,26,0,57 6,1,21,,256347,4,0,34 6,1,15,,256348,26,0,57 6,1,55,,256349,4,0,34 6,1,20,,256350,26,0,57 6,1,80,,256351,26,0,57 6,1,49,,256352,26,0,7 6,1,145,,256353,4,0,5 6,1,100,,256354,4,0,5 6,1,200,,256355,4,0,5 6,1
2700,'20261125',532,,256356,26,0,7 6,1,20,,256357,26,0,7 6,1,65,,256358,26,0,57 6,1,22,,256359,26,0,57 6,1,16,,256360,26,0,57 6,1,67,,256361,26,0,57 6,1,25,,256362,26,0,57 6,1,70,,256363,26,0,57 6,1,40,,256364,26,0,7 6,1,97,,256365,26,0,7 6,1,100,,256366,26,0,7 6,1,103,,256367,4,0,5 6,1,100,,256368,4,0,5 6,1,100,,256369,4,0,5 6,1,145,,256370,4,0,34 6,1,15,,256371,26,0,57 6,1,30,,256372,26,0,57 6,1,70,,256373,26,0,57 6,1,21,,256374,4,0,34 6,1,15,,256375,26,0,57 6,1,55,,256376,4,0,34 6,1,20,,256377,26,0,57 6,1,80,,256378,26,0,57 6,1,49,,256379,26,0,7 6,1,145,,256380,4,0,5 6,1,100,,256381,4,0,5 6,1,200,,256382,4,0,5 6,1
2700,'20261126',532,,256383,26,0,7 6,1,20,,256384,26,0,7 6,1,65,,256385,26,0,57 6,1,22,,256386,26,0,57 6,1,16,,256387,26,0,57 6,1,67,,256388,26,0,57 6,1,25,,256389,26,0,57 6,1,70,,256390,26,0,57 6,1,40,,256391,26,0,7 6,1,97,,256392,26,0,7 6,1,100,,256393,26,0,7 6,1,103,,256394,4,0,5 6,1,100,,256395,4,0,5 6,1,100,,256396,4,0,5 6,1,145,,256397,4,0,34 6,1,15,,256398,26,0,57 6,1,30,,256399,26,0,57 6,1,70,,256400,26,0,57 6,1,21,,256401,4,0,34 6,1,15,,256402,26,0,57 6,1,55,,256403,4,0,34 6,1,20,,256404,26,0,57 6,1,80,,256405,26,0,57 6,1,49,,256406,26,0,7 6,1,145,,256407,4,0,5 6,1,100,,256408,4,0,5 6,1,200,,256409,4,0,5 6,1
2700,'20261127',532,,256410,26,0,7 6,1,20,,256411,26,0,7 6,1,65,,256412,26,0,57 6,1,22,,256413,26,0,57 6,1,16,,256414,26,0,57 6,1,67,,256415,26,0,57 6,1,25,,256416,26,0,57 6,1,70,,256417,26,0,57 6,1,40,,256418,26,0,7 6,1,97,,256419,26,0,7 6,1,100,,256420,26,0,7 6,1,103,,256421,4,0,5 6,1,100,,256422,4,0,5 6,1,100,,256423,4,0,5 6,1,145,,256424,4,0,34 6,1,15,,256425,26,0,57 6,1,30,,256426,26,0,57 6,1,70,,256427,26,0,57 6,1,21,,256428,4,0,34 6,1,15,,256429,26,0,57 6,1,55,,256430,4,0,34 6,1,20,,256431,26,0,57 6,1,80,,256432,26,0,57 6,1,49,,256433,26,0,7 6,1,145,,256434,4,0,5 6,1,100,,256435,4,0,5 6,1,200,,256436,4,0,5 6,1
4300,'20260910',737,,296175,18,,,1,696,,296176,18,,,1,106,,296177,18,,,1,100,,296178,18,,,1,85,,296179,18,,,1,20,,296180,18,,,1,78,,296181,18,,,1,20,,296182,18,,,1,94,,296183,18,,,1,97,,296184,18,,,1
4300,'20260911',737,,296185,18,,,1,696,,296186,18,,,1,106,,296187,18,,,1,100,,296188,18,,,1,85,,296189,18,,,1,20,,296190,18,,,1,78,,296191,18,,,1,20,,296192,18,,,1,94,,296193,18,,,1,97,,296194,18,,,1
4300,'20260914',737,,296195,18,,,1,696,,296196,18,,,1,106,,296197,18,,,1,100,,296198,18,,,1,85,,296199,18,,,1,20,,296200,18,,,1,78,,296201,18,,,1,20,,296202,18,,,1,94,,296203,18,,,1,97,,296204,18,,,1
4300,'20260915',737,,296205,18,,,1,696,,296206,18,,,1,106,,296207,18,,,1,100,,296208,18,,,1,85,,296209,18,,,1,20,,296210,18,,,1,78,,296211,18,,,1,20,,296212,18,,,1,94,,296213,18,,,1,97,,296214,18,,,1
4300,'20260916',737,,296215,18,,,1,696,,296216,18,,,1,106,,296217,18,,,1,100,,296218,18,,,1,85,,296219,18,,,1,20,,296220,18,,,1,78,,296221,18,,,1,20,,296222,18,,,1,94,,296223,18,,,1,97,,296224,18,,,1
4300,'20260917',737,,296225,18,,,1,696,,296226,18,,,1,106,,296227,18,,,1,100,,296228,18,,,1,85,,296229,18,,,1,20,,296230,18,,,1,78,,296231,18,,,1,20,,296232,18,,,1,94,,296233,18,,,1,97,,296234,18,,,1
4300,'20260918',737,,296235,18,,,1,696,,296236,18,,,1,106,,296237,18,,,1,100,,296238,18,,,1,85,,296239,18,,,1,20,,296240,18,,,1,78,,296241,18,,,1,20,,296242,18,,,1,94,,296243,18,,,1,97,,296244,18,,,1
4300,'20260921',737,,296245,18,,,1,696,,296246,18,,,1,106,,296247,18,,,1,100,,296248,18,,,1,85,,296249,18,,,1,20,,296250,18,,,1,78,,296251,18,,,1,20,,296252,18,,,1,94,,296253,18,,,1,97,,296254,18,,,1
4300,'20260922',737,,296255,18,,,1,696,,296256,18,,,1,106,,296257,18,,,1,100,,296258,18,,,1,85,,296259,18,,,1,20,,296260,18,,,1,78,,296261,18,,,1,20,,296262,18,,,1,94,,296263,18,,,1,97,,296264,18,,,1
4300,'20260923',737,,296265,18,,,1,696,,296266,18,,,1,106,,296267,18,,,1,100,,296268,18,,,1,85,,296269,18,,,1,20,,296270,18,,,1,78,,296271,18,,,1,20,,296272,18,,,1,94,,296273,18,,,1,97,,296274,18,,,1
4300,'20260924',737,,296275,18,,,1,696,,296276,18,,,1,106,,296277,18,,,1,100,,296278,18,,,1,85,,296279,18,,,1,20,,296280,18,,,1,78,,296281,18,,,1,20,,296282,18,,,1,94,,296283,18,,,1,97,,296284,18,,,1
4300,'20260925',737,,296285,18,,,1,696,,296286,18,,,1,106,,296287,18,,,1,100,,296288,18,,,1,85,,296289,18,,,1,20,,296290,18,,,1,78,,296291,18,,,1,20,,296292,18,,,1,94,,296293,18,,,1,97,,296294,18,,,1
4300,'20260928',737,,296295,18,,,1,696,,296296,18,,,1,106,,296297,18,,,1,100,,296298,18,,,1,85,,296299,18,,,1,20,,296300,18,,,1,78,,296301,18,,,1,20,,296302,18,,,1,94,,296303,18,,,1,97,,296304,18,,,1
4300,'20260929',737,,296305,18,,,1,696,,296306,18,,,1,106,,296307,18,,,1,100,,296308,18,,,1,85,,296309,18,,,1,20,,296310,18,,,1,78,,296311,18,,,1,20,,296312,18,,,1,94,,296313,18,,,1,97,,296314,18,,,1
4300,'20260930',737,,296315,18,,,1,696,,296316,18,,,1,106,,296317,18,,,1,100,,296318,18,,,1,85,,296319,18,,,1,20,,296320,18,,,1,78,,296321,18,,,1,20,,296322,18,,,1,94,,296323,18,,,1,97,,296324,18,,,1
4300,'20261001',737,,296325,18,,,1,696,,296326,18,,,1,106,,296327,18,,,1,100,,296328,18,,,1,85,,296329,18,,,1,20,,296330,18,,,1,78,,296331,18,,,1,20,,296332,18,,,1,94,,296333,18,,,1,97,,296334,18,,,1
4300,'20261002',737,,296335,18,,,1,696,,296336,18,,,1,106,,296337,18,,,1,100,,296338,18,,,1,85,,296339,18,,,1,20,,296340,18,,,1,78,,296341,18,,,1,20,,296342,18,,,1,94,,296343,18,,,1,97,,296344,18,,,1
4300,'20261005',737,,296345,18,,,1,696,,296346,18,,,1,106,,296347,18,,,1,100,,296348,18,,,1,85,,296349,18,,,1,20,,296350,18,,,1,78,,296351,18,,,1,20,,296352,18,,,1,94,,296353,18,,,1,97,,296354,18,,,1
4300,'20261006',737,,296355,18,,,1,696,,296356,18,,,1,106,,296357,18,,,1,100,,296358,18,,,1,85,,296359,18,,,1,20,,296360,18,,,1,78,,296361,18,,,1,20,,296362,18,,,1,94,,296363,18,,,1,97,,296364,18,,,1
4300,'20261007',737,,296365,18,,,1,696,,296366,18,,,1,106,,296367,18,,,1,100,,296368,18,,,1,85,,296369,18,,,1,20,,296370,18,,,1,78,,296371,18,,,1,20,,296372,18,,,1,94,,296373,18,,,1,97,,296374,18,,,1
4300,'20261008',737,,296375,18,,,1,696,,296376,18,,,1,106,,296377,18,,,1,100,,296378,18,,,1,85,,296379,18,,,1,20,,296380,18,,,1,78,,296381,18,,,1,20,,296382,18,,,1,94,,296383,18,,,1,97,,296384,18,,,1
4300,'20261009',737,,296385,18,,,1,696,,296386,18,,,1,106,,296387,18,,,1,100,,296388,18,,,1,85,,296389,18,,,1,20,,296390,18,,,1,78,,296391,18,,,1,20,,296392,18,,,1,94,,296393,18,,,1,97,,296394,18,,,1
4300,'20261013',737,,296395,18,,,1,696,,296396,18,,,1,106,,296397,18,,,1,100,,296398,18,,,1,85,,296399,18,,,1,20,,296400,18,,,1,78,,296401,18,,,1,20,,296402,18,,,1,94,,296403,18,,,1,97,,296404,18,,,1
4300,'20261014',737,,296405,18,,,1,696,,296406,18,,,1,106,,296407,18,,,1,100,,296408,18,,,1,85,,296409,18,,,1,20,,296410,18,,,1,78,,296411,18,,,1,20,,296412,18,,,1,94,,296413,18,,,1,97,,296414,18,,,1
4300,'20261015',737,,296415,18,,,1,696,,296416,18,,,1,106,,296417,18,,,1,100,,296418,18,,,1,85,,296419,18,,,1,20,,296420,18,,,1,78,,296421,18,,,1,20,,296422,18,,,1,94,,296423,18,,,1,97,,296424,18,,,1
4300,'20261016',737,,296425,18,,,1,696,,296426,18,,,1,106,,296427,18,,,1,100,,296428,18,,,1,85,,296429,18,,,1,20,,296430,18,,,1,78,,296431,18,,,1,20,,296432,18,,,1,94,,296433,18,,,1,97,,296434,18,,,1
4300,'20261019',737,,296435,18,,,1,696,,296436,18,,,1,106,,296437,18,,,1,100,,296438,18,,,1,85,,296439,18,,,1,20,,296440,18,,,1,78,,296441,18,,,1,20,,296442,18,,,1,94,,296443,18,,,1,97,,296444,18,,,1
4300,'20261020',737,,296445,18,,,1,696,,296446,18,,,1,106,,296447,18,,,1,100,,296448,18,,,1,85,,296449,18,,,1,20,,296450,18,,,1,78,,296451,18,,,1,20,,296452,18,,,1,94,,296453,18,,,1,97,,296454,18,,,1
4300,'20261021',737,,296455,18,,,1,696,,296456,18,,,1,106,,296457,18,,,1,100,,296458,18,,,1,85,,296459,18,,,1,20,,296460,18,,,1,78,,296461,18,,,1,20,,296462,18,,,1,94,,296463,18,,,1,97,,296464,18,,,1
4300,'20261022',737,,296465,18,,,1,696,,296466,18,,,1,106,,296467,18,,,1,100,,296468,18,,,1,85,,296469,18,,,1,20,,296470,18,,,1,78,,296471,18,,,1,20,,296472,18,,,1,94,,296473,18,,,1,97,,296474,18,,,1
4300,'20261023',737,,296475,18,,,1,696,,296476,18,,,1,106,,296477,18,,,1,100,,296478,18,,,1,85,,296479,18,,,1,20,,296480,18,,,1,78,,296481,18,,,1,20,,296482,18,,,1,94,,296483,18,,,1,97,,296484,18,,,1
4300,'20261026',737,,296485,18,,,1,696,,296486,18,,,1,106,,296487,18,,,1,100,,296488,18,,,1,85,,296489,18,,,1,20,,296490,18,,,1,78,,296491,18,,,1,20,,296492,18,,,1,94,,296493,18,,,1,97,,296494,18,,,1
4300,'20261027',737,,296495,18,,,1,696,,296496,18,,,1,106,,296497,18,,,1,100,,296498,18,,,1,85,,296499,18,,,1,20,,296500,18,,,1,78,,296501,18,,,1,20,,296502,18,,,1,94,,296503,18,,,1,97,,296504,18,,,1
4300,'20261028',737,,296505,18,,,1,696,,296506,18,,,1,106,,296507,18,,,1,100,,296508,18,,,1,85,,296509,18,,,1,20,,296510,18,,,1,78,,296511,18,,,1,20,,296512,18,,,1,94,,296513,18,,,1,97,,296514,18,,,1
4300,'20261029',737,,296515,18,,,1,696,,296516,18,,,1,106,,296517,18,,,1,100,,296518,18,,,1,85,,296519,18,,,1,20,,296520,18,,,1,78,,296521,18,,,1,20,,296522,18,,,1,94,,296523,18,,,1,97,,296524,18,,,1
4300,'20261030',737,,296525,18,,,1,696,,296526,18,,,1,106,,296527,18,,,1,100,,296528,18,,,1,85,,296529,18,,,1,20,,296530,18,,,1,78,,296531,18,,,1,20,,296532,18,,,1,94,,296533,18,,,1,97,,296534,18,,,1
4300,'20261102',737,,296535,18,,,1,696,,296536,18,,,1,106,,296537,18,,,1,100,,296538,18,,,1,85,,296539,18,,,1,20,,296540,18,,,1,78,,296541,18,,,1,20,,296542,18,,,1,94,,296543,18,,,1,97,,296544,18,,,1
4300,'20261103',737,,296545,18,,,1,696,,296546,18,,,1,106,,296547,18,,,1,100,,296548,18,,,1,85,,296549,18,,,1,20,,296550,18,,,1,78,,296551,18,,,1,20,,296552,18,,,1,94,,296553,18,,,1,97,,296554,18,,,1
4300,'20261104',737,,296555,18,,,1,696,,296556,18,,,1,106,,296557,18,,,1,100,,296558,18,,,1,85,,296559,18,,,1,20,,296560,18,,,1,78,,296561,18,,,1,20,,296562,18,,,1,94,,296563,18,,,1,97,,296564,18,,,1
4300,'20261105',737,,296565,18,,,1,696,,296566,18,,,1,106,,296567,18,,,1,100,,296568,18,,,1,85,,296569,18,,,1,20,,296570,18,,,1,78,,296571,18,,,1,20,,296572,18,,,1,94,,296573,18,,,1,97,,296574,18,,,1
4300,'20261106',737,,296575,18,,,1,696,,296576,18,,,1,106,,296577,18,,,1,100,,296578,18,,,1,85,,296579,18,,,1,20,,296580,18,,,1,78,,296581,18,,,1,20,,296582,18,,,1,94,,296583,18,,,1,97,,296584,18,,,1
4300,'20261109',737,,296585,18,,,1,696,,296586,18,,,1,106,,296587,18,,,1,100,,296588,18,,,1,85,,296589,18,,,1,20,,296590,18,,,1,78,,296591,18,,,1,20,,296592,18,,,1,94,,296593,18,,,1,97,,296594,18,,,1
4300,'20261110',737,,296595,18,,,1,696,,296596,18,,,1,106,,296597,18,,,1,100,,296598,18,,,1,85,,296599,18,,,1,20,,296600,18,,,1,78,,296601,18,,,1,20,,296602,18,,,1,94,,296603,18,,,1,97,,296604,18,,,1
4300,'20261111',737,,296605,18,,,1,696,,296606,18,,,1,106,,296607,18,,,1,100,,296608,18,,,1,85,,296609,18,,,1,20,,296610,18,,,1,78,,296611,18,,,1,20,,296612,18,,,1,94,,296613,18,,,1,97,,296614,18,,,1
4300,'20261112',737,,296615,18,,,1,696,,296616,18,,,1,106,,296617,18,,,1,100,,296618,18,,,1,85,,296619,18,,,1,20,,296620,18,,,1,78,,296621,18,,,1,20,,296622,18,,,1,94,,296623,18,,,1,97,,296624,18,,,1
4300,'20261113',737,,296625,18,,,1,696,,296626,18,,,1,106,,296627,18,,,1,100,,296628,18,,,1,85,,296629,18,,,1,20,,296630,18,,,1,78,,296631,18,,,1,20,,296632,18,,,1,94,,296633,18,,,1,97,,296634,18,,,1
4300,'20261116',737,,296635,18,,,1,696,,296636,18,,,1,106,,296637,18,,,1,100,,296638,18,,,1,85,,296639,18,,,1,20,,296640,18,,,1,78,,296641,18,,,1,20,,296642,18,,,1,94,,296643,18,,,1,97,,296644,18,,,1
4300,'20261117',737,,296645,18,,,1,696,,296646,18,,,1,106,,296647,18,,,1,100,,296648,18,,,1,85,,296649,18,,,1,20,,296650,18,,,1,78,,296651,18,,,1,20,,296652,18,,,1,94,,296653,18,,,1,97,,296654,18,,,1
4300,'20261118',737,,296655,18,,,1,696,,296656,18,,,1,106,,296657,18,,,1,100,,296658,18,,,1,85,,296659,18,,,1,20,,296660,18,,,1,78,,296661,18,,,1,20,,296662,18,,,1,94,,296663,18,,,1,97,,296664,18,,,1
4300,'20261119',737,,296665,18,,,1,696,,296666,18,,,1,106,,296667,18,,,1,100,,296668,18,,,1,85,,296669,18,,,1,20,,296670,18,,,1,78,,296671,18,,,1,20,,296672,18,,,1,94,,296673,18,,,1,97,,296674,18,,,1
4300,'20261120',737,,296675,18,,,1,696,,296676,18,,,1,106,,296677,18,,,1,100,,296678,18,,,1,85,,296679,18,,,1,20,,296680,18,,,1,78,,296681,18,,,1,20,,296682,18,,,1,94,,296683,18,,,1,97,,296684,18,,,1
4300,'20261123',737,,296685,18,,,1,696,,296686,18,,,1,106,,296687,18,,,1,100,,296688,18,,,1,85,,296689,18,,,1,20,,296690,18,,,1,78,,296691,18,,,1,20,,296692,18,,,1,94,,296693,18,,,1,97,,296694,18,,,1
4300,'20261124',737,,296695,18,,,1,696,,296696,18,,,1,106,,296697,18,,,1,100,,296698,18,,,1,85,,296699,18,,,1,20,,296700,18,,,1,78,,296701,18,,,1,20,,296702,18,,,1,94,,296703,18,,,1,97,,296704,18,,,1
4300,'20261125',737,,296705,18,,,1,696,,296706,18,,,1,106,,296707,18,,,1,100,,296708,18,,,1,85,,296709,18,,,1,20,,296710,18,,,1,78,,296711,18,,,1,20,,296712,18,,,1,94,,296713,18,,,1,97,,296714,18,,,1
4300,'20261126',737,,296715,18,,,1,696,,296716,18,,,1,106,,296717,18,,,1,100,,296718,18,,,1,85,,296719,18,,,1,20,,296720,18,,,1,78,,296721,18,,,1,20,,296722,18,,,1,94,,296723,18,,,1,97,,296724,18,,,1
4300,'20261127',737,,296725,18,,,1,696,,296726,18,,,1,106,,296727,18,,,1,100,,296728,18,,,1,85,,296729,18,,,1,20,,296730,18,,,1,78,,296731,18,,,1,20,,296732,18,,,1,94,,296733,18,,,1,97,,296734,18,,,1
4800,'20260910',541,,304335,26,,,1,93,,304336,26,,,1,98,,304337,26,,,1,100,,304338,26,,,1,102,,304339,26,,,1,104,,304340,26,,,1,100,,304341,26,,,1,100,,304342,26,,,1,100,,304343,26,,,1,100,,304344,26,,,1,87,,304345,26,,,1,97,,304346,26,,,1,103,,304347,26,,,1,110,,304348,26,,,1,102,,304349,26,,,1,204,,304350,26,,,1,205,,304351,26,,,1
4800,'20260911',541,,304352,26,,,1,93,,304353,26,,,1,98,,304354,26,,,1,100,,304355,26,,,1,102,,304356,26,,,1,104,,304357,26,,,1,100,,304358,26,,,1,100,,304359,26,,,1,100,,304360,26,,,1,100,,304361,26,,,1,87,,304362,26,,,1,97,,304363,26,,,1,103,,304364,26,,,1,110,,304365,26,,,1,102,,304366,26,,,1,204,,304367,26,,,1,205,,304368,26,,,1
4800,'20260914',541,,304369,26,,,1,93,,304370,26,,,1,98,,304371,26,,,1,100,,304372,26,,,1,102,,304373,26,,,1,104,,304374,26,,,1,100,,304375,26,,,1,100,,304376,26,,,1,100,,304377,26,,,1,100,,304378,26,,,1,87,,304379,26,,,1,97,,304380,26,,,1,103,,304381,26,,,1,110,,304382,26,,,1,102,,304383,26,,,1,204,,304384,26,,,1,205,,304385,26,,,1
4800,'20260915',541,,304386,26,,,1,93,,304387,26,,,1,98,,304388,26,,,1,100,,304389,26,,,1,102,,304390,26,,,1,104,,304391,26,,,1,100,,304392,26,,,1,100,,304393,26,,,1,100,,304394,26,,,1,100,,304395,26,,,1,87,,304396,26,,,1,97,,304397,26,,,1,103,,304398,26,,,1,110,,304399,26,,,1,102,,304400,26,,,1,204,,304401,26,,,1,205,,304402,26,,,1
4800,'20260916',541,,304403,26,,,1,93,,304404,26,,,1,98,,304405,26,,,1,100,,304406,26,,,1,102,,304407,26,,,1,104,,304408,26,,,1,100,,304409,26,,,1,100,,304410,26,,,1,100,,304411,26,,,1,100,,304412,26,,,1,87,,304413,26,,,1,97,,304414,26,,,1,103,,304415,26,,,1,110,,304416,26,,,1,102,,304417,26,,,1,204,,304418,26,,,1,205,,304419,26,,,1
4800,'20260917',541,,304420,26,,,1,93,,304421,26,,,1,98,,304422,26,,,1,100,,304423,26,,,1,102,,304424,26,,,1,104,,304425,26,,,1,100,,304426,26,,,1,100,,304427,26,,,1,100,,304428,26,,,1,100,,304429,26,,,1,87,,304430,26,,,1,97,,304431,26,,,1,103,,304432,26,,,1,110,,304433,26,,,1,102,,304434,26,,,1,204,,304435,26,,,1,205,,304436,26,,,1
4800,'20260918',541,,304437,26,,,1,93,,304438,26,,,1,98,,304439,26,,,1,100,,304440,26,,,1,102,,304441,26,,,1,104,,304442,26,,,1,100,,304443,26,,,1,100,,304444,26,,,1,100,,304445,26,,,1,100,,304446,26,,,1,87,,304447,26,,,1,97,,304448,26,,,1,103,,304449,26,,,1,110,,304450,26,,,1,102,,304451,26,,,1,204,,304452,26,,,1,205,,304453,26,,,1
4800,'20260921',541,,304454,26,,,1,93,,304455,26,,,1,98,,304456,26,,,1,100,,304457,26,,,1,102,,304458,26,,,1,104,,304459,26,,,1,100,,304460,26,,,1,100,,304461,26,,,1,100,,304462,26,,,1,100,,304463,26,,,1,87,,304464,26,,,1,97,,304465,26,,,1,103,,304466,26,,,1,110,,304467,26,,,1,102,,304468,26,,,1,204,,304469,26,,,1,205,,304470,26,,,1
4800,'20260922',541,,304471,26,,,1,93,,304472,26,,,1,98,,304473,26,,,1,100,,304474,26,,,1,102,,304475,26,,,1,104,,304476,26,,,1,100,,304477,26,,,1,100,,304478,26,,,1,100,,304479,26,,,1,100,,304480,26,,,1,87,,304481,26,,,1,97,,304482,26,,,1,103,,304483,26,,,1,110,,304484,26,,,1,102,,304485,26,,,1,204,,304486,26,,,1,205,,304487,26,,,1
4800,'20260923',541,,304488,26,,,1,93,,304489,26,,,1,98,,304490,26,,,1,100,,304491,26,,,1,102,,304492,26,,,1,104,,304493,26,,,1,100,,304494,26,,,1,100,,304495,26,,,1,100,,304496,26,,,1,100,,304497,26,,,1,87,,304498,26,,,1,97,,304499,26,,,1,103,,304500,26,,,1,110,,304501,26,,,1,102,,304502,26,,,1,204,,304503,26,,,1,205,,304504,26,,,1
4800,'20260924',541,,304505,26,,,1,93,,304506,26,,,1,98,,304507,26,,,1,100,,304508,26,,,1,102,,304509,26,,,1,104,,304510,26,,,1,100,,304511,26,,,1,100,,304512,26,,,1,100,,304513,26,,,1,100,,304514,26,,,1,87,,304515,26,,,1,97,,304516,26,,,1,103,,304517,26,,,1,110,,304518,26,,,1,102,,304519,26,,,1,204,,304520,26,,,1,205,,304521,26,,,1
4800,'20260925',541,,304522,26,,,1,93,,304523,26,,,1,98,,304524,26,,,1,100,,304525,26,,,1,102,,304526,26,,,1,104,,304527,26,,,1,100,,304528,26,,,1,100,,304529,26,,,1,100,,304530,26,,,1,100,,304531,26,,,1,87,,304532,26,,,1,97,,304533,26,,,1,103,,304534,26,,,1,110,,304535,26,,,1,102,,304536,26,,,1,204,,304537,26,,,1,205,,304538,26,,,1
4800,'20260928',541,,304539,26,,,1,93,,304540,26,,,1,98,,304541,26,,,1,100,,304542,26,,,1,102,,304543,26,,,1,104,,304544,26,,,1,100,,304545,26,,,1,100,,304546,26,,,1,100,,304547,26,,,1,100,,304548,26,,,1,87,,304549,26,,,1,97,,304550,26,,,1,103,,304551,26,,,1,110,,304552,26,,,1,102,,304553,26,,,1,204,,304554,26,,,1,205,,304555,26,,,1
4800,'20260929',541,,304556,26,,,1,93,,304557,26,,,1,98,,304558,26,,,1,100,,304559,26,,,1,102,,304560,26,,,1,104,,304561,26,,,1,100,,304562,26,,,1,100,,304563,26,,,1,100,,304564,26,,,1,100,,304565,26,,,1,87,,304566,26,,,1,97,,304567,26,,,1,103,,304568,26,,,1,110,,304569,26,,,1,102,,304570,26,,,1,204,,304571,26,,,1,205,,304572,26,,,1
4800,'20260930',541,,304573,26,,,1,93,,304574,26,,,1,98,,304575,26,,,1,100,,304576,26,,,1,102,,304577,26,,,1,104,,304578,26,,,1,100,,304579,26,,,1,100,,304580,26,,,1,100,,304581,26,,,1,100,,304582,26,,,1,87,,304583,26,,,1,97,,304584,26,,,1,103,,304585,26,,,1,110,,304586,26,,,1,102,,304587,26,,,1,204,,304588,26,,,1,205,,304589,26,,,1
4800,'20261001',541,,304590,26,,,1,93,,304591,26,,,1,98,,304592,26,,,1,100,,304593,26,,,1,102,,304594,26,,,1,104,,304595,26,,,1,100,,304596,26,,,1,100,,304597,26,,,1,100,,304598,26,,,1,100,,304599,26,,,1,87,,304600,26,,,1,97,,304601,26,,,1,103,,304602,26,,,1,110,,304603,26,,,1,102,,304604,26,,,1,204,,304605,26,,,1,205,,304606,26,,,1
4800,'20261002',541,,304607,26,,,1,93,,304608,26,,,1,98,,304609,26,,,1,100,,304610,26,,,1,102,,304611,26,,,1,104,,304612,26,,,1,100,,304613,26,,,1,100,,304614,26,,,1,100,,304615,26,,,1,100,,304616,26,,,1,87,,304617,26,,,1,97,,304618,26,,,1,103,,304619,26,,,1,110,,304620,26,,,1,102,,304621,26,,,1,204,,304622,26,,,1,205,,304623,26,,,1
4800,'20261005',541,,304624,26,,,1,93,,304625,26,,,1,98,,304626,26,,,1,100,,304627,26,,,1,102,,304628,26,,,1,104,,304629,26,,,1,100,,304630,26,,,1,100,,304631,26,,,1,100,,304632,26,,,1,100,,304633,26,,,1,87,,304634,26,,,1,97,,304635,26,,,1,103,,304636,26,,,1,110,,304637,26,,,1,102,,304638,26,,,1,204,,304639,26,,,1,205,,304640,26,,,1
4800,'20261006',541,,304641,26,,,1,93,,304642,26,,,1,98,,304643,26,,,1,100,,304644,26,,,1,102,,304645,26,,,1,104,,304646,26,,,1,100,,304647,26,,,1,100,,304648,26,,,1,100,,304649,26,,,1,100,,304650,26,,,1,87,,304651,26,,,1,97,,304652,26,,,1,103,,304653,26,,,1,110,,304654,26,,,1,102,,304655,26,,,1,204,,304656,26,,,1,205,,304657,26,,,1
4800,'20261007',541,,304658,26,,,1,93,,304659,26,,,1,98,,304660,26,,,1,100,,304661,26,,,1,102,,304662,26,,,1,104,,304663,26,,,1,100,,304664,26,,,1,100,,304665,26,,,1,100,,304666,26,,,1,100,,304667,26,,,1,87,,304668,26,,,1,97,,304669,26,,,1,103,,304670,26,,,1,110,,304671,26,,,1,102,,304672,26,,,1,204,,304673,26,,,1,205,,304674,26,,,1
4800,'20261008',541,,304675,26,,,1,93,,304676,26,,,1,98,,304677,26,,,1,100,,304678,26,,,1,102,,304679,26,,,1,104,,304680,26,,,1,100,,304681,26,,,1,100,,304682,26,,,1,100,,304683,26,,,1,100,,304684,26,,,1,87,,304685,26,,,1,97,,304686,26,,,1,103,,304687,26,,,1,110,,304688,26,,,1,102,,304689,26,,,1,204,,304690,26,,,1,205,,304691,26,,,1
4800,'20261009',541,,304692,26,,,1,93,,304693,26,,,1,98,,304694,26,,,1,100,,304695,26,,,1,102,,304696,26,,,1,104,,304697,26,,,1,100,,304698,26,,,1,100,,304699,26,,,1,100,,304700,26,,,1,100,,304701,26,,,1,87,,304702,26,,,1,97,,304703,26,,,1,103,,304704,26,,,1,110,,304705,26,,,1,102,,304706,26,,,1,204,,304707,26,,,1,205,,304708,26,,,1
4800,'20261013',541,,304709,26,,,1,93,,304710,26,,,1,98,,304711,26,,,1,100,,304712,26,,,1,102,,304713,26,,,1,104,,304714,26,,,1,100,,304715,26,,,1,100,,304716,26,,,1,100,,304717,26,,,1,100,,304718,26,,,1,87,,304719,26,,,1,97,,304720,26,,,1,103,,304721,26,,,1,110,,304722,26,,,1,102,,304723,26,,,1,204,,304724,26,,,1,205,,304725,26,,,1
4800,'20261014',541,,304726,26,,,1,93,,304727,26,,,1,98,,304728,26,,,1,100,,304729,26,,,1,102,,304730,26,,,1,104,,304731,26,,,1,100,,304732,26,,,1,100,,304733,26,,,1,100,,304734,26,,,1,100,,304735,26,,,1,87,,304736,26,,,1,97,,304737,26,,,1,103,,304738,26,,,1,110,,304739,26,,,1,102,,304740,26,,,1,204,,304741,26,,,1,205,,304742,26,,,1
4800,'20261015',541,,304743,26,,,1,93,,304744,26,,,1,98,,304745,26,,,1,100,,304746,26,,,1,102,,304747,26,,,1,104,,304748,26,,,1,100,,304749,26,,,1,100,,304750,26,,,1,100,,304751,26,,,1,100,,304752,26,,,1,87,,304753,26,,,1,97,,304754,26,,,1,103,,304755,26,,,1,110,,304756,26,,,1,102,,304757,26,,,1,204,,304758,26,,,1,205,,304759,26,,,1
4800,'20261016',541,,304760,26,,,1,93,,304761,26,,,1,98,,304762,26,,,1,100,,304763,26,,,1,102,,304764,26,,,1,104,,304765,26,,,1,100,,304766,26,,,1,100,,304767,26,,,1,100,,304768,26,,,1,100,,304769,26,,,1,87,,304770,26,,,1,97,,304771,26,,,1,103,,304772,26,,,1,110,,304773,26,,,1,102,,304774,26,,,1,204,,304775,26,,,1,205,,304776,26,,,1
4800,'20261019',541,,304777,26,,,1,93,,304778,26,,,1,98,,304779,26,,,1,100,,304780,26,,,1,102,,304781,26,,,1,104,,304782,26,,,1,100,,304783,26,,,1,100,,304784,26,,,1,100,,304785,26,,,1,100,,304786,26,,,1,87,,304787,26,,,1,97,,304788,26,,,1,103,,304789,26,,,1,110,,304790,26,,,1,102,,304791,26,,,1,204,,304792,26,,,1,205,,304793,26,,,1
4800,'20261020',541,,304794,26,,,1,93,,304795,26,,,1,98,,304796,26,,,1,100,,304797,26,,,1,102,,304798,26,,,1,104,,304799,26,,,1,100,,304800,26,,,1,100,,304801,26,,,1,100,,304802,26,,,1,100,,304803,26,,,1,87,,304804,26,,,1,97,,304805,26,,,1,103,,304806,26,,,1,110,,304807,26,,,1,102,,304808,26,,,1,204,,304809,26,,,1,205,,304810,26,,,1
4800,'20261021',541,,304811,26,,,1,93,,304812,26,,,1,98,,304813,26,,,1,100,,304814,26,,,1,102,,304815,26,,,1,104,,304816,26,,,1,100,,304817,26,,,1,100,,304818,26,,,1,100,,304819,26,,,1,100,,304820,26,,,1,87,,304821,26,,,1,97,,304822,26,,,1,103,,304823,26,,,1,110,,304824,26,,,1,102,,304825,26,,,1,204,,304826,26,,,1,205,,304827,26,,,1
4800,'20261022',541,,304828,26,,,1,93,,304829,26,,,1,98,,304830,26,,,1,100,,304831,26,,,1,102,,304832,26,,,1,104,,304833,26,,,1,100,,304834,26,,,1,100,,304835,26,,,1,100,,304836,26,,,1,100,,304837,26,,,1,87,,304838,26,,,1,97,,304839,26,,,1,103,,304840,26,,,1,110,,304841,26,,,1,102,,304842,26,,,1,204,,304843,26,,,1,205,,304844,26,,,1
4800,'20261023',541,,304845,26,,,1,93,,304846,26,,,1,98,,304847,26,,,1,100,,304848,26,,,1,102,,304849,26,,,1,104,,304850,26,,,1,100,,304851,26,,,1,100,,304852,26,,,1,100,,304853,26,,,1,100,,304854,26,,,1,87,,304855,26,,,1,97,,304856,26,,,1,103,,304857,26,,,1,110,,304858,26,,,1,102,,304859,26,,,1,204,,304860,26,,,1,205,,304861,26,,,1
4800,'20261026',541,,304862,26,,,1,93,,304863,26,,,1,98,,304864,26,,,1,100,,304865,26,,,1,102,,304866,26,,,1,104,,304867,26,,,1,100,,304868,26,,,1,100,,304869,26,,,1,100,,304870,26,,,1,100,,304871,26,,,1,87,,304872,26,,,1,97,,304873,26,,,1,103,,304874,26,,,1,110,,304875,26,,,1,102,,304876,26,,,1,204,,304877,26,,,1,205,,304878,26,,,1
4800,'20261027',541,,304879,26,,,1,93,,304880,26,,,1,98,,304881,26,,,1,100,,304882,26,,,1,102,,304883,26,,,1,104,,304884,26,,,1,100,,304885,26,,,1,100,,304886,26,,,1,100,,304887,26,,,1,100,,304888,26,,,1,87,,304889,26,,,1,97,,304890,26,,,1,103,,304891,26,,,1,110,,304892,26,,,1,102,,304893,26,,,1,204,,304894,26,,,1,205,,304895,26,,,1
4800,'20261028',541,,304896,26,,,1,93,,304897,26,,,1,98,,304898,26,,,1,100,,304899,26,,,1,102,,304900,26,,,1,104,,304901,26,,,1,100,,304902,26,,,1,100,,304903,26,,,1,100,,304904,26,,,1,100,,304905,26,,,1,87,,304906,26,,,1,97,,304907,26,,,1,103,,304908,26,,,1,110,,304909,26,,,1,102,,304910,26,,,1,204,,304911,26,,,1,205,,304912,26,,,1
4800,'20261029',541,,304913,26,,,1,93,,304914,26,,,1,98,,304915,26,,,1,100,,304916,26,,,1,102,,304917,26,,,1,104,,304918,26,,,1,100,,304919,26,,,1,100,,304920,26,,,1,100,,304921,26,,,1,100,,304922,26,,,1,87,,304923,26,,,1,97,,304924,26,,,1,103,,304925,26,,,1,110,,304926,26,,,1,102,,304927,26,,,1,204,,304928,26,,,1,205,,304929,26,,,1
4800,'20261030',541,,304930,26,,,1,93,,304931,26,,,1,98,,304932,26,,,1,100,,304933,26,,,1,102,,304934,26,,,1,104,,304935,26,,,1,100,,304936,26,,,1,100,,304937,26,,,1,100,,304938,26,,,1,100,,304939,26,,,1,87,,304940,26,,,1,97,,304941,26,,,1,103,,304942,26,,,1,110,,304943,26,,,1,102,,304944,26,,,1,204,,304945,26,,,1,205,,304946,26,,,1
4800,'20261102',541,,304947,26,,,1,93,,304948,26,,,1,98,,304949,26,,,1,100,,304950,26,,,1,102,,304951,26,,,1,104,,304952,26,,,1,100,,304953,26,,,1,100,,304954,26,,,1,100,,304955,26,,,1,100,,304956,26,,,1,87,,304957,26,,,1,97,,304958,26,,,1,103,,304959,26,,,1,110,,304960,26,,,1,102,,304961,26,,,1,204,,304962,26,,,1,205,,304963,26,,,1
4800,'20261103',541,,304964,26,,,1,93,,304965,26,,,1,98,,304966,26,,,1,100,,304967,26,,,1,102,,304968,26,,,1,104,,304969,26,,,1,100,,304970,26,,,1,100,,304971,26,,,1,100,,304972,26,,,1,100,,304973,26,,,1,87,,304974,26,,,1,97,,304975,26,,,1,103,,304976,26,,,1,110,,304977,26,,,1,102,,304978,26,,,1,204,,304979,26,,,1,205,,304980,26,,,1
4800,'20261104',541,,304981,26,,,1,93,,304982,26,,,1,98,,304983,26,,,1,100,,304984,26,,,1,102,,304985,26,,,1,104,,304986,26,,,1,100,,304987,26,,,1,100,,304988,26,,,1,100,,304989,26,,,1,100,,304990,26,,,1,87,,304991,26,,,1,97,,304992,26,,,1,103,,304993,26,,,1,110,,304994,26,,,1,102,,304995,26,,,1,204,,304996,26,,,1,205,,304997,26,,,1
4800,'20261105',541,,304998,26,,,1,93,,304999,26,,,1,98,,305000,26,,,1,100,,305001,26,,,1,102,,305002,26,,,1,104,,305003,26,,,1,100,,305004,26,,,1,100,,305005,26,,,1,100,,305006,26,,,1,100,,305007,26,,,1,87,,305008,26,,,1,97,,305009,26,,,1,103,,305010,26,,,1,110,,305011,26,,,1,102,,305012,26,,,1,204,,305013,26,,,1,205,,305014,26,,,1
4800,'20261106',541,,305015,26,,,1,93,,305016,26,,,1,98,,305017,26,,,1,100,,305018,26,,,1,102,,305019,26,,,1,104,,305020,26,,,1,100,,305021,26,,,1,100,,305022,26,,,1,100,,305023,26,,,1,100,,305024,26,,,1,87,,305025,26,,,1,97,,305026,26,,,1,103,,305027,26,,,1,110,,305028,26,,,1,102,,305029,26,,,1,204,,305030,26,,,1,205,,305031,26,,,1
4800,'20261109',541,,305032,26,,,1,93,,305033,26,,,1,98,,305034,26,,,1,100,,305035,26,,,1,102,,305036,26,,,1,104,,305037,26,,,1,100,,305038,26,,,1,100,,305039,26,,,1,100,,305040,26,,,1,100,,305041,26,,,1,87,,305042,26,,,1,97,,305043,26,,,1,103,,305044,26,,,1,110,,305045,26,,,1,102,,305046,26,,,1,204,,305047,26,,,1,205,,305048,26,,,1
4800,'20261110',541,,305049,26,,,1,93,,305050,26,,,1,98,,305051,26,,,1,100,,305052,26,,,1,102,,305053,26,,,1,104,,305054,26,,,1,100,,305055,26,,,1,100,,305056,26,,,1,100,,305057,26,,,1,100,,305058,26,,,1,87,,305059,26,,,1,97,,305060,26,,,1,103,,305061,26,,,1,110,,305062,26,,,1,102,,305063,26,,,1,204,,305064,26,,,1,205,,305065,26,,,1
4800,'20261111',541,,305066,26,,,1,93,,305067,26,,,1,98,,305068,26,,,1,100,,305069,26,,,1,102,,305070,26,,,1,104,,305071,26,,,1,100,,305072,26,,,1,100,,305073,26,,,1,100,,305074,26,,,1,100,,305075,26,,,1,87,,305076,26,,,1,97,,305077,26,,,1,103,,305078,26,,,1,110,,305079,26,,,1,102,,305080,26,,,1,204,,305081,26,,,1,205,,305082,26,,,1
4800,'20261112',541,,305083,26,,,1,93,,305084,26,,,1,98,,305085,26,,,1,100,,305086,26,,,1,102,,305087,26,,,1,104,,305088,26,,,1,100,,305089,26,,,1,100,,305090,26,,,1,100,,305091,26,,,1,100,,305092,26,,,1,87,,305093,26,,,1,97,,305094,26,,,1,103,,305095,26,,,1,110,,305096,26,,,1,102,,305097,26,,,1,204,,305098,26,,,1,205,,305099,26,,,1
4800,'20261113',541,,305100,26,,,1,93,,305101,26,,,1,98,,305102,26,,,1,100,,305103,26,,,1,102,,305104,26,,,1,104,,305105,26,,,1,100,,305106,26,,,1,100,,305107,26,,,1,100,,305108,26,,,1,100,,305109,26,,,1,87,,305110,26,,,1,97,,305111,26,,,1,103,,305112,26,,,1,110,,305113,26,,,1,102,,305114,26,,,1,204,,305115,26,,,1,205,,305116,26,,,1
4800,'20261116',541,,305117,26,,,1,93,,305118,26,,,1,98,,305119,26,,,1,100,,305120,26,,,1,102,,305121,26,,,1,104,,305122,26,,,1,100,,305123,26,,,1,100,,305124,26,,,1,100,,305125,26,,,1,100,,305126,26,,,1,87,,305127,26,,,1,97,,305128,26,,,1,103,,305129,26,,,1,110,,305130,26,,,1,102,,305131,26,,,1,204,,305132,26,,,1,205,,305133,26,,,1
4800,'20261117',541,,305134,26,,,1,93,,305135,26,,,1,98,,305136,26,,,1,100,,305137,26,,,1,102,,305138,26,,,1,104,,305139,26,,,1,100,,305140,26,,,1,100,,305141,26,,,1,100,,305142,26,,,1,100,,305143,26,,,1,87,,305144,26,,,1,97,,305145,26,,,1,103,,305146,26,,,1,110,,305147,26,,,1,102,,305148,26,,,1,204,,305149,26,,,1,205,,305150,26,,,1
4800,'20261118',541,,305151,26,,,1,93,,305152,26,,,1,98,,305153,26,,,1,100,,305154,26,,,1,102,,305155,26,,,1,104,,305156,26,,,1,100,,305157,26,,,1,100,,305158,26,,,1,100,,305159,26,,,1,100,,305160,26,,,1,87,,305161,26,,,1,97,,305162,26,,,1,103,,305163,26,,,1,110,,305164,26,,,1,102,,305165,26,,,1,204,,305166,26,,,1,205,,305167,26,,,1
4800,'20261119',541,,305168,26,,,1,93,,305169,26,,,1,98,,305170,26,,,1,100,,305171,26,,,1,102,,305172,26,,,1,104,,305173,26,,,1,100,,305174,26,,,1,100,,305175,26,,,1,100,,305176,26,,,1,100,,305177,26,,,1,87,,305178,26,,,1,97,,305179,26,,,1,103,,305180,26,,,1,110,,305181,26,,,1,102,,305182,26,,,1,204,,305183,26,,,1,205,,305184,26,,,1
4800,'20261120',541,,305185,26,,,1,93,,305186,26,,,1,98,,305187,26,,,1,100,,305188,26,,,1,102,,305189,26,,,1,104,,305190,26,,,1,100,,305191,26,,,1,100,,305192,26,,,1,100,,305193,26,,,1,100,,305194,26,,,1,87,,305195,26,,,1,97,,305196,26,,,1,103,,305197,26,,,1,110,,305198,26,,,1,102,,305199,26,,,1,204,,305200,26,,,1,205,,305201,26,,,1
4800,'20261123',541,,305202,26,,,1,93,,305203,26,,,1,98,,305204,26,,,1,100,,305205,26,,,1,102,,305206,26,,,1,104,,305207,26,,,1,100,,305208,26,,,1,100,,305209,26,,,1,100,,305210,26,,,1,100,,305211,26,,,1,87,,305212,26,,,1,97,,305213,26,,,1,103,,305214,26,,,1,110,,305215,26,,,1,102,,305216,26,,,1,204,,305217,26,,,1,205,,305218,26,,,1
4800,'20261124',541,,305219,26,,,1,93,,305220,26,,,1,98,,305221,26,,,1,100,,305222,26,,,1,102,,305223,26,,,1,104,,305224,26,,,1,100,,305225,26,,,1,100,,305226,26,,,1,100,,305227,26,,,1,100,,305228,26,,,1,87,,305229,26,,,1,97,,305230,26,,,1,103,,305231,26,,,1,110,,305232,26,,,1,102,,305233,26,,,1,204,,305234,26,,,1,205,,305235,26,,,1
4800,'20261125',541,,305236,26,,,1,93,,305237,26,,,1,98,,305238,26,,,1,100,,305239,26,,,1,102,,305240,26,,,1,104,,305241,26,,,1,100,,305242,26,,,1,100,,305243,26,,,1,100,,305244,26,,,1,100,,305245,26,,,1,87,,305246,26,,,1,97,,305247,26,,,1,103,,305248,26,,,1,110,,305249,26,,,1,102,,305250,26,,,1,204,,305251,26,,,1,205,,305252,26,,,1
4800,'20261126',541,,305253,26,,,1,93,,305254,26,,,1,98,,305255,26,,,1,100,,305256,26,,,1,102,,305257,26,,,1,104,,305258,26,,,1,100,,305259,26,,,1,100,,305260,26,,,1,100,,305261,26,,,1,100,,305262,26,,,1,87,,305263,26,,,1,97,,305264,26,,,1,103,,305265,26,,,1,110,,305266,26,,,1,102,,305267,26,,,1,204,,305268,26,,,1,205,,305269,26,,,1
4800,'20261127',541,,305270,26,,,1,93,,305271,26,,,1,98,,305272,26,,,1,100,,305273,26,,,1,102,,305274,26,,,1,104,,305275,26,,,1,100,,305276,26,,,1,100,,305277,26,,,1,100,,305278,26,,,1,100,,305279,26,,,1,87,,305280,26,,,1,97,,305281,26,,,1,103,,305282,26,,,1,110,,305283,26,,,1,102,,305284,26,,,1,204,,305285,26,,,1,205,,305286,26,,,1
