4101,'20260921',503,,292970,3,,,1,55,,292972,3,,,1,65,,292973,3,,,1,35,,292975,3,,,1,70,,292976,3,,,1,30,,292977,3,,,1,70,,292978,3,,,1,75,,292979,3,,,1,35,,292980,3,,,1,75,,292981,3,,,1,35,,292982,3,,,1,70,,292984,3,,,1,5,,292983,3,0,7 40 41,1,25,,292986,3,,,1,5,,292985,3,0,7 40 41,1,65,,292987,3,0,7 40 41,1,20,,292990,3,,,1,5,,292989,3,0,7 40 41,1,15,,292992,3,,,1,50,,292991,3,0,7 40 41,1,25,,292993,3,0,7 40 41,1,15,,292996,3,,,1,55,,292995,3,0,7 40 41,1,25,,292998,3,0,7 40 41,1,25,,293000,3,0,7 40 41,1,5,,293002,3,,,1,70,,293005,3,,,1,15,,293003,3,0,7 40 41,1,65,,293010,3,,,1,10,,293009,3,0,7 40 41,1,20,,293014,3,,,1,10,,293013,3,0,7 40 41,1,60,,293017,3,,,1,10,,293016,3,0,7 40 41,1,25,,293020,3,,,1,5,,293019,3,0,7 40 41,1,75,,293023,3,,,1,10,,293022,3,0,7 40 41,1,70,,293024,3,0,7 40 41,1,5,,293025,3,,,1,15,,293026,3,0,7 40 41,1,10,,293027,3,,,1,25,,293029,3,,,1,45,,293028,3,0,7 40 41,1,20,,293031,3,,,1,10,,293030,3,0,7 40 41,1,75,,293032,3,0,7 40 41,1,15,,293033,3,,,1,90,,293034,3,,,1
4101,'20260922',503,,293035,3,,,1,55,,293037,3,,,1,65,,293038,3,,,1,35,,293040,3,,,1,70,,293041,3,,,1,30,,293042,3,,,1,70,,293043,3,,,1,75,,293044,3,,,1,35,,293045,3,,,1,75,,293046,3,,,1,35,,293047,3,,,1,70,,293049,3,,,1,5,,293048,3,0,7 40 41,1,25,,293051,3,,,1,5,,293050,3,0,7 40 41,1,65,,293052,3,0,7 40 41,1,20,,293055,3,,,1,5,,293054,3,0,7 40 41,1,15,,293057,3,,,1,50,,293056,3,0,7 40 41,1,25,,293058,3,0,7 40 41,1,15,,293061,3,,,1,55,,293060,3,0,7 40 41,1,25,,293063,3,0,7 40 41,1,25,,293065,3,0,7 40 41,1,5,,293067,3,,,1,70,,293070,3,,,1,15,,293068,3,0,7 40 41,1,65,,293075,3,,,1,10,,293074,3,0,7 40 41,1,20,,293079,3,,,1,10,,293078,3,0,7 40 41,1,60,,293082,3,,,1,10,,293081,3,0,7 40 41,1,25,,293085,3,,,1,5,,293084,3,0,7 40 41,1,75,,293088,3,,,1,10,,293087,3,0,7 40 41,1,70,,293089,3,0,7 40 41,1,5,,293090,3,,,1,15,,293091,3,0,7 40 41,1,10,,293092,3,,,1,25,,293094,3,,,1,45,,293093,3,0,7 40 41,1,20,,293096,3,,,1,10,,293095,3,0,7 40 41,1,75,,293097,3,0,7 40 41,1,15,,293098,3,,,1,90,,293099,3,,,1
4101,'20260923',503,,293100,3,,,1,55,,293102,3,,,1,65,,293103,3,,,1,35,,293105,3,,,1,70,,293106,3,,,1,30,,293107,3,,,1,70,,293108,3,,,1,75,,293109,3,,,1,35,,293110,3,,,1,75,,293111,3,,,1,35,,293112,3,,,1,70,,293114,3,,,1,5,,293113,3,0,7 40 41,1,25,,293116,3,,,1,5,,293115,3,0,7 40 41,1,65,,293117,3,0,7 40 41,1,20,,293120,3,,,1,5,,293119,3,0,7 40 41,1,15,,293122,3,,,1,50,,293121,3,0,7 40 41,1,25,,293123,3,0,7 40 41,1,15,,293126,3,,,1,55,,293125,3,0,7 40 41,1,25,,293128,3,0,7 40 41,1,25,,293130,3,0,7 40 41,1,5,,293132,3,,,1,70,,293135,3,,,1,15,,293133,3,0,7 40 41,1,65,,293140,3,,,1,10,,293139,3,0,7 40 41,1,20,,293144,3,,,1,10,,293143,3,0,7 40 41,1,60,,293147,3,,,1,10,,293146,3,0,7 40 41,1,25,,293150,3,,,1,5,,293149,3,0,7 40 41,1,75,,293153,3,,,1,10,,293152,3,0,7 40 41,1,70,,293154,3,0,7 40 41,1,5,,293155,3,,,1,15,,293156,3,0,7 40 41,1,10,,293157,3,,,1,25,,293159,3,,,1,45,,293158,3,0,7 40 41,1,20,,293161,3,,,1,10,,293160,3,0,7 40 41,1,75,,293162,3,0,7 40 41,1,15,,293163,3,,,1,90,,293164,3,,,1
4101,'20260924',503,,293165,3,,,1,55,,293167,3,,,1,65,,293168,3,,,1,35,,293170,3,,,1,70,,293171,3,,,1,30,,293172,3,,,1,70,,293173,3,,,1,75,,293174,3,,,1,35,,293175,3,,,1,75,,293176,3,,,1,35,,293177,3,,,1,70,,293179,3,,,1,5,,293178,3,0,7 40 41,1,25,,293181,3,,,1,5,,293180,3,0,7 40 41,1,65,,293182,3,0,7 40 41,1,20,,293185,3,,,1,5,,293184,3,0,7 40 41,1,15,,293187,3,,,1,50,,293186,3,0,7 40 41,1,25,,293188,3,0,7 40 41,1,15,,293191,3,,,1,55,,293190,3,0,7 40 41,1,25,,293193,3,0,7 40 41,1,25,,293195,3,0,7 40 41,1,5,,293197,3,,,1,70,,293200,3,,,1,15,,293198,3,0,7 40 41,1,65,,293205,3,,,1,10,,293204,3,0,7 40 41,1,20,,293209,3,,,1,10,,293208,3,0,7 40 41,1,60,,293212,3,,,1,10,,293211,3,0,7 40 41,1,25,,293215,3,,,1,5,,293214,3,0,7 40 41,1,75,,293218,3,,,1,10,,293217,3,0,7 40 41,1,70,,293219,3,0,7 40 41,1,5,,293220,3,,,1,15,,293221,3,0,7 40 41,1,10,,293222,3,,,1,25,,293224,3,,,1,45,,293223,3,0,7 40 41,1,20,,293226,3,,,1,10,,293225,3,0,7 40 41,1,75,,293227,3,0,7 40 41,1,15,,293228,3,,,1,90,,293229,3,,,1
4101,'20260925',503,,293230,3,,,1,55,,293232,3,,,1,65,,293233,3,,,1,35,,293235,3,,,1,70,,293236,3,,,1,30,,293237,3,,,1,70,,293238,3,,,1,75,,293239,3,,,1,35,,293240,3,,,1,75,,293241,3,,,1,35,,293242,3,,,1,70,,293244,3,,,1,5,,293243,3,0,7 40 41,1,25,,293246,3,,,1,5,,293245,3,0,7 40 41,1,65,,293247,3,0,7 40 41,1,20,,293250,3,,,1,5,,293249,3,0,7 40 41,1,15,,293252,3,,,1,50,,293251,3,0,7 40 41,1,25,,293253,3,0,7 40 41,1,15,,293256,3,,,1,55,,293255,3,0,7 40 41,1,25,,293258,3,0,7 40 41,1,25,,293260,3,0,7 40 41,1,5,,293262,3,,,1,70,,293265,3,,,1,15,,293263,3,0,7 40 41,1,65,,293270,3,,,1,10,,293269,3,0,7 40 41,1,20,,293274,3,,,1,10,,293273,3,0,7 40 41,1,60,,293277,3,,,1,10,,293276,3,0,7 40 41,1,25,,293280,3,,,1,5,,293279,3,0,7 40 41,1,75,,293283,3,,,1,10,,293282,3,0,7 40 41,1,70,,293284,3,0,7 40 41,1,5,,293285,3,,,1,15,,293286,3,0,7 40 41,1,10,,293287,3,,,1,25,,293289,3,,,1,45,,293288,3,0,7 40 41,1,20,,293291,3,,,1,10,,293290,3,0,7 40 41,1,75,,293292,3,0,7 40 41,1,15,,293293,3,,,1,90,,293294,3,,,1
4101,'20260928',503,,293295,3,,,1,55,,293297,3,,,1,65,,293298,3,,,1,35,,293300,3,,,1,70,,293301,3,,,1,30,,293302,3,,,1,70,,293303,3,,,1,75,,293304,3,,,1,35,,293305,3,,,1,75,,293306,3,,,1,35,,293307,3,,,1,70,,293309,3,,,1,5,,293308,3,0,7 40 41,1,25,,293311,3,,,1,5,,293310,3,0,7 40 41,1,65,,293312,3,0,7 40 41,1,20,,293315,3,,,1,5,,293314,3,0,7 40 41,1,15,,293317,3,,,1,50,,293316,3,0,7 40 41,1,25,,293318,3,0,7 40 41,1,15,,293321,3,,,1,55,,293320,3,0,7 40 41,1,25,,293323,3,0,7 40 41,1,25,,293325,3,0,7 40 41,1,5,,293327,3,,,1,70,,293330,3,,,1,15,,293328,3,0,7 40 41,1,65,,293335,3,,,1,10,,293334,3,0,7 40 41,1,20,,293339,3,,,1,10,,293338,3,0,7 40 41,1,60,,293342,3,,,1,10,,293341,3,0,7 40 41,1,25,,293345,3,,,1,5,,293344,3,0,7 40 41,1,75,,293348,3,,,1,10,,293347,3,0,7 40 41,1,70,,293349,3,0,7 40 41,1,5,,293350,3,,,1,15,,293351,3,0,7 40 41,1,10,,293352,3,,,1,25,,293354,3,,,1,45,,293353,3,0,7 40 41,1,20,,293356,3,,,1,10,,293355,3,0,7 40 41,1,75,,293357,3,0,7 40 41,1,15,,293358,3,,,1,90,,293359,3,,,1
4101,'20260929',503,,293360,3,,,1,55,,293362,3,,,1,65,,293363,3,,,1,35,,293365,3,,,1,70,,293366,3,,,1,30,,293367,3,,,1,70,,293368,3,,,1,75,,293369,3,,,1,35,,293370,3,,,1,75,,293371,3,,,1,35,,293372,3,,,1,70,,293374,3,,,1,5,,293373,3,0,7 40 41,1,25,,293376,3,,,1,5,,293375,3,0,7 40 41,1,65,,293377,3,0,7 40 41,1,20,,293380,3,,,1,5,,293379,3,0,7 40 41,1,15,,293382,3,,,1,50,,293381,3,0,7 40 41,1,25,,293383,3,0,7 40 41,1,15,,293386,3,,,1,55,,293385,3,0,7 40 41,1,25,,293388,3,0,7 40 41,1,25,,293390,3,0,7 40 41,1,5,,293392,3,,,1,70,,293395,3,,,1,15,,293393,3,0,7 40 41,1,65,,293400,3,,,1,10,,293399,3,0,7 40 41,1,20,,293404,3,,,1,10,,293403,3,0,7 40 41,1,60,,293407,3,,,1,10,,293406,3,0,7 40 41,1,25,,293410,3,,,1,5,,293409,3,0,7 40 41,1,75,,293413,3,,,1,10,,293412,3,0,7 40 41,1,70,,293414,3,0,7 40 41,1,5,,293415,3,,,1,15,,293416,3,0,7 40 41,1,10,,293417,3,,,1,25,,293419,3,,,1,45,,293418,3,0,7 40 41,1,20,,293421,3,,,1,10,,293420,3,0,7 40 41,1,75,,293422,3,0,7 40 41,1,15,,293423,3,,,1,90,,293424,3,,,1
4101,'20260930',503,,293425,3,,,1,55,,293427,3,,,1,65,,293428,3,,,1,35,,293430,3,,,1,70,,293431,3,,,1,30,,293432,3,,,1,70,,293433,3,,,1,75,,293434,3,,,1,35,,293435,3,,,1,75,,293436,3,,,1,35,,293437,3,,,1,70,,293439,3,,,1,5,,293438,3,0,7 40 41,1,25,,293441,3,,,1,5,,293440,3,0,7 40 41,1,65,,293442,3,0,7 40 41,1,20,,293445,3,,,1,5,,293444,3,0,7 40 41,1,15,,293447,3,,,1,50,,293446,3,0,7 40 41,1,25,,293448,3,0,7 40 41,1,15,,293451,3,,,1,55,,293450,3,0,7 40 41,1,25,,293453,3,0,7 40 41,1,25,,293455,3,0,7 40 41,1,5,,293457,3,,,1,70,,293460,3,,,1,15,,293458,3,0,7 40 41,1,65,,293465,3,,,1,10,,293464,3,0,7 40 41,1,20,,293469,3,,,1,10,,293468,3,0,7 40 41,1,60,,293472,3,,,1,10,,293471,3,0,7 40 41,1,25,,293475,3,,,1,5,,293474,3,0,7 40 41,1,75,,293478,3,,,1,10,,293477,3,0,7 40 41,1,70,,293479,3,0,7 40 41,1,5,,293480,3,,,1,15,,293481,3,0,7 40 41,1,10,,293482,3,,,1,25,,293484,3,,,1,45,,293483,3,0,7 40 41,1,20,,293486,3,,,1,10,,293485,3,0,7 40 41,1,75,,293487,3,0,7 40 41,1,15,,293488,3,,,1,90,,293489,3,,,1
4101,'20261001',503,,293490,3,,,1,55,,293492,3,,,1,65,,293493,3,,,1,35,,293495,3,,,1,70,,293496,3,,,1,30,,293497,3,,,1,70,,293498,3,,,1,75,,293499,3,,,1,35,,293500,3,,,1,75,,293501,3,,,1,35,,293502,3,,,1,70,,293504,3,,,1,5,,293503,3,0,7 40 41,1,25,,293506,3,,,1,5,,293505,3,0,7 40 41,1,65,,293507,3,0,7 40 41,1,20,,293510,3,,,1,5,,293509,3,0,7 40 41,1,15,,293512,3,,,1,50,,293511,3,0,7 40 41,1,25,,293513,3,0,7 40 41,1,15,,293516,3,,,1,55,,293515,3,0,7 40 41,1,25,,293518,3,0,7 40 41,1,25,,293520,3,0,7 40 41,1,5,,293522,3,,,1,70,,293525,3,,,1,15,,293523,3,0,7 40 41,1,65,,293530,3,,,1,10,,293529,3,0,7 40 41,1,20,,293534,3,,,1,10,,293533,3,0,7 40 41,1,60,,293537,3,,,1,10,,293536,3,0,7 40 41,1,25,,293540,3,,,1,5,,293539,3,0,7 40 41,1,75,,293543,3,,,1,10,,293542,3,0,7 40 41,1,70,,293544,3,0,7 40 41,1,5,,293545,3,,,1,15,,293546,3,0,7 40 41,1,10,,293547,3,,,1,25,,293549,3,,,1,45,,293548,3,0,7 40 41,1,20,,293551,3,,,1,10,,293550,3,0,7 40 41,1,75,,293552,3,0,7 40 41,1,15,,293553,3,,,1,90,,293554,3,,,1
4101,'20261002',503,,293555,3,,,1,55,,293557,3,,,1,65,,293558,3,,,1,35,,293560,3,,,1,70,,293561,3,,,1,30,,293562,3,,,1,70,,293563,3,,,1,75,,293564,3,,,1,35,,293565,3,,,1,75,,293566,3,,,1,35,,293567,3,,,1,70,,293569,3,,,1,5,,293568,3,0,7 40 41,1,25,,293571,3,,,1,5,,293570,3,0,7 40 41,1,65,,293572,3,0,7 40 41,1,20,,293575,3,,,1,5,,293574,3,0,7 40 41,1,15,,293577,3,,,1,50,,293576,3,0,7 40 41,1,25,,293578,3,0,7 40 41,1,15,,293581,3,,,1,55,,293580,3,0,7 40 41,1,25,,293583,3,0,7 40 41,1,25,,293585,3,0,7 40 41,1,5,,293587,3,,,1,70,,293590,3,,,1,15,,293588,3,0,7 40 41,1,65,,293595,3,,,1,10,,293594,3,0,7 40 41,1,20,,293599,3,,,1,10,,293598,3,0,7 40 41,1,60,,293602,3,,,1,10,,293601,3,0,7 40 41,1,25,,293605,3,,,1,5,,293604,3,0,7 40 41,1,75,,293608,3,,,1,10,,293607,3,0,7 40 41,1,70,,293609,3,0,7 40 41,1,5,,293610,3,,,1,15,,293611,3,0,7 40 41,1,10,,293612,3,,,1,25,,293614,3,,,1,45,,293613,3,0,7 40 41,1,20,,293616,3,,,1,10,,293615,3,0,7 40 41,1,75,,293617,3,0,7 40 41,1,15,,293618,3,,,1,90,,293619,3,,,1
4101,'20261005',503,,293620,3,,,1,55,,293622,3,,,1,65,,293623,3,,,1,35,,293625,3,,,1,70,,293626,3,,,1,30,,293627,3,,,1,70,,293628,3,,,1,75,,293629,3,,,1,35,,293630,3,,,1,75,,293631,3,,,1,35,,293632,3,,,1,70,,293634,3,,,1,5,,293633,3,0,7 40 41,1,25,,293636,3,,,1,5,,293635,3,0,7 40 41,1,65,,293637,3,0,7 40 41,1,20,,293640,3,,,1,5,,293639,3,0,7 40 41,1,15,,293642,3,,,1,50,,293641,3,0,7 40 41,1,25,,293643,3,0,7 40 41,1,15,,293646,3,,,1,55,,293645,3,0,7 40 41,1,25,,293648,3,0,7 40 41,1,25,,293650,3,0,7 40 41,1,5,,293652,3,,,1,70,,293655,3,,,1,15,,293653,3,0,7 40 41,1,65,,293660,3,,,1,10,,293659,3,0,7 40 41,1,20,,293664,3,,,1,10,,293663,3,0,7 40 41,1,60,,293667,3,,,1,10,,293666,3,0,7 40 41,1,25,,293670,3,,,1,5,,293669,3,0,7 40 41,1,75,,293673,3,,,1,10,,293672,3,0,7 40 41,1,70,,293674,3,0,7 40 41,1,5,,293675,3,,,1,15,,293676,3,0,7 40 41,1,10,,293677,3,,,1,25,,293679,3,,,1,45,,293678,3,0,7 40 41,1,20,,293681,3,,,1,10,,293680,3,0,7 40 41,1,75,,293682,3,0,7 40 41,1,15,,293683,3,,,1,90,,293684,3,,,1
4101,'20261006',503,,293685,3,,,1,55,,293687,3,,,1,65,,293688,3,,,1,35,,293690,3,,,1,70,,293691,3,,,1,30,,293692,3,,,1,70,,293693,3,,,1,75,,293694,3,,,1,35,,293695,3,,,1,75,,293696,3,,,1,35,,293697,3,,,1,70,,293699,3,,,1,5,,293698,3,0,7 40 41,1,25,,293701,3,,,1,5,,293700,3,0,7 40 41,1,65,,293702,3,0,7 40 41,1,20,,293705,3,,,1,5,,293704,3,0,7 40 41,1,15,,293707,3,,,1,50,,293706,3,0,7 40 41,1,25,,293708,3,0,7 40 41,1,15,,293711,3,,,1,55,,293710,3,0,7 40 41,1,25,,293713,3,0,7 40 41,1,25,,293715,3,0,7 40 41,1,5,,293717,3,,,1,70,,293720,3,,,1,15,,293718,3,0,7 40 41,1,65,,293725,3,,,1,10,,293724,3,0,7 40 41,1,20,,293729,3,,,1,10,,293728,3,0,7 40 41,1,60,,293732,3,,,1,10,,293731,3,0,7 40 41,1,25,,293735,3,,,1,5,,293734,3,0,7 40 41,1,75,,293738,3,,,1,10,,293737,3,0,7 40 41,1,70,,293739,3,0,7 40 41,1,5,,293740,3,,,1,15,,293741,3,0,7 40 41,1,10,,293742,3,,,1,25,,293744,3,,,1,45,,293743,3,0,7 40 41,1,20,,293746,3,,,1,10,,293745,3,0,7 40 41,1,75,,293747,3,0,7 40 41,1,15,,293748,3,,,1,90,,293749,3,,,1
4101,'20261007',503,,293750,3,,,1,55,,293752,3,,,1,65,,293753,3,,,1,35,,293755,3,,,1,70,,293756,3,,,1,30,,293757,3,,,1,70,,293758,3,,,1,75,,293759,3,,,1,35,,293760,3,,,1,75,,293761,3,,,1,35,,293762,3,,,1,70,,293764,3,,,1,5,,293763,3,0,7 40 41,1,25,,293766,3,,,1,5,,293765,3,0,7 40 41,1,65,,293767,3,0,7 40 41,1,20,,293770,3,,,1,5,,293769,3,0,7 40 41,1,15,,293772,3,,,1,50,,293771,3,0,7 40 41,1,25,,293773,3,0,7 40 41,1,15,,293776,3,,,1,55,,293775,3,0,7 40 41,1,25,,293778,3,0,7 40 41,1,25,,293780,3,0,7 40 41,1,5,,293782,3,,,1,70,,293785,3,,,1,15,,293783,3,0,7 40 41,1,65,,293790,3,,,1,10,,293789,3,0,7 40 41,1,20,,293794,3,,,1,10,,293793,3,0,7 40 41,1,60,,293797,3,,,1,10,,293796,3,0,7 40 41,1,25,,293800,3,,,1,5,,293799,3,0,7 40 41,1,75,,293803,3,,,1,10,,293802,3,0,7 40 41,1,70,,293804,3,0,7 40 41,1,5,,293805,3,,,1,15,,293806,3,0,7 40 41,1,10,,293807,3,,,1,25,,293809,3,,,1,45,,293808,3,0,7 40 41,1,20,,293811,3,,,1,10,,293810,3,0,7 40 41,1,75,,293812,3,0,7 40 41,1,15,,293813,3,,,1,90,,293814,3,,,1
4101,'20261008',503,,293815,3,,,1,55,,293817,3,,,1,65,,293818,3,,,1,35,,293820,3,,,1,70,,293821,3,,,1,30,,293822,3,,,1,70,,293823,3,,,1,75,,293824,3,,,1,35,,293825,3,,,1,75,,293826,3,,,1,35,,293827,3,,,1,70,,293829,3,,,1,5,,293828,3,0,7 40 41,1,25,,293831,3,,,1,5,,293830,3,0,7 40 41,1,65,,293832,3,0,7 40 41,1,20,,293835,3,,,1,5,,293834,3,0,7 40 41,1,15,,293837,3,,,1,50,,293836,3,0,7 40 41,1,25,,293838,3,0,7 40 41,1,15,,293841,3,,,1,55,,293840,3,0,7 40 41,1,25,,293843,3,0,7 40 41,1,25,,293845,3,0,7 40 41,1,5,,293847,3,,,1,70,,293850,3,,,1,15,,293848,3,0,7 40 41,1,65,,293855,3,,,1,10,,293854,3,0,7 40 41,1,20,,293859,3,,,1,10,,293858,3,0,7 40 41,1,60,,293862,3,,,1,10,,293861,3,0,7 40 41,1,25,,293865,3,,,1,5,,293864,3,0,7 40 41,1,75,,293868,3,,,1,10,,293867,3,0,7 40 41,1,70,,293869,3,0,7 40 41,1,5,,293870,3,,,1,15,,293871,3,0,7 40 41,1,10,,293872,3,,,1,25,,293874,3,,,1,45,,293873,3,0,7 40 41,1,20,,293876,3,,,1,10,,293875,3,0,7 40 41,1,75,,293877,3,0,7 40 41,1,15,,293878,3,,,1,90,,293879,3,,,1
4101,'20261009',503,,293880,3,,,1,55,,293882,3,,,1,65,,293883,3,,,1,35,,293885,3,,,1,70,,293886,3,,,1,30,,293887,3,,,1,70,,293888,3,,,1,75,,293889,3,,,1,35,,293890,3,,,1,75,,293891,3,,,1,35,,293892,3,,,1,70,,293894,3,,,1,5,,293893,3,0,7 40 41,1,25,,293896,3,,,1,5,,293895,3,0,7 40 41,1,65,,293897,3,0,7 40 41,1,20,,293900,3,,,1,5,,293899,3,0,7 40 41,1,15,,293902,3,,,1,50,,293901,3,0,7 40 41,1,25,,293903,3,0,7 40 41,1,15,,293906,3,,,1,55,,293905,3,0,7 40 41,1,25,,293908,3,0,7 40 41,1,25,,293910,3,0,7 40 41,1,5,,293912,3,,,1,70,,293915,3,,,1,15,,293913,3,0,7 40 41,1,65,,293920,3,,,1,10,,293919,3,0,7 40 41,1,20,,293924,3,,,1,10,,293923,3,0,7 40 41,1,60,,293927,3,,,1,10,,293926,3,0,7 40 41,1,25,,293930,3,,,1,5,,293929,3,0,7 40 41,1,75,,293933,3,,,1,10,,293932,3,0,7 40 41,1,70,,293934,3,0,7 40 41,1,5,,293935,3,,,1,15,,293936,3,0,7 40 41,1,10,,293937,3,,,1,25,,293939,3,,,1,45,,293938,3,0,7 40 41,1,20,,293941,3,,,1,10,,293940,3,0,7 40 41,1,75,,293942,3,0,7 40 41,1,15,,293943,3,,,1,90,,293944,3,,,1
4101,'20261013',503,,293945,3,,,1,55,,293947,3,,,1,65,,293948,3,,,1,35,,293950,3,,,1,70,,293951,3,,,1,30,,293952,3,,,1,70,,293953,3,,,1,75,,293954,3,,,1,35,,293955,3,,,1,75,,293956,3,,,1,35,,293957,3,,,1,70,,293959,3,,,1,5,,293958,3,0,7 40 41,1,25,,293961,3,,,1,5,,293960,3,0,7 40 41,1,65,,293962,3,0,7 40 41,1,20,,293965,3,,,1,5,,293964,3,0,7 40 41,1,15,,293967,3,,,1,50,,293966,3,0,7 40 41,1,25,,293968,3,0,7 40 41,1,15,,293971,3,,,1,55,,293970,3,0,7 40 41,1,25,,293973,3,0,7 40 41,1,25,,293975,3,0,7 40 41,1,5,,293977,3,,,1,70,,293980,3,,,1,15,,293978,3,0,7 40 41,1,65,,293985,3,,,1,10,,293984,3,0,7 40 41,1,20,,293989,3,,,1,10,,293988,3,0,7 40 41,1,60,,293992,3,,,1,10,,293991,3,0,7 40 41,1,25,,293995,3,,,1,5,,293994,3,0,7 40 41,1,75,,293998,3,,,1,10,,293997,3,0,7 40 41,1,70,,293999,3,0,7 40 41,1,5,,294000,3,,,1,15,,294001,3,0,7 40 41,1,10,,294002,3,,,1,25,,294004,3,,,1,45,,294003,3,0,7 40 41,1,20,,294006,3,,,1,10,,294005,3,0,7 40 41,1,75,,294007,3,0,7 40 41,1,15,,294008,3,,,1,90,,294009,3,,,1
4101,'20261014',503,,294010,3,,,1,55,,294012,3,,,1,65,,294013,3,,,1,35,,294015,3,,,1,70,,294016,3,,,1,30,,294017,3,,,1,70,,294018,3,,,1,75,,294019,3,,,1,35,,294020,3,,,1,75,,294021,3,,,1,35,,294022,3,,,1,70,,294024,3,,,1,5,,294023,3,0,7 40 41,1,25,,294026,3,,,1,5,,294025,3,0,7 40 41,1,65,,294027,3,0,7 40 41,1,20,,294030,3,,,1,5,,294029,3,0,7 40 41,1,15,,294032,3,,,1,50,,294031,3,0,7 40 41,1,25,,294033,3,0,7 40 41,1,15,,294036,3,,,1,55,,294035,3,0,7 40 41,1,25,,294038,3,0,7 40 41,1,25,,294040,3,0,7 40 41,1,5,,294042,3,,,1,70,,294045,3,,,1,15,,294043,3,0,7 40 41,1,65,,294050,3,,,1,10,,294049,3,0,7 40 41,1,20,,294054,3,,,1,10,,294053,3,0,7 40 41,1,60,,294057,3,,,1,10,,294056,3,0,7 40 41,1,25,,294060,3,,,1,5,,294059,3,0,7 40 41,1,75,,294063,3,,,1,10,,294062,3,0,7 40 41,1,70,,294064,3,0,7 40 41,1,5,,294065,3,,,1,15,,294066,3,0,7 40 41,1,10,,294067,3,,,1,25,,294069,3,,,1,45,,294068,3,0,7 40 41,1,20,,294071,3,,,1,10,,294070,3,0,7 40 41,1,75,,294072,3,0,7 40 41,1,15,,294073,3,,,1,90,,294074,3,,,1
4101,'20261015',503,,294075,3,,,1,55,,294077,3,,,1,65,,294078,3,,,1,35,,294080,3,,,1,70,,294081,3,,,1,30,,294082,3,,,1,70,,294083,3,,,1,75,,294084,3,,,1,35,,294085,3,,,1,75,,294086,3,,,1,35,,294087,3,,,1,70,,294089,3,,,1,5,,294088,3,0,7 40 41,1,25,,294091,3,,,1,5,,294090,3,0,7 40 41,1,65,,294092,3,0,7 40 41,1,20,,294095,3,,,1,5,,294094,3,0,7 40 41,1,15,,294097,3,,,1,50,,294096,3,0,7 40 41,1,25,,294098,3,0,7 40 41,1,15,,294101,3,,,1,55,,294100,3,0,7 40 41,1,25,,294103,3,0,7 40 41,1,25,,294105,3,0,7 40 41,1,5,,294107,3,,,1,70,,294110,3,,,1,15,,294108,3,0,7 40 41,1,65,,294115,3,,,1,10,,294114,3,0,7 40 41,1,20,,294119,3,,,1,10,,294118,3,0,7 40 41,1,60,,294122,3,,,1,10,,294121,3,0,7 40 41,1,25,,294125,3,,,1,5,,294124,3,0,7 40 41,1,75,,294128,3,,,1,10,,294127,3,0,7 40 41,1,70,,294129,3,0,7 40 41,1,5,,294130,3,,,1,15,,294131,3,0,7 40 41,1,10,,294132,3,,,1,25,,294134,3,,,1,45,,294133,3,0,7 40 41,1,20,,294136,3,,,1,10,,294135,3,0,7 40 41,1,75,,294137,3,0,7 40 41,1,15,,294138,3,,,1,90,,294139,3,,,1
4101,'20261016',503,,294140,3,,,1,55,,294142,3,,,1,65,,294143,3,,,1,35,,294145,3,,,1,70,,294146,3,,,1,30,,294147,3,,,1,70,,294148,3,,,1,75,,294149,3,,,1,35,,294150,3,,,1,75,,294151,3,,,1,35,,294152,3,,,1,70,,294154,3,,,1,5,,294153,3,0,7 40 41,1,25,,294156,3,,,1,5,,294155,3,0,7 40 41,1,65,,294157,3,0,7 40 41,1,20,,294160,3,,,1,5,,294159,3,0,7 40 41,1,15,,294162,3,,,1,50,,294161,3,0,7 40 41,1,25,,294163,3,0,7 40 41,1,15,,294166,3,,,1,55,,294165,3,0,7 40 41,1,25,,294168,3,0,7 40 41,1,25,,294170,3,0,7 40 41,1,5,,294172,3,,,1,70,,294175,3,,,1,15,,294173,3,0,7 40 41,1,65,,294180,3,,,1,10,,294179,3,0,7 40 41,1,20,,294184,3,,,1,10,,294183,3,0,7 40 41,1,60,,294187,3,,,1,10,,294186,3,0,7 40 41,1,25,,294190,3,,,1,5,,294189,3,0,7 40 41,1,75,,294193,3,,,1,10,,294192,3,0,7 40 41,1,70,,294194,3,0,7 40 41,1,5,,294195,3,,,1,15,,294196,3,0,7 40 41,1,10,,294197,3,,,1,25,,294199,3,,,1,45,,294198,3,0,7 40 41,1,20,,294201,3,,,1,10,,294200,3,0,7 40 41,1,75,,294202,3,0,7 40 41,1,15,,294203,3,,,1,90,,294204,3,,,1
4101,'20261019',503,,294205,3,,,1,55,,294207,3,,,1,65,,294208,3,,,1,35,,294210,3,,,1,70,,294211,3,,,1,30,,294212,3,,,1,70,,294213,3,,,1,75,,294214,3,,,1,35,,294215,3,,,1,75,,294216,3,,,1,35,,294217,3,,,1,70,,294219,3,,,1,5,,294218,3,0,7 40 41,1,25,,294221,3,,,1,5,,294220,3,0,7 40 41,1,65,,294222,3,0,7 40 41,1,20,,294225,3,,,1,5,,294224,3,0,7 40 41,1,15,,294227,3,,,1,50,,294226,3,0,7 40 41,1,25,,294228,3,0,7 40 41,1,15,,294231,3,,,1,55,,294230,3,0,7 40 41,1,25,,294233,3,0,7 40 41,1,25,,294235,3,0,7 40 41,1,5,,294237,3,,,1,70,,294240,3,,,1,15,,294238,3,0,7 40 41,1,65,,294245,3,,,1,10,,294244,3,0,7 40 41,1,20,,294249,3,,,1,10,,294248,3,0,7 40 41,1,60,,294252,3,,,1,10,,294251,3,0,7 40 41,1,25,,294255,3,,,1,5,,294254,3,0,7 40 41,1,75,,294258,3,,,1,10,,294257,3,0,7 40 41,1,70,,294259,3,0,7 40 41,1,5,,294260,3,,,1,15,,294261,3,0,7 40 41,1,10,,294262,3,,,1,25,,294264,3,,,1,45,,294263,3,0,7 40 41,1,20,,294266,3,,,1,10,,294265,3,0,7 40 41,1,75,,294267,3,0,7 40 41,1,15,,294268,3,,,1,90,,294269,3,,,1
4101,'20261020',503,,294270,3,,,1,55,,294272,3,,,1,65,,294273,3,,,1,35,,294275,3,,,1,70,,294276,3,,,1,30,,294277,3,,,1,70,,294278,3,,,1,75,,294279,3,,,1,35,,294280,3,,,1,75,,294281,3,,,1,35,,294282,3,,,1,70,,294284,3,,,1,5,,294283,3,0,7 40 41,1,25,,294286,3,,,1,5,,294285,3,0,7 40 41,1,65,,294287,3,0,7 40 41,1,20,,294290,3,,,1,5,,294289,3,0,7 40 41,1,15,,294292,3,,,1,50,,294291,3,0,7 40 41,1,25,,294293,3,0,7 40 41,1,15,,294296,3,,,1,55,,294295,3,0,7 40 41,1,25,,294298,3,0,7 40 41,1,25,,294300,3,0,7 40 41,1,5,,294302,3,,,1,70,,294305,3,,,1,15,,294303,3,0,7 40 41,1,65,,294310,3,,,1,10,,294309,3,0,7 40 41,1,20,,294314,3,,,1,10,,294313,3,0,7 40 41,1,60,,294317,3,,,1,10,,294316,3,0,7 40 41,1,25,,294320,3,,,1,5,,294319,3,0,7 40 41,1,75,,294323,3,,,1,10,,294322,3,0,7 40 41,1,70,,294324,3,0,7 40 41,1,5,,294325,3,,,1,15,,294326,3,0,7 40 41,1,10,,294327,3,,,1,25,,294329,3,,,1,45,,294328,3,0,7 40 41,1,20,,294331,3,,,1,10,,294330,3,0,7 40 41,1,75,,294332,3,0,7 40 41,1,15,,294333,3,,,1,90,,294334,3,,,1
4101,'20261021',503,,294335,3,,,1,55,,294337,3,,,1,65,,294338,3,,,1,35,,294340,3,,,1,70,,294341,3,,,1,30,,294342,3,,,1,70,,294343,3,,,1,75,,294344,3,,,1,35,,294345,3,,,1,75,,294346,3,,,1,35,,294347,3,,,1,70,,294349,3,,,1,5,,294348,3,0,7 40 41,1,25,,294351,3,,,1,5,,294350,3,0,7 40 41,1,65,,294352,3,0,7 40 41,1,20,,294355,3,,,1,5,,294354,3,0,7 40 41,1,15,,294357,3,,,1,50,,294356,3,0,7 40 41,1,25,,294358,3,0,7 40 41,1,15,,294361,3,,,1,55,,294360,3,0,7 40 41,1,25,,294363,3,0,7 40 41,1,25,,294365,3,0,7 40 41,1,5,,294367,3,,,1,70,,294370,3,,,1,15,,294368,3,0,7 40 41,1,65,,294375,3,,,1,10,,294374,3,0,7 40 41,1,20,,294379,3,,,1,10,,294378,3,0,7 40 41,1,60,,294382,3,,,1,10,,294381,3,0,7 40 41,1,25,,294385,3,,,1,5,,294384,3,0,7 40 41,1,75,,294388,3,,,1,10,,294387,3,0,7 40 41,1,70,,294389,3,0,7 40 41,1,5,,294390,3,,,1,15,,294391,3,0,7 40 41,1,10,,294392,3,,,1,25,,294394,3,,,1,45,,294393,3,0,7 40 41,1,20,,294396,3,,,1,10,,294395,3,0,7 40 41,1,75,,294397,3,0,7 40 41,1,15,,294398,3,,,1,90,,294399,3,,,1
4101,'20261022',503,,294400,3,,,1,55,,294402,3,,,1,65,,294403,3,,,1,35,,294405,3,,,1,70,,294406,3,,,1,30,,294407,3,,,1,70,,294408,3,,,1,75,,294409,3,,,1,35,,294410,3,,,1,75,,294411,3,,,1,35,,294412,3,,,1,70,,294414,3,,,1,5,,294413,3,0,7 40 41,1,25,,294416,3,,,1,5,,294415,3,0,7 40 41,1,65,,294417,3,0,7 40 41,1,20,,294420,3,,,1,5,,294419,3,0,7 40 41,1,15,,294422,3,,,1,50,,294421,3,0,7 40 41,1,25,,294423,3,0,7 40 41,1,15,,294426,3,,,1,55,,294425,3,0,7 40 41,1,25,,294428,3,0,7 40 41,1,25,,294430,3,0,7 40 41,1,5,,294432,3,,,1,70,,294435,3,,,1,15,,294433,3,0,7 40 41,1,65,,294440,3,,,1,10,,294439,3,0,7 40 41,1,20,,294444,3,,,1,10,,294443,3,0,7 40 41,1,60,,294447,3,,,1,10,,294446,3,0,7 40 41,1,25,,294450,3,,,1,5,,294449,3,0,7 40 41,1,75,,294453,3,,,1,10,,294452,3,0,7 40 41,1,70,,294454,3,0,7 40 41,1,5,,294455,3,,,1,15,,294456,3,0,7 40 41,1,10,,294457,3,,,1,25,,294459,3,,,1,45,,294458,3,0,7 40 41,1,20,,294461,3,,,1,10,,294460,3,0,7 40 41,1,75,,294462,3,0,7 40 41,1,15,,294463,3,,,1,90,,294464,3,,,1
4101,'20261023',503,,294465,3,,,1,55,,294467,3,,,1,65,,294468,3,,,1,35,,294470,3,,,1,70,,294471,3,,,1,30,,294472,3,,,1,70,,294473,3,,,1,75,,294474,3,,,1,35,,294475,3,,,1,75,,294476,3,,,1,35,,294477,3,,,1,70,,294479,3,,,1,5,,294478,3,0,7 40 41,1,25,,294481,3,,,1,5,,294480,3,0,7 40 41,1,65,,294482,3,0,7 40 41,1,20,,294485,3,,,1,5,,294484,3,0,7 40 41,1,15,,294487,3,,,1,50,,294486,3,0,7 40 41,1,25,,294488,3,0,7 40 41,1,15,,294491,3,,,1,55,,294490,3,0,7 40 41,1,25,,294493,3,0,7 40 41,1,25,,294495,3,0,7 40 41,1,5,,294497,3,,,1,70,,294500,3,,,1,15,,294498,3,0,7 40 41,1,65,,294505,3,,,1,10,,294504,3,0,7 40 41,1,20,,294509,3,,,1,10,,294508,3,0,7 40 41,1,60,,294512,3,,,1,10,,294511,3,0,7 40 41,1,25,,294515,3,,,1,5,,294514,3,0,7 40 41,1,75,,294518,3,,,1,10,,294517,3,0,7 40 41,1,70,,294519,3,0,7 40 41,1,5,,294520,3,,,1,15,,294521,3,0,7 40 41,1,10,,294522,3,,,1,25,,294524,3,,,1,45,,294523,3,0,7 40 41,1,20,,294526,3,,,1,10,,294525,3,0,7 40 41,1,75,,294527,3,0,7 40 41,1,15,,294528,3,,,1,90,,294529,3,,,1
4101,'20261026',503,,294530,3,,,1,55,,294532,3,,,1,65,,294533,3,,,1,35,,294535,3,,,1,70,,294536,3,,,1,30,,294537,3,,,1,70,,294538,3,,,1,75,,294539,3,,,1,35,,294540,3,,,1,75,,294541,3,,,1,35,,294542,3,,,1,70,,294544,3,,,1,5,,294543,3,0,7 40 41,1,25,,294546,3,,,1,5,,294545,3,0,7 40 41,1,65,,294547,3,0,7 40 41,1,20,,294550,3,,,1,5,,294549,3,0,7 40 41,1,15,,294552,3,,,1,50,,294551,3,0,7 40 41,1,25,,294553,3,0,7 40 41,1,15,,294556,3,,,1,55,,294555,3,0,7 40 41,1,25,,294558,3,0,7 40 41,1,25,,294560,3,0,7 40 41,1,5,,294562,3,,,1,70,,294565,3,,,1,15,,294563,3,0,7 40 41,1,65,,294570,3,,,1,10,,294569,3,0,7 40 41,1,20,,294574,3,,,1,10,,294573,3,0,7 40 41,1,60,,294577,3,,,1,10,,294576,3,0,7 40 41,1,25,,294580,3,,,1,5,,294579,3,0,7 40 41,1,75,,294583,3,,,1,10,,294582,3,0,7 40 41,1,70,,294584,3,0,7 40 41,1,5,,294585,3,,,1,15,,294586,3,0,7 40 41,1,10,,294587,3,,,1,25,,294589,3,,,1,45,,294588,3,0,7 40 41,1,20,,294591,3,,,1,10,,294590,3,0,7 40 41,1,75,,294592,3,0,7 40 41,1,15,,294593,3,,,1,90,,294594,3,,,1
4101,'20261027',503,,294595,3,,,1,55,,294597,3,,,1,65,,294598,3,,,1,35,,294600,3,,,1,70,,294601,3,,,1,30,,294602,3,,,1,70,,294603,3,,,1,75,,294604,3,,,1,35,,294605,3,,,1,75,,294606,3,,,1,35,,294607,3,,,1,70,,294609,3,,,1,5,,294608,3,0,7 40 41,1,25,,294611,3,,,1,5,,294610,3,0,7 40 41,1,65,,294612,3,0,7 40 41,1,20,,294615,3,,,1,5,,294614,3,0,7 40 41,1,15,,294617,3,,,1,50,,294616,3,0,7 40 41,1,25,,294618,3,0,7 40 41,1,15,,294621,3,,,1,55,,294620,3,0,7 40 41,1,25,,294623,3,0,7 40 41,1,25,,294625,3,0,7 40 41,1,5,,294627,3,,,1,70,,294630,3,,,1,15,,294628,3,0,7 40 41,1,65,,294635,3,,,1,10,,294634,3,0,7 40 41,1,20,,294639,3,,,1,10,,294638,3,0,7 40 41,1,60,,294642,3,,,1,10,,294641,3,0,7 40 41,1,25,,294645,3,,,1,5,,294644,3,0,7 40 41,1,75,,294648,3,,,1,10,,294647,3,0,7 40 41,1,70,,294649,3,0,7 40 41,1,5,,294650,3,,,1,15,,294651,3,0,7 40 41,1,10,,294652,3,,,1,25,,294654,3,,,1,45,,294653,3,0,7 40 41,1,20,,294656,3,,,1,10,,294655,3,0,7 40 41,1,75,,294657,3,0,7 40 41,1,15,,294658,3,,,1,90,,294659,3,,,1
4101,'20261028',503,,294660,3,,,1,55,,294662,3,,,1,65,,294663,3,,,1,35,,294665,3,,,1,70,,294666,3,,,1,30,,294667,3,,,1,70,,294668,3,,,1,75,,294669,3,,,1,35,,294670,3,,,1,75,,294671,3,,,1,35,,294672,3,,,1,70,,294674,3,,,1,5,,294673,3,0,7 40 41,1,25,,294676,3,,,1,5,,294675,3,0,7 40 41,1,65,,294677,3,0,7 40 41,1,20,,294680,3,,,1,5,,294679,3,0,7 40 41,1,15,,294682,3,,,1,50,,294681,3,0,7 40 41,1,25,,294683,3,0,7 40 41,1,15,,294686,3,,,1,55,,294685,3,0,7 40 41,1,25,,294688,3,0,7 40 41,1,25,,294690,3,0,7 40 41,1,5,,294692,3,,,1,70,,294695,3,,,1,15,,294693,3,0,7 40 41,1,65,,294700,3,,,1,10,,294699,3,0,7 40 41,1,20,,294704,3,,,1,10,,294703,3,0,7 40 41,1,60,,294707,3,,,1,10,,294706,3,0,7 40 41,1,25,,294710,3,,,1,5,,294709,3,0,7 40 41,1,75,,294713,3,,,1,10,,294712,3,0,7 40 41,1,70,,294714,3,0,7 40 41,1,5,,294715,3,,,1,15,,294716,3,0,7 40 41,1,10,,294717,3,,,1,25,,294719,3,,,1,45,,294718,3,0,7 40 41,1,20,,294721,3,,,1,10,,294720,3,0,7 40 41,1,75,,294722,3,0,7 40 41,1,15,,294723,3,,,1,90,,294724,3,,,1
4101,'20261029',503,,294725,3,,,1,55,,294727,3,,,1,65,,294728,3,,,1,35,,294730,3,,,1,70,,294731,3,,,1,30,,294732,3,,,1,70,,294733,3,,,1,75,,294734,3,,,1,35,,294735,3,,,1,75,,294736,3,,,1,35,,294737,3,,,1,70,,294739,3,,,1,5,,294738,3,0,7 40 41,1,25,,294741,3,,,1,5,,294740,3,0,7 40 41,1,65,,294742,3,0,7 40 41,1,20,,294745,3,,,1,5,,294744,3,0,7 40 41,1,15,,294747,3,,,1,50,,294746,3,0,7 40 41,1,25,,294748,3,0,7 40 41,1,15,,294751,3,,,1,55,,294750,3,0,7 40 41,1,25,,294753,3,0,7 40 41,1,25,,294755,3,0,7 40 41,1,5,,294757,3,,,1,70,,294760,3,,,1,15,,294758,3,0,7 40 41,1,65,,294765,3,,,1,10,,294764,3,0,7 40 41,1,20,,294769,3,,,1,10,,294768,3,0,7 40 41,1,60,,294772,3,,,1,10,,294771,3,0,7 40 41,1,25,,294775,3,,,1,5,,294774,3,0,7 40 41,1,75,,294778,3,,,1,10,,294777,3,0,7 40 41,1,70,,294779,3,0,7 40 41,1,5,,294780,3,,,1,15,,294781,3,0,7 40 41,1,10,,294782,3,,,1,25,,294784,3,,,1,45,,294783,3,0,7 40 41,1,20,,294786,3,,,1,10,,294785,3,0,7 40 41,1,75,,294787,3,0,7 40 41,1,15,,294788,3,,,1,90,,294789,3,,,1
4101,'20261030',503,,294790,3,,,1,55,,294792,3,,,1,65,,294793,3,,,1,35,,294795,3,,,1,70,,294796,3,,,1,30,,294797,3,,,1,70,,294798,3,,,1,75,,294799,3,,,1,35,,294800,3,,,1,75,,294801,3,,,1,35,,294802,3,,,1,70,,294804,3,,,1,5,,294803,3,0,7 40 41,1,25,,294806,3,,,1,5,,294805,3,0,7 40 41,1,65,,294807,3,0,7 40 41,1,20,,294810,3,,,1,5,,294809,3,0,7 40 41,1,15,,294812,3,,,1,50,,294811,3,0,7 40 41,1,25,,294813,3,0,7 40 41,1,15,,294816,3,,,1,55,,294815,3,0,7 40 41,1,25,,294818,3,0,7 40 41,1,25,,294820,3,0,7 40 41,1,5,,294822,3,,,1,70,,294825,3,,,1,15,,294823,3,0,7 40 41,1,65,,294830,3,,,1,10,,294829,3,0,7 40 41,1,20,,294834,3,,,1,10,,294833,3,0,7 40 41,1,60,,294837,3,,,1,10,,294836,3,0,7 40 41,1,25,,294840,3,,,1,5,,294839,3,0,7 40 41,1,75,,294843,3,,,1,10,,294842,3,0,7 40 41,1,70,,294844,3,0,7 40 41,1,5,,294845,3,,,1,15,,294846,3,0,7 40 41,1,10,,294847,3,,,1,25,,294849,3,,,1,45,,294848,3,0,7 40 41,1,20,,294851,3,,,1,10,,294850,3,0,7 40 41,1,75,,294852,3,0,7 40 41,1,15,,294853,3,,,1,90,,294854,3,,,1
4101,'20261102',503,,294855,3,,,1,55,,294857,3,,,1,65,,294858,3,,,1,35,,294860,3,,,1,70,,294861,3,,,1,30,,294862,3,,,1,70,,294863,3,,,1,75,,294864,3,,,1,35,,294865,3,,,1,75,,294866,3,,,1,35,,294867,3,,,1,70,,294869,3,,,1,5,,294868,3,0,7 40 41,1,25,,294871,3,,,1,5,,294870,3,0,7 40 41,1,65,,294872,3,0,7 40 41,1,20,,294875,3,,,1,5,,294874,3,0,7 40 41,1,15,,294877,3,,,1,50,,294876,3,0,7 40 41,1,25,,294878,3,0,7 40 41,1,15,,294881,3,,,1,55,,294880,3,0,7 40 41,1,25,,294883,3,0,7 40 41,1,25,,294885,3,0,7 40 41,1,5,,294887,3,,,1,70,,294890,3,,,1,15,,294888,3,0,7 40 41,1,65,,294895,3,,,1,10,,294894,3,0,7 40 41,1,20,,294899,3,,,1,10,,294898,3,0,7 40 41,1,60,,294902,3,,,1,10,,294901,3,0,7 40 41,1,25,,294905,3,,,1,5,,294904,3,0,7 40 41,1,75,,294908,3,,,1,10,,294907,3,0,7 40 41,1,70,,294909,3,0,7 40 41,1,5,,294910,3,,,1,15,,294911,3,0,7 40 41,1,10,,294912,3,,,1,25,,294914,3,,,1,45,,294913,3,0,7 40 41,1,20,,294916,3,,,1,10,,294915,3,0,7 40 41,1,75,,294917,3,0,7 40 41,1,15,,294918,3,,,1,90,,294919,3,,,1
4101,'20261103',503,,294920,3,,,1,55,,294922,3,,,1,65,,294923,3,,,1,35,,294925,3,,,1,70,,294926,3,,,1,30,,294927,3,,,1,70,,294928,3,,,1,75,,294929,3,,,1,35,,294930,3,,,1,75,,294931,3,,,1,35,,294932,3,,,1,70,,294934,3,,,1,5,,294933,3,0,7 40 41,1,25,,294936,3,,,1,5,,294935,3,0,7 40 41,1,65,,294937,3,0,7 40 41,1,20,,294940,3,,,1,5,,294939,3,0,7 40 41,1,15,,294942,3,,,1,50,,294941,3,0,7 40 41,1,25,,294943,3,0,7 40 41,1,15,,294946,3,,,1,55,,294945,3,0,7 40 41,1,25,,294948,3,0,7 40 41,1,25,,294950,3,0,7 40 41,1,5,,294952,3,,,1,70,,294955,3,,,1,15,,294953,3,0,7 40 41,1,65,,294960,3,,,1,10,,294959,3,0,7 40 41,1,20,,294964,3,,,1,10,,294963,3,0,7 40 41,1,60,,294967,3,,,1,10,,294966,3,0,7 40 41,1,25,,294970,3,,,1,5,,294969,3,0,7 40 41,1,75,,294973,3,,,1,10,,294972,3,0,7 40 41,1,70,,294974,3,0,7 40 41,1,5,,294975,3,,,1,15,,294976,3,0,7 40 41,1,10,,294977,3,,,1,25,,294979,3,,,1,45,,294978,3,0,7 40 41,1,20,,294981,3,,,1,10,,294980,3,0,7 40 41,1,75,,294982,3,0,7 40 41,1,15,,294983,3,,,1,90,,294984,3,,,1
4101,'20261104',503,,294985,3,,,1,55,,294987,3,,,1,65,,294988,3,,,1,35,,294990,3,,,1,70,,294991,3,,,1,30,,294992,3,,,1,70,,294993,3,,,1,75,,294994,3,,,1,35,,294995,3,,,1,75,,294996,3,,,1,35,,294997,3,,,1,70,,294999,3,,,1,5,,294998,3,0,7 40 41,1,25,,295001,3,,,1,5,,295000,3,0,7 40 41,1,65,,295002,3,0,7 40 41,1,20,,295005,3,,,1,5,,295004,3,0,7 40 41,1,15,,295007,3,,,1,50,,295006,3,0,7 40 41,1,25,,295008,3,0,7 40 41,1,15,,295011,3,,,1,55,,295010,3,0,7 40 41,1,25,,295013,3,0,7 40 41,1,25,,295015,3,0,7 40 41,1,5,,295017,3,,,1,70,,295020,3,,,1,15,,295018,3,0,7 40 41,1,65,,295025,3,,,1,10,,295024,3,0,7 40 41,1,20,,295029,3,,,1,10,,295028,3,0,7 40 41,1,60,,295032,3,,,1,10,,295031,3,0,7 40 41,1,25,,295035,3,,,1,5,,295034,3,0,7 40 41,1,75,,295038,3,,,1,10,,295037,3,0,7 40 41,1,70,,295039,3,0,7 40 41,1,5,,295040,3,,,1,15,,295041,3,0,7 40 41,1,10,,295042,3,,,1,25,,295044,3,,,1,45,,295043,3,0,7 40 41,1,20,,295046,3,,,1,10,,295045,3,0,7 40 41,1,75,,295047,3,0,7 40 41,1,15,,295048,3,,,1,90,,295049,3,,,1
4101,'20261105',503,,295050,3,,,1,55,,295052,3,,,1,65,,295053,3,,,1,35,,295055,3,,,1,70,,295056,3,,,1,30,,295057,3,,,1,70,,295058,3,,,1,75,,295059,3,,,1,35,,295060,3,,,1,75,,295061,3,,,1,35,,295062,3,,,1,70,,295064,3,,,1,5,,295063,3,0,7 40 41,1,25,,295066,3,,,1,5,,295065,3,0,7 40 41,1,65,,295067,3,0,7 40 41,1,20,,295070,3,,,1,5,,295069,3,0,7 40 41,1,15,,295072,3,,,1,50,,295071,3,0,7 40 41,1,25,,295073,3,0,7 40 41,1,15,,295076,3,,,1,55,,295075,3,0,7 40 41,1,25,,295078,3,0,7 40 41,1,25,,295080,3,0,7 40 41,1,5,,295082,3,,,1,70,,295085,3,,,1,15,,295083,3,0,7 40 41,1,65,,295090,3,,,1,10,,295089,3,0,7 40 41,1,20,,295094,3,,,1,10,,295093,3,0,7 40 41,1,60,,295097,3,,,1,10,,295096,3,0,7 40 41,1,25,,295100,3,,,1,5,,295099,3,0,7 40 41,1,75,,295103,3,,,1,10,,295102,3,0,7 40 41,1,70,,295104,3,0,7 40 41,1,5,,295105,3,,,1,15,,295106,3,0,7 40 41,1,10,,295107,3,,,1,25,,295109,3,,,1,45,,295108,3,0,7 40 41,1,20,,295111,3,,,1,10,,295110,3,0,7 40 41,1,75,,295112,3,0,7 40 41,1,15,,295113,3,,,1,90,,295114,3,,,1
4101,'20261106',503,,295115,3,,,1,55,,295117,3,,,1,65,,295118,3,,,1,35,,295120,3,,,1,70,,295121,3,,,1,30,,295122,3,,,1,70,,295123,3,,,1,75,,295124,3,,,1,35,,295125,3,,,1,75,,295126,3,,,1,35,,295127,3,,,1,70,,295129,3,,,1,5,,295128,3,0,7 40 41,1,25,,295131,3,,,1,5,,295130,3,0,7 40 41,1,65,,295132,3,0,7 40 41,1,20,,295135,3,,,1,5,,295134,3,0,7 40 41,1,15,,295137,3,,,1,50,,295136,3,0,7 40 41,1,25,,295138,3,0,7 40 41,1,15,,295141,3,,,1,55,,295140,3,0,7 40 41,1,25,,295143,3,0,7 40 41,1,25,,295145,3,0,7 40 41,1,5,,295147,3,,,1,70,,295150,3,,,1,15,,295148,3,0,7 40 41,1,65,,295155,3,,,1,10,,295154,3,0,7 40 41,1,20,,295159,3,,,1,10,,295158,3,0,7 40 41,1,60,,295162,3,,,1,10,,295161,3,0,7 40 41,1,25,,295165,3,,,1,5,,295164,3,0,7 40 41,1,75,,295168,3,,,1,10,,295167,3,0,7 40 41,1,70,,295169,3,0,7 40 41,1,5,,295170,3,,,1,15,,295171,3,0,7 40 41,1,10,,295172,3,,,1,25,,295174,3,,,1,45,,295173,3,0,7 40 41,1,20,,295176,3,,,1,10,,295175,3,0,7 40 41,1,75,,295177,3,0,7 40 41,1,15,,295178,3,,,1,90,,295179,3,,,1
4101,'20261109',503,,295180,3,,,1,55,,295182,3,,,1,65,,295183,3,,,1,35,,295185,3,,,1,70,,295186,3,,,1,30,,295187,3,,,1,70,,295188,3,,,1,75,,295189,3,,,1,35,,295190,3,,,1,75,,295191,3,,,1,35,,295192,3,,,1,70,,295194,3,,,1,5,,295193,3,0,7 40 41,1,25,,295196,3,,,1,5,,295195,3,0,7 40 41,1,65,,295197,3,0,7 40 41,1,20,,295200,3,,,1,5,,295199,3,0,7 40 41,1,15,,295202,3,,,1,50,,295201,3,0,7 40 41,1,25,,295203,3,0,7 40 41,1,15,,295206,3,,,1,55,,295205,3,0,7 40 41,1,25,,295208,3,0,7 40 41,1,25,,295210,3,0,7 40 41,1,5,,295212,3,,,1,70,,295215,3,,,1,15,,295213,3,0,7 40 41,1,65,,295220,3,,,1,10,,295219,3,0,7 40 41,1,20,,295224,3,,,1,10,,295223,3,0,7 40 41,1,60,,295227,3,,,1,10,,295226,3,0,7 40 41,1,25,,295230,3,,,1,5,,295229,3,0,7 40 41,1,75,,295233,3,,,1,10,,295232,3,0,7 40 41,1,70,,295234,3,0,7 40 41,1,5,,295235,3,,,1,15,,295236,3,0,7 40 41,1,10,,295237,3,,,1,25,,295239,3,,,1,45,,295238,3,0,7 40 41,1,20,,295241,3,,,1,10,,295240,3,0,7 40 41,1,75,,295242,3,0,7 40 41,1,15,,295243,3,,,1,90,,295244,3,,,1
4101,'20261110',503,,295245,3,,,1,55,,295247,3,,,1,65,,295248,3,,,1,35,,295250,3,,,1,70,,295251,3,,,1,30,,295252,3,,,1,70,,295253,3,,,1,75,,295254,3,,,1,35,,295255,3,,,1,75,,295256,3,,,1,35,,295257,3,,,1,70,,295259,3,,,1,5,,295258,3,0,7 40 41,1,25,,295261,3,,,1,5,,295260,3,0,7 40 41,1,65,,295262,3,0,7 40 41,1,20,,295265,3,,,1,5,,295264,3,0,7 40 41,1,15,,295267,3,,,1,50,,295266,3,0,7 40 41,1,25,,295268,3,0,7 40 41,1,15,,295271,3,,,1,55,,295270,3,0,7 40 41,1,25,,295273,3,0,7 40 41,1,25,,295275,3,0,7 40 41,1,5,,295277,3,,,1,70,,295280,3,,,1,15,,295278,3,0,7 40 41,1,65,,295285,3,,,1,10,,295284,3,0,7 40 41,1,20,,295289,3,,,1,10,,295288,3,0,7 40 41,1,60,,295292,3,,,1,10,,295291,3,0,7 40 41,1,25,,295295,3,,,1,5,,295294,3,0,7 40 41,1,75,,295298,3,,,1,10,,295297,3,0,7 40 41,1,70,,295299,3,0,7 40 41,1,5,,295300,3,,,1,15,,295301,3,0,7 40 41,1,10,,295302,3,,,1,25,,295304,3,,,1,45,,295303,3,0,7 40 41,1,20,,295306,3,,,1,10,,295305,3,0,7 40 41,1,75,,295307,3,0,7 40 41,1,15,,295308,3,,,1,90,,295309,3,,,1
4101,'20261111',503,,295310,3,,,1,55,,295312,3,,,1,65,,295313,3,,,1,35,,295315,3,,,1,70,,295316,3,,,1,30,,295317,3,,,1,70,,295318,3,,,1,75,,295319,3,,,1,35,,295320,3,,,1,75,,295321,3,,,1,35,,295322,3,,,1,70,,295324,3,,,1,5,,295323,3,0,7 40 41,1,25,,295326,3,,,1,5,,295325,3,0,7 40 41,1,65,,295327,3,0,7 40 41,1,20,,295330,3,,,1,5,,295329,3,0,7 40 41,1,15,,295332,3,,,1,50,,295331,3,0,7 40 41,1,25,,295333,3,0,7 40 41,1,15,,295336,3,,,1,55,,295335,3,0,7 40 41,1,25,,295338,3,0,7 40 41,1,25,,295340,3,0,7 40 41,1,5,,295342,3,,,1,70,,295345,3,,,1,15,,295343,3,0,7 40 41,1,65,,295350,3,,,1,10,,295349,3,0,7 40 41,1,20,,295354,3,,,1,10,,295353,3,0,7 40 41,1,60,,295357,3,,,1,10,,295356,3,0,7 40 41,1,25,,295360,3,,,1,5,,295359,3,0,7 40 41,1,75,,295363,3,,,1,10,,295362,3,0,7 40 41,1,70,,295364,3,0,7 40 41,1,5,,295365,3,,,1,15,,295366,3,0,7 40 41,1,10,,295367,3,,,1,25,,295369,3,,,1,45,,295368,3,0,7 40 41,1,20,,295371,3,,,1,10,,295370,3,0,7 40 41,1,75,,295372,3,0,7 40 41,1,15,,295373,3,,,1,90,,295374,3,,,1
4101,'20261112',503,,295375,3,,,1,55,,295377,3,,,1,65,,295378,3,,,1,35,,295380,3,,,1,70,,295381,3,,,1,30,,295382,3,,,1,70,,295383,3,,,1,75,,295384,3,,,1,35,,295385,3,,,1,75,,295386,3,,,1,35,,295387,3,,,1,70,,295389,3,,,1,5,,295388,3,0,7 40 41,1,25,,295391,3,,,1,5,,295390,3,0,7 40 41,1,65,,295392,3,0,7 40 41,1,20,,295395,3,,,1,5,,295394,3,0,7 40 41,1,15,,295397,3,,,1,50,,295396,3,0,7 40 41,1,25,,295398,3,0,7 40 41,1,15,,295401,3,,,1,55,,295400,3,0,7 40 41,1,25,,295403,3,0,7 40 41,1,25,,295405,3,0,7 40 41,1,5,,295407,3,,,1,70,,295410,3,,,1,15,,295408,3,0,7 40 41,1,65,,295415,3,,,1,10,,295414,3,0,7 40 41,1,20,,295419,3,,,1,10,,295418,3,0,7 40 41,1,60,,295422,3,,,1,10,,295421,3,0,7 40 41,1,25,,295425,3,,,1,5,,295424,3,0,7 40 41,1,75,,295428,3,,,1,10,,295427,3,0,7 40 41,1,70,,295429,3,0,7 40 41,1,5,,295430,3,,,1,15,,295431,3,0,7 40 41,1,10,,295432,3,,,1,25,,295434,3,,,1,45,,295433,3,0,7 40 41,1,20,,295436,3,,,1,10,,295435,3,0,7 40 41,1,75,,295437,3,0,7 40 41,1,15,,295438,3,,,1,90,,295439,3,,,1
4101,'20261113',503,,295440,3,,,1,55,,295442,3,,,1,65,,295443,3,,,1,35,,295445,3,,,1,70,,295446,3,,,1,30,,295447,3,,,1,70,,295448,3,,,1,75,,295449,3,,,1,35,,295450,3,,,1,75,,295451,3,,,1,35,,295452,3,,,1,70,,295454,3,,,1,5,,295453,3,0,7 40 41,1,25,,295456,3,,,1,5,,295455,3,0,7 40 41,1,65,,295457,3,0,7 40 41,1,20,,295460,3,,,1,5,,295459,3,0,7 40 41,1,15,,295462,3,,,1,50,,295461,3,0,7 40 41,1,25,,295463,3,0,7 40 41,1,15,,295466,3,,,1,55,,295465,3,0,7 40 41,1,25,,295468,3,0,7 40 41,1,25,,295470,3,0,7 40 41,1,5,,295472,3,,,1,70,,295475,3,,,1,15,,295473,3,0,7 40 41,1,65,,295480,3,,,1,10,,295479,3,0,7 40 41,1,20,,295484,3,,,1,10,,295483,3,0,7 40 41,1,60,,295487,3,,,1,10,,295486,3,0,7 40 41,1,25,,295490,3,,,1,5,,295489,3,0,7 40 41,1,75,,295493,3,,,1,10,,295492,3,0,7 40 41,1,70,,295494,3,0,7 40 41,1,5,,295495,3,,,1,15,,295496,3,0,7 40 41,1,10,,295497,3,,,1,25,,295499,3,,,1,45,,295498,3,0,7 40 41,1,20,,295501,3,,,1,10,,295500,3,0,7 40 41,1,75,,295502,3,0,7 40 41,1,15,,295503,3,,,1,90,,295504,3,,,1
4101,'20261116',503,,295505,3,,,1,55,,295507,3,,,1,65,,295508,3,,,1,35,,295510,3,,,1,70,,295511,3,,,1,30,,295512,3,,,1,70,,295513,3,,,1,75,,295514,3,,,1,35,,295515,3,,,1,75,,295516,3,,,1,35,,295517,3,,,1,70,,295519,3,,,1,5,,295518,3,0,7 40 41,1,25,,295521,3,,,1,5,,295520,3,0,7 40 41,1,65,,295522,3,0,7 40 41,1,20,,295525,3,,,1,5,,295524,3,0,7 40 41,1,15,,295527,3,,,1,50,,295526,3,0,7 40 41,1,25,,295528,3,0,7 40 41,1,15,,295531,3,,,1,55,,295530,3,0,7 40 41,1,25,,295533,3,0,7 40 41,1,25,,295535,3,0,7 40 41,1,5,,295537,3,,,1,70,,295540,3,,,1,15,,295538,3,0,7 40 41,1,65,,295545,3,,,1,10,,295544,3,0,7 40 41,1,20,,295549,3,,,1,10,,295548,3,0,7 40 41,1,60,,295552,3,,,1,10,,295551,3,0,7 40 41,1,25,,295555,3,,,1,5,,295554,3,0,7 40 41,1,75,,295558,3,,,1,10,,295557,3,0,7 40 41,1,70,,295559,3,0,7 40 41,1,5,,295560,3,,,1,15,,295561,3,0,7 40 41,1,10,,295562,3,,,1,25,,295564,3,,,1,45,,295563,3,0,7 40 41,1,20,,295566,3,,,1,10,,295565,3,0,7 40 41,1,75,,295567,3,0,7 40 41,1,15,,295568,3,,,1,90,,295569,3,,,1
4101,'20261117',503,,295570,3,,,1,55,,295572,3,,,1,65,,295573,3,,,1,35,,295575,3,,,1,70,,295576,3,,,1,30,,295577,3,,,1,70,,295578,3,,,1,75,,295579,3,,,1,35,,295580,3,,,1,75,,295581,3,,,1,35,,295582,3,,,1,70,,295584,3,,,1,5,,295583,3,0,7 40 41,1,25,,295586,3,,,1,5,,295585,3,0,7 40 41,1,65,,295587,3,0,7 40 41,1,20,,295590,3,,,1,5,,295589,3,0,7 40 41,1,15,,295592,3,,,1,50,,295591,3,0,7 40 41,1,25,,295593,3,0,7 40 41,1,15,,295596,3,,,1,55,,295595,3,0,7 40 41,1,25,,295598,3,0,7 40 41,1,25,,295600,3,0,7 40 41,1,5,,295602,3,,,1,70,,295605,3,,,1,15,,295603,3,0,7 40 41,1,65,,295610,3,,,1,10,,295609,3,0,7 40 41,1,20,,295614,3,,,1,10,,295613,3,0,7 40 41,1,60,,295617,3,,,1,10,,295616,3,0,7 40 41,1,25,,295620,3,,,1,5,,295619,3,0,7 40 41,1,75,,295623,3,,,1,10,,295622,3,0,7 40 41,1,70,,295624,3,0,7 40 41,1,5,,295625,3,,,1,15,,295626,3,0,7 40 41,1,10,,295627,3,,,1,25,,295629,3,,,1,45,,295628,3,0,7 40 41,1,20,,295631,3,,,1,10,,295630,3,0,7 40 41,1,75,,295632,3,0,7 40 41,1,15,,295633,3,,,1,90,,295634,3,,,1
4101,'20261118',503,,295635,3,,,1,55,,295637,3,,,1,65,,295638,3,,,1,35,,295640,3,,,1,70,,295641,3,,,1,30,,295642,3,,,1,70,,295643,3,,,1,75,,295644,3,,,1,35,,295645,3,,,1,75,,295646,3,,,1,35,,295647,3,,,1,70,,295649,3,,,1,5,,295648,3,0,7 40 41,1,25,,295651,3,,,1,5,,295650,3,0,7 40 41,1,65,,295652,3,0,7 40 41,1,20,,295655,3,,,1,5,,295654,3,0,7 40 41,1,15,,295657,3,,,1,50,,295656,3,0,7 40 41,1,25,,295658,3,0,7 40 41,1,15,,295661,3,,,1,55,,295660,3,0,7 40 41,1,25,,295663,3,0,7 40 41,1,25,,295665,3,0,7 40 41,1,5,,295667,3,,,1,70,,295670,3,,,1,15,,295668,3,0,7 40 41,1,65,,295675,3,,,1,10,,295674,3,0,7 40 41,1,20,,295679,3,,,1,10,,295678,3,0,7 40 41,1,60,,295682,3,,,1,10,,295681,3,0,7 40 41,1,25,,295685,3,,,1,5,,295684,3,0,7 40 41,1,75,,295688,3,,,1,10,,295687,3,0,7 40 41,1,70,,295689,3,0,7 40 41,1,5,,295690,3,,,1,15,,295691,3,0,7 40 41,1,10,,295692,3,,,1,25,,295694,3,,,1,45,,295693,3,0,7 40 41,1,20,,295696,3,,,1,10,,295695,3,0,7 40 41,1,75,,295697,3,0,7 40 41,1,15,,295698,3,,,1,90,,295699,3,,,1
4101,'20261119',503,,295700,3,,,1,55,,295702,3,,,1,65,,295703,3,,,1,35,,295705,3,,,1,70,,295706,3,,,1,30,,295707,3,,,1,70,,295708,3,,,1,75,,295709,3,,,1,35,,295710,3,,,1,75,,295711,3,,,1,35,,295712,3,,,1,70,,295714,3,,,1,5,,295713,3,0,7 40 41,1,25,,295716,3,,,1,5,,295715,3,0,7 40 41,1,65,,295717,3,0,7 40 41,1,20,,295720,3,,,1,5,,295719,3,0,7 40 41,1,15,,295722,3,,,1,50,,295721,3,0,7 40 41,1,25,,295723,3,0,7 40 41,1,15,,295726,3,,,1,55,,295725,3,0,7 40 41,1,25,,295728,3,0,7 40 41,1,25,,295730,3,0,7 40 41,1,5,,295732,3,,,1,70,,295735,3,,,1,15,,295733,3,0,7 40 41,1,65,,295740,3,,,1,10,,295739,3,0,7 40 41,1,20,,295744,3,,,1,10,,295743,3,0,7 40 41,1,60,,295747,3,,,1,10,,295746,3,0,7 40 41,1,25,,295750,3,,,1,5,,295749,3,0,7 40 41,1,75,,295753,3,,,1,10,,295752,3,0,7 40 41,1,70,,295754,3,0,7 40 41,1,5,,295755,3,,,1,15,,295756,3,0,7 40 41,1,10,,295757,3,,,1,25,,295759,3,,,1,45,,295758,3,0,7 40 41,1,20,,295761,3,,,1,10,,295760,3,0,7 40 41,1,75,,295762,3,0,7 40 41,1,15,,295763,3,,,1,90,,295764,3,,,1
4101,'20261120',503,,295765,3,,,1,55,,295767,3,,,1,65,,295768,3,,,1,35,,295770,3,,,1,70,,295771,3,,,1,30,,295772,3,,,1,70,,295773,3,,,1,75,,295774,3,,,1,35,,295775,3,,,1,75,,295776,3,,,1,35,,295777,3,,,1,70,,295779,3,,,1,5,,295778,3,0,7 40 41,1,25,,295781,3,,,1,5,,295780,3,0,7 40 41,1,65,,295782,3,0,7 40 41,1,20,,295785,3,,,1,5,,295784,3,0,7 40 41,1,15,,295787,3,,,1,50,,295786,3,0,7 40 41,1,25,,295788,3,0,7 40 41,1,15,,295791,3,,,1,55,,295790,3,0,7 40 41,1,25,,295793,3,0,7 40 41,1,25,,295795,3,0,7 40 41,1,5,,295797,3,,,1,70,,295800,3,,,1,15,,295798,3,0,7 40 41,1,65,,295805,3,,,1,10,,295804,3,0,7 40 41,1,20,,295809,3,,,1,10,,295808,3,0,7 40 41,1,60,,295812,3,,,1,10,,295811,3,0,7 40 41,1,25,,295815,3,,,1,5,,295814,3,0,7 40 41,1,75,,295818,3,,,1,10,,295817,3,0,7 40 41,1,70,,295819,3,0,7 40 41,1,5,,295820,3,,,1,15,,295821,3,0,7 40 41,1,10,,295822,3,,,1,25,,295824,3,,,1,45,,295823,3,0,7 40 41,1,20,,295826,3,,,1,10,,295825,3,0,7 40 41,1,75,,295827,3,0,7 40 41,1,15,,295828,3,,,1,90,,295829,3,,,1
4101,'20261123',503,,295830,3,,,1,55,,295832,3,,,1,65,,295833,3,,,1,35,,295835,3,,,1,70,,295836,3,,,1,30,,295837,3,,,1,70,,295838,3,,,1,75,,295839,3,,,1,35,,295840,3,,,1,75,,295841,3,,,1,35,,295842,3,,,1,70,,295844,3,,,1,5,,295843,3,0,7 40 41,1,25,,295846,3,,,1,5,,295845,3,0,7 40 41,1,65,,295847,3,0,7 40 41,1,20,,295850,3,,,1,5,,295849,3,0,7 40 41,1,15,,295852,3,,,1,50,,295851,3,0,7 40 41,1,25,,295853,3,0,7 40 41,1,15,,295856,3,,,1,55,,295855,3,0,7 40 41,1,25,,295858,3,0,7 40 41,1,25,,295860,3,0,7 40 41,1,5,,295862,3,,,1,70,,295865,3,,,1,15,,295863,3,0,7 40 41,1,65,,295870,3,,,1,10,,295869,3,0,7 40 41,1,20,,295874,3,,,1,10,,295873,3,0,7 40 41,1,60,,295877,3,,,1,10,,295876,3,0,7 40 41,1,25,,295880,3,,,1,5,,295879,3,0,7 40 41,1,75,,295883,3,,,1,10,,295882,3,0,7 40 41,1,70,,295884,3,0,7 40 41,1,5,,295885,3,,,1,15,,295886,3,0,7 40 41,1,10,,295887,3,,,1,25,,295889,3,,,1,45,,295888,3,0,7 40 41,1,20,,295891,3,,,1,10,,295890,3,0,7 40 41,1,75,,295892,3,0,7 40 41,1,15,,295893,3,,,1,90,,295894,3,,,1
4101,'20261124',503,,295895,3,,,1,55,,295897,3,,,1,65,,295898,3,,,1,35,,295900,3,,,1,70,,295901,3,,,1,30,,295902,3,,,1,70,,295903,3,,,1,75,,295904,3,,,1,35,,295905,3,,,1,75,,295906,3,,,1,35,,295907,3,,,1,70,,295909,3,,,1,5,,295908,3,0,7 40 41,1,25,,295911,3,,,1,5,,295910,3,0,7 40 41,1,65,,295912,3,0,7 40 41,1,20,,295915,3,,,1,5,,295914,3,0,7 40 41,1,15,,295917,3,,,1,50,,295916,3,0,7 40 41,1,25,,295918,3,0,7 40 41,1,15,,295921,3,,,1,55,,295920,3,0,7 40 41,1,25,,295923,3,0,7 40 41,1,25,,295925,3,0,7 40 41,1,5,,295927,3,,,1,70,,295930,3,,,1,15,,295928,3,0,7 40 41,1,65,,295935,3,,,1,10,,295934,3,0,7 40 41,1,20,,295939,3,,,1,10,,295938,3,0,7 40 41,1,60,,295942,3,,,1,10,,295941,3,0,7 40 41,1,25,,295945,3,,,1,5,,295944,3,0,7 40 41,1,75,,295948,3,,,1,10,,295947,3,0,7 40 41,1,70,,295949,3,0,7 40 41,1,5,,295950,3,,,1,15,,295951,3,0,7 40 41,1,10,,295952,3,,,1,25,,295954,3,,,1,45,,295953,3,0,7 40 41,1,20,,295956,3,,,1,10,,295955,3,0,7 40 41,1,75,,295957,3,0,7 40 41,1,15,,295958,3,,,1,90,,295959,3,,,1
4101,'20261125',503,,295960,3,,,1,55,,295962,3,,,1,65,,295963,3,,,1,35,,295965,3,,,1,70,,295966,3,,,1,30,,295967,3,,,1,70,,295968,3,,,1,75,,295969,3,,,1,35,,295970,3,,,1,75,,295971,3,,,1,35,,295972,3,,,1,70,,295974,3,,,1,5,,295973,3,0,7 40 41,1,25,,295976,3,,,1,5,,295975,3,0,7 40 41,1,65,,295977,3,0,7 40 41,1,20,,295980,3,,,1,5,,295979,3,0,7 40 41,1,15,,295982,3,,,1,50,,295981,3,0,7 40 41,1,25,,295983,3,0,7 40 41,1,15,,295986,3,,,1,55,,295985,3,0,7 40 41,1,25,,295988,3,0,7 40 41,1,25,,295990,3,0,7 40 41,1,5,,295992,3,,,1,70,,295995,3,,,1,15,,295993,3,0,7 40 41,1,65,,296000,3,,,1,10,,295999,3,0,7 40 41,1,20,,296004,3,,,1,10,,296003,3,0,7 40 41,1,60,,296007,3,,,1,10,,296006,3,0,7 40 41,1,25,,296010,3,,,1,5,,296009,3,0,7 40 41,1,75,,296013,3,,,1,10,,296012,3,0,7 40 41,1,70,,296014,3,0,7 40 41,1,5,,296015,3,,,1,15,,296016,3,0,7 40 41,1,10,,296017,3,,,1,25,,296019,3,,,1,45,,296018,3,0,7 40 41,1,20,,296021,3,,,1,10,,296020,3,0,7 40 41,1,75,,296022,3,0,7 40 41,1,15,,296023,3,,,1,90,,296024,3,,,1
4101,'20261126',503,,296025,3,,,1,55,,296027,3,,,1,65,,296028,3,,,1,35,,296030,3,,,1,70,,296031,3,,,1,30,,296032,3,,,1,70,,296033,3,,,1,75,,296034,3,,,1,35,,296035,3,,,1,75,,296036,3,,,1,35,,296037,3,,,1,70,,296039,3,,,1,5,,296038,3,0,7 40 41,1,25,,296041,3,,,1,5,,296040,3,0,7 40 41,1,65,,296042,3,0,7 40 41,1,20,,296045,3,,,1,5,,296044,3,0,7 40 41,1,15,,296047,3,,,1,50,,296046,3,0,7 40 41,1,25,,296048,3,0,7 40 41,1,15,,296051,3,,,1,55,,296050,3,0,7 40 41,1,25,,296053,3,0,7 40 41,1,25,,296055,3,0,7 40 41,1,5,,296057,3,,,1,70,,296060,3,,,1,15,,296058,3,0,7 40 41,1,65,,296065,3,,,1,10,,296064,3,0,7 40 41,1,20,,296069,3,,,1,10,,296068,3,0,7 40 41,1,60,,296072,3,,,1,10,,296071,3,0,7 40 41,1,25,,296075,3,,,1,5,,296074,3,0,7 40 41,1,75,,296078,3,,,1,10,,296077,3,0,7 40 41,1,70,,296079,3,0,7 40 41,1,5,,296080,3,,,1,15,,296081,3,0,7 40 41,1,10,,296082,3,,,1,25,,296084,3,,,1,45,,296083,3,0,7 40 41,1,20,,296086,3,,,1,10,,296085,3,0,7 40 41,1,75,,296087,3,0,7 40 41,1,15,,296088,3,,,1,90,,296089,3,,,1
4101,'20261127',503,,296090,3,,,1,55,,296092,3,,,1,65,,296093,3,,,1,35,,296095,3,,,1,70,,296096,3,,,1,30,,296097,3,,,1,70,,296098,3,,,1,75,,296099,3,,,1,35,,296100,3,,,1,75,,296101,3,,,1,35,,296102,3,,,1,70,,296104,3,,,1,5,,296103,3,0,7 40 41,1,25,,296106,3,,,1,5,,296105,3,0,7 40 41,1,65,,296107,3,0,7 40 41,1,20,,296110,3,,,1,5,,296109,3,0,7 40 41,1,15,,296112,3,,,1,50,,296111,3,0,7 40 41,1,25,,296113,3,0,7 40 41,1,15,,296116,3,,,1,55,,296115,3,0,7 40 41,1,25,,296118,3,0,7 40 41,1,25,,296120,3,0,7 40 41,1,5,,296122,3,,,1,70,,296125,3,,,1,15,,296123,3,0,7 40 41,1,65,,296130,3,,,1,10,,296129,3,0,7 40 41,1,20,,296134,3,,,1,10,,296133,3,0,7 40 41,1,60,,296137,3,,,1,10,,296136,3,0,7 40 41,1,25,,296140,3,,,1,5,,296139,3,0,7 40 41,1,75,,296143,3,,,1,10,,296142,3,0,7 40 41,1,70,,296144,3,0,7 40 41,1,5,,296145,3,,,1,15,,296146,3,0,7 40 41,1,10,,296147,3,,,1,25,,296149,3,,,1,45,,296148,3,0,7 40 41,1,20,,296151,3,,,1,10,,296150,3,0,7 40 41,1,75,,296152,3,0,7 40 41,1,15,,296153,3,,,1,90,,296154,3,,,1
9201,'20260921',439,,325127,19,,,1,66,,325128,19,,,1,41,,325130,8,0,7 23,1,56,,325129,19,,,1,31,,325131,8,0,7 23,1,24,,325132,19,,,1,82,,325134,8,0,7 23,1,61,,325133,19,,,1,100,,325135,19,,,1,100,,325136,19,,,1,100,,325137,19,,,1,100,,325138,19,,,1,105,,325139,19,,,1,100,,325140,19,,,1,100,,325141,19,,,1,100,,325142,19,,,1,100,,325143,19,,,1,100,,325144,19,,,1,105,,325145,19,,,1,200,,325146,19,,,1,199,,325147,19,,,1,205,,325148,19,,,1
9201,'20260922',439,,325149,19,,,1,66,,325150,19,,,1,41,,325152,8,0,7 23,1,56,,325151,19,,,1,31,,325153,8,0,7 23,1,24,,325154,19,,,1,82,,325156,8,0,7 23,1,61,,325155,19,,,1,100,,325157,19,,,1,100,,325158,19,,,1,100,,325159,19,,,1,100,,325160,19,,,1,105,,325161,19,,,1,100,,325162,19,,,1,100,,325163,19,,,1,100,,325164,19,,,1,100,,325165,19,,,1,100,,325166,19,,,1,105,,325167,19,,,1,200,,325168,19,,,1,199,,325169,19,,,1,205,,325170,19,,,1
9201,'20260923',439,,325171,19,,,1,66,,325172,19,,,1,41,,325174,8,0,7 23,1,56,,325173,19,,,1,31,,325175,8,0,7 23,1,24,,325176,19,,,1,82,,325178,8,0,7 23,1,61,,325177,19,,,1,100,,325179,19,,,1,100,,325180,19,,,1,100,,325181,19,,,1,100,,325182,19,,,1,105,,325183,19,,,1,100,,325184,19,,,1,100,,325185,19,,,1,100,,325186,19,,,1,100,,325187,19,,,1,100,,325188,19,,,1,105,,325189,19,,,1,200,,325190,19,,,1,199,,325191,19,,,1,205,,325192,19,,,1
9201,'20260924',439,,325193,19,,,1,66,,325194,19,,,1,41,,325196,8,0,7 23,1,56,,325195,19,,,1,31,,325197,8,0,7 23,1,24,,325198,19,,,1,82,,325200,8,0,7 23,1,61,,325199,19,,,1,100,,325201,19,,,1,100,,325202,19,,,1,100,,325203,19,,,1,100,,325204,19,,,1,105,,325205,19,,,1,100,,325206,19,,,1,100,,325207,19,,,1,100,,325208,19,,,1,100,,325209,19,,,1,100,,325210,19,,,1,105,,325211,19,,,1,200,,325212,19,,,1,199,,325213,19,,,1,205,,325214,19,,,1
9201,'20260925',439,,325215,19,,,1,66,,325216,19,,,1,41,,325218,8,0,7 23,1,56,,325217,19,,,1,31,,325219,8,0,7 23,1,24,,325220,19,,,1,82,,325222,8,0,7 23,1,61,,325221,19,,,1,100,,325223,19,,,1,100,,325224,19,,,1,100,,325225,19,,,1,100,,325226,19,,,1,105,,325227,19,,,1,100,,325228,19,,,1,100,,325229,19,,,1,100,,325230,19,,,1,100,,325231,19,,,1,100,,325232,19,,,1,105,,325233,19,,,1,200,,325234,19,,,1,199,,325235,19,,,1,205,,325236,19,,,1
9201,'20260926',555,,325237,19,,,1,100,,325238,19,,,1,101,,325239,19,,,1,95,,325240,19,,,1,99,,325241,19,,,1,95,,325242,19,,,1,96,,325243,19,,,1,100,,325244,19,,,1,100,,325245,19,,,1,100,,325246,19,,,1,105,,325247,19,,,1,105,,325248,19,,,1,99,,325249,19,,,1,100,,325250,19,,,1,108,,325251,19,,,1,245,,325252,19,,,1,153,,325253,19,,,1
9201,'20260927',555,,325254,19,,,1,100,,325255,19,,,1,101,,325256,19,,,1,95,,325257,19,,,1,99,,325258,19,,,1,95,,325259,19,,,1,96,,325260,19,,,1,100,,325261,19,,,1,100,,325262,19,,,1,100,,325263,19,,,1,105,,325264,19,,,1,105,,325265,19,,,1,99,,325266,19,,,1,100,,325267,19,,,1,108,,325268,19,,,1,245,,325269,19,,,1,153,,325270,19,,,1
9201,'20260928',439,,325271,19,,,1,66,,325272,19,,,1,41,,325274,8,0,7 23,1,56,,325273,19,,,1,31,,325275,8,0,7 23,1,24,,325276,19,,,1,82,,325278,8,0,7 23,1,61,,325277,19,,,1,100,,325279,19,,,1,100,,325280,19,,,1,100,,325281,19,,,1,100,,325282,19,,,1,105,,325283,19,,,1,100,,325284,19,,,1,100,,325285,19,,,1,100,,325286,19,,,1,100,,325287,19,,,1,100,,325288,19,,,1,105,,325289,19,,,1,200,,325290,19,,,1,199,,325291,19,,,1,205,,325292,19,,,1
9201,'20260929',439,,325293,19,,,1,66,,325294,19,,,1,41,,325296,8,0,7 23,1,56,,325295,19,,,1,31,,325297,8,0,7 23,1,24,,325298,19,,,1,82,,325300,8,0,7 23,1,61,,325299,19,,,1,100,,325301,19,,,1,100,,325302,19,,,1,100,,325303,19,,,1,100,,325304,19,,,1,105,,325305,19,,,1,100,,325306,19,,,1,100,,325307,19,,,1,100,,325308,19,,,1,100,,325309,19,,,1,100,,325310,19,,,1,105,,325311,19,,,1,200,,325312,19,,,1,199,,325313,19,,,1,205,,325314,19,,,1
9201,'20260930',439,,325315,19,,,1,66,,325316,19,,,1,41,,325318,8,0,7 23,1,56,,325317,19,,,1,31,,325319,8,0,7 23,1,24,,325320,19,,,1,82,,325322,8,0,7 23,1,61,,325321,19,,,1,100,,325323,19,,,1,100,,325324,19,,,1,100,,325325,19,,,1,100,,325326,19,,,1,105,,325327,19,,,1,100,,325328,19,,,1,100,,325329,19,,,1,100,,325330,19,,,1,100,,325331,19,,,1,100,,325332,19,,,1,105,,325333,19,,,1,200,,325334,19,,,1,199,,325335,19,,,1,205,,325336,19,,,1
9201,'20261001',439,,325337,19,,,1,66,,325338,19,,,1,41,,325340,8,0,7 23,1,56,,325339,19,,,1,31,,325341,8,0,7 23,1,24,,325342,19,,,1,82,,325344,8,0,7 23,1,61,,325343,19,,,1,100,,325345,19,,,1,100,,325346,19,,,1,100,,325347,19,,,1,100,,325348,19,,,1,105,,325349,19,,,1,100,,325350,19,,,1,100,,325351,19,,,1,100,,325352,19,,,1,100,,325353,19,,,1,100,,325354,19,,,1,105,,325355,19,,,1,200,,325356,19,,,1,199,,325357,19,,,1,205,,325358,19,,,1
9201,'20261002',439,,325359,19,,,1,66,,325360,19,,,1,41,,325362,8,0,7 23,1,56,,325361,19,,,1,31,,325363,8,0,7 23,1,24,,325364,19,,,1,82,,325366,8,0,7 23,1,61,,325365,19,,,1,100,,325367,19,,,1,100,,325368,19,,,1,100,,325369,19,,,1,100,,325370,19,,,1,105,,325371,19,,,1,100,,325372,19,,,1,100,,325373,19,,,1,100,,325374,19,,,1,100,,325375,19,,,1,100,,325376,19,,,1,105,,325377,19,,,1,200,,325378,19,,,1,199,,325379,19,,,1,205,,325380,19,,,1
9201,'20261003',555,,325381,19,,,1,100,,325382,19,,,1,101,,325383,19,,,1,95,,325384,19,,,1,99,,325385,19,,,1,95,,325386,19,,,1,96,,325387,19,,,1,100,,325388,19,,,1,100,,325389,19,,,1,100,,325390,19,,,1,105,,325391,19,,,1,105,,325392,19,,,1,99,,325393,19,,,1,100,,325394,19,,,1,108,,325395,19,,,1,245,,325396,19,,,1,153,,325397,19,,,1
9201,'20261004',555,,325398,19,,,1,100,,325399,19,,,1,101,,325400,19,,,1,95,,325401,19,,,1,99,,325402,19,,,1,95,,325403,19,,,1,96,,325404,19,,,1,100,,325405,19,,,1,100,,325406,19,,,1,100,,325407,19,,,1,105,,325408,19,,,1,105,,325409,19,,,1,99,,325410,19,,,1,100,,325411,19,,,1,108,,325412,19,,,1,245,,325413,19,,,1,153,,325414,19,,,1
9201,'20261005',439,,325415,19,,,1,66,,325416,19,,,1,41,,325418,8,0,7 23,1,56,,325417,19,,,1,31,,325419,8,0,7 23,1,24,,325420,19,,,1,82,,325422,8,0,7 23,1,61,,325421,19,,,1,100,,325423,19,,,1,100,,325424,19,,,1,100,,325425,19,,,1,100,,325426,19,,,1,105,,325427,19,,,1,100,,325428,19,,,1,100,,325429,19,,,1,100,,325430,19,,,1,100,,325431,19,,,1,100,,325432,19,,,1,105,,325433,19,,,1,200,,325434,19,,,1,199,,325435,19,,,1,205,,325436,19,,,1
9201,'20261006',439,,325437,19,,,1,66,,325438,19,,,1,41,,325440,8,0,7 23,1,56,,325439,19,,,1,31,,325441,8,0,7 23,1,24,,325442,19,,,1,82,,325444,8,0,7 23,1,61,,325443,19,,,1,100,,325445,19,,,1,100,,325446,19,,,1,100,,325447,19,,,1,100,,325448,19,,,1,105,,325449,19,,,1,100,,325450,19,,,1,100,,325451,19,,,1,100,,325452,19,,,1,100,,325453,19,,,1,100,,325454,19,,,1,105,,325455,19,,,1,200,,325456,19,,,1,199,,325457,19,,,1,205,,325458,19,,,1
9201,'20261007',439,,325459,19,,,1,66,,325460,19,,,1,41,,325462,8,0,7 23,1,56,,325461,19,,,1,31,,325463,8,0,7 23,1,24,,325464,19,,,1,82,,325466,8,0,7 23,1,61,,325465,19,,,1,100,,325467,19,,,1,100,,325468,19,,,1,100,,325469,19,,,1,100,,325470,19,,,1,105,,325471,19,,,1,100,,325472,19,,,1,100,,325473,19,,,1,100,,325474,19,,,1,100,,325475,19,,,1,100,,325476,19,,,1,105,,325477,19,,,1,200,,325478,19,,,1,199,,325479,19,,,1,205,,325480,19,,,1
9201,'20261008',439,,325481,19,,,1,66,,325482,19,,,1,41,,325484,8,0,7 23,1,56,,325483,19,,,1,31,,325485,8,0,7 23,1,24,,325486,19,,,1,82,,325488,8,0,7 23,1,61,,325487,19,,,1,100,,325489,19,,,1,100,,325490,19,,,1,100,,325491,19,,,1,100,,325492,19,,,1,105,,325493,19,,,1,100,,325494,19,,,1,100,,325495,19,,,1,100,,325496,19,,,1,100,,325497,19,,,1,100,,325498,19,,,1,105,,325499,19,,,1,200,,325500,19,,,1,199,,325501,19,,,1,205,,325502,19,,,1
9201,'20261009',439,,325503,19,,,1,66,,325504,19,,,1,41,,325506,8,0,7 23,1,56,,325505,19,,,1,31,,325507,8,0,7 23,1,24,,325508,19,,,1,82,,325510,8,0,7 23,1,61,,325509,19,,,1,100,,325511,19,,,1,100,,325512,19,,,1,100,,325513,19,,,1,100,,325514,19,,,1,105,,325515,19,,,1,100,,325516,19,,,1,100,,325517,19,,,1,100,,325518,19,,,1,100,,325519,19,,,1,100,,325520,19,,,1,105,,325521,19,,,1,200,,325522,19,,,1,199,,325523,19,,,1,205,,325524,19,,,1
9201,'20261010',555,,325525,19,,,1,100,,325526,19,,,1,101,,325527,19,,,1,95,,325528,19,,,1,99,,325529,19,,,1,95,,325530,19,,,1,96,,325531,19,,,1,100,,325532,19,,,1,100,,325533,19,,,1,100,,325534,19,,,1,105,,325535,19,,,1,105,,325536,19,,,1,99,,325537,19,,,1,100,,325538,19,,,1,108,,325539,19,,,1,245,,325540,19,,,1,153,,325541,19,,,1
9201,'20261011',555,,325542,19,,,1,100,,325543,19,,,1,101,,325544,19,,,1,95,,325545,19,,,1,99,,325546,19,,,1,95,,325547,19,,,1,96,,325548,19,,,1,100,,325549,19,,,1,100,,325550,19,,,1,100,,325551,19,,,1,105,,325552,19,,,1,105,,325553,19,,,1,99,,325554,19,,,1,100,,325555,19,,,1,108,,325556,19,,,1,245,,325557,19,,,1,153,,325558,19,,,1
9201,'20261012',555,,325559,19,,,1,100,,325560,19,,,1,101,,325561,19,,,1,95,,325562,19,,,1,99,,325563,19,,,1,95,,325564,19,,,1,96,,325565,19,,,1,100,,325566,19,,,1,100,,325567,19,,,1,100,,325568,19,,,1,105,,325569,19,,,1,105,,325570,19,,,1,99,,325571,19,,,1,100,,325572,19,,,1,108,,325573,19,,,1,245,,325574,19,,,1,153,,325575,19,,,1
9201,'20261013',439,,325576,19,,,1,66,,325577,19,,,1,41,,325579,8,0,7 23,1,56,,325578,19,,,1,31,,325580,8,0,7 23,1,24,,325581,19,,,1,82,,325583,8,0,7 23,1,61,,325582,19,,,1,100,,325584,19,,,1,100,,325585,19,,,1,100,,325586,19,,,1,100,,325587,19,,,1,105,,325588,19,,,1,100,,325589,19,,,1,100,,325590,19,,,1,100,,325591,19,,,1,100,,325592,19,,,1,100,,325593,19,,,1,105,,325594,19,,,1,200,,325595,19,,,1,199,,325596,19,,,1,205,,325597,19,,,1
9201,'20261014',439,,325598,19,,,1,66,,325599,19,,,1,41,,325601,8,0,7 23,1,56,,325600,19,,,1,31,,325602,8,0,7 23,1,24,,325603,19,,,1,82,,325605,8,0,7 23,1,61,,325604,19,,,1,100,,325606,19,,,1,100,,325607,19,,,1,100,,325608,19,,,1,100,,325609,19,,,1,105,,325610,19,,,1,100,,325611,19,,,1,100,,325612,19,,,1,100,,325613,19,,,1,100,,325614,19,,,1,100,,325615,19,,,1,105,,325616,19,,,1,200,,325617,19,,,1,199,,325618,19,,,1,205,,325619,19,,,1
9201,'20261015',439,,325620,19,,,1,66,,325621,19,,,1,41,,325623,8,0,7 23,1,56,,325622,19,,,1,31,,325624,8,0,7 23,1,24,,325625,19,,,1,82,,325627,8,0,7 23,1,61,,325626,19,,,1,100,,325628,19,,,1,100,,325629,19,,,1,100,,325630,19,,,1,100,,325631,19,,,1,105,,325632,19,,,1,100,,325633,19,,,1,100,,325634,19,,,1,100,,325635,19,,,1,100,,325636,19,,,1,100,,325637,19,,,1,105,,325638,19,,,1,200,,325639,19,,,1,199,,325640,19,,,1,205,,325641,19,,,1
9201,'20261016',439,,325642,19,,,1,66,,325643,19,,,1,41,,325645,8,0,7 23,1,56,,325644,19,,,1,31,,325646,8,0,7 23,1,24,,325647,19,,,1,82,,325649,8,0,7 23,1,61,,325648,19,,,1,100,,325650,19,,,1,100,,325651,19,,,1,100,,325652,19,,,1,100,,325653,19,,,1,105,,325654,19,,,1,100,,325655,19,,,1,100,,325656,19,,,1,100,,325657,19,,,1,100,,325658,19,,,1,100,,325659,19,,,1,105,,325660,19,,,1,200,,325661,19,,,1,199,,325662,19,,,1,205,,325663,19,,,1
9201,'20261017',555,,325664,19,,,1,100,,325665,19,,,1,101,,325666,19,,,1,95,,325667,19,,,1,99,,325668,19,,,1,95,,325669,19,,,1,96,,325670,19,,,1,100,,325671,19,,,1,100,,325672,19,,,1,100,,325673,19,,,1,105,,325674,19,,,1,105,,325675,19,,,1,99,,325676,19,,,1,100,,325677,19,,,1,108,,325678,19,,,1,245,,325679,19,,,1,153,,325680,19,,,1
9201,'20261018',555,,325681,19,,,1,100,,325682,19,,,1,101,,325683,19,,,1,95,,325684,19,,,1,99,,325685,19,,,1,95,,325686,19,,,1,96,,325687,19,,,1,100,,325688,19,,,1,100,,325689,19,,,1,100,,325690,19,,,1,105,,325691,19,,,1,105,,325692,19,,,1,99,,325693,19,,,1,100,,325694,19,,,1,108,,325695,19,,,1,245,,325696,19,,,1,153,,325697,19,,,1
9201,'20261019',439,,325698,19,,,1,66,,325699,19,,,1,41,,325701,8,0,7 23,1,56,,325700,19,,,1,31,,325702,8,0,7 23,1,24,,325703,19,,,1,82,,325705,8,0,7 23,1,61,,325704,19,,,1,100,,325706,19,,,1,100,,325707,19,,,1,100,,325708,19,,,1,100,,325709,19,,,1,105,,325710,19,,,1,100,,325711,19,,,1,100,,325712,19,,,1,100,,325713,19,,,1,100,,325714,19,,,1,100,,325715,19,,,1,105,,325716,19,,,1,200,,325717,19,,,1,199,,325718,19,,,1,205,,325719,19,,,1
9201,'20261020',439,,325720,19,,,1,66,,325721,19,,,1,41,,325723,8,0,7 23,1,56,,325722,19,,,1,31,,325724,8,0,7 23,1,24,,325725,19,,,1,82,,325727,8,0,7 23,1,61,,325726,19,,,1,100,,325728,19,,,1,100,,325729,19,,,1,100,,325730,19,,,1,100,,325731,19,,,1,105,,325732,19,,,1,100,,325733,19,,,1,100,,325734,19,,,1,100,,325735,19,,,1,100,,325736,19,,,1,100,,325737,19,,,1,105,,325738,19,,,1,200,,325739,19,,,1,199,,325740,19,,,1,205,,325741,19,,,1
9201,'20261021',439,,325742,19,,,1,66,,325743,19,,,1,41,,325745,8,0,7 23,1,56,,325744,19,,,1,31,,325746,8,0,7 23,1,24,,325747,19,,,1,82,,325749,8,0,7 23,1,61,,325748,19,,,1,100,,325750,19,,,1,100,,325751,19,,,1,100,,325752,19,,,1,100,,325753,19,,,1,105,,325754,19,,,1,100,,325755,19,,,1,100,,325756,19,,,1,100,,325757,19,,,1,100,,325758,19,,,1,100,,325759,19,,,1,105,,325760,19,,,1,200,,325761,19,,,1,199,,325762,19,,,1,205,,325763,19,,,1
9201,'20261022',439,,325764,19,,,1,66,,325765,19,,,1,41,,325767,8,0,7 23,1,56,,325766,19,,,1,31,,325768,8,0,7 23,1,24,,325769,19,,,1,82,,325771,8,0,7 23,1,61,,325770,19,,,1,100,,325772,19,,,1,100,,325773,19,,,1,100,,325774,19,,,1,100,,325775,19,,,1,105,,325776,19,,,1,100,,325777,19,,,1,100,,325778,19,,,1,100,,325779,19,,,1,100,,325780,19,,,1,100,,325781,19,,,1,105,,325782,19,,,1,200,,325783,19,,,1,199,,325784,19,,,1,205,,325785,19,,,1
9201,'20261023',439,,325786,19,,,1,66,,325787,19,,,1,41,,325789,8,0,7 23,1,56,,325788,19,,,1,31,,325790,8,0,7 23,1,24,,325791,19,,,1,82,,325793,8,0,7 23,1,61,,325792,19,,,1,100,,325794,19,,,1,100,,325795,19,,,1,100,,325796,19,,,1,100,,325797,19,,,1,105,,325798,19,,,1,100,,325799,19,,,1,100,,325800,19,,,1,100,,325801,19,,,1,100,,325802,19,,,1,100,,325803,19,,,1,105,,325804,19,,,1,200,,325805,19,,,1,199,,325806,19,,,1,205,,325807,19,,,1
9201,'20261024',555,,325808,19,,,1,100,,325809,19,,,1,101,,325810,19,,,1,95,,325811,19,,,1,99,,325812,19,,,1,95,,325813,19,,,1,96,,325814,19,,,1,100,,325815,19,,,1,100,,325816,19,,,1,100,,325817,19,,,1,105,,325818,19,,,1,105,,325819,19,,,1,99,,325820,19,,,1,100,,325821,19,,,1,108,,325822,19,,,1,245,,325823,19,,,1,153,,325824,19,,,1
9201,'20261025',555,,325825,19,,,1,100,,325826,19,,,1,101,,325827,19,,,1,95,,325828,19,,,1,99,,325829,19,,,1,95,,325830,19,,,1,96,,325831,19,,,1,100,,325832,19,,,1,100,,325833,19,,,1,100,,325834,19,,,1,105,,325835,19,,,1,105,,325836,19,,,1,99,,325837,19,,,1,100,,325838,19,,,1,108,,325839,19,,,1,245,,325840,19,,,1,153,,325841,19,,,1
9201,'20261026',439,,325842,19,,,1,66,,325843,19,,,1,41,,325845,8,0,7 23,1,56,,325844,19,,,1,31,,325846,8,0,7 23,1,24,,325847,19,,,1,82,,325849,8,0,7 23,1,61,,325848,19,,,1,100,,325850,19,,,1,100,,325851,19,,,1,100,,325852,19,,,1,100,,325853,19,,,1,105,,325854,19,,,1,100,,325855,19,,,1,100,,325856,19,,,1,100,,325857,19,,,1,100,,325858,19,,,1,100,,325859,19,,,1,105,,325860,19,,,1,200,,325861,19,,,1,199,,325862,19,,,1,205,,325863,19,,,1
9201,'20261027',439,,325864,19,,,1,66,,325865,19,,,1,41,,325867,8,0,7 23,1,56,,325866,19,,,1,31,,325868,8,0,7 23,1,24,,325869,19,,,1,82,,325871,8,0,7 23,1,61,,325870,19,,,1,100,,325872,19,,,1,100,,325873,19,,,1,100,,325874,19,,,1,100,,325875,19,,,1,105,,325876,19,,,1,100,,325877,19,,,1,100,,325878,19,,,1,100,,325879,19,,,1,100,,325880,19,,,1,100,,325881,19,,,1,105,,325882,19,,,1,200,,325883,19,,,1,199,,325884,19,,,1,205,,325885,19,,,1
9201,'20261028',439,,325886,19,,,1,66,,325887,19,,,1,41,,325889,8,0,7 23,1,56,,325888,19,,,1,31,,325890,8,0,7 23,1,24,,325891,19,,,1,82,,325893,8,0,7 23,1,61,,325892,19,,,1,100,,325894,19,,,1,100,,325895,19,,,1,100,,325896,19,,,1,100,,325897,19,,,1,105,,325898,19,,,1,100,,325899,19,,,1,100,,325900,19,,,1,100,,325901,19,,,1,100,,325902,19,,,1,100,,325903,19,,,1,105,,325904,19,,,1,200,,325905,19,,,1,199,,325906,19,,,1,205,,325907,19,,,1
9201,'20261029',439,,325908,19,,,1,66,,325909,19,,,1,41,,325911,8,0,7 23,1,56,,325910,19,,,1,31,,325912,8,0,7 23,1,24,,325913,19,,,1,82,,325915,8,0,7 23,1,61,,325914,19,,,1,100,,325916,19,,,1,100,,325917,19,,,1,100,,325918,19,,,1,100,,325919,19,,,1,105,,325920,19,,,1,100,,325921,19,,,1,100,,325922,19,,,1,100,,325923,19,,,1,100,,325924,19,,,1,100,,325925,19,,,1,105,,325926,19,,,1,200,,325927,19,,,1,199,,325928,19,,,1,205,,325929,19,,,1
9201,'20261030',439,,325930,19,,,1,66,,325931,19,,,1,41,,325933,8,0,7 23,1,56,,325932,19,,,1,31,,325934,8,0,7 23,1,24,,325935,19,,,1,82,,325937,8,0,7 23,1,61,,325936,19,,,1,100,,325938,19,,,1,100,,325939,19,,,1,100,,325940,19,,,1,100,,325941,19,,,1,105,,325942,19,,,1,100,,325943,19,,,1,100,,325944,19,,,1,100,,325945,19,,,1,100,,325946,19,,,1,100,,325947,19,,,1,105,,325948,19,,,1,200,,325949,19,,,1,199,,325950,19,,,1,205,,325951,19,,,1
9201,'20261031',555,,325952,19,,,1,100,,325953,19,,,1,101,,325954,19,,,1,95,,325955,19,,,1,99,,325956,19,,,1,95,,325957,19,,,1,96,,325958,19,,,1,100,,325959,19,,,1,100,,325960,19,,,1,100,,325961,19,,,1,105,,325962,19,,,1,105,,325963,19,,,1,99,,325964,19,,,1,100,,325965,19,,,1,108,,325966,19,,,1,245,,325967,19,,,1,153,,325968,19,,,1
9201,'20261101',555,,325969,19,,,1,100,,325970,19,,,1,101,,325971,19,,,1,95,,325972,19,,,1,99,,325973,19,,,1,95,,325974,19,,,1,96,,325975,19,,,1,100,,325976,19,,,1,100,,325977,19,,,1,100,,325978,19,,,1,105,,325979,19,,,1,105,,325980,19,,,1,99,,325981,19,,,1,100,,325982,19,,,1,108,,325983,19,,,1,245,,325984,19,,,1,153,,325985,19,,,1
9201,'20261102',439,,325986,19,,,1,66,,325987,19,,,1,41,,325989,8,0,7 23,1,56,,325988,19,,,1,31,,325990,8,0,7 23,1,24,,325991,19,,,1,82,,325993,8,0,7 23,1,61,,325992,19,,,1,100,,325994,19,,,1,100,,325995,19,,,1,100,,325996,19,,,1,100,,325997,19,,,1,105,,325998,19,,,1,100,,325999,19,,,1,100,,326000,19,,,1,100,,326001,19,,,1,100,,326002,19,,,1,100,,326003,19,,,1,105,,326004,19,,,1,200,,326005,19,,,1,199,,326006,19,,,1,205,,326007,19,,,1
9201,'20261103',439,,326008,19,,,1,66,,326009,19,,,1,41,,326011,8,0,7 23,1,56,,326010,19,,,1,31,,326012,8,0,7 23,1,24,,326013,19,,,1,82,,326015,8,0,7 23,1,61,,326014,19,,,1,100,,326016,19,,,1,100,,326017,19,,,1,100,,326018,19,,,1,100,,326019,19,,,1,105,,326020,19,,,1,100,,326021,19,,,1,100,,326022,19,,,1,100,,326023,19,,,1,100,,326024,19,,,1,100,,326025,19,,,1,105,,326026,19,,,1,200,,326027,19,,,1,199,,326028,19,,,1,205,,326029,19,,,1
9201,'20261104',439,,326030,19,,,1,66,,326031,19,,,1,41,,326033,8,0,7 23,1,56,,326032,19,,,1,31,,326034,8,0,7 23,1,24,,326035,19,,,1,82,,326037,8,0,7 23,1,61,,326036,19,,,1,100,,326038,19,,,1,100,,326039,19,,,1,100,,326040,19,,,1,100,,326041,19,,,1,105,,326042,19,,,1,100,,326043,19,,,1,100,,326044,19,,,1,100,,326045,19,,,1,100,,326046,19,,,1,100,,326047,19,,,1,105,,326048,19,,,1,200,,326049,19,,,1,199,,326050,19,,,1,205,,326051,19,,,1
9201,'20261105',439,,326052,19,,,1,66,,326053,19,,,1,41,,326055,8,0,7 23,1,56,,326054,19,,,1,31,,326056,8,0,7 23,1,24,,326057,19,,,1,82,,326059,8,0,7 23,1,61,,326058,19,,,1,100,,326060,19,,,1,100,,326061,19,,,1,100,,326062,19,,,1,100,,326063,19,,,1,105,,326064,19,,,1,100,,326065,19,,,1,100,,326066,19,,,1,100,,326067,19,,,1,100,,326068,19,,,1,100,,326069,19,,,1,105,,326070,19,,,1,200,,326071,19,,,1,199,,326072,19,,,1,205,,326073,19,,,1
9201,'20261106',439,,326074,19,,,1,66,,326075,19,,,1,41,,326077,8,0,7 23,1,56,,326076,19,,,1,31,,326078,8,0,7 23,1,24,,326079,19,,,1,82,,326081,8,0,7 23,1,61,,326080,19,,,1,100,,326082,19,,,1,100,,326083,19,,,1,100,,326084,19,,,1,100,,326085,19,,,1,105,,326086,19,,,1,100,,326087,19,,,1,100,,326088,19,,,1,100,,326089,19,,,1,100,,326090,19,,,1,100,,326091,19,,,1,105,,326092,19,,,1,200,,326093,19,,,1,199,,326094,19,,,1,205,,326095,19,,,1
9201,'20261107',555,,326096,19,,,1,100,,326097,19,,,1,101,,326098,19,,,1,95,,326099,19,,,1,99,,326100,19,,,1,95,,326101,19,,,1,96,,326102,19,,,1,100,,326103,19,,,1,100,,326104,19,,,1,100,,326105,19,,,1,105,,326106,19,,,1,105,,326107,19,,,1,99,,326108,19,,,1,100,,326109,19,,,1,108,,326110,19,,,1,245,,326111,19,,,1,153,,326112,19,,,1
9201,'20261108',555,,326113,19,,,1,100,,326114,19,,,1,101,,326115,19,,,1,95,,326116,19,,,1,99,,326117,19,,,1,95,,326118,19,,,1,96,,326119,19,,,1,100,,326120,19,,,1,100,,326121,19,,,1,100,,326122,19,,,1,105,,326123,19,,,1,105,,326124,19,,,1,99,,326125,19,,,1,100,,326126,19,,,1,108,,326127,19,,,1,245,,326128,19,,,1,153,,326129,19,,,1
9201,'20261109',439,,326130,19,,,1,66,,326131,19,,,1,41,,326133,8,0,7 23,1,56,,326132,19,,,1,31,,326134,8,0,7 23,1,24,,326135,19,,,1,82,,326137,8,0,7 23,1,61,,326136,19,,,1,100,,326138,19,,,1,100,,326139,19,,,1,100,,326140,19,,,1,100,,326141,19,,,1,105,,326142,19,,,1,100,,326143,19,,,1,100,,326144,19,,,1,100,,326145,19,,,1,100,,326146,19,,,1,100,,326147,19,,,1,105,,326148,19,,,1,200,,326149,19,,,1,199,,326150,19,,,1,205,,326151,19,,,1
9201,'20261110',439,,326152,19,,,1,66,,326153,19,,,1,41,,326155,8,0,7 23,1,56,,326154,19,,,1,31,,326156,8,0,7 23,1,24,,326157,19,,,1,82,,326159,8,0,7 23,1,61,,326158,19,,,1,100,,326160,19,,,1,100,,326161,19,,,1,100,,326162,19,,,1,100,,326163,19,,,1,105,,326164,19,,,1,100,,326165,19,,,1,100,,326166,19,,,1,100,,326167,19,,,1,100,,326168,19,,,1,100,,326169,19,,,1,105,,326170,19,,,1,200,,326171,19,,,1,199,,326172,19,,,1,205,,326173,19,,,1
9201,'20261111',439,,326174,19,,,1,66,,326175,19,,,1,41,,326177,8,0,7 23,1,56,,326176,19,,,1,31,,326178,8,0,7 23,1,24,,326179,19,,,1,82,,326181,8,0,7 23,1,61,,326180,19,,,1,100,,326182,19,,,1,100,,326183,19,,,1,100,,326184,19,,,1,100,,326185,19,,,1,105,,326186,19,,,1,100,,326187,19,,,1,100,,326188,19,,,1,100,,326189,19,,,1,100,,326190,19,,,1,100,,326191,19,,,1,105,,326192,19,,,1,200,,326193,19,,,1,199,,326194,19,,,1,205,,326195,19,,,1
9201,'20261112',439,,326196,19,,,1,66,,326197,19,,,1,41,,326199,8,0,7 23,1,56,,326198,19,,,1,31,,326200,8,0,7 23,1,24,,326201,19,,,1,82,,326203,8,0,7 23,1,61,,326202,19,,,1,100,,326204,19,,,1,100,,326205,19,,,1,100,,326206,19,,,1,100,,326207,19,,,1,105,,326208,19,,,1,100,,326209,19,,,1,100,,326210,19,,,1,100,,326211,19,,,1,100,,326212,19,,,1,100,,326213,19,,,1,105,,326214,19,,,1,200,,326215,19,,,1,199,,326216,19,,,1,205,,326217,19,,,1
9201,'20261113',439,,326218,19,,,1,66,,326219,19,,,1,41,,326221,8,0,7 23,1,56,,326220,19,,,1,31,,326222,8,0,7 23,1,24,,326223,19,,,1,82,,326225,8,0,7 23,1,61,,326224,19,,,1,100,,326226,19,,,1,100,,326227,19,,,1,100,,326228,19,,,1,100,,326229,19,,,1,105,,326230,19,,,1,100,,326231,19,,,1,100,,326232,19,,,1,100,,326233,19,,,1,100,,326234,19,,,1,100,,326235,19,,,1,105,,326236,19,,,1,200,,326237,19,,,1,199,,326238,19,,,1,205,,326239,19,,,1
9201,'20261114',555,,326240,19,,,1,100,,326241,19,,,1,101,,326242,19,,,1,95,,326243,19,,,1,99,,326244,19,,,1,95,,326245,19,,,1,96,,326246,19,,,1,100,,326247,19,,,1,100,,326248,19,,,1,100,,326249,19,,,1,105,,326250,19,,,1,105,,326251,19,,,1,99,,326252,19,,,1,100,,326253,19,,,1,108,,326254,19,,,1,245,,326255,19,,,1,153,,326256,19,,,1
9201,'20261115',555,,326257,19,,,1,100,,326258,19,,,1,101,,326259,19,,,1,95,,326260,19,,,1,99,,326261,19,,,1,95,,326262,19,,,1,96,,326263,19,,,1,100,,326264,19,,,1,100,,326265,19,,,1,100,,326266,19,,,1,105,,326267,19,,,1,105,,326268,19,,,1,99,,326269,19,,,1,100,,326270,19,,,1,108,,326271,19,,,1,245,,326272,19,,,1,153,,326273,19,,,1
9201,'20261116',439,,326274,19,,,1,66,,326275,19,,,1,41,,326277,8,0,7 23,1,56,,326276,19,,,1,31,,326278,8,0,7 23,1,24,,326279,19,,,1,82,,326281,8,0,7 23,1,61,,326280,19,,,1,100,,326282,19,,,1,100,,326283,19,,,1,100,,326284,19,,,1,100,,326285,19,,,1,105,,326286,19,,,1,100,,326287,19,,,1,100,,326288,19,,,1,100,,326289,19,,,1,100,,326290,19,,,1,100,,326291,19,,,1,105,,326292,19,,,1,200,,326293,19,,,1,199,,326294,19,,,1,205,,326295,19,,,1
9201,'20261117',439,,326296,19,,,1,66,,326297,19,,,1,41,,326299,8,0,7 23,1,56,,326298,19,,,1,31,,326300,8,0,7 23,1,24,,326301,19,,,1,82,,326303,8,0,7 23,1,61,,326302,19,,,1,100,,326304,19,,,1,100,,326305,19,,,1,100,,326306,19,,,1,100,,326307,19,,,1,105,,326308,19,,,1,100,,326309,19,,,1,100,,326310,19,,,1,100,,326311,19,,,1,100,,326312,19,,,1,100,,326313,19,,,1,105,,326314,19,,,1,200,,326315,19,,,1,199,,326316,19,,,1,205,,326317,19,,,1
9201,'20261118',439,,326318,19,,,1,66,,326319,19,,,1,41,,326321,8,0,7 23,1,56,,326320,19,,,1,31,,326322,8,0,7 23,1,24,,326323,19,,,1,82,,326325,8,0,7 23,1,61,,326324,19,,,1,100,,326326,19,,,1,100,,326327,19,,,1,100,,326328,19,,,1,100,,326329,19,,,1,105,,326330,19,,,1,100,,326331,19,,,1,100,,326332,19,,,1,100,,326333,19,,,1,100,,326334,19,,,1,100,,326335,19,,,1,105,,326336,19,,,1,200,,326337,19,,,1,199,,326338,19,,,1,205,,326339,19,,,1
9201,'20261119',439,,326340,19,,,1,66,,326341,19,,,1,41,,326343,8,0,7 23,1,56,,326342,19,,,1,31,,326344,8,0,7 23,1,24,,326345,19,,,1,82,,326347,8,0,7 23,1,61,,326346,19,,,1,100,,326348,19,,,1,100,,326349,19,,,1,100,,326350,19,,,1,100,,326351,19,,,1,105,,326352,19,,,1,100,,326353,19,,,1,100,,326354,19,,,1,100,,326355,19,,,1,100,,326356,19,,,1,100,,326357,19,,,1,105,,326358,19,,,1,200,,326359,19,,,1,199,,326360,19,,,1,205,,326361,19,,,1
9201,'20261120',439,,326362,19,,,1,66,,326363,19,,,1,41,,326365,8,0,7 23,1,56,,326364,19,,,1,31,,326366,8,0,7 23,1,24,,326367,19,,,1,82,,326369,8,0,7 23,1,61,,326368,19,,,1,100,,326370,19,,,1,100,,326371,19,,,1,100,,326372,19,,,1,100,,326373,19,,,1,105,,326374,19,,,1,100,,326375,19,,,1,100,,326376,19,,,1,100,,326377,19,,,1,100,,326378,19,,,1,100,,326379,19,,,1,105,,326380,19,,,1,200,,326381,19,,,1,199,,326382,19,,,1,205,,326383,19,,,1
9201,'20261121',555,,326384,19,,,1,100,,326385,19,,,1,101,,326386,19,,,1,95,,326387,19,,,1,99,,326388,19,,,1,95,,326389,19,,,1,96,,326390,19,,,1,100,,326391,19,,,1,100,,326392,19,,,1,100,,326393,19,,,1,105,,326394,19,,,1,105,,326395,19,,,1,99,,326396,19,,,1,100,,326397,19,,,1,108,,326398,19,,,1,245,,326399,19,,,1,153,,326400,19,,,1
9201,'20261122',555,,326401,19,,,1,100,,326402,19,,,1,101,,326403,19,,,1,95,,326404,19,,,1,99,,326405,19,,,1,95,,326406,19,,,1,96,,326407,19,,,1,100,,326408,19,,,1,100,,326409,19,,,1,100,,326410,19,,,1,105,,326411,19,,,1,105,,326412,19,,,1,99,,326413,19,,,1,100,,326414,19,,,1,108,,326415,19,,,1,245,,326416,19,,,1,153,,326417,19,,,1
9201,'20261123',439,,326418,19,,,1,66,,326419,19,,,1,41,,326421,8,0,7 23,1,56,,326420,19,,,1,31,,326422,8,0,7 23,1,24,,326423,19,,,1,82,,326425,8,0,7 23,1,61,,326424,19,,,1,100,,326426,19,,,1,100,,326427,19,,,1,100,,326428,19,,,1,100,,326429,19,,,1,105,,326430,19,,,1,100,,326431,19,,,1,100,,326432,19,,,1,100,,326433,19,,,1,100,,326434,19,,,1,100,,326435,19,,,1,105,,326436,19,,,1,200,,326437,19,,,1,199,,326438,19,,,1,205,,326439,19,,,1
9201,'20261124',439,,326440,19,,,1,66,,326441,19,,,1,41,,326443,8,0,7 23,1,56,,326442,19,,,1,31,,326444,8,0,7 23,1,24,,326445,19,,,1,82,,326447,8,0,7 23,1,61,,326446,19,,,1,100,,326448,19,,,1,100,,326449,19,,,1,100,,326450,19,,,1,100,,326451,19,,,1,105,,326452,19,,,1,100,,326453,19,,,1,100,,326454,19,,,1,100,,326455,19,,,1,100,,326456,19,,,1,100,,326457,19,,,1,105,,326458,19,,,1,200,,326459,19,,,1,199,,326460,19,,,1,205,,326461,19,,,1
9201,'20261125',439,,326462,19,,,1,66,,326463,19,,,1,41,,326465,8,0,7 23,1,56,,326464,19,,,1,31,,326466,8,0,7 23,1,24,,326467,19,,,1,82,,326469,8,0,7 23,1,61,,326468,19,,,1,100,,326470,19,,,1,100,,326471,19,,,1,100,,326472,19,,,1,100,,326473,19,,,1,105,,326474,19,,,1,100,,326475,19,,,1,100,,326476,19,,,1,100,,326477,19,,,1,100,,326478,19,,,1,100,,326479,19,,,1,105,,326480,19,,,1,200,,326481,19,,,1,199,,326482,19,,,1,205,,326483,19,,,1
9201,'20261126',439,,326484,19,,,1,66,,326485,19,,,1,41,,326487,8,0,7 23,1,56,,326486,19,,,1,31,,326488,8,0,7 23,1,24,,326489,19,,,1,82,,326491,8,0,7 23,1,61,,326490,19,,,1,100,,326492,19,,,1,100,,326493,19,,,1,100,,326494,19,,,1,100,,326495,19,,,1,105,,326496,19,,,1,100,,326497,19,,,1,100,,326498,19,,,1,100,,326499,19,,,1,100,,326500,19,,,1,100,,326501,19,,,1,105,,326502,19,,,1,200,,326503,19,,,1,199,,326504,19,,,1,205,,326505,19,,,1
9201,'20261127',439,,326506,19,,,1,66,,326507,19,,,1,41,,326509,8,0,7 23,1,56,,326508,19,,,1,31,,326510,8,0,7 23,1,24,,326511,19,,,1,82,,326513,8,0,7 23,1,61,,326512,19,,,1,100,,326514,19,,,1,100,,326515,19,,,1,100,,326516,19,,,1,100,,326517,19,,,1,105,,326518,19,,,1,100,,326519,19,,,1,100,,326520,19,,,1,100,,326521,19,,,1,100,,326522,19,,,1,100,,326523,19,,,1,105,,326524,19,,,1,200,,326525,19,,,1,199,,326526,19,,,1,205,,326527,19,,,1
9401,'20260921',433,,328572,3,,,1,100,,328573,3,,,1,75,,328574,3,,,1,30,,328575,3,,,1,95,,328576,3,,,1,105,,328577,3,,,1,100,,328578,3,,,1,100,,328579,3,,,1,100,,328580,3,,,1,100,,328581,3,,,1,100,,328582,3,,,1,100,,328583,3,,,1,100,,328584,3,,,1,100,,328585,3,,,1,100,,328586,3,,,1,100,,328587,3,,,1,105,,328588,3,,,1,95,,328589,3,,,1,100,,328590,3,,,1,100,,328591,3,,,1,195,,328592,3,,,1,200,,328593,3,,,1
9401,'20260922',433,,328594,3,,,1,100,,328595,3,,,1,75,,328596,3,,,1,30,,328597,3,,,1,95,,328598,3,,,1,105,,328599,3,,,1,100,,328600,3,,,1,100,,328601,3,,,1,100,,328602,3,,,1,100,,328603,3,,,1,100,,328604,3,,,1,100,,328605,3,,,1,100,,328606,3,,,1,100,,328607,3,,,1,100,,328608,3,,,1,100,,328609,3,,,1,105,,328610,3,,,1,95,,328611,3,,,1,100,,328612,3,,,1,100,,328613,3,,,1,195,,328614,3,,,1,200,,328615,3,,,1
9401,'20260923',433,,328616,3,,,1,100,,328617,3,,,1,75,,328618,3,,,1,30,,328619,3,,,1,95,,328620,3,,,1,105,,328621,3,,,1,100,,328622,3,,,1,100,,328623,3,,,1,100,,328624,3,,,1,100,,328625,3,,,1,100,,328626,3,,,1,100,,328627,3,,,1,100,,328628,3,,,1,100,,328629,3,,,1,100,,328630,3,,,1,100,,328631,3,,,1,105,,328632,3,,,1,95,,328633,3,,,1,100,,328634,3,,,1,100,,328635,3,,,1,195,,328636,3,,,1,200,,328637,3,,,1
9401,'20260924',433,,328638,3,,,1,100,,328639,3,,,1,75,,328640,3,,,1,30,,328641,3,,,1,95,,328642,3,,,1,105,,328643,3,,,1,100,,328644,3,,,1,100,,328645,3,,,1,100,,328646,3,,,1,100,,328647,3,,,1,100,,328648,3,,,1,100,,328649,3,,,1,100,,328650,3,,,1,100,,328651,3,,,1,100,,328652,3,,,1,100,,328653,3,,,1,105,,328654,3,,,1,95,,328655,3,,,1,100,,328656,3,,,1,100,,328657,3,,,1,195,,328658,3,,,1,200,,328659,3,,,1
9401,'20260925',433,,328660,3,,,1,100,,328661,3,,,1,75,,328662,3,,,1,30,,328663,3,,,1,95,,328664,3,,,1,105,,328665,3,,,1,100,,328666,3,,,1,100,,328667,3,,,1,100,,328668,3,,,1,100,,328669,3,,,1,100,,328670,3,,,1,100,,328671,3,,,1,100,,328672,3,,,1,100,,328673,3,,,1,100,,328674,3,,,1,100,,328675,3,,,1,105,,328676,3,,,1,95,,328677,3,,,1,100,,328678,3,,,1,100,,328679,3,,,1,195,,328680,3,,,1,200,,328681,3,,,1
9401,'20260926',428,,328682,3,,,1,100,,328683,3,,,1,110,,328684,3,,,1,100,,328685,3,,,1,100,,328686,3,,,1,100,,328687,3,,,1,100,,328688,3,,,1,100,,328689,3,,,1,100,,328690,3,,,1,100,,328691,3,,,1,100,,328692,3,,,1,100,,328693,3,,,1,100,,328694,3,,,1,100,,328695,3,,,1,100,,328696,3,,,1,100,,328697,3,,,1,100,,328698,3,,,1,200,,328699,3,,,1,190,,328700,3,,,1,200,,328701,3,,,1
9401,'20260927',428,,328702,3,,,1,100,,328703,3,,,1,110,,328704,3,,,1,100,,328705,3,,,1,100,,328706,3,,,1,100,,328707,3,,,1,100,,328708,3,,,1,100,,328709,3,,,1,100,,328710,3,,,1,100,,328711,3,,,1,100,,328712,3,,,1,100,,328713,3,,,1,100,,328714,3,,,1,100,,328715,3,,,1,100,,328716,3,,,1,100,,328717,3,,,1,100,,328718,3,,,1,200,,328719,3,,,1,190,,328720,3,,,1,200,,328721,3,,,1
9401,'20260928',433,,328722,3,,,1,100,,328723,3,,,1,75,,328724,3,,,1,30,,328725,3,,,1,95,,328726,3,,,1,105,,328727,3,,,1,100,,328728,3,,,1,100,,328729,3,,,1,100,,328730,3,,,1,100,,328731,3,,,1,100,,328732,3,,,1,100,,328733,3,,,1,100,,328734,3,,,1,100,,328735,3,,,1,100,,328736,3,,,1,100,,328737,3,,,1,105,,328738,3,,,1,95,,328739,3,,,1,100,,328740,3,,,1,100,,328741,3,,,1,195,,328742,3,,,1,200,,328743,3,,,1
9401,'20260929',433,,328744,3,,,1,100,,328745,3,,,1,75,,328746,3,,,1,30,,328747,3,,,1,95,,328748,3,,,1,105,,328749,3,,,1,100,,328750,3,,,1,100,,328751,3,,,1,100,,328752,3,,,1,100,,328753,3,,,1,100,,328754,3,,,1,100,,328755,3,,,1,100,,328756,3,,,1,100,,328757,3,,,1,100,,328758,3,,,1,100,,328759,3,,,1,105,,328760,3,,,1,95,,328761,3,,,1,100,,328762,3,,,1,100,,328763,3,,,1,195,,328764,3,,,1,200,,328765,3,,,1
9401,'20260930',433,,328766,3,,,1,100,,328767,3,,,1,75,,328768,3,,,1,30,,328769,3,,,1,95,,328770,3,,,1,105,,328771,3,,,1,100,,328772,3,,,1,100,,328773,3,,,1,100,,328774,3,,,1,100,,328775,3,,,1,100,,328776,3,,,1,100,,328777,3,,,1,100,,328778,3,,,1,100,,328779,3,,,1,100,,328780,3,,,1,100,,328781,3,,,1,105,,328782,3,,,1,95,,328783,3,,,1,100,,328784,3,,,1,100,,328785,3,,,1,195,,328786,3,,,1,200,,328787,3,,,1
9401,'20261001',433,,328788,3,,,1,100,,328789,3,,,1,75,,328790,3,,,1,30,,328791,3,,,1,95,,328792,3,,,1,105,,328793,3,,,1,100,,328794,3,,,1,100,,328795,3,,,1,100,,328796,3,,,1,100,,328797,3,,,1,100,,328798,3,,,1,100,,328799,3,,,1,100,,328800,3,,,1,100,,328801,3,,,1,100,,328802,3,,,1,100,,328803,3,,,1,105,,328804,3,,,1,95,,328805,3,,,1,100,,328806,3,,,1,100,,328807,3,,,1,195,,328808,3,,,1,200,,328809,3,,,1
9401,'20261002',433,,328810,3,,,1,100,,328811,3,,,1,75,,328812,3,,,1,30,,328813,3,,,1,95,,328814,3,,,1,105,,328815,3,,,1,100,,328816,3,,,1,100,,328817,3,,,1,100,,328818,3,,,1,100,,328819,3,,,1,100,,328820,3,,,1,100,,328821,3,,,1,100,,328822,3,,,1,100,,328823,3,,,1,100,,328824,3,,,1,100,,328825,3,,,1,105,,328826,3,,,1,95,,328827,3,,,1,100,,328828,3,,,1,100,,328829,3,,,1,195,,328830,3,,,1,200,,328831,3,,,1
9401,'20261003',428,,328832,3,,,1,100,,328833,3,,,1,110,,328834,3,,,1,100,,328835,3,,,1,100,,328836,3,,,1,100,,328837,3,,,1,100,,328838,3,,,1,100,,328839,3,,,1,100,,328840,3,,,1,100,,328841,3,,,1,100,,328842,3,,,1,100,,328843,3,,,1,100,,328844,3,,,1,100,,328845,3,,,1,100,,328846,3,,,1,100,,328847,3,,,1,100,,328848,3,,,1,200,,328849,3,,,1,190,,328850,3,,,1,200,,328851,3,,,1
9401,'20261004',428,,328852,3,,,1,100,,328853,3,,,1,110,,328854,3,,,1,100,,328855,3,,,1,100,,328856,3,,,1,100,,328857,3,,,1,100,,328858,3,,,1,100,,328859,3,,,1,100,,328860,3,,,1,100,,328861,3,,,1,100,,328862,3,,,1,100,,328863,3,,,1,100,,328864,3,,,1,100,,328865,3,,,1,100,,328866,3,,,1,100,,328867,3,,,1,100,,328868,3,,,1,200,,328869,3,,,1,190,,328870,3,,,1,200,,328871,3,,,1
9401,'20261005',433,,328872,3,,,1,100,,328873,3,,,1,75,,328874,3,,,1,30,,328875,3,,,1,95,,328876,3,,,1,105,,328877,3,,,1,100,,328878,3,,,1,100,,328879,3,,,1,100,,328880,3,,,1,100,,328881,3,,,1,100,,328882,3,,,1,100,,328883,3,,,1,100,,328884,3,,,1,100,,328885,3,,,1,100,,328886,3,,,1,100,,328887,3,,,1,105,,328888,3,,,1,95,,328889,3,,,1,100,,328890,3,,,1,100,,328891,3,,,1,195,,328892,3,,,1,200,,328893,3,,,1
9401,'20261006',433,,328894,3,,,1,100,,328895,3,,,1,75,,328896,3,,,1,30,,328897,3,,,1,95,,328898,3,,,1,105,,328899,3,,,1,100,,328900,3,,,1,100,,328901,3,,,1,100,,328902,3,,,1,100,,328903,3,,,1,100,,328904,3,,,1,100,,328905,3,,,1,100,,328906,3,,,1,100,,328907,3,,,1,100,,328908,3,,,1,100,,328909,3,,,1,105,,328910,3,,,1,95,,328911,3,,,1,100,,328912,3,,,1,100,,328913,3,,,1,195,,328914,3,,,1,200,,328915,3,,,1
9401,'20261007',433,,328916,3,,,1,100,,328917,3,,,1,75,,328918,3,,,1,30,,328919,3,,,1,95,,328920,3,,,1,105,,328921,3,,,1,100,,328922,3,,,1,100,,328923,3,,,1,100,,328924,3,,,1,100,,328925,3,,,1,100,,328926,3,,,1,100,,328927,3,,,1,100,,328928,3,,,1,100,,328929,3,,,1,100,,328930,3,,,1,100,,328931,3,,,1,105,,328932,3,,,1,95,,328933,3,,,1,100,,328934,3,,,1,100,,328935,3,,,1,195,,328936,3,,,1,200,,328937,3,,,1
9401,'20261008',433,,328938,3,,,1,100,,328939,3,,,1,75,,328940,3,,,1,30,,328941,3,,,1,95,,328942,3,,,1,105,,328943,3,,,1,100,,328944,3,,,1,100,,328945,3,,,1,100,,328946,3,,,1,100,,328947,3,,,1,100,,328948,3,,,1,100,,328949,3,,,1,100,,328950,3,,,1,100,,328951,3,,,1,100,,328952,3,,,1,100,,328953,3,,,1,105,,328954,3,,,1,95,,328955,3,,,1,100,,328956,3,,,1,100,,328957,3,,,1,195,,328958,3,,,1,200,,328959,3,,,1
9401,'20261009',433,,328960,3,,,1,100,,328961,3,,,1,75,,328962,3,,,1,30,,328963,3,,,1,95,,328964,3,,,1,105,,328965,3,,,1,100,,328966,3,,,1,100,,328967,3,,,1,100,,328968,3,,,1,100,,328969,3,,,1,100,,328970,3,,,1,100,,328971,3,,,1,100,,328972,3,,,1,100,,328973,3,,,1,100,,328974,3,,,1,100,,328975,3,,,1,105,,328976,3,,,1,95,,328977,3,,,1,100,,328978,3,,,1,100,,328979,3,,,1,195,,328980,3,,,1,200,,328981,3,,,1
9401,'20261010',428,,328982,3,,,1,100,,328983,3,,,1,110,,328984,3,,,1,100,,328985,3,,,1,100,,328986,3,,,1,100,,328987,3,,,1,100,,328988,3,,,1,100,,328989,3,,,1,100,,328990,3,,,1,100,,328991,3,,,1,100,,328992,3,,,1,100,,328993,3,,,1,100,,328994,3,,,1,100,,328995,3,,,1,100,,328996,3,,,1,100,,328997,3,,,1,100,,328998,3,,,1,200,,328999,3,,,1,190,,329000,3,,,1,200,,329001,3,,,1
9401,'20261011',428,,329002,3,,,1,100,,329003,3,,,1,110,,329004,3,,,1,100,,329005,3,,,1,100,,329006,3,,,1,100,,329007,3,,,1,100,,329008,3,,,1,100,,329009,3,,,1,100,,329010,3,,,1,100,,329011,3,,,1,100,,329012,3,,,1,100,,329013,3,,,1,100,,329014,3,,,1,100,,329015,3,,,1,100,,329016,3,,,1,100,,329017,3,,,1,100,,329018,3,,,1,200,,329019,3,,,1,190,,329020,3,,,1,200,,329021,3,,,1
9401,'20261012',428,,329022,3,,,1,100,,329023,3,,,1,110,,329024,3,,,1,100,,329025,3,,,1,100,,329026,3,,,1,100,,329027,3,,,1,100,,329028,3,,,1,100,,329029,3,,,1,100,,329030,3,,,1,100,,329031,3,,,1,100,,329032,3,,,1,100,,329033,3,,,1,100,,329034,3,,,1,100,,329035,3,,,1,100,,329036,3,,,1,100,,329037,3,,,1,100,,329038,3,,,1,200,,329039,3,,,1,190,,329040,3,,,1,200,,329041,3,,,1
9401,'20261013',433,,329042,3,,,1,100,,329043,3,,,1,75,,329044,3,,,1,30,,329045,3,,,1,95,,329046,3,,,1,105,,329047,3,,,1,100,,329048,3,,,1,100,,329049,3,,,1,100,,329050,3,,,1,100,,329051,3,,,1,100,,329052,3,,,1,100,,329053,3,,,1,100,,329054,3,,,1,100,,329055,3,,,1,100,,329056,3,,,1,100,,329057,3,,,1,105,,329058,3,,,1,95,,329059,3,,,1,100,,329060,3,,,1,100,,329061,3,,,1,195,,329062,3,,,1,200,,329063,3,,,1
9401,'20261014',433,,329064,3,,,1,100,,329065,3,,,1,75,,329066,3,,,1,30,,329067,3,,,1,95,,329068,3,,,1,105,,329069,3,,,1,100,,329070,3,,,1,100,,329071,3,,,1,100,,329072,3,,,1,100,,329073,3,,,1,100,,329074,3,,,1,100,,329075,3,,,1,100,,329076,3,,,1,100,,329077,3,,,1,100,,329078,3,,,1,100,,329079,3,,,1,105,,329080,3,,,1,95,,329081,3,,,1,100,,329082,3,,,1,100,,329083,3,,,1,195,,329084,3,,,1,200,,329085,3,,,1
9401,'20261015',433,,329086,3,,,1,100,,329087,3,,,1,75,,329088,3,,,1,30,,329089,3,,,1,95,,329090,3,,,1,105,,329091,3,,,1,100,,329092,3,,,1,100,,329093,3,,,1,100,,329094,3,,,1,100,,329095,3,,,1,100,,329096,3,,,1,100,,329097,3,,,1,100,,329098,3,,,1,100,,329099,3,,,1,100,,329100,3,,,1,100,,329101,3,,,1,105,,329102,3,,,1,95,,329103,3,,,1,100,,329104,3,,,1,100,,329105,3,,,1,195,,329106,3,,,1,200,,329107,3,,,1
9401,'20261016',433,,329108,3,,,1,100,,329109,3,,,1,75,,329110,3,,,1,30,,329111,3,,,1,95,,329112,3,,,1,105,,329113,3,,,1,100,,329114,3,,,1,100,,329115,3,,,1,100,,329116,3,,,1,100,,329117,3,,,1,100,,329118,3,,,1,100,,329119,3,,,1,100,,329120,3,,,1,100,,329121,3,,,1,100,,329122,3,,,1,100,,329123,3,,,1,105,,329124,3,,,1,95,,329125,3,,,1,100,,329126,3,,,1,100,,329127,3,,,1,195,,329128,3,,,1,200,,329129,3,,,1
9401,'20261017',428,,329130,3,,,1,100,,329131,3,,,1,110,,329132,3,,,1,100,,329133,3,,,1,100,,329134,3,,,1,100,,329135,3,,,1,100,,329136,3,,,1,100,,329137,3,,,1,100,,329138,3,,,1,100,,329139,3,,,1,100,,329140,3,,,1,100,,329141,3,,,1,100,,329142,3,,,1,100,,329143,3,,,1,100,,329144,3,,,1,100,,329145,3,,,1,100,,329146,3,,,1,200,,329147,3,,,1,190,,329148,3,,,1,200,,329149,3,,,1
9401,'20261018',428,,329150,3,,,1,100,,329151,3,,,1,110,,329152,3,,,1,100,,329153,3,,,1,100,,329154,3,,,1,100,,329155,3,,,1,100,,329156,3,,,1,100,,329157,3,,,1,100,,329158,3,,,1,100,,329159,3,,,1,100,,329160,3,,,1,100,,329161,3,,,1,100,,329162,3,,,1,100,,329163,3,,,1,100,,329164,3,,,1,100,,329165,3,,,1,100,,329166,3,,,1,200,,329167,3,,,1,190,,329168,3,,,1,200,,329169,3,,,1
9401,'20261019',433,,329170,3,,,1,100,,329171,3,,,1,75,,329172,3,,,1,30,,329173,3,,,1,95,,329174,3,,,1,105,,329175,3,,,1,100,,329176,3,,,1,100,,329177,3,,,1,100,,329178,3,,,1,100,,329179,3,,,1,100,,329180,3,,,1,100,,329181,3,,,1,100,,329182,3,,,1,100,,329183,3,,,1,100,,329184,3,,,1,100,,329185,3,,,1,105,,329186,3,,,1,95,,329187,3,,,1,100,,329188,3,,,1,100,,329189,3,,,1,195,,329190,3,,,1,200,,329191,3,,,1
9401,'20261020',433,,329192,3,,,1,100,,329193,3,,,1,75,,329194,3,,,1,30,,329195,3,,,1,95,,329196,3,,,1,105,,329197,3,,,1,100,,329198,3,,,1,100,,329199,3,,,1,100,,329200,3,,,1,100,,329201,3,,,1,100,,329202,3,,,1,100,,329203,3,,,1,100,,329204,3,,,1,100,,329205,3,,,1,100,,329206,3,,,1,100,,329207,3,,,1,105,,329208,3,,,1,95,,329209,3,,,1,100,,329210,3,,,1,100,,329211,3,,,1,195,,329212,3,,,1,200,,329213,3,,,1
9401,'20261021',433,,329214,3,,,1,100,,329215,3,,,1,75,,329216,3,,,1,30,,329217,3,,,1,95,,329218,3,,,1,105,,329219,3,,,1,100,,329220,3,,,1,100,,329221,3,,,1,100,,329222,3,,,1,100,,329223,3,,,1,100,,329224,3,,,1,100,,329225,3,,,1,100,,329226,3,,,1,100,,329227,3,,,1,100,,329228,3,,,1,100,,329229,3,,,1,105,,329230,3,,,1,95,,329231,3,,,1,100,,329232,3,,,1,100,,329233,3,,,1,195,,329234,3,,,1,200,,329235,3,,,1
9401,'20261022',433,,329236,3,,,1,100,,329237,3,,,1,75,,329238,3,,,1,30,,329239,3,,,1,95,,329240,3,,,1,105,,329241,3,,,1,100,,329242,3,,,1,100,,329243,3,,,1,100,,329244,3,,,1,100,,329245,3,,,1,100,,329246,3,,,1,100,,329247,3,,,1,100,,329248,3,,,1,100,,329249,3,,,1,100,,329250,3,,,1,100,,329251,3,,,1,105,,329252,3,,,1,95,,329253,3,,,1,100,,329254,3,,,1,100,,329255,3,,,1,195,,329256,3,,,1,200,,329257,3,,,1
9401,'20261023',433,,329258,3,,,1,100,,329259,3,,,1,75,,329260,3,,,1,30,,329261,3,,,1,95,,329262,3,,,1,105,,329263,3,,,1,100,,329264,3,,,1,100,,329265,3,,,1,100,,329266,3,,,1,100,,329267,3,,,1,100,,329268,3,,,1,100,,329269,3,,,1,100,,329270,3,,,1,100,,329271,3,,,1,100,,329272,3,,,1,100,,329273,3,,,1,105,,329274,3,,,1,95,,329275,3,,,1,100,,329276,3,,,1,100,,329277,3,,,1,195,,329278,3,,,1,200,,329279,3,,,1
9401,'20261024',428,,329280,3,,,1,100,,329281,3,,,1,110,,329282,3,,,1,100,,329283,3,,,1,100,,329284,3,,,1,100,,329285,3,,,1,100,,329286,3,,,1,100,,329287,3,,,1,100,,329288,3,,,1,100,,329289,3,,,1,100,,329290,3,,,1,100,,329291,3,,,1,100,,329292,3,,,1,100,,329293,3,,,1,100,,329294,3,,,1,100,,329295,3,,,1,100,,329296,3,,,1,200,,329297,3,,,1,190,,329298,3,,,1,200,,329299,3,,,1
9401,'20261025',428,,329300,3,,,1,100,,329301,3,,,1,110,,329302,3,,,1,100,,329303,3,,,1,100,,329304,3,,,1,100,,329305,3,,,1,100,,329306,3,,,1,100,,329307,3,,,1,100,,329308,3,,,1,100,,329309,3,,,1,100,,329310,3,,,1,100,,329311,3,,,1,100,,329312,3,,,1,100,,329313,3,,,1,100,,329314,3,,,1,100,,329315,3,,,1,100,,329316,3,,,1,200,,329317,3,,,1,190,,329318,3,,,1,200,,329319,3,,,1
9401,'20261026',433,,329320,3,,,1,100,,329321,3,,,1,75,,329322,3,,,1,30,,329323,3,,,1,95,,329324,3,,,1,105,,329325,3,,,1,100,,329326,3,,,1,100,,329327,3,,,1,100,,329328,3,,,1,100,,329329,3,,,1,100,,329330,3,,,1,100,,329331,3,,,1,100,,329332,3,,,1,100,,329333,3,,,1,100,,329334,3,,,1,100,,329335,3,,,1,105,,329336,3,,,1,95,,329337,3,,,1,100,,329338,3,,,1,100,,329339,3,,,1,195,,329340,3,,,1,200,,329341,3,,,1
9401,'20261027',433,,329342,3,,,1,100,,329343,3,,,1,75,,329344,3,,,1,30,,329345,3,,,1,95,,329346,3,,,1,105,,329347,3,,,1,100,,329348,3,,,1,100,,329349,3,,,1,100,,329350,3,,,1,100,,329351,3,,,1,100,,329352,3,,,1,100,,329353,3,,,1,100,,329354,3,,,1,100,,329355,3,,,1,100,,329356,3,,,1,100,,329357,3,,,1,105,,329358,3,,,1,95,,329359,3,,,1,100,,329360,3,,,1,100,,329361,3,,,1,195,,329362,3,,,1,200,,329363,3,,,1
9401,'20261028',433,,329364,3,,,1,100,,329365,3,,,1,75,,329366,3,,,1,30,,329367,3,,,1,95,,329368,3,,,1,105,,329369,3,,,1,100,,329370,3,,,1,100,,329371,3,,,1,100,,329372,3,,,1,100,,329373,3,,,1,100,,329374,3,,,1,100,,329375,3,,,1,100,,329376,3,,,1,100,,329377,3,,,1,100,,329378,3,,,1,100,,329379,3,,,1,105,,329380,3,,,1,95,,329381,3,,,1,100,,329382,3,,,1,100,,329383,3,,,1,195,,329384,3,,,1,200,,329385,3,,,1
9401,'20261029',433,,329386,3,,,1,100,,329387,3,,,1,75,,329388,3,,,1,30,,329389,3,,,1,95,,329390,3,,,1,105,,329391,3,,,1,100,,329392,3,,,1,100,,329393,3,,,1,100,,329394,3,,,1,100,,329395,3,,,1,100,,329396,3,,,1,100,,329397,3,,,1,100,,329398,3,,,1,100,,329399,3,,,1,100,,329400,3,,,1,100,,329401,3,,,1,105,,329402,3,,,1,95,,329403,3,,,1,100,,329404,3,,,1,100,,329405,3,,,1,195,,329406,3,,,1,200,,329407,3,,,1
9401,'20261030',433,,329408,3,,,1,100,,329409,3,,,1,75,,329410,3,,,1,30,,329411,3,,,1,95,,329412,3,,,1,105,,329413,3,,,1,100,,329414,3,,,1,100,,329415,3,,,1,100,,329416,3,,,1,100,,329417,3,,,1,100,,329418,3,,,1,100,,329419,3,,,1,100,,329420,3,,,1,100,,329421,3,,,1,100,,329422,3,,,1,100,,329423,3,,,1,105,,329424,3,,,1,95,,329425,3,,,1,100,,329426,3,,,1,100,,329427,3,,,1,195,,329428,3,,,1,200,,329429,3,,,1
9401,'20261031',428,,329430,3,,,1,100,,329431,3,,,1,110,,329432,3,,,1,100,,329433,3,,,1,100,,329434,3,,,1,100,,329435,3,,,1,100,,329436,3,,,1,100,,329437,3,,,1,100,,329438,3,,,1,100,,329439,3,,,1,100,,329440,3,,,1,100,,329441,3,,,1,100,,329442,3,,,1,100,,329443,3,,,1,100,,329444,3,,,1,100,,329445,3,,,1,100,,329446,3,,,1,200,,329447,3,,,1,190,,329448,3,,,1,200,,329449,3,,,1
9401,'20261101',428,,329450,3,,,1,100,,329451,3,,,1,110,,329452,3,,,1,100,,329453,3,,,1,100,,329454,3,,,1,100,,329455,3,,,1,100,,329456,3,,,1,100,,329457,3,,,1,100,,329458,3,,,1,100,,329459,3,,,1,100,,329460,3,,,1,100,,329461,3,,,1,100,,329462,3,,,1,100,,329463,3,,,1,100,,329464,3,,,1,100,,329465,3,,,1,100,,329466,3,,,1,200,,329467,3,,,1,190,,329468,3,,,1,200,,329469,3,,,1
9401,'20261102',433,,329470,3,,,1,100,,329471,3,,,1,75,,329472,3,,,1,30,,329473,3,,,1,95,,329474,3,,,1,105,,329475,3,,,1,100,,329476,3,,,1,100,,329477,3,,,1,100,,329478,3,,,1,100,,329479,3,,,1,100,,329480,3,,,1,100,,329481,3,,,1,100,,329482,3,,,1,100,,329483,3,,,1,100,,329484,3,,,1,100,,329485,3,,,1,105,,329486,3,,,1,95,,329487,3,,,1,100,,329488,3,,,1,100,,329489,3,,,1,195,,329490,3,,,1,200,,329491,3,,,1
9401,'20261103',433,,329492,3,,,1,100,,329493,3,,,1,75,,329494,3,,,1,30,,329495,3,,,1,95,,329496,3,,,1,105,,329497,3,,,1,100,,329498,3,,,1,100,,329499,3,,,1,100,,329500,3,,,1,100,,329501,3,,,1,100,,329502,3,,,1,100,,329503,3,,,1,100,,329504,3,,,1,100,,329505,3,,,1,100,,329506,3,,,1,100,,329507,3,,,1,105,,329508,3,,,1,95,,329509,3,,,1,100,,329510,3,,,1,100,,329511,3,,,1,195,,329512,3,,,1,200,,329513,3,,,1
9401,'20261104',433,,329514,3,,,1,100,,329515,3,,,1,75,,329516,3,,,1,30,,329517,3,,,1,95,,329518,3,,,1,105,,329519,3,,,1,100,,329520,3,,,1,100,,329521,3,,,1,100,,329522,3,,,1,100,,329523,3,,,1,100,,329524,3,,,1,100,,329525,3,,,1,100,,329526,3,,,1,100,,329527,3,,,1,100,,329528,3,,,1,100,,329529,3,,,1,105,,329530,3,,,1,95,,329531,3,,,1,100,,329532,3,,,1,100,,329533,3,,,1,195,,329534,3,,,1,200,,329535,3,,,1
9401,'20261105',433,,329536,3,,,1,100,,329537,3,,,1,75,,329538,3,,,1,30,,329539,3,,,1,95,,329540,3,,,1,105,,329541,3,,,1,100,,329542,3,,,1,100,,329543,3,,,1,100,,329544,3,,,1,100,,329545,3,,,1,100,,329546,3,,,1,100,,329547,3,,,1,100,,329548,3,,,1,100,,329549,3,,,1,100,,329550,3,,,1,100,,329551,3,,,1,105,,329552,3,,,1,95,,329553,3,,,1,100,,329554,3,,,1,100,,329555,3,,,1,195,,329556,3,,,1,200,,329557,3,,,1
9401,'20261106',433,,329558,3,,,1,100,,329559,3,,,1,75,,329560,3,,,1,30,,329561,3,,,1,95,,329562,3,,,1,105,,329563,3,,,1,100,,329564,3,,,1,100,,329565,3,,,1,100,,329566,3,,,1,100,,329567,3,,,1,100,,329568,3,,,1,100,,329569,3,,,1,100,,329570,3,,,1,100,,329571,3,,,1,100,,329572,3,,,1,100,,329573,3,,,1,105,,329574,3,,,1,95,,329575,3,,,1,100,,329576,3,,,1,100,,329577,3,,,1,195,,329578,3,,,1,200,,329579,3,,,1
9401,'20261107',428,,329580,3,,,1,100,,329581,3,,,1,110,,329582,3,,,1,100,,329583,3,,,1,100,,329584,3,,,1,100,,329585,3,,,1,100,,329586,3,,,1,100,,329587,3,,,1,100,,329588,3,,,1,100,,329589,3,,,1,100,,329590,3,,,1,100,,329591,3,,,1,100,,329592,3,,,1,100,,329593,3,,,1,100,,329594,3,,,1,100,,329595,3,,,1,100,,329596,3,,,1,200,,329597,3,,,1,190,,329598,3,,,1,200,,329599,3,,,1
9401,'20261108',428,,329600,3,,,1,100,,329601,3,,,1,110,,329602,3,,,1,100,,329603,3,,,1,100,,329604,3,,,1,100,,329605,3,,,1,100,,329606,3,,,1,100,,329607,3,,,1,100,,329608,3,,,1,100,,329609,3,,,1,100,,329610,3,,,1,100,,329611,3,,,1,100,,329612,3,,,1,100,,329613,3,,,1,100,,329614,3,,,1,100,,329615,3,,,1,100,,329616,3,,,1,200,,329617,3,,,1,190,,329618,3,,,1,200,,329619,3,,,1
9401,'20261109',433,,329620,3,,,1,100,,329621,3,,,1,75,,329622,3,,,1,30,,329623,3,,,1,95,,329624,3,,,1,105,,329625,3,,,1,100,,329626,3,,,1,100,,329627,3,,,1,100,,329628,3,,,1,100,,329629,3,,,1,100,,329630,3,,,1,100,,329631,3,,,1,100,,329632,3,,,1,100,,329633,3,,,1,100,,329634,3,,,1,100,,329635,3,,,1,105,,329636,3,,,1,95,,329637,3,,,1,100,,329638,3,,,1,100,,329639,3,,,1,195,,329640,3,,,1,200,,329641,3,,,1
9401,'20261110',433,,329642,3,,,1,100,,329643,3,,,1,75,,329644,3,,,1,30,,329645,3,,,1,95,,329646,3,,,1,105,,329647,3,,,1,100,,329648,3,,,1,100,,329649,3,,,1,100,,329650,3,,,1,100,,329651,3,,,1,100,,329652,3,,,1,100,,329653,3,,,1,100,,329654,3,,,1,100,,329655,3,,,1,100,,329656,3,,,1,100,,329657,3,,,1,105,,329658,3,,,1,95,,329659,3,,,1,100,,329660,3,,,1,100,,329661,3,,,1,195,,329662,3,,,1,200,,329663,3,,,1
9401,'20261111',433,,329664,3,,,1,100,,329665,3,,,1,75,,329666,3,,,1,30,,329667,3,,,1,95,,329668,3,,,1,105,,329669,3,,,1,100,,329670,3,,,1,100,,329671,3,,,1,100,,329672,3,,,1,100,,329673,3,,,1,100,,329674,3,,,1,100,,329675,3,,,1,100,,329676,3,,,1,100,,329677,3,,,1,100,,329678,3,,,1,100,,329679,3,,,1,105,,329680,3,,,1,95,,329681,3,,,1,100,,329682,3,,,1,100,,329683,3,,,1,195,,329684,3,,,1,200,,329685,3,,,1
9401,'20261112',433,,329686,3,,,1,100,,329687,3,,,1,75,,329688,3,,,1,30,,329689,3,,,1,95,,329690,3,,,1,105,,329691,3,,,1,100,,329692,3,,,1,100,,329693,3,,,1,100,,329694,3,,,1,100,,329695,3,,,1,100,,329696,3,,,1,100,,329697,3,,,1,100,,329698,3,,,1,100,,329699,3,,,1,100,,329700,3,,,1,100,,329701,3,,,1,105,,329702,3,,,1,95,,329703,3,,,1,100,,329704,3,,,1,100,,329705,3,,,1,195,,329706,3,,,1,200,,329707,3,,,1
9401,'20261113',433,,329708,3,,,1,100,,329709,3,,,1,75,,329710,3,,,1,30,,329711,3,,,1,95,,329712,3,,,1,105,,329713,3,,,1,100,,329714,3,,,1,100,,329715,3,,,1,100,,329716,3,,,1,100,,329717,3,,,1,100,,329718,3,,,1,100,,329719,3,,,1,100,,329720,3,,,1,100,,329721,3,,,1,100,,329722,3,,,1,100,,329723,3,,,1,105,,329724,3,,,1,95,,329725,3,,,1,100,,329726,3,,,1,100,,329727,3,,,1,195,,329728,3,,,1,200,,329729,3,,,1
9401,'20261114',428,,329730,3,,,1,100,,329731,3,,,1,110,,329732,3,,,1,100,,329733,3,,,1,100,,329734,3,,,1,100,,329735,3,,,1,100,,329736,3,,,1,100,,329737,3,,,1,100,,329738,3,,,1,100,,329739,3,,,1,100,,329740,3,,,1,100,,329741,3,,,1,100,,329742,3,,,1,100,,329743,3,,,1,100,,329744,3,,,1,100,,329745,3,,,1,100,,329746,3,,,1,200,,329747,3,,,1,190,,329748,3,,,1,200,,329749,3,,,1
9401,'20261115',428,,329750,3,,,1,100,,329751,3,,,1,110,,329752,3,,,1,100,,329753,3,,,1,100,,329754,3,,,1,100,,329755,3,,,1,100,,329756,3,,,1,100,,329757,3,,,1,100,,329758,3,,,1,100,,329759,3,,,1,100,,329760,3,,,1,100,,329761,3,,,1,100,,329762,3,,,1,100,,329763,3,,,1,100,,329764,3,,,1,100,,329765,3,,,1,100,,329766,3,,,1,200,,329767,3,,,1,190,,329768,3,,,1,200,,329769,3,,,1
9401,'20261116',433,,329770,3,,,1,100,,329771,3,,,1,75,,329772,3,,,1,30,,329773,3,,,1,95,,329774,3,,,1,105,,329775,3,,,1,100,,329776,3,,,1,100,,329777,3,,,1,100,,329778,3,,,1,100,,329779,3,,,1,100,,329780,3,,,1,100,,329781,3,,,1,100,,329782,3,,,1,100,,329783,3,,,1,100,,329784,3,,,1,100,,329785,3,,,1,105,,329786,3,,,1,95,,329787,3,,,1,100,,329788,3,,,1,100,,329789,3,,,1,195,,329790,3,,,1,200,,329791,3,,,1
9401,'20261117',433,,329792,3,,,1,100,,329793,3,,,1,75,,329794,3,,,1,30,,329795,3,,,1,95,,329796,3,,,1,105,,329797,3,,,1,100,,329798,3,,,1,100,,329799,3,,,1,100,,329800,3,,,1,100,,329801,3,,,1,100,,329802,3,,,1,100,,329803,3,,,1,100,,329804,3,,,1,100,,329805,3,,,1,100,,329806,3,,,1,100,,329807,3,,,1,105,,329808,3,,,1,95,,329809,3,,,1,100,,329810,3,,,1,100,,329811,3,,,1,195,,329812,3,,,1,200,,329813,3,,,1
9401,'20261118',433,,329814,3,,,1,100,,329815,3,,,1,75,,329816,3,,,1,30,,329817,3,,,1,95,,329818,3,,,1,105,,329819,3,,,1,100,,329820,3,,,1,100,,329821,3,,,1,100,,329822,3,,,1,100,,329823,3,,,1,100,,329824,3,,,1,100,,329825,3,,,1,100,,329826,3,,,1,100,,329827,3,,,1,100,,329828,3,,,1,100,,329829,3,,,1,105,,329830,3,,,1,95,,329831,3,,,1,100,,329832,3,,,1,100,,329833,3,,,1,195,,329834,3,,,1,200,,329835,3,,,1
9401,'20261119',433,,329836,3,,,1,100,,329837,3,,,1,75,,329838,3,,,1,30,,329839,3,,,1,95,,329840,3,,,1,105,,329841,3,,,1,100,,329842,3,,,1,100,,329843,3,,,1,100,,329844,3,,,1,100,,329845,3,,,1,100,,329846,3,,,1,100,,329847,3,,,1,100,,329848,3,,,1,100,,329849,3,,,1,100,,329850,3,,,1,100,,329851,3,,,1,105,,329852,3,,,1,95,,329853,3,,,1,100,,329854,3,,,1,100,,329855,3,,,1,195,,329856,3,,,1,200,,329857,3,,,1
9401,'20261120',433,,329858,3,,,1,100,,329859,3,,,1,75,,329860,3,,,1,30,,329861,3,,,1,95,,329862,3,,,1,105,,329863,3,,,1,100,,329864,3,,,1,100,,329865,3,,,1,100,,329866,3,,,1,100,,329867,3,,,1,100,,329868,3,,,1,100,,329869,3,,,1,100,,329870,3,,,1,100,,329871,3,,,1,100,,329872,3,,,1,100,,329873,3,,,1,105,,329874,3,,,1,95,,329875,3,,,1,100,,329876,3,,,1,100,,329877,3,,,1,195,,329878,3,,,1,200,,329879,3,,,1
9401,'20261121',428,,329880,3,,,1,100,,329881,3,,,1,110,,329882,3,,,1,100,,329883,3,,,1,100,,329884,3,,,1,100,,329885,3,,,1,100,,329886,3,,,1,100,,329887,3,,,1,100,,329888,3,,,1,100,,329889,3,,,1,100,,329890,3,,,1,100,,329891,3,,,1,100,,329892,3,,,1,100,,329893,3,,,1,100,,329894,3,,,1,100,,329895,3,,,1,100,,329896,3,,,1,200,,329897,3,,,1,190,,329898,3,,,1,200,,329899,3,,,1
9401,'20261122',428,,329900,3,,,1,100,,329901,3,,,1,110,,329902,3,,,1,100,,329903,3,,,1,100,,329904,3,,,1,100,,329905,3,,,1,100,,329906,3,,,1,100,,329907,3,,,1,100,,329908,3,,,1,100,,329909,3,,,1,100,,329910,3,,,1,100,,329911,3,,,1,100,,329912,3,,,1,100,,329913,3,,,1,100,,329914,3,,,1,100,,329915,3,,,1,100,,329916,3,,,1,200,,329917,3,,,1,190,,329918,3,,,1,200,,329919,3,,,1
9401,'20261123',433,,329920,3,,,1,100,,329921,3,,,1,75,,329922,3,,,1,30,,329923,3,,,1,95,,329924,3,,,1,105,,329925,3,,,1,100,,329926,3,,,1,100,,329927,3,,,1,100,,329928,3,,,1,100,,329929,3,,,1,100,,329930,3,,,1,100,,329931,3,,,1,100,,329932,3,,,1,100,,329933,3,,,1,100,,329934,3,,,1,100,,329935,3,,,1,105,,329936,3,,,1,95,,329937,3,,,1,100,,329938,3,,,1,100,,329939,3,,,1,195,,329940,3,,,1,200,,329941,3,,,1
9401,'20261124',433,,329942,3,,,1,100,,329943,3,,,1,75,,329944,3,,,1,30,,329945,3,,,1,95,,329946,3,,,1,105,,329947,3,,,1,100,,329948,3,,,1,100,,329949,3,,,1,100,,329950,3,,,1,100,,329951,3,,,1,100,,329952,3,,,1,100,,329953,3,,,1,100,,329954,3,,,1,100,,329955,3,,,1,100,,329956,3,,,1,100,,329957,3,,,1,105,,329958,3,,,1,95,,329959,3,,,1,100,,329960,3,,,1,100,,329961,3,,,1,195,,329962,3,,,1,200,,329963,3,,,1
9401,'20261125',433,,329964,3,,,1,100,,329965,3,,,1,75,,329966,3,,,1,30,,329967,3,,,1,95,,329968,3,,,1,105,,329969,3,,,1,100,,329970,3,,,1,100,,329971,3,,,1,100,,329972,3,,,1,100,,329973,3,,,1,100,,329974,3,,,1,100,,329975,3,,,1,100,,329976,3,,,1,100,,329977,3,,,1,100,,329978,3,,,1,100,,329979,3,,,1,105,,329980,3,,,1,95,,329981,3,,,1,100,,329982,3,,,1,100,,329983,3,,,1,195,,329984,3,,,1,200,,329985,3,,,1
9401,'20261126',433,,329986,3,,,1,100,,329987,3,,,1,75,,329988,3,,,1,30,,329989,3,,,1,95,,329990,3,,,1,105,,329991,3,,,1,100,,329992,3,,,1,100,,329993,3,,,1,100,,329994,3,,,1,100,,329995,3,,,1,100,,329996,3,,,1,100,,329997,3,,,1,100,,329998,3,,,1,100,,329999,3,,,1,100,,330000,3,,,1,100,,330001,3,,,1,105,,330002,3,,,1,95,,330003,3,,,1,100,,330004,3,,,1,100,,330005,3,,,1,195,,330006,3,,,1,200,,330007,3,,,1
9401,'20261127',433,,330008,3,,,1,100,,330009,3,,,1,75,,330010,3,,,1,30,,330011,3,,,1,95,,330012,3,,,1,105,,330013,3,,,1,100,,330014,3,,,1,100,,330015,3,,,1,100,,330016,3,,,1,100,,330017,3,,,1,100,,330018,3,,,1,100,,330019,3,,,1,100,,330020,3,,,1,100,,330021,3,,,1,100,,330022,3,,,1,100,,330023,3,,,1,105,,330024,3,,,1,95,,330025,3,,,1,100,,330026,3,,,1,100,,330027,3,,,1,195,,330028,3,,,1,200,,330029,3,,,1
