1101,'20260910',625,,221051,9,,,1,116,,221052,9,,,1,208,,221053,9,,,1,200,,221054,9,,,1,198,,221055,9,,,1,102,,221056,9,,,1,100,,221057,9,,,1,206,,221058,9,,,1
1101,'20260911',625,,221059,9,,,1,116,,221060,9,,,1,208,,221061,9,,,1,200,,221062,9,,,1,198,,221063,9,,,1,102,,221064,9,,,1,100,,221065,9,,,1,206,,221066,9,,,1
1101,'20260914',625,,221067,9,,,1,116,,221068,9,,,1,208,,221069,9,,,1,200,,221070,9,,,1,198,,221071,9,,,1,102,,221072,9,,,1,100,,221073,9,,,1,206,,221074,9,,,1
1101,'20260915',625,,221075,9,,,1,116,,221076,9,,,1,208,,221077,9,,,1,200,,221078,9,,,1,198,,221079,9,,,1,102,,221080,9,,,1,100,,221081,9,,,1,206,,221082,9,,,1
1101,'20260916',625,,221083,9,,,1,116,,221084,9,,,1,208,,221085,9,,,1,200,,221086,9,,,1,198,,221087,9,,,1,102,,221088,9,,,1,100,,221089,9,,,1,206,,221090,9,,,1
1101,'20260917',625,,221091,9,,,1,116,,221092,9,,,1,208,,221093,9,,,1,200,,221094,9,,,1,198,,221095,9,,,1,102,,221096,9,,,1,100,,221097,9,,,1,206,,221098,9,,,1
1101,'20260918',625,,221099,9,,,1,116,,221100,9,,,1,208,,221101,9,,,1,200,,221102,9,,,1,198,,221103,9,,,1,102,,221104,9,,,1,100,,221105,9,,,1,206,,221106,9,,,1
1101,'20260921',625,,221107,9,,,1,116,,221108,9,,,1,208,,221109,9,,,1,200,,221110,9,,,1,198,,221111,9,,,1,102,,221112,9,,,1,100,,221113,9,,,1,206,,221114,9,,,1
1101,'20260922',625,,221115,9,,,1,116,,221116,9,,,1,208,,221117,9,,,1,200,,221118,9,,,1,198,,221119,9,,,1,102,,221120,9,,,1,100,,221121,9,,,1,206,,221122,9,,,1
1101,'20260923',625,,221123,9,,,1,116,,221124,9,,,1,208,,221125,9,,,1,200,,221126,9,,,1,198,,221127,9,,,1,102,,221128,9,,,1,100,,221129,9,,,1,206,,221130,9,,,1
1101,'20260924',625,,221131,9,,,1,116,,221132,9,,,1,208,,221133,9,,,1,200,,221134,9,,,1,198,,221135,9,,,1,102,,221136,9,,,1,100,,221137,9,,,1,206,,221138,9,,,1
1101,'20260925',625,,221139,9,,,1,116,,221140,9,,,1,208,,221141,9,,,1,200,,221142,9,,,1,198,,221143,9,,,1,102,,221144,9,,,1,100,,221145,9,,,1,206,,221146,9,,,1
1101,'20260928',625,,221147,9,,,1,116,,221148,9,,,1,208,,221149,9,,,1,200,,221150,9,,,1,198,,221151,9,,,1,102,,221152,9,,,1,100,,221153,9,,,1,206,,221154,9,,,1
1101,'20260929',625,,221155,9,,,1,116,,221156,9,,,1,208,,221157,9,,,1,200,,221158,9,,,1,198,,221159,9,,,1,102,,221160,9,,,1,100,,221161,9,,,1,206,,221162,9,,,1
1101,'20260930',625,,221163,9,,,1,116,,221164,9,,,1,208,,221165,9,,,1,200,,221166,9,,,1,198,,221167,9,,,1,102,,221168,9,,,1,100,,221169,9,,,1,206,,221170,9,,,1
1101,'20261001',625,,221171,9,,,1,116,,221172,9,,,1,208,,221173,9,,,1,200,,221174,9,,,1,198,,221175,9,,,1,102,,221176,9,,,1,100,,221177,9,,,1,206,,221178,9,,,1
1101,'20261002',625,,221179,9,,,1,116,,221180,9,,,1,208,,221181,9,,,1,200,,221182,9,,,1,198,,221183,9,,,1,102,,221184,9,,,1,100,,221185,9,,,1,206,,221186,9,,,1
1101,'20261005',625,,221187,9,,,1,116,,221188,9,,,1,208,,221189,9,,,1,200,,221190,9,,,1,198,,221191,9,,,1,102,,221192,9,,,1,100,,221193,9,,,1,206,,221194,9,,,1
1101,'20261006',625,,221195,9,,,1,116,,221196,9,,,1,208,,221197,9,,,1,200,,221198,9,,,1,198,,221199,9,,,1,102,,221200,9,,,1,100,,221201,9,,,1,206,,221202,9,,,1
1101,'20261007',625,,221203,9,,,1,116,,221204,9,,,1,208,,221205,9,,,1,200,,221206,9,,,1,198,,221207,9,,,1,102,,221208,9,,,1,100,,221209,9,,,1,206,,221210,9,,,1
1101,'20261008',625,,221211,9,,,1,116,,221212,9,,,1,208,,221213,9,,,1,200,,221214,9,,,1,198,,221215,9,,,1,102,,221216,9,,,1,100,,221217,9,,,1,206,,221218,9,,,1
1101,'20261009',625,,221219,9,,,1,116,,221220,9,,,1,208,,221221,9,,,1,200,,221222,9,,,1,198,,221223,9,,,1,102,,221224,9,,,1,100,,221225,9,,,1,206,,221226,9,,,1
1101,'20261013',625,,221227,9,,,1,116,,221228,9,,,1,208,,221229,9,,,1,200,,221230,9,,,1,198,,221231,9,,,1,102,,221232,9,,,1,100,,221233,9,,,1,206,,221234,9,,,1
1101,'20261014',625,,221235,9,,,1,116,,221236,9,,,1,208,,221237,9,,,1,200,,221238,9,,,1,198,,221239,9,,,1,102,,221240,9,,,1,100,,221241,9,,,1,206,,221242,9,,,1
1101,'20261015',625,,221243,9,,,1,116,,221244,9,,,1,208,,221245,9,,,1,200,,221246,9,,,1,198,,221247,9,,,1,102,,221248,9,,,1,100,,221249,9,,,1,206,,221250,9,,,1
1101,'20261016',625,,221251,9,,,1,116,,221252,9,,,1,208,,221253,9,,,1,200,,221254,9,,,1,198,,221255,9,,,1,102,,221256,9,,,1,100,,221257,9,,,1,206,,221258,9,,,1
1101,'20261019',625,,221259,9,,,1,116,,221260,9,,,1,208,,221261,9,,,1,200,,221262,9,,,1,198,,221263,9,,,1,102,,221264,9,,,1,100,,221265,9,,,1,206,,221266,9,,,1
1101,'20261020',625,,221267,9,,,1,116,,221268,9,,,1,208,,221269,9,,,1,200,,221270,9,,,1,198,,221271,9,,,1,102,,221272,9,,,1,100,,221273,9,,,1,206,,221274,9,,,1
1101,'20261021',625,,221275,9,,,1,116,,221276,9,,,1,208,,221277,9,,,1,200,,221278,9,,,1,198,,221279,9,,,1,102,,221280,9,,,1,100,,221281,9,,,1,206,,221282,9,,,1
1101,'20261022',625,,221283,9,,,1,116,,221284,9,,,1,208,,221285,9,,,1,200,,221286,9,,,1,198,,221287,9,,,1,102,,221288,9,,,1,100,,221289,9,,,1,206,,221290,9,,,1
1101,'20261023',625,,221291,9,,,1,116,,221292,9,,,1,208,,221293,9,,,1,200,,221294,9,,,1,198,,221295,9,,,1,102,,221296,9,,,1,100,,221297,9,,,1,206,,221298,9,,,1
1101,'20261026',625,,221299,9,,,1,116,,221300,9,,,1,208,,221301,9,,,1,200,,221302,9,,,1,198,,221303,9,,,1,102,,221304,9,,,1,100,,221305,9,,,1,206,,221306,9,,,1
1101,'20261027',625,,221307,9,,,1,116,,221308,9,,,1,208,,221309,9,,,1,200,,221310,9,,,1,198,,221311,9,,,1,102,,221312,9,,,1,100,,221313,9,,,1,206,,221314,9,,,1
1101,'20261028',625,,221315,9,,,1,116,,221316,9,,,1,208,,221317,9,,,1,200,,221318,9,,,1,198,,221319,9,,,1,102,,221320,9,,,1,100,,221321,9,,,1,206,,221322,9,,,1
1101,'20261029',625,,221323,9,,,1,116,,221324,9,,,1,208,,221325,9,,,1,200,,221326,9,,,1,198,,221327,9,,,1,102,,221328,9,,,1,100,,221329,9,,,1,206,,221330,9,,,1
1101,'20261030',625,,221331,9,,,1,116,,221332,9,,,1,208,,221333,9,,,1,200,,221334,9,,,1,198,,221335,9,,,1,102,,221336,9,,,1,100,,221337,9,,,1,206,,221338,9,,,1
1101,'20261102',625,,221339,9,,,1,116,,221340,9,,,1,208,,221341,9,,,1,200,,221342,9,,,1,198,,221343,9,,,1,102,,221344,9,,,1,100,,221345,9,,,1,206,,221346,9,,,1
1101,'20261103',625,,221347,9,,,1,116,,221348,9,,,1,208,,221349,9,,,1,200,,221350,9,,,1,198,,221351,9,,,1,102,,221352,9,,,1,100,,221353,9,,,1,206,,221354,9,,,1
1101,'20261104',625,,221355,9,,,1,116,,221356,9,,,1,208,,221357,9,,,1,200,,221358,9,,,1,198,,221359,9,,,1,102,,221360,9,,,1,100,,221361,9,,,1,206,,221362,9,,,1
1101,'20261105',625,,221363,9,,,1,116,,221364,9,,,1,208,,221365,9,,,1,200,,221366,9,,,1,198,,221367,9,,,1,102,,221368,9,,,1,100,,221369,9,,,1,206,,221370,9,,,1
1101,'20261106',625,,221371,9,,,1,116,,221372,9,,,1,208,,221373,9,,,1,200,,221374,9,,,1,198,,221375,9,,,1,102,,221376,9,,,1,100,,221377,9,,,1,206,,221378,9,,,1
1101,'20261109',625,,221379,9,,,1,116,,221380,9,,,1,208,,221381,9,,,1,200,,221382,9,,,1,198,,221383,9,,,1,102,,221384,9,,,1,100,,221385,9,,,1,206,,221386,9,,,1
1101,'20261110',625,,221387,9,,,1,116,,221388,9,,,1,208,,221389,9,,,1,200,,221390,9,,,1,198,,221391,9,,,1,102,,221392,9,,,1,100,,221393,9,,,1,206,,221394,9,,,1
1101,'20261111',625,,221395,9,,,1,116,,221396,9,,,1,208,,221397,9,,,1,200,,221398,9,,,1,198,,221399,9,,,1,102,,221400,9,,,1,100,,221401,9,,,1,206,,221402,9,,,1
1101,'20261112',625,,221403,9,,,1,116,,221404,9,,,1,208,,221405,9,,,1,200,,221406,9,,,1,198,,221407,9,,,1,102,,221408,9,,,1,100,,221409,9,,,1,206,,221410,9,,,1
1101,'20261113',625,,221411,9,,,1,116,,221412,9,,,1,208,,221413,9,,,1,200,,221414,9,,,1,198,,221415,9,,,1,102,,221416,9,,,1,100,,221417,9,,,1,206,,221418,9,,,1
1101,'20261116',625,,221419,9,,,1,116,,221420,9,,,1,208,,221421,9,,,1,200,,221422,9,,,1,198,,221423,9,,,1,102,,221424,9,,,1,100,,221425,9,,,1,206,,221426,9,,,1
1101,'20261117',625,,221427,9,,,1,116,,221428,9,,,1,208,,221429,9,,,1,200,,221430,9,,,1,198,,221431,9,,,1,102,,221432,9,,,1,100,,221433,9,,,1,206,,221434,9,,,1
1101,'20261118',625,,221435,9,,,1,116,,221436,9,,,1,208,,221437,9,,,1,200,,221438,9,,,1,198,,221439,9,,,1,102,,221440,9,,,1,100,,221441,9,,,1,206,,221442,9,,,1
1101,'20261119',625,,221443,9,,,1,116,,221444,9,,,1,208,,221445,9,,,1,200,,221446,9,,,1,198,,221447,9,,,1,102,,221448,9,,,1,100,,221449,9,,,1,206,,221450,9,,,1
1101,'20261120',625,,221451,9,,,1,116,,221452,9,,,1,208,,221453,9,,,1,200,,221454,9,,,1,198,,221455,9,,,1,102,,221456,9,,,1,100,,221457,9,,,1,206,,221458,9,,,1
1101,'20261123',625,,221459,9,,,1,116,,221460,9,,,1,208,,221461,9,,,1,200,,221462,9,,,1,198,,221463,9,,,1,102,,221464,9,,,1,100,,221465,9,,,1,206,,221466,9,,,1
1101,'20261124',625,,221467,9,,,1,116,,221468,9,,,1,208,,221469,9,,,1,200,,221470,9,,,1,198,,221471,9,,,1,102,,221472,9,,,1,100,,221473,9,,,1,206,,221474,9,,,1
1101,'20261125',625,,221475,9,,,1,116,,221476,9,,,1,208,,221477,9,,,1,200,,221478,9,,,1,198,,221479,9,,,1,102,,221480,9,,,1,100,,221481,9,,,1,206,,221482,9,,,1
1101,'20261126',625,,221483,9,,,1,116,,221484,9,,,1,208,,221485,9,,,1,200,,221486,9,,,1,198,,221487,9,,,1,102,,221488,9,,,1,100,,221489,9,,,1,206,,221490,9,,,1
1101,'20261127',625,,221491,9,,,1,116,,221492,9,,,1,208,,221493,9,,,1,200,,221494,9,,,1,198,,221495,9,,,1,102,,221496,9,,,1,100,,221497,9,,,1,206,,221498,9,,,1
1601,'20260910',618,,230741,9,,,1,102,,230742,9,,,1,408,,230743,9,,,1,105,,230744,9,,,1,100,,230745,9,,,1,120,,230746,9,,,1,585,,230747,9,,,1,90,,230748,9,,,1,100,,230749,9,,,1,100,,230750,9,,,1,95,,230751,9,,,1,95,,230752,9,,,1
1601,'20260911',618,,230753,9,,,1,102,,230754,9,,,1,408,,230755,9,,,1,105,,230756,9,,,1,100,,230757,9,,,1,120,,230758,9,,,1,585,,230759,9,,,1,90,,230760,9,,,1,100,,230761,9,,,1,100,,230762,9,,,1,95,,230763,9,,,1,95,,230764,9,,,1
1601,'20260912',818,,230765,9,,,1,102,,230766,9,,,1,110,,230767,9,,,1,105,,230768,9,,,1,70,,230769,9,,,1,35,,230770,9,,,1,75,,230771,9,,,1,35,,230772,9,,,1,70,,230773,9,,,1,30,,230774,9,,,1,70,,230775,9,,,1,30,,230776,9,,,1,70,,230777,9,,,1,30,,230778,9,,,1,70,,230779,9,,,1,30,,230780,9,,,1,65,,230781,9,,,1,30,,230782,9,,,1,70,,230783,9,,,1,30,,230784,9,,,1,65,,230785,9,,,1,25,,230786,9,,,1,65,,230787,9,,,1,30,,230788,9,,,1,100,,230789,9,,,1,95,,230790,9,,,1,100,,230791,9,,,1,100,,230792,9,,,1
1601,'20260913',818,,230793,9,,,1,102,,230794,9,,,1,110,,230795,9,,,1,105,,230796,9,,,1,70,,230797,9,,,1,35,,230798,9,,,1,75,,230799,9,,,1,35,,230800,9,,,1,70,,230801,9,,,1,30,,230802,9,,,1,70,,230803,9,,,1,30,,230804,9,,,1,70,,230805,9,,,1,30,,230806,9,,,1,70,,230807,9,,,1,30,,230808,9,,,1,65,,230809,9,,,1,30,,230810,9,,,1,70,,230811,9,,,1,30,,230812,9,,,1,65,,230813,9,,,1,25,,230814,9,,,1,65,,230815,9,,,1,30,,230816,9,,,1,100,,230817,9,,,1,95,,230818,9,,,1,100,,230819,9,,,1,100,,230820,9,,,1
1601,'20260914',618,,230821,9,,,1,102,,230822,9,,,1,408,,230823,9,,,1,105,,230824,9,,,1,100,,230825,9,,,1,120,,230826,9,,,1,585,,230827,9,,,1,90,,230828,9,,,1,100,,230829,9,,,1,100,,230830,9,,,1,95,,230831,9,,,1,95,,230832,9,,,1
1601,'20260915',618,,230833,9,,,1,102,,230834,9,,,1,408,,230835,9,,,1,105,,230836,9,,,1,100,,230837,9,,,1,120,,230838,9,,,1,585,,230839,9,,,1,90,,230840,9,,,1,100,,230841,9,,,1,100,,230842,9,,,1,95,,230843,9,,,1,95,,230844,9,,,1
1601,'20260916',618,,230845,9,,,1,102,,230846,9,,,1,408,,230847,9,,,1,105,,230848,9,,,1,100,,230849,9,,,1,120,,230850,9,,,1,585,,230851,9,,,1,90,,230852,9,,,1,100,,230853,9,,,1,100,,230854,9,,,1,95,,230855,9,,,1,95,,230856,9,,,1
1601,'20260917',618,,230857,9,,,1,102,,230858,9,,,1,408,,230859,9,,,1,105,,230860,9,,,1,100,,230861,9,,,1,120,,230862,9,,,1,585,,230863,9,,,1,90,,230864,9,,,1,100,,230865,9,,,1,100,,230866,9,,,1,95,,230867,9,,,1,95,,230868,9,,,1
1601,'20260918',618,,230869,9,,,1,102,,230870,9,,,1,408,,230871,9,,,1,105,,230872,9,,,1,100,,230873,9,,,1,120,,230874,9,,,1,585,,230875,9,,,1,90,,230876,9,,,1,100,,230877,9,,,1,100,,230878,9,,,1,95,,230879,9,,,1,95,,230880,9,,,1
1601,'20260919',818,,230881,9,,,1,102,,230882,9,,,1,110,,230883,9,,,1,105,,230884,9,,,1,70,,230885,9,,,1,35,,230886,9,,,1,75,,230887,9,,,1,35,,230888,9,,,1,70,,230889,9,,,1,30,,230890,9,,,1,70,,230891,9,,,1,30,,230892,9,,,1,70,,230893,9,,,1,30,,230894,9,,,1,70,,230895,9,,,1,30,,230896,9,,,1,65,,230897,9,,,1,30,,230898,9,,,1,70,,230899,9,,,1,30,,230900,9,,,1,65,,230901,9,,,1,25,,230902,9,,,1,65,,230903,9,,,1,30,,230904,9,,,1,100,,230905,9,,,1,95,,230906,9,,,1,100,,230907,9,,,1,100,,230908,9,,,1
1601,'20260920',818,,230909,9,,,1,102,,230910,9,,,1,110,,230911,9,,,1,105,,230912,9,,,1,70,,230913,9,,,1,35,,230914,9,,,1,75,,230915,9,,,1,35,,230916,9,,,1,70,,230917,9,,,1,30,,230918,9,,,1,70,,230919,9,,,1,30,,230920,9,,,1,70,,230921,9,,,1,30,,230922,9,,,1,70,,230923,9,,,1,30,,230924,9,,,1,65,,230925,9,,,1,30,,230926,9,,,1,70,,230927,9,,,1,30,,230928,9,,,1,65,,230929,9,,,1,25,,230930,9,,,1,65,,230931,9,,,1,30,,230932,9,,,1,100,,230933,9,,,1,95,,230934,9,,,1,100,,230935,9,,,1,100,,230936,9,,,1
1601,'20260921',618,,230937,9,,,1,102,,230938,9,,,1,408,,230939,9,,,1,105,,230940,9,,,1,100,,230941,9,,,1,120,,230942,9,,,1,585,,230943,9,,,1,90,,230944,9,,,1,100,,230945,9,,,1,100,,230946,9,,,1,95,,230947,9,,,1,95,,230948,9,,,1
1601,'20260922',618,,230949,9,,,1,102,,230950,9,,,1,408,,230951,9,,,1,105,,230952,9,,,1,100,,230953,9,,,1,120,,230954,9,,,1,585,,230955,9,,,1,90,,230956,9,,,1,100,,230957,9,,,1,100,,230958,9,,,1,95,,230959,9,,,1,95,,230960,9,,,1
1601,'20260923',618,,230961,9,,,1,102,,230962,9,,,1,408,,230963,9,,,1,105,,230964,9,,,1,100,,230965,9,,,1,120,,230966,9,,,1,585,,230967,9,,,1,90,,230968,9,,,1,100,,230969,9,,,1,100,,230970,9,,,1,95,,230971,9,,,1,95,,230972,9,,,1
1601,'20260924',618,,230973,9,,,1,102,,230974,9,,,1,408,,230975,9,,,1,105,,230976,9,,,1,100,,230977,9,,,1,120,,230978,9,,,1,585,,230979,9,,,1,90,,230980,9,,,1,100,,230981,9,,,1,100,,230982,9,,,1,95,,230983,9,,,1,95,,230984,9,,,1
1601,'20260925',618,,230985,9,,,1,102,,230986,9,,,1,408,,230987,9,,,1,105,,230988,9,,,1,100,,230989,9,,,1,120,,230990,9,,,1,585,,230991,9,,,1,90,,230992,9,,,1,100,,230993,9,,,1,100,,230994,9,,,1,95,,230995,9,,,1,95,,230996,9,,,1
1601,'20260926',818,,230997,9,,,1,102,,230998,9,,,1,110,,230999,9,,,1,105,,231000,9,,,1,70,,231001,9,,,1,35,,231002,9,,,1,75,,231003,9,,,1,35,,231004,9,,,1,70,,231005,9,,,1,30,,231006,9,,,1,70,,231007,9,,,1,30,,231008,9,,,1,70,,231009,9,,,1,30,,231010,9,,,1,70,,231011,9,,,1,30,,231012,9,,,1,65,,231013,9,,,1,30,,231014,9,,,1,70,,231015,9,,,1,30,,231016,9,,,1,65,,231017,9,,,1,25,,231018,9,,,1,65,,231019,9,,,1,30,,231020,9,,,1,100,,231021,9,,,1,95,,231022,9,,,1,100,,231023,9,,,1,100,,231024,9,,,1
1601,'20260927',818,,231025,9,,,1,102,,231026,9,,,1,110,,231027,9,,,1,105,,231028,9,,,1,70,,231029,9,,,1,35,,231030,9,,,1,75,,231031,9,,,1,35,,231032,9,,,1,70,,231033,9,,,1,30,,231034,9,,,1,70,,231035,9,,,1,30,,231036,9,,,1,70,,231037,9,,,1,30,,231038,9,,,1,70,,231039,9,,,1,30,,231040,9,,,1,65,,231041,9,,,1,30,,231042,9,,,1,70,,231043,9,,,1,30,,231044,9,,,1,65,,231045,9,,,1,25,,231046,9,,,1,65,,231047,9,,,1,30,,231048,9,,,1,100,,231049,9,,,1,95,,231050,9,,,1,100,,231051,9,,,1,100,,231052,9,,,1
1601,'20260928',618,,231053,9,,,1,102,,231054,9,,,1,408,,231055,9,,,1,105,,231056,9,,,1,100,,231057,9,,,1,120,,231058,9,,,1,585,,231059,9,,,1,90,,231060,9,,,1,100,,231061,9,,,1,100,,231062,9,,,1,95,,231063,9,,,1,95,,231064,9,,,1
1601,'20260929',618,,231065,9,,,1,102,,231066,9,,,1,408,,231067,9,,,1,105,,231068,9,,,1,100,,231069,9,,,1,120,,231070,9,,,1,585,,231071,9,,,1,90,,231072,9,,,1,100,,231073,9,,,1,100,,231074,9,,,1,95,,231075,9,,,1,95,,231076,9,,,1
1601,'20260930',618,,231077,9,,,1,102,,231078,9,,,1,408,,231079,9,,,1,105,,231080,9,,,1,100,,231081,9,,,1,120,,231082,9,,,1,585,,231083,9,,,1,90,,231084,9,,,1,100,,231085,9,,,1,100,,231086,9,,,1,95,,231087,9,,,1,95,,231088,9,,,1
1601,'20261001',618,,231089,9,,,1,102,,231090,9,,,1,408,,231091,9,,,1,105,,231092,9,,,1,100,,231093,9,,,1,120,,231094,9,,,1,585,,231095,9,,,1,90,,231096,9,,,1,100,,231097,9,,,1,100,,231098,9,,,1,95,,231099,9,,,1,95,,231100,9,,,1
1601,'20261002',618,,231101,9,,,1,102,,231102,9,,,1,408,,231103,9,,,1,105,,231104,9,,,1,100,,231105,9,,,1,120,,231106,9,,,1,585,,231107,9,,,1,90,,231108,9,,,1,100,,231109,9,,,1,100,,231110,9,,,1,95,,231111,9,,,1,95,,231112,9,,,1
1601,'20261003',818,,231113,9,,,1,102,,231114,9,,,1,110,,231115,9,,,1,105,,231116,9,,,1,70,,231117,9,,,1,35,,231118,9,,,1,75,,231119,9,,,1,35,,231120,9,,,1,70,,231121,9,,,1,30,,231122,9,,,1,70,,231123,9,,,1,30,,231124,9,,,1,70,,231125,9,,,1,30,,231126,9,,,1,70,,231127,9,,,1,30,,231128,9,,,1,65,,231129,9,,,1,30,,231130,9,,,1,70,,231131,9,,,1,30,,231132,9,,,1,65,,231133,9,,,1,25,,231134,9,,,1,65,,231135,9,,,1,30,,231136,9,,,1,100,,231137,9,,,1,95,,231138,9,,,1,100,,231139,9,,,1,100,,231140,9,,,1
1601,'20261004',818,,231141,9,,,1,102,,231142,9,,,1,110,,231143,9,,,1,105,,231144,9,,,1,70,,231145,9,,,1,35,,231146,9,,,1,75,,231147,9,,,1,35,,231148,9,,,1,70,,231149,9,,,1,30,,231150,9,,,1,70,,231151,9,,,1,30,,231152,9,,,1,70,,231153,9,,,1,30,,231154,9,,,1,70,,231155,9,,,1,30,,231156,9,,,1,65,,231157,9,,,1,30,,231158,9,,,1,70,,231159,9,,,1,30,,231160,9,,,1,65,,231161,9,,,1,25,,231162,9,,,1,65,,231163,9,,,1,30,,231164,9,,,1,100,,231165,9,,,1,95,,231166,9,,,1,100,,231167,9,,,1,100,,231168,9,,,1
1601,'20261005',618,,231169,9,,,1,102,,231170,9,,,1,408,,231171,9,,,1,105,,231172,9,,,1,100,,231173,9,,,1,120,,231174,9,,,1,585,,231175,9,,,1,90,,231176,9,,,1,100,,231177,9,,,1,100,,231178,9,,,1,95,,231179,9,,,1,95,,231180,9,,,1
1601,'20261006',618,,231181,9,,,1,102,,231182,9,,,1,408,,231183,9,,,1,105,,231184,9,,,1,100,,231185,9,,,1,120,,231186,9,,,1,585,,231187,9,,,1,90,,231188,9,,,1,100,,231189,9,,,1,100,,231190,9,,,1,95,,231191,9,,,1,95,,231192,9,,,1
1601,'20261007',618,,231193,9,,,1,102,,231194,9,,,1,408,,231195,9,,,1,105,,231196,9,,,1,100,,231197,9,,,1,120,,231198,9,,,1,585,,231199,9,,,1,90,,231200,9,,,1,100,,231201,9,,,1,100,,231202,9,,,1,95,,231203,9,,,1,95,,231204,9,,,1
1601,'20261008',618,,231205,9,,,1,102,,231206,9,,,1,408,,231207,9,,,1,105,,231208,9,,,1,100,,231209,9,,,1,120,,231210,9,,,1,585,,231211,9,,,1,90,,231212,9,,,1,100,,231213,9,,,1,100,,231214,9,,,1,95,,231215,9,,,1,95,,231216,9,,,1
1601,'20261009',618,,231217,9,,,1,102,,231218,9,,,1,408,,231219,9,,,1,105,,231220,9,,,1,100,,231221,9,,,1,120,,231222,9,,,1,585,,231223,9,,,1,90,,231224,9,,,1,100,,231225,9,,,1,100,,231226,9,,,1,95,,231227,9,,,1,95,,231228,9,,,1
1601,'20261010',818,,231229,9,,,1,102,,231230,9,,,1,110,,231231,9,,,1,105,,231232,9,,,1,70,,231233,9,,,1,35,,231234,9,,,1,75,,231235,9,,,1,35,,231236,9,,,1,70,,231237,9,,,1,30,,231238,9,,,1,70,,231239,9,,,1,30,,231240,9,,,1,70,,231241,9,,,1,30,,231242,9,,,1,70,,231243,9,,,1,30,,231244,9,,,1,65,,231245,9,,,1,30,,231246,9,,,1,70,,231247,9,,,1,30,,231248,9,,,1,65,,231249,9,,,1,25,,231250,9,,,1,65,,231251,9,,,1,30,,231252,9,,,1,100,,231253,9,,,1,95,,231254,9,,,1,100,,231255,9,,,1,100,,231256,9,,,1
1601,'20261011',818,,231257,9,,,1,102,,231258,9,,,1,110,,231259,9,,,1,105,,231260,9,,,1,70,,231261,9,,,1,35,,231262,9,,,1,75,,231263,9,,,1,35,,231264,9,,,1,70,,231265,9,,,1,30,,231266,9,,,1,70,,231267,9,,,1,30,,231268,9,,,1,70,,231269,9,,,1,30,,231270,9,,,1,70,,231271,9,,,1,30,,231272,9,,,1,65,,231273,9,,,1,30,,231274,9,,,1,70,,231275,9,,,1,30,,231276,9,,,1,65,,231277,9,,,1,25,,231278,9,,,1,65,,231279,9,,,1,30,,231280,9,,,1,100,,231281,9,,,1,95,,231282,9,,,1,100,,231283,9,,,1,100,,231284,9,,,1
1601,'20261012',818,,231285,9,,,1,102,,231286,9,,,1,110,,231287,9,,,1,105,,231288,9,,,1,70,,231289,9,,,1,35,,231290,9,,,1,75,,231291,9,,,1,35,,231292,9,,,1,70,,231293,9,,,1,30,,231294,9,,,1,70,,231295,9,,,1,30,,231296,9,,,1,70,,231297,9,,,1,30,,231298,9,,,1,70,,231299,9,,,1,30,,231300,9,,,1,65,,231301,9,,,1,30,,231302,9,,,1,70,,231303,9,,,1,30,,231304,9,,,1,65,,231305,9,,,1,25,,231306,9,,,1,65,,231307,9,,,1,30,,231308,9,,,1,100,,231309,9,,,1,95,,231310,9,,,1,100,,231311,9,,,1,100,,231312,9,,,1
1601,'20261013',618,,231313,9,,,1,102,,231314,9,,,1,408,,231315,9,,,1,105,,231316,9,,,1,100,,231317,9,,,1,120,,231318,9,,,1,585,,231319,9,,,1,90,,231320,9,,,1,100,,231321,9,,,1,100,,231322,9,,,1,95,,231323,9,,,1,95,,231324,9,,,1
1601,'20261014',618,,231325,9,,,1,102,,231326,9,,,1,408,,231327,9,,,1,105,,231328,9,,,1,100,,231329,9,,,1,120,,231330,9,,,1,585,,231331,9,,,1,90,,231332,9,,,1,100,,231333,9,,,1,100,,231334,9,,,1,95,,231335,9,,,1,95,,231336,9,,,1
1601,'20261015',618,,231337,9,,,1,102,,231338,9,,,1,408,,231339,9,,,1,105,,231340,9,,,1,100,,231341,9,,,1,120,,231342,9,,,1,585,,231343,9,,,1,90,,231344,9,,,1,100,,231345,9,,,1,100,,231346,9,,,1,95,,231347,9,,,1,95,,231348,9,,,1
1601,'20261016',618,,231349,9,,,1,102,,231350,9,,,1,408,,231351,9,,,1,105,,231352,9,,,1,100,,231353,9,,,1,120,,231354,9,,,1,585,,231355,9,,,1,90,,231356,9,,,1,100,,231357,9,,,1,100,,231358,9,,,1,95,,231359,9,,,1,95,,231360,9,,,1
1601,'20261017',818,,231361,9,,,1,102,,231362,9,,,1,110,,231363,9,,,1,105,,231364,9,,,1,70,,231365,9,,,1,35,,231366,9,,,1,75,,231367,9,,,1,35,,231368,9,,,1,70,,231369,9,,,1,30,,231370,9,,,1,70,,231371,9,,,1,30,,231372,9,,,1,70,,231373,9,,,1,30,,231374,9,,,1,70,,231375,9,,,1,30,,231376,9,,,1,65,,231377,9,,,1,30,,231378,9,,,1,70,,231379,9,,,1,30,,231380,9,,,1,65,,231381,9,,,1,25,,231382,9,,,1,65,,231383,9,,,1,30,,231384,9,,,1,100,,231385,9,,,1,95,,231386,9,,,1,100,,231387,9,,,1,100,,231388,9,,,1
1601,'20261018',818,,231389,9,,,1,102,,231390,9,,,1,110,,231391,9,,,1,105,,231392,9,,,1,70,,231393,9,,,1,35,,231394,9,,,1,75,,231395,9,,,1,35,,231396,9,,,1,70,,231397,9,,,1,30,,231398,9,,,1,70,,231399,9,,,1,30,,231400,9,,,1,70,,231401,9,,,1,30,,231402,9,,,1,70,,231403,9,,,1,30,,231404,9,,,1,65,,231405,9,,,1,30,,231406,9,,,1,70,,231407,9,,,1,30,,231408,9,,,1,65,,231409,9,,,1,25,,231410,9,,,1,65,,231411,9,,,1,30,,231412,9,,,1,100,,231413,9,,,1,95,,231414,9,,,1,100,,231415,9,,,1,100,,231416,9,,,1
1601,'20261019',618,,231417,9,,,1,102,,231418,9,,,1,408,,231419,9,,,1,105,,231420,9,,,1,100,,231421,9,,,1,120,,231422,9,,,1,585,,231423,9,,,1,90,,231424,9,,,1,100,,231425,9,,,1,100,,231426,9,,,1,95,,231427,9,,,1,95,,231428,9,,,1
1601,'20261020',618,,231429,9,,,1,102,,231430,9,,,1,408,,231431,9,,,1,105,,231432,9,,,1,100,,231433,9,,,1,120,,231434,9,,,1,585,,231435,9,,,1,90,,231436,9,,,1,100,,231437,9,,,1,100,,231438,9,,,1,95,,231439,9,,,1,95,,231440,9,,,1
1601,'20261021',618,,231441,9,,,1,102,,231442,9,,,1,408,,231443,9,,,1,105,,231444,9,,,1,100,,231445,9,,,1,120,,231446,9,,,1,585,,231447,9,,,1,90,,231448,9,,,1,100,,231449,9,,,1,100,,231450,9,,,1,95,,231451,9,,,1,95,,231452,9,,,1
1601,'20261022',618,,231453,9,,,1,102,,231454,9,,,1,408,,231455,9,,,1,105,,231456,9,,,1,100,,231457,9,,,1,120,,231458,9,,,1,585,,231459,9,,,1,90,,231460,9,,,1,100,,231461,9,,,1,100,,231462,9,,,1,95,,231463,9,,,1,95,,231464,9,,,1
1601,'20261023',618,,231465,9,,,1,102,,231466,9,,,1,408,,231467,9,,,1,105,,231468,9,,,1,100,,231469,9,,,1,120,,231470,9,,,1,585,,231471,9,,,1,90,,231472,9,,,1,100,,231473,9,,,1,100,,231474,9,,,1,95,,231475,9,,,1,95,,231476,9,,,1
1601,'20261024',818,,231477,9,,,1,102,,231478,9,,,1,110,,231479,9,,,1,105,,231480,9,,,1,70,,231481,9,,,1,35,,231482,9,,,1,75,,231483,9,,,1,35,,231484,9,,,1,70,,231485,9,,,1,30,,231486,9,,,1,70,,231487,9,,,1,30,,231488,9,,,1,70,,231489,9,,,1,30,,231490,9,,,1,70,,231491,9,,,1,30,,231492,9,,,1,65,,231493,9,,,1,30,,231494,9,,,1,70,,231495,9,,,1,30,,231496,9,,,1,65,,231497,9,,,1,25,,231498,9,,,1,65,,231499,9,,,1,30,,231500,9,,,1,100,,231501,9,,,1,95,,231502,9,,,1,100,,231503,9,,,1,100,,231504,9,,,1
1601,'20261025',818,,231505,9,,,1,102,,231506,9,,,1,110,,231507,9,,,1,105,,231508,9,,,1,70,,231509,9,,,1,35,,231510,9,,,1,75,,231511,9,,,1,35,,231512,9,,,1,70,,231513,9,,,1,30,,231514,9,,,1,70,,231515,9,,,1,30,,231516,9,,,1,70,,231517,9,,,1,30,,231518,9,,,1,70,,231519,9,,,1,30,,231520,9,,,1,65,,231521,9,,,1,30,,231522,9,,,1,70,,231523,9,,,1,30,,231524,9,,,1,65,,231525,9,,,1,25,,231526,9,,,1,65,,231527,9,,,1,30,,231528,9,,,1,100,,231529,9,,,1,95,,231530,9,,,1,100,,231531,9,,,1,100,,231532,9,,,1
1601,'20261026',618,,231533,9,,,1,102,,231534,9,,,1,408,,231535,9,,,1,105,,231536,9,,,1,100,,231537,9,,,1,120,,231538,9,,,1,585,,231539,9,,,1,90,,231540,9,,,1,100,,231541,9,,,1,100,,231542,9,,,1,95,,231543,9,,,1,95,,231544,9,,,1
1601,'20261027',618,,231545,9,,,1,102,,231546,9,,,1,408,,231547,9,,,1,105,,231548,9,,,1,100,,231549,9,,,1,120,,231550,9,,,1,585,,231551,9,,,1,90,,231552,9,,,1,100,,231553,9,,,1,100,,231554,9,,,1,95,,231555,9,,,1,95,,231556,9,,,1
1601,'20261028',618,,231557,9,,,1,102,,231558,9,,,1,408,,231559,9,,,1,105,,231560,9,,,1,100,,231561,9,,,1,120,,231562,9,,,1,585,,231563,9,,,1,90,,231564,9,,,1,100,,231565,9,,,1,100,,231566,9,,,1,95,,231567,9,,,1,95,,231568,9,,,1
1601,'20261029',618,,231569,9,,,1,102,,231570,9,,,1,408,,231571,9,,,1,105,,231572,9,,,1,100,,231573,9,,,1,120,,231574,9,,,1,585,,231575,9,,,1,90,,231576,9,,,1,100,,231577,9,,,1,100,,231578,9,,,1,95,,231579,9,,,1,95,,231580,9,,,1
1601,'20261030',618,,231581,9,,,1,102,,231582,9,,,1,408,,231583,9,,,1,105,,231584,9,,,1,100,,231585,9,,,1,120,,231586,9,,,1,585,,231587,9,,,1,90,,231588,9,,,1,100,,231589,9,,,1,100,,231590,9,,,1,95,,231591,9,,,1,95,,231592,9,,,1
1601,'20261031',818,,231593,9,,,1,102,,231594,9,,,1,110,,231595,9,,,1,105,,231596,9,,,1,70,,231597,9,,,1,35,,231598,9,,,1,75,,231599,9,,,1,35,,231600,9,,,1,70,,231601,9,,,1,30,,231602,9,,,1,70,,231603,9,,,1,30,,231604,9,,,1,70,,231605,9,,,1,30,,231606,9,,,1,70,,231607,9,,,1,30,,231608,9,,,1,65,,231609,9,,,1,30,,231610,9,,,1,70,,231611,9,,,1,30,,231612,9,,,1,65,,231613,9,,,1,25,,231614,9,,,1,65,,231615,9,,,1,30,,231616,9,,,1,100,,231617,9,,,1,95,,231618,9,,,1,100,,231619,9,,,1,100,,231620,9,,,1
1601,'20261101',818,,231621,9,,,1,102,,231622,9,,,1,110,,231623,9,,,1,105,,231624,9,,,1,70,,231625,9,,,1,35,,231626,9,,,1,75,,231627,9,,,1,35,,231628,9,,,1,70,,231629,9,,,1,30,,231630,9,,,1,70,,231631,9,,,1,30,,231632,9,,,1,70,,231633,9,,,1,30,,231634,9,,,1,70,,231635,9,,,1,30,,231636,9,,,1,65,,231637,9,,,1,30,,231638,9,,,1,70,,231639,9,,,1,30,,231640,9,,,1,65,,231641,9,,,1,25,,231642,9,,,1,65,,231643,9,,,1,30,,231644,9,,,1,100,,231645,9,,,1,95,,231646,9,,,1,100,,231647,9,,,1,100,,231648,9,,,1
1601,'20261102',618,,231649,9,,,1,102,,231650,9,,,1,408,,231651,9,,,1,105,,231652,9,,,1,100,,231653,9,,,1,120,,231654,9,,,1,585,,231655,9,,,1,90,,231656,9,,,1,100,,231657,9,,,1,100,,231658,9,,,1,95,,231659,9,,,1,95,,231660,9,,,1
1601,'20261103',618,,231661,9,,,1,102,,231662,9,,,1,408,,231663,9,,,1,105,,231664,9,,,1,100,,231665,9,,,1,120,,231666,9,,,1,585,,231667,9,,,1,90,,231668,9,,,1,100,,231669,9,,,1,100,,231670,9,,,1,95,,231671,9,,,1,95,,231672,9,,,1
1601,'20261104',618,,231673,9,,,1,102,,231674,9,,,1,408,,231675,9,,,1,105,,231676,9,,,1,100,,231677,9,,,1,120,,231678,9,,,1,585,,231679,9,,,1,90,,231680,9,,,1,100,,231681,9,,,1,100,,231682,9,,,1,95,,231683,9,,,1,95,,231684,9,,,1
1601,'20261105',618,,231685,9,,,1,102,,231686,9,,,1,408,,231687,9,,,1,105,,231688,9,,,1,100,,231689,9,,,1,120,,231690,9,,,1,585,,231691,9,,,1,90,,231692,9,,,1,100,,231693,9,,,1,100,,231694,9,,,1,95,,231695,9,,,1,95,,231696,9,,,1
1601,'20261106',618,,231697,9,,,1,102,,231698,9,,,1,408,,231699,9,,,1,105,,231700,9,,,1,100,,231701,9,,,1,120,,231702,9,,,1,585,,231703,9,,,1,90,,231704,9,,,1,100,,231705,9,,,1,100,,231706,9,,,1,95,,231707,9,,,1,95,,231708,9,,,1
1601,'20261107',818,,231709,9,,,1,102,,231710,9,,,1,110,,231711,9,,,1,105,,231712,9,,,1,70,,231713,9,,,1,35,,231714,9,,,1,75,,231715,9,,,1,35,,231716,9,,,1,70,,231717,9,,,1,30,,231718,9,,,1,70,,231719,9,,,1,30,,231720,9,,,1,70,,231721,9,,,1,30,,231722,9,,,1,70,,231723,9,,,1,30,,231724,9,,,1,65,,231725,9,,,1,30,,231726,9,,,1,70,,231727,9,,,1,30,,231728,9,,,1,65,,231729,9,,,1,25,,231730,9,,,1,65,,231731,9,,,1,30,,231732,9,,,1,100,,231733,9,,,1,95,,231734,9,,,1,100,,231735,9,,,1,100,,231736,9,,,1
1601,'20261108',818,,231737,9,,,1,102,,231738,9,,,1,110,,231739,9,,,1,105,,231740,9,,,1,70,,231741,9,,,1,35,,231742,9,,,1,75,,231743,9,,,1,35,,231744,9,,,1,70,,231745,9,,,1,30,,231746,9,,,1,70,,231747,9,,,1,30,,231748,9,,,1,70,,231749,9,,,1,30,,231750,9,,,1,70,,231751,9,,,1,30,,231752,9,,,1,65,,231753,9,,,1,30,,231754,9,,,1,70,,231755,9,,,1,30,,231756,9,,,1,65,,231757,9,,,1,25,,231758,9,,,1,65,,231759,9,,,1,30,,231760,9,,,1,100,,231761,9,,,1,95,,231762,9,,,1,100,,231763,9,,,1,100,,231764,9,,,1
1601,'20261109',618,,231765,9,,,1,102,,231766,9,,,1,408,,231767,9,,,1,105,,231768,9,,,1,100,,231769,9,,,1,120,,231770,9,,,1,585,,231771,9,,,1,90,,231772,9,,,1,100,,231773,9,,,1,100,,231774,9,,,1,95,,231775,9,,,1,95,,231776,9,,,1
1601,'20261110',618,,231777,9,,,1,102,,231778,9,,,1,408,,231779,9,,,1,105,,231780,9,,,1,100,,231781,9,,,1,120,,231782,9,,,1,585,,231783,9,,,1,90,,231784,9,,,1,100,,231785,9,,,1,100,,231786,9,,,1,95,,231787,9,,,1,95,,231788,9,,,1
1601,'20261111',618,,231789,9,,,1,102,,231790,9,,,1,408,,231791,9,,,1,105,,231792,9,,,1,100,,231793,9,,,1,120,,231794,9,,,1,585,,231795,9,,,1,90,,231796,9,,,1,100,,231797,9,,,1,100,,231798,9,,,1,95,,231799,9,,,1,95,,231800,9,,,1
1601,'20261112',618,,231801,9,,,1,102,,231802,9,,,1,408,,231803,9,,,1,105,,231804,9,,,1,100,,231805,9,,,1,120,,231806,9,,,1,585,,231807,9,,,1,90,,231808,9,,,1,100,,231809,9,,,1,100,,231810,9,,,1,95,,231811,9,,,1,95,,231812,9,,,1
1601,'20261113',618,,231813,9,,,1,102,,231814,9,,,1,408,,231815,9,,,1,105,,231816,9,,,1,100,,231817,9,,,1,120,,231818,9,,,1,585,,231819,9,,,1,90,,231820,9,,,1,100,,231821,9,,,1,100,,231822,9,,,1,95,,231823,9,,,1,95,,231824,9,,,1
1601,'20261114',818,,231825,9,,,1,102,,231826,9,,,1,110,,231827,9,,,1,105,,231828,9,,,1,70,,231829,9,,,1,35,,231830,9,,,1,75,,231831,9,,,1,35,,231832,9,,,1,70,,231833,9,,,1,30,,231834,9,,,1,70,,231835,9,,,1,30,,231836,9,,,1,70,,231837,9,,,1,30,,231838,9,,,1,70,,231839,9,,,1,30,,231840,9,,,1,65,,231841,9,,,1,30,,231842,9,,,1,70,,231843,9,,,1,30,,231844,9,,,1,65,,231845,9,,,1,25,,231846,9,,,1,65,,231847,9,,,1,30,,231848,9,,,1,100,,231849,9,,,1,95,,231850,9,,,1,100,,231851,9,,,1,100,,231852,9,,,1
1601,'20261115',818,,231853,9,,,1,102,,231854,9,,,1,110,,231855,9,,,1,105,,231856,9,,,1,70,,231857,9,,,1,35,,231858,9,,,1,75,,231859,9,,,1,35,,231860,9,,,1,70,,231861,9,,,1,30,,231862,9,,,1,70,,231863,9,,,1,30,,231864,9,,,1,70,,231865,9,,,1,30,,231866,9,,,1,70,,231867,9,,,1,30,,231868,9,,,1,65,,231869,9,,,1,30,,231870,9,,,1,70,,231871,9,,,1,30,,231872,9,,,1,65,,231873,9,,,1,25,,231874,9,,,1,65,,231875,9,,,1,30,,231876,9,,,1,100,,231877,9,,,1,95,,231878,9,,,1,100,,231879,9,,,1,100,,231880,9,,,1
1601,'20261116',618,,231881,9,,,1,102,,231882,9,,,1,408,,231883,9,,,1,105,,231884,9,,,1,100,,231885,9,,,1,120,,231886,9,,,1,585,,231887,9,,,1,90,,231888,9,,,1,100,,231889,9,,,1,100,,231890,9,,,1,95,,231891,9,,,1,95,,231892,9,,,1
1601,'20261117',618,,231893,9,,,1,102,,231894,9,,,1,408,,231895,9,,,1,105,,231896,9,,,1,100,,231897,9,,,1,120,,231898,9,,,1,585,,231899,9,,,1,90,,231900,9,,,1,100,,231901,9,,,1,100,,231902,9,,,1,95,,231903,9,,,1,95,,231904,9,,,1
1601,'20261118',618,,231905,9,,,1,102,,231906,9,,,1,408,,231907,9,,,1,105,,231908,9,,,1,100,,231909,9,,,1,120,,231910,9,,,1,585,,231911,9,,,1,90,,231912,9,,,1,100,,231913,9,,,1,100,,231914,9,,,1,95,,231915,9,,,1,95,,231916,9,,,1
1601,'20261119',618,,231917,9,,,1,102,,231918,9,,,1,408,,231919,9,,,1,105,,231920,9,,,1,100,,231921,9,,,1,120,,231922,9,,,1,585,,231923,9,,,1,90,,231924,9,,,1,100,,231925,9,,,1,100,,231926,9,,,1,95,,231927,9,,,1,95,,231928,9,,,1
1601,'20261120',618,,231929,9,,,1,102,,231930,9,,,1,408,,231931,9,,,1,105,,231932,9,,,1,100,,231933,9,,,1,120,,231934,9,,,1,585,,231935,9,,,1,90,,231936,9,,,1,100,,231937,9,,,1,100,,231938,9,,,1,95,,231939,9,,,1,95,,231940,9,,,1
1601,'20261121',818,,231941,9,,,1,102,,231942,9,,,1,110,,231943,9,,,1,105,,231944,9,,,1,70,,231945,9,,,1,35,,231946,9,,,1,75,,231947,9,,,1,35,,231948,9,,,1,70,,231949,9,,,1,30,,231950,9,,,1,70,,231951,9,,,1,30,,231952,9,,,1,70,,231953,9,,,1,30,,231954,9,,,1,70,,231955,9,,,1,30,,231956,9,,,1,65,,231957,9,,,1,30,,231958,9,,,1,70,,231959,9,,,1,30,,231960,9,,,1,65,,231961,9,,,1,25,,231962,9,,,1,65,,231963,9,,,1,30,,231964,9,,,1,100,,231965,9,,,1,95,,231966,9,,,1,100,,231967,9,,,1,100,,231968,9,,,1
1601,'20261122',818,,231969,9,,,1,102,,231970,9,,,1,110,,231971,9,,,1,105,,231972,9,,,1,70,,231973,9,,,1,35,,231974,9,,,1,75,,231975,9,,,1,35,,231976,9,,,1,70,,231977,9,,,1,30,,231978,9,,,1,70,,231979,9,,,1,30,,231980,9,,,1,70,,231981,9,,,1,30,,231982,9,,,1,70,,231983,9,,,1,30,,231984,9,,,1,65,,231985,9,,,1,30,,231986,9,,,1,70,,231987,9,,,1,30,,231988,9,,,1,65,,231989,9,,,1,25,,231990,9,,,1,65,,231991,9,,,1,30,,231992,9,,,1,100,,231993,9,,,1,95,,231994,9,,,1,100,,231995,9,,,1,100,,231996,9,,,1
1601,'20261123',618,,231997,9,,,1,102,,231998,9,,,1,408,,231999,9,,,1,105,,232000,9,,,1,100,,232001,9,,,1,120,,232002,9,,,1,585,,232003,9,,,1,90,,232004,9,,,1,100,,232005,9,,,1,100,,232006,9,,,1,95,,232007,9,,,1,95,,232008,9,,,1
1601,'20261124',618,,232009,9,,,1,102,,232010,9,,,1,408,,232011,9,,,1,105,,232012,9,,,1,100,,232013,9,,,1,120,,232014,9,,,1,585,,232015,9,,,1,90,,232016,9,,,1,100,,232017,9,,,1,100,,232018,9,,,1,95,,232019,9,,,1,95,,232020,9,,,1
1601,'20261125',618,,232021,9,,,1,102,,232022,9,,,1,408,,232023,9,,,1,105,,232024,9,,,1,100,,232025,9,,,1,120,,232026,9,,,1,585,,232027,9,,,1,90,,232028,9,,,1,100,,232029,9,,,1,100,,232030,9,,,1,95,,232031,9,,,1,95,,232032,9,,,1
1601,'20261126',618,,232033,9,,,1,102,,232034,9,,,1,408,,232035,9,,,1,105,,232036,9,,,1,100,,232037,9,,,1,120,,232038,9,,,1,585,,232039,9,,,1,90,,232040,9,,,1,100,,232041,9,,,1,100,,232042,9,,,1,95,,232043,9,,,1,95,,232044,9,,,1
1601,'20261127',618,,232045,9,,,1,102,,232046,9,,,1,408,,232047,9,,,1,105,,232048,9,,,1,100,,232049,9,,,1,120,,232050,9,,,1,585,,232051,9,,,1,90,,232052,9,,,1,100,,232053,9,,,1,100,,232054,9,,,1,95,,232055,9,,,1,95,,232056,9,,,1
1701,'20260910',708,,232897,28,,,1,207,,232898,28,,,1,108,,232899,28,,,1,87,,232900,28,,,1,105,,232901,28,,,1,200,,232902,28,,,1,95,,232903,28,,,1,105,,232904,28,,,1,95,,232905,28,,,1,115,,232906,28,,,1,90,,232907,28,,,1,93,,232908,28,,,1,105,,232909,28,,,1,95,,232910,28,,,1
1701,'20260911',708,,232911,28,,,1,207,,232912,28,,,1,108,,232913,28,,,1,87,,232914,28,,,1,105,,232915,28,,,1,200,,232916,28,,,1,95,,232917,28,,,1,105,,232918,28,,,1,95,,232919,28,,,1,115,,232920,28,,,1,90,,232921,28,,,1,93,,232922,28,,,1,105,,232923,28,,,1,95,,232924,28,,,1
1701,'20260914',708,,232925,28,,,1,207,,232926,28,,,1,108,,232927,28,,,1,87,,232928,28,,,1,105,,232929,28,,,1,200,,232930,28,,,1,95,,232931,28,,,1,105,,232932,28,,,1,95,,232933,28,,,1,115,,232934,28,,,1,90,,232935,28,,,1,93,,232936,28,,,1,105,,232937,28,,,1,95,,232938,28,,,1
1701,'20260915',708,,232939,28,,,1,207,,232940,28,,,1,108,,232941,28,,,1,87,,232942,28,,,1,105,,232943,28,,,1,200,,232944,28,,,1,95,,232945,28,,,1,105,,232946,28,,,1,95,,232947,28,,,1,115,,232948,28,,,1,90,,232949,28,,,1,93,,232950,28,,,1,105,,232951,28,,,1,95,,232952,28,,,1
1701,'20260916',708,,232953,28,,,1,207,,232954,28,,,1,108,,232955,28,,,1,87,,232956,28,,,1,105,,232957,28,,,1,200,,232958,28,,,1,95,,232959,28,,,1,105,,232960,28,,,1,95,,232961,28,,,1,115,,232962,28,,,1,90,,232963,28,,,1,93,,232964,28,,,1,105,,232965,28,,,1,95,,232966,28,,,1
1701,'20260917',708,,232967,28,,,1,207,,232968,28,,,1,108,,232969,28,,,1,87,,232970,28,,,1,105,,232971,28,,,1,200,,232972,28,,,1,95,,232973,28,,,1,105,,232974,28,,,1,95,,232975,28,,,1,115,,232976,28,,,1,90,,232977,28,,,1,93,,232978,28,,,1,105,,232979,28,,,1,95,,232980,28,,,1
1701,'20260918',708,,232981,28,,,1,207,,232982,28,,,1,108,,232983,28,,,1,87,,232984,28,,,1,105,,232985,28,,,1,200,,232986,28,,,1,95,,232987,28,,,1,105,,232988,28,,,1,95,,232989,28,,,1,115,,232990,28,,,1,90,,232991,28,,,1,93,,232992,28,,,1,105,,232993,28,,,1,95,,232994,28,,,1
1701,'20260921',708,,232995,28,,,1,207,,232996,28,,,1,108,,232997,28,,,1,87,,232998,28,,,1,105,,232999,28,,,1,200,,233000,28,,,1,95,,233001,28,,,1,105,,233002,28,,,1,95,,233003,28,,,1,115,,233004,28,,,1,90,,233005,28,,,1,93,,233006,28,,,1,105,,233007,28,,,1,95,,233008,28,,,1
1701,'20260922',708,,233009,28,,,1,207,,233010,28,,,1,108,,233011,28,,,1,87,,233012,28,,,1,105,,233013,28,,,1,200,,233014,28,,,1,95,,233015,28,,,1,105,,233016,28,,,1,95,,233017,28,,,1,115,,233018,28,,,1,90,,233019,28,,,1,93,,233020,28,,,1,105,,233021,28,,,1,95,,233022,28,,,1
1701,'20260923',708,,233023,28,,,1,207,,233024,28,,,1,108,,233025,28,,,1,87,,233026,28,,,1,105,,233027,28,,,1,200,,233028,28,,,1,95,,233029,28,,,1,105,,233030,28,,,1,95,,233031,28,,,1,115,,233032,28,,,1,90,,233033,28,,,1,93,,233034,28,,,1,105,,233035,28,,,1,95,,233036,28,,,1
1701,'20260924',708,,233037,28,,,1,207,,233038,28,,,1,108,,233039,28,,,1,87,,233040,28,,,1,105,,233041,28,,,1,200,,233042,28,,,1,95,,233043,28,,,1,105,,233044,28,,,1,95,,233045,28,,,1,115,,233046,28,,,1,90,,233047,28,,,1,93,,233048,28,,,1,105,,233049,28,,,1,95,,233050,28,,,1
1701,'20260925',708,,233051,28,,,1,207,,233052,28,,,1,108,,233053,28,,,1,87,,233054,28,,,1,105,,233055,28,,,1,200,,233056,28,,,1,95,,233057,28,,,1,105,,233058,28,,,1,95,,233059,28,,,1,115,,233060,28,,,1,90,,233061,28,,,1,93,,233062,28,,,1,105,,233063,28,,,1,95,,233064,28,,,1
1701,'20260928',708,,233065,28,,,1,207,,233066,28,,,1,108,,233067,28,,,1,87,,233068,28,,,1,105,,233069,28,,,1,200,,233070,28,,,1,95,,233071,28,,,1,105,,233072,28,,,1,95,,233073,28,,,1,115,,233074,28,,,1,90,,233075,28,,,1,93,,233076,28,,,1,105,,233077,28,,,1,95,,233078,28,,,1
1701,'20260929',708,,233079,28,,,1,207,,233080,28,,,1,108,,233081,28,,,1,87,,233082,28,,,1,105,,233083,28,,,1,200,,233084,28,,,1,95,,233085,28,,,1,105,,233086,28,,,1,95,,233087,28,,,1,115,,233088,28,,,1,90,,233089,28,,,1,93,,233090,28,,,1,105,,233091,28,,,1,95,,233092,28,,,1
1701,'20260930',708,,233093,28,,,1,207,,233094,28,,,1,108,,233095,28,,,1,87,,233096,28,,,1,105,,233097,28,,,1,200,,233098,28,,,1,95,,233099,28,,,1,105,,233100,28,,,1,95,,233101,28,,,1,115,,233102,28,,,1,90,,233103,28,,,1,93,,233104,28,,,1,105,,233105,28,,,1,95,,233106,28,,,1
1701,'20261001',708,,233107,28,,,1,207,,233108,28,,,1,108,,233109,28,,,1,87,,233110,28,,,1,105,,233111,28,,,1,200,,233112,28,,,1,95,,233113,28,,,1,105,,233114,28,,,1,95,,233115,28,,,1,115,,233116,28,,,1,90,,233117,28,,,1,93,,233118,28,,,1,105,,233119,28,,,1,95,,233120,28,,,1
1701,'20261002',708,,233121,28,,,1,207,,233122,28,,,1,108,,233123,28,,,1,87,,233124,28,,,1,105,,233125,28,,,1,200,,233126,28,,,1,95,,233127,28,,,1,105,,233128,28,,,1,95,,233129,28,,,1,115,,233130,28,,,1,90,,233131,28,,,1,93,,233132,28,,,1,105,,233133,28,,,1,95,,233134,28,,,1
1701,'20261005',708,,233135,28,,,1,207,,233136,28,,,1,108,,233137,28,,,1,87,,233138,28,,,1,105,,233139,28,,,1,200,,233140,28,,,1,95,,233141,28,,,1,105,,233142,28,,,1,95,,233143,28,,,1,115,,233144,28,,,1,90,,233145,28,,,1,93,,233146,28,,,1,105,,233147,28,,,1,95,,233148,28,,,1
1701,'20261006',708,,233149,28,,,1,207,,233150,28,,,1,108,,233151,28,,,1,87,,233152,28,,,1,105,,233153,28,,,1,200,,233154,28,,,1,95,,233155,28,,,1,105,,233156,28,,,1,95,,233157,28,,,1,115,,233158,28,,,1,90,,233159,28,,,1,93,,233160,28,,,1,105,,233161,28,,,1,95,,233162,28,,,1
1701,'20261007',708,,233163,28,,,1,207,,233164,28,,,1,108,,233165,28,,,1,87,,233166,28,,,1,105,,233167,28,,,1,200,,233168,28,,,1,95,,233169,28,,,1,105,,233170,28,,,1,95,,233171,28,,,1,115,,233172,28,,,1,90,,233173,28,,,1,93,,233174,28,,,1,105,,233175,28,,,1,95,,233176,28,,,1
1701,'20261008',708,,233177,28,,,1,207,,233178,28,,,1,108,,233179,28,,,1,87,,233180,28,,,1,105,,233181,28,,,1,200,,233182,28,,,1,95,,233183,28,,,1,105,,233184,28,,,1,95,,233185,28,,,1,115,,233186,28,,,1,90,,233187,28,,,1,93,,233188,28,,,1,105,,233189,28,,,1,95,,233190,28,,,1
1701,'20261009',708,,233191,28,,,1,207,,233192,28,,,1,108,,233193,28,,,1,87,,233194,28,,,1,105,,233195,28,,,1,200,,233196,28,,,1,95,,233197,28,,,1,105,,233198,28,,,1,95,,233199,28,,,1,115,,233200,28,,,1,90,,233201,28,,,1,93,,233202,28,,,1,105,,233203,28,,,1,95,,233204,28,,,1
1701,'20261013',708,,233205,28,,,1,207,,233206,28,,,1,108,,233207,28,,,1,87,,233208,28,,,1,105,,233209,28,,,1,200,,233210,28,,,1,95,,233211,28,,,1,105,,233212,28,,,1,95,,233213,28,,,1,115,,233214,28,,,1,90,,233215,28,,,1,93,,233216,28,,,1,105,,233217,28,,,1,95,,233218,28,,,1
1701,'20261014',708,,233219,28,,,1,207,,233220,28,,,1,108,,233221,28,,,1,87,,233222,28,,,1,105,,233223,28,,,1,200,,233224,28,,,1,95,,233225,28,,,1,105,,233226,28,,,1,95,,233227,28,,,1,115,,233228,28,,,1,90,,233229,28,,,1,93,,233230,28,,,1,105,,233231,28,,,1,95,,233232,28,,,1
1701,'20261015',708,,233233,28,,,1,207,,233234,28,,,1,108,,233235,28,,,1,87,,233236,28,,,1,105,,233237,28,,,1,200,,233238,28,,,1,95,,233239,28,,,1,105,,233240,28,,,1,95,,233241,28,,,1,115,,233242,28,,,1,90,,233243,28,,,1,93,,233244,28,,,1,105,,233245,28,,,1,95,,233246,28,,,1
1701,'20261016',708,,233247,28,,,1,207,,233248,28,,,1,108,,233249,28,,,1,87,,233250,28,,,1,105,,233251,28,,,1,200,,233252,28,,,1,95,,233253,28,,,1,105,,233254,28,,,1,95,,233255,28,,,1,115,,233256,28,,,1,90,,233257,28,,,1,93,,233258,28,,,1,105,,233259,28,,,1,95,,233260,28,,,1
1701,'20261019',708,,233261,28,,,1,207,,233262,28,,,1,108,,233263,28,,,1,87,,233264,28,,,1,105,,233265,28,,,1,200,,233266,28,,,1,95,,233267,28,,,1,105,,233268,28,,,1,95,,233269,28,,,1,115,,233270,28,,,1,90,,233271,28,,,1,93,,233272,28,,,1,105,,233273,28,,,1,95,,233274,28,,,1
1701,'20261020',708,,233275,28,,,1,207,,233276,28,,,1,108,,233277,28,,,1,87,,233278,28,,,1,105,,233279,28,,,1,200,,233280,28,,,1,95,,233281,28,,,1,105,,233282,28,,,1,95,,233283,28,,,1,115,,233284,28,,,1,90,,233285,28,,,1,93,,233286,28,,,1,105,,233287,28,,,1,95,,233288,28,,,1
1701,'20261021',708,,233289,28,,,1,207,,233290,28,,,1,108,,233291,28,,,1,87,,233292,28,,,1,105,,233293,28,,,1,200,,233294,28,,,1,95,,233295,28,,,1,105,,233296,28,,,1,95,,233297,28,,,1,115,,233298,28,,,1,90,,233299,28,,,1,93,,233300,28,,,1,105,,233301,28,,,1,95,,233302,28,,,1
1701,'20261022',708,,233303,28,,,1,207,,233304,28,,,1,108,,233305,28,,,1,87,,233306,28,,,1,105,,233307,28,,,1,200,,233308,28,,,1,95,,233309,28,,,1,105,,233310,28,,,1,95,,233311,28,,,1,115,,233312,28,,,1,90,,233313,28,,,1,93,,233314,28,,,1,105,,233315,28,,,1,95,,233316,28,,,1
1701,'20261023',708,,233317,28,,,1,207,,233318,28,,,1,108,,233319,28,,,1,87,,233320,28,,,1,105,,233321,28,,,1,200,,233322,28,,,1,95,,233323,28,,,1,105,,233324,28,,,1,95,,233325,28,,,1,115,,233326,28,,,1,90,,233327,28,,,1,93,,233328,28,,,1,105,,233329,28,,,1,95,,233330,28,,,1
1701,'20261026',708,,233331,28,,,1,207,,233332,28,,,1,108,,233333,28,,,1,87,,233334,28,,,1,105,,233335,28,,,1,200,,233336,28,,,1,95,,233337,28,,,1,105,,233338,28,,,1,95,,233339,28,,,1,115,,233340,28,,,1,90,,233341,28,,,1,93,,233342,28,,,1,105,,233343,28,,,1,95,,233344,28,,,1
1701,'20261027',708,,233345,28,,,1,207,,233346,28,,,1,108,,233347,28,,,1,87,,233348,28,,,1,105,,233349,28,,,1,200,,233350,28,,,1,95,,233351,28,,,1,105,,233352,28,,,1,95,,233353,28,,,1,115,,233354,28,,,1,90,,233355,28,,,1,93,,233356,28,,,1,105,,233357,28,,,1,95,,233358,28,,,1
1701,'20261028',708,,233359,28,,,1,207,,233360,28,,,1,108,,233361,28,,,1,87,,233362,28,,,1,105,,233363,28,,,1,200,,233364,28,,,1,95,,233365,28,,,1,105,,233366,28,,,1,95,,233367,28,,,1,115,,233368,28,,,1,90,,233369,28,,,1,93,,233370,28,,,1,105,,233371,28,,,1,95,,233372,28,,,1
1701,'20261029',708,,233373,28,,,1,207,,233374,28,,,1,108,,233375,28,,,1,87,,233376,28,,,1,105,,233377,28,,,1,200,,233378,28,,,1,95,,233379,28,,,1,105,,233380,28,,,1,95,,233381,28,,,1,115,,233382,28,,,1,90,,233383,28,,,1,93,,233384,28,,,1,105,,233385,28,,,1,95,,233386,28,,,1
1701,'20261030',708,,233387,28,,,1,207,,233388,28,,,1,108,,233389,28,,,1,87,,233390,28,,,1,105,,233391,28,,,1,200,,233392,28,,,1,95,,233393,28,,,1,105,,233394,28,,,1,95,,233395,28,,,1,115,,233396,28,,,1,90,,233397,28,,,1,93,,233398,28,,,1,105,,233399,28,,,1,95,,233400,28,,,1
1701,'20261102',708,,233401,28,,,1,207,,233402,28,,,1,108,,233403,28,,,1,87,,233404,28,,,1,105,,233405,28,,,1,200,,233406,28,,,1,95,,233407,28,,,1,105,,233408,28,,,1,95,,233409,28,,,1,115,,233410,28,,,1,90,,233411,28,,,1,93,,233412,28,,,1,105,,233413,28,,,1,95,,233414,28,,,1
1701,'20261103',708,,233415,28,,,1,207,,233416,28,,,1,108,,233417,28,,,1,87,,233418,28,,,1,105,,233419,28,,,1,200,,233420,28,,,1,95,,233421,28,,,1,105,,233422,28,,,1,95,,233423,28,,,1,115,,233424,28,,,1,90,,233425,28,,,1,93,,233426,28,,,1,105,,233427,28,,,1,95,,233428,28,,,1
1701,'20261104',708,,233429,28,,,1,207,,233430,28,,,1,108,,233431,28,,,1,87,,233432,28,,,1,105,,233433,28,,,1,200,,233434,28,,,1,95,,233435,28,,,1,105,,233436,28,,,1,95,,233437,28,,,1,115,,233438,28,,,1,90,,233439,28,,,1,93,,233440,28,,,1,105,,233441,28,,,1,95,,233442,28,,,1
1701,'20261105',708,,233443,28,,,1,207,,233444,28,,,1,108,,233445,28,,,1,87,,233446,28,,,1,105,,233447,28,,,1,200,,233448,28,,,1,95,,233449,28,,,1,105,,233450,28,,,1,95,,233451,28,,,1,115,,233452,28,,,1,90,,233453,28,,,1,93,,233454,28,,,1,105,,233455,28,,,1,95,,233456,28,,,1
1701,'20261106',708,,233457,28,,,1,207,,233458,28,,,1,108,,233459,28,,,1,87,,233460,28,,,1,105,,233461,28,,,1,200,,233462,28,,,1,95,,233463,28,,,1,105,,233464,28,,,1,95,,233465,28,,,1,115,,233466,28,,,1,90,,233467,28,,,1,93,,233468,28,,,1,105,,233469,28,,,1,95,,233470,28,,,1
1701,'20261109',708,,233471,28,,,1,207,,233472,28,,,1,108,,233473,28,,,1,87,,233474,28,,,1,105,,233475,28,,,1,200,,233476,28,,,1,95,,233477,28,,,1,105,,233478,28,,,1,95,,233479,28,,,1,115,,233480,28,,,1,90,,233481,28,,,1,93,,233482,28,,,1,105,,233483,28,,,1,95,,233484,28,,,1
1701,'20261110',708,,233485,28,,,1,207,,233486,28,,,1,108,,233487,28,,,1,87,,233488,28,,,1,105,,233489,28,,,1,200,,233490,28,,,1,95,,233491,28,,,1,105,,233492,28,,,1,95,,233493,28,,,1,115,,233494,28,,,1,90,,233495,28,,,1,93,,233496,28,,,1,105,,233497,28,,,1,95,,233498,28,,,1
1701,'20261111',708,,233499,28,,,1,207,,233500,28,,,1,108,,233501,28,,,1,87,,233502,28,,,1,105,,233503,28,,,1,200,,233504,28,,,1,95,,233505,28,,,1,105,,233506,28,,,1,95,,233507,28,,,1,115,,233508,28,,,1,90,,233509,28,,,1,93,,233510,28,,,1,105,,233511,28,,,1,95,,233512,28,,,1
1701,'20261112',708,,233513,28,,,1,207,,233514,28,,,1,108,,233515,28,,,1,87,,233516,28,,,1,105,,233517,28,,,1,200,,233518,28,,,1,95,,233519,28,,,1,105,,233520,28,,,1,95,,233521,28,,,1,115,,233522,28,,,1,90,,233523,28,,,1,93,,233524,28,,,1,105,,233525,28,,,1,95,,233526,28,,,1
1701,'20261113',708,,233527,28,,,1,207,,233528,28,,,1,108,,233529,28,,,1,87,,233530,28,,,1,105,,233531,28,,,1,200,,233532,28,,,1,95,,233533,28,,,1,105,,233534,28,,,1,95,,233535,28,,,1,115,,233536,28,,,1,90,,233537,28,,,1,93,,233538,28,,,1,105,,233539,28,,,1,95,,233540,28,,,1
1701,'20261116',708,,233541,28,,,1,207,,233542,28,,,1,108,,233543,28,,,1,87,,233544,28,,,1,105,,233545,28,,,1,200,,233546,28,,,1,95,,233547,28,,,1,105,,233548,28,,,1,95,,233549,28,,,1,115,,233550,28,,,1,90,,233551,28,,,1,93,,233552,28,,,1,105,,233553,28,,,1,95,,233554,28,,,1
1701,'20261117',708,,233555,28,,,1,207,,233556,28,,,1,108,,233557,28,,,1,87,,233558,28,,,1,105,,233559,28,,,1,200,,233560,28,,,1,95,,233561,28,,,1,105,,233562,28,,,1,95,,233563,28,,,1,115,,233564,28,,,1,90,,233565,28,,,1,93,,233566,28,,,1,105,,233567,28,,,1,95,,233568,28,,,1
1701,'20261118',708,,233569,28,,,1,207,,233570,28,,,1,108,,233571,28,,,1,87,,233572,28,,,1,105,,233573,28,,,1,200,,233574,28,,,1,95,,233575,28,,,1,105,,233576,28,,,1,95,,233577,28,,,1,115,,233578,28,,,1,90,,233579,28,,,1,93,,233580,28,,,1,105,,233581,28,,,1,95,,233582,28,,,1
1701,'20261119',708,,233583,28,,,1,207,,233584,28,,,1,108,,233585,28,,,1,87,,233586,28,,,1,105,,233587,28,,,1,200,,233588,28,,,1,95,,233589,28,,,1,105,,233590,28,,,1,95,,233591,28,,,1,115,,233592,28,,,1,90,,233593,28,,,1,93,,233594,28,,,1,105,,233595,28,,,1,95,,233596,28,,,1
1701,'20261120',708,,233597,28,,,1,207,,233598,28,,,1,108,,233599,28,,,1,87,,233600,28,,,1,105,,233601,28,,,1,200,,233602,28,,,1,95,,233603,28,,,1,105,,233604,28,,,1,95,,233605,28,,,1,115,,233606,28,,,1,90,,233607,28,,,1,93,,233608,28,,,1,105,,233609,28,,,1,95,,233610,28,,,1
1701,'20261123',708,,233611,28,,,1,207,,233612,28,,,1,108,,233613,28,,,1,87,,233614,28,,,1,105,,233615,28,,,1,200,,233616,28,,,1,95,,233617,28,,,1,105,,233618,28,,,1,95,,233619,28,,,1,115,,233620,28,,,1,90,,233621,28,,,1,93,,233622,28,,,1,105,,233623,28,,,1,95,,233624,28,,,1
1701,'20261124',708,,233625,28,,,1,207,,233626,28,,,1,108,,233627,28,,,1,87,,233628,28,,,1,105,,233629,28,,,1,200,,233630,28,,,1,95,,233631,28,,,1,105,,233632,28,,,1,95,,233633,28,,,1,115,,233634,28,,,1,90,,233635,28,,,1,93,,233636,28,,,1,105,,233637,28,,,1,95,,233638,28,,,1
1701,'20261125',708,,233639,28,,,1,207,,233640,28,,,1,108,,233641,28,,,1,87,,233642,28,,,1,105,,233643,28,,,1,200,,233644,28,,,1,95,,233645,28,,,1,105,,233646,28,,,1,95,,233647,28,,,1,115,,233648,28,,,1,90,,233649,28,,,1,93,,233650,28,,,1,105,,233651,28,,,1,95,,233652,28,,,1
1701,'20261126',708,,233653,28,,,1,207,,233654,28,,,1,108,,233655,28,,,1,87,,233656,28,,,1,105,,233657,28,,,1,200,,233658,28,,,1,95,,233659,28,,,1,105,,233660,28,,,1,95,,233661,28,,,1,115,,233662,28,,,1,90,,233663,28,,,1,93,,233664,28,,,1,105,,233665,28,,,1,95,,233666,28,,,1
1701,'20261127',708,,233667,28,,,1,207,,233668,28,,,1,108,,233669,28,,,1,87,,233670,28,,,1,105,,233671,28,,,1,200,,233672,28,,,1,95,,233673,28,,,1,105,,233674,28,,,1,95,,233675,28,,,1,115,,233676,28,,,1,90,,233677,28,,,1,93,,233678,28,,,1,105,,233679,28,,,1,95,,233680,28,,,1
1801,'20260910',707,,234285,18,0,31 38 9,1,143,,234286,9,0,38 9,1,1100,,234287,9,0,38 9,1,197,,234288,9,0,38 9,1,198,,234289,9,0,38 9,1,204,,234292,9,0,38 9,1,51,,234291,16,0,57 38 9,1,40,,234293,18,0,68 71 72 9,1,163,,234294,18,0,31 38 9,1
1801,'20260911',707,,234295,18,0,31 38 9,1,143,,234296,9,0,38 9,1,1100,,234297,9,0,38 9,1,197,,234298,9,0,38 9,1,198,,234299,9,0,38 9,1,204,,234300,9,0,38 9,1,151,,234302,16,0,57 38 9,1,103,,234303,18,0,31 38 9,1
1801,'20260912',827,,234304,18,0,68 71 72 9,1,75,,234305,18,0,68 71 72 9,1,30,,234306,18,0,68 71 72 9,1,13,,234307,16,0,7 71 72 9,1,102,,234309,9,0,38 9,1,200,,234310,9,0,38 9,1,200,,234311,9,0,38 9,1,200,,234312,9,0,38 9,1,201,,234313,9,0,38 9,1,200,,234314,9,0,38 9,1,200,,234315,9,0,38 9,1,200,,234316,9,0,38 9,1,105,,234317,9,0,38 9,1,162,,234319,16,0,57 38 9,1,85,,234321,16,0,57 38 9,1
1801,'20260913',827,,234322,18,0,68 71 72 9,1,75,,234323,18,0,68 71 72 9,1,30,,234324,18,0,68 71 72 9,1,13,,234325,16,0,7 71 72 9,1,102,,234327,9,0,38 9,1,200,,234328,9,0,38 9,1,200,,234329,9,0,38 9,1,200,,234330,9,0,38 9,1,201,,234331,9,0,38 9,1,200,,234332,9,0,38 9,1,200,,234333,9,0,38 9,1,200,,234334,9,0,38 9,1,105,,234335,9,0,38 9,1,87,,234336,18,0,68 71 72 9,1,160,,234337,18,0,31 38 9,1
1801,'20260914',707,,234338,18,0,31 38 9,1,143,,234339,9,0,38 9,1,1100,,234340,9,0,38 9,1,197,,234341,9,0,38 9,1,198,,234342,9,0,38 9,1,204,,234345,9,0,38 9,1,51,,234344,16,0,57 38 9,1,40,,234346,18,0,68 71 72 9,1,163,,234347,18,0,31 38 9,1
1801,'20260915',707,,234348,18,0,31 38 9,1,143,,234349,9,0,38 9,1,1100,,234350,9,0,38 9,1,197,,234351,9,0,38 9,1,198,,234352,9,0,38 9,1,204,,234355,9,0,38 9,1,51,,234354,16,0,57 38 9,1,40,,234356,18,0,68 71 72 9,1,163,,234357,18,0,31 38 9,1
1801,'20260916',707,,234358,18,0,31 38 9,1,143,,234359,9,0,38 9,1,1100,,234360,9,0,38 9,1,197,,234361,9,0,38 9,1,198,,234362,9,0,38 9,1,204,,234365,9,0,38 9,1,51,,234364,16,0,57 38 9,1,40,,234366,18,0,68 71 72 9,1,163,,234367,18,0,31 38 9,1
1801,'20260917',707,,234368,18,0,31 38 9,1,143,,234369,9,0,38 9,1,1100,,234370,9,0,38 9,1,197,,234371,9,0,38 9,1,198,,234372,9,0,38 9,1,204,,234375,9,0,38 9,1,51,,234374,16,0,57 38 9,1,40,,234376,18,0,68 71 72 9,1,163,,234377,18,0,31 38 9,1
1801,'20260918',707,,234378,18,0,31 38 9,1,143,,234379,9,0,38 9,1,1100,,234380,9,0,38 9,1,197,,234381,9,0,38 9,1,198,,234382,9,0,38 9,1,204,,234383,9,0,38 9,1,151,,234385,16,0,57 38 9,1,103,,234386,18,0,31 38 9,1
1801,'20260919',827,,234387,18,0,68 71 72 9,1,75,,234388,18,0,68 71 72 9,1,30,,234389,18,0,68 71 72 9,1,13,,234390,16,0,7 71 72 9,1,102,,234392,9,0,38 9,1,200,,234393,9,0,38 9,1,200,,234394,9,0,38 9,1,200,,234395,9,0,38 9,1,201,,234396,9,0,38 9,1,200,,234397,9,0,38 9,1,200,,234398,9,0,38 9,1,200,,234399,9,0,38 9,1,105,,234400,9,0,38 9,1,162,,234402,16,0,57 38 9,1,85,,234404,16,0,57 38 9,1
1801,'20260920',827,,234405,18,0,68 71 72 9,1,75,,234406,18,0,68 71 72 9,1,30,,234407,18,0,68 71 72 9,1,13,,234408,16,0,7 71 72 9,1,102,,234410,9,0,38 9,1,200,,234411,9,0,38 9,1,200,,234412,9,0,38 9,1,200,,234413,9,0,38 9,1,201,,234414,9,0,38 9,1,200,,234415,9,0,38 9,1,200,,234416,9,0,38 9,1,200,,234417,9,0,38 9,1,105,,234418,9,0,38 9,1,87,,234419,18,0,68 71 72 9,1,160,,234420,18,0,31 38 9,1
1801,'20260921',707,,234421,18,0,31 38 9,1,143,,234422,9,0,38 9,1,1100,,234423,9,0,38 9,1,197,,234424,9,0,38 9,1,198,,234425,9,0,38 9,1,204,,234428,9,0,38 9,1,51,,234427,16,0,57 38 9,1,40,,234429,18,0,68 71 72 9,1,163,,234430,18,0,31 38 9,1
1801,'20260922',707,,234431,18,0,31 38 9,1,143,,234432,9,0,38 9,1,1100,,234433,9,0,38 9,1,197,,234434,9,0,38 9,1,198,,234435,9,0,38 9,1,204,,234438,9,0,38 9,1,51,,234437,16,0,57 38 9,1,40,,234439,18,0,68 71 72 9,1,163,,234440,18,0,31 38 9,1
1801,'20260923',707,,234441,18,0,31 38 9,1,143,,234442,9,0,38 9,1,1100,,234443,9,0,38 9,1,197,,234444,9,0,38 9,1,198,,234445,9,0,38 9,1,204,,234448,9,0,38 9,1,51,,234447,16,0,57 38 9,1,40,,234449,18,0,68 71 72 9,1,163,,234450,18,0,31 38 9,1
1801,'20260924',707,,234451,18,0,31 38 9,1,143,,234452,9,0,38 9,1,1100,,234453,9,0,38 9,1,197,,234454,9,0,38 9,1,198,,234455,9,0,38 9,1,204,,234458,9,0,38 9,1,51,,234457,16,0,57 38 9,1,40,,234459,18,0,68 71 72 9,1,163,,234460,18,0,31 38 9,1
1801,'20260925',707,,234461,18,0,31 38 9,1,143,,234462,9,0,38 9,1,1100,,234463,9,0,38 9,1,197,,234464,9,0,38 9,1,198,,234465,9,0,38 9,1,204,,234466,9,0,38 9,1,151,,234468,16,0,57 38 9,1,103,,234469,18,0,31 38 9,1
1801,'20260926',827,,234470,18,0,68 71 72 9,1,75,,234471,18,0,68 71 72 9,1,30,,234472,18,0,68 71 72 9,1,13,,234473,16,0,7 71 72 9,1,102,,234475,9,0,38 9,1,200,,234476,9,0,38 9,1,200,,234477,9,0,38 9,1,200,,234478,9,0,38 9,1,201,,234479,9,0,38 9,1,200,,234480,9,0,38 9,1,200,,234481,9,0,38 9,1,200,,234482,9,0,38 9,1,105,,234483,9,0,38 9,1,162,,234485,16,0,57 38 9,1,85,,234487,16,0,57 38 9,1
1801,'20260927',827,,234488,18,0,68 71 72 9,1,75,,234489,18,0,68 71 72 9,1,30,,234490,18,0,68 71 72 9,1,13,,234491,16,0,7 71 72 9,1,102,,234493,9,0,38 9,1,200,,234494,9,0,38 9,1,200,,234495,9,0,38 9,1,200,,234496,9,0,38 9,1,201,,234497,9,0,38 9,1,200,,234498,9,0,38 9,1,200,,234499,9,0,38 9,1,200,,234500,9,0,38 9,1,105,,234501,9,0,38 9,1,87,,234502,18,0,68 71 72 9,1,160,,234503,18,0,31 38 9,1
1801,'20260928',707,,234504,18,0,31 38 9,1,143,,234505,9,0,38 9,1,1100,,234506,9,0,38 9,1,197,,234507,9,0,38 9,1,198,,234508,9,0,38 9,1,204,,234511,9,0,38 9,1,51,,234510,16,0,57 38 9,1,40,,234512,18,0,68 71 72 9,1,163,,234513,18,0,31 38 9,1
1801,'20260929',707,,234514,18,0,31 38 9,1,143,,234515,9,0,38 9,1,1100,,234516,9,0,38 9,1,197,,234517,9,0,38 9,1,198,,234518,9,0,38 9,1,204,,234521,9,0,38 9,1,51,,234520,16,0,57 38 9,1,40,,234522,18,0,68 71 72 9,1,163,,234523,18,0,31 38 9,1
1801,'20260930',707,,234524,18,0,31 38 9,1,143,,234525,9,0,38 9,1,1100,,234526,9,0,38 9,1,197,,234527,9,0,38 9,1,198,,234528,9,0,38 9,1,204,,234531,9,0,38 9,1,51,,234530,16,0,57 38 9,1,40,,234532,18,0,68 71 72 9,1,163,,234533,18,0,31 38 9,1
1801,'20261001',707,,234534,18,0,31 38 9,1,143,,234535,9,0,38 9,1,1100,,234536,9,0,38 9,1,197,,234537,9,0,38 9,1,198,,234538,9,0,38 9,1,204,,234541,9,0,38 9,1,51,,234540,16,0,57 38 9,1,40,,234542,18,0,68 71 72 9,1,163,,234543,18,0,31 38 9,1
1801,'20261002',707,,234544,18,0,31 38 9,1,143,,234545,9,0,38 9,1,1100,,234546,9,0,38 9,1,197,,234547,9,0,38 9,1,198,,234548,9,0,38 9,1,204,,234549,9,0,38 9,1,151,,234551,16,0,57 38 9,1,103,,234552,18,0,31 38 9,1
1801,'20261003',827,,234553,18,0,68 71 72 9,1,75,,234554,18,0,68 71 72 9,1,30,,234555,18,0,68 71 72 9,1,13,,234556,16,0,7 71 72 9,1,102,,234558,9,0,38 9,1,200,,234559,9,0,38 9,1,200,,234560,9,0,38 9,1,200,,234561,9,0,38 9,1,201,,234562,9,0,38 9,1,200,,234563,9,0,38 9,1,200,,234564,9,0,38 9,1,200,,234565,9,0,38 9,1,105,,234566,9,0,38 9,1,162,,234568,16,0,57 38 9,1,85,,234570,16,0,57 38 9,1
1801,'20261004',827,,234571,18,0,68 71 72 9,1,75,,234572,18,0,68 71 72 9,1,30,,234573,18,0,68 71 72 9,1,13,,234574,16,0,7 71 72 9,1,102,,234576,9,0,38 9,1,200,,234577,9,0,38 9,1,200,,234578,9,0,38 9,1,200,,234579,9,0,38 9,1,201,,234580,9,0,38 9,1,200,,234581,9,0,38 9,1,200,,234582,9,0,38 9,1,200,,234583,9,0,38 9,1,105,,234584,9,0,38 9,1,87,,234585,18,0,68 71 72 9,1,160,,234586,18,0,31 38 9,1
1801,'20261005',707,,234587,18,0,31 38 9,1,143,,234588,9,0,38 9,1,1100,,234589,9,0,38 9,1,197,,234590,9,0,38 9,1,198,,234591,9,0,38 9,1,204,,234594,9,0,38 9,1,51,,234593,16,0,57 38 9,1,40,,234595,18,0,68 71 72 9,1,163,,234596,18,0,31 38 9,1
1801,'20261006',707,,234597,18,0,31 38 9,1,143,,234598,9,0,38 9,1,1100,,234599,9,0,38 9,1,197,,234600,9,0,38 9,1,198,,234601,9,0,38 9,1,204,,234604,9,0,38 9,1,51,,234603,16,0,57 38 9,1,40,,234605,18,0,68 71 72 9,1,163,,234606,18,0,31 38 9,1
1801,'20261007',707,,234607,18,0,31 38 9,1,143,,234608,9,0,38 9,1,1100,,234609,9,0,38 9,1,197,,234610,9,0,38 9,1,198,,234611,9,0,38 9,1,204,,234614,9,0,38 9,1,51,,234613,16,0,57 38 9,1,40,,234615,18,0,68 71 72 9,1,163,,234616,18,0,31 38 9,1
1801,'20261008',707,,234617,18,0,31 38 9,1,143,,234618,9,0,38 9,1,1100,,234619,9,0,38 9,1,197,,234620,9,0,38 9,1,198,,234621,9,0,38 9,1,204,,234624,9,0,38 9,1,51,,234623,16,0,57 38 9,1,40,,234625,18,0,68 71 72 9,1,163,,234626,18,0,31 38 9,1
1801,'20261009',707,,234627,18,0,31 38 9,1,143,,234628,9,0,38 9,1,1100,,234629,9,0,38 9,1,197,,234630,9,0,38 9,1,198,,234631,9,0,38 9,1,204,,234632,9,0,38 9,1,151,,234634,16,0,57 38 9,1,103,,234635,18,0,31 38 9,1
1801,'20261010',827,,234636,18,0,68 71 72 9,1,75,,234637,18,0,68 71 72 9,1,30,,234638,18,0,68 71 72 9,1,13,,234639,16,0,7 71 72 9,1,102,,234641,9,0,38 9,1,200,,234642,9,0,38 9,1,200,,234643,9,0,38 9,1,200,,234644,9,0,38 9,1,201,,234645,9,0,38 9,1,200,,234646,9,0,38 9,1,200,,234647,9,0,38 9,1,200,,234648,9,0,38 9,1,105,,234649,9,0,38 9,1,162,,234651,16,0,57 38 9,1,85,,234653,16,0,57 38 9,1
1801,'20261011',827,,234654,18,0,68 71 72 9,1,75,,234655,18,0,68 71 72 9,1,30,,234656,18,0,68 71 72 9,1,13,,234657,16,0,7 71 72 9,1,102,,234659,9,0,38 9,1,200,,234660,9,0,38 9,1,200,,234661,9,0,38 9,1,200,,234662,9,0,38 9,1,201,,234663,9,0,38 9,1,200,,234664,9,0,38 9,1,200,,234665,9,0,38 9,1,200,,234666,9,0,38 9,1,105,,234667,9,0,38 9,1,87,,234668,18,0,68 71 72 9,1,160,,234669,18,0,31 38 9,1
1801,'20261012',827,,234670,18,0,68 71 72 9,1,75,,234671,18,0,68 71 72 9,1,30,,234672,18,0,68 71 72 9,1,13,,234673,16,0,7 71 72 9,1,102,,234675,9,0,38 9,1,200,,234676,9,0,38 9,1,200,,234677,9,0,38 9,1,200,,234678,9,0,38 9,1,201,,234679,9,0,38 9,1,200,,234680,9,0,38 9,1,200,,234681,9,0,38 9,1,200,,234682,9,0,38 9,1,105,,234683,9,0,38 9,1,162,,234685,16,0,57 38 9,1,85,,234687,16,0,57 38 9,1
1801,'20261013',707,,234688,18,0,31 38 9,1,143,,234689,9,0,38 9,1,1100,,234690,9,0,38 9,1,197,,234691,9,0,38 9,1,198,,234692,9,0,38 9,1,204,,234695,9,0,38 9,1,51,,234694,16,0,57 38 9,1,40,,234696,18,0,68 71 72 9,1,163,,234697,18,0,31 38 9,1
1801,'20261014',707,,234698,18,0,31 38 9,1,143,,234699,9,0,38 9,1,1100,,234700,9,0,38 9,1,197,,234701,9,0,38 9,1,198,,234702,9,0,38 9,1,204,,234705,9,0,38 9,1,51,,234704,16,0,57 38 9,1,40,,234706,18,0,68 71 72 9,1,163,,234707,18,0,31 38 9,1
1801,'20261015',707,,234708,18,0,31 38 9,1,143,,234709,9,0,38 9,1,1100,,234710,9,0,38 9,1,197,,234711,9,0,38 9,1,198,,234712,9,0,38 9,1,204,,234715,9,0,38 9,1,51,,234714,16,0,57 38 9,1,40,,234716,18,0,68 71 72 9,1,163,,234717,18,0,31 38 9,1
1801,'20261016',707,,234718,18,0,31 38 9,1,143,,234719,9,0,38 9,1,1100,,234720,9,0,38 9,1,197,,234721,9,0,38 9,1,198,,234722,9,0,38 9,1,204,,234723,9,0,38 9,1,151,,234725,16,0,57 38 9,1,103,,234726,18,0,31 38 9,1
1801,'20261017',827,,234727,18,0,68 71 72 9,1,75,,234728,18,0,68 71 72 9,1,30,,234729,18,0,68 71 72 9,1,13,,234730,16,0,7 71 72 9,1,102,,234732,9,0,38 9,1,200,,234733,9,0,38 9,1,200,,234734,9,0,38 9,1,200,,234735,9,0,38 9,1,201,,234736,9,0,38 9,1,200,,234737,9,0,38 9,1,200,,234738,9,0,38 9,1,200,,234739,9,0,38 9,1,105,,234740,9,0,38 9,1,162,,234742,16,0,57 38 9,1,85,,234744,16,0,57 38 9,1
1801,'20261018',827,,234745,18,0,68 71 72 9,1,75,,234746,18,0,68 71 72 9,1,30,,234747,18,0,68 71 72 9,1,13,,234748,16,0,7 71 72 9,1,102,,234750,9,0,38 9,1,200,,234751,9,0,38 9,1,200,,234752,9,0,38 9,1,200,,234753,9,0,38 9,1,201,,234754,9,0,38 9,1,200,,234755,9,0,38 9,1,200,,234756,9,0,38 9,1,200,,234757,9,0,38 9,1,105,,234758,9,0,38 9,1,87,,234759,18,0,68 71 72 9,1,160,,234760,18,0,31 38 9,1
1801,'20261019',707,,234761,18,0,31 38 9,1,143,,234762,9,0,38 9,1,1100,,234763,9,0,38 9,1,197,,234764,9,0,38 9,1,198,,234765,9,0,38 9,1,204,,234768,9,0,38 9,1,51,,234767,16,0,57 38 9,1,40,,234769,18,0,68 71 72 9,1,163,,234770,18,0,31 38 9,1
1801,'20261020',707,,234771,18,0,31 38 9,1,143,,234772,9,0,38 9,1,1100,,234773,9,0,38 9,1,197,,234774,9,0,38 9,1,198,,234775,9,0,38 9,1,204,,234778,9,0,38 9,1,51,,234777,16,0,57 38 9,1,40,,234779,18,0,68 71 72 9,1,163,,234780,18,0,31 38 9,1
1801,'20261021',707,,234781,18,0,31 38 9,1,143,,234782,9,0,38 9,1,1100,,234783,9,0,38 9,1,197,,234784,9,0,38 9,1,198,,234785,9,0,38 9,1,204,,234788,9,0,38 9,1,51,,234787,16,0,57 38 9,1,40,,234789,18,0,68 71 72 9,1,163,,234790,18,0,31 38 9,1
1801,'20261022',707,,234791,18,0,31 38 9,1,143,,234792,9,0,38 9,1,1100,,234793,9,0,38 9,1,197,,234794,9,0,38 9,1,198,,234795,9,0,38 9,1,204,,234798,9,0,38 9,1,51,,234797,16,0,57 38 9,1,40,,234799,18,0,68 71 72 9,1,163,,234800,18,0,31 38 9,1
1801,'20261023',707,,234801,18,0,31 38 9,1,143,,234802,9,0,38 9,1,1100,,234803,9,0,38 9,1,197,,234804,9,0,38 9,1,198,,234805,9,0,38 9,1,204,,234806,9,0,38 9,1,151,,234808,16,0,57 38 9,1,103,,234809,18,0,31 38 9,1
1801,'20261024',827,,234810,18,0,68 71 72 9,1,75,,234811,18,0,68 71 72 9,1,30,,234812,18,0,68 71 72 9,1,13,,234813,16,0,7 71 72 9,1,102,,234815,9,0,38 9,1,200,,234816,9,0,38 9,1,200,,234817,9,0,38 9,1,200,,234818,9,0,38 9,1,201,,234819,9,0,38 9,1,200,,234820,9,0,38 9,1,200,,234821,9,0,38 9,1,200,,234822,9,0,38 9,1,105,,234823,9,0,38 9,1,162,,234825,16,0,57 38 9,1,85,,234827,16,0,57 38 9,1
1801,'20261025',827,,234828,18,0,68 71 72 9,1,75,,234829,18,0,68 71 72 9,1,30,,234830,18,0,68 71 72 9,1,13,,234831,16,0,7 71 72 9,1,102,,234833,9,0,38 9,1,200,,234834,9,0,38 9,1,200,,234835,9,0,38 9,1,200,,234836,9,0,38 9,1,201,,234837,9,0,38 9,1,200,,234838,9,0,38 9,1,200,,234839,9,0,38 9,1,200,,234840,9,0,38 9,1,105,,234841,9,0,38 9,1,87,,234842,18,0,68 71 72 9,1,160,,234843,18,0,31 38 9,1
1801,'20261026',707,,234844,18,0,31 38 9,1,143,,234845,9,0,38 9,1,1100,,234846,9,0,38 9,1,197,,234847,9,0,38 9,1,198,,234848,9,0,38 9,1,204,,234851,9,0,38 9,1,51,,234850,16,0,57 38 9,1,40,,234852,18,0,68 71 72 9,1,163,,234853,18,0,31 38 9,1
1801,'20261027',707,,234854,18,0,31 38 9,1,143,,234855,9,0,38 9,1,1100,,234856,9,0,38 9,1,197,,234857,9,0,38 9,1,198,,234858,9,0,38 9,1,204,,234861,9,0,38 9,1,51,,234860,16,0,57 38 9,1,40,,234862,18,0,68 71 72 9,1,163,,234863,18,0,31 38 9,1
1801,'20261028',707,,234864,18,0,31 38 9,1,143,,234865,9,0,38 9,1,1100,,234866,9,0,38 9,1,197,,234867,9,0,38 9,1,198,,234868,9,0,38 9,1,204,,234871,9,0,38 9,1,51,,234870,16,0,57 38 9,1,40,,234872,18,0,68 71 72 9,1,163,,234873,18,0,31 38 9,1
1801,'20261029',707,,234874,18,0,31 38 9,1,143,,234875,9,0,38 9,1,1100,,234876,9,0,38 9,1,197,,234877,9,0,38 9,1,198,,234878,9,0,38 9,1,204,,234881,9,0,38 9,1,51,,234880,16,0,57 38 9,1,40,,234882,18,0,68 71 72 9,1,163,,234883,18,0,31 38 9,1
1801,'20261030',707,,234884,18,0,31 38 9,1,143,,234885,9,0,38 9,1,1100,,234886,9,0,38 9,1,197,,234887,9,0,38 9,1,198,,234888,9,0,38 9,1,204,,234889,9,0,38 9,1,151,,234891,16,0,57 38 9,1,103,,234892,18,0,31 38 9,1
1801,'20261031',827,,234893,18,0,68 71 72 9,1,75,,234894,18,0,68 71 72 9,1,30,,234895,18,0,68 71 72 9,1,13,,234896,16,0,7 71 72 9,1,102,,234898,9,0,38 9,1,200,,234899,9,0,38 9,1,200,,234900,9,0,38 9,1,200,,234901,9,0,38 9,1,201,,234902,9,0,38 9,1,200,,234903,9,0,38 9,1,200,,234904,9,0,38 9,1,200,,234905,9,0,38 9,1,105,,234906,9,0,38 9,1,162,,234908,16,0,57 38 9,1,85,,234910,16,0,57 38 9,1
1801,'20261101',827,,234911,18,0,68 71 72 9,1,75,,234912,18,0,68 71 72 9,1,30,,234913,18,0,68 71 72 9,1,13,,234914,16,0,7 71 72 9,1,102,,234916,9,0,38 9,1,200,,234917,9,0,38 9,1,200,,234918,9,0,38 9,1,200,,234919,9,0,38 9,1,201,,234920,9,0,38 9,1,200,,234921,9,0,38 9,1,200,,234922,9,0,38 9,1,200,,234923,9,0,38 9,1,105,,234924,9,0,38 9,1,87,,234925,18,0,68 71 72 9,1,160,,234926,18,0,31 38 9,1
1801,'20261102',707,,234927,18,0,31 38 9,1,143,,234928,9,0,38 9,1,1100,,234929,9,0,38 9,1,197,,234930,9,0,38 9,1,198,,234931,9,0,38 9,1,204,,234934,9,0,38 9,1,51,,234933,16,0,57 38 9,1,40,,234935,18,0,68 71 72 9,1,163,,234936,18,0,31 38 9,1
1801,'20261103',707,,234937,18,0,31 38 9,1,143,,234938,9,0,38 9,1,1100,,234939,9,0,38 9,1,197,,234940,9,0,38 9,1,198,,234941,9,0,38 9,1,204,,234944,9,0,38 9,1,51,,234943,16,0,57 38 9,1,40,,234945,18,0,68 71 72 9,1,163,,234946,18,0,31 38 9,1
1801,'20261104',707,,234947,18,0,31 38 9,1,143,,234948,9,0,38 9,1,1100,,234949,9,0,38 9,1,197,,234950,9,0,38 9,1,198,,234951,9,0,38 9,1,204,,234954,9,0,38 9,1,51,,234953,16,0,57 38 9,1,40,,234955,18,0,68 71 72 9,1,163,,234956,18,0,31 38 9,1
1801,'20261105',707,,234957,18,0,31 38 9,1,143,,234958,9,0,38 9,1,1100,,234959,9,0,38 9,1,197,,234960,9,0,38 9,1,198,,234961,9,0,38 9,1,204,,234964,9,0,38 9,1,51,,234963,16,0,57 38 9,1,40,,234965,18,0,68 71 72 9,1,163,,234966,18,0,31 38 9,1
1801,'20261106',707,,234967,18,0,31 38 9,1,143,,234968,9,0,38 9,1,1100,,234969,9,0,38 9,1,197,,234970,9,0,38 9,1,198,,234971,9,0,38 9,1,204,,234972,9,0,38 9,1,151,,234974,16,0,57 38 9,1,103,,234975,18,0,31 38 9,1
1801,'20261107',827,,234976,18,0,68 71 72 9,1,75,,234977,18,0,68 71 72 9,1,30,,234978,18,0,68 71 72 9,1,13,,234979,16,0,7 71 72 9,1,102,,234981,9,0,38 9,1,200,,234982,9,0,38 9,1,200,,234983,9,0,38 9,1,200,,234984,9,0,38 9,1,201,,234985,9,0,38 9,1,200,,234986,9,0,38 9,1,200,,234987,9,0,38 9,1,200,,234988,9,0,38 9,1,105,,234989,9,0,38 9,1,162,,234991,16,0,57 38 9,1,85,,234993,16,0,57 38 9,1
1801,'20261108',827,,234994,18,0,68 71 72 9,1,75,,234995,18,0,68 71 72 9,1,30,,234996,18,0,68 71 72 9,1,13,,234997,16,0,7 71 72 9,1,102,,234999,9,0,38 9,1,200,,235000,9,0,38 9,1,200,,235001,9,0,38 9,1,200,,235002,9,0,38 9,1,201,,235003,9,0,38 9,1,200,,235004,9,0,38 9,1,200,,235005,9,0,38 9,1,200,,235006,9,0,38 9,1,105,,235007,9,0,38 9,1,87,,235008,18,0,68 71 72 9,1,160,,235009,18,0,31 38 9,1
1801,'20261109',707,,235010,18,0,31 38 9,1,143,,235011,9,0,38 9,1,1100,,235012,9,0,38 9,1,197,,235013,9,0,38 9,1,198,,235014,9,0,38 9,1,204,,235017,9,0,38 9,1,51,,235016,16,0,57 38 9,1,40,,235018,18,0,68 71 72 9,1,163,,235019,18,0,31 38 9,1
1801,'20261110',707,,235020,18,0,31 38 9,1,143,,235021,9,0,38 9,1,1100,,235022,9,0,38 9,1,197,,235023,9,0,38 9,1,198,,235024,9,0,38 9,1,204,,235027,9,0,38 9,1,51,,235026,16,0,57 38 9,1,40,,235028,18,0,68 71 72 9,1,163,,235029,18,0,31 38 9,1
1801,'20261111',707,,235030,18,0,31 38 9,1,143,,235031,9,0,38 9,1,1100,,235032,9,0,38 9,1,197,,235033,9,0,38 9,1,198,,235034,9,0,38 9,1,204,,235037,9,0,38 9,1,51,,235036,16,0,57 38 9,1,40,,235038,18,0,68 71 72 9,1,163,,235039,18,0,31 38 9,1
1801,'20261112',707,,235040,18,0,31 38 9,1,143,,235041,9,0,38 9,1,1100,,235042,9,0,38 9,1,197,,235043,9,0,38 9,1,198,,235044,9,0,38 9,1,204,,235047,9,0,38 9,1,51,,235046,16,0,57 38 9,1,40,,235048,18,0,68 71 72 9,1,163,,235049,18,0,31 38 9,1
1801,'20261113',707,,235050,18,0,31 38 9,1,143,,235051,9,0,38 9,1,1100,,235052,9,0,38 9,1,197,,235053,9,0,38 9,1,198,,235054,9,0,38 9,1,204,,235055,9,0,38 9,1,151,,235057,16,0,57 38 9,1,103,,235058,18,0,31 38 9,1
1801,'20261114',827,,235059,18,0,68 71 72 9,1,75,,235060,18,0,68 71 72 9,1,30,,235061,18,0,68 71 72 9,1,13,,235062,16,0,7 71 72 9,1,102,,235064,9,0,38 9,1,200,,235065,9,0,38 9,1,200,,235066,9,0,38 9,1,200,,235067,9,0,38 9,1,201,,235068,9,0,38 9,1,200,,235069,9,0,38 9,1,200,,235070,9,0,38 9,1,200,,235071,9,0,38 9,1,105,,235072,9,0,38 9,1,162,,235074,16,0,57 38 9,1,85,,235076,16,0,57 38 9,1
1801,'20261115',827,,235077,18,0,68 71 72 9,1,75,,235078,18,0,68 71 72 9,1,30,,235079,18,0,68 71 72 9,1,13,,235080,16,0,7 71 72 9,1,102,,235082,9,0,38 9,1,200,,235083,9,0,38 9,1,200,,235084,9,0,38 9,1,200,,235085,9,0,38 9,1,201,,235086,9,0,38 9,1,200,,235087,9,0,38 9,1,200,,235088,9,0,38 9,1,200,,235089,9,0,38 9,1,105,,235090,9,0,38 9,1,87,,235091,18,0,68 71 72 9,1,160,,235092,18,0,31 38 9,1
1801,'20261116',707,,235093,18,0,31 38 9,1,143,,235094,9,0,38 9,1,1100,,235095,9,0,38 9,1,197,,235096,9,0,38 9,1,198,,235097,9,0,38 9,1,204,,235100,9,0,38 9,1,51,,235099,16,0,57 38 9,1,40,,235101,18,0,68 71 72 9,1,163,,235102,18,0,31 38 9,1
1801,'20261117',707,,235103,18,0,31 38 9,1,143,,235104,9,0,38 9,1,1100,,235105,9,0,38 9,1,197,,235106,9,0,38 9,1,198,,235107,9,0,38 9,1,204,,235110,9,0,38 9,1,51,,235109,16,0,57 38 9,1,40,,235111,18,0,68 71 72 9,1,163,,235112,18,0,31 38 9,1
1801,'20261118',707,,235113,18,0,31 38 9,1,143,,235114,9,0,38 9,1,1100,,235115,9,0,38 9,1,197,,235116,9,0,38 9,1,198,,235117,9,0,38 9,1,204,,235120,9,0,38 9,1,51,,235119,16,0,57 38 9,1,40,,235121,18,0,68 71 72 9,1,163,,235122,18,0,31 38 9,1
1801,'20261119',707,,235123,18,0,31 38 9,1,143,,235124,9,0,38 9,1,1100,,235125,9,0,38 9,1,197,,235126,9,0,38 9,1,198,,235127,9,0,38 9,1,204,,235130,9,0,38 9,1,51,,235129,16,0,57 38 9,1,40,,235131,18,0,68 71 72 9,1,163,,235132,18,0,31 38 9,1
1801,'20261120',707,,235133,18,0,31 38 9,1,143,,235134,9,0,38 9,1,1100,,235135,9,0,38 9,1,197,,235136,9,0,38 9,1,198,,235137,9,0,38 9,1,204,,235138,9,0,38 9,1,151,,235140,16,0,57 38 9,1,103,,235141,18,0,31 38 9,1
1801,'20261121',827,,235142,18,0,68 71 72 9,1,75,,235143,18,0,68 71 72 9,1,30,,235144,18,0,68 71 72 9,1,13,,235145,16,0,7 71 72 9,1,102,,235147,9,0,38 9,1,200,,235148,9,0,38 9,1,200,,235149,9,0,38 9,1,200,,235150,9,0,38 9,1,201,,235151,9,0,38 9,1,200,,235152,9,0,38 9,1,200,,235153,9,0,38 9,1,200,,235154,9,0,38 9,1,105,,235155,9,0,38 9,1,162,,235157,16,0,57 38 9,1,85,,235159,16,0,57 38 9,1
1801,'20261122',827,,235160,18,0,68 71 72 9,1,75,,235161,18,0,68 71 72 9,1,30,,235162,18,0,68 71 72 9,1,13,,235163,16,0,7 71 72 9,1,102,,235165,9,0,38 9,1,200,,235166,9,0,38 9,1,200,,235167,9,0,38 9,1,200,,235168,9,0,38 9,1,201,,235169,9,0,38 9,1,200,,235170,9,0,38 9,1,200,,235171,9,0,38 9,1,200,,235172,9,0,38 9,1,105,,235173,9,0,38 9,1,87,,235174,18,0,68 71 72 9,1,160,,235175,18,0,31 38 9,1
1801,'20261123',707,,235176,18,0,31 38 9,1,143,,235177,9,0,38 9,1,1100,,235178,9,0,38 9,1,197,,235179,9,0,38 9,1,198,,235180,9,0,38 9,1,204,,235183,9,0,38 9,1,51,,235182,16,0,57 38 9,1,40,,235184,18,0,68 71 72 9,1,163,,235185,18,0,31 38 9,1
1801,'20261124',707,,235186,18,0,31 38 9,1,143,,235187,9,0,38 9,1,1100,,235188,9,0,38 9,1,197,,235189,9,0,38 9,1,198,,235190,9,0,38 9,1,204,,235193,9,0,38 9,1,51,,235192,16,0,57 38 9,1,40,,235194,18,0,68 71 72 9,1,163,,235195,18,0,31 38 9,1
1801,'20261125',707,,235196,18,0,31 38 9,1,143,,235197,9,0,38 9,1,1100,,235198,9,0,38 9,1,197,,235199,9,0,38 9,1,198,,235200,9,0,38 9,1,204,,235203,9,0,38 9,1,51,,235202,16,0,57 38 9,1,40,,235204,18,0,68 71 72 9,1,163,,235205,18,0,31 38 9,1
1801,'20261126',707,,235206,18,0,31 38 9,1,143,,235207,9,0,38 9,1,1100,,235208,9,0,38 9,1,197,,235209,9,0,38 9,1,198,,235210,9,0,38 9,1,204,,235213,9,0,38 9,1,51,,235212,16,0,57 38 9,1,40,,235214,18,0,68 71 72 9,1,163,,235215,18,0,31 38 9,1
1801,'20261127',707,,235216,18,0,31 38 9,1,143,,235217,9,0,38 9,1,1100,,235218,9,0,38 9,1,197,,235219,9,0,38 9,1,198,,235220,9,0,38 9,1,204,,235221,9,0,38 9,1,151,,235223,16,0,57 38 9,1,103,,235224,18,0,31 38 9,1
4001,'20260910',543,,284050,21,0,31 38 9,1,105,,284051,21,0,31 38 9,1,75,,284052,18,,,1,30,,284053,21,0,31 38 9,1,60,,284054,18,,,1,20,,284055,18,,,1,15,,284056,18,,,1,55,,284057,18,,,1,20,,284058,22,0,37 38 9,1,5,,284059,18,,,1,20,,284060,18,,,1,65,,284061,22,0,37 38 9,1,5,,284062,18,,,1,20,,284063,18,,,1,70,,284064,22,0,37 38 9,1,20,,284065,21,0,31 38 9,1,25,,284066,18,,,1,75,,284067,21,0,31 38 9,1,30,,284068,19,0,52 38 9,1,60,,284069,21,0,31 38 9,1,35,,284070,18,,,1,70,,284071,18,,,1,80,,284072,19,0,52 38 9,1,10,,284073,18,,,1,30,,284074,21,0,31 38 9,1,60,,284075,18,,,1,30,,284076,18,,,1,20,,284077,18,,,1,65,,284079,21,0,31 38 9,1,15,,284078,19,0,52 38 9,1,15,,284080,18,,,1,55,,284081,18,,,1,10,,284082,18,,,1,20,,284083,22,0,37 38 9,1,5,,284084,18,,,1,10,,284085,18,,,1,55,,284086,18,,,1,5,,284088,18,,,1,15,,284087,22,0,37 38 9,1,10,,284089,18,,,1,15,,284090,18,,,1,65,,284091,22,0,37 38 9,1,15,,284092,18,,,1,25,,284093,18,,,1,80,,284094,22,0,37 38 9,1,20,,284095,18,,,1,100,,284096,18,,,1,100,,284097,21,0,31 38 9,1,95,,284098,18,,,1,95,,284099,21,0,31 38 9,1,200,,284100,21,0,31 38 9,1
4001,'20260911',543,,284101,21,0,31 38 9,1,105,,284102,21,0,31 38 9,1,75,,284103,18,,,1,30,,284104,21,0,31 38 9,1,60,,284105,18,,,1,20,,284106,18,,,1,15,,284107,18,,,1,55,,284108,18,,,1,20,,284109,22,0,37 38 9,1,5,,284110,18,,,1,20,,284111,18,,,1,65,,284112,22,0,37 38 9,1,5,,284113,18,,,1,20,,284114,18,,,1,70,,284115,22,0,37 38 9,1,20,,284116,21,0,31 38 9,1,25,,284117,18,,,1,75,,284118,21,0,31 38 9,1,30,,284119,19,0,52 38 9,1,60,,284120,21,0,31 38 9,1,35,,284121,18,,,1,70,,284122,18,,,1,80,,284123,19,0,52 38 9,1,10,,284124,18,,,1,30,,284125,21,0,31 38 9,1,60,,284126,18,,,1,30,,284127,18,,,1,20,,284128,18,,,1,65,,284130,21,0,31 38 9,1,15,,284129,19,0,52 38 9,1,15,,284131,18,,,1,55,,284132,18,,,1,10,,284133,18,,,1,20,,284134,22,0,37 38 9,1,5,,284135,18,,,1,10,,284136,18,,,1,55,,284137,18,,,1,5,,284139,18,,,1,15,,284138,22,0,37 38 9,1,10,,284140,18,,,1,15,,284141,18,,,1,65,,284142,22,0,37 38 9,1,15,,284143,18,,,1,25,,284144,18,,,1,80,,284145,22,0,37 38 9,1,20,,284146,18,,,1,100,,284147,18,,,1,100,,284148,21,0,31 38 9,1,95,,284149,18,,,1,95,,284150,21,0,31 38 9,1,200,,284151,21,0,31 38 9,1
4001,'20260912',543,,284152,21,0,31 38 9,1,200,,284153,21,0,31 38 9,1,105,,284154,18,,,1,75,,284155,18,,,1,30,,284156,21,0,31 38 9,1,70,,284157,18,,,1,30,,284158,21,0,31 38 9,1,70,,284159,18,,,1,30,,284160,21,0,31 38 9,1,75,,284161,18,,,1,30,,284162,21,0,31 38 9,1,70,,284163,18,,,1,30,,284164,21,0,31 38 9,1,70,,284165,18,,,1,30,,284166,21,0,31 38 9,1,70,,284167,18,,,1,30,,284168,18,,,1,60,,284169,18,,,1,20,,284170,18,,,1,20,,284171,21,0,31 38 9,1,60,,284172,18,,,1,20,,284173,18,,,1,20,,284174,18,,,1,60,,284175,18,,,1,20,,284176,18,,,1,20,,284177,21,0,31 38 9,1,60,,284178,18,,,1,20,,284179,18,,,1,15,,284180,21,0,31 38 9,1,60,,284181,18,,,1,20,,284182,18,,,1,20,,284183,18,,,1,70,,284184,18,,,1,30,,284185,21,0,31 38 9,1,95,,284186,18,,,1,100,,284187,21,0,31 38 9,1,100,,284188,18,,,1,95,,284189,21,0,31 38 9,1,200,,284190,21,0,31 38 9,1
4001,'20260913',543,,284191,21,0,31 38 9,1,200,,284192,21,0,31 38 9,1,105,,284193,18,,,1,75,,284194,18,,,1,30,,284195,21,0,31 38 9,1,70,,284196,18,,,1,30,,284197,21,0,31 38 9,1,70,,284198,18,,,1,30,,284199,21,0,31 38 9,1,75,,284200,18,,,1,30,,284201,21,0,31 38 9,1,70,,284202,18,,,1,30,,284203,21,0,31 38 9,1,70,,284204,18,,,1,30,,284205,21,0,31 38 9,1,70,,284206,18,,,1,30,,284207,18,,,1,60,,284208,18,,,1,20,,284209,18,,,1,20,,284210,21,0,31 38 9,1,60,,284211,18,,,1,20,,284212,18,,,1,20,,284213,18,,,1,60,,284214,18,,,1,20,,284215,18,,,1,20,,284216,21,0,31 38 9,1,60,,284217,18,,,1,20,,284218,18,,,1,15,,284219,21,0,31 38 9,1,60,,284220,18,,,1,20,,284221,18,,,1,20,,284222,18,,,1,70,,284223,18,,,1,30,,284224,21,0,31 38 9,1,95,,284225,18,,,1,100,,284226,21,0,31 38 9,1,100,,284227,18,,,1,95,,284228,21,0,31 38 9,1,200,,284229,21,0,31 38 9,1
4001,'20260914',543,,284230,21,0,31 38 9,1,105,,284231,21,0,31 38 9,1,75,,284232,18,,,1,30,,284233,21,0,31 38 9,1,60,,284234,18,,,1,20,,284235,18,,,1,15,,284236,18,,,1,55,,284237,18,,,1,20,,284238,22,0,37 38 9,1,5,,284239,18,,,1,20,,284240,18,,,1,65,,284241,22,0,37 38 9,1,5,,284242,18,,,1,20,,284243,18,,,1,70,,284244,22,0,37 38 9,1,20,,284245,21,0,31 38 9,1,25,,284246,18,,,1,75,,284247,21,0,31 38 9,1,30,,284248,19,0,52 38 9,1,60,,284249,21,0,31 38 9,1,35,,284250,18,,,1,70,,284251,18,,,1,80,,284252,19,0,52 38 9,1,10,,284253,18,,,1,30,,284254,21,0,31 38 9,1,60,,284255,18,,,1,30,,284256,18,,,1,20,,284257,18,,,1,65,,284259,21,0,31 38 9,1,15,,284258,19,0,52 38 9,1,15,,284260,18,,,1,55,,284261,18,,,1,10,,284262,18,,,1,20,,284263,22,0,37 38 9,1,5,,284264,18,,,1,10,,284265,18,,,1,55,,284266,18,,,1,5,,284268,18,,,1,15,,284267,22,0,37 38 9,1,10,,284269,18,,,1,15,,284270,18,,,1,65,,284271,22,0,37 38 9,1,15,,284272,18,,,1,25,,284273,18,,,1,80,,284274,22,0,37 38 9,1,20,,284275,18,,,1,100,,284276,18,,,1,100,,284277,21,0,31 38 9,1,95,,284278,18,,,1,95,,284279,21,0,31 38 9,1,200,,284280,21,0,31 38 9,1
4001,'20260915',543,,284281,21,0,31 38 9,1,105,,284282,21,0,31 38 9,1,75,,284283,18,,,1,30,,284284,21,0,31 38 9,1,60,,284285,18,,,1,20,,284286,18,,,1,15,,284287,18,,,1,55,,284288,18,,,1,20,,284289,22,0,37 38 9,1,5,,284290,18,,,1,20,,284291,18,,,1,65,,284292,22,0,37 38 9,1,5,,284293,18,,,1,20,,284294,18,,,1,70,,284295,22,0,37 38 9,1,20,,284296,21,0,31 38 9,1,25,,284297,18,,,1,75,,284298,21,0,31 38 9,1,30,,284299,19,0,52 38 9,1,60,,284300,21,0,31 38 9,1,35,,284301,18,,,1,70,,284302,18,,,1,80,,284303,19,0,52 38 9,1,10,,284304,18,,,1,30,,284305,21,0,31 38 9,1,60,,284306,18,,,1,30,,284307,18,,,1,20,,284308,18,,,1,65,,284310,21,0,31 38 9,1,15,,284309,19,0,52 38 9,1,15,,284311,18,,,1,55,,284312,18,,,1,10,,284313,18,,,1,20,,284314,22,0,37 38 9,1,5,,284315,18,,,1,10,,284316,18,,,1,55,,284317,18,,,1,5,,284319,18,,,1,15,,284318,22,0,37 38 9,1,10,,284320,18,,,1,15,,284321,18,,,1,65,,284322,22,0,37 38 9,1,15,,284323,18,,,1,25,,284324,18,,,1,80,,284325,22,0,37 38 9,1,20,,284326,18,,,1,100,,284327,18,,,1,100,,284328,21,0,31 38 9,1,95,,284329,18,,,1,95,,284330,21,0,31 38 9,1,200,,284331,21,0,31 38 9,1
4001,'20260916',543,,284332,21,0,31 38 9,1,105,,284333,21,0,31 38 9,1,75,,284334,18,,,1,30,,284335,21,0,31 38 9,1,60,,284336,18,,,1,20,,284337,18,,,1,15,,284338,18,,,1,55,,284339,18,,,1,20,,284340,22,0,37 38 9,1,5,,284341,18,,,1,20,,284342,18,,,1,65,,284343,22,0,37 38 9,1,5,,284344,18,,,1,20,,284345,18,,,1,70,,284346,22,0,37 38 9,1,20,,284347,21,0,31 38 9,1,25,,284348,18,,,1,75,,284349,21,0,31 38 9,1,30,,284350,19,0,52 38 9,1,60,,284351,21,0,31 38 9,1,35,,284352,18,,,1,70,,284353,18,,,1,80,,284354,19,0,52 38 9,1,10,,284355,18,,,1,30,,284356,21,0,31 38 9,1,60,,284357,18,,,1,30,,284358,18,,,1,20,,284359,18,,,1,65,,284361,21,0,31 38 9,1,15,,284360,19,0,52 38 9,1,15,,284362,18,,,1,55,,284363,18,,,1,10,,284364,18,,,1,20,,284365,22,0,37 38 9,1,5,,284366,18,,,1,10,,284367,18,,,1,55,,284368,18,,,1,5,,284370,18,,,1,15,,284369,22,0,37 38 9,1,10,,284371,18,,,1,15,,284372,18,,,1,65,,284373,22,0,37 38 9,1,15,,284374,18,,,1,25,,284375,18,,,1,80,,284376,22,0,37 38 9,1,20,,284377,18,,,1,100,,284378,18,,,1,100,,284379,21,0,31 38 9,1,95,,284380,18,,,1,95,,284381,21,0,31 38 9,1,200,,284382,21,0,31 38 9,1
4001,'20260917',543,,284383,21,0,31 38 9,1,105,,284384,21,0,31 38 9,1,75,,284385,18,,,1,30,,284386,21,0,31 38 9,1,60,,284387,18,,,1,20,,284388,18,,,1,15,,284389,18,,,1,55,,284390,18,,,1,20,,284391,22,0,37 38 9,1,5,,284392,18,,,1,20,,284393,18,,,1,65,,284394,22,0,37 38 9,1,5,,284395,18,,,1,20,,284396,18,,,1,70,,284397,22,0,37 38 9,1,20,,284398,21,0,31 38 9,1,25,,284399,18,,,1,75,,284400,21,0,31 38 9,1,30,,284401,19,0,52 38 9,1,60,,284402,21,0,31 38 9,1,35,,284403,18,,,1,70,,284404,18,,,1,80,,284405,19,0,52 38 9,1,10,,284406,18,,,1,30,,284407,21,0,31 38 9,1,60,,284408,18,,,1,30,,284409,18,,,1,20,,284410,18,,,1,65,,284412,21,0,31 38 9,1,15,,284411,19,0,52 38 9,1,15,,284413,18,,,1,55,,284414,18,,,1,10,,284415,18,,,1,20,,284416,22,0,37 38 9,1,5,,284417,18,,,1,10,,284418,18,,,1,55,,284419,18,,,1,5,,284421,18,,,1,15,,284420,22,0,37 38 9,1,10,,284422,18,,,1,15,,284423,18,,,1,65,,284424,22,0,37 38 9,1,15,,284425,18,,,1,25,,284426,18,,,1,80,,284427,22,0,37 38 9,1,20,,284428,18,,,1,100,,284429,18,,,1,100,,284430,21,0,31 38 9,1,95,,284431,18,,,1,95,,284432,21,0,31 38 9,1,200,,284433,21,0,31 38 9,1
4001,'20260918',543,,284434,21,0,31 38 9,1,105,,284435,21,0,31 38 9,1,75,,284436,18,,,1,30,,284437,21,0,31 38 9,1,60,,284438,18,,,1,20,,284439,18,,,1,15,,284440,18,,,1,55,,284441,18,,,1,20,,284442,22,0,37 38 9,1,5,,284443,18,,,1,20,,284444,18,,,1,65,,284445,22,0,37 38 9,1,5,,284446,18,,,1,20,,284447,18,,,1,70,,284448,22,0,37 38 9,1,20,,284449,21,0,31 38 9,1,25,,284450,18,,,1,75,,284451,21,0,31 38 9,1,30,,284452,19,0,52 38 9,1,60,,284453,21,0,31 38 9,1,35,,284454,18,,,1,70,,284455,18,,,1,80,,284456,19,0,52 38 9,1,10,,284457,18,,,1,30,,284458,21,0,31 38 9,1,60,,284459,18,,,1,30,,284460,18,,,1,20,,284461,18,,,1,65,,284463,21,0,31 38 9,1,15,,284462,19,0,52 38 9,1,15,,284464,18,,,1,55,,284465,18,,,1,10,,284466,18,,,1,20,,284467,22,0,37 38 9,1,5,,284468,18,,,1,10,,284469,18,,,1,55,,284470,18,,,1,5,,284472,18,,,1,15,,284471,22,0,37 38 9,1,10,,284473,18,,,1,15,,284474,18,,,1,65,,284475,22,0,37 38 9,1,15,,284476,18,,,1,25,,284477,18,,,1,80,,284478,22,0,37 38 9,1,20,,284479,18,,,1,100,,284480,18,,,1,100,,284481,21,0,31 38 9,1,95,,284482,18,,,1,95,,284483,21,0,31 38 9,1,200,,284484,21,0,31 38 9,1
4001,'20260919',543,,284485,21,0,31 38 9,1,200,,284486,21,0,31 38 9,1,105,,284487,18,,,1,75,,284488,18,,,1,30,,284489,21,0,31 38 9,1,70,,284490,18,,,1,30,,284491,21,0,31 38 9,1,70,,284492,18,,,1,30,,284493,21,0,31 38 9,1,75,,284494,18,,,1,30,,284495,21,0,31 38 9,1,70,,284496,18,,,1,30,,284497,21,0,31 38 9,1,70,,284498,18,,,1,30,,284499,21,0,31 38 9,1,70,,284500,18,,,1,30,,284501,18,,,1,60,,284502,18,,,1,20,,284503,18,,,1,20,,284504,21,0,31 38 9,1,60,,284505,18,,,1,20,,284506,18,,,1,20,,284507,18,,,1,60,,284508,18,,,1,20,,284509,18,,,1,20,,284510,21,0,31 38 9,1,60,,284511,18,,,1,20,,284512,18,,,1,15,,284513,21,0,31 38 9,1,60,,284514,18,,,1,20,,284515,18,,,1,20,,284516,18,,,1,70,,284517,18,,,1,30,,284518,21,0,31 38 9,1,95,,284519,18,,,1,100,,284520,21,0,31 38 9,1,100,,284521,18,,,1,95,,284522,21,0,31 38 9,1,200,,284523,21,0,31 38 9,1
4001,'20260920',543,,284524,21,0,31 38 9,1,200,,284525,21,0,31 38 9,1,105,,284526,18,,,1,75,,284527,18,,,1,30,,284528,21,0,31 38 9,1,70,,284529,18,,,1,30,,284530,21,0,31 38 9,1,70,,284531,18,,,1,30,,284532,21,0,31 38 9,1,75,,284533,18,,,1,30,,284534,21,0,31 38 9,1,70,,284535,18,,,1,30,,284536,21,0,31 38 9,1,70,,284537,18,,,1,30,,284538,21,0,31 38 9,1,70,,284539,18,,,1,30,,284540,18,,,1,60,,284541,18,,,1,20,,284542,18,,,1,20,,284543,21,0,31 38 9,1,60,,284544,18,,,1,20,,284545,18,,,1,20,,284546,18,,,1,60,,284547,18,,,1,20,,284548,18,,,1,20,,284549,21,0,31 38 9,1,60,,284550,18,,,1,20,,284551,18,,,1,15,,284552,21,0,31 38 9,1,60,,284553,18,,,1,20,,284554,18,,,1,20,,284555,18,,,1,70,,284556,18,,,1,30,,284557,21,0,31 38 9,1,95,,284558,18,,,1,100,,284559,21,0,31 38 9,1,100,,284560,18,,,1,95,,284561,21,0,31 38 9,1,200,,284562,21,0,31 38 9,1
4001,'20260921',543,,284563,21,0,31 38 9,1,105,,284564,21,0,31 38 9,1,75,,284565,18,,,1,30,,284566,21,0,31 38 9,1,60,,284567,18,,,1,20,,284568,18,,,1,15,,284569,18,,,1,55,,284570,18,,,1,20,,284571,22,0,37 38 9,1,5,,284572,18,,,1,20,,284573,18,,,1,65,,284574,22,0,37 38 9,1,5,,284575,18,,,1,20,,284576,18,,,1,70,,284577,22,0,37 38 9,1,20,,284578,21,0,31 38 9,1,25,,284579,18,,,1,75,,284580,21,0,31 38 9,1,30,,284581,19,0,52 38 9,1,60,,284582,21,0,31 38 9,1,35,,284583,18,,,1,70,,284584,18,,,1,80,,284585,19,0,52 38 9,1,10,,284586,18,,,1,30,,284587,21,0,31 38 9,1,60,,284588,18,,,1,30,,284589,18,,,1,20,,284590,18,,,1,65,,284592,21,0,31 38 9,1,15,,284591,19,0,52 38 9,1,15,,284593,18,,,1,55,,284594,18,,,1,10,,284595,18,,,1,20,,284596,22,0,37 38 9,1,5,,284597,18,,,1,10,,284598,18,,,1,55,,284599,18,,,1,5,,284601,18,,,1,15,,284600,22,0,37 38 9,1,10,,284602,18,,,1,15,,284603,18,,,1,65,,284604,22,0,37 38 9,1,15,,284605,18,,,1,25,,284606,18,,,1,80,,284607,22,0,37 38 9,1,20,,284608,18,,,1,100,,284609,18,,,1,100,,284610,21,0,31 38 9,1,95,,284611,18,,,1,95,,284612,21,0,31 38 9,1,200,,284613,21,0,31 38 9,1
4001,'20260922',543,,284614,21,0,31 38 9,1,105,,284615,21,0,31 38 9,1,75,,284616,18,,,1,30,,284617,21,0,31 38 9,1,60,,284618,18,,,1,20,,284619,18,,,1,15,,284620,18,,,1,55,,284621,18,,,1,20,,284622,22,0,37 38 9,1,5,,284623,18,,,1,20,,284624,18,,,1,65,,284625,22,0,37 38 9,1,5,,284626,18,,,1,20,,284627,18,,,1,70,,284628,22,0,37 38 9,1,20,,284629,21,0,31 38 9,1,25,,284630,18,,,1,75,,284631,21,0,31 38 9,1,30,,284632,19,0,52 38 9,1,60,,284633,21,0,31 38 9,1,35,,284634,18,,,1,70,,284635,18,,,1,80,,284636,19,0,52 38 9,1,10,,284637,18,,,1,30,,284638,21,0,31 38 9,1,60,,284639,18,,,1,30,,284640,18,,,1,20,,284641,18,,,1,65,,284643,21,0,31 38 9,1,15,,284642,19,0,52 38 9,1,15,,284644,18,,,1,55,,284645,18,,,1,10,,284646,18,,,1,20,,284647,22,0,37 38 9,1,5,,284648,18,,,1,10,,284649,18,,,1,55,,284650,18,,,1,5,,284652,18,,,1,15,,284651,22,0,37 38 9,1,10,,284653,18,,,1,15,,284654,18,,,1,65,,284655,22,0,37 38 9,1,15,,284656,18,,,1,25,,284657,18,,,1,80,,284658,22,0,37 38 9,1,20,,284659,18,,,1,100,,284660,18,,,1,100,,284661,21,0,31 38 9,1,95,,284662,18,,,1,95,,284663,21,0,31 38 9,1,200,,284664,21,0,31 38 9,1
4001,'20260923',543,,284665,21,0,31 38 9,1,105,,284666,21,0,31 38 9,1,75,,284667,18,,,1,30,,284668,21,0,31 38 9,1,60,,284669,18,,,1,20,,284670,18,,,1,15,,284671,18,,,1,55,,284672,18,,,1,20,,284673,22,0,37 38 9,1,5,,284674,18,,,1,20,,284675,18,,,1,65,,284676,22,0,37 38 9,1,5,,284677,18,,,1,20,,284678,18,,,1,70,,284679,22,0,37 38 9,1,20,,284680,21,0,31 38 9,1,25,,284681,18,,,1,75,,284682,21,0,31 38 9,1,30,,284683,19,0,52 38 9,1,60,,284684,21,0,31 38 9,1,35,,284685,18,,,1,70,,284686,18,,,1,80,,284687,19,0,52 38 9,1,10,,284688,18,,,1,30,,284689,21,0,31 38 9,1,60,,284690,18,,,1,30,,284691,18,,,1,20,,284692,18,,,1,65,,284694,21,0,31 38 9,1,15,,284693,19,0,52 38 9,1,15,,284695,18,,,1,55,,284696,18,,,1,10,,284697,18,,,1,20,,284698,22,0,37 38 9,1,5,,284699,18,,,1,10,,284700,18,,,1,55,,284701,18,,,1,5,,284703,18,,,1,15,,284702,22,0,37 38 9,1,10,,284704,18,,,1,15,,284705,18,,,1,65,,284706,22,0,37 38 9,1,15,,284707,18,,,1,25,,284708,18,,,1,80,,284709,22,0,37 38 9,1,20,,284710,18,,,1,100,,284711,18,,,1,100,,284712,21,0,31 38 9,1,95,,284713,18,,,1,95,,284714,21,0,31 38 9,1,200,,284715,21,0,31 38 9,1
4001,'20260924',543,,284716,21,0,31 38 9,1,105,,284717,21,0,31 38 9,1,75,,284718,18,,,1,30,,284719,21,0,31 38 9,1,60,,284720,18,,,1,20,,284721,18,,,1,15,,284722,18,,,1,55,,284723,18,,,1,20,,284724,22,0,37 38 9,1,5,,284725,18,,,1,20,,284726,18,,,1,65,,284727,22,0,37 38 9,1,5,,284728,18,,,1,20,,284729,18,,,1,70,,284730,22,0,37 38 9,1,20,,284731,21,0,31 38 9,1,25,,284732,18,,,1,75,,284733,21,0,31 38 9,1,30,,284734,19,0,52 38 9,1,60,,284735,21,0,31 38 9,1,35,,284736,18,,,1,70,,284737,18,,,1,80,,284738,19,0,52 38 9,1,10,,284739,18,,,1,30,,284740,21,0,31 38 9,1,60,,284741,18,,,1,30,,284742,18,,,1,20,,284743,18,,,1,65,,284745,21,0,31 38 9,1,15,,284744,19,0,52 38 9,1,15,,284746,18,,,1,55,,284747,18,,,1,10,,284748,18,,,1,20,,284749,22,0,37 38 9,1,5,,284750,18,,,1,10,,284751,18,,,1,55,,284752,18,,,1,5,,284754,18,,,1,15,,284753,22,0,37 38 9,1,10,,284755,18,,,1,15,,284756,18,,,1,65,,284757,22,0,37 38 9,1,15,,284758,18,,,1,25,,284759,18,,,1,80,,284760,22,0,37 38 9,1,20,,284761,18,,,1,100,,284762,18,,,1,100,,284763,21,0,31 38 9,1,95,,284764,18,,,1,95,,284765,21,0,31 38 9,1,200,,284766,21,0,31 38 9,1
4001,'20260925',543,,284767,21,0,31 38 9,1,105,,284768,21,0,31 38 9,1,75,,284769,18,,,1,30,,284770,21,0,31 38 9,1,60,,284771,18,,,1,20,,284772,18,,,1,15,,284773,18,,,1,55,,284774,18,,,1,20,,284775,22,0,37 38 9,1,5,,284776,18,,,1,20,,284777,18,,,1,65,,284778,22,0,37 38 9,1,5,,284779,18,,,1,20,,284780,18,,,1,70,,284781,22,0,37 38 9,1,20,,284782,21,0,31 38 9,1,25,,284783,18,,,1,75,,284784,21,0,31 38 9,1,30,,284785,19,0,52 38 9,1,60,,284786,21,0,31 38 9,1,35,,284787,18,,,1,70,,284788,18,,,1,80,,284789,19,0,52 38 9,1,10,,284790,18,,,1,30,,284791,21,0,31 38 9,1,60,,284792,18,,,1,30,,284793,18,,,1,20,,284794,18,,,1,65,,284796,21,0,31 38 9,1,15,,284795,19,0,52 38 9,1,15,,284797,18,,,1,55,,284798,18,,,1,10,,284799,18,,,1,20,,284800,22,0,37 38 9,1,5,,284801,18,,,1,10,,284802,18,,,1,55,,284803,18,,,1,5,,284805,18,,,1,15,,284804,22,0,37 38 9,1,10,,284806,18,,,1,15,,284807,18,,,1,65,,284808,22,0,37 38 9,1,15,,284809,18,,,1,25,,284810,18,,,1,80,,284811,22,0,37 38 9,1,20,,284812,18,,,1,100,,284813,18,,,1,100,,284814,21,0,31 38 9,1,95,,284815,18,,,1,95,,284816,21,0,31 38 9,1,200,,284817,21,0,31 38 9,1
4001,'20260926',543,,284818,21,0,31 38 9,1,200,,284819,21,0,31 38 9,1,105,,284820,18,,,1,75,,284821,18,,,1,30,,284822,21,0,31 38 9,1,70,,284823,18,,,1,30,,284824,21,0,31 38 9,1,70,,284825,18,,,1,30,,284826,21,0,31 38 9,1,75,,284827,18,,,1,30,,284828,21,0,31 38 9,1,70,,284829,18,,,1,30,,284830,21,0,31 38 9,1,70,,284831,18,,,1,30,,284832,21,0,31 38 9,1,70,,284833,18,,,1,30,,284834,18,,,1,60,,284835,18,,,1,20,,284836,18,,,1,20,,284837,21,0,31 38 9,1,60,,284838,18,,,1,20,,284839,18,,,1,20,,284840,18,,,1,60,,284841,18,,,1,20,,284842,18,,,1,20,,284843,21,0,31 38 9,1,60,,284844,18,,,1,20,,284845,18,,,1,15,,284846,21,0,31 38 9,1,60,,284847,18,,,1,20,,284848,18,,,1,20,,284849,18,,,1,70,,284850,18,,,1,30,,284851,21,0,31 38 9,1,95,,284852,18,,,1,100,,284853,21,0,31 38 9,1,100,,284854,18,,,1,95,,284855,21,0,31 38 9,1,200,,284856,21,0,31 38 9,1
4001,'20260927',543,,284857,21,0,31 38 9,1,200,,284858,21,0,31 38 9,1,105,,284859,18,,,1,75,,284860,18,,,1,30,,284861,21,0,31 38 9,1,70,,284862,18,,,1,30,,284863,21,0,31 38 9,1,70,,284864,18,,,1,30,,284865,21,0,31 38 9,1,75,,284866,18,,,1,30,,284867,21,0,31 38 9,1,70,,284868,18,,,1,30,,284869,21,0,31 38 9,1,70,,284870,18,,,1,30,,284871,21,0,31 38 9,1,70,,284872,18,,,1,30,,284873,18,,,1,60,,284874,18,,,1,20,,284875,18,,,1,20,,284876,21,0,31 38 9,1,60,,284877,18,,,1,20,,284878,18,,,1,20,,284879,18,,,1,60,,284880,18,,,1,20,,284881,18,,,1,20,,284882,21,0,31 38 9,1,60,,284883,18,,,1,20,,284884,18,,,1,15,,284885,21,0,31 38 9,1,60,,284886,18,,,1,20,,284887,18,,,1,20,,284888,18,,,1,70,,284889,18,,,1,30,,284890,21,0,31 38 9,1,95,,284891,18,,,1,100,,284892,21,0,31 38 9,1,100,,284893,18,,,1,95,,284894,21,0,31 38 9,1,200,,284895,21,0,31 38 9,1
4001,'20260928',543,,284896,21,0,31 38 9,1,105,,284897,21,0,31 38 9,1,75,,284898,18,,,1,30,,284899,21,0,31 38 9,1,60,,284900,18,,,1,20,,284901,18,,,1,15,,284902,18,,,1,55,,284903,18,,,1,20,,284904,22,0,37 38 9,1,5,,284905,18,,,1,20,,284906,18,,,1,65,,284907,22,0,37 38 9,1,5,,284908,18,,,1,20,,284909,18,,,1,70,,284910,22,0,37 38 9,1,20,,284911,21,0,31 38 9,1,25,,284912,18,,,1,75,,284913,21,0,31 38 9,1,30,,284914,19,0,52 38 9,1,60,,284915,21,0,31 38 9,1,35,,284916,18,,,1,70,,284917,18,,,1,80,,284918,19,0,52 38 9,1,10,,284919,18,,,1,30,,284920,21,0,31 38 9,1,60,,284921,18,,,1,30,,284922,18,,,1,20,,284923,18,,,1,65,,284925,21,0,31 38 9,1,15,,284924,19,0,52 38 9,1,15,,284926,18,,,1,55,,284927,18,,,1,10,,284928,18,,,1,20,,284929,22,0,37 38 9,1,5,,284930,18,,,1,10,,284931,18,,,1,55,,284932,18,,,1,5,,284934,18,,,1,15,,284933,22,0,37 38 9,1,10,,284935,18,,,1,15,,284936,18,,,1,65,,284937,22,0,37 38 9,1,15,,284938,18,,,1,25,,284939,18,,,1,80,,284940,22,0,37 38 9,1,20,,284941,18,,,1,100,,284942,18,,,1,100,,284943,21,0,31 38 9,1,95,,284944,18,,,1,95,,284945,21,0,31 38 9,1,200,,284946,21,0,31 38 9,1
4001,'20260929',543,,284947,21,0,31 38 9,1,105,,284948,21,0,31 38 9,1,75,,284949,18,,,1,30,,284950,21,0,31 38 9,1,60,,284951,18,,,1,20,,284952,18,,,1,15,,284953,18,,,1,55,,284954,18,,,1,20,,284955,22,0,37 38 9,1,5,,284956,18,,,1,20,,284957,18,,,1,65,,284958,22,0,37 38 9,1,5,,284959,18,,,1,20,,284960,18,,,1,70,,284961,22,0,37 38 9,1,20,,284962,21,0,31 38 9,1,25,,284963,18,,,1,75,,284964,21,0,31 38 9,1,30,,284965,19,0,52 38 9,1,60,,284966,21,0,31 38 9,1,35,,284967,18,,,1,70,,284968,18,,,1,80,,284969,19,0,52 38 9,1,10,,284970,18,,,1,30,,284971,21,0,31 38 9,1,60,,284972,18,,,1,30,,284973,18,,,1,20,,284974,18,,,1,65,,284976,21,0,31 38 9,1,15,,284975,19,0,52 38 9,1,15,,284977,18,,,1,55,,284978,18,,,1,10,,284979,18,,,1,20,,284980,22,0,37 38 9,1,5,,284981,18,,,1,10,,284982,18,,,1,55,,284983,18,,,1,5,,284985,18,,,1,15,,284984,22,0,37 38 9,1,10,,284986,18,,,1,15,,284987,18,,,1,65,,284988,22,0,37 38 9,1,15,,284989,18,,,1,25,,284990,18,,,1,80,,284991,22,0,37 38 9,1,20,,284992,18,,,1,100,,284993,18,,,1,100,,284994,21,0,31 38 9,1,95,,284995,18,,,1,95,,284996,21,0,31 38 9,1,200,,284997,21,0,31 38 9,1
4001,'20260930',543,,284998,21,0,31 38 9,1,105,,284999,21,0,31 38 9,1,75,,285000,18,,,1,30,,285001,21,0,31 38 9,1,60,,285002,18,,,1,20,,285003,18,,,1,15,,285004,18,,,1,55,,285005,18,,,1,20,,285006,22,0,37 38 9,1,5,,285007,18,,,1,20,,285008,18,,,1,65,,285009,22,0,37 38 9,1,5,,285010,18,,,1,20,,285011,18,,,1,70,,285012,22,0,37 38 9,1,20,,285013,21,0,31 38 9,1,25,,285014,18,,,1,75,,285015,21,0,31 38 9,1,30,,285016,19,0,52 38 9,1,60,,285017,21,0,31 38 9,1,35,,285018,18,,,1,70,,285019,18,,,1,80,,285020,19,0,52 38 9,1,10,,285021,18,,,1,30,,285022,21,0,31 38 9,1,60,,285023,18,,,1,30,,285024,18,,,1,20,,285025,18,,,1,65,,285027,21,0,31 38 9,1,15,,285026,19,0,52 38 9,1,15,,285028,18,,,1,55,,285029,18,,,1,10,,285030,18,,,1,20,,285031,22,0,37 38 9,1,5,,285032,18,,,1,10,,285033,18,,,1,55,,285034,18,,,1,5,,285036,18,,,1,15,,285035,22,0,37 38 9,1,10,,285037,18,,,1,15,,285038,18,,,1,65,,285039,22,0,37 38 9,1,15,,285040,18,,,1,25,,285041,18,,,1,80,,285042,22,0,37 38 9,1,20,,285043,18,,,1,100,,285044,18,,,1,100,,285045,21,0,31 38 9,1,95,,285046,18,,,1,95,,285047,21,0,31 38 9,1,200,,285048,21,0,31 38 9,1
4001,'20261001',543,,285049,21,0,31 38 9,1,105,,285050,21,0,31 38 9,1,75,,285051,18,,,1,30,,285052,21,0,31 38 9,1,60,,285053,18,,,1,20,,285054,18,,,1,15,,285055,18,,,1,55,,285056,18,,,1,20,,285057,22,0,37 38 9,1,5,,285058,18,,,1,20,,285059,18,,,1,65,,285060,22,0,37 38 9,1,5,,285061,18,,,1,20,,285062,18,,,1,70,,285063,22,0,37 38 9,1,20,,285064,21,0,31 38 9,1,25,,285065,18,,,1,75,,285066,21,0,31 38 9,1,30,,285067,19,0,52 38 9,1,60,,285068,21,0,31 38 9,1,35,,285069,18,,,1,70,,285070,18,,,1,80,,285071,19,0,52 38 9,1,10,,285072,18,,,1,30,,285073,21,0,31 38 9,1,60,,285074,18,,,1,30,,285075,18,,,1,20,,285076,18,,,1,65,,285078,21,0,31 38 9,1,15,,285077,19,0,52 38 9,1,15,,285079,18,,,1,55,,285080,18,,,1,10,,285081,18,,,1,20,,285082,22,0,37 38 9,1,5,,285083,18,,,1,10,,285084,18,,,1,55,,285085,18,,,1,5,,285087,18,,,1,15,,285086,22,0,37 38 9,1,10,,285088,18,,,1,15,,285089,18,,,1,65,,285090,22,0,37 38 9,1,15,,285091,18,,,1,25,,285092,18,,,1,80,,285093,22,0,37 38 9,1,20,,285094,18,,,1,100,,285095,18,,,1,100,,285096,21,0,31 38 9,1,95,,285097,18,,,1,95,,285098,21,0,31 38 9,1,200,,285099,21,0,31 38 9,1
4001,'20261002',543,,285100,21,0,31 38 9,1,105,,285101,21,0,31 38 9,1,75,,285102,18,,,1,30,,285103,21,0,31 38 9,1,60,,285104,18,,,1,20,,285105,18,,,1,15,,285106,18,,,1,55,,285107,18,,,1,20,,285108,22,0,37 38 9,1,5,,285109,18,,,1,20,,285110,18,,,1,65,,285111,22,0,37 38 9,1,5,,285112,18,,,1,20,,285113,18,,,1,70,,285114,22,0,37 38 9,1,20,,285115,21,0,31 38 9,1,25,,285116,18,,,1,75,,285117,21,0,31 38 9,1,30,,285118,19,0,52 38 9,1,60,,285119,21,0,31 38 9,1,35,,285120,18,,,1,70,,285121,18,,,1,80,,285122,19,0,52 38 9,1,10,,285123,18,,,1,30,,285124,21,0,31 38 9,1,60,,285125,18,,,1,30,,285126,18,,,1,20,,285127,18,,,1,65,,285129,21,0,31 38 9,1,15,,285128,19,0,52 38 9,1,15,,285130,18,,,1,55,,285131,18,,,1,10,,285132,18,,,1,20,,285133,22,0,37 38 9,1,5,,285134,18,,,1,10,,285135,18,,,1,55,,285136,18,,,1,5,,285138,18,,,1,15,,285137,22,0,37 38 9,1,10,,285139,18,,,1,15,,285140,18,,,1,65,,285141,22,0,37 38 9,1,15,,285142,18,,,1,25,,285143,18,,,1,80,,285144,22,0,37 38 9,1,20,,285145,18,,,1,100,,285146,18,,,1,100,,285147,21,0,31 38 9,1,95,,285148,18,,,1,95,,285149,21,0,31 38 9,1,200,,285150,21,0,31 38 9,1
4001,'20261003',543,,285151,21,0,31 38 9,1,200,,285152,21,0,31 38 9,1,105,,285153,18,,,1,75,,285154,18,,,1,30,,285155,21,0,31 38 9,1,70,,285156,18,,,1,30,,285157,21,0,31 38 9,1,70,,285158,18,,,1,30,,285159,21,0,31 38 9,1,75,,285160,18,,,1,30,,285161,21,0,31 38 9,1,70,,285162,18,,,1,30,,285163,21,0,31 38 9,1,70,,285164,18,,,1,30,,285165,21,0,31 38 9,1,70,,285166,18,,,1,30,,285167,18,,,1,60,,285168,18,,,1,20,,285169,18,,,1,20,,285170,21,0,31 38 9,1,60,,285171,18,,,1,20,,285172,18,,,1,20,,285173,18,,,1,60,,285174,18,,,1,20,,285175,18,,,1,20,,285176,21,0,31 38 9,1,60,,285177,18,,,1,20,,285178,18,,,1,15,,285179,21,0,31 38 9,1,60,,285180,18,,,1,20,,285181,18,,,1,20,,285182,18,,,1,70,,285183,18,,,1,30,,285184,21,0,31 38 9,1,95,,285185,18,,,1,100,,285186,21,0,31 38 9,1,100,,285187,18,,,1,95,,285188,21,0,31 38 9,1,200,,285189,21,0,31 38 9,1
4001,'20261004',543,,285190,21,0,31 38 9,1,200,,285191,21,0,31 38 9,1,105,,285192,18,,,1,75,,285193,18,,,1,30,,285194,21,0,31 38 9,1,70,,285195,18,,,1,30,,285196,21,0,31 38 9,1,70,,285197,18,,,1,30,,285198,21,0,31 38 9,1,75,,285199,18,,,1,30,,285200,21,0,31 38 9,1,70,,285201,18,,,1,30,,285202,21,0,31 38 9,1,70,,285203,18,,,1,30,,285204,21,0,31 38 9,1,70,,285205,18,,,1,30,,285206,18,,,1,60,,285207,18,,,1,20,,285208,18,,,1,20,,285209,21,0,31 38 9,1,60,,285210,18,,,1,20,,285211,18,,,1,20,,285212,18,,,1,60,,285213,18,,,1,20,,285214,18,,,1,20,,285215,21,0,31 38 9,1,60,,285216,18,,,1,20,,285217,18,,,1,15,,285218,21,0,31 38 9,1,60,,285219,18,,,1,20,,285220,18,,,1,20,,285221,18,,,1,70,,285222,18,,,1,30,,285223,21,0,31 38 9,1,95,,285224,18,,,1,100,,285225,21,0,31 38 9,1,100,,285226,18,,,1,95,,285227,21,0,31 38 9,1,200,,285228,21,0,31 38 9,1
4001,'20261005',543,,285229,21,0,31 38 9,1,105,,285230,21,0,31 38 9,1,75,,285231,18,,,1,30,,285232,21,0,31 38 9,1,60,,285233,18,,,1,20,,285234,18,,,1,15,,285235,18,,,1,55,,285236,18,,,1,20,,285237,22,0,37 38 9,1,5,,285238,18,,,1,20,,285239,18,,,1,65,,285240,22,0,37 38 9,1,5,,285241,18,,,1,20,,285242,18,,,1,70,,285243,22,0,37 38 9,1,20,,285244,21,0,31 38 9,1,25,,285245,18,,,1,75,,285246,21,0,31 38 9,1,30,,285247,19,0,52 38 9,1,60,,285248,21,0,31 38 9,1,35,,285249,18,,,1,70,,285250,18,,,1,80,,285251,19,0,52 38 9,1,10,,285252,18,,,1,30,,285253,21,0,31 38 9,1,60,,285254,18,,,1,30,,285255,18,,,1,20,,285256,18,,,1,65,,285258,21,0,31 38 9,1,15,,285257,19,0,52 38 9,1,15,,285259,18,,,1,55,,285260,18,,,1,10,,285261,18,,,1,20,,285262,22,0,37 38 9,1,5,,285263,18,,,1,10,,285264,18,,,1,55,,285265,18,,,1,5,,285267,18,,,1,15,,285266,22,0,37 38 9,1,10,,285268,18,,,1,15,,285269,18,,,1,65,,285270,22,0,37 38 9,1,15,,285271,18,,,1,25,,285272,18,,,1,80,,285273,22,0,37 38 9,1,20,,285274,18,,,1,100,,285275,18,,,1,100,,285276,21,0,31 38 9,1,95,,285277,18,,,1,95,,285278,21,0,31 38 9,1,200,,285279,21,0,31 38 9,1
4001,'20261006',543,,285280,21,0,31 38 9,1,105,,285281,21,0,31 38 9,1,75,,285282,18,,,1,30,,285283,21,0,31 38 9,1,60,,285284,18,,,1,20,,285285,18,,,1,15,,285286,18,,,1,55,,285287,18,,,1,20,,285288,22,0,37 38 9,1,5,,285289,18,,,1,20,,285290,18,,,1,65,,285291,22,0,37 38 9,1,5,,285292,18,,,1,20,,285293,18,,,1,70,,285294,22,0,37 38 9,1,20,,285295,21,0,31 38 9,1,25,,285296,18,,,1,75,,285297,21,0,31 38 9,1,30,,285298,19,0,52 38 9,1,60,,285299,21,0,31 38 9,1,35,,285300,18,,,1,70,,285301,18,,,1,80,,285302,19,0,52 38 9,1,10,,285303,18,,,1,30,,285304,21,0,31 38 9,1,60,,285305,18,,,1,30,,285306,18,,,1,20,,285307,18,,,1,65,,285309,21,0,31 38 9,1,15,,285308,19,0,52 38 9,1,15,,285310,18,,,1,55,,285311,18,,,1,10,,285312,18,,,1,20,,285313,22,0,37 38 9,1,5,,285314,18,,,1,10,,285315,18,,,1,55,,285316,18,,,1,5,,285318,18,,,1,15,,285317,22,0,37 38 9,1,10,,285319,18,,,1,15,,285320,18,,,1,65,,285321,22,0,37 38 9,1,15,,285322,18,,,1,25,,285323,18,,,1,80,,285324,22,0,37 38 9,1,20,,285325,18,,,1,100,,285326,18,,,1,100,,285327,21,0,31 38 9,1,95,,285328,18,,,1,95,,285329,21,0,31 38 9,1,200,,285330,21,0,31 38 9,1
4001,'20261007',543,,285331,21,0,31 38 9,1,105,,285332,21,0,31 38 9,1,75,,285333,18,,,1,30,,285334,21,0,31 38 9,1,60,,285335,18,,,1,20,,285336,18,,,1,15,,285337,18,,,1,55,,285338,18,,,1,20,,285339,22,0,37 38 9,1,5,,285340,18,,,1,20,,285341,18,,,1,65,,285342,22,0,37 38 9,1,5,,285343,18,,,1,20,,285344,18,,,1,70,,285345,22,0,37 38 9,1,20,,285346,21,0,31 38 9,1,25,,285347,18,,,1,75,,285348,21,0,31 38 9,1,30,,285349,19,0,52 38 9,1,60,,285350,21,0,31 38 9,1,35,,285351,18,,,1,70,,285352,18,,,1,80,,285353,19,0,52 38 9,1,10,,285354,18,,,1,30,,285355,21,0,31 38 9,1,60,,285356,18,,,1,30,,285357,18,,,1,20,,285358,18,,,1,65,,285360,21,0,31 38 9,1,15,,285359,19,0,52 38 9,1,15,,285361,18,,,1,55,,285362,18,,,1,10,,285363,18,,,1,20,,285364,22,0,37 38 9,1,5,,285365,18,,,1,10,,285366,18,,,1,55,,285367,18,,,1,5,,285369,18,,,1,15,,285368,22,0,37 38 9,1,10,,285370,18,,,1,15,,285371,18,,,1,65,,285372,22,0,37 38 9,1,15,,285373,18,,,1,25,,285374,18,,,1,80,,285375,22,0,37 38 9,1,20,,285376,18,,,1,100,,285377,18,,,1,100,,285378,21,0,31 38 9,1,95,,285379,18,,,1,95,,285380,21,0,31 38 9,1,200,,285381,21,0,31 38 9,1
4001,'20261008',543,,285382,21,0,31 38 9,1,105,,285383,21,0,31 38 9,1,75,,285384,18,,,1,30,,285385,21,0,31 38 9,1,60,,285386,18,,,1,20,,285387,18,,,1,15,,285388,18,,,1,55,,285389,18,,,1,20,,285390,22,0,37 38 9,1,5,,285391,18,,,1,20,,285392,18,,,1,65,,285393,22,0,37 38 9,1,5,,285394,18,,,1,20,,285395,18,,,1,70,,285396,22,0,37 38 9,1,20,,285397,21,0,31 38 9,1,25,,285398,18,,,1,75,,285399,21,0,31 38 9,1,30,,285400,19,0,52 38 9,1,60,,285401,21,0,31 38 9,1,35,,285402,18,,,1,70,,285403,18,,,1,80,,285404,19,0,52 38 9,1,10,,285405,18,,,1,30,,285406,21,0,31 38 9,1,60,,285407,18,,,1,30,,285408,18,,,1,20,,285409,18,,,1,65,,285411,21,0,31 38 9,1,15,,285410,19,0,52 38 9,1,15,,285412,18,,,1,55,,285413,18,,,1,10,,285414,18,,,1,20,,285415,22,0,37 38 9,1,5,,285416,18,,,1,10,,285417,18,,,1,55,,285418,18,,,1,5,,285420,18,,,1,15,,285419,22,0,37 38 9,1,10,,285421,18,,,1,15,,285422,18,,,1,65,,285423,22,0,37 38 9,1,15,,285424,18,,,1,25,,285425,18,,,1,80,,285426,22,0,37 38 9,1,20,,285427,18,,,1,100,,285428,18,,,1,100,,285429,21,0,31 38 9,1,95,,285430,18,,,1,95,,285431,21,0,31 38 9,1,200,,285432,21,0,31 38 9,1
4001,'20261009',543,,285433,21,0,31 38 9,1,105,,285434,21,0,31 38 9,1,75,,285435,18,,,1,30,,285436,21,0,31 38 9,1,60,,285437,18,,,1,20,,285438,18,,,1,15,,285439,18,,,1,55,,285440,18,,,1,20,,285441,22,0,37 38 9,1,5,,285442,18,,,1,20,,285443,18,,,1,65,,285444,22,0,37 38 9,1,5,,285445,18,,,1,20,,285446,18,,,1,70,,285447,22,0,37 38 9,1,20,,285448,21,0,31 38 9,1,25,,285449,18,,,1,75,,285450,21,0,31 38 9,1,30,,285451,19,0,52 38 9,1,60,,285452,21,0,31 38 9,1,35,,285453,18,,,1,70,,285454,18,,,1,80,,285455,19,0,52 38 9,1,10,,285456,18,,,1,30,,285457,21,0,31 38 9,1,60,,285458,18,,,1,30,,285459,18,,,1,20,,285460,18,,,1,65,,285462,21,0,31 38 9,1,15,,285461,19,0,52 38 9,1,15,,285463,18,,,1,55,,285464,18,,,1,10,,285465,18,,,1,20,,285466,22,0,37 38 9,1,5,,285467,18,,,1,10,,285468,18,,,1,55,,285469,18,,,1,5,,285471,18,,,1,15,,285470,22,0,37 38 9,1,10,,285472,18,,,1,15,,285473,18,,,1,65,,285474,22,0,37 38 9,1,15,,285475,18,,,1,25,,285476,18,,,1,80,,285477,22,0,37 38 9,1,20,,285478,18,,,1,100,,285479,18,,,1,100,,285480,21,0,31 38 9,1,95,,285481,18,,,1,95,,285482,21,0,31 38 9,1,200,,285483,21,0,31 38 9,1
4001,'20261010',543,,285484,21,0,31 38 9,1,200,,285485,21,0,31 38 9,1,105,,285486,18,,,1,75,,285487,18,,,1,30,,285488,21,0,31 38 9,1,70,,285489,18,,,1,30,,285490,21,0,31 38 9,1,70,,285491,18,,,1,30,,285492,21,0,31 38 9,1,75,,285493,18,,,1,30,,285494,21,0,31 38 9,1,70,,285495,18,,,1,30,,285496,21,0,31 38 9,1,70,,285497,18,,,1,30,,285498,21,0,31 38 9,1,70,,285499,18,,,1,30,,285500,18,,,1,60,,285501,18,,,1,20,,285502,18,,,1,20,,285503,21,0,31 38 9,1,60,,285504,18,,,1,20,,285505,18,,,1,20,,285506,18,,,1,60,,285507,18,,,1,20,,285508,18,,,1,20,,285509,21,0,31 38 9,1,60,,285510,18,,,1,20,,285511,18,,,1,15,,285512,21,0,31 38 9,1,60,,285513,18,,,1,20,,285514,18,,,1,20,,285515,18,,,1,70,,285516,18,,,1,30,,285517,21,0,31 38 9,1,95,,285518,18,,,1,100,,285519,21,0,31 38 9,1,100,,285520,18,,,1,95,,285521,21,0,31 38 9,1,200,,285522,21,0,31 38 9,1
4001,'20261011',543,,285523,21,0,31 38 9,1,200,,285524,21,0,31 38 9,1,105,,285525,18,,,1,75,,285526,18,,,1,30,,285527,21,0,31 38 9,1,70,,285528,18,,,1,30,,285529,21,0,31 38 9,1,70,,285530,18,,,1,30,,285531,21,0,31 38 9,1,75,,285532,18,,,1,30,,285533,21,0,31 38 9,1,70,,285534,18,,,1,30,,285535,21,0,31 38 9,1,70,,285536,18,,,1,30,,285537,21,0,31 38 9,1,70,,285538,18,,,1,30,,285539,18,,,1,60,,285540,18,,,1,20,,285541,18,,,1,20,,285542,21,0,31 38 9,1,60,,285543,18,,,1,20,,285544,18,,,1,20,,285545,18,,,1,60,,285546,18,,,1,20,,285547,18,,,1,20,,285548,21,0,31 38 9,1,60,,285549,18,,,1,20,,285550,18,,,1,15,,285551,21,0,31 38 9,1,60,,285552,18,,,1,20,,285553,18,,,1,20,,285554,18,,,1,70,,285555,18,,,1,30,,285556,21,0,31 38 9,1,95,,285557,18,,,1,100,,285558,21,0,31 38 9,1,100,,285559,18,,,1,95,,285560,21,0,31 38 9,1,200,,285561,21,0,31 38 9,1
4001,'20261012',543,,285562,21,0,31 38 9,1,200,,285563,21,0,31 38 9,1,105,,285564,18,,,1,75,,285565,18,,,1,30,,285566,21,0,31 38 9,1,70,,285567,18,,,1,30,,285568,21,0,31 38 9,1,70,,285569,18,,,1,30,,285570,21,0,31 38 9,1,75,,285571,18,,,1,30,,285572,21,0,31 38 9,1,70,,285573,18,,,1,30,,285574,21,0,31 38 9,1,70,,285575,18,,,1,30,,285576,21,0,31 38 9,1,70,,285577,18,,,1,30,,285578,18,,,1,60,,285579,18,,,1,20,,285580,18,,,1,20,,285581,21,0,31 38 9,1,60,,285582,18,,,1,20,,285583,18,,,1,20,,285584,18,,,1,60,,285585,18,,,1,20,,285586,18,,,1,20,,285587,21,0,31 38 9,1,60,,285588,18,,,1,20,,285589,18,,,1,15,,285590,21,0,31 38 9,1,60,,285591,18,,,1,20,,285592,18,,,1,20,,285593,18,,,1,70,,285594,18,,,1,30,,285595,21,0,31 38 9,1,95,,285596,18,,,1,100,,285597,21,0,31 38 9,1,100,,285598,18,,,1,95,,285599,21,0,31 38 9,1,200,,285600,21,0,31 38 9,1
4001,'20261013',543,,285601,21,0,31 38 9,1,105,,285602,21,0,31 38 9,1,75,,285603,18,,,1,30,,285604,21,0,31 38 9,1,60,,285605,18,,,1,20,,285606,18,,,1,15,,285607,18,,,1,55,,285608,18,,,1,20,,285609,22,0,37 38 9,1,5,,285610,18,,,1,20,,285611,18,,,1,65,,285612,22,0,37 38 9,1,5,,285613,18,,,1,20,,285614,18,,,1,70,,285615,22,0,37 38 9,1,20,,285616,21,0,31 38 9,1,25,,285617,18,,,1,75,,285618,21,0,31 38 9,1,30,,285619,19,0,52 38 9,1,60,,285620,21,0,31 38 9,1,35,,285621,18,,,1,70,,285622,18,,,1,80,,285623,19,0,52 38 9,1,10,,285624,18,,,1,30,,285625,21,0,31 38 9,1,60,,285626,18,,,1,30,,285627,18,,,1,20,,285628,18,,,1,65,,285630,21,0,31 38 9,1,15,,285629,19,0,52 38 9,1,15,,285631,18,,,1,55,,285632,18,,,1,10,,285633,18,,,1,20,,285634,22,0,37 38 9,1,5,,285635,18,,,1,10,,285636,18,,,1,55,,285637,18,,,1,5,,285639,18,,,1,15,,285638,22,0,37 38 9,1,10,,285640,18,,,1,15,,285641,18,,,1,65,,285642,22,0,37 38 9,1,15,,285643,18,,,1,25,,285644,18,,,1,80,,285645,22,0,37 38 9,1,20,,285646,18,,,1,100,,285647,18,,,1,100,,285648,21,0,31 38 9,1,95,,285649,18,,,1,95,,285650,21,0,31 38 9,1,200,,285651,21,0,31 38 9,1
4001,'20261014',543,,285652,21,0,31 38 9,1,105,,285653,21,0,31 38 9,1,75,,285654,18,,,1,30,,285655,21,0,31 38 9,1,60,,285656,18,,,1,20,,285657,18,,,1,15,,285658,18,,,1,55,,285659,18,,,1,20,,285660,22,0,37 38 9,1,5,,285661,18,,,1,20,,285662,18,,,1,65,,285663,22,0,37 38 9,1,5,,285664,18,,,1,20,,285665,18,,,1,70,,285666,22,0,37 38 9,1,20,,285667,21,0,31 38 9,1,25,,285668,18,,,1,75,,285669,21,0,31 38 9,1,30,,285670,19,0,52 38 9,1,60,,285671,21,0,31 38 9,1,35,,285672,18,,,1,70,,285673,18,,,1,80,,285674,19,0,52 38 9,1,10,,285675,18,,,1,30,,285676,21,0,31 38 9,1,60,,285677,18,,,1,30,,285678,18,,,1,20,,285679,18,,,1,65,,285681,21,0,31 38 9,1,15,,285680,19,0,52 38 9,1,15,,285682,18,,,1,55,,285683,18,,,1,10,,285684,18,,,1,20,,285685,22,0,37 38 9,1,5,,285686,18,,,1,10,,285687,18,,,1,55,,285688,18,,,1,5,,285690,18,,,1,15,,285689,22,0,37 38 9,1,10,,285691,18,,,1,15,,285692,18,,,1,65,,285693,22,0,37 38 9,1,15,,285694,18,,,1,25,,285695,18,,,1,80,,285696,22,0,37 38 9,1,20,,285697,18,,,1,100,,285698,18,,,1,100,,285699,21,0,31 38 9,1,95,,285700,18,,,1,95,,285701,21,0,31 38 9,1,200,,285702,21,0,31 38 9,1
4001,'20261015',543,,285703,21,0,31 38 9,1,105,,285704,21,0,31 38 9,1,75,,285705,18,,,1,30,,285706,21,0,31 38 9,1,60,,285707,18,,,1,20,,285708,18,,,1,15,,285709,18,,,1,55,,285710,18,,,1,20,,285711,22,0,37 38 9,1,5,,285712,18,,,1,20,,285713,18,,,1,65,,285714,22,0,37 38 9,1,5,,285715,18,,,1,20,,285716,18,,,1,70,,285717,22,0,37 38 9,1,20,,285718,21,0,31 38 9,1,25,,285719,18,,,1,75,,285720,21,0,31 38 9,1,30,,285721,19,0,52 38 9,1,60,,285722,21,0,31 38 9,1,35,,285723,18,,,1,70,,285724,18,,,1,80,,285725,19,0,52 38 9,1,10,,285726,18,,,1,30,,285727,21,0,31 38 9,1,60,,285728,18,,,1,30,,285729,18,,,1,20,,285730,18,,,1,65,,285732,21,0,31 38 9,1,15,,285731,19,0,52 38 9,1,15,,285733,18,,,1,55,,285734,18,,,1,10,,285735,18,,,1,20,,285736,22,0,37 38 9,1,5,,285737,18,,,1,10,,285738,18,,,1,55,,285739,18,,,1,5,,285741,18,,,1,15,,285740,22,0,37 38 9,1,10,,285742,18,,,1,15,,285743,18,,,1,65,,285744,22,0,37 38 9,1,15,,285745,18,,,1,25,,285746,18,,,1,80,,285747,22,0,37 38 9,1,20,,285748,18,,,1,100,,285749,18,,,1,100,,285750,21,0,31 38 9,1,95,,285751,18,,,1,95,,285752,21,0,31 38 9,1,200,,285753,21,0,31 38 9,1
4001,'20261016',543,,285754,21,0,31 38 9,1,105,,285755,21,0,31 38 9,1,75,,285756,18,,,1,30,,285757,21,0,31 38 9,1,60,,285758,18,,,1,20,,285759,18,,,1,15,,285760,18,,,1,55,,285761,18,,,1,20,,285762,22,0,37 38 9,1,5,,285763,18,,,1,20,,285764,18,,,1,65,,285765,22,0,37 38 9,1,5,,285766,18,,,1,20,,285767,18,,,1,70,,285768,22,0,37 38 9,1,20,,285769,21,0,31 38 9,1,25,,285770,18,,,1,75,,285771,21,0,31 38 9,1,30,,285772,19,0,52 38 9,1,60,,285773,21,0,31 38 9,1,35,,285774,18,,,1,70,,285775,18,,,1,80,,285776,19,0,52 38 9,1,10,,285777,18,,,1,30,,285778,21,0,31 38 9,1,60,,285779,18,,,1,30,,285780,18,,,1,20,,285781,18,,,1,65,,285783,21,0,31 38 9,1,15,,285782,19,0,52 38 9,1,15,,285784,18,,,1,55,,285785,18,,,1,10,,285786,18,,,1,20,,285787,22,0,37 38 9,1,5,,285788,18,,,1,10,,285789,18,,,1,55,,285790,18,,,1,5,,285792,18,,,1,15,,285791,22,0,37 38 9,1,10,,285793,18,,,1,15,,285794,18,,,1,65,,285795,22,0,37 38 9,1,15,,285796,18,,,1,25,,285797,18,,,1,80,,285798,22,0,37 38 9,1,20,,285799,18,,,1,100,,285800,18,,,1,100,,285801,21,0,31 38 9,1,95,,285802,18,,,1,95,,285803,21,0,31 38 9,1,200,,285804,21,0,31 38 9,1
4001,'20261017',543,,285805,21,0,31 38 9,1,200,,285806,21,0,31 38 9,1,105,,285807,18,,,1,75,,285808,18,,,1,30,,285809,21,0,31 38 9,1,70,,285810,18,,,1,30,,285811,21,0,31 38 9,1,70,,285812,18,,,1,30,,285813,21,0,31 38 9,1,75,,285814,18,,,1,30,,285815,21,0,31 38 9,1,70,,285816,18,,,1,30,,285817,21,0,31 38 9,1,70,,285818,18,,,1,30,,285819,21,0,31 38 9,1,70,,285820,18,,,1,30,,285821,18,,,1,60,,285822,18,,,1,20,,285823,18,,,1,20,,285824,21,0,31 38 9,1,60,,285825,18,,,1,20,,285826,18,,,1,20,,285827,18,,,1,60,,285828,18,,,1,20,,285829,18,,,1,20,,285830,21,0,31 38 9,1,60,,285831,18,,,1,20,,285832,18,,,1,15,,285833,21,0,31 38 9,1,60,,285834,18,,,1,20,,285835,18,,,1,20,,285836,18,,,1,70,,285837,18,,,1,30,,285838,21,0,31 38 9,1,95,,285839,18,,,1,100,,285840,21,0,31 38 9,1,100,,285841,18,,,1,95,,285842,21,0,31 38 9,1,200,,285843,21,0,31 38 9,1
4001,'20261018',543,,285844,21,0,31 38 9,1,200,,285845,21,0,31 38 9,1,105,,285846,18,,,1,75,,285847,18,,,1,30,,285848,21,0,31 38 9,1,70,,285849,18,,,1,30,,285850,21,0,31 38 9,1,70,,285851,18,,,1,30,,285852,21,0,31 38 9,1,75,,285853,18,,,1,30,,285854,21,0,31 38 9,1,70,,285855,18,,,1,30,,285856,21,0,31 38 9,1,70,,285857,18,,,1,30,,285858,21,0,31 38 9,1,70,,285859,18,,,1,30,,285860,18,,,1,60,,285861,18,,,1,20,,285862,18,,,1,20,,285863,21,0,31 38 9,1,60,,285864,18,,,1,20,,285865,18,,,1,20,,285866,18,,,1,60,,285867,18,,,1,20,,285868,18,,,1,20,,285869,21,0,31 38 9,1,60,,285870,18,,,1,20,,285871,18,,,1,15,,285872,21,0,31 38 9,1,60,,285873,18,,,1,20,,285874,18,,,1,20,,285875,18,,,1,70,,285876,18,,,1,30,,285877,21,0,31 38 9,1,95,,285878,18,,,1,100,,285879,21,0,31 38 9,1,100,,285880,18,,,1,95,,285881,21,0,31 38 9,1,200,,285882,21,0,31 38 9,1
4001,'20261019',543,,285883,21,0,31 38 9,1,105,,285884,21,0,31 38 9,1,75,,285885,18,,,1,30,,285886,21,0,31 38 9,1,60,,285887,18,,,1,20,,285888,18,,,1,15,,285889,18,,,1,55,,285890,18,,,1,20,,285891,22,0,37 38 9,1,5,,285892,18,,,1,20,,285893,18,,,1,65,,285894,22,0,37 38 9,1,5,,285895,18,,,1,20,,285896,18,,,1,70,,285897,22,0,37 38 9,1,20,,285898,21,0,31 38 9,1,25,,285899,18,,,1,75,,285900,21,0,31 38 9,1,30,,285901,19,0,52 38 9,1,60,,285902,21,0,31 38 9,1,35,,285903,18,,,1,70,,285904,18,,,1,80,,285905,19,0,52 38 9,1,10,,285906,18,,,1,30,,285907,21,0,31 38 9,1,60,,285908,18,,,1,30,,285909,18,,,1,20,,285910,18,,,1,65,,285912,21,0,31 38 9,1,15,,285911,19,0,52 38 9,1,15,,285913,18,,,1,55,,285914,18,,,1,10,,285915,18,,,1,20,,285916,22,0,37 38 9,1,5,,285917,18,,,1,10,,285918,18,,,1,55,,285919,18,,,1,5,,285921,18,,,1,15,,285920,22,0,37 38 9,1,10,,285922,18,,,1,15,,285923,18,,,1,65,,285924,22,0,37 38 9,1,15,,285925,18,,,1,25,,285926,18,,,1,80,,285927,22,0,37 38 9,1,20,,285928,18,,,1,100,,285929,18,,,1,100,,285930,21,0,31 38 9,1,95,,285931,18,,,1,95,,285932,21,0,31 38 9,1,200,,285933,21,0,31 38 9,1
4001,'20261020',543,,285934,21,0,31 38 9,1,105,,285935,21,0,31 38 9,1,75,,285936,18,,,1,30,,285937,21,0,31 38 9,1,60,,285938,18,,,1,20,,285939,18,,,1,15,,285940,18,,,1,55,,285941,18,,,1,20,,285942,22,0,37 38 9,1,5,,285943,18,,,1,20,,285944,18,,,1,65,,285945,22,0,37 38 9,1,5,,285946,18,,,1,20,,285947,18,,,1,70,,285948,22,0,37 38 9,1,20,,285949,21,0,31 38 9,1,25,,285950,18,,,1,75,,285951,21,0,31 38 9,1,30,,285952,19,0,52 38 9,1,60,,285953,21,0,31 38 9,1,35,,285954,18,,,1,70,,285955,18,,,1,80,,285956,19,0,52 38 9,1,10,,285957,18,,,1,30,,285958,21,0,31 38 9,1,60,,285959,18,,,1,30,,285960,18,,,1,20,,285961,18,,,1,65,,285963,21,0,31 38 9,1,15,,285962,19,0,52 38 9,1,15,,285964,18,,,1,55,,285965,18,,,1,10,,285966,18,,,1,20,,285967,22,0,37 38 9,1,5,,285968,18,,,1,10,,285969,18,,,1,55,,285970,18,,,1,5,,285972,18,,,1,15,,285971,22,0,37 38 9,1,10,,285973,18,,,1,15,,285974,18,,,1,65,,285975,22,0,37 38 9,1,15,,285976,18,,,1,25,,285977,18,,,1,80,,285978,22,0,37 38 9,1,20,,285979,18,,,1,100,,285980,18,,,1,100,,285981,21,0,31 38 9,1,95,,285982,18,,,1,95,,285983,21,0,31 38 9,1,200,,285984,21,0,31 38 9,1
4001,'20261021',543,,285985,21,0,31 38 9,1,105,,285986,21,0,31 38 9,1,75,,285987,18,,,1,30,,285988,21,0,31 38 9,1,60,,285989,18,,,1,20,,285990,18,,,1,15,,285991,18,,,1,55,,285992,18,,,1,20,,285993,22,0,37 38 9,1,5,,285994,18,,,1,20,,285995,18,,,1,65,,285996,22,0,37 38 9,1,5,,285997,18,,,1,20,,285998,18,,,1,70,,285999,22,0,37 38 9,1,20,,286000,21,0,31 38 9,1,25,,286001,18,,,1,75,,286002,21,0,31 38 9,1,30,,286003,19,0,52 38 9,1,60,,286004,21,0,31 38 9,1,35,,286005,18,,,1,70,,286006,18,,,1,80,,286007,19,0,52 38 9,1,10,,286008,18,,,1,30,,286009,21,0,31 38 9,1,60,,286010,18,,,1,30,,286011,18,,,1,20,,286012,18,,,1,65,,286014,21,0,31 38 9,1,15,,286013,19,0,52 38 9,1,15,,286015,18,,,1,55,,286016,18,,,1,10,,286017,18,,,1,20,,286018,22,0,37 38 9,1,5,,286019,18,,,1,10,,286020,18,,,1,55,,286021,18,,,1,5,,286023,18,,,1,15,,286022,22,0,37 38 9,1,10,,286024,18,,,1,15,,286025,18,,,1,65,,286026,22,0,37 38 9,1,15,,286027,18,,,1,25,,286028,18,,,1,80,,286029,22,0,37 38 9,1,20,,286030,18,,,1,100,,286031,18,,,1,100,,286032,21,0,31 38 9,1,95,,286033,18,,,1,95,,286034,21,0,31 38 9,1,200,,286035,21,0,31 38 9,1
4001,'20261022',543,,286036,21,0,31 38 9,1,105,,286037,21,0,31 38 9,1,75,,286038,18,,,1,30,,286039,21,0,31 38 9,1,60,,286040,18,,,1,20,,286041,18,,,1,15,,286042,18,,,1,55,,286043,18,,,1,20,,286044,22,0,37 38 9,1,5,,286045,18,,,1,20,,286046,18,,,1,65,,286047,22,0,37 38 9,1,5,,286048,18,,,1,20,,286049,18,,,1,70,,286050,22,0,37 38 9,1,20,,286051,21,0,31 38 9,1,25,,286052,18,,,1,75,,286053,21,0,31 38 9,1,30,,286054,19,0,52 38 9,1,60,,286055,21,0,31 38 9,1,35,,286056,18,,,1,70,,286057,18,,,1,80,,286058,19,0,52 38 9,1,10,,286059,18,,,1,30,,286060,21,0,31 38 9,1,60,,286061,18,,,1,30,,286062,18,,,1,20,,286063,18,,,1,65,,286065,21,0,31 38 9,1,15,,286064,19,0,52 38 9,1,15,,286066,18,,,1,55,,286067,18,,,1,10,,286068,18,,,1,20,,286069,22,0,37 38 9,1,5,,286070,18,,,1,10,,286071,18,,,1,55,,286072,18,,,1,5,,286074,18,,,1,15,,286073,22,0,37 38 9,1,10,,286075,18,,,1,15,,286076,18,,,1,65,,286077,22,0,37 38 9,1,15,,286078,18,,,1,25,,286079,18,,,1,80,,286080,22,0,37 38 9,1,20,,286081,18,,,1,100,,286082,18,,,1,100,,286083,21,0,31 38 9,1,95,,286084,18,,,1,95,,286085,21,0,31 38 9,1,200,,286086,21,0,31 38 9,1
4001,'20261023',543,,286087,21,0,31 38 9,1,105,,286088,21,0,31 38 9,1,75,,286089,18,,,1,30,,286090,21,0,31 38 9,1,60,,286091,18,,,1,20,,286092,18,,,1,15,,286093,18,,,1,55,,286094,18,,,1,20,,286095,22,0,37 38 9,1,5,,286096,18,,,1,20,,286097,18,,,1,65,,286098,22,0,37 38 9,1,5,,286099,18,,,1,20,,286100,18,,,1,70,,286101,22,0,37 38 9,1,20,,286102,21,0,31 38 9,1,25,,286103,18,,,1,75,,286104,21,0,31 38 9,1,30,,286105,19,0,52 38 9,1,60,,286106,21,0,31 38 9,1,35,,286107,18,,,1,70,,286108,18,,,1,80,,286109,19,0,52 38 9,1,10,,286110,18,,,1,30,,286111,21,0,31 38 9,1,60,,286112,18,,,1,30,,286113,18,,,1,20,,286114,18,,,1,65,,286116,21,0,31 38 9,1,15,,286115,19,0,52 38 9,1,15,,286117,18,,,1,55,,286118,18,,,1,10,,286119,18,,,1,20,,286120,22,0,37 38 9,1,5,,286121,18,,,1,10,,286122,18,,,1,55,,286123,18,,,1,5,,286125,18,,,1,15,,286124,22,0,37 38 9,1,10,,286126,18,,,1,15,,286127,18,,,1,65,,286128,22,0,37 38 9,1,15,,286129,18,,,1,25,,286130,18,,,1,80,,286131,22,0,37 38 9,1,20,,286132,18,,,1,100,,286133,18,,,1,100,,286134,21,0,31 38 9,1,95,,286135,18,,,1,95,,286136,21,0,31 38 9,1,200,,286137,21,0,31 38 9,1
4001,'20261024',543,,286138,21,0,31 38 9,1,200,,286139,21,0,31 38 9,1,105,,286140,18,,,1,75,,286141,18,,,1,30,,286142,21,0,31 38 9,1,70,,286143,18,,,1,30,,286144,21,0,31 38 9,1,70,,286145,18,,,1,30,,286146,21,0,31 38 9,1,75,,286147,18,,,1,30,,286148,21,0,31 38 9,1,70,,286149,18,,,1,30,,286150,21,0,31 38 9,1,70,,286151,18,,,1,30,,286152,21,0,31 38 9,1,70,,286153,18,,,1,30,,286154,18,,,1,60,,286155,18,,,1,20,,286156,18,,,1,20,,286157,21,0,31 38 9,1,60,,286158,18,,,1,20,,286159,18,,,1,20,,286160,18,,,1,60,,286161,18,,,1,20,,286162,18,,,1,20,,286163,21,0,31 38 9,1,60,,286164,18,,,1,20,,286165,18,,,1,15,,286166,21,0,31 38 9,1,60,,286167,18,,,1,20,,286168,18,,,1,20,,286169,18,,,1,70,,286170,18,,,1,30,,286171,21,0,31 38 9,1,95,,286172,18,,,1,100,,286173,21,0,31 38 9,1,100,,286174,18,,,1,95,,286175,21,0,31 38 9,1,200,,286176,21,0,31 38 9,1
4001,'20261025',543,,286177,21,0,31 38 9,1,200,,286178,21,0,31 38 9,1,105,,286179,18,,,1,75,,286180,18,,,1,30,,286181,21,0,31 38 9,1,70,,286182,18,,,1,30,,286183,21,0,31 38 9,1,70,,286184,18,,,1,30,,286185,21,0,31 38 9,1,75,,286186,18,,,1,30,,286187,21,0,31 38 9,1,70,,286188,18,,,1,30,,286189,21,0,31 38 9,1,70,,286190,18,,,1,30,,286191,21,0,31 38 9,1,70,,286192,18,,,1,30,,286193,18,,,1,60,,286194,18,,,1,20,,286195,18,,,1,20,,286196,21,0,31 38 9,1,60,,286197,18,,,1,20,,286198,18,,,1,20,,286199,18,,,1,60,,286200,18,,,1,20,,286201,18,,,1,20,,286202,21,0,31 38 9,1,60,,286203,18,,,1,20,,286204,18,,,1,15,,286205,21,0,31 38 9,1,60,,286206,18,,,1,20,,286207,18,,,1,20,,286208,18,,,1,70,,286209,18,,,1,30,,286210,21,0,31 38 9,1,95,,286211,18,,,1,100,,286212,21,0,31 38 9,1,100,,286213,18,,,1,95,,286214,21,0,31 38 9,1,200,,286215,21,0,31 38 9,1
4001,'20261026',543,,286216,21,0,31 38 9,1,105,,286217,21,0,31 38 9,1,75,,286218,18,,,1,30,,286219,21,0,31 38 9,1,60,,286220,18,,,1,20,,286221,18,,,1,15,,286222,18,,,1,55,,286223,18,,,1,20,,286224,22,0,37 38 9,1,5,,286225,18,,,1,20,,286226,18,,,1,65,,286227,22,0,37 38 9,1,5,,286228,18,,,1,20,,286229,18,,,1,70,,286230,22,0,37 38 9,1,20,,286231,21,0,31 38 9,1,25,,286232,18,,,1,75,,286233,21,0,31 38 9,1,30,,286234,19,0,52 38 9,1,60,,286235,21,0,31 38 9,1,35,,286236,18,,,1,70,,286237,18,,,1,80,,286238,19,0,52 38 9,1,10,,286239,18,,,1,30,,286240,21,0,31 38 9,1,60,,286241,18,,,1,30,,286242,18,,,1,20,,286243,18,,,1,65,,286245,21,0,31 38 9,1,15,,286244,19,0,52 38 9,1,15,,286246,18,,,1,55,,286247,18,,,1,10,,286248,18,,,1,20,,286249,22,0,37 38 9,1,5,,286250,18,,,1,10,,286251,18,,,1,55,,286252,18,,,1,5,,286254,18,,,1,15,,286253,22,0,37 38 9,1,10,,286255,18,,,1,15,,286256,18,,,1,65,,286257,22,0,37 38 9,1,15,,286258,18,,,1,25,,286259,18,,,1,80,,286260,22,0,37 38 9,1,20,,286261,18,,,1,100,,286262,18,,,1,100,,286263,21,0,31 38 9,1,95,,286264,18,,,1,95,,286265,21,0,31 38 9,1,200,,286266,21,0,31 38 9,1
4001,'20261027',543,,286267,21,0,31 38 9,1,105,,286268,21,0,31 38 9,1,75,,286269,18,,,1,30,,286270,21,0,31 38 9,1,60,,286271,18,,,1,20,,286272,18,,,1,15,,286273,18,,,1,55,,286274,18,,,1,20,,286275,22,0,37 38 9,1,5,,286276,18,,,1,20,,286277,18,,,1,65,,286278,22,0,37 38 9,1,5,,286279,18,,,1,20,,286280,18,,,1,70,,286281,22,0,37 38 9,1,20,,286282,21,0,31 38 9,1,25,,286283,18,,,1,75,,286284,21,0,31 38 9,1,30,,286285,19,0,52 38 9,1,60,,286286,21,0,31 38 9,1,35,,286287,18,,,1,70,,286288,18,,,1,80,,286289,19,0,52 38 9,1,10,,286290,18,,,1,30,,286291,21,0,31 38 9,1,60,,286292,18,,,1,30,,286293,18,,,1,20,,286294,18,,,1,65,,286296,21,0,31 38 9,1,15,,286295,19,0,52 38 9,1,15,,286297,18,,,1,55,,286298,18,,,1,10,,286299,18,,,1,20,,286300,22,0,37 38 9,1,5,,286301,18,,,1,10,,286302,18,,,1,55,,286303,18,,,1,5,,286305,18,,,1,15,,286304,22,0,37 38 9,1,10,,286306,18,,,1,15,,286307,18,,,1,65,,286308,22,0,37 38 9,1,15,,286309,18,,,1,25,,286310,18,,,1,80,,286311,22,0,37 38 9,1,20,,286312,18,,,1,100,,286313,18,,,1,100,,286314,21,0,31 38 9,1,95,,286315,18,,,1,95,,286316,21,0,31 38 9,1,200,,286317,21,0,31 38 9,1
4001,'20261028',543,,286318,21,0,31 38 9,1,105,,286319,21,0,31 38 9,1,75,,286320,18,,,1,30,,286321,21,0,31 38 9,1,60,,286322,18,,,1,20,,286323,18,,,1,15,,286324,18,,,1,55,,286325,18,,,1,20,,286326,22,0,37 38 9,1,5,,286327,18,,,1,20,,286328,18,,,1,65,,286329,22,0,37 38 9,1,5,,286330,18,,,1,20,,286331,18,,,1,70,,286332,22,0,37 38 9,1,20,,286333,21,0,31 38 9,1,25,,286334,18,,,1,75,,286335,21,0,31 38 9,1,30,,286336,19,0,52 38 9,1,60,,286337,21,0,31 38 9,1,35,,286338,18,,,1,70,,286339,18,,,1,80,,286340,19,0,52 38 9,1,10,,286341,18,,,1,30,,286342,21,0,31 38 9,1,60,,286343,18,,,1,30,,286344,18,,,1,20,,286345,18,,,1,65,,286347,21,0,31 38 9,1,15,,286346,19,0,52 38 9,1,15,,286348,18,,,1,55,,286349,18,,,1,10,,286350,18,,,1,20,,286351,22,0,37 38 9,1,5,,286352,18,,,1,10,,286353,18,,,1,55,,286354,18,,,1,5,,286356,18,,,1,15,,286355,22,0,37 38 9,1,10,,286357,18,,,1,15,,286358,18,,,1,65,,286359,22,0,37 38 9,1,15,,286360,18,,,1,25,,286361,18,,,1,80,,286362,22,0,37 38 9,1,20,,286363,18,,,1,100,,286364,18,,,1,100,,286365,21,0,31 38 9,1,95,,286366,18,,,1,95,,286367,21,0,31 38 9,1,200,,286368,21,0,31 38 9,1
4001,'20261029',543,,286369,21,0,31 38 9,1,105,,286370,21,0,31 38 9,1,75,,286371,18,,,1,30,,286372,21,0,31 38 9,1,60,,286373,18,,,1,20,,286374,18,,,1,15,,286375,18,,,1,55,,286376,18,,,1,20,,286377,22,0,37 38 9,1,5,,286378,18,,,1,20,,286379,18,,,1,65,,286380,22,0,37 38 9,1,5,,286381,18,,,1,20,,286382,18,,,1,70,,286383,22,0,37 38 9,1,20,,286384,21,0,31 38 9,1,25,,286385,18,,,1,75,,286386,21,0,31 38 9,1,30,,286387,19,0,52 38 9,1,60,,286388,21,0,31 38 9,1,35,,286389,18,,,1,70,,286390,18,,,1,80,,286391,19,0,52 38 9,1,10,,286392,18,,,1,30,,286393,21,0,31 38 9,1,60,,286394,18,,,1,30,,286395,18,,,1,20,,286396,18,,,1,65,,286398,21,0,31 38 9,1,15,,286397,19,0,52 38 9,1,15,,286399,18,,,1,55,,286400,18,,,1,10,,286401,18,,,1,20,,286402,22,0,37 38 9,1,5,,286403,18,,,1,10,,286404,18,,,1,55,,286405,18,,,1,5,,286407,18,,,1,15,,286406,22,0,37 38 9,1,10,,286408,18,,,1,15,,286409,18,,,1,65,,286410,22,0,37 38 9,1,15,,286411,18,,,1,25,,286412,18,,,1,80,,286413,22,0,37 38 9,1,20,,286414,18,,,1,100,,286415,18,,,1,100,,286416,21,0,31 38 9,1,95,,286417,18,,,1,95,,286418,21,0,31 38 9,1,200,,286419,21,0,31 38 9,1
4001,'20261030',543,,286420,21,0,31 38 9,1,105,,286421,21,0,31 38 9,1,75,,286422,18,,,1,30,,286423,21,0,31 38 9,1,60,,286424,18,,,1,20,,286425,18,,,1,15,,286426,18,,,1,55,,286427,18,,,1,20,,286428,22,0,37 38 9,1,5,,286429,18,,,1,20,,286430,18,,,1,65,,286431,22,0,37 38 9,1,5,,286432,18,,,1,20,,286433,18,,,1,70,,286434,22,0,37 38 9,1,20,,286435,21,0,31 38 9,1,25,,286436,18,,,1,75,,286437,21,0,31 38 9,1,30,,286438,19,0,52 38 9,1,60,,286439,21,0,31 38 9,1,35,,286440,18,,,1,70,,286441,18,,,1,80,,286442,19,0,52 38 9,1,10,,286443,18,,,1,30,,286444,21,0,31 38 9,1,60,,286445,18,,,1,30,,286446,18,,,1,20,,286447,18,,,1,65,,286449,21,0,31 38 9,1,15,,286448,19,0,52 38 9,1,15,,286450,18,,,1,55,,286451,18,,,1,10,,286452,18,,,1,20,,286453,22,0,37 38 9,1,5,,286454,18,,,1,10,,286455,18,,,1,55,,286456,18,,,1,5,,286458,18,,,1,15,,286457,22,0,37 38 9,1,10,,286459,18,,,1,15,,286460,18,,,1,65,,286461,22,0,37 38 9,1,15,,286462,18,,,1,25,,286463,18,,,1,80,,286464,22,0,37 38 9,1,20,,286465,18,,,1,100,,286466,18,,,1,100,,286467,21,0,31 38 9,1,95,,286468,18,,,1,95,,286469,21,0,31 38 9,1,200,,286470,21,0,31 38 9,1
4001,'20261031',543,,286471,21,0,31 38 9,1,200,,286472,21,0,31 38 9,1,105,,286473,18,,,1,75,,286474,18,,,1,30,,286475,21,0,31 38 9,1,70,,286476,18,,,1,30,,286477,21,0,31 38 9,1,70,,286478,18,,,1,30,,286479,21,0,31 38 9,1,75,,286480,18,,,1,30,,286481,21,0,31 38 9,1,70,,286482,18,,,1,30,,286483,21,0,31 38 9,1,70,,286484,18,,,1,30,,286485,21,0,31 38 9,1,70,,286486,18,,,1,30,,286487,18,,,1,60,,286488,18,,,1,20,,286489,18,,,1,20,,286490,21,0,31 38 9,1,60,,286491,18,,,1,20,,286492,18,,,1,20,,286493,18,,,1,60,,286494,18,,,1,20,,286495,18,,,1,20,,286496,21,0,31 38 9,1,60,,286497,18,,,1,20,,286498,18,,,1,15,,286499,21,0,31 38 9,1,60,,286500,18,,,1,20,,286501,18,,,1,20,,286502,18,,,1,70,,286503,18,,,1,30,,286504,21,0,31 38 9,1,95,,286505,18,,,1,100,,286506,21,0,31 38 9,1,100,,286507,18,,,1,95,,286508,21,0,31 38 9,1,200,,286509,21,0,31 38 9,1
4001,'20261101',543,,286510,21,0,31 38 9,1,200,,286511,21,0,31 38 9,1,105,,286512,18,,,1,75,,286513,18,,,1,30,,286514,21,0,31 38 9,1,70,,286515,18,,,1,30,,286516,21,0,31 38 9,1,70,,286517,18,,,1,30,,286518,21,0,31 38 9,1,75,,286519,18,,,1,30,,286520,21,0,31 38 9,1,70,,286521,18,,,1,30,,286522,21,0,31 38 9,1,70,,286523,18,,,1,30,,286524,21,0,31 38 9,1,70,,286525,18,,,1,30,,286526,18,,,1,60,,286527,18,,,1,20,,286528,18,,,1,20,,286529,21,0,31 38 9,1,60,,286530,18,,,1,20,,286531,18,,,1,20,,286532,18,,,1,60,,286533,18,,,1,20,,286534,18,,,1,20,,286535,21,0,31 38 9,1,60,,286536,18,,,1,20,,286537,18,,,1,15,,286538,21,0,31 38 9,1,60,,286539,18,,,1,20,,286540,18,,,1,20,,286541,18,,,1,70,,286542,18,,,1,30,,286543,21,0,31 38 9,1,95,,286544,18,,,1,100,,286545,21,0,31 38 9,1,100,,286546,18,,,1,95,,286547,21,0,31 38 9,1,200,,286548,21,0,31 38 9,1
4001,'20261102',543,,286549,21,0,31 38 9,1,105,,286550,21,0,31 38 9,1,75,,286551,18,,,1,30,,286552,21,0,31 38 9,1,60,,286553,18,,,1,20,,286554,18,,,1,15,,286555,18,,,1,55,,286556,18,,,1,20,,286557,22,0,37 38 9,1,5,,286558,18,,,1,20,,286559,18,,,1,65,,286560,22,0,37 38 9,1,5,,286561,18,,,1,20,,286562,18,,,1,70,,286563,22,0,37 38 9,1,20,,286564,21,0,31 38 9,1,25,,286565,18,,,1,75,,286566,21,0,31 38 9,1,30,,286567,19,0,52 38 9,1,60,,286568,21,0,31 38 9,1,35,,286569,18,,,1,70,,286570,18,,,1,80,,286571,19,0,52 38 9,1,10,,286572,18,,,1,30,,286573,21,0,31 38 9,1,60,,286574,18,,,1,30,,286575,18,,,1,20,,286576,18,,,1,65,,286578,21,0,31 38 9,1,15,,286577,19,0,52 38 9,1,15,,286579,18,,,1,55,,286580,18,,,1,10,,286581,18,,,1,20,,286582,22,0,37 38 9,1,5,,286583,18,,,1,10,,286584,18,,,1,55,,286585,18,,,1,5,,286587,18,,,1,15,,286586,22,0,37 38 9,1,10,,286588,18,,,1,15,,286589,18,,,1,65,,286590,22,0,37 38 9,1,15,,286591,18,,,1,25,,286592,18,,,1,80,,286593,22,0,37 38 9,1,20,,286594,18,,,1,100,,286595,18,,,1,100,,286596,21,0,31 38 9,1,95,,286597,18,,,1,95,,286598,21,0,31 38 9,1,200,,286599,21,0,31 38 9,1
4001,'20261103',543,,286600,21,0,31 38 9,1,105,,286601,21,0,31 38 9,1,75,,286602,18,,,1,30,,286603,21,0,31 38 9,1,60,,286604,18,,,1,20,,286605,18,,,1,15,,286606,18,,,1,55,,286607,18,,,1,20,,286608,22,0,37 38 9,1,5,,286609,18,,,1,20,,286610,18,,,1,65,,286611,22,0,37 38 9,1,5,,286612,18,,,1,20,,286613,18,,,1,70,,286614,22,0,37 38 9,1,20,,286615,21,0,31 38 9,1,25,,286616,18,,,1,75,,286617,21,0,31 38 9,1,30,,286618,19,0,52 38 9,1,60,,286619,21,0,31 38 9,1,35,,286620,18,,,1,70,,286621,18,,,1,80,,286622,19,0,52 38 9,1,10,,286623,18,,,1,30,,286624,21,0,31 38 9,1,60,,286625,18,,,1,30,,286626,18,,,1,20,,286627,18,,,1,65,,286629,21,0,31 38 9,1,15,,286628,19,0,52 38 9,1,15,,286630,18,,,1,55,,286631,18,,,1,10,,286632,18,,,1,20,,286633,22,0,37 38 9,1,5,,286634,18,,,1,10,,286635,18,,,1,55,,286636,18,,,1,5,,286638,18,,,1,15,,286637,22,0,37 38 9,1,10,,286639,18,,,1,15,,286640,18,,,1,65,,286641,22,0,37 38 9,1,15,,286642,18,,,1,25,,286643,18,,,1,80,,286644,22,0,37 38 9,1,20,,286645,18,,,1,100,,286646,18,,,1,100,,286647,21,0,31 38 9,1,95,,286648,18,,,1,95,,286649,21,0,31 38 9,1,200,,286650,21,0,31 38 9,1
4001,'20261104',543,,286651,21,0,31 38 9,1,105,,286652,21,0,31 38 9,1,75,,286653,18,,,1,30,,286654,21,0,31 38 9,1,60,,286655,18,,,1,20,,286656,18,,,1,15,,286657,18,,,1,55,,286658,18,,,1,20,,286659,22,0,37 38 9,1,5,,286660,18,,,1,20,,286661,18,,,1,65,,286662,22,0,37 38 9,1,5,,286663,18,,,1,20,,286664,18,,,1,70,,286665,22,0,37 38 9,1,20,,286666,21,0,31 38 9,1,25,,286667,18,,,1,75,,286668,21,0,31 38 9,1,30,,286669,19,0,52 38 9,1,60,,286670,21,0,31 38 9,1,35,,286671,18,,,1,70,,286672,18,,,1,80,,286673,19,0,52 38 9,1,10,,286674,18,,,1,30,,286675,21,0,31 38 9,1,60,,286676,18,,,1,30,,286677,18,,,1,20,,286678,18,,,1,65,,286680,21,0,31 38 9,1,15,,286679,19,0,52 38 9,1,15,,286681,18,,,1,55,,286682,18,,,1,10,,286683,18,,,1,20,,286684,22,0,37 38 9,1,5,,286685,18,,,1,10,,286686,18,,,1,55,,286687,18,,,1,5,,286689,18,,,1,15,,286688,22,0,37 38 9,1,10,,286690,18,,,1,15,,286691,18,,,1,65,,286692,22,0,37 38 9,1,15,,286693,18,,,1,25,,286694,18,,,1,80,,286695,22,0,37 38 9,1,20,,286696,18,,,1,100,,286697,18,,,1,100,,286698,21,0,31 38 9,1,95,,286699,18,,,1,95,,286700,21,0,31 38 9,1,200,,286701,21,0,31 38 9,1
4001,'20261105',543,,286702,21,0,31 38 9,1,105,,286703,21,0,31 38 9,1,75,,286704,18,,,1,30,,286705,21,0,31 38 9,1,60,,286706,18,,,1,20,,286707,18,,,1,15,,286708,18,,,1,55,,286709,18,,,1,20,,286710,22,0,37 38 9,1,5,,286711,18,,,1,20,,286712,18,,,1,65,,286713,22,0,37 38 9,1,5,,286714,18,,,1,20,,286715,18,,,1,70,,286716,22,0,37 38 9,1,20,,286717,21,0,31 38 9,1,25,,286718,18,,,1,75,,286719,21,0,31 38 9,1,30,,286720,19,0,52 38 9,1,60,,286721,21,0,31 38 9,1,35,,286722,18,,,1,70,,286723,18,,,1,80,,286724,19,0,52 38 9,1,10,,286725,18,,,1,30,,286726,21,0,31 38 9,1,60,,286727,18,,,1,30,,286728,18,,,1,20,,286729,18,,,1,65,,286731,21,0,31 38 9,1,15,,286730,19,0,52 38 9,1,15,,286732,18,,,1,55,,286733,18,,,1,10,,286734,18,,,1,20,,286735,22,0,37 38 9,1,5,,286736,18,,,1,10,,286737,18,,,1,55,,286738,18,,,1,5,,286740,18,,,1,15,,286739,22,0,37 38 9,1,10,,286741,18,,,1,15,,286742,18,,,1,65,,286743,22,0,37 38 9,1,15,,286744,18,,,1,25,,286745,18,,,1,80,,286746,22,0,37 38 9,1,20,,286747,18,,,1,100,,286748,18,,,1,100,,286749,21,0,31 38 9,1,95,,286750,18,,,1,95,,286751,21,0,31 38 9,1,200,,286752,21,0,31 38 9,1
4001,'20261106',543,,286753,21,0,31 38 9,1,105,,286754,21,0,31 38 9,1,75,,286755,18,,,1,30,,286756,21,0,31 38 9,1,60,,286757,18,,,1,20,,286758,18,,,1,15,,286759,18,,,1,55,,286760,18,,,1,20,,286761,22,0,37 38 9,1,5,,286762,18,,,1,20,,286763,18,,,1,65,,286764,22,0,37 38 9,1,5,,286765,18,,,1,20,,286766,18,,,1,70,,286767,22,0,37 38 9,1,20,,286768,21,0,31 38 9,1,25,,286769,18,,,1,75,,286770,21,0,31 38 9,1,30,,286771,19,0,52 38 9,1,60,,286772,21,0,31 38 9,1,35,,286773,18,,,1,70,,286774,18,,,1,80,,286775,19,0,52 38 9,1,10,,286776,18,,,1,30,,286777,21,0,31 38 9,1,60,,286778,18,,,1,30,,286779,18,,,1,20,,286780,18,,,1,65,,286782,21,0,31 38 9,1,15,,286781,19,0,52 38 9,1,15,,286783,18,,,1,55,,286784,18,,,1,10,,286785,18,,,1,20,,286786,22,0,37 38 9,1,5,,286787,18,,,1,10,,286788,18,,,1,55,,286789,18,,,1,5,,286791,18,,,1,15,,286790,22,0,37 38 9,1,10,,286792,18,,,1,15,,286793,18,,,1,65,,286794,22,0,37 38 9,1,15,,286795,18,,,1,25,,286796,18,,,1,80,,286797,22,0,37 38 9,1,20,,286798,18,,,1,100,,286799,18,,,1,100,,286800,21,0,31 38 9,1,95,,286801,18,,,1,95,,286802,21,0,31 38 9,1,200,,286803,21,0,31 38 9,1
4001,'20261107',543,,286804,21,0,31 38 9,1,200,,286805,21,0,31 38 9,1,105,,286806,18,,,1,75,,286807,18,,,1,30,,286808,21,0,31 38 9,1,70,,286809,18,,,1,30,,286810,21,0,31 38 9,1,70,,286811,18,,,1,30,,286812,21,0,31 38 9,1,75,,286813,18,,,1,30,,286814,21,0,31 38 9,1,70,,286815,18,,,1,30,,286816,21,0,31 38 9,1,70,,286817,18,,,1,30,,286818,21,0,31 38 9,1,70,,286819,18,,,1,30,,286820,18,,,1,60,,286821,18,,,1,20,,286822,18,,,1,20,,286823,21,0,31 38 9,1,60,,286824,18,,,1,20,,286825,18,,,1,20,,286826,18,,,1,60,,286827,18,,,1,20,,286828,18,,,1,20,,286829,21,0,31 38 9,1,60,,286830,18,,,1,20,,286831,18,,,1,15,,286832,21,0,31 38 9,1,60,,286833,18,,,1,20,,286834,18,,,1,20,,286835,18,,,1,70,,286836,18,,,1,30,,286837,21,0,31 38 9,1,95,,286838,18,,,1,100,,286839,21,0,31 38 9,1,100,,286840,18,,,1,95,,286841,21,0,31 38 9,1,200,,286842,21,0,31 38 9,1
4001,'20261108',543,,286843,21,0,31 38 9,1,200,,286844,21,0,31 38 9,1,105,,286845,18,,,1,75,,286846,18,,,1,30,,286847,21,0,31 38 9,1,70,,286848,18,,,1,30,,286849,21,0,31 38 9,1,70,,286850,18,,,1,30,,286851,21,0,31 38 9,1,75,,286852,18,,,1,30,,286853,21,0,31 38 9,1,70,,286854,18,,,1,30,,286855,21,0,31 38 9,1,70,,286856,18,,,1,30,,286857,21,0,31 38 9,1,70,,286858,18,,,1,30,,286859,18,,,1,60,,286860,18,,,1,20,,286861,18,,,1,20,,286862,21,0,31 38 9,1,60,,286863,18,,,1,20,,286864,18,,,1,20,,286865,18,,,1,60,,286866,18,,,1,20,,286867,18,,,1,20,,286868,21,0,31 38 9,1,60,,286869,18,,,1,20,,286870,18,,,1,15,,286871,21,0,31 38 9,1,60,,286872,18,,,1,20,,286873,18,,,1,20,,286874,18,,,1,70,,286875,18,,,1,30,,286876,21,0,31 38 9,1,95,,286877,18,,,1,100,,286878,21,0,31 38 9,1,100,,286879,18,,,1,95,,286880,21,0,31 38 9,1,200,,286881,21,0,31 38 9,1
4001,'20261109',543,,286882,21,0,31 38 9,1,105,,286883,21,0,31 38 9,1,75,,286884,18,,,1,30,,286885,21,0,31 38 9,1,60,,286886,18,,,1,20,,286887,18,,,1,15,,286888,18,,,1,55,,286889,18,,,1,20,,286890,22,0,37 38 9,1,5,,286891,18,,,1,20,,286892,18,,,1,65,,286893,22,0,37 38 9,1,5,,286894,18,,,1,20,,286895,18,,,1,70,,286896,22,0,37 38 9,1,20,,286897,21,0,31 38 9,1,25,,286898,18,,,1,75,,286899,21,0,31 38 9,1,30,,286900,19,0,52 38 9,1,60,,286901,21,0,31 38 9,1,35,,286902,18,,,1,70,,286903,18,,,1,80,,286904,19,0,52 38 9,1,10,,286905,18,,,1,30,,286906,21,0,31 38 9,1,60,,286907,18,,,1,30,,286908,18,,,1,20,,286909,18,,,1,65,,286911,21,0,31 38 9,1,15,,286910,19,0,52 38 9,1,15,,286912,18,,,1,55,,286913,18,,,1,10,,286914,18,,,1,20,,286915,22,0,37 38 9,1,5,,286916,18,,,1,10,,286917,18,,,1,55,,286918,18,,,1,5,,286920,18,,,1,15,,286919,22,0,37 38 9,1,10,,286921,18,,,1,15,,286922,18,,,1,65,,286923,22,0,37 38 9,1,15,,286924,18,,,1,25,,286925,18,,,1,80,,286926,22,0,37 38 9,1,20,,286927,18,,,1,100,,286928,18,,,1,100,,286929,21,0,31 38 9,1,95,,286930,18,,,1,95,,286931,21,0,31 38 9,1,200,,286932,21,0,31 38 9,1
4001,'20261110',543,,286933,21,0,31 38 9,1,105,,286934,21,0,31 38 9,1,75,,286935,18,,,1,30,,286936,21,0,31 38 9,1,60,,286937,18,,,1,20,,286938,18,,,1,15,,286939,18,,,1,55,,286940,18,,,1,20,,286941,22,0,37 38 9,1,5,,286942,18,,,1,20,,286943,18,,,1,65,,286944,22,0,37 38 9,1,5,,286945,18,,,1,20,,286946,18,,,1,70,,286947,22,0,37 38 9,1,20,,286948,21,0,31 38 9,1,25,,286949,18,,,1,75,,286950,21,0,31 38 9,1,30,,286951,19,0,52 38 9,1,60,,286952,21,0,31 38 9,1,35,,286953,18,,,1,70,,286954,18,,,1,80,,286955,19,0,52 38 9,1,10,,286956,18,,,1,30,,286957,21,0,31 38 9,1,60,,286958,18,,,1,30,,286959,18,,,1,20,,286960,18,,,1,65,,286962,21,0,31 38 9,1,15,,286961,19,0,52 38 9,1,15,,286963,18,,,1,55,,286964,18,,,1,10,,286965,18,,,1,20,,286966,22,0,37 38 9,1,5,,286967,18,,,1,10,,286968,18,,,1,55,,286969,18,,,1,5,,286971,18,,,1,15,,286970,22,0,37 38 9,1,10,,286972,18,,,1,15,,286973,18,,,1,65,,286974,22,0,37 38 9,1,15,,286975,18,,,1,25,,286976,18,,,1,80,,286977,22,0,37 38 9,1,20,,286978,18,,,1,100,,286979,18,,,1,100,,286980,21,0,31 38 9,1,95,,286981,18,,,1,95,,286982,21,0,31 38 9,1,200,,286983,21,0,31 38 9,1
4001,'20261111',543,,286984,21,0,31 38 9,1,105,,286985,21,0,31 38 9,1,75,,286986,18,,,1,30,,286987,21,0,31 38 9,1,60,,286988,18,,,1,20,,286989,18,,,1,15,,286990,18,,,1,55,,286991,18,,,1,20,,286992,22,0,37 38 9,1,5,,286993,18,,,1,20,,286994,18,,,1,65,,286995,22,0,37 38 9,1,5,,286996,18,,,1,20,,286997,18,,,1,70,,286998,22,0,37 38 9,1,20,,286999,21,0,31 38 9,1,25,,287000,18,,,1,75,,287001,21,0,31 38 9,1,30,,287002,19,0,52 38 9,1,60,,287003,21,0,31 38 9,1,35,,287004,18,,,1,70,,287005,18,,,1,80,,287006,19,0,52 38 9,1,10,,287007,18,,,1,30,,287008,21,0,31 38 9,1,60,,287009,18,,,1,30,,287010,18,,,1,20,,287011,18,,,1,65,,287013,21,0,31 38 9,1,15,,287012,19,0,52 38 9,1,15,,287014,18,,,1,55,,287015,18,,,1,10,,287016,18,,,1,20,,287017,22,0,37 38 9,1,5,,287018,18,,,1,10,,287019,18,,,1,55,,287020,18,,,1,5,,287022,18,,,1,15,,287021,22,0,37 38 9,1,10,,287023,18,,,1,15,,287024,18,,,1,65,,287025,22,0,37 38 9,1,15,,287026,18,,,1,25,,287027,18,,,1,80,,287028,22,0,37 38 9,1,20,,287029,18,,,1,100,,287030,18,,,1,100,,287031,21,0,31 38 9,1,95,,287032,18,,,1,95,,287033,21,0,31 38 9,1,200,,287034,21,0,31 38 9,1
4001,'20261112',543,,287035,21,0,31 38 9,1,105,,287036,21,0,31 38 9,1,75,,287037,18,,,1,30,,287038,21,0,31 38 9,1,60,,287039,18,,,1,20,,287040,18,,,1,15,,287041,18,,,1,55,,287042,18,,,1,20,,287043,22,0,37 38 9,1,5,,287044,18,,,1,20,,287045,18,,,1,65,,287046,22,0,37 38 9,1,5,,287047,18,,,1,20,,287048,18,,,1,70,,287049,22,0,37 38 9,1,20,,287050,21,0,31 38 9,1,25,,287051,18,,,1,75,,287052,21,0,31 38 9,1,30,,287053,19,0,52 38 9,1,60,,287054,21,0,31 38 9,1,35,,287055,18,,,1,70,,287056,18,,,1,80,,287057,19,0,52 38 9,1,10,,287058,18,,,1,30,,287059,21,0,31 38 9,1,60,,287060,18,,,1,30,,287061,18,,,1,20,,287062,18,,,1,65,,287064,21,0,31 38 9,1,15,,287063,19,0,52 38 9,1,15,,287065,18,,,1,55,,287066,18,,,1,10,,287067,18,,,1,20,,287068,22,0,37 38 9,1,5,,287069,18,,,1,10,,287070,18,,,1,55,,287071,18,,,1,5,,287073,18,,,1,15,,287072,22,0,37 38 9,1,10,,287074,18,,,1,15,,287075,18,,,1,65,,287076,22,0,37 38 9,1,15,,287077,18,,,1,25,,287078,18,,,1,80,,287079,22,0,37 38 9,1,20,,287080,18,,,1,100,,287081,18,,,1,100,,287082,21,0,31 38 9,1,95,,287083,18,,,1,95,,287084,21,0,31 38 9,1,200,,287085,21,0,31 38 9,1
4001,'20261113',543,,287086,21,0,31 38 9,1,105,,287087,21,0,31 38 9,1,75,,287088,18,,,1,30,,287089,21,0,31 38 9,1,60,,287090,18,,,1,20,,287091,18,,,1,15,,287092,18,,,1,55,,287093,18,,,1,20,,287094,22,0,37 38 9,1,5,,287095,18,,,1,20,,287096,18,,,1,65,,287097,22,0,37 38 9,1,5,,287098,18,,,1,20,,287099,18,,,1,70,,287100,22,0,37 38 9,1,20,,287101,21,0,31 38 9,1,25,,287102,18,,,1,75,,287103,21,0,31 38 9,1,30,,287104,19,0,52 38 9,1,60,,287105,21,0,31 38 9,1,35,,287106,18,,,1,70,,287107,18,,,1,80,,287108,19,0,52 38 9,1,10,,287109,18,,,1,30,,287110,21,0,31 38 9,1,60,,287111,18,,,1,30,,287112,18,,,1,20,,287113,18,,,1,65,,287115,21,0,31 38 9,1,15,,287114,19,0,52 38 9,1,15,,287116,18,,,1,55,,287117,18,,,1,10,,287118,18,,,1,20,,287119,22,0,37 38 9,1,5,,287120,18,,,1,10,,287121,18,,,1,55,,287122,18,,,1,5,,287124,18,,,1,15,,287123,22,0,37 38 9,1,10,,287125,18,,,1,15,,287126,18,,,1,65,,287127,22,0,37 38 9,1,15,,287128,18,,,1,25,,287129,18,,,1,80,,287130,22,0,37 38 9,1,20,,287131,18,,,1,100,,287132,18,,,1,100,,287133,21,0,31 38 9,1,95,,287134,18,,,1,95,,287135,21,0,31 38 9,1,200,,287136,21,0,31 38 9,1
4001,'20261114',543,,287137,21,0,31 38 9,1,200,,287138,21,0,31 38 9,1,105,,287139,18,,,1,75,,287140,18,,,1,30,,287141,21,0,31 38 9,1,70,,287142,18,,,1,30,,287143,21,0,31 38 9,1,70,,287144,18,,,1,30,,287145,21,0,31 38 9,1,75,,287146,18,,,1,30,,287147,21,0,31 38 9,1,70,,287148,18,,,1,30,,287149,21,0,31 38 9,1,70,,287150,18,,,1,30,,287151,21,0,31 38 9,1,70,,287152,18,,,1,30,,287153,18,,,1,60,,287154,18,,,1,20,,287155,18,,,1,20,,287156,21,0,31 38 9,1,60,,287157,18,,,1,20,,287158,18,,,1,20,,287159,18,,,1,60,,287160,18,,,1,20,,287161,18,,,1,20,,287162,21,0,31 38 9,1,60,,287163,18,,,1,20,,287164,18,,,1,15,,287165,21,0,31 38 9,1,60,,287166,18,,,1,20,,287167,18,,,1,20,,287168,18,,,1,70,,287169,18,,,1,30,,287170,21,0,31 38 9,1,95,,287171,18,,,1,100,,287172,21,0,31 38 9,1,100,,287173,18,,,1,95,,287174,21,0,31 38 9,1,200,,287175,21,0,31 38 9,1
4001,'20261115',543,,287176,21,0,31 38 9,1,200,,287177,21,0,31 38 9,1,105,,287178,18,,,1,75,,287179,18,,,1,30,,287180,21,0,31 38 9,1,70,,287181,18,,,1,30,,287182,21,0,31 38 9,1,70,,287183,18,,,1,30,,287184,21,0,31 38 9,1,75,,287185,18,,,1,30,,287186,21,0,31 38 9,1,70,,287187,18,,,1,30,,287188,21,0,31 38 9,1,70,,287189,18,,,1,30,,287190,21,0,31 38 9,1,70,,287191,18,,,1,30,,287192,18,,,1,60,,287193,18,,,1,20,,287194,18,,,1,20,,287195,21,0,31 38 9,1,60,,287196,18,,,1,20,,287197,18,,,1,20,,287198,18,,,1,60,,287199,18,,,1,20,,287200,18,,,1,20,,287201,21,0,31 38 9,1,60,,287202,18,,,1,20,,287203,18,,,1,15,,287204,21,0,31 38 9,1,60,,287205,18,,,1,20,,287206,18,,,1,20,,287207,18,,,1,70,,287208,18,,,1,30,,287209,21,0,31 38 9,1,95,,287210,18,,,1,100,,287211,21,0,31 38 9,1,100,,287212,18,,,1,95,,287213,21,0,31 38 9,1,200,,287214,21,0,31 38 9,1
4001,'20261116',543,,287215,21,0,31 38 9,1,105,,287216,21,0,31 38 9,1,75,,287217,18,,,1,30,,287218,21,0,31 38 9,1,60,,287219,18,,,1,20,,287220,18,,,1,15,,287221,18,,,1,55,,287222,18,,,1,20,,287223,22,0,37 38 9,1,5,,287224,18,,,1,20,,287225,18,,,1,65,,287226,22,0,37 38 9,1,5,,287227,18,,,1,20,,287228,18,,,1,70,,287229,22,0,37 38 9,1,20,,287230,21,0,31 38 9,1,25,,287231,18,,,1,75,,287232,21,0,31 38 9,1,30,,287233,19,0,52 38 9,1,60,,287234,21,0,31 38 9,1,35,,287235,18,,,1,70,,287236,18,,,1,80,,287237,19,0,52 38 9,1,10,,287238,18,,,1,30,,287239,21,0,31 38 9,1,60,,287240,18,,,1,30,,287241,18,,,1,20,,287242,18,,,1,65,,287244,21,0,31 38 9,1,15,,287243,19,0,52 38 9,1,15,,287245,18,,,1,55,,287246,18,,,1,10,,287247,18,,,1,20,,287248,22,0,37 38 9,1,5,,287249,18,,,1,10,,287250,18,,,1,55,,287251,18,,,1,5,,287253,18,,,1,15,,287252,22,0,37 38 9,1,10,,287254,18,,,1,15,,287255,18,,,1,65,,287256,22,0,37 38 9,1,15,,287257,18,,,1,25,,287258,18,,,1,80,,287259,22,0,37 38 9,1,20,,287260,18,,,1,100,,287261,18,,,1,100,,287262,21,0,31 38 9,1,95,,287263,18,,,1,95,,287264,21,0,31 38 9,1,200,,287265,21,0,31 38 9,1
4001,'20261117',543,,287266,21,0,31 38 9,1,105,,287267,21,0,31 38 9,1,75,,287268,18,,,1,30,,287269,21,0,31 38 9,1,60,,287270,18,,,1,20,,287271,18,,,1,15,,287272,18,,,1,55,,287273,18,,,1,20,,287274,22,0,37 38 9,1,5,,287275,18,,,1,20,,287276,18,,,1,65,,287277,22,0,37 38 9,1,5,,287278,18,,,1,20,,287279,18,,,1,70,,287280,22,0,37 38 9,1,20,,287281,21,0,31 38 9,1,25,,287282,18,,,1,75,,287283,21,0,31 38 9,1,30,,287284,19,0,52 38 9,1,60,,287285,21,0,31 38 9,1,35,,287286,18,,,1,70,,287287,18,,,1,80,,287288,19,0,52 38 9,1,10,,287289,18,,,1,30,,287290,21,0,31 38 9,1,60,,287291,18,,,1,30,,287292,18,,,1,20,,287293,18,,,1,65,,287295,21,0,31 38 9,1,15,,287294,19,0,52 38 9,1,15,,287296,18,,,1,55,,287297,18,,,1,10,,287298,18,,,1,20,,287299,22,0,37 38 9,1,5,,287300,18,,,1,10,,287301,18,,,1,55,,287302,18,,,1,5,,287304,18,,,1,15,,287303,22,0,37 38 9,1,10,,287305,18,,,1,15,,287306,18,,,1,65,,287307,22,0,37 38 9,1,15,,287308,18,,,1,25,,287309,18,,,1,80,,287310,22,0,37 38 9,1,20,,287311,18,,,1,100,,287312,18,,,1,100,,287313,21,0,31 38 9,1,95,,287314,18,,,1,95,,287315,21,0,31 38 9,1,200,,287316,21,0,31 38 9,1
4001,'20261118',543,,287317,21,0,31 38 9,1,105,,287318,21,0,31 38 9,1,75,,287319,18,,,1,30,,287320,21,0,31 38 9,1,60,,287321,18,,,1,20,,287322,18,,,1,15,,287323,18,,,1,55,,287324,18,,,1,20,,287325,22,0,37 38 9,1,5,,287326,18,,,1,20,,287327,18,,,1,65,,287328,22,0,37 38 9,1,5,,287329,18,,,1,20,,287330,18,,,1,70,,287331,22,0,37 38 9,1,20,,287332,21,0,31 38 9,1,25,,287333,18,,,1,75,,287334,21,0,31 38 9,1,30,,287335,19,0,52 38 9,1,60,,287336,21,0,31 38 9,1,35,,287337,18,,,1,70,,287338,18,,,1,80,,287339,19,0,52 38 9,1,10,,287340,18,,,1,30,,287341,21,0,31 38 9,1,60,,287342,18,,,1,30,,287343,18,,,1,20,,287344,18,,,1,65,,287346,21,0,31 38 9,1,15,,287345,19,0,52 38 9,1,15,,287347,18,,,1,55,,287348,18,,,1,10,,287349,18,,,1,20,,287350,22,0,37 38 9,1,5,,287351,18,,,1,10,,287352,18,,,1,55,,287353,18,,,1,5,,287355,18,,,1,15,,287354,22,0,37 38 9,1,10,,287356,18,,,1,15,,287357,18,,,1,65,,287358,22,0,37 38 9,1,15,,287359,18,,,1,25,,287360,18,,,1,80,,287361,22,0,37 38 9,1,20,,287362,18,,,1,100,,287363,18,,,1,100,,287364,21,0,31 38 9,1,95,,287365,18,,,1,95,,287366,21,0,31 38 9,1,200,,287367,21,0,31 38 9,1
4001,'20261119',543,,287368,21,0,31 38 9,1,105,,287369,21,0,31 38 9,1,75,,287370,18,,,1,30,,287371,21,0,31 38 9,1,60,,287372,18,,,1,20,,287373,18,,,1,15,,287374,18,,,1,55,,287375,18,,,1,20,,287376,22,0,37 38 9,1,5,,287377,18,,,1,20,,287378,18,,,1,65,,287379,22,0,37 38 9,1,5,,287380,18,,,1,20,,287381,18,,,1,70,,287382,22,0,37 38 9,1,20,,287383,21,0,31 38 9,1,25,,287384,18,,,1,75,,287385,21,0,31 38 9,1,30,,287386,19,0,52 38 9,1,60,,287387,21,0,31 38 9,1,35,,287388,18,,,1,70,,287389,18,,,1,80,,287390,19,0,52 38 9,1,10,,287391,18,,,1,30,,287392,21,0,31 38 9,1,60,,287393,18,,,1,30,,287394,18,,,1,20,,287395,18,,,1,65,,287397,21,0,31 38 9,1,15,,287396,19,0,52 38 9,1,15,,287398,18,,,1,55,,287399,18,,,1,10,,287400,18,,,1,20,,287401,22,0,37 38 9,1,5,,287402,18,,,1,10,,287403,18,,,1,55,,287404,18,,,1,5,,287406,18,,,1,15,,287405,22,0,37 38 9,1,10,,287407,18,,,1,15,,287408,18,,,1,65,,287409,22,0,37 38 9,1,15,,287410,18,,,1,25,,287411,18,,,1,80,,287412,22,0,37 38 9,1,20,,287413,18,,,1,100,,287414,18,,,1,100,,287415,21,0,31 38 9,1,95,,287416,18,,,1,95,,287417,21,0,31 38 9,1,200,,287418,21,0,31 38 9,1
4001,'20261120',543,,287419,21,0,31 38 9,1,105,,287420,21,0,31 38 9,1,75,,287421,18,,,1,30,,287422,21,0,31 38 9,1,60,,287423,18,,,1,20,,287424,18,,,1,15,,287425,18,,,1,55,,287426,18,,,1,20,,287427,22,0,37 38 9,1,5,,287428,18,,,1,20,,287429,18,,,1,65,,287430,22,0,37 38 9,1,5,,287431,18,,,1,20,,287432,18,,,1,70,,287433,22,0,37 38 9,1,20,,287434,21,0,31 38 9,1,25,,287435,18,,,1,75,,287436,21,0,31 38 9,1,30,,287437,19,0,52 38 9,1,60,,287438,21,0,31 38 9,1,35,,287439,18,,,1,70,,287440,18,,,1,80,,287441,19,0,52 38 9,1,10,,287442,18,,,1,30,,287443,21,0,31 38 9,1,60,,287444,18,,,1,30,,287445,18,,,1,20,,287446,18,,,1,65,,287448,21,0,31 38 9,1,15,,287447,19,0,52 38 9,1,15,,287449,18,,,1,55,,287450,18,,,1,10,,287451,18,,,1,20,,287452,22,0,37 38 9,1,5,,287453,18,,,1,10,,287454,18,,,1,55,,287455,18,,,1,5,,287457,18,,,1,15,,287456,22,0,37 38 9,1,10,,287458,18,,,1,15,,287459,18,,,1,65,,287460,22,0,37 38 9,1,15,,287461,18,,,1,25,,287462,18,,,1,80,,287463,22,0,37 38 9,1,20,,287464,18,,,1,100,,287465,18,,,1,100,,287466,21,0,31 38 9,1,95,,287467,18,,,1,95,,287468,21,0,31 38 9,1,200,,287469,21,0,31 38 9,1
4001,'20261121',543,,287470,21,0,31 38 9,1,200,,287471,21,0,31 38 9,1,105,,287472,18,,,1,75,,287473,18,,,1,30,,287474,21,0,31 38 9,1,70,,287475,18,,,1,30,,287476,21,0,31 38 9,1,70,,287477,18,,,1,30,,287478,21,0,31 38 9,1,75,,287479,18,,,1,30,,287480,21,0,31 38 9,1,70,,287481,18,,,1,30,,287482,21,0,31 38 9,1,70,,287483,18,,,1,30,,287484,21,0,31 38 9,1,70,,287485,18,,,1,30,,287486,18,,,1,60,,287487,18,,,1,20,,287488,18,,,1,20,,287489,21,0,31 38 9,1,60,,287490,18,,,1,20,,287491,18,,,1,20,,287492,18,,,1,60,,287493,18,,,1,20,,287494,18,,,1,20,,287495,21,0,31 38 9,1,60,,287496,18,,,1,20,,287497,18,,,1,15,,287498,21,0,31 38 9,1,60,,287499,18,,,1,20,,287500,18,,,1,20,,287501,18,,,1,70,,287502,18,,,1,30,,287503,21,0,31 38 9,1,95,,287504,18,,,1,100,,287505,21,0,31 38 9,1,100,,287506,18,,,1,95,,287507,21,0,31 38 9,1,200,,287508,21,0,31 38 9,1
4001,'20261122',543,,287509,21,0,31 38 9,1,200,,287510,21,0,31 38 9,1,105,,287511,18,,,1,75,,287512,18,,,1,30,,287513,21,0,31 38 9,1,70,,287514,18,,,1,30,,287515,21,0,31 38 9,1,70,,287516,18,,,1,30,,287517,21,0,31 38 9,1,75,,287518,18,,,1,30,,287519,21,0,31 38 9,1,70,,287520,18,,,1,30,,287521,21,0,31 38 9,1,70,,287522,18,,,1,30,,287523,21,0,31 38 9,1,70,,287524,18,,,1,30,,287525,18,,,1,60,,287526,18,,,1,20,,287527,18,,,1,20,,287528,21,0,31 38 9,1,60,,287529,18,,,1,20,,287530,18,,,1,20,,287531,18,,,1,60,,287532,18,,,1,20,,287533,18,,,1,20,,287534,21,0,31 38 9,1,60,,287535,18,,,1,20,,287536,18,,,1,15,,287537,21,0,31 38 9,1,60,,287538,18,,,1,20,,287539,18,,,1,20,,287540,18,,,1,70,,287541,18,,,1,30,,287542,21,0,31 38 9,1,95,,287543,18,,,1,100,,287544,21,0,31 38 9,1,100,,287545,18,,,1,95,,287546,21,0,31 38 9,1,200,,287547,21,0,31 38 9,1
4001,'20261123',543,,287548,21,0,31 38 9,1,105,,287549,21,0,31 38 9,1,75,,287550,18,,,1,30,,287551,21,0,31 38 9,1,60,,287552,18,,,1,20,,287553,18,,,1,15,,287554,18,,,1,55,,287555,18,,,1,20,,287556,22,0,37 38 9,1,5,,287557,18,,,1,20,,287558,18,,,1,65,,287559,22,0,37 38 9,1,5,,287560,18,,,1,20,,287561,18,,,1,70,,287562,22,0,37 38 9,1,20,,287563,21,0,31 38 9,1,25,,287564,18,,,1,75,,287565,21,0,31 38 9,1,30,,287566,19,0,52 38 9,1,60,,287567,21,0,31 38 9,1,35,,287568,18,,,1,70,,287569,18,,,1,80,,287570,19,0,52 38 9,1,10,,287571,18,,,1,30,,287572,21,0,31 38 9,1,60,,287573,18,,,1,30,,287574,18,,,1,20,,287575,18,,,1,65,,287577,21,0,31 38 9,1,15,,287576,19,0,52 38 9,1,15,,287578,18,,,1,55,,287579,18,,,1,10,,287580,18,,,1,20,,287581,22,0,37 38 9,1,5,,287582,18,,,1,10,,287583,18,,,1,55,,287584,18,,,1,5,,287586,18,,,1,15,,287585,22,0,37 38 9,1,10,,287587,18,,,1,15,,287588,18,,,1,65,,287589,22,0,37 38 9,1,15,,287590,18,,,1,25,,287591,18,,,1,80,,287592,22,0,37 38 9,1,20,,287593,18,,,1,100,,287594,18,,,1,100,,287595,21,0,31 38 9,1,95,,287596,18,,,1,95,,287597,21,0,31 38 9,1,200,,287598,21,0,31 38 9,1
4001,'20261124',543,,287599,21,0,31 38 9,1,105,,287600,21,0,31 38 9,1,75,,287601,18,,,1,30,,287602,21,0,31 38 9,1,60,,287603,18,,,1,20,,287604,18,,,1,15,,287605,18,,,1,55,,287606,18,,,1,20,,287607,22,0,37 38 9,1,5,,287608,18,,,1,20,,287609,18,,,1,65,,287610,22,0,37 38 9,1,5,,287611,18,,,1,20,,287612,18,,,1,70,,287613,22,0,37 38 9,1,20,,287614,21,0,31 38 9,1,25,,287615,18,,,1,75,,287616,21,0,31 38 9,1,30,,287617,19,0,52 38 9,1,60,,287618,21,0,31 38 9,1,35,,287619,18,,,1,70,,287620,18,,,1,80,,287621,19,0,52 38 9,1,10,,287622,18,,,1,30,,287623,21,0,31 38 9,1,60,,287624,18,,,1,30,,287625,18,,,1,20,,287626,18,,,1,65,,287628,21,0,31 38 9,1,15,,287627,19,0,52 38 9,1,15,,287629,18,,,1,55,,287630,18,,,1,10,,287631,18,,,1,20,,287632,22,0,37 38 9,1,5,,287633,18,,,1,10,,287634,18,,,1,55,,287635,18,,,1,5,,287637,18,,,1,15,,287636,22,0,37 38 9,1,10,,287638,18,,,1,15,,287639,18,,,1,65,,287640,22,0,37 38 9,1,15,,287641,18,,,1,25,,287642,18,,,1,80,,287643,22,0,37 38 9,1,20,,287644,18,,,1,100,,287645,18,,,1,100,,287646,21,0,31 38 9,1,95,,287647,18,,,1,95,,287648,21,0,31 38 9,1,200,,287649,21,0,31 38 9,1
4001,'20261125',543,,287650,21,0,31 38 9,1,105,,287651,21,0,31 38 9,1,75,,287652,18,,,1,30,,287653,21,0,31 38 9,1,60,,287654,18,,,1,20,,287655,18,,,1,15,,287656,18,,,1,55,,287657,18,,,1,20,,287658,22,0,37 38 9,1,5,,287659,18,,,1,20,,287660,18,,,1,65,,287661,22,0,37 38 9,1,5,,287662,18,,,1,20,,287663,18,,,1,70,,287664,22,0,37 38 9,1,20,,287665,21,0,31 38 9,1,25,,287666,18,,,1,75,,287667,21,0,31 38 9,1,30,,287668,19,0,52 38 9,1,60,,287669,21,0,31 38 9,1,35,,287670,18,,,1,70,,287671,18,,,1,80,,287672,19,0,52 38 9,1,10,,287673,18,,,1,30,,287674,21,0,31 38 9,1,60,,287675,18,,,1,30,,287676,18,,,1,20,,287677,18,,,1,65,,287679,21,0,31 38 9,1,15,,287678,19,0,52 38 9,1,15,,287680,18,,,1,55,,287681,18,,,1,10,,287682,18,,,1,20,,287683,22,0,37 38 9,1,5,,287684,18,,,1,10,,287685,18,,,1,55,,287686,18,,,1,5,,287688,18,,,1,15,,287687,22,0,37 38 9,1,10,,287689,18,,,1,15,,287690,18,,,1,65,,287691,22,0,37 38 9,1,15,,287692,18,,,1,25,,287693,18,,,1,80,,287694,22,0,37 38 9,1,20,,287695,18,,,1,100,,287696,18,,,1,100,,287697,21,0,31 38 9,1,95,,287698,18,,,1,95,,287699,21,0,31 38 9,1,200,,287700,21,0,31 38 9,1
4001,'20261126',543,,287701,21,0,31 38 9,1,105,,287702,21,0,31 38 9,1,75,,287703,18,,,1,30,,287704,21,0,31 38 9,1,60,,287705,18,,,1,20,,287706,18,,,1,15,,287707,18,,,1,55,,287708,18,,,1,20,,287709,22,0,37 38 9,1,5,,287710,18,,,1,20,,287711,18,,,1,65,,287712,22,0,37 38 9,1,5,,287713,18,,,1,20,,287714,18,,,1,70,,287715,22,0,37 38 9,1,20,,287716,21,0,31 38 9,1,25,,287717,18,,,1,75,,287718,21,0,31 38 9,1,30,,287719,19,0,52 38 9,1,60,,287720,21,0,31 38 9,1,35,,287721,18,,,1,70,,287722,18,,,1,80,,287723,19,0,52 38 9,1,10,,287724,18,,,1,30,,287725,21,0,31 38 9,1,60,,287726,18,,,1,30,,287727,18,,,1,20,,287728,18,,,1,65,,287730,21,0,31 38 9,1,15,,287729,19,0,52 38 9,1,15,,287731,18,,,1,55,,287732,18,,,1,10,,287733,18,,,1,20,,287734,22,0,37 38 9,1,5,,287735,18,,,1,10,,287736,18,,,1,55,,287737,18,,,1,5,,287739,18,,,1,15,,287738,22,0,37 38 9,1,10,,287740,18,,,1,15,,287741,18,,,1,65,,287742,22,0,37 38 9,1,15,,287743,18,,,1,25,,287744,18,,,1,80,,287745,22,0,37 38 9,1,20,,287746,18,,,1,100,,287747,18,,,1,100,,287748,21,0,31 38 9,1,95,,287749,18,,,1,95,,287750,21,0,31 38 9,1,200,,287751,21,0,31 38 9,1
4001,'20261127',543,,287752,21,0,31 38 9,1,105,,287753,21,0,31 38 9,1,75,,287754,18,,,1,30,,287755,21,0,31 38 9,1,60,,287756,18,,,1,20,,287757,18,,,1,15,,287758,18,,,1,55,,287759,18,,,1,20,,287760,22,0,37 38 9,1,5,,287761,18,,,1,20,,287762,18,,,1,65,,287763,22,0,37 38 9,1,5,,287764,18,,,1,20,,287765,18,,,1,70,,287766,22,0,37 38 9,1,20,,287767,21,0,31 38 9,1,25,,287768,18,,,1,75,,287769,21,0,31 38 9,1,30,,287770,19,0,52 38 9,1,60,,287771,21,0,31 38 9,1,35,,287772,18,,,1,70,,287773,18,,,1,80,,287774,19,0,52 38 9,1,10,,287775,18,,,1,30,,287776,21,0,31 38 9,1,60,,287777,18,,,1,30,,287778,18,,,1,20,,287779,18,,,1,65,,287781,21,0,31 38 9,1,15,,287780,19,0,52 38 9,1,15,,287782,18,,,1,55,,287783,18,,,1,10,,287784,18,,,1,20,,287785,22,0,37 38 9,1,5,,287786,18,,,1,10,,287787,18,,,1,55,,287788,18,,,1,5,,287790,18,,,1,15,,287789,22,0,37 38 9,1,10,,287791,18,,,1,15,,287792,18,,,1,65,,287793,22,0,37 38 9,1,15,,287794,18,,,1,25,,287795,18,,,1,80,,287796,22,0,37 38 9,1,20,,287797,18,,,1,100,,287798,18,,,1,100,,287799,21,0,31 38 9,1,95,,287800,18,,,1,95,,287801,21,0,31 38 9,1,200,,287802,21,0,31 38 9,1
4101,'20260910',805,,292515,31,,,1,32,,292516,24,0,53 38 9,1,78,,292517,31,,,1,25,,292518,31,,,1,85,,292520,31,,,1,23,,292521,31,,,1,70,,292522,31,,,1,30,,292523,31,,,1,65,,292524,31,,,1,35,,292525,31,,,1,79,,292526,31,,,1,75,,292527,31,,,1,30,,292529,31,,,1,70,,292531,31,,,1,25,,292533,24,0,53 38 9,1,25,,292535,31,,,1,70,,292537,31,,,1,78,,292539,24,0,53 38 9,1,25,,292541,31,,,1,85,,292544,24,0,53 38 9,1,40,,292547,31,,,1,65,,292550,31,,,1,30,,292555,31,,,1,63,,292559,31,,,1,20,,292562,31,,,1,30,,292565,31,,,1,80,,292568,31,,,1,85,,292570,31,,,1,15,,292572,31,,,1,65,,292574,31,,,1,25,,292576,31,,,1,95,,292578,31,,,1,85,,292579,31,,,1
4101,'20260911',805,,292580,31,,,1,32,,292581,24,0,53 38 9,1,78,,292582,31,,,1,25,,292583,31,,,1,85,,292585,31,,,1,23,,292586,31,,,1,70,,292587,31,,,1,30,,292588,31,,,1,65,,292589,31,,,1,35,,292590,31,,,1,79,,292591,31,,,1,75,,292592,31,,,1,30,,292594,31,,,1,70,,292596,31,,,1,25,,292598,24,0,53 38 9,1,25,,292600,31,,,1,70,,292602,31,,,1,78,,292604,24,0,53 38 9,1,25,,292606,31,,,1,85,,292609,24,0,53 38 9,1,40,,292612,31,,,1,65,,292615,31,,,1,30,,292620,31,,,1,63,,292624,31,,,1,20,,292627,31,,,1,30,,292630,31,,,1,80,,292633,31,,,1,85,,292635,31,,,1,15,,292637,31,,,1,65,,292639,31,,,1,25,,292641,31,,,1,95,,292643,31,,,1,85,,292644,31,,,1
4101,'20260914',805,,292645,31,,,1,32,,292646,24,0,53 38 9,1,78,,292647,31,,,1,25,,292648,31,,,1,85,,292650,31,,,1,23,,292651,31,,,1,70,,292652,31,,,1,30,,292653,31,,,1,65,,292654,31,,,1,35,,292655,31,,,1,79,,292656,31,,,1,75,,292657,31,,,1,30,,292659,31,,,1,70,,292661,31,,,1,25,,292663,24,0,53 38 9,1,25,,292665,31,,,1,70,,292667,31,,,1,78,,292669,24,0,53 38 9,1,25,,292671,31,,,1,85,,292674,24,0,53 38 9,1,40,,292677,31,,,1,65,,292680,31,,,1,30,,292685,31,,,1,63,,292689,31,,,1,20,,292692,31,,,1,30,,292695,31,,,1,80,,292698,31,,,1,85,,292700,31,,,1,15,,292702,31,,,1,65,,292704,31,,,1,25,,292706,31,,,1,95,,292708,31,,,1,85,,292709,31,,,1
4101,'20260915',805,,292710,31,,,1,32,,292711,24,0,53 38 9,1,78,,292712,31,,,1,25,,292713,31,,,1,85,,292715,31,,,1,23,,292716,31,,,1,70,,292717,31,,,1,30,,292718,31,,,1,65,,292719,31,,,1,35,,292720,31,,,1,79,,292721,31,,,1,75,,292722,31,,,1,30,,292724,31,,,1,70,,292726,31,,,1,25,,292728,24,0,53 38 9,1,25,,292730,31,,,1,70,,292732,31,,,1,78,,292734,24,0,53 38 9,1,25,,292736,31,,,1,85,,292739,24,0,53 38 9,1,40,,292742,31,,,1,65,,292745,31,,,1,30,,292750,31,,,1,63,,292754,31,,,1,20,,292757,31,,,1,30,,292760,31,,,1,80,,292763,31,,,1,85,,292765,31,,,1,15,,292767,31,,,1,65,,292769,31,,,1,25,,292771,31,,,1,95,,292773,31,,,1,85,,292774,31,,,1
4101,'20260916',805,,292775,31,,,1,32,,292776,24,0,53 38 9,1,78,,292777,31,,,1,25,,292778,31,,,1,85,,292780,31,,,1,23,,292781,31,,,1,70,,292782,31,,,1,30,,292783,31,,,1,65,,292784,31,,,1,35,,292785,31,,,1,79,,292786,31,,,1,75,,292787,31,,,1,30,,292789,31,,,1,70,,292791,31,,,1,25,,292793,24,0,53 38 9,1,25,,292795,31,,,1,70,,292797,31,,,1,78,,292799,24,0,53 38 9,1,25,,292801,31,,,1,85,,292804,24,0,53 38 9,1,40,,292807,31,,,1,65,,292810,31,,,1,30,,292815,31,,,1,63,,292819,31,,,1,20,,292822,31,,,1,30,,292825,31,,,1,80,,292828,31,,,1,85,,292830,31,,,1,15,,292832,31,,,1,65,,292834,31,,,1,25,,292836,31,,,1,95,,292838,31,,,1,85,,292839,31,,,1
4101,'20260917',805,,292840,31,,,1,32,,292841,24,0,53 38 9,1,78,,292842,31,,,1,25,,292843,31,,,1,85,,292845,31,,,1,23,,292846,31,,,1,70,,292847,31,,,1,30,,292848,31,,,1,65,,292849,31,,,1,35,,292850,31,,,1,79,,292851,31,,,1,75,,292852,31,,,1,30,,292854,31,,,1,70,,292856,31,,,1,25,,292858,24,0,53 38 9,1,25,,292860,31,,,1,70,,292862,31,,,1,78,,292864,24,0,53 38 9,1,25,,292866,31,,,1,85,,292869,24,0,53 38 9,1,40,,292872,31,,,1,65,,292875,31,,,1,30,,292880,31,,,1,63,,292884,31,,,1,20,,292887,31,,,1,30,,292890,31,,,1,80,,292893,31,,,1,85,,292895,31,,,1,15,,292897,31,,,1,65,,292899,31,,,1,25,,292901,31,,,1,95,,292903,31,,,1,85,,292904,31,,,1
4101,'20260918',805,,292905,31,,,1,32,,292906,24,0,53 38 9,1,78,,292907,31,,,1,25,,292908,31,,,1,85,,292910,31,,,1,23,,292911,31,,,1,70,,292912,31,,,1,30,,292913,31,,,1,65,,292914,31,,,1,35,,292915,31,,,1,79,,292916,31,,,1,75,,292917,31,,,1,30,,292919,31,,,1,70,,292921,31,,,1,25,,292923,24,0,53 38 9,1,25,,292925,31,,,1,70,,292927,31,,,1,78,,292929,24,0,53 38 9,1,25,,292931,31,,,1,85,,292934,24,0,53 38 9,1,40,,292937,31,,,1,65,,292940,31,,,1,30,,292945,31,,,1,63,,292949,31,,,1,20,,292952,31,,,1,30,,292955,31,,,1,80,,292958,31,,,1,85,,292960,31,,,1,15,,292962,31,,,1,65,,292964,31,,,1,25,,292966,31,,,1,95,,292968,31,,,1,85,,292969,31,,,1
4101,'20260921',805,,292970,31,,,1,32,,292971,24,0,53 38 9,1,78,,292972,31,,,1,25,,292973,31,,,1,85,,292975,31,,,1,23,,292976,31,,,1,70,,292977,31,,,1,30,,292978,31,,,1,65,,292979,31,,,1,35,,292980,31,,,1,79,,292981,31,,,1,75,,292982,31,,,1,30,,292984,31,,,1,70,,292986,31,,,1,25,,292988,24,0,53 38 9,1,25,,292990,31,,,1,70,,292992,31,,,1,78,,292994,24,0,53 38 9,1,25,,292996,31,,,1,85,,292999,24,0,53 38 9,1,40,,293002,31,,,1,65,,293005,31,,,1,30,,293010,31,,,1,63,,293014,31,,,1,20,,293017,31,,,1,30,,293020,31,,,1,80,,293023,31,,,1,85,,293025,31,,,1,15,,293027,31,,,1,65,,293029,31,,,1,25,,293031,31,,,1,95,,293033,31,,,1,85,,293034,31,,,1
4101,'20260922',805,,293035,31,,,1,32,,293036,24,0,53 38 9,1,78,,293037,31,,,1,25,,293038,31,,,1,85,,293040,31,,,1,23,,293041,31,,,1,70,,293042,31,,,1,30,,293043,31,,,1,65,,293044,31,,,1,35,,293045,31,,,1,79,,293046,31,,,1,75,,293047,31,,,1,30,,293049,31,,,1,70,,293051,31,,,1,25,,293053,24,0,53 38 9,1,25,,293055,31,,,1,70,,293057,31,,,1,78,,293059,24,0,53 38 9,1,25,,293061,31,,,1,85,,293064,24,0,53 38 9,1,40,,293067,31,,,1,65,,293070,31,,,1,30,,293075,31,,,1,63,,293079,31,,,1,20,,293082,31,,,1,30,,293085,31,,,1,80,,293088,31,,,1,85,,293090,31,,,1,15,,293092,31,,,1,65,,293094,31,,,1,25,,293096,31,,,1,95,,293098,31,,,1,85,,293099,31,,,1
4101,'20260923',805,,293100,31,,,1,32,,293101,24,0,53 38 9,1,78,,293102,31,,,1,25,,293103,31,,,1,85,,293105,31,,,1,23,,293106,31,,,1,70,,293107,31,,,1,30,,293108,31,,,1,65,,293109,31,,,1,35,,293110,31,,,1,79,,293111,31,,,1,75,,293112,31,,,1,30,,293114,31,,,1,70,,293116,31,,,1,25,,293118,24,0,53 38 9,1,25,,293120,31,,,1,70,,293122,31,,,1,78,,293124,24,0,53 38 9,1,25,,293126,31,,,1,85,,293129,24,0,53 38 9,1,40,,293132,31,,,1,65,,293135,31,,,1,30,,293140,31,,,1,63,,293144,31,,,1,20,,293147,31,,,1,30,,293150,31,,,1,80,,293153,31,,,1,85,,293155,31,,,1,15,,293157,31,,,1,65,,293159,31,,,1,25,,293161,31,,,1,95,,293163,31,,,1,85,,293164,31,,,1
4101,'20260924',805,,293165,31,,,1,32,,293166,24,0,53 38 9,1,78,,293167,31,,,1,25,,293168,31,,,1,85,,293170,31,,,1,23,,293171,31,,,1,70,,293172,31,,,1,30,,293173,31,,,1,65,,293174,31,,,1,35,,293175,31,,,1,79,,293176,31,,,1,75,,293177,31,,,1,30,,293179,31,,,1,70,,293181,31,,,1,25,,293183,24,0,53 38 9,1,25,,293185,31,,,1,70,,293187,31,,,1,78,,293189,24,0,53 38 9,1,25,,293191,31,,,1,85,,293194,24,0,53 38 9,1,40,,293197,31,,,1,65,,293200,31,,,1,30,,293205,31,,,1,63,,293209,31,,,1,20,,293212,31,,,1,30,,293215,31,,,1,80,,293218,31,,,1,85,,293220,31,,,1,15,,293222,31,,,1,65,,293224,31,,,1,25,,293226,31,,,1,95,,293228,31,,,1,85,,293229,31,,,1
4101,'20260925',805,,293230,31,,,1,32,,293231,24,0,53 38 9,1,78,,293232,31,,,1,25,,293233,31,,,1,85,,293235,31,,,1,23,,293236,31,,,1,70,,293237,31,,,1,30,,293238,31,,,1,65,,293239,31,,,1,35,,293240,31,,,1,79,,293241,31,,,1,75,,293242,31,,,1,30,,293244,31,,,1,70,,293246,31,,,1,25,,293248,24,0,53 38 9,1,25,,293250,31,,,1,70,,293252,31,,,1,78,,293254,24,0,53 38 9,1,25,,293256,31,,,1,85,,293259,24,0,53 38 9,1,40,,293262,31,,,1,65,,293265,31,,,1,30,,293270,31,,,1,63,,293274,31,,,1,20,,293277,31,,,1,30,,293280,31,,,1,80,,293283,31,,,1,85,,293285,31,,,1,15,,293287,31,,,1,65,,293289,31,,,1,25,,293291,31,,,1,95,,293293,31,,,1,85,,293294,31,,,1
4101,'20260928',805,,293295,31,,,1,32,,293296,24,0,53 38 9,1,78,,293297,31,,,1,25,,293298,31,,,1,85,,293300,31,,,1,23,,293301,31,,,1,70,,293302,31,,,1,30,,293303,31,,,1,65,,293304,31,,,1,35,,293305,31,,,1,79,,293306,31,,,1,75,,293307,31,,,1,30,,293309,31,,,1,70,,293311,31,,,1,25,,293313,24,0,53 38 9,1,25,,293315,31,,,1,70,,293317,31,,,1,78,,293319,24,0,53 38 9,1,25,,293321,31,,,1,85,,293324,24,0,53 38 9,1,40,,293327,31,,,1,65,,293330,31,,,1,30,,293335,31,,,1,63,,293339,31,,,1,20,,293342,31,,,1,30,,293345,31,,,1,80,,293348,31,,,1,85,,293350,31,,,1,15,,293352,31,,,1,65,,293354,31,,,1,25,,293356,31,,,1,95,,293358,31,,,1,85,,293359,31,,,1
4101,'20260929',805,,293360,31,,,1,32,,293361,24,0,53 38 9,1,78,,293362,31,,,1,25,,293363,31,,,1,85,,293365,31,,,1,23,,293366,31,,,1,70,,293367,31,,,1,30,,293368,31,,,1,65,,293369,31,,,1,35,,293370,31,,,1,79,,293371,31,,,1,75,,293372,31,,,1,30,,293374,31,,,1,70,,293376,31,,,1,25,,293378,24,0,53 38 9,1,25,,293380,31,,,1,70,,293382,31,,,1,78,,293384,24,0,53 38 9,1,25,,293386,31,,,1,85,,293389,24,0,53 38 9,1,40,,293392,31,,,1,65,,293395,31,,,1,30,,293400,31,,,1,63,,293404,31,,,1,20,,293407,31,,,1,30,,293410,31,,,1,80,,293413,31,,,1,85,,293415,31,,,1,15,,293417,31,,,1,65,,293419,31,,,1,25,,293421,31,,,1,95,,293423,31,,,1,85,,293424,31,,,1
4101,'20260930',805,,293425,31,,,1,32,,293426,24,0,53 38 9,1,78,,293427,31,,,1,25,,293428,31,,,1,85,,293430,31,,,1,23,,293431,31,,,1,70,,293432,31,,,1,30,,293433,31,,,1,65,,293434,31,,,1,35,,293435,31,,,1,79,,293436,31,,,1,75,,293437,31,,,1,30,,293439,31,,,1,70,,293441,31,,,1,25,,293443,24,0,53 38 9,1,25,,293445,31,,,1,70,,293447,31,,,1,78,,293449,24,0,53 38 9,1,25,,293451,31,,,1,85,,293454,24,0,53 38 9,1,40,,293457,31,,,1,65,,293460,31,,,1,30,,293465,31,,,1,63,,293469,31,,,1,20,,293472,31,,,1,30,,293475,31,,,1,80,,293478,31,,,1,85,,293480,31,,,1,15,,293482,31,,,1,65,,293484,31,,,1,25,,293486,31,,,1,95,,293488,31,,,1,85,,293489,31,,,1
4101,'20261001',805,,293490,31,,,1,32,,293491,24,0,53 38 9,1,78,,293492,31,,,1,25,,293493,31,,,1,85,,293495,31,,,1,23,,293496,31,,,1,70,,293497,31,,,1,30,,293498,31,,,1,65,,293499,31,,,1,35,,293500,31,,,1,79,,293501,31,,,1,75,,293502,31,,,1,30,,293504,31,,,1,70,,293506,31,,,1,25,,293508,24,0,53 38 9,1,25,,293510,31,,,1,70,,293512,31,,,1,78,,293514,24,0,53 38 9,1,25,,293516,31,,,1,85,,293519,24,0,53 38 9,1,40,,293522,31,,,1,65,,293525,31,,,1,30,,293530,31,,,1,63,,293534,31,,,1,20,,293537,31,,,1,30,,293540,31,,,1,80,,293543,31,,,1,85,,293545,31,,,1,15,,293547,31,,,1,65,,293549,31,,,1,25,,293551,31,,,1,95,,293553,31,,,1,85,,293554,31,,,1
4101,'20261002',805,,293555,31,,,1,32,,293556,24,0,53 38 9,1,78,,293557,31,,,1,25,,293558,31,,,1,85,,293560,31,,,1,23,,293561,31,,,1,70,,293562,31,,,1,30,,293563,31,,,1,65,,293564,31,,,1,35,,293565,31,,,1,79,,293566,31,,,1,75,,293567,31,,,1,30,,293569,31,,,1,70,,293571,31,,,1,25,,293573,24,0,53 38 9,1,25,,293575,31,,,1,70,,293577,31,,,1,78,,293579,24,0,53 38 9,1,25,,293581,31,,,1,85,,293584,24,0,53 38 9,1,40,,293587,31,,,1,65,,293590,31,,,1,30,,293595,31,,,1,63,,293599,31,,,1,20,,293602,31,,,1,30,,293605,31,,,1,80,,293608,31,,,1,85,,293610,31,,,1,15,,293612,31,,,1,65,,293614,31,,,1,25,,293616,31,,,1,95,,293618,31,,,1,85,,293619,31,,,1
4101,'20261005',805,,293620,31,,,1,32,,293621,24,0,53 38 9,1,78,,293622,31,,,1,25,,293623,31,,,1,85,,293625,31,,,1,23,,293626,31,,,1,70,,293627,31,,,1,30,,293628,31,,,1,65,,293629,31,,,1,35,,293630,31,,,1,79,,293631,31,,,1,75,,293632,31,,,1,30,,293634,31,,,1,70,,293636,31,,,1,25,,293638,24,0,53 38 9,1,25,,293640,31,,,1,70,,293642,31,,,1,78,,293644,24,0,53 38 9,1,25,,293646,31,,,1,85,,293649,24,0,53 38 9,1,40,,293652,31,,,1,65,,293655,31,,,1,30,,293660,31,,,1,63,,293664,31,,,1,20,,293667,31,,,1,30,,293670,31,,,1,80,,293673,31,,,1,85,,293675,31,,,1,15,,293677,31,,,1,65,,293679,31,,,1,25,,293681,31,,,1,95,,293683,31,,,1,85,,293684,31,,,1
4101,'20261006',805,,293685,31,,,1,32,,293686,24,0,53 38 9,1,78,,293687,31,,,1,25,,293688,31,,,1,85,,293690,31,,,1,23,,293691,31,,,1,70,,293692,31,,,1,30,,293693,31,,,1,65,,293694,31,,,1,35,,293695,31,,,1,79,,293696,31,,,1,75,,293697,31,,,1,30,,293699,31,,,1,70,,293701,31,,,1,25,,293703,24,0,53 38 9,1,25,,293705,31,,,1,70,,293707,31,,,1,78,,293709,24,0,53 38 9,1,25,,293711,31,,,1,85,,293714,24,0,53 38 9,1,40,,293717,31,,,1,65,,293720,31,,,1,30,,293725,31,,,1,63,,293729,31,,,1,20,,293732,31,,,1,30,,293735,31,,,1,80,,293738,31,,,1,85,,293740,31,,,1,15,,293742,31,,,1,65,,293744,31,,,1,25,,293746,31,,,1,95,,293748,31,,,1,85,,293749,31,,,1
4101,'20261007',805,,293750,31,,,1,32,,293751,24,0,53 38 9,1,78,,293752,31,,,1,25,,293753,31,,,1,85,,293755,31,,,1,23,,293756,31,,,1,70,,293757,31,,,1,30,,293758,31,,,1,65,,293759,31,,,1,35,,293760,31,,,1,79,,293761,31,,,1,75,,293762,31,,,1,30,,293764,31,,,1,70,,293766,31,,,1,25,,293768,24,0,53 38 9,1,25,,293770,31,,,1,70,,293772,31,,,1,78,,293774,24,0,53 38 9,1,25,,293776,31,,,1,85,,293779,24,0,53 38 9,1,40,,293782,31,,,1,65,,293785,31,,,1,30,,293790,31,,,1,63,,293794,31,,,1,20,,293797,31,,,1,30,,293800,31,,,1,80,,293803,31,,,1,85,,293805,31,,,1,15,,293807,31,,,1,65,,293809,31,,,1,25,,293811,31,,,1,95,,293813,31,,,1,85,,293814,31,,,1
4101,'20261008',805,,293815,31,,,1,32,,293816,24,0,53 38 9,1,78,,293817,31,,,1,25,,293818,31,,,1,85,,293820,31,,,1,23,,293821,31,,,1,70,,293822,31,,,1,30,,293823,31,,,1,65,,293824,31,,,1,35,,293825,31,,,1,79,,293826,31,,,1,75,,293827,31,,,1,30,,293829,31,,,1,70,,293831,31,,,1,25,,293833,24,0,53 38 9,1,25,,293835,31,,,1,70,,293837,31,,,1,78,,293839,24,0,53 38 9,1,25,,293841,31,,,1,85,,293844,24,0,53 38 9,1,40,,293847,31,,,1,65,,293850,31,,,1,30,,293855,31,,,1,63,,293859,31,,,1,20,,293862,31,,,1,30,,293865,31,,,1,80,,293868,31,,,1,85,,293870,31,,,1,15,,293872,31,,,1,65,,293874,31,,,1,25,,293876,31,,,1,95,,293878,31,,,1,85,,293879,31,,,1
4101,'20261009',805,,293880,31,,,1,32,,293881,24,0,53 38 9,1,78,,293882,31,,,1,25,,293883,31,,,1,85,,293885,31,,,1,23,,293886,31,,,1,70,,293887,31,,,1,30,,293888,31,,,1,65,,293889,31,,,1,35,,293890,31,,,1,79,,293891,31,,,1,75,,293892,31,,,1,30,,293894,31,,,1,70,,293896,31,,,1,25,,293898,24,0,53 38 9,1,25,,293900,31,,,1,70,,293902,31,,,1,78,,293904,24,0,53 38 9,1,25,,293906,31,,,1,85,,293909,24,0,53 38 9,1,40,,293912,31,,,1,65,,293915,31,,,1,30,,293920,31,,,1,63,,293924,31,,,1,20,,293927,31,,,1,30,,293930,31,,,1,80,,293933,31,,,1,85,,293935,31,,,1,15,,293937,31,,,1,65,,293939,31,,,1,25,,293941,31,,,1,95,,293943,31,,,1,85,,293944,31,,,1
4101,'20261013',805,,293945,31,,,1,32,,293946,24,0,53 38 9,1,78,,293947,31,,,1,25,,293948,31,,,1,85,,293950,31,,,1,23,,293951,31,,,1,70,,293952,31,,,1,30,,293953,31,,,1,65,,293954,31,,,1,35,,293955,31,,,1,79,,293956,31,,,1,75,,293957,31,,,1,30,,293959,31,,,1,70,,293961,31,,,1,25,,293963,24,0,53 38 9,1,25,,293965,31,,,1,70,,293967,31,,,1,78,,293969,24,0,53 38 9,1,25,,293971,31,,,1,85,,293974,24,0,53 38 9,1,40,,293977,31,,,1,65,,293980,31,,,1,30,,293985,31,,,1,63,,293989,31,,,1,20,,293992,31,,,1,30,,293995,31,,,1,80,,293998,31,,,1,85,,294000,31,,,1,15,,294002,31,,,1,65,,294004,31,,,1,25,,294006,31,,,1,95,,294008,31,,,1,85,,294009,31,,,1
4101,'20261014',805,,294010,31,,,1,32,,294011,24,0,53 38 9,1,78,,294012,31,,,1,25,,294013,31,,,1,85,,294015,31,,,1,23,,294016,31,,,1,70,,294017,31,,,1,30,,294018,31,,,1,65,,294019,31,,,1,35,,294020,31,,,1,79,,294021,31,,,1,75,,294022,31,,,1,30,,294024,31,,,1,70,,294026,31,,,1,25,,294028,24,0,53 38 9,1,25,,294030,31,,,1,70,,294032,31,,,1,78,,294034,24,0,53 38 9,1,25,,294036,31,,,1,85,,294039,24,0,53 38 9,1,40,,294042,31,,,1,65,,294045,31,,,1,30,,294050,31,,,1,63,,294054,31,,,1,20,,294057,31,,,1,30,,294060,31,,,1,80,,294063,31,,,1,85,,294065,31,,,1,15,,294067,31,,,1,65,,294069,31,,,1,25,,294071,31,,,1,95,,294073,31,,,1,85,,294074,31,,,1
4101,'20261015',805,,294075,31,,,1,32,,294076,24,0,53 38 9,1,78,,294077,31,,,1,25,,294078,31,,,1,85,,294080,31,,,1,23,,294081,31,,,1,70,,294082,31,,,1,30,,294083,31,,,1,65,,294084,31,,,1,35,,294085,31,,,1,79,,294086,31,,,1,75,,294087,31,,,1,30,,294089,31,,,1,70,,294091,31,,,1,25,,294093,24,0,53 38 9,1,25,,294095,31,,,1,70,,294097,31,,,1,78,,294099,24,0,53 38 9,1,25,,294101,31,,,1,85,,294104,24,0,53 38 9,1,40,,294107,31,,,1,65,,294110,31,,,1,30,,294115,31,,,1,63,,294119,31,,,1,20,,294122,31,,,1,30,,294125,31,,,1,80,,294128,31,,,1,85,,294130,31,,,1,15,,294132,31,,,1,65,,294134,31,,,1,25,,294136,31,,,1,95,,294138,31,,,1,85,,294139,31,,,1
4101,'20261016',805,,294140,31,,,1,32,,294141,24,0,53 38 9,1,78,,294142,31,,,1,25,,294143,31,,,1,85,,294145,31,,,1,23,,294146,31,,,1,70,,294147,31,,,1,30,,294148,31,,,1,65,,294149,31,,,1,35,,294150,31,,,1,79,,294151,31,,,1,75,,294152,31,,,1,30,,294154,31,,,1,70,,294156,31,,,1,25,,294158,24,0,53 38 9,1,25,,294160,31,,,1,70,,294162,31,,,1,78,,294164,24,0,53 38 9,1,25,,294166,31,,,1,85,,294169,24,0,53 38 9,1,40,,294172,31,,,1,65,,294175,31,,,1,30,,294180,31,,,1,63,,294184,31,,,1,20,,294187,31,,,1,30,,294190,31,,,1,80,,294193,31,,,1,85,,294195,31,,,1,15,,294197,31,,,1,65,,294199,31,,,1,25,,294201,31,,,1,95,,294203,31,,,1,85,,294204,31,,,1
4101,'20261019',805,,294205,31,,,1,32,,294206,24,0,53 38 9,1,78,,294207,31,,,1,25,,294208,31,,,1,85,,294210,31,,,1,23,,294211,31,,,1,70,,294212,31,,,1,30,,294213,31,,,1,65,,294214,31,,,1,35,,294215,31,,,1,79,,294216,31,,,1,75,,294217,31,,,1,30,,294219,31,,,1,70,,294221,31,,,1,25,,294223,24,0,53 38 9,1,25,,294225,31,,,1,70,,294227,31,,,1,78,,294229,24,0,53 38 9,1,25,,294231,31,,,1,85,,294234,24,0,53 38 9,1,40,,294237,31,,,1,65,,294240,31,,,1,30,,294245,31,,,1,63,,294249,31,,,1,20,,294252,31,,,1,30,,294255,31,,,1,80,,294258,31,,,1,85,,294260,31,,,1,15,,294262,31,,,1,65,,294264,31,,,1,25,,294266,31,,,1,95,,294268,31,,,1,85,,294269,31,,,1
4101,'20261020',805,,294270,31,,,1,32,,294271,24,0,53 38 9,1,78,,294272,31,,,1,25,,294273,31,,,1,85,,294275,31,,,1,23,,294276,31,,,1,70,,294277,31,,,1,30,,294278,31,,,1,65,,294279,31,,,1,35,,294280,31,,,1,79,,294281,31,,,1,75,,294282,31,,,1,30,,294284,31,,,1,70,,294286,31,,,1,25,,294288,24,0,53 38 9,1,25,,294290,31,,,1,70,,294292,31,,,1,78,,294294,24,0,53 38 9,1,25,,294296,31,,,1,85,,294299,24,0,53 38 9,1,40,,294302,31,,,1,65,,294305,31,,,1,30,,294310,31,,,1,63,,294314,31,,,1,20,,294317,31,,,1,30,,294320,31,,,1,80,,294323,31,,,1,85,,294325,31,,,1,15,,294327,31,,,1,65,,294329,31,,,1,25,,294331,31,,,1,95,,294333,31,,,1,85,,294334,31,,,1
4101,'20261021',805,,294335,31,,,1,32,,294336,24,0,53 38 9,1,78,,294337,31,,,1,25,,294338,31,,,1,85,,294340,31,,,1,23,,294341,31,,,1,70,,294342,31,,,1,30,,294343,31,,,1,65,,294344,31,,,1,35,,294345,31,,,1,79,,294346,31,,,1,75,,294347,31,,,1,30,,294349,31,,,1,70,,294351,31,,,1,25,,294353,24,0,53 38 9,1,25,,294355,31,,,1,70,,294357,31,,,1,78,,294359,24,0,53 38 9,1,25,,294361,31,,,1,85,,294364,24,0,53 38 9,1,40,,294367,31,,,1,65,,294370,31,,,1,30,,294375,31,,,1,63,,294379,31,,,1,20,,294382,31,,,1,30,,294385,31,,,1,80,,294388,31,,,1,85,,294390,31,,,1,15,,294392,31,,,1,65,,294394,31,,,1,25,,294396,31,,,1,95,,294398,31,,,1,85,,294399,31,,,1
4101,'20261022',805,,294400,31,,,1,32,,294401,24,0,53 38 9,1,78,,294402,31,,,1,25,,294403,31,,,1,85,,294405,31,,,1,23,,294406,31,,,1,70,,294407,31,,,1,30,,294408,31,,,1,65,,294409,31,,,1,35,,294410,31,,,1,79,,294411,31,,,1,75,,294412,31,,,1,30,,294414,31,,,1,70,,294416,31,,,1,25,,294418,24,0,53 38 9,1,25,,294420,31,,,1,70,,294422,31,,,1,78,,294424,24,0,53 38 9,1,25,,294426,31,,,1,85,,294429,24,0,53 38 9,1,40,,294432,31,,,1,65,,294435,31,,,1,30,,294440,31,,,1,63,,294444,31,,,1,20,,294447,31,,,1,30,,294450,31,,,1,80,,294453,31,,,1,85,,294455,31,,,1,15,,294457,31,,,1,65,,294459,31,,,1,25,,294461,31,,,1,95,,294463,31,,,1,85,,294464,31,,,1
4101,'20261023',805,,294465,31,,,1,32,,294466,24,0,53 38 9,1,78,,294467,31,,,1,25,,294468,31,,,1,85,,294470,31,,,1,23,,294471,31,,,1,70,,294472,31,,,1,30,,294473,31,,,1,65,,294474,31,,,1,35,,294475,31,,,1,79,,294476,31,,,1,75,,294477,31,,,1,30,,294479,31,,,1,70,,294481,31,,,1,25,,294483,24,0,53 38 9,1,25,,294485,31,,,1,70,,294487,31,,,1,78,,294489,24,0,53 38 9,1,25,,294491,31,,,1,85,,294494,24,0,53 38 9,1,40,,294497,31,,,1,65,,294500,31,,,1,30,,294505,31,,,1,63,,294509,31,,,1,20,,294512,31,,,1,30,,294515,31,,,1,80,,294518,31,,,1,85,,294520,31,,,1,15,,294522,31,,,1,65,,294524,31,,,1,25,,294526,31,,,1,95,,294528,31,,,1,85,,294529,31,,,1
4101,'20261026',805,,294530,31,,,1,32,,294531,24,0,53 38 9,1,78,,294532,31,,,1,25,,294533,31,,,1,85,,294535,31,,,1,23,,294536,31,,,1,70,,294537,31,,,1,30,,294538,31,,,1,65,,294539,31,,,1,35,,294540,31,,,1,79,,294541,31,,,1,75,,294542,31,,,1,30,,294544,31,,,1,70,,294546,31,,,1,25,,294548,24,0,53 38 9,1,25,,294550,31,,,1,70,,294552,31,,,1,78,,294554,24,0,53 38 9,1,25,,294556,31,,,1,85,,294559,24,0,53 38 9,1,40,,294562,31,,,1,65,,294565,31,,,1,30,,294570,31,,,1,63,,294574,31,,,1,20,,294577,31,,,1,30,,294580,31,,,1,80,,294583,31,,,1,85,,294585,31,,,1,15,,294587,31,,,1,65,,294589,31,,,1,25,,294591,31,,,1,95,,294593,31,,,1,85,,294594,31,,,1
4101,'20261027',805,,294595,31,,,1,32,,294596,24,0,53 38 9,1,78,,294597,31,,,1,25,,294598,31,,,1,85,,294600,31,,,1,23,,294601,31,,,1,70,,294602,31,,,1,30,,294603,31,,,1,65,,294604,31,,,1,35,,294605,31,,,1,79,,294606,31,,,1,75,,294607,31,,,1,30,,294609,31,,,1,70,,294611,31,,,1,25,,294613,24,0,53 38 9,1,25,,294615,31,,,1,70,,294617,31,,,1,78,,294619,24,0,53 38 9,1,25,,294621,31,,,1,85,,294624,24,0,53 38 9,1,40,,294627,31,,,1,65,,294630,31,,,1,30,,294635,31,,,1,63,,294639,31,,,1,20,,294642,31,,,1,30,,294645,31,,,1,80,,294648,31,,,1,85,,294650,31,,,1,15,,294652,31,,,1,65,,294654,31,,,1,25,,294656,31,,,1,95,,294658,31,,,1,85,,294659,31,,,1
4101,'20261028',805,,294660,31,,,1,32,,294661,24,0,53 38 9,1,78,,294662,31,,,1,25,,294663,31,,,1,85,,294665,31,,,1,23,,294666,31,,,1,70,,294667,31,,,1,30,,294668,31,,,1,65,,294669,31,,,1,35,,294670,31,,,1,79,,294671,31,,,1,75,,294672,31,,,1,30,,294674,31,,,1,70,,294676,31,,,1,25,,294678,24,0,53 38 9,1,25,,294680,31,,,1,70,,294682,31,,,1,78,,294684,24,0,53 38 9,1,25,,294686,31,,,1,85,,294689,24,0,53 38 9,1,40,,294692,31,,,1,65,,294695,31,,,1,30,,294700,31,,,1,63,,294704,31,,,1,20,,294707,31,,,1,30,,294710,31,,,1,80,,294713,31,,,1,85,,294715,31,,,1,15,,294717,31,,,1,65,,294719,31,,,1,25,,294721,31,,,1,95,,294723,31,,,1,85,,294724,31,,,1
4101,'20261029',805,,294725,31,,,1,32,,294726,24,0,53 38 9,1,78,,294727,31,,,1,25,,294728,31,,,1,85,,294730,31,,,1,23,,294731,31,,,1,70,,294732,31,,,1,30,,294733,31,,,1,65,,294734,31,,,1,35,,294735,31,,,1,79,,294736,31,,,1,75,,294737,31,,,1,30,,294739,31,,,1,70,,294741,31,,,1,25,,294743,24,0,53 38 9,1,25,,294745,31,,,1,70,,294747,31,,,1,78,,294749,24,0,53 38 9,1,25,,294751,31,,,1,85,,294754,24,0,53 38 9,1,40,,294757,31,,,1,65,,294760,31,,,1,30,,294765,31,,,1,63,,294769,31,,,1,20,,294772,31,,,1,30,,294775,31,,,1,80,,294778,31,,,1,85,,294780,31,,,1,15,,294782,31,,,1,65,,294784,31,,,1,25,,294786,31,,,1,95,,294788,31,,,1,85,,294789,31,,,1
4101,'20261030',805,,294790,31,,,1,32,,294791,24,0,53 38 9,1,78,,294792,31,,,1,25,,294793,31,,,1,85,,294795,31,,,1,23,,294796,31,,,1,70,,294797,31,,,1,30,,294798,31,,,1,65,,294799,31,,,1,35,,294800,31,,,1,79,,294801,31,,,1,75,,294802,31,,,1,30,,294804,31,,,1,70,,294806,31,,,1,25,,294808,24,0,53 38 9,1,25,,294810,31,,,1,70,,294812,31,,,1,78,,294814,24,0,53 38 9,1,25,,294816,31,,,1,85,,294819,24,0,53 38 9,1,40,,294822,31,,,1,65,,294825,31,,,1,30,,294830,31,,,1,63,,294834,31,,,1,20,,294837,31,,,1,30,,294840,31,,,1,80,,294843,31,,,1,85,,294845,31,,,1,15,,294847,31,,,1,65,,294849,31,,,1,25,,294851,31,,,1,95,,294853,31,,,1,85,,294854,31,,,1
4101,'20261102',805,,294855,31,,,1,32,,294856,24,0,53 38 9,1,78,,294857,31,,,1,25,,294858,31,,,1,85,,294860,31,,,1,23,,294861,31,,,1,70,,294862,31,,,1,30,,294863,31,,,1,65,,294864,31,,,1,35,,294865,31,,,1,79,,294866,31,,,1,75,,294867,31,,,1,30,,294869,31,,,1,70,,294871,31,,,1,25,,294873,24,0,53 38 9,1,25,,294875,31,,,1,70,,294877,31,,,1,78,,294879,24,0,53 38 9,1,25,,294881,31,,,1,85,,294884,24,0,53 38 9,1,40,,294887,31,,,1,65,,294890,31,,,1,30,,294895,31,,,1,63,,294899,31,,,1,20,,294902,31,,,1,30,,294905,31,,,1,80,,294908,31,,,1,85,,294910,31,,,1,15,,294912,31,,,1,65,,294914,31,,,1,25,,294916,31,,,1,95,,294918,31,,,1,85,,294919,31,,,1
4101,'20261103',805,,294920,31,,,1,32,,294921,24,0,53 38 9,1,78,,294922,31,,,1,25,,294923,31,,,1,85,,294925,31,,,1,23,,294926,31,,,1,70,,294927,31,,,1,30,,294928,31,,,1,65,,294929,31,,,1,35,,294930,31,,,1,79,,294931,31,,,1,75,,294932,31,,,1,30,,294934,31,,,1,70,,294936,31,,,1,25,,294938,24,0,53 38 9,1,25,,294940,31,,,1,70,,294942,31,,,1,78,,294944,24,0,53 38 9,1,25,,294946,31,,,1,85,,294949,24,0,53 38 9,1,40,,294952,31,,,1,65,,294955,31,,,1,30,,294960,31,,,1,63,,294964,31,,,1,20,,294967,31,,,1,30,,294970,31,,,1,80,,294973,31,,,1,85,,294975,31,,,1,15,,294977,31,,,1,65,,294979,31,,,1,25,,294981,31,,,1,95,,294983,31,,,1,85,,294984,31,,,1
4101,'20261104',805,,294985,31,,,1,32,,294986,24,0,53 38 9,1,78,,294987,31,,,1,25,,294988,31,,,1,85,,294990,31,,,1,23,,294991,31,,,1,70,,294992,31,,,1,30,,294993,31,,,1,65,,294994,31,,,1,35,,294995,31,,,1,79,,294996,31,,,1,75,,294997,31,,,1,30,,294999,31,,,1,70,,295001,31,,,1,25,,295003,24,0,53 38 9,1,25,,295005,31,,,1,70,,295007,31,,,1,78,,295009,24,0,53 38 9,1,25,,295011,31,,,1,85,,295014,24,0,53 38 9,1,40,,295017,31,,,1,65,,295020,31,,,1,30,,295025,31,,,1,63,,295029,31,,,1,20,,295032,31,,,1,30,,295035,31,,,1,80,,295038,31,,,1,85,,295040,31,,,1,15,,295042,31,,,1,65,,295044,31,,,1,25,,295046,31,,,1,95,,295048,31,,,1,85,,295049,31,,,1
4101,'20261105',805,,295050,31,,,1,32,,295051,24,0,53 38 9,1,78,,295052,31,,,1,25,,295053,31,,,1,85,,295055,31,,,1,23,,295056,31,,,1,70,,295057,31,,,1,30,,295058,31,,,1,65,,295059,31,,,1,35,,295060,31,,,1,79,,295061,31,,,1,75,,295062,31,,,1,30,,295064,31,,,1,70,,295066,31,,,1,25,,295068,24,0,53 38 9,1,25,,295070,31,,,1,70,,295072,31,,,1,78,,295074,24,0,53 38 9,1,25,,295076,31,,,1,85,,295079,24,0,53 38 9,1,40,,295082,31,,,1,65,,295085,31,,,1,30,,295090,31,,,1,63,,295094,31,,,1,20,,295097,31,,,1,30,,295100,31,,,1,80,,295103,31,,,1,85,,295105,31,,,1,15,,295107,31,,,1,65,,295109,31,,,1,25,,295111,31,,,1,95,,295113,31,,,1,85,,295114,31,,,1
4101,'20261106',805,,295115,31,,,1,32,,295116,24,0,53 38 9,1,78,,295117,31,,,1,25,,295118,31,,,1,85,,295120,31,,,1,23,,295121,31,,,1,70,,295122,31,,,1,30,,295123,31,,,1,65,,295124,31,,,1,35,,295125,31,,,1,79,,295126,31,,,1,75,,295127,31,,,1,30,,295129,31,,,1,70,,295131,31,,,1,25,,295133,24,0,53 38 9,1,25,,295135,31,,,1,70,,295137,31,,,1,78,,295139,24,0,53 38 9,1,25,,295141,31,,,1,85,,295144,24,0,53 38 9,1,40,,295147,31,,,1,65,,295150,31,,,1,30,,295155,31,,,1,63,,295159,31,,,1,20,,295162,31,,,1,30,,295165,31,,,1,80,,295168,31,,,1,85,,295170,31,,,1,15,,295172,31,,,1,65,,295174,31,,,1,25,,295176,31,,,1,95,,295178,31,,,1,85,,295179,31,,,1
4101,'20261109',805,,295180,31,,,1,32,,295181,24,0,53 38 9,1,78,,295182,31,,,1,25,,295183,31,,,1,85,,295185,31,,,1,23,,295186,31,,,1,70,,295187,31,,,1,30,,295188,31,,,1,65,,295189,31,,,1,35,,295190,31,,,1,79,,295191,31,,,1,75,,295192,31,,,1,30,,295194,31,,,1,70,,295196,31,,,1,25,,295198,24,0,53 38 9,1,25,,295200,31,,,1,70,,295202,31,,,1,78,,295204,24,0,53 38 9,1,25,,295206,31,,,1,85,,295209,24,0,53 38 9,1,40,,295212,31,,,1,65,,295215,31,,,1,30,,295220,31,,,1,63,,295224,31,,,1,20,,295227,31,,,1,30,,295230,31,,,1,80,,295233,31,,,1,85,,295235,31,,,1,15,,295237,31,,,1,65,,295239,31,,,1,25,,295241,31,,,1,95,,295243,31,,,1,85,,295244,31,,,1
4101,'20261110',805,,295245,31,,,1,32,,295246,24,0,53 38 9,1,78,,295247,31,,,1,25,,295248,31,,,1,85,,295250,31,,,1,23,,295251,31,,,1,70,,295252,31,,,1,30,,295253,31,,,1,65,,295254,31,,,1,35,,295255,31,,,1,79,,295256,31,,,1,75,,295257,31,,,1,30,,295259,31,,,1,70,,295261,31,,,1,25,,295263,24,0,53 38 9,1,25,,295265,31,,,1,70,,295267,31,,,1,78,,295269,24,0,53 38 9,1,25,,295271,31,,,1,85,,295274,24,0,53 38 9,1,40,,295277,31,,,1,65,,295280,31,,,1,30,,295285,31,,,1,63,,295289,31,,,1,20,,295292,31,,,1,30,,295295,31,,,1,80,,295298,31,,,1,85,,295300,31,,,1,15,,295302,31,,,1,65,,295304,31,,,1,25,,295306,31,,,1,95,,295308,31,,,1,85,,295309,31,,,1
4101,'20261111',805,,295310,31,,,1,32,,295311,24,0,53 38 9,1,78,,295312,31,,,1,25,,295313,31,,,1,85,,295315,31,,,1,23,,295316,31,,,1,70,,295317,31,,,1,30,,295318,31,,,1,65,,295319,31,,,1,35,,295320,31,,,1,79,,295321,31,,,1,75,,295322,31,,,1,30,,295324,31,,,1,70,,295326,31,,,1,25,,295328,24,0,53 38 9,1,25,,295330,31,,,1,70,,295332,31,,,1,78,,295334,24,0,53 38 9,1,25,,295336,31,,,1,85,,295339,24,0,53 38 9,1,40,,295342,31,,,1,65,,295345,31,,,1,30,,295350,31,,,1,63,,295354,31,,,1,20,,295357,31,,,1,30,,295360,31,,,1,80,,295363,31,,,1,85,,295365,31,,,1,15,,295367,31,,,1,65,,295369,31,,,1,25,,295371,31,,,1,95,,295373,31,,,1,85,,295374,31,,,1
4101,'20261112',805,,295375,31,,,1,32,,295376,24,0,53 38 9,1,78,,295377,31,,,1,25,,295378,31,,,1,85,,295380,31,,,1,23,,295381,31,,,1,70,,295382,31,,,1,30,,295383,31,,,1,65,,295384,31,,,1,35,,295385,31,,,1,79,,295386,31,,,1,75,,295387,31,,,1,30,,295389,31,,,1,70,,295391,31,,,1,25,,295393,24,0,53 38 9,1,25,,295395,31,,,1,70,,295397,31,,,1,78,,295399,24,0,53 38 9,1,25,,295401,31,,,1,85,,295404,24,0,53 38 9,1,40,,295407,31,,,1,65,,295410,31,,,1,30,,295415,31,,,1,63,,295419,31,,,1,20,,295422,31,,,1,30,,295425,31,,,1,80,,295428,31,,,1,85,,295430,31,,,1,15,,295432,31,,,1,65,,295434,31,,,1,25,,295436,31,,,1,95,,295438,31,,,1,85,,295439,31,,,1
4101,'20261113',805,,295440,31,,,1,32,,295441,24,0,53 38 9,1,78,,295442,31,,,1,25,,295443,31,,,1,85,,295445,31,,,1,23,,295446,31,,,1,70,,295447,31,,,1,30,,295448,31,,,1,65,,295449,31,,,1,35,,295450,31,,,1,79,,295451,31,,,1,75,,295452,31,,,1,30,,295454,31,,,1,70,,295456,31,,,1,25,,295458,24,0,53 38 9,1,25,,295460,31,,,1,70,,295462,31,,,1,78,,295464,24,0,53 38 9,1,25,,295466,31,,,1,85,,295469,24,0,53 38 9,1,40,,295472,31,,,1,65,,295475,31,,,1,30,,295480,31,,,1,63,,295484,31,,,1,20,,295487,31,,,1,30,,295490,31,,,1,80,,295493,31,,,1,85,,295495,31,,,1,15,,295497,31,,,1,65,,295499,31,,,1,25,,295501,31,,,1,95,,295503,31,,,1,85,,295504,31,,,1
4101,'20261116',805,,295505,31,,,1,32,,295506,24,0,53 38 9,1,78,,295507,31,,,1,25,,295508,31,,,1,85,,295510,31,,,1,23,,295511,31,,,1,70,,295512,31,,,1,30,,295513,31,,,1,65,,295514,31,,,1,35,,295515,31,,,1,79,,295516,31,,,1,75,,295517,31,,,1,30,,295519,31,,,1,70,,295521,31,,,1,25,,295523,24,0,53 38 9,1,25,,295525,31,,,1,70,,295527,31,,,1,78,,295529,24,0,53 38 9,1,25,,295531,31,,,1,85,,295534,24,0,53 38 9,1,40,,295537,31,,,1,65,,295540,31,,,1,30,,295545,31,,,1,63,,295549,31,,,1,20,,295552,31,,,1,30,,295555,31,,,1,80,,295558,31,,,1,85,,295560,31,,,1,15,,295562,31,,,1,65,,295564,31,,,1,25,,295566,31,,,1,95,,295568,31,,,1,85,,295569,31,,,1
4101,'20261117',805,,295570,31,,,1,32,,295571,24,0,53 38 9,1,78,,295572,31,,,1,25,,295573,31,,,1,85,,295575,31,,,1,23,,295576,31,,,1,70,,295577,31,,,1,30,,295578,31,,,1,65,,295579,31,,,1,35,,295580,31,,,1,79,,295581,31,,,1,75,,295582,31,,,1,30,,295584,31,,,1,70,,295586,31,,,1,25,,295588,24,0,53 38 9,1,25,,295590,31,,,1,70,,295592,31,,,1,78,,295594,24,0,53 38 9,1,25,,295596,31,,,1,85,,295599,24,0,53 38 9,1,40,,295602,31,,,1,65,,295605,31,,,1,30,,295610,31,,,1,63,,295614,31,,,1,20,,295617,31,,,1,30,,295620,31,,,1,80,,295623,31,,,1,85,,295625,31,,,1,15,,295627,31,,,1,65,,295629,31,,,1,25,,295631,31,,,1,95,,295633,31,,,1,85,,295634,31,,,1
4101,'20261118',805,,295635,31,,,1,32,,295636,24,0,53 38 9,1,78,,295637,31,,,1,25,,295638,31,,,1,85,,295640,31,,,1,23,,295641,31,,,1,70,,295642,31,,,1,30,,295643,31,,,1,65,,295644,31,,,1,35,,295645,31,,,1,79,,295646,31,,,1,75,,295647,31,,,1,30,,295649,31,,,1,70,,295651,31,,,1,25,,295653,24,0,53 38 9,1,25,,295655,31,,,1,70,,295657,31,,,1,78,,295659,24,0,53 38 9,1,25,,295661,31,,,1,85,,295664,24,0,53 38 9,1,40,,295667,31,,,1,65,,295670,31,,,1,30,,295675,31,,,1,63,,295679,31,,,1,20,,295682,31,,,1,30,,295685,31,,,1,80,,295688,31,,,1,85,,295690,31,,,1,15,,295692,31,,,1,65,,295694,31,,,1,25,,295696,31,,,1,95,,295698,31,,,1,85,,295699,31,,,1
4101,'20261119',805,,295700,31,,,1,32,,295701,24,0,53 38 9,1,78,,295702,31,,,1,25,,295703,31,,,1,85,,295705,31,,,1,23,,295706,31,,,1,70,,295707,31,,,1,30,,295708,31,,,1,65,,295709,31,,,1,35,,295710,31,,,1,79,,295711,31,,,1,75,,295712,31,,,1,30,,295714,31,,,1,70,,295716,31,,,1,25,,295718,24,0,53 38 9,1,25,,295720,31,,,1,70,,295722,31,,,1,78,,295724,24,0,53 38 9,1,25,,295726,31,,,1,85,,295729,24,0,53 38 9,1,40,,295732,31,,,1,65,,295735,31,,,1,30,,295740,31,,,1,63,,295744,31,,,1,20,,295747,31,,,1,30,,295750,31,,,1,80,,295753,31,,,1,85,,295755,31,,,1,15,,295757,31,,,1,65,,295759,31,,,1,25,,295761,31,,,1,95,,295763,31,,,1,85,,295764,31,,,1
4101,'20261120',805,,295765,31,,,1,32,,295766,24,0,53 38 9,1,78,,295767,31,,,1,25,,295768,31,,,1,85,,295770,31,,,1,23,,295771,31,,,1,70,,295772,31,,,1,30,,295773,31,,,1,65,,295774,31,,,1,35,,295775,31,,,1,79,,295776,31,,,1,75,,295777,31,,,1,30,,295779,31,,,1,70,,295781,31,,,1,25,,295783,24,0,53 38 9,1,25,,295785,31,,,1,70,,295787,31,,,1,78,,295789,24,0,53 38 9,1,25,,295791,31,,,1,85,,295794,24,0,53 38 9,1,40,,295797,31,,,1,65,,295800,31,,,1,30,,295805,31,,,1,63,,295809,31,,,1,20,,295812,31,,,1,30,,295815,31,,,1,80,,295818,31,,,1,85,,295820,31,,,1,15,,295822,31,,,1,65,,295824,31,,,1,25,,295826,31,,,1,95,,295828,31,,,1,85,,295829,31,,,1
4101,'20261123',805,,295830,31,,,1,32,,295831,24,0,53 38 9,1,78,,295832,31,,,1,25,,295833,31,,,1,85,,295835,31,,,1,23,,295836,31,,,1,70,,295837,31,,,1,30,,295838,31,,,1,65,,295839,31,,,1,35,,295840,31,,,1,79,,295841,31,,,1,75,,295842,31,,,1,30,,295844,31,,,1,70,,295846,31,,,1,25,,295848,24,0,53 38 9,1,25,,295850,31,,,1,70,,295852,31,,,1,78,,295854,24,0,53 38 9,1,25,,295856,31,,,1,85,,295859,24,0,53 38 9,1,40,,295862,31,,,1,65,,295865,31,,,1,30,,295870,31,,,1,63,,295874,31,,,1,20,,295877,31,,,1,30,,295880,31,,,1,80,,295883,31,,,1,85,,295885,31,,,1,15,,295887,31,,,1,65,,295889,31,,,1,25,,295891,31,,,1,95,,295893,31,,,1,85,,295894,31,,,1
4101,'20261124',805,,295895,31,,,1,32,,295896,24,0,53 38 9,1,78,,295897,31,,,1,25,,295898,31,,,1,85,,295900,31,,,1,23,,295901,31,,,1,70,,295902,31,,,1,30,,295903,31,,,1,65,,295904,31,,,1,35,,295905,31,,,1,79,,295906,31,,,1,75,,295907,31,,,1,30,,295909,31,,,1,70,,295911,31,,,1,25,,295913,24,0,53 38 9,1,25,,295915,31,,,1,70,,295917,31,,,1,78,,295919,24,0,53 38 9,1,25,,295921,31,,,1,85,,295924,24,0,53 38 9,1,40,,295927,31,,,1,65,,295930,31,,,1,30,,295935,31,,,1,63,,295939,31,,,1,20,,295942,31,,,1,30,,295945,31,,,1,80,,295948,31,,,1,85,,295950,31,,,1,15,,295952,31,,,1,65,,295954,31,,,1,25,,295956,31,,,1,95,,295958,31,,,1,85,,295959,31,,,1
4101,'20261125',805,,295960,31,,,1,32,,295961,24,0,53 38 9,1,78,,295962,31,,,1,25,,295963,31,,,1,85,,295965,31,,,1,23,,295966,31,,,1,70,,295967,31,,,1,30,,295968,31,,,1,65,,295969,31,,,1,35,,295970,31,,,1,79,,295971,31,,,1,75,,295972,31,,,1,30,,295974,31,,,1,70,,295976,31,,,1,25,,295978,24,0,53 38 9,1,25,,295980,31,,,1,70,,295982,31,,,1,78,,295984,24,0,53 38 9,1,25,,295986,31,,,1,85,,295989,24,0,53 38 9,1,40,,295992,31,,,1,65,,295995,31,,,1,30,,296000,31,,,1,63,,296004,31,,,1,20,,296007,31,,,1,30,,296010,31,,,1,80,,296013,31,,,1,85,,296015,31,,,1,15,,296017,31,,,1,65,,296019,31,,,1,25,,296021,31,,,1,95,,296023,31,,,1,85,,296024,31,,,1
4101,'20261126',805,,296025,31,,,1,32,,296026,24,0,53 38 9,1,78,,296027,31,,,1,25,,296028,31,,,1,85,,296030,31,,,1,23,,296031,31,,,1,70,,296032,31,,,1,30,,296033,31,,,1,65,,296034,31,,,1,35,,296035,31,,,1,79,,296036,31,,,1,75,,296037,31,,,1,30,,296039,31,,,1,70,,296041,31,,,1,25,,296043,24,0,53 38 9,1,25,,296045,31,,,1,70,,296047,31,,,1,78,,296049,24,0,53 38 9,1,25,,296051,31,,,1,85,,296054,24,0,53 38 9,1,40,,296057,31,,,1,65,,296060,31,,,1,30,,296065,31,,,1,63,,296069,31,,,1,20,,296072,31,,,1,30,,296075,31,,,1,80,,296078,31,,,1,85,,296080,31,,,1,15,,296082,31,,,1,65,,296084,31,,,1,25,,296086,31,,,1,95,,296088,31,,,1,85,,296089,31,,,1
4101,'20261127',805,,296090,31,,,1,32,,296091,24,0,53 38 9,1,78,,296092,31,,,1,25,,296093,31,,,1,85,,296095,31,,,1,23,,296096,31,,,1,70,,296097,31,,,1,30,,296098,31,,,1,65,,296099,31,,,1,35,,296100,31,,,1,79,,296101,31,,,1,75,,296102,31,,,1,30,,296104,31,,,1,70,,296106,31,,,1,25,,296108,24,0,53 38 9,1,25,,296110,31,,,1,70,,296112,31,,,1,78,,296114,24,0,53 38 9,1,25,,296116,31,,,1,85,,296119,24,0,53 38 9,1,40,,296122,31,,,1,65,,296125,31,,,1,30,,296130,31,,,1,63,,296134,31,,,1,20,,296137,31,,,1,30,,296140,31,,,1,80,,296143,31,,,1,85,,296145,31,,,1,15,,296147,31,,,1,65,,296149,31,,,1,25,,296151,31,,,1,95,,296153,31,,,1,85,,296154,31,,,1
4701,'20260910',618,,300916,17,,,1,92,,300917,17,,,1,30,,300918,17,,,1,1069,,300959,9,0,7 38 9,1,839,,300960,17,,,1
4701,'20260911',618,,300961,17,,,1,92,,300962,17,,,1,30,,300963,17,,,1,1069,,301007,9,0,7 38 9,1,839,,301010,17,,,1
4701,'20260912',816,,301011,17,,,1,30,,301012,17,,,1,70,,301013,17,,,1,30,,301014,17,,,1,65,,301015,17,,,1,20,,301016,17,,,1,80,,301017,17,,,1,42,,301018,17,,,1,70,,301019,17,,,1,30,,301020,17,,,1,70,,301021,17,,,1,35,,301022,17,,,1,70,,301023,17,,,1,30,,301024,17,,,1,70,,301025,17,,,1,30,,301026,17,,,1,70,,301027,17,,,1,73,,301028,17,,,1,30,,301029,17,,,1,70,,301030,17,,,1,30,,301031,17,,,1,70,,301032,17,,,1,30,,301033,17,,,1,70,,301034,17,,,1,30,,301035,17,,,1,70,,301036,17,,,1,25,,301037,17,,,1,30,,301038,17,,,1,70,,301039,17,,,1,25,,301040,17,,,1,65,,301041,17,,,1,30,,301042,17,,,1,70,,301043,17,,,1,130,,301044,17,,,1,100,,301045,17,,,1
4701,'20260913',816,,301046,17,,,1,30,,301047,17,,,1,70,,301048,17,,,1,30,,301049,17,,,1,65,,301050,17,,,1,20,,301051,17,,,1,80,,301052,17,,,1,42,,301053,17,,,1,70,,301054,17,,,1,30,,301055,17,,,1,70,,301056,17,,,1,35,,301057,17,,,1,70,,301058,17,,,1,30,,301059,17,,,1,70,,301060,17,,,1,30,,301061,17,,,1,70,,301062,17,,,1,73,,301063,17,,,1,30,,301064,17,,,1,70,,301065,17,,,1,30,,301066,17,,,1,70,,301067,17,,,1,30,,301068,17,,,1,70,,301069,17,,,1,30,,301070,17,,,1,70,,301071,17,,,1,25,,301072,17,,,1,30,,301073,17,,,1,70,,301074,17,,,1,25,,301075,17,,,1,65,,301076,17,,,1,30,,301077,17,,,1,70,,301078,17,,,1,130,,301079,17,,,1,100,,301080,17,,,1
4701,'20260914',618,,301081,17,,,1,92,,301082,17,,,1,30,,301083,17,,,1,1069,,301124,9,0,7 38 9,1,839,,301125,17,,,1
4701,'20260915',618,,301126,17,,,1,92,,301127,17,,,1,30,,301128,17,,,1,1069,,301169,9,0,7 38 9,1,839,,301170,17,,,1
4701,'20260916',618,,301171,17,,,1,92,,301172,17,,,1,30,,301173,17,,,1,1069,,301214,9,0,7 38 9,1,839,,301215,17,,,1
4701,'20260917',618,,301216,17,,,1,92,,301217,17,,,1,30,,301218,17,,,1,1069,,301259,9,0,7 38 9,1,839,,301260,17,,,1
4701,'20260918',618,,301261,17,,,1,92,,301262,17,,,1,30,,301263,17,,,1,1069,,301307,9,0,7 38 9,1,839,,301310,17,,,1
4701,'20260919',816,,301311,17,,,1,30,,301312,17,,,1,70,,301313,17,,,1,30,,301314,17,,,1,65,,301315,17,,,1,20,,301316,17,,,1,80,,301317,17,,,1,42,,301318,17,,,1,70,,301319,17,,,1,30,,301320,17,,,1,70,,301321,17,,,1,35,,301322,17,,,1,70,,301323,17,,,1,30,,301324,17,,,1,70,,301325,17,,,1,30,,301326,17,,,1,70,,301327,17,,,1,73,,301328,17,,,1,30,,301329,17,,,1,70,,301330,17,,,1,30,,301331,17,,,1,70,,301332,17,,,1,30,,301333,17,,,1,70,,301334,17,,,1,30,,301335,17,,,1,70,,301336,17,,,1,25,,301337,17,,,1,30,,301338,17,,,1,70,,301339,17,,,1,25,,301340,17,,,1,65,,301341,17,,,1,30,,301342,17,,,1,70,,301343,17,,,1,130,,301344,17,,,1,100,,301345,17,,,1
4701,'20260920',816,,301346,17,,,1,30,,301347,17,,,1,70,,301348,17,,,1,30,,301349,17,,,1,65,,301350,17,,,1,20,,301351,17,,,1,80,,301352,17,,,1,42,,301353,17,,,1,70,,301354,17,,,1,30,,301355,17,,,1,70,,301356,17,,,1,35,,301357,17,,,1,70,,301358,17,,,1,30,,301359,17,,,1,70,,301360,17,,,1,30,,301361,17,,,1,70,,301362,17,,,1,73,,301363,17,,,1,30,,301364,17,,,1,70,,301365,17,,,1,30,,301366,17,,,1,70,,301367,17,,,1,30,,301368,17,,,1,70,,301369,17,,,1,30,,301370,17,,,1,70,,301371,17,,,1,25,,301372,17,,,1,30,,301373,17,,,1,70,,301374,17,,,1,25,,301375,17,,,1,65,,301376,17,,,1,30,,301377,17,,,1,70,,301378,17,,,1,130,,301379,17,,,1,100,,301380,17,,,1
4701,'20260921',618,,301381,17,,,1,92,,301382,17,,,1,30,,301383,17,,,1,1069,,301424,9,0,7 38 9,1,839,,301425,17,,,1
4701,'20260922',618,,301426,17,,,1,92,,301427,17,,,1,30,,301428,17,,,1,1069,,301469,9,0,7 38 9,1,839,,301470,17,,,1
4701,'20260923',618,,301471,17,,,1,92,,301472,17,,,1,30,,301473,17,,,1,1069,,301514,9,0,7 38 9,1,839,,301515,17,,,1
4701,'20260924',618,,301516,17,,,1,92,,301517,17,,,1,30,,301518,17,,,1,1069,,301559,9,0,7 38 9,1,839,,301560,17,,,1
4701,'20260925',618,,301561,17,,,1,92,,301562,17,,,1,30,,301563,17,,,1,1069,,301607,9,0,7 38 9,1,839,,301610,17,,,1
4701,'20260926',816,,301611,17,,,1,30,,301612,17,,,1,70,,301613,17,,,1,30,,301614,17,,,1,65,,301615,17,,,1,20,,301616,17,,,1,80,,301617,17,,,1,42,,301618,17,,,1,70,,301619,17,,,1,30,,301620,17,,,1,70,,301621,17,,,1,35,,301622,17,,,1,70,,301623,17,,,1,30,,301624,17,,,1,70,,301625,17,,,1,30,,301626,17,,,1,70,,301627,17,,,1,73,,301628,17,,,1,30,,301629,17,,,1,70,,301630,17,,,1,30,,301631,17,,,1,70,,301632,17,,,1,30,,301633,17,,,1,70,,301634,17,,,1,30,,301635,17,,,1,70,,301636,17,,,1,25,,301637,17,,,1,30,,301638,17,,,1,70,,301639,17,,,1,25,,301640,17,,,1,65,,301641,17,,,1,30,,301642,17,,,1,70,,301643,17,,,1,130,,301644,17,,,1,100,,301645,17,,,1
4701,'20260927',816,,301646,17,,,1,30,,301647,17,,,1,70,,301648,17,,,1,30,,301649,17,,,1,65,,301650,17,,,1,20,,301651,17,,,1,80,,301652,17,,,1,42,,301653,17,,,1,70,,301654,17,,,1,30,,301655,17,,,1,70,,301656,17,,,1,35,,301657,17,,,1,70,,301658,17,,,1,30,,301659,17,,,1,70,,301660,17,,,1,30,,301661,17,,,1,70,,301662,17,,,1,73,,301663,17,,,1,30,,301664,17,,,1,70,,301665,17,,,1,30,,301666,17,,,1,70,,301667,17,,,1,30,,301668,17,,,1,70,,301669,17,,,1,30,,301670,17,,,1,70,,301671,17,,,1,25,,301672,17,,,1,30,,301673,17,,,1,70,,301674,17,,,1,25,,301675,17,,,1,65,,301676,17,,,1,30,,301677,17,,,1,70,,301678,17,,,1,130,,301679,17,,,1,100,,301680,17,,,1
4701,'20260928',618,,301681,17,,,1,92,,301682,17,,,1,30,,301683,17,,,1,1069,,301724,9,0,7 38 9,1,839,,301725,17,,,1
4701,'20260929',618,,301726,17,,,1,92,,301727,17,,,1,30,,301728,17,,,1,1069,,301769,9,0,7 38 9,1,839,,301770,17,,,1
4701,'20260930',618,,301771,17,,,1,92,,301772,17,,,1,30,,301773,17,,,1,1069,,301814,9,0,7 38 9,1,839,,301815,17,,,1
4701,'20261001',618,,301816,17,,,1,92,,301817,17,,,1,30,,301818,17,,,1,1069,,301859,9,0,7 38 9,1,839,,301860,17,,,1
4701,'20261002',618,,301861,17,,,1,92,,301862,17,,,1,30,,301863,17,,,1,1069,,301907,9,0,7 38 9,1,839,,301910,17,,,1
4701,'20261003',816,,301911,17,,,1,30,,301912,17,,,1,70,,301913,17,,,1,30,,301914,17,,,1,65,,301915,17,,,1,20,,301916,17,,,1,80,,301917,17,,,1,42,,301918,17,,,1,70,,301919,17,,,1,30,,301920,17,,,1,70,,301921,17,,,1,35,,301922,17,,,1,70,,301923,17,,,1,30,,301924,17,,,1,70,,301925,17,,,1,30,,301926,17,,,1,70,,301927,17,,,1,73,,301928,17,,,1,30,,301929,17,,,1,70,,301930,17,,,1,30,,301931,17,,,1,70,,301932,17,,,1,30,,301933,17,,,1,70,,301934,17,,,1,30,,301935,17,,,1,70,,301936,17,,,1,25,,301937,17,,,1,30,,301938,17,,,1,70,,301939,17,,,1,25,,301940,17,,,1,65,,301941,17,,,1,30,,301942,17,,,1,70,,301943,17,,,1,130,,301944,17,,,1,100,,301945,17,,,1
4701,'20261004',816,,301946,17,,,1,30,,301947,17,,,1,70,,301948,17,,,1,30,,301949,17,,,1,65,,301950,17,,,1,20,,301951,17,,,1,80,,301952,17,,,1,42,,301953,17,,,1,70,,301954,17,,,1,30,,301955,17,,,1,70,,301956,17,,,1,35,,301957,17,,,1,70,,301958,17,,,1,30,,301959,17,,,1,70,,301960,17,,,1,30,,301961,17,,,1,70,,301962,17,,,1,73,,301963,17,,,1,30,,301964,17,,,1,70,,301965,17,,,1,30,,301966,17,,,1,70,,301967,17,,,1,30,,301968,17,,,1,70,,301969,17,,,1,30,,301970,17,,,1,70,,301971,17,,,1,25,,301972,17,,,1,30,,301973,17,,,1,70,,301974,17,,,1,25,,301975,17,,,1,65,,301976,17,,,1,30,,301977,17,,,1,70,,301978,17,,,1,130,,301979,17,,,1,100,,301980,17,,,1
4701,'20261005',618,,301981,17,,,1,92,,301982,17,,,1,30,,301983,17,,,1,1069,,302024,9,0,7 38 9,1,839,,302025,17,,,1
4701,'20261006',618,,302026,17,,,1,92,,302027,17,,,1,30,,302028,17,,,1,1069,,302069,9,0,7 38 9,1,839,,302070,17,,,1
4701,'20261007',618,,302071,17,,,1,92,,302072,17,,,1,30,,302073,17,,,1,1069,,302114,9,0,7 38 9,1,839,,302115,17,,,1
4701,'20261008',618,,302116,17,,,1,92,,302117,17,,,1,30,,302118,17,,,1,1069,,302159,9,0,7 38 9,1,839,,302160,17,,,1
4701,'20261009',618,,302161,17,,,1,92,,302162,17,,,1,30,,302163,17,,,1,1069,,302207,9,0,7 38 9,1,839,,302210,17,,,1
4701,'20261010',816,,302211,17,,,1,30,,302212,17,,,1,70,,302213,17,,,1,30,,302214,17,,,1,65,,302215,17,,,1,20,,302216,17,,,1,80,,302217,17,,,1,42,,302218,17,,,1,70,,302219,17,,,1,30,,302220,17,,,1,70,,302221,17,,,1,35,,302222,17,,,1,70,,302223,17,,,1,30,,302224,17,,,1,70,,302225,17,,,1,30,,302226,17,,,1,70,,302227,17,,,1,73,,302228,17,,,1,30,,302229,17,,,1,70,,302230,17,,,1,30,,302231,17,,,1,70,,302232,17,,,1,30,,302233,17,,,1,70,,302234,17,,,1,30,,302235,17,,,1,70,,302236,17,,,1,25,,302237,17,,,1,30,,302238,17,,,1,70,,302239,17,,,1,25,,302240,17,,,1,65,,302241,17,,,1,30,,302242,17,,,1,70,,302243,17,,,1,130,,302244,17,,,1,100,,302245,17,,,1
4701,'20261011',816,,302246,17,,,1,30,,302247,17,,,1,70,,302248,17,,,1,30,,302249,17,,,1,65,,302250,17,,,1,20,,302251,17,,,1,80,,302252,17,,,1,42,,302253,17,,,1,70,,302254,17,,,1,30,,302255,17,,,1,70,,302256,17,,,1,35,,302257,17,,,1,70,,302258,17,,,1,30,,302259,17,,,1,70,,302260,17,,,1,30,,302261,17,,,1,70,,302262,17,,,1,73,,302263,17,,,1,30,,302264,17,,,1,70,,302265,17,,,1,30,,302266,17,,,1,70,,302267,17,,,1,30,,302268,17,,,1,70,,302269,17,,,1,30,,302270,17,,,1,70,,302271,17,,,1,25,,302272,17,,,1,30,,302273,17,,,1,70,,302274,17,,,1,25,,302275,17,,,1,65,,302276,17,,,1,30,,302277,17,,,1,70,,302278,17,,,1,130,,302279,17,,,1,100,,302280,17,,,1
4701,'20261012',816,,302281,17,,,1,30,,302282,17,,,1,70,,302283,17,,,1,30,,302284,17,,,1,65,,302285,17,,,1,20,,302286,17,,,1,80,,302287,17,,,1,42,,302288,17,,,1,70,,302289,17,,,1,30,,302290,17,,,1,70,,302291,17,,,1,35,,302292,17,,,1,70,,302293,17,,,1,30,,302294,17,,,1,70,,302295,17,,,1,30,,302296,17,,,1,70,,302297,17,,,1,73,,302298,17,,,1,30,,302299,17,,,1,70,,302300,17,,,1,30,,302301,17,,,1,70,,302302,17,,,1,30,,302303,17,,,1,70,,302304,17,,,1,30,,302305,17,,,1,70,,302306,17,,,1,25,,302307,17,,,1,30,,302308,17,,,1,70,,302309,17,,,1,25,,302310,17,,,1,65,,302311,17,,,1,30,,302312,17,,,1,70,,302313,17,,,1,130,,302314,17,,,1,100,,302315,17,,,1
4701,'20261013',618,,302316,17,,,1,92,,302317,17,,,1,30,,302318,17,,,1,1069,,302359,9,0,7 38 9,1,839,,302360,17,,,1
4701,'20261014',618,,302361,17,,,1,92,,302362,17,,,1,30,,302363,17,,,1,1069,,302404,9,0,7 38 9,1,839,,302405,17,,,1
4701,'20261015',618,,302406,17,,,1,92,,302407,17,,,1,30,,302408,17,,,1,1069,,302449,9,0,7 38 9,1,839,,302450,17,,,1
4701,'20261016',618,,302451,17,,,1,92,,302452,17,,,1,30,,302453,17,,,1,1069,,302497,9,0,7 38 9,1,839,,302500,17,,,1
4701,'20261017',816,,302501,17,,,1,30,,302502,17,,,1,70,,302503,17,,,1,30,,302504,17,,,1,65,,302505,17,,,1,20,,302506,17,,,1,80,,302507,17,,,1,42,,302508,17,,,1,70,,302509,17,,,1,30,,302510,17,,,1,70,,302511,17,,,1,35,,302512,17,,,1,70,,302513,17,,,1,30,,302514,17,,,1,70,,302515,17,,,1,30,,302516,17,,,1,70,,302517,17,,,1,73,,302518,17,,,1,30,,302519,17,,,1,70,,302520,17,,,1,30,,302521,17,,,1,70,,302522,17,,,1,30,,302523,17,,,1,70,,302524,17,,,1,30,,302525,17,,,1,70,,302526,17,,,1,25,,302527,17,,,1,30,,302528,17,,,1,70,,302529,17,,,1,25,,302530,17,,,1,65,,302531,17,,,1,30,,302532,17,,,1,70,,302533,17,,,1,130,,302534,17,,,1,100,,302535,17,,,1
4701,'20261018',816,,302536,17,,,1,30,,302537,17,,,1,70,,302538,17,,,1,30,,302539,17,,,1,65,,302540,17,,,1,20,,302541,17,,,1,80,,302542,17,,,1,42,,302543,17,,,1,70,,302544,17,,,1,30,,302545,17,,,1,70,,302546,17,,,1,35,,302547,17,,,1,70,,302548,17,,,1,30,,302549,17,,,1,70,,302550,17,,,1,30,,302551,17,,,1,70,,302552,17,,,1,73,,302553,17,,,1,30,,302554,17,,,1,70,,302555,17,,,1,30,,302556,17,,,1,70,,302557,17,,,1,30,,302558,17,,,1,70,,302559,17,,,1,30,,302560,17,,,1,70,,302561,17,,,1,25,,302562,17,,,1,30,,302563,17,,,1,70,,302564,17,,,1,25,,302565,17,,,1,65,,302566,17,,,1,30,,302567,17,,,1,70,,302568,17,,,1,130,,302569,17,,,1,100,,302570,17,,,1
4701,'20261019',618,,302571,17,,,1,92,,302572,17,,,1,30,,302573,17,,,1,1069,,302614,9,0,7 38 9,1,839,,302615,17,,,1
4701,'20261020',618,,302616,17,,,1,92,,302617,17,,,1,30,,302618,17,,,1,1069,,302659,9,0,7 38 9,1,839,,302660,17,,,1
4701,'20261021',618,,302661,17,,,1,92,,302662,17,,,1,30,,302663,17,,,1,1069,,302704,9,0,7 38 9,1,839,,302705,17,,,1
4701,'20261022',618,,302706,17,,,1,92,,302707,17,,,1,30,,302708,17,,,1,1069,,302749,9,0,7 38 9,1,839,,302750,17,,,1
4701,'20261023',618,,302751,17,,,1,92,,302752,17,,,1,30,,302753,17,,,1,1069,,302797,9,0,7 38 9,1,839,,302800,17,,,1
4701,'20261024',816,,302801,17,,,1,30,,302802,17,,,1,70,,302803,17,,,1,30,,302804,17,,,1,65,,302805,17,,,1,20,,302806,17,,,1,80,,302807,17,,,1,42,,302808,17,,,1,70,,302809,17,,,1,30,,302810,17,,,1,70,,302811,17,,,1,35,,302812,17,,,1,70,,302813,17,,,1,30,,302814,17,,,1,70,,302815,17,,,1,30,,302816,17,,,1,70,,302817,17,,,1,73,,302818,17,,,1,30,,302819,17,,,1,70,,302820,17,,,1,30,,302821,17,,,1,70,,302822,17,,,1,30,,302823,17,,,1,70,,302824,17,,,1,30,,302825,17,,,1,70,,302826,17,,,1,25,,302827,17,,,1,30,,302828,17,,,1,70,,302829,17,,,1,25,,302830,17,,,1,65,,302831,17,,,1,30,,302832,17,,,1,70,,302833,17,,,1,130,,302834,17,,,1,100,,302835,17,,,1
4701,'20261025',816,,302836,17,,,1,30,,302837,17,,,1,70,,302838,17,,,1,30,,302839,17,,,1,65,,302840,17,,,1,20,,302841,17,,,1,80,,302842,17,,,1,42,,302843,17,,,1,70,,302844,17,,,1,30,,302845,17,,,1,70,,302846,17,,,1,35,,302847,17,,,1,70,,302848,17,,,1,30,,302849,17,,,1,70,,302850,17,,,1,30,,302851,17,,,1,70,,302852,17,,,1,73,,302853,17,,,1,30,,302854,17,,,1,70,,302855,17,,,1,30,,302856,17,,,1,70,,302857,17,,,1,30,,302858,17,,,1,70,,302859,17,,,1,30,,302860,17,,,1,70,,302861,17,,,1,25,,302862,17,,,1,30,,302863,17,,,1,70,,302864,17,,,1,25,,302865,17,,,1,65,,302866,17,,,1,30,,302867,17,,,1,70,,302868,17,,,1,130,,302869,17,,,1,100,,302870,17,,,1
4701,'20261026',618,,302871,17,,,1,92,,302872,17,,,1,30,,302873,17,,,1,1069,,302914,9,0,7 38 9,1,839,,302915,17,,,1
4701,'20261027',618,,302916,17,,,1,92,,302917,17,,,1,30,,302918,17,,,1,1069,,302959,9,0,7 38 9,1,839,,302960,17,,,1
4701,'20261028',618,,302961,17,,,1,92,,302962,17,,,1,30,,302963,17,,,1,1069,,303004,9,0,7 38 9,1,839,,303005,17,,,1
4701,'20261029',618,,303006,17,,,1,92,,303007,17,,,1,30,,303008,17,,,1,1069,,303049,9,0,7 38 9,1,839,,303050,17,,,1
4701,'20261030',618,,303051,17,,,1,92,,303052,17,,,1,30,,303053,17,,,1,1069,,303097,9,0,7 38 9,1,839,,303100,17,,,1
4701,'20261031',816,,303101,17,,,1,30,,303102,17,,,1,70,,303103,17,,,1,30,,303104,17,,,1,65,,303105,17,,,1,20,,303106,17,,,1,80,,303107,17,,,1,42,,303108,17,,,1,70,,303109,17,,,1,30,,303110,17,,,1,70,,303111,17,,,1,35,,303112,17,,,1,70,,303113,17,,,1,30,,303114,17,,,1,70,,303115,17,,,1,30,,303116,17,,,1,70,,303117,17,,,1,73,,303118,17,,,1,30,,303119,17,,,1,70,,303120,17,,,1,30,,303121,17,,,1,70,,303122,17,,,1,30,,303123,17,,,1,70,,303124,17,,,1,30,,303125,17,,,1,70,,303126,17,,,1,25,,303127,17,,,1,30,,303128,17,,,1,70,,303129,17,,,1,25,,303130,17,,,1,65,,303131,17,,,1,30,,303132,17,,,1,70,,303133,17,,,1,130,,303134,17,,,1,100,,303135,17,,,1
4701,'20261101',816,,303136,17,,,1,30,,303137,17,,,1,70,,303138,17,,,1,30,,303139,17,,,1,65,,303140,17,,,1,20,,303141,17,,,1,80,,303142,17,,,1,42,,303143,17,,,1,70,,303144,17,,,1,30,,303145,17,,,1,70,,303146,17,,,1,35,,303147,17,,,1,70,,303148,17,,,1,30,,303149,17,,,1,70,,303150,17,,,1,30,,303151,17,,,1,70,,303152,17,,,1,73,,303153,17,,,1,30,,303154,17,,,1,70,,303155,17,,,1,30,,303156,17,,,1,70,,303157,17,,,1,30,,303158,17,,,1,70,,303159,17,,,1,30,,303160,17,,,1,70,,303161,17,,,1,25,,303162,17,,,1,30,,303163,17,,,1,70,,303164,17,,,1,25,,303165,17,,,1,65,,303166,17,,,1,30,,303167,17,,,1,70,,303168,17,,,1,130,,303169,17,,,1,100,,303170,17,,,1
4701,'20261102',618,,303171,17,,,1,92,,303172,17,,,1,30,,303173,17,,,1,1069,,303214,9,0,7 38 9,1,839,,303215,17,,,1
4701,'20261103',618,,303216,17,,,1,92,,303217,17,,,1,30,,303218,17,,,1,1069,,303259,9,0,7 38 9,1,839,,303260,17,,,1
4701,'20261104',618,,303261,17,,,1,92,,303262,17,,,1,30,,303263,17,,,1,1069,,303304,9,0,7 38 9,1,839,,303305,17,,,1
4701,'20261105',618,,303306,17,,,1,92,,303307,17,,,1,30,,303308,17,,,1,1069,,303349,9,0,7 38 9,1,839,,303350,17,,,1
4701,'20261106',618,,303351,17,,,1,92,,303352,17,,,1,30,,303353,17,,,1,1069,,303397,9,0,7 38 9,1,839,,303400,17,,,1
4701,'20261107',816,,303401,17,,,1,30,,303402,17,,,1,70,,303403,17,,,1,30,,303404,17,,,1,65,,303405,17,,,1,20,,303406,17,,,1,80,,303407,17,,,1,42,,303408,17,,,1,70,,303409,17,,,1,30,,303410,17,,,1,70,,303411,17,,,1,35,,303412,17,,,1,70,,303413,17,,,1,30,,303414,17,,,1,70,,303415,17,,,1,30,,303416,17,,,1,70,,303417,17,,,1,73,,303418,17,,,1,30,,303419,17,,,1,70,,303420,17,,,1,30,,303421,17,,,1,70,,303422,17,,,1,30,,303423,17,,,1,70,,303424,17,,,1,30,,303425,17,,,1,70,,303426,17,,,1,25,,303427,17,,,1,30,,303428,17,,,1,70,,303429,17,,,1,25,,303430,17,,,1,65,,303431,17,,,1,30,,303432,17,,,1,70,,303433,17,,,1,130,,303434,17,,,1,100,,303435,17,,,1
4701,'20261108',816,,303436,17,,,1,30,,303437,17,,,1,70,,303438,17,,,1,30,,303439,17,,,1,65,,303440,17,,,1,20,,303441,17,,,1,80,,303442,17,,,1,42,,303443,17,,,1,70,,303444,17,,,1,30,,303445,17,,,1,70,,303446,17,,,1,35,,303447,17,,,1,70,,303448,17,,,1,30,,303449,17,,,1,70,,303450,17,,,1,30,,303451,17,,,1,70,,303452,17,,,1,73,,303453,17,,,1,30,,303454,17,,,1,70,,303455,17,,,1,30,,303456,17,,,1,70,,303457,17,,,1,30,,303458,17,,,1,70,,303459,17,,,1,30,,303460,17,,,1,70,,303461,17,,,1,25,,303462,17,,,1,30,,303463,17,,,1,70,,303464,17,,,1,25,,303465,17,,,1,65,,303466,17,,,1,30,,303467,17,,,1,70,,303468,17,,,1,130,,303469,17,,,1,100,,303470,17,,,1
4701,'20261109',618,,303471,17,,,1,92,,303472,17,,,1,30,,303473,17,,,1,1069,,303514,9,0,7 38 9,1,839,,303515,17,,,1
4701,'20261110',618,,303516,17,,,1,92,,303517,17,,,1,30,,303518,17,,,1,1069,,303559,9,0,7 38 9,1,839,,303560,17,,,1
4701,'20261111',618,,303561,17,,,1,92,,303562,17,,,1,30,,303563,17,,,1,1069,,303604,9,0,7 38 9,1,839,,303605,17,,,1
4701,'20261112',618,,303606,17,,,1,92,,303607,17,,,1,30,,303608,17,,,1,1069,,303649,9,0,7 38 9,1,839,,303650,17,,,1
4701,'20261113',618,,303651,17,,,1,92,,303652,17,,,1,30,,303653,17,,,1,1069,,303697,9,0,7 38 9,1,839,,303700,17,,,1
4701,'20261114',816,,303701,17,,,1,30,,303702,17,,,1,70,,303703,17,,,1,30,,303704,17,,,1,65,,303705,17,,,1,20,,303706,17,,,1,80,,303707,17,,,1,42,,303708,17,,,1,70,,303709,17,,,1,30,,303710,17,,,1,70,,303711,17,,,1,35,,303712,17,,,1,70,,303713,17,,,1,30,,303714,17,,,1,70,,303715,17,,,1,30,,303716,17,,,1,70,,303717,17,,,1,73,,303718,17,,,1,30,,303719,17,,,1,70,,303720,17,,,1,30,,303721,17,,,1,70,,303722,17,,,1,30,,303723,17,,,1,70,,303724,17,,,1,30,,303725,17,,,1,70,,303726,17,,,1,25,,303727,17,,,1,30,,303728,17,,,1,70,,303729,17,,,1,25,,303730,17,,,1,65,,303731,17,,,1,30,,303732,17,,,1,70,,303733,17,,,1,130,,303734,17,,,1,100,,303735,17,,,1
4701,'20261115',816,,303736,17,,,1,30,,303737,17,,,1,70,,303738,17,,,1,30,,303739,17,,,1,65,,303740,17,,,1,20,,303741,17,,,1,80,,303742,17,,,1,42,,303743,17,,,1,70,,303744,17,,,1,30,,303745,17,,,1,70,,303746,17,,,1,35,,303747,17,,,1,70,,303748,17,,,1,30,,303749,17,,,1,70,,303750,17,,,1,30,,303751,17,,,1,70,,303752,17,,,1,73,,303753,17,,,1,30,,303754,17,,,1,70,,303755,17,,,1,30,,303756,17,,,1,70,,303757,17,,,1,30,,303758,17,,,1,70,,303759,17,,,1,30,,303760,17,,,1,70,,303761,17,,,1,25,,303762,17,,,1,30,,303763,17,,,1,70,,303764,17,,,1,25,,303765,17,,,1,65,,303766,17,,,1,30,,303767,17,,,1,70,,303768,17,,,1,130,,303769,17,,,1,100,,303770,17,,,1
4701,'20261116',618,,303771,17,,,1,92,,303772,17,,,1,30,,303773,17,,,1,1069,,303814,9,0,7 38 9,1,839,,303815,17,,,1
4701,'20261117',618,,303816,17,,,1,92,,303817,17,,,1,30,,303818,17,,,1,1069,,303859,9,0,7 38 9,1,839,,303860,17,,,1
4701,'20261118',618,,303861,17,,,1,92,,303862,17,,,1,30,,303863,17,,,1,1069,,303904,9,0,7 38 9,1,839,,303905,17,,,1
4701,'20261119',618,,303906,17,,,1,92,,303907,17,,,1,30,,303908,17,,,1,1069,,303949,9,0,7 38 9,1,839,,303950,17,,,1
4701,'20261120',618,,303951,17,,,1,92,,303952,17,,,1,30,,303953,17,,,1,1069,,303997,9,0,7 38 9,1,839,,304000,17,,,1
4701,'20261121',816,,304001,17,,,1,30,,304002,17,,,1,70,,304003,17,,,1,30,,304004,17,,,1,65,,304005,17,,,1,20,,304006,17,,,1,80,,304007,17,,,1,42,,304008,17,,,1,70,,304009,17,,,1,30,,304010,17,,,1,70,,304011,17,,,1,35,,304012,17,,,1,70,,304013,17,,,1,30,,304014,17,,,1,70,,304015,17,,,1,30,,304016,17,,,1,70,,304017,17,,,1,73,,304018,17,,,1,30,,304019,17,,,1,70,,304020,17,,,1,30,,304021,17,,,1,70,,304022,17,,,1,30,,304023,17,,,1,70,,304024,17,,,1,30,,304025,17,,,1,70,,304026,17,,,1,25,,304027,17,,,1,30,,304028,17,,,1,70,,304029,17,,,1,25,,304030,17,,,1,65,,304031,17,,,1,30,,304032,17,,,1,70,,304033,17,,,1,130,,304034,17,,,1,100,,304035,17,,,1
4701,'20261122',816,,304036,17,,,1,30,,304037,17,,,1,70,,304038,17,,,1,30,,304039,17,,,1,65,,304040,17,,,1,20,,304041,17,,,1,80,,304042,17,,,1,42,,304043,17,,,1,70,,304044,17,,,1,30,,304045,17,,,1,70,,304046,17,,,1,35,,304047,17,,,1,70,,304048,17,,,1,30,,304049,17,,,1,70,,304050,17,,,1,30,,304051,17,,,1,70,,304052,17,,,1,73,,304053,17,,,1,30,,304054,17,,,1,70,,304055,17,,,1,30,,304056,17,,,1,70,,304057,17,,,1,30,,304058,17,,,1,70,,304059,17,,,1,30,,304060,17,,,1,70,,304061,17,,,1,25,,304062,17,,,1,30,,304063,17,,,1,70,,304064,17,,,1,25,,304065,17,,,1,65,,304066,17,,,1,30,,304067,17,,,1,70,,304068,17,,,1,130,,304069,17,,,1,100,,304070,17,,,1
4701,'20261123',618,,304071,17,,,1,92,,304072,17,,,1,30,,304073,17,,,1,1069,,304114,9,0,7 38 9,1,839,,304115,17,,,1
4701,'20261124',618,,304116,17,,,1,92,,304117,17,,,1,30,,304118,17,,,1,1069,,304159,9,0,7 38 9,1,839,,304160,17,,,1
4701,'20261125',618,,304161,17,,,1,92,,304162,17,,,1,30,,304163,17,,,1,1069,,304204,9,0,7 38 9,1,839,,304205,17,,,1
4701,'20261126',618,,304206,17,,,1,92,,304207,17,,,1,30,,304208,17,,,1,1069,,304249,9,0,7 38 9,1,839,,304250,17,,,1
4701,'20261127',618,,304251,17,,,1,92,,304252,17,,,1,30,,304253,17,,,1,1069,,304297,9,0,7 38 9,1,839,,304300,17,,,1
