1100,'20260831',1035,,120393,10,,,1,100,,120394,10,,,1,200,,120395,10,,,1,201,,120396,10,,,1,196,,120397,10,,,1,102,,120398,10,,,1,100,,120399,10,,,1,203,,120400,10,,,1
1100,'20260901',1035,,120401,10,,,1,100,,120402,10,,,1,200,,120403,10,,,1,201,,120404,10,,,1,196,,120405,10,,,1,102,,120406,10,,,1,100,,120407,10,,,1,203,,120408,10,,,1
1100,'20260902',1035,,120409,10,,,1,100,,120410,10,,,1,200,,120411,10,,,1,201,,120412,10,,,1,196,,120413,10,,,1,102,,120414,10,,,1,100,,120415,10,,,1,203,,120416,10,,,1
1100,'20260903',1035,,120417,10,,,1,100,,120418,10,,,1,200,,120419,10,,,1,201,,120420,10,,,1,196,,120421,10,,,1,102,,120422,10,,,1,100,,120423,10,,,1,203,,120424,10,,,1
1100,'20260904',1035,,120425,10,,,1,100,,120426,10,,,1,200,,120427,10,,,1,201,,120428,10,,,1,196,,120429,10,,,1,102,,120430,10,,,1,100,,120431,10,,,1,203,,120432,10,,,1
1100,'20260908',1035,,220571,10,,,1,100,,220572,10,,,1,200,,220573,10,,,1,201,,220574,10,,,1,196,,220575,10,,,1,102,,220576,10,,,1,100,,220577,10,,,1,203,,220578,10,,,1
1100,'20260909',1035,,220579,10,,,1,100,,220580,10,,,1,200,,220581,10,,,1,201,,220582,10,,,1,196,,220583,10,,,1,102,,220584,10,,,1,100,,220585,10,,,1,203,,220586,10,,,1
1100,'20260910',1035,,220587,10,,,1,100,,220588,10,,,1,200,,220589,10,,,1,201,,220590,10,,,1,196,,220591,10,,,1,102,,220592,10,,,1,100,,220593,10,,,1,203,,220594,10,,,1
1100,'20260911',1035,,220595,10,,,1,100,,220596,10,,,1,200,,220597,10,,,1,201,,220598,10,,,1,196,,220599,10,,,1,102,,220600,10,,,1,100,,220601,10,,,1,203,,220602,10,,,1
1100,'20260914',1035,,220603,10,,,1,100,,220604,10,,,1,200,,220605,10,,,1,201,,220606,10,,,1,196,,220607,10,,,1,102,,220608,10,,,1,100,,220609,10,,,1,203,,220610,10,,,1
1100,'20260915',1035,,220611,10,,,1,100,,220612,10,,,1,200,,220613,10,,,1,201,,220614,10,,,1,196,,220615,10,,,1,102,,220616,10,,,1,100,,220617,10,,,1,203,,220618,10,,,1
1100,'20260916',1035,,220619,10,,,1,100,,220620,10,,,1,200,,220621,10,,,1,201,,220622,10,,,1,196,,220623,10,,,1,102,,220624,10,,,1,100,,220625,10,,,1,203,,220626,10,,,1
1100,'20260917',1035,,220627,10,,,1,100,,220628,10,,,1,200,,220629,10,,,1,201,,220630,10,,,1,196,,220631,10,,,1,102,,220632,10,,,1,100,,220633,10,,,1,203,,220634,10,,,1
1100,'20260918',1035,,220635,10,,,1,100,,220636,10,,,1,200,,220637,10,,,1,201,,220638,10,,,1,196,,220639,10,,,1,102,,220640,10,,,1,100,,220641,10,,,1,203,,220642,10,,,1
1100,'20260921',1035,,220643,10,,,1,100,,220644,10,,,1,200,,220645,10,,,1,201,,220646,10,,,1,196,,220647,10,,,1,102,,220648,10,,,1,100,,220649,10,,,1,203,,220650,10,,,1
1100,'20260922',1035,,220651,10,,,1,100,,220652,10,,,1,200,,220653,10,,,1,201,,220654,10,,,1,196,,220655,10,,,1,102,,220656,10,,,1,100,,220657,10,,,1,203,,220658,10,,,1
1100,'20260923',1035,,220659,10,,,1,100,,220660,10,,,1,200,,220661,10,,,1,201,,220662,10,,,1,196,,220663,10,,,1,102,,220664,10,,,1,100,,220665,10,,,1,203,,220666,10,,,1
1100,'20260924',1035,,220667,10,,,1,100,,220668,10,,,1,200,,220669,10,,,1,201,,220670,10,,,1,196,,220671,10,,,1,102,,220672,10,,,1,100,,220673,10,,,1,203,,220674,10,,,1
1100,'20260925',1035,,220675,10,,,1,100,,220676,10,,,1,200,,220677,10,,,1,201,,220678,10,,,1,196,,220679,10,,,1,102,,220680,10,,,1,100,,220681,10,,,1,203,,220682,10,,,1
1100,'20260928',1035,,220683,10,,,1,100,,220684,10,,,1,200,,220685,10,,,1,201,,220686,10,,,1,196,,220687,10,,,1,102,,220688,10,,,1,100,,220689,10,,,1,203,,220690,10,,,1
1100,'20260929',1035,,220691,10,,,1,100,,220692,10,,,1,200,,220693,10,,,1,201,,220694,10,,,1,196,,220695,10,,,1,102,,220696,10,,,1,100,,220697,10,,,1,203,,220698,10,,,1
1100,'20260930',1035,,220699,10,,,1,100,,220700,10,,,1,200,,220701,10,,,1,201,,220702,10,,,1,196,,220703,10,,,1,102,,220704,10,,,1,100,,220705,10,,,1,203,,220706,10,,,1
1100,'20261001',1035,,220707,10,,,1,100,,220708,10,,,1,200,,220709,10,,,1,201,,220710,10,,,1,196,,220711,10,,,1,102,,220712,10,,,1,100,,220713,10,,,1,203,,220714,10,,,1
1100,'20261002',1035,,220715,10,,,1,100,,220716,10,,,1,200,,220717,10,,,1,201,,220718,10,,,1,196,,220719,10,,,1,102,,220720,10,,,1,100,,220721,10,,,1,203,,220722,10,,,1
1100,'20261005',1035,,220723,10,,,1,100,,220724,10,,,1,200,,220725,10,,,1,201,,220726,10,,,1,196,,220727,10,,,1,102,,220728,10,,,1,100,,220729,10,,,1,203,,220730,10,,,1
1100,'20261006',1035,,220731,10,,,1,100,,220732,10,,,1,200,,220733,10,,,1,201,,220734,10,,,1,196,,220735,10,,,1,102,,220736,10,,,1,100,,220737,10,,,1,203,,220738,10,,,1
1100,'20261007',1035,,220739,10,,,1,100,,220740,10,,,1,200,,220741,10,,,1,201,,220742,10,,,1,196,,220743,10,,,1,102,,220744,10,,,1,100,,220745,10,,,1,203,,220746,10,,,1
1100,'20261008',1035,,220747,10,,,1,100,,220748,10,,,1,200,,220749,10,,,1,201,,220750,10,,,1,196,,220751,10,,,1,102,,220752,10,,,1,100,,220753,10,,,1,203,,220754,10,,,1
1100,'20261009',1035,,220755,10,,,1,100,,220756,10,,,1,200,,220757,10,,,1,201,,220758,10,,,1,196,,220759,10,,,1,102,,220760,10,,,1,100,,220761,10,,,1,203,,220762,10,,,1
1100,'20261013',1035,,220763,10,,,1,100,,220764,10,,,1,200,,220765,10,,,1,201,,220766,10,,,1,196,,220767,10,,,1,102,,220768,10,,,1,100,,220769,10,,,1,203,,220770,10,,,1
1100,'20261014',1035,,220771,10,,,1,100,,220772,10,,,1,200,,220773,10,,,1,201,,220774,10,,,1,196,,220775,10,,,1,102,,220776,10,,,1,100,,220777,10,,,1,203,,220778,10,,,1
1100,'20261015',1035,,220779,10,,,1,100,,220780,10,,,1,200,,220781,10,,,1,201,,220782,10,,,1,196,,220783,10,,,1,102,,220784,10,,,1,100,,220785,10,,,1,203,,220786,10,,,1
1100,'20261016',1035,,220787,10,,,1,100,,220788,10,,,1,200,,220789,10,,,1,201,,220790,10,,,1,196,,220791,10,,,1,102,,220792,10,,,1,100,,220793,10,,,1,203,,220794,10,,,1
1100,'20261019',1035,,220795,10,,,1,100,,220796,10,,,1,200,,220797,10,,,1,201,,220798,10,,,1,196,,220799,10,,,1,102,,220800,10,,,1,100,,220801,10,,,1,203,,220802,10,,,1
1100,'20261020',1035,,220803,10,,,1,100,,220804,10,,,1,200,,220805,10,,,1,201,,220806,10,,,1,196,,220807,10,,,1,102,,220808,10,,,1,100,,220809,10,,,1,203,,220810,10,,,1
1100,'20261021',1035,,220811,10,,,1,100,,220812,10,,,1,200,,220813,10,,,1,201,,220814,10,,,1,196,,220815,10,,,1,102,,220816,10,,,1,100,,220817,10,,,1,203,,220818,10,,,1
1100,'20261022',1035,,220819,10,,,1,100,,220820,10,,,1,200,,220821,10,,,1,201,,220822,10,,,1,196,,220823,10,,,1,102,,220824,10,,,1,100,,220825,10,,,1,203,,220826,10,,,1
1100,'20261023',1035,,220827,10,,,1,100,,220828,10,,,1,200,,220829,10,,,1,201,,220830,10,,,1,196,,220831,10,,,1,102,,220832,10,,,1,100,,220833,10,,,1,203,,220834,10,,,1
1100,'20261026',1035,,220835,10,,,1,100,,220836,10,,,1,200,,220837,10,,,1,201,,220838,10,,,1,196,,220839,10,,,1,102,,220840,10,,,1,100,,220841,10,,,1,203,,220842,10,,,1
1100,'20261027',1035,,220843,10,,,1,100,,220844,10,,,1,200,,220845,10,,,1,201,,220846,10,,,1,196,,220847,10,,,1,102,,220848,10,,,1,100,,220849,10,,,1,203,,220850,10,,,1
1100,'20261028',1035,,220851,10,,,1,100,,220852,10,,,1,200,,220853,10,,,1,201,,220854,10,,,1,196,,220855,10,,,1,102,,220856,10,,,1,100,,220857,10,,,1,203,,220858,10,,,1
1100,'20261029',1035,,220859,10,,,1,100,,220860,10,,,1,200,,220861,10,,,1,201,,220862,10,,,1,196,,220863,10,,,1,102,,220864,10,,,1,100,,220865,10,,,1,203,,220866,10,,,1
1100,'20261030',1035,,220867,10,,,1,100,,220868,10,,,1,200,,220869,10,,,1,201,,220870,10,,,1,196,,220871,10,,,1,102,,220872,10,,,1,100,,220873,10,,,1,203,,220874,10,,,1
1100,'20261102',1035,,220875,10,,,1,100,,220876,10,,,1,200,,220877,10,,,1,201,,220878,10,,,1,196,,220879,10,,,1,102,,220880,10,,,1,100,,220881,10,,,1,203,,220882,10,,,1
1100,'20261103',1035,,220883,10,,,1,100,,220884,10,,,1,200,,220885,10,,,1,201,,220886,10,,,1,196,,220887,10,,,1,102,,220888,10,,,1,100,,220889,10,,,1,203,,220890,10,,,1
1100,'20261104',1035,,220891,10,,,1,100,,220892,10,,,1,200,,220893,10,,,1,201,,220894,10,,,1,196,,220895,10,,,1,102,,220896,10,,,1,100,,220897,10,,,1,203,,220898,10,,,1
1100,'20261105',1035,,220899,10,,,1,100,,220900,10,,,1,200,,220901,10,,,1,201,,220902,10,,,1,196,,220903,10,,,1,102,,220904,10,,,1,100,,220905,10,,,1,203,,220906,10,,,1
1100,'20261106',1035,,220907,10,,,1,100,,220908,10,,,1,200,,220909,10,,,1,201,,220910,10,,,1,196,,220911,10,,,1,102,,220912,10,,,1,100,,220913,10,,,1,203,,220914,10,,,1
1100,'20261109',1035,,220915,10,,,1,100,,220916,10,,,1,200,,220917,10,,,1,201,,220918,10,,,1,196,,220919,10,,,1,102,,220920,10,,,1,100,,220921,10,,,1,203,,220922,10,,,1
1100,'20261110',1035,,220923,10,,,1,100,,220924,10,,,1,200,,220925,10,,,1,201,,220926,10,,,1,196,,220927,10,,,1,102,,220928,10,,,1,100,,220929,10,,,1,203,,220930,10,,,1
1100,'20261111',1035,,220931,10,,,1,100,,220932,10,,,1,200,,220933,10,,,1,201,,220934,10,,,1,196,,220935,10,,,1,102,,220936,10,,,1,100,,220937,10,,,1,203,,220938,10,,,1
1100,'20261112',1035,,220939,10,,,1,100,,220940,10,,,1,200,,220941,10,,,1,201,,220942,10,,,1,196,,220943,10,,,1,102,,220944,10,,,1,100,,220945,10,,,1,203,,220946,10,,,1
1100,'20261113',1035,,220947,10,,,1,100,,220948,10,,,1,200,,220949,10,,,1,201,,220950,10,,,1,196,,220951,10,,,1,102,,220952,10,,,1,100,,220953,10,,,1,203,,220954,10,,,1
1100,'20261116',1035,,220955,10,,,1,100,,220956,10,,,1,200,,220957,10,,,1,201,,220958,10,,,1,196,,220959,10,,,1,102,,220960,10,,,1,100,,220961,10,,,1,203,,220962,10,,,1
1100,'20261117',1035,,220963,10,,,1,100,,220964,10,,,1,200,,220965,10,,,1,201,,220966,10,,,1,196,,220967,10,,,1,102,,220968,10,,,1,100,,220969,10,,,1,203,,220970,10,,,1
1100,'20261118',1035,,220971,10,,,1,100,,220972,10,,,1,200,,220973,10,,,1,201,,220974,10,,,1,196,,220975,10,,,1,102,,220976,10,,,1,100,,220977,10,,,1,203,,220978,10,,,1
1100,'20261119',1035,,220979,10,,,1,100,,220980,10,,,1,200,,220981,10,,,1,201,,220982,10,,,1,196,,220983,10,,,1,102,,220984,10,,,1,100,,220985,10,,,1,203,,220986,10,,,1
1100,'20261120',1035,,220987,10,,,1,100,,220988,10,,,1,200,,220989,10,,,1,201,,220990,10,,,1,196,,220991,10,,,1,102,,220992,10,,,1,100,,220993,10,,,1,203,,220994,10,,,1
1100,'20261123',1035,,220995,10,,,1,100,,220996,10,,,1,200,,220997,10,,,1,201,,220998,10,,,1,196,,220999,10,,,1,102,,221000,10,,,1,100,,221001,10,,,1,203,,221002,10,,,1
1100,'20261124',1035,,221003,10,,,1,100,,221004,10,,,1,200,,221005,10,,,1,201,,221006,10,,,1,196,,221007,10,,,1,102,,221008,10,,,1,100,,221009,10,,,1,203,,221010,10,,,1
1100,'20261125',1035,,221011,10,,,1,100,,221012,10,,,1,200,,221013,10,,,1,201,,221014,10,,,1,196,,221015,10,,,1,102,,221016,10,,,1,100,,221017,10,,,1,203,,221018,10,,,1
1100,'20261126',1035,,221019,10,,,1,100,,221020,10,,,1,200,,221021,10,,,1,201,,221022,10,,,1,196,,221023,10,,,1,102,,221024,10,,,1,100,,221025,10,,,1,203,,221026,10,,,1
1100,'20261127',1035,,221027,10,,,1,100,,221028,10,,,1,200,,221029,10,,,1,201,,221030,10,,,1,196,,221031,10,,,1,102,,221032,10,,,1,100,,221033,10,,,1,203,,221034,10,,,1
1600,'20260831',519,,130169,4,,,1,340,,130170,4,,,1,100,,130171,4,,,1,100,,130172,4,,,1,97,,130173,4,,,1,145,,130174,4,,,1,451,,130175,4,,,1,150,,130176,4,,,1,99,,130177,4,,,1,100,,130178,4,,,1,100,,130179,4,,,1,100,,130180,4,,,1,128,,130181,4,,,1
1600,'20260901',519,,130182,4,,,1,340,,130183,4,,,1,100,,130184,4,,,1,100,,130185,4,,,1,97,,130186,4,,,1,145,,130187,4,,,1,451,,130188,4,,,1,150,,130189,4,,,1,99,,130190,4,,,1,100,,130191,4,,,1,100,,130192,4,,,1,100,,130193,4,,,1,128,,130194,4,,,1
1600,'20260902',519,,130195,4,,,1,340,,130196,4,,,1,100,,130197,4,,,1,100,,130198,4,,,1,97,,130199,4,,,1,145,,130200,4,,,1,451,,130201,4,,,1,150,,130202,4,,,1,99,,130203,4,,,1,100,,130204,4,,,1,100,,130205,4,,,1,100,,130206,4,,,1,128,,130207,4,,,1
1600,'20260903',519,,130208,4,,,1,340,,130209,4,,,1,100,,130210,4,,,1,100,,130211,4,,,1,97,,130212,4,,,1,145,,130213,4,,,1,451,,130214,4,,,1,150,,130215,4,,,1,99,,130216,4,,,1,100,,130217,4,,,1,100,,130218,4,,,1,100,,130219,4,,,1,128,,130220,4,,,1
1600,'20260904',519,,130221,4,,,1,340,,130222,4,,,1,100,,130223,4,,,1,100,,130224,4,,,1,97,,130225,4,,,1,145,,130226,4,,,1,451,,130227,4,,,1,150,,130228,4,,,1,99,,130229,4,,,1,100,,130230,4,,,1,100,,130231,4,,,1,100,,130232,4,,,1,128,,130233,4,,,1
1600,'20260905',604,,229099,4,,,1,100,,229100,4,,,1,100,,229101,4,,,1,55,,229102,4,,,1,70,,229103,4,,,1,30,,229104,4,,,1,70,,229105,4,,,1,26,,229106,4,,,1,65,,229107,4,,,1,30,,229108,4,,,1,65,,229109,4,,,1,25,,229110,4,,,1,75,,229111,4,,,1,30,,229112,4,,,1,75,,229113,4,,,1,30,,229114,4,,,1,70,,229115,4,,,1,30,,229116,4,,,1,70,,229117,4,,,1,30,,229118,4,,,1,70,,229119,4,,,1,30,,229120,4,,,1,65,,229121,4,,,1,40,,229122,4,,,1,145,,229123,4,,,1,100,,229124,4,,,1,105,,229125,4,,,1,99,,229126,4,,,1,100,,229127,4,,,1,100,,229128,4,,,1
1600,'20260906',604,,229129,4,,,1,100,,229130,4,,,1,100,,229131,4,,,1,55,,229132,4,,,1,70,,229133,4,,,1,30,,229134,4,,,1,70,,229135,4,,,1,26,,229136,4,,,1,65,,229137,4,,,1,30,,229138,4,,,1,65,,229139,4,,,1,25,,229140,4,,,1,75,,229141,4,,,1,30,,229142,4,,,1,75,,229143,4,,,1,30,,229144,4,,,1,70,,229145,4,,,1,30,,229146,4,,,1,70,,229147,4,,,1,30,,229148,4,,,1,70,,229149,4,,,1,30,,229150,4,,,1,65,,229151,4,,,1,40,,229152,4,,,1,145,,229153,4,,,1,100,,229154,4,,,1,105,,229155,4,,,1,99,,229156,4,,,1,100,,229157,4,,,1,100,,229158,4,,,1
1600,'20260907',604,,229159,4,,,1,100,,229160,4,,,1,100,,229161,4,,,1,55,,229162,4,,,1,70,,229163,4,,,1,30,,229164,4,,,1,70,,229165,4,,,1,26,,229166,4,,,1,65,,229167,4,,,1,30,,229168,4,,,1,65,,229169,4,,,1,25,,229170,4,,,1,75,,229171,4,,,1,30,,229172,4,,,1,75,,229173,4,,,1,30,,229174,4,,,1,70,,229175,4,,,1,30,,229176,4,,,1,70,,229177,4,,,1,30,,229178,4,,,1,70,,229179,4,,,1,30,,229180,4,,,1,65,,229181,4,,,1,40,,229182,4,,,1,145,,229183,4,,,1,100,,229184,4,,,1,105,,229185,4,,,1,99,,229186,4,,,1,100,,229187,4,,,1,100,,229188,4,,,1
1600,'20260908',519,,229189,4,,,1,340,,229190,4,,,1,100,,229191,4,,,1,142,,229192,4,,,1,55,,229193,4,,,1,145,,229194,4,,,1,451,,229195,4,,,1,150,,229196,4,,,1,99,,229197,4,,,1,100,,229198,4,,,1,100,,229199,4,,,1,100,,229200,4,,,1,128,,229201,4,,,1
1600,'20260909',519,,229202,4,,,1,340,,229203,4,,,1,100,,229204,4,,,1,142,,229205,4,,,1,55,,229206,4,,,1,145,,229207,4,,,1,451,,229208,4,,,1,150,,229209,4,,,1,99,,229210,4,,,1,100,,229211,4,,,1,100,,229212,4,,,1,100,,229213,4,,,1,128,,229214,4,,,1
1600,'20260910',519,,229215,4,,,1,340,,229216,4,,,1,100,,229217,4,,,1,142,,229218,4,,,1,55,,229219,4,,,1,145,,229220,4,,,1,451,,229221,4,,,1,150,,229222,4,,,1,99,,229223,4,,,1,100,,229224,4,,,1,100,,229225,4,,,1,100,,229226,4,,,1,128,,229227,4,,,1
1600,'20260911',519,,229228,4,,,1,340,,229229,4,,,1,100,,229230,4,,,1,142,,229231,4,,,1,55,,229232,4,,,1,145,,229233,4,,,1,451,,229234,4,,,1,150,,229235,4,,,1,99,,229236,4,,,1,100,,229237,4,,,1,100,,229238,4,,,1,100,,229239,4,,,1,128,,229240,4,,,1
1600,'20260912',604,,229241,4,,,1,100,,229242,4,,,1,100,,229243,4,,,1,55,,229244,4,,,1,70,,229245,4,,,1,30,,229246,4,,,1,70,,229247,4,,,1,26,,229248,4,,,1,65,,229249,4,,,1,30,,229250,4,,,1,65,,229251,4,,,1,25,,229252,4,,,1,75,,229253,4,,,1,30,,229254,4,,,1,75,,229255,4,,,1,30,,229256,4,,,1,70,,229257,4,,,1,30,,229258,4,,,1,70,,229259,4,,,1,30,,229260,4,,,1,70,,229261,4,,,1,30,,229262,4,,,1,65,,229263,4,,,1,40,,229264,4,,,1,145,,229265,4,,,1,100,,229266,4,,,1,105,,229267,4,,,1,99,,229268,4,,,1,100,,229269,4,,,1,100,,229270,4,,,1
1600,'20260913',604,,229271,4,,,1,100,,229272,4,,,1,100,,229273,4,,,1,55,,229274,4,,,1,70,,229275,4,,,1,30,,229276,4,,,1,70,,229277,4,,,1,26,,229278,4,,,1,65,,229279,4,,,1,30,,229280,4,,,1,65,,229281,4,,,1,25,,229282,4,,,1,75,,229283,4,,,1,30,,229284,4,,,1,75,,229285,4,,,1,30,,229286,4,,,1,70,,229287,4,,,1,30,,229288,4,,,1,70,,229289,4,,,1,30,,229290,4,,,1,70,,229291,4,,,1,30,,229292,4,,,1,65,,229293,4,,,1,40,,229294,4,,,1,145,,229295,4,,,1,100,,229296,4,,,1,105,,229297,4,,,1,99,,229298,4,,,1,100,,229299,4,,,1,100,,229300,4,,,1
1600,'20260914',519,,229301,4,,,1,340,,229302,4,,,1,100,,229303,4,,,1,142,,229304,4,,,1,55,,229305,4,,,1,145,,229306,4,,,1,451,,229307,4,,,1,150,,229308,4,,,1,99,,229309,4,,,1,100,,229310,4,,,1,100,,229311,4,,,1,100,,229312,4,,,1,128,,229313,4,,,1
1600,'20260915',519,,229314,4,,,1,340,,229315,4,,,1,100,,229316,4,,,1,142,,229317,4,,,1,55,,229318,4,,,1,145,,229319,4,,,1,451,,229320,4,,,1,150,,229321,4,,,1,99,,229322,4,,,1,100,,229323,4,,,1,100,,229324,4,,,1,100,,229325,4,,,1,128,,229326,4,,,1
1600,'20260916',519,,229327,4,,,1,340,,229328,4,,,1,100,,229329,4,,,1,142,,229330,4,,,1,55,,229331,4,,,1,145,,229332,4,,,1,451,,229333,4,,,1,150,,229334,4,,,1,99,,229335,4,,,1,100,,229336,4,,,1,100,,229337,4,,,1,100,,229338,4,,,1,128,,229339,4,,,1
1600,'20260917',519,,229340,4,,,1,340,,229341,4,,,1,100,,229342,4,,,1,142,,229343,4,,,1,55,,229344,4,,,1,145,,229345,4,,,1,451,,229346,4,,,1,150,,229347,4,,,1,99,,229348,4,,,1,100,,229349,4,,,1,100,,229350,4,,,1,100,,229351,4,,,1,128,,229352,4,,,1
1600,'20260918',519,,229353,4,,,1,340,,229354,4,,,1,100,,229355,4,,,1,142,,229356,4,,,1,55,,229357,4,,,1,145,,229358,4,,,1,451,,229359,4,,,1,150,,229360,4,,,1,99,,229361,4,,,1,100,,229362,4,,,1,100,,229363,4,,,1,100,,229364,4,,,1,128,,229365,4,,,1
1600,'20260919',604,,229366,4,,,1,100,,229367,4,,,1,100,,229368,4,,,1,55,,229369,4,,,1,70,,229370,4,,,1,30,,229371,4,,,1,70,,229372,4,,,1,26,,229373,4,,,1,65,,229374,4,,,1,30,,229375,4,,,1,65,,229376,4,,,1,25,,229377,4,,,1,75,,229378,4,,,1,30,,229379,4,,,1,75,,229380,4,,,1,30,,229381,4,,,1,70,,229382,4,,,1,30,,229383,4,,,1,70,,229384,4,,,1,30,,229385,4,,,1,70,,229386,4,,,1,30,,229387,4,,,1,65,,229388,4,,,1,40,,229389,4,,,1,145,,229390,4,,,1,100,,229391,4,,,1,105,,229392,4,,,1,99,,229393,4,,,1,100,,229394,4,,,1,100,,229395,4,,,1
1600,'20260920',604,,229396,4,,,1,100,,229397,4,,,1,100,,229398,4,,,1,55,,229399,4,,,1,70,,229400,4,,,1,30,,229401,4,,,1,70,,229402,4,,,1,26,,229403,4,,,1,65,,229404,4,,,1,30,,229405,4,,,1,65,,229406,4,,,1,25,,229407,4,,,1,75,,229408,4,,,1,30,,229409,4,,,1,75,,229410,4,,,1,30,,229411,4,,,1,70,,229412,4,,,1,30,,229413,4,,,1,70,,229414,4,,,1,30,,229415,4,,,1,70,,229416,4,,,1,30,,229417,4,,,1,65,,229418,4,,,1,40,,229419,4,,,1,145,,229420,4,,,1,100,,229421,4,,,1,105,,229422,4,,,1,99,,229423,4,,,1,100,,229424,4,,,1,100,,229425,4,,,1
1600,'20260921',519,,229426,4,,,1,340,,229427,4,,,1,100,,229428,4,,,1,142,,229429,4,,,1,55,,229430,4,,,1,145,,229431,4,,,1,451,,229432,4,,,1,150,,229433,4,,,1,99,,229434,4,,,1,100,,229435,4,,,1,100,,229436,4,,,1,100,,229437,4,,,1,128,,229438,4,,,1
1600,'20260922',519,,229439,4,,,1,340,,229440,4,,,1,100,,229441,4,,,1,142,,229442,4,,,1,55,,229443,4,,,1,145,,229444,4,,,1,451,,229445,4,,,1,150,,229446,4,,,1,99,,229447,4,,,1,100,,229448,4,,,1,100,,229449,4,,,1,100,,229450,4,,,1,128,,229451,4,,,1
1600,'20260923',519,,229452,4,,,1,340,,229453,4,,,1,100,,229454,4,,,1,142,,229455,4,,,1,55,,229456,4,,,1,145,,229457,4,,,1,451,,229458,4,,,1,150,,229459,4,,,1,99,,229460,4,,,1,100,,229461,4,,,1,100,,229462,4,,,1,100,,229463,4,,,1,128,,229464,4,,,1
1600,'20260924',519,,229465,4,,,1,340,,229466,4,,,1,100,,229467,4,,,1,142,,229468,4,,,1,55,,229469,4,,,1,145,,229470,4,,,1,451,,229471,4,,,1,150,,229472,4,,,1,99,,229473,4,,,1,100,,229474,4,,,1,100,,229475,4,,,1,100,,229476,4,,,1,128,,229477,4,,,1
1600,'20260925',519,,229478,4,,,1,340,,229479,4,,,1,100,,229480,4,,,1,142,,229481,4,,,1,55,,229482,4,,,1,145,,229483,4,,,1,451,,229484,4,,,1,150,,229485,4,,,1,99,,229486,4,,,1,100,,229487,4,,,1,100,,229488,4,,,1,100,,229489,4,,,1,128,,229490,4,,,1
1600,'20260926',604,,229491,4,,,1,100,,229492,4,,,1,100,,229493,4,,,1,55,,229494,4,,,1,70,,229495,4,,,1,30,,229496,4,,,1,70,,229497,4,,,1,26,,229498,4,,,1,65,,229499,4,,,1,30,,229500,4,,,1,65,,229501,4,,,1,25,,229502,4,,,1,75,,229503,4,,,1,30,,229504,4,,,1,75,,229505,4,,,1,30,,229506,4,,,1,70,,229507,4,,,1,30,,229508,4,,,1,70,,229509,4,,,1,30,,229510,4,,,1,70,,229511,4,,,1,30,,229512,4,,,1,65,,229513,4,,,1,40,,229514,4,,,1,145,,229515,4,,,1,100,,229516,4,,,1,105,,229517,4,,,1,99,,229518,4,,,1,100,,229519,4,,,1,100,,229520,4,,,1
1600,'20260927',604,,229521,4,,,1,100,,229522,4,,,1,100,,229523,4,,,1,55,,229524,4,,,1,70,,229525,4,,,1,30,,229526,4,,,1,70,,229527,4,,,1,26,,229528,4,,,1,65,,229529,4,,,1,30,,229530,4,,,1,65,,229531,4,,,1,25,,229532,4,,,1,75,,229533,4,,,1,30,,229534,4,,,1,75,,229535,4,,,1,30,,229536,4,,,1,70,,229537,4,,,1,30,,229538,4,,,1,70,,229539,4,,,1,30,,229540,4,,,1,70,,229541,4,,,1,30,,229542,4,,,1,65,,229543,4,,,1,40,,229544,4,,,1,145,,229545,4,,,1,100,,229546,4,,,1,105,,229547,4,,,1,99,,229548,4,,,1,100,,229549,4,,,1,100,,229550,4,,,1
1600,'20260928',519,,229551,4,,,1,340,,229552,4,,,1,100,,229553,4,,,1,142,,229554,4,,,1,55,,229555,4,,,1,145,,229556,4,,,1,451,,229557,4,,,1,150,,229558,4,,,1,99,,229559,4,,,1,100,,229560,4,,,1,100,,229561,4,,,1,100,,229562,4,,,1,128,,229563,4,,,1
1600,'20260929',519,,229564,4,,,1,340,,229565,4,,,1,100,,229566,4,,,1,142,,229567,4,,,1,55,,229568,4,,,1,145,,229569,4,,,1,451,,229570,4,,,1,150,,229571,4,,,1,99,,229572,4,,,1,100,,229573,4,,,1,100,,229574,4,,,1,100,,229575,4,,,1,128,,229576,4,,,1
1600,'20260930',519,,229577,4,,,1,340,,229578,4,,,1,100,,229579,4,,,1,142,,229580,4,,,1,55,,229581,4,,,1,145,,229582,4,,,1,451,,229583,4,,,1,150,,229584,4,,,1,99,,229585,4,,,1,100,,229586,4,,,1,100,,229587,4,,,1,100,,229588,4,,,1,128,,229589,4,,,1
1600,'20261001',519,,229590,4,,,1,340,,229591,4,,,1,100,,229592,4,,,1,142,,229593,4,,,1,55,,229594,4,,,1,145,,229595,4,,,1,451,,229596,4,,,1,150,,229597,4,,,1,99,,229598,4,,,1,100,,229599,4,,,1,100,,229600,4,,,1,100,,229601,4,,,1,128,,229602,4,,,1
1600,'20261002',519,,229603,4,,,1,340,,229604,4,,,1,100,,229605,4,,,1,142,,229606,4,,,1,55,,229607,4,,,1,145,,229608,4,,,1,451,,229609,4,,,1,150,,229610,4,,,1,99,,229611,4,,,1,100,,229612,4,,,1,100,,229613,4,,,1,100,,229614,4,,,1,128,,229615,4,,,1
1600,'20261003',604,,229616,4,,,1,100,,229617,4,,,1,100,,229618,4,,,1,55,,229619,4,,,1,70,,229620,4,,,1,30,,229621,4,,,1,70,,229622,4,,,1,26,,229623,4,,,1,65,,229624,4,,,1,30,,229625,4,,,1,65,,229626,4,,,1,25,,229627,4,,,1,75,,229628,4,,,1,30,,229629,4,,,1,75,,229630,4,,,1,30,,229631,4,,,1,70,,229632,4,,,1,30,,229633,4,,,1,70,,229634,4,,,1,30,,229635,4,,,1,70,,229636,4,,,1,30,,229637,4,,,1,65,,229638,4,,,1,40,,229639,4,,,1,145,,229640,4,,,1,100,,229641,4,,,1,105,,229642,4,,,1,99,,229643,4,,,1,100,,229644,4,,,1,100,,229645,4,,,1
1600,'20261004',604,,229646,4,,,1,100,,229647,4,,,1,100,,229648,4,,,1,55,,229649,4,,,1,70,,229650,4,,,1,30,,229651,4,,,1,70,,229652,4,,,1,26,,229653,4,,,1,65,,229654,4,,,1,30,,229655,4,,,1,65,,229656,4,,,1,25,,229657,4,,,1,75,,229658,4,,,1,30,,229659,4,,,1,75,,229660,4,,,1,30,,229661,4,,,1,70,,229662,4,,,1,30,,229663,4,,,1,70,,229664,4,,,1,30,,229665,4,,,1,70,,229666,4,,,1,30,,229667,4,,,1,65,,229668,4,,,1,40,,229669,4,,,1,145,,229670,4,,,1,100,,229671,4,,,1,105,,229672,4,,,1,99,,229673,4,,,1,100,,229674,4,,,1,100,,229675,4,,,1
1600,'20261005',519,,229676,4,,,1,340,,229677,4,,,1,100,,229678,4,,,1,142,,229679,4,,,1,55,,229680,4,,,1,145,,229681,4,,,1,451,,229682,4,,,1,150,,229683,4,,,1,99,,229684,4,,,1,100,,229685,4,,,1,100,,229686,4,,,1,100,,229687,4,,,1,128,,229688,4,,,1
1600,'20261006',519,,229689,4,,,1,340,,229690,4,,,1,100,,229691,4,,,1,142,,229692,4,,,1,55,,229693,4,,,1,145,,229694,4,,,1,451,,229695,4,,,1,150,,229696,4,,,1,99,,229697,4,,,1,100,,229698,4,,,1,100,,229699,4,,,1,100,,229700,4,,,1,128,,229701,4,,,1
1600,'20261007',519,,229702,4,,,1,340,,229703,4,,,1,100,,229704,4,,,1,142,,229705,4,,,1,55,,229706,4,,,1,145,,229707,4,,,1,451,,229708,4,,,1,150,,229709,4,,,1,99,,229710,4,,,1,100,,229711,4,,,1,100,,229712,4,,,1,100,,229713,4,,,1,128,,229714,4,,,1
1600,'20261008',519,,229715,4,,,1,340,,229716,4,,,1,100,,229717,4,,,1,142,,229718,4,,,1,55,,229719,4,,,1,145,,229720,4,,,1,451,,229721,4,,,1,150,,229722,4,,,1,99,,229723,4,,,1,100,,229724,4,,,1,100,,229725,4,,,1,100,,229726,4,,,1,128,,229727,4,,,1
1600,'20261009',519,,229728,4,,,1,340,,229729,4,,,1,100,,229730,4,,,1,142,,229731,4,,,1,55,,229732,4,,,1,145,,229733,4,,,1,451,,229734,4,,,1,150,,229735,4,,,1,99,,229736,4,,,1,100,,229737,4,,,1,100,,229738,4,,,1,100,,229739,4,,,1,128,,229740,4,,,1
1600,'20261010',604,,229741,4,,,1,100,,229742,4,,,1,100,,229743,4,,,1,55,,229744,4,,,1,70,,229745,4,,,1,30,,229746,4,,,1,70,,229747,4,,,1,26,,229748,4,,,1,65,,229749,4,,,1,30,,229750,4,,,1,65,,229751,4,,,1,25,,229752,4,,,1,75,,229753,4,,,1,30,,229754,4,,,1,75,,229755,4,,,1,30,,229756,4,,,1,70,,229757,4,,,1,30,,229758,4,,,1,70,,229759,4,,,1,30,,229760,4,,,1,70,,229761,4,,,1,30,,229762,4,,,1,65,,229763,4,,,1,40,,229764,4,,,1,145,,229765,4,,,1,100,,229766,4,,,1,105,,229767,4,,,1,99,,229768,4,,,1,100,,229769,4,,,1,100,,229770,4,,,1
1600,'20261011',604,,229771,4,,,1,100,,229772,4,,,1,100,,229773,4,,,1,55,,229774,4,,,1,70,,229775,4,,,1,30,,229776,4,,,1,70,,229777,4,,,1,26,,229778,4,,,1,65,,229779,4,,,1,30,,229780,4,,,1,65,,229781,4,,,1,25,,229782,4,,,1,75,,229783,4,,,1,30,,229784,4,,,1,75,,229785,4,,,1,30,,229786,4,,,1,70,,229787,4,,,1,30,,229788,4,,,1,70,,229789,4,,,1,30,,229790,4,,,1,70,,229791,4,,,1,30,,229792,4,,,1,65,,229793,4,,,1,40,,229794,4,,,1,145,,229795,4,,,1,100,,229796,4,,,1,105,,229797,4,,,1,99,,229798,4,,,1,100,,229799,4,,,1,100,,229800,4,,,1
1600,'20261012',604,,229801,4,,,1,100,,229802,4,,,1,100,,229803,4,,,1,55,,229804,4,,,1,70,,229805,4,,,1,30,,229806,4,,,1,70,,229807,4,,,1,26,,229808,4,,,1,65,,229809,4,,,1,30,,229810,4,,,1,65,,229811,4,,,1,25,,229812,4,,,1,75,,229813,4,,,1,30,,229814,4,,,1,75,,229815,4,,,1,30,,229816,4,,,1,70,,229817,4,,,1,30,,229818,4,,,1,70,,229819,4,,,1,30,,229820,4,,,1,70,,229821,4,,,1,30,,229822,4,,,1,65,,229823,4,,,1,40,,229824,4,,,1,145,,229825,4,,,1,100,,229826,4,,,1,105,,229827,4,,,1,99,,229828,4,,,1,100,,229829,4,,,1,100,,229830,4,,,1
1600,'20261013',519,,229831,4,,,1,340,,229832,4,,,1,100,,229833,4,,,1,142,,229834,4,,,1,55,,229835,4,,,1,145,,229836,4,,,1,451,,229837,4,,,1,150,,229838,4,,,1,99,,229839,4,,,1,100,,229840,4,,,1,100,,229841,4,,,1,100,,229842,4,,,1,128,,229843,4,,,1
1600,'20261014',519,,229844,4,,,1,340,,229845,4,,,1,100,,229846,4,,,1,142,,229847,4,,,1,55,,229848,4,,,1,145,,229849,4,,,1,451,,229850,4,,,1,150,,229851,4,,,1,99,,229852,4,,,1,100,,229853,4,,,1,100,,229854,4,,,1,100,,229855,4,,,1,128,,229856,4,,,1
1600,'20261015',519,,229857,4,,,1,340,,229858,4,,,1,100,,229859,4,,,1,142,,229860,4,,,1,55,,229861,4,,,1,145,,229862,4,,,1,451,,229863,4,,,1,150,,229864,4,,,1,99,,229865,4,,,1,100,,229866,4,,,1,100,,229867,4,,,1,100,,229868,4,,,1,128,,229869,4,,,1
1600,'20261016',519,,229870,4,,,1,340,,229871,4,,,1,100,,229872,4,,,1,142,,229873,4,,,1,55,,229874,4,,,1,145,,229875,4,,,1,451,,229876,4,,,1,150,,229877,4,,,1,99,,229878,4,,,1,100,,229879,4,,,1,100,,229880,4,,,1,100,,229881,4,,,1,128,,229882,4,,,1
1600,'20261017',604,,229883,4,,,1,100,,229884,4,,,1,100,,229885,4,,,1,55,,229886,4,,,1,70,,229887,4,,,1,30,,229888,4,,,1,70,,229889,4,,,1,26,,229890,4,,,1,65,,229891,4,,,1,30,,229892,4,,,1,65,,229893,4,,,1,25,,229894,4,,,1,75,,229895,4,,,1,30,,229896,4,,,1,75,,229897,4,,,1,30,,229898,4,,,1,70,,229899,4,,,1,30,,229900,4,,,1,70,,229901,4,,,1,30,,229902,4,,,1,70,,229903,4,,,1,30,,229904,4,,,1,65,,229905,4,,,1,40,,229906,4,,,1,145,,229907,4,,,1,100,,229908,4,,,1,105,,229909,4,,,1,99,,229910,4,,,1,100,,229911,4,,,1,100,,229912,4,,,1
1600,'20261018',604,,229913,4,,,1,100,,229914,4,,,1,100,,229915,4,,,1,55,,229916,4,,,1,70,,229917,4,,,1,30,,229918,4,,,1,70,,229919,4,,,1,26,,229920,4,,,1,65,,229921,4,,,1,30,,229922,4,,,1,65,,229923,4,,,1,25,,229924,4,,,1,75,,229925,4,,,1,30,,229926,4,,,1,75,,229927,4,,,1,30,,229928,4,,,1,70,,229929,4,,,1,30,,229930,4,,,1,70,,229931,4,,,1,30,,229932,4,,,1,70,,229933,4,,,1,30,,229934,4,,,1,65,,229935,4,,,1,40,,229936,4,,,1,145,,229937,4,,,1,100,,229938,4,,,1,105,,229939,4,,,1,99,,229940,4,,,1,100,,229941,4,,,1,100,,229942,4,,,1
1600,'20261019',519,,229943,4,,,1,340,,229944,4,,,1,100,,229945,4,,,1,142,,229946,4,,,1,55,,229947,4,,,1,145,,229948,4,,,1,451,,229949,4,,,1,150,,229950,4,,,1,99,,229951,4,,,1,100,,229952,4,,,1,100,,229953,4,,,1,100,,229954,4,,,1,128,,229955,4,,,1
1600,'20261020',519,,229956,4,,,1,340,,229957,4,,,1,100,,229958,4,,,1,142,,229959,4,,,1,55,,229960,4,,,1,145,,229961,4,,,1,451,,229962,4,,,1,150,,229963,4,,,1,99,,229964,4,,,1,100,,229965,4,,,1,100,,229966,4,,,1,100,,229967,4,,,1,128,,229968,4,,,1
1600,'20261021',519,,229969,4,,,1,340,,229970,4,,,1,100,,229971,4,,,1,142,,229972,4,,,1,55,,229973,4,,,1,145,,229974,4,,,1,451,,229975,4,,,1,150,,229976,4,,,1,99,,229977,4,,,1,100,,229978,4,,,1,100,,229979,4,,,1,100,,229980,4,,,1,128,,229981,4,,,1
1600,'20261022',519,,229982,4,,,1,340,,229983,4,,,1,100,,229984,4,,,1,142,,229985,4,,,1,55,,229986,4,,,1,145,,229987,4,,,1,451,,229988,4,,,1,150,,229989,4,,,1,99,,229990,4,,,1,100,,229991,4,,,1,100,,229992,4,,,1,100,,229993,4,,,1,128,,229994,4,,,1
1600,'20261023',519,,229995,4,,,1,340,,229996,4,,,1,100,,229997,4,,,1,142,,229998,4,,,1,55,,229999,4,,,1,145,,230000,4,,,1,451,,230001,4,,,1,150,,230002,4,,,1,99,,230003,4,,,1,100,,230004,4,,,1,100,,230005,4,,,1,100,,230006,4,,,1,128,,230007,4,,,1
1600,'20261024',604,,230008,4,,,1,100,,230009,4,,,1,100,,230010,4,,,1,55,,230011,4,,,1,70,,230012,4,,,1,30,,230013,4,,,1,70,,230014,4,,,1,26,,230015,4,,,1,65,,230016,4,,,1,30,,230017,4,,,1,65,,230018,4,,,1,25,,230019,4,,,1,75,,230020,4,,,1,30,,230021,4,,,1,75,,230022,4,,,1,30,,230023,4,,,1,70,,230024,4,,,1,30,,230025,4,,,1,70,,230026,4,,,1,30,,230027,4,,,1,70,,230028,4,,,1,30,,230029,4,,,1,65,,230030,4,,,1,40,,230031,4,,,1,145,,230032,4,,,1,100,,230033,4,,,1,105,,230034,4,,,1,99,,230035,4,,,1,100,,230036,4,,,1,100,,230037,4,,,1
1600,'20261025',604,,230038,4,,,1,100,,230039,4,,,1,100,,230040,4,,,1,55,,230041,4,,,1,70,,230042,4,,,1,30,,230043,4,,,1,70,,230044,4,,,1,26,,230045,4,,,1,65,,230046,4,,,1,30,,230047,4,,,1,65,,230048,4,,,1,25,,230049,4,,,1,75,,230050,4,,,1,30,,230051,4,,,1,75,,230052,4,,,1,30,,230053,4,,,1,70,,230054,4,,,1,30,,230055,4,,,1,70,,230056,4,,,1,30,,230057,4,,,1,70,,230058,4,,,1,30,,230059,4,,,1,65,,230060,4,,,1,40,,230061,4,,,1,145,,230062,4,,,1,100,,230063,4,,,1,105,,230064,4,,,1,99,,230065,4,,,1,100,,230066,4,,,1,100,,230067,4,,,1
1600,'20261026',519,,230068,4,,,1,340,,230069,4,,,1,100,,230070,4,,,1,142,,230071,4,,,1,55,,230072,4,,,1,145,,230073,4,,,1,451,,230074,4,,,1,150,,230075,4,,,1,99,,230076,4,,,1,100,,230077,4,,,1,100,,230078,4,,,1,100,,230079,4,,,1,128,,230080,4,,,1
1600,'20261027',519,,230081,4,,,1,340,,230082,4,,,1,100,,230083,4,,,1,142,,230084,4,,,1,55,,230085,4,,,1,145,,230086,4,,,1,451,,230087,4,,,1,150,,230088,4,,,1,99,,230089,4,,,1,100,,230090,4,,,1,100,,230091,4,,,1,100,,230092,4,,,1,128,,230093,4,,,1
1600,'20261028',519,,230094,4,,,1,340,,230095,4,,,1,100,,230096,4,,,1,142,,230097,4,,,1,55,,230098,4,,,1,145,,230099,4,,,1,451,,230100,4,,,1,150,,230101,4,,,1,99,,230102,4,,,1,100,,230103,4,,,1,100,,230104,4,,,1,100,,230105,4,,,1,128,,230106,4,,,1
1600,'20261029',519,,230107,4,,,1,340,,230108,4,,,1,100,,230109,4,,,1,142,,230110,4,,,1,55,,230111,4,,,1,145,,230112,4,,,1,451,,230113,4,,,1,150,,230114,4,,,1,99,,230115,4,,,1,100,,230116,4,,,1,100,,230117,4,,,1,100,,230118,4,,,1,128,,230119,4,,,1
1600,'20261030',519,,230120,4,,,1,340,,230121,4,,,1,100,,230122,4,,,1,142,,230123,4,,,1,55,,230124,4,,,1,145,,230125,4,,,1,451,,230126,4,,,1,150,,230127,4,,,1,99,,230128,4,,,1,100,,230129,4,,,1,100,,230130,4,,,1,100,,230131,4,,,1,128,,230132,4,,,1
1600,'20261031',604,,230133,4,,,1,100,,230134,4,,,1,100,,230135,4,,,1,55,,230136,4,,,1,70,,230137,4,,,1,30,,230138,4,,,1,70,,230139,4,,,1,26,,230140,4,,,1,65,,230141,4,,,1,30,,230142,4,,,1,65,,230143,4,,,1,25,,230144,4,,,1,75,,230145,4,,,1,30,,230146,4,,,1,75,,230147,4,,,1,30,,230148,4,,,1,70,,230149,4,,,1,30,,230150,4,,,1,70,,230151,4,,,1,30,,230152,4,,,1,70,,230153,4,,,1,30,,230154,4,,,1,65,,230155,4,,,1,40,,230156,4,,,1,145,,230157,4,,,1,100,,230158,4,,,1,105,,230159,4,,,1,99,,230160,4,,,1,100,,230161,4,,,1,100,,230162,4,,,1
1600,'20261101',604,,230163,4,,,1,100,,230164,4,,,1,100,,230165,4,,,1,55,,230166,4,,,1,70,,230167,4,,,1,30,,230168,4,,,1,70,,230169,4,,,1,26,,230170,4,,,1,65,,230171,4,,,1,30,,230172,4,,,1,65,,230173,4,,,1,25,,230174,4,,,1,75,,230175,4,,,1,30,,230176,4,,,1,75,,230177,4,,,1,30,,230178,4,,,1,70,,230179,4,,,1,30,,230180,4,,,1,70,,230181,4,,,1,30,,230182,4,,,1,70,,230183,4,,,1,30,,230184,4,,,1,65,,230185,4,,,1,40,,230186,4,,,1,145,,230187,4,,,1,100,,230188,4,,,1,105,,230189,4,,,1,99,,230190,4,,,1,100,,230191,4,,,1,100,,230192,4,,,1
1600,'20261102',519,,230193,4,,,1,340,,230194,4,,,1,100,,230195,4,,,1,142,,230196,4,,,1,55,,230197,4,,,1,145,,230198,4,,,1,451,,230199,4,,,1,150,,230200,4,,,1,99,,230201,4,,,1,100,,230202,4,,,1,100,,230203,4,,,1,100,,230204,4,,,1,128,,230205,4,,,1
1600,'20261103',519,,230206,4,,,1,340,,230207,4,,,1,100,,230208,4,,,1,142,,230209,4,,,1,55,,230210,4,,,1,145,,230211,4,,,1,451,,230212,4,,,1,150,,230213,4,,,1,99,,230214,4,,,1,100,,230215,4,,,1,100,,230216,4,,,1,100,,230217,4,,,1,128,,230218,4,,,1
1600,'20261104',519,,230219,4,,,1,340,,230220,4,,,1,100,,230221,4,,,1,142,,230222,4,,,1,55,,230223,4,,,1,145,,230224,4,,,1,451,,230225,4,,,1,150,,230226,4,,,1,99,,230227,4,,,1,100,,230228,4,,,1,100,,230229,4,,,1,100,,230230,4,,,1,128,,230231,4,,,1
1600,'20261105',519,,230232,4,,,1,340,,230233,4,,,1,100,,230234,4,,,1,142,,230235,4,,,1,55,,230236,4,,,1,145,,230237,4,,,1,451,,230238,4,,,1,150,,230239,4,,,1,99,,230240,4,,,1,100,,230241,4,,,1,100,,230242,4,,,1,100,,230243,4,,,1,128,,230244,4,,,1
1600,'20261106',519,,230245,4,,,1,340,,230246,4,,,1,100,,230247,4,,,1,142,,230248,4,,,1,55,,230249,4,,,1,145,,230250,4,,,1,451,,230251,4,,,1,150,,230252,4,,,1,99,,230253,4,,,1,100,,230254,4,,,1,100,,230255,4,,,1,100,,230256,4,,,1,128,,230257,4,,,1
1600,'20261107',604,,230258,4,,,1,100,,230259,4,,,1,100,,230260,4,,,1,55,,230261,4,,,1,70,,230262,4,,,1,30,,230263,4,,,1,70,,230264,4,,,1,26,,230265,4,,,1,65,,230266,4,,,1,30,,230267,4,,,1,65,,230268,4,,,1,25,,230269,4,,,1,75,,230270,4,,,1,30,,230271,4,,,1,75,,230272,4,,,1,30,,230273,4,,,1,70,,230274,4,,,1,30,,230275,4,,,1,70,,230276,4,,,1,30,,230277,4,,,1,70,,230278,4,,,1,30,,230279,4,,,1,65,,230280,4,,,1,40,,230281,4,,,1,145,,230282,4,,,1,100,,230283,4,,,1,105,,230284,4,,,1,99,,230285,4,,,1,100,,230286,4,,,1,100,,230287,4,,,1
1600,'20261108',604,,230288,4,,,1,100,,230289,4,,,1,100,,230290,4,,,1,55,,230291,4,,,1,70,,230292,4,,,1,30,,230293,4,,,1,70,,230294,4,,,1,26,,230295,4,,,1,65,,230296,4,,,1,30,,230297,4,,,1,65,,230298,4,,,1,25,,230299,4,,,1,75,,230300,4,,,1,30,,230301,4,,,1,75,,230302,4,,,1,30,,230303,4,,,1,70,,230304,4,,,1,30,,230305,4,,,1,70,,230306,4,,,1,30,,230307,4,,,1,70,,230308,4,,,1,30,,230309,4,,,1,65,,230310,4,,,1,40,,230311,4,,,1,145,,230312,4,,,1,100,,230313,4,,,1,105,,230314,4,,,1,99,,230315,4,,,1,100,,230316,4,,,1,100,,230317,4,,,1
1600,'20261109',519,,230318,4,,,1,340,,230319,4,,,1,100,,230320,4,,,1,142,,230321,4,,,1,55,,230322,4,,,1,145,,230323,4,,,1,451,,230324,4,,,1,150,,230325,4,,,1,99,,230326,4,,,1,100,,230327,4,,,1,100,,230328,4,,,1,100,,230329,4,,,1,128,,230330,4,,,1
1600,'20261110',519,,230331,4,,,1,340,,230332,4,,,1,100,,230333,4,,,1,142,,230334,4,,,1,55,,230335,4,,,1,145,,230336,4,,,1,451,,230337,4,,,1,150,,230338,4,,,1,99,,230339,4,,,1,100,,230340,4,,,1,100,,230341,4,,,1,100,,230342,4,,,1,128,,230343,4,,,1
1600,'20261111',519,,230344,4,,,1,340,,230345,4,,,1,100,,230346,4,,,1,142,,230347,4,,,1,55,,230348,4,,,1,145,,230349,4,,,1,451,,230350,4,,,1,150,,230351,4,,,1,99,,230352,4,,,1,100,,230353,4,,,1,100,,230354,4,,,1,100,,230355,4,,,1,128,,230356,4,,,1
1600,'20261112',519,,230357,4,,,1,340,,230358,4,,,1,100,,230359,4,,,1,142,,230360,4,,,1,55,,230361,4,,,1,145,,230362,4,,,1,451,,230363,4,,,1,150,,230364,4,,,1,99,,230365,4,,,1,100,,230366,4,,,1,100,,230367,4,,,1,100,,230368,4,,,1,128,,230369,4,,,1
1600,'20261113',519,,230370,4,,,1,340,,230371,4,,,1,100,,230372,4,,,1,142,,230373,4,,,1,55,,230374,4,,,1,145,,230375,4,,,1,451,,230376,4,,,1,150,,230377,4,,,1,99,,230378,4,,,1,100,,230379,4,,,1,100,,230380,4,,,1,100,,230381,4,,,1,128,,230382,4,,,1
1600,'20261114',604,,230383,4,,,1,100,,230384,4,,,1,100,,230385,4,,,1,55,,230386,4,,,1,70,,230387,4,,,1,30,,230388,4,,,1,70,,230389,4,,,1,26,,230390,4,,,1,65,,230391,4,,,1,30,,230392,4,,,1,65,,230393,4,,,1,25,,230394,4,,,1,75,,230395,4,,,1,30,,230396,4,,,1,75,,230397,4,,,1,30,,230398,4,,,1,70,,230399,4,,,1,30,,230400,4,,,1,70,,230401,4,,,1,30,,230402,4,,,1,70,,230403,4,,,1,30,,230404,4,,,1,65,,230405,4,,,1,40,,230406,4,,,1,145,,230407,4,,,1,100,,230408,4,,,1,105,,230409,4,,,1,99,,230410,4,,,1,100,,230411,4,,,1,100,,230412,4,,,1
1600,'20261115',604,,230413,4,,,1,100,,230414,4,,,1,100,,230415,4,,,1,55,,230416,4,,,1,70,,230417,4,,,1,30,,230418,4,,,1,70,,230419,4,,,1,26,,230420,4,,,1,65,,230421,4,,,1,30,,230422,4,,,1,65,,230423,4,,,1,25,,230424,4,,,1,75,,230425,4,,,1,30,,230426,4,,,1,75,,230427,4,,,1,30,,230428,4,,,1,70,,230429,4,,,1,30,,230430,4,,,1,70,,230431,4,,,1,30,,230432,4,,,1,70,,230433,4,,,1,30,,230434,4,,,1,65,,230435,4,,,1,40,,230436,4,,,1,145,,230437,4,,,1,100,,230438,4,,,1,105,,230439,4,,,1,99,,230440,4,,,1,100,,230441,4,,,1,100,,230442,4,,,1
1600,'20261116',519,,230443,4,,,1,340,,230444,4,,,1,100,,230445,4,,,1,142,,230446,4,,,1,55,,230447,4,,,1,145,,230448,4,,,1,451,,230449,4,,,1,150,,230450,4,,,1,99,,230451,4,,,1,100,,230452,4,,,1,100,,230453,4,,,1,100,,230454,4,,,1,128,,230455,4,,,1
1600,'20261117',519,,230456,4,,,1,340,,230457,4,,,1,100,,230458,4,,,1,142,,230459,4,,,1,55,,230460,4,,,1,145,,230461,4,,,1,451,,230462,4,,,1,150,,230463,4,,,1,99,,230464,4,,,1,100,,230465,4,,,1,100,,230466,4,,,1,100,,230467,4,,,1,128,,230468,4,,,1
1600,'20261118',519,,230469,4,,,1,340,,230470,4,,,1,100,,230471,4,,,1,142,,230472,4,,,1,55,,230473,4,,,1,145,,230474,4,,,1,451,,230475,4,,,1,150,,230476,4,,,1,99,,230477,4,,,1,100,,230478,4,,,1,100,,230479,4,,,1,100,,230480,4,,,1,128,,230481,4,,,1
1600,'20261119',519,,230482,4,,,1,340,,230483,4,,,1,100,,230484,4,,,1,142,,230485,4,,,1,55,,230486,4,,,1,145,,230487,4,,,1,451,,230488,4,,,1,150,,230489,4,,,1,99,,230490,4,,,1,100,,230491,4,,,1,100,,230492,4,,,1,100,,230493,4,,,1,128,,230494,4,,,1
1600,'20261120',519,,230495,4,,,1,340,,230496,4,,,1,100,,230497,4,,,1,142,,230498,4,,,1,55,,230499,4,,,1,145,,230500,4,,,1,451,,230501,4,,,1,150,,230502,4,,,1,99,,230503,4,,,1,100,,230504,4,,,1,100,,230505,4,,,1,100,,230506,4,,,1,128,,230507,4,,,1
1600,'20261121',604,,230508,4,,,1,100,,230509,4,,,1,100,,230510,4,,,1,55,,230511,4,,,1,70,,230512,4,,,1,30,,230513,4,,,1,70,,230514,4,,,1,26,,230515,4,,,1,65,,230516,4,,,1,30,,230517,4,,,1,65,,230518,4,,,1,25,,230519,4,,,1,75,,230520,4,,,1,30,,230521,4,,,1,75,,230522,4,,,1,30,,230523,4,,,1,70,,230524,4,,,1,30,,230525,4,,,1,70,,230526,4,,,1,30,,230527,4,,,1,70,,230528,4,,,1,30,,230529,4,,,1,65,,230530,4,,,1,40,,230531,4,,,1,145,,230532,4,,,1,100,,230533,4,,,1,105,,230534,4,,,1,99,,230535,4,,,1,100,,230536,4,,,1,100,,230537,4,,,1
1600,'20261122',604,,230538,4,,,1,100,,230539,4,,,1,100,,230540,4,,,1,55,,230541,4,,,1,70,,230542,4,,,1,30,,230543,4,,,1,70,,230544,4,,,1,26,,230545,4,,,1,65,,230546,4,,,1,30,,230547,4,,,1,65,,230548,4,,,1,25,,230549,4,,,1,75,,230550,4,,,1,30,,230551,4,,,1,75,,230552,4,,,1,30,,230553,4,,,1,70,,230554,4,,,1,30,,230555,4,,,1,70,,230556,4,,,1,30,,230557,4,,,1,70,,230558,4,,,1,30,,230559,4,,,1,65,,230560,4,,,1,40,,230561,4,,,1,145,,230562,4,,,1,100,,230563,4,,,1,105,,230564,4,,,1,99,,230565,4,,,1,100,,230566,4,,,1,100,,230567,4,,,1
1600,'20261123',519,,230568,4,,,1,340,,230569,4,,,1,100,,230570,4,,,1,142,,230571,4,,,1,55,,230572,4,,,1,145,,230573,4,,,1,451,,230574,4,,,1,150,,230575,4,,,1,99,,230576,4,,,1,100,,230577,4,,,1,100,,230578,4,,,1,100,,230579,4,,,1,128,,230580,4,,,1
1600,'20261124',519,,230581,4,,,1,340,,230582,4,,,1,100,,230583,4,,,1,142,,230584,4,,,1,55,,230585,4,,,1,145,,230586,4,,,1,451,,230587,4,,,1,150,,230588,4,,,1,99,,230589,4,,,1,100,,230590,4,,,1,100,,230591,4,,,1,100,,230592,4,,,1,128,,230593,4,,,1
1600,'20261125',519,,230594,4,,,1,340,,230595,4,,,1,100,,230596,4,,,1,142,,230597,4,,,1,55,,230598,4,,,1,145,,230599,4,,,1,451,,230600,4,,,1,150,,230601,4,,,1,99,,230602,4,,,1,100,,230603,4,,,1,100,,230604,4,,,1,100,,230605,4,,,1,128,,230606,4,,,1
1600,'20261126',519,,230607,4,,,1,340,,230608,4,,,1,100,,230609,4,,,1,142,,230610,4,,,1,55,,230611,4,,,1,145,,230612,4,,,1,451,,230613,4,,,1,150,,230614,4,,,1,99,,230615,4,,,1,100,,230616,4,,,1,100,,230617,4,,,1,100,,230618,4,,,1,128,,230619,4,,,1
1600,'20261127',519,,230620,4,,,1,340,,230621,4,,,1,100,,230622,4,,,1,142,,230623,4,,,1,55,,230624,4,,,1,145,,230625,4,,,1,451,,230626,4,,,1,150,,230627,4,,,1,99,,230628,4,,,1,100,,230629,4,,,1,100,,230630,4,,,1,100,,230631,4,,,1,128,,230632,4,,,1
1700,'20260831',609,,132400,4,,,1,100,,132401,4,,,1,100,,132402,4,,,1,100,,132403,4,,,1,100,,132404,4,,,1,102,,132405,4,,,1,200,,132406,4,,,1,100,,132407,4,,,1,100,,132408,4,,,1,100,,132409,4,,,1,101,,132410,4,,,1,100,,132411,4,,,1,110,,132412,4,,,1,184,,132413,4,,,1
1700,'20260901',609,,132414,4,,,1,100,,132415,4,,,1,100,,132416,4,,,1,100,,132417,4,,,1,100,,132418,4,,,1,102,,132419,4,,,1,200,,132420,4,,,1,100,,132421,4,,,1,100,,132422,4,,,1,100,,132423,4,,,1,101,,132424,4,,,1,100,,132425,4,,,1,110,,132426,4,,,1,184,,132427,4,,,1
1700,'20260902',609,,132428,4,,,1,100,,132429,4,,,1,100,,132430,4,,,1,100,,132431,4,,,1,100,,132432,4,,,1,102,,132433,4,,,1,200,,132434,4,,,1,100,,132435,4,,,1,100,,132436,4,,,1,100,,132437,4,,,1,101,,132438,4,,,1,100,,132439,4,,,1,110,,132440,4,,,1,184,,132441,4,,,1
1700,'20260903',609,,132442,4,,,1,100,,132443,4,,,1,100,,132444,4,,,1,100,,132445,4,,,1,100,,132446,4,,,1,102,,132447,4,,,1,200,,132448,4,,,1,100,,132449,4,,,1,100,,132450,4,,,1,100,,132451,4,,,1,101,,132452,4,,,1,100,,132453,4,,,1,110,,132454,4,,,1,184,,132455,4,,,1
1700,'20260904',609,,132456,4,,,1,100,,132457,4,,,1,100,,132458,4,,,1,100,,132459,4,,,1,100,,132460,4,,,1,102,,132461,4,,,1,200,,132462,4,,,1,100,,132463,4,,,1,100,,132464,4,,,1,100,,132465,4,,,1,101,,132466,4,,,1,100,,132467,4,,,1,110,,132468,4,,,1,184,,132469,4,,,1
1700,'20260908',609,,232057,4,,,1,100,,232058,4,,,1,100,,232059,4,,,1,105,,232060,4,,,1,95,,232061,4,,,1,107,,232062,4,,,1,200,,232063,4,,,1,110,,232064,4,,,1,95,,232065,4,,,1,95,,232066,4,,,1,101,,232067,4,,,1,105,,232068,4,,,1,105,,232069,4,,,1,179,,232070,4,,,1
1700,'20260909',609,,232071,4,,,1,100,,232072,4,,,1,100,,232073,4,,,1,105,,232074,4,,,1,95,,232075,4,,,1,107,,232076,4,,,1,200,,232077,4,,,1,110,,232078,4,,,1,95,,232079,4,,,1,95,,232080,4,,,1,101,,232081,4,,,1,105,,232082,4,,,1,105,,232083,4,,,1,179,,232084,4,,,1
1700,'20260910',609,,232085,4,,,1,100,,232086,4,,,1,100,,232087,4,,,1,105,,232088,4,,,1,95,,232089,4,,,1,107,,232090,4,,,1,200,,232091,4,,,1,110,,232092,4,,,1,95,,232093,4,,,1,95,,232094,4,,,1,101,,232095,4,,,1,105,,232096,4,,,1,105,,232097,4,,,1,179,,232098,4,,,1
1700,'20260911',609,,232099,4,,,1,100,,232100,4,,,1,100,,232101,4,,,1,105,,232102,4,,,1,95,,232103,4,,,1,107,,232104,4,,,1,200,,232105,4,,,1,110,,232106,4,,,1,95,,232107,4,,,1,95,,232108,4,,,1,101,,232109,4,,,1,105,,232110,4,,,1,105,,232111,4,,,1,179,,232112,4,,,1
1700,'20260914',609,,232113,4,,,1,100,,232114,4,,,1,100,,232115,4,,,1,105,,232116,4,,,1,95,,232117,4,,,1,107,,232118,4,,,1,200,,232119,4,,,1,110,,232120,4,,,1,95,,232121,4,,,1,95,,232122,4,,,1,101,,232123,4,,,1,105,,232124,4,,,1,105,,232125,4,,,1,179,,232126,4,,,1
1700,'20260915',609,,232127,4,,,1,100,,232128,4,,,1,100,,232129,4,,,1,105,,232130,4,,,1,95,,232131,4,,,1,107,,232132,4,,,1,200,,232133,4,,,1,110,,232134,4,,,1,95,,232135,4,,,1,95,,232136,4,,,1,101,,232137,4,,,1,105,,232138,4,,,1,105,,232139,4,,,1,179,,232140,4,,,1
1700,'20260916',609,,232141,4,,,1,100,,232142,4,,,1,100,,232143,4,,,1,105,,232144,4,,,1,95,,232145,4,,,1,107,,232146,4,,,1,200,,232147,4,,,1,110,,232148,4,,,1,95,,232149,4,,,1,95,,232150,4,,,1,101,,232151,4,,,1,105,,232152,4,,,1,105,,232153,4,,,1,179,,232154,4,,,1
1700,'20260917',609,,232155,4,,,1,100,,232156,4,,,1,100,,232157,4,,,1,105,,232158,4,,,1,95,,232159,4,,,1,107,,232160,4,,,1,200,,232161,4,,,1,110,,232162,4,,,1,95,,232163,4,,,1,95,,232164,4,,,1,101,,232165,4,,,1,105,,232166,4,,,1,105,,232167,4,,,1,179,,232168,4,,,1
1700,'20260918',609,,232169,4,,,1,100,,232170,4,,,1,100,,232171,4,,,1,105,,232172,4,,,1,95,,232173,4,,,1,107,,232174,4,,,1,200,,232175,4,,,1,110,,232176,4,,,1,95,,232177,4,,,1,95,,232178,4,,,1,101,,232179,4,,,1,105,,232180,4,,,1,105,,232181,4,,,1,179,,232182,4,,,1
1700,'20260921',609,,232183,4,,,1,100,,232184,4,,,1,100,,232185,4,,,1,105,,232186,4,,,1,95,,232187,4,,,1,107,,232188,4,,,1,200,,232189,4,,,1,110,,232190,4,,,1,95,,232191,4,,,1,95,,232192,4,,,1,101,,232193,4,,,1,105,,232194,4,,,1,105,,232195,4,,,1,179,,232196,4,,,1
1700,'20260922',609,,232197,4,,,1,100,,232198,4,,,1,100,,232199,4,,,1,105,,232200,4,,,1,95,,232201,4,,,1,107,,232202,4,,,1,200,,232203,4,,,1,110,,232204,4,,,1,95,,232205,4,,,1,95,,232206,4,,,1,101,,232207,4,,,1,105,,232208,4,,,1,105,,232209,4,,,1,179,,232210,4,,,1
1700,'20260923',609,,232211,4,,,1,100,,232212,4,,,1,100,,232213,4,,,1,105,,232214,4,,,1,95,,232215,4,,,1,107,,232216,4,,,1,200,,232217,4,,,1,110,,232218,4,,,1,95,,232219,4,,,1,95,,232220,4,,,1,101,,232221,4,,,1,105,,232222,4,,,1,105,,232223,4,,,1,179,,232224,4,,,1
1700,'20260924',609,,232225,4,,,1,100,,232226,4,,,1,100,,232227,4,,,1,105,,232228,4,,,1,95,,232229,4,,,1,107,,232230,4,,,1,200,,232231,4,,,1,110,,232232,4,,,1,95,,232233,4,,,1,95,,232234,4,,,1,101,,232235,4,,,1,105,,232236,4,,,1,105,,232237,4,,,1,179,,232238,4,,,1
1700,'20260925',609,,232239,4,,,1,100,,232240,4,,,1,100,,232241,4,,,1,105,,232242,4,,,1,95,,232243,4,,,1,107,,232244,4,,,1,200,,232245,4,,,1,110,,232246,4,,,1,95,,232247,4,,,1,95,,232248,4,,,1,101,,232249,4,,,1,105,,232250,4,,,1,105,,232251,4,,,1,179,,232252,4,,,1
1700,'20260928',609,,232253,4,,,1,100,,232254,4,,,1,100,,232255,4,,,1,105,,232256,4,,,1,95,,232257,4,,,1,107,,232258,4,,,1,200,,232259,4,,,1,110,,232260,4,,,1,95,,232261,4,,,1,95,,232262,4,,,1,101,,232263,4,,,1,105,,232264,4,,,1,105,,232265,4,,,1,179,,232266,4,,,1
1700,'20260929',609,,232267,4,,,1,100,,232268,4,,,1,100,,232269,4,,,1,105,,232270,4,,,1,95,,232271,4,,,1,107,,232272,4,,,1,200,,232273,4,,,1,110,,232274,4,,,1,95,,232275,4,,,1,95,,232276,4,,,1,101,,232277,4,,,1,105,,232278,4,,,1,105,,232279,4,,,1,179,,232280,4,,,1
1700,'20260930',609,,232281,4,,,1,100,,232282,4,,,1,100,,232283,4,,,1,105,,232284,4,,,1,95,,232285,4,,,1,107,,232286,4,,,1,200,,232287,4,,,1,110,,232288,4,,,1,95,,232289,4,,,1,95,,232290,4,,,1,101,,232291,4,,,1,105,,232292,4,,,1,105,,232293,4,,,1,179,,232294,4,,,1
1700,'20261001',609,,232295,4,,,1,100,,232296,4,,,1,100,,232297,4,,,1,105,,232298,4,,,1,95,,232299,4,,,1,107,,232300,4,,,1,200,,232301,4,,,1,110,,232302,4,,,1,95,,232303,4,,,1,95,,232304,4,,,1,101,,232305,4,,,1,105,,232306,4,,,1,105,,232307,4,,,1,179,,232308,4,,,1
1700,'20261002',609,,232309,4,,,1,100,,232310,4,,,1,100,,232311,4,,,1,105,,232312,4,,,1,95,,232313,4,,,1,107,,232314,4,,,1,200,,232315,4,,,1,110,,232316,4,,,1,95,,232317,4,,,1,95,,232318,4,,,1,101,,232319,4,,,1,105,,232320,4,,,1,105,,232321,4,,,1,179,,232322,4,,,1
1700,'20261005',609,,232323,4,,,1,100,,232324,4,,,1,100,,232325,4,,,1,105,,232326,4,,,1,95,,232327,4,,,1,107,,232328,4,,,1,200,,232329,4,,,1,110,,232330,4,,,1,95,,232331,4,,,1,95,,232332,4,,,1,101,,232333,4,,,1,105,,232334,4,,,1,105,,232335,4,,,1,179,,232336,4,,,1
1700,'20261006',609,,232337,4,,,1,100,,232338,4,,,1,100,,232339,4,,,1,105,,232340,4,,,1,95,,232341,4,,,1,107,,232342,4,,,1,200,,232343,4,,,1,110,,232344,4,,,1,95,,232345,4,,,1,95,,232346,4,,,1,101,,232347,4,,,1,105,,232348,4,,,1,105,,232349,4,,,1,179,,232350,4,,,1
1700,'20261007',609,,232351,4,,,1,100,,232352,4,,,1,100,,232353,4,,,1,105,,232354,4,,,1,95,,232355,4,,,1,107,,232356,4,,,1,200,,232357,4,,,1,110,,232358,4,,,1,95,,232359,4,,,1,95,,232360,4,,,1,101,,232361,4,,,1,105,,232362,4,,,1,105,,232363,4,,,1,179,,232364,4,,,1
1700,'20261008',609,,232365,4,,,1,100,,232366,4,,,1,100,,232367,4,,,1,105,,232368,4,,,1,95,,232369,4,,,1,107,,232370,4,,,1,200,,232371,4,,,1,110,,232372,4,,,1,95,,232373,4,,,1,95,,232374,4,,,1,101,,232375,4,,,1,105,,232376,4,,,1,105,,232377,4,,,1,179,,232378,4,,,1
1700,'20261009',609,,232379,4,,,1,100,,232380,4,,,1,100,,232381,4,,,1,105,,232382,4,,,1,95,,232383,4,,,1,107,,232384,4,,,1,200,,232385,4,,,1,110,,232386,4,,,1,95,,232387,4,,,1,95,,232388,4,,,1,101,,232389,4,,,1,105,,232390,4,,,1,105,,232391,4,,,1,179,,232392,4,,,1
1700,'20261013',609,,232393,4,,,1,100,,232394,4,,,1,100,,232395,4,,,1,105,,232396,4,,,1,95,,232397,4,,,1,107,,232398,4,,,1,200,,232399,4,,,1,110,,232400,4,,,1,95,,232401,4,,,1,95,,232402,4,,,1,101,,232403,4,,,1,105,,232404,4,,,1,105,,232405,4,,,1,179,,232406,4,,,1
1700,'20261014',609,,232407,4,,,1,100,,232408,4,,,1,100,,232409,4,,,1,105,,232410,4,,,1,95,,232411,4,,,1,107,,232412,4,,,1,200,,232413,4,,,1,110,,232414,4,,,1,95,,232415,4,,,1,95,,232416,4,,,1,101,,232417,4,,,1,105,,232418,4,,,1,105,,232419,4,,,1,179,,232420,4,,,1
1700,'20261015',609,,232421,4,,,1,100,,232422,4,,,1,100,,232423,4,,,1,105,,232424,4,,,1,95,,232425,4,,,1,107,,232426,4,,,1,200,,232427,4,,,1,110,,232428,4,,,1,95,,232429,4,,,1,95,,232430,4,,,1,101,,232431,4,,,1,105,,232432,4,,,1,105,,232433,4,,,1,179,,232434,4,,,1
1700,'20261016',609,,232435,4,,,1,100,,232436,4,,,1,100,,232437,4,,,1,105,,232438,4,,,1,95,,232439,4,,,1,107,,232440,4,,,1,200,,232441,4,,,1,110,,232442,4,,,1,95,,232443,4,,,1,95,,232444,4,,,1,101,,232445,4,,,1,105,,232446,4,,,1,105,,232447,4,,,1,179,,232448,4,,,1
1700,'20261019',609,,232449,4,,,1,100,,232450,4,,,1,100,,232451,4,,,1,105,,232452,4,,,1,95,,232453,4,,,1,107,,232454,4,,,1,200,,232455,4,,,1,110,,232456,4,,,1,95,,232457,4,,,1,95,,232458,4,,,1,101,,232459,4,,,1,105,,232460,4,,,1,105,,232461,4,,,1,179,,232462,4,,,1
1700,'20261020',609,,232463,4,,,1,100,,232464,4,,,1,100,,232465,4,,,1,105,,232466,4,,,1,95,,232467,4,,,1,107,,232468,4,,,1,200,,232469,4,,,1,110,,232470,4,,,1,95,,232471,4,,,1,95,,232472,4,,,1,101,,232473,4,,,1,105,,232474,4,,,1,105,,232475,4,,,1,179,,232476,4,,,1
1700,'20261021',609,,232477,4,,,1,100,,232478,4,,,1,100,,232479,4,,,1,105,,232480,4,,,1,95,,232481,4,,,1,107,,232482,4,,,1,200,,232483,4,,,1,110,,232484,4,,,1,95,,232485,4,,,1,95,,232486,4,,,1,101,,232487,4,,,1,105,,232488,4,,,1,105,,232489,4,,,1,179,,232490,4,,,1
1700,'20261022',609,,232491,4,,,1,100,,232492,4,,,1,100,,232493,4,,,1,105,,232494,4,,,1,95,,232495,4,,,1,107,,232496,4,,,1,200,,232497,4,,,1,110,,232498,4,,,1,95,,232499,4,,,1,95,,232500,4,,,1,101,,232501,4,,,1,105,,232502,4,,,1,105,,232503,4,,,1,179,,232504,4,,,1
1700,'20261023',609,,232505,4,,,1,100,,232506,4,,,1,100,,232507,4,,,1,105,,232508,4,,,1,95,,232509,4,,,1,107,,232510,4,,,1,200,,232511,4,,,1,110,,232512,4,,,1,95,,232513,4,,,1,95,,232514,4,,,1,101,,232515,4,,,1,105,,232516,4,,,1,105,,232517,4,,,1,179,,232518,4,,,1
1700,'20261026',609,,232519,4,,,1,100,,232520,4,,,1,100,,232521,4,,,1,105,,232522,4,,,1,95,,232523,4,,,1,107,,232524,4,,,1,200,,232525,4,,,1,110,,232526,4,,,1,95,,232527,4,,,1,95,,232528,4,,,1,101,,232529,4,,,1,105,,232530,4,,,1,105,,232531,4,,,1,179,,232532,4,,,1
1700,'20261027',609,,232533,4,,,1,100,,232534,4,,,1,100,,232535,4,,,1,105,,232536,4,,,1,95,,232537,4,,,1,107,,232538,4,,,1,200,,232539,4,,,1,110,,232540,4,,,1,95,,232541,4,,,1,95,,232542,4,,,1,101,,232543,4,,,1,105,,232544,4,,,1,105,,232545,4,,,1,179,,232546,4,,,1
1700,'20261028',609,,232547,4,,,1,100,,232548,4,,,1,100,,232549,4,,,1,105,,232550,4,,,1,95,,232551,4,,,1,107,,232552,4,,,1,200,,232553,4,,,1,110,,232554,4,,,1,95,,232555,4,,,1,95,,232556,4,,,1,101,,232557,4,,,1,105,,232558,4,,,1,105,,232559,4,,,1,179,,232560,4,,,1
1700,'20261029',609,,232561,4,,,1,100,,232562,4,,,1,100,,232563,4,,,1,105,,232564,4,,,1,95,,232565,4,,,1,107,,232566,4,,,1,200,,232567,4,,,1,110,,232568,4,,,1,95,,232569,4,,,1,95,,232570,4,,,1,101,,232571,4,,,1,105,,232572,4,,,1,105,,232573,4,,,1,179,,232574,4,,,1
1700,'20261030',609,,232575,4,,,1,100,,232576,4,,,1,100,,232577,4,,,1,105,,232578,4,,,1,95,,232579,4,,,1,107,,232580,4,,,1,200,,232581,4,,,1,110,,232582,4,,,1,95,,232583,4,,,1,95,,232584,4,,,1,101,,232585,4,,,1,105,,232586,4,,,1,105,,232587,4,,,1,179,,232588,4,,,1
1700,'20261102',609,,232589,4,,,1,100,,232590,4,,,1,100,,232591,4,,,1,105,,232592,4,,,1,95,,232593,4,,,1,107,,232594,4,,,1,200,,232595,4,,,1,110,,232596,4,,,1,95,,232597,4,,,1,95,,232598,4,,,1,101,,232599,4,,,1,105,,232600,4,,,1,105,,232601,4,,,1,179,,232602,4,,,1
1700,'20261103',609,,232603,4,,,1,100,,232604,4,,,1,100,,232605,4,,,1,105,,232606,4,,,1,95,,232607,4,,,1,107,,232608,4,,,1,200,,232609,4,,,1,110,,232610,4,,,1,95,,232611,4,,,1,95,,232612,4,,,1,101,,232613,4,,,1,105,,232614,4,,,1,105,,232615,4,,,1,179,,232616,4,,,1
1700,'20261104',609,,232617,4,,,1,100,,232618,4,,,1,100,,232619,4,,,1,105,,232620,4,,,1,95,,232621,4,,,1,107,,232622,4,,,1,200,,232623,4,,,1,110,,232624,4,,,1,95,,232625,4,,,1,95,,232626,4,,,1,101,,232627,4,,,1,105,,232628,4,,,1,105,,232629,4,,,1,179,,232630,4,,,1
1700,'20261105',609,,232631,4,,,1,100,,232632,4,,,1,100,,232633,4,,,1,105,,232634,4,,,1,95,,232635,4,,,1,107,,232636,4,,,1,200,,232637,4,,,1,110,,232638,4,,,1,95,,232639,4,,,1,95,,232640,4,,,1,101,,232641,4,,,1,105,,232642,4,,,1,105,,232643,4,,,1,179,,232644,4,,,1
1700,'20261106',609,,232645,4,,,1,100,,232646,4,,,1,100,,232647,4,,,1,105,,232648,4,,,1,95,,232649,4,,,1,107,,232650,4,,,1,200,,232651,4,,,1,110,,232652,4,,,1,95,,232653,4,,,1,95,,232654,4,,,1,101,,232655,4,,,1,105,,232656,4,,,1,105,,232657,4,,,1,179,,232658,4,,,1
1700,'20261109',609,,232659,4,,,1,100,,232660,4,,,1,100,,232661,4,,,1,105,,232662,4,,,1,95,,232663,4,,,1,107,,232664,4,,,1,200,,232665,4,,,1,110,,232666,4,,,1,95,,232667,4,,,1,95,,232668,4,,,1,101,,232669,4,,,1,105,,232670,4,,,1,105,,232671,4,,,1,179,,232672,4,,,1
1700,'20261110',609,,232673,4,,,1,100,,232674,4,,,1,100,,232675,4,,,1,105,,232676,4,,,1,95,,232677,4,,,1,107,,232678,4,,,1,200,,232679,4,,,1,110,,232680,4,,,1,95,,232681,4,,,1,95,,232682,4,,,1,101,,232683,4,,,1,105,,232684,4,,,1,105,,232685,4,,,1,179,,232686,4,,,1
1700,'20261111',609,,232687,4,,,1,100,,232688,4,,,1,100,,232689,4,,,1,105,,232690,4,,,1,95,,232691,4,,,1,107,,232692,4,,,1,200,,232693,4,,,1,110,,232694,4,,,1,95,,232695,4,,,1,95,,232696,4,,,1,101,,232697,4,,,1,105,,232698,4,,,1,105,,232699,4,,,1,179,,232700,4,,,1
1700,'20261112',609,,232701,4,,,1,100,,232702,4,,,1,100,,232703,4,,,1,105,,232704,4,,,1,95,,232705,4,,,1,107,,232706,4,,,1,200,,232707,4,,,1,110,,232708,4,,,1,95,,232709,4,,,1,95,,232710,4,,,1,101,,232711,4,,,1,105,,232712,4,,,1,105,,232713,4,,,1,179,,232714,4,,,1
1700,'20261113',609,,232715,4,,,1,100,,232716,4,,,1,100,,232717,4,,,1,105,,232718,4,,,1,95,,232719,4,,,1,107,,232720,4,,,1,200,,232721,4,,,1,110,,232722,4,,,1,95,,232723,4,,,1,95,,232724,4,,,1,101,,232725,4,,,1,105,,232726,4,,,1,105,,232727,4,,,1,179,,232728,4,,,1
1700,'20261116',609,,232729,4,,,1,100,,232730,4,,,1,100,,232731,4,,,1,105,,232732,4,,,1,95,,232733,4,,,1,107,,232734,4,,,1,200,,232735,4,,,1,110,,232736,4,,,1,95,,232737,4,,,1,95,,232738,4,,,1,101,,232739,4,,,1,105,,232740,4,,,1,105,,232741,4,,,1,179,,232742,4,,,1
1700,'20261117',609,,232743,4,,,1,100,,232744,4,,,1,100,,232745,4,,,1,105,,232746,4,,,1,95,,232747,4,,,1,107,,232748,4,,,1,200,,232749,4,,,1,110,,232750,4,,,1,95,,232751,4,,,1,95,,232752,4,,,1,101,,232753,4,,,1,105,,232754,4,,,1,105,,232755,4,,,1,179,,232756,4,,,1
1700,'20261118',609,,232757,4,,,1,100,,232758,4,,,1,100,,232759,4,,,1,105,,232760,4,,,1,95,,232761,4,,,1,107,,232762,4,,,1,200,,232763,4,,,1,110,,232764,4,,,1,95,,232765,4,,,1,95,,232766,4,,,1,101,,232767,4,,,1,105,,232768,4,,,1,105,,232769,4,,,1,179,,232770,4,,,1
1700,'20261119',609,,232771,4,,,1,100,,232772,4,,,1,100,,232773,4,,,1,105,,232774,4,,,1,95,,232775,4,,,1,107,,232776,4,,,1,200,,232777,4,,,1,110,,232778,4,,,1,95,,232779,4,,,1,95,,232780,4,,,1,101,,232781,4,,,1,105,,232782,4,,,1,105,,232783,4,,,1,179,,232784,4,,,1
1700,'20261120',609,,232785,4,,,1,100,,232786,4,,,1,100,,232787,4,,,1,105,,232788,4,,,1,95,,232789,4,,,1,107,,232790,4,,,1,200,,232791,4,,,1,110,,232792,4,,,1,95,,232793,4,,,1,95,,232794,4,,,1,101,,232795,4,,,1,105,,232796,4,,,1,105,,232797,4,,,1,179,,232798,4,,,1
1700,'20261123',609,,232799,4,,,1,100,,232800,4,,,1,100,,232801,4,,,1,105,,232802,4,,,1,95,,232803,4,,,1,107,,232804,4,,,1,200,,232805,4,,,1,110,,232806,4,,,1,95,,232807,4,,,1,95,,232808,4,,,1,101,,232809,4,,,1,105,,232810,4,,,1,105,,232811,4,,,1,179,,232812,4,,,1
1700,'20261124',609,,232813,4,,,1,100,,232814,4,,,1,100,,232815,4,,,1,105,,232816,4,,,1,95,,232817,4,,,1,107,,232818,4,,,1,200,,232819,4,,,1,110,,232820,4,,,1,95,,232821,4,,,1,95,,232822,4,,,1,101,,232823,4,,,1,105,,232824,4,,,1,105,,232825,4,,,1,179,,232826,4,,,1
1700,'20261125',609,,232827,4,,,1,100,,232828,4,,,1,100,,232829,4,,,1,105,,232830,4,,,1,95,,232831,4,,,1,107,,232832,4,,,1,200,,232833,4,,,1,110,,232834,4,,,1,95,,232835,4,,,1,95,,232836,4,,,1,101,,232837,4,,,1,105,,232838,4,,,1,105,,232839,4,,,1,179,,232840,4,,,1
1700,'20261126',609,,232841,4,,,1,100,,232842,4,,,1,100,,232843,4,,,1,105,,232844,4,,,1,95,,232845,4,,,1,107,,232846,4,,,1,200,,232847,4,,,1,110,,232848,4,,,1,95,,232849,4,,,1,95,,232850,4,,,1,101,,232851,4,,,1,105,,232852,4,,,1,105,,232853,4,,,1,179,,232854,4,,,1
1700,'20261127',609,,232855,4,,,1,100,,232856,4,,,1,100,,232857,4,,,1,105,,232858,4,,,1,95,,232859,4,,,1,107,,232860,4,,,1,200,,232861,4,,,1,110,,232862,4,,,1,95,,232863,4,,,1,95,,232864,4,,,1,101,,232865,4,,,1,105,,232866,4,,,1,105,,232867,4,,,1,179,,232868,4,,,1
1800,'20260831',419,,133796,4,0,53 29 30,1
1800,'20260901',419,,133800,4,0,53 29 30,1
1800,'20260902',419,,133804,4,0,53 29 30,1
1800,'20260903',419,,133808,4,0,53 29 30,1
1800,'20260904',419,,133812,4,0,53 29 30,1
1800,'20260905',434,,233681,4,0,5 29 30,1,80,,233682,5,0,68 29 30,1,28,,233683,5,0,68 29 30,1,65,,233684,5,0,68 29 30,1,30,,233685,5,0,7 29 30,1,200,,233686,4,0,64 9,1,200,,233687,4,0,64 9,1,199,,233688,4,0,64 9,1,200,,233689,4,0,64 9,1,200,,233690,4,0,64 9,1,200,,233691,4,0,64 9,1,200,,233692,4,0,64 9,1
1800,'20260906',434,,233693,4,0,5 29 30,1,80,,233694,5,0,68 29 30,1,28,,233695,5,0,68 29 30,1,65,,233696,5,0,68 29 30,1,30,,233697,5,0,7 29 30,1,200,,233698,4,0,64 9,1,200,,233699,4,0,64 9,1,199,,233700,4,0,64 9,1,200,,233701,4,0,64 9,1,200,,233702,4,0,64 9,1,200,,233703,4,0,64 9,1,200,,233704,4,0,64 9,1
1800,'20260907',434,,233706,4,0,5 29 30,1,80,,233707,5,0,68 29 30,1,28,,233708,5,0,68 29 30,1,65,,233709,5,0,68 29 30,1,30,,233710,5,0,7 29 30,1,200,,233711,4,0,64 9,1,200,,233712,4,0,64 9,1,199,,233713,4,0,64 9,1,200,,233714,4,0,64 9,1,200,,233715,4,0,64 9,1,200,,233716,4,0,64 9,1,200,,233717,4,0,64 9,1
1800,'20260908',419,,233718,4,0,53 29 30,1
1800,'20260909',419,,233722,4,0,53 29 30,1
1800,'20260910',419,,233726,4,0,53 29 30,1
1800,'20260911',419,,233730,4,0,53 29 30,1
1800,'20260912',434,,233732,4,0,5 29 30,1,80,,233733,5,0,68 29 30,1,28,,233734,5,0,68 29 30,1,65,,233735,5,0,68 29 30,1,30,,233736,5,0,7 29 30,1,200,,233737,4,0,64 9,1,200,,233738,4,0,64 9,1,199,,233739,4,0,64 9,1,200,,233740,4,0,64 9,1,200,,233741,4,0,64 9,1,200,,233742,4,0,64 9,1,200,,233743,4,0,64 9,1
1800,'20260913',434,,233744,4,0,5 29 30,1,80,,233745,5,0,68 29 30,1,28,,233746,5,0,68 29 30,1,65,,233747,5,0,68 29 30,1,30,,233748,5,0,7 29 30,1,200,,233749,4,0,64 9,1,200,,233750,4,0,64 9,1,199,,233751,4,0,64 9,1,200,,233752,4,0,64 9,1,200,,233753,4,0,64 9,1,200,,233754,4,0,64 9,1,200,,233755,4,0,64 9,1
1800,'20260914',419,,233757,4,0,53 29 30,1
1800,'20260915',419,,233761,4,0,53 29 30,1
1800,'20260916',419,,233765,4,0,53 29 30,1
1800,'20260917',419,,233769,4,0,53 29 30,1
1800,'20260918',419,,233773,4,0,53 29 30,1
1800,'20260919',434,,233775,4,0,5 29 30,1,80,,233776,5,0,68 29 30,1,28,,233777,5,0,68 29 30,1,65,,233778,5,0,68 29 30,1,30,,233779,5,0,7 29 30,1,200,,233780,4,0,64 9,1,200,,233781,4,0,64 9,1,199,,233782,4,0,64 9,1,200,,233783,4,0,64 9,1,200,,233784,4,0,64 9,1,200,,233785,4,0,64 9,1,200,,233786,4,0,64 9,1
1800,'20260920',434,,233787,4,0,5 29 30,1,80,,233788,5,0,68 29 30,1,28,,233789,5,0,68 29 30,1,65,,233790,5,0,68 29 30,1,30,,233791,5,0,7 29 30,1,200,,233792,4,0,64 9,1,200,,233793,4,0,64 9,1,199,,233794,4,0,64 9,1,200,,233795,4,0,64 9,1,200,,233796,4,0,64 9,1,200,,233797,4,0,64 9,1,200,,233798,4,0,64 9,1
1800,'20260921',419,,233800,4,0,53 29 30,1
1800,'20260922',419,,233804,4,0,53 29 30,1
1800,'20260923',419,,233808,4,0,53 29 30,1
1800,'20260924',419,,233812,4,0,53 29 30,1
1800,'20260925',419,,233816,4,0,53 29 30,1
1800,'20260926',434,,233818,4,0,5 29 30,1,80,,233819,5,0,68 29 30,1,28,,233820,5,0,68 29 30,1,65,,233821,5,0,68 29 30,1,30,,233822,5,0,7 29 30,1,200,,233823,4,0,64 9,1,200,,233824,4,0,64 9,1,199,,233825,4,0,64 9,1,200,,233826,4,0,64 9,1,200,,233827,4,0,64 9,1,200,,233828,4,0,64 9,1,200,,233829,4,0,64 9,1
1800,'20260927',434,,233830,4,0,5 29 30,1,80,,233831,5,0,68 29 30,1,28,,233832,5,0,68 29 30,1,65,,233833,5,0,68 29 30,1,30,,233834,5,0,7 29 30,1,200,,233835,4,0,64 9,1,200,,233836,4,0,64 9,1,199,,233837,4,0,64 9,1,200,,233838,4,0,64 9,1,200,,233839,4,0,64 9,1,200,,233840,4,0,64 9,1,200,,233841,4,0,64 9,1
1800,'20260928',419,,233843,4,0,53 29 30,1
1800,'20260929',419,,233847,4,0,53 29 30,1
1800,'20260930',419,,233851,4,0,53 29 30,1
1800,'20261001',419,,233855,4,0,53 29 30,1
1800,'20261002',419,,233859,4,0,53 29 30,1
1800,'20261003',434,,233861,4,0,5 29 30,1,80,,233862,5,0,68 29 30,1,28,,233863,5,0,68 29 30,1,65,,233864,5,0,68 29 30,1,30,,233865,5,0,7 29 30,1,200,,233866,4,0,64 9,1,200,,233867,4,0,64 9,1,199,,233868,4,0,64 9,1,200,,233869,4,0,64 9,1,200,,233870,4,0,64 9,1,200,,233871,4,0,64 9,1,200,,233872,4,0,64 9,1
1800,'20261004',434,,233873,4,0,5 29 30,1,80,,233874,5,0,68 29 30,1,28,,233875,5,0,68 29 30,1,65,,233876,5,0,68 29 30,1,30,,233877,5,0,7 29 30,1,200,,233878,4,0,64 9,1,200,,233879,4,0,64 9,1,199,,233880,4,0,64 9,1,200,,233881,4,0,64 9,1,200,,233882,4,0,64 9,1,200,,233883,4,0,64 9,1,200,,233884,4,0,64 9,1
1800,'20261005',419,,233886,4,0,53 29 30,1
1800,'20261006',419,,233890,4,0,53 29 30,1
1800,'20261007',419,,233894,4,0,53 29 30,1
1800,'20261008',419,,233898,4,0,53 29 30,1
1800,'20261009',419,,233902,4,0,53 29 30,1
1800,'20261010',434,,233904,4,0,5 29 30,1,80,,233905,5,0,68 29 30,1,28,,233906,5,0,68 29 30,1,65,,233907,5,0,68 29 30,1,30,,233908,5,0,7 29 30,1,200,,233909,4,0,64 9,1,200,,233910,4,0,64 9,1,199,,233911,4,0,64 9,1,200,,233912,4,0,64 9,1,200,,233913,4,0,64 9,1,200,,233914,4,0,64 9,1,200,,233915,4,0,64 9,1
1800,'20261011',434,,233916,4,0,5 29 30,1,80,,233917,5,0,68 29 30,1,28,,233918,5,0,68 29 30,1,65,,233919,5,0,68 29 30,1,30,,233920,5,0,7 29 30,1,200,,233921,4,0,64 9,1,200,,233922,4,0,64 9,1,199,,233923,4,0,64 9,1,200,,233924,4,0,64 9,1,200,,233925,4,0,64 9,1,200,,233926,4,0,64 9,1,200,,233927,4,0,64 9,1
1800,'20261012',434,,233929,4,0,5 29 30,1,80,,233930,5,0,68 29 30,1,28,,233931,5,0,68 29 30,1,65,,233932,5,0,68 29 30,1,30,,233933,5,0,7 29 30,1,200,,233934,4,0,64 9,1,200,,233935,4,0,64 9,1,199,,233936,4,0,64 9,1,200,,233937,4,0,64 9,1,200,,233938,4,0,64 9,1,200,,233939,4,0,64 9,1,200,,233940,4,0,64 9,1
1800,'20261013',419,,233941,4,0,53 29 30,1
1800,'20261014',419,,233945,4,0,53 29 30,1
1800,'20261015',419,,233949,4,0,53 29 30,1
1800,'20261016',419,,233953,4,0,53 29 30,1
1800,'20261017',434,,233955,4,0,5 29 30,1,80,,233956,5,0,68 29 30,1,28,,233957,5,0,68 29 30,1,65,,233958,5,0,68 29 30,1,30,,233959,5,0,7 29 30,1,200,,233960,4,0,64 9,1,200,,233961,4,0,64 9,1,199,,233962,4,0,64 9,1,200,,233963,4,0,64 9,1,200,,233964,4,0,64 9,1,200,,233965,4,0,64 9,1,200,,233966,4,0,64 9,1
1800,'20261018',434,,233967,4,0,5 29 30,1,80,,233968,5,0,68 29 30,1,28,,233969,5,0,68 29 30,1,65,,233970,5,0,68 29 30,1,30,,233971,5,0,7 29 30,1,200,,233972,4,0,64 9,1,200,,233973,4,0,64 9,1,199,,233974,4,0,64 9,1,200,,233975,4,0,64 9,1,200,,233976,4,0,64 9,1,200,,233977,4,0,64 9,1,200,,233978,4,0,64 9,1
1800,'20261019',419,,233980,4,0,53 29 30,1
1800,'20261020',419,,233984,4,0,53 29 30,1
1800,'20261021',419,,233988,4,0,53 29 30,1
1800,'20261022',419,,233992,4,0,53 29 30,1
1800,'20261023',419,,233996,4,0,53 29 30,1
1800,'20261024',434,,233998,4,0,5 29 30,1,80,,233999,5,0,68 29 30,1,28,,234000,5,0,68 29 30,1,65,,234001,5,0,68 29 30,1,30,,234002,5,0,7 29 30,1,200,,234003,4,0,64 9,1,200,,234004,4,0,64 9,1,199,,234005,4,0,64 9,1,200,,234006,4,0,64 9,1,200,,234007,4,0,64 9,1,200,,234008,4,0,64 9,1,200,,234009,4,0,64 9,1
1800,'20261025',434,,234010,4,0,5 29 30,1,80,,234011,5,0,68 29 30,1,28,,234012,5,0,68 29 30,1,65,,234013,5,0,68 29 30,1,30,,234014,5,0,7 29 30,1,200,,234015,4,0,64 9,1,200,,234016,4,0,64 9,1,199,,234017,4,0,64 9,1,200,,234018,4,0,64 9,1,200,,234019,4,0,64 9,1,200,,234020,4,0,64 9,1,200,,234021,4,0,64 9,1
1800,'20261026',419,,234023,4,0,53 29 30,1
1800,'20261027',419,,234027,4,0,53 29 30,1
1800,'20261028',419,,234031,4,0,53 29 30,1
1800,'20261029',419,,234035,4,0,53 29 30,1
1800,'20261030',419,,234039,4,0,53 29 30,1
1800,'20261031',434,,234041,4,0,5 29 30,1,80,,234042,5,0,68 29 30,1,28,,234043,5,0,68 29 30,1,65,,234044,5,0,68 29 30,1,30,,234045,5,0,7 29 30,1,200,,234046,4,0,64 9,1,200,,234047,4,0,64 9,1,199,,234048,4,0,64 9,1,200,,234049,4,0,64 9,1,200,,234050,4,0,64 9,1,200,,234051,4,0,64 9,1,200,,234052,4,0,64 9,1
1800,'20261101',434,,234053,4,0,5 29 30,1,80,,234054,5,0,68 29 30,1,28,,234055,5,0,68 29 30,1,65,,234056,5,0,68 29 30,1,30,,234057,5,0,7 29 30,1,200,,234058,4,0,64 9,1,200,,234059,4,0,64 9,1,199,,234060,4,0,64 9,1,200,,234061,4,0,64 9,1,200,,234062,4,0,64 9,1,200,,234063,4,0,64 9,1,200,,234064,4,0,64 9,1
1800,'20261102',419,,234066,4,0,53 29 30,1
1800,'20261103',419,,234070,4,0,53 29 30,1
1800,'20261104',419,,234074,4,0,53 29 30,1
1800,'20261105',419,,234078,4,0,53 29 30,1
1800,'20261106',419,,234082,4,0,53 29 30,1
1800,'20261107',434,,234084,4,0,5 29 30,1,80,,234085,5,0,68 29 30,1,28,,234086,5,0,68 29 30,1,65,,234087,5,0,68 29 30,1,30,,234088,5,0,7 29 30,1,200,,234089,4,0,64 9,1,200,,234090,4,0,64 9,1,199,,234091,4,0,64 9,1,200,,234092,4,0,64 9,1,200,,234093,4,0,64 9,1,200,,234094,4,0,64 9,1,200,,234095,4,0,64 9,1
1800,'20261108',434,,234096,4,0,5 29 30,1,80,,234097,5,0,68 29 30,1,28,,234098,5,0,68 29 30,1,65,,234099,5,0,68 29 30,1,30,,234100,5,0,7 29 30,1,200,,234101,4,0,64 9,1,200,,234102,4,0,64 9,1,199,,234103,4,0,64 9,1,200,,234104,4,0,64 9,1,200,,234105,4,0,64 9,1,200,,234106,4,0,64 9,1,200,,234107,4,0,64 9,1
1800,'20261109',419,,234109,4,0,53 29 30,1
1800,'20261110',419,,234113,4,0,53 29 30,1
1800,'20261111',419,,234117,4,0,53 29 30,1
1800,'20261112',419,,234121,4,0,53 29 30,1
1800,'20261113',419,,234125,4,0,53 29 30,1
1800,'20261114',434,,234127,4,0,5 29 30,1,80,,234128,5,0,68 29 30,1,28,,234129,5,0,68 29 30,1,65,,234130,5,0,68 29 30,1,30,,234131,5,0,7 29 30,1,200,,234132,4,0,64 9,1,200,,234133,4,0,64 9,1,199,,234134,4,0,64 9,1,200,,234135,4,0,64 9,1,200,,234136,4,0,64 9,1,200,,234137,4,0,64 9,1,200,,234138,4,0,64 9,1
1800,'20261115',434,,234139,4,0,5 29 30,1,80,,234140,5,0,68 29 30,1,28,,234141,5,0,68 29 30,1,65,,234142,5,0,68 29 30,1,30,,234143,5,0,7 29 30,1,200,,234144,4,0,64 9,1,200,,234145,4,0,64 9,1,199,,234146,4,0,64 9,1,200,,234147,4,0,64 9,1,200,,234148,4,0,64 9,1,200,,234149,4,0,64 9,1,200,,234150,4,0,64 9,1
1800,'20261116',419,,234152,4,0,53 29 30,1
1800,'20261117',419,,234156,4,0,53 29 30,1
1800,'20261118',419,,234160,4,0,53 29 30,1
1800,'20261119',419,,234164,4,0,53 29 30,1
1800,'20261120',419,,234168,4,0,53 29 30,1
1800,'20261121',434,,234170,4,0,5 29 30,1,80,,234171,5,0,68 29 30,1,28,,234172,5,0,68 29 30,1,65,,234173,5,0,68 29 30,1,30,,234174,5,0,7 29 30,1,200,,234175,4,0,64 9,1,200,,234176,4,0,64 9,1,199,,234177,4,0,64 9,1,200,,234178,4,0,64 9,1,200,,234179,4,0,64 9,1,200,,234180,4,0,64 9,1,200,,234181,4,0,64 9,1
1800,'20261122',434,,234182,4,0,5 29 30,1,80,,234183,5,0,68 29 30,1,28,,234184,5,0,68 29 30,1,65,,234185,5,0,68 29 30,1,30,,234186,5,0,7 29 30,1,200,,234187,4,0,64 9,1,200,,234188,4,0,64 9,1,199,,234189,4,0,64 9,1,200,,234190,4,0,64 9,1,200,,234191,4,0,64 9,1,200,,234192,4,0,64 9,1,200,,234193,4,0,64 9,1
1800,'20261123',419,,234195,4,0,53 29 30,1
1800,'20261124',419,,234199,4,0,53 29 30,1
1800,'20261125',419,,234203,4,0,53 29 30,1
1800,'20261126',419,,234207,4,0,53 29 30,1
1800,'20261127',419,,234211,4,0,53 29 30,1
4000,'20260831',319,,180431,4,0,31 42 9,1,100,,180432,4,0,31 42 9,1,95,,180433,4,0,31 42 9,1,25,,180434,4,0,49 50 51,1,61,,180435,4,0,37 42 9,1,10,,180436,4,0,49 50 51,1,15,,180437,4,0,49 50 51,1,15,,180438,4,0,49 50 51,1,10,,180439,4,0,37 42 9,1,55,,180440,4,0,49 50 51,1,15,,180441,4,0,49 50 51,1,15,,180442,4,0,49 50 51,1,20,,180443,4,0,37 42 9,1,60,,180444,4,0,49 50 51,1,20,,180445,4,0,49 50 51,1,20,,180446,4,0,49 50 51,1,60,,180447,4,0,31 42 9,1,25,,180448,4,0,52 49 50 51,1,75,,180449,4,0,49 50 51,1,35,,180450,4,0,49 50 51,1,65,,180451,4,0,31 42 9,1,25,,180452,4,0,52 49 50 51,1,75,,180453,4,0,49 50 51,1,30,,180454,4,0,49 50 51,1,60,,180455,4,0,49 50 51,1,20,,180456,4,0,31 42 9,1,20,,180457,4,0,49 50 51,1,60,,180458,4,0,37 42 9,1,25,,180459,4,0,49 50 51,1,15,,180460,4,0,31 42 9,1,55,,180461,4,0,37 42 9,1,25,,180462,4,0,49 50 51,1,17,,180463,4,0,49 50 51,1,15,,180464,4,0,49 50 51,1,50,,180465,4,0,37 42 9,1,20,,180466,4,0,49 50 51,1,10,,180467,4,0,49 50 51,1,15,,180468,4,0,49 50 51,1,53,,180469,4,0,37 42 9,1,22,,180470,4,0,49 50 51,1,20,,180471,4,0,49 50 51,1,60,,180472,4,0,49 50 51,1,28,,180473,4,0,37 42 9,1,75,,180474,4,0,49 50 51,1,25,,180475,4,0,31 42 9,1,74,,180476,4,0,49 50 51,1,100,,180477,4,0,31 42 9,1,100,,180478,4,0,49 50 51,1,110,,180479,4,0,31 42 9,1,200,,180480,4,0,31 42 9,1
4000,'20260901',319,,180481,4,0,31 42 9,1,100,,180482,4,0,31 42 9,1,95,,180483,4,0,31 42 9,1,25,,180484,4,0,49 50 51,1,61,,180485,4,0,37 42 9,1,10,,180486,4,0,49 50 51,1,15,,180487,4,0,49 50 51,1,15,,180488,4,0,49 50 51,1,10,,180489,4,0,37 42 9,1,55,,180490,4,0,49 50 51,1,15,,180491,4,0,49 50 51,1,15,,180492,4,0,49 50 51,1,20,,180493,4,0,37 42 9,1,60,,180494,4,0,49 50 51,1,20,,180495,4,0,49 50 51,1,20,,180496,4,0,49 50 51,1,60,,180497,4,0,31 42 9,1,25,,180498,4,0,52 49 50 51,1,75,,180499,4,0,49 50 51,1,35,,180500,4,0,49 50 51,1,65,,180501,4,0,31 42 9,1,25,,180502,4,0,52 49 50 51,1,75,,180503,4,0,49 50 51,1,30,,180504,4,0,49 50 51,1,60,,180505,4,0,49 50 51,1,20,,180506,4,0,31 42 9,1,20,,180507,4,0,49 50 51,1,60,,180508,4,0,37 42 9,1,25,,180509,4,0,49 50 51,1,15,,180510,4,0,31 42 9,1,55,,180511,4,0,37 42 9,1,25,,180512,4,0,49 50 51,1,17,,180513,4,0,49 50 51,1,15,,180514,4,0,49 50 51,1,50,,180515,4,0,37 42 9,1,20,,180516,4,0,49 50 51,1,10,,180517,4,0,49 50 51,1,15,,180518,4,0,49 50 51,1,53,,180519,4,0,37 42 9,1,22,,180520,4,0,49 50 51,1,20,,180521,4,0,49 50 51,1,60,,180522,4,0,49 50 51,1,28,,180523,4,0,37 42 9,1,75,,180524,4,0,49 50 51,1,25,,180525,4,0,31 42 9,1,74,,180526,4,0,49 50 51,1,100,,180527,4,0,31 42 9,1,100,,180528,4,0,49 50 51,1,110,,180529,4,0,31 42 9,1,200,,180530,4,0,31 42 9,1
4000,'20260902',319,,180531,4,0,31 42 9,1,100,,180532,4,0,31 42 9,1,95,,180533,4,0,31 42 9,1,25,,180534,4,0,49 50 51,1,61,,180535,4,0,37 42 9,1,10,,180536,4,0,49 50 51,1,15,,180537,4,0,49 50 51,1,15,,180538,4,0,49 50 51,1,10,,180539,4,0,37 42 9,1,55,,180540,4,0,49 50 51,1,15,,180541,4,0,49 50 51,1,15,,180542,4,0,49 50 51,1,20,,180543,4,0,37 42 9,1,60,,180544,4,0,49 50 51,1,20,,180545,4,0,49 50 51,1,20,,180546,4,0,49 50 51,1,60,,180547,4,0,31 42 9,1,25,,180548,4,0,52 49 50 51,1,75,,180549,4,0,49 50 51,1,35,,180550,4,0,49 50 51,1,65,,180551,4,0,31 42 9,1,25,,180552,4,0,52 49 50 51,1,75,,180553,4,0,49 50 51,1,30,,180554,4,0,49 50 51,1,60,,180555,4,0,49 50 51,1,20,,180556,4,0,31 42 9,1,20,,180557,4,0,49 50 51,1,60,,180558,4,0,37 42 9,1,25,,180559,4,0,49 50 51,1,15,,180560,4,0,31 42 9,1,55,,180561,4,0,37 42 9,1,25,,180562,4,0,49 50 51,1,17,,180563,4,0,49 50 51,1,15,,180564,4,0,49 50 51,1,50,,180565,4,0,37 42 9,1,20,,180566,4,0,49 50 51,1,10,,180567,4,0,49 50 51,1,15,,180568,4,0,49 50 51,1,53,,180569,4,0,37 42 9,1,22,,180570,4,0,49 50 51,1,20,,180571,4,0,49 50 51,1,60,,180572,4,0,49 50 51,1,28,,180573,4,0,37 42 9,1,75,,180574,4,0,49 50 51,1,25,,180575,4,0,31 42 9,1,74,,180576,4,0,49 50 51,1,100,,180577,4,0,31 42 9,1,100,,180578,4,0,49 50 51,1,110,,180579,4,0,31 42 9,1,200,,180580,4,0,31 42 9,1
4000,'20260903',319,,180581,4,0,31 42 9,1,100,,180582,4,0,31 42 9,1,95,,180583,4,0,31 42 9,1,25,,180584,4,0,49 50 51,1,61,,180585,4,0,37 42 9,1,10,,180586,4,0,49 50 51,1,15,,180587,4,0,49 50 51,1,15,,180588,4,0,49 50 51,1,10,,180589,4,0,37 42 9,1,55,,180590,4,0,49 50 51,1,15,,180591,4,0,49 50 51,1,15,,180592,4,0,49 50 51,1,20,,180593,4,0,37 42 9,1,60,,180594,4,0,49 50 51,1,20,,180595,4,0,49 50 51,1,20,,180596,4,0,49 50 51,1,60,,180597,4,0,31 42 9,1,25,,180598,4,0,52 49 50 51,1,75,,180599,4,0,49 50 51,1,35,,180600,4,0,49 50 51,1,65,,180601,4,0,31 42 9,1,25,,180602,4,0,52 49 50 51,1,75,,180603,4,0,49 50 51,1,30,,180604,4,0,49 50 51,1,60,,180605,4,0,49 50 51,1,20,,180606,4,0,31 42 9,1,20,,180607,4,0,49 50 51,1,60,,180608,4,0,37 42 9,1,25,,180609,4,0,49 50 51,1,15,,180610,4,0,31 42 9,1,55,,180611,4,0,37 42 9,1,25,,180612,4,0,49 50 51,1,17,,180613,4,0,49 50 51,1,15,,180614,4,0,49 50 51,1,50,,180615,4,0,37 42 9,1,20,,180616,4,0,49 50 51,1,10,,180617,4,0,49 50 51,1,15,,180618,4,0,49 50 51,1,53,,180619,4,0,37 42 9,1,22,,180620,4,0,49 50 51,1,20,,180621,4,0,49 50 51,1,60,,180622,4,0,49 50 51,1,28,,180623,4,0,37 42 9,1,75,,180624,4,0,49 50 51,1,25,,180625,4,0,31 42 9,1,74,,180626,4,0,49 50 51,1,100,,180627,4,0,31 42 9,1,100,,180628,4,0,49 50 51,1,110,,180629,4,0,31 42 9,1,200,,180630,4,0,31 42 9,1
4000,'20260904',319,,180631,4,0,31 42 9,1,100,,180632,4,0,31 42 9,1,95,,180633,4,0,31 42 9,1,25,,180634,4,0,49 50 51,1,61,,180635,4,0,37 42 9,1,10,,180636,4,0,49 50 51,1,15,,180637,4,0,49 50 51,1,15,,180638,4,0,49 50 51,1,10,,180639,4,0,37 42 9,1,55,,180640,4,0,49 50 51,1,15,,180641,4,0,49 50 51,1,15,,180642,4,0,49 50 51,1,20,,180643,4,0,37 42 9,1,60,,180644,4,0,49 50 51,1,20,,180645,4,0,49 50 51,1,20,,180646,4,0,49 50 51,1,60,,180647,4,0,31 42 9,1,25,,180648,4,0,52 49 50 51,1,75,,180649,4,0,49 50 51,1,35,,180650,4,0,49 50 51,1,65,,180651,4,0,31 42 9,1,25,,180652,4,0,52 49 50 51,1,75,,180653,4,0,49 50 51,1,30,,180654,4,0,49 50 51,1,60,,180655,4,0,49 50 51,1,20,,180656,4,0,31 42 9,1,20,,180657,4,0,49 50 51,1,60,,180658,4,0,37 42 9,1,25,,180659,4,0,49 50 51,1,15,,180660,4,0,31 42 9,1,55,,180661,4,0,37 42 9,1,25,,180662,4,0,49 50 51,1,17,,180663,4,0,49 50 51,1,15,,180664,4,0,49 50 51,1,50,,180665,4,0,37 42 9,1,20,,180666,4,0,49 50 51,1,10,,180667,4,0,49 50 51,1,15,,180668,4,0,49 50 51,1,53,,180669,4,0,37 42 9,1,22,,180670,4,0,49 50 51,1,20,,180671,4,0,49 50 51,1,60,,180672,4,0,49 50 51,1,28,,180673,4,0,37 42 9,1,75,,180674,4,0,49 50 51,1,25,,180675,4,0,31 42 9,1,74,,180676,4,0,49 50 51,1,100,,180677,4,0,31 42 9,1,100,,180678,4,0,49 50 51,1,110,,180679,4,0,31 42 9,1,200,,180680,4,0,31 42 9,1
4000,'20260905',319,,279917,4,0,31 42 9,1,200,,279918,4,0,31 42 9,1,95,,279919,4,0,31 42 9,1,100,,279920,4,0,49 50 51,1,100,,279921,4,0,31 42 9,1,30,,279922,4,0,49 50 51,1,70,,279923,4,0,49 50 51,1,30,,279924,4,0,49 50 51,1,70,,279925,4,0,31 42 9,1,30,,279926,4,0,49 50 51,1,70,,279927,4,0,49 50 51,1,26,,279928,4,0,49 50 51,1,70,,279929,4,0,31 42 9,1,30,,279930,4,0,49 50 51,1,70,,279931,4,0,49 50 51,1,30,,279932,4,0,49 50 51,1,60,,279933,4,0,49 50 51,1,20,,279934,4,0,31 42 9,1,20,,279935,4,0,49 50 51,1,60,,279936,4,0,49 50 51,1,20,,279937,4,0,31 42 9,1,20,,279938,4,0,49 50 51,1,60,,279939,4,0,49 50 51,1,20,,279940,4,0,31 42 9,1,20,,279941,4,0,49 50 51,1,60,,279942,4,0,49 50 51,1,20,,279943,4,0,31 42 9,1,20,,279944,4,0,49 50 51,1,60,,279945,4,0,49 50 51,1,20,,279946,4,0,31 42 9,1,19,,279947,4,0,49 50 51,1,20,,279948,4,0,49 50 51,1,60,,279949,4,0,31 42 9,1,25,,279950,4,0,49 50 51,1,70,,279951,4,0,49 50 51,1,100,,279952,4,0,31 42 9,1,100,,279953,4,0,49 50 51,1,100,,279954,4,0,31 42 9,1,205,,279955,4,0,31 42 9,1
4000,'20260906',319,,279956,4,0,31 42 9,1,200,,279957,4,0,31 42 9,1,95,,279958,4,0,31 42 9,1,100,,279959,4,0,49 50 51,1,100,,279960,4,0,31 42 9,1,30,,279961,4,0,49 50 51,1,70,,279962,4,0,49 50 51,1,30,,279963,4,0,49 50 51,1,70,,279964,4,0,31 42 9,1,30,,279965,4,0,49 50 51,1,70,,279966,4,0,49 50 51,1,26,,279967,4,0,49 50 51,1,70,,279968,4,0,31 42 9,1,30,,279969,4,0,49 50 51,1,70,,279970,4,0,49 50 51,1,30,,279971,4,0,49 50 51,1,60,,279972,4,0,49 50 51,1,20,,279973,4,0,31 42 9,1,20,,279974,4,0,49 50 51,1,60,,279975,4,0,49 50 51,1,20,,279976,4,0,31 42 9,1,20,,279977,4,0,49 50 51,1,60,,279978,4,0,49 50 51,1,20,,279979,4,0,31 42 9,1,20,,279980,4,0,49 50 51,1,60,,279981,4,0,49 50 51,1,20,,279982,4,0,31 42 9,1,20,,279983,4,0,49 50 51,1,60,,279984,4,0,49 50 51,1,20,,279985,4,0,31 42 9,1,19,,279986,4,0,49 50 51,1,20,,279987,4,0,49 50 51,1,60,,279988,4,0,31 42 9,1,25,,279989,4,0,49 50 51,1,70,,279990,4,0,49 50 51,1,100,,279991,4,0,31 42 9,1,100,,279992,4,0,49 50 51,1,100,,279993,4,0,31 42 9,1,205,,279994,4,0,31 42 9,1
4000,'20260907',319,,279995,4,0,31 42 9,1,200,,279996,4,0,31 42 9,1,95,,279997,4,0,31 42 9,1,100,,279998,4,0,49 50 51,1,100,,279999,4,0,31 42 9,1,30,,280000,4,0,49 50 51,1,70,,280001,4,0,49 50 51,1,30,,280002,4,0,49 50 51,1,70,,280003,4,0,31 42 9,1,30,,280004,4,0,49 50 51,1,70,,280005,4,0,49 50 51,1,26,,280006,4,0,49 50 51,1,70,,280007,4,0,31 42 9,1,30,,280008,4,0,49 50 51,1,70,,280009,4,0,49 50 51,1,30,,280010,4,0,49 50 51,1,60,,280011,4,0,49 50 51,1,20,,280012,4,0,31 42 9,1,20,,280013,4,0,49 50 51,1,60,,280014,4,0,49 50 51,1,20,,280015,4,0,31 42 9,1,20,,280016,4,0,49 50 51,1,60,,280017,4,0,49 50 51,1,20,,280018,4,0,31 42 9,1,20,,280019,4,0,49 50 51,1,60,,280020,4,0,49 50 51,1,20,,280021,4,0,31 42 9,1,20,,280022,4,0,49 50 51,1,60,,280023,4,0,49 50 51,1,20,,280024,4,0,31 42 9,1,19,,280025,4,0,49 50 51,1,20,,280026,4,0,49 50 51,1,60,,280027,4,0,31 42 9,1,25,,280028,4,0,49 50 51,1,70,,280029,4,0,49 50 51,1,100,,280030,4,0,31 42 9,1,100,,280031,4,0,49 50 51,1,100,,280032,4,0,31 42 9,1,205,,280033,4,0,31 42 9,1
4000,'20260908',319,,280034,4,0,31 42 9,1,100,,280035,4,0,31 42 9,1,95,,280036,4,0,31 42 9,1,25,,280037,4,0,49 50 51,1,16,,280038,4,0,37 42 9,1,60,,280039,4,0,49 50 51,1,15,,280040,4,0,49 50 51,1,10,,280041,4,0,49 50 51,1,10,,280042,4,0,37 42 9,1,55,,280043,4,0,49 50 51,1,15,,280044,4,0,49 50 51,1,20,,280045,4,0,49 50 51,1,15,,280046,4,0,37 42 9,1,60,,280047,4,0,49 50 51,1,20,,280048,4,0,49 50 51,1,20,,280049,4,0,49 50 51,1,60,,280050,4,0,31 42 9,1,25,,280051,4,0,52 49 50 51,1,75,,280052,4,0,49 50 51,1,35,,280053,4,0,49 50 51,1,65,,280054,4,0,31 42 9,1,25,,280055,4,0,52 49 50 51,1,75,,280056,4,0,49 50 51,1,30,,280057,4,0,49 50 51,1,60,,280058,4,0,49 50 51,1,20,,280059,4,0,31 42 9,1,25,,280060,4,0,31 42 9,1,60,,280061,4,0,37 42 9,1,20,,280062,4,0,49 50 51,1,20,,280063,4,0,31 42 9,1,55,,280064,4,0,37 42 9,1,20,,280065,4,0,49 50 51,1,17,,280066,4,0,49 50 51,1,13,,280067,4,0,31 42 9,1,52,,280068,4,0,37 42 9,1,20,,280069,4,0,49 50 51,1,10,,280070,4,0,49 50 51,1,15,,280071,4,0,49 50 51,1,53,,280072,4,0,37 42 9,1,22,,280073,4,0,49 50 51,1,25,,280074,4,0,49 50 51,1,60,,280075,4,0,49 50 51,1,28,,280076,4,0,37 42 9,1,70,,280077,4,0,49 50 51,1,25,,280078,4,0,31 42 9,1,74,,280079,4,0,49 50 51,1,105,,280080,4,0,31 42 9,1,100,,280081,4,0,49 50 51,1,105,,280082,4,0,31 42 9,1,200,,280083,4,0,31 42 9,1
4000,'20260909',319,,280084,4,0,31 42 9,1,100,,280085,4,0,31 42 9,1,95,,280086,4,0,31 42 9,1,25,,280087,4,0,49 50 51,1,16,,280088,4,0,37 42 9,1,60,,280089,4,0,49 50 51,1,15,,280090,4,0,49 50 51,1,10,,280091,4,0,49 50 51,1,10,,280092,4,0,37 42 9,1,55,,280093,4,0,49 50 51,1,15,,280094,4,0,49 50 51,1,20,,280095,4,0,49 50 51,1,15,,280096,4,0,37 42 9,1,60,,280097,4,0,49 50 51,1,20,,280098,4,0,49 50 51,1,20,,280099,4,0,49 50 51,1,60,,280100,4,0,31 42 9,1,25,,280101,4,0,52 49 50 51,1,75,,280102,4,0,49 50 51,1,35,,280103,4,0,49 50 51,1,65,,280104,4,0,31 42 9,1,25,,280105,4,0,52 49 50 51,1,75,,280106,4,0,49 50 51,1,30,,280107,4,0,49 50 51,1,60,,280108,4,0,49 50 51,1,20,,280109,4,0,31 42 9,1,25,,280110,4,0,31 42 9,1,60,,280111,4,0,37 42 9,1,20,,280112,4,0,49 50 51,1,20,,280113,4,0,31 42 9,1,55,,280114,4,0,37 42 9,1,20,,280115,4,0,49 50 51,1,17,,280116,4,0,49 50 51,1,13,,280117,4,0,31 42 9,1,52,,280118,4,0,37 42 9,1,20,,280119,4,0,49 50 51,1,10,,280120,4,0,49 50 51,1,15,,280121,4,0,49 50 51,1,53,,280122,4,0,37 42 9,1,22,,280123,4,0,49 50 51,1,25,,280124,4,0,49 50 51,1,60,,280125,4,0,49 50 51,1,28,,280126,4,0,37 42 9,1,70,,280127,4,0,49 50 51,1,25,,280128,4,0,31 42 9,1,74,,280129,4,0,49 50 51,1,105,,280130,4,0,31 42 9,1,100,,280131,4,0,49 50 51,1,105,,280132,4,0,31 42 9,1,200,,280133,4,0,31 42 9,1
4000,'20260910',319,,280134,4,0,31 42 9,1,100,,280135,4,0,31 42 9,1,95,,280136,4,0,31 42 9,1,25,,280137,4,0,49 50 51,1,16,,280138,4,0,37 42 9,1,60,,280139,4,0,49 50 51,1,15,,280140,4,0,49 50 51,1,10,,280141,4,0,49 50 51,1,10,,280142,4,0,37 42 9,1,55,,280143,4,0,49 50 51,1,15,,280144,4,0,49 50 51,1,20,,280145,4,0,49 50 51,1,15,,280146,4,0,37 42 9,1,60,,280147,4,0,49 50 51,1,20,,280148,4,0,49 50 51,1,20,,280149,4,0,49 50 51,1,60,,280150,4,0,31 42 9,1,25,,280151,4,0,52 49 50 51,1,75,,280152,4,0,49 50 51,1,35,,280153,4,0,49 50 51,1,65,,280154,4,0,31 42 9,1,25,,280155,4,0,52 49 50 51,1,75,,280156,4,0,49 50 51,1,30,,280157,4,0,49 50 51,1,60,,280158,4,0,49 50 51,1,20,,280159,4,0,31 42 9,1,25,,280160,4,0,31 42 9,1,60,,280161,4,0,37 42 9,1,20,,280162,4,0,49 50 51,1,20,,280163,4,0,31 42 9,1,55,,280164,4,0,37 42 9,1,20,,280165,4,0,49 50 51,1,17,,280166,4,0,49 50 51,1,13,,280167,4,0,31 42 9,1,52,,280168,4,0,37 42 9,1,20,,280169,4,0,49 50 51,1,10,,280170,4,0,49 50 51,1,15,,280171,4,0,49 50 51,1,53,,280172,4,0,37 42 9,1,22,,280173,4,0,49 50 51,1,25,,280174,4,0,49 50 51,1,60,,280175,4,0,49 50 51,1,28,,280176,4,0,37 42 9,1,70,,280177,4,0,49 50 51,1,25,,280178,4,0,31 42 9,1,74,,280179,4,0,49 50 51,1,105,,280180,4,0,31 42 9,1,100,,280181,4,0,49 50 51,1,105,,280182,4,0,31 42 9,1,200,,280183,4,0,31 42 9,1
4000,'20260911',319,,280184,4,0,31 42 9,1,100,,280185,4,0,31 42 9,1,95,,280186,4,0,31 42 9,1,25,,280187,4,0,49 50 51,1,16,,280188,4,0,37 42 9,1,60,,280189,4,0,49 50 51,1,15,,280190,4,0,49 50 51,1,10,,280191,4,0,49 50 51,1,10,,280192,4,0,37 42 9,1,55,,280193,4,0,49 50 51,1,15,,280194,4,0,49 50 51,1,20,,280195,4,0,49 50 51,1,15,,280196,4,0,37 42 9,1,60,,280197,4,0,49 50 51,1,20,,280198,4,0,49 50 51,1,20,,280199,4,0,49 50 51,1,60,,280200,4,0,31 42 9,1,25,,280201,4,0,52 49 50 51,1,75,,280202,4,0,49 50 51,1,35,,280203,4,0,49 50 51,1,65,,280204,4,0,31 42 9,1,25,,280205,4,0,52 49 50 51,1,75,,280206,4,0,49 50 51,1,30,,280207,4,0,49 50 51,1,60,,280208,4,0,49 50 51,1,20,,280209,4,0,31 42 9,1,25,,280210,4,0,31 42 9,1,60,,280211,4,0,37 42 9,1,20,,280212,4,0,49 50 51,1,20,,280213,4,0,31 42 9,1,55,,280214,4,0,37 42 9,1,20,,280215,4,0,49 50 51,1,17,,280216,4,0,49 50 51,1,13,,280217,4,0,31 42 9,1,52,,280218,4,0,37 42 9,1,20,,280219,4,0,49 50 51,1,10,,280220,4,0,49 50 51,1,15,,280221,4,0,49 50 51,1,53,,280222,4,0,37 42 9,1,22,,280223,4,0,49 50 51,1,25,,280224,4,0,49 50 51,1,60,,280225,4,0,49 50 51,1,28,,280226,4,0,37 42 9,1,70,,280227,4,0,49 50 51,1,25,,280228,4,0,31 42 9,1,74,,280229,4,0,49 50 51,1,105,,280230,4,0,31 42 9,1,100,,280231,4,0,49 50 51,1,105,,280232,4,0,31 42 9,1,200,,280233,4,0,31 42 9,1
4000,'20260912',319,,280234,4,0,31 42 9,1,200,,280235,4,0,31 42 9,1,95,,280236,4,0,31 42 9,1,100,,280237,4,0,49 50 51,1,100,,280238,4,0,31 42 9,1,30,,280239,4,0,49 50 51,1,70,,280240,4,0,49 50 51,1,30,,280241,4,0,49 50 51,1,70,,280242,4,0,31 42 9,1,30,,280243,4,0,49 50 51,1,70,,280244,4,0,49 50 51,1,26,,280245,4,0,49 50 51,1,70,,280246,4,0,31 42 9,1,30,,280247,4,0,49 50 51,1,70,,280248,4,0,49 50 51,1,30,,280249,4,0,49 50 51,1,60,,280250,4,0,49 50 51,1,20,,280251,4,0,31 42 9,1,20,,280252,4,0,49 50 51,1,60,,280253,4,0,49 50 51,1,20,,280254,4,0,31 42 9,1,20,,280255,4,0,49 50 51,1,60,,280256,4,0,49 50 51,1,20,,280257,4,0,31 42 9,1,20,,280258,4,0,49 50 51,1,60,,280259,4,0,49 50 51,1,20,,280260,4,0,31 42 9,1,20,,280261,4,0,49 50 51,1,60,,280262,4,0,49 50 51,1,20,,280263,4,0,31 42 9,1,19,,280264,4,0,49 50 51,1,20,,280265,4,0,49 50 51,1,60,,280266,4,0,31 42 9,1,25,,280267,4,0,49 50 51,1,70,,280268,4,0,49 50 51,1,100,,280269,4,0,31 42 9,1,100,,280270,4,0,49 50 51,1,100,,280271,4,0,31 42 9,1,205,,280272,4,0,31 42 9,1
4000,'20260913',319,,280273,4,0,31 42 9,1,200,,280274,4,0,31 42 9,1,95,,280275,4,0,31 42 9,1,100,,280276,4,0,49 50 51,1,100,,280277,4,0,31 42 9,1,30,,280278,4,0,49 50 51,1,70,,280279,4,0,49 50 51,1,30,,280280,4,0,49 50 51,1,70,,280281,4,0,31 42 9,1,30,,280282,4,0,49 50 51,1,70,,280283,4,0,49 50 51,1,26,,280284,4,0,49 50 51,1,70,,280285,4,0,31 42 9,1,30,,280286,4,0,49 50 51,1,70,,280287,4,0,49 50 51,1,30,,280288,4,0,49 50 51,1,60,,280289,4,0,49 50 51,1,20,,280290,4,0,31 42 9,1,20,,280291,4,0,49 50 51,1,60,,280292,4,0,49 50 51,1,20,,280293,4,0,31 42 9,1,20,,280294,4,0,49 50 51,1,60,,280295,4,0,49 50 51,1,20,,280296,4,0,31 42 9,1,20,,280297,4,0,49 50 51,1,60,,280298,4,0,49 50 51,1,20,,280299,4,0,31 42 9,1,20,,280300,4,0,49 50 51,1,60,,280301,4,0,49 50 51,1,20,,280302,4,0,31 42 9,1,19,,280303,4,0,49 50 51,1,20,,280304,4,0,49 50 51,1,60,,280305,4,0,31 42 9,1,25,,280306,4,0,49 50 51,1,70,,280307,4,0,49 50 51,1,100,,280308,4,0,31 42 9,1,100,,280309,4,0,49 50 51,1,100,,280310,4,0,31 42 9,1,205,,280311,4,0,31 42 9,1
4000,'20260914',319,,280312,4,0,31 42 9,1,100,,280313,4,0,31 42 9,1,95,,280314,4,0,31 42 9,1,25,,280315,4,0,49 50 51,1,16,,280316,4,0,37 42 9,1,60,,280317,4,0,49 50 51,1,15,,280318,4,0,49 50 51,1,10,,280319,4,0,49 50 51,1,10,,280320,4,0,37 42 9,1,55,,280321,4,0,49 50 51,1,15,,280322,4,0,49 50 51,1,20,,280323,4,0,49 50 51,1,15,,280324,4,0,37 42 9,1,60,,280325,4,0,49 50 51,1,20,,280326,4,0,49 50 51,1,20,,280327,4,0,49 50 51,1,60,,280328,4,0,31 42 9,1,25,,280329,4,0,52 49 50 51,1,75,,280330,4,0,49 50 51,1,35,,280331,4,0,49 50 51,1,65,,280332,4,0,31 42 9,1,25,,280333,4,0,52 49 50 51,1,75,,280334,4,0,49 50 51,1,30,,280335,4,0,49 50 51,1,60,,280336,4,0,49 50 51,1,20,,280337,4,0,31 42 9,1,25,,280338,4,0,31 42 9,1,60,,280339,4,0,37 42 9,1,20,,280340,4,0,49 50 51,1,20,,280341,4,0,31 42 9,1,55,,280342,4,0,37 42 9,1,20,,280343,4,0,49 50 51,1,17,,280344,4,0,49 50 51,1,13,,280345,4,0,31 42 9,1,52,,280346,4,0,37 42 9,1,20,,280347,4,0,49 50 51,1,10,,280348,4,0,49 50 51,1,15,,280349,4,0,49 50 51,1,53,,280350,4,0,37 42 9,1,22,,280351,4,0,49 50 51,1,25,,280352,4,0,49 50 51,1,60,,280353,4,0,49 50 51,1,28,,280354,4,0,37 42 9,1,70,,280355,4,0,49 50 51,1,25,,280356,4,0,31 42 9,1,74,,280357,4,0,49 50 51,1,105,,280358,4,0,31 42 9,1,100,,280359,4,0,49 50 51,1,105,,280360,4,0,31 42 9,1,200,,280361,4,0,31 42 9,1
4000,'20260915',319,,280362,4,0,31 42 9,1,100,,280363,4,0,31 42 9,1,95,,280364,4,0,31 42 9,1,25,,280365,4,0,49 50 51,1,16,,280366,4,0,37 42 9,1,60,,280367,4,0,49 50 51,1,15,,280368,4,0,49 50 51,1,10,,280369,4,0,49 50 51,1,10,,280370,4,0,37 42 9,1,55,,280371,4,0,49 50 51,1,15,,280372,4,0,49 50 51,1,20,,280373,4,0,49 50 51,1,15,,280374,4,0,37 42 9,1,60,,280375,4,0,49 50 51,1,20,,280376,4,0,49 50 51,1,20,,280377,4,0,49 50 51,1,60,,280378,4,0,31 42 9,1,25,,280379,4,0,52 49 50 51,1,75,,280380,4,0,49 50 51,1,35,,280381,4,0,49 50 51,1,65,,280382,4,0,31 42 9,1,25,,280383,4,0,52 49 50 51,1,75,,280384,4,0,49 50 51,1,30,,280385,4,0,49 50 51,1,60,,280386,4,0,49 50 51,1,20,,280387,4,0,31 42 9,1,25,,280388,4,0,31 42 9,1,60,,280389,4,0,37 42 9,1,20,,280390,4,0,49 50 51,1,20,,280391,4,0,31 42 9,1,55,,280392,4,0,37 42 9,1,20,,280393,4,0,49 50 51,1,17,,280394,4,0,49 50 51,1,13,,280395,4,0,31 42 9,1,52,,280396,4,0,37 42 9,1,20,,280397,4,0,49 50 51,1,10,,280398,4,0,49 50 51,1,15,,280399,4,0,49 50 51,1,53,,280400,4,0,37 42 9,1,22,,280401,4,0,49 50 51,1,25,,280402,4,0,49 50 51,1,60,,280403,4,0,49 50 51,1,28,,280404,4,0,37 42 9,1,70,,280405,4,0,49 50 51,1,25,,280406,4,0,31 42 9,1,74,,280407,4,0,49 50 51,1,105,,280408,4,0,31 42 9,1,100,,280409,4,0,49 50 51,1,105,,280410,4,0,31 42 9,1,200,,280411,4,0,31 42 9,1
4000,'20260916',319,,280412,4,0,31 42 9,1,100,,280413,4,0,31 42 9,1,95,,280414,4,0,31 42 9,1,25,,280415,4,0,49 50 51,1,16,,280416,4,0,37 42 9,1,60,,280417,4,0,49 50 51,1,15,,280418,4,0,49 50 51,1,10,,280419,4,0,49 50 51,1,10,,280420,4,0,37 42 9,1,55,,280421,4,0,49 50 51,1,15,,280422,4,0,49 50 51,1,20,,280423,4,0,49 50 51,1,15,,280424,4,0,37 42 9,1,60,,280425,4,0,49 50 51,1,20,,280426,4,0,49 50 51,1,20,,280427,4,0,49 50 51,1,60,,280428,4,0,31 42 9,1,25,,280429,4,0,52 49 50 51,1,75,,280430,4,0,49 50 51,1,35,,280431,4,0,49 50 51,1,65,,280432,4,0,31 42 9,1,25,,280433,4,0,52 49 50 51,1,75,,280434,4,0,49 50 51,1,30,,280435,4,0,49 50 51,1,60,,280436,4,0,49 50 51,1,20,,280437,4,0,31 42 9,1,25,,280438,4,0,31 42 9,1,60,,280439,4,0,37 42 9,1,20,,280440,4,0,49 50 51,1,20,,280441,4,0,31 42 9,1,55,,280442,4,0,37 42 9,1,20,,280443,4,0,49 50 51,1,17,,280444,4,0,49 50 51,1,13,,280445,4,0,31 42 9,1,52,,280446,4,0,37 42 9,1,20,,280447,4,0,49 50 51,1,10,,280448,4,0,49 50 51,1,15,,280449,4,0,49 50 51,1,53,,280450,4,0,37 42 9,1,22,,280451,4,0,49 50 51,1,25,,280452,4,0,49 50 51,1,60,,280453,4,0,49 50 51,1,28,,280454,4,0,37 42 9,1,70,,280455,4,0,49 50 51,1,25,,280456,4,0,31 42 9,1,74,,280457,4,0,49 50 51,1,105,,280458,4,0,31 42 9,1,100,,280459,4,0,49 50 51,1,105,,280460,4,0,31 42 9,1,200,,280461,4,0,31 42 9,1
4000,'20260917',319,,280462,4,0,31 42 9,1,100,,280463,4,0,31 42 9,1,95,,280464,4,0,31 42 9,1,25,,280465,4,0,49 50 51,1,16,,280466,4,0,37 42 9,1,60,,280467,4,0,49 50 51,1,15,,280468,4,0,49 50 51,1,10,,280469,4,0,49 50 51,1,10,,280470,4,0,37 42 9,1,55,,280471,4,0,49 50 51,1,15,,280472,4,0,49 50 51,1,20,,280473,4,0,49 50 51,1,15,,280474,4,0,37 42 9,1,60,,280475,4,0,49 50 51,1,20,,280476,4,0,49 50 51,1,20,,280477,4,0,49 50 51,1,60,,280478,4,0,31 42 9,1,25,,280479,4,0,52 49 50 51,1,75,,280480,4,0,49 50 51,1,35,,280481,4,0,49 50 51,1,65,,280482,4,0,31 42 9,1,25,,280483,4,0,52 49 50 51,1,75,,280484,4,0,49 50 51,1,30,,280485,4,0,49 50 51,1,60,,280486,4,0,49 50 51,1,20,,280487,4,0,31 42 9,1,25,,280488,4,0,31 42 9,1,60,,280489,4,0,37 42 9,1,20,,280490,4,0,49 50 51,1,20,,280491,4,0,31 42 9,1,55,,280492,4,0,37 42 9,1,20,,280493,4,0,49 50 51,1,17,,280494,4,0,49 50 51,1,13,,280495,4,0,31 42 9,1,52,,280496,4,0,37 42 9,1,20,,280497,4,0,49 50 51,1,10,,280498,4,0,49 50 51,1,15,,280499,4,0,49 50 51,1,53,,280500,4,0,37 42 9,1,22,,280501,4,0,49 50 51,1,25,,280502,4,0,49 50 51,1,60,,280503,4,0,49 50 51,1,28,,280504,4,0,37 42 9,1,70,,280505,4,0,49 50 51,1,25,,280506,4,0,31 42 9,1,74,,280507,4,0,49 50 51,1,105,,280508,4,0,31 42 9,1,100,,280509,4,0,49 50 51,1,105,,280510,4,0,31 42 9,1,200,,280511,4,0,31 42 9,1
4000,'20260918',319,,280512,4,0,31 42 9,1,100,,280513,4,0,31 42 9,1,95,,280514,4,0,31 42 9,1,25,,280515,4,0,49 50 51,1,16,,280516,4,0,37 42 9,1,60,,280517,4,0,49 50 51,1,15,,280518,4,0,49 50 51,1,10,,280519,4,0,49 50 51,1,10,,280520,4,0,37 42 9,1,55,,280521,4,0,49 50 51,1,15,,280522,4,0,49 50 51,1,20,,280523,4,0,49 50 51,1,15,,280524,4,0,37 42 9,1,60,,280525,4,0,49 50 51,1,20,,280526,4,0,49 50 51,1,20,,280527,4,0,49 50 51,1,60,,280528,4,0,31 42 9,1,25,,280529,4,0,52 49 50 51,1,75,,280530,4,0,49 50 51,1,35,,280531,4,0,49 50 51,1,65,,280532,4,0,31 42 9,1,25,,280533,4,0,52 49 50 51,1,75,,280534,4,0,49 50 51,1,30,,280535,4,0,49 50 51,1,60,,280536,4,0,49 50 51,1,20,,280537,4,0,31 42 9,1,25,,280538,4,0,31 42 9,1,60,,280539,4,0,37 42 9,1,20,,280540,4,0,49 50 51,1,20,,280541,4,0,31 42 9,1,55,,280542,4,0,37 42 9,1,20,,280543,4,0,49 50 51,1,17,,280544,4,0,49 50 51,1,13,,280545,4,0,31 42 9,1,52,,280546,4,0,37 42 9,1,20,,280547,4,0,49 50 51,1,10,,280548,4,0,49 50 51,1,15,,280549,4,0,49 50 51,1,53,,280550,4,0,37 42 9,1,22,,280551,4,0,49 50 51,1,25,,280552,4,0,49 50 51,1,60,,280553,4,0,49 50 51,1,28,,280554,4,0,37 42 9,1,70,,280555,4,0,49 50 51,1,25,,280556,4,0,31 42 9,1,74,,280557,4,0,49 50 51,1,105,,280558,4,0,31 42 9,1,100,,280559,4,0,49 50 51,1,105,,280560,4,0,31 42 9,1,200,,280561,4,0,31 42 9,1
4000,'20260919',319,,280562,4,0,31 42 9,1,200,,280563,4,0,31 42 9,1,95,,280564,4,0,31 42 9,1,100,,280565,4,0,49 50 51,1,100,,280566,4,0,31 42 9,1,30,,280567,4,0,49 50 51,1,70,,280568,4,0,49 50 51,1,30,,280569,4,0,49 50 51,1,70,,280570,4,0,31 42 9,1,30,,280571,4,0,49 50 51,1,70,,280572,4,0,49 50 51,1,26,,280573,4,0,49 50 51,1,70,,280574,4,0,31 42 9,1,30,,280575,4,0,49 50 51,1,70,,280576,4,0,49 50 51,1,30,,280577,4,0,49 50 51,1,60,,280578,4,0,49 50 51,1,20,,280579,4,0,31 42 9,1,20,,280580,4,0,49 50 51,1,60,,280581,4,0,49 50 51,1,20,,280582,4,0,31 42 9,1,20,,280583,4,0,49 50 51,1,60,,280584,4,0,49 50 51,1,20,,280585,4,0,31 42 9,1,20,,280586,4,0,49 50 51,1,60,,280587,4,0,49 50 51,1,20,,280588,4,0,31 42 9,1,20,,280589,4,0,49 50 51,1,60,,280590,4,0,49 50 51,1,20,,280591,4,0,31 42 9,1,19,,280592,4,0,49 50 51,1,20,,280593,4,0,49 50 51,1,60,,280594,4,0,31 42 9,1,25,,280595,4,0,49 50 51,1,70,,280596,4,0,49 50 51,1,100,,280597,4,0,31 42 9,1,100,,280598,4,0,49 50 51,1,100,,280599,4,0,31 42 9,1,205,,280600,4,0,31 42 9,1
4000,'20260920',319,,280601,4,0,31 42 9,1,200,,280602,4,0,31 42 9,1,95,,280603,4,0,31 42 9,1,100,,280604,4,0,49 50 51,1,100,,280605,4,0,31 42 9,1,30,,280606,4,0,49 50 51,1,70,,280607,4,0,49 50 51,1,30,,280608,4,0,49 50 51,1,70,,280609,4,0,31 42 9,1,30,,280610,4,0,49 50 51,1,70,,280611,4,0,49 50 51,1,26,,280612,4,0,49 50 51,1,70,,280613,4,0,31 42 9,1,30,,280614,4,0,49 50 51,1,70,,280615,4,0,49 50 51,1,30,,280616,4,0,49 50 51,1,60,,280617,4,0,49 50 51,1,20,,280618,4,0,31 42 9,1,20,,280619,4,0,49 50 51,1,60,,280620,4,0,49 50 51,1,20,,280621,4,0,31 42 9,1,20,,280622,4,0,49 50 51,1,60,,280623,4,0,49 50 51,1,20,,280624,4,0,31 42 9,1,20,,280625,4,0,49 50 51,1,60,,280626,4,0,49 50 51,1,20,,280627,4,0,31 42 9,1,20,,280628,4,0,49 50 51,1,60,,280629,4,0,49 50 51,1,20,,280630,4,0,31 42 9,1,19,,280631,4,0,49 50 51,1,20,,280632,4,0,49 50 51,1,60,,280633,4,0,31 42 9,1,25,,280634,4,0,49 50 51,1,70,,280635,4,0,49 50 51,1,100,,280636,4,0,31 42 9,1,100,,280637,4,0,49 50 51,1,100,,280638,4,0,31 42 9,1,205,,280639,4,0,31 42 9,1
4000,'20260921',319,,280640,4,0,31 42 9,1,100,,280641,4,0,31 42 9,1,95,,280642,4,0,31 42 9,1,25,,280643,4,0,49 50 51,1,16,,280644,4,0,37 42 9,1,60,,280645,4,0,49 50 51,1,15,,280646,4,0,49 50 51,1,10,,280647,4,0,49 50 51,1,10,,280648,4,0,37 42 9,1,55,,280649,4,0,49 50 51,1,15,,280650,4,0,49 50 51,1,20,,280651,4,0,49 50 51,1,15,,280652,4,0,37 42 9,1,60,,280653,4,0,49 50 51,1,20,,280654,4,0,49 50 51,1,20,,280655,4,0,49 50 51,1,60,,280656,4,0,31 42 9,1,25,,280657,4,0,52 49 50 51,1,75,,280658,4,0,49 50 51,1,35,,280659,4,0,49 50 51,1,65,,280660,4,0,31 42 9,1,25,,280661,4,0,52 49 50 51,1,75,,280662,4,0,49 50 51,1,30,,280663,4,0,49 50 51,1,60,,280664,4,0,49 50 51,1,20,,280665,4,0,31 42 9,1,25,,280666,4,0,31 42 9,1,60,,280667,4,0,37 42 9,1,20,,280668,4,0,49 50 51,1,20,,280669,4,0,31 42 9,1,55,,280670,4,0,37 42 9,1,20,,280671,4,0,49 50 51,1,17,,280672,4,0,49 50 51,1,13,,280673,4,0,31 42 9,1,52,,280674,4,0,37 42 9,1,20,,280675,4,0,49 50 51,1,10,,280676,4,0,49 50 51,1,15,,280677,4,0,49 50 51,1,53,,280678,4,0,37 42 9,1,22,,280679,4,0,49 50 51,1,25,,280680,4,0,49 50 51,1,60,,280681,4,0,49 50 51,1,28,,280682,4,0,37 42 9,1,70,,280683,4,0,49 50 51,1,25,,280684,4,0,31 42 9,1,74,,280685,4,0,49 50 51,1,105,,280686,4,0,31 42 9,1,100,,280687,4,0,49 50 51,1,105,,280688,4,0,31 42 9,1,200,,280689,4,0,31 42 9,1
4000,'20260922',319,,280690,4,0,31 42 9,1,100,,280691,4,0,31 42 9,1,95,,280692,4,0,31 42 9,1,25,,280693,4,0,49 50 51,1,16,,280694,4,0,37 42 9,1,60,,280695,4,0,49 50 51,1,15,,280696,4,0,49 50 51,1,10,,280697,4,0,49 50 51,1,10,,280698,4,0,37 42 9,1,55,,280699,4,0,49 50 51,1,15,,280700,4,0,49 50 51,1,20,,280701,4,0,49 50 51,1,15,,280702,4,0,37 42 9,1,60,,280703,4,0,49 50 51,1,20,,280704,4,0,49 50 51,1,20,,280705,4,0,49 50 51,1,60,,280706,4,0,31 42 9,1,25,,280707,4,0,52 49 50 51,1,75,,280708,4,0,49 50 51,1,35,,280709,4,0,49 50 51,1,65,,280710,4,0,31 42 9,1,25,,280711,4,0,52 49 50 51,1,75,,280712,4,0,49 50 51,1,30,,280713,4,0,49 50 51,1,60,,280714,4,0,49 50 51,1,20,,280715,4,0,31 42 9,1,25,,280716,4,0,31 42 9,1,60,,280717,4,0,37 42 9,1,20,,280718,4,0,49 50 51,1,20,,280719,4,0,31 42 9,1,55,,280720,4,0,37 42 9,1,20,,280721,4,0,49 50 51,1,17,,280722,4,0,49 50 51,1,13,,280723,4,0,31 42 9,1,52,,280724,4,0,37 42 9,1,20,,280725,4,0,49 50 51,1,10,,280726,4,0,49 50 51,1,15,,280727,4,0,49 50 51,1,53,,280728,4,0,37 42 9,1,22,,280729,4,0,49 50 51,1,25,,280730,4,0,49 50 51,1,60,,280731,4,0,49 50 51,1,28,,280732,4,0,37 42 9,1,70,,280733,4,0,49 50 51,1,25,,280734,4,0,31 42 9,1,74,,280735,4,0,49 50 51,1,105,,280736,4,0,31 42 9,1,100,,280737,4,0,49 50 51,1,105,,280738,4,0,31 42 9,1,200,,280739,4,0,31 42 9,1
4000,'20260923',319,,280740,4,0,31 42 9,1,100,,280741,4,0,31 42 9,1,95,,280742,4,0,31 42 9,1,25,,280743,4,0,49 50 51,1,16,,280744,4,0,37 42 9,1,60,,280745,4,0,49 50 51,1,15,,280746,4,0,49 50 51,1,10,,280747,4,0,49 50 51,1,10,,280748,4,0,37 42 9,1,55,,280749,4,0,49 50 51,1,15,,280750,4,0,49 50 51,1,20,,280751,4,0,49 50 51,1,15,,280752,4,0,37 42 9,1,60,,280753,4,0,49 50 51,1,20,,280754,4,0,49 50 51,1,20,,280755,4,0,49 50 51,1,60,,280756,4,0,31 42 9,1,25,,280757,4,0,52 49 50 51,1,75,,280758,4,0,49 50 51,1,35,,280759,4,0,49 50 51,1,65,,280760,4,0,31 42 9,1,25,,280761,4,0,52 49 50 51,1,75,,280762,4,0,49 50 51,1,30,,280763,4,0,49 50 51,1,60,,280764,4,0,49 50 51,1,20,,280765,4,0,31 42 9,1,25,,280766,4,0,31 42 9,1,60,,280767,4,0,37 42 9,1,20,,280768,4,0,49 50 51,1,20,,280769,4,0,31 42 9,1,55,,280770,4,0,37 42 9,1,20,,280771,4,0,49 50 51,1,17,,280772,4,0,49 50 51,1,13,,280773,4,0,31 42 9,1,52,,280774,4,0,37 42 9,1,20,,280775,4,0,49 50 51,1,10,,280776,4,0,49 50 51,1,15,,280777,4,0,49 50 51,1,53,,280778,4,0,37 42 9,1,22,,280779,4,0,49 50 51,1,25,,280780,4,0,49 50 51,1,60,,280781,4,0,49 50 51,1,28,,280782,4,0,37 42 9,1,70,,280783,4,0,49 50 51,1,25,,280784,4,0,31 42 9,1,74,,280785,4,0,49 50 51,1,105,,280786,4,0,31 42 9,1,100,,280787,4,0,49 50 51,1,105,,280788,4,0,31 42 9,1,200,,280789,4,0,31 42 9,1
4000,'20260924',319,,280790,4,0,31 42 9,1,100,,280791,4,0,31 42 9,1,95,,280792,4,0,31 42 9,1,25,,280793,4,0,49 50 51,1,16,,280794,4,0,37 42 9,1,60,,280795,4,0,49 50 51,1,15,,280796,4,0,49 50 51,1,10,,280797,4,0,49 50 51,1,10,,280798,4,0,37 42 9,1,55,,280799,4,0,49 50 51,1,15,,280800,4,0,49 50 51,1,20,,280801,4,0,49 50 51,1,15,,280802,4,0,37 42 9,1,60,,280803,4,0,49 50 51,1,20,,280804,4,0,49 50 51,1,20,,280805,4,0,49 50 51,1,60,,280806,4,0,31 42 9,1,25,,280807,4,0,52 49 50 51,1,75,,280808,4,0,49 50 51,1,35,,280809,4,0,49 50 51,1,65,,280810,4,0,31 42 9,1,25,,280811,4,0,52 49 50 51,1,75,,280812,4,0,49 50 51,1,30,,280813,4,0,49 50 51,1,60,,280814,4,0,49 50 51,1,20,,280815,4,0,31 42 9,1,25,,280816,4,0,31 42 9,1,60,,280817,4,0,37 42 9,1,20,,280818,4,0,49 50 51,1,20,,280819,4,0,31 42 9,1,55,,280820,4,0,37 42 9,1,20,,280821,4,0,49 50 51,1,17,,280822,4,0,49 50 51,1,13,,280823,4,0,31 42 9,1,52,,280824,4,0,37 42 9,1,20,,280825,4,0,49 50 51,1,10,,280826,4,0,49 50 51,1,15,,280827,4,0,49 50 51,1,53,,280828,4,0,37 42 9,1,22,,280829,4,0,49 50 51,1,25,,280830,4,0,49 50 51,1,60,,280831,4,0,49 50 51,1,28,,280832,4,0,37 42 9,1,70,,280833,4,0,49 50 51,1,25,,280834,4,0,31 42 9,1,74,,280835,4,0,49 50 51,1,105,,280836,4,0,31 42 9,1,100,,280837,4,0,49 50 51,1,105,,280838,4,0,31 42 9,1,200,,280839,4,0,31 42 9,1
4000,'20260925',319,,280840,4,0,31 42 9,1,100,,280841,4,0,31 42 9,1,95,,280842,4,0,31 42 9,1,25,,280843,4,0,49 50 51,1,16,,280844,4,0,37 42 9,1,60,,280845,4,0,49 50 51,1,15,,280846,4,0,49 50 51,1,10,,280847,4,0,49 50 51,1,10,,280848,4,0,37 42 9,1,55,,280849,4,0,49 50 51,1,15,,280850,4,0,49 50 51,1,20,,280851,4,0,49 50 51,1,15,,280852,4,0,37 42 9,1,60,,280853,4,0,49 50 51,1,20,,280854,4,0,49 50 51,1,20,,280855,4,0,49 50 51,1,60,,280856,4,0,31 42 9,1,25,,280857,4,0,52 49 50 51,1,75,,280858,4,0,49 50 51,1,35,,280859,4,0,49 50 51,1,65,,280860,4,0,31 42 9,1,25,,280861,4,0,52 49 50 51,1,75,,280862,4,0,49 50 51,1,30,,280863,4,0,49 50 51,1,60,,280864,4,0,49 50 51,1,20,,280865,4,0,31 42 9,1,25,,280866,4,0,31 42 9,1,60,,280867,4,0,37 42 9,1,20,,280868,4,0,49 50 51,1,20,,280869,4,0,31 42 9,1,55,,280870,4,0,37 42 9,1,20,,280871,4,0,49 50 51,1,17,,280872,4,0,49 50 51,1,13,,280873,4,0,31 42 9,1,52,,280874,4,0,37 42 9,1,20,,280875,4,0,49 50 51,1,10,,280876,4,0,49 50 51,1,15,,280877,4,0,49 50 51,1,53,,280878,4,0,37 42 9,1,22,,280879,4,0,49 50 51,1,25,,280880,4,0,49 50 51,1,60,,280881,4,0,49 50 51,1,28,,280882,4,0,37 42 9,1,70,,280883,4,0,49 50 51,1,25,,280884,4,0,31 42 9,1,74,,280885,4,0,49 50 51,1,105,,280886,4,0,31 42 9,1,100,,280887,4,0,49 50 51,1,105,,280888,4,0,31 42 9,1,200,,280889,4,0,31 42 9,1
4000,'20260926',319,,280890,4,0,31 42 9,1,200,,280891,4,0,31 42 9,1,95,,280892,4,0,31 42 9,1,100,,280893,4,0,49 50 51,1,100,,280894,4,0,31 42 9,1,30,,280895,4,0,49 50 51,1,70,,280896,4,0,49 50 51,1,30,,280897,4,0,49 50 51,1,70,,280898,4,0,31 42 9,1,30,,280899,4,0,49 50 51,1,70,,280900,4,0,49 50 51,1,26,,280901,4,0,49 50 51,1,70,,280902,4,0,31 42 9,1,30,,280903,4,0,49 50 51,1,70,,280904,4,0,49 50 51,1,30,,280905,4,0,49 50 51,1,60,,280906,4,0,49 50 51,1,20,,280907,4,0,31 42 9,1,20,,280908,4,0,49 50 51,1,60,,280909,4,0,49 50 51,1,20,,280910,4,0,31 42 9,1,20,,280911,4,0,49 50 51,1,60,,280912,4,0,49 50 51,1,20,,280913,4,0,31 42 9,1,20,,280914,4,0,49 50 51,1,60,,280915,4,0,49 50 51,1,20,,280916,4,0,31 42 9,1,20,,280917,4,0,49 50 51,1,60,,280918,4,0,49 50 51,1,20,,280919,4,0,31 42 9,1,19,,280920,4,0,49 50 51,1,20,,280921,4,0,49 50 51,1,60,,280922,4,0,31 42 9,1,25,,280923,4,0,49 50 51,1,70,,280924,4,0,49 50 51,1,100,,280925,4,0,31 42 9,1,100,,280926,4,0,49 50 51,1,100,,280927,4,0,31 42 9,1,205,,280928,4,0,31 42 9,1
4000,'20260927',319,,280929,4,0,31 42 9,1,200,,280930,4,0,31 42 9,1,95,,280931,4,0,31 42 9,1,100,,280932,4,0,49 50 51,1,100,,280933,4,0,31 42 9,1,30,,280934,4,0,49 50 51,1,70,,280935,4,0,49 50 51,1,30,,280936,4,0,49 50 51,1,70,,280937,4,0,31 42 9,1,30,,280938,4,0,49 50 51,1,70,,280939,4,0,49 50 51,1,26,,280940,4,0,49 50 51,1,70,,280941,4,0,31 42 9,1,30,,280942,4,0,49 50 51,1,70,,280943,4,0,49 50 51,1,30,,280944,4,0,49 50 51,1,60,,280945,4,0,49 50 51,1,20,,280946,4,0,31 42 9,1,20,,280947,4,0,49 50 51,1,60,,280948,4,0,49 50 51,1,20,,280949,4,0,31 42 9,1,20,,280950,4,0,49 50 51,1,60,,280951,4,0,49 50 51,1,20,,280952,4,0,31 42 9,1,20,,280953,4,0,49 50 51,1,60,,280954,4,0,49 50 51,1,20,,280955,4,0,31 42 9,1,20,,280956,4,0,49 50 51,1,60,,280957,4,0,49 50 51,1,20,,280958,4,0,31 42 9,1,19,,280959,4,0,49 50 51,1,20,,280960,4,0,49 50 51,1,60,,280961,4,0,31 42 9,1,25,,280962,4,0,49 50 51,1,70,,280963,4,0,49 50 51,1,100,,280964,4,0,31 42 9,1,100,,280965,4,0,49 50 51,1,100,,280966,4,0,31 42 9,1,205,,280967,4,0,31 42 9,1
4000,'20260928',319,,280968,4,0,31 42 9,1,100,,280969,4,0,31 42 9,1,95,,280970,4,0,31 42 9,1,25,,280971,4,0,49 50 51,1,16,,280972,4,0,37 42 9,1,60,,280973,4,0,49 50 51,1,15,,280974,4,0,49 50 51,1,10,,280975,4,0,49 50 51,1,10,,280976,4,0,37 42 9,1,55,,280977,4,0,49 50 51,1,15,,280978,4,0,49 50 51,1,20,,280979,4,0,49 50 51,1,15,,280980,4,0,37 42 9,1,60,,280981,4,0,49 50 51,1,20,,280982,4,0,49 50 51,1,20,,280983,4,0,49 50 51,1,60,,280984,4,0,31 42 9,1,25,,280985,4,0,52 49 50 51,1,75,,280986,4,0,49 50 51,1,35,,280987,4,0,49 50 51,1,65,,280988,4,0,31 42 9,1,25,,280989,4,0,52 49 50 51,1,75,,280990,4,0,49 50 51,1,30,,280991,4,0,49 50 51,1,60,,280992,4,0,49 50 51,1,20,,280993,4,0,31 42 9,1,25,,280994,4,0,31 42 9,1,60,,280995,4,0,37 42 9,1,20,,280996,4,0,49 50 51,1,20,,280997,4,0,31 42 9,1,55,,280998,4,0,37 42 9,1,20,,280999,4,0,49 50 51,1,17,,281000,4,0,49 50 51,1,13,,281001,4,0,31 42 9,1,52,,281002,4,0,37 42 9,1,20,,281003,4,0,49 50 51,1,10,,281004,4,0,49 50 51,1,15,,281005,4,0,49 50 51,1,53,,281006,4,0,37 42 9,1,22,,281007,4,0,49 50 51,1,25,,281008,4,0,49 50 51,1,60,,281009,4,0,49 50 51,1,28,,281010,4,0,37 42 9,1,70,,281011,4,0,49 50 51,1,25,,281012,4,0,31 42 9,1,74,,281013,4,0,49 50 51,1,105,,281014,4,0,31 42 9,1,100,,281015,4,0,49 50 51,1,105,,281016,4,0,31 42 9,1,200,,281017,4,0,31 42 9,1
4000,'20260929',319,,281018,4,0,31 42 9,1,100,,281019,4,0,31 42 9,1,95,,281020,4,0,31 42 9,1,25,,281021,4,0,49 50 51,1,16,,281022,4,0,37 42 9,1,60,,281023,4,0,49 50 51,1,15,,281024,4,0,49 50 51,1,10,,281025,4,0,49 50 51,1,10,,281026,4,0,37 42 9,1,55,,281027,4,0,49 50 51,1,15,,281028,4,0,49 50 51,1,20,,281029,4,0,49 50 51,1,15,,281030,4,0,37 42 9,1,60,,281031,4,0,49 50 51,1,20,,281032,4,0,49 50 51,1,20,,281033,4,0,49 50 51,1,60,,281034,4,0,31 42 9,1,25,,281035,4,0,52 49 50 51,1,75,,281036,4,0,49 50 51,1,35,,281037,4,0,49 50 51,1,65,,281038,4,0,31 42 9,1,25,,281039,4,0,52 49 50 51,1,75,,281040,4,0,49 50 51,1,30,,281041,4,0,49 50 51,1,60,,281042,4,0,49 50 51,1,20,,281043,4,0,31 42 9,1,25,,281044,4,0,31 42 9,1,60,,281045,4,0,37 42 9,1,20,,281046,4,0,49 50 51,1,20,,281047,4,0,31 42 9,1,55,,281048,4,0,37 42 9,1,20,,281049,4,0,49 50 51,1,17,,281050,4,0,49 50 51,1,13,,281051,4,0,31 42 9,1,52,,281052,4,0,37 42 9,1,20,,281053,4,0,49 50 51,1,10,,281054,4,0,49 50 51,1,15,,281055,4,0,49 50 51,1,53,,281056,4,0,37 42 9,1,22,,281057,4,0,49 50 51,1,25,,281058,4,0,49 50 51,1,60,,281059,4,0,49 50 51,1,28,,281060,4,0,37 42 9,1,70,,281061,4,0,49 50 51,1,25,,281062,4,0,31 42 9,1,74,,281063,4,0,49 50 51,1,105,,281064,4,0,31 42 9,1,100,,281065,4,0,49 50 51,1,105,,281066,4,0,31 42 9,1,200,,281067,4,0,31 42 9,1
4000,'20260930',319,,281068,4,0,31 42 9,1,100,,281069,4,0,31 42 9,1,95,,281070,4,0,31 42 9,1,25,,281071,4,0,49 50 51,1,16,,281072,4,0,37 42 9,1,60,,281073,4,0,49 50 51,1,15,,281074,4,0,49 50 51,1,10,,281075,4,0,49 50 51,1,10,,281076,4,0,37 42 9,1,55,,281077,4,0,49 50 51,1,15,,281078,4,0,49 50 51,1,20,,281079,4,0,49 50 51,1,15,,281080,4,0,37 42 9,1,60,,281081,4,0,49 50 51,1,20,,281082,4,0,49 50 51,1,20,,281083,4,0,49 50 51,1,60,,281084,4,0,31 42 9,1,25,,281085,4,0,52 49 50 51,1,75,,281086,4,0,49 50 51,1,35,,281087,4,0,49 50 51,1,65,,281088,4,0,31 42 9,1,25,,281089,4,0,52 49 50 51,1,75,,281090,4,0,49 50 51,1,30,,281091,4,0,49 50 51,1,60,,281092,4,0,49 50 51,1,20,,281093,4,0,31 42 9,1,25,,281094,4,0,31 42 9,1,60,,281095,4,0,37 42 9,1,20,,281096,4,0,49 50 51,1,20,,281097,4,0,31 42 9,1,55,,281098,4,0,37 42 9,1,20,,281099,4,0,49 50 51,1,17,,281100,4,0,49 50 51,1,13,,281101,4,0,31 42 9,1,52,,281102,4,0,37 42 9,1,20,,281103,4,0,49 50 51,1,10,,281104,4,0,49 50 51,1,15,,281105,4,0,49 50 51,1,53,,281106,4,0,37 42 9,1,22,,281107,4,0,49 50 51,1,25,,281108,4,0,49 50 51,1,60,,281109,4,0,49 50 51,1,28,,281110,4,0,37 42 9,1,70,,281111,4,0,49 50 51,1,25,,281112,4,0,31 42 9,1,74,,281113,4,0,49 50 51,1,105,,281114,4,0,31 42 9,1,100,,281115,4,0,49 50 51,1,105,,281116,4,0,31 42 9,1,200,,281117,4,0,31 42 9,1
4000,'20261001',319,,281118,4,0,31 42 9,1,100,,281119,4,0,31 42 9,1,95,,281120,4,0,31 42 9,1,25,,281121,4,0,49 50 51,1,16,,281122,4,0,37 42 9,1,60,,281123,4,0,49 50 51,1,15,,281124,4,0,49 50 51,1,10,,281125,4,0,49 50 51,1,10,,281126,4,0,37 42 9,1,55,,281127,4,0,49 50 51,1,15,,281128,4,0,49 50 51,1,20,,281129,4,0,49 50 51,1,15,,281130,4,0,37 42 9,1,60,,281131,4,0,49 50 51,1,20,,281132,4,0,49 50 51,1,20,,281133,4,0,49 50 51,1,60,,281134,4,0,31 42 9,1,25,,281135,4,0,52 49 50 51,1,75,,281136,4,0,49 50 51,1,35,,281137,4,0,49 50 51,1,65,,281138,4,0,31 42 9,1,25,,281139,4,0,52 49 50 51,1,75,,281140,4,0,49 50 51,1,30,,281141,4,0,49 50 51,1,60,,281142,4,0,49 50 51,1,20,,281143,4,0,31 42 9,1,25,,281144,4,0,31 42 9,1,60,,281145,4,0,37 42 9,1,20,,281146,4,0,49 50 51,1,20,,281147,4,0,31 42 9,1,55,,281148,4,0,37 42 9,1,20,,281149,4,0,49 50 51,1,17,,281150,4,0,49 50 51,1,13,,281151,4,0,31 42 9,1,52,,281152,4,0,37 42 9,1,20,,281153,4,0,49 50 51,1,10,,281154,4,0,49 50 51,1,15,,281155,4,0,49 50 51,1,53,,281156,4,0,37 42 9,1,22,,281157,4,0,49 50 51,1,25,,281158,4,0,49 50 51,1,60,,281159,4,0,49 50 51,1,28,,281160,4,0,37 42 9,1,70,,281161,4,0,49 50 51,1,25,,281162,4,0,31 42 9,1,74,,281163,4,0,49 50 51,1,105,,281164,4,0,31 42 9,1,100,,281165,4,0,49 50 51,1,105,,281166,4,0,31 42 9,1,200,,281167,4,0,31 42 9,1
4000,'20261002',319,,281168,4,0,31 42 9,1,100,,281169,4,0,31 42 9,1,95,,281170,4,0,31 42 9,1,25,,281171,4,0,49 50 51,1,16,,281172,4,0,37 42 9,1,60,,281173,4,0,49 50 51,1,15,,281174,4,0,49 50 51,1,10,,281175,4,0,49 50 51,1,10,,281176,4,0,37 42 9,1,55,,281177,4,0,49 50 51,1,15,,281178,4,0,49 50 51,1,20,,281179,4,0,49 50 51,1,15,,281180,4,0,37 42 9,1,60,,281181,4,0,49 50 51,1,20,,281182,4,0,49 50 51,1,20,,281183,4,0,49 50 51,1,60,,281184,4,0,31 42 9,1,25,,281185,4,0,52 49 50 51,1,75,,281186,4,0,49 50 51,1,35,,281187,4,0,49 50 51,1,65,,281188,4,0,31 42 9,1,25,,281189,4,0,52 49 50 51,1,75,,281190,4,0,49 50 51,1,30,,281191,4,0,49 50 51,1,60,,281192,4,0,49 50 51,1,20,,281193,4,0,31 42 9,1,25,,281194,4,0,31 42 9,1,60,,281195,4,0,37 42 9,1,20,,281196,4,0,49 50 51,1,20,,281197,4,0,31 42 9,1,55,,281198,4,0,37 42 9,1,20,,281199,4,0,49 50 51,1,17,,281200,4,0,49 50 51,1,13,,281201,4,0,31 42 9,1,52,,281202,4,0,37 42 9,1,20,,281203,4,0,49 50 51,1,10,,281204,4,0,49 50 51,1,15,,281205,4,0,49 50 51,1,53,,281206,4,0,37 42 9,1,22,,281207,4,0,49 50 51,1,25,,281208,4,0,49 50 51,1,60,,281209,4,0,49 50 51,1,28,,281210,4,0,37 42 9,1,70,,281211,4,0,49 50 51,1,25,,281212,4,0,31 42 9,1,74,,281213,4,0,49 50 51,1,105,,281214,4,0,31 42 9,1,100,,281215,4,0,49 50 51,1,105,,281216,4,0,31 42 9,1,200,,281217,4,0,31 42 9,1
4000,'20261003',319,,281218,4,0,31 42 9,1,200,,281219,4,0,31 42 9,1,95,,281220,4,0,31 42 9,1,100,,281221,4,0,49 50 51,1,100,,281222,4,0,31 42 9,1,30,,281223,4,0,49 50 51,1,70,,281224,4,0,49 50 51,1,30,,281225,4,0,49 50 51,1,70,,281226,4,0,31 42 9,1,30,,281227,4,0,49 50 51,1,70,,281228,4,0,49 50 51,1,26,,281229,4,0,49 50 51,1,70,,281230,4,0,31 42 9,1,30,,281231,4,0,49 50 51,1,70,,281232,4,0,49 50 51,1,30,,281233,4,0,49 50 51,1,60,,281234,4,0,49 50 51,1,20,,281235,4,0,31 42 9,1,20,,281236,4,0,49 50 51,1,60,,281237,4,0,49 50 51,1,20,,281238,4,0,31 42 9,1,20,,281239,4,0,49 50 51,1,60,,281240,4,0,49 50 51,1,20,,281241,4,0,31 42 9,1,20,,281242,4,0,49 50 51,1,60,,281243,4,0,49 50 51,1,20,,281244,4,0,31 42 9,1,20,,281245,4,0,49 50 51,1,60,,281246,4,0,49 50 51,1,20,,281247,4,0,31 42 9,1,19,,281248,4,0,49 50 51,1,20,,281249,4,0,49 50 51,1,60,,281250,4,0,31 42 9,1,25,,281251,4,0,49 50 51,1,70,,281252,4,0,49 50 51,1,100,,281253,4,0,31 42 9,1,100,,281254,4,0,49 50 51,1,100,,281255,4,0,31 42 9,1,205,,281256,4,0,31 42 9,1
4000,'20261004',319,,281257,4,0,31 42 9,1,200,,281258,4,0,31 42 9,1,95,,281259,4,0,31 42 9,1,100,,281260,4,0,49 50 51,1,100,,281261,4,0,31 42 9,1,30,,281262,4,0,49 50 51,1,70,,281263,4,0,49 50 51,1,30,,281264,4,0,49 50 51,1,70,,281265,4,0,31 42 9,1,30,,281266,4,0,49 50 51,1,70,,281267,4,0,49 50 51,1,26,,281268,4,0,49 50 51,1,70,,281269,4,0,31 42 9,1,30,,281270,4,0,49 50 51,1,70,,281271,4,0,49 50 51,1,30,,281272,4,0,49 50 51,1,60,,281273,4,0,49 50 51,1,20,,281274,4,0,31 42 9,1,20,,281275,4,0,49 50 51,1,60,,281276,4,0,49 50 51,1,20,,281277,4,0,31 42 9,1,20,,281278,4,0,49 50 51,1,60,,281279,4,0,49 50 51,1,20,,281280,4,0,31 42 9,1,20,,281281,4,0,49 50 51,1,60,,281282,4,0,49 50 51,1,20,,281283,4,0,31 42 9,1,20,,281284,4,0,49 50 51,1,60,,281285,4,0,49 50 51,1,20,,281286,4,0,31 42 9,1,19,,281287,4,0,49 50 51,1,20,,281288,4,0,49 50 51,1,60,,281289,4,0,31 42 9,1,25,,281290,4,0,49 50 51,1,70,,281291,4,0,49 50 51,1,100,,281292,4,0,31 42 9,1,100,,281293,4,0,49 50 51,1,100,,281294,4,0,31 42 9,1,205,,281295,4,0,31 42 9,1
4000,'20261005',319,,281296,4,0,31 42 9,1,100,,281297,4,0,31 42 9,1,95,,281298,4,0,31 42 9,1,25,,281299,4,0,49 50 51,1,16,,281300,4,0,37 42 9,1,60,,281301,4,0,49 50 51,1,15,,281302,4,0,49 50 51,1,10,,281303,4,0,49 50 51,1,10,,281304,4,0,37 42 9,1,55,,281305,4,0,49 50 51,1,15,,281306,4,0,49 50 51,1,20,,281307,4,0,49 50 51,1,15,,281308,4,0,37 42 9,1,60,,281309,4,0,49 50 51,1,20,,281310,4,0,49 50 51,1,20,,281311,4,0,49 50 51,1,60,,281312,4,0,31 42 9,1,25,,281313,4,0,52 49 50 51,1,75,,281314,4,0,49 50 51,1,35,,281315,4,0,49 50 51,1,65,,281316,4,0,31 42 9,1,25,,281317,4,0,52 49 50 51,1,75,,281318,4,0,49 50 51,1,30,,281319,4,0,49 50 51,1,60,,281320,4,0,49 50 51,1,20,,281321,4,0,31 42 9,1,25,,281322,4,0,31 42 9,1,60,,281323,4,0,37 42 9,1,20,,281324,4,0,49 50 51,1,20,,281325,4,0,31 42 9,1,55,,281326,4,0,37 42 9,1,20,,281327,4,0,49 50 51,1,17,,281328,4,0,49 50 51,1,13,,281329,4,0,31 42 9,1,52,,281330,4,0,37 42 9,1,20,,281331,4,0,49 50 51,1,10,,281332,4,0,49 50 51,1,15,,281333,4,0,49 50 51,1,53,,281334,4,0,37 42 9,1,22,,281335,4,0,49 50 51,1,25,,281336,4,0,49 50 51,1,60,,281337,4,0,49 50 51,1,28,,281338,4,0,37 42 9,1,70,,281339,4,0,49 50 51,1,25,,281340,4,0,31 42 9,1,74,,281341,4,0,49 50 51,1,105,,281342,4,0,31 42 9,1,100,,281343,4,0,49 50 51,1,105,,281344,4,0,31 42 9,1,200,,281345,4,0,31 42 9,1
4000,'20261006',319,,281346,4,0,31 42 9,1,100,,281347,4,0,31 42 9,1,95,,281348,4,0,31 42 9,1,25,,281349,4,0,49 50 51,1,16,,281350,4,0,37 42 9,1,60,,281351,4,0,49 50 51,1,15,,281352,4,0,49 50 51,1,10,,281353,4,0,49 50 51,1,10,,281354,4,0,37 42 9,1,55,,281355,4,0,49 50 51,1,15,,281356,4,0,49 50 51,1,20,,281357,4,0,49 50 51,1,15,,281358,4,0,37 42 9,1,60,,281359,4,0,49 50 51,1,20,,281360,4,0,49 50 51,1,20,,281361,4,0,49 50 51,1,60,,281362,4,0,31 42 9,1,25,,281363,4,0,52 49 50 51,1,75,,281364,4,0,49 50 51,1,35,,281365,4,0,49 50 51,1,65,,281366,4,0,31 42 9,1,25,,281367,4,0,52 49 50 51,1,75,,281368,4,0,49 50 51,1,30,,281369,4,0,49 50 51,1,60,,281370,4,0,49 50 51,1,20,,281371,4,0,31 42 9,1,25,,281372,4,0,31 42 9,1,60,,281373,4,0,37 42 9,1,20,,281374,4,0,49 50 51,1,20,,281375,4,0,31 42 9,1,55,,281376,4,0,37 42 9,1,20,,281377,4,0,49 50 51,1,17,,281378,4,0,49 50 51,1,13,,281379,4,0,31 42 9,1,52,,281380,4,0,37 42 9,1,20,,281381,4,0,49 50 51,1,10,,281382,4,0,49 50 51,1,15,,281383,4,0,49 50 51,1,53,,281384,4,0,37 42 9,1,22,,281385,4,0,49 50 51,1,25,,281386,4,0,49 50 51,1,60,,281387,4,0,49 50 51,1,28,,281388,4,0,37 42 9,1,70,,281389,4,0,49 50 51,1,25,,281390,4,0,31 42 9,1,74,,281391,4,0,49 50 51,1,105,,281392,4,0,31 42 9,1,100,,281393,4,0,49 50 51,1,105,,281394,4,0,31 42 9,1,200,,281395,4,0,31 42 9,1
4000,'20261007',319,,281396,4,0,31 42 9,1,100,,281397,4,0,31 42 9,1,95,,281398,4,0,31 42 9,1,25,,281399,4,0,49 50 51,1,16,,281400,4,0,37 42 9,1,60,,281401,4,0,49 50 51,1,15,,281402,4,0,49 50 51,1,10,,281403,4,0,49 50 51,1,10,,281404,4,0,37 42 9,1,55,,281405,4,0,49 50 51,1,15,,281406,4,0,49 50 51,1,20,,281407,4,0,49 50 51,1,15,,281408,4,0,37 42 9,1,60,,281409,4,0,49 50 51,1,20,,281410,4,0,49 50 51,1,20,,281411,4,0,49 50 51,1,60,,281412,4,0,31 42 9,1,25,,281413,4,0,52 49 50 51,1,75,,281414,4,0,49 50 51,1,35,,281415,4,0,49 50 51,1,65,,281416,4,0,31 42 9,1,25,,281417,4,0,52 49 50 51,1,75,,281418,4,0,49 50 51,1,30,,281419,4,0,49 50 51,1,60,,281420,4,0,49 50 51,1,20,,281421,4,0,31 42 9,1,25,,281422,4,0,31 42 9,1,60,,281423,4,0,37 42 9,1,20,,281424,4,0,49 50 51,1,20,,281425,4,0,31 42 9,1,55,,281426,4,0,37 42 9,1,20,,281427,4,0,49 50 51,1,17,,281428,4,0,49 50 51,1,13,,281429,4,0,31 42 9,1,52,,281430,4,0,37 42 9,1,20,,281431,4,0,49 50 51,1,10,,281432,4,0,49 50 51,1,15,,281433,4,0,49 50 51,1,53,,281434,4,0,37 42 9,1,22,,281435,4,0,49 50 51,1,25,,281436,4,0,49 50 51,1,60,,281437,4,0,49 50 51,1,28,,281438,4,0,37 42 9,1,70,,281439,4,0,49 50 51,1,25,,281440,4,0,31 42 9,1,74,,281441,4,0,49 50 51,1,105,,281442,4,0,31 42 9,1,100,,281443,4,0,49 50 51,1,105,,281444,4,0,31 42 9,1,200,,281445,4,0,31 42 9,1
4000,'20261008',319,,281446,4,0,31 42 9,1,100,,281447,4,0,31 42 9,1,95,,281448,4,0,31 42 9,1,25,,281449,4,0,49 50 51,1,16,,281450,4,0,37 42 9,1,60,,281451,4,0,49 50 51,1,15,,281452,4,0,49 50 51,1,10,,281453,4,0,49 50 51,1,10,,281454,4,0,37 42 9,1,55,,281455,4,0,49 50 51,1,15,,281456,4,0,49 50 51,1,20,,281457,4,0,49 50 51,1,15,,281458,4,0,37 42 9,1,60,,281459,4,0,49 50 51,1,20,,281460,4,0,49 50 51,1,20,,281461,4,0,49 50 51,1,60,,281462,4,0,31 42 9,1,25,,281463,4,0,52 49 50 51,1,75,,281464,4,0,49 50 51,1,35,,281465,4,0,49 50 51,1,65,,281466,4,0,31 42 9,1,25,,281467,4,0,52 49 50 51,1,75,,281468,4,0,49 50 51,1,30,,281469,4,0,49 50 51,1,60,,281470,4,0,49 50 51,1,20,,281471,4,0,31 42 9,1,25,,281472,4,0,31 42 9,1,60,,281473,4,0,37 42 9,1,20,,281474,4,0,49 50 51,1,20,,281475,4,0,31 42 9,1,55,,281476,4,0,37 42 9,1,20,,281477,4,0,49 50 51,1,17,,281478,4,0,49 50 51,1,13,,281479,4,0,31 42 9,1,52,,281480,4,0,37 42 9,1,20,,281481,4,0,49 50 51,1,10,,281482,4,0,49 50 51,1,15,,281483,4,0,49 50 51,1,53,,281484,4,0,37 42 9,1,22,,281485,4,0,49 50 51,1,25,,281486,4,0,49 50 51,1,60,,281487,4,0,49 50 51,1,28,,281488,4,0,37 42 9,1,70,,281489,4,0,49 50 51,1,25,,281490,4,0,31 42 9,1,74,,281491,4,0,49 50 51,1,105,,281492,4,0,31 42 9,1,100,,281493,4,0,49 50 51,1,105,,281494,4,0,31 42 9,1,200,,281495,4,0,31 42 9,1
4000,'20261009',319,,281496,4,0,31 42 9,1,100,,281497,4,0,31 42 9,1,95,,281498,4,0,31 42 9,1,25,,281499,4,0,49 50 51,1,16,,281500,4,0,37 42 9,1,60,,281501,4,0,49 50 51,1,15,,281502,4,0,49 50 51,1,10,,281503,4,0,49 50 51,1,10,,281504,4,0,37 42 9,1,55,,281505,4,0,49 50 51,1,15,,281506,4,0,49 50 51,1,20,,281507,4,0,49 50 51,1,15,,281508,4,0,37 42 9,1,60,,281509,4,0,49 50 51,1,20,,281510,4,0,49 50 51,1,20,,281511,4,0,49 50 51,1,60,,281512,4,0,31 42 9,1,25,,281513,4,0,52 49 50 51,1,75,,281514,4,0,49 50 51,1,35,,281515,4,0,49 50 51,1,65,,281516,4,0,31 42 9,1,25,,281517,4,0,52 49 50 51,1,75,,281518,4,0,49 50 51,1,30,,281519,4,0,49 50 51,1,60,,281520,4,0,49 50 51,1,20,,281521,4,0,31 42 9,1,25,,281522,4,0,31 42 9,1,60,,281523,4,0,37 42 9,1,20,,281524,4,0,49 50 51,1,20,,281525,4,0,31 42 9,1,55,,281526,4,0,37 42 9,1,20,,281527,4,0,49 50 51,1,17,,281528,4,0,49 50 51,1,13,,281529,4,0,31 42 9,1,52,,281530,4,0,37 42 9,1,20,,281531,4,0,49 50 51,1,10,,281532,4,0,49 50 51,1,15,,281533,4,0,49 50 51,1,53,,281534,4,0,37 42 9,1,22,,281535,4,0,49 50 51,1,25,,281536,4,0,49 50 51,1,60,,281537,4,0,49 50 51,1,28,,281538,4,0,37 42 9,1,70,,281539,4,0,49 50 51,1,25,,281540,4,0,31 42 9,1,74,,281541,4,0,49 50 51,1,105,,281542,4,0,31 42 9,1,100,,281543,4,0,49 50 51,1,105,,281544,4,0,31 42 9,1,200,,281545,4,0,31 42 9,1
4000,'20261010',319,,281546,4,0,31 42 9,1,200,,281547,4,0,31 42 9,1,95,,281548,4,0,31 42 9,1,100,,281549,4,0,49 50 51,1,100,,281550,4,0,31 42 9,1,30,,281551,4,0,49 50 51,1,70,,281552,4,0,49 50 51,1,30,,281553,4,0,49 50 51,1,70,,281554,4,0,31 42 9,1,30,,281555,4,0,49 50 51,1,70,,281556,4,0,49 50 51,1,26,,281557,4,0,49 50 51,1,70,,281558,4,0,31 42 9,1,30,,281559,4,0,49 50 51,1,70,,281560,4,0,49 50 51,1,30,,281561,4,0,49 50 51,1,60,,281562,4,0,49 50 51,1,20,,281563,4,0,31 42 9,1,20,,281564,4,0,49 50 51,1,60,,281565,4,0,49 50 51,1,20,,281566,4,0,31 42 9,1,20,,281567,4,0,49 50 51,1,60,,281568,4,0,49 50 51,1,20,,281569,4,0,31 42 9,1,20,,281570,4,0,49 50 51,1,60,,281571,4,0,49 50 51,1,20,,281572,4,0,31 42 9,1,20,,281573,4,0,49 50 51,1,60,,281574,4,0,49 50 51,1,20,,281575,4,0,31 42 9,1,19,,281576,4,0,49 50 51,1,20,,281577,4,0,49 50 51,1,60,,281578,4,0,31 42 9,1,25,,281579,4,0,49 50 51,1,70,,281580,4,0,49 50 51,1,100,,281581,4,0,31 42 9,1,100,,281582,4,0,49 50 51,1,100,,281583,4,0,31 42 9,1,205,,281584,4,0,31 42 9,1
4000,'20261011',319,,281585,4,0,31 42 9,1,200,,281586,4,0,31 42 9,1,95,,281587,4,0,31 42 9,1,100,,281588,4,0,49 50 51,1,100,,281589,4,0,31 42 9,1,30,,281590,4,0,49 50 51,1,70,,281591,4,0,49 50 51,1,30,,281592,4,0,49 50 51,1,70,,281593,4,0,31 42 9,1,30,,281594,4,0,49 50 51,1,70,,281595,4,0,49 50 51,1,26,,281596,4,0,49 50 51,1,70,,281597,4,0,31 42 9,1,30,,281598,4,0,49 50 51,1,70,,281599,4,0,49 50 51,1,30,,281600,4,0,49 50 51,1,60,,281601,4,0,49 50 51,1,20,,281602,4,0,31 42 9,1,20,,281603,4,0,49 50 51,1,60,,281604,4,0,49 50 51,1,20,,281605,4,0,31 42 9,1,20,,281606,4,0,49 50 51,1,60,,281607,4,0,49 50 51,1,20,,281608,4,0,31 42 9,1,20,,281609,4,0,49 50 51,1,60,,281610,4,0,49 50 51,1,20,,281611,4,0,31 42 9,1,20,,281612,4,0,49 50 51,1,60,,281613,4,0,49 50 51,1,20,,281614,4,0,31 42 9,1,19,,281615,4,0,49 50 51,1,20,,281616,4,0,49 50 51,1,60,,281617,4,0,31 42 9,1,25,,281618,4,0,49 50 51,1,70,,281619,4,0,49 50 51,1,100,,281620,4,0,31 42 9,1,100,,281621,4,0,49 50 51,1,100,,281622,4,0,31 42 9,1,205,,281623,4,0,31 42 9,1
4000,'20261012',319,,281624,4,0,31 42 9,1,200,,281625,4,0,31 42 9,1,95,,281626,4,0,31 42 9,1,100,,281627,4,0,49 50 51,1,100,,281628,4,0,31 42 9,1,30,,281629,4,0,49 50 51,1,70,,281630,4,0,49 50 51,1,30,,281631,4,0,49 50 51,1,70,,281632,4,0,31 42 9,1,30,,281633,4,0,49 50 51,1,70,,281634,4,0,49 50 51,1,26,,281635,4,0,49 50 51,1,70,,281636,4,0,31 42 9,1,30,,281637,4,0,49 50 51,1,70,,281638,4,0,49 50 51,1,30,,281639,4,0,49 50 51,1,60,,281640,4,0,49 50 51,1,20,,281641,4,0,31 42 9,1,20,,281642,4,0,49 50 51,1,60,,281643,4,0,49 50 51,1,20,,281644,4,0,31 42 9,1,20,,281645,4,0,49 50 51,1,60,,281646,4,0,49 50 51,1,20,,281647,4,0,31 42 9,1,20,,281648,4,0,49 50 51,1,60,,281649,4,0,49 50 51,1,20,,281650,4,0,31 42 9,1,20,,281651,4,0,49 50 51,1,60,,281652,4,0,49 50 51,1,20,,281653,4,0,31 42 9,1,19,,281654,4,0,49 50 51,1,20,,281655,4,0,49 50 51,1,60,,281656,4,0,31 42 9,1,25,,281657,4,0,49 50 51,1,70,,281658,4,0,49 50 51,1,100,,281659,4,0,31 42 9,1,100,,281660,4,0,49 50 51,1,100,,281661,4,0,31 42 9,1,205,,281662,4,0,31 42 9,1
4000,'20261013',319,,281663,4,0,31 42 9,1,100,,281664,4,0,31 42 9,1,95,,281665,4,0,31 42 9,1,25,,281666,4,0,49 50 51,1,16,,281667,4,0,37 42 9,1,60,,281668,4,0,49 50 51,1,15,,281669,4,0,49 50 51,1,10,,281670,4,0,49 50 51,1,10,,281671,4,0,37 42 9,1,55,,281672,4,0,49 50 51,1,15,,281673,4,0,49 50 51,1,20,,281674,4,0,49 50 51,1,15,,281675,4,0,37 42 9,1,60,,281676,4,0,49 50 51,1,20,,281677,4,0,49 50 51,1,20,,281678,4,0,49 50 51,1,60,,281679,4,0,31 42 9,1,25,,281680,4,0,52 49 50 51,1,75,,281681,4,0,49 50 51,1,35,,281682,4,0,49 50 51,1,65,,281683,4,0,31 42 9,1,25,,281684,4,0,52 49 50 51,1,75,,281685,4,0,49 50 51,1,30,,281686,4,0,49 50 51,1,60,,281687,4,0,49 50 51,1,20,,281688,4,0,31 42 9,1,25,,281689,4,0,31 42 9,1,60,,281690,4,0,37 42 9,1,20,,281691,4,0,49 50 51,1,20,,281692,4,0,31 42 9,1,55,,281693,4,0,37 42 9,1,20,,281694,4,0,49 50 51,1,17,,281695,4,0,49 50 51,1,13,,281696,4,0,31 42 9,1,52,,281697,4,0,37 42 9,1,20,,281698,4,0,49 50 51,1,10,,281699,4,0,49 50 51,1,15,,281700,4,0,49 50 51,1,53,,281701,4,0,37 42 9,1,22,,281702,4,0,49 50 51,1,25,,281703,4,0,49 50 51,1,60,,281704,4,0,49 50 51,1,28,,281705,4,0,37 42 9,1,70,,281706,4,0,49 50 51,1,25,,281707,4,0,31 42 9,1,74,,281708,4,0,49 50 51,1,105,,281709,4,0,31 42 9,1,100,,281710,4,0,49 50 51,1,105,,281711,4,0,31 42 9,1,200,,281712,4,0,31 42 9,1
4000,'20261014',319,,281713,4,0,31 42 9,1,100,,281714,4,0,31 42 9,1,95,,281715,4,0,31 42 9,1,25,,281716,4,0,49 50 51,1,16,,281717,4,0,37 42 9,1,60,,281718,4,0,49 50 51,1,15,,281719,4,0,49 50 51,1,10,,281720,4,0,49 50 51,1,10,,281721,4,0,37 42 9,1,55,,281722,4,0,49 50 51,1,15,,281723,4,0,49 50 51,1,20,,281724,4,0,49 50 51,1,15,,281725,4,0,37 42 9,1,60,,281726,4,0,49 50 51,1,20,,281727,4,0,49 50 51,1,20,,281728,4,0,49 50 51,1,60,,281729,4,0,31 42 9,1,25,,281730,4,0,52 49 50 51,1,75,,281731,4,0,49 50 51,1,35,,281732,4,0,49 50 51,1,65,,281733,4,0,31 42 9,1,25,,281734,4,0,52 49 50 51,1,75,,281735,4,0,49 50 51,1,30,,281736,4,0,49 50 51,1,60,,281737,4,0,49 50 51,1,20,,281738,4,0,31 42 9,1,25,,281739,4,0,31 42 9,1,60,,281740,4,0,37 42 9,1,20,,281741,4,0,49 50 51,1,20,,281742,4,0,31 42 9,1,55,,281743,4,0,37 42 9,1,20,,281744,4,0,49 50 51,1,17,,281745,4,0,49 50 51,1,13,,281746,4,0,31 42 9,1,52,,281747,4,0,37 42 9,1,20,,281748,4,0,49 50 51,1,10,,281749,4,0,49 50 51,1,15,,281750,4,0,49 50 51,1,53,,281751,4,0,37 42 9,1,22,,281752,4,0,49 50 51,1,25,,281753,4,0,49 50 51,1,60,,281754,4,0,49 50 51,1,28,,281755,4,0,37 42 9,1,70,,281756,4,0,49 50 51,1,25,,281757,4,0,31 42 9,1,74,,281758,4,0,49 50 51,1,105,,281759,4,0,31 42 9,1,100,,281760,4,0,49 50 51,1,105,,281761,4,0,31 42 9,1,200,,281762,4,0,31 42 9,1
4000,'20261015',319,,281763,4,0,31 42 9,1,100,,281764,4,0,31 42 9,1,95,,281765,4,0,31 42 9,1,25,,281766,4,0,49 50 51,1,16,,281767,4,0,37 42 9,1,60,,281768,4,0,49 50 51,1,15,,281769,4,0,49 50 51,1,10,,281770,4,0,49 50 51,1,10,,281771,4,0,37 42 9,1,55,,281772,4,0,49 50 51,1,15,,281773,4,0,49 50 51,1,20,,281774,4,0,49 50 51,1,15,,281775,4,0,37 42 9,1,60,,281776,4,0,49 50 51,1,20,,281777,4,0,49 50 51,1,20,,281778,4,0,49 50 51,1,60,,281779,4,0,31 42 9,1,25,,281780,4,0,52 49 50 51,1,75,,281781,4,0,49 50 51,1,35,,281782,4,0,49 50 51,1,65,,281783,4,0,31 42 9,1,25,,281784,4,0,52 49 50 51,1,75,,281785,4,0,49 50 51,1,30,,281786,4,0,49 50 51,1,60,,281787,4,0,49 50 51,1,20,,281788,4,0,31 42 9,1,25,,281789,4,0,31 42 9,1,60,,281790,4,0,37 42 9,1,20,,281791,4,0,49 50 51,1,20,,281792,4,0,31 42 9,1,55,,281793,4,0,37 42 9,1,20,,281794,4,0,49 50 51,1,17,,281795,4,0,49 50 51,1,13,,281796,4,0,31 42 9,1,52,,281797,4,0,37 42 9,1,20,,281798,4,0,49 50 51,1,10,,281799,4,0,49 50 51,1,15,,281800,4,0,49 50 51,1,53,,281801,4,0,37 42 9,1,22,,281802,4,0,49 50 51,1,25,,281803,4,0,49 50 51,1,60,,281804,4,0,49 50 51,1,28,,281805,4,0,37 42 9,1,70,,281806,4,0,49 50 51,1,25,,281807,4,0,31 42 9,1,74,,281808,4,0,49 50 51,1,105,,281809,4,0,31 42 9,1,100,,281810,4,0,49 50 51,1,105,,281811,4,0,31 42 9,1,200,,281812,4,0,31 42 9,1
4000,'20261016',319,,281813,4,0,31 42 9,1,100,,281814,4,0,31 42 9,1,95,,281815,4,0,31 42 9,1,25,,281816,4,0,49 50 51,1,16,,281817,4,0,37 42 9,1,60,,281818,4,0,49 50 51,1,15,,281819,4,0,49 50 51,1,10,,281820,4,0,49 50 51,1,10,,281821,4,0,37 42 9,1,55,,281822,4,0,49 50 51,1,15,,281823,4,0,49 50 51,1,20,,281824,4,0,49 50 51,1,15,,281825,4,0,37 42 9,1,60,,281826,4,0,49 50 51,1,20,,281827,4,0,49 50 51,1,20,,281828,4,0,49 50 51,1,60,,281829,4,0,31 42 9,1,25,,281830,4,0,52 49 50 51,1,75,,281831,4,0,49 50 51,1,35,,281832,4,0,49 50 51,1,65,,281833,4,0,31 42 9,1,25,,281834,4,0,52 49 50 51,1,75,,281835,4,0,49 50 51,1,30,,281836,4,0,49 50 51,1,60,,281837,4,0,49 50 51,1,20,,281838,4,0,31 42 9,1,25,,281839,4,0,31 42 9,1,60,,281840,4,0,37 42 9,1,20,,281841,4,0,49 50 51,1,20,,281842,4,0,31 42 9,1,55,,281843,4,0,37 42 9,1,20,,281844,4,0,49 50 51,1,17,,281845,4,0,49 50 51,1,13,,281846,4,0,31 42 9,1,52,,281847,4,0,37 42 9,1,20,,281848,4,0,49 50 51,1,10,,281849,4,0,49 50 51,1,15,,281850,4,0,49 50 51,1,53,,281851,4,0,37 42 9,1,22,,281852,4,0,49 50 51,1,25,,281853,4,0,49 50 51,1,60,,281854,4,0,49 50 51,1,28,,281855,4,0,37 42 9,1,70,,281856,4,0,49 50 51,1,25,,281857,4,0,31 42 9,1,74,,281858,4,0,49 50 51,1,105,,281859,4,0,31 42 9,1,100,,281860,4,0,49 50 51,1,105,,281861,4,0,31 42 9,1,200,,281862,4,0,31 42 9,1
4000,'20261017',319,,281863,4,0,31 42 9,1,200,,281864,4,0,31 42 9,1,95,,281865,4,0,31 42 9,1,100,,281866,4,0,49 50 51,1,100,,281867,4,0,31 42 9,1,30,,281868,4,0,49 50 51,1,70,,281869,4,0,49 50 51,1,30,,281870,4,0,49 50 51,1,70,,281871,4,0,31 42 9,1,30,,281872,4,0,49 50 51,1,70,,281873,4,0,49 50 51,1,26,,281874,4,0,49 50 51,1,70,,281875,4,0,31 42 9,1,30,,281876,4,0,49 50 51,1,70,,281877,4,0,49 50 51,1,30,,281878,4,0,49 50 51,1,60,,281879,4,0,49 50 51,1,20,,281880,4,0,31 42 9,1,20,,281881,4,0,49 50 51,1,60,,281882,4,0,49 50 51,1,20,,281883,4,0,31 42 9,1,20,,281884,4,0,49 50 51,1,60,,281885,4,0,49 50 51,1,20,,281886,4,0,31 42 9,1,20,,281887,4,0,49 50 51,1,60,,281888,4,0,49 50 51,1,20,,281889,4,0,31 42 9,1,20,,281890,4,0,49 50 51,1,60,,281891,4,0,49 50 51,1,20,,281892,4,0,31 42 9,1,19,,281893,4,0,49 50 51,1,20,,281894,4,0,49 50 51,1,60,,281895,4,0,31 42 9,1,25,,281896,4,0,49 50 51,1,70,,281897,4,0,49 50 51,1,100,,281898,4,0,31 42 9,1,100,,281899,4,0,49 50 51,1,100,,281900,4,0,31 42 9,1,205,,281901,4,0,31 42 9,1
4000,'20261018',319,,281902,4,0,31 42 9,1,200,,281903,4,0,31 42 9,1,95,,281904,4,0,31 42 9,1,100,,281905,4,0,49 50 51,1,100,,281906,4,0,31 42 9,1,30,,281907,4,0,49 50 51,1,70,,281908,4,0,49 50 51,1,30,,281909,4,0,49 50 51,1,70,,281910,4,0,31 42 9,1,30,,281911,4,0,49 50 51,1,70,,281912,4,0,49 50 51,1,26,,281913,4,0,49 50 51,1,70,,281914,4,0,31 42 9,1,30,,281915,4,0,49 50 51,1,70,,281916,4,0,49 50 51,1,30,,281917,4,0,49 50 51,1,60,,281918,4,0,49 50 51,1,20,,281919,4,0,31 42 9,1,20,,281920,4,0,49 50 51,1,60,,281921,4,0,49 50 51,1,20,,281922,4,0,31 42 9,1,20,,281923,4,0,49 50 51,1,60,,281924,4,0,49 50 51,1,20,,281925,4,0,31 42 9,1,20,,281926,4,0,49 50 51,1,60,,281927,4,0,49 50 51,1,20,,281928,4,0,31 42 9,1,20,,281929,4,0,49 50 51,1,60,,281930,4,0,49 50 51,1,20,,281931,4,0,31 42 9,1,19,,281932,4,0,49 50 51,1,20,,281933,4,0,49 50 51,1,60,,281934,4,0,31 42 9,1,25,,281935,4,0,49 50 51,1,70,,281936,4,0,49 50 51,1,100,,281937,4,0,31 42 9,1,100,,281938,4,0,49 50 51,1,100,,281939,4,0,31 42 9,1,205,,281940,4,0,31 42 9,1
4000,'20261019',319,,281941,4,0,31 42 9,1,100,,281942,4,0,31 42 9,1,95,,281943,4,0,31 42 9,1,25,,281944,4,0,49 50 51,1,16,,281945,4,0,37 42 9,1,60,,281946,4,0,49 50 51,1,15,,281947,4,0,49 50 51,1,10,,281948,4,0,49 50 51,1,10,,281949,4,0,37 42 9,1,55,,281950,4,0,49 50 51,1,15,,281951,4,0,49 50 51,1,20,,281952,4,0,49 50 51,1,15,,281953,4,0,37 42 9,1,60,,281954,4,0,49 50 51,1,20,,281955,4,0,49 50 51,1,20,,281956,4,0,49 50 51,1,60,,281957,4,0,31 42 9,1,25,,281958,4,0,52 49 50 51,1,75,,281959,4,0,49 50 51,1,35,,281960,4,0,49 50 51,1,65,,281961,4,0,31 42 9,1,25,,281962,4,0,52 49 50 51,1,75,,281963,4,0,49 50 51,1,30,,281964,4,0,49 50 51,1,60,,281965,4,0,49 50 51,1,20,,281966,4,0,31 42 9,1,25,,281967,4,0,31 42 9,1,60,,281968,4,0,37 42 9,1,20,,281969,4,0,49 50 51,1,20,,281970,4,0,31 42 9,1,55,,281971,4,0,37 42 9,1,20,,281972,4,0,49 50 51,1,17,,281973,4,0,49 50 51,1,13,,281974,4,0,31 42 9,1,52,,281975,4,0,37 42 9,1,20,,281976,4,0,49 50 51,1,10,,281977,4,0,49 50 51,1,15,,281978,4,0,49 50 51,1,53,,281979,4,0,37 42 9,1,22,,281980,4,0,49 50 51,1,25,,281981,4,0,49 50 51,1,60,,281982,4,0,49 50 51,1,28,,281983,4,0,37 42 9,1,70,,281984,4,0,49 50 51,1,25,,281985,4,0,31 42 9,1,74,,281986,4,0,49 50 51,1,105,,281987,4,0,31 42 9,1,100,,281988,4,0,49 50 51,1,105,,281989,4,0,31 42 9,1,200,,281990,4,0,31 42 9,1
4000,'20261020',319,,281991,4,0,31 42 9,1,100,,281992,4,0,31 42 9,1,95,,281993,4,0,31 42 9,1,25,,281994,4,0,49 50 51,1,16,,281995,4,0,37 42 9,1,60,,281996,4,0,49 50 51,1,15,,281997,4,0,49 50 51,1,10,,281998,4,0,49 50 51,1,10,,281999,4,0,37 42 9,1,55,,282000,4,0,49 50 51,1,15,,282001,4,0,49 50 51,1,20,,282002,4,0,49 50 51,1,15,,282003,4,0,37 42 9,1,60,,282004,4,0,49 50 51,1,20,,282005,4,0,49 50 51,1,20,,282006,4,0,49 50 51,1,60,,282007,4,0,31 42 9,1,25,,282008,4,0,52 49 50 51,1,75,,282009,4,0,49 50 51,1,35,,282010,4,0,49 50 51,1,65,,282011,4,0,31 42 9,1,25,,282012,4,0,52 49 50 51,1,75,,282013,4,0,49 50 51,1,30,,282014,4,0,49 50 51,1,60,,282015,4,0,49 50 51,1,20,,282016,4,0,31 42 9,1,25,,282017,4,0,31 42 9,1,60,,282018,4,0,37 42 9,1,20,,282019,4,0,49 50 51,1,20,,282020,4,0,31 42 9,1,55,,282021,4,0,37 42 9,1,20,,282022,4,0,49 50 51,1,17,,282023,4,0,49 50 51,1,13,,282024,4,0,31 42 9,1,52,,282025,4,0,37 42 9,1,20,,282026,4,0,49 50 51,1,10,,282027,4,0,49 50 51,1,15,,282028,4,0,49 50 51,1,53,,282029,4,0,37 42 9,1,22,,282030,4,0,49 50 51,1,25,,282031,4,0,49 50 51,1,60,,282032,4,0,49 50 51,1,28,,282033,4,0,37 42 9,1,70,,282034,4,0,49 50 51,1,25,,282035,4,0,31 42 9,1,74,,282036,4,0,49 50 51,1,105,,282037,4,0,31 42 9,1,100,,282038,4,0,49 50 51,1,105,,282039,4,0,31 42 9,1,200,,282040,4,0,31 42 9,1
4000,'20261021',319,,282041,4,0,31 42 9,1,100,,282042,4,0,31 42 9,1,95,,282043,4,0,31 42 9,1,25,,282044,4,0,49 50 51,1,16,,282045,4,0,37 42 9,1,60,,282046,4,0,49 50 51,1,15,,282047,4,0,49 50 51,1,10,,282048,4,0,49 50 51,1,10,,282049,4,0,37 42 9,1,55,,282050,4,0,49 50 51,1,15,,282051,4,0,49 50 51,1,20,,282052,4,0,49 50 51,1,15,,282053,4,0,37 42 9,1,60,,282054,4,0,49 50 51,1,20,,282055,4,0,49 50 51,1,20,,282056,4,0,49 50 51,1,60,,282057,4,0,31 42 9,1,25,,282058,4,0,52 49 50 51,1,75,,282059,4,0,49 50 51,1,35,,282060,4,0,49 50 51,1,65,,282061,4,0,31 42 9,1,25,,282062,4,0,52 49 50 51,1,75,,282063,4,0,49 50 51,1,30,,282064,4,0,49 50 51,1,60,,282065,4,0,49 50 51,1,20,,282066,4,0,31 42 9,1,25,,282067,4,0,31 42 9,1,60,,282068,4,0,37 42 9,1,20,,282069,4,0,49 50 51,1,20,,282070,4,0,31 42 9,1,55,,282071,4,0,37 42 9,1,20,,282072,4,0,49 50 51,1,17,,282073,4,0,49 50 51,1,13,,282074,4,0,31 42 9,1,52,,282075,4,0,37 42 9,1,20,,282076,4,0,49 50 51,1,10,,282077,4,0,49 50 51,1,15,,282078,4,0,49 50 51,1,53,,282079,4,0,37 42 9,1,22,,282080,4,0,49 50 51,1,25,,282081,4,0,49 50 51,1,60,,282082,4,0,49 50 51,1,28,,282083,4,0,37 42 9,1,70,,282084,4,0,49 50 51,1,25,,282085,4,0,31 42 9,1,74,,282086,4,0,49 50 51,1,105,,282087,4,0,31 42 9,1,100,,282088,4,0,49 50 51,1,105,,282089,4,0,31 42 9,1,200,,282090,4,0,31 42 9,1
4000,'20261022',319,,282091,4,0,31 42 9,1,100,,282092,4,0,31 42 9,1,95,,282093,4,0,31 42 9,1,25,,282094,4,0,49 50 51,1,16,,282095,4,0,37 42 9,1,60,,282096,4,0,49 50 51,1,15,,282097,4,0,49 50 51,1,10,,282098,4,0,49 50 51,1,10,,282099,4,0,37 42 9,1,55,,282100,4,0,49 50 51,1,15,,282101,4,0,49 50 51,1,20,,282102,4,0,49 50 51,1,15,,282103,4,0,37 42 9,1,60,,282104,4,0,49 50 51,1,20,,282105,4,0,49 50 51,1,20,,282106,4,0,49 50 51,1,60,,282107,4,0,31 42 9,1,25,,282108,4,0,52 49 50 51,1,75,,282109,4,0,49 50 51,1,35,,282110,4,0,49 50 51,1,65,,282111,4,0,31 42 9,1,25,,282112,4,0,52 49 50 51,1,75,,282113,4,0,49 50 51,1,30,,282114,4,0,49 50 51,1,60,,282115,4,0,49 50 51,1,20,,282116,4,0,31 42 9,1,25,,282117,4,0,31 42 9,1,60,,282118,4,0,37 42 9,1,20,,282119,4,0,49 50 51,1,20,,282120,4,0,31 42 9,1,55,,282121,4,0,37 42 9,1,20,,282122,4,0,49 50 51,1,17,,282123,4,0,49 50 51,1,13,,282124,4,0,31 42 9,1,52,,282125,4,0,37 42 9,1,20,,282126,4,0,49 50 51,1,10,,282127,4,0,49 50 51,1,15,,282128,4,0,49 50 51,1,53,,282129,4,0,37 42 9,1,22,,282130,4,0,49 50 51,1,25,,282131,4,0,49 50 51,1,60,,282132,4,0,49 50 51,1,28,,282133,4,0,37 42 9,1,70,,282134,4,0,49 50 51,1,25,,282135,4,0,31 42 9,1,74,,282136,4,0,49 50 51,1,105,,282137,4,0,31 42 9,1,100,,282138,4,0,49 50 51,1,105,,282139,4,0,31 42 9,1,200,,282140,4,0,31 42 9,1
4000,'20261023',319,,282141,4,0,31 42 9,1,100,,282142,4,0,31 42 9,1,95,,282143,4,0,31 42 9,1,25,,282144,4,0,49 50 51,1,16,,282145,4,0,37 42 9,1,60,,282146,4,0,49 50 51,1,15,,282147,4,0,49 50 51,1,10,,282148,4,0,49 50 51,1,10,,282149,4,0,37 42 9,1,55,,282150,4,0,49 50 51,1,15,,282151,4,0,49 50 51,1,20,,282152,4,0,49 50 51,1,15,,282153,4,0,37 42 9,1,60,,282154,4,0,49 50 51,1,20,,282155,4,0,49 50 51,1,20,,282156,4,0,49 50 51,1,60,,282157,4,0,31 42 9,1,25,,282158,4,0,52 49 50 51,1,75,,282159,4,0,49 50 51,1,35,,282160,4,0,49 50 51,1,65,,282161,4,0,31 42 9,1,25,,282162,4,0,52 49 50 51,1,75,,282163,4,0,49 50 51,1,30,,282164,4,0,49 50 51,1,60,,282165,4,0,49 50 51,1,20,,282166,4,0,31 42 9,1,25,,282167,4,0,31 42 9,1,60,,282168,4,0,37 42 9,1,20,,282169,4,0,49 50 51,1,20,,282170,4,0,31 42 9,1,55,,282171,4,0,37 42 9,1,20,,282172,4,0,49 50 51,1,17,,282173,4,0,49 50 51,1,13,,282174,4,0,31 42 9,1,52,,282175,4,0,37 42 9,1,20,,282176,4,0,49 50 51,1,10,,282177,4,0,49 50 51,1,15,,282178,4,0,49 50 51,1,53,,282179,4,0,37 42 9,1,22,,282180,4,0,49 50 51,1,25,,282181,4,0,49 50 51,1,60,,282182,4,0,49 50 51,1,28,,282183,4,0,37 42 9,1,70,,282184,4,0,49 50 51,1,25,,282185,4,0,31 42 9,1,74,,282186,4,0,49 50 51,1,105,,282187,4,0,31 42 9,1,100,,282188,4,0,49 50 51,1,105,,282189,4,0,31 42 9,1,200,,282190,4,0,31 42 9,1
4000,'20261024',319,,282191,4,0,31 42 9,1,200,,282192,4,0,31 42 9,1,95,,282193,4,0,31 42 9,1,100,,282194,4,0,49 50 51,1,100,,282195,4,0,31 42 9,1,30,,282196,4,0,49 50 51,1,70,,282197,4,0,49 50 51,1,30,,282198,4,0,49 50 51,1,70,,282199,4,0,31 42 9,1,30,,282200,4,0,49 50 51,1,70,,282201,4,0,49 50 51,1,26,,282202,4,0,49 50 51,1,70,,282203,4,0,31 42 9,1,30,,282204,4,0,49 50 51,1,70,,282205,4,0,49 50 51,1,30,,282206,4,0,49 50 51,1,60,,282207,4,0,49 50 51,1,20,,282208,4,0,31 42 9,1,20,,282209,4,0,49 50 51,1,60,,282210,4,0,49 50 51,1,20,,282211,4,0,31 42 9,1,20,,282212,4,0,49 50 51,1,60,,282213,4,0,49 50 51,1,20,,282214,4,0,31 42 9,1,20,,282215,4,0,49 50 51,1,60,,282216,4,0,49 50 51,1,20,,282217,4,0,31 42 9,1,20,,282218,4,0,49 50 51,1,60,,282219,4,0,49 50 51,1,20,,282220,4,0,31 42 9,1,19,,282221,4,0,49 50 51,1,20,,282222,4,0,49 50 51,1,60,,282223,4,0,31 42 9,1,25,,282224,4,0,49 50 51,1,70,,282225,4,0,49 50 51,1,100,,282226,4,0,31 42 9,1,100,,282227,4,0,49 50 51,1,100,,282228,4,0,31 42 9,1,205,,282229,4,0,31 42 9,1
4000,'20261025',319,,282230,4,0,31 42 9,1,200,,282231,4,0,31 42 9,1,95,,282232,4,0,31 42 9,1,100,,282233,4,0,49 50 51,1,100,,282234,4,0,31 42 9,1,30,,282235,4,0,49 50 51,1,70,,282236,4,0,49 50 51,1,30,,282237,4,0,49 50 51,1,70,,282238,4,0,31 42 9,1,30,,282239,4,0,49 50 51,1,70,,282240,4,0,49 50 51,1,26,,282241,4,0,49 50 51,1,70,,282242,4,0,31 42 9,1,30,,282243,4,0,49 50 51,1,70,,282244,4,0,49 50 51,1,30,,282245,4,0,49 50 51,1,60,,282246,4,0,49 50 51,1,20,,282247,4,0,31 42 9,1,20,,282248,4,0,49 50 51,1,60,,282249,4,0,49 50 51,1,20,,282250,4,0,31 42 9,1,20,,282251,4,0,49 50 51,1,60,,282252,4,0,49 50 51,1,20,,282253,4,0,31 42 9,1,20,,282254,4,0,49 50 51,1,60,,282255,4,0,49 50 51,1,20,,282256,4,0,31 42 9,1,20,,282257,4,0,49 50 51,1,60,,282258,4,0,49 50 51,1,20,,282259,4,0,31 42 9,1,19,,282260,4,0,49 50 51,1,20,,282261,4,0,49 50 51,1,60,,282262,4,0,31 42 9,1,25,,282263,4,0,49 50 51,1,70,,282264,4,0,49 50 51,1,100,,282265,4,0,31 42 9,1,100,,282266,4,0,49 50 51,1,100,,282267,4,0,31 42 9,1,205,,282268,4,0,31 42 9,1
4000,'20261026',319,,282269,4,0,31 42 9,1,100,,282270,4,0,31 42 9,1,95,,282271,4,0,31 42 9,1,25,,282272,4,0,49 50 51,1,16,,282273,4,0,37 42 9,1,60,,282274,4,0,49 50 51,1,15,,282275,4,0,49 50 51,1,10,,282276,4,0,49 50 51,1,10,,282277,4,0,37 42 9,1,55,,282278,4,0,49 50 51,1,15,,282279,4,0,49 50 51,1,20,,282280,4,0,49 50 51,1,15,,282281,4,0,37 42 9,1,60,,282282,4,0,49 50 51,1,20,,282283,4,0,49 50 51,1,20,,282284,4,0,49 50 51,1,60,,282285,4,0,31 42 9,1,25,,282286,4,0,52 49 50 51,1,75,,282287,4,0,49 50 51,1,35,,282288,4,0,49 50 51,1,65,,282289,4,0,31 42 9,1,25,,282290,4,0,52 49 50 51,1,75,,282291,4,0,49 50 51,1,30,,282292,4,0,49 50 51,1,60,,282293,4,0,49 50 51,1,20,,282294,4,0,31 42 9,1,25,,282295,4,0,31 42 9,1,60,,282296,4,0,37 42 9,1,20,,282297,4,0,49 50 51,1,20,,282298,4,0,31 42 9,1,55,,282299,4,0,37 42 9,1,20,,282300,4,0,49 50 51,1,17,,282301,4,0,49 50 51,1,13,,282302,4,0,31 42 9,1,52,,282303,4,0,37 42 9,1,20,,282304,4,0,49 50 51,1,10,,282305,4,0,49 50 51,1,15,,282306,4,0,49 50 51,1,53,,282307,4,0,37 42 9,1,22,,282308,4,0,49 50 51,1,25,,282309,4,0,49 50 51,1,60,,282310,4,0,49 50 51,1,28,,282311,4,0,37 42 9,1,70,,282312,4,0,49 50 51,1,25,,282313,4,0,31 42 9,1,74,,282314,4,0,49 50 51,1,105,,282315,4,0,31 42 9,1,100,,282316,4,0,49 50 51,1,105,,282317,4,0,31 42 9,1,200,,282318,4,0,31 42 9,1
4000,'20261027',319,,282319,4,0,31 42 9,1,100,,282320,4,0,31 42 9,1,95,,282321,4,0,31 42 9,1,25,,282322,4,0,49 50 51,1,16,,282323,4,0,37 42 9,1,60,,282324,4,0,49 50 51,1,15,,282325,4,0,49 50 51,1,10,,282326,4,0,49 50 51,1,10,,282327,4,0,37 42 9,1,55,,282328,4,0,49 50 51,1,15,,282329,4,0,49 50 51,1,20,,282330,4,0,49 50 51,1,15,,282331,4,0,37 42 9,1,60,,282332,4,0,49 50 51,1,20,,282333,4,0,49 50 51,1,20,,282334,4,0,49 50 51,1,60,,282335,4,0,31 42 9,1,25,,282336,4,0,52 49 50 51,1,75,,282337,4,0,49 50 51,1,35,,282338,4,0,49 50 51,1,65,,282339,4,0,31 42 9,1,25,,282340,4,0,52 49 50 51,1,75,,282341,4,0,49 50 51,1,30,,282342,4,0,49 50 51,1,60,,282343,4,0,49 50 51,1,20,,282344,4,0,31 42 9,1,25,,282345,4,0,31 42 9,1,60,,282346,4,0,37 42 9,1,20,,282347,4,0,49 50 51,1,20,,282348,4,0,31 42 9,1,55,,282349,4,0,37 42 9,1,20,,282350,4,0,49 50 51,1,17,,282351,4,0,49 50 51,1,13,,282352,4,0,31 42 9,1,52,,282353,4,0,37 42 9,1,20,,282354,4,0,49 50 51,1,10,,282355,4,0,49 50 51,1,15,,282356,4,0,49 50 51,1,53,,282357,4,0,37 42 9,1,22,,282358,4,0,49 50 51,1,25,,282359,4,0,49 50 51,1,60,,282360,4,0,49 50 51,1,28,,282361,4,0,37 42 9,1,70,,282362,4,0,49 50 51,1,25,,282363,4,0,31 42 9,1,74,,282364,4,0,49 50 51,1,105,,282365,4,0,31 42 9,1,100,,282366,4,0,49 50 51,1,105,,282367,4,0,31 42 9,1,200,,282368,4,0,31 42 9,1
4000,'20261028',319,,282369,4,0,31 42 9,1,100,,282370,4,0,31 42 9,1,95,,282371,4,0,31 42 9,1,25,,282372,4,0,49 50 51,1,16,,282373,4,0,37 42 9,1,60,,282374,4,0,49 50 51,1,15,,282375,4,0,49 50 51,1,10,,282376,4,0,49 50 51,1,10,,282377,4,0,37 42 9,1,55,,282378,4,0,49 50 51,1,15,,282379,4,0,49 50 51,1,20,,282380,4,0,49 50 51,1,15,,282381,4,0,37 42 9,1,60,,282382,4,0,49 50 51,1,20,,282383,4,0,49 50 51,1,20,,282384,4,0,49 50 51,1,60,,282385,4,0,31 42 9,1,25,,282386,4,0,52 49 50 51,1,75,,282387,4,0,49 50 51,1,35,,282388,4,0,49 50 51,1,65,,282389,4,0,31 42 9,1,25,,282390,4,0,52 49 50 51,1,75,,282391,4,0,49 50 51,1,30,,282392,4,0,49 50 51,1,60,,282393,4,0,49 50 51,1,20,,282394,4,0,31 42 9,1,25,,282395,4,0,31 42 9,1,60,,282396,4,0,37 42 9,1,20,,282397,4,0,49 50 51,1,20,,282398,4,0,31 42 9,1,55,,282399,4,0,37 42 9,1,20,,282400,4,0,49 50 51,1,17,,282401,4,0,49 50 51,1,13,,282402,4,0,31 42 9,1,52,,282403,4,0,37 42 9,1,20,,282404,4,0,49 50 51,1,10,,282405,4,0,49 50 51,1,15,,282406,4,0,49 50 51,1,53,,282407,4,0,37 42 9,1,22,,282408,4,0,49 50 51,1,25,,282409,4,0,49 50 51,1,60,,282410,4,0,49 50 51,1,28,,282411,4,0,37 42 9,1,70,,282412,4,0,49 50 51,1,25,,282413,4,0,31 42 9,1,74,,282414,4,0,49 50 51,1,105,,282415,4,0,31 42 9,1,100,,282416,4,0,49 50 51,1,105,,282417,4,0,31 42 9,1,200,,282418,4,0,31 42 9,1
4000,'20261029',319,,282419,4,0,31 42 9,1,100,,282420,4,0,31 42 9,1,95,,282421,4,0,31 42 9,1,25,,282422,4,0,49 50 51,1,16,,282423,4,0,37 42 9,1,60,,282424,4,0,49 50 51,1,15,,282425,4,0,49 50 51,1,10,,282426,4,0,49 50 51,1,10,,282427,4,0,37 42 9,1,55,,282428,4,0,49 50 51,1,15,,282429,4,0,49 50 51,1,20,,282430,4,0,49 50 51,1,15,,282431,4,0,37 42 9,1,60,,282432,4,0,49 50 51,1,20,,282433,4,0,49 50 51,1,20,,282434,4,0,49 50 51,1,60,,282435,4,0,31 42 9,1,25,,282436,4,0,52 49 50 51,1,75,,282437,4,0,49 50 51,1,35,,282438,4,0,49 50 51,1,65,,282439,4,0,31 42 9,1,25,,282440,4,0,52 49 50 51,1,75,,282441,4,0,49 50 51,1,30,,282442,4,0,49 50 51,1,60,,282443,4,0,49 50 51,1,20,,282444,4,0,31 42 9,1,25,,282445,4,0,31 42 9,1,60,,282446,4,0,37 42 9,1,20,,282447,4,0,49 50 51,1,20,,282448,4,0,31 42 9,1,55,,282449,4,0,37 42 9,1,20,,282450,4,0,49 50 51,1,17,,282451,4,0,49 50 51,1,13,,282452,4,0,31 42 9,1,52,,282453,4,0,37 42 9,1,20,,282454,4,0,49 50 51,1,10,,282455,4,0,49 50 51,1,15,,282456,4,0,49 50 51,1,53,,282457,4,0,37 42 9,1,22,,282458,4,0,49 50 51,1,25,,282459,4,0,49 50 51,1,60,,282460,4,0,49 50 51,1,28,,282461,4,0,37 42 9,1,70,,282462,4,0,49 50 51,1,25,,282463,4,0,31 42 9,1,74,,282464,4,0,49 50 51,1,105,,282465,4,0,31 42 9,1,100,,282466,4,0,49 50 51,1,105,,282467,4,0,31 42 9,1,200,,282468,4,0,31 42 9,1
4000,'20261030',319,,282469,4,0,31 42 9,1,100,,282470,4,0,31 42 9,1,95,,282471,4,0,31 42 9,1,25,,282472,4,0,49 50 51,1,16,,282473,4,0,37 42 9,1,60,,282474,4,0,49 50 51,1,15,,282475,4,0,49 50 51,1,10,,282476,4,0,49 50 51,1,10,,282477,4,0,37 42 9,1,55,,282478,4,0,49 50 51,1,15,,282479,4,0,49 50 51,1,20,,282480,4,0,49 50 51,1,15,,282481,4,0,37 42 9,1,60,,282482,4,0,49 50 51,1,20,,282483,4,0,49 50 51,1,20,,282484,4,0,49 50 51,1,60,,282485,4,0,31 42 9,1,25,,282486,4,0,52 49 50 51,1,75,,282487,4,0,49 50 51,1,35,,282488,4,0,49 50 51,1,65,,282489,4,0,31 42 9,1,25,,282490,4,0,52 49 50 51,1,75,,282491,4,0,49 50 51,1,30,,282492,4,0,49 50 51,1,60,,282493,4,0,49 50 51,1,20,,282494,4,0,31 42 9,1,25,,282495,4,0,31 42 9,1,60,,282496,4,0,37 42 9,1,20,,282497,4,0,49 50 51,1,20,,282498,4,0,31 42 9,1,55,,282499,4,0,37 42 9,1,20,,282500,4,0,49 50 51,1,17,,282501,4,0,49 50 51,1,13,,282502,4,0,31 42 9,1,52,,282503,4,0,37 42 9,1,20,,282504,4,0,49 50 51,1,10,,282505,4,0,49 50 51,1,15,,282506,4,0,49 50 51,1,53,,282507,4,0,37 42 9,1,22,,282508,4,0,49 50 51,1,25,,282509,4,0,49 50 51,1,60,,282510,4,0,49 50 51,1,28,,282511,4,0,37 42 9,1,70,,282512,4,0,49 50 51,1,25,,282513,4,0,31 42 9,1,74,,282514,4,0,49 50 51,1,105,,282515,4,0,31 42 9,1,100,,282516,4,0,49 50 51,1,105,,282517,4,0,31 42 9,1,200,,282518,4,0,31 42 9,1
4000,'20261031',319,,282519,4,0,31 42 9,1,200,,282520,4,0,31 42 9,1,95,,282521,4,0,31 42 9,1,100,,282522,4,0,49 50 51,1,100,,282523,4,0,31 42 9,1,30,,282524,4,0,49 50 51,1,70,,282525,4,0,49 50 51,1,30,,282526,4,0,49 50 51,1,70,,282527,4,0,31 42 9,1,30,,282528,4,0,49 50 51,1,70,,282529,4,0,49 50 51,1,26,,282530,4,0,49 50 51,1,70,,282531,4,0,31 42 9,1,30,,282532,4,0,49 50 51,1,70,,282533,4,0,49 50 51,1,30,,282534,4,0,49 50 51,1,60,,282535,4,0,49 50 51,1,20,,282536,4,0,31 42 9,1,20,,282537,4,0,49 50 51,1,60,,282538,4,0,49 50 51,1,20,,282539,4,0,31 42 9,1,20,,282540,4,0,49 50 51,1,60,,282541,4,0,49 50 51,1,20,,282542,4,0,31 42 9,1,20,,282543,4,0,49 50 51,1,60,,282544,4,0,49 50 51,1,20,,282545,4,0,31 42 9,1,20,,282546,4,0,49 50 51,1,60,,282547,4,0,49 50 51,1,20,,282548,4,0,31 42 9,1,19,,282549,4,0,49 50 51,1,20,,282550,4,0,49 50 51,1,60,,282551,4,0,31 42 9,1,25,,282552,4,0,49 50 51,1,70,,282553,4,0,49 50 51,1,100,,282554,4,0,31 42 9,1,100,,282555,4,0,49 50 51,1,100,,282556,4,0,31 42 9,1,205,,282557,4,0,31 42 9,1
4000,'20261101',319,,282558,4,0,31 42 9,1,200,,282559,4,0,31 42 9,1,95,,282560,4,0,31 42 9,1,100,,282561,4,0,49 50 51,1,100,,282562,4,0,31 42 9,1,30,,282563,4,0,49 50 51,1,70,,282564,4,0,49 50 51,1,30,,282565,4,0,49 50 51,1,70,,282566,4,0,31 42 9,1,30,,282567,4,0,49 50 51,1,70,,282568,4,0,49 50 51,1,26,,282569,4,0,49 50 51,1,70,,282570,4,0,31 42 9,1,30,,282571,4,0,49 50 51,1,70,,282572,4,0,49 50 51,1,30,,282573,4,0,49 50 51,1,60,,282574,4,0,49 50 51,1,20,,282575,4,0,31 42 9,1,20,,282576,4,0,49 50 51,1,60,,282577,4,0,49 50 51,1,20,,282578,4,0,31 42 9,1,20,,282579,4,0,49 50 51,1,60,,282580,4,0,49 50 51,1,20,,282581,4,0,31 42 9,1,20,,282582,4,0,49 50 51,1,60,,282583,4,0,49 50 51,1,20,,282584,4,0,31 42 9,1,20,,282585,4,0,49 50 51,1,60,,282586,4,0,49 50 51,1,20,,282587,4,0,31 42 9,1,19,,282588,4,0,49 50 51,1,20,,282589,4,0,49 50 51,1,60,,282590,4,0,31 42 9,1,25,,282591,4,0,49 50 51,1,70,,282592,4,0,49 50 51,1,100,,282593,4,0,31 42 9,1,100,,282594,4,0,49 50 51,1,100,,282595,4,0,31 42 9,1,205,,282596,4,0,31 42 9,1
4000,'20261102',319,,282597,4,0,31 42 9,1,100,,282598,4,0,31 42 9,1,95,,282599,4,0,31 42 9,1,25,,282600,4,0,49 50 51,1,16,,282601,4,0,37 42 9,1,60,,282602,4,0,49 50 51,1,15,,282603,4,0,49 50 51,1,10,,282604,4,0,49 50 51,1,10,,282605,4,0,37 42 9,1,55,,282606,4,0,49 50 51,1,15,,282607,4,0,49 50 51,1,20,,282608,4,0,49 50 51,1,15,,282609,4,0,37 42 9,1,60,,282610,4,0,49 50 51,1,20,,282611,4,0,49 50 51,1,20,,282612,4,0,49 50 51,1,60,,282613,4,0,31 42 9,1,25,,282614,4,0,52 49 50 51,1,75,,282615,4,0,49 50 51,1,35,,282616,4,0,49 50 51,1,65,,282617,4,0,31 42 9,1,25,,282618,4,0,52 49 50 51,1,75,,282619,4,0,49 50 51,1,30,,282620,4,0,49 50 51,1,60,,282621,4,0,49 50 51,1,20,,282622,4,0,31 42 9,1,25,,282623,4,0,31 42 9,1,60,,282624,4,0,37 42 9,1,20,,282625,4,0,49 50 51,1,20,,282626,4,0,31 42 9,1,55,,282627,4,0,37 42 9,1,20,,282628,4,0,49 50 51,1,17,,282629,4,0,49 50 51,1,13,,282630,4,0,31 42 9,1,52,,282631,4,0,37 42 9,1,20,,282632,4,0,49 50 51,1,10,,282633,4,0,49 50 51,1,15,,282634,4,0,49 50 51,1,53,,282635,4,0,37 42 9,1,22,,282636,4,0,49 50 51,1,25,,282637,4,0,49 50 51,1,60,,282638,4,0,49 50 51,1,28,,282639,4,0,37 42 9,1,70,,282640,4,0,49 50 51,1,25,,282641,4,0,31 42 9,1,74,,282642,4,0,49 50 51,1,105,,282643,4,0,31 42 9,1,100,,282644,4,0,49 50 51,1,105,,282645,4,0,31 42 9,1,200,,282646,4,0,31 42 9,1
4000,'20261103',319,,282647,4,0,31 42 9,1,100,,282648,4,0,31 42 9,1,95,,282649,4,0,31 42 9,1,25,,282650,4,0,49 50 51,1,16,,282651,4,0,37 42 9,1,60,,282652,4,0,49 50 51,1,15,,282653,4,0,49 50 51,1,10,,282654,4,0,49 50 51,1,10,,282655,4,0,37 42 9,1,55,,282656,4,0,49 50 51,1,15,,282657,4,0,49 50 51,1,20,,282658,4,0,49 50 51,1,15,,282659,4,0,37 42 9,1,60,,282660,4,0,49 50 51,1,20,,282661,4,0,49 50 51,1,20,,282662,4,0,49 50 51,1,60,,282663,4,0,31 42 9,1,25,,282664,4,0,52 49 50 51,1,75,,282665,4,0,49 50 51,1,35,,282666,4,0,49 50 51,1,65,,282667,4,0,31 42 9,1,25,,282668,4,0,52 49 50 51,1,75,,282669,4,0,49 50 51,1,30,,282670,4,0,49 50 51,1,60,,282671,4,0,49 50 51,1,20,,282672,4,0,31 42 9,1,25,,282673,4,0,31 42 9,1,60,,282674,4,0,37 42 9,1,20,,282675,4,0,49 50 51,1,20,,282676,4,0,31 42 9,1,55,,282677,4,0,37 42 9,1,20,,282678,4,0,49 50 51,1,17,,282679,4,0,49 50 51,1,13,,282680,4,0,31 42 9,1,52,,282681,4,0,37 42 9,1,20,,282682,4,0,49 50 51,1,10,,282683,4,0,49 50 51,1,15,,282684,4,0,49 50 51,1,53,,282685,4,0,37 42 9,1,22,,282686,4,0,49 50 51,1,25,,282687,4,0,49 50 51,1,60,,282688,4,0,49 50 51,1,28,,282689,4,0,37 42 9,1,70,,282690,4,0,49 50 51,1,25,,282691,4,0,31 42 9,1,74,,282692,4,0,49 50 51,1,105,,282693,4,0,31 42 9,1,100,,282694,4,0,49 50 51,1,105,,282695,4,0,31 42 9,1,200,,282696,4,0,31 42 9,1
4000,'20261104',319,,282697,4,0,31 42 9,1,100,,282698,4,0,31 42 9,1,95,,282699,4,0,31 42 9,1,25,,282700,4,0,49 50 51,1,16,,282701,4,0,37 42 9,1,60,,282702,4,0,49 50 51,1,15,,282703,4,0,49 50 51,1,10,,282704,4,0,49 50 51,1,10,,282705,4,0,37 42 9,1,55,,282706,4,0,49 50 51,1,15,,282707,4,0,49 50 51,1,20,,282708,4,0,49 50 51,1,15,,282709,4,0,37 42 9,1,60,,282710,4,0,49 50 51,1,20,,282711,4,0,49 50 51,1,20,,282712,4,0,49 50 51,1,60,,282713,4,0,31 42 9,1,25,,282714,4,0,52 49 50 51,1,75,,282715,4,0,49 50 51,1,35,,282716,4,0,49 50 51,1,65,,282717,4,0,31 42 9,1,25,,282718,4,0,52 49 50 51,1,75,,282719,4,0,49 50 51,1,30,,282720,4,0,49 50 51,1,60,,282721,4,0,49 50 51,1,20,,282722,4,0,31 42 9,1,25,,282723,4,0,31 42 9,1,60,,282724,4,0,37 42 9,1,20,,282725,4,0,49 50 51,1,20,,282726,4,0,31 42 9,1,55,,282727,4,0,37 42 9,1,20,,282728,4,0,49 50 51,1,17,,282729,4,0,49 50 51,1,13,,282730,4,0,31 42 9,1,52,,282731,4,0,37 42 9,1,20,,282732,4,0,49 50 51,1,10,,282733,4,0,49 50 51,1,15,,282734,4,0,49 50 51,1,53,,282735,4,0,37 42 9,1,22,,282736,4,0,49 50 51,1,25,,282737,4,0,49 50 51,1,60,,282738,4,0,49 50 51,1,28,,282739,4,0,37 42 9,1,70,,282740,4,0,49 50 51,1,25,,282741,4,0,31 42 9,1,74,,282742,4,0,49 50 51,1,105,,282743,4,0,31 42 9,1,100,,282744,4,0,49 50 51,1,105,,282745,4,0,31 42 9,1,200,,282746,4,0,31 42 9,1
4000,'20261105',319,,282747,4,0,31 42 9,1,100,,282748,4,0,31 42 9,1,95,,282749,4,0,31 42 9,1,25,,282750,4,0,49 50 51,1,16,,282751,4,0,37 42 9,1,60,,282752,4,0,49 50 51,1,15,,282753,4,0,49 50 51,1,10,,282754,4,0,49 50 51,1,10,,282755,4,0,37 42 9,1,55,,282756,4,0,49 50 51,1,15,,282757,4,0,49 50 51,1,20,,282758,4,0,49 50 51,1,15,,282759,4,0,37 42 9,1,60,,282760,4,0,49 50 51,1,20,,282761,4,0,49 50 51,1,20,,282762,4,0,49 50 51,1,60,,282763,4,0,31 42 9,1,25,,282764,4,0,52 49 50 51,1,75,,282765,4,0,49 50 51,1,35,,282766,4,0,49 50 51,1,65,,282767,4,0,31 42 9,1,25,,282768,4,0,52 49 50 51,1,75,,282769,4,0,49 50 51,1,30,,282770,4,0,49 50 51,1,60,,282771,4,0,49 50 51,1,20,,282772,4,0,31 42 9,1,25,,282773,4,0,31 42 9,1,60,,282774,4,0,37 42 9,1,20,,282775,4,0,49 50 51,1,20,,282776,4,0,31 42 9,1,55,,282777,4,0,37 42 9,1,20,,282778,4,0,49 50 51,1,17,,282779,4,0,49 50 51,1,13,,282780,4,0,31 42 9,1,52,,282781,4,0,37 42 9,1,20,,282782,4,0,49 50 51,1,10,,282783,4,0,49 50 51,1,15,,282784,4,0,49 50 51,1,53,,282785,4,0,37 42 9,1,22,,282786,4,0,49 50 51,1,25,,282787,4,0,49 50 51,1,60,,282788,4,0,49 50 51,1,28,,282789,4,0,37 42 9,1,70,,282790,4,0,49 50 51,1,25,,282791,4,0,31 42 9,1,74,,282792,4,0,49 50 51,1,105,,282793,4,0,31 42 9,1,100,,282794,4,0,49 50 51,1,105,,282795,4,0,31 42 9,1,200,,282796,4,0,31 42 9,1
4000,'20261106',319,,282797,4,0,31 42 9,1,100,,282798,4,0,31 42 9,1,95,,282799,4,0,31 42 9,1,25,,282800,4,0,49 50 51,1,16,,282801,4,0,37 42 9,1,60,,282802,4,0,49 50 51,1,15,,282803,4,0,49 50 51,1,10,,282804,4,0,49 50 51,1,10,,282805,4,0,37 42 9,1,55,,282806,4,0,49 50 51,1,15,,282807,4,0,49 50 51,1,20,,282808,4,0,49 50 51,1,15,,282809,4,0,37 42 9,1,60,,282810,4,0,49 50 51,1,20,,282811,4,0,49 50 51,1,20,,282812,4,0,49 50 51,1,60,,282813,4,0,31 42 9,1,25,,282814,4,0,52 49 50 51,1,75,,282815,4,0,49 50 51,1,35,,282816,4,0,49 50 51,1,65,,282817,4,0,31 42 9,1,25,,282818,4,0,52 49 50 51,1,75,,282819,4,0,49 50 51,1,30,,282820,4,0,49 50 51,1,60,,282821,4,0,49 50 51,1,20,,282822,4,0,31 42 9,1,25,,282823,4,0,31 42 9,1,60,,282824,4,0,37 42 9,1,20,,282825,4,0,49 50 51,1,20,,282826,4,0,31 42 9,1,55,,282827,4,0,37 42 9,1,20,,282828,4,0,49 50 51,1,17,,282829,4,0,49 50 51,1,13,,282830,4,0,31 42 9,1,52,,282831,4,0,37 42 9,1,20,,282832,4,0,49 50 51,1,10,,282833,4,0,49 50 51,1,15,,282834,4,0,49 50 51,1,53,,282835,4,0,37 42 9,1,22,,282836,4,0,49 50 51,1,25,,282837,4,0,49 50 51,1,60,,282838,4,0,49 50 51,1,28,,282839,4,0,37 42 9,1,70,,282840,4,0,49 50 51,1,25,,282841,4,0,31 42 9,1,74,,282842,4,0,49 50 51,1,105,,282843,4,0,31 42 9,1,100,,282844,4,0,49 50 51,1,105,,282845,4,0,31 42 9,1,200,,282846,4,0,31 42 9,1
4000,'20261107',319,,282847,4,0,31 42 9,1,200,,282848,4,0,31 42 9,1,95,,282849,4,0,31 42 9,1,100,,282850,4,0,49 50 51,1,100,,282851,4,0,31 42 9,1,30,,282852,4,0,49 50 51,1,70,,282853,4,0,49 50 51,1,30,,282854,4,0,49 50 51,1,70,,282855,4,0,31 42 9,1,30,,282856,4,0,49 50 51,1,70,,282857,4,0,49 50 51,1,26,,282858,4,0,49 50 51,1,70,,282859,4,0,31 42 9,1,30,,282860,4,0,49 50 51,1,70,,282861,4,0,49 50 51,1,30,,282862,4,0,49 50 51,1,60,,282863,4,0,49 50 51,1,20,,282864,4,0,31 42 9,1,20,,282865,4,0,49 50 51,1,60,,282866,4,0,49 50 51,1,20,,282867,4,0,31 42 9,1,20,,282868,4,0,49 50 51,1,60,,282869,4,0,49 50 51,1,20,,282870,4,0,31 42 9,1,20,,282871,4,0,49 50 51,1,60,,282872,4,0,49 50 51,1,20,,282873,4,0,31 42 9,1,20,,282874,4,0,49 50 51,1,60,,282875,4,0,49 50 51,1,20,,282876,4,0,31 42 9,1,19,,282877,4,0,49 50 51,1,20,,282878,4,0,49 50 51,1,60,,282879,4,0,31 42 9,1,25,,282880,4,0,49 50 51,1,70,,282881,4,0,49 50 51,1,100,,282882,4,0,31 42 9,1,100,,282883,4,0,49 50 51,1,100,,282884,4,0,31 42 9,1,205,,282885,4,0,31 42 9,1
4000,'20261108',319,,282886,4,0,31 42 9,1,200,,282887,4,0,31 42 9,1,95,,282888,4,0,31 42 9,1,100,,282889,4,0,49 50 51,1,100,,282890,4,0,31 42 9,1,30,,282891,4,0,49 50 51,1,70,,282892,4,0,49 50 51,1,30,,282893,4,0,49 50 51,1,70,,282894,4,0,31 42 9,1,30,,282895,4,0,49 50 51,1,70,,282896,4,0,49 50 51,1,26,,282897,4,0,49 50 51,1,70,,282898,4,0,31 42 9,1,30,,282899,4,0,49 50 51,1,70,,282900,4,0,49 50 51,1,30,,282901,4,0,49 50 51,1,60,,282902,4,0,49 50 51,1,20,,282903,4,0,31 42 9,1,20,,282904,4,0,49 50 51,1,60,,282905,4,0,49 50 51,1,20,,282906,4,0,31 42 9,1,20,,282907,4,0,49 50 51,1,60,,282908,4,0,49 50 51,1,20,,282909,4,0,31 42 9,1,20,,282910,4,0,49 50 51,1,60,,282911,4,0,49 50 51,1,20,,282912,4,0,31 42 9,1,20,,282913,4,0,49 50 51,1,60,,282914,4,0,49 50 51,1,20,,282915,4,0,31 42 9,1,19,,282916,4,0,49 50 51,1,20,,282917,4,0,49 50 51,1,60,,282918,4,0,31 42 9,1,25,,282919,4,0,49 50 51,1,70,,282920,4,0,49 50 51,1,100,,282921,4,0,31 42 9,1,100,,282922,4,0,49 50 51,1,100,,282923,4,0,31 42 9,1,205,,282924,4,0,31 42 9,1
4000,'20261109',319,,282925,4,0,31 42 9,1,100,,282926,4,0,31 42 9,1,95,,282927,4,0,31 42 9,1,25,,282928,4,0,49 50 51,1,16,,282929,4,0,37 42 9,1,60,,282930,4,0,49 50 51,1,15,,282931,4,0,49 50 51,1,10,,282932,4,0,49 50 51,1,10,,282933,4,0,37 42 9,1,55,,282934,4,0,49 50 51,1,15,,282935,4,0,49 50 51,1,20,,282936,4,0,49 50 51,1,15,,282937,4,0,37 42 9,1,60,,282938,4,0,49 50 51,1,20,,282939,4,0,49 50 51,1,20,,282940,4,0,49 50 51,1,60,,282941,4,0,31 42 9,1,25,,282942,4,0,52 49 50 51,1,75,,282943,4,0,49 50 51,1,35,,282944,4,0,49 50 51,1,65,,282945,4,0,31 42 9,1,25,,282946,4,0,52 49 50 51,1,75,,282947,4,0,49 50 51,1,30,,282948,4,0,49 50 51,1,60,,282949,4,0,49 50 51,1,20,,282950,4,0,31 42 9,1,25,,282951,4,0,31 42 9,1,60,,282952,4,0,37 42 9,1,20,,282953,4,0,49 50 51,1,20,,282954,4,0,31 42 9,1,55,,282955,4,0,37 42 9,1,20,,282956,4,0,49 50 51,1,17,,282957,4,0,49 50 51,1,13,,282958,4,0,31 42 9,1,52,,282959,4,0,37 42 9,1,20,,282960,4,0,49 50 51,1,10,,282961,4,0,49 50 51,1,15,,282962,4,0,49 50 51,1,53,,282963,4,0,37 42 9,1,22,,282964,4,0,49 50 51,1,25,,282965,4,0,49 50 51,1,60,,282966,4,0,49 50 51,1,28,,282967,4,0,37 42 9,1,70,,282968,4,0,49 50 51,1,25,,282969,4,0,31 42 9,1,74,,282970,4,0,49 50 51,1,105,,282971,4,0,31 42 9,1,100,,282972,4,0,49 50 51,1,105,,282973,4,0,31 42 9,1,200,,282974,4,0,31 42 9,1
4000,'20261110',319,,282975,4,0,31 42 9,1,100,,282976,4,0,31 42 9,1,95,,282977,4,0,31 42 9,1,25,,282978,4,0,49 50 51,1,16,,282979,4,0,37 42 9,1,60,,282980,4,0,49 50 51,1,15,,282981,4,0,49 50 51,1,10,,282982,4,0,49 50 51,1,10,,282983,4,0,37 42 9,1,55,,282984,4,0,49 50 51,1,15,,282985,4,0,49 50 51,1,20,,282986,4,0,49 50 51,1,15,,282987,4,0,37 42 9,1,60,,282988,4,0,49 50 51,1,20,,282989,4,0,49 50 51,1,20,,282990,4,0,49 50 51,1,60,,282991,4,0,31 42 9,1,25,,282992,4,0,52 49 50 51,1,75,,282993,4,0,49 50 51,1,35,,282994,4,0,49 50 51,1,65,,282995,4,0,31 42 9,1,25,,282996,4,0,52 49 50 51,1,75,,282997,4,0,49 50 51,1,30,,282998,4,0,49 50 51,1,60,,282999,4,0,49 50 51,1,20,,283000,4,0,31 42 9,1,25,,283001,4,0,31 42 9,1,60,,283002,4,0,37 42 9,1,20,,283003,4,0,49 50 51,1,20,,283004,4,0,31 42 9,1,55,,283005,4,0,37 42 9,1,20,,283006,4,0,49 50 51,1,17,,283007,4,0,49 50 51,1,13,,283008,4,0,31 42 9,1,52,,283009,4,0,37 42 9,1,20,,283010,4,0,49 50 51,1,10,,283011,4,0,49 50 51,1,15,,283012,4,0,49 50 51,1,53,,283013,4,0,37 42 9,1,22,,283014,4,0,49 50 51,1,25,,283015,4,0,49 50 51,1,60,,283016,4,0,49 50 51,1,28,,283017,4,0,37 42 9,1,70,,283018,4,0,49 50 51,1,25,,283019,4,0,31 42 9,1,74,,283020,4,0,49 50 51,1,105,,283021,4,0,31 42 9,1,100,,283022,4,0,49 50 51,1,105,,283023,4,0,31 42 9,1,200,,283024,4,0,31 42 9,1
4000,'20261111',319,,283025,4,0,31 42 9,1,100,,283026,4,0,31 42 9,1,95,,283027,4,0,31 42 9,1,25,,283028,4,0,49 50 51,1,16,,283029,4,0,37 42 9,1,60,,283030,4,0,49 50 51,1,15,,283031,4,0,49 50 51,1,10,,283032,4,0,49 50 51,1,10,,283033,4,0,37 42 9,1,55,,283034,4,0,49 50 51,1,15,,283035,4,0,49 50 51,1,20,,283036,4,0,49 50 51,1,15,,283037,4,0,37 42 9,1,60,,283038,4,0,49 50 51,1,20,,283039,4,0,49 50 51,1,20,,283040,4,0,49 50 51,1,60,,283041,4,0,31 42 9,1,25,,283042,4,0,52 49 50 51,1,75,,283043,4,0,49 50 51,1,35,,283044,4,0,49 50 51,1,65,,283045,4,0,31 42 9,1,25,,283046,4,0,52 49 50 51,1,75,,283047,4,0,49 50 51,1,30,,283048,4,0,49 50 51,1,60,,283049,4,0,49 50 51,1,20,,283050,4,0,31 42 9,1,25,,283051,4,0,31 42 9,1,60,,283052,4,0,37 42 9,1,20,,283053,4,0,49 50 51,1,20,,283054,4,0,31 42 9,1,55,,283055,4,0,37 42 9,1,20,,283056,4,0,49 50 51,1,17,,283057,4,0,49 50 51,1,13,,283058,4,0,31 42 9,1,52,,283059,4,0,37 42 9,1,20,,283060,4,0,49 50 51,1,10,,283061,4,0,49 50 51,1,15,,283062,4,0,49 50 51,1,53,,283063,4,0,37 42 9,1,22,,283064,4,0,49 50 51,1,25,,283065,4,0,49 50 51,1,60,,283066,4,0,49 50 51,1,28,,283067,4,0,37 42 9,1,70,,283068,4,0,49 50 51,1,25,,283069,4,0,31 42 9,1,74,,283070,4,0,49 50 51,1,105,,283071,4,0,31 42 9,1,100,,283072,4,0,49 50 51,1,105,,283073,4,0,31 42 9,1,200,,283074,4,0,31 42 9,1
4000,'20261112',319,,283075,4,0,31 42 9,1,100,,283076,4,0,31 42 9,1,95,,283077,4,0,31 42 9,1,25,,283078,4,0,49 50 51,1,16,,283079,4,0,37 42 9,1,60,,283080,4,0,49 50 51,1,15,,283081,4,0,49 50 51,1,10,,283082,4,0,49 50 51,1,10,,283083,4,0,37 42 9,1,55,,283084,4,0,49 50 51,1,15,,283085,4,0,49 50 51,1,20,,283086,4,0,49 50 51,1,15,,283087,4,0,37 42 9,1,60,,283088,4,0,49 50 51,1,20,,283089,4,0,49 50 51,1,20,,283090,4,0,49 50 51,1,60,,283091,4,0,31 42 9,1,25,,283092,4,0,52 49 50 51,1,75,,283093,4,0,49 50 51,1,35,,283094,4,0,49 50 51,1,65,,283095,4,0,31 42 9,1,25,,283096,4,0,52 49 50 51,1,75,,283097,4,0,49 50 51,1,30,,283098,4,0,49 50 51,1,60,,283099,4,0,49 50 51,1,20,,283100,4,0,31 42 9,1,25,,283101,4,0,31 42 9,1,60,,283102,4,0,37 42 9,1,20,,283103,4,0,49 50 51,1,20,,283104,4,0,31 42 9,1,55,,283105,4,0,37 42 9,1,20,,283106,4,0,49 50 51,1,17,,283107,4,0,49 50 51,1,13,,283108,4,0,31 42 9,1,52,,283109,4,0,37 42 9,1,20,,283110,4,0,49 50 51,1,10,,283111,4,0,49 50 51,1,15,,283112,4,0,49 50 51,1,53,,283113,4,0,37 42 9,1,22,,283114,4,0,49 50 51,1,25,,283115,4,0,49 50 51,1,60,,283116,4,0,49 50 51,1,28,,283117,4,0,37 42 9,1,70,,283118,4,0,49 50 51,1,25,,283119,4,0,31 42 9,1,74,,283120,4,0,49 50 51,1,105,,283121,4,0,31 42 9,1,100,,283122,4,0,49 50 51,1,105,,283123,4,0,31 42 9,1,200,,283124,4,0,31 42 9,1
4000,'20261113',319,,283125,4,0,31 42 9,1,100,,283126,4,0,31 42 9,1,95,,283127,4,0,31 42 9,1,25,,283128,4,0,49 50 51,1,16,,283129,4,0,37 42 9,1,60,,283130,4,0,49 50 51,1,15,,283131,4,0,49 50 51,1,10,,283132,4,0,49 50 51,1,10,,283133,4,0,37 42 9,1,55,,283134,4,0,49 50 51,1,15,,283135,4,0,49 50 51,1,20,,283136,4,0,49 50 51,1,15,,283137,4,0,37 42 9,1,60,,283138,4,0,49 50 51,1,20,,283139,4,0,49 50 51,1,20,,283140,4,0,49 50 51,1,60,,283141,4,0,31 42 9,1,25,,283142,4,0,52 49 50 51,1,75,,283143,4,0,49 50 51,1,35,,283144,4,0,49 50 51,1,65,,283145,4,0,31 42 9,1,25,,283146,4,0,52 49 50 51,1,75,,283147,4,0,49 50 51,1,30,,283148,4,0,49 50 51,1,60,,283149,4,0,49 50 51,1,20,,283150,4,0,31 42 9,1,25,,283151,4,0,31 42 9,1,60,,283152,4,0,37 42 9,1,20,,283153,4,0,49 50 51,1,20,,283154,4,0,31 42 9,1,55,,283155,4,0,37 42 9,1,20,,283156,4,0,49 50 51,1,17,,283157,4,0,49 50 51,1,13,,283158,4,0,31 42 9,1,52,,283159,4,0,37 42 9,1,20,,283160,4,0,49 50 51,1,10,,283161,4,0,49 50 51,1,15,,283162,4,0,49 50 51,1,53,,283163,4,0,37 42 9,1,22,,283164,4,0,49 50 51,1,25,,283165,4,0,49 50 51,1,60,,283166,4,0,49 50 51,1,28,,283167,4,0,37 42 9,1,70,,283168,4,0,49 50 51,1,25,,283169,4,0,31 42 9,1,74,,283170,4,0,49 50 51,1,105,,283171,4,0,31 42 9,1,100,,283172,4,0,49 50 51,1,105,,283173,4,0,31 42 9,1,200,,283174,4,0,31 42 9,1
4000,'20261114',319,,283175,4,0,31 42 9,1,200,,283176,4,0,31 42 9,1,95,,283177,4,0,31 42 9,1,100,,283178,4,0,49 50 51,1,100,,283179,4,0,31 42 9,1,30,,283180,4,0,49 50 51,1,70,,283181,4,0,49 50 51,1,30,,283182,4,0,49 50 51,1,70,,283183,4,0,31 42 9,1,30,,283184,4,0,49 50 51,1,70,,283185,4,0,49 50 51,1,26,,283186,4,0,49 50 51,1,70,,283187,4,0,31 42 9,1,30,,283188,4,0,49 50 51,1,70,,283189,4,0,49 50 51,1,30,,283190,4,0,49 50 51,1,60,,283191,4,0,49 50 51,1,20,,283192,4,0,31 42 9,1,20,,283193,4,0,49 50 51,1,60,,283194,4,0,49 50 51,1,20,,283195,4,0,31 42 9,1,20,,283196,4,0,49 50 51,1,60,,283197,4,0,49 50 51,1,20,,283198,4,0,31 42 9,1,20,,283199,4,0,49 50 51,1,60,,283200,4,0,49 50 51,1,20,,283201,4,0,31 42 9,1,20,,283202,4,0,49 50 51,1,60,,283203,4,0,49 50 51,1,20,,283204,4,0,31 42 9,1,19,,283205,4,0,49 50 51,1,20,,283206,4,0,49 50 51,1,60,,283207,4,0,31 42 9,1,25,,283208,4,0,49 50 51,1,70,,283209,4,0,49 50 51,1,100,,283210,4,0,31 42 9,1,100,,283211,4,0,49 50 51,1,100,,283212,4,0,31 42 9,1,205,,283213,4,0,31 42 9,1
4000,'20261115',319,,283214,4,0,31 42 9,1,200,,283215,4,0,31 42 9,1,95,,283216,4,0,31 42 9,1,100,,283217,4,0,49 50 51,1,100,,283218,4,0,31 42 9,1,30,,283219,4,0,49 50 51,1,70,,283220,4,0,49 50 51,1,30,,283221,4,0,49 50 51,1,70,,283222,4,0,31 42 9,1,30,,283223,4,0,49 50 51,1,70,,283224,4,0,49 50 51,1,26,,283225,4,0,49 50 51,1,70,,283226,4,0,31 42 9,1,30,,283227,4,0,49 50 51,1,70,,283228,4,0,49 50 51,1,30,,283229,4,0,49 50 51,1,60,,283230,4,0,49 50 51,1,20,,283231,4,0,31 42 9,1,20,,283232,4,0,49 50 51,1,60,,283233,4,0,49 50 51,1,20,,283234,4,0,31 42 9,1,20,,283235,4,0,49 50 51,1,60,,283236,4,0,49 50 51,1,20,,283237,4,0,31 42 9,1,20,,283238,4,0,49 50 51,1,60,,283239,4,0,49 50 51,1,20,,283240,4,0,31 42 9,1,20,,283241,4,0,49 50 51,1,60,,283242,4,0,49 50 51,1,20,,283243,4,0,31 42 9,1,19,,283244,4,0,49 50 51,1,20,,283245,4,0,49 50 51,1,60,,283246,4,0,31 42 9,1,25,,283247,4,0,49 50 51,1,70,,283248,4,0,49 50 51,1,100,,283249,4,0,31 42 9,1,100,,283250,4,0,49 50 51,1,100,,283251,4,0,31 42 9,1,205,,283252,4,0,31 42 9,1
4000,'20261116',319,,283253,4,0,31 42 9,1,100,,283254,4,0,31 42 9,1,95,,283255,4,0,31 42 9,1,25,,283256,4,0,49 50 51,1,16,,283257,4,0,37 42 9,1,60,,283258,4,0,49 50 51,1,15,,283259,4,0,49 50 51,1,10,,283260,4,0,49 50 51,1,10,,283261,4,0,37 42 9,1,55,,283262,4,0,49 50 51,1,15,,283263,4,0,49 50 51,1,20,,283264,4,0,49 50 51,1,15,,283265,4,0,37 42 9,1,60,,283266,4,0,49 50 51,1,20,,283267,4,0,49 50 51,1,20,,283268,4,0,49 50 51,1,60,,283269,4,0,31 42 9,1,25,,283270,4,0,52 49 50 51,1,75,,283271,4,0,49 50 51,1,35,,283272,4,0,49 50 51,1,65,,283273,4,0,31 42 9,1,25,,283274,4,0,52 49 50 51,1,75,,283275,4,0,49 50 51,1,30,,283276,4,0,49 50 51,1,60,,283277,4,0,49 50 51,1,20,,283278,4,0,31 42 9,1,25,,283279,4,0,31 42 9,1,60,,283280,4,0,37 42 9,1,20,,283281,4,0,49 50 51,1,20,,283282,4,0,31 42 9,1,55,,283283,4,0,37 42 9,1,20,,283284,4,0,49 50 51,1,17,,283285,4,0,49 50 51,1,13,,283286,4,0,31 42 9,1,52,,283287,4,0,37 42 9,1,20,,283288,4,0,49 50 51,1,10,,283289,4,0,49 50 51,1,15,,283290,4,0,49 50 51,1,53,,283291,4,0,37 42 9,1,22,,283292,4,0,49 50 51,1,25,,283293,4,0,49 50 51,1,60,,283294,4,0,49 50 51,1,28,,283295,4,0,37 42 9,1,70,,283296,4,0,49 50 51,1,25,,283297,4,0,31 42 9,1,74,,283298,4,0,49 50 51,1,105,,283299,4,0,31 42 9,1,100,,283300,4,0,49 50 51,1,105,,283301,4,0,31 42 9,1,200,,283302,4,0,31 42 9,1
4000,'20261117',319,,283303,4,0,31 42 9,1,100,,283304,4,0,31 42 9,1,95,,283305,4,0,31 42 9,1,25,,283306,4,0,49 50 51,1,16,,283307,4,0,37 42 9,1,60,,283308,4,0,49 50 51,1,15,,283309,4,0,49 50 51,1,10,,283310,4,0,49 50 51,1,10,,283311,4,0,37 42 9,1,55,,283312,4,0,49 50 51,1,15,,283313,4,0,49 50 51,1,20,,283314,4,0,49 50 51,1,15,,283315,4,0,37 42 9,1,60,,283316,4,0,49 50 51,1,20,,283317,4,0,49 50 51,1,20,,283318,4,0,49 50 51,1,60,,283319,4,0,31 42 9,1,25,,283320,4,0,52 49 50 51,1,75,,283321,4,0,49 50 51,1,35,,283322,4,0,49 50 51,1,65,,283323,4,0,31 42 9,1,25,,283324,4,0,52 49 50 51,1,75,,283325,4,0,49 50 51,1,30,,283326,4,0,49 50 51,1,60,,283327,4,0,49 50 51,1,20,,283328,4,0,31 42 9,1,25,,283329,4,0,31 42 9,1,60,,283330,4,0,37 42 9,1,20,,283331,4,0,49 50 51,1,20,,283332,4,0,31 42 9,1,55,,283333,4,0,37 42 9,1,20,,283334,4,0,49 50 51,1,17,,283335,4,0,49 50 51,1,13,,283336,4,0,31 42 9,1,52,,283337,4,0,37 42 9,1,20,,283338,4,0,49 50 51,1,10,,283339,4,0,49 50 51,1,15,,283340,4,0,49 50 51,1,53,,283341,4,0,37 42 9,1,22,,283342,4,0,49 50 51,1,25,,283343,4,0,49 50 51,1,60,,283344,4,0,49 50 51,1,28,,283345,4,0,37 42 9,1,70,,283346,4,0,49 50 51,1,25,,283347,4,0,31 42 9,1,74,,283348,4,0,49 50 51,1,105,,283349,4,0,31 42 9,1,100,,283350,4,0,49 50 51,1,105,,283351,4,0,31 42 9,1,200,,283352,4,0,31 42 9,1
4000,'20261118',319,,283353,4,0,31 42 9,1,100,,283354,4,0,31 42 9,1,95,,283355,4,0,31 42 9,1,25,,283356,4,0,49 50 51,1,16,,283357,4,0,37 42 9,1,60,,283358,4,0,49 50 51,1,15,,283359,4,0,49 50 51,1,10,,283360,4,0,49 50 51,1,10,,283361,4,0,37 42 9,1,55,,283362,4,0,49 50 51,1,15,,283363,4,0,49 50 51,1,20,,283364,4,0,49 50 51,1,15,,283365,4,0,37 42 9,1,60,,283366,4,0,49 50 51,1,20,,283367,4,0,49 50 51,1,20,,283368,4,0,49 50 51,1,60,,283369,4,0,31 42 9,1,25,,283370,4,0,52 49 50 51,1,75,,283371,4,0,49 50 51,1,35,,283372,4,0,49 50 51,1,65,,283373,4,0,31 42 9,1,25,,283374,4,0,52 49 50 51,1,75,,283375,4,0,49 50 51,1,30,,283376,4,0,49 50 51,1,60,,283377,4,0,49 50 51,1,20,,283378,4,0,31 42 9,1,25,,283379,4,0,31 42 9,1,60,,283380,4,0,37 42 9,1,20,,283381,4,0,49 50 51,1,20,,283382,4,0,31 42 9,1,55,,283383,4,0,37 42 9,1,20,,283384,4,0,49 50 51,1,17,,283385,4,0,49 50 51,1,13,,283386,4,0,31 42 9,1,52,,283387,4,0,37 42 9,1,20,,283388,4,0,49 50 51,1,10,,283389,4,0,49 50 51,1,15,,283390,4,0,49 50 51,1,53,,283391,4,0,37 42 9,1,22,,283392,4,0,49 50 51,1,25,,283393,4,0,49 50 51,1,60,,283394,4,0,49 50 51,1,28,,283395,4,0,37 42 9,1,70,,283396,4,0,49 50 51,1,25,,283397,4,0,31 42 9,1,74,,283398,4,0,49 50 51,1,105,,283399,4,0,31 42 9,1,100,,283400,4,0,49 50 51,1,105,,283401,4,0,31 42 9,1,200,,283402,4,0,31 42 9,1
4000,'20261119',319,,283403,4,0,31 42 9,1,100,,283404,4,0,31 42 9,1,95,,283405,4,0,31 42 9,1,25,,283406,4,0,49 50 51,1,16,,283407,4,0,37 42 9,1,60,,283408,4,0,49 50 51,1,15,,283409,4,0,49 50 51,1,10,,283410,4,0,49 50 51,1,10,,283411,4,0,37 42 9,1,55,,283412,4,0,49 50 51,1,15,,283413,4,0,49 50 51,1,20,,283414,4,0,49 50 51,1,15,,283415,4,0,37 42 9,1,60,,283416,4,0,49 50 51,1,20,,283417,4,0,49 50 51,1,20,,283418,4,0,49 50 51,1,60,,283419,4,0,31 42 9,1,25,,283420,4,0,52 49 50 51,1,75,,283421,4,0,49 50 51,1,35,,283422,4,0,49 50 51,1,65,,283423,4,0,31 42 9,1,25,,283424,4,0,52 49 50 51,1,75,,283425,4,0,49 50 51,1,30,,283426,4,0,49 50 51,1,60,,283427,4,0,49 50 51,1,20,,283428,4,0,31 42 9,1,25,,283429,4,0,31 42 9,1,60,,283430,4,0,37 42 9,1,20,,283431,4,0,49 50 51,1,20,,283432,4,0,31 42 9,1,55,,283433,4,0,37 42 9,1,20,,283434,4,0,49 50 51,1,17,,283435,4,0,49 50 51,1,13,,283436,4,0,31 42 9,1,52,,283437,4,0,37 42 9,1,20,,283438,4,0,49 50 51,1,10,,283439,4,0,49 50 51,1,15,,283440,4,0,49 50 51,1,53,,283441,4,0,37 42 9,1,22,,283442,4,0,49 50 51,1,25,,283443,4,0,49 50 51,1,60,,283444,4,0,49 50 51,1,28,,283445,4,0,37 42 9,1,70,,283446,4,0,49 50 51,1,25,,283447,4,0,31 42 9,1,74,,283448,4,0,49 50 51,1,105,,283449,4,0,31 42 9,1,100,,283450,4,0,49 50 51,1,105,,283451,4,0,31 42 9,1,200,,283452,4,0,31 42 9,1
4000,'20261120',319,,283453,4,0,31 42 9,1,100,,283454,4,0,31 42 9,1,95,,283455,4,0,31 42 9,1,25,,283456,4,0,49 50 51,1,16,,283457,4,0,37 42 9,1,60,,283458,4,0,49 50 51,1,15,,283459,4,0,49 50 51,1,10,,283460,4,0,49 50 51,1,10,,283461,4,0,37 42 9,1,55,,283462,4,0,49 50 51,1,15,,283463,4,0,49 50 51,1,20,,283464,4,0,49 50 51,1,15,,283465,4,0,37 42 9,1,60,,283466,4,0,49 50 51,1,20,,283467,4,0,49 50 51,1,20,,283468,4,0,49 50 51,1,60,,283469,4,0,31 42 9,1,25,,283470,4,0,52 49 50 51,1,75,,283471,4,0,49 50 51,1,35,,283472,4,0,49 50 51,1,65,,283473,4,0,31 42 9,1,25,,283474,4,0,52 49 50 51,1,75,,283475,4,0,49 50 51,1,30,,283476,4,0,49 50 51,1,60,,283477,4,0,49 50 51,1,20,,283478,4,0,31 42 9,1,25,,283479,4,0,31 42 9,1,60,,283480,4,0,37 42 9,1,20,,283481,4,0,49 50 51,1,20,,283482,4,0,31 42 9,1,55,,283483,4,0,37 42 9,1,20,,283484,4,0,49 50 51,1,17,,283485,4,0,49 50 51,1,13,,283486,4,0,31 42 9,1,52,,283487,4,0,37 42 9,1,20,,283488,4,0,49 50 51,1,10,,283489,4,0,49 50 51,1,15,,283490,4,0,49 50 51,1,53,,283491,4,0,37 42 9,1,22,,283492,4,0,49 50 51,1,25,,283493,4,0,49 50 51,1,60,,283494,4,0,49 50 51,1,28,,283495,4,0,37 42 9,1,70,,283496,4,0,49 50 51,1,25,,283497,4,0,31 42 9,1,74,,283498,4,0,49 50 51,1,105,,283499,4,0,31 42 9,1,100,,283500,4,0,49 50 51,1,105,,283501,4,0,31 42 9,1,200,,283502,4,0,31 42 9,1
4000,'20261121',319,,283503,4,0,31 42 9,1,200,,283504,4,0,31 42 9,1,95,,283505,4,0,31 42 9,1,100,,283506,4,0,49 50 51,1,100,,283507,4,0,31 42 9,1,30,,283508,4,0,49 50 51,1,70,,283509,4,0,49 50 51,1,30,,283510,4,0,49 50 51,1,70,,283511,4,0,31 42 9,1,30,,283512,4,0,49 50 51,1,70,,283513,4,0,49 50 51,1,26,,283514,4,0,49 50 51,1,70,,283515,4,0,31 42 9,1,30,,283516,4,0,49 50 51,1,70,,283517,4,0,49 50 51,1,30,,283518,4,0,49 50 51,1,60,,283519,4,0,49 50 51,1,20,,283520,4,0,31 42 9,1,20,,283521,4,0,49 50 51,1,60,,283522,4,0,49 50 51,1,20,,283523,4,0,31 42 9,1,20,,283524,4,0,49 50 51,1,60,,283525,4,0,49 50 51,1,20,,283526,4,0,31 42 9,1,20,,283527,4,0,49 50 51,1,60,,283528,4,0,49 50 51,1,20,,283529,4,0,31 42 9,1,20,,283530,4,0,49 50 51,1,60,,283531,4,0,49 50 51,1,20,,283532,4,0,31 42 9,1,19,,283533,4,0,49 50 51,1,20,,283534,4,0,49 50 51,1,60,,283535,4,0,31 42 9,1,25,,283536,4,0,49 50 51,1,70,,283537,4,0,49 50 51,1,100,,283538,4,0,31 42 9,1,100,,283539,4,0,49 50 51,1,100,,283540,4,0,31 42 9,1,205,,283541,4,0,31 42 9,1
4000,'20261122',319,,283542,4,0,31 42 9,1,200,,283543,4,0,31 42 9,1,95,,283544,4,0,31 42 9,1,100,,283545,4,0,49 50 51,1,100,,283546,4,0,31 42 9,1,30,,283547,4,0,49 50 51,1,70,,283548,4,0,49 50 51,1,30,,283549,4,0,49 50 51,1,70,,283550,4,0,31 42 9,1,30,,283551,4,0,49 50 51,1,70,,283552,4,0,49 50 51,1,26,,283553,4,0,49 50 51,1,70,,283554,4,0,31 42 9,1,30,,283555,4,0,49 50 51,1,70,,283556,4,0,49 50 51,1,30,,283557,4,0,49 50 51,1,60,,283558,4,0,49 50 51,1,20,,283559,4,0,31 42 9,1,20,,283560,4,0,49 50 51,1,60,,283561,4,0,49 50 51,1,20,,283562,4,0,31 42 9,1,20,,283563,4,0,49 50 51,1,60,,283564,4,0,49 50 51,1,20,,283565,4,0,31 42 9,1,20,,283566,4,0,49 50 51,1,60,,283567,4,0,49 50 51,1,20,,283568,4,0,31 42 9,1,20,,283569,4,0,49 50 51,1,60,,283570,4,0,49 50 51,1,20,,283571,4,0,31 42 9,1,19,,283572,4,0,49 50 51,1,20,,283573,4,0,49 50 51,1,60,,283574,4,0,31 42 9,1,25,,283575,4,0,49 50 51,1,70,,283576,4,0,49 50 51,1,100,,283577,4,0,31 42 9,1,100,,283578,4,0,49 50 51,1,100,,283579,4,0,31 42 9,1,205,,283580,4,0,31 42 9,1
4000,'20261123',319,,283581,4,0,31 42 9,1,100,,283582,4,0,31 42 9,1,95,,283583,4,0,31 42 9,1,25,,283584,4,0,49 50 51,1,16,,283585,4,0,37 42 9,1,60,,283586,4,0,49 50 51,1,15,,283587,4,0,49 50 51,1,10,,283588,4,0,49 50 51,1,10,,283589,4,0,37 42 9,1,55,,283590,4,0,49 50 51,1,15,,283591,4,0,49 50 51,1,20,,283592,4,0,49 50 51,1,15,,283593,4,0,37 42 9,1,60,,283594,4,0,49 50 51,1,20,,283595,4,0,49 50 51,1,20,,283596,4,0,49 50 51,1,60,,283597,4,0,31 42 9,1,25,,283598,4,0,52 49 50 51,1,75,,283599,4,0,49 50 51,1,35,,283600,4,0,49 50 51,1,65,,283601,4,0,31 42 9,1,25,,283602,4,0,52 49 50 51,1,75,,283603,4,0,49 50 51,1,30,,283604,4,0,49 50 51,1,60,,283605,4,0,49 50 51,1,20,,283606,4,0,31 42 9,1,25,,283607,4,0,31 42 9,1,60,,283608,4,0,37 42 9,1,20,,283609,4,0,49 50 51,1,20,,283610,4,0,31 42 9,1,55,,283611,4,0,37 42 9,1,20,,283612,4,0,49 50 51,1,17,,283613,4,0,49 50 51,1,13,,283614,4,0,31 42 9,1,52,,283615,4,0,37 42 9,1,20,,283616,4,0,49 50 51,1,10,,283617,4,0,49 50 51,1,15,,283618,4,0,49 50 51,1,53,,283619,4,0,37 42 9,1,22,,283620,4,0,49 50 51,1,25,,283621,4,0,49 50 51,1,60,,283622,4,0,49 50 51,1,28,,283623,4,0,37 42 9,1,70,,283624,4,0,49 50 51,1,25,,283625,4,0,31 42 9,1,74,,283626,4,0,49 50 51,1,105,,283627,4,0,31 42 9,1,100,,283628,4,0,49 50 51,1,105,,283629,4,0,31 42 9,1,200,,283630,4,0,31 42 9,1
4000,'20261124',319,,283631,4,0,31 42 9,1,100,,283632,4,0,31 42 9,1,95,,283633,4,0,31 42 9,1,25,,283634,4,0,49 50 51,1,16,,283635,4,0,37 42 9,1,60,,283636,4,0,49 50 51,1,15,,283637,4,0,49 50 51,1,10,,283638,4,0,49 50 51,1,10,,283639,4,0,37 42 9,1,55,,283640,4,0,49 50 51,1,15,,283641,4,0,49 50 51,1,20,,283642,4,0,49 50 51,1,15,,283643,4,0,37 42 9,1,60,,283644,4,0,49 50 51,1,20,,283645,4,0,49 50 51,1,20,,283646,4,0,49 50 51,1,60,,283647,4,0,31 42 9,1,25,,283648,4,0,52 49 50 51,1,75,,283649,4,0,49 50 51,1,35,,283650,4,0,49 50 51,1,65,,283651,4,0,31 42 9,1,25,,283652,4,0,52 49 50 51,1,75,,283653,4,0,49 50 51,1,30,,283654,4,0,49 50 51,1,60,,283655,4,0,49 50 51,1,20,,283656,4,0,31 42 9,1,25,,283657,4,0,31 42 9,1,60,,283658,4,0,37 42 9,1,20,,283659,4,0,49 50 51,1,20,,283660,4,0,31 42 9,1,55,,283661,4,0,37 42 9,1,20,,283662,4,0,49 50 51,1,17,,283663,4,0,49 50 51,1,13,,283664,4,0,31 42 9,1,52,,283665,4,0,37 42 9,1,20,,283666,4,0,49 50 51,1,10,,283667,4,0,49 50 51,1,15,,283668,4,0,49 50 51,1,53,,283669,4,0,37 42 9,1,22,,283670,4,0,49 50 51,1,25,,283671,4,0,49 50 51,1,60,,283672,4,0,49 50 51,1,28,,283673,4,0,37 42 9,1,70,,283674,4,0,49 50 51,1,25,,283675,4,0,31 42 9,1,74,,283676,4,0,49 50 51,1,105,,283677,4,0,31 42 9,1,100,,283678,4,0,49 50 51,1,105,,283679,4,0,31 42 9,1,200,,283680,4,0,31 42 9,1
4000,'20261125',319,,283681,4,0,31 42 9,1,100,,283682,4,0,31 42 9,1,95,,283683,4,0,31 42 9,1,25,,283684,4,0,49 50 51,1,16,,283685,4,0,37 42 9,1,60,,283686,4,0,49 50 51,1,15,,283687,4,0,49 50 51,1,10,,283688,4,0,49 50 51,1,10,,283689,4,0,37 42 9,1,55,,283690,4,0,49 50 51,1,15,,283691,4,0,49 50 51,1,20,,283692,4,0,49 50 51,1,15,,283693,4,0,37 42 9,1,60,,283694,4,0,49 50 51,1,20,,283695,4,0,49 50 51,1,20,,283696,4,0,49 50 51,1,60,,283697,4,0,31 42 9,1,25,,283698,4,0,52 49 50 51,1,75,,283699,4,0,49 50 51,1,35,,283700,4,0,49 50 51,1,65,,283701,4,0,31 42 9,1,25,,283702,4,0,52 49 50 51,1,75,,283703,4,0,49 50 51,1,30,,283704,4,0,49 50 51,1,60,,283705,4,0,49 50 51,1,20,,283706,4,0,31 42 9,1,25,,283707,4,0,31 42 9,1,60,,283708,4,0,37 42 9,1,20,,283709,4,0,49 50 51,1,20,,283710,4,0,31 42 9,1,55,,283711,4,0,37 42 9,1,20,,283712,4,0,49 50 51,1,17,,283713,4,0,49 50 51,1,13,,283714,4,0,31 42 9,1,52,,283715,4,0,37 42 9,1,20,,283716,4,0,49 50 51,1,10,,283717,4,0,49 50 51,1,15,,283718,4,0,49 50 51,1,53,,283719,4,0,37 42 9,1,22,,283720,4,0,49 50 51,1,25,,283721,4,0,49 50 51,1,60,,283722,4,0,49 50 51,1,28,,283723,4,0,37 42 9,1,70,,283724,4,0,49 50 51,1,25,,283725,4,0,31 42 9,1,74,,283726,4,0,49 50 51,1,105,,283727,4,0,31 42 9,1,100,,283728,4,0,49 50 51,1,105,,283729,4,0,31 42 9,1,200,,283730,4,0,31 42 9,1
4000,'20261126',319,,283731,4,0,31 42 9,1,100,,283732,4,0,31 42 9,1,95,,283733,4,0,31 42 9,1,25,,283734,4,0,49 50 51,1,16,,283735,4,0,37 42 9,1,60,,283736,4,0,49 50 51,1,15,,283737,4,0,49 50 51,1,10,,283738,4,0,49 50 51,1,10,,283739,4,0,37 42 9,1,55,,283740,4,0,49 50 51,1,15,,283741,4,0,49 50 51,1,20,,283742,4,0,49 50 51,1,15,,283743,4,0,37 42 9,1,60,,283744,4,0,49 50 51,1,20,,283745,4,0,49 50 51,1,20,,283746,4,0,49 50 51,1,60,,283747,4,0,31 42 9,1,25,,283748,4,0,52 49 50 51,1,75,,283749,4,0,49 50 51,1,35,,283750,4,0,49 50 51,1,65,,283751,4,0,31 42 9,1,25,,283752,4,0,52 49 50 51,1,75,,283753,4,0,49 50 51,1,30,,283754,4,0,49 50 51,1,60,,283755,4,0,49 50 51,1,20,,283756,4,0,31 42 9,1,25,,283757,4,0,31 42 9,1,60,,283758,4,0,37 42 9,1,20,,283759,4,0,49 50 51,1,20,,283760,4,0,31 42 9,1,55,,283761,4,0,37 42 9,1,20,,283762,4,0,49 50 51,1,17,,283763,4,0,49 50 51,1,13,,283764,4,0,31 42 9,1,52,,283765,4,0,37 42 9,1,20,,283766,4,0,49 50 51,1,10,,283767,4,0,49 50 51,1,15,,283768,4,0,49 50 51,1,53,,283769,4,0,37 42 9,1,22,,283770,4,0,49 50 51,1,25,,283771,4,0,49 50 51,1,60,,283772,4,0,49 50 51,1,28,,283773,4,0,37 42 9,1,70,,283774,4,0,49 50 51,1,25,,283775,4,0,31 42 9,1,74,,283776,4,0,49 50 51,1,105,,283777,4,0,31 42 9,1,100,,283778,4,0,49 50 51,1,105,,283779,4,0,31 42 9,1,200,,283780,4,0,31 42 9,1
4000,'20261127',319,,283781,4,0,31 42 9,1,100,,283782,4,0,31 42 9,1,95,,283783,4,0,31 42 9,1,25,,283784,4,0,49 50 51,1,16,,283785,4,0,37 42 9,1,60,,283786,4,0,49 50 51,1,15,,283787,4,0,49 50 51,1,10,,283788,4,0,49 50 51,1,10,,283789,4,0,37 42 9,1,55,,283790,4,0,49 50 51,1,15,,283791,4,0,49 50 51,1,20,,283792,4,0,49 50 51,1,15,,283793,4,0,37 42 9,1,60,,283794,4,0,49 50 51,1,20,,283795,4,0,49 50 51,1,20,,283796,4,0,49 50 51,1,60,,283797,4,0,31 42 9,1,25,,283798,4,0,52 49 50 51,1,75,,283799,4,0,49 50 51,1,35,,283800,4,0,49 50 51,1,65,,283801,4,0,31 42 9,1,25,,283802,4,0,52 49 50 51,1,75,,283803,4,0,49 50 51,1,30,,283804,4,0,49 50 51,1,60,,283805,4,0,49 50 51,1,20,,283806,4,0,31 42 9,1,25,,283807,4,0,31 42 9,1,60,,283808,4,0,37 42 9,1,20,,283809,4,0,49 50 51,1,20,,283810,4,0,31 42 9,1,55,,283811,4,0,37 42 9,1,20,,283812,4,0,49 50 51,1,17,,283813,4,0,49 50 51,1,13,,283814,4,0,31 42 9,1,52,,283815,4,0,37 42 9,1,20,,283816,4,0,49 50 51,1,10,,283817,4,0,49 50 51,1,15,,283818,4,0,49 50 51,1,53,,283819,4,0,37 42 9,1,22,,283820,4,0,49 50 51,1,25,,283821,4,0,49 50 51,1,60,,283822,4,0,49 50 51,1,28,,283823,4,0,37 42 9,1,70,,283824,4,0,49 50 51,1,25,,283825,4,0,31 42 9,1,74,,283826,4,0,49 50 51,1,105,,283827,4,0,31 42 9,1,100,,283828,4,0,49 50 51,1,105,,283829,4,0,31 42 9,1,200,,283830,4,0,31 42 9,1
4100,'20260831',444,,188257,4,,,1,65,,188259,4,,,1,25,,188263,4,,,1,70,,188267,4,,,1,30,,188272,4,,,1,70,,188275,4,,,1,30,,188278,4,,,1,25,,188280,4,,,1,75,,188282,4,,,1,70,,188284,4,,,1,35,,188286,4,0,53 59 60,1,65,,188288,4,,,1,30,,188290,4,,,1,25,,188292,4,,,1,72,,188294,4,,,1,70,,188296,4,,,1,30,,188298,4,,,1,25,,188300,4,,,1,70,,188302,4,,,1,25,,188305,4,,,1,75,,188307,4,,,1,30,,188309,4,,,1,70,,188311,4,,,1,75,,188313,4,,,1,31,,188315,4,0,53 59 60,1,75,,188317,4,,,1,30,,188318,4,,,1,75,,188319,4,0,53 59 60,1,30,,188320,4,,,1,65,,188321,4,0,53 59 60,1,99,,188322,4,,,1,100,,188323,4,,,1,100,,188324,4,,,1
4100,'20260901',444,,188325,4,,,1,65,,188327,4,,,1,25,,188331,4,,,1,70,,188335,4,,,1,30,,188340,4,,,1,70,,188343,4,,,1,30,,188346,4,,,1,25,,188348,4,,,1,75,,188350,4,,,1,70,,188352,4,,,1,35,,188354,4,0,53 59 60,1,65,,188356,4,,,1,30,,188358,4,,,1,25,,188360,4,,,1,72,,188362,4,,,1,70,,188364,4,,,1,30,,188366,4,,,1,25,,188368,4,,,1,70,,188370,4,,,1,25,,188373,4,,,1,75,,188375,4,,,1,30,,188377,4,,,1,70,,188379,4,,,1,75,,188381,4,,,1,31,,188383,4,0,53 59 60,1,75,,188385,4,,,1,30,,188386,4,,,1,75,,188387,4,0,53 59 60,1,30,,188388,4,,,1,65,,188389,4,0,53 59 60,1,99,,188390,4,,,1,100,,188391,4,,,1,100,,188392,4,,,1
4100,'20260902',444,,188393,4,,,1,65,,188395,4,,,1,25,,188399,4,,,1,70,,188403,4,,,1,30,,188408,4,,,1,70,,188411,4,,,1,30,,188414,4,,,1,25,,188416,4,,,1,75,,188418,4,,,1,70,,188420,4,,,1,35,,188422,4,0,53 59 60,1,65,,188424,4,,,1,30,,188426,4,,,1,25,,188428,4,,,1,72,,188430,4,,,1,70,,188432,4,,,1,30,,188434,4,,,1,25,,188436,4,,,1,70,,188438,4,,,1,25,,188441,4,,,1,75,,188443,4,,,1,30,,188445,4,,,1,70,,188447,4,,,1,75,,188449,4,,,1,31,,188451,4,0,53 59 60,1,75,,188453,4,,,1,30,,188454,4,,,1,75,,188455,4,0,53 59 60,1,30,,188456,4,,,1,65,,188457,4,0,53 59 60,1,99,,188458,4,,,1,100,,188459,4,,,1,100,,188460,4,,,1
4100,'20260903',444,,188461,4,,,1,65,,188463,4,,,1,25,,188467,4,,,1,70,,188471,4,,,1,30,,188476,4,,,1,70,,188479,4,,,1,30,,188482,4,,,1,25,,188484,4,,,1,75,,188486,4,,,1,70,,188488,4,,,1,35,,188490,4,0,53 59 60,1,65,,188492,4,,,1,30,,188494,4,,,1,25,,188496,4,,,1,72,,188498,4,,,1,70,,188500,4,,,1,30,,188502,4,,,1,25,,188504,4,,,1,70,,188506,4,,,1,25,,188509,4,,,1,75,,188511,4,,,1,30,,188513,4,,,1,70,,188515,4,,,1,75,,188517,4,,,1,31,,188519,4,0,53 59 60,1,75,,188521,4,,,1,30,,188522,4,,,1,75,,188523,4,0,53 59 60,1,30,,188524,4,,,1,65,,188525,4,0,53 59 60,1,99,,188526,4,,,1,100,,188527,4,,,1,100,,188528,4,,,1
4100,'20260904',444,,188529,4,,,1,65,,188531,4,,,1,25,,188535,4,,,1,70,,188539,4,,,1,30,,188544,4,,,1,70,,188547,4,,,1,30,,188550,4,,,1,25,,188552,4,,,1,75,,188554,4,,,1,70,,188556,4,,,1,35,,188558,4,0,53 59 60,1,65,,188560,4,,,1,30,,188562,4,,,1,25,,188564,4,,,1,72,,188566,4,,,1,70,,188568,4,,,1,30,,188570,4,,,1,25,,188572,4,,,1,70,,188574,4,,,1,25,,188577,4,,,1,75,,188579,4,,,1,30,,188581,4,,,1,70,,188583,4,,,1,75,,188585,4,,,1,31,,188587,4,0,53 59 60,1,75,,188589,4,,,1,30,,188590,4,,,1,75,,188591,4,0,53 59 60,1,30,,188592,4,,,1,65,,188593,4,0,53 59 60,1,99,,188594,4,,,1,100,,188595,4,,,1,100,,188596,4,,,1
4100,'20260908',444,,287803,4,,,1,65,,287805,4,,,1,25,,287809,4,,,1,70,,287814,4,,,1,30,,287820,4,,,1,70,,287824,4,,,1,30,,287828,4,,,1,70,,287831,4,,,1,30,,287834,4,,,1,70,,287837,4,,,1,35,,287840,4,0,53 59 60,1,65,,287842,4,,,1,30,,287844,4,,,1,25,,287846,4,,,1,72,,287849,4,,,1,70,,287852,4,,,1,30,,287854,4,,,1,25,,287856,4,,,1,70,,287858,4,,,1,75,,287860,4,,,1,25,,287862,4,,,1,75,,287864,4,,,1,30,,287866,4,,,1,75,,287868,4,,,1,26,,287870,4,0,53 59 60,1,75,,287872,4,,,1,30,,287874,4,,,1,75,,287876,4,0,53 59 60,1,30,,287877,4,,,1,65,,287878,4,0,53 59 60,1,99,,287879,4,,,1,100,,287880,4,,,1,100,,287881,4,,,1
4100,'20260909',444,,287882,4,,,1,65,,287884,4,,,1,25,,287888,4,,,1,70,,287893,4,,,1,30,,287899,4,,,1,70,,287903,4,,,1,30,,287907,4,,,1,70,,287910,4,,,1,30,,287913,4,,,1,70,,287916,4,,,1,35,,287919,4,0,53 59 60,1,65,,287921,4,,,1,30,,287923,4,,,1,25,,287925,4,,,1,72,,287928,4,,,1,70,,287931,4,,,1,30,,287933,4,,,1,25,,287935,4,,,1,70,,287937,4,,,1,75,,287939,4,,,1,25,,287941,4,,,1,75,,287943,4,,,1,30,,287945,4,,,1,75,,287947,4,,,1,26,,287949,4,0,53 59 60,1,75,,287951,4,,,1,30,,287953,4,,,1,75,,287955,4,0,53 59 60,1,30,,287956,4,,,1,65,,287957,4,0,53 59 60,1,99,,287958,4,,,1,100,,287959,4,,,1,100,,287960,4,,,1
4100,'20260910',444,,287961,4,,,1,65,,287963,4,,,1,25,,287967,4,,,1,70,,287972,4,,,1,30,,287978,4,,,1,70,,287982,4,,,1,30,,287986,4,,,1,70,,287989,4,,,1,30,,287992,4,,,1,70,,287995,4,,,1,35,,287998,4,0,53 59 60,1,65,,288000,4,,,1,30,,288002,4,,,1,25,,288004,4,,,1,72,,288007,4,,,1,70,,288010,4,,,1,30,,288012,4,,,1,25,,288014,4,,,1,70,,288016,4,,,1,75,,288018,4,,,1,25,,288020,4,,,1,75,,288022,4,,,1,30,,288024,4,,,1,75,,288026,4,,,1,26,,288028,4,0,53 59 60,1,75,,288030,4,,,1,30,,288032,4,,,1,75,,288034,4,0,53 59 60,1,30,,288035,4,,,1,65,,288036,4,0,53 59 60,1,99,,288037,4,,,1,100,,288038,4,,,1,100,,288039,4,,,1
4100,'20260911',444,,288040,4,,,1,65,,288042,4,,,1,25,,288046,4,,,1,70,,288051,4,,,1,30,,288057,4,,,1,70,,288061,4,,,1,30,,288065,4,,,1,70,,288068,4,,,1,30,,288071,4,,,1,70,,288074,4,,,1,35,,288077,4,0,53 59 60,1,65,,288079,4,,,1,30,,288081,4,,,1,25,,288083,4,,,1,72,,288086,4,,,1,70,,288089,4,,,1,30,,288091,4,,,1,25,,288093,4,,,1,70,,288095,4,,,1,75,,288097,4,,,1,25,,288099,4,,,1,75,,288101,4,,,1,30,,288103,4,,,1,75,,288105,4,,,1,26,,288107,4,0,53 59 60,1,75,,288109,4,,,1,30,,288111,4,,,1,75,,288113,4,0,53 59 60,1,30,,288114,4,,,1,65,,288115,4,0,53 59 60,1,99,,288116,4,,,1,100,,288117,4,,,1,100,,288118,4,,,1
4100,'20260914',444,,288119,4,,,1,65,,288121,4,,,1,25,,288125,4,,,1,70,,288130,4,,,1,30,,288136,4,,,1,70,,288140,4,,,1,30,,288144,4,,,1,70,,288147,4,,,1,30,,288150,4,,,1,70,,288153,4,,,1,35,,288156,4,0,53 59 60,1,65,,288158,4,,,1,30,,288160,4,,,1,25,,288162,4,,,1,72,,288165,4,,,1,70,,288168,4,,,1,30,,288170,4,,,1,25,,288172,4,,,1,70,,288174,4,,,1,75,,288176,4,,,1,25,,288178,4,,,1,75,,288180,4,,,1,30,,288182,4,,,1,75,,288184,4,,,1,26,,288186,4,0,53 59 60,1,75,,288188,4,,,1,30,,288190,4,,,1,75,,288192,4,0,53 59 60,1,30,,288193,4,,,1,65,,288194,4,0,53 59 60,1,99,,288195,4,,,1,100,,288196,4,,,1,100,,288197,4,,,1
4100,'20260915',444,,288198,4,,,1,65,,288200,4,,,1,25,,288204,4,,,1,70,,288209,4,,,1,30,,288215,4,,,1,70,,288219,4,,,1,30,,288223,4,,,1,70,,288226,4,,,1,30,,288229,4,,,1,70,,288232,4,,,1,35,,288235,4,0,53 59 60,1,65,,288237,4,,,1,30,,288239,4,,,1,25,,288241,4,,,1,72,,288244,4,,,1,70,,288247,4,,,1,30,,288249,4,,,1,25,,288251,4,,,1,70,,288253,4,,,1,75,,288255,4,,,1,25,,288257,4,,,1,75,,288259,4,,,1,30,,288261,4,,,1,75,,288263,4,,,1,26,,288265,4,0,53 59 60,1,75,,288267,4,,,1,30,,288269,4,,,1,75,,288271,4,0,53 59 60,1,30,,288272,4,,,1,65,,288273,4,0,53 59 60,1,99,,288274,4,,,1,100,,288275,4,,,1,100,,288276,4,,,1
4100,'20260916',444,,288277,4,,,1,65,,288279,4,,,1,25,,288283,4,,,1,70,,288288,4,,,1,30,,288294,4,,,1,70,,288298,4,,,1,30,,288302,4,,,1,70,,288305,4,,,1,30,,288308,4,,,1,70,,288311,4,,,1,35,,288314,4,0,53 59 60,1,65,,288316,4,,,1,30,,288318,4,,,1,25,,288320,4,,,1,72,,288323,4,,,1,70,,288326,4,,,1,30,,288328,4,,,1,25,,288330,4,,,1,70,,288332,4,,,1,75,,288334,4,,,1,25,,288336,4,,,1,75,,288338,4,,,1,30,,288340,4,,,1,75,,288342,4,,,1,26,,288344,4,0,53 59 60,1,75,,288346,4,,,1,30,,288348,4,,,1,75,,288350,4,0,53 59 60,1,30,,288351,4,,,1,65,,288352,4,0,53 59 60,1,99,,288353,4,,,1,100,,288354,4,,,1,100,,288355,4,,,1
4100,'20260917',444,,288356,4,,,1,65,,288358,4,,,1,25,,288362,4,,,1,70,,288367,4,,,1,30,,288373,4,,,1,70,,288377,4,,,1,30,,288381,4,,,1,70,,288384,4,,,1,30,,288387,4,,,1,70,,288390,4,,,1,35,,288393,4,0,53 59 60,1,65,,288395,4,,,1,30,,288397,4,,,1,25,,288399,4,,,1,72,,288402,4,,,1,70,,288405,4,,,1,30,,288407,4,,,1,25,,288409,4,,,1,70,,288411,4,,,1,75,,288413,4,,,1,25,,288415,4,,,1,75,,288417,4,,,1,30,,288419,4,,,1,75,,288421,4,,,1,26,,288423,4,0,53 59 60,1,75,,288425,4,,,1,30,,288427,4,,,1,75,,288429,4,0,53 59 60,1,30,,288430,4,,,1,65,,288431,4,0,53 59 60,1,99,,288432,4,,,1,100,,288433,4,,,1,100,,288434,4,,,1
4100,'20260918',444,,288435,4,,,1,65,,288437,4,,,1,25,,288441,4,,,1,70,,288446,4,,,1,30,,288452,4,,,1,70,,288456,4,,,1,30,,288460,4,,,1,70,,288463,4,,,1,30,,288466,4,,,1,70,,288469,4,,,1,35,,288472,4,0,53 59 60,1,65,,288474,4,,,1,30,,288476,4,,,1,25,,288478,4,,,1,72,,288481,4,,,1,70,,288484,4,,,1,30,,288486,4,,,1,25,,288488,4,,,1,70,,288490,4,,,1,75,,288492,4,,,1,25,,288494,4,,,1,75,,288496,4,,,1,30,,288498,4,,,1,75,,288500,4,,,1,26,,288502,4,0,53 59 60,1,75,,288504,4,,,1,30,,288506,4,,,1,75,,288508,4,0,53 59 60,1,30,,288509,4,,,1,65,,288510,4,0,53 59 60,1,99,,288511,4,,,1,100,,288512,4,,,1,100,,288513,4,,,1
4100,'20260921',444,,288514,4,,,1,65,,288516,4,,,1,25,,288520,4,,,1,70,,288525,4,,,1,30,,288531,4,,,1,70,,288535,4,,,1,30,,288539,4,,,1,70,,288542,4,,,1,30,,288545,4,,,1,70,,288548,4,,,1,35,,288551,4,0,53 59 60,1,65,,288553,4,,,1,30,,288555,4,,,1,25,,288557,4,,,1,72,,288560,4,,,1,70,,288563,4,,,1,30,,288565,4,,,1,25,,288567,4,,,1,70,,288569,4,,,1,75,,288571,4,,,1,25,,288573,4,,,1,75,,288575,4,,,1,30,,288577,4,,,1,75,,288579,4,,,1,26,,288581,4,0,53 59 60,1,75,,288583,4,,,1,30,,288585,4,,,1,75,,288587,4,0,53 59 60,1,30,,288588,4,,,1,65,,288589,4,0,53 59 60,1,99,,288590,4,,,1,100,,288591,4,,,1,100,,288592,4,,,1
4100,'20260922',444,,288593,4,,,1,65,,288595,4,,,1,25,,288599,4,,,1,70,,288604,4,,,1,30,,288610,4,,,1,70,,288614,4,,,1,30,,288618,4,,,1,70,,288621,4,,,1,30,,288624,4,,,1,70,,288627,4,,,1,35,,288630,4,0,53 59 60,1,65,,288632,4,,,1,30,,288634,4,,,1,25,,288636,4,,,1,72,,288639,4,,,1,70,,288642,4,,,1,30,,288644,4,,,1,25,,288646,4,,,1,70,,288648,4,,,1,75,,288650,4,,,1,25,,288652,4,,,1,75,,288654,4,,,1,30,,288656,4,,,1,75,,288658,4,,,1,26,,288660,4,0,53 59 60,1,75,,288662,4,,,1,30,,288664,4,,,1,75,,288666,4,0,53 59 60,1,30,,288667,4,,,1,65,,288668,4,0,53 59 60,1,99,,288669,4,,,1,100,,288670,4,,,1,100,,288671,4,,,1
4100,'20260923',444,,288672,4,,,1,65,,288674,4,,,1,25,,288678,4,,,1,70,,288683,4,,,1,30,,288689,4,,,1,70,,288693,4,,,1,30,,288697,4,,,1,70,,288700,4,,,1,30,,288703,4,,,1,70,,288706,4,,,1,35,,288709,4,0,53 59 60,1,65,,288711,4,,,1,30,,288713,4,,,1,25,,288715,4,,,1,72,,288718,4,,,1,70,,288721,4,,,1,30,,288723,4,,,1,25,,288725,4,,,1,70,,288727,4,,,1,75,,288729,4,,,1,25,,288731,4,,,1,75,,288733,4,,,1,30,,288735,4,,,1,75,,288737,4,,,1,26,,288739,4,0,53 59 60,1,75,,288741,4,,,1,30,,288743,4,,,1,75,,288745,4,0,53 59 60,1,30,,288746,4,,,1,65,,288747,4,0,53 59 60,1,99,,288748,4,,,1,100,,288749,4,,,1,100,,288750,4,,,1
4100,'20260924',444,,288751,4,,,1,65,,288753,4,,,1,25,,288757,4,,,1,70,,288762,4,,,1,30,,288768,4,,,1,70,,288772,4,,,1,30,,288776,4,,,1,70,,288779,4,,,1,30,,288782,4,,,1,70,,288785,4,,,1,35,,288788,4,0,53 59 60,1,65,,288790,4,,,1,30,,288792,4,,,1,25,,288794,4,,,1,72,,288797,4,,,1,70,,288800,4,,,1,30,,288802,4,,,1,25,,288804,4,,,1,70,,288806,4,,,1,75,,288808,4,,,1,25,,288810,4,,,1,75,,288812,4,,,1,30,,288814,4,,,1,75,,288816,4,,,1,26,,288818,4,0,53 59 60,1,75,,288820,4,,,1,30,,288822,4,,,1,75,,288824,4,0,53 59 60,1,30,,288825,4,,,1,65,,288826,4,0,53 59 60,1,99,,288827,4,,,1,100,,288828,4,,,1,100,,288829,4,,,1
4100,'20260925',444,,288830,4,,,1,65,,288832,4,,,1,25,,288836,4,,,1,70,,288841,4,,,1,30,,288847,4,,,1,70,,288851,4,,,1,30,,288855,4,,,1,70,,288858,4,,,1,30,,288861,4,,,1,70,,288864,4,,,1,35,,288867,4,0,53 59 60,1,65,,288869,4,,,1,30,,288871,4,,,1,25,,288873,4,,,1,72,,288876,4,,,1,70,,288879,4,,,1,30,,288881,4,,,1,25,,288883,4,,,1,70,,288885,4,,,1,75,,288887,4,,,1,25,,288889,4,,,1,75,,288891,4,,,1,30,,288893,4,,,1,75,,288895,4,,,1,26,,288897,4,0,53 59 60,1,75,,288899,4,,,1,30,,288901,4,,,1,75,,288903,4,0,53 59 60,1,30,,288904,4,,,1,65,,288905,4,0,53 59 60,1,99,,288906,4,,,1,100,,288907,4,,,1,100,,288908,4,,,1
4100,'20260928',444,,288909,4,,,1,65,,288911,4,,,1,25,,288915,4,,,1,70,,288920,4,,,1,30,,288926,4,,,1,70,,288930,4,,,1,30,,288934,4,,,1,70,,288937,4,,,1,30,,288940,4,,,1,70,,288943,4,,,1,35,,288946,4,0,53 59 60,1,65,,288948,4,,,1,30,,288950,4,,,1,25,,288952,4,,,1,72,,288955,4,,,1,70,,288958,4,,,1,30,,288960,4,,,1,25,,288962,4,,,1,70,,288964,4,,,1,75,,288966,4,,,1,25,,288968,4,,,1,75,,288970,4,,,1,30,,288972,4,,,1,75,,288974,4,,,1,26,,288976,4,0,53 59 60,1,75,,288978,4,,,1,30,,288980,4,,,1,75,,288982,4,0,53 59 60,1,30,,288983,4,,,1,65,,288984,4,0,53 59 60,1,99,,288985,4,,,1,100,,288986,4,,,1,100,,288987,4,,,1
4100,'20260929',444,,288988,4,,,1,65,,288990,4,,,1,25,,288994,4,,,1,70,,288999,4,,,1,30,,289005,4,,,1,70,,289009,4,,,1,30,,289013,4,,,1,70,,289016,4,,,1,30,,289019,4,,,1,70,,289022,4,,,1,35,,289025,4,0,53 59 60,1,65,,289027,4,,,1,30,,289029,4,,,1,25,,289031,4,,,1,72,,289034,4,,,1,70,,289037,4,,,1,30,,289039,4,,,1,25,,289041,4,,,1,70,,289043,4,,,1,75,,289045,4,,,1,25,,289047,4,,,1,75,,289049,4,,,1,30,,289051,4,,,1,75,,289053,4,,,1,26,,289055,4,0,53 59 60,1,75,,289057,4,,,1,30,,289059,4,,,1,75,,289061,4,0,53 59 60,1,30,,289062,4,,,1,65,,289063,4,0,53 59 60,1,99,,289064,4,,,1,100,,289065,4,,,1,100,,289066,4,,,1
4100,'20260930',444,,289067,4,,,1,65,,289069,4,,,1,25,,289073,4,,,1,70,,289078,4,,,1,30,,289084,4,,,1,70,,289088,4,,,1,30,,289092,4,,,1,70,,289095,4,,,1,30,,289098,4,,,1,70,,289101,4,,,1,35,,289104,4,0,53 59 60,1,65,,289106,4,,,1,30,,289108,4,,,1,25,,289110,4,,,1,72,,289113,4,,,1,70,,289116,4,,,1,30,,289118,4,,,1,25,,289120,4,,,1,70,,289122,4,,,1,75,,289124,4,,,1,25,,289126,4,,,1,75,,289128,4,,,1,30,,289130,4,,,1,75,,289132,4,,,1,26,,289134,4,0,53 59 60,1,75,,289136,4,,,1,30,,289138,4,,,1,75,,289140,4,0,53 59 60,1,30,,289141,4,,,1,65,,289142,4,0,53 59 60,1,99,,289143,4,,,1,100,,289144,4,,,1,100,,289145,4,,,1
4100,'20261001',444,,289146,4,,,1,65,,289148,4,,,1,25,,289152,4,,,1,70,,289157,4,,,1,30,,289163,4,,,1,70,,289167,4,,,1,30,,289171,4,,,1,70,,289174,4,,,1,30,,289177,4,,,1,70,,289180,4,,,1,35,,289183,4,0,53 59 60,1,65,,289185,4,,,1,30,,289187,4,,,1,25,,289189,4,,,1,72,,289192,4,,,1,70,,289195,4,,,1,30,,289197,4,,,1,25,,289199,4,,,1,70,,289201,4,,,1,75,,289203,4,,,1,25,,289205,4,,,1,75,,289207,4,,,1,30,,289209,4,,,1,75,,289211,4,,,1,26,,289213,4,0,53 59 60,1,75,,289215,4,,,1,30,,289217,4,,,1,75,,289219,4,0,53 59 60,1,30,,289220,4,,,1,65,,289221,4,0,53 59 60,1,99,,289222,4,,,1,100,,289223,4,,,1,100,,289224,4,,,1
4100,'20261002',444,,289225,4,,,1,65,,289227,4,,,1,25,,289231,4,,,1,70,,289236,4,,,1,30,,289242,4,,,1,70,,289246,4,,,1,30,,289250,4,,,1,70,,289253,4,,,1,30,,289256,4,,,1,70,,289259,4,,,1,35,,289262,4,0,53 59 60,1,65,,289264,4,,,1,30,,289266,4,,,1,25,,289268,4,,,1,72,,289271,4,,,1,70,,289274,4,,,1,30,,289276,4,,,1,25,,289278,4,,,1,70,,289280,4,,,1,75,,289282,4,,,1,25,,289284,4,,,1,75,,289286,4,,,1,30,,289288,4,,,1,75,,289290,4,,,1,26,,289292,4,0,53 59 60,1,75,,289294,4,,,1,30,,289296,4,,,1,75,,289298,4,0,53 59 60,1,30,,289299,4,,,1,65,,289300,4,0,53 59 60,1,99,,289301,4,,,1,100,,289302,4,,,1,100,,289303,4,,,1
4100,'20261005',444,,289304,4,,,1,65,,289306,4,,,1,25,,289310,4,,,1,70,,289315,4,,,1,30,,289321,4,,,1,70,,289325,4,,,1,30,,289329,4,,,1,70,,289332,4,,,1,30,,289335,4,,,1,70,,289338,4,,,1,35,,289341,4,0,53 59 60,1,65,,289343,4,,,1,30,,289345,4,,,1,25,,289347,4,,,1,72,,289350,4,,,1,70,,289353,4,,,1,30,,289355,4,,,1,25,,289357,4,,,1,70,,289359,4,,,1,75,,289361,4,,,1,25,,289363,4,,,1,75,,289365,4,,,1,30,,289367,4,,,1,75,,289369,4,,,1,26,,289371,4,0,53 59 60,1,75,,289373,4,,,1,30,,289375,4,,,1,75,,289377,4,0,53 59 60,1,30,,289378,4,,,1,65,,289379,4,0,53 59 60,1,99,,289380,4,,,1,100,,289381,4,,,1,100,,289382,4,,,1
4100,'20261006',444,,289383,4,,,1,65,,289385,4,,,1,25,,289389,4,,,1,70,,289394,4,,,1,30,,289400,4,,,1,70,,289404,4,,,1,30,,289408,4,,,1,70,,289411,4,,,1,30,,289414,4,,,1,70,,289417,4,,,1,35,,289420,4,0,53 59 60,1,65,,289422,4,,,1,30,,289424,4,,,1,25,,289426,4,,,1,72,,289429,4,,,1,70,,289432,4,,,1,30,,289434,4,,,1,25,,289436,4,,,1,70,,289438,4,,,1,75,,289440,4,,,1,25,,289442,4,,,1,75,,289444,4,,,1,30,,289446,4,,,1,75,,289448,4,,,1,26,,289450,4,0,53 59 60,1,75,,289452,4,,,1,30,,289454,4,,,1,75,,289456,4,0,53 59 60,1,30,,289457,4,,,1,65,,289458,4,0,53 59 60,1,99,,289459,4,,,1,100,,289460,4,,,1,100,,289461,4,,,1
4100,'20261007',444,,289462,4,,,1,65,,289464,4,,,1,25,,289468,4,,,1,70,,289473,4,,,1,30,,289479,4,,,1,70,,289483,4,,,1,30,,289487,4,,,1,70,,289490,4,,,1,30,,289493,4,,,1,70,,289496,4,,,1,35,,289499,4,0,53 59 60,1,65,,289501,4,,,1,30,,289503,4,,,1,25,,289505,4,,,1,72,,289508,4,,,1,70,,289511,4,,,1,30,,289513,4,,,1,25,,289515,4,,,1,70,,289517,4,,,1,75,,289519,4,,,1,25,,289521,4,,,1,75,,289523,4,,,1,30,,289525,4,,,1,75,,289527,4,,,1,26,,289529,4,0,53 59 60,1,75,,289531,4,,,1,30,,289533,4,,,1,75,,289535,4,0,53 59 60,1,30,,289536,4,,,1,65,,289537,4,0,53 59 60,1,99,,289538,4,,,1,100,,289539,4,,,1,100,,289540,4,,,1
4100,'20261008',444,,289541,4,,,1,65,,289543,4,,,1,25,,289547,4,,,1,70,,289552,4,,,1,30,,289558,4,,,1,70,,289562,4,,,1,30,,289566,4,,,1,70,,289569,4,,,1,30,,289572,4,,,1,70,,289575,4,,,1,35,,289578,4,0,53 59 60,1,65,,289580,4,,,1,30,,289582,4,,,1,25,,289584,4,,,1,72,,289587,4,,,1,70,,289590,4,,,1,30,,289592,4,,,1,25,,289594,4,,,1,70,,289596,4,,,1,75,,289598,4,,,1,25,,289600,4,,,1,75,,289602,4,,,1,30,,289604,4,,,1,75,,289606,4,,,1,26,,289608,4,0,53 59 60,1,75,,289610,4,,,1,30,,289612,4,,,1,75,,289614,4,0,53 59 60,1,30,,289615,4,,,1,65,,289616,4,0,53 59 60,1,99,,289617,4,,,1,100,,289618,4,,,1,100,,289619,4,,,1
4100,'20261009',444,,289620,4,,,1,65,,289622,4,,,1,25,,289626,4,,,1,70,,289631,4,,,1,30,,289637,4,,,1,70,,289641,4,,,1,30,,289645,4,,,1,70,,289648,4,,,1,30,,289651,4,,,1,70,,289654,4,,,1,35,,289657,4,0,53 59 60,1,65,,289659,4,,,1,30,,289661,4,,,1,25,,289663,4,,,1,72,,289666,4,,,1,70,,289669,4,,,1,30,,289671,4,,,1,25,,289673,4,,,1,70,,289675,4,,,1,75,,289677,4,,,1,25,,289679,4,,,1,75,,289681,4,,,1,30,,289683,4,,,1,75,,289685,4,,,1,26,,289687,4,0,53 59 60,1,75,,289689,4,,,1,30,,289691,4,,,1,75,,289693,4,0,53 59 60,1,30,,289694,4,,,1,65,,289695,4,0,53 59 60,1,99,,289696,4,,,1,100,,289697,4,,,1,100,,289698,4,,,1
4100,'20261013',444,,289699,4,,,1,65,,289701,4,,,1,25,,289705,4,,,1,70,,289710,4,,,1,30,,289716,4,,,1,70,,289720,4,,,1,30,,289724,4,,,1,70,,289727,4,,,1,30,,289730,4,,,1,70,,289733,4,,,1,35,,289736,4,0,53 59 60,1,65,,289738,4,,,1,30,,289740,4,,,1,25,,289742,4,,,1,72,,289745,4,,,1,70,,289748,4,,,1,30,,289750,4,,,1,25,,289752,4,,,1,70,,289754,4,,,1,75,,289756,4,,,1,25,,289758,4,,,1,75,,289760,4,,,1,30,,289762,4,,,1,75,,289764,4,,,1,26,,289766,4,0,53 59 60,1,75,,289768,4,,,1,30,,289770,4,,,1,75,,289772,4,0,53 59 60,1,30,,289773,4,,,1,65,,289774,4,0,53 59 60,1,99,,289775,4,,,1,100,,289776,4,,,1,100,,289777,4,,,1
4100,'20261014',444,,289778,4,,,1,65,,289780,4,,,1,25,,289784,4,,,1,70,,289789,4,,,1,30,,289795,4,,,1,70,,289799,4,,,1,30,,289803,4,,,1,70,,289806,4,,,1,30,,289809,4,,,1,70,,289812,4,,,1,35,,289815,4,0,53 59 60,1,65,,289817,4,,,1,30,,289819,4,,,1,25,,289821,4,,,1,72,,289824,4,,,1,70,,289827,4,,,1,30,,289829,4,,,1,25,,289831,4,,,1,70,,289833,4,,,1,75,,289835,4,,,1,25,,289837,4,,,1,75,,289839,4,,,1,30,,289841,4,,,1,75,,289843,4,,,1,26,,289845,4,0,53 59 60,1,75,,289847,4,,,1,30,,289849,4,,,1,75,,289851,4,0,53 59 60,1,30,,289852,4,,,1,65,,289853,4,0,53 59 60,1,99,,289854,4,,,1,100,,289855,4,,,1,100,,289856,4,,,1
4100,'20261015',444,,289857,4,,,1,65,,289859,4,,,1,25,,289863,4,,,1,70,,289868,4,,,1,30,,289874,4,,,1,70,,289878,4,,,1,30,,289882,4,,,1,70,,289885,4,,,1,30,,289888,4,,,1,70,,289891,4,,,1,35,,289894,4,0,53 59 60,1,65,,289896,4,,,1,30,,289898,4,,,1,25,,289900,4,,,1,72,,289903,4,,,1,70,,289906,4,,,1,30,,289908,4,,,1,25,,289910,4,,,1,70,,289912,4,,,1,75,,289914,4,,,1,25,,289916,4,,,1,75,,289918,4,,,1,30,,289920,4,,,1,75,,289922,4,,,1,26,,289924,4,0,53 59 60,1,75,,289926,4,,,1,30,,289928,4,,,1,75,,289930,4,0,53 59 60,1,30,,289931,4,,,1,65,,289932,4,0,53 59 60,1,99,,289933,4,,,1,100,,289934,4,,,1,100,,289935,4,,,1
4100,'20261016',444,,289936,4,,,1,65,,289938,4,,,1,25,,289942,4,,,1,70,,289947,4,,,1,30,,289953,4,,,1,70,,289957,4,,,1,30,,289961,4,,,1,70,,289964,4,,,1,30,,289967,4,,,1,70,,289970,4,,,1,35,,289973,4,0,53 59 60,1,65,,289975,4,,,1,30,,289977,4,,,1,25,,289979,4,,,1,72,,289982,4,,,1,70,,289985,4,,,1,30,,289987,4,,,1,25,,289989,4,,,1,70,,289991,4,,,1,75,,289993,4,,,1,25,,289995,4,,,1,75,,289997,4,,,1,30,,289999,4,,,1,75,,290001,4,,,1,26,,290003,4,0,53 59 60,1,75,,290005,4,,,1,30,,290007,4,,,1,75,,290009,4,0,53 59 60,1,30,,290010,4,,,1,65,,290011,4,0,53 59 60,1,99,,290012,4,,,1,100,,290013,4,,,1,100,,290014,4,,,1
4100,'20261019',444,,290015,4,,,1,65,,290017,4,,,1,25,,290021,4,,,1,70,,290026,4,,,1,30,,290032,4,,,1,70,,290036,4,,,1,30,,290040,4,,,1,70,,290043,4,,,1,30,,290046,4,,,1,70,,290049,4,,,1,35,,290052,4,0,53 59 60,1,65,,290054,4,,,1,30,,290056,4,,,1,25,,290058,4,,,1,72,,290061,4,,,1,70,,290064,4,,,1,30,,290066,4,,,1,25,,290068,4,,,1,70,,290070,4,,,1,75,,290072,4,,,1,25,,290074,4,,,1,75,,290076,4,,,1,30,,290078,4,,,1,75,,290080,4,,,1,26,,290082,4,0,53 59 60,1,75,,290084,4,,,1,30,,290086,4,,,1,75,,290088,4,0,53 59 60,1,30,,290089,4,,,1,65,,290090,4,0,53 59 60,1,99,,290091,4,,,1,100,,290092,4,,,1,100,,290093,4,,,1
4100,'20261020',444,,290094,4,,,1,65,,290096,4,,,1,25,,290100,4,,,1,70,,290105,4,,,1,30,,290111,4,,,1,70,,290115,4,,,1,30,,290119,4,,,1,70,,290122,4,,,1,30,,290125,4,,,1,70,,290128,4,,,1,35,,290131,4,0,53 59 60,1,65,,290133,4,,,1,30,,290135,4,,,1,25,,290137,4,,,1,72,,290140,4,,,1,70,,290143,4,,,1,30,,290145,4,,,1,25,,290147,4,,,1,70,,290149,4,,,1,75,,290151,4,,,1,25,,290153,4,,,1,75,,290155,4,,,1,30,,290157,4,,,1,75,,290159,4,,,1,26,,290161,4,0,53 59 60,1,75,,290163,4,,,1,30,,290165,4,,,1,75,,290167,4,0,53 59 60,1,30,,290168,4,,,1,65,,290169,4,0,53 59 60,1,99,,290170,4,,,1,100,,290171,4,,,1,100,,290172,4,,,1
4100,'20261021',444,,290173,4,,,1,65,,290175,4,,,1,25,,290179,4,,,1,70,,290184,4,,,1,30,,290190,4,,,1,70,,290194,4,,,1,30,,290198,4,,,1,70,,290201,4,,,1,30,,290204,4,,,1,70,,290207,4,,,1,35,,290210,4,0,53 59 60,1,65,,290212,4,,,1,30,,290214,4,,,1,25,,290216,4,,,1,72,,290219,4,,,1,70,,290222,4,,,1,30,,290224,4,,,1,25,,290226,4,,,1,70,,290228,4,,,1,75,,290230,4,,,1,25,,290232,4,,,1,75,,290234,4,,,1,30,,290236,4,,,1,75,,290238,4,,,1,26,,290240,4,0,53 59 60,1,75,,290242,4,,,1,30,,290244,4,,,1,75,,290246,4,0,53 59 60,1,30,,290247,4,,,1,65,,290248,4,0,53 59 60,1,99,,290249,4,,,1,100,,290250,4,,,1,100,,290251,4,,,1
4100,'20261022',444,,290252,4,,,1,65,,290254,4,,,1,25,,290258,4,,,1,70,,290263,4,,,1,30,,290269,4,,,1,70,,290273,4,,,1,30,,290277,4,,,1,70,,290280,4,,,1,30,,290283,4,,,1,70,,290286,4,,,1,35,,290289,4,0,53 59 60,1,65,,290291,4,,,1,30,,290293,4,,,1,25,,290295,4,,,1,72,,290298,4,,,1,70,,290301,4,,,1,30,,290303,4,,,1,25,,290305,4,,,1,70,,290307,4,,,1,75,,290309,4,,,1,25,,290311,4,,,1,75,,290313,4,,,1,30,,290315,4,,,1,75,,290317,4,,,1,26,,290319,4,0,53 59 60,1,75,,290321,4,,,1,30,,290323,4,,,1,75,,290325,4,0,53 59 60,1,30,,290326,4,,,1,65,,290327,4,0,53 59 60,1,99,,290328,4,,,1,100,,290329,4,,,1,100,,290330,4,,,1
4100,'20261023',444,,290331,4,,,1,65,,290333,4,,,1,25,,290337,4,,,1,70,,290342,4,,,1,30,,290348,4,,,1,70,,290352,4,,,1,30,,290356,4,,,1,70,,290359,4,,,1,30,,290362,4,,,1,70,,290365,4,,,1,35,,290368,4,0,53 59 60,1,65,,290370,4,,,1,30,,290372,4,,,1,25,,290374,4,,,1,72,,290377,4,,,1,70,,290380,4,,,1,30,,290382,4,,,1,25,,290384,4,,,1,70,,290386,4,,,1,75,,290388,4,,,1,25,,290390,4,,,1,75,,290392,4,,,1,30,,290394,4,,,1,75,,290396,4,,,1,26,,290398,4,0,53 59 60,1,75,,290400,4,,,1,30,,290402,4,,,1,75,,290404,4,0,53 59 60,1,30,,290405,4,,,1,65,,290406,4,0,53 59 60,1,99,,290407,4,,,1,100,,290408,4,,,1,100,,290409,4,,,1
4100,'20261026',444,,290410,4,,,1,65,,290412,4,,,1,25,,290416,4,,,1,70,,290421,4,,,1,30,,290427,4,,,1,70,,290431,4,,,1,30,,290435,4,,,1,70,,290438,4,,,1,30,,290441,4,,,1,70,,290444,4,,,1,35,,290447,4,0,53 59 60,1,65,,290449,4,,,1,30,,290451,4,,,1,25,,290453,4,,,1,72,,290456,4,,,1,70,,290459,4,,,1,30,,290461,4,,,1,25,,290463,4,,,1,70,,290465,4,,,1,75,,290467,4,,,1,25,,290469,4,,,1,75,,290471,4,,,1,30,,290473,4,,,1,75,,290475,4,,,1,26,,290477,4,0,53 59 60,1,75,,290479,4,,,1,30,,290481,4,,,1,75,,290483,4,0,53 59 60,1,30,,290484,4,,,1,65,,290485,4,0,53 59 60,1,99,,290486,4,,,1,100,,290487,4,,,1,100,,290488,4,,,1
4100,'20261027',444,,290489,4,,,1,65,,290491,4,,,1,25,,290495,4,,,1,70,,290500,4,,,1,30,,290506,4,,,1,70,,290510,4,,,1,30,,290514,4,,,1,70,,290517,4,,,1,30,,290520,4,,,1,70,,290523,4,,,1,35,,290526,4,0,53 59 60,1,65,,290528,4,,,1,30,,290530,4,,,1,25,,290532,4,,,1,72,,290535,4,,,1,70,,290538,4,,,1,30,,290540,4,,,1,25,,290542,4,,,1,70,,290544,4,,,1,75,,290546,4,,,1,25,,290548,4,,,1,75,,290550,4,,,1,30,,290552,4,,,1,75,,290554,4,,,1,26,,290556,4,0,53 59 60,1,75,,290558,4,,,1,30,,290560,4,,,1,75,,290562,4,0,53 59 60,1,30,,290563,4,,,1,65,,290564,4,0,53 59 60,1,99,,290565,4,,,1,100,,290566,4,,,1,100,,290567,4,,,1
4100,'20261028',444,,290568,4,,,1,65,,290570,4,,,1,25,,290574,4,,,1,70,,290579,4,,,1,30,,290585,4,,,1,70,,290589,4,,,1,30,,290593,4,,,1,70,,290596,4,,,1,30,,290599,4,,,1,70,,290602,4,,,1,35,,290605,4,0,53 59 60,1,65,,290607,4,,,1,30,,290609,4,,,1,25,,290611,4,,,1,72,,290614,4,,,1,70,,290617,4,,,1,30,,290619,4,,,1,25,,290621,4,,,1,70,,290623,4,,,1,75,,290625,4,,,1,25,,290627,4,,,1,75,,290629,4,,,1,30,,290631,4,,,1,75,,290633,4,,,1,26,,290635,4,0,53 59 60,1,75,,290637,4,,,1,30,,290639,4,,,1,75,,290641,4,0,53 59 60,1,30,,290642,4,,,1,65,,290643,4,0,53 59 60,1,99,,290644,4,,,1,100,,290645,4,,,1,100,,290646,4,,,1
4100,'20261029',444,,290647,4,,,1,65,,290649,4,,,1,25,,290653,4,,,1,70,,290658,4,,,1,30,,290664,4,,,1,70,,290668,4,,,1,30,,290672,4,,,1,70,,290675,4,,,1,30,,290678,4,,,1,70,,290681,4,,,1,35,,290684,4,0,53 59 60,1,65,,290686,4,,,1,30,,290688,4,,,1,25,,290690,4,,,1,72,,290693,4,,,1,70,,290696,4,,,1,30,,290698,4,,,1,25,,290700,4,,,1,70,,290702,4,,,1,75,,290704,4,,,1,25,,290706,4,,,1,75,,290708,4,,,1,30,,290710,4,,,1,75,,290712,4,,,1,26,,290714,4,0,53 59 60,1,75,,290716,4,,,1,30,,290718,4,,,1,75,,290720,4,0,53 59 60,1,30,,290721,4,,,1,65,,290722,4,0,53 59 60,1,99,,290723,4,,,1,100,,290724,4,,,1,100,,290725,4,,,1
4100,'20261030',444,,290726,4,,,1,65,,290728,4,,,1,25,,290732,4,,,1,70,,290737,4,,,1,30,,290743,4,,,1,70,,290747,4,,,1,30,,290751,4,,,1,70,,290754,4,,,1,30,,290757,4,,,1,70,,290760,4,,,1,35,,290763,4,0,53 59 60,1,65,,290765,4,,,1,30,,290767,4,,,1,25,,290769,4,,,1,72,,290772,4,,,1,70,,290775,4,,,1,30,,290777,4,,,1,25,,290779,4,,,1,70,,290781,4,,,1,75,,290783,4,,,1,25,,290785,4,,,1,75,,290787,4,,,1,30,,290789,4,,,1,75,,290791,4,,,1,26,,290793,4,0,53 59 60,1,75,,290795,4,,,1,30,,290797,4,,,1,75,,290799,4,0,53 59 60,1,30,,290800,4,,,1,65,,290801,4,0,53 59 60,1,99,,290802,4,,,1,100,,290803,4,,,1,100,,290804,4,,,1
4100,'20261102',444,,290805,4,,,1,65,,290807,4,,,1,25,,290811,4,,,1,70,,290816,4,,,1,30,,290822,4,,,1,70,,290826,4,,,1,30,,290830,4,,,1,70,,290833,4,,,1,30,,290836,4,,,1,70,,290839,4,,,1,35,,290842,4,0,53 59 60,1,65,,290844,4,,,1,30,,290846,4,,,1,25,,290848,4,,,1,72,,290851,4,,,1,70,,290854,4,,,1,30,,290856,4,,,1,25,,290858,4,,,1,70,,290860,4,,,1,75,,290862,4,,,1,25,,290864,4,,,1,75,,290866,4,,,1,30,,290868,4,,,1,75,,290870,4,,,1,26,,290872,4,0,53 59 60,1,75,,290874,4,,,1,30,,290876,4,,,1,75,,290878,4,0,53 59 60,1,30,,290879,4,,,1,65,,290880,4,0,53 59 60,1,99,,290881,4,,,1,100,,290882,4,,,1,100,,290883,4,,,1
4100,'20261103',444,,290884,4,,,1,65,,290886,4,,,1,25,,290890,4,,,1,70,,290895,4,,,1,30,,290901,4,,,1,70,,290905,4,,,1,30,,290909,4,,,1,70,,290912,4,,,1,30,,290915,4,,,1,70,,290918,4,,,1,35,,290921,4,0,53 59 60,1,65,,290923,4,,,1,30,,290925,4,,,1,25,,290927,4,,,1,72,,290930,4,,,1,70,,290933,4,,,1,30,,290935,4,,,1,25,,290937,4,,,1,70,,290939,4,,,1,75,,290941,4,,,1,25,,290943,4,,,1,75,,290945,4,,,1,30,,290947,4,,,1,75,,290949,4,,,1,26,,290951,4,0,53 59 60,1,75,,290953,4,,,1,30,,290955,4,,,1,75,,290957,4,0,53 59 60,1,30,,290958,4,,,1,65,,290959,4,0,53 59 60,1,99,,290960,4,,,1,100,,290961,4,,,1,100,,290962,4,,,1
4100,'20261104',444,,290963,4,,,1,65,,290965,4,,,1,25,,290969,4,,,1,70,,290974,4,,,1,30,,290980,4,,,1,70,,290984,4,,,1,30,,290988,4,,,1,70,,290991,4,,,1,30,,290994,4,,,1,70,,290997,4,,,1,35,,291000,4,0,53 59 60,1,65,,291002,4,,,1,30,,291004,4,,,1,25,,291006,4,,,1,72,,291009,4,,,1,70,,291012,4,,,1,30,,291014,4,,,1,25,,291016,4,,,1,70,,291018,4,,,1,75,,291020,4,,,1,25,,291022,4,,,1,75,,291024,4,,,1,30,,291026,4,,,1,75,,291028,4,,,1,26,,291030,4,0,53 59 60,1,75,,291032,4,,,1,30,,291034,4,,,1,75,,291036,4,0,53 59 60,1,30,,291037,4,,,1,65,,291038,4,0,53 59 60,1,99,,291039,4,,,1,100,,291040,4,,,1,100,,291041,4,,,1
4100,'20261105',444,,291042,4,,,1,65,,291044,4,,,1,25,,291048,4,,,1,70,,291053,4,,,1,30,,291059,4,,,1,70,,291063,4,,,1,30,,291067,4,,,1,70,,291070,4,,,1,30,,291073,4,,,1,70,,291076,4,,,1,35,,291079,4,0,53 59 60,1,65,,291081,4,,,1,30,,291083,4,,,1,25,,291085,4,,,1,72,,291088,4,,,1,70,,291091,4,,,1,30,,291093,4,,,1,25,,291095,4,,,1,70,,291097,4,,,1,75,,291099,4,,,1,25,,291101,4,,,1,75,,291103,4,,,1,30,,291105,4,,,1,75,,291107,4,,,1,26,,291109,4,0,53 59 60,1,75,,291111,4,,,1,30,,291113,4,,,1,75,,291115,4,0,53 59 60,1,30,,291116,4,,,1,65,,291117,4,0,53 59 60,1,99,,291118,4,,,1,100,,291119,4,,,1,100,,291120,4,,,1
4100,'20261106',444,,291121,4,,,1,65,,291123,4,,,1,25,,291127,4,,,1,70,,291132,4,,,1,30,,291138,4,,,1,70,,291142,4,,,1,30,,291146,4,,,1,70,,291149,4,,,1,30,,291152,4,,,1,70,,291155,4,,,1,35,,291158,4,0,53 59 60,1,65,,291160,4,,,1,30,,291162,4,,,1,25,,291164,4,,,1,72,,291167,4,,,1,70,,291170,4,,,1,30,,291172,4,,,1,25,,291174,4,,,1,70,,291176,4,,,1,75,,291178,4,,,1,25,,291180,4,,,1,75,,291182,4,,,1,30,,291184,4,,,1,75,,291186,4,,,1,26,,291188,4,0,53 59 60,1,75,,291190,4,,,1,30,,291192,4,,,1,75,,291194,4,0,53 59 60,1,30,,291195,4,,,1,65,,291196,4,0,53 59 60,1,99,,291197,4,,,1,100,,291198,4,,,1,100,,291199,4,,,1
4100,'20261109',444,,291200,4,,,1,65,,291202,4,,,1,25,,291206,4,,,1,70,,291211,4,,,1,30,,291217,4,,,1,70,,291221,4,,,1,30,,291225,4,,,1,70,,291228,4,,,1,30,,291231,4,,,1,70,,291234,4,,,1,35,,291237,4,0,53 59 60,1,65,,291239,4,,,1,30,,291241,4,,,1,25,,291243,4,,,1,72,,291246,4,,,1,70,,291249,4,,,1,30,,291251,4,,,1,25,,291253,4,,,1,70,,291255,4,,,1,75,,291257,4,,,1,25,,291259,4,,,1,75,,291261,4,,,1,30,,291263,4,,,1,75,,291265,4,,,1,26,,291267,4,0,53 59 60,1,75,,291269,4,,,1,30,,291271,4,,,1,75,,291273,4,0,53 59 60,1,30,,291274,4,,,1,65,,291275,4,0,53 59 60,1,99,,291276,4,,,1,100,,291277,4,,,1,100,,291278,4,,,1
4100,'20261110',444,,291279,4,,,1,65,,291281,4,,,1,25,,291285,4,,,1,70,,291290,4,,,1,30,,291296,4,,,1,70,,291300,4,,,1,30,,291304,4,,,1,70,,291307,4,,,1,30,,291310,4,,,1,70,,291313,4,,,1,35,,291316,4,0,53 59 60,1,65,,291318,4,,,1,30,,291320,4,,,1,25,,291322,4,,,1,72,,291325,4,,,1,70,,291328,4,,,1,30,,291330,4,,,1,25,,291332,4,,,1,70,,291334,4,,,1,75,,291336,4,,,1,25,,291338,4,,,1,75,,291340,4,,,1,30,,291342,4,,,1,75,,291344,4,,,1,26,,291346,4,0,53 59 60,1,75,,291348,4,,,1,30,,291350,4,,,1,75,,291352,4,0,53 59 60,1,30,,291353,4,,,1,65,,291354,4,0,53 59 60,1,99,,291355,4,,,1,100,,291356,4,,,1,100,,291357,4,,,1
4100,'20261111',444,,291358,4,,,1,65,,291360,4,,,1,25,,291364,4,,,1,70,,291369,4,,,1,30,,291375,4,,,1,70,,291379,4,,,1,30,,291383,4,,,1,70,,291386,4,,,1,30,,291389,4,,,1,70,,291392,4,,,1,35,,291395,4,0,53 59 60,1,65,,291397,4,,,1,30,,291399,4,,,1,25,,291401,4,,,1,72,,291404,4,,,1,70,,291407,4,,,1,30,,291409,4,,,1,25,,291411,4,,,1,70,,291413,4,,,1,75,,291415,4,,,1,25,,291417,4,,,1,75,,291419,4,,,1,30,,291421,4,,,1,75,,291423,4,,,1,26,,291425,4,0,53 59 60,1,75,,291427,4,,,1,30,,291429,4,,,1,75,,291431,4,0,53 59 60,1,30,,291432,4,,,1,65,,291433,4,0,53 59 60,1,99,,291434,4,,,1,100,,291435,4,,,1,100,,291436,4,,,1
4100,'20261112',444,,291437,4,,,1,65,,291439,4,,,1,25,,291443,4,,,1,70,,291448,4,,,1,30,,291454,4,,,1,70,,291458,4,,,1,30,,291462,4,,,1,70,,291465,4,,,1,30,,291468,4,,,1,70,,291471,4,,,1,35,,291474,4,0,53 59 60,1,65,,291476,4,,,1,30,,291478,4,,,1,25,,291480,4,,,1,72,,291483,4,,,1,70,,291486,4,,,1,30,,291488,4,,,1,25,,291490,4,,,1,70,,291492,4,,,1,75,,291494,4,,,1,25,,291496,4,,,1,75,,291498,4,,,1,30,,291500,4,,,1,75,,291502,4,,,1,26,,291504,4,0,53 59 60,1,75,,291506,4,,,1,30,,291508,4,,,1,75,,291510,4,0,53 59 60,1,30,,291511,4,,,1,65,,291512,4,0,53 59 60,1,99,,291513,4,,,1,100,,291514,4,,,1,100,,291515,4,,,1
4100,'20261113',444,,291516,4,,,1,65,,291518,4,,,1,25,,291522,4,,,1,70,,291527,4,,,1,30,,291533,4,,,1,70,,291537,4,,,1,30,,291541,4,,,1,70,,291544,4,,,1,30,,291547,4,,,1,70,,291550,4,,,1,35,,291553,4,0,53 59 60,1,65,,291555,4,,,1,30,,291557,4,,,1,25,,291559,4,,,1,72,,291562,4,,,1,70,,291565,4,,,1,30,,291567,4,,,1,25,,291569,4,,,1,70,,291571,4,,,1,75,,291573,4,,,1,25,,291575,4,,,1,75,,291577,4,,,1,30,,291579,4,,,1,75,,291581,4,,,1,26,,291583,4,0,53 59 60,1,75,,291585,4,,,1,30,,291587,4,,,1,75,,291589,4,0,53 59 60,1,30,,291590,4,,,1,65,,291591,4,0,53 59 60,1,99,,291592,4,,,1,100,,291593,4,,,1,100,,291594,4,,,1
4100,'20261116',444,,291595,4,,,1,65,,291597,4,,,1,25,,291601,4,,,1,70,,291606,4,,,1,30,,291612,4,,,1,70,,291616,4,,,1,30,,291620,4,,,1,70,,291623,4,,,1,30,,291626,4,,,1,70,,291629,4,,,1,35,,291632,4,0,53 59 60,1,65,,291634,4,,,1,30,,291636,4,,,1,25,,291638,4,,,1,72,,291641,4,,,1,70,,291644,4,,,1,30,,291646,4,,,1,25,,291648,4,,,1,70,,291650,4,,,1,75,,291652,4,,,1,25,,291654,4,,,1,75,,291656,4,,,1,30,,291658,4,,,1,75,,291660,4,,,1,26,,291662,4,0,53 59 60,1,75,,291664,4,,,1,30,,291666,4,,,1,75,,291668,4,0,53 59 60,1,30,,291669,4,,,1,65,,291670,4,0,53 59 60,1,99,,291671,4,,,1,100,,291672,4,,,1,100,,291673,4,,,1
4100,'20261117',444,,291674,4,,,1,65,,291676,4,,,1,25,,291680,4,,,1,70,,291685,4,,,1,30,,291691,4,,,1,70,,291695,4,,,1,30,,291699,4,,,1,70,,291702,4,,,1,30,,291705,4,,,1,70,,291708,4,,,1,35,,291711,4,0,53 59 60,1,65,,291713,4,,,1,30,,291715,4,,,1,25,,291717,4,,,1,72,,291720,4,,,1,70,,291723,4,,,1,30,,291725,4,,,1,25,,291727,4,,,1,70,,291729,4,,,1,75,,291731,4,,,1,25,,291733,4,,,1,75,,291735,4,,,1,30,,291737,4,,,1,75,,291739,4,,,1,26,,291741,4,0,53 59 60,1,75,,291743,4,,,1,30,,291745,4,,,1,75,,291747,4,0,53 59 60,1,30,,291748,4,,,1,65,,291749,4,0,53 59 60,1,99,,291750,4,,,1,100,,291751,4,,,1,100,,291752,4,,,1
4100,'20261118',444,,291753,4,,,1,65,,291755,4,,,1,25,,291759,4,,,1,70,,291764,4,,,1,30,,291770,4,,,1,70,,291774,4,,,1,30,,291778,4,,,1,70,,291781,4,,,1,30,,291784,4,,,1,70,,291787,4,,,1,35,,291790,4,0,53 59 60,1,65,,291792,4,,,1,30,,291794,4,,,1,25,,291796,4,,,1,72,,291799,4,,,1,70,,291802,4,,,1,30,,291804,4,,,1,25,,291806,4,,,1,70,,291808,4,,,1,75,,291810,4,,,1,25,,291812,4,,,1,75,,291814,4,,,1,30,,291816,4,,,1,75,,291818,4,,,1,26,,291820,4,0,53 59 60,1,75,,291822,4,,,1,30,,291824,4,,,1,75,,291826,4,0,53 59 60,1,30,,291827,4,,,1,65,,291828,4,0,53 59 60,1,99,,291829,4,,,1,100,,291830,4,,,1,100,,291831,4,,,1
4100,'20261119',444,,291832,4,,,1,65,,291834,4,,,1,25,,291838,4,,,1,70,,291843,4,,,1,30,,291849,4,,,1,70,,291853,4,,,1,30,,291857,4,,,1,70,,291860,4,,,1,30,,291863,4,,,1,70,,291866,4,,,1,35,,291869,4,0,53 59 60,1,65,,291871,4,,,1,30,,291873,4,,,1,25,,291875,4,,,1,72,,291878,4,,,1,70,,291881,4,,,1,30,,291883,4,,,1,25,,291885,4,,,1,70,,291887,4,,,1,75,,291889,4,,,1,25,,291891,4,,,1,75,,291893,4,,,1,30,,291895,4,,,1,75,,291897,4,,,1,26,,291899,4,0,53 59 60,1,75,,291901,4,,,1,30,,291903,4,,,1,75,,291905,4,0,53 59 60,1,30,,291906,4,,,1,65,,291907,4,0,53 59 60,1,99,,291908,4,,,1,100,,291909,4,,,1,100,,291910,4,,,1
4100,'20261120',444,,291911,4,,,1,65,,291913,4,,,1,25,,291917,4,,,1,70,,291922,4,,,1,30,,291928,4,,,1,70,,291932,4,,,1,30,,291936,4,,,1,70,,291939,4,,,1,30,,291942,4,,,1,70,,291945,4,,,1,35,,291948,4,0,53 59 60,1,65,,291950,4,,,1,30,,291952,4,,,1,25,,291954,4,,,1,72,,291957,4,,,1,70,,291960,4,,,1,30,,291962,4,,,1,25,,291964,4,,,1,70,,291966,4,,,1,75,,291968,4,,,1,25,,291970,4,,,1,75,,291972,4,,,1,30,,291974,4,,,1,75,,291976,4,,,1,26,,291978,4,0,53 59 60,1,75,,291980,4,,,1,30,,291982,4,,,1,75,,291984,4,0,53 59 60,1,30,,291985,4,,,1,65,,291986,4,0,53 59 60,1,99,,291987,4,,,1,100,,291988,4,,,1,100,,291989,4,,,1
4100,'20261123',444,,291990,4,,,1,65,,291992,4,,,1,25,,291996,4,,,1,70,,292001,4,,,1,30,,292007,4,,,1,70,,292011,4,,,1,30,,292015,4,,,1,70,,292018,4,,,1,30,,292021,4,,,1,70,,292024,4,,,1,35,,292027,4,0,53 59 60,1,65,,292029,4,,,1,30,,292031,4,,,1,25,,292033,4,,,1,72,,292036,4,,,1,70,,292039,4,,,1,30,,292041,4,,,1,25,,292043,4,,,1,70,,292045,4,,,1,75,,292047,4,,,1,25,,292049,4,,,1,75,,292051,4,,,1,30,,292053,4,,,1,75,,292055,4,,,1,26,,292057,4,0,53 59 60,1,75,,292059,4,,,1,30,,292061,4,,,1,75,,292063,4,0,53 59 60,1,30,,292064,4,,,1,65,,292065,4,0,53 59 60,1,99,,292066,4,,,1,100,,292067,4,,,1,100,,292068,4,,,1
4100,'20261124',444,,292069,4,,,1,65,,292071,4,,,1,25,,292075,4,,,1,70,,292080,4,,,1,30,,292086,4,,,1,70,,292090,4,,,1,30,,292094,4,,,1,70,,292097,4,,,1,30,,292100,4,,,1,70,,292103,4,,,1,35,,292106,4,0,53 59 60,1,65,,292108,4,,,1,30,,292110,4,,,1,25,,292112,4,,,1,72,,292115,4,,,1,70,,292118,4,,,1,30,,292120,4,,,1,25,,292122,4,,,1,70,,292124,4,,,1,75,,292126,4,,,1,25,,292128,4,,,1,75,,292130,4,,,1,30,,292132,4,,,1,75,,292134,4,,,1,26,,292136,4,0,53 59 60,1,75,,292138,4,,,1,30,,292140,4,,,1,75,,292142,4,0,53 59 60,1,30,,292143,4,,,1,65,,292144,4,0,53 59 60,1,99,,292145,4,,,1,100,,292146,4,,,1,100,,292147,4,,,1
4100,'20261125',444,,292148,4,,,1,65,,292150,4,,,1,25,,292154,4,,,1,70,,292159,4,,,1,30,,292165,4,,,1,70,,292169,4,,,1,30,,292173,4,,,1,70,,292176,4,,,1,30,,292179,4,,,1,70,,292182,4,,,1,35,,292185,4,0,53 59 60,1,65,,292187,4,,,1,30,,292189,4,,,1,25,,292191,4,,,1,72,,292194,4,,,1,70,,292197,4,,,1,30,,292199,4,,,1,25,,292201,4,,,1,70,,292203,4,,,1,75,,292205,4,,,1,25,,292207,4,,,1,75,,292209,4,,,1,30,,292211,4,,,1,75,,292213,4,,,1,26,,292215,4,0,53 59 60,1,75,,292217,4,,,1,30,,292219,4,,,1,75,,292221,4,0,53 59 60,1,30,,292222,4,,,1,65,,292223,4,0,53 59 60,1,99,,292224,4,,,1,100,,292225,4,,,1,100,,292226,4,,,1
4100,'20261126',444,,292227,4,,,1,65,,292229,4,,,1,25,,292233,4,,,1,70,,292238,4,,,1,30,,292244,4,,,1,70,,292248,4,,,1,30,,292252,4,,,1,70,,292255,4,,,1,30,,292258,4,,,1,70,,292261,4,,,1,35,,292264,4,0,53 59 60,1,65,,292266,4,,,1,30,,292268,4,,,1,25,,292270,4,,,1,72,,292273,4,,,1,70,,292276,4,,,1,30,,292278,4,,,1,25,,292280,4,,,1,70,,292282,4,,,1,75,,292284,4,,,1,25,,292286,4,,,1,75,,292288,4,,,1,30,,292290,4,,,1,75,,292292,4,,,1,26,,292294,4,0,53 59 60,1,75,,292296,4,,,1,30,,292298,4,,,1,75,,292300,4,0,53 59 60,1,30,,292301,4,,,1,65,,292302,4,0,53 59 60,1,99,,292303,4,,,1,100,,292304,4,,,1,100,,292305,4,,,1
4100,'20261127',444,,292306,4,,,1,65,,292308,4,,,1,25,,292312,4,,,1,70,,292317,4,,,1,30,,292323,4,,,1,70,,292327,4,,,1,30,,292331,4,,,1,70,,292334,4,,,1,30,,292337,4,,,1,70,,292340,4,,,1,35,,292343,4,0,53 59 60,1,65,,292345,4,,,1,30,,292347,4,,,1,25,,292349,4,,,1,72,,292352,4,,,1,70,,292355,4,,,1,30,,292357,4,,,1,25,,292359,4,,,1,70,,292361,4,,,1,75,,292363,4,,,1,25,,292365,4,,,1,75,,292367,4,,,1,30,,292369,4,,,1,75,,292371,4,,,1,26,,292373,4,0,53 59 60,1,75,,292375,4,,,1,30,,292377,4,,,1,75,,292379,4,0,53 59 60,1,30,,292380,4,,,1,65,,292381,4,0,53 59 60,1,99,,292382,4,,,1,100,,292383,4,,,1,100,,292384,4,,,1
4700,'20260831',725,,193126,4,0,7 40 41,1,932,,193127,4,0,7 40 41,1,279,,193128,4,,,1,100,,193129,4,,,1,100,,193130,4,,,1,100,,193131,4,,,1,68,,193132,4,,,1
4700,'20260901',725,,193133,4,0,7 40 41,1,932,,193134,4,0,7 40 41,1,279,,193135,4,,,1,100,,193136,4,,,1,100,,193137,4,,,1,100,,193138,4,,,1,68,,193139,4,,,1
4700,'20260902',725,,193140,4,0,7 40 41,1,932,,193141,4,0,7 40 41,1,279,,193142,4,,,1,100,,193143,4,,,1,100,,193144,4,,,1,100,,193145,4,,,1,68,,193146,4,,,1
4700,'20260903',725,,193147,4,0,7 40 41,1,932,,193148,4,0,7 40 41,1,279,,193149,4,,,1,100,,193150,4,,,1,100,,193151,4,,,1,100,,193152,4,,,1,68,,193153,4,,,1
4700,'20260904',725,,193154,4,0,7 40 41,1,932,,193155,4,0,7 40 41,1,279,,193156,4,,,1,100,,193157,4,,,1,100,,193158,4,,,1,100,,193159,4,,,1,68,,193160,4,,,1
4700,'20260905',444,,297315,4,,,1,100,,297316,4,,,1,70,,297317,4,,,1,30,,297318,4,,,1,65,,297319,4,,,1,30,,297320,4,,,1,70,,297321,4,,,1,25,,297322,4,,,1,70,,297323,4,,,1,30,,297324,4,,,1,70,,297325,4,,,1,30,,297326,4,,,1,70,,297327,4,,,1,30,,297328,4,,,1,70,,297329,4,,,1,25,,297330,4,,,1,30,,297331,4,,,1,70,,297332,4,,,1,30,,297333,4,,,1,70,,297334,4,,,1,30,,297335,4,,,1,70,,297336,4,,,1,30,,297337,4,,,1,70,,297338,4,,,1,30,,297339,4,,,1,70,,297340,4,,,1,30,,297341,4,,,1,70,,297342,4,,,1,30,,297343,4,,,1,75,,297344,4,,,1,70,,297345,4,,,1,30,,297346,4,,,1,70,,297347,4,,,1,100,,297348,4,,,1,105,,297349,4,,,1
4700,'20260906',444,,297350,4,,,1,100,,297351,4,,,1,70,,297352,4,,,1,30,,297353,4,,,1,65,,297354,4,,,1,30,,297355,4,,,1,70,,297356,4,,,1,25,,297357,4,,,1,70,,297358,4,,,1,30,,297359,4,,,1,70,,297360,4,,,1,30,,297361,4,,,1,70,,297362,4,,,1,30,,297363,4,,,1,70,,297364,4,,,1,25,,297365,4,,,1,30,,297366,4,,,1,70,,297367,4,,,1,30,,297368,4,,,1,70,,297369,4,,,1,30,,297370,4,,,1,70,,297371,4,,,1,30,,297372,4,,,1,70,,297373,4,,,1,30,,297374,4,,,1,70,,297375,4,,,1,30,,297376,4,,,1,70,,297377,4,,,1,30,,297378,4,,,1,75,,297379,4,,,1,70,,297380,4,,,1,30,,297381,4,,,1,70,,297382,4,,,1,100,,297383,4,,,1,105,,297384,4,,,1
4700,'20260907',444,,297385,4,,,1,100,,297386,4,,,1,70,,297387,4,,,1,30,,297388,4,,,1,65,,297389,4,,,1,30,,297390,4,,,1,70,,297391,4,,,1,25,,297392,4,,,1,70,,297393,4,,,1,30,,297394,4,,,1,70,,297395,4,,,1,30,,297396,4,,,1,70,,297397,4,,,1,30,,297398,4,,,1,70,,297399,4,,,1,25,,297400,4,,,1,30,,297401,4,,,1,70,,297402,4,,,1,30,,297403,4,,,1,70,,297404,4,,,1,30,,297405,4,,,1,70,,297406,4,,,1,30,,297407,4,,,1,70,,297408,4,,,1,30,,297409,4,,,1,70,,297410,4,,,1,30,,297411,4,,,1,70,,297412,4,,,1,30,,297413,4,,,1,75,,297414,4,,,1,70,,297415,4,,,1,30,,297416,4,,,1,70,,297417,4,,,1,100,,297418,4,,,1,105,,297419,4,,,1
4700,'20260908',730,,297420,4,0,7 40 41,1,927,,297435,4,0,7 40 41,1,279,,297450,4,,,1,100,,297455,4,,,1,100,,297459,4,,,1,100,,297460,4,,,1,68,,297461,4,,,1
4700,'20260909',730,,297462,4,0,7 40 41,1,927,,297477,4,0,7 40 41,1,279,,297492,4,,,1,100,,297497,4,,,1,100,,297501,4,,,1,100,,297502,4,,,1,68,,297503,4,,,1
4700,'20260910',730,,297504,4,0,7 40 41,1,927,,297519,4,0,7 40 41,1,279,,297534,4,,,1,100,,297539,4,,,1,100,,297543,4,,,1,100,,297544,4,,,1,68,,297545,4,,,1
4700,'20260911',730,,297546,4,0,7 40 41,1,927,,297563,4,0,7 40 41,1,279,,297581,4,,,1,100,,297586,4,,,1,100,,297590,4,,,1,100,,297591,4,,,1,68,,297592,4,,,1
4700,'20260912',444,,297593,4,,,1,100,,297594,4,,,1,70,,297595,4,,,1,30,,297596,4,,,1,65,,297597,4,,,1,30,,297598,4,,,1,70,,297599,4,,,1,25,,297600,4,,,1,70,,297601,4,,,1,30,,297602,4,,,1,70,,297603,4,,,1,30,,297604,4,,,1,70,,297605,4,,,1,30,,297606,4,,,1,70,,297607,4,,,1,25,,297608,4,,,1,30,,297609,4,,,1,70,,297610,4,,,1,30,,297611,4,,,1,70,,297612,4,,,1,30,,297613,4,,,1,70,,297614,4,,,1,30,,297615,4,,,1,70,,297616,4,,,1,30,,297617,4,,,1,70,,297618,4,,,1,30,,297619,4,,,1,70,,297620,4,,,1,30,,297621,4,,,1,75,,297622,4,,,1,70,,297623,4,,,1,30,,297624,4,,,1,70,,297625,4,,,1,100,,297626,4,,,1,105,,297627,4,,,1
4700,'20260913',444,,297628,4,,,1,100,,297629,4,,,1,70,,297630,4,,,1,30,,297631,4,,,1,65,,297632,4,,,1,30,,297633,4,,,1,70,,297634,4,,,1,25,,297635,4,,,1,70,,297636,4,,,1,30,,297637,4,,,1,70,,297638,4,,,1,30,,297639,4,,,1,70,,297640,4,,,1,30,,297641,4,,,1,70,,297642,4,,,1,25,,297643,4,,,1,30,,297644,4,,,1,70,,297645,4,,,1,30,,297646,4,,,1,70,,297647,4,,,1,30,,297648,4,,,1,70,,297649,4,,,1,30,,297650,4,,,1,70,,297651,4,,,1,30,,297652,4,,,1,70,,297653,4,,,1,30,,297654,4,,,1,70,,297655,4,,,1,30,,297656,4,,,1,75,,297657,4,,,1,70,,297658,4,,,1,30,,297659,4,,,1,70,,297660,4,,,1,100,,297661,4,,,1,105,,297662,4,,,1
4700,'20260914',730,,297663,4,0,7 40 41,1,927,,297678,4,0,7 40 41,1,279,,297693,4,,,1,100,,297698,4,,,1,100,,297702,4,,,1,100,,297703,4,,,1,68,,297704,4,,,1
4700,'20260915',730,,297705,4,0,7 40 41,1,927,,297720,4,0,7 40 41,1,279,,297735,4,,,1,100,,297740,4,,,1,100,,297744,4,,,1,100,,297745,4,,,1,68,,297746,4,,,1
4700,'20260916',730,,297747,4,0,7 40 41,1,927,,297762,4,0,7 40 41,1,279,,297777,4,,,1,100,,297782,4,,,1,100,,297786,4,,,1,100,,297787,4,,,1,68,,297788,4,,,1
4700,'20260917',730,,297789,4,0,7 40 41,1,927,,297804,4,0,7 40 41,1,279,,297819,4,,,1,100,,297824,4,,,1,100,,297828,4,,,1,100,,297829,4,,,1,68,,297830,4,,,1
4700,'20260918',730,,297831,4,0,7 40 41,1,927,,297848,4,0,7 40 41,1,279,,297866,4,,,1,100,,297871,4,,,1,100,,297875,4,,,1,100,,297876,4,,,1,68,,297877,4,,,1
4700,'20260919',444,,297878,4,,,1,100,,297879,4,,,1,70,,297880,4,,,1,30,,297881,4,,,1,65,,297882,4,,,1,30,,297883,4,,,1,70,,297884,4,,,1,25,,297885,4,,,1,70,,297886,4,,,1,30,,297887,4,,,1,70,,297888,4,,,1,30,,297889,4,,,1,70,,297890,4,,,1,30,,297891,4,,,1,70,,297892,4,,,1,25,,297893,4,,,1,30,,297894,4,,,1,70,,297895,4,,,1,30,,297896,4,,,1,70,,297897,4,,,1,30,,297898,4,,,1,70,,297899,4,,,1,30,,297900,4,,,1,70,,297901,4,,,1,30,,297902,4,,,1,70,,297903,4,,,1,30,,297904,4,,,1,70,,297905,4,,,1,30,,297906,4,,,1,75,,297907,4,,,1,70,,297908,4,,,1,30,,297909,4,,,1,70,,297910,4,,,1,100,,297911,4,,,1,105,,297912,4,,,1
4700,'20260920',444,,297913,4,,,1,100,,297914,4,,,1,70,,297915,4,,,1,30,,297916,4,,,1,65,,297917,4,,,1,30,,297918,4,,,1,70,,297919,4,,,1,25,,297920,4,,,1,70,,297921,4,,,1,30,,297922,4,,,1,70,,297923,4,,,1,30,,297924,4,,,1,70,,297925,4,,,1,30,,297926,4,,,1,70,,297927,4,,,1,25,,297928,4,,,1,30,,297929,4,,,1,70,,297930,4,,,1,30,,297931,4,,,1,70,,297932,4,,,1,30,,297933,4,,,1,70,,297934,4,,,1,30,,297935,4,,,1,70,,297936,4,,,1,30,,297937,4,,,1,70,,297938,4,,,1,30,,297939,4,,,1,70,,297940,4,,,1,30,,297941,4,,,1,75,,297942,4,,,1,70,,297943,4,,,1,30,,297944,4,,,1,70,,297945,4,,,1,100,,297946,4,,,1,105,,297947,4,,,1
4700,'20260921',730,,297948,4,0,7 40 41,1,927,,297963,4,0,7 40 41,1,279,,297978,4,,,1,100,,297983,4,,,1,100,,297987,4,,,1,100,,297988,4,,,1,68,,297989,4,,,1
4700,'20260922',730,,297990,4,0,7 40 41,1,927,,298005,4,0,7 40 41,1,279,,298020,4,,,1,100,,298025,4,,,1,100,,298029,4,,,1,100,,298030,4,,,1,68,,298031,4,,,1
4700,'20260923',730,,298032,4,0,7 40 41,1,927,,298047,4,0,7 40 41,1,279,,298062,4,,,1,100,,298067,4,,,1,100,,298071,4,,,1,100,,298072,4,,,1,68,,298073,4,,,1
4700,'20260924',730,,298074,4,0,7 40 41,1,927,,298089,4,0,7 40 41,1,279,,298104,4,,,1,100,,298109,4,,,1,100,,298113,4,,,1,100,,298114,4,,,1,68,,298115,4,,,1
4700,'20260925',730,,298116,4,0,7 40 41,1,927,,298133,4,0,7 40 41,1,279,,298151,4,,,1,100,,298156,4,,,1,100,,298160,4,,,1,100,,298161,4,,,1,68,,298162,4,,,1
4700,'20260926',444,,298163,4,,,1,100,,298164,4,,,1,70,,298165,4,,,1,30,,298166,4,,,1,65,,298167,4,,,1,30,,298168,4,,,1,70,,298169,4,,,1,25,,298170,4,,,1,70,,298171,4,,,1,30,,298172,4,,,1,70,,298173,4,,,1,30,,298174,4,,,1,70,,298175,4,,,1,30,,298176,4,,,1,70,,298177,4,,,1,25,,298178,4,,,1,30,,298179,4,,,1,70,,298180,4,,,1,30,,298181,4,,,1,70,,298182,4,,,1,30,,298183,4,,,1,70,,298184,4,,,1,30,,298185,4,,,1,70,,298186,4,,,1,30,,298187,4,,,1,70,,298188,4,,,1,30,,298189,4,,,1,70,,298190,4,,,1,30,,298191,4,,,1,75,,298192,4,,,1,70,,298193,4,,,1,30,,298194,4,,,1,70,,298195,4,,,1,100,,298196,4,,,1,105,,298197,4,,,1
4700,'20260927',444,,298198,4,,,1,100,,298199,4,,,1,70,,298200,4,,,1,30,,298201,4,,,1,65,,298202,4,,,1,30,,298203,4,,,1,70,,298204,4,,,1,25,,298205,4,,,1,70,,298206,4,,,1,30,,298207,4,,,1,70,,298208,4,,,1,30,,298209,4,,,1,70,,298210,4,,,1,30,,298211,4,,,1,70,,298212,4,,,1,25,,298213,4,,,1,30,,298214,4,,,1,70,,298215,4,,,1,30,,298216,4,,,1,70,,298217,4,,,1,30,,298218,4,,,1,70,,298219,4,,,1,30,,298220,4,,,1,70,,298221,4,,,1,30,,298222,4,,,1,70,,298223,4,,,1,30,,298224,4,,,1,70,,298225,4,,,1,30,,298226,4,,,1,75,,298227,4,,,1,70,,298228,4,,,1,30,,298229,4,,,1,70,,298230,4,,,1,100,,298231,4,,,1,105,,298232,4,,,1
4700,'20260928',730,,298233,4,0,7 40 41,1,927,,298248,4,0,7 40 41,1,279,,298263,4,,,1,100,,298268,4,,,1,100,,298272,4,,,1,100,,298273,4,,,1,68,,298274,4,,,1
4700,'20260929',730,,298275,4,0,7 40 41,1,927,,298290,4,0,7 40 41,1,279,,298305,4,,,1,100,,298310,4,,,1,100,,298314,4,,,1,100,,298315,4,,,1,68,,298316,4,,,1
4700,'20260930',730,,298317,4,0,7 40 41,1,927,,298332,4,0,7 40 41,1,279,,298347,4,,,1,100,,298352,4,,,1,100,,298356,4,,,1,100,,298357,4,,,1,68,,298358,4,,,1
4700,'20261001',730,,298359,4,0,7 40 41,1,927,,298374,4,0,7 40 41,1,279,,298389,4,,,1,100,,298394,4,,,1,100,,298398,4,,,1,100,,298399,4,,,1,68,,298400,4,,,1
4700,'20261002',730,,298401,4,0,7 40 41,1,927,,298418,4,0,7 40 41,1,279,,298436,4,,,1,100,,298441,4,,,1,100,,298445,4,,,1,100,,298446,4,,,1,68,,298447,4,,,1
4700,'20261003',444,,298448,4,,,1,100,,298449,4,,,1,70,,298450,4,,,1,30,,298451,4,,,1,65,,298452,4,,,1,30,,298453,4,,,1,70,,298454,4,,,1,25,,298455,4,,,1,70,,298456,4,,,1,30,,298457,4,,,1,70,,298458,4,,,1,30,,298459,4,,,1,70,,298460,4,,,1,30,,298461,4,,,1,70,,298462,4,,,1,25,,298463,4,,,1,30,,298464,4,,,1,70,,298465,4,,,1,30,,298466,4,,,1,70,,298467,4,,,1,30,,298468,4,,,1,70,,298469,4,,,1,30,,298470,4,,,1,70,,298471,4,,,1,30,,298472,4,,,1,70,,298473,4,,,1,30,,298474,4,,,1,70,,298475,4,,,1,30,,298476,4,,,1,75,,298477,4,,,1,70,,298478,4,,,1,30,,298479,4,,,1,70,,298480,4,,,1,100,,298481,4,,,1,105,,298482,4,,,1
4700,'20261004',444,,298483,4,,,1,100,,298484,4,,,1,70,,298485,4,,,1,30,,298486,4,,,1,65,,298487,4,,,1,30,,298488,4,,,1,70,,298489,4,,,1,25,,298490,4,,,1,70,,298491,4,,,1,30,,298492,4,,,1,70,,298493,4,,,1,30,,298494,4,,,1,70,,298495,4,,,1,30,,298496,4,,,1,70,,298497,4,,,1,25,,298498,4,,,1,30,,298499,4,,,1,70,,298500,4,,,1,30,,298501,4,,,1,70,,298502,4,,,1,30,,298503,4,,,1,70,,298504,4,,,1,30,,298505,4,,,1,70,,298506,4,,,1,30,,298507,4,,,1,70,,298508,4,,,1,30,,298509,4,,,1,70,,298510,4,,,1,30,,298511,4,,,1,75,,298512,4,,,1,70,,298513,4,,,1,30,,298514,4,,,1,70,,298515,4,,,1,100,,298516,4,,,1,105,,298517,4,,,1
4700,'20261005',730,,298518,4,0,7 40 41,1,927,,298533,4,0,7 40 41,1,279,,298548,4,,,1,100,,298553,4,,,1,100,,298557,4,,,1,100,,298558,4,,,1,68,,298559,4,,,1
4700,'20261006',730,,298560,4,0,7 40 41,1,927,,298575,4,0,7 40 41,1,279,,298590,4,,,1,100,,298595,4,,,1,100,,298599,4,,,1,100,,298600,4,,,1,68,,298601,4,,,1
4700,'20261007',730,,298602,4,0,7 40 41,1,927,,298617,4,0,7 40 41,1,279,,298632,4,,,1,100,,298637,4,,,1,100,,298641,4,,,1,100,,298642,4,,,1,68,,298643,4,,,1
4700,'20261008',730,,298644,4,0,7 40 41,1,927,,298659,4,0,7 40 41,1,279,,298674,4,,,1,100,,298679,4,,,1,100,,298683,4,,,1,100,,298684,4,,,1,68,,298685,4,,,1
4700,'20261009',730,,298686,4,0,7 40 41,1,927,,298703,4,0,7 40 41,1,279,,298721,4,,,1,100,,298726,4,,,1,100,,298730,4,,,1,100,,298731,4,,,1,68,,298732,4,,,1
4700,'20261010',444,,298733,4,,,1,100,,298734,4,,,1,70,,298735,4,,,1,30,,298736,4,,,1,65,,298737,4,,,1,30,,298738,4,,,1,70,,298739,4,,,1,25,,298740,4,,,1,70,,298741,4,,,1,30,,298742,4,,,1,70,,298743,4,,,1,30,,298744,4,,,1,70,,298745,4,,,1,30,,298746,4,,,1,70,,298747,4,,,1,25,,298748,4,,,1,30,,298749,4,,,1,70,,298750,4,,,1,30,,298751,4,,,1,70,,298752,4,,,1,30,,298753,4,,,1,70,,298754,4,,,1,30,,298755,4,,,1,70,,298756,4,,,1,30,,298757,4,,,1,70,,298758,4,,,1,30,,298759,4,,,1,70,,298760,4,,,1,30,,298761,4,,,1,75,,298762,4,,,1,70,,298763,4,,,1,30,,298764,4,,,1,70,,298765,4,,,1,100,,298766,4,,,1,105,,298767,4,,,1
4700,'20261011',444,,298768,4,,,1,100,,298769,4,,,1,70,,298770,4,,,1,30,,298771,4,,,1,65,,298772,4,,,1,30,,298773,4,,,1,70,,298774,4,,,1,25,,298775,4,,,1,70,,298776,4,,,1,30,,298777,4,,,1,70,,298778,4,,,1,30,,298779,4,,,1,70,,298780,4,,,1,30,,298781,4,,,1,70,,298782,4,,,1,25,,298783,4,,,1,30,,298784,4,,,1,70,,298785,4,,,1,30,,298786,4,,,1,70,,298787,4,,,1,30,,298788,4,,,1,70,,298789,4,,,1,30,,298790,4,,,1,70,,298791,4,,,1,30,,298792,4,,,1,70,,298793,4,,,1,30,,298794,4,,,1,70,,298795,4,,,1,30,,298796,4,,,1,75,,298797,4,,,1,70,,298798,4,,,1,30,,298799,4,,,1,70,,298800,4,,,1,100,,298801,4,,,1,105,,298802,4,,,1
4700,'20261012',444,,298803,4,,,1,100,,298804,4,,,1,70,,298805,4,,,1,30,,298806,4,,,1,65,,298807,4,,,1,30,,298808,4,,,1,70,,298809,4,,,1,25,,298810,4,,,1,70,,298811,4,,,1,30,,298812,4,,,1,70,,298813,4,,,1,30,,298814,4,,,1,70,,298815,4,,,1,30,,298816,4,,,1,70,,298817,4,,,1,25,,298818,4,,,1,30,,298819,4,,,1,70,,298820,4,,,1,30,,298821,4,,,1,70,,298822,4,,,1,30,,298823,4,,,1,70,,298824,4,,,1,30,,298825,4,,,1,70,,298826,4,,,1,30,,298827,4,,,1,70,,298828,4,,,1,30,,298829,4,,,1,70,,298830,4,,,1,30,,298831,4,,,1,75,,298832,4,,,1,70,,298833,4,,,1,30,,298834,4,,,1,70,,298835,4,,,1,100,,298836,4,,,1,105,,298837,4,,,1
4700,'20261013',730,,298838,4,0,7 40 41,1,927,,298853,4,0,7 40 41,1,279,,298868,4,,,1,100,,298873,4,,,1,100,,298877,4,,,1,100,,298878,4,,,1,68,,298879,4,,,1
4700,'20261014',730,,298880,4,0,7 40 41,1,927,,298895,4,0,7 40 41,1,279,,298910,4,,,1,100,,298915,4,,,1,100,,298919,4,,,1,100,,298920,4,,,1,68,,298921,4,,,1
4700,'20261015',730,,298922,4,0,7 40 41,1,927,,298937,4,0,7 40 41,1,279,,298952,4,,,1,100,,298957,4,,,1,100,,298961,4,,,1,100,,298962,4,,,1,68,,298963,4,,,1
4700,'20261016',730,,298964,4,0,7 40 41,1,927,,298981,4,0,7 40 41,1,279,,298999,4,,,1,100,,299004,4,,,1,100,,299008,4,,,1,100,,299009,4,,,1,68,,299010,4,,,1
4700,'20261017',444,,299011,4,,,1,100,,299012,4,,,1,70,,299013,4,,,1,30,,299014,4,,,1,65,,299015,4,,,1,30,,299016,4,,,1,70,,299017,4,,,1,25,,299018,4,,,1,70,,299019,4,,,1,30,,299020,4,,,1,70,,299021,4,,,1,30,,299022,4,,,1,70,,299023,4,,,1,30,,299024,4,,,1,70,,299025,4,,,1,25,,299026,4,,,1,30,,299027,4,,,1,70,,299028,4,,,1,30,,299029,4,,,1,70,,299030,4,,,1,30,,299031,4,,,1,70,,299032,4,,,1,30,,299033,4,,,1,70,,299034,4,,,1,30,,299035,4,,,1,70,,299036,4,,,1,30,,299037,4,,,1,70,,299038,4,,,1,30,,299039,4,,,1,75,,299040,4,,,1,70,,299041,4,,,1,30,,299042,4,,,1,70,,299043,4,,,1,100,,299044,4,,,1,105,,299045,4,,,1
4700,'20261018',444,,299046,4,,,1,100,,299047,4,,,1,70,,299048,4,,,1,30,,299049,4,,,1,65,,299050,4,,,1,30,,299051,4,,,1,70,,299052,4,,,1,25,,299053,4,,,1,70,,299054,4,,,1,30,,299055,4,,,1,70,,299056,4,,,1,30,,299057,4,,,1,70,,299058,4,,,1,30,,299059,4,,,1,70,,299060,4,,,1,25,,299061,4,,,1,30,,299062,4,,,1,70,,299063,4,,,1,30,,299064,4,,,1,70,,299065,4,,,1,30,,299066,4,,,1,70,,299067,4,,,1,30,,299068,4,,,1,70,,299069,4,,,1,30,,299070,4,,,1,70,,299071,4,,,1,30,,299072,4,,,1,70,,299073,4,,,1,30,,299074,4,,,1,75,,299075,4,,,1,70,,299076,4,,,1,30,,299077,4,,,1,70,,299078,4,,,1,100,,299079,4,,,1,105,,299080,4,,,1
4700,'20261019',730,,299081,4,0,7 40 41,1,927,,299096,4,0,7 40 41,1,279,,299111,4,,,1,100,,299116,4,,,1,100,,299120,4,,,1,100,,299121,4,,,1,68,,299122,4,,,1
4700,'20261020',730,,299123,4,0,7 40 41,1,927,,299138,4,0,7 40 41,1,279,,299153,4,,,1,100,,299158,4,,,1,100,,299162,4,,,1,100,,299163,4,,,1,68,,299164,4,,,1
4700,'20261021',730,,299165,4,0,7 40 41,1,927,,299180,4,0,7 40 41,1,279,,299195,4,,,1,100,,299200,4,,,1,100,,299204,4,,,1,100,,299205,4,,,1,68,,299206,4,,,1
4700,'20261022',730,,299207,4,0,7 40 41,1,927,,299222,4,0,7 40 41,1,279,,299237,4,,,1,100,,299242,4,,,1,100,,299246,4,,,1,100,,299247,4,,,1,68,,299248,4,,,1
4700,'20261023',730,,299249,4,0,7 40 41,1,927,,299266,4,0,7 40 41,1,279,,299284,4,,,1,100,,299289,4,,,1,100,,299293,4,,,1,100,,299294,4,,,1,68,,299295,4,,,1
4700,'20261024',444,,299296,4,,,1,100,,299297,4,,,1,70,,299298,4,,,1,30,,299299,4,,,1,65,,299300,4,,,1,30,,299301,4,,,1,70,,299302,4,,,1,25,,299303,4,,,1,70,,299304,4,,,1,30,,299305,4,,,1,70,,299306,4,,,1,30,,299307,4,,,1,70,,299308,4,,,1,30,,299309,4,,,1,70,,299310,4,,,1,25,,299311,4,,,1,30,,299312,4,,,1,70,,299313,4,,,1,30,,299314,4,,,1,70,,299315,4,,,1,30,,299316,4,,,1,70,,299317,4,,,1,30,,299318,4,,,1,70,,299319,4,,,1,30,,299320,4,,,1,70,,299321,4,,,1,30,,299322,4,,,1,70,,299323,4,,,1,30,,299324,4,,,1,75,,299325,4,,,1,70,,299326,4,,,1,30,,299327,4,,,1,70,,299328,4,,,1,100,,299329,4,,,1,105,,299330,4,,,1
4700,'20261025',444,,299331,4,,,1,100,,299332,4,,,1,70,,299333,4,,,1,30,,299334,4,,,1,65,,299335,4,,,1,30,,299336,4,,,1,70,,299337,4,,,1,25,,299338,4,,,1,70,,299339,4,,,1,30,,299340,4,,,1,70,,299341,4,,,1,30,,299342,4,,,1,70,,299343,4,,,1,30,,299344,4,,,1,70,,299345,4,,,1,25,,299346,4,,,1,30,,299347,4,,,1,70,,299348,4,,,1,30,,299349,4,,,1,70,,299350,4,,,1,30,,299351,4,,,1,70,,299352,4,,,1,30,,299353,4,,,1,70,,299354,4,,,1,30,,299355,4,,,1,70,,299356,4,,,1,30,,299357,4,,,1,70,,299358,4,,,1,30,,299359,4,,,1,75,,299360,4,,,1,70,,299361,4,,,1,30,,299362,4,,,1,70,,299363,4,,,1,100,,299364,4,,,1,105,,299365,4,,,1
4700,'20261026',730,,299366,4,0,7 40 41,1,927,,299381,4,0,7 40 41,1,279,,299396,4,,,1,100,,299401,4,,,1,100,,299405,4,,,1,100,,299406,4,,,1,68,,299407,4,,,1
4700,'20261027',730,,299408,4,0,7 40 41,1,927,,299423,4,0,7 40 41,1,279,,299438,4,,,1,100,,299443,4,,,1,100,,299447,4,,,1,100,,299448,4,,,1,68,,299449,4,,,1
4700,'20261028',730,,299450,4,0,7 40 41,1,927,,299465,4,0,7 40 41,1,279,,299480,4,,,1,100,,299485,4,,,1,100,,299489,4,,,1,100,,299490,4,,,1,68,,299491,4,,,1
4700,'20261029',730,,299492,4,0,7 40 41,1,927,,299507,4,0,7 40 41,1,279,,299522,4,,,1,100,,299527,4,,,1,100,,299531,4,,,1,100,,299532,4,,,1,68,,299533,4,,,1
4700,'20261030',730,,299534,4,0,7 40 41,1,927,,299551,4,0,7 40 41,1,279,,299569,4,,,1,100,,299574,4,,,1,100,,299578,4,,,1,100,,299579,4,,,1,68,,299580,4,,,1
4700,'20261031',444,,299581,4,,,1,100,,299582,4,,,1,70,,299583,4,,,1,30,,299584,4,,,1,65,,299585,4,,,1,30,,299586,4,,,1,70,,299587,4,,,1,25,,299588,4,,,1,70,,299589,4,,,1,30,,299590,4,,,1,70,,299591,4,,,1,30,,299592,4,,,1,70,,299593,4,,,1,30,,299594,4,,,1,70,,299595,4,,,1,25,,299596,4,,,1,30,,299597,4,,,1,70,,299598,4,,,1,30,,299599,4,,,1,70,,299600,4,,,1,30,,299601,4,,,1,70,,299602,4,,,1,30,,299603,4,,,1,70,,299604,4,,,1,30,,299605,4,,,1,70,,299606,4,,,1,30,,299607,4,,,1,70,,299608,4,,,1,30,,299609,4,,,1,75,,299610,4,,,1,70,,299611,4,,,1,30,,299612,4,,,1,70,,299613,4,,,1,100,,299614,4,,,1,105,,299615,4,,,1
4700,'20261101',444,,299616,4,,,1,100,,299617,4,,,1,70,,299618,4,,,1,30,,299619,4,,,1,65,,299620,4,,,1,30,,299621,4,,,1,70,,299622,4,,,1,25,,299623,4,,,1,70,,299624,4,,,1,30,,299625,4,,,1,70,,299626,4,,,1,30,,299627,4,,,1,70,,299628,4,,,1,30,,299629,4,,,1,70,,299630,4,,,1,25,,299631,4,,,1,30,,299632,4,,,1,70,,299633,4,,,1,30,,299634,4,,,1,70,,299635,4,,,1,30,,299636,4,,,1,70,,299637,4,,,1,30,,299638,4,,,1,70,,299639,4,,,1,30,,299640,4,,,1,70,,299641,4,,,1,30,,299642,4,,,1,70,,299643,4,,,1,30,,299644,4,,,1,75,,299645,4,,,1,70,,299646,4,,,1,30,,299647,4,,,1,70,,299648,4,,,1,100,,299649,4,,,1,105,,299650,4,,,1
4700,'20261102',730,,299651,4,0,7 40 41,1,927,,299666,4,0,7 40 41,1,279,,299681,4,,,1,100,,299686,4,,,1,100,,299690,4,,,1,100,,299691,4,,,1,68,,299692,4,,,1
4700,'20261103',730,,299693,4,0,7 40 41,1,927,,299708,4,0,7 40 41,1,279,,299723,4,,,1,100,,299728,4,,,1,100,,299732,4,,,1,100,,299733,4,,,1,68,,299734,4,,,1
4700,'20261104',730,,299735,4,0,7 40 41,1,927,,299750,4,0,7 40 41,1,279,,299765,4,,,1,100,,299770,4,,,1,100,,299774,4,,,1,100,,299775,4,,,1,68,,299776,4,,,1
4700,'20261105',730,,299777,4,0,7 40 41,1,927,,299792,4,0,7 40 41,1,279,,299807,4,,,1,100,,299812,4,,,1,100,,299816,4,,,1,100,,299817,4,,,1,68,,299818,4,,,1
4700,'20261106',730,,299819,4,0,7 40 41,1,927,,299836,4,0,7 40 41,1,279,,299854,4,,,1,100,,299859,4,,,1,100,,299863,4,,,1,100,,299864,4,,,1,68,,299865,4,,,1
4700,'20261107',444,,299866,4,,,1,100,,299867,4,,,1,70,,299868,4,,,1,30,,299869,4,,,1,65,,299870,4,,,1,30,,299871,4,,,1,70,,299872,4,,,1,25,,299873,4,,,1,70,,299874,4,,,1,30,,299875,4,,,1,70,,299876,4,,,1,30,,299877,4,,,1,70,,299878,4,,,1,30,,299879,4,,,1,70,,299880,4,,,1,25,,299881,4,,,1,30,,299882,4,,,1,70,,299883,4,,,1,30,,299884,4,,,1,70,,299885,4,,,1,30,,299886,4,,,1,70,,299887,4,,,1,30,,299888,4,,,1,70,,299889,4,,,1,30,,299890,4,,,1,70,,299891,4,,,1,30,,299892,4,,,1,70,,299893,4,,,1,30,,299894,4,,,1,75,,299895,4,,,1,70,,299896,4,,,1,30,,299897,4,,,1,70,,299898,4,,,1,100,,299899,4,,,1,105,,299900,4,,,1
4700,'20261108',444,,299901,4,,,1,100,,299902,4,,,1,70,,299903,4,,,1,30,,299904,4,,,1,65,,299905,4,,,1,30,,299906,4,,,1,70,,299907,4,,,1,25,,299908,4,,,1,70,,299909,4,,,1,30,,299910,4,,,1,70,,299911,4,,,1,30,,299912,4,,,1,70,,299913,4,,,1,30,,299914,4,,,1,70,,299915,4,,,1,25,,299916,4,,,1,30,,299917,4,,,1,70,,299918,4,,,1,30,,299919,4,,,1,70,,299920,4,,,1,30,,299921,4,,,1,70,,299922,4,,,1,30,,299923,4,,,1,70,,299924,4,,,1,30,,299925,4,,,1,70,,299926,4,,,1,30,,299927,4,,,1,70,,299928,4,,,1,30,,299929,4,,,1,75,,299930,4,,,1,70,,299931,4,,,1,30,,299932,4,,,1,70,,299933,4,,,1,100,,299934,4,,,1,105,,299935,4,,,1
4700,'20261109',730,,299936,4,0,7 40 41,1,927,,299951,4,0,7 40 41,1,279,,299966,4,,,1,100,,299971,4,,,1,100,,299975,4,,,1,100,,299976,4,,,1,68,,299977,4,,,1
4700,'20261110',730,,299978,4,0,7 40 41,1,927,,299993,4,0,7 40 41,1,279,,300008,4,,,1,100,,300013,4,,,1,100,,300017,4,,,1,100,,300018,4,,,1,68,,300019,4,,,1
4700,'20261111',730,,300020,4,0,7 40 41,1,927,,300035,4,0,7 40 41,1,279,,300050,4,,,1,100,,300055,4,,,1,100,,300059,4,,,1,100,,300060,4,,,1,68,,300061,4,,,1
4700,'20261112',730,,300062,4,0,7 40 41,1,927,,300077,4,0,7 40 41,1,279,,300092,4,,,1,100,,300097,4,,,1,100,,300101,4,,,1,100,,300102,4,,,1,68,,300103,4,,,1
4700,'20261113',730,,300104,4,0,7 40 41,1,927,,300121,4,0,7 40 41,1,279,,300139,4,,,1,100,,300144,4,,,1,100,,300148,4,,,1,100,,300149,4,,,1,68,,300150,4,,,1
4700,'20261114',444,,300151,4,,,1,100,,300152,4,,,1,70,,300153,4,,,1,30,,300154,4,,,1,65,,300155,4,,,1,30,,300156,4,,,1,70,,300157,4,,,1,25,,300158,4,,,1,70,,300159,4,,,1,30,,300160,4,,,1,70,,300161,4,,,1,30,,300162,4,,,1,70,,300163,4,,,1,30,,300164,4,,,1,70,,300165,4,,,1,25,,300166,4,,,1,30,,300167,4,,,1,70,,300168,4,,,1,30,,300169,4,,,1,70,,300170,4,,,1,30,,300171,4,,,1,70,,300172,4,,,1,30,,300173,4,,,1,70,,300174,4,,,1,30,,300175,4,,,1,70,,300176,4,,,1,30,,300177,4,,,1,70,,300178,4,,,1,30,,300179,4,,,1,75,,300180,4,,,1,70,,300181,4,,,1,30,,300182,4,,,1,70,,300183,4,,,1,100,,300184,4,,,1,105,,300185,4,,,1
4700,'20261115',444,,300186,4,,,1,100,,300187,4,,,1,70,,300188,4,,,1,30,,300189,4,,,1,65,,300190,4,,,1,30,,300191,4,,,1,70,,300192,4,,,1,25,,300193,4,,,1,70,,300194,4,,,1,30,,300195,4,,,1,70,,300196,4,,,1,30,,300197,4,,,1,70,,300198,4,,,1,30,,300199,4,,,1,70,,300200,4,,,1,25,,300201,4,,,1,30,,300202,4,,,1,70,,300203,4,,,1,30,,300204,4,,,1,70,,300205,4,,,1,30,,300206,4,,,1,70,,300207,4,,,1,30,,300208,4,,,1,70,,300209,4,,,1,30,,300210,4,,,1,70,,300211,4,,,1,30,,300212,4,,,1,70,,300213,4,,,1,30,,300214,4,,,1,75,,300215,4,,,1,70,,300216,4,,,1,30,,300217,4,,,1,70,,300218,4,,,1,100,,300219,4,,,1,105,,300220,4,,,1
4700,'20261116',730,,300221,4,0,7 40 41,1,927,,300236,4,0,7 40 41,1,279,,300251,4,,,1,100,,300256,4,,,1,100,,300260,4,,,1,100,,300261,4,,,1,68,,300262,4,,,1
4700,'20261117',730,,300263,4,0,7 40 41,1,927,,300278,4,0,7 40 41,1,279,,300293,4,,,1,100,,300298,4,,,1,100,,300302,4,,,1,100,,300303,4,,,1,68,,300304,4,,,1
4700,'20261118',730,,300305,4,0,7 40 41,1,927,,300320,4,0,7 40 41,1,279,,300335,4,,,1,100,,300340,4,,,1,100,,300344,4,,,1,100,,300345,4,,,1,68,,300346,4,,,1
4700,'20261119',730,,300347,4,0,7 40 41,1,927,,300362,4,0,7 40 41,1,279,,300377,4,,,1,100,,300382,4,,,1,100,,300386,4,,,1,100,,300387,4,,,1,68,,300388,4,,,1
4700,'20261120',730,,300389,4,0,7 40 41,1,927,,300406,4,0,7 40 41,1,279,,300424,4,,,1,100,,300429,4,,,1,100,,300433,4,,,1,100,,300434,4,,,1,68,,300435,4,,,1
4700,'20261121',444,,300436,4,,,1,100,,300437,4,,,1,70,,300438,4,,,1,30,,300439,4,,,1,65,,300440,4,,,1,30,,300441,4,,,1,70,,300442,4,,,1,25,,300443,4,,,1,70,,300444,4,,,1,30,,300445,4,,,1,70,,300446,4,,,1,30,,300447,4,,,1,70,,300448,4,,,1,30,,300449,4,,,1,70,,300450,4,,,1,25,,300451,4,,,1,30,,300452,4,,,1,70,,300453,4,,,1,30,,300454,4,,,1,70,,300455,4,,,1,30,,300456,4,,,1,70,,300457,4,,,1,30,,300458,4,,,1,70,,300459,4,,,1,30,,300460,4,,,1,70,,300461,4,,,1,30,,300462,4,,,1,70,,300463,4,,,1,30,,300464,4,,,1,75,,300465,4,,,1,70,,300466,4,,,1,30,,300467,4,,,1,70,,300468,4,,,1,100,,300469,4,,,1,105,,300470,4,,,1
4700,'20261122',444,,300471,4,,,1,100,,300472,4,,,1,70,,300473,4,,,1,30,,300474,4,,,1,65,,300475,4,,,1,30,,300476,4,,,1,70,,300477,4,,,1,25,,300478,4,,,1,70,,300479,4,,,1,30,,300480,4,,,1,70,,300481,4,,,1,30,,300482,4,,,1,70,,300483,4,,,1,30,,300484,4,,,1,70,,300485,4,,,1,25,,300486,4,,,1,30,,300487,4,,,1,70,,300488,4,,,1,30,,300489,4,,,1,70,,300490,4,,,1,30,,300491,4,,,1,70,,300492,4,,,1,30,,300493,4,,,1,70,,300494,4,,,1,30,,300495,4,,,1,70,,300496,4,,,1,30,,300497,4,,,1,70,,300498,4,,,1,30,,300499,4,,,1,75,,300500,4,,,1,70,,300501,4,,,1,30,,300502,4,,,1,70,,300503,4,,,1,100,,300504,4,,,1,105,,300505,4,,,1
4700,'20261123',730,,300506,4,0,7 40 41,1,927,,300521,4,0,7 40 41,1,279,,300536,4,,,1,100,,300541,4,,,1,100,,300545,4,,,1,100,,300546,4,,,1,68,,300547,4,,,1
4700,'20261124',730,,300548,4,0,7 40 41,1,927,,300563,4,0,7 40 41,1,279,,300578,4,,,1,100,,300583,4,,,1,100,,300587,4,,,1,100,,300588,4,,,1,68,,300589,4,,,1
4700,'20261125',730,,300590,4,0,7 40 41,1,927,,300605,4,0,7 40 41,1,279,,300620,4,,,1,100,,300625,4,,,1,100,,300629,4,,,1,100,,300630,4,,,1,68,,300631,4,,,1
4700,'20261126',730,,300632,4,0,7 40 41,1,927,,300647,4,0,7 40 41,1,279,,300662,4,,,1,100,,300667,4,,,1,100,,300671,4,,,1,100,,300672,4,,,1,68,,300673,4,,,1
4700,'20261127',730,,300674,4,0,7 40 41,1,927,,300691,4,0,7 40 41,1,279,,300709,4,,,1,100,,300714,4,,,1,100,,300718,4,,,1,100,,300719,4,,,1,68,,300720,4,,,1
