1901,'20260917',617,,238215,9,,,1,15,,238216,9,,,1,15,,238217,9,,,1,55,,238218,9,,,1,10,,238219,9,,,1,10,,238220,9,,,1,10,,238221,9,,,1,10,,238222,9,,,1,15,,238223,9,,,1,55,,238224,9,,,1,20,,238225,9,,,1,70,,238226,9,,,1,30,,238227,9,,,1,70,,238228,9,,,1,30,,238229,9,,,1,25,,238230,9,,,1,100,,238231,9,,,1,100,,238232,9,,,1,100,,238233,9,,,1,100,,238234,9,,,1,70,,238235,9,,,1,20,,238236,9,,,1,60,,238237,9,,,1,15,,238238,9,,,1,15,,238239,9,,,1,15,,238240,9,,,1,55,,238241,9,,,1,20,,238242,9,,,1,25,,238243,9,,,1,60,,238244,9,,,1,20,,238245,9,,,1,25,,238246,9,,,1,100,,238247,9,,,1,100,,238248,9,,,1,100,,238249,9,,,1,198,,238250,9,,,1
1901,'20260918',617,,238251,9,,,1,15,,238252,9,,,1,15,,238253,9,,,1,55,,238254,9,,,1,10,,238255,9,,,1,10,,238256,9,,,1,10,,238257,9,,,1,10,,238258,9,,,1,15,,238259,9,,,1,55,,238260,9,,,1,20,,238261,9,,,1,70,,238262,9,,,1,30,,238263,9,,,1,70,,238264,9,,,1,30,,238265,9,,,1,25,,238266,9,,,1,100,,238267,9,,,1,100,,238268,9,,,1,100,,238269,9,,,1,100,,238270,9,,,1,70,,238271,9,,,1,20,,238272,9,,,1,60,,238273,9,,,1,15,,238274,9,,,1,15,,238275,9,,,1,15,,238276,9,,,1,55,,238277,9,,,1,20,,238278,9,,,1,25,,238279,9,,,1,60,,238280,9,,,1,20,,238281,9,,,1,25,,238282,9,,,1,100,,238283,9,,,1,100,,238284,9,,,1,100,,238285,9,,,1,198,,238286,9,,,1
1901,'20260919',655,,238287,9,,,1,102,,238288,9,,,1,100,,238289,9,,,1,100,,238290,9,,,1,100,,238291,9,,,1,102,,238292,9,,,1,100,,238293,9,,,1,70,,238294,9,,,1,30,,238295,9,,,1,70,,238296,9,,,1,30,,238297,9,,,1,70,,238298,9,,,1,30,,238299,9,,,1,68,,238300,9,,,1,30,,238301,9,,,1,70,,238302,9,,,1,30,,238303,9,,,1,100,,238304,9,,,1,100,,238305,9,,,1,98,,238306,9,,,1,100,,238307,9,,,1,200,,238308,9,,,1
1901,'20260920',655,,238309,9,,,1,102,,238310,9,,,1,100,,238311,9,,,1,100,,238312,9,,,1,100,,238313,9,,,1,102,,238314,9,,,1,100,,238315,9,,,1,70,,238316,9,,,1,30,,238317,9,,,1,70,,238318,9,,,1,30,,238319,9,,,1,70,,238320,9,,,1,30,,238321,9,,,1,68,,238322,9,,,1,30,,238323,9,,,1,70,,238324,9,,,1,30,,238325,9,,,1,100,,238326,9,,,1,100,,238327,9,,,1,98,,238328,9,,,1,100,,238329,9,,,1,200,,238330,9,,,1
1901,'20260921',617,,238331,9,,,1,15,,238332,9,,,1,15,,238333,9,,,1,55,,238334,9,,,1,10,,238335,9,,,1,10,,238336,9,,,1,10,,238337,9,,,1,10,,238338,9,,,1,15,,238339,9,,,1,55,,238340,9,,,1,20,,238341,9,,,1,70,,238342,9,,,1,30,,238343,9,,,1,70,,238344,9,,,1,30,,238345,9,,,1,25,,238346,9,,,1,100,,238347,9,,,1,100,,238348,9,,,1,100,,238349,9,,,1,100,,238350,9,,,1,70,,238351,9,,,1,20,,238352,9,,,1,60,,238353,9,,,1,15,,238354,9,,,1,15,,238355,9,,,1,15,,238356,9,,,1,55,,238357,9,,,1,20,,238358,9,,,1,25,,238359,9,,,1,60,,238360,9,,,1,20,,238361,9,,,1,25,,238362,9,,,1,100,,238363,9,,,1,100,,238364,9,,,1,100,,238365,9,,,1,198,,238366,9,,,1
1901,'20260922',617,,238367,9,,,1,15,,238368,9,,,1,15,,238369,9,,,1,55,,238370,9,,,1,10,,238371,9,,,1,10,,238372,9,,,1,10,,238373,9,,,1,10,,238374,9,,,1,15,,238375,9,,,1,55,,238376,9,,,1,20,,238377,9,,,1,70,,238378,9,,,1,30,,238379,9,,,1,70,,238380,9,,,1,30,,238381,9,,,1,25,,238382,9,,,1,100,,238383,9,,,1,100,,238384,9,,,1,100,,238385,9,,,1,100,,238386,9,,,1,70,,238387,9,,,1,20,,238388,9,,,1,60,,238389,9,,,1,15,,238390,9,,,1,15,,238391,9,,,1,15,,238392,9,,,1,55,,238393,9,,,1,20,,238394,9,,,1,25,,238395,9,,,1,60,,238396,9,,,1,20,,238397,9,,,1,25,,238398,9,,,1,100,,238399,9,,,1,100,,238400,9,,,1,100,,238401,9,,,1,198,,238402,9,,,1
1901,'20260923',617,,238403,9,,,1,15,,238404,9,,,1,15,,238405,9,,,1,55,,238406,9,,,1,10,,238407,9,,,1,10,,238408,9,,,1,10,,238409,9,,,1,10,,238410,9,,,1,15,,238411,9,,,1,55,,238412,9,,,1,20,,238413,9,,,1,70,,238414,9,,,1,30,,238415,9,,,1,70,,238416,9,,,1,30,,238417,9,,,1,25,,238418,9,,,1,100,,238419,9,,,1,100,,238420,9,,,1,100,,238421,9,,,1,100,,238422,9,,,1,70,,238423,9,,,1,20,,238424,9,,,1,60,,238425,9,,,1,15,,238426,9,,,1,15,,238427,9,,,1,15,,238428,9,,,1,55,,238429,9,,,1,20,,238430,9,,,1,25,,238431,9,,,1,60,,238432,9,,,1,20,,238433,9,,,1,25,,238434,9,,,1,100,,238435,9,,,1,100,,238436,9,,,1,100,,238437,9,,,1,198,,238438,9,,,1
1901,'20260924',617,,238439,9,,,1,15,,238440,9,,,1,15,,238441,9,,,1,55,,238442,9,,,1,10,,238443,9,,,1,10,,238444,9,,,1,10,,238445,9,,,1,10,,238446,9,,,1,15,,238447,9,,,1,55,,238448,9,,,1,20,,238449,9,,,1,70,,238450,9,,,1,30,,238451,9,,,1,70,,238452,9,,,1,30,,238453,9,,,1,25,,238454,9,,,1,100,,238455,9,,,1,100,,238456,9,,,1,100,,238457,9,,,1,100,,238458,9,,,1,70,,238459,9,,,1,20,,238460,9,,,1,60,,238461,9,,,1,15,,238462,9,,,1,15,,238463,9,,,1,15,,238464,9,,,1,55,,238465,9,,,1,20,,238466,9,,,1,25,,238467,9,,,1,60,,238468,9,,,1,20,,238469,9,,,1,25,,238470,9,,,1,100,,238471,9,,,1,100,,238472,9,,,1,100,,238473,9,,,1,198,,238474,9,,,1
1901,'20260925',617,,238475,9,,,1,15,,238476,9,,,1,15,,238477,9,,,1,55,,238478,9,,,1,10,,238479,9,,,1,10,,238480,9,,,1,10,,238481,9,,,1,10,,238482,9,,,1,15,,238483,9,,,1,55,,238484,9,,,1,20,,238485,9,,,1,70,,238486,9,,,1,30,,238487,9,,,1,70,,238488,9,,,1,30,,238489,9,,,1,25,,238490,9,,,1,100,,238491,9,,,1,100,,238492,9,,,1,100,,238493,9,,,1,100,,238494,9,,,1,70,,238495,9,,,1,20,,238496,9,,,1,60,,238497,9,,,1,15,,238498,9,,,1,15,,238499,9,,,1,15,,238500,9,,,1,55,,238501,9,,,1,20,,238502,9,,,1,25,,238503,9,,,1,60,,238504,9,,,1,20,,238505,9,,,1,25,,238506,9,,,1,100,,238507,9,,,1,100,,238508,9,,,1,100,,238509,9,,,1,198,,238510,9,,,1
1901,'20260926',655,,238511,9,,,1,102,,238512,9,,,1,100,,238513,9,,,1,100,,238514,9,,,1,100,,238515,9,,,1,102,,238516,9,,,1,100,,238517,9,,,1,70,,238518,9,,,1,30,,238519,9,,,1,70,,238520,9,,,1,30,,238521,9,,,1,70,,238522,9,,,1,30,,238523,9,,,1,68,,238524,9,,,1,30,,238525,9,,,1,70,,238526,9,,,1,30,,238527,9,,,1,100,,238528,9,,,1,100,,238529,9,,,1,98,,238530,9,,,1,100,,238531,9,,,1,200,,238532,9,,,1
1901,'20260927',655,,238533,9,,,1,102,,238534,9,,,1,100,,238535,9,,,1,100,,238536,9,,,1,100,,238537,9,,,1,102,,238538,9,,,1,100,,238539,9,,,1,70,,238540,9,,,1,30,,238541,9,,,1,70,,238542,9,,,1,30,,238543,9,,,1,70,,238544,9,,,1,30,,238545,9,,,1,68,,238546,9,,,1,30,,238547,9,,,1,70,,238548,9,,,1,30,,238549,9,,,1,100,,238550,9,,,1,100,,238551,9,,,1,98,,238552,9,,,1,100,,238553,9,,,1,200,,238554,9,,,1
1901,'20260928',617,,238555,9,,,1,15,,238556,9,,,1,15,,238557,9,,,1,55,,238558,9,,,1,10,,238559,9,,,1,10,,238560,9,,,1,10,,238561,9,,,1,10,,238562,9,,,1,15,,238563,9,,,1,55,,238564,9,,,1,20,,238565,9,,,1,70,,238566,9,,,1,30,,238567,9,,,1,70,,238568,9,,,1,30,,238569,9,,,1,25,,238570,9,,,1,100,,238571,9,,,1,100,,238572,9,,,1,100,,238573,9,,,1,100,,238574,9,,,1,70,,238575,9,,,1,20,,238576,9,,,1,60,,238577,9,,,1,15,,238578,9,,,1,15,,238579,9,,,1,15,,238580,9,,,1,55,,238581,9,,,1,20,,238582,9,,,1,25,,238583,9,,,1,60,,238584,9,,,1,20,,238585,9,,,1,25,,238586,9,,,1,100,,238587,9,,,1,100,,238588,9,,,1,100,,238589,9,,,1,198,,238590,9,,,1
1901,'20260929',617,,238591,9,,,1,15,,238592,9,,,1,15,,238593,9,,,1,55,,238594,9,,,1,10,,238595,9,,,1,10,,238596,9,,,1,10,,238597,9,,,1,10,,238598,9,,,1,15,,238599,9,,,1,55,,238600,9,,,1,20,,238601,9,,,1,70,,238602,9,,,1,30,,238603,9,,,1,70,,238604,9,,,1,30,,238605,9,,,1,25,,238606,9,,,1,100,,238607,9,,,1,100,,238608,9,,,1,100,,238609,9,,,1,100,,238610,9,,,1,70,,238611,9,,,1,20,,238612,9,,,1,60,,238613,9,,,1,15,,238614,9,,,1,15,,238615,9,,,1,15,,238616,9,,,1,55,,238617,9,,,1,20,,238618,9,,,1,25,,238619,9,,,1,60,,238620,9,,,1,20,,238621,9,,,1,25,,238622,9,,,1,100,,238623,9,,,1,100,,238624,9,,,1,100,,238625,9,,,1,198,,238626,9,,,1
1901,'20260930',617,,238627,9,,,1,15,,238628,9,,,1,15,,238629,9,,,1,55,,238630,9,,,1,10,,238631,9,,,1,10,,238632,9,,,1,10,,238633,9,,,1,10,,238634,9,,,1,15,,238635,9,,,1,55,,238636,9,,,1,20,,238637,9,,,1,70,,238638,9,,,1,30,,238639,9,,,1,70,,238640,9,,,1,30,,238641,9,,,1,25,,238642,9,,,1,100,,238643,9,,,1,100,,238644,9,,,1,100,,238645,9,,,1,100,,238646,9,,,1,70,,238647,9,,,1,20,,238648,9,,,1,60,,238649,9,,,1,15,,238650,9,,,1,15,,238651,9,,,1,15,,238652,9,,,1,55,,238653,9,,,1,20,,238654,9,,,1,25,,238655,9,,,1,60,,238656,9,,,1,20,,238657,9,,,1,25,,238658,9,,,1,100,,238659,9,,,1,100,,238660,9,,,1,100,,238661,9,,,1,198,,238662,9,,,1
1901,'20261001',617,,238663,9,,,1,15,,238664,9,,,1,15,,238665,9,,,1,55,,238666,9,,,1,10,,238667,9,,,1,10,,238668,9,,,1,10,,238669,9,,,1,10,,238670,9,,,1,15,,238671,9,,,1,55,,238672,9,,,1,20,,238673,9,,,1,70,,238674,9,,,1,30,,238675,9,,,1,70,,238676,9,,,1,30,,238677,9,,,1,25,,238678,9,,,1,100,,238679,9,,,1,100,,238680,9,,,1,100,,238681,9,,,1,100,,238682,9,,,1,70,,238683,9,,,1,20,,238684,9,,,1,60,,238685,9,,,1,15,,238686,9,,,1,15,,238687,9,,,1,15,,238688,9,,,1,55,,238689,9,,,1,20,,238690,9,,,1,25,,238691,9,,,1,60,,238692,9,,,1,20,,238693,9,,,1,25,,238694,9,,,1,100,,238695,9,,,1,100,,238696,9,,,1,100,,238697,9,,,1,198,,238698,9,,,1
1901,'20261002',617,,238699,9,,,1,15,,238700,9,,,1,15,,238701,9,,,1,55,,238702,9,,,1,10,,238703,9,,,1,10,,238704,9,,,1,10,,238705,9,,,1,10,,238706,9,,,1,15,,238707,9,,,1,55,,238708,9,,,1,20,,238709,9,,,1,70,,238710,9,,,1,30,,238711,9,,,1,70,,238712,9,,,1,30,,238713,9,,,1,25,,238714,9,,,1,100,,238715,9,,,1,100,,238716,9,,,1,100,,238717,9,,,1,100,,238718,9,,,1,70,,238719,9,,,1,20,,238720,9,,,1,60,,238721,9,,,1,15,,238722,9,,,1,15,,238723,9,,,1,15,,238724,9,,,1,55,,238725,9,,,1,20,,238726,9,,,1,25,,238727,9,,,1,60,,238728,9,,,1,20,,238729,9,,,1,25,,238730,9,,,1,100,,238731,9,,,1,100,,238732,9,,,1,100,,238733,9,,,1,198,,238734,9,,,1
1901,'20261003',655,,238735,9,,,1,102,,238736,9,,,1,100,,238737,9,,,1,100,,238738,9,,,1,100,,238739,9,,,1,102,,238740,9,,,1,100,,238741,9,,,1,70,,238742,9,,,1,30,,238743,9,,,1,70,,238744,9,,,1,30,,238745,9,,,1,70,,238746,9,,,1,30,,238747,9,,,1,68,,238748,9,,,1,30,,238749,9,,,1,70,,238750,9,,,1,30,,238751,9,,,1,100,,238752,9,,,1,100,,238753,9,,,1,98,,238754,9,,,1,100,,238755,9,,,1,200,,238756,9,,,1
1901,'20261004',655,,238757,9,,,1,102,,238758,9,,,1,100,,238759,9,,,1,100,,238760,9,,,1,100,,238761,9,,,1,102,,238762,9,,,1,100,,238763,9,,,1,70,,238764,9,,,1,30,,238765,9,,,1,70,,238766,9,,,1,30,,238767,9,,,1,70,,238768,9,,,1,30,,238769,9,,,1,68,,238770,9,,,1,30,,238771,9,,,1,70,,238772,9,,,1,30,,238773,9,,,1,100,,238774,9,,,1,100,,238775,9,,,1,98,,238776,9,,,1,100,,238777,9,,,1,200,,238778,9,,,1
1901,'20261005',617,,238779,9,,,1,15,,238780,9,,,1,15,,238781,9,,,1,55,,238782,9,,,1,10,,238783,9,,,1,10,,238784,9,,,1,10,,238785,9,,,1,10,,238786,9,,,1,15,,238787,9,,,1,55,,238788,9,,,1,20,,238789,9,,,1,70,,238790,9,,,1,30,,238791,9,,,1,70,,238792,9,,,1,30,,238793,9,,,1,25,,238794,9,,,1,100,,238795,9,,,1,100,,238796,9,,,1,100,,238797,9,,,1,100,,238798,9,,,1,70,,238799,9,,,1,20,,238800,9,,,1,60,,238801,9,,,1,15,,238802,9,,,1,15,,238803,9,,,1,15,,238804,9,,,1,55,,238805,9,,,1,20,,238806,9,,,1,25,,238807,9,,,1,60,,238808,9,,,1,20,,238809,9,,,1,25,,238810,9,,,1,100,,238811,9,,,1,100,,238812,9,,,1,100,,238813,9,,,1,198,,238814,9,,,1
1901,'20261006',617,,238815,9,,,1,15,,238816,9,,,1,15,,238817,9,,,1,55,,238818,9,,,1,10,,238819,9,,,1,10,,238820,9,,,1,10,,238821,9,,,1,10,,238822,9,,,1,15,,238823,9,,,1,55,,238824,9,,,1,20,,238825,9,,,1,70,,238826,9,,,1,30,,238827,9,,,1,70,,238828,9,,,1,30,,238829,9,,,1,25,,238830,9,,,1,100,,238831,9,,,1,100,,238832,9,,,1,100,,238833,9,,,1,100,,238834,9,,,1,70,,238835,9,,,1,20,,238836,9,,,1,60,,238837,9,,,1,15,,238838,9,,,1,15,,238839,9,,,1,15,,238840,9,,,1,55,,238841,9,,,1,20,,238842,9,,,1,25,,238843,9,,,1,60,,238844,9,,,1,20,,238845,9,,,1,25,,238846,9,,,1,100,,238847,9,,,1,100,,238848,9,,,1,100,,238849,9,,,1,198,,238850,9,,,1
1901,'20261007',617,,238851,9,,,1,15,,238852,9,,,1,15,,238853,9,,,1,55,,238854,9,,,1,10,,238855,9,,,1,10,,238856,9,,,1,10,,238857,9,,,1,10,,238858,9,,,1,15,,238859,9,,,1,55,,238860,9,,,1,20,,238861,9,,,1,70,,238862,9,,,1,30,,238863,9,,,1,70,,238864,9,,,1,30,,238865,9,,,1,25,,238866,9,,,1,100,,238867,9,,,1,100,,238868,9,,,1,100,,238869,9,,,1,100,,238870,9,,,1,70,,238871,9,,,1,20,,238872,9,,,1,60,,238873,9,,,1,15,,238874,9,,,1,15,,238875,9,,,1,15,,238876,9,,,1,55,,238877,9,,,1,20,,238878,9,,,1,25,,238879,9,,,1,60,,238880,9,,,1,20,,238881,9,,,1,25,,238882,9,,,1,100,,238883,9,,,1,100,,238884,9,,,1,100,,238885,9,,,1,198,,238886,9,,,1
1901,'20261008',617,,238887,9,,,1,15,,238888,9,,,1,15,,238889,9,,,1,55,,238890,9,,,1,10,,238891,9,,,1,10,,238892,9,,,1,10,,238893,9,,,1,10,,238894,9,,,1,15,,238895,9,,,1,55,,238896,9,,,1,20,,238897,9,,,1,70,,238898,9,,,1,30,,238899,9,,,1,70,,238900,9,,,1,30,,238901,9,,,1,25,,238902,9,,,1,100,,238903,9,,,1,100,,238904,9,,,1,100,,238905,9,,,1,100,,238906,9,,,1,70,,238907,9,,,1,20,,238908,9,,,1,60,,238909,9,,,1,15,,238910,9,,,1,15,,238911,9,,,1,15,,238912,9,,,1,55,,238913,9,,,1,20,,238914,9,,,1,25,,238915,9,,,1,60,,238916,9,,,1,20,,238917,9,,,1,25,,238918,9,,,1,100,,238919,9,,,1,100,,238920,9,,,1,100,,238921,9,,,1,198,,238922,9,,,1
1901,'20261009',617,,238923,9,,,1,15,,238924,9,,,1,15,,238925,9,,,1,55,,238926,9,,,1,10,,238927,9,,,1,10,,238928,9,,,1,10,,238929,9,,,1,10,,238930,9,,,1,15,,238931,9,,,1,55,,238932,9,,,1,20,,238933,9,,,1,70,,238934,9,,,1,30,,238935,9,,,1,70,,238936,9,,,1,30,,238937,9,,,1,25,,238938,9,,,1,100,,238939,9,,,1,100,,238940,9,,,1,100,,238941,9,,,1,100,,238942,9,,,1,70,,238943,9,,,1,20,,238944,9,,,1,60,,238945,9,,,1,15,,238946,9,,,1,15,,238947,9,,,1,15,,238948,9,,,1,55,,238949,9,,,1,20,,238950,9,,,1,25,,238951,9,,,1,60,,238952,9,,,1,20,,238953,9,,,1,25,,238954,9,,,1,100,,238955,9,,,1,100,,238956,9,,,1,100,,238957,9,,,1,198,,238958,9,,,1
1901,'20261010',655,,238959,9,,,1,102,,238960,9,,,1,100,,238961,9,,,1,100,,238962,9,,,1,100,,238963,9,,,1,102,,238964,9,,,1,100,,238965,9,,,1,70,,238966,9,,,1,30,,238967,9,,,1,70,,238968,9,,,1,30,,238969,9,,,1,70,,238970,9,,,1,30,,238971,9,,,1,68,,238972,9,,,1,30,,238973,9,,,1,70,,238974,9,,,1,30,,238975,9,,,1,100,,238976,9,,,1,100,,238977,9,,,1,98,,238978,9,,,1,100,,238979,9,,,1,200,,238980,9,,,1
1901,'20261011',655,,238981,9,,,1,102,,238982,9,,,1,100,,238983,9,,,1,100,,238984,9,,,1,100,,238985,9,,,1,102,,238986,9,,,1,100,,238987,9,,,1,70,,238988,9,,,1,30,,238989,9,,,1,70,,238990,9,,,1,30,,238991,9,,,1,70,,238992,9,,,1,30,,238993,9,,,1,68,,238994,9,,,1,30,,238995,9,,,1,70,,238996,9,,,1,30,,238997,9,,,1,100,,238998,9,,,1,100,,238999,9,,,1,98,,239000,9,,,1,100,,239001,9,,,1,200,,239002,9,,,1
1901,'20261012',655,,239003,9,,,1,102,,239004,9,,,1,100,,239005,9,,,1,100,,239006,9,,,1,100,,239007,9,,,1,102,,239008,9,,,1,100,,239009,9,,,1,70,,239010,9,,,1,30,,239011,9,,,1,70,,239012,9,,,1,30,,239013,9,,,1,70,,239014,9,,,1,30,,239015,9,,,1,68,,239016,9,,,1,30,,239017,9,,,1,70,,239018,9,,,1,30,,239019,9,,,1,100,,239020,9,,,1,100,,239021,9,,,1,98,,239022,9,,,1,100,,239023,9,,,1,200,,239024,9,,,1
1901,'20261013',617,,239025,9,,,1,15,,239026,9,,,1,15,,239027,9,,,1,55,,239028,9,,,1,10,,239029,9,,,1,10,,239030,9,,,1,10,,239031,9,,,1,10,,239032,9,,,1,15,,239033,9,,,1,55,,239034,9,,,1,20,,239035,9,,,1,70,,239036,9,,,1,30,,239037,9,,,1,70,,239038,9,,,1,30,,239039,9,,,1,25,,239040,9,,,1,100,,239041,9,,,1,100,,239042,9,,,1,100,,239043,9,,,1,100,,239044,9,,,1,70,,239045,9,,,1,20,,239046,9,,,1,60,,239047,9,,,1,15,,239048,9,,,1,15,,239049,9,,,1,15,,239050,9,,,1,55,,239051,9,,,1,20,,239052,9,,,1,25,,239053,9,,,1,60,,239054,9,,,1,20,,239055,9,,,1,25,,239056,9,,,1,100,,239057,9,,,1,100,,239058,9,,,1,100,,239059,9,,,1,198,,239060,9,,,1
1901,'20261014',617,,239061,9,,,1,15,,239062,9,,,1,15,,239063,9,,,1,55,,239064,9,,,1,10,,239065,9,,,1,10,,239066,9,,,1,10,,239067,9,,,1,10,,239068,9,,,1,15,,239069,9,,,1,55,,239070,9,,,1,20,,239071,9,,,1,70,,239072,9,,,1,30,,239073,9,,,1,70,,239074,9,,,1,30,,239075,9,,,1,25,,239076,9,,,1,100,,239077,9,,,1,100,,239078,9,,,1,100,,239079,9,,,1,100,,239080,9,,,1,70,,239081,9,,,1,20,,239082,9,,,1,60,,239083,9,,,1,15,,239084,9,,,1,15,,239085,9,,,1,15,,239086,9,,,1,55,,239087,9,,,1,20,,239088,9,,,1,25,,239089,9,,,1,60,,239090,9,,,1,20,,239091,9,,,1,25,,239092,9,,,1,100,,239093,9,,,1,100,,239094,9,,,1,100,,239095,9,,,1,198,,239096,9,,,1
1901,'20261015',617,,239097,9,,,1,15,,239098,9,,,1,15,,239099,9,,,1,55,,239100,9,,,1,10,,239101,9,,,1,10,,239102,9,,,1,10,,239103,9,,,1,10,,239104,9,,,1,15,,239105,9,,,1,55,,239106,9,,,1,20,,239107,9,,,1,70,,239108,9,,,1,30,,239109,9,,,1,70,,239110,9,,,1,30,,239111,9,,,1,25,,239112,9,,,1,100,,239113,9,,,1,100,,239114,9,,,1,100,,239115,9,,,1,100,,239116,9,,,1,70,,239117,9,,,1,20,,239118,9,,,1,60,,239119,9,,,1,15,,239120,9,,,1,15,,239121,9,,,1,15,,239122,9,,,1,55,,239123,9,,,1,20,,239124,9,,,1,25,,239125,9,,,1,60,,239126,9,,,1,20,,239127,9,,,1,25,,239128,9,,,1,100,,239129,9,,,1,100,,239130,9,,,1,100,,239131,9,,,1,198,,239132,9,,,1
1901,'20261016',617,,239133,9,,,1,15,,239134,9,,,1,15,,239135,9,,,1,55,,239136,9,,,1,10,,239137,9,,,1,10,,239138,9,,,1,10,,239139,9,,,1,10,,239140,9,,,1,15,,239141,9,,,1,55,,239142,9,,,1,20,,239143,9,,,1,70,,239144,9,,,1,30,,239145,9,,,1,70,,239146,9,,,1,30,,239147,9,,,1,25,,239148,9,,,1,100,,239149,9,,,1,100,,239150,9,,,1,100,,239151,9,,,1,100,,239152,9,,,1,70,,239153,9,,,1,20,,239154,9,,,1,60,,239155,9,,,1,15,,239156,9,,,1,15,,239157,9,,,1,15,,239158,9,,,1,55,,239159,9,,,1,20,,239160,9,,,1,25,,239161,9,,,1,60,,239162,9,,,1,20,,239163,9,,,1,25,,239164,9,,,1,100,,239165,9,,,1,100,,239166,9,,,1,100,,239167,9,,,1,198,,239168,9,,,1
1901,'20261017',655,,239169,9,,,1,102,,239170,9,,,1,100,,239171,9,,,1,100,,239172,9,,,1,100,,239173,9,,,1,102,,239174,9,,,1,100,,239175,9,,,1,70,,239176,9,,,1,30,,239177,9,,,1,70,,239178,9,,,1,30,,239179,9,,,1,70,,239180,9,,,1,30,,239181,9,,,1,68,,239182,9,,,1,30,,239183,9,,,1,70,,239184,9,,,1,30,,239185,9,,,1,100,,239186,9,,,1,100,,239187,9,,,1,98,,239188,9,,,1,100,,239189,9,,,1,200,,239190,9,,,1
1901,'20261018',655,,239191,9,,,1,102,,239192,9,,,1,100,,239193,9,,,1,100,,239194,9,,,1,100,,239195,9,,,1,102,,239196,9,,,1,100,,239197,9,,,1,70,,239198,9,,,1,30,,239199,9,,,1,70,,239200,9,,,1,30,,239201,9,,,1,70,,239202,9,,,1,30,,239203,9,,,1,68,,239204,9,,,1,30,,239205,9,,,1,70,,239206,9,,,1,30,,239207,9,,,1,100,,239208,9,,,1,100,,239209,9,,,1,98,,239210,9,,,1,100,,239211,9,,,1,200,,239212,9,,,1
1901,'20261019',617,,239213,9,,,1,15,,239214,9,,,1,15,,239215,9,,,1,55,,239216,9,,,1,10,,239217,9,,,1,10,,239218,9,,,1,10,,239219,9,,,1,10,,239220,9,,,1,15,,239221,9,,,1,55,,239222,9,,,1,20,,239223,9,,,1,70,,239224,9,,,1,30,,239225,9,,,1,70,,239226,9,,,1,30,,239227,9,,,1,25,,239228,9,,,1,100,,239229,9,,,1,100,,239230,9,,,1,100,,239231,9,,,1,100,,239232,9,,,1,70,,239233,9,,,1,20,,239234,9,,,1,60,,239235,9,,,1,15,,239236,9,,,1,15,,239237,9,,,1,15,,239238,9,,,1,55,,239239,9,,,1,20,,239240,9,,,1,25,,239241,9,,,1,60,,239242,9,,,1,20,,239243,9,,,1,25,,239244,9,,,1,100,,239245,9,,,1,100,,239246,9,,,1,100,,239247,9,,,1,198,,239248,9,,,1
1901,'20261020',617,,239249,9,,,1,15,,239250,9,,,1,15,,239251,9,,,1,55,,239252,9,,,1,10,,239253,9,,,1,10,,239254,9,,,1,10,,239255,9,,,1,10,,239256,9,,,1,15,,239257,9,,,1,55,,239258,9,,,1,20,,239259,9,,,1,70,,239260,9,,,1,30,,239261,9,,,1,70,,239262,9,,,1,30,,239263,9,,,1,25,,239264,9,,,1,100,,239265,9,,,1,100,,239266,9,,,1,100,,239267,9,,,1,100,,239268,9,,,1,70,,239269,9,,,1,20,,239270,9,,,1,60,,239271,9,,,1,15,,239272,9,,,1,15,,239273,9,,,1,15,,239274,9,,,1,55,,239275,9,,,1,20,,239276,9,,,1,25,,239277,9,,,1,60,,239278,9,,,1,20,,239279,9,,,1,25,,239280,9,,,1,100,,239281,9,,,1,100,,239282,9,,,1,100,,239283,9,,,1,198,,239284,9,,,1
1901,'20261021',617,,239285,9,,,1,15,,239286,9,,,1,15,,239287,9,,,1,55,,239288,9,,,1,10,,239289,9,,,1,10,,239290,9,,,1,10,,239291,9,,,1,10,,239292,9,,,1,15,,239293,9,,,1,55,,239294,9,,,1,20,,239295,9,,,1,70,,239296,9,,,1,30,,239297,9,,,1,70,,239298,9,,,1,30,,239299,9,,,1,25,,239300,9,,,1,100,,239301,9,,,1,100,,239302,9,,,1,100,,239303,9,,,1,100,,239304,9,,,1,70,,239305,9,,,1,20,,239306,9,,,1,60,,239307,9,,,1,15,,239308,9,,,1,15,,239309,9,,,1,15,,239310,9,,,1,55,,239311,9,,,1,20,,239312,9,,,1,25,,239313,9,,,1,60,,239314,9,,,1,20,,239315,9,,,1,25,,239316,9,,,1,100,,239317,9,,,1,100,,239318,9,,,1,100,,239319,9,,,1,198,,239320,9,,,1
1901,'20261022',617,,239321,9,,,1,15,,239322,9,,,1,15,,239323,9,,,1,55,,239324,9,,,1,10,,239325,9,,,1,10,,239326,9,,,1,10,,239327,9,,,1,10,,239328,9,,,1,15,,239329,9,,,1,55,,239330,9,,,1,20,,239331,9,,,1,70,,239332,9,,,1,30,,239333,9,,,1,70,,239334,9,,,1,30,,239335,9,,,1,25,,239336,9,,,1,100,,239337,9,,,1,100,,239338,9,,,1,100,,239339,9,,,1,100,,239340,9,,,1,70,,239341,9,,,1,20,,239342,9,,,1,60,,239343,9,,,1,15,,239344,9,,,1,15,,239345,9,,,1,15,,239346,9,,,1,55,,239347,9,,,1,20,,239348,9,,,1,25,,239349,9,,,1,60,,239350,9,,,1,20,,239351,9,,,1,25,,239352,9,,,1,100,,239353,9,,,1,100,,239354,9,,,1,100,,239355,9,,,1,198,,239356,9,,,1
1901,'20261023',617,,239357,9,,,1,15,,239358,9,,,1,15,,239359,9,,,1,55,,239360,9,,,1,10,,239361,9,,,1,10,,239362,9,,,1,10,,239363,9,,,1,10,,239364,9,,,1,15,,239365,9,,,1,55,,239366,9,,,1,20,,239367,9,,,1,70,,239368,9,,,1,30,,239369,9,,,1,70,,239370,9,,,1,30,,239371,9,,,1,25,,239372,9,,,1,100,,239373,9,,,1,100,,239374,9,,,1,100,,239375,9,,,1,100,,239376,9,,,1,70,,239377,9,,,1,20,,239378,9,,,1,60,,239379,9,,,1,15,,239380,9,,,1,15,,239381,9,,,1,15,,239382,9,,,1,55,,239383,9,,,1,20,,239384,9,,,1,25,,239385,9,,,1,60,,239386,9,,,1,20,,239387,9,,,1,25,,239388,9,,,1,100,,239389,9,,,1,100,,239390,9,,,1,100,,239391,9,,,1,198,,239392,9,,,1
1901,'20261024',655,,239393,9,,,1,102,,239394,9,,,1,100,,239395,9,,,1,100,,239396,9,,,1,100,,239397,9,,,1,102,,239398,9,,,1,100,,239399,9,,,1,70,,239400,9,,,1,30,,239401,9,,,1,70,,239402,9,,,1,30,,239403,9,,,1,70,,239404,9,,,1,30,,239405,9,,,1,68,,239406,9,,,1,30,,239407,9,,,1,70,,239408,9,,,1,30,,239409,9,,,1,100,,239410,9,,,1,100,,239411,9,,,1,98,,239412,9,,,1,100,,239413,9,,,1,200,,239414,9,,,1
1901,'20261025',655,,239415,9,,,1,102,,239416,9,,,1,100,,239417,9,,,1,100,,239418,9,,,1,100,,239419,9,,,1,102,,239420,9,,,1,100,,239421,9,,,1,70,,239422,9,,,1,30,,239423,9,,,1,70,,239424,9,,,1,30,,239425,9,,,1,70,,239426,9,,,1,30,,239427,9,,,1,68,,239428,9,,,1,30,,239429,9,,,1,70,,239430,9,,,1,30,,239431,9,,,1,100,,239432,9,,,1,100,,239433,9,,,1,98,,239434,9,,,1,100,,239435,9,,,1,200,,239436,9,,,1
1901,'20261026',617,,239437,9,,,1,15,,239438,9,,,1,15,,239439,9,,,1,55,,239440,9,,,1,10,,239441,9,,,1,10,,239442,9,,,1,10,,239443,9,,,1,10,,239444,9,,,1,15,,239445,9,,,1,55,,239446,9,,,1,20,,239447,9,,,1,70,,239448,9,,,1,30,,239449,9,,,1,70,,239450,9,,,1,30,,239451,9,,,1,25,,239452,9,,,1,100,,239453,9,,,1,100,,239454,9,,,1,100,,239455,9,,,1,100,,239456,9,,,1,70,,239457,9,,,1,20,,239458,9,,,1,60,,239459,9,,,1,15,,239460,9,,,1,15,,239461,9,,,1,15,,239462,9,,,1,55,,239463,9,,,1,20,,239464,9,,,1,25,,239465,9,,,1,60,,239466,9,,,1,20,,239467,9,,,1,25,,239468,9,,,1,100,,239469,9,,,1,100,,239470,9,,,1,100,,239471,9,,,1,198,,239472,9,,,1
1901,'20261027',617,,239473,9,,,1,15,,239474,9,,,1,15,,239475,9,,,1,55,,239476,9,,,1,10,,239477,9,,,1,10,,239478,9,,,1,10,,239479,9,,,1,10,,239480,9,,,1,15,,239481,9,,,1,55,,239482,9,,,1,20,,239483,9,,,1,70,,239484,9,,,1,30,,239485,9,,,1,70,,239486,9,,,1,30,,239487,9,,,1,25,,239488,9,,,1,100,,239489,9,,,1,100,,239490,9,,,1,100,,239491,9,,,1,100,,239492,9,,,1,70,,239493,9,,,1,20,,239494,9,,,1,60,,239495,9,,,1,15,,239496,9,,,1,15,,239497,9,,,1,15,,239498,9,,,1,55,,239499,9,,,1,20,,239500,9,,,1,25,,239501,9,,,1,60,,239502,9,,,1,20,,239503,9,,,1,25,,239504,9,,,1,100,,239505,9,,,1,100,,239506,9,,,1,100,,239507,9,,,1,198,,239508,9,,,1
1901,'20261028',617,,239509,9,,,1,15,,239510,9,,,1,15,,239511,9,,,1,55,,239512,9,,,1,10,,239513,9,,,1,10,,239514,9,,,1,10,,239515,9,,,1,10,,239516,9,,,1,15,,239517,9,,,1,55,,239518,9,,,1,20,,239519,9,,,1,70,,239520,9,,,1,30,,239521,9,,,1,70,,239522,9,,,1,30,,239523,9,,,1,25,,239524,9,,,1,100,,239525,9,,,1,100,,239526,9,,,1,100,,239527,9,,,1,100,,239528,9,,,1,70,,239529,9,,,1,20,,239530,9,,,1,60,,239531,9,,,1,15,,239532,9,,,1,15,,239533,9,,,1,15,,239534,9,,,1,55,,239535,9,,,1,20,,239536,9,,,1,25,,239537,9,,,1,60,,239538,9,,,1,20,,239539,9,,,1,25,,239540,9,,,1,100,,239541,9,,,1,100,,239542,9,,,1,100,,239543,9,,,1,198,,239544,9,,,1
1901,'20261029',617,,239545,9,,,1,15,,239546,9,,,1,15,,239547,9,,,1,55,,239548,9,,,1,10,,239549,9,,,1,10,,239550,9,,,1,10,,239551,9,,,1,10,,239552,9,,,1,15,,239553,9,,,1,55,,239554,9,,,1,20,,239555,9,,,1,70,,239556,9,,,1,30,,239557,9,,,1,70,,239558,9,,,1,30,,239559,9,,,1,25,,239560,9,,,1,100,,239561,9,,,1,100,,239562,9,,,1,100,,239563,9,,,1,100,,239564,9,,,1,70,,239565,9,,,1,20,,239566,9,,,1,60,,239567,9,,,1,15,,239568,9,,,1,15,,239569,9,,,1,15,,239570,9,,,1,55,,239571,9,,,1,20,,239572,9,,,1,25,,239573,9,,,1,60,,239574,9,,,1,20,,239575,9,,,1,25,,239576,9,,,1,100,,239577,9,,,1,100,,239578,9,,,1,100,,239579,9,,,1,198,,239580,9,,,1
1901,'20261030',617,,239581,9,,,1,15,,239582,9,,,1,15,,239583,9,,,1,55,,239584,9,,,1,10,,239585,9,,,1,10,,239586,9,,,1,10,,239587,9,,,1,10,,239588,9,,,1,15,,239589,9,,,1,55,,239590,9,,,1,20,,239591,9,,,1,70,,239592,9,,,1,30,,239593,9,,,1,70,,239594,9,,,1,30,,239595,9,,,1,25,,239596,9,,,1,100,,239597,9,,,1,100,,239598,9,,,1,100,,239599,9,,,1,100,,239600,9,,,1,70,,239601,9,,,1,20,,239602,9,,,1,60,,239603,9,,,1,15,,239604,9,,,1,15,,239605,9,,,1,15,,239606,9,,,1,55,,239607,9,,,1,20,,239608,9,,,1,25,,239609,9,,,1,60,,239610,9,,,1,20,,239611,9,,,1,25,,239612,9,,,1,100,,239613,9,,,1,100,,239614,9,,,1,100,,239615,9,,,1,198,,239616,9,,,1
1901,'20261031',655,,239617,9,,,1,102,,239618,9,,,1,100,,239619,9,,,1,100,,239620,9,,,1,100,,239621,9,,,1,102,,239622,9,,,1,100,,239623,9,,,1,70,,239624,9,,,1,30,,239625,9,,,1,70,,239626,9,,,1,30,,239627,9,,,1,70,,239628,9,,,1,30,,239629,9,,,1,68,,239630,9,,,1,30,,239631,9,,,1,70,,239632,9,,,1,30,,239633,9,,,1,100,,239634,9,,,1,100,,239635,9,,,1,98,,239636,9,,,1,100,,239637,9,,,1,200,,239638,9,,,1
1901,'20261101',655,,239639,9,,,1,102,,239640,9,,,1,100,,239641,9,,,1,100,,239642,9,,,1,100,,239643,9,,,1,102,,239644,9,,,1,100,,239645,9,,,1,70,,239646,9,,,1,30,,239647,9,,,1,70,,239648,9,,,1,30,,239649,9,,,1,70,,239650,9,,,1,30,,239651,9,,,1,68,,239652,9,,,1,30,,239653,9,,,1,70,,239654,9,,,1,30,,239655,9,,,1,100,,239656,9,,,1,100,,239657,9,,,1,98,,239658,9,,,1,100,,239659,9,,,1,200,,239660,9,,,1
1901,'20261102',617,,239661,9,,,1,15,,239662,9,,,1,15,,239663,9,,,1,55,,239664,9,,,1,10,,239665,9,,,1,10,,239666,9,,,1,10,,239667,9,,,1,10,,239668,9,,,1,15,,239669,9,,,1,55,,239670,9,,,1,20,,239671,9,,,1,70,,239672,9,,,1,30,,239673,9,,,1,70,,239674,9,,,1,30,,239675,9,,,1,25,,239676,9,,,1,100,,239677,9,,,1,100,,239678,9,,,1,100,,239679,9,,,1,100,,239680,9,,,1,70,,239681,9,,,1,20,,239682,9,,,1,60,,239683,9,,,1,15,,239684,9,,,1,15,,239685,9,,,1,15,,239686,9,,,1,55,,239687,9,,,1,20,,239688,9,,,1,25,,239689,9,,,1,60,,239690,9,,,1,20,,239691,9,,,1,25,,239692,9,,,1,100,,239693,9,,,1,100,,239694,9,,,1,100,,239695,9,,,1,198,,239696,9,,,1
1901,'20261103',617,,239697,9,,,1,15,,239698,9,,,1,15,,239699,9,,,1,55,,239700,9,,,1,10,,239701,9,,,1,10,,239702,9,,,1,10,,239703,9,,,1,10,,239704,9,,,1,15,,239705,9,,,1,55,,239706,9,,,1,20,,239707,9,,,1,70,,239708,9,,,1,30,,239709,9,,,1,70,,239710,9,,,1,30,,239711,9,,,1,25,,239712,9,,,1,100,,239713,9,,,1,100,,239714,9,,,1,100,,239715,9,,,1,100,,239716,9,,,1,70,,239717,9,,,1,20,,239718,9,,,1,60,,239719,9,,,1,15,,239720,9,,,1,15,,239721,9,,,1,15,,239722,9,,,1,55,,239723,9,,,1,20,,239724,9,,,1,25,,239725,9,,,1,60,,239726,9,,,1,20,,239727,9,,,1,25,,239728,9,,,1,100,,239729,9,,,1,100,,239730,9,,,1,100,,239731,9,,,1,198,,239732,9,,,1
1901,'20261104',617,,239733,9,,,1,15,,239734,9,,,1,15,,239735,9,,,1,55,,239736,9,,,1,10,,239737,9,,,1,10,,239738,9,,,1,10,,239739,9,,,1,10,,239740,9,,,1,15,,239741,9,,,1,55,,239742,9,,,1,20,,239743,9,,,1,70,,239744,9,,,1,30,,239745,9,,,1,70,,239746,9,,,1,30,,239747,9,,,1,25,,239748,9,,,1,100,,239749,9,,,1,100,,239750,9,,,1,100,,239751,9,,,1,100,,239752,9,,,1,70,,239753,9,,,1,20,,239754,9,,,1,60,,239755,9,,,1,15,,239756,9,,,1,15,,239757,9,,,1,15,,239758,9,,,1,55,,239759,9,,,1,20,,239760,9,,,1,25,,239761,9,,,1,60,,239762,9,,,1,20,,239763,9,,,1,25,,239764,9,,,1,100,,239765,9,,,1,100,,239766,9,,,1,100,,239767,9,,,1,198,,239768,9,,,1
1901,'20261105',617,,239769,9,,,1,15,,239770,9,,,1,15,,239771,9,,,1,55,,239772,9,,,1,10,,239773,9,,,1,10,,239774,9,,,1,10,,239775,9,,,1,10,,239776,9,,,1,15,,239777,9,,,1,55,,239778,9,,,1,20,,239779,9,,,1,70,,239780,9,,,1,30,,239781,9,,,1,70,,239782,9,,,1,30,,239783,9,,,1,25,,239784,9,,,1,100,,239785,9,,,1,100,,239786,9,,,1,100,,239787,9,,,1,100,,239788,9,,,1,70,,239789,9,,,1,20,,239790,9,,,1,60,,239791,9,,,1,15,,239792,9,,,1,15,,239793,9,,,1,15,,239794,9,,,1,55,,239795,9,,,1,20,,239796,9,,,1,25,,239797,9,,,1,60,,239798,9,,,1,20,,239799,9,,,1,25,,239800,9,,,1,100,,239801,9,,,1,100,,239802,9,,,1,100,,239803,9,,,1,198,,239804,9,,,1
1901,'20261106',617,,239805,9,,,1,15,,239806,9,,,1,15,,239807,9,,,1,55,,239808,9,,,1,10,,239809,9,,,1,10,,239810,9,,,1,10,,239811,9,,,1,10,,239812,9,,,1,15,,239813,9,,,1,55,,239814,9,,,1,20,,239815,9,,,1,70,,239816,9,,,1,30,,239817,9,,,1,70,,239818,9,,,1,30,,239819,9,,,1,25,,239820,9,,,1,100,,239821,9,,,1,100,,239822,9,,,1,100,,239823,9,,,1,100,,239824,9,,,1,70,,239825,9,,,1,20,,239826,9,,,1,60,,239827,9,,,1,15,,239828,9,,,1,15,,239829,9,,,1,15,,239830,9,,,1,55,,239831,9,,,1,20,,239832,9,,,1,25,,239833,9,,,1,60,,239834,9,,,1,20,,239835,9,,,1,25,,239836,9,,,1,100,,239837,9,,,1,100,,239838,9,,,1,100,,239839,9,,,1,198,,239840,9,,,1
1901,'20261107',655,,239841,9,,,1,102,,239842,9,,,1,100,,239843,9,,,1,100,,239844,9,,,1,100,,239845,9,,,1,102,,239846,9,,,1,100,,239847,9,,,1,70,,239848,9,,,1,30,,239849,9,,,1,70,,239850,9,,,1,30,,239851,9,,,1,70,,239852,9,,,1,30,,239853,9,,,1,68,,239854,9,,,1,30,,239855,9,,,1,70,,239856,9,,,1,30,,239857,9,,,1,100,,239858,9,,,1,100,,239859,9,,,1,98,,239860,9,,,1,100,,239861,9,,,1,200,,239862,9,,,1
1901,'20261108',655,,239863,9,,,1,102,,239864,9,,,1,100,,239865,9,,,1,100,,239866,9,,,1,100,,239867,9,,,1,102,,239868,9,,,1,100,,239869,9,,,1,70,,239870,9,,,1,30,,239871,9,,,1,70,,239872,9,,,1,30,,239873,9,,,1,70,,239874,9,,,1,30,,239875,9,,,1,68,,239876,9,,,1,30,,239877,9,,,1,70,,239878,9,,,1,30,,239879,9,,,1,100,,239880,9,,,1,100,,239881,9,,,1,98,,239882,9,,,1,100,,239883,9,,,1,200,,239884,9,,,1
1901,'20261109',617,,239885,9,,,1,15,,239886,9,,,1,15,,239887,9,,,1,55,,239888,9,,,1,10,,239889,9,,,1,10,,239890,9,,,1,10,,239891,9,,,1,10,,239892,9,,,1,15,,239893,9,,,1,55,,239894,9,,,1,20,,239895,9,,,1,70,,239896,9,,,1,30,,239897,9,,,1,70,,239898,9,,,1,30,,239899,9,,,1,25,,239900,9,,,1,100,,239901,9,,,1,100,,239902,9,,,1,100,,239903,9,,,1,100,,239904,9,,,1,70,,239905,9,,,1,20,,239906,9,,,1,60,,239907,9,,,1,15,,239908,9,,,1,15,,239909,9,,,1,15,,239910,9,,,1,55,,239911,9,,,1,20,,239912,9,,,1,25,,239913,9,,,1,60,,239914,9,,,1,20,,239915,9,,,1,25,,239916,9,,,1,100,,239917,9,,,1,100,,239918,9,,,1,100,,239919,9,,,1,198,,239920,9,,,1
1901,'20261110',617,,239921,9,,,1,15,,239922,9,,,1,15,,239923,9,,,1,55,,239924,9,,,1,10,,239925,9,,,1,10,,239926,9,,,1,10,,239927,9,,,1,10,,239928,9,,,1,15,,239929,9,,,1,55,,239930,9,,,1,20,,239931,9,,,1,70,,239932,9,,,1,30,,239933,9,,,1,70,,239934,9,,,1,30,,239935,9,,,1,25,,239936,9,,,1,100,,239937,9,,,1,100,,239938,9,,,1,100,,239939,9,,,1,100,,239940,9,,,1,70,,239941,9,,,1,20,,239942,9,,,1,60,,239943,9,,,1,15,,239944,9,,,1,15,,239945,9,,,1,15,,239946,9,,,1,55,,239947,9,,,1,20,,239948,9,,,1,25,,239949,9,,,1,60,,239950,9,,,1,20,,239951,9,,,1,25,,239952,9,,,1,100,,239953,9,,,1,100,,239954,9,,,1,100,,239955,9,,,1,198,,239956,9,,,1
1901,'20261111',617,,239957,9,,,1,15,,239958,9,,,1,15,,239959,9,,,1,55,,239960,9,,,1,10,,239961,9,,,1,10,,239962,9,,,1,10,,239963,9,,,1,10,,239964,9,,,1,15,,239965,9,,,1,55,,239966,9,,,1,20,,239967,9,,,1,70,,239968,9,,,1,30,,239969,9,,,1,70,,239970,9,,,1,30,,239971,9,,,1,25,,239972,9,,,1,100,,239973,9,,,1,100,,239974,9,,,1,100,,239975,9,,,1,100,,239976,9,,,1,70,,239977,9,,,1,20,,239978,9,,,1,60,,239979,9,,,1,15,,239980,9,,,1,15,,239981,9,,,1,15,,239982,9,,,1,55,,239983,9,,,1,20,,239984,9,,,1,25,,239985,9,,,1,60,,239986,9,,,1,20,,239987,9,,,1,25,,239988,9,,,1,100,,239989,9,,,1,100,,239990,9,,,1,100,,239991,9,,,1,198,,239992,9,,,1
1901,'20261112',617,,239993,9,,,1,15,,239994,9,,,1,15,,239995,9,,,1,55,,239996,9,,,1,10,,239997,9,,,1,10,,239998,9,,,1,10,,239999,9,,,1,10,,240000,9,,,1,15,,240001,9,,,1,55,,240002,9,,,1,20,,240003,9,,,1,70,,240004,9,,,1,30,,240005,9,,,1,70,,240006,9,,,1,30,,240007,9,,,1,25,,240008,9,,,1,100,,240009,9,,,1,100,,240010,9,,,1,100,,240011,9,,,1,100,,240012,9,,,1,70,,240013,9,,,1,20,,240014,9,,,1,60,,240015,9,,,1,15,,240016,9,,,1,15,,240017,9,,,1,15,,240018,9,,,1,55,,240019,9,,,1,20,,240020,9,,,1,25,,240021,9,,,1,60,,240022,9,,,1,20,,240023,9,,,1,25,,240024,9,,,1,100,,240025,9,,,1,100,,240026,9,,,1,100,,240027,9,,,1,198,,240028,9,,,1
1901,'20261113',617,,240029,9,,,1,15,,240030,9,,,1,15,,240031,9,,,1,55,,240032,9,,,1,10,,240033,9,,,1,10,,240034,9,,,1,10,,240035,9,,,1,10,,240036,9,,,1,15,,240037,9,,,1,55,,240038,9,,,1,20,,240039,9,,,1,70,,240040,9,,,1,30,,240041,9,,,1,70,,240042,9,,,1,30,,240043,9,,,1,25,,240044,9,,,1,100,,240045,9,,,1,100,,240046,9,,,1,100,,240047,9,,,1,100,,240048,9,,,1,70,,240049,9,,,1,20,,240050,9,,,1,60,,240051,9,,,1,15,,240052,9,,,1,15,,240053,9,,,1,15,,240054,9,,,1,55,,240055,9,,,1,20,,240056,9,,,1,25,,240057,9,,,1,60,,240058,9,,,1,20,,240059,9,,,1,25,,240060,9,,,1,100,,240061,9,,,1,100,,240062,9,,,1,100,,240063,9,,,1,198,,240064,9,,,1
1901,'20261114',655,,240065,9,,,1,102,,240066,9,,,1,100,,240067,9,,,1,100,,240068,9,,,1,100,,240069,9,,,1,102,,240070,9,,,1,100,,240071,9,,,1,70,,240072,9,,,1,30,,240073,9,,,1,70,,240074,9,,,1,30,,240075,9,,,1,70,,240076,9,,,1,30,,240077,9,,,1,68,,240078,9,,,1,30,,240079,9,,,1,70,,240080,9,,,1,30,,240081,9,,,1,100,,240082,9,,,1,100,,240083,9,,,1,98,,240084,9,,,1,100,,240085,9,,,1,200,,240086,9,,,1
1901,'20261115',655,,240087,9,,,1,102,,240088,9,,,1,100,,240089,9,,,1,100,,240090,9,,,1,100,,240091,9,,,1,102,,240092,9,,,1,100,,240093,9,,,1,70,,240094,9,,,1,30,,240095,9,,,1,70,,240096,9,,,1,30,,240097,9,,,1,70,,240098,9,,,1,30,,240099,9,,,1,68,,240100,9,,,1,30,,240101,9,,,1,70,,240102,9,,,1,30,,240103,9,,,1,100,,240104,9,,,1,100,,240105,9,,,1,98,,240106,9,,,1,100,,240107,9,,,1,200,,240108,9,,,1
1901,'20261116',617,,240109,9,,,1,15,,240110,9,,,1,15,,240111,9,,,1,55,,240112,9,,,1,10,,240113,9,,,1,10,,240114,9,,,1,10,,240115,9,,,1,10,,240116,9,,,1,15,,240117,9,,,1,55,,240118,9,,,1,20,,240119,9,,,1,70,,240120,9,,,1,30,,240121,9,,,1,70,,240122,9,,,1,30,,240123,9,,,1,25,,240124,9,,,1,100,,240125,9,,,1,100,,240126,9,,,1,100,,240127,9,,,1,100,,240128,9,,,1,70,,240129,9,,,1,20,,240130,9,,,1,60,,240131,9,,,1,15,,240132,9,,,1,15,,240133,9,,,1,15,,240134,9,,,1,55,,240135,9,,,1,20,,240136,9,,,1,25,,240137,9,,,1,60,,240138,9,,,1,20,,240139,9,,,1,25,,240140,9,,,1,100,,240141,9,,,1,100,,240142,9,,,1,100,,240143,9,,,1,198,,240144,9,,,1
1901,'20261117',617,,240145,9,,,1,15,,240146,9,,,1,15,,240147,9,,,1,55,,240148,9,,,1,10,,240149,9,,,1,10,,240150,9,,,1,10,,240151,9,,,1,10,,240152,9,,,1,15,,240153,9,,,1,55,,240154,9,,,1,20,,240155,9,,,1,70,,240156,9,,,1,30,,240157,9,,,1,70,,240158,9,,,1,30,,240159,9,,,1,25,,240160,9,,,1,100,,240161,9,,,1,100,,240162,9,,,1,100,,240163,9,,,1,100,,240164,9,,,1,70,,240165,9,,,1,20,,240166,9,,,1,60,,240167,9,,,1,15,,240168,9,,,1,15,,240169,9,,,1,15,,240170,9,,,1,55,,240171,9,,,1,20,,240172,9,,,1,25,,240173,9,,,1,60,,240174,9,,,1,20,,240175,9,,,1,25,,240176,9,,,1,100,,240177,9,,,1,100,,240178,9,,,1,100,,240179,9,,,1,198,,240180,9,,,1
1901,'20261118',617,,240181,9,,,1,15,,240182,9,,,1,15,,240183,9,,,1,55,,240184,9,,,1,10,,240185,9,,,1,10,,240186,9,,,1,10,,240187,9,,,1,10,,240188,9,,,1,15,,240189,9,,,1,55,,240190,9,,,1,20,,240191,9,,,1,70,,240192,9,,,1,30,,240193,9,,,1,70,,240194,9,,,1,30,,240195,9,,,1,25,,240196,9,,,1,100,,240197,9,,,1,100,,240198,9,,,1,100,,240199,9,,,1,100,,240200,9,,,1,70,,240201,9,,,1,20,,240202,9,,,1,60,,240203,9,,,1,15,,240204,9,,,1,15,,240205,9,,,1,15,,240206,9,,,1,55,,240207,9,,,1,20,,240208,9,,,1,25,,240209,9,,,1,60,,240210,9,,,1,20,,240211,9,,,1,25,,240212,9,,,1,100,,240213,9,,,1,100,,240214,9,,,1,100,,240215,9,,,1,198,,240216,9,,,1
1901,'20261119',617,,240217,9,,,1,15,,240218,9,,,1,15,,240219,9,,,1,55,,240220,9,,,1,10,,240221,9,,,1,10,,240222,9,,,1,10,,240223,9,,,1,10,,240224,9,,,1,15,,240225,9,,,1,55,,240226,9,,,1,20,,240227,9,,,1,70,,240228,9,,,1,30,,240229,9,,,1,70,,240230,9,,,1,30,,240231,9,,,1,25,,240232,9,,,1,100,,240233,9,,,1,100,,240234,9,,,1,100,,240235,9,,,1,100,,240236,9,,,1,70,,240237,9,,,1,20,,240238,9,,,1,60,,240239,9,,,1,15,,240240,9,,,1,15,,240241,9,,,1,15,,240242,9,,,1,55,,240243,9,,,1,20,,240244,9,,,1,25,,240245,9,,,1,60,,240246,9,,,1,20,,240247,9,,,1,25,,240248,9,,,1,100,,240249,9,,,1,100,,240250,9,,,1,100,,240251,9,,,1,198,,240252,9,,,1
1901,'20261120',617,,240253,9,,,1,15,,240254,9,,,1,15,,240255,9,,,1,55,,240256,9,,,1,10,,240257,9,,,1,10,,240258,9,,,1,10,,240259,9,,,1,10,,240260,9,,,1,15,,240261,9,,,1,55,,240262,9,,,1,20,,240263,9,,,1,70,,240264,9,,,1,30,,240265,9,,,1,70,,240266,9,,,1,30,,240267,9,,,1,25,,240268,9,,,1,100,,240269,9,,,1,100,,240270,9,,,1,100,,240271,9,,,1,100,,240272,9,,,1,70,,240273,9,,,1,20,,240274,9,,,1,60,,240275,9,,,1,15,,240276,9,,,1,15,,240277,9,,,1,15,,240278,9,,,1,55,,240279,9,,,1,20,,240280,9,,,1,25,,240281,9,,,1,60,,240282,9,,,1,20,,240283,9,,,1,25,,240284,9,,,1,100,,240285,9,,,1,100,,240286,9,,,1,100,,240287,9,,,1,198,,240288,9,,,1
1901,'20261121',655,,240289,9,,,1,102,,240290,9,,,1,100,,240291,9,,,1,100,,240292,9,,,1,100,,240293,9,,,1,102,,240294,9,,,1,100,,240295,9,,,1,70,,240296,9,,,1,30,,240297,9,,,1,70,,240298,9,,,1,30,,240299,9,,,1,70,,240300,9,,,1,30,,240301,9,,,1,68,,240302,9,,,1,30,,240303,9,,,1,70,,240304,9,,,1,30,,240305,9,,,1,100,,240306,9,,,1,100,,240307,9,,,1,98,,240308,9,,,1,100,,240309,9,,,1,200,,240310,9,,,1
1901,'20261122',655,,240311,9,,,1,102,,240312,9,,,1,100,,240313,9,,,1,100,,240314,9,,,1,100,,240315,9,,,1,102,,240316,9,,,1,100,,240317,9,,,1,70,,240318,9,,,1,30,,240319,9,,,1,70,,240320,9,,,1,30,,240321,9,,,1,70,,240322,9,,,1,30,,240323,9,,,1,68,,240324,9,,,1,30,,240325,9,,,1,70,,240326,9,,,1,30,,240327,9,,,1,100,,240328,9,,,1,100,,240329,9,,,1,98,,240330,9,,,1,100,,240331,9,,,1,200,,240332,9,,,1
1901,'20261123',617,,240333,9,,,1,15,,240334,9,,,1,15,,240335,9,,,1,55,,240336,9,,,1,10,,240337,9,,,1,10,,240338,9,,,1,10,,240339,9,,,1,10,,240340,9,,,1,15,,240341,9,,,1,55,,240342,9,,,1,20,,240343,9,,,1,70,,240344,9,,,1,30,,240345,9,,,1,70,,240346,9,,,1,30,,240347,9,,,1,25,,240348,9,,,1,100,,240349,9,,,1,100,,240350,9,,,1,100,,240351,9,,,1,100,,240352,9,,,1,70,,240353,9,,,1,20,,240354,9,,,1,60,,240355,9,,,1,15,,240356,9,,,1,15,,240357,9,,,1,15,,240358,9,,,1,55,,240359,9,,,1,20,,240360,9,,,1,25,,240361,9,,,1,60,,240362,9,,,1,20,,240363,9,,,1,25,,240364,9,,,1,100,,240365,9,,,1,100,,240366,9,,,1,100,,240367,9,,,1,198,,240368,9,,,1
1901,'20261124',617,,240369,9,,,1,15,,240370,9,,,1,15,,240371,9,,,1,55,,240372,9,,,1,10,,240373,9,,,1,10,,240374,9,,,1,10,,240375,9,,,1,10,,240376,9,,,1,15,,240377,9,,,1,55,,240378,9,,,1,20,,240379,9,,,1,70,,240380,9,,,1,30,,240381,9,,,1,70,,240382,9,,,1,30,,240383,9,,,1,25,,240384,9,,,1,100,,240385,9,,,1,100,,240386,9,,,1,100,,240387,9,,,1,100,,240388,9,,,1,70,,240389,9,,,1,20,,240390,9,,,1,60,,240391,9,,,1,15,,240392,9,,,1,15,,240393,9,,,1,15,,240394,9,,,1,55,,240395,9,,,1,20,,240396,9,,,1,25,,240397,9,,,1,60,,240398,9,,,1,20,,240399,9,,,1,25,,240400,9,,,1,100,,240401,9,,,1,100,,240402,9,,,1,100,,240403,9,,,1,198,,240404,9,,,1
1901,'20261125',617,,240405,9,,,1,15,,240406,9,,,1,15,,240407,9,,,1,55,,240408,9,,,1,10,,240409,9,,,1,10,,240410,9,,,1,10,,240411,9,,,1,10,,240412,9,,,1,15,,240413,9,,,1,55,,240414,9,,,1,20,,240415,9,,,1,70,,240416,9,,,1,30,,240417,9,,,1,70,,240418,9,,,1,30,,240419,9,,,1,25,,240420,9,,,1,100,,240421,9,,,1,100,,240422,9,,,1,100,,240423,9,,,1,100,,240424,9,,,1,70,,240425,9,,,1,20,,240426,9,,,1,60,,240427,9,,,1,15,,240428,9,,,1,15,,240429,9,,,1,15,,240430,9,,,1,55,,240431,9,,,1,20,,240432,9,,,1,25,,240433,9,,,1,60,,240434,9,,,1,20,,240435,9,,,1,25,,240436,9,,,1,100,,240437,9,,,1,100,,240438,9,,,1,100,,240439,9,,,1,198,,240440,9,,,1
1901,'20261126',617,,240441,9,,,1,15,,240442,9,,,1,15,,240443,9,,,1,55,,240444,9,,,1,10,,240445,9,,,1,10,,240446,9,,,1,10,,240447,9,,,1,10,,240448,9,,,1,15,,240449,9,,,1,55,,240450,9,,,1,20,,240451,9,,,1,70,,240452,9,,,1,30,,240453,9,,,1,70,,240454,9,,,1,30,,240455,9,,,1,25,,240456,9,,,1,100,,240457,9,,,1,100,,240458,9,,,1,100,,240459,9,,,1,100,,240460,9,,,1,70,,240461,9,,,1,20,,240462,9,,,1,60,,240463,9,,,1,15,,240464,9,,,1,15,,240465,9,,,1,15,,240466,9,,,1,55,,240467,9,,,1,20,,240468,9,,,1,25,,240469,9,,,1,60,,240470,9,,,1,20,,240471,9,,,1,25,,240472,9,,,1,100,,240473,9,,,1,100,,240474,9,,,1,100,,240475,9,,,1,198,,240476,9,,,1
1901,'20261127',617,,240477,9,,,1,15,,240478,9,,,1,15,,240479,9,,,1,55,,240480,9,,,1,10,,240481,9,,,1,10,,240482,9,,,1,10,,240483,9,,,1,10,,240484,9,,,1,15,,240485,9,,,1,55,,240486,9,,,1,20,,240487,9,,,1,70,,240488,9,,,1,30,,240489,9,,,1,70,,240490,9,,,1,30,,240491,9,,,1,25,,240492,9,,,1,100,,240493,9,,,1,100,,240494,9,,,1,100,,240495,9,,,1,100,,240496,9,,,1,70,,240497,9,,,1,20,,240498,9,,,1,60,,240499,9,,,1,15,,240500,9,,,1,15,,240501,9,,,1,15,,240502,9,,,1,55,,240503,9,,,1,20,,240504,9,,,1,25,,240505,9,,,1,60,,240506,9,,,1,20,,240507,9,,,1,25,,240508,9,,,1,100,,240509,9,,,1,100,,240510,9,,,1,100,,240511,9,,,1,198,,240512,9,,,1
2701,'20260917',535,,256720,9,0,7 8 9,1,102,,256721,9,0,57 8 9,1,20,,256722,9,0,57 8 9,1,60,,256723,9,0,34 10 9,1,10,,256724,9,0,57 8 9,1,10,,256725,9,0,34 10 9,1,10,,256726,9,0,57 8 9,1,55,,256727,9,0,34 10 9,1,15,,256728,9,0,57 8 9,1,30,,256729,9,0,57 8 9,1,80,,256730,9,0,7 8 9,1,100,,256731,9,0,5 10 9,1,100,,256732,9,0,5 10 9,1,95,,256733,9,0,5 10 9,1,100,,256734,9,0,5 10 9,1,105,,256735,9,0,57 8 9,1,77,,256736,9,0,34 10 9,1,30,,256737,9,0,57 8 9,1,70,,256738,9,0,57 8 9,1,30,,256739,9,0,57 8 9,1,83,,256740,9,0,57 8 9,1,30,,256741,9,0,57 8 9,1,70,,256742,9,0,7 8 9,1,30,,256743,9,0,7 8 9,1,75,,256744,9,0,5 10 9,1,100,,256745,9,0,5 10 9,1,100,,256746,9,0,5 10 9,1,100,,256747,9,0,5 10 9,1,198,,256748,9,0,5 10 9,1
2701,'20260918',535,,256749,9,0,7 8 9,1,102,,256750,9,0,57 8 9,1,20,,256751,9,0,57 8 9,1,60,,256752,9,0,34 10 9,1,10,,256753,9,0,57 8 9,1,10,,256754,9,0,34 10 9,1,10,,256755,9,0,57 8 9,1,55,,256756,9,0,34 10 9,1,15,,256757,9,0,57 8 9,1,30,,256758,9,0,57 8 9,1,80,,256759,9,0,7 8 9,1,100,,256760,9,0,5 10 9,1,100,,256761,9,0,5 10 9,1,95,,256762,9,0,5 10 9,1,100,,256763,9,0,5 10 9,1,105,,256764,9,0,57 8 9,1,77,,256765,9,0,34 10 9,1,30,,256766,9,0,57 8 9,1,70,,256767,9,0,57 8 9,1,30,,256768,9,0,57 8 9,1,83,,256769,9,0,57 8 9,1,30,,256770,9,0,57 8 9,1,70,,256771,9,0,7 8 9,1,30,,256772,9,0,7 8 9,1,75,,256773,9,0,5 10 9,1,100,,256774,9,0,5 10 9,1,100,,256775,9,0,5 10 9,1,100,,256776,9,0,5 10 9,1,198,,256777,9,0,5 10 9,1
2701,'20260919',635,,256778,9,0,7 8 9,1,102,,256779,9,0,5 10 9,1,100,,256780,9,0,5 10 9,1,95,,256781,9,0,5 10 9,1,107,,256782,9,0,5 10 9,1,95,,256783,9,0,5 10 9,1,105,,256784,9,0,5 10 9,1,95,,256785,9,0,5 10 9,1,105,,256786,9,0,5 10 9,1,100,,256787,9,0,5 10 9,1,100,,256788,9,0,5 10 9,1,100,,256789,9,0,5 10 9,1,100,,256790,9,0,5 10 9,1,98,,256791,9,0,5 10 9,1,200,,256792,9,0,5 10 9,1,198,,256793,9,0,5 10 9,1
2701,'20260920',635,,256794,9,0,7 8 9,1,102,,256795,9,0,5 10 9,1,100,,256796,9,0,5 10 9,1,95,,256797,9,0,5 10 9,1,107,,256798,9,0,5 10 9,1,95,,256799,9,0,5 10 9,1,105,,256800,9,0,5 10 9,1,95,,256801,9,0,5 10 9,1,105,,256802,9,0,5 10 9,1,100,,256803,9,0,5 10 9,1,100,,256804,9,0,5 10 9,1,100,,256805,9,0,5 10 9,1,100,,256806,9,0,5 10 9,1,98,,256807,9,0,5 10 9,1,200,,256808,9,0,5 10 9,1,198,,256809,9,0,5 10 9,1
2701,'20260921',535,,256810,9,0,7 8 9,1,102,,256811,9,0,57 8 9,1,20,,256812,9,0,57 8 9,1,60,,256813,9,0,34 10 9,1,10,,256814,9,0,57 8 9,1,10,,256815,9,0,34 10 9,1,10,,256816,9,0,57 8 9,1,55,,256817,9,0,34 10 9,1,15,,256818,9,0,57 8 9,1,30,,256819,9,0,57 8 9,1,80,,256820,9,0,7 8 9,1,100,,256821,9,0,5 10 9,1,100,,256822,9,0,5 10 9,1,95,,256823,9,0,5 10 9,1,100,,256824,9,0,5 10 9,1,105,,256825,9,0,57 8 9,1,77,,256826,9,0,34 10 9,1,30,,256827,9,0,57 8 9,1,70,,256828,9,0,57 8 9,1,30,,256829,9,0,57 8 9,1,83,,256830,9,0,57 8 9,1,30,,256831,9,0,57 8 9,1,70,,256832,9,0,7 8 9,1,30,,256833,9,0,7 8 9,1,75,,256834,9,0,5 10 9,1,100,,256835,9,0,5 10 9,1,100,,256836,9,0,5 10 9,1,100,,256837,9,0,5 10 9,1,198,,256838,9,0,5 10 9,1
2701,'20260922',535,,256839,9,0,7 8 9,1,102,,256840,9,0,57 8 9,1,20,,256841,9,0,57 8 9,1,60,,256842,9,0,34 10 9,1,10,,256843,9,0,57 8 9,1,10,,256844,9,0,34 10 9,1,10,,256845,9,0,57 8 9,1,55,,256846,9,0,34 10 9,1,15,,256847,9,0,57 8 9,1,30,,256848,9,0,57 8 9,1,80,,256849,9,0,7 8 9,1,100,,256850,9,0,5 10 9,1,100,,256851,9,0,5 10 9,1,95,,256852,9,0,5 10 9,1,100,,256853,9,0,5 10 9,1,105,,256854,9,0,57 8 9,1,77,,256855,9,0,34 10 9,1,30,,256856,9,0,57 8 9,1,70,,256857,9,0,57 8 9,1,30,,256858,9,0,57 8 9,1,83,,256859,9,0,57 8 9,1,30,,256860,9,0,57 8 9,1,70,,256861,9,0,7 8 9,1,30,,256862,9,0,7 8 9,1,75,,256863,9,0,5 10 9,1,100,,256864,9,0,5 10 9,1,100,,256865,9,0,5 10 9,1,100,,256866,9,0,5 10 9,1,198,,256867,9,0,5 10 9,1
2701,'20260923',535,,256868,9,0,7 8 9,1,102,,256869,9,0,57 8 9,1,20,,256870,9,0,57 8 9,1,60,,256871,9,0,34 10 9,1,10,,256872,9,0,57 8 9,1,10,,256873,9,0,34 10 9,1,10,,256874,9,0,57 8 9,1,55,,256875,9,0,34 10 9,1,15,,256876,9,0,57 8 9,1,30,,256877,9,0,57 8 9,1,80,,256878,9,0,7 8 9,1,100,,256879,9,0,5 10 9,1,100,,256880,9,0,5 10 9,1,95,,256881,9,0,5 10 9,1,100,,256882,9,0,5 10 9,1,105,,256883,9,0,57 8 9,1,77,,256884,9,0,34 10 9,1,30,,256885,9,0,57 8 9,1,70,,256886,9,0,57 8 9,1,30,,256887,9,0,57 8 9,1,83,,256888,9,0,57 8 9,1,30,,256889,9,0,57 8 9,1,70,,256890,9,0,7 8 9,1,30,,256891,9,0,7 8 9,1,75,,256892,9,0,5 10 9,1,100,,256893,9,0,5 10 9,1,100,,256894,9,0,5 10 9,1,100,,256895,9,0,5 10 9,1,198,,256896,9,0,5 10 9,1
2701,'20260924',535,,256897,9,0,7 8 9,1,102,,256898,9,0,57 8 9,1,20,,256899,9,0,57 8 9,1,60,,256900,9,0,34 10 9,1,10,,256901,9,0,57 8 9,1,10,,256902,9,0,34 10 9,1,10,,256903,9,0,57 8 9,1,55,,256904,9,0,34 10 9,1,15,,256905,9,0,57 8 9,1,30,,256906,9,0,57 8 9,1,80,,256907,9,0,7 8 9,1,100,,256908,9,0,5 10 9,1,100,,256909,9,0,5 10 9,1,95,,256910,9,0,5 10 9,1,100,,256911,9,0,5 10 9,1,105,,256912,9,0,57 8 9,1,77,,256913,9,0,34 10 9,1,30,,256914,9,0,57 8 9,1,70,,256915,9,0,57 8 9,1,30,,256916,9,0,57 8 9,1,83,,256917,9,0,57 8 9,1,30,,256918,9,0,57 8 9,1,70,,256919,9,0,7 8 9,1,30,,256920,9,0,7 8 9,1,75,,256921,9,0,5 10 9,1,100,,256922,9,0,5 10 9,1,100,,256923,9,0,5 10 9,1,100,,256924,9,0,5 10 9,1,198,,256925,9,0,5 10 9,1
2701,'20260925',535,,256926,9,0,7 8 9,1,102,,256927,9,0,57 8 9,1,20,,256928,9,0,57 8 9,1,60,,256929,9,0,34 10 9,1,10,,256930,9,0,57 8 9,1,10,,256931,9,0,34 10 9,1,10,,256932,9,0,57 8 9,1,55,,256933,9,0,34 10 9,1,15,,256934,9,0,57 8 9,1,30,,256935,9,0,57 8 9,1,80,,256936,9,0,7 8 9,1,100,,256937,9,0,5 10 9,1,100,,256938,9,0,5 10 9,1,95,,256939,9,0,5 10 9,1,100,,256940,9,0,5 10 9,1,105,,256941,9,0,57 8 9,1,77,,256942,9,0,34 10 9,1,30,,256943,9,0,57 8 9,1,70,,256944,9,0,57 8 9,1,30,,256945,9,0,57 8 9,1,83,,256946,9,0,57 8 9,1,30,,256947,9,0,57 8 9,1,70,,256948,9,0,7 8 9,1,30,,256949,9,0,7 8 9,1,75,,256950,9,0,5 10 9,1,100,,256951,9,0,5 10 9,1,100,,256952,9,0,5 10 9,1,100,,256953,9,0,5 10 9,1,198,,256954,9,0,5 10 9,1
2701,'20260926',635,,256955,9,0,7 8 9,1,102,,256956,9,0,5 10 9,1,100,,256957,9,0,5 10 9,1,95,,256958,9,0,5 10 9,1,107,,256959,9,0,5 10 9,1,95,,256960,9,0,5 10 9,1,105,,256961,9,0,5 10 9,1,95,,256962,9,0,5 10 9,1,105,,256963,9,0,5 10 9,1,100,,256964,9,0,5 10 9,1,100,,256965,9,0,5 10 9,1,100,,256966,9,0,5 10 9,1,100,,256967,9,0,5 10 9,1,98,,256968,9,0,5 10 9,1,200,,256969,9,0,5 10 9,1,198,,256970,9,0,5 10 9,1
2701,'20260927',635,,256971,9,0,7 8 9,1,102,,256972,9,0,5 10 9,1,100,,256973,9,0,5 10 9,1,95,,256974,9,0,5 10 9,1,107,,256975,9,0,5 10 9,1,95,,256976,9,0,5 10 9,1,105,,256977,9,0,5 10 9,1,95,,256978,9,0,5 10 9,1,105,,256979,9,0,5 10 9,1,100,,256980,9,0,5 10 9,1,100,,256981,9,0,5 10 9,1,100,,256982,9,0,5 10 9,1,100,,256983,9,0,5 10 9,1,98,,256984,9,0,5 10 9,1,200,,256985,9,0,5 10 9,1,198,,256986,9,0,5 10 9,1
2701,'20260928',535,,256987,9,0,7 8 9,1,102,,256988,9,0,57 8 9,1,20,,256989,9,0,57 8 9,1,60,,256990,9,0,34 10 9,1,10,,256991,9,0,57 8 9,1,10,,256992,9,0,34 10 9,1,10,,256993,9,0,57 8 9,1,55,,256994,9,0,34 10 9,1,15,,256995,9,0,57 8 9,1,30,,256996,9,0,57 8 9,1,80,,256997,9,0,7 8 9,1,100,,256998,9,0,5 10 9,1,100,,256999,9,0,5 10 9,1,95,,257000,9,0,5 10 9,1,100,,257001,9,0,5 10 9,1,105,,257002,9,0,57 8 9,1,77,,257003,9,0,34 10 9,1,30,,257004,9,0,57 8 9,1,70,,257005,9,0,57 8 9,1,30,,257006,9,0,57 8 9,1,83,,257007,9,0,57 8 9,1,30,,257008,9,0,57 8 9,1,70,,257009,9,0,7 8 9,1,30,,257010,9,0,7 8 9,1,75,,257011,9,0,5 10 9,1,100,,257012,9,0,5 10 9,1,100,,257013,9,0,5 10 9,1,100,,257014,9,0,5 10 9,1,198,,257015,9,0,5 10 9,1
2701,'20260929',535,,257016,9,0,7 8 9,1,102,,257017,9,0,57 8 9,1,20,,257018,9,0,57 8 9,1,60,,257019,9,0,34 10 9,1,10,,257020,9,0,57 8 9,1,10,,257021,9,0,34 10 9,1,10,,257022,9,0,57 8 9,1,55,,257023,9,0,34 10 9,1,15,,257024,9,0,57 8 9,1,30,,257025,9,0,57 8 9,1,80,,257026,9,0,7 8 9,1,100,,257027,9,0,5 10 9,1,100,,257028,9,0,5 10 9,1,95,,257029,9,0,5 10 9,1,100,,257030,9,0,5 10 9,1,105,,257031,9,0,57 8 9,1,77,,257032,9,0,34 10 9,1,30,,257033,9,0,57 8 9,1,70,,257034,9,0,57 8 9,1,30,,257035,9,0,57 8 9,1,83,,257036,9,0,57 8 9,1,30,,257037,9,0,57 8 9,1,70,,257038,9,0,7 8 9,1,30,,257039,9,0,7 8 9,1,75,,257040,9,0,5 10 9,1,100,,257041,9,0,5 10 9,1,100,,257042,9,0,5 10 9,1,100,,257043,9,0,5 10 9,1,198,,257044,9,0,5 10 9,1
2701,'20260930',535,,257045,9,0,7 8 9,1,102,,257046,9,0,57 8 9,1,20,,257047,9,0,57 8 9,1,60,,257048,9,0,34 10 9,1,10,,257049,9,0,57 8 9,1,10,,257050,9,0,34 10 9,1,10,,257051,9,0,57 8 9,1,55,,257052,9,0,34 10 9,1,15,,257053,9,0,57 8 9,1,30,,257054,9,0,57 8 9,1,80,,257055,9,0,7 8 9,1,100,,257056,9,0,5 10 9,1,100,,257057,9,0,5 10 9,1,95,,257058,9,0,5 10 9,1,100,,257059,9,0,5 10 9,1,105,,257060,9,0,57 8 9,1,77,,257061,9,0,34 10 9,1,30,,257062,9,0,57 8 9,1,70,,257063,9,0,57 8 9,1,30,,257064,9,0,57 8 9,1,83,,257065,9,0,57 8 9,1,30,,257066,9,0,57 8 9,1,70,,257067,9,0,7 8 9,1,30,,257068,9,0,7 8 9,1,75,,257069,9,0,5 10 9,1,100,,257070,9,0,5 10 9,1,100,,257071,9,0,5 10 9,1,100,,257072,9,0,5 10 9,1,198,,257073,9,0,5 10 9,1
2701,'20261001',535,,257074,9,0,7 8 9,1,102,,257075,9,0,57 8 9,1,20,,257076,9,0,57 8 9,1,60,,257077,9,0,34 10 9,1,10,,257078,9,0,57 8 9,1,10,,257079,9,0,34 10 9,1,10,,257080,9,0,57 8 9,1,55,,257081,9,0,34 10 9,1,15,,257082,9,0,57 8 9,1,30,,257083,9,0,57 8 9,1,80,,257084,9,0,7 8 9,1,100,,257085,9,0,5 10 9,1,100,,257086,9,0,5 10 9,1,95,,257087,9,0,5 10 9,1,100,,257088,9,0,5 10 9,1,105,,257089,9,0,57 8 9,1,77,,257090,9,0,34 10 9,1,30,,257091,9,0,57 8 9,1,70,,257092,9,0,57 8 9,1,30,,257093,9,0,57 8 9,1,83,,257094,9,0,57 8 9,1,30,,257095,9,0,57 8 9,1,70,,257096,9,0,7 8 9,1,30,,257097,9,0,7 8 9,1,75,,257098,9,0,5 10 9,1,100,,257099,9,0,5 10 9,1,100,,257100,9,0,5 10 9,1,100,,257101,9,0,5 10 9,1,198,,257102,9,0,5 10 9,1
2701,'20261002',535,,257103,9,0,7 8 9,1,102,,257104,9,0,57 8 9,1,20,,257105,9,0,57 8 9,1,60,,257106,9,0,34 10 9,1,10,,257107,9,0,57 8 9,1,10,,257108,9,0,34 10 9,1,10,,257109,9,0,57 8 9,1,55,,257110,9,0,34 10 9,1,15,,257111,9,0,57 8 9,1,30,,257112,9,0,57 8 9,1,80,,257113,9,0,7 8 9,1,100,,257114,9,0,5 10 9,1,100,,257115,9,0,5 10 9,1,95,,257116,9,0,5 10 9,1,100,,257117,9,0,5 10 9,1,105,,257118,9,0,57 8 9,1,77,,257119,9,0,34 10 9,1,30,,257120,9,0,57 8 9,1,70,,257121,9,0,57 8 9,1,30,,257122,9,0,57 8 9,1,83,,257123,9,0,57 8 9,1,30,,257124,9,0,57 8 9,1,70,,257125,9,0,7 8 9,1,30,,257126,9,0,7 8 9,1,75,,257127,9,0,5 10 9,1,100,,257128,9,0,5 10 9,1,100,,257129,9,0,5 10 9,1,100,,257130,9,0,5 10 9,1,198,,257131,9,0,5 10 9,1
2701,'20261003',635,,257132,9,0,7 8 9,1,102,,257133,9,0,5 10 9,1,100,,257134,9,0,5 10 9,1,95,,257135,9,0,5 10 9,1,107,,257136,9,0,5 10 9,1,95,,257137,9,0,5 10 9,1,105,,257138,9,0,5 10 9,1,95,,257139,9,0,5 10 9,1,105,,257140,9,0,5 10 9,1,100,,257141,9,0,5 10 9,1,100,,257142,9,0,5 10 9,1,100,,257143,9,0,5 10 9,1,100,,257144,9,0,5 10 9,1,98,,257145,9,0,5 10 9,1,200,,257146,9,0,5 10 9,1,198,,257147,9,0,5 10 9,1
2701,'20261004',635,,257148,9,0,7 8 9,1,102,,257149,9,0,5 10 9,1,100,,257150,9,0,5 10 9,1,95,,257151,9,0,5 10 9,1,107,,257152,9,0,5 10 9,1,95,,257153,9,0,5 10 9,1,105,,257154,9,0,5 10 9,1,95,,257155,9,0,5 10 9,1,105,,257156,9,0,5 10 9,1,100,,257157,9,0,5 10 9,1,100,,257158,9,0,5 10 9,1,100,,257159,9,0,5 10 9,1,100,,257160,9,0,5 10 9,1,98,,257161,9,0,5 10 9,1,200,,257162,9,0,5 10 9,1,198,,257163,9,0,5 10 9,1
2701,'20261005',535,,257164,9,0,7 8 9,1,102,,257165,9,0,57 8 9,1,20,,257166,9,0,57 8 9,1,60,,257167,9,0,34 10 9,1,10,,257168,9,0,57 8 9,1,10,,257169,9,0,34 10 9,1,10,,257170,9,0,57 8 9,1,55,,257171,9,0,34 10 9,1,15,,257172,9,0,57 8 9,1,30,,257173,9,0,57 8 9,1,80,,257174,9,0,7 8 9,1,100,,257175,9,0,5 10 9,1,100,,257176,9,0,5 10 9,1,95,,257177,9,0,5 10 9,1,100,,257178,9,0,5 10 9,1,105,,257179,9,0,57 8 9,1,77,,257180,9,0,34 10 9,1,30,,257181,9,0,57 8 9,1,70,,257182,9,0,57 8 9,1,30,,257183,9,0,57 8 9,1,83,,257184,9,0,57 8 9,1,30,,257185,9,0,57 8 9,1,70,,257186,9,0,7 8 9,1,30,,257187,9,0,7 8 9,1,75,,257188,9,0,5 10 9,1,100,,257189,9,0,5 10 9,1,100,,257190,9,0,5 10 9,1,100,,257191,9,0,5 10 9,1,198,,257192,9,0,5 10 9,1
2701,'20261006',535,,257193,9,0,7 8 9,1,102,,257194,9,0,57 8 9,1,20,,257195,9,0,57 8 9,1,60,,257196,9,0,34 10 9,1,10,,257197,9,0,57 8 9,1,10,,257198,9,0,34 10 9,1,10,,257199,9,0,57 8 9,1,55,,257200,9,0,34 10 9,1,15,,257201,9,0,57 8 9,1,30,,257202,9,0,57 8 9,1,80,,257203,9,0,7 8 9,1,100,,257204,9,0,5 10 9,1,100,,257205,9,0,5 10 9,1,95,,257206,9,0,5 10 9,1,100,,257207,9,0,5 10 9,1,105,,257208,9,0,57 8 9,1,77,,257209,9,0,34 10 9,1,30,,257210,9,0,57 8 9,1,70,,257211,9,0,57 8 9,1,30,,257212,9,0,57 8 9,1,83,,257213,9,0,57 8 9,1,30,,257214,9,0,57 8 9,1,70,,257215,9,0,7 8 9,1,30,,257216,9,0,7 8 9,1,75,,257217,9,0,5 10 9,1,100,,257218,9,0,5 10 9,1,100,,257219,9,0,5 10 9,1,100,,257220,9,0,5 10 9,1,198,,257221,9,0,5 10 9,1
2701,'20261007',535,,257222,9,0,7 8 9,1,102,,257223,9,0,57 8 9,1,20,,257224,9,0,57 8 9,1,60,,257225,9,0,34 10 9,1,10,,257226,9,0,57 8 9,1,10,,257227,9,0,34 10 9,1,10,,257228,9,0,57 8 9,1,55,,257229,9,0,34 10 9,1,15,,257230,9,0,57 8 9,1,30,,257231,9,0,57 8 9,1,80,,257232,9,0,7 8 9,1,100,,257233,9,0,5 10 9,1,100,,257234,9,0,5 10 9,1,95,,257235,9,0,5 10 9,1,100,,257236,9,0,5 10 9,1,105,,257237,9,0,57 8 9,1,77,,257238,9,0,34 10 9,1,30,,257239,9,0,57 8 9,1,70,,257240,9,0,57 8 9,1,30,,257241,9,0,57 8 9,1,83,,257242,9,0,57 8 9,1,30,,257243,9,0,57 8 9,1,70,,257244,9,0,7 8 9,1,30,,257245,9,0,7 8 9,1,75,,257246,9,0,5 10 9,1,100,,257247,9,0,5 10 9,1,100,,257248,9,0,5 10 9,1,100,,257249,9,0,5 10 9,1,198,,257250,9,0,5 10 9,1
2701,'20261008',535,,257251,9,0,7 8 9,1,102,,257252,9,0,57 8 9,1,20,,257253,9,0,57 8 9,1,60,,257254,9,0,34 10 9,1,10,,257255,9,0,57 8 9,1,10,,257256,9,0,34 10 9,1,10,,257257,9,0,57 8 9,1,55,,257258,9,0,34 10 9,1,15,,257259,9,0,57 8 9,1,30,,257260,9,0,57 8 9,1,80,,257261,9,0,7 8 9,1,100,,257262,9,0,5 10 9,1,100,,257263,9,0,5 10 9,1,95,,257264,9,0,5 10 9,1,100,,257265,9,0,5 10 9,1,105,,257266,9,0,57 8 9,1,77,,257267,9,0,34 10 9,1,30,,257268,9,0,57 8 9,1,70,,257269,9,0,57 8 9,1,30,,257270,9,0,57 8 9,1,83,,257271,9,0,57 8 9,1,30,,257272,9,0,57 8 9,1,70,,257273,9,0,7 8 9,1,30,,257274,9,0,7 8 9,1,75,,257275,9,0,5 10 9,1,100,,257276,9,0,5 10 9,1,100,,257277,9,0,5 10 9,1,100,,257278,9,0,5 10 9,1,198,,257279,9,0,5 10 9,1
2701,'20261009',535,,257280,9,0,7 8 9,1,102,,257281,9,0,57 8 9,1,20,,257282,9,0,57 8 9,1,60,,257283,9,0,34 10 9,1,10,,257284,9,0,57 8 9,1,10,,257285,9,0,34 10 9,1,10,,257286,9,0,57 8 9,1,55,,257287,9,0,34 10 9,1,15,,257288,9,0,57 8 9,1,30,,257289,9,0,57 8 9,1,80,,257290,9,0,7 8 9,1,100,,257291,9,0,5 10 9,1,100,,257292,9,0,5 10 9,1,95,,257293,9,0,5 10 9,1,100,,257294,9,0,5 10 9,1,105,,257295,9,0,57 8 9,1,77,,257296,9,0,34 10 9,1,30,,257297,9,0,57 8 9,1,70,,257298,9,0,57 8 9,1,30,,257299,9,0,57 8 9,1,83,,257300,9,0,57 8 9,1,30,,257301,9,0,57 8 9,1,70,,257302,9,0,7 8 9,1,30,,257303,9,0,7 8 9,1,75,,257304,9,0,5 10 9,1,100,,257305,9,0,5 10 9,1,100,,257306,9,0,5 10 9,1,100,,257307,9,0,5 10 9,1,198,,257308,9,0,5 10 9,1
2701,'20261010',635,,257309,9,0,7 8 9,1,102,,257310,9,0,5 10 9,1,100,,257311,9,0,5 10 9,1,95,,257312,9,0,5 10 9,1,107,,257313,9,0,5 10 9,1,95,,257314,9,0,5 10 9,1,105,,257315,9,0,5 10 9,1,95,,257316,9,0,5 10 9,1,105,,257317,9,0,5 10 9,1,100,,257318,9,0,5 10 9,1,100,,257319,9,0,5 10 9,1,100,,257320,9,0,5 10 9,1,100,,257321,9,0,5 10 9,1,98,,257322,9,0,5 10 9,1,200,,257323,9,0,5 10 9,1,198,,257324,9,0,5 10 9,1
2701,'20261011',635,,257325,9,0,7 8 9,1,102,,257326,9,0,5 10 9,1,100,,257327,9,0,5 10 9,1,95,,257328,9,0,5 10 9,1,107,,257329,9,0,5 10 9,1,95,,257330,9,0,5 10 9,1,105,,257331,9,0,5 10 9,1,95,,257332,9,0,5 10 9,1,105,,257333,9,0,5 10 9,1,100,,257334,9,0,5 10 9,1,100,,257335,9,0,5 10 9,1,100,,257336,9,0,5 10 9,1,100,,257337,9,0,5 10 9,1,98,,257338,9,0,5 10 9,1,200,,257339,9,0,5 10 9,1,198,,257340,9,0,5 10 9,1
2701,'20261012',635,,257341,9,0,7 8 9,1,102,,257342,9,0,5 10 9,1,100,,257343,9,0,5 10 9,1,95,,257344,9,0,5 10 9,1,107,,257345,9,0,5 10 9,1,95,,257346,9,0,5 10 9,1,105,,257347,9,0,5 10 9,1,95,,257348,9,0,5 10 9,1,105,,257349,9,0,5 10 9,1,100,,257350,9,0,5 10 9,1,100,,257351,9,0,5 10 9,1,100,,257352,9,0,5 10 9,1,100,,257353,9,0,5 10 9,1,98,,257354,9,0,5 10 9,1,200,,257355,9,0,5 10 9,1,198,,257356,9,0,5 10 9,1
2701,'20261013',535,,257357,9,0,7 8 9,1,102,,257358,9,0,57 8 9,1,20,,257359,9,0,57 8 9,1,60,,257360,9,0,34 10 9,1,10,,257361,9,0,57 8 9,1,10,,257362,9,0,34 10 9,1,10,,257363,9,0,57 8 9,1,55,,257364,9,0,34 10 9,1,15,,257365,9,0,57 8 9,1,30,,257366,9,0,57 8 9,1,80,,257367,9,0,7 8 9,1,100,,257368,9,0,5 10 9,1,100,,257369,9,0,5 10 9,1,95,,257370,9,0,5 10 9,1,100,,257371,9,0,5 10 9,1,105,,257372,9,0,57 8 9,1,77,,257373,9,0,34 10 9,1,30,,257374,9,0,57 8 9,1,70,,257375,9,0,57 8 9,1,30,,257376,9,0,57 8 9,1,83,,257377,9,0,57 8 9,1,30,,257378,9,0,57 8 9,1,70,,257379,9,0,7 8 9,1,30,,257380,9,0,7 8 9,1,75,,257381,9,0,5 10 9,1,100,,257382,9,0,5 10 9,1,100,,257383,9,0,5 10 9,1,100,,257384,9,0,5 10 9,1,198,,257385,9,0,5 10 9,1
2701,'20261014',535,,257386,9,0,7 8 9,1,102,,257387,9,0,57 8 9,1,20,,257388,9,0,57 8 9,1,60,,257389,9,0,34 10 9,1,10,,257390,9,0,57 8 9,1,10,,257391,9,0,34 10 9,1,10,,257392,9,0,57 8 9,1,55,,257393,9,0,34 10 9,1,15,,257394,9,0,57 8 9,1,30,,257395,9,0,57 8 9,1,80,,257396,9,0,7 8 9,1,100,,257397,9,0,5 10 9,1,100,,257398,9,0,5 10 9,1,95,,257399,9,0,5 10 9,1,100,,257400,9,0,5 10 9,1,105,,257401,9,0,57 8 9,1,77,,257402,9,0,34 10 9,1,30,,257403,9,0,57 8 9,1,70,,257404,9,0,57 8 9,1,30,,257405,9,0,57 8 9,1,83,,257406,9,0,57 8 9,1,30,,257407,9,0,57 8 9,1,70,,257408,9,0,7 8 9,1,30,,257409,9,0,7 8 9,1,75,,257410,9,0,5 10 9,1,100,,257411,9,0,5 10 9,1,100,,257412,9,0,5 10 9,1,100,,257413,9,0,5 10 9,1,198,,257414,9,0,5 10 9,1
2701,'20261015',535,,257415,9,0,7 8 9,1,102,,257416,9,0,57 8 9,1,20,,257417,9,0,57 8 9,1,60,,257418,9,0,34 10 9,1,10,,257419,9,0,57 8 9,1,10,,257420,9,0,34 10 9,1,10,,257421,9,0,57 8 9,1,55,,257422,9,0,34 10 9,1,15,,257423,9,0,57 8 9,1,30,,257424,9,0,57 8 9,1,80,,257425,9,0,7 8 9,1,100,,257426,9,0,5 10 9,1,100,,257427,9,0,5 10 9,1,95,,257428,9,0,5 10 9,1,100,,257429,9,0,5 10 9,1,105,,257430,9,0,57 8 9,1,77,,257431,9,0,34 10 9,1,30,,257432,9,0,57 8 9,1,70,,257433,9,0,57 8 9,1,30,,257434,9,0,57 8 9,1,83,,257435,9,0,57 8 9,1,30,,257436,9,0,57 8 9,1,70,,257437,9,0,7 8 9,1,30,,257438,9,0,7 8 9,1,75,,257439,9,0,5 10 9,1,100,,257440,9,0,5 10 9,1,100,,257441,9,0,5 10 9,1,100,,257442,9,0,5 10 9,1,198,,257443,9,0,5 10 9,1
2701,'20261016',535,,257444,9,0,7 8 9,1,102,,257445,9,0,57 8 9,1,20,,257446,9,0,57 8 9,1,60,,257447,9,0,34 10 9,1,10,,257448,9,0,57 8 9,1,10,,257449,9,0,34 10 9,1,10,,257450,9,0,57 8 9,1,55,,257451,9,0,34 10 9,1,15,,257452,9,0,57 8 9,1,30,,257453,9,0,57 8 9,1,80,,257454,9,0,7 8 9,1,100,,257455,9,0,5 10 9,1,100,,257456,9,0,5 10 9,1,95,,257457,9,0,5 10 9,1,100,,257458,9,0,5 10 9,1,105,,257459,9,0,57 8 9,1,77,,257460,9,0,34 10 9,1,30,,257461,9,0,57 8 9,1,70,,257462,9,0,57 8 9,1,30,,257463,9,0,57 8 9,1,83,,257464,9,0,57 8 9,1,30,,257465,9,0,57 8 9,1,70,,257466,9,0,7 8 9,1,30,,257467,9,0,7 8 9,1,75,,257468,9,0,5 10 9,1,100,,257469,9,0,5 10 9,1,100,,257470,9,0,5 10 9,1,100,,257471,9,0,5 10 9,1,198,,257472,9,0,5 10 9,1
2701,'20261017',635,,257473,9,0,7 8 9,1,102,,257474,9,0,5 10 9,1,100,,257475,9,0,5 10 9,1,95,,257476,9,0,5 10 9,1,107,,257477,9,0,5 10 9,1,95,,257478,9,0,5 10 9,1,105,,257479,9,0,5 10 9,1,95,,257480,9,0,5 10 9,1,105,,257481,9,0,5 10 9,1,100,,257482,9,0,5 10 9,1,100,,257483,9,0,5 10 9,1,100,,257484,9,0,5 10 9,1,100,,257485,9,0,5 10 9,1,98,,257486,9,0,5 10 9,1,200,,257487,9,0,5 10 9,1,198,,257488,9,0,5 10 9,1
2701,'20261018',635,,257489,9,0,7 8 9,1,102,,257490,9,0,5 10 9,1,100,,257491,9,0,5 10 9,1,95,,257492,9,0,5 10 9,1,107,,257493,9,0,5 10 9,1,95,,257494,9,0,5 10 9,1,105,,257495,9,0,5 10 9,1,95,,257496,9,0,5 10 9,1,105,,257497,9,0,5 10 9,1,100,,257498,9,0,5 10 9,1,100,,257499,9,0,5 10 9,1,100,,257500,9,0,5 10 9,1,100,,257501,9,0,5 10 9,1,98,,257502,9,0,5 10 9,1,200,,257503,9,0,5 10 9,1,198,,257504,9,0,5 10 9,1
2701,'20261019',535,,257505,9,0,7 8 9,1,102,,257506,9,0,57 8 9,1,20,,257507,9,0,57 8 9,1,60,,257508,9,0,34 10 9,1,10,,257509,9,0,57 8 9,1,10,,257510,9,0,34 10 9,1,10,,257511,9,0,57 8 9,1,55,,257512,9,0,34 10 9,1,15,,257513,9,0,57 8 9,1,30,,257514,9,0,57 8 9,1,80,,257515,9,0,7 8 9,1,100,,257516,9,0,5 10 9,1,100,,257517,9,0,5 10 9,1,95,,257518,9,0,5 10 9,1,100,,257519,9,0,5 10 9,1,105,,257520,9,0,57 8 9,1,77,,257521,9,0,34 10 9,1,30,,257522,9,0,57 8 9,1,70,,257523,9,0,57 8 9,1,30,,257524,9,0,57 8 9,1,83,,257525,9,0,57 8 9,1,30,,257526,9,0,57 8 9,1,70,,257527,9,0,7 8 9,1,30,,257528,9,0,7 8 9,1,75,,257529,9,0,5 10 9,1,100,,257530,9,0,5 10 9,1,100,,257531,9,0,5 10 9,1,100,,257532,9,0,5 10 9,1,198,,257533,9,0,5 10 9,1
2701,'20261020',535,,257534,9,0,7 8 9,1,102,,257535,9,0,57 8 9,1,20,,257536,9,0,57 8 9,1,60,,257537,9,0,34 10 9,1,10,,257538,9,0,57 8 9,1,10,,257539,9,0,34 10 9,1,10,,257540,9,0,57 8 9,1,55,,257541,9,0,34 10 9,1,15,,257542,9,0,57 8 9,1,30,,257543,9,0,57 8 9,1,80,,257544,9,0,7 8 9,1,100,,257545,9,0,5 10 9,1,100,,257546,9,0,5 10 9,1,95,,257547,9,0,5 10 9,1,100,,257548,9,0,5 10 9,1,105,,257549,9,0,57 8 9,1,77,,257550,9,0,34 10 9,1,30,,257551,9,0,57 8 9,1,70,,257552,9,0,57 8 9,1,30,,257553,9,0,57 8 9,1,83,,257554,9,0,57 8 9,1,30,,257555,9,0,57 8 9,1,70,,257556,9,0,7 8 9,1,30,,257557,9,0,7 8 9,1,75,,257558,9,0,5 10 9,1,100,,257559,9,0,5 10 9,1,100,,257560,9,0,5 10 9,1,100,,257561,9,0,5 10 9,1,198,,257562,9,0,5 10 9,1
2701,'20261021',535,,257563,9,0,7 8 9,1,102,,257564,9,0,57 8 9,1,20,,257565,9,0,57 8 9,1,60,,257566,9,0,34 10 9,1,10,,257567,9,0,57 8 9,1,10,,257568,9,0,34 10 9,1,10,,257569,9,0,57 8 9,1,55,,257570,9,0,34 10 9,1,15,,257571,9,0,57 8 9,1,30,,257572,9,0,57 8 9,1,80,,257573,9,0,7 8 9,1,100,,257574,9,0,5 10 9,1,100,,257575,9,0,5 10 9,1,95,,257576,9,0,5 10 9,1,100,,257577,9,0,5 10 9,1,105,,257578,9,0,57 8 9,1,77,,257579,9,0,34 10 9,1,30,,257580,9,0,57 8 9,1,70,,257581,9,0,57 8 9,1,30,,257582,9,0,57 8 9,1,83,,257583,9,0,57 8 9,1,30,,257584,9,0,57 8 9,1,70,,257585,9,0,7 8 9,1,30,,257586,9,0,7 8 9,1,75,,257587,9,0,5 10 9,1,100,,257588,9,0,5 10 9,1,100,,257589,9,0,5 10 9,1,100,,257590,9,0,5 10 9,1,198,,257591,9,0,5 10 9,1
2701,'20261022',535,,257592,9,0,7 8 9,1,102,,257593,9,0,57 8 9,1,20,,257594,9,0,57 8 9,1,60,,257595,9,0,34 10 9,1,10,,257596,9,0,57 8 9,1,10,,257597,9,0,34 10 9,1,10,,257598,9,0,57 8 9,1,55,,257599,9,0,34 10 9,1,15,,257600,9,0,57 8 9,1,30,,257601,9,0,57 8 9,1,80,,257602,9,0,7 8 9,1,100,,257603,9,0,5 10 9,1,100,,257604,9,0,5 10 9,1,95,,257605,9,0,5 10 9,1,100,,257606,9,0,5 10 9,1,105,,257607,9,0,57 8 9,1,77,,257608,9,0,34 10 9,1,30,,257609,9,0,57 8 9,1,70,,257610,9,0,57 8 9,1,30,,257611,9,0,57 8 9,1,83,,257612,9,0,57 8 9,1,30,,257613,9,0,57 8 9,1,70,,257614,9,0,7 8 9,1,30,,257615,9,0,7 8 9,1,75,,257616,9,0,5 10 9,1,100,,257617,9,0,5 10 9,1,100,,257618,9,0,5 10 9,1,100,,257619,9,0,5 10 9,1,198,,257620,9,0,5 10 9,1
2701,'20261023',535,,257621,9,0,7 8 9,1,102,,257622,9,0,57 8 9,1,20,,257623,9,0,57 8 9,1,60,,257624,9,0,34 10 9,1,10,,257625,9,0,57 8 9,1,10,,257626,9,0,34 10 9,1,10,,257627,9,0,57 8 9,1,55,,257628,9,0,34 10 9,1,15,,257629,9,0,57 8 9,1,30,,257630,9,0,57 8 9,1,80,,257631,9,0,7 8 9,1,100,,257632,9,0,5 10 9,1,100,,257633,9,0,5 10 9,1,95,,257634,9,0,5 10 9,1,100,,257635,9,0,5 10 9,1,105,,257636,9,0,57 8 9,1,77,,257637,9,0,34 10 9,1,30,,257638,9,0,57 8 9,1,70,,257639,9,0,57 8 9,1,30,,257640,9,0,57 8 9,1,83,,257641,9,0,57 8 9,1,30,,257642,9,0,57 8 9,1,70,,257643,9,0,7 8 9,1,30,,257644,9,0,7 8 9,1,75,,257645,9,0,5 10 9,1,100,,257646,9,0,5 10 9,1,100,,257647,9,0,5 10 9,1,100,,257648,9,0,5 10 9,1,198,,257649,9,0,5 10 9,1
2701,'20261024',635,,257650,9,0,7 8 9,1,102,,257651,9,0,5 10 9,1,100,,257652,9,0,5 10 9,1,95,,257653,9,0,5 10 9,1,107,,257654,9,0,5 10 9,1,95,,257655,9,0,5 10 9,1,105,,257656,9,0,5 10 9,1,95,,257657,9,0,5 10 9,1,105,,257658,9,0,5 10 9,1,100,,257659,9,0,5 10 9,1,100,,257660,9,0,5 10 9,1,100,,257661,9,0,5 10 9,1,100,,257662,9,0,5 10 9,1,98,,257663,9,0,5 10 9,1,200,,257664,9,0,5 10 9,1,198,,257665,9,0,5 10 9,1
2701,'20261025',635,,257666,9,0,7 8 9,1,102,,257667,9,0,5 10 9,1,100,,257668,9,0,5 10 9,1,95,,257669,9,0,5 10 9,1,107,,257670,9,0,5 10 9,1,95,,257671,9,0,5 10 9,1,105,,257672,9,0,5 10 9,1,95,,257673,9,0,5 10 9,1,105,,257674,9,0,5 10 9,1,100,,257675,9,0,5 10 9,1,100,,257676,9,0,5 10 9,1,100,,257677,9,0,5 10 9,1,100,,257678,9,0,5 10 9,1,98,,257679,9,0,5 10 9,1,200,,257680,9,0,5 10 9,1,198,,257681,9,0,5 10 9,1
2701,'20261026',535,,257682,9,0,7 8 9,1,102,,257683,9,0,57 8 9,1,20,,257684,9,0,57 8 9,1,60,,257685,9,0,34 10 9,1,10,,257686,9,0,57 8 9,1,10,,257687,9,0,34 10 9,1,10,,257688,9,0,57 8 9,1,55,,257689,9,0,34 10 9,1,15,,257690,9,0,57 8 9,1,30,,257691,9,0,57 8 9,1,80,,257692,9,0,7 8 9,1,100,,257693,9,0,5 10 9,1,100,,257694,9,0,5 10 9,1,95,,257695,9,0,5 10 9,1,100,,257696,9,0,5 10 9,1,105,,257697,9,0,57 8 9,1,77,,257698,9,0,34 10 9,1,30,,257699,9,0,57 8 9,1,70,,257700,9,0,57 8 9,1,30,,257701,9,0,57 8 9,1,83,,257702,9,0,57 8 9,1,30,,257703,9,0,57 8 9,1,70,,257704,9,0,7 8 9,1,30,,257705,9,0,7 8 9,1,75,,257706,9,0,5 10 9,1,100,,257707,9,0,5 10 9,1,100,,257708,9,0,5 10 9,1,100,,257709,9,0,5 10 9,1,198,,257710,9,0,5 10 9,1
2701,'20261027',535,,257711,9,0,7 8 9,1,102,,257712,9,0,57 8 9,1,20,,257713,9,0,57 8 9,1,60,,257714,9,0,34 10 9,1,10,,257715,9,0,57 8 9,1,10,,257716,9,0,34 10 9,1,10,,257717,9,0,57 8 9,1,55,,257718,9,0,34 10 9,1,15,,257719,9,0,57 8 9,1,30,,257720,9,0,57 8 9,1,80,,257721,9,0,7 8 9,1,100,,257722,9,0,5 10 9,1,100,,257723,9,0,5 10 9,1,95,,257724,9,0,5 10 9,1,100,,257725,9,0,5 10 9,1,105,,257726,9,0,57 8 9,1,77,,257727,9,0,34 10 9,1,30,,257728,9,0,57 8 9,1,70,,257729,9,0,57 8 9,1,30,,257730,9,0,57 8 9,1,83,,257731,9,0,57 8 9,1,30,,257732,9,0,57 8 9,1,70,,257733,9,0,7 8 9,1,30,,257734,9,0,7 8 9,1,75,,257735,9,0,5 10 9,1,100,,257736,9,0,5 10 9,1,100,,257737,9,0,5 10 9,1,100,,257738,9,0,5 10 9,1,198,,257739,9,0,5 10 9,1
2701,'20261028',535,,257740,9,0,7 8 9,1,102,,257741,9,0,57 8 9,1,20,,257742,9,0,57 8 9,1,60,,257743,9,0,34 10 9,1,10,,257744,9,0,57 8 9,1,10,,257745,9,0,34 10 9,1,10,,257746,9,0,57 8 9,1,55,,257747,9,0,34 10 9,1,15,,257748,9,0,57 8 9,1,30,,257749,9,0,57 8 9,1,80,,257750,9,0,7 8 9,1,100,,257751,9,0,5 10 9,1,100,,257752,9,0,5 10 9,1,95,,257753,9,0,5 10 9,1,100,,257754,9,0,5 10 9,1,105,,257755,9,0,57 8 9,1,77,,257756,9,0,34 10 9,1,30,,257757,9,0,57 8 9,1,70,,257758,9,0,57 8 9,1,30,,257759,9,0,57 8 9,1,83,,257760,9,0,57 8 9,1,30,,257761,9,0,57 8 9,1,70,,257762,9,0,7 8 9,1,30,,257763,9,0,7 8 9,1,75,,257764,9,0,5 10 9,1,100,,257765,9,0,5 10 9,1,100,,257766,9,0,5 10 9,1,100,,257767,9,0,5 10 9,1,198,,257768,9,0,5 10 9,1
2701,'20261029',535,,257769,9,0,7 8 9,1,102,,257770,9,0,57 8 9,1,20,,257771,9,0,57 8 9,1,60,,257772,9,0,34 10 9,1,10,,257773,9,0,57 8 9,1,10,,257774,9,0,34 10 9,1,10,,257775,9,0,57 8 9,1,55,,257776,9,0,34 10 9,1,15,,257777,9,0,57 8 9,1,30,,257778,9,0,57 8 9,1,80,,257779,9,0,7 8 9,1,100,,257780,9,0,5 10 9,1,100,,257781,9,0,5 10 9,1,95,,257782,9,0,5 10 9,1,100,,257783,9,0,5 10 9,1,105,,257784,9,0,57 8 9,1,77,,257785,9,0,34 10 9,1,30,,257786,9,0,57 8 9,1,70,,257787,9,0,57 8 9,1,30,,257788,9,0,57 8 9,1,83,,257789,9,0,57 8 9,1,30,,257790,9,0,57 8 9,1,70,,257791,9,0,7 8 9,1,30,,257792,9,0,7 8 9,1,75,,257793,9,0,5 10 9,1,100,,257794,9,0,5 10 9,1,100,,257795,9,0,5 10 9,1,100,,257796,9,0,5 10 9,1,198,,257797,9,0,5 10 9,1
2701,'20261030',535,,257798,9,0,7 8 9,1,102,,257799,9,0,57 8 9,1,20,,257800,9,0,57 8 9,1,60,,257801,9,0,34 10 9,1,10,,257802,9,0,57 8 9,1,10,,257803,9,0,34 10 9,1,10,,257804,9,0,57 8 9,1,55,,257805,9,0,34 10 9,1,15,,257806,9,0,57 8 9,1,30,,257807,9,0,57 8 9,1,80,,257808,9,0,7 8 9,1,100,,257809,9,0,5 10 9,1,100,,257810,9,0,5 10 9,1,95,,257811,9,0,5 10 9,1,100,,257812,9,0,5 10 9,1,105,,257813,9,0,57 8 9,1,77,,257814,9,0,34 10 9,1,30,,257815,9,0,57 8 9,1,70,,257816,9,0,57 8 9,1,30,,257817,9,0,57 8 9,1,83,,257818,9,0,57 8 9,1,30,,257819,9,0,57 8 9,1,70,,257820,9,0,7 8 9,1,30,,257821,9,0,7 8 9,1,75,,257822,9,0,5 10 9,1,100,,257823,9,0,5 10 9,1,100,,257824,9,0,5 10 9,1,100,,257825,9,0,5 10 9,1,198,,257826,9,0,5 10 9,1
2701,'20261031',635,,257827,9,0,7 8 9,1,102,,257828,9,0,5 10 9,1,100,,257829,9,0,5 10 9,1,95,,257830,9,0,5 10 9,1,107,,257831,9,0,5 10 9,1,95,,257832,9,0,5 10 9,1,105,,257833,9,0,5 10 9,1,95,,257834,9,0,5 10 9,1,105,,257835,9,0,5 10 9,1,100,,257836,9,0,5 10 9,1,100,,257837,9,0,5 10 9,1,100,,257838,9,0,5 10 9,1,100,,257839,9,0,5 10 9,1,98,,257840,9,0,5 10 9,1,200,,257841,9,0,5 10 9,1,198,,257842,9,0,5 10 9,1
2701,'20261101',635,,257843,9,0,7 8 9,1,102,,257844,9,0,5 10 9,1,100,,257845,9,0,5 10 9,1,95,,257846,9,0,5 10 9,1,107,,257847,9,0,5 10 9,1,95,,257848,9,0,5 10 9,1,105,,257849,9,0,5 10 9,1,95,,257850,9,0,5 10 9,1,105,,257851,9,0,5 10 9,1,100,,257852,9,0,5 10 9,1,100,,257853,9,0,5 10 9,1,100,,257854,9,0,5 10 9,1,100,,257855,9,0,5 10 9,1,98,,257856,9,0,5 10 9,1,200,,257857,9,0,5 10 9,1,198,,257858,9,0,5 10 9,1
2701,'20261102',535,,257859,9,0,7 8 9,1,102,,257860,9,0,57 8 9,1,20,,257861,9,0,57 8 9,1,60,,257862,9,0,34 10 9,1,10,,257863,9,0,57 8 9,1,10,,257864,9,0,34 10 9,1,10,,257865,9,0,57 8 9,1,55,,257866,9,0,34 10 9,1,15,,257867,9,0,57 8 9,1,30,,257868,9,0,57 8 9,1,80,,257869,9,0,7 8 9,1,100,,257870,9,0,5 10 9,1,100,,257871,9,0,5 10 9,1,95,,257872,9,0,5 10 9,1,100,,257873,9,0,5 10 9,1,105,,257874,9,0,57 8 9,1,77,,257875,9,0,34 10 9,1,30,,257876,9,0,57 8 9,1,70,,257877,9,0,57 8 9,1,30,,257878,9,0,57 8 9,1,83,,257879,9,0,57 8 9,1,30,,257880,9,0,57 8 9,1,70,,257881,9,0,7 8 9,1,30,,257882,9,0,7 8 9,1,75,,257883,9,0,5 10 9,1,100,,257884,9,0,5 10 9,1,100,,257885,9,0,5 10 9,1,100,,257886,9,0,5 10 9,1,198,,257887,9,0,5 10 9,1
2701,'20261103',535,,257888,9,0,7 8 9,1,102,,257889,9,0,57 8 9,1,20,,257890,9,0,57 8 9,1,60,,257891,9,0,34 10 9,1,10,,257892,9,0,57 8 9,1,10,,257893,9,0,34 10 9,1,10,,257894,9,0,57 8 9,1,55,,257895,9,0,34 10 9,1,15,,257896,9,0,57 8 9,1,30,,257897,9,0,57 8 9,1,80,,257898,9,0,7 8 9,1,100,,257899,9,0,5 10 9,1,100,,257900,9,0,5 10 9,1,95,,257901,9,0,5 10 9,1,100,,257902,9,0,5 10 9,1,105,,257903,9,0,57 8 9,1,77,,257904,9,0,34 10 9,1,30,,257905,9,0,57 8 9,1,70,,257906,9,0,57 8 9,1,30,,257907,9,0,57 8 9,1,83,,257908,9,0,57 8 9,1,30,,257909,9,0,57 8 9,1,70,,257910,9,0,7 8 9,1,30,,257911,9,0,7 8 9,1,75,,257912,9,0,5 10 9,1,100,,257913,9,0,5 10 9,1,100,,257914,9,0,5 10 9,1,100,,257915,9,0,5 10 9,1,198,,257916,9,0,5 10 9,1
2701,'20261104',535,,257917,9,0,7 8 9,1,102,,257918,9,0,57 8 9,1,20,,257919,9,0,57 8 9,1,60,,257920,9,0,34 10 9,1,10,,257921,9,0,57 8 9,1,10,,257922,9,0,34 10 9,1,10,,257923,9,0,57 8 9,1,55,,257924,9,0,34 10 9,1,15,,257925,9,0,57 8 9,1,30,,257926,9,0,57 8 9,1,80,,257927,9,0,7 8 9,1,100,,257928,9,0,5 10 9,1,100,,257929,9,0,5 10 9,1,95,,257930,9,0,5 10 9,1,100,,257931,9,0,5 10 9,1,105,,257932,9,0,57 8 9,1,77,,257933,9,0,34 10 9,1,30,,257934,9,0,57 8 9,1,70,,257935,9,0,57 8 9,1,30,,257936,9,0,57 8 9,1,83,,257937,9,0,57 8 9,1,30,,257938,9,0,57 8 9,1,70,,257939,9,0,7 8 9,1,30,,257940,9,0,7 8 9,1,75,,257941,9,0,5 10 9,1,100,,257942,9,0,5 10 9,1,100,,257943,9,0,5 10 9,1,100,,257944,9,0,5 10 9,1,198,,257945,9,0,5 10 9,1
2701,'20261105',535,,257946,9,0,7 8 9,1,102,,257947,9,0,57 8 9,1,20,,257948,9,0,57 8 9,1,60,,257949,9,0,34 10 9,1,10,,257950,9,0,57 8 9,1,10,,257951,9,0,34 10 9,1,10,,257952,9,0,57 8 9,1,55,,257953,9,0,34 10 9,1,15,,257954,9,0,57 8 9,1,30,,257955,9,0,57 8 9,1,80,,257956,9,0,7 8 9,1,100,,257957,9,0,5 10 9,1,100,,257958,9,0,5 10 9,1,95,,257959,9,0,5 10 9,1,100,,257960,9,0,5 10 9,1,105,,257961,9,0,57 8 9,1,77,,257962,9,0,34 10 9,1,30,,257963,9,0,57 8 9,1,70,,257964,9,0,57 8 9,1,30,,257965,9,0,57 8 9,1,83,,257966,9,0,57 8 9,1,30,,257967,9,0,57 8 9,1,70,,257968,9,0,7 8 9,1,30,,257969,9,0,7 8 9,1,75,,257970,9,0,5 10 9,1,100,,257971,9,0,5 10 9,1,100,,257972,9,0,5 10 9,1,100,,257973,9,0,5 10 9,1,198,,257974,9,0,5 10 9,1
2701,'20261106',535,,257975,9,0,7 8 9,1,102,,257976,9,0,57 8 9,1,20,,257977,9,0,57 8 9,1,60,,257978,9,0,34 10 9,1,10,,257979,9,0,57 8 9,1,10,,257980,9,0,34 10 9,1,10,,257981,9,0,57 8 9,1,55,,257982,9,0,34 10 9,1,15,,257983,9,0,57 8 9,1,30,,257984,9,0,57 8 9,1,80,,257985,9,0,7 8 9,1,100,,257986,9,0,5 10 9,1,100,,257987,9,0,5 10 9,1,95,,257988,9,0,5 10 9,1,100,,257989,9,0,5 10 9,1,105,,257990,9,0,57 8 9,1,77,,257991,9,0,34 10 9,1,30,,257992,9,0,57 8 9,1,70,,257993,9,0,57 8 9,1,30,,257994,9,0,57 8 9,1,83,,257995,9,0,57 8 9,1,30,,257996,9,0,57 8 9,1,70,,257997,9,0,7 8 9,1,30,,257998,9,0,7 8 9,1,75,,257999,9,0,5 10 9,1,100,,258000,9,0,5 10 9,1,100,,258001,9,0,5 10 9,1,100,,258002,9,0,5 10 9,1,198,,258003,9,0,5 10 9,1
2701,'20261107',635,,258004,9,0,7 8 9,1,102,,258005,9,0,5 10 9,1,100,,258006,9,0,5 10 9,1,95,,258007,9,0,5 10 9,1,107,,258008,9,0,5 10 9,1,95,,258009,9,0,5 10 9,1,105,,258010,9,0,5 10 9,1,95,,258011,9,0,5 10 9,1,105,,258012,9,0,5 10 9,1,100,,258013,9,0,5 10 9,1,100,,258014,9,0,5 10 9,1,100,,258015,9,0,5 10 9,1,100,,258016,9,0,5 10 9,1,98,,258017,9,0,5 10 9,1,200,,258018,9,0,5 10 9,1,198,,258019,9,0,5 10 9,1
2701,'20261108',635,,258020,9,0,7 8 9,1,102,,258021,9,0,5 10 9,1,100,,258022,9,0,5 10 9,1,95,,258023,9,0,5 10 9,1,107,,258024,9,0,5 10 9,1,95,,258025,9,0,5 10 9,1,105,,258026,9,0,5 10 9,1,95,,258027,9,0,5 10 9,1,105,,258028,9,0,5 10 9,1,100,,258029,9,0,5 10 9,1,100,,258030,9,0,5 10 9,1,100,,258031,9,0,5 10 9,1,100,,258032,9,0,5 10 9,1,98,,258033,9,0,5 10 9,1,200,,258034,9,0,5 10 9,1,198,,258035,9,0,5 10 9,1
2701,'20261109',535,,258036,9,0,7 8 9,1,102,,258037,9,0,57 8 9,1,20,,258038,9,0,57 8 9,1,60,,258039,9,0,34 10 9,1,10,,258040,9,0,57 8 9,1,10,,258041,9,0,34 10 9,1,10,,258042,9,0,57 8 9,1,55,,258043,9,0,34 10 9,1,15,,258044,9,0,57 8 9,1,30,,258045,9,0,57 8 9,1,80,,258046,9,0,7 8 9,1,100,,258047,9,0,5 10 9,1,100,,258048,9,0,5 10 9,1,95,,258049,9,0,5 10 9,1,100,,258050,9,0,5 10 9,1,105,,258051,9,0,57 8 9,1,77,,258052,9,0,34 10 9,1,30,,258053,9,0,57 8 9,1,70,,258054,9,0,57 8 9,1,30,,258055,9,0,57 8 9,1,83,,258056,9,0,57 8 9,1,30,,258057,9,0,57 8 9,1,70,,258058,9,0,7 8 9,1,30,,258059,9,0,7 8 9,1,75,,258060,9,0,5 10 9,1,100,,258061,9,0,5 10 9,1,100,,258062,9,0,5 10 9,1,100,,258063,9,0,5 10 9,1,198,,258064,9,0,5 10 9,1
2701,'20261110',535,,258065,9,0,7 8 9,1,102,,258066,9,0,57 8 9,1,20,,258067,9,0,57 8 9,1,60,,258068,9,0,34 10 9,1,10,,258069,9,0,57 8 9,1,10,,258070,9,0,34 10 9,1,10,,258071,9,0,57 8 9,1,55,,258072,9,0,34 10 9,1,15,,258073,9,0,57 8 9,1,30,,258074,9,0,57 8 9,1,80,,258075,9,0,7 8 9,1,100,,258076,9,0,5 10 9,1,100,,258077,9,0,5 10 9,1,95,,258078,9,0,5 10 9,1,100,,258079,9,0,5 10 9,1,105,,258080,9,0,57 8 9,1,77,,258081,9,0,34 10 9,1,30,,258082,9,0,57 8 9,1,70,,258083,9,0,57 8 9,1,30,,258084,9,0,57 8 9,1,83,,258085,9,0,57 8 9,1,30,,258086,9,0,57 8 9,1,70,,258087,9,0,7 8 9,1,30,,258088,9,0,7 8 9,1,75,,258089,9,0,5 10 9,1,100,,258090,9,0,5 10 9,1,100,,258091,9,0,5 10 9,1,100,,258092,9,0,5 10 9,1,198,,258093,9,0,5 10 9,1
2701,'20261111',535,,258094,9,0,7 8 9,1,102,,258095,9,0,57 8 9,1,20,,258096,9,0,57 8 9,1,60,,258097,9,0,34 10 9,1,10,,258098,9,0,57 8 9,1,10,,258099,9,0,34 10 9,1,10,,258100,9,0,57 8 9,1,55,,258101,9,0,34 10 9,1,15,,258102,9,0,57 8 9,1,30,,258103,9,0,57 8 9,1,80,,258104,9,0,7 8 9,1,100,,258105,9,0,5 10 9,1,100,,258106,9,0,5 10 9,1,95,,258107,9,0,5 10 9,1,100,,258108,9,0,5 10 9,1,105,,258109,9,0,57 8 9,1,77,,258110,9,0,34 10 9,1,30,,258111,9,0,57 8 9,1,70,,258112,9,0,57 8 9,1,30,,258113,9,0,57 8 9,1,83,,258114,9,0,57 8 9,1,30,,258115,9,0,57 8 9,1,70,,258116,9,0,7 8 9,1,30,,258117,9,0,7 8 9,1,75,,258118,9,0,5 10 9,1,100,,258119,9,0,5 10 9,1,100,,258120,9,0,5 10 9,1,100,,258121,9,0,5 10 9,1,198,,258122,9,0,5 10 9,1
2701,'20261112',535,,258123,9,0,7 8 9,1,102,,258124,9,0,57 8 9,1,20,,258125,9,0,57 8 9,1,60,,258126,9,0,34 10 9,1,10,,258127,9,0,57 8 9,1,10,,258128,9,0,34 10 9,1,10,,258129,9,0,57 8 9,1,55,,258130,9,0,34 10 9,1,15,,258131,9,0,57 8 9,1,30,,258132,9,0,57 8 9,1,80,,258133,9,0,7 8 9,1,100,,258134,9,0,5 10 9,1,100,,258135,9,0,5 10 9,1,95,,258136,9,0,5 10 9,1,100,,258137,9,0,5 10 9,1,105,,258138,9,0,57 8 9,1,77,,258139,9,0,34 10 9,1,30,,258140,9,0,57 8 9,1,70,,258141,9,0,57 8 9,1,30,,258142,9,0,57 8 9,1,83,,258143,9,0,57 8 9,1,30,,258144,9,0,57 8 9,1,70,,258145,9,0,7 8 9,1,30,,258146,9,0,7 8 9,1,75,,258147,9,0,5 10 9,1,100,,258148,9,0,5 10 9,1,100,,258149,9,0,5 10 9,1,100,,258150,9,0,5 10 9,1,198,,258151,9,0,5 10 9,1
2701,'20261113',535,,258152,9,0,7 8 9,1,102,,258153,9,0,57 8 9,1,20,,258154,9,0,57 8 9,1,60,,258155,9,0,34 10 9,1,10,,258156,9,0,57 8 9,1,10,,258157,9,0,34 10 9,1,10,,258158,9,0,57 8 9,1,55,,258159,9,0,34 10 9,1,15,,258160,9,0,57 8 9,1,30,,258161,9,0,57 8 9,1,80,,258162,9,0,7 8 9,1,100,,258163,9,0,5 10 9,1,100,,258164,9,0,5 10 9,1,95,,258165,9,0,5 10 9,1,100,,258166,9,0,5 10 9,1,105,,258167,9,0,57 8 9,1,77,,258168,9,0,34 10 9,1,30,,258169,9,0,57 8 9,1,70,,258170,9,0,57 8 9,1,30,,258171,9,0,57 8 9,1,83,,258172,9,0,57 8 9,1,30,,258173,9,0,57 8 9,1,70,,258174,9,0,7 8 9,1,30,,258175,9,0,7 8 9,1,75,,258176,9,0,5 10 9,1,100,,258177,9,0,5 10 9,1,100,,258178,9,0,5 10 9,1,100,,258179,9,0,5 10 9,1,198,,258180,9,0,5 10 9,1
2701,'20261114',635,,258181,9,0,7 8 9,1,102,,258182,9,0,5 10 9,1,100,,258183,9,0,5 10 9,1,95,,258184,9,0,5 10 9,1,107,,258185,9,0,5 10 9,1,95,,258186,9,0,5 10 9,1,105,,258187,9,0,5 10 9,1,95,,258188,9,0,5 10 9,1,105,,258189,9,0,5 10 9,1,100,,258190,9,0,5 10 9,1,100,,258191,9,0,5 10 9,1,100,,258192,9,0,5 10 9,1,100,,258193,9,0,5 10 9,1,98,,258194,9,0,5 10 9,1,200,,258195,9,0,5 10 9,1,198,,258196,9,0,5 10 9,1
2701,'20261115',635,,258197,9,0,7 8 9,1,102,,258198,9,0,5 10 9,1,100,,258199,9,0,5 10 9,1,95,,258200,9,0,5 10 9,1,107,,258201,9,0,5 10 9,1,95,,258202,9,0,5 10 9,1,105,,258203,9,0,5 10 9,1,95,,258204,9,0,5 10 9,1,105,,258205,9,0,5 10 9,1,100,,258206,9,0,5 10 9,1,100,,258207,9,0,5 10 9,1,100,,258208,9,0,5 10 9,1,100,,258209,9,0,5 10 9,1,98,,258210,9,0,5 10 9,1,200,,258211,9,0,5 10 9,1,198,,258212,9,0,5 10 9,1
2701,'20261116',535,,258213,9,0,7 8 9,1,102,,258214,9,0,57 8 9,1,20,,258215,9,0,57 8 9,1,60,,258216,9,0,34 10 9,1,10,,258217,9,0,57 8 9,1,10,,258218,9,0,34 10 9,1,10,,258219,9,0,57 8 9,1,55,,258220,9,0,34 10 9,1,15,,258221,9,0,57 8 9,1,30,,258222,9,0,57 8 9,1,80,,258223,9,0,7 8 9,1,100,,258224,9,0,5 10 9,1,100,,258225,9,0,5 10 9,1,95,,258226,9,0,5 10 9,1,100,,258227,9,0,5 10 9,1,105,,258228,9,0,57 8 9,1,77,,258229,9,0,34 10 9,1,30,,258230,9,0,57 8 9,1,70,,258231,9,0,57 8 9,1,30,,258232,9,0,57 8 9,1,83,,258233,9,0,57 8 9,1,30,,258234,9,0,57 8 9,1,70,,258235,9,0,7 8 9,1,30,,258236,9,0,7 8 9,1,75,,258237,9,0,5 10 9,1,100,,258238,9,0,5 10 9,1,100,,258239,9,0,5 10 9,1,100,,258240,9,0,5 10 9,1,198,,258241,9,0,5 10 9,1
2701,'20261117',535,,258242,9,0,7 8 9,1,102,,258243,9,0,57 8 9,1,20,,258244,9,0,57 8 9,1,60,,258245,9,0,34 10 9,1,10,,258246,9,0,57 8 9,1,10,,258247,9,0,34 10 9,1,10,,258248,9,0,57 8 9,1,55,,258249,9,0,34 10 9,1,15,,258250,9,0,57 8 9,1,30,,258251,9,0,57 8 9,1,80,,258252,9,0,7 8 9,1,100,,258253,9,0,5 10 9,1,100,,258254,9,0,5 10 9,1,95,,258255,9,0,5 10 9,1,100,,258256,9,0,5 10 9,1,105,,258257,9,0,57 8 9,1,77,,258258,9,0,34 10 9,1,30,,258259,9,0,57 8 9,1,70,,258260,9,0,57 8 9,1,30,,258261,9,0,57 8 9,1,83,,258262,9,0,57 8 9,1,30,,258263,9,0,57 8 9,1,70,,258264,9,0,7 8 9,1,30,,258265,9,0,7 8 9,1,75,,258266,9,0,5 10 9,1,100,,258267,9,0,5 10 9,1,100,,258268,9,0,5 10 9,1,100,,258269,9,0,5 10 9,1,198,,258270,9,0,5 10 9,1
2701,'20261118',535,,258271,9,0,7 8 9,1,102,,258272,9,0,57 8 9,1,20,,258273,9,0,57 8 9,1,60,,258274,9,0,34 10 9,1,10,,258275,9,0,57 8 9,1,10,,258276,9,0,34 10 9,1,10,,258277,9,0,57 8 9,1,55,,258278,9,0,34 10 9,1,15,,258279,9,0,57 8 9,1,30,,258280,9,0,57 8 9,1,80,,258281,9,0,7 8 9,1,100,,258282,9,0,5 10 9,1,100,,258283,9,0,5 10 9,1,95,,258284,9,0,5 10 9,1,100,,258285,9,0,5 10 9,1,105,,258286,9,0,57 8 9,1,77,,258287,9,0,34 10 9,1,30,,258288,9,0,57 8 9,1,70,,258289,9,0,57 8 9,1,30,,258290,9,0,57 8 9,1,83,,258291,9,0,57 8 9,1,30,,258292,9,0,57 8 9,1,70,,258293,9,0,7 8 9,1,30,,258294,9,0,7 8 9,1,75,,258295,9,0,5 10 9,1,100,,258296,9,0,5 10 9,1,100,,258297,9,0,5 10 9,1,100,,258298,9,0,5 10 9,1,198,,258299,9,0,5 10 9,1
2701,'20261119',535,,258300,9,0,7 8 9,1,102,,258301,9,0,57 8 9,1,20,,258302,9,0,57 8 9,1,60,,258303,9,0,34 10 9,1,10,,258304,9,0,57 8 9,1,10,,258305,9,0,34 10 9,1,10,,258306,9,0,57 8 9,1,55,,258307,9,0,34 10 9,1,15,,258308,9,0,57 8 9,1,30,,258309,9,0,57 8 9,1,80,,258310,9,0,7 8 9,1,100,,258311,9,0,5 10 9,1,100,,258312,9,0,5 10 9,1,95,,258313,9,0,5 10 9,1,100,,258314,9,0,5 10 9,1,105,,258315,9,0,57 8 9,1,77,,258316,9,0,34 10 9,1,30,,258317,9,0,57 8 9,1,70,,258318,9,0,57 8 9,1,30,,258319,9,0,57 8 9,1,83,,258320,9,0,57 8 9,1,30,,258321,9,0,57 8 9,1,70,,258322,9,0,7 8 9,1,30,,258323,9,0,7 8 9,1,75,,258324,9,0,5 10 9,1,100,,258325,9,0,5 10 9,1,100,,258326,9,0,5 10 9,1,100,,258327,9,0,5 10 9,1,198,,258328,9,0,5 10 9,1
2701,'20261120',535,,258329,9,0,7 8 9,1,102,,258330,9,0,57 8 9,1,20,,258331,9,0,57 8 9,1,60,,258332,9,0,34 10 9,1,10,,258333,9,0,57 8 9,1,10,,258334,9,0,34 10 9,1,10,,258335,9,0,57 8 9,1,55,,258336,9,0,34 10 9,1,15,,258337,9,0,57 8 9,1,30,,258338,9,0,57 8 9,1,80,,258339,9,0,7 8 9,1,100,,258340,9,0,5 10 9,1,100,,258341,9,0,5 10 9,1,95,,258342,9,0,5 10 9,1,100,,258343,9,0,5 10 9,1,105,,258344,9,0,57 8 9,1,77,,258345,9,0,34 10 9,1,30,,258346,9,0,57 8 9,1,70,,258347,9,0,57 8 9,1,30,,258348,9,0,57 8 9,1,83,,258349,9,0,57 8 9,1,30,,258350,9,0,57 8 9,1,70,,258351,9,0,7 8 9,1,30,,258352,9,0,7 8 9,1,75,,258353,9,0,5 10 9,1,100,,258354,9,0,5 10 9,1,100,,258355,9,0,5 10 9,1,100,,258356,9,0,5 10 9,1,198,,258357,9,0,5 10 9,1
2701,'20261121',635,,258358,9,0,7 8 9,1,102,,258359,9,0,5 10 9,1,100,,258360,9,0,5 10 9,1,95,,258361,9,0,5 10 9,1,107,,258362,9,0,5 10 9,1,95,,258363,9,0,5 10 9,1,105,,258364,9,0,5 10 9,1,95,,258365,9,0,5 10 9,1,105,,258366,9,0,5 10 9,1,100,,258367,9,0,5 10 9,1,100,,258368,9,0,5 10 9,1,100,,258369,9,0,5 10 9,1,100,,258370,9,0,5 10 9,1,98,,258371,9,0,5 10 9,1,200,,258372,9,0,5 10 9,1,198,,258373,9,0,5 10 9,1
2701,'20261122',635,,258374,9,0,7 8 9,1,102,,258375,9,0,5 10 9,1,100,,258376,9,0,5 10 9,1,95,,258377,9,0,5 10 9,1,107,,258378,9,0,5 10 9,1,95,,258379,9,0,5 10 9,1,105,,258380,9,0,5 10 9,1,95,,258381,9,0,5 10 9,1,105,,258382,9,0,5 10 9,1,100,,258383,9,0,5 10 9,1,100,,258384,9,0,5 10 9,1,100,,258385,9,0,5 10 9,1,100,,258386,9,0,5 10 9,1,98,,258387,9,0,5 10 9,1,200,,258388,9,0,5 10 9,1,198,,258389,9,0,5 10 9,1
2701,'20261123',535,,258390,9,0,7 8 9,1,102,,258391,9,0,57 8 9,1,20,,258392,9,0,57 8 9,1,60,,258393,9,0,34 10 9,1,10,,258394,9,0,57 8 9,1,10,,258395,9,0,34 10 9,1,10,,258396,9,0,57 8 9,1,55,,258397,9,0,34 10 9,1,15,,258398,9,0,57 8 9,1,30,,258399,9,0,57 8 9,1,80,,258400,9,0,7 8 9,1,100,,258401,9,0,5 10 9,1,100,,258402,9,0,5 10 9,1,95,,258403,9,0,5 10 9,1,100,,258404,9,0,5 10 9,1,105,,258405,9,0,57 8 9,1,77,,258406,9,0,34 10 9,1,30,,258407,9,0,57 8 9,1,70,,258408,9,0,57 8 9,1,30,,258409,9,0,57 8 9,1,83,,258410,9,0,57 8 9,1,30,,258411,9,0,57 8 9,1,70,,258412,9,0,7 8 9,1,30,,258413,9,0,7 8 9,1,75,,258414,9,0,5 10 9,1,100,,258415,9,0,5 10 9,1,100,,258416,9,0,5 10 9,1,100,,258417,9,0,5 10 9,1,198,,258418,9,0,5 10 9,1
2701,'20261124',535,,258419,9,0,7 8 9,1,102,,258420,9,0,57 8 9,1,20,,258421,9,0,57 8 9,1,60,,258422,9,0,34 10 9,1,10,,258423,9,0,57 8 9,1,10,,258424,9,0,34 10 9,1,10,,258425,9,0,57 8 9,1,55,,258426,9,0,34 10 9,1,15,,258427,9,0,57 8 9,1,30,,258428,9,0,57 8 9,1,80,,258429,9,0,7 8 9,1,100,,258430,9,0,5 10 9,1,100,,258431,9,0,5 10 9,1,95,,258432,9,0,5 10 9,1,100,,258433,9,0,5 10 9,1,105,,258434,9,0,57 8 9,1,77,,258435,9,0,34 10 9,1,30,,258436,9,0,57 8 9,1,70,,258437,9,0,57 8 9,1,30,,258438,9,0,57 8 9,1,83,,258439,9,0,57 8 9,1,30,,258440,9,0,57 8 9,1,70,,258441,9,0,7 8 9,1,30,,258442,9,0,7 8 9,1,75,,258443,9,0,5 10 9,1,100,,258444,9,0,5 10 9,1,100,,258445,9,0,5 10 9,1,100,,258446,9,0,5 10 9,1,198,,258447,9,0,5 10 9,1
2701,'20261125',535,,258448,9,0,7 8 9,1,102,,258449,9,0,57 8 9,1,20,,258450,9,0,57 8 9,1,60,,258451,9,0,34 10 9,1,10,,258452,9,0,57 8 9,1,10,,258453,9,0,34 10 9,1,10,,258454,9,0,57 8 9,1,55,,258455,9,0,34 10 9,1,15,,258456,9,0,57 8 9,1,30,,258457,9,0,57 8 9,1,80,,258458,9,0,7 8 9,1,100,,258459,9,0,5 10 9,1,100,,258460,9,0,5 10 9,1,95,,258461,9,0,5 10 9,1,100,,258462,9,0,5 10 9,1,105,,258463,9,0,57 8 9,1,77,,258464,9,0,34 10 9,1,30,,258465,9,0,57 8 9,1,70,,258466,9,0,57 8 9,1,30,,258467,9,0,57 8 9,1,83,,258468,9,0,57 8 9,1,30,,258469,9,0,57 8 9,1,70,,258470,9,0,7 8 9,1,30,,258471,9,0,7 8 9,1,75,,258472,9,0,5 10 9,1,100,,258473,9,0,5 10 9,1,100,,258474,9,0,5 10 9,1,100,,258475,9,0,5 10 9,1,198,,258476,9,0,5 10 9,1
2701,'20261126',535,,258477,9,0,7 8 9,1,102,,258478,9,0,57 8 9,1,20,,258479,9,0,57 8 9,1,60,,258480,9,0,34 10 9,1,10,,258481,9,0,57 8 9,1,10,,258482,9,0,34 10 9,1,10,,258483,9,0,57 8 9,1,55,,258484,9,0,34 10 9,1,15,,258485,9,0,57 8 9,1,30,,258486,9,0,57 8 9,1,80,,258487,9,0,7 8 9,1,100,,258488,9,0,5 10 9,1,100,,258489,9,0,5 10 9,1,95,,258490,9,0,5 10 9,1,100,,258491,9,0,5 10 9,1,105,,258492,9,0,57 8 9,1,77,,258493,9,0,34 10 9,1,30,,258494,9,0,57 8 9,1,70,,258495,9,0,57 8 9,1,30,,258496,9,0,57 8 9,1,83,,258497,9,0,57 8 9,1,30,,258498,9,0,57 8 9,1,70,,258499,9,0,7 8 9,1,30,,258500,9,0,7 8 9,1,75,,258501,9,0,5 10 9,1,100,,258502,9,0,5 10 9,1,100,,258503,9,0,5 10 9,1,100,,258504,9,0,5 10 9,1,198,,258505,9,0,5 10 9,1
2701,'20261127',535,,258506,9,0,7 8 9,1,102,,258507,9,0,57 8 9,1,20,,258508,9,0,57 8 9,1,60,,258509,9,0,34 10 9,1,10,,258510,9,0,57 8 9,1,10,,258511,9,0,34 10 9,1,10,,258512,9,0,57 8 9,1,55,,258513,9,0,34 10 9,1,15,,258514,9,0,57 8 9,1,30,,258515,9,0,57 8 9,1,80,,258516,9,0,7 8 9,1,100,,258517,9,0,5 10 9,1,100,,258518,9,0,5 10 9,1,95,,258519,9,0,5 10 9,1,100,,258520,9,0,5 10 9,1,105,,258521,9,0,57 8 9,1,77,,258522,9,0,34 10 9,1,30,,258523,9,0,57 8 9,1,70,,258524,9,0,57 8 9,1,30,,258525,9,0,57 8 9,1,83,,258526,9,0,57 8 9,1,30,,258527,9,0,57 8 9,1,70,,258528,9,0,7 8 9,1,30,,258529,9,0,7 8 9,1,75,,258530,9,0,5 10 9,1,100,,258531,9,0,5 10 9,1,100,,258532,9,0,5 10 9,1,100,,258533,9,0,5 10 9,1,198,,258534,9,0,5 10 9,1
6700,'20260917',1542,,314728,9,,,1,170,,314729,9,,,1,110,,314730,9,,,1
6700,'20260918',1542,,314731,9,,,1,170,,314732,9,,,1,110,,314733,9,,,1
6700,'20260921',1542,,314734,9,,,1,170,,314735,9,,,1,110,,314736,9,,,1
6700,'20260922',1542,,314737,9,,,1,170,,314738,9,,,1,110,,314739,9,,,1
6700,'20260923',1542,,314740,9,,,1,170,,314741,9,,,1,110,,314742,9,,,1
6700,'20260924',1542,,314743,9,,,1,170,,314744,9,,,1,110,,314745,9,,,1
6700,'20260925',1542,,314746,9,,,1,170,,314747,9,,,1,110,,314748,9,,,1
6700,'20260928',1542,,314749,9,,,1,170,,314750,9,,,1,110,,314751,9,,,1
6700,'20260929',1542,,314752,9,,,1,170,,314753,9,,,1,110,,314754,9,,,1
6700,'20260930',1542,,314755,9,,,1,170,,314756,9,,,1,110,,314757,9,,,1
6700,'20261001',1542,,314758,9,,,1,170,,314759,9,,,1,110,,314760,9,,,1
6700,'20261002',1542,,314761,9,,,1,170,,314762,9,,,1,110,,314763,9,,,1
6700,'20261005',1542,,314764,9,,,1,170,,314765,9,,,1,110,,314766,9,,,1
6700,'20261006',1542,,314767,9,,,1,170,,314768,9,,,1,110,,314769,9,,,1
6700,'20261007',1542,,314770,9,,,1,170,,314771,9,,,1,110,,314772,9,,,1
6700,'20261008',1542,,314773,9,,,1,170,,314774,9,,,1,110,,314775,9,,,1
6700,'20261009',1542,,314776,9,,,1,170,,314777,9,,,1,110,,314778,9,,,1
6700,'20261013',1542,,314779,9,,,1,170,,314780,9,,,1,110,,314781,9,,,1
6700,'20261014',1542,,314782,9,,,1,170,,314783,9,,,1,110,,314784,9,,,1
6700,'20261015',1542,,314785,9,,,1,170,,314786,9,,,1,110,,314787,9,,,1
6700,'20261016',1542,,314788,9,,,1,170,,314789,9,,,1,110,,314790,9,,,1
6700,'20261019',1542,,314791,9,,,1,170,,314792,9,,,1,110,,314793,9,,,1
6700,'20261020',1542,,314794,9,,,1,170,,314795,9,,,1,110,,314796,9,,,1
6700,'20261021',1542,,314797,9,,,1,170,,314798,9,,,1,110,,314799,9,,,1
6700,'20261022',1542,,314800,9,,,1,170,,314801,9,,,1,110,,314802,9,,,1
6700,'20261023',1542,,314803,9,,,1,170,,314804,9,,,1,110,,314805,9,,,1
6700,'20261026',1542,,314806,9,,,1,170,,314807,9,,,1,110,,314808,9,,,1
6700,'20261027',1542,,314809,9,,,1,170,,314810,9,,,1,110,,314811,9,,,1
6700,'20261028',1542,,314812,9,,,1,170,,314813,9,,,1,110,,314814,9,,,1
6700,'20261029',1542,,314815,9,,,1,170,,314816,9,,,1,110,,314817,9,,,1
6700,'20261030',1542,,314818,9,,,1,170,,314819,9,,,1,110,,314820,9,,,1
6700,'20261102',1542,,314821,9,,,1,170,,314822,9,,,1,110,,314823,9,,,1
6700,'20261103',1542,,314824,9,,,1,170,,314825,9,,,1,110,,314826,9,,,1
6700,'20261104',1542,,314827,9,,,1,170,,314828,9,,,1,110,,314829,9,,,1
6700,'20261105',1542,,314830,9,,,1,170,,314831,9,,,1,110,,314832,9,,,1
6700,'20261106',1542,,314833,9,,,1,170,,314834,9,,,1,110,,314835,9,,,1
6700,'20261109',1542,,314836,9,,,1,170,,314837,9,,,1,110,,314838,9,,,1
6700,'20261110',1542,,314839,9,,,1,170,,314840,9,,,1,110,,314841,9,,,1
6700,'20261111',1542,,314842,9,,,1,170,,314843,9,,,1,110,,314844,9,,,1
6700,'20261112',1542,,314845,9,,,1,170,,314846,9,,,1,110,,314847,9,,,1
6700,'20261113',1542,,314848,9,,,1,170,,314849,9,,,1,110,,314850,9,,,1
6700,'20261116',1542,,314851,9,,,1,170,,314852,9,,,1,110,,314853,9,,,1
6700,'20261117',1542,,314854,9,,,1,170,,314855,9,,,1,110,,314856,9,,,1
6700,'20261118',1542,,314857,9,,,1,170,,314858,9,,,1,110,,314859,9,,,1
6700,'20261119',1542,,314860,9,,,1,170,,314861,9,,,1,110,,314862,9,,,1
6700,'20261120',1542,,314863,9,,,1,170,,314864,9,,,1,110,,314865,9,,,1
6700,'20261123',1542,,314866,9,,,1,170,,314867,9,,,1,110,,314868,9,,,1
6700,'20261124',1542,,314869,9,,,1,170,,314870,9,,,1,110,,314871,9,,,1
6700,'20261125',1542,,314872,9,,,1,170,,314873,9,,,1,110,,314874,9,,,1
6700,'20261126',1542,,314875,9,,,1,170,,314876,9,,,1,110,,314877,9,,,1
6700,'20261127',1542,,314878,9,,,1,170,,314879,9,,,1,110,,314880,9,,,1
9600,'20260917',622,,330196,9,0,5 11 12 9,1,90,,330197,9,0,5 11 12 9,1,95,,330198,9,0,5 11 12 9,1,35,,330199,9,0,5 11 12 9,1,65,,330200,9,0,5 11 12 9,1,110,,330201,9,0,5 11 12 9,1,195,,330202,9,0,5 11 12 9,1,201,,330203,9,0,5 11 12 9,1,105,,330204,9,0,5 11 12 9,1,100,,330205,9,0,5 11 12 9,1,30,,330206,9,0,5 11 12 9,1,70,,330207,9,0,5 11 12 9,1,35,,330208,9,0,5 11 12 9,1,65,,330209,9,0,5 11 12 9,1,99,,330210,9,0,5 11 12 9,1,193,,330211,9,0,5 11 12 9,1
9600,'20260918',622,,330212,9,0,5 11 12 9,1,90,,330213,9,0,5 11 12 9,1,95,,330214,9,0,5 11 12 9,1,100,,330215,9,0,5 11 12 9,1,110,,330216,9,0,5 11 12 9,1,195,,330217,9,0,5 11 12 9,1,201,,330218,9,0,5 11 12 9,1,105,,330219,9,0,5 11 12 9,1,100,,330220,9,0,5 11 12 9,1,30,,330221,9,0,5 11 12 9,1,70,,330222,9,0,5 11 12 9,1,35,,330223,9,0,5 11 12 9,1,65,,330224,9,0,5 11 12 9,1,99,,330225,9,0,5 11 12 9,1,193,,330226,9,0,5 11 12 9,1
9600,'20260919',815,,330227,9,0,5 11 12 9,1,202,,330228,9,0,5 11 12 9,1,200,,330229,9,0,5 11 12 9,1,100,,330230,9,0,5 11 12 9,1,100,,330231,9,0,5 11 12 9,1,100,,330232,9,0,5 11 12 9,1,100,,330233,9,0,5 11 12 9,1,100,,330234,9,0,5 11 12 9,1,100,,330235,9,0,5 11 12 9,1,200,,330236,9,0,5 11 12 9,1,198,,330237,9,0,5 11 12 9,1
9600,'20260920',815,,330238,9,0,5 11 12 9,1,202,,330239,9,0,5 11 12 9,1,200,,330240,9,0,5 11 12 9,1,100,,330241,9,0,5 11 12 9,1,100,,330242,9,0,5 11 12 9,1,100,,330243,9,0,5 11 12 9,1,100,,330244,9,0,5 11 12 9,1,100,,330245,9,0,5 11 12 9,1,100,,330246,9,0,5 11 12 9,1,200,,330247,9,0,5 11 12 9,1,198,,330248,9,0,5 11 12 9,1
9600,'20260921',622,,330249,9,0,5 11 12 9,1,90,,330250,9,0,5 11 12 9,1,95,,330251,9,0,5 11 12 9,1,35,,330252,9,0,5 11 12 9,1,65,,330253,9,0,5 11 12 9,1,110,,330254,9,0,5 11 12 9,1,195,,330255,9,0,5 11 12 9,1,201,,330256,9,0,5 11 12 9,1,105,,330257,9,0,5 11 12 9,1,100,,330258,9,0,5 11 12 9,1,30,,330259,9,0,5 11 12 9,1,70,,330260,9,0,5 11 12 9,1,35,,330261,9,0,5 11 12 9,1,65,,330262,9,0,5 11 12 9,1,99,,330263,9,0,5 11 12 9,1,193,,330264,9,0,5 11 12 9,1
9600,'20260922',622,,330265,9,0,5 11 12 9,1,90,,330266,9,0,5 11 12 9,1,95,,330267,9,0,5 11 12 9,1,35,,330268,9,0,5 11 12 9,1,65,,330269,9,0,5 11 12 9,1,110,,330270,9,0,5 11 12 9,1,195,,330271,9,0,5 11 12 9,1,201,,330272,9,0,5 11 12 9,1,105,,330273,9,0,5 11 12 9,1,100,,330274,9,0,5 11 12 9,1,30,,330275,9,0,5 11 12 9,1,70,,330276,9,0,5 11 12 9,1,35,,330277,9,0,5 11 12 9,1,65,,330278,9,0,5 11 12 9,1,99,,330279,9,0,5 11 12 9,1,193,,330280,9,0,5 11 12 9,1
9600,'20260923',622,,330281,9,0,5 11 12 9,1,90,,330282,9,0,5 11 12 9,1,95,,330283,9,0,5 11 12 9,1,35,,330284,9,0,5 11 12 9,1,65,,330285,9,0,5 11 12 9,1,110,,330286,9,0,5 11 12 9,1,195,,330287,9,0,5 11 12 9,1,201,,330288,9,0,5 11 12 9,1,105,,330289,9,0,5 11 12 9,1,100,,330290,9,0,5 11 12 9,1,30,,330291,9,0,5 11 12 9,1,70,,330292,9,0,5 11 12 9,1,35,,330293,9,0,5 11 12 9,1,65,,330294,9,0,5 11 12 9,1,99,,330295,9,0,5 11 12 9,1,193,,330296,9,0,5 11 12 9,1
9600,'20260924',622,,330297,9,0,5 11 12 9,1,90,,330298,9,0,5 11 12 9,1,95,,330299,9,0,5 11 12 9,1,35,,330300,9,0,5 11 12 9,1,65,,330301,9,0,5 11 12 9,1,110,,330302,9,0,5 11 12 9,1,195,,330303,9,0,5 11 12 9,1,201,,330304,9,0,5 11 12 9,1,105,,330305,9,0,5 11 12 9,1,100,,330306,9,0,5 11 12 9,1,30,,330307,9,0,5 11 12 9,1,70,,330308,9,0,5 11 12 9,1,35,,330309,9,0,5 11 12 9,1,65,,330310,9,0,5 11 12 9,1,99,,330311,9,0,5 11 12 9,1,193,,330312,9,0,5 11 12 9,1
9600,'20260925',622,,330313,9,0,5 11 12 9,1,90,,330314,9,0,5 11 12 9,1,95,,330315,9,0,5 11 12 9,1,100,,330316,9,0,5 11 12 9,1,110,,330317,9,0,5 11 12 9,1,195,,330318,9,0,5 11 12 9,1,201,,330319,9,0,5 11 12 9,1,105,,330320,9,0,5 11 12 9,1,100,,330321,9,0,5 11 12 9,1,30,,330322,9,0,5 11 12 9,1,70,,330323,9,0,5 11 12 9,1,35,,330324,9,0,5 11 12 9,1,65,,330325,9,0,5 11 12 9,1,99,,330326,9,0,5 11 12 9,1,193,,330327,9,0,5 11 12 9,1
9600,'20260926',815,,330328,9,0,5 11 12 9,1,202,,330329,9,0,5 11 12 9,1,200,,330330,9,0,5 11 12 9,1,100,,330331,9,0,5 11 12 9,1,100,,330332,9,0,5 11 12 9,1,100,,330333,9,0,5 11 12 9,1,100,,330334,9,0,5 11 12 9,1,100,,330335,9,0,5 11 12 9,1,100,,330336,9,0,5 11 12 9,1,200,,330337,9,0,5 11 12 9,1,198,,330338,9,0,5 11 12 9,1
9600,'20260927',815,,330339,9,0,5 11 12 9,1,202,,330340,9,0,5 11 12 9,1,200,,330341,9,0,5 11 12 9,1,100,,330342,9,0,5 11 12 9,1,100,,330343,9,0,5 11 12 9,1,100,,330344,9,0,5 11 12 9,1,100,,330345,9,0,5 11 12 9,1,100,,330346,9,0,5 11 12 9,1,100,,330347,9,0,5 11 12 9,1,200,,330348,9,0,5 11 12 9,1,198,,330349,9,0,5 11 12 9,1
9600,'20260928',622,,330350,9,0,5 11 12 9,1,90,,330351,9,0,5 11 12 9,1,95,,330352,9,0,5 11 12 9,1,35,,330353,9,0,5 11 12 9,1,65,,330354,9,0,5 11 12 9,1,110,,330355,9,0,5 11 12 9,1,195,,330356,9,0,5 11 12 9,1,201,,330357,9,0,5 11 12 9,1,105,,330358,9,0,5 11 12 9,1,100,,330359,9,0,5 11 12 9,1,30,,330360,9,0,5 11 12 9,1,70,,330361,9,0,5 11 12 9,1,35,,330362,9,0,5 11 12 9,1,65,,330363,9,0,5 11 12 9,1,99,,330364,9,0,5 11 12 9,1,193,,330365,9,0,5 11 12 9,1
9600,'20260929',622,,330366,9,0,5 11 12 9,1,90,,330367,9,0,5 11 12 9,1,95,,330368,9,0,5 11 12 9,1,35,,330369,9,0,5 11 12 9,1,65,,330370,9,0,5 11 12 9,1,110,,330371,9,0,5 11 12 9,1,195,,330372,9,0,5 11 12 9,1,201,,330373,9,0,5 11 12 9,1,105,,330374,9,0,5 11 12 9,1,100,,330375,9,0,5 11 12 9,1,30,,330376,9,0,5 11 12 9,1,70,,330377,9,0,5 11 12 9,1,35,,330378,9,0,5 11 12 9,1,65,,330379,9,0,5 11 12 9,1,99,,330380,9,0,5 11 12 9,1,193,,330381,9,0,5 11 12 9,1
9600,'20260930',622,,330382,9,0,5 11 12 9,1,90,,330383,9,0,5 11 12 9,1,95,,330384,9,0,5 11 12 9,1,35,,330385,9,0,5 11 12 9,1,65,,330386,9,0,5 11 12 9,1,110,,330387,9,0,5 11 12 9,1,195,,330388,9,0,5 11 12 9,1,201,,330389,9,0,5 11 12 9,1,105,,330390,9,0,5 11 12 9,1,100,,330391,9,0,5 11 12 9,1,30,,330392,9,0,5 11 12 9,1,70,,330393,9,0,5 11 12 9,1,35,,330394,9,0,5 11 12 9,1,65,,330395,9,0,5 11 12 9,1,99,,330396,9,0,5 11 12 9,1,193,,330397,9,0,5 11 12 9,1
9600,'20261001',622,,330398,9,0,5 11 12 9,1,90,,330399,9,0,5 11 12 9,1,95,,330400,9,0,5 11 12 9,1,35,,330401,9,0,5 11 12 9,1,65,,330402,9,0,5 11 12 9,1,110,,330403,9,0,5 11 12 9,1,195,,330404,9,0,5 11 12 9,1,201,,330405,9,0,5 11 12 9,1,105,,330406,9,0,5 11 12 9,1,100,,330407,9,0,5 11 12 9,1,30,,330408,9,0,5 11 12 9,1,70,,330409,9,0,5 11 12 9,1,35,,330410,9,0,5 11 12 9,1,65,,330411,9,0,5 11 12 9,1,99,,330412,9,0,5 11 12 9,1,193,,330413,9,0,5 11 12 9,1
9600,'20261002',622,,330414,9,0,5 11 12 9,1,90,,330415,9,0,5 11 12 9,1,95,,330416,9,0,5 11 12 9,1,100,,330417,9,0,5 11 12 9,1,110,,330418,9,0,5 11 12 9,1,195,,330419,9,0,5 11 12 9,1,201,,330420,9,0,5 11 12 9,1,105,,330421,9,0,5 11 12 9,1,100,,330422,9,0,5 11 12 9,1,30,,330423,9,0,5 11 12 9,1,70,,330424,9,0,5 11 12 9,1,35,,330425,9,0,5 11 12 9,1,65,,330426,9,0,5 11 12 9,1,99,,330427,9,0,5 11 12 9,1,193,,330428,9,0,5 11 12 9,1
9600,'20261003',815,,330429,9,0,5 11 12 9,1,202,,330430,9,0,5 11 12 9,1,200,,330431,9,0,5 11 12 9,1,100,,330432,9,0,5 11 12 9,1,100,,330433,9,0,5 11 12 9,1,100,,330434,9,0,5 11 12 9,1,100,,330435,9,0,5 11 12 9,1,100,,330436,9,0,5 11 12 9,1,100,,330437,9,0,5 11 12 9,1,200,,330438,9,0,5 11 12 9,1,198,,330439,9,0,5 11 12 9,1
9600,'20261004',815,,330440,9,0,5 11 12 9,1,202,,330441,9,0,5 11 12 9,1,200,,330442,9,0,5 11 12 9,1,100,,330443,9,0,5 11 12 9,1,100,,330444,9,0,5 11 12 9,1,100,,330445,9,0,5 11 12 9,1,100,,330446,9,0,5 11 12 9,1,100,,330447,9,0,5 11 12 9,1,100,,330448,9,0,5 11 12 9,1,200,,330449,9,0,5 11 12 9,1,198,,330450,9,0,5 11 12 9,1
9600,'20261005',622,,330451,9,0,5 11 12 9,1,90,,330452,9,0,5 11 12 9,1,95,,330453,9,0,5 11 12 9,1,35,,330454,9,0,5 11 12 9,1,65,,330455,9,0,5 11 12 9,1,110,,330456,9,0,5 11 12 9,1,195,,330457,9,0,5 11 12 9,1,201,,330458,9,0,5 11 12 9,1,105,,330459,9,0,5 11 12 9,1,100,,330460,9,0,5 11 12 9,1,30,,330461,9,0,5 11 12 9,1,70,,330462,9,0,5 11 12 9,1,35,,330463,9,0,5 11 12 9,1,65,,330464,9,0,5 11 12 9,1,99,,330465,9,0,5 11 12 9,1,193,,330466,9,0,5 11 12 9,1
9600,'20261006',622,,330467,9,0,5 11 12 9,1,90,,330468,9,0,5 11 12 9,1,95,,330469,9,0,5 11 12 9,1,35,,330470,9,0,5 11 12 9,1,65,,330471,9,0,5 11 12 9,1,110,,330472,9,0,5 11 12 9,1,195,,330473,9,0,5 11 12 9,1,201,,330474,9,0,5 11 12 9,1,105,,330475,9,0,5 11 12 9,1,100,,330476,9,0,5 11 12 9,1,30,,330477,9,0,5 11 12 9,1,70,,330478,9,0,5 11 12 9,1,35,,330479,9,0,5 11 12 9,1,65,,330480,9,0,5 11 12 9,1,99,,330481,9,0,5 11 12 9,1,193,,330482,9,0,5 11 12 9,1
9600,'20261007',622,,330483,9,0,5 11 12 9,1,90,,330484,9,0,5 11 12 9,1,95,,330485,9,0,5 11 12 9,1,35,,330486,9,0,5 11 12 9,1,65,,330487,9,0,5 11 12 9,1,110,,330488,9,0,5 11 12 9,1,195,,330489,9,0,5 11 12 9,1,201,,330490,9,0,5 11 12 9,1,105,,330491,9,0,5 11 12 9,1,100,,330492,9,0,5 11 12 9,1,30,,330493,9,0,5 11 12 9,1,70,,330494,9,0,5 11 12 9,1,35,,330495,9,0,5 11 12 9,1,65,,330496,9,0,5 11 12 9,1,99,,330497,9,0,5 11 12 9,1,193,,330498,9,0,5 11 12 9,1
9600,'20261008',622,,330499,9,0,5 11 12 9,1,90,,330500,9,0,5 11 12 9,1,95,,330501,9,0,5 11 12 9,1,35,,330502,9,0,5 11 12 9,1,65,,330503,9,0,5 11 12 9,1,110,,330504,9,0,5 11 12 9,1,195,,330505,9,0,5 11 12 9,1,201,,330506,9,0,5 11 12 9,1,105,,330507,9,0,5 11 12 9,1,100,,330508,9,0,5 11 12 9,1,30,,330509,9,0,5 11 12 9,1,70,,330510,9,0,5 11 12 9,1,35,,330511,9,0,5 11 12 9,1,65,,330512,9,0,5 11 12 9,1,99,,330513,9,0,5 11 12 9,1,193,,330514,9,0,5 11 12 9,1
9600,'20261009',622,,330515,9,0,5 11 12 9,1,90,,330516,9,0,5 11 12 9,1,95,,330517,9,0,5 11 12 9,1,100,,330518,9,0,5 11 12 9,1,110,,330519,9,0,5 11 12 9,1,195,,330520,9,0,5 11 12 9,1,201,,330521,9,0,5 11 12 9,1,105,,330522,9,0,5 11 12 9,1,100,,330523,9,0,5 11 12 9,1,30,,330524,9,0,5 11 12 9,1,70,,330525,9,0,5 11 12 9,1,35,,330526,9,0,5 11 12 9,1,65,,330527,9,0,5 11 12 9,1,99,,330528,9,0,5 11 12 9,1,193,,330529,9,0,5 11 12 9,1
9600,'20261010',815,,330530,9,0,5 11 12 9,1,202,,330531,9,0,5 11 12 9,1,200,,330532,9,0,5 11 12 9,1,100,,330533,9,0,5 11 12 9,1,100,,330534,9,0,5 11 12 9,1,100,,330535,9,0,5 11 12 9,1,100,,330536,9,0,5 11 12 9,1,100,,330537,9,0,5 11 12 9,1,100,,330538,9,0,5 11 12 9,1,200,,330539,9,0,5 11 12 9,1,198,,330540,9,0,5 11 12 9,1
9600,'20261011',815,,330541,9,0,5 11 12 9,1,202,,330542,9,0,5 11 12 9,1,200,,330543,9,0,5 11 12 9,1,100,,330544,9,0,5 11 12 9,1,100,,330545,9,0,5 11 12 9,1,100,,330546,9,0,5 11 12 9,1,100,,330547,9,0,5 11 12 9,1,100,,330548,9,0,5 11 12 9,1,100,,330549,9,0,5 11 12 9,1,200,,330550,9,0,5 11 12 9,1,198,,330551,9,0,5 11 12 9,1
9600,'20261012',815,,330552,9,0,5 11 12 9,1,202,,330553,9,0,5 11 12 9,1,200,,330554,9,0,5 11 12 9,1,100,,330555,9,0,5 11 12 9,1,100,,330556,9,0,5 11 12 9,1,100,,330557,9,0,5 11 12 9,1,100,,330558,9,0,5 11 12 9,1,100,,330559,9,0,5 11 12 9,1,100,,330560,9,0,5 11 12 9,1,200,,330561,9,0,5 11 12 9,1,198,,330562,9,0,5 11 12 9,1
9600,'20261013',622,,330563,9,0,5 11 12 9,1,90,,330564,9,0,5 11 12 9,1,95,,330565,9,0,5 11 12 9,1,35,,330566,9,0,5 11 12 9,1,65,,330567,9,0,5 11 12 9,1,110,,330568,9,0,5 11 12 9,1,195,,330569,9,0,5 11 12 9,1,201,,330570,9,0,5 11 12 9,1,105,,330571,9,0,5 11 12 9,1,100,,330572,9,0,5 11 12 9,1,30,,330573,9,0,5 11 12 9,1,70,,330574,9,0,5 11 12 9,1,35,,330575,9,0,5 11 12 9,1,65,,330576,9,0,5 11 12 9,1,99,,330577,9,0,5 11 12 9,1,193,,330578,9,0,5 11 12 9,1
9600,'20261014',622,,330579,9,0,5 11 12 9,1,90,,330580,9,0,5 11 12 9,1,95,,330581,9,0,5 11 12 9,1,35,,330582,9,0,5 11 12 9,1,65,,330583,9,0,5 11 12 9,1,110,,330584,9,0,5 11 12 9,1,195,,330585,9,0,5 11 12 9,1,201,,330586,9,0,5 11 12 9,1,105,,330587,9,0,5 11 12 9,1,100,,330588,9,0,5 11 12 9,1,30,,330589,9,0,5 11 12 9,1,70,,330590,9,0,5 11 12 9,1,35,,330591,9,0,5 11 12 9,1,65,,330592,9,0,5 11 12 9,1,99,,330593,9,0,5 11 12 9,1,193,,330594,9,0,5 11 12 9,1
9600,'20261015',622,,330595,9,0,5 11 12 9,1,90,,330596,9,0,5 11 12 9,1,95,,330597,9,0,5 11 12 9,1,35,,330598,9,0,5 11 12 9,1,65,,330599,9,0,5 11 12 9,1,110,,330600,9,0,5 11 12 9,1,195,,330601,9,0,5 11 12 9,1,201,,330602,9,0,5 11 12 9,1,105,,330603,9,0,5 11 12 9,1,100,,330604,9,0,5 11 12 9,1,30,,330605,9,0,5 11 12 9,1,70,,330606,9,0,5 11 12 9,1,35,,330607,9,0,5 11 12 9,1,65,,330608,9,0,5 11 12 9,1,99,,330609,9,0,5 11 12 9,1,193,,330610,9,0,5 11 12 9,1
9600,'20261016',622,,330611,9,0,5 11 12 9,1,90,,330612,9,0,5 11 12 9,1,95,,330613,9,0,5 11 12 9,1,100,,330614,9,0,5 11 12 9,1,110,,330615,9,0,5 11 12 9,1,195,,330616,9,0,5 11 12 9,1,201,,330617,9,0,5 11 12 9,1,105,,330618,9,0,5 11 12 9,1,100,,330619,9,0,5 11 12 9,1,30,,330620,9,0,5 11 12 9,1,70,,330621,9,0,5 11 12 9,1,35,,330622,9,0,5 11 12 9,1,65,,330623,9,0,5 11 12 9,1,99,,330624,9,0,5 11 12 9,1,193,,330625,9,0,5 11 12 9,1
9600,'20261017',815,,330626,9,0,5 11 12 9,1,202,,330627,9,0,5 11 12 9,1,200,,330628,9,0,5 11 12 9,1,100,,330629,9,0,5 11 12 9,1,100,,330630,9,0,5 11 12 9,1,100,,330631,9,0,5 11 12 9,1,100,,330632,9,0,5 11 12 9,1,100,,330633,9,0,5 11 12 9,1,100,,330634,9,0,5 11 12 9,1,200,,330635,9,0,5 11 12 9,1,198,,330636,9,0,5 11 12 9,1
9600,'20261018',815,,330637,9,0,5 11 12 9,1,202,,330638,9,0,5 11 12 9,1,200,,330639,9,0,5 11 12 9,1,100,,330640,9,0,5 11 12 9,1,100,,330641,9,0,5 11 12 9,1,100,,330642,9,0,5 11 12 9,1,100,,330643,9,0,5 11 12 9,1,100,,330644,9,0,5 11 12 9,1,100,,330645,9,0,5 11 12 9,1,200,,330646,9,0,5 11 12 9,1,198,,330647,9,0,5 11 12 9,1
9600,'20261019',622,,330648,9,0,5 11 12 9,1,90,,330649,9,0,5 11 12 9,1,95,,330650,9,0,5 11 12 9,1,35,,330651,9,0,5 11 12 9,1,65,,330652,9,0,5 11 12 9,1,110,,330653,9,0,5 11 12 9,1,195,,330654,9,0,5 11 12 9,1,201,,330655,9,0,5 11 12 9,1,105,,330656,9,0,5 11 12 9,1,100,,330657,9,0,5 11 12 9,1,30,,330658,9,0,5 11 12 9,1,70,,330659,9,0,5 11 12 9,1,35,,330660,9,0,5 11 12 9,1,65,,330661,9,0,5 11 12 9,1,99,,330662,9,0,5 11 12 9,1,193,,330663,9,0,5 11 12 9,1
9600,'20261020',622,,330664,9,0,5 11 12 9,1,90,,330665,9,0,5 11 12 9,1,95,,330666,9,0,5 11 12 9,1,35,,330667,9,0,5 11 12 9,1,65,,330668,9,0,5 11 12 9,1,110,,330669,9,0,5 11 12 9,1,195,,330670,9,0,5 11 12 9,1,201,,330671,9,0,5 11 12 9,1,105,,330672,9,0,5 11 12 9,1,100,,330673,9,0,5 11 12 9,1,30,,330674,9,0,5 11 12 9,1,70,,330675,9,0,5 11 12 9,1,35,,330676,9,0,5 11 12 9,1,65,,330677,9,0,5 11 12 9,1,99,,330678,9,0,5 11 12 9,1,193,,330679,9,0,5 11 12 9,1
9600,'20261021',622,,330680,9,0,5 11 12 9,1,90,,330681,9,0,5 11 12 9,1,95,,330682,9,0,5 11 12 9,1,35,,330683,9,0,5 11 12 9,1,65,,330684,9,0,5 11 12 9,1,110,,330685,9,0,5 11 12 9,1,195,,330686,9,0,5 11 12 9,1,201,,330687,9,0,5 11 12 9,1,105,,330688,9,0,5 11 12 9,1,100,,330689,9,0,5 11 12 9,1,30,,330690,9,0,5 11 12 9,1,70,,330691,9,0,5 11 12 9,1,35,,330692,9,0,5 11 12 9,1,65,,330693,9,0,5 11 12 9,1,99,,330694,9,0,5 11 12 9,1,193,,330695,9,0,5 11 12 9,1
9600,'20261022',622,,330696,9,0,5 11 12 9,1,90,,330697,9,0,5 11 12 9,1,95,,330698,9,0,5 11 12 9,1,35,,330699,9,0,5 11 12 9,1,65,,330700,9,0,5 11 12 9,1,110,,330701,9,0,5 11 12 9,1,195,,330702,9,0,5 11 12 9,1,201,,330703,9,0,5 11 12 9,1,105,,330704,9,0,5 11 12 9,1,100,,330705,9,0,5 11 12 9,1,30,,330706,9,0,5 11 12 9,1,70,,330707,9,0,5 11 12 9,1,35,,330708,9,0,5 11 12 9,1,65,,330709,9,0,5 11 12 9,1,99,,330710,9,0,5 11 12 9,1,193,,330711,9,0,5 11 12 9,1
9600,'20261023',622,,330712,9,0,5 11 12 9,1,90,,330713,9,0,5 11 12 9,1,95,,330714,9,0,5 11 12 9,1,100,,330715,9,0,5 11 12 9,1,110,,330716,9,0,5 11 12 9,1,195,,330717,9,0,5 11 12 9,1,201,,330718,9,0,5 11 12 9,1,105,,330719,9,0,5 11 12 9,1,100,,330720,9,0,5 11 12 9,1,30,,330721,9,0,5 11 12 9,1,70,,330722,9,0,5 11 12 9,1,35,,330723,9,0,5 11 12 9,1,65,,330724,9,0,5 11 12 9,1,99,,330725,9,0,5 11 12 9,1,193,,330726,9,0,5 11 12 9,1
9600,'20261024',815,,330727,9,0,5 11 12 9,1,202,,330728,9,0,5 11 12 9,1,200,,330729,9,0,5 11 12 9,1,100,,330730,9,0,5 11 12 9,1,100,,330731,9,0,5 11 12 9,1,100,,330732,9,0,5 11 12 9,1,100,,330733,9,0,5 11 12 9,1,100,,330734,9,0,5 11 12 9,1,100,,330735,9,0,5 11 12 9,1,200,,330736,9,0,5 11 12 9,1,198,,330737,9,0,5 11 12 9,1
9600,'20261025',815,,330738,9,0,5 11 12 9,1,202,,330739,9,0,5 11 12 9,1,200,,330740,9,0,5 11 12 9,1,100,,330741,9,0,5 11 12 9,1,100,,330742,9,0,5 11 12 9,1,100,,330743,9,0,5 11 12 9,1,100,,330744,9,0,5 11 12 9,1,100,,330745,9,0,5 11 12 9,1,100,,330746,9,0,5 11 12 9,1,200,,330747,9,0,5 11 12 9,1,198,,330748,9,0,5 11 12 9,1
9600,'20261026',622,,330749,9,0,5 11 12 9,1,90,,330750,9,0,5 11 12 9,1,95,,330751,9,0,5 11 12 9,1,35,,330752,9,0,5 11 12 9,1,65,,330753,9,0,5 11 12 9,1,110,,330754,9,0,5 11 12 9,1,195,,330755,9,0,5 11 12 9,1,201,,330756,9,0,5 11 12 9,1,105,,330757,9,0,5 11 12 9,1,100,,330758,9,0,5 11 12 9,1,30,,330759,9,0,5 11 12 9,1,70,,330760,9,0,5 11 12 9,1,35,,330761,9,0,5 11 12 9,1,65,,330762,9,0,5 11 12 9,1,99,,330763,9,0,5 11 12 9,1,193,,330764,9,0,5 11 12 9,1
9600,'20261027',622,,330765,9,0,5 11 12 9,1,90,,330766,9,0,5 11 12 9,1,95,,330767,9,0,5 11 12 9,1,35,,330768,9,0,5 11 12 9,1,65,,330769,9,0,5 11 12 9,1,110,,330770,9,0,5 11 12 9,1,195,,330771,9,0,5 11 12 9,1,201,,330772,9,0,5 11 12 9,1,105,,330773,9,0,5 11 12 9,1,100,,330774,9,0,5 11 12 9,1,30,,330775,9,0,5 11 12 9,1,70,,330776,9,0,5 11 12 9,1,35,,330777,9,0,5 11 12 9,1,65,,330778,9,0,5 11 12 9,1,99,,330779,9,0,5 11 12 9,1,193,,330780,9,0,5 11 12 9,1
9600,'20261028',622,,330781,9,0,5 11 12 9,1,90,,330782,9,0,5 11 12 9,1,95,,330783,9,0,5 11 12 9,1,35,,330784,9,0,5 11 12 9,1,65,,330785,9,0,5 11 12 9,1,110,,330786,9,0,5 11 12 9,1,195,,330787,9,0,5 11 12 9,1,201,,330788,9,0,5 11 12 9,1,105,,330789,9,0,5 11 12 9,1,100,,330790,9,0,5 11 12 9,1,30,,330791,9,0,5 11 12 9,1,70,,330792,9,0,5 11 12 9,1,35,,330793,9,0,5 11 12 9,1,65,,330794,9,0,5 11 12 9,1,99,,330795,9,0,5 11 12 9,1,193,,330796,9,0,5 11 12 9,1
9600,'20261029',622,,330797,9,0,5 11 12 9,1,90,,330798,9,0,5 11 12 9,1,95,,330799,9,0,5 11 12 9,1,35,,330800,9,0,5 11 12 9,1,65,,330801,9,0,5 11 12 9,1,110,,330802,9,0,5 11 12 9,1,195,,330803,9,0,5 11 12 9,1,201,,330804,9,0,5 11 12 9,1,105,,330805,9,0,5 11 12 9,1,100,,330806,9,0,5 11 12 9,1,30,,330807,9,0,5 11 12 9,1,70,,330808,9,0,5 11 12 9,1,35,,330809,9,0,5 11 12 9,1,65,,330810,9,0,5 11 12 9,1,99,,330811,9,0,5 11 12 9,1,193,,330812,9,0,5 11 12 9,1
9600,'20261030',622,,330813,9,0,5 11 12 9,1,90,,330814,9,0,5 11 12 9,1,95,,330815,9,0,5 11 12 9,1,100,,330816,9,0,5 11 12 9,1,110,,330817,9,0,5 11 12 9,1,195,,330818,9,0,5 11 12 9,1,201,,330819,9,0,5 11 12 9,1,105,,330820,9,0,5 11 12 9,1,100,,330821,9,0,5 11 12 9,1,30,,330822,9,0,5 11 12 9,1,70,,330823,9,0,5 11 12 9,1,35,,330824,9,0,5 11 12 9,1,65,,330825,9,0,5 11 12 9,1,99,,330826,9,0,5 11 12 9,1,193,,330827,9,0,5 11 12 9,1
9600,'20261031',815,,330828,9,0,5 11 12 9,1,202,,330829,9,0,5 11 12 9,1,200,,330830,9,0,5 11 12 9,1,100,,330831,9,0,5 11 12 9,1,100,,330832,9,0,5 11 12 9,1,100,,330833,9,0,5 11 12 9,1,100,,330834,9,0,5 11 12 9,1,100,,330835,9,0,5 11 12 9,1,100,,330836,9,0,5 11 12 9,1,200,,330837,9,0,5 11 12 9,1,198,,330838,9,0,5 11 12 9,1
9600,'20261101',815,,330839,9,0,5 11 12 9,1,202,,330840,9,0,5 11 12 9,1,200,,330841,9,0,5 11 12 9,1,100,,330842,9,0,5 11 12 9,1,100,,330843,9,0,5 11 12 9,1,100,,330844,9,0,5 11 12 9,1,100,,330845,9,0,5 11 12 9,1,100,,330846,9,0,5 11 12 9,1,100,,330847,9,0,5 11 12 9,1,200,,330848,9,0,5 11 12 9,1,198,,330849,9,0,5 11 12 9,1
9600,'20261102',622,,330850,9,0,5 11 12 9,1,90,,330851,9,0,5 11 12 9,1,95,,330852,9,0,5 11 12 9,1,35,,330853,9,0,5 11 12 9,1,65,,330854,9,0,5 11 12 9,1,110,,330855,9,0,5 11 12 9,1,195,,330856,9,0,5 11 12 9,1,201,,330857,9,0,5 11 12 9,1,105,,330858,9,0,5 11 12 9,1,100,,330859,9,0,5 11 12 9,1,30,,330860,9,0,5 11 12 9,1,70,,330861,9,0,5 11 12 9,1,35,,330862,9,0,5 11 12 9,1,65,,330863,9,0,5 11 12 9,1,99,,330864,9,0,5 11 12 9,1,193,,330865,9,0,5 11 12 9,1
9600,'20261103',622,,330866,9,0,5 11 12 9,1,90,,330867,9,0,5 11 12 9,1,95,,330868,9,0,5 11 12 9,1,35,,330869,9,0,5 11 12 9,1,65,,330870,9,0,5 11 12 9,1,110,,330871,9,0,5 11 12 9,1,195,,330872,9,0,5 11 12 9,1,201,,330873,9,0,5 11 12 9,1,105,,330874,9,0,5 11 12 9,1,100,,330875,9,0,5 11 12 9,1,30,,330876,9,0,5 11 12 9,1,70,,330877,9,0,5 11 12 9,1,35,,330878,9,0,5 11 12 9,1,65,,330879,9,0,5 11 12 9,1,99,,330880,9,0,5 11 12 9,1,193,,330881,9,0,5 11 12 9,1
9600,'20261104',622,,330882,9,0,5 11 12 9,1,90,,330883,9,0,5 11 12 9,1,95,,330884,9,0,5 11 12 9,1,35,,330885,9,0,5 11 12 9,1,65,,330886,9,0,5 11 12 9,1,110,,330887,9,0,5 11 12 9,1,195,,330888,9,0,5 11 12 9,1,201,,330889,9,0,5 11 12 9,1,105,,330890,9,0,5 11 12 9,1,100,,330891,9,0,5 11 12 9,1,30,,330892,9,0,5 11 12 9,1,70,,330893,9,0,5 11 12 9,1,35,,330894,9,0,5 11 12 9,1,65,,330895,9,0,5 11 12 9,1,99,,330896,9,0,5 11 12 9,1,193,,330897,9,0,5 11 12 9,1
9600,'20261105',622,,330898,9,0,5 11 12 9,1,90,,330899,9,0,5 11 12 9,1,95,,330900,9,0,5 11 12 9,1,35,,330901,9,0,5 11 12 9,1,65,,330902,9,0,5 11 12 9,1,110,,330903,9,0,5 11 12 9,1,195,,330904,9,0,5 11 12 9,1,201,,330905,9,0,5 11 12 9,1,105,,330906,9,0,5 11 12 9,1,100,,330907,9,0,5 11 12 9,1,30,,330908,9,0,5 11 12 9,1,70,,330909,9,0,5 11 12 9,1,35,,330910,9,0,5 11 12 9,1,65,,330911,9,0,5 11 12 9,1,99,,330912,9,0,5 11 12 9,1,193,,330913,9,0,5 11 12 9,1
9600,'20261106',622,,330914,9,0,5 11 12 9,1,90,,330915,9,0,5 11 12 9,1,95,,330916,9,0,5 11 12 9,1,100,,330917,9,0,5 11 12 9,1,110,,330918,9,0,5 11 12 9,1,195,,330919,9,0,5 11 12 9,1,201,,330920,9,0,5 11 12 9,1,105,,330921,9,0,5 11 12 9,1,100,,330922,9,0,5 11 12 9,1,30,,330923,9,0,5 11 12 9,1,70,,330924,9,0,5 11 12 9,1,35,,330925,9,0,5 11 12 9,1,65,,330926,9,0,5 11 12 9,1,99,,330927,9,0,5 11 12 9,1,193,,330928,9,0,5 11 12 9,1
9600,'20261107',815,,330929,9,0,5 11 12 9,1,202,,330930,9,0,5 11 12 9,1,200,,330931,9,0,5 11 12 9,1,100,,330932,9,0,5 11 12 9,1,100,,330933,9,0,5 11 12 9,1,100,,330934,9,0,5 11 12 9,1,100,,330935,9,0,5 11 12 9,1,100,,330936,9,0,5 11 12 9,1,100,,330937,9,0,5 11 12 9,1,200,,330938,9,0,5 11 12 9,1,198,,330939,9,0,5 11 12 9,1
9600,'20261108',815,,330940,9,0,5 11 12 9,1,202,,330941,9,0,5 11 12 9,1,200,,330942,9,0,5 11 12 9,1,100,,330943,9,0,5 11 12 9,1,100,,330944,9,0,5 11 12 9,1,100,,330945,9,0,5 11 12 9,1,100,,330946,9,0,5 11 12 9,1,100,,330947,9,0,5 11 12 9,1,100,,330948,9,0,5 11 12 9,1,200,,330949,9,0,5 11 12 9,1,198,,330950,9,0,5 11 12 9,1
9600,'20261109',622,,330951,9,0,5 11 12 9,1,90,,330952,9,0,5 11 12 9,1,95,,330953,9,0,5 11 12 9,1,35,,330954,9,0,5 11 12 9,1,65,,330955,9,0,5 11 12 9,1,110,,330956,9,0,5 11 12 9,1,195,,330957,9,0,5 11 12 9,1,201,,330958,9,0,5 11 12 9,1,105,,330959,9,0,5 11 12 9,1,100,,330960,9,0,5 11 12 9,1,30,,330961,9,0,5 11 12 9,1,70,,330962,9,0,5 11 12 9,1,35,,330963,9,0,5 11 12 9,1,65,,330964,9,0,5 11 12 9,1,99,,330965,9,0,5 11 12 9,1,193,,330966,9,0,5 11 12 9,1
9600,'20261110',622,,330967,9,0,5 11 12 9,1,90,,330968,9,0,5 11 12 9,1,95,,330969,9,0,5 11 12 9,1,35,,330970,9,0,5 11 12 9,1,65,,330971,9,0,5 11 12 9,1,110,,330972,9,0,5 11 12 9,1,195,,330973,9,0,5 11 12 9,1,201,,330974,9,0,5 11 12 9,1,105,,330975,9,0,5 11 12 9,1,100,,330976,9,0,5 11 12 9,1,30,,330977,9,0,5 11 12 9,1,70,,330978,9,0,5 11 12 9,1,35,,330979,9,0,5 11 12 9,1,65,,330980,9,0,5 11 12 9,1,99,,330981,9,0,5 11 12 9,1,193,,330982,9,0,5 11 12 9,1
9600,'20261111',622,,330983,9,0,5 11 12 9,1,90,,330984,9,0,5 11 12 9,1,95,,330985,9,0,5 11 12 9,1,35,,330986,9,0,5 11 12 9,1,65,,330987,9,0,5 11 12 9,1,110,,330988,9,0,5 11 12 9,1,195,,330989,9,0,5 11 12 9,1,201,,330990,9,0,5 11 12 9,1,105,,330991,9,0,5 11 12 9,1,100,,330992,9,0,5 11 12 9,1,30,,330993,9,0,5 11 12 9,1,70,,330994,9,0,5 11 12 9,1,35,,330995,9,0,5 11 12 9,1,65,,330996,9,0,5 11 12 9,1,99,,330997,9,0,5 11 12 9,1,193,,330998,9,0,5 11 12 9,1
9600,'20261112',622,,330999,9,0,5 11 12 9,1,90,,331000,9,0,5 11 12 9,1,95,,331001,9,0,5 11 12 9,1,35,,331002,9,0,5 11 12 9,1,65,,331003,9,0,5 11 12 9,1,110,,331004,9,0,5 11 12 9,1,195,,331005,9,0,5 11 12 9,1,201,,331006,9,0,5 11 12 9,1,105,,331007,9,0,5 11 12 9,1,100,,331008,9,0,5 11 12 9,1,30,,331009,9,0,5 11 12 9,1,70,,331010,9,0,5 11 12 9,1,35,,331011,9,0,5 11 12 9,1,65,,331012,9,0,5 11 12 9,1,99,,331013,9,0,5 11 12 9,1,193,,331014,9,0,5 11 12 9,1
9600,'20261113',622,,331015,9,0,5 11 12 9,1,90,,331016,9,0,5 11 12 9,1,95,,331017,9,0,5 11 12 9,1,100,,331018,9,0,5 11 12 9,1,110,,331019,9,0,5 11 12 9,1,195,,331020,9,0,5 11 12 9,1,201,,331021,9,0,5 11 12 9,1,105,,331022,9,0,5 11 12 9,1,100,,331023,9,0,5 11 12 9,1,30,,331024,9,0,5 11 12 9,1,70,,331025,9,0,5 11 12 9,1,35,,331026,9,0,5 11 12 9,1,65,,331027,9,0,5 11 12 9,1,99,,331028,9,0,5 11 12 9,1,193,,331029,9,0,5 11 12 9,1
9600,'20261114',815,,331030,9,0,5 11 12 9,1,202,,331031,9,0,5 11 12 9,1,200,,331032,9,0,5 11 12 9,1,100,,331033,9,0,5 11 12 9,1,100,,331034,9,0,5 11 12 9,1,100,,331035,9,0,5 11 12 9,1,100,,331036,9,0,5 11 12 9,1,100,,331037,9,0,5 11 12 9,1,100,,331038,9,0,5 11 12 9,1,200,,331039,9,0,5 11 12 9,1,198,,331040,9,0,5 11 12 9,1
9600,'20261115',815,,331041,9,0,5 11 12 9,1,202,,331042,9,0,5 11 12 9,1,200,,331043,9,0,5 11 12 9,1,100,,331044,9,0,5 11 12 9,1,100,,331045,9,0,5 11 12 9,1,100,,331046,9,0,5 11 12 9,1,100,,331047,9,0,5 11 12 9,1,100,,331048,9,0,5 11 12 9,1,100,,331049,9,0,5 11 12 9,1,200,,331050,9,0,5 11 12 9,1,198,,331051,9,0,5 11 12 9,1
9600,'20261116',622,,331052,9,0,5 11 12 9,1,90,,331053,9,0,5 11 12 9,1,95,,331054,9,0,5 11 12 9,1,35,,331055,9,0,5 11 12 9,1,65,,331056,9,0,5 11 12 9,1,110,,331057,9,0,5 11 12 9,1,195,,331058,9,0,5 11 12 9,1,201,,331059,9,0,5 11 12 9,1,105,,331060,9,0,5 11 12 9,1,100,,331061,9,0,5 11 12 9,1,30,,331062,9,0,5 11 12 9,1,70,,331063,9,0,5 11 12 9,1,35,,331064,9,0,5 11 12 9,1,65,,331065,9,0,5 11 12 9,1,99,,331066,9,0,5 11 12 9,1,193,,331067,9,0,5 11 12 9,1
9600,'20261117',622,,331068,9,0,5 11 12 9,1,90,,331069,9,0,5 11 12 9,1,95,,331070,9,0,5 11 12 9,1,35,,331071,9,0,5 11 12 9,1,65,,331072,9,0,5 11 12 9,1,110,,331073,9,0,5 11 12 9,1,195,,331074,9,0,5 11 12 9,1,201,,331075,9,0,5 11 12 9,1,105,,331076,9,0,5 11 12 9,1,100,,331077,9,0,5 11 12 9,1,30,,331078,9,0,5 11 12 9,1,70,,331079,9,0,5 11 12 9,1,35,,331080,9,0,5 11 12 9,1,65,,331081,9,0,5 11 12 9,1,99,,331082,9,0,5 11 12 9,1,193,,331083,9,0,5 11 12 9,1
9600,'20261118',622,,331084,9,0,5 11 12 9,1,90,,331085,9,0,5 11 12 9,1,95,,331086,9,0,5 11 12 9,1,35,,331087,9,0,5 11 12 9,1,65,,331088,9,0,5 11 12 9,1,110,,331089,9,0,5 11 12 9,1,195,,331090,9,0,5 11 12 9,1,201,,331091,9,0,5 11 12 9,1,105,,331092,9,0,5 11 12 9,1,100,,331093,9,0,5 11 12 9,1,30,,331094,9,0,5 11 12 9,1,70,,331095,9,0,5 11 12 9,1,35,,331096,9,0,5 11 12 9,1,65,,331097,9,0,5 11 12 9,1,99,,331098,9,0,5 11 12 9,1,193,,331099,9,0,5 11 12 9,1
9600,'20261119',622,,331100,9,0,5 11 12 9,1,90,,331101,9,0,5 11 12 9,1,95,,331102,9,0,5 11 12 9,1,35,,331103,9,0,5 11 12 9,1,65,,331104,9,0,5 11 12 9,1,110,,331105,9,0,5 11 12 9,1,195,,331106,9,0,5 11 12 9,1,201,,331107,9,0,5 11 12 9,1,105,,331108,9,0,5 11 12 9,1,100,,331109,9,0,5 11 12 9,1,30,,331110,9,0,5 11 12 9,1,70,,331111,9,0,5 11 12 9,1,35,,331112,9,0,5 11 12 9,1,65,,331113,9,0,5 11 12 9,1,99,,331114,9,0,5 11 12 9,1,193,,331115,9,0,5 11 12 9,1
9600,'20261120',622,,331116,9,0,5 11 12 9,1,90,,331117,9,0,5 11 12 9,1,95,,331118,9,0,5 11 12 9,1,100,,331119,9,0,5 11 12 9,1,110,,331120,9,0,5 11 12 9,1,195,,331121,9,0,5 11 12 9,1,201,,331122,9,0,5 11 12 9,1,105,,331123,9,0,5 11 12 9,1,100,,331124,9,0,5 11 12 9,1,30,,331125,9,0,5 11 12 9,1,70,,331126,9,0,5 11 12 9,1,35,,331127,9,0,5 11 12 9,1,65,,331128,9,0,5 11 12 9,1,99,,331129,9,0,5 11 12 9,1,193,,331130,9,0,5 11 12 9,1
9600,'20261121',815,,331131,9,0,5 11 12 9,1,202,,331132,9,0,5 11 12 9,1,200,,331133,9,0,5 11 12 9,1,100,,331134,9,0,5 11 12 9,1,100,,331135,9,0,5 11 12 9,1,100,,331136,9,0,5 11 12 9,1,100,,331137,9,0,5 11 12 9,1,100,,331138,9,0,5 11 12 9,1,100,,331139,9,0,5 11 12 9,1,200,,331140,9,0,5 11 12 9,1,198,,331141,9,0,5 11 12 9,1
9600,'20261122',815,,331142,9,0,5 11 12 9,1,202,,331143,9,0,5 11 12 9,1,200,,331144,9,0,5 11 12 9,1,100,,331145,9,0,5 11 12 9,1,100,,331146,9,0,5 11 12 9,1,100,,331147,9,0,5 11 12 9,1,100,,331148,9,0,5 11 12 9,1,100,,331149,9,0,5 11 12 9,1,100,,331150,9,0,5 11 12 9,1,200,,331151,9,0,5 11 12 9,1,198,,331152,9,0,5 11 12 9,1
9600,'20261123',622,,331153,9,0,5 11 12 9,1,90,,331154,9,0,5 11 12 9,1,95,,331155,9,0,5 11 12 9,1,35,,331156,9,0,5 11 12 9,1,65,,331157,9,0,5 11 12 9,1,110,,331158,9,0,5 11 12 9,1,195,,331159,9,0,5 11 12 9,1,201,,331160,9,0,5 11 12 9,1,105,,331161,9,0,5 11 12 9,1,100,,331162,9,0,5 11 12 9,1,30,,331163,9,0,5 11 12 9,1,70,,331164,9,0,5 11 12 9,1,35,,331165,9,0,5 11 12 9,1,65,,331166,9,0,5 11 12 9,1,99,,331167,9,0,5 11 12 9,1,193,,331168,9,0,5 11 12 9,1
9600,'20261124',622,,331169,9,0,5 11 12 9,1,90,,331170,9,0,5 11 12 9,1,95,,331171,9,0,5 11 12 9,1,35,,331172,9,0,5 11 12 9,1,65,,331173,9,0,5 11 12 9,1,110,,331174,9,0,5 11 12 9,1,195,,331175,9,0,5 11 12 9,1,201,,331176,9,0,5 11 12 9,1,105,,331177,9,0,5 11 12 9,1,100,,331178,9,0,5 11 12 9,1,30,,331179,9,0,5 11 12 9,1,70,,331180,9,0,5 11 12 9,1,35,,331181,9,0,5 11 12 9,1,65,,331182,9,0,5 11 12 9,1,99,,331183,9,0,5 11 12 9,1,193,,331184,9,0,5 11 12 9,1
9600,'20261125',622,,331185,9,0,5 11 12 9,1,90,,331186,9,0,5 11 12 9,1,95,,331187,9,0,5 11 12 9,1,35,,331188,9,0,5 11 12 9,1,65,,331189,9,0,5 11 12 9,1,110,,331190,9,0,5 11 12 9,1,195,,331191,9,0,5 11 12 9,1,201,,331192,9,0,5 11 12 9,1,105,,331193,9,0,5 11 12 9,1,100,,331194,9,0,5 11 12 9,1,30,,331195,9,0,5 11 12 9,1,70,,331196,9,0,5 11 12 9,1,35,,331197,9,0,5 11 12 9,1,65,,331198,9,0,5 11 12 9,1,99,,331199,9,0,5 11 12 9,1,193,,331200,9,0,5 11 12 9,1
9600,'20261126',622,,331201,9,0,5 11 12 9,1,90,,331202,9,0,5 11 12 9,1,95,,331203,9,0,5 11 12 9,1,35,,331204,9,0,5 11 12 9,1,65,,331205,9,0,5 11 12 9,1,110,,331206,9,0,5 11 12 9,1,195,,331207,9,0,5 11 12 9,1,201,,331208,9,0,5 11 12 9,1,105,,331209,9,0,5 11 12 9,1,100,,331210,9,0,5 11 12 9,1,30,,331211,9,0,5 11 12 9,1,70,,331212,9,0,5 11 12 9,1,35,,331213,9,0,5 11 12 9,1,65,,331214,9,0,5 11 12 9,1,99,,331215,9,0,5 11 12 9,1,193,,331216,9,0,5 11 12 9,1
9600,'20261127',622,,331217,9,0,5 11 12 9,1,90,,331218,9,0,5 11 12 9,1,95,,331219,9,0,5 11 12 9,1,100,,331220,9,0,5 11 12 9,1,110,,331221,9,0,5 11 12 9,1,195,,331222,9,0,5 11 12 9,1,201,,331223,9,0,5 11 12 9,1,105,,331224,9,0,5 11 12 9,1,100,,331225,9,0,5 11 12 9,1,30,,331226,9,0,5 11 12 9,1,70,,331227,9,0,5 11 12 9,1,35,,331228,9,0,5 11 12 9,1,65,,331229,9,0,5 11 12 9,1,99,,331230,9,0,5 11 12 9,1,193,,331231,9,0,5 11 12 9,1
