2100,'20260831',413,,143571,22,,,1,35,,143572,22,,,1,65,,143573,22,,,1,414,,143575,22,0,7 29 30,1,20,,143578,22,0,7 29 30,1,60,,143580,22,0,7 29 30,1,20,,143581,22,0,7 29 30,1,20,,143584,22,0,7 29 30,1,60,,143586,22,0,7 29 30,1,20,,143587,22,0,7 29 30,1,20,,143590,22,0,7 29 30,1,70,,143591,22,0,7 29 30,1,30,,143594,22,0,7 29 30,1,70,,143595,22,0,7 29 30,1,30,,143598,22,0,7 29 30,1,95,,143601,22,0,7 29 30,1,102,,143603,22,0,7 29 30,1,106,,143607,22,,,1,105,,143608,22,,,1,95,,143609,22,,,1,100,,143610,22,,,1,99,,143611,22,,,1,101,,143612,22,,,1,99,,143613,22,,,1,100,,143614,22,,,1,104,,143615,22,,,1
2100,'20260901',413,,143616,22,,,1,35,,143617,22,,,1,65,,143618,22,,,1,414,,143620,22,0,7 29 30,1,20,,143623,22,0,7 29 30,1,60,,143625,22,0,7 29 30,1,20,,143626,22,0,7 29 30,1,20,,143629,22,0,7 29 30,1,60,,143631,22,0,7 29 30,1,20,,143632,22,0,7 29 30,1,20,,143635,22,0,7 29 30,1,70,,143636,22,0,7 29 30,1,30,,143639,22,0,7 29 30,1,70,,143640,22,0,7 29 30,1,30,,143643,22,0,7 29 30,1,95,,143646,22,0,7 29 30,1,102,,143648,22,0,7 29 30,1,106,,143652,22,,,1,105,,143653,22,,,1,95,,143654,22,,,1,100,,143655,22,,,1,99,,143656,22,,,1,101,,143657,22,,,1,99,,143658,22,,,1,100,,143659,22,,,1,104,,143660,22,,,1
2100,'20260902',413,,143661,22,,,1,35,,143662,22,,,1,65,,143663,22,,,1,414,,143665,22,0,7 29 30,1,20,,143668,22,0,7 29 30,1,60,,143670,22,0,7 29 30,1,20,,143671,22,0,7 29 30,1,20,,143674,22,0,7 29 30,1,60,,143676,22,0,7 29 30,1,20,,143677,22,0,7 29 30,1,20,,143680,22,0,7 29 30,1,70,,143681,22,0,7 29 30,1,30,,143684,22,0,7 29 30,1,70,,143685,22,0,7 29 30,1,30,,143688,22,0,7 29 30,1,95,,143691,22,0,7 29 30,1,102,,143693,22,0,7 29 30,1,106,,143697,22,,,1,105,,143698,22,,,1,95,,143699,22,,,1,100,,143700,22,,,1,99,,143701,22,,,1,101,,143702,22,,,1,99,,143703,22,,,1,100,,143704,22,,,1,104,,143705,22,,,1
2100,'20260903',413,,143706,22,,,1,35,,143707,22,,,1,65,,143708,22,,,1,414,,143710,22,0,7 29 30,1,20,,143713,22,0,7 29 30,1,60,,143715,22,0,7 29 30,1,20,,143716,22,0,7 29 30,1,20,,143719,22,0,7 29 30,1,60,,143721,22,0,7 29 30,1,20,,143722,22,0,7 29 30,1,20,,143725,22,0,7 29 30,1,70,,143726,22,0,7 29 30,1,30,,143729,22,0,7 29 30,1,70,,143730,22,0,7 29 30,1,30,,143733,22,0,7 29 30,1,95,,143736,22,0,7 29 30,1,102,,143738,22,0,7 29 30,1,106,,143742,22,,,1,105,,143743,22,,,1,95,,143744,22,,,1,100,,143745,22,,,1,99,,143746,22,,,1,101,,143747,22,,,1,99,,143748,22,,,1,100,,143749,22,,,1,104,,143750,22,,,1
2100,'20260904',413,,143751,22,,,1,35,,143752,22,,,1,65,,143753,22,,,1,414,,143755,22,0,7 29 30,1,20,,143758,22,0,7 29 30,1,60,,143760,22,0,7 29 30,1,20,,143761,22,0,7 29 30,1,20,,143764,22,0,7 29 30,1,60,,143766,22,0,7 29 30,1,20,,143767,22,0,7 29 30,1,20,,143770,22,0,7 29 30,1,70,,143771,22,0,7 29 30,1,30,,143774,22,0,7 29 30,1,70,,143775,22,0,7 29 30,1,30,,143778,22,0,7 29 30,1,95,,143781,22,0,7 29 30,1,102,,143783,22,0,7 29 30,1,106,,143787,22,,,1,105,,143788,22,,,1,95,,143789,22,,,1,100,,143790,22,,,1,99,,143791,22,,,1,101,,143792,22,,,1,99,,143793,22,,,1,100,,143794,22,,,1,104,,143795,22,,,1
2100,'20260905',514,,240513,22,0,57 29 30,1,100,,240514,22,0,57 29 30,1,33,,240515,22,0,57 29 30,1,105,,240517,22,0,7 29 30,1,100,,240520,22,0,7 29 30,1,100,,240524,22,0,7 29 30,1,95,,240528,22,0,7 29 30,1,105,,240532,22,0,7 29 30,1,100,,240535,22,0,7 29 30,1,100,,240538,22,0,7 29 30,1,100,,240541,22,0,7 29 30,1,100,,240544,22,0,7 29 30,1,95,,240547,22,0,7 29 30,1,98,,240550,22,0,7 29 30,1,105,,240552,22,0,7 29 30,1,100,,240555,22,0,57 29 30,1,95,,240556,22,0,57 29 30,1,101,,240557,22,0,57 29 30,1,95,,240558,22,0,57 29 30,1,102,,240559,22,0,57 29 30,1,100,,240560,22,0,57 29 30,1
2100,'20260906',514,,240561,22,0,57 29 30,1,100,,240562,22,0,57 29 30,1,33,,240563,22,0,57 29 30,1,105,,240564,22,0,7 29 30,1,100,,240566,22,0,7 29 30,1,100,,240569,22,0,7 29 30,1,95,,240572,22,0,7 29 30,1,105,,240576,22,0,7 29 30,1,100,,240579,22,0,7 29 30,1,100,,240582,22,0,7 29 30,1,100,,240585,22,0,7 29 30,1,100,,240588,22,0,7 29 30,1,95,,240591,22,0,7 29 30,1,98,,240594,22,0,7 29 30,1,105,,240596,22,0,7 29 30,1,100,,240598,22,0,57 29 30,1,95,,240599,22,0,57 29 30,1,101,,240600,22,0,57 29 30,1,95,,240601,22,0,57 29 30,1,102,,240602,22,0,57 29 30,1,100,,240603,22,0,57 29 30,1
2100,'20260907',514,,240604,22,0,57 29 30,1,100,,240605,22,0,57 29 30,1,33,,240606,22,0,57 29 30,1,105,,240608,22,0,7 29 30,1,100,,240611,22,0,7 29 30,1,100,,240615,22,0,7 29 30,1,95,,240619,22,0,7 29 30,1,105,,240623,22,0,7 29 30,1,100,,240626,22,0,7 29 30,1,100,,240629,22,0,7 29 30,1,100,,240632,22,0,7 29 30,1,100,,240635,22,0,7 29 30,1,95,,240638,22,0,7 29 30,1,98,,240641,22,0,7 29 30,1,105,,240643,22,0,7 29 30,1,100,,240646,22,0,57 29 30,1,95,,240647,22,0,57 29 30,1,101,,240648,22,0,57 29 30,1,95,,240649,22,0,57 29 30,1,102,,240650,22,0,57 29 30,1,100,,240651,22,0,57 29 30,1
2100,'20260908',413,,240652,22,,,1,35,,240653,22,,,1,65,,240654,22,,,1,413,,240656,22,0,7 29 30,1,20,,240659,22,0,7 29 30,1,60,,240661,22,0,7 29 30,1,25,,240662,22,0,7 29 30,1,15,,240665,22,0,7 29 30,1,60,,240667,22,0,7 29 30,1,20,,240668,22,0,7 29 30,1,20,,240671,22,0,7 29 30,1,70,,240672,22,0,7 29 30,1,30,,240675,22,0,7 29 30,1,70,,240676,22,0,7 29 30,1,31,,240679,22,0,7 29 30,1,95,,240682,22,0,7 29 30,1,102,,240684,22,0,7 29 30,1,106,,240688,22,,,1,105,,240689,22,,,1,93,,240690,22,,,1,100,,240691,22,,,1,99,,240692,22,,,1,102,,240693,22,,,1,99,,240694,22,,,1,100,,240695,22,,,1,104,,240696,22,,,1
2100,'20260909',413,,240697,22,,,1,35,,240698,22,,,1,65,,240699,22,,,1,413,,240701,22,0,7 29 30,1,20,,240704,22,0,7 29 30,1,60,,240706,22,0,7 29 30,1,25,,240707,22,0,7 29 30,1,15,,240710,22,0,7 29 30,1,60,,240712,22,0,7 29 30,1,20,,240713,22,0,7 29 30,1,20,,240716,22,0,7 29 30,1,70,,240717,22,0,7 29 30,1,30,,240720,22,0,7 29 30,1,70,,240721,22,0,7 29 30,1,31,,240724,22,0,7 29 30,1,95,,240727,22,0,7 29 30,1,102,,240729,22,0,7 29 30,1,106,,240733,22,,,1,105,,240734,22,,,1,93,,240735,22,,,1,100,,240736,22,,,1,99,,240737,22,,,1,102,,240738,22,,,1,99,,240739,22,,,1,100,,240740,22,,,1,104,,240741,22,,,1
2100,'20260910',413,,240742,22,,,1,35,,240743,22,,,1,65,,240744,22,,,1,413,,240746,22,0,7 29 30,1,20,,240749,22,0,7 29 30,1,60,,240751,22,0,7 29 30,1,25,,240752,22,0,7 29 30,1,15,,240755,22,0,7 29 30,1,60,,240757,22,0,7 29 30,1,20,,240758,22,0,7 29 30,1,20,,240761,22,0,7 29 30,1,70,,240762,22,0,7 29 30,1,30,,240765,22,0,7 29 30,1,70,,240766,22,0,7 29 30,1,31,,240769,22,0,7 29 30,1,95,,240772,22,0,7 29 30,1,102,,240774,22,0,7 29 30,1,106,,240778,22,,,1,105,,240779,22,,,1,93,,240780,22,,,1,100,,240781,22,,,1,99,,240782,22,,,1,102,,240783,22,,,1,99,,240784,22,,,1,100,,240785,22,,,1,104,,240786,22,,,1
2100,'20260911',413,,240787,22,,,1,35,,240788,22,,,1,65,,240789,22,,,1,413,,240791,22,0,7 29 30,1,20,,240794,22,0,7 29 30,1,60,,240796,22,0,7 29 30,1,25,,240797,22,0,7 29 30,1,15,,240800,22,0,7 29 30,1,60,,240802,22,0,7 29 30,1,20,,240803,22,0,7 29 30,1,20,,240806,22,0,7 29 30,1,70,,240807,22,0,7 29 30,1,30,,240810,22,0,7 29 30,1,70,,240811,22,0,7 29 30,1,31,,240814,22,0,7 29 30,1,95,,240817,22,0,7 29 30,1,102,,240819,22,0,7 29 30,1,106,,240823,22,,,1,105,,240824,22,,,1,93,,240825,22,,,1,100,,240826,22,,,1,99,,240827,22,,,1,102,,240828,22,,,1,99,,240829,22,,,1,100,,240830,22,,,1,104,,240831,22,,,1
2100,'20260912',514,,240832,22,0,57 29 30,1,100,,240833,22,0,57 29 30,1,33,,240834,22,0,57 29 30,1,105,,240836,22,0,7 29 30,1,100,,240839,22,0,7 29 30,1,100,,240843,22,0,7 29 30,1,95,,240847,22,0,7 29 30,1,105,,240851,22,0,7 29 30,1,100,,240854,22,0,7 29 30,1,100,,240857,22,0,7 29 30,1,100,,240860,22,0,7 29 30,1,100,,240863,22,0,7 29 30,1,95,,240866,22,0,7 29 30,1,98,,240869,22,0,7 29 30,1,105,,240871,22,0,7 29 30,1,100,,240874,22,0,57 29 30,1,95,,240875,22,0,57 29 30,1,101,,240876,22,0,57 29 30,1,95,,240877,22,0,57 29 30,1,102,,240878,22,0,57 29 30,1,100,,240879,22,0,57 29 30,1
2100,'20260913',514,,240880,22,0,57 29 30,1,100,,240881,22,0,57 29 30,1,33,,240882,22,0,57 29 30,1,105,,240883,22,0,7 29 30,1,100,,240885,22,0,7 29 30,1,100,,240888,22,0,7 29 30,1,95,,240891,22,0,7 29 30,1,105,,240895,22,0,7 29 30,1,100,,240898,22,0,7 29 30,1,100,,240901,22,0,7 29 30,1,100,,240904,22,0,7 29 30,1,100,,240907,22,0,7 29 30,1,95,,240910,22,0,7 29 30,1,98,,240913,22,0,7 29 30,1,105,,240915,22,0,7 29 30,1,100,,240917,22,0,57 29 30,1,95,,240918,22,0,57 29 30,1,101,,240919,22,0,57 29 30,1,95,,240920,22,0,57 29 30,1,102,,240921,22,0,57 29 30,1,100,,240922,22,0,57 29 30,1
2100,'20260914',413,,240923,22,,,1,35,,240924,22,,,1,65,,240925,22,,,1,413,,240927,22,0,7 29 30,1,20,,240930,22,0,7 29 30,1,60,,240932,22,0,7 29 30,1,25,,240933,22,0,7 29 30,1,15,,240936,22,0,7 29 30,1,60,,240938,22,0,7 29 30,1,20,,240939,22,0,7 29 30,1,20,,240942,22,0,7 29 30,1,70,,240943,22,0,7 29 30,1,30,,240946,22,0,7 29 30,1,70,,240947,22,0,7 29 30,1,31,,240950,22,0,7 29 30,1,95,,240953,22,0,7 29 30,1,102,,240955,22,0,7 29 30,1,106,,240959,22,,,1,105,,240960,22,,,1,93,,240961,22,,,1,100,,240962,22,,,1,99,,240963,22,,,1,102,,240964,22,,,1,99,,240965,22,,,1,100,,240966,22,,,1,104,,240967,22,,,1
2100,'20260915',413,,240968,22,,,1,35,,240969,22,,,1,65,,240970,22,,,1,413,,240972,22,0,7 29 30,1,20,,240975,22,0,7 29 30,1,60,,240977,22,0,7 29 30,1,25,,240978,22,0,7 29 30,1,15,,240981,22,0,7 29 30,1,60,,240983,22,0,7 29 30,1,20,,240984,22,0,7 29 30,1,20,,240987,22,0,7 29 30,1,70,,240988,22,0,7 29 30,1,30,,240991,22,0,7 29 30,1,70,,240992,22,0,7 29 30,1,31,,240995,22,0,7 29 30,1,95,,240998,22,0,7 29 30,1,102,,241000,22,0,7 29 30,1,106,,241004,22,,,1,105,,241005,22,,,1,93,,241006,22,,,1,100,,241007,22,,,1,99,,241008,22,,,1,102,,241009,22,,,1,99,,241010,22,,,1,100,,241011,22,,,1,104,,241012,22,,,1
2100,'20260916',413,,241013,22,,,1,35,,241014,22,,,1,65,,241015,22,,,1,413,,241017,22,0,7 29 30,1,20,,241020,22,0,7 29 30,1,60,,241022,22,0,7 29 30,1,25,,241023,22,0,7 29 30,1,15,,241026,22,0,7 29 30,1,60,,241028,22,0,7 29 30,1,20,,241029,22,0,7 29 30,1,20,,241032,22,0,7 29 30,1,70,,241033,22,0,7 29 30,1,30,,241036,22,0,7 29 30,1,70,,241037,22,0,7 29 30,1,31,,241040,22,0,7 29 30,1,95,,241043,22,0,7 29 30,1,102,,241045,22,0,7 29 30,1,106,,241049,22,,,1,105,,241050,22,,,1,93,,241051,22,,,1,100,,241052,22,,,1,99,,241053,22,,,1,102,,241054,22,,,1,99,,241055,22,,,1,100,,241056,22,,,1,104,,241057,22,,,1
2100,'20260917',413,,241058,22,,,1,35,,241059,22,,,1,65,,241060,22,,,1,413,,241062,22,0,7 29 30,1,20,,241065,22,0,7 29 30,1,60,,241067,22,0,7 29 30,1,25,,241068,22,0,7 29 30,1,15,,241071,22,0,7 29 30,1,60,,241073,22,0,7 29 30,1,20,,241074,22,0,7 29 30,1,20,,241077,22,0,7 29 30,1,70,,241078,22,0,7 29 30,1,30,,241081,22,0,7 29 30,1,70,,241082,22,0,7 29 30,1,31,,241085,22,0,7 29 30,1,95,,241088,22,0,7 29 30,1,102,,241090,22,0,7 29 30,1,106,,241094,22,,,1,105,,241095,22,,,1,93,,241096,22,,,1,100,,241097,22,,,1,99,,241098,22,,,1,102,,241099,22,,,1,99,,241100,22,,,1,100,,241101,22,,,1,104,,241102,22,,,1
2100,'20260918',413,,241103,22,,,1,35,,241104,22,,,1,65,,241105,22,,,1,413,,241107,22,0,7 29 30,1,20,,241110,22,0,7 29 30,1,60,,241112,22,0,7 29 30,1,25,,241113,22,0,7 29 30,1,15,,241116,22,0,7 29 30,1,60,,241118,22,0,7 29 30,1,20,,241119,22,0,7 29 30,1,20,,241122,22,0,7 29 30,1,70,,241123,22,0,7 29 30,1,30,,241126,22,0,7 29 30,1,70,,241127,22,0,7 29 30,1,31,,241130,22,0,7 29 30,1,95,,241133,22,0,7 29 30,1,102,,241135,22,0,7 29 30,1,106,,241139,22,,,1,105,,241140,22,,,1,93,,241141,22,,,1,100,,241142,22,,,1,99,,241143,22,,,1,102,,241144,22,,,1,99,,241145,22,,,1,100,,241146,22,,,1,104,,241147,22,,,1
2100,'20260919',514,,241148,22,0,57 29 30,1,100,,241149,22,0,57 29 30,1,33,,241150,22,0,57 29 30,1,105,,241152,22,0,7 29 30,1,100,,241155,22,0,7 29 30,1,100,,241159,22,0,7 29 30,1,95,,241163,22,0,7 29 30,1,105,,241167,22,0,7 29 30,1,100,,241170,22,0,7 29 30,1,100,,241173,22,0,7 29 30,1,100,,241176,22,0,7 29 30,1,100,,241179,22,0,7 29 30,1,95,,241182,22,0,7 29 30,1,98,,241185,22,0,7 29 30,1,105,,241187,22,0,7 29 30,1,100,,241190,22,0,57 29 30,1,95,,241191,22,0,57 29 30,1,101,,241192,22,0,57 29 30,1,95,,241193,22,0,57 29 30,1,102,,241194,22,0,57 29 30,1,100,,241195,22,0,57 29 30,1
2100,'20260920',514,,241196,22,0,57 29 30,1,100,,241197,22,0,57 29 30,1,33,,241198,22,0,57 29 30,1,105,,241199,22,0,7 29 30,1,100,,241201,22,0,7 29 30,1,100,,241204,22,0,7 29 30,1,95,,241207,22,0,7 29 30,1,105,,241211,22,0,7 29 30,1,100,,241214,22,0,7 29 30,1,100,,241217,22,0,7 29 30,1,100,,241220,22,0,7 29 30,1,100,,241223,22,0,7 29 30,1,95,,241226,22,0,7 29 30,1,98,,241229,22,0,7 29 30,1,105,,241231,22,0,7 29 30,1,100,,241233,22,0,57 29 30,1,95,,241234,22,0,57 29 30,1,101,,241235,22,0,57 29 30,1,95,,241236,22,0,57 29 30,1,102,,241237,22,0,57 29 30,1,100,,241238,22,0,57 29 30,1
2100,'20260921',413,,241239,22,,,1,35,,241240,22,,,1,65,,241241,22,,,1,413,,241243,22,0,7 29 30,1,20,,241246,22,0,7 29 30,1,60,,241248,22,0,7 29 30,1,25,,241249,22,0,7 29 30,1,15,,241252,22,0,7 29 30,1,60,,241254,22,0,7 29 30,1,20,,241255,22,0,7 29 30,1,20,,241258,22,0,7 29 30,1,70,,241259,22,0,7 29 30,1,30,,241262,22,0,7 29 30,1,70,,241263,22,0,7 29 30,1,31,,241266,22,0,7 29 30,1,95,,241269,22,0,7 29 30,1,102,,241271,22,0,7 29 30,1,106,,241275,22,,,1,105,,241276,22,,,1,93,,241277,22,,,1,100,,241278,22,,,1,99,,241279,22,,,1,102,,241280,22,,,1,99,,241281,22,,,1,100,,241282,22,,,1,104,,241283,22,,,1
2100,'20260922',413,,241284,22,,,1,35,,241285,22,,,1,65,,241286,22,,,1,413,,241288,22,0,7 29 30,1,20,,241291,22,0,7 29 30,1,60,,241293,22,0,7 29 30,1,25,,241294,22,0,7 29 30,1,15,,241297,22,0,7 29 30,1,60,,241299,22,0,7 29 30,1,20,,241300,22,0,7 29 30,1,20,,241303,22,0,7 29 30,1,70,,241304,22,0,7 29 30,1,30,,241307,22,0,7 29 30,1,70,,241308,22,0,7 29 30,1,31,,241311,22,0,7 29 30,1,95,,241314,22,0,7 29 30,1,102,,241316,22,0,7 29 30,1,106,,241320,22,,,1,105,,241321,22,,,1,93,,241322,22,,,1,100,,241323,22,,,1,99,,241324,22,,,1,102,,241325,22,,,1,99,,241326,22,,,1,100,,241327,22,,,1,104,,241328,22,,,1
2100,'20260923',413,,241329,22,,,1,35,,241330,22,,,1,65,,241331,22,,,1,413,,241333,22,0,7 29 30,1,20,,241336,22,0,7 29 30,1,60,,241338,22,0,7 29 30,1,25,,241339,22,0,7 29 30,1,15,,241342,22,0,7 29 30,1,60,,241344,22,0,7 29 30,1,20,,241345,22,0,7 29 30,1,20,,241348,22,0,7 29 30,1,70,,241349,22,0,7 29 30,1,30,,241352,22,0,7 29 30,1,70,,241353,22,0,7 29 30,1,31,,241356,22,0,7 29 30,1,95,,241359,22,0,7 29 30,1,102,,241361,22,0,7 29 30,1,106,,241365,22,,,1,105,,241366,22,,,1,93,,241367,22,,,1,100,,241368,22,,,1,99,,241369,22,,,1,102,,241370,22,,,1,99,,241371,22,,,1,100,,241372,22,,,1,104,,241373,22,,,1
2100,'20260924',413,,241374,22,,,1,35,,241375,22,,,1,65,,241376,22,,,1,413,,241378,22,0,7 29 30,1,20,,241381,22,0,7 29 30,1,60,,241383,22,0,7 29 30,1,25,,241384,22,0,7 29 30,1,15,,241387,22,0,7 29 30,1,60,,241389,22,0,7 29 30,1,20,,241390,22,0,7 29 30,1,20,,241393,22,0,7 29 30,1,70,,241394,22,0,7 29 30,1,30,,241397,22,0,7 29 30,1,70,,241398,22,0,7 29 30,1,31,,241401,22,0,7 29 30,1,95,,241404,22,0,7 29 30,1,102,,241406,22,0,7 29 30,1,106,,241410,22,,,1,105,,241411,22,,,1,93,,241412,22,,,1,100,,241413,22,,,1,99,,241414,22,,,1,102,,241415,22,,,1,99,,241416,22,,,1,100,,241417,22,,,1,104,,241418,22,,,1
2100,'20260925',413,,241419,22,,,1,35,,241420,22,,,1,65,,241421,22,,,1,413,,241423,22,0,7 29 30,1,20,,241426,22,0,7 29 30,1,60,,241428,22,0,7 29 30,1,25,,241429,22,0,7 29 30,1,15,,241432,22,0,7 29 30,1,60,,241434,22,0,7 29 30,1,20,,241435,22,0,7 29 30,1,20,,241438,22,0,7 29 30,1,70,,241439,22,0,7 29 30,1,30,,241442,22,0,7 29 30,1,70,,241443,22,0,7 29 30,1,31,,241446,22,0,7 29 30,1,95,,241449,22,0,7 29 30,1,102,,241451,22,0,7 29 30,1,106,,241455,22,,,1,105,,241456,22,,,1,93,,241457,22,,,1,100,,241458,22,,,1,99,,241459,22,,,1,102,,241460,22,,,1,99,,241461,22,,,1,100,,241462,22,,,1,104,,241463,22,,,1
2100,'20260926',514,,241464,22,0,57 29 30,1,100,,241465,22,0,57 29 30,1,33,,241466,22,0,57 29 30,1,105,,241468,22,0,7 29 30,1,100,,241471,22,0,7 29 30,1,100,,241475,22,0,7 29 30,1,95,,241479,22,0,7 29 30,1,105,,241483,22,0,7 29 30,1,100,,241486,22,0,7 29 30,1,100,,241489,22,0,7 29 30,1,100,,241492,22,0,7 29 30,1,100,,241495,22,0,7 29 30,1,95,,241498,22,0,7 29 30,1,98,,241501,22,0,7 29 30,1,105,,241503,22,0,7 29 30,1,100,,241506,22,0,57 29 30,1,95,,241507,22,0,57 29 30,1,101,,241508,22,0,57 29 30,1,95,,241509,22,0,57 29 30,1,102,,241510,22,0,57 29 30,1,100,,241511,22,0,57 29 30,1
2100,'20260927',514,,241512,22,0,57 29 30,1,100,,241513,22,0,57 29 30,1,33,,241514,22,0,57 29 30,1,105,,241515,22,0,7 29 30,1,100,,241517,22,0,7 29 30,1,100,,241520,22,0,7 29 30,1,95,,241523,22,0,7 29 30,1,105,,241527,22,0,7 29 30,1,100,,241530,22,0,7 29 30,1,100,,241533,22,0,7 29 30,1,100,,241536,22,0,7 29 30,1,100,,241539,22,0,7 29 30,1,95,,241542,22,0,7 29 30,1,98,,241545,22,0,7 29 30,1,105,,241547,22,0,7 29 30,1,100,,241549,22,0,57 29 30,1,95,,241550,22,0,57 29 30,1,101,,241551,22,0,57 29 30,1,95,,241552,22,0,57 29 30,1,102,,241553,22,0,57 29 30,1,100,,241554,22,0,57 29 30,1
2100,'20260928',413,,241555,22,,,1,35,,241556,22,,,1,65,,241557,22,,,1,413,,241559,22,0,7 29 30,1,20,,241562,22,0,7 29 30,1,60,,241564,22,0,7 29 30,1,25,,241565,22,0,7 29 30,1,15,,241568,22,0,7 29 30,1,60,,241570,22,0,7 29 30,1,20,,241571,22,0,7 29 30,1,20,,241574,22,0,7 29 30,1,70,,241575,22,0,7 29 30,1,30,,241578,22,0,7 29 30,1,70,,241579,22,0,7 29 30,1,31,,241582,22,0,7 29 30,1,95,,241585,22,0,7 29 30,1,102,,241587,22,0,7 29 30,1,106,,241591,22,,,1,105,,241592,22,,,1,93,,241593,22,,,1,100,,241594,22,,,1,99,,241595,22,,,1,102,,241596,22,,,1,99,,241597,22,,,1,100,,241598,22,,,1,104,,241599,22,,,1
2100,'20260929',413,,241600,22,,,1,35,,241601,22,,,1,65,,241602,22,,,1,413,,241604,22,0,7 29 30,1,20,,241607,22,0,7 29 30,1,60,,241609,22,0,7 29 30,1,25,,241610,22,0,7 29 30,1,15,,241613,22,0,7 29 30,1,60,,241615,22,0,7 29 30,1,20,,241616,22,0,7 29 30,1,20,,241619,22,0,7 29 30,1,70,,241620,22,0,7 29 30,1,30,,241623,22,0,7 29 30,1,70,,241624,22,0,7 29 30,1,31,,241627,22,0,7 29 30,1,95,,241630,22,0,7 29 30,1,102,,241632,22,0,7 29 30,1,106,,241636,22,,,1,105,,241637,22,,,1,93,,241638,22,,,1,100,,241639,22,,,1,99,,241640,22,,,1,102,,241641,22,,,1,99,,241642,22,,,1,100,,241643,22,,,1,104,,241644,22,,,1
2100,'20260930',413,,241645,22,,,1,35,,241646,22,,,1,65,,241647,22,,,1,413,,241649,22,0,7 29 30,1,20,,241652,22,0,7 29 30,1,60,,241654,22,0,7 29 30,1,25,,241655,22,0,7 29 30,1,15,,241658,22,0,7 29 30,1,60,,241660,22,0,7 29 30,1,20,,241661,22,0,7 29 30,1,20,,241664,22,0,7 29 30,1,70,,241665,22,0,7 29 30,1,30,,241668,22,0,7 29 30,1,70,,241669,22,0,7 29 30,1,31,,241672,22,0,7 29 30,1,95,,241675,22,0,7 29 30,1,102,,241677,22,0,7 29 30,1,106,,241681,22,,,1,105,,241682,22,,,1,93,,241683,22,,,1,100,,241684,22,,,1,99,,241685,22,,,1,102,,241686,22,,,1,99,,241687,22,,,1,100,,241688,22,,,1,104,,241689,22,,,1
2100,'20261001',413,,241690,22,,,1,35,,241691,22,,,1,65,,241692,22,,,1,413,,241694,22,0,7 29 30,1,20,,241697,22,0,7 29 30,1,60,,241699,22,0,7 29 30,1,25,,241700,22,0,7 29 30,1,15,,241703,22,0,7 29 30,1,60,,241705,22,0,7 29 30,1,20,,241706,22,0,7 29 30,1,20,,241709,22,0,7 29 30,1,70,,241710,22,0,7 29 30,1,30,,241713,22,0,7 29 30,1,70,,241714,22,0,7 29 30,1,31,,241717,22,0,7 29 30,1,95,,241720,22,0,7 29 30,1,102,,241722,22,0,7 29 30,1,106,,241726,22,,,1,105,,241727,22,,,1,93,,241728,22,,,1,100,,241729,22,,,1,99,,241730,22,,,1,102,,241731,22,,,1,99,,241732,22,,,1,100,,241733,22,,,1,104,,241734,22,,,1
2100,'20261002',413,,241735,22,,,1,35,,241736,22,,,1,65,,241737,22,,,1,413,,241739,22,0,7 29 30,1,20,,241742,22,0,7 29 30,1,60,,241744,22,0,7 29 30,1,25,,241745,22,0,7 29 30,1,15,,241748,22,0,7 29 30,1,60,,241750,22,0,7 29 30,1,20,,241751,22,0,7 29 30,1,20,,241754,22,0,7 29 30,1,70,,241755,22,0,7 29 30,1,30,,241758,22,0,7 29 30,1,70,,241759,22,0,7 29 30,1,31,,241762,22,0,7 29 30,1,95,,241765,22,0,7 29 30,1,102,,241767,22,0,7 29 30,1,106,,241771,22,,,1,105,,241772,22,,,1,93,,241773,22,,,1,100,,241774,22,,,1,99,,241775,22,,,1,102,,241776,22,,,1,99,,241777,22,,,1,100,,241778,22,,,1,104,,241779,22,,,1
2100,'20261003',514,,241780,22,0,57 29 30,1,100,,241781,22,0,57 29 30,1,33,,241782,22,0,57 29 30,1,105,,241784,22,0,7 29 30,1,100,,241787,22,0,7 29 30,1,100,,241791,22,0,7 29 30,1,95,,241795,22,0,7 29 30,1,105,,241799,22,0,7 29 30,1,100,,241802,22,0,7 29 30,1,100,,241805,22,0,7 29 30,1,100,,241808,22,0,7 29 30,1,100,,241811,22,0,7 29 30,1,95,,241814,22,0,7 29 30,1,98,,241817,22,0,7 29 30,1,105,,241819,22,0,7 29 30,1,100,,241822,22,0,57 29 30,1,95,,241823,22,0,57 29 30,1,101,,241824,22,0,57 29 30,1,95,,241825,22,0,57 29 30,1,102,,241826,22,0,57 29 30,1,100,,241827,22,0,57 29 30,1
2100,'20261004',514,,241828,22,0,57 29 30,1,100,,241829,22,0,57 29 30,1,33,,241830,22,0,57 29 30,1,105,,241831,22,0,7 29 30,1,100,,241833,22,0,7 29 30,1,100,,241836,22,0,7 29 30,1,95,,241839,22,0,7 29 30,1,105,,241843,22,0,7 29 30,1,100,,241846,22,0,7 29 30,1,100,,241849,22,0,7 29 30,1,100,,241852,22,0,7 29 30,1,100,,241855,22,0,7 29 30,1,95,,241858,22,0,7 29 30,1,98,,241861,22,0,7 29 30,1,105,,241863,22,0,7 29 30,1,100,,241865,22,0,57 29 30,1,95,,241866,22,0,57 29 30,1,101,,241867,22,0,57 29 30,1,95,,241868,22,0,57 29 30,1,102,,241869,22,0,57 29 30,1,100,,241870,22,0,57 29 30,1
2100,'20261005',413,,241871,22,,,1,35,,241872,22,,,1,65,,241873,22,,,1,413,,241875,22,0,7 29 30,1,20,,241878,22,0,7 29 30,1,60,,241880,22,0,7 29 30,1,25,,241881,22,0,7 29 30,1,15,,241884,22,0,7 29 30,1,60,,241886,22,0,7 29 30,1,20,,241887,22,0,7 29 30,1,20,,241890,22,0,7 29 30,1,70,,241891,22,0,7 29 30,1,30,,241894,22,0,7 29 30,1,70,,241895,22,0,7 29 30,1,31,,241898,22,0,7 29 30,1,95,,241901,22,0,7 29 30,1,102,,241903,22,0,7 29 30,1,106,,241907,22,,,1,105,,241908,22,,,1,93,,241909,22,,,1,100,,241910,22,,,1,99,,241911,22,,,1,102,,241912,22,,,1,99,,241913,22,,,1,100,,241914,22,,,1,104,,241915,22,,,1
2100,'20261006',413,,241916,22,,,1,35,,241917,22,,,1,65,,241918,22,,,1,413,,241920,22,0,7 29 30,1,20,,241923,22,0,7 29 30,1,60,,241925,22,0,7 29 30,1,25,,241926,22,0,7 29 30,1,15,,241929,22,0,7 29 30,1,60,,241931,22,0,7 29 30,1,20,,241932,22,0,7 29 30,1,20,,241935,22,0,7 29 30,1,70,,241936,22,0,7 29 30,1,30,,241939,22,0,7 29 30,1,70,,241940,22,0,7 29 30,1,31,,241943,22,0,7 29 30,1,95,,241946,22,0,7 29 30,1,102,,241948,22,0,7 29 30,1,106,,241952,22,,,1,105,,241953,22,,,1,93,,241954,22,,,1,100,,241955,22,,,1,99,,241956,22,,,1,102,,241957,22,,,1,99,,241958,22,,,1,100,,241959,22,,,1,104,,241960,22,,,1
2100,'20261007',413,,241961,22,,,1,35,,241962,22,,,1,65,,241963,22,,,1,413,,241965,22,0,7 29 30,1,20,,241968,22,0,7 29 30,1,60,,241970,22,0,7 29 30,1,25,,241971,22,0,7 29 30,1,15,,241974,22,0,7 29 30,1,60,,241976,22,0,7 29 30,1,20,,241977,22,0,7 29 30,1,20,,241980,22,0,7 29 30,1,70,,241981,22,0,7 29 30,1,30,,241984,22,0,7 29 30,1,70,,241985,22,0,7 29 30,1,31,,241988,22,0,7 29 30,1,95,,241991,22,0,7 29 30,1,102,,241993,22,0,7 29 30,1,106,,241997,22,,,1,105,,241998,22,,,1,93,,241999,22,,,1,100,,242000,22,,,1,99,,242001,22,,,1,102,,242002,22,,,1,99,,242003,22,,,1,100,,242004,22,,,1,104,,242005,22,,,1
2100,'20261008',413,,242006,22,,,1,35,,242007,22,,,1,65,,242008,22,,,1,413,,242010,22,0,7 29 30,1,20,,242013,22,0,7 29 30,1,60,,242015,22,0,7 29 30,1,25,,242016,22,0,7 29 30,1,15,,242019,22,0,7 29 30,1,60,,242021,22,0,7 29 30,1,20,,242022,22,0,7 29 30,1,20,,242025,22,0,7 29 30,1,70,,242026,22,0,7 29 30,1,30,,242029,22,0,7 29 30,1,70,,242030,22,0,7 29 30,1,31,,242033,22,0,7 29 30,1,95,,242036,22,0,7 29 30,1,102,,242038,22,0,7 29 30,1,106,,242042,22,,,1,105,,242043,22,,,1,93,,242044,22,,,1,100,,242045,22,,,1,99,,242046,22,,,1,102,,242047,22,,,1,99,,242048,22,,,1,100,,242049,22,,,1,104,,242050,22,,,1
2100,'20261009',413,,242051,22,,,1,35,,242052,22,,,1,65,,242053,22,,,1,413,,242055,22,0,7 29 30,1,20,,242058,22,0,7 29 30,1,60,,242060,22,0,7 29 30,1,25,,242061,22,0,7 29 30,1,15,,242064,22,0,7 29 30,1,60,,242066,22,0,7 29 30,1,20,,242067,22,0,7 29 30,1,20,,242070,22,0,7 29 30,1,70,,242071,22,0,7 29 30,1,30,,242074,22,0,7 29 30,1,70,,242075,22,0,7 29 30,1,31,,242078,22,0,7 29 30,1,95,,242081,22,0,7 29 30,1,102,,242083,22,0,7 29 30,1,106,,242087,22,,,1,105,,242088,22,,,1,93,,242089,22,,,1,100,,242090,22,,,1,99,,242091,22,,,1,102,,242092,22,,,1,99,,242093,22,,,1,100,,242094,22,,,1,104,,242095,22,,,1
2100,'20261010',514,,242096,22,0,57 29 30,1,100,,242097,22,0,57 29 30,1,33,,242098,22,0,57 29 30,1,105,,242100,22,0,7 29 30,1,100,,242103,22,0,7 29 30,1,100,,242107,22,0,7 29 30,1,95,,242111,22,0,7 29 30,1,105,,242115,22,0,7 29 30,1,100,,242118,22,0,7 29 30,1,100,,242121,22,0,7 29 30,1,100,,242124,22,0,7 29 30,1,100,,242127,22,0,7 29 30,1,95,,242130,22,0,7 29 30,1,98,,242133,22,0,7 29 30,1,105,,242135,22,0,7 29 30,1,100,,242138,22,0,57 29 30,1,95,,242139,22,0,57 29 30,1,101,,242140,22,0,57 29 30,1,95,,242141,22,0,57 29 30,1,102,,242142,22,0,57 29 30,1,100,,242143,22,0,57 29 30,1
2100,'20261011',514,,242144,22,0,57 29 30,1,100,,242145,22,0,57 29 30,1,33,,242146,22,0,57 29 30,1,105,,242147,22,0,7 29 30,1,100,,242149,22,0,7 29 30,1,100,,242152,22,0,7 29 30,1,95,,242155,22,0,7 29 30,1,105,,242159,22,0,7 29 30,1,100,,242162,22,0,7 29 30,1,100,,242165,22,0,7 29 30,1,100,,242168,22,0,7 29 30,1,100,,242171,22,0,7 29 30,1,95,,242174,22,0,7 29 30,1,98,,242177,22,0,7 29 30,1,105,,242179,22,0,7 29 30,1,100,,242181,22,0,57 29 30,1,95,,242182,22,0,57 29 30,1,101,,242183,22,0,57 29 30,1,95,,242184,22,0,57 29 30,1,102,,242185,22,0,57 29 30,1,100,,242186,22,0,57 29 30,1
2100,'20261012',514,,242187,22,0,57 29 30,1,100,,242188,22,0,57 29 30,1,33,,242189,22,0,57 29 30,1,105,,242191,22,0,7 29 30,1,100,,242194,22,0,7 29 30,1,100,,242198,22,0,7 29 30,1,95,,242202,22,0,7 29 30,1,105,,242206,22,0,7 29 30,1,100,,242209,22,0,7 29 30,1,100,,242212,22,0,7 29 30,1,100,,242215,22,0,7 29 30,1,100,,242218,22,0,7 29 30,1,95,,242221,22,0,7 29 30,1,98,,242224,22,0,7 29 30,1,105,,242226,22,0,7 29 30,1,100,,242229,22,0,57 29 30,1,95,,242230,22,0,57 29 30,1,101,,242231,22,0,57 29 30,1,95,,242232,22,0,57 29 30,1,102,,242233,22,0,57 29 30,1,100,,242234,22,0,57 29 30,1
2100,'20261013',413,,242235,22,,,1,35,,242236,22,,,1,65,,242237,22,,,1,413,,242239,22,0,7 29 30,1,20,,242242,22,0,7 29 30,1,60,,242244,22,0,7 29 30,1,25,,242245,22,0,7 29 30,1,15,,242248,22,0,7 29 30,1,60,,242250,22,0,7 29 30,1,20,,242251,22,0,7 29 30,1,20,,242254,22,0,7 29 30,1,70,,242255,22,0,7 29 30,1,30,,242258,22,0,7 29 30,1,70,,242259,22,0,7 29 30,1,31,,242262,22,0,7 29 30,1,95,,242265,22,0,7 29 30,1,102,,242267,22,0,7 29 30,1,106,,242271,22,,,1,105,,242272,22,,,1,93,,242273,22,,,1,100,,242274,22,,,1,99,,242275,22,,,1,102,,242276,22,,,1,99,,242277,22,,,1,100,,242278,22,,,1,104,,242279,22,,,1
2100,'20261014',413,,242280,22,,,1,35,,242281,22,,,1,65,,242282,22,,,1,413,,242284,22,0,7 29 30,1,20,,242287,22,0,7 29 30,1,60,,242289,22,0,7 29 30,1,25,,242290,22,0,7 29 30,1,15,,242293,22,0,7 29 30,1,60,,242295,22,0,7 29 30,1,20,,242296,22,0,7 29 30,1,20,,242299,22,0,7 29 30,1,70,,242300,22,0,7 29 30,1,30,,242303,22,0,7 29 30,1,70,,242304,22,0,7 29 30,1,31,,242307,22,0,7 29 30,1,95,,242310,22,0,7 29 30,1,102,,242312,22,0,7 29 30,1,106,,242316,22,,,1,105,,242317,22,,,1,93,,242318,22,,,1,100,,242319,22,,,1,99,,242320,22,,,1,102,,242321,22,,,1,99,,242322,22,,,1,100,,242323,22,,,1,104,,242324,22,,,1
2100,'20261015',413,,242325,22,,,1,35,,242326,22,,,1,65,,242327,22,,,1,413,,242329,22,0,7 29 30,1,20,,242332,22,0,7 29 30,1,60,,242334,22,0,7 29 30,1,25,,242335,22,0,7 29 30,1,15,,242338,22,0,7 29 30,1,60,,242340,22,0,7 29 30,1,20,,242341,22,0,7 29 30,1,20,,242344,22,0,7 29 30,1,70,,242345,22,0,7 29 30,1,30,,242348,22,0,7 29 30,1,70,,242349,22,0,7 29 30,1,31,,242352,22,0,7 29 30,1,95,,242355,22,0,7 29 30,1,102,,242357,22,0,7 29 30,1,106,,242361,22,,,1,105,,242362,22,,,1,93,,242363,22,,,1,100,,242364,22,,,1,99,,242365,22,,,1,102,,242366,22,,,1,99,,242367,22,,,1,100,,242368,22,,,1,104,,242369,22,,,1
2100,'20261016',413,,242370,22,,,1,35,,242371,22,,,1,65,,242372,22,,,1,413,,242374,22,0,7 29 30,1,20,,242377,22,0,7 29 30,1,60,,242379,22,0,7 29 30,1,25,,242380,22,0,7 29 30,1,15,,242383,22,0,7 29 30,1,60,,242385,22,0,7 29 30,1,20,,242386,22,0,7 29 30,1,20,,242389,22,0,7 29 30,1,70,,242390,22,0,7 29 30,1,30,,242393,22,0,7 29 30,1,70,,242394,22,0,7 29 30,1,31,,242397,22,0,7 29 30,1,95,,242400,22,0,7 29 30,1,102,,242402,22,0,7 29 30,1,106,,242406,22,,,1,105,,242407,22,,,1,93,,242408,22,,,1,100,,242409,22,,,1,99,,242410,22,,,1,102,,242411,22,,,1,99,,242412,22,,,1,100,,242413,22,,,1,104,,242414,22,,,1
2100,'20261017',514,,242415,22,0,57 29 30,1,100,,242416,22,0,57 29 30,1,33,,242417,22,0,57 29 30,1,105,,242419,22,0,7 29 30,1,100,,242422,22,0,7 29 30,1,100,,242426,22,0,7 29 30,1,95,,242430,22,0,7 29 30,1,105,,242434,22,0,7 29 30,1,100,,242437,22,0,7 29 30,1,100,,242440,22,0,7 29 30,1,100,,242443,22,0,7 29 30,1,100,,242446,22,0,7 29 30,1,95,,242449,22,0,7 29 30,1,98,,242452,22,0,7 29 30,1,105,,242454,22,0,7 29 30,1,100,,242457,22,0,57 29 30,1,95,,242458,22,0,57 29 30,1,101,,242459,22,0,57 29 30,1,95,,242460,22,0,57 29 30,1,102,,242461,22,0,57 29 30,1,100,,242462,22,0,57 29 30,1
2100,'20261018',514,,242463,22,0,57 29 30,1,100,,242464,22,0,57 29 30,1,33,,242465,22,0,57 29 30,1,105,,242466,22,0,7 29 30,1,100,,242468,22,0,7 29 30,1,100,,242471,22,0,7 29 30,1,95,,242474,22,0,7 29 30,1,105,,242478,22,0,7 29 30,1,100,,242481,22,0,7 29 30,1,100,,242484,22,0,7 29 30,1,100,,242487,22,0,7 29 30,1,100,,242490,22,0,7 29 30,1,95,,242493,22,0,7 29 30,1,98,,242496,22,0,7 29 30,1,105,,242498,22,0,7 29 30,1,100,,242500,22,0,57 29 30,1,95,,242501,22,0,57 29 30,1,101,,242502,22,0,57 29 30,1,95,,242503,22,0,57 29 30,1,102,,242504,22,0,57 29 30,1,100,,242505,22,0,57 29 30,1
2100,'20261019',413,,242506,22,,,1,35,,242507,22,,,1,65,,242508,22,,,1,413,,242510,22,0,7 29 30,1,20,,242513,22,0,7 29 30,1,60,,242515,22,0,7 29 30,1,25,,242516,22,0,7 29 30,1,15,,242519,22,0,7 29 30,1,60,,242521,22,0,7 29 30,1,20,,242522,22,0,7 29 30,1,20,,242525,22,0,7 29 30,1,70,,242526,22,0,7 29 30,1,30,,242529,22,0,7 29 30,1,70,,242530,22,0,7 29 30,1,31,,242533,22,0,7 29 30,1,95,,242536,22,0,7 29 30,1,102,,242538,22,0,7 29 30,1,106,,242542,22,,,1,105,,242543,22,,,1,93,,242544,22,,,1,100,,242545,22,,,1,99,,242546,22,,,1,102,,242547,22,,,1,99,,242548,22,,,1,100,,242549,22,,,1,104,,242550,22,,,1
2100,'20261020',413,,242551,22,,,1,35,,242552,22,,,1,65,,242553,22,,,1,413,,242555,22,0,7 29 30,1,20,,242558,22,0,7 29 30,1,60,,242560,22,0,7 29 30,1,25,,242561,22,0,7 29 30,1,15,,242564,22,0,7 29 30,1,60,,242566,22,0,7 29 30,1,20,,242567,22,0,7 29 30,1,20,,242570,22,0,7 29 30,1,70,,242571,22,0,7 29 30,1,30,,242574,22,0,7 29 30,1,70,,242575,22,0,7 29 30,1,31,,242578,22,0,7 29 30,1,95,,242581,22,0,7 29 30,1,102,,242583,22,0,7 29 30,1,106,,242587,22,,,1,105,,242588,22,,,1,93,,242589,22,,,1,100,,242590,22,,,1,99,,242591,22,,,1,102,,242592,22,,,1,99,,242593,22,,,1,100,,242594,22,,,1,104,,242595,22,,,1
2100,'20261021',413,,242596,22,,,1,35,,242597,22,,,1,65,,242598,22,,,1,413,,242600,22,0,7 29 30,1,20,,242603,22,0,7 29 30,1,60,,242605,22,0,7 29 30,1,25,,242606,22,0,7 29 30,1,15,,242609,22,0,7 29 30,1,60,,242611,22,0,7 29 30,1,20,,242612,22,0,7 29 30,1,20,,242615,22,0,7 29 30,1,70,,242616,22,0,7 29 30,1,30,,242619,22,0,7 29 30,1,70,,242620,22,0,7 29 30,1,31,,242623,22,0,7 29 30,1,95,,242626,22,0,7 29 30,1,102,,242628,22,0,7 29 30,1,106,,242632,22,,,1,105,,242633,22,,,1,93,,242634,22,,,1,100,,242635,22,,,1,99,,242636,22,,,1,102,,242637,22,,,1,99,,242638,22,,,1,100,,242639,22,,,1,104,,242640,22,,,1
2100,'20261022',413,,242641,22,,,1,35,,242642,22,,,1,65,,242643,22,,,1,413,,242645,22,0,7 29 30,1,20,,242648,22,0,7 29 30,1,60,,242650,22,0,7 29 30,1,25,,242651,22,0,7 29 30,1,15,,242654,22,0,7 29 30,1,60,,242656,22,0,7 29 30,1,20,,242657,22,0,7 29 30,1,20,,242660,22,0,7 29 30,1,70,,242661,22,0,7 29 30,1,30,,242664,22,0,7 29 30,1,70,,242665,22,0,7 29 30,1,31,,242668,22,0,7 29 30,1,95,,242671,22,0,7 29 30,1,102,,242673,22,0,7 29 30,1,106,,242677,22,,,1,105,,242678,22,,,1,93,,242679,22,,,1,100,,242680,22,,,1,99,,242681,22,,,1,102,,242682,22,,,1,99,,242683,22,,,1,100,,242684,22,,,1,104,,242685,22,,,1
2100,'20261023',413,,242686,22,,,1,35,,242687,22,,,1,65,,242688,22,,,1,413,,242690,22,0,7 29 30,1,20,,242693,22,0,7 29 30,1,60,,242695,22,0,7 29 30,1,25,,242696,22,0,7 29 30,1,15,,242699,22,0,7 29 30,1,60,,242701,22,0,7 29 30,1,20,,242702,22,0,7 29 30,1,20,,242705,22,0,7 29 30,1,70,,242706,22,0,7 29 30,1,30,,242709,22,0,7 29 30,1,70,,242710,22,0,7 29 30,1,31,,242713,22,0,7 29 30,1,95,,242716,22,0,7 29 30,1,102,,242718,22,0,7 29 30,1,106,,242722,22,,,1,105,,242723,22,,,1,93,,242724,22,,,1,100,,242725,22,,,1,99,,242726,22,,,1,102,,242727,22,,,1,99,,242728,22,,,1,100,,242729,22,,,1,104,,242730,22,,,1
2100,'20261024',514,,242731,22,0,57 29 30,1,100,,242732,22,0,57 29 30,1,33,,242733,22,0,57 29 30,1,105,,242735,22,0,7 29 30,1,100,,242738,22,0,7 29 30,1,100,,242742,22,0,7 29 30,1,95,,242746,22,0,7 29 30,1,105,,242750,22,0,7 29 30,1,100,,242753,22,0,7 29 30,1,100,,242756,22,0,7 29 30,1,100,,242759,22,0,7 29 30,1,100,,242762,22,0,7 29 30,1,95,,242765,22,0,7 29 30,1,98,,242768,22,0,7 29 30,1,105,,242770,22,0,7 29 30,1,100,,242773,22,0,57 29 30,1,95,,242774,22,0,57 29 30,1,101,,242775,22,0,57 29 30,1,95,,242776,22,0,57 29 30,1,102,,242777,22,0,57 29 30,1,100,,242778,22,0,57 29 30,1
2100,'20261025',514,,242779,22,0,57 29 30,1,100,,242780,22,0,57 29 30,1,33,,242781,22,0,57 29 30,1,105,,242782,22,0,7 29 30,1,100,,242784,22,0,7 29 30,1,100,,242787,22,0,7 29 30,1,95,,242790,22,0,7 29 30,1,105,,242794,22,0,7 29 30,1,100,,242797,22,0,7 29 30,1,100,,242800,22,0,7 29 30,1,100,,242803,22,0,7 29 30,1,100,,242806,22,0,7 29 30,1,95,,242809,22,0,7 29 30,1,98,,242812,22,0,7 29 30,1,105,,242814,22,0,7 29 30,1,100,,242816,22,0,57 29 30,1,95,,242817,22,0,57 29 30,1,101,,242818,22,0,57 29 30,1,95,,242819,22,0,57 29 30,1,102,,242820,22,0,57 29 30,1,100,,242821,22,0,57 29 30,1
2100,'20261026',413,,242822,22,,,1,35,,242823,22,,,1,65,,242824,22,,,1,413,,242826,22,0,7 29 30,1,20,,242829,22,0,7 29 30,1,60,,242831,22,0,7 29 30,1,25,,242832,22,0,7 29 30,1,15,,242835,22,0,7 29 30,1,60,,242837,22,0,7 29 30,1,20,,242838,22,0,7 29 30,1,20,,242841,22,0,7 29 30,1,70,,242842,22,0,7 29 30,1,30,,242845,22,0,7 29 30,1,70,,242846,22,0,7 29 30,1,31,,242849,22,0,7 29 30,1,95,,242852,22,0,7 29 30,1,102,,242854,22,0,7 29 30,1,106,,242858,22,,,1,105,,242859,22,,,1,93,,242860,22,,,1,100,,242861,22,,,1,99,,242862,22,,,1,102,,242863,22,,,1,99,,242864,22,,,1,100,,242865,22,,,1,104,,242866,22,,,1
2100,'20261027',413,,242867,22,,,1,35,,242868,22,,,1,65,,242869,22,,,1,413,,242871,22,0,7 29 30,1,20,,242874,22,0,7 29 30,1,60,,242876,22,0,7 29 30,1,25,,242877,22,0,7 29 30,1,15,,242880,22,0,7 29 30,1,60,,242882,22,0,7 29 30,1,20,,242883,22,0,7 29 30,1,20,,242886,22,0,7 29 30,1,70,,242887,22,0,7 29 30,1,30,,242890,22,0,7 29 30,1,70,,242891,22,0,7 29 30,1,31,,242894,22,0,7 29 30,1,95,,242897,22,0,7 29 30,1,102,,242899,22,0,7 29 30,1,106,,242903,22,,,1,105,,242904,22,,,1,93,,242905,22,,,1,100,,242906,22,,,1,99,,242907,22,,,1,102,,242908,22,,,1,99,,242909,22,,,1,100,,242910,22,,,1,104,,242911,22,,,1
2100,'20261028',413,,242912,22,,,1,35,,242913,22,,,1,65,,242914,22,,,1,413,,242916,22,0,7 29 30,1,20,,242919,22,0,7 29 30,1,60,,242921,22,0,7 29 30,1,25,,242922,22,0,7 29 30,1,15,,242925,22,0,7 29 30,1,60,,242927,22,0,7 29 30,1,20,,242928,22,0,7 29 30,1,20,,242931,22,0,7 29 30,1,70,,242932,22,0,7 29 30,1,30,,242935,22,0,7 29 30,1,70,,242936,22,0,7 29 30,1,31,,242939,22,0,7 29 30,1,95,,242942,22,0,7 29 30,1,102,,242944,22,0,7 29 30,1,106,,242948,22,,,1,105,,242949,22,,,1,93,,242950,22,,,1,100,,242951,22,,,1,99,,242952,22,,,1,102,,242953,22,,,1,99,,242954,22,,,1,100,,242955,22,,,1,104,,242956,22,,,1
2100,'20261029',413,,242957,22,,,1,35,,242958,22,,,1,65,,242959,22,,,1,413,,242961,22,0,7 29 30,1,20,,242964,22,0,7 29 30,1,60,,242966,22,0,7 29 30,1,25,,242967,22,0,7 29 30,1,15,,242970,22,0,7 29 30,1,60,,242972,22,0,7 29 30,1,20,,242973,22,0,7 29 30,1,20,,242976,22,0,7 29 30,1,70,,242977,22,0,7 29 30,1,30,,242980,22,0,7 29 30,1,70,,242981,22,0,7 29 30,1,31,,242984,22,0,7 29 30,1,95,,242987,22,0,7 29 30,1,102,,242989,22,0,7 29 30,1,106,,242993,22,,,1,105,,242994,22,,,1,93,,242995,22,,,1,100,,242996,22,,,1,99,,242997,22,,,1,102,,242998,22,,,1,99,,242999,22,,,1,100,,243000,22,,,1,104,,243001,22,,,1
2100,'20261030',413,,243002,22,,,1,35,,243003,22,,,1,65,,243004,22,,,1,413,,243006,22,0,7 29 30,1,20,,243009,22,0,7 29 30,1,60,,243011,22,0,7 29 30,1,25,,243012,22,0,7 29 30,1,15,,243015,22,0,7 29 30,1,60,,243017,22,0,7 29 30,1,20,,243018,22,0,7 29 30,1,20,,243021,22,0,7 29 30,1,70,,243022,22,0,7 29 30,1,30,,243025,22,0,7 29 30,1,70,,243026,22,0,7 29 30,1,31,,243029,22,0,7 29 30,1,95,,243032,22,0,7 29 30,1,102,,243034,22,0,7 29 30,1,106,,243038,22,,,1,105,,243039,22,,,1,93,,243040,22,,,1,100,,243041,22,,,1,99,,243042,22,,,1,102,,243043,22,,,1,99,,243044,22,,,1,100,,243045,22,,,1,104,,243046,22,,,1
2100,'20261031',514,,243047,22,0,57 29 30,1,100,,243048,22,0,57 29 30,1,33,,243049,22,0,57 29 30,1,105,,243051,22,0,7 29 30,1,100,,243054,22,0,7 29 30,1,100,,243058,22,0,7 29 30,1,95,,243062,22,0,7 29 30,1,105,,243066,22,0,7 29 30,1,100,,243069,22,0,7 29 30,1,100,,243072,22,0,7 29 30,1,100,,243075,22,0,7 29 30,1,100,,243078,22,0,7 29 30,1,95,,243081,22,0,7 29 30,1,98,,243084,22,0,7 29 30,1,105,,243086,22,0,7 29 30,1,100,,243089,22,0,57 29 30,1,95,,243090,22,0,57 29 30,1,101,,243091,22,0,57 29 30,1,95,,243092,22,0,57 29 30,1,102,,243093,22,0,57 29 30,1,100,,243094,22,0,57 29 30,1
2100,'20261101',514,,243095,22,0,57 29 30,1,100,,243096,22,0,57 29 30,1,33,,243097,22,0,57 29 30,1,105,,243098,22,0,7 29 30,1,100,,243100,22,0,7 29 30,1,100,,243103,22,0,7 29 30,1,95,,243106,22,0,7 29 30,1,105,,243110,22,0,7 29 30,1,100,,243113,22,0,7 29 30,1,100,,243116,22,0,7 29 30,1,100,,243119,22,0,7 29 30,1,100,,243122,22,0,7 29 30,1,95,,243125,22,0,7 29 30,1,98,,243128,22,0,7 29 30,1,105,,243130,22,0,7 29 30,1,100,,243132,22,0,57 29 30,1,95,,243133,22,0,57 29 30,1,101,,243134,22,0,57 29 30,1,95,,243135,22,0,57 29 30,1,102,,243136,22,0,57 29 30,1,100,,243137,22,0,57 29 30,1
2100,'20261102',413,,243138,22,,,1,35,,243139,22,,,1,65,,243140,22,,,1,413,,243142,22,0,7 29 30,1,20,,243145,22,0,7 29 30,1,60,,243147,22,0,7 29 30,1,25,,243148,22,0,7 29 30,1,15,,243151,22,0,7 29 30,1,60,,243153,22,0,7 29 30,1,20,,243154,22,0,7 29 30,1,20,,243157,22,0,7 29 30,1,70,,243158,22,0,7 29 30,1,30,,243161,22,0,7 29 30,1,70,,243162,22,0,7 29 30,1,31,,243165,22,0,7 29 30,1,95,,243168,22,0,7 29 30,1,102,,243170,22,0,7 29 30,1,106,,243174,22,,,1,105,,243175,22,,,1,93,,243176,22,,,1,100,,243177,22,,,1,99,,243178,22,,,1,102,,243179,22,,,1,99,,243180,22,,,1,100,,243181,22,,,1,104,,243182,22,,,1
2100,'20261103',413,,243183,22,,,1,35,,243184,22,,,1,65,,243185,22,,,1,413,,243187,22,0,7 29 30,1,20,,243190,22,0,7 29 30,1,60,,243192,22,0,7 29 30,1,25,,243193,22,0,7 29 30,1,15,,243196,22,0,7 29 30,1,60,,243198,22,0,7 29 30,1,20,,243199,22,0,7 29 30,1,20,,243202,22,0,7 29 30,1,70,,243203,22,0,7 29 30,1,30,,243206,22,0,7 29 30,1,70,,243207,22,0,7 29 30,1,31,,243210,22,0,7 29 30,1,95,,243213,22,0,7 29 30,1,102,,243215,22,0,7 29 30,1,106,,243219,22,,,1,105,,243220,22,,,1,93,,243221,22,,,1,100,,243222,22,,,1,99,,243223,22,,,1,102,,243224,22,,,1,99,,243225,22,,,1,100,,243226,22,,,1,104,,243227,22,,,1
2100,'20261104',413,,243228,22,,,1,35,,243229,22,,,1,65,,243230,22,,,1,413,,243232,22,0,7 29 30,1,20,,243235,22,0,7 29 30,1,60,,243237,22,0,7 29 30,1,25,,243238,22,0,7 29 30,1,15,,243241,22,0,7 29 30,1,60,,243243,22,0,7 29 30,1,20,,243244,22,0,7 29 30,1,20,,243247,22,0,7 29 30,1,70,,243248,22,0,7 29 30,1,30,,243251,22,0,7 29 30,1,70,,243252,22,0,7 29 30,1,31,,243255,22,0,7 29 30,1,95,,243258,22,0,7 29 30,1,102,,243260,22,0,7 29 30,1,106,,243264,22,,,1,105,,243265,22,,,1,93,,243266,22,,,1,100,,243267,22,,,1,99,,243268,22,,,1,102,,243269,22,,,1,99,,243270,22,,,1,100,,243271,22,,,1,104,,243272,22,,,1
2100,'20261105',413,,243273,22,,,1,35,,243274,22,,,1,65,,243275,22,,,1,413,,243277,22,0,7 29 30,1,20,,243280,22,0,7 29 30,1,60,,243282,22,0,7 29 30,1,25,,243283,22,0,7 29 30,1,15,,243286,22,0,7 29 30,1,60,,243288,22,0,7 29 30,1,20,,243289,22,0,7 29 30,1,20,,243292,22,0,7 29 30,1,70,,243293,22,0,7 29 30,1,30,,243296,22,0,7 29 30,1,70,,243297,22,0,7 29 30,1,31,,243300,22,0,7 29 30,1,95,,243303,22,0,7 29 30,1,102,,243305,22,0,7 29 30,1,106,,243309,22,,,1,105,,243310,22,,,1,93,,243311,22,,,1,100,,243312,22,,,1,99,,243313,22,,,1,102,,243314,22,,,1,99,,243315,22,,,1,100,,243316,22,,,1,104,,243317,22,,,1
2100,'20261106',413,,243318,22,,,1,35,,243319,22,,,1,65,,243320,22,,,1,413,,243322,22,0,7 29 30,1,20,,243325,22,0,7 29 30,1,60,,243327,22,0,7 29 30,1,25,,243328,22,0,7 29 30,1,15,,243331,22,0,7 29 30,1,60,,243333,22,0,7 29 30,1,20,,243334,22,0,7 29 30,1,20,,243337,22,0,7 29 30,1,70,,243338,22,0,7 29 30,1,30,,243341,22,0,7 29 30,1,70,,243342,22,0,7 29 30,1,31,,243345,22,0,7 29 30,1,95,,243348,22,0,7 29 30,1,102,,243350,22,0,7 29 30,1,106,,243354,22,,,1,105,,243355,22,,,1,93,,243356,22,,,1,100,,243357,22,,,1,99,,243358,22,,,1,102,,243359,22,,,1,99,,243360,22,,,1,100,,243361,22,,,1,104,,243362,22,,,1
2100,'20261107',514,,243363,22,0,57 29 30,1,100,,243364,22,0,57 29 30,1,33,,243365,22,0,57 29 30,1,105,,243367,22,0,7 29 30,1,100,,243370,22,0,7 29 30,1,100,,243374,22,0,7 29 30,1,95,,243378,22,0,7 29 30,1,105,,243382,22,0,7 29 30,1,100,,243385,22,0,7 29 30,1,100,,243388,22,0,7 29 30,1,100,,243391,22,0,7 29 30,1,100,,243394,22,0,7 29 30,1,95,,243397,22,0,7 29 30,1,98,,243400,22,0,7 29 30,1,105,,243402,22,0,7 29 30,1,100,,243405,22,0,57 29 30,1,95,,243406,22,0,57 29 30,1,101,,243407,22,0,57 29 30,1,95,,243408,22,0,57 29 30,1,102,,243409,22,0,57 29 30,1,100,,243410,22,0,57 29 30,1
2100,'20261108',514,,243411,22,0,57 29 30,1,100,,243412,22,0,57 29 30,1,33,,243413,22,0,57 29 30,1,105,,243414,22,0,7 29 30,1,100,,243416,22,0,7 29 30,1,100,,243419,22,0,7 29 30,1,95,,243422,22,0,7 29 30,1,105,,243426,22,0,7 29 30,1,100,,243429,22,0,7 29 30,1,100,,243432,22,0,7 29 30,1,100,,243435,22,0,7 29 30,1,100,,243438,22,0,7 29 30,1,95,,243441,22,0,7 29 30,1,98,,243444,22,0,7 29 30,1,105,,243446,22,0,7 29 30,1,100,,243448,22,0,57 29 30,1,95,,243449,22,0,57 29 30,1,101,,243450,22,0,57 29 30,1,95,,243451,22,0,57 29 30,1,102,,243452,22,0,57 29 30,1,100,,243453,22,0,57 29 30,1
2100,'20261109',413,,243454,22,,,1,35,,243455,22,,,1,65,,243456,22,,,1,413,,243458,22,0,7 29 30,1,20,,243461,22,0,7 29 30,1,60,,243463,22,0,7 29 30,1,25,,243464,22,0,7 29 30,1,15,,243467,22,0,7 29 30,1,60,,243469,22,0,7 29 30,1,20,,243470,22,0,7 29 30,1,20,,243473,22,0,7 29 30,1,70,,243474,22,0,7 29 30,1,30,,243477,22,0,7 29 30,1,70,,243478,22,0,7 29 30,1,31,,243481,22,0,7 29 30,1,95,,243484,22,0,7 29 30,1,102,,243486,22,0,7 29 30,1,106,,243490,22,,,1,105,,243491,22,,,1,93,,243492,22,,,1,100,,243493,22,,,1,99,,243494,22,,,1,102,,243495,22,,,1,99,,243496,22,,,1,100,,243497,22,,,1,104,,243498,22,,,1
2100,'20261110',413,,243499,22,,,1,35,,243500,22,,,1,65,,243501,22,,,1,413,,243503,22,0,7 29 30,1,20,,243506,22,0,7 29 30,1,60,,243508,22,0,7 29 30,1,25,,243509,22,0,7 29 30,1,15,,243512,22,0,7 29 30,1,60,,243514,22,0,7 29 30,1,20,,243515,22,0,7 29 30,1,20,,243518,22,0,7 29 30,1,70,,243519,22,0,7 29 30,1,30,,243522,22,0,7 29 30,1,70,,243523,22,0,7 29 30,1,31,,243526,22,0,7 29 30,1,95,,243529,22,0,7 29 30,1,102,,243531,22,0,7 29 30,1,106,,243535,22,,,1,105,,243536,22,,,1,93,,243537,22,,,1,100,,243538,22,,,1,99,,243539,22,,,1,102,,243540,22,,,1,99,,243541,22,,,1,100,,243542,22,,,1,104,,243543,22,,,1
2100,'20261111',413,,243544,22,,,1,35,,243545,22,,,1,65,,243546,22,,,1,413,,243548,22,0,7 29 30,1,20,,243551,22,0,7 29 30,1,60,,243553,22,0,7 29 30,1,25,,243554,22,0,7 29 30,1,15,,243557,22,0,7 29 30,1,60,,243559,22,0,7 29 30,1,20,,243560,22,0,7 29 30,1,20,,243563,22,0,7 29 30,1,70,,243564,22,0,7 29 30,1,30,,243567,22,0,7 29 30,1,70,,243568,22,0,7 29 30,1,31,,243571,22,0,7 29 30,1,95,,243574,22,0,7 29 30,1,102,,243576,22,0,7 29 30,1,106,,243580,22,,,1,105,,243581,22,,,1,93,,243582,22,,,1,100,,243583,22,,,1,99,,243584,22,,,1,102,,243585,22,,,1,99,,243586,22,,,1,100,,243587,22,,,1,104,,243588,22,,,1
2100,'20261112',413,,243589,22,,,1,35,,243590,22,,,1,65,,243591,22,,,1,413,,243593,22,0,7 29 30,1,20,,243596,22,0,7 29 30,1,60,,243598,22,0,7 29 30,1,25,,243599,22,0,7 29 30,1,15,,243602,22,0,7 29 30,1,60,,243604,22,0,7 29 30,1,20,,243605,22,0,7 29 30,1,20,,243608,22,0,7 29 30,1,70,,243609,22,0,7 29 30,1,30,,243612,22,0,7 29 30,1,70,,243613,22,0,7 29 30,1,31,,243616,22,0,7 29 30,1,95,,243619,22,0,7 29 30,1,102,,243621,22,0,7 29 30,1,106,,243625,22,,,1,105,,243626,22,,,1,93,,243627,22,,,1,100,,243628,22,,,1,99,,243629,22,,,1,102,,243630,22,,,1,99,,243631,22,,,1,100,,243632,22,,,1,104,,243633,22,,,1
2100,'20261113',413,,243634,22,,,1,35,,243635,22,,,1,65,,243636,22,,,1,413,,243638,22,0,7 29 30,1,20,,243641,22,0,7 29 30,1,60,,243643,22,0,7 29 30,1,25,,243644,22,0,7 29 30,1,15,,243647,22,0,7 29 30,1,60,,243649,22,0,7 29 30,1,20,,243650,22,0,7 29 30,1,20,,243653,22,0,7 29 30,1,70,,243654,22,0,7 29 30,1,30,,243657,22,0,7 29 30,1,70,,243658,22,0,7 29 30,1,31,,243661,22,0,7 29 30,1,95,,243664,22,0,7 29 30,1,102,,243666,22,0,7 29 30,1,106,,243670,22,,,1,105,,243671,22,,,1,93,,243672,22,,,1,100,,243673,22,,,1,99,,243674,22,,,1,102,,243675,22,,,1,99,,243676,22,,,1,100,,243677,22,,,1,104,,243678,22,,,1
2100,'20261114',514,,243679,22,0,57 29 30,1,100,,243680,22,0,57 29 30,1,33,,243681,22,0,57 29 30,1,105,,243683,22,0,7 29 30,1,100,,243686,22,0,7 29 30,1,100,,243690,22,0,7 29 30,1,95,,243694,22,0,7 29 30,1,105,,243698,22,0,7 29 30,1,100,,243701,22,0,7 29 30,1,100,,243704,22,0,7 29 30,1,100,,243707,22,0,7 29 30,1,100,,243710,22,0,7 29 30,1,95,,243713,22,0,7 29 30,1,98,,243716,22,0,7 29 30,1,105,,243718,22,0,7 29 30,1,100,,243721,22,0,57 29 30,1,95,,243722,22,0,57 29 30,1,101,,243723,22,0,57 29 30,1,95,,243724,22,0,57 29 30,1,102,,243725,22,0,57 29 30,1,100,,243726,22,0,57 29 30,1
2100,'20261115',514,,243727,22,0,57 29 30,1,100,,243728,22,0,57 29 30,1,33,,243729,22,0,57 29 30,1,105,,243730,22,0,7 29 30,1,100,,243732,22,0,7 29 30,1,100,,243735,22,0,7 29 30,1,95,,243738,22,0,7 29 30,1,105,,243742,22,0,7 29 30,1,100,,243745,22,0,7 29 30,1,100,,243748,22,0,7 29 30,1,100,,243751,22,0,7 29 30,1,100,,243754,22,0,7 29 30,1,95,,243757,22,0,7 29 30,1,98,,243760,22,0,7 29 30,1,105,,243762,22,0,7 29 30,1,100,,243764,22,0,57 29 30,1,95,,243765,22,0,57 29 30,1,101,,243766,22,0,57 29 30,1,95,,243767,22,0,57 29 30,1,102,,243768,22,0,57 29 30,1,100,,243769,22,0,57 29 30,1
2100,'20261116',413,,243770,22,,,1,35,,243771,22,,,1,65,,243772,22,,,1,413,,243774,22,0,7 29 30,1,20,,243777,22,0,7 29 30,1,60,,243779,22,0,7 29 30,1,25,,243780,22,0,7 29 30,1,15,,243783,22,0,7 29 30,1,60,,243785,22,0,7 29 30,1,20,,243786,22,0,7 29 30,1,20,,243789,22,0,7 29 30,1,70,,243790,22,0,7 29 30,1,30,,243793,22,0,7 29 30,1,70,,243794,22,0,7 29 30,1,31,,243797,22,0,7 29 30,1,95,,243800,22,0,7 29 30,1,102,,243802,22,0,7 29 30,1,106,,243806,22,,,1,105,,243807,22,,,1,93,,243808,22,,,1,100,,243809,22,,,1,99,,243810,22,,,1,102,,243811,22,,,1,99,,243812,22,,,1,100,,243813,22,,,1,104,,243814,22,,,1
2100,'20261117',413,,243815,22,,,1,35,,243816,22,,,1,65,,243817,22,,,1,413,,243819,22,0,7 29 30,1,20,,243822,22,0,7 29 30,1,60,,243824,22,0,7 29 30,1,25,,243825,22,0,7 29 30,1,15,,243828,22,0,7 29 30,1,60,,243830,22,0,7 29 30,1,20,,243831,22,0,7 29 30,1,20,,243834,22,0,7 29 30,1,70,,243835,22,0,7 29 30,1,30,,243838,22,0,7 29 30,1,70,,243839,22,0,7 29 30,1,31,,243842,22,0,7 29 30,1,95,,243845,22,0,7 29 30,1,102,,243847,22,0,7 29 30,1,106,,243851,22,,,1,105,,243852,22,,,1,93,,243853,22,,,1,100,,243854,22,,,1,99,,243855,22,,,1,102,,243856,22,,,1,99,,243857,22,,,1,100,,243858,22,,,1,104,,243859,22,,,1
2100,'20261118',413,,243860,22,,,1,35,,243861,22,,,1,65,,243862,22,,,1,413,,243864,22,0,7 29 30,1,20,,243867,22,0,7 29 30,1,60,,243869,22,0,7 29 30,1,25,,243870,22,0,7 29 30,1,15,,243873,22,0,7 29 30,1,60,,243875,22,0,7 29 30,1,20,,243876,22,0,7 29 30,1,20,,243879,22,0,7 29 30,1,70,,243880,22,0,7 29 30,1,30,,243883,22,0,7 29 30,1,70,,243884,22,0,7 29 30,1,31,,243887,22,0,7 29 30,1,95,,243890,22,0,7 29 30,1,102,,243892,22,0,7 29 30,1,106,,243896,22,,,1,105,,243897,22,,,1,93,,243898,22,,,1,100,,243899,22,,,1,99,,243900,22,,,1,102,,243901,22,,,1,99,,243902,22,,,1,100,,243903,22,,,1,104,,243904,22,,,1
2100,'20261119',413,,243905,22,,,1,35,,243906,22,,,1,65,,243907,22,,,1,413,,243909,22,0,7 29 30,1,20,,243912,22,0,7 29 30,1,60,,243914,22,0,7 29 30,1,25,,243915,22,0,7 29 30,1,15,,243918,22,0,7 29 30,1,60,,243920,22,0,7 29 30,1,20,,243921,22,0,7 29 30,1,20,,243924,22,0,7 29 30,1,70,,243925,22,0,7 29 30,1,30,,243928,22,0,7 29 30,1,70,,243929,22,0,7 29 30,1,31,,243932,22,0,7 29 30,1,95,,243935,22,0,7 29 30,1,102,,243937,22,0,7 29 30,1,106,,243941,22,,,1,105,,243942,22,,,1,93,,243943,22,,,1,100,,243944,22,,,1,99,,243945,22,,,1,102,,243946,22,,,1,99,,243947,22,,,1,100,,243948,22,,,1,104,,243949,22,,,1
2100,'20261120',413,,243950,22,,,1,35,,243951,22,,,1,65,,243952,22,,,1,413,,243954,22,0,7 29 30,1,20,,243957,22,0,7 29 30,1,60,,243959,22,0,7 29 30,1,25,,243960,22,0,7 29 30,1,15,,243963,22,0,7 29 30,1,60,,243965,22,0,7 29 30,1,20,,243966,22,0,7 29 30,1,20,,243969,22,0,7 29 30,1,70,,243970,22,0,7 29 30,1,30,,243973,22,0,7 29 30,1,70,,243974,22,0,7 29 30,1,31,,243977,22,0,7 29 30,1,95,,243980,22,0,7 29 30,1,102,,243982,22,0,7 29 30,1,106,,243986,22,,,1,105,,243987,22,,,1,93,,243988,22,,,1,100,,243989,22,,,1,99,,243990,22,,,1,102,,243991,22,,,1,99,,243992,22,,,1,100,,243993,22,,,1,104,,243994,22,,,1
2100,'20261121',514,,243995,22,0,57 29 30,1,100,,243996,22,0,57 29 30,1,33,,243997,22,0,57 29 30,1,105,,243999,22,0,7 29 30,1,100,,244002,22,0,7 29 30,1,100,,244006,22,0,7 29 30,1,95,,244010,22,0,7 29 30,1,105,,244014,22,0,7 29 30,1,100,,244017,22,0,7 29 30,1,100,,244020,22,0,7 29 30,1,100,,244023,22,0,7 29 30,1,100,,244026,22,0,7 29 30,1,95,,244029,22,0,7 29 30,1,98,,244032,22,0,7 29 30,1,105,,244034,22,0,7 29 30,1,100,,244037,22,0,57 29 30,1,95,,244038,22,0,57 29 30,1,101,,244039,22,0,57 29 30,1,95,,244040,22,0,57 29 30,1,102,,244041,22,0,57 29 30,1,100,,244042,22,0,57 29 30,1
2100,'20261122',514,,244043,22,0,57 29 30,1,100,,244044,22,0,57 29 30,1,33,,244045,22,0,57 29 30,1,105,,244046,22,0,7 29 30,1,100,,244048,22,0,7 29 30,1,100,,244051,22,0,7 29 30,1,95,,244054,22,0,7 29 30,1,105,,244058,22,0,7 29 30,1,100,,244061,22,0,7 29 30,1,100,,244064,22,0,7 29 30,1,100,,244067,22,0,7 29 30,1,100,,244070,22,0,7 29 30,1,95,,244073,22,0,7 29 30,1,98,,244076,22,0,7 29 30,1,105,,244078,22,0,7 29 30,1,100,,244080,22,0,57 29 30,1,95,,244081,22,0,57 29 30,1,101,,244082,22,0,57 29 30,1,95,,244083,22,0,57 29 30,1,102,,244084,22,0,57 29 30,1,100,,244085,22,0,57 29 30,1
2100,'20261123',413,,244086,22,,,1,35,,244087,22,,,1,65,,244088,22,,,1,413,,244090,22,0,7 29 30,1,20,,244093,22,0,7 29 30,1,60,,244095,22,0,7 29 30,1,25,,244096,22,0,7 29 30,1,15,,244099,22,0,7 29 30,1,60,,244101,22,0,7 29 30,1,20,,244102,22,0,7 29 30,1,20,,244105,22,0,7 29 30,1,70,,244106,22,0,7 29 30,1,30,,244109,22,0,7 29 30,1,70,,244110,22,0,7 29 30,1,31,,244113,22,0,7 29 30,1,95,,244116,22,0,7 29 30,1,102,,244118,22,0,7 29 30,1,106,,244122,22,,,1,105,,244123,22,,,1,93,,244124,22,,,1,100,,244125,22,,,1,99,,244126,22,,,1,102,,244127,22,,,1,99,,244128,22,,,1,100,,244129,22,,,1,104,,244130,22,,,1
2100,'20261124',413,,244131,22,,,1,35,,244132,22,,,1,65,,244133,22,,,1,413,,244135,22,0,7 29 30,1,20,,244138,22,0,7 29 30,1,60,,244140,22,0,7 29 30,1,25,,244141,22,0,7 29 30,1,15,,244144,22,0,7 29 30,1,60,,244146,22,0,7 29 30,1,20,,244147,22,0,7 29 30,1,20,,244150,22,0,7 29 30,1,70,,244151,22,0,7 29 30,1,30,,244154,22,0,7 29 30,1,70,,244155,22,0,7 29 30,1,31,,244158,22,0,7 29 30,1,95,,244161,22,0,7 29 30,1,102,,244163,22,0,7 29 30,1,106,,244167,22,,,1,105,,244168,22,,,1,93,,244169,22,,,1,100,,244170,22,,,1,99,,244171,22,,,1,102,,244172,22,,,1,99,,244173,22,,,1,100,,244174,22,,,1,104,,244175,22,,,1
2100,'20261125',413,,244176,22,,,1,35,,244177,22,,,1,65,,244178,22,,,1,413,,244180,22,0,7 29 30,1,20,,244183,22,0,7 29 30,1,60,,244185,22,0,7 29 30,1,25,,244186,22,0,7 29 30,1,15,,244189,22,0,7 29 30,1,60,,244191,22,0,7 29 30,1,20,,244192,22,0,7 29 30,1,20,,244195,22,0,7 29 30,1,70,,244196,22,0,7 29 30,1,30,,244199,22,0,7 29 30,1,70,,244200,22,0,7 29 30,1,31,,244203,22,0,7 29 30,1,95,,244206,22,0,7 29 30,1,102,,244208,22,0,7 29 30,1,106,,244212,22,,,1,105,,244213,22,,,1,93,,244214,22,,,1,100,,244215,22,,,1,99,,244216,22,,,1,102,,244217,22,,,1,99,,244218,22,,,1,100,,244219,22,,,1,104,,244220,22,,,1
2100,'20261126',413,,244221,22,,,1,35,,244222,22,,,1,65,,244223,22,,,1,413,,244225,22,0,7 29 30,1,20,,244228,22,0,7 29 30,1,60,,244230,22,0,7 29 30,1,25,,244231,22,0,7 29 30,1,15,,244234,22,0,7 29 30,1,60,,244236,22,0,7 29 30,1,20,,244237,22,0,7 29 30,1,20,,244240,22,0,7 29 30,1,70,,244241,22,0,7 29 30,1,30,,244244,22,0,7 29 30,1,70,,244245,22,0,7 29 30,1,31,,244248,22,0,7 29 30,1,95,,244251,22,0,7 29 30,1,102,,244253,22,0,7 29 30,1,106,,244257,22,,,1,105,,244258,22,,,1,93,,244259,22,,,1,100,,244260,22,,,1,99,,244261,22,,,1,102,,244262,22,,,1,99,,244263,22,,,1,100,,244264,22,,,1,104,,244265,22,,,1
2100,'20261127',413,,244266,22,,,1,35,,244267,22,,,1,65,,244268,22,,,1,413,,244270,22,0,7 29 30,1,20,,244273,22,0,7 29 30,1,60,,244275,22,0,7 29 30,1,25,,244276,22,0,7 29 30,1,15,,244279,22,0,7 29 30,1,60,,244281,22,0,7 29 30,1,20,,244282,22,0,7 29 30,1,20,,244285,22,0,7 29 30,1,70,,244286,22,0,7 29 30,1,30,,244289,22,0,7 29 30,1,70,,244290,22,0,7 29 30,1,31,,244293,22,0,7 29 30,1,95,,244296,22,0,7 29 30,1,102,,244298,22,0,7 29 30,1,106,,244302,22,,,1,105,,244303,22,,,1,93,,244304,22,,,1,100,,244305,22,,,1,99,,244306,22,,,1,102,,244307,22,,,1,99,,244308,22,,,1,100,,244309,22,,,1,104,,244310,22,,,1
2700,'20260831',527,,155235,22,0,7 6,1,20,,155236,22,0,7 6,1,65,,155237,22,0,57 6,1,22,,155238,22,0,57 6,1,18,,155239,22,0,57 6,1,65,,155240,22,0,57 6,1,25,,155241,22,0,57 6,1,70,,155242,22,0,57 6,1,30,,155243,22,0,7 6,1,108,,155244,22,0,7 6,1,100,,155245,22,0,7 6,1,463,,155250,22,0,57 6,1,35,,155251,22,0,57 6,1,65,,155252,22,0,57 6,1,35,,155254,22,0,57 6,1,75,,155256,22,0,57 6,1,80,,155257,22,0,57 6,1,50,,155258,22,0,7 6,1
2700,'20260901',527,,155262,22,0,7 6,1,20,,155263,22,0,7 6,1,65,,155264,22,0,57 6,1,22,,155265,22,0,57 6,1,18,,155266,22,0,57 6,1,65,,155267,22,0,57 6,1,25,,155268,22,0,57 6,1,70,,155269,22,0,57 6,1,30,,155270,22,0,7 6,1,108,,155271,22,0,7 6,1,100,,155272,22,0,7 6,1,463,,155277,22,0,57 6,1,35,,155278,22,0,57 6,1,65,,155279,22,0,57 6,1,35,,155281,22,0,57 6,1,75,,155283,22,0,57 6,1,80,,155284,22,0,57 6,1,50,,155285,22,0,7 6,1
2700,'20260902',527,,155289,22,0,7 6,1,20,,155290,22,0,7 6,1,65,,155291,22,0,57 6,1,22,,155292,22,0,57 6,1,18,,155293,22,0,57 6,1,65,,155294,22,0,57 6,1,25,,155295,22,0,57 6,1,70,,155296,22,0,57 6,1,30,,155297,22,0,7 6,1,108,,155298,22,0,7 6,1,100,,155299,22,0,7 6,1,463,,155304,22,0,57 6,1,35,,155305,22,0,57 6,1,65,,155306,22,0,57 6,1,35,,155308,22,0,57 6,1,75,,155310,22,0,57 6,1,80,,155311,22,0,57 6,1,50,,155312,22,0,7 6,1
2700,'20260903',527,,155316,22,0,7 6,1,20,,155317,22,0,7 6,1,65,,155318,22,0,57 6,1,22,,155319,22,0,57 6,1,18,,155320,22,0,57 6,1,65,,155321,22,0,57 6,1,25,,155322,22,0,57 6,1,70,,155323,22,0,57 6,1,30,,155324,22,0,7 6,1,108,,155325,22,0,7 6,1,100,,155326,22,0,7 6,1,463,,155331,22,0,57 6,1,35,,155332,22,0,57 6,1,65,,155333,22,0,57 6,1,35,,155335,22,0,57 6,1,75,,155337,22,0,57 6,1,80,,155338,22,0,57 6,1,50,,155339,22,0,7 6,1
2700,'20260904',527,,155343,22,0,7 6,1,20,,155344,22,0,7 6,1,65,,155345,22,0,57 6,1,22,,155346,22,0,57 6,1,18,,155347,22,0,57 6,1,65,,155348,22,0,57 6,1,25,,155349,22,0,57 6,1,70,,155350,22,0,57 6,1,30,,155351,22,0,7 6,1,108,,155352,22,0,7 6,1,100,,155353,22,0,7 6,1,463,,155358,22,0,57 6,1,35,,155359,22,0,57 6,1,65,,155360,22,0,57 6,1,35,,155362,22,0,57 6,1,75,,155364,22,0,57 6,1,80,,155365,22,0,57 6,1,50,,155366,22,0,7 6,1
2700,'20260905',554,,254429,22,0,7 6,1
2700,'20260906',554,,254446,22,0,7 6,1
2700,'20260907',554,,254463,22,0,7 6,1
2700,'20260908',527,,254480,22,0,7 6,1,20,,254481,22,0,7 6,1,65,,254482,22,0,57 6,1,22,,254483,22,0,57 6,1,16,,254484,22,0,57 6,1,67,,254485,22,0,57 6,1,25,,254486,22,0,57 6,1,70,,254487,22,0,57 6,1,40,,254488,22,0,7 6,1,98,,254489,22,0,7 6,1,100,,254490,22,0,7 6,1,463,,254495,22,0,57 6,1,30,,254496,22,0,57 6,1,70,,254497,22,0,57 6,1,35,,254499,22,0,57 6,1,75,,254501,22,0,57 6,1,80,,254502,22,0,57 6,1,50,,254503,22,0,7 6,1
2700,'20260909',527,,254507,22,0,7 6,1,20,,254508,22,0,7 6,1,65,,254509,22,0,57 6,1,22,,254510,22,0,57 6,1,16,,254511,22,0,57 6,1,67,,254512,22,0,57 6,1,25,,254513,22,0,57 6,1,70,,254514,22,0,57 6,1,40,,254515,22,0,7 6,1,98,,254516,22,0,7 6,1,100,,254517,22,0,7 6,1,463,,254522,22,0,57 6,1,30,,254523,22,0,57 6,1,70,,254524,22,0,57 6,1,35,,254526,22,0,57 6,1,75,,254528,22,0,57 6,1,80,,254529,22,0,57 6,1,50,,254530,22,0,7 6,1
2700,'20260910',527,,254534,22,0,7 6,1,20,,254535,22,0,7 6,1,65,,254536,22,0,57 6,1,22,,254537,22,0,57 6,1,16,,254538,22,0,57 6,1,67,,254539,22,0,57 6,1,25,,254540,22,0,57 6,1,70,,254541,22,0,57 6,1,40,,254542,22,0,7 6,1,98,,254543,22,0,7 6,1,100,,254544,22,0,7 6,1,463,,254549,22,0,57 6,1,30,,254550,22,0,57 6,1,70,,254551,22,0,57 6,1,35,,254553,22,0,57 6,1,75,,254555,22,0,57 6,1,80,,254556,22,0,57 6,1,50,,254557,22,0,7 6,1
2700,'20260911',527,,254561,22,0,7 6,1,20,,254562,22,0,7 6,1,65,,254563,22,0,57 6,1,22,,254564,22,0,57 6,1,16,,254565,22,0,57 6,1,67,,254566,22,0,57 6,1,25,,254567,22,0,57 6,1,70,,254568,22,0,57 6,1,40,,254569,22,0,7 6,1,98,,254570,22,0,7 6,1,100,,254571,22,0,7 6,1,463,,254576,22,0,57 6,1,30,,254577,22,0,57 6,1,70,,254578,22,0,57 6,1,35,,254580,22,0,57 6,1,75,,254582,22,0,57 6,1,80,,254583,22,0,57 6,1,50,,254584,22,0,7 6,1
2700,'20260912',554,,254588,22,0,7 6,1
2700,'20260913',554,,254605,22,0,7 6,1
2700,'20260914',527,,254622,22,0,7 6,1,20,,254623,22,0,7 6,1,65,,254624,22,0,57 6,1,22,,254625,22,0,57 6,1,16,,254626,22,0,57 6,1,67,,254627,22,0,57 6,1,25,,254628,22,0,57 6,1,70,,254629,22,0,57 6,1,40,,254630,22,0,7 6,1,98,,254631,22,0,7 6,1,100,,254632,22,0,7 6,1,463,,254637,22,0,57 6,1,30,,254638,22,0,57 6,1,70,,254639,22,0,57 6,1,35,,254641,22,0,57 6,1,75,,254643,22,0,57 6,1,80,,254644,22,0,57 6,1,50,,254645,22,0,7 6,1
2700,'20260915',527,,254649,22,0,7 6,1,20,,254650,22,0,7 6,1,65,,254651,22,0,57 6,1,22,,254652,22,0,57 6,1,16,,254653,22,0,57 6,1,67,,254654,22,0,57 6,1,25,,254655,22,0,57 6,1,70,,254656,22,0,57 6,1,40,,254657,22,0,7 6,1,98,,254658,22,0,7 6,1,100,,254659,22,0,7 6,1,463,,254664,22,0,57 6,1,30,,254665,22,0,57 6,1,70,,254666,22,0,57 6,1,35,,254668,22,0,57 6,1,75,,254670,22,0,57 6,1,80,,254671,22,0,57 6,1,50,,254672,22,0,7 6,1
2700,'20260916',527,,254676,22,0,7 6,1,20,,254677,22,0,7 6,1,65,,254678,22,0,57 6,1,22,,254679,22,0,57 6,1,16,,254680,22,0,57 6,1,67,,254681,22,0,57 6,1,25,,254682,22,0,57 6,1,70,,254683,22,0,57 6,1,40,,254684,22,0,7 6,1,98,,254685,22,0,7 6,1,100,,254686,22,0,7 6,1,463,,254691,22,0,57 6,1,30,,254692,22,0,57 6,1,70,,254693,22,0,57 6,1,35,,254695,22,0,57 6,1,75,,254697,22,0,57 6,1,80,,254698,22,0,57 6,1,50,,254699,22,0,7 6,1
2700,'20260917',527,,254703,22,0,7 6,1,20,,254704,22,0,7 6,1,65,,254705,22,0,57 6,1,22,,254706,22,0,57 6,1,16,,254707,22,0,57 6,1,67,,254708,22,0,57 6,1,25,,254709,22,0,57 6,1,70,,254710,22,0,57 6,1,40,,254711,22,0,7 6,1,98,,254712,22,0,7 6,1,100,,254713,22,0,7 6,1,463,,254718,22,0,57 6,1,30,,254719,22,0,57 6,1,70,,254720,22,0,57 6,1,35,,254722,22,0,57 6,1,75,,254724,22,0,57 6,1,80,,254725,22,0,57 6,1,50,,254726,22,0,7 6,1
2700,'20260918',527,,254730,22,0,7 6,1,20,,254731,22,0,7 6,1,65,,254732,22,0,57 6,1,22,,254733,22,0,57 6,1,16,,254734,22,0,57 6,1,67,,254735,22,0,57 6,1,25,,254736,22,0,57 6,1,70,,254737,22,0,57 6,1,40,,254738,22,0,7 6,1,98,,254739,22,0,7 6,1,100,,254740,22,0,7 6,1,463,,254745,22,0,57 6,1,30,,254746,22,0,57 6,1,70,,254747,22,0,57 6,1,35,,254749,22,0,57 6,1,75,,254751,22,0,57 6,1,80,,254752,22,0,57 6,1,50,,254753,22,0,7 6,1
2700,'20260919',554,,254757,22,0,7 6,1
2700,'20260920',554,,254774,22,0,7 6,1
2700,'20260921',527,,254791,22,0,7 6,1,20,,254792,22,0,7 6,1,65,,254793,22,0,57 6,1,22,,254794,22,0,57 6,1,16,,254795,22,0,57 6,1,67,,254796,22,0,57 6,1,25,,254797,22,0,57 6,1,70,,254798,22,0,57 6,1,40,,254799,22,0,7 6,1,98,,254800,22,0,7 6,1,100,,254801,22,0,7 6,1,463,,254806,22,0,57 6,1,30,,254807,22,0,57 6,1,70,,254808,22,0,57 6,1,35,,254810,22,0,57 6,1,75,,254812,22,0,57 6,1,80,,254813,22,0,57 6,1,50,,254814,22,0,7 6,1
2700,'20260922',527,,254818,22,0,7 6,1,20,,254819,22,0,7 6,1,65,,254820,22,0,57 6,1,22,,254821,22,0,57 6,1,16,,254822,22,0,57 6,1,67,,254823,22,0,57 6,1,25,,254824,22,0,57 6,1,70,,254825,22,0,57 6,1,40,,254826,22,0,7 6,1,98,,254827,22,0,7 6,1,100,,254828,22,0,7 6,1,463,,254833,22,0,57 6,1,30,,254834,22,0,57 6,1,70,,254835,22,0,57 6,1,35,,254837,22,0,57 6,1,75,,254839,22,0,57 6,1,80,,254840,22,0,57 6,1,50,,254841,22,0,7 6,1
2700,'20260923',527,,254845,22,0,7 6,1,20,,254846,22,0,7 6,1,65,,254847,22,0,57 6,1,22,,254848,22,0,57 6,1,16,,254849,22,0,57 6,1,67,,254850,22,0,57 6,1,25,,254851,22,0,57 6,1,70,,254852,22,0,57 6,1,40,,254853,22,0,7 6,1,98,,254854,22,0,7 6,1,100,,254855,22,0,7 6,1,463,,254860,22,0,57 6,1,30,,254861,22,0,57 6,1,70,,254862,22,0,57 6,1,35,,254864,22,0,57 6,1,75,,254866,22,0,57 6,1,80,,254867,22,0,57 6,1,50,,254868,22,0,7 6,1
2700,'20260924',527,,254872,22,0,7 6,1,20,,254873,22,0,7 6,1,65,,254874,22,0,57 6,1,22,,254875,22,0,57 6,1,16,,254876,22,0,57 6,1,67,,254877,22,0,57 6,1,25,,254878,22,0,57 6,1,70,,254879,22,0,57 6,1,40,,254880,22,0,7 6,1,98,,254881,22,0,7 6,1,100,,254882,22,0,7 6,1,463,,254887,22,0,57 6,1,30,,254888,22,0,57 6,1,70,,254889,22,0,57 6,1,35,,254891,22,0,57 6,1,75,,254893,22,0,57 6,1,80,,254894,22,0,57 6,1,50,,254895,22,0,7 6,1
2700,'20260925',527,,254899,22,0,7 6,1,20,,254900,22,0,7 6,1,65,,254901,22,0,57 6,1,22,,254902,22,0,57 6,1,16,,254903,22,0,57 6,1,67,,254904,22,0,57 6,1,25,,254905,22,0,57 6,1,70,,254906,22,0,57 6,1,40,,254907,22,0,7 6,1,98,,254908,22,0,7 6,1,100,,254909,22,0,7 6,1,463,,254914,22,0,57 6,1,30,,254915,22,0,57 6,1,70,,254916,22,0,57 6,1,35,,254918,22,0,57 6,1,75,,254920,22,0,57 6,1,80,,254921,22,0,57 6,1,50,,254922,22,0,7 6,1
2700,'20260926',554,,254926,22,0,7 6,1
2700,'20260927',554,,254943,22,0,7 6,1
2700,'20260928',527,,254960,22,0,7 6,1,20,,254961,22,0,7 6,1,65,,254962,22,0,57 6,1,22,,254963,22,0,57 6,1,16,,254964,22,0,57 6,1,67,,254965,22,0,57 6,1,25,,254966,22,0,57 6,1,70,,254967,22,0,57 6,1,40,,254968,22,0,7 6,1,98,,254969,22,0,7 6,1,100,,254970,22,0,7 6,1,463,,254975,22,0,57 6,1,30,,254976,22,0,57 6,1,70,,254977,22,0,57 6,1,35,,254979,22,0,57 6,1,75,,254981,22,0,57 6,1,80,,254982,22,0,57 6,1,50,,254983,22,0,7 6,1
2700,'20260929',527,,254987,22,0,7 6,1,20,,254988,22,0,7 6,1,65,,254989,22,0,57 6,1,22,,254990,22,0,57 6,1,16,,254991,22,0,57 6,1,67,,254992,22,0,57 6,1,25,,254993,22,0,57 6,1,70,,254994,22,0,57 6,1,40,,254995,22,0,7 6,1,98,,254996,22,0,7 6,1,100,,254997,22,0,7 6,1,463,,255002,22,0,57 6,1,30,,255003,22,0,57 6,1,70,,255004,22,0,57 6,1,35,,255006,22,0,57 6,1,75,,255008,22,0,57 6,1,80,,255009,22,0,57 6,1,50,,255010,22,0,7 6,1
2700,'20260930',527,,255014,22,0,7 6,1,20,,255015,22,0,7 6,1,65,,255016,22,0,57 6,1,22,,255017,22,0,57 6,1,16,,255018,22,0,57 6,1,67,,255019,22,0,57 6,1,25,,255020,22,0,57 6,1,70,,255021,22,0,57 6,1,40,,255022,22,0,7 6,1,98,,255023,22,0,7 6,1,100,,255024,22,0,7 6,1,463,,255029,22,0,57 6,1,30,,255030,22,0,57 6,1,70,,255031,22,0,57 6,1,35,,255033,22,0,57 6,1,75,,255035,22,0,57 6,1,80,,255036,22,0,57 6,1,50,,255037,22,0,7 6,1
2700,'20261001',527,,255041,22,0,7 6,1,20,,255042,22,0,7 6,1,65,,255043,22,0,57 6,1,22,,255044,22,0,57 6,1,16,,255045,22,0,57 6,1,67,,255046,22,0,57 6,1,25,,255047,22,0,57 6,1,70,,255048,22,0,57 6,1,40,,255049,22,0,7 6,1,98,,255050,22,0,7 6,1,100,,255051,22,0,7 6,1,463,,255056,22,0,57 6,1,30,,255057,22,0,57 6,1,70,,255058,22,0,57 6,1,35,,255060,22,0,57 6,1,75,,255062,22,0,57 6,1,80,,255063,22,0,57 6,1,50,,255064,22,0,7 6,1
2700,'20261002',527,,255068,22,0,7 6,1,20,,255069,22,0,7 6,1,65,,255070,22,0,57 6,1,22,,255071,22,0,57 6,1,16,,255072,22,0,57 6,1,67,,255073,22,0,57 6,1,25,,255074,22,0,57 6,1,70,,255075,22,0,57 6,1,40,,255076,22,0,7 6,1,98,,255077,22,0,7 6,1,100,,255078,22,0,7 6,1,463,,255083,22,0,57 6,1,30,,255084,22,0,57 6,1,70,,255085,22,0,57 6,1,35,,255087,22,0,57 6,1,75,,255089,22,0,57 6,1,80,,255090,22,0,57 6,1,50,,255091,22,0,7 6,1
2700,'20261003',554,,255095,22,0,7 6,1
2700,'20261004',554,,255112,22,0,7 6,1
2700,'20261005',527,,255129,22,0,7 6,1,20,,255130,22,0,7 6,1,65,,255131,22,0,57 6,1,22,,255132,22,0,57 6,1,16,,255133,22,0,57 6,1,67,,255134,22,0,57 6,1,25,,255135,22,0,57 6,1,70,,255136,22,0,57 6,1,40,,255137,22,0,7 6,1,98,,255138,22,0,7 6,1,100,,255139,22,0,7 6,1,463,,255144,22,0,57 6,1,30,,255145,22,0,57 6,1,70,,255146,22,0,57 6,1,35,,255148,22,0,57 6,1,75,,255150,22,0,57 6,1,80,,255151,22,0,57 6,1,50,,255152,22,0,7 6,1
2700,'20261006',527,,255156,22,0,7 6,1,20,,255157,22,0,7 6,1,65,,255158,22,0,57 6,1,22,,255159,22,0,57 6,1,16,,255160,22,0,57 6,1,67,,255161,22,0,57 6,1,25,,255162,22,0,57 6,1,70,,255163,22,0,57 6,1,40,,255164,22,0,7 6,1,98,,255165,22,0,7 6,1,100,,255166,22,0,7 6,1,463,,255171,22,0,57 6,1,30,,255172,22,0,57 6,1,70,,255173,22,0,57 6,1,35,,255175,22,0,57 6,1,75,,255177,22,0,57 6,1,80,,255178,22,0,57 6,1,50,,255179,22,0,7 6,1
2700,'20261007',527,,255183,22,0,7 6,1,20,,255184,22,0,7 6,1,65,,255185,22,0,57 6,1,22,,255186,22,0,57 6,1,16,,255187,22,0,57 6,1,67,,255188,22,0,57 6,1,25,,255189,22,0,57 6,1,70,,255190,22,0,57 6,1,40,,255191,22,0,7 6,1,98,,255192,22,0,7 6,1,100,,255193,22,0,7 6,1,463,,255198,22,0,57 6,1,30,,255199,22,0,57 6,1,70,,255200,22,0,57 6,1,35,,255202,22,0,57 6,1,75,,255204,22,0,57 6,1,80,,255205,22,0,57 6,1,50,,255206,22,0,7 6,1
2700,'20261008',527,,255210,22,0,7 6,1,20,,255211,22,0,7 6,1,65,,255212,22,0,57 6,1,22,,255213,22,0,57 6,1,16,,255214,22,0,57 6,1,67,,255215,22,0,57 6,1,25,,255216,22,0,57 6,1,70,,255217,22,0,57 6,1,40,,255218,22,0,7 6,1,98,,255219,22,0,7 6,1,100,,255220,22,0,7 6,1,463,,255225,22,0,57 6,1,30,,255226,22,0,57 6,1,70,,255227,22,0,57 6,1,35,,255229,22,0,57 6,1,75,,255231,22,0,57 6,1,80,,255232,22,0,57 6,1,50,,255233,22,0,7 6,1
2700,'20261009',527,,255237,22,0,7 6,1,20,,255238,22,0,7 6,1,65,,255239,22,0,57 6,1,22,,255240,22,0,57 6,1,16,,255241,22,0,57 6,1,67,,255242,22,0,57 6,1,25,,255243,22,0,57 6,1,70,,255244,22,0,57 6,1,40,,255245,22,0,7 6,1,98,,255246,22,0,7 6,1,100,,255247,22,0,7 6,1,463,,255252,22,0,57 6,1,30,,255253,22,0,57 6,1,70,,255254,22,0,57 6,1,35,,255256,22,0,57 6,1,75,,255258,22,0,57 6,1,80,,255259,22,0,57 6,1,50,,255260,22,0,7 6,1
2700,'20261010',554,,255264,22,0,7 6,1
2700,'20261011',554,,255281,22,0,7 6,1
2700,'20261012',554,,255298,22,0,7 6,1
2700,'20261013',527,,255315,22,0,7 6,1,20,,255316,22,0,7 6,1,65,,255317,22,0,57 6,1,22,,255318,22,0,57 6,1,16,,255319,22,0,57 6,1,67,,255320,22,0,57 6,1,25,,255321,22,0,57 6,1,70,,255322,22,0,57 6,1,40,,255323,22,0,7 6,1,98,,255324,22,0,7 6,1,100,,255325,22,0,7 6,1,463,,255330,22,0,57 6,1,30,,255331,22,0,57 6,1,70,,255332,22,0,57 6,1,35,,255334,22,0,57 6,1,75,,255336,22,0,57 6,1,80,,255337,22,0,57 6,1,50,,255338,22,0,7 6,1
2700,'20261014',527,,255342,22,0,7 6,1,20,,255343,22,0,7 6,1,65,,255344,22,0,57 6,1,22,,255345,22,0,57 6,1,16,,255346,22,0,57 6,1,67,,255347,22,0,57 6,1,25,,255348,22,0,57 6,1,70,,255349,22,0,57 6,1,40,,255350,22,0,7 6,1,98,,255351,22,0,7 6,1,100,,255352,22,0,7 6,1,463,,255357,22,0,57 6,1,30,,255358,22,0,57 6,1,70,,255359,22,0,57 6,1,35,,255361,22,0,57 6,1,75,,255363,22,0,57 6,1,80,,255364,22,0,57 6,1,50,,255365,22,0,7 6,1
2700,'20261015',527,,255369,22,0,7 6,1,20,,255370,22,0,7 6,1,65,,255371,22,0,57 6,1,22,,255372,22,0,57 6,1,16,,255373,22,0,57 6,1,67,,255374,22,0,57 6,1,25,,255375,22,0,57 6,1,70,,255376,22,0,57 6,1,40,,255377,22,0,7 6,1,98,,255378,22,0,7 6,1,100,,255379,22,0,7 6,1,463,,255384,22,0,57 6,1,30,,255385,22,0,57 6,1,70,,255386,22,0,57 6,1,35,,255388,22,0,57 6,1,75,,255390,22,0,57 6,1,80,,255391,22,0,57 6,1,50,,255392,22,0,7 6,1
2700,'20261016',527,,255396,22,0,7 6,1,20,,255397,22,0,7 6,1,65,,255398,22,0,57 6,1,22,,255399,22,0,57 6,1,16,,255400,22,0,57 6,1,67,,255401,22,0,57 6,1,25,,255402,22,0,57 6,1,70,,255403,22,0,57 6,1,40,,255404,22,0,7 6,1,98,,255405,22,0,7 6,1,100,,255406,22,0,7 6,1,463,,255411,22,0,57 6,1,30,,255412,22,0,57 6,1,70,,255413,22,0,57 6,1,35,,255415,22,0,57 6,1,75,,255417,22,0,57 6,1,80,,255418,22,0,57 6,1,50,,255419,22,0,7 6,1
2700,'20261017',554,,255423,22,0,7 6,1
2700,'20261018',554,,255440,22,0,7 6,1
2700,'20261019',527,,255457,22,0,7 6,1,20,,255458,22,0,7 6,1,65,,255459,22,0,57 6,1,22,,255460,22,0,57 6,1,16,,255461,22,0,57 6,1,67,,255462,22,0,57 6,1,25,,255463,22,0,57 6,1,70,,255464,22,0,57 6,1,40,,255465,22,0,7 6,1,98,,255466,22,0,7 6,1,100,,255467,22,0,7 6,1,463,,255472,22,0,57 6,1,30,,255473,22,0,57 6,1,70,,255474,22,0,57 6,1,35,,255476,22,0,57 6,1,75,,255478,22,0,57 6,1,80,,255479,22,0,57 6,1,50,,255480,22,0,7 6,1
2700,'20261020',527,,255484,22,0,7 6,1,20,,255485,22,0,7 6,1,65,,255486,22,0,57 6,1,22,,255487,22,0,57 6,1,16,,255488,22,0,57 6,1,67,,255489,22,0,57 6,1,25,,255490,22,0,57 6,1,70,,255491,22,0,57 6,1,40,,255492,22,0,7 6,1,98,,255493,22,0,7 6,1,100,,255494,22,0,7 6,1,463,,255499,22,0,57 6,1,30,,255500,22,0,57 6,1,70,,255501,22,0,57 6,1,35,,255503,22,0,57 6,1,75,,255505,22,0,57 6,1,80,,255506,22,0,57 6,1,50,,255507,22,0,7 6,1
2700,'20261021',527,,255511,22,0,7 6,1,20,,255512,22,0,7 6,1,65,,255513,22,0,57 6,1,22,,255514,22,0,57 6,1,16,,255515,22,0,57 6,1,67,,255516,22,0,57 6,1,25,,255517,22,0,57 6,1,70,,255518,22,0,57 6,1,40,,255519,22,0,7 6,1,98,,255520,22,0,7 6,1,100,,255521,22,0,7 6,1,463,,255526,22,0,57 6,1,30,,255527,22,0,57 6,1,70,,255528,22,0,57 6,1,35,,255530,22,0,57 6,1,75,,255532,22,0,57 6,1,80,,255533,22,0,57 6,1,50,,255534,22,0,7 6,1
2700,'20261022',527,,255538,22,0,7 6,1,20,,255539,22,0,7 6,1,65,,255540,22,0,57 6,1,22,,255541,22,0,57 6,1,16,,255542,22,0,57 6,1,67,,255543,22,0,57 6,1,25,,255544,22,0,57 6,1,70,,255545,22,0,57 6,1,40,,255546,22,0,7 6,1,98,,255547,22,0,7 6,1,100,,255548,22,0,7 6,1,463,,255553,22,0,57 6,1,30,,255554,22,0,57 6,1,70,,255555,22,0,57 6,1,35,,255557,22,0,57 6,1,75,,255559,22,0,57 6,1,80,,255560,22,0,57 6,1,50,,255561,22,0,7 6,1
2700,'20261023',527,,255565,22,0,7 6,1,20,,255566,22,0,7 6,1,65,,255567,22,0,57 6,1,22,,255568,22,0,57 6,1,16,,255569,22,0,57 6,1,67,,255570,22,0,57 6,1,25,,255571,22,0,57 6,1,70,,255572,22,0,57 6,1,40,,255573,22,0,7 6,1,98,,255574,22,0,7 6,1,100,,255575,22,0,7 6,1,463,,255580,22,0,57 6,1,30,,255581,22,0,57 6,1,70,,255582,22,0,57 6,1,35,,255584,22,0,57 6,1,75,,255586,22,0,57 6,1,80,,255587,22,0,57 6,1,50,,255588,22,0,7 6,1
2700,'20261024',554,,255592,22,0,7 6,1
2700,'20261025',554,,255609,22,0,7 6,1
2700,'20261026',527,,255626,22,0,7 6,1,20,,255627,22,0,7 6,1,65,,255628,22,0,57 6,1,22,,255629,22,0,57 6,1,16,,255630,22,0,57 6,1,67,,255631,22,0,57 6,1,25,,255632,22,0,57 6,1,70,,255633,22,0,57 6,1,40,,255634,22,0,7 6,1,98,,255635,22,0,7 6,1,100,,255636,22,0,7 6,1,463,,255641,22,0,57 6,1,30,,255642,22,0,57 6,1,70,,255643,22,0,57 6,1,35,,255645,22,0,57 6,1,75,,255647,22,0,57 6,1,80,,255648,22,0,57 6,1,50,,255649,22,0,7 6,1
2700,'20261027',527,,255653,22,0,7 6,1,20,,255654,22,0,7 6,1,65,,255655,22,0,57 6,1,22,,255656,22,0,57 6,1,16,,255657,22,0,57 6,1,67,,255658,22,0,57 6,1,25,,255659,22,0,57 6,1,70,,255660,22,0,57 6,1,40,,255661,22,0,7 6,1,98,,255662,22,0,7 6,1,100,,255663,22,0,7 6,1,463,,255668,22,0,57 6,1,30,,255669,22,0,57 6,1,70,,255670,22,0,57 6,1,35,,255672,22,0,57 6,1,75,,255674,22,0,57 6,1,80,,255675,22,0,57 6,1,50,,255676,22,0,7 6,1
2700,'20261028',527,,255680,22,0,7 6,1,20,,255681,22,0,7 6,1,65,,255682,22,0,57 6,1,22,,255683,22,0,57 6,1,16,,255684,22,0,57 6,1,67,,255685,22,0,57 6,1,25,,255686,22,0,57 6,1,70,,255687,22,0,57 6,1,40,,255688,22,0,7 6,1,98,,255689,22,0,7 6,1,100,,255690,22,0,7 6,1,463,,255695,22,0,57 6,1,30,,255696,22,0,57 6,1,70,,255697,22,0,57 6,1,35,,255699,22,0,57 6,1,75,,255701,22,0,57 6,1,80,,255702,22,0,57 6,1,50,,255703,22,0,7 6,1
2700,'20261029',527,,255707,22,0,7 6,1,20,,255708,22,0,7 6,1,65,,255709,22,0,57 6,1,22,,255710,22,0,57 6,1,16,,255711,22,0,57 6,1,67,,255712,22,0,57 6,1,25,,255713,22,0,57 6,1,70,,255714,22,0,57 6,1,40,,255715,22,0,7 6,1,98,,255716,22,0,7 6,1,100,,255717,22,0,7 6,1,463,,255722,22,0,57 6,1,30,,255723,22,0,57 6,1,70,,255724,22,0,57 6,1,35,,255726,22,0,57 6,1,75,,255728,22,0,57 6,1,80,,255729,22,0,57 6,1,50,,255730,22,0,7 6,1
2700,'20261030',527,,255734,22,0,7 6,1,20,,255735,22,0,7 6,1,65,,255736,22,0,57 6,1,22,,255737,22,0,57 6,1,16,,255738,22,0,57 6,1,67,,255739,22,0,57 6,1,25,,255740,22,0,57 6,1,70,,255741,22,0,57 6,1,40,,255742,22,0,7 6,1,98,,255743,22,0,7 6,1,100,,255744,22,0,7 6,1,463,,255749,22,0,57 6,1,30,,255750,22,0,57 6,1,70,,255751,22,0,57 6,1,35,,255753,22,0,57 6,1,75,,255755,22,0,57 6,1,80,,255756,22,0,57 6,1,50,,255757,22,0,7 6,1
2700,'20261031',554,,255761,22,0,7 6,1
2700,'20261101',554,,255778,22,0,7 6,1
2700,'20261102',527,,255795,22,0,7 6,1,20,,255796,22,0,7 6,1,65,,255797,22,0,57 6,1,22,,255798,22,0,57 6,1,16,,255799,22,0,57 6,1,67,,255800,22,0,57 6,1,25,,255801,22,0,57 6,1,70,,255802,22,0,57 6,1,40,,255803,22,0,7 6,1,98,,255804,22,0,7 6,1,100,,255805,22,0,7 6,1,463,,255810,22,0,57 6,1,30,,255811,22,0,57 6,1,70,,255812,22,0,57 6,1,35,,255814,22,0,57 6,1,75,,255816,22,0,57 6,1,80,,255817,22,0,57 6,1,50,,255818,22,0,7 6,1
2700,'20261103',527,,255822,22,0,7 6,1,20,,255823,22,0,7 6,1,65,,255824,22,0,57 6,1,22,,255825,22,0,57 6,1,16,,255826,22,0,57 6,1,67,,255827,22,0,57 6,1,25,,255828,22,0,57 6,1,70,,255829,22,0,57 6,1,40,,255830,22,0,7 6,1,98,,255831,22,0,7 6,1,100,,255832,22,0,7 6,1,463,,255837,22,0,57 6,1,30,,255838,22,0,57 6,1,70,,255839,22,0,57 6,1,35,,255841,22,0,57 6,1,75,,255843,22,0,57 6,1,80,,255844,22,0,57 6,1,50,,255845,22,0,7 6,1
2700,'20261104',527,,255849,22,0,7 6,1,20,,255850,22,0,7 6,1,65,,255851,22,0,57 6,1,22,,255852,22,0,57 6,1,16,,255853,22,0,57 6,1,67,,255854,22,0,57 6,1,25,,255855,22,0,57 6,1,70,,255856,22,0,57 6,1,40,,255857,22,0,7 6,1,98,,255858,22,0,7 6,1,100,,255859,22,0,7 6,1,463,,255864,22,0,57 6,1,30,,255865,22,0,57 6,1,70,,255866,22,0,57 6,1,35,,255868,22,0,57 6,1,75,,255870,22,0,57 6,1,80,,255871,22,0,57 6,1,50,,255872,22,0,7 6,1
2700,'20261105',527,,255876,22,0,7 6,1,20,,255877,22,0,7 6,1,65,,255878,22,0,57 6,1,22,,255879,22,0,57 6,1,16,,255880,22,0,57 6,1,67,,255881,22,0,57 6,1,25,,255882,22,0,57 6,1,70,,255883,22,0,57 6,1,40,,255884,22,0,7 6,1,98,,255885,22,0,7 6,1,100,,255886,22,0,7 6,1,463,,255891,22,0,57 6,1,30,,255892,22,0,57 6,1,70,,255893,22,0,57 6,1,35,,255895,22,0,57 6,1,75,,255897,22,0,57 6,1,80,,255898,22,0,57 6,1,50,,255899,22,0,7 6,1
2700,'20261106',527,,255903,22,0,7 6,1,20,,255904,22,0,7 6,1,65,,255905,22,0,57 6,1,22,,255906,22,0,57 6,1,16,,255907,22,0,57 6,1,67,,255908,22,0,57 6,1,25,,255909,22,0,57 6,1,70,,255910,22,0,57 6,1,40,,255911,22,0,7 6,1,98,,255912,22,0,7 6,1,100,,255913,22,0,7 6,1,463,,255918,22,0,57 6,1,30,,255919,22,0,57 6,1,70,,255920,22,0,57 6,1,35,,255922,22,0,57 6,1,75,,255924,22,0,57 6,1,80,,255925,22,0,57 6,1,50,,255926,22,0,7 6,1
2700,'20261107',554,,255930,22,0,7 6,1
2700,'20261108',554,,255947,22,0,7 6,1
2700,'20261109',527,,255964,22,0,7 6,1,20,,255965,22,0,7 6,1,65,,255966,22,0,57 6,1,22,,255967,22,0,57 6,1,16,,255968,22,0,57 6,1,67,,255969,22,0,57 6,1,25,,255970,22,0,57 6,1,70,,255971,22,0,57 6,1,40,,255972,22,0,7 6,1,98,,255973,22,0,7 6,1,100,,255974,22,0,7 6,1,463,,255979,22,0,57 6,1,30,,255980,22,0,57 6,1,70,,255981,22,0,57 6,1,35,,255983,22,0,57 6,1,75,,255985,22,0,57 6,1,80,,255986,22,0,57 6,1,50,,255987,22,0,7 6,1
2700,'20261110',527,,255991,22,0,7 6,1,20,,255992,22,0,7 6,1,65,,255993,22,0,57 6,1,22,,255994,22,0,57 6,1,16,,255995,22,0,57 6,1,67,,255996,22,0,57 6,1,25,,255997,22,0,57 6,1,70,,255998,22,0,57 6,1,40,,255999,22,0,7 6,1,98,,256000,22,0,7 6,1,100,,256001,22,0,7 6,1,463,,256006,22,0,57 6,1,30,,256007,22,0,57 6,1,70,,256008,22,0,57 6,1,35,,256010,22,0,57 6,1,75,,256012,22,0,57 6,1,80,,256013,22,0,57 6,1,50,,256014,22,0,7 6,1
2700,'20261111',527,,256018,22,0,7 6,1,20,,256019,22,0,7 6,1,65,,256020,22,0,57 6,1,22,,256021,22,0,57 6,1,16,,256022,22,0,57 6,1,67,,256023,22,0,57 6,1,25,,256024,22,0,57 6,1,70,,256025,22,0,57 6,1,40,,256026,22,0,7 6,1,98,,256027,22,0,7 6,1,100,,256028,22,0,7 6,1,463,,256033,22,0,57 6,1,30,,256034,22,0,57 6,1,70,,256035,22,0,57 6,1,35,,256037,22,0,57 6,1,75,,256039,22,0,57 6,1,80,,256040,22,0,57 6,1,50,,256041,22,0,7 6,1
2700,'20261112',527,,256045,22,0,7 6,1,20,,256046,22,0,7 6,1,65,,256047,22,0,57 6,1,22,,256048,22,0,57 6,1,16,,256049,22,0,57 6,1,67,,256050,22,0,57 6,1,25,,256051,22,0,57 6,1,70,,256052,22,0,57 6,1,40,,256053,22,0,7 6,1,98,,256054,22,0,7 6,1,100,,256055,22,0,7 6,1,463,,256060,22,0,57 6,1,30,,256061,22,0,57 6,1,70,,256062,22,0,57 6,1,35,,256064,22,0,57 6,1,75,,256066,22,0,57 6,1,80,,256067,22,0,57 6,1,50,,256068,22,0,7 6,1
2700,'20261113',527,,256072,22,0,7 6,1,20,,256073,22,0,7 6,1,65,,256074,22,0,57 6,1,22,,256075,22,0,57 6,1,16,,256076,22,0,57 6,1,67,,256077,22,0,57 6,1,25,,256078,22,0,57 6,1,70,,256079,22,0,57 6,1,40,,256080,22,0,7 6,1,98,,256081,22,0,7 6,1,100,,256082,22,0,7 6,1,463,,256087,22,0,57 6,1,30,,256088,22,0,57 6,1,70,,256089,22,0,57 6,1,35,,256091,22,0,57 6,1,75,,256093,22,0,57 6,1,80,,256094,22,0,57 6,1,50,,256095,22,0,7 6,1
2700,'20261114',554,,256099,22,0,7 6,1
2700,'20261115',554,,256116,22,0,7 6,1
2700,'20261116',527,,256133,22,0,7 6,1,20,,256134,22,0,7 6,1,65,,256135,22,0,57 6,1,22,,256136,22,0,57 6,1,16,,256137,22,0,57 6,1,67,,256138,22,0,57 6,1,25,,256139,22,0,57 6,1,70,,256140,22,0,57 6,1,40,,256141,22,0,7 6,1,98,,256142,22,0,7 6,1,100,,256143,22,0,7 6,1,463,,256148,22,0,57 6,1,30,,256149,22,0,57 6,1,70,,256150,22,0,57 6,1,35,,256152,22,0,57 6,1,75,,256154,22,0,57 6,1,80,,256155,22,0,57 6,1,50,,256156,22,0,7 6,1
2700,'20261117',527,,256160,22,0,7 6,1,20,,256161,22,0,7 6,1,65,,256162,22,0,57 6,1,22,,256163,22,0,57 6,1,16,,256164,22,0,57 6,1,67,,256165,22,0,57 6,1,25,,256166,22,0,57 6,1,70,,256167,22,0,57 6,1,40,,256168,22,0,7 6,1,98,,256169,22,0,7 6,1,100,,256170,22,0,7 6,1,463,,256175,22,0,57 6,1,30,,256176,22,0,57 6,1,70,,256177,22,0,57 6,1,35,,256179,22,0,57 6,1,75,,256181,22,0,57 6,1,80,,256182,22,0,57 6,1,50,,256183,22,0,7 6,1
2700,'20261118',527,,256187,22,0,7 6,1,20,,256188,22,0,7 6,1,65,,256189,22,0,57 6,1,22,,256190,22,0,57 6,1,16,,256191,22,0,57 6,1,67,,256192,22,0,57 6,1,25,,256193,22,0,57 6,1,70,,256194,22,0,57 6,1,40,,256195,22,0,7 6,1,98,,256196,22,0,7 6,1,100,,256197,22,0,7 6,1,463,,256202,22,0,57 6,1,30,,256203,22,0,57 6,1,70,,256204,22,0,57 6,1,35,,256206,22,0,57 6,1,75,,256208,22,0,57 6,1,80,,256209,22,0,57 6,1,50,,256210,22,0,7 6,1
2700,'20261119',527,,256214,22,0,7 6,1,20,,256215,22,0,7 6,1,65,,256216,22,0,57 6,1,22,,256217,22,0,57 6,1,16,,256218,22,0,57 6,1,67,,256219,22,0,57 6,1,25,,256220,22,0,57 6,1,70,,256221,22,0,57 6,1,40,,256222,22,0,7 6,1,98,,256223,22,0,7 6,1,100,,256224,22,0,7 6,1,463,,256229,22,0,57 6,1,30,,256230,22,0,57 6,1,70,,256231,22,0,57 6,1,35,,256233,22,0,57 6,1,75,,256235,22,0,57 6,1,80,,256236,22,0,57 6,1,50,,256237,22,0,7 6,1
2700,'20261120',527,,256241,22,0,7 6,1,20,,256242,22,0,7 6,1,65,,256243,22,0,57 6,1,22,,256244,22,0,57 6,1,16,,256245,22,0,57 6,1,67,,256246,22,0,57 6,1,25,,256247,22,0,57 6,1,70,,256248,22,0,57 6,1,40,,256249,22,0,7 6,1,98,,256250,22,0,7 6,1,100,,256251,22,0,7 6,1,463,,256256,22,0,57 6,1,30,,256257,22,0,57 6,1,70,,256258,22,0,57 6,1,35,,256260,22,0,57 6,1,75,,256262,22,0,57 6,1,80,,256263,22,0,57 6,1,50,,256264,22,0,7 6,1
2700,'20261121',554,,256268,22,0,7 6,1
2700,'20261122',554,,256285,22,0,7 6,1
2700,'20261123',527,,256302,22,0,7 6,1,20,,256303,22,0,7 6,1,65,,256304,22,0,57 6,1,22,,256305,22,0,57 6,1,16,,256306,22,0,57 6,1,67,,256307,22,0,57 6,1,25,,256308,22,0,57 6,1,70,,256309,22,0,57 6,1,40,,256310,22,0,7 6,1,98,,256311,22,0,7 6,1,100,,256312,22,0,7 6,1,463,,256317,22,0,57 6,1,30,,256318,22,0,57 6,1,70,,256319,22,0,57 6,1,35,,256321,22,0,57 6,1,75,,256323,22,0,57 6,1,80,,256324,22,0,57 6,1,50,,256325,22,0,7 6,1
2700,'20261124',527,,256329,22,0,7 6,1,20,,256330,22,0,7 6,1,65,,256331,22,0,57 6,1,22,,256332,22,0,57 6,1,16,,256333,22,0,57 6,1,67,,256334,22,0,57 6,1,25,,256335,22,0,57 6,1,70,,256336,22,0,57 6,1,40,,256337,22,0,7 6,1,98,,256338,22,0,7 6,1,100,,256339,22,0,7 6,1,463,,256344,22,0,57 6,1,30,,256345,22,0,57 6,1,70,,256346,22,0,57 6,1,35,,256348,22,0,57 6,1,75,,256350,22,0,57 6,1,80,,256351,22,0,57 6,1,50,,256352,22,0,7 6,1
2700,'20261125',527,,256356,22,0,7 6,1,20,,256357,22,0,7 6,1,65,,256358,22,0,57 6,1,22,,256359,22,0,57 6,1,16,,256360,22,0,57 6,1,67,,256361,22,0,57 6,1,25,,256362,22,0,57 6,1,70,,256363,22,0,57 6,1,40,,256364,22,0,7 6,1,98,,256365,22,0,7 6,1,100,,256366,22,0,7 6,1,463,,256371,22,0,57 6,1,30,,256372,22,0,57 6,1,70,,256373,22,0,57 6,1,35,,256375,22,0,57 6,1,75,,256377,22,0,57 6,1,80,,256378,22,0,57 6,1,50,,256379,22,0,7 6,1
2700,'20261126',527,,256383,22,0,7 6,1,20,,256384,22,0,7 6,1,65,,256385,22,0,57 6,1,22,,256386,22,0,57 6,1,16,,256387,22,0,57 6,1,67,,256388,22,0,57 6,1,25,,256389,22,0,57 6,1,70,,256390,22,0,57 6,1,40,,256391,22,0,7 6,1,98,,256392,22,0,7 6,1,100,,256393,22,0,7 6,1,463,,256398,22,0,57 6,1,30,,256399,22,0,57 6,1,70,,256400,22,0,57 6,1,35,,256402,22,0,57 6,1,75,,256404,22,0,57 6,1,80,,256405,22,0,57 6,1,50,,256406,22,0,7 6,1
2700,'20261127',527,,256410,22,0,7 6,1,20,,256411,22,0,7 6,1,65,,256412,22,0,57 6,1,22,,256413,22,0,57 6,1,16,,256414,22,0,57 6,1,67,,256415,22,0,57 6,1,25,,256416,22,0,57 6,1,70,,256417,22,0,57 6,1,40,,256418,22,0,7 6,1,98,,256419,22,0,7 6,1,100,,256420,22,0,7 6,1,463,,256425,22,0,57 6,1,30,,256426,22,0,57 6,1,70,,256427,22,0,57 6,1,35,,256429,22,0,57 6,1,75,,256431,22,0,57 6,1,80,,256432,22,0,57 6,1,50,,256433,22,0,7 6,1
4300,'20260908',731,,296155,14,,,1,697,,296156,14,,,1,103,,296157,14,,,1,100,,296158,14,,,1,85,,296159,14,,,1,20,,296160,14,,,1,80,,296161,14,,,1,20,,296162,14,,,1,95,,296163,14,,,1,97,,296164,14,,,1
4300,'20260909',731,,296165,14,,,1,697,,296166,14,,,1,103,,296167,14,,,1,100,,296168,14,,,1,85,,296169,14,,,1,20,,296170,14,,,1,80,,296171,14,,,1,20,,296172,14,,,1,95,,296173,14,,,1,97,,296174,14,,,1
4300,'20260910',731,,296175,14,,,1,697,,296176,14,,,1,103,,296177,14,,,1,100,,296178,14,,,1,85,,296179,14,,,1,20,,296180,14,,,1,80,,296181,14,,,1,20,,296182,14,,,1,95,,296183,14,,,1,97,,296184,14,,,1
4300,'20260911',731,,296185,14,,,1,697,,296186,14,,,1,103,,296187,14,,,1,100,,296188,14,,,1,85,,296189,14,,,1,20,,296190,14,,,1,80,,296191,14,,,1,20,,296192,14,,,1,95,,296193,14,,,1,97,,296194,14,,,1
4300,'20260914',731,,296195,14,,,1,697,,296196,14,,,1,103,,296197,14,,,1,100,,296198,14,,,1,85,,296199,14,,,1,20,,296200,14,,,1,80,,296201,14,,,1,20,,296202,14,,,1,95,,296203,14,,,1,97,,296204,14,,,1
4300,'20260915',731,,296205,14,,,1,697,,296206,14,,,1,103,,296207,14,,,1,100,,296208,14,,,1,85,,296209,14,,,1,20,,296210,14,,,1,80,,296211,14,,,1,20,,296212,14,,,1,95,,296213,14,,,1,97,,296214,14,,,1
4300,'20260916',731,,296215,14,,,1,697,,296216,14,,,1,103,,296217,14,,,1,100,,296218,14,,,1,85,,296219,14,,,1,20,,296220,14,,,1,80,,296221,14,,,1,20,,296222,14,,,1,95,,296223,14,,,1,97,,296224,14,,,1
4300,'20260917',731,,296225,14,,,1,697,,296226,14,,,1,103,,296227,14,,,1,100,,296228,14,,,1,85,,296229,14,,,1,20,,296230,14,,,1,80,,296231,14,,,1,20,,296232,14,,,1,95,,296233,14,,,1,97,,296234,14,,,1
4300,'20260918',731,,296235,14,,,1,697,,296236,14,,,1,103,,296237,14,,,1,100,,296238,14,,,1,85,,296239,14,,,1,20,,296240,14,,,1,80,,296241,14,,,1,20,,296242,14,,,1,95,,296243,14,,,1,97,,296244,14,,,1
4300,'20260921',731,,296245,14,,,1,697,,296246,14,,,1,103,,296247,14,,,1,100,,296248,14,,,1,85,,296249,14,,,1,20,,296250,14,,,1,80,,296251,14,,,1,20,,296252,14,,,1,95,,296253,14,,,1,97,,296254,14,,,1
4300,'20260922',731,,296255,14,,,1,697,,296256,14,,,1,103,,296257,14,,,1,100,,296258,14,,,1,85,,296259,14,,,1,20,,296260,14,,,1,80,,296261,14,,,1,20,,296262,14,,,1,95,,296263,14,,,1,97,,296264,14,,,1
4300,'20260923',731,,296265,14,,,1,697,,296266,14,,,1,103,,296267,14,,,1,100,,296268,14,,,1,85,,296269,14,,,1,20,,296270,14,,,1,80,,296271,14,,,1,20,,296272,14,,,1,95,,296273,14,,,1,97,,296274,14,,,1
4300,'20260924',731,,296275,14,,,1,697,,296276,14,,,1,103,,296277,14,,,1,100,,296278,14,,,1,85,,296279,14,,,1,20,,296280,14,,,1,80,,296281,14,,,1,20,,296282,14,,,1,95,,296283,14,,,1,97,,296284,14,,,1
4300,'20260925',731,,296285,14,,,1,697,,296286,14,,,1,103,,296287,14,,,1,100,,296288,14,,,1,85,,296289,14,,,1,20,,296290,14,,,1,80,,296291,14,,,1,20,,296292,14,,,1,95,,296293,14,,,1,97,,296294,14,,,1
4300,'20260928',731,,296295,14,,,1,697,,296296,14,,,1,103,,296297,14,,,1,100,,296298,14,,,1,85,,296299,14,,,1,20,,296300,14,,,1,80,,296301,14,,,1,20,,296302,14,,,1,95,,296303,14,,,1,97,,296304,14,,,1
4300,'20260929',731,,296305,14,,,1,697,,296306,14,,,1,103,,296307,14,,,1,100,,296308,14,,,1,85,,296309,14,,,1,20,,296310,14,,,1,80,,296311,14,,,1,20,,296312,14,,,1,95,,296313,14,,,1,97,,296314,14,,,1
4300,'20260930',731,,296315,14,,,1,697,,296316,14,,,1,103,,296317,14,,,1,100,,296318,14,,,1,85,,296319,14,,,1,20,,296320,14,,,1,80,,296321,14,,,1,20,,296322,14,,,1,95,,296323,14,,,1,97,,296324,14,,,1
4300,'20261001',731,,296325,14,,,1,697,,296326,14,,,1,103,,296327,14,,,1,100,,296328,14,,,1,85,,296329,14,,,1,20,,296330,14,,,1,80,,296331,14,,,1,20,,296332,14,,,1,95,,296333,14,,,1,97,,296334,14,,,1
4300,'20261002',731,,296335,14,,,1,697,,296336,14,,,1,103,,296337,14,,,1,100,,296338,14,,,1,85,,296339,14,,,1,20,,296340,14,,,1,80,,296341,14,,,1,20,,296342,14,,,1,95,,296343,14,,,1,97,,296344,14,,,1
4300,'20261005',731,,296345,14,,,1,697,,296346,14,,,1,103,,296347,14,,,1,100,,296348,14,,,1,85,,296349,14,,,1,20,,296350,14,,,1,80,,296351,14,,,1,20,,296352,14,,,1,95,,296353,14,,,1,97,,296354,14,,,1
4300,'20261006',731,,296355,14,,,1,697,,296356,14,,,1,103,,296357,14,,,1,100,,296358,14,,,1,85,,296359,14,,,1,20,,296360,14,,,1,80,,296361,14,,,1,20,,296362,14,,,1,95,,296363,14,,,1,97,,296364,14,,,1
4300,'20261007',731,,296365,14,,,1,697,,296366,14,,,1,103,,296367,14,,,1,100,,296368,14,,,1,85,,296369,14,,,1,20,,296370,14,,,1,80,,296371,14,,,1,20,,296372,14,,,1,95,,296373,14,,,1,97,,296374,14,,,1
4300,'20261008',731,,296375,14,,,1,697,,296376,14,,,1,103,,296377,14,,,1,100,,296378,14,,,1,85,,296379,14,,,1,20,,296380,14,,,1,80,,296381,14,,,1,20,,296382,14,,,1,95,,296383,14,,,1,97,,296384,14,,,1
4300,'20261009',731,,296385,14,,,1,697,,296386,14,,,1,103,,296387,14,,,1,100,,296388,14,,,1,85,,296389,14,,,1,20,,296390,14,,,1,80,,296391,14,,,1,20,,296392,14,,,1,95,,296393,14,,,1,97,,296394,14,,,1
4300,'20261013',731,,296395,14,,,1,697,,296396,14,,,1,103,,296397,14,,,1,100,,296398,14,,,1,85,,296399,14,,,1,20,,296400,14,,,1,80,,296401,14,,,1,20,,296402,14,,,1,95,,296403,14,,,1,97,,296404,14,,,1
4300,'20261014',731,,296405,14,,,1,697,,296406,14,,,1,103,,296407,14,,,1,100,,296408,14,,,1,85,,296409,14,,,1,20,,296410,14,,,1,80,,296411,14,,,1,20,,296412,14,,,1,95,,296413,14,,,1,97,,296414,14,,,1
4300,'20261015',731,,296415,14,,,1,697,,296416,14,,,1,103,,296417,14,,,1,100,,296418,14,,,1,85,,296419,14,,,1,20,,296420,14,,,1,80,,296421,14,,,1,20,,296422,14,,,1,95,,296423,14,,,1,97,,296424,14,,,1
4300,'20261016',731,,296425,14,,,1,697,,296426,14,,,1,103,,296427,14,,,1,100,,296428,14,,,1,85,,296429,14,,,1,20,,296430,14,,,1,80,,296431,14,,,1,20,,296432,14,,,1,95,,296433,14,,,1,97,,296434,14,,,1
4300,'20261019',731,,296435,14,,,1,697,,296436,14,,,1,103,,296437,14,,,1,100,,296438,14,,,1,85,,296439,14,,,1,20,,296440,14,,,1,80,,296441,14,,,1,20,,296442,14,,,1,95,,296443,14,,,1,97,,296444,14,,,1
4300,'20261020',731,,296445,14,,,1,697,,296446,14,,,1,103,,296447,14,,,1,100,,296448,14,,,1,85,,296449,14,,,1,20,,296450,14,,,1,80,,296451,14,,,1,20,,296452,14,,,1,95,,296453,14,,,1,97,,296454,14,,,1
4300,'20261021',731,,296455,14,,,1,697,,296456,14,,,1,103,,296457,14,,,1,100,,296458,14,,,1,85,,296459,14,,,1,20,,296460,14,,,1,80,,296461,14,,,1,20,,296462,14,,,1,95,,296463,14,,,1,97,,296464,14,,,1
4300,'20261022',731,,296465,14,,,1,697,,296466,14,,,1,103,,296467,14,,,1,100,,296468,14,,,1,85,,296469,14,,,1,20,,296470,14,,,1,80,,296471,14,,,1,20,,296472,14,,,1,95,,296473,14,,,1,97,,296474,14,,,1
4300,'20261023',731,,296475,14,,,1,697,,296476,14,,,1,103,,296477,14,,,1,100,,296478,14,,,1,85,,296479,14,,,1,20,,296480,14,,,1,80,,296481,14,,,1,20,,296482,14,,,1,95,,296483,14,,,1,97,,296484,14,,,1
4300,'20261026',731,,296485,14,,,1,697,,296486,14,,,1,103,,296487,14,,,1,100,,296488,14,,,1,85,,296489,14,,,1,20,,296490,14,,,1,80,,296491,14,,,1,20,,296492,14,,,1,95,,296493,14,,,1,97,,296494,14,,,1
4300,'20261027',731,,296495,14,,,1,697,,296496,14,,,1,103,,296497,14,,,1,100,,296498,14,,,1,85,,296499,14,,,1,20,,296500,14,,,1,80,,296501,14,,,1,20,,296502,14,,,1,95,,296503,14,,,1,97,,296504,14,,,1
4300,'20261028',731,,296505,14,,,1,697,,296506,14,,,1,103,,296507,14,,,1,100,,296508,14,,,1,85,,296509,14,,,1,20,,296510,14,,,1,80,,296511,14,,,1,20,,296512,14,,,1,95,,296513,14,,,1,97,,296514,14,,,1
4300,'20261029',731,,296515,14,,,1,697,,296516,14,,,1,103,,296517,14,,,1,100,,296518,14,,,1,85,,296519,14,,,1,20,,296520,14,,,1,80,,296521,14,,,1,20,,296522,14,,,1,95,,296523,14,,,1,97,,296524,14,,,1
4300,'20261030',731,,296525,14,,,1,697,,296526,14,,,1,103,,296527,14,,,1,100,,296528,14,,,1,85,,296529,14,,,1,20,,296530,14,,,1,80,,296531,14,,,1,20,,296532,14,,,1,95,,296533,14,,,1,97,,296534,14,,,1
4300,'20261102',731,,296535,14,,,1,697,,296536,14,,,1,103,,296537,14,,,1,100,,296538,14,,,1,85,,296539,14,,,1,20,,296540,14,,,1,80,,296541,14,,,1,20,,296542,14,,,1,95,,296543,14,,,1,97,,296544,14,,,1
4300,'20261103',731,,296545,14,,,1,697,,296546,14,,,1,103,,296547,14,,,1,100,,296548,14,,,1,85,,296549,14,,,1,20,,296550,14,,,1,80,,296551,14,,,1,20,,296552,14,,,1,95,,296553,14,,,1,97,,296554,14,,,1
4300,'20261104',731,,296555,14,,,1,697,,296556,14,,,1,103,,296557,14,,,1,100,,296558,14,,,1,85,,296559,14,,,1,20,,296560,14,,,1,80,,296561,14,,,1,20,,296562,14,,,1,95,,296563,14,,,1,97,,296564,14,,,1
4300,'20261105',731,,296565,14,,,1,697,,296566,14,,,1,103,,296567,14,,,1,100,,296568,14,,,1,85,,296569,14,,,1,20,,296570,14,,,1,80,,296571,14,,,1,20,,296572,14,,,1,95,,296573,14,,,1,97,,296574,14,,,1
4300,'20261106',731,,296575,14,,,1,697,,296576,14,,,1,103,,296577,14,,,1,100,,296578,14,,,1,85,,296579,14,,,1,20,,296580,14,,,1,80,,296581,14,,,1,20,,296582,14,,,1,95,,296583,14,,,1,97,,296584,14,,,1
4300,'20261109',731,,296585,14,,,1,697,,296586,14,,,1,103,,296587,14,,,1,100,,296588,14,,,1,85,,296589,14,,,1,20,,296590,14,,,1,80,,296591,14,,,1,20,,296592,14,,,1,95,,296593,14,,,1,97,,296594,14,,,1
4300,'20261110',731,,296595,14,,,1,697,,296596,14,,,1,103,,296597,14,,,1,100,,296598,14,,,1,85,,296599,14,,,1,20,,296600,14,,,1,80,,296601,14,,,1,20,,296602,14,,,1,95,,296603,14,,,1,97,,296604,14,,,1
4300,'20261111',731,,296605,14,,,1,697,,296606,14,,,1,103,,296607,14,,,1,100,,296608,14,,,1,85,,296609,14,,,1,20,,296610,14,,,1,80,,296611,14,,,1,20,,296612,14,,,1,95,,296613,14,,,1,97,,296614,14,,,1
4300,'20261112',731,,296615,14,,,1,697,,296616,14,,,1,103,,296617,14,,,1,100,,296618,14,,,1,85,,296619,14,,,1,20,,296620,14,,,1,80,,296621,14,,,1,20,,296622,14,,,1,95,,296623,14,,,1,97,,296624,14,,,1
4300,'20261113',731,,296625,14,,,1,697,,296626,14,,,1,103,,296627,14,,,1,100,,296628,14,,,1,85,,296629,14,,,1,20,,296630,14,,,1,80,,296631,14,,,1,20,,296632,14,,,1,95,,296633,14,,,1,97,,296634,14,,,1
4300,'20261116',731,,296635,14,,,1,697,,296636,14,,,1,103,,296637,14,,,1,100,,296638,14,,,1,85,,296639,14,,,1,20,,296640,14,,,1,80,,296641,14,,,1,20,,296642,14,,,1,95,,296643,14,,,1,97,,296644,14,,,1
4300,'20261117',731,,296645,14,,,1,697,,296646,14,,,1,103,,296647,14,,,1,100,,296648,14,,,1,85,,296649,14,,,1,20,,296650,14,,,1,80,,296651,14,,,1,20,,296652,14,,,1,95,,296653,14,,,1,97,,296654,14,,,1
4300,'20261118',731,,296655,14,,,1,697,,296656,14,,,1,103,,296657,14,,,1,100,,296658,14,,,1,85,,296659,14,,,1,20,,296660,14,,,1,80,,296661,14,,,1,20,,296662,14,,,1,95,,296663,14,,,1,97,,296664,14,,,1
4300,'20261119',731,,296665,14,,,1,697,,296666,14,,,1,103,,296667,14,,,1,100,,296668,14,,,1,85,,296669,14,,,1,20,,296670,14,,,1,80,,296671,14,,,1,20,,296672,14,,,1,95,,296673,14,,,1,97,,296674,14,,,1
4300,'20261120',731,,296675,14,,,1,697,,296676,14,,,1,103,,296677,14,,,1,100,,296678,14,,,1,85,,296679,14,,,1,20,,296680,14,,,1,80,,296681,14,,,1,20,,296682,14,,,1,95,,296683,14,,,1,97,,296684,14,,,1
4300,'20261123',731,,296685,14,,,1,697,,296686,14,,,1,103,,296687,14,,,1,100,,296688,14,,,1,85,,296689,14,,,1,20,,296690,14,,,1,80,,296691,14,,,1,20,,296692,14,,,1,95,,296693,14,,,1,97,,296694,14,,,1
4300,'20261124',731,,296695,14,,,1,697,,296696,14,,,1,103,,296697,14,,,1,100,,296698,14,,,1,85,,296699,14,,,1,20,,296700,14,,,1,80,,296701,14,,,1,20,,296702,14,,,1,95,,296703,14,,,1,97,,296704,14,,,1
4300,'20261125',731,,296705,14,,,1,697,,296706,14,,,1,103,,296707,14,,,1,100,,296708,14,,,1,85,,296709,14,,,1,20,,296710,14,,,1,80,,296711,14,,,1,20,,296712,14,,,1,95,,296713,14,,,1,97,,296714,14,,,1
4300,'20261126',731,,296715,14,,,1,697,,296716,14,,,1,103,,296717,14,,,1,100,,296718,14,,,1,85,,296719,14,,,1,20,,296720,14,,,1,80,,296721,14,,,1,20,,296722,14,,,1,95,,296723,14,,,1,97,,296724,14,,,1
4300,'20261127',731,,296725,14,,,1,697,,296726,14,,,1,103,,296727,14,,,1,100,,296728,14,,,1,85,,296729,14,,,1,20,,296730,14,,,1,80,,296731,14,,,1,20,,296732,14,,,1,95,,296733,14,,,1,97,,296734,14,,,1
4800,'20260831',534,,195958,22,,,1,92,,195959,22,,,1,98,,195960,22,,,1,97,,195961,22,,,1,104,,195962,22,,,1,105,,195963,22,,,1,100,,195964,22,,,1,100,,195965,22,,,1,100,,195966,22,,,1,100,,195967,22,,,1,86,,195968,22,,,1,95,,195969,22,,,1,103,,195970,22,,,1,110,,195971,22,,,1,104,,195972,22,,,1,205,,195973,22,,,1,206,,195974,22,,,1
4800,'20260901',534,,195975,22,,,1,92,,195976,22,,,1,98,,195977,22,,,1,97,,195978,22,,,1,104,,195979,22,,,1,105,,195980,22,,,1,100,,195981,22,,,1,100,,195982,22,,,1,100,,195983,22,,,1,100,,195984,22,,,1,86,,195985,22,,,1,95,,195986,22,,,1,103,,195987,22,,,1,110,,195988,22,,,1,104,,195989,22,,,1,205,,195990,22,,,1,206,,195991,22,,,1
4800,'20260902',534,,195992,22,,,1,92,,195993,22,,,1,98,,195994,22,,,1,97,,195995,22,,,1,104,,195996,22,,,1,105,,195997,22,,,1,100,,195998,22,,,1,100,,195999,22,,,1,100,,196000,22,,,1,100,,196001,22,,,1,86,,196002,22,,,1,95,,196003,22,,,1,103,,196004,22,,,1,110,,196005,22,,,1,104,,196006,22,,,1,205,,196007,22,,,1,206,,196008,22,,,1
4800,'20260903',534,,196009,22,,,1,92,,196010,22,,,1,98,,196011,22,,,1,97,,196012,22,,,1,104,,196013,22,,,1,105,,196014,22,,,1,100,,196015,22,,,1,100,,196016,22,,,1,100,,196017,22,,,1,100,,196018,22,,,1,86,,196019,22,,,1,95,,196020,22,,,1,103,,196021,22,,,1,110,,196022,22,,,1,104,,196023,22,,,1,205,,196024,22,,,1,206,,196025,22,,,1
4800,'20260904',534,,196026,22,,,1,92,,196027,22,,,1,98,,196028,22,,,1,97,,196029,22,,,1,104,,196030,22,,,1,105,,196031,22,,,1,100,,196032,22,,,1,100,,196033,22,,,1,100,,196034,22,,,1,100,,196035,22,,,1,86,,196036,22,,,1,95,,196037,22,,,1,103,,196038,22,,,1,110,,196039,22,,,1,104,,196040,22,,,1,205,,196041,22,,,1,206,,196042,22,,,1
4800,'20260908',534,,304301,22,,,1,92,,304302,22,,,1,98,,304303,22,,,1,97,,304304,22,,,1,104,,304305,22,,,1,105,,304306,22,,,1,100,,304307,22,,,1,100,,304308,22,,,1,100,,304309,22,,,1,100,,304310,22,,,1,86,,304311,22,,,1,95,,304312,22,,,1,103,,304313,22,,,1,110,,304314,22,,,1,104,,304315,22,,,1,205,,304316,22,,,1,206,,304317,22,,,1
4800,'20260909',534,,304318,22,,,1,92,,304319,22,,,1,98,,304320,22,,,1,97,,304321,22,,,1,104,,304322,22,,,1,105,,304323,22,,,1,100,,304324,22,,,1,100,,304325,22,,,1,100,,304326,22,,,1,100,,304327,22,,,1,86,,304328,22,,,1,95,,304329,22,,,1,103,,304330,22,,,1,110,,304331,22,,,1,104,,304332,22,,,1,205,,304333,22,,,1,206,,304334,22,,,1
4800,'20260910',534,,304335,22,,,1,92,,304336,22,,,1,98,,304337,22,,,1,97,,304338,22,,,1,104,,304339,22,,,1,105,,304340,22,,,1,100,,304341,22,,,1,100,,304342,22,,,1,100,,304343,22,,,1,100,,304344,22,,,1,86,,304345,22,,,1,95,,304346,22,,,1,103,,304347,22,,,1,110,,304348,22,,,1,104,,304349,22,,,1,205,,304350,22,,,1,206,,304351,22,,,1
4800,'20260911',534,,304352,22,,,1,92,,304353,22,,,1,98,,304354,22,,,1,97,,304355,22,,,1,104,,304356,22,,,1,105,,304357,22,,,1,100,,304358,22,,,1,100,,304359,22,,,1,100,,304360,22,,,1,100,,304361,22,,,1,86,,304362,22,,,1,95,,304363,22,,,1,103,,304364,22,,,1,110,,304365,22,,,1,104,,304366,22,,,1,205,,304367,22,,,1,206,,304368,22,,,1
4800,'20260914',534,,304369,22,,,1,92,,304370,22,,,1,98,,304371,22,,,1,97,,304372,22,,,1,104,,304373,22,,,1,105,,304374,22,,,1,100,,304375,22,,,1,100,,304376,22,,,1,100,,304377,22,,,1,100,,304378,22,,,1,86,,304379,22,,,1,95,,304380,22,,,1,103,,304381,22,,,1,110,,304382,22,,,1,104,,304383,22,,,1,205,,304384,22,,,1,206,,304385,22,,,1
4800,'20260915',534,,304386,22,,,1,92,,304387,22,,,1,98,,304388,22,,,1,97,,304389,22,,,1,104,,304390,22,,,1,105,,304391,22,,,1,100,,304392,22,,,1,100,,304393,22,,,1,100,,304394,22,,,1,100,,304395,22,,,1,86,,304396,22,,,1,95,,304397,22,,,1,103,,304398,22,,,1,110,,304399,22,,,1,104,,304400,22,,,1,205,,304401,22,,,1,206,,304402,22,,,1
4800,'20260916',534,,304403,22,,,1,92,,304404,22,,,1,98,,304405,22,,,1,97,,304406,22,,,1,104,,304407,22,,,1,105,,304408,22,,,1,100,,304409,22,,,1,100,,304410,22,,,1,100,,304411,22,,,1,100,,304412,22,,,1,86,,304413,22,,,1,95,,304414,22,,,1,103,,304415,22,,,1,110,,304416,22,,,1,104,,304417,22,,,1,205,,304418,22,,,1,206,,304419,22,,,1
4800,'20260917',534,,304420,22,,,1,92,,304421,22,,,1,98,,304422,22,,,1,97,,304423,22,,,1,104,,304424,22,,,1,105,,304425,22,,,1,100,,304426,22,,,1,100,,304427,22,,,1,100,,304428,22,,,1,100,,304429,22,,,1,86,,304430,22,,,1,95,,304431,22,,,1,103,,304432,22,,,1,110,,304433,22,,,1,104,,304434,22,,,1,205,,304435,22,,,1,206,,304436,22,,,1
4800,'20260918',534,,304437,22,,,1,92,,304438,22,,,1,98,,304439,22,,,1,97,,304440,22,,,1,104,,304441,22,,,1,105,,304442,22,,,1,100,,304443,22,,,1,100,,304444,22,,,1,100,,304445,22,,,1,100,,304446,22,,,1,86,,304447,22,,,1,95,,304448,22,,,1,103,,304449,22,,,1,110,,304450,22,,,1,104,,304451,22,,,1,205,,304452,22,,,1,206,,304453,22,,,1
4800,'20260921',534,,304454,22,,,1,92,,304455,22,,,1,98,,304456,22,,,1,97,,304457,22,,,1,104,,304458,22,,,1,105,,304459,22,,,1,100,,304460,22,,,1,100,,304461,22,,,1,100,,304462,22,,,1,100,,304463,22,,,1,86,,304464,22,,,1,95,,304465,22,,,1,103,,304466,22,,,1,110,,304467,22,,,1,104,,304468,22,,,1,205,,304469,22,,,1,206,,304470,22,,,1
4800,'20260922',534,,304471,22,,,1,92,,304472,22,,,1,98,,304473,22,,,1,97,,304474,22,,,1,104,,304475,22,,,1,105,,304476,22,,,1,100,,304477,22,,,1,100,,304478,22,,,1,100,,304479,22,,,1,100,,304480,22,,,1,86,,304481,22,,,1,95,,304482,22,,,1,103,,304483,22,,,1,110,,304484,22,,,1,104,,304485,22,,,1,205,,304486,22,,,1,206,,304487,22,,,1
4800,'20260923',534,,304488,22,,,1,92,,304489,22,,,1,98,,304490,22,,,1,97,,304491,22,,,1,104,,304492,22,,,1,105,,304493,22,,,1,100,,304494,22,,,1,100,,304495,22,,,1,100,,304496,22,,,1,100,,304497,22,,,1,86,,304498,22,,,1,95,,304499,22,,,1,103,,304500,22,,,1,110,,304501,22,,,1,104,,304502,22,,,1,205,,304503,22,,,1,206,,304504,22,,,1
4800,'20260924',534,,304505,22,,,1,92,,304506,22,,,1,98,,304507,22,,,1,97,,304508,22,,,1,104,,304509,22,,,1,105,,304510,22,,,1,100,,304511,22,,,1,100,,304512,22,,,1,100,,304513,22,,,1,100,,304514,22,,,1,86,,304515,22,,,1,95,,304516,22,,,1,103,,304517,22,,,1,110,,304518,22,,,1,104,,304519,22,,,1,205,,304520,22,,,1,206,,304521,22,,,1
4800,'20260925',534,,304522,22,,,1,92,,304523,22,,,1,98,,304524,22,,,1,97,,304525,22,,,1,104,,304526,22,,,1,105,,304527,22,,,1,100,,304528,22,,,1,100,,304529,22,,,1,100,,304530,22,,,1,100,,304531,22,,,1,86,,304532,22,,,1,95,,304533,22,,,1,103,,304534,22,,,1,110,,304535,22,,,1,104,,304536,22,,,1,205,,304537,22,,,1,206,,304538,22,,,1
4800,'20260928',534,,304539,22,,,1,92,,304540,22,,,1,98,,304541,22,,,1,97,,304542,22,,,1,104,,304543,22,,,1,105,,304544,22,,,1,100,,304545,22,,,1,100,,304546,22,,,1,100,,304547,22,,,1,100,,304548,22,,,1,86,,304549,22,,,1,95,,304550,22,,,1,103,,304551,22,,,1,110,,304552,22,,,1,104,,304553,22,,,1,205,,304554,22,,,1,206,,304555,22,,,1
4800,'20260929',534,,304556,22,,,1,92,,304557,22,,,1,98,,304558,22,,,1,97,,304559,22,,,1,104,,304560,22,,,1,105,,304561,22,,,1,100,,304562,22,,,1,100,,304563,22,,,1,100,,304564,22,,,1,100,,304565,22,,,1,86,,304566,22,,,1,95,,304567,22,,,1,103,,304568,22,,,1,110,,304569,22,,,1,104,,304570,22,,,1,205,,304571,22,,,1,206,,304572,22,,,1
4800,'20260930',534,,304573,22,,,1,92,,304574,22,,,1,98,,304575,22,,,1,97,,304576,22,,,1,104,,304577,22,,,1,105,,304578,22,,,1,100,,304579,22,,,1,100,,304580,22,,,1,100,,304581,22,,,1,100,,304582,22,,,1,86,,304583,22,,,1,95,,304584,22,,,1,103,,304585,22,,,1,110,,304586,22,,,1,104,,304587,22,,,1,205,,304588,22,,,1,206,,304589,22,,,1
4800,'20261001',534,,304590,22,,,1,92,,304591,22,,,1,98,,304592,22,,,1,97,,304593,22,,,1,104,,304594,22,,,1,105,,304595,22,,,1,100,,304596,22,,,1,100,,304597,22,,,1,100,,304598,22,,,1,100,,304599,22,,,1,86,,304600,22,,,1,95,,304601,22,,,1,103,,304602,22,,,1,110,,304603,22,,,1,104,,304604,22,,,1,205,,304605,22,,,1,206,,304606,22,,,1
4800,'20261002',534,,304607,22,,,1,92,,304608,22,,,1,98,,304609,22,,,1,97,,304610,22,,,1,104,,304611,22,,,1,105,,304612,22,,,1,100,,304613,22,,,1,100,,304614,22,,,1,100,,304615,22,,,1,100,,304616,22,,,1,86,,304617,22,,,1,95,,304618,22,,,1,103,,304619,22,,,1,110,,304620,22,,,1,104,,304621,22,,,1,205,,304622,22,,,1,206,,304623,22,,,1
4800,'20261005',534,,304624,22,,,1,92,,304625,22,,,1,98,,304626,22,,,1,97,,304627,22,,,1,104,,304628,22,,,1,105,,304629,22,,,1,100,,304630,22,,,1,100,,304631,22,,,1,100,,304632,22,,,1,100,,304633,22,,,1,86,,304634,22,,,1,95,,304635,22,,,1,103,,304636,22,,,1,110,,304637,22,,,1,104,,304638,22,,,1,205,,304639,22,,,1,206,,304640,22,,,1
4800,'20261006',534,,304641,22,,,1,92,,304642,22,,,1,98,,304643,22,,,1,97,,304644,22,,,1,104,,304645,22,,,1,105,,304646,22,,,1,100,,304647,22,,,1,100,,304648,22,,,1,100,,304649,22,,,1,100,,304650,22,,,1,86,,304651,22,,,1,95,,304652,22,,,1,103,,304653,22,,,1,110,,304654,22,,,1,104,,304655,22,,,1,205,,304656,22,,,1,206,,304657,22,,,1
4800,'20261007',534,,304658,22,,,1,92,,304659,22,,,1,98,,304660,22,,,1,97,,304661,22,,,1,104,,304662,22,,,1,105,,304663,22,,,1,100,,304664,22,,,1,100,,304665,22,,,1,100,,304666,22,,,1,100,,304667,22,,,1,86,,304668,22,,,1,95,,304669,22,,,1,103,,304670,22,,,1,110,,304671,22,,,1,104,,304672,22,,,1,205,,304673,22,,,1,206,,304674,22,,,1
4800,'20261008',534,,304675,22,,,1,92,,304676,22,,,1,98,,304677,22,,,1,97,,304678,22,,,1,104,,304679,22,,,1,105,,304680,22,,,1,100,,304681,22,,,1,100,,304682,22,,,1,100,,304683,22,,,1,100,,304684,22,,,1,86,,304685,22,,,1,95,,304686,22,,,1,103,,304687,22,,,1,110,,304688,22,,,1,104,,304689,22,,,1,205,,304690,22,,,1,206,,304691,22,,,1
4800,'20261009',534,,304692,22,,,1,92,,304693,22,,,1,98,,304694,22,,,1,97,,304695,22,,,1,104,,304696,22,,,1,105,,304697,22,,,1,100,,304698,22,,,1,100,,304699,22,,,1,100,,304700,22,,,1,100,,304701,22,,,1,86,,304702,22,,,1,95,,304703,22,,,1,103,,304704,22,,,1,110,,304705,22,,,1,104,,304706,22,,,1,205,,304707,22,,,1,206,,304708,22,,,1
4800,'20261013',534,,304709,22,,,1,92,,304710,22,,,1,98,,304711,22,,,1,97,,304712,22,,,1,104,,304713,22,,,1,105,,304714,22,,,1,100,,304715,22,,,1,100,,304716,22,,,1,100,,304717,22,,,1,100,,304718,22,,,1,86,,304719,22,,,1,95,,304720,22,,,1,103,,304721,22,,,1,110,,304722,22,,,1,104,,304723,22,,,1,205,,304724,22,,,1,206,,304725,22,,,1
4800,'20261014',534,,304726,22,,,1,92,,304727,22,,,1,98,,304728,22,,,1,97,,304729,22,,,1,104,,304730,22,,,1,105,,304731,22,,,1,100,,304732,22,,,1,100,,304733,22,,,1,100,,304734,22,,,1,100,,304735,22,,,1,86,,304736,22,,,1,95,,304737,22,,,1,103,,304738,22,,,1,110,,304739,22,,,1,104,,304740,22,,,1,205,,304741,22,,,1,206,,304742,22,,,1
4800,'20261015',534,,304743,22,,,1,92,,304744,22,,,1,98,,304745,22,,,1,97,,304746,22,,,1,104,,304747,22,,,1,105,,304748,22,,,1,100,,304749,22,,,1,100,,304750,22,,,1,100,,304751,22,,,1,100,,304752,22,,,1,86,,304753,22,,,1,95,,304754,22,,,1,103,,304755,22,,,1,110,,304756,22,,,1,104,,304757,22,,,1,205,,304758,22,,,1,206,,304759,22,,,1
4800,'20261016',534,,304760,22,,,1,92,,304761,22,,,1,98,,304762,22,,,1,97,,304763,22,,,1,104,,304764,22,,,1,105,,304765,22,,,1,100,,304766,22,,,1,100,,304767,22,,,1,100,,304768,22,,,1,100,,304769,22,,,1,86,,304770,22,,,1,95,,304771,22,,,1,103,,304772,22,,,1,110,,304773,22,,,1,104,,304774,22,,,1,205,,304775,22,,,1,206,,304776,22,,,1
4800,'20261019',534,,304777,22,,,1,92,,304778,22,,,1,98,,304779,22,,,1,97,,304780,22,,,1,104,,304781,22,,,1,105,,304782,22,,,1,100,,304783,22,,,1,100,,304784,22,,,1,100,,304785,22,,,1,100,,304786,22,,,1,86,,304787,22,,,1,95,,304788,22,,,1,103,,304789,22,,,1,110,,304790,22,,,1,104,,304791,22,,,1,205,,304792,22,,,1,206,,304793,22,,,1
4800,'20261020',534,,304794,22,,,1,92,,304795,22,,,1,98,,304796,22,,,1,97,,304797,22,,,1,104,,304798,22,,,1,105,,304799,22,,,1,100,,304800,22,,,1,100,,304801,22,,,1,100,,304802,22,,,1,100,,304803,22,,,1,86,,304804,22,,,1,95,,304805,22,,,1,103,,304806,22,,,1,110,,304807,22,,,1,104,,304808,22,,,1,205,,304809,22,,,1,206,,304810,22,,,1
4800,'20261021',534,,304811,22,,,1,92,,304812,22,,,1,98,,304813,22,,,1,97,,304814,22,,,1,104,,304815,22,,,1,105,,304816,22,,,1,100,,304817,22,,,1,100,,304818,22,,,1,100,,304819,22,,,1,100,,304820,22,,,1,86,,304821,22,,,1,95,,304822,22,,,1,103,,304823,22,,,1,110,,304824,22,,,1,104,,304825,22,,,1,205,,304826,22,,,1,206,,304827,22,,,1
4800,'20261022',534,,304828,22,,,1,92,,304829,22,,,1,98,,304830,22,,,1,97,,304831,22,,,1,104,,304832,22,,,1,105,,304833,22,,,1,100,,304834,22,,,1,100,,304835,22,,,1,100,,304836,22,,,1,100,,304837,22,,,1,86,,304838,22,,,1,95,,304839,22,,,1,103,,304840,22,,,1,110,,304841,22,,,1,104,,304842,22,,,1,205,,304843,22,,,1,206,,304844,22,,,1
4800,'20261023',534,,304845,22,,,1,92,,304846,22,,,1,98,,304847,22,,,1,97,,304848,22,,,1,104,,304849,22,,,1,105,,304850,22,,,1,100,,304851,22,,,1,100,,304852,22,,,1,100,,304853,22,,,1,100,,304854,22,,,1,86,,304855,22,,,1,95,,304856,22,,,1,103,,304857,22,,,1,110,,304858,22,,,1,104,,304859,22,,,1,205,,304860,22,,,1,206,,304861,22,,,1
4800,'20261026',534,,304862,22,,,1,92,,304863,22,,,1,98,,304864,22,,,1,97,,304865,22,,,1,104,,304866,22,,,1,105,,304867,22,,,1,100,,304868,22,,,1,100,,304869,22,,,1,100,,304870,22,,,1,100,,304871,22,,,1,86,,304872,22,,,1,95,,304873,22,,,1,103,,304874,22,,,1,110,,304875,22,,,1,104,,304876,22,,,1,205,,304877,22,,,1,206,,304878,22,,,1
4800,'20261027',534,,304879,22,,,1,92,,304880,22,,,1,98,,304881,22,,,1,97,,304882,22,,,1,104,,304883,22,,,1,105,,304884,22,,,1,100,,304885,22,,,1,100,,304886,22,,,1,100,,304887,22,,,1,100,,304888,22,,,1,86,,304889,22,,,1,95,,304890,22,,,1,103,,304891,22,,,1,110,,304892,22,,,1,104,,304893,22,,,1,205,,304894,22,,,1,206,,304895,22,,,1
4800,'20261028',534,,304896,22,,,1,92,,304897,22,,,1,98,,304898,22,,,1,97,,304899,22,,,1,104,,304900,22,,,1,105,,304901,22,,,1,100,,304902,22,,,1,100,,304903,22,,,1,100,,304904,22,,,1,100,,304905,22,,,1,86,,304906,22,,,1,95,,304907,22,,,1,103,,304908,22,,,1,110,,304909,22,,,1,104,,304910,22,,,1,205,,304911,22,,,1,206,,304912,22,,,1
4800,'20261029',534,,304913,22,,,1,92,,304914,22,,,1,98,,304915,22,,,1,97,,304916,22,,,1,104,,304917,22,,,1,105,,304918,22,,,1,100,,304919,22,,,1,100,,304920,22,,,1,100,,304921,22,,,1,100,,304922,22,,,1,86,,304923,22,,,1,95,,304924,22,,,1,103,,304925,22,,,1,110,,304926,22,,,1,104,,304927,22,,,1,205,,304928,22,,,1,206,,304929,22,,,1
4800,'20261030',534,,304930,22,,,1,92,,304931,22,,,1,98,,304932,22,,,1,97,,304933,22,,,1,104,,304934,22,,,1,105,,304935,22,,,1,100,,304936,22,,,1,100,,304937,22,,,1,100,,304938,22,,,1,100,,304939,22,,,1,86,,304940,22,,,1,95,,304941,22,,,1,103,,304942,22,,,1,110,,304943,22,,,1,104,,304944,22,,,1,205,,304945,22,,,1,206,,304946,22,,,1
4800,'20261102',534,,304947,22,,,1,92,,304948,22,,,1,98,,304949,22,,,1,97,,304950,22,,,1,104,,304951,22,,,1,105,,304952,22,,,1,100,,304953,22,,,1,100,,304954,22,,,1,100,,304955,22,,,1,100,,304956,22,,,1,86,,304957,22,,,1,95,,304958,22,,,1,103,,304959,22,,,1,110,,304960,22,,,1,104,,304961,22,,,1,205,,304962,22,,,1,206,,304963,22,,,1
4800,'20261103',534,,304964,22,,,1,92,,304965,22,,,1,98,,304966,22,,,1,97,,304967,22,,,1,104,,304968,22,,,1,105,,304969,22,,,1,100,,304970,22,,,1,100,,304971,22,,,1,100,,304972,22,,,1,100,,304973,22,,,1,86,,304974,22,,,1,95,,304975,22,,,1,103,,304976,22,,,1,110,,304977,22,,,1,104,,304978,22,,,1,205,,304979,22,,,1,206,,304980,22,,,1
4800,'20261104',534,,304981,22,,,1,92,,304982,22,,,1,98,,304983,22,,,1,97,,304984,22,,,1,104,,304985,22,,,1,105,,304986,22,,,1,100,,304987,22,,,1,100,,304988,22,,,1,100,,304989,22,,,1,100,,304990,22,,,1,86,,304991,22,,,1,95,,304992,22,,,1,103,,304993,22,,,1,110,,304994,22,,,1,104,,304995,22,,,1,205,,304996,22,,,1,206,,304997,22,,,1
4800,'20261105',534,,304998,22,,,1,92,,304999,22,,,1,98,,305000,22,,,1,97,,305001,22,,,1,104,,305002,22,,,1,105,,305003,22,,,1,100,,305004,22,,,1,100,,305005,22,,,1,100,,305006,22,,,1,100,,305007,22,,,1,86,,305008,22,,,1,95,,305009,22,,,1,103,,305010,22,,,1,110,,305011,22,,,1,104,,305012,22,,,1,205,,305013,22,,,1,206,,305014,22,,,1
4800,'20261106',534,,305015,22,,,1,92,,305016,22,,,1,98,,305017,22,,,1,97,,305018,22,,,1,104,,305019,22,,,1,105,,305020,22,,,1,100,,305021,22,,,1,100,,305022,22,,,1,100,,305023,22,,,1,100,,305024,22,,,1,86,,305025,22,,,1,95,,305026,22,,,1,103,,305027,22,,,1,110,,305028,22,,,1,104,,305029,22,,,1,205,,305030,22,,,1,206,,305031,22,,,1
4800,'20261109',534,,305032,22,,,1,92,,305033,22,,,1,98,,305034,22,,,1,97,,305035,22,,,1,104,,305036,22,,,1,105,,305037,22,,,1,100,,305038,22,,,1,100,,305039,22,,,1,100,,305040,22,,,1,100,,305041,22,,,1,86,,305042,22,,,1,95,,305043,22,,,1,103,,305044,22,,,1,110,,305045,22,,,1,104,,305046,22,,,1,205,,305047,22,,,1,206,,305048,22,,,1
4800,'20261110',534,,305049,22,,,1,92,,305050,22,,,1,98,,305051,22,,,1,97,,305052,22,,,1,104,,305053,22,,,1,105,,305054,22,,,1,100,,305055,22,,,1,100,,305056,22,,,1,100,,305057,22,,,1,100,,305058,22,,,1,86,,305059,22,,,1,95,,305060,22,,,1,103,,305061,22,,,1,110,,305062,22,,,1,104,,305063,22,,,1,205,,305064,22,,,1,206,,305065,22,,,1
4800,'20261111',534,,305066,22,,,1,92,,305067,22,,,1,98,,305068,22,,,1,97,,305069,22,,,1,104,,305070,22,,,1,105,,305071,22,,,1,100,,305072,22,,,1,100,,305073,22,,,1,100,,305074,22,,,1,100,,305075,22,,,1,86,,305076,22,,,1,95,,305077,22,,,1,103,,305078,22,,,1,110,,305079,22,,,1,104,,305080,22,,,1,205,,305081,22,,,1,206,,305082,22,,,1
4800,'20261112',534,,305083,22,,,1,92,,305084,22,,,1,98,,305085,22,,,1,97,,305086,22,,,1,104,,305087,22,,,1,105,,305088,22,,,1,100,,305089,22,,,1,100,,305090,22,,,1,100,,305091,22,,,1,100,,305092,22,,,1,86,,305093,22,,,1,95,,305094,22,,,1,103,,305095,22,,,1,110,,305096,22,,,1,104,,305097,22,,,1,205,,305098,22,,,1,206,,305099,22,,,1
4800,'20261113',534,,305100,22,,,1,92,,305101,22,,,1,98,,305102,22,,,1,97,,305103,22,,,1,104,,305104,22,,,1,105,,305105,22,,,1,100,,305106,22,,,1,100,,305107,22,,,1,100,,305108,22,,,1,100,,305109,22,,,1,86,,305110,22,,,1,95,,305111,22,,,1,103,,305112,22,,,1,110,,305113,22,,,1,104,,305114,22,,,1,205,,305115,22,,,1,206,,305116,22,,,1
4800,'20261116',534,,305117,22,,,1,92,,305118,22,,,1,98,,305119,22,,,1,97,,305120,22,,,1,104,,305121,22,,,1,105,,305122,22,,,1,100,,305123,22,,,1,100,,305124,22,,,1,100,,305125,22,,,1,100,,305126,22,,,1,86,,305127,22,,,1,95,,305128,22,,,1,103,,305129,22,,,1,110,,305130,22,,,1,104,,305131,22,,,1,205,,305132,22,,,1,206,,305133,22,,,1
4800,'20261117',534,,305134,22,,,1,92,,305135,22,,,1,98,,305136,22,,,1,97,,305137,22,,,1,104,,305138,22,,,1,105,,305139,22,,,1,100,,305140,22,,,1,100,,305141,22,,,1,100,,305142,22,,,1,100,,305143,22,,,1,86,,305144,22,,,1,95,,305145,22,,,1,103,,305146,22,,,1,110,,305147,22,,,1,104,,305148,22,,,1,205,,305149,22,,,1,206,,305150,22,,,1
4800,'20261118',534,,305151,22,,,1,92,,305152,22,,,1,98,,305153,22,,,1,97,,305154,22,,,1,104,,305155,22,,,1,105,,305156,22,,,1,100,,305157,22,,,1,100,,305158,22,,,1,100,,305159,22,,,1,100,,305160,22,,,1,86,,305161,22,,,1,95,,305162,22,,,1,103,,305163,22,,,1,110,,305164,22,,,1,104,,305165,22,,,1,205,,305166,22,,,1,206,,305167,22,,,1
4800,'20261119',534,,305168,22,,,1,92,,305169,22,,,1,98,,305170,22,,,1,97,,305171,22,,,1,104,,305172,22,,,1,105,,305173,22,,,1,100,,305174,22,,,1,100,,305175,22,,,1,100,,305176,22,,,1,100,,305177,22,,,1,86,,305178,22,,,1,95,,305179,22,,,1,103,,305180,22,,,1,110,,305181,22,,,1,104,,305182,22,,,1,205,,305183,22,,,1,206,,305184,22,,,1
4800,'20261120',534,,305185,22,,,1,92,,305186,22,,,1,98,,305187,22,,,1,97,,305188,22,,,1,104,,305189,22,,,1,105,,305190,22,,,1,100,,305191,22,,,1,100,,305192,22,,,1,100,,305193,22,,,1,100,,305194,22,,,1,86,,305195,22,,,1,95,,305196,22,,,1,103,,305197,22,,,1,110,,305198,22,,,1,104,,305199,22,,,1,205,,305200,22,,,1,206,,305201,22,,,1
4800,'20261123',534,,305202,22,,,1,92,,305203,22,,,1,98,,305204,22,,,1,97,,305205,22,,,1,104,,305206,22,,,1,105,,305207,22,,,1,100,,305208,22,,,1,100,,305209,22,,,1,100,,305210,22,,,1,100,,305211,22,,,1,86,,305212,22,,,1,95,,305213,22,,,1,103,,305214,22,,,1,110,,305215,22,,,1,104,,305216,22,,,1,205,,305217,22,,,1,206,,305218,22,,,1
4800,'20261124',534,,305219,22,,,1,92,,305220,22,,,1,98,,305221,22,,,1,97,,305222,22,,,1,104,,305223,22,,,1,105,,305224,22,,,1,100,,305225,22,,,1,100,,305226,22,,,1,100,,305227,22,,,1,100,,305228,22,,,1,86,,305229,22,,,1,95,,305230,22,,,1,103,,305231,22,,,1,110,,305232,22,,,1,104,,305233,22,,,1,205,,305234,22,,,1,206,,305235,22,,,1
4800,'20261125',534,,305236,22,,,1,92,,305237,22,,,1,98,,305238,22,,,1,97,,305239,22,,,1,104,,305240,22,,,1,105,,305241,22,,,1,100,,305242,22,,,1,100,,305243,22,,,1,100,,305244,22,,,1,100,,305245,22,,,1,86,,305246,22,,,1,95,,305247,22,,,1,103,,305248,22,,,1,110,,305249,22,,,1,104,,305250,22,,,1,205,,305251,22,,,1,206,,305252,22,,,1
4800,'20261126',534,,305253,22,,,1,92,,305254,22,,,1,98,,305255,22,,,1,97,,305256,22,,,1,104,,305257,22,,,1,105,,305258,22,,,1,100,,305259,22,,,1,100,,305260,22,,,1,100,,305261,22,,,1,100,,305262,22,,,1,86,,305263,22,,,1,95,,305264,22,,,1,103,,305265,22,,,1,110,,305266,22,,,1,104,,305267,22,,,1,205,,305268,22,,,1,206,,305269,22,,,1
4800,'20261127',534,,305270,22,,,1,92,,305271,22,,,1,98,,305272,22,,,1,97,,305273,22,,,1,104,,305274,22,,,1,105,,305275,22,,,1,100,,305276,22,,,1,100,,305277,22,,,1,100,,305278,22,,,1,100,,305279,22,,,1,86,,305280,22,,,1,95,,305281,22,,,1,103,,305282,22,,,1,110,,305283,22,,,1,104,,305284,22,,,1,205,,305285,22,,,1,206,,305286,22,,,1
